code,fgn,inv,dlrSelf,dlrHedge,mgn,mgnPrev,shrt,shrtPrev
0050,-3866.746,0,386.192,2468.696,,,,
0051,0,0,0,44.932,,,,
0052,22.304,0,0,-110.163,,,,
0053,-1,0,0,1.588,,,,
0055,-26,0,0,-19.677,,,,
0056,-5840.615,0,-402.67,29.871,,,,
0057,0,0,0,-2.942,,,,
0061,-2,0,0,-16.322,,,,
006201,10,-25,0,79.353,62,63,0,0
006203,-1,0,0,19,,,,
006204,0,0,0,0.508,,,,
006205,0,0,20,-4.98,,,,
006206,26,0,0,-94,,,,
006207,1,0,0,-36.183,,,,
006208,1067.786,0,0,4100.628,,,,
00631L,-696,0,14,1730.556,,,,
00632R,-15,0,3420,-25446.866,,,,
00633L,-22,0,-313,-1301.503,,,,
00634R,0,0,0,126.738,,,,
00635U,-27.1,0,1,-1997.337,,,,
00636,-33,0,110,-317.005,,,,
00636K,0,0,0,0,,,,
00637L,-2481,0,-498,-6532.121,,,,
00638R,0,0,-1076,1280,,,,
00639,113,0,10,-100.627,,,,
00640L,7,0,0,49.853,,,,
00641R,0,0,0,243.457,,,,
00642U,-710.913,0,0,-22074.017,,,,
00643,-92,0,0,-344.257,,,,
00645,1.06,0,5,-22.61,,,,
00646,-677.333,150,0,-3897.99,,,,
00647L,1,0,0,62.991,,,,
00648R,0,0,250,354.44,,,,
00650L,-1653,0,0,-1218.517,,,,
00651R,0,0,0,133,,,,
00652,-5,0,20,-88.743,,,,
00653L,-3,0,0,-64.84,,,,
00654R,0,0,0,95,,,,
00655L,-10,0,-480,-74.117,,,,
00656R,0,0,0,59.989,,,,
00657,0,0,0,-10.702,,,,
00657K,0,0,0,0,,,,
00660,-1,0,0,13,,,,
00661,1.04,0,1,72.863,,,,
00662,1476.002,0,0,3304.899,,,,
00663L,-47,0,-12,808.714,,,,
00664R,0,0,-20,576.944,,,,
00665L,-4770,0,0,-6609.168,,,,
00666R,5,0,0,203.97,,,,
00668,-1,0,0,100.398,,,,
00668K,0,0,0,0,,,,
00669R,0,0,0,-1077.939,,,,
00670L,-1,0,13,-50.491,,,,
00671R,0,0,0,1472.141,,,,
00673R,0,0,0,30080.398,,,,
00674R,-24,0,0,374.334,,,,
00675L,6,0,-457,1431.436,,,,
00676R,0,0,-20,-7.44,,,,
00678,-74,0,25,67.728,,,,
00679B,-42,100,280,-5642.197,14764,16530,31,31
00680L,265,0,0,9287.416,,,,
00681R,0,0,0,2,,,,
00682U,0,0,0,-1,,,,
00683L,0,0,0,18.585,,,,
00684R,0,0,0,-3,,,,
00685L,35,0,-1,103.261,,,,
00686R,0,0,0,-1465.018,,,,
00687B,15209,100,-20,-8150.412,25335,25314,3,3
00687C,0,0,0,0,,,,
00688L,0,0,-556,5142.931,,,,
00689R,0,0,0,-0.1,,,,
00690,-5,0,0,137.187,,,,
00692,71,0,650,1075.374,,,,
00693U,0,0,0,-1390.656,,,,
00694B,96,0,0,-91.701,0,0,0,0
00695B,0,0,0,-4.1,77,77,0,0
00696B,2895,0,0,-2992.97,363,403,0,0
00697B,-3,0,0,-402.111,286,291,0,0
00700,-358,0,30,-571.479,,,,
00701,12,0,5,-240.835,,,,
00702,0,0,0,1.269,,,,
00703,-3,0,0,-249.272,,,,
00706L,0,0,0,6241.615,,,,
00708L,-18,0,0,-308.482,,,,
00709,-2.3,0,0,22.107,,,,
00710B,6,0,0,-23.945,,,,
00711B,29,0,0,-20.725,,,,
00712,-87,0,100,-12245.078,,,,
00713,1047.985,0,0,1816.358,,,,
00714,0,0,0,25.109,,,,
00715L,-29712,0,0,-182564.506,,,,
00717,137,0,0,-12,,,,
00719B,86.1,0,0,-635.784,242,242,0,0
00720B,1839.029,0,-8,-562.804,4003,4016,0,0
00722B,80,0,0,12.059,123,133,0,0
00723B,3,0,0,1.574,114,114,0,0
00724B,-767,0,0,-784.325,36,46,0,0
00725B,511,0,-268,-1586.49,1485,1436,0,0
00726B,3,0,0,-59.897,0,0,0,0
00727B,0,0,0,-2.033,1,1,0,0
00728,-17,0,0,156.45,,,,
00730,-23,0,0,-353.088,,,,
00731,0,0,0,36.431,,,,
00733,63,0,0,495.466,,,,
00734B,29,0,0,-29,4,4,0,0
00735,140,0,0,-40,,,,
00736,-1,0,2,4,,,,
00737,177,0,0,-78.614,,,,
00738U,-33,0,0,-2479.955,,,,
00739,1,0,0,-26.386,,,,
00740B,550,0,3,-543.936,125,125,0,0
00741B,1,0,0,-1.364,15,14,0,0
00746B,210,0,0,-214.974,1,1,0,0
00749B,8,0,0,0,0,0,0,0
00750B,0,0,0,0,0,0,0,0
00751B,1479,0,-87,8.049,3998,3998,0,0
00752,-1504,0,0,-2276.449,,,,
00753L,-6790,0,0,-4072.509,,,,
00754B,1,0,0,0,0,0,0,0
00755B,0,0,0,0.13,0,0,0,0
00756B,70,0,0,-15,21,21,0,0
00757,1501.932,-11,216,2482.282,,,,
00758B,0,0,0,-0.01,0,0,0,0
00759B,0,0,0,-0.01,0,0,0,0
00760B,21,0,0,-11.058,3,3,0,0
00761B,13,0,0,-4.993,31,31,0,0
00762,7.116,0,0,-312.193,,,,
00763U,151,0,0,161.21,,,,
00764B,202,0,0,-81.738,204,206,0,0
00768B,42,0,0,46.045,7,7,0,0
00770,-0.55,0,0,-276.375,,,,
00771,0,0,0,-1,,,,
00772B,978,0,0,-722.017,2299,2299,0,0
00773B,341,0,0,-128.52,311,312,0,0
00775B,0,0,0,4.074,,,,
00777B,12,0,0,-12,0,0,0,0
00778B,2,0,0,0,0,0,0,0
00779B,31,0,0,1,0,0,0,0
00780B,3,0,0,2.54,0,0,0,0
00781B,0,0,0,-10.01,39,39,0,0
00782B,-1,0,0,-42.01,18,18,0,0
00783,114,0,0,-66.015,,,,
00785B,-12,0,0,-10.002,0,0,0,0
00786B,67,0,0,42.868,15,15,0,0
00787B,2,0,0,-7.006,0,0,0,0
00788B,0,0,0,9.907,3,3,0,0
00789B,40,0,0,-39.989,100,100,0,0
00791B,0,0,0,0,0,0,0,0
00792B,26,0,0,16,0,0,0,0
00793B,0,0,0,0.093,0,0,0,0
00795B,1040,50,3,-1136.393,4747,4756,0,0
00799B,0,0,0,-15.21,9,17,0,0
00830,-9773.806,50,0,502.035,,,,
00834B,0,0,0,1,0,0,0,0
00836B,107,0,0,-91,0,0,0,0
00840B,0,0,0,0,0,0,0,0
00841B,0,0,0,0,0,0,0,0
00842B,-10,0,0,-36,0,0,0,0
00844B,2,0,0,-0.041,1,1,0,0
00845B,28,0,0,-21.01,0,0,0,0
00846B,0,0,0,23.806,0,0,0,0
00847B,0,0,0,3.99,0,0,0,0
00848B,12,0,0,-12.172,0,0,0,0
00849B,29,0,0,-28.939,0,0,0,0
00850,37,0,0,476.332,,,,
00851,0,0,0,45,,,,
00852L,-2,0,50,-27.996,,,,
00853B,117,0,0,-23.924,2,2,0,0
00856B,0,0,0,-7.929,0,0,0,0
00857B,1168,0,0,-585.329,1511,1511,0,0
00858,22,0,0,92.424,93,97,0,0
00859B,0,0,0,-4.731,3,13,0,0
00860B,0,0,0,-10.03,0,0,0,0
00861,1,0,0,57.425,,,,
00862B,59,0,0,4.014,10,10,0,0
00863B,-6,0,0,2,0,0,0,0
00864B,647,0,-176,112.809,545,435,0,0
00865B,4,0,0,-1004.972,,,,
00867B,0,0,0,-0.156,0,0,0,0
00870B,19,0,0,-22,0,0,0,0
00875,235,0,30,-202.501,,,,
00876,35,0,0,20.094,,,,
00877,-1346,0,0,46.805,6550,6592,683,688
00878,11630.185,0,50,8986.824,,,,
00881,975.6,1726,344,4366.888,,,,
00882,-1027.995,0,0,-2564.013,,,,
00883B,0,0,0,2.085,0,0,0,0
00884B,-1,0,0,2.249,0,0,0,0
00885,-1097,0,0,133.128,,,,
00886,0,0,0,75.175,0,0,0,0
00887,-5227,0,0,-2283.835,36870,36777,1051,1076
00888,-5,0,0,286.315,208,133,5,0
00890B,0,0,0,2,0,0,0,0
00891,537.495,0,0,3325.879,,,,
00892,66,0,0,609.65,,,,
00893,140,0,0,663.382,,,,
00894,26,0,-68,319.648,,,,
00895,14.037,0,2,518.825,,,,
00896,75,0,0,1849.67,,,,
00897,-315,0,0,378,,,,
00898,411,0,0,132.154,,,,
00899,2,0,0,40.143,,,,
00900,-112.999,0,0,-6783.202,,,,
00901,27,0,0,102.852,,,,
00902,307,0,0,92.663,,,,
00903,216,0,0,687.549,,,,
00904,41,0,0,-3453.473,,,,
00905,-14,0,0,698.085,,,,
00907,0.05,0,0,57.341,,,,
00908,-1,0,0,4.987,,,,
00909,-1386.492,0,66,-1316.971,,,,
00910,382.51,0,0,-1025.026,,,,
00911,6.012,0,0,92.478,,,,
00912,79,0,0,610.477,,,,
00913,0,0,0,192.211,,,,
00915,928.2,0,0,3892.638,,,,
00916,-9,0,0,141.625,,,,
00917,-2.85,0,0,1.462,,,,
00918,4726.15,0,0,6033.566,,,,
00919,-4644.104,0,0,-1178.779,,,,
00920,10,0,0,-7.374,,,,
00921,59,0,0,135.804,,,,
00922,-16881.867,0,0,1178.63,,,,
00923,-45,0,0,2635.251,,,,
00924,-183,0,0,-469.705,,,,
00926,2102,0,0,-1513.282,,,,
00927,44.75,0,0,5666.755,,,,
00928,16,0,0,455.246,54,83,6,6
00929,90.637,0,35,8885.296,,,,
00930,194,0,0,663.166,,,,
00931B,738,0,0,278.691,5034,5044,0,0
00932,144,0,0,602.378,,,,
00933B,1214,0,-130,-1100.359,2747,3004,0,0
00934,1151,0,0,982.333,,,,
00935,241,0,0,264.975,,,,
00936,237,0,0,783.066,,,,
00937B,7841,0,-1790,-10917,20324,20470,2,2
00938,3,0,0,410.38,,,,
00939,513,0,0,1407.127,,,,
00940,-1820.918,0,0,17097.847,,,,
00941,3157,0,0,8723.472,,,,
00942B,11,0,0,402.84,200,100,0,0
00943,43,0,0,205.681,,,,
00944,-5,0,0,259.115,,,,
00945B,5080,-7731,0,1389.985,,,,
00946,-194,0,0,-1196.605,,,,
00947,239,0,65,2437.601,,,,
00948B,7880,0,0,-2502.53,1461,1466,0,0
00949,-28,0,0,1984.517,,,,
00950B,3161,0,0,1002.074,1525,1486,0,0
00951,9,0,0,3579.917,,,,
00952,126,0,0,1040.476,,,,
00953B,2544,-8300,4612,-24484,,,,
00954,-12,0,0,23.98,,,,
00955,268.2,0,90,-2249.754,1115,1076,23,23
00956,-7,0,0,31.068,,,,
00957B,-11,0,0,-330.099,210,210,0,0
00958B,35,0,0,946.479,31,51,0,0
00959B,352,0,0,221.822,1481,1481,0,0
00960,-17,0,0,-336.135,,,,
00961,3784,0,0,13925.423,,,,
00962,-4,0,0,404.221,,,,
00963,-146,0,0,-218,,,,
00964,33,0,0,-204.446,,,,
00965,-13.5,1200,172,-3506.544,,,,
00966B,0,0,0,882.601,107,107,0,0
00967B,-11,0,0,1009.676,84,84,0,0
00968B,731,0,0,-812.841,177,177,0,0
00969B,-4,0,0,147.436,633,665,0,0
00970B,1928,0,0,-1251.571,280,503,0,0
00971,27,0,0,314.571,,,,
00972,0,0,0,14.465,,,,
009800,9,0,0,-530.209,,,,
009801,-2,0,0,-41.793,,,,
009802,-58,0,0,4070.559,,,,
009803,10,0,7,487.844,,,,
009804,3.3,0,0,688.253,,,,
009805,-11.6,0,0,-2708.922,,,,
009806,-1,0,0,64.531,1,21,0,0
009807,0,0,0,-3105.937,46,39,0,0
009808,93,0,0,-40.802,,,,
00980A,204.794,0,-124,2292.854,,,,
00980B,-8,0,0,564.937,33,8,0,0
00980D,-20,0,0,-647.66,124,76,0,0
00980T,-1,0,0,-445.57,72,81,0,0
009810,0,0,100,-357,,,,
009811,11.1,0,0,-1824.295,,,,
009812,0.25,0,0,-269.893,,,,
00981A,11829.101,0,-497,40370.034,,,,
00981B,347,0,0,-9452.853,13402,13422,0,0
00981D,43,0,0,-264.365,173,173,0,0
00981T,0,0,0,9777.887,,,,
00982A,3931.45,0,10,34031.336,,,,
00982B,-7,0,0,186.642,228,228,0,0
00983A,1,0,173,-2282.654,,,,
00983B,0,0,0,12,0,0,0,0
00984A,-75.006,0,200,-3299.442,,,,
00984B,309,0,0,-329.946,30,31,0,0
00985A,223,0,0,4637.056,,,,
00985B,1238,0,0,1658.081,,,,
00986A,116,0,0,967.955,,,,
020000,0,0,0,1,,,,
02001L,0,0,0,-24,,,,
020020,0,0,0,1,,,,
020023,0,0,0,8,,,,
020025,0,0,0,-9,,,,
020027,0,0,0,0,,,,
020028,0,0,0,22,,,,
020029,0,0,0,18,,,,
020030,0,0,0,105,,,,
020031,0,0,0,-65,,,,
020032,0,0,0,16,,,,
020033,0,0,0,-1221,,,,
020034,0,0,0,9,,,,
020035,0,0,0,1,,,,
020037,0,0,0,-14,,,,
020039,0,0,0,16,,,,
020040,0,0,0,2,,,,
020041,0,0,0,-10,,,,
030001,0,0,0,-84,,,,
030002,0,0,0,20,,,,
030004,0,0,0,-42,,,,
030005,0,0,0,2,,,,
030007,0,0,0,-23,,,,
030008,0,0,0,-33,,,,
030009,0,0,0,-211,,,,
030010,0,0,0,9,,,,
030011,0,0,0,1,,,,
030015,0,0,0,23,,,,
030016,0,0,0,-98,,,,
030018,0,0,0,0,,,,
03001U,0,0,0,-442,,,,
030025,0,0,0,8,,,,
030026,0,0,0,12,,,,
030027,0,0,0,-7,,,,
030028,0,0,0,-98,,,,
030030,0,0,0,-20,,,,
030031,0,0,0,25,,,,
030032,0,0,0,-162,,,,
030033,0,0,0,-65,,,,
030034,0,0,0,-2,,,,
030035,0,0,0,56,,,,
030036,0,0,0,-25,,,,
030037,0,0,0,-255,,,,
030038,0,0,0,-36,,,,
030039,0,0,0,467,,,,
030040,0,0,0,-40,,,,
030042,0,0,0,-414,,,,
030043,0,0,0,-25,,,,
030045,0,0,0,2,,,,
030046,0,0,0,-1,,,,
030047,0,0,0,-7,,,,
030048,0,0,0,-357,,,,
030049,0,0,0,-41,,,,
03004U,0,0,0,-22,,,,
030051,0,0,0,-52,,,,
030052,0,0,0,-196,,,,
030053,0,0,0,181,,,,
030055,0,0,0,4,,,,
030056,0,0,0,-26,,,,
030057,0,0,0,58,,,,
03005U,0,0,0,-2,,,,
030060,0,0,0,68,,,,
030062,0,0,0,10,,,,
030064,0,0,0,4,,,,
030065,0,0,0,-10,,,,
030066,0,0,0,8,,,,
030068,0,0,0,-321,,,,
030069,0,0,0,49,,,,
030070,0,0,0,-36,,,,
030071,0,0,0,43,,,,
030072,0,0,0,-42,,,,
030073,0,0,0,-50,,,,
030074,0,0,0,-66,,,,
030075,0,0,0,84,,,,
030076,0,0,0,-155,,,,
030077,0,0,0,55,,,,
030078,0,0,0,131,,,,
030080,0,0,0,-290,,,,
030081,0,0,0,-434,,,,
030082,0,0,0,-150,,,,
030083,0,0,0,105,,,,
030084,0,0,0,4,,,,
030085,0,0,0,178,,,,
030086,0,0,0,79,,,,
030087,0,0,0,-177,,,,
030089,0,0,0,-90,,,,
03008U,0,0,0,-4,,,,
030092,0,0,0,3,,,,
030093,0,0,0,-238,,,,
030094,0,0,0,-506,,,,
030095,0,0,0,-1046,,,,
030096,0,0,0,34,,,,
030097,0,0,0,10,,,,
030098,0,0,0,4,,,,
030099,0,0,0,239,,,,
030100,0,0,0,2,,,,
030101,0,0,0,305,,,,
030103,0,0,0,66,,,,
030105,0,0,0,20,,,,
030107,0,0,0,-2,,,,
030110,0,0,0,1,,,,
030111,0,0,0,-7,,,,
030112,0,0,0,-5,,,,
030115,0,0,0,230,,,,
030116,0,0,0,35,,,,
030117,0,0,0,-20,,,,
030119,0,0,0,0,,,,
030120,0,0,0,-60,,,,
030122,0,0,0,-1,,,,
030123,0,0,0,1,,,,
030124,0,0,0,-18,,,,
030125,0,0,0,-2,,,,
030126,0,0,0,-5,,,,
030128,0,0,0,-50,,,,
030129,0,0,0,0,,,,
030130,0,0,0,-10,,,,
030131,0,0,0,-32,,,,
030134,0,0,0,18,,,,
030137,0,0,0,-3,,,,
030138,0,0,0,-22,,,,
030141,0,0,0,-97,,,,
030142,0,0,0,-11,,,,
030145,0,0,0,1139,,,,
030147,0,0,0,40,,,,
030151,0,0,0,-900,,,,
030154,0,0,0,86,,,,
030158,0,0,0,14,,,,
030159,0,0,0,-164,,,,
030160,0,0,0,-27,,,,
030162,0,0,0,-5,,,,
030163,0,0,0,-102,,,,
030165,0,0,0,51,,,,
030168,0,0,0,797,,,,
030169,0,0,0,-56,,,,
03016U,0,0,0,-69,,,,
030170,0,0,0,-5,,,,
030171,0,0,0,30,,,,
030174,0,0,0,7,,,,
030175,0,0,0,-14,,,,
030176,0,0,0,89,,,,
030177,0,0,0,-17,,,,
030178,0,0,0,-38,,,,
030179,0,0,0,-63,,,,
030180,0,0,0,-25,,,,
030183,0,0,0,80,,,,
030184,0,0,0,89,,,,
030185,0,0,0,-13,,,,
030186,0,0,0,1,,,,
030187,0,0,0,-5,,,,
030188,0,0,0,-153,,,,
030190,0,0,0,252,,,,
030191,0,0,0,-5,,,,
030192,0,0,0,-105,,,,
030196,0,0,0,2,,,,
030197,0,0,0,-12,,,,
03019U,0,0,0,81,,,,
030201,0,0,0,-3,,,,
030202,0,0,0,16,,,,
030204,0,0,0,-1473,,,,
030205,0,0,0,-249,,,,
030207,0,0,0,56,,,,
030208,0,0,0,-237,,,,
03020U,0,0,0,-320,,,,
03020X,0,0,0,10,,,,
030211,0,0,0,-718,,,,
030212,0,0,0,-192,,,,
030213,0,0,0,-275,,,,
030214,0,0,0,388,,,,
030215,0,0,0,-44,,,,
030216,0,0,0,15,,,,
030218,0,0,0,-449,,,,
030219,0,0,0,-72,,,,
030220,0,0,0,-61,,,,
030221,0,0,0,39,,,,
030223,0,0,0,-101,,,,
030224,0,0,0,-352,,,,
030225,0,0,0,217,,,,
030226,0,0,0,-1863,,,,
030227,0,0,0,34,,,,
030228,0,0,0,-17,,,,
030235,0,0,0,45,,,,
030236,0,0,0,-28,,,,
030237,0,0,0,-10,,,,
030238,0,0,0,960,,,,
030239,0,0,0,8,,,,
030240,0,0,0,18,,,,
030242,0,0,0,-1,,,,
030243,0,0,0,-44,,,,
030244,0,0,0,-866,,,,
030245,0,0,0,-17,,,,
030246,0,0,0,-30,,,,
030248,0,0,0,2,,,,
030250,0,0,0,13,,,,
030251,0,0,0,-81,,,,
030252,0,0,0,0,,,,
030253,0,0,0,20,,,,
030254,0,0,0,12,,,,
030259,0,0,0,-83,,,,
030260,0,0,0,-10,,,,
030262,0,0,0,57,,,,
030264,0,0,0,-4,,,,
030266,0,0,0,2,,,,
030267,0,0,0,1,,,,
030269,0,0,0,-1,,,,
030271,0,0,0,1,,,,
030272,0,0,0,-19,,,,
030273,0,0,0,-26,,,,
030275,0,0,0,4,,,,
030277,0,0,0,-68,,,,
030278,0,0,0,-10,,,,
030279,0,0,0,5,,,,
030280,0,0,0,41,,,,
030283,0,0,0,17,,,,
030284,0,0,0,-20,,,,
030286,0,0,0,2,,,,
030288,0,0,0,-30,,,,
030289,0,0,0,-1,,,,
030291,0,0,0,-15,,,,
030292,0,0,0,-15,,,,
030293,0,0,0,-121,,,,
030298,0,0,0,40,,,,
03029U,0,0,0,-37,,,,
030300,0,0,0,-3,,,,
030303,0,0,0,-1,,,,
030305,0,0,0,-4,,,,
030306,0,0,0,1,,,,
030309,0,0,0,-22,,,,
030310,0,0,0,70,,,,
030312,0,0,0,-30,,,,
030313,0,0,0,-10,,,,
030314,0,0,0,-3,,,,
030317,0,0,0,20,,,,
030319,0,0,0,-1,,,,
03031U,0,0,0,-204,,,,
030320,0,0,0,16,,,,
030322,0,0,0,-35,,,,
030324,0,0,0,3,,,,
030325,0,0,0,105,,,,
030326,0,0,0,15,,,,
030327,0,0,0,-149,,,,
030328,0,0,0,-1,,,,
030329,0,0,0,-18,,,,
03032U,0,0,0,-729,,,,
030331,0,0,0,37,,,,
030333,0,0,0,-256,,,,
030335,0,0,0,-81,,,,
030336,0,0,0,90,,,,
030337,0,0,0,-26,,,,
030339,0,0,0,-230,,,,
03033U,0,0,0,-1822,,,,
030340,0,0,0,-30,,,,
030342,0,0,0,-3,,,,
030343,0,0,0,29,,,,
030345,0,0,0,-57,,,,
030348,0,0,0,-113,,,,
030349,0,0,0,10,,,,
030350,0,0,0,-41,,,,
030351,0,0,0,3,,,,
030357,0,0,0,9,,,,
030359,0,0,0,1,,,,
03035U,0,0,0,-30,,,,
030360,0,0,0,-116,,,,
030361,0,0,0,10,,,,
030362,0,0,0,-199,,,,
030363,0,0,0,-12,,,,
030366,0,0,0,-226,,,,
030367,0,0,0,-2,,,,
030368,0,0,0,-699,,,,
030369,0,0,0,-360,,,,
030370,0,0,0,-130,,,,
030372,0,0,0,-144,,,,
030374,0,0,0,-1,,,,
030375,0,0,0,-1223,,,,
030376,0,0,0,212,,,,
030377,0,0,0,-557,,,,
030378,0,0,0,-271,,,,
030379,0,0,0,61,,,,
030381,0,0,0,-160,,,,
030382,0,0,0,-3,,,,
030384,0,0,0,296,,,,
030385,0,0,0,67,,,,
030387,0,0,0,-34,,,,
030389,0,0,0,57,,,,
030390,0,0,0,75,,,,
030391,0,0,0,-100,,,,
030395,0,0,0,-9,,,,
030397,0,0,0,-6,,,,
030400,0,0,0,26,,,,
030402,0,0,0,40,,,,
030405,0,0,0,-3,,,,
030408,0,0,0,10,,,,
030409,0,0,0,156,,,,
030410,0,0,0,-15,,,,
030411,0,0,0,-1,,,,
030412,0,0,0,2,,,,
030413,0,0,0,-5,,,,
030414,0,0,0,-50,,,,
030415,0,0,0,1,,,,
030417,0,0,0,2,,,,
030418,0,0,0,99,,,,
030419,0,0,0,-33,,,,
030420,0,0,0,41,,,,
030421,0,0,0,311,,,,
030422,0,0,0,536,,,,
030423,0,0,0,339,,,,
030424,0,0,0,703,,,,
030425,0,0,0,-139,,,,
030426,0,0,0,-30,,,,
030427,0,0,0,-66,,,,
030428,0,0,0,-150,,,,
030429,0,0,0,-151,,,,
030430,0,0,0,-25,,,,
030433,0,0,0,-13,,,,
030434,0,0,0,141,,,,
030439,0,0,0,1238,,,,
030440,0,0,0,-161,,,,
030446,0,0,0,-16,,,,
030447,0,0,0,-161,,,,
030448,0,0,0,-22,,,,
030449,0,0,0,-93,,,,
030455,0,0,0,-1,,,,
030456,0,0,0,164,,,,
030461,0,0,0,-10,,,,
030463,0,0,0,-5,,,,
030464,0,0,0,371,,,,
030466,0,0,0,101,,,,
030467,0,0,0,-130,,,,
030468,0,0,0,-17,,,,
030469,0,0,0,54,,,,
030470,0,0,0,41,,,,
030471,0,0,0,19,,,,
030472,0,0,0,0,,,,
030473,0,0,0,873,,,,
030475,0,0,0,7,,,,
030476,0,0,0,-69,,,,
030478,0,0,0,-114,,,,
030479,0,0,0,-3,,,,
030480,0,0,0,-10,,,,
030481,0,0,0,-10,,,,
030482,0,0,0,359,,,,
030483,0,0,0,235,,,,
030484,0,0,0,-45,,,,
030485,0,0,0,-8,,,,
030486,0,0,0,-12,,,,
030487,0,0,0,1,,,,
030489,0,0,0,-40,,,,
030490,0,0,0,-129,,,,
030496,0,0,0,18,,,,
030497,0,0,0,-1,,,,
030499,0,0,0,-1,,,,
030501,0,0,0,-5,,,,
030502,0,0,0,4,,,,
030508,0,0,0,460,,,,
030509,0,0,0,9,,,,
030512,0,0,0,3,,,,
030513,0,0,0,121,,,,
030515,0,0,0,-21,,,,
030518,0,0,0,-100,,,,
030519,0,0,0,-3,,,,
030520,0,0,0,53,,,,
030522,0,0,0,178,,,,
030524,0,0,0,30,,,,
030525,0,0,0,3,,,,
030526,0,0,0,12,,,,
030527,0,0,0,30,,,,
030528,0,0,0,53,,,,
030529,0,0,0,122,,,,
030530,0,0,0,-340,,,,
030531,0,0,0,-18,,,,
030532,0,0,0,-10,,,,
030533,0,0,0,281,,,,
030537,0,0,0,18,,,,
030538,0,0,0,39,,,,
030539,0,0,0,-17,,,,
030543,0,0,0,47,,,,
030544,0,0,0,-101,,,,
030545,0,0,0,-76,,,,
030548,0,0,0,4,,,,
03054U,0,0,0,-190,,,,
030552,0,0,0,-3,,,,
030555,0,0,0,-40,,,,
030558,0,0,0,361,,,,
030559,0,0,0,180,,,,
030560,0,0,0,-50,,,,
030561,0,0,0,89,,,,
030562,0,0,0,16,,,,
030563,0,0,0,166,,,,
030564,0,0,0,-17,,,,
030565,0,0,0,5,,,,
030566,0,0,0,-1611,,,,
030567,450,0,0,-519,,,,
030569,0,0,0,3,,,,
030570,0,0,0,-111,,,,
030571,0,0,0,-190,,,,
030572,0,0,0,1241,,,,
030573,0,0,0,-186,,,,
030574,0,0,0,223,,,,
030575,0,0,0,66,,,,
030576,0,0,0,-151,,,,
030577,0,0,0,-1440,,,,
030578,0,0,0,48,,,,
030579,0,0,0,771,,,,
030580,0,0,0,-561,,,,
030581,0,0,0,49,,,,
030583,0,0,0,-10,,,,
030584,0,0,0,21,,,,
030586,0,0,0,-950,,,,
030587,0,0,0,-257,,,,
030588,0,0,0,-135,,,,
030589,0,0,0,-23,,,,
030590,0,0,0,9,,,,
030591,0,0,0,-163,,,,
030592,0,0,0,-291,,,,
030593,0,0,0,6,,,,
030594,0,0,0,25,,,,
030595,0,0,0,5,,,,
030596,0,0,0,1,,,,
030597,0,0,0,-95,,,,
030598,0,0,0,-140,,,,
030599,0,0,0,-48,,,,
030601,0,0,0,-468,,,,
030602,0,0,0,-47,,,,
030603,0,0,0,2,,,,
030604,0,0,0,15,,,,
030607,0,0,0,-15,,,,
030608,0,0,0,25,,,,
030609,0,0,0,-142,,,,
030610,0,0,0,-106,,,,
030611,0,0,0,-181,,,,
030612,0,0,0,-356,,,,
030613,0,0,0,107,,,,
030615,0,0,0,-16,,,,
030616,0,0,0,-717,,,,
030617,0,0,0,-340,,,,
030618,0,0,0,-409,,,,
030620,0,0,0,0,,,,
030621,0,0,0,0,,,,
030622,0,0,0,160,,,,
030624,0,0,0,-33,,,,
030625,0,0,0,-144,,,,
030626,0,0,0,0,,,,
030628,0,0,0,9,,,,
030629,0,0,0,-22,,,,
030630,0,0,0,-74,,,,
030631,0,0,0,-101,,,,
030632,0,0,0,39,,,,
030633,0,0,0,-10,,,,
030634,0,0,0,193,,,,
030637,0,0,0,237,,,,
030638,0,0,0,-58,,,,
030639,0,0,0,149,,,,
030641,0,0,0,-6,,,,
030642,0,0,0,-15,,,,
030644,0,0,0,10,,,,
030645,0,0,0,-701,,,,
030646,0,0,0,-55,,,,
030647,0,0,0,1,,,,
030650,0,0,0,-10,,,,
030651,0,0,0,7,,,,
030652,0,0,0,117,,,,
030653,0,0,0,420,,,,
030654,0,0,0,284,,,,
030655,0,0,0,-131,,,,
030656,0,0,0,-367,,,,
030658,0,0,0,-25,,,,
030659,0,0,0,11,,,,
030662,0,0,0,0,,,,
030665,0,0,0,7,,,,
030666,0,0,0,5,,,,
030667,0,0,0,390,,,,
030668,0,0,0,20,,,,
030669,0,0,0,598,,,,
030670,0,0,0,-100,,,,
030671,0,0,0,107,,,,
030672,0,0,0,50,,,,
030674,0,0,0,-5,,,,
030675,0,0,0,-249,,,,
030676,0,0,0,-253,,,,
030678,0,0,0,672,,,,
030679,0,0,0,-30,,,,
03067U,0,0,0,-20,,,,
030680,0,0,0,-714,,,,
030682,0,0,0,7,,,,
030684,0,0,0,110,,,,
030685,0,0,0,-5,,,,
030687,0,0,0,-239,,,,
030688,0,0,0,-33,,,,
030690,0,0,0,50,,,,
030691,0,0,0,-15,,,,
030693,0,0,0,-15,,,,
030694,0,0,0,-20,,,,
030698,0,0,0,18,,,,
030699,0,0,0,-147,,,,
030704,0,0,0,17,,,,
030708,0,0,0,-58,,,,
030711,0,0,0,-292,,,,
030713,0,0,0,5,,,,
03071U,0,0,0,-54,,,,
030720,0,0,0,-37,,,,
030721,0,0,0,17,,,,
030723,0,0,0,0,,,,
030724,0,0,0,11,,,,
030725,0,0,0,-155,,,,
030726,0,0,0,1,,,,
030727,0,0,0,-28,,,,
030728,0,0,0,-106,,,,
030730,0,0,0,-81,,,,
030733,0,0,0,-110,,,,
030736,0,0,0,-58,,,,
030737,0,0,0,-9,,,,
030740,0,0,0,-1,,,,
030742,0,0,0,0,,,,
030743,0,0,0,40,,,,
030744,0,0,0,-46,,,,
030745,0,0,0,1,,,,
030746,0,0,0,-17,,,,
030747,0,0,0,27,,,,
030748,0,0,0,20,,,,
030749,0,0,0,1,,,,
030750,0,0,0,149,,,,
030751,0,0,0,-8,,,,
030753,0,0,0,24,,,,
030754,0,0,0,-182,,,,
030755,0,0,0,1996,,,,
030756,0,0,0,615,,,,
030757,0,0,0,-9,,,,
030758,0,0,0,-202,,,,
030759,0,0,0,133,,,,
030760,0,0,0,-109,,,,
030761,0,0,0,124,,,,
030762,0,0,0,-2,,,,
030764,0,0,0,29,,,,
030765,0,0,0,-1716,,,,
030766,0,0,0,-275,,,,
030768,0,0,0,29,,,,
030769,0,0,0,142,,,,
030772,0,0,0,-28,,,,
030773,0,0,0,-53,,,,
030774,0,0,0,-58,,,,
030775,0,0,0,100,,,,
030776,0,0,0,-83,,,,
030777,0,0,0,149,,,,
030778,0,0,0,6,,,,
030779,0,0,0,3,,,,
030783,0,0,0,87,,,,
030785,0,0,0,-10,,,,
030786,0,0,0,1,,,,
030788,0,0,0,-303,,,,
030792,0,0,0,37,,,,
030793,0,0,0,-22,,,,
030795,0,0,0,54,,,,
030796,0,0,0,-5,,,,
030797,0,0,0,-489,,,,
030798,0,0,0,50,,,,
030799,0,0,0,-17,,,,
030800,0,0,0,-159,,,,
030801,0,0,0,-29,,,,
030802,0,0,0,17,,,,
030803,0,0,0,-455,,,,
030804,0,0,0,-30,,,,
030805,0,0,0,-59,,,,
030807,0,0,0,-34,,,,
030808,0,0,0,-50,,,,
030811,0,0,0,1,,,,
030812,0,0,0,65,,,,
030813,0,0,0,20,,,,
030814,0,0,0,-2,,,,
030815,0,0,0,5,,,,
030816,0,0,0,50,,,,
030817,0,0,0,0,,,,
030818,0,0,0,20,,,,
030822,0,0,0,115,,,,
030823,0,0,0,-4,,,,
030824,0,0,0,-142,,,,
030825,0,0,0,-7,,,,
030827,0,0,0,-17,,,,
030828,0,0,0,2,,,,
030829,0,0,0,-58,,,,
03082U,0,0,0,-8,,,,
030830,0,0,0,38,,,,
030831,0,0,0,10,,,,
030832,0,0,0,-505,,,,
030833,0,0,0,-205,,,,
030835,0,0,0,37,,,,
030839,0,0,0,1,,,,
030840,0,0,0,-5,,,,
030841,0,0,0,-438,,,,
030842,0,0,0,-3,,,,
030843,0,0,0,-40,,,,
030844,0,0,0,-569,,,,
030845,0,0,0,-70,,,,
030846,0,0,0,174,,,,
030848,0,0,0,-50,,,,
030849,0,0,0,-17,,,,
030851,0,0,0,16,,,,
030852,0,0,0,70,,,,
030853,0,0,0,-959,,,,
030854,0,0,0,-435,,,,
030855,0,0,0,-344,,,,
030856,0,0,0,107,,,,
030857,0,0,0,-422,,,,
030858,0,0,0,-2933,,,,
030859,0,0,0,2,,,,
03085U,0,0,0,5,,,,
030860,0,0,0,-1,,,,
030861,0,0,0,0,,,,
030863,0,0,0,-60,,,,
030864,0,0,0,102,,,,
030865,0,0,0,102,,,,
030867,0,0,0,1,,,,
030870,0,0,0,-15,,,,
030871,0,0,0,-34,,,,
030872,0,0,0,-21,,,,
030874,0,0,0,304,,,,
030875,0,0,0,0,,,,
030876,0,0,0,0,,,,
030877,0,0,0,12,,,,
030878,0,0,0,30,,,,
030879,0,0,0,30,,,,
030881,0,0,0,29,,,,
030882,0,0,0,6,,,,
030883,0,0,0,-469,,,,
030887,0,0,0,1,,,,
030888,0,0,0,-114,,,,
030889,0,0,0,-10,,,,
03088U,0,0,0,-1,,,,
030890,0,0,0,-100,,,,
030891,0,0,0,-105,,,,
030892,0,0,0,5,,,,
030894,0,0,0,-5,,,,
030896,0,0,0,9,,,,
030897,0,0,0,0,,,,
030898,0,0,0,248,,,,
030900,0,0,0,0,,,,
030903,0,0,0,52,,,,
030904,0,0,0,-35,,,,
030905,0,0,0,-7,,,,
030906,0,0,0,-5,,,,
030908,0,0,0,-80,,,,
030910,0,0,0,-2,,,,
030912,0,0,0,28,,,,
030913,0,0,0,10,,,,
030914,0,0,0,10,,,,
030915,0,0,0,2,,,,
030917,0,0,0,-1,,,,
030919,0,0,0,495,,,,
030922,0,0,0,0,,,,
030924,0,0,0,-20,,,,
030925,0,0,0,10,,,,
030927,0,0,0,-22,,,,
030928,0,0,0,-10,,,,
030929,0,0,0,122,,,,
030930,0,0,0,190,,,,
030931,0,0,0,-197,,,,
030935,0,0,0,-37,,,,
030937,0,0,0,5,,,,
030938,0,0,0,26,,,,
030939,0,0,0,-3,,,,
030941,0,0,0,-3,,,,
030942,0,0,0,498,,,,
030943,0,0,0,-515,,,,
030945,0,0,0,28,,,,
030946,0,0,0,-147,,,,
030949,0,0,0,-20,,,,
030951,0,0,0,11,,,,
030952,0,0,0,12,,,,
030954,0,0,0,397,,,,
030955,0,0,0,280,,,,
030956,0,0,0,96,,,,
030957,0,0,0,-215,,,,
030958,0,0,0,-27,,,,
030959,0,0,0,5,,,,
030961,0,0,0,10,,,,
030962,0,0,0,4,,,,
030963,0,0,0,-347,,,,
030964,0,0,0,0,,,,
030966,0,0,0,-15,,,,
030967,0,0,0,19,,,,
030968,0,0,0,-7,,,,
030969,0,0,0,-21,,,,
030971,0,0,0,3,,,,
030973,0,0,0,-213,,,,
030974,0,0,0,-20,,,,
030975,0,0,0,-10,,,,
030976,0,0,0,-62,,,,
030977,0,0,0,-33,,,,
030978,0,0,0,-6,,,,
030979,0,0,0,5,,,,
030980,0,0,0,-10,,,,
030981,0,0,0,3,,,,
030984,0,0,0,-265,,,,
030988,0,0,0,-177,,,,
030989,0,0,0,79,,,,
030990,0,0,0,-24,,,,
030991,0,0,0,3,,,,
030994,0,0,0,-45,,,,
030995,0,0,0,-101,,,,
030998,0,0,0,30,,,,
030999,0,0,0,-115,,,,
031000,0,0,0,-8,,,,
031001,0,0,0,-3,,,,
031002,0,0,0,-10,,,,
031003,0,0,0,-1898,,,,
031006,0,0,0,-30,,,,
031007,0,0,0,-14,,,,
031008,0,0,0,150,,,,
031009,0,0,0,35,,,,
031010,0,0,0,99,,,,
031011,0,0,0,159,,,,
031012,0,0,0,-13,,,,
031013,0,0,0,-1,,,,
031014,0,0,0,-30,,,,
031016,0,0,0,168,,,,
031017,0,0,0,3,,,,
031018,0,0,0,89,,,,
031019,0,0,0,-4,,,,
031020,0,0,0,5,,,,
031021,0,0,0,-413,,,,
031024,0,0,0,-128,,,,
031026,0,0,0,108,,,,
031027,0,0,0,4,,,,
031030,0,0,0,107,,,,
031031,0,0,0,-5,,,,
031032,0,0,0,-140,,,,
031033,0,0,0,-204,,,,
031035,0,0,0,-2,,,,
031036,0,0,0,-186,,,,
031037,0,0,0,30,,,,
031044,0,0,0,-100,,,,
031045,0,0,0,-44,,,,
031046,0,0,0,-10,,,,
031047,0,0,0,-18,,,,
031049,0,0,0,66,,,,
031050,0,0,0,-3,,,,
031051,0,0,0,1,,,,
031052,0,0,0,388,,,,
031054,0,0,0,-216,,,,
031056,0,0,0,-5,,,,
031057,10,0,0,25,,,,
031058,0,0,0,-10,,,,
031059,0,0,0,-40,,,,
031060,0,0,0,344,,,,
031062,0,0,0,-10,,,,
031063,0,0,0,-1,,,,
031064,0,0,0,-371,,,,
031065,0,0,0,134,,,,
031066,0,0,0,-95,,,,
031067,0,0,0,-29,,,,
031069,0,0,0,176,,,,
031070,0,0,0,99,,,,
031071,0,0,0,-30,,,,
031072,0,0,0,470,,,,
031074,0,0,0,20,,,,
031076,0,0,0,106,,,,
031077,0,0,0,11,,,,
03107U,0,0,0,-654,,,,
031080,0,0,0,-5,,,,
031082,0,0,0,-10,,,,
031083,0,0,0,-115,,,,
031088,0,0,0,-19,,,,
031090,0,0,0,-573,,,,
031091,0,0,0,80,,,,
031092,0,0,0,-386,,,,
031098,0,0,0,49,,,,
031100,0,0,0,-10,,,,
031103,0,0,0,0,,,,
031106,-5,0,0,5,,,,
031114,0,0,0,-360,,,,
031115,0,0,0,-50,,,,
031116,0,0,0,169,,,,
031117,0,0,0,26,,,,
031119,0,0,0,100,,,,
03111U,0,0,0,7,,,,
031122,0,0,0,90,,,,
031123,0,0,0,-293,,,,
031125,0,0,0,-1,,,,
031127,0,0,0,-3,,,,
031128,0,0,0,3,,,,
031130,0,0,0,-1,,,,
031131,0,0,0,-3,,,,
031132,0,0,0,113,,,,
031133,0,0,0,65,,,,
031135,0,0,0,68,,,,
031137,0,0,0,-10,,,,
031138,0,0,0,-10,,,,
031140,0,0,0,-302,,,,
031143,0,0,0,870,,,,
031144,0,0,0,-3,,,,
031145,0,0,0,78,,,,
031146,0,0,0,-228,,,,
031147,0,0,0,1,,,,
031148,0,0,0,778,,,,
031149,0,0,0,-493,,,,
031152,0,0,0,22,,,,
031153,0,0,0,63,,,,
031156,0,0,0,0,,,,
031157,0,0,0,20,,,,
031158,0,0,0,-10,,,,
03115U,0,0,0,0,,,,
031161,0,0,0,8,,,,
031162,0,0,0,-25,,,,
031163,0,0,0,6,,,,
031164,0,0,0,-4,,,,
031165,0,0,0,-59,,,,
031166,0,0,0,20,,,,
031167,0,0,0,15,,,,
031168,0,0,0,-20,,,,
031169,0,0,0,-6,,,,
031170,0,0,0,-100,,,,
031171,0,0,0,-29,,,,
031173,0,0,0,-25,,,,
031174,0,0,0,1194,,,,
031175,0,0,0,-36,,,,
031176,0,0,0,-15,,,,
031178,0,0,0,15,,,,
031179,0,0,0,-4,,,,
03117U,0,0,0,35,,,,
031181,0,0,0,-141,,,,
031182,0,0,0,-11,,,,
031183,0,0,0,-180,,,,
031187,0,0,0,0,,,,
031188,0,0,0,-15,,,,
031189,0,0,0,-19,,,,
03118U,0,0,0,3,,,,
031193,0,0,0,-20,,,,
031196,0,0,0,20,,,,
031199,0,0,0,-31,,,,
031200,0,0,0,-9,,,,
031203,0,0,0,7,,,,
031204,0,0,0,18,,,,
031207,0,0,0,-2,,,,
031208,0,0,0,0,,,,
031210,0,0,0,5,,,,
031212,0,0,0,-28,,,,
031216,0,0,0,5,,,,
031217,0,0,0,0,,,,
03121U,0,0,0,40,,,,
031220,0,0,0,-26,,,,
031221,0,0,0,0,,,,
031223,0,0,0,10,,,,
031224,5,0,0,-931,,,,
031225,0,0,0,-801,,,,
031226,0,0,0,-699,,,,
031227,0,0,0,69,,,,
031228,0,0,0,1,,,,
031232,0,0,0,5,,,,
031235,0,0,0,-123,,,,
031236,0,0,0,109,,,,
031238,0,0,0,-63,,,,
031239,0,0,0,-72,,,,
031240,0,0,0,-156,,,,
031241,0,0,0,-511,,,,
031243,0,0,0,12,,,,
031244,0,0,0,5,,,,
031248,0,0,0,-35,,,,
031249,0,0,0,5,,,,
031251,0,0,0,1,,,,
031252,0,0,0,253,,,,
031253,0,0,0,-121,,,,
031254,0,0,0,125,,,,
031255,0,0,0,-100,,,,
031256,0,0,0,40,,,,
031257,0,0,0,8,,,,
031258,0,0,0,-2,,,,
031259,0,0,0,-31,,,,
031261,0,0,0,64,,,,
031262,0,0,0,-479,,,,
031263,0,0,0,314,,,,
031264,0,0,0,6,,,,
031265,0,0,0,-4,,,,
031267,0,0,0,68,,,,
031268,0,0,0,-130,,,,
031269,0,0,0,-323,,,,
031270,0,0,0,162,,,,
031271,0,0,0,-13,,,,
031272,6,0,0,106,,,,
031273,0,0,0,270,,,,
031274,0,0,0,-135,,,,
031275,0,0,0,1020,,,,
031276,0,0,0,26,,,,
031277,0,0,0,240,,,,
031278,0,0,0,-19,,,,
031279,0,0,0,226,,,,
031280,0,0,0,217,,,,
031281,0,0,0,2,,,,
031282,0,0,0,493,,,,
031283,0,0,0,15,,,,
031284,0,0,0,51,,,,
031287,0,0,0,-272,,,,
031288,0,0,0,-1086,,,,
031289,0,0,0,-31,,,,
031290,0,0,0,492,,,,
031291,0,0,0,-178,,,,
031292,0,0,0,-217,,,,
031293,0,0,0,40,,,,
031294,0,0,0,-10,,,,
031296,0,0,0,-10,,,,
031297,0,0,0,0,,,,
031298,0,0,0,5,,,,
031299,0,0,0,-35,,,,
031302,0,0,0,95,,,,
031303,0,0,0,301,,,,
031304,0,0,0,252,,,,
031305,0,0,0,-118,,,,
031306,0,0,0,33,,,,
031307,0,0,0,-87,,,,
031308,0,0,0,-67,,,,
031311,0,0,0,-23,,,,
031314,0,0,0,94,,,,
031316,0,0,0,-10,,,,
031317,0,0,0,37,,,,
031318,0,0,0,44,,,,
031319,0,0,0,180,,,,
031321,0,0,0,59,,,,
031322,0,0,0,-389,,,,
031323,0,0,0,15,,,,
031327,0,0,0,9,,,,
031329,0,0,0,16,,,,
031330,0,0,0,-70,,,,
031331,0,0,0,1,,,,
031332,0,0,0,18,,,,
031333,0,0,0,99,,,,
031334,0,0,0,-6,,,,
031336,0,0,0,9,,,,
031337,0,0,0,2,,,,
031338,0,0,0,-10,,,,
031339,0,0,0,-292,,,,
031340,0,0,0,-434,,,,
031341,0,0,0,150,,,,
031342,0,0,0,-5,,,,
031344,0,0,0,-10,,,,
031348,0,0,0,5,,,,
031349,0,0,0,-106,,,,
031350,0,0,0,-10,,,,
031351,0,0,0,69,,,,
031353,0,0,0,-130,,,,
031354,0,0,0,7,,,,
031355,0,0,0,-392,,,,
031356,0,0,0,-7,,,,
031357,0,0,0,-3,,,,
031361,0,0,0,-2,,,,
031362,0,0,0,45,,,,
031370,0,0,0,8,,,,
031373,0,0,0,-4,,,,
031378,0,0,0,-23,,,,
03137U,0,0,0,-259,,,,
031383,0,0,0,-23,,,,
031386,0,0,0,-192,,,,
031387,0,0,0,583,,,,
031389,0,0,0,190,,,,
031390,0,0,0,-8,,,,
031395,0,0,0,-179,,,,
03139U,0,0,0,8,,,,
031402,0,0,0,13,,,,
031403,0,0,0,-82,,,,
031404,0,0,0,96,,,,
031405,0,0,0,-17,,,,
031406,0,0,0,-251,,,,
031407,0,0,0,-4,,,,
031409,0,0,0,-59,,,,
031412,0,0,0,8,,,,
031413,0,0,0,2,,,,
031415,0,0,0,34,,,,
031416,0,0,0,30,,,,
031417,0,0,0,-10,,,,
031418,0,0,0,78,,,,
031419,0,0,0,74,,,,
031420,0,0,0,-161,,,,
031421,0,0,0,-20,,,,
031422,0,0,0,-87,,,,
031424,0,0,0,-167,,,,
031425,0,0,0,-21,,,,
031428,0,0,0,-40,,,,
031429,0,0,0,-100,,,,
031433,0,0,0,1,,,,
031434,0,0,0,-341,,,,
031436,0,0,0,3,,,,
031437,0,0,0,-9,,,,
031438,0,0,0,80,,,,
031439,0,0,0,-6,,,,
031440,0,0,0,60,,,,
031441,0,0,0,0,,,,
031442,0,0,0,-61,,,,
031443,0,0,0,1,,,,
031448,0,0,0,-10,,,,
031449,0,0,0,1,,,,
031451,8,0,0,-179,,,,
031452,0,0,0,-99,,,,
031453,0,0,0,-81,,,,
031454,0,0,0,-30,,,,
031455,0,0,0,34,,,,
031457,0,0,0,23,,,,
031458,0,0,0,10,,,,
031459,0,0,0,-66,,,,
031461,0,0,0,-880,,,,
031462,0,0,0,-125,,,,
031463,0,0,0,-4,,,,
031464,0,0,0,4,,,,
031465,0,0,0,-5,,,,
031468,0,0,0,3,,,,
031469,0,0,0,-43,,,,
03146U,0,0,0,10,,,,
031470,0,0,0,-10,,,,
031471,0,0,0,-31,,,,
031472,0,0,0,14,,,,
031474,0,0,0,50,,,,
031475,0,0,0,-56,,,,
031476,0,0,0,-1157,,,,
031477,0,0,0,-206,,,,
031478,0,0,0,214,,,,
031479,0,0,0,13,,,,
03147U,0,0,0,-35,,,,
031480,0,0,0,5,,,,
031481,0,0,0,40,,,,
031482,0,0,0,-55,,,,
031483,0,0,0,53,,,,
031484,0,0,0,120,,,,
031485,0,0,0,147,,,,
031486,0,0,0,5,,,,
031487,0,0,0,85,,,,
031488,0,0,0,82,,,,
031492,0,0,0,-21,,,,
031494,0,0,0,5,,,,
031495,0,0,0,-60,,,,
031496,0,0,0,-43,,,,
031497,0,0,0,10,,,,
031498,0,0,0,-180,,,,
031499,0,0,0,-69,,,,
031500,0,0,0,-241,,,,
031501,0,0,0,-61,,,,
031502,0,0,0,-168,,,,
031503,0,0,0,-185,,,,
031504,0,0,0,24,,,,
031505,0,0,0,-6,,,,
031506,0,0,0,-170,,,,
031507,0,0,0,262,,,,
031508,0,0,0,-394,,,,
031509,0,0,0,-80,,,,
031510,0,0,0,-162,,,,
031511,0,0,0,234,,,,
031512,0,0,0,-207,,,,
031514,0,0,0,-75,,,,
031516,0,0,0,-109,,,,
031517,0,0,0,0,,,,
031519,0,0,0,143,,,,
031520,0,0,0,298,,,,
031524,0,0,0,-69,,,,
031525,0,0,0,0,,,,
031526,0,0,0,-3,,,,
031527,0,0,0,115,,,,
031528,0,0,0,-2,,,,
031531,0,0,0,-9,,,,
031532,0,0,0,-42,,,,
031533,0,0,0,377,,,,
031534,0,0,0,-56,,,,
031537,0,0,0,240,,,,
031539,0,0,0,-13,,,,
031541,0,0,0,10,,,,
031543,0,0,0,52,,,,
031544,0,0,0,-24,,,,
031546,0,0,0,-531,,,,
031547,0,0,0,-8,,,,
031552,0,0,0,-10,,,,
031554,0,0,0,20,,,,
031555,0,0,0,10,,,,
031556,0,0,0,32,,,,
031558,0,0,0,-465,,,,
031559,0,0,0,-10,,,,
031560,0,0,0,-172,,,,
031561,0,0,0,-19,,,,
031562,0,0,0,-118,,,,
031563,0,0,0,-5,,,,
031564,0,0,0,-3,,,,
031565,0,0,0,-275,,,,
031566,0,0,0,3,,,,
031568,0,0,0,-71,,,,
031569,0,0,0,-4,,,,
031572,0,0,0,32,,,,
031576,0,0,0,28,,,,
031580,0,0,0,-1,,,,
031582,0,0,0,14,,,,
031583,0,0,0,-1137,,,,
031584,0,0,0,-23,,,,
031586,0,0,0,50,,,,
031587,0,0,0,-20,,,,
031589,0,0,0,-9,,,,
031590,0,0,0,458,,,,
031591,0,0,0,301,,,,
031592,0,0,0,-82,,,,
031593,0,0,0,39,,,,
031594,0,0,0,335,,,,
031595,0,0,0,-3,,,,
031596,0,0,0,-39,,,,
031598,0,0,0,55,,,,
031599,0,0,0,-59,,,,
031601,0,0,0,-245,,,,
031602,0,0,0,82,,,,
031603,0,0,0,83,,,,
031606,0,0,0,-1,,,,
031607,0,0,0,-162,,,,
031608,0,0,0,-165,,,,
031610,0,0,0,-10,,,,
031611,0,0,0,16,,,,
031612,0,0,0,-1,,,,
031613,0,0,0,-233,,,,
031614,0,0,0,17,,,,
031615,0,0,0,-3,,,,
031619,0,0,0,66,,,,
031622,0,0,0,200,,,,
031623,0,0,0,4,,,,
031624,0,0,0,-172,,,,
031625,0,0,0,55,,,,
031626,0,0,0,-246,,,,
031627,0,0,0,130,,,,
031628,0,0,0,-25,,,,
031629,0,0,0,5,,,,
031631,0,0,0,110,,,,
031632,0,0,0,-500,,,,
031634,0,0,0,-30,,,,
031636,0,0,0,-55,,,,
031637,0,0,0,4,,,,
031639,0,0,0,0,,,,
031641,0,0,0,-324,,,,
031643,0,0,0,242,,,,
031644,0,0,0,-37,,,,
031646,0,0,0,10,,,,
031649,0,0,0,-4,,,,
031650,0,0,0,-159,,,,
031651,0,0,0,-39,,,,
031652,0,0,0,45,,,,
03165U,0,0,0,-3,,,,
031661,0,0,0,-10,,,,
031665,0,0,0,2802,,,,
031666,0,0,0,-1134,,,,
031667,0,0,0,-46,,,,
031668,0,0,0,0,,,,
031669,0,0,0,-21,,,,
031671,0,0,0,10,,,,
031674,0,0,0,1,,,,
031675,0,0,0,-9,,,,
031678,0,0,0,0,,,,
031681,0,0,0,-48,,,,
031684,0,0,0,-2,,,,
031685,0,0,0,0,,,,
031686,0,0,0,6,,,,
031687,0,0,0,15,,,,
031688,0,0,0,-115,,,,
031689,0,0,0,9,,,,
031696,0,0,0,10,,,,
031698,0,0,0,-153,,,,
031699,0,0,0,-2,,,,
031702,0,0,0,-45,,,,
031705,0,0,0,-4,,,,
031706,0,0,0,-49,,,,
031708,0,0,0,61,,,,
031709,0,0,0,25,,,,
031710,0,0,0,-50,,,,
031712,0,0,0,-6,,,,
031713,0,0,0,-1,,,,
031714,0,0,0,-11,,,,
031715,0,0,0,-23,,,,
031716,0,0,0,-34,,,,
031717,0,0,0,-3,,,,
031719,0,0,0,-746,,,,
031720,0,0,0,56,,,,
031721,0,0,0,30,,,,
031723,0,0,0,11,,,,
031728,0,0,0,30,,,,
031729,0,0,0,-20,,,,
031730,0,0,0,2,,,,
031731,0,0,0,-3,,,,
031732,0,0,0,-10,,,,
031737,0,0,0,50,,,,
031738,0,0,0,0,,,,
031740,0,0,0,-3,,,,
031743,0,0,0,1,,,,
031746,0,0,0,-105,,,,
031748,0,0,0,9,,,,
031749,0,0,0,-123,,,,
031750,0,0,0,1,,,,
031751,0,0,0,48,,,,
031753,0,0,0,63,,,,
031754,0,0,0,-30,,,,
031757,0,0,0,-75,,,,
031758,0,0,0,-59,,,,
031759,0,0,0,-44,,,,
031760,0,0,0,46,,,,
031761,0,0,0,-13,,,,
031762,0,0,0,-47,,,,
031763,0,0,0,-246,,,,
031764,0,0,0,114,,,,
031765,0,0,0,-74,,,,
031766,0,0,0,-43,,,,
031767,0,0,0,-150,,,,
031768,0,0,0,795,,,,
031769,0,0,0,-834,,,,
031771,0,0,0,-288,,,,
031772,0,0,0,-508,,,,
031774,0,0,0,3,,,,
031775,0,0,0,-48,,,,
031777,0,0,0,4,,,,
031778,0,0,0,422,,,,
031779,0,0,0,124,,,,
03177U,0,0,0,-56,,,,
031780,0,0,0,-1,,,,
031781,0,0,0,-17,,,,
031782,0,0,0,-1,,,,
031783,0,0,0,62,,,,
031785,0,0,0,-7,,,,
031787,0,0,0,-20,,,,
031788,0,0,0,-12,,,,
031789,0,0,0,20,,,,
031791,0,0,0,-17,,,,
031792,0,0,0,-105,,,,
031793,0,0,0,-54,,,,
031794,0,0,0,20,,,,
031795,0,0,0,331,,,,
031798,0,0,0,-26,,,,
031799,0,0,0,91,,,,
03179U,0,0,0,160,,,,
031800,0,0,0,32,,,,
031803,0,0,0,11,,,,
031804,0,0,0,-124,,,,
031805,0,0,0,126,,,,
031806,0,0,0,27,,,,
031807,0,0,0,-69,,,,
031808,0,0,0,75,,,,
031809,0,0,0,-18,,,,
03180U,0,0,0,30,,,,
031810,0,0,0,165,,,,
031813,0,0,0,-347,,,,
031814,0,0,0,-2,,,,
031815,0,0,0,-3,,,,
031816,0,0,0,2,,,,
031817,0,0,0,-985,,,,
031818,0,0,0,-445,,,,
031819,0,0,0,178,,,,
031821,0,0,0,-145,,,,
031822,0,0,0,-8,,,,
031825,0,0,0,-23,,,,
031827,0,0,0,-20,,,,
031828,0,0,0,70,,,,
031829,0,0,0,-97,,,,
031830,0,0,0,25,,,,
031831,0,0,0,20,,,,
031832,0,0,0,-21,,,,
031833,0,0,0,4,,,,
031834,0,0,0,85,,,,
031835,0,0,0,-65,,,,
031836,0,0,0,-6,,,,
031837,0,0,0,-6,,,,
031838,0,0,0,-15,,,,
031839,0,0,0,-10,,,,
031840,0,0,0,-101,,,,
031841,0,0,0,109,,,,
031842,0,0,0,1,,,,
031843,0,0,0,-31,,,,
031844,0,0,0,-10,,,,
031845,0,0,0,-4,,,,
031846,0,0,0,63,,,,
031847,0,0,0,-824,,,,
031848,0,0,0,-10,,,,
031849,0,0,0,-107,,,,
031851,0,0,0,-430,,,,
031852,0,0,0,-5,,,,
031853,0,0,0,0,,,,
031855,0,0,0,-1,,,,
031859,0,0,0,54,,,,
03185U,0,0,0,1,,,,
031860,0,0,0,-1,,,,
031861,0,0,0,-9,,,,
031863,0,0,0,-49,,,,
031865,0,0,0,-17,,,,
031867,0,0,0,181,,,,
031868,0,0,0,-9,,,,
031870,0,0,0,-9,,,,
031871,0,0,0,24,,,,
031872,0,0,0,-1,,,,
031874,0,0,0,-24,,,,
031876,0,0,0,-22,,,,
031878,0,0,0,11,,,,
031879,0,0,0,-12,,,,
031882,0,0,0,9,,,,
031885,0,0,0,-16,,,,
031886,0,0,0,29,,,,
031888,0,0,0,20,,,,
031890,0,0,0,-245,,,,
031891,0,0,0,339,,,,
031892,0,0,0,-15,,,,
031893,0,0,0,-70,,,,
031894,0,0,0,-10,,,,
031896,0,0,0,0,,,,
031897,0,0,0,-152,,,,
031898,0,0,0,0,,,,
031902,0,0,0,81,,,,
031903,0,0,0,50,,,,
031905,0,0,0,20,,,,
031908,0,0,0,19,,,,
031909,0,0,0,60,,,,
031910,0,0,0,-368,,,,
031911,0,0,0,-44,,,,
031912,0,0,0,-65,,,,
031913,0,0,0,1,,,,
031915,0,0,0,16,,,,
031917,0,0,0,29,,,,
031918,0,0,0,-5,,,,
031919,0,0,0,-15,,,,
031921,0,0,0,0,,,,
031922,0,0,0,-82,,,,
031928,0,0,0,-473,,,,
031929,0,0,0,92,,,,
031930,0,0,0,-156,,,,
031934,0,0,0,401,,,,
031935,0,0,0,-552,,,,
031936,0,0,0,-180,,,,
031940,0,0,0,304,,,,
031942,0,0,0,18,,,,
031943,0,0,0,-150,,,,
031944,0,0,0,-22,,,,
031945,0,0,0,-12,,,,
031946,0,0,0,2,,,,
031948,0,0,0,9,,,,
031949,0,0,0,-164,,,,
031951,0,0,0,-5,,,,
031954,0,0,0,-77,,,,
031955,0,0,0,-151,,,,
031956,0,0,0,45,,,,
031957,0,0,0,4,,,,
031958,0,0,0,-37,,,,
031959,0,0,0,60,,,,
031961,0,0,0,-38,,,,
031962,0,0,0,103,,,,
031963,0,0,0,1,,,,
031964,0,0,0,2,,,,
031965,0,0,0,-679,,,,
031967,0,0,0,-520,,,,
031968,0,0,0,-2324,,,,
031969,0,0,0,-831,,,,
031970,0,0,0,-395,,,,
031972,0,0,0,1,,,,
031973,0,0,0,-320,,,,
031974,0,0,0,110,,,,
031976,0,0,0,-203,,,,
031977,0,0,0,-699,,,,
031978,0,0,0,11,,,,
031980,0,0,0,173,,,,
031981,0,0,0,-41,,,,
031982,0,0,0,13,,,,
031983,0,0,0,-4,,,,
031984,0,0,0,-1,,,,
031985,0,0,0,-28,,,,
031986,0,0,0,-63,,,,
031987,0,0,0,90,,,,
031989,0,0,0,-6,,,,
031990,0,0,0,-208,,,,
031991,0,0,0,-289,,,,
031992,0,0,0,200,,,,
031993,0,0,0,20,,,,
031994,0,0,0,83,,,,
031995,0,0,0,-118,,,,
031997,0,0,0,-5,,,,
031998,0,0,0,-51,,,,
031999,0,0,0,124,,,,
032000,0,0,0,131,,,,
032002,0,0,0,-70,,,,
032004,0,0,0,-30,,,,
032007,0,0,0,-63,,,,
032008,0,0,0,-89,,,,
032009,0,0,0,15,,,,
032010,0,0,0,-162,,,,
032011,0,0,0,8,,,,
032012,0,0,0,-5,,,,
032013,0,0,0,-160,,,,
032015,0,0,0,5,,,,
032017,0,0,0,-51,,,,
032018,0,0,0,708,,,,
032019,0,0,0,-3,,,,
032021,0,0,0,-16,,,,
032023,0,0,0,55,,,,
032024,0,0,0,60,,,,
032025,0,0,0,-45,,,,
032026,0,0,0,20,,,,
032027,0,0,0,22,,,,
032029,0,0,0,-25,,,,
032030,0,0,0,30,,,,
032031,0,0,0,-61,,,,
032032,0,0,0,-1,,,,
032033,0,0,0,-98,,,,
032034,0,0,0,-209,,,,
032037,0,0,0,-946,,,,
032038,0,0,0,-163,,,,
032040,0,0,0,51,,,,
032045,0,0,0,-1,,,,
032048,0,0,0,327,,,,
032049,0,0,0,0,,,,
032050,0,0,0,-60,,,,
032053,0,0,0,0,,,,
032056,0,0,0,2,,,,
032057,0,0,0,23,,,,
032060,0,0,0,-1,,,,
032061,0,0,0,-24,,,,
032062,0,0,0,23,,,,
032064,2,0,0,-455,,,,
032065,0,0,0,38,,,,
032066,0,0,0,20,,,,
032068,0,0,0,-85,,,,
032069,0,0,0,-18,,,,
032070,0,0,0,-30,,,,
032071,0,0,0,54,,,,
032072,0,0,0,4,,,,
032073,0,0,0,50,,,,
032074,0,0,0,29,,,,
032075,0,0,0,-35,,,,
032076,0,0,0,5,,,,
032077,0,0,0,-8,,,,
032078,0,0,0,-105,,,,
032080,0,0,0,8,,,,
032081,0,0,0,-10,,,,
032082,0,0,0,-16,,,,
032084,0,0,0,1,,,,
032085,0,0,0,10,,,,
032086,0,0,0,34,,,,
032088,0,0,0,0,,,,
032091,0,0,0,-3,,,,
032093,0,0,0,-38,,,,
032094,0,0,0,-6,,,,
032096,0,0,0,0,,,,
032097,0,0,0,-202,,,,
032099,0,0,0,0,,,,
032100,0,0,0,0,,,,
032101,0,0,0,-4,,,,
032104,0,0,0,0,,,,
032105,0,0,0,15,,,,
032106,0,0,0,34,,,,
032107,0,0,0,17,,,,
032108,0,0,0,-26,,,,
032109,0,0,0,447,,,,
032110,0,0,0,640,,,,
032111,0,0,0,155,,,,
032112,0,0,0,0,,,,
032113,0,0,0,191,,,,
032115,0,0,0,-8,,,,
032116,0,0,0,19,,,,
032117,0,0,0,-107,,,,
032118,0,0,0,-57,,,,
032119,0,0,0,-230,,,,
032120,0,0,0,48,,,,
032122,0,0,0,-235,,,,
032124,0,0,0,-303,,,,
032126,0,0,0,-10,,,,
032127,0,0,0,-60,,,,
032128,0,0,0,52,,,,
032129,0,0,0,298,,,,
032130,0,0,0,-278,,,,
032133,0,0,0,-556,,,,
032136,0,0,0,-5,,,,
032137,0,0,0,-5,,,,
032138,0,0,0,-95,,,,
032139,0,0,0,-17,,,,
032142,0,0,0,-101,,,,
032143,0,0,0,-5,,,,
032145,0,0,0,88,,,,
032146,0,0,0,-1597,,,,
032147,0,0,0,-35,,,,
032149,0,0,0,-15,,,,
03214U,0,0,0,-200,,,,
032153,0,0,0,117,,,,
032154,0,0,0,-76,,,,
032155,0,0,0,-18,,,,
032156,0,0,0,-2,,,,
032158,0,0,0,140,,,,
032159,0,0,0,-19,,,,
03215U,0,0,0,90,,,,
032160,0,0,0,-10,,,,
032162,0,0,0,-5,,,,
032164,0,0,0,65,,,,
032165,0,0,0,-104,,,,
032167,0,0,0,65,,,,
032168,0,0,0,-30,,,,
032169,0,0,0,-10,,,,
032172,0,0,0,0,,,,
032173,0,0,0,1,,,,
032174,0,0,0,111,,,,
032175,0,0,0,48,,,,
032177,0,0,0,-11,,,,
032178,0,0,0,106,,,,
032179,0,0,0,95,,,,
032180,0,0,0,94,,,,
032181,0,0,0,-2,,,,
032182,0,0,0,-26,,,,
032183,0,0,0,-2,,,,
032184,0,0,0,-14,,,,
032185,0,0,0,-25,,,,
032186,0,0,0,141,,,,
032187,0,0,0,-25,,,,
032188,0,0,0,76,,,,
032190,0,0,0,49,,,,
032191,0,0,0,-1,,,,
032192,0,0,0,-207,,,,
032193,0,0,0,108,,,,
032194,0,0,0,14,,,,
032195,0,0,0,-35,,,,
032199,0,0,0,-138,,,,
032201,0,0,0,-868,,,,
032202,0,0,0,0,,,,
032203,0,0,0,16,,,,
032204,0,0,0,30,,,,
032205,0,0,0,-20,,,,
032207,0,0,0,10,,,,
032208,0,0,0,1,,,,
032209,0,0,0,-4,,,,
032210,0,0,0,24,,,,
032211,0,0,0,-49,,,,
032212,0,0,0,-131,,,,
032213,0,0,0,496,,,,
032214,0,0,0,3998,,,,
032215,0,0,0,-26,,,,
032216,0,0,0,34,,,,
032217,0,0,0,57,,,,
032220,0,0,0,67,,,,
032221,0,0,0,-25,,,,
032223,0,0,0,-4,,,,
032224,0,0,0,-223,,,,
032226,0,0,0,-101,,,,
032227,0,0,0,733,,,,
032229,0,0,0,1,,,,
032230,0,0,0,0,,,,
032231,0,0,0,1,,,,
032232,0,0,0,10,,,,
032233,0,0,0,-140,,,,
032234,0,0,0,213,,,,
032235,0,0,0,2,,,,
032236,0,0,0,91,,,,
032237,0,0,0,-65,,,,
032238,0,0,0,-58,,,,
032239,0,0,0,201,,,,
032241,0,0,0,78,,,,
032242,0,0,0,12,,,,
032243,0,0,0,-33,,,,
032245,0,0,0,-373,,,,
032246,0,0,0,-10,,,,
032247,0,0,0,-30,,,,
032248,0,0,0,-191,,,,
032249,0,0,0,-780,,,,
032250,0,0,0,-5,,,,
032251,0,0,0,-149,,,,
032252,0,0,0,281,,,,
032253,0,0,0,-19,,,,
032254,0,0,0,-702,,,,
032255,0,0,0,-248,,,,
032256,0,0,0,-77,,,,
032257,0,0,0,-25,,,,
032259,0,0,0,55,,,,
032260,0,0,0,-851,,,,
032261,0,0,0,-30,,,,
032262,0,0,0,17,,,,
032263,0,0,0,3,,,,
032264,0,0,0,23,,,,
032265,0,0,0,-28,,,,
032266,0,0,0,-5,,,,
032267,0,0,0,-2,,,,
032271,0,0,0,-1,,,,
032273,0,0,0,-280,,,,
032274,0,0,0,-113,,,,
032275,0,0,0,5,,,,
032276,0,0,0,35,,,,
032277,0,0,0,6,,,,
032278,0,0,0,404,,,,
032279,0,0,0,26,,,,
032280,0,0,0,254,,,,
032283,0,0,0,-162,,,,
032284,0,0,0,113,,,,
032285,0,0,0,3,,,,
032286,0,0,0,-554,,,,
032288,0,0,0,37,,,,
032289,0,0,0,201,,,,
032290,0,0,0,-374,,,,
032291,0,0,0,-119,,,,
032292,0,0,0,-4,,,,
032293,0,0,0,93,,,,
032294,0,0,0,-251,,,,
032295,0,0,0,512,,,,
032296,0,0,0,-922,,,,
032297,0,0,0,-30,,,,
032298,0,0,0,10,,,,
032299,0,0,0,-11,,,,
03229U,0,0,0,-5,,,,
032301,0,0,0,-41,,,,
032302,0,0,0,-17,,,,
032303,0,0,0,-16,,,,
032306,0,0,0,115,,,,
032307,0,0,0,0,,,,
032308,0,0,0,20,,,,
032310,0,0,0,0,,,,
032311,0,0,0,20,,,,
032312,0,0,0,-15,,,,
032314,0,0,0,-5,,,,
032315,0,0,0,940,,,,
032317,0,0,0,29,,,,
032319,0,0,0,101,,,,
032320,0,0,0,28,,,,
032321,0,0,0,509,,,,
032324,0,0,0,-8,,,,
032326,0,0,0,-20,,,,
032327,0,0,0,-25,,,,
032328,0,0,0,-7,,,,
032329,0,0,0,151,,,,
032331,0,0,0,-1,,,,
032332,0,0,0,381,,,,
032333,0,0,0,10,,,,
032334,0,0,0,-10,,,,
032335,0,0,0,187,,,,
032336,0,0,0,191,,,,
032337,0,0,0,-110,,,,
032338,0,0,0,21,,,,
03233U,0,0,0,-190,,,,
032340,0,0,0,33,,,,
032342,0,0,0,355,,,,
032350,0,0,0,-10,,,,
032351,0,0,0,-24,,,,
032352,0,0,0,-23,,,,
032353,0,0,0,50,,,,
032354,0,0,0,14,,,,
032355,0,0,0,-481,,,,
032356,0,0,0,-225,,,,
032357,0,0,0,-295,,,,
032359,0,0,0,5,,,,
032362,0,0,0,-2,,,,
032363,0,0,0,-150,,,,
032364,0,0,0,-98,,,,
032365,0,0,0,29,,,,
032366,0,0,0,-15,,,,
032367,0,0,0,4,,,,
032368,0,0,0,500,,,,
032370,0,0,0,-12,,,,
032371,0,0,0,-20,,,,
032374,0,0,0,53,,,,
032375,0,0,0,-513,,,,
032377,0,0,0,0,,,,
032379,0,0,0,7,,,,
03237U,0,0,0,-138,,,,
032382,0,0,0,-253,,,,
032384,0,0,0,374,,,,
032392,0,0,0,33,,,,
032393,0,0,0,-34,,,,
032394,0,0,0,14,,,,
032395,0,0,0,-10,,,,
032396,0,0,0,-100,,,,
032397,0,0,0,-157,,,,
032398,0,0,0,-51,,,,
032400,0,0,0,-167,,,,
032401,0,0,0,52,,,,
032402,0,0,0,-22,,,,
032403,0,0,0,-30,,,,
032404,0,0,0,-120,,,,
032406,0,0,0,-5,,,,
032407,0,0,0,-10,,,,
032408,0,0,0,20,,,,
03240U,0,0,0,3,,,,
032410,0,0,0,-142,,,,
032411,0,0,0,-90,,,,
032412,0,0,0,-2,,,,
032415,0,0,0,-490,,,,
032417,0,0,0,-68,,,,
032418,0,0,0,-59,,,,
032421,0,0,0,2,,,,
032422,0,0,0,0,,,,
032423,0,0,0,21,,,,
032424,0,0,0,-300,,,,
032425,0,0,0,-1,,,,
032426,0,0,0,-31,,,,
032427,0,0,0,-94,,,,
03242U,0,0,0,6,,,,
032430,0,0,0,6,,,,
032432,0,0,0,2,,,,
032433,0,0,0,21,,,,
032436,0,0,0,-10,,,,
032437,0,0,0,-2,,,,
032439,0,0,0,-1,,,,
032441,0,0,0,-1,,,,
032442,0,0,0,-1,,,,
032443,0,0,0,10,,,,
032446,0,0,0,-3,,,,
032447,0,0,0,-109,,,,
032448,0,0,0,-98,,,,
032453,0,0,0,1,,,,
032455,0,0,0,157,,,,
032456,0,0,0,130,,,,
032458,0,0,0,-10,,,,
03245U,0,0,0,-33,,,,
032461,0,0,0,254,,,,
032462,0,0,0,-81,,,,
032463,0,0,0,158,,,,
032464,0,0,0,1033,,,,
032465,0,0,0,1881,,,,
032466,0,0,0,-96,,,,
032467,0,0,0,0,,,,
032468,0,0,0,37,,,,
032469,0,0,0,1631,,,,
032470,0,0,0,9,,,,
032471,0,0,0,-3,,,,
032472,0,0,0,-3,,,,
032473,0,0,0,-1866,,,,
032474,0,0,0,-179,,,,
032475,0,0,0,-646,,,,
032476,0,0,0,-20,,,,
032477,0,0,0,-113,,,,
032478,0,0,0,-4,,,,
032481,0,0,0,-185,,,,
032482,0,0,0,74,,,,
032483,0,0,0,281,,,,
032485,0,0,0,132,,,,
032486,0,0,0,-20,,,,
032488,0,0,0,-578,,,,
032489,0,0,0,-33,,,,
03248U,0,0,0,30,,,,
032490,0,0,0,27,,,,
032492,0,0,0,32,,,,
032493,0,0,0,37,,,,
032494,0,0,0,-6,,,,
032495,0,0,0,26,,,,
032496,0,0,0,-25,,,,
032499,0,0,0,-45,,,,
032500,0,0,0,49,,,,
032502,0,0,0,468,,,,
032503,0,0,0,-100,,,,
032504,0,0,0,25,,,,
032505,0,0,0,-24,,,,
032508,0,0,0,0,,,,
032509,0,0,0,-53,,,,
032513,0,0,0,-133,,,,
032516,0,0,0,-24,,,,
032517,0,0,0,5,,,,
032518,0,0,0,-30,,,,
032519,0,0,0,5,,,,
032520,0,0,0,-42,,,,
032521,0,0,0,110,,,,
032522,0,0,0,-49,,,,
032525,0,0,0,-48,,,,
032527,0,0,0,14,,,,
032528,0,0,0,35,,,,
03252U,0,0,0,519,,,,
032530,0,0,0,-60,,,,
032531,0,0,0,-6,,,,
032532,0,0,0,97,,,,
032534,0,0,0,60,,,,
032535,0,0,0,-338,,,,
032537,0,0,0,-10,,,,
032539,20,0,0,-15,,,,
032543,0,0,0,-10,,,,
032545,0,0,0,-15,,,,
032547,0,0,0,-178,,,,
032548,0,0,0,-187,,,,
032549,0,0,0,156,,,,
032554,0,0,0,37,,,,
032557,0,0,0,0,,,,
032558,0,0,0,325,,,,
032559,0,0,0,-89,,,,
03255U,0,0,0,-1,,,,
032560,0,0,0,-16,,,,
032561,0,0,0,3,,,,
032563,0,0,0,-5,,,,
032564,0,0,0,4,,,,
032565,0,0,0,-2,,,,
032566,0,0,0,-195,,,,
032567,0,0,0,5,,,,
032568,0,0,0,-15,,,,
032569,0,0,0,-25,,,,
03256U,0,0,0,-1,,,,
032570,0,0,0,-20,,,,
032571,0,0,0,-5,,,,
032573,0,0,0,-1,,,,
032574,0,0,0,-30,,,,
032575,0,0,0,-8,,,,
032578,0,0,0,0,,,,
032579,0,0,0,0,,,,
03257U,0,0,0,80,,,,
032582,0,0,0,-45,,,,
032584,0,0,0,13,,,,
032585,0,0,0,10,,,,
032586,0,0,0,-2,,,,
032587,0,0,0,-100,,,,
032592,0,0,0,-2,,,,
032596,0,0,0,-263,,,,
032597,0,0,0,-7,,,,
032599,0,0,0,-553,,,,
032600,0,0,0,-24,,,,
032602,0,0,0,33,,,,
032603,0,0,0,-43,,,,
032604,0,0,0,227,,,,
032607,0,0,0,10,,,,
032608,0,0,0,-2,,,,
032609,0,0,0,-25,,,,
032610,0,0,0,-150,,,,
032612,0,0,0,272,,,,
032614,0,0,0,-190,,,,
032615,0,0,0,-10,,,,
032616,0,0,0,-2,,,,
032617,0,0,0,-10,,,,
032618,0,0,0,391,,,,
032620,0,0,0,10,,,,
032623,0,0,0,-185,,,,
032625,0,0,0,-262,,,,
032626,0,0,0,-3,,,,
032627,0,0,0,268,,,,
032628,0,0,0,240,,,,
032629,0,0,0,-1,,,,
032630,0,0,0,36,,,,
032631,0,0,0,-122,,,,
032636,0,0,0,1,,,,
032637,0,0,0,-796,,,,
032638,0,0,0,-27,,,,
032639,0,0,0,-14,,,,
032640,0,0,0,124,,,,
032641,0,0,0,-544,,,,
032642,0,0,0,-29,,,,
032643,0,0,0,-10,,,,
032644,0,0,0,1,,,,
032645,0,0,0,-21,,,,
032648,0,0,0,-276,,,,
032649,0,0,0,66,,,,
03264U,0,0,0,20,,,,
032650,0,0,0,-136,,,,
032651,0,0,0,-568,,,,
032653,0,0,0,11,,,,
032654,0,0,0,-311,,,,
032656,0,0,0,-65,,,,
032657,0,0,0,9,,,,
032660,0,0,0,-5,,,,
032661,0,0,0,4,,,,
032664,0,0,0,-234,,,,
032667,0,0,0,23,,,,
032668,0,0,0,508,,,,
032670,0,0,0,200,,,,
032672,0,0,0,-18,,,,
032676,0,0,0,0,,,,
032678,0,0,0,-158,,,,
032682,0,0,0,-6,,,,
032684,0,0,0,-600,,,,
032685,0,0,0,259,,,,
032686,0,0,0,-19,,,,
032687,0,0,0,-3,,,,
032688,0,0,0,16,,,,
032689,0,0,0,79,,,,
032690,0,0,0,60,,,,
032691,0,0,0,-5,,,,
032692,0,0,0,45,,,,
032693,0,0,0,69,,,,
032695,0,0,0,-61,,,,
032696,0,0,0,17,,,,
032697,0,0,0,5,,,,
032699,0,0,0,109,,,,
032701,0,0,0,-23,,,,
032702,0,0,0,-20,,,,
032703,0,0,0,-30,,,,
032704,0,0,0,25,,,,
032707,0,0,0,80,,,,
032708,0,0,0,-3,,,,
03270U,0,0,0,-15,,,,
032712,0,0,0,145,,,,
032714,0,0,0,-1,,,,
032716,0,0,0,-22,,,,
032717,0,0,0,231,,,,
032718,0,0,0,149,,,,
032719,0,0,0,-134,,,,
03271U,0,0,0,5,,,,
032720,0,0,0,127,,,,
032721,0,0,0,16,,,,
032723,0,0,0,0,,,,
032724,0,0,0,30,,,,
032726,0,0,0,4,,,,
032728,0,0,0,-35,,,,
032729,0,0,0,-47,,,,
032730,0,0,0,40,,,,
032731,0,0,0,-13,,,,
032732,0,0,0,1,,,,
032733,0,0,0,15,,,,
032734,0,0,0,-20,,,,
032735,0,0,0,4,,,,
032736,0,0,0,-33,,,,
032737,0,0,0,-345,,,,
032738,0,0,0,125,,,,
032739,0,0,0,-160,,,,
032740,0,0,0,73,,,,
032743,0,0,0,432,,,,
032746,0,0,0,-15,,,,
032747,0,0,0,-63,,,,
032748,0,0,0,392,,,,
032749,0,0,0,308,,,,
032750,0,0,0,5,,,,
032751,0,0,0,-5,,,,
032752,0,0,0,-514,,,,
032753,0,0,0,17,,,,
032754,0,0,0,12,,,,
032755,0,0,0,8,,,,
032756,0,0,0,967,,,,
032757,0,0,0,-35,,,,
032758,0,0,0,5,,,,
032759,0,0,0,-563,,,,
032760,0,0,0,-269,,,,
032761,0,0,0,398,,,,
032762,0,0,0,23,,,,
032763,0,0,0,32,,,,
032764,-2,0,0,-126,,,,
032765,0,0,0,113,,,,
032766,0,0,0,-330,,,,
032768,0,0,0,-881,,,,
032769,0,0,0,416,,,,
032770,0,0,0,114,,,,
032771,0,0,0,0,,,,
032775,0,0,0,14,,,,
032776,0,0,0,1111,,,,
032777,0,0,0,30,,,,
032778,0,0,0,215,,,,
032780,0,0,0,57,,,,
032781,0,0,0,-4,,,,
032782,0,0,0,4,,,,
032785,0,0,0,-1,,,,
032788,0,0,0,37,,,,
032790,0,0,0,138,,,,
032791,0,0,0,65,,,,
032792,0,0,0,3,,,,
032794,0,0,0,-11,,,,
032795,0,0,0,-16,,,,
032796,0,0,0,1,,,,
032797,0,0,0,339,,,,
032799,0,0,0,-40,,,,
032800,0,0,0,-25,,,,
032804,0,0,0,-31,,,,
032805,0,0,0,-34,,,,
032806,0,0,0,-385,,,,
032808,0,0,0,-131,,,,
032813,0,0,0,-11,,,,
032815,0,0,0,11,,,,
032817,0,0,0,-7,,,,
032818,0,0,0,1533,,,,
032819,0,0,0,13,,,,
03281U,0,0,0,45,,,,
032823,0,0,0,40,,,,
032824,0,0,0,26,,,,
032825,0,0,0,11,,,,
032826,0,0,0,54,,,,
032827,0,0,0,9,,,,
032832,0,0,0,10,,,,
032833,0,0,0,-12,,,,
032835,0,0,0,0,,,,
032836,0,0,0,60,,,,
032837,0,0,0,-280,,,,
032839,0,0,0,-22,,,,
032840,0,0,0,-84,,,,
032842,0,0,0,90,,,,
032843,0,0,0,-155,,,,
032845,0,0,0,-81,,,,
032846,0,0,0,25,,,,
032847,0,0,0,-57,,,,
032851,0,0,0,29,,,,
032852,0,0,0,4,,,,
032853,0,0,0,-10,,,,
032854,0,0,0,20,,,,
032855,0,0,0,36,,,,
032856,0,0,0,-31,,,,
032857,0,0,0,-63,,,,
032858,0,0,0,-4,,,,
032859,0,0,0,-220,,,,
032860,0,0,0,-15,,,,
032861,0,0,0,130,,,,
032864,0,0,0,-158,,,,
032866,0,0,0,-10,,,,
032867,0,0,0,-55,,,,
032872,0,0,0,-185,,,,
032874,0,0,0,-77,,,,
032875,0,0,0,-22,,,,
032879,0,0,0,19,,,,
032880,0,0,0,17,,,,
032881,0,0,0,69,,,,
032882,0,0,0,-43,,,,
032883,0,0,0,3,,,,
032886,0,0,0,-68,,,,
032887,0,0,0,-30,,,,
032889,0,0,0,-327,,,,
03288U,0,0,0,-100,,,,
032890,0,0,0,-162,,,,
032891,0,0,0,-3,,,,
032892,0,0,0,10,,,,
032894,0,0,0,5,,,,
032897,0,0,0,-15,,,,
032901,0,0,0,-4,,,,
032902,0,0,0,27,,,,
032903,0,0,0,-11,,,,
032905,0,0,0,21,,,,
032906,0,0,0,-31,,,,
032907,0,0,0,-94,,,,
032908,0,0,0,-3,,,,
032910,0,0,0,-2,,,,
032913,0,0,0,-538,,,,
032914,0,0,0,-6,,,,
032916,0,0,0,-31,,,,
032925,0,0,0,-55,,,,
032926,0,0,0,18,,,,
032927,0,0,0,40,,,,
032929,0,0,0,45,,,,
032930,0,0,0,-1,,,,
032931,0,0,0,-15,,,,
032936,0,0,0,-14,,,,
032938,0,0,0,-27,,,,
032939,0,0,0,13,,,,
032942,0,0,0,-48,,,,
032944,0,0,0,-50,,,,
032945,0,0,0,-13,,,,
032947,0,0,0,-2,,,,
032948,0,0,0,-130,,,,
03294U,0,0,0,5,,,,
032954,0,0,0,-208,,,,
032955,0,0,0,-62,,,,
032957,0,0,0,1,,,,
032961,0,0,0,211,,,,
032965,0,0,0,0,,,,
032967,0,0,0,57,,,,
032968,0,0,0,0,,,,
032971,0,0,0,-11,,,,
032972,0,0,0,-57,,,,
032975,0,0,0,-14,,,,
032976,0,0,0,5,,,,
032977,0,0,0,-4,,,,
032978,0,0,0,-32,,,,
032980,0,0,0,-114,,,,
032982,0,0,0,-98,,,,
032983,0,0,0,14,,,,
032985,0,0,0,-2,,,,
032986,0,0,0,-49,,,,
032987,0,0,0,10,,,,
032988,0,0,0,-65,,,,
032989,0,0,0,-1,,,,
03298U,0,0,10,-10,,,,
032991,0,0,0,2,,,,
032992,0,0,0,2,,,,
032993,0,0,0,-61,,,,
032994,0,0,0,1019,,,,
032997,0,0,0,1,,,,
032999,0,0,0,50,,,,
033000,0,0,0,7,,,,
033002,0,0,0,-71,,,,
033004,0,0,0,-237,,,,
033005,0,0,0,5,,,,
033006,0,0,0,-61,,,,
033007,0,0,0,-160,,,,
033008,0,0,0,2,,,,
033009,0,0,0,-21,,,,
03300U,0,0,0,17,,,,
033010,0,0,0,-100,,,,
033011,0,0,0,36,,,,
033013,0,0,0,-5,,,,
033016,0,0,0,-110,,,,
033018,0,0,0,0,,,,
033019,0,0,0,2,,,,
033020,0,0,0,4,,,,
033021,0,0,0,-108,,,,
033022,0,0,0,134,,,,
033023,0,0,0,-720,,,,
033025,0,0,0,-10,,,,
033026,0,0,0,0,,,,
033027,0,0,0,-20,,,,
033028,0,0,0,-120,,,,
033029,0,0,0,221,,,,
03302U,0,0,0,-20,,,,
033030,0,0,0,-424,,,,
033033,0,0,0,235,,,,
033034,0,0,0,-185,,,,
033037,0,0,0,-608,,,,
033038,0,0,0,-144,,,,
033040,0,0,0,0,,,,
033041,0,0,0,-63,,,,
033042,0,0,0,-49,,,,
033043,0,0,0,-9,,,,
033045,0,0,0,33,,,,
033046,0,0,0,-13,,,,
033047,0,0,0,-20,,,,
033048,0,0,0,-19,,,,
033049,0,0,0,20,,,,
033050,0,0,0,-5,,,,
033052,0,0,0,-240,,,,
033053,0,0,0,3,,,,
033054,0,0,0,-19,,,,
033056,0,0,0,104,,,,
033058,0,0,0,-28,,,,
033059,0,0,0,32,,,,
033060,0,0,0,-217,,,,
033064,0,0,0,-110,,,,
033065,0,0,0,-8,,,,
033066,0,0,0,120,,,,
033067,0,0,0,16,,,,
033070,0,0,0,0,,,,
033071,0,0,0,-77,,,,
033073,0,0,0,-19,,,,
033076,0,0,0,4,,,,
033077,0,0,0,-113,,,,
033078,0,0,0,-10,,,,
033079,0,0,0,-347,,,,
033080,0,0,0,-45,,,,
033081,0,0,0,-10,,,,
033082,0,0,0,-20,,,,
033083,0,0,0,1,,,,
033084,0,0,0,-40,,,,
033085,0,0,0,12,,,,
033086,0,0,0,1345,,,,
033087,0,0,0,10,,,,
033088,0,0,0,-57,,,,
033089,0,0,0,314,,,,
033090,0,0,0,5,,,,
033091,0,0,0,-8,,,,
033092,0,0,0,-126,,,,
033093,0,0,0,1,,,,
033094,0,0,0,-469,,,,
033098,0,0,0,48,,,,
033099,0,0,0,96,,,,
033100,0,0,0,52,,,,
033101,0,0,0,-57,,,,
033102,0,0,0,54,,,,
033107,0,0,0,-19,,,,
033108,0,0,0,99,,,,
033109,0,0,0,-70,,,,
03310U,0,0,0,-8,,,,
033111,0,0,0,-200,,,,
033113,0,0,0,7,,,,
033122,0,0,0,-274,,,,
033123,0,0,0,-50,,,,
033124,0,0,0,51,,,,
033125,0,0,0,-21,,,,
033126,0,0,0,-102,,,,
033127,0,0,0,-13,,,,
033129,0,0,0,-77,,,,
033130,0,0,0,97,,,,
033137,0,0,0,0,,,,
033140,0,0,0,59,,,,
033142,0,0,0,-480,,,,
033143,0,0,0,12,,,,
033144,0,0,0,378,,,,
033145,0,0,0,-17,,,,
033146,0,0,0,303,,,,
033151,0,0,0,-267,,,,
033153,0,0,0,-87,,,,
033155,0,0,0,14,,,,
033156,0,0,0,-134,,,,
033157,0,0,0,-350,,,,
03315U,0,0,0,74,,,,
033163,0,0,0,-105,,,,
033164,0,0,0,-346,,,,
033165,0,0,0,-282,,,,
033170,0,0,0,-105,,,,
033171,0,0,0,0,,,,
033172,0,0,0,514,,,,
033173,0,0,0,114,,,,
033174,0,0,0,-37,,,,
033175,0,0,0,-49,,,,
033176,0,0,0,9,,,,
033177,0,0,0,-141,,,,
033178,0,0,0,-5,,,,
03317U,0,0,0,40,,,,
033180,0,0,0,31,,,,
033181,0,0,0,156,,,,
033182,0,0,0,-195,,,,
033184,0,0,0,43,,,,
033185,0,0,0,-83,,,,
033188,0,0,0,-1,,,,
033189,0,0,0,19,,,,
03318U,0,0,0,-74,,,,
033192,0,0,0,-10,,,,
033195,0,0,0,-89,,,,
033196,0,0,0,6,,,,
033197,0,0,0,53,,,,
033200,0,0,0,-57,,,,
033201,0,0,0,30,,,,
033204,0,0,0,-302,,,,
033205,0,0,0,-2,,,,
033207,0,0,0,128,,,,
033208,0,0,0,-792,,,,
033209,0,0,0,-329,,,,
033210,0,0,0,-38,,,,
033211,0,0,0,-266,,,,
033212,0,0,0,-218,,,,
033214,0,0,0,-65,,,,
033215,0,0,0,-83,,,,
033216,0,0,0,3,,,,
033217,0,0,0,17,,,,
033218,0,0,0,-262,,,,
033219,0,0,0,-23,,,,
033220,0,0,0,0,,,,
033221,0,0,0,257,,,,
033222,0,0,0,-231,,,,
033223,0,0,0,-181,,,,
033225,0,0,0,80,,,,
033226,0,0,0,39,,,,
033227,0,0,0,94,,,,
033228,0,0,0,-40,,,,
033229,0,0,0,1,,,,
033233,0,0,0,103,,,,
033234,0,0,0,32,,,,
033235,0,0,0,-27,,,,
033236,0,0,0,2,,,,
033237,0,0,0,1,,,,
033238,0,0,0,-10,,,,
033239,0,0,0,20,,,,
033243,0,0,0,749,,,,
033246,0,0,0,-1,,,,
033248,0,0,0,-3,,,,
033250,0,0,0,0,,,,
033251,0,0,0,161,,,,
033252,0,0,0,1,,,,
033253,0,0,0,0,,,,
033254,0,0,0,11,,,,
033255,0,0,0,-19,,,,
033257,0,0,0,40,,,,
033259,0,0,0,50,,,,
033261,0,0,0,848,,,,
033262,0,0,0,17,,,,
033263,0,0,0,0,,,,
033265,0,0,0,0,,,,
033266,0,0,0,0,,,,
033267,0,0,0,-12,,,,
033271,0,0,0,-16,,,,
033272,0,0,0,-120,,,,
033274,0,0,0,45,,,,
033275,0,0,0,208,,,,
033276,0,0,0,159,,,,
033280,0,0,0,-2,,,,
033281,0,0,0,-444,,,,
033283,0,0,0,-50,,,,
033284,0,0,0,-48,,,,
033285,0,0,0,20,,,,
033286,0,0,0,-176,,,,
033287,0,0,0,-71,,,,
033288,0,0,0,-271,,,,
033289,0,0,0,312,,,,
033291,0,0,0,-188,,,,
033292,0,0,0,-50,,,,
033293,0,0,0,17,,,,
033294,0,0,0,10,,,,
033296,0,0,0,-61,,,,
033297,0,0,0,96,,,,
033298,0,0,0,138,,,,
033299,0,0,0,-114,,,,
033301,0,0,0,-674,,,,
033302,0,0,0,-136,,,,
033303,0,0,0,-5,,,,
033305,0,0,0,-202,,,,
033307,0,0,0,2,,,,
033309,0,0,0,-33,,,,
033310,0,0,0,-21,,,,
033311,0,0,0,7,,,,
033312,0,0,0,-110,,,,
033316,0,0,0,-2,,,,
033317,0,0,0,0,,,,
033322,0,0,0,70,,,,
033323,0,0,0,110,,,,
033324,0,0,0,1,,,,
033327,0,0,0,171,,,,
033330,0,0,0,-153,,,,
033331,0,0,0,67,,,,
033332,0,0,0,45,,,,
033334,0,0,0,-22,,,,
033335,0,0,0,97,,,,
033337,0,0,0,-75,,,,
033338,0,0,0,-83,,,,
033340,0,0,0,245,,,,
033342,0,0,0,66,,,,
033343,0,0,0,-18,,,,
033345,0,0,0,6,,,,
033348,0,0,0,12,,,,
033349,0,0,0,-53,,,,
03334U,0,0,0,-5,,,,
033352,0,0,0,0,,,,
033353,0,0,0,-27,,,,
033355,0,0,0,1,,,,
033356,0,0,0,-8,,,,
033357,0,0,0,-56,,,,
033358,0,0,0,22,,,,
033359,0,0,0,-61,,,,
033360,0,0,0,63,,,,
033361,0,0,0,30,,,,
033362,0,0,0,-77,,,,
033363,0,0,0,1043,,,,
033364,0,0,0,6,,,,
033366,0,0,0,-204,,,,
033368,0,0,0,-136,,,,
033369,0,0,0,42,,,,
033370,0,0,0,103,,,,
033372,0,0,0,-347,,,,
033373,0,0,0,-37,,,,
033375,0,0,0,44,,,,
033377,0,0,0,-21,,,,
033378,0,0,0,-21,,,,
033379,0,0,0,-182,,,,
033383,0,0,0,-502,,,,
033386,0,0,0,-8,,,,
033388,0,0,0,49,,,,
033390,0,0,0,4,,,,
033391,0,0,0,-245,,,,
033392,0,0,0,-1,,,,
033393,0,0,0,4,,,,
033398,0,0,0,-135,,,,
033400,0,0,0,15,,,,
033402,0,0,0,30,,,,
033403,0,0,0,12,,,,
033406,0,0,0,126,,,,
033407,0,0,0,-1,,,,
033408,0,0,0,-85,,,,
033410,0,0,0,-20,,,,
033414,0,0,0,-102,,,,
033415,0,0,0,10,,,,
033416,0,0,0,-101,,,,
033418,0,0,0,20,,,,
033419,0,0,0,50,,,,
033420,0,0,0,-2,,,,
033421,0,0,0,-62,,,,
033422,0,0,0,0,,,,
033426,0,0,0,-24,,,,
033428,0,0,0,30,,,,
033429,0,0,0,1,,,,
033430,0,0,0,6,,,,
033431,0,0,0,11,,,,
033434,0,0,0,-21,,,,
033435,0,0,0,34,,,,
033436,0,0,0,16,,,,
033438,0,0,0,3,,,,
03343U,0,0,0,26,,,,
033440,0,0,0,34,,,,
033441,0,0,0,-75,,,,
033442,0,0,0,0,,,,
033443,0,0,0,31,,,,
033444,0,0,0,-73,,,,
033445,0,0,0,-216,,,,
03344U,0,0,0,-321,,,,
033450,0,0,0,-2,,,,
033455,0,0,0,1,,,,
033456,0,0,0,-122,,,,
03345U,0,0,0,-51,,,,
033460,0,0,0,-48,,,,
033461,0,0,0,-162,,,,
033462,0,0,0,1,,,,
033463,0,0,0,-31,,,,
033469,0,0,0,-27,,,,
03346U,0,0,0,60,,,,
033470,0,0,0,-6,,,,
033471,0,0,0,-10,,,,
033472,0,0,0,-13,,,,
033473,0,0,0,-23,,,,
033475,0,0,0,18,,,,
033477,0,0,0,137,,,,
033479,0,0,0,-9,,,,
033480,0,0,0,-83,,,,
033482,0,0,0,0,,,,
033483,0,0,0,-39,,,,
033484,0,0,0,-59,,,,
033485,0,0,0,-512,,,,
033486,0,0,0,-299,,,,
033487,0,0,0,-508,,,,
03348U,0,0,0,7,,,,
033490,0,0,0,94,,,,
033491,0,0,0,283,,,,
033492,0,0,0,-397,,,,
033493,0,0,0,107,,,,
033494,0,0,0,-115,,,,
033495,0,0,0,7,,,,
033496,0,0,0,-247,,,,
033497,0,0,0,-254,,,,
033498,0,0,0,-350,,,,
033500,0,0,0,-293,,,,
033501,0,0,0,66,,,,
033503,0,0,0,-1,,,,
033506,0,0,0,10,,,,
033507,0,0,0,-160,,,,
033508,0,0,0,-738,,,,
033509,0,0,0,-84,,,,
033511,0,0,0,10,,,,
033513,0,0,0,45,,,,
033515,0,0,0,-100,,,,
033519,0,0,0,2,,,,
033521,0,0,0,-34,,,,
033522,0,0,0,5,,,,
033523,0,0,0,-303,,,,
033524,0,0,0,-31,,,,
033525,0,0,0,10,,,,
033526,0,0,0,-74,,,,
033527,0,0,0,-23,,,,
033528,0,0,0,-5,,,,
033529,0,0,0,31,,,,
03352U,0,0,0,40,,,,
033532,0,0,0,-50,,,,
033533,0,0,0,-75,,,,
033535,0,0,0,-15,,,,
033540,0,0,0,2,,,,
033543,0,0,0,3,,,,
033546,0,0,0,108,,,,
033547,0,0,0,23,,,,
033549,0,0,0,202,,,,
03354U,0,0,0,-10,,,,
033550,0,0,0,131,,,,
033551,-4,0,0,-246,,,,
033552,0,0,0,-228,,,,
033553,0,0,0,25,,,,
033554,0,0,0,2,,,,
033558,0,0,0,-8,,,,
033559,0,0,0,-136,,,,
033561,0,0,0,51,,,,
033564,0,0,0,11,,,,
033565,0,0,0,-21,,,,
033566,0,0,0,-120,,,,
033567,0,0,0,-72,,,,
033570,0,0,0,-30,,,,
033571,0,0,0,28,,,,
033572,0,0,0,-143,,,,
033575,0,0,0,-192,,,,
033577,0,0,0,298,,,,
033578,0,0,0,-32,,,,
033580,0,0,0,2,,,,
033581,0,0,0,-19,,,,
033582,0,0,0,-63,,,,
033583,0,0,0,-47,,,,
033585,0,0,0,-224,,,,
033586,0,0,0,-121,,,,
033587,0,0,0,-48,,,,
033588,0,0,0,-30,,,,
033590,0,0,0,-37,,,,
033591,0,0,0,-104,,,,
033592,0,0,0,0,,,,
033594,0,0,0,-65,,,,
033596,0,0,0,-54,,,,
033597,0,0,0,171,,,,
033598,0,0,0,1,,,,
033599,0,0,0,-12,,,,
033600,0,0,0,-1,,,,
033601,0,0,0,-15,,,,
033602,0,0,0,-32,,,,
033607,0,0,0,-136,,,,
033610,0,0,0,-115,,,,
033611,0,0,0,-96,,,,
033612,0,0,0,9,,,,
033615,0,0,0,-24,,,,
033618,0,0,0,40,,,,
033619,0,0,0,-189,,,,
033621,0,0,0,31,,,,
033624,0,0,0,-4,,,,
033626,0,0,0,70,,,,
033627,0,0,0,-2,,,,
033628,0,0,0,-385,,,,
033629,0,0,0,52,,,,
03362U,0,0,0,105,,,,
033630,0,0,0,-13,,,,
033631,0,0,0,-242,,,,
033633,0,0,0,-10,,,,
033636,0,0,0,-401,,,,
033639,0,0,0,189,,,,
033644,0,0,0,-293,,,,
033647,0,0,0,-27,,,,
033648,0,0,0,-387,,,,
033650,0,0,0,-79,,,,
033651,0,0,0,-90,,,,
033652,0,0,0,-181,,,,
033653,0,0,0,-49,,,,
033654,0,0,0,-21,,,,
033655,0,0,0,10,,,,
033656,0,0,0,71,,,,
033658,0,0,0,-328,,,,
033659,0,0,0,0,,,,
033661,0,0,0,71,,,,
033662,0,0,0,35,,,,
033665,0,0,0,83,,,,
033671,0,0,0,4,,,,
033673,0,0,0,17,,,,
033675,0,0,0,0,,,,
033676,0,0,0,0,,,,
033677,0,0,0,9,,,,
033680,0,0,0,-2,,,,
033683,0,0,0,-43,,,,
033685,0,0,0,40,,,,
033686,0,0,0,191,,,,
033687,0,0,0,61,,,,
033688,0,0,0,-21,,,,
033689,0,0,0,-5,,,,
033694,0,0,0,-78,,,,
033697,0,0,0,-7,,,,
033700,0,0,0,-50,,,,
033701,0,0,0,5,,,,
033704,0,0,0,-6,,,,
033705,0,0,0,-79,,,,
033706,0,0,0,30,,,,
033707,0,0,0,-23,,,,
033708,0,0,0,-25,,,,
033709,0,0,0,877,,,,
033710,0,0,0,11,,,,
033713,0,0,0,598,,,,
033714,0,0,0,15,,,,
033715,0,0,0,-2,,,,
033716,0,0,0,-16,,,,
033719,0,0,0,-5,,,,
033720,0,0,0,-1,,,,
033722,0,0,0,34,,,,
033723,0,0,0,60,,,,
033725,0,0,0,-10,,,,
033727,0,0,0,52,,,,
033729,0,0,0,-62,,,,
033730,0,0,0,27,,,,
033731,0,0,0,8,,,,
033732,0,0,0,105,,,,
033733,0,0,0,-2,,,,
033734,0,0,0,-1,,,,
033735,3,0,0,-18,,,,
033736,0,0,0,-4,,,,
033737,0,0,0,-32,,,,
033738,0,0,0,-1387,,,,
033740,0,0,0,80,,,,
033742,0,0,0,-122,,,,
033743,0,0,0,-2,,,,
033744,0,0,0,-1316,,,,
033745,0,0,0,-5,,,,
033747,0,0,0,22,,,,
033748,0,0,0,167,,,,
033749,0,0,0,33,,,,
033750,0,0,0,-22,,,,
033752,0,0,0,31,,,,
033753,0,0,0,34,,,,
033761,0,0,0,-27,,,,
033765,0,0,0,120,,,,
033767,0,0,0,-173,,,,
033769,0,0,0,-4,,,,
033770,0,0,0,20,,,,
033771,0,0,0,20,,,,
033772,0,0,0,-201,,,,
033773,0,0,0,-33,,,,
033775,0,0,0,711,,,,
033776,0,0,0,-22,,,,
033777,0,0,0,176,,,,
033778,0,0,0,-10,,,,
033779,0,0,0,79,,,,
033780,0,0,0,39,,,,
033782,0,0,0,-287,,,,
033783,0,0,0,-10,,,,
033784,0,0,0,5,,,,
033785,0,0,0,-60,,,,
033786,0,0,0,-169,,,,
033787,0,0,0,-62,,,,
033789,0,0,0,11,,,,
033790,0,0,0,-158,,,,
033792,0,0,0,82,,,,
033793,0,0,0,-102,,,,
033794,0,0,0,-108,,,,
033795,0,0,0,97,,,,
033797,0,0,0,7,,,,
033798,0,0,0,-72,,,,
03379U,2,0,0,-22,,,,
033800,0,0,0,-271,,,,
033801,0,0,0,-74,,,,
033802,0,0,0,35,,,,
033804,0,0,0,-532,,,,
033806,0,0,0,100,,,,
033808,0,0,0,0,,,,
033810,0,0,0,-5,,,,
033811,0,0,0,0,,,,
033815,0,0,0,9,,,,
033822,0,0,0,358,,,,
033824,0,0,0,-94,,,,
033825,0,0,0,-84,,,,
033826,0,0,0,-59,,,,
033827,0,0,0,215,,,,
033828,0,0,0,-3,,,,
03382U,0,0,0,65,,,,
033830,0,0,0,25,,,,
033831,0,0,0,-120,,,,
033837,0,0,0,-145,,,,
033839,0,0,0,-56,,,,
03383U,0,0,0,18,,,,
033843,0,0,0,28,,,,
033844,0,0,0,-37,,,,
033845,0,0,0,-3,,,,
033847,0,0,0,-61,,,,
033848,0,0,0,27,,,,
033849,0,0,0,-111,,,,
033852,0,0,0,51,,,,
033853,0,0,0,-527,,,,
033854,0,0,0,29,,,,
033855,0,0,0,425,,,,
033856,0,0,0,-40,,,,
033859,0,0,0,4,,,,
033861,0,0,0,3,,,,
033863,0,0,0,-6,,,,
033865,0,0,0,-19,,,,
033866,0,0,0,25,,,,
033867,0,0,0,4,,,,
033869,0,0,0,-16,,,,
033870,0,0,0,49,,,,
033871,0,0,0,19,,,,
033872,0,0,0,-7,,,,
033873,0,0,0,20,,,,
033875,0,0,0,140,,,,
033876,0,0,0,-37,,,,
033877,0,0,0,-2,,,,
033878,0,0,0,-55,,,,
033879,0,0,0,-460,,,,
033881,0,0,0,-31,,,,
033882,0,0,0,-15,,,,
033883,0,0,0,-2,,,,
033885,0,0,0,48,,,,
033886,0,0,0,-10,,,,
033888,0,0,0,200,,,,
033890,0,0,0,-1,,,,
033891,0,0,0,-1,,,,
033892,0,0,0,-310,,,,
033895,0,0,0,1,,,,
033898,0,0,0,109,,,,
033899,0,0,0,232,,,,
033900,0,0,0,7,,,,
033901,0,0,0,-80,,,,
033904,0,0,0,17,,,,
033905,0,0,0,23,,,,
033906,0,0,0,13,,,,
033907,0,0,0,180,,,,
033908,0,0,0,-8,,,,
033910,0,0,0,305,,,,
033911,0,0,0,68,,,,
033912,0,0,0,35,,,,
033914,0,0,0,46,,,,
033915,0,0,0,126,,,,
033916,0,0,0,90,,,,
033918,0,0,0,5,,,,
033919,0,0,0,-47,,,,
033921,0,0,0,13,,,,
033926,0,0,0,5,,,,
033927,0,0,0,-604,,,,
033928,0,0,0,1,,,,
033929,0,0,0,-31,,,,
033930,0,0,0,-8,,,,
033937,0,0,0,2,,,,
033938,0,0,0,92,,,,
033940,0,0,0,8,,,,
033942,0,0,0,-1,,,,
033943,0,0,0,117,,,,
033944,0,0,0,49,,,,
033945,0,0,0,61,,,,
033946,0,0,0,-537,,,,
033947,0,0,0,-247,,,,
033948,0,0,0,-4,,,,
033949,0,0,0,-17,,,,
033950,0,0,0,-300,,,,
033951,0,0,0,6,,,,
033953,0,0,0,-40,,,,
033956,0,0,0,-71,,,,
033959,0,0,0,-390,,,,
033960,0,0,0,-2,,,,
033961,0,0,0,-3,,,,
033962,0,0,0,190,,,,
033966,0,0,0,-62,,,,
033967,0,0,0,-3,,,,
033968,0,0,0,-261,,,,
033971,0,0,0,-4,,,,
033972,0,0,0,-56,,,,
033973,0,0,0,-71,,,,
033975,0,0,0,51,,,,
033977,0,0,0,-538,,,,
033979,0,0,0,-44,,,,
033980,0,0,0,696,,,,
033981,0,0,0,6,,,,
033986,0,0,0,-12,,,,
033987,0,0,0,-6,,,,
033989,0,0,0,16,,,,
03398U,0,0,0,6,,,,
033990,0,0,0,-69,,,,
033992,0,0,0,12,,,,
033993,0,0,0,190,,,,
033994,0,0,0,362,,,,
033995,0,0,0,-1,,,,
033996,0,0,0,32,,,,
033997,0,0,0,30,,,,
033998,0,0,0,2,,,,
034000,0,0,0,14,,,,
034002,0,0,0,-8,,,,
034003,0,0,0,11,,,,
034005,0,0,0,54,,,,
034006,0,0,0,-24,,,,
034007,0,0,0,-115,,,,
034008,0,0,0,-10,,,,
034009,0,0,0,-10,,,,
034010,0,0,0,94,,,,
034011,0,0,0,271,,,,
034012,0,0,0,-30,,,,
034014,0,0,0,-10,,,,
034016,0,0,0,-88,,,,
034017,0,0,0,-477,,,,
034018,0,0,0,-1,,,,
034019,0,0,0,93,,,,
034020,0,0,0,-6,,,,
034021,0,0,0,-75,,,,
034022,0,0,0,149,,,,
034025,0,0,0,-271,,,,
034026,0,0,0,-458,,,,
034027,0,0,0,590,,,,
034029,0,0,0,-246,,,,
034030,0,0,0,-160,,,,
034033,0,0,0,2,,,,
034034,0,0,0,100,,,,
034036,0,0,0,-6,,,,
034037,0,0,0,20,,,,
034039,0,0,0,-47,,,,
034040,0,0,0,-27,,,,
034042,0,0,0,482,,,,
034043,0,0,0,253,,,,
034046,0,0,0,-52,,,,
034048,0,0,0,0,,,,
03404U,0,0,0,-3,,,,
034050,0,0,0,13,,,,
034051,0,0,0,3,,,,
034052,0,0,0,101,,,,
034054,0,0,0,210,,,,
034055,0,0,0,-434,,,,
034056,0,0,0,96,,,,
034057,0,0,0,30,,,,
034058,0,0,0,-10,,,,
034061,0,0,0,57,,,,
034063,0,0,0,-7,,,,
034067,0,0,0,30,,,,
034068,0,0,0,177,,,,
034069,0,0,0,-84,,,,
034070,0,0,0,32,,,,
034071,0,0,0,3,,,,
034074,0,0,0,-63,,,,
034075,0,0,0,178,,,,
034076,0,0,0,171,,,,
034077,0,0,0,-10,,,,
034080,0,0,0,-10,,,,
034082,0,0,0,-42,,,,
034083,0,0,0,-87,,,,
034084,0,0,0,113,,,,
034085,0,0,0,-419,,,,
034086,0,0,0,-16,,,,
034088,0,0,0,-28,,,,
034095,0,0,0,-10,,,,
034096,0,0,0,-40,,,,
034102,0,0,0,-152,,,,
034105,0,0,0,-26,,,,
034106,0,0,0,-18,,,,
034116,0,0,0,3,,,,
034117,0,0,0,39,,,,
034119,0,0,0,13,,,,
034121,0,0,0,-97,,,,
034123,0,0,0,48,,,,
034124,0,0,0,4,,,,
034125,0,0,0,-34,,,,
034126,0,0,0,6,,,,
034127,0,0,0,-91,,,,
034128,0,0,0,1,,,,
034129,0,0,0,-32,,,,
034130,0,0,0,-205,,,,
034134,0,0,0,50,,,,
034135,0,0,0,-5,,,,
034139,0,0,0,102,,,,
034141,0,0,0,-5,,,,
034142,0,0,0,-30,,,,
034143,0,0,0,-49,,,,
034144,0,0,0,-10,,,,
034145,0,0,0,-3,,,,
034147,0,0,0,-20,,,,
034148,0,0,0,-10,,,,
034149,0,0,0,20,,,,
034150,0,0,0,-2,,,,
034151,0,0,0,263,,,,
034152,0,0,0,31,,,,
034156,0,0,0,-45,,,,
034157,0,0,0,-102,,,,
034158,0,0,0,75,,,,
034159,0,0,0,-8,,,,
03415U,0,0,0,-10,,,,
034160,0,0,0,-10,,,,
034163,0,0,0,-320,,,,
034164,0,0,0,-12,,,,
034165,0,0,0,-1162,,,,
034166,0,0,0,-47,,,,
034170,0,0,0,59,,,,
034171,0,0,0,-40,,,,
034173,0,0,0,4,,,,
034174,0,0,0,71,,,,
034175,0,0,0,13,,,,
034178,0,0,0,-122,,,,
034179,0,0,0,-50,,,,
034181,0,0,0,10,,,,
034182,0,0,0,127,,,,
034183,0,0,0,-110,,,,
034184,0,0,0,-158,,,,
034186,0,0,0,256,,,,
034187,0,0,0,-659,,,,
034188,0,0,0,-134,,,,
034189,0,0,0,328,,,,
034190,0,0,0,90,,,,
034192,0,0,0,-261,,,,
034193,0,0,0,5,,,,
034195,0,0,0,-37,,,,
034198,0,0,0,15,,,,
034199,0,0,0,71,,,,
034203,0,0,0,33,,,,
034204,0,0,0,122,,,,
034205,0,0,0,0,,,,
034206,0,0,0,-4,,,,
034207,0,0,0,6,,,,
03420U,0,0,0,-60,,,,
034211,0,0,0,112,,,,
034212,0,0,0,-4,,,,
034213,0,0,0,24,,,,
034214,0,0,0,2,,,,
034216,0,0,0,-1,,,,
034217,0,0,0,143,,,,
034218,0,0,0,114,,,,
034219,0,0,0,4,,,,
034221,0,0,0,5,,,,
034224,0,0,0,60,,,,
034225,0,0,0,-121,,,,
034226,0,0,0,0,,,,
034229,0,0,0,-12,,,,
034231,0,0,0,-160,,,,
034232,0,0,0,-203,,,,
034234,0,0,0,-7,,,,
034235,0,0,0,86,,,,
034236,0,0,0,146,,,,
034237,0,0,0,364,,,,
034238,0,0,0,98,,,,
03423U,0,0,0,4,,,,
034240,0,0,0,-110,,,,
034241,0,0,0,146,,,,
034242,0,0,0,-86,,,,
034243,0,0,0,-421,,,,
034244,0,0,0,-8,,,,
034246,0,0,0,10,,,,
034247,0,0,0,-105,,,,
034248,0,0,0,100,,,,
034249,0,0,0,34,,,,
034250,0,0,0,-351,,,,
034251,0,0,0,-113,,,,
034253,0,0,0,-78,,,,
034255,0,0,0,10,,,,
034259,0,0,0,15,,,,
034260,0,0,0,-389,,,,
034261,0,0,0,87,,,,
034263,0,0,0,-273,,,,
034265,0,0,0,149,,,,
034266,0,0,0,-1797,,,,
034267,0,0,0,-100,,,,
034268,0,0,0,1054,,,,
034269,0,0,0,-4,,,,
034274,0,0,0,-4,,,,
034276,0,0,0,-219,,,,
034278,0,0,0,167,,,,
034279,0,0,0,22,,,,
034283,0,0,0,-208,,,,
034284,0,0,0,38,,,,
034285,0,0,0,50,,,,
034286,0,0,0,154,,,,
034288,0,0,0,-34,,,,
034289,0,0,0,-560,,,,
034290,0,0,0,-59,,,,
034292,0,0,0,-70,,,,
034294,0,0,0,50,,,,
034295,0,0,0,27,,,,
034300,0,0,0,99,,,,
034301,0,0,0,147,,,,
034303,0,0,0,-10,,,,
034305,0,0,0,-7,,,,
034306,0,0,0,-36,,,,
034309,0,0,0,20,,,,
034310,0,0,0,-3,,,,
034311,0,0,0,-476,,,,
034313,0,0,0,25,,,,
034315,0,0,0,-246,,,,
034318,0,0,0,-32,,,,
03431U,0,0,0,9,,,,
034320,0,0,0,-19,,,,
034322,0,0,0,-18,,,,
034323,0,0,0,-140,,,,
034324,0,0,0,14,,,,
034325,0,0,0,-250,,,,
034326,0,0,0,44,,,,
034328,0,0,0,-1,,,,
034329,0,0,0,-63,,,,
034330,0,0,0,10,,,,
034333,0,0,0,-5,,,,
034334,0,0,0,-28,,,,
034336,0,0,0,-539,,,,
034338,0,0,0,64,,,,
034342,0,0,0,60,,,,
034343,0,0,0,-44,,,,
034344,0,0,0,21,,,,
034345,0,0,0,-2,,,,
034347,0,0,0,28,,,,
034348,0,0,0,-28,,,,
034351,0,0,0,1,,,,
034354,0,0,0,0,,,,
034356,0,0,0,-42,,,,
034357,0,0,0,0,,,,
034359,0,0,0,22,,,,
034362,0,0,0,-74,,,,
034363,0,0,0,25,,,,
034366,0,0,0,-10,,,,
034368,0,0,0,988,,,,
034369,0,0,0,106,,,,
034371,0,0,0,179,,,,
034372,0,0,0,-52,,,,
034373,0,0,0,72,,,,
034374,0,0,0,-7,,,,
034375,0,0,0,-65,,,,
034376,0,0,0,-32,,,,
034377,0,0,0,-10,,,,
034379,0,0,0,-30,,,,
034383,0,0,0,6,,,,
034384,0,0,0,60,,,,
034385,0,0,0,0,,,,
034390,0,0,0,-24,,,,
034391,0,0,0,-34,,,,
034393,0,0,0,2,,,,
034394,0,0,0,-27,,,,
034396,0,0,0,-98,,,,
034398,0,0,0,-94,,,,
034399,0,0,0,1,,,,
034401,0,0,0,-17,,,,
034405,0,0,0,-66,,,,
034407,0,0,0,-10,,,,
034408,0,0,0,-15,,,,
034409,0,0,0,-12,,,,
03440U,0,0,0,-100,,,,
034411,0,0,0,-3,,,,
034413,0,0,0,-20,,,,
034415,0,0,0,-6,,,,
034416,0,0,0,-12,,,,
034417,0,0,0,0,,,,
034418,0,0,0,-8,,,,
034419,0,0,0,-68,,,,
03441U,0,0,0,-115,,,,
034420,0,0,0,-12,,,,
034422,0,0,0,-150,,,,
034423,0,0,0,0,,,,
034425,0,0,0,13,,,,
034426,0,0,0,-11,,,,
034427,0,0,0,-23,,,,
034429,0,0,0,-157,,,,
034430,0,0,0,41,,,,
034432,0,0,0,-198,,,,
034433,0,0,0,160,,,,
034435,0,0,0,1690,,,,
034437,0,0,0,-4,,,,
034439,0,0,0,164,,,,
034440,0,0,0,164,,,,
034441,0,0,0,-47,,,,
034442,0,0,0,93,,,,
034443,0,0,0,-64,,,,
034444,0,0,0,-253,,,,
034445,0,0,0,-262,,,,
034446,0,0,0,15,,,,
034448,0,0,0,-160,,,,
034451,0,0,0,-430,,,,
034452,0,0,0,-713,,,,
034453,0,0,0,-82,,,,
034455,0,0,0,-320,,,,
034457,0,0,0,-139,,,,
034460,0,0,0,-22,,,,
034461,0,0,0,-1,,,,
034468,0,0,0,-59,,,,
034469,0,0,0,-27,,,,
03446U,0,0,0,-19,,,,
034470,0,0,0,30,,,,
034472,0,0,0,-101,,,,
034473,0,0,0,-329,,,,
034474,0,0,0,-35,,,,
034475,0,0,0,-9,,,,
034476,0,0,0,65,,,,
034477,0,0,0,-35,,,,
034482,0,0,0,-87,,,,
034484,0,0,0,6,,,,
034485,0,0,0,50,,,,
034486,0,0,0,209,,,,
034487,0,0,0,-78,,,,
034490,0,0,0,0,,,,
034492,0,0,0,-61,,,,
034495,0,0,0,-47,,,,
034496,0,0,0,-26,,,,
034497,0,0,0,-57,,,,
034498,0,0,0,-22,,,,
034499,0,0,0,4,,,,
03449U,0,0,0,10,,,,
034503,0,0,0,347,,,,
034505,0,0,0,0,,,,
034506,0,0,0,28,,,,
034507,0,0,0,197,,,,
034508,0,0,0,-233,,,,
034509,0,0,0,-50,,,,
034513,0,0,0,-22,,,,
034515,0,0,0,0,,,,
034516,0,0,0,4,,,,
034520,0,0,0,-187,,,,
034521,0,0,0,54,,,,
034522,0,0,0,-101,,,,
034523,0,0,0,-10,,,,
034525,0,0,0,0,,,,
034528,0,0,0,-30,,,,
034531,0,0,0,-25,,,,
034533,0,0,0,43,,,,
034534,0,0,0,-1,,,,
034535,0,0,0,-60,,,,
034536,0,0,0,-109,,,,
034538,0,0,0,175,,,,
034539,0,0,0,-49,,,,
034541,0,0,0,558,,,,
034542,0,0,0,-13,,,,
034543,0,0,0,-10,,,,
034544,0,0,0,117,,,,
034545,0,0,0,-56,,,,
034546,0,0,0,-19,,,,
034547,0,0,0,-328,,,,
034548,0,0,0,-145,,,,
034552,0,0,0,-6,,,,
034553,0,0,0,-23,,,,
034554,0,0,0,8,,,,
034556,0,0,0,23,,,,
034558,0,0,0,39,,,,
034559,0,0,0,29,,,,
03455U,0,0,0,-5,,,,
034561,0,0,0,13,,,,
034562,0,0,0,7,,,,
034563,0,0,0,-10,,,,
034565,0,0,0,5,,,,
034566,0,0,0,85,,,,
034568,0,0,0,-162,,,,
034569,0,0,0,-118,,,,
034572,0,0,0,14,,,,
034573,0,0,0,289,,,,
034575,0,0,0,221,,,,
034578,0,0,0,-237,,,,
034579,0,0,0,182,,,,
03457U,0,0,0,38,,,,
034580,0,0,0,30,,,,
034581,0,0,0,697,,,,
034582,0,0,0,-137,,,,
034583,0,0,0,207,,,,
034585,0,0,0,-8,,,,
034587,0,0,0,0,,,,
034588,0,0,0,-75,,,,
034589,0,0,0,-109,,,,
034590,0,0,0,64,,,,
034591,0,0,0,-50,,,,
034592,0,0,0,7,,,,
034593,0,0,0,-184,,,,
034594,0,0,0,-845,,,,
034595,0,0,0,472,,,,
034596,0,0,0,183,,,,
034597,0,0,0,-528,,,,
034598,0,0,0,-19,,,,
034599,0,0,0,-146,,,,
034601,0,0,0,10,,,,
034602,0,0,0,133,,,,
034603,0,0,0,-117,,,,
034604,0,0,0,-507,,,,
034605,0,0,0,-60,,,,
034606,0,0,0,-175,,,,
034607,0,0,0,10,,,,
034608,0,0,0,49,,,,
034609,0,0,0,54,,,,
034610,0,0,0,88,,,,
034612,0,0,0,6,,,,
034613,0,0,0,-2,,,,
034614,0,0,0,278,,,,
034616,0,0,0,0,,,,
034620,0,0,0,-157,,,,
034622,0,0,0,2,,,,
034623,0,0,0,-83,,,,
034624,0,0,0,-200,,,,
034626,0,0,0,1,,,,
034628,0,0,0,-25,,,,
034629,0,0,0,932,,,,
034631,0,0,0,1586,,,,
034634,0,0,0,-43,,,,
034635,0,0,0,234,,,,
034636,0,0,0,30,,,,
034637,0,0,0,10,,,,
034638,0,0,0,2,,,,
034640,0,0,0,98,,,,
034641,0,0,0,-95,,,,
034644,0,0,0,10,,,,
034645,0,0,0,-79,,,,
034646,0,0,0,4,,,,
034649,0,0,0,-45,,,,
034650,0,0,0,23,,,,
034651,0,0,0,12,,,,
034652,0,0,0,-8,,,,
034653,0,0,0,50,,,,
034654,0,0,0,208,,,,
034655,0,0,0,140,,,,
034656,0,0,0,22,,,,
034658,0,0,0,-165,,,,
034659,0,0,0,-202,,,,
03465U,0,0,0,50,,,,
034660,0,0,0,92,,,,
034662,0,0,0,71,,,,
034663,0,0,0,161,,,,
034664,0,0,0,8,,,,
034665,0,0,0,45,,,,
034667,0,0,0,-11,,,,
034669,0,0,0,72,,,,
034670,0,0,0,191,,,,
034672,0,0,0,-148,,,,
034674,0,0,0,-30,,,,
034675,0,0,0,-240,,,,
034676,0,0,0,-5,,,,
034678,0,0,0,1,,,,
034679,-1,0,0,51,,,,
034680,0,0,0,57,,,,
034681,0,0,0,5,,,,
034683,0,0,0,0,,,,
034684,0,0,0,-10,,,,
034685,0,0,0,-12,,,,
034686,0,0,0,26,,,,
034689,0,0,0,-16,,,,
034690,0,0,0,-10,,,,
034691,0,0,0,-11,,,,
034692,0,0,0,-7,,,,
034693,0,0,0,4,,,,
034698,0,0,0,100,,,,
034699,0,0,0,62,,,,
034706,0,0,0,-3,,,,
034707,0,0,0,-22,,,,
03470U,0,0,0,-120,,,,
034712,0,0,0,-15,,,,
034716,0,0,0,1,,,,
034718,0,0,0,-50,,,,
034720,0,0,0,-10,,,,
034729,0,0,0,-16,,,,
034731,0,0,0,-47,,,,
034732,0,0,0,48,,,,
034737,0,0,0,65,,,,
034738,0,0,0,-23,,,,
034743,0,0,0,-259,,,,
034744,0,0,0,-218,,,,
034745,0,0,0,104,,,,
034748,0,0,0,5,,,,
03474U,0,0,0,-30,,,,
034750,0,0,0,115,,,,
034754,0,0,0,-22,,,,
034755,0,0,0,-24,,,,
034756,0,0,0,-44,,,,
034757,0,0,0,-6,,,,
034759,0,0,0,4,,,,
03475U,0,0,0,-299,,,,
034760,0,0,0,80,,,,
034764,0,0,0,-801,,,,
034766,0,0,0,-13,,,,
034767,0,0,0,141,,,,
034768,0,0,0,75,,,,
034769,0,0,0,26,,,,
034770,0,0,0,-28,,,,
034771,0,0,0,-1,,,,
034774,0,0,0,148,,,,
034775,0,0,0,-160,,,,
034776,0,0,0,-1,,,,
03477U,0,0,0,150,,,,
034780,0,0,0,-532,,,,
034781,0,0,0,-390,,,,
034782,0,0,0,8,,,,
034783,0,0,0,-272,,,,
034784,0,0,0,0,,,,
034785,0,0,0,-203,,,,
034786,0,0,0,-10,,,,
034788,0,0,0,-1068,,,,
034792,0,0,0,-298,,,,
034793,0,0,0,315,,,,
034794,0,0,0,-160,,,,
034795,0,0,0,-133,,,,
034796,0,0,0,1,,,,
034797,0,0,0,23,,,,
034798,0,0,0,-157,,,,
034799,0,0,0,-343,,,,
034800,0,0,0,15,,,,
034802,0,0,0,0,,,,
034803,0,0,0,-55,,,,
034804,0,0,0,-306,,,,
034805,0,0,0,334,,,,
034806,0,0,0,-23,,,,
034807,0,0,0,116,,,,
034808,0,0,0,-102,,,,
034809,0,0,0,-6,,,,
034811,0,0,0,15,,,,
034812,0,0,0,-168,,,,
034814,0,0,0,-18,,,,
034815,0,0,0,-10,,,,
034816,0,0,0,-13,,,,
034818,0,0,0,13,,,,
034819,0,0,0,151,,,,
03481U,0,0,0,200,,,,
034820,0,0,0,19,,,,
034822,0,0,0,-21,,,,
034823,0,0,0,-22,,,,
034824,0,0,0,45,,,,
034825,0,0,0,-23,,,,
034828,0,0,0,99,,,,
034829,0,0,0,-15,,,,
034830,0,0,0,37,,,,
034833,0,0,0,-276,,,,
034834,0,0,0,119,,,,
034835,0,0,0,-10,,,,
034836,0,0,0,-85,,,,
034839,0,0,0,-43,,,,
034840,0,0,0,7,,,,
034841,0,0,0,18,,,,
034842,0,0,0,-15,,,,
034843,0,0,0,17,,,,
034844,0,0,0,-293,,,,
034845,0,0,0,-21,,,,
03484U,0,0,0,70,,,,
034852,0,0,0,11,,,,
034853,0,0,0,-22,,,,
034854,0,0,0,8,,,,
034856,0,0,0,-54,,,,
034858,0,0,0,137,,,,
034859,0,0,0,245,,,,
034860,0,0,0,174,,,,
034862,0,0,0,30,,,,
034863,0,0,0,-64,,,,
034864,0,0,0,-32,,,,
034867,0,0,0,-153,,,,
034869,0,0,0,115,,,,
034870,0,0,0,309,,,,
034871,0,0,0,0,,,,
034872,0,0,0,-4,,,,
034873,0,0,0,-24,,,,
034874,0,0,0,-247,,,,
034875,0,0,0,-610,,,,
034876,0,0,0,190,,,,
034880,0,0,0,13,,,,
034881,0,0,0,0,,,,
034882,0,0,0,-1,,,,
034884,0,0,0,-89,,,,
034885,0,0,0,8,,,,
034887,0,0,0,-2,,,,
034888,0,0,0,159,,,,
034891,0,0,0,-135,,,,
034892,0,0,0,-2,,,,
034893,0,0,0,-52,,,,
034894,0,0,0,66,,,,
034895,0,0,0,-194,,,,
034896,0,0,0,-350,,,,
034897,0,0,0,0,,,,
034898,0,0,0,-1,,,,
034899,0,0,0,7,,,,
034901,0,0,0,44,,,,
034902,0,0,0,-70,,,,
034905,0,0,0,4,,,,
034907,0,0,0,23,,,,
034908,0,0,0,-11,,,,
03490U,0,0,0,10,,,,
034912,0,0,0,195,,,,
034914,0,0,0,-3,,,,
034916,0,0,0,-640,,,,
034917,0,0,0,11,,,,
034919,0,0,0,-17,,,,
03491U,0,0,0,-100,,,,
034920,0,0,0,2,,,,
034921,0,0,0,3,,,,
034922,0,0,0,-97,,,,
034925,0,0,0,1,,,,
034926,0,0,0,-47,,,,
034927,0,0,0,85,,,,
034928,0,0,0,604,,,,
034929,0,0,0,-7,,,,
034930,0,0,0,-16,,,,
034931,0,0,0,0,,,,
034932,0,0,0,0,,,,
034934,0,0,0,55,,,,
034936,0,0,0,6,,,,
034937,0,0,0,1,,,,
034939,0,0,0,-97,,,,
034940,0,0,0,-20,,,,
034941,0,0,0,-16,,,,
034942,0,0,0,-26,,,,
034943,0,0,0,4,,,,
034944,0,0,0,-2,,,,
034945,0,0,0,-15,,,,
034946,0,0,0,-20,,,,
034947,0,0,0,-1,,,,
034948,0,0,0,-13,,,,
034950,0,0,0,55,,,,
034952,0,0,0,-11,,,,
034956,0,0,0,-91,,,,
034957,0,0,0,107,,,,
034958,0,0,0,138,,,,
034959,0,0,0,12,,,,
034963,0,0,0,10,,,,
034964,0,0,0,-6,,,,
034966,0,0,0,75,,,,
034969,0,0,0,2,,,,
034970,0,0,0,-129,,,,
034971,0,0,0,1,,,,
034977,0,0,0,-17,,,,
034978,0,0,0,-50,,,,
034980,0,0,0,3,,,,
034981,0,0,0,-50,,,,
034984,0,0,0,-40,,,,
034987,0,0,0,1,,,,
034988,0,0,0,-59,,,,
034989,0,0,0,-195,,,,
034990,0,0,0,-17,,,,
034993,0,0,0,113,,,,
034994,0,0,0,-533,,,,
034995,0,0,0,-5,,,,
034996,0,0,0,95,,,,
034997,0,0,0,29,,,,
034999,0,0,0,2,,,,
035000,0,0,0,-167,,,,
035001,0,0,0,-44,,,,
035002,0,0,0,-74,,,,
035003,0,0,0,243,,,,
035004,0,0,0,61,,,,
035005,0,0,0,-6,,,,
035006,0,0,0,-71,,,,
035007,0,0,0,-175,,,,
035008,0,0,0,145,,,,
035009,0,0,0,-100,,,,
035010,0,0,0,-146,,,,
035014,0,0,0,1,,,,
035015,0,0,0,32,,,,
035016,0,0,0,-40,,,,
035017,0,0,0,7,,,,
035018,0,0,0,-4,,,,
03501U,0,0,0,-10,,,,
035021,0,0,0,1,,,,
035022,0,0,0,-4,,,,
035025,0,0,0,13,,,,
035027,0,0,0,-15,,,,
035028,0,0,0,-32,,,,
035029,0,0,0,0,,,,
035030,0,0,0,-6,,,,
035032,0,0,0,33,,,,
035035,0,0,0,95,,,,
035038,0,0,0,-10,,,,
035039,0,0,0,357,,,,
035041,0,0,0,4,,,,
035043,0,0,0,64,,,,
035044,0,0,0,-33,,,,
035046,0,0,0,-54,,,,
035047,0,0,0,-1,,,,
035048,0,0,0,-46,,,,
035049,0,0,0,13,,,,
03504U,0,0,0,-198,,,,
035050,0,0,0,71,,,,
035051,0,0,0,414,,,,
035052,0,0,0,95,,,,
035053,0,0,0,-183,,,,
035054,0,0,0,58,,,,
035055,0,0,0,28,,,,
035056,0,0,0,-97,,,,
035057,0,0,0,557,,,,
035058,0,0,0,0,,,,
035060,0,0,0,-101,,,,
035061,0,0,0,-3,,,,
035062,0,0,0,139,,,,
035063,0,0,0,270,,,,
035065,0,0,0,-21,,,,
035066,0,0,0,-50,,,,
035067,0,0,0,-79,,,,
035068,0,0,0,-99,,,,
035069,0,0,0,-24,,,,
035071,0,0,0,-104,,,,
035072,0,0,0,-25,,,,
035074,0,0,0,-46,,,,
035075,0,0,0,26,,,,
035077,0,0,0,-2,,,,
035079,0,0,0,-33,,,,
035080,0,0,0,102,,,,
035081,0,0,0,153,,,,
035083,0,0,0,-50,,,,
035085,0,0,0,58,,,,
035087,0,0,0,-23,,,,
035088,0,0,0,-33,,,,
035089,0,0,0,-253,,,,
03508U,0,0,0,2,,,,
035090,0,0,0,78,,,,
035092,0,0,0,-22,,,,
035093,0,0,0,50,,,,
035095,0,0,0,-40,,,,
035096,0,0,0,43,,,,
035098,0,0,0,-349,,,,
035099,0,0,0,-20,,,,
035100,0,0,0,-96,,,,
035101,0,0,0,0,,,,
035102,0,0,0,-166,,,,
035103,0,0,0,31,,,,
035107,0,0,0,0,,,,
035108,0,0,0,19,,,,
035110,0,0,0,45,,,,
035111,0,0,0,97,,,,
035114,0,0,0,49,,,,
035117,0,0,0,7,,,,
035120,0,0,0,18,,,,
035122,0,0,0,-3,,,,
035123,0,0,0,-47,,,,
035127,0,0,0,20,,,,
035128,0,0,0,5,,,,
035129,0,0,0,33,,,,
035130,0,0,0,-55,,,,
035131,0,0,0,2,,,,
035132,0,0,0,783,,,,
035134,0,0,0,-93,,,,
035135,0,0,0,50,,,,
035136,0,0,0,15,,,,
035137,0,0,0,79,,,,
035139,0,0,0,20,,,,
035140,0,0,0,23,,,,
035142,0,0,0,-25,,,,
035143,0,0,0,14,,,,
035145,0,0,0,-75,,,,
035146,0,0,0,15,,,,
035148,0,0,0,210,,,,
035149,0,0,0,10,,,,
03514U,0,0,0,6,,,,
035150,0,0,0,97,,,,
035151,0,0,0,-505,,,,
035153,0,0,0,10,,,,
035155,0,0,0,0,,,,
035156,0,0,0,-112,,,,
035157,0,0,0,-180,,,,
035159,0,0,0,-24,,,,
03515U,0,0,0,-120,,,,
035161,0,0,0,-204,,,,
035162,0,0,0,238,,,,
035163,0,0,0,62,,,,
035164,0,0,0,-237,,,,
035165,0,0,0,-207,,,,
035166,0,0,0,-57,,,,
035167,0,0,0,-19,,,,
035168,0,0,0,82,,,,
035169,0,0,0,110,,,,
035172,0,0,0,10,,,,
035173,0,0,0,-655,,,,
035177,0,0,0,48,,,,
035178,0,0,0,5,,,,
035179,0,0,0,-84,,,,
03517U,0,0,0,100,,,,
035180,0,0,0,660,,,,
035181,0,0,0,-137,,,,
035182,0,0,0,-77,,,,
035184,0,0,0,-35,,,,
035186,0,0,0,8,,,,
035187,0,0,0,-80,,,,
035188,0,0,0,777,,,,
035192,0,0,0,-1,,,,
035193,0,0,0,18,,,,
035194,0,0,0,-55,,,,
035197,0,0,0,6,,,,
035198,0,0,0,-15,,,,
035199,0,0,0,9,,,,
035200,0,0,0,-1018,,,,
035201,0,0,0,-56,,,,
035202,0,0,0,11,,,,
035203,0,0,0,-4,,,,
035204,0,0,0,-131,,,,
035205,0,0,0,28,,,,
035206,0,0,0,-13,,,,
035207,0,0,0,-19,,,,
035208,0,0,0,7,,,,
03520U,0,0,0,-3,,,,
035210,0,0,0,3,,,,
035213,0,0,0,-97,,,,
035214,0,0,0,15,,,,
035215,0,0,0,45,,,,
035216,0,0,0,25,,,,
035218,0,0,0,-41,,,,
035219,0,0,0,2,,,,
035221,0,0,0,-2,,,,
035224,0,0,0,142,,,,
035226,0,0,0,-211,,,,
035227,0,0,0,259,,,,
035228,0,0,0,511,,,,
03522U,0,0,0,499,,,,
035230,0,0,0,402,,,,
035231,0,0,0,-168,,,,
035232,0,0,0,-60,,,,
035233,0,0,0,-193,,,,
035235,0,0,0,78,,,,
035237,0,0,0,-34,,,,
035238,0,0,0,37,,,,
035239,0,0,0,-111,,,,
035241,0,0,0,-12,,,,
035242,0,0,0,-7,,,,
035243,0,0,0,26,,,,
035244,0,0,0,-17,,,,
035245,0,0,0,-5,,,,
035248,0,0,0,10,,,,
035250,0,0,0,0,,,,
035251,0,0,0,76,,,,
035254,0,0,0,-25,,,,
035255,0,0,0,-10,,,,
035257,4,0,0,-4,,,,
035258,0,0,0,103,,,,
03525U,0,0,0,60,,,,
035260,0,0,0,9,,,,
035264,0,0,0,30,,,,
035267,0,0,0,1,,,,
035269,0,0,0,11,,,,
035270,0,0,0,-80,,,,
035272,0,0,0,71,,,,
035275,0,0,0,-3,,,,
035277,0,0,0,2,,,,
035281,0,0,0,-51,,,,
035285,0,0,0,-113,,,,
035286,0,0,0,-123,,,,
035287,0,0,0,10,,,,
035288,0,0,0,8,,,,
035289,0,0,0,-73,,,,
035290,0,0,0,-78,,,,
035295,0,0,0,-12,,,,
035296,0,0,0,-97,,,,
035297,0,0,0,-70,,,,
035299,0,0,0,41,,,,
035302,0,0,0,-20,,,,
035304,0,0,0,37,,,,
035305,0,0,0,14,,,,
035306,0,0,0,13,,,,
035308,0,0,0,20,,,,
035309,0,0,0,-21,,,,
03530U,0,0,0,8,,,,
035310,0,0,0,20,,,,
035311,0,0,0,-313,,,,
035312,0,0,0,-58,,,,
035313,0,0,0,-151,,,,
035315,0,0,0,37,,,,
035316,0,0,0,73,,,,
035317,0,0,0,-15,,,,
03531U,0,0,0,10,,,,
035320,0,0,0,-20,,,,
035323,0,0,0,-4,,,,
035325,0,0,0,102,,,,
035326,0,0,0,-17,,,,
035328,0,0,0,-117,,,,
035329,0,0,0,-116,,,,
035331,0,0,0,34,,,,
035334,0,0,0,-94,,,,
035336,0,0,0,19,,,,
035337,0,0,0,-97,,,,
035338,0,0,0,-121,,,,
035342,0,0,0,36,,,,
035343,0,0,0,-54,,,,
035345,0,0,0,22,,,,
035346,0,0,0,73,,,,
035348,0,0,0,-107,,,,
035354,0,0,0,-836,,,,
035356,0,0,0,-2,,,,
035357,0,0,0,-66,,,,
035359,0,0,0,5,,,,
035361,0,0,0,-23,,,,
035362,0,0,0,-47,,,,
035363,0,0,0,-71,,,,
035367,0,0,0,-30,,,,
035368,0,0,0,15,,,,
035369,0,0,0,-47,,,,
035370,0,0,0,2,,,,
035376,0,0,0,86,,,,
035380,0,0,0,-93,,,,
035382,0,0,0,116,,,,
035383,0,0,0,2,,,,
035387,0,0,0,2,,,,
035390,0,0,0,24,,,,
035393,0,0,0,520,,,,
035395,0,0,0,161,,,,
035396,0,0,0,-9,,,,
035397,0,0,0,37,,,,
035398,0,0,0,-85,,,,
03539U,0,0,0,228,,,,
035400,0,0,0,153,,,,
035401,0,0,0,-1,,,,
035403,0,0,0,2,,,,
035405,0,0,0,-5,,,,
035409,0,0,0,-87,,,,
03540U,0,0,0,-1,,,,
035412,0,0,0,-101,,,,
035413,0,0,0,-1,,,,
035414,0,0,0,40,,,,
035415,0,0,0,-272,,,,
035416,0,0,0,-1,,,,
035417,0,0,0,-20,,,,
035418,0,0,0,-27,,,,
035419,0,0,0,21,,,,
035420,0,0,0,-52,,,,
035421,0,0,0,-156,,,,
035422,0,0,0,-147,,,,
035423,0,0,0,35,,,,
035424,0,0,0,-1,,,,
035425,0,0,0,3,,,,
035426,0,0,0,24,,,,
035427,0,0,0,-2,,,,
035428,0,0,0,-50,,,,
035429,0,0,0,14,,,,
035430,0,0,0,309,,,,
035433,0,0,0,-331,,,,
035435,0,0,0,-5,,,,
035437,0,0,0,85,,,,
035438,0,0,0,2,,,,
03543U,0,0,0,2,,,,
035441,0,0,0,25,,,,
035442,0,0,0,10,,,,
035443,0,0,0,20,,,,
035445,0,0,0,-30,,,,
035446,0,0,0,2,,,,
035451,0,0,0,11,,,,
035454,0,0,0,-162,,,,
035455,0,0,0,-2,,,,
035457,0,0,0,47,,,,
035458,0,0,0,17,,,,
035459,0,0,0,-158,,,,
03545U,0,0,0,-30,,,,
035462,0,0,0,2,,,,
035463,0,0,0,-187,,,,
035464,0,0,0,180,,,,
035465,0,0,0,-20,,,,
035468,0,0,0,1,,,,
035472,0,0,0,41,,,,
035476,0,0,0,31,,,,
035477,0,0,0,-3,,,,
035479,0,0,0,-170,,,,
035480,0,0,0,150,,,,
035481,0,0,0,101,,,,
035483,0,0,0,-21,,,,
035484,0,0,0,95,,,,
035487,0,0,0,-48,,,,
035488,0,0,0,-10,,,,
03548U,0,0,0,57,,,,
035491,0,0,0,-170,,,,
035495,0,0,0,-10,,,,
035496,0,0,0,-50,,,,
035498,0,0,0,-5,,,,
03549U,0,0,0,60,,,,
035500,0,0,0,209,,,,
035501,0,0,0,-53,,,,
035507,0,0,0,19,,,,
035509,0,0,0,-81,,,,
03550U,0,0,0,-123,,,,
035510,0,0,0,1,,,,
035511,0,0,0,24,,,,
035513,0,0,0,6,,,,
035514,0,0,0,-33,,,,
035515,0,0,0,-10,,,,
035517,0,0,0,10,,,,
035519,0,0,0,-31,,,,
035520,0,0,0,-771,,,,
035521,0,0,0,0,,,,
035522,0,0,0,9,,,,
035523,0,0,0,-18,,,,
035524,0,0,0,18,,,,
035525,0,0,0,-12,,,,
035527,0,0,0,1,,,,
035528,0,0,0,5,,,,
035529,0,0,0,-59,,,,
035530,0,0,0,-139,,,,
035532,0,0,0,0,,,,
035533,0,0,0,-5,,,,
035534,0,0,0,0,,,,
035535,0,0,0,76,,,,
035537,0,0,0,112,,,,
035538,0,0,0,-21,,,,
035539,0,0,0,-20,,,,
03553U,0,0,0,700,,,,
035540,0,0,0,0,,,,
035541,0,0,0,-45,,,,
035542,0,0,0,-2,,,,
035543,0,0,0,-65,,,,
035547,0,0,0,-19,,,,
035548,0,0,0,-19,,,,
035551,0,0,0,-4,,,,
035552,0,0,0,67,,,,
035553,0,0,0,-3,,,,
035555,0,0,0,-12,,,,
035557,0,0,0,22,,,,
035559,0,0,0,-10,,,,
035560,0,0,0,-15,,,,
035566,0,0,0,4,,,,
035567,0,0,0,-50,,,,
035568,0,0,0,-27,,,,
035571,0,0,0,-42,,,,
035572,0,0,0,1,,,,
035573,0,0,0,3,,,,
035574,0,0,0,-20,,,,
035575,0,0,0,-150,,,,
035577,0,0,0,-260,,,,
035579,0,0,0,-371,,,,
03557U,0,0,0,-10,,,,
035580,0,0,0,-8,,,,
035582,0,0,0,30,,,,
035583,0,0,0,56,,,,
035584,0,0,0,-308,,,,
035587,0,0,0,9,,,,
035588,0,0,0,121,,,,
035589,0,0,0,70,,,,
035593,0,0,0,2,,,,
035594,0,0,0,56,,,,
035595,0,0,0,-60,,,,
035596,0,0,0,34,,,,
035597,0,0,0,-103,,,,
035598,0,0,0,-329,,,,
035603,0,0,0,-42,,,,
035604,0,0,0,-136,,,,
035606,0,0,0,-182,,,,
035607,0,0,0,30,,,,
035608,0,0,0,146,,,,
035609,0,0,0,34,,,,
035610,0,0,0,-48,,,,
035611,0,0,0,138,,,,
035613,0,0,0,7,,,,
035615,0,0,0,-216,,,,
035616,0,0,0,125,,,,
035619,0,0,0,222,,,,
035620,0,0,0,104,,,,
035621,0,0,0,-617,,,,
035622,0,0,0,197,,,,
035623,0,0,0,152,,,,
035624,0,0,0,-5,,,,
035627,0,0,0,-16,,,,
035628,0,0,0,-2,,,,
035629,0,0,0,-93,,,,
035630,0,0,0,4,,,,
035633,0,0,0,58,,,,
035634,0,0,0,550,,,,
035635,0,0,0,11,,,,
035636,0,0,0,-41,,,,
035637,0,0,0,37,,,,
035639,0,0,0,-42,,,,
03563U,0,0,0,-5,,,,
035640,0,0,0,-15,,,,
035643,0,0,0,17,,,,
035644,0,0,0,19,,,,
035645,0,0,0,2,,,,
035646,0,0,0,2,,,,
035649,0,0,0,-37,,,,
035651,0,0,0,-9,,,,
035653,0,0,0,-779,,,,
035654,0,0,0,27,,,,
035658,0,0,0,-35,,,,
035659,0,0,0,-24,,,,
035661,0,0,0,58,,,,
035662,0,0,0,5,,,,
035663,0,0,0,-75,,,,
035664,0,0,0,-181,,,,
035665,0,0,0,23,,,,
035666,0,0,0,20,,,,
035667,0,0,0,-75,,,,
035669,0,0,0,22,,,,
035670,0,0,0,100,,,,
035672,0,0,0,62,,,,
035673,0,0,0,66,,,,
035675,0,0,0,62,,,,
035677,0,0,0,30,,,,
035678,0,0,0,14,,,,
035681,0,0,0,217,,,,
035683,0,0,0,251,,,,
035685,0,0,0,2,,,,
035686,0,0,0,4,,,,
035688,0,0,0,-14,,,,
035689,0,0,0,-21,,,,
03568U,0,0,0,-100,,,,
035690,0,0,0,96,,,,
035693,0,0,0,5,,,,
035694,0,0,0,6,,,,
035695,0,0,0,-21,,,,
035696,0,0,0,16,,,,
035697,0,0,0,-50,,,,
035698,0,0,0,2,,,,
035699,0,0,0,117,,,,
035700,0,0,0,34,,,,
035701,0,0,0,-10,,,,
035702,0,0,0,6,,,,
035709,0,0,0,-31,,,,
035710,0,0,0,80,,,,
035711,0,0,0,8,,,,
035712,0,0,0,-20,,,,
035713,0,0,0,-40,,,,
035716,0,0,0,-2,,,,
035718,0,0,0,-58,,,,
035719,0,0,0,-29,,,,
035722,0,0,0,10,,,,
035723,0,0,0,0,,,,
035725,0,0,0,12,,,,
035726,0,0,0,81,,,,
035727,0,0,0,-40,,,,
03572U,0,0,0,6,,,,
035730,0,0,0,-50,,,,
035731,0,0,0,59,,,,
035733,0,0,0,-13,,,,
035736,0,0,0,15,,,,
035739,0,0,0,-123,,,,
035740,0,0,0,6,,,,
035741,0,0,0,-1,,,,
035742,0,0,0,-25,,,,
035743,0,0,0,57,,,,
035748,0,0,0,-40,,,,
035752,0,0,0,-71,,,,
035753,0,0,0,309,,,,
035755,0,0,0,43,,,,
035756,0,0,0,-46,,,,
035758,0,0,0,-31,,,,
035759,0,0,0,10,,,,
035765,0,0,0,-192,,,,
035772,0,0,0,-40,,,,
035773,0,0,0,-30,,,,
035774,0,0,0,0,,,,
035776,0,0,0,0,,,,
035777,0,0,0,0,,,,
035779,0,0,0,133,,,,
035781,0,0,0,-1,,,,
035782,0,0,0,0,,,,
035785,0,0,0,-3,,,,
035787,0,0,0,-6,,,,
035788,0,0,0,-77,,,,
035789,0,0,0,-11,,,,
035792,0,0,0,50,,,,
035795,0,0,0,-147,,,,
035796,0,0,0,307,,,,
035798,0,0,0,-28,,,,
035799,0,0,0,22,,,,
035801,0,0,0,40,,,,
035804,0,0,0,23,,,,
035806,0,0,0,-43,,,,
035812,0,0,0,-11,,,,
035815,0,0,0,-265,,,,
035817,0,0,0,50,,,,
035818,0,0,0,167,,,,
03581U,0,0,0,-25,,,,
035822,0,0,0,-24,,,,
035825,0,0,0,96,,,,
035826,0,0,0,18,,,,
035828,0,0,0,-514,,,,
035829,0,0,0,-315,,,,
035830,0,0,0,-131,,,,
035832,0,0,0,-5,,,,
035835,0,0,0,-135,,,,
035836,0,0,0,160,,,,
035837,0,0,0,240,,,,
035838,0,0,0,24,,,,
035840,0,0,0,89,,,,
035841,0,0,0,159,,,,
035842,0,0,0,-63,,,,
035844,0,0,0,-100,,,,
035845,0,0,0,-723,,,,
035846,0,0,0,-328,,,,
035848,0,0,0,4,,,,
035850,0,0,0,268,,,,
035851,0,0,0,-78,,,,
035852,0,0,0,-48,,,,
035854,0,0,0,-760,,,,
035855,0,0,0,363,,,,
035856,0,0,0,-198,,,,
035857,0,0,0,89,,,,
035860,0,0,0,-20,,,,
035861,0,0,0,0,,,,
035862,0,0,0,-27,,,,
035863,0,0,0,-9,,,,
035864,0,0,0,-101,,,,
035865,0,0,0,8,,,,
035866,0,0,0,0,,,,
035868,0,0,0,9,,,,
035869,0,0,0,-682,,,,
03586U,0,0,0,2,,,,
035870,0,0,0,-45,,,,
035872,0,0,0,24,,,,
035875,0,0,0,32,,,,
035877,0,0,0,-50,,,,
035878,0,0,0,126,,,,
035879,0,0,0,10,,,,
03587U,0,0,0,-30,,,,
035880,0,0,0,-39,,,,
035881,0,0,0,-331,,,,
035882,0,0,0,170,,,,
035886,0,0,0,2,,,,
035888,0,0,0,-300,,,,
035892,0,0,0,-153,,,,
035893,0,0,0,2,,,,
035895,0,0,0,60,,,,
035896,0,0,0,-256,,,,
035898,0,0,0,159,,,,
03589U,0,0,0,22,,,,
035902,0,0,0,410,,,,
035904,0,0,0,-132,,,,
035906,0,0,0,-445,,,,
035907,0,0,0,-33,,,,
035908,0,0,0,75,,,,
035911,0,0,0,-46,,,,
035912,0,0,0,-8,,,,
035913,0,0,0,-12,,,,
035915,0,0,0,20,,,,
035916,0,0,0,15,,,,
035918,0,0,0,-15,,,,
035919,0,0,0,25,,,,
03591U,0,0,0,30,,,,
035920,0,0,0,-40,,,,
035924,0,0,0,-6,,,,
035926,0,0,0,-19,,,,
035927,0,0,0,-24,,,,
035928,0,0,0,-8,,,,
035929,0,0,0,2,,,,
035930,0,0,0,-12,,,,
035931,0,0,0,24,,,,
035932,0,0,0,-35,,,,
035935,0,0,0,-5,,,,
035936,0,0,0,-8,,,,
035937,0,0,0,23,,,,
035938,0,0,0,49,,,,
035939,0,0,0,-5,,,,
035940,0,0,0,120,,,,
035941,0,0,0,187,,,,
035942,0,0,0,178,,,,
035944,0,0,0,-2,,,,
035945,0,0,0,0,,,,
035946,0,0,0,1,,,,
035947,0,0,0,31,,,,
035948,0,0,0,5,,,,
035949,0,0,0,5,,,,
035951,0,0,0,86,,,,
035952,0,0,0,-50,,,,
035957,0,0,0,-62,,,,
035959,0,0,0,51,,,,
035960,0,0,0,-165,,,,
035962,0,0,0,2,,,,
035964,0,0,0,-72,,,,
035966,0,0,0,0,,,,
035967,0,0,0,31,,,,
035969,0,0,0,-151,,,,
03596U,0,0,0,100,,,,
035970,0,0,0,106,,,,
035973,0,0,0,3,,,,
035977,0,0,0,180,,,,
03597U,0,0,0,-46,,,,
035981,0,0,0,1,,,,
035983,0,0,0,25,,,,
035988,0,0,0,-21,,,,
035989,0,0,0,46,,,,
03598U,0,0,0,388,,,,
035990,0,0,0,334,,,,
035991,0,0,0,48,,,,
035993,0,0,0,4,,,,
035994,0,0,0,0,,,,
035996,0,0,0,196,,,,
035997,0,0,0,3,,,,
035998,0,0,0,61,,,,
035999,0,0,0,-4,,,,
03599U,0,0,0,170,,,,
036000,0,0,0,-70,,,,
036001,0,0,0,-50,,,,
036002,0,0,0,-9,,,,
036003,0,0,0,2,,,,
036004,0,0,0,10,,,,
036005,0,0,0,246,,,,
036008,0,0,0,-65,,,,
036009,0,0,0,-68,,,,
036010,0,0,0,34,,,,
036011,0,0,0,-7,,,,
036012,0,0,0,41,,,,
036015,0,0,0,33,,,,
036016,0,0,0,-554,,,,
036018,-25,0,0,25,,,,
036019,0,0,0,331,,,,
036020,0,0,0,462,,,,
036023,0,0,0,-245,,,,
036024,0,0,0,-274,,,,
036025,0,0,0,19,,,,
036026,0,0,0,25,,,,
036028,0,0,0,53,,,,
036029,0,0,0,234,,,,
03602U,0,0,0,-215,,,,
036030,0,0,0,-44,,,,
036031,0,0,0,10,,,,
036032,0,0,0,13,,,,
036033,0,0,0,-20,,,,
036034,0,0,0,11,,,,
036038,0,0,0,1,,,,
036039,0,0,0,34,,,,
036040,0,0,0,9,,,,
036041,0,0,0,-6,,,,
036042,0,0,0,-18,,,,
036043,0,0,0,252,,,,
036044,0,0,0,98,,,,
036045,0,0,0,-15,,,,
036046,0,0,0,-1,,,,
036047,0,0,0,-181,,,,
036048,0,0,0,-38,,,,
036049,0,0,0,109,,,,
03604U,0,0,0,58,,,,
036053,0,0,0,88,,,,
036055,0,0,0,-347,,,,
036056,0,0,0,-310,,,,
036059,0,0,0,0,,,,
036061,0,0,0,104,,,,
036062,0,0,0,13,,,,
036063,0,0,0,1,,,,
036064,0,0,0,0,,,,
036065,0,0,0,2,,,,
036066,0,0,0,4,,,,
036069,0,0,0,6,,,,
036070,0,0,0,-57,,,,
036071,0,0,0,4,,,,
036073,0,0,0,6,,,,
036076,0,0,0,42,,,,
036077,0,0,0,969,,,,
036080,0,0,0,-27,,,,
036081,0,0,0,16,,,,
036082,0,0,0,104,,,,
036083,0,0,0,6,,,,
036086,0,0,0,-16,,,,
036088,0,0,0,-5,,,,
036091,0,0,0,-17,,,,
036092,0,0,0,2,,,,
036093,0,0,0,1,,,,
036094,0,0,0,34,,,,
036095,0,0,0,27,,,,
036097,0,0,0,-74,,,,
036099,0,0,0,-22,,,,
036101,0,0,0,-5,,,,
036102,0,0,0,-10,,,,
036104,0,0,0,-45,,,,
036105,0,0,0,-25,,,,
036108,0,0,0,-2,,,,
036109,0,0,0,-35,,,,
03610U,0,0,0,1,,,,
036110,0,0,0,356,,,,
036111,0,0,0,-21,,,,
036112,0,0,0,62,,,,
036113,0,0,0,15,,,,
036114,0,0,0,-25,,,,
036116,0,0,0,17,,,,
036117,0,0,0,-7,,,,
036119,0,0,0,-146,,,,
03611U,0,0,0,-30,,,,
036120,0,0,0,348,,,,
036122,0,0,0,3,,,,
036123,0,0,0,68,,,,
036124,0,0,0,-79,,,,
036126,0,0,0,510,,,,
036128,0,0,0,-426,,,,
036129,0,0,0,-18,,,,
036130,0,0,0,-54,,,,
036132,0,0,0,-249,,,,
036133,0,0,0,-92,,,,
036135,0,0,0,-56,,,,
036136,0,0,0,29,,,,
036137,0,0,0,64,,,,
036138,0,0,0,-45,,,,
036139,0,0,0,13,,,,
036140,0,0,0,-283,,,,
036141,0,0,0,36,,,,
036142,0,0,0,13,,,,
036143,0,0,0,297,,,,
036145,0,0,0,9,,,,
036146,0,0,0,25,,,,
036148,0,0,0,205,,,,
036151,0,0,0,28,,,,
036152,0,0,0,-26,,,,
036154,0,0,0,-16,,,,
036155,0,0,0,-3,,,,
036156,0,0,0,-266,,,,
036157,0,0,0,-330,,,,
036158,0,0,0,-1,,,,
036160,0,0,0,-8,,,,
036161,0,0,0,-10,,,,
036162,0,0,0,-14,,,,
036164,0,0,0,-430,,,,
036170,0,0,0,-10,,,,
036172,0,0,0,-143,,,,
036173,0,0,0,18,,,,
036176,0,0,0,16,,,,
036178,0,0,0,-4,,,,
03617U,0,0,0,-560,,,,
036180,0,0,0,-581,,,,
036181,0,0,0,-17,,,,
036182,0,0,0,8,,,,
036183,0,0,0,4,,,,
036184,0,0,0,0,,,,
036185,0,0,0,-3,,,,
036186,0,0,0,-1,,,,
036187,0,0,0,307,,,,
036188,0,0,0,-25,,,,
036189,0,0,0,-133,,,,
03618U,0,0,0,-70,,,,
036191,0,0,0,3,,,,
036193,0,0,0,23,,,,
036195,0,0,0,-373,,,,
036197,0,0,0,-13,,,,
036198,0,0,0,-47,,,,
036199,0,0,0,13,,,,
036200,0,0,0,-70,,,,
036201,0,0,0,10,,,,
036206,0,0,0,380,,,,
036208,0,0,0,480,,,,
036210,0,0,0,85,,,,
036212,0,0,0,-31,,,,
036213,0,0,0,-42,,,,
036214,0,0,0,166,,,,
036217,0,0,0,22,,,,
036219,0,0,0,-24,,,,
036221,0,0,0,-34,,,,
036222,0,0,0,4,,,,
036223,0,0,0,1,,,,
036226,0,0,0,81,,,,
036227,0,0,0,25,,,,
036230,0,0,0,-233,,,,
036231,0,0,0,-40,,,,
036233,0,0,0,0,,,,
036234,0,0,0,0,,,,
036235,0,0,0,-122,,,,
036236,0,0,0,105,,,,
036238,0,0,0,78,,,,
036239,0,0,0,-26,,,,
03623U,0,0,0,-251,,,,
036240,0,0,0,-31,,,,
036242,0,0,0,-37,,,,
036244,0,0,0,78,,,,
036245,0,0,0,31,,,,
036246,0,0,0,-40,,,,
036247,0,0,0,-55,,,,
036248,0,0,0,-10,,,,
036249,0,0,0,-20,,,,
036250,0,0,0,100,,,,
036251,0,0,0,-2,,,,
036253,0,0,0,229,,,,
036254,0,0,0,-72,,,,
036255,0,0,0,-139,,,,
036256,0,0,0,294,,,,
036258,0,0,0,-100,,,,
036259,0,0,0,103,,,,
036260,0,0,0,-158,,,,
036261,0,0,0,0,,,,
036266,0,0,0,570,,,,
036268,0,0,0,-330,,,,
036269,0,0,0,-76,,,,
036270,0,0,0,-207,,,,
036271,0,0,0,135,,,,
036272,0,0,0,-125,,,,
036273,0,0,0,-103,,,,
036276,0,0,0,-88,,,,
036278,0,0,0,-67,,,,
036279,0,0,0,-271,,,,
03627U,0,0,0,25,,,,
036281,0,0,0,-94,,,,
036282,0,0,0,-321,,,,
036283,0,0,0,1,,,,
036284,0,0,0,-84,,,,
036285,0,0,0,-138,,,,
036287,0,0,0,15,,,,
036293,0,0,0,-150,,,,
036294,0,0,0,11,,,,
036295,0,0,0,614,,,,
036296,0,0,0,20,,,,
036297,0,0,0,-1,,,,
036298,0,0,0,-60,,,,
036299,0,0,0,-15,,,,
03629U,0,0,0,-187,,,,
036300,0,0,0,-88,,,,
036302,0,0,0,-90,,,,
036303,0,0,0,354,,,,
036304,0,0,0,-23,,,,
036305,0,0,0,-200,,,,
036306,0,0,0,-85,,,,
036307,0,0,0,-3614,,,,
036308,0,0,0,7,,,,
03630U,0,0,0,-160,,,,
036310,0,0,0,-385,,,,
036312,0,0,0,-49,,,,
036314,0,0,0,0,,,,
036315,0,0,0,10,,,,
036316,0,0,0,-38,,,,
036318,0,0,0,128,,,,
036319,0,0,0,-14,,,,
036320,0,0,0,40,,,,
036322,0,0,0,54,,,,
036323,0,0,0,30,,,,
036324,0,0,0,-34,,,,
036325,0,0,0,10,,,,
036326,0,0,0,-108,,,,
036329,0,0,0,10,,,,
036330,0,0,0,-72,,,,
036332,0,0,0,-75,,,,
036333,0,0,0,306,,,,
036334,0,0,0,2,,,,
036337,0,0,0,-510,,,,
036338,0,0,0,8,,,,
036339,0,0,0,-15,,,,
036341,0,0,0,9,,,,
036342,0,0,0,-18,,,,
036344,0,0,0,11,,,,
036348,0,0,0,5,,,,
036352,0,0,0,-40,,,,
036353,0,0,0,10,,,,
036354,0,0,0,-10,,,,
036355,0,0,0,0,,,,
036356,0,0,0,-12,,,,
036357,0,0,0,10,,,,
036359,0,0,0,-44,,,,
036360,0,0,0,-48,,,,
036361,0,0,0,23,,,,
036362,0,0,0,0,,,,
036363,0,0,0,157,,,,
036364,0,0,0,-3434,,,,
036365,0,0,0,23,,,,
036366,0,0,0,-70,,,,
036368,0,0,0,17,,,,
036369,0,0,0,20,,,,
036372,0,0,0,0,,,,
036374,0,0,0,-4,,,,
036375,0,0,0,-154,,,,
036376,0,0,0,-87,,,,
036377,0,0,0,-61,,,,
036378,0,0,0,-271,,,,
036380,0,0,0,-5,,,,
036381,0,0,0,-630,,,,
036383,0,0,0,88,,,,
036386,0,0,0,-107,,,,
036388,0,0,0,-55,,,,
036389,0,0,0,-62,,,,
036391,0,0,0,54,,,,
036392,0,0,0,143,,,,
036393,0,0,0,-557,,,,
036395,0,0,0,-6,,,,
036396,0,0,0,-30,,,,
036398,0,0,0,2,,,,
036400,0,0,0,7,,,,
036401,0,0,0,-16,,,,
036402,0,0,0,47,,,,
036408,0,0,0,195,,,,
03640U,0,0,0,-20,,,,
036410,0,0,0,-75,,,,
036411,0,0,0,158,,,,
036414,0,0,0,194,,,,
036415,0,0,0,107,,,,
036419,0,0,0,-63,,,,
036420,0,0,0,72,,,,
036421,0,0,0,-540,,,,
036423,0,0,0,-51,,,,
036424,0,0,0,8,,,,
036425,0,0,0,334,,,,
036427,0,0,0,-1,,,,
03642U,0,0,0,10,,,,
036431,0,0,0,-51,,,,
036434,0,0,0,31,,,,
036436,0,0,0,30,,,,
036437,0,0,0,-49,,,,
036439,0,0,0,44,,,,
036440,0,0,0,-12,,,,
036441,0,0,0,0,,,,
036442,0,0,0,46,,,,
036447,0,0,0,-2915,,,,
036448,0,0,0,1,,,,
036449,0,0,0,9,,,,
036450,0,0,0,7,,,,
036451,0,0,0,27,,,,
036453,0,0,0,2,,,,
036454,0,0,0,-146,,,,
036455,0,0,0,-179,,,,
036456,0,0,0,-34,,,,
036457,1,0,0,-11,,,,
036458,0,0,0,103,,,,
036459,0,0,0,48,,,,
036460,0,0,0,-71,,,,
036461,0,0,0,-35,,,,
036462,0,0,0,-40,,,,
036463,0,0,0,-18,,,,
036464,0,0,0,28,,,,
036466,0,0,0,-73,,,,
036467,0,0,0,-20,,,,
036468,0,0,0,-20,,,,
036469,0,0,0,-5,,,,
03646U,0,0,0,158,,,,
036471,0,0,0,20,,,,
036474,0,0,0,59,,,,
036475,0,0,0,289,,,,
036476,0,0,0,318,,,,
036479,0,0,0,-237,,,,
036480,0,0,0,8,,,,
036481,0,0,0,220,,,,
036482,0,0,0,-88,,,,
036483,0,0,0,3,,,,
036484,0,0,0,-101,,,,
036487,0,0,0,-99,,,,
036488,0,0,0,-46,,,,
036489,0,0,0,-462,,,,
03648U,0,0,0,-1546,,,,
036491,0,0,0,0,,,,
036493,0,0,0,-195,,,,
036494,0,0,0,-12,,,,
036495,0,0,0,2,,,,
036497,0,0,0,-3,,,,
036498,0,0,0,-82,,,,
036499,0,0,0,-1,,,,
036500,0,0,0,58,,,,
036501,0,0,0,34,,,,
036505,0,0,0,2,,,,
036509,0,0,0,34,,,,
036510,0,0,0,41,,,,
036511,0,0,0,-15,,,,
036513,0,0,0,-21,,,,
036514,0,0,0,-51,,,,
036515,0,0,0,22,,,,
036516,0,0,0,-10,,,,
036519,0,0,0,26,,,,
036521,0,0,0,563,,,,
036524,0,0,0,54,,,,
036526,0,0,0,226,,,,
036529,0,0,0,17,,,,
036530,0,0,0,1,,,,
036531,0,0,0,20,,,,
036532,0,0,0,27,,,,
036533,0,0,0,100,,,,
036535,0,0,0,-54,,,,
036540,0,0,0,-57,,,,
036541,0,0,0,202,,,,
036542,0,0,0,-65,,,,
036543,0,0,0,-339,,,,
036544,0,0,0,-120,,,,
036545,0,0,0,-105,,,,
036546,0,0,0,3,,,,
036547,0,0,0,-43,,,,
036549,0,0,0,-2,,,,
03654U,0,0,0,-100,,,,
036552,0,0,0,-319,,,,
036553,0,0,0,3,,,,
036555,0,0,0,20,,,,
036556,0,0,0,-55,,,,
036558,0,0,0,-86,,,,
036559,0,0,0,-19,,,,
036561,0,0,0,-185,,,,
036562,0,0,0,77,,,,
036563,0,0,0,300,,,,
036565,0,0,0,-20,,,,
036566,0,0,0,-93,,,,
036567,0,0,0,-305,,,,
036569,0,0,0,-150,,,,
036570,0,0,0,44,,,,
036571,0,0,0,240,,,,
036573,0,0,0,-10,,,,
036574,0,0,0,-90,,,,
036577,0,0,0,-221,,,,
036578,0,0,0,-62,,,,
036579,0,0,0,58,,,,
03657U,0,0,0,-75,,,,
036580,0,0,0,-274,,,,
036581,0,0,0,-36,,,,
036582,0,0,0,-285,,,,
036585,0,0,0,79,,,,
036586,0,0,0,100,,,,
036587,0,0,0,-25,,,,
036588,0,0,0,0,,,,
036589,0,0,0,-6,,,,
036591,0,0,0,418,,,,
036592,0,0,0,48,,,,
036593,0,0,0,28,,,,
036594,0,0,0,120,,,,
036595,0,0,0,-19,,,,
036596,0,0,0,-20,,,,
036598,0,0,0,0,,,,
036599,0,0,0,-55,,,,
036600,0,0,0,-40,,,,
036602,0,0,0,-9,,,,
036604,0,0,0,1,,,,
036605,0,0,0,-4,,,,
036610,0,0,0,-2,,,,
036611,0,0,0,0,,,,
036612,0,0,0,0,,,,
036613,0,0,0,0,,,,
036615,0,0,0,-12,,,,
036617,0,0,0,-3,,,,
036618,0,0,0,-993,,,,
036619,0,0,0,-12,,,,
036627,15,0,0,-1120,,,,
036628,0,0,0,-108,,,,
036629,0,0,0,1,,,,
03662U,0,0,0,45,,,,
036632,0,0,0,69,,,,
036633,0,0,0,-1199,,,,
036634,0,0,0,8,,,,
036637,0,0,0,-56,,,,
036638,0,0,0,47,,,,
036639,0,0,0,25,,,,
036640,0,0,0,88,,,,
036641,0,0,0,-139,,,,
036643,0,0,0,-66,,,,
036644,0,0,0,-112,,,,
036645,0,0,0,3472,,,,
036646,0,0,0,33,,,,
036649,0,0,0,-156,,,,
036650,0,0,0,5,,,,
036653,0,0,0,-26,,,,
036656,0,0,0,10,,,,
036657,0,0,0,-58,,,,
036658,0,0,0,77,,,,
036661,0,0,0,25,,,,
036662,0,0,0,512,,,,
036663,0,0,0,-4,,,,
036664,0,0,0,12,,,,
036665,0,0,0,-11,,,,
036667,0,0,0,5,,,,
036669,0,0,0,-5,,,,
03666U,0,0,0,400,,,,
036671,0,0,0,16,,,,
036672,0,0,0,3,,,,
036673,0,0,0,-17,,,,
036674,0,0,0,10,,,,
036676,0,0,0,-2,,,,
036677,0,0,0,109,,,,
036679,0,0,0,85,,,,
036682,0,0,0,-108,,,,
036686,0,0,0,-116,,,,
036687,0,0,0,-23,,,,
036690,0,0,0,0,,,,
036691,0,0,0,-6,,,,
036692,0,0,0,0,,,,
036694,0,0,0,43,,,,
036695,0,0,0,104,,,,
036696,0,0,0,-21,,,,
036697,0,0,0,269,,,,
036699,0,0,0,-625,,,,
036700,0,0,0,43,,,,
036701,0,0,0,32,,,,
036702,0,0,0,-38,,,,
036704,0,0,0,-5,,,,
036705,0,0,0,-6,,,,
036706,0,0,0,-20,,,,
036708,0,0,0,10,,,,
036710,0,0,0,-5,,,,
036711,0,0,0,23,,,,
036712,0,0,0,14,,,,
036713,0,0,0,-10,,,,
036715,0,0,0,0,,,,
036716,0,0,0,-16,,,,
036718,-200,0,0,253,,,,
036720,0,0,0,0,,,,
036722,0,0,0,-151,,,,
036723,0,0,0,-1,,,,
036726,0,0,0,-69,,,,
036729,0,0,0,0,,,,
036730,0,0,0,-30,,,,
036732,0,0,0,40,,,,
036733,0,0,0,180,,,,
036734,0,0,0,266,,,,
036736,0,0,0,106,,,,
036737,0,0,0,101,,,,
036738,0,0,0,23,,,,
036739,0,0,0,-3,,,,
036740,0,0,0,-185,,,,
036742,0,0,0,-116,,,,
036743,0,0,0,-84,,,,
036745,0,0,0,1,,,,
036746,0,0,0,24,,,,
036747,0,0,0,19,,,,
036748,0,0,0,-1,,,,
036749,0,0,0,251,,,,
036751,0,0,0,90,,,,
036752,0,0,0,-124,,,,
036753,0,0,0,19,,,,
036754,0,0,0,400,,,,
036755,0,0,0,2,,,,
036757,0,0,0,10,,,,
036758,0,0,0,-40,,,,
036759,0,0,0,73,,,,
036760,0,0,0,-10,,,,
036762,0,0,0,-332,,,,
036763,0,0,0,76,,,,
036766,0,0,0,129,,,,
036767,0,0,0,-15,,,,
036768,0,0,0,-100,,,,
036769,0,0,0,1498,,,,
036770,0,0,0,-4,,,,
036771,0,0,0,-110,,,,
036772,0,0,0,181,,,,
036773,0,0,0,177,,,,
036774,0,0,0,35,,,,
036775,0,0,0,-52,,,,
036776,0,0,0,3,,,,
036778,0,0,0,191,,,,
036780,0,0,0,9,,,,
036781,0,0,0,75,,,,
036782,0,0,0,18,,,,
036783,0,0,0,209,,,,
036784,0,0,0,-263,,,,
036785,0,0,0,234,,,,
036788,0,0,0,-88,,,,
036789,0,0,0,-101,,,,
03678U,0,0,0,-200,,,,
036790,0,0,0,-88,,,,
036791,0,0,0,16,,,,
036792,0,0,0,-541,,,,
036793,0,0,0,-1,,,,
036794,0,0,0,-48,,,,
036795,0,0,0,100,,,,
036796,0,0,0,0,,,,
036797,0,0,0,70,,,,
036798,0,0,0,15,,,,
036799,0,0,0,-363,,,,
036800,0,0,0,-160,,,,
036801,0,0,0,-550,,,,
036802,0,0,0,-331,,,,
036803,0,0,0,-190,,,,
036804,0,0,0,-160,,,,
036805,0,0,0,-1406,,,,
036806,0,0,0,-41,,,,
036807,0,0,0,0,,,,
036809,0,0,0,60,,,,
036811,0,0,0,-50,,,,
036812,0,0,0,-74,,,,
036814,0,0,0,59,,,,
036815,8,0,0,-2,,,,
036817,0,0,0,7,,,,
036819,0,0,0,244,,,,
036820,0,0,0,-37,,,,
036821,0,0,0,-55,,,,
036823,0,0,0,310,,,,
036824,0,0,0,32,,,,
036825,0,0,0,112,,,,
036826,0,0,0,4,,,,
03682B,0,0,0,3831,,,,
036830,0,0,0,-17,,,,
036831,0,0,0,-46,,,,
036832,0,0,0,-38,,,,
036833,0,0,0,-49,,,,
036834,0,0,0,-45,,,,
036835,0,0,0,11,,,,
036838,0,0,0,50,,,,
036839,0,0,0,-1,,,,
03683B,0,0,0,454,,,,
036840,0,0,0,0,,,,
036841,0,0,0,-58,,,,
036842,0,0,0,107,,,,
036843,0,0,0,-91,,,,
036844,0,0,0,-46,,,,
036845,0,0,0,-371,,,,
036846,0,0,0,-7,,,,
036847,0,0,0,-1958,,,,
036848,0,0,0,-218,,,,
036849,0,0,0,29,,,,
036850,0,0,0,-591,,,,
036851,0,0,0,-3115,,,,
036852,0,0,0,-149,,,,
036854,0,0,0,-140,,,,
036855,0,0,0,-46,,,,
036856,0,0,0,-8,,,,
036857,0,0,0,-79,,,,
036863,0,0,0,-158,,,,
036864,0,0,0,193,,,,
036867,0,0,0,-81,,,,
036871,0,0,0,-5,,,,
036873,0,0,0,-173,,,,
036874,0,0,0,39,,,,
03687B,0,0,0,-950,,,,
036880,0,0,0,-9,,,,
036881,0,0,0,-5,,,,
036886,0,0,0,-10,,,,
036888,0,0,0,75,,,,
036889,0,0,0,46,,,,
03688B,0,0,0,-2531,,,,
03688U,0,0,0,-492,,,,
036890,0,0,0,46,,,,
036891,0,0,0,-10,,,,
036892,0,0,0,-184,,,,
036895,0,0,0,-100,,,,
036896,0,0,0,-548,,,,
036897,0,0,0,37,,,,
036898,0,0,0,-68,,,,
036899,0,0,0,5,,,,
03689B,0,0,0,-430,,,,
036903,0,0,0,203,,,,
036904,0,0,0,-45,,,,
036905,0,0,0,-183,,,,
036907,0,0,0,-280,,,,
036908,0,0,0,175,,,,
036909,0,0,0,227,,,,
03690B,0,0,0,-3,,,,
036910,0,0,0,-317,,,,
036911,0,0,0,-283,,,,
036912,0,0,0,-139,,,,
036913,0,0,0,-33,,,,
036914,0,0,0,-15,,,,
036915,0,0,0,-60,,,,
036916,0,0,0,-11,,,,
036917,0,0,0,248,,,,
036918,0,0,0,76,,,,
03691B,0,0,0,-18,,,,
036922,0,0,0,-1432,,,,
036923,0,0,0,7,,,,
036924,0,0,0,-23,,,,
036925,0,0,0,25,,,,
036926,0,0,0,107,,,,
036927,0,0,0,14,,,,
03692B,0,0,0,371,,,,
036930,0,0,0,-523,,,,
036931,0,0,0,55,,,,
036934,0,0,0,-70,,,,
036936,0,0,0,-18,,,,
036937,0,0,0,-15,,,,
036938,0,0,0,383,,,,
036939,0,0,0,10,,,,
03693B,0,0,0,-85,,,,
036940,0,0,0,-48,,,,
036941,0,0,0,-30,,,,
036942,0,0,0,336,,,,
036943,0,0,0,31,,,,
036946,0,0,0,-496,,,,
036948,0,0,0,-12,,,,
036951,0,0,0,0,,,,
036953,0,0,0,60,,,,
036955,0,0,0,5,,,,
036956,0,0,0,0,,,,
036958,0,0,0,8,,,,
036959,0,0,0,-7,,,,
036960,0,0,0,-133,,,,
036961,0,0,0,-160,,,,
036963,0,0,0,26,,,,
036964,0,0,0,42,,,,
036965,0,0,0,186,,,,
036968,0,0,0,-4,,,,
036970,0,0,0,-3,,,,
036973,0,0,0,-157,,,,
036974,0,0,0,6,,,,
036977,0,0,0,-100,,,,
036980,0,0,0,4,,,,
036981,0,0,0,380,,,,
036982,0,0,0,-373,,,,
036983,0,0,0,-410,,,,
036984,0,0,0,-53,,,,
036985,0,0,0,-56,,,,
036987,0,0,0,-47,,,,
036989,0,0,0,273,,,,
03698U,0,0,0,-10,,,,
036990,0,0,0,80,,,,
036991,0,0,0,1,,,,
036992,0,0,0,51,,,,
036993,0,0,0,-79,,,,
036995,0,0,0,-3,,,,
036996,0,0,0,-69,,,,
036997,0,0,0,76,,,,
036999,0,0,0,868,,,,
037000,0,0,0,201,,,,
037001,0,0,0,-271,,,,
037004,0,0,0,-20,,,,
037005,0,0,0,0,,,,
037006,0,0,0,4,,,,
037010,0,0,0,69,,,,
037011,0,0,0,0,,,,
037012,0,0,0,125,,,,
037014,0,0,0,12,,,,
037015,0,0,0,-6,,,,
037016,0,0,0,-19,,,,
037017,0,0,0,88,,,,
037018,0,0,0,-89,,,,
037019,0,0,0,-1948,,,,
037020,0,0,0,-72,,,,
037021,0,0,0,67,,,,
037022,0,0,0,-217,,,,
037023,0,0,0,121,,,,
037024,0,0,0,-65,,,,
037025,0,0,0,140,,,,
037026,0,0,0,176,,,,
037027,0,0,0,-274,,,,
037028,0,0,0,-99,,,,
037029,0,0,0,-64,,,,
037030,0,0,0,-761,,,,
037031,0,0,0,317,,,,
037035,0,0,0,177,,,,
037036,0,0,0,434,,,,
037037,0,0,0,-169,,,,
037038,0,0,0,-14,,,,
037039,0,0,0,-27,,,,
037040,0,0,0,-1,,,,
037044,0,0,0,-436,,,,
037045,0,0,0,14,,,,
037047,6,0,0,-1,,,,
03704U,0,0,0,15,,,,
037050,0,0,0,-178,,,,
037055,0,0,0,-182,,,,
037056,0,0,0,-11,,,,
037059,0,0,0,53,,,,
037060,0,0,0,-273,,,,
037063,0,0,0,37,,,,
037065,0,0,0,-21,,,,
037066,0,0,0,-83,,,,
037067,0,0,0,-60,,,,
037069,0,0,0,0,,,,
037070,0,0,0,-21,,,,
037071,0,0,0,-553,,,,
037072,0,0,0,-38,,,,
037075,0,0,0,-162,,,,
037076,0,0,0,-438,,,,
037077,0,0,0,63,,,,
037078,0,0,0,12,,,,
037080,0,0,0,26,,,,
037081,0,0,0,-30,,,,
037083,0,0,0,58,,,,
037084,0,0,0,-19,,,,
037085,0,0,0,25,,,,
037086,0,0,0,-585,,,,
037087,0,0,0,140,,,,
037088,0,0,0,14,,,,
037089,0,0,0,56,,,,
03708U,0,0,0,-70,,,,
037090,0,0,0,-1847,,,,
037092,0,0,0,-96,,,,
037093,0,0,0,5,,,,
037094,0,0,0,-2,,,,
037095,0,0,0,3,,,,
037096,0,0,0,-26,,,,
037098,0,0,0,-120,,,,
037099,0,0,0,-25,,,,
037101,0,0,0,48,,,,
037102,0,0,0,-127,,,,
037105,0,0,0,37,,,,
037106,0,0,0,40,,,,
037107,0,0,0,170,,,,
037108,0,0,0,-39,,,,
037109,0,0,0,-27,,,,
037110,0,0,0,11,,,,
037113,0,0,0,-200,,,,
037114,0,0,0,44,,,,
037118,0,0,0,149,,,,
037119,0,0,0,18,,,,
037122,0,0,0,-284,,,,
037123,0,0,0,20,,,,
037126,0,0,0,-1,,,,
037128,0,0,0,297,,,,
037130,0,0,0,200,,,,
037131,0,0,0,-239,,,,
037132,0,0,0,-51,,,,
037133,0,0,0,-793,,,,
037134,0,0,0,-95,,,,
037135,0,0,0,-20,,,,
037136,0,0,0,10,,,,
037137,0,0,0,-316,,,,
037139,0,0,0,15,,,,
03713U,0,0,0,150,,,,
037140,0,0,0,-297,,,,
037141,0,0,0,-256,,,,
037142,0,0,0,30,,,,
037144,0,0,0,-22,,,,
037146,0,0,0,57,,,,
037147,0,0,0,-154,,,,
037149,0,0,0,25,,,,
037150,0,0,0,8,,,,
037152,0,0,0,-59,,,,
037153,0,0,0,-82,,,,
037154,0,0,0,-100,,,,
037156,0,0,0,-145,,,,
037157,0,0,0,3,,,,
037158,0,0,0,-33,,,,
037161,0,0,0,-91,,,,
037162,0,0,0,-39,,,,
037163,0,0,0,82,,,,
037164,0,0,0,-160,,,,
037165,0,0,0,-30,,,,
037167,0,0,0,404,,,,
037168,0,0,0,349,,,,
037169,0,0,0,151,,,,
037171,0,0,0,-6,,,,
037173,0,0,0,35,,,,
037174,0,0,0,5,,,,
037175,0,0,0,298,,,,
037176,0,0,0,-17,,,,
037177,0,0,0,-68,,,,
037178,0,0,0,-2486,,,,
037179,0,0,0,-6,,,,
037180,0,0,0,0,,,,
037183,0,0,0,178,,,,
037184,0,0,0,7,,,,
037185,0,0,0,148,,,,
037186,0,0,0,-9,,,,
037187,0,0,0,87,,,,
037188,0,0,0,-5,,,,
037189,0,0,0,20,,,,
037191,0,0,0,-20,,,,
037192,0,0,0,-15,,,,
037193,0,0,0,0,,,,
037194,0,0,0,-18,,,,
037195,0,0,0,-45,,,,
037196,0,0,0,-22,,,,
037197,0,0,0,0,,,,
037198,0,0,0,-73,,,,
037200,0,0,0,30,,,,
037203,0,0,0,-9,,,,
037204,0,0,0,3,,,,
037206,0,0,0,-5,,,,
037207,0,0,0,0,,,,
037208,0,0,0,-6,,,,
037209,0,0,0,-5,,,,
03720U,0,0,0,-1,,,,
037211,0,0,0,152,,,,
037214,0,0,0,1343,,,,
037215,0,0,0,53,,,,
037216,0,0,0,-346,,,,
037218,0,0,0,85,,,,
037219,0,0,0,255,,,,
037221,0,0,0,0,,,,
037222,0,0,0,-77,,,,
037224,0,0,0,-10,,,,
037225,0,0,0,-40,,,,
037228,0,0,0,-5,,,,
037233,0,0,0,-48,,,,
037234,0,0,0,15,,,,
037236,0,0,0,2,,,,
037238,0,0,0,-22,,,,
037239,0,0,0,224,,,,
037240,0,0,0,1,,,,
037241,0,0,0,161,,,,
037242,0,0,0,-336,,,,
037243,0,0,0,-765,,,,
037244,0,0,0,-240,,,,
037245,0,0,0,14,,,,
037246,0,0,0,-30,,,,
037247,0,0,0,-299,,,,
037248,0,0,0,-100,,,,
037252,0,0,0,-17,,,,
037253,0,0,0,-15,,,,
037254,0,0,0,-741,,,,
037257,0,0,0,-19,,,,
037258,0,0,0,-28,,,,
037259,0,0,0,-11,,,,
03725U,0,0,499,-499,,,,
037260,0,0,0,-275,,,,
037261,0,0,0,354,,,,
037262,0,0,0,0,,,,
037263,0,0,0,-90,,,,
037265,0,0,0,0,,,,
037269,0,0,0,-10,,,,
037270,0,0,0,40,,,,
037271,0,0,0,-4,,,,
037272,0,0,0,4,,,,
037273,0,0,0,41,,,,
037275,0,0,0,-16,,,,
037277,0,0,0,145,,,,
037278,0,0,0,-5,,,,
037279,0,0,0,47,,,,
037280,0,0,0,-64,,,,
037281,0,0,0,1,,,,
037282,0,0,0,-1172,,,,
037283,0,0,0,51,,,,
037284,0,0,0,-791,,,,
037285,0,0,0,-198,,,,
037286,0,0,0,-6,,,,
037287,0,0,0,32,,,,
037288,0,0,0,118,,,,
037290,0,0,0,8,,,,
037291,0,0,0,-68,,,,
037292,0,0,0,-6,,,,
037293,0,0,0,-19,,,,
037294,0,0,0,343,,,,
037295,0,0,0,30,,,,
037296,0,0,0,279,,,,
037300,0,0,0,-191,,,,
037301,0,0,0,93,,,,
037302,0,0,0,-242,,,,
037303,0,0,0,422,,,,
037304,0,0,0,294,,,,
037305,0,0,0,166,,,,
037306,0,0,0,-295,,,,
037307,0,0,0,34,,,,
037308,0,0,0,-404,,,,
037309,0,0,0,-274,,,,
037310,0,0,0,137,,,,
037311,0,0,0,0,,,,
037315,0,0,0,-190,,,,
037316,0,0,0,-2,,,,
037317,0,0,0,143,,,,
037318,0,0,0,-484,,,,
037319,0,0,0,5,,,,
037320,0,0,0,10,,,,
037321,0,0,0,-1,,,,
037322,0,0,0,100,,,,
037324,0,0,0,-100,,,,
037325,0,0,0,-62,,,,
037326,0,0,0,-125,,,,
037327,0,0,0,75,,,,
037328,0,0,0,-279,,,,
037336,0,0,0,-6,,,,
037337,0,0,0,51,,,,
037338,0,0,0,-5,,,,
037339,0,0,0,-50,,,,
037342,0,0,0,600,,,,
037344,0,0,0,2,,,,
037347,0,0,0,76,,,,
037350,0,0,0,-7,,,,
037351,0,0,0,30,,,,
037353,0,0,0,-65,,,,
037354,0,0,0,-8,,,,
037357,0,0,0,-30,,,,
037358,0,0,0,-8,,,,
037359,0,0,0,20,,,,
037360,0,0,0,20,,,,
037362,0,0,0,-161,,,,
037364,0,0,0,-40,,,,
037365,0,0,0,-32,,,,
037366,0,0,0,0,,,,
037367,0,0,0,20,,,,
037368,0,0,0,56,,,,
037369,0,0,0,28,,,,
037370,0,0,0,-7,,,,
037371,0,0,0,-35,,,,
037372,0,0,0,23,,,,
037373,0,0,0,23,,,,
037374,0,0,0,63,,,,
037375,0,0,0,-1,,,,
037376,0,0,0,4,,,,
037379,0,0,0,-2,,,,
037380,0,0,0,1,,,,
037383,0,0,0,-5,,,,
037385,0,0,0,2,,,,
037386,0,0,0,0,,,,
037387,0,0,0,-1,,,,
037389,0,0,0,14,,,,
037390,0,0,0,0,,,,
037391,0,0,0,-26,,,,
037392,0,0,0,0,,,,
037393,0,0,0,-13,,,,
037394,0,0,0,-39,,,,
037395,0,0,0,-10,,,,
037397,0,0,0,-82,,,,
037399,0,0,0,-134,,,,
037400,0,0,0,-8,,,,
037401,0,0,0,-21,,,,
037403,0,0,0,-1203,,,,
037407,0,0,0,48,,,,
037409,0,0,0,-45,,,,
03740U,0,0,0,-5,,,,
037410,0,0,0,-54,,,,
037411,0,0,0,-21,,,,
037413,0,0,0,-3,,,,
037414,0,0,0,-30,,,,
037415,0,0,0,-15,,,,
037416,0,0,0,-80,,,,
037417,0,0,0,32,,,,
037422,0,0,0,18,,,,
037423,0,0,0,-31,,,,
037424,0,0,0,147,,,,
037426,0,0,0,-29,,,,
037427,0,0,0,96,,,,
037428,0,0,0,-116,,,,
037429,0,0,0,23,,,,
03742U,0,0,0,10,,,,
037430,0,0,0,-25,,,,
037431,0,0,0,-10,,,,
037432,0,0,0,13,,,,
037434,0,0,0,-13,,,,
037435,0,0,0,225,,,,
037436,0,0,0,-14,,,,
037437,0,0,0,-4,,,,
037438,0,0,0,-154,,,,
037440,0,0,0,-5,,,,
037441,0,0,0,550,,,,
037442,0,0,0,-136,,,,
037443,0,0,0,-30,,,,
037445,0,0,0,170,,,,
037448,0,0,0,20,,,,
037450,0,0,0,20,,,,
037452,0,0,0,109,,,,
037454,0,0,0,20,,,,
037457,0,0,0,-911,,,,
037458,0,0,0,-4,,,,
03745U,-47,0,0,67,,,,
037467,0,0,0,-35,,,,
03746U,0,0,0,-12,,,,
037474,0,0,0,-283,,,,
037475,0,0,0,-25,,,,
037476,0,0,0,-24,,,,
037477,0,0,0,250,,,,
037480,0,0,0,-250,,,,
037481,0,0,0,1331,,,,
037482,0,0,0,-1182,,,,
037483,0,0,0,61,,,,
037485,0,0,0,-239,,,,
037486,0,0,0,160,,,,
037488,0,0,0,-10,,,,
037491,0,0,0,1,,,,
037492,0,0,0,-210,,,,
037494,0,0,0,-332,,,,
037495,0,0,0,-28,,,,
037497,0,0,0,118,,,,
037498,0,0,0,-54,,,,
037499,0,0,0,-22,,,,
037500,0,0,0,-453,,,,
037501,0,0,0,-436,,,,
037504,0,0,0,-853,,,,
037505,0,0,0,-85,,,,
037506,0,0,0,-222,,,,
037507,0,0,0,6,,,,
037508,0,0,0,-38,,,,
037509,0,0,0,-38,,,,
03750U,0,0,0,-15,,,,
037510,0,0,0,-62,,,,
037511,0,0,0,-87,,,,
037512,0,0,0,-90,,,,
037514,0,0,0,39,,,,
037516,0,0,0,-73,,,,
037518,0,0,0,-3,,,,
037521,0,0,0,26,,,,
037524,0,0,0,-14,,,,
037525,0,0,0,353,,,,
037527,0,0,0,-53,,,,
037528,0,0,0,-38,,,,
037529,0,0,0,-89,,,,
03752U,0,0,0,-310,,,,
037530,0,0,0,101,,,,
037531,0,0,0,4,,,,
037532,0,0,0,-13,,,,
037533,0,0,0,31,,,,
037536,0,0,0,-3,,,,
037537,0,0,0,-10,,,,
037538,0,0,0,-37,,,,
037539,0,0,0,-258,,,,
037540,0,0,0,0,,,,
037541,0,0,0,0,,,,
037543,0,0,0,15,,,,
037545,0,0,0,-8,,,,
037546,0,0,0,8,,,,
037550,0,0,0,-23,,,,
037555,0,0,0,10,,,,
037556,0,0,0,-1975,,,,
037558,0,0,0,-88,,,,
037560,0,0,0,97,,,,
037561,0,0,0,306,,,,
037562,0,0,0,48,,,,
037563,0,0,0,28,,,,
037564,0,0,0,-10,,,,
037565,0,0,0,-265,,,,
037566,0,0,0,64,,,,
037567,0,0,0,173,,,,
037568,0,0,0,799,,,,
037569,0,0,0,-376,,,,
037570,0,0,0,370,,,,
037572,0,0,0,-5,,,,
037574,0,0,0,-504,,,,
037575,0,0,0,90,,,,
037577,0,0,0,-102,,,,
037579,0,0,0,-268,,,,
037580,0,0,0,538,,,,
037581,0,0,0,-218,,,,
037582,0,0,0,99,,,,
037583,0,0,0,-349,,,,
037584,0,0,0,-92,,,,
037586,0,0,0,217,,,,
037587,0,0,0,-123,,,,
037588,0,0,0,45,,,,
037589,0,0,0,-373,,,,
037590,0,0,0,-456,,,,
037591,0,0,0,-5,,,,
037592,0,0,0,781,,,,
037594,0,0,0,-546,,,,
037595,0,0,0,-590,,,,
037596,0,0,0,61,,,,
037597,0,0,0,9,,,,
037598,0,0,0,76,,,,
037599,0,0,0,76,,,,
037600,0,0,0,-35,,,,
037601,0,0,0,6,,,,
037603,0,0,0,20,,,,
037604,0,0,0,-32,,,,
037605,0,0,0,-32,,,,
037606,0,0,0,103,,,,
037607,0,0,0,-538,,,,
037608,0,0,0,-96,,,,
037610,0,0,0,-493,,,,
037612,0,0,0,-140,,,,
037613,0,0,0,67,,,,
037615,0,0,0,-34,,,,
037616,0,0,0,10,,,,
037620,0,0,0,-19,,,,
037621,0,0,0,-49,,,,
037622,0,0,0,-19,,,,
037623,0,0,0,30,,,,
037624,0,0,0,-10,,,,
037626,0,0,0,78,,,,
037629,0,0,0,-77,,,,
03762U,0,0,0,-10,,,,
037630,0,0,0,-127,,,,
037631,0,0,0,37,,,,
037633,0,0,0,12,,,,
037634,0,0,0,-8,,,,
037635,0,0,0,-6,,,,
037636,0,0,0,-11,,,,
03763U,0,0,0,-481,,,,
037640,0,0,0,-703,,,,
037643,0,0,0,-25,,,,
037646,0,0,0,-11,,,,
037647,0,0,0,-6,,,,
037648,0,0,0,57,,,,
037652,0,0,0,10,,,,
037653,0,0,0,-165,,,,
037656,0,0,0,45,,,,
037657,0,0,0,-23,,,,
037658,0,0,0,58,,,,
037659,0,0,0,21,,,,
037660,0,0,0,-17,,,,
037661,0,0,0,26,,,,
037663,0,0,0,92,,,,
037666,0,0,0,-1,,,,
037667,0,0,0,1,,,,
03766U,0,0,0,-40,,,,
037671,0,0,0,-30,,,,
037673,0,0,0,-242,,,,
037674,0,0,0,532,,,,
037675,0,0,0,-147,,,,
037676,0,0,0,1,,,,
037678,0,0,0,-743,,,,
037679,0,0,0,-376,,,,
037680,0,0,0,354,,,,
037682,0,0,0,-39,,,,
037683,0,0,0,-685,,,,
037686,0,0,0,-152,,,,
037687,0,0,0,-35,,,,
037688,0,0,0,-40,,,,
037689,0,0,0,746,,,,
037690,0,0,0,-44,,,,
037691,0,0,0,-283,,,,
037692,0,0,0,-241,,,,
037693,0,0,0,-132,,,,
037695,0,0,0,-110,,,,
037696,0,0,0,-32,,,,
037697,0,0,0,-20,,,,
037700,0,0,0,-50,,,,
037701,0,0,0,-27,,,,
037702,0,0,0,-58,,,,
037704,0,0,0,-2,,,,
037705,0,0,0,-287,,,,
037706,0,0,0,-39,,,,
037707,0,0,0,31,,,,
037708,0,0,0,5,,,,
037709,0,0,0,23,,,,
037710,0,0,0,-14,,,,
037711,0,0,0,0,,,,
037712,0,0,0,-23,,,,
037713,0,0,0,-75,,,,
037714,0,0,0,40,,,,
037715,0,0,0,28,,,,
037716,0,0,0,-23,,,,
037717,0,0,0,-1,,,,
037718,0,0,0,34,,,,
037719,0,0,0,-10,,,,
03771U,0,0,0,-9,,,,
037720,0,0,0,-79,,,,
037721,0,0,0,-12,,,,
037722,0,0,0,-196,,,,
037724,0,0,0,-43,,,,
037726,0,0,0,-2,,,,
037728,0,0,0,1,,,,
037729,0,0,0,0,,,,
037733,0,0,0,-6,,,,
037735,0,0,0,-31,,,,
037738,0,0,0,-27,,,,
03773U,0,0,0,-15,,,,
037740,0,0,0,-20,,,,
037742,0,0,0,-120,,,,
037743,0,0,0,-4,,,,
037745,0,0,0,-117,,,,
037746,0,0,0,3,,,,
037747,0,0,0,-74,,,,
037748,0,0,0,-342,,,,
037749,0,0,0,156,,,,
03774U,0,0,0,10,,,,
037751,0,0,0,-1,,,,
037752,0,0,0,-35,,,,
037753,0,0,0,25,,,,
037754,0,0,0,-51,,,,
037755,0,0,0,-3,,,,
037756,0,0,0,170,,,,
037757,0,0,0,93,,,,
037758,0,0,0,302,,,,
03775U,0,0,0,-4,,,,
037760,0,0,0,24,,,,
037761,0,0,0,-30,,,,
037763,0,0,0,-337,,,,
037764,0,0,0,51,,,,
037767,0,0,0,30,,,,
037768,0,0,0,203,,,,
037769,0,0,0,182,,,,
037770,0,0,0,-321,,,,
037772,0,0,0,31,,,,
037773,0,0,0,-5,,,,
037774,0,0,0,-50,,,,
037775,0,0,0,164,,,,
037776,0,0,0,-2280,,,,
037779,0,0,0,-39,,,,
037780,0,0,0,11,,,,
037781,0,0,0,-24,,,,
037782,0,0,0,-8,,,,
037783,0,0,0,179,,,,
037784,0,0,0,-212,,,,
037785,0,0,0,591,,,,
037786,0,0,0,-28,,,,
037787,0,0,0,1,,,,
037788,0,0,0,-181,,,,
037790,0,0,0,309,,,,
037791,0,0,0,5,,,,
037792,0,0,0,-3,,,,
037793,0,0,0,6,,,,
037794,0,0,0,1,,,,
037795,0,0,0,-34,,,,
037796,0,0,0,-185,,,,
037797,0,0,0,-107,,,,
03779U,0,0,0,-300,,,,
037800,0,0,0,-114,,,,
037801,0,0,0,80,,,,
037803,0,0,0,406,,,,
037804,0,0,0,4,,,,
037806,0,0,0,45,,,,
037807,0,0,0,0,,,,
037808,0,0,0,32,,,,
03780U,0,0,0,13,,,,
037810,0,0,0,-90,,,,
037811,0,0,0,25,,,,
037814,0,0,0,4,,,,
037815,0,0,0,59,,,,
037816,0,0,0,-124,,,,
037817,0,0,0,0,,,,
037818,0,0,0,27,,,,
037820,0,0,0,-65,,,,
037821,0,0,0,-276,,,,
037823,0,0,0,-11,,,,
037824,0,0,0,6,,,,
037825,0,0,0,-29,,,,
037826,0,0,0,-5,,,,
037827,0,0,0,-30,,,,
037828,0,0,0,63,,,,
037829,0,0,0,-63,,,,
037830,0,0,0,-2423,,,,
037831,0,0,0,-398,,,,
037832,0,0,0,-879,,,,
037833,0,0,0,222,,,,
037834,0,0,0,-94,,,,
037836,0,0,0,-37,,,,
037837,0,0,0,-197,,,,
037838,0,0,0,1,,,,
037839,0,0,0,-23,,,,
037840,0,0,0,-11,,,,
037842,0,0,0,18,,,,
037845,0,0,0,17,,,,
037846,0,0,0,6,,,,
037848,0,0,0,47,,,,
037850,0,0,0,40,,,,
037851,0,0,0,-67,,,,
037852,0,0,0,5,,,,
037853,0,0,0,-120,,,,
037855,0,0,0,10,,,,
037856,0,0,0,-18,,,,
037858,0,0,0,0,,,,
037861,0,0,0,-232,,,,
037862,0,0,0,-2,,,,
037865,0,0,0,-20,,,,
037866,0,0,0,-108,,,,
037868,0,0,0,-757,,,,
037872,0,0,0,-15,,,,
037873,0,0,0,257,,,,
037874,0,0,0,116,,,,
037875,0,0,0,-6,,,,
037876,0,0,0,-295,,,,
037877,0,0,0,-70,,,,
037879,0,0,0,-70,,,,
037880,0,0,0,-11,,,,
037881,0,0,0,-85,,,,
037882,0,0,0,-122,,,,
037883,0,0,0,-359,,,,
037884,0,0,0,-91,,,,
037885,0,0,0,-247,,,,
037888,0,0,0,17,,,,
037890,0,0,0,-15,,,,
037893,0,0,0,-72,,,,
037894,0,0,0,91,,,,
037895,0,0,0,-248,,,,
037896,0,0,0,164,,,,
037897,0,0,0,-108,,,,
037898,0,0,0,-63,,,,
037899,0,0,0,-248,,,,
03789U,0,0,0,-3,,,,
037900,0,0,0,49,,,,
037901,0,0,0,89,,,,
037902,0,0,0,-673,,,,
037903,0,0,0,643,,,,
037904,0,0,0,618,,,,
037907,0,0,0,-380,,,,
037908,0,0,0,-192,,,,
037909,0,0,0,118,,,,
03790U,0,0,0,-310,,,,
037913,0,0,0,-177,,,,
037914,0,0,0,-187,,,,
037915,0,0,0,417,,,,
037916,0,0,0,-199,,,,
037918,0,0,0,57,,,,
037919,0,0,0,209,,,,
037921,0,0,0,-322,,,,
037923,0,0,0,-119,,,,
037926,0,0,0,10,,,,
037927,0,0,0,-41,,,,
037928,0,0,0,-159,,,,
037929,0,0,0,-27,,,,
037930,0,0,0,-401,,,,
037931,0,0,0,49,,,,
037932,0,0,0,-3,,,,
037934,0,0,0,-72,,,,
037936,0,0,0,-25,,,,
037937,0,0,0,-10,,,,
037938,0,0,0,-10,,,,
03793U,0,0,0,-90,,,,
037940,0,0,0,-97,,,,
037941,0,0,0,-30,,,,
037942,0,0,0,-20,,,,
037943,0,0,0,18,,,,
037946,0,0,0,9,,,,
037947,0,0,0,-4,,,,
037948,0,0,0,35,,,,
037951,0,0,0,1,,,,
037952,0,0,0,0,,,,
037954,0,0,0,22,,,,
037956,0,0,0,-8,,,,
037957,0,0,0,-20,,,,
037958,0,0,0,-32,,,,
037959,0,0,0,-9,,,,
037960,0,0,0,0,,,,
037961,0,0,0,-3,,,,
037963,0,0,0,-143,,,,
037964,0,0,0,10,,,,
037966,0,0,0,-209,,,,
037967,0,0,0,-63,,,,
037968,0,0,0,-98,,,,
037969,0,0,0,-1130,,,,
037971,0,0,0,-2,,,,
037973,0,0,0,-38,,,,
037974,0,0,0,-3,,,,
037977,0,0,0,50,,,,
037978,0,0,0,-14,,,,
037979,0,0,0,3,,,,
037981,0,0,0,-14,,,,
037984,0,0,0,49,,,,
037985,0,0,0,-6,,,,
037986,0,0,0,18,,,,
037987,0,0,0,-309,,,,
037988,0,0,0,57,,,,
037989,0,0,0,-293,,,,
03798U,0,0,0,-10,,,,
037990,0,0,0,50,,,,
037991,0,0,0,378,,,,
037993,0,0,0,-244,,,,
037994,0,0,0,-74,,,,
037996,0,0,0,-111,,,,
037997,0,0,0,-360,,,,
037998,0,0,0,-105,,,,
037999,0,0,0,-148,,,,
038000,0,0,0,-76,,,,
038001,0,0,0,-375,,,,
038002,0,0,0,-4,,,,
038003,0,0,0,-44,,,,
038004,0,0,0,-10,,,,
038005,0,0,0,-73,,,,
038007,0,0,0,-16,,,,
038008,0,0,0,66,,,,
038009,0,0,0,-284,,,,
03800U,0,0,0,-2,,,,
038010,0,0,0,-46,,,,
038011,0,0,0,5,,,,
038013,0,0,0,-30,,,,
038014,0,0,0,-109,,,,
038018,0,0,0,12,,,,
038019,0,0,0,-56,,,,
038023,0,0,0,-48,,,,
038024,0,0,0,-2,,,,
038026,0,0,0,-4,,,,
038029,0,0,0,427,,,,
038030,0,0,0,-22,,,,
038031,0,0,0,-91,,,,
038032,0,0,0,6,,,,
038033,0,0,0,-14,,,,
038034,0,0,0,-3,,,,
038038,0,0,0,110,,,,
038040,0,0,0,-42,,,,
038041,0,0,0,-110,,,,
038042,0,0,0,-9,,,,
038043,0,0,0,-23,,,,
038044,0,0,0,-8,,,,
038045,0,0,0,-70,,,,
038046,0,0,0,-28,,,,
038047,0,0,0,-40,,,,
03804U,0,0,0,-10,,,,
038050,0,0,0,52,,,,
038051,0,0,0,-23,,,,
038054,0,0,0,-8,,,,
038057,0,0,0,0,,,,
038058,0,0,0,-15,,,,
038059,0,0,0,-70,,,,
03805U,0,0,0,-5,,,,
038060,0,0,0,-209,,,,
038061,0,0,0,11,,,,
038062,0,0,0,-283,,,,
038063,0,0,0,5,,,,
038065,0,0,0,-131,,,,
03806U,0,0,0,-30,,,,
038071,0,0,0,3,,,,
038074,0,0,0,7,,,,
038075,0,0,0,-400,,,,
038076,0,0,0,-9,,,,
038077,0,0,0,-22,,,,
038078,0,0,0,-5,,,,
038079,0,0,0,-97,,,,
03807U,0,0,0,126,,,,
038080,0,0,0,2,,,,
038081,0,0,0,113,,,,
038082,0,0,0,1,,,,
038083,0,0,0,-30,,,,
038084,0,0,0,415,,,,
038086,0,0,0,-139,,,,
038087,0,0,0,-141,,,,
038088,0,0,0,-341,,,,
038089,0,0,0,142,,,,
038090,0,0,0,-370,,,,
038091,0,0,0,-91,,,,
038092,0,0,0,-362,,,,
038093,0,0,0,-167,,,,
038094,0,0,0,-46,,,,
038095,0,0,0,31,,,,
038096,0,0,0,-50,,,,
038098,0,0,0,-251,,,,
038100,0,0,0,-18,,,,
038101,0,0,0,96,,,,
038102,0,0,0,-445,,,,
038103,0,0,0,437,,,,
038104,0,0,0,-188,,,,
038105,0,0,0,-37,,,,
038106,0,0,0,64,,,,
038107,0,0,0,-4,,,,
038108,0,0,0,-61,,,,
038109,0,0,0,-166,,,,
038110,0,0,0,61,,,,
038111,0,0,0,-281,,,,
038112,0,0,0,-164,,,,
038113,0,0,0,-160,,,,
038114,0,0,0,-10,,,,
038115,0,0,0,4,,,,
038116,0,0,0,-197,,,,
038117,0,0,0,1308,,,,
038118,0,0,0,248,,,,
038119,0,0,0,3,,,,
03811U,0,0,0,0,,,,
038120,0,0,0,10,,,,
038121,0,0,0,-2,,,,
038122,0,0,0,9,,,,
038123,0,0,0,-105,,,,
038124,0,0,0,37,,,,
038125,0,0,0,28,,,,
038126,0,0,0,-100,,,,
038128,0,0,0,199,,,,
038129,0,0,0,81,,,,
038130,0,0,0,-205,,,,
038131,0,0,0,-137,,,,
038132,0,0,0,-1928,,,,
038133,0,0,0,49,,,,
038134,0,0,0,-60,,,,
038135,0,0,0,75,,,,
038136,0,0,0,-29,,,,
038137,0,0,0,12,,,,
038138,0,0,0,-65,,,,
038139,0,0,0,-100,,,,
038140,0,0,0,-33,,,,
038142,0,0,0,50,,,,
038143,0,0,0,-7,,,,
038144,0,0,0,-6,,,,
038145,0,0,0,-10,,,,
038146,0,0,0,102,,,,
038147,0,0,0,63,,,,
038148,0,0,0,0,,,,
038149,0,0,0,-3,,,,
03814U,0,0,0,93,,,,
038150,0,0,0,-68,,,,
038151,0,0,0,65,,,,
038152,0,0,0,1,,,,
038154,0,0,0,0,,,,
038155,0,0,0,143,,,,
038157,0,0,0,-19,,,,
038158,0,0,0,10,,,,
038160,0,0,0,-29,,,,
038165,0,0,0,-2,,,,
038168,0,0,0,-1,,,,
038169,0,0,0,-24,,,,
038171,0,0,0,-30,,,,
038177,0,0,0,519,,,,
038178,0,0,0,-1,,,,
038181,0,0,0,11,,,,
038189,0,0,0,0,,,,
038192,0,0,0,0,,,,
038193,0,0,0,-210,,,,
038195,0,0,0,-3,,,,
038197,0,0,0,-109,,,,
038198,0,0,0,16,,,,
038199,0,0,0,0,,,,
038201,0,0,0,31,,,,
038202,0,0,0,9,,,,
038206,0,0,0,46,,,,
038208,0,0,0,-26,,,,
038212,0,0,0,-37,,,,
038213,0,0,0,-37,,,,
038216,0,0,0,-6,,,,
038217,0,0,0,-81,,,,
038220,0,0,0,6,,,,
038222,0,0,0,-56,,,,
038223,0,0,0,-8,,,,
038225,0,0,0,-63,,,,
038226,0,0,0,23,,,,
038227,0,0,0,23,,,,
038228,0,0,0,-100,,,,
038229,0,0,0,0,,,,
038230,0,0,0,7,,,,
038231,0,0,0,-27,,,,
038234,0,0,0,6,,,,
038236,0,0,0,-19,,,,
038237,0,0,0,-333,,,,
038238,0,0,0,-3,,,,
038239,0,0,0,0,,,,
038242,0,0,0,-64,,,,
038246,0,0,0,2,,,,
038247,0,0,0,2,,,,
038250,0,0,0,-7,,,,
038253,0,0,0,-91,,,,
038254,0,0,0,173,,,,
038255,0,0,0,73,,,,
038256,0,0,0,-10,,,,
038257,0,0,0,-12,,,,
038258,0,0,0,-144,,,,
038260,0,0,0,-1,,,,
038261,0,0,0,-10,,,,
038263,0,0,0,-25,,,,
038264,0,0,0,-10,,,,
038266,0,0,0,0,,,,
038267,0,0,0,-2,,,,
038268,0,0,0,46,,,,
038269,0,0,0,59,,,,
038270,0,0,0,-106,,,,
038271,0,0,0,-222,,,,
038272,0,0,0,447,,,,
038273,0,0,0,150,,,,
038276,0,0,0,-3,,,,
038277,0,0,0,-59,,,,
038278,0,0,0,7,,,,
038279,0,0,0,-39,,,,
03827U,0,0,0,1,,,,
038280,0,0,0,-59,,,,
038281,0,0,0,-22,,,,
038282,0,0,0,-13,,,,
038283,0,0,0,-30,,,,
038286,0,0,0,3,,,,
038294,0,0,0,10,,,,
038296,0,0,0,-3,,,,
038298,0,0,0,637,,,,
038299,0,0,0,0,,,,
038303,0,0,0,-14,,,,
038304,0,0,0,-71,,,,
038305,0,0,0,-591,,,,
038307,0,0,0,-16,,,,
038308,0,0,0,15,,,,
038310,0,0,0,6,,,,
038311,0,0,0,-1,,,,
038315,0,0,0,11,,,,
038316,0,0,0,-137,,,,
038317,0,0,0,-237,,,,
038318,0,0,0,-81,,,,
038319,0,0,0,-279,,,,
038321,0,0,0,-5,,,,
038324,0,0,0,-10,,,,
038326,0,0,0,0,,,,
038327,0,0,0,10,,,,
038328,0,0,0,-56,,,,
03832U,0,0,0,-10,,,,
038330,0,0,0,-10,,,,
038335,0,0,0,-37,,,,
038336,0,0,0,-189,,,,
038339,0,0,0,-255,,,,
038340,0,0,0,-8,,,,
038342,0,0,0,82,,,,
038344,0,0,0,11,,,,
038345,0,0,0,-20,,,,
038348,0,0,0,110,,,,
038350,0,0,0,-10,,,,
038351,0,0,0,0,,,,
038353,0,0,0,38,,,,
038354,0,0,0,1,,,,
038355,0,0,0,-156,,,,
038361,0,0,0,-5,,,,
038364,0,0,0,-31,,,,
038365,0,0,0,-86,,,,
038366,0,0,0,-40,,,,
038368,0,0,0,10,,,,
038369,0,0,0,-60,,,,
038370,0,0,0,-23,,,,
038371,0,0,0,-514,,,,
038372,0,0,0,-44,,,,
038373,0,0,0,-5,,,,
038375,0,0,0,-87,,,,
038376,0,0,0,-145,,,,
038377,0,0,0,-130,,,,
038378,0,0,0,0,,,,
038380,0,0,0,20,,,,
038383,0,0,0,-28,,,,
038384,0,0,0,-625,,,,
038385,0,0,0,-25,,,,
038386,0,0,0,21,,,,
038387,0,0,0,-3,,,,
038388,0,0,0,0,,,,
038389,0,0,0,0,,,,
038392,0,0,0,4,,,,
038395,0,0,0,-14,,,,
038400,0,0,0,-30,,,,
038401,0,0,0,-64,,,,
038404,0,0,0,19,,,,
038408,0,0,0,-1,,,,
038409,0,0,0,96,,,,
03840U,0,0,0,-125,,,,
038413,-2,0,0,-19,,,,
038415,0,0,0,84,,,,
038419,0,0,0,-47,,,,
038420,0,0,0,150,,,,
038421,0,0,0,-10,,,,
038425,0,0,0,-65,,,,
038426,0,0,0,-5,,,,
038432,0,0,0,-2,,,,
038437,0,0,0,-15,,,,
038438,0,0,0,1,,,,
038441,0,0,0,50,,,,
038445,0,0,0,-11,,,,
038447,0,0,0,-1985,,,,
03844U,0,0,0,-15,,,,
038452,0,0,0,-3,,,,
038454,0,0,0,2,,,,
038458,0,0,0,-90,,,,
038462,0,0,0,17,,,,
038464,0,0,0,-94,,,,
038467,0,0,0,-46,,,,
038469,0,0,0,-796,,,,
038472,0,0,0,-7,,,,
038475,0,0,0,-70,,,,
038476,0,0,0,-1,,,,
038477,0,0,0,-6,,,,
038478,0,0,0,-300,,,,
038479,0,0,0,0,,,,
038481,0,0,0,0,,,,
038482,0,0,0,0,,,,
038483,0,0,0,0,,,,
038487,0,0,0,1,,,,
038488,0,0,0,14,,,,
038489,0,0,0,-83,,,,
03848U,0,0,0,70,,,,
038490,0,0,0,-239,,,,
038491,0,0,0,16,,,,
038492,0,0,0,-14,,,,
038493,0,0,0,15,,,,
038495,0,0,0,-40,,,,
038497,0,0,0,-1911,,,,
038498,0,0,0,2,,,,
038500,0,0,0,-82,,,,
038501,0,0,0,-91,,,,
038502,0,0,0,3,,,,
038504,0,0,0,-350,,,,
038507,0,0,0,-3,,,,
038509,0,0,0,6,,,,
038510,0,0,0,-29,,,,
038511,0,0,0,50,,,,
038512,0,0,0,64,,,,
038514,0,0,0,163,,,,
038516,0,0,0,45,,,,
038518,0,0,0,-3,,,,
038519,0,0,0,-2,,,,
038520,0,0,0,-22,,,,
038521,0,0,0,-16,,,,
038522,0,0,0,15,,,,
038527,0,0,0,-6,,,,
038529,0,0,0,-66,,,,
038530,0,0,0,-70,,,,
038531,0,0,0,-51,,,,
038533,0,0,0,-16,,,,
038534,0,0,0,-16,,,,
038535,0,0,0,5,,,,
038539,0,0,0,-10,,,,
038541,0,0,0,-13,,,,
038543,0,0,0,595,,,,
038544,0,0,0,-46,,,,
038546,0,0,0,-1,,,,
038548,0,0,0,-3,,,,
038552,0,0,0,-1,,,,
038559,0,0,0,-1,,,,
03855U,0,0,0,399,,,,
038560,0,0,0,-499,,,,
038561,0,0,0,5,,,,
038563,0,0,0,-23,,,,
038567,0,0,0,-30,,,,
038574,0,0,0,-16,,,,
038575,0,0,0,-5,,,,
038576,0,0,0,-60,,,,
038579,0,0,0,26,,,,
038581,0,0,0,120,,,,
038583,0,0,0,-1,,,,
038586,0,0,0,-1,,,,
038589,0,0,0,-15,,,,
038596,0,0,0,-26,,,,
038597,0,0,0,-40,,,,
038602,0,0,0,0,,,,
038604,0,0,0,0,,,,
038605,0,0,0,-22,,,,
038606,0,0,0,5,,,,
038607,0,0,0,-3,,,,
038609,0,0,0,-17,,,,
03860U,0,0,0,35,,,,
038610,0,0,0,15,,,,
038612,0,0,0,-53,,,,
038614,0,0,0,-11,,,,
038620,0,0,0,-2,,,,
038621,0,0,0,-10,,,,
038622,0,0,0,-20,,,,
038623,0,0,0,-221,,,,
038630,0,0,0,-12,,,,
038634,0,0,0,-29,,,,
038635,0,0,0,-64,,,,
038636,0,0,0,0,,,,
038638,0,0,0,-217,,,,
038640,0,0,0,200,,,,
038643,0,0,0,-2,,,,
038645,0,0,0,-869,,,,
038647,0,0,0,0,,,,
03864U,0,0,0,240,,,,
038651,0,0,0,5,,,,
038654,0,0,0,100,,,,
038656,0,0,0,-4,,,,
038659,0,0,0,-1,,,,
038660,0,0,0,-8,,,,
038661,0,0,0,33,,,,
038662,0,0,0,-32,,,,
038663,0,0,0,-254,,,,
038664,0,0,0,-11,,,,
038665,0,0,0,-5,,,,
038668,0,0,0,-41,,,,
038669,0,0,0,-19,,,,
03866U,0,0,0,-4,,,,
038675,0,0,0,-14,,,,
038676,0,0,0,0,,,,
038679,0,0,0,40,,,,
038680,0,0,0,-67,,,,
038681,0,0,0,-9,,,,
038682,0,0,0,-6,,,,
038687,0,0,0,-17,,,,
038688,0,0,0,-76,,,,
038689,0,0,0,174,,,,
038690,0,0,0,-5,,,,
038691,0,0,0,6,,,,
038693,0,0,0,-18,,,,
038694,0,0,0,-19,,,,
038695,0,0,0,0,,,,
038698,0,0,0,511,,,,
038699,0,0,0,-28,,,,
038700,0,0,0,-1,,,,
038706,0,0,0,280,,,,
038707,0,0,0,380,,,,
038709,0,0,0,-110,,,,
038713,0,0,0,-15,,,,
038714,0,0,0,-10,,,,
038719,0,0,0,-50,,,,
038723,0,0,0,-1,,,,
038736,0,0,0,-6,,,,
038740,0,0,0,-217,,,,
038747,0,0,0,-1,,,,
038751,0,0,0,-5,,,,
038758,0,0,0,-109,,,,
03875U,0,0,0,5,,,,
038778,0,0,0,-9,,,,
038788,0,0,0,-4,,,,
03879U,0,0,0,-124,,,,
038807,0,0,0,-1,,,,
038808,0,0,0,-2,,,,
03880U,0,0,0,60,,,,
038817,0,0,0,-64,,,,
03881U,0,0,0,34,,,,
038828,0,0,0,-1,,,,
038829,0,0,0,-10,,,,
038838,0,0,0,-60,,,,
038839,0,0,0,-153,,,,
038843,0,0,0,-130,,,,
038845,0,0,0,-10,,,,
038849,0,0,0,-10,,,,
038861,0,0,0,-5,,,,
038862,0,0,0,-1,,,,
038863,0,0,0,-50,,,,
03886U,0,0,0,-10,,,,
038872,0,0,0,-45,,,,
038875,0,0,0,-10,,,,
038889,0,0,0,-223,,,,
038893,0,0,0,-80,,,,
038894,0,0,0,-27,,,,
038904,0,0,0,-10,,,,
038905,0,0,0,-70,,,,
038931,0,0,0,-15,,,,
038932,0,0,0,-15,,,,
038939,0,0,0,-80,,,,
038948,0,0,0,-56,,,,
038949,0,0,0,-5,,,,
038951,0,0,0,-27,,,,
038957,0,0,0,-20,,,,
03898U,0,0,0,-2,,,,
03899U,0,0,0,36,,,,
03900U,0,0,0,-30,,,,
03905U,0,0,0,-20,,,,
03914U,0,0,0,30,,,,
03917U,0,0,0,-447,,,,
03923U,0,0,0,-893,,,,
03926U,0,0,0,-110,,,,
03927U,0,0,0,0,,,,
03933U,0,0,0,-100,,,,
03935U,0,0,0,-10,,,,
03936U,0,0,0,-100,,,,
03937U,0,0,0,-110,,,,
03939U,0,0,0,18,,,,
03942U,0,0,0,8,,,,
03943U,0,0,0,30,,,,
03950U,0,0,0,-40,,,,
03954U,0,0,0,-1,,,,
03957U,0,0,0,40,,,,
03958C,0,0,0,498,,,,
03959U,0,0,0,11,,,,
03960U,0,0,0,214,,,,
03963C,0,0,0,-16,,,,
03964U,0,0,0,96,,,,
03965U,0,0,0,-40,,,,
03966C,0,0,0,2,,,,
03966U,0,0,0,4,,,,
03967C,0,0,0,0,,,,
03967U,-158,0,0,158,,,,
03969C,0,0,0,-4,,,,
03970C,0,0,0,-2,,,,
03972C,0,0,0,-415,,,,
03974U,0,0,0,13,,,,
03975C,0,0,0,200,,,,
03976C,0,0,0,8,,,,
03977C,0,0,0,0,,,,
03977U,0,0,0,-40,,,,
03980C,0,0,0,-5,,,,
03981C,0,0,0,105,,,,
039844,0,0,0,12,,,,
03984C,0,0,0,-5,,,,
03985C,0,0,0,0,,,,
03986C,0,0,0,-304,,,,
03986U,0,0,0,5,,,,
03987C,0,0,0,14,,,,
03988C,0,0,0,-32,,,,
03989U,0,0,0,-15,,,,
03991C,0,0,0,15,,,,
03991U,0,0,0,-100,,,,
03992U,0,0,0,158,,,,
03995U,0,0,0,1797,,,,
03997U,0,0,0,-21,,,,
03998U,0,0,0,50,,,,
04000U,0,0,0,4,,,,
04001U,0,0,0,-11,,,,
04004U,0,0,0,1,,,,
04006U,0,0,0,-6,,,,
04010U,0,0,0,-230,,,,
04012U,0,0,0,-1114,,,,
04013U,0,0,0,-35,,,,
04014U,0,0,0,1,,,,
04017U,0,0,0,20,,,,
04019U,0,0,0,-104,,,,
04023U,2,0,0,-3,,,,
040246,0,0,0,32,,,,
04025U,0,0,0,100,,,,
04028U,0,0,0,-50,,,,
04030U,0,0,0,21,,,,
04032U,0,0,0,5,,,,
04034U,0,0,0,20,,,,
040366,0,0,0,31,,,,
040367,0,0,0,13,,,,
040368,0,0,0,24,,,,
040369,0,0,0,50,,,,
040370,0,0,0,-325,,,,
04041U,0,0,0,-18,,,,
04042U,0,0,0,-10,,,,
040432,0,0,0,5,,,,
040434,0,0,0,94,,,,
04052U,0,0,8,-10,,,,
04053U,0,0,200,-1,,,,
040574,0,0,0,-50,,,,
040575,0,0,0,-10,,,,
040576,0,0,0,85,,,,
040577,0,0,0,52,,,,
040578,0,0,0,-27,,,,
040589,0,0,0,-50,,,,
04058U,0,0,0,5,,,,
040590,0,0,0,-100,,,,
040591,0,0,0,-247,,,,
04061U,0,0,0,-1,,,,
04063U,0,0,0,-100,,,,
040661,0,0,0,-131,,,,
04066U,0,0,0,28,,,,
04071U,0,0,0,415,,,,
04075U,0,0,0,-15,,,,
04076U,0,0,0,11,,,,
04089U,0,0,0,-26,,,,
04093U,0,0,0,-65,,,,
04095U,0,0,0,-256,,,,
04098U,0,0,0,-10,,,,
04099U,0,0,0,2,,,,
04101U,0,0,0,-10,,,,
04103U,0,0,0,-59,,,,
04104U,0,0,0,65,,,,
041068,0,0,0,-59,,,,
04108U,0,0,0,30,,,,
04111U,0,0,0,-3,,,,
041125,0,0,0,-261,,,,
041126,0,0,0,-920,,,,
041132,0,0,0,50,,,,
04114U,0,0,0,-567,,,,
04117U,0,0,0,-850,,,,
04118U,0,0,0,30,,,,
04120U,0,0,0,-93,,,,
04127U,0,0,0,200,,,,
04130U,0,0,0,-10,,,,
041321,0,0,0,-24,,,,
041322,0,0,0,-327,,,,
04134U,0,0,0,12,,,,
04139U,0,0,0,-499,,,,
04141U,0,0,0,12,,,,
04144U,0,0,0,-40,,,,
04146U,0,0,0,-22,,,,
04152U,0,0,0,10,,,,
04154U,0,0,0,10,,,,
04156U,0,0,0,-5,,,,
04157U,0,0,0,-1082,,,,
04165U,0,0,0,-23,,,,
04168U,0,0,0,-238,,,,
04175U,0,0,0,215,,,,
04176U,0,0,0,-10,,,,
04177U,0,0,0,-209,,,,
04178U,0,0,0,-60,,,,
04180U,0,0,0,330,,,,
04183U,0,0,0,-2,,,,
04184U,0,0,0,-25,,,,
04191U,0,0,0,60,,,,
04192U,0,0,0,20,,,,
04195U,0,0,0,-100,,,,
04198U,0,0,0,56,,,,
04201U,0,0,10,-10,,,,
04205U,0,0,0,-20,,,,
04227U,0,0,0,38,,,,
04229U,0,0,0,-150,,,,
04233U,0,0,0,-26,,,,
04236U,0,0,0,0,,,,
04237U,0,0,0,50,,,,
04239U,0,0,0,-100,,,,
04246U,0,0,0,-16,,,,
04250U,0,0,0,-10,,,,
04253U,0,0,0,280,,,,
04254U,0,0,0,20,,,,
04255U,0,0,0,565,,,,
04259U,0,0,0,-430,,,,
04263U,0,0,0,43,,,,
04265U,0,0,0,15,,,,
04270U,0,0,0,60,,,,
04272U,0,0,0,-10,,,,
04275U,0,0,0,6,,,,
04277U,0,0,0,200,,,,
042867,0,0,0,3,,,,
042869,0,0,0,559,,,,
042872,0,0,0,58,,,,
042873,0,0,0,-93,,,,
042878,0,0,0,34,,,,
04287U,0,0,0,0,,,,
042881,0,0,0,-10,,,,
042882,0,0,0,-10,,,,
042883,0,0,0,150,,,,
042889,0,0,0,-64,,,,
042902,0,0,0,-1,,,,
04290U,0,0,0,-63,,,,
04293U,0,0,0,122,,,,
04295U,0,0,0,-26,,,,
04302U,0,0,0,-10,,,,
04304U,0,0,0,-3,,,,
04307U,0,0,0,43,,,,
043084,0,0,0,51,,,,
04312U,0,0,0,-99,,,,
04314U,0,0,0,180,,,,
04315U,0,0,0,-150,,,,
04317U,0,0,0,-35,,,,
04318U,0,0,0,112,,,,
04319U,0,0,0,12,,,,
04320U,0,0,0,-10,,,,
04321U,0,0,0,-3,,,,
04322U,0,0,0,50,,,,
04326U,0,0,0,15,,,,
04327U,0,0,0,4,,,,
04329U,0,0,0,62,,,,
04330U,0,0,0,57,,,,
04331U,0,0,0,20,,,,
04335U,0,0,0,71,,,,
04339U,0,0,0,-40,,,,
04340U,0,0,0,-26,,,,
04341U,0,0,0,-15,,,,
043475,0,0,0,150,,,,
04347U,0,0,0,77,,,,
04351U,0,0,0,-1,,,,
04354U,0,0,0,-237,,,,
04355U,0,0,0,40,,,,
043562,0,0,0,-10,,,,
043574,0,0,0,-42,,,,
04357U,0,0,0,200,,,,
04358U,0,0,0,102,,,,
04359U,0,0,0,-92,,,,
04362U,0,0,0,-46,,,,
04372U,0,0,0,-62,,,,
04373U,0,0,0,10,,,,
043750,0,0,0,-10,,,,
043751,0,0,0,1,,,,
04375U,0,0,0,0,,,,
04376U,0,0,0,-57,,,,
04378U,0,0,0,0,,,,
04379U,0,0,0,-14,,,,
043828,0,0,0,70,,,,
04384U,0,0,0,45,,,,
04385U,0,0,0,-160,,,,
04390U,0,0,0,-11,,,,
04393U,0,0,0,-60,,,,
04395U,0,0,0,5,,,,
04396U,0,0,0,-275,,,,
04397U,0,0,0,-48,,,,
043993,0,0,0,217,,,,
04399U,0,0,0,-30,,,,
04401U,0,0,0,-25,,,,
04402U,0,0,0,-67,,,,
04403U,0,0,0,-3,,,,
04404U,0,0,0,250,,,,
04406U,0,0,0,6,,,,
04409U,0,0,0,2,,,,
04410U,0,0,0,-5,,,,
04411U,0,0,0,15,,,,
044153,0,0,0,39,,,,
04415U,0,0,0,5,,,,
04418U,0,0,0,-12,,,,
04424U,0,0,0,-80,,,,
044262,0,0,0,-2,,,,
04431U,0,0,0,-90,,,,
04432U,0,0,0,200,,,,
04433U,0,0,0,7,,,,
04436U,0,0,0,0,,,,
04440U,0,0,0,25,,,,
04443U,0,0,0,-86,,,,
044456,0,0,0,20,,,,
04445U,0,0,0,-1,,,,
044466,0,0,0,20,,,,
04446U,0,0,0,45,,,,
04450U,0,0,0,-378,,,,
04453U,0,0,0,5,,,,
044563,0,0,0,419,,,,
044564,0,0,0,-91,,,,
044565,0,0,0,-7,,,,
044566,0,0,0,-100,,,,
04457U,0,0,0,-40,,,,
04458U,0,0,0,-2,,,,
04461U,0,0,0,-25,,,,
04462U,0,0,0,5,,,,
04464U,0,0,0,78,,,,
04465U,100,0,0,-305,,,,
04466U,0,0,0,-460,,,,
04467U,0,0,0,20,,,,
04469U,0,0,0,-40,,,,
04470U,0,0,0,0,,,,
04474U,0,0,0,-82,,,,
044758,0,0,0,39,,,,
044759,0,0,0,42,,,,
04475U,0,0,0,-20,,,,
044760,0,0,0,251,,,,
04476U,0,0,0,-81,,,,
044776,0,0,0,-1,,,,
04479U,0,0,0,20,,,,
04480U,0,0,0,-5,,,,
04481U,0,0,0,-270,,,,
04482U,0,0,0,23,,,,
04484U,0,0,0,5,,,,
04487U,0,0,0,-5,,,,
044895,0,0,0,-5,,,,
04489U,0,0,0,35,,,,
044905,0,0,0,-195,,,,
044908,0,0,0,65,,,,
044912,0,0,0,109,,,,
044915,0,0,0,-86,,,,
04491U,0,0,0,83,,,,
044920,0,0,0,4,,,,
044921,0,0,0,-7,,,,
044930,0,0,0,-5,,,,
04493U,0,0,0,18,,,,
04495U,0,0,0,0,,,,
04498U,0,0,0,3,,,,
04501U,0,0,0,-193,,,,
04502U,0,0,0,-11,,,,
04503U,0,0,0,16,,,,
04506U,0,0,0,12,,,,
04508U,0,0,0,-20,,,,
04509U,0,0,0,20,,,,
04511U,0,0,0,11,,,,
04512U,0,0,0,20,,,,
04513U,0,0,0,-10,,,,
04514U,0,0,0,200,,,,
04517U,0,0,0,59,,,,
04521U,0,0,0,4,,,,
04522U,0,0,0,-40,,,,
04523U,2,0,0,-272,,,,
04526U,0,0,0,-55,,,,
045280,0,0,0,112,,,,
045283,0,0,0,-195,,,,
045284,0,0,0,-25,,,,
045291,0,0,0,-6,,,,
045292,0,0,0,-6,,,,
04530U,0,0,0,-3,,,,
045310,0,0,0,15,,,,
045311,0,0,0,63,,,,
04531U,0,0,0,350,,,,
04534U,0,0,0,-42,,,,
04535U,0,0,0,0,,,,
04539U,0,0,590,-529,,,,
045416,0,0,0,-600,,,,
04543U,0,0,0,-662,,,,
04547U,0,0,0,38,,,,
04548U,0,0,0,5,,,,
04551U,0,0,0,-77,,,,
04552U,0,0,0,2,,,,
04553U,0,0,0,-110,,,,
04555U,0,0,0,79,,,,
04557U,0,0,0,100,,,,
045586,0,0,0,42,,,,
045587,0,0,0,9,,,,
045609,0,0,0,5,,,,
04560U,0,0,0,118,,,,
045610,0,0,0,163,,,,
045617,0,0,0,-222,,,,
04569U,0,0,0,36,,,,
045701,0,0,0,156,,,,
045702,0,0,0,9,,,,
045708,0,0,0,-111,,,,
04570U,0,0,0,-4,,,,
045715,0,0,0,50,,,,
04571U,0,0,0,35,,,,
045732,0,0,0,205,,,,
04573U,0,0,0,-10,,,,
04574U,0,0,0,-25,,,,
04575U,0,0,0,-166,,,,
045776,0,0,0,49,,,,
045777,0,0,0,7,,,,
04577U,0,0,0,18,,,,
04587U,0,0,0,-20,,,,
04589U,0,0,0,-2,,,,
04593U,0,0,0,2,,,,
04594U,0,0,0,-148,,,,
045963,0,0,0,5,,,,
045968,0,0,0,100,,,,
045979,0,0,0,-1,,,,
04598U,0,0,0,5,,,,
045992,0,0,0,88,,,,
04603U,0,0,0,-533,,,,
04604U,0,0,0,-4,,,,
04613U,0,0,0,-40,,,,
046147,0,0,0,-67,,,,
04614U,0,0,0,456,,,,
046158,0,0,0,-205,,,,
046165,0,0,0,-10,,,,
046169,0,0,0,15,,,,
046170,0,0,0,-9,,,,
046179,0,0,0,12,,,,
04620U,0,0,0,55,,,,
04622U,0,0,0,30,,,,
04627U,0,0,0,200,,,,
04629U,0,0,0,-17,,,,
04630U,0,0,0,-1,,,,
04632U,0,0,0,-484,,,,
04633U,0,0,0,20,,,,
04634U,0,0,0,23,,,,
04637U,0,0,0,300,,,,
04638U,0,0,0,1,,,,
04640U,0,0,0,5,,,,
046429,0,0,0,-15,,,,
046432,0,0,0,100,,,,
04644U,0,0,0,-4,,,,
046450,0,0,0,43,,,,
046454,0,0,0,5,,,,
04648U,0,0,0,-5,,,,
04656U,0,0,0,-3,,,,
04657U,0,0,0,10,,,,
04658U,0,0,0,28,,,,
04660U,0,0,0,-101,,,,
04662U,0,0,0,100,,,,
04663U,0,0,0,-107,,,,
04669U,0,0,0,-306,,,,
04671U,0,0,0,-180,,,,
046720,0,0,0,43,,,,
046723,0,0,0,36,,,,
046724,0,0,0,2,,,,
04674U,0,0,0,199,,,,
04680U,0,0,0,-50,,,,
04682U,0,0,0,-150,,,,
04683U,0,0,0,110,,,,
04685U,0,0,0,-21,,,,
04686U,0,0,0,-17,,,,
046872,0,0,0,-729,,,,
04687U,0,0,0,-1128,,,,
04688U,0,0,0,78,,,,
046897,0,0,0,929,,,,
04689U,0,0,0,-13,,,,
046900,0,0,0,-13,,,,
046905,0,0,0,12,,,,
046906,0,0,0,50,,,,
04695U,0,0,0,-140,,,,
04697U,0,0,0,-119,,,,
04698U,0,0,0,-10,,,,
04700U,0,0,0,-100,,,,
04706U,0,0,0,-236,,,,
04709U,0,0,0,-10,,,,
047102,0,0,0,5,,,,
047104,0,0,0,-10,,,,
04710U,0,0,0,110,,,,
047115,0,0,0,-4,,,,
047118,0,0,0,482,,,,
047120,0,0,0,-13,,,,
04712U,0,0,0,-67,,,,
04713U,0,0,0,-57,,,,
04715U,0,0,0,-20,,,,
04718U,0,0,0,-79,,,,
04719U,0,0,0,-88,,,,
047246,0,0,0,6,,,,
04724U,0,0,0,38,,,,
047250,0,0,0,-40,,,,
047255,0,0,0,39,,,,
047257,0,0,0,98,,,,
047259,0,0,0,-55,,,,
04725U,0,0,0,20,,,,
047267,0,0,0,2,,,,
047268,0,0,0,90,,,,
04726U,0,0,0,11,,,,
04731U,0,0,0,-80,,,,
04733U,0,0,0,880,,,,
04734U,0,0,0,-365,,,,
047367,0,0,0,126,,,,
04738U,0,0,0,22,,,,
04740U,0,0,0,-1,,,,
04741U,0,0,0,-14,,,,
047428,0,0,0,-1,,,,
047429,0,0,0,-10,,,,
047439,0,0,0,99,,,,
04743U,0,0,0,70,,,,
04744U,0,0,0,-90,,,,
04745U,0,0,0,-11,,,,
047495,0,0,0,1388,,,,
04749U,0,0,0,200,,,,
04751U,0,0,0,-42,,,,
047575,0,0,0,1,,,,
047577,0,0,0,-36,,,,
04757U,0,0,0,60,,,,
04759U,0,0,0,8,,,,
04760U,0,0,0,-340,,,,
04761U,0,0,0,-162,,,,
04764U,0,0,0,-34,,,,
04765U,0,0,0,-27,,,,
04767U,0,0,0,749,,,,
04770U,0,0,0,-2056,,,,
04771U,0,0,0,-200,,,,
04772U,0,0,0,200,,,,
047730,0,0,0,346,,,,
047731,0,0,0,4,,,,
047733,0,0,0,-20,,,,
04775U,0,0,0,-98,,,,
04780U,0,0,0,-64,,,,
04783U,0,0,0,5,,,,
04785U,0,0,0,-5,,,,
04786U,0,0,0,88,,,,
04787U,0,0,0,-1,,,,
04789U,0,0,0,-14,,,,
04791U,0,0,0,1,,,,
04794U,0,0,0,80,,,,
04797U,0,0,0,6,,,,
04799U,0,0,0,0,,,,
04800U,0,0,0,43,,,,
04801U,0,0,0,18,,,,
04804U,0,0,0,15,,,,
04805U,0,0,0,20,,,,
048071,0,0,0,405,,,,
048080,0,0,0,-3,,,,
04808U,0,0,0,-3,,,,
04810U,0,0,0,0,,,,
04812U,0,0,0,1,,,,
04815U,0,0,0,-4,,,,
04818U,0,0,0,-4,,,,
04820U,0,0,0,-248,,,,
048227,0,0,0,-2,,,,
048248,0,0,0,-10,,,,
04824U,0,0,0,-14,,,,
048252,0,0,0,10,,,,
048254,0,0,0,-42,,,,
04825U,0,0,0,-2283,,,,
04826U,0,0,0,6,,,,
04827U,0,0,0,25,,,,
04830U,0,0,0,3,,,,
04831U,0,0,0,66,,,,
04832U,0,0,0,-10,,,,
04834U,0,0,0,24,,,,
04835U,0,0,0,22,,,,
048375,0,0,0,28,,,,
04837U,0,0,0,-25,,,,
04838U,0,0,0,-2,,,,
04839P,0,0,0,-174,,,,
04839U,0,0,0,20,,,,
04843U,0,0,0,15,,,,
04844U,0,0,0,-10,,,,
04845U,0,0,0,-1,,,,
048466,0,0,0,-11,,,,
048474,0,0,0,29,,,,
048478,0,0,0,-32,,,,
048479,0,0,0,-13,,,,
04847U,0,0,0,-19,,,,
04850U,0,0,0,40,,,,
048515,0,0,0,-10,,,,
048522,0,0,0,-150,,,,
04857U,0,0,0,-10,,,,
04858U,0,0,0,-1,,,,
048596,0,0,0,-28,,,,
04863U,0,0,0,45,,,,
04865U,0,0,0,-21,,,,
04866U,0,0,0,-58,,,,
04867U,0,0,0,7,,,,
04869U,0,0,0,-2,,,,
04875U,0,0,0,11,,,,
048763,0,0,0,27,,,,
048767,0,0,0,-370,,,,
048769,0,0,0,5,,,,
04877U,0,0,0,30,,,,
048784,0,0,0,-2,,,,
048785,0,0,0,-220,,,,
04878U,0,0,0,19,,,,
04882U,0,0,0,-12,,,,
04883U,0,0,0,-25,,,,
04884U,0,0,0,-549,,,,
04885U,0,0,0,-76,,,,
04887U,0,0,0,-100,,,,
048903,0,0,0,6,,,,
048905,0,0,0,33,,,,
04890U,0,0,0,22,,,,
04894U,0,0,0,80,,,,
048987,0,0,0,-7,,,,
04898U,0,0,0,20,,,,
04901U,0,0,0,80,,,,
04905U,0,0,0,-3,,,,
04908U,0,0,0,64,,,,
04909U,0,0,0,-81,,,,
049126,0,0,0,3,,,,
049127,0,0,0,-10,,,,
04916U,0,0,0,-10,,,,
049173,0,0,0,0,,,,
049174,0,0,0,109,,,,
04917U,0,0,0,-25,,,,
04918U,0,0,0,30,,,,
04919U,0,0,0,37,,,,
04921U,0,0,0,-396,,,,
04922U,0,0,0,-204,,,,
04923U,0,0,0,63,,,,
04925U,0,0,0,-125,,,,
04927U,0,0,0,596,,,,
04929U,0,0,0,58,,,,
049317,0,0,0,69,,,,
049318,0,0,0,-1,,,,
04931U,0,0,0,50,,,,
04932U,0,0,0,-338,,,,
04936U,0,0,0,220,,,,
04937U,0,0,0,-20,,,,
04938U,0,0,0,339,,,,
04939U,0,0,0,-9,,,,
04941U,0,0,0,-4,,,,
049420,0,0,0,10,,,,
049427,0,0,0,87,,,,
049429,0,0,0,-47,,,,
04952U,0,0,0,-75,,,,
04953U,0,0,0,0,,,,
04954U,0,0,0,-10,,,,
04956U,0,0,0,-26,,,,
049584,0,0,0,-51,,,,
04958U,0,0,0,-38,,,,
04959U,0,0,0,-140,,,,
04960U,0,0,0,-10,,,,
04962U,0,0,0,-121,,,,
04963U,0,0,0,-100,,,,
04966U,0,0,0,-50,,,,
04968U,0,0,0,3,,,,
04969U,0,0,0,5,,,,
04970U,0,0,0,79,,,,
04977U,0,0,0,3,,,,
04980U,0,0,0,75,,,,
04981U,0,0,0,-1,,,,
04983U,0,0,0,-2,,,,
04984U,0,0,0,44,,,,
04985U,0,0,0,-5,,,,
049872,0,0,0,125,,,,
049874,0,0,0,-156,,,,
049875,0,0,0,-10,,,,
049876,0,0,0,-94,,,,
049878,0,0,0,3,,,,
04987U,0,0,0,31,,,,
049887,0,0,0,604,,,,
04988U,0,0,0,-70,,,,
04989U,0,0,0,-515,,,,
04990U,0,0,0,3,,,,
049943,0,0,0,220,,,,
049945,0,0,0,-87,,,,
04994U,0,0,0,-10,,,,
04995U,0,0,0,-300,,,,
04999U,0,0,0,-10,,,,
05000U,0,0,0,-25,,,,
05002U,0,0,0,59,,,,
05006U,0,0,0,-221,,,,
05010U,0,0,0,60,,,,
05011U,0,0,0,0,,,,
05018U,0,0,0,298,,,,
05020U,0,0,0,-10,,,,
05023U,0,0,0,4,,,,
05024U,0,0,0,-80,,,,
05026U,0,0,0,250,,,,
050276,0,0,0,99,,,,
050277,0,0,0,-2,,,,
050309,0,0,0,20,,,,
05030U,0,0,0,-761,,,,
050315,0,0,0,7,,,,
05031U,0,0,0,-21,,,,
05032U,0,0,0,-19,,,,
05035U,0,0,0,-35,,,,
05036U,0,0,0,50,,,,
05041U,0,0,0,-6,,,,
05042U,0,0,0,15,,,,
05043U,0,0,0,-67,,,,
05046U,0,0,0,-70,,,,
05047U,0,0,0,32,,,,
05050U,0,0,0,10,,,,
05051U,0,0,0,0,,,,
05061U,0,0,0,7,,,,
05063U,0,0,0,-5,,,,
050643,0,0,0,-499,,,,
05065U,0,0,0,-610,,,,
050679,0,0,0,16,,,,
05068U,0,0,0,326,,,,
050691,0,0,0,-195,,,,
05070U,0,0,0,-128,,,,
05071U,0,0,0,-10,,,,
05073U,0,0,0,506,,,,
05075U,0,0,0,32,,,,
05077U,0,0,0,20,,,,
05079U,0,0,0,20,,,,
05082U,0,0,0,3,,,,
050834,0,0,0,-3,,,,
050835,0,0,0,34,,,,
050838,0,0,0,1,,,,
05085U,0,0,0,8,,,,
05086U,0,0,0,-507,,,,
05087U,0,0,0,-6165,,,,
05091U,0,0,0,-16,,,,
050926,0,0,0,1,,,,
05093U,0,0,0,-70,,,,
05094U,0,0,0,-100,,,,
05095U,0,0,0,-308,,,,
05096U,0,0,0,18,,,,
05097U,0,0,0,260,,,,
05098U,0,0,0,2,,,,
05103U,0,0,0,6,,,,
05107U,0,0,0,-3495,,,,
05108U,0,0,0,10,,,,
05110U,0,0,0,-67,,,,
05113U,0,0,0,-2,,,,
05115U,0,0,0,-694,,,,
05116U,0,0,0,-216,,,,
05117U,0,0,0,166,,,,
05120U,0,0,0,-1071,,,,
05121U,0,0,0,10,,,,
05122U,0,0,0,-51,,,,
05123U,0,0,0,-18,,,,
05127U,0,0,0,12,,,,
05128U,0,0,0,-26,,,,
05129U,0,0,0,7,,,,
051311,0,0,0,10,,,,
05132U,0,0,0,10,,,,
05134U,0,0,0,-12,,,,
05138U,0,0,0,400,,,,
05140U,0,0,0,5,,,,
051414,0,0,0,38,,,,
051415,0,0,0,-10,,,,
051416,0,0,0,-40,,,,
05141U,0,0,0,-10,,,,
05142U,0,0,0,-128,,,,
05147U,0,0,0,-522,,,,
05153U,0,0,0,1,,,,
05154U,0,0,0,-305,,,,
05155U,0,0,0,327,,,,
051565,0,0,0,5,,,,
05156U,0,0,0,-64,,,,
051594,0,0,0,-1,,,,
05159U,0,0,0,45,,,,
05164U,0,0,0,120,,,,
05167U,0,0,0,-90,,,,
05168U,0,0,0,797,,,,
051699,0,0,0,5116,,,,
05170U,0,0,0,36,,,,
05171U,0,0,0,-4,,,,
05172U,0,0,0,0,,,,
05173U,0,0,0,3,,,,
05175U,0,0,0,-11,,,,
05176U,0,0,0,-2,,,,
051776,0,0,0,70,,,,
05177U,0,0,0,-117,,,,
05181U,0,0,0,48,,,,
05182U,0,0,0,308,,,,
05186U,0,0,0,-266,,,,
05187U,0,0,0,10,,,,
05191U,0,0,0,10,,,,
051937,0,0,0,-17,,,,
05193U,0,0,0,308,,,,
05194U,0,0,0,-13,,,,
05195U,0,0,0,5,,,,
05196U,0,0,0,-26,,,,
05197U,0,0,0,-46,,,,
05198U,0,0,0,-12,,,,
05199U,0,0,0,0,,,,
05200U,0,0,0,-10,,,,
05203U,0,0,0,20,,,,
05205U,0,0,0,5,,,,
05206U,0,0,0,-66,,,,
05208U,0,0,0,1,,,,
05210U,0,0,0,-4,,,,
052118,0,0,0,-70,,,,
05211U,0,0,0,27,,,,
052122,0,0,0,-630,,,,
052123,0,0,0,29,,,,
05212U,0,0,0,250,,,,
05213U,0,0,0,-89,,,,
05214U,0,0,0,-39,,,,
05215U,0,0,0,15,,,,
05216U,0,0,0,-41,,,,
05217U,0,0,0,-121,,,,
05219U,0,0,0,-4,,,,
05220U,0,0,0,-148,,,,
05221U,0,0,0,2,,,,
05222U,0,0,0,-549,,,,
05223U,0,0,0,-10,,,,
05224U,0,0,0,137,,,,
05227U,0,0,0,-3,,,,
05228U,0,0,0,-98,,,,
05229U,0,0,0,-1,,,,
05230U,0,0,0,20,,,,
052328,0,0,0,5568,,,,
05232P,0,0,0,47,,,,
05232U,0,0,0,-3,,,,
05233U,0,0,0,-1,,,,
05234U,0,0,0,1905,,,,
05236U,0,0,0,-2,,,,
05237U,0,0,0,0,,,,
05244U,0,0,0,-10,,,,
05245U,0,0,0,-94,,,,
05246U,0,0,0,20,,,,
05247U,0,0,0,18,,,,
05248U,0,0,0,10,,,,
05249U,0,0,0,100,,,,
05250U,0,0,0,26,,,,
052513,0,0,0,101,,,,
052514,0,0,0,-10,,,,
052515,0,0,0,-45,,,,
052517,0,0,0,-178,,,,
05253U,0,0,0,-34,,,,
05256U,0,0,0,70,,,,
05257U,0,0,0,5,,,,
05259U,0,0,0,-36,,,,
05260U,0,0,0,30,,,,
05264U,0,0,0,299,,,,
05265U,0,0,0,-45,,,,
05268U,0,0,0,-50,,,,
05269U,0,0,0,-153,,,,
05270U,0,0,0,-924,,,,
05271U,0,0,0,-22,,,,
05272U,0,0,0,2,,,,
05273U,0,0,0,-75,,,,
052749,0,0,0,6,,,,
05274U,0,0,0,-171,,,,
05276U,0,0,0,1,,,,
05277U,0,0,0,31,,,,
052785,0,0,0,-1,,,,
052794,0,0,0,10,,,,
05280U,0,0,0,11,,,,
05281U,0,0,0,59,,,,
05284U,0,0,0,872,,,,
05285U,0,0,0,15,,,,
05287U,0,0,0,28,,,,
05288U,0,0,0,172,,,,
05290U,0,0,0,-10,,,,
05292U,0,0,0,54,,,,
05293U,0,0,0,-10,,,,
05294U,0,0,0,60,,,,
05295U,0,0,0,-400,,,,
05296U,0,0,0,-201,,,,
05297U,0,0,0,-43,,,,
05299U,0,0,0,-27,,,,
053006,0,0,0,-50,,,,
053009,0,0,0,-114,,,,
05300U,588,0,0,-594,,,,
053010,0,0,0,-10,,,,
053011,0,0,0,-94,,,,
053012,0,0,0,-5,,,,
053013,0,0,0,-12,,,,
053016,0,0,0,40,,,,
05302U,0,0,0,20,,,,
05303U,0,0,0,21,,,,
05304U,0,0,0,-804,,,,
05305U,0,0,0,61,,,,
05306U,0,0,0,10,,,,
05307U,0,0,0,-149,,,,
05308U,0,0,0,-2,,,,
053105,0,0,0,1367,,,,
053106,0,0,0,-179,,,,
05311U,0,0,0,-155,,,,
05317U,0,0,0,580,,,,
05318U,0,0,0,51,,,,
05319U,0,0,0,-541,,,,
05320U,0,0,0,99,,,,
05323U,0,0,0,4,,,,
05324U,0,0,0,205,,,,
05325U,0,0,0,-20,,,,
05327U,0,0,0,-2,,,,
05328U,0,0,0,1148,,,,
05329U,0,0,0,200,,,,
053307,0,0,0,10,,,,
05330U,0,0,0,2,,,,
05332U,0,0,0,-3,,,,
05334U,0,0,0,20,,,,
053355,0,0,0,1,,,,
053357,0,0,0,-29,,,,
053365,0,0,0,-34,,,,
053368,0,0,0,15,,,,
05337U,0,0,0,4,,,,
05338U,0,0,0,-33,,,,
05339U,0,0,0,-32,,,,
05341U,0,0,0,-23,,,,
053426,0,0,0,1,,,,
05342U,0,0,0,73,,,,
053433,0,0,0,137,,,,
05343U,0,0,0,143,,,,
05344U,0,0,0,10,,,,
05345U,0,0,0,48,,,,
05350U,0,0,0,-78,,,,
05351U,0,0,0,-51,,,,
05352U,0,0,0,100,,,,
05353U,0,0,0,-8,,,,
05354U,0,0,0,45,,,,
053556,0,0,0,102,,,,
05355U,0,0,0,81,,,,
053565,0,0,0,536,,,,
05356U,0,0,0,-1,,,,
05357U,0,0,0,-40,,,,
053584,0,0,0,55,,,,
053585,0,0,0,1,,,,
05358U,0,0,0,-3,,,,
053605,0,0,0,7,,,,
053606,0,0,0,220,,,,
05360U,0,0,0,0,,,,
05361U,0,0,0,-2,,,,
05364U,0,0,0,-20,,,,
05365U,0,0,0,-191,,,,
05367U,0,0,0,-10,,,,
05369U,0,0,0,-63,,,,
05371U,0,0,0,-59,,,,
05372U,0,0,0,46,,,,
053730,0,0,0,-42,,,,
053732,0,0,0,1,,,,
053733,0,0,0,-15,,,,
05374U,0,0,0,10,,,,
05375U,0,0,0,-16,,,,
05378U,0,0,0,20,,,,
05379U,0,0,0,230,,,,
05380U,0,0,0,-40,,,,
05381U,0,0,0,-1,,,,
05382U,0,0,0,-15,,,,
05384U,0,0,0,-1,,,,
053854,0,0,0,-10,,,,
05386U,0,0,0,300,,,,
05387U,0,0,0,-10,,,,
05389U,0,0,0,-5,,,,
05393U,0,0,0,-50,,,,
05395U,0,0,0,-1,,,,
05396U,0,0,0,80,,,,
05397U,0,0,0,205,,,,
05398U,0,0,0,101,,,,
053995,0,0,0,126,,,,
05399U,0,0,0,10,,,,
05400U,0,0,0,9,,,,
054021,0,0,0,-34,,,,
05403U,0,0,0,-15,,,,
054041,0,0,0,5,,,,
05407U,0,0,0,29,,,,
054086,0,0,0,50,,,,
05408U,0,0,0,-2,,,,
05409U,0,0,0,-26,,,,
05410U,0,0,0,-31,,,,
05411U,0,0,0,-10,,,,
05412U,0,0,0,75,,,,
05413U,0,0,0,3,,,,
05417U,0,0,0,-10,,,,
054198,0,0,0,85,,,,
05419U,0,0,0,6,,,,
054205,0,0,0,51,,,,
054216,0,0,0,660,,,,
05421U,0,0,0,0,,,,
05422U,0,0,0,44,,,,
05424U,0,0,0,10,,,,
05427U,0,0,0,-25,,,,
054306,0,0,0,-200,,,,
05432U,0,0,0,23,,,,
054356,0,0,0,-294,,,,
054366,0,0,0,1,,,,
054367,0,0,0,30,,,,
05439U,0,0,0,-2024,,,,
05440U,0,0,0,25,,,,
054413,0,0,0,413,,,,
05441U,0,0,0,85,,,,
054420,0,0,0,1,,,,
054438,0,0,0,1,,,,
05445U,0,0,0,20,,,,
05446U,0,0,0,-35,,,,
05448U,0,0,0,15,,,,
05449P,0,0,0,-54,,,,
05450U,0,0,0,-114,,,,
05451U,0,0,0,56,,,,
05453U,0,0,0,-532,,,,
05454U,0,0,0,-67,,,,
054562,0,0,0,1,,,,
054567,0,0,0,-20,,,,
05456U,0,0,0,-9,,,,
054573,0,0,0,203,,,,
05457U,0,0,0,0,,,,
05458U,0,0,0,20,,,,
05459U,0,0,0,-104,,,,
05460U,0,0,0,-18,,,,
05462U,0,0,0,395,,,,
054646,0,0,0,20,,,,
054674,0,0,0,-735,,,,
05468U,0,0,0,-56,,,,
05469U,0,0,0,21,,,,
054717,0,0,0,25,,,,
054718,0,0,0,-62,,,,
05471U,0,0,0,-6,,,,
05472U,0,0,0,14,,,,
05473U,0,0,0,-2,,,,
05475U,0,0,0,10,,,,
05476U,0,0,0,-50,,,,
054770,0,0,0,4,,,,
05477U,0,0,0,-29,,,,
05479U,0,0,0,-380,,,,
05481U,0,0,0,-105,,,,
05482U,0,0,0,25,,,,
05483U,0,0,0,-350,,,,
05484U,0,0,0,5,,,,
054867,0,0,0,-231,,,,
054887,0,0,0,200,,,,
054896,0,0,0,243,,,,
054932,0,0,0,2240,,,,
05493U,0,0,0,80,,,,
05494U,0,0,0,64,,,,
05495U,0,0,0,-1,,,,
05496U,0,0,0,-56,,,,
05497U,0,0,0,-46,,,,
05498U,0,0,0,5,,,,
05499U,0,0,0,-153,,,,
05500U,0,0,0,-161,,,,
05501U,0,0,0,34,,,,
05503U,0,0,0,-30,,,,
05504U,0,0,0,2,,,,
055052,0,0,0,-20,,,,
055055,0,0,0,10,,,,
05506U,0,0,0,32,,,,
05510U,0,0,0,-55,,,,
05512U,0,0,0,2,,,,
05514U,0,0,0,25,,,,
05515U,0,0,0,1,,,,
05516U,0,0,0,24,,,,
055170,0,0,0,-10,,,,
05517U,16,0,0,4,,,,
05518U,0,0,0,-5,,,,
05519U,0,0,0,49,,,,
055203,0,0,0,77,,,,
05520U,0,0,0,5,,,,
05521U,0,0,0,86,,,,
05522U,0,0,0,305,,,,
05523U,0,0,0,-219,,,,
05525P,0,0,0,-100,,,,
05526U,0,0,0,-8,,,,
05529U,0,0,0,6,,,,
05530U,0,0,0,-32,,,,
055352,0,0,0,-2,,,,
05536U,0,0,0,10,,,,
05537U,0,0,0,55,,,,
05539U,0,0,0,0,,,,
05540U,0,0,0,99,,,,
05541U,0,0,0,22,,,,
05542U,0,0,0,27,,,,
055437,0,0,0,9,,,,
055438,0,0,0,30,,,,
055439,0,0,0,-10,,,,
05543U,0,0,0,31,,,,
055440,0,0,0,40,,,,
05544U,0,0,0,61,,,,
05545U,0,0,0,-40,,,,
05546U,0,0,0,1,,,,
055479,0,0,0,65,,,,
05551U,0,0,0,-2,,,,
05553U,0,0,0,-10,,,,
055541,0,0,0,-5,,,,
05554U,0,0,0,-6,,,,
055568,0,0,0,-101,,,,
05556U,0,0,0,-26,,,,
05557U,0,0,0,-1,,,,
05558U,0,0,0,-6,,,,
05560U,0,0,0,-70,,,,
05561U,0,0,0,-108,,,,
05563U,0,0,0,-60,,,,
05564U,0,0,0,-319,,,,
055656,0,0,0,2,,,,
05568U,0,0,0,-7,,,,
05569U,0,0,0,-20,,,,
05573U,0,0,0,-80,,,,
05574U,0,0,0,-297,,,,
05575U,0,0,0,-23,,,,
055778,0,0,0,3,,,,
05578U,0,0,0,20,,,,
055800,0,0,0,2,,,,
055812,0,0,0,-10,,,,
05583U,15,0,0,-30,,,,
05589U,0,0,0,-5,,,,
05593U,0,0,0,10,,,,
05594U,0,0,0,2,,,,
055992,0,0,0,107,,,,
056005,0,0,0,1,,,,
05600U,0,0,0,0,,,,
056014,0,0,0,19,,,,
056015,0,0,0,-211,,,,
05601U,0,0,0,-75,,,,
05602U,0,0,0,210,,,,
05604U,0,0,0,1,,,,
056050,0,0,0,-20,,,,
05606U,0,0,0,15,,,,
05607U,0,0,0,-10,,,,
056089,0,0,0,-14,,,,
05609U,0,0,0,-12,,,,
056138,0,0,0,6,,,,
05613U,0,0,0,-5,,,,
05614U,0,0,0,2,,,,
05617U,0,0,0,-56,,,,
05619U,0,0,0,20,,,,
05621U,0,0,0,20,,,,
05623U,0,0,0,1,,,,
05624U,0,0,0,106,,,,
05626U,0,0,0,-210,,,,
05628U,0,0,0,5,,,,
056293,0,0,0,180,,,,
056301,0,0,0,-21,,,,
05631U,0,0,0,32,,,,
05636U,0,0,0,-50,,,,
056394,0,0,0,108,,,,
05640U,0,0,0,63,,,,
05641U,0,0,0,-10,,,,
05642U,0,0,0,-15,,,,
056439,0,0,0,-7,,,,
05643U,0,0,0,7,,,,
056444,0,0,0,299,,,,
056445,0,0,0,2,,,,
05644U,0,0,0,-21,,,,
05645U,0,0,0,10,,,,
05646U,0,0,0,11,,,,
05649U,0,0,0,-64,,,,
05650U,0,0,0,30,,,,
056555,0,0,0,-219,,,,
05655U,0,0,0,19,,,,
05657U,0,0,0,1,,,,
05658U,0,0,0,8,,,,
05661U,0,0,0,119,,,,
056627,0,0,0,46,,,,
05663U,0,0,0,329,,,,
056643,0,0,0,-20,,,,
05664U,0,0,0,119,,,,
056682,0,0,0,-46,,,,
05668U,0,0,0,-84,,,,
05673U,0,0,0,-156,,,,
05675U,0,0,0,42,,,,
05677U,0,0,0,-1,,,,
056802,0,0,0,0,,,,
05680U,0,0,0,-523,,,,
056818,0,0,0,-16,,,,
056821,0,0,0,33,,,,
056829,0,0,0,-273,,,,
05683U,0,0,0,28,,,,
056848,0,0,0,76,,,,
05685P,0,0,0,65,,,,
05687U,0,0,0,-100,,,,
05688U,0,0,0,-539,,,,
05689U,0,0,0,-22,,,,
05690U,0,0,0,-234,,,,
05692U,0,0,0,-148,,,,
05693U,0,0,0,-89,,,,
05694U,0,0,0,-5,,,,
05695U,0,0,0,-60,,,,
056979,0,0,0,-150,,,,
05698U,0,0,0,-52,,,,
057010,0,0,0,55,,,,
057012,0,0,0,-63,,,,
057018,0,0,0,151,,,,
057024,0,0,0,-65,,,,
05702U,0,0,0,-11,,,,
05703U,0,0,0,-14,,,,
05704U,0,0,0,-1,,,,
05706U,0,0,0,-26,,,,
05707U,0,0,0,-60,,,,
057085,0,0,0,258,,,,
05708U,0,0,0,-4,,,,
05713U,0,0,0,-10,,,,
05714U,0,0,0,-10,,,,
05716U,0,0,0,20,,,,
05717U,0,0,0,45,,,,
05718U,0,0,0,56,,,,
057209,0,0,0,-36,,,,
057216,0,0,0,-10,,,,
057218,0,0,0,71,,,,
057222,0,0,0,50,,,,
057230,0,0,0,2,,,,
057232,0,0,0,1,,,,
057265,0,0,0,-67,,,,
05726U,0,0,0,26,,,,
05728U,0,0,0,-8,,,,
05729U,0,0,0,4,,,,
05730U,0,0,0,-36,,,,
05733U,0,0,0,-160,,,,
057379,0,0,0,150,,,,
057383,0,0,0,5,,,,
057385,0,0,0,910,,,,
057386,0,0,0,309,,,,
057389,0,0,0,4,,,,
05738U,10,0,0,-5,,,,
057392,0,0,0,-14,,,,
057394,0,0,0,1,,,,
057396,0,0,0,303,,,,
05739U,0,0,0,77,,,,
05740U,0,0,0,5,,,,
057418,0,0,0,-50,,,,
05742U,0,0,0,276,,,,
057435,0,0,0,100,,,,
05743U,0,0,0,11,,,,
05746U,0,0,0,-131,,,,
057474,0,0,0,20,,,,
05747U,0,0,0,53,,,,
05751U,0,0,0,-15,,,,
05753U,0,0,0,-1,,,,
05754U,0,0,0,-533,,,,
057573,0,0,0,1,,,,
05759U,0,0,0,-10,,,,
05760U,0,0,0,5,,,,
05763U,0,0,0,-2,,,,
057654,0,0,0,130,,,,
057664,0,0,0,-344,,,,
05766U,0,0,0,5,,,,
057672,0,0,0,23,,,,
057675,0,0,0,-5,,,,
057676,0,0,0,68,,,,
05767U,0,0,0,3,,,,
057688,0,0,0,-30,,,,
05768U,0,0,0,-17,,,,
057696,0,0,0,9,,,,
057697,0,0,0,399,,,,
057722,0,0,0,70,,,,
05772U,0,0,0,-17,,,,
05773U,0,0,0,-2,,,,
05778U,0,0,0,-170,,,,
057798,0,0,0,20,,,,
057799,0,0,0,12,,,,
05779P,0,0,0,-10,,,,
05785U,0,0,0,-15,,,,
05786U,0,0,0,-23,,,,
05789U,0,0,0,-5,,,,
057918,0,0,0,319,,,,
05791U,0,0,0,23,,,,
057922,0,0,0,-321,,,,
05793U,0,0,0,8,,,,
057941,0,0,0,50,,,,
057947,0,0,0,27,,,,
05794U,0,0,0,-1194,,,,
05796U,0,0,0,-20,,,,
05798U,0,0,0,460,,,,
05801U,0,0,0,79,,,,
05802U,0,0,0,-12,,,,
058033,0,0,0,-4,,,,
05803U,0,0,0,-3,,,,
058058,0,0,0,20,,,,
05805U,0,0,0,-19,,,,
05806U,0,0,0,-2,,,,
058073,0,0,0,-22,,,,
05808U,0,0,0,20,,,,
05810U,0,0,0,-21,,,,
058117,0,0,0,19,,,,
05812U,0,0,0,0,,,,
058184,0,0,0,591,,,,
05819U,0,0,0,30,,,,
05820U,0,0,0,-79,,,,
058210,0,0,0,-290,,,,
05821U,0,0,0,-81,,,,
058221,0,0,0,120,,,,
058223,0,0,0,-5,,,,
05822U,0,0,0,353,,,,
058233,0,0,0,15,,,,
05828U,0,0,0,-1505,,,,
05829U,0,0,0,539,,,,
058318,0,0,0,-25,,,,
05831U,0,0,0,-79,,,,
058322,0,0,0,415,,,,
05833U,0,0,0,-140,,,,
05834U,0,0,0,1,,,,
058370,0,0,0,-1,,,,
058377,0,0,0,-8,,,,
058378,0,0,0,-50,,,,
05837U,0,0,0,-33,,,,
05838U,0,0,0,-119,,,,
05839U,0,0,0,3,,,,
05841U,0,0,0,-14,,,,
058425,0,0,0,207,,,,
058427,0,0,0,-10,,,,
05842U,0,0,0,-21,,,,
058430,0,0,0,-43,,,,
058434,0,0,0,-257,,,,
058438,0,0,0,14,,,,
05843U,0,0,0,236,,,,
05847U,0,0,0,89,,,,
05848U,0,0,0,0,,,,
05850U,0,0,0,78,,,,
058512,0,0,0,198,,,,
05851U,0,0,0,77,,,,
05852U,0,0,0,503,,,,
058537,0,0,0,51,,,,
05853U,0,0,0,189,,,,
05854U,0,0,0,-86,,,,
058550,0,0,0,-1006,,,,
05857U,0,0,0,-5,,,,
05858U,0,0,0,-247,,,,
05859U,0,0,0,77,,,,
058620,0,0,0,-44,,,,
058630,0,0,0,13,,,,
05864U,0,0,0,-11,,,,
058675,0,0,0,1,,,,
058679,0,0,0,12,,,,
05867U,0,0,0,212,,,,
05868U,0,0,0,-44,,,,
05869U,0,0,0,5,,,,
05870U,0,0,0,-251,,,,
05871U,0,0,0,-12,,,,
05872U,0,0,0,12,,,,
05873U,0,0,0,-94,,,,
05875U,0,0,0,-131,,,,
05877U,0,0,0,-3008,,,,
05878U,0,0,0,-90,,,,
05880P,0,0,0,116,,,,
05880U,0,0,0,22,,,,
058815,0,0,0,32,,,,
05881U,0,0,0,1,,,,
05882U,0,0,0,62,,,,
058834,0,0,0,50,,,,
058836,0,0,0,-10,,,,
05883U,0,0,0,-140,,,,
05884U,0,0,0,9,,,,
058852,0,0,0,8,,,,
05885U,0,0,0,21,,,,
058866,0,0,0,1,,,,
05886U,0,0,0,-479,,,,
05888U,0,0,0,125,,,,
058905,0,0,0,-110,,,,
05890U,0,0,0,97,,,,
05891U,0,0,0,0,,,,
058920,0,0,0,124,,,,
05892U,0,0,0,-7,,,,
05897U,0,0,0,-4,,,,
05899U,0,0,0,60,,,,
059016,0,0,0,39,,,,
05902U,0,0,0,3,,,,
059038,0,0,0,19,,,,
059039,0,0,0,-7,,,,
059057,0,0,0,-11,,,,
05905U,0,0,0,72,,,,
059104,0,0,0,219,,,,
05910U,0,0,0,-1025,,,,
059113,0,0,0,0,,,,
05911U,0,0,0,5,,,,
05913U,0,0,0,216,,,,
05914U,0,0,0,-600,,,,
05917U,0,0,0,-7,,,,
05918U,0,0,0,-12,,,,
05921U,0,0,0,-1,,,,
05922U,0,0,0,6,,,,
059245,0,0,0,-41,,,,
059247,0,0,0,2,,,,
05924U,0,0,0,0,,,,
059254,0,0,0,3,,,,
05925U,0,0,0,2,,,,
05927U,0,0,0,7,,,,
05929U,0,0,0,-54,,,,
05930U,0,0,0,192,,,,
05931P,0,0,0,1,,,,
059324,0,0,0,100,,,,
05932U,0,0,0,-316,,,,
05933U,0,0,0,-104,,,,
05934U,0,0,0,200,,,,
05935U,0,0,0,49,,,,
059369,0,0,0,-13,,,,
05936U,0,0,0,-20,,,,
059378,0,0,0,-5,,,,
05937U,0,0,0,-18,,,,
05938U,0,0,0,-86,,,,
05939U,0,0,0,-126,,,,
059400,0,0,0,-10,,,,
059405,0,0,0,-5,,,,
059406,0,0,0,-22,,,,
05940U,0,0,0,6,,,,
05941U,0,0,0,-356,,,,
05942U,0,0,0,-10,,,,
05943U,0,0,0,-4,,,,
05944U,0,0,0,-2,,,,
059464,0,0,0,-3,,,,
059466,0,0,0,1,,,,
05947U,0,0,0,383,,,,
05948U,0,0,0,-220,,,,
05949U,0,0,0,4,,,,
059523,0,0,0,-9,,,,
05952U,0,0,0,-23,,,,
05957U,0,0,0,5,,,,
059592,0,0,0,14,,,,
059593,0,0,0,-155,,,,
059600,0,0,0,95,,,,
05961U,0,0,0,-25,,,,
059622,0,0,0,-7,,,,
059623,0,0,0,4,,,,
05962P,0,0,0,-10,,,,
05963U,0,0,0,-89,,,,
059646,0,0,0,-498,,,,
05964U,0,0,0,2,,,,
05965U,0,0,0,4,,,,
05966U,0,0,0,-110,,,,
05968U,0,0,0,-249,,,,
05969U,0,0,0,-14,,,,
059706,0,0,0,-966,,,,
059708,0,0,0,50,,,,
05971U,0,0,0,-72,,,,
05972U,0,0,0,-36,,,,
05974U,0,0,0,-26,,,,
05975U,0,0,0,19,,,,
059762,0,0,0,-400,,,,
05977U,0,0,0,-30,,,,
05979U,0,0,0,15,,,,
05981U,0,0,0,-100,,,,
05982U,0,0,0,-126,,,,
05983U,0,0,0,-77,,,,
059856,0,0,0,-96,,,,
05985U,0,0,0,-2,,,,
05986U,0,0,0,-34,,,,
05987U,20,0,0,1134,,,,
05990U,-2,0,0,2,,,,
05992U,0,0,0,940,,,,
05993U,0,0,0,5,,,,
05995U,0,0,0,50,,,,
05996U,0,0,0,-1857,,,,
05997U,0,0,0,26,,,,
05999U,0,0,0,0,,,,
06000U,0,0,0,125,,,,
060012,0,0,0,21,,,,
06002U,0,0,0,54,,,,
06003U,0,0,0,29,,,,
06004U,0,0,0,-30,,,,
06005U,0,0,0,-134,,,,
06006U,0,0,0,167,,,,
06008U,0,0,0,-14,,,,
06009U,0,0,0,457,,,,
06010U,0,0,0,-384,,,,
06011U,0,0,0,-66,,,,
06012U,0,0,0,100,,,,
06013U,0,0,0,-55,,,,
06014U,0,0,0,-52,,,,
06016U,0,0,0,7,,,,
06017U,0,0,0,-294,,,,
06018U,0,0,0,4,,,,
06019U,0,0,0,197,,,,
060202,0,0,0,499,,,,
060208,0,0,0,2,,,,
06020U,0,0,0,200,,,,
060218,0,0,0,-21,,,,
06021U,0,0,0,-5,,,,
06022U,0,0,0,-350,,,,
06025U,0,0,0,63,,,,
06026U,0,0,0,-15,,,,
06027U,0,0,0,112,,,,
060283,0,0,0,39,,,,
06028U,0,0,0,-137,,,,
06029U,0,0,0,3,,,,
060306,0,0,0,-60,,,,
06030U,0,0,0,-128,,,,
060326,0,0,0,938,,,,
06033U,0,0,0,85,,,,
06034U,0,0,0,20,,,,
06035U,0,0,0,10,,,,
060360,0,0,0,-100,,,,
06036U,0,0,0,-102,,,,
06037U,0,0,0,40,,,,
06038U,0,0,0,518,,,,
06039P,0,0,0,-53,,,,
060405,0,0,0,-3,,,,
060416,0,0,0,-5,,,,
06041U,0,0,0,-219,,,,
060429,0,0,0,2,,,,
060443,0,0,0,-24,,,,
06045U,0,0,0,224,,,,
06046U,0,0,0,-20,,,,
060470,0,0,0,5,,,,
060472,0,0,0,-17,,,,
06047U,0,0,0,653,,,,
06048U,0,0,0,-22,,,,
06051U,0,0,0,-126,,,,
06052U,0,0,0,37,,,,
06056U,0,0,0,-80,,,,
06058U,0,0,0,31,,,,
06059U,0,0,0,-10,,,,
060609,0,0,0,2,,,,
06060U,0,0,0,-14,,,,
06061U,0,0,0,0,,,,
06064U,0,0,0,80,,,,
06066U,0,0,0,-13,,,,
06068U,0,0,0,-30,,,,
06069U,0,0,0,-499,,,,
060702,0,0,0,-29,,,,
060703,0,0,0,-44,,,,
060704,0,0,0,20,,,,
060707,0,0,0,-300,,,,
06070U,0,0,0,-50,,,,
060712,0,0,0,-56,,,,
06071U,0,0,0,-38,,,,
06072U,0,0,0,112,,,,
06074U,0,0,0,8,,,,
06075U,0,0,-10,0,,,,
06077U,0,0,0,56,,,,
06079U,0,0,0,-11,,,,
060849,0,0,0,0,,,,
06084U,0,0,0,-1,,,,
060851,0,0,0,-298,,,,
06085U,0,0,0,-10,,,,
06086U,0,0,0,-309,,,,
06087U,20,0,0,-146,,,,
06088U,0,0,0,-203,,,,
06089U,0,0,0,-20,,,,
06091U,0,0,0,-7,,,,
06092U,0,0,0,-211,,,,
06093U,0,0,0,-2,,,,
06095U,0,0,0,15,,,,
060964,0,0,0,-1,,,,
06097U,0,0,0,-54,,,,
06098U,0,0,0,-223,,,,
06100U,0,0,0,-36,,,,
061028,0,0,0,-100,,,,
06102U,0,0,0,-31,,,,
061036,0,0,0,232,,,,
06103U,0,0,0,-2,,,,
06104U,0,0,0,-4,,,,
06105U,0,0,0,39,,,,
061071,0,0,0,-52,,,,
061079,0,0,0,380,,,,
06107U,0,0,0,-100,,,,
06108U,0,0,0,-2,,,,
06109U,0,0,0,-314,,,,
06110U,0,0,0,-67,,,,
06112U,0,0,0,-12,,,,
061135,0,0,0,31,,,,
06113U,0,0,0,-187,,,,
061158,0,0,0,-6,,,,
06115U,0,0,0,-790,,,,
06117U,0,0,0,-142,,,,
061180,0,0,0,108,,,,
06118U,0,0,0,0,,,,
06120U,0,0,0,-55,,,,
06122U,0,0,0,-5,,,,
061232,0,0,0,-5,,,,
061236,0,0,0,-38,,,,
06123U,0,0,0,-5,,,,
06126U,0,0,0,-219,,,,
061273,0,0,0,1,,,,
061288,0,0,0,-24,,,,
06128U,0,0,0,-55,,,,
06129U,0,0,0,-5,,,,
061318,0,0,0,120,,,,
06131U,-2,0,0,2,,,,
06132U,0,0,0,-57,,,,
06133U,0,0,0,-15,,,,
06134P,0,0,0,-10,,,,
06140U,0,0,0,-95,,,,
06142U,0,0,0,-1,,,,
061431,0,0,0,-20,,,,
061466,0,0,0,-10,,,,
06146U,0,0,0,-304,,,,
06149U,0,0,0,-42,,,,
061504,0,0,0,-158,,,,
06150U,0,0,0,-543,,,,
061513,0,0,0,79,,,,
061518,0,0,0,94,,,,
061519,0,0,0,110,,,,
061520,0,0,0,-60,,,,
061539,0,0,0,-67,,,,
06154U,0,0,0,-3,,,,
06160U,0,0,0,28,,,,
06165U,0,0,0,-6,,,,
061674,0,0,0,1,,,,
061680,0,0,0,-16,,,,
06169U,0,0,0,0,,,,
06170U,0,0,0,-1,,,,
06171U,0,0,0,-9,,,,
061747,0,0,0,0,,,,
061766,0,0,0,244,,,,
06176U,0,0,0,-5,,,,
061773,0,0,0,0,,,,
06177P,0,0,0,-161,,,,
06177U,0,0,0,-40,,,,
06178U,0,0,0,-10,,,,
06179U,0,0,0,-5,,,,
06183U,0,0,0,-11,,,,
061908,0,0,0,5,,,,
06195U,0,0,0,-100,,,,
06197P,0,0,0,5,,,,
061994,0,0,0,-56,,,,
06199U,0,0,0,31,,,,
062003,0,0,0,1369,,,,
06206U,0,0,0,315,,,,
062077,0,0,0,250,,,,
062079,0,0,0,-77,,,,
062088,0,0,0,38,,,,
062096,0,0,0,-31,,,,
06209U,0,0,0,0,,,,
06220U,0,0,0,-10,,,,
062211,0,0,0,-5,,,,
062213,0,0,0,34,,,,
06221U,0,0,0,-6,,,,
062228,0,0,0,-5,,,,
062232,0,0,0,2,,,,
06226U,0,0,0,-100,,,,
06227U,0,0,0,-10,,,,
062334,0,0,0,-800,,,,
062353,0,0,0,9,,,,
06236U,0,0,0,-7,,,,
062393,0,0,0,893,,,,
062408,0,0,0,-22,,,,
06240U,0,0,0,-25,,,,
062429,0,0,0,4,,,,
062451,0,0,0,8,,,,
062452,0,0,0,6,,,,
062453,0,0,0,70,,,,
062456,0,0,0,10,,,,
062473,0,0,0,2,,,,
062478,0,0,0,160,,,,
062486,0,0,0,1,,,,
062487,0,0,0,-61,,,,
062488,0,0,0,10,,,,
062489,0,0,0,-7,,,,
06248U,0,0,0,-36,,,,
062490,0,0,0,55,,,,
062491,0,0,0,5,,,,
062492,0,0,0,629,,,,
06249U,0,0,0,-29,,,,
062510,0,0,0,27,,,,
062511,0,0,0,10,,,,
06252U,0,0,0,-5,,,,
06253P,0,0,0,150,,,,
06256P,0,0,0,-1,,,,
062572,0,0,0,100,,,,
062573,0,0,0,612,,,,
062595,5,0,0,-42,,,,
062681,0,0,0,-499,,,,
062683,0,0,0,-163,,,,
062684,0,0,0,1534,,,,
062700,0,0,0,-3,,,,
062701,0,0,0,58,,,,
062713,0,0,0,-15,,,,
062723,0,0,0,-5,,,,
062728,0,0,0,30,,,,
062749,0,0,0,11,,,,
062790,0,0,0,-20,,,,
062805,0,0,0,179,,,,
06280P,0,0,0,-60,,,,
062848,0,0,0,2,,,,
062857,0,0,0,-5,,,,
062860,0,0,0,-55,,,,
062869,0,0,0,130,,,,
062870,0,0,0,99,,,,
062871,0,0,0,-5,,,,
062881,0,0,0,4,,,,
062882,0,0,0,-40,,,,
062891,0,0,0,-400,,,,
062907,0,0,0,-35,,,,
062908,0,0,0,1,,,,
062957,0,0,0,13,,,,
063075,0,0,0,-503,,,,
063078,0,0,0,-50,,,,
063079,0,0,0,-957,,,,
063111,0,0,0,-44,,,,
063122,0,0,0,-8,,,,
063159,0,0,0,10,,,,
063164,0,0,0,-19,,,,
063166,0,0,0,25,,,,
063173,0,0,0,0,,,,
063174,0,0,0,-5,,,,
063214,0,0,0,490,,,,
063216,0,0,0,-120,,,,
063270,0,0,0,99,,,,
063276,0,0,0,31,,,,
063278,0,0,0,23,,,,
063279,0,0,0,330,,,,
063283,0,0,0,-1,,,,
063284,0,0,0,-114,,,,
063297,0,0,0,-5,,,,
063310,0,0,0,20,,,,
063311,0,0,0,165,,,,
063346,0,0,0,186,,,,
063363,0,0,0,-52,,,,
063364,0,0,0,-11,,,,
063497,0,0,0,72,,,,
063500,0,0,0,98,,,,
063502,0,0,0,-444,,,,
063503,0,0,0,-66,,,,
063561,0,0,0,40,,,,
063569,0,0,0,-20,,,,
063612,0,0,0,4,,,,
063695,0,0,0,-56,,,,
063700,0,0,0,460,,,,
063710,0,0,0,-3,,,,
063731,0,0,0,1,,,,
063760,0,0,0,-160,,,,
063767,0,0,0,10,,,,
063777,0,0,0,60,,,,
063795,0,0,0,0,,,,
06381P,0,0,0,-80,,,,
063840,0,0,0,-98,,,,
063841,0,0,0,-219,,,,
063899,0,0,0,-1,,,,
063910,0,0,0,1,,,,
063913,0,0,0,1,,,,
063915,0,0,0,-86,,,,
063932,0,0,0,-20,,,,
063951,0,0,0,-340,,,,
063954,0,0,0,11,,,,
063962,0,0,0,-48,,,,
063963,0,0,0,-75,,,,
063978,0,0,0,-10,,,,
063986,0,0,0,-25,,,,
064073,0,0,0,104,,,,
064115,0,0,0,-100,,,,
064139,0,0,0,-55,,,,
064182,0,0,0,-30,,,,
064192,0,0,0,-40,,,,
064193,0,0,0,-1,,,,
064208,0,0,0,-30,,,,
064217,0,0,0,-186,,,,
064286,0,0,0,-630,,,,
064303,0,0,0,576,,,,
064373,0,0,0,-100,,,,
064396,0,0,0,-97,,,,
064438,0,0,0,4,,,,
064450,0,0,0,-3,,,,
064464,0,0,0,31,,,,
064471,0,0,0,253,,,,
064474,0,0,0,10,,,,
064475,0,0,0,-21,,,,
064541,0,0,0,176,,,,
064543,0,0,0,1,,,,
064548,0,0,0,10,,,,
064580,0,0,0,-41,,,,
064584,0,0,0,10,,,,
064608,0,0,0,-2,,,,
064618,0,0,0,-20,,,,
064622,0,0,0,-464,,,,
064631,0,0,0,3,,,,
064633,0,0,0,143,,,,
064634,0,0,0,52,,,,
064646,0,0,0,20,,,,
064672,0,0,0,100,,,,
064702,0,0,0,119,,,,
064703,0,0,0,778,,,,
064775,0,0,0,0,,,,
064778,0,0,0,20,,,,
064783,0,0,0,1956,,,,
064784,0,0,0,998,,,,
064824,0,0,0,196,,,,
064826,0,0,0,509,,,,
064827,0,0,0,125,,,,
064829,0,0,0,10,,,,
064910,0,0,0,32,,,,
064974,0,0,0,-51,,,,
064982,0,0,0,-124,,,,
064987,0,0,0,-58,,,,
064994,0,0,0,-50,,,,
064996,0,0,0,-10,,,,
065074,0,0,0,15,,,,
065076,0,0,0,24,,,,
065111,0,0,0,250,,,,
065163,0,0,0,357,,,,
065184,0,0,0,164,,,,
065199,0,0,0,-22,,,,
065221,0,0,0,5,,,,
065223,0,0,0,30,,,,
065256,0,0,0,-130,,,,
065260,0,0,0,35,,,,
065266,0,0,0,-229,,,,
065267,0,0,0,-18,,,,
065276,0,0,0,-62,,,,
065288,0,0,0,100,,,,
065289,0,0,0,40,,,,
065290,0,0,0,-288,,,,
065291,0,0,0,12,,,,
065294,0,0,0,-115,,,,
065297,0,0,0,-30,,,,
065298,0,0,0,412,,,,
065299,0,0,0,176,,,,
065300,0,0,0,-366,,,,
065301,0,0,0,-4,,,,
065302,0,0,0,-169,,,,
065304,0,0,0,92,,,,
065305,0,0,0,0,,,,
065310,0,0,0,-10,,,,
065311,0,0,0,3,,,,
065313,0,0,0,-19,,,,
065314,0,0,0,-2,,,,
065316,0,0,0,-1,,,,
065320,0,0,0,-8,,,,
065323,0,0,0,-5,,,,
065324,0,0,0,-10,,,,
065330,0,0,0,-7,,,,
065331,0,0,0,-133,,,,
065332,0,0,0,-2,,,,
065335,0,0,0,-10,,,,
065337,0,0,0,40,,,,
065338,0,0,0,-10,,,,
065339,0,0,0,-10,,,,
065340,0,0,0,2,,,,
065347,0,0,0,-1,,,,
065412,0,0,0,300,,,,
065413,0,0,0,4,,,,
065424,0,0,0,-3,,,,
065447,0,0,0,13,,,,
065466,0,0,0,-3,,,,
065487,0,0,0,-304,,,,
065501,0,0,0,-38,,,,
065516,0,0,0,-17,,,,
065520,0,0,0,59,,,,
065522,0,0,0,-10,,,,
065525,0,0,0,26,,,,
065529,0,0,0,-10,,,,
065531,0,0,0,-55,,,,
065554,0,0,0,7,,,,
065577,0,0,0,0,,,,
065586,0,0,0,-4,,,,
065657,0,0,0,-110,,,,
065699,0,0,0,-6,,,,
065709,0,0,0,183,,,,
065720,0,0,0,-15,,,,
065797,0,0,0,-2,,,,
065822,0,0,0,-3,,,,
065823,0,0,0,-50,,,,
065824,0,0,0,-200,,,,
065826,0,0,0,-340,,,,
065828,0,0,0,-5,,,,
065833,0,0,0,3,,,,
065883,0,0,0,0,,,,
065912,0,0,0,-218,,,,
065922,0,0,0,-35,,,,
065932,0,0,0,0,,,,
065946,0,0,0,38,,,,
066053,0,0,0,19,,,,
066057,0,0,0,-3,,,,
066058,0,0,0,-300,,,,
066076,0,0,0,15,,,,
066077,0,0,0,422,,,,
066083,0,0,0,0,,,,
066084,0,0,0,-30,,,,
066085,0,0,0,-20,,,,
066119,0,0,0,-20,,,,
066121,0,0,0,63,,,,
066132,0,0,0,-148,,,,
066133,0,0,0,147,,,,
066134,0,0,0,4,,,,
066135,0,0,0,4,,,,
066139,0,0,0,66,,,,
066140,0,0,0,5,,,,
066141,0,0,0,-74,,,,
066142,0,0,0,150,,,,
066145,0,0,0,-10,,,,
066154,0,0,0,-31,,,,
066158,0,0,0,-38,,,,
066193,0,0,0,-2,,,,
066263,0,0,0,-3,,,,
066265,0,0,0,233,,,,
066289,0,0,0,-20,,,,
066290,0,0,0,-2,,,,
06629P,0,0,0,-50,,,,
066309,0,0,0,-29,,,,
06631P,8,0,0,-8,,,,
066320,0,0,0,-30,,,,
066323,0,0,0,23,,,,
066342,0,0,0,-449,,,,
066344,0,0,0,-25,,,,
066345,0,0,0,-253,,,,
066368,0,0,0,-20,,,,
066420,0,0,0,25,,,,
066421,0,0,0,-3,,,,
066422,0,0,0,-45,,,,
066423,0,0,0,-32,,,,
066426,0,0,0,185,,,,
066427,0,0,0,-8,,,,
066429,0,0,0,70,,,,
066430,0,0,0,190,,,,
066433,0,0,0,-12,,,,
066434,0,0,0,-1,,,,
066435,0,0,0,-77,,,,
066436,0,0,0,-309,,,,
066437,0,0,0,-2,,,,
066441,0,0,0,-2,,,,
066442,0,0,0,0,,,,
066452,0,0,0,-60,,,,
066456,0,0,0,-321,,,,
066489,0,0,0,61,,,,
066498,0,0,0,-521,,,,
066526,0,0,0,15,,,,
066531,0,0,0,52,,,,
066574,0,0,0,10,,,,
066629,0,0,0,-9,,,,
066630,0,0,0,-30,,,,
066633,0,0,0,-10,,,,
066635,0,0,0,-100,,,,
066640,0,0,0,10,,,,
066648,0,0,0,5,,,,
066652,0,0,0,-18,,,,
066654,0,0,0,-95,,,,
066657,0,0,0,244,,,,
066675,0,0,0,47,,,,
06669P,0,0,0,-32,,,,
066740,0,0,0,499,,,,
066752,0,0,0,-872,,,,
066775,0,0,0,2,,,,
066781,0,0,0,-1197,,,,
066789,0,0,0,30,,,,
066792,0,0,0,-22,,,,
066806,0,0,0,83,,,,
066810,0,0,0,300,,,,
066812,0,0,0,0,,,,
066820,0,0,0,-50,,,,
066822,0,0,0,-20,,,,
066871,0,0,0,-24,,,,
066872,0,0,0,-93,,,,
066894,0,0,0,20,,,,
066895,0,0,0,8,,,,
066904,0,0,0,-3,,,,
066919,0,0,0,-150,,,,
066921,0,0,0,-68,,,,
066949,0,0,0,50,,,,
066962,0,0,0,1,,,,
066971,0,0,0,-165,,,,
066982,0,0,0,-1,,,,
066996,0,0,0,-26,,,,
067001,0,0,0,-348,,,,
067019,0,0,0,-14,,,,
067021,0,0,0,-10,,,,
067023,0,0,0,-12,,,,
067026,0,0,0,136,,,,
067037,0,0,0,-5,,,,
067045,0,0,0,-50,,,,
067059,0,0,0,15,,,,
067060,0,0,0,-101,,,,
067087,0,0,0,5,,,,
067095,0,0,0,14,,,,
067141,0,0,0,-162,,,,
067142,0,0,0,-220,,,,
067143,0,0,0,-50,,,,
067144,0,0,0,-29,,,,
067178,0,0,0,1,,,,
067184,0,0,0,34,,,,
06718P,0,0,0,10,,,,
067224,0,0,0,0,,,,
067227,0,0,0,22,,,,
067229,0,0,0,10,,,,
067235,0,0,0,-151,,,,
067239,0,0,0,46,,,,
067326,0,0,0,-39,,,,
067348,0,0,0,-1,,,,
067353,0,0,0,-78,,,,
067390,0,0,0,307,,,,
067392,0,0,0,7,,,,
067404,0,0,0,5,,,,
067406,0,0,0,-10,,,,
067407,0,0,0,-3,,,,
067408,0,0,0,-10,,,,
067409,0,0,0,-10,,,,
067410,0,0,0,-88,,,,
067426,0,0,0,-3,,,,
067492,0,0,0,-10,,,,
067494,0,0,0,2,,,,
067498,0,0,0,80,,,,
067504,0,0,0,-10,,,,
067514,0,0,0,4,,,,
067595,0,0,0,-68,,,,
067612,0,0,0,1025,,,,
067616,0,0,0,12,,,,
067617,0,0,0,7,,,,
067620,0,0,0,13,,,,
067621,0,0,0,-20,,,,
067627,0,0,0,28,,,,
067629,0,0,0,191,,,,
067633,0,0,0,1,,,,
067635,0,0,0,5,,,,
067636,0,0,0,-26,,,,
067637,0,0,0,-32,,,,
067641,15,0,0,-15,,,,
067642,0,0,0,-262,,,,
067644,0,0,0,1052,,,,
067707,0,0,0,220,,,,
067735,0,0,0,1,,,,
067759,0,0,0,-26,,,,
067762,0,0,0,742,,,,
067768,0,0,0,-237,,,,
067770,0,0,0,-71,,,,
06778P,0,0,0,-2,,,,
067790,0,0,0,1,,,,
067792,0,0,0,-21,,,,
067807,0,0,0,-1,,,,
067815,0,0,0,4,,,,
067820,0,0,0,-5,,,,
067831,0,0,0,-18,,,,
067870,0,0,0,200,,,,
067897,0,0,0,-1,,,,
067898,0,0,0,20,,,,
067931,0,0,0,20,,,,
067956,0,0,0,18,,,,
067958,0,0,0,-10,,,,
067959,0,0,0,-5,,,,
067961,0,0,0,170,,,,
067962,0,0,0,40,,,,
067971,0,0,0,-20,,,,
067975,0,0,0,17,,,,
067977,0,0,0,-3,,,,
067978,0,0,0,71,,,,
067979,0,0,0,1,,,,
067981,0,0,0,299,,,,
067984,0,0,0,151,,,,
067986,0,0,0,-10,,,,
067993,0,0,0,21,,,,
068012,0,0,0,-2,,,,
068042,0,0,0,200,,,,
068075,0,0,0,-43,,,,
068082,0,0,0,-100,,,,
068115,0,0,0,22,,,,
068144,0,0,0,-102,,,,
068149,0,0,0,167,,,,
068150,0,0,0,-521,,,,
068154,0,0,0,-100,,,,
068156,0,0,0,-160,,,,
068158,0,0,0,-11,,,,
068160,0,0,0,2,,,,
068164,0,0,0,351,,,,
068165,0,0,0,122,,,,
068166,0,0,0,-220,,,,
068167,0,0,0,-546,,,,
068168,0,0,0,78,,,,
068169,0,0,0,21,,,,
068171,0,0,0,-45,,,,
068172,0,0,0,1184,,,,
068173,0,0,0,-218,,,,
068186,0,0,0,-5,,,,
068219,0,0,0,-20,,,,
068263,0,0,0,56,,,,
068281,0,0,0,107,,,,
068282,0,0,0,43,,,,
068297,0,0,0,347,,,,
068304,0,0,0,-401,,,,
06833P,0,0,0,0,,,,
068343,0,0,0,155,,,,
068344,0,0,0,-238,,,,
068353,0,0,0,84,,,,
068365,0,0,0,84,,,,
068367,0,0,0,28,,,,
068375,0,0,0,4,,,,
068377,0,0,0,-10,,,,
068378,0,0,0,-1,,,,
068379,0,0,0,-70,,,,
068380,0,0,0,594,,,,
068381,0,0,0,2,,,,
068382,0,0,0,-5,,,,
068383,0,0,0,-10,,,,
068385,0,0,0,0,,,,
068386,0,0,0,-147,,,,
068388,0,0,0,-30,,,,
068391,0,0,0,-46,,,,
068394,0,0,0,129,,,,
068396,0,0,0,-430,,,,
068401,0,0,0,200,,,,
068403,0,0,0,-219,,,,
068404,0,0,0,25,,,,
068407,0,0,0,11,,,,
068408,0,0,0,-44,,,,
068409,0,0,0,2,,,,
068414,0,0,0,5,,,,
068510,0,0,0,-100,,,,
068536,0,0,0,-108,,,,
068537,0,0,0,-83,,,,
068543,0,0,0,165,,,,
068549,0,0,0,-270,,,,
068558,0,0,0,-490,,,,
068592,0,0,0,-14,,,,
068599,0,0,0,-20,,,,
06861P,0,0,0,15,,,,
068630,0,0,0,-499,,,,
068638,0,0,0,-309,,,,
068643,0,0,0,-563,,,,
068644,0,0,0,-143,,,,
068645,0,0,0,-5,,,,
068649,0,0,0,-3,,,,
068652,0,0,0,-10,,,,
068653,0,0,0,-282,,,,
068659,0,0,0,-3,,,,
06865P,0,0,0,-26,,,,
068660,0,0,0,231,,,,
068661,31,0,0,-112,,,,
068662,0,0,0,126,,,,
068672,0,0,0,-24,,,,
068673,0,0,0,45,,,,
068676,0,0,0,-30,,,,
068716,0,0,0,828,,,,
068735,0,0,0,-170,,,,
068821,0,0,0,-58,,,,
068824,0,0,0,33,,,,
068838,0,0,0,-121,,,,
068842,0,0,0,-30,,,,
068847,0,0,0,-1,,,,
068848,0,0,0,-10,,,,
068968,0,0,0,-132,,,,
068969,0,0,0,60,,,,
068985,0,0,0,-44,,,,
068991,0,0,0,-2,,,,
069024,0,0,0,-50,,,,
069033,0,0,0,26,,,,
069034,0,0,0,-69,,,,
069078,0,0,0,10,,,,
069099,0,0,0,68,,,,
069154,0,0,0,499,,,,
069156,0,0,0,0,,,,
069157,0,0,0,257,,,,
069159,0,0,0,-10,,,,
069160,0,0,0,30,,,,
069162,0,0,0,12,,,,
069164,0,0,0,-3,,,,
069165,0,0,0,32,,,,
069166,0,0,0,300,,,,
069167,0,0,0,-650,,,,
069168,0,0,0,50,,,,
069169,0,0,0,-80,,,,
069170,0,0,0,1,,,,
069172,0,0,0,-10,,,,
069173,0,0,0,328,,,,
069179,0,0,0,1,,,,
069180,0,0,0,92,,,,
069185,0,0,0,83,,,,
069190,0,0,0,10,,,,
069194,0,0,0,36,,,,
069195,0,0,0,-2,,,,
069213,0,0,0,1,,,,
069221,0,0,0,-152,,,,
069228,0,0,0,0,,,,
069239,0,0,0,2,,,,
069248,0,0,0,14,,,,
06928P,0,0,0,980,,,,
069293,0,0,0,100,,,,
069310,0,0,0,2,,,,
069325,0,0,0,4,,,,
069346,0,0,0,-4,,,,
069356,0,0,0,166,,,,
069357,0,0,0,6,,,,
069365,0,0,0,-100,,,,
069384,0,0,0,25,,,,
069389,0,0,0,-89,,,,
069391,0,0,0,-55,,,,
069397,0,0,0,-55,,,,
069398,0,0,0,-62,,,,
069401,0,0,0,-32,,,,
069402,0,0,0,381,,,,
069404,0,0,0,86,,,,
069405,0,0,0,1,,,,
069406,0,0,0,-5,,,,
069407,0,0,0,0,,,,
069413,0,0,0,132,,,,
069419,0,0,0,0,,,,
069421,0,0,0,12,,,,
069456,0,0,0,3,,,,
069466,0,0,0,-301,,,,
069473,0,0,0,-10,,,,
069483,0,0,0,3,,,,
069575,0,0,0,-426,,,,
069576,0,0,0,-348,,,,
069577,0,0,0,-1,,,,
069579,0,0,0,10,,,,
069580,0,0,0,-3,,,,
069583,0,0,0,-121,,,,
069586,0,0,0,-38,,,,
069587,0,0,0,-111,,,,
069590,0,0,0,-78,,,,
069591,0,0,0,-163,,,,
069592,0,0,0,33,,,,
069593,0,0,0,3,,,,
069598,0,0,0,-15,,,,
069602,0,0,0,83,,,,
069606,0,0,0,172,,,,
069610,0,0,0,-249,,,,
069611,0,0,0,-26,,,,
069613,0,0,0,8,,,,
069620,0,0,0,-2,,,,
069623,0,0,0,-80,,,,
069661,0,0,0,-548,,,,
069683,0,0,0,-5,,,,
069702,0,0,0,-23,,,,
069703,0,0,0,-156,,,,
069710,0,0,0,90,,,,
069724,0,0,0,395,,,,
069737,0,0,0,99,,,,
069738,0,0,0,-578,,,,
069751,0,0,0,0,,,,
069766,0,0,0,10,,,,
069777,0,0,0,60,,,,
069783,0,0,0,-110,,,,
069784,0,0,0,-449,,,,
069795,0,0,0,-241,,,,
069799,0,0,0,12,,,,
069804,0,0,0,360,,,,
069805,0,0,0,250,,,,
069808,0,0,0,326,,,,
06980P,0,0,0,15,,,,
069811,0,0,0,25,,,,
069812,0,0,0,263,,,,
069819,0,0,0,8,,,,
069837,0,0,0,10,,,,
06986P,0,0,0,100,,,,
069904,0,0,0,-824,,,,
069912,0,0,0,-62,,,,
069916,0,0,0,10,,,,
069920,0,0,0,1,,,,
069925,0,0,0,-200,,,,
069966,0,0,0,-1,,,,
069967,0,0,0,-15,,,,
069968,0,0,0,66,,,,
069976,0,0,0,3,,,,
069977,0,0,0,-36,,,,
069979,0,0,0,-100,,,,
069983,0,0,0,-100,,,,
069984,0,0,0,173,,,,
069987,0,0,0,-59,,,,
069994,0,0,0,-48,,,,
069997,0,0,0,397,,,,
070030,0,0,0,0,,,,
070033,0,0,0,-50,,,,
070094,0,0,0,0,,,,
070100,0,0,0,-10,,,,
070101,0,0,0,150,,,,
070102,0,0,0,-108,,,,
070108,0,0,0,-6,,,,
070111,0,0,0,30,,,,
070117,0,0,0,-26,,,,
070161,0,0,0,20,,,,
070173,0,0,0,-3,,,,
070184,0,0,0,315,,,,
070185,0,0,0,58,,,,
070188,0,0,0,-1,,,,
070191,0,0,0,3,,,,
070194,0,0,0,-21,,,,
070196,0,0,0,-43,,,,
070197,0,0,0,-506,,,,
070199,0,0,0,-5,,,,
070201,0,0,0,-40,,,,
070202,0,0,0,1,,,,
070227,0,0,0,175,,,,
070255,0,0,0,-3,,,,
070270,0,0,0,-1,,,,
070276,0,0,0,1,,,,
070291,0,0,0,-12,,,,
070325,0,0,0,-25,,,,
070334,0,0,0,248,,,,
070341,0,0,0,-281,,,,
070348,0,0,0,-4,,,,
070358,0,0,0,0,,,,
070379,0,0,0,-20,,,,
070404,0,0,0,-5,,,,
070467,0,0,0,-101,,,,
070487,0,0,0,365,,,,
070488,0,0,0,-210,,,,
070490,0,0,0,20,,,,
070497,0,0,0,-94,,,,
070502,0,0,0,-7,,,,
07050P,0,0,0,-308,,,,
070514,0,0,0,-81,,,,
070518,0,0,0,-147,,,,
070530,0,0,0,15,,,,
070547,0,0,0,3,,,,
070559,0,0,0,-29,,,,
070561,0,0,0,100,,,,
070568,0,0,0,-50,,,,
07056P,0,0,0,-2,,,,
070570,0,0,0,0,,,,
070599,0,0,0,-10,,,,
070623,0,0,0,40,,,,
070626,0,0,0,2,,,,
070632,0,0,0,190,,,,
070646,0,0,0,43,,,,
070670,0,0,0,910,,,,
070671,0,0,0,5,,,,
070674,0,0,0,40,,,,
070675,0,0,0,-28,,,,
070679,0,0,0,34,,,,
07067P,0,0,0,-200,,,,
070680,0,0,0,1,,,,
070683,0,0,0,10,,,,
070688,0,0,0,-20,,,,
070692,0,0,0,-28,,,,
070693,0,0,0,-188,,,,
070695,0,0,0,5,,,,
070698,0,0,0,-370,,,,
070700,0,0,0,10,,,,
070702,0,0,0,38,,,,
070703,0,0,0,20,,,,
070706,0,0,0,-2,,,,
070712,0,0,0,-10,,,,
070724,0,0,0,610,,,,
070738,0,0,0,-19,,,,
070746,0,0,0,10,,,,
070752,0,0,0,-10,,,,
070777,0,0,0,2,,,,
070795,0,0,0,3,,,,
070801,0,0,0,300,,,,
070819,0,0,0,6,,,,
070842,0,0,0,61,,,,
070843,0,0,0,140,,,,
070866,0,0,0,-97,,,,
070875,0,0,0,-31,,,,
070879,0,0,0,-30,,,,
070882,0,0,0,0,,,,
070897,0,0,0,-529,,,,
070924,0,0,0,104,,,,
070928,0,0,0,0,,,,
070959,0,0,0,5,,,,
070987,0,0,0,104,,,,
070993,0,0,0,-10,,,,
070996,0,0,0,25,,,,
071001,0,0,0,-3,,,,
071007,0,0,0,-72,,,,
071008,0,0,0,-364,,,,
071009,0,0,0,-376,,,,
071012,0,0,0,-278,,,,
07101P,0,0,0,-5,,,,
071022,0,0,0,-383,,,,
071023,0,0,0,4,,,,
071025,0,0,0,-114,,,,
071028,0,0,0,-12,,,,
071029,0,0,0,-95,,,,
071030,0,0,0,-204,,,,
071033,0,0,0,9,,,,
071035,0,0,0,7,,,,
071037,0,0,0,115,,,,
071038,0,0,0,-96,,,,
071039,0,0,0,-30,,,,
071040,0,0,0,-40,,,,
071061,0,0,0,-1032,,,,
071069,0,0,0,2,,,,
071098,0,0,0,-114,,,,
071102,0,0,0,-5,,,,
071104,0,0,0,-5,,,,
071109,0,0,0,0,,,,
071125,0,0,0,200,,,,
071126,0,0,0,220,,,,
071134,0,0,0,-10,,,,
071146,0,0,0,19,,,,
071167,0,0,0,-23,,,,
07120P,0,0,0,-1,,,,
071211,0,0,0,-75,,,,
071242,0,0,0,-1,,,,
071268,0,0,0,-200,,,,
071274,0,0,0,5,,,,
071276,0,0,0,40,,,,
071280,0,0,0,25,,,,
071312,0,0,0,-1061,,,,
071314,0,0,0,10,,,,
071315,0,0,0,54,,,,
071316,0,0,0,-202,,,,
071318,0,0,0,29,,,,
071324,0,0,0,-300,,,,
071325,0,0,0,-60,,,,
071326,0,0,0,119,,,,
071327,0,0,0,-18,,,,
071331,0,0,0,-30,,,,
071332,0,0,0,-3,,,,
071340,0,0,0,1,,,,
071341,0,0,0,-1,,,,
071346,0,0,0,-14,,,,
071347,0,0,0,-1,,,,
071362,0,0,0,142,,,,
071363,0,0,0,-91,,,,
071372,0,0,0,-172,,,,
071377,0,0,0,20,,,,
071394,0,0,0,2,,,,
071395,0,0,0,-1157,,,,
071396,0,0,0,-10,,,,
071402,0,0,0,-897,,,,
071435,0,0,0,-10,,,,
071436,0,0,0,6,,,,
071442,0,0,0,110,,,,
071447,0,0,0,-94,,,,
071448,0,0,0,-114,,,,
07144P,0,0,0,100,,,,
071450,0,0,0,1,,,,
071451,0,0,0,-15,,,,
071452,0,0,0,2,,,,
071453,0,0,0,138,,,,
071455,0,0,0,-10,,,,
07145P,0,0,0,-9,,,,
071460,0,0,0,-350,,,,
071461,0,0,0,-145,,,,
071462,0,0,0,-1,,,,
071464,0,0,0,70,,,,
071465,0,0,0,-170,,,,
071466,0,0,0,108,,,,
071467,0,0,0,-171,,,,
071473,0,0,0,-44,,,,
071474,0,0,0,-312,,,,
071475,0,0,0,-180,,,,
071505,0,0,0,0,,,,
071518,0,0,0,20,,,,
071533,0,0,0,2,,,,
071538,0,0,0,20,,,,
071540,0,0,0,60,,,,
071555,0,0,0,120,,,,
071560,0,0,0,-41,,,,
071566,0,0,0,-3,,,,
071567,0,0,0,-18,,,,
071577,0,0,0,9,,,,
071585,0,0,0,-10,,,,
071589,0,0,0,1,,,,
071608,0,0,0,1,,,,
071625,0,0,0,1,,,,
071627,0,0,0,2,,,,
071644,0,0,0,88,,,,
07165P,0,0,0,225,,,,
071661,0,0,0,-230,,,,
071664,0,0,0,-4,,,,
071665,0,0,0,-520,,,,
071678,0,0,0,2,,,,
071679,0,0,0,-50,,,,
071689,0,0,0,-299,,,,
071706,0,0,0,0,,,,
071709,0,0,0,-47,,,,
071722,0,0,0,-86,,,,
071723,0,0,0,-203,,,,
071724,0,0,0,-138,,,,
071725,0,0,0,-100,,,,
071729,0,0,0,-60,,,,
071730,0,0,0,-145,,,,
071731,0,0,0,-93,,,,
071732,0,0,0,-180,,,,
071736,0,0,0,25,,,,
071738,0,0,0,94,,,,
071741,0,0,0,77,,,,
071743,0,0,0,-154,,,,
071744,0,0,0,3,,,,
071751,0,0,0,-15,,,,
071752,0,0,0,-11,,,,
071756,0,0,0,51,,,,
071763,0,0,0,-1670,,,,
071773,0,0,0,30,,,,
071778,0,0,0,28,,,,
071780,0,0,0,100,,,,
071791,0,0,0,37,,,,
071812,0,0,0,-8,,,,
071824,0,0,0,15,,,,
071829,0,0,0,30,,,,
071843,0,0,0,499,,,,
071844,0,0,0,-30,,,,
071868,0,0,0,5,,,,
071871,0,0,0,1,,,,
071875,0,0,0,188,,,,
071877,0,0,0,10,,,,
07188P,0,0,0,-379,,,,
071891,0,0,0,-112,,,,
071893,0,0,0,-55,,,,
071894,0,0,0,-47,,,,
071895,0,0,0,76,,,,
071896,0,0,0,-62,,,,
071897,0,0,0,-11,,,,
071901,0,0,0,25,,,,
071902,0,0,0,-97,,,,
071906,0,0,0,-3,,,,
071908,0,0,0,178,,,,
071909,0,0,0,-302,,,,
071910,0,0,0,-39,,,,
071911,0,0,0,-98,,,,
071912,0,0,0,-2,,,,
071916,0,0,0,-102,,,,
071917,0,0,0,-33,,,,
071918,0,0,0,-362,,,,
071919,0,0,0,-300,,,,
071922,0,0,0,20,,,,
071924,0,0,0,409,,,,
071925,0,0,0,552,,,,
071926,0,0,0,-329,,,,
071929,0,0,0,0,,,,
071930,0,0,0,-31,,,,
071976,0,0,0,-307,,,,
071979,0,0,0,-10,,,,
071980,0,0,0,0,,,,
071984,0,0,0,0,,,,
071985,0,0,0,-235,,,,
07200P,0,0,0,5,,,,
072031,0,0,0,220,,,,
072045,0,0,0,272,,,,
072047,0,0,0,-271,,,,
072048,0,0,0,-2,,,,
072107,0,0,0,6,,,,
072113,0,0,0,-6,,,,
072115,1,0,0,92,,,,
072123,0,0,0,-40,,,,
072125,0,0,0,-1497,,,,
072126,0,0,0,191,,,,
072128,0,0,0,200,,,,
072137,0,0,0,-234,,,,
072144,0,0,0,114,,,,
072145,0,0,0,-484,,,,
072150,0,0,0,10,,,,
072163,0,0,0,-5,,,,
072164,0,0,0,1,,,,
072168,0,0,0,-10,,,,
072169,0,0,0,-7,,,,
072185,0,0,0,10,,,,
072188,0,0,0,15,,,,
072209,0,0,0,-1,,,,
072213,0,0,0,-582,,,,
072216,0,0,0,51,,,,
072227,0,0,0,271,,,,
072242,0,0,0,280,,,,
072243,0,0,0,-1,,,,
072245,0,0,0,-29,,,,
072254,0,0,0,10,,,,
072261,0,0,0,268,,,,
072262,0,0,0,191,,,,
072281,0,0,0,0,,,,
072295,0,0,0,-13,,,,
072302,0,0,0,390,,,,
072327,0,0,0,71,,,,
072339,0,0,0,-50,,,,
072341,0,0,0,-2,,,,
072349,0,0,0,-450,,,,
072360,0,0,0,-10,,,,
072376,0,0,0,10,,,,
072385,0,0,0,1,,,,
072417,0,0,0,100,,,,
072423,0,0,0,-20,,,,
072424,0,0,0,-450,,,,
072425,0,0,0,0,,,,
072433,0,0,0,-5,,,,
072448,0,0,0,-1,,,,
072455,0,0,0,1,,,,
072460,0,0,0,-324,,,,
072461,0,0,0,-95,,,,
072476,0,0,0,250,,,,
072477,0,0,0,220,,,,
072478,0,0,0,8,,,,
072489,0,0,0,-10,,,,
072543,0,0,0,-561,,,,
072546,0,0,0,-25,,,,
072554,0,0,0,-16,,,,
072558,0,0,0,-499,,,,
072573,0,0,0,5,,,,
072613,0,0,0,-100,,,,
072638,0,0,0,-10,,,,
07263P,0,0,0,-15,,,,
072643,0,0,0,-5,,,,
072648,0,0,0,10,,,,
07265P,0,0,0,110,,,,
072687,0,0,0,4,,,,
072688,0,0,0,-46,,,,
072689,0,0,0,-11,,,,
072690,0,0,0,-2,,,,
072691,0,0,0,0,,,,
072692,0,0,0,0,,,,
072693,0,0,0,0,,,,
072702,0,0,0,-6,,,,
072715,0,0,0,-5,,,,
072716,0,0,0,-161,,,,
072729,0,0,0,220,,,,
072751,0,0,0,-1,,,,
072772,0,0,0,1,,,,
072773,0,0,0,-7,,,,
072778,0,0,0,-165,,,,
072802,0,0,0,-18,,,,
072805,0,0,0,400,,,,
072809,0,0,0,-5,,,,
072824,0,0,0,1,,,,
07282P,0,0,4,0,,,,
072843,0,0,0,-5,,,,
072850,0,0,0,-162,,,,
072857,0,0,0,58,,,,
072863,0,0,0,12,,,,
072865,0,0,0,6,,,,
072868,0,0,0,142,,,,
072870,0,0,0,-10,,,,
072886,0,0,0,54,,,,
072889,0,0,0,3,,,,
072897,0,0,0,30,,,,
07291P,0,0,0,-260,,,,
072938,0,0,0,0,,,,
07293P,0,0,0,-10,,,,
072945,0,0,0,-4,,,,
072946,0,0,0,-10,,,,
072947,0,0,0,0,,,,
072964,0,0,0,220,,,,
072965,0,0,0,-944,,,,
072966,0,0,0,-203,,,,
072971,0,0,0,-539,,,,
073002,0,0,0,0,,,,
073003,0,0,0,63,,,,
073004,0,0,0,-575,,,,
073005,0,0,0,459,,,,
073020,0,0,0,-15,,,,
073028,0,0,0,1,,,,
073035,0,0,0,22,,,,
07303P,0,0,0,-200,,,,
073044,0,0,0,-1,,,,
073051,0,0,0,-156,,,,
073052,0,0,0,315,,,,
073053,0,0,0,-120,,,,
07305P,0,0,0,3,,,,
073067,0,0,0,-50,,,,
073098,0,0,0,6,,,,
073105,0,0,0,-18,,,,
073112,0,0,0,-5,,,,
073122,0,0,0,10,,,,
073138,0,0,0,54,,,,
073148,0,0,0,-1,,,,
07317P,0,0,0,-108,,,,
073181,0,0,0,25,,,,
073188,0,0,0,-65,,,,
073189,0,0,0,10,,,,
073192,0,0,0,30,,,,
073193,0,0,0,13,,,,
073195,0,0,0,-28,,,,
073214,0,0,0,-4,,,,
073215,0,0,0,25,,,,
073226,0,0,0,-30,,,,
073261,0,0,0,7,,,,
073279,0,0,0,1,,,,
073323,0,0,0,-1,,,,
073324,0,0,0,15,,,,
073325,0,0,0,5,,,,
073326,0,0,0,4,,,,
073328,0,0,0,-2,,,,
073330,0,0,0,120,,,,
073331,0,0,0,5,,,,
073355,0,0,0,-152,,,,
073366,0,0,0,-7,,,,
073378,0,0,0,75,,,,
073396,0,0,0,-187,,,,
073410,0,0,0,-100,,,,
073426,0,0,0,38,,,,
073429,0,0,0,224,,,,
073438,0,0,0,14,,,,
073441,0,0,0,-7,,,,
073450,0,0,0,15,,,,
073451,0,0,0,9,,,,
073452,0,0,0,23,,,,
073455,0,0,0,-15,,,,
073458,0,0,0,83,,,,
073460,0,0,0,100,,,,
073486,0,0,0,0,,,,
073487,0,0,0,0,,,,
073498,0,0,0,-14,,,,
073500,0,0,0,-5,,,,
073508,0,0,0,10,,,,
073525,0,0,0,-47,,,,
073585,0,0,0,-288,,,,
073595,0,0,0,1,,,,
07361P,0,0,0,-12,,,,
073624,0,0,0,-56,,,,
073627,0,0,0,79,,,,
073630,0,0,0,130,,,,
073638,0,0,0,-4,,,,
073669,0,0,0,-23,,,,
073680,0,0,0,56,,,,
073695,0,0,0,-9,,,,
073697,0,0,0,-8,,,,
073705,0,0,0,15,,,,
073706,0,0,0,1,,,,
073707,0,0,0,-579,,,,
073708,0,0,0,-110,,,,
073709,0,0,0,-499,,,,
073725,0,0,0,-15,,,,
073727,0,0,0,-65,,,,
073731,0,0,0,17,,,,
073732,0,0,0,17,,,,
073736,0,0,0,1,,,,
073738,0,0,0,-9,,,,
073739,0,0,0,20,,,,
073748,10,0,0,-320,,,,
073751,0,0,0,6,,,,
073752,0,0,0,30,,,,
073754,0,0,0,371,,,,
073756,0,0,0,99,,,,
073760,0,0,0,0,,,,
073770,0,0,0,7,,,,
073786,0,0,0,2,,,,
073787,0,0,0,1,,,,
073792,0,0,0,1,,,,
073796,0,0,0,-10,,,,
073810,0,0,0,12,,,,
073825,0,0,0,-112,,,,
073827,0,0,0,-499,,,,
073842,0,0,0,190,,,,
073845,0,0,0,15,,,,
07385P,0,0,0,-58,,,,
073891,0,0,0,0,,,,
073899,0,0,0,-20,,,,
073924,0,0,0,1,,,,
073929,0,0,0,-130,,,,
073958,0,0,0,4,,,,
07395P,0,0,0,-299,,,,
073963,0,0,0,1,,,,
073964,0,0,0,-20,,,,
073992,0,0,0,-69,,,,
073996,0,0,0,-248,,,,
074006,0,0,0,269,,,,
074007,0,0,0,16,,,,
074024,0,0,0,5,,,,
074039,0,0,0,13,,,,
074042,0,0,0,35,,,,
074043,0,0,0,5,,,,
074056,0,0,0,-107,,,,
074059,0,0,0,25,,,,
074063,0,0,0,-254,,,,
074067,0,0,0,-1,,,,
074076,-12,0,0,-29,,,,
074083,0,0,0,62,,,,
074092,0,0,0,-36,,,,
07409P,0,0,0,9,,,,
074106,0,0,0,35,,,,
074116,0,0,0,6,,,,
074120,0,0,0,30,,,,
074123,0,0,0,-4,,,,
074127,0,0,0,-237,,,,
074138,0,0,0,-860,,,,
074139,0,0,0,160,,,,
07413P,0,0,0,-1900,,,,
074142,0,0,0,3,,,,
074159,0,0,0,71,,,,
074168,0,0,0,1,,,,
074169,0,0,0,-1,,,,
074170,0,0,0,113,,,,
074171,0,0,0,6,,,,
074181,0,0,0,0,,,,
074185,0,0,0,-2,,,,
074189,0,0,0,-10,,,,
074203,0,0,0,-270,,,,
074208,0,0,0,-2,,,,
074214,0,0,0,16,,,,
074219,0,0,0,4,,,,
074222,0,0,0,-1,,,,
074243,0,0,0,-36,,,,
074251,0,0,0,-450,,,,
074252,0,0,0,-3,,,,
074253,0,0,0,-161,,,,
074256,0,0,0,-342,,,,
074257,0,0,0,52,,,,
074273,0,0,0,30,,,,
074302,0,0,0,53,,,,
074323,0,0,0,54,,,,
074325,0,0,0,0,,,,
074331,0,0,0,-271,,,,
074348,0,0,0,100,,,,
07435P,0,0,0,-2,,,,
074360,0,0,0,-8,,,,
074371,0,0,0,-2,,,,
074387,0,0,0,-166,,,,
074416,0,0,0,-5,,,,
074421,0,0,0,164,,,,
074428,0,0,0,45,,,,
074432,0,0,0,12,,,,
074436,0,0,0,-120,,,,
07444P,0,0,0,16,,,,
074455,0,0,0,-22,,,,
074470,0,0,0,0,,,,
074482,0,0,0,5,,,,
074495,0,0,0,5,,,,
074496,0,0,0,-5,,,,
074497,0,0,0,25,,,,
074510,0,0,0,5,,,,
074523,0,0,0,194,,,,
074533,0,0,0,-2,,,,
074539,0,0,0,15,,,,
074562,0,0,0,54,,,,
074566,0,0,0,717,,,,
074567,0,0,0,-5,,,,
074576,0,0,0,160,,,,
074585,0,0,0,-30,,,,
074592,0,0,0,59,,,,
074593,0,0,0,-250,,,,
074698,0,0,0,-10,,,,
074706,0,0,0,0,,,,
074722,0,0,0,5,,,,
074732,0,0,0,23,,,,
074747,0,0,0,-32,,,,
074748,0,0,0,64,,,,
074750,0,0,0,-60,,,,
074753,0,0,0,1,,,,
074781,0,0,0,40,,,,
074784,0,0,0,-160,,,,
074797,0,0,0,22,,,,
074798,0,0,0,10,,,,
074799,0,0,0,-49,,,,
074823,0,0,0,407,,,,
074826,0,0,0,-45,,,,
07482P,0,0,0,-431,,,,
074837,0,0,0,20,,,,
074839,0,0,0,10,,,,
074840,0,0,0,-38,,,,
074844,0,0,0,49,,,,
074852,0,0,0,83,,,,
074856,0,0,0,-60,,,,
074860,0,0,0,-10,,,,
074873,0,0,0,1,,,,
074903,0,0,0,28,,,,
074908,0,0,0,5,,,,
074926,0,0,0,-3,,,,
074933,0,0,0,1245,,,,
074939,0,0,0,2,,,,
074945,0,0,0,-89,,,,
074946,0,0,0,13,,,,
074958,0,0,0,2,,,,
074967,0,0,0,-406,,,,
074970,0,0,0,40,,,,
074973,0,0,0,106,,,,
074974,0,0,0,160,,,,
074979,0,0,0,-20,,,,
074987,0,0,0,5,,,,
074988,0,0,0,-20,,,,
075033,0,0,0,-42,,,,
075049,0,0,0,4,,,,
075053,0,0,0,5,,,,
075081,0,0,0,900,,,,
075086,0,0,0,0,,,,
075090,0,0,0,1,,,,
075091,0,0,0,-40,,,,
075093,0,0,0,163,,,,
075106,0,0,0,-10,,,,
075107,0,0,0,2,,,,
075108,0,0,0,-917,,,,
075109,0,0,0,-15,,,,
075110,0,0,0,0,,,,
075111,0,0,0,2,,,,
075112,0,0,0,1,,,,
075124,0,0,0,187,,,,
075170,0,0,0,-26,,,,
075174,0,0,0,22,,,,
075197,0,0,0,-20,,,,
075217,0,0,0,0,,,,
075219,0,0,0,2,,,,
075221,0,0,0,-237,,,,
075227,0,0,0,130,,,,
075240,0,0,0,-30,,,,
075241,0,0,0,-10,,,,
075255,0,0,0,-6,,,,
075264,0,0,0,10,,,,
075268,0,0,0,-15,,,,
075276,0,0,0,-38,,,,
075278,0,0,0,-843,,,,
075280,0,0,0,20,,,,
075282,0,0,0,0,,,,
075289,0,0,0,1,,,,
075293,0,0,0,-281,,,,
075297,0,0,0,4,,,,
075299,0,0,0,2,,,,
075305,0,0,0,-390,,,,
075331,0,0,0,-1,,,,
075342,0,0,0,1,,,,
075390,0,0,0,-5,,,,
075393,0,0,0,-40,,,,
075412,0,0,0,218,,,,
075418,0,0,0,-5,,,,
075421,0,0,0,80,,,,
075425,0,0,0,-237,,,,
075430,0,0,0,97,,,,
075438,0,0,0,-10,,,,
075445,0,0,0,-104,,,,
075465,0,0,0,3,,,,
075466,0,0,0,-8,,,,
075476,0,0,0,50,,,,
075496,0,0,0,-6,,,,
075502,0,0,0,-4,,,,
075505,0,0,0,-1,,,,
075508,0,0,0,51,,,,
075509,0,0,0,47,,,,
075510,0,0,0,360,,,,
075532,0,0,0,20,,,,
075549,0,0,0,160,,,,
07555P,0,0,0,20,,,,
075568,0,0,0,40,,,,
075571,0,0,0,-70,,,,
075572,0,0,0,-19,,,,
07558P,0,0,0,-8,,,,
075592,0,0,0,3,,,,
075604,0,0,0,3,,,,
075617,0,0,0,0,,,,
075619,0,0,0,0,,,,
075625,0,0,0,-26,,,,
075631,0,0,0,4,,,,
07563P,0,0,0,12,,,,
075653,0,0,0,1,,,,
075654,0,0,0,-90,,,,
075685,0,0,0,305,,,,
075702,0,0,0,1,,,,
075721,0,0,0,82,,,,
075726,0,0,0,-1,,,,
075729,0,0,0,-74,,,,
075748,0,0,0,1484,,,,
075759,0,0,0,-3,,,,
07575P,0,0,0,-69,,,,
075773,0,0,0,-4,,,,
075784,0,0,0,10,,,,
075793,0,0,0,-90,,,,
075827,0,0,0,-7,,,,
075846,0,0,0,-10,,,,
075854,0,0,0,-11,,,,
075859,0,0,0,29,,,,
075860,0,0,0,250,,,,
075864,0,0,0,-120,,,,
075867,0,0,0,-80,,,,
07586P,0,0,109,-10,,,,
075882,0,0,0,2,,,,
075885,0,0,0,-10,,,,
075889,0,0,0,1,,,,
075891,0,0,0,1,,,,
075895,0,0,0,0,,,,
075900,0,0,0,64,,,,
075905,0,0,0,-316,,,,
075906,0,0,0,-692,,,,
075907,0,0,0,-23,,,,
075913,0,0,0,102,,,,
075919,0,0,0,-16,,,,
075935,0,0,0,0,,,,
07593P,0,0,0,30,,,,
075994,0,0,0,1,,,,
07599P,0,0,150,0,,,,
076004,0,0,0,-247,,,,
076008,0,0,0,-20,,,,
076010,0,0,0,559,,,,
076019,0,0,0,1,,,,
076021,0,0,0,5,,,,
076022,0,0,0,27,,,,
076026,0,0,0,-10,,,,
076037,0,0,0,-41,,,,
07603P,0,0,0,-40,,,,
076046,0,0,0,103,,,,
076052,0,0,0,-50,,,,
076059,0,0,0,-464,,,,
07605P,0,0,0,-15,,,,
076061,0,0,0,2,,,,
076063,0,0,0,-49,,,,
076065,0,0,0,-94,,,,
076066,0,0,0,44,,,,
076068,0,0,0,0,,,,
07606P,0,0,0,-1,,,,
076070,0,0,0,-51,,,,
076072,0,0,0,-89,,,,
076074,0,0,0,-160,,,,
076081,0,0,0,5,,,,
076097,0,0,0,13,,,,
076117,0,0,0,40,,,,
076131,0,0,0,-3,,,,
076132,0,0,0,2,,,,
076140,0,0,0,14,,,,
076149,0,0,0,-2,,,,
076159,0,0,0,10,,,,
076180,0,0,0,-16,,,,
076181,0,0,0,150,,,,
076188,0,0,0,9,,,,
076199,0,0,0,-30,,,,
076202,0,0,0,130,,,,
076218,0,0,0,64,,,,
076219,0,0,0,316,,,,
076231,0,0,0,-29,,,,
076232,0,0,0,-40,,,,
076239,0,0,0,-25,,,,
076264,0,0,0,-1,,,,
076270,0,0,0,1,,,,
076273,0,0,0,-10,,,,
076280,0,0,0,100,,,,
076281,0,0,0,1173,,,,
076298,0,0,0,27,,,,
076307,0,0,0,90,,,,
076310,0,0,0,-30,,,,
076311,0,0,0,-117,,,,
076312,0,0,0,-47,,,,
076313,0,0,0,52,,,,
076314,0,0,0,-203,,,,
076315,0,0,0,-21,,,,
076325,0,0,0,-11,,,,
076332,0,0,0,3,,,,
076337,0,0,0,37,,,,
076340,0,0,0,198,,,,
076346,0,0,0,105,,,,
07634P,0,0,0,39,,,,
076355,0,0,0,10,,,,
076356,0,0,0,-11,,,,
076357,0,0,0,58,,,,
07635P,0,0,0,43,,,,
076360,0,0,0,-3,,,,
076364,0,0,0,-70,,,,
076369,0,0,0,-1,,,,
076403,0,0,0,35,,,,
076409,0,0,0,-10,,,,
076410,0,0,0,3,,,,
076415,0,0,0,18,,,,
076436,0,0,0,-16,,,,
076437,0,0,0,1,,,,
076440,0,0,0,-30,,,,
076451,0,0,0,-12,,,,
076463,0,0,0,20,,,,
076467,0,0,0,0,,,,
076472,0,0,0,-20,,,,
076475,0,0,0,5,,,,
076477,0,0,0,12,,,,
076548,0,0,0,0,,,,
076557,0,0,0,205,,,,
076560,0,0,0,10,,,,
076561,0,0,0,0,,,,
076566,0,0,0,5,,,,
076567,0,0,0,1,,,,
076577,0,0,0,185,,,,
076586,0,0,0,45,,,,
076597,0,0,0,0,,,,
076600,0,0,0,27,,,,
076610,0,0,0,17,,,,
076611,0,0,0,61,,,,
076628,0,0,0,-38,,,,
076630,0,0,0,-17,,,,
076631,0,0,0,-493,,,,
076635,0,0,0,-427,,,,
076658,0,0,0,200,,,,
076659,0,0,0,-20,,,,
076663,0,0,0,1175,,,,
076669,0,0,0,-10,,,,
076670,0,0,0,7,,,,
076671,0,0,0,19,,,,
076674,0,0,0,-41,,,,
076688,0,0,0,-1,,,,
076695,0,0,0,-41,,,,
076698,0,0,0,2,,,,
076701,0,0,0,-1,,,,
076720,0,0,0,-82,,,,
076721,0,0,0,-252,,,,
076724,0,0,0,1,,,,
07673P,0,0,0,494,,,,
076745,0,0,0,-84,,,,
076747,0,0,0,5,,,,
076751,0,0,0,1,,,,
076756,0,0,0,27,,,,
076760,0,0,0,120,,,,
076787,0,0,0,10,,,,
076799,0,0,0,-44,,,,
076802,0,0,0,-14,,,,
076824,0,0,0,380,,,,
076826,0,0,0,195,,,,
076832,0,0,0,0,,,,
076834,0,0,0,-33,,,,
076835,0,0,0,-28,,,,
076837,0,0,0,-10,,,,
076838,0,0,0,-38,,,,
076842,0,0,0,9,,,,
076844,0,0,0,-25,,,,
076852,0,0,0,119,,,,
076856,0,0,0,-58,,,,
076871,0,0,0,-160,,,,
076872,0,0,0,-173,,,,
076873,0,0,0,-103,,,,
076874,0,0,0,-37,,,,
076875,0,0,0,-103,,,,
076881,0,0,0,-7,,,,
076882,0,0,0,-76,,,,
076883,0,0,0,-50,,,,
076896,0,0,0,1,,,,
076898,0,0,0,0,,,,
076915,0,0,0,-4,,,,
076927,0,0,0,-30,,,,
076931,0,0,0,-106,,,,
076934,0,0,0,-2,,,,
076945,0,0,0,-118,,,,
076948,0,0,0,-30,,,,
076949,0,0,0,-24,,,,
076950,0,0,0,4,,,,
076952,0,0,0,15,,,,
076954,0,0,0,54,,,,
076955,0,0,0,48,,,,
076965,0,0,0,-12,,,,
076966,0,0,0,3,,,,
076969,0,0,0,-10,,,,
076974,0,0,0,-100,,,,
076980,0,0,0,0,,,,
076983,0,0,0,-10,,,,
076987,0,0,0,390,,,,
076989,0,0,0,-56,,,,
076991,0,0,0,2,,,,
076997,0,0,0,91,,,,
077001,0,0,0,-4,,,,
077004,0,0,0,-35,,,,
077005,0,0,0,-21,,,,
077006,0,0,0,-44,,,,
077009,0,0,0,7,,,,
077011,0,0,0,-262,,,,
077047,0,0,0,1098,,,,
077057,0,0,0,10,,,,
077060,0,0,0,2,,,,
077065,0,0,0,3,,,,
077076,0,0,0,-30,,,,
077080,0,0,0,20,,,,
077085,0,0,0,-6,,,,
077087,0,0,0,0,,,,
077092,0,0,0,354,,,,
077101,0,0,0,-114,,,,
077113,0,0,0,-604,,,,
077114,0,0,0,-128,,,,
077124,0,0,0,-10,,,,
077130,-3,0,0,-281,,,,
077131,0,0,0,-297,,,,
077148,0,0,0,39,,,,
077152,0,0,0,655,,,,
077167,0,0,0,-10,,,,
077168,0,0,0,16,,,,
077171,0,0,0,0,,,,
077176,0,0,0,0,,,,
077177,0,0,0,0,,,,
077199,0,0,0,1,,,,
077205,0,0,0,0,,,,
077208,0,0,0,-2,,,,
077209,0,0,0,-60,,,,
077215,0,0,0,-30,,,,
077217,0,0,0,-170,,,,
077218,0,0,0,-12,,,,
077224,0,0,0,36,,,,
077226,0,0,0,-5,,,,
077236,0,0,0,-3,,,,
077239,0,0,0,-131,,,,
077251,0,0,0,-26,,,,
077253,0,0,0,-32,,,,
077254,0,0,0,-59,,,,
077266,0,0,0,100,,,,
077267,0,0,0,41,,,,
077268,0,0,0,-891,,,,
077280,0,0,0,-274,,,,
077281,0,0,0,-3,,,,
077286,0,0,0,-692,,,,
077288,0,0,0,-84,,,,
077305,0,0,0,2,,,,
077320,0,0,0,1,,,,
077321,0,0,0,-15,,,,
077331,0,0,0,58,,,,
077342,0,0,0,34,,,,
077347,0,0,0,-20,,,,
077353,0,0,0,307,,,,
077359,0,0,0,-2,,,,
077365,0,0,0,-7,,,,
077366,0,0,0,-30,,,,
077370,0,0,0,-91,,,,
077375,0,0,0,-40,,,,
077377,0,0,0,31,,,,
077381,0,0,0,101,,,,
077387,0,0,0,-94,,,,
077390,0,0,0,489,,,,
077391,0,0,0,0,,,,
077399,0,0,0,-60,,,,
077400,0,0,0,7,,,,
077401,0,0,0,-89,,,,
077402,0,0,0,-120,,,,
077411,0,0,0,3,,,,
077414,0,0,0,-3,,,,
077415,0,0,0,-6,,,,
077419,0,0,0,-3,,,,
077420,0,0,0,20,,,,
077421,0,0,0,-26,,,,
077422,0,0,0,-66,,,,
077424,0,0,0,38,,,,
077425,0,0,0,-9,,,,
077431,0,0,0,15,,,,
077432,0,0,0,2,,,,
077445,0,0,0,-2,,,,
077470,0,0,0,8,,,,
077479,0,0,0,-1471,,,,
077480,0,0,0,9,,,,
077509,0,0,0,40,,,,
077512,0,0,0,89,,,,
077515,0,0,0,-91,,,,
077518,0,0,0,1524,,,,
077519,0,0,0,-1,,,,
077521,0,0,0,1,,,,
077525,0,0,0,-12,,,,
077529,0,0,0,-374,,,,
077530,0,0,0,-2,,,,
077533,10,0,0,140,,,,
077534,0,0,0,-124,,,,
077536,0,0,0,-570,,,,
077542,0,0,0,193,,,,
077549,0,0,0,1,,,,
077550,0,0,0,4,,,,
077568,0,0,0,44,,,,
077569,0,0,0,20,,,,
077580,0,0,0,-253,,,,
077581,0,0,0,-220,,,,
077583,0,0,0,-20,,,,
077596,0,0,0,0,,,,
077601,0,0,0,-29,,,,
077607,0,0,0,181,,,,
077619,0,0,0,-1,,,,
077624,0,0,0,-10,,,,
077640,0,0,0,-2,,,,
077672,0,0,0,2,,,,
077678,0,0,0,-141,,,,
077680,0,0,0,24,,,,
077685,0,0,0,3,,,,
077689,0,0,0,-78,,,,
077702,0,0,0,-22,,,,
077705,0,0,0,2,,,,
077708,0,0,0,5,,,,
077711,0,0,0,0,,,,
077714,0,0,0,1228,,,,
077717,0,0,0,20,,,,
077724,0,0,0,1,,,,
077727,0,0,0,-1,,,,
077728,0,0,0,20,,,,
077730,0,0,0,-1,,,,
077733,0,0,0,-20,,,,
077735,0,0,0,-1,,,,
07773P,0,0,0,-10,,,,
077752,0,0,0,0,,,,
077753,0,0,0,1,,,,
077756,0,0,0,-24,,,,
077758,0,0,0,-25,,,,
077770,0,0,0,-50,,,,
077775,0,0,0,-2,,,,
077776,0,0,0,10,,,,
077782,0,0,0,-14,,,,
077791,0,0,0,-15,,,,
077816,0,0,0,260,,,,
077834,0,0,0,-1,,,,
077837,0,0,0,-6,,,,
077847,0,0,0,4,,,,
077849,0,0,0,-1,,,,
077855,0,0,0,101,,,,
077859,0,0,0,-19,,,,
077860,0,0,0,0,,,,
077861,0,0,0,26,,,,
077863,0,0,0,141,,,,
07786P,0,0,0,-160,,,,
077877,0,0,0,-100,,,,
077878,0,0,0,25,,,,
077880,0,0,0,-23,,,,
077881,0,0,0,-16,,,,
077896,0,0,0,-86,,,,
077920,0,0,0,-52,,,,
077936,0,0,0,1,,,,
077939,0,0,0,-20,,,,
077951,0,0,0,10,,,,
077955,0,0,0,-60,,,,
077956,0,0,0,10,,,,
077965,0,0,0,-121,,,,
077966,0,0,0,-10,,,,
077967,0,0,0,-998,,,,
077969,0,0,0,-8,,,,
077970,0,0,0,-32,,,,
077971,0,0,0,8,,,,
077978,0,0,0,-10,,,,
077982,0,0,0,416,,,,
077983,0,0,0,-21,,,,
077984,0,0,0,240,,,,
077986,0,0,0,-17,,,,
077995,0,0,0,5,,,,
077997,0,0,0,-12,,,,
077998,0,0,0,-27,,,,
078006,0,0,0,-2,,,,
078009,0,0,0,-2,,,,
078013,0,0,0,-72,,,,
078014,0,0,0,-57,,,,
078017,0,0,0,308,,,,
078018,0,0,0,0,,,,
078039,0,0,0,-42,,,,
078041,0,0,0,-148,,,,
078057,0,0,0,-11,,,,
078075,0,0,0,4,,,,
078076,0,0,0,1,,,,
078077,0,0,0,70,,,,
078080,0,0,0,10,,,,
078081,0,0,0,20,,,,
078082,0,0,0,29,,,,
078083,0,0,0,-96,,,,
078087,0,0,0,10,,,,
078088,0,0,0,10,,,,
078106,0,0,0,-16,,,,
078131,0,0,0,-30,,,,
078132,0,0,0,-28,,,,
078144,0,0,0,-1,,,,
078161,0,0,0,-35,,,,
078174,0,0,0,-73,,,,
078199,0,0,0,-1452,,,,
078200,0,0,0,-79,,,,
078202,0,0,0,-145,,,,
078226,0,0,0,1,,,,
07822P,0,0,0,-29,,,,
078231,0,0,0,-17,,,,
078240,0,0,0,1,,,,
078243,0,0,0,1,,,,
078263,0,0,0,0,,,,
078274,0,0,0,-1,,,,
078282,0,0,0,-23,,,,
078291,0,0,0,10,,,,
078303,0,0,0,16,,,,
07832P,0,0,0,210,,,,
078342,0,0,0,0,,,,
078343,0,0,0,-4,,,,
078348,0,0,0,3,,,,
078354,0,0,0,-880,,,,
078366,0,0,0,-59,,,,
078376,0,0,0,4,,,,
078385,0,0,0,2,,,,
078411,0,0,0,-172,,,,
078429,0,0,0,-30,,,,
078454,0,0,0,2,,,,
078480,0,0,0,14,,,,
078482,0,0,0,-10,,,,
078493,0,0,0,-358,,,,
078495,0,0,0,179,,,,
078502,0,0,0,-1,,,,
078505,0,0,0,14,,,,
078506,0,0,0,1,,,,
078507,0,0,0,-14,,,,
07851P,0,0,0,124,,,,
078523,0,0,0,-4,,,,
078531,0,0,0,18,,,,
078539,0,0,0,32,,,,
078543,0,0,0,-16,,,,
078584,0,0,0,-350,,,,
078596,0,0,0,5,,,,
078597,0,0,0,-32,,,,
078625,0,0,0,2,,,,
078635,0,0,0,10,,,,
078643,0,0,0,10,,,,
078644,0,0,0,-50,,,,
078651,0,0,0,-1,,,,
078652,0,0,0,-92,,,,
078654,0,0,0,-390,,,,
078657,0,0,0,-20,,,,
078660,0,0,0,-68,,,,
078668,0,0,0,1,,,,
078673,0,0,0,-19,,,,
078680,0,0,0,10,,,,
078683,0,0,0,133,,,,
078684,0,0,0,70,,,,
078685,0,0,0,-43,,,,
078686,0,0,0,100,,,,
078688,10,0,0,-120,,,,
078689,0,0,0,-70,,,,
078697,0,0,0,1,,,,
078699,0,0,0,-45,,,,
078704,0,0,0,181,,,,
078706,0,0,0,-10,,,,
078711,0,0,0,3,,,,
078712,0,0,0,10,,,,
078716,0,0,0,0,,,,
07871P,0,0,0,30,,,,
078725,0,0,0,-10,,,,
078729,0,0,0,88,,,,
078736,0,0,0,31,,,,
078740,0,0,0,-3,,,,
078750,100,0,0,-459,,,,
078751,0,0,0,10,,,,
078757,0,0,0,43,,,,
078783,0,0,0,70,,,,
078785,0,0,0,100,,,,
078794,0,0,0,80,,,,
078807,0,0,0,-74,,,,
078816,0,0,0,-120,,,,
078819,0,0,0,-220,,,,
078823,0,0,0,-42,,,,
078829,0,0,0,-20,,,,
078830,0,0,0,-5,,,,
078833,0,0,0,-5,,,,
078835,0,0,0,-32,,,,
078836,0,0,0,40,,,,
078837,0,0,0,-1,,,,
078839,0,0,0,-33,,,,
078858,0,0,0,90,,,,
078861,0,0,0,71,,,,
078867,0,0,0,120,,,,
078870,0,0,0,4,,,,
078877,0,0,0,-5,,,,
078880,0,0,0,50,,,,
078891,0,0,0,-50,,,,
078895,0,0,0,-25,,,,
078903,0,0,0,1,,,,
078913,0,0,0,10,,,,
078918,0,0,0,-4,,,,
078919,0,0,0,-362,,,,
078922,0,0,0,3,,,,
078925,0,0,0,70,,,,
078946,0,0,0,2,,,,
078950,0,0,0,9,,,,
078954,0,0,0,-10,,,,
078955,0,0,0,-12,,,,
078957,0,0,0,20,,,,
078959,0,0,0,11,,,,
078969,0,0,0,-36,,,,
078972,0,0,0,23,,,,
078973,0,0,0,-10,,,,
078974,0,0,0,-1,,,,
078977,0,0,0,-30,,,,
078987,0,0,0,40,,,,
079000,0,0,0,-7,,,,
079003,0,0,0,-20,,,,
079010,0,0,0,5,,,,
079016,0,0,0,-210,,,,
079021,0,0,0,0,,,,
079027,0,0,0,-80,,,,
079038,0,0,0,-40,,,,
079039,0,0,0,-10,,,,
079051,0,0,0,2,,,,
079066,0,0,0,80,,,,
079073,0,0,0,-333,,,,
079077,0,0,0,-30,,,,
079085,0,0,0,-1,,,,
079096,0,0,0,-300,,,,
079106,0,0,0,-58,,,,
079114,0,0,0,20,,,,
079115,0,0,0,-45,,,,
079116,0,0,0,-431,,,,
079121,0,0,0,-43,,,,
079127,0,0,0,17,,,,
079132,0,0,0,-61,,,,
079139,0,0,0,-10,,,,
079143,0,0,0,-23,,,,
079167,0,0,0,1,,,,
079178,0,0,0,-8,,,,
079204,0,0,0,1,,,,
079209,0,0,0,-68,,,,
079211,0,0,0,-20,,,,
079224,0,0,0,-114,,,,
079229,0,0,0,-19,,,,
079231,0,0,0,1,,,,
079241,0,0,0,10,,,,
079244,0,0,0,30,,,,
079249,0,0,0,10,,,,
079255,0,0,0,-204,,,,
079263,0,0,0,-9,,,,
079281,0,0,0,-108,,,,
079287,0,0,0,1,,,,
079288,0,0,0,0,,,,
079293,0,0,0,-606,,,,
079294,0,0,0,-14,,,,
079308,0,0,0,-170,,,,
079320,0,0,0,107,,,,
079329,0,0,0,-6,,,,
079331,0,0,0,-640,,,,
079344,0,0,0,-14,,,,
079349,0,0,0,-63,,,,
079362,0,0,0,-74,,,,
079363,0,0,0,3,,,,
079373,0,0,0,-5,,,,
079383,0,0,0,98,,,,
079384,0,0,0,-67,,,,
079385,0,0,0,-376,,,,
079386,0,0,0,-158,,,,
079387,0,0,0,-100,,,,
079393,0,0,0,-139,,,,
079395,0,0,0,3,,,,
079401,0,0,0,-2,,,,
079414,0,0,0,-1,,,,
079423,0,0,0,39,,,,
079426,0,0,0,-15,,,,
079427,0,0,0,257,,,,
079436,0,0,0,70,,,,
079442,0,0,0,100,,,,
079443,0,0,0,-4,,,,
079447,0,0,0,-200,,,,
079457,0,0,0,-15,,,,
079460,0,0,0,-10,,,,
079469,0,0,0,10,,,,
079479,0,0,0,100,,,,
079484,0,0,0,-10,,,,
079487,0,0,0,0,,,,
079489,0,0,0,10,,,,
079499,0,0,0,-2,,,,
079500,0,0,0,-110,,,,
079502,0,0,0,30,,,,
079505,0,0,0,-90,,,,
079511,0,0,0,15,,,,
079517,0,0,0,-110,,,,
079521,0,0,0,-1,,,,
079522,0,0,0,15,,,,
079530,0,0,0,-10,,,,
079531,0,0,0,-176,,,,
079536,0,0,0,-20,,,,
079544,0,0,0,135,,,,
079554,0,0,0,-113,,,,
079558,0,0,0,-724,,,,
079575,0,0,0,5,,,,
079576,0,0,0,0,,,,
079578,0,0,0,-1,,,,
079579,0,0,0,-10,,,,
079580,0,0,0,-2,,,,
079581,0,0,0,5,,,,
079589,0,0,0,20,,,,
079592,0,0,0,200,,,,
079599,0,0,0,5,,,,
079608,0,0,0,-10,,,,
079609,0,0,0,1,,,,
079610,0,0,0,-15,,,,
079611,0,0,0,-20,,,,
079620,0,0,0,-20,,,,
079623,0,0,0,0,,,,
079629,0,0,0,40,,,,
079631,0,0,0,-70,,,,
079636,0,0,0,16,,,,
079642,0,0,0,15,,,,
079645,0,0,0,-14,,,,
079654,0,0,0,-14,,,,
079658,0,0,0,-25,,,,
079670,0,0,0,-10,,,,
079711,0,0,0,0,,,,
079724,0,0,0,-3,,,,
079728,0,0,0,7,,,,
079731,0,0,0,1,,,,
079737,0,0,0,-18,,,,
079743,0,0,0,-10,,,,
079745,0,0,0,-70,,,,
079747,0,0,0,-190,,,,
079748,0,0,0,10,,,,
079751,0,0,0,24,,,,
079752,0,0,0,-91,,,,
079753,0,0,0,13,,,,
079754,0,0,0,5,,,,
079763,0,0,0,30,,,,
079771,0,0,0,0,,,,
079774,0,0,0,40,,,,
079785,0,0,0,10,,,,
079793,0,0,0,-160,,,,
079798,0,0,0,-10,,,,
079801,0,0,0,15,,,,
079805,0,0,0,18,,,,
079817,0,0,0,-6,,,,
079848,0,0,0,9,,,,
079852,0,0,0,0,,,,
079855,0,0,0,85,,,,
079856,0,0,0,186,,,,
079858,0,0,0,-10,,,,
079859,0,0,0,-37,,,,
079860,0,0,0,-20,,,,
079861,0,0,0,0,,,,
079870,0,0,0,590,,,,
079872,0,0,0,5,,,,
079874,0,0,0,-27,,,,
079877,0,0,0,35,,,,
079880,0,0,0,-5,,,,
079885,0,0,0,50,,,,
079887,0,0,0,25,,,,
079890,0,0,0,4,,,,
079894,0,0,0,2,,,,
079896,0,0,0,499,,,,
079902,0,0,0,3,,,,
079906,0,0,0,-9,,,,
079912,0,0,0,54,,,,
079913,0,0,0,-22,,,,
079918,0,0,0,32,,,,
079919,0,0,0,-6,,,,
079920,0,0,0,-20,,,,
079921,0,0,0,-30,,,,
079922,0,0,0,90,,,,
079923,0,0,0,20,,,,
079928,0,0,0,1,,,,
079936,0,0,0,-40,,,,
079939,0,0,0,2,,,,
079945,0,0,0,-20,,,,
079948,0,0,0,-21,,,,
079951,0,0,0,97,,,,
079966,0,0,0,38,,,,
079970,0,0,0,20,,,,
079990,0,0,0,14,,,,
079992,0,0,0,-3,,,,
079993,0,0,0,-36,,,,
079995,0,0,0,3,,,,
079996,0,0,0,10,,,,
079998,0,0,0,283,,,,
080002,-1,0,0,1,,,,
080008,0,0,0,4,,,,
080012,0,0,0,-20,,,,
080018,0,0,0,-21,,,,
080019,0,0,0,34,,,,
080022,0,0,0,-22,,,,
080023,0,0,0,-5,,,,
080030,0,0,0,-20,,,,
080032,0,0,0,29,,,,
080045,0,0,0,-1996,,,,
080049,-5,0,0,-18,,,,
080052,0,0,0,0,,,,
080053,0,0,0,-10,,,,
080060,0,0,0,-20,,,,
080072,0,0,0,-12,,,,
080078,0,0,0,-69,,,,
080080,0,0,0,-275,,,,
080082,0,0,0,-18,,,,
080083,0,0,0,-247,,,,
080084,0,0,0,-21,,,,
080090,0,0,0,3,,,,
080092,5,0,0,-84,,,,
080094,0,0,0,-20,,,,
080095,0,0,0,-19,,,,
080096,0,0,0,0,,,,
080097,0,0,0,-1,,,,
080103,0,0,0,-85,,,,
080110,0,0,0,70,,,,
080113,0,0,0,48,,,,
080114,0,0,0,-10,,,,
080115,0,0,0,-20,,,,
080121,0,0,0,-25,,,,
080125,0,0,0,-10,,,,
080126,0,0,0,-10,,,,
080127,0,0,0,-39,,,,
080128,0,0,0,-2,,,,
080135,0,0,0,10,,,,
080143,0,0,0,70,,,,
080144,0,0,0,35,,,,
080145,0,0,0,1,,,,
080146,0,0,0,1,,,,
080148,0,0,0,-4,,,,
080155,0,0,0,3,,,,
080156,0,0,0,-289,,,,
080157,0,0,0,-31,,,,
080158,0,0,0,24,,,,
080160,0,0,0,-20,,,,
080162,0,0,0,-609,,,,
080166,0,0,0,10,,,,
080167,0,0,0,20,,,,
080168,0,0,0,-12,,,,
080169,0,0,0,-4,,,,
080173,0,0,0,-125,,,,
080176,0,0,0,17,,,,
080179,0,0,0,3,,,,
080180,0,0,0,-40,,,,
080183,0,0,0,25,,,,
080190,0,0,0,185,,,,
080191,0,0,0,-20,,,,
080209,0,0,0,-550,,,,
080211,0,0,0,-28,,,,
080216,0,0,0,-5,,,,
080218,0,0,0,28,,,,
080219,0,0,0,103,,,,
080221,0,0,0,-182,,,,
080222,0,0,0,-36,,,,
080225,0,0,0,933,,,,
08023P,0,0,499,-499,,,,
080241,0,0,0,246,,,,
080243,0,0,0,100,,,,
080244,0,0,0,-29,,,,
080245,0,0,0,-19,,,,
080247,0,0,0,-81,,,,
080249,0,0,0,1,,,,
08024P,0,0,0,27,,,,
080253,0,0,0,40,,,,
080256,0,0,0,-32,,,,
080257,0,0,0,-38,,,,
080258,0,0,0,-495,,,,
080259,0,0,0,-26,,,,
080261,0,0,0,-5,,,,
080263,0,0,0,-3,,,,
080268,0,0,0,156,,,,
080269,0,0,0,-38,,,,
080272,0,0,0,-60,,,,
080273,0,0,0,25,,,,
080275,0,0,0,79,,,,
080278,0,0,0,26,,,,
080282,0,0,0,677,,,,
080283,0,0,0,141,,,,
080284,0,0,0,78,,,,
080290,0,0,0,-30,,,,
080297,0,0,0,-65,,,,
080302,0,0,0,49,,,,
080303,0,0,0,15,,,,
080309,0,0,0,1,,,,
080310,0,0,0,29,,,,
080311,0,0,0,59,,,,
080315,0,0,0,-2,,,,
080316,0,0,0,32,,,,
080317,0,0,0,24,,,,
080323,0,0,0,8,,,,
080326,0,0,0,1,,,,
080327,0,0,0,-6,,,,
080335,0,0,0,-25,,,,
080336,0,0,0,56,,,,
080338,0,0,0,21,,,,
080339,0,0,0,49,,,,
080340,0,0,0,396,,,,
080341,0,0,0,115,,,,
080343,0,0,0,-8,,,,
080347,0,0,0,-1,,,,
080348,0,0,0,-10,,,,
080352,0,0,0,20,,,,
080353,0,0,0,90,,,,
080354,0,0,0,23,,,,
08035P,0,0,0,44,,,,
080361,0,0,0,100,,,,
080362,0,0,0,-1315,,,,
080365,0,0,0,-271,,,,
080366,0,0,0,24,,,,
080367,0,0,0,37,,,,
080369,0,0,0,506,,,,
080372,0,0,0,-10,,,,
080375,0,0,0,15,,,,
080379,0,0,0,6,,,,
080384,0,0,0,-10,,,,
080388,0,0,0,41,,,,
08038P,0,0,0,-51,,,,
080393,0,0,0,-700,,,,
080394,0,0,0,-10,,,,
080397,0,0,0,69,,,,
080399,0,0,0,0,,,,
080402,0,0,0,-9,,,,
080404,0,0,0,22,,,,
080405,0,0,0,8,,,,
080410,0,0,0,-324,,,,
080412,0,0,0,23,,,,
080414,0,0,0,28,,,,
080415,0,0,0,109,,,,
080416,0,0,0,21,,,,
08041P,0,0,0,23,,,,
080425,0,0,0,13,,,,
08042P,0,0,0,-130,,,,
080430,0,0,0,-70,,,,
080432,0,0,0,-3,,,,
080436,0,0,0,21,,,,
080438,0,0,0,-35,,,,
080441,0,0,0,-680,,,,
080446,0,0,0,50,,,,
080448,0,0,0,30,,,,
080449,0,0,0,-259,,,,
080450,0,0,0,-1,,,,
080452,0,0,0,90,,,,
080455,0,0,0,80,,,,
080457,0,0,0,91,,,,
080467,0,0,0,70,,,,
080469,0,0,0,-336,,,,
080476,0,0,0,-764,,,,
080477,0,0,0,100,,,,
080478,0,0,0,-15,,,,
080481,0,0,0,70,,,,
080482,0,0,0,25,,,,
080486,0,0,0,1,,,,
080489,0,0,0,-40,,,,
080493,0,0,0,60,,,,
080495,0,0,0,-20,,,,
080499,0,0,0,-24,,,,
080505,0,0,0,30,,,,
080509,0,0,0,27,,,,
080511,0,0,0,-55,,,,
080518,0,0,0,-19,,,,
08051P,0,0,0,-130,,,,
080529,0,0,0,-440,,,,
080531,0,0,0,5,,,,
080540,0,0,0,0,,,,
080544,0,0,0,0,,,,
080557,0,0,0,13,,,,
080576,0,0,0,-1,,,,
080577,0,0,0,-240,,,,
080578,0,0,0,-105,,,,
08057P,0,0,0,-25,,,,
080583,0,0,0,-109,,,,
080584,0,0,0,46,,,,
080585,0,0,0,-24,,,,
080588,0,0,0,5,,,,
080590,0,0,0,-202,,,,
080593,0,0,0,10,,,,
080595,0,0,0,10,,,,
080599,0,0,0,2,,,,
080603,0,0,0,-5,,,,
080607,0,0,0,-1,,,,
080608,0,0,0,-20,,,,
080612,0,0,0,-291,,,,
080616,0,0,0,-93,,,,
080622,0,0,0,-10,,,,
080624,0,0,0,3,,,,
080631,0,0,0,-58,,,,
080633,0,0,0,1,,,,
080634,0,0,0,-8,,,,
080638,0,0,0,-142,,,,
080639,0,0,0,-69,,,,
080640,0,0,0,-90,,,,
080641,0,0,0,-46,,,,
080644,0,0,0,172,,,,
080650,0,0,0,86,,,,
080655,0,0,0,-1,,,,
080664,0,0,0,-554,,,,
080667,0,0,0,0,,,,
080675,0,0,0,76,,,,
080681,0,0,0,-27,,,,
080690,0,0,0,10,,,,
080699,0,0,0,11,,,,
080700,0,0,0,14,,,,
080704,0,0,0,-60,,,,
080713,0,0,0,-5,,,,
080717,0,0,0,15,,,,
080719,0,0,0,1,,,,
080721,0,0,0,40,,,,
080723,0,0,0,-9,,,,
080732,0,0,0,-155,,,,
080739,0,0,0,4,,,,
080742,0,0,0,-2,,,,
080743,0,0,0,-13,,,,
080744,0,0,0,-271,,,,
080745,0,0,0,10,,,,
080746,0,0,0,-84,,,,
080747,0,0,0,199,,,,
080749,0,0,0,-7,,,,
080754,0,0,0,0,,,,
080755,0,0,0,-1,,,,
080756,0,0,0,0,,,,
080758,0,0,0,27,,,,
080759,0,0,0,19,,,,
08075P,0,0,0,-20,,,,
080762,0,0,0,-2,,,,
080763,0,0,0,11,,,,
080765,0,0,0,-23,,,,
080766,0,0,0,32,,,,
080767,0,0,0,0,,,,
080772,0,0,0,-10,,,,
080774,0,0,0,30,,,,
080776,0,0,0,2,,,,
080777,0,0,0,-90,,,,
080783,0,0,0,0,,,,
080785,0,0,0,-50,,,,
080790,0,0,0,27,,,,
080791,0,0,0,100,,,,
080792,0,0,0,19,,,,
080798,0,0,0,-8,,,,
080800,0,0,0,-59,,,,
080802,0,0,0,38,,,,
080803,0,0,0,1,,,,
080804,0,0,0,40,,,,
080805,0,0,0,-30,,,,
080812,0,0,0,156,,,,
080816,0,0,0,-10,,,,
080818,0,0,0,15,,,,
080822,0,0,0,-1,,,,
080823,0,0,0,-7,,,,
080824,0,0,0,42,,,,
080826,0,0,0,-34,,,,
080842,0,0,0,-60,,,,
080843,0,0,0,212,,,,
080844,0,0,0,-60,,,,
080845,0,0,0,-33,,,,
080847,0,0,0,3,,,,
080848,0,0,0,-1540,,,,
080851,0,0,0,-20,,,,
080858,0,0,0,-131,,,,
080859,0,0,0,5,,,,
080860,0,0,0,-21,,,,
080873,0,0,0,-144,,,,
080876,0,0,0,-2,,,,
080886,0,0,0,-10,,,,
080887,0,0,0,10,,,,
080888,0,0,0,-54,,,,
080890,0,0,0,20,,,,
080891,0,0,0,-105,,,,
080892,0,0,0,-20,,,,
080893,0,0,0,8,,,,
080894,0,0,0,26,,,,
080896,0,0,0,103,,,,
080900,0,0,0,-32,,,,
080902,0,0,0,1,,,,
080906,0,0,0,-100,,,,
080909,0,0,0,-1,,,,
080914,0,0,0,-20,,,,
080925,0,0,0,-13,,,,
080933,0,0,0,-17,,,,
080935,0,0,0,10,,,,
080937,0,0,0,-380,,,,
080939,0,0,0,-15,,,,
08093P,0,0,0,-20,,,,
080948,0,0,0,12,,,,
080949,0,0,0,-49,,,,
080950,0,0,0,-24,,,,
080958,0,0,0,16,,,,
080960,0,0,0,-210,,,,
080962,0,0,0,8,,,,
080963,0,0,0,-3,,,,
080966,0,0,0,21,,,,
080969,0,0,0,21,,,,
080970,0,0,0,10,,,,
080971,0,0,0,-492,,,,
080972,0,0,0,4,,,,
080973,0,0,0,-83,,,,
080977,0,0,0,-80,,,,
080978,0,0,0,8,,,,
080979,0,0,0,-83,,,,
080989,0,0,0,-3,,,,
080990,0,0,0,-237,,,,
080992,0,0,0,-215,,,,
080994,0,0,0,-591,,,,
080997,0,0,0,6,,,,
081002,0,0,0,-30,,,,
081004,0,0,0,351,,,,
081006,0,0,0,8,,,,
081016,0,0,0,-51,,,,
081018,0,0,0,132,,,,
081019,0,0,0,0,,,,
081020,0,0,0,80,,,,
081021,0,0,0,-2,,,,
081023,0,0,0,8,,,,
081024,0,0,0,7,,,,
08103P,0,0,0,1,,,,
081046,0,0,0,-1,,,,
081052,0,0,0,0,,,,
081055,0,0,0,-10,,,,
081063,0,0,0,-2,,,,
081064,0,0,0,49,,,,
081065,0,0,0,35,,,,
081066,0,0,0,20,,,,
081072,0,0,0,-15,,,,
081077,0,0,0,-461,,,,
081079,0,0,0,-118,,,,
081080,0,0,0,-16,,,,
081083,0,0,0,-45,,,,
081085,0,0,0,499,,,,
081092,0,0,0,-10,,,,
081093,0,0,0,-349,,,,
081096,0,0,0,80,,,,
081100,0,0,0,-68,,,,
081103,0,0,0,9,,,,
081104,0,0,0,688,,,,
081105,0,0,0,-10,,,,
081108,0,0,0,-18,,,,
081112,0,0,0,-94,,,,
081114,0,0,0,-27,,,,
081118,0,0,0,0,,,,
081119,0,0,0,0,,,,
081121,0,0,0,-8,,,,
081126,0,0,0,-73,,,,
081127,0,0,0,-1,,,,
081128,0,0,0,82,,,,
081129,0,0,0,-4,,,,
081134,0,0,0,1,,,,
081140,0,0,0,1,,,,
081142,0,0,0,-10,,,,
081145,0,0,0,20,,,,
081146,0,0,0,5,,,,
081149,0,0,0,-19,,,,
081151,0,0,0,-25,,,,
081152,0,0,0,-181,,,,
081155,0,0,0,-150,,,,
081157,0,0,0,-22,,,,
081160,0,0,0,-1,,,,
081163,0,0,0,19,,,,
081166,0,0,0,0,,,,
081172,0,0,0,5,,,,
081175,0,0,0,-3,,,,
081181,0,0,0,-51,,,,
081184,0,0,0,-10,,,,
081186,0,0,0,13,,,,
081187,0,0,0,-3,,,,
081188,0,0,0,26,,,,
081189,0,0,0,-200,,,,
08118P,0,0,0,-10,,,,
081195,0,0,0,1,,,,
081196,0,0,0,5,,,,
081198,0,0,0,-89,,,,
081201,0,0,0,-30,,,,
081204,0,0,0,11,,,,
081208,0,0,0,5,,,,
081209,0,0,0,1,,,,
081211,0,0,0,-13,,,,
081212,0,0,0,-47,,,,
081214,0,0,0,-1,,,,
081220,0,0,0,1325,,,,
081222,0,0,0,250,,,,
081228,0,0,0,-1,,,,
081229,0,0,0,30,,,,
081231,0,0,0,-100,,,,
081237,0,0,0,6,,,,
081239,0,0,0,-33,,,,
081241,0,0,0,134,,,,
081243,0,0,0,30,,,,
081244,0,0,0,249,,,,
081246,0,0,0,37,,,,
081250,0,0,0,11,,,,
081251,0,0,0,-35,,,,
081252,0,0,0,105,,,,
081257,0,0,0,2,,,,
081258,0,0,0,20,,,,
081262,0,0,0,-21,,,,
081266,0,0,0,-15,,,,
081267,0,0,0,-55,,,,
081268,0,0,0,50,,,,
081271,0,0,0,-15,,,,
081272,0,0,0,12,,,,
081276,0,0,0,4,,,,
081281,0,0,0,354,,,,
081287,0,0,0,1,,,,
081288,0,0,0,229,,,,
081291,0,0,0,-9,,,,
081294,0,0,0,-9,,,,
081295,0,0,0,-35,,,,
081301,0,0,0,127,,,,
081302,0,0,0,-15,,,,
081307,0,0,0,-5,,,,
081309,0,0,0,10,,,,
081314,0,0,0,-8,,,,
081331,0,0,0,-8,,,,
081332,0,0,0,-1540,,,,
081334,0,0,0,-10,,,,
081337,0,0,0,-129,,,,
081338,0,0,0,290,,,,
081340,0,0,0,71,,,,
081349,0,0,0,-1,,,,
081350,0,0,0,-18,,,,
081351,0,0,0,-2638,,,,
081356,0,0,0,72,,,,
081357,0,0,0,-340,,,,
081359,0,0,0,3,,,,
081360,0,0,0,80,,,,
081361,0,0,0,13,,,,
081362,0,0,0,-50,,,,
081364,0,0,0,-88,,,,
081365,0,0,0,6,,,,
081367,0,0,0,216,,,,
081368,0,0,0,15,,,,
081370,0,0,0,109,,,,
081371,0,0,0,-100,,,,
081372,0,0,0,-10,,,,
081379,0,0,0,100,,,,
081381,0,0,0,-160,,,,
081382,0,0,0,-508,,,,
081384,0,0,0,10,,,,
081386,0,0,0,-74,,,,
081387,0,0,0,90,,,,
081388,0,0,0,1,,,,
081393,0,0,0,-5,,,,
081394,0,0,0,-401,,,,
081397,0,0,0,-2,,,,
081398,0,0,0,2,,,,
081399,0,0,0,0,,,,
081400,0,0,0,15,,,,
081401,0,0,0,-86,,,,
081406,0,0,0,-131,,,,
081411,0,0,0,-40,,,,
081415,0,0,0,-23,,,,
081416,0,0,0,-8,,,,
081419,0,0,0,-151,,,,
081421,0,0,0,8,,,,
081433,0,0,0,-234,,,,
081438,0,0,0,134,,,,
081439,0,0,0,54,,,,
081440,0,0,0,140,,,,
081441,0,0,0,-30,,,,
081452,0,0,0,14,,,,
081455,0,0,0,-1,,,,
081467,0,0,0,67,,,,
081468,0,0,0,-160,,,,
081476,0,0,0,-48,,,,
081478,0,0,0,-60,,,,
081484,0,0,0,30,,,,
081486,0,0,0,269,,,,
081487,0,0,0,21,,,,
081489,0,0,0,-10,,,,
081490,0,0,0,-10,,,,
081492,0,0,0,50,,,,
081493,0,0,0,57,,,,
081498,0,0,0,54,,,,
081502,0,0,0,-100,,,,
081523,0,0,0,700,,,,
081527,0,0,0,25,,,,
081535,0,0,0,-14,,,,
081542,0,0,0,-10,,,,
081549,0,0,0,-10,,,,
081552,0,0,0,40,,,,
081558,0,0,0,-3,,,,
081560,0,0,0,-48,,,,
081565,0,0,0,190,,,,
081570,0,0,0,268,,,,
081571,0,0,0,-300,,,,
081573,0,0,0,-13,,,,
081577,0,0,0,-60,,,,
081593,0,0,0,3,,,,
081597,0,0,0,1,,,,
081599,0,0,0,-1,,,,
081602,0,0,0,-103,,,,
081605,0,0,0,28,,,,
081607,0,0,0,14,,,,
081614,0,0,0,-9,,,,
081616,0,0,0,7,,,,
081618,0,0,0,-9,,,,
081626,0,0,0,-5,,,,
081627,0,0,0,-55,,,,
081628,0,0,0,1,,,,
081630,0,0,0,-5,,,,
081638,0,0,0,-20,,,,
081640,0,0,0,64,,,,
081652,0,0,0,4,,,,
081654,0,0,0,-70,,,,
081659,0,0,0,-10,,,,
081660,0,0,0,7,,,,
081667,0,0,0,100,,,,
081671,0,0,0,-2,,,,
081675,0,0,0,-238,,,,
081686,0,0,0,64,,,,
081688,0,0,0,-2,,,,
081691,0,0,0,-40,,,,
081696,0,0,0,26,,,,
081704,0,0,0,1,,,,
081707,0,0,0,-208,,,,
081712,0,0,0,9,,,,
081715,0,0,0,399,,,,
081717,0,0,0,1,,,,
081723,0,0,0,-14,,,,
081728,0,0,0,7,,,,
081732,0,0,0,46,,,,
081733,0,0,0,0,,,,
081738,0,0,0,83,,,,
081741,0,0,0,-9,,,,
081743,0,0,0,-77,,,,
081749,0,0,0,20,,,,
081750,0,0,0,-25,,,,
081751,0,0,0,-87,,,,
081764,0,0,0,10,,,,
081769,0,0,0,-363,,,,
081771,0,0,0,10,,,,
081775,0,0,0,50,,,,
081776,0,0,0,-11,,,,
081777,0,0,0,-4,,,,
081789,0,0,0,-11,,,,
081790,0,0,0,-20,,,,
081796,0,0,0,-53,,,,
081799,0,0,0,24,,,,
081801,0,0,0,160,,,,
081804,0,0,0,-111,,,,
081809,0,0,0,-300,,,,
081810,0,0,0,1,,,,
081811,0,0,0,-1,,,,
081812,0,0,0,8,,,,
081817,0,0,0,105,,,,
081818,0,0,0,-12,,,,
081821,0,0,0,129,,,,
081822,0,0,0,30,,,,
081823,0,0,0,-20,,,,
081824,0,0,0,3,,,,
081835,0,0,0,-50,,,,
081837,0,0,0,-5,,,,
081838,0,0,0,-39,,,,
081840,0,0,0,0,,,,
081845,0,0,0,33,,,,
081850,0,0,0,10,,,,
081852,0,0,0,-132,,,,
081858,0,0,0,5,,,,
081859,0,0,0,2,,,,
081860,0,0,0,-498,,,,
081861,0,0,0,-105,,,,
081871,0,0,0,993,,,,
081873,0,0,0,-10,,,,
081879,0,0,0,-20,,,,
081882,0,0,0,266,,,,
081886,0,0,0,5,,,,
081889,0,0,0,-7,,,,
081890,0,0,0,-40,,,,
081894,0,0,0,1,,,,
081896,0,0,0,-59,,,,
081897,0,0,0,130,,,,
081899,0,0,0,-62,,,,
081902,0,0,0,127,,,,
081904,0,0,0,-20,,,,
081906,-10,0,0,524,,,,
081907,0,0,0,-3,,,,
081908,0,0,0,3,,,,
081909,0,0,0,3,,,,
081911,0,0,0,-20,,,,
081912,0,0,0,2,,,,
081913,0,0,0,1,,,,
081919,0,0,0,-1010,,,,
081922,0,0,0,-60,,,,
081923,0,0,0,-80,,,,
081927,0,0,0,150,,,,
081928,0,0,0,-2,,,,
081933,400,0,0,-488,,,,
081934,0,0,0,0,,,,
081940,0,0,0,8,,,,
081941,0,0,0,11,,,,
081946,0,0,0,11,,,,
081947,0,0,0,5,,,,
081950,0,0,0,-1,,,,
081954,0,0,0,-10,,,,
081956,0,0,0,-30,,,,
081958,0,0,0,-19,,,,
081959,0,0,0,110,,,,
081965,0,0,0,-9,,,,
081972,0,0,0,-11,,,,
081979,0,0,0,-16,,,,
081982,0,0,0,-1,,,,
081987,0,0,0,-5,,,,
081989,0,0,0,20,,,,
081990,0,0,0,275,,,,
081992,0,0,0,-17,,,,
081993,0,0,0,-10,,,,
081994,0,0,0,48,,,,
081997,0,0,0,-14,,,,
08199P,0,0,0,-100,,,,
082007,0,0,0,-10,,,,
082011,0,0,0,-3,,,,
082012,0,0,0,9,,,,
082015,0,0,0,-20,,,,
082018,0,0,0,169,,,,
082019,0,0,0,296,,,,
082020,0,0,0,-7,,,,
082022,0,0,0,-10,,,,
082023,0,0,0,-87,,,,
082025,0,0,0,-64,,,,
082029,0,0,0,-29,,,,
082032,0,0,0,-44,,,,
082033,0,0,0,71,,,,
082034,0,0,0,0,,,,
082035,0,0,0,101,,,,
082036,0,0,0,-7,,,,
082037,0,0,0,-53,,,,
082039,0,0,0,-20,,,,
082040,0,0,0,-59,,,,
082043,0,0,0,-34,,,,
082044,0,0,0,-4,,,,
082045,0,0,0,151,,,,
082046,0,0,0,3,,,,
082049,0,0,0,-1,,,,
082051,0,0,0,64,,,,
082052,0,0,0,347,,,,
082053,0,0,0,10,,,,
082059,0,0,0,-1,,,,
08205P,0,0,0,-30,,,,
082062,0,0,0,2,,,,
082063,0,0,0,-46,,,,
082069,0,0,0,82,,,,
082074,0,0,0,-5,,,,
082075,0,0,0,-5,,,,
082076,0,0,0,-23,,,,
082077,0,0,0,-23,,,,
082082,0,0,0,-70,,,,
082083,0,0,0,69,,,,
082091,0,0,0,89,,,,
082095,0,0,0,20,,,,
082096,0,0,0,100,,,,
082100,0,0,0,209,,,,
082101,0,0,0,-110,,,,
082103,0,0,0,-166,,,,
082109,0,0,0,43,,,,
082112,0,0,0,-5,,,,
082115,0,0,0,37,,,,
082116,0,0,0,0,,,,
082117,0,0,0,-26,,,,
082118,0,0,0,20,,,,
082128,0,0,0,-38,,,,
082135,0,0,0,11,,,,
082143,0,0,0,1,,,,
082145,0,0,0,3,,,,
082146,0,0,0,131,,,,
082150,0,0,0,10,,,,
082153,0,0,0,105,,,,
082154,0,0,0,-50,,,,
082156,0,0,0,-295,,,,
082158,0,0,0,-237,,,,
082159,0,0,0,-5,,,,
082161,0,0,0,759,,,,
082170,0,0,0,13,,,,
082172,0,0,0,-18,,,,
082174,0,0,0,0,,,,
082177,0,0,0,0,,,,
082181,0,0,0,-4,,,,
082182,0,0,0,4,,,,
082184,0,0,0,10,,,,
082185,0,0,0,15,,,,
082189,0,0,0,-3,,,,
082190,0,0,0,20,,,,
082191,0,0,0,-26,,,,
082192,0,0,0,39,,,,
082194,0,0,0,7,,,,
082195,0,0,0,390,,,,
082196,0,0,0,-28,,,,
082204,0,0,0,11,,,,
082213,0,0,0,-229,,,,
082217,0,0,0,-20,,,,
082222,0,0,0,-292,,,,
082223,0,0,0,63,,,,
082224,0,0,0,-25,,,,
082225,0,0,0,-67,,,,
082228,0,0,0,1,,,,
082231,0,0,0,0,,,,
082239,0,0,0,3,,,,
082240,0,0,0,-21,,,,
082242,0,0,0,44,,,,
082245,0,0,0,157,,,,
082248,0,0,0,-40,,,,
082253,0,0,0,12,,,,
082255,0,0,0,-155,,,,
082256,0,0,0,1,,,,
082258,0,0,0,-201,,,,
082262,0,0,0,40,,,,
082265,0,0,0,-15,,,,
082267,0,0,0,2,,,,
082270,0,0,0,-25,,,,
082274,0,0,0,-8,,,,
082276,0,0,0,2,,,,
082278,0,0,0,17,,,,
082279,0,0,0,-19,,,,
082283,0,0,0,3,,,,
082286,0,0,0,15,,,,
082290,0,0,0,23,,,,
082291,0,0,0,-11,,,,
082296,0,0,0,-51,,,,
082297,0,0,0,-21,,,,
082298,0,0,0,11,,,,
082300,0,0,0,110,,,,
082303,0,0,0,-155,,,,
082304,0,0,0,-69,,,,
082307,0,0,0,11,,,,
082308,0,0,0,-20,,,,
082312,0,0,0,-50,,,,
082313,0,0,0,14,,,,
082314,0,0,0,1,,,,
082315,0,0,0,58,,,,
082320,0,0,0,-54,,,,
082321,0,0,0,550,,,,
082323,0,0,0,-53,,,,
082324,0,0,0,1,,,,
082330,0,0,0,-20,,,,
082332,0,0,0,159,,,,
082333,0,0,0,2,,,,
082335,0,0,0,680,,,,
082338,0,0,0,-261,,,,
082341,0,0,0,1,,,,
082343,0,0,0,-29,,,,
082345,0,0,0,-44,,,,
082346,0,0,0,9,,,,
082347,0,0,0,10,,,,
082358,0,0,0,-87,,,,
082359,0,0,0,-4,,,,
082362,0,0,0,5,,,,
082365,0,0,0,200,,,,
082367,0,0,0,-15,,,,
082370,0,0,0,10,,,,
082377,0,0,0,-4,,,,
082382,0,0,0,-50,,,,
082387,0,0,0,2,,,,
082388,0,0,0,-420,,,,
082389,0,0,0,-220,,,,
082390,0,0,0,-93,,,,
082391,0,0,0,1,,,,
082394,0,0,0,2,,,,
082404,0,0,0,16,,,,
082406,0,0,0,-20,,,,
082412,0,0,0,7,,,,
082414,0,0,0,-6,,,,
082415,0,0,0,-105,,,,
082429,0,0,0,-10,,,,
082431,0,0,0,-3,,,,
082437,0,0,0,30,,,,
082439,0,0,0,23,,,,
082443,0,0,0,-9,,,,
082446,0,0,0,45,,,,
082448,0,0,0,-200,,,,
082449,0,0,0,92,,,,
082451,0,0,0,130,,,,
082455,0,0,0,10,,,,
082458,0,0,0,24,,,,
082459,0,0,0,100,,,,
082460,0,0,0,90,,,,
082461,0,0,0,-106,,,,
082464,0,0,0,-6,,,,
082466,0,0,0,-290,,,,
082469,0,0,0,39,,,,
082470,0,0,0,342,,,,
082471,0,0,0,110,,,,
082473,0,0,0,25,,,,
082474,0,0,0,-35,,,,
082479,0,0,0,1,,,,
082485,0,0,0,-113,,,,
082486,0,0,0,-13,,,,
08248P,0,0,0,-10,,,,
082490,0,0,0,-114,,,,
082492,0,0,0,-54,,,,
082505,0,0,0,2,,,,
082508,0,0,0,44,,,,
082509,0,0,0,-20,,,,
08250P,0,0,0,-1,,,,
082511,0,0,0,-92,,,,
082516,0,0,0,-46,,,,
082523,0,0,0,6,,,,
082525,0,0,0,-10,,,,
082526,0,0,0,-186,,,,
082529,0,0,0,-53,,,,
082530,0,0,0,-33,,,,
082532,0,0,0,-20,,,,
082533,0,0,0,8,,,,
082534,0,0,0,8,,,,
082536,0,0,0,10,,,,
082537,0,0,0,-1,,,,
082542,0,0,0,2,,,,
082549,0,0,0,15,,,,
082551,0,0,0,-2,,,,
082552,0,0,0,-18,,,,
082555,0,0,0,-9,,,,
082560,0,0,0,-20,,,,
082561,0,0,0,-670,,,,
082562,0,0,0,-7,,,,
082571,0,0,0,-84,,,,
082573,0,0,0,-355,,,,
082577,0,0,0,-125,,,,
082578,0,0,0,11,,,,
082581,0,0,0,10,,,,
082587,0,0,0,-12,,,,
082591,0,0,0,-1,,,,
082594,0,0,0,10,,,,
082601,0,0,0,2,,,,
082602,0,0,0,-5,,,,
082604,0,0,0,-30,,,,
082610,0,0,0,2,,,,
082618,0,0,0,6,,,,
082619,0,0,0,187,,,,
082620,0,0,0,-70,,,,
082627,0,0,0,-35,,,,
082628,0,0,0,315,,,,
082629,0,0,0,-153,,,,
082630,0,0,0,60,,,,
082631,0,0,0,-187,,,,
082632,0,0,0,53,,,,
082634,0,0,0,-20,,,,
082635,0,0,0,10,,,,
082638,0,0,0,-83,,,,
082640,0,0,0,-20,,,,
082651,0,0,0,-8,,,,
082655,0,0,0,4,,,,
082659,0,0,0,2,,,,
082662,0,0,0,-10,,,,
082664,0,0,0,0,,,,
082668,0,0,0,-1,,,,
082669,0,0,0,93,,,,
082672,0,0,0,30,,,,
082679,0,0,0,-25,,,,
082687,0,0,0,-28,,,,
082691,0,0,0,-4,,,,
082693,0,0,0,631,,,,
082694,0,0,0,-61,,,,
082697,0,0,0,110,,,,
082698,0,0,0,-22,,,,
082700,0,0,0,0,,,,
082702,0,0,0,3,,,,
082712,0,0,0,16,,,,
082713,0,0,0,81,,,,
082715,0,0,0,-172,,,,
082716,0,0,0,298,,,,
082724,0,0,0,330,,,,
082726,0,0,0,-33,,,,
082727,0,0,0,-29,,,,
082728,0,0,0,-556,,,,
082735,0,0,0,-7,,,,
082737,0,0,0,-106,,,,
082741,0,0,0,-198,,,,
082742,0,0,0,-5,,,,
082744,0,0,0,-3,,,,
082745,0,0,0,-90,,,,
082746,0,0,0,39,,,,
082751,0,0,0,2,,,,
082752,0,0,0,-60,,,,
082754,0,0,0,-12,,,,
082755,0,0,0,-22,,,,
082758,0,0,0,-751,,,,
082759,0,0,0,1,,,,
082761,0,0,0,-1,,,,
082762,0,0,0,-10,,,,
082763,0,0,0,25,,,,
082766,0,0,0,-198,,,,
082767,0,0,0,-8,,,,
082769,0,0,0,-3,,,,
082776,0,0,0,-15,,,,
082784,0,0,0,-36,,,,
082786,0,0,0,30,,,,
082787,0,0,0,-100,,,,
082789,0,0,0,3,,,,
082792,0,0,0,0,,,,
082798,0,0,0,2,,,,
082799,0,0,0,385,,,,
082800,0,0,0,5,,,,
082802,0,0,0,32,,,,
082804,0,0,0,-40,,,,
082805,0,0,0,2,,,,
082810,0,0,0,-34,,,,
082826,0,0,0,-30,,,,
082830,0,0,0,128,,,,
082835,0,0,0,17,,,,
082840,0,0,0,-10,,,,
082844,0,0,0,-10,,,,
082848,0,0,0,12,,,,
082852,0,0,0,-3,,,,
082872,0,0,0,79,,,,
082874,0,0,0,-410,,,,
082877,0,0,0,-157,,,,
082879,0,0,0,37,,,,
082880,0,0,0,-8,,,,
082881,0,0,0,47,,,,
082885,0,0,0,-290,,,,
082886,0,0,0,-96,,,,
082887,0,0,0,146,,,,
082889,0,0,0,10,,,,
082893,0,0,0,-1,,,,
082895,0,0,0,-62,,,,
082896,0,0,0,196,,,,
082897,0,0,0,-5,,,,
082898,0,0,0,-18,,,,
082899,0,0,0,-10,,,,
08289P,0,0,0,15,,,,
082900,0,0,0,-2,,,,
082902,0,0,0,-89,,,,
082903,0,0,0,0,,,,
082909,0,0,0,36,,,,
082910,0,0,0,-1,,,,
082912,0,0,0,-1194,,,,
082916,0,0,0,-1015,,,,
082917,0,0,0,46,,,,
082918,0,0,0,-79,,,,
082925,0,0,0,25,,,,
082926,0,0,0,3,,,,
082928,0,0,0,-6,,,,
082929,0,0,0,-3,,,,
082931,0,0,0,30,,,,
082934,0,0,0,-10,,,,
082940,0,0,0,-586,,,,
082941,0,0,0,53,,,,
082942,0,0,0,126,,,,
082944,0,0,0,-74,,,,
082959,0,0,0,1,,,,
082960,0,0,0,7,,,,
082963,0,0,0,-240,,,,
082965,0,0,0,1,,,,
082967,0,0,0,-16,,,,
082969,0,0,0,-79,,,,
082970,0,0,0,17,,,,
082977,0,0,0,-10,,,,
082978,0,0,0,-110,,,,
082981,0,0,0,5,,,,
082982,0,0,0,194,,,,
082983,0,0,0,10,,,,
082984,0,0,0,20,,,,
082985,0,0,0,55,,,,
082989,0,0,0,49,,,,
08298P,0,0,0,10,,,,
082990,0,0,0,46,,,,
082995,0,0,0,-60,,,,
082996,0,0,0,93,,,,
082998,0,0,0,181,,,,
082999,0,0,0,-82,,,,
083000,0,0,0,0,,,,
083001,0,0,0,20,,,,
083005,0,0,0,-5,,,,
083007,0,0,0,-2,,,,
083008,0,0,0,10,,,,
083011,0,0,0,-1,,,,
083018,0,0,0,-5,,,,
083020,0,0,0,36,,,,
083021,0,0,0,-134,,,,
083022,0,0,0,-74,,,,
083027,0,0,0,195,,,,
083028,0,0,0,-13,,,,
083029,0,0,0,21,,,,
083032,0,0,0,-42,,,,
083033,0,0,0,-12,,,,
083035,0,0,0,-13,,,,
083042,0,0,0,-33,,,,
083046,0,0,0,0,,,,
083053,0,0,0,-4,,,,
083054,0,0,0,50,,,,
083064,0,0,0,30,,,,
083066,0,0,0,-60,,,,
083067,0,0,0,-2,,,,
083072,0,0,0,1,,,,
083074,0,0,0,106,,,,
083076,0,0,0,5,,,,
083079,0,0,0,-382,,,,
083081,0,0,0,-36,,,,
083086,0,0,0,-1,,,,
083088,0,0,0,-140,,,,
083090,0,0,0,110,,,,
083092,0,0,0,2,,,,
083095,0,0,0,15,,,,
083100,0,0,0,499,,,,
083102,0,0,0,-1,,,,
083105,0,0,0,80,,,,
083106,0,0,0,-82,,,,
083107,0,0,0,-50,,,,
083113,0,0,0,0,,,,
083120,0,0,0,499,,,,
083121,0,0,0,130,,,,
083122,0,0,0,6,,,,
083124,0,0,0,-3,,,,
083127,0,0,0,-698,,,,
083129,0,0,0,-83,,,,
083130,0,0,0,0,,,,
083136,0,0,0,-38,,,,
083137,0,0,0,-189,,,,
083144,0,0,0,5,,,,
083146,0,0,0,-13,,,,
083154,0,0,0,39,,,,
083156,0,0,0,0,,,,
083159,0,0,0,-91,,,,
083160,0,0,0,142,,,,
083163,0,0,0,-25,,,,
083166,0,0,0,-31,,,,
083172,0,0,0,4,,,,
083175,0,0,0,-103,,,,
083176,0,0,0,2,,,,
083177,0,0,0,-30,,,,
083181,0,0,0,-19,,,,
083182,0,0,0,0,,,,
083184,0,0,0,0,,,,
083185,0,0,0,-224,,,,
083186,0,0,0,0,,,,
083187,0,0,0,-49,,,,
083189,0,0,0,-331,,,,
083190,0,0,0,-18,,,,
083191,0,0,0,-162,,,,
083192,0,0,0,109,,,,
083193,0,0,0,34,,,,
083195,0,0,0,90,,,,
083196,0,0,0,-7,,,,
083197,0,0,0,-56,,,,
083199,0,0,0,48,,,,
08319P,0,0,0,4,,,,
083201,0,0,0,-266,,,,
083202,0,0,0,3,,,,
083204,0,0,0,16,,,,
083206,0,0,0,232,,,,
083207,0,0,0,-22,,,,
083211,0,0,0,222,,,,
083221,0,0,0,0,,,,
083222,0,0,0,3,,,,
083223,0,0,0,-107,,,,
083230,0,0,0,45,,,,
083232,0,0,0,-10,,,,
083236,0,0,0,5,,,,
083237,0,0,0,53,,,,
083240,0,0,0,42,,,,
083243,0,0,0,-20,,,,
083244,0,0,0,-20,,,,
083245,0,0,0,-2,,,,
083247,0,0,0,10,,,,
083250,0,0,0,-2,,,,
083259,0,0,0,31,,,,
083262,0,0,0,-150,,,,
083263,0,0,0,-395,,,,
083265,0,0,0,-10,,,,
083266,0,0,0,475,,,,
083268,0,0,0,409,,,,
083269,0,0,0,494,,,,
083270,0,0,0,-76,,,,
083271,0,0,0,-169,,,,
083273,0,0,0,-49,,,,
083276,0,0,0,-37,,,,
083277,0,0,0,-10,,,,
083278,0,0,0,3,,,,
083281,0,0,0,39,,,,
083282,0,0,0,15,,,,
083283,0,0,0,-83,,,,
083284,0,0,0,2,,,,
083286,0,0,0,-77,,,,
083288,0,0,0,41,,,,
083289,0,0,0,-71,,,,
083290,0,0,0,136,,,,
083291,0,0,0,-66,,,,
083292,0,0,0,-16,,,,
083293,0,0,0,39,,,,
083295,0,0,0,-165,,,,
083297,0,0,0,-466,,,,
083298,0,0,0,41,,,,
083299,0,0,0,1,,,,
083300,0,0,0,-114,,,,
083315,0,0,0,-10,,,,
083316,0,0,0,-2,,,,
083319,0,0,0,-9,,,,
083321,0,0,0,100,,,,
083322,0,0,0,1,,,,
083323,0,0,0,-7,,,,
083329,0,0,0,200,,,,
083330,0,0,0,107,,,,
083331,0,0,0,10,,,,
083333,0,0,0,-50,,,,
083336,0,0,0,-998,,,,
083337,0,0,0,-80,,,,
083341,0,0,0,-159,,,,
083342,0,0,0,-15,,,,
083344,0,0,0,-10,,,,
083345,0,0,0,-20,,,,
083346,0,0,0,-393,,,,
083347,0,0,0,285,,,,
083348,0,0,0,42,,,,
083349,0,0,0,30,,,,
083351,0,0,0,-90,,,,
083352,0,0,0,21,,,,
083354,0,0,0,20,,,,
083356,0,0,0,-100,,,,
083357,0,0,0,-11,,,,
083361,0,0,0,10,,,,
083366,0,0,0,-355,,,,
083367,0,0,0,5,,,,
083369,0,0,0,-41,,,,
083370,0,0,0,-40,,,,
083371,0,0,0,10,,,,
083375,0,0,0,291,,,,
083381,0,0,0,-15,,,,
083383,0,0,0,6,,,,
083385,0,0,0,4,,,,
083386,0,0,0,0,,,,
083391,0,0,0,14,,,,
083392,0,0,0,-2099,,,,
083396,0,0,0,-15,,,,
083405,0,0,0,4,,,,
083408,0,0,0,1,,,,
083409,0,0,0,-30,,,,
083411,0,0,0,-10,,,,
083413,0,0,0,-18,,,,
083415,0,0,0,-473,,,,
083418,0,0,0,96,,,,
083420,0,0,0,-77,,,,
083422,0,0,0,138,,,,
083424,0,0,0,100,,,,
083428,0,0,0,-84,,,,
083429,0,0,0,157,,,,
083430,0,0,0,31,,,,
083431,0,0,0,-8,,,,
083433,0,0,0,-62,,,,
083437,0,0,0,-160,,,,
083438,0,0,0,20,,,,
083439,0,0,0,5,,,,
083440,0,0,0,-6,,,,
083444,0,0,0,124,,,,
083447,0,0,0,5,,,,
083449,0,0,0,-2,,,,
083450,0,0,0,293,,,,
083452,0,0,0,233,,,,
083454,0,0,0,-100,,,,
083455,0,0,0,0,,,,
083457,0,0,0,102,,,,
083460,0,0,0,-1,,,,
083462,0,0,0,-120,,,,
083464,0,0,0,3,,,,
083470,0,0,0,249,,,,
083475,0,0,0,-76,,,,
083476,0,0,0,-5,,,,
083477,0,0,0,-50,,,,
083478,0,0,0,36,,,,
083479,0,0,0,240,,,,
083480,0,0,0,-30,,,,
083482,0,0,0,-551,,,,
083483,0,0,0,-24,,,,
083484,0,0,0,-60,,,,
083488,0,0,0,-25,,,,
083493,0,0,0,76,,,,
083494,0,0,0,-10,,,,
083498,0,0,0,88,,,,
083502,0,0,0,-26,,,,
083505,0,0,0,-33,,,,
083508,0,0,0,-5,,,,
083511,0,0,0,10,,,,
083515,0,0,0,-120,,,,
083516,0,0,0,156,,,,
083518,0,0,0,-100,,,,
083526,0,0,0,-76,,,,
083527,0,0,0,165,,,,
083532,0,0,0,-30,,,,
083533,0,0,0,-55,,,,
083536,0,0,0,63,,,,
083537,0,0,0,-110,,,,
083541,0,0,0,-10,,,,
083547,0,0,0,2,,,,
083548,0,0,0,-24,,,,
083552,0,0,0,0,,,,
083553,0,0,0,1,,,,
083558,0,0,0,237,,,,
083559,0,0,0,14,,,,
083563,0,0,0,30,,,,
083564,0,0,0,-38,,,,
083566,0,0,0,-49,,,,
083567,0,0,0,-102,,,,
083568,0,0,0,62,,,,
083573,0,0,0,43,,,,
083574,0,0,0,2,,,,
083582,0,0,0,46,,,,
083583,0,0,0,25,,,,
083584,0,0,0,-10,,,,
083586,0,0,0,-76,,,,
083587,0,0,0,-66,,,,
083588,0,0,0,254,,,,
083589,0,0,0,-4,,,,
083592,0,0,0,-1,,,,
083594,0,0,0,-17,,,,
083602,0,0,0,82,,,,
083616,0,0,0,3,,,,
083622,0,0,0,35,,,,
083625,0,0,0,26,,,,
083626,0,0,0,55,,,,
083627,0,0,0,489,,,,
083629,0,0,0,85,,,,
083630,0,0,0,84,,,,
083631,0,0,0,10,,,,
083634,0,0,0,-11,,,,
083639,0,0,0,-14,,,,
083642,0,0,0,62,,,,
083643,0,0,0,-10,,,,
083646,0,0,0,43,,,,
083647,0,0,0,2,,,,
083652,0,0,0,-91,,,,
083653,0,0,0,30,,,,
083659,0,0,0,1,,,,
083661,0,0,0,-5,,,,
083662,0,0,0,14,,,,
083666,0,0,0,51,,,,
083669,0,0,0,0,,,,
083670,0,0,0,-33,,,,
083673,0,0,0,-29,,,,
083675,0,0,0,-74,,,,
083676,0,0,0,10,,,,
083677,0,0,0,11,,,,
083680,0,0,0,50,,,,
083681,0,0,0,-45,,,,
083682,0,0,0,-5,,,,
083687,0,0,0,8,,,,
083688,0,0,0,272,,,,
083697,0,0,0,-1,,,,
083700,0,0,0,10,,,,
083707,0,0,0,5,,,,
083711,0,0,0,25,,,,
083712,0,0,0,5,,,,
083714,0,0,0,-10,,,,
083727,0,0,0,10,,,,
083729,0,0,0,5,,,,
083731,0,0,0,22,,,,
083736,0,0,0,-5,,,,
083737,0,0,0,0,,,,
083739,0,0,0,10,,,,
083740,0,0,0,29,,,,
083744,0,0,0,85,,,,
083746,0,0,0,-10,,,,
083747,0,0,0,28,,,,
083749,0,0,0,-114,,,,
083751,0,0,0,-4,,,,
083754,0,0,0,20,,,,
083757,0,0,0,-2,,,,
083758,0,0,0,0,,,,
083759,0,0,0,-24,,,,
083760,0,0,0,3,,,,
083763,0,0,0,-3,,,,
083764,0,0,0,121,,,,
083765,0,0,0,310,,,,
083766,0,0,0,6,,,,
083767,0,0,0,12,,,,
083769,0,0,0,-15,,,,
083770,0,0,0,200,,,,
083771,0,0,0,273,,,,
083772,0,0,0,-97,,,,
083773,0,0,0,-400,,,,
083776,0,0,0,26,,,,
083777,0,0,0,75,,,,
083778,0,0,0,8,,,,
083780,0,0,0,-673,,,,
083781,0,0,0,-5,,,,
083782,0,0,0,-15,,,,
083784,0,0,0,-8,,,,
083785,0,0,0,63,,,,
083786,0,0,0,14,,,,
083789,0,0,0,80,,,,
083790,0,0,0,60,,,,
083791,0,0,0,2,,,,
083796,0,0,0,-40,,,,
083802,0,0,0,22,,,,
083804,10,0,0,-10,,,,
083805,0,0,0,-35,,,,
083808,0,0,0,70,,,,
083810,0,0,0,-185,,,,
083811,0,0,0,155,,,,
083812,0,0,0,1178,,,,
083816,0,0,0,314,,,,
083817,0,0,0,-10,,,,
083819,0,0,0,-263,,,,
083820,0,0,0,98,,,,
083821,0,0,0,22,,,,
083822,0,0,0,274,,,,
083823,0,0,0,23,,,,
083824,0,0,0,-47,,,,
083827,0,0,0,-28,,,,
083832,0,0,0,-14,,,,
083833,0,0,0,-11,,,,
083836,0,0,0,10,,,,
083837,0,0,0,74,,,,
083839,0,0,0,70,,,,
083841,0,0,0,24,,,,
083845,0,0,0,0,,,,
083846,0,0,0,55,,,,
083851,0,0,0,14,,,,
083853,0,0,0,-800,,,,
083854,0,0,0,1,,,,
083856,0,0,0,-78,,,,
083858,0,0,0,604,,,,
083860,0,0,0,95,,,,
083863,0,0,0,10,,,,
083870,0,0,0,6,,,,
083871,0,0,0,49,,,,
083873,0,0,0,10,,,,
083876,0,0,0,-90,,,,
083879,0,0,0,5,,,,
083883,0,0,0,-645,,,,
083884,0,0,0,-8,,,,
083885,0,0,0,10,,,,
083888,0,0,0,-10,,,,
083889,0,0,0,0,,,,
083892,0,0,0,-20,,,,
083897,0,0,0,2,,,,
083898,0,0,0,50,,,,
083901,0,0,0,0,,,,
083902,0,0,0,32,,,,
083907,0,0,0,2,,,,
083913,0,0,0,296,,,,
083931,0,0,0,-108,,,,
083932,0,0,0,9,,,,
083934,0,0,0,6,,,,
083939,0,0,0,103,,,,
083940,0,0,0,7,,,,
083943,0,0,0,460,,,,
083945,0,0,0,-125,,,,
083946,0,0,0,-5,,,,
083948,0,0,0,-73,,,,
083955,0,0,0,-6,,,,
083956,0,0,0,61,,,,
083959,0,0,0,0,,,,
083960,0,0,0,0,,,,
083961,0,0,0,10,,,,
083967,0,0,0,50,,,,
083972,0,0,0,-55,,,,
083973,0,0,0,0,,,,
083976,0,0,0,5,,,,
083979,0,0,0,72,,,,
083982,0,0,0,134,,,,
083984,0,0,0,-10,,,,
083986,-20,0,0,101,,,,
083988,0,0,0,-158,,,,
083993,0,0,0,-2,,,,
083996,0,0,0,86,,,,
083998,0,0,0,-1,,,,
084002,0,0,0,1,,,,
084004,0,0,0,39,,,,
084011,0,0,0,-15,,,,
084012,0,0,0,-2,,,,
084013,0,0,0,-145,,,,
084014,0,0,0,-10,,,,
084017,0,0,0,-356,,,,
084019,0,0,0,15,,,,
084021,0,0,0,395,,,,
084023,0,0,0,-211,,,,
084024,0,0,0,-10,,,,
084025,0,0,0,87,,,,
084030,0,0,0,10,,,,
084032,0,0,0,62,,,,
084034,0,0,0,-100,,,,
084035,0,0,0,-5,,,,
084036,0,0,0,121,,,,
084039,0,0,0,-5,,,,
084042,0,0,0,-3,,,,
084045,0,0,0,0,,,,
084051,0,0,0,10,,,,
084053,0,0,0,-40,,,,
084058,0,0,0,-19,,,,
084059,0,0,0,72,,,,
084061,0,0,0,-13,,,,
084062,0,0,0,-10,,,,
084065,0,0,0,0,,,,
084067,0,0,0,0,,,,
084068,0,0,0,0,,,,
084069,0,0,0,117,,,,
084070,0,0,0,-30,,,,
084071,0,0,0,0,,,,
084072,0,0,0,-75,,,,
084076,0,0,0,3,,,,
084081,-5,0,0,-41,,,,
084082,0,0,0,3,,,,
084083,0,0,0,86,,,,
084089,0,0,0,11,,,,
084090,0,0,0,54,,,,
08409P,0,0,0,27,,,,
084101,0,0,0,-20,,,,
084102,0,0,0,8,,,,
084103,0,0,0,33,,,,
084104,0,0,0,-222,,,,
084105,0,0,0,10,,,,
084107,0,0,0,10,,,,
084109,0,0,0,-50,,,,
084118,0,0,0,0,,,,
084121,0,0,0,-160,,,,
084124,0,0,0,-80,,,,
084125,0,0,0,30,,,,
084126,0,0,0,81,,,,
084127,0,0,0,15,,,,
084129,0,0,0,12,,,,
084130,0,0,0,8,,,,
084131,0,0,0,20,,,,
084139,0,0,0,5,,,,
084140,0,0,0,-397,,,,
084141,0,0,0,-569,,,,
084143,0,0,0,-102,,,,
084144,0,0,0,66,,,,
084147,0,0,0,3,,,,
084148,0,0,0,-58,,,,
084149,0,0,0,71,,,,
084150,0,0,0,80,,,,
084153,0,0,0,-6,,,,
084155,0,0,0,178,,,,
084156,0,0,0,-2,,,,
084157,0,0,0,-142,,,,
084158,0,0,0,-8,,,,
084168,0,0,0,-65,,,,
084171,0,0,0,-58,,,,
084172,0,0,0,-24,,,,
084174,0,0,0,0,,,,
084177,0,0,0,15,,,,
084179,0,0,0,-18,,,,
084180,0,0,0,60,,,,
084182,0,0,0,2,,,,
084187,0,0,0,-1,,,,
084188,0,0,0,11,,,,
084190,0,0,0,22,,,,
084192,0,0,0,330,,,,
084195,0,0,0,2,,,,
084196,0,0,0,144,,,,
084197,0,0,0,4,,,,
084198,0,0,0,-4,,,,
08419P,0,0,0,-1,,,,
084200,0,0,0,0,,,,
084201,0,0,0,-100,,,,
084203,0,0,0,-23,,,,
084204,0,0,0,-10,,,,
084205,0,0,0,-12,,,,
084206,0,0,0,-59,,,,
084207,0,0,0,-100,,,,
084208,0,0,0,0,,,,
084209,0,0,0,0,,,,
08420P,0,0,0,-92,,,,
084210,0,0,0,1,,,,
084211,0,0,0,56,,,,
084215,0,0,0,20,,,,
084218,0,0,0,0,,,,
084219,0,0,0,0,,,,
084220,0,0,0,-12,,,,
084221,0,0,0,25,,,,
084222,0,0,0,-160,,,,
084224,0,0,0,61,,,,
084225,0,0,0,10,,,,
084226,0,0,0,50,,,,
084229,0,0,0,22,,,,
084230,0,0,0,-34,,,,
084231,0,0,0,1,,,,
084232,0,0,0,-59,,,,
084237,0,0,0,18,,,,
084240,0,0,0,97,,,,
084241,0,0,0,62,,,,
084243,0,0,0,-60,,,,
084244,0,0,0,50,,,,
084247,0,0,0,-487,,,,
084248,0,0,0,-20,,,,
08424P,0,0,0,499,,,,
084252,0,0,0,21,,,,
084254,0,0,0,46,,,,
084257,0,0,0,-102,,,,
084259,0,0,0,-25,,,,
084260,0,0,0,10,,,,
084261,0,0,0,11,,,,
084262,0,0,0,5,,,,
084265,0,0,0,-10,,,,
084270,0,0,0,-469,,,,
084283,0,0,0,50,,,,
084284,0,0,0,-5,,,,
084285,0,0,0,-31,,,,
084288,0,0,0,-874,,,,
084289,0,0,0,2,,,,
084290,0,0,0,-41,,,,
084292,0,0,0,-34,,,,
084293,0,0,0,118,,,,
084294,0,0,0,-806,,,,
084297,0,0,0,-110,,,,
084301,0,0,0,-10,,,,
084302,0,0,0,9,,,,
084303,0,0,0,-550,,,,
084304,0,0,0,315,,,,
084305,0,0,0,12,,,,
084306,0,0,0,0,,,,
084307,0,0,0,49,,,,
084308,0,0,0,-190,,,,
084310,0,0,0,-20,,,,
084312,0,0,0,57,,,,
084313,0,0,0,-138,,,,
084314,0,0,0,-140,,,,
084316,0,0,0,-260,,,,
084323,0,0,0,13,,,,
084326,0,0,0,26,,,,
084328,0,0,0,-65,,,,
084329,0,0,0,-14,,,,
084330,0,0,0,-32,,,,
084331,0,0,0,30,,,,
084335,0,0,0,-15,,,,
084338,0,0,0,1,,,,
084346,0,0,0,3,,,,
084347,0,0,0,0,,,,
084349,0,0,0,80,,,,
084350,0,0,0,-245,,,,
084354,0,0,0,93,,,,
084355,0,0,0,200,,,,
084356,0,0,0,-4,,,,
084357,0,0,0,-489,,,,
084359,0,0,0,-30,,,,
084360,0,0,0,-19,,,,
084362,0,0,0,-100,,,,
084368,0,0,0,-71,,,,
084370,0,0,0,-9,,,,
084373,0,0,0,20,,,,
084376,0,0,0,-113,,,,
084379,0,0,0,73,,,,
084381,0,0,0,350,,,,
084384,0,0,0,25,,,,
084385,0,0,0,1,,,,
084388,0,0,0,130,,,,
084389,0,0,0,-5,,,,
08438P,0,0,0,-5,,,,
084390,0,0,0,-349,,,,
084392,0,0,0,-15,,,,
084404,0,0,0,-173,,,,
084407,0,0,0,-6,,,,
084411,0,0,0,3,,,,
084412,0,0,0,-6,,,,
084421,0,0,0,50,,,,
084428,0,0,0,1,,,,
084433,0,0,0,-13,,,,
084438,0,0,0,-535,,,,
084441,0,0,0,-46,,,,
084442,0,0,0,-200,,,,
084449,0,0,0,461,,,,
084450,0,0,0,-6,,,,
084451,0,0,0,-3,,,,
084452,0,0,0,298,,,,
084453,0,0,0,-118,,,,
084454,0,0,0,15,,,,
084456,0,0,0,-200,,,,
084457,0,0,0,73,,,,
084458,0,0,0,86,,,,
084459,0,0,0,-168,,,,
084460,0,0,0,-10,,,,
084461,0,0,0,-16,,,,
084462,0,0,0,-215,,,,
084463,0,0,0,-215,,,,
084465,0,0,0,-11,,,,
084467,0,0,0,-10,,,,
084468,0,0,0,25,,,,
084469,0,0,0,-50,,,,
084472,0,0,0,-3,,,,
084474,0,0,0,84,,,,
084476,0,0,0,44,,,,
084477,0,0,0,-110,,,,
084478,0,0,0,13,,,,
084479,0,0,0,10,,,,
084484,0,0,0,237,,,,
084486,0,0,0,-10,,,,
084487,0,0,0,-13,,,,
084488,0,0,0,37,,,,
084491,0,0,0,30,,,,
084492,0,0,0,13,,,,
084493,0,0,0,2,,,,
084494,0,0,0,-170,,,,
084495,0,0,0,-75,,,,
084496,0,0,0,-5,,,,
084499,0,0,0,-2,,,,
084504,0,0,0,-60,,,,
084506,0,0,0,225,,,,
084507,0,0,0,-1,,,,
084511,0,0,0,32,,,,
084514,0,0,0,363,,,,
084515,0,0,0,220,,,,
084516,0,0,0,97,,,,
084519,0,0,0,50,,,,
084521,0,0,0,-30,,,,
084528,0,0,0,2,,,,
084531,0,0,0,-13,,,,
084533,0,0,0,-19,,,,
084535,0,0,0,0,,,,
084539,0,0,0,103,,,,
084541,0,0,0,0,,,,
084542,0,0,0,1,,,,
084549,0,0,0,112,,,,
084552,0,0,0,646,,,,
084553,0,0,0,-13,,,,
084555,0,0,0,-106,,,,
084556,0,0,0,-228,,,,
084557,0,0,0,11,,,,
08455P,0,0,0,5,,,,
084560,0,0,0,-30,,,,
084562,0,0,0,-131,,,,
084563,0,0,0,2,,,,
084565,0,0,0,8,,,,
084567,0,0,0,-49,,,,
084569,0,0,0,-17,,,,
084570,0,0,0,243,,,,
084572,0,0,0,7,,,,
084578,0,0,0,-162,,,,
084579,0,0,0,-34,,,,
084582,0,0,0,60,,,,
084583,0,0,0,-40,,,,
084587,0,0,0,-1148,,,,
084593,0,0,0,0,,,,
084594,0,0,0,0,,,,
084595,0,0,0,-20,,,,
084598,0,0,0,10,,,,
084599,0,0,0,16,,,,
084600,0,0,0,38,,,,
084603,0,0,0,-16,,,,
084606,0,0,0,2,,,,
084607,0,0,0,-2,,,,
084608,0,0,0,0,,,,
084614,0,0,0,2,,,,
084620,0,0,0,0,,,,
084638,0,0,0,0,,,,
084641,0,0,0,-77,,,,
084644,0,0,0,-29,,,,
084645,0,0,0,385,,,,
084646,0,0,0,15,,,,
084649,0,0,0,-26,,,,
08464P,0,0,0,-487,,,,
084650,0,0,0,0,,,,
084652,0,0,0,2,,,,
084653,0,0,0,6,,,,
084657,0,0,0,92,,,,
084659,0,0,0,-87,,,,
084661,0,0,0,0,,,,
084663,0,0,0,6,,,,
084664,0,0,0,-65,,,,
084665,0,0,0,30,,,,
084667,0,0,0,10,,,,
084669,0,0,0,134,,,,
084673,0,0,0,0,,,,
084675,0,0,0,-120,,,,
084678,0,0,0,-11,,,,
084680,0,0,0,20,,,,
084681,0,0,0,40,,,,
084682,0,0,0,0,,,,
084683,0,0,0,30,,,,
084688,0,0,0,-16,,,,
084693,0,0,0,-61,,,,
084697,0,0,0,-1,,,,
084701,0,0,0,10,,,,
084703,0,0,0,25,,,,
084704,0,0,0,-256,,,,
084705,0,0,0,161,,,,
084706,0,0,0,13,,,,
084707,0,0,0,-45,,,,
084708,0,0,0,-87,,,,
084710,0,0,0,206,,,,
084712,0,0,0,126,,,,
084718,0,0,0,8,,,,
084721,0,0,0,-28,,,,
084724,0,0,0,1,,,,
084727,0,0,0,-100,,,,
084739,0,0,0,447,,,,
084740,0,0,0,-60,,,,
084741,0,0,0,12,,,,
084744,0,0,0,-20,,,,
084748,0,0,0,60,,,,
084749,0,0,0,-180,,,,
08474P,0,0,0,-14,,,,
084750,0,0,0,-194,,,,
084751,0,0,0,2,,,,
084752,0,0,0,-64,,,,
084757,0,0,0,-163,,,,
084758,0,0,0,-1319,,,,
084759,0,0,0,-23,,,,
084763,0,0,0,45,,,,
084764,0,0,0,7,,,,
084771,0,0,0,0,,,,
084774,0,0,0,48,,,,
084775,0,0,0,-12,,,,
084776,0,0,0,246,,,,
084777,0,0,0,-118,,,,
084784,0,0,0,-29,,,,
084787,0,0,0,1,,,,
084788,0,0,0,5,,,,
084789,0,0,0,0,,,,
084790,0,0,0,-9,,,,
084791,0,0,0,-1,,,,
084792,0,0,0,-13,,,,
084802,0,0,0,-6,,,,
084803,0,0,0,-155,,,,
084807,0,0,0,-10,,,,
084808,0,0,0,-30,,,,
084810,0,0,0,-14,,,,
084811,0,0,0,-25,,,,
084815,0,0,0,20,,,,
084817,0,0,0,-21,,,,
084820,0,0,0,98,,,,
084821,0,0,0,-10,,,,
084824,0,0,0,13,,,,
084826,0,0,0,-60,,,,
084830,0,0,0,8,,,,
084831,0,0,0,-88,,,,
084832,0,0,0,1,,,,
084833,0,0,0,-897,,,,
084835,0,0,0,-2,,,,
084836,0,0,0,50,,,,
084837,0,0,0,4,,,,
084839,0,0,0,0,,,,
084845,0,0,0,8,,,,
084847,0,0,0,7,,,,
084848,0,0,0,86,,,,
084851,0,0,0,38,,,,
084858,0,0,0,56,,,,
084859,0,0,0,9,,,,
084863,0,0,0,13,,,,
084869,0,0,0,-10,,,,
084870,0,0,0,-58,,,,
084872,0,0,0,-2,,,,
084874,0,0,0,97,,,,
084875,0,0,0,125,,,,
084880,0,0,0,284,,,,
084881,0,0,0,-5,,,,
084883,0,0,0,302,,,,
084887,0,0,0,-60,,,,
084888,0,0,0,62,,,,
084889,0,0,0,15,,,,
08488P,0,0,0,-132,,,,
084891,0,0,0,-514,,,,
084892,0,0,0,0,,,,
084893,0,0,0,116,,,,
084898,0,0,0,-10,,,,
084903,0,0,0,-14,,,,
084904,0,0,0,14,,,,
084906,0,0,0,0,,,,
084907,0,0,0,90,,,,
084908,0,0,0,4,,,,
084909,0,0,0,124,,,,
084910,0,0,0,6,,,,
084912,0,0,0,0,,,,
084915,0,0,0,-26,,,,
084916,0,0,0,-165,,,,
084921,0,0,0,1,,,,
084923,0,0,0,-19,,,,
084924,0,0,0,-65,,,,
084925,0,0,0,-50,,,,
084927,0,0,0,-17,,,,
08492P,0,0,0,-468,,,,
084930,0,0,0,-59,,,,
084931,0,0,0,-49,,,,
084933,0,0,0,17,,,,
084935,0,0,0,9,,,,
084936,0,0,0,2,,,,
084939,0,0,0,621,,,,
084940,0,0,0,-110,,,,
084941,0,0,0,-9,,,,
084943,0,0,0,-3,,,,
084946,0,0,0,23,,,,
084947,0,0,0,-17,,,,
084948,0,0,0,138,,,,
084949,0,0,0,0,,,,
084951,0,0,0,0,,,,
084952,0,0,0,-1,,,,
084953,0,0,0,-103,,,,
084957,0,0,0,88,,,,
084958,0,0,0,-57,,,,
084960,0,0,0,-1,,,,
084963,0,0,0,80,,,,
084965,0,0,0,19,,,,
084966,0,0,0,-6,,,,
084971,0,0,0,-3,,,,
084972,0,0,0,-27,,,,
084976,0,0,0,121,,,,
084981,0,0,0,-32,,,,
084984,0,0,0,-1,,,,
084986,0,0,0,0,,,,
084989,0,0,0,136,,,,
084996,0,0,0,-22,,,,
085000,0,0,0,-20,,,,
085001,0,0,0,-19,,,,
085002,0,0,0,500,,,,
085004,0,0,0,80,,,,
085007,0,0,0,10,,,,
085011,0,0,0,219,,,,
085013,0,0,0,28,,,,
085017,0,0,0,82,,,,
085020,0,0,0,2,,,,
085021,0,0,0,-30,,,,
085022,0,0,0,-33,,,,
085024,0,0,0,15,,,,
085025,0,0,0,-126,,,,
085028,0,0,0,-27,,,,
085029,0,0,0,1,,,,
085030,0,0,0,3,,,,
085031,0,0,0,23,,,,
085032,0,0,0,-39,,,,
085033,0,0,0,-177,,,,
085034,0,0,0,31,,,,
085039,0,0,0,260,,,,
085040,0,0,0,0,,,,
085042,0,0,0,7,,,,
085043,0,0,0,10,,,,
085044,0,0,0,20,,,,
085045,0,0,0,-3,,,,
085047,0,0,0,14,,,,
085049,0,0,0,0,,,,
085055,0,0,0,5,,,,
085057,0,0,0,-295,,,,
085061,0,0,0,-148,,,,
085064,0,0,0,-88,,,,
085065,0,0,0,-22,,,,
085069,0,0,0,12,,,,
085071,0,0,0,-43,,,,
085074,0,0,0,16,,,,
085077,0,0,0,3,,,,
085079,0,0,0,3,,,,
085081,0,0,0,-80,,,,
085084,0,0,0,6,,,,
085088,0,0,0,-10,,,,
085092,0,0,0,114,,,,
085095,0,0,0,0,,,,
085098,0,0,0,0,,,,
085100,0,0,0,6,,,,
085101,0,0,0,17,,,,
085102,0,0,0,-171,,,,
085103,0,0,0,102,,,,
085104,0,0,0,-129,,,,
085105,0,0,0,-140,,,,
085109,0,0,0,-181,,,,
085112,0,0,0,-2,,,,
085113,0,0,0,45,,,,
085115,0,0,0,25,,,,
085118,0,0,0,-20,,,,
085123,0,0,0,50,,,,
085124,0,0,0,46,,,,
085128,0,0,0,20,,,,
085129,0,0,0,2,,,,
085132,0,0,0,0,,,,
085144,0,0,0,14,,,,
085145,0,0,0,28,,,,
085147,0,0,0,-23,,,,
085149,0,0,0,-32,,,,
085155,0,0,0,27,,,,
085161,0,0,0,-118,,,,
085163,0,0,0,-121,,,,
085167,0,0,0,-220,,,,
085168,0,0,0,253,,,,
085171,0,0,0,-1,,,,
085172,0,0,0,-40,,,,
085175,0,0,0,-10,,,,
085176,0,0,0,5,,,,
085177,0,0,0,-42,,,,
085178,0,0,0,-254,,,,
085182,0,0,0,69,,,,
085183,0,0,0,1,,,,
085184,0,0,0,0,,,,
085187,0,0,0,612,,,,
085188,0,0,0,4,,,,
085189,0,0,0,-70,,,,
085192,0,0,0,41,,,,
085196,0,0,0,-56,,,,
085197,0,0,0,1,,,,
085201,0,0,0,4,,,,
085202,0,0,0,-3,,,,
08520P,0,0,0,11,,,,
085211,0,0,0,22,,,,
085214,0,0,0,35,,,,
085215,0,0,0,20,,,,
085216,0,0,0,-111,,,,
085218,0,0,0,20,,,,
085219,0,0,0,61,,,,
085220,0,0,0,163,,,,
085221,0,0,0,-118,,,,
085223,0,0,0,-4,,,,
085224,0,0,0,-17,,,,
085225,0,0,0,-199,,,,
085226,0,0,0,0,,,,
085230,0,0,0,-60,,,,
085233,0,0,0,61,,,,
085234,0,0,0,155,,,,
085236,0,0,0,255,,,,
085237,0,0,0,124,,,,
085238,0,0,0,71,,,,
085239,0,0,0,2,,,,
085240,0,0,0,-93,,,,
085241,0,0,0,319,,,,
085243,0,0,0,334,,,,
085244,0,0,0,-29,,,,
085245,0,0,0,-326,,,,
085246,0,0,0,-150,,,,
08524P,0,0,0,5,,,,
085251,0,0,0,-3,,,,
085253,0,0,0,453,,,,
085259,0,0,0,259,,,,
085261,0,0,0,-665,,,,
085262,0,0,0,8,,,,
085267,0,0,0,22,,,,
085273,0,0,0,30,,,,
085278,0,0,0,-10,,,,
085280,0,0,0,425,,,,
085281,0,0,0,57,,,,
085285,0,0,0,75,,,,
085288,0,0,0,-30,,,,
085289,0,0,0,20,,,,
085290,0,0,0,101,,,,
085291,0,0,0,49,,,,
085293,0,0,0,-158,,,,
085295,0,0,0,-27,,,,
085297,0,0,0,19,,,,
085300,0,0,0,-3,,,,
085302,0,0,0,96,,,,
085303,0,0,0,3,,,,
085308,0,0,0,30,,,,
085309,0,0,0,-50,,,,
085314,0,0,0,-251,,,,
085317,0,0,0,32,,,,
085318,0,0,0,-114,,,,
085323,0,0,0,144,,,,
085328,0,0,0,-65,,,,
085329,0,0,0,-27,,,,
085332,0,0,0,34,,,,
085335,0,0,0,27,,,,
085336,0,0,0,-38,,,,
085339,0,0,0,-1,,,,
085340,0,0,0,-10,,,,
085341,0,0,0,-252,,,,
085342,0,0,0,58,,,,
085344,0,0,0,-192,,,,
085351,0,0,0,0,,,,
085352,0,0,0,-16,,,,
085362,0,0,0,65,,,,
085363,0,0,0,4,,,,
085366,0,0,0,-51,,,,
085371,0,0,0,1,,,,
085372,0,0,0,3,,,,
085377,0,0,0,23,,,,
085380,0,0,0,-55,,,,
085381,0,0,0,-30,,,,
085382,0,0,0,-318,,,,
085383,0,0,0,-19,,,,
085384,0,0,0,-10,,,,
085385,0,0,0,-108,,,,
085386,0,0,0,-30,,,,
085388,0,0,0,-34,,,,
085389,0,0,0,10,,,,
085392,0,0,0,40,,,,
085393,0,0,0,74,,,,
085395,0,0,0,26,,,,
085396,0,0,0,-31,,,,
085399,0,0,0,211,,,,
08539P,0,0,0,65,,,,
085400,0,0,0,64,,,,
085401,0,0,0,-124,,,,
085402,0,0,0,104,,,,
085403,0,0,0,40,,,,
085405,0,0,0,100,,,,
085407,0,0,0,-556,,,,
085408,0,0,0,-146,,,,
085418,0,0,0,-50,,,,
085419,0,0,0,1,,,,
085424,0,0,0,-57,,,,
085427,0,0,0,4,,,,
085430,0,0,0,6,,,,
085431,0,0,0,167,,,,
085434,0,0,0,-9,,,,
085436,0,0,0,330,,,,
085437,0,0,0,-11,,,,
085438,0,0,0,43,,,,
085439,0,0,0,-7,,,,
085441,0,0,0,29,,,,
085443,0,0,0,2,,,,
085446,0,0,0,-10,,,,
085448,0,0,0,-10,,,,
085449,0,0,0,-1,,,,
085452,0,0,0,-8,,,,
085454,0,0,0,-150,,,,
085455,0,0,0,10,,,,
085457,0,0,0,-1,,,,
085460,0,0,0,6,,,,
085461,0,0,0,14,,,,
085462,0,0,0,-170,,,,
085464,0,0,0,32,,,,
085465,0,0,0,-103,,,,
085470,0,0,0,-80,,,,
085473,0,0,0,1,,,,
085474,0,0,0,34,,,,
085476,0,0,0,-33,,,,
085481,0,0,0,329,,,,
085484,0,0,0,-15,,,,
085486,0,0,0,-69,,,,
085492,-1,0,0,1,,,,
085495,0,0,0,1,,,,
085498,0,0,0,77,,,,
085499,0,0,0,45,,,,
085503,0,0,0,4,,,,
085504,0,0,0,18,,,,
085513,0,0,0,0,,,,
085514,0,0,0,-2,,,,
085515,0,0,0,25,,,,
085516,0,0,0,7,,,,
085518,0,0,0,1,,,,
085519,0,0,0,15,,,,
085521,0,0,0,8,,,,
085524,0,0,0,64,,,,
085529,0,0,0,-998,,,,
085531,0,0,0,13,,,,
085535,0,0,0,10,,,,
085538,0,0,0,-193,,,,
085544,0,0,0,24,,,,
085547,0,0,0,2,,,,
085549,0,0,0,8,,,,
08554P,0,0,0,-10,,,,
085550,0,0,0,90,,,,
085551,0,0,0,3,,,,
085552,0,0,0,67,,,,
085553,0,0,0,20,,,,
085557,0,0,0,-898,,,,
085558,0,0,0,-10,,,,
085559,0,0,0,7,,,,
085560,0,0,0,-2,,,,
085563,0,0,0,-55,,,,
085564,0,0,0,-124,,,,
085565,0,0,0,315,,,,
085566,0,0,0,-1,,,,
085568,0,0,0,-25,,,,
085569,0,0,0,-234,,,,
085570,0,0,0,97,,,,
085573,0,0,0,40,,,,
085575,0,0,0,9,,,,
085580,0,0,0,18,,,,
085582,0,0,0,-15,,,,
085583,-5,0,0,-14,,,,
085586,0,0,0,-200,,,,
085587,0,0,0,30,,,,
085588,0,0,0,-120,,,,
085589,0,0,0,135,,,,
085591,0,0,0,-2,,,,
085592,0,0,0,-8,,,,
085597,0,0,0,-64,,,,
085599,0,0,0,77,,,,
085600,0,0,0,5,,,,
085607,0,0,0,-2,,,,
085610,0,0,0,98,,,,
085614,0,0,0,-94,,,,
085618,0,0,0,21,,,,
085620,0,0,0,-20,,,,
085623,0,0,0,91,,,,
085624,0,0,0,-56,,,,
085628,0,0,0,393,,,,
085631,0,0,0,252,,,,
085632,0,0,0,-80,,,,
085633,0,0,0,-66,,,,
085640,0,0,0,4,,,,
085641,0,0,0,39,,,,
085642,0,0,0,17,,,,
085643,0,0,0,428,,,,
085644,0,0,0,-7,,,,
085645,0,0,0,49,,,,
085647,0,0,0,-2,,,,
085650,0,0,0,-163,,,,
085652,0,0,0,105,,,,
085655,0,0,0,0,,,,
085658,0,0,0,4,,,,
085661,0,0,0,0,,,,
085662,0,0,0,-5,,,,
085666,0,0,0,-3,,,,
085668,0,0,0,13,,,,
085670,0,0,0,0,,,,
085671,0,0,0,57,,,,
085674,0,0,0,20,,,,
085675,0,0,0,-8,,,,
085678,0,0,0,-15,,,,
085679,0,0,0,10,,,,
085680,0,0,0,-767,,,,
085682,0,0,0,51,,,,
085683,0,0,0,-15,,,,
085686,0,0,0,5,,,,
085687,0,0,0,-9,,,,
085688,0,0,0,-65,,,,
085689,0,0,0,0,,,,
085690,0,0,0,5,,,,
085693,0,0,0,1,,,,
085697,0,0,0,85,,,,
085698,0,0,0,14,,,,
085699,0,0,0,-142,,,,
08569P,0,0,0,0,,,,
085703,0,0,0,1397,,,,
085704,0,0,0,5,,,,
085705,0,0,0,-13,,,,
085706,0,0,0,445,,,,
085708,0,0,0,-2,,,,
085709,0,0,0,0,,,,
085711,0,0,0,-2,,,,
085712,0,0,0,19,,,,
085713,0,0,0,8,,,,
085715,0,0,0,-84,,,,
085717,0,0,0,-10,,,,
085722,0,0,0,-3,,,,
085724,0,0,0,8,,,,
085725,0,0,0,50,,,,
085726,0,0,0,222,,,,
085727,0,0,0,0,,,,
085728,0,0,0,20,,,,
085729,0,0,0,63,,,,
085730,0,0,0,81,,,,
085732,0,0,0,-4,,,,
085733,0,0,0,199,,,,
085734,0,0,0,10,,,,
085738,0,0,0,-51,,,,
085739,0,0,0,-9,,,,
085740,0,0,0,40,,,,
085742,0,0,0,-3,,,,
085743,0,0,0,-10,,,,
085744,0,0,0,-24,,,,
085747,0,0,0,20,,,,
085748,0,0,0,150,,,,
085750,0,0,0,-115,,,,
085753,0,0,0,25,,,,
085754,0,0,0,-93,,,,
085757,0,0,0,10,,,,
085760,0,0,0,158,,,,
085762,0,0,0,24,,,,
085764,0,0,0,150,,,,
085767,0,0,0,-31,,,,
085768,0,0,0,49,,,,
085771,0,0,0,299,,,,
085772,0,0,0,-30,,,,
085774,0,0,0,-107,,,,
085778,0,0,0,-209,,,,
085779,0,0,0,20,,,,
085783,0,0,0,121,,,,
085784,0,0,0,288,,,,
085785,0,0,0,-382,,,,
085787,0,0,0,-5,,,,
085794,0,0,0,44,,,,
085795,0,0,0,-5,,,,
085797,0,0,0,12,,,,
085799,0,0,0,-2,,,,
085805,0,0,0,15,,,,
085810,0,0,0,299,,,,
085818,0,0,0,25,,,,
085823,0,0,0,-20,,,,
085831,0,0,0,-20,,,,
085832,0,0,0,0,,,,
085836,0,0,0,-20,,,,
085841,0,0,0,50,,,,
085842,0,0,0,184,,,,
085843,0,0,0,-2,,,,
085844,0,0,0,-130,,,,
085849,0,0,0,-50,,,,
085854,0,0,0,-400,,,,
085856,0,0,0,-25,,,,
085857,0,0,0,225,,,,
085858,0,0,0,53,,,,
085859,0,0,0,1,,,,
085860,0,0,0,53,,,,
085863,0,0,0,10,,,,
085866,0,0,0,7,,,,
085868,0,0,0,-29,,,,
08586P,0,0,0,-53,,,,
085870,0,0,0,-10,,,,
085871,0,0,0,165,,,,
085874,0,0,0,-5,,,,
085875,0,0,0,17,,,,
085876,0,0,0,10,,,,
085877,0,0,0,30,,,,
085878,0,0,0,0,,,,
085883,0,0,0,24,,,,
085885,0,0,0,501,,,,
085886,0,0,0,-48,,,,
085892,0,0,0,-8,,,,
085894,0,0,0,-6,,,,
085895,0,0,0,10,,,,
085897,0,0,0,-122,,,,
085898,0,0,0,-3,,,,
085899,0,0,0,-10,,,,
085900,0,0,0,11,,,,
085901,50,0,0,-209,,,,
085904,0,0,0,-18,,,,
085906,0,0,0,-25,,,,
085908,0,0,0,-65,,,,
085910,0,0,0,0,,,,
085912,0,0,0,-17,,,,
085913,0,0,0,-1,,,,
085915,0,0,0,25,,,,
085916,0,0,0,274,,,,
085918,0,0,0,-329,,,,
085924,0,0,0,40,,,,
085927,0,0,0,273,,,,
085928,0,0,0,-24,,,,
085931,0,0,0,164,,,,
085935,20,0,0,-85,,,,
085937,0,0,0,-539,,,,
085939,0,0,0,-134,,,,
085940,0,0,0,4,,,,
085942,0,0,0,30,,,,
085944,0,0,0,-164,,,,
085945,0,0,0,0,,,,
085948,0,0,0,9,,,,
085949,0,0,0,77,,,,
08594P,0,0,10,-10,,,,
085953,0,0,0,-38,,,,
085954,0,0,0,-65,,,,
08595P,0,0,0,-10,,,,
085960,0,0,0,-32,,,,
085962,0,0,0,-10,,,,
085965,0,0,0,35,,,,
085968,0,0,0,45,,,,
085969,0,0,0,-15,,,,
085970,0,0,0,33,,,,
085971,0,0,0,-79,,,,
085974,0,0,0,81,,,,
085975,0,0,0,-13,,,,
085977,0,0,0,123,,,,
085981,0,0,0,115,,,,
085982,0,0,0,273,,,,
085983,0,0,0,-17,,,,
085984,0,0,0,-59,,,,
085985,0,0,0,-33,,,,
085987,0,0,0,111,,,,
085988,0,0,0,96,,,,
085989,0,0,0,5,,,,
085990,0,0,0,-8,,,,
085991,0,0,0,9,,,,
085993,0,0,0,160,,,,
085994,0,0,0,-10,,,,
085995,0,0,0,1,,,,
085996,0,0,0,17,,,,
085999,0,0,0,2,,,,
086000,0,0,0,-5,,,,
086001,0,0,0,10,,,,
086004,0,0,0,-50,,,,
086009,0,0,0,-4,,,,
086011,0,0,0,5,,,,
086015,0,0,0,-19,,,,
086016,0,0,0,100,,,,
086018,0,0,0,79,,,,
086019,0,0,0,13,,,,
086022,0,0,0,103,,,,
086027,0,0,0,-10,,,,
086028,0,0,0,-81,,,,
086029,0,0,0,200,,,,
086035,0,0,0,54,,,,
086037,0,0,0,4,,,,
086038,0,0,0,79,,,,
086043,0,0,0,0,,,,
086047,0,0,0,2,,,,
086048,0,0,0,-29,,,,
086049,0,0,0,190,,,,
086050,0,0,0,377,,,,
086052,0,0,0,5,,,,
086053,0,0,0,-20,,,,
086055,0,0,0,42,,,,
086056,0,0,0,-21,,,,
086057,0,0,0,-20,,,,
086058,0,0,0,-51,,,,
086060,0,0,0,-5,,,,
086064,0,0,0,4,,,,
086065,0,0,0,-21,,,,
086077,0,0,0,-7,,,,
086078,0,0,0,-494,,,,
086079,0,0,0,20,,,,
086080,0,0,0,33,,,,
086081,0,0,0,-268,,,,
086082,0,0,0,-4,,,,
086084,0,0,0,42,,,,
086085,0,0,0,309,,,,
086087,0,0,0,50,,,,
086089,0,0,0,-60,,,,
086092,0,0,0,-6,,,,
086094,0,0,0,-664,,,,
086096,-17,0,0,168,,,,
086099,0,0,0,84,,,,
086100,0,0,0,0,,,,
086101,0,0,0,56,,,,
086103,0,0,0,-42,,,,
086105,0,0,0,4,,,,
086106,0,0,0,306,,,,
086110,0,0,0,-217,,,,
086112,0,0,0,79,,,,
086113,0,0,0,-14,,,,
086115,0,0,0,21,,,,
086116,0,0,0,3,,,,
086118,0,0,0,15,,,,
086120,0,0,0,-5,,,,
086124,0,0,0,-20,,,,
086126,0,0,0,-6,,,,
086127,0,0,0,231,,,,
086128,0,0,0,0,,,,
086129,0,0,0,10,,,,
086130,0,0,0,72,,,,
086136,0,0,0,-21,,,,
086137,0,0,0,-10,,,,
086139,0,0,0,-307,,,,
086141,14,0,0,-14,,,,
086142,0,0,0,-10,,,,
086144,0,0,0,-3,,,,
086147,0,0,0,142,,,,
086148,0,0,0,30,,,,
086152,0,0,0,15,,,,
086153,0,0,0,-21,,,,
086155,0,0,0,24,,,,
086159,0,0,0,11,,,,
086160,0,0,0,-10,,,,
086162,0,0,0,-1,,,,
086164,0,0,0,84,,,,
086165,0,0,0,10,,,,
086166,0,0,0,-1,,,,
086168,0,0,0,10,,,,
086169,0,0,0,-24,,,,
086171,0,0,0,0,,,,
086173,0,0,0,-57,,,,
086176,0,0,0,520,,,,
086178,0,0,0,-6,,,,
086179,0,0,0,2,,,,
086180,0,0,0,-32,,,,
086182,0,0,0,0,,,,
086185,0,0,0,30,,,,
086186,0,0,0,-6,,,,
086187,0,0,0,-40,,,,
086189,0,0,0,-10,,,,
086191,0,0,0,-30,,,,
086193,0,0,0,-47,,,,
086194,0,0,0,-3,,,,
086198,0,0,0,4,,,,
086203,0,0,0,483,,,,
086206,0,0,0,4,,,,
086209,0,0,0,-55,,,,
086212,0,0,0,-68,,,,
086213,0,0,0,78,,,,
086214,0,0,0,530,,,,
086215,0,0,0,74,,,,
086216,0,0,0,-2,,,,
086218,0,0,0,-2,,,,
086219,0,0,0,-10,,,,
086220,0,0,0,-1,,,,
086224,0,0,0,35,,,,
086227,0,0,0,11,,,,
086229,0,0,0,-20,,,,
086230,0,0,0,-15,,,,
086236,0,0,0,-64,,,,
086238,0,0,0,42,,,,
08623P,0,0,0,40,,,,
086240,0,0,0,-74,,,,
086242,0,0,0,25,,,,
086243,0,0,0,-1,,,,
086244,0,0,0,14,,,,
086249,0,0,0,-5,,,,
086251,0,0,0,25,,,,
086253,0,0,0,8,,,,
086255,0,0,0,-337,,,,
086256,0,0,0,-212,,,,
086258,0,0,0,141,,,,
086262,0,0,0,-36,,,,
086265,0,0,0,-30,,,,
086266,0,0,0,10,,,,
086267,0,0,0,-112,,,,
086269,0,0,0,91,,,,
086270,0,0,0,14,,,,
086271,0,0,0,10,,,,
086272,0,0,0,3,,,,
086273,0,0,0,-9,,,,
086276,0,0,0,-3,,,,
086278,0,0,0,15,,,,
086279,0,0,0,-133,,,,
086280,0,0,0,-522,,,,
086281,0,0,0,23,,,,
086282,0,0,0,-711,,,,
086286,0,0,0,-79,,,,
086289,0,0,0,0,,,,
086290,0,0,0,-65,,,,
086291,0,0,0,1,,,,
086294,0,0,0,203,,,,
086295,0,0,0,-10,,,,
086296,0,0,0,5,,,,
086297,0,0,0,30,,,,
086298,0,0,0,-218,,,,
086299,0,0,0,-50,,,,
086300,0,0,0,0,,,,
086301,0,0,0,45,,,,
086302,0,0,0,201,,,,
086304,0,0,0,37,,,,
086306,0,0,0,-116,,,,
086307,0,0,0,151,,,,
086310,0,0,0,-17,,,,
086311,0,0,0,-1048,,,,
086312,0,0,0,-16,,,,
086313,0,0,0,-147,,,,
086316,0,0,0,72,,,,
086319,0,0,0,134,,,,
086321,0,0,0,-76,,,,
086323,0,0,0,-314,,,,
086324,0,0,0,0,,,,
086325,0,0,0,56,,,,
086329,0,0,0,-5,,,,
086330,0,0,0,-120,,,,
086332,0,0,0,2,,,,
086334,0,0,0,-6,,,,
086336,0,0,0,-15,,,,
086337,0,0,0,63,,,,
086338,0,0,0,41,,,,
086343,0,0,0,-313,,,,
086344,0,0,0,77,,,,
086345,0,0,0,169,,,,
086346,0,0,0,148,,,,
086347,0,0,0,-2,,,,
086349,0,0,0,15,,,,
086350,0,0,0,0,,,,
086352,0,0,0,25,,,,
086353,0,0,0,-41,,,,
086355,0,0,0,-6,,,,
086357,0,0,0,-29,,,,
086365,0,0,0,-336,,,,
086367,0,0,0,155,,,,
086372,0,0,0,62,,,,
086374,0,0,0,-31,,,,
086375,0,0,0,20,,,,
086379,0,0,0,-34,,,,
086382,0,0,0,21,,,,
086383,0,0,0,-14,,,,
086385,0,0,0,-29,,,,
086386,0,0,0,-20,,,,
086388,0,0,0,-16,,,,
086395,0,0,0,-140,,,,
086396,0,0,0,163,,,,
086398,0,0,0,17,,,,
086399,0,0,0,72,,,,
086400,0,0,0,2,,,,
086402,0,0,0,-60,,,,
086403,0,0,0,-91,,,,
086409,0,0,0,-220,,,,
086413,0,0,0,0,,,,
086414,0,0,0,20,,,,
086418,0,0,0,3,,,,
086422,0,0,0,-1,,,,
086424,0,0,0,-1,,,,
086426,0,0,0,-40,,,,
086429,0,0,0,13,,,,
08642P,0,0,0,7,,,,
086432,0,0,0,-3,,,,
086433,0,0,0,277,,,,
086434,0,0,0,7,,,,
086437,0,0,0,-4,,,,
086440,0,0,0,60,,,,
086441,0,0,0,9,,,,
086443,0,0,0,2,,,,
086444,0,0,0,-59,,,,
086445,0,0,0,105,,,,
086446,0,0,0,1,,,,
086448,0,0,0,150,,,,
086450,0,0,0,-22,,,,
086453,0,0,0,99,,,,
086454,0,0,0,15,,,,
086455,0,0,0,-18,,,,
086457,0,0,0,48,,,,
086458,0,0,0,-5,,,,
086460,0,0,0,52,,,,
086461,0,0,0,170,,,,
086462,0,0,0,-88,,,,
086463,0,0,0,119,,,,
086464,0,0,0,-94,,,,
086465,0,0,0,-46,,,,
086466,0,0,0,-51,,,,
086467,0,0,0,-93,,,,
086468,0,0,0,-3,,,,
086469,0,0,0,-4,,,,
086470,0,0,0,-8,,,,
086471,0,0,0,214,,,,
086472,0,0,0,87,,,,
086473,0,0,0,21,,,,
086474,0,0,0,19,,,,
086475,0,0,0,16,,,,
086477,0,0,0,-90,,,,
086478,0,0,0,-20,,,,
086479,0,0,0,283,,,,
086482,0,0,0,343,,,,
086483,0,0,0,25,,,,
086485,0,0,0,-150,,,,
086487,0,0,0,-8,,,,
086494,0,0,0,3,,,,
086495,0,0,0,-11,,,,
086496,0,0,0,-70,,,,
086501,-2,0,0,2,,,,
086503,0,0,0,-5,,,,
086507,0,0,0,6,,,,
086515,0,0,0,-30,,,,
086516,0,0,0,62,,,,
086517,0,0,0,145,,,,
086518,0,0,0,-63,,,,
086520,0,0,0,-54,,,,
086526,0,0,0,1,,,,
086528,0,0,0,-160,,,,
086531,0,0,0,227,,,,
086534,0,0,0,-19,,,,
086536,0,0,0,-80,,,,
086537,0,0,0,59,,,,
086540,0,0,0,-286,,,,
086541,0,0,0,-255,,,,
086542,0,0,0,397,,,,
086544,0,0,0,-14,,,,
086546,0,0,0,738,,,,
086547,0,0,0,-830,,,,
086548,0,0,0,64,,,,
086552,0,0,0,-10,,,,
086553,0,0,0,0,,,,
086554,0,0,0,3,,,,
086556,0,0,0,50,,,,
086559,0,0,0,5,,,,
08655P,0,0,0,100,,,,
086560,0,0,0,-5,,,,
086561,0,0,0,90,,,,
086562,0,0,0,-49,,,,
086563,0,0,0,40,,,,
086565,0,0,0,13,,,,
086566,0,0,0,-39,,,,
086567,0,0,0,2,,,,
086569,0,0,0,-1,,,,
086570,0,0,0,-17,,,,
086572,0,0,0,4,,,,
086573,0,0,0,766,,,,
086578,0,0,0,0,,,,
086581,0,0,0,-78,,,,
086582,0,0,0,-2,,,,
086584,0,0,0,296,,,,
086585,0,0,0,111,,,,
086590,0,0,0,79,,,,
086593,0,0,0,1,,,,
086594,0,0,0,29,,,,
086596,0,0,0,-10,,,,
086597,0,0,0,-10,,,,
086599,0,0,0,-5,,,,
086600,0,0,0,65,,,,
086601,0,0,0,-5,,,,
086602,0,0,0,-19,,,,
086603,0,0,0,-5,,,,
086605,0,0,0,-20,,,,
086606,0,0,0,33,,,,
086608,0,0,0,-5,,,,
086609,0,0,0,102,,,,
086611,0,0,0,10,,,,
086613,0,0,0,163,,,,
086614,0,0,0,0,,,,
086615,0,0,0,73,,,,
086618,0,0,0,-137,,,,
086619,0,0,0,4,,,,
086620,0,0,0,29,,,,
086621,0,0,0,10,,,,
086622,0,0,0,-183,,,,
086625,0,0,0,-181,,,,
086626,0,0,0,-640,,,,
086631,0,0,0,-35,,,,
086634,0,0,0,-19,,,,
086636,0,0,0,-29,,,,
086638,0,0,0,-4,,,,
086641,0,0,0,-1,,,,
086644,0,0,0,-22,,,,
086645,0,0,0,-17,,,,
086646,0,0,0,43,,,,
086647,0,0,0,-19,,,,
086649,0,0,0,-16,,,,
086651,0,0,0,7,,,,
086652,0,0,0,2,,,,
086653,0,0,0,-47,,,,
086656,0,0,0,10,,,,
086658,0,0,0,-96,,,,
086659,0,0,0,233,,,,
086660,0,0,0,-23,,,,
086661,0,0,0,3,,,,
086662,0,0,0,26,,,,
086663,0,0,0,28,,,,
086665,0,0,0,-153,,,,
086666,0,0,0,-18,,,,
086668,0,0,0,0,,,,
086669,0,0,0,400,,,,
086670,0,0,0,-60,,,,
086671,0,0,0,0,,,,
086673,0,0,0,-271,,,,
086676,0,0,0,-8,,,,
086677,0,0,0,-3,,,,
086678,0,0,0,-86,,,,
086679,0,0,0,194,,,,
086680,0,0,0,859,,,,
086681,0,0,0,214,,,,
086682,0,0,0,-42,,,,
086683,0,0,0,-12,,,,
086684,0,0,0,2,,,,
086685,0,0,0,5,,,,
086687,0,0,0,-11,,,,
086689,0,0,0,-6,,,,
086694,0,0,0,10,,,,
086695,0,0,0,3,,,,
086699,0,0,0,1199,,,,
086701,0,0,0,0,,,,
086702,0,0,0,0,,,,
086708,0,0,0,4,,,,
086709,0,0,0,38,,,,
086715,0,0,0,-81,,,,
086716,0,0,0,-26,,,,
086721,0,0,0,49,,,,
086723,0,0,0,250,,,,
086724,0,0,0,14,,,,
086728,0,0,0,-281,,,,
086733,0,0,0,7,,,,
086735,0,0,0,-51,,,,
086736,0,0,0,-15,,,,
086737,0,0,0,240,,,,
086738,0,0,0,1,,,,
086739,0,0,0,157,,,,
086742,0,0,0,-12,,,,
086744,0,0,0,-74,,,,
086745,0,0,0,100,,,,
086746,0,0,0,-13,,,,
086749,0,0,0,290,,,,
086750,0,0,0,47,,,,
086752,0,0,0,351,,,,
086753,0,0,0,37,,,,
086754,0,0,0,333,,,,
086758,0,0,0,-23,,,,
086759,0,0,0,581,,,,
086762,0,0,0,-115,,,,
086763,0,0,0,-10,,,,
086765,0,0,0,27,,,,
086766,0,0,0,-272,,,,
086768,0,0,0,-158,,,,
086769,0,0,0,-63,,,,
086771,0,0,0,4,,,,
086773,0,0,0,0,,,,
086774,0,0,0,-18,,,,
086775,0,0,0,213,,,,
086776,0,0,0,160,,,,
086777,0,0,0,-14,,,,
086778,0,0,0,2,,,,
086779,0,0,0,31,,,,
086780,0,0,0,78,,,,
086783,0,0,0,5,,,,
086784,0,0,0,1,,,,
086785,0,0,0,50,,,,
086786,0,0,0,-12,,,,
08678P,0,0,0,160,,,,
086790,0,0,0,0,,,,
086791,0,0,0,-61,,,,
086792,0,0,0,27,,,,
086796,0,0,0,24,,,,
086797,0,0,0,11,,,,
086798,0,0,0,-5,,,,
086799,0,0,0,9,,,,
086800,0,0,0,1,,,,
086803,0,0,0,14,,,,
086804,0,0,0,20,,,,
086805,0,0,0,250,,,,
086806,0,0,0,16,,,,
086808,0,0,0,-2,,,,
086811,0,0,0,20,,,,
086814,0,0,0,-4,,,,
086817,0,0,0,30,,,,
086818,0,0,0,3,,,,
086822,0,0,0,2,,,,
086823,0,0,0,47,,,,
086824,0,0,0,221,,,,
086825,0,0,0,3,,,,
086827,0,0,0,-110,,,,
086828,0,0,0,9,,,,
086829,0,0,0,15,,,,
086833,0,0,0,19,,,,
086834,0,0,0,20,,,,
086835,0,0,0,-3,,,,
086844,0,0,0,-10,,,,
086848,0,0,0,-14,,,,
086853,0,0,0,-5,,,,
086854,0,0,0,-25,,,,
086856,0,0,0,108,,,,
086861,0,0,0,39,,,,
086862,0,0,0,-99,,,,
086865,0,0,0,5,,,,
086867,0,0,0,-25,,,,
086877,0,0,0,5,,,,
086879,0,0,0,-22,,,,
086881,0,0,0,754,,,,
086882,0,0,0,10,,,,
086883,0,0,0,-228,,,,
086884,0,0,0,-39,,,,
086885,0,0,0,10,,,,
086890,0,0,0,12,,,,
086892,0,0,0,20,,,,
086893,0,0,0,71,,,,
086894,0,0,0,48,,,,
086895,0,0,0,-30,,,,
086896,0,0,0,-57,,,,
086897,0,0,0,23,,,,
086898,0,0,0,485,,,,
086899,0,0,0,290,,,,
086900,0,0,0,12,,,,
086901,0,0,0,106,,,,
086903,0,0,0,24,,,,
086905,0,0,0,542,,,,
086906,0,0,0,-46,,,,
086907,0,0,0,-140,,,,
08690P,0,0,0,75,,,,
086910,0,0,0,41,,,,
086911,0,0,0,-40,,,,
086912,0,0,0,-18,,,,
086913,0,0,0,6,,,,
086915,0,0,0,-610,,,,
086916,20,0,0,-98,,,,
086917,0,0,0,-132,,,,
086918,0,0,0,-10,,,,
086919,0,0,0,-2,,,,
086920,0,0,0,132,,,,
086921,0,0,0,-1,,,,
086923,0,0,0,190,,,,
086924,0,0,0,210,,,,
086926,0,0,0,-50,,,,
086928,0,0,0,-86,,,,
086929,0,0,0,-16,,,,
086933,0,0,0,3,,,,
086934,0,0,0,268,,,,
086936,0,0,0,-27,,,,
086937,0,0,0,-3,,,,
086938,0,0,0,39,,,,
086940,0,0,0,-92,,,,
086941,0,0,0,-9,,,,
086943,0,0,0,224,,,,
086944,0,0,0,221,,,,
086946,0,0,0,-8,,,,
086948,0,0,0,12,,,,
086950,0,0,0,100,,,,
086955,0,0,0,6,,,,
086957,0,0,0,-18,,,,
086960,0,0,0,-11,,,,
086963,0,0,0,29,,,,
086964,0,0,0,13,,,,
086965,0,0,0,-343,,,,
086966,0,0,0,-126,,,,
086967,0,0,0,1,,,,
086968,0,0,0,58,,,,
086969,0,0,0,-12,,,,
086972,0,0,0,41,,,,
086973,0,0,0,-85,,,,
086976,0,0,0,-29,,,,
086977,0,0,0,-2,,,,
086979,0,0,0,1,,,,
086982,0,0,0,-3,,,,
086985,0,0,0,-14,,,,
086986,0,0,0,71,,,,
086987,0,0,0,-59,,,,
086989,0,0,0,-101,,,,
086990,0,0,0,-110,,,,
086991,0,0,0,-296,,,,
086992,0,0,0,-440,,,,
086993,0,0,0,-221,,,,
086994,0,0,0,-240,,,,
086995,0,0,0,-1,,,,
086996,0,0,0,28,,,,
086998,0,0,0,-160,,,,
086999,0,0,0,280,,,,
087000,0,0,0,-74,,,,
087001,0,0,0,10,,,,
087002,0,0,0,55,,,,
087008,0,0,0,-3,,,,
087010,0,0,0,3,,,,
087011,0,0,0,67,,,,
087012,0,0,0,177,,,,
087013,0,0,0,22,,,,
087015,0,0,0,50,,,,
087018,0,0,0,139,,,,
087019,0,0,0,10,,,,
087020,0,0,0,-29,,,,
087022,0,0,0,5,,,,
087025,0,0,0,-3,,,,
087026,0,0,0,0,,,,
087027,0,0,0,6,,,,
087028,0,0,0,-18,,,,
087030,0,0,0,25,,,,
087031,0,0,0,-108,,,,
087033,0,0,0,-241,,,,
087035,0,0,0,249,,,,
087038,0,0,0,-25,,,,
087043,0,0,0,21,,,,
087044,0,0,0,15,,,,
087047,0,0,0,30,,,,
087048,0,0,0,22,,,,
087050,0,0,0,50,,,,
087054,0,0,0,-1,,,,
087056,0,0,0,202,,,,
087057,0,0,0,97,,,,
087058,0,0,0,-91,,,,
087059,0,0,0,-22,,,,
087064,0,0,0,3,,,,
087070,0,0,0,-7,,,,
087072,0,0,0,-27,,,,
087075,0,0,0,14,,,,
087076,0,0,0,-131,,,,
087077,0,0,0,-10,,,,
087082,0,0,0,2,,,,
087084,0,0,0,-99,,,,
087087,0,0,0,-1,,,,
087088,0,0,0,-12,,,,
087089,0,0,0,6,,,,
087090,0,0,0,-4,,,,
087091,0,0,0,-186,,,,
087093,0,0,0,268,,,,
087095,0,0,0,9,,,,
087097,0,0,0,53,,,,
087100,0,0,0,13,,,,
087102,0,0,0,6,,,,
087103,0,0,0,403,,,,
087106,0,0,0,30,,,,
087107,0,0,0,101,,,,
087108,0,0,0,-183,,,,
087109,0,0,0,1,,,,
087112,0,0,0,40,,,,
087113,0,0,0,290,,,,
087114,0,0,0,-120,,,,
087119,0,0,0,28,,,,
087121,0,0,0,2,,,,
087122,0,0,0,-1,,,,
087123,0,0,0,-50,,,,
087131,0,0,0,-76,,,,
087132,0,0,0,34,,,,
087133,0,0,0,10,,,,
087134,0,0,0,56,,,,
087137,0,0,0,-64,,,,
087138,0,0,0,-8,,,,
087141,0,0,0,10,,,,
087145,0,0,0,4,,,,
087148,0,0,0,6,,,,
087149,0,0,0,-4,,,,
087152,0,0,0,-18,,,,
087155,0,0,0,-3,,,,
087156,0,0,0,-295,,,,
087157,0,0,0,-25,,,,
087161,0,0,0,-4,,,,
087162,0,0,0,-5,,,,
087163,0,0,0,-3,,,,
087165,0,0,0,1,,,,
087166,0,0,0,-10,,,,
087167,0,0,0,-10,,,,
087168,0,0,0,-80,,,,
087171,0,0,0,-11,,,,
087173,0,0,0,0,,,,
087174,0,0,0,51,,,,
087178,0,0,0,46,,,,
087181,0,0,0,75,,,,
087185,0,0,0,24,,,,
087186,0,0,0,-36,,,,
087187,0,0,0,-115,,,,
087188,0,0,0,-85,,,,
087190,0,0,0,2,,,,
087191,0,0,0,-133,,,,
087192,0,0,0,-52,,,,
087193,0,0,0,-23,,,,
087194,0,0,0,-24,,,,
087196,0,0,0,-191,,,,
087203,0,0,0,3,,,,
087205,0,0,0,145,,,,
087206,0,0,0,-52,,,,
087207,-8,0,0,13,,,,
087208,0,0,0,-134,,,,
087209,0,0,0,-66,,,,
087210,0,0,0,-29,,,,
087213,0,0,0,58,,,,
087216,0,0,0,-499,,,,
087217,0,0,0,29,,,,
087218,0,0,0,34,,,,
087219,0,0,0,85,,,,
087220,0,0,0,-1,,,,
087226,0,0,0,3,,,,
087228,0,0,0,1,,,,
087251,0,0,0,-45,,,,
087252,0,0,0,-83,,,,
087253,0,0,0,-6,,,,
087254,0,0,0,8,,,,
087256,0,0,0,20,,,,
087257,0,0,0,28,,,,
087258,0,0,0,49,,,,
087259,0,0,0,-103,,,,
087261,0,0,0,220,,,,
087263,0,0,0,13,,,,
087264,0,0,0,66,,,,
087266,0,0,0,-30,,,,
087268,0,0,0,-68,,,,
087269,0,0,0,-36,,,,
087271,0,0,0,80,,,,
087272,0,0,0,-46,,,,
087273,0,0,0,-63,,,,
087274,0,0,0,-11,,,,
087280,0,0,0,-268,,,,
087281,0,0,0,162,,,,
087283,0,0,0,-6,,,,
087285,0,0,0,18,,,,
087286,0,0,0,2,,,,
087289,0,0,0,3,,,,
087292,0,0,0,86,,,,
087294,0,0,0,-3,,,,
087296,0,0,0,-21,,,,
087298,0,0,0,28,,,,
087301,0,0,0,-1,,,,
087303,0,0,0,-507,,,,
087304,0,0,0,-381,,,,
087305,0,0,0,35,,,,
087308,0,0,0,0,,,,
087310,0,0,0,27,,,,
087311,0,0,0,116,,,,
087312,0,0,0,91,,,,
087313,0,0,0,-281,,,,
087314,0,0,0,-15,,,,
087315,0,0,0,92,,,,
087318,0,0,0,0,,,,
087319,0,0,0,5,,,,
087320,0,0,0,-1,,,,
087326,0,0,0,7,,,,
087327,0,0,0,-14,,,,
087328,0,0,0,10,,,,
087332,0,0,0,-65,,,,
087334,0,0,0,-1,,,,
087335,0,0,0,13,,,,
087345,0,0,0,130,,,,
087354,0,0,0,-40,,,,
087355,0,0,0,23,,,,
087357,0,0,0,190,,,,
087358,0,0,0,-1,,,,
087359,0,0,0,-17,,,,
087360,0,0,0,97,,,,
087361,0,0,0,-72,,,,
087365,0,0,0,2,,,,
087366,0,0,0,0,,,,
087369,0,0,0,1,,,,
087371,0,0,0,170,,,,
087372,0,0,0,-3,,,,
087373,0,0,0,171,,,,
087374,0,0,0,-50,,,,
087375,0,0,0,-51,,,,
087378,0,0,0,100,,,,
087379,0,0,0,-135,,,,
087382,0,0,0,-186,,,,
087383,0,0,0,79,,,,
087384,0,0,0,-209,,,,
087385,0,0,0,-1,,,,
087386,0,0,0,-369,,,,
087388,0,0,0,-221,,,,
087389,0,0,0,-18,,,,
087391,0,0,0,-47,,,,
087394,0,0,0,-31,,,,
087395,0,0,0,4,,,,
087397,0,0,0,-19,,,,
087400,0,0,0,-324,,,,
087401,0,0,0,45,,,,
087402,0,0,0,87,,,,
087403,0,0,0,-177,,,,
087406,0,0,0,-121,,,,
087411,0,0,0,0,,,,
087413,0,0,0,50,,,,
087414,0,0,0,-24,,,,
087416,0,0,0,-130,,,,
087417,0,0,0,-25,,,,
087418,0,0,0,0,,,,
087419,0,0,0,32,,,,
087422,0,0,0,0,,,,
087423,0,0,0,-45,,,,
087426,0,0,0,-31,,,,
087429,0,0,0,21,,,,
087430,0,0,0,-37,,,,
087431,0,0,0,-37,,,,
087432,0,0,0,-65,,,,
087433,0,0,0,44,,,,
087434,0,0,0,22,,,,
087437,0,0,0,30,,,,
087438,0,0,0,200,,,,
087439,0,0,0,0,,,,
087441,0,0,0,45,,,,
087442,0,0,0,311,,,,
087445,0,0,0,-21,,,,
087447,0,0,0,-26,,,,
087449,0,0,0,-8,,,,
087452,0,0,0,1,,,,
087457,0,0,0,-82,,,,
087461,0,0,0,99,,,,
087462,0,0,0,26,,,,
087463,0,0,0,-155,,,,
087464,0,0,0,-7,,,,
087465,0,0,0,33,,,,
087467,0,0,0,-707,,,,
087469,0,0,0,-13,,,,
087470,0,0,0,139,,,,
087471,0,0,0,-30,,,,
087474,0,0,0,-36,,,,
087476,0,0,0,-39,,,,
087478,0,0,0,-30,,,,
087479,0,0,0,-72,,,,
087482,0,0,0,57,,,,
087484,0,0,0,-53,,,,
087485,0,0,0,385,,,,
087490,0,0,0,725,,,,
087491,0,0,0,-278,,,,
087492,0,0,0,155,,,,
087493,0,0,0,-585,,,,
087497,0,0,0,0,,,,
087498,0,0,0,-17,,,,
087502,0,0,0,13,,,,
087503,0,0,0,45,,,,
087507,0,0,0,-1,,,,
087508,0,0,0,12,,,,
087512,0,0,0,-10,,,,
087513,0,0,0,-96,,,,
087514,0,0,0,-2,,,,
087515,0,0,0,-29,,,,
087516,0,0,0,-305,,,,
087517,0,0,0,75,,,,
087521,0,0,0,51,,,,
087522,0,0,0,-1,,,,
087523,0,0,0,-174,,,,
087524,0,0,0,-160,,,,
087525,0,0,0,-5,,,,
087526,0,0,0,-72,,,,
087527,0,0,0,460,,,,
087528,0,0,0,-193,,,,
087532,0,0,0,2,,,,
087535,0,0,0,0,,,,
087536,0,0,0,0,,,,
087537,0,0,0,-157,,,,
087538,0,0,0,-2,,,,
087539,0,0,0,-2,,,,
087540,0,0,0,-7,,,,
087543,0,0,0,6,,,,
087547,0,0,0,160,,,,
087548,0,0,0,124,,,,
087550,0,0,0,-50,,,,
087551,0,0,0,1,,,,
087552,0,0,0,28,,,,
087553,0,0,0,8,,,,
087554,0,0,0,212,,,,
087555,0,0,0,197,,,,
087557,0,0,0,-16,,,,
087561,0,0,0,-1188,,,,
087562,0,0,0,-42,,,,
087563,0,0,0,0,,,,
087566,0,0,0,-85,,,,
087567,0,0,0,90,,,,
087568,0,0,0,-142,,,,
087569,0,0,0,23,,,,
087570,0,0,0,-45,,,,
087573,0,0,0,-34,,,,
087575,0,0,0,-160,,,,
087576,0,0,0,-100,,,,
087577,0,0,0,1,,,,
087578,0,0,0,67,,,,
087579,0,0,0,32,,,,
087580,0,0,0,-5,,,,
087581,0,0,0,-130,,,,
087582,0,0,0,-21,,,,
087584,0,0,0,-155,,,,
087585,0,0,0,-3,,,,
087590,0,0,0,0,,,,
087592,0,0,0,5,,,,
087593,0,0,0,554,,,,
087595,0,0,0,-160,,,,
087602,0,0,0,0,,,,
087604,0,0,0,30,,,,
087608,0,0,0,-2,,,,
087609,0,0,0,169,,,,
08760P,0,0,0,-12,,,,
087610,0,0,0,-10,,,,
087614,0,0,0,-17,,,,
087617,0,0,0,10,,,,
087619,0,0,0,9,,,,
087620,0,0,0,-30,,,,
087621,0,0,0,2,,,,
087622,0,0,0,3,,,,
087623,0,0,0,9,,,,
087626,0,0,0,-8,,,,
087627,0,0,0,10,,,,
087628,0,0,0,-32,,,,
087631,0,0,0,-28,,,,
087633,0,0,0,29,,,,
087634,0,0,0,199,,,,
087635,0,0,0,8,,,,
087640,0,0,0,-131,,,,
087641,0,0,0,-40,,,,
087643,0,0,0,-3,,,,
087645,0,0,0,75,,,,
087647,0,0,0,1,,,,
087648,0,0,0,-39,,,,
087649,0,0,0,1,,,,
087652,0,0,0,-255,,,,
087654,0,0,0,8,,,,
087656,0,0,0,5,,,,
087657,0,0,0,101,,,,
087658,0,0,0,0,,,,
087659,0,0,0,5,,,,
087661,0,0,0,-519,,,,
087664,0,0,0,10,,,,
087665,0,0,0,28,,,,
087666,0,0,0,1,,,,
087668,0,0,0,-13,,,,
087669,0,0,0,-10,,,,
087671,0,0,0,11,,,,
087673,0,0,0,-30,,,,
087679,0,0,0,37,,,,
087680,0,0,0,-13,,,,
087682,0,0,0,-204,,,,
087683,0,0,0,0,,,,
087684,0,0,0,-50,,,,
087686,0,0,0,-15,,,,
087692,0,0,0,152,,,,
087694,0,0,0,-2,,,,
087695,0,0,0,-10,,,,
087696,0,0,0,-1,,,,
087698,0,0,0,-3,,,,
087699,0,0,0,18,,,,
087703,0,0,0,-91,,,,
087704,0,0,0,-22,,,,
087706,0,0,0,-84,,,,
087712,0,0,0,-100,,,,
087713,0,0,0,-13,,,,
087719,0,0,0,25,,,,
087720,0,0,0,-3,,,,
087727,0,0,0,-11,,,,
087730,0,0,0,-131,,,,
087731,0,0,0,-57,,,,
087735,0,0,0,10,,,,
087737,0,0,0,0,,,,
08773P,0,0,0,-12,,,,
087740,0,0,0,1,,,,
087748,0,0,0,-20,,,,
08774P,0,0,0,7,,,,
087751,0,0,0,-27,,,,
087752,0,0,0,-38,,,,
087755,0,0,0,-2,,,,
087756,0,0,0,7,,,,
087759,0,0,0,1,,,,
087760,0,0,0,-32,,,,
087761,0,0,0,1,,,,
087763,0,0,0,34,,,,
087765,0,0,0,-80,,,,
087769,0,0,0,1,,,,
087770,0,0,0,67,,,,
087771,0,0,0,9,,,,
087772,0,0,0,-15,,,,
087773,0,0,0,-5,,,,
087774,0,0,0,64,,,,
087778,0,0,0,-37,,,,
087786,0,0,0,-72,,,,
087787,0,0,0,47,,,,
087790,0,0,0,0,,,,
087795,0,0,0,2,,,,
087799,0,0,0,-499,,,,
087800,0,0,0,-9,,,,
087802,0,0,0,-2,,,,
087803,0,0,0,1,,,,
087804,0,0,0,-15,,,,
087805,0,0,0,17,,,,
087807,0,0,0,-3,,,,
087808,0,0,0,1,,,,
087809,0,0,0,-210,,,,
087810,0,0,0,-2,,,,
087813,0,0,0,-22,,,,
087814,0,0,0,27,,,,
087815,0,0,0,588,,,,
087816,0,0,0,1,,,,
087819,0,0,0,-11,,,,
08781P,0,0,0,40,,,,
087820,0,0,0,29,,,,
087825,0,0,0,160,,,,
087826,0,0,0,-150,,,,
087827,0,0,0,-141,,,,
087828,0,0,0,74,,,,
087829,0,0,0,16,,,,
087830,0,0,0,181,,,,
087831,0,0,0,-120,,,,
087832,0,0,0,-7,,,,
087833,0,0,0,-47,,,,
087834,0,0,0,38,,,,
087835,0,0,0,-45,,,,
087836,0,0,0,26,,,,
087837,0,0,0,-71,,,,
087838,0,0,0,68,,,,
08783P,0,0,0,1,,,,
087840,0,0,0,-4,,,,
087844,0,0,0,15,,,,
087847,0,0,0,-32,,,,
087848,0,0,0,-50,,,,
087849,0,0,0,-10,,,,
087850,0,0,0,3,,,,
087853,0,0,0,10,,,,
087855,0,0,0,121,,,,
087856,0,0,0,150,,,,
087857,0,0,0,183,,,,
087859,0,0,0,-42,,,,
087860,0,0,0,-7,,,,
087861,0,0,0,15,,,,
087866,0,0,0,-14,,,,
087867,0,0,0,-44,,,,
087872,0,0,0,-32,,,,
087874,0,0,0,-3,,,,
087875,0,0,0,-33,,,,
087878,0,0,0,2,,,,
087879,0,0,0,-100,,,,
08787P,0,0,0,26,,,,
087880,0,0,0,8,,,,
087882,0,0,0,26,,,,
087884,0,0,0,-16,,,,
087885,0,0,0,1,,,,
087886,0,0,0,50,,,,
087887,0,0,0,-36,,,,
087889,0,0,0,-21,,,,
087892,0,0,0,-10,,,,
087894,0,0,0,151,,,,
087895,0,0,0,8,,,,
087899,0,0,0,5,,,,
08789P,0,0,0,70,,,,
087900,0,0,0,34,,,,
087901,0,0,0,14,,,,
087903,0,0,0,-10,,,,
087904,0,0,0,8,,,,
087906,0,0,0,7,,,,
087909,0,0,0,0,,,,
087910,0,0,0,0,,,,
087911,0,0,0,0,,,,
087913,0,0,0,-1,,,,
087917,0,0,0,-24,,,,
087922,0,0,0,-170,,,,
087924,0,0,0,7,,,,
087929,0,0,0,124,,,,
087930,0,0,0,180,,,,
087932,0,0,0,-82,,,,
087934,0,0,0,-4,,,,
087936,0,0,0,8,,,,
087938,0,0,0,-60,,,,
087941,0,0,0,197,,,,
087943,0,0,0,-5,,,,
087945,0,0,0,12,,,,
087948,0,0,0,51,,,,
087950,0,0,0,-361,,,,
087951,0,0,0,3,,,,
087952,0,0,0,-118,,,,
087954,0,0,0,-50,,,,
087957,0,0,0,288,,,,
087958,0,0,0,59,,,,
087959,0,0,0,-50,,,,
087960,0,0,0,22,,,,
087961,0,0,0,-94,,,,
087962,0,0,0,4,,,,
087963,0,0,0,-220,,,,
087965,0,0,0,122,,,,
087968,0,0,0,-15,,,,
087970,0,0,0,1237,,,,
087971,0,0,0,268,,,,
087972,0,0,0,-7,,,,
087973,0,0,0,-157,,,,
087975,0,0,0,-4,,,,
087977,0,0,0,48,,,,
087979,0,0,0,-116,,,,
087980,0,0,0,1,,,,
087981,0,0,0,-14,,,,
087982,0,0,0,-22,,,,
087984,0,0,0,137,,,,
087994,0,0,0,21,,,,
087995,0,0,0,20,,,,
08799P,0,0,0,3,,,,
088000,0,0,0,-10,,,,
088003,0,0,0,-4,,,,
088004,0,0,0,40,,,,
088005,0,0,0,159,,,,
088006,0,0,0,-50,,,,
088007,0,0,0,36,,,,
088008,0,0,0,30,,,,
088009,0,0,0,-26,,,,
088010,0,0,0,23,,,,
088011,0,0,0,-44,,,,
088012,0,0,0,1,,,,
088013,0,0,0,-2,,,,
088014,0,0,0,-70,,,,
088015,0,0,0,-174,,,,
088017,0,0,0,-1,,,,
088019,0,0,0,-46,,,,
088022,0,0,0,10,,,,
088023,0,0,0,-53,,,,
088024,0,0,0,-24,,,,
088026,0,0,0,-10,,,,
088028,0,0,0,-154,,,,
088029,0,0,0,-50,,,,
088030,0,0,0,138,,,,
088031,0,0,0,1,,,,
088032,0,0,0,192,,,,
088033,0,0,0,-125,,,,
088034,0,0,0,-88,,,,
088036,0,0,0,4,,,,
088037,0,0,0,22,,,,
088038,0,0,0,-20,,,,
088041,0,0,0,-305,,,,
088043,0,0,0,-30,,,,
088045,0,0,0,-5,,,,
088046,0,0,0,-18,,,,
088054,0,0,0,-24,,,,
088057,0,0,0,50,,,,
088064,0,0,0,-10,,,,
088066,0,0,0,-7,,,,
088067,0,0,0,-32,,,,
088069,0,0,0,-20,,,,
088070,0,0,0,-260,,,,
088076,0,0,0,-4,,,,
088082,0,0,0,-30,,,,
088085,0,0,0,-23,,,,
088086,0,0,0,-27,,,,
088089,0,0,0,11,,,,
088090,0,0,0,16,,,,
088091,0,0,0,-23,,,,
088092,0,0,0,-100,,,,
088093,0,0,0,-1,,,,
088094,0,0,0,20,,,,
088099,0,0,0,-98,,,,
088100,0,0,0,29,,,,
088101,0,0,0,1,,,,
088105,0,0,0,-374,,,,
088115,0,0,0,28,,,,
088118,0,0,0,33,,,,
088119,0,0,0,-76,,,,
088122,0,0,0,-12,,,,
088123,0,0,0,-398,,,,
088124,0,0,0,-185,,,,
088136,0,0,0,-58,,,,
088137,0,0,0,18,,,,
088139,0,0,0,177,,,,
088140,0,0,0,-5,,,,
088145,0,0,0,-59,,,,
088146,0,0,0,-245,,,,
08814P,0,0,0,-100,,,,
088151,0,0,0,190,,,,
088152,0,0,0,-160,,,,
088153,0,0,0,20,,,,
088154,0,0,0,-30,,,,
088157,0,0,0,38,,,,
088158,0,0,0,-68,,,,
088159,0,0,0,60,,,,
088160,0,0,0,-89,,,,
088162,0,0,0,121,,,,
088163,0,0,0,-2,,,,
088164,0,0,0,-268,,,,
088165,0,0,0,-206,,,,
088167,0,0,0,64,,,,
088168,0,0,0,-67,,,,
088170,0,0,0,70,,,,
088171,0,0,0,-55,,,,
088176,0,0,0,-23,,,,
088178,0,0,0,-11,,,,
088179,0,0,0,-27,,,,
088184,0,0,0,6,,,,
088188,0,0,0,-70,,,,
088189,0,0,0,-22,,,,
088190,0,0,0,-10,,,,
088191,0,0,0,17,,,,
088195,0,0,0,1,,,,
088197,0,0,0,-9,,,,
088199,0,0,0,-20,,,,
088200,0,0,0,-5,,,,
088202,0,0,0,14,,,,
088208,0,0,0,1,,,,
088210,0,0,0,-6,,,,
088211,0,0,0,21,,,,
088212,0,0,0,7,,,,
088213,0,0,0,-54,,,,
088216,0,0,0,6,,,,
088218,0,0,0,3,,,,
088221,0,0,0,0,,,,
088224,0,0,0,1,,,,
088227,0,0,0,26,,,,
088228,0,0,0,200,,,,
088231,0,0,0,9,,,,
088232,0,0,0,-339,,,,
088234,0,0,0,-1,,,,
088235,0,0,0,-57,,,,
088238,0,0,0,-326,,,,
088240,0,0,0,-138,,,,
088241,0,0,0,-2,,,,
088243,0,0,0,4,,,,
088244,0,0,0,28,,,,
088245,0,0,0,-73,,,,
088246,0,0,0,-326,,,,
088247,0,0,0,2,,,,
088252,0,0,0,2,,,,
088253,0,0,0,-236,,,,
088255,0,0,0,-24,,,,
088256,0,0,0,-10,,,,
088257,0,0,0,10,,,,
088258,0,0,0,-75,,,,
088259,0,0,0,-225,,,,
088261,0,0,0,-18,,,,
088269,0,0,0,20,,,,
088271,0,0,0,5,,,,
088273,0,0,0,61,,,,
088277,0,0,0,-30,,,,
088278,0,0,0,-30,,,,
088279,0,0,0,33,,,,
088280,0,0,0,34,,,,
088281,0,0,0,-2,,,,
088282,0,0,0,-16,,,,
088285,0,0,0,22,,,,
088286,0,0,0,130,,,,
088288,0,0,0,4,,,,
088289,0,0,0,-17,,,,
088292,0,0,0,10,,,,
088293,0,0,0,25,,,,
088294,0,0,0,0,,,,
088296,0,0,0,-400,,,,
088297,0,0,0,-7,,,,
088298,0,0,0,-331,,,,
088299,0,0,0,-30,,,,
088300,0,0,0,80,,,,
088302,0,0,0,-20,,,,
088306,0,0,0,149,,,,
088309,0,0,0,8,,,,
088310,0,0,0,86,,,,
088311,0,0,0,-32,,,,
088318,0,0,0,-17,,,,
088321,0,0,0,-3,,,,
088322,0,0,0,11,,,,
088326,0,0,0,30,,,,
088329,0,0,0,-81,,,,
088330,0,0,0,-2,,,,
088332,0,0,0,2,,,,
088333,0,0,0,-19,,,,
088336,0,0,0,23,,,,
088337,0,0,0,5,,,,
088338,0,0,0,-1,,,,
088339,0,0,0,-59,,,,
088340,0,0,0,10,,,,
088343,0,0,0,-15,,,,
088346,0,0,0,13,,,,
088348,0,0,0,258,,,,
088350,0,0,0,-76,,,,
088351,0,0,0,-168,,,,
088353,0,0,0,-22,,,,
088354,0,0,0,-187,,,,
088355,0,0,0,-127,,,,
088356,0,0,0,127,,,,
088357,0,0,0,-8,,,,
088358,0,0,0,23,,,,
088360,0,0,0,-6,,,,
088361,0,0,0,50,,,,
088362,0,0,0,15,,,,
088365,0,0,0,-16,,,,
088366,0,0,0,4,,,,
088368,0,0,0,-10,,,,
088369,0,0,0,-95,,,,
088371,0,0,0,187,,,,
088372,0,0,0,-14,,,,
088374,0,0,0,48,,,,
088375,0,0,0,18,,,,
088376,0,0,0,-4,,,,
088378,0,0,0,6,,,,
088379,0,0,0,10,,,,
088380,0,0,0,0,,,,
088383,0,0,0,-305,,,,
088384,0,0,0,27,,,,
088385,0,0,0,104,,,,
088386,0,0,0,-56,,,,
088388,0,0,0,20,,,,
088389,0,0,0,-17,,,,
088390,0,0,0,26,,,,
088393,0,0,0,-302,,,,
088394,0,0,0,36,,,,
088395,0,0,0,0,,,,
088396,0,0,0,171,,,,
088397,0,0,0,-60,,,,
088398,0,0,0,217,,,,
088399,0,0,0,-240,,,,
088402,0,0,0,44,,,,
088403,0,0,0,5,,,,
088405,0,0,0,-113,,,,
088406,0,0,0,14,,,,
088409,0,0,0,-15,,,,
088410,0,0,0,-76,,,,
088412,0,0,0,-70,,,,
088414,0,0,0,-1,,,,
088415,0,0,0,-21,,,,
088416,0,0,0,-21,,,,
088417,0,0,0,-114,,,,
088418,0,0,0,-112,,,,
088420,0,0,0,110,,,,
088421,0,0,0,-344,,,,
088422,0,0,0,-51,,,,
088424,0,0,0,-18,,,,
088425,0,0,0,352,,,,
088426,0,0,0,11,,,,
088427,0,0,0,-9,,,,
088430,0,0,0,79,,,,
088431,0,0,0,518,,,,
088432,0,0,0,-6,,,,
088434,0,0,0,0,,,,
088436,0,0,0,281,,,,
088438,0,0,0,-143,,,,
088439,0,0,0,-99,,,,
088440,0,0,0,-47,,,,
088441,0,0,0,99,,,,
088443,0,0,0,323,,,,
088446,0,0,0,4,,,,
088447,0,0,0,-1,,,,
088448,0,0,0,188,,,,
088449,0,0,0,8,,,,
088450,0,0,0,-42,,,,
088454,0,0,0,10,,,,
088457,0,0,0,11,,,,
088459,0,0,0,0,,,,
088460,0,0,0,-1,,,,
088461,0,0,0,-44,,,,
088462,0,0,0,-2,,,,
088463,0,0,0,-373,,,,
088465,0,0,0,319,,,,
088466,0,0,0,48,,,,
088468,0,0,0,-1,,,,
088472,0,0,0,-8,,,,
088473,0,0,0,10,,,,
088476,0,0,0,-41,,,,
088477,0,0,0,-63,,,,
088480,-5,0,0,5,,,,
088481,0,0,0,18,,,,
088489,0,0,0,-160,,,,
088490,0,0,0,5,,,,
088494,0,0,0,-5,,,,
088495,0,0,0,50,,,,
088498,0,0,0,97,,,,
088500,0,0,0,-60,,,,
088502,0,0,0,107,,,,
088503,0,0,0,-74,,,,
088504,0,0,0,-28,,,,
088506,0,0,0,-40,,,,
088507,0,0,0,385,,,,
088508,0,0,0,63,,,,
088509,0,0,0,-1,,,,
088510,0,0,0,240,,,,
088512,0,0,0,339,,,,
088513,0,0,0,399,,,,
088514,0,0,0,370,,,,
088515,0,0,0,19,,,,
088516,0,0,0,31,,,,
088517,0,0,0,-74,,,,
088519,0,0,0,-129,,,,
088520,0,0,0,-74,,,,
088522,0,0,0,-25,,,,
088523,0,0,0,-17,,,,
088524,0,0,0,-104,,,,
088528,0,0,0,0,,,,
088529,0,0,0,-452,,,,
088530,0,0,0,-134,,,,
088534,0,0,0,100,,,,
088535,0,0,0,1,,,,
088537,0,0,0,46,,,,
088538,0,0,0,21,,,,
088539,0,0,0,-10,,,,
088540,0,0,0,-2,,,,
088545,0,0,0,-278,,,,
088546,0,0,0,0,,,,
088547,0,0,0,1,,,,
088548,0,0,0,0,,,,
088549,0,0,0,26,,,,
088550,0,0,0,682,,,,
088551,0,0,0,-117,,,,
088556,0,0,0,26,,,,
088559,0,0,0,-21,,,,
088560,0,0,0,-8,,,,
088561,0,0,0,-16,,,,
088562,0,0,0,384,,,,
088569,0,0,0,20,,,,
088570,0,0,0,-97,,,,
088571,0,0,0,-8,,,,
088573,0,0,0,-5,,,,
088574,0,0,0,-200,,,,
088575,0,0,0,101,,,,
088576,0,0,0,-249,,,,
088577,0,0,0,-276,,,,
088578,0,0,0,2,,,,
088582,0,0,0,56,,,,
088583,0,0,0,53,,,,
088584,0,0,0,-1,,,,
088585,0,0,0,60,,,,
088586,0,0,0,43,,,,
088587,0,0,0,7,,,,
088589,0,0,0,22,,,,
088594,0,0,0,-304,,,,
088595,0,0,0,15,,,,
088597,0,0,0,-45,,,,
088598,0,0,0,11,,,,
088599,0,0,0,2,,,,
088600,0,0,0,-57,,,,
088605,0,0,0,-130,,,,
088606,0,0,0,174,,,,
088607,0,0,0,63,,,,
088609,0,0,0,-10,,,,
088610,0,0,0,20,,,,
088612,0,0,0,-109,,,,
088613,0,0,0,-11,,,,
088614,0,0,0,-10,,,,
088617,0,0,0,2,,,,
088620,0,0,0,-19,,,,
088621,0,0,0,-435,,,,
088622,0,0,0,0,,,,
088623,0,0,0,-1,,,,
088625,0,0,0,-1,,,,
088630,0,0,0,2,,,,
088634,0,0,0,20,,,,
088635,0,0,0,103,,,,
088637,0,0,0,-11,,,,
088639,0,0,0,42,,,,
088640,0,0,0,351,,,,
088641,0,0,0,-135,,,,
088642,0,0,0,3,,,,
088643,0,0,0,6,,,,
088647,0,0,0,9,,,,
088649,0,0,0,-47,,,,
088651,0,0,0,-40,,,,
088652,0,0,0,22,,,,
088654,0,0,0,-5,,,,
088655,0,0,0,30,,,,
088661,0,0,0,16,,,,
088662,0,0,0,-104,,,,
088664,0,0,0,30,,,,
088665,0,0,0,-98,,,,
088666,0,0,0,5,,,,
088667,0,0,0,20,,,,
088668,0,0,0,135,,,,
088669,0,0,0,30,,,,
088670,0,0,0,74,,,,
088671,0,0,0,108,,,,
088672,0,0,0,-319,,,,
088673,0,0,0,0,,,,
088674,0,0,0,-480,,,,
088675,0,0,0,-146,,,,
088679,0,0,0,-5,,,,
088680,0,0,0,-5,,,,
088682,0,0,0,3,,,,
088683,0,0,0,-7,,,,
088684,0,0,0,-14,,,,
088688,0,0,0,13,,,,
088690,0,0,0,-6,,,,
088691,0,0,0,0,,,,
088696,0,0,0,-79,,,,
088698,0,0,0,1,,,,
088700,0,0,0,-108,,,,
088701,3,0,0,241,,,,
088702,0,0,0,31,,,,
088710,0,0,0,-132,,,,
088713,0,0,0,-10,,,,
088714,0,0,0,1,,,,
088716,0,0,0,68,,,,
088718,0,0,0,-9,,,,
088721,0,0,0,0,,,,
088722,0,0,0,-315,,,,
088724,0,0,0,-196,,,,
088725,0,0,0,-194,,,,
088728,0,0,0,-153,,,,
088729,0,0,0,-1,,,,
088730,0,0,0,-222,,,,
088731,0,0,0,-9,,,,
088732,0,0,0,-85,,,,
088733,0,0,0,15,,,,
088734,0,0,0,53,,,,
088737,0,0,0,-223,,,,
088739,0,0,0,15,,,,
088741,0,0,0,-7,,,,
088742,0,0,0,-26,,,,
088744,0,0,0,-20,,,,
088745,0,0,0,-5,,,,
088747,0,0,0,2,,,,
088751,0,0,0,-11,,,,
088752,0,0,0,27,,,,
088753,0,0,0,27,,,,
088754,0,0,0,-172,,,,
088756,0,0,0,-195,,,,
088758,0,0,0,-4,,,,
088759,0,0,0,-82,,,,
088760,0,0,0,85,,,,
088762,0,0,0,-1,,,,
088763,0,0,0,311,,,,
088764,0,0,0,63,,,,
088765,0,0,0,7,,,,
088767,0,0,0,-5,,,,
088771,0,0,0,-8,,,,
088772,0,0,0,10,,,,
088773,0,0,0,-87,,,,
088774,0,0,0,115,,,,
088777,0,0,0,1,,,,
088778,0,0,0,-31,,,,
088780,0,0,0,-2,,,,
088784,0,0,0,25,,,,
088786,0,0,0,-102,,,,
088794,0,0,0,-28,,,,
088796,0,0,0,21,,,,
088800,0,0,0,-3,,,,
088803,0,0,0,65,,,,
088805,0,0,0,0,,,,
088807,0,0,0,-96,,,,
088809,0,0,0,25,,,,
08880P,0,0,0,-3,,,,
088810,0,0,0,117,,,,
088813,0,0,0,16,,,,
088814,0,0,0,-10,,,,
088816,0,0,0,0,,,,
088817,0,0,0,19,,,,
088818,0,0,0,100,,,,
088819,0,0,0,1,,,,
088820,0,0,0,3,,,,
088822,0,0,0,404,,,,
088826,0,0,0,-10,,,,
088829,0,0,0,10,,,,
088830,0,0,0,-3,,,,
088831,0,0,0,11,,,,
088835,0,0,0,-74,,,,
088837,0,0,0,-575,,,,
088838,0,0,0,-44,,,,
088844,0,0,0,20,,,,
088845,5,0,0,-4,,,,
088846,0,0,0,50,,,,
088847,0,0,0,150,,,,
088850,0,0,0,-38,,,,
088851,0,0,0,400,,,,
088853,0,0,0,77,,,,
088855,0,0,0,25,,,,
088856,0,0,0,0,,,,
088859,0,0,0,-3,,,,
088868,0,0,0,308,,,,
088869,0,0,0,54,,,,
088870,0,0,0,274,,,,
088872,0,0,0,-189,,,,
088874,0,0,0,-160,,,,
088875,0,0,0,197,,,,
088876,0,0,0,-532,,,,
088877,0,0,0,-1318,,,,
088879,0,0,0,47,,,,
088880,0,0,0,0,,,,
088881,0,0,0,-317,,,,
088882,0,0,0,128,,,,
088883,0,0,0,-48,,,,
088884,0,0,0,-25,,,,
088885,0,0,0,-11,,,,
088886,0,0,0,30,,,,
088887,0,0,0,-2,,,,
088889,0,0,0,30,,,,
088891,0,0,0,-139,,,,
088892,0,0,0,15,,,,
088895,0,0,0,-3,,,,
088900,0,0,0,0,,,,
088901,0,0,0,21,,,,
088902,0,0,0,-30,,,,
088908,0,0,0,10,,,,
088911,0,0,0,-5,,,,
088914,0,0,0,2,,,,
088915,0,0,0,23,,,,
088916,0,0,0,-79,,,,
088917,0,0,0,70,,,,
088918,0,0,0,10,,,,
088919,0,0,0,-17,,,,
088920,0,0,0,-10,,,,
088922,0,0,0,-4,,,,
088924,0,0,0,-235,,,,
088925,0,0,0,-92,,,,
088926,0,0,0,17,,,,
088928,0,0,0,9,,,,
088929,0,0,0,139,,,,
088934,0,0,0,10,,,,
088935,0,0,0,-1,,,,
088938,0,0,0,-100,,,,
088940,0,0,0,-39,,,,
088942,0,0,0,-63,,,,
088954,0,0,0,-13,,,,
088955,0,0,0,-30,,,,
088956,0,0,0,13,,,,
088958,0,0,0,42,,,,
088960,0,0,0,10,,,,
088961,0,0,0,-1,,,,
088964,0,0,0,-117,,,,
088965,0,0,0,51,,,,
088966,0,0,0,395,,,,
088971,0,0,0,-100,,,,
088972,0,0,0,-226,,,,
088973,0,0,0,707,,,,
088974,0,0,0,192,,,,
088976,0,0,0,10,,,,
088977,0,0,0,-201,,,,
08897P,0,0,0,-4,,,,
088980,0,0,0,-25,,,,
088981,0,0,0,13,,,,
088982,0,0,0,-57,,,,
088983,0,0,0,-116,,,,
088984,0,0,0,0,,,,
088985,0,0,0,1,,,,
088986,0,0,0,0,,,,
088987,0,0,0,-21,,,,
088988,0,0,0,-20,,,,
088989,0,0,0,21,,,,
088991,0,0,0,-16,,,,
088992,0,0,0,-23,,,,
088994,0,0,0,-24,,,,
088995,0,0,0,-5,,,,
088996,0,0,0,0,,,,
088997,0,0,0,100,,,,
089000,0,0,0,-2,,,,
089003,0,0,0,20,,,,
089009,0,0,0,-20,,,,
089012,0,0,0,-291,,,,
089014,0,0,0,-7,,,,
089015,0,0,0,24,,,,
089016,0,0,0,-20,,,,
089017,0,0,0,105,,,,
089020,0,0,0,8,,,,
089022,0,0,0,0,,,,
089025,0,0,0,10,,,,
089026,0,0,0,-2,,,,
089030,0,0,0,10,,,,
089031,0,0,0,145,,,,
089032,0,0,0,0,,,,
089033,0,0,0,0,,,,
089034,0,0,0,-10,,,,
089035,0,0,0,-1,,,,
089037,0,0,0,6,,,,
089040,0,0,0,45,,,,
089041,0,0,0,700,,,,
089043,0,0,0,33,,,,
089044,0,0,0,0,,,,
089045,0,0,0,-14,,,,
089049,0,0,0,11,,,,
089050,0,0,0,97,,,,
089052,0,0,0,-1,,,,
089053,0,0,0,1100,,,,
089056,0,0,0,470,,,,
089057,0,0,0,10,,,,
089060,0,0,0,285,,,,
089062,0,0,0,9,,,,
089065,0,0,0,-49,,,,
089067,0,0,0,-11,,,,
089072,0,0,0,-25,,,,
089073,0,0,0,99,,,,
089074,0,0,0,65,,,,
089075,0,0,0,11,,,,
089076,0,0,0,-475,,,,
089077,0,0,0,159,,,,
089078,0,0,0,22,,,,
089079,0,0,0,6,,,,
089080,0,0,0,-62,,,,
089081,0,0,0,-241,,,,
089083,0,0,0,5,,,,
089084,0,0,0,15,,,,
089085,0,0,0,-42,,,,
089086,0,0,0,-77,,,,
089087,0,0,0,47,,,,
089088,0,0,0,-51,,,,
089090,0,0,0,-37,,,,
089093,0,0,0,-160,,,,
089094,0,0,0,34,,,,
089095,0,0,0,-1,,,,
089097,0,0,0,8,,,,
089098,0,0,0,-1,,,,
089100,0,0,0,21,,,,
089101,0,0,0,5,,,,
089104,0,0,0,197,,,,
089109,0,0,0,-1,,,,
089114,0,0,0,40,,,,
089119,0,0,0,-396,,,,
089120,0,0,0,-275,,,,
089121,0,0,0,41,,,,
089122,0,0,0,3,,,,
089125,0,0,0,20,,,,
089128,0,0,0,28,,,,
089129,0,0,0,123,,,,
089131,0,0,0,15,,,,
089132,0,0,0,-120,,,,
089133,0,0,0,123,,,,
089134,0,0,0,53,,,,
089135,0,0,0,82,,,,
089136,0,0,0,-103,,,,
089137,0,0,0,60,,,,
089138,0,0,0,290,,,,
089140,0,0,0,0,,,,
089143,0,0,0,-10,,,,
089150,0,0,0,10,,,,
089151,0,0,0,1,,,,
089152,0,0,0,-2,,,,
089154,0,0,0,47,,,,
089156,0,0,0,-2,,,,
089159,0,0,0,0,,,,
089160,0,0,0,0,,,,
089163,0,0,0,10,,,,
089167,0,0,0,-6,,,,
089168,0,0,0,143,,,,
089169,0,0,0,0,,,,
089170,0,0,0,2,,,,
089174,0,0,0,-233,,,,
089175,0,0,0,39,,,,
089176,0,0,0,-94,,,,
089182,0,0,0,1,,,,
089183,0,0,0,-12,,,,
089184,0,0,0,0,,,,
089190,0,0,0,71,,,,
089191,0,0,0,-1,,,,
089192,0,0,0,-33,,,,
089198,0,0,0,-33,,,,
08919P,0,0,0,-10,,,,
089201,0,0,0,-4,,,,
089202,0,0,0,6,,,,
089206,0,0,0,-10,,,,
089207,0,0,0,20,,,,
08920P,0,0,0,-299,,,,
089210,0,0,0,-50,,,,
089214,0,0,0,-160,,,,
089220,0,0,0,3,,,,
089221,0,0,0,-482,,,,
089222,0,0,0,34,,,,
089223,0,0,0,92,,,,
089225,0,0,0,-30,,,,
089228,0,0,0,-19,,,,
089231,0,0,0,-24,,,,
089232,0,0,0,-40,,,,
089233,0,0,0,20,,,,
089234,0,0,0,2,,,,
089236,0,0,0,216,,,,
089239,0,0,0,509,,,,
089241,0,0,0,40,,,,
089242,0,0,0,-97,,,,
089244,0,0,0,-4,,,,
089246,0,0,0,14,,,,
089247,0,0,0,-1,,,,
089248,0,0,0,-1,,,,
089249,0,0,0,-23,,,,
089250,0,0,0,1,,,,
089251,0,0,0,-10,,,,
089252,0,0,0,-75,,,,
089253,0,0,0,-135,,,,
089254,0,0,0,3,,,,
089255,0,0,0,6,,,,
089258,0,0,0,-150,,,,
089259,0,0,0,-2,,,,
089260,0,0,0,-15,,,,
089263,0,0,0,-90,,,,
089264,0,0,0,0,,,,
089265,0,0,0,1,,,,
089266,0,0,0,-40,,,,
089267,0,0,0,274,,,,
089268,0,0,0,-154,,,,
089269,0,0,0,62,,,,
089270,0,0,0,-26,,,,
089272,0,0,0,584,,,,
089274,0,0,0,-24,,,,
089276,0,0,0,-78,,,,
089278,0,0,0,40,,,,
089279,0,0,0,37,,,,
08927P,0,0,0,1,,,,
089280,0,0,0,61,,,,
089282,0,0,0,-124,,,,
089283,0,0,0,-1,,,,
089285,0,0,0,5,,,,
089287,0,0,0,10,,,,
089288,0,0,0,58,,,,
089289,0,0,0,-44,,,,
089290,0,0,0,-49,,,,
089291,0,0,0,25,,,,
089293,0,0,0,-57,,,,
089294,0,0,0,-2,,,,
089297,0,0,0,-66,,,,
089299,0,0,0,6,,,,
089301,0,0,0,75,,,,
089302,0,0,0,20,,,,
089303,0,0,0,-6,,,,
089306,0,0,0,3,,,,
089307,0,0,0,136,,,,
089308,0,0,0,10,,,,
089309,0,0,0,-45,,,,
089311,0,0,0,-20,,,,
089313,0,0,0,-5,,,,
089315,0,0,0,-20,,,,
089317,0,0,0,41,,,,
089318,0,0,0,-18,,,,
089319,0,0,0,400,,,,
089320,0,0,0,-3,,,,
089323,0,0,0,-2,,,,
089324,0,0,0,42,,,,
089326,0,0,0,41,,,,
089327,0,0,0,5,,,,
089330,0,0,0,144,,,,
089331,0,0,0,202,,,,
089332,0,0,0,5,,,,
089333,0,0,0,19,,,,
089334,0,0,0,5,,,,
089336,0,0,0,750,,,,
089338,0,0,0,-5,,,,
089340,0,0,0,65,,,,
089341,0,0,0,0,,,,
089343,0,0,0,-30,,,,
089344,0,0,0,-50,,,,
089345,0,0,0,203,,,,
089347,0,0,0,77,,,,
089348,0,0,0,39,,,,
089353,0,0,0,-23,,,,
089354,0,0,0,256,,,,
089355,0,0,0,-2,,,,
089357,0,0,0,-5,,,,
089358,0,0,0,3,,,,
089361,0,0,0,-101,,,,
089362,0,0,0,28,,,,
089363,0,0,0,-2,,,,
089364,0,0,0,-3,,,,
089367,0,0,0,26,,,,
089368,0,0,0,453,,,,
089370,0,0,0,-1053,,,,
089371,0,0,0,20,,,,
089372,0,0,0,44,,,,
089374,0,0,0,0,,,,
089376,0,0,0,70,,,,
089379,0,0,0,-1,,,,
089383,0,0,0,-60,,,,
089385,0,0,0,28,,,,
089386,0,0,0,7,,,,
089387,0,0,0,-689,,,,
089391,0,0,0,10,,,,
089395,0,0,0,2,,,,
089399,0,0,0,-52,,,,
089400,0,0,0,1,,,,
089401,0,0,0,103,,,,
089402,0,0,0,-64,,,,
089405,0,0,0,0,,,,
089406,0,0,0,0,,,,
089407,0,0,0,50,,,,
089410,0,0,0,191,,,,
089411,0,0,0,-10,,,,
089414,0,0,0,51,,,,
089415,0,0,0,-48,,,,
089416,0,0,0,190,,,,
089421,0,0,0,15,,,,
089422,0,0,0,-2,,,,
089423,0,0,0,-11,,,,
089424,0,0,0,7,,,,
089429,0,0,0,-41,,,,
089431,0,0,0,7,,,,
089432,0,0,0,14,,,,
089435,0,0,0,-2,,,,
089438,0,0,0,214,,,,
089440,0,0,0,-79,,,,
089442,0,0,0,-307,,,,
089443,0,0,0,34,,,,
089444,0,0,0,53,,,,
089445,0,0,0,-359,,,,
089448,0,0,0,-27,,,,
089451,0,0,0,487,,,,
089455,0,0,0,-34,,,,
089456,0,0,0,32,,,,
089461,0,0,0,192,,,,
089464,0,0,0,-21,,,,
089466,0,0,0,30,,,,
089467,0,0,0,5,,,,
089471,0,0,0,55,,,,
089472,0,0,0,64,,,,
089473,0,0,0,-2,,,,
089474,0,0,0,102,,,,
089475,0,0,0,-310,,,,
089476,0,0,0,11,,,,
089477,0,0,0,0,,,,
089479,0,0,0,5,,,,
089480,0,0,0,0,,,,
089482,0,0,0,-108,,,,
089483,0,0,0,13,,,,
089484,0,0,0,-1,,,,
089486,0,0,0,35,,,,
089488,0,0,0,25,,,,
089489,0,0,0,24,,,,
089491,0,0,0,0,,,,
089493,0,0,0,0,,,,
089494,0,0,0,0,,,,
089496,0,0,0,119,,,,
089497,0,0,0,-38,,,,
089498,0,0,0,-1,,,,
08949P,0,0,0,3,,,,
089500,0,0,0,0,,,,
089504,0,0,0,-31,,,,
089505,0,0,0,0,,,,
089508,0,0,0,-43,,,,
089517,0,0,0,-9,,,,
089521,0,0,0,-1,,,,
089523,0,0,0,-16,,,,
089524,0,0,0,71,,,,
089525,0,0,0,0,,,,
089526,0,0,0,69,,,,
089527,0,0,0,-126,,,,
089528,0,0,0,0,,,,
089532,0,0,0,-14,,,,
089534,0,0,0,90,,,,
089535,0,0,0,-8,,,,
089537,0,0,0,-37,,,,
089538,0,0,0,-8,,,,
089539,0,0,0,83,,,,
089540,0,0,0,18,,,,
089541,0,0,0,5,,,,
089542,0,0,0,-32,,,,
089543,0,0,0,-570,,,,
089544,0,0,0,67,,,,
089545,0,0,0,101,,,,
089546,0,0,0,-159,,,,
089548,0,0,0,-5,,,,
089549,0,0,0,18,,,,
089550,0,0,0,15,,,,
089551,0,0,0,-50,,,,
089552,0,0,0,-1,,,,
089555,0,0,0,-36,,,,
089557,0,0,0,-42,,,,
089560,0,0,0,485,,,,
089562,0,0,0,142,,,,
089567,0,0,0,1,,,,
089568,0,0,0,-18,,,,
089569,0,0,0,468,,,,
089570,0,0,0,-219,,,,
089572,0,0,0,-361,,,,
089574,0,0,0,-240,,,,
089577,0,0,0,0,,,,
089578,0,0,0,7,,,,
08957P,0,0,0,0,,,,
089581,0,0,0,57,,,,
089585,0,0,0,68,,,,
089586,0,0,0,433,,,,
08958P,0,0,0,-26,,,,
089590,0,0,0,67,,,,
089591,0,0,0,-1,,,,
089593,0,0,0,47,,,,
089594,0,0,0,2,,,,
089595,0,0,0,-20,,,,
089597,0,0,0,-120,,,,
089598,0,0,0,1,,,,
089599,0,0,0,-2,,,,
089602,0,0,0,1,,,,
089604,0,0,0,-6,,,,
089605,0,0,0,4,,,,
089607,0,0,0,-38,,,,
089608,0,0,0,-5,,,,
089609,0,0,0,-52,,,,
089611,0,0,0,0,,,,
089612,0,0,0,-380,,,,
089613,0,0,0,21,,,,
089615,0,0,0,-86,,,,
089616,0,0,0,150,,,,
089617,0,0,0,-1,,,,
089622,0,0,0,-50,,,,
089628,0,0,0,110,,,,
089632,0,0,0,-10,,,,
089633,0,0,0,10,,,,
089635,0,0,0,-1,,,,
089636,0,0,0,169,,,,
089637,0,0,0,-50,,,,
089638,0,0,0,662,,,,
089639,0,0,0,-10,,,,
089640,0,0,0,2,,,,
089641,0,0,0,66,,,,
089644,0,0,0,-352,,,,
089645,0,0,0,22,,,,
089652,0,0,0,196,,,,
089653,0,0,0,-18,,,,
089654,0,0,0,3,,,,
089655,0,0,0,-22,,,,
089656,0,0,0,-117,,,,
089657,0,0,0,-31,,,,
089659,0,0,0,10,,,,
089660,0,0,0,-40,,,,
089661,0,0,0,-9,,,,
089662,0,0,0,-273,,,,
089670,0,0,0,-8,,,,
089671,0,0,0,-20,,,,
089672,0,0,0,-46,,,,
089674,0,0,0,-97,,,,
089676,0,0,0,-5,,,,
089677,0,0,0,1,,,,
089680,0,0,0,-56,,,,
089682,0,0,0,2,,,,
089685,0,0,0,-8,,,,
089686,0,0,0,89,,,,
089687,0,0,0,0,,,,
089689,0,0,0,15,,,,
08968P,0,0,0,-2,,,,
089690,0,0,0,-12,,,,
089691,0,0,0,-71,,,,
089692,0,0,0,0,,,,
089694,0,0,0,-5,,,,
089695,0,0,0,38,,,,
089696,0,0,0,-23,,,,
089697,0,0,0,45,,,,
089699,0,0,0,92,,,,
089700,0,0,0,-64,,,,
089702,0,0,0,5,,,,
089703,0,0,0,-27,,,,
089704,0,0,0,-20,,,,
089705,0,0,0,-14,,,,
089707,0,0,0,-39,,,,
089708,0,0,0,-77,,,,
089709,0,0,0,-63,,,,
08970P,0,0,0,2,,,,
089712,0,0,0,-11,,,,
089713,0,0,0,-25,,,,
089716,0,0,0,0,,,,
089717,0,0,0,-25,,,,
08971P,0,0,0,-20,,,,
089720,0,0,0,-26,,,,
089721,0,0,0,10,,,,
089722,0,0,0,3,,,,
089724,0,0,0,0,,,,
089726,0,0,0,2,,,,
089727,0,0,0,-21,,,,
089728,0,0,0,3,,,,
08972P,0,0,0,50,,,,
089731,0,0,0,10,,,,
089732,0,0,0,2,,,,
089733,0,0,0,-175,,,,
089734,0,0,0,0,,,,
089735,0,0,0,15,,,,
089736,0,0,0,-370,,,,
089738,0,0,0,10,,,,
089743,0,0,0,50,,,,
089745,0,0,0,11,,,,
089746,0,0,0,-1,,,,
089748,0,0,0,10,,,,
089749,0,0,0,98,,,,
089750,0,0,0,10,,,,
089751,0,0,0,0,,,,
089752,0,0,0,-582,,,,
089754,0,0,0,-214,,,,
089757,0,0,0,5,,,,
089758,0,0,0,-30,,,,
089759,0,0,0,-9,,,,
08975P,0,0,0,440,,,,
089760,0,0,0,-3,,,,
089762,0,0,0,-2,,,,
089763,0,0,0,24,,,,
089764,0,0,0,1,,,,
089765,0,0,0,3,,,,
089766,0,0,0,-1,,,,
089767,0,0,0,-1,,,,
089769,0,0,0,-24,,,,
089771,0,0,0,-129,,,,
089772,0,0,0,-1,,,,
089774,0,0,0,48,,,,
089779,0,0,0,8,,,,
089781,0,0,0,-5,,,,
089782,0,0,0,-385,,,,
089783,0,0,0,-241,,,,
089784,0,0,0,7,,,,
089785,0,0,0,10,,,,
089788,0,0,0,51,,,,
089789,0,0,0,32,,,,
089790,0,0,0,60,,,,
089792,0,0,0,-30,,,,
089793,0,0,0,-220,,,,
089798,0,0,0,-400,,,,
08979P,0,0,0,-30,,,,
089801,0,0,0,-3,,,,
089803,0,0,0,-3,,,,
089804,0,0,0,160,,,,
089806,0,0,0,-55,,,,
089807,0,0,0,-10,,,,
089808,0,0,0,-350,,,,
089809,0,0,0,-193,,,,
089810,0,0,0,2,,,,
089811,0,0,0,25,,,,
089812,0,0,0,115,,,,
089813,0,0,0,361,,,,
089814,0,0,0,-350,,,,
089815,0,0,0,-189,,,,
089816,0,0,0,-3,,,,
089818,0,0,0,-71,,,,
089819,0,0,0,44,,,,
089820,0,0,0,10,,,,
089824,0,0,0,-1131,,,,
089826,0,0,0,3,,,,
089828,0,0,0,-269,,,,
089830,0,0,0,-17,,,,
089834,0,0,0,-119,,,,
089836,0,0,0,-110,,,,
089837,0,0,0,-131,,,,
089838,0,0,0,-10,,,,
089842,0,0,0,-469,,,,
089843,0,0,0,142,,,,
089844,0,0,0,-5,,,,
089846,0,0,0,-63,,,,
089847,0,0,0,213,,,,
089848,0,0,0,21,,,,
089849,0,0,0,87,,,,
089850,0,0,0,-6,,,,
089851,0,0,0,30,,,,
089852,0,0,0,-86,,,,
089854,0,0,0,-1186,,,,
089855,0,0,0,77,,,,
089857,0,0,0,-46,,,,
089858,0,0,0,-253,,,,
089859,0,0,0,-78,,,,
089860,0,0,0,-2055,,,,
089861,0,0,0,-344,,,,
089862,0,0,0,-40,,,,
089863,0,0,0,32,,,,
089864,0,0,0,-286,,,,
089866,0,0,0,1,,,,
089869,0,0,0,-407,,,,
089872,0,0,0,0,,,,
089873,0,0,0,6,,,,
089875,0,0,0,-13,,,,
089876,0,0,0,-14,,,,
089883,0,0,0,0,,,,
089884,0,0,0,2,,,,
089887,0,0,0,-40,,,,
089892,0,0,0,-200,,,,
089894,0,0,0,3,,,,
089895,0,0,0,7,,,,
089896,0,0,0,2,,,,
089897,0,0,0,5,,,,
089898,0,0,0,-8,,,,
089899,0,0,0,52,,,,
089903,0,0,0,1,,,,
089904,0,0,0,31,,,,
089906,0,0,0,-8,,,,
089907,0,0,0,19,,,,
089908,0,0,0,-91,,,,
089910,0,0,0,2,,,,
089915,0,0,0,13,,,,
089916,0,0,0,1,,,,
089917,0,0,0,-4,,,,
089921,0,0,0,0,,,,
089923,0,0,0,50,,,,
089925,0,0,0,-1,,,,
089926,0,0,0,-43,,,,
089927,0,0,0,-221,,,,
089928,0,0,0,68,,,,
089931,0,0,0,70,,,,
089932,0,0,0,69,,,,
089934,0,0,0,31,,,,
089937,0,0,0,-1,,,,
089944,0,0,0,4,,,,
089946,0,0,0,20,,,,
089947,0,0,0,-150,,,,
089948,0,0,0,0,,,,
089949,0,0,0,-5,,,,
089950,0,0,0,-55,,,,
089951,0,0,0,3,,,,
089952,0,0,0,-55,,,,
089954,0,0,0,10,,,,
089955,0,0,0,1,,,,
089956,0,0,0,1,,,,
089957,0,0,0,-43,,,,
089958,0,0,0,-49,,,,
089959,0,0,0,191,,,,
089963,0,0,0,313,,,,
089965,0,0,0,131,,,,
089966,0,0,0,-143,,,,
089967,0,0,0,-160,,,,
089969,0,0,0,2,,,,
089970,0,0,0,-10,,,,
089973,0,0,0,-18,,,,
089974,0,0,0,-2,,,,
089975,0,0,0,16,,,,
089979,0,0,0,-441,,,,
08997P,0,0,0,-10,,,,
089980,0,0,0,-34,,,,
089981,0,0,0,-137,,,,
089982,0,0,0,16,,,,
089988,0,0,0,20,,,,
089989,0,0,0,-3,,,,
089990,0,0,0,-1,,,,
089991,0,0,0,10,,,,
089993,0,0,0,-255,,,,
089995,0,0,0,20,,,,
089997,0,0,0,12,,,,
1101,2552.214,-15,71,224.112,32844,33283,259,369
1101B,0,0,3,0,,,,
1102,657.124,-485.303,1.37,7,1125,1144,10,10
1103,-160.958,0,0,0,3695,3593,3,3
1104,211,14,0,0,2469,2503,1,1
1108,-22,0,0,0,647,651,0,0
1109,-6,0,-0.141,0,652,665,0,0
1110,-23,0,0,0,3160,3159,30,30
1201,-114,0,-0.099,0,1184,1183,0,0
1203,-2,0,0,0,9,9,0,0
1210,81,-318,-0.202,-2,1032,1058,12,12
1213,,,,,0,0,0,0
1215,72,-13,1.11,0,737,742,21,22
1216,-2004.005,-27,-202,3.58,1350,1311,14,12
1217,-98.003,0,-46,0,1975,1978,0,0
1218,-217.998,0,4,0,2183,2205,1,1
1219,-12,0,21,0,1565,1564,0,0
1220,-8,0,-12,0,1156,1162,0,0
1225,4,0,0,0,4071,4074,1,2
1227,-117,0,0.849,0,2208,2211,8,8
1229,311.1,0,-1.611,1,1288,1315,3,3
1231,-37,0,0,0,359,351,0,0
1232,-6,0,0,0.933,13,13,0,0
1233,-1,0,0,0,60,60,0,0
1234,1,0,2,0,182,197,0,0
1235,-4,0,0,0,1015,1013,0,0
1236,-9,0,0.402,0,136,99,0,0
1240,2,0,0,0,75,75,0,0
1256,-3,0,0,0,178,177,0,0
1259,0,0,0.003,0,48,38,0,0
1264,,,,,0,0,0,0
1268,1,0,0,0,102,104,0,0
1294,,,,,9,9,0,0
1295,65,0,0,-1,,,,
1301,-7433.502,-37,-400.678,-1442.264,30751,31174,667,851
1303,39.638,-628,369.747,-74.912,35859,36026,1365,1293
1304,-359,0,-14.005,0.025,5908,5881,3,18
1305,-354.003,0,-11.003,0,3066,3064,23,19
1307,-248,-3.89,0,0,2361,2375,1,1
1308,-593,0,-4.919,0,2778,2676,0,2
1309,-280.003,0,20.072,0,3533,3505,12,0
1310,298.996,0,-44.206,0,3025,3047,20,18
1312,-1468,0,-387.861,-88.033,17159,17430,72,13
1313,-946,0,4,0,7905,7987,161,163
1314,-3624.008,0,-517.821,0,43850,46701,242,99
1315,-5,0,41,0,55,56,0,0
1316,-913,0,8,0,13635,13630,130,122
1319,-338.872,-97,-70.353,-2.999,3322,3300,166,174
1321,0.999,0,0,0,6500,6467,0,0
1323,1,0,0,0,92,92,0,0
1324,-7,0,0,0,1891,1893,0,0
1325,97,0,1,0,2226,2261,321,309
1326,-3258.211,0,-104.746,-491.553,22321,22728,1131,1077
1336,0,0,0,0,2702,2706,0,0
1337,-44,0,0,0,20924,20951,1,1
1338,-1,0,0,0,2131,2127,0,0
1339,-18,0,-0.629,0,1102,1102,0,0
1340,105,0,3,0,722,677,1,1
1342,14,0,-1,-0.1,597,595,3,3
1402,-1332.665,-725,-796.291,20,3898,4079,78,78
1409,-379,42,-8.926,0,16676,16680,2,2
1410,0,0,0,0,324,324,0,0
1413,-1,0,0,0,0,0,0,0
1414,-89,0,-3,0,1506,1243,0,0
1416,-50,0,0,0,4298,4304,2,1
1417,-5,0,0,0,1061,1062,0,0
1418,7,0,0,0,636,636,0,0
1419,-31,0,6,0,2502,2537,17,24
1423,-2,0,0,0,178,178,0,0
1432,11,0,0,0,0,0,0,0
1434,-283,33,0,0,1954,2008,3,1
1435,-1,0,0,0,0,0,0,0
1436,137.505,0,-48.228,10.953,1241,1223,77,79
1437,24,0,0,0,3218,3225,2,2
1438,-19,0,0,0,404,403,0,1
1439,-2,0,0,0,882,884,0,0
1440,-259,0,0.376,0,4209,4224,23,28
1441,,,,,0,0,0,0
1442,-306.955,8,0,0.003,1542,1839,781,771
1443,-2,0,0,0,108,108,0,0
1444,-224,0,-5,0,3779,3819,45,65
1445,-3,0,0,0,2201,2207,0,0
1446,-52,0,0,0,2565,2545,13,13
1447,-54,0,0,0,7673,7687,65,65
1449,224,0,-0.001,0,4579,4605,0,7
1451,-13,0,3,0,1044,1041,0,0
1452,15,0,3,0,112,109,0,0
1453,-2.88,0,0,0,1206,1213,0,0
1454,0,0,1,0,1866,1868,0,0
1455,-441.997,0,0,0,4113,4041,20,0
1456,16,0,0,0,340,359,0,0
1457,-6,0,0,0,555,555,4,4
1459,-2,0,0,0,0,0,0,0
1460,-6,0,0,0,0,0,0,0
1463,-67,0,0,0,921,925,0,0
1464,-123,0,0,-119,1803,1824,1,1
1465,-1,0,-2,0,3634,3631,0,0
1466,-147,0,-2,0,3779,3741,25,25
1467,-2,0,0,0,5438,5436,0,0
1468,-1,0,0,0,0,0,0,0
1470,-1,0,2,0,6,6,0,0
1471,-17,0,0,0,0,0,0,0
1472,-36,0,0.184,0,4214,4194,0,0
1473,-59,0,0,0,924,922,16,10
1474,-2,0,-6,0,4145,4174,0,0
1475,5,0,0,0,481,481,0,0
1476,173.294,-9.316,-78.124,1.006,262,272,8,8
1477,-97.057,-139.53,-26.757,20.861,584,644,3,10
1503,152.34,-3,21,22.586,4197,4238,38,53
1504,16244.385,1090,-239.095,-83,22023,25424,6179,7285
1506,20,0,4,0,0,0,0,0
1512,-1,0,-5,0,0,0,0,0
1513,560.682,268,2,-22.717,7906,7957,54,52
1514,13.034,0,-0.712,1.046,6991,7120,237,234
1515,13.999,0,-0.424,0,1680,1691,15,15
1516,-3,0,-2,0,238,256,0,0
1517,68,0,0.811,0,1510,1541,2,2
1519,384.548,-34,0.208,-4.681,3335,3392,442,438
1521,-1,0,0,0,327,327,0,0
1522,-220,-2.94,-0.64,-7.762,7571,7540,96,97
1524,-188,0,-1,0,7411,7556,47,46
1525,-2,0,0,0,318,318,0,0
1526,0,0,-1,0,984,987,15,15
1527,-31.001,0,-2,0,342,342,4,4
1528,-77,0,0,0,9090,9219,63,181
1529,59,0,3.169,0,2936,2935,19,19
1530,2,0,0,0,89,89,0,0
1531,-10,0,-2,0,2043,2036,0,0
1532,9,-5.25,20,2,4054,4054,110,110
1533,-6,0,0,0,912,915,0,0
1535,-2,0,0,0,84,84,0,0
1536,224,0,31,-8.022,9284,9259,4188,4227
1537,16,0,0,0,69,70,0,0
1538,,,,,0,0,0,0
1539,-1,0,0,0,1551,1552,0,0
1540,-71,0,0,0,2563,2569,9,9
1541,3.06,0,0,0,189,191,0,0
1558,-1,0,7,0,563,563,0,0
1560,-327,-16,-7,-13.906,3858,3885,155,167
1563,-78,0,-5,0,528,511,8,8
1565,67,0,0,0,1133,1141,3,3
1568,-32,0,2,0,1460,1460,1,1
1569,-113,0,0,-26,16916,16772,663,668
1570,1,0,-3.263,0,1185,615,51,9
1580,3,0,0,0,31,31,0,0
1582,-188,0,-0.002,-0.269,3057,3084,78,77
1583,-2,0,0,0,69,69,0,0
1584,38,0,0,0.586,9082,9081,53,54
1586,8,0,0,0,14307,14315,0,0
1587,118,0,-0.164,0,3388,3391,64,84
1589,-87.944,0,-0.567,0,4467,4467,61,57
1590,396.254,-1.176,13,5.709,652,659,2,2
1591,43,0,0,0.14,2439,2435,76,80
1593,-1,0,0,0,78,79,0,0
1595,82,0,0,-0.882,2196,2171,3,3
1597,90,0,0.152,0.317,3352,3364,42,38
1598,-9,0,0,0,2601,2596,7,2
1599,1,0,0,0,152,152,0,0
1603,-133,0,16,0,2706,2664,2,1
1604,12.002,0,0,0,408,405,0,0
1605,-2302.568,-6,169,-154.463,45516,45548,1006,1056
1608,134.98,0,0,-3.51,8117,8289,111,143
1609,245.308,4,46,-15.636,19626,19590,101,102
1611,-2,0,0.316,0,3793,3789,20,20
1612,-83,0,19.051,-1.747,2115,2082,0,0
1614,-4,0,0,0,562,573,0,0
1615,-9,0,0,0,439,498,0,0
1616,382,0,-4,0,6416,6307,91,147
1617,-5,0,2.316,0,2210,2188,0,1
1618,-93,0,4,-0.144,5722,5752,13,14
1626,0,0,0,0,2724,2718,0,0
1702,-93,0,-0.927,0.019,421,421,1,1
1707,2,0,0,-0.52,430,430,0,0
1708,-307,0,0.148,-21,2936,2913,0,0
1709,-68.998,0,-4,0,2171,2168,0,0
1710,-565,0,0.064,0,4648,4662,12,11
1711,-816.5,0,-7.213,-178.993,14779,14937,158,189
1712,-53,-1,29,0,768,775,1,1
1713,19,0,-1,0,2906,2846,1,1
1714,-212,0,0,0,6418,6454,1,1
1717,711.251,4,-38.436,-0.25,17190,16571,503,485
1718,-940,0,-1,0,14883,14760,30,30
1720,-53,0,0.596,0,203,201,0,0
1721,64,0,0.998,0,3023,3036,81,81
1722,-183,8,-5.304,-4,2157,2141,1,1
1723,-10,0,0,0,302,301,0,0
1725,6,0,0,0,387,389,0,0
1726,3,0,0,0,0,0,0,0
1727,-255.57,0,-5.123,0,6783,6257,471,319
1730,0,0,0,0,8,8,0,0
1731,-1,0,0,0,119,119,0,0
1732,147,0,0,0,511,530,28,28
1733,-119,0,-2,0,3967,3889,32,30
1734,-14,0,5,0,1177,1177,0,0
1735,-4,0,0,0,464,465,0,0
1736,73,0,-98,-15.684,1759,1772,133,139
1737,-8,0,1,0,113,113,0,0
1742,,,,,3132,3122,1,1
1752,-33,0,5.058,0,908,909,8,8
1760,-20,0,0,0,1344,1340,2,2
1762,0,0,0.124,0,999,974,25,25
1773,28.8,0,-14,0,954,951,0,0
1776,-5,0,0,0,752,730,0,0
1777,-9,0,0,-0.244,57,57,2,2
1781,-2,0,0,0.102,0,0,0,0
1783,-46,0,14,0,1024,996,0,0
1784,-200,0,-1,10.521,1755,1717,0,0
1785,421,0,-202.776,0.163,30674,30850,157,157
1786,106,0,-0.001,-1.993,7311,7266,25,25
1788,,,,,4,4,0,0
1789,-207.002,0,-12.979,0,2340,2168,1,1
1795,69.999,0,24,11.031,8997,8963,221,236
1796,-1,0,0,0,292,291,0,0
1799,23,0,0,-0.073,0,0,0,0
1802,6453,-320,192.839,-146.239,53289,54177,8167,7965
1805,-3,0,-1,0,329,326,0,0
1806,-88,0,-10,0,2760,2779,1,1
1808,-535.001,-63,0.779,0,5738,5481,55,55
1809,-81,0,0,0,5070,5053,131,126
1810,93,0,0.797,0,19365,19412,261,260
1813,,,,,76,76,0,0
1815,4453.165,4,81,311.988,78614,79713,14092,14224
1817,-15,0,-1,0,20,20,0,0
1903,-12.999,0,-0.016,-0.303,3255,3241,7,18
1904,-96,0,13.138,0,1163,1152,0,0
1905,-458,0,-6,-22,7111,7133,7,9
1906,5,0,3.227,0,6317,6318,0,0
1907,1.028,0,30,0,21071,21070,6,6
1909,-1076,0,-25,0,5851,5780,52,51
2002,-13559.14,-96,-48,-266.632,22551,22657,374,327
2006,-388,-22,-0.078,0,695,710,3,3
2007,-31,0,0,0,902,922,0,0
2008,1,0,0,0,264,265,0,0
2009,-1091.509,0,0,66.446,6324,5898,943,983
2010,-222,0,19,0,2010,1977,6,6
2012,-27,0,0,0,97,97,0,0
2013,-12,0,0.545,0,1623,1625,0,0
2014,-155,0,-28.297,-25.366,8284,8299,300,306
2015,24,-31,1,0,41,41,0,0
2017,-90,0,0.645,0,3034,3023,0,0
2020,89,0,13.262,0,805,814,3,0
2022,-95,0,0,0,2589,2592,2,2
2023,-204,0,4,0,2388,2392,0,0
2024,3,0,0,0,5,5,0,0
2025,-1,0,0,0,0,0,0,0
2027,-2768.999,-37,-119.638,-272.018,32748,32384,2203,2229
2028,-14,0,0,0,1138,1141,0,0
2029,-63.009,0,-0.431,0,489,494,0,0
2030,-36,0,-2,0,1581,1582,0,0
2031,-400,0,-4.524,-1.537,2607,2617,24,24
2032,-70,0,-3,0,2417,2412,1,1
2033,-13,0,0,0,8695,8575,30,7
2034,-190,0,1.644,37,3438,3389,55,55
2035,,,,,1,2,0,0
2038,-28,0,0,0,4762,4760,0,0
2049,-273.45,0,0,-16.104,6211,6232,86,91
2059,52.85,51.91,6.351,10.663,426,429,10,8
2061,4,0,0,0,3368,3391,23,25
2062,-229,-5,3.755,0,2645,2627,0,0
2063,0,0,0,0.162,122,122,1,1
2064,,,,,137,137,0,0
2065,5,0,0,0,195,195,0,0
2066,13,0,0,0,4378,4418,7,8
2067,9,0,-6.028,0,0,0,0,0
2069,-8,0,0,0,806,806,0,0
2070,-498,0,0,-2.358,1741,1572,19,10
2101,-300,0,-3,5.889,31266,31158,6,5
2102,-164.998,0,-0.521,0,4481,4489,6,6
2103,-258,-700,0.274,0,5161,5327,35,33
2104,-206.003,0,-0.004,0,11860,11930,3,4
2105,-13.26,-32,-0.33,-2.195,3429,3464,165,166
2106,138.003,0,-18,0,2365,2370,9,9
2107,-45,0,0,0,482,491,0,0
2108,-132,0,-3.526,0,2540,2539,14,18
2109,9,0,9,0,956,956,20,6
2114,-1,0,0,0,30,31,0,0
2115,-5,0,0,0,415,415,0,0
2201,-346,-2,-107.114,-6.092,8272,8455,133,139
2204,4.02,-65.08,5.156,-1.417,4249,4271,115,115
2206,87,-149,0.384,6,25840,25834,33,32
2207,-18.779,-3,0.623,2.363,57,58,0,0
2208,-2850.997,22,60,0,0,0,0,0
2211,255,2.34,4.073,0,900,923,0,0
2221,5,0,0,0,79,79,0,0
2227,-8.099,0,0,0,,,,
2228,-266,0,-15.292,0.431,3281,3430,141,144
2230,-110,0,0,85.956,5050,5064,105,105
2231,-523.6,0,46.5,2.978,6605,6197,215,152
2233,-90,0,-0.276,-1.015,6172,6153,20,20
2235,,,,,45,45,0,0
2236,-50,0,0,60,7458,7371,106,109
2239,6,0,2.041,0,2527,2528,0,0
2241,-194,0,0,-28,4440,4380,41,41
2243,1,0,4,0,948,948,1,2
2247,6,0,-20,0,453,456,17,18
2248,1,0,0,0,,,,
2250,-19,0,0,0,2097,2097,4,3
2254,,,,,5017,5013,0,0
2258,-57,0,0,3.494,,,,
2301,-5492.314,40.237,62,1.325,21335,21208,741,776
2302,76,0,0.132,0,2664,2659,1,1
2303,8447.118,-1132.146,315,126.469,36446,38599,1126,1188
2305,-6,0,0,0,1879,1883,4,4
2308,2759.104,623.751,177.2,31.082,5240,4994,1036,935
2312,668,0,-12,-145.318,40593,40827,270,278
2313,7829.9,0,14.049,280.809,26776,27037,1533,1458
2314,57,0,0,0,0,0,0,0
2316,181,-106,4,-1.595,7350,7197,1687,1686
2317,14697.273,-259,887,156.232,53524,53554,2567,2655
2321,,,,,0,0,0,0
2323,-727,0,-6.92,0,20239,19923,17,19
2324,-1831.12,-257,9.946,-306.945,37188,39640,738,857
2327,1454.637,36.531,485.2,1025.311,47385,44695,149,219
2328,-4253.785,0,-211.153,-598.661,24896,25236,738,962
2329,-6993,0,3.955,957.379,15860,15374,1402,1401
2330,862.658,-411.908,721.213,174.793,14456,14787,320,250
2331,3,0,-4.31,-18,10937,11062,72,76
2332,846,0,24,18.684,20996,21041,129,134
2337,9037.215,0,129.916,543.864,32400,37384,4707,4382
2338,348,0,-22.049,-5.741,7096,7127,1438,1517
2340,-691.002,0,-94,-273.369,9666,10011,244,271
2342,51,0,0,0,4353,4357,672,695
2344,33275.943,6794,3785.518,8538.26,151927,123747,28983,23043
2345,757.001,-17.711,-29,-18.403,2802,2799,220,213
2347,-658.914,-305,27,-17.269,2006,2022,6,4
2348,-139,2,-0.098,-1.404,2031,1986,319,304
2349,-353,0,0,0,0,0,0,0
2351,198,-15,0,1.898,7041,6962,44,55
2352,,,,,15376,15376,0,0
2353,-1002.376,-393,-28,-57.801,27984,27707,303,240
2354,-1377.582,-173,4,-163.954,32834,32769,271,281
2355,172,-4.7,-7,-9.378,6765,6829,61,91
2356,2049.285,-19,64,-760.882,24612,24471,2430,2425
2357,331.515,-476.26,-0.7,-0.57,1252,1350,44,45
2359,-69.178,0,0.642,5.56,8460,8552,670,693
2360,442.733,-333,-7,-44.765,1029,1019,72,72
2362,-117,0,-0.432,-0.566,3312,3302,7,7
2363,-107,0,0,-9.194,25712,25774,119,138
2364,-18,0,0,0,697,691,22,22
2365,261.882,0,0,-0.24,12564,12565,1051,1071
2367,24,0,0,29.233,28949,28852,158,145
2368,-90.642,-330,60,-14.711,4987,5052,1215,1199
2369,-2169,0,-15.039,0,6472,6094,300,221
2371,-1398.5,-46,12,-9.176,77604,77602,1416,1409
2373,-6,0,0,0,92,92,0,0
2374,-69,0,0,16.456,17196,17327,882,952
2375,71,0,-0.419,5,5807,5430,411,322
2376,5110.262,128,263.1,852.165,6801,5916,284,230
2377,-921.132,3,-12.131,-19.289,7827,7995,146,143
2379,-11.539,-128.63,-10.7,-8.351,2527,2543,4,5
2380,,,,,0,0,0,0
2382,16663.298,-187.63,1351.826,316.998,18052,18311,888,816
2383,156.382,-24.406,-75.113,-49.447,2065,2054,264,254
2385,237.24,-319.92,-0.487,-0.246,3142,3145,5,6
2387,-200,0,0,0,2704,2706,4,3
2388,-46.73,0,39,-13.357,13794,13717,131,169
2390,41,0,0,0,2074,2111,1,2
2392,251.15,0,17.983,-0.298,8938,8950,46,38
2393,511,-267.82,-13,-1,1592,1622,31,32
2395,-269.069,-7.637,-4,0.883,1938,1939,3,3
2397,5,0,11,0,2047,2043,37,36
2399,-97,0,-13.006,0,6916,6869,210,210
2401,418,0,-3.79,28.233,13727,13792,155,148
2402,-1044,-202,8.762,4.62,11613,10990,285,287
2404,53.413,-149.3,-4.045,13.174,1060,1040,61,62
2405,-200,0,0,-6,12942,12935,27,31
2406,305,0,-1.301,0,14343,14289,688,740
2408,273.792,-94,3019,5628.238,68558,63857,12054,11939
2409,-2316.563,-14,-50,-360.62,81269,82269,1246,1474
2412,-1240.633,-228.39,0,7.106,817,791,16,15
2413,90,0,0,0,2845,2938,56,68
2414,2,0,5,0,315,314,0,0
2415,2,0,1.018,0,2440,2442,0,0
2417,53,0,0.211,0,4973,5058,32,33
2419,-251,0,28.59,-57.939,4828,4798,14,19
2420,-70,-5,0,-0.081,578,578,0,0
2421,202,0,71.277,-9.796,5411,5517,180,178
2423,-124,0,1,0,318,319,1,1
2424,-19,0,0,0,0,0,0,0
2425,-86,0,0,0,2984,2985,8,8
2426,-99,0,0.276,0,5130,5132,42,43
2427,138,0,0,0,6837,6849,2622,2625
2428,-290,0,-0.894,0,2862,2767,28,23
2429,22,0,-2.732,0,10036,10043,557,557
2430,-2,0,0,0,154,154,0,0
2431,-100,0,-1.586,0,4201,4245,52,55
2432,0,0,0,0,206,193,0,0
2433,0,0,0,0,5,5,0,0
2434,3,0,0,0,7,7,0,0
2436,-96,0,0,25.063,5242,5316,28,27
2438,5,0,0,0,0,0,0,0
2439,-24,-2.31,2,-19.039,3039,3081,1,0
2440,1,0,-1,0,0,0,0,0
2441,85,7,-1.476,12,963,878,0,0
2442,-356,0,2.412,0,18378,18264,67,63
2444,4,0,0,0,0,0,0,0
2449,1922.878,-578.439,112.461,-28.629,17115,17139,1350,1341
2450,-3,0,0,0,93,93,2,2
2451,-195.24,-55.45,1.141,-9.797,683,661,17,13
2453,101,0,0,0,3357,3374,31,31
2454,-607.964,-121.61,267.002,115.896,5997,5963,179,225
2455,-666,33,112.437,217.57,4498,3983,572,538
2457,80,0,11.957,0.208,9936,10028,58,60
2458,1794.1,-18.22,111.607,18.797,2928,2895,17,9
2459,-13,0,0,0,68,69,0,0
2460,2,0,-1.682,0,2054,2058,3,3
2461,-40,0,0,0,3560,3587,0,0
2462,-26,0,-1,0,2073,2063,20,23
2464,205,0,-1,0.239,9607,9609,550,608
2465,-22,0,0,0,536,544,0,0
2466,194,0,1,-14,4820,4887,130,141
2467,189.25,-1,0,15.077,3430,3440,78,85
2468,-165,0,0,0,5404,5393,145,131
2471,50,0,0,0,1927,1930,2,2
2472,144,0,0,1.574,7505,7574,27,27
2474,-1399.617,-187.5,4,6.327,2083,1994,8,8
2476,-80.5,0,-9,-10.386,20719,20606,425,625
2477,6,0,2,0,1388,1424,50,50
2478,-188,0,0,0,1557,1577,28,32
2480,-70.201,-1,0.523,-0.05,222,218,0,0
2481,-670,834,0.181,131.705,13600,13328,385,377
2482,-27,0,-0.184,0,1936,1928,3,3
2483,-8,0,0,0,862,871,0,0
2484,-56,0,0,0,1850,1852,1,1
2485,-311,0,0.107,0,7499,7453,46,62
2486,2813.9,0,288.373,183.053,23676,23505,522,381
2488,-5,0,0,0,1237,1240,5,10
2489,,,,,15537,15544,0,0
2491,-7,0,0,0,42,42,0,0
2492,-1898.001,0,-94.095,-233.069,13485,13219,506,434
2493,608.863,-22.572,0,-0.756,7595,8013,26,22
2495,-323,0,-0.664,-1.42,7060,7009,14,17
2496,-1,0,0,0,184,184,0,0
2497,216,0,0,0,2665,2674,112,113
2498,1896,-6,48,778.771,38085,38274,8378,8281
2501,491,24,11,0,9535,9558,57,55
2504,-1376,-111.41,0.288,-0.21,3780,3658,5,2
2505,-190,0,4,0,3230,3197,0,0
2506,-38,0,0,0,2005,2010,0,0
2509,-87,0,-5,0,805,806,1,1
2511,-99,0,-0.018,0,3446,3446,0,0
2514,-31,0,-0.439,0,17039,18058,4,4
2515,336.021,-4,132,-0.103,25765,25808,46,16
2516,-106,0,-4,0,0,0,0,0
2520,-863.57,-48,-46.237,0,5731,5885,551,541
2524,-48,0,0,0,4028,4038,329,330
2527,-132,0,0.292,0,471,476,0,0
2528,-345,0,-1,0,2523,2394,2,2
2530,-40.269,0,14,0,3636,3635,413,413
2534,-98,0,1.316,0,8279,8258,0,0
2535,-61,0,4.307,0,138,136,1,1
2536,-93,0,0,0,6541,6316,0,0
2537,-118.87,0,-1,0,5523,5593,0,0
2538,-136.997,0,-11,0,4473,4404,1,1
2539,-1055.796,0,-13,-2.727,2869,2961,50,54
2540,-872.001,0,0,-1.89,3446,3391,168,169
2542,-3328,-98,-2,-108.841,9308,9260,60,66
2543,140,0,0,-16.156,25196,25264,506,503
2545,-140,0,0,0,2454,2440,6,2
2546,-36,0,0,0,272,270,0,0
2547,-893,0,52.995,0,25921,25865,1,1
2548,-194.039,0,13.755,0.562,1723,1713,35,35
2596,-5,0,0,0,1574,1579,0,0
2597,-224.646,3,-0.6,0.03,339,326,5,5
2601,-30,0,0,0,5333,5416,2,2
2603,1306.756,-108.548,0,126.193,18247,18317,731,677
2605,-1181.999,0,-219.824,-5.461,10821,10741,82,103
2606,-856.52,-3.67,-86.607,-22.386,5289,5287,267,138
2607,,,,,5372,5373,0,0
2608,-17,0,1.305,-0.209,951,951,0,0
2609,-1318.414,-168,17.396,214.635,35113,35024,1703,1753
2610,-3355.041,-136,17,60.579,50201,49852,224,223
2611,9,0,-6,0,3261,3257,25,24
2612,-571,0,32.457,-43.471,1361,1388,43,64
2613,-56,0,0,0,2629,2623,6,7
2614,41.999,0,1.578,0,7754,7786,88,92
2615,-943.767,-5,-18.337,9.032,17527,17395,3239,3197
2616,-2,0,0,0,162,162,0,0
2617,-331,0,0.904,0,2581,2536,3,3
2618,-2433.178,-520,0,-14.617,39302,39418,431,433
2630,-505.85,0,-1.261,78.708,6603,5732,387,419
2633,-139.371,5,0.341,3,2164,2144,1,1
2634,-2584.525,19,-22,655.198,27011,26251,950,855
2636,-43,0,-4.436,0,1150,1155,8,8
2637,216.01,-100,-3.005,-35.498,9980,9957,203,205
2640,-2,0,0,0,45,45,0,0
2641,-248,0,6,-28.789,12229,12202,2498,2498
2642,5,0,0,0,526,535,5,5
2643,-8,0,0,0,91,94,0,0
2645,-3211.99,38,82.412,168.698,6133,5394,338,343
2646,-44,0,0,-1,2125,2101,7,7
2701,1,0,0,0,1234,1251,0,0
2702,-5,0,0,0,520,520,0,0
2704,-299,0,0,0,315,302,0,0
2705,6,0,0,0,706,732,1,1
2706,-7,0,0,0,729,732,0,0
2707,-24,-8.64,0,-0.132,220,209,0,0
2712,-2,0,0,0,14,14,0,0
2718,21,0,0,0.019,288,286,1,1
2719,-9,0,0,0,126,126,0,0
2722,-5,0,0,0,551,550,0,0
2723,-66,0,-0.493,-0.57,2838,2847,12,2
2724,,,,,0,0,0,0
2726,-1,0,-0.011,0,432,432,0,0
2727,-4,-60,-9.03,0.02,871,885,3,4
2729,-1,0,0,0,11,11,0,0
2731,68.1,0,0,9.612,1874,1889,150,151
2732,7,0,0,0,233,234,0,0
2734,-9,0,0,0,495,498,4,4
2736,-5,0,0,0,1458,1444,12,12
2739,-1,0,0,0,1123,1119,1,1
2743,2,0,0,-0.056,976,1003,39,39
2745,22,0,0,0,937,937,10,10
2748,-28.001,0,-1,0,1432,1430,1,1
2752,-1,0,0,0,,,,
2753,7,0,0,6.219,1799,1777,21,22
2754,0,0,0,0.056,259,260,1,1
2755,-3,0,0,0.596,82,82,0,0
2756,13,0,0,0,,,,
2762,29,0,0,0,193,194,18,19
2801,2199.816,35,17,-74.425,10940,10602,35,34
2812,-4105.167,0,8.57,7,5097,5010,6,7
2816,10,0,0,0,431,436,21,21
2820,-296,33,52,0,554,554,0,0
2832,-86,20,10,0.816,849,841,8,8
2834,-199.098,-11,11,122.313,5037,5019,18,18
2836,101,0,2,0,4512,4619,0,0
2838,2555.86,-3,5.216,0,601,621,94,94
2845,1277.144,-5,-2064,1860,7682,7203,2410,5112
2849,-15,0,0,0,90,90,0,0
2850,-49,0,3,0,42,47,2,2
2851,158,0,-44,0,699,699,0,0
2852,16,0,21,0,403,402,2,2
2855,1843.5,18,0,0,3209,3065,136,135
2867,15852,0,-1223,0,0,0,0,0
2880,-1632.843,24,15.875,107,522,514,49,50
2881,-4183.942,-341.782,3,79.667,7394,7340,67,72
2881B,0,0,1,0,,,,
2882,328.264,-296,12,-223.508,6036,6004,1338,1345
2882B,0,0,-19,0,,,,
2883,-12290.028,-1216,42.892,146.726,30608,30124,21,28
2883B,-472,0,-480,0,,,,
2884,-9680.778,-213,20,252.802,1540,1498,216,226
2885,-2711.728,-445,1.931,2.751,1884,1876,0,0
2886,1954.213,-91,172,124.631,1039,784,39,40
2887,3505.081,-2848,75,23.45,94011,94381,345,357
2887I,-607,0,0,0,,,,
2889,1056,-15,4,0,2198,2258,12,16
2890,-13005.745,-265,110.504,103.231,3852,3799,228,242
2891,-9741.931,-3991,411.001,-138.883,5299,5348,173,198
2891B,0,0,2,0,,,,
2891C,0,0,3,0,,,,
2892,-1565.892,-133,26.49,142.807,1081,1087,8,3
2897,-565,52,112,0,3307,3350,0,0
2901,-2,0,0,0,640,634,0,0
2903,282,2,21,0,3326,3611,1,0
2904,-3,0,0,0,24,24,0,0
2905,-31.68,0,15.828,0,10859,10805,0,0
2906,-23,0,0,0,785,785,0,0
2908,8.998,0,0,0,10421,11081,0,0
2910,-4,0,0,0,25,25,0,0
2911,,,,,0,0,0,0
2912,-155.552,-74,1,6.242,502,500,3,3
2913,-664.9,0,0.196,0,8743,8682,42,1
2915,298,0,1.861,-5.26,5369,6903,5,6
2916,-9,0,0,0,260,282,0,0
2923,-12,0,0,0,,,,
2924,,,,,6,6,0,0
2926,-2,0,0,0,189,185,0,0
2929,-36,0,0,0,1156,1154,0,0
2939,,,,,521,521,0,0
2947,-1,0,0,0,,,,
3002,20,0,3,0,1855,1871,0,0
3003,60,0,-0.06,0,4483,4518,16,16
3004,786.965,0,-10,13.981,2990,2888,0,0
3005,1386.585,-118.44,19.486,7.497,2598,2896,485,483
3006,2167.35,0,321.038,1013.805,16878,11076,1310,659
3008,42.428,-6.14,0,14.142,759,759,8,8
3010,-67,-4,0.431,-1,1505,1487,13,13
3011,76,0,0,0,3277,3288,55,58
3013,651.146,0,-6,179.405,15958,15214,308,297
3014,-25,0.9,-0.611,0,1585,1599,13,11
3015,-40,-6,0.843,-0.106,2006,1999,6,6
3016,730,0,26.873,9,4749,4552,1565,1514
3017,456.358,1548.574,46.507,-113.373,6608,7176,410,323
3018,,,,,6,6,0,0
3019,140.285,0,21.659,-15.629,15152,15219,501,514
3021,-7,0,-2,0,900,891,0,0
3022,-125,4,-0.014,0,5251,5225,20,20
3023,-258.398,-5,-0.532,-2.878,2511,2478,21,18
3024,-677,0,0,0,13717,13461,0,5
3025,42,0,0,0,2847,2848,31,31
3026,261,0,-3,-1,2137,2059,5,4
3027,-5,0,0,0,4977,4989,16,15
3028,-19,0,14,0,461,474,1,2
3029,-458,5,0,-30.266,4378,4361,137,140
3030,-41,-65,-91.759,-12.223,5497,5546,107,230
3031,121,0,7,0,2331,2230,2,2
3032,182,-5,-0.569,-2.661,6947,7085,161,136
3033,-434,-6.37,6.853,0,4879,4888,130,130
3034,-924.997,-57.026,-3.253,-2.64,3334,3288,33,29
3035,48.03,0,-32,60.851,15341,15329,697,693
3036,856.75,-2505,30.876,-29.6,2118,1956,48,53
3037,661.148,13,277,649.588,23921,24509,1607,1467
3038,-61,0,0,0,1518,1515,0,0
3040,41,0,-0.12,0,12910,12913,2578,2560
3041,124,0,0,0,3290,3414,99,89
3042,-87,-2.58,0.133,-0.673,3629,3640,26,27
3043,10,0,0,0,1212,1198,0,0
3044,117.661,-247.8,3.859,-12.785,4525,4452,342,342
3045,3015.59,-18,-312.218,4.213,837,890,56,36
3046,-86,0,-0.825,0,1207,1189,0,0
3047,-156,0,32,0,10832,10902,266,285
3048,468,0,-9.838,0.376,6549,6825,442,415
3049,170,0,0,0.677,2583,2584,0,0
3050,-164,0,0,0,4104,4225,0,0
3051,66,0,0,0,2299,2313,34,33
3052,44,0,6,0,1595,1606,3,3
3054,-1,0,0,0,0,0,0,0
3055,-396,0,10,-0.186,6350,6295,62,48
3056,-428,0,-0.539,-3,5960,6045,157,132
3057,,,,,0,0,0,0
3058,-74,0,0,0,2210,2210,0,0
3059,-477,0,-0.579,81.673,14430,14376,178,177
3060,63,0,-1.108,0,8022,7865,225,232
3062,-342,0,0,-2.06,15474,15457,4183,4186
3064,,,,,0,0,0,0
3066,-1,0,0,-0.191,587,587,0,0
3071,8,0,-2,0,1572,1570,0,0
3073,-0.284,0,0,-0.224,753,751,0,0
3078,51,6,0,1.133,5428,5416,53,56
3081,-14,-91,15,4.73,6613,6639,174,175
3083,-3,0,0,0,1279,1281,1,1
3085,2,0,0,0,0,0,0,0
3086,-15.8,0,0,1.447,434,434,3,2
3088,-52,0,0,-0.308,3381,3390,0,0
3090,187,-2.19,1,2.191,3833,3978,16,16
3092,19,0,-1,0,1529,1539,1,1
3093,-41,0,0,-0.004,1420,1410,1,1
3094,-24,0,-0.081,0,1799,1790,11,13
3095,2,0,0,0.188,5,5,0,0
3105,-4.9,0,-44.297,13.949,7738,7531,366,399
3114,-6,0,0,0,249,249,0,0
3118,-3,0,0,0,69,69,0,0
3122,-6,0,0,0,3215,3215,71,71
3128,29,0,0,0.107,2314,2318,24,26
3130,-6.999,0,0,0,6,6,0,0
3131,76.007,-205,-3,15.736,,,,
3135,-78,0,0,0,,,,
3138,-25,0,0,0,1040,1040,1,7
3141,0.15,0,0,4.087,4211,4252,13,13
3147,-42,0,-60,-4,1735,1738,5,5
3149,1076,0,0,0,20369,19903,350,283
3150,5,0,0,0,64,64,0,0
3152,19,0,-2,-0.293,742,754,0,0
3162,-97,0,0,20.361,4560,4533,9,10
3163,-60,-45,-25,-32.188,12260,12433,1553,1597
3164,7,0,0,0,235,236,0,0
3167,143.04,0,-2,3,7156,7295,367,380
3168,1,0,-2,0,36,34,0,0
3169,27,0,0,0.223,1111,1116,2,2
3171,-11,0,0,0,545,550,0,0
3176,-17,0,0,-0.001,,,,
3178,-12,0,0,0,1408,1410,0,0
3188,-122,0,0,-0.555,2459,2440,5,5
3189,1803.46,-95,106,201.986,9250,9058,489,477
3191,1,0,-0.477,0,0,0,0,0
3205,-67,0,0,0,1401,1402,82,88
3206,,,,,314,314,0,0
3207,-4,0,0,-3.452,5647,5649,15,15
3209,-393,0,-16,-0.1,2131,2128,7,13
3211,90,-304,-0.248,3.411,9008,8948,803,869
3213,18.1,0,0,2.475,2263,2273,22,18
3217,96,0,0,-14.441,1523,1499,5,5
3218,4.467,0,0,-0.201,421,417,7,4
3219,37,0,0,-1.309,1495,1496,87,87
3221,-2,0,0,0,1492,1465,36,27
3224,0,0,0,0,9024,9017,0,0
3226,,,,,22,22,0,0
3227,1748.315,624,165,393.433,9071,9061,282,177
3228,91,0,0,28.69,0,0,0,0
3229,3,0,0,0,0,0,0,0
3230,-469,0,0,-24.049,12171,12175,230,253
3231,3914.934,584,85.003,1749.156,69254,63560,2582,2476
3232,-2,0,0,0,2706,2703,2,3
3234,-37,0,0,0,0,0,0,0
3236,-23,0,0,0,1694,1671,74,66
3252,,,,,11998,11998,0,0
3257,142,0,0,0,3056,3010,70,77
3259,4,0,0,-0.523,0,0,0,0
3260,-2740.2,4661,8,187.417,9899,10095,3220,3071
3264,809,-196.01,13,-37.593,6583,6941,229,231
3265,-35,0,0,-0.794,3114,3118,21,21
3266,-6,0,0,0,818,818,0,0
3268,-1,0,0,-0.002,842,837,0,0
3272,-2,0,0,0,1275,1266,0,0
3276,-35,0,0.402,0,624,617,3,0
3284,21,0,0,-0.158,1240,1250,0,0
3285,-1,0,0,0,383,390,1,1
3287,-22,0,0,0,2277,2281,0,0
3288,,,,,0,0,0,0
3289,-61,0,0,-0.703,4876,4810,27,27
3290,112.2,0,0,-1.4,13388,13311,7,3
3293,-22.368,1,-3.2,-4.73,3618,3645,2,1
3294,-99,0,0,-9.773,9543,9690,1461,1473
3296,21,0,5,0,2279,2264,1,1
3297,20,0,0,0.004,2032,2044,730,756
3303,-203,0,0,-0.77,1958,1968,3,3
3305,-1516.95,0,3.482,-77.724,13531,13833,490,502
3306,51,0,0,-0.155,1042,1023,21,21
3308,14,0,0,0,678,677,0,2
3310,-3,0,0,0,1943,1939,3,3
3311,-3,0,0,0,4938,4933,25,27
3312,-221,0,0,0,6176,6152,53,54
3313,-12,0,0,0,5168,5107,1928,1916
3317,-110,0,0,1.131,2931,3023,37,42
3321,,,,,0,0,0,0
3322,-37,0,0,0,8466,8462,1,1
3323,-1428.85,0,0,-63.652,10320,10627,792,848
3324,231.304,1,53.387,52.411,5510,5429,380,367
3325,33,0,0,0,2926,2934,73,73
3332,-40,0,1,0,370,362,0,0
3338,-2,0,-1,0,3457,3460,17,21
3339,-34,0,0,0.207,9492,9503,184,184
3346,-26.95,0,0,0,2040,2021,0,0
3354,2,0,0,-0.09,1086,1078,0,0
3356,-408,0,-4.113,0,2905,2967,1,0
3357,61,0,39,53.661,1337,1115,31,29
3360,-1,0,0,-0.544,2978,2926,8,8
3362,27,0,0,2.386,6565,6534,88,91
3363,-423.196,0,5,0.337,8095,8064,1639,1640
3372,-94,0,0,-0.009,1311,1340,0,0
3373,-3,0,0,0.031,920,916,3,3
3374,-160.06,-2,-12,-10.74,8109,8145,729,750
3376,29.563,152,-117.571,-44.021,8720,9293,315,366
3379,149,0,0,-0.027,2912,2955,97,96
3380,-974,0,-12.255,-58.921,4804,4974,121,73
3388,1,0,0,0,138,138,0,0
3390,-23,0,0,-0.001,2096,2099,0,2
3402,82,0,2,-3.539,1649,1651,93,79
3406,233.112,-1,-5.5,6.687,3497,3484,65,62
3413,145,-70,5,4.684,1965,1982,18,18
3416,-125,0,-1.457,5.726,1613,1594,38,36
3419,-42,0,0,0,3499,3501,0,0
3430,-211,0,0,-0.25,1950,1774,260,371
3432,2,0,0,0,0,0,0,0
3434,29,0,0,0,2618,2655,45,45
3437,63.128,0,-3,0,2349,2360,42,43
3438,-21,0,0,0,1031,1036,8,8
3441,1,0,0,0,1295,1297,7,7
3443,-205.388,-0.113,30.4,15.594,3630,3584,94,99
3444,48,0,0,-0.277,809,808,0,0
3447,-1058,0,-0.186,0,5396,5217,100,99
3450,-2052.339,39,-38.374,-306.342,22336,23058,1557,1839
3454,-68,0,-0.675,0,833,842,13,13
3455,-16,0,0,0.523,2894,2873,51,51
3465,2,0,0,0,233,229,0,0
3466,208,0,0,0.856,13083,10158,401,384
3467,-4,0,0,0,6,6,0,0
3479,18,-50,20,3.271,1342,1345,0,0
3481,11477.246,15,257.95,1781.762,181331,183337,2932,2916
3483,-87,0,0,0.708,5951,5940,68,67
3484,18,0,0,-29.885,2054,2074,15,14
3489,-5,0,0,0,986,986,0,0
3490,73,0,0,0,1977,2004,1,3
3491,643.506,0,-8.209,48.4,4320,4298,167,155
3492,-5,0,0,-0.006,898,926,0,0
3494,-3,0,3,0,0,0,0,0
3498,114,0,0,-0.035,2631,2609,183,180
3499,-13,0,0,-0.151,0,0,0,0
3501,28,0,-5,0,592,587,0,0
3504,-12,0,-4,0,2051,2030,215,217
3508,5,0,0,-0.371,0,0,0,0
3511,-185,0,0,0.499,2713,2720,17,14
3512,-19.592,0,0,0,465,455,0,0
3515,-633,-44,2,-2.259,1340,1317,25,34
3516,-4,0,0,0,8438,8437,0,0
3518,-36,0,5,0,3955,3955,79,81
3520,-16,0,0,0,2890,2897,0,0
3521,,,,,0,0,0,0
3522,-13,0,0,0,0,0,0,0
3523,,,,,0,0,0,0
3526,-29,-4,0,0.994,1329,1340,18,18
3527,5,0,0,0,1403,1401,0,0
3528,-79,0,0,0,2330,2314,11,10
3529,50.636,-113.3,-2.209,13.185,886,945,9,7
3530,3,0,-0.411,0,1055,1070,0,0
3531,,,,,106,106,0,0
3532,-706.721,0,-159,-5.091,3687,3900,137,116
3533,-200.695,-8.108,-0.6,-12.221,692,660,21,21
3535,-288.431,0,0.34,0,12120,12810,2366,2446
3537,7,0,0,0,885,886,0,0
3540,11,0,0,-0.245,1235,1246,0,0
3541,3,0,0,0,627,627,0,0
3543,24,0,-1.284,0,5832,5952,740,768
3545,-379.902,0,0,1.592,4710,4733,109,113
3546,59,0,0,-24.315,3366,3381,5,5
3548,74,0,0,0.166,5543,5578,145,133
3550,-1,0,0,0,9271,9282,0,0
3551,286,25,-5,-1.973,2200,2192,43,53
3552,3,0,0,0.314,1273,1275,25,26
3555,78.139,0,-0.428,0,0,0,0,0
3556,-2,0,0,0,350,364,0,0
3557,12,0,0,0,510,512,0,0
3558,-10.9,0,0,-0.309,1857,1864,18,18
3563,-41,0,-3.618,-3.624,4335,4323,74,77
3564,-121,0,0,-0.709,1594,1560,12,12
3567,4,0,0,0,739,739,0,0
3570,-30,0,0,0,,,,
3576,1672,0,0,0,0,0,0,0
3577,-34,0,0,-0.55,1789,1794,9,10
3580,11,0,0,0.349,2716,2716,6,6
3581,-53,0,-1,23.545,3640,2481,725,249
3583,-70,-89,-4,-11.118,2455,2430,44,52
3587,-88,0,5,-3.359,2416,2481,54,56
3588,17,0,0,0,1617,1655,0,0
3591,-59,0,0,0,20295,20179,1,1
3592,-86,-0.43,-1,0,508,496,24,24
3593,,,,,0,0,0,0
3594,-30,0,0,0.745,3910,3905,1,1
3596,42,0,0,1,598,599,30,30
3597,41,0,-1,0,1585,1572,1,1
3605,15,0,-1,12.001,9935,9909,61,65
3607,25,0,-2,0,3942,3938,0,0
3609,134,0,0,0,2,2,0,0
3611,2.436,0,0,0,174,171,0,0
3615,-32,0,0,0,3638,3629,1,1
3617,26,2,-21,0,1597,1600,14,14
3622,17,0,0,0,1680,1705,2,2
3623,2,0,0,0,516,512,18,21
3624,36,0,0,-0.33,2054,2060,16,16
3625,588.9,0,0,-0.199,0,0,0,0
3628,-86,0,4,0.029,2343,2337,422,232
3630,334,0,0,-0.018,4026,4071,244,239
3631,9,0,0,0,1049,1032,0,0
3632,,,,,0,0,0,0
3645,705.1,0,-1,-63.891,10650,10699,442,439
3646,,,,,1735,1747,0,0
3652,-1,0,0,0,1133,1130,0,0
3653,63.868,-230.135,-53.125,-5.621,1570,1484,171,201
3661,23.059,-26.098,8,5.652,5085,5087,46,45
3663,14,0,0,-2.104,4371,4365,42,42
3664,-2,0,0,0,0,0,0,0
3665,-129.8,-16,30,59.28,2258,2236,191,182
3666,15,0,0,0,1281,1355,0,0
3669,-6,0,1,0,927,929,0,0
3672,,,,,7,7,0,0
3673,-97.015,0,-20,0.848,8574,8541,92,93
3675,30,0,0,-2.85,1565,1573,28,28
3679,-2,0,0,0,182,182,1,1
3680,607,-0.2,9.341,48.245,2826,2906,388,381
3685,23,0,0,0,109,109,0,0
3686,0,0,1,0,0,0,0,0
3687,62,0,-26,0,1253,1280,101,84
3689,-30,0,0,-1.975,6195,6257,21,23
3691,0,0,1,0.563,1939,1966,67,67
3693,-15,0,3,0.174,2289,2287,7,6
3694,255,-132,3,-0.598,5861,5875,177,178
3701,79,0,-0.764,0,2900,2927,0,0
3702,130.36,-510,-146,-3.455,2243,2176,122,121
3703,-405,0,0.037,0,1535,1535,1,1
3704,-258,0,-1.157,0,10514,10584,244,244
3705,44,0,0,3.001,871,858,4,6
3706,-1263.6,-167.8,-274,-469.342,52756,52459,1355,1507
3707,-128,22,24,86.238,11598,11437,10236,10228
3708,-5.989,0,-9,30.506,14690,14958,394,389
3709,1665,0,4,-9.659,7619,7141,49,27
3710,-100,0,0,0,0,0,0,0
3711,2209.157,-1446,85,182.023,6611,7007,267,261
3712,-92,-3.16,0,-8.354,5296,5301,26,27
3713,2,0,0,0,,,,
3714,191,0,8,0,14426,14444,195,196
3715,-2107.164,0,-31,112.318,33278,32814,2981,3170
3716,-29,0,0,0,808,804,0,0
3717,41,0,0,0,7150,7157,6,6
4102,-9,0,0,0,277,262,0,0
4104,-7,0,0.174,0,174,175,0,0
4105,103,0,0,-1.27,1233,1276,2,2
4106,-2,0,-0.096,0,478,478,0,0
4107,0,0,0,0,239,239,0,0
4108,-10,0,0,0,0,0,0,0
4109,-35,0,0,0,4248,4228,0,13
4111,40,0,0,0,1048,1021,0,0
4113,-44,0,0,0,13108,13074,37,39
4114,-261,0,0,-4.163,3222,3231,15,17
4116,2,0,0,-0.222,225,221,0,0
4119,11,0,-1,3.834,541,543,0,0
4120,-34,0,0,0,1090,1089,10,19
4121,-9,0,0,0,526,537,0,0
4123,-1376,0,239.172,-29.688,10875,10800,35,0
4126,-14,0,0,0,776,768,0,0
4127,20,0,0,0,365,380,5,5
4128,-480,0,-16,0.108,8612,8550,20,23
4129,19,0,1,10.801,1031,1038,15,15
4130,-120,0,0,-0.007,1604,1591,362,388
4131,0,0,0,0.191,,,,
4133,0,0,0,0,750,757,0,0
4137,-22,0,4.785,0,1221,1245,0,0
4138,-6,0,0,0,76,76,0,0
4139,1,0,0,0,769,769,0,0
4142,-299,0,0.46,0,4494,4530,62,63
4147,-233,0,-0.558,26.464,7883,7988,29,28
4148,-7,0,0,0,607,598,0,0
4153,-2,0,0,0,3668,3684,0,0
4155,-4.749,0,0,0,629,640,0,0
4157,91,0,0,0.086,4030,4040,11,11
4160,-5,0,0,0,,,,
4161,141,0,0,0,821,821,2,2
4162,-14,0,2,-0.723,3315,3314,18,18
4163,-1,0,0,0.088,36,36,0,0
4164,-422,0,-0.061,-2.024,9361,9502,23,23
4166,-91,0,0,0,,,,
4167,-128,0,0,-0.875,6588,6571,0,0
4168,-25,0,0,0,708,708,0,0
4171,-22,0,0,0.329,1073,1071,0,0
4173,-12,0,0,0,1046,1047,0,2
4174,-441,0,0,0,4457,4475,107,109
4175,-4,0,0,0,45,45,0,0
4188,0,0,0,-0.038,,,,
4190,-5,0,0,0,539,535,0,0
4205,-2,0,0,0,21,21,0,0
4207,-44,0,0,0,556,561,19,19
4303,-1081.6,0,-2.4,-19.979,8501,8418,76,82
4304,,,,,0,0,0,0
4305,1,0,0,0,16,16,0,0
4306,-498.32,0,0,0,4232,4230,1,1
4401,-10,0,0,0,752,743,0,0
4402,1.05,0,0,-0.001,,,,
4406,,,,,491,485,0,0
4413,,,,,199,199,0,0
4414,23,0,0,0,358,357,0,0
4416,3,0,0,0,69,70,0,0
4417,-5,0,0,0,296,302,0,0
4420,-2.821,0,0,0,163,164,0,0
4426,-12,0,0,0,968,964,0,0
4430,-1,0,0,0,124,124,0,0
4432,-2,0,0,0,421,421,0,0
4433,-11,0,0,0.059,165,158,0,0
4438,-36,0,2,0,696,690,197,177
4439,-2,0,0,0,326,326,0,0
4440,2,0,0,0,362,364,0,0
4441,57,0,-25,0,,,,
4442,-411,0,-0.789,0,,,,
4502,-5,0,0,0,870,871,0,0
4503,-25,0,0,0.082,3111,3085,56,70
4506,-9,0,-3,0.814,106,106,0,0
4510,235,0,20,-5.577,8418,8408,1025,1002
4513,27,0,0,-0.26,3374,3375,408,408
4523,0,0,0,0.043,582,584,1,1
4526,77,0,3,0,9626,9625,1533,1564
4527,33,0,0,15.585,504,480,0,0
4528,,,,,112,121,0,0
4529,,,,,0,0,0,0
4530,,,,,0,0,0,0
4532,-85,-5.4,-1,4.088,5047,5055,20,21
4533,160,0,0,0.297,7252,7239,18,18
4534,-26,0,0,0.499,0,0,0,0
4535,3,0,0,0,130,130,0,0
4536,-146,2,2.151,-2,483,461,0,0
4538,-7,0,0,0,309,297,0,0
4540,103,0,-12.677,0,4818,4847,319,323
4541,86,0,0,4.718,5535,5518,313,312
4542,5,0,0,0,2998,3009,27,27
4543,-9,0,0,0.202,1679,1682,1,1
4545,23,0,1,0,1305,1313,0,0
4549,-15,0,0,-9.083,1146,1163,0,0
4550,0,0,0,0,480,480,0,0
4551,340,125,-0.104,25.588,2513,2510,69,38
4552,-7,0,0,0,1657,1661,0,0
4554,-4,0,0,0,,,,
4555,189,0,-4,0,2841,2792,766,725
4556,2,0,0,0,619,616,0,0
4557,-110,0,-3.067,0,442,485,1,14
4558,-12,0,0,0,436,435,0,0
4560,1,0,11,0,251,253,0,0
4561,21,0,0,-0.004,2584,2618,57,57
4562,78,0,0,0,3206,3210,418,414
4563,-23,0,0,-0.026,2201,2192,30,29
4564,333,0,-1.027,0,9504,9387,130,128
4566,40,0,-1,0,6037,6031,4,6
4568,2,0,0,0,33,26,0,0
4569,13,0,0,0,901,902,1,0
4571,0,0,0,0,1994,2012,8,7
4572,-9.102,0,-1,0,616,615,8,8
4576,22,0,0,-1.659,3822,3816,49,51
4577,-157,0,0,0,1186,1064,20,21
4580,25,0,0,-3,236,236,0,0
4581,1,0,0,0,57,57,0,0
4583,-2.455,0,0.45,-2.239,1492,1620,183,189
4585,-148.635,0,-3,0,,,,
4588,-34,0,-1,0,258,261,0,0
4609,,,,,0,0,0,0
4702,1,0,0,0.177,3482,3495,0,0
4706,,,,,228,228,0,0
4707,-11,0,0,0,2344,2360,0,0
4711,-2,0,0,0,949,902,2,2
4714,270,0,0,6.335,10142,10273,69,171
4716,54,0,0,0,7274,7084,269,287
4720,-83,0,0,0,2710,2712,0,0
4721,-18,0,0,1.772,2047,2033,28,33
4722,2437,0,-4.843,0,18401,17039,2597,1872
4726,6,0,0,-0.113,1684,1685,0,0
4728,-4,0,0,0,1823,1819,0,0
4729,36,0,0,0,2801,2838,48,50
4735,,,,,255,257,0,0
4736,-27,0,7.101,0,302,303,0,0
4737,-7,0,1,0,752,754,1,1
4739,64,-1,0,0,2439,2398,74,73
4741,0,0,0,0.007,456,445,0,0
4743,-1280,0,-39.1,0.709,11545,11513,149,116
4744,-33,0,0,0,5447,5731,76,74
4745,-116.056,0,0,0,263,263,0,0
4746,-445,0,-4,0.626,2499,2402,10,11
4747,3,0,0,0,1338,1349,110,110
4749,291,8,4.059,55.224,2566,2586,55,52
4754,,,,,164,165,0,0
4755,-25,0,1,0,315,329,2,2
4760,24,0,-0.4,-12,1237,1248,25,26
4763,289,6,0,-52.752,44331,44751,3561,3489
4764,-1,0,0,0,119,119,0,0
4766,350,-7.44,0.052,-13.72,2106,2369,5,8
4767,,,,,14,14,0,0
4768,81,0,57,38.038,3167,2471,191,164
4770,32,-107,-0.214,-4.031,1068,1063,9,9
4771,8,0,0,0,696,690,0,0
4772,125,12,5,-67.504,4612,4886,135,138
4804,,,,,0,0,0,0
4806,,,,,0,0,0,0
4807,-4,0,0,0,486,487,59,59
4903,-81,0,0,0.437,712,712,0,0
4904,3622.105,-18.171,0.33,7.342,339,344,73,73
4905,-1,0,0,0,103,105,0,0
4906,-522,0,21.592,-1.102,11893,11837,63,69
4907,8,0,0,0,555,554,4,4
4908,72,0,0,3.682,3861,3884,91,88
4909,156,0,0,-0.574,6182,6218,2683,2688
4911,-2,0,0,0,310,307,0,0
4912,-17.85,0,9,0,2951,2950,0,0
4915,-99,-22.91,-0.487,-3,2375,2402,15,16
4916,-901,0,17,-0.72,15715,15604,506,516
4919,241,-2,6.099,1.77,6222,6263,86,81
4923,-6,0,0,0,423,423,0,0
4924,,,,,0,0,0,0
4927,-1925,0,-47,0,28350,27830,333,348
4930,-34.657,0,0,0,3284,3280,0,0
4931,221,0,-20,12.424,8251,8322,2176,2257
4933,-40,0,0,0.665,1151,1151,5,5
4934,-409.8,0,0,0,6,6,0,0
4935,0,0,-1,0,575,569,2,2
4938,637.287,-346,-2,4.323,5887,5892,21,16
4939,19,0,81,-0.119,5474,5591,215,213
4942,-35,0,0,0,981,987,0,0
4943,,,,,0,0,0,0
4946,-24,0,0,-0.03,,,,
4949,159,0,0,0,3272,3297,177,177
4950,8,0,0,0,,,,
4951,23,0,0,0,895,897,0,0
4952,-6,0,1.266,0,1706,1718,8,8
4953,49,0,0,1,1070,1091,1,1
4956,-128,0,-0.314,0,6783,6753,51,48
4958,-594.158,-80,-526.998,-86.54,9960,10795,276,277
4960,-4566,0,-7.776,0,13396,13997,29,13
4961,-50.85,3,-3,0.531,1529,1531,27,25
4966,312.321,-18,12.838,14.968,3280,3383,19,18
4967,744.995,0,0,-3,6807,6673,64,9
4968,-5,0,-0.034,-2.145,6698,6758,45,46
4971,-160,0,0,10.593,4539,4560,401,387
4972,7,0,0,0,95,100,0,0
4973,-76,0,0,-6.833,2677,2329,205,149
4974,-17,0,0,0.333,1960,1957,8,8
4976,-179,0,-1.108,0,5704,5808,270,276
4977,-72,0,0,-7.6,9421,9376,199,230
4979,-572,-158,8,-79.002,18585,18517,821,835
4987,-1,0,0,0,100,100,0,0
4989,-259,0,0,0,6268,6599,4251,4031
4991,84,0,-8,0.712,11210,10926,2404,2357
4994,-5,0,0,0,1399,1399,2,2
4995,-2,0,0,0,2078,2078,0,0
4999,-7,0,-2.74,0,632,609,0,1
5007,-12,0,0,0,6,6,0,0
5009,-89.002,8.63,6.967,9.362,8865,8869,98,97
5011,49,0,0,0,3858,3839,12,12
5013,15,0,-2.013,0,63,81,0,0
5014,-47.48,0,0,0,4582,4611,1,1
5015,4,0,0,0,333,336,2,0
5016,,,,,90,90,0,0
5201,90,0,0,-30.363,4649,4570,186,0
5202,-10,0,0,0,2997,3004,2,2
5203,-36,0,-2,0.291,2360,2337,0,0
5206,-32,0,0,0,722,691,0,0
5209,25,0,44,1.915,,,,
5210,59,0,0,-0.097,0,0,0,0
5211,-4,0,0,0,248,249,0,0
5212,-1,0,-1,0,51,51,0,0
5213,-113.999,0,0,0,3408,3370,4,4
5215,-3,0,-0.664,0,761,757,0,0
5220,,,,,236,239,0,0
5222,26.9,2,-100,9.077,2344,2359,17,17
5223,-1,0,0,0,198,199,0,0
5225,12,0,1.165,0,2122,2126,46,83
5227,-3,0,0,-0.143,,,,
5228,0,0,0,0,32,34,0,0
5230,17,0,0,-0.018,2256,2257,122,121
5234,669.1,-566,16.279,21.957,2111,2161,291,288
5236,25.08,0,0,-0.259,599,593,6,6
5243,614,0,264,-23.473,11565,11644,126,119
5244,9,0,0,0,3271,3252,288,281
5245,-2,0,9,0,1331,1334,14,14
5251,-19,0,0,0.639,2915,2901,434,463
5258,-10,0,0,0.113,5404,5421,79,97
5263,-14,0,0,-0.463,2375,2369,0,0
5269,-213.243,-1.063,-4.18,-9.999,1314,1318,5,9
5272,12,0,0,0.028,830,835,3,3
5274,-16.957,3.8,0.937,-1.155,114,109,20,20
5278,-94.31,0,0,0.758,1438,1450,5,10
5283,18,0,0,0,122,122,0,0
5284,232.12,0,4,-99.795,4432,4365,271,266
5285,126,0,-1,0,890,823,1,1
5287,-14.372,0,0,0,43,43,0,0
5288,-40,0,0,0,902,908,7,8
5289,47.507,2,-4.041,-22.127,1874,1903,330,331
5291,,,,,3930,3925,0,0
5292,11.7,0,0,0,288,286,0,0
5299,-37,0,0,0.002,300,298,0,0
5301,-1,0,0,0,0,0,0,0
5302,38,0,0,0,0,0,0,0
5306,-29,0,4.532,0,540,539,0,0
5309,-822.485,249,-137,-138.481,17647,18286,1763,1877
5310,,,,,0,0,0,0
5312,-43,0,0,-0.901,689,695,5,6
5314,-1779.51,-1063,0,-0.11,23392,23693,3907,4650
5315,-505,0,0,0,2491,2494,3,5
5321,0,0,0,0,1672,1682,41,41
5324,,,,,0,0,0,0
5328,526,0,0,-0.562,5286,4338,349,261
5340,-242,0,-4,-167.644,4442,4254,453,330
5344,-9,0,0,0,0,0,0,0
5345,-1,0,0,0,0,0,0,0
5347,421.253,-254,34,-20.805,3592,3620,380,414
5351,704.2,0,0.097,-0.093,10344,10390,469,502
5353,-3,0,0,0.173,1146,1145,17,17
5355,-5,0,0,-0.019,0,0,0,0
5356,48,0,0,0,5380,5378,0,0
5364,2,0,0,0,,,,
5371,-1712.55,280,1207,575.808,54235,52272,2728,2526
5381,88,0,0,0,0,0,0,0
5386,-60,0,0,0.009,2310,2314,4,4
5388,-243.076,1,12.36,-0.481,2836,2808,44,46
5392,-128,0,0,46.038,9384,9316,958,1001
5398,22,0,0,-0.328,2223,2201,1,1
5403,0,0,0,0,64,64,0,0
5410,-538,0,8,-2.895,4045,3159,61,15
5425,243,-386,0,-1.736,5399,5420,77,93
5426,128,0,0,-0.11,4319,4313,3,3
5432,-2,0,0,0,821,824,4,6
5434,76,-17,-0.001,-37.603,971,971,5,7
5438,11,0,0,-0.14,2128,2135,177,210
5439,1345.9,-32,8,-6.536,18745,18634,607,565
5443,-649,0,-86,-227.701,8944,8817,470,457
5450,3,0,0,0,1238,1255,0,0
5452,-34,0,0,0.16,5087,5094,4,6
5455,0,0,0,0.315,25,24,0,0
5457,-101.965,-1,16,28.229,3899,3871,82,79
5460,-5,0,0,0,1348,1368,0,0
5464,-1,0,0,0,430,430,0,0
5465,-70,0,0,-0.69,1543,1541,20,20
5468,2,0,0,0,0,0,0,0
5469,-441.2,0,-42.039,-40.932,25639,24885,2193,2185
5471,-63,0,-0.128,0,2426,2483,32,32
5474,-14,0,0,-0.06,1690,1694,4,4
5475,297.085,0,0,-1.009,0,0,0,0
5478,24,0,10,-0.711,382,384,1,1
5481,-25,0,0.048,0,5204,5204,0,0
5483,-3281,-623.29,-32,-100.342,12423,11981,154,149
5484,-11,0,0,0,0,0,0,0
5487,-10,0,0,0,1514,1519,0,0
5488,,,,,2241,2241,0,0
5489,7,0,0,0.235,1354,1356,2,2
5490,48,0,0,0.517,2307,2324,34,37
5493,-17,0,0,-2.157,1904,1896,2,2
5498,-891.5,0,0,-1.569,2248,2255,0,0
5508,-512,3,0.494,-4.342,1834,1807,766,773
5511,4,0,0,0,735,745,0,0
5512,-366.004,0,0,0,8037,8030,0,1
5514,,,,,106,106,0,0
5515,8,0,6,0,781,783,1,1
5516,,,,,944,944,0,0
5519,-44,0,12.078,0,1713,1717,2,2
5520,1,0,0,0,3,3,0,0
5521,-219,0,8,0,7789,7970,64,64
5522,-584,0,6,-1.214,1743,1704,6,6
5523,,,,,89,92,0,0
5525,-11,0,-10,0,349,353,0,0
5529,-3,0,0,0,1106,1106,0,0
5530,-35,0,0,2,4406,4400,8,9
5531,-84,0,0,0,4964,4976,0,0
5533,-76,0,0,0,685,680,1,1
5534,-389,-14,-5.987,0.239,3719,3727,16,16
5536,-351,56,-24.507,-3.126,1756,1910,56,58
5538,1,0,0,0,96,96,0,0
5543,,,,,67,67,0,0
5546,-2,0,0,0,24,24,0,0
5548,5,0,-14,0,47,45,0,0
5601,,,,,0,0,0,0
5603,-14,0,0,-0.001,5145,5145,0,0
5604,,,,,114,114,0,0
5607,-93.001,0,0,0,2050,2035,5,11
5608,-119,0,2,0.3,7052,7146,513,532
5609,-18,0,0,0,245,244,1,1
5701,0,0,0.645,0,0,0,0,0
5703,,,,,0,0,0,0
5704,,,,,119,119,0,0
5706,36.169,0,6,0,1180,1180,0,0
5864,610.04,0,0,0,5361,5445,13,11
5871,-872.928,-192.992,-823,10.447,7085,6859,741,735
5871A,6,0,0,0,,,,
5876,-687.402,-42.842,5.593,8.171,772,783,45,45
5880,-2014.049,-105,18.004,164.295,1135,1130,3,3
5902,4,0,0,0,5639,5593,0,0
5903,-14,0,0,0,36,36,0,0
5904,-139.213,-5,0,0.346,163,158,1,1
5905,-423,0,0,0.239,4576,4588,4,2
5906,,,,,284,284,0,0
5907,-3,0,-1,0,2411,2399,5,5
6005,4163,-254.57,0,0,2140,1806,47,43
6015,48,0,0,0,2849,2925,31,31
6016,393,0,0,0,2041,2026,12,12
6020,,,,,72,74,0,0
6021,-3,0,0,0,468,465,0,0
6023,-1,0,0,0,348,347,0,0
6024,-30,0,0,0,82,80,1,1
6026,-122,0,0,0,2841,2843,0,0
6101,4,0,0,0,9491,9491,0,0
6103,,,,,0,0,0,0
6104,89,0,0,0,5981,6016,123,126
6108,42,0,-0.002,0,1804,1809,38,38
6109,0,0,0,-0.059,491,491,0,0
6111,-22.999,0,0,6.543,2893,2912,23,23
6112,314,0,0,2,4419,4385,10,10
6113,68,0,0,-0.456,1960,1976,8,8
6114,-29,0,-11,0,1254,1258,0,0
6115,-1,0,0,0,25,25,0,0
6116,359,0,-33.469,-48,29144,29226,443,478
6117,-34,0,0,-1,4333,4314,483,498
6118,-4,0,0,-0.103,2657,2636,55,50
6120,-689.705,0,0,0,6753,7067,22,22
6121,28.217,-41.4,-1,-0.633,414,418,3,3
6122,-115,0,0,-0.468,1038,1080,18,18
6123,-1,0,0,0.017,287,287,0,0
6124,-4,0,0,0,340,343,1,1
6125,220,0,0,0.152,12956,12996,489,515
6126,108,0,0,-0.001,2562,2638,43,43
6127,74,0,0,0,2255,2259,0,0
6128,12,0,0,0,231,241,16,16
6129,167,0,0,-0.413,572,573,0,0
6130,34,0,0,0,,,,
6133,-87,0,-1,0,2937,2912,30,30
6134,-31,0,0,0,3300,3305,85,85
6136,27,0,0,0,4012,4026,0,0
6138,-367,-144,11.6,-14.112,1532,1679,45,145
6139,871,22,47.946,-55.719,8700,8692,113,100
6140,-43,0,0,0,3150,3173,65,65
6141,103,0,0,0,1051,1051,1,1
6142,-56,0,0,0,0,0,0,0
6143,28,0,0,7.801,11600,11538,199,192
6144,,,,,0,0,0,0
6146,-29.472,0,0,-3.975,345,349,0,0
6147,293,-246.29,-29.545,-2.554,5254,5275,5,5
6148,-92,0,0,0,3916,3928,404,424
6150,122,0,0,-131.445,1791,1804,57,63
6151,-28,0,0,0.93,1687,1682,0,0
6152,-37,0,0,0,0,0,0,0
6153,-107,0,-13,0,15472,15739,1012,1017
6154,-5,0,0,0,226,226,0,0
6155,17,0,0,0,1353,1354,1,1
6156,-3,0,0,-0.003,6109,6073,0,0
6158,2,0,0,0,818,819,0,0
6160,19,0,0,0,1242,1238,1,1
6161,5,0,0,-0.32,1020,1005,7,6
6163,-415,0,0,3.002,6142,5948,49,55
6164,-41,0,0,0,5115,5115,1,1
6165,29,0,0,0,16183,16210,10,15
6166,1,0,0.077,-2.006,3585,3579,62,62
6167,-71,0,0,0,3514,3533,0,0
6168,97,0,0,0,2408,2396,31,31
6170,9,0,0,0,4095,4095,3,3
6171,-1,0,0,0,205,201,0,0
6173,-113,0,-38,2.046,6657,6445,356,369
6174,2,0,0,0,574,586,0,0
6175,-43,0,0,2.789,3484,3367,4,5
6176,244,-127.85,-2,3,1656,1671,69,64
6177,-263,-238,12,-8.729,3037,3256,504,505
6179,-134,0,0,0.621,18408,18524,1440,1440
6180,47,-1.93,0,-0.118,1479,1484,112,112
6182,-5229,0,225.009,32.356,13531,12427,1128,1118
6183,5,0,0,0,30,40,0,0
6184,53,0,0,0,661,661,32,32
6185,-40.156,0,0,0,2246,2362,0,0
6186,39,0,-0.56,-3.228,1205,1218,82,82
6187,-288.6,-105,-3,0.784,4349,4290,73,73
6188,98.6,0,62,-21.759,9267,9310,160,166
6189,-6,0,6.652,0,3637,3597,29,29
6190,-163,0,0,-2.929,9391,9368,233,231
6191,-261.27,-122,-4.931,50.681,19110,19117,580,591
6192,4,0,-5.169,0,658,658,0,2
6194,122,0,-13,0.469,2528,2915,0,0
6195,,,,,52,52,0,0
6196,-231,-53,0,-0.086,1517,1507,165,166
6197,53,0,0.619,7.069,5364,5406,79,79
6198,1,0,0,0,,,,
6199,14,0,0,1.001,2064,2077,3,3
6201,-5,0,0,0,31,31,0,0
6202,92,0,-0.124,0.772,3651,3658,69,71
6203,-40,-5,0,0.585,639,625,0,0
6204,-89,0,0,0,738,724,15,15
6205,0,0,0,0,2338,2337,0,0
6206,217,-120,0,-0.451,4155,4188,16,17
6207,7,0,0,-2.503,5359,5396,310,322
6208,-4,0,0,0.486,729,719,0,0
6209,1309,0,-2,0,10397,10468,510,492
6210,,,,,208,208,0,0
6212,2,0,0,0,35,35,0,0
6213,259.924,0,2,3.846,17825,17897,572,566
6214,6,0,0.272,5.659,1482,1478,13,13
6215,-131.9,0,-0.001,-12.018,5780,5926,778,813
6216,-11,0,0.126,0,970,976,0,0
6217,4358,0,0,1.807,8969,6952,526,408
6218,5,0,0,-0.469,1149,1129,0,0
6219,-63.549,0,0,-0.456,4448,4534,0,0
6220,-12,0,0,0,1348,1342,1,0
6221,31.151,0,0,0,2524,2505,12,2
6222,1,0,0,0,20,20,0,0
6223,137.965,-12.2,2.365,1.845,1895,1940,438,435
6224,-74,0,0,0,1066,1037,6,6
6225,,,,,0,0,0,0
6226,3,0,0,0,0,0,0,0
6227,13,0,0,-0.039,3249,3240,25,26
6228,-1,0,0,0,212,212,12,12
6229,0,0,0,0,1167,1164,2,2
6230,19,0,0,0,643,646,7,7
6231,-9,0,0,-7.835,3506,3526,55,58
6233,-119,0,0,0,3420,3429,26,29
6234,-28.863,0,0,0.688,2829,2860,97,97
6235,245.8,0,36.98,0,7141,7003,272,251
6237,34,0,0,0,3917,3912,164,168
6239,940.2,-207.22,-73.714,-1.191,5193,5543,84,83
6240,,,,,933,931,0,0
6241,-1,0,0,0,0,0,0,0
6243,0,0,0,0,1662,1674,0,0
6244,264,0,0,1,9521,9560,7,7
6245,-87,0,-2,-0.42,2862,2856,26,39
6246,-2,0,0,0,1151,1151,1,1
6248,-42,0,0,0,943,939,0,0
6257,207,-196.05,-1.427,-3.016,3991,4072,103,107
6261,30,0,0,0,1148,1150,0,0
6263,12,0,0,0,278,285,0,0
6264,,,,,0,0,0,0
6265,20,0,-0.005,0,3946,4137,52,48
6266,-21,0,0,-0.238,777,777,3,3
6269,-241,0,13.456,0.157,5673,5659,530,541
6270,,,,,1650,1644,0,0
6271,332.525,6,52,-2.95,4750,4795,13,14
6274,219.125,398,488.691,-24.218,21486,20754,2462,2280
6275,-137.9,0,0,0,2121,2096,47,47
6276,20,0,0,0,607,608,13,13
6277,-43,0,-1,-0.029,318,320,0,0
6278,79,-48.47,-4,1.956,3216,3205,25,23
6279,-90,0,-4.1,-2.394,3393,3373,5,5
6281,0,0,0,0,5,5,0,0
6282,-1748.995,-2,81.194,-7.659,18778,18867,394,410
6283,28,0,0,0,2118,2106,8,9
6284,-51,0,0,0.213,5923,5821,37,36
6285,-49,4,0.63,-3.633,6601,6619,23,23
6290,587.96,2,83.602,-84.399,16397,16102,2381,2369
6291,33,0,6,0,1579,1612,10,14
6292,5,0,0,0,209,208,0,0
6294,,,,,144,145,0,0
6405,4,0,0,0,3048,3016,71,71
6409,15.347,-1,-0.067,0.188,411,416,1,1
6411,-3,0,0,0.288,1139,1137,5,5
6412,14,-1.38,0,8.283,988,987,15,4
6414,-131,-9,-4.073,0,1328,1319,73,75
6415,-818.905,4,-2,2.4,4471,4214,84,81
6416,-19,0,0,0,2707,2709,1,1
6417,22,0,0,0,2558,2576,0,0
6418,69,0,0,0,2762,2812,665,772
6419,-4,0,0,0,,,,
6423,3,0,0,-8,89,89,0,0
6425,-593.5,0,0,6.76,6286,6094,302,255
6426,-23,0,-1,0,1151,1154,0,0
6431,,,,,0,0,0,0
6432,-3,0,0,0,765,762,0,0
6435,-57,0,0,-0.1,732,749,1,1
6438,-58,0,-0.15,-73.893,5740,5798,47,45
6441,-4,0,0,0,968,968,24,24
6442,30.296,2,59.911,-4.037,4889,4905,593,556
6443,356,0,21,-1,14612,14650,666,667
6446,576.956,13,19.092,-10,6380,6584,130,110
6449,-1268,560,114.175,-49.451,6409,5990,225,150
6451,-51,0,0,-5.361,4507,4471,66,72
6456,-139,0,1,-0.01,3511,3539,84,80
6461,-4,0,0,-0.076,0,0,0,0
6462,-384,0,0,-15.167,6383,6512,367,369
6464,-3,0,0,0.008,7,7,0,0
6465,-2,0,0,0,0,0,0,0
6469,-76,0,3.021,12.888,474,485,30,30
6470,13,0,0,-0.001,1052,1041,0,0
6472,-74.99,-1,-84.691,4.216,3386,3337,162,150
6477,36,0,-0.878,0,3927,4027,464,494
6482,-26.2,0,0,0,,,,
6485,-7,0,0,0,2106,2119,41,54
6486,-22,0,0,-0.019,90,84,0,0
6488,243.316,-182,7,-17.556,5107,5125,276,343
6491,24,0,0.008,0.423,1246,1241,1,0
6492,-95,0,0,-0.001,1279,1283,6,10
6494,-5,0,0,0,768,778,0,0
6496,-3,0,0,0,58,58,0,0
6498,-7,0,0,0,,,,
6499,-50,0,0,-0.143,7722,7680,435,436
6504,7,0,3,0,100,120,4,4
6505,-3399.849,-9,-83.637,-163.022,7762,7889,256,322
6506,-3,0,0,0,302,302,0,0
6508,1,0,0,0,92,94,0,0
6509,-34,-1,0,-0.045,2815,2810,32,32
6510,234,-61,2.985,3.613,553,568,56,62
6515,145.725,-38,-6,-3.306,1134,1211,183,186
6516,-19,0,0,0,839,837,0,0
6517,20,0,0,-0.213,2969,2980,12,12
6523,0,0,0,0,75,76,0,0
6525,78,0,0,0,951,884,1,1
6526,-4,-15,2,1.209,1136,1134,0,0
6530,52,0,0,0,2669,2773,51,65
6531,-52.85,-6,102,-172.137,11443,10499,345,331
6532,21,0,0,-0.217,2239,2256,10,10
6533,-52.486,0,0,-5.256,1850,1871,0,0
6534,2,0,1,0,1468,1466,0,0
6535,24,0,5,0.448,,,,
6538,-2,0,0,0.444,855,856,3,3
6541,92,0,0,0,2366,2365,10,10
6542,2,0,0,0,77,76,0,0
6546,-27,0,0,0.743,6028,6035,17,17
6547,3.06,0,-4,-0.341,5802,5849,53,53
6548,127,-1,8,95.743,7311,6421,16,11
6550,-158.626,0,0,0,17,17,0,0
6552,1,0,0,0,2083,2082,2,2
6558,34,0,0,-0.888,5075,5118,345,330
6560,-94,0,0,0,,,,
6561,-13.229,-6,0,1,329,328,0,0
6568,-1,0,0,0.673,783,782,1,1
6569,10,0,0,1.006,337,337,2,2
6570,-7,0,0,-0.338,675,670,1,1
6573,4,0,0,0,0,0,0,0
6576,48,0,0,0,,,,
6577,-2,0,0,0,154,154,0,0
6578,-4,0,0,0,1359,1394,13,13
6579,-12,0,-0.099,0,597,604,0,0
6581,-1,0,0,0,28,28,0,0
6582,-14,0,0,0,312,313,5,5
6584,71,0,-14,18.63,1924,1938,297,310
6585,-8,0,-0.097,0,1511,1509,2,1
6588,-1,0,0,0,,,,
6589,66,0,-1,0,3204,3176,51,60
6591,-60.379,0,-0.729,0,3764,3590,30,28
6592,-62,13,4.224,0,385,383,0,0
6593,-15,0,0,-0.342,,,,
6596,31,0,0,4.613,1804,1786,123,117
6598,-14,0,0,0,0,0,0,0
6603,145,0,0,0,3052,2992,9,9
6605,19.727,-7,-0.027,0,2049,2020,14,20
6606,-12,0,-3,0,749,744,0,0
6609,15,0,0,-0.197,2213,2210,65,64
6612,1,0,0,0.002,377,377,0,0
6613,-96,-0.86,0,-0.332,683,694,2,0
6616,-6,0,0,0,268,264,0,0
6617,-113,0,0,0,,,,
6624,2,0,0,0,,,,
6625,-13,0,-0.541,0,1418,1417,23,23
6629,-2.433,0,0,0.974,913,912,1,1
6637,-2,0,0,0,,,,
6640,-66,0,1,-13.254,,,,
6641,,,,,101,102,0,0
6642,3,0,0,0,1105,1113,0,0
6643,16,-15,0,-10.447,2751,2815,72,69
6645,7,0,0,3,36,36,0,0
6649,-93,0,0,0,2340,2339,4,2
6651,14,0,0,-0.043,494,493,0,0
6654,-19,0,0,0,2297,2296,8,9
6655,0,0,0,0,2,2,0,0
6657,34,0,0,0,1716,1684,4,4
6658,-66,0,0,0,1703,1689,16,21
6664,-66,0,0,-13.653,1599,1600,7,7
6666,1,0,0,0,397,407,1,1
6667,-42,0,-0.201,-0.875,2911,3110,20,28
6668,8,0,0,0,3923,3919,43,43
6669,200.072,-9,20.107,23.156,1468,1520,83,75
6670,-85,-13.42,0.22,0,692,698,0,0
6671,-7,0,0,-0.273,29,29,0,0
6672,101,0,0.253,5,3657,3608,30,35
6674,-13,0,1,0,266,267,0,0
6679,21,0,0,-2.696,1880,1897,7,10
6680,-1,0,0,0,,,,
6683,38.1,0,-2,-58.829,,,,
6684,-121,0,0,0.07,2113,2074,148,166
6689,-10,0,-0.125,0,1558,1567,1,1
6690,3,0,0,-0.208,56,58,0,0
6691,-93.195,3,-1,1.228,1020,997,7,7
6692,-6,0,0,0,627,627,0,0
6693,-25,0,0,0,2619,2652,16,16
6695,-211,0,-0.094,0,3908,3888,266,270
6698,-136,0,-0.633,0,1699,1724,26,26
6703,-7,0,0,-0.014,168,171,0,0
6706,-257,0,0.967,17.135,7367,7460,452,444
6712,-45,0,-16.1,10.921,1060,1069,5,5
6715,4,0,0,0.165,2818,2816,1,1
6716,-13,0,0,0,319,321,0,0
6719,-75,0,15,1.082,1597,1594,17,17
6720,0,0,0,0,,,,
6727,60,0,0,0,,,,
6728,,,,,263,263,0,0
6732,-34,0,0,0.352,1133,1137,21,21
6733,-23,0,0,0,,,,
6735,55,0,0,0,869,862,115,123
6739,79.9,0,-0.058,0.057,,,,
6741,-174,0,0,0,1328,1326,7,7
6742,-35,0,-1,0,2788,2830,107,109
6743,2,0,0,0,1154,1153,2,2
6751,1,0,0,0,,,,
6752,-16.35,0,0,0.678,714,708,0,0
6753,-730,0,3.587,53.489,6568,6299,55,42
6754,5,0,-1,0,147,147,0,0
6756,-3,0,-2.297,0,937,925,3,2
6757,-391,-30,2,-0.857,6160,6198,770,765
6761,58,0,2,-0.156,2448,2537,37,32
6762,4,0,0,0,,,,
6763,94,0,0,4.843,2309,2317,2,2
6768,143,663.66,-18.284,15.756,2605,2793,31,9
6770,-31597.265,56,676,1903.865,92767,78972,12198,14037
6771,,,,,158,159,0,0
6776,-18,0,6,0,320,311,0,0
6781,188,-189,-2.073,7.516,1382,1375,42,41
6782,-34,0,0,5.731,696,701,0,0
6785,189.975,0,-5,-12.217,1998,1921,9,12
6788,127,0,0,1.103,3109,3138,134,135
6789,70,-1,8,-18.027,8784,8989,38,53
6790,18,0,0,0,468,469,0,0
6791,8,0,0,-0.094,,,,
6792,3,0,0,0,336,361,0,0
6794,2,0,0,-2.126,,,,
6796,-1,0,0,0,220,217,0,0
6799,10,0,-0.106,0,2755,2753,3,3
6803,1,0,0,0,36,36,0,0
6804,-1,0,0,0,104,99,0,0
6805,422.276,324,83.943,178.076,2734,2558,112,51
6806,-289.505,0,-1.008,0,6234,6148,70,68
6807,1,0,0,0,251,250,0,0
6811,-4,0,0,-0.712,337,340,0,0
6821,7,0,0,0,510,519,0,0
6823,29,0,0,0,,,,
6829,16,0,0,3.412,1470,1495,7,7
6830,-28,0,0.292,0,1958,1959,59,60
6834,18,0,-0.239,0,1881,1874,0,0
6835,-80,0,0,0,816,797,6,7
6838,-166,0,0,0,1376,1357,11,11
6840,-5,0,-0.278,0,,,,
6841,1,0,0,4.595,2491,2532,3,3
6843,,,,,212,212,0,0
6854,-7,0,5,0.845,5221,5231,25,26
6855,-1,0,0,0,,,,
6859,-4,0,0,0,852,851,4,4
6861,-185.282,0,0,4.919,691,718,8,8
6862,18,0,0,2,671,597,2,1
6863,27,-28,0,0.755,1108,1108,1,1
6865,-1,0,0,0,,,,
6869,191,0,-2.172,-0.113,3572,3575,18,26
6870,-3,0,0,0.059,,,,
6872,3,0,0,0,,,,
6873,90,0,0,-3.905,3291,3305,49,47
6874,2,0,0,0,,,,
6875,-61,0,0,0,,,,
6877,82.5,0,0,5.44,5773,5662,21,16
6885,-114,0,1,0,1712,1714,51,51
6887,-18,0,1,0,69,56,0,0
6890,11.024,40,10,0,2413,2388,16,14
6894,-1,0,0,0,,,,
6895,-212,0,-5,13.671,1626,1742,160,191
6899,,,,,31,29,0,0
6901,-492,0,0,0,2971,2896,26,4
6902,-18,0,0,0,362,357,0,0
6903,21,0,0,0,245,240,0,0
6904,0,0,0,0.099,,,,
6906,1,0,0,0,595,596,0,0
6909,-20,0,0,0,,,,
6913,98,0,-23,16.358,1056,1085,8,7
6914,39,0,0,0,453,446,0,0
6916,-17,0,0,0,672,679,0,0
6918,-2,0,1,0,,,,
6919,-800.924,-25,0,5,,,,
6922,7,0,0,-0.342,,,,
6923,64,0,-0.943,0,3443,3516,18,18
6924,-5,0,0,8.95,,,,
6925,57,0,0,0.022,,,,
6928,-15,0,-0.001,0,1245,1187,44,44
6931,3,0,0,0,9,9,0,0
6933,-1,0,0,0,692,685,4,4
6936,-12,0,0,0,,,,
6937,-50,-14,5,-23.605,1443,1444,26,27
6944,-73.94,0,3,0,,,,
6949,-6,0,0,0.004,2203,2194,4,4
6951,-2,0,0,0,30,30,0,0
6952,-1,0,0,0,47,45,0,0
6953,3,0,0,0,45,45,0,0
6957,34,0,0,0,822,821,9,8
6958,-5,0,0,0,52,52,0,0
6962,103,0,0,0.326,6044,6162,29,38
6965,-52,0,0,0,19,14,0,0
6967,5,0,0,0,,,,
6968,-3,0,0,0,437,437,0,0
6969,-2,0,0,-3,,,,
6971,10,0,0,0,,,,
6982,17,0,0,0,707,709,192,192
6988,0,0,0,4,,,,
6994,4.95,0,0,0.03,995,998,3,3
6996,-9,0,0,0,176,173,0,0
6997,0,0,3,0,,,,
7402,275,0,-408,2.424,5161,4919,700,674
7547,8,0,0,0,,,,
7556,-5,0,0,0,,,,
7584,-1,0,0,0,,,,
7610,17,0,0,0,,,,
7631,0,0,0,0,,,,
7642,0,0,0.02,0,,,,
7703,1,0,-0.365,0,398,405,13,13
7704,-1,0,0,0,37,40,0,0
7705,0,0,1,0,78,78,0,0
7709,0,0,-8,0,,,,
7712,-1,0,-3,0,80,78,0,0
7713,-2,0,0,0,,,,
7714,-9,0,0,0,,,,
7715,-55,0,0,0,71,46,0,0
7718,,,,,7,7,0,0
7721,-13,0,0,0,,,,
7722,4.178,0,0,0,576,576,0,0
7723,14,0,0,0,,,,
7728,16.975,0,0,70.752,,,,
7732,-1,0,0,0,76,73,0,0
7734,-1.743,0,-3,-1,,,,
7736,-17,0,0,0,38,0,0,0
7740,12,0,-11,0.853,,,,
7747,-4,0,0,400,,,,
7749,49.015,0,0,0,,,,
7750,-28.795,0,9,0,,,,
7751,-74.995,0,0.006,0,,,,
7753,-2,0,0,0,,,,
7765,3.6,0,0,0,,,,
7780,-29,0,0,0,,,,
7799,151,0,-6,0,,,,
8011,-254,0,5,0,4856,4809,28,23
8016,10,-5.72,1.985,-10.302,1890,1880,5,5
8021,1269.44,121,72.393,0,26724,26700,5739,6010
8024,-3,0,0,0,449,449,0,0
8027,-55,0,0,-0.279,6234,6232,293,301
8028,176.606,-43,34,-105.921,13652,13810,2324,2279
8032,272.5,0,0,0.467,1069,1143,1,0
8033,-399,0,42,-66,7768,7965,1508,1500
8034,113,0,0,0,3514,3525,128,125
8038,-56,0,0,-0.543,,,,
8039,864.667,0,10,-4.249,12602,12828,97,123
8040,14,0,0,-0.078,1053,1061,14,14
8042,-309.05,0,-1,19.162,2080,2090,56,61
8043,228,0,-1,0.144,4888,4116,1155,776
8044,-338,0,-2,0.509,2250,2182,50,66
8045,-6,0,-1.596,-0.004,4762,4761,42,47
8046,3292.644,333,128.3,695.712,14701,11062,2809,2316
8047,-14,0,-5,0.814,622,770,0,0
8048,-79,0,0,0,1864,1854,1,1
8049,10,0,0,-0.103,421,422,1,1
8050,21,0,0,-0.105,3198,3216,16,16
8054,-1613,0,65.1,23.887,11409,10264,692,625
8059,-78,0,0,-0.048,0,0,0,0
8064,220,0,-0.637,8.118,6798,6460,415,408
8066,,,,,521,523,0,0
8067,0,0,-0.001,0,,,,
8068,20,0,0,0,1316,1309,3,3
8069,-308.164,-24,78,21.725,5524,5472,70,69
8070,2364.49,5,-15,156.055,8671,8093,32,18
8071,-2,0,0,0,3067,3119,16,32
8072,78,0,0,-0.098,2563,2599,28,46
8074,-214,0,0,0,4280,4265,183,200
8076,-15,0,0,0.362,8807,8807,3,4
8080,,,,,0,0,0,0
8081,-8,-21,-0.001,2.005,1184,1197,1,1
8083,-2,0,0,0,100,102,0,0
8084,-2,0,0,5,,,,
8085,-259,0,0,-0.267,4780,4781,12,12
8086,-415,0,15.114,-8.239,3621,3633,112,153
8087,-2,0,0,0,55,55,0,0
8088,964,0,0,0,6092,6292,125,136
8089,-45,0,0,0.361,3888,3885,746,737
8091,-15,0,0,-0.407,489,486,0,0
8092,-6,0,0,0,,,,
8093,0,0,0,0,0,0,0,0
8096,2801,0,0,424.172,16115,14267,400,113
8097,-31,0,0,0,9500,9427,10,10
8099,-36,0,0,0,9454,9417,27,27
8101,,,,,0,0,0,0
8103,204.8,0,-19,0,3561,3465,14,11
8104,31.93,0,0,0,3206,3280,436,312
8105,-262,0,0,0,11090,11122,96,97
8107,27,0,0,-0.022,2608,2606,0,0
8109,33,0,0,-6,978,1007,0,0
8110,584.5,0,239.725,0,11168,11995,2668,378
8111,-334,0,0,-85.275,10840,10843,126,197
8112,-2212,0,-29.597,-220.905,8084,7796,138,136
8114,-106,0,-0.664,0,1176,1145,27,27
8121,-117,0,0,0.217,0,0,0,0
8131,55,0,42,0,1210,1302,0,2
8147,-25,0,0,1.851,1529,1525,2,2
8150,-3353.64,0,-90.437,-80,4707,5172,86,103
8155,-107,0,121,4.021,4083,4016,1119,1117
8162,47,0,-1,-6.062,,,,
8163,-119,0,-0.924,-0.301,1405,1398,4,4
8171,25,0,0,0,7688,7687,752,768
8176,1,0,0,0.366,0,0,0,0
8182,-2,0,0,0,883,901,15,15
8183,108,0,0,11.949,2660,2669,2,19
8201,-26,0,0,0,0,0,0,0
8210,479.2,-178,4,47.482,2538,2395,251,242
8213,-11,0,10,0,2272,2298,2,2
8215,-73,-2,0,0,1391,1396,7,7
8222,152,0,0,0,4826,4808,274,273
8227,401,0,0,59.719,3345,3365,65,55
8234,322.347,0,0,-5.945,6562,6708,75,79
8240,40,0,0,-0.22,2072,2071,23,23
8249,5839,0,25.334,4.55,5466,5155,173,139
8255,172,-196,-0.379,0.46,2319,2371,7,18
8261,166,0,-0.036,8.908,3137,3082,58,59
8271,-221,0,42,0,3703,3758,43,41
8272,1,0,0,0,,,,
8277,-49,0,0,-0.316,0,0,0,0
8279,2,0,0,0,,,,
8284,,,,,21,21,0,0
8289,14,0,0,0,1795,1800,0,0
8299,132.762,659,-84.822,-42.68,7561,6530,835,765
8341,-41,0,-2.454,0,268,266,0,0
8342,0,0,0,0,2,2,0,0
8349,-3,0,0,-0.03,1540,1568,0,0
8354,-27,0,0,0.017,1195,842,0,0
8358,266.525,-756,-86.954,78.818,47855,48729,11452,11736
8367,-12,0,0,0,118,118,0,0
8374,-72,0,0,1.6,2654,2649,147,158
8383,59,0,0,0.457,2267,2289,4,4
8390,-47,0,-0.027,-27.096,2208,2216,31,19
8401,2,0,0,0,315,315,0,0
8403,-6,0,0,0,743,743,0,0
8404,129,0,-33,0,5453,5937,300,283
8409,0,0,0,0.143,,,,
8410,-21,0,0,-0.352,1767,1752,2,2
8411,-4,0,-1,0,44,55,0,0
8415,202,12,-166,-0.903,1245,1225,0,0
8421,-1,0,0,0,561,536,0,0
8422,49,-10,-52,1.911,2145,2111,188,180
8423,0.58,0,0,0,352,352,0,0
8424,-1,0,0,0,6,6,0,0
8426,2,0,0,0.964,633,634,0,0
8429,-137,0,-3,0,10044,9981,23,22
8431,3,0,0,-0.069,4162,4164,19,19
8432,6,0,0,0.019,101,100,0,0
8433,-2,0,0,0,231,226,3,4
8435,,,,,47,47,0,0
8436,-20,-1,0,1.739,1921,1995,3,5
8437,-1,0,0,0,444,444,2,2
8438,-1,0,0,0,654,653,0,0
8440,5.35,0,0,-0.004,972,976,0,0
8442,-13,0,7,0,760,756,0,0
8443,0,0,0,0,117,114,0,0
8444,7,0,0,0,376,376,0,0
8446,-8,0,0,-0.001,235,236,0,0
8450,-11,0,0,0,324,321,0,0
8454,-26.416,0,0,-0.199,698,688,22,19
8462,-61,0,-0.207,0,746,738,15,17
8463,-20,0,0,0,684,688,0,0
8464,-111.916,-225,-5,-6.986,2195,2178,4,3
8466,-13,0,0,0,958,924,0,1
8467,65,0,0,0.133,678,688,0,0
8472,-10,0,0,0,,,,
8473,-212,0,-3,0,2677,2695,1,1
8476,11,0,-1,0,7706,7716,5,0
8477,-2,0,0,0,0,0,0,0
8478,-102,0,3,-7.978,1264,1393,29,36
8481,,,,,10,10,0,0
8482,-13,0,6,7,243,241,0,0
8487,,,,,5,5,0,0
8488,1,0,0,0,32,33,0,0
8489,-21,0,0,0,2866,2866,60,66
8499,0,0,-0.079,0,678,677,9,8
8905,2,0,0,0,52,52,0,0
8906,,,,,268,268,0,0
8908,0,0,0,0,63,63,0,0
8916,-7,0,-34,7.789,185,175,0,0
8917,2,0,0,2,4,1,0,0
8923,,,,,415,419,0,0
8924,-6,0,0,0,413,431,12,12
8926,-43,12,0.038,0,1257,1233,10,10
8927,-1258,0,0,0,5863,6053,1289,1290
8928,-1,0,0,0,347,347,0,0
8929,3,0,0,0,320,320,0,0
8930,-11,0,0,0,857,858,0,0
8931,-7,0,0,0,5867,5858,0,0
8932,133,0,0,-3,16101,16044,32,33
8933,0,0,0,0.885,0,0,0,0
8935,-138,0,0,0,0,0,0,0
8936,-71,0,30,-0.741,12838,12800,6,6
8937,-125,0,0,-3.366,7969,7936,104,108
8938,-27,0,-0.111,0,1023,1022,0,0
8940,2,0,0,0,109,109,0,0
8941,-2,0,0,0,22,22,0,0
8942,-183.002,0,0,0,454,422,5,4
8996,1457.729,-353,-84.241,-18,6700,6685,712,701
9103,-7,0,0,0,2538,2518,14,14
910322,-70,0,0,0,0,0,0,0
9105,-1228,0,0,-30.995,51477,51534,112,92
910861,,,,,0,0,0,0
911868,49,0,0,0,0,0,0,0
912000,34,0,1.312,0,5416,5283,0,0
9136,1,0,0,0,8729,8732,0,0
9802,725,0,-39.957,18,2500,2413,18,18
9902,-49,0,0,0,2683,2702,10,11
9904,-2618,-88,31.409,14.583,15552,15383,35,37
9905,-32,0,0,0,145,145,0,0
9906,-83,0,0,0,528,534,55,51
9907,45,-3,0,0,6080,6079,7,7
9908,-11.999,0,0,0,12,12,0,0
9910,406.435,7,-1.024,0,442,435,4,5
9911,43,4,2,0,348,339,0,0
9912,-1,0,0,0,0,0,0,0
9914,3,0,-34.7,0,1626,1649,28,28
9917,-185,-38,0,0,149,133,0,0
9918,-1,0,0,0,2,2,0,0
9919,47,0,0,0,9995,9984,9,9
9921,-143.861,0,0.538,4.57,1724,1742,142,147
9924,,,,,627,627,0,0
9925,-3.999,0,0,0,3,3,0,0
9926,-1,0,0,0,1,1,0,0
9927,2,0,0,0,196,196,9,9
9928,,,,,507,514,0,0
9929,-1,0,0,0,0,0,0,0
9930,-31,0,1,0,18,18,0,0
9931,-1,0,0,0,32,32,0,0
9933,153.092,0,49.904,0,6115,6104,33,30
9934,-80,0,0,0,5907,5916,2,2
9935,-137,0,-2,0,1820,1808,23,3
9937,-3,0,0,0,406,408,0,0
9938,139,0,30,-5.042,2701,2626,5,5
9939,-277,-81,5.113,0.001,1142,1127,12,11
9940,-111,0,-0.104,0,196,198,9,0
9941,-172.9,0,-0.002,-1.097,861,837,1,1
9942,-4,0,0,0,261,261,0,0
9943,9,0,0,0,73,72,0,0
9944,0,0,0,0,5573,5572,0,0
9945,-3788,-1,-4.175,-21.991,24737,24603,17,18
9946,-97,0,-0.247,0,2756,2774,0,0
9949,,,,,0,0,0,0
9950,4,0,0,0,0,0,0,0
9951,-19,0,0,0,333,335,0,0
9955,-31,0,0,0,2114,2146,44,45
9958,20.1,-1,-26.008,-26.529,17357,17369,125,121
9960,0,0,0,0.054,114,114,0,0
9962,-2,0,0,0,326,324,10,0
