code,fgn,inv,dlrSelf,dlrHedge,mgn,mgnPrev,shrt,shrtPrev
0050,-16478.315,-3100,-5377.198,-4129.63,,,,
0051,1.061,0,-21,27.026,,,,
0052,-16.546,0,0,-70.787,,,,
0053,-3,0,0,-3.999,,,,
0055,9,0,0,2.151,,,,
0056,2508.633,0,396,2098.994,,,,
0057,0.1,0,0,0,,,,
0061,30,0,0,264.926,,,,
006201,1,-100,0,66.65,162,162,0,0
006204,-1,0,0,-2.921,,,,
006205,11,0,-10,312.36,,,,
006206,-8,0,0,130.652,,,,
006207,-55,0,0,0.498,,,,
006208,409.235,0,0,704.069,,,,
00631L,691,0,-7,-1672.435,,,,
00632R,384,0,-494,4607.947,,,,
00633L,74,0,-150,-1183.953,,,,
00634R,0,0,0,929.289,,,,
00635U,-20,0,0,1071.171,,,,
00636,-120,0,35,-39.984,,,,
00636K,0,0,0,0,,,,
00637L,-4986,0,879,-7412.752,,,,
00638R,0,0,0,200.605,,,,
00639,281,0,-70,292.272,,,,
00640L,-1,0,0,71.05,,,,
00641R,0,0,0,-65.058,,,,
00642U,-4,0,0,922.066,,,,
00643,109,0,0,-29.98,,,,
00645,41,0,0,-9.284,,,,
00646,1273.55,0,0,5734,,,,
00647L,-2,0,0,199.22,,,,
00648R,6,0,0,-268,,,,
00650L,-5971,0,0,-543.423,,,,
00651R,0,0,0,804.65,,,,
00652,-3.969,0,0,708.539,,,,
00653L,0,0,0,-16.51,,,,
00654R,0,0,0,-22,,,,
00655L,-42,0,0,-107.71,,,,
00656R,0,0,0,374.32,,,,
00657,1,0,0,0.836,,,,
00657K,0,0,0,0,,,,
00660,0.23,0,0,6,,,,
00661,0,0,0,9.798,,,,
00662,-11,0,0,-936.184,,,,
00663L,0,0,-9,-2901.555,,,,
00664R,0,0,-40,4707.349,,,,
00665L,-5378,0,81,-26798.561,,,,
00666R,44,0,0,156,,,,
00668,-1,0,0,42.615,,,,
00668K,0,0,0,0,,,,
00669R,0,0,0,-746.911,,,,
00670L,-7,0,0,237.428,,,,
00671R,0,0,0,-9554,,,,
00673R,0,0,0,-3288.28,,,,
00674R,0,0,0,-570.153,,,,
00675L,-244.169,0,-6,-173.386,,,,
00676R,0,0,-10,790.482,,,,
00678,0,0,15,-15.275,,,,
00679B,2995.688,-1600,2099,2167.226,20589,20690,16,16
00680L,-4263,0,0,6747.106,,,,
00681R,0,0,0,19,,,,
00682U,0,0,0,1,,,,
00683L,-5,0,0,192.064,,,,
00684R,0,0,0,3,,,,
00685L,-3,0,0,-156.767,,,,
00686R,0,0,-25,10.56,,,,
00687B,1454.51,0,226,-709.421,28140,28186,758,758
00687C,0,0,0,0,,,,
00688L,7,0,0,1497.853,,,,
00689R,0,0,0,-1,,,,
00690,-1,0,0,-218.261,,,,
00692,-15.975,0,0,-610.152,,,,
00693U,0,0,0,-1166.385,,,,
00694B,11,0,0,-40.313,0,2,0,0
00695B,-1,0,0,16.042,0,0,0,0
00696B,824.036,0,300,-1179.717,373,374,0,0
00697B,0,0,0,-100.835,40,40,0,0
00700,-204.861,0,0,311.743,,,,
00701,242,0,0,-526.149,,,,
00702,0.4,0,0,10.36,,,,
00703,0,0,0,-61.838,,,,
00706L,0,0,0,2614.999,,,,
00708L,-6,100,0,1026.209,,,,
00709,8,0,0,-7,,,,
00710B,0,0,0,12.01,,,,
00711B,-2.42,0,0,-18.768,,,,
00712,2195.109,0,300,-3700.348,,,,
00713,831.096,0,0,2749.392,,,,
00714,55,0,0,17.361,,,,
00715L,150,0,0,9791.561,,,,
00717,12,0,0,11,,,,
00719B,275,0,49,-1140.547,209,197,0,0
00720B,126,0,0,342.45,4215,4213,2,2
00722B,74,0,0,-95.389,145,147,0,0
00723B,0,0,0,0.081,114,114,0,0
00724B,268,0,0,-229.521,41,41,0,0
00725B,1444,0,0,-1352.359,1452,1453,2,0
00726B,235,0,0,126.82,8,8,0,0
00727B,0,0,0,1.032,1,1,0,0
00728,0,0,0,29.586,,,,
00730,0,0,0,24.394,,,,
00731,16,0,0,38.337,,,,
00733,-20,0,0,-157.434,,,,
00734B,0,0,0,0,4,4,0,0
00735,84,0,0,175,,,,
00736,0,0,2,10,,,,
00737,-2.183,0,0,32.949,,,,
00738U,2,0,0,363.294,,,,
00739,0,0,0,-10.838,,,,
00740B,325,0,0,-256.408,140,147,0,0
00741B,0,0,0,-3.05,11,11,0,0
00746B,6,0,0,10.999,1,1,0,0
00749B,0,0,0,-5,0,0,0,0
00750B,0,0,0,0,0,0,0,0
00751B,-477,0,0,-77.528,7015,7024,2,2
00752,-517.9,0,0,-2814.618,,,,
00753L,-5956,0,25,-21251.528,,,,
00754B,0,0,0,-0.03,0,0,0,0
00755B,80,0,0,-57.977,0,0,0,0
00756B,18,0,0,10,27,27,0,0
00757,-893.775,-41,-12,-2548.957,,,,
00758B,0,0,0,0,0,0,0,0
00759B,0,0,0,-0.02,0,0,0,0
00760B,1,0,0,-1.496,3,3,0,0
00761B,101,0,0,-116.812,33,33,0,0
00762,1,0,0,20.803,,,,
00763U,0,0,0,-846.829,,,,
00764B,346,0,28,-340.977,695,695,0,0
00768B,548,0,0,114.942,25,26,0,0
00770,1952,0,0,2712.997,,,,
00771,0,0,0,2,,,,
00772B,831.25,0,0,-590.221,2489,2489,0,0
00773B,511.25,0,0,-384.999,313,313,0,0
00777B,1,0,0,0,0,0,0,0
00778B,11,0,0,-11,0,0,0,0
00779B,6,0,0,8,0,0,0,0
00780B,0,0,0,0.9,0,0,0,0
00781B,0,0,0,-8.96,6,6,0,0
00782B,-1,0,0,-0.06,19,19,0,0
00783,-9,0,0,69.253,,,,
00785B,1,0,0,0,0,0,0,0
00786B,0,0,0,53.82,16,16,0,0
00787B,0,0,0,-1,0,0,0,0
00788B,6,0,0,96.833,7,7,0,0
00789B,43,0,0,-37.001,100,100,0,0
00791B,0,0,0,0,0,0,0,0
00792B,-3,0,0,-3,0,0,0,0
00793B,0,0,0,-1,0,0,0,0
00795B,2295,0,243,-1779.405,4951,4955,2,2
00799B,0,0,0,-38.092,13,13,0,0
00830,4898.509,0,3,4911.231,,,,
00834B,0,0,0,0,0,0,0,0
00836B,11,0,0,-10.67,1,1,0,0
00840B,0,0,0,0,0,0,0,0
00841B,0,0,0,1,0,0,0,0
00842B,0,0,0,-3,0,0,0,0
00844B,72,0,0,-71,2,2,0,0
00845B,-1,0,0,-10,0,0,0,0
00846B,0,0,0,-1.063,0,0,0,0
00847B,0,0,0,8.875,0,0,0,0
00848B,-30,0,0,30,0,0,0,0
00849B,0,0,0,1.17,0,0,0,0
00850,131,0,0,-286.186,,,,
00851,1,0,0,33,,,,
00852L,-2,0,0,179.992,,,,
00853B,28,0,0,10.416,12,12,0,0
00856B,0,0,0,0,0,0,0,0
00857B,128,0,0,591.578,1606,1497,0,0
00858,12,0,0,159.463,287,286,0,0
00859B,0,0,0,-37.024,10,10,0,0
00860B,0,0,0,-1.73,0,0,0,0
00861,-1,0,0,87.278,,,,
00862B,405,0,0,-413,10,10,0,0
00863B,-3,0,0,0.933,0,0,0,0
00864B,-80,0,162,-398,18,18,0,0
00865B,-112,0,0,-1021.048,,,,
00867B,0,0,0,0,0,0,0,0
00870B,0,0,0,-0.002,0,0,0,0
00875,-2,0,23,157.949,,,,
00876,-1,0,0,247.688,,,,
00877,257,0,0,-5016.234,4208,3975,356,395
00878,1132.666,0,74,-9714.432,,,,
00881,-68,0,5,-6392.763,,,,
00882,4015.1,0,0,5351.17,,,,
00883B,-1,0,0,-2.664,0,0,0,0
00884B,0,0,0,0.099,0,0,0,0
00885,1109.9,0,0,487.531,,,,
00886,-1,0,0,0,0,0,0,0
00887,188,0,0,1834.514,36778,35868,339,458
00888,2,0,0,22.954,83,83,0,0
00890B,13,0,0,-7,4,4,0,0
00891,836,0,0,-51.593,,,,
00892,13,0,0,187.923,,,,
00893,-573.8,0,0,805.042,,,,
00894,69,0,0,-90.425,,,,
00895,-155,0,0,102.28,,,,
00896,13,0,0,-46.082,,,,
00897,542,0,0,-321.888,,,,
00898,-7,0,0,21.924,,,,
00899,-1,0,0,9.208,,,,
00900,2919,900,0,-3180.932,,,,
00901,0,0,0,50,,,,
00902,374,0,0,276.317,,,,
00903,16,0,0,177.561,,,,
00904,0,0,0,298.191,,,,
00905,231,0,0,98.155,,,,
00907,133,0,0,73.342,,,,
00908,220,0,0,-200.729,,,,
00909,193,0,1,571.044,,,,
00910,-13.792,0,0,-281.187,,,,
00911,-0.33,0,0,200.102,,,,
00912,6.065,0,0,70.393,,,,
00913,8,0,0,81.022,,,,
00915,1860,0,0,769.922,,,,
00916,99,0,0,137.563,,,,
00917,315,0,0,193.075,,,,
00918,596.982,0,0,-2082.578,,,,
00919,260.133,0,64,-26446.22,,,,
00920,0,0,0,25.048,,,,
00921,111,0,0,67.534,,,,
00922,178.2,0,0,-2551.761,,,,
00923,-5.94,0,0,-385.212,,,,
00924,-28,0,0,-98.627,,,,
00926,-8,0,0,212,,,,
00927,708.1,0,0,499.358,,,,
00928,-16,0,0,132.566,63,63,6,6
00929,2814.94,0,200,29418.32,,,,
00930,23,0,0,438.239,,,,
00931B,259,0,0,327.448,5641,5643,0,0
00932,14,0,0,839.244,,,,
00933B,1297.25,0,0,-1076.832,2312,2326,0,0
00934,236.945,0,0,3593.312,,,,
00935,184.05,0,0,-863.514,,,,
00936,242,0,0,2208.712,,,,
00937B,2150,0,-10,-2494.801,22164,22147,12,12
00938,0,0,0,83.817,,,,
00939,295.999,0,0,1557.462,,,,
00940,627.877,0,0,32800.215,,,,
00941,1312,0,0,1188.992,,,,
00942B,-5,0,0,39.883,323,181,0,0
00943,70,0,0,295.968,,,,
00944,547,0,0,332.297,,,,
00945B,249.1,0,0,-1031.556,,,,
00946,475,0,0,3757.447,,,,
00947,158,0,-215,509.406,,,,
00948B,3290,0,0,-68.105,1480,1480,0,0
00949,404,0,0,-88.671,,,,
00950B,856,0,0,-1307.829,2859,2999,0,0
00951,552,0,0,1013.365,,,,
00952,19.05,0,0,665.159,,,,
00953B,-87,0,0,-12061,,,,
00954,281,0,0,404.312,,,,
00955,363.452,0,0,-1475.911,1551,1576,10,10
00956,-3,0,0,152.803,,,,
00957B,-13,0,0,63.12,203,203,0,0
00958B,0,0,0,171.255,470,470,0,0
00959B,25,0,0,-149.087,1534,1534,0,0
00960,18,0,0,1005.463,,,,
00961,789.1,0,0,-628.912,,,,
00962,18,0,0,-141.427,,,,
00963,5,0,0,-69,,,,
00964,-21,0,0,27.635,,,,
00965,-301.853,0,0,114.313,,,,
00966B,-1,0,0,180.645,108,108,0,0
00967B,27,0,0,-6.505,90,116,0,0
00968B,1205,0,0,-661.678,190,190,0,0
00969B,-3,0,0,213.327,920,920,0,0
00970B,673,0,0,23.876,6400,6456,0,2
00971,-4,0,0,193.777,,,,
00972,-1,0,0,-26.635,,,,
009800,-21,0,0,-32.218,,,,
009801,-35,0,0,2087.545,,,,
009802,97,0,0,2191.447,,,,
009803,12,0,0,-25.55,,,,
009804,0,0,0,-851.05,,,,
009805,-1500,0,0,1844.858,,,,
009806,-2,0,0,-29.41,0,10,0,0
009807,-14,0,0,-240.842,22,22,0,0
009808,7,0,0,-81.149,,,,
00980A,177,0,-7,494.769,,,,
00980B,0,0,0,-100.023,37,13,0,0
00980D,0,0,0,-420.968,35,55,0,0
00980T,-10,0,0,1315.451,109,109,0,0
009810,0,0,-1500,1367.275,,,,
009811,11,0,0,-2359.817,,,,
00981A,-144.925,0,-409,-17797.035,,,,
00981B,-1154,0,0,-7942.627,10398,10316,0,0
00982A,-501,0,132,-3448.138,,,,
00982B,49,0,0,109.94,242,242,0,0
00983A,-33,0,-105,-681.887,,,,
00983B,0,0,0,20.915,1,1,0,0
00984A,177,0,250,-720.481,,,,
00984B,935,0,0,-850.087,30,30,0,0
00985A,214,0,0,-420.826,,,,
00986A,11,0,-3000,2880.781,,,,
01002T,-1,0,0,0,,,,
02001L,0,0,0,-10,,,,
02001R,0,0,0,-10,,,,
020020,0,0,0,6,,,,
020023,0,0,0,24,,,,
020025,0,0,0,39,,,,
020027,0,0,0,8,,,,
020028,0,0,0,5,,,,
020029,0,0,0,14,,,,
020030,0,0,0,-1,,,,
020032,0,0,0,6,,,,
020033,0,0,0,-63,,,,
020034,0,0,0,2,,,,
020036,0,0,0,-1,,,,
020038,0,0,0,7,,,,
020039,0,0,0,7,,,,
020040,0,0,0,-1,,,,
030001,0,0,0,11,,,,
030002,0,0,0,34,,,,
030003,0,0,0,33,,,,
030004,0,0,0,-46,,,,
030005,0,0,0,5,,,,
030006,0,0,0,297,,,,
030007,0,0,0,-17,,,,
030008,0,0,0,-80,,,,
030009,0,0,0,201,,,,
030010,0,0,0,79,,,,
030011,0,0,0,-16,,,,
030012,0,0,0,-25,,,,
030015,0,0,0,-61,,,,
030017,0,0,0,38,,,,
030018,0,0,0,5,,,,
030019,0,0,0,18,,,,
03001U,0,0,0,11,,,,
030020,0,0,0,-2,,,,
030021,0,0,0,50,,,,
030023,0,0,0,219,,,,
030024,0,0,0,273,,,,
030025,0,0,0,-8,,,,
030026,0,0,0,-60,,,,
030028,0,0,0,-30,,,,
030030,0,0,0,50,,,,
030032,0,0,0,-24,,,,
030033,0,0,0,-9,,,,
030034,0,0,0,26,,,,
030035,0,0,0,174,,,,
030036,0,0,0,-768,,,,
030037,0,0,0,-87,,,,
030038,0,0,0,73,,,,
030039,0,0,0,-252,,,,
030040,0,0,0,-10,,,,
030041,0,0,0,685,,,,
030042,0,0,0,-3,,,,
030043,0,0,0,-37,,,,
030045,0,0,0,-83,,,,
030046,0,0,0,279,,,,
030047,0,0,0,4,,,,
030048,0,0,0,5,,,,
030049,0,0,0,9,,,,
03004U,0,0,0,-136,,,,
030050,0,0,0,-720,,,,
030052,0,0,0,-646,,,,
030053,0,0,0,5,,,,
030054,0,0,0,145,,,,
030055,0,0,0,267,,,,
030057,0,0,0,433,,,,
030058,0,0,0,492,,,,
030059,0,0,0,-20,,,,
03005U,0,0,0,0,,,,
030060,0,0,0,-223,,,,
030061,0,0,0,197,,,,
030062,0,0,0,-78,,,,
030063,0,0,0,-12,,,,
030067,0,0,0,6,,,,
030068,0,0,0,-5,,,,
030069,0,0,0,43,,,,
03006U,0,0,0,-60,,,,
030070,0,0,0,-12,,,,
030071,0,0,0,106,,,,
030072,0,0,0,1,,,,
030074,0,0,0,-2,,,,
030076,0,0,0,-15,,,,
030077,0,0,0,1662,,,,
030078,0,0,0,218,,,,
030079,0,0,0,240,,,,
03007U,0,0,0,10,,,,
030080,0,0,0,-61,,,,
030081,0,0,0,38,,,,
030082,0,0,0,-128,,,,
030083,0,0,0,1409,,,,
030084,0,0,0,468,,,,
030085,0,0,0,-186,,,,
030086,0,0,0,-45,,,,
030087,0,0,0,-355,,,,
030088,0,0,0,100,,,,
030089,0,0,0,10,,,,
03008U,0,0,0,-1,,,,
030090,0,0,0,-104,,,,
030091,0,0,0,68,,,,
030092,0,0,0,148,,,,
030093,0,0,0,-25,,,,
030094,0,0,0,-172,,,,
030095,0,0,0,-17,,,,
030096,0,0,0,119,,,,
030097,0,0,0,-54,,,,
030098,0,0,0,709,,,,
030099,0,0,0,65,,,,
030100,0,0,0,13,,,,
030101,0,0,0,-67,,,,
030103,0,0,0,287,,,,
030105,0,0,0,-30,,,,
030106,0,0,0,22,,,,
030107,0,0,0,-3,,,,
030108,0,0,0,-179,,,,
030109,0,0,0,105,,,,
03010U,0,0,0,87,,,,
030110,0,0,0,197,,,,
030112,0,0,0,1,,,,
030113,0,0,0,55,,,,
030115,0,0,0,6,,,,
030116,0,0,0,36,,,,
030120,0,0,0,18,,,,
030122,0,0,0,-100,,,,
030124,0,0,0,-61,,,,
030127,0,0,0,-5,,,,
030128,0,0,0,35,,,,
030129,0,0,0,118,,,,
030130,0,0,0,-48,,,,
030131,0,0,0,-20,,,,
030132,0,0,0,-158,,,,
030133,0,0,0,-420,,,,
030137,0,0,0,-47,,,,
030138,0,0,0,169,,,,
030139,0,0,0,-47,,,,
030140,0,0,0,-33,,,,
030141,0,0,0,-80,,,,
030143,0,0,0,4,,,,
030145,0,0,0,-72,,,,
030147,0,0,0,-29,,,,
030148,0,0,0,0,,,,
03014U,0,0,0,-3,,,,
030151,0,0,0,-23,,,,
030152,0,0,0,-574,,,,
030154,0,0,0,45,,,,
030158,0,0,0,-243,,,,
030159,0,0,0,-20,,,,
030160,0,0,0,-16,,,,
030165,0,0,0,-40,,,,
030167,0,0,0,-153,,,,
030168,0,0,0,208,,,,
030169,0,0,0,-3,,,,
03016U,0,0,0,-20,,,,
030171,0,0,0,39,,,,
030172,0,0,0,-15,,,,
030173,0,0,0,20,,,,
030174,0,0,0,-5,,,,
030175,0,0,0,-11,,,,
030177,0,0,0,-148,,,,
030178,0,0,0,60,,,,
030179,0,0,0,-4,,,,
03017U,0,0,0,-45,,,,
030181,0,0,0,-11,,,,
030183,0,0,0,-142,,,,
030184,0,0,0,40,,,,
030185,0,0,0,153,,,,
030188,0,0,0,-98,,,,
030189,0,0,0,-100,,,,
030191,0,0,0,12,,,,
030192,0,0,0,2,,,,
030193,0,0,0,24,,,,
030194,0,0,0,3,,,,
030195,0,0,0,-7,,,,
030196,0,0,0,28,,,,
030197,0,0,0,259,,,,
030198,0,0,0,20,,,,
03019U,0,0,0,5,,,,
030201,0,0,0,-8,,,,
030202,0,0,0,-724,,,,
030203,0,0,0,101,,,,
030204,0,0,0,-72,,,,
030205,0,0,0,-8,,,,
030206,0,0,0,-38,,,,
030207,0,0,0,30,,,,
030208,0,0,0,-48,,,,
030209,0,0,0,-50,,,,
03020U,0,0,0,1,,,,
030210,0,0,0,5,,,,
030211,0,0,0,-42,,,,
030212,0,0,0,77,,,,
030213,0,0,0,0,,,,
030214,0,0,0,-350,,,,
030215,0,0,0,-100,,,,
030216,0,0,0,6,,,,
030217,0,0,0,1,,,,
030218,0,0,0,25,,,,
030219,0,0,0,-221,,,,
030220,0,0,0,34,,,,
030221,0,0,0,-50,,,,
030222,0,0,0,80,,,,
030223,0,0,0,69,,,,
030224,0,0,0,-20,,,,
030225,0,0,0,-27,,,,
030226,0,0,0,43,,,,
030227,0,0,0,-67,,,,
030228,0,0,0,18,,,,
030229,0,0,0,88,,,,
030230,0,0,0,-10,,,,
030231,0,0,0,-13,,,,
030232,0,0,0,-6,,,,
030233,0,0,0,3,,,,
030234,0,0,0,-5,,,,
030235,0,0,0,15,,,,
030236,0,0,0,-9,,,,
030237,0,0,0,1,,,,
030238,0,0,0,-346,,,,
030239,0,0,0,276,,,,
03023U,0,0,0,-3,,,,
030240,0,0,0,-7,,,,
030241,0,0,0,-88,,,,
030242,0,0,0,-1,,,,
030243,0,0,0,-25,,,,
030244,0,0,0,10,,,,
030245,0,0,0,12,,,,
030246,0,0,0,-79,,,,
030247,0,0,0,17,,,,
030248,0,0,0,-169,,,,
030249,0,0,0,-35,,,,
03024U,0,0,0,-9,,,,
030250,0,0,0,341,,,,
030251,0,0,0,-656,,,,
030253,0,0,0,-10,,,,
030254,0,0,0,-11,,,,
030257,0,0,0,33,,,,
030258,0,0,0,8,,,,
030259,0,0,0,33,,,,
03025U,0,0,0,4,,,,
030260,0,0,0,75,,,,
030262,0,0,0,-135,,,,
030263,0,0,0,-27,,,,
030264,0,0,0,-47,,,,
03026X,0,0,0,8,,,,
030270,0,0,0,-2,,,,
030271,0,0,0,-4,,,,
030273,0,0,0,296,,,,
030274,0,0,0,-28,,,,
030275,0,0,0,-235,,,,
030276,0,0,0,78,,,,
030277,0,0,0,30,,,,
030279,0,0,0,-38,,,,
03027X,0,0,0,2,,,,
030280,0,0,0,34,,,,
030283,0,0,0,14,,,,
030284,0,0,0,4,,,,
030285,0,0,0,16,,,,
030286,0,0,0,13,,,,
030287,0,0,0,-15,,,,
030289,0,0,0,-37,,,,
03028U,0,0,0,0,,,,
030290,0,0,0,-10,,,,
030292,0,0,0,-15,,,,
030293,0,0,0,-21,,,,
030295,0,0,0,-12,,,,
030297,0,0,0,-36,,,,
03029U,0,0,0,-19,,,,
030300,0,0,0,-130,,,,
030302,0,0,0,26,,,,
030303,0,0,0,27,,,,
030304,0,0,0,172,,,,
030305,0,0,0,10,,,,
030306,0,0,0,77,,,,
030307,0,0,0,18,,,,
030308,0,0,0,14,,,,
030309,0,0,0,305,,,,
030311,0,0,0,85,,,,
030312,0,0,0,108,,,,
030313,0,0,0,-405,,,,
030317,0,0,0,-105,,,,
03031U,0,0,0,-8,,,,
030321,0,0,0,3,,,,
030324,0,0,0,8,,,,
030325,0,0,0,-67,,,,
030326,0,0,0,4,,,,
030327,0,0,0,-267,,,,
030328,0,0,0,21,,,,
030329,0,0,0,-47,,,,
03032U,0,0,0,-1,,,,
030330,0,0,0,1,,,,
030332,0,0,0,21,,,,
030336,0,0,0,-55,,,,
030337,0,0,0,110,,,,
030338,0,0,0,65,,,,
030339,0,0,0,12,,,,
030340,0,0,0,98,,,,
030341,0,0,0,100,,,,
030343,0,0,0,-6,,,,
030344,0,0,0,-14,,,,
030345,0,0,0,-28,,,,
030346,0,0,0,36,,,,
030347,0,0,0,7,,,,
030348,0,0,0,-135,,,,
030349,0,0,0,-175,,,,
030350,0,0,0,-3,,,,
030351,0,0,0,167,,,,
030353,0,0,0,1,,,,
030354,0,0,0,2,,,,
030355,0,0,0,142,,,,
030356,0,0,0,106,,,,
030358,0,0,0,97,,,,
030359,0,0,0,416,,,,
03035U,0,0,0,-2,,,,
03035X,0,0,0,-2,,,,
030360,0,0,0,-184,,,,
030361,0,0,0,-40,,,,
030362,0,0,0,2,,,,
030363,0,0,0,-99,,,,
030364,0,0,0,-29,,,,
030365,0,0,0,11,,,,
030366,0,0,0,368,,,,
030368,0,0,0,-7,,,,
030369,0,0,0,294,,,,
030372,0,0,0,21,,,,
030373,0,0,0,1,,,,
030374,0,0,0,265,,,,
030375,0,0,0,130,,,,
030376,0,0,0,358,,,,
030377,0,0,0,-245,,,,
030378,0,0,0,51,,,,
030379,0,0,0,-61,,,,
03037U,0,0,0,-6,,,,
030381,0,0,0,27,,,,
030382,0,0,0,-34,,,,
030384,0,0,0,114,,,,
030385,0,0,0,-1,,,,
030386,0,0,0,138,,,,
030387,0,0,0,4,,,,
030388,0,0,0,-39,,,,
030389,0,0,0,11,,,,
03038U,0,0,0,-25,,,,
030390,0,0,0,-126,,,,
030391,0,0,0,-20,,,,
030393,0,0,0,40,,,,
030396,0,0,0,72,,,,
030397,0,0,0,-322,,,,
030398,0,0,0,174,,,,
03039U,0,0,0,-4,,,,
030400,0,0,0,24,,,,
030402,0,0,0,32,,,,
030403,0,0,0,-19,,,,
030405,0,0,0,-184,,,,
030407,0,0,0,16,,,,
030408,0,0,0,15,,,,
030409,0,0,0,-70,,,,
030410,0,0,0,-50,,,,
030411,0,0,0,-42,,,,
030412,0,0,0,-22,,,,
030413,0,0,0,5,,,,
030414,0,0,0,133,,,,
030415,0,0,0,98,,,,
030416,0,0,0,52,,,,
030417,0,0,0,-153,,,,
030419,0,0,0,10,,,,
03041U,0,0,0,-44,,,,
030420,0,0,0,76,,,,
030421,0,0,0,-23,,,,
030422,0,0,0,137,,,,
030423,0,0,0,12,,,,
030424,0,0,0,-643,,,,
030425,0,0,0,49,,,,
030427,0,0,0,58,,,,
030428,0,0,0,-30,,,,
030429,0,0,0,-22,,,,
030430,0,0,0,3,,,,
030431,0,0,0,1,,,,
030432,0,0,0,56,,,,
030434,0,0,0,2,,,,
030435,0,0,0,-47,,,,
030439,10,0,0,-1366,,,,
030443,0,0,0,-1,,,,
030446,0,0,0,-26,,,,
030447,0,0,0,-65,,,,
030448,0,0,0,39,,,,
030456,0,0,0,-46,,,,
030457,0,0,0,-74,,,,
030459,0,0,0,121,,,,
030460,0,0,0,93,,,,
030461,0,0,0,-54,,,,
030462,0,0,0,238,,,,
030463,0,0,0,84,,,,
030464,0,0,0,447,,,,
030465,0,0,0,-48,,,,
030466,0,0,0,95,,,,
030467,0,0,0,112,,,,
030468,0,0,0,196,,,,
030469,0,0,0,-420,,,,
030470,0,0,0,-268,,,,
030471,0,0,0,28,,,,
030472,0,0,0,-16,,,,
030473,0,0,0,50,,,,
030474,0,0,0,18,,,,
030475,0,0,0,18,,,,
030476,0,0,0,2,,,,
030477,0,0,0,29,,,,
030479,0,0,0,53,,,,
030480,0,0,0,-47,,,,
030481,0,0,0,9,,,,
030482,0,0,0,-3,,,,
030483,0,0,0,-72,,,,
030485,0,0,0,8,,,,
030486,0,0,0,-24,,,,
030489,0,0,0,-315,,,,
030495,0,0,0,-7,,,,
030496,0,0,0,-10,,,,
030498,0,0,0,-5,,,,
03049X,0,0,0,-3,,,,
030501,0,0,0,-368,,,,
030502,0,0,0,-2,,,,
030503,0,0,0,4,,,,
030504,0,0,0,-6,,,,
030508,0,0,0,-20,,,,
030509,0,0,0,-92,,,,
030510,0,0,0,48,,,,
030512,0,0,0,3,,,,
030513,0,0,0,-21,,,,
030514,0,0,0,124,,,,
030515,0,0,0,10,,,,
030518,0,0,0,-11,,,,
030520,0,0,0,-75,,,,
030522,0,0,0,9,,,,
030523,0,0,0,41,,,,
030524,0,0,0,9,,,,
030525,0,0,0,-39,,,,
030526,0,0,0,-1,,,,
030527,0,0,0,15,,,,
030528,0,0,0,-7,,,,
030529,0,0,0,333,,,,
030531,0,0,0,2,,,,
030532,0,0,0,5,,,,
030533,0,0,0,59,,,,
030534,0,0,0,811,,,,
030536,0,0,0,59,,,,
030537,0,0,0,153,,,,
030538,0,0,0,-126,,,,
030539,0,0,0,-10,,,,
03053U,0,0,0,-27,,,,
030540,0,0,0,21,,,,
030542,0,0,0,4,,,,
030546,0,0,0,12,,,,
03054U,0,0,0,-108,,,,
030558,0,0,0,-2,,,,
030559,0,0,0,254,,,,
030560,0,0,0,129,,,,
030561,0,0,0,-218,,,,
030562,0,0,0,-2,,,,
030563,0,0,0,-123,,,,
030564,0,0,0,14,,,,
030565,0,0,0,-409,,,,
030566,0,0,0,31,,,,
030567,0,0,0,3,,,,
030568,0,0,0,1061,,,,
030569,0,0,0,325,,,,
030570,0,0,0,-480,,,,
030571,0,0,0,-629,,,,
030573,0,0,0,9,,,,
030574,0,0,0,112,,,,
030575,0,0,0,-40,,,,
030576,0,0,0,15,,,,
030577,0,0,0,-27,,,,
030578,0,0,0,-74,,,,
030579,0,0,0,517,,,,
030580,0,0,0,-49,,,,
030581,0,0,0,3,,,,
030582,0,0,0,-450,,,,
030583,0,0,0,-80,,,,
030585,0,0,0,20,,,,
030586,0,0,0,-125,,,,
030587,0,0,0,-1,,,,
030588,0,0,0,-87,,,,
030589,0,0,0,54,,,,
030590,0,0,0,-75,,,,
030591,0,0,0,-13,,,,
030592,0,0,0,84,,,,
030593,0,0,0,202,,,,
030594,0,0,0,170,,,,
030595,0,0,0,4,,,,
030596,0,0,0,17,,,,
030597,0,0,0,-246,,,,
030598,0,0,0,82,,,,
030599,0,0,0,-521,,,,
030600,0,0,0,33,,,,
030601,0,0,0,150,,,,
030602,0,0,0,53,,,,
030603,0,0,0,61,,,,
030604,0,0,0,157,,,,
030607,0,0,0,91,,,,
030608,0,0,0,64,,,,
030609,0,0,0,-50,,,,
030610,0,0,0,-302,,,,
030611,0,0,0,-191,,,,
030612,0,0,0,102,,,,
030613,0,0,0,23,,,,
030615,0,0,0,150,,,,
030616,0,0,0,-18,,,,
030617,0,0,0,-1366,,,,
030618,0,0,0,-12,,,,
03061U,0,0,0,92,,,,
030620,0,0,0,0,,,,
030621,0,0,0,-11,,,,
030622,0,0,0,250,,,,
030624,0,0,0,-26,,,,
030626,0,0,0,-204,,,,
030627,0,0,0,470,,,,
030628,0,0,0,226,,,,
030629,0,0,0,-207,,,,
030630,0,0,0,-205,,,,
030631,0,0,0,-155,,,,
030633,0,0,0,-101,,,,
030634,0,0,0,-155,,,,
030635,0,0,0,11,,,,
030636,0,0,0,8,,,,
030637,0,0,0,141,,,,
030638,0,0,0,-18,,,,
030639,0,0,0,-204,,,,
03063U,0,0,0,60,,,,
030641,0,0,0,1,,,,
030642,0,0,0,16,,,,
030643,0,0,0,9,,,,
030644,0,0,0,218,,,,
030645,0,0,0,3,,,,
030646,0,0,0,-12,,,,
030647,0,0,0,102,,,,
030648,0,0,0,26,,,,
030649,0,0,0,-432,,,,
030651,0,0,0,2,,,,
030652,0,0,0,1,,,,
030653,0,0,0,94,,,,
030655,0,0,0,-289,,,,
030656,0,0,0,-25,,,,
030657,0,0,0,-155,,,,
030658,0,0,0,-63,,,,
030659,0,0,0,48,,,,
030662,0,0,0,5,,,,
030663,0,0,0,105,,,,
030664,0,0,0,0,,,,
030665,0,0,0,-36,,,,
030666,0,0,0,5,,,,
030667,0,0,0,-1,,,,
030668,0,0,0,-55,,,,
030669,0,0,0,-2,,,,
030670,0,0,0,47,,,,
030671,0,0,0,573,,,,
030672,0,0,0,271,,,,
030673,0,0,0,9,,,,
030674,0,0,0,11,,,,
030675,0,0,0,-106,,,,
030677,0,0,0,22,,,,
030678,0,0,0,-56,,,,
030679,0,0,0,-7,,,,
03067U,0,0,0,-1,,,,
030680,0,0,0,10,,,,
030681,0,0,0,2,,,,
030682,0,0,0,-9,,,,
030684,0,0,0,-727,,,,
030685,0,0,0,-15,,,,
030687,0,0,0,-9,,,,
030688,0,0,0,192,,,,
030689,0,0,0,-660,,,,
03068U,0,0,0,-1,,,,
030690,0,0,0,-118,,,,
030691,0,0,0,-111,,,,
030692,0,0,0,1071,,,,
030693,0,0,0,104,,,,
030694,0,0,0,18,,,,
030695,0,0,0,44,,,,
030697,0,0,0,4,,,,
030698,0,0,0,157,,,,
030699,0,0,0,1196,,,,
030701,0,0,0,45,,,,
030704,0,0,0,154,,,,
030705,0,0,0,-51,,,,
030706,0,0,0,73,,,,
030713,0,0,0,6,,,,
03071U,0,0,0,-7,,,,
030720,0,0,0,-12,,,,
030724,0,0,0,-9,,,,
030725,0,0,0,11,,,,
030726,0,0,0,-54,,,,
030727,0,0,0,179,,,,
030728,0,0,0,1,,,,
030729,0,0,0,-110,,,,
030731,0,0,0,149,,,,
030733,0,0,0,32,,,,
030734,0,0,0,9,,,,
030735,0,0,0,12,,,,
030736,0,0,0,-94,,,,
030737,0,0,0,-116,,,,
030741,0,0,0,2,,,,
030744,0,0,0,190,,,,
030746,0,0,0,301,,,,
030747,0,0,0,16,,,,
030748,0,0,0,8,,,,
030749,0,0,0,41,,,,
03074U,0,0,0,-10,,,,
030750,0,0,0,72,,,,
030752,0,0,0,-70,,,,
030753,0,0,0,21,,,,
030756,0,0,0,334,,,,
030757,0,0,0,765,,,,
030758,0,0,0,-264,,,,
030759,0,0,0,-116,,,,
03075U,0,0,0,8,,,,
030760,0,0,0,-1,,,,
030761,0,0,0,1012,,,,
030762,0,0,0,-345,,,,
030763,0,0,0,-675,,,,
030765,0,0,0,-115,,,,
030766,0,0,0,15,,,,
030767,0,0,0,-1,,,,
030768,0,0,0,-100,,,,
030769,0,0,0,17,,,,
03076U,0,0,0,22,,,,
030770,0,0,0,5,,,,
030771,0,0,0,-100,,,,
030773,0,0,0,-1,,,,
030776,0,0,0,119,,,,
030777,0,0,0,370,,,,
030778,0,0,0,-16,,,,
030779,0,0,0,-30,,,,
030780,0,0,0,-40,,,,
030781,0,0,0,36,,,,
030784,0,0,0,-49,,,,
030790,0,0,0,-1,,,,
030791,0,0,0,6,,,,
030792,0,0,0,247,,,,
030793,0,0,0,-7,,,,
030794,0,0,0,20,,,,
030795,0,0,0,83,,,,
030796,0,0,0,7,,,,
030799,0,0,0,7,,,,
030801,0,0,0,-60,,,,
030802,0,0,0,14,,,,
030803,0,0,0,-74,,,,
030804,0,0,0,3,,,,
030805,0,0,0,-172,,,,
030807,0,0,0,-121,,,,
030808,0,0,0,25,,,,
030809,0,0,0,-36,,,,
03080U,0,0,0,-3,,,,
030811,0,0,0,12,,,,
030813,0,0,0,12,,,,
030814,0,0,0,-8,,,,
030817,0,0,0,2,,,,
030818,0,0,0,-6,,,,
030819,0,0,0,25,,,,
03081U,0,0,0,-98,,,,
030820,0,0,0,-3,,,,
030821,0,0,0,-5,,,,
030822,0,0,0,-261,,,,
030823,0,0,0,7,,,,
030824,0,0,0,52,,,,
030826,0,0,0,-10,,,,
030827,0,0,0,-11,,,,
030828,0,0,0,175,,,,
030829,0,0,0,-85,,,,
03082U,0,0,0,-20,,,,
030830,0,0,0,150,,,,
030831,0,0,0,14,,,,
030832,0,0,0,-49,,,,
030833,0,0,0,-23,,,,
030834,0,0,0,116,,,,
030835,0,0,0,64,,,,
030836,0,0,0,43,,,,
030837,0,0,0,0,,,,
030838,0,0,0,22,,,,
030839,0,0,0,263,,,,
030841,0,0,0,-92,,,,
030842,0,0,0,14,,,,
030843,0,0,0,-449,,,,
030844,0,0,0,-260,,,,
030845,0,0,0,-170,,,,
030846,0,0,0,2,,,,
030848,0,0,0,45,,,,
030849,0,0,0,9,,,,
03084U,0,0,0,15,,,,
030851,0,0,0,90,,,,
030852,0,0,0,22,,,,
030853,0,0,0,294,,,,
030854,5,0,0,116,,,,
030855,0,0,0,482,,,,
030856,0,0,0,-354,,,,
030857,0,0,0,-233,,,,
030858,0,0,0,376,,,,
030861,0,0,0,5,,,,
030862,0,0,0,369,,,,
030865,0,0,0,227,,,,
030866,0,0,0,-1,,,,
030867,0,0,0,127,,,,
030869,0,0,0,39,,,,
03086U,0,0,0,10,,,,
030870,0,0,0,1,,,,
030871,0,0,0,-14,,,,
030872,0,0,0,75,,,,
030874,0,0,0,-59,,,,
030875,0,0,0,28,,,,
030876,0,0,0,138,,,,
030877,0,0,0,-315,,,,
030879,0,0,0,47,,,,
030880,0,0,0,-494,,,,
030881,0,0,0,-29,,,,
030882,0,0,0,-31,,,,
030884,0,0,0,76,,,,
030885,0,0,0,70,,,,
030886,0,0,0,-10,,,,
030887,0,0,0,142,,,,
030890,0,0,0,7,,,,
030891,0,0,0,18,,,,
030892,0,0,0,-136,,,,
030893,0,0,0,4,,,,
030894,0,0,0,-72,,,,
030896,0,0,0,63,,,,
030897,0,0,0,45,,,,
030900,0,0,0,-100,,,,
030902,0,0,0,-14,,,,
030903,0,0,0,-21,,,,
030904,0,0,0,-2,,,,
030905,0,0,0,-5,,,,
030906,0,0,0,-37,,,,
030908,0,0,0,6,,,,
030909,0,0,0,-12,,,,
030911,0,0,0,-6,,,,
030912,0,0,0,-20,,,,
030913,0,0,0,-155,,,,
030914,0,0,0,50,,,,
030915,0,0,0,43,,,,
030916,0,0,0,5,,,,
030917,0,0,0,23,,,,
030918,0,0,0,36,,,,
030920,0,0,0,10,,,,
030922,0,0,0,3,,,,
030924,0,0,0,-5,,,,
030925,0,0,0,-60,,,,
030926,0,0,0,17,,,,
030927,0,0,0,-8,,,,
030928,0,0,0,10,,,,
030929,0,0,0,-49,,,,
03092U,0,0,0,341,,,,
030930,0,0,0,23,,,,
030931,0,0,0,-3,,,,
030932,0,0,0,-8,,,,
030933,0,0,0,-61,,,,
030934,0,0,0,17,,,,
030935,0,0,0,89,,,,
030936,0,0,0,-218,,,,
030937,0,0,0,3,,,,
030941,0,0,0,-3,,,,
030942,0,0,0,39,,,,
030944,0,0,0,-20,,,,
030946,0,0,0,47,,,,
030947,0,0,0,-25,,,,
030949,0,0,0,-2,,,,
030951,0,0,0,404,,,,
030952,0,0,0,136,,,,
030953,0,0,0,648,,,,
030954,0,0,0,57,,,,
030955,0,0,0,303,,,,
030956,0,0,0,26,,,,
030957,0,0,0,365,,,,
030958,0,0,0,18,,,,
030959,0,0,0,40,,,,
030960,0,0,0,33,,,,
030961,0,0,0,-446,,,,
030962,0,0,0,134,,,,
030963,0,0,0,-1,,,,
030964,0,0,0,0,,,,
030967,0,0,0,21,,,,
030968,0,0,0,3,,,,
030969,0,0,0,85,,,,
030970,0,0,0,1,,,,
030971,0,0,0,15,,,,
030972,0,0,0,-13,,,,
030974,0,0,0,-72,,,,
030976,0,0,0,142,,,,
030978,0,0,0,150,,,,
030979,0,0,0,-70,,,,
03097U,0,0,0,-20,,,,
030980,0,0,0,-148,,,,
030981,0,0,0,97,,,,
030982,0,0,0,53,,,,
030984,0,0,0,-16,,,,
030985,0,0,0,4,,,,
030987,0,0,0,1,,,,
030988,0,0,0,50,,,,
030989,0,0,0,-44,,,,
030990,0,0,0,3,,,,
030991,0,0,0,-84,,,,
030992,0,0,0,298,,,,
030993,0,0,0,-67,,,,
030995,0,0,0,2,,,,
030996,0,0,0,-69,,,,
030997,0,0,0,-206,,,,
030998,0,0,0,1168,,,,
030999,0,0,0,20,,,,
03099U,0,0,0,-85,,,,
031000,0,0,0,36,,,,
031001,0,0,0,66,,,,
031002,0,0,0,99,,,,
031003,0,0,0,1,,,,
031006,0,0,0,29,,,,
031007,0,0,0,91,,,,
031008,0,0,0,91,,,,
031009,0,0,0,3,,,,
031010,0,0,0,272,,,,
031011,0,0,0,-439,,,,
031012,0,0,0,16,,,,
031014,0,0,0,47,,,,
031015,0,0,0,74,,,,
031016,0,0,0,-239,,,,
031017,0,0,0,393,,,,
031019,0,0,0,-12,,,,
03101U,0,0,0,330,,,,
031021,0,0,0,1,,,,
031022,0,0,0,143,,,,
031023,0,0,0,147,,,,
031024,0,0,0,-1,,,,
031025,0,0,0,-300,,,,
031026,0,0,0,-59,,,,
031027,0,0,0,5,,,,
031028,0,0,0,-31,,,,
031029,0,0,0,-1,,,,
031030,0,0,0,-6,,,,
031031,0,0,0,64,,,,
031032,0,0,0,298,,,,
031033,0,0,0,-23,,,,
031034,0,0,0,118,,,,
031035,0,0,0,215,,,,
031036,0,0,0,27,,,,
031037,0,0,0,-35,,,,
031038,0,0,0,-7,,,,
03103U,0,0,0,-15,,,,
031040,0,0,0,-11,,,,
031041,0,0,0,6,,,,
031045,0,0,0,10,,,,
031046,0,0,0,30,,,,
031047,0,0,0,2,,,,
031048,0,0,0,-25,,,,
031049,0,0,0,-6,,,,
031050,0,0,0,1,,,,
031051,0,0,0,29,,,,
031052,0,0,0,-10,,,,
031054,0,0,0,6,,,,
031055,0,0,0,1,,,,
031057,0,0,0,-2,,,,
031058,0,0,0,144,,,,
031060,0,0,0,-31,,,,
031061,0,0,0,81,,,,
031062,0,0,0,-57,,,,
031063,0,0,0,73,,,,
031064,0,0,0,-3,,,,
031065,0,0,0,-221,,,,
031066,0,0,0,-356,,,,
031067,0,0,0,13,,,,
031068,0,0,0,57,,,,
031069,0,0,0,-205,,,,
031070,0,0,0,-40,,,,
031071,0,0,0,43,,,,
031073,0,0,0,25,,,,
031075,0,0,0,5,,,,
031076,0,0,0,-30,,,,
031077,0,0,0,-129,,,,
031079,0,0,0,-8,,,,
031080,0,0,0,-91,,,,
031081,0,0,0,18,,,,
031082,0,0,0,11,,,,
031083,0,0,0,90,,,,
031088,0,0,0,187,,,,
031089,0,0,0,1,,,,
03108U,0,0,0,4,,,,
031090,0,0,0,-1362,,,,
031091,0,0,0,68,,,,
031098,0,0,0,280,,,,
031099,0,0,0,-30,,,,
031101,0,0,0,0,,,,
031103,0,0,0,-68,,,,
031106,0,0,0,-21,,,,
031111,0,0,0,20,,,,
031116,0,0,0,0,,,,
031117,0,0,0,184,,,,
031119,0,0,0,307,,,,
03111U,0,0,0,-32,,,,
031120,0,0,0,24,,,,
031121,0,0,0,-102,,,,
031122,0,0,0,-81,,,,
031123,0,0,0,-36,,,,
031124,0,0,0,-64,,,,
031125,0,0,0,-13,,,,
031126,0,0,0,-237,,,,
031127,0,0,0,-200,,,,
031131,0,0,0,6,,,,
031133,0,0,0,24,,,,
031134,0,0,0,18,,,,
031135,0,0,0,-216,,,,
031136,0,0,0,101,,,,
031137,0,0,0,29,,,,
031138,0,0,0,97,,,,
031140,0,0,0,15,,,,
031141,0,0,0,-450,,,,
031142,0,0,0,-10,,,,
031143,0,0,0,4,,,,
031144,0,0,0,-499,,,,
031145,0,0,0,-30,,,,
031146,0,0,0,93,,,,
031147,0,0,0,282,,,,
031148,0,0,0,670,,,,
031149,0,0,0,317,,,,
031150,0,0,0,-2,,,,
031151,10,0,0,19,,,,
031152,0,0,0,-94,,,,
031153,0,0,0,-566,,,,
031157,0,0,0,-37,,,,
031158,0,0,0,-322,,,,
031159,0,0,0,674,,,,
031161,0,0,0,-17,,,,
031162,0,0,0,-2,,,,
031163,0,0,0,134,,,,
031164,0,0,0,8,,,,
031166,0,0,0,-21,,,,
031167,0,0,0,-2,,,,
031168,0,0,0,-78,,,,
031169,0,0,0,-18,,,,
031170,0,0,0,551,,,,
031171,0,0,0,14,,,,
031172,0,0,0,-6,,,,
031173,0,0,0,-10,,,,
031174,0,0,0,25,,,,
031175,0,0,0,-66,,,,
031177,0,0,0,-119,,,,
031179,0,0,0,-36,,,,
031180,0,0,0,0,,,,
031182,0,0,0,-32,,,,
031183,0,0,0,-90,,,,
031185,0,0,0,-3,,,,
031187,0,0,0,0,,,,
03118U,0,0,0,-15,,,,
031190,0,0,0,5,,,,
031191,0,0,0,-11,,,,
031192,0,0,0,-1,,,,
031194,0,0,0,26,,,,
031195,0,0,0,14,,,,
031196,0,0,0,0,,,,
031199,0,0,0,-96,,,,
031204,0,0,0,40,,,,
031205,0,0,0,-3,,,,
031206,0,0,0,-96,,,,
031207,0,0,0,20,,,,
031208,0,0,0,19,,,,
031209,0,0,0,22,,,,
031210,0,0,0,-7,,,,
031211,0,0,0,-3,,,,
031212,0,0,0,1500,,,,
031213,0,0,0,19,,,,
031214,0,0,0,43,,,,
031215,0,0,0,-1,,,,
031216,0,0,0,-63,,,,
031217,0,0,0,0,,,,
031218,0,0,0,2,,,,
031219,0,0,0,8,,,,
03121U,0,0,0,-2,,,,
031222,0,0,0,22,,,,
031223,0,0,0,697,,,,
031224,0,0,0,-10,,,,
031225,0,0,0,72,,,,
031226,0,0,0,131,,,,
031227,0,0,0,-246,,,,
031228,0,0,0,34,,,,
031229,0,0,0,-66,,,,
03122U,0,0,0,-3,,,,
031231,0,0,0,1,,,,
031232,0,0,0,-19,,,,
031233,0,0,0,9,,,,
031234,0,0,0,30,,,,
031235,0,0,0,-254,,,,
031236,0,0,0,-265,,,,
031237,0,0,0,114,,,,
031239,0,0,0,26,,,,
03123U,0,0,0,39,,,,
031240,0,0,0,66,,,,
031241,0,0,0,17,,,,
031242,0,0,0,203,,,,
031243,0,0,0,38,,,,
031244,0,0,0,-367,,,,
031248,0,0,0,174,,,,
031249,0,0,0,64,,,,
031250,0,0,0,11,,,,
031251,0,0,0,141,,,,
031252,0,0,0,35,,,,
031253,0,0,0,21,,,,
031254,0,0,0,-60,,,,
031255,0,0,0,156,,,,
031256,0,0,0,-4,,,,
031257,0,0,0,65,,,,
031258,0,0,0,22,,,,
031259,0,0,0,-10,,,,
031261,0,0,0,-19,,,,
031262,0,0,0,499,,,,
031263,0,0,0,20,,,,
031264,0,0,0,551,,,,
031265,0,0,0,35,,,,
031267,0,0,0,-158,,,,
031268,0,0,0,-2,,,,
031269,0,0,0,11,,,,
031270,0,0,0,155,,,,
031271,0,0,0,-104,,,,
031272,0,0,0,7,,,,
031273,0,0,0,4,,,,
031275,0,0,0,-146,,,,
031276,0,0,0,-27,,,,
031277,0,0,0,28,,,,
031279,0,0,0,-21,,,,
031280,0,0,0,-92,,,,
031281,0,0,0,5,,,,
031282,0,0,0,278,,,,
031283,0,0,0,-444,,,,
031284,0,0,0,-214,,,,
031285,0,0,0,-196,,,,
031286,0,0,0,-20,,,,
031287,0,0,0,235,,,,
031288,0,0,0,-571,,,,
031289,0,0,0,60,,,,
03128U,0,0,0,-10,,,,
031290,0,0,0,117,,,,
031291,0,0,0,1,,,,
031292,0,0,0,-53,,,,
031293,0,0,0,-50,,,,
031294,0,0,0,-24,,,,
031296,0,0,0,-10,,,,
031297,0,0,0,1,,,,
031298,0,0,0,-117,,,,
031299,0,0,0,-41,,,,
031300,0,0,0,97,,,,
031302,0,0,0,51,,,,
031303,0,0,0,14,,,,
031304,0,0,0,-7,,,,
031305,0,0,0,0,,,,
031306,0,0,0,340,,,,
031307,0,0,0,-159,,,,
031308,0,0,0,-136,,,,
031309,0,0,0,-176,,,,
031310,0,0,0,-11,,,,
031311,0,0,0,46,,,,
031312,0,0,0,-151,,,,
031313,0,0,0,-113,,,,
031315,0,0,0,28,,,,
031318,0,0,0,-3,,,,
031319,0,0,0,-60,,,,
031322,0,0,0,-125,,,,
031323,0,0,0,18,,,,
031327,0,0,0,157,,,,
031328,0,0,0,151,,,,
031329,0,0,0,6,,,,
03132U,0,0,0,-20,,,,
031330,0,0,0,-5,,,,
031331,0,0,0,-362,,,,
031332,0,0,0,10,,,,
031333,0,0,0,60,,,,
031334,0,0,0,71,,,,
031335,0,0,0,-15,,,,
031337,0,0,0,-65,,,,
031339,0,0,0,37,,,,
03133U,0,0,0,24,,,,
031340,0,0,0,43,,,,
031341,0,0,0,-5,,,,
031342,0,0,0,266,,,,
031344,0,0,0,-105,,,,
031345,0,0,0,-508,,,,
031347,0,0,0,13,,,,
031349,0,0,0,20,,,,
03134P,0,0,0,-34,,,,
03134U,0,0,0,2,,,,
031350,0,0,0,-175,,,,
031351,0,0,0,456,,,,
031352,0,0,0,81,,,,
031356,0,0,0,239,,,,
031357,0,0,0,-20,,,,
031361,0,0,0,-95,,,,
031362,0,0,0,-141,,,,
031363,0,0,0,26,,,,
031367,0,0,0,11,,,,
031368,0,0,0,-38,,,,
031369,0,0,0,27,,,,
031370,0,0,0,22,,,,
031371,0,0,0,7,,,,
031372,0,0,0,9,,,,
031373,0,0,0,-9,,,,
031377,0,0,0,11,,,,
031378,0,0,0,3,,,,
031379,0,0,0,9,,,,
03137U,0,0,0,-101,,,,
031380,0,0,0,22,,,,
031381,0,0,0,-118,,,,
031382,0,0,0,3,,,,
031383,0,0,0,32,,,,
031385,0,0,0,10,,,,
031386,0,0,0,11,,,,
031387,0,0,0,251,,,,
031389,0,0,0,45,,,,
03138U,0,0,0,-141,,,,
031390,0,0,0,10,,,,
031393,0,0,0,-208,,,,
031395,0,0,0,159,,,,
031396,0,0,0,10,,,,
031399,0,0,0,86,,,,
03139U,0,0,0,11,,,,
031400,0,0,0,6,,,,
031401,0,0,0,-32,,,,
031402,0,0,0,40,,,,
031403,0,0,0,19,,,,
031404,0,0,0,267,,,,
031405,0,0,0,15,,,,
031406,0,0,0,-10,,,,
031407,0,0,0,542,,,,
031409,0,0,0,-522,,,,
03140U,0,0,0,0,,,,
031410,0,0,0,-103,,,,
031411,0,0,0,-85,,,,
031412,0,0,0,-2,,,,
031413,0,0,0,587,,,,
031414,0,0,0,0,,,,
031415,0,0,0,-92,,,,
031416,0,0,0,-4,,,,
031417,0,0,0,-4,,,,
031418,0,0,0,40,,,,
031419,0,0,0,144,,,,
031420,0,0,0,591,,,,
031421,0,0,0,112,,,,
031422,0,0,0,-294,,,,
031423,0,0,0,52,,,,
031424,0,0,0,39,,,,
031425,0,0,0,1008,,,,
031426,0,0,0,747,,,,
031427,0,0,0,-613,,,,
031430,0,0,0,-522,,,,
031431,0,0,0,56,,,,
031432,0,0,0,52,,,,
031433,0,0,0,-3,,,,
031436,0,0,0,-10,,,,
031437,0,0,0,-25,,,,
031439,0,0,0,51,,,,
031440,0,0,0,-22,,,,
031441,0,0,0,-2,,,,
031442,0,0,0,-111,,,,
031443,0,0,0,43,,,,
031444,0,0,0,-50,,,,
031445,0,0,0,-8,,,,
031447,0,0,0,-21,,,,
031448,0,0,0,-1,,,,
031449,0,0,0,-54,,,,
031450,0,0,0,20,,,,
031453,0,0,0,20,,,,
031454,0,0,0,30,,,,
031455,0,0,0,36,,,,
031456,0,0,0,31,,,,
031458,0,0,0,-557,,,,
031459,0,0,0,-4,,,,
031463,0,0,0,-21,,,,
031467,0,0,0,-2,,,,
031468,0,0,0,69,,,,
031469,0,0,0,-12,,,,
031470,0,0,0,-43,,,,
031471,0,0,0,115,,,,
031472,0,0,0,-1055,,,,
031473,0,0,0,-33,,,,
031475,0,0,0,5,,,,
031476,0,0,0,-243,,,,
031477,0,0,0,237,,,,
031478,0,0,0,-8,,,,
031479,0,0,0,137,,,,
031480,0,0,0,-287,,,,
031481,0,0,0,-4,,,,
031482,0,0,0,62,,,,
031483,0,0,0,-3,,,,
031484,0,0,0,-14,,,,
031485,0,0,0,69,,,,
031486,0,0,0,13,,,,
031487,0,0,0,-32,,,,
031488,0,0,0,-60,,,,
031492,0,0,0,205,,,,
031493,0,0,0,-310,,,,
031494,0,0,0,-342,,,,
031495,0,0,0,-76,,,,
031496,0,0,0,3,,,,
031497,0,0,0,2,,,,
031498,0,0,0,150,,,,
031499,0,0,0,1,,,,
031501,0,0,0,55,,,,
031502,0,0,0,158,,,,
031503,0,0,0,253,,,,
031504,0,0,0,239,,,,
031505,0,0,0,20,,,,
031507,0,0,0,-411,,,,
031508,0,0,0,-22,,,,
031509,0,0,0,-1,,,,
031511,0,0,0,43,,,,
031512,0,0,0,-5,,,,
031513,0,0,0,-16,,,,
031514,0,0,0,2,,,,
031515,0,0,0,-61,,,,
031516,0,0,0,-33,,,,
031517,0,0,0,-25,,,,
031518,0,0,0,-38,,,,
031519,0,0,0,174,,,,
03151U,0,0,0,122,,,,
031521,0,0,0,-28,,,,
031522,0,0,0,-76,,,,
031525,0,0,0,2,,,,
031526,0,0,0,2,,,,
031527,0,0,0,-12,,,,
031529,0,0,0,53,,,,
031530,0,0,0,36,,,,
031531,0,0,0,-41,,,,
031532,0,0,0,50,,,,
031533,0,0,0,-30,,,,
031535,0,0,0,-9,,,,
031536,0,0,0,17,,,,
031537,0,0,0,-16,,,,
031539,0,0,0,73,,,,
031540,0,0,0,-19,,,,
031541,0,0,0,-4,,,,
031542,0,0,0,51,,,,
031543,0,0,0,-109,,,,
031544,0,0,0,-30,,,,
031545,0,0,0,-2,,,,
031546,0,0,0,-10,,,,
031547,0,0,0,-17,,,,
031548,0,0,0,-235,,,,
031549,0,0,0,89,,,,
031552,0,0,0,-66,,,,
031553,0,0,0,26,,,,
031554,0,0,0,184,,,,
031555,0,0,0,-159,,,,
031556,0,0,0,0,,,,
031557,0,0,0,4,,,,
031560,0,0,0,-40,,,,
031561,0,0,0,-116,,,,
031563,0,0,0,-28,,,,
031565,0,0,0,-23,,,,
031566,0,0,0,292,,,,
031567,0,0,0,52,,,,
031568,0,0,0,137,,,,
031569,0,0,0,-19,,,,
031570,0,0,0,53,,,,
031572,0,0,0,48,,,,
031573,0,0,0,-257,,,,
031574,0,0,0,19,,,,
031575,0,0,0,-80,,,,
031576,0,0,0,-22,,,,
031577,0,0,0,51,,,,
031578,0,0,0,322,,,,
031579,0,0,0,-100,,,,
031581,0,0,0,-1,,,,
031583,0,0,0,-6,,,,
031586,0,0,0,-51,,,,
031587,0,0,0,-193,,,,
031588,0,0,0,128,,,,
031589,0,0,0,5,,,,
031590,0,0,0,-23,,,,
031591,0,0,0,148,,,,
031592,0,0,0,116,,,,
031593,0,0,0,-1,,,,
031594,0,0,0,-696,,,,
03159U,0,0,0,5,,,,
031601,0,0,0,112,,,,
031605,0,0,0,17,,,,
031606,0,0,0,-51,,,,
031607,0,0,0,79,,,,
031608,0,0,0,9,,,,
03160U,0,0,0,-5,,,,
031610,0,0,0,-5,,,,
031611,0,0,0,-100,,,,
031613,0,0,0,404,,,,
031614,0,0,0,67,,,,
031615,0,0,0,-10,,,,
031616,0,0,0,58,,,,
031617,0,0,0,10,,,,
031618,0,0,0,-95,,,,
031619,0,0,0,-10,,,,
031621,0,0,0,-9,,,,
031623,0,0,0,-10,,,,
031624,0,0,0,364,,,,
031625,0,0,0,0,,,,
031626,0,0,0,-48,,,,
031627,0,0,0,32,,,,
031628,0,0,0,1,,,,
031629,0,0,0,96,,,,
031631,0,0,0,12,,,,
031633,0,0,0,30,,,,
031634,0,0,0,10,,,,
031637,0,0,0,-119,,,,
031640,0,0,0,53,,,,
031644,0,0,0,-5,,,,
031645,0,0,0,3,,,,
031647,0,0,0,-18,,,,
031648,0,0,0,-1,,,,
031649,0,0,0,-76,,,,
031654,0,0,0,10,,,,
031657,0,0,0,1,,,,
031659,0,0,0,0,,,,
031660,0,0,0,15,,,,
031661,0,0,0,-17,,,,
031665,0,0,0,116,,,,
031666,0,0,0,52,,,,
031667,0,0,0,391,,,,
031668,0,0,0,115,,,,
031669,0,0,0,-1,,,,
031673,0,0,0,-134,,,,
031674,0,0,0,0,,,,
031675,0,0,0,10,,,,
031677,0,0,0,0,,,,
03167U,0,0,0,5,,,,
031680,0,0,0,8,,,,
031681,0,0,0,33,,,,
031682,0,0,0,-46,,,,
031683,0,0,0,28,,,,
031684,0,0,0,-512,,,,
031685,0,0,0,12,,,,
031687,0,0,0,19,,,,
031688,0,0,0,-424,,,,
031690,0,0,0,-26,,,,
031691,0,0,0,-75,,,,
031692,0,0,0,13,,,,
031695,0,0,0,-420,,,,
031696,0,0,0,-94,,,,
031698,0,0,0,10,,,,
031699,0,0,0,79,,,,
031702,0,0,0,-9,,,,
031705,0,0,0,-4,,,,
031706,0,0,0,-29,,,,
031709,0,0,0,4,,,,
031711,0,0,0,-30,,,,
031712,0,0,0,31,,,,
031713,0,0,0,34,,,,
031714,0,0,0,11,,,,
031715,0,0,0,10,,,,
031716,0,0,0,75,,,,
031717,0,0,0,1,,,,
031718,0,0,0,-52,,,,
031719,0,0,0,-7,,,,
03171U,0,0,0,-187,,,,
031720,0,0,0,163,,,,
031722,0,0,0,-121,,,,
031723,0,0,0,-6,,,,
031724,0,0,0,424,,,,
031725,0,0,0,38,,,,
031726,0,0,0,33,,,,
031727,0,0,0,15,,,,
031728,0,0,0,-322,,,,
031729,0,0,0,-674,,,,
031731,0,0,0,-43,,,,
031732,0,0,0,16,,,,
031736,0,0,0,-4,,,,
031737,0,0,0,-356,,,,
031740,0,0,0,-2,,,,
031743,0,0,0,48,,,,
031744,0,0,0,-32,,,,
031745,0,0,0,-25,,,,
031746,0,0,0,-10,,,,
031748,0,0,0,301,,,,
031749,0,0,0,16,,,,
03174P,0,0,0,-17,,,,
03174U,0,0,0,-70,,,,
031750,0,0,0,-98,,,,
031751,0,0,0,-341,,,,
031752,0,0,0,-330,,,,
031753,0,0,0,116,,,,
031754,0,0,0,529,,,,
031755,0,0,0,-350,,,,
031756,0,0,0,24,,,,
031758,0,0,0,55,,,,
031759,0,0,0,-19,,,,
031760,0,0,0,-110,,,,
031761,0,0,0,28,,,,
031763,0,0,0,203,,,,
031764,0,0,0,-209,,,,
031765,0,0,0,80,,,,
031766,0,0,0,-4,,,,
031767,0,0,0,388,,,,
031769,0,0,0,-341,,,,
031771,0,0,0,-321,,,,
031772,0,0,0,-591,,,,
031773,0,0,0,-7,,,,
031775,0,0,0,-54,,,,
031776,0,0,0,-3,,,,
031777,0,0,0,130,,,,
031779,0,0,0,168,,,,
031780,0,0,0,-44,,,,
031781,0,0,0,-11,,,,
031782,0,0,0,8,,,,
031783,0,0,0,-51,,,,
031784,0,0,0,90,,,,
031786,0,0,0,0,,,,
031787,0,0,0,74,,,,
031788,0,0,0,-61,,,,
031789,0,0,0,6,,,,
03178U,0,0,0,10,,,,
031790,0,0,0,44,,,,
031791,0,0,0,-61,,,,
031792,0,0,0,-14,,,,
031793,0,0,0,61,,,,
031794,0,0,0,210,,,,
031795,0,0,0,7,,,,
031797,0,0,0,-10,,,,
031798,0,0,0,48,,,,
031799,0,0,0,7,,,,
031800,0,0,0,-26,,,,
031803,0,0,0,-70,,,,
031804,0,0,0,-39,,,,
031805,0,0,0,-10,,,,
031806,0,0,0,-14,,,,
031807,0,0,0,8,,,,
031808,0,0,0,-121,,,,
031809,0,0,0,37,,,,
03180U,0,0,0,20,,,,
031810,0,0,0,191,,,,
031812,0,0,0,36,,,,
031813,0,0,0,-24,,,,
031814,0,0,0,19,,,,
031815,0,0,0,-1,,,,
031816,0,0,0,101,,,,
031817,0,0,0,-138,,,,
031818,0,0,0,439,,,,
031819,0,0,0,617,,,,
031820,0,0,0,126,,,,
031821,0,0,0,-268,,,,
031822,0,0,0,1561,,,,
031824,0,0,0,-88,,,,
031825,0,0,0,10,,,,
031826,0,0,0,226,,,,
031829,0,0,0,38,,,,
03182U,0,0,0,-2,,,,
031831,0,0,0,9,,,,
031832,0,0,0,-37,,,,
031835,0,0,0,4,,,,
031836,0,0,0,-11,,,,
031837,0,0,0,-12,,,,
031838,0,0,0,21,,,,
031839,0,0,0,-71,,,,
031840,0,0,0,-11,,,,
031841,0,0,0,-12,,,,
031842,0,0,0,6,,,,
031843,0,0,0,87,,,,
031844,0,0,0,27,,,,
031845,0,0,0,10,,,,
031846,0,0,0,351,,,,
031847,0,0,0,1,,,,
031848,0,0,0,-162,,,,
031849,0,0,0,40,,,,
031850,0,0,0,106,,,,
031851,0,0,0,17,,,,
031852,0,0,0,82,,,,
031853,0,0,0,26,,,,
031854,0,0,0,15,,,,
031855,0,0,0,-38,,,,
031860,0,0,0,-6,,,,
031861,0,0,0,-58,,,,
031863,0,0,0,30,,,,
031865,0,0,0,10,,,,
031866,0,0,0,0,,,,
031867,0,0,0,147,,,,
031868,0,0,0,33,,,,
031869,0,0,0,4,,,,
03186U,0,0,0,30,,,,
031870,0,0,0,-137,,,,
031871,0,0,0,-15,,,,
031873,0,0,0,-2,,,,
031874,0,0,0,3,,,,
031875,0,0,0,23,,,,
031876,0,0,0,-11,,,,
031877,0,0,0,-21,,,,
031878,0,0,0,-18,,,,
031880,0,0,0,-3,,,,
031881,0,0,0,-6,,,,
031882,0,0,0,-4,,,,
031883,0,0,0,7,,,,
031885,0,0,0,-11,,,,
031886,0,0,0,-10,,,,
031887,0,0,0,60,,,,
031888,0,0,0,-113,,,,
031890,0,0,0,200,,,,
031893,0,0,0,-78,,,,
031899,0,0,0,32,,,,
031901,0,0,0,0,,,,
031902,0,0,0,39,,,,
031903,0,0,0,5,,,,
031904,0,0,0,-51,,,,
031905,0,0,0,19,,,,
031906,0,0,0,213,,,,
031908,0,0,0,-13,,,,
03190U,0,0,0,-469,,,,
031911,0,0,0,94,,,,
031912,0,0,0,399,,,,
031913,0,0,0,156,,,,
031914,0,0,0,169,,,,
031915,0,0,0,243,,,,
031916,0,0,0,-27,,,,
031917,0,0,0,-59,,,,
031919,0,0,0,65,,,,
031922,0,0,0,15,,,,
031924,0,0,0,-10,,,,
031925,0,0,0,82,,,,
031928,0,0,0,-88,,,,
031930,0,0,0,-18,,,,
031931,0,0,0,-4,,,,
031932,0,0,0,-42,,,,
031933,0,0,0,-568,,,,
031934,0,0,0,-1035,,,,
031935,0,0,0,-424,,,,
031936,0,0,0,-1,,,,
031937,0,0,0,-183,,,,
031938,0,0,0,32,,,,
031939,0,0,0,130,,,,
031941,0,0,0,127,,,,
031942,0,0,0,-496,,,,
031943,0,0,0,-33,,,,
031944,0,0,0,-25,,,,
031945,0,0,0,20,,,,
031947,0,0,0,792,,,,
031948,0,0,0,975,,,,
031949,0,0,0,28,,,,
031951,0,0,0,41,,,,
031953,0,0,0,188,,,,
031954,0,0,0,-196,,,,
031955,0,0,0,-12,,,,
031956,0,0,0,4,,,,
031957,0,0,0,-125,,,,
031958,0,0,0,408,,,,
031959,0,0,0,8,,,,
031960,0,0,0,-23,,,,
031961,0,0,0,190,,,,
031962,0,0,0,330,,,,
031963,0,0,0,52,,,,
031964,0,0,0,-5,,,,
031965,0,0,0,-8,,,,
031966,0,0,0,-1,,,,
031967,0,0,0,358,,,,
031968,0,0,0,420,,,,
031969,0,0,0,-267,,,,
03196U,0,0,0,14,,,,
031970,0,0,0,438,,,,
031971,0,0,0,-126,,,,
031972,0,0,0,130,,,,
031973,0,0,0,-52,,,,
031974,0,0,0,6,,,,
031975,0,0,0,29,,,,
031976,0,0,0,81,,,,
031977,0,0,0,-60,,,,
031978,0,0,0,-241,,,,
031979,0,0,0,-101,,,,
031980,0,0,0,-112,,,,
031982,0,0,0,-525,,,,
031983,0,0,0,7,,,,
031984,0,0,0,10,,,,
031985,0,0,0,-43,,,,
031986,0,0,0,-19,,,,
031987,0,0,0,0,,,,
031988,0,0,0,65,,,,
031989,0,0,0,45,,,,
03198U,0,0,0,-27,,,,
031990,0,0,0,-394,,,,
031991,0,0,0,-8,,,,
031992,0,0,0,406,,,,
031993,0,0,0,251,,,,
031994,0,0,0,-10,,,,
031995,0,0,0,-140,,,,
031996,0,0,0,50,,,,
031997,0,0,0,-60,,,,
031998,0,0,0,-10,,,,
031999,0,0,0,118,,,,
032000,0,0,0,-54,,,,
032001,0,0,0,13,,,,
032002,0,0,0,29,,,,
032003,0,0,0,2,,,,
032004,0,0,0,6,,,,
032007,0,0,0,25,,,,
032009,0,0,0,-186,,,,
03200U,0,0,0,25,,,,
032010,0,0,0,-390,,,,
032011,0,0,0,-23,,,,
032012,0,0,0,131,,,,
032013,0,0,0,54,,,,
032014,0,0,0,17,,,,
032015,0,0,0,-97,,,,
032017,0,0,0,-884,,,,
032019,0,0,0,-20,,,,
032020,0,0,0,9,,,,
032021,0,0,0,18,,,,
032022,0,0,0,21,,,,
032023,0,0,0,93,,,,
032024,0,0,0,28,,,,
032025,0,0,0,3,,,,
032026,0,0,0,18,,,,
032028,0,0,0,44,,,,
032029,0,0,0,53,,,,
03202U,0,0,0,-11,,,,
032030,0,0,0,89,,,,
032032,0,0,0,-7,,,,
032033,0,0,0,8,,,,
032034,0,0,0,-9,,,,
032037,0,0,0,10,,,,
032038,0,0,0,-80,,,,
032039,0,0,0,0,,,,
032040,0,0,0,-206,,,,
032043,0,0,0,10,,,,
032044,0,0,0,-24,,,,
032045,0,0,0,139,,,,
032046,0,0,0,20,,,,
032047,0,0,0,-230,,,,
032048,0,0,0,-100,,,,
032051,0,0,0,-3,,,,
032052,0,0,0,7,,,,
032053,0,0,0,71,,,,
032055,0,0,0,-105,,,,
032056,0,0,0,2,,,,
032057,0,0,0,-1,,,,
032059,0,0,0,33,,,,
032061,0,0,0,-39,,,,
032064,0,0,0,60,,,,
032066,0,0,0,15,,,,
032067,0,0,0,-413,,,,
032069,0,0,0,2,,,,
032071,0,0,0,24,,,,
032073,0,0,0,-14,,,,
032074,0,0,0,106,,,,
032078,0,0,0,27,,,,
032079,0,0,0,-55,,,,
032080,0,0,0,-224,,,,
032082,0,0,0,10,,,,
032083,0,0,0,-8,,,,
032084,0,0,0,1,,,,
032085,0,0,0,-2,,,,
032087,0,0,0,512,,,,
032088,0,0,0,-7,,,,
032089,0,0,0,22,,,,
032090,0,0,0,-8,,,,
032091,0,0,0,6,,,,
032092,0,0,0,36,,,,
032093,0,0,0,-207,,,,
032096,0,0,0,-6,,,,
032097,0,0,0,-86,,,,
032099,0,0,0,-10,,,,
032101,0,0,0,99,,,,
032103,0,0,0,57,,,,
032105,0,0,0,-269,,,,
032106,0,0,0,89,,,,
032107,0,0,0,72,,,,
032108,0,0,0,-2,,,,
032110,0,0,0,-16,,,,
032111,0,0,0,-155,,,,
032112,0,0,0,-4,,,,
032115,0,0,0,9,,,,
032116,0,0,0,169,,,,
032117,0,0,0,312,,,,
032118,0,0,0,-348,,,,
032119,0,0,0,18,,,,
03211U,0,0,0,10,,,,
032120,0,0,0,-10,,,,
032122,0,0,0,-7,,,,
032123,0,0,0,94,,,,
032124,0,0,0,-157,,,,
032125,0,0,0,1,,,,
032126,0,0,0,164,,,,
032127,0,0,0,138,,,,
032128,0,0,0,-1061,,,,
032129,0,0,0,-228,,,,
032130,0,0,0,48,,,,
032133,0,0,0,426,,,,
032136,0,0,0,-73,,,,
032137,0,0,0,0,,,,
032138,0,0,0,-300,,,,
032139,0,0,0,-30,,,,
032140,0,0,0,356,,,,
032142,0,0,0,38,,,,
032143,0,0,0,4,,,,
032144,0,0,0,9,,,,
032146,0,0,0,582,,,,
032147,0,0,0,5,,,,
032148,0,0,0,-5,,,,
032149,0,0,0,-60,,,,
032150,0,0,0,-5,,,,
032152,0,0,0,0,,,,
032153,0,0,0,11,,,,
032154,0,0,0,-353,,,,
032155,0,0,0,13,,,,
032156,0,0,0,-41,,,,
032157,0,0,0,-128,,,,
032158,0,0,0,58,,,,
032159,0,0,0,-106,,,,
032160,0,0,0,-34,,,,
032161,0,0,0,-37,,,,
032163,0,0,0,125,,,,
032164,0,0,0,59,,,,
032166,0,0,0,-28,,,,
032168,0,0,0,-19,,,,
032174,0,0,0,20,,,,
032177,0,0,0,-129,,,,
032179,0,0,0,31,,,,
032180,0,0,0,-333,,,,
032181,0,0,0,34,,,,
032182,0,0,0,22,,,,
032183,0,0,0,99,,,,
032184,0,0,0,-32,,,,
032185,0,0,0,10,,,,
032186,0,0,0,-6,,,,
032187,0,0,0,-54,,,,
032188,0,0,0,-92,,,,
032189,0,0,0,-3,,,,
032190,0,0,0,-145,,,,
032191,0,0,0,92,,,,
032192,0,0,0,-10,,,,
032193,0,0,0,166,,,,
032194,0,0,0,-10,,,,
032195,0,0,0,13,,,,
032197,0,0,0,-3,,,,
032198,0,0,0,0,,,,
032200,0,0,0,48,,,,
032201,0,0,0,-3,,,,
032202,0,0,0,39,,,,
032203,0,0,0,-10,,,,
032204,0,0,0,-25,,,,
032206,0,0,0,-102,,,,
032207,0,0,0,-5,,,,
032211,0,0,0,93,,,,
032212,0,0,0,-39,,,,
032214,0,0,0,-11,,,,
032215,0,0,0,-46,,,,
032216,0,0,0,-76,,,,
032217,0,0,0,-100,,,,
032218,0,0,0,-39,,,,
032219,0,0,0,11,,,,
03221U,0,0,0,90,,,,
032220,0,0,0,-31,,,,
032221,0,0,0,-22,,,,
032222,0,0,0,-303,,,,
032223,0,0,0,117,,,,
032224,0,0,0,99,,,,
032225,0,0,0,80,,,,
032226,0,0,0,-70,,,,
032227,0,0,0,-155,,,,
032228,0,0,0,15,,,,
032229,0,0,0,224,,,,
032230,0,0,0,-1042,,,,
032231,0,0,0,-535,,,,
032232,0,0,0,-90,,,,
032233,0,0,0,34,,,,
032234,0,0,0,-5,,,,
032235,0,0,0,-3,,,,
032236,0,0,0,-22,,,,
032237,0,0,0,-5,,,,
032239,0,0,0,1221,,,,
032240,0,0,0,65,,,,
032241,0,0,0,57,,,,
032242,0,0,0,-118,,,,
032243,0,0,0,58,,,,
032245,0,0,0,-215,,,,
032246,0,0,0,-86,,,,
032247,0,0,0,-127,,,,
032248,0,0,0,64,,,,
032249,0,0,0,169,,,,
032250,0,0,0,51,,,,
032251,0,0,0,416,,,,
032252,0,0,0,-190,,,,
032253,0,0,0,-43,,,,
032254,0,0,0,13,,,,
032255,0,0,0,19,,,,
032256,0,0,0,76,,,,
032257,0,0,0,1021,,,,
032258,0,0,0,-147,,,,
032259,0,0,0,177,,,,
03225U,0,0,0,59,,,,
032260,0,0,0,-243,,,,
032261,0,0,0,-97,,,,
032262,0,0,0,30,,,,
032263,0,0,0,120,,,,
032267,0,0,0,163,,,,
032268,0,0,0,119,,,,
032269,0,0,0,59,,,,
032270,0,0,0,-71,,,,
032271,0,0,0,17,,,,
032272,0,0,0,-135,,,,
032273,0,0,0,10,,,,
032274,0,0,0,7,,,,
032275,0,0,0,-81,,,,
032278,0,0,0,240,,,,
032279,0,0,0,-9,,,,
032280,0,0,0,-62,,,,
032281,0,0,0,16,,,,
032282,0,0,0,49,,,,
032283,0,0,0,-72,,,,
032284,0,0,0,-111,,,,
032285,0,0,0,-2,,,,
032286,0,0,0,3,,,,
032287,0,0,0,251,,,,
032288,0,0,0,171,,,,
032289,0,0,0,360,,,,
032290,0,0,0,-12,,,,
032291,0,0,0,58,,,,
032292,0,0,0,4,,,,
032293,0,0,0,125,,,,
032294,0,0,0,-210,,,,
032295,0,0,0,-94,,,,
032296,0,0,0,254,,,,
032297,0,0,0,-180,,,,
032298,0,0,0,-20,,,,
032299,0,0,0,2,,,,
03229U,0,0,0,11,,,,
032300,0,0,0,8,,,,
032301,0,0,0,-27,,,,
032302,0,0,0,25,,,,
032304,0,0,0,5,,,,
032305,0,0,0,-100,,,,
032306,0,0,0,-35,,,,
032308,0,0,0,-2,,,,
03230U,0,0,0,-60,,,,
032310,0,0,0,-161,,,,
032311,0,0,0,-53,,,,
032312,0,0,0,7,,,,
032314,0,0,0,-160,,,,
032315,0,0,0,78,,,,
032316,0,0,0,-2,,,,
032317,0,0,0,-50,,,,
032319,0,0,0,-6,,,,
032320,0,0,0,12,,,,
032321,0,0,0,214,,,,
032322,0,0,0,-17,,,,
032323,0,0,0,10,,,,
032324,0,0,0,-37,,,,
032326,0,0,0,-120,,,,
032327,0,0,0,-177,,,,
032328,0,0,0,-5,,,,
032329,0,0,0,-5,,,,
032330,0,0,0,1423,,,,
032331,0,0,0,44,,,,
032332,0,0,0,-75,,,,
032333,0,0,0,57,,,,
032334,0,0,0,50,,,,
032335,0,0,0,-221,,,,
032336,0,0,0,577,,,,
032337,0,0,0,114,,,,
032338,0,0,0,64,,,,
032340,0,0,0,-17,,,,
032341,0,0,0,4,,,,
032343,0,0,0,-31,,,,
032344,0,0,0,459,,,,
032351,0,0,0,15,,,,
032353,0,0,0,18,,,,
032355,0,0,0,234,,,,
032356,0,0,0,18,,,,
032357,0,0,0,223,,,,
032363,0,0,0,-82,,,,
032364,0,0,0,387,,,,
032365,0,0,0,-4,,,,
032366,0,0,0,1,,,,
032367,0,0,0,31,,,,
032368,0,0,0,152,,,,
032369,0,0,0,-2,,,,
032370,0,0,0,0,,,,
032371,0,0,0,15,,,,
032374,0,0,0,-187,,,,
032375,0,0,0,-12,,,,
032380,0,0,0,11,,,,
032381,0,0,0,54,,,,
032382,0,0,0,2,,,,
032383,0,0,0,-56,,,,
032384,0,0,0,198,,,,
032390,0,0,0,73,,,,
032391,0,0,0,-11,,,,
032393,0,0,0,67,,,,
032394,0,0,0,-199,,,,
032395,0,0,0,0,,,,
032396,0,0,0,16,,,,
032397,0,0,0,8,,,,
032398,0,0,0,-99,,,,
032399,0,0,0,-1,,,,
032400,0,0,0,-100,,,,
032401,0,0,0,34,,,,
032402,0,0,0,-9,,,,
032403,0,0,0,-27,,,,
032405,0,0,0,-250,,,,
032408,0,0,0,-36,,,,
032410,0,0,0,-1,,,,
032411,0,0,0,-1999,,,,
032412,0,0,0,368,,,,
032413,0,0,0,100,,,,
032414,0,0,0,28,,,,
032415,0,0,0,-27,,,,
032417,0,0,0,-2,,,,
032418,0,0,0,-25,,,,
032419,0,0,0,269,,,,
032420,0,0,0,61,,,,
032421,0,0,0,-51,,,,
032422,0,0,0,-105,,,,
032423,0,0,0,230,,,,
032424,0,0,0,-39,,,,
032425,0,0,0,-570,,,,
032426,0,0,0,-113,,,,
032427,0,0,0,88,,,,
032428,0,0,0,35,,,,
032430,0,0,0,62,,,,
032435,0,0,0,-1,,,,
032439,0,0,0,96,,,,
032440,0,0,0,12,,,,
032442,0,0,0,-16,,,,
032443,0,0,0,-3,,,,
032444,0,0,0,121,,,,
032445,0,0,0,139,,,,
032447,0,0,0,-50,,,,
032448,0,0,0,-68,,,,
032449,0,0,0,-215,,,,
032450,0,0,0,54,,,,
032454,0,0,0,-4,,,,
032455,0,0,0,40,,,,
032456,0,0,0,20,,,,
032459,0,0,0,-33,,,,
032461,0,0,0,-7,,,,
032462,0,0,0,-149,,,,
032463,0,0,0,-133,,,,
032464,0,0,0,273,,,,
032465,0,0,0,-2,,,,
032466,0,0,0,-2,,,,
032467,0,0,0,-166,,,,
032468,0,0,0,20,,,,
032469,0,0,0,524,,,,
03246U,0,0,0,-5,,,,
032470,0,0,0,8,,,,
032471,0,0,0,-5,,,,
032473,0,0,0,-13,,,,
032474,0,0,0,-1,,,,
032475,0,0,0,40,,,,
032476,0,0,0,-183,,,,
032477,0,0,0,-330,,,,
032478,0,0,0,-138,,,,
032480,0,0,0,19,,,,
032481,0,0,0,79,,,,
032482,0,0,0,40,,,,
032483,0,0,0,44,,,,
032485,0,0,0,424,,,,
032486,0,0,0,134,,,,
032487,0,0,0,24,,,,
032488,0,0,0,-134,,,,
032489,0,0,0,5,,,,
03248U,0,0,0,-20,,,,
032491,0,0,0,-7,,,,
032494,0,0,0,22,,,,
032495,0,0,0,-57,,,,
032496,0,0,0,-5,,,,
032497,0,0,0,15,,,,
032498,0,0,0,8,,,,
03249U,0,0,0,-15,,,,
032501,0,0,0,73,,,,
032503,0,0,0,-29,,,,
032504,0,0,0,-62,,,,
032505,0,0,0,48,,,,
032506,0,0,0,-103,,,,
032508,0,0,0,-18,,,,
03250U,0,0,0,-171,,,,
032510,0,0,0,132,,,,
032511,0,0,0,28,,,,
032512,0,0,0,-24,,,,
032514,0,0,0,118,,,,
032515,0,0,0,-29,,,,
032516,0,0,0,20,,,,
032517,0,0,0,-23,,,,
032518,0,0,0,-54,,,,
032519,0,0,0,0,,,,
032520,0,0,0,-5,,,,
032521,0,0,0,3,,,,
032522,0,0,0,-10,,,,
032523,0,0,0,-100,,,,
032525,0,0,0,-40,,,,
032526,0,0,0,2,,,,
032527,0,0,0,2,,,,
032528,0,0,0,-59,,,,
03252U,0,0,0,-207,,,,
032530,0,0,0,11,,,,
032531,0,0,0,15,,,,
032532,0,0,0,27,,,,
032533,0,0,0,9,,,,
032534,0,0,0,-4,,,,
032535,0,0,0,40,,,,
032536,0,0,0,-132,,,,
032537,0,0,0,7,,,,
032538,0,0,0,73,,,,
032539,0,0,0,1,,,,
032540,0,0,0,-34,,,,
032541,0,0,0,-1,,,,
032542,0,0,0,-20,,,,
032543,0,0,0,-74,,,,
032544,0,0,0,-369,,,,
032545,0,0,0,407,,,,
032546,0,0,0,-262,,,,
032547,0,0,0,36,,,,
032549,0,0,0,-262,,,,
032550,0,0,0,10,,,,
032551,0,0,0,385,,,,
032552,0,0,0,-1,,,,
032553,0,0,0,11,,,,
032559,0,0,0,-4,,,,
03255U,0,0,0,-30,,,,
032561,0,0,0,4,,,,
032562,0,0,0,-5,,,,
032563,0,0,0,37,,,,
032564,0,0,0,10,,,,
032565,0,0,0,70,,,,
032566,0,0,0,60,,,,
032568,0,0,0,28,,,,
032570,0,0,0,-51,,,,
032571,0,0,0,-167,,,,
032572,0,0,0,-6,,,,
032573,0,0,0,-90,,,,
032574,0,0,0,-2,,,,
032575,0,0,0,-1,,,,
032576,0,0,0,-28,,,,
032578,0,0,0,28,,,,
032584,0,0,0,-7,,,,
032585,0,0,0,-1,,,,
032589,0,0,0,-4,,,,
03258U,0,0,0,-300,,,,
032592,0,0,0,2,,,,
032593,0,0,0,189,,,,
032596,0,0,0,52,,,,
032597,0,0,0,-9,,,,
032598,0,0,0,0,,,,
032599,0,0,0,-174,,,,
032600,0,0,0,655,,,,
032601,0,0,0,-123,,,,
032602,0,0,0,-1,,,,
032604,0,0,0,10,,,,
032605,0,0,0,-445,,,,
032606,0,0,0,31,,,,
032607,0,0,0,153,,,,
032609,0,0,0,63,,,,
032610,0,0,0,133,,,,
032612,0,0,0,-741,,,,
032615,0,0,0,8,,,,
032616,0,0,0,-453,,,,
032618,0,0,0,328,,,,
032620,0,0,0,31,,,,
032622,0,0,0,10,,,,
032623,0,0,0,706,,,,
032625,0,0,0,13,,,,
032627,0,0,0,-175,,,,
032628,0,0,0,-7,,,,
032629,0,0,0,20,,,,
032630,0,0,0,-100,,,,
032631,0,0,0,-154,,,,
032633,0,0,0,-78,,,,
032636,0,0,0,95,,,,
032637,0,0,0,23,,,,
032638,0,0,0,-8,,,,
032639,0,0,0,15,,,,
032641,0,0,0,321,,,,
032643,0,0,0,1,,,,
032644,0,0,0,23,,,,
032645,0,0,0,-55,,,,
032646,0,0,0,5,,,,
032647,0,0,0,-48,,,,
032648,0,0,0,-28,,,,
032649,0,0,0,-20,,,,
032650,0,0,0,-40,,,,
032652,0,0,0,-5,,,,
032653,0,0,0,-805,,,,
032655,0,0,0,85,,,,
032656,0,0,0,53,,,,
032657,0,0,0,77,,,,
032658,0,0,0,19,,,,
032660,0,0,0,-11,,,,
032661,0,0,0,-14,,,,
032662,0,0,0,-36,,,,
032663,0,0,0,105,,,,
032664,0,0,0,-19,,,,
032667,0,0,0,44,,,,
032668,0,0,0,19,,,,
032669,0,0,0,70,,,,
032672,0,0,0,-130,,,,
032673,0,0,0,0,,,,
032674,0,0,0,22,,,,
032675,0,0,0,109,,,,
032676,0,0,0,-116,,,,
032678,0,0,0,150,,,,
03267U,0,0,0,-14,,,,
032681,0,0,0,-6,,,,
032682,0,0,0,-15,,,,
032686,0,0,0,-5,,,,
032687,0,0,0,63,,,,
032688,0,0,0,-4,,,,
032690,0,0,0,-139,,,,
032691,0,0,0,114,,,,
032692,0,0,0,22,,,,
032693,0,0,0,-420,,,,
032696,0,0,0,33,,,,
032697,0,0,0,-65,,,,
032698,0,0,0,174,,,,
03269U,0,0,0,-20,,,,
032700,0,0,0,18,,,,
032701,0,0,0,-44,,,,
032702,0,0,0,46,,,,
032703,0,0,0,-33,,,,
032704,0,0,0,-17,,,,
032705,0,0,0,-126,,,,
032707,0,0,0,29,,,,
032708,0,0,0,18,,,,
032709,0,0,0,-16,,,,
032710,0,0,0,-2,,,,
032711,0,0,0,-32,,,,
032714,0,0,0,-294,,,,
032715,0,0,0,-220,,,,
032716,0,0,0,-232,,,,
032717,0,0,0,73,,,,
032718,0,0,0,199,,,,
032719,0,0,0,-33,,,,
032721,0,0,0,-556,,,,
032723,0,0,0,-1,,,,
032725,0,0,0,33,,,,
032726,0,0,0,-8,,,,
032727,0,0,0,51,,,,
032728,0,0,0,155,,,,
032729,0,0,0,27,,,,
032730,0,0,0,774,,,,
032731,0,0,0,108,,,,
032732,0,0,0,328,,,,
032733,0,0,0,34,,,,
032734,0,0,0,172,,,,
032736,0,0,0,-5,,,,
032737,0,0,0,-100,,,,
032738,0,0,0,268,,,,
032739,0,0,0,-224,,,,
032740,0,0,0,150,,,,
032741,0,0,0,64,,,,
032742,0,0,0,216,,,,
032743,0,0,0,756,,,,
032744,0,0,0,-552,,,,
032745,0,0,0,-196,,,,
032746,0,0,0,-38,,,,
032747,0,0,0,69,,,,
032748,-15,0,0,146,,,,
032749,0,0,0,-36,,,,
032750,0,0,0,43,,,,
032751,0,0,0,-61,,,,
032752,0,0,0,35,,,,
032753,0,0,0,-70,,,,
032754,0,0,0,-198,,,,
032755,0,0,0,-38,,,,
032756,0,0,0,-367,,,,
032757,0,0,0,36,,,,
032758,0,0,0,66,,,,
032759,0,0,0,-170,,,,
032760,0,0,0,-252,,,,
032761,0,0,0,154,,,,
032762,0,0,0,483,,,,
032763,0,0,0,673,,,,
032764,0,0,0,-246,,,,
032765,0,0,0,10,,,,
032766,0,0,0,38,,,,
032767,0,0,0,-565,,,,
032768,0,0,0,-82,,,,
03276U,0,0,0,-7,,,,
032770,0,0,0,-85,,,,
032771,0,0,0,-17,,,,
032772,0,0,0,-10,,,,
032773,0,0,0,40,,,,
032774,0,0,0,516,,,,
032775,0,0,0,-18,,,,
032776,0,0,0,8,,,,
032778,0,0,0,0,,,,
032780,0,0,0,20,,,,
032781,0,0,0,-220,,,,
032782,0,0,0,9,,,,
032783,0,0,0,13,,,,
032784,0,0,0,39,,,,
032785,0,0,0,379,,,,
032786,0,0,0,-90,,,,
032787,0,0,0,-99,,,,
032788,0,0,0,47,,,,
032789,0,0,0,10,,,,
032790,0,0,0,31,,,,
032791,0,0,0,-31,,,,
032794,0,0,0,14,,,,
032795,0,0,0,-40,,,,
032796,0,0,0,-16,,,,
032797,0,0,0,-57,,,,
032798,0,0,0,77,,,,
03279U,0,0,0,-100,,,,
032800,0,0,0,20,,,,
032801,0,0,0,-152,,,,
032802,0,0,0,-58,,,,
032804,0,0,0,10,,,,
032805,0,0,0,-221,,,,
032806,0,0,0,-715,,,,
032807,0,0,0,-155,,,,
032813,0,0,0,-250,,,,
032814,0,0,0,278,,,,
032815,0,0,0,-2,,,,
032818,0,0,0,7,,,,
032821,0,0,0,-11,,,,
032822,0,0,0,0,,,,
032824,0,0,0,24,,,,
032825,0,0,0,13,,,,
032826,0,0,0,47,,,,
032828,0,0,0,55,,,,
032829,0,0,0,33,,,,
032830,0,0,0,7,,,,
032831,0,0,0,292,,,,
032832,0,0,0,-10,,,,
032833,0,0,0,47,,,,
032834,0,0,0,-175,,,,
032835,0,0,0,14,,,,
032836,0,0,0,34,,,,
032837,0,0,0,48,,,,
032839,0,0,0,-39,,,,
032842,0,0,0,0,,,,
032843,0,0,0,4,,,,
032845,0,0,0,-233,,,,
032846,0,0,0,16,,,,
032847,0,0,0,61,,,,
032848,0,0,0,50,,,,
032849,0,0,0,-58,,,,
032850,0,0,0,8,,,,
032851,0,0,0,-59,,,,
032852,0,0,0,-33,,,,
032854,0,0,0,-179,,,,
032855,0,0,0,-6,,,,
032856,0,0,0,101,,,,
032857,0,0,0,-150,,,,
032858,0,0,0,-207,,,,
032860,0,0,0,-614,,,,
032862,0,0,0,38,,,,
032863,0,0,0,122,,,,
032864,0,0,0,-11,,,,
032865,0,0,0,487,,,,
032866,0,0,0,65,,,,
032867,0,0,0,104,,,,
032868,0,0,0,248,,,,
032869,0,0,0,10,,,,
032870,0,0,0,-54,,,,
032871,0,0,0,-22,,,,
032873,0,0,0,12,,,,
032874,0,0,0,-21,,,,
032875,0,0,0,232,,,,
032877,0,0,0,12,,,,
032878,0,0,0,52,,,,
032881,0,0,0,-5,,,,
032884,0,0,0,8,,,,
032885,0,0,0,3,,,,
032886,0,0,0,-149,,,,
032887,0,0,0,-1,,,,
032889,0,0,0,17,,,,
03288U,0,0,0,-32,,,,
032890,0,0,0,0,,,,
032891,0,0,0,33,,,,
032892,0,0,0,-41,,,,
032893,0,0,0,-192,,,,
032894,0,0,0,-70,,,,
032897,0,0,0,-94,,,,
032898,0,0,0,-84,,,,
032899,0,0,0,475,,,,
032901,0,0,0,-465,,,,
032902,0,0,0,14,,,,
032903,0,0,0,-134,,,,
032909,0,0,0,230,,,,
032911,0,0,0,-5,,,,
032913,0,0,0,-1260,,,,
032914,0,0,0,-20,,,,
032916,0,0,0,620,,,,
032919,0,0,0,-10,,,,
03291U,0,0,0,-100,,,,
032920,0,0,0,-12,,,,
032921,0,0,0,331,,,,
032922,0,0,0,10,,,,
032925,0,0,0,110,,,,
032926,0,0,0,115,,,,
032927,0,0,0,31,,,,
032928,0,0,0,99,,,,
032929,0,0,0,-8,,,,
032930,0,0,0,-15,,,,
032931,0,0,0,201,,,,
032932,0,0,0,0,,,,
032933,0,0,0,-12,,,,
032935,0,0,0,-50,,,,
032936,0,0,0,-19,,,,
032940,0,0,0,61,,,,
032941,0,0,0,-43,,,,
032942,0,0,0,-1,,,,
032943,0,0,0,50,,,,
032944,0,0,0,-10,,,,
032945,0,0,0,-84,,,,
032947,0,0,0,-2,,,,
032948,0,0,0,-48,,,,
032949,0,0,0,-35,,,,
032951,0,0,0,18,,,,
032952,0,0,0,-294,,,,
032953,0,0,0,383,,,,
032954,0,0,0,744,,,,
032955,0,0,0,445,,,,
032956,0,0,0,13,,,,
032957,0,0,0,-7,,,,
032959,0,0,0,-10,,,,
032961,0,0,0,-35,,,,
032963,0,0,0,-96,,,,
032965,0,0,0,-21,,,,
032966,0,0,0,2,,,,
032967,0,0,0,23,,,,
032968,0,0,0,-86,,,,
03296U,0,0,0,-30,,,,
032970,0,0,0,36,,,,
032973,0,0,0,18,,,,
032974,0,0,0,-9,,,,
032975,0,0,0,-20,,,,
032976,0,0,0,-55,,,,
032977,0,0,0,-79,,,,
032978,0,0,0,26,,,,
032979,0,0,0,7,,,,
032980,0,0,0,0,,,,
032982,0,0,0,-151,,,,
032983,0,0,0,1427,,,,
032984,0,0,0,83,,,,
032985,0,0,0,36,,,,
032986,0,0,0,-34,,,,
032987,0,0,0,-81,,,,
032988,0,0,0,-201,,,,
032991,0,0,0,-156,,,,
032992,0,0,0,53,,,,
032993,0,0,0,-235,,,,
032994,0,0,0,-60,,,,
032995,0,0,0,8,,,,
032996,0,0,0,-3,,,,
032998,0,0,0,24,,,,
032999,0,0,0,70,,,,
033000,0,0,0,-97,,,,
033001,0,0,0,-5,,,,
033003,0,0,0,-2,,,,
033004,0,0,0,244,,,,
033005,0,0,0,-50,,,,
033008,0,0,0,83,,,,
033009,0,0,0,16,,,,
03300U,0,0,0,-18,,,,
033010,0,0,0,-106,,,,
033011,0,0,0,119,,,,
033013,0,0,0,-53,,,,
033014,0,0,0,80,,,,
033015,0,0,0,60,,,,
033016,0,0,0,18,,,,
033017,0,0,0,-61,,,,
033018,0,0,0,-80,,,,
033019,0,0,0,44,,,,
033020,0,0,0,-120,,,,
033021,0,0,0,-271,,,,
033022,0,0,0,-56,,,,
033023,0,0,0,137,,,,
033024,0,0,0,-331,,,,
033025,0,0,0,-617,,,,
033027,0,0,0,59,,,,
033028,0,0,0,-638,,,,
033029,0,0,0,-1398,,,,
03302U,0,0,0,-3,,,,
033030,0,0,0,73,,,,
033031,0,0,0,-12,,,,
033032,0,0,0,-370,,,,
033033,0,0,0,69,,,,
033034,0,0,0,2,,,,
033035,0,0,0,-1,,,,
033036,0,0,0,-66,,,,
033037,0,0,0,300,,,,
033038,0,0,0,-36,,,,
033041,0,0,0,-1,,,,
033042,0,0,0,-4,,,,
033047,0,0,0,11,,,,
033049,0,0,0,-14,,,,
03304U,0,0,0,-60,,,,
033052,0,0,0,10,,,,
033053,0,0,0,-12,,,,
033054,0,0,0,-38,,,,
033055,0,0,0,77,,,,
033056,0,0,0,13,,,,
033058,0,0,0,-5,,,,
033059,0,0,0,-33,,,,
033063,0,0,0,20,,,,
033064,0,0,0,-31,,,,
033069,0,0,0,13,,,,
03306U,0,0,0,61,,,,
033070,0,0,0,-73,,,,
033071,0,0,0,149,,,,
033072,0,0,0,-94,,,,
033073,0,0,0,13,,,,
033074,0,0,0,14,,,,
033075,0,0,0,-86,,,,
033076,0,0,0,-33,,,,
033077,0,0,0,0,,,,
033078,0,0,0,156,,,,
033079,0,0,0,-80,,,,
03307U,0,0,0,67,,,,
033080,0,0,0,-22,,,,
033081,0,0,0,-121,,,,
033082,0,0,0,-258,,,,
033083,0,0,0,-51,,,,
033085,0,0,0,-30,,,,
033086,0,0,0,-28,,,,
033088,0,0,0,0,,,,
033089,0,0,0,15,,,,
03308U,0,0,0,60,,,,
033090,0,0,0,-10,,,,
033092,0,0,0,62,,,,
033093,0,0,0,-201,,,,
033094,0,0,0,-10,,,,
033095,0,0,0,-7,,,,
033096,0,0,0,38,,,,
033098,0,0,0,-78,,,,
033099,0,0,0,-40,,,,
03309U,0,0,0,61,,,,
033100,0,0,0,-38,,,,
033102,0,0,0,-150,,,,
033104,0,0,0,-30,,,,
033105,0,0,0,-148,,,,
033106,0,0,0,-30,,,,
033107,0,0,0,140,,,,
033108,0,0,0,-99,,,,
033109,0,0,0,61,,,,
033111,0,0,0,-1420,,,,
033112,0,0,0,163,,,,
033113,0,0,0,40,,,,
033114,0,0,0,227,,,,
033115,0,0,0,-9,,,,
033116,0,0,0,-59,,,,
033118,0,0,0,30,,,,
033119,0,0,0,25,,,,
033121,0,0,0,-7,,,,
033122,0,0,0,1,,,,
033123,0,0,0,27,,,,
033124,0,0,0,-51,,,,
033125,0,0,0,0,,,,
033129,0,0,0,-42,,,,
033131,0,0,0,50,,,,
033132,0,0,0,2,,,,
033134,0,0,0,-9,,,,
033135,0,0,0,-31,,,,
033136,0,0,0,0,,,,
033137,0,0,0,-169,,,,
033138,0,0,0,413,,,,
03313U,0,0,0,1,,,,
033140,0,0,0,96,,,,
033142,0,0,0,10,,,,
033143,0,0,0,-129,,,,
033144,0,0,0,-524,,,,
033150,0,0,0,5,,,,
033151,0,0,0,-176,,,,
033152,0,0,0,-10,,,,
033153,0,0,0,0,,,,
033154,0,0,0,-68,,,,
033155,0,0,0,815,,,,
033156,0,0,0,175,,,,
033163,0,0,0,129,,,,
033164,0,0,0,94,,,,
033165,0,0,0,19,,,,
033168,0,0,0,22,,,,
033169,0,0,0,16,,,,
033172,0,0,0,-76,,,,
033173,0,0,0,-137,,,,
033174,0,0,0,51,,,,
033175,0,0,0,63,,,,
033177,0,0,0,-96,,,,
033178,0,0,0,263,,,,
033179,0,0,0,-338,,,,
033180,0,0,0,-564,,,,
033182,0,0,0,-211,,,,
033183,0,0,0,-140,,,,
033184,0,0,0,-13,,,,
033185,0,0,0,299,,,,
033187,0,0,0,103,,,,
033188,0,0,0,-12,,,,
033190,0,0,0,133,,,,
033191,0,0,0,-101,,,,
033192,0,0,0,-6,,,,
033196,0,0,0,-138,,,,
033197,0,0,0,-40,,,,
033198,0,0,0,-30,,,,
033199,0,0,0,341,,,,
033200,0,0,0,-203,,,,
033201,0,0,0,52,,,,
033202,0,0,0,-14,,,,
033203,0,0,0,-132,,,,
033204,0,0,0,124,,,,
033205,0,0,0,-113,,,,
033206,0,0,0,67,,,,
033207,0,0,0,-1002,,,,
033208,0,0,0,992,,,,
033209,0,0,0,640,,,,
033210,0,0,0,354,,,,
033211,0,0,0,311,,,,
033212,0,0,0,-378,,,,
033213,0,0,0,-233,,,,
033214,0,0,0,-115,,,,
033215,0,0,0,-973,,,,
033217,0,0,0,-10,,,,
033218,0,0,0,195,,,,
033219,0,0,0,3,,,,
03321U,0,0,0,-20,,,,
033220,0,0,0,-214,,,,
033221,0,0,0,-339,,,,
033222,0,0,0,371,,,,
033223,0,0,0,38,,,,
033224,0,0,0,-3,,,,
033225,0,0,0,-146,,,,
033226,0,0,0,116,,,,
033227,0,0,0,253,,,,
033228,0,0,0,25,,,,
033230,0,0,0,7,,,,
033233,0,0,0,10,,,,
033234,0,0,0,0,,,,
033235,0,0,0,2,,,,
033236,0,0,0,14,,,,
033237,0,0,0,146,,,,
033239,0,0,0,0,,,,
03323U,0,0,0,-90,,,,
033240,0,0,0,-51,,,,
033243,0,0,0,-257,,,,
033244,0,0,0,-27,,,,
033245,0,0,0,-18,,,,
033246,0,0,0,14,,,,
033247,0,0,0,10,,,,
033251,0,0,0,87,,,,
033252,0,0,0,-42,,,,
033253,0,0,0,-1,,,,
033255,0,0,0,-14,,,,
033256,0,0,0,-1,,,,
033257,0,0,0,-169,,,,
033259,0,0,0,7,,,,
033261,0,0,0,-3,,,,
033264,0,0,0,-90,,,,
033268,0,0,0,1,,,,
033269,0,0,0,8,,,,
033270,0,0,0,31,,,,
033271,0,0,0,13,,,,
033272,0,0,0,-145,,,,
033273,0,0,0,21,,,,
033275,0,0,0,-20,,,,
033277,0,0,0,29,,,,
033278,0,0,0,12,,,,
033279,0,0,0,140,,,,
033280,0,0,0,-5,,,,
033281,0,0,0,346,,,,
033282,0,0,0,-34,,,,
033283,0,0,0,132,,,,
033286,0,0,0,-81,,,,
033287,0,0,0,151,,,,
033288,0,0,0,117,,,,
033289,0,0,0,1,,,,
033291,0,0,0,31,,,,
033292,0,0,0,2,,,,
033293,0,0,0,66,,,,
033295,0,0,0,135,,,,
033296,0,0,0,119,,,,
033297,0,0,0,97,,,,
033298,0,0,0,-866,,,,
033299,0,0,0,163,,,,
03329U,0,0,0,35,,,,
033300,0,0,0,-16,,,,
033301,0,0,0,-22,,,,
033302,0,0,0,-158,,,,
033303,0,0,0,292,,,,
033304,0,0,0,71,,,,
033305,0,0,0,-259,,,,
033306,0,0,0,-1,,,,
033307,0,0,0,-14,,,,
033308,0,0,0,-165,,,,
033309,0,0,0,-14,,,,
03330U,0,0,0,-40,,,,
033310,0,0,0,-51,,,,
033311,0,0,0,43,,,,
033312,0,0,0,100,,,,
033313,0,0,0,10,,,,
033314,0,0,0,-5,,,,
033316,0,0,0,-10,,,,
033319,0,0,0,314,,,,
03331U,0,0,0,-6,,,,
033321,0,0,0,-27,,,,
033324,0,0,0,-10,,,,
033325,0,0,0,8,,,,
033326,0,0,0,-15,,,,
033328,0,0,0,52,,,,
033329,0,0,0,23,,,,
033330,0,0,0,-1,,,,
033332,0,0,0,-2,,,,
033333,0,0,0,49,,,,
033334,0,0,0,-41,,,,
033335,0,0,0,-323,,,,
033336,0,0,0,-145,,,,
033337,0,0,0,-1,,,,
033338,0,0,0,73,,,,
033339,0,0,0,-160,,,,
03333U,0,0,0,-4,,,,
033340,0,0,0,0,,,,
033341,0,0,0,75,,,,
033343,0,0,0,37,,,,
033345,0,0,0,-46,,,,
033346,0,0,0,1,,,,
033347,0,0,0,-46,,,,
033349,0,0,0,-26,,,,
033354,0,0,0,-5,,,,
033355,0,0,0,11,,,,
033356,0,0,0,-78,,,,
033357,0,0,0,17,,,,
033359,0,0,0,109,,,,
033360,0,0,0,-17,,,,
033361,0,0,0,-102,,,,
033362,0,0,0,32,,,,
033363,0,0,0,-71,,,,
033364,0,0,0,-1,,,,
033366,0,0,0,0,,,,
033368,0,0,0,-200,,,,
033369,0,0,0,-110,,,,
033370,0,0,0,0,,,,
033372,0,0,0,-110,,,,
033373,0,0,0,96,,,,
033375,0,0,0,0,,,,
033377,0,0,0,180,,,,
033378,0,0,0,-37,,,,
033381,0,0,0,-18,,,,
033382,0,0,0,-218,,,,
033383,0,0,0,-408,,,,
033385,0,0,0,-18,,,,
033388,0,0,0,0,,,,
033389,0,0,0,-20,,,,
033390,0,0,0,-10,,,,
033391,0,0,0,42,,,,
033392,0,0,0,-26,,,,
033393,0,0,0,-20,,,,
033394,0,0,0,59,,,,
033395,0,0,0,5,,,,
033398,0,0,0,18,,,,
033399,0,0,0,-262,,,,
033401,0,0,0,-20,,,,
033403,0,0,0,-40,,,,
033404,0,0,0,-50,,,,
033405,0,0,0,-22,,,,
033406,0,0,0,-3,,,,
033407,0,0,0,10,,,,
033408,0,0,0,15,,,,
03340U,0,0,0,-30,,,,
033415,0,0,0,8,,,,
033416,0,0,0,-5,,,,
033417,0,0,0,-11,,,,
033420,0,0,0,-3,,,,
033421,0,0,0,272,,,,
033425,0,0,0,-35,,,,
033427,0,0,0,-10,,,,
033428,0,0,0,-10,,,,
033432,0,0,0,18,,,,
033433,0,0,0,-9,,,,
033434,0,0,0,-46,,,,
033435,0,0,0,-7,,,,
033436,0,0,0,-54,,,,
033437,0,0,0,-18,,,,
033438,0,0,0,-141,,,,
033439,0,0,0,8,,,,
03343U,0,0,0,-30,,,,
033440,0,0,0,-2,,,,
033441,0,0,0,-196,,,,
033442,0,0,0,-26,,,,
033443,0,0,0,-107,,,,
033444,0,0,0,-82,,,,
033445,0,0,0,-216,,,,
033448,0,0,0,-33,,,,
033449,0,0,0,-249,,,,
03344U,0,0,0,38,,,,
033456,0,0,0,-5,,,,
033459,0,0,0,0,,,,
033460,0,0,0,-42,,,,
033461,0,0,0,-1,,,,
033462,0,0,0,-473,,,,
033464,0,0,0,-20,,,,
033466,0,0,0,-10,,,,
033467,0,0,0,54,,,,
033468,0,0,0,4,,,,
033469,0,0,0,-5,,,,
033470,0,0,0,-45,,,,
033472,0,0,0,26,,,,
033473,0,0,0,-7,,,,
033475,0,0,0,-31,,,,
033476,0,0,0,30,,,,
033478,0,0,0,-27,,,,
033479,0,0,0,1,,,,
03347U,0,0,0,-23,,,,
033480,0,0,0,9,,,,
033482,0,0,0,556,,,,
033483,0,0,0,-4,,,,
033484,0,0,0,-186,,,,
033485,0,0,0,-1391,,,,
033486,0,0,0,-749,,,,
033487,0,0,0,99,,,,
033488,0,0,0,0,,,,
033489,0,0,0,18,,,,
033492,0,0,0,-93,,,,
033493,15,0,0,-169,,,,
033494,0,0,0,-2,,,,
033496,0,0,0,-99,,,,
033497,0,0,0,90,,,,
033498,0,0,0,176,,,,
033499,0,0,0,-148,,,,
033500,0,0,0,-5,,,,
033501,0,0,0,19,,,,
033504,0,0,0,-82,,,,
033506,0,0,0,0,,,,
033514,0,0,0,-2,,,,
033515,0,0,0,30,,,,
033516,0,0,0,20,,,,
033518,0,0,0,44,,,,
033520,0,0,0,-13,,,,
033521,0,0,0,113,,,,
033522,0,0,0,-61,,,,
033523,0,0,0,-128,,,,
033526,0,0,0,-40,,,,
033527,0,0,0,-30,,,,
033529,0,0,0,-220,,,,
033530,0,0,0,280,,,,
033531,0,0,0,190,,,,
033532,0,0,0,10,,,,
033534,0,0,0,-2,,,,
033535,0,0,0,35,,,,
033536,0,0,0,0,,,,
033537,0,0,0,-58,,,,
033538,0,0,0,-1,,,,
033541,0,0,0,-2,,,,
033542,0,0,0,46,,,,
033543,0,0,0,0,,,,
033544,0,0,0,-25,,,,
033546,0,0,0,-204,,,,
033547,0,0,0,-10,,,,
033548,0,0,0,-160,,,,
033553,0,0,0,0,,,,
033554,0,0,0,412,,,,
033556,0,0,0,-40,,,,
033558,0,0,0,740,,,,
033560,0,0,0,55,,,,
033561,0,0,0,-87,,,,
033563,0,0,0,-108,,,,
033564,0,0,0,55,,,,
033565,0,0,0,24,,,,
033566,0,0,0,-125,,,,
033567,0,0,0,-139,,,,
033568,0,0,0,-135,,,,
033569,0,0,0,22,,,,
033570,0,0,0,37,,,,
033571,0,0,0,-68,,,,
033572,0,0,0,-313,,,,
033575,0,0,0,-150,,,,
033576,0,0,0,22,,,,
033577,0,0,0,-258,,,,
033578,0,0,0,-1188,,,,
033580,0,0,0,145,,,,
033581,0,0,0,152,,,,
033582,0,0,0,77,,,,
033583,0,0,0,50,,,,
033584,0,0,0,22,,,,
033585,0,0,0,-87,,,,
033586,0,0,0,-35,,,,
033587,0,0,0,-105,,,,
033588,0,0,0,-1,,,,
033589,0,0,0,-314,,,,
03358U,0,0,0,-13,,,,
033593,0,0,0,25,,,,
033595,0,0,0,-100,,,,
033599,0,0,0,-25,,,,
033607,0,0,0,15,,,,
033608,0,0,0,-1,,,,
033611,0,0,0,-10,,,,
033615,0,0,0,-33,,,,
033619,0,0,0,-7,,,,
033623,0,0,0,5,,,,
033624,0,0,0,-3,,,,
033625,0,0,0,-15,,,,
033628,0,0,0,-43,,,,
033629,0,0,0,-531,,,,
033630,0,0,0,-4,,,,
033631,0,0,0,-26,,,,
033633,0,0,0,-60,,,,
033635,0,0,0,-332,,,,
033638,0,0,0,-32,,,,
033641,0,0,0,-24,,,,
033642,0,0,0,-34,,,,
033644,0,0,0,-12,,,,
033645,0,0,0,-96,,,,
033647,0,0,0,-260,,,,
033648,0,0,0,-26,,,,
033649,0,0,0,-32,,,,
03364U,0,0,0,-33,,,,
033653,0,0,0,-635,,,,
033654,0,0,0,-54,,,,
033656,0,0,0,-20,,,,
033658,0,0,0,-89,,,,
033659,0,0,0,-98,,,,
033660,0,0,0,-100,,,,
033671,0,0,0,-44,,,,
033672,0,0,0,-35,,,,
033674,0,0,0,30,,,,
033677,0,0,0,1,,,,
033678,0,0,0,-41,,,,
033680,0,0,0,-37,,,,
033685,0,0,0,-11,,,,
033686,0,0,0,-17,,,,
03368U,0,0,0,-50,,,,
033691,0,0,0,-941,,,,
033693,0,0,0,0,,,,
033703,0,0,0,0,,,,
033704,0,0,0,-40,,,,
033705,0,0,0,-500,,,,
033707,0,0,0,0,,,,
033708,0,0,0,-8,,,,
03370U,0,0,0,70,,,,
033715,0,0,0,-29,,,,
033718,0,0,0,-21,,,,
033721,0,0,0,-1,,,,
033723,0,0,0,-12,,,,
033724,0,0,0,-300,,,,
033725,0,0,0,-205,,,,
033726,0,0,0,-6,,,,
033727,0,0,0,-20,,,,
03372U,0,0,0,-1318,,,,
033731,0,0,0,0,,,,
033732,0,0,0,32,,,,
033733,0,0,0,4,,,,
033736,0,0,0,-5,,,,
03373U,0,0,0,98,,,,
033745,0,0,0,-59,,,,
033746,0,0,0,-3,,,,
033749,0,0,0,-1,,,,
033751,0,0,0,50,,,,
033752,0,0,0,-5,,,,
033753,0,0,0,-343,,,,
033757,0,0,0,5,,,,
033760,0,0,0,3,,,,
033763,0,0,0,-430,,,,
033765,0,0,0,-46,,,,
033767,0,0,0,-65,,,,
033769,0,0,0,-20,,,,
033771,0,0,0,-28,,,,
033772,0,0,0,-31,,,,
033773,0,0,0,-607,,,,
033774,0,0,0,-60,,,,
033776,0,0,0,-102,,,,
033778,0,0,0,10,,,,
033779,0,0,0,-112,,,,
033780,0,0,0,-23,,,,
033781,0,0,0,-410,,,,
033782,0,0,0,-1,,,,
033784,0,0,0,-30,,,,
033786,0,0,0,-58,,,,
033788,0,0,0,0,,,,
033789,0,0,0,-8,,,,
033792,0,0,0,-23,,,,
033793,0,0,0,-11,,,,
033794,0,0,0,5,,,,
033795,0,0,0,-2,,,,
033796,0,0,0,-10,,,,
033797,0,0,0,-51,,,,
033798,0,0,0,-10,,,,
033799,0,0,0,-5,,,,
03379U,14,0,0,-11,,,,
033800,0,0,0,-57,,,,
033801,0,0,0,-20,,,,
033803,0,0,0,-87,,,,
033804,0,0,0,140,,,,
033808,0,0,0,90,,,,
033809,0,0,0,-14,,,,
03380U,0,0,0,22,,,,
033810,0,0,0,-12,,,,
033814,0,0,0,8,,,,
033815,0,0,0,-50,,,,
033818,0,0,0,-8,,,,
033821,0,0,0,-1,,,,
033823,0,0,0,-10,,,,
033824,0,0,0,0,,,,
033825,0,0,0,-44,,,,
033827,0,0,0,-25,,,,
03382U,0,0,0,265,,,,
033838,0,0,0,-5,,,,
033843,0,0,0,-50,,,,
033846,0,0,0,-10,,,,
033847,0,0,0,-5,,,,
033848,0,0,0,-346,,,,
033849,0,0,0,-223,,,,
03384U,0,0,0,-40,,,,
033851,0,0,0,-465,,,,
033855,0,0,0,-21,,,,
033862,0,0,0,-20,,,,
033866,0,0,0,-5,,,,
033869,0,0,0,-2,,,,
03386U,0,0,0,-10,,,,
033871,0,0,0,-4,,,,
033874,0,0,0,-60,,,,
033880,0,0,0,-5,,,,
033883,0,0,0,-40,,,,
033884,0,0,0,-20,,,,
033886,0,0,0,-14,,,,
03388U,0,0,0,-4,,,,
033895,0,0,0,-25,,,,
033903,0,0,0,90,,,,
033908,0,0,0,-1,,,,
033910,0,0,0,-144,,,,
033913,0,0,0,-30,,,,
033918,0,0,0,146,,,,
033919,0,0,0,-4,,,,
03391U,0,0,0,-233,,,,
033924,0,0,0,-32,,,,
03392U,0,0,0,-10,,,,
033933,0,0,0,-50,,,,
033936,0,0,0,-20,,,,
033941,0,0,0,-140,,,,
033945,0,0,0,-35,,,,
03394U,0,0,0,-5,,,,
033951,0,0,0,-36,,,,
033956,0,0,0,-11,,,,
033959,0,0,0,-1,,,,
033968,0,0,0,-130,,,,
03397U,0,0,0,30,,,,
033980,0,0,0,-2,,,,
033988,0,0,0,-4,,,,
03398U,0,0,0,-6,,,,
033998,0,0,0,-10,,,,
034002,0,0,0,-34,,,,
034008,0,0,0,-10,,,,
034009,0,0,0,-25,,,,
03400U,0,0,0,-94,,,,
034012,0,0,0,-56,,,,
034017,0,0,0,-5,,,,
03401U,0,0,0,-3,,,,
034020,0,0,0,-175,,,,
034021,0,0,0,-30,,,,
034026,0,0,0,-350,,,,
034027,0,0,0,-2,,,,
034029,0,0,0,-100,,,,
034032,0,0,0,-10,,,,
034034,0,0,0,-130,,,,
034036,0,0,0,-28,,,,
034039,0,0,0,-10,,,,
03403U,0,0,0,-100,,,,
034044,0,0,0,-81,,,,
034045,0,0,0,-300,,,,
034048,0,0,0,-20,,,,
03405U,0,0,0,23,,,,
034062,0,0,0,-131,,,,
034069,0,0,0,-20,,,,
03406U,0,0,0,10,,,,
034071,0,0,0,-18,,,,
034087,0,0,0,1,,,,
03408U,0,0,0,1,,,,
034098,0,0,0,-12,,,,
034099,0,0,0,-10,,,,
034108,0,0,0,40,,,,
03412U,0,0,0,-2,,,,
03415U,0,0,0,-215,,,,
03417U,0,0,0,-55,,,,
03420U,0,0,0,160,,,,
03422U,0,0,0,4,,,,
03428U,0,0,0,1197,,,,
03429U,0,0,0,-30,,,,
03431U,0,0,0,-15,,,,
03434U,0,0,0,-3,,,,
03440U,0,0,0,-39,,,,
03444U,0,0,0,-18,,,,
034451,0,0,0,-315,,,,
034455,0,0,0,227,,,,
034457,0,0,0,106,,,,
03445U,0,0,0,6,,,,
034466,0,0,0,50,,,,
034467,0,0,0,523,,,,
03446U,0,0,0,-20,,,,
03455U,0,0,0,1,,,,
03456U,0,0,0,-5,,,,
03457U,0,0,0,5,,,,
03460U,0,0,0,-50,,,,
03465U,0,0,0,61,,,,
034694,0,0,0,50,,,,
034697,0,0,0,-2,,,,
034703,0,0,0,-197,,,,
034714,0,0,0,-10,,,,
034715,0,0,0,-6,,,,
03475U,0,0,0,-47,,,,
03478U,0,0,0,-60,,,,
03479U,0,0,0,5,,,,
03497U,0,0,0,-25,,,,
03500U,0,0,0,-1,,,,
03501U,0,0,0,-89,,,,
03503U,0,0,0,-89,,,,
03507U,0,0,0,40,,,,
03510U,0,0,0,-100,,,,
03513U,0,0,0,1,,,,
03516U,0,0,0,-80,,,,
03517U,0,0,0,-40,,,,
03522U,0,0,0,155,,,,
03525U,0,0,0,123,,,,
03528U,0,0,0,81,,,,
03530U,0,0,0,-30,,,,
03531U,0,0,0,-20,,,,
03537U,0,0,0,20,,,,
03539U,0,0,0,-103,,,,
03541U,0,0,0,190,,,,
03543U,0,0,0,-1250,,,,
03544U,0,0,0,30,,,,
03545U,0,0,0,59,,,,
03546U,0,0,0,10,,,,
03548U,0,0,0,57,,,,
03549U,0,0,0,113,,,,
03550U,0,0,0,-122,,,,
03551U,0,0,0,-61,,,,
03558U,0,0,0,60,,,,
03562U,0,0,0,-5,,,,
03563U,0,0,0,5,,,,
03565U,0,0,0,0,,,,
03572U,0,0,0,150,,,,
03574U,0,0,0,-50,,,,
03581U,0,0,0,-98,,,,
03585U,0,0,0,-10,,,,
03587U,0,0,0,5,,,,
03589U,0,0,0,-2,,,,
03590U,0,0,0,-22,,,,
03594U,0,0,0,9,,,,
03596U,0,0,0,-6,,,,
03597U,0,0,0,-40,,,,
03598U,0,0,0,-24,,,,
03600U,0,0,0,-10,,,,
03602U,0,0,0,-430,,,,
03603U,0,0,0,-500,,,,
03604U,0,0,0,116,,,,
03611U,0,0,0,58,,,,
03612U,0,0,0,-1,,,,
03613U,0,0,0,-1,,,,
03618U,0,0,0,-3,,,,
03621U,0,0,0,52,,,,
03623U,0,0,0,-3,,,,
03627U,0,0,0,121,,,,
03629U,0,0,0,-222,,,,
03630U,0,0,0,1,,,,
03632U,0,0,0,2,,,,
03636U,0,0,0,-47,,,,
03639U,0,0,0,10,,,,
03640U,0,0,0,-110,,,,
03646U,0,0,0,-20,,,,
03655U,0,0,0,-6,,,,
03657U,0,0,0,-25,,,,
03658U,0,0,0,-1,,,,
03659U,0,0,0,-83,,,,
03662U,0,0,0,6,,,,
03665B,0,0,0,278,,,,
03666B,0,0,0,562,,,,
03668B,0,0,0,77,,,,
03672U,0,0,0,-5,,,,
03673U,0,0,0,15,,,,
03676U,0,0,0,27,,,,
03678U,0,0,0,-4,,,,
03679B,0,0,0,237,,,,
03679U,0,0,0,-100,,,,
03680B,0,0,0,172,,,,
03680U,0,0,0,-52,,,,
03681B,0,0,0,51,,,,
03682B,0,0,0,-269,,,,
03683B,0,0,0,5,,,,
03683U,0,0,0,-50,,,,
03684U,0,0,0,20,,,,
03686B,0,0,0,1,,,,
03688U,0,0,0,90,,,,
03689U,0,0,0,-230,,,,
03692U,0,0,0,-1,,,,
03694U,0,0,0,-80,,,,
03697U,0,0,0,-347,,,,
03701U,0,0,0,-20,,,,
03702U,0,0,0,-20,,,,
03703U,0,0,0,-200,,,,
03710U,0,0,0,5,,,,
03713U,0,0,0,45,,,,
03715U,0,0,0,-31,,,,
03720U,0,0,0,20,,,,
03721U,0,0,0,-2,,,,
037329,0,0,0,20,,,,
037331,0,0,0,10,,,,
037332,0,0,0,-10,,,,
037338,0,0,0,-21,,,,
03733U,0,0,0,105,,,,
037347,0,0,0,-5,,,,
03740U,0,0,0,10,,,,
03741U,0,0,0,733,,,,
03743U,0,0,0,10,,,,
037450,0,0,0,-240,,,,
037452,0,0,0,-535,,,,
037457,0,0,0,-36,,,,
03745U,8,0,0,-8,,,,
03746U,0,0,0,-10,,,,
037471,0,0,0,40,,,,
03749U,0,0,0,-3,,,,
03750U,0,0,0,-15,,,,
03751U,0,0,0,15,,,,
03753U,0,0,0,-5,,,,
03759U,0,0,0,90,,,,
03761U,0,0,0,-15,,,,
03762U,0,0,0,12,,,,
03763U,0,0,0,146,,,,
03765U,0,0,0,-38,,,,
03770U,0,0,0,-82,,,,
03771U,0,0,0,-1,,,,
03773U,0,0,0,5,,,,
03774U,0,0,0,18,,,,
03777U,0,0,0,-333,,,,
03782U,0,0,0,102,,,,
03783U,0,0,0,-115,,,,
03784U,0,0,0,19,,,,
03785U,0,0,0,-3,,,,
03786U,0,0,0,-386,,,,
03789U,0,0,0,-8,,,,
03790U,0,0,0,-273,,,,
03792U,0,0,0,-80,,,,
03794U,0,0,0,-10,,,,
03795P,0,0,0,10,,,,
03796P,0,0,0,115,,,,
03802U,0,0,0,-5,,,,
03810U,0,0,0,-10,,,,
03814U,0,0,0,-53,,,,
03815U,0,0,0,-38,,,,
03817U,0,0,0,-1,,,,
03818U,0,0,0,-4,,,,
03820U,0,0,0,-100,,,,
03821U,0,0,0,784,,,,
03830U,0,0,0,-100,,,,
03840U,0,0,0,53,,,,
03843U,0,0,0,-69,,,,
03844U,0,0,0,-2,,,,
03855U,0,0,0,230,,,,
03859U,0,0,0,20,,,,
03860U,0,0,0,-11,,,,
038621,0,0,0,4,,,,
038623,0,0,0,-957,,,,
038629,0,0,0,10,,,,
03862U,0,0,0,-4,,,,
038630,0,0,0,163,,,,
03867U,0,0,0,-2,,,,
03873U,0,0,0,-10,,,,
03875U,0,0,0,3,,,,
03883U,0,0,0,-10,,,,
03886U,0,0,0,-3,,,,
03889U,0,0,0,640,,,,
03891U,0,0,0,-1,,,,
03892U,0,0,0,-154,,,,
03894U,0,0,0,353,,,,
038957,0,0,0,-735,,,,
03899U,0,0,0,-20,,,,
03900U,0,0,0,153,,,,
03901U,0,0,0,5,,,,
03903U,0,0,0,2,,,,
03905U,0,0,0,-100,,,,
03906U,0,0,0,-33,,,,
03908U,0,0,0,2,,,,
03910U,0,0,0,-160,,,,
03915U,0,0,0,8,,,,
03917U,0,0,0,-160,,,,
03919U,0,0,0,-10,,,,
03920U,0,0,0,3,,,,
03923U,0,0,0,-85,,,,
03924U,0,0,0,-400,,,,
03933U,0,0,0,-1,,,,
03934U,0,0,0,10,,,,
03935U,0,0,0,-31,,,,
03936U,0,0,0,1,,,,
03937U,0,0,0,1,,,,
03939P,0,0,0,20,,,,
03939U,0,0,0,-1,,,,
03942U,0,0,0,-5,,,,
03943U,0,0,0,1564,,,,
03945U,0,0,0,-30,,,,
03948U,0,0,0,-10,,,,
03953U,0,0,0,-1,,,,
03955U,0,0,0,-7,,,,
03956U,0,0,0,0,,,,
03957U,0,0,0,-19,,,,
03958C,0,0,0,183,,,,
03960U,0,0,0,-82,,,,
03963C,0,0,0,-2,,,,
03964U,0,0,0,610,,,,
03965U,0,0,0,25,,,,
03967C,0,0,0,-4,,,,
03969C,0,0,0,-13,,,,
03969U,0,0,0,-12,,,,
03970C,0,0,0,-4,,,,
03971U,0,0,0,-5,,,,
03972C,0,0,0,0,,,,
03973C,0,0,0,-4,,,,
03974C,0,0,0,10,,,,
03975C,0,0,0,-2,,,,
03976C,0,0,0,1,,,,
03977C,0,0,0,0,,,,
03977U,0,0,0,20,,,,
03978C,0,0,0,35,,,,
03979C,0,0,0,-70,,,,
03980C,0,0,0,-225,,,,
03981C,0,0,0,-67,,,,
03981U,0,0,0,-5,,,,
03982C,0,0,0,-4,,,,
03985U,0,0,0,1,,,,
03988U,0,0,0,-17,,,,
03989U,0,0,0,570,,,,
03991U,0,0,0,-100,,,,
03992U,0,0,0,1,,,,
03993U,0,0,0,-3,,,,
03995U,0,0,0,-2,,,,
03997U,0,0,0,-238,,,,
03999U,0,0,0,-34,,,,
04001U,0,0,0,-53,,,,
04002U,0,0,0,-279,,,,
04006U,0,0,0,60,,,,
04007U,0,0,0,-15,,,,
040087,0,0,0,-13,,,,
04009U,0,0,0,148,,,,
04010U,0,0,0,1,,,,
04011U,0,0,0,-15,,,,
04012U,0,0,0,0,,,,
04013U,0,0,0,-9,,,,
04014U,0,0,0,-675,,,,
04017U,0,0,0,21,,,,
04018U,0,0,0,32,,,,
04019U,0,0,0,-26,,,,
04021U,0,0,0,39,,,,
04022U,0,0,0,-20,,,,
04023U,0,0,0,-10,,,,
040246,0,0,0,-8,,,,
04026U,0,0,0,-39,,,,
04029U,0,0,0,80,,,,
04030U,0,0,0,-6,,,,
04034U,0,0,0,-13,,,,
040365,0,0,0,100,,,,
040366,0,0,0,-17,,,,
040368,0,0,0,-12,,,,
040369,0,0,0,-70,,,,
04038U,0,0,0,6,,,,
04041U,0,0,0,-4,,,,
04042U,0,0,0,3,,,,
040432,0,0,0,-40,,,,
040433,0,0,0,-8,,,,
040434,0,0,0,96,,,,
04045U,0,0,0,20,,,,
04048U,0,0,0,-200,,,,
04049U,0,0,0,-20,,,,
04052U,0,0,0,195,,,,
04053U,0,0,0,-390,,,,
04054U,0,0,0,5,,,,
040573,0,0,0,142,,,,
040576,0,0,0,-386,,,,
040589,0,0,0,1,,,,
04058U,0,0,0,-10,,,,
040590,0,0,0,-60,,,,
040591,0,0,0,2,,,,
040592,0,0,0,-978,,,,
04061U,0,0,0,-96,,,,
04065U,0,0,0,-12,,,,
040661,0,0,0,3,,,,
04066U,0,0,0,308,,,,
04067U,0,0,0,54,,,,
04068U,0,0,0,3,,,,
04069U,0,0,0,1,,,,
04070U,0,0,0,-1,,,,
04071U,0,0,0,-60,,,,
04074U,0,0,0,10,,,,
04075U,0,0,0,30,,,,
04076U,0,0,0,1,,,,
04084U,0,0,0,2,,,,
04086U,0,0,0,-27,,,,
04087U,0,0,0,-23,,,,
040897,0,0,0,1,,,,
04090U,0,0,0,50,,,,
04093U,0,0,0,40,,,,
04099U,0,0,0,-10,,,,
04104U,0,0,0,30,,,,
041068,0,0,0,61,,,,
04108U,0,0,0,40,,,,
041126,0,0,0,7,,,,
041129,0,0,0,-70,,,,
041132,0,0,0,-199,,,,
041137,0,0,0,-240,,,,
04116U,0,0,0,-100,,,,
04119U,0,0,0,-87,,,,
04120U,0,0,0,-45,,,,
04123U,0,0,0,0,,,,
04124U,0,0,0,10,,,,
04128U,0,0,0,15,,,,
04130U,0,0,0,-80,,,,
041322,0,0,0,-25,,,,
04135U,0,0,0,-56,,,,
04137U,0,0,0,-100,,,,
04139U,0,0,0,-31,,,,
04140U,0,0,0,-10,,,,
04141U,0,0,0,-1,,,,
04144U,0,0,0,-2,,,,
04150U,0,0,0,9,,,,
04152U,0,0,0,-1,,,,
04153U,0,0,0,-102,,,,
04157U,0,0,0,2,,,,
04159U,0,0,0,-1,,,,
04162U,0,0,0,-16,,,,
04168U,0,0,0,-52,,,,
04169U,0,0,0,-72,,,,
04170U,0,0,0,-61,,,,
04171U,0,0,0,0,,,,
04174U,0,0,0,20,,,,
04175U,0,0,0,-245,,,,
04176U,0,0,0,-5,,,,
04177U,0,0,0,211,,,,
04178U,0,0,0,2,,,,
04180U,0,0,0,50,,,,
04181U,0,0,0,-70,,,,
04183U,0,0,0,-742,,,,
04184U,0,0,0,-53,,,,
04186U,0,0,0,-10,,,,
04188U,0,0,0,10,,,,
04189U,0,0,0,7,,,,
04194U,0,0,0,-27,,,,
04196U,0,0,0,4,,,,
04197U,0,0,0,-5,,,,
04198U,0,0,0,24,,,,
04205U,0,0,0,10,,,,
04208U,0,0,0,23,,,,
04209U,0,0,0,-5,,,,
04211U,0,0,0,-10,,,,
04213U,0,0,0,-50,,,,
04215U,0,0,0,-50,,,,
04216U,0,0,0,4,,,,
04223U,0,0,0,0,,,,
04229U,0,0,0,-133,,,,
04230U,0,0,0,-180,,,,
04231U,0,0,0,63,,,,
04233U,0,0,0,-45,,,,
04235U,0,0,0,98,,,,
04236U,0,0,0,-38,,,,
04237U,0,0,0,10,,,,
04238U,0,0,0,41,,,,
04240U,0,0,0,-330,,,,
04241U,0,0,0,70,,,,
04246U,0,0,0,-37,,,,
04249U,0,0,0,200,,,,
04253U,0,0,0,-30,,,,
04254U,0,0,0,-268,,,,
04259U,0,0,0,-90,,,,
04261U,0,0,0,-5,,,,
04263U,0,0,0,-66,,,,
04264U,0,0,0,-11,,,,
04265U,0,0,0,-7,,,,
04266U,0,0,0,-16,,,,
04268U,0,0,0,10,,,,
04270U,0,0,0,130,,,,
04276U,0,0,0,153,,,,
04283U,0,0,0,-20,,,,
042869,0,0,0,-252,,,,
042883,0,0,0,-1079,,,,
042889,0,0,0,30,,,,
042902,0,0,0,-2,,,,
04290U,0,0,0,-10,,,,
04291U,0,0,0,24,,,,
04292U,0,0,0,2,,,,
04297U,0,0,0,150,,,,
04302U,0,0,0,97,,,,
04303U,0,0,0,-10,,,,
04304U,0,0,0,0,,,,
043084,0,0,0,100,,,,
04309U,0,0,0,-200,,,,
04311U,0,0,0,-1,,,,
04312U,0,0,0,-435,,,,
04315U,0,0,0,-125,,,,
04316U,0,0,0,-1,,,,
04317U,0,0,0,-40,,,,
04318U,0,0,0,-186,,,,
04321U,0,0,0,16,,,,
04322U,0,0,0,-25,,,,
04328U,0,0,0,20,,,,
04335U,0,0,0,-15,,,,
04336U,0,0,0,-1246,,,,
04343U,0,0,0,499,,,,
04344U,0,0,0,-2,,,,
04345U,0,0,0,-40,,,,
04346U,0,0,0,-7,,,,
04347U,0,0,0,75,,,,
04348U,0,0,0,75,,,,
04352U,0,0,0,-321,,,,
04353U,0,0,0,43,,,,
04354U,0,0,0,-5,,,,
04355U,0,0,0,-47,,,,
043562,0,0,0,61,,,,
04356U,0,0,0,-1,,,,
043574,0,0,0,86,,,,
04357U,0,0,0,41,,,,
04358U,0,0,0,-197,,,,
04359U,0,0,0,60,,,,
04362U,0,0,0,7,,,,
04363U,0,0,0,11,,,,
04365U,0,0,0,0,,,,
04367U,0,0,0,-107,,,,
04373U,0,0,0,-3,,,,
04374U,0,0,0,25,,,,
043754,0,0,0,10,,,,
04375U,0,0,0,-92,,,,
04376U,0,0,0,-200,,,,
043777,0,0,0,-15,,,,
04377U,0,0,0,40,,,,
04378U,0,0,0,-10,,,,
04379U,0,0,0,-5,,,,
04383U,0,0,0,5,,,,
04384U,0,0,0,-479,,,,
04385U,0,0,0,-90,,,,
04387U,0,0,0,-15,,,,
04388U,0,0,0,-5,,,,
04391U,0,0,0,11,,,,
04393U,0,0,0,-3,,,,
04396U,0,0,0,109,,,,
04397U,0,0,0,-152,,,,
04401U,0,0,0,-51,,,,
04402U,0,0,0,-3,,,,
04403U,0,0,0,-2,,,,
04404U,0,0,0,45,,,,
04406U,0,0,0,18,,,,
04409U,0,0,0,-2,,,,
04411U,0,0,0,-17,,,,
04413U,0,0,0,0,,,,
044153,0,0,0,-10,,,,
04415U,0,0,0,100,,,,
04419U,0,0,0,-299,,,,
04420U,0,0,0,40,,,,
04421U,0,0,0,-80,,,,
04424U,0,0,0,-10,,,,
044262,0,0,0,-1,,,,
04429U,0,0,0,-20,,,,
04431U,0,0,0,1,,,,
04432U,0,0,0,-100,,,,
04437U,0,0,0,-250,,,,
04438U,0,0,0,80,,,,
04440U,0,0,0,20,,,,
04441U,0,0,0,0,,,,
04443U,0,0,0,-7,,,,
04444U,0,0,0,-1110,,,,
044457,0,0,0,-30,,,,
044466,0,0,0,4,,,,
04447U,0,0,0,12,,,,
04449U,0,0,0,-203,,,,
04450U,0,0,0,-34,,,,
04451U,0,0,0,86,,,,
044536,0,0,0,-10,,,,
044547,0,0,0,2076,,,,
044553,0,0,0,73,,,,
044560,0,0,0,21,,,,
044563,0,0,0,-86,,,,
044564,0,0,0,-116,,,,
044565,0,0,0,-121,,,,
044566,0,0,0,330,,,,
04456U,0,0,0,-5,,,,
04457U,0,0,0,102,,,,
04459U,0,0,0,26,,,,
04462U,0,0,0,-1,,,,
04463U,0,0,0,-70,,,,
04464U,0,0,0,-82,,,,
04465U,0,0,0,-126,,,,
04469U,0,0,0,10,,,,
04473U,0,0,0,-8,,,,
04474U,0,0,0,-56,,,,
044752,0,0,0,-17,,,,
044757,0,0,0,17,,,,
04475U,0,0,0,68,,,,
044760,0,0,0,-21,,,,
04476U,0,0,0,-10,,,,
044775,0,0,0,452,,,,
044776,0,0,0,1600,,,,
044778,0,0,0,259,,,,
044781,0,0,0,3,,,,
044782,0,0,0,250,,,,
04478U,0,0,0,0,,,,
044792,0,0,0,39,,,,
044794,0,0,0,-90,,,,
04479U,0,0,0,129,,,,
04482U,0,0,0,-3,,,,
04484U,0,0,0,73,,,,
04485U,0,0,0,-16,,,,
04486U,0,0,0,-10,,,,
04487U,0,0,0,-4,,,,
04488U,0,0,0,-77,,,,
044895,0,0,0,-2,,,,
04489U,0,0,0,639,,,,
044905,0,0,0,0,,,,
044908,0,0,0,-28,,,,
04490U,0,0,0,-10,,,,
044912,0,0,0,-10,,,,
044919,0,0,0,-1,,,,
044920,0,0,0,-10,,,,
044921,0,0,0,-95,,,,
044927,0,0,0,-10,,,,
044929,0,0,0,287,,,,
044930,0,0,0,-13,,,,
04501U,0,0,0,-60,,,,
04503U,0,0,0,76,,,,
04504U,0,0,0,-19,,,,
04505U,0,0,0,10,,,,
04506U,0,0,0,1,,,,
04507U,0,0,0,-10,,,,
04508U,0,0,0,27,,,,
04509U,0,0,0,-2,,,,
04513U,0,0,0,1,,,,
04517U,0,0,0,24,,,,
04521U,0,0,0,56,,,,
04523U,0,0,0,60,,,,
04524U,0,0,0,100,,,,
04526U,0,0,0,-87,,,,
045285,0,0,0,-15,,,,
045291,0,0,0,93,,,,
045292,0,0,0,-63,,,,
045310,0,0,0,-15,,,,
045311,0,0,0,70,,,,
04533U,0,0,0,-22,,,,
04534U,0,0,0,32,,,,
04535U,0,0,0,75,,,,
04536U,0,0,0,-12,,,,
04537U,0,0,0,4,,,,
04539U,0,0,0,-259,,,,
04540U,0,0,0,-41,,,,
04541U,0,0,0,30,,,,
04543U,0,0,0,-20,,,,
04545U,0,0,0,-10,,,,
04548U,0,0,0,1260,,,,
04554U,0,0,0,10,,,,
04555U,0,0,0,380,,,,
045586,0,0,0,-5,,,,
045587,0,0,0,-5,,,,
045592,0,0,0,-20,,,,
04559U,0,0,0,-6,,,,
045605,0,0,0,10,,,,
045610,0,0,0,-41,,,,
045612,0,0,0,-3,,,,
045617,0,0,0,150,,,,
04566U,0,0,0,-1575,,,,
04569U,0,0,0,-5,,,,
045702,0,0,0,162,,,,
045703,0,0,0,-105,,,,
04570U,0,0,0,0,,,,
045715,0,0,0,51,,,,
045716,0,0,0,15,,,,
04571U,0,0,0,-10,,,,
045729,0,0,0,-5,,,,
04572U,0,0,0,-7,,,,
045732,0,0,0,-143,,,,
04574U,0,0,0,-1,,,,
04575U,0,0,0,16,,,,
045776,0,0,0,-1,,,,
045777,0,0,0,-51,,,,
045778,0,0,0,-2,,,,
045779,0,0,0,-68,,,,
04577U,0,0,0,15,,,,
04579U,0,0,0,-8,,,,
04582P,0,0,0,-1,,,,
04583U,0,0,0,16,,,,
04584U,0,0,0,5,,,,
04585U,0,0,0,-50,,,,
04588U,0,0,0,-14,,,,
045895,0,0,0,470,,,,
04590U,0,0,0,-18,,,,
04594U,0,0,0,50,,,,
045968,0,0,0,292,,,,
045979,0,0,0,-175,,,,
04597U,0,0,0,2,,,,
04598U,0,0,0,-80,,,,
045992,0,0,0,-15,,,,
04603U,0,0,0,23,,,,
04604P,0,0,0,0,,,,
04604U,0,0,0,152,,,,
046147,0,0,0,732,,,,
04614U,0,0,0,230,,,,
04615U,0,0,0,-2,,,,
046165,0,0,0,163,,,,
046166,0,0,0,-3,,,,
046169,0,0,0,42,,,,
046170,0,0,0,65,,,,
046173,0,0,0,2,,,,
04619U,0,0,0,-10,,,,
04620U,0,0,0,-110,,,,
04622U,0,0,0,-15,,,,
04625U,0,0,0,-63,,,,
04626U,0,0,0,-104,,,,
04627U,0,0,0,-1,,,,
04628U,0,0,0,0,,,,
04630U,0,0,0,-145,,,,
04632U,0,0,0,-33,,,,
04633U,0,0,0,1,,,,
04634U,0,0,0,-153,,,,
04636U,0,0,0,1,,,,
04637U,0,0,0,-699,,,,
04639U,0,0,0,-3,,,,
04641P,0,0,0,-20,,,,
046427,0,0,0,1,,,,
046432,0,0,0,-1,,,,
046433,0,0,0,-1,,,,
04643U,0,0,0,-56,,,,
046445,0,0,0,102,,,,
04644U,0,0,0,-42,,,,
046450,0,0,0,-11,,,,
046454,0,0,0,64,,,,
04645U,0,0,0,-5,,,,
046462,0,0,0,30,,,,
04646U,0,0,0,9,,,,
04649U,0,0,0,-17,,,,
04654U,0,0,0,-35,,,,
04656U,0,0,0,140,,,,
04657U,0,0,0,15,,,,
046606,0,0,0,55,,,,
04663U,0,0,0,75,,,,
04664U,0,0,0,1,,,,
04668U,0,0,0,0,,,,
04669U,0,0,0,10,,,,
04670U,0,0,0,82,,,,
046720,0,0,0,7,,,,
046723,0,0,0,3,,,,
04673U,0,0,0,-20,,,,
04676U,0,0,0,0,,,,
04677U,0,0,0,0,,,,
04678U,0,0,0,-45,,,,
04679U,0,0,0,-299,,,,
04680U,0,0,0,-1,,,,
04684U,0,0,0,-42,,,,
04685U,0,0,0,-305,,,,
04687U,0,0,0,-94,,,,
04688U,0,0,0,78,,,,
046897,0,0,0,-732,,,,
04689U,0,0,0,3,,,,
046903,0,0,0,48,,,,
046905,0,0,0,0,,,,
04691U,0,0,0,2,,,,
04696U,0,0,0,210,,,,
04697U,0,0,0,-20,,,,
04705U,0,0,0,-10,,,,
047062,0,0,0,300,,,,
04706U,0,0,0,83,,,,
04707U,0,0,0,12,,,,
04708U,0,0,0,3,,,,
047101,0,0,0,-5,,,,
047102,0,0,0,195,,,,
047104,0,0,0,-5,,,,
047105,0,0,0,50,,,,
047108,0,0,0,-4,,,,
04710U,0,0,0,46,,,,
047110,0,0,0,14,,,,
047115,0,0,0,-30,,,,
047118,0,0,0,7,,,,
04711U,0,0,0,-5,,,,
047120,0,0,0,-106,,,,
047122,0,0,0,12,,,,
04712U,0,0,0,-103,,,,
04713U,0,0,0,-3,,,,
04715U,0,0,0,5,,,,
04718U,0,0,0,-15,,,,
04719U,0,0,0,-80,,,,
04721U,0,0,0,3,,,,
04722U,0,0,0,-20,,,,
04723U,0,0,0,-415,,,,
047249,0,0,0,0,,,,
04724U,0,0,0,153,,,,
047254,0,0,0,998,,,,
047257,0,0,0,-5,,,,
04725U,0,0,0,-27,,,,
047267,0,0,0,1495,,,,
047268,0,0,0,125,,,,
047269,0,0,0,-2,,,,
04726U,0,0,0,18,,,,
04728U,0,0,0,164,,,,
04729U,0,0,0,10,,,,
04731U,0,0,0,-94,,,,
04734U,0,0,0,-300,,,,
047368,0,0,0,-10,,,,
04737U,0,0,0,-20,,,,
047429,0,0,0,33,,,,
04742U,0,0,0,-182,,,,
04743U,0,0,0,-634,,,,
04744U,0,0,0,-75,,,,
04745U,0,0,0,-39,,,,
04746U,0,0,0,9,,,,
047495,0,0,0,80,,,,
047500,0,0,0,-17,,,,
04751U,0,0,0,-35,,,,
04754U,0,0,0,60,,,,
04756U,0,0,0,65,,,,
047575,0,0,0,-32,,,,
047576,0,0,0,183,,,,
047577,0,0,0,223,,,,
047579,0,0,0,123,,,,
04759U,0,0,0,-52,,,,
04760U,0,0,0,-122,,,,
04761U,0,0,0,248,,,,
04764U,0,0,0,-15,,,,
04765U,0,0,0,-287,,,,
04767U,0,0,0,-45,,,,
04768U,0,0,0,30,,,,
04770U,0,0,0,-85,,,,
04771U,0,0,0,10,,,,
047725,0,0,0,40,,,,
047728,0,0,0,150,,,,
04772U,0,0,0,-62,,,,
047730,0,0,0,-180,,,,
047731,0,0,0,-15,,,,
047733,0,0,0,113,,,,
04773U,0,0,0,-122,,,,
04774U,0,0,0,20,,,,
04775U,0,0,0,10,,,,
04777U,0,0,0,214,,,,
04780U,0,0,0,-210,,,,
04781U,0,0,0,78,,,,
047826,0,0,0,100,,,,
04783U,0,0,0,307,,,,
04785U,0,0,0,-8,,,,
04791U,0,0,0,-10,,,,
04793U,0,0,0,1,,,,
04794U,0,0,0,93,,,,
04795U,0,0,0,-120,,,,
04797U,0,0,0,200,,,,
04799U,0,0,0,-6,,,,
04801U,0,0,0,50,,,,
04803U,0,0,0,-5,,,,
04805U,0,0,0,20,,,,
048066,0,0,0,-7,,,,
048068,0,0,0,-116,,,,
048071,0,0,0,418,,,,
048076,0,0,0,25,,,,
048080,0,0,0,30,,,,
04809U,0,0,0,125,,,,
04810U,0,0,0,10,,,,
04811U,0,0,0,8,,,,
04812U,0,0,0,60,,,,
04814U,0,0,0,2,,,,
04816U,0,0,0,-2,,,,
04818U,0,0,0,27,,,,
04819U,0,0,0,32,,,,
04820U,0,0,0,1,,,,
048227,0,0,0,-91,,,,
04822U,0,0,0,-33,,,,
04823U,0,0,0,0,,,,
048247,0,0,0,-2,,,,
048248,0,0,0,997,,,,
04824U,0,0,0,0,,,,
048252,0,0,0,-675,,,,
048254,0,0,0,448,,,,
04827U,0,0,0,66,,,,
04831U,0,0,0,7,,,,
04832U,0,0,0,50,,,,
04834U,0,0,0,7,,,,
04835U,0,0,0,-3,,,,
048375,0,0,0,-101,,,,
048376,0,0,0,1,,,,
04837U,0,0,0,-20,,,,
04838U,0,0,0,-5,,,,
04839P,0,0,0,9,,,,
04839U,0,0,0,-20,,,,
04840U,0,0,0,18,,,,
04844U,0,0,0,-2,,,,
048466,0,0,0,29,,,,
048474,0,0,0,-3,,,,
048475,0,0,0,-1,,,,
048478,0,0,0,-193,,,,
04847U,0,0,0,-51,,,,
048481,0,0,0,1,,,,
04849U,0,0,0,40,,,,
04850U,0,0,0,-75,,,,
048510,0,0,0,-20,,,,
048514,0,0,0,-6,,,,
048515,0,0,0,-273,,,,
04851U,0,0,0,-82,,,,
04855U,0,0,0,-1,,,,
04856U,0,0,0,-37,,,,
04857U,0,0,0,40,,,,
04858U,0,0,0,36,,,,
048596,0,0,0,130,,,,
04864U,0,0,0,33,,,,
04865U,0,0,0,1,,,,
04869U,0,0,0,10,,,,
04873U,0,0,0,-100,,,,
04875U,0,0,0,-10,,,,
048763,0,0,0,71,,,,
04876U,0,0,0,-10,,,,
048784,0,0,0,-30,,,,
048785,0,0,0,-109,,,,
04878U,0,0,0,-17,,,,
048829,0,0,0,25,,,,
04884U,0,0,0,-100,,,,
048873,0,0,0,-108,,,,
04887U,0,0,0,-27,,,,
04888U,0,0,0,-10,,,,
048895,0,0,0,-11,,,,
04889U,0,0,0,10,,,,
048905,0,0,0,51,,,,
04890U,0,0,0,220,,,,
048910,0,0,0,21,,,,
048911,0,0,0,1,,,,
04891U,0,0,0,227,,,,
04893U,0,0,0,10,,,,
04894U,0,0,0,-13,,,,
04895U,0,0,0,-3,,,,
04897U,0,0,0,1,,,,
048987,0,0,0,3,,,,
04898U,0,0,0,-2,,,,
048992,0,0,0,-31,,,,
04899U,0,0,0,98,,,,
04900U,0,0,0,-2,,,,
04902U,0,0,0,-25,,,,
04906U,0,0,0,-5,,,,
04907U,0,0,0,-13,,,,
049120,0,0,0,-100,,,,
049127,0,0,0,170,,,,
04912U,0,0,0,-10,,,,
04913U,0,0,0,-11,,,,
04914U,0,0,0,2,,,,
049166,0,0,0,10,,,,
049168,0,0,0,-11,,,,
049169,0,0,0,55,,,,
04916U,0,0,0,-20,,,,
049173,0,0,0,-61,,,,
049174,0,0,0,-33,,,,
04918U,0,0,0,-65,,,,
04919U,0,0,0,-6,,,,
04921U,0,0,0,-5,,,,
04922U,0,0,0,-185,,,,
04923U,0,0,0,23,,,,
04925U,0,0,0,-283,,,,
04926U,0,0,0,80,,,,
049272,0,0,0,6,,,,
04928U,0,0,0,-14,,,,
04930U,0,0,0,-4,,,,
049317,0,0,0,44,,,,
049318,0,0,0,-1331,,,,
04931U,0,0,0,138,,,,
04932U,0,0,0,-54,,,,
04933U,0,0,0,42,,,,
04934U,0,0,0,-48,,,,
04935U,0,0,0,10,,,,
04936U,0,0,0,-1411,,,,
04937U,0,0,0,-9,,,,
04938U,0,0,0,435,,,,
049398,0,0,0,-1,,,,
04941U,0,0,0,-67,,,,
049428,0,0,0,-200,,,,
049429,0,0,0,-24,,,,
049431,0,0,0,9,,,,
04947U,0,0,0,61,,,,
04950U,0,0,0,-2,,,,
04951U,0,0,0,30,,,,
04952U,0,0,0,-99,,,,
049555,0,0,0,2,,,,
04956U,0,0,0,-23,,,,
04957U,0,0,0,-10,,,,
049583,0,0,0,2,,,,
049584,0,0,0,-18,,,,
04958U,0,0,0,-258,,,,
04960U,0,0,0,30,,,,
04962U,0,0,0,-40,,,,
04963U,0,0,0,100,,,,
04964U,0,0,0,-3,,,,
04965U,0,0,0,-30,,,,
049669,0,0,0,338,,,,
04970U,0,0,0,363,,,,
049717,0,0,0,10,,,,
04976U,0,0,0,-200,,,,
04978U,0,0,0,-15,,,,
04980U,0,0,0,-82,,,,
049840,0,0,0,1897,,,,
04984U,0,0,0,10,,,,
049860,0,0,0,-1050,,,,
049861,0,0,0,-30,,,,
049865,0,0,0,-8,,,,
049866,0,0,0,-228,,,,
04986U,0,0,0,1,,,,
049870,0,0,0,68,,,,
049871,0,0,0,100,,,,
049872,0,0,0,298,,,,
049873,0,0,0,2,,,,
049874,0,0,0,-71,,,,
049875,0,0,0,-220,,,,
049876,0,0,0,-35,,,,
049877,0,0,0,7,,,,
049878,0,0,0,-168,,,,
04987U,0,0,0,-585,,,,
049881,0,0,0,-70,,,,
049887,0,0,0,-21,,,,
049888,0,0,0,1,,,,
04988U,0,0,0,-523,,,,
049891,0,0,0,14,,,,
049898,0,0,0,-55,,,,
04989U,0,0,0,-37,,,,
04990U,0,0,0,-9,,,,
049923,0,0,0,-7,,,,
049932,0,0,0,-10,,,,
049943,0,0,0,-220,,,,
049945,0,0,0,-84,,,,
04994U,0,0,0,42,,,,
04997U,0,0,0,-6,,,,
04998U,0,0,0,-102,,,,
04999U,0,0,0,-93,,,,
05005U,0,0,0,-111,,,,
05006U,0,0,0,12,,,,
05007U,0,0,0,2,,,,
05009U,0,0,0,-3,,,,
05010U,0,0,0,48,,,,
05011U,0,0,0,-125,,,,
05012U,0,0,0,0,,,,
05014U,0,0,0,426,,,,
05015U,0,0,0,-10,,,,
05018U,0,0,0,67,,,,
05020U,0,0,0,10,,,,
05021U,0,0,0,18,,,,
05022U,0,0,0,0,,,,
05023U,0,0,0,7,,,,
05024U,0,0,0,-8,,,,
05026U,0,0,0,-21,,,,
050276,0,0,0,55,,,,
050277,0,0,0,-5,,,,
050285,0,0,0,16,,,,
05029U,0,0,0,-3,,,,
050306,0,0,0,-24,,,,
050308,0,0,0,46,,,,
050309,0,0,0,401,,,,
05030U,0,0,0,157,,,,
050315,0,0,0,-217,,,,
05032U,0,0,0,-10,,,,
05033U,0,0,0,-80,,,,
05034U,0,0,0,-13,,,,
05036U,0,0,0,-220,,,,
050383,0,0,0,-30,,,,
05039U,0,0,0,137,,,,
050405,0,0,0,5,,,,
05042U,0,0,0,45,,,,
050435,0,0,0,63,,,,
050436,0,0,0,2,,,,
05043U,0,0,0,-63,,,,
05044U,0,0,0,-80,,,,
05045U,0,0,0,-1,,,,
05046U,0,0,0,-98,,,,
05047U,0,0,0,22,,,,
05048U,0,0,0,-63,,,,
05051U,0,0,0,-10,,,,
050527,0,0,0,-12,,,,
050528,0,0,0,-125,,,,
05052U,0,0,0,2,,,,
05055U,0,0,0,-14,,,,
05057U,0,0,0,-30,,,,
05058U,0,0,0,30,,,,
05060U,0,0,0,-10,,,,
05062U,0,0,0,-24,,,,
05063U,0,0,0,-2,,,,
050643,0,0,0,-1167,,,,
050658,0,0,0,-5,,,,
05065U,0,0,0,-212,,,,
05066U,0,0,0,-30,,,,
050679,0,0,0,-7,,,,
05067U,0,0,0,190,,,,
05068U,0,0,0,-200,,,,
050691,0,0,0,349,,,,
05070U,0,0,0,-11,,,,
05071U,0,0,0,-8,,,,
05073U,0,0,0,12,,,,
05076U,0,0,0,-64,,,,
05077U,0,0,0,-309,,,,
05078U,0,0,0,22,,,,
050793,0,0,0,15,,,,
05079U,0,0,0,3,,,,
050834,0,0,0,-21,,,,
050835,0,0,0,3,,,,
050836,0,0,0,-36,,,,
050837,0,0,0,-118,,,,
050838,0,0,0,-2,,,,
05083U,0,0,0,-316,,,,
05085U,0,0,0,1210,,,,
05086U,0,0,0,-52,,,,
05087U,0,0,0,-188,,,,
05088U,0,0,0,-5,,,,
05091U,0,0,0,-10,,,,
050926,0,0,0,10,,,,
05092U,0,0,0,101,,,,
050958,0,0,0,0,,,,
05095U,0,0,0,102,,,,
050976,0,0,0,-7,,,,
05098U,0,0,0,10,,,,
05099U,0,0,0,-21,,,,
05102U,0,0,0,30,,,,
05103U,0,0,0,-13,,,,
05106U,0,0,0,-68,,,,
05107U,0,0,0,71,,,,
05108U,0,0,0,0,,,,
05109U,0,0,0,0,,,,
051118,0,0,0,-101,,,,
05111U,0,0,0,-13,,,,
05112U,0,0,0,36,,,,
051141,0,0,0,-3,,,,
05114U,0,0,0,1,,,,
05115U,0,0,0,80,,,,
05116U,0,0,0,97,,,,
05117U,0,0,0,42,,,,
05118U,0,0,0,73,,,,
05119U,0,0,0,5,,,,
05121U,0,0,0,90,,,,
05122U,0,0,0,13,,,,
05123U,0,0,0,-869,,,,
05125U,0,0,0,48,,,,
05129U,0,0,0,-23,,,,
051309,0,0,0,232,,,,
051311,0,0,0,-9,,,,
05136U,0,0,0,-12,,,,
05137U,0,0,0,-60,,,,
05138U,0,0,0,117,,,,
05140U,0,0,0,-75,,,,
051410,0,0,0,21,,,,
051414,0,0,0,-89,,,,
051415,0,0,0,-547,,,,
051416,0,0,0,44,,,,
05142U,0,0,0,54,,,,
05145U,0,0,0,68,,,,
05146U,0,0,0,-70,,,,
05147U,0,0,0,14,,,,
05150U,0,0,0,22,,,,
051522,0,0,0,2,,,,
05152U,0,0,0,25,,,,
05154U,0,0,0,20,,,,
05155U,0,0,0,15,,,,
051565,0,0,0,44,,,,
05156U,0,0,0,1,,,,
05158U,0,0,0,-95,,,,
051594,0,0,0,2,,,,
051595,0,0,0,-104,,,,
05159U,0,0,0,29,,,,
05160U,0,0,0,30,,,,
051613,0,0,0,99,,,,
05161U,0,0,0,5,,,,
05162U,0,0,-32,-8,,,,
05163U,0,0,0,-88,,,,
05164U,0,0,0,-1,,,,
05165U,0,0,0,-66,,,,
051663,0,0,0,-10,,,,
05166U,0,0,0,-1,,,,
05167U,0,0,0,2,,,,
051689,0,0,0,-210,,,,
05168U,0,0,0,75,,,,
051699,0,0,0,-6,,,,
05171U,0,0,0,-20,,,,
05172U,0,0,0,191,,,,
05173U,0,0,0,16,,,,
051750,0,0,0,-2,,,,
05175U,0,0,0,17,,,,
051760,0,0,0,5,,,,
051799,0,0,0,-10,,,,
05179U,0,0,0,-2,,,,
05181U,0,0,0,90,,,,
05182U,0,0,0,-110,,,,
05183U,0,0,0,75,,,,
05185U,0,0,0,-2,,,,
05186U,0,0,0,-70,,,,
05187U,0,0,0,1,,,,
05188U,0,0,0,-22,,,,
05189U,0,0,0,1,,,,
05191U,0,0,0,20,,,,
051934,0,0,0,-390,,,,
051937,0,0,0,139,,,,
05193U,0,0,0,4,,,,
05194U,0,0,0,-10,,,,
05196U,0,0,0,-20,,,,
05197U,0,0,0,8,,,,
05198U,0,0,0,-8,,,,
05200U,0,0,0,-151,,,,
05201U,0,0,0,10,,,,
05203U,0,0,0,-157,,,,
052054,0,0,0,-1447,,,,
05206U,0,0,0,47,,,,
05208U,0,0,0,420,,,,
05209U,0,0,0,-41,,,,
052108,0,0,0,12,,,,
052118,0,0,0,-30,,,,
052122,0,0,0,28,,,,
052124,0,0,0,100,,,,
05212U,0,0,0,-80,,,,
05213U,0,0,0,-333,,,,
05214U,0,0,0,10,,,,
05216U,0,0,0,75,,,,
05219U,0,0,0,28,,,,
052201,0,0,0,5,,,,
052205,0,0,0,0,,,,
05220U,0,0,0,0,,,,
052216,0,0,0,-105,,,,
05221U,0,0,0,-69,,,,
05222U,0,0,0,-25,,,,
05225U,0,0,0,15,,,,
052264,0,0,0,20,,,,
05226U,0,0,0,-26,,,,
052271,0,0,0,63,,,,
05227U,0,0,0,-890,,,,
05228U,0,0,0,20,,,,
05230U,0,0,0,73,,,,
052328,0,0,0,11,,,,
05232P,0,0,0,4,,,,
05232U,0,0,0,145,,,,
052330,0,0,0,-1,,,,
05233U,0,0,0,-100,,,,
05234U,0,0,0,8,,,,
05235U,0,0,0,10,,,,
05236U,0,0,0,-18,,,,
052398,0,0,0,-951,,,,
05241U,0,0,0,0,,,,
05242U,0,0,0,10,,,,
052452,0,0,0,-10,,,,
052454,0,0,0,-100,,,,
05245U,0,0,0,0,,,,
052461,0,0,0,162,,,,
052462,0,0,0,27,,,,
05246U,0,0,0,18,,,,
05248U,0,0,0,15,,,,
05249U,0,0,0,2,,,,
05250U,0,0,0,115,,,,
052515,0,0,0,1664,,,,
052516,0,0,0,-17,,,,
052517,0,0,0,139,,,,
052518,0,0,0,15,,,,
052520,0,0,0,-20,,,,
052522,0,0,0,-11,,,,
05254U,0,0,0,45,,,,
05259U,0,0,0,-10,,,,
052604,0,0,0,81,,,,
052641,0,0,0,1,,,,
05265U,0,0,0,17,,,,
05266U,0,0,0,-30,,,,
05268U,0,0,0,-110,,,,
05270U,0,0,0,5,,,,
05272U,0,0,0,-8,,,,
052735,0,0,0,-34,,,,
052741,0,0,0,-10,,,,
052742,0,0,0,474,,,,
052743,0,0,0,0,,,,
052744,0,0,0,91,,,,
052748,0,0,0,-20,,,,
052749,0,0,0,7,,,,
05274U,0,0,0,-87,,,,
05276U,0,0,0,-4,,,,
05277U,0,0,0,338,,,,
052784,0,0,0,-29,,,,
052785,0,0,0,-2,,,,
05278U,0,0,0,-23,,,,
052794,0,0,0,-100,,,,
052798,0,0,0,-445,,,,
052801,0,0,0,-16,,,,
052811,0,0,0,-79,,,,
05282U,0,0,0,3,,,,
05283U,0,0,0,25,,,,
05287U,0,0,0,-37,,,,
05288U,0,0,0,-12,,,,
05291U,0,0,0,73,,,,
05292U,0,0,0,-55,,,,
05293U,0,0,0,-5,,,,
05297U,0,0,0,7,,,,
052984,0,0,0,-10,,,,
05298U,0,0,0,-47,,,,
052995,0,0,0,-24,,,,
052998,0,0,0,20,,,,
05299P,0,0,0,-50,,,,
05299U,0,0,0,-23,,,,
053009,0,0,0,-131,,,,
05300U,0,0,0,-27,,,,
053010,0,0,0,25,,,,
053011,0,0,0,-10,,,,
053012,0,0,0,-283,,,,
053013,0,0,0,52,,,,
053016,0,0,0,454,,,,
053017,0,0,0,6,,,,
05301U,0,0,0,-1,,,,
05303U,0,0,0,49,,,,
053049,0,0,0,-49,,,,
05305U,0,0,0,218,,,,
05306U,0,0,0,-78,,,,
05307U,0,0,0,17,,,,
05308U,0,0,0,5,,,,
053105,0,0,0,468,,,,
053106,0,0,0,-894,,,,
053108,0,0,0,42,,,,
05315U,0,0,0,133,,,,
05317U,0,0,0,-1289,,,,
05318U,0,0,0,-176,,,,
053199,0,0,0,-2,,,,
05319U,0,0,0,-15,,,,
053203,0,0,0,0,,,,
053205,0,0,0,-2,,,,
05320U,0,0,0,-24,,,,
053247,0,0,0,-120,,,,
05324U,0,0,0,-397,,,,
05326U,0,0,0,-41,,,,
05327U,0,0,0,-16,,,,
053307,0,0,0,23,,,,
05330U,0,0,0,12,,,,
053353,0,0,0,-10,,,,
053354,0,0,0,-50,,,,
053355,0,0,0,10,,,,
053356,0,0,0,-1,,,,
053357,50,0,0,47,,,,
053359,0,0,0,20,,,,
05335U,0,0,0,-10,,,,
053360,0,0,0,39,,,,
053365,0,0,0,1177,,,,
053368,0,0,0,-50,,,,
05338U,0,0,0,114,,,,
05342U,0,0,0,13,,,,
053434,0,0,0,5,,,,
05343U,0,0,0,-41,,,,
05344U,0,0,0,-11,,,,
053483,0,0,0,-132,,,,
053487,0,0,0,10,,,,
05349U,0,0,0,2,,,,
05350U,0,0,0,-1171,,,,
053512,0,0,0,104,,,,
053523,0,0,0,-88,,,,
05353U,0,0,0,-20,,,,
053550,0,0,0,106,,,,
053551,0,0,0,59,,,,
053556,0,0,0,24,,,,
05355U,0,0,0,-10,,,,
053565,0,0,0,1193,,,,
05356U,0,0,0,-5,,,,
053584,0,0,0,210,,,,
053585,0,0,0,-363,,,,
05358U,0,0,0,3,,,,
053594,0,0,0,-46,,,,
05359U,0,0,0,-30,,,,
053605,0,0,0,200,,,,
053606,0,0,0,-130,,,,
05361U,0,0,0,-256,,,,
053627,0,0,0,-10,,,,
05363U,0,0,0,-4,,,,
05365U,0,0,0,-109,,,,
053664,0,0,0,-22,,,,
053666,0,0,0,114,,,,
05366U,0,0,0,-12,,,,
053671,0,0,0,182,,,,
053678,0,0,0,71,,,,
053679,0,0,0,-138,,,,
05369U,0,0,0,1,,,,
05371P,0,0,0,168,,,,
053730,0,0,0,108,,,,
053732,0,0,0,-1,,,,
053733,0,0,0,-28,,,,
053735,0,0,0,-8,,,,
05374U,0,0,0,10,,,,
05375U,0,0,0,14,,,,
05377U,0,0,0,499,,,,
05378U,0,0,0,78,,,,
05380U,0,0,0,-15,,,,
05381U,0,0,0,-5,,,,
053854,0,0,0,-35,,,,
053855,0,0,0,-20,,,,
053868,0,0,0,793,,,,
05386U,0,0,0,5,,,,
053937,0,0,0,30,,,,
053939,0,0,0,-1,,,,
053957,0,0,0,-2,,,,
05396U,0,0,0,-20,,,,
05397U,0,0,0,-120,,,,
05398U,0,0,0,-59,,,,
053995,0,0,0,97,,,,
05399U,0,0,0,-10,,,,
054009,0,0,0,-46,,,,
054018,0,0,0,-9,,,,
054019,0,0,0,102,,,,
05401U,0,0,0,0,,,,
054041,0,0,0,0,,,,
054045,0,0,0,11,,,,
05407U,0,0,0,-2,,,,
05409U,0,0,0,-1,,,,
054107,0,0,0,11,,,,
054125,0,0,0,-24,,,,
054191,0,0,0,1,,,,
054198,0,0,0,-3,,,,
054205,0,0,0,-3,,,,
054216,0,0,0,-440,,,,
054246,0,0,0,-6,,,,
054247,0,0,0,-50,,,,
054276,0,0,0,-1,,,,
054287,0,0,0,10,,,,
054298,0,0,0,-2,,,,
054300,0,0,0,11,,,,
054302,0,0,0,-10,,,,
054306,0,0,0,-51,,,,
054356,0,0,0,-71,,,,
054364,0,0,0,10,,,,
054365,0,0,0,-30,,,,
054368,0,0,0,-8,,,,
054381,0,0,0,1052,,,,
054407,0,0,0,159,,,,
054413,0,0,0,635,,,,
054420,0,0,0,-55,,,,
054429,0,0,0,-79,,,,
054438,0,0,0,-15,,,,
054443,0,0,0,97,,,,
054476,0,0,0,301,,,,
054480,0,0,0,33,,,,
054488,0,0,0,-10,,,,
054562,0,0,0,-30,,,,
054567,0,0,0,-130,,,,
054569,0,0,0,-50,,,,
054570,0,0,0,100,,,,
054572,0,0,0,32,,,,
054573,0,0,0,-16,,,,
054574,0,0,0,-320,,,,
054575,0,0,0,-2,,,,
054578,0,0,0,72,,,,
054579,0,0,0,54,,,,
054591,0,0,0,96,,,,
05460P,0,0,0,17,,,,
054641,0,0,0,-7,,,,
054646,0,0,0,94,,,,
054651,0,0,0,-10,,,,
054674,0,0,0,77,,,,
054786,0,0,0,58,,,,
054867,0,0,0,677,,,,
054887,0,0,0,18,,,,
054896,0,0,0,-8,,,,
054897,0,0,0,26,,,,
054903,0,0,0,-10,,,,
054959,0,0,0,-299,,,,
054973,0,0,0,8,,,,
055037,0,0,0,-1,,,,
055038,0,0,0,-5,,,,
055052,0,0,0,20,,,,
055055,0,0,0,246,,,,
055205,0,0,0,-1,,,,
055206,0,0,0,-100,,,,
05525P,0,0,0,-100,,,,
05536P,0,0,0,10,,,,
055376,0,0,0,125,,,,
055398,0,0,0,-63,,,,
055399,0,0,0,45,,,,
055405,0,0,0,-20,,,,
055437,0,0,0,-265,,,,
055438,0,0,0,-210,,,,
055441,0,0,0,10,,,,
055461,0,0,0,-200,,,,
055479,0,0,0,-17,,,,
055541,0,0,0,78,,,,
055542,0,0,0,-10,,,,
055544,0,0,0,40,,,,
055545,0,0,0,-1,,,,
055568,0,0,0,0,,,,
055690,0,0,0,-16,,,,
055772,0,0,0,20,,,,
055773,0,0,0,-80,,,,
055817,0,0,0,23,,,,
055834,0,0,0,40,,,,
055992,0,0,0,20,,,,
056000,0,0,0,5,,,,
056007,0,0,0,3,,,,
056014,0,0,0,-50,,,,
056015,0,0,0,-130,,,,
056050,0,0,0,-2,,,,
056138,0,0,0,-4,,,,
056141,0,0,0,-5,,,,
056142,0,0,0,87,,,,
056148,0,0,0,124,,,,
056149,0,0,0,-8,,,,
056159,0,0,0,165,,,,
056216,0,0,0,49,,,,
056292,0,0,0,-200,,,,
056293,0,0,0,2635,,,,
056295,0,0,0,-12,,,,
056318,0,0,0,397,,,,
056394,0,0,0,-863,,,,
056441,0,0,0,-252,,,,
056442,0,0,0,-10,,,,
056445,0,0,0,7,,,,
056447,0,0,0,-50,,,,
056449,0,0,0,1487,,,,
056459,0,0,0,-200,,,,
056525,0,0,0,-43,,,,
056548,0,0,0,-60,,,,
056611,0,0,0,-51,,,,
056621,0,0,0,78,,,,
05663P,0,0,0,-15,,,,
056643,0,0,0,250,,,,
056755,0,0,0,12,,,,
056826,0,0,0,30,,,,
056828,0,0,0,10,,,,
056829,0,0,0,-20,,,,
056830,0,0,0,15,,,,
056831,0,0,0,-1,,,,
056848,0,0,0,10,,,,
05684P,0,0,0,-1,,,,
057009,0,0,0,-40,,,,
057011,0,0,0,-10,,,,
057018,0,0,0,201,,,,
057021,0,0,0,-692,,,,
057024,0,0,0,-96,,,,
057056,0,0,0,499,,,,
057085,0,0,0,-170,,,,
057090,0,0,0,16,,,,
057108,0,0,0,2,,,,
057176,0,0,0,-102,,,,
057209,0,0,0,15,,,,
057216,0,0,0,0,,,,
057218,0,0,0,-556,,,,
057222,0,0,0,-54,,,,
057226,0,0,0,943,,,,
057227,0,0,0,-3,,,,
057228,0,0,0,309,,,,
057230,0,0,0,2,,,,
057233,0,0,0,10,,,,
057236,0,0,0,-10,,,,
057265,0,0,0,-31,,,,
057313,0,0,0,1,,,,
057378,0,0,0,-1,,,,
057379,0,0,0,1,,,,
057383,0,0,0,-15,,,,
057385,0,0,0,-110,,,,
057386,0,0,0,-224,,,,
057387,0,0,0,5,,,,
057388,0,0,0,10,,,,
057389,0,0,0,314,,,,
057390,0,0,0,-28,,,,
057392,0,0,0,13,,,,
057393,0,0,0,50,,,,
057394,0,0,0,1,,,,
057397,0,0,0,-3,,,,
057418,0,0,0,-226,,,,
057431,0,0,0,20,,,,
057458,0,0,0,22,,,,
057473,0,0,0,46,,,,
057474,0,0,0,4,,,,
057556,0,0,0,6,,,,
057573,0,0,0,5,,,,
057580,0,0,0,50,,,,
057663,0,0,0,36,,,,
057669,0,0,0,319,,,,
057672,0,0,0,71,,,,
057674,0,0,0,-122,,,,
057675,0,0,0,299,,,,
057676,0,0,0,846,,,,
057679,0,0,0,1,,,,
057709,0,0,0,-24,,,,
057722,0,0,0,-184,,,,
057797,0,0,0,205,,,,
057798,0,0,0,0,,,,
057799,0,0,0,-51,,,,
05779P,0,0,0,-3,,,,
057918,0,0,0,43,,,,
057922,0,0,0,28,,,,
057932,0,0,0,-3,,,,
057941,0,0,0,-15,,,,
057947,0,0,0,39,,,,
057980,0,0,0,27,,,,
058033,0,0,0,325,,,,
058042,0,0,0,23,,,,
058043,0,0,0,481,,,,
058058,0,0,0,2,,,,
058067,0,0,0,117,,,,
058073,0,0,0,-1,,,,
058080,0,0,0,-3,,,,
058104,0,0,0,25,,,,
058117,0,0,0,689,,,,
058205,0,0,0,-11,,,,
058210,0,0,0,53,,,,
058230,0,0,0,5,,,,
058370,0,0,0,34,,,,
058371,0,0,0,-29,,,,
058377,0,0,0,1,,,,
058378,0,0,0,1,,,,
058430,0,0,0,-478,,,,
058433,0,0,0,10,,,,
058434,0,0,0,-13,,,,
058438,0,0,0,-4,,,,
058512,0,0,0,-458,,,,
058513,0,0,0,255,,,,
058537,0,0,0,243,,,,
058628,0,0,0,-199,,,,
058630,0,0,0,51,,,,
058631,0,0,0,-2,,,,
058675,0,0,0,-40,,,,
058678,0,0,0,-50,,,,
058772,0,0,0,10,,,,
058785,0,0,0,248,,,,
058787,0,0,0,-162,,,,
058809,0,0,0,-4,,,,
058834,0,0,0,2175,,,,
058836,0,0,0,-10,,,,
058837,0,0,0,244,,,,
058852,0,0,0,-10,,,,
058875,0,0,0,0,,,,
058905,0,0,0,109,,,,
058907,0,0,0,-459,,,,
058917,0,0,0,-30,,,,
058961,0,0,0,35,,,,
058966,0,0,0,-1,,,,
059016,0,0,0,570,,,,
059050,0,0,0,-289,,,,
059080,0,0,0,114,,,,
059081,0,0,0,-150,,,,
059104,0,0,0,-18,,,,
059107,0,0,0,-5,,,,
059113,0,0,0,-26,,,,
059125,0,0,0,-149,,,,
059138,0,0,0,-10,,,,
059188,0,0,0,690,,,,
059213,0,0,0,100,,,,
059240,0,0,0,113,,,,
059254,0,0,0,-15,,,,
059289,0,0,0,-1,,,,
059299,0,0,0,10,,,,
059324,0,0,0,-56,,,,
059337,0,0,0,250,,,,
059369,0,0,0,-41,,,,
059397,0,0,0,151,,,,
059400,0,0,0,16,,,,
059402,0,0,0,-121,,,,
059405,0,0,0,20,,,,
059406,0,0,0,197,,,,
059436,0,0,0,226,,,,
059452,0,0,0,2,,,,
059458,0,0,0,0,,,,
059464,0,0,0,-19,,,,
059523,0,0,0,265,,,,
059546,0,0,0,120,,,,
059578,0,0,0,-410,,,,
059594,0,0,0,20,,,,
059600,0,0,0,-10,,,,
059604,0,0,0,-21,,,,
059607,0,0,0,-295,,,,
059609,0,0,0,7,,,,
05962P,0,0,0,-10,,,,
059646,0,0,0,20,,,,
059668,0,0,0,-44,,,,
059704,0,0,0,-10,,,,
059762,0,0,0,-193,,,,
059853,0,0,0,-50,,,,
059856,0,0,0,166,,,,
059859,0,0,0,260,,,,
059874,0,0,0,-4,,,,
05988P,0,0,0,-1,,,,
059891,0,0,0,7,,,,
059900,0,0,0,-142,,,,
05995P,0,0,0,-3,,,,
059997,0,0,0,-55,,,,
060012,0,0,0,-227,,,,
060018,0,0,0,48,,,,
060024,0,0,0,-2,,,,
060025,0,0,0,50,,,,
060082,0,0,0,-1,,,,
060096,0,0,0,299,,,,
060129,0,0,0,-25,,,,
060192,0,0,0,-50,,,,
060194,0,0,0,10,,,,
060208,0,0,0,3,,,,
060236,0,0,0,115,,,,
060283,0,0,0,194,,,,
060306,0,0,0,85,,,,
060326,0,0,0,-2498,,,,
060327,0,0,0,100,,,,
06036P,0,0,0,-189,,,,
06038P,0,0,0,10,,,,
060395,0,0,0,-853,,,,
060396,0,0,0,0,,,,
06039P,0,0,0,203,,,,
060416,0,0,0,-4,,,,
060428,0,0,0,268,,,,
060429,0,0,0,27,,,,
060450,0,0,0,32,,,,
060470,0,0,0,-8,,,,
060476,0,0,0,30,,,,
060517,0,0,0,12,,,,
060518,0,0,0,50,,,,
060538,0,0,0,60,,,,
060590,0,0,0,-25,,,,
060609,0,0,0,147,,,,
060703,0,0,0,50,,,,
060704,0,0,0,13,,,,
06072P,0,0,0,1006,,,,
060765,0,0,0,-97,,,,
06077P,0,0,0,-330,,,,
060815,0,0,0,-130,,,,
060821,0,0,0,1,,,,
060834,0,0,0,-76,,,,
060870,0,0,0,45,,,,
060897,0,0,0,4,,,,
060930,0,0,0,-1,,,,
060931,0,0,0,10,,,,
060934,0,0,0,40,,,,
060973,0,0,0,8,,,,
060992,0,0,0,38,,,,
061028,0,0,0,-13,,,,
061036,0,0,0,86,,,,
061038,0,0,0,-410,,,,
061058,0,0,0,-180,,,,
061070,0,0,0,-40,,,,
061079,0,0,0,-217,,,,
061135,0,0,0,27,,,,
061157,0,0,0,-4,,,,
061158,0,0,0,60,,,,
061180,0,0,0,60,,,,
061186,0,0,0,30,,,,
061236,0,0,0,-29,,,,
061265,0,0,0,-35,,,,
061273,0,0,0,-15,,,,
061283,0,0,0,130,,,,
061318,0,0,0,-87,,,,
061319,0,0,0,40,,,,
061321,0,0,0,185,,,,
061345,0,0,0,4,,,,
06134P,0,0,0,5,,,,
061431,0,0,0,-12,,,,
061466,0,0,0,-184,,,,
061504,0,0,0,16,,,,
061513,0,0,0,-366,,,,
061518,0,0,0,29,,,,
061519,0,0,0,-16,,,,
061563,0,0,0,22,,,,
061632,0,0,0,2,,,,
061680,0,0,0,-43,,,,
061683,0,0,0,-152,,,,
061694,0,0,0,40,,,,
061735,0,0,0,21,,,,
061747,0,0,0,151,,,,
061766,0,0,0,-103,,,,
061773,0,0,0,100,,,,
06177P,0,0,0,5,,,,
061783,0,0,0,-6,,,,
061788,0,0,0,20,,,,
061826,0,0,0,-127,,,,
061856,5,0,0,1339,,,,
061908,0,0,0,-799,,,,
061957,0,0,0,-92,,,,
061981,0,0,0,40,,,,
061994,0,0,0,-96,,,,
062003,0,0,0,10,,,,
062007,0,0,0,7,,,,
062058,0,0,0,-88,,,,
062073,0,0,0,56,,,,
062079,0,0,0,4,,,,
062088,0,0,0,120,,,,
062095,0,0,0,-10,,,,
062096,0,0,0,-120,,,,
062118,0,0,0,-34,,,,
062133,0,0,0,-254,,,,
062143,0,0,0,-50,,,,
062154,0,0,0,-6,,,,
062170,0,0,0,82,,,,
062197,0,0,0,58,,,,
062213,0,0,0,-785,,,,
062219,0,0,0,3,,,,
062228,0,0,0,-60,,,,
062256,0,0,0,-83,,,,
062309,0,0,0,-1,,,,
062310,0,0,0,-2,,,,
062334,0,0,0,-400,,,,
062353,0,0,0,31,,,,
062393,0,0,0,1423,,,,
062407,0,0,0,200,,,,
062411,0,0,0,37,,,,
062419,0,0,0,-120,,,,
062423,0,0,0,-3,,,,
062429,0,0,0,10,,,,
062434,0,0,0,-42,,,,
062451,0,0,0,73,,,,
062452,0,0,0,225,,,,
062473,0,0,0,-2,,,,
062478,0,0,0,-45,,,,
062485,0,0,0,-25,,,,
062486,0,0,0,35,,,,
062487,0,0,0,1066,,,,
062488,0,0,0,245,,,,
062489,0,0,0,101,,,,
062490,0,0,0,252,,,,
062491,0,0,0,130,,,,
062502,0,0,0,-100,,,,
062510,0,0,0,253,,,,
062511,0,0,0,85,,,,
06253P,0,0,0,-62,,,,
06256P,0,0,0,809,,,,
062572,0,0,0,-18,,,,
062573,0,0,0,327,,,,
062595,0,0,0,360,,,,
062630,0,0,0,178,,,,
06264P,0,0,0,26,,,,
062682,0,0,0,-10,,,,
062683,0,0,0,1610,,,,
062684,0,0,0,-221,,,,
062700,0,0,0,1191,,,,
062701,0,0,0,609,,,,
062713,0,0,0,187,,,,
062727,0,0,0,2,,,,
062728,0,0,0,-206,,,,
062729,0,0,0,78,,,,
062749,0,0,0,40,,,,
062756,0,0,0,5,,,,
062771,0,0,0,70,,,,
062773,0,0,0,170,,,,
062791,0,0,0,-2,,,,
062795,0,0,0,1,,,,
062805,0,0,0,-152,,,,
06280P,0,0,0,2,,,,
062811,0,0,0,25,,,,
062817,0,0,0,20,,,,
062824,0,0,0,-34,,,,
062857,0,0,0,-78,,,,
062859,0,0,0,45,,,,
062865,0,0,0,2,,,,
062869,0,0,0,440,,,,
062870,0,0,0,-349,,,,
062871,0,0,0,5,,,,
062882,0,0,0,-135,,,,
062883,0,0,0,1,,,,
062885,0,0,0,10,,,,
062888,0,0,0,4,,,,
062890,0,0,0,-39,,,,
062891,0,0,0,-27,,,,
062907,0,0,0,-3,,,,
062908,0,0,0,89,,,,
062920,0,0,0,20,,,,
062945,0,0,0,-5,,,,
062957,0,0,0,-46,,,,
062977,0,0,0,-5,,,,
063061,0,0,0,4,,,,
063077,0,0,0,86,,,,
063078,0,0,0,-32,,,,
063086,0,0,0,31,,,,
063087,0,0,0,210,,,,
063111,0,0,0,65,,,,
063136,0,0,0,-32,,,,
063158,0,0,0,850,,,,
063159,0,0,0,-26,,,,
063160,0,0,0,190,,,,
063173,0,0,0,0,,,,
063174,0,0,0,2,,,,
063189,0,0,0,19,,,,
063214,0,0,0,2000,,,,
063252,0,0,0,15,,,,
063269,0,0,0,-1,,,,
063270,0,0,0,-124,,,,
063277,0,0,0,-8,,,,
063278,0,0,0,-3,,,,
063279,0,0,0,-200,,,,
063280,0,0,0,40,,,,
063281,0,0,0,142,,,,
063282,0,0,0,0,,,,
063283,0,0,0,115,,,,
063284,0,0,0,18,,,,
063294,0,0,0,22,,,,
063300,0,0,0,30,,,,
063311,0,0,0,6,,,,
06334P,0,0,0,-1,,,,
063364,0,0,0,200,,,,
063417,0,0,0,0,,,,
063427,0,0,0,94,,,,
063443,0,0,0,-69,,,,
063497,0,0,0,485,,,,
063500,0,0,0,-7,,,,
063507,0,0,0,-27,,,,
063558,0,0,0,-3,,,,
063561,0,0,0,-10,,,,
063569,0,0,0,1,,,,
063598,0,0,0,3,,,,
063612,0,0,0,16,,,,
063688,0,0,0,-143,,,,
063695,0,0,0,115,,,,
063700,0,0,0,-207,,,,
063708,0,0,0,-29,,,,
063709,0,0,0,-8,,,,
063710,0,0,0,-7,,,,
063712,0,0,0,1,,,,
063716,0,0,0,-20,,,,
063729,0,0,0,300,,,,
063750,0,0,0,-1158,,,,
063777,0,0,0,-800,,,,
06378P,0,0,0,-30,,,,
06379P,0,0,0,0,,,,
06381P,0,0,0,-1,,,,
063840,0,0,0,-2,,,,
063841,0,0,0,-12,,,,
063851,0,0,0,0,,,,
063866,0,0,0,-1,,,,
063899,0,0,0,-110,,,,
063900,0,0,0,497,,,,
063909,0,0,0,-50,,,,
063910,0,0,0,-267,,,,
063913,0,0,0,4,,,,
063915,0,0,0,-6,,,,
063926,0,0,0,39,,,,
063951,0,0,0,-35,,,,
063954,0,0,0,-1,,,,
063962,0,0,0,-109,,,,
063963,0,0,0,-14,,,,
063967,0,0,0,10,,,,
063968,0,0,0,25,,,,
063980,0,0,0,46,,,,
063986,0,0,0,-27,,,,
063990,0,0,0,-15,,,,
063996,0,0,0,0,,,,
063998,0,0,0,-20,,,,
064014,0,0,0,-15,,,,
064073,0,0,0,-822,,,,
064115,0,0,0,20,,,,
064139,0,0,0,-10,,,,
064168,0,0,0,-10,,,,
064180,0,0,0,20,,,,
06418P,0,0,0,4,,,,
064208,0,0,0,10,,,,
064216,0,0,0,51,,,,
064234,0,0,0,50,,,,
064237,0,0,0,200,,,,
064254,0,0,0,-2,,,,
064261,0,0,0,50,,,,
064285,0,0,0,-25,,,,
064286,0,0,0,-10,,,,
064303,0,0,0,83,,,,
06430P,0,0,0,-99,,,,
064327,0,0,0,-5,,,,
064331,0,0,0,1711,,,,
064367,0,0,0,-10,,,,
064382,0,0,0,-5,,,,
064383,0,0,0,-60,,,,
064386,0,0,0,-10,,,,
064389,0,0,0,-27,,,,
064404,0,0,0,-12,,,,
064405,0,0,0,57,,,,
064406,0,0,0,-255,,,,
064449,0,0,0,-31,,,,
064454,0,0,0,-29,,,,
064464,0,0,0,-11,,,,
064471,0,0,0,-93,,,,
064475,0,0,0,-1,,,,
064531,0,0,0,6,,,,
064532,0,0,0,-43,,,,
064542,0,0,0,-226,,,,
064543,0,0,0,-10,,,,
064548,0,0,0,-90,,,,
064557,0,0,0,0,,,,
06456P,0,0,0,-8,,,,
064580,0,0,0,-31,,,,
064584,0,0,0,29,,,,
064608,0,0,0,-45,,,,
064618,0,0,0,-107,,,,
064622,0,0,0,56,,,,
064623,0,0,0,-24,,,,
064633,0,0,0,-479,,,,
064634,0,0,0,-236,,,,
064636,0,0,0,69,,,,
064640,0,0,0,76,,,,
064646,0,0,0,10,,,,
064662,0,0,0,-30,,,,
064663,0,0,0,35,,,,
064672,0,0,0,-288,,,,
064702,0,0,0,-12,,,,
064703,0,0,0,26,,,,
064769,0,0,0,12,,,,
064775,0,0,0,-9,,,,
064783,0,0,0,-2476,,,,
064784,0,0,0,835,,,,
064791,0,0,0,-1376,,,,
064797,0,0,0,20,,,,
064824,0,0,0,687,,,,
064826,0,0,0,-316,,,,
064827,0,0,0,-312,,,,
064829,0,0,0,31,,,,
064832,0,0,0,-55,,,,
064837,0,0,0,-6,,,,
064838,0,0,0,-884,,,,
064842,0,0,0,2,,,,
064847,0,0,0,7,,,,
064860,0,0,0,1,,,,
064890,0,0,0,401,,,,
064961,0,0,0,48,,,,
064974,0,0,0,-12,,,,
064976,0,0,0,-428,,,,
064982,0,0,0,-47,,,,
064985,0,0,0,-621,,,,
064987,0,0,0,-22,,,,
064989,0,0,0,2,,,,
064993,0,0,0,69,,,,
064994,0,0,0,7,,,,
064996,0,0,0,75,,,,
064998,0,0,0,-211,,,,
06500P,0,0,0,-100,,,,
065019,0,0,0,1,,,,
065023,0,0,0,101,,,,
065073,0,0,0,-10,,,,
065074,0,0,0,-35,,,,
065088,0,0,0,23,,,,
065113,0,0,0,1,,,,
065163,0,0,0,-10,,,,
065177,0,0,0,1,,,,
065200,0,0,0,87,,,,
065209,0,0,0,0,,,,
065221,0,0,0,-82,,,,
065232,0,0,0,6,,,,
065239,0,0,0,38,,,,
065254,0,0,0,-10,,,,
065256,0,0,0,29,,,,
065260,0,0,0,-19,,,,
065262,0,0,0,-5,,,,
065263,0,0,0,45,,,,
065267,0,0,0,81,,,,
065275,0,0,0,10,,,,
065276,0,0,0,-10,,,,
065283,0,0,0,-125,,,,
065290,0,0,0,210,,,,
065291,0,0,0,425,,,,
065294,0,0,0,-55,,,,
065296,0,0,0,2,,,,
065300,0,0,0,-56,,,,
065301,0,0,0,-9,,,,
065303,0,0,0,-111,,,,
065307,0,0,0,-1136,,,,
065309,0,0,0,-2,,,,
065310,0,0,0,-3,,,,
065311,0,0,0,-38,,,,
065312,0,0,0,-80,,,,
065313,0,0,0,-42,,,,
065314,0,0,0,3,,,,
065316,0,0,0,-5,,,,
065320,0,0,0,164,,,,
065323,-50,0,0,312,,,,
065327,0,0,0,-2,,,,
065329,0,0,0,22,,,,
065330,0,0,0,-48,,,,
065333,0,0,0,10,,,,
065334,0,0,0,5,,,,
065337,0,0,0,65,,,,
065339,0,0,0,470,,,,
065340,0,0,0,-88,,,,
065360,0,0,0,-62,,,,
065413,0,0,0,-3,,,,
065447,0,0,0,48,,,,
065484,0,0,0,-2,,,,
065485,0,0,0,0,,,,
065486,0,0,0,-10,,,,
065501,0,0,0,-13,,,,
065504,0,0,0,120,,,,
065509,0,0,0,149,,,,
065515,0,0,0,23,,,,
065516,0,0,0,-12,,,,
065520,0,0,0,-265,,,,
065522,0,0,0,-600,,,,
065524,0,0,0,-382,,,,
065525,0,0,0,-192,,,,
065526,0,0,0,-73,,,,
065527,0,0,0,23,,,,
065528,0,0,0,52,,,,
065529,0,0,0,-120,,,,
065531,0,0,0,11,,,,
065539,0,0,0,64,,,,
065546,0,0,0,99,,,,
065554,0,0,0,-30,,,,
065573,0,0,0,21,,,,
065574,0,0,0,56,,,,
065586,0,0,0,489,,,,
065628,0,0,0,1,,,,
065652,0,0,0,-38,,,,
065657,0,0,0,-15,,,,
065666,0,0,0,-10,,,,
065670,0,0,0,40,,,,
065696,0,0,0,-18,,,,
065699,0,0,0,28,,,,
065708,0,0,0,-10,,,,
065709,0,0,0,-16,,,,
065719,0,0,0,-2940,,,,
065720,0,0,0,93,,,,
065732,0,0,0,-531,,,,
065757,0,0,0,143,,,,
065785,0,0,0,-3,,,,
065788,0,0,0,-10,,,,
065809,0,0,0,4,,,,
065821,0,0,0,3,,,,
065822,0,0,0,45,,,,
065829,0,0,0,-19,,,,
065830,0,0,0,-10,,,,
065832,0,0,0,15,,,,
065836,0,0,0,8,,,,
065839,0,0,0,-3,,,,
065845,0,0,0,671,,,,
065846,0,0,0,-5,,,,
065848,0,0,0,39,,,,
065856,0,0,0,5,,,,
065864,0,0,0,177,,,,
065871,0,0,0,5,,,,
065882,0,0,0,190,,,,
065887,0,0,0,-44,,,,
065912,0,0,0,-4,,,,
065922,0,0,0,83,,,,
065928,0,0,0,-335,,,,
065930,0,0,0,60,,,,
065932,0,0,0,3,,,,
065934,0,0,0,1,,,,
065978,0,0,0,-373,,,,
066001,0,0,0,-221,,,,
066053,0,0,0,-9,,,,
066054,0,0,0,20,,,,
066057,0,0,0,20,,,,
066058,0,0,0,-8,,,,
066076,0,0,0,-4,,,,
066077,0,0,0,-46,,,,
066080,0,0,0,-15,,,,
066083,0,0,0,50,,,,
066085,0,0,0,-41,,,,
066086,0,0,0,-74,,,,
066097,0,0,0,5,,,,
066119,0,0,0,-73,,,,
066120,0,0,0,19,,,,
066121,0,0,0,10,,,,
066123,0,0,0,399,,,,
066132,24,0,0,-358,,,,
066133,0,0,0,-3362,,,,
066134,0,0,0,-10,,,,
066135,0,0,0,-8,,,,
066136,0,0,0,-55,,,,
066139,0,0,0,-127,,,,
066140,0,0,0,22,,,,
066141,0,0,0,-3,,,,
066142,0,0,0,-297,,,,
066144,0,0,0,0,,,,
066145,0,0,0,-20,,,,
066149,0,0,0,-5,,,,
066152,0,0,0,-46,,,,
066153,0,0,0,19,,,,
066158,0,0,0,251,,,,
066180,0,0,0,-40,,,,
066192,0,0,0,4,,,,
066193,0,0,0,-8,,,,
066194,0,0,0,26,,,,
066220,0,0,0,10,,,,
066246,0,0,0,17,,,,
066247,0,0,0,3,,,,
066250,0,0,0,13,,,,
066258,0,0,0,20,,,,
066263,0,0,0,-76,,,,
066281,0,0,0,165,,,,
066289,0,0,0,91,,,,
06628P,0,0,0,10,,,,
066290,0,0,0,87,,,,
06629P,0,0,0,10,,,,
066307,0,0,0,-1,,,,
066318,0,0,0,-25,,,,
066320,0,0,0,-23,,,,
066321,0,0,0,23,,,,
066323,0,0,0,-228,,,,
066328,0,0,0,3,,,,
066344,0,0,0,78,,,,
066362,0,0,0,426,,,,
066364,0,0,0,-20,,,,
066370,0,0,0,-5,,,,
066414,0,0,0,-1,,,,
066415,0,0,0,-200,,,,
066417,0,0,0,61,,,,
066418,0,0,0,5,,,,
066420,0,0,0,190,,,,
066421,0,0,0,-16,,,,
066423,0,0,0,-10,,,,
066424,0,0,0,10,,,,
066426,0,0,0,50,,,,
066430,0,0,0,126,,,,
066434,0,0,0,55,,,,
066439,0,0,0,64,,,,
066442,0,0,0,90,,,,
066448,0,0,0,-40,,,,
066452,0,0,0,674,,,,
066456,0,0,0,20,,,,
066460,0,0,0,-78,,,,
066483,0,0,0,50,,,,
066485,0,0,0,-268,,,,
066489,0,0,0,-210,,,,
066498,0,0,0,0,,,,
06649P,0,0,0,225,,,,
066526,0,0,0,168,,,,
066531,0,0,0,-1,,,,
066536,0,0,0,5,,,,
066578,0,0,0,5,,,,
066589,0,0,0,58,,,,
066601,0,0,0,-20,,,,
066619,0,0,0,-131,,,,
066620,0,0,0,-91,,,,
066622,0,0,0,27,,,,
066624,0,0,0,-11,,,,
066629,0,0,0,228,,,,
066630,0,0,0,-49,,,,
066635,0,0,0,20,,,,
066644,0,0,0,142,,,,
066645,0,0,0,201,,,,
066651,0,0,0,51,,,,
066652,0,0,0,2,,,,
066653,0,0,0,-1,,,,
066654,0,0,0,-55,,,,
066657,0,0,0,5,,,,
066667,0,0,0,-178,,,,
06668P,0,0,0,-20,,,,
066695,0,0,0,346,,,,
06669P,0,0,0,-4,,,,
066719,0,0,0,108,,,,
066739,0,0,0,2,,,,
066752,0,0,0,-229,,,,
066756,0,0,0,-138,,,,
066775,0,0,0,4,,,,
066779,0,0,0,197,,,,
066781,0,0,0,-2067,,,,
066789,0,0,0,83,,,,
066792,0,0,0,150,,,,
066795,0,0,0,10,,,,
066801,0,0,0,-2,,,,
066804,0,0,0,-45,,,,
066805,0,0,0,85,,,,
066806,0,0,0,-1035,,,,
066808,0,0,0,1,,,,
066810,0,0,0,-231,,,,
066812,0,0,0,-325,,,,
066820,0,0,0,165,,,,
066894,0,0,0,-30,,,,
066895,0,0,0,5,,,,
066896,0,0,0,-2,,,,
066901,0,0,0,57,,,,
066921,0,0,0,-58,,,,
066941,0,0,0,3,,,,
066948,0,0,0,-10,,,,
066949,0,0,0,-221,,,,
066962,0,0,0,247,,,,
066971,0,0,0,-213,,,,
066982,0,0,0,-11,,,,
067013,0,0,0,9,,,,
067014,0,0,0,-10,,,,
067018,0,0,0,3,,,,
067019,0,0,0,-3,,,,
067021,0,0,0,-139,,,,
067023,0,0,0,-30,,,,
067025,0,0,0,-5,,,,
067026,0,0,0,3,,,,
06702P,0,0,0,226,,,,
067038,0,0,0,-2,,,,
067040,0,0,0,-37,,,,
067045,0,0,0,38,,,,
067052,0,0,0,-60,,,,
067055,0,0,0,-2,,,,
067060,0,0,0,-30,,,,
067063,0,0,0,-107,,,,
067077,0,0,0,2,,,,
067085,0,0,0,10,,,,
067086,0,0,0,411,,,,
067087,0,0,0,-13,,,,
067092,0,0,0,-30,,,,
067097,0,0,0,29,,,,
067112,0,0,0,-54,,,,
06712P,0,0,0,-28,,,,
067141,0,0,0,-30,,,,
067144,0,0,0,37,,,,
06714P,0,0,0,19,,,,
067158,0,0,0,-20,,,,
067171,0,0,0,257,,,,
067173,0,0,0,-1,,,,
067184,0,0,0,100,,,,
067187,0,0,0,-1,,,,
067189,0,0,0,-145,,,,
067190,0,0,0,-47,,,,
067224,0,0,0,-10,,,,
067227,0,0,0,-1,,,,
067229,0,0,0,-45,,,,
067235,0,0,0,-104,,,,
067239,0,0,0,48,,,,
067262,0,0,0,10,,,,
067346,0,0,0,747,,,,
067348,0,0,0,788,,,,
067353,0,0,0,131,,,,
067382,0,0,0,-10,,,,
067390,0,0,0,10,,,,
067399,0,0,0,100,,,,
067406,0,0,0,30,,,,
067407,0,0,0,22,,,,
067408,0,0,0,51,,,,
067412,0,0,0,-4,,,,
067419,0,0,0,-1,,,,
067426,0,0,0,-42,,,,
067427,0,0,0,-10,,,,
067429,0,0,0,94,,,,
067456,0,0,0,-5,,,,
067489,0,0,0,-45,,,,
067492,0,0,0,29,,,,
067498,0,0,0,-83,,,,
067514,0,0,0,248,,,,
067521,0,0,0,155,,,,
067532,0,0,0,94,,,,
067563,0,0,0,-7,,,,
067566,0,0,0,20,,,,
067571,0,0,0,-27,,,,
06757P,0,0,0,-40,,,,
067595,0,0,0,-9,,,,
067610,0,0,0,-11,,,,
067612,0,0,0,-224,,,,
067617,0,0,0,-19,,,,
067618,0,0,0,78,,,,
067620,0,0,0,-35,,,,
067621,0,0,0,10,,,,
067622,0,0,0,-101,,,,
067627,0,0,0,0,,,,
067633,0,0,0,11,,,,
067634,0,0,0,-5,,,,
067635,0,0,0,439,,,,
067637,0,0,0,-12,,,,
067641,15,0,0,-36,,,,
067642,0,0,0,216,,,,
067644,0,0,0,-10,,,,
067647,0,0,0,-28,,,,
067657,0,0,0,-50,,,,
067683,0,0,0,5,,,,
067704,0,0,0,45,,,,
067735,0,0,0,153,,,,
067738,0,0,0,-136,,,,
067749,0,0,0,10,,,,
067759,0,0,0,-12,,,,
067761,0,0,0,2,,,,
067762,0,0,0,47,,,,
067765,0,0,0,35,,,,
067767,0,0,0,110,,,,
067768,0,0,0,1036,,,,
067770,0,0,0,1,,,,
067772,0,0,0,-10,,,,
067790,0,0,0,160,,,,
067792,0,0,0,-2,,,,
067794,0,0,0,-81,,,,
067807,0,0,0,37,,,,
067808,0,0,0,-100,,,,
067814,0,0,0,-20,,,,
067820,0,0,0,-10,,,,
067822,-7,0,0,-36,,,,
067826,0,0,0,-22,,,,
067831,0,0,0,97,,,,
067870,0,0,0,0,,,,
067884,0,0,0,-100,,,,
067886,0,0,0,-81,,,,
067894,0,0,0,-58,,,,
067895,0,0,0,-1,,,,
067896,0,0,0,-19,,,,
067897,0,0,0,10,,,,
067898,0,0,0,10,,,,
067912,0,0,0,40,,,,
067920,0,0,0,1,,,,
067932,0,0,0,1,,,,
067936,0,0,0,-130,,,,
067947,0,0,0,-45,,,,
067951,0,0,0,3,,,,
067956,0,0,0,-70,,,,
067961,0,0,0,-154,,,,
067964,0,0,0,509,,,,
067971,0,0,0,-32,,,,
067972,0,0,0,30,,,,
067975,0,0,0,-498,,,,
067976,0,0,0,1376,,,,
067977,0,0,0,72,,,,
067979,0,0,0,61,,,,
067981,0,0,0,-102,,,,
067982,0,0,0,-448,,,,
067983,0,0,0,489,,,,
067984,0,0,0,-52,,,,
067986,0,0,0,-60,,,,
067993,0,0,0,-8,,,,
068020,0,0,0,-232,,,,
068021,0,0,0,-88,,,,
068032,0,0,0,49,,,,
068042,0,0,0,-370,,,,
068054,0,0,0,-51,,,,
068055,0,0,0,0,,,,
068058,0,0,0,-3,,,,
068060,0,0,0,4,,,,
068081,0,0,0,-142,,,,
068115,0,0,0,-31,,,,
068130,0,0,0,-100,,,,
068132,0,0,0,30,,,,
068134,0,0,0,83,,,,
068144,0,0,0,190,,,,
068148,0,0,0,-34,,,,
068149,0,0,0,13,,,,
068150,0,0,0,171,,,,
068153,0,0,0,995,,,,
068154,0,0,0,-10,,,,
068157,0,0,0,-50,,,,
068159,0,0,0,431,,,,
068161,0,0,0,8,,,,
068164,0,0,0,-351,,,,
068165,0,0,0,-275,,,,
068166,0,0,0,1,,,,
068167,0,0,0,-55,,,,
068168,0,0,0,-4,,,,
068171,0,0,0,30,,,,
068177,0,0,0,179,,,,
06817P,0,0,0,3,,,,
068186,0,0,0,-19,,,,
068203,0,0,0,19,,,,
068211,0,0,0,9,,,,
068213,0,0,0,502,,,,
068238,0,0,0,-10,,,,
068241,0,0,0,25,,,,
068263,0,0,0,-15,,,,
068281,0,0,0,-31,,,,
068297,0,0,0,-104,,,,
06833P,0,0,0,5,,,,
068341,0,0,0,-18,,,,
068343,0,0,0,-254,,,,
068344,4,0,0,80,,,,
068356,0,0,0,-22,,,,
068362,0,0,0,2,,,,
068363,0,0,0,-350,,,,
068365,0,0,0,-15,,,,
068367,0,0,0,-113,,,,
068377,0,0,0,-236,,,,
068378,0,0,0,0,,,,
068379,0,0,0,11,,,,
068380,0,0,0,-406,,,,
068381,0,0,0,2,,,,
068382,0,0,0,-15,,,,
068384,0,0,0,-149,,,,
068388,0,0,0,-75,,,,
068390,0,0,0,-10,,,,
068391,0,0,0,1,,,,
068394,0,0,0,-25,,,,
068395,0,0,0,-1,,,,
068396,0,0,0,49,,,,
068397,0,0,0,-149,,,,
068399,0,0,0,30,,,,
068419,0,0,0,-86,,,,
068449,0,0,0,46,,,,
068452,0,0,0,800,,,,
068462,0,0,0,-198,,,,
068484,0,0,0,-10,,,,
068511,0,0,0,46,,,,
068536,0,0,0,-10,,,,
068537,0,0,0,-30,,,,
068540,0,0,0,28,,,,
068549,0,0,0,11,,,,
068553,0,0,0,-65,,,,
068556,0,0,0,-100,,,,
068577,0,0,0,0,,,,
068588,0,0,0,9,,,,
06860P,0,0,0,150,,,,
068613,0,0,0,59,,,,
068615,0,0,0,539,,,,
068616,0,0,0,-10,,,,
06861P,0,0,0,55,,,,
068630,0,0,0,-29,,,,
068638,0,0,0,-78,,,,
068639,0,0,0,112,,,,
068642,0,0,0,27,,,,
068649,0,0,0,-189,,,,
068650,0,0,0,-128,,,,
068652,0,0,0,-100,,,,
068653,0,0,0,-123,,,,
068656,0,0,0,-83,,,,
068658,0,0,0,0,,,,
06865P,0,0,0,159,,,,
068667,0,0,0,30,,,,
068668,0,0,0,-104,,,,
068673,0,0,0,-8,,,,
068675,0,0,0,39,,,,
068676,0,0,0,10,,,,
068677,0,0,0,-20,,,,
068681,0,0,0,20,,,,
068709,0,0,0,11,,,,
068719,0,0,0,-105,,,,
068723,0,0,0,150,,,,
068747,0,0,0,-6,,,,
068751,0,0,0,247,,,,
068753,0,0,0,13,,,,
068801,0,0,0,770,,,,
068802,0,0,0,-200,,,,
068821,0,0,0,2,,,,
068824,0,0,0,-709,,,,
068828,0,0,0,385,,,,
068829,0,0,0,1,,,,
068832,0,0,0,-15,,,,
068836,0,0,0,21,,,,
068838,0,0,0,-10,,,,
068840,0,0,0,233,,,,
068845,0,0,0,-136,,,,
068847,0,0,0,27,,,,
068848,0,0,0,71,,,,
068849,0,0,0,-229,,,,
068850,0,0,0,-32,,,,
068872,0,0,0,519,,,,
068874,0,0,0,-477,,,,
068892,0,0,0,725,,,,
068904,0,0,0,0,,,,
068907,0,0,0,20,,,,
068925,0,0,0,-237,,,,
068944,0,0,0,396,,,,
068960,0,0,0,5,,,,
068966,0,0,0,-153,,,,
068967,0,0,0,-23,,,,
068968,0,0,0,-174,,,,
068969,0,0,0,-147,,,,
068970,0,0,0,9,,,,
068981,0,0,0,617,,,,
068984,0,0,0,39,,,,
068985,0,0,0,-50,,,,
068988,0,0,0,-84,,,,
068994,0,0,0,1,,,,
068998,0,0,0,0,,,,
069000,0,0,0,80,,,,
069001,0,0,0,-500,,,,
069008,0,0,0,-95,,,,
069012,0,0,0,9,,,,
069017,0,0,0,10,,,,
069022,0,0,0,40,,,,
069024,0,0,0,-2,,,,
069033,0,0,0,-100,,,,
069034,0,0,0,8,,,,
069035,0,0,0,271,,,,
069038,0,0,0,-78,,,,
069039,0,0,0,-90,,,,
069050,0,0,0,18,,,,
069053,0,0,0,-175,,,,
069055,0,0,0,-25,,,,
069057,0,0,0,4,,,,
069096,0,0,0,8,,,,
069099,0,0,0,-1620,,,,
069119,0,0,0,-60,,,,
069149,0,0,0,10,,,,
069153,0,0,0,14,,,,
069155,0,0,0,14,,,,
069156,0,0,0,-60,,,,
069157,0,0,0,632,,,,
069159,0,0,0,676,,,,
069167,0,0,0,-235,,,,
069169,0,0,0,-128,,,,
069173,0,0,0,-51,,,,
069174,0,0,0,-140,,,,
069178,0,0,0,953,,,,
069180,0,0,0,-49,,,,
069185,0,0,0,-36,,,,
069188,0,0,0,-80,,,,
069190,0,0,0,-1477,,,,
069194,0,0,0,50,,,,
069195,0,0,0,155,,,,
069199,0,0,0,-33,,,,
069210,0,0,0,65,,,,
069212,0,0,0,60,,,,
069213,0,0,0,78,,,,
069221,0,0,0,-85,,,,
069238,0,0,0,-44,,,,
069239,0,0,0,105,,,,
069285,0,0,0,53,,,,
069291,0,0,0,50,,,,
069293,0,0,0,-63,,,,
069299,0,0,0,-99,,,,
069300,0,0,0,-69,,,,
069304,0,0,0,109,,,,
069310,0,0,0,115,,,,
069315,0,0,0,2,,,,
069317,0,0,0,44,,,,
069319,0,0,0,35,,,,
06931P,0,0,0,-1,,,,
069325,0,0,0,55,,,,
069328,0,0,0,90,,,,
069336,0,0,0,-71,,,,
069340,0,0,0,1,,,,
069346,0,0,0,-12,,,,
069347,0,0,0,-40,,,,
069351,0,0,0,130,,,,
069356,0,0,0,7,,,,
069361,0,0,0,173,,,,
069384,0,0,0,14,,,,
069387,0,0,0,190,,,,
069389,0,0,0,-10,,,,
069390,0,0,0,-19,,,,
069397,0,0,0,-110,,,,
069400,0,0,0,70,,,,
069401,0,0,0,-149,,,,
069402,0,0,0,49,,,,
069404,0,0,0,-18,,,,
069405,0,0,0,499,,,,
069406,0,0,0,1,,,,
069407,0,0,0,-16,,,,
069408,0,0,0,34,,,,
069412,0,0,0,-50,,,,
069415,0,0,0,-93,,,,
069416,0,0,0,29,,,,
069418,0,0,0,-21,,,,
069419,0,0,0,58,,,,
069427,0,0,0,-150,,,,
069431,0,0,0,122,,,,
069444,0,0,0,-60,,,,
069456,0,0,0,180,,,,
069457,0,0,0,6,,,,
069466,0,0,0,50,,,,
069483,0,0,0,-65,,,,
069510,0,0,0,-187,,,,
069511,0,0,0,-43,,,,
069512,0,0,0,20,,,,
069514,0,0,0,-14,,,,
069518,0,0,0,-185,,,,
069525,0,0,0,960,,,,
069534,0,0,0,1,,,,
069543,0,0,0,-60,,,,
069544,0,0,0,1,,,,
069560,0,0,0,25,,,,
069565,0,0,0,-25,,,,
069568,0,0,0,-92,,,,
069571,0,0,0,-1,,,,
069572,0,0,0,-131,,,,
069574,0,0,0,-55,,,,
069575,0,0,0,-25,,,,
069576,0,0,0,-40,,,,
069579,0,0,0,21,,,,
069584,0,0,0,-19,,,,
069585,0,0,0,-91,,,,
069586,0,0,0,-44,,,,
069587,0,0,0,-22,,,,
069590,0,0,0,213,,,,
069591,0,0,0,-466,,,,
069592,0,0,0,-501,,,,
069593,0,0,0,-46,,,,
069595,0,0,0,96,,,,
069597,0,0,0,122,,,,
069602,0,0,0,-50,,,,
069603,0,0,0,-156,,,,
069604,0,0,0,55,,,,
069605,0,0,0,-131,,,,
069606,0,0,0,86,,,,
069611,0,0,0,-62,,,,
069612,0,0,0,-12,,,,
069613,0,0,0,-285,,,,
069620,0,0,0,6,,,,
069623,0,0,0,27,,,,
069628,0,0,0,-35,,,,
069637,0,0,0,-115,,,,
069643,0,0,0,-40,,,,
069665,0,0,0,-166,,,,
069683,0,0,0,20,,,,
069696,0,0,0,125,,,,
069702,0,0,0,66,,,,
069703,0,0,0,325,,,,
069710,0,0,0,243,,,,
069715,0,0,0,60,,,,
069724,0,0,0,20,,,,
069731,0,0,0,168,,,,
069737,0,0,0,356,,,,
069738,0,0,0,-1775,,,,
069739,0,0,0,258,,,,
069747,0,0,0,230,,,,
069750,0,0,0,20,,,,
069751,0,0,0,-120,,,,
069752,0,0,0,-18,,,,
069753,0,0,0,190,,,,
069757,0,0,0,65,,,,
069758,0,0,0,-5,,,,
069760,0,0,0,-300,,,,
069761,0,0,0,1401,,,,
069762,0,0,0,5,,,,
069766,0,0,0,3,,,,
069777,0,0,0,-1,,,,
069778,0,0,0,-58,,,,
069781,0,0,0,1,,,,
069782,0,0,0,3,,,,
069784,0,0,0,-136,,,,
069789,0,0,0,-12,,,,
069790,0,0,0,55,,,,
069792,0,0,0,-7,,,,
069793,0,0,0,222,,,,
069794,0,0,0,10,,,,
069795,0,0,0,88,,,,
069799,0,0,0,224,,,,
069800,0,0,0,-93,,,,
069801,0,0,0,-4,,,,
069811,0,0,0,-30,,,,
069812,0,0,0,0,,,,
069814,0,0,0,-26,,,,
069818,0,0,0,101,,,,
069819,0,0,0,9,,,,
069821,0,0,0,0,,,,
069822,0,0,0,-4,,,,
069826,0,0,0,1,,,,
069835,0,0,0,2,,,,
069836,0,0,0,12,,,,
069837,0,0,0,100,,,,
069842,0,0,0,50,,,,
069844,0,0,0,-2,,,,
069878,0,0,0,9,,,,
069883,0,0,0,16,,,,
069884,0,0,0,559,,,,
069912,0,0,0,291,,,,
069920,0,0,0,-485,,,,
069937,0,0,0,-1,,,,
069939,0,0,0,-2,,,,
069940,0,0,0,-30,,,,
069941,0,0,0,-56,,,,
069943,0,0,0,129,,,,
069968,0,0,0,-33,,,,
069972,0,0,0,10,,,,
069973,0,0,0,280,,,,
069975,0,0,0,24,,,,
069976,0,0,0,-44,,,,
069977,0,0,0,80,,,,
069978,0,0,0,-9,,,,
069979,0,0,0,-42,,,,
069981,0,0,0,50,,,,
069982,0,0,0,-229,,,,
069983,0,0,0,-130,,,,
069984,0,0,0,1,,,,
069994,0,0,0,-319,,,,
069997,0,0,0,260,,,,
070001,0,0,0,38,,,,
070004,0,0,0,-1,,,,
070008,0,0,0,39,,,,
070012,0,0,0,-7,,,,
070018,0,0,0,661,,,,
070024,0,0,0,10,,,,
070033,0,0,0,45,,,,
070037,0,0,0,33,,,,
070043,0,0,0,203,,,,
070054,0,0,0,5,,,,
070079,0,0,0,-1,,,,
070089,0,0,0,150,,,,
070094,0,0,0,4,,,,
070101,0,0,0,1117,,,,
070102,0,0,0,971,,,,
070108,0,0,0,-213,,,,
070111,0,0,0,8,,,,
070117,0,0,0,-93,,,,
070119,0,0,0,-111,,,,
070126,0,0,0,-45,,,,
070128,0,0,0,2,,,,
070146,0,0,0,6,,,,
070148,0,0,0,-235,,,,
070152,0,0,0,-150,,,,
070157,0,0,0,-5,,,,
070159,0,0,0,-200,,,,
070163,0,0,0,790,,,,
070164,0,0,0,5,,,,
070176,0,0,0,10,,,,
070178,0,0,0,1448,,,,
070179,0,0,0,3,,,,
070181,0,0,0,3,,,,
070184,0,0,0,-22,,,,
070186,0,0,0,-88,,,,
070188,0,0,0,-10,,,,
070191,0,0,0,78,,,,
070193,0,0,0,499,,,,
070194,0,0,0,-70,,,,
070196,0,0,0,55,,,,
070197,0,0,0,-1,,,,
070198,0,0,0,23,,,,
070199,0,0,0,8,,,,
070201,0,0,0,38,,,,
070202,0,0,0,-74,,,,
070206,0,0,0,32,,,,
070210,0,0,0,262,,,,
070212,0,0,0,-33,,,,
070223,0,0,0,194,,,,
070242,0,0,0,-10,,,,
070244,0,0,0,-7,,,,
070270,0,0,0,3,,,,
070276,0,0,0,159,,,,
070277,0,0,0,-20,,,,
070284,0,0,0,20,,,,
070290,0,0,0,-50,,,,
070295,0,0,0,-8,,,,
070298,0,0,0,132,,,,
070301,0,0,0,74,,,,
070320,0,0,0,4,,,,
070334,0,0,0,49,,,,
070337,0,0,0,329,,,,
070358,0,0,0,-15,,,,
070360,0,0,0,-1,,,,
070361,0,0,0,40,,,,
070364,0,0,0,-4,,,,
07036P,0,0,0,-1786,,,,
070378,0,0,0,181,,,,
070379,0,0,0,396,,,,
07038P,0,0,0,19,,,,
070438,0,0,0,10,,,,
070455,0,0,0,-2,,,,
070467,0,0,0,307,,,,
070469,0,0,0,20,,,,
070470,0,0,0,80,,,,
070476,0,0,0,1,,,,
070485,0,0,0,-5,,,,
070488,0,0,0,9,,,,
070490,0,0,0,85,,,,
070491,0,0,0,-50,,,,
070492,0,0,0,-14,,,,
070493,0,0,0,-99,,,,
070495,0,0,0,-170,,,,
070496,0,0,0,115,,,,
070497,0,0,0,118,,,,
070500,0,0,0,21,,,,
070501,0,0,0,-101,,,,
070502,0,0,0,137,,,,
070503,0,0,0,11,,,,
070504,0,0,0,126,,,,
070505,0,0,0,65,,,,
070506,0,0,0,792,,,,
070507,0,0,0,384,,,,
070508,0,0,0,417,,,,
07050P,0,0,0,6,,,,
070514,0,0,0,-61,,,,
070517,0,0,0,1,,,,
070518,0,0,0,296,,,,
070522,0,0,0,137,,,,
070540,0,0,0,-4,,,,
07054P,0,0,0,213,,,,
070553,0,0,0,0,,,,
070554,0,0,0,40,,,,
070559,0,0,0,-147,,,,
070570,0,0,0,-85,,,,
070599,0,0,0,-79,,,,
070623,0,0,0,1842,,,,
070625,0,0,0,581,,,,
070626,0,0,0,-1554,,,,
070632,0,0,0,-499,,,,
070636,0,0,0,-85,,,,
070637,0,0,0,-6,,,,
070654,0,0,0,-201,,,,
070655,0,0,0,-140,,,,
070663,0,0,0,10,,,,
070677,0,0,0,-63,,,,
07067P,0,0,0,-310,,,,
070680,0,0,0,20,,,,
070681,0,0,0,259,,,,
070682,0,0,0,229,,,,
070683,0,0,0,-65,,,,
070686,0,0,0,7,,,,
070688,0,0,0,98,,,,
070689,0,0,0,51,,,,
070691,0,0,0,-5,,,,
070693,0,0,0,290,,,,
070694,0,0,0,-105,,,,
070695,0,0,0,-895,,,,
070696,0,0,0,-199,,,,
070697,0,0,0,-29,,,,
070698,0,0,0,157,,,,
070702,0,0,0,-48,,,,
070703,0,0,0,-8,,,,
070712,0,0,0,6,,,,
070713,0,0,0,26,,,,
070715,0,0,0,-2,,,,
070721,0,0,0,200,,,,
070724,0,0,0,2,,,,
070738,0,0,0,191,,,,
070750,0,0,0,6,,,,
070758,0,0,0,72,,,,
070765,0,0,0,4,,,,
070773,0,0,0,-20,,,,
070777,0,0,0,1,,,,
070795,0,0,0,43,,,,
070800,0,0,0,0,,,,
070803,0,0,0,20,,,,
070805,0,0,0,-70,,,,
070815,0,0,0,9,,,,
070817,0,0,0,11,,,,
070819,0,0,0,-6,,,,
070824,0,0,0,-130,,,,
070834,0,0,0,5,,,,
070842,0,0,0,-43,,,,
070844,0,0,0,-2,,,,
070850,0,0,0,154,,,,
070865,0,0,0,2,,,,
070875,0,0,0,-237,,,,
070882,0,0,0,7,,,,
070902,0,0,0,10,,,,
070908,0,0,0,8,,,,
070910,0,0,0,60,,,,
070928,0,0,0,40,,,,
07092P,0,0,0,0,,,,
070945,0,0,0,-50,,,,
070951,0,0,0,121,,,,
070958,0,0,0,13,,,,
070965,0,0,0,-4,,,,
070967,0,0,0,1,,,,
070986,0,0,0,-451,,,,
070987,0,0,0,-632,,,,
070996,0,0,0,-103,,,,
070998,0,0,0,-166,,,,
070999,0,0,0,-172,,,,
071005,0,0,0,-10,,,,
071009,0,0,0,29,,,,
071010,0,0,0,75,,,,
071012,0,0,0,-430,,,,
071017,0,0,0,72,,,,
071018,0,0,0,25,,,,
071025,0,0,0,-51,,,,
071026,0,0,0,-5,,,,
071027,0,0,0,-22,,,,
071028,0,0,0,-51,,,,
071029,0,0,0,158,,,,
071030,0,0,0,-192,,,,
071031,0,0,0,368,,,,
071033,0,0,0,37,,,,
071035,0,0,0,-128,,,,
071038,0,0,0,-152,,,,
071039,0,0,0,146,,,,
071040,0,0,0,52,,,,
071054,0,0,0,120,,,,
071059,0,0,0,-6,,,,
07105P,0,0,0,-14,,,,
071061,0,0,0,-67,,,,
071069,0,0,0,192,,,,
071077,0,0,0,-2,,,,
071093,0,0,0,-70,,,,
071098,0,0,0,90,,,,
071102,0,0,0,-10,,,,
071104,0,0,0,-50,,,,
071105,0,0,0,150,,,,
071108,0,0,0,-10,,,,
071109,0,0,0,311,,,,
071112,0,0,0,10,,,,
071125,0,0,0,8,,,,
071126,0,0,0,-25,,,,
071142,0,0,0,-240,,,,
071146,0,0,0,-441,,,,
071167,0,0,0,25,,,,
071168,0,0,0,32,,,,
071169,0,0,0,-31,,,,
071185,0,0,0,-50,,,,
071186,0,0,0,-485,,,,
071195,0,0,0,111,,,,
07119P,0,0,0,212,,,,
07120P,0,0,0,50,,,,
071210,0,0,0,10,,,,
071215,0,0,0,-10,,,,
071223,0,0,0,-376,,,,
071225,0,0,0,-102,,,,
071227,0,0,0,-300,,,,
071242,0,0,0,-2,,,,
07124P,0,0,0,-840,,,,
071255,0,0,0,-5,,,,
071267,0,0,0,-434,,,,
071268,0,0,0,240,,,,
071271,0,0,0,18,,,,
071274,0,0,0,-20,,,,
071276,0,0,0,-14,,,,
071280,0,0,0,20,,,,
071303,0,0,0,350,,,,
071308,0,0,0,7,,,,
071317,0,0,0,-100,,,,
071318,0,0,0,-1,,,,
071325,0,0,0,-41,,,,
071328,0,0,0,-570,,,,
071329,0,0,0,98,,,,
071330,0,0,0,107,,,,
071331,0,0,0,-10,,,,
071344,0,0,0,-10,,,,
071346,0,0,0,60,,,,
071347,0,0,0,-372,,,,
071362,0,0,0,20,,,,
071363,0,0,0,80,,,,
071366,0,0,0,171,,,,
071374,0,0,0,-260,,,,
071378,0,0,0,222,,,,
071394,0,0,0,289,,,,
071395,0,0,0,0,,,,
071396,0,0,0,207,,,,
071398,0,0,0,355,,,,
071419,0,0,0,3,,,,
071424,0,0,0,-20,,,,
071426,0,0,0,-10,,,,
071434,0,0,0,10,,,,
071436,0,0,0,-288,,,,
071437,0,0,0,-10,,,,
071438,0,0,0,25,,,,
071440,0,0,0,110,,,,
071442,0,0,0,-730,,,,
071443,0,0,0,37,,,,
071446,0,0,0,-1,,,,
071447,0,0,0,-160,,,,
071448,0,0,0,-286,,,,
071450,0,0,0,136,,,,
071453,0,0,0,101,,,,
071455,0,0,0,35,,,,
071457,0,0,0,0,,,,
071458,0,0,0,31,,,,
071459,0,0,0,-15,,,,
07145P,0,0,0,-5,,,,
071460,0,0,0,-13,,,,
071461,0,0,0,-588,,,,
071462,0,0,0,-215,,,,
071464,0,0,0,-91,,,,
071466,0,0,0,-106,,,,
071467,0,0,0,-88,,,,
071468,0,0,0,-12,,,,
071470,0,0,0,-10,,,,
071471,0,0,0,-5,,,,
071475,0,0,0,1,,,,
071491,0,0,0,-100,,,,
071496,0,0,0,81,,,,
071497,0,0,0,9,,,,
071498,0,0,0,3,,,,
071506,0,0,0,1,,,,
071518,0,0,0,-414,,,,
071532,0,0,0,-110,,,,
071538,0,0,0,10,,,,
071540,0,0,0,70,,,,
071555,0,0,0,422,,,,
071559,0,0,0,-7,,,,
071560,0,0,0,-1,,,,
071573,0,0,0,51,,,,
071576,0,0,0,-30,,,,
071584,0,0,0,882,,,,
071585,0,0,0,112,,,,
071589,0,0,0,19,,,,
071593,0,0,0,-90,,,,
071605,0,0,0,-2,,,,
071608,0,0,0,10,,,,
071617,0,0,0,-10,,,,
071618,0,0,0,-23,,,,
07161P,0,0,0,122,,,,
071625,0,0,0,-240,,,,
071626,0,0,0,-48,,,,
07162P,0,0,0,-10,,,,
071634,0,0,0,34,,,,
071644,0,0,0,15,,,,
071648,0,0,0,36,,,,
071656,0,0,0,-6,,,,
071661,0,0,0,-10,,,,
071664,0,0,0,-32,,,,
071665,0,0,0,618,,,,
071678,0,0,0,10,,,,
071679,0,0,0,-12,,,,
071683,0,0,0,-20,,,,
071685,0,0,0,-28,,,,
071690,0,0,0,2,,,,
071705,0,0,0,301,,,,
071706,0,0,0,44,,,,
071711,0,0,0,-50,,,,
071715,0,0,0,-21,,,,
071718,0,0,0,81,,,,
071719,0,0,0,15,,,,
071722,0,0,0,0,,,,
071723,0,0,0,-99,,,,
071724,0,0,0,-486,,,,
071726,0,0,0,50,,,,
071727,0,0,0,-20,,,,
071728,0,0,0,-44,,,,
071729,0,0,0,-40,,,,
071730,0,0,0,-80,,,,
071731,0,0,0,-273,,,,
071732,0,0,0,39,,,,
071733,0,0,0,7,,,,
071737,0,0,0,-288,,,,
071738,0,0,0,1627,,,,
071739,0,0,0,-51,,,,
071740,0,0,0,300,,,,
071741,0,0,0,-253,,,,
071745,0,0,0,84,,,,
071746,0,0,0,-5,,,,
071752,0,0,0,-22,,,,
071756,0,0,0,-40,,,,
071763,0,0,0,-130,,,,
071772,0,0,0,251,,,,
071778,0,0,0,-52,,,,
071791,0,0,0,24,,,,
071800,0,0,0,10,,,,
071801,0,0,0,-127,,,,
071805,0,0,0,2,,,,
071806,0,0,0,17,,,,
071811,0,0,0,-15,,,,
071812,0,0,0,-129,,,,
071814,0,0,0,122,,,,
071816,0,0,0,243,,,,
071819,0,0,0,5,,,,
071824,0,0,0,85,,,,
071826,0,0,0,73,,,,
071829,0,0,0,-499,,,,
071830,0,0,0,-29,,,,
071842,0,0,0,20,,,,
071844,0,0,0,-610,,,,
071846,0,0,0,-2,,,,
071850,0,0,0,24,,,,
071852,0,0,0,33,,,,
071858,0,0,0,-242,,,,
07185P,0,0,0,-37,,,,
071863,0,0,0,195,,,,
071871,0,0,0,10,,,,
071872,0,0,0,-5,,,,
071875,0,0,0,0,,,,
071876,0,0,0,283,,,,
071877,0,0,0,85,,,,
071882,0,0,0,280,,,,
071884,0,0,0,-1,,,,
071888,0,0,0,233,,,,
071891,0,0,0,290,,,,
071892,0,0,0,132,,,,
071893,0,0,0,4,,,,
071894,0,0,0,-12,,,,
071895,0,0,0,7,,,,
071896,0,0,0,-153,,,,
071897,0,0,0,-30,,,,
071900,0,0,0,5,,,,
071904,0,0,0,-50,,,,
071905,0,0,0,-20,,,,
071906,0,0,0,-50,,,,
071908,0,0,0,-49,,,,
071909,0,0,0,-351,,,,
071910,0,0,0,-1,,,,
071911,0,0,0,-447,,,,
071912,0,0,0,-509,,,,
071915,0,0,0,356,,,,
071916,0,0,0,-207,,,,
071917,0,0,0,-124,,,,
071918,0,0,0,138,,,,
071921,0,0,0,239,,,,
071923,0,0,0,-225,,,,
071924,0,0,0,544,,,,
071925,0,0,0,118,,,,
071926,0,0,0,-363,,,,
071927,0,0,0,48,,,,
071929,0,0,0,-50,,,,
071930,0,0,0,-30,,,,
071952,0,0,0,-110,,,,
071976,0,0,0,154,,,,
071979,0,0,0,41,,,,
071984,0,0,0,-21,,,,
071985,0,0,0,-11,,,,
071989,0,0,0,-495,,,,
072001,0,0,0,4,,,,
07200P,0,0,0,382,,,,
072012,0,0,0,30,,,,
072014,0,0,0,25,,,,
072016,0,0,0,9,,,,
072017,0,0,0,-60,,,,
072018,0,0,0,7,,,,
07201P,0,0,0,-10,,,,
072045,0,0,0,-51,,,,
072047,0,0,0,171,,,,
072074,0,0,0,47,,,,
072075,0,0,0,49,,,,
07207P,0,0,0,0,,,,
072086,0,0,0,-33,,,,
072095,0,0,0,10,,,,
072107,0,0,0,-297,,,,
072108,0,0,0,-5,,,,
072113,0,0,0,-51,,,,
072115,0,0,0,-1,,,,
072116,0,0,0,-123,,,,
072118,0,0,0,-3,,,,
072119,0,0,0,-68,,,,
072120,0,0,0,-5,,,,
072121,0,0,0,-4,,,,
072122,0,0,0,-136,,,,
072123,0,0,0,54,,,,
072124,0,0,0,5,,,,
072125,0,0,0,-10,,,,
072126,0,0,0,220,,,,
072127,0,0,0,-129,,,,
072128,0,0,0,0,,,,
072131,0,0,0,-8,,,,
072132,0,0,0,10,,,,
072137,0,0,0,140,,,,
072141,0,0,0,252,,,,
072143,0,0,0,372,,,,
072144,0,0,0,433,,,,
072145,0,0,0,194,,,,
072146,0,0,0,-97,,,,
072147,0,0,0,54,,,,
072150,0,0,0,-30,,,,
072151,0,0,0,20,,,,
072152,0,0,0,135,,,,
072163,0,0,0,-713,,,,
072164,0,0,0,2,,,,
072169,0,0,0,28,,,,
072172,0,0,0,100,,,,
072181,0,0,0,-86,,,,
072182,0,0,0,11,,,,
072185,0,0,0,10,,,,
072188,0,0,0,-2,,,,
072196,0,0,0,163,,,,
072201,0,0,0,-6,,,,
072205,0,0,0,-320,,,,
072209,0,0,0,-1,,,,
072213,0,0,0,70,,,,
072216,0,0,0,18,,,,
072217,0,0,0,70,,,,
072227,0,0,0,657,,,,
072245,0,0,0,1003,,,,
072246,0,0,0,43,,,,
072254,0,0,0,-4,,,,
072257,0,0,0,-93,,,,
072262,0,0,0,19,,,,
072281,0,0,0,-450,,,,
072293,0,0,0,230,,,,
072294,0,0,0,-104,,,,
072295,0,0,0,-58,,,,
072300,0,0,0,-77,,,,
072302,0,0,0,147,,,,
072303,0,0,0,-7,,,,
072305,0,0,0,115,,,,
072312,0,0,0,103,,,,
072316,0,0,0,-23,,,,
072320,0,0,0,9,,,,
072327,0,0,0,14,,,,
072332,0,0,0,187,,,,
072335,0,0,0,-6,,,,
072336,0,0,0,1,,,,
072338,0,0,0,18,,,,
072339,0,0,0,-51,,,,
072340,0,0,0,274,,,,
072342,0,0,0,-5,,,,
072343,0,0,0,25,,,,
072349,0,0,0,-25,,,,
072351,0,0,0,-3,,,,
072352,0,0,0,50,,,,
072353,0,0,0,-5,,,,
072354,0,0,0,5,,,,
072357,0,0,0,-48,,,,
072360,0,0,0,-25,,,,
072371,0,0,0,2,,,,
072373,0,0,0,-54,,,,
072390,0,0,0,309,,,,
072404,0,0,0,-3,,,,
072414,0,0,0,10,,,,
072418,0,0,0,-192,,,,
072424,0,0,0,-15,,,,
072425,0,0,0,-1,,,,
072427,0,0,0,-115,,,,
072428,0,0,0,20,,,,
072440,0,0,0,0,,,,
07244P,0,0,0,98,,,,
072450,0,0,0,195,,,,
072460,0,0,0,270,,,,
072461,0,0,0,-527,,,,
072462,0,0,0,284,,,,
072474,0,0,0,70,,,,
072476,0,0,0,326,,,,
072477,0,0,0,68,,,,
072487,0,0,0,4,,,,
072489,0,0,0,44,,,,
072490,0,0,0,-5,,,,
072533,0,0,0,-100,,,,
072534,0,0,0,9,,,,
072539,0,0,0,0,,,,
072543,0,0,0,-1370,,,,
072553,0,0,0,-87,,,,
072554,0,0,0,0,,,,
072558,0,0,0,-400,,,,
072561,0,0,0,-20,,,,
072572,0,0,0,10,,,,
072577,0,0,0,-240,,,,
072598,0,0,0,130,,,,
072613,0,0,0,24,,,,
072614,0,0,0,2,,,,
072617,0,0,0,-13,,,,
072625,0,0,0,2,,,,
072633,0,0,0,-7,,,,
072635,0,0,0,118,,,,
072642,0,0,0,52,,,,
072643,0,0,0,-2,,,,
072649,0,0,0,54,,,,
072655,0,0,0,100,,,,
07265P,0,0,0,200,,,,
072665,0,0,0,16,,,,
072684,0,0,0,30,,,,
072687,0,0,0,50,,,,
072702,0,0,0,2046,,,,
072704,0,0,0,91,,,,
072710,0,0,0,-700,,,,
072715,0,0,0,75,,,,
072716,0,0,0,-64,,,,
072717,0,0,0,134,,,,
072729,0,0,0,57,,,,
072751,0,0,0,-32,,,,
072764,0,0,0,-2010,,,,
072769,0,0,0,10,,,,
072774,0,0,0,-61,,,,
072778,0,0,0,-51,,,,
072782,0,0,0,-9,,,,
072788,0,0,0,150,,,,
072790,0,0,0,-20,,,,
072800,0,0,0,-45,,,,
072802,0,0,0,-92,,,,
072809,0,0,0,108,,,,
072814,0,0,0,-25,,,,
072815,0,0,0,2,,,,
072817,0,0,0,-130,,,,
072821,0,0,0,-141,,,,
072822,0,0,0,194,,,,
072824,0,0,0,-60,,,,
072826,0,0,0,-10,,,,
07282P,0,0,0,-17,,,,
072841,0,0,0,0,,,,
07284P,0,0,0,-60,,,,
072850,0,0,0,287,,,,
072851,0,0,0,-438,,,,
072856,0,0,0,68,,,,
072857,0,0,0,-29,,,,
07285P,0,0,0,-1,,,,
072860,0,0,0,-7,,,,
072861,0,0,0,-10,,,,
072863,0,0,0,-201,,,,
072864,0,0,0,-57,,,,
072865,0,0,0,-66,,,,
072867,0,0,0,10,,,,
072868,0,0,0,-25,,,,
072884,0,0,0,75,,,,
072885,0,0,0,-25,,,,
072886,0,0,0,-62,,,,
072892,0,0,0,-10,,,,
072898,0,0,0,-1,,,,
072899,0,0,0,4,,,,
072905,0,0,0,46,,,,
072907,0,0,0,6,,,,
072910,0,0,0,-930,,,,
072911,0,0,0,90,,,,
072915,0,0,0,65,,,,
07291P,0,0,0,-1,,,,
072934,0,0,0,-194,,,,
072935,0,0,0,-226,,,,
072939,0,0,0,-110,,,,
07293P,0,0,0,443,,,,
072946,0,0,0,-30,,,,
072947,0,0,0,-370,,,,
072955,0,0,0,75,,,,
072963,0,0,0,1,,,,
072964,0,0,0,176,,,,
072965,0,0,0,-29,,,,
072966,0,0,0,-56,,,,
072982,0,0,0,100,,,,
072988,0,0,0,20,,,,
072989,0,0,0,4,,,,
072998,0,0,0,-10,,,,
073003,0,0,0,-825,,,,
073004,0,0,0,-708,,,,
073008,0,0,0,-28,,,,
073009,0,0,0,204,,,,
073013,0,0,0,220,,,,
073015,0,0,0,20,,,,
073017,0,0,0,-1,,,,
073019,0,0,0,10,,,,
07301P,0,0,0,108,,,,
073025,0,0,0,235,,,,
073026,0,0,0,30,,,,
073028,0,0,0,20,,,,
073034,0,0,0,-20,,,,
073035,0,0,0,190,,,,
073038,0,0,0,78,,,,
073040,0,0,0,145,,,,
073046,0,0,0,1,,,,
073051,0,0,0,-85,,,,
073052,0,0,0,-1,,,,
073056,0,0,0,284,,,,
073067,0,0,0,-47,,,,
073068,0,0,0,-18,,,,
073070,0,0,0,200,,,,
073079,0,0,0,18,,,,
073082,0,0,0,-10,,,,
073098,0,0,0,5,,,,
073104,0,0,0,-20,,,,
073105,0,0,0,-94,,,,
073107,0,0,0,50,,,,
073108,0,0,0,-5,,,,
073111,0,0,0,-70,,,,
073112,0,0,0,128,,,,
073113,0,0,0,48,,,,
073118,0,0,0,-20,,,,
073119,0,0,0,-233,,,,
073122,0,0,0,-57,,,,
073123,0,0,0,24,,,,
073128,0,0,0,5,,,,
073133,0,0,0,20,,,,
073135,0,0,0,91,,,,
073137,0,0,0,78,,,,
073138,0,0,0,145,,,,
073150,0,0,0,188,,,,
073160,0,0,0,250,,,,
073165,0,0,0,-21,,,,
073166,0,0,0,-20,,,,
073167,0,0,0,-20,,,,
073171,0,0,0,200,,,,
073173,0,0,0,-70,,,,
073175,0,0,0,1,,,,
073176,0,0,0,-25,,,,
07317P,0,0,0,41,,,,
073180,0,0,0,-8,,,,
073181,0,0,0,23,,,,
073182,0,0,0,11,,,,
073183,0,0,0,73,,,,
073185,0,0,0,20,,,,
073187,0,0,0,90,,,,
073188,0,0,0,-50,,,,
073189,0,0,0,4,,,,
073192,0,0,0,-61,,,,
073193,0,0,0,-70,,,,
073210,0,0,0,1,,,,
073211,0,0,0,-8,,,,
073213,0,0,0,0,,,,
073214,0,0,0,10,,,,
073220,0,0,0,44,,,,
073226,0,0,0,-19,,,,
073227,0,0,0,1,,,,
073228,0,0,0,8,,,,
073230,0,0,0,400,,,,
073234,0,0,0,-1,,,,
073238,0,0,0,14,,,,
073258,0,0,0,-10,,,,
073261,0,0,0,125,,,,
073265,0,0,0,8,,,,
073279,0,0,0,-31,,,,
073285,0,0,0,-46,,,,
073288,0,0,0,-142,,,,
073290,0,0,0,30,,,,
073291,0,0,0,2,,,,
073293,0,0,0,40,,,,
073299,0,0,0,-2,,,,
073310,0,0,0,50,,,,
073324,0,0,0,-8,,,,
073325,0,0,0,7,,,,
073326,0,0,0,-240,,,,
073328,0,0,0,-1155,,,,
073329,0,0,0,50,,,,
073331,0,0,0,4,,,,
073332,0,0,0,-6,,,,
073340,0,0,0,-55,,,,
073355,0,0,0,-43,,,,
073364,0,0,0,248,,,,
073365,0,0,0,102,,,,
073366,0,0,0,103,,,,
073378,0,0,0,248,,,,
073382,0,0,0,1,,,,
073387,0,0,0,-10,,,,
073389,0,0,0,-11,,,,
073396,0,0,0,-8,,,,
073401,0,0,0,75,,,,
073403,0,0,0,248,,,,
073405,0,0,0,264,,,,
073406,0,0,0,250,,,,
073413,0,0,0,36,,,,
073414,0,0,0,1,,,,
073418,0,0,0,-3,,,,
073421,0,0,0,238,,,,
073426,0,0,0,-1,,,,
073429,0,0,0,27,,,,
073438,0,0,0,-251,,,,
073441,0,0,0,-1,,,,
073444,0,0,0,145,,,,
073450,0,0,0,-140,,,,
073451,0,0,0,103,,,,
073454,0,0,0,90,,,,
073455,0,0,0,90,,,,
073457,0,0,0,13,,,,
073458,0,0,0,-244,,,,
073460,0,0,0,-44,,,,
073463,0,0,0,25,,,,
073464,0,0,0,52,,,,
073465,0,0,0,-4,,,,
073479,0,0,0,35,,,,
073480,0,0,0,-10,,,,
073488,0,0,0,397,,,,
073500,0,0,0,1,,,,
073508,0,0,0,710,,,,
073515,0,0,0,-938,,,,
073516,0,0,0,-541,,,,
073524,0,0,0,4,,,,
073525,0,0,0,62,,,,
073526,0,0,0,-75,,,,
073538,0,0,0,-709,,,,
073551,0,0,0,-2,,,,
073563,0,0,0,-106,,,,
073567,0,0,0,-7,,,,
073572,0,0,0,77,,,,
073573,0,0,0,3,,,,
073578,0,0,0,1,,,,
073585,0,0,0,22,,,,
073600,0,0,0,39,,,,
073601,0,0,0,10,,,,
073606,0,0,0,1,,,,
07361P,0,0,0,-297,,,,
073624,0,0,0,-22,,,,
073625,0,0,0,-42,,,,
073627,0,0,0,0,,,,
073630,0,0,0,-32,,,,
073638,0,0,0,0,,,,
07363P,0,0,0,162,,,,
073644,0,0,0,33,,,,
073646,0,0,0,16,,,,
073661,0,0,0,-100,,,,
073665,0,0,0,-100,,,,
073668,0,0,0,50,,,,
073670,0,0,0,50,,,,
073671,0,0,0,19,,,,
073678,0,0,0,300,,,,
073680,0,0,0,120,,,,
073689,0,0,0,37,,,,
073693,0,0,0,1,,,,
073695,0,0,0,6,,,,
073697,0,0,0,-9,,,,
073698,0,0,0,-8,,,,
073704,0,0,0,-10,,,,
073711,0,0,0,1,,,,
073714,0,0,0,-5,,,,
073718,0,0,0,-77,,,,
073725,0,0,0,-35,,,,
073727,0,0,0,-51,,,,
073728,0,0,0,53,,,,
073731,3,0,0,-11,,,,
073732,0,0,0,45,,,,
073733,0,0,0,32,,,,
073734,0,0,0,-50,,,,
073735,0,0,0,403,,,,
073739,0,0,0,176,,,,
073740,0,0,0,-25,,,,
073742,0,0,0,-9,,,,
073748,0,0,0,-601,,,,
073749,0,0,0,-125,,,,
073750,0,0,0,-16,,,,
073751,0,0,0,-565,,,,
073752,0,0,0,212,,,,
073753,0,0,0,-52,,,,
073754,0,0,0,-31,,,,
073756,0,0,0,-45,,,,
073760,0,0,0,-6,,,,
073766,0,0,0,-31,,,,
073772,0,0,0,-80,,,,
073773,0,0,0,-128,,,,
07377P,0,0,0,4,,,,
073786,0,0,0,-55,,,,
073787,0,0,0,-10,,,,
073792,0,0,0,13,,,,
073798,0,0,0,-28,,,,
073800,0,0,0,-250,,,,
073805,0,0,0,110,,,,
073806,0,0,0,-1243,,,,
073817,0,0,0,3,,,,
073820,0,0,0,0,,,,
073825,0,0,0,-100,,,,
073829,0,0,0,2,,,,
07382P,0,0,0,13,,,,
073832,0,0,0,251,,,,
073833,0,0,0,25,,,,
073839,0,0,0,-176,,,,
073842,0,0,0,57,,,,
073845,0,0,0,-2,,,,
07385P,0,0,0,18,,,,
073860,0,0,0,365,,,,
073863,0,0,0,565,,,,
073870,0,0,0,11,,,,
073875,0,0,0,6,,,,
073891,0,0,0,-118,,,,
073899,0,0,0,-293,,,,
073912,0,0,0,-12,,,,
073926,0,0,0,10,,,,
073928,0,0,0,-206,,,,
073929,0,0,0,75,,,,
073951,0,0,0,29,,,,
073958,0,0,0,-325,,,,
073959,0,0,0,-20,,,,
07395P,0,0,0,70,,,,
073963,0,0,0,-8,,,,
07396P,0,0,0,-9,,,,
073974,0,0,0,481,,,,
073986,0,0,0,24,,,,
073988,0,0,0,-68,,,,
073989,0,0,0,7,,,,
073993,0,0,0,159,,,,
073994,0,0,0,-50,,,,
073998,0,0,0,-21,,,,
073999,0,0,0,1105,,,,
074001,0,0,0,-46,,,,
074002,0,0,0,5,,,,
074003,0,0,0,32,,,,
074006,0,0,0,-10,,,,
074007,0,0,0,-45,,,,
07400P,0,0,0,20,,,,
074021,0,0,0,11,,,,
074023,0,0,0,-344,,,,
074024,0,0,0,-3,,,,
074025,0,0,0,-22,,,,
07402P,0,0,0,-712,,,,
074034,0,0,0,5,,,,
074035,0,0,0,-15,,,,
074043,0,0,0,-7,,,,
074050,0,0,0,-11,,,,
074054,0,0,0,1,,,,
074056,0,0,0,-10,,,,
074057,0,0,0,-1,,,,
074059,0,0,0,-14,,,,
074064,0,0,0,120,,,,
074067,0,0,0,19,,,,
074069,0,0,0,0,,,,
074072,0,0,0,-37,,,,
074076,0,0,0,-24,,,,
074077,0,0,0,-59,,,,
07407P,0,0,0,120,,,,
074092,0,0,0,450,,,,
074106,0,0,0,12,,,,
074110,0,0,0,30,,,,
074116,0,0,0,20,,,,
074120,0,0,0,-5,,,,
074123,0,0,0,-30,,,,
074136,0,0,0,750,,,,
074139,0,0,0,220,,,,
074141,0,0,0,25,,,,
074142,0,0,0,1,,,,
074145,0,0,0,-1,,,,
074154,0,0,0,7,,,,
074159,0,0,0,15,,,,
074166,0,0,0,-10,,,,
074167,0,0,0,-40,,,,
074171,0,0,0,-1,,,,
074174,0,0,0,-6,,,,
074181,0,0,0,-69,,,,
074190,0,0,0,2,,,,
074203,0,0,0,230,,,,
074208,0,0,0,-1,,,,
074212,0,0,0,30,,,,
074214,0,0,0,27,,,,
074219,0,0,0,3,,,,
074232,0,0,0,52,,,,
074237,0,0,0,1,,,,
074239,0,0,0,99,,,,
074251,0,0,0,385,,,,
074252,0,0,0,-100,,,,
074253,0,0,0,796,,,,
074254,0,0,0,-156,,,,
074256,0,0,0,2,,,,
074266,0,0,0,40,,,,
074272,0,0,0,151,,,,
074273,0,0,0,-44,,,,
074276,0,0,0,6,,,,
074286,0,0,0,13,,,,
074287,0,0,0,-1,,,,
074288,-3,0,0,3,,,,
074296,0,0,0,2,,,,
074304,0,0,0,0,,,,
074305,0,0,0,-210,,,,
07430P,0,0,0,650,,,,
074318,0,0,0,-30,,,,
07431P,0,0,0,3,,,,
074320,0,0,0,30,,,,
074323,0,0,0,-10,,,,
074329,0,0,0,60,,,,
074331,0,0,0,314,,,,
074332,0,0,0,180,,,,
074348,0,0,0,140,,,,
074350,0,0,0,3,,,,
07435P,0,0,0,4,,,,
074360,0,0,0,-3,,,,
074361,0,0,0,250,,,,
074366,0,0,0,1,,,,
074368,0,0,0,10,,,,
074371,0,0,0,-62,,,,
074376,0,0,0,17,,,,
074377,0,0,0,17,,,,
074380,0,0,0,-11,,,,
074381,0,0,0,3,,,,
074388,0,0,0,2,,,,
07438P,0,0,0,17,,,,
074395,0,0,0,-465,,,,
074411,0,0,0,-1,,,,
074415,0,0,0,10,,,,
074419,0,0,0,118,,,,
074421,0,0,0,0,,,,
074431,0,0,0,-210,,,,
074432,0,0,0,1,,,,
074433,0,0,0,29,,,,
074434,0,0,0,-29,,,,
074436,0,0,0,114,,,,
074440,0,0,0,-10,,,,
074443,0,0,0,40,,,,
074449,0,0,0,9,,,,
07444P,0,0,0,-101,,,,
074468,0,0,0,-2,,,,
074488,0,0,0,-30,,,,
074489,0,0,0,6,,,,
074495,0,0,0,15,,,,
074496,0,0,0,20,,,,
074500,0,0,0,-71,,,,
074510,0,0,0,50,,,,
074514,0,0,0,-83,,,,
074517,0,0,0,29,,,,
074523,0,0,0,-52,,,,
074531,0,0,0,90,,,,
07453P,0,0,0,-22,,,,
074549,0,0,0,53,,,,
07455P,0,0,0,24,,,,
074561,0,0,0,-68,,,,
074562,0,0,0,227,,,,
074563,0,0,0,-15,,,,
074566,0,0,0,-222,,,,
074567,0,0,0,-193,,,,
074575,0,0,0,-21,,,,
074585,0,0,0,-108,,,,
074592,0,0,0,43,,,,
074594,0,0,0,77,,,,
074595,0,0,0,86,,,,
074601,0,0,0,15,,,,
074606,0,0,0,10,,,,
074617,0,0,0,110,,,,
074618,0,0,0,59,,,,
074619,0,0,0,30,,,,
074623,0,0,0,-2,,,,
074627,0,0,0,44,,,,
074628,0,0,0,2,,,,
074640,0,0,0,10,,,,
074642,0,0,0,13,,,,
07464P,0,0,0,-133,,,,
074656,0,0,0,6,,,,
074681,0,0,0,-22,,,,
074691,0,0,0,3,,,,
074711,0,0,0,5,,,,
074718,0,0,0,0,,,,
074720,0,0,0,360,,,,
074722,0,0,0,-30,,,,
074723,0,0,0,0,,,,
074734,0,0,0,-10,,,,
074739,0,0,0,-7,,,,
074746,0,0,0,23,,,,
074747,0,0,0,25,,,,
074748,0,0,0,-54,,,,
074749,0,0,0,-118,,,,
074750,0,0,0,586,,,,
074753,0,0,0,-1,,,,
074754,0,0,0,34,,,,
074758,0,0,0,-1,,,,
074767,0,0,0,-5,,,,
07476P,0,0,0,-49,,,,
074783,0,0,0,318,,,,
074784,0,0,0,96,,,,
074785,0,0,0,-317,,,,
074798,0,0,0,-164,,,,
074799,0,0,0,-67,,,,
074814,0,0,0,-605,,,,
074820,0,0,0,-207,,,,
074822,0,0,0,251,,,,
074823,0,0,0,159,,,,
074826,0,0,0,42,,,,
074829,0,0,0,2,,,,
07482P,0,0,0,-18,,,,
074831,0,0,0,-15,,,,
074840,0,0,0,165,,,,
074842,0,0,0,-68,,,,
074843,0,0,0,0,,,,
074846,0,0,0,75,,,,
074851,0,0,0,92,,,,
074854,0,0,0,0,,,,
074856,0,0,0,-100,,,,
074863,0,0,0,-62,,,,
074867,0,0,0,-50,,,,
074869,0,0,0,-30,,,,
074870,0,0,0,-9,,,,
074871,0,0,0,-40,,,,
074872,0,0,0,60,,,,
074876,0,0,0,2,,,,
074879,0,0,0,-30,,,,
074882,0,0,0,78,,,,
074884,0,0,0,-10,,,,
074894,0,0,0,97,,,,
074897,0,0,0,-34,,,,
074908,0,0,0,21,,,,
074914,0,0,0,62,,,,
074920,0,0,0,4,,,,
074924,0,0,0,-5,,,,
074926,0,0,0,-9,,,,
074933,0,0,0,190,,,,
074940,0,0,0,21,,,,
074946,0,0,0,-102,,,,
074958,0,0,0,-100,,,,
074960,0,0,0,-3,,,,
074967,0,0,0,191,,,,
074971,0,0,0,-7,,,,
074988,0,0,0,1,,,,
074999,0,0,0,-10,,,,
075003,0,0,0,-24,,,,
075004,0,0,0,-248,,,,
075008,0,0,0,499,,,,
075010,0,0,0,52,,,,
075014,0,0,0,-42,,,,
075015,0,0,0,176,,,,
07501P,0,0,0,4,,,,
075030,0,0,0,9,,,,
075033,0,0,0,86,,,,
075043,0,0,0,2,,,,
07504P,0,0,0,-60,,,,
075059,0,0,0,-2,,,,
075069,0,0,0,-200,,,,
075071,0,0,0,-20,,,,
075075,0,0,0,15,,,,
075082,0,0,0,10,,,,
075083,0,0,0,-2,,,,
075088,0,0,0,6,,,,
07508P,0,0,0,-283,,,,
075090,0,0,0,-339,,,,
075092,0,0,0,-200,,,,
075093,0,0,0,90,,,,
075095,0,0,0,190,,,,
075100,0,0,0,188,,,,
075104,0,0,0,-3,,,,
075106,0,0,0,-5,,,,
075108,0,0,0,-85,,,,
075109,0,0,0,0,,,,
075110,0,0,0,10,,,,
075111,0,0,0,19,,,,
075124,0,0,0,-10,,,,
075125,0,0,0,-59,,,,
07512P,0,0,0,-10,,,,
075130,0,0,0,-2,,,,
075136,0,0,0,-26,,,,
075139,0,0,0,0,,,,
07513P,0,0,0,-1,,,,
075141,0,0,0,-40,,,,
075150,0,0,0,1,,,,
075157,0,0,0,37,,,,
075158,0,0,0,10,,,,
075167,0,0,0,39,,,,
075168,0,0,0,-20,,,,
075170,0,0,0,-167,,,,
075174,0,0,0,-240,,,,
075184,0,0,0,355,,,,
075185,0,0,0,10,,,,
075199,0,0,0,38,,,,
07520P,0,0,0,45,,,,
075216,0,0,0,-30,,,,
075217,0,0,0,-125,,,,
075221,0,0,0,54,,,,
075228,0,0,0,20,,,,
075238,0,0,0,110,,,,
075239,0,0,0,181,,,,
075241,0,0,0,-2,,,,
075248,0,0,0,40,,,,
07524P,0,0,0,36,,,,
075254,0,0,0,-1,,,,
075255,0,0,0,-5,,,,
075258,0,0,0,-248,,,,
075268,0,0,0,-397,,,,
075272,0,0,0,-53,,,,
075276,0,0,0,175,,,,
075277,0,0,0,-100,,,,
075280,0,0,0,-27,,,,
075293,0,0,0,150,,,,
075296,0,0,0,98,,,,
075303,0,0,0,5,,,,
075310,0,0,0,46,,,,
075315,0,0,0,-4,,,,
075321,0,0,0,-40,,,,
075323,0,0,0,5,,,,
075328,0,0,0,75,,,,
07532P,0,0,0,2,,,,
075331,0,0,0,-150,,,,
07533P,0,0,0,-35,,,,
075345,0,0,0,1,,,,
075346,0,0,0,-66,,,,
075348,0,0,0,10,,,,
075354,0,0,0,-51,,,,
075356,0,0,0,5,,,,
075360,0,0,0,99,,,,
075367,0,0,0,-11,,,,
075368,0,0,0,203,,,,
075387,0,0,0,-10,,,,
075390,0,0,0,9,,,,
075392,0,0,0,-37,,,,
075395,0,0,0,18,,,,
075412,0,0,0,965,,,,
075417,0,0,0,-1433,,,,
075418,0,0,0,69,,,,
075420,0,0,0,113,,,,
075421,0,0,0,-144,,,,
075422,0,0,0,10,,,,
075425,0,0,0,13,,,,
075432,0,0,0,-58,,,,
075434,0,0,0,107,,,,
075443,0,0,0,17,,,,
075444,0,0,0,-300,,,,
075445,0,0,0,284,,,,
075446,0,0,0,8,,,,
075462,0,0,0,40,,,,
075464,0,0,0,0,,,,
075474,0,0,0,4,,,,
075475,0,0,0,-180,,,,
075476,0,0,0,867,,,,
075478,0,0,0,-3,,,,
075483,0,0,0,76,,,,
075486,0,0,0,-50,,,,
075491,0,0,0,-586,,,,
075496,0,0,0,-54,,,,
075498,0,0,0,9,,,,
075499,0,0,0,1,,,,
075502,0,0,0,8,,,,
075506,0,0,0,-42,,,,
075509,0,0,0,70,,,,
075510,0,0,0,87,,,,
075513,0,0,0,-40,,,,
075528,0,0,0,-5,,,,
075533,0,0,0,10,,,,
075536,0,0,0,11,,,,
075540,0,0,0,40,,,,
075547,0,0,0,0,,,,
075549,0,0,0,-35,,,,
075554,0,0,0,-2,,,,
075557,0,0,0,19,,,,
075558,0,0,0,-32,,,,
07555P,0,0,0,1352,,,,
075561,0,0,0,6,,,,
075568,0,0,0,7,,,,
075574,0,0,0,86,,,,
07558P,0,0,0,5,,,,
075592,0,0,0,-162,,,,
075593,0,0,0,93,,,,
075603,0,0,0,0,,,,
07560P,0,0,0,-3,,,,
075618,0,0,0,50,,,,
075619,0,0,0,1,,,,
075628,0,0,0,5,,,,
075629,0,0,0,50,,,,
075644,0,0,0,1,,,,
075646,0,0,0,-15,,,,
075667,0,0,0,18,,,,
075673,0,0,0,-20,,,,
075685,0,0,0,7,,,,
075687,0,0,0,-19,,,,
075690,0,0,0,-130,,,,
075695,0,0,0,9,,,,
075700,0,0,0,-28,,,,
075701,0,0,0,15,,,,
075711,0,0,0,618,,,,
075714,0,0,0,-13,,,,
075715,0,0,0,18,,,,
075719,0,0,0,-28,,,,
075720,0,0,0,-31,,,,
075721,0,0,0,10,,,,
075724,0,0,0,-391,,,,
075731,0,0,0,2,,,,
075734,0,0,0,-10,,,,
075735,0,0,0,0,,,,
075747,0,0,0,6,,,,
075748,0,0,0,-200,,,,
075750,0,0,0,103,,,,
075759,0,0,0,125,,,,
075760,0,0,0,48,,,,
075773,0,0,0,-8,,,,
075777,0,0,0,100,,,,
075778,0,0,0,399,,,,
07577P,0,0,0,376,,,,
075784,0,0,0,75,,,,
075785,0,0,0,190,,,,
075786,0,0,0,-8,,,,
075787,0,0,0,-30,,,,
075795,0,0,0,-1,,,,
075810,0,0,0,-23,,,,
075811,0,0,0,10,,,,
075819,0,0,0,251,,,,
07581P,0,0,0,-819,,,,
075822,0,0,0,163,,,,
075826,0,0,0,38,,,,
075829,0,0,0,-109,,,,
075830,0,0,0,171,,,,
075834,0,0,0,354,,,,
075839,0,0,0,-4,,,,
075846,0,0,0,147,,,,
075854,0,0,0,1,,,,
075859,0,0,0,-20,,,,
075867,0,0,0,-9,,,,
075869,0,0,0,62,,,,
07586P,0,0,0,94,,,,
075872,0,0,0,-1,,,,
075875,0,0,0,6,,,,
075881,0,0,0,-2,,,,
075883,0,0,0,-194,,,,
075884,0,0,0,45,,,,
075888,0,0,0,199,,,,
075889,0,0,0,-25,,,,
075890,0,0,0,-4,,,,
075891,0,0,0,10,,,,
075895,0,0,0,0,,,,
075896,0,0,0,10,,,,
075900,0,0,0,-5,,,,
075906,0,0,0,-16,,,,
075907,0,0,0,-55,,,,
075909,0,0,0,87,,,,
075910,0,0,0,10,,,,
075914,0,0,0,-68,,,,
075920,0,0,0,122,,,,
075922,0,0,0,-1,,,,
075926,0,0,0,0,,,,
075931,0,0,0,3,,,,
075934,0,0,0,-20,,,,
075935,0,0,0,2,,,,
075939,0,0,0,399,,,,
07593P,0,0,0,-9,,,,
075953,0,0,0,1,,,,
075956,0,0,0,280,,,,
075960,0,0,0,-32,,,,
075961,0,0,0,-39,,,,
075965,0,0,0,5,,,,
075967,0,0,0,35,,,,
075971,0,0,0,7,,,,
075972,0,0,0,-200,,,,
075974,0,0,0,14,,,,
075979,0,0,0,-5,,,,
075984,0,0,0,100,,,,
075985,0,0,0,-187,,,,
075990,0,0,0,-14,,,,
075994,0,0,0,-30,,,,
075999,0,0,0,281,,,,
07599P,0,0,0,40,,,,
076001,0,0,0,7,,,,
076004,0,0,0,159,,,,
076005,0,0,0,227,,,,
076008,0,0,0,-2,,,,
076010,0,0,0,-55,,,,
076019,0,0,0,7,,,,
076022,0,0,0,-9,,,,
076023,0,0,0,15,,,,
076028,0,0,0,6,,,,
076032,0,0,0,-10,,,,
076033,0,0,0,10,,,,
076034,0,0,0,103,,,,
076039,0,0,0,10,,,,
076044,0,0,0,-76,,,,
076045,0,0,0,-1837,,,,
076046,0,0,0,-374,,,,
076048,0,0,0,-24,,,,
076049,0,0,0,381,,,,
07604P,0,0,0,1,,,,
076054,0,0,0,-7,,,,
076055,0,0,0,241,,,,
076058,0,0,0,4,,,,
076059,0,0,0,-16,,,,
07605P,0,0,0,-1,,,,
076061,0,0,0,-10,,,,
076064,0,0,0,-129,,,,
076066,0,0,0,15,,,,
076067,0,0,0,-15,,,,
076068,0,0,0,2,,,,
076069,0,0,0,-102,,,,
076070,0,0,0,-260,,,,
076071,0,0,0,-286,,,,
076072,0,0,0,-108,,,,
076073,0,0,0,-26,,,,
076074,0,0,0,-173,,,,
076077,0,0,0,-4,,,,
076081,0,0,0,-21,,,,
076087,0,0,0,-10,,,,
076090,0,0,0,10,,,,
076091,0,0,0,647,,,,
076094,0,0,0,21,,,,
076097,0,0,0,0,,,,
076102,0,0,0,-67,,,,
076117,0,0,0,-482,,,,
076124,0,0,0,-1,,,,
076128,0,0,0,1,,,,
076130,0,0,0,100,,,,
076131,0,0,0,3,,,,
076134,0,0,0,10,,,,
076138,0,0,0,-2,,,,
076139,0,0,0,-100,,,,
076140,0,0,0,-3,,,,
076142,0,0,0,-117,,,,
076145,0,0,0,-56,,,,
076146,0,0,0,25,,,,
076149,0,0,0,190,,,,
076151,0,0,0,-6,,,,
076158,0,0,0,-1,,,,
076159,0,0,0,-79,,,,
076160,0,0,0,55,,,,
076168,0,0,0,-103,,,,
076169,0,0,0,-20,,,,
076171,0,0,0,59,,,,
076172,0,0,0,64,,,,
076173,0,0,0,35,,,,
076177,0,0,0,-189,,,,
07617P,0,0,0,10,,,,
076181,0,0,0,-181,,,,
076182,0,0,0,-1,,,,
076184,0,0,0,-40,,,,
076189,0,0,0,44,,,,
076193,0,0,0,73,,,,
076195,0,0,0,-53,,,,
076198,0,0,0,1,,,,
076199,0,0,0,-647,,,,
076215,0,0,0,-41,,,,
076218,0,0,0,208,,,,
076219,0,0,0,-11,,,,
076225,0,0,0,1,,,,
076227,0,0,0,140,,,,
076233,0,0,0,-40,,,,
076235,0,0,0,20,,,,
076239,0,0,0,-26,,,,
076241,0,0,0,-72,,,,
076246,0,0,0,10,,,,
076250,0,0,0,-10,,,,
076256,0,0,0,-2,,,,
076259,0,0,0,0,,,,
076264,0,0,0,11,,,,
076265,0,0,0,-10,,,,
076269,0,0,0,-114,,,,
076270,0,0,0,-708,,,,
076278,0,0,0,-36,,,,
076280,0,0,0,-50,,,,
076286,0,0,0,-50,,,,
07628P,0,0,0,-10,,,,
076293,0,0,0,-10,,,,
076295,0,0,0,96,,,,
076296,0,0,0,-7,,,,
076297,0,0,0,60,,,,
076298,0,0,0,-302,,,,
076303,0,0,0,1,,,,
076304,0,0,0,73,,,,
076306,0,0,0,-71,,,,
076307,0,0,0,-5,,,,
076310,0,0,0,-10,,,,
076311,0,0,0,-518,,,,
076312,0,0,0,-185,,,,
076313,0,0,0,-270,,,,
076314,0,0,0,-281,,,,
076315,0,0,0,-73,,,,
076316,0,0,0,-72,,,,
076317,0,0,0,-26,,,,
076320,0,0,0,4,,,,
076326,0,0,0,-25,,,,
07632P,0,0,0,100,,,,
076333,0,0,0,-70,,,,
076339,0,0,0,-46,,,,
076341,0,0,0,-97,,,,
076342,0,0,0,93,,,,
076345,0,0,0,-39,,,,
076346,0,0,0,-363,,,,
07634P,0,0,0,-41,,,,
076351,0,0,0,64,,,,
076355,0,0,0,372,,,,
076356,0,0,0,2,,,,
076357,0,0,0,-510,,,,
07635P,0,0,0,91,,,,
076360,0,0,0,-50,,,,
076364,0,0,0,3,,,,
076371,0,0,0,800,,,,
076372,0,0,0,-30,,,,
076377,0,0,0,140,,,,
076378,0,0,0,50,,,,
076379,0,0,0,10,,,,
076384,0,0,0,-36,,,,
076391,0,0,0,50,,,,
076396,0,0,0,24,,,,
07639P,0,0,0,-2,,,,
076401,0,0,0,10,,,,
076402,0,0,0,-68,,,,
076403,0,0,0,-231,,,,
076404,0,0,0,-10,,,,
076405,0,0,0,-93,,,,
076407,0,0,0,-2,,,,
076410,0,0,0,19,,,,
076414,0,0,0,46,,,,
076415,0,0,0,5,,,,
076420,0,0,0,-1,,,,
076422,0,0,0,-20,,,,
076423,0,0,0,695,,,,
076427,0,0,0,7,,,,
076430,0,0,0,23,,,,
076433,0,0,0,-60,,,,
076435,0,0,0,-204,,,,
076436,0,0,0,-38,,,,
076437,0,0,0,42,,,,
076438,0,0,0,89,,,,
076439,0,0,0,-81,,,,
076441,0,0,0,79,,,,
076443,0,0,0,58,,,,
076444,0,0,0,14,,,,
076447,0,0,0,5,,,,
076451,0,0,0,-1,,,,
076458,0,0,0,-285,,,,
076463,0,0,0,77,,,,
076467,0,0,0,-2,,,,
076472,0,0,0,-168,,,,
076474,0,0,0,-20,,,,
076475,0,0,0,-87,,,,
076478,0,0,0,62,,,,
07647P,0,0,0,150,,,,
076480,0,0,0,-12,,,,
076483,0,0,0,23,,,,
076484,0,0,0,30,,,,
076492,0,0,0,-210,,,,
076494,0,0,0,-1,,,,
076497,0,0,0,5,,,,
076499,0,0,0,-124,,,,
076509,0,0,0,2495,,,,
076521,0,0,0,141,,,,
076524,0,0,0,166,,,,
076532,0,0,0,1051,,,,
076535,0,0,0,212,,,,
076538,0,0,0,50,,,,
076540,0,0,0,-247,,,,
076541,0,0,0,-258,,,,
076542,0,0,0,145,,,,
076548,0,0,0,1,,,,
076549,0,0,0,11,,,,
076551,0,0,0,15,,,,
076552,0,0,0,216,,,,
076557,0,0,0,-130,,,,
076560,0,0,0,6,,,,
076561,0,0,0,18,,,,
076564,0,0,0,-10,,,,
076565,0,0,0,54,,,,
076569,0,0,0,70,,,,
076570,0,0,0,-110,,,,
076571,0,0,0,30,,,,
076573,0,0,0,-13,,,,
076575,0,0,0,13,,,,
076576,0,0,0,15,,,,
076578,0,0,0,107,,,,
076580,0,0,0,26,,,,
076581,0,0,0,-10,,,,
076583,0,0,0,110,,,,
076586,0,0,0,42,,,,
076587,0,0,0,209,,,,
076595,0,0,0,87,,,,
076596,0,0,0,150,,,,
076597,0,0,0,-20,,,,
076603,0,0,0,-68,,,,
076610,0,0,0,-38,,,,
076611,0,0,0,50,,,,
076615,0,0,0,499,,,,
076620,0,0,0,1,,,,
076621,0,0,0,199,,,,
076622,0,0,0,50,,,,
076627,0,0,0,20,,,,
076629,0,0,0,-137,,,,
076630,0,0,0,-2,,,,
076631,0,0,0,-435,,,,
076632,0,0,0,150,,,,
076633,0,0,0,-7,,,,
076635,0,0,0,-284,,,,
076637,0,0,0,5,,,,
076640,0,0,0,-1,,,,
076645,0,0,0,32,,,,
076646,0,0,0,-72,,,,
07664P,0,0,0,20,,,,
076651,0,0,0,30,,,,
076652,0,0,0,-795,,,,
076653,0,0,0,-160,,,,
076655,0,0,0,33,,,,
076658,0,0,0,99,,,,
076659,0,0,0,0,,,,
076661,0,0,0,-325,,,,
076669,0,0,0,0,,,,
076670,0,0,0,63,,,,
076671,0,0,0,-31,,,,
076674,0,0,0,-20,,,,
076677,0,0,0,31,,,,
076678,0,0,0,164,,,,
076682,0,0,0,109,,,,
076683,0,0,0,3,,,,
076688,0,0,0,-1,,,,
076689,0,0,0,7,,,,
076695,0,0,0,-45,,,,
076696,0,0,0,50,,,,
076697,0,0,0,-679,,,,
076698,0,0,0,-3,,,,
076705,0,0,0,10,,,,
076709,0,0,0,-180,,,,
076717,0,0,0,-2,,,,
076721,0,0,0,-21,,,,
076727,0,0,0,-2,,,,
076734,0,0,0,10,,,,
07673P,0,0,0,-16,,,,
076740,0,0,0,-286,,,,
076743,0,0,0,-25,,,,
076745,0,0,0,627,,,,
076746,0,0,0,518,,,,
076747,0,0,0,-9,,,,
076750,0,0,0,-30,,,,
076753,0,0,0,-15,,,,
076756,0,0,0,6,,,,
076762,0,0,0,4,,,,
076765,0,0,0,-89,,,,
076776,0,0,0,59,,,,
076795,0,0,0,-61,,,,
076798,0,0,0,0,,,,
076799,0,0,0,-18,,,,
076800,0,0,0,47,,,,
076802,0,0,0,85,,,,
076804,0,0,0,-800,,,,
076807,0,0,0,1,,,,
076811,0,0,0,60,,,,
076812,0,0,0,8,,,,
076814,0,0,0,4,,,,
076815,0,0,0,196,,,,
076817,0,0,0,986,,,,
076819,0,0,0,0,,,,
076823,0,0,0,200,,,,
076824,0,0,0,-75,,,,
076826,0,0,0,-20,,,,
076828,0,0,0,25,,,,
076829,0,0,0,373,,,,
076836,0,0,0,210,,,,
076837,0,0,0,364,,,,
076839,0,0,0,78,,,,
076841,0,0,0,-174,,,,
076842,0,0,0,-31,,,,
076843,0,0,0,-1,,,,
076844,0,0,0,-55,,,,
076845,0,0,0,16,,,,
076849,0,0,0,-52,,,,
076850,0,0,0,-155,,,,
076851,0,0,0,480,,,,
076852,0,0,0,-55,,,,
076858,0,0,0,-234,,,,
076859,0,0,0,0,,,,
076865,0,0,0,199,,,,
076870,0,0,0,25,,,,
076871,0,0,0,18,,,,
076872,0,0,0,-32,,,,
076873,0,0,0,-55,,,,
076874,0,0,0,35,,,,
076875,0,0,0,0,,,,
076877,0,0,0,-20,,,,
076878,0,0,0,13,,,,
076879,0,0,0,-8,,,,
076880,0,0,0,495,,,,
076883,0,0,0,21,,,,
076888,0,0,0,-377,,,,
076889,0,0,0,-246,,,,
076896,0,0,0,-65,,,,
076898,0,0,0,80,,,,
076900,0,0,0,-22,,,,
076905,0,0,0,-2,,,,
076908,0,0,0,5,,,,
076914,0,0,0,0,,,,
076915,0,0,0,706,,,,
076917,0,0,0,40,,,,
076920,0,0,0,36,,,,
076922,0,0,0,20,,,,
076923,0,0,0,-57,,,,
076931,0,0,0,34,,,,
076933,0,0,0,-120,,,,
076934,0,0,0,-5,,,,
076935,0,0,0,-34,,,,
076937,0,0,0,-6,,,,
076943,0,0,0,9,,,,
076947,0,0,0,-43,,,,
076949,0,0,0,67,,,,
076950,0,0,0,-43,,,,
076952,0,0,0,3,,,,
076955,0,0,0,-57,,,,
076959,0,0,0,120,,,,
076961,0,0,0,-26,,,,
076964,0,0,0,-50,,,,
076966,0,0,0,17,,,,
076970,0,0,0,-11,,,,
076972,0,0,0,15,,,,
076973,0,0,0,30,,,,
076974,0,0,0,-43,,,,
076976,0,0,0,9,,,,
076978,0,0,0,-162,,,,
076980,0,0,0,0,,,,
076982,0,0,0,-17,,,,
076983,0,0,0,-196,,,,
076984,0,0,0,-73,,,,
076986,0,0,0,-82,,,,
076987,0,0,0,-10,,,,
076988,0,0,0,-200,,,,
076989,0,0,0,277,,,,
076992,0,0,0,-474,,,,
076997,0,0,0,8,,,,
077001,0,0,0,-1,,,,
077002,0,0,0,-287,,,,
077003,0,0,0,-341,,,,
077004,0,0,0,-23,,,,
077005,0,0,0,4,,,,
077009,0,0,0,-225,,,,
077011,0,0,0,-35,,,,
077017,0,0,0,-1,,,,
077022,0,0,0,13,,,,
07702P,0,0,0,1,,,,
077030,0,0,0,-87,,,,
077031,0,0,0,33,,,,
077035,0,0,0,23,,,,
077042,0,0,0,-260,,,,
077045,0,0,0,-71,,,,
077046,0,0,0,-230,,,,
077047,0,0,0,-27,,,,
077048,0,0,0,25,,,,
077050,0,0,0,21,,,,
077056,0,0,0,50,,,,
077058,0,0,0,51,,,,
077059,0,0,0,22,,,,
077062,0,0,0,5,,,,
077067,0,0,0,-40,,,,
07706P,0,0,0,139,,,,
077073,0,0,0,18,,,,
077074,0,0,0,103,,,,
077076,0,0,0,3,,,,
077077,0,0,0,-27,,,,
077080,0,0,0,-66,,,,
077082,0,0,0,35,,,,
077084,0,0,0,6,,,,
077085,0,0,0,-250,,,,
077091,0,0,0,-266,,,,
077092,0,0,0,65,,,,
077094,0,0,0,0,,,,
077095,0,0,0,371,,,,
077101,0,0,0,22,,,,
077102,0,0,0,-120,,,,
077103,0,0,0,-75,,,,
077104,0,0,0,-40,,,,
077109,0,0,0,-20,,,,
07710P,0,0,0,-105,,,,
077114,0,0,0,344,,,,
077115,0,0,0,-129,,,,
077119,0,0,0,-577,,,,
077121,0,0,0,100,,,,
077124,0,0,0,1267,,,,
077128,0,0,0,-30,,,,
077130,0,0,0,26,,,,
077131,0,0,0,33,,,,
077133,0,0,0,7,,,,
077134,0,0,0,439,,,,
077148,0,0,0,-35,,,,
077152,0,0,0,-239,,,,
077156,0,0,0,60,,,,
077157,0,0,0,85,,,,
077163,0,0,0,-5,,,,
077164,0,0,0,-44,,,,
077166,0,0,0,-77,,,,
077167,0,0,0,-85,,,,
077168,0,0,0,105,,,,
077171,0,0,0,-57,,,,
077172,0,0,0,-22,,,,
077173,0,0,0,6,,,,
077174,0,0,0,60,,,,
077175,0,0,0,-35,,,,
077177,0,0,0,0,,,,
077186,0,0,0,-441,,,,
077189,0,0,0,24,,,,
077190,0,0,0,20,,,,
077194,0,0,0,-111,,,,
077195,0,0,0,132,,,,
077197,0,0,0,0,,,,
077198,0,0,0,-47,,,,
077199,0,0,0,-100,,,,
077206,0,0,0,232,,,,
077210,0,0,0,-15,,,,
077211,0,0,0,8,,,,
077214,0,0,0,-18,,,,
077215,0,0,0,-2,,,,
077217,0,0,0,-5,,,,
077224,0,0,0,-94,,,,
077230,0,0,0,-46,,,,
077234,0,0,0,17,,,,
077235,0,0,0,-73,,,,
077236,0,0,0,-414,,,,
077239,0,0,0,64,,,,
077246,0,0,0,-84,,,,
077250,0,0,0,-442,,,,
077251,0,0,0,-70,,,,
077265,0,0,0,-20,,,,
077267,0,0,0,422,,,,
077270,0,0,0,-9,,,,
077272,0,0,0,-25,,,,
077276,0,0,0,221,,,,
077278,0,0,0,-1,,,,
077280,0,0,0,-2,,,,
077281,0,0,0,-24,,,,
077283,0,0,0,233,,,,
077286,0,0,0,155,,,,
077288,0,0,0,16,,,,
077294,0,0,0,766,,,,
077296,0,0,0,-162,,,,
077297,0,0,0,78,,,,
077298,0,0,0,475,,,,
077301,0,0,0,10,,,,
077305,-5,0,0,76,,,,
077306,0,0,0,50,,,,
077308,0,0,0,39,,,,
077315,0,0,0,33,,,,
077319,0,0,0,-10,,,,
077324,0,0,0,-79,,,,
077328,0,0,0,5,,,,
077331,0,0,0,58,,,,
077332,0,0,0,20,,,,
077335,0,0,0,-10,,,,
077338,0,0,0,10,,,,
077339,0,0,0,-409,,,,
077340,0,0,0,35,,,,
077342,0,0,0,-166,,,,
077343,0,0,0,5,,,,
077347,0,0,0,-9,,,,
077348,0,0,0,39,,,,
077349,0,0,0,8,,,,
077351,0,0,0,-20,,,,
077353,0,0,0,66,,,,
077357,0,0,0,-10,,,,
077359,0,0,0,-48,,,,
077361,0,0,0,-49,,,,
077362,0,0,0,4,,,,
077365,0,0,0,-1,,,,
077366,0,0,0,0,,,,
07736P,0,0,0,-146,,,,
077370,0,0,0,228,,,,
077371,0,0,0,-83,,,,
077373,0,0,0,9,,,,
077375,0,0,0,-240,,,,
077377,0,0,0,-30,,,,
077378,0,0,0,10,,,,
077381,0,0,0,-186,,,,
077387,0,0,0,28,,,,
077391,0,0,0,33,,,,
077393,0,0,0,-54,,,,
077397,0,0,0,-2,,,,
077401,0,0,0,-17,,,,
077411,0,0,0,4,,,,
077412,0,0,0,-71,,,,
077414,0,0,0,3,,,,
07741P,0,0,0,-25,,,,
077420,0,0,0,-30,,,,
077421,0,0,0,-18,,,,
077422,0,0,0,92,,,,
077424,0,0,0,19,,,,
077425,0,0,0,-29,,,,
077427,0,0,0,12,,,,
077429,0,0,0,36,,,,
077432,0,0,0,-13,,,,
077434,0,0,0,27,,,,
077435,0,0,0,1,,,,
077441,0,0,0,-100,,,,
077451,0,0,0,50,,,,
077452,0,0,0,-74,,,,
077458,0,0,0,0,,,,
077463,0,0,0,22,,,,
077465,0,0,0,0,,,,
077468,0,0,0,250,,,,
077469,0,0,0,10,,,,
077470,0,0,0,-10,,,,
077472,0,0,0,-34,,,,
077475,0,0,0,10,,,,
077476,0,0,0,104,,,,
077481,0,0,0,75,,,,
077483,0,0,0,-5,,,,
077488,0,0,0,-5,,,,
077494,0,0,0,1495,,,,
077495,0,0,0,-39,,,,
077502,0,0,0,-24,,,,
077508,0,0,0,100,,,,
077514,0,0,0,-33,,,,
077515,0,0,0,7,,,,
077516,0,0,0,923,,,,
077518,0,0,0,-1,,,,
077519,0,0,0,-302,,,,
077520,0,0,0,5,,,,
077521,0,0,0,-8,,,,
077522,0,0,0,2,,,,
077526,0,0,0,30,,,,
077527,0,0,0,-217,,,,
077528,0,0,0,18,,,,
077529,0,0,0,-10,,,,
077530,0,0,0,-2,,,,
077532,0,0,0,10,,,,
077533,0,0,0,-321,,,,
077534,0,0,0,26,,,,
077536,0,0,0,-208,,,,
077537,0,0,0,-2,,,,
077538,0,0,0,10,,,,
077542,0,0,0,359,,,,
077545,0,0,0,-100,,,,
077549,0,0,0,22,,,,
077550,0,0,0,-55,,,,
077567,0,0,0,195,,,,
077568,0,0,0,-4,,,,
077569,0,0,0,-137,,,,
077581,0,0,0,40,,,,
077585,0,0,0,227,,,,
077592,0,0,0,99,,,,
077593,0,0,0,248,,,,
077596,0,0,0,-1,,,,
077601,0,0,0,55,,,,
077602,0,0,0,-48,,,,
077603,0,0,0,143,,,,
077604,0,0,0,5,,,,
077607,0,0,0,94,,,,
077613,0,0,0,39,,,,
077614,0,0,0,1,,,,
077617,0,0,0,-70,,,,
077620,0,0,0,69,,,,
077624,0,0,0,173,,,,
077625,0,0,0,-30,,,,
077630,0,0,0,-10,,,,
077634,0,0,0,-23,,,,
077636,0,0,0,25,,,,
077638,0,0,0,8,,,,
07763P,0,0,0,-110,,,,
077640,0,0,0,-21,,,,
077641,0,0,0,5,,,,
077642,0,0,0,-30,,,,
077644,0,0,0,-40,,,,
077647,0,0,0,-50,,,,
077649,0,0,0,10,,,,
077654,0,0,0,84,,,,
077658,0,0,0,-199,,,,
077659,0,0,0,-20,,,,
077661,0,0,0,-64,,,,
077662,0,0,0,-87,,,,
077668,0,0,0,28,,,,
077669,0,0,0,-10,,,,
077673,0,0,0,0,,,,
077676,0,0,0,17,,,,
077677,0,0,0,-14,,,,
077678,0,0,0,-6,,,,
077680,0,0,0,2,,,,
077685,0,0,0,5,,,,
077686,0,0,0,-21,,,,
077687,0,0,0,-10,,,,
077690,0,0,0,-13,,,,
077691,0,0,0,57,,,,
077693,0,0,0,81,,,,
077697,0,0,0,-81,,,,
077698,0,0,0,-120,,,,
077699,0,0,0,-4,,,,
07769P,0,0,0,304,,,,
077700,0,0,0,-5,,,,
077703,0,0,0,93,,,,
077704,0,0,0,-62,,,,
077705,0,0,0,-48,,,,
077707,0,0,0,-122,,,,
077708,0,0,0,-87,,,,
077710,0,0,0,-22,,,,
077711,0,0,0,13,,,,
077714,0,0,0,-99,,,,
077717,0,0,0,62,,,,
077724,0,0,0,7,,,,
077726,0,0,0,1,,,,
077729,0,0,0,-25,,,,
077732,0,0,0,-102,,,,
077733,0,0,0,-7,,,,
077735,0,0,0,-1,,,,
077737,0,0,0,10,,,,
077738,0,0,0,10,,,,
077741,0,0,0,-38,,,,
077743,0,0,0,90,,,,
077747,0,0,0,-11,,,,
077748,0,0,0,38,,,,
077757,0,0,0,7,,,,
077758,0,0,0,20,,,,
077760,0,0,0,275,,,,
077767,0,0,0,5,,,,
077772,0,0,0,-8,,,,
077774,0,0,0,-115,,,,
077775,0,0,0,126,,,,
077776,0,0,0,25,,,,
077785,0,0,0,-168,,,,
07778P,0,0,0,1,,,,
077790,0,0,0,3,,,,
077791,0,0,0,10,,,,
077813,0,0,0,-100,,,,
077818,0,0,0,393,,,,
077819,0,0,0,-5,,,,
077827,0,0,0,126,,,,
077828,0,0,0,2,,,,
077833,0,0,0,-3,,,,
077834,0,0,0,-33,,,,
077837,0,0,0,61,,,,
077839,0,0,0,-27,,,,
077846,0,0,0,3,,,,
077847,0,0,0,4,,,,
077848,0,0,0,74,,,,
077849,0,0,0,146,,,,
077851,0,0,0,55,,,,
077852,0,0,0,-1,,,,
077854,0,0,0,78,,,,
077855,0,0,0,-145,,,,
077856,0,0,0,3,,,,
077859,0,0,0,-39,,,,
077860,0,0,0,2,,,,
077861,0,0,0,0,,,,
077863,0,0,0,-54,,,,
077867,0,0,0,5,,,,
077868,0,0,0,-20,,,,
07786P,0,0,0,-5,,,,
077870,0,0,0,1,,,,
077871,0,0,0,65,,,,
077872,0,0,0,-2,,,,
077873,0,0,0,159,,,,
077878,0,0,0,-15,,,,
077879,0,0,0,126,,,,
077880,0,0,0,49,,,,
077881,0,0,0,-102,,,,
077882,0,0,0,-10,,,,
077884,0,0,0,171,,,,
077885,0,0,0,-422,,,,
077889,0,0,0,2,,,,
077892,0,0,0,-15,,,,
077894,0,0,0,21,,,,
077895,0,0,0,15,,,,
077896,0,0,0,-16,,,,
077898,0,0,0,-222,,,,
077899,0,0,0,-12,,,,
077903,0,0,0,-6,,,,
077907,0,0,0,142,,,,
077915,0,0,0,248,,,,
077916,0,0,0,248,,,,
077917,0,0,0,163,,,,
077918,0,0,0,2,,,,
077920,0,0,0,9,,,,
077921,0,0,0,146,,,,
077924,0,0,0,-2,,,,
077925,0,0,0,45,,,,
077930,0,0,0,-12,,,,
077935,0,0,0,1,,,,
077939,0,0,0,-55,,,,
077943,0,0,0,26,,,,
077947,0,0,0,-3,,,,
077951,0,0,0,75,,,,
077952,0,0,0,-79,,,,
077959,0,0,0,691,,,,
07795P,0,0,0,1,,,,
077964,0,0,0,38,,,,
077965,0,0,0,-296,,,,
077966,0,0,0,-1,,,,
077967,0,0,0,-1996,,,,
077969,0,0,0,329,,,,
077970,0,0,0,-6,,,,
077971,0,0,0,-115,,,,
077975,0,0,0,300,,,,
077978,0,0,0,190,,,,
077982,0,0,0,-46,,,,
077986,0,0,0,35,,,,
077987,0,0,0,21,,,,
077991,0,0,0,-22,,,,
077993,0,0,0,1,,,,
077996,0,0,0,-10,,,,
077997,0,0,0,-20,,,,
077998,0,0,0,299,,,,
078000,0,0,0,-10,,,,
078003,0,0,0,-68,,,,
078007,0,0,0,50,,,,
078012,0,0,0,-220,,,,
078013,0,0,0,-41,,,,
078014,0,0,0,12,,,,
078017,0,0,0,-70,,,,
078020,0,0,0,10,,,,
078030,0,0,0,100,,,,
078032,0,0,0,-7,,,,
078034,0,0,0,127,,,,
078035,0,0,0,10,,,,
078036,0,0,0,62,,,,
078038,0,0,0,-9,,,,
078039,0,0,0,32,,,,
07803P,0,0,0,-25,,,,
078040,0,0,0,-8,,,,
078041,0,0,0,-15,,,,
078043,0,0,0,-1,,,,
078044,0,0,0,-12,,,,
078048,0,0,0,-95,,,,
078049,0,0,0,-157,,,,
078050,0,0,0,26,,,,
078051,0,0,0,19,,,,
078057,0,0,0,25,,,,
078067,0,0,0,19,,,,
07806P,0,0,0,-5,,,,
078075,0,0,0,2,,,,
078080,0,0,0,-1,,,,
078084,0,0,0,199,,,,
078088,0,0,0,56,,,,
078091,0,0,0,-10,,,,
078092,0,0,0,-124,,,,
078093,0,0,0,-400,,,,
07810P,0,0,0,5,,,,
078114,0,0,0,40,,,,
078115,0,0,0,-4,,,,
07811P,0,0,0,-5,,,,
07812P,0,0,0,-10,,,,
078144,0,0,0,-3,,,,
078146,0,0,0,-5,,,,
078150,0,0,0,-30,,,,
078153,0,0,0,-5,,,,
07815P,0,0,0,-1,,,,
078161,0,0,0,-5,,,,
078175,0,0,0,-45,,,,
078189,0,0,0,15,,,,
078199,0,0,0,-544,,,,
078200,0,0,0,-133,,,,
078202,0,0,0,-123,,,,
078220,0,0,0,100,,,,
07822P,0,0,0,-2,,,,
078232,0,0,0,-3,,,,
078237,0,0,0,-30,,,,
078240,0,0,0,96,,,,
078241,0,0,0,-20,,,,
078244,0,0,0,-58,,,,
07824P,0,0,0,495,,,,
078261,0,0,0,-25,,,,
078263,0,0,0,15,,,,
078268,0,0,0,-5,,,,
078269,0,0,0,-5,,,,
078274,0,0,0,-28,,,,
078282,0,0,0,10,,,,
078284,0,0,0,-37,,,,
078291,0,0,0,-62,,,,
078296,0,0,0,2,,,,
078297,0,0,0,-11,,,,
078303,0,0,0,-10,,,,
078304,0,0,0,-20,,,,
078311,0,0,0,-2,,,,
078319,0,0,0,-55,,,,
07832P,0,0,0,5,,,,
078337,0,0,0,-120,,,,
078343,0,0,0,5,,,,
078346,0,0,0,-10,,,,
078348,0,0,0,12,,,,
078354,0,0,0,-2,,,,
078355,0,0,0,6,,,,
078360,0,0,0,235,,,,
078365,0,0,0,2,,,,
078366,0,0,0,3,,,,
078367,0,0,0,-1,,,,
078370,0,0,0,-73,,,,
078374,0,0,0,-7,,,,
078375,0,0,0,0,,,,
078376,0,0,0,-5,,,,
078389,0,0,0,10,,,,
07839P,0,0,0,3,,,,
078405,0,0,0,23,,,,
078411,0,0,0,-20,,,,
078429,0,0,0,-714,,,,
078431,0,0,0,5,,,,
078434,0,0,0,20,,,,
078436,0,0,0,12,,,,
07844P,0,0,0,10,,,,
078450,0,0,0,-10,,,,
078453,0,0,0,5,,,,
078462,0,0,0,0,,,,
078463,0,0,0,-8,,,,
078472,0,0,0,-18,,,,
078479,0,0,0,18,,,,
078480,0,0,0,44,,,,
078483,0,0,0,-15,,,,
078484,0,0,0,-34,,,,
078493,0,0,0,-9,,,,
078495,0,0,0,138,,,,
078505,0,0,0,33,,,,
078507,0,0,0,-2,,,,
078509,0,0,0,15,,,,
07850P,0,0,0,-10,,,,
07851P,0,0,0,-10,,,,
078523,0,0,0,-9,,,,
078526,0,0,0,-9,,,,
078531,0,0,0,-559,,,,
078536,0,0,0,-5,,,,
078539,0,0,0,-24,,,,
078540,0,0,0,-20,,,,
078542,0,0,0,8,,,,
078545,0,0,0,-1,,,,
078549,0,0,0,-134,,,,
078550,0,0,0,15,,,,
078556,0,0,0,-27,,,,
078557,0,0,0,27,,,,
078565,0,0,0,-20,,,,
078567,0,0,0,5,,,,
078568,0,0,0,-77,,,,
07856P,0,0,0,-84,,,,
078573,0,0,0,-29,,,,
078575,0,0,0,0,,,,
078576,0,0,0,10,,,,
078583,0,0,0,148,,,,
078584,0,0,0,-348,,,,
078585,0,0,0,125,,,,
078596,0,0,0,33,,,,
078599,0,0,0,-59,,,,
078609,0,0,0,20,,,,
078611,0,0,0,10,,,,
078612,0,0,0,1,,,,
078615,0,0,0,11,,,,
078617,0,0,0,19,,,,
078618,0,0,0,10,,,,
078619,0,0,0,10,,,,
078620,0,0,0,2,,,,
078624,0,0,0,-139,,,,
078629,0,0,0,10,,,,
078630,0,0,0,405,,,,
078635,0,0,0,30,,,,
078636,0,0,0,-85,,,,
078638,0,0,0,-5,,,,
078643,0,0,0,-28,,,,
078648,0,0,0,-9,,,,
078649,0,0,0,-166,,,,
078650,0,0,0,-133,,,,
078651,0,0,0,-10,,,,
078652,0,0,0,-77,,,,
078654,0,0,0,200,,,,
078656,0,0,0,97,,,,
078660,0,0,0,59,,,,
078676,0,0,0,43,,,,
078677,0,0,0,1,,,,
078678,0,0,0,0,,,,
078679,0,0,0,310,,,,
078683,0,0,0,0,,,,
078686,0,0,0,397,,,,
078687,0,0,0,-98,,,,
078688,0,0,0,-170,,,,
078697,0,0,0,-100,,,,
078699,0,0,0,31,,,,
078701,0,0,0,-100,,,,
078704,0,0,0,-11,,,,
078707,0,0,0,-39,,,,
078708,0,0,0,-1,,,,
078713,0,0,0,-47,,,,
078716,0,0,0,126,,,,
07871P,0,0,0,10,,,,
078724,0,0,0,39,,,,
078729,0,0,0,-202,,,,
078740,0,0,0,-100,,,,
078741,0,0,0,42,,,,
078744,0,0,0,-10,,,,
078746,0,0,0,-5,,,,
078747,0,0,0,114,,,,
078749,0,0,0,-80,,,,
078750,0,0,0,200,,,,
078752,0,0,0,-58,,,,
078757,0,0,0,-3,,,,
078758,0,0,0,15,,,,
078759,0,0,0,-143,,,,
078760,0,0,0,-121,,,,
078769,0,0,0,-14,,,,
07876P,0,0,0,7,,,,
078773,0,0,0,-1,,,,
078777,0,0,0,-10,,,,
078778,0,0,0,20,,,,
07877P,0,0,0,4,,,,
07878P,0,0,0,0,,,,
078790,0,0,0,113,,,,
078791,0,0,0,10,,,,
078794,0,0,0,-20,,,,
07879P,0,0,0,100,,,,
078808,0,0,0,25,,,,
078809,0,0,0,5,,,,
078825,0,0,0,10,,,,
078826,0,0,0,8,,,,
078827,0,0,0,78,,,,
078828,0,0,0,-68,,,,
078829,0,0,0,-1,,,,
078831,0,0,0,-3,,,,
078835,0,0,0,58,,,,
078836,0,0,0,-42,,,,
078838,0,0,0,-4,,,,
078839,0,0,0,-60,,,,
078843,0,0,0,-265,,,,
078846,0,0,0,-4,,,,
078853,0,0,0,-2,,,,
078854,0,0,0,50,,,,
078856,0,0,0,-20,,,,
078858,0,0,0,-1589,,,,
078861,0,0,0,-37,,,,
078865,0,0,0,10,,,,
078869,0,0,0,207,,,,
07886P,0,0,0,-421,,,,
078870,0,0,0,382,,,,
078873,0,0,0,49,,,,
078877,0,0,0,2,,,,
078878,0,0,0,-45,,,,
078879,0,0,0,1023,,,,
078880,0,0,0,-21,,,,
078881,0,0,0,-4,,,,
078883,0,0,0,-1002,,,,
078889,0,0,0,48,,,,
078891,0,0,0,0,,,,
078894,0,0,0,-23,,,,
078895,0,0,0,22,,,,
078896,0,0,0,75,,,,
078898,0,0,0,1,,,,
078902,0,0,0,100,,,,
078903,0,0,0,1,,,,
078909,0,0,0,90,,,,
078910,0,0,0,-350,,,,
078911,0,0,0,17,,,,
078914,0,0,0,46,,,,
078919,0,0,0,-40,,,,
078925,0,0,0,-115,,,,
078933,0,0,0,-115,,,,
078934,0,0,0,4,,,,
078937,0,0,0,28,,,,
078943,0,0,0,-102,,,,
078945,0,0,0,10,,,,
078946,0,0,0,-29,,,,
078948,0,0,0,-131,,,,
078949,0,0,0,21,,,,
078955,0,0,0,-43,,,,
078957,0,0,0,30,,,,
078958,0,0,0,-1,,,,
078959,0,0,0,-144,,,,
078960,0,0,0,3,,,,
078964,0,0,0,610,,,,
078965,0,0,0,-12,,,,
078967,0,0,0,-146,,,,
078969,0,0,0,-20,,,,
078971,0,0,0,29,,,,
078972,0,0,0,8,,,,
078973,0,0,0,4,,,,
078975,0,0,0,-46,,,,
078980,0,0,0,50,,,,
078982,0,0,0,7,,,,
078986,0,0,0,-10,,,,
07898P,0,0,0,-30,,,,
078995,0,0,0,6,,,,
079000,0,0,0,205,,,,
079003,0,0,0,195,,,,
079006,0,0,0,283,,,,
079008,0,0,0,-2,,,,
079010,0,0,0,-2,,,,
079016,0,0,0,-125,,,,
07901P,0,0,0,29,,,,
079023,0,0,0,19,,,,
079027,0,0,0,20,,,,
079032,0,0,0,-24,,,,
079039,0,0,0,-105,,,,
07903P,0,0,0,-143,,,,
079040,0,0,0,15,,,,
079042,0,0,0,-105,,,,
079044,0,0,0,18,,,,
079046,0,0,0,-15,,,,
079050,0,0,0,-206,,,,
079063,0,0,0,-506,,,,
079073,0,0,0,-272,,,,
079076,0,0,0,119,,,,
079077,0,0,0,-161,,,,
079078,0,0,0,-103,,,,
079092,0,0,0,-5,,,,
079095,0,0,0,2,,,,
079106,0,0,0,-76,,,,
079109,0,0,0,-10,,,,
079115,0,0,0,-4,,,,
079118,0,0,0,39,,,,
079121,0,0,0,-20,,,,
079122,0,0,0,21,,,,
079126,0,0,0,10,,,,
079127,0,0,0,6,,,,
079131,0,0,0,3,,,,
079132,0,0,0,9,,,,
079137,0,0,0,-10,,,,
079140,0,0,0,-31,,,,
079143,0,0,0,-110,,,,
079144,0,0,0,-10,,,,
079148,0,0,0,0,,,,
07914P,0,0,0,193,,,,
079153,0,0,0,5,,,,
079163,0,0,0,50,,,,
079165,0,0,0,-10,,,,
07916P,0,0,0,-5,,,,
079172,0,0,0,-12,,,,
079174,0,0,0,-240,,,,
079181,0,0,0,101,,,,
079182,0,0,0,0,,,,
079184,0,0,0,18,,,,
079187,0,0,0,21,,,,
079198,0,0,0,72,,,,
079200,0,0,0,-14,,,,
079201,0,0,0,3,,,,
079204,0,0,0,-121,,,,
079209,0,0,0,-5,,,,
079211,0,0,0,-85,,,,
079215,0,0,0,20,,,,
079217,0,0,0,-10,,,,
079224,0,0,0,-7,,,,
079229,0,0,0,-88,,,,
079231,0,0,0,14,,,,
079233,0,0,0,-189,,,,
079238,0,0,0,-1,,,,
079241,0,0,0,-20,,,,
079248,0,0,0,-55,,,,
079252,0,0,0,22,,,,
079254,0,0,0,-283,,,,
079255,0,0,0,-82,,,,
079256,0,0,0,-50,,,,
079260,0,0,0,-10,,,,
079267,0,0,0,-400,,,,
07926P,0,0,0,-30,,,,
079274,0,0,0,-220,,,,
079275,0,0,0,227,,,,
079283,0,0,0,-61,,,,
079285,0,0,0,2,,,,
079294,0,0,0,-1,,,,
079295,0,0,0,72,,,,
07929P,0,0,0,160,,,,
079303,0,0,0,20,,,,
079305,0,0,0,3,,,,
079313,0,0,0,-15,,,,
079316,0,0,0,2,,,,
079320,0,0,0,30,,,,
079322,0,0,0,-6,,,,
079326,0,0,0,240,,,,
079329,0,0,0,-122,,,,
079331,0,0,0,142,,,,
079339,0,0,0,0,,,,
079345,0,0,0,4,,,,
079346,0,0,0,-62,,,,
079351,0,0,0,5,,,,
079352,0,0,0,10,,,,
079354,0,0,0,110,,,,
079364,0,0,0,20,,,,
079368,0,0,0,-108,,,,
079369,0,0,0,200,,,,
079370,0,0,0,0,,,,
079371,0,0,0,-23,,,,
079373,0,0,0,10,,,,
079379,0,0,0,-5,,,,
079383,0,0,0,-1889,,,,
079384,0,0,0,89,,,,
079386,0,0,0,-465,,,,
079387,0,0,0,86,,,,
079388,0,0,0,17,,,,
079390,0,0,0,-30,,,,
079403,0,0,0,31,,,,
079407,0,0,0,-96,,,,
079409,0,0,0,-20,,,,
079411,0,0,0,-62,,,,
079412,0,0,0,-20,,,,
079413,0,0,0,-62,,,,
079418,0,0,0,41,,,,
079426,0,0,0,1,,,,
079427,0,0,0,71,,,,
079442,0,0,0,22,,,,
079443,0,0,0,-409,,,,
079446,0,0,0,-6,,,,
079447,0,0,0,-398,,,,
079457,0,0,0,-10,,,,
079458,0,0,0,35,,,,
079461,0,0,0,100,,,,
079476,0,0,0,-44,,,,
079478,0,0,0,14,,,,
079482,0,0,0,-1,,,,
079484,0,0,0,1,,,,
079486,0,0,0,0,,,,
079490,0,0,0,-27,,,,
079496,0,0,0,5,,,,
079499,0,0,0,24,,,,
079502,0,0,0,-24,,,,
079505,0,0,0,-2,,,,
079507,0,0,0,-10,,,,
079508,0,0,0,70,,,,
079509,0,0,0,-4,,,,
079511,0,0,0,-1,,,,
079512,0,0,0,8,,,,
079514,0,0,0,88,,,,
079517,0,0,0,-150,,,,
079521,0,0,0,8,,,,
079522,0,0,0,10,,,,
079523,0,0,0,10,,,,
079526,0,0,0,1,,,,
07952P,0,0,0,41,,,,
079535,0,0,0,27,,,,
079536,0,0,0,-172,,,,
07953P,0,0,0,-27,,,,
079542,0,0,0,29,,,,
079544,0,0,0,115,,,,
079545,0,0,0,13,,,,
07954P,0,0,0,50,,,,
079554,0,0,0,357,,,,
079555,0,0,0,-10,,,,
079558,0,0,0,-235,,,,
079560,0,0,0,18,,,,
079568,0,0,0,-10,,,,
079578,0,0,0,-3,,,,
079579,0,0,0,369,,,,
079581,0,0,0,59,,,,
079587,0,0,0,-137,,,,
079591,0,0,0,-10,,,,
079592,0,0,0,0,,,,
079594,0,0,0,10,,,,
079598,0,0,0,-62,,,,
079599,0,0,0,-304,,,,
079603,0,0,0,-101,,,,
079604,0,0,0,17,,,,
079606,0,0,0,118,,,,
079608,0,0,0,6,,,,
079613,0,0,0,32,,,,
079615,0,0,0,-33,,,,
079616,0,0,0,-16,,,,
079617,0,0,0,3,,,,
079618,0,0,0,-240,,,,
079619,0,0,0,7,,,,
07961P,0,0,0,-4,,,,
079625,0,0,0,-52,,,,
079629,0,0,0,-132,,,,
079630,0,0,0,66,,,,
079631,0,0,0,-51,,,,
079633,0,0,0,130,,,,
079636,0,0,0,-13,,,,
079637,0,0,0,10,,,,
079638,0,0,0,-10,,,,
079640,0,0,0,-11,,,,
079642,0,0,0,58,,,,
079646,0,0,0,61,,,,
079653,0,0,0,0,,,,
079655,0,0,0,72,,,,
079666,0,0,0,60,,,,
07966P,0,0,0,-137,,,,
079670,0,0,0,4,,,,
079671,0,0,0,0,,,,
079672,0,0,0,5,,,,
079678,0,0,0,0,,,,
079680,0,0,0,24,,,,
079683,0,0,0,20,,,,
079687,0,0,0,-34,,,,
07968P,0,0,0,-398,,,,
079696,0,0,0,-297,,,,
079698,0,0,0,-10,,,,
079699,0,0,0,2,,,,
079707,0,0,0,-49,,,,
07970P,0,0,0,0,,,,
079710,0,0,0,-10,,,,
079711,0,0,0,-20,,,,
079713,0,0,0,67,,,,
079714,0,0,0,0,,,,
079715,0,0,0,-10,,,,
079719,0,0,0,-24,,,,
079723,0,0,0,-100,,,,
079728,0,0,0,93,,,,
079729,0,0,0,50,,,,
079734,0,0,0,1,,,,
079736,0,0,0,-5,,,,
079738,0,0,0,2,,,,
079739,0,0,0,0,,,,
079741,0,0,0,1,,,,
079742,0,0,0,-4,,,,
079743,0,0,0,-186,,,,
079744,0,0,0,-38,,,,
079745,0,0,0,-802,,,,
079746,0,0,0,5,,,,
079747,0,0,0,-32,,,,
079748,0,0,0,20,,,,
079751,0,0,0,-68,,,,
079752,0,0,0,-22,,,,
079753,0,0,0,23,,,,
079755,0,0,0,-34,,,,
079756,0,0,0,35,,,,
079765,0,0,0,-6,,,,
079769,0,0,0,2,,,,
07976P,0,0,0,-20,,,,
079774,0,0,0,-46,,,,
079775,0,0,0,-88,,,,
079776,0,0,0,-24,,,,
079786,0,0,0,59,,,,
079789,0,0,0,-41,,,,
07978P,0,0,0,-8,,,,
079790,0,0,0,-76,,,,
079793,0,0,0,649,,,,
079794,0,0,0,8,,,,
079797,0,0,0,-214,,,,
079799,0,0,0,25,,,,
079802,0,0,0,-23,,,,
079804,0,0,0,27,,,,
079805,0,0,0,-19,,,,
079807,0,0,0,-48,,,,
079820,0,0,0,27,,,,
079824,0,0,0,24,,,,
079827,0,0,0,-502,,,,
079829,0,0,0,20,,,,
079830,0,0,0,10,,,,
079831,0,0,0,5,,,,
079832,0,0,0,97,,,,
079834,0,0,0,49,,,,
079836,0,0,0,-31,,,,
079837,0,0,0,16,,,,
079838,0,0,0,34,,,,
079843,0,0,0,0,,,,
079846,0,0,0,-43,,,,
079847,0,0,0,-1,,,,
079848,0,0,0,-45,,,,
079855,0,0,0,-250,,,,
079858,0,0,0,0,,,,
079859,0,0,0,9,,,,
079860,0,0,0,-3,,,,
079861,0,0,0,68,,,,
079874,0,0,0,-73,,,,
079875,0,0,0,-2,,,,
079876,0,0,0,-477,,,,
079877,0,0,0,-43,,,,
079878,0,0,0,45,,,,
079885,0,0,0,150,,,,
079887,0,0,0,16,,,,
079888,0,0,0,52,,,,
079889,0,0,0,-138,,,,
079890,0,0,0,-7,,,,
079895,0,0,0,-43,,,,
079896,0,0,0,200,,,,
079898,0,0,0,-49,,,,
079899,0,0,0,107,,,,
079902,0,0,0,-5,,,,
079903,0,0,0,222,,,,
079904,0,0,0,-57,,,,
079905,0,0,0,-51,,,,
079906,0,0,0,-48,,,,
079907,0,0,0,5,,,,
079910,0,0,0,156,,,,
079911,0,0,0,-26,,,,
079912,0,0,0,186,,,,
079913,0,0,0,-106,,,,
079916,0,0,0,46,,,,
079918,0,0,0,-83,,,,
079919,0,0,0,58,,,,
079920,0,0,0,3,,,,
079921,0,0,0,20,,,,
079923,0,0,0,-3,,,,
079924,0,0,0,0,,,,
079932,0,0,0,-78,,,,
079934,0,0,0,14,,,,
079935,0,0,0,-12,,,,
079936,0,0,0,-25,,,,
07993P,0,0,0,88,,,,
079940,0,0,0,5,,,,
079942,0,0,0,-10,,,,
079943,0,0,0,-81,,,,
079944,0,0,0,-11,,,,
079947,0,0,0,65,,,,
079949,0,0,0,-10,,,,
079951,0,0,0,-61,,,,
079952,0,0,0,-249,,,,
079953,0,0,0,-30,,,,
079954,0,0,0,15,,,,
079956,0,0,0,-372,,,,
079957,0,0,0,44,,,,
079958,0,0,0,-11,,,,
079959,0,0,0,-5,,,,
079961,0,0,0,449,,,,
079963,0,0,0,0,,,,
079966,0,0,0,172,,,,
079970,0,0,0,0,,,,
079971,0,0,0,30,,,,
079973,0,0,0,-2,,,,
079976,0,0,0,955,,,,
079977,0,0,0,-44,,,,
079978,0,0,0,-329,,,,
079990,0,0,0,-20,,,,
079991,0,0,0,6,,,,
079992,0,0,0,18,,,,
079993,0,0,0,-27,,,,
079998,0,0,0,-72,,,,
079999,0,0,0,-34,,,,
080000,0,0,0,-27,,,,
080001,0,0,0,-10,,,,
080003,0,0,0,215,,,,
080006,0,0,0,-44,,,,
080007,0,0,0,-152,,,,
080008,0,0,0,-30,,,,
080018,0,0,0,-200,,,,
080019,0,0,0,-431,,,,
080022,0,0,0,21,,,,
080033,0,0,0,59,,,,
080034,0,0,0,-20,,,,
080037,0,0,0,-2,,,,
080039,2,0,0,-2,,,,
080041,0,0,0,-29,,,,
080042,0,0,0,-120,,,,
080045,0,0,0,0,,,,
080048,0,0,0,-195,,,,
080049,0,0,0,-21,,,,
080050,0,0,0,-4,,,,
080051,0,0,0,-54,,,,
080057,0,0,0,-4,,,,
08005P,0,0,0,150,,,,
080061,0,0,0,12,,,,
080062,0,0,0,172,,,,
080063,0,0,0,87,,,,
080066,0,0,0,-31,,,,
080072,0,0,0,-12,,,,
080073,0,0,0,-205,,,,
080078,0,0,0,99,,,,
080079,0,0,0,33,,,,
080082,0,0,0,-30,,,,
080083,0,0,0,71,,,,
080084,0,0,0,695,,,,
080085,0,0,0,115,,,,
080088,0,0,0,142,,,,
080092,0,0,0,-18,,,,
080094,0,0,0,-10,,,,
080095,0,0,0,70,,,,
080096,0,0,0,-23,,,,
080099,0,0,0,9,,,,
080103,0,0,0,175,,,,
080105,0,0,0,-115,,,,
080106,0,0,0,-8,,,,
080111,0,0,0,-1,,,,
080113,0,0,0,-118,,,,
080114,0,0,0,31,,,,
080115,0,0,0,282,,,,
080116,0,0,0,-15,,,,
080119,0,0,0,-9,,,,
080120,0,0,0,-20,,,,
080121,0,0,0,10,,,,
080125,0,0,0,30,,,,
080126,0,0,0,10,,,,
080127,0,0,0,-18,,,,
080128,0,0,0,11,,,,
080134,0,0,0,10,,,,
080135,0,0,0,14,,,,
080139,0,0,0,17,,,,
080141,0,0,0,540,,,,
080142,0,0,0,20,,,,
080143,0,0,0,-62,,,,
080144,0,0,0,-32,,,,
080145,0,0,0,26,,,,
080146,0,0,0,-273,,,,
080147,0,0,0,28,,,,
08014P,0,0,0,-15,,,,
080151,0,0,0,1,,,,
080153,0,0,0,21,,,,
080155,0,0,0,-3,,,,
080156,0,0,0,330,,,,
080157,0,0,0,-111,,,,
080158,0,0,0,0,,,,
080159,0,0,0,177,,,,
080160,0,0,0,72,,,,
080162,0,0,0,58,,,,
080163,0,0,0,46,,,,
080165,0,0,0,-2,,,,
080166,0,0,0,87,,,,
080168,0,0,0,5,,,,
080169,0,0,0,-6,,,,
080174,0,0,0,6,,,,
080176,0,0,0,10,,,,
080177,0,0,0,-260,,,,
080179,0,0,0,-225,,,,
080180,0,0,0,-306,,,,
080181,0,0,0,10,,,,
080183,0,0,0,-119,,,,
080184,0,0,0,-50,,,,
080186,0,0,0,12,,,,
080188,0,0,0,-58,,,,
080189,0,0,0,240,,,,
080190,0,0,0,1,,,,
080191,0,0,0,-20,,,,
080192,0,0,0,96,,,,
080193,0,0,0,-3,,,,
08019P,0,0,0,9,,,,
080200,0,0,0,4,,,,
080205,0,0,0,-10,,,,
08020P,0,0,0,-10,,,,
080210,0,0,0,-256,,,,
080211,0,0,0,20,,,,
080216,0,0,0,1,,,,
080218,0,0,0,-254,,,,
080219,0,0,0,-195,,,,
080221,0,0,0,-285,,,,
080222,0,0,0,-24,,,,
080223,0,0,0,12,,,,
080224,0,0,0,0,,,,
080225,0,0,0,-77,,,,
080234,0,0,0,-134,,,,
08023P,0,0,0,60,,,,
080241,0,0,0,-293,,,,
080243,0,0,0,-603,,,,
080245,0,0,0,382,,,,
080246,0,0,0,42,,,,
080247,0,0,0,-142,,,,
080250,0,0,0,46,,,,
080253,0,0,0,-209,,,,
080258,0,0,0,38,,,,
080259,0,0,0,-5,,,,
080263,0,0,0,-16,,,,
080264,0,0,0,13,,,,
080265,0,0,0,40,,,,
080268,0,0,0,-456,,,,
080273,0,0,0,138,,,,
080275,0,0,0,-95,,,,
080277,0,0,0,-213,,,,
080278,0,0,0,141,,,,
080284,0,0,0,-78,,,,
080286,0,0,0,25,,,,
080287,0,0,0,-45,,,,
080289,0,0,0,-7,,,,
080290,0,0,0,50,,,,
080292,0,0,0,1,,,,
080296,0,0,0,5,,,,
080297,0,0,0,-35,,,,
080301,0,0,0,1,,,,
080302,0,0,0,-1,,,,
080303,0,0,0,-13,,,,
080305,0,0,0,59,,,,
080307,0,0,0,1,,,,
080308,0,0,0,39,,,,
080310,0,0,0,60,,,,
080311,0,0,0,0,,,,
080317,0,0,0,-88,,,,
080319,0,0,0,10,,,,
080321,0,0,0,-11,,,,
080325,0,0,0,-15,,,,
080326,0,0,0,-18,,,,
080327,0,0,0,85,,,,
080333,0,0,0,-10,,,,
080335,0,0,0,42,,,,
080336,0,0,0,42,,,,
080338,0,0,0,111,,,,
080339,0,0,0,-421,,,,
080340,0,0,0,36,,,,
080345,0,0,0,-2,,,,
080347,0,0,0,207,,,,
08034P,0,0,0,-20,,,,
080352,0,0,0,68,,,,
080353,0,0,0,-1987,,,,
080354,0,0,0,-63,,,,
080358,0,0,0,10,,,,
08035P,0,0,0,40,,,,
080365,0,0,0,-161,,,,
080366,0,0,0,-76,,,,
080367,0,0,0,83,,,,
080369,0,0,0,-267,,,,
080371,0,0,0,-66,,,,
080372,0,0,0,0,,,,
080375,0,0,0,-701,,,,
080380,0,0,0,0,,,,
080384,0,0,0,7,,,,
080387,0,0,0,63,,,,
080388,0,0,0,-20,,,,
08038P,0,0,0,-2,,,,
080392,0,0,0,78,,,,
080394,0,0,0,-10,,,,
080395,0,0,0,12,,,,
080399,0,0,0,3,,,,
080405,0,0,0,151,,,,
080406,0,0,0,-31,,,,
080410,0,0,0,-267,,,,
080412,0,0,0,-12,,,,
080415,0,0,0,2,,,,
080416,0,0,0,-100,,,,
080419,0,0,0,-144,,,,
080425,0,0,0,678,,,,
08042P,0,0,0,-50,,,,
080430,0,0,0,-1,,,,
080433,0,0,0,7,,,,
080437,0,0,0,-335,,,,
080438,0,0,0,-72,,,,
080439,0,0,0,1,,,,
080441,0,0,0,43,,,,
080447,0,0,0,110,,,,
080448,0,0,0,-57,,,,
080449,0,0,0,-54,,,,
080450,0,0,0,-5,,,,
080453,0,0,0,-63,,,,
080455,0,0,0,-17,,,,
080456,0,0,0,354,,,,
080457,0,0,0,-2,,,,
080458,0,0,0,20,,,,
080461,0,0,0,18,,,,
080463,0,0,0,-20,,,,
080464,0,0,0,-16,,,,
080465,0,0,0,-1135,,,,
080466,0,0,0,-10,,,,
080469,0,0,0,-350,,,,
080472,0,0,0,-65,,,,
080475,0,0,0,-474,,,,
080476,0,0,0,-162,,,,
080477,0,0,0,19,,,,
080481,0,0,0,-219,,,,
080482,0,0,0,-1,,,,
080485,0,0,0,257,,,,
080487,0,0,0,90,,,,
080490,0,0,0,-9,,,,
080492,0,0,0,-10,,,,
080499,0,0,0,-10,,,,
080500,0,0,0,15,,,,
080501,0,0,0,6,,,,
080502,0,0,0,-100,,,,
080505,0,0,0,-83,,,,
080506,0,0,0,0,,,,
080507,0,0,0,-132,,,,
080510,0,0,0,50,,,,
080511,0,0,0,-119,,,,
080512,0,0,0,200,,,,
080518,0,0,0,2,,,,
08051P,0,0,0,50,,,,
080520,0,0,0,-20,,,,
080522,0,0,0,-18,,,,
080523,0,0,0,-5,,,,
080524,0,0,0,11,,,,
080525,0,0,0,57,,,,
080526,0,0,0,272,,,,
080527,0,0,0,-140,,,,
080530,0,0,0,2,,,,
080532,0,0,0,-235,,,,
080534,0,0,0,5,,,,
080551,0,0,0,20,,,,
080552,0,0,0,-109,,,,
080553,0,0,0,196,,,,
080554,0,0,0,-42,,,,
080557,0,0,0,103,,,,
080560,0,0,0,-15,,,,
080567,0,0,0,-2,,,,
080569,0,0,0,-44,,,,
080574,0,0,0,-2,,,,
080576,0,0,0,20,,,,
080580,0,0,0,-12,,,,
080587,0,0,0,-41,,,,
080590,0,0,0,-44,,,,
080593,0,0,0,24,,,,
080595,0,0,0,-145,,,,
080596,0,0,0,10,,,,
080599,0,0,0,-291,,,,
080603,0,0,0,-199,,,,
080604,0,0,0,-1071,,,,
080605,0,0,0,-6,,,,
080606,0,0,0,87,,,,
080609,0,0,0,-3,,,,
08060P,0,0,0,-656,,,,
080610,0,0,0,-406,,,,
080611,0,0,0,10,,,,
080612,0,0,0,-10,,,,
080616,0,0,0,20,,,,
080618,0,0,0,-91,,,,
080619,0,0,0,-83,,,,
08061P,0,0,0,24,,,,
080620,0,0,0,78,,,,
080622,0,0,0,-416,,,,
080623,0,0,0,-4,,,,
080625,0,0,0,-80,,,,
080626,0,0,0,-30,,,,
080630,0,0,0,29,,,,
080632,0,0,0,-11,,,,
080633,0,0,0,100,,,,
080636,0,0,0,-14,,,,
080638,0,0,0,-12,,,,
080639,0,0,0,-64,,,,
080640,0,0,0,-45,,,,
080642,0,0,0,-68,,,,
080644,0,0,0,-601,,,,
080652,0,0,0,-41,,,,
080665,0,0,0,-4,,,,
080667,0,0,0,24,,,,
080675,0,0,0,-6,,,,
080676,0,0,0,1,,,,
080677,0,0,0,13,,,,
080678,0,0,0,10,,,,
080681,0,0,0,-10,,,,
080685,0,0,0,-182,,,,
080687,0,0,0,3,,,,
080690,0,0,0,3,,,,
080696,0,0,0,-16,,,,
080699,0,0,0,349,,,,
080702,0,0,0,-49,,,,
080704,0,0,0,34,,,,
080706,0,0,0,-334,,,,
080711,0,0,0,1,,,,
080713,0,0,0,-37,,,,
080715,0,0,0,-459,,,,
080716,0,0,0,1,,,,
080723,0,0,0,13,,,,
080724,0,0,0,24,,,,
080725,0,0,0,-7,,,,
080731,0,0,0,-95,,,,
080732,0,0,0,-20,,,,
080737,0,0,0,-20,,,,
080739,0,0,0,-86,,,,
080740,0,0,0,-1,,,,
080742,0,0,0,40,,,,
080743,0,0,0,77,,,,
080744,0,0,0,274,,,,
080745,0,0,0,-3,,,,
080746,0,0,0,-288,,,,
080747,0,0,0,434,,,,
080748,0,0,0,-137,,,,
080749,0,0,0,-111,,,,
080755,0,0,0,115,,,,
080758,0,0,0,26,,,,
080759,0,0,0,-8,,,,
08075P,0,0,0,15,,,,
080760,0,0,0,29,,,,
080762,0,0,0,60,,,,
080763,0,0,0,-1,,,,
080765,0,0,0,-33,,,,
080769,0,0,0,-10,,,,
08076P,0,0,0,-60,,,,
080770,0,0,0,-2,,,,
080773,0,0,0,70,,,,
080774,0,0,0,-135,,,,
080776,0,0,0,-143,,,,
080777,0,0,0,49,,,,
08077P,0,0,0,-4,,,,
080783,0,0,0,0,,,,
080788,0,0,0,10,,,,
080789,0,0,0,-354,,,,
080794,0,0,0,-72,,,,
080798,0,0,0,9,,,,
080800,0,0,0,166,,,,
080802,0,0,0,59,,,,
080803,0,0,0,-16,,,,
080804,0,0,0,72,,,,
080805,0,0,0,-55,,,,
080809,0,0,0,-50,,,,
080810,0,0,0,-7,,,,
080811,0,0,0,100,,,,
080812,0,0,0,-115,,,,
080813,0,0,0,72,,,,
080816,0,0,0,-222,,,,
080818,0,0,0,26,,,,
080819,0,0,0,-10,,,,
080822,0,0,0,70,,,,
080823,0,0,0,-4,,,,
080826,0,0,0,31,,,,
080827,0,0,0,4,,,,
080828,0,0,0,89,,,,
080829,0,0,0,-3,,,,
080830,0,0,0,2,,,,
080833,0,0,0,-88,,,,
080834,0,0,0,62,,,,
080838,0,0,0,-6,,,,
08083P,0,0,0,18,,,,
080840,0,0,0,3,,,,
080841,0,0,0,-78,,,,
080842,0,0,0,169,,,,
080843,0,0,0,309,,,,
080844,0,0,0,0,,,,
080845,0,0,0,57,,,,
080846,0,0,0,-5,,,,
080847,0,0,0,2,,,,
080848,0,0,0,28,,,,
080849,0,0,0,4,,,,
080850,0,0,0,-74,,,,
080857,0,0,0,8,,,,
080858,0,0,0,2,,,,
080859,0,0,0,23,,,,
080860,0,0,0,139,,,,
080868,0,0,0,-12,,,,
080869,0,0,0,-22,,,,
08086P,0,0,0,-66,,,,
080871,0,0,0,4,,,,
080873,0,0,0,-19,,,,
080874,0,0,0,2,,,,
080877,0,0,0,-5,,,,
080878,0,0,0,-8,,,,
080884,0,0,0,-793,,,,
080888,0,0,0,-10,,,,
080889,0,0,0,-35,,,,
080892,0,0,0,144,,,,
080893,0,0,0,-234,,,,
080894,0,0,0,-444,,,,
080895,0,0,0,150,,,,
080896,0,0,0,59,,,,
080897,0,0,0,7,,,,
080899,0,0,0,-40,,,,
080900,0,0,0,12,,,,
080901,0,0,0,351,,,,
080902,0,0,0,-5,,,,
080906,0,0,0,-51,,,,
080908,0,0,0,-467,,,,
080909,0,0,0,181,,,,
080911,0,0,0,20,,,,
080914,0,0,0,123,,,,
080921,0,0,0,13,,,,
080922,0,0,0,11,,,,
080925,0,0,0,16,,,,
080927,0,0,0,-11,,,,
080929,0,0,0,44,,,,
080930,0,0,0,21,,,,
080933,0,0,0,62,,,,
080935,0,0,0,181,,,,
080937,0,0,0,-2,,,,
080939,0,0,0,638,,,,
08093P,0,0,0,-111,,,,
080944,0,0,0,-145,,,,
080946,0,0,0,-223,,,,
080948,0,0,0,-160,,,,
080949,0,0,0,-5,,,,
080954,0,0,0,-10,,,,
080957,0,0,0,-39,,,,
080959,0,0,0,-2,,,,
080960,0,0,0,3,,,,
080961,0,0,0,75,,,,
080962,0,0,0,6,,,,
080963,0,0,0,126,,,,
080965,0,0,0,6,,,,
080967,0,0,0,-163,,,,
08096P,0,0,0,238,,,,
080971,0,0,0,426,,,,
080972,0,0,0,-4,,,,
080973,0,0,0,206,,,,
080975,0,0,0,-751,,,,
080976,0,0,0,44,,,,
080977,0,0,0,-312,,,,
080978,0,0,0,-109,,,,
080979,0,0,0,-479,,,,
080982,0,0,0,0,,,,
080990,0,0,0,-14,,,,
080991,0,0,0,-105,,,,
080993,0,0,0,-1,,,,
080994,0,0,0,345,,,,
080996,0,0,0,2,,,,
080997,0,0,0,-70,,,,
080999,0,0,0,-174,,,,
081002,0,0,0,7,,,,
081004,0,0,0,-27,,,,
081005,0,0,0,305,,,,
081007,0,0,0,-10,,,,
081014,0,0,0,-3,,,,
081015,0,0,0,149,,,,
081017,0,0,0,-430,,,,
081018,0,0,0,-10,,,,
081019,0,0,0,12,,,,
081020,0,0,0,-15,,,,
081021,0,0,0,6,,,,
081024,0,0,0,-20,,,,
081025,0,0,0,-18,,,,
081026,0,0,0,-21,,,,
081028,0,0,0,-1,,,,
081030,0,0,0,-24,,,,
081035,0,0,0,17,,,,
081038,0,0,0,7,,,,
081039,0,0,0,12,,,,
081042,0,0,0,-20,,,,
081045,0,0,0,3,,,,
081048,0,0,0,2,,,,
081051,0,0,0,-107,,,,
081052,0,0,0,3,,,,
081054,0,0,0,10,,,,
081056,0,0,0,21,,,,
08105P,0,0,0,-29,,,,
081064,0,0,0,11,,,,
081066,0,0,0,2,,,,
081072,0,0,0,-548,,,,
081078,0,0,0,121,,,,
081079,0,0,0,-16,,,,
081084,0,0,0,-10,,,,
081085,0,0,0,30,,,,
081088,0,0,0,50,,,,
081089,0,0,0,-202,,,,
081091,0,0,0,-51,,,,
081092,0,0,0,-19,,,,
081093,0,0,0,-38,,,,
081094,0,0,0,9,,,,
081097,0,0,0,-20,,,,
081100,0,0,0,17,,,,
081101,0,0,0,-46,,,,
081102,0,0,0,-91,,,,
081103,0,0,0,-51,,,,
081104,0,0,0,-55,,,,
081105,0,0,0,-267,,,,
081107,0,0,0,3,,,,
081111,0,0,0,20,,,,
081114,0,0,0,55,,,,
081115,0,0,0,252,,,,
081116,0,0,0,-197,,,,
081117,0,0,0,12,,,,
081120,0,0,0,-22,,,,
081121,0,0,0,-8,,,,
081122,0,0,0,52,,,,
081123,0,0,0,-159,,,,
081125,0,0,0,38,,,,
081126,0,0,0,81,,,,
081127,0,0,0,16,,,,
081128,0,0,0,0,,,,
081129,0,0,0,-442,,,,
081130,0,0,0,-77,,,,
081132,0,0,0,537,,,,
081133,0,0,0,89,,,,
081134,0,0,0,-50,,,,
081135,0,0,0,-24,,,,
081136,0,0,0,-27,,,,
081137,0,0,0,-29,,,,
081138,0,0,0,15,,,,
081140,0,0,0,1,,,,
081142,0,0,0,-63,,,,
081145,0,0,0,-16,,,,
081146,0,0,0,-85,,,,
081148,0,0,0,-35,,,,
081149,0,0,0,-52,,,,
081150,0,0,0,-15,,,,
081151,0,0,0,16,,,,
081152,0,0,0,-2,,,,
081153,0,0,0,2,,,,
081156,0,0,0,5,,,,
081158,0,0,0,-3,,,,
08115P,0,0,0,-37,,,,
081160,0,0,0,125,,,,
081161,0,0,0,-5,,,,
081163,0,0,0,-21,,,,
081164,0,0,0,70,,,,
081166,0,0,0,15,,,,
081169,0,0,0,-86,,,,
081172,0,0,0,2,,,,
081179,0,0,0,-1,,,,
081181,0,0,0,-400,,,,
081184,0,0,0,4,,,,
081187,0,0,0,-7,,,,
081188,0,0,0,25,,,,
08118P,0,0,0,-20,,,,
081195,0,0,0,-1,,,,
081197,0,0,0,25,,,,
081198,0,0,0,3,,,,
081199,0,0,0,31,,,,
081200,0,0,0,104,,,,
081201,0,0,0,-1,,,,
081203,0,0,0,-8,,,,
081204,0,0,0,-12,,,,
081207,0,0,0,31,,,,
081209,0,0,0,46,,,,
081210,0,0,0,-76,,,,
081211,0,0,0,-57,,,,
081212,0,0,0,214,,,,
081213,0,0,0,5,,,,
081214,0,0,0,-35,,,,
081216,0,0,0,53,,,,
081219,0,0,0,10,,,,
081220,0,0,0,54,,,,
081221,0,0,0,0,,,,
081222,0,0,0,0,,,,
081224,0,0,0,0,,,,
081225,0,0,0,10,,,,
081228,0,0,0,-10,,,,
081231,0,0,0,14,,,,
081232,0,0,0,-84,,,,
081234,0,0,0,10,,,,
081236,0,0,0,-3,,,,
081238,0,0,0,-109,,,,
081241,0,0,0,-11,,,,
081243,0,0,0,2,,,,
081244,0,0,0,27,,,,
081245,0,0,0,156,,,,
081247,0,0,0,188,,,,
081248,0,0,0,50,,,,
081250,0,0,0,-130,,,,
081251,0,0,0,600,,,,
081252,0,0,0,-6,,,,
081254,0,0,0,191,,,,
081255,0,0,0,-50,,,,
081257,0,0,0,3,,,,
081258,0,0,0,-152,,,,
081259,0,0,0,-20,,,,
081260,0,0,0,-406,,,,
081261,0,0,0,-106,,,,
081262,0,0,0,-40,,,,
081263,0,0,0,3,,,,
081266,0,0,0,54,,,,
081267,0,0,0,-375,,,,
081268,0,0,0,-164,,,,
081275,0,0,0,30,,,,
081278,0,0,0,98,,,,
081279,0,0,0,24,,,,
081280,0,0,0,-26,,,,
081283,0,0,0,-100,,,,
081285,0,0,0,-415,,,,
081286,0,0,0,77,,,,
081287,0,0,0,-408,,,,
081288,0,0,0,-220,,,,
081290,0,0,0,133,,,,
081291,0,0,0,-84,,,,
081293,0,0,0,189,,,,
081294,0,0,0,0,,,,
081296,0,0,0,-53,,,,
08129P,0,0,0,40,,,,
081300,0,0,0,-290,,,,
081301,0,0,0,-107,,,,
081303,0,0,0,29,,,,
081306,0,0,0,7,,,,
081307,0,0,0,-3,,,,
081309,0,0,0,-70,,,,
081314,0,0,0,-156,,,,
081316,0,0,0,2,,,,
081317,0,0,0,45,,,,
081327,0,0,0,-11,,,,
081329,0,0,0,1,,,,
081332,0,0,0,-215,,,,
081333,0,0,0,-42,,,,
081335,0,0,0,153,,,,
081336,0,0,0,1,,,,
081337,0,0,0,234,,,,
081338,0,0,0,18,,,,
081340,0,0,0,-12,,,,
081341,0,0,0,18,,,,
081344,0,0,0,-75,,,,
081349,0,0,0,-15,,,,
081351,0,0,0,291,,,,
081355,0,0,0,37,,,,
081356,0,0,0,-215,,,,
081357,0,0,0,-16,,,,
081358,0,0,0,-67,,,,
081359,0,0,0,-5,,,,
081360,0,0,0,173,,,,
081361,0,0,0,80,,,,
081362,0,0,0,14,,,,
081363,0,0,0,84,,,,
081364,0,0,0,10,,,,
081367,0,0,0,35,,,,
081368,0,0,0,0,,,,
081369,0,0,0,-257,,,,
081370,0,0,0,27,,,,
081371,0,0,0,32,,,,
081372,0,0,0,34,,,,
081373,0,0,0,-1,,,,
081374,0,0,0,-65,,,,
081376,0,0,0,-65,,,,
081378,0,0,0,10,,,,
081384,0,0,0,140,,,,
081385,0,0,0,-499,,,,
081386,0,0,0,132,,,,
081387,0,0,0,130,,,,
081388,0,0,0,214,,,,
081390,0,0,0,48,,,,
081391,0,0,0,-215,,,,
081392,0,0,0,761,,,,
081393,0,0,0,10,,,,
081396,0,0,0,-135,,,,
081397,0,0,0,35,,,,
081398,0,0,0,-37,,,,
081400,0,0,0,-5,,,,
081401,0,0,0,2,,,,
081406,0,0,0,15,,,,
081407,0,0,0,-504,,,,
081411,0,0,0,43,,,,
081413,0,0,0,16,,,,
081415,0,0,0,28,,,,
081416,0,0,0,77,,,,
081419,0,0,0,-35,,,,
081420,0,0,0,-10,,,,
081422,0,0,0,-50,,,,
081425,0,0,0,-130,,,,
081426,0,0,0,5,,,,
081429,0,0,0,2,,,,
081432,0,0,0,-3,,,,
081433,0,0,0,40,,,,
081438,0,0,0,-12,,,,
081439,0,0,0,-136,,,,
081440,0,0,0,169,,,,
081441,0,0,0,64,,,,
081442,0,0,0,0,,,,
081443,0,0,0,34,,,,
081449,0,0,0,-289,,,,
081452,0,0,0,39,,,,
081457,0,0,0,-500,,,,
081458,0,0,0,-37,,,,
081459,0,0,0,-21,,,,
081465,0,0,0,-10,,,,
081466,0,0,0,-3,,,,
081467,0,0,0,-137,,,,
081468,0,0,0,-1,,,,
081469,0,0,0,64,,,,
081476,0,0,0,282,,,,
081478,0,0,0,-172,,,,
081483,0,0,0,20,,,,
081484,0,0,0,-6,,,,
081486,0,0,0,295,,,,
081489,0,0,0,-13,,,,
081490,0,0,0,-34,,,,
081492,0,0,0,3,,,,
081493,0,0,0,-211,,,,
081495,0,0,0,-47,,,,
081497,0,0,0,80,,,,
081498,0,0,0,-56,,,,
081505,0,0,0,-152,,,,
081506,0,0,0,-22,,,,
081509,0,0,0,-20,,,,
081513,0,0,0,83,,,,
081514,0,0,0,-142,,,,
081522,0,0,0,-45,,,,
081523,0,0,0,-400,,,,
081527,0,0,0,-26,,,,
08152P,0,0,0,-10,,,,
081534,0,0,0,10,,,,
081535,0,0,0,-15,,,,
081539,0,0,0,-8,,,,
081540,0,0,0,0,,,,
081542,0,0,0,-20,,,,
081545,0,0,0,115,,,,
081546,0,0,0,10,,,,
081547,0,0,0,-38,,,,
081549,0,0,0,13,,,,
081552,0,0,0,-1,,,,
081553,0,0,0,5,,,,
081556,0,0,0,-16,,,,
081557,0,0,0,13,,,,
081559,0,0,0,-67,,,,
081560,0,0,0,20,,,,
081564,0,0,0,-14,,,,
081565,0,0,0,-263,,,,
081566,0,0,0,0,,,,
081568,0,0,0,589,,,,
081570,0,0,0,0,,,,
081571,0,0,0,-225,,,,
081572,0,0,0,-50,,,,
081573,0,0,0,-106,,,,
081577,0,0,0,-30,,,,
081579,0,0,0,-57,,,,
081581,0,0,0,2,,,,
081584,0,0,0,538,,,,
081585,0,0,0,-1,,,,
081587,0,0,0,3,,,,
081588,0,0,0,13,,,,
081589,0,0,0,10,,,,
081590,0,0,0,0,,,,
081591,0,0,0,-6,,,,
081593,0,0,0,126,,,,
081597,0,0,0,-10,,,,
081599,0,0,0,-4,,,,
081600,0,0,0,-32,,,,
081602,0,0,0,68,,,,
081606,0,0,0,-40,,,,
081608,0,0,0,20,,,,
081609,0,0,0,99,,,,
081611,0,0,0,-227,,,,
081612,0,0,0,25,,,,
081621,0,0,0,-10,,,,
081622,0,0,0,33,,,,
081626,0,0,0,-80,,,,
081627,0,0,0,47,,,,
081628,0,0,0,-781,,,,
081634,0,0,0,-96,,,,
081638,0,0,0,-11,,,,
081640,0,0,0,-12,,,,
081642,0,0,0,1,,,,
081644,0,0,0,-6,,,,
081645,0,0,0,-14,,,,
081651,0,0,0,-33,,,,
081654,0,0,0,34,,,,
081658,0,0,0,-15,,,,
081659,0,0,0,-33,,,,
081660,0,0,0,10,,,,
081663,0,0,0,5,,,,
081665,0,0,0,18,,,,
081667,0,0,0,5,,,,
081668,0,0,0,37,,,,
081671,0,0,0,-22,,,,
081672,0,0,0,-9,,,,
081673,0,0,0,-20,,,,
081675,0,0,0,-350,,,,
081680,0,0,0,-50,,,,
081681,0,0,0,10,,,,
081685,0,0,0,-20,,,,
081686,0,0,0,68,,,,
081688,0,0,0,-220,,,,
081689,0,0,0,222,,,,
081691,0,0,0,8,,,,
081692,0,0,0,11,,,,
081697,0,0,0,2,,,,
081698,0,0,0,-490,,,,
081704,0,0,0,-322,,,,
081705,0,0,0,-9,,,,
081707,0,0,0,-12,,,,
081712,0,0,0,10,,,,
081713,0,0,0,-197,,,,
081715,0,0,0,-208,,,,
081716,0,0,0,24,,,,
081717,0,0,0,20,,,,
081719,0,0,0,124,,,,
081723,0,0,0,3,,,,
081726,0,0,0,12,,,,
081728,4,0,0,-4,,,,
081729,0,0,0,180,,,,
081732,0,0,0,-87,,,,
081733,0,0,0,-21,,,,
081735,0,0,0,6,,,,
081737,0,0,0,191,,,,
081738,0,0,0,-61,,,,
081739,0,0,0,41,,,,
081740,0,0,0,-29,,,,
081741,0,0,0,-20,,,,
081743,0,0,0,29,,,,
081744,0,0,0,41,,,,
08174P,0,0,0,200,,,,
081750,0,0,0,-70,,,,
081752,0,0,0,50,,,,
081755,0,0,0,-19,,,,
081756,0,0,0,142,,,,
081757,0,0,0,41,,,,
081762,0,0,0,-299,,,,
081766,0,0,0,-2,,,,
081769,0,0,0,-51,,,,
081770,0,0,0,-1,,,,
081772,0,0,0,-43,,,,
081775,0,0,0,36,,,,
081777,0,0,0,-114,,,,
081778,0,0,0,-50,,,,
081786,0,0,0,-6,,,,
081789,0,0,0,-615,,,,
081790,0,0,0,-90,,,,
081791,0,0,0,14,,,,
081792,0,0,0,-20,,,,
081796,0,0,0,-60,,,,
081799,0,0,0,-18,,,,
081800,0,0,0,11,,,,
081801,0,0,0,-73,,,,
081802,0,0,0,375,,,,
081804,0,0,0,-1,,,,
081806,0,0,0,155,,,,
081809,0,0,0,-316,,,,
081812,0,0,0,-249,,,,
081813,0,0,0,-1,,,,
081816,0,0,0,116,,,,
081817,0,0,0,399,,,,
081822,0,0,0,3,,,,
081824,0,0,0,78,,,,
081825,0,0,0,10,,,,
081827,0,0,0,24,,,,
081830,0,0,0,-68,,,,
081835,0,0,0,-307,,,,
081838,0,0,0,19,,,,
081841,0,0,0,88,,,,
081846,0,0,0,2,,,,
081847,0,0,0,18,,,,
081848,0,0,0,0,,,,
081849,0,0,0,-22,,,,
081850,0,0,0,234,,,,
081851,0,0,0,-56,,,,
081855,0,0,0,7,,,,
081856,0,0,0,9,,,,
081857,0,0,0,-10,,,,
081858,0,0,0,32,,,,
081859,0,0,0,-11,,,,
081860,0,0,0,-1,,,,
081861,0,0,0,251,,,,
081866,0,0,0,-29,,,,
081869,0,0,0,15,,,,
081870,0,0,0,-108,,,,
081871,0,0,0,-147,,,,
081873,0,0,0,229,,,,
081874,0,0,0,-7,,,,
081882,0,0,0,-40,,,,
081883,0,0,0,0,,,,
081886,0,0,0,3,,,,
081887,0,0,0,-6,,,,
081889,0,0,0,-26,,,,
081890,0,0,0,-138,,,,
081893,0,0,0,-3,,,,
081894,0,0,0,20,,,,
081895,0,0,0,-353,,,,
081899,0,0,0,-15,,,,
081902,0,0,0,130,,,,
081904,0,0,0,137,,,,
081905,0,0,0,-75,,,,
081906,0,0,0,-98,,,,
081907,0,0,0,26,,,,
081908,0,0,0,39,,,,
081909,0,0,0,30,,,,
081910,0,0,0,-40,,,,
081911,0,0,0,-543,,,,
081912,0,0,0,40,,,,
081913,0,0,0,-43,,,,
081914,0,0,0,23,,,,
081916,0,0,0,-10,,,,
081918,0,0,0,-1,,,,
081920,0,0,0,251,,,,
081921,0,0,0,-15,,,,
081923,0,0,0,104,,,,
081927,0,0,0,230,,,,
081928,0,0,0,-33,,,,
081930,0,0,0,58,,,,
081933,0,0,0,4,,,,
081937,0,0,0,-77,,,,
081939,0,0,0,33,,,,
081940,0,0,0,34,,,,
081941,0,0,0,-12,,,,
081943,0,0,0,-100,,,,
081946,0,0,0,35,,,,
081947,0,0,0,-33,,,,
081952,0,0,0,2,,,,
081954,0,0,0,-125,,,,
081955,0,0,0,11,,,,
081959,0,0,0,-126,,,,
081960,0,0,0,33,,,,
081965,0,0,0,9,,,,
081976,0,0,0,-25,,,,
081982,0,0,0,164,,,,
081985,0,0,0,-104,,,,
081989,0,0,0,20,,,,
081990,0,0,0,-221,,,,
081991,0,0,0,84,,,,
081992,0,0,0,-382,,,,
081993,0,0,0,-20,,,,
081994,0,0,0,-50,,,,
081996,0,0,0,45,,,,
081997,0,0,0,144,,,,
081998,0,0,0,-35,,,,
082000,0,0,0,-18,,,,
082001,0,0,0,-78,,,,
082011,0,0,0,-20,,,,
082012,0,0,0,-2,,,,
082014,0,0,0,17,,,,
082016,0,0,0,-178,,,,
082018,0,0,0,-38,,,,
082019,0,0,0,204,,,,
082020,0,0,0,102,,,,
082021,0,0,0,33,,,,
082022,0,0,0,0,,,,
082029,0,0,0,-41,,,,
08202P,0,0,0,-199,,,,
082036,0,0,0,-307,,,,
082037,0,0,0,86,,,,
082038,0,0,0,-215,,,,
082040,0,0,0,-283,,,,
082041,0,0,0,171,,,,
082045,0,0,0,9,,,,
082052,0,0,0,10,,,,
082055,0,0,0,5,,,,
082056,0,0,0,52,,,,
082057,0,0,0,102,,,,
082059,0,0,0,-62,,,,
08205P,0,0,0,60,,,,
082062,0,0,0,170,,,,
082063,0,0,0,-240,,,,
082064,0,0,0,271,,,,
082065,0,0,0,-43,,,,
082066,0,0,0,16,,,,
082067,0,0,0,11,,,,
082069,0,0,0,-175,,,,
082070,0,0,0,46,,,,
082073,0,0,0,-8,,,,
082074,0,0,0,-30,,,,
082075,0,0,0,-11,,,,
082077,0,0,0,9,,,,
082078,0,0,0,5,,,,
082080,0,0,0,10,,,,
082082,0,0,0,-5,,,,
082083,0,0,0,-26,,,,
082084,0,0,0,87,,,,
082090,0,0,0,-312,,,,
082091,0,0,0,-131,,,,
082092,0,0,0,-46,,,,
082096,0,0,0,-157,,,,
082097,0,0,0,-102,,,,
082098,0,0,0,206,,,,
082100,0,0,0,-40,,,,
082101,0,0,0,-158,,,,
082102,0,0,0,21,,,,
082103,0,0,0,-132,,,,
082104,0,0,0,-126,,,,
082108,0,0,0,-112,,,,
082112,0,0,0,-10,,,,
082114,0,0,0,37,,,,
082115,0,0,0,-86,,,,
082116,0,0,0,-9,,,,
082117,0,0,0,-2,,,,
082118,0,0,0,97,,,,
082122,0,0,0,13,,,,
082125,0,0,0,12,,,,
082126,0,0,0,-55,,,,
082128,0,0,0,-21,,,,
082130,0,0,0,16,,,,
082132,0,0,0,-161,,,,
082135,0,0,0,-7,,,,
082137,0,0,0,-141,,,,
082138,0,0,0,33,,,,
082139,0,0,0,-290,,,,
082141,0,0,0,-16,,,,
082143,0,0,0,-22,,,,
082144,0,0,0,-100,,,,
082147,0,0,0,5,,,,
082149,0,0,0,248,,,,
082151,0,0,0,-10,,,,
082154,0,0,0,159,,,,
082156,0,0,0,-70,,,,
082158,0,0,0,-219,,,,
082159,0,0,0,35,,,,
082160,0,0,0,-484,,,,
082161,0,0,0,91,,,,
082162,0,0,0,9,,,,
082165,0,0,0,75,,,,
082170,0,0,0,-105,,,,
082172,0,0,0,4,,,,
082173,0,0,0,443,,,,
082174,0,0,0,-14,,,,
082177,0,0,0,0,,,,
082178,0,0,0,140,,,,
082183,0,0,0,-4,,,,
082188,0,0,0,26,,,,
082189,0,0,0,-23,,,,
082190,0,0,0,-493,,,,
082191,0,0,0,2,,,,
082192,0,0,0,6,,,,
082194,0,0,0,-50,,,,
082195,0,0,0,-10,,,,
082196,0,0,0,-136,,,,
082197,0,0,0,-54,,,,
082198,0,0,0,-948,,,,
082200,0,0,0,-102,,,,
082201,0,0,0,2,,,,
082203,0,0,0,86,,,,
082213,0,0,0,-10,,,,
082214,0,0,0,-50,,,,
082217,0,0,0,15,,,,
082221,0,0,0,6,,,,
082222,0,0,0,-1,,,,
082223,0,0,0,29,,,,
082225,0,0,0,-1,,,,
082226,0,0,0,-10,,,,
082228,0,0,0,18,,,,
082229,0,0,0,6,,,,
082231,0,0,0,0,,,,
082232,0,0,0,-19,,,,
082234,0,0,0,-10,,,,
082240,0,0,0,21,,,,
082242,0,0,0,-33,,,,
082245,0,0,0,81,,,,
082247,0,0,0,81,,,,
082248,0,0,0,-109,,,,
082249,0,0,0,-15,,,,
082253,0,0,0,385,,,,
082256,0,0,0,-53,,,,
082258,0,0,0,407,,,,
082260,0,0,0,-76,,,,
082261,0,0,0,18,,,,
082262,0,0,0,95,,,,
082263,0,0,0,9,,,,
082264,0,0,0,117,,,,
082266,0,0,0,0,,,,
082267,0,0,0,17,,,,
082269,0,0,0,57,,,,
082270,0,0,0,179,,,,
082271,0,0,0,13,,,,
082272,0,0,0,-1,,,,
082273,0,0,0,-15,,,,
082274,0,0,0,1,,,,
082276,0,0,0,9,,,,
082278,0,0,0,-23,,,,
082279,0,0,0,5,,,,
082280,0,0,0,300,,,,
082281,0,0,0,8,,,,
082283,0,0,0,-111,,,,
082288,0,0,0,19,,,,
082291,0,0,0,334,,,,
082292,0,0,0,27,,,,
082293,0,0,0,-39,,,,
082296,0,0,0,7,,,,
082297,0,0,0,40,,,,
082298,0,0,0,133,,,,
082303,0,0,0,-8,,,,
082305,0,0,0,5,,,,
082307,0,0,0,-32,,,,
082308,0,0,0,-1,,,,
082309,0,0,0,-40,,,,
082311,0,0,0,-2,,,,
082315,0,0,0,-513,,,,
082316,0,0,0,5,,,,
082319,0,0,0,-432,,,,
082320,0,0,0,-54,,,,
082321,0,0,0,-198,,,,
082322,0,0,0,-26,,,,
082326,0,0,0,-6,,,,
082329,0,0,0,10,,,,
082330,0,0,0,50,,,,
082331,0,0,0,6,,,,
082332,0,0,0,101,,,,
082333,0,0,0,-734,,,,
082334,0,0,0,-119,,,,
082337,0,0,0,10,,,,
082338,0,0,0,258,,,,
082341,0,0,0,-5,,,,
082343,0,0,0,-150,,,,
082347,0,0,0,1,,,,
082350,0,0,0,6,,,,
082356,0,0,0,5,,,,
082358,0,0,0,64,,,,
082359,0,0,0,-5,,,,
082360,0,0,0,178,,,,
082361,0,0,0,621,,,,
082364,0,0,0,3,,,,
082366,0,0,0,2,,,,
082367,0,0,0,-79,,,,
082369,0,0,0,-53,,,,
082371,0,0,0,27,,,,
082374,0,0,0,-1,,,,
082375,0,0,0,33,,,,
082376,0,0,0,-93,,,,
082382,0,0,0,-10,,,,
082383,0,0,0,-1,,,,
082387,0,0,0,194,,,,
082388,0,0,0,-13,,,,
082389,0,0,0,-61,,,,
082390,0,0,0,660,,,,
082393,0,0,0,-9,,,,
082394,0,0,0,108,,,,
082395,0,0,0,13,,,,
082397,0,0,0,-50,,,,
082399,0,0,0,14,,,,
082400,0,0,0,19,,,,
082401,0,0,0,-23,,,,
082402,0,0,0,-266,,,,
082404,0,0,0,-64,,,,
082406,0,0,0,-6,,,,
082407,0,0,0,-34,,,,
082409,0,0,0,-11,,,,
082411,0,0,0,-15,,,,
082414,0,0,0,-358,,,,
082415,0,0,0,849,,,,
082416,0,0,0,109,,,,
082425,0,0,0,5,,,,
082427,0,0,0,97,,,,
082429,0,0,0,0,,,,
082431,0,0,0,20,,,,
082434,0,0,0,0,,,,
082437,0,0,0,4,,,,
082439,0,0,0,39,,,,
082440,0,0,0,-23,,,,
082442,0,0,0,70,,,,
082443,0,0,0,-100,,,,
082447,0,0,0,12,,,,
082448,0,0,0,-53,,,,
082451,0,0,0,-5,,,,
082454,0,0,0,218,,,,
082455,0,0,0,-169,,,,
082458,0,0,0,-23,,,,
082459,0,0,0,-234,,,,
082460,0,0,0,478,,,,
082461,0,0,0,11,,,,
082464,0,0,0,295,,,,
082465,0,0,0,230,,,,
082466,0,0,0,106,,,,
082467,0,0,0,101,,,,
082468,0,0,0,-224,,,,
082469,0,0,0,-50,,,,
082470,0,0,0,-100,,,,
082471,0,0,0,129,,,,
082473,0,0,0,75,,,,
082480,0,0,0,-3,,,,
082483,0,0,0,50,,,,
082484,0,0,0,-9,,,,
082485,0,0,0,-10,,,,
082486,0,0,0,15,,,,
08248P,0,0,0,-1,,,,
082490,0,0,0,-342,,,,
082492,0,0,0,-52,,,,
082494,0,0,0,54,,,,
082495,0,0,0,-10,,,,
082500,0,0,0,-10,,,,
082502,0,0,0,0,,,,
082504,0,0,0,94,,,,
082505,0,0,0,-357,,,,
082506,0,0,0,4,,,,
082507,0,0,0,3,,,,
082509,0,0,0,1,,,,
082511,0,0,0,-401,,,,
082512,0,0,0,217,,,,
082514,0,0,0,104,,,,
082515,0,0,0,44,,,,
082516,0,0,0,40,,,,
082517,0,0,0,873,,,,
082519,0,0,0,-194,,,,
08251P,0,0,0,-5,,,,
082521,0,0,0,50,,,,
082522,0,0,0,-107,,,,
082523,0,0,0,234,,,,
082526,0,0,0,67,,,,
082527,0,0,0,-96,,,,
082529,0,0,0,18,,,,
082534,0,0,0,20,,,,
082535,0,0,0,-24,,,,
082536,0,0,0,-2,,,,
082537,0,0,0,-20,,,,
082542,0,0,0,3,,,,
082546,0,0,0,5,,,,
082547,0,0,0,0,,,,
082548,0,0,0,-16,,,,
082549,0,0,0,-12,,,,
08254P,0,0,0,-15,,,,
082550,0,0,0,-37,,,,
082551,0,0,0,7,,,,
082552,0,0,0,-31,,,,
082553,0,0,0,-26,,,,
082554,0,0,0,-187,,,,
082556,0,0,0,-13,,,,
082557,0,0,0,99,,,,
082558,0,0,0,-32,,,,
082560,0,0,0,-10,,,,
082561,0,0,0,258,,,,
082562,0,0,0,6,,,,
082563,0,0,0,-20,,,,
082564,0,0,0,8,,,,
082566,0,0,0,45,,,,
082569,0,0,0,-12,,,,
082570,0,0,0,239,,,,
082571,0,0,0,-99,,,,
082572,0,0,0,-106,,,,
082573,0,0,0,148,,,,
082575,0,0,0,226,,,,
082577,0,0,0,877,,,,
082580,0,0,0,-2,,,,
082581,0,0,0,-9,,,,
082582,0,0,0,-8,,,,
082587,0,0,0,-2,,,,
082588,0,0,0,-235,,,,
082589,0,0,0,-37,,,,
082590,0,0,0,29,,,,
082591,0,0,0,332,,,,
082592,0,0,0,30,,,,
082593,0,0,0,48,,,,
082594,0,0,0,51,,,,
082608,0,0,0,39,,,,
082609,0,0,0,78,,,,
082610,0,0,0,20,,,,
082612,0,0,0,-40,,,,
082615,0,0,0,-84,,,,
082616,0,0,0,76,,,,
082618,0,0,0,1,,,,
082622,0,0,0,50,,,,
082624,0,0,0,-5,,,,
082627,0,0,0,-8,,,,
082628,0,0,0,-85,,,,
082629,0,0,0,207,,,,
082630,0,0,0,-7,,,,
082631,0,0,0,-24,,,,
082632,0,0,0,283,,,,
082633,0,0,0,860,,,,
082638,0,0,0,-76,,,,
08263P,0,0,0,-998,,,,
082640,0,0,0,-4,,,,
082648,0,0,0,-5,,,,
082651,0,0,0,60,,,,
082652,0,0,0,5,,,,
082653,0,0,0,77,,,,
082655,0,0,0,-10,,,,
082656,0,0,0,-37,,,,
082657,0,0,0,70,,,,
082662,0,0,0,55,,,,
082664,0,0,0,46,,,,
082665,0,0,0,1,,,,
082669,0,0,0,-16,,,,
082672,0,0,0,2,,,,
082673,0,0,0,-1,,,,
082675,0,0,0,-423,,,,
082678,0,0,0,9,,,,
082679,0,0,0,20,,,,
082681,0,0,0,10,,,,
082683,0,0,0,20,,,,
082687,0,0,0,-183,,,,
082688,0,0,0,-12,,,,
082691,0,0,0,-41,,,,
082692,0,0,0,-2,,,,
082693,0,0,0,-16,,,,
082694,0,0,0,24,,,,
082698,0,0,0,-34,,,,
082699,0,0,0,-39,,,,
082700,0,0,0,-2,,,,
082704,0,0,0,-120,,,,
082707,0,0,0,8,,,,
082708,0,0,0,0,,,,
082709,0,0,0,-1,,,,
082710,0,0,0,600,,,,
082713,0,0,0,-406,,,,
082714,0,0,0,265,,,,
082716,0,0,0,-444,,,,
082717,0,0,0,13,,,,
082719,0,0,0,10,,,,
082721,0,0,0,-91,,,,
082722,0,0,0,-78,,,,
082724,0,0,0,275,,,,
082726,0,0,0,246,,,,
082727,0,0,0,76,,,,
082728,0,0,0,-72,,,,
082729,0,0,0,-79,,,,
082736,0,0,0,-1,,,,
082737,0,0,0,43,,,,
082742,0,0,0,8,,,,
082743,0,0,0,31,,,,
082744,0,0,0,2,,,,
082745,0,0,0,0,,,,
082746,0,0,0,-164,,,,
082749,0,0,0,-94,,,,
082751,0,0,0,-1,,,,
082756,0,0,0,-9,,,,
082757,0,0,0,-27,,,,
082758,0,0,0,263,,,,
082760,0,0,0,13,,,,
082762,0,0,0,32,,,,
082763,0,0,0,-6,,,,
082769,0,0,0,39,,,,
082771,0,0,0,-32,,,,
082772,0,0,0,86,,,,
082776,0,0,0,0,,,,
082777,0,0,0,128,,,,
082778,0,0,0,21,,,,
082780,0,0,0,-2,,,,
082784,0,0,0,9,,,,
082788,0,0,0,-6,,,,
082789,0,0,0,-27,,,,
082790,0,0,0,0,,,,
082791,0,0,0,-3,,,,
082792,0,0,0,2,,,,
082793,0,0,0,0,,,,
082798,0,0,0,21,,,,
082799,0,0,0,36,,,,
082801,0,0,0,-9,,,,
082802,0,0,0,9,,,,
082803,0,0,0,-2,,,,
082805,0,0,0,0,,,,
082806,0,0,0,-45,,,,
082807,0,0,0,7,,,,
082809,0,0,0,2,,,,
082810,0,0,0,-26,,,,
082814,0,0,0,-18,,,,
082815,0,0,0,-8,,,,
082823,0,0,0,-56,,,,
082826,0,0,0,100,,,,
082828,0,0,0,-27,,,,
082830,0,0,0,-347,,,,
082832,0,0,0,7,,,,
082835,0,0,0,0,,,,
082838,0,0,0,-4,,,,
082839,0,0,0,-16,,,,
082840,0,0,0,248,,,,
082847,0,0,0,57,,,,
082848,0,0,0,-24,,,,
082849,0,0,0,3,,,,
082850,0,0,0,1,,,,
082852,0,0,0,63,,,,
082853,0,0,0,-44,,,,
082854,0,0,0,312,,,,
082858,0,0,0,258,,,,
082865,0,0,0,0,,,,
082868,0,0,0,-24,,,,
082872,0,0,0,-33,,,,
082874,0,0,0,32,,,,
082877,0,0,0,22,,,,
082878,0,0,0,2,,,,
082879,0,0,0,90,,,,
08287P,0,0,0,99,,,,
082884,0,0,0,0,,,,
082885,0,0,0,-10,,,,
082887,0,0,0,-48,,,,
082888,0,0,0,140,,,,
082895,0,0,0,-1,,,,
082896,0,0,0,0,,,,
082897,0,0,0,9,,,,
082899,0,0,0,-5,,,,
082902,0,0,0,11,,,,
082903,0,0,0,0,,,,
082907,0,0,0,139,,,,
082908,0,0,0,747,,,,
082909,0,0,0,17,,,,
082912,0,0,0,-45,,,,
082916,0,0,0,-3,,,,
082918,0,0,0,-41,,,,
082919,0,0,0,6,,,,
082922,0,0,0,-10,,,,
082924,0,0,0,-46,,,,
082926,0,0,0,3,,,,
082929,0,0,0,9,,,,
082930,0,0,0,54,,,,
082931,0,0,0,-2,,,,
082933,0,0,0,45,,,,
082935,0,0,0,-23,,,,
082937,0,0,0,0,,,,
082940,0,0,0,10,,,,
082942,0,0,0,7,,,,
082944,0,0,0,-23,,,,
082947,15,0,0,-78,,,,
082948,0,0,0,38,,,,
082953,0,0,0,-48,,,,
082955,0,0,0,342,,,,
082956,0,0,0,0,,,,
082959,0,0,0,13,,,,
082963,0,0,0,90,,,,
082965,0,0,0,87,,,,
082966,0,0,0,-36,,,,
082968,0,0,0,118,,,,
082969,0,0,0,-40,,,,
082972,0,0,0,-96,,,,
082977,0,0,0,-2,,,,
082981,0,0,0,0,,,,
082982,0,0,0,-50,,,,
082985,0,0,0,16,,,,
082988,0,0,0,-84,,,,
08298P,0,0,0,300,,,,
082990,0,0,0,44,,,,
082993,0,0,0,-11,,,,
082994,0,0,0,-30,,,,
082995,0,0,0,76,,,,
082996,0,0,0,-135,,,,
082997,0,0,0,573,,,,
082998,0,0,0,-5,,,,
083000,0,0,0,-6,,,,
083005,0,0,0,-284,,,,
083009,0,0,0,-1,,,,
083010,0,0,0,-13,,,,
083011,0,0,0,-47,,,,
083012,0,0,0,0,,,,
083014,0,0,0,-35,,,,
083015,0,0,0,-15,,,,
083018,0,0,0,40,,,,
083019,0,0,0,-14,,,,
083020,0,0,0,-22,,,,
083021,0,0,0,25,,,,
083022,0,0,0,77,,,,
083027,0,0,0,107,,,,
083028,0,0,0,-198,,,,
083032,0,0,0,168,,,,
083033,0,0,0,-13,,,,
083034,0,0,0,-5,,,,
083035,0,0,0,38,,,,
083039,0,0,0,93,,,,
083042,0,0,0,0,,,,
083046,0,0,0,-1,,,,
083047,0,0,0,7,,,,
083048,0,0,0,1,,,,
083053,0,0,0,63,,,,
083057,0,0,0,-22,,,,
08305P,0,0,0,15,,,,
083060,0,0,0,-207,,,,
083061,0,0,0,71,,,,
083063,0,0,0,-27,,,,
083066,0,0,0,-45,,,,
083068,0,0,0,5,,,,
083069,0,0,0,-228,,,,
083071,0,0,0,29,,,,
083074,0,0,0,146,,,,
083076,0,0,0,-188,,,,
083077,0,0,0,115,,,,
083079,0,0,0,-32,,,,
083081,0,0,0,53,,,,
083085,0,0,0,-100,,,,
083087,0,0,0,28,,,,
083090,0,0,0,-6,,,,
083091,0,0,0,14,,,,
083092,0,0,0,-35,,,,
083094,0,0,0,-106,,,,
083095,0,0,0,-20,,,,
083096,0,0,0,-1,,,,
083098,0,0,0,10,,,,
083101,0,0,0,38,,,,
083103,0,0,0,121,,,,
083106,0,0,0,-77,,,,
083107,0,0,0,-66,,,,
083109,0,0,0,160,,,,
083114,0,0,0,-31,,,,
083119,0,0,0,99,,,,
083120,0,0,0,4,,,,
083125,0,0,0,-126,,,,
083129,0,0,0,15,,,,
083130,0,0,0,47,,,,
083131,0,0,0,160,,,,
083136,0,0,0,-219,,,,
083137,0,0,0,181,,,,
083139,0,0,0,88,,,,
083140,0,0,0,-24,,,,
083141,0,0,0,-506,,,,
083148,0,0,0,53,,,,
083150,0,0,0,10,,,,
083155,0,0,0,-201,,,,
083160,0,0,0,-15,,,,
083163,0,0,0,223,,,,
083166,0,0,0,9,,,,
083170,0,0,0,-170,,,,
083172,0,0,0,3,,,,
083175,0,0,0,-253,,,,
083176,0,0,0,-456,,,,
083177,0,0,0,85,,,,
083178,0,0,0,-26,,,,
083180,0,0,0,33,,,,
083181,0,0,0,17,,,,
083182,0,0,0,48,,,,
083186,0,0,0,0,,,,
083188,0,0,0,-30,,,,
083189,0,0,0,-70,,,,
083191,0,0,0,-66,,,,
083193,0,0,0,1,,,,
083194,0,0,0,145,,,,
083195,0,0,0,-529,,,,
083196,0,0,0,-78,,,,
083197,0,0,0,65,,,,
083199,0,0,0,-46,,,,
08319P,0,0,0,15,,,,
083202,0,0,0,-24,,,,
083207,0,0,0,-15,,,,
08320P,0,0,0,-75,,,,
083211,0,0,0,-81,,,,
083212,0,0,0,-108,,,,
083216,0,0,0,41,,,,
083217,0,0,0,2,,,,
083222,0,0,0,87,,,,
083223,0,0,0,1,,,,
083226,0,0,0,-20,,,,
083227,0,0,0,32,,,,
083230,0,0,0,-60,,,,
083231,0,0,0,-10,,,,
083232,0,0,0,-60,,,,
083233,0,0,0,-76,,,,
083234,0,0,0,23,,,,
083235,0,0,0,2,,,,
083236,0,0,0,10,,,,
083237,0,0,0,-42,,,,
083238,0,0,0,29,,,,
083240,0,0,0,-210,,,,
083242,0,0,0,-8,,,,
083246,0,0,0,-5,,,,
083247,0,0,0,-12,,,,
083248,0,0,0,7,,,,
083250,0,0,0,-25,,,,
083255,0,0,0,-1,,,,
083257,0,0,0,75,,,,
083260,0,0,0,79,,,,
083264,0,0,0,458,,,,
083265,0,0,0,16,,,,
083266,0,0,0,-1,,,,
083268,0,0,0,-634,,,,
083269,0,0,0,-439,,,,
083272,0,0,0,162,,,,
083273,0,0,0,163,,,,
083275,0,0,0,22,,,,
083276,0,0,0,20,,,,
083277,0,0,0,71,,,,
083278,0,0,0,-40,,,,
083281,0,0,0,-65,,,,
083282,0,0,0,8,,,,
083283,0,0,0,-95,,,,
083284,0,0,0,373,,,,
083286,0,0,0,35,,,,
083287,0,0,0,-1,,,,
083289,0,0,0,-171,,,,
083290,0,0,0,10,,,,
083291,0,0,0,-70,,,,
083293,0,0,0,75,,,,
083294,0,0,0,60,,,,
083296,0,0,0,185,,,,
083297,0,0,0,27,,,,
083298,0,0,0,8,,,,
083299,0,0,0,0,,,,
083300,0,0,0,64,,,,
083301,0,0,0,70,,,,
083303,0,0,0,-48,,,,
083305,0,0,0,105,,,,
083307,0,0,0,427,,,,
083308,0,0,0,-10,,,,
083310,0,0,0,-12,,,,
083316,0,0,0,45,,,,
083317,0,0,0,-53,,,,
083321,0,0,0,-58,,,,
083323,0,0,0,-5,,,,
083325,0,0,0,47,,,,
083327,0,0,0,2,,,,
083328,0,0,0,33,,,,
083329,0,0,0,-6,,,,
083330,0,0,0,119,,,,
083332,0,0,0,22,,,,
083333,0,0,0,-30,,,,
083336,0,0,0,-44,,,,
083337,0,0,0,68,,,,
08333P,0,0,0,-10,,,,
083341,0,0,0,-4,,,,
083343,0,0,0,-311,,,,
083344,0,0,0,-172,,,,
083345,0,0,0,24,,,,
083346,0,0,0,-6,,,,
083347,0,0,0,-1,,,,
083348,0,0,0,117,,,,
083349,0,0,0,-150,,,,
083351,0,0,0,133,,,,
083354,0,0,0,-134,,,,
083355,0,0,0,-121,,,,
083357,0,0,0,-30,,,,
083359,0,0,0,-40,,,,
083360,0,0,0,115,,,,
083361,0,0,0,2,,,,
083366,0,0,0,-143,,,,
083367,0,0,0,-300,,,,
083368,0,0,0,-4,,,,
083369,0,0,0,-88,,,,
083370,0,0,0,-36,,,,
083373,0,0,0,50,,,,
083375,0,0,0,-20,,,,
083377,0,0,0,-50,,,,
083379,0,0,0,40,,,,
083381,0,0,0,56,,,,
083388,0,0,0,-30,,,,
083395,0,0,0,-57,,,,
083396,0,0,0,132,,,,
083398,0,0,0,-96,,,,
083399,0,0,0,7,,,,
083401,0,0,0,9,,,,
083406,0,0,0,-3,,,,
083407,0,0,0,30,,,,
083408,0,0,0,35,,,,
083411,0,0,0,-3,,,,
083413,0,0,0,-53,,,,
083414,0,0,0,5,,,,
083415,0,0,0,44,,,,
083418,0,0,0,-19,,,,
083420,0,0,0,-1,,,,
083423,0,0,0,33,,,,
083426,0,0,0,16,,,,
083427,0,0,0,0,,,,
083428,0,0,0,1,,,,
083429,0,0,0,0,,,,
083430,0,0,0,-1,,,,
083431,0,0,0,853,,,,
083434,0,0,0,-2,,,,
083435,0,0,0,-115,,,,
083436,0,0,0,19,,,,
083437,0,0,0,96,,,,
083438,0,0,0,2,,,,
083439,0,0,0,84,,,,
08343P,0,0,0,70,,,,
083440,0,0,0,3,,,,
083444,0,0,0,-297,,,,
083445,0,0,0,346,,,,
083446,0,0,0,-35,,,,
083447,0,0,0,-43,,,,
083448,0,0,0,149,,,,
083449,0,0,0,-75,,,,
083450,0,0,0,4,,,,
083451,0,0,0,0,,,,
083452,0,0,0,-156,,,,
083453,0,0,0,2,,,,
083455,0,0,0,-2,,,,
083456,0,0,0,12,,,,
083457,0,0,0,-219,,,,
083459,0,0,0,-260,,,,
083462,0,0,0,-92,,,,
083463,0,0,0,20,,,,
083467,0,0,0,-101,,,,
083471,0,0,0,-19,,,,
083472,0,0,0,16,,,,
083475,0,0,0,-89,,,,
083477,0,0,0,-249,,,,
083478,0,0,0,20,,,,
083482,0,0,0,28,,,,
083484,0,0,0,-71,,,,
083485,0,0,0,1,,,,
083493,0,0,0,176,,,,
083494,0,0,0,-185,,,,
083498,0,0,0,-94,,,,
083499,0,0,0,-20,,,,
083501,0,0,0,-109,,,,
083503,0,0,0,-398,,,,
083504,0,0,0,26,,,,
083505,0,0,0,-4,,,,
083506,0,0,0,-72,,,,
083507,0,0,0,-36,,,,
083508,0,0,0,105,,,,
083509,0,0,0,-44,,,,
083510,0,0,0,44,,,,
083512,0,0,0,74,,,,
083513,0,0,0,62,,,,
083515,0,0,0,-22,,,,
083518,0,0,0,-10,,,,
083520,0,0,0,449,,,,
083522,0,0,0,265,,,,
083523,0,0,0,-43,,,,
083525,0,0,0,-258,,,,
083527,0,0,0,56,,,,
083528,0,0,0,147,,,,
083530,0,0,0,1,,,,
083531,0,0,0,1,,,,
083533,0,0,0,338,,,,
083534,0,0,0,6,,,,
083536,0,0,0,-75,,,,
083539,0,0,0,7,,,,
08353P,0,0,0,20,,,,
083540,0,0,0,-1,,,,
083541,0,0,0,-6,,,,
083547,0,0,0,1046,,,,
083552,0,0,0,27,,,,
083553,0,0,0,0,,,,
083555,0,0,0,-18,,,,
083556,0,0,0,78,,,,
083559,0,0,0,-91,,,,
083560,0,0,0,-43,,,,
083562,0,0,0,-20,,,,
083563,0,0,0,-3,,,,
083564,0,0,0,-222,,,,
083565,0,0,0,-1,,,,
083567,0,0,0,2,,,,
083573,0,0,0,-49,,,,
083574,0,0,0,45,,,,
083576,0,0,0,112,,,,
083577,0,0,0,-1,,,,
083578,0,0,0,40,,,,
083580,0,0,0,50,,,,
083582,0,0,0,1,,,,
083583,0,0,0,0,,,,
083585,0,0,0,28,,,,
083588,0,0,0,-234,,,,
083589,0,0,0,-38,,,,
083590,0,0,0,230,,,,
083591,0,0,0,-1,,,,
083592,0,0,0,-124,,,,
083593,0,0,0,10,,,,
083595,0,0,0,7,,,,
083596,0,0,0,327,,,,
083601,0,0,0,-25,,,,
083602,0,0,0,8,,,,
083603,0,0,0,-46,,,,
083604,0,0,0,106,,,,
083606,0,0,0,-225,,,,
083607,0,0,0,-4,,,,
083611,0,0,0,7,,,,
083614,0,0,0,1,,,,
083616,0,0,0,2,,,,
083622,0,0,0,-132,,,,
083625,0,0,0,19,,,,
083626,0,0,0,60,,,,
083627,0,0,0,453,,,,
083628,0,0,0,-32,,,,
083629,0,0,0,-19,,,,
083630,0,0,0,119,,,,
083631,0,0,0,5,,,,
083632,0,0,0,229,,,,
083634,0,0,0,16,,,,
083635,0,0,0,9,,,,
083638,0,0,0,15,,,,
083640,0,0,0,27,,,,
083642,0,0,0,-8,,,,
083643,0,0,0,60,,,,
083644,0,0,0,-221,,,,
083645,0,0,0,-90,,,,
083646,0,0,0,60,,,,
083648,0,0,0,-100,,,,
083651,0,0,0,140,,,,
083652,0,0,0,-4,,,,
083653,0,0,0,-3,,,,
083654,0,0,0,0,,,,
083655,0,0,0,-40,,,,
083656,0,0,0,-50,,,,
083659,0,0,0,43,,,,
083660,0,0,0,5,,,,
083662,0,0,0,-59,,,,
083663,0,0,0,-128,,,,
083664,0,0,0,-5,,,,
083666,0,0,0,5,,,,
083668,0,0,0,-29,,,,
083675,0,0,0,58,,,,
083676,0,0,0,61,,,,
083677,0,0,0,48,,,,
083680,0,0,0,-543,,,,
083681,0,0,0,-5,,,,
083686,0,0,0,465,,,,
083687,0,0,0,-57,,,,
083688,0,0,0,-35,,,,
083689,0,0,0,20,,,,
083690,0,0,0,-5,,,,
083695,0,0,0,-19,,,,
083707,0,0,0,45,,,,
083709,0,0,0,29,,,,
083710,0,0,0,180,,,,
083711,0,0,0,29,,,,
083714,0,0,0,-60,,,,
083716,0,0,0,-186,,,,
083717,0,0,0,2,,,,
083718,0,0,0,-17,,,,
083719,0,0,0,-8,,,,
083720,0,0,0,-51,,,,
083724,0,0,0,300,,,,
083727,0,0,0,-2,,,,
083728,0,0,0,2,,,,
083729,0,0,0,-1,,,,
083730,0,0,0,-28,,,,
083731,0,0,0,253,,,,
083734,0,0,0,27,,,,
083736,0,0,0,48,,,,
083737,0,0,0,191,,,,
083740,0,0,0,11,,,,
083742,0,0,0,1,,,,
083744,0,0,0,-103,,,,
083747,0,0,0,128,,,,
083749,0,0,0,30,,,,
083750,0,0,0,-67,,,,
083753,0,0,0,-69,,,,
083754,0,0,0,176,,,,
083755,0,0,0,-68,,,,
083756,0,0,0,2,,,,
083757,0,0,0,-4,,,,
083758,0,0,0,-104,,,,
083759,0,0,0,-119,,,,
083760,0,0,0,10,,,,
083765,0,0,0,50,,,,
083766,0,0,0,-1,,,,
083767,0,0,0,-11,,,,
083768,0,0,0,-2,,,,
083769,0,0,0,-24,,,,
08376P,0,0,0,20,,,,
083770,0,0,0,11,,,,
083771,0,0,0,-288,,,,
083772,0,0,0,50,,,,
083773,0,0,0,-8,,,,
083774,0,0,0,-5,,,,
083775,0,0,0,-443,,,,
083777,0,0,0,18,,,,
083778,0,0,0,20,,,,
083781,0,0,0,-25,,,,
083782,0,0,0,1048,,,,
083783,0,0,0,342,,,,
083784,0,0,0,6,,,,
083786,0,0,0,51,,,,
083789,0,0,0,-49,,,,
083790,0,0,0,-173,,,,
083791,0,0,0,1,,,,
083792,0,0,0,-142,,,,
083794,0,0,0,171,,,,
083795,0,0,0,-1,,,,
083796,0,0,0,10,,,,
083798,0,0,0,0,,,,
08379P,0,0,0,-5,,,,
083804,0,0,0,0,,,,
083806,0,0,0,-102,,,,
083807,0,0,0,10,,,,
083808,0,0,0,63,,,,
083810,0,0,0,18,,,,
083812,0,0,0,20,,,,
083813,0,0,0,-13,,,,
083814,0,0,0,21,,,,
083816,0,0,0,978,,,,
083818,0,0,0,30,,,,
083819,0,0,0,61,,,,
08381P,0,0,0,-12,,,,
083820,0,0,0,-110,,,,
083821,0,0,0,-434,,,,
083822,0,0,0,-168,,,,
083823,0,0,0,-16,,,,
083824,0,0,0,3,,,,
083826,0,0,0,-420,,,,
083828,0,0,0,-8,,,,
083829,0,0,0,247,,,,
083830,0,0,0,-51,,,,
083832,0,0,0,-683,,,,
083833,0,0,0,-46,,,,
083835,0,0,0,1,,,,
083836,0,0,0,27,,,,
083837,0,0,0,80,,,,
083838,0,0,0,186,,,,
083841,0,0,0,-2,,,,
083845,0,0,0,-119,,,,
083846,0,0,0,4,,,,
083847,0,0,0,-25,,,,
083849,0,0,0,12,,,,
083850,0,0,0,9,,,,
083852,0,0,0,3,,,,
083853,0,0,0,-196,,,,
083855,0,0,0,-7,,,,
083858,0,0,0,-803,,,,
083859,0,0,0,-7,,,,
083864,0,0,0,-19,,,,
083866,0,0,0,-2,,,,
083870,0,0,0,-4,,,,
083871,0,0,0,-183,,,,
083872,0,0,0,-77,,,,
083873,0,0,0,-25,,,,
083874,0,0,0,-104,,,,
083876,0,0,0,-140,,,,
083880,0,0,0,156,,,,
083881,0,0,0,-39,,,,
083883,0,0,0,-84,,,,
083884,0,0,0,-18,,,,
083885,0,0,0,54,,,,
083887,0,0,0,-10,,,,
083888,0,0,0,-42,,,,
083889,0,0,0,48,,,,
083890,0,0,0,47,,,,
083892,0,0,0,-28,,,,
083893,0,0,0,7,,,,
083894,0,0,0,-24,,,,
083895,0,0,0,17,,,,
083896,0,0,0,16,,,,
083897,0,0,0,1,,,,
083898,0,0,0,-40,,,,
083899,0,0,0,7,,,,
083901,0,0,0,-1115,,,,
083902,0,0,0,-175,,,,
083906,0,0,0,30,,,,
083907,0,0,0,-5,,,,
083909,0,0,0,51,,,,
083912,0,0,0,96,,,,
083913,0,0,0,-118,,,,
083917,0,0,0,-28,,,,
083918,0,0,0,1,,,,
08391P,0,0,0,-11,,,,
083921,0,0,0,-1,,,,
083923,0,0,0,0,,,,
083924,0,0,0,0,,,,
083926,0,0,0,0,,,,
083931,0,0,0,15,,,,
083934,0,0,0,15,,,,
083935,0,0,0,27,,,,
083937,0,0,0,5,,,,
083939,0,0,0,-86,,,,
083940,0,0,0,3,,,,
083941,0,0,0,-8,,,,
083942,0,0,0,-2,,,,
083944,0,0,0,10,,,,
083945,0,0,0,24,,,,
083946,0,0,0,-126,,,,
083952,0,0,0,469,,,,
083954,0,0,0,80,,,,
083956,0,0,0,-187,,,,
083957,0,0,0,-1,,,,
083958,0,0,0,130,,,,
083959,0,0,0,-190,,,,
083960,0,0,0,-13,,,,
083961,0,0,0,79,,,,
083963,0,0,0,-8,,,,
083965,0,0,0,-3,,,,
083967,0,0,0,26,,,,
083972,0,0,0,3,,,,
083973,0,0,0,298,,,,
083974,0,0,0,74,,,,
083976,0,0,0,-1,,,,
083978,0,0,0,51,,,,
083979,0,0,0,5,,,,
08397P,0,0,0,-378,,,,
083980,0,0,0,1,,,,
083981,0,0,0,75,,,,
083983,0,0,0,-164,,,,
083984,0,0,0,-51,,,,
083986,0,0,0,-153,,,,
083987,0,0,0,198,,,,
083989,0,0,0,-5,,,,
083991,0,0,0,-5,,,,
083993,0,0,0,-37,,,,
083996,0,0,0,86,,,,
083997,0,0,0,25,,,,
083998,0,0,0,21,,,,
084004,0,0,0,25,,,,
084005,0,0,0,93,,,,
084007,0,0,0,94,,,,
084011,0,0,0,196,,,,
084013,0,0,0,24,,,,
084014,0,0,0,146,,,,
084016,0,0,0,-55,,,,
084017,0,0,0,338,,,,
084018,0,0,0,10,,,,
084019,0,0,0,-75,,,,
084021,0,0,0,96,,,,
084022,0,0,0,-34,,,,
084023,0,0,0,-289,,,,
084024,0,0,0,-157,,,,
084025,0,0,0,234,,,,
084027,0,0,0,-9,,,,
084031,0,0,0,-1,,,,
084032,0,0,0,-30,,,,
084034,0,0,0,-91,,,,
084035,0,0,0,-4,,,,
084036,0,0,0,-52,,,,
084037,0,0,0,-67,,,,
084038,0,0,0,15,,,,
084039,0,0,0,5,,,,
084040,0,0,0,58,,,,
084042,0,0,0,-117,,,,
084048,0,0,0,64,,,,
084051,0,0,0,7,,,,
084053,0,0,0,9,,,,
084054,0,0,0,0,,,,
084055,0,0,0,-1,,,,
084058,0,0,0,-10,,,,
084059,0,0,0,14,,,,
084060,0,0,0,18,,,,
084061,0,0,0,25,,,,
084062,0,0,0,-38,,,,
084063,0,0,0,43,,,,
084064,0,0,0,16,,,,
084065,0,0,0,2,,,,
084066,0,0,0,-98,,,,
084067,0,0,0,0,,,,
084068,0,0,0,90,,,,
084069,0,0,0,16,,,,
084070,0,0,0,-12,,,,
084071,0,0,0,3,,,,
084072,0,0,0,-8,,,,
084078,0,0,0,-1,,,,
084081,0,0,0,42,,,,
084082,0,0,0,-43,,,,
084084,0,0,0,135,,,,
084089,0,0,0,33,,,,
084090,0,0,0,-226,,,,
084091,0,0,0,-13,,,,
084098,0,0,0,30,,,,
08409P,0,0,0,31,,,,
084102,0,0,0,-280,,,,
084103,0,0,0,-162,,,,
084104,0,0,0,125,,,,
084105,0,0,0,92,,,,
084106,0,0,0,-136,,,,
084107,0,0,0,-3,,,,
084109,0,0,0,10,,,,
084110,0,0,0,-284,,,,
084113,0,0,0,-70,,,,
084114,0,0,0,-79,,,,
084117,0,0,0,58,,,,
084118,0,0,0,-10,,,,
084122,0,0,0,-97,,,,
084123,0,0,0,0,,,,
084124,0,0,0,13,,,,
084126,0,0,0,-130,,,,
084127,0,0,0,-20,,,,
084129,0,0,0,0,,,,
084130,0,0,0,0,,,,
084131,0,0,0,10,,,,
084139,0,0,0,81,,,,
084140,0,0,0,-564,,,,
084141,0,0,0,-54,,,,
084143,0,0,0,26,,,,
084144,0,0,0,-128,,,,
084146,0,0,0,107,,,,
084147,0,0,0,82,,,,
084148,0,0,0,-107,,,,
084149,0,0,0,-3,,,,
08414P,0,0,0,45,,,,
084150,0,0,0,348,,,,
084151,0,0,0,-46,,,,
084153,0,0,0,-229,,,,
084154,0,0,0,-297,,,,
084155,0,0,0,18,,,,
084157,0,0,0,213,,,,
084158,0,0,0,1,,,,
084159,0,0,0,-1,,,,
08415P,0,0,0,50,,,,
084160,0,0,0,417,,,,
084161,0,0,0,-1,,,,
084162,0,0,0,-3,,,,
084164,0,0,0,0,,,,
084165,0,0,0,51,,,,
084167,0,0,0,0,,,,
084168,0,0,0,62,,,,
084170,0,0,0,-35,,,,
084171,0,0,0,0,,,,
084172,0,0,0,-11,,,,
084175,0,0,0,13,,,,
084176,0,0,0,-132,,,,
084177,0,0,0,-242,,,,
084178,0,0,0,32,,,,
084179,0,0,0,5,,,,
084180,0,0,0,51,,,,
084183,0,0,0,69,,,,
084185,0,0,0,77,,,,
084186,0,0,0,-255,,,,
084188,0,0,0,112,,,,
084189,0,0,0,5,,,,
084193,0,0,0,-9,,,,
084195,0,0,0,-66,,,,
084197,0,0,0,-30,,,,
084198,0,0,0,-10,,,,
084199,0,0,0,499,,,,
08419P,0,0,0,-15,,,,
084200,0,0,0,10,,,,
084201,0,0,0,-26,,,,
084203,0,0,0,4,,,,
084204,0,0,0,-24,,,,
084205,0,0,0,211,,,,
084206,0,0,0,35,,,,
084207,0,0,0,-17,,,,
084208,0,0,0,12,,,,
084209,0,0,0,27,,,,
08420P,0,0,0,40,,,,
084210,0,0,0,1,,,,
084211,0,0,0,-499,,,,
084212,0,0,0,0,,,,
084213,0,0,0,81,,,,
084215,0,0,0,-23,,,,
084217,0,0,0,-10,,,,
084219,0,0,0,29,,,,
084220,0,0,0,-28,,,,
084221,0,0,0,-90,,,,
084222,0,0,0,-160,,,,
084225,0,0,0,-25,,,,
084226,0,0,0,14,,,,
084227,0,0,0,18,,,,
084229,0,0,0,9,,,,
084230,0,0,0,16,,,,
084231,0,0,0,79,,,,
084232,0,0,0,-101,,,,
084234,0,0,0,-27,,,,
084235,0,0,0,-134,,,,
084236,0,0,0,25,,,,
084237,0,0,0,729,,,,
084239,0,0,0,-287,,,,
084240,0,0,0,-72,,,,
084241,0,0,0,10,,,,
084242,0,0,0,-143,,,,
084243,0,0,0,1,,,,
084245,0,0,0,20,,,,
084247,0,0,0,27,,,,
084249,0,0,0,20,,,,
084254,0,0,0,18,,,,
084259,0,0,0,3,,,,
084260,0,0,0,12,,,,
084261,0,0,0,-10,,,,
084262,0,0,0,-33,,,,
084263,0,0,0,-83,,,,
084264,0,0,0,0,,,,
084265,0,0,0,53,,,,
084266,0,0,0,10,,,,
084267,0,0,0,47,,,,
084269,0,0,0,-133,,,,
084274,0,0,0,4,,,,
084275,0,0,0,-12,,,,
084278,0,0,0,0,,,,
08427P,0,0,0,-589,,,,
084283,0,0,0,-15,,,,
084284,0,0,0,28,,,,
084286,0,0,0,-20,,,,
084287,0,0,0,132,,,,
084288,0,0,0,-115,,,,
084289,0,0,0,-14,,,,
084291,0,0,0,-38,,,,
084293,0,0,0,45,,,,
084294,0,0,0,-2,,,,
084295,0,0,0,-2,,,,
084297,0,0,0,436,,,,
084300,0,0,0,-256,,,,
084301,0,0,0,120,,,,
084302,0,0,0,-45,,,,
084303,0,0,0,-121,,,,
084304,0,0,0,10,,,,
084305,0,0,0,162,,,,
084306,0,0,0,8,,,,
084307,0,0,0,80,,,,
084308,0,0,0,-31,,,,
084309,0,0,0,250,,,,
084310,0,0,0,15,,,,
084311,0,0,0,196,,,,
084312,0,0,0,262,,,,
084314,0,0,0,26,,,,
084316,0,0,0,96,,,,
084317,0,0,0,-10,,,,
084322,0,0,0,1,,,,
084323,0,0,0,-26,,,,
084325,0,0,0,0,,,,
084326,0,0,0,49,,,,
084327,0,0,0,0,,,,
084328,0,0,0,-10,,,,
084331,0,0,0,-95,,,,
084333,0,0,0,-1,,,,
084334,0,0,0,0,,,,
084335,0,0,0,3,,,,
084337,0,0,0,5,,,,
084339,0,0,0,-2,,,,
084349,0,0,0,33,,,,
084350,0,0,0,214,,,,
084352,0,0,0,160,,,,
084353,0,0,0,-100,,,,
084354,0,0,0,65,,,,
084356,0,0,0,-14,,,,
084359,0,0,0,41,,,,
084360,0,0,0,60,,,,
084364,0,0,0,67,,,,
084365,0,0,0,-53,,,,
084366,0,0,0,99,,,,
084367,0,0,0,-18,,,,
084368,0,0,0,-29,,,,
084370,0,0,0,51,,,,
084371,0,0,0,1,,,,
084373,0,0,0,3,,,,
084376,0,0,0,-1,,,,
084379,0,0,0,40,,,,
08437P,0,0,0,-5,,,,
084380,0,0,0,73,,,,
084383,0,0,0,-6,,,,
084384,0,0,0,4,,,,
084385,0,0,0,0,,,,
084388,0,0,0,-11,,,,
084389,0,0,0,-3,,,,
084390,0,0,0,97,,,,
084391,0,0,0,27,,,,
084392,0,0,0,20,,,,
084393,0,0,0,-64,,,,
084394,0,0,0,-9,,,,
084399,0,0,0,1,,,,
084400,0,0,0,0,,,,
084406,0,0,0,-221,,,,
084411,0,0,0,-10,,,,
084414,0,0,0,20,,,,
084420,0,0,0,138,,,,
084427,0,0,0,-1,,,,
08442P,0,0,0,60,,,,
084430,0,0,0,10,,,,
084433,0,0,0,23,,,,
084434,0,0,0,27,,,,
084436,0,0,0,1,,,,
08443P,0,0,0,-1,,,,
084442,0,0,0,40,,,,
084444,0,0,0,-142,,,,
084446,0,0,0,-148,,,,
084448,0,0,0,0,,,,
084450,0,0,0,-23,,,,
084451,0,0,0,-61,,,,
084452,0,0,0,-58,,,,
084453,0,0,0,-254,,,,
084454,0,0,0,-63,,,,
084455,0,0,0,-1,,,,
084457,0,0,0,-15,,,,
084459,0,0,0,123,,,,
084460,0,0,0,-1,,,,
084462,0,0,0,-2,,,,
084463,0,0,0,-4,,,,
084464,0,0,0,532,,,,
084465,0,0,0,28,,,,
084467,0,0,0,57,,,,
084468,0,0,0,6,,,,
084469,0,0,0,39,,,,
084471,0,0,0,14,,,,
084472,0,0,0,43,,,,
084474,0,0,0,181,,,,
084476,0,0,0,-8,,,,
084477,0,0,0,55,,,,
084478,0,0,0,221,,,,
084479,0,0,0,-81,,,,
084480,0,0,0,-162,,,,
084481,0,0,0,-13,,,,
084483,0,0,0,166,,,,
084486,0,0,0,7,,,,
084487,0,0,0,-18,,,,
084489,0,0,0,-200,,,,
084493,0,0,0,-25,,,,
084496,0,0,0,-2,,,,
084497,0,0,0,-199,,,,
084498,0,0,0,3,,,,
084499,0,0,0,-4,,,,
084500,0,0,0,-5,,,,
084501,0,0,0,-40,,,,
084502,0,0,0,-20,,,,
084503,0,0,0,259,,,,
084504,0,0,0,-659,,,,
084505,0,0,0,5,,,,
084506,0,0,0,-55,,,,
084507,0,0,0,31,,,,
084508,0,0,0,42,,,,
084509,0,0,0,-64,,,,
084510,0,0,0,-67,,,,
084511,0,0,0,1,,,,
084514,0,0,0,207,,,,
084515,0,0,0,266,,,,
084522,0,0,0,35,,,,
084523,0,0,0,618,,,,
084524,0,0,0,0,,,,
084525,0,0,0,-31,,,,
084533,0,0,0,-46,,,,
084535,0,0,0,52,,,,
084540,0,0,0,158,,,,
084542,0,0,0,148,,,,
084543,0,0,0,49,,,,
084547,0,0,0,-8,,,,
084548,0,0,0,-62,,,,
084550,0,0,0,120,,,,
084551,0,0,0,12,,,,
084552,0,0,0,-100,,,,
084555,0,0,0,80,,,,
084556,0,0,0,90,,,,
084557,0,0,0,-329,,,,
084561,0,0,0,67,,,,
084562,0,0,0,72,,,,
084563,0,0,0,-98,,,,
084564,0,0,0,80,,,,
084565,0,0,0,29,,,,
084566,0,0,0,-218,,,,
084567,0,0,0,-40,,,,
084569,0,0,0,-28,,,,
084570,0,0,0,-264,,,,
084571,0,0,0,-200,,,,
084577,0,0,0,40,,,,
084579,0,0,0,-24,,,,
084580,0,0,0,20,,,,
084582,0,0,0,-314,,,,
084583,0,0,0,48,,,,
084585,0,0,0,-92,,,,
084586,0,0,0,-6,,,,
084593,0,0,0,-1,,,,
084594,0,0,0,-37,,,,
084595,0,0,0,-69,,,,
084599,0,0,0,1,,,,
084600,0,0,0,-68,,,,
084602,0,0,0,1,,,,
084605,0,0,0,9,,,,
084607,0,0,0,261,,,,
084608,0,0,0,0,,,,
084609,0,0,0,26,,,,
084612,0,0,0,33,,,,
084614,0,0,0,-2,,,,
084617,0,0,0,-3,,,,
084618,0,0,0,-6,,,,
084619,0,0,0,-1,,,,
084623,0,0,0,-27,,,,
084624,0,0,0,0,,,,
084626,0,0,0,27,,,,
084628,0,0,0,5,,,,
084629,0,0,0,13,,,,
08462P,0,0,0,-1,,,,
084634,0,0,0,0,,,,
084635,0,0,0,0,,,,
084636,0,0,0,20,,,,
084637,0,0,0,0,,,,
084639,0,0,0,3,,,,
084640,0,0,0,1,,,,
084641,0,0,0,117,,,,
084643,0,0,0,-71,,,,
084644,0,0,0,38,,,,
084645,0,0,0,577,,,,
084646,0,0,0,-1,,,,
084647,0,0,0,-3,,,,
08464P,0,0,0,2,,,,
084650,0,0,0,19,,,,
084653,0,0,0,0,,,,
084657,0,0,0,15,,,,
084658,0,0,0,-9,,,,
084659,0,0,0,-149,,,,
084660,0,0,0,66,,,,
084661,0,0,0,-80,,,,
084662,0,0,0,-24,,,,
084664,0,0,0,-9,,,,
084665,0,0,0,19,,,,
084666,0,0,0,11,,,,
084667,0,0,0,10,,,,
084669,0,0,0,42,,,,
084670,0,0,0,-29,,,,
084671,0,0,0,3,,,,
084672,0,0,0,10,,,,
084673,0,0,0,19,,,,
084675,0,0,0,0,,,,
084676,0,0,0,48,,,,
084678,0,0,0,25,,,,
084680,0,0,0,-16,,,,
084682,0,0,0,-125,,,,
084683,0,0,0,-92,,,,
084685,0,0,0,-35,,,,
084686,0,0,0,-20,,,,
084688,0,0,0,-46,,,,
084689,0,0,0,4,,,,
084692,0,0,0,-6,,,,
084693,0,0,0,-50,,,,
084694,0,0,0,-128,,,,
084695,0,0,0,-55,,,,
084697,0,0,0,-104,,,,
084698,0,0,0,-104,,,,
084699,0,0,0,-25,,,,
084700,0,0,0,230,,,,
084701,0,0,0,-1,,,,
084702,0,0,0,-1,,,,
084703,0,0,0,11,,,,
084704,0,0,0,302,,,,
084705,0,0,0,74,,,,
084706,0,0,0,-3,,,,
084708,0,0,0,-2,,,,
084710,0,0,0,-146,,,,
084712,0,0,0,363,,,,
084717,0,0,0,89,,,,
084718,0,0,0,0,,,,
084722,0,0,0,50,,,,
084724,0,0,0,-79,,,,
084726,0,0,0,10,,,,
084727,0,0,0,51,,,,
084730,0,0,0,-162,,,,
084733,0,0,0,-77,,,,
084736,0,0,0,63,,,,
084737,0,0,0,248,,,,
084738,0,0,0,-1,,,,
084739,0,0,0,0,,,,
08473P,0,0,0,-30,,,,
084740,0,0,0,23,,,,
084741,0,0,0,-182,,,,
084744,0,0,0,100,,,,
084745,0,0,0,50,,,,
084746,0,0,0,0,,,,
084752,0,0,0,22,,,,
084755,0,0,0,95,,,,
084756,0,0,0,10,,,,
084759,0,0,0,-42,,,,
084761,0,0,0,-87,,,,
084762,0,0,0,33,,,,
084763,0,0,0,-71,,,,
084764,0,0,0,11,,,,
084766,0,0,0,-10,,,,
084767,0,0,0,155,,,,
084768,0,0,0,6,,,,
084769,0,0,0,18,,,,
084770,0,0,0,153,,,,
084771,0,0,0,38,,,,
084774,0,0,0,32,,,,
084778,0,0,0,-77,,,,
084779,0,0,0,25,,,,
084780,0,0,0,-5,,,,
084781,0,0,0,18,,,,
084782,0,0,0,-208,,,,
084784,0,0,0,-10,,,,
084785,0,0,0,-177,,,,
084787,0,0,0,170,,,,
084788,0,0,0,97,,,,
084789,0,0,0,37,,,,
084790,0,0,0,22,,,,
084791,0,0,0,-2795,,,,
084792,0,0,0,-2995,,,,
084794,0,0,0,8,,,,
084795,0,0,0,19,,,,
084802,0,0,0,32,,,,
084803,0,0,0,88,,,,
084804,0,0,0,-79,,,,
084807,0,0,0,19,,,,
08480P,0,0,0,1,,,,
084810,0,0,0,-28,,,,
084811,0,0,0,254,,,,
084813,0,0,0,-45,,,,
084814,0,0,0,0,,,,
084815,0,0,0,0,,,,
084817,0,0,0,87,,,,
08481P,0,0,0,2,,,,
084820,0,0,0,-2,,,,
084823,0,0,0,0,,,,
084824,0,0,0,1,,,,
084828,0,0,0,-30,,,,
084830,0,0,0,-392,,,,
084831,0,0,0,79,,,,
084833,0,0,0,16,,,,
084836,0,0,0,5,,,,
084841,0,0,0,46,,,,
084842,0,0,0,8,,,,
084843,0,0,0,-6,,,,
084848,0,0,0,0,,,,
084855,0,0,0,-94,,,,
084856,0,0,0,-49,,,,
084857,0,0,0,0,,,,
084858,0,0,0,-15,,,,
084859,0,0,0,63,,,,
084860,0,0,0,30,,,,
084862,0,0,0,-90,,,,
084863,0,0,0,84,,,,
084866,0,0,0,13,,,,
084868,0,0,0,1,,,,
084870,0,0,0,-40,,,,
084871,0,0,0,10,,,,
084872,0,0,0,-205,,,,
084875,0,0,0,215,,,,
084878,0,0,0,-29,,,,
084880,0,0,0,-165,,,,
084881,0,0,0,-26,,,,
084883,0,0,0,-60,,,,
084885,0,0,0,30,,,,
084887,0,0,0,-10,,,,
08488P,0,0,0,-110,,,,
084890,0,0,0,19,,,,
084893,0,0,0,54,,,,
084895,0,0,0,515,,,,
084901,0,0,0,-34,,,,
084902,0,0,0,61,,,,
084903,0,0,0,15,,,,
084904,0,0,0,-1,,,,
084906,0,0,0,-5,,,,
084907,0,0,0,-15,,,,
084908,0,0,0,-1,,,,
084909,0,0,0,-1,,,,
084910,0,0,0,194,,,,
084911,0,0,0,1,,,,
084912,0,0,0,57,,,,
084913,0,0,0,24,,,,
084916,0,0,0,-5,,,,
084917,0,0,0,-277,,,,
084918,0,0,0,-68,,,,
084920,0,0,0,-95,,,,
084921,0,0,0,5,,,,
084923,0,0,0,89,,,,
084924,0,0,0,-132,,,,
084925,0,0,0,37,,,,
084926,0,0,0,-58,,,,
084927,0,0,0,-81,,,,
084928,0,0,0,-26,,,,
084929,0,0,0,-5,,,,
08492P,0,0,0,-328,,,,
084930,0,0,0,74,,,,
084931,0,0,0,-306,,,,
084932,0,0,0,411,,,,
084933,0,0,0,-2,,,,
084935,0,0,0,-29,,,,
084936,0,0,0,136,,,,
084938,0,0,0,168,,,,
084939,0,0,0,-240,,,,
084940,0,0,0,-3,,,,
084941,0,0,0,10,,,,
084943,0,0,0,-2,,,,
084948,0,0,0,49,,,,
084949,0,0,0,-30,,,,
084950,0,0,0,4,,,,
084952,0,0,0,-4,,,,
084953,0,0,0,-32,,,,
084956,0,0,0,44,,,,
084957,0,0,0,100,,,,
084958,0,0,0,53,,,,
084961,0,0,0,0,,,,
084963,0,0,0,34,,,,
084965,0,0,0,-47,,,,
084966,0,0,0,4,,,,
084967,0,0,0,67,,,,
084971,0,0,0,0,,,,
084972,0,0,0,-42,,,,
084974,0,0,0,-202,,,,
084975,0,0,0,1,,,,
084976,0,0,0,116,,,,
084977,0,0,0,-40,,,,
084984,0,0,0,-3,,,,
084987,0,0,0,6,,,,
084989,0,0,0,19,,,,
084992,0,0,0,-5,,,,
084994,0,0,0,10,,,,
084996,0,0,0,-150,,,,
084997,0,0,0,-13,,,,
085000,0,0,0,0,,,,
085001,0,0,0,2,,,,
085004,0,0,0,13,,,,
085005,0,0,0,40,,,,
085007,0,0,0,6,,,,
085012,0,0,0,145,,,,
085013,0,0,0,193,,,,
085014,0,0,0,36,,,,
085016,0,0,0,36,,,,
085018,0,0,0,-10,,,,
085019,0,0,0,19,,,,
085020,0,0,0,-102,,,,
085022,0,0,0,2,,,,
085023,0,0,0,7,,,,
085024,0,0,0,-5,,,,
085025,0,0,0,-60,,,,
085026,0,0,0,4,,,,
085027,0,0,0,185,,,,
085028,0,0,0,15,,,,
085030,0,0,0,-3,,,,
085031,0,0,0,80,,,,
085032,0,0,0,-532,,,,
085033,0,0,0,-192,,,,
085034,0,0,0,-112,,,,
085036,0,0,0,54,,,,
085039,0,0,0,85,,,,
085043,0,0,0,-55,,,,
085044,0,0,0,-10,,,,
085045,0,0,0,36,,,,
085047,0,0,0,-148,,,,
085049,0,0,0,59,,,,
085050,0,0,0,245,,,,
085053,0,0,0,49,,,,
085054,0,0,0,-24,,,,
085055,0,0,0,-2,,,,
085057,0,0,0,-9,,,,
085059,0,0,0,66,,,,
085060,0,0,0,-90,,,,
085061,0,0,0,-154,,,,
085062,0,0,0,5,,,,
085063,0,0,0,33,,,,
085065,0,0,0,-1,,,,
085066,0,0,0,-8,,,,
085067,0,0,0,636,,,,
085068,0,0,0,-232,,,,
085069,0,0,0,-32,,,,
085070,0,0,0,-53,,,,
085071,0,0,0,50,,,,
085073,0,0,0,-21,,,,
085074,0,0,0,-2,,,,
085075,0,0,0,-12,,,,
085076,0,0,0,69,,,,
085077,0,0,0,-4,,,,
085079,0,0,0,-360,,,,
085085,0,0,0,-32,,,,
085088,0,0,0,20,,,,
085091,0,0,0,1,,,,
085092,0,0,0,-35,,,,
085096,0,0,0,31,,,,
085099,0,0,0,23,,,,
08509P,0,0,0,-30,,,,
085100,0,0,0,-10,,,,
085101,0,0,0,-39,,,,
085103,0,0,0,-77,,,,
085109,0,0,0,43,,,,
085111,0,0,0,-16,,,,
085112,0,0,0,-32,,,,
085113,0,0,0,-13,,,,
085114,0,0,0,8,,,,
085115,0,0,0,10,,,,
085116,0,0,0,30,,,,
085117,0,0,0,-2,,,,
085118,0,0,0,-200,,,,
085122,0,0,0,46,,,,
085123,0,0,0,-123,,,,
085124,0,0,0,-24,,,,
085125,0,0,0,24,,,,
085126,0,0,0,8,,,,
085129,0,0,0,0,,,,
085131,0,0,0,73,,,,
085132,0,0,0,1,,,,
085136,0,0,0,32,,,,
085140,0,0,0,52,,,,
085143,0,0,0,-14,,,,
085144,0,0,0,101,,,,
085145,0,0,0,32,,,,
085147,0,0,0,0,,,,
085148,0,0,0,-24,,,,
085151,0,0,0,281,,,,
085152,0,0,0,25,,,,
085153,0,0,0,-413,,,,
085154,0,0,0,16,,,,
085155,0,0,0,-10,,,,
085161,0,0,0,474,,,,
085162,0,0,0,32,,,,
085163,0,0,0,88,,,,
085169,0,0,0,10,,,,
085172,0,0,0,-5,,,,
085175,0,0,0,2,,,,
085178,0,0,0,51,,,,
085179,0,0,0,31,,,,
085180,0,0,0,-8,,,,
085181,0,0,0,-10,,,,
085182,0,0,0,-126,,,,
085183,0,0,0,-10,,,,
085184,0,0,0,-1,,,,
085186,0,0,0,17,,,,
085187,0,0,0,-1,,,,
085188,0,0,0,-155,,,,
08518P,0,0,0,-2,,,,
085190,0,0,0,-585,,,,
085191,0,0,0,-2,,,,
085192,0,0,0,200,,,,
085196,0,0,0,-1,,,,
085198,0,0,0,48,,,,
085204,0,0,0,1,,,,
085209,0,0,0,127,,,,
085211,0,0,0,21,,,,
085212,0,0,0,11,,,,
085215,0,0,0,48,,,,
085217,0,0,0,57,,,,
085218,0,0,0,-20,,,,
085219,0,0,0,11,,,,
085220,0,0,0,-5,,,,
085221,0,0,0,460,,,,
085226,0,0,0,-6,,,,
085227,0,0,0,177,,,,
085228,0,0,0,137,,,,
085229,0,0,0,-17,,,,
085230,0,0,0,-88,,,,
085232,0,0,0,25,,,,
085233,0,0,0,-111,,,,
085234,0,0,0,-268,,,,
085236,0,0,0,-241,,,,
085237,0,0,0,-328,,,,
085238,0,0,0,87,,,,
085239,0,0,0,138,,,,
085241,0,0,0,-358,,,,
085242,0,0,0,247,,,,
085243,0,0,0,1,,,,
085244,0,0,0,17,,,,
085245,0,0,0,21,,,,
085246,0,0,0,-81,,,,
085249,0,0,0,144,,,,
085251,0,0,0,45,,,,
085252,0,0,0,4,,,,
085253,0,0,0,71,,,,
085254,0,0,0,100,,,,
085258,0,0,0,1222,,,,
085259,0,0,0,128,,,,
085261,0,0,0,25,,,,
085262,0,0,0,88,,,,
085263,0,0,0,36,,,,
085264,0,0,0,419,,,,
085268,0,0,0,-6,,,,
085270,0,0,0,15,,,,
085275,0,0,0,51,,,,
085277,0,0,0,10,,,,
085278,0,0,0,16,,,,
085279,0,0,0,62,,,,
085280,0,0,0,-97,,,,
085281,0,0,0,90,,,,
085285,0,0,0,46,,,,
085286,0,0,0,2,,,,
085289,0,0,0,42,,,,
085290,0,0,0,15,,,,
085291,0,0,0,-1,,,,
085292,0,0,0,5,,,,
085293,0,0,0,2,,,,
085294,0,0,0,6,,,,
085295,0,0,0,-467,,,,
085296,0,0,0,-70,,,,
085298,0,0,0,114,,,,
085299,0,0,0,0,,,,
085300,0,0,0,6,,,,
085302,0,0,0,-14,,,,
085303,0,0,0,13,,,,
085311,0,0,0,-10,,,,
085312,0,0,0,62,,,,
085316,0,0,0,22,,,,
085318,0,0,0,-2,,,,
085319,0,0,0,-53,,,,
085323,0,0,0,-40,,,,
085327,0,0,0,-57,,,,
085328,0,0,0,10,,,,
085329,0,0,0,46,,,,
08532P,0,0,0,-248,,,,
085332,0,0,0,-127,,,,
085335,0,0,0,-254,,,,
085337,0,0,0,2,,,,
085339,0,0,0,100,,,,
085340,0,0,0,-43,,,,
085341,0,0,0,26,,,,
085348,0,0,0,41,,,,
085349,0,0,0,3,,,,
085350,0,0,0,-82,,,,
085351,0,0,0,0,,,,
085352,0,0,0,-13,,,,
085355,0,0,0,10,,,,
085360,0,0,0,0,,,,
085362,0,0,0,-21,,,,
085363,0,0,0,0,,,,
085367,0,0,0,5,,,,
085368,0,0,0,-971,,,,
085369,0,0,0,217,,,,
085370,0,0,0,389,,,,
085371,0,0,0,62,,,,
085372,0,0,0,10,,,,
085374,0,0,0,-2,,,,
085376,0,0,0,89,,,,
085377,0,0,0,0,,,,
085382,0,0,0,-232,,,,
085383,0,0,0,120,,,,
085385,0,0,0,-241,,,,
085386,0,0,0,-42,,,,
085387,0,0,0,26,,,,
085388,0,0,0,6,,,,
085389,0,0,0,-32,,,,
085391,0,0,0,43,,,,
085392,0,0,0,-26,,,,
085393,0,0,0,7,,,,
085395,0,0,0,1,,,,
085396,0,0,0,2,,,,
085397,0,0,0,-1,,,,
085399,0,0,0,15,,,,
085402,0,0,0,7,,,,
085403,0,0,0,56,,,,
085404,0,0,0,-20,,,,
085405,0,0,0,15,,,,
085406,0,0,0,-92,,,,
085407,0,0,0,-30,,,,
085408,0,0,0,75,,,,
085409,0,0,0,-11,,,,
085410,0,0,0,-1,,,,
085411,0,0,0,-3,,,,
085412,0,0,0,1,,,,
085420,0,0,0,66,,,,
085421,0,0,0,82,,,,
085423,0,0,0,-5,,,,
085424,0,0,0,-101,,,,
085425,0,0,0,-334,,,,
085426,0,0,0,12,,,,
085427,0,0,0,2,,,,
085430,0,0,0,49,,,,
085431,0,0,0,-13,,,,
085434,0,0,0,154,,,,
085436,0,0,0,-7,,,,
085437,0,0,0,-54,,,,
085438,0,0,0,1,,,,
085439,0,0,0,106,,,,
085441,0,0,0,-22,,,,
085443,0,0,0,62,,,,
085445,0,0,0,8,,,,
085448,0,0,0,88,,,,
085451,0,0,0,14,,,,
085452,0,0,0,-20,,,,
085454,0,0,0,-52,,,,
085455,0,0,0,-33,,,,
085457,0,0,0,-31,,,,
085458,0,0,0,285,,,,
085459,0,0,0,-1,,,,
085461,0,0,0,-226,,,,
085463,0,0,0,495,,,,
085464,0,0,0,-62,,,,
085465,0,0,0,-98,,,,
085466,0,0,0,-21,,,,
085467,0,0,0,45,,,,
085468,0,0,0,-68,,,,
085469,0,0,0,-2,,,,
085470,0,0,0,12,,,,
085471,0,0,0,21,,,,
085476,0,0,0,-10,,,,
085477,0,0,0,5,,,,
085478,0,0,0,749,,,,
085481,0,0,0,-10,,,,
085484,0,0,0,-336,,,,
085486,0,0,0,-42,,,,
085487,0,0,0,-1601,,,,
085488,0,0,0,49,,,,
085489,0,0,0,-12,,,,
085490,0,0,0,1,,,,
085493,0,0,0,-26,,,,
085495,0,0,0,367,,,,
085496,0,0,0,1,,,,
085497,0,0,0,11,,,,
085498,0,0,0,42,,,,
085499,0,0,0,-41,,,,
085503,0,0,0,21,,,,
085505,0,0,0,30,,,,
085506,0,0,0,10,,,,
085507,0,0,0,-80,,,,
085509,0,0,0,-308,,,,
085510,0,0,0,33,,,,
085511,0,0,0,25,,,,
085512,0,0,0,1,,,,
085513,0,0,0,-12,,,,
085514,0,0,0,0,,,,
085515,0,0,0,51,,,,
085516,0,0,0,-13,,,,
085517,0,0,0,-35,,,,
085519,0,0,0,-30,,,,
085521,0,0,0,-3,,,,
085522,0,0,0,-2,,,,
085523,0,0,0,0,,,,
085526,0,0,0,40,,,,
085529,0,0,0,-243,,,,
085530,0,0,0,34,,,,
085531,0,0,0,-21,,,,
085533,0,0,0,59,,,,
085534,0,0,0,-12,,,,
085541,0,0,0,-1027,,,,
085542,0,0,0,-24,,,,
085544,0,0,0,174,,,,
085545,0,0,0,20,,,,
085546,0,0,0,1,,,,
085547,0,0,0,-5,,,,
085549,0,0,0,71,,,,
085550,0,0,0,67,,,,
085551,0,0,0,1,,,,
085552,0,0,0,-143,,,,
085553,0,0,0,-5,,,,
085554,0,0,0,-2,,,,
085556,0,0,0,18,,,,
085557,0,0,0,-50,,,,
085559,0,0,0,10,,,,
085560,0,0,0,44,,,,
085561,0,0,0,16,,,,
085563,0,0,0,967,,,,
085564,0,0,0,389,,,,
085565,0,0,0,236,,,,
085566,0,0,0,37,,,,
085569,0,0,0,-22,,,,
085571,0,0,0,237,,,,
085572,0,0,0,30,,,,
085573,0,0,0,41,,,,
085575,0,0,0,-59,,,,
085576,0,0,0,3,,,,
085580,0,0,0,-6,,,,
085581,0,0,0,36,,,,
085583,0,0,0,22,,,,
085584,0,0,0,211,,,,
085585,0,0,0,-14,,,,
085586,0,0,0,-38,,,,
085587,0,0,0,66,,,,
085588,0,0,0,0,,,,
085589,0,0,0,-54,,,,
085591,0,0,0,-462,,,,
085592,0,0,0,2,,,,
085598,0,0,0,-1,,,,
085600,0,0,0,71,,,,
085602,0,0,0,-25,,,,
085607,0,0,0,0,,,,
085609,0,0,0,-47,,,,
085610,0,0,0,-10,,,,
085611,0,0,0,-506,,,,
085614,0,0,0,2,,,,
085616,0,0,0,2,,,,
085620,0,0,0,22,,,,
085623,0,0,0,37,,,,
085624,0,0,0,-14,,,,
085626,0,0,0,-51,,,,
085627,0,0,0,-11,,,,
085628,0,0,0,-109,,,,
085629,0,0,0,52,,,,
085630,0,0,0,22,,,,
085631,0,0,0,50,,,,
085632,0,0,0,-20,,,,
085633,0,0,0,-153,,,,
085635,0,0,0,-161,,,,
085637,0,0,0,-31,,,,
085638,0,0,0,-233,,,,
085639,0,0,0,-202,,,,
085640,0,0,0,112,,,,
085642,0,0,0,-271,,,,
085643,0,0,0,-151,,,,
085644,0,0,0,-248,,,,
085645,0,0,0,87,,,,
085647,0,0,0,31,,,,
085650,0,0,0,75,,,,
085651,0,0,0,537,,,,
085652,0,0,0,66,,,,
085653,0,0,0,-167,,,,
085654,0,0,0,-20,,,,
085655,0,0,0,-9,,,,
085657,0,0,0,1,,,,
085658,0,0,0,1,,,,
085659,0,0,0,49,,,,
085660,0,0,0,1,,,,
085661,0,0,0,-47,,,,
085662,0,0,0,0,,,,
085663,0,0,0,21,,,,
085664,0,0,0,532,,,,
085667,0,0,0,6,,,,
085672,0,0,0,408,,,,
085673,0,0,0,1,,,,
085674,0,0,0,-13,,,,
085675,0,0,0,0,,,,
085676,0,0,0,-56,,,,
085677,0,0,0,3,,,,
085678,0,0,0,-27,,,,
085681,0,0,0,-2,,,,
085682,0,0,0,-10,,,,
085683,0,0,0,-28,,,,
085684,0,0,0,15,,,,
085685,0,0,0,11,,,,
085686,0,0,0,-1,,,,
085687,0,0,0,-168,,,,
085689,0,0,0,0,,,,
085690,0,0,0,-1,,,,
085695,0,0,0,-18,,,,
085697,0,0,0,-2,,,,
085698,0,0,0,39,,,,
085699,0,0,0,58,,,,
08569P,0,0,0,6,,,,
085703,0,0,0,-184,,,,
085706,0,0,0,-331,,,,
085708,0,0,0,-36,,,,
085711,0,0,0,-33,,,,
085712,0,0,0,20,,,,
085714,0,0,0,17,,,,
085715,0,0,0,0,,,,
085716,0,0,0,3,,,,
085717,0,0,0,-9,,,,
085718,0,0,0,-25,,,,
085719,0,0,0,-14,,,,
085720,0,0,0,-35,,,,
085721,0,0,0,-96,,,,
085722,0,0,0,-9,,,,
085723,0,0,0,1,,,,
085724,0,0,0,-100,,,,
085725,0,0,0,-2,,,,
085726,0,0,0,-50,,,,
085728,0,0,0,251,,,,
085729,0,0,0,-11,,,,
085730,0,0,0,44,,,,
085731,0,0,0,18,,,,
085735,0,0,0,-75,,,,
085737,0,0,0,68,,,,
085738,0,0,0,211,,,,
085739,0,0,0,14,,,,
085740,0,0,0,-81,,,,
085741,0,0,0,56,,,,
085742,0,0,0,-5,,,,
085745,0,0,0,3,,,,
085746,0,0,0,99,,,,
085747,0,0,0,7,,,,
085748,0,0,0,-30,,,,
085749,0,0,0,8,,,,
085750,0,0,0,63,,,,
085751,0,0,0,-179,,,,
085752,0,0,0,7,,,,
085753,0,0,0,-238,,,,
085754,0,0,0,-10,,,,
085755,0,0,0,-15,,,,
085756,0,0,0,65,,,,
085757,0,0,0,-8,,,,
085758,0,0,0,0,,,,
085760,0,0,0,-32,,,,
085762,0,0,0,-91,,,,
085763,0,0,0,-100,,,,
085764,0,0,0,-17,,,,
085765,0,0,0,45,,,,
085767,0,0,0,110,,,,
085768,0,0,0,-80,,,,
085769,0,0,0,10,,,,
085771,0,0,0,-112,,,,
085772,0,0,0,-110,,,,
085775,0,0,0,8,,,,
085776,0,0,0,26,,,,
085777,0,0,0,0,,,,
085779,0,0,0,140,,,,
085783,0,0,0,18,,,,
085784,0,0,0,253,,,,
085785,0,0,0,-705,,,,
085786,0,0,0,-168,,,,
085787,0,0,0,-127,,,,
085789,0,0,0,1,,,,
085793,0,0,0,32,,,,
085794,0,0,0,-40,,,,
085795,0,0,0,-24,,,,
085798,0,0,0,-34,,,,
08579P,0,0,0,14,,,,
085800,0,0,0,5,,,,
085805,0,0,0,3,,,,
085809,0,0,0,15,,,,
085810,0,0,0,-68,,,,
085818,0,0,0,-27,,,,
085823,0,0,0,-226,,,,
085825,0,0,0,-21,,,,
085830,0,0,0,-61,,,,
085831,0,0,0,-28,,,,
085832,0,0,0,-52,,,,
085834,0,0,0,203,,,,
085835,0,0,0,-12,,,,
085836,0,0,0,50,,,,
085838,0,0,0,-58,,,,
085839,0,0,0,20,,,,
085841,0,0,0,-7,,,,
085842,0,0,0,50,,,,
085843,0,0,0,30,,,,
085844,0,0,0,18,,,,
085846,0,0,0,5,,,,
085849,0,0,0,47,,,,
085850,0,0,0,-48,,,,
085854,0,0,0,-7,,,,
085856,0,0,0,-13,,,,
085857,0,0,0,-33,,,,
085858,0,0,0,-71,,,,
085859,0,0,0,2,,,,
085860,0,0,0,6,,,,
085862,0,0,0,134,,,,
085864,0,0,0,148,,,,
085868,0,0,0,154,,,,
08586P,0,0,0,-10,,,,
085870,0,0,0,51,,,,
085871,0,0,0,-112,,,,
085872,0,0,0,-31,,,,
085875,0,0,0,-6,,,,
085876,0,0,0,483,,,,
085877,0,0,0,-73,,,,
085878,0,0,0,3,,,,
085879,0,0,0,26,,,,
085882,0,0,0,23,,,,
085883,0,0,0,148,,,,
085885,0,0,0,-617,,,,
085886,0,0,0,0,,,,
085888,0,0,0,-72,,,,
085890,0,0,0,30,,,,
085891,0,0,0,-17,,,,
085894,0,0,0,-44,,,,
085895,0,0,0,231,,,,
085897,0,0,0,41,,,,
085898,0,0,0,-18,,,,
085900,0,0,0,-83,,,,
085902,0,0,0,50,,,,
085904,0,0,0,38,,,,
085905,0,0,0,23,,,,
085906,0,0,0,-4,,,,
085907,0,0,0,-44,,,,
085909,0,0,0,10,,,,
085911,0,0,0,-54,,,,
085912,0,0,0,277,,,,
085913,0,0,0,-118,,,,
085915,0,0,0,-193,,,,
085916,0,0,0,4,,,,
085917,0,0,0,90,,,,
085918,0,0,0,-2,,,,
085919,0,0,0,69,,,,
085920,0,0,0,39,,,,
085921,0,0,0,78,,,,
085922,0,0,0,239,,,,
085923,0,0,0,-687,,,,
085924,0,0,0,6,,,,
085926,0,0,0,-27,,,,
085927,0,0,0,-5,,,,
085928,0,0,0,749,,,,
085929,0,0,0,578,,,,
08592P,0,0,0,-10,,,,
085931,0,0,0,17,,,,
085933,0,0,0,-1,,,,
085935,-10,0,0,39,,,,
085936,0,0,0,50,,,,
085937,0,0,0,967,,,,
085941,0,0,0,12,,,,
085942,0,0,0,323,,,,
085943,0,0,0,38,,,,
085944,0,0,0,-22,,,,
085945,0,0,0,70,,,,
085946,0,0,0,20,,,,
085947,0,0,0,60,,,,
085948,0,0,0,51,,,,
085949,0,0,0,-17,,,,
08594P,0,0,0,-30,,,,
085950,0,0,0,100,,,,
085953,0,0,0,-246,,,,
085954,0,0,0,-12,,,,
085957,0,0,0,28,,,,
085958,0,0,0,14,,,,
085959,0,0,0,10,,,,
08595P,0,0,0,-2,,,,
085960,0,0,0,-165,,,,
085964,0,0,0,-2,,,,
085968,0,0,0,-1,,,,
085969,0,0,0,44,,,,
08596P,0,0,0,0,,,,
085971,0,0,0,-912,,,,
085972,0,0,0,143,,,,
085975,0,0,0,-23,,,,
085977,0,0,0,-55,,,,
085978,0,0,0,-619,,,,
085979,0,0,0,271,,,,
085981,0,0,0,-46,,,,
085982,0,0,0,-10,,,,
085984,0,0,0,-41,,,,
085985,0,0,0,1,,,,
085986,0,0,0,-28,,,,
085988,0,0,0,41,,,,
085989,0,0,0,5,,,,
085990,0,0,0,48,,,,
085991,0,0,0,-100,,,,
085992,0,0,0,-19,,,,
085993,0,0,0,-4,,,,
085995,0,0,0,42,,,,
085996,0,0,0,-16,,,,
085997,0,0,0,-40,,,,
085998,0,0,0,31,,,,
085999,0,0,0,-30,,,,
086000,0,0,0,-42,,,,
086001,0,0,0,61,,,,
086002,0,0,0,12,,,,
086003,0,0,0,10,,,,
086005,0,0,0,24,,,,
086007,0,0,0,0,,,,
086008,0,0,0,0,,,,
086009,0,0,0,0,,,,
086011,0,0,0,-49,,,,
086013,0,0,0,-28,,,,
086018,0,0,0,-37,,,,
086019,0,0,0,-30,,,,
08601P,0,0,0,-5,,,,
086020,0,0,0,71,,,,
086024,0,0,0,-19,,,,
086025,0,0,0,0,,,,
086026,0,0,0,19,,,,
086027,0,0,0,-11,,,,
086028,0,0,0,-10,,,,
08602P,0,0,0,10,,,,
086030,0,0,0,3,,,,
086031,0,0,0,10,,,,
086035,0,0,0,-5,,,,
086036,0,0,0,153,,,,
086037,0,0,0,21,,,,
086038,0,0,0,-6,,,,
086039,0,0,0,124,,,,
086040,0,0,0,4,,,,
086041,0,0,0,2,,,,
086042,0,0,0,-8,,,,
086047,0,0,0,4,,,,
086049,0,0,0,20,,,,
08604P,0,0,0,6,,,,
086050,0,0,0,-5,,,,
086053,0,0,0,1,,,,
086054,0,0,0,5,,,,
086055,0,0,0,38,,,,
086056,0,0,0,-11,,,,
086057,0,0,0,-11,,,,
086058,0,0,0,2,,,,
086060,0,0,0,116,,,,
086061,0,0,0,3,,,,
086062,0,0,0,-245,,,,
086063,0,0,0,-136,,,,
086064,0,0,0,-25,,,,
086066,0,0,0,-28,,,,
086067,0,0,0,1,,,,
086068,0,0,0,-194,,,,
086069,0,0,0,45,,,,
086070,0,0,0,-109,,,,
086071,0,0,0,26,,,,
086073,0,0,0,-132,,,,
086074,0,0,0,26,,,,
086077,0,0,0,-101,,,,
086078,0,0,0,5,,,,
086080,0,0,0,3,,,,
086081,0,0,0,-5,,,,
086083,0,0,0,383,,,,
086084,0,0,0,21,,,,
086085,0,0,0,-279,,,,
086088,0,0,0,220,,,,
086089,0,0,0,-115,,,,
086090,0,0,0,171,,,,
086091,0,0,0,8,,,,
086095,0,0,0,37,,,,
086096,0,0,0,-371,,,,
086099,0,0,0,97,,,,
086100,0,0,0,293,,,,
086102,0,0,0,32,,,,
086103,0,0,0,8,,,,
086104,0,0,0,-1,,,,
086106,0,0,0,300,,,,
086107,0,0,0,403,,,,
086108,0,0,0,37,,,,
086109,0,0,0,94,,,,
086110,0,0,0,8,,,,
086113,0,0,0,0,,,,
086114,0,0,0,-18,,,,
086115,0,0,0,-3,,,,
086116,0,0,0,-9,,,,
086117,0,0,0,45,,,,
086118,0,0,0,0,,,,
086120,0,0,0,196,,,,
086123,0,0,0,-113,,,,
086124,0,0,0,18,,,,
086125,0,0,0,-1,,,,
086126,0,0,0,-84,,,,
086127,0,0,0,10,,,,
086129,0,0,0,5,,,,
086131,0,0,0,33,,,,
086133,0,0,0,3,,,,
086135,0,0,0,15,,,,
086136,0,0,0,58,,,,
086137,0,0,0,21,,,,
086138,0,0,0,-483,,,,
086140,0,0,0,-81,,,,
086141,0,0,0,1,,,,
086142,0,0,0,-88,,,,
086144,0,0,0,48,,,,
086145,0,0,0,401,,,,
086146,0,0,0,-122,,,,
086147,0,0,0,-108,,,,
086148,0,0,0,-18,,,,
086152,0,0,0,1,,,,
086153,0,0,0,8,,,,
086158,0,0,0,0,,,,
086159,0,0,0,-6,,,,
086161,0,0,0,-50,,,,
086162,0,0,0,-66,,,,
086163,0,0,0,-169,,,,
086165,0,0,0,-58,,,,
086166,0,0,0,-163,,,,
086167,0,0,0,42,,,,
086169,0,0,0,-55,,,,
086171,0,0,0,107,,,,
086172,0,0,0,0,,,,
086176,0,0,0,75,,,,
086177,0,0,0,52,,,,
086178,0,0,0,10,,,,
086179,0,0,0,27,,,,
086180,0,0,0,-31,,,,
086181,0,0,0,1,,,,
086182,0,0,0,3,,,,
086183,0,0,0,-51,,,,
086185,0,0,0,33,,,,
086187,0,0,0,15,,,,
086189,0,0,0,-57,,,,
086190,0,0,0,-30,,,,
086191,0,0,0,1,,,,
086194,0,0,0,-103,,,,
086195,0,0,0,42,,,,
086198,0,0,0,-276,,,,
086201,0,0,0,-20,,,,
086202,0,0,0,-10,,,,
086203,0,0,0,732,,,,
086205,0,0,0,223,,,,
086206,0,0,0,11,,,,
086207,0,0,0,-30,,,,
086208,0,0,0,7,,,,
086209,0,0,0,111,,,,
086210,0,0,0,-21,,,,
086211,0,0,0,237,,,,
086212,0,0,0,-113,,,,
086213,0,0,0,-98,,,,
086214,0,0,0,-395,,,,
086216,0,0,0,29,,,,
086218,0,0,0,-128,,,,
086219,0,0,0,297,,,,
086220,0,0,0,-37,,,,
086221,0,0,0,-358,,,,
086224,0,0,0,-169,,,,
086227,0,0,0,106,,,,
086228,0,0,0,-48,,,,
086229,0,0,0,1,,,,
086230,0,0,0,-12,,,,
086231,0,0,0,1,,,,
086232,0,0,0,-2,,,,
086234,0,0,0,5,,,,
086235,0,0,0,46,,,,
086236,0,0,0,-33,,,,
086237,0,0,0,10,,,,
086238,0,0,0,43,,,,
086239,0,0,0,36,,,,
086244,0,0,0,-100,,,,
086245,0,0,0,-17,,,,
086248,0,0,0,27,,,,
086249,0,0,0,-60,,,,
08624P,0,0,0,-20,,,,
086250,0,0,0,-559,,,,
086251,0,0,0,-50,,,,
086253,0,0,0,-1,,,,
086254,0,0,0,-165,,,,
086255,0,0,0,343,,,,
086256,0,0,0,4,,,,
086257,0,0,0,-420,,,,
086258,0,0,0,-30,,,,
086259,0,0,0,-29,,,,
086261,0,0,0,88,,,,
086262,0,0,0,51,,,,
086263,0,0,0,3,,,,
086266,0,0,0,-20,,,,
086267,0,0,0,-863,,,,
086270,0,0,0,-3,,,,
086271,0,0,0,0,,,,
086273,0,0,0,-20,,,,
086274,0,0,0,7,,,,
086275,0,0,0,246,,,,
08627P,0,0,0,-120,,,,
086280,0,0,0,33,,,,
086281,0,0,0,22,,,,
086283,0,0,0,106,,,,
086284,0,0,0,-6,,,,
086286,0,0,0,-187,,,,
086287,0,0,0,70,,,,
086290,0,0,0,15,,,,
086291,0,0,0,-157,,,,
086292,0,0,0,13,,,,
086293,0,0,0,69,,,,
086294,0,0,0,1,,,,
086295,0,0,0,-37,,,,
086297,0,0,0,-151,,,,
086298,0,0,0,-129,,,,
086299,0,0,0,-100,,,,
086301,0,0,0,151,,,,
086304,0,0,0,-5,,,,
086305,0,0,0,-293,,,,
086306,0,0,0,-203,,,,
086307,0,0,0,0,,,,
086308,0,0,0,-3,,,,
086309,0,0,0,-259,,,,
086310,0,0,0,64,,,,
086311,0,0,0,160,,,,
086312,0,0,0,125,,,,
086313,0,0,0,-11,,,,
086314,0,0,0,469,,,,
086316,0,0,0,-90,,,,
086318,0,0,0,308,,,,
086319,0,0,0,-211,,,,
086320,0,0,0,22,,,,
086322,0,0,0,-36,,,,
086323,0,0,0,147,,,,
086324,0,0,0,-39,,,,
086325,0,0,0,7,,,,
086326,0,0,0,50,,,,
086327,0,0,0,22,,,,
086328,0,0,0,193,,,,
086329,0,0,0,88,,,,
086330,0,0,0,105,,,,
086331,0,0,0,418,,,,
086332,0,0,0,-22,,,,
086333,0,0,0,103,,,,
086334,0,0,0,116,,,,
086337,0,0,0,-35,,,,
086338,0,0,0,-7,,,,
086339,0,0,0,20,,,,
086340,0,0,0,5,,,,
086341,0,0,0,24,,,,
086343,0,0,0,59,,,,
086344,0,0,0,-954,,,,
086345,0,0,0,226,,,,
086346,0,0,0,507,,,,
086347,0,0,0,-17,,,,
086349,0,0,0,2,,,,
086350,0,0,0,-2,,,,
086352,0,0,0,-45,,,,
086353,0,0,0,10,,,,
086354,0,0,0,438,,,,
086357,0,0,0,22,,,,
086358,0,0,0,0,,,,
086362,0,0,0,-3,,,,
086365,0,0,0,-379,,,,
086366,0,0,0,117,,,,
086367,0,0,0,-88,,,,
086370,0,0,0,-7,,,,
086371,0,0,0,-48,,,,
086373,0,0,0,-15,,,,
086374,0,0,0,-39,,,,
086375,0,0,0,-51,,,,
086376,0,0,0,-8,,,,
086378,0,0,0,-6,,,,
086379,0,0,0,-73,,,,
086381,0,0,0,-134,,,,
086382,0,0,0,40,,,,
086383,0,0,0,30,,,,
086384,0,0,0,0,,,,
086385,0,0,0,-26,,,,
086386,0,0,0,-60,,,,
086387,0,0,0,-12,,,,
086388,0,0,0,-33,,,,
086389,0,0,0,-1,,,,
086391,0,0,0,20,,,,
086395,0,0,0,-494,,,,
086396,0,0,0,-199,,,,
086398,0,0,0,-1,,,,
086400,0,0,0,9,,,,
086402,0,0,0,-14,,,,
086403,0,0,0,2,,,,
086404,0,0,0,-146,,,,
086405,0,0,0,27,,,,
086409,0,0,0,-30,,,,
086410,0,0,0,-10,,,,
086412,0,0,0,0,,,,
086413,0,0,0,-5,,,,
086414,0,0,0,-2,,,,
086415,0,0,0,44,,,,
086419,0,0,0,0,,,,
086420,0,0,0,61,,,,
086422,0,0,0,-22,,,,
086423,0,0,0,257,,,,
086424,0,0,0,-60,,,,
086425,0,0,0,12,,,,
086427,0,0,0,-16,,,,
086428,0,0,0,-1,,,,
086431,0,0,0,-9,,,,
086433,0,0,0,-76,,,,
086436,0,0,0,-9,,,,
086437,0,0,0,24,,,,
086439,0,0,0,3,,,,
08643P,0,0,0,43,,,,
086440,0,0,0,-72,,,,
086441,0,0,0,-36,,,,
086443,0,0,0,4,,,,
086444,0,0,0,39,,,,
086446,0,0,0,19,,,,
086447,0,0,0,-61,,,,
086448,0,0,0,23,,,,
08644P,0,0,0,-10,,,,
086450,0,0,0,178,,,,
086451,0,0,0,-23,,,,
086452,0,0,0,-53,,,,
086453,0,0,0,55,,,,
086454,0,0,0,-53,,,,
086455,0,0,0,-200,,,,
086456,0,0,0,-21,,,,
086458,0,0,0,61,,,,
086460,0,0,0,-259,,,,
086461,0,0,0,40,,,,
086463,0,0,0,-247,,,,
086464,0,0,0,-401,,,,
086465,0,0,0,-37,,,,
086467,0,0,0,-160,,,,
086470,0,0,0,-12,,,,
086471,0,0,0,97,,,,
086472,0,0,0,222,,,,
086474,0,0,0,22,,,,
086475,0,0,0,-11,,,,
086477,0,0,0,200,,,,
086478,0,0,0,22,,,,
086479,0,0,0,3,,,,
086480,0,0,0,3,,,,
086481,0,0,0,10,,,,
086482,0,0,0,52,,,,
086483,0,0,0,-117,,,,
086484,0,0,0,-10,,,,
086487,0,0,0,-7,,,,
086489,0,0,0,4,,,,
086490,0,0,0,52,,,,
086494,0,0,0,2,,,,
086495,0,0,0,-26,,,,
086496,0,0,0,-14,,,,
086498,0,0,0,-1,,,,
086499,0,0,0,10,,,,
086501,0,0,0,57,,,,
086502,0,0,0,-25,,,,
086503,0,0,0,42,,,,
086504,0,0,0,1,,,,
086505,0,0,0,6,,,,
086506,0,0,0,-13,,,,
086508,0,0,0,1,,,,
086509,0,0,0,-150,,,,
08650P,0,0,0,4,,,,
086511,0,0,0,11,,,,
086512,0,0,0,5,,,,
086514,0,0,0,59,,,,
086515,0,0,0,-49,,,,
086516,0,0,0,-15,,,,
086517,0,0,0,32,,,,
086518,0,0,0,30,,,,
086519,0,0,0,45,,,,
086520,0,0,0,-27,,,,
086522,0,0,0,-28,,,,
086523,0,0,0,-8,,,,
086524,0,0,0,160,,,,
086525,0,0,0,251,,,,
086526,0,0,0,2,,,,
086527,0,0,0,191,,,,
086528,0,0,0,24,,,,
086529,0,0,0,1,,,,
086530,0,0,0,-53,,,,
086531,0,0,0,25,,,,
086532,0,0,0,-3,,,,
086534,0,0,0,13,,,,
086537,0,0,0,135,,,,
086538,0,0,0,0,,,,
086539,0,0,0,70,,,,
086540,0,0,0,-247,,,,
086541,0,0,0,-40,,,,
086542,0,0,0,-75,,,,
086544,0,0,0,431,,,,
086545,0,0,0,41,,,,
086546,0,0,0,-566,,,,
086547,0,0,0,-1207,,,,
086548,0,0,0,-26,,,,
086549,0,0,0,287,,,,
086550,0,0,0,280,,,,
086551,0,0,0,1,,,,
086552,0,0,0,191,,,,
086553,0,0,0,49,,,,
086554,0,0,0,379,,,,
086555,0,0,0,-4,,,,
086557,0,0,0,113,,,,
086558,0,0,0,1,,,,
086559,0,0,0,-40,,,,
086560,0,0,0,923,,,,
086561,0,0,0,759,,,,
086562,0,0,0,-94,,,,
086563,0,0,0,20,,,,
086564,0,0,0,189,,,,
086566,0,0,0,-25,,,,
086567,0,0,0,10,,,,
086568,0,0,0,-40,,,,
086569,0,0,0,50,,,,
086572,0,0,0,2,,,,
086573,0,0,0,-2,,,,
086576,0,0,0,-32,,,,
086577,0,0,0,1,,,,
086578,0,0,0,42,,,,
086579,0,0,0,-82,,,,
086581,0,0,0,-33,,,,
086582,0,0,0,-62,,,,
086583,0,0,0,-22,,,,
086584,0,0,0,-616,,,,
086588,0,0,0,6,,,,
086589,0,0,0,32,,,,
086591,0,0,0,10,,,,
086593,0,0,0,164,,,,
086597,0,0,0,-72,,,,
086599,0,0,0,32,,,,
086600,0,0,0,24,,,,
086602,0,0,0,-10,,,,
086604,0,0,0,-100,,,,
086605,0,0,0,69,,,,
086606,0,0,0,-96,,,,
086608,0,0,0,-44,,,,
086609,0,0,0,-12,,,,
086610,0,0,0,-22,,,,
086611,0,0,0,146,,,,
086613,0,0,0,-53,,,,
086614,0,0,0,-2,,,,
086618,0,0,0,-499,,,,
086619,0,0,0,7,,,,
086620,0,0,0,-44,,,,
086621,0,0,0,39,,,,
086622,0,0,0,-48,,,,
086624,0,0,0,235,,,,
086625,0,0,0,0,,,,
086626,0,0,0,50,,,,
086629,0,0,0,60,,,,
086630,0,0,0,114,,,,
086633,0,0,0,-92,,,,
086635,0,0,0,2,,,,
086638,0,0,0,10,,,,
086639,0,0,0,-18,,,,
086641,0,0,0,-14,,,,
086642,0,0,-1,378,,,,
086644,0,0,0,-144,,,,
086645,0,0,0,4,,,,
086646,0,0,0,22,,,,
086647,0,0,0,100,,,,
086648,0,0,0,59,,,,
086649,0,0,0,-11,,,,
086650,0,0,0,38,,,,
086651,0,0,0,-47,,,,
086652,0,0,0,-337,,,,
086653,0,0,0,-2,,,,
086654,0,0,0,-146,,,,
086662,0,0,0,-156,,,,
086663,0,0,0,-9,,,,
086664,0,0,0,-195,,,,
086665,0,0,0,-10,,,,
086666,0,0,0,235,,,,
086667,0,0,0,121,,,,
086668,0,0,0,213,,,,
086670,0,0,0,10,,,,
086673,0,0,0,-245,,,,
086674,0,0,0,684,,,,
086675,0,0,0,18,,,,
086677,0,0,0,137,,,,
086679,0,0,0,10,,,,
086680,0,0,0,444,,,,
086681,0,0,0,26,,,,
086682,0,0,0,-10,,,,
086685,0,0,0,-26,,,,
086687,0,0,0,-28,,,,
086689,0,0,0,-3,,,,
086690,0,0,0,102,,,,
086692,0,0,0,-7,,,,
086693,0,0,0,-24,,,,
086694,0,0,0,27,,,,
086695,0,0,0,-11,,,,
086699,0,0,0,-158,,,,
08669P,0,0,0,20,,,,
086701,0,0,0,-4,,,,
086708,0,0,0,1,,,,
086709,0,0,0,-68,,,,
08670P,0,0,0,5,,,,
086715,0,0,0,-5,,,,
086716,0,0,0,9,,,,
086717,0,0,0,-30,,,,
086719,0,0,0,8,,,,
086720,0,0,0,22,,,,
086724,0,0,0,30,,,,
086727,0,0,0,5,,,,
086729,0,0,0,-17,,,,
086730,0,0,0,195,,,,
086732,0,0,0,1,,,,
086733,0,0,0,-23,,,,
086735,0,0,0,55,,,,
086736,0,0,0,33,,,,
086737,0,0,0,-5,,,,
086739,0,0,0,0,,,,
086740,0,0,0,-29,,,,
086741,0,0,0,167,,,,
086742,0,0,0,100,,,,
086743,0,0,0,70,,,,
086744,0,0,0,172,,,,
086745,0,0,0,107,,,,
086746,0,0,0,-106,,,,
086747,0,0,0,142,,,,
086750,0,0,0,-12,,,,
086751,0,0,0,559,,,,
086752,0,0,0,-792,,,,
086753,0,0,0,-1,,,,
086754,0,0,0,-86,,,,
086755,0,0,0,-163,,,,
086756,0,0,0,-1,,,,
086757,0,0,0,129,,,,
086758,0,0,0,30,,,,
086760,0,0,0,-15,,,,
086761,0,0,0,-10,,,,
086762,0,0,0,-13,,,,
086763,0,0,0,35,,,,
086764,0,0,0,-19,,,,
086765,0,0,0,-96,,,,
086766,0,0,0,-240,,,,
086767,0,0,0,67,,,,
086768,0,0,0,-6,,,,
086769,0,0,0,258,,,,
086771,0,0,0,-20,,,,
086773,0,0,0,-32,,,,
086774,0,0,0,2,,,,
086778,0,0,0,20,,,,
086779,0,0,0,16,,,,
086780,0,0,0,0,,,,
086781,0,0,0,77,,,,
086783,0,0,0,80,,,,
086784,0,0,0,430,,,,
086785,0,0,0,64,,,,
086787,0,0,0,33,,,,
086790,0,0,0,0,,,,
086791,0,0,0,2,,,,
086792,0,0,0,21,,,,
086793,0,0,0,61,,,,
086794,0,0,0,17,,,,
086795,0,0,0,-4,,,,
086796,0,0,0,15,,,,
086798,0,0,0,9,,,,
086799,0,0,0,-204,,,,
08679P,0,0,0,-10,,,,
086800,0,0,0,4,,,,
086802,0,0,0,-10,,,,
086803,0,0,0,-39,,,,
086804,0,0,0,-26,,,,
086806,0,0,0,-12,,,,
086809,0,0,0,0,,,,
086810,0,0,0,-5,,,,
086811,0,0,0,-60,,,,
086812,0,0,0,12,,,,
086814,0,0,0,-89,,,,
086817,0,0,0,230,,,,
086818,0,0,0,-7,,,,
08681P,0,0,0,20,,,,
086821,0,0,0,3,,,,
086822,0,0,0,2,,,,
086823,0,0,0,60,,,,
086825,0,0,0,-45,,,,
086826,0,0,0,-65,,,,
086827,0,0,0,-82,,,,
086829,0,0,0,-26,,,,
08682P,0,0,0,12,,,,
086830,0,0,0,19,,,,
086833,0,0,0,-68,,,,
086834,0,0,0,-5,,,,
086844,0,0,0,-80,,,,
086845,0,0,0,-134,,,,
086846,0,0,0,37,,,,
086847,0,0,0,2,,,,
086848,0,0,0,-1,,,,
086850,0,0,0,-1,,,,
086851,0,0,0,-8,,,,
086856,0,0,0,-64,,,,
086859,0,0,0,-12,,,,
086861,0,0,0,4,,,,
086862,0,0,0,90,,,,
086863,0,0,0,-2,,,,
086864,0,0,0,-43,,,,
086867,0,0,0,17,,,,
086870,0,0,0,91,,,,
086875,0,0,0,35,,,,
086877,0,0,0,2,,,,
086879,0,0,0,49,,,,
086881,0,0,0,47,,,,
086883,0,0,0,189,,,,
086884,0,0,0,-26,,,,
086885,0,0,0,58,,,,
086886,0,0,0,27,,,,
086890,0,0,0,-14,,,,
086892,0,0,0,25,,,,
086893,0,0,0,-54,,,,
086894,0,0,0,-53,,,,
086898,0,0,0,388,,,,
086899,0,0,0,-125,,,,
086900,0,0,0,-3,,,,
086901,0,0,0,527,,,,
086903,0,0,0,23,,,,
086906,0,0,0,23,,,,
086908,0,0,0,-100,,,,
086911,0,0,0,29,,,,
086915,0,0,0,-1,,,,
086916,0,0,0,4,,,,
086917,0,0,0,-42,,,,
086918,0,0,0,22,,,,
086920,0,0,0,0,,,,
086925,0,0,0,22,,,,
086926,0,0,0,60,,,,
086927,0,0,0,86,,,,
086928,0,0,0,39,,,,
086929,0,0,0,-154,,,,
086931,0,0,0,-120,,,,
086933,0,0,0,148,,,,
086935,0,0,0,5,,,,
086936,0,0,0,-2,,,,
086937,0,0,0,130,,,,
086938,0,0,0,-57,,,,
086939,0,0,0,53,,,,
086940,0,0,0,-595,,,,
086941,0,0,0,-9,,,,
086943,0,0,0,-94,,,,
086944,0,0,0,30,,,,
086946,0,0,0,5,,,,
086948,0,0,0,-686,,,,
086951,0,0,0,99,,,,
086954,0,0,0,1,,,,
086955,0,0,0,37,,,,
086957,0,0,0,8,,,,
086958,0,0,0,30,,,,
086959,0,0,0,19,,,,
08695P,0,0,0,-200,,,,
086960,0,0,0,23,,,,
086963,0,0,0,102,,,,
086964,0,0,0,-49,,,,
086965,0,0,0,-39,,,,
086966,0,0,0,14,,,,
086967,0,0,0,24,,,,
086968,0,0,0,-98,,,,
086969,0,0,0,251,,,,
086971,0,0,0,199,,,,
086972,0,0,0,475,,,,
086973,0,0,0,515,,,,
086974,0,0,0,79,,,,
086976,0,0,0,379,,,,
086977,0,0,0,30,,,,
086979,0,0,0,-10,,,,
086981,0,0,0,521,,,,
086982,0,0,0,357,,,,
086983,0,0,0,157,,,,
086984,0,0,0,118,,,,
086986,0,0,0,4,,,,
086987,0,0,0,-5,,,,
086988,0,0,0,83,,,,
086989,0,0,0,-99,,,,
08698P,0,0,0,20,,,,
086991,0,0,0,43,,,,
086992,0,0,0,137,,,,
086993,0,0,0,-38,,,,
086994,0,0,0,59,,,,
086995,0,0,0,22,,,,
086996,0,0,0,104,,,,
086998,0,0,0,-264,,,,
086999,0,0,0,-328,,,,
087001,0,0,0,20,,,,
087002,0,0,0,-1,,,,
087003,0,0,0,259,,,,
087005,0,0,0,1,,,,
087006,0,0,0,15,,,,
087007,0,0,0,1,,,,
087008,0,0,0,-2,,,,
087009,0,0,0,124,,,,
087010,0,0,0,27,,,,
087011,0,0,0,49,,,,
087012,0,0,0,65,,,,
087013,0,0,0,-11,,,,
087014,0,0,0,-20,,,,
087015,0,0,0,-215,,,,
087017,0,0,0,-35,,,,
087018,0,0,0,-78,,,,
087019,0,0,0,-37,,,,
08701P,0,0,0,9,,,,
087020,0,0,0,0,,,,
087021,0,0,0,29,,,,
087023,0,0,0,0,,,,
087025,0,0,0,71,,,,
087026,0,0,0,-26,,,,
087027,0,0,0,-16,,,,
087028,0,0,0,944,,,,
087029,0,0,0,-100,,,,
08702P,0,0,0,3,,,,
087030,0,0,0,1,,,,
087033,0,0,0,-48,,,,
087034,0,0,0,3,,,,
087035,0,0,0,-5,,,,
087038,0,0,0,13,,,,
087042,0,0,0,20,,,,
087045,0,0,0,76,,,,
087046,0,0,0,-92,,,,
087048,0,0,0,112,,,,
087053,0,0,0,426,,,,
087054,0,0,0,1,,,,
087057,0,0,0,52,,,,
087058,0,0,0,356,,,,
087064,0,0,0,-20,,,,
087065,0,0,0,9,,,,
087066,0,0,0,236,,,,
087069,0,0,0,1,,,,
087073,0,0,0,24,,,,
087074,0,0,0,9,,,,
087076,0,0,0,-81,,,,
087083,0,0,0,287,,,,
087084,0,0,0,59,,,,
087085,0,0,0,125,,,,
087086,0,0,0,176,,,,
087087,0,0,0,24,,,,
087093,0,0,0,68,,,,
087095,0,0,0,327,,,,
087096,0,0,0,86,,,,
087100,0,0,0,-111,,,,
087101,0,0,0,-7,,,,
087102,0,0,0,65,,,,
087103,0,0,0,-202,,,,
087104,0,0,0,-100,,,,
087105,0,0,0,263,,,,
087107,0,0,0,-49,,,,
087108,0,0,0,248,,,,
087109,0,0,0,210,,,,
08710P,0,0,0,-199,,,,
087110,0,0,0,50,,,,
087111,0,0,0,10,,,,
087112,0,0,0,352,,,,
087113,0,0,0,-162,,,,
087114,0,0,0,30,,,,
087115,0,0,0,609,,,,
087117,0,0,0,-3,,,,
087118,0,0,0,0,,,,
087119,0,0,0,-53,,,,
087120,0,0,0,5,,,,
087124,0,0,0,97,,,,
087126,0,0,0,46,,,,
087128,0,0,0,-3,,,,
087133,0,0,0,-161,,,,
087134,0,0,0,49,,,,
087136,0,0,0,-1,,,,
087137,0,0,0,-39,,,,
087138,0,0,0,86,,,,
087141,0,0,0,-281,,,,
087143,0,0,0,-15,,,,
087145,0,0,0,2,,,,
087146,0,0,0,11,,,,
087148,0,0,0,0,,,,
087150,0,0,0,0,,,,
087151,0,0,0,-27,,,,
087152,0,0,0,-5,,,,
087154,0,0,0,-8,,,,
087155,0,0,0,63,,,,
087158,0,0,0,1,,,,
087160,0,0,0,-3,,,,
087162,0,0,0,-40,,,,
087163,0,0,0,-46,,,,
087164,0,0,0,20,,,,
087167,0,0,0,-10,,,,
087170,0,0,0,-400,,,,
087171,0,0,0,-5,,,,
087172,0,0,0,8,,,,
087173,0,0,0,-2,,,,
087174,0,0,0,-36,,,,
087176,0,0,0,3,,,,
087177,0,0,0,-60,,,,
087178,0,0,0,0,,,,
087185,0,0,0,-10,,,,
087186,0,0,0,-20,,,,
087188,0,0,0,79,,,,
087189,0,0,0,17,,,,
087190,0,0,0,-6,,,,
087191,0,0,0,-75,,,,
087192,0,0,0,-39,,,,
087193,0,0,0,-12,,,,
087194,0,0,0,-22,,,,
087195,0,0,0,54,,,,
087196,0,0,0,-490,,,,
087197,0,0,0,102,,,,
087199,0,0,0,12,,,,
087201,0,0,0,-2,,,,
087203,0,0,0,8,,,,
087204,0,0,0,-30,,,,
087205,0,0,0,174,,,,
087206,0,0,0,47,,,,
087207,0,0,0,-89,,,,
087208,0,0,0,146,,,,
087209,0,0,0,-54,,,,
087210,0,0,0,23,,,,
087211,0,0,0,359,,,,
087213,0,0,0,47,,,,
087214,0,0,0,5,,,,
087217,0,0,0,423,,,,
087218,0,0,0,-30,,,,
087219,0,0,0,-75,,,,
087220,0,0,0,13,,,,
087222,0,0,0,32,,,,
087223,0,0,0,10,,,,
087226,0,0,0,-10,,,,
087227,0,0,0,10,,,,
087228,0,0,0,-1,,,,
087229,0,0,0,8,,,,
087232,0,0,0,5,,,,
087234,0,0,0,10,,,,
087236,0,0,0,1,,,,
087237,0,0,0,12,,,,
087241,0,0,0,19,,,,
087242,0,0,0,-258,,,,
087243,0,0,0,-72,,,,
087246,0,0,0,-9,,,,
087248,0,0,0,61,,,,
087249,0,0,0,168,,,,
087251,0,0,0,19,,,,
087252,0,0,0,-304,,,,
087253,0,0,0,24,,,,
087254,0,0,0,-90,,,,
087255,0,0,0,8,,,,
087258,0,0,0,-10,,,,
087262,0,0,0,221,,,,
087263,0,0,0,42,,,,
087264,0,0,0,136,,,,
087265,0,0,0,-1,,,,
087266,0,0,0,-4,,,,
087267,0,0,0,10,,,,
087268,0,0,0,85,,,,
087269,0,0,0,-66,,,,
087270,0,0,0,18,,,,
087271,0,0,0,360,,,,
087272,0,0,0,189,,,,
087273,0,0,0,907,,,,
087274,0,0,0,-35,,,,
087277,0,0,0,12,,,,
087280,0,0,0,-371,,,,
087283,0,0,0,-483,,,,
087285,0,0,0,114,,,,
087286,0,0,0,-110,,,,
087287,0,0,0,0,,,,
087288,0,0,0,-62,,,,
087289,0,0,0,-45,,,,
087290,0,0,0,238,,,,
087292,0,0,0,-3,,,,
087293,0,0,0,20,,,,
087294,0,0,0,-195,,,,
087295,0,0,0,59,,,,
087296,0,0,0,36,,,,
087300,0,0,0,-5,,,,
087304,0,0,0,493,,,,
087305,0,0,0,-102,,,,
087309,0,0,0,-1,,,,
087310,0,0,0,75,,,,
087311,0,0,0,-1,,,,
087312,0,0,0,-96,,,,
087313,0,0,0,-40,,,,
087314,0,0,0,-50,,,,
087315,0,0,0,8,,,,
087316,0,0,0,1151,,,,
087318,0,0,0,-3,,,,
087321,0,0,0,22,,,,
087322,0,0,0,25,,,,
087326,0,0,0,1,,,,
087328,0,0,0,1,,,,
087329,0,0,0,-3,,,,
087332,0,0,0,-48,,,,
087333,0,0,0,-14,,,,
087334,0,0,0,-63,,,,
087335,0,0,0,-4,,,,
087337,0,0,0,-8,,,,
08733P,0,0,0,-45,,,,
087342,0,0,0,2,,,,
087343,0,0,0,-35,,,,
087344,0,0,0,27,,,,
087351,0,0,0,-26,,,,
087355,0,0,0,-76,,,,
087356,0,0,0,13,,,,
087360,0,0,0,265,,,,
087362,0,0,0,-116,,,,
087363,0,0,0,-39,,,,
087365,0,0,0,2,,,,
087366,0,0,0,441,,,,
087367,0,0,0,-8,,,,
087368,0,0,0,-83,,,,
087369,0,0,0,-102,,,,
087370,0,0,0,-100,,,,
087374,0,0,0,-5,,,,
087376,0,0,0,8,,,,
087379,0,0,0,0,,,,
087381,0,0,0,68,,,,
087382,0,0,0,478,,,,
087383,0,0,0,1,,,,
087384,0,0,0,-138,,,,
087385,0,0,0,-157,,,,
087386,0,0,0,192,,,,
087387,0,0,0,138,,,,
087388,0,0,0,-32,,,,
087389,0,0,0,-5,,,,
087390,0,0,0,-21,,,,
087391,0,0,0,-23,,,,
087392,0,0,0,181,,,,
087394,0,0,0,27,,,,
087395,0,0,0,0,,,,
087397,0,0,0,12,,,,
087398,0,0,0,30,,,,
087399,0,0,0,385,,,,
087400,0,0,0,-20,,,,
087401,0,0,0,267,,,,
087402,0,0,0,-28,,,,
087403,0,0,0,-66,,,,
087404,0,0,0,-118,,,,
087406,0,0,0,116,,,,
087409,0,0,0,501,,,,
087410,0,0,0,37,,,,
087413,0,0,0,79,,,,
087414,0,0,0,67,,,,
087418,0,0,0,20,,,,
087419,0,0,0,1,,,,
087420,0,0,0,-1,,,,
087422,0,0,0,0,,,,
087423,0,0,0,-2,,,,
087424,0,0,0,19,,,,
087425,0,0,0,34,,,,
087429,0,0,0,-1,,,,
087430,0,0,0,16,,,,
087432,0,0,0,2,,,,
087433,0,0,0,-48,,,,
087434,0,0,0,59,,,,
087436,0,0,0,-1,,,,
087437,0,0,0,40,,,,
087439,0,0,0,0,,,,
087442,0,0,0,66,,,,
087444,0,0,0,18,,,,
087445,0,0,0,-2,,,,
087447,0,0,0,39,,,,
087449,0,0,0,2,,,,
087450,0,0,0,-32,,,,
087452,0,0,0,29,,,,
087453,0,0,0,-114,,,,
087455,0,0,0,25,,,,
087458,0,0,0,28,,,,
087459,0,0,0,-9,,,,
087461,0,0,0,-20,,,,
087463,0,0,0,-349,,,,
087464,0,0,0,115,,,,
087465,0,0,0,27,,,,
087468,0,0,0,-40,,,,
087469,0,0,0,5,,,,
087470,0,0,0,-19,,,,
087472,0,0,0,42,,,,
087476,0,0,0,117,,,,
087478,0,0,0,61,,,,
087479,0,0,0,23,,,,
087481,0,0,0,24,,,,
087485,0,0,0,-192,,,,
087486,0,0,0,18,,,,
087487,0,0,0,20,,,,
087488,0,0,0,11,,,,
087490,0,0,0,327,,,,
087491,0,0,0,211,,,,
087492,0,0,0,60,,,,
087493,0,0,0,-52,,,,
087497,0,0,0,-500,,,,
087499,0,0,0,113,,,,
087503,0,0,0,748,,,,
087505,0,0,0,404,,,,
087507,0,0,0,-1,,,,
087509,0,0,0,28,,,,
087510,0,0,0,5,,,,
087511,0,0,0,12,,,,
087512,0,0,0,65,,,,
087514,0,0,0,-35,,,,
087515,0,0,0,-30,,,,
087516,0,0,0,9,,,,
087520,0,0,0,-4,,,,
087521,0,0,0,7,,,,
087523,0,0,0,-78,,,,
087524,0,0,0,-31,,,,
087525,0,0,0,-186,,,,
087526,0,0,0,-334,,,,
087527,0,0,0,102,,,,
087528,0,0,0,99,,,,
087530,0,0,0,156,,,,
087532,0,0,0,381,,,,
087533,0,0,0,50,,,,
087535,0,0,0,-2,,,,
087536,0,0,0,-16,,,,
087537,0,0,0,-21,,,,
087538,0,0,0,66,,,,
087539,0,0,0,26,,,,
087540,0,0,0,16,,,,
087543,0,0,0,1,,,,
087544,0,0,0,4,,,,
087545,0,0,0,-1,,,,
087549,0,0,0,156,,,,
087550,0,0,0,1,,,,
087551,0,0,0,-245,,,,
087552,0,0,0,-11,,,,
087553,0,0,0,8,,,,
087554,0,0,0,76,,,,
087555,0,0,0,9,,,,
087557,0,0,0,48,,,,
087558,0,0,0,1,,,,
087560,0,0,0,426,,,,
087561,0,0,0,-26,,,,
087562,0,0,0,24,,,,
087563,0,0,0,-3,,,,
087564,0,0,0,-60,,,,
087565,0,0,0,40,,,,
087567,0,0,0,564,,,,
087568,0,0,0,-162,,,,
087569,0,0,0,-43,,,,
08756P,0,0,0,61,,,,
087570,0,0,0,48,,,,
087571,0,0,0,-114,,,,
087572,0,0,0,27,,,,
087573,0,0,0,11,,,,
087575,0,0,0,-101,,,,
087576,0,0,0,-224,,,,
087577,0,0,0,52,,,,
087578,0,0,0,15,,,,
087579,0,0,0,6,,,,
087580,0,0,0,-33,,,,
087581,0,0,0,10,,,,
087582,0,0,0,-37,,,,
087583,0,0,0,-25,,,,
087584,0,0,0,-23,,,,
087585,0,0,0,60,,,,
087587,0,0,0,35,,,,
087588,0,0,0,-21,,,,
08758P,0,0,0,-10,,,,
087591,0,0,0,82,,,,
087592,0,0,0,4,,,,
087593,0,0,0,8,,,,
087594,0,0,0,3,,,,
087595,0,0,0,-10,,,,
087602,0,0,0,-28,,,,
087604,0,0,0,58,,,,
087607,0,0,0,15,,,,
087608,0,0,0,19,,,,
087609,0,0,0,57,,,,
087610,0,0,0,4,,,,
087613,0,0,0,4,,,,
087614,0,0,0,320,,,,
087616,0,0,0,-5,,,,
087620,0,0,0,2,,,,
087623,0,0,0,92,,,,
087625,0,0,0,-11,,,,
087628,0,0,0,-39,,,,
087629,0,0,0,83,,,,
08762P,0,0,0,-90,,,,
087633,0,0,0,439,,,,
087634,0,0,0,-24,,,,
087636,0,0,0,13,,,,
087637,0,0,0,-19,,,,
087638,0,0,0,22,,,,
087639,0,0,0,21,,,,
087640,0,0,0,5,,,,
087641,0,0,0,-4,,,,
087647,0,0,0,-16,,,,
087648,0,0,0,65,,,,
087649,0,0,0,0,,,,
087650,0,0,0,7,,,,
087652,0,0,0,5,,,,
087653,0,0,0,37,,,,
087656,0,0,0,-108,,,,
087657,0,0,0,52,,,,
087663,0,0,0,-304,,,,
087664,0,0,0,-13,,,,
087666,0,0,0,-154,,,,
087668,0,0,0,37,,,,
087670,0,0,0,-308,,,,
087671,0,0,0,-6,,,,
087672,0,0,0,19,,,,
087673,0,0,0,-8,,,,
087676,0,0,0,150,,,,
087677,0,0,0,12,,,,
087679,0,0,0,398,,,,
087680,0,0,0,48,,,,
087681,0,0,0,-164,,,,
087682,0,0,0,312,,,,
087683,0,0,0,341,,,,
087684,0,0,0,51,,,,
087685,0,0,0,78,,,,
087686,0,0,0,28,,,,
087687,0,0,0,216,,,,
087689,0,0,0,-70,,,,
087691,0,0,0,-150,,,,
087692,0,0,0,-9,,,,
087694,0,0,0,27,,,,
087695,0,0,0,-4,,,,
087696,0,0,0,8,,,,
087698,0,0,0,147,,,,
087699,0,0,0,36,,,,
08769P,0,0,0,104,,,,
087703,0,0,0,-30,,,,
087704,0,0,0,-40,,,,
087706,0,0,0,2,,,,
087707,0,0,0,-64,,,,
087709,0,0,0,52,,,,
087712,0,0,0,-83,,,,
087713,0,0,0,-102,,,,
087714,0,0,0,-45,,,,
087715,0,0,0,6,,,,
087717,0,0,0,-10,,,,
087718,0,0,0,-107,,,,
087724,0,0,0,-5,,,,
087725,0,0,0,164,,,,
087726,0,0,0,15,,,,
087727,0,0,0,-76,,,,
087730,0,0,0,-2,,,,
087731,0,0,0,158,,,,
087733,0,0,0,-137,,,,
087734,0,0,0,220,,,,
087735,0,0,0,-59,,,,
087737,0,0,0,-3,,,,
087740,0,0,0,0,,,,
087741,0,0,0,0,,,,
087743,0,0,0,3,,,,
087745,0,0,0,-2,,,,
087746,0,0,0,-20,,,,
087747,0,0,0,61,,,,
087749,0,0,0,3,,,,
087750,0,0,0,-47,,,,
087751,0,0,0,-60,,,,
087755,0,0,0,-3,,,,
087756,0,0,0,-5,,,,
087757,0,0,0,6,,,,
087758,0,0,0,1512,,,,
087759,0,0,0,14,,,,
087760,0,0,0,58,,,,
087763,0,0,0,-138,,,,
087765,0,0,0,3,,,,
087766,0,0,0,15,,,,
087768,0,0,0,0,,,,
087769,0,0,0,-14,,,,
087770,0,0,0,-17,,,,
087771,0,0,0,-1,,,,
087773,0,0,0,0,,,,
087774,0,0,0,150,,,,
087775,0,0,0,23,,,,
087778,0,0,0,-3,,,,
087781,0,0,0,193,,,,
087782,0,0,0,-10,,,,
087783,0,0,0,7,,,,
087784,0,0,0,8,,,,
087786,0,0,0,193,,,,
087788,0,0,0,12,,,,
087789,0,0,0,8,,,,
087790,0,0,0,-36,,,,
087792,0,0,0,45,,,,
087793,0,0,0,-7,,,,
087794,0,0,0,9,,,,
087795,0,0,0,-1,,,,
087796,0,0,0,-2,,,,
087797,0,0,0,17,,,,
087800,0,0,0,5,,,,
087801,0,0,0,-43,,,,
087802,0,0,0,-1,,,,
087805,0,0,0,100,,,,
087807,0,0,0,101,,,,
087808,0,0,0,28,,,,
087809,0,0,0,213,,,,
087810,0,0,0,84,,,,
087812,0,0,0,-1,,,,
087814,0,0,0,-70,,,,
087815,0,0,0,-29,,,,
087816,0,0,0,-2,,,,
087818,0,0,0,3,,,,
087819,0,0,0,-18,,,,
087820,0,0,0,32,,,,
087821,0,0,0,-10,,,,
087822,0,0,0,2,,,,
087823,0,0,0,4,,,,
087824,0,0,0,-2,,,,
087825,0,0,0,1,,,,
087827,0,0,0,1,,,,
087828,0,0,0,-90,,,,
087829,0,0,0,70,,,,
087830,0,0,0,84,,,,
087831,0,0,0,94,,,,
087832,0,0,0,-30,,,,
087833,0,0,0,61,,,,
087834,0,0,0,165,,,,
087835,0,0,0,-54,,,,
087836,0,0,0,-6,,,,
087837,0,0,0,838,,,,
087838,0,0,0,46,,,,
087840,0,0,0,26,,,,
087841,0,0,0,8,,,,
087842,0,0,0,9,,,,
087843,0,0,0,-60,,,,
087846,0,0,0,1,,,,
087847,0,0,0,-8,,,,
087848,0,0,0,31,,,,
087849,0,0,0,70,,,,
08784P,0,0,0,-11,,,,
087850,0,0,0,-106,,,,
087851,0,0,0,37,,,,
087852,0,0,0,248,,,,
087854,0,0,0,64,,,,
087855,0,0,0,-205,,,,
087856,0,0,0,-106,,,,
087857,0,0,0,-149,,,,
087858,0,0,0,-9,,,,
087859,0,0,0,13,,,,
087860,0,0,0,220,,,,
087861,0,0,0,139,,,,
087864,0,0,0,-10,,,,
087865,0,0,0,10,,,,
087866,0,0,0,-15,,,,
087868,0,0,0,40,,,,
087869,0,0,0,151,,,,
087875,0,0,0,2,,,,
087877,0,0,0,8,,,,
087879,0,0,0,16,,,,
087880,0,0,0,-7,,,,
087884,0,0,0,21,,,,
087885,0,0,0,162,,,,
087886,0,0,0,26,,,,
087887,0,0,0,-62,,,,
087888,0,0,0,4,,,,
087889,0,0,0,-11,,,,
087890,0,0,0,174,,,,
087893,0,0,0,11,,,,
087894,0,0,0,50,,,,
087895,0,0,0,6,,,,
087900,0,0,0,11,,,,
087901,0,0,0,-27,,,,
087904,0,0,0,4,,,,
087905,0,0,0,-23,,,,
087911,0,0,0,0,,,,
087912,0,0,0,0,,,,
087913,0,0,0,-5,,,,
087914,0,0,0,-63,,,,
087917,0,0,0,306,,,,
087918,0,0,0,6,,,,
087919,0,0,0,5,,,,
087922,0,0,0,-1,,,,
087923,0,0,0,-25,,,,
087925,0,0,0,-5,,,,
087926,0,0,0,-10,,,,
087929,0,0,0,15,,,,
087930,0,0,0,34,,,,
087932,0,0,0,4,,,,
087934,0,0,0,77,,,,
087936,0,0,0,-2,,,,
087939,0,0,0,35,,,,
087941,0,0,0,42,,,,
087942,0,0,0,30,,,,
087945,0,0,0,63,,,,
087949,0,0,0,32,,,,
087950,0,0,0,-17,,,,
087951,0,0,0,-11,,,,
087953,0,0,0,267,,,,
087955,0,0,0,64,,,,
087956,0,0,0,1028,,,,
087957,0,0,0,156,,,,
087958,0,0,0,133,,,,
087960,0,0,0,27,,,,
087961,0,0,0,-53,,,,
087963,0,0,0,-150,,,,
087965,0,0,0,-8,,,,
087967,0,0,0,-40,,,,
087968,0,0,0,99,,,,
087969,0,0,0,-5,,,,
087970,0,0,0,317,,,,
087971,0,0,0,-69,,,,
087972,0,0,0,0,,,,
087973,0,0,0,-31,,,,
087974,0,0,0,37,,,,
087977,0,0,0,0,,,,
087978,0,0,0,195,,,,
087979,0,0,0,-14,,,,
087980,0,0,0,-59,,,,
087981,0,0,0,-75,,,,
087982,0,0,0,-381,,,,
087983,0,0,0,34,,,,
087984,0,0,0,-157,,,,
087985,0,0,0,-13,,,,
087986,0,0,0,-190,,,,
087987,0,0,0,47,,,,
087988,0,0,0,40,,,,
087989,0,0,0,-71,,,,
08798P,0,0,0,11,,,,
087990,0,0,0,54,,,,
087992,0,0,0,0,,,,
087993,0,0,0,-42,,,,
087994,0,0,0,-83,,,,
087995,0,0,0,-200,,,,
087996,0,0,0,76,,,,
087997,0,0,0,63,,,,
087998,0,0,0,0,,,,
087999,0,0,0,-155,,,,
088000,0,0,0,44,,,,
088001,0,0,0,1289,,,,
088002,0,0,0,85,,,,
088003,0,0,0,76,,,,
088004,0,0,0,-1,,,,
088005,0,0,0,1,,,,
088006,0,0,0,16,,,,
088007,0,0,0,11,,,,
088009,0,0,0,9,,,,
088010,0,0,0,9,,,,
088011,0,0,0,29,,,,
088013,0,0,0,533,,,,
088014,0,0,0,30,,,,
088015,0,0,0,4,,,,
088016,0,0,0,-8,,,,
088017,0,0,0,-155,,,,
088018,0,0,0,-10,,,,
088019,0,0,0,38,,,,
088020,0,0,0,-44,,,,
088021,0,0,0,-6,,,,
088023,0,0,0,-190,,,,
088026,0,0,0,-41,,,,
088027,0,0,0,-23,,,,
088028,0,0,0,353,,,,
088029,0,0,0,5,,,,
088031,0,0,0,71,,,,
088032,0,0,0,-16,,,,
088033,0,0,0,141,,,,
088036,0,0,0,254,,,,
088037,0,0,0,24,,,,
088038,0,0,0,-92,,,,
088039,0,0,0,337,,,,
088043,0,0,0,3,,,,
088045,0,0,0,-26,,,,
088046,0,0,0,-14,,,,
088048,0,0,0,17,,,,
088049,0,0,0,-1,,,,
088052,0,0,0,-43,,,,
088053,0,0,0,9,,,,
088054,0,0,0,-25,,,,
088055,0,0,0,-6,,,,
088056,0,0,0,6,,,,
088061,0,0,0,0,,,,
088063,0,0,0,0,,,,
088064,0,0,0,0,,,,
088065,0,0,0,31,,,,
088066,0,0,0,31,,,,
088067,0,0,0,-25,,,,
088069,0,0,0,-11,,,,
088071,0,0,0,-331,,,,
088072,0,0,0,-24,,,,
088073,0,0,0,-7,,,,
088074,0,0,0,0,,,,
088075,0,0,0,1,,,,
088076,0,0,0,21,,,,
088079,0,0,0,-1,,,,
08807P,0,0,0,-499,,,,
088081,0,0,0,0,,,,
088082,0,0,0,35,,,,
088083,0,0,0,-4,,,,
088084,0,0,0,7,,,,
088085,0,0,0,-1,,,,
088086,0,0,0,8,,,,
088090,0,0,0,-23,,,,
088091,0,0,0,-26,,,,
088092,0,0,0,-50,,,,
088099,0,0,0,23,,,,
088100,0,0,0,5,,,,
088101,0,0,0,26,,,,
088102,0,0,0,0,,,,
088103,0,0,0,-82,,,,
088105,0,0,0,706,,,,
088107,0,0,0,-135,,,,
088108,0,0,0,88,,,,
088109,0,0,0,30,,,,
088111,0,0,0,10,,,,
088112,0,0,0,175,,,,
088114,0,0,0,-207,,,,
088117,0,0,0,-116,,,,
088118,0,0,0,32,,,,
088119,0,0,0,196,,,,
088121,0,0,0,11,,,,
088122,0,0,0,-35,,,,
088123,0,0,0,-253,,,,
088124,0,0,0,-21,,,,
088125,0,0,0,10,,,,
088126,0,0,0,-30,,,,
088127,0,0,0,1,,,,
088128,0,0,0,5,,,,
08812P,0,0,0,9,,,,
088131,0,0,0,-97,,,,
088134,0,0,0,-1,,,,
088137,0,0,0,231,,,,
088138,0,0,0,-6,,,,
088139,0,0,0,68,,,,
088140,0,0,0,0,,,,
088141,0,0,0,-67,,,,
088142,0,0,0,73,,,,
088145,0,0,0,-413,,,,
088146,0,0,0,29,,,,
088147,0,0,0,-40,,,,
088149,0,0,0,-50,,,,
08814P,0,0,0,350,,,,
088151,0,0,0,0,,,,
088152,0,0,0,46,,,,
088153,0,0,0,-453,,,,
088154,0,0,0,-164,,,,
088156,0,0,0,-19,,,,
088157,0,0,0,-15,,,,
088158,0,0,0,99,,,,
088159,0,0,0,11,,,,
088160,0,0,0,-218,,,,
088161,0,0,0,-707,,,,
088162,0,0,0,5,,,,
088163,0,0,0,58,,,,
088164,0,0,0,-2,,,,
088165,0,0,0,173,,,,
088166,0,0,0,1,,,,
088167,0,0,0,-108,,,,
088168,0,0,0,525,,,,
088169,0,0,0,1,,,,
088170,0,0,0,10,,,,
088171,0,0,0,71,,,,
088173,0,0,0,-29,,,,
088174,0,0,0,10,,,,
088175,0,0,0,8,,,,
088178,0,0,0,-16,,,,
088179,0,0,0,-246,,,,
088180,0,0,0,8,,,,
088181,0,0,0,217,,,,
088184,0,0,0,84,,,,
088185,0,0,0,6,,,,
088188,0,0,0,-54,,,,
088189,0,0,0,-43,,,,
08818P,0,0,0,85,,,,
088190,0,0,0,-165,,,,
088191,0,0,0,-90,,,,
088192,0,0,0,16,,,,
088193,0,0,0,-96,,,,
088194,0,0,0,-2,,,,
088197,0,0,0,26,,,,
088200,0,0,0,7,,,,
088201,0,0,0,108,,,,
088202,0,0,0,63,,,,
088203,0,0,0,-121,,,,
088204,0,0,0,-1,,,,
088206,0,0,0,-3,,,,
088207,0,0,0,-8,,,,
088208,0,0,0,-47,,,,
088210,0,0,0,6,,,,
088211,0,0,0,42,,,,
088212,0,0,0,13,,,,
088213,0,0,0,-2,,,,
088215,0,0,0,-28,,,,
088216,0,0,0,-11,,,,
088218,0,0,0,-11,,,,
088221,0,0,0,0,,,,
088222,0,0,0,-11,,,,
088223,0,0,0,0,,,,
088224,0,0,0,0,,,,
088225,0,0,0,0,,,,
088227,0,0,0,22,,,,
088228,0,0,0,5,,,,
088229,0,0,0,20,,,,
088233,0,0,0,5,,,,
088234,0,0,0,29,,,,
088235,0,0,0,0,,,,
088236,0,0,0,-130,,,,
088238,0,0,0,322,,,,
088240,0,0,0,-35,,,,
088241,0,0,0,0,,,,
088242,0,0,0,133,,,,
088243,0,0,0,-303,,,,
088244,0,0,0,54,,,,
088246,0,0,0,68,,,,
088247,0,0,0,56,,,,
088248,0,0,0,-2,,,,
088252,0,0,0,-1,,,,
088253,0,0,0,-28,,,,
088254,0,0,0,-44,,,,
088255,0,0,0,226,,,,
088256,0,0,0,4,,,,
088257,0,0,0,-7,,,,
088258,0,0,0,-39,,,,
088259,0,0,0,-182,,,,
08825P,0,0,0,31,,,,
088260,0,0,0,-7,,,,
088261,0,0,0,308,,,,
088264,0,0,0,200,,,,
088265,0,0,0,-77,,,,
088266,0,0,0,70,,,,
088267,0,0,0,16,,,,
088268,0,0,0,70,,,,
088269,0,0,0,-86,,,,
088270,0,0,0,-126,,,,
088271,0,0,0,-36,,,,
088275,0,0,0,20,,,,
088276,0,0,0,20,,,,
088279,0,0,0,11,,,,
088281,0,0,0,179,,,,
088282,0,0,0,-10,,,,
088283,0,0,0,-9,,,,
088286,0,0,0,-40,,,,
088288,0,0,0,-50,,,,
088289,0,0,0,-7,,,,
08828P,0,0,0,-100,,,,
088290,0,0,0,22,,,,
088293,0,0,0,-9,,,,
088295,0,0,0,1,,,,
088296,0,0,0,-2,,,,
088298,0,0,0,-21,,,,
088299,0,0,0,-65,,,,
088302,0,0,0,15,,,,
088303,0,0,0,-29,,,,
088307,0,0,0,26,,,,
088308,0,0,0,49,,,,
088310,0,0,0,200,,,,
088311,0,0,0,3,,,,
088312,0,0,0,0,,,,
088314,0,0,0,174,,,,
088315,0,0,0,63,,,,
088316,0,0,0,-1,,,,
088317,0,0,0,-3,,,,
088321,0,0,0,3,,,,
088324,0,0,0,-278,,,,
088326,0,0,0,31,,,,
088327,0,0,0,23,,,,
088328,0,0,0,20,,,,
08832P,0,0,0,-3,,,,
088330,0,0,0,-5,,,,
088331,0,0,0,-135,,,,
088332,0,0,0,-10,,,,
088333,0,0,0,-53,,,,
088334,0,0,0,-33,,,,
088339,0,0,0,-222,,,,
088340,0,0,0,13,,,,
088341,0,0,0,-50,,,,
088342,0,0,0,-85,,,,
088343,0,0,0,-15,,,,
088345,0,0,0,-32,,,,
088346,0,0,0,-1,,,,
088348,0,0,0,-52,,,,
088351,0,0,0,12,,,,
088352,0,0,0,-14,,,,
088353,0,0,0,64,,,,
088354,0,0,0,-67,,,,
088355,0,0,0,199,,,,
088356,0,0,0,-52,,,,
088357,0,0,0,0,,,,
088358,0,0,0,0,,,,
088360,0,0,0,168,,,,
088361,0,0,0,-194,,,,
088364,0,0,0,62,,,,
088365,0,0,0,-66,,,,
088366,0,0,0,-41,,,,
088367,0,0,0,50,,,,
088368,0,0,0,-2,,,,
088369,0,0,0,175,,,,
088370,0,0,0,5,,,,
088371,0,0,0,17,,,,
088372,0,0,0,247,,,,
088374,0,0,0,-31,,,,
088375,0,0,0,85,,,,
088376,0,0,0,1,,,,
088377,0,0,0,1,,,,
088378,0,0,0,0,,,,
088379,0,0,0,-11,,,,
088380,0,0,0,-17,,,,
088381,0,0,0,-1,,,,
088382,0,0,0,7,,,,
088383,0,0,0,190,,,,
088384,0,0,0,-6,,,,
088385,0,0,0,-234,,,,
088386,0,0,0,-150,,,,
088387,0,0,0,169,,,,
088388,0,0,0,-65,,,,
088389,0,0,0,160,,,,
088390,0,0,0,54,,,,
088392,0,0,0,38,,,,
088393,0,0,0,21,,,,
088394,0,0,0,39,,,,
088395,0,0,0,-239,,,,
088396,0,0,0,-241,,,,
088397,0,0,0,-54,,,,
088398,0,0,0,-55,,,,
088399,0,0,0,-291,,,,
08839P,0,0,0,10,,,,
088400,0,0,0,2,,,,
088401,0,0,0,2,,,,
088402,0,0,0,36,,,,
088403,0,0,0,14,,,,
088404,0,0,0,250,,,,
088405,0,0,0,-35,,,,
088406,0,0,0,19,,,,
088408,0,0,0,-13,,,,
088409,0,0,0,-57,,,,
088410,0,0,0,25,,,,
088411,0,0,0,33,,,,
088414,0,0,0,-32,,,,
08841P,0,0,0,20,,,,
088421,0,0,0,483,,,,
088422,0,0,0,643,,,,
088423,0,0,0,593,,,,
088424,0,0,0,-10,,,,
088425,0,0,0,-240,,,,
088426,0,0,0,-69,,,,
088427,0,0,0,333,,,,
088430,0,0,0,-101,,,,
088431,0,0,0,-40,,,,
088432,0,0,0,63,,,,
088433,0,0,0,78,,,,
088434,0,0,0,163,,,,
088435,0,0,0,22,,,,
088436,0,0,0,-12,,,,
088438,0,0,0,-181,,,,
088439,0,0,0,-155,,,,
088441,0,0,0,-10,,,,
088442,0,0,0,149,,,,
088443,0,0,0,270,,,,
088444,0,0,0,136,,,,
088446,0,0,0,32,,,,
088448,0,0,0,18,,,,
088449,0,0,0,74,,,,
088451,0,0,0,0,,,,
088452,0,0,0,13,,,,
088454,0,0,0,139,,,,
088455,0,0,0,67,,,,
088456,0,0,0,80,,,,
088457,0,0,0,20,,,,
088459,0,0,0,32,,,,
088460,0,0,0,-78,,,,
088461,0,0,0,-79,,,,
088464,0,0,0,43,,,,
088465,0,0,0,5,,,,
088466,0,0,0,2,,,,
088468,0,0,0,19,,,,
088470,0,0,0,7,,,,
088471,0,0,0,2150,,,,
088472,0,0,0,102,,,,
088473,0,0,0,-5,,,,
088474,0,0,0,8,,,,
088475,0,0,0,-3,,,,
088477,0,0,0,-22,,,,
088479,0,0,0,10,,,,
088481,0,0,0,10,,,,
088485,0,0,0,25,,,,
088488,0,0,0,128,,,,
088490,0,0,0,54,,,,
088491,0,0,0,239,,,,
088492,0,0,0,50,,,,
088495,0,0,0,-20,,,,
088496,0,0,0,603,,,,
088497,0,0,0,-134,,,,
088498,0,0,0,-74,,,,
088499,0,0,0,-51,,,,
088500,0,0,0,43,,,,
088503,0,0,0,-169,,,,
088504,0,0,0,-29,,,,
088505,0,0,0,-11,,,,
088506,0,0,0,-409,,,,
088507,0,0,0,-589,,,,
088508,0,0,0,-1,,,,
088509,0,0,0,0,,,,
088510,0,0,0,-188,,,,
088511,0,0,0,-46,,,,
088512,0,0,0,-71,,,,
088514,0,0,0,-630,,,,
088515,0,0,0,-37,,,,
088516,0,0,0,-1,,,,
088517,0,0,0,-29,,,,
088519,0,0,0,-40,,,,
088520,0,0,0,30,,,,
088521,0,0,0,-43,,,,
088522,0,0,0,253,,,,
088523,0,0,0,-30,,,,
088525,0,0,0,-50,,,,
088526,0,0,0,-115,,,,
088527,0,0,0,10,,,,
088528,0,0,0,73,,,,
088529,0,0,0,-12,,,,
088530,0,0,0,58,,,,
088531,0,0,0,258,,,,
088534,0,0,0,-121,,,,
088535,0,0,0,1,,,,
088537,0,0,0,5,,,,
088538,0,0,0,33,,,,
088539,0,0,0,-3,,,,
088540,0,0,0,0,,,,
088541,0,0,0,13,,,,
088542,0,0,0,9,,,,
088545,0,0,0,-2,,,,
088546,0,0,0,-145,,,,
088547,0,0,0,74,,,,
088549,0,0,0,0,,,,
088550,0,0,0,2,,,,
088551,0,0,0,-649,,,,
088553,0,0,0,66,,,,
088555,0,0,0,129,,,,
088556,0,0,0,271,,,,
088557,0,0,0,-79,,,,
088558,0,0,0,0,,,,
088559,0,0,0,16,,,,
088560,0,0,0,19,,,,
088561,0,0,0,-21,,,,
088562,0,0,0,355,,,,
088565,0,0,0,12,,,,
088566,0,0,0,35,,,,
088567,0,0,0,-5,,,,
088568,0,0,0,13,,,,
088569,0,0,0,42,,,,
088571,0,0,0,425,,,,
088572,0,0,0,-55,,,,
088573,0,0,0,29,,,,
088574,0,0,0,2,,,,
088575,0,0,0,11,,,,
088576,0,0,0,-123,,,,
088577,0,0,0,149,,,,
088578,0,0,0,-62,,,,
088582,0,0,0,-137,,,,
088583,0,0,0,2,,,,
088584,0,0,0,-10,,,,
088585,0,0,0,-188,,,,
088586,0,0,0,-9,,,,
088587,0,0,0,111,,,,
088589,0,0,0,1,,,,
088592,0,0,0,-48,,,,
088593,0,0,0,-50,,,,
088595,-5,0,0,-17,,,,
088596,0,0,0,62,,,,
088599,0,0,0,6,,,,
088600,0,0,0,4,,,,
088601,0,0,0,40,,,,
088602,0,0,0,53,,,,
088603,0,0,0,-82,,,,
088604,0,0,0,-284,,,,
088605,0,0,0,-44,,,,
088606,0,0,0,53,,,,
088607,0,0,0,-94,,,,
088608,0,0,0,46,,,,
088609,0,0,0,9,,,,
088610,0,0,0,-116,,,,
088611,0,0,0,-20,,,,
088612,0,0,0,-113,,,,
088614,0,0,0,-35,,,,
088615,0,0,0,84,,,,
088616,0,0,0,-50,,,,
088618,0,0,0,27,,,,
088620,0,0,0,-47,,,,
088621,0,0,0,29,,,,
088622,0,0,0,-1,,,,
088623,0,0,0,54,,,,
088624,0,0,0,-7,,,,
088625,0,0,0,-3,,,,
088627,0,0,0,10,,,,
088629,0,0,0,27,,,,
088630,0,0,0,-72,,,,
088632,0,0,0,1,,,,
088633,0,0,0,-48,,,,
088634,0,0,0,10,,,,
088635,0,0,0,14,,,,
088636,0,0,0,-337,,,,
088637,0,0,0,-113,,,,
088638,0,0,0,1,,,,
088639,0,0,0,-49,,,,
08863P,0,0,0,22,,,,
088640,0,0,0,10,,,,
088641,0,0,0,802,,,,
088647,0,0,0,-18,,,,
088649,0,0,0,-2,,,,
08864P,0,0,0,-36,,,,
088651,0,0,0,20,,,,
088652,0,0,0,-326,,,,
088654,0,0,0,42,,,,
088655,0,0,0,39,,,,
088656,0,0,0,-39,,,,
088657,0,0,0,-58,,,,
088658,0,0,0,10,,,,
088659,0,0,0,36,,,,
088660,0,0,0,18,,,,
088661,0,0,0,-55,,,,
088662,0,0,0,6,,,,
088663,0,0,0,11,,,,
088664,0,0,0,99,,,,
088665,0,0,0,79,,,,
088666,0,0,0,54,,,,
088667,0,0,0,11,,,,
088668,0,0,0,4,,,,
088669,0,0,0,190,,,,
088670,0,0,0,-382,,,,
088671,0,0,0,-132,,,,
088672,0,0,0,-127,,,,
088673,0,0,0,-34,,,,
088674,0,0,0,-10,,,,
088675,0,0,0,109,,,,
088676,0,0,0,2,,,,
088678,0,0,0,1,,,,
088680,0,0,0,-28,,,,
088681,0,0,0,0,,,,
088682,0,0,0,-100,,,,
088684,0,0,0,-100,,,,
088688,0,0,0,-147,,,,
088689,0,0,0,-1,,,,
088690,0,0,0,84,,,,
088693,0,0,0,3,,,,
088694,0,0,0,44,,,,
088697,0,0,0,-5,,,,
088698,0,0,0,-40,,,,
088699,0,0,0,1,,,,
088700,0,0,0,-102,,,,
088701,0,0,0,-1183,,,,
088702,0,0,0,-20,,,,
088704,0,0,0,1,,,,
088705,0,0,0,136,,,,
088706,0,0,0,0,,,,
088707,0,0,0,26,,,,
088708,0,0,0,0,,,,
088709,0,0,0,-18,,,,
08870P,0,0,0,-114,,,,
088710,0,0,0,-119,,,,
088712,0,0,0,0,,,,
088713,0,0,0,505,,,,
088714,0,0,0,565,,,,
088715,0,0,0,-136,,,,
088716,0,0,0,-201,,,,
088717,0,0,0,13,,,,
088718,0,0,0,-143,,,,
088719,0,0,0,30,,,,
088720,0,0,0,13,,,,
088721,0,0,0,72,,,,
088722,0,0,0,157,,,,
088723,0,0,0,432,,,,
088724,0,0,0,461,,,,
088725,0,0,0,20,,,,
088726,0,0,0,-123,,,,
088727,0,0,0,63,,,,
088728,0,0,0,290,,,,
088729,0,0,0,4,,,,
088730,0,0,0,41,,,,
088731,0,0,0,82,,,,
088732,0,0,0,135,,,,
088733,0,0,0,-810,,,,
088734,0,0,0,105,,,,
088735,0,0,0,-55,,,,
088736,0,0,0,-8,,,,
088739,0,0,0,4,,,,
088741,0,0,0,207,,,,
088742,0,0,0,-87,,,,
088743,0,0,0,51,,,,
088744,0,0,0,-8,,,,
088748,0,0,0,-29,,,,
088751,0,0,0,20,,,,
088752,0,0,0,-13,,,,
088756,0,0,0,559,,,,
088757,0,0,0,523,,,,
088758,0,0,0,-40,,,,
088759,0,0,0,238,,,,
088760,0,0,0,76,,,,
088761,0,0,0,26,,,,
088762,0,0,0,40,,,,
088763,0,0,0,65,,,,
088765,0,0,0,104,,,,
088766,0,0,0,1,,,,
088767,0,0,0,74,,,,
088768,0,0,0,-59,,,,
088770,0,0,0,-10,,,,
088774,0,0,0,14,,,,
088777,0,0,0,27,,,,
088778,0,0,0,202,,,,
088779,0,0,0,-72,,,,
088780,0,0,0,-93,,,,
088781,0,0,0,30,,,,
088782,0,0,0,-19,,,,
088783,0,0,0,25,,,,
088784,0,0,0,10,,,,
088785,0,0,0,5,,,,
088786,0,0,0,8,,,,
088791,0,0,0,80,,,,
088793,0,0,0,-10,,,,
088794,0,0,0,-62,,,,
088796,0,0,0,40,,,,
088801,0,0,0,-15,,,,
088802,0,0,0,6,,,,
088803,0,0,0,-4,,,,
088805,0,0,0,-53,,,,
088806,0,0,0,-94,,,,
088807,0,0,0,-115,,,,
088808,0,0,0,10,,,,
088809,0,0,0,-162,,,,
088810,0,0,0,-130,,,,
088811,0,0,0,3,,,,
088812,0,0,0,9,,,,
088814,0,0,0,-25,,,,
088815,0,0,0,-160,,,,
088816,0,0,0,0,,,,
088817,0,0,0,91,,,,
088818,0,0,0,-36,,,,
088821,0,0,0,-3,,,,
088824,0,0,0,174,,,,
08882P,0,0,0,1,,,,
088830,0,0,0,-82,,,,
088831,0,0,0,-22,,,,
088832,0,0,0,-31,,,,
088833,0,0,0,338,,,,
088834,0,0,0,-5,,,,
088836,0,0,0,235,,,,
088837,0,0,0,220,,,,
088839,0,0,0,-34,,,,
088840,0,0,0,-1556,,,,
088842,0,0,0,37,,,,
088844,0,0,0,-4,,,,
088845,0,0,0,33,,,,
088846,0,0,0,70,,,,
088847,0,0,0,-10,,,,
088849,0,0,0,41,,,,
088850,0,0,0,23,,,,
088851,0,0,0,21,,,,
088852,0,0,0,38,,,,
088853,0,0,0,16,,,,
088854,0,0,0,-6,,,,
088856,0,0,0,25,,,,
088857,0,0,0,308,,,,
088858,0,0,0,1,,,,
088859,0,0,0,1,,,,
088860,0,0,0,-6,,,,
088863,0,0,0,442,,,,
088864,0,0,0,2,,,,
088866,0,0,0,-110,,,,
088868,0,0,0,-136,,,,
088869,0,0,0,-122,,,,
088870,0,0,0,-35,,,,
088872,0,0,0,73,,,,
088873,0,0,0,-150,,,,
088874,0,0,0,-239,,,,
088875,0,0,0,-190,,,,
088876,0,0,0,-14,,,,
088877,0,0,0,-245,,,,
088878,0,0,0,15,,,,
088879,0,0,0,34,,,,
088880,0,0,0,50,,,,
088881,0,0,0,-2,,,,
088882,0,0,0,-57,,,,
088883,0,0,0,-8,,,,
088884,0,0,0,-10,,,,
088885,0,0,0,-65,,,,
088887,0,0,0,-1,,,,
088888,0,0,0,1,,,,
088889,0,0,0,-282,,,,
088890,0,0,0,-235,,,,
088891,0,0,0,55,,,,
088892,0,0,0,-102,,,,
088895,0,0,0,103,,,,
088897,0,0,0,3,,,,
088899,0,0,0,-32,,,,
088904,0,0,0,-2,,,,
088905,0,0,0,88,,,,
088907,0,0,0,0,,,,
088908,0,0,0,17,,,,
088910,0,0,0,158,,,,
088911,0,0,0,399,,,,
088914,0,0,0,-28,,,,
088916,0,0,0,5,,,,
088917,0,0,0,78,,,,
088918,0,0,0,66,,,,
088919,0,0,0,-30,,,,
088920,0,0,0,43,,,,
088921,0,0,0,17,,,,
088922,0,0,0,-174,,,,
088923,0,0,0,1052,,,,
088924,0,0,0,-84,,,,
088925,0,0,0,-55,,,,
088926,0,0,0,75,,,,
088927,0,0,0,-128,,,,
088928,0,0,0,-7,,,,
088929,0,0,0,14,,,,
088930,0,0,0,-152,,,,
088934,0,0,0,-24,,,,
088935,0,0,0,-49,,,,
088936,0,0,0,-53,,,,
088937,0,0,0,49,,,,
088938,0,0,0,28,,,,
088939,0,0,0,-202,,,,
088940,0,0,0,154,,,,
088941,0,0,0,0,,,,
088942,0,0,0,-6,,,,
088945,0,0,0,20,,,,
088947,0,0,0,67,,,,
088949,0,0,0,-2,,,,
08894P,0,0,0,-5,,,,
088952,0,0,0,-20,,,,
088954,0,0,0,110,,,,
088955,0,0,0,6,,,,
088956,0,0,0,-98,,,,
088958,0,0,0,39,,,,
088959,0,0,0,583,,,,
088960,0,0,0,-27,,,,
088961,0,0,0,141,,,,
088964,0,0,0,-3,,,,
088965,0,0,0,-30,,,,
088966,0,0,0,260,,,,
088968,0,0,0,-1,,,,
088970,0,0,0,-42,,,,
088971,0,0,0,166,,,,
088972,0,0,0,157,,,,
088973,0,0,0,-150,,,,
088974,0,0,0,199,,,,
088975,0,0,0,70,,,,
088976,0,0,0,90,,,,
088977,0,0,0,181,,,,
08897P,0,0,0,-72,,,,
088980,0,0,0,-50,,,,
088981,0,0,0,-75,,,,
088983,0,0,0,220,,,,
088984,0,0,0,-6,,,,
088985,0,0,0,-8,,,,
088986,0,0,0,1,,,,
088988,0,0,0,58,,,,
088990,0,0,0,-59,,,,
088991,0,0,0,42,,,,
088992,0,0,0,64,,,,
088993,0,0,0,56,,,,
088994,0,0,0,-13,,,,
088995,0,0,0,-62,,,,
088996,0,0,0,0,,,,
088997,0,0,0,10,,,,
088998,0,0,0,-25,,,,
089000,0,0,0,16,,,,
089004,0,0,0,90,,,,
089005,0,0,0,16,,,,
089006,0,0,0,10,,,,
089008,0,0,0,1,,,,
089009,0,0,0,-59,,,,
08900P,0,0,0,1,,,,
089010,0,0,0,-40,,,,
089011,0,0,0,1,,,,
089012,0,0,0,90,,,,
089015,0,0,0,-12,,,,
089017,0,0,0,-6,,,,
089018,0,0,0,26,,,,
089019,0,0,0,39,,,,
089020,0,0,0,-326,,,,
089021,0,0,0,-210,,,,
089022,0,0,0,1,,,,
089023,0,0,0,-1,,,,
089025,0,0,0,100,,,,
089026,0,0,0,-22,,,,
089027,0,0,0,-2,,,,
089028,0,0,0,2,,,,
08902P,0,0,0,-3,,,,
089030,0,0,0,-5,,,,
089031,0,0,0,18,,,,
089034,0,0,0,366,,,,
089036,0,0,0,14,,,,
089037,0,0,0,37,,,,
089040,0,0,0,-8,,,,
089045,0,0,0,-417,,,,
089047,0,0,0,186,,,,
089048,0,0,0,-30,,,,
089049,0,0,0,-297,,,,
089050,0,0,0,-33,,,,
089051,0,0,0,-29,,,,
089052,0,0,0,48,,,,
089053,0,0,0,-30,,,,
089054,0,0,0,2,,,,
089056,0,0,0,-50,,,,
089057,0,0,0,-18,,,,
089059,0,0,0,704,,,,
089060,0,0,0,742,,,,
089063,0,0,0,19,,,,
089064,0,0,0,-2,,,,
089065,0,0,0,-294,,,,
089066,0,0,0,72,,,,
089067,0,0,0,-445,,,,
089068,0,0,0,330,,,,
089069,0,0,0,127,,,,
089070,0,0,0,345,,,,
089071,0,0,0,-109,,,,
089072,0,0,0,41,,,,
089073,0,0,0,-267,,,,
089074,0,0,0,-14,,,,
089075,0,0,0,29,,,,
089076,0,0,0,12,,,,
089078,0,0,0,-46,,,,
089079,0,0,0,31,,,,
089082,0,0,0,-7,,,,
089083,0,0,0,236,,,,
089084,0,0,0,40,,,,
089086,0,0,0,136,,,,
089087,0,0,0,-32,,,,
089088,0,0,0,17,,,,
089089,0,0,0,409,,,,
08908P,0,0,0,60,,,,
089090,0,0,0,-14,,,,
089091,0,0,0,-42,,,,
089092,0,0,0,-363,,,,
089093,0,0,0,-137,,,,
089094,0,0,0,-11,,,,
089095,0,0,0,-1,,,,
089096,0,0,0,-3,,,,
089097,0,0,0,-34,,,,
089098,0,0,0,-52,,,,
089099,0,0,0,-700,,,,
089100,0,0,0,-41,,,,
089101,0,0,0,-2,,,,
089102,0,0,0,20,,,,
089107,0,0,0,54,,,,
089114,0,0,0,155,,,,
089115,0,0,0,-29,,,,
089116,0,0,0,60,,,,
089119,0,0,0,612,,,,
08911P,0,0,0,-43,,,,
089120,0,0,0,-165,,,,
089121,0,0,0,176,,,,
089122,0,0,0,8,,,,
089123,0,0,0,10,,,,
089127,0,0,0,-58,,,,
08912P,0,0,0,-210,,,,
089130,0,0,0,-601,,,,
089131,0,0,0,627,,,,
089132,0,0,0,54,,,,
089133,0,0,0,-190,,,,
089134,0,0,0,169,,,,
089135,0,0,0,25,,,,
089137,0,0,0,-34,,,,
089138,0,0,0,-10,,,,
089141,0,0,0,0,,,,
089143,0,0,0,-2,,,,
089144,0,0,0,30,,,,
089145,0,0,0,-2,,,,
089146,0,0,0,-79,,,,
089147,0,0,0,342,,,,
089148,0,0,0,12,,,,
089149,0,0,0,45,,,,
089150,0,0,0,11,,,,
089151,0,0,0,10,,,,
089152,0,0,0,10,,,,
089153,0,0,0,-7,,,,
089156,0,0,0,0,,,,
089158,0,0,0,-150,,,,
089160,0,0,0,21,,,,
089163,0,0,0,-36,,,,
089164,0,0,0,20,,,,
089165,0,0,0,-150,,,,
089166,0,0,0,183,,,,
089167,0,0,0,24,,,,
089168,0,0,0,-155,,,,
089170,0,0,0,-10,,,,
089171,0,0,0,-2,,,,
089172,0,0,0,-12,,,,
089174,0,0,0,-1,,,,
089175,0,0,0,40,,,,
089176,0,0,0,79,,,,
089178,0,0,0,-3,,,,
089179,0,0,0,-20,,,,
089180,0,0,0,-54,,,,
089181,0,0,0,-64,,,,
089182,0,0,0,85,,,,
089187,0,0,0,100,,,,
089188,0,0,0,-54,,,,
089193,0,0,0,33,,,,
089195,0,0,0,1,,,,
089196,0,0,0,128,,,,
089200,0,0,0,27,,,,
089201,0,0,0,72,,,,
089202,0,0,0,-78,,,,
089204,0,0,0,-4,,,,
089205,0,0,0,3,,,,
089206,0,0,0,89,,,,
089208,0,0,0,-62,,,,
089209,0,0,0,-37,,,,
08920P,0,0,0,-10,,,,
089213,0,0,0,-10,,,,
089214,0,0,0,5,,,,
089215,0,0,0,30,,,,
089216,0,0,0,-8,,,,
089220,0,0,0,-9,,,,
089221,0,0,0,79,,,,
089222,0,0,0,92,,,,
089223,0,0,0,-309,,,,
089224,0,0,0,-2,,,,
089225,0,0,0,150,,,,
089226,0,0,0,6,,,,
089227,0,0,0,-96,,,,
089229,0,0,0,-52,,,,
089230,0,0,0,-10,,,,
089235,0,0,0,81,,,,
089236,0,0,0,-12,,,,
089237,0,0,0,-955,,,,
089239,0,0,0,-1098,,,,
089241,0,0,0,13,,,,
089242,0,0,0,44,,,,
089243,0,0,0,44,,,,
089246,0,0,0,8,,,,
089247,0,0,0,71,,,,
089248,0,0,0,-63,,,,
089249,0,0,0,-15,,,,
089250,0,0,0,-102,,,,
089251,0,0,0,214,,,,
089252,0,0,0,127,,,,
089253,0,0,0,118,,,,
089254,0,0,0,13,,,,
089255,0,0,0,30,,,,
089256,0,0,0,30,,,,
089257,0,0,0,38,,,,
089258,0,0,0,129,,,,
089259,0,0,0,6,,,,
08925P,0,0,0,15,,,,
089260,0,0,0,-129,,,,
089261,0,0,0,-30,,,,
089262,0,0,0,-34,,,,
089263,0,0,0,50,,,,
089264,0,0,0,46,,,,
089265,0,0,0,15,,,,
089266,0,0,0,-5,,,,
089267,0,0,0,0,,,,
089268,0,0,0,-28,,,,
089269,0,0,0,36,,,,
089271,0,0,0,29,,,,
089272,0,0,0,-40,,,,
089274,0,0,0,44,,,,
089275,0,0,0,48,,,,
089276,0,0,0,-162,,,,
089278,0,0,0,-73,,,,
089279,0,0,0,-19,,,,
08927P,0,0,0,922,,,,
089280,0,0,0,-381,,,,
089281,0,0,0,-91,,,,
089282,0,0,0,-33,,,,
089283,0,0,0,-4,,,,
089284,0,0,0,31,,,,
089285,0,0,0,15,,,,
089286,0,0,0,132,,,,
089287,0,0,0,233,,,,
089289,0,0,0,-2,,,,
089290,0,0,0,16,,,,
089291,0,0,0,72,,,,
089292,0,0,0,83,,,,
089293,0,0,0,-154,,,,
089294,0,0,0,-7,,,,
089295,0,0,0,42,,,,
089296,0,0,0,69,,,,
089297,0,0,0,-86,,,,
089299,0,0,0,359,,,,
08929P,0,0,0,-125,,,,
089300,0,0,0,71,,,,
089303,0,0,0,14,,,,
089304,0,0,0,62,,,,
089305,0,0,0,153,,,,
089306,0,0,0,-25,,,,
089307,0,0,0,3,,,,
089308,0,0,0,20,,,,
089309,0,0,0,-123,,,,
08930P,0,0,0,9,,,,
089310,0,0,0,184,,,,
089311,0,0,0,16,,,,
089313,0,0,0,-23,,,,
089314,0,0,0,10,,,,
089315,0,0,0,-37,,,,
089316,0,0,0,5,,,,
089318,0,0,0,-315,,,,
089321,0,0,0,26,,,,
089324,0,0,0,-15,,,,
089326,0,0,0,-30,,,,
089328,0,0,0,-19,,,,
089329,0,0,0,5,,,,
089330,0,0,0,-130,,,,
089331,0,0,0,-117,,,,
089332,0,0,0,60,,,,
089333,0,0,0,2,,,,
089334,0,0,0,-6,,,,
089335,0,0,0,97,,,,
089336,0,0,0,-30,,,,
089337,0,0,0,27,,,,
089340,0,0,0,-33,,,,
089341,0,0,0,33,,,,
089343,0,0,0,-56,,,,
089344,0,0,0,-471,,,,
089345,0,0,0,-9,,,,
089347,0,0,0,-60,,,,
089348,0,0,0,-5,,,,
089349,0,0,0,4,,,,
089351,0,0,0,-143,,,,
089352,0,0,0,740,,,,
089353,0,0,0,385,,,,
089354,0,0,0,-153,,,,
089356,0,0,0,-6,,,,
089357,0,0,0,-9,,,,
089358,0,0,0,-129,,,,
089360,0,0,0,23,,,,
089362,0,0,0,24,,,,
089363,0,0,0,-117,,,,
089365,0,0,0,1,,,,
089367,0,0,0,462,,,,
089368,0,0,0,28,,,,
089369,0,0,0,46,,,,
089370,0,0,0,-29,,,,
089371,0,0,0,56,,,,
089374,0,0,0,2,,,,
089375,0,0,0,-108,,,,
08937P,0,0,0,-40,,,,
089380,0,0,0,-10,,,,
089381,0,0,0,-166,,,,
089383,0,0,0,0,,,,
089384,0,0,0,0,,,,
089385,0,0,0,-19,,,,
089386,0,0,0,79,,,,
089387,0,0,0,-2,,,,
089388,0,0,0,5,,,,
089394,0,0,0,1580,,,,
089395,0,0,0,-41,,,,
089397,0,0,0,23,,,,
089398,0,0,0,44,,,,
089399,0,0,0,182,,,,
089400,0,0,0,10,,,,
089401,0,0,0,-41,,,,
089402,0,0,0,-1,,,,
089405,0,0,0,-10,,,,
089409,0,0,0,28,,,,
08940P,0,0,0,3,,,,
089410,0,0,0,-14,,,,
089412,0,0,0,-152,,,,
089413,0,0,0,3,,,,
089414,0,0,0,3,,,,
089417,0,0,0,200,,,,
089419,0,0,0,-8,,,,
089421,0,0,0,56,,,,
089422,0,0,0,2,,,,
089423,0,0,0,26,,,,
089424,0,0,0,31,,,,
089425,0,0,0,-1581,,,,
089428,0,0,0,17,,,,
089429,0,0,0,-49,,,,
089430,0,0,0,99,,,,
089432,0,0,0,131,,,,
089433,0,0,0,33,,,,
089435,0,0,0,3,,,,
089436,0,0,0,47,,,,
089438,0,0,0,5,,,,
089439,0,0,0,39,,,,
089440,0,0,0,31,,,,
089441,0,0,0,10,,,,
089442,0,0,0,50,,,,
089443,0,0,0,67,,,,
089444,0,0,0,8,,,,
089445,0,0,0,-87,,,,
089446,0,0,0,36,,,,
089447,0,0,0,64,,,,
089448,0,0,0,12,,,,
089451,0,0,0,12,,,,
089452,0,0,0,-177,,,,
089455,0,0,0,-121,,,,
089456,0,0,0,16,,,,
08945P,0,0,0,20,,,,
089461,0,0,0,-195,,,,
089462,0,0,0,19,,,,
089463,0,0,0,14,,,,
089464,0,0,0,19,,,,
089466,0,0,0,-208,,,,
089467,0,0,0,11,,,,
089468,0,0,0,127,,,,
089469,0,0,0,224,,,,
089470,0,0,0,117,,,,
089471,0,0,0,-176,,,,
089472,0,0,0,-56,,,,
089473,0,0,0,-2,,,,
089474,0,0,0,32,,,,
089475,0,0,0,-75,,,,
089476,0,0,0,92,,,,
089477,0,0,0,0,,,,
089481,0,0,0,-13,,,,
089482,0,0,0,-53,,,,
089483,0,0,0,-10,,,,
089484,0,0,0,-74,,,,
089485,0,0,0,49,,,,
089486,0,0,0,61,,,,
089487,0,0,0,-22,,,,
089488,0,0,0,0,,,,
089489,0,0,0,-158,,,,
08948P,0,0,0,13,,,,
089490,0,0,0,78,,,,
089491,0,0,0,12,,,,
089493,0,0,0,3,,,,
089495,0,0,0,6,,,,
089496,0,0,0,5,,,,
089497,0,0,0,-48,,,,
089498,0,0,0,2,,,,
089500,0,0,0,0,,,,
089501,0,0,0,6,,,,
089502,0,0,0,1,,,,
089504,0,0,0,-10,,,,
089505,0,0,0,-216,,,,
089508,0,0,0,22,,,,
08950P,0,0,0,40,,,,
089513,0,0,0,25,,,,
089516,0,0,0,-50,,,,
089517,0,0,0,-38,,,,
089518,0,0,0,-70,,,,
089520,0,0,0,1,,,,
089522,0,0,0,20,,,,
089525,0,0,0,-4,,,,
089526,0,0,0,-20,,,,
089527,0,0,0,-19,,,,
089529,0,0,0,-1,,,,
089530,0,0,0,-98,,,,
089532,0,0,0,-109,,,,
089534,0,0,0,55,,,,
089537,0,0,0,1,,,,
089539,0,0,0,-165,,,,
089540,0,0,0,-10,,,,
089541,0,0,0,-61,,,,
089542,0,0,0,84,,,,
089543,0,0,0,144,,,,
089544,0,0,0,-583,,,,
089545,0,0,0,-2,,,,
089547,0,0,0,290,,,,
089548,0,0,0,-721,,,,
089549,0,0,0,21,,,,
08954P,0,0,0,-13,,,,
089550,0,0,0,1,,,,
089551,0,0,0,-5,,,,
089552,0,0,0,-3,,,,
089554,0,0,0,-271,,,,
089555,0,0,0,10,,,,
089558,0,0,0,-36,,,,
089559,0,0,0,10,,,,
089560,0,0,0,50,,,,
089561,0,0,0,13,,,,
089562,0,0,0,-66,,,,
089563,0,0,0,56,,,,
089564,0,0,0,-7,,,,
089565,0,0,0,-10,,,,
089567,0,0,0,-241,,,,
089568,0,0,0,76,,,,
089569,0,0,0,-3,,,,
089570,0,0,0,-90,,,,
089571,0,0,0,427,,,,
089572,0,0,0,-318,,,,
089573,0,0,0,-145,,,,
089576,0,0,0,7,,,,
089577,0,0,0,59,,,,
089578,0,0,0,11,,,,
08957P,0,0,0,1,,,,
089580,0,0,0,-162,,,,
089583,0,0,0,-127,,,,
089584,0,0,0,-26,,,,
089585,0,0,0,-174,,,,
089588,0,0,0,-1,,,,
089589,0,0,0,267,,,,
089590,0,0,0,-175,,,,
089593,0,0,0,-199,,,,
089594,0,0,0,4,,,,
089596,0,0,0,-74,,,,
089597,0,0,0,5,,,,
089598,0,0,0,5,,,,
089599,0,0,0,3,,,,
089600,0,0,0,73,,,,
089601,0,0,0,-2,,,,
089603,0,0,0,-4,,,,
089605,0,0,0,19,,,,
089606,0,0,0,-5,,,,
089607,0,0,0,10,,,,
089608,0,0,0,19,,,,
089609,0,0,0,-68,,,,
089610,0,0,0,-2,,,,
089611,0,0,0,-13,,,,
089612,0,0,0,19,,,,
089613,0,0,0,-68,,,,
089614,0,0,0,-106,,,,
089616,0,0,0,-19,,,,
089617,0,0,0,-114,,,,
089619,0,0,0,-1,,,,
089622,0,0,0,8,,,,
089627,0,0,0,60,,,,
089629,0,0,0,100,,,,
089630,0,0,0,28,,,,
089631,0,0,0,-13,,,,
089632,0,0,0,-91,,,,
089633,0,0,0,45,,,,
089634,0,0,0,24,,,,
089635,0,0,0,-8,,,,
089636,0,0,0,-460,,,,
089637,0,0,0,-33,,,,
089638,0,0,0,41,,,,
089641,0,0,0,-414,,,,
089642,0,0,0,53,,,,
089643,0,0,0,20,,,,
089644,0,0,0,45,,,,
089645,0,0,0,19,,,,
089646,0,0,0,52,,,,
089647,0,0,0,19,,,,
089649,0,0,0,-5,,,,
089650,0,0,0,28,,,,
089651,0,0,0,-10,,,,
089652,0,0,0,12,,,,
089653,0,0,0,-54,,,,
089654,0,0,0,420,,,,
089656,0,0,0,53,,,,
089657,0,0,0,17,,,,
089658,0,0,0,-79,,,,
089659,0,0,0,-381,,,,
089661,0,0,0,110,,,,
089662,0,0,0,24,,,,
089663,0,0,0,-56,,,,
089667,0,0,0,32,,,,
089669,0,0,0,30,,,,
089671,0,0,0,90,,,,
089672,0,0,0,-52,,,,
089673,0,0,0,-130,,,,
089674,0,0,0,267,,,,
089675,0,0,0,3,,,,
089676,0,0,0,550,,,,
089677,0,0,0,-54,,,,
089679,0,0,0,12,,,,
089680,0,0,0,15,,,,
089683,0,0,0,-6,,,,
089685,0,0,0,-17,,,,
089686,0,0,0,-3,,,,
089690,0,0,0,-43,,,,
089691,0,0,0,-3,,,,
089692,0,0,0,-137,,,,
089694,0,0,0,-225,,,,
089695,0,0,0,-92,,,,
089696,0,0,0,195,,,,
089697,0,0,0,-101,,,,
089698,0,0,0,-47,,,,
089699,0,0,0,15,,,,
089700,0,0,0,-109,,,,
089702,0,0,0,-212,,,,
089703,0,0,0,-3,,,,
089705,0,0,0,-105,,,,
089707,0,0,0,31,,,,
089708,0,0,0,34,,,,
089709,0,0,0,-3,,,,
089710,0,0,0,14,,,,
089711,0,0,0,14,,,,
089712,0,0,0,-8,,,,
089713,0,0,0,-1,,,,
089714,0,0,0,9,,,,
089715,0,0,0,27,,,,
089717,0,0,0,18,,,,
089718,0,0,0,7,,,,
089721,0,0,0,11,,,,
089722,0,0,0,46,,,,
089723,0,0,0,-1,,,,
089726,0,0,0,-89,,,,
089729,0,0,0,61,,,,
089730,0,0,0,5,,,,
089733,0,0,0,-11,,,,
089734,0,0,0,22,,,,
089735,0,0,0,30,,,,
089736,0,0,0,-102,,,,
089737,0,0,0,5,,,,
089740,0,0,0,9,,,,
089743,0,0,0,100,,,,
089744,0,0,0,276,,,,
089745,0,0,0,-120,,,,
089746,0,0,0,22,,,,
089747,0,0,0,170,,,,
089748,0,0,0,6,,,,
089750,0,0,0,39,,,,
089754,0,0,0,-21,,,,
089755,0,0,0,-4,,,,
089757,0,0,0,80,,,,
089758,0,0,0,161,,,,
089759,0,0,0,-48,,,,
089760,0,0,0,-258,,,,
089761,0,0,0,79,,,,
089762,0,0,0,118,,,,
089763,0,0,0,89,,,,
089764,0,0,0,5,,,,
089765,0,0,0,23,,,,
089766,0,0,0,-229,,,,
089767,0,0,0,120,,,,
089768,0,0,0,-10,,,,
089769,0,0,0,-90,,,,
089771,0,0,0,72,,,,
089772,0,0,0,-116,,,,
089773,0,0,0,36,,,,
089774,0,0,0,-594,,,,
089776,0,0,0,23,,,,
089778,0,0,0,-37,,,,
089779,0,0,0,-411,,,,
08977P,0,0,0,-15,,,,
089780,0,0,0,-80,,,,
089781,0,0,0,-492,,,,
089782,0,0,0,62,,,,
089783,0,0,0,120,,,,
089784,0,0,0,1414,,,,
089785,0,0,0,-362,,,,
089786,0,0,0,397,,,,
089787,0,0,0,-8,,,,
089788,0,0,0,-27,,,,
089789,0,0,0,78,,,,
089790,0,0,0,6,,,,
089791,0,0,0,12,,,,
089792,0,0,0,-25,,,,
089794,0,0,0,-39,,,,
089795,0,0,0,244,,,,
089796,0,0,0,-10,,,,
089799,0,0,0,46,,,,
08979P,0,0,0,9,,,,
089800,0,0,0,-199,,,,
089804,0,0,0,2,,,,
089805,0,0,0,-30,,,,
089806,0,0,0,270,,,,
089807,0,0,0,-1,,,,
089808,0,0,0,370,,,,
089809,0,0,0,-62,,,,
089810,0,0,0,139,,,,
089811,0,0,0,-135,,,,
089812,0,0,0,-33,,,,
089815,0,0,0,3,,,,
089816,0,0,0,10,,,,
089817,0,0,0,0,,,,
089818,0,0,0,40,,,,
089819,0,0,0,65,,,,
089820,-25,0,0,1918,,,,
089822,0,0,0,-150,,,,
089823,0,0,0,580,,,,
089824,0,0,0,783,,,,
089825,0,0,0,131,,,,
089826,0,0,0,20,,,,
089827,0,0,0,-20,,,,
089828,0,0,0,88,,,,
089830,0,0,0,18,,,,
089831,0,0,0,-11,,,,
089833,0,0,0,48,,,,
089834,0,0,0,633,,,,
089835,0,0,0,59,,,,
089838,0,0,0,-26,,,,
089839,0,0,0,25,,,,
089840,0,0,0,-3,,,,
089841,0,0,0,-6,,,,
089842,0,0,0,-18,,,,
089843,0,0,0,288,,,,
089844,0,0,0,102,,,,
089845,0,0,0,32,,,,
089846,0,0,0,161,,,,
089847,0,0,0,-46,,,,
089848,0,0,0,133,,,,
089849,0,0,0,194,,,,
089850,0,0,0,1,,,,
089851,0,0,0,-94,,,,
089852,0,0,0,-74,,,,
089853,0,0,0,-16,,,,
089854,0,0,0,209,,,,
089856,0,0,0,-20,,,,
089858,0,0,0,28,,,,
089859,0,0,0,-337,,,,
089860,0,0,0,-225,,,,
089861,0,0,0,-8,,,,
089862,0,0,0,75,,,,
089863,0,0,0,-3,,,,
089864,0,0,0,-42,,,,
089866,0,0,0,674,,,,
089867,0,0,0,128,,,,
089868,0,0,0,-343,,,,
089869,0,0,0,-149,,,,
089870,0,0,0,0,,,,
089871,0,0,0,-19,,,,
089872,0,0,0,25,,,,
089873,0,0,0,-29,,,,
089876,0,0,0,10,,,,
089877,0,0,0,2,,,,
089878,0,0,0,53,,,,
089879,0,0,0,50,,,,
089881,0,0,0,21,,,,
089882,0,0,0,0,,,,
089883,0,0,0,-29,,,,
089885,0,0,0,-20,,,,
089888,0,0,0,40,,,,
089889,0,0,0,-166,,,,
089890,0,0,0,-2,,,,
089894,0,0,0,-35,,,,
089896,0,0,0,-13,,,,
089897,0,0,0,189,,,,
089898,0,0,0,-45,,,,
089899,0,0,0,-5,,,,
089900,0,0,0,3,,,,
089901,0,0,0,2,,,,
089902,0,0,0,118,,,,
089904,0,0,0,-26,,,,
089905,0,0,0,30,,,,
089906,0,0,0,143,,,,
089907,0,0,0,-6,,,,
089908,0,0,0,-3,,,,
089909,0,0,0,2,,,,
089912,0,0,0,-17,,,,
089913,0,0,0,-93,,,,
089917,0,0,0,2,,,,
089925,0,0,0,36,,,,
089927,0,0,0,70,,,,
089928,0,0,0,115,,,,
089929,0,0,0,131,,,,
089930,0,0,0,5,,,,
089931,0,0,0,42,,,,
089934,0,0,0,-11,,,,
089937,0,0,0,4,,,,
089938,0,0,0,35,,,,
089941,0,0,0,114,,,,
089943,0,0,0,24,,,,
089946,0,0,0,-80,,,,
089948,0,0,0,10,,,,
089949,0,0,0,-231,,,,
089950,0,0,0,34,,,,
089951,0,0,0,100,,,,
089952,0,0,0,-5,,,,
089953,0,0,0,118,,,,
089954,0,0,0,-5,,,,
089955,0,0,0,904,,,,
089957,0,0,0,-82,,,,
089958,0,0,0,4,,,,
089959,0,0,0,79,,,,
089960,0,0,0,53,,,,
089961,0,0,0,40,,,,
089962,0,0,0,18,,,,
089964,0,0,0,3,,,,
089966,0,0,0,140,,,,
089967,0,0,0,-316,,,,
089968,0,0,0,21,,,,
089969,0,0,0,35,,,,
089970,0,0,0,57,,,,
089971,0,0,0,-267,,,,
089973,0,0,0,37,,,,
089975,0,0,0,80,,,,
089977,0,0,0,-31,,,,
089978,0,0,0,-16,,,,
089979,0,0,0,49,,,,
08997P,0,0,0,11,,,,
089980,0,0,0,-1,,,,
089981,0,0,0,-7,,,,
089982,0,0,0,0,,,,
089986,0,0,0,-100,,,,
089987,0,0,0,3,,,,
089989,0,0,0,52,,,,
089991,0,0,0,-14,,,,
089993,0,0,0,-70,,,,
089994,0,0,0,9,,,,
089998,0,0,0,1,,,,
089999,0,0,0,0,,,,
1101,-8584.765,-79.608,-37,-55.685,27554,27132,444,466
1101B,0,0,-5,0,,,,
1102,-766.9,-929.865,-6.278,-48,1029,959,18,18
1103,-38,0,-10,0,3536,3521,42,42
1104,274.01,-1,-2,0,1683,1701,0,2
1108,1,0,-13,0,648,647,0,0
1109,-12,0,-2.484,0,759,759,0,0
1110,-63,0,-6,0,3135,3120,14,14
1201,56,0,-6.027,0,1402,1437,0,0
1203,-11,0,-4,0,14,14,0,0
1210,-372.119,-58,-1.719,-17,1026,1020,11,11
1213,,,,,0,0,0,0
1215,24.866,-41,-4.783,0,909,951,22,23
1216,-2911.437,-292,-46,-6.065,1261,1287,4,4
1217,-28,0,0,0,2095,2059,0,0
1218,-11,0,28,0,2154,2156,1,1
1219,-18,0,-1,0,1637,1637,0,0
1220,0,0,0,0,1087,1085,0,0
1225,4,0,4,0,5315,5316,1,1
1227,-20.194,-2,-15.436,0,2138,2127,3,3
1229,607.546,-6,-20.333,-7,1424,1333,4,4
1231,48.314,-1,-3.976,0,364,386,6,6
1232,-7.294,0,-1,0,11,11,0,0
1233,0,0,0,0,60,60,0,0
1234,-25,0,-6,5.288,194,189,0,0
1235,-4,0,-2,0,996,996,0,0
1236,-4,0,0,0,185,185,0,0
1240,13,0,0,0,88,86,0,0
1256,-1,0,0,0,93,92,0,0
1259,,,,,18,18,0,0
1264,,,,,0,0,0,0
1268,1,0,0,0,33,32,0,0
1295,298,110,-0.029,8.14,,,,
1301,-3788.303,-37,-210.716,-779.837,29942,30423,1698,1694
1303,-11403.222,349,-1274.152,-3005.099,37028,36632,2537,2879
1304,-997,0,-13.89,0,5482,5426,8,13
1305,-195,0,1.999,0,2840,2814,29,38
1307,-378,-11.746,95,-2.093,2281,2167,2,2
1308,-441,0,0.129,0,2944,2934,5,5
1309,259,0,2.106,0,3555,3544,12,15
1310,38,0,14.907,0,3148,3214,72,73
1312,-2082,0,-107.006,-269.989,16311,16045,134,144
1313,-170,0,0,0,8794,8767,175,203
1314,-1370,0,-76.137,0,35736,35523,165,169
1315,-3,0,0,0,58,59,0,0
1316,310,0,-2.391,0,17222,17205,66,66
1319,54.94,-385.56,38.713,77.692,2789,2843,192,291
1321,-137,0,-3.035,0,4324,3640,3,4
1323,1,0,0,0,101,101,0,0
1324,-71,0,0,0,2037,1884,1,0
1325,238,0,0,0,2172,2210,176,190
1326,-304,-8,84.834,-135.543,23731,23885,1404,1391
1336,49,0,17,0,2598,2590,0,6
1337,-20,0,0,0,19540,19500,0,0
1338,-50,0,0,0,2172,2172,0,0
1339,-11,0,2.971,0,1331,1333,10,12
1340,5,0,0,0,330,331,0,0
1341,-2.888,0,0,0,,,,
1342,-194,0,-0.009,2.171,574,522,3,1
1402,-3657.491,-235.176,1.163,-45.463,3444,3220,108,101
1409,-6493.089,-4,914.061,0,23703,22794,79,43
1410,-1,0,0,0,316,316,0,0
1413,-2,0,0,0,0,0,0,0
1414,76,0,6,0,1833,1870,0,0
1416,-11,0,0,0,4335,4324,2,2
1417,-9,0,0,0,1117,1107,0,0
1418,2,0,0,0,658,653,0,0
1419,105.9,0,4,-0.152,2339,2320,24,23
1423,-3,0,0,0,183,183,0,0
1432,-2,0,-0.999,0,0,0,0,0
1434,-491.617,-41,-25.867,0,1682,1590,0,0
1435,,,,,0,0,0,0
1436,-7,0,-4,0,1188,1185,133,133
1437,5.12,0,0,0,3257,3256,2,2
1438,-9,0,-3,0,450,450,0,0
1439,-5,0,-2,0,873,864,0,0
1440,158,-4,-47,0,4002,4013,21,19
1441,-4,0,-1,0,0,0,0,0
1442,16.338,-1,-1.96,0,684,595,85,116
1443,-1,0,-2,0,115,114,0,0
1444,-477,0,0.89,0,3554,3651,1,2
1445,-11,0,0,0,1533,1524,0,0
1446,-17,0,-7,0,2526,2490,3,1
1447,-143,0,0,0,8362,8422,65,65
1449,592.155,0,-2,0,4915,4710,0,0
1451,-22.345,0,0,0,1201,1201,0,0
1452,-6,0,0,0,93,89,0,0
1453,-14,0,-0.12,0,1195,1199,0,0
1454,-2,0,0,0,1894,1894,0,0
1455,-21.003,0,-0.015,0,4139,4076,0,0
1456,-2,0,-1,0,315,313,0,0
1457,-5,0,-2,0,552,546,0,0
1459,-9,0,0,0,0,0,0,0
1460,-453,0,0,0,0,0,0,0
1463,1,0,0,0,916,931,0,0
1464,-363,0,0,0,1723,1721,29,31
1465,-3,0,0,0,3449,3456,0,0
1466,0,0,0,0,3675,3688,21,20
1467,7,0,-1,0,5422,5420,0,0
1468,-6,0,0,0,0,0,0,0
1470,,,,,9,10,0,0
1471,-19,0,0,0,0,0,0,0
1472,-3,0,0,0,4216,4216,0,0
1473,-51,0,0,0,1013,1011,0,0
1474,-4,0,0,0,4152,4152,0,0
1475,-8.2,0,0,0,305,306,1,1
1476,-115.04,-2.367,1.702,-1.505,378,373,4,4
1477,149.179,68.468,7.95,4.126,1001,995,9,9
1503,192.037,-2,289.256,36.815,4525,4346,71,59
1504,-3813.939,-1874.677,5.19,-99.036,22992,22528,832,944
1506,-35,0,-2,0,0,0,0,0
1512,-7,0,3,0,0,0,0,0
1513,1744.664,-15.936,-49.32,32.219,7915,8187,3,0
1514,1086.958,0,24.005,7,7626,7520,127,118
1515,108.7,0,0,0,3786,3704,27,27
1516,-2,0,6,0,273,273,0,0
1517,11,0,-1.156,0,1806,1801,0,0
1519,-803.222,-3,4.275,-111.501,3299,3240,536,541
1521,-3,0,0,0,369,367,0,0
1522,275,-5.212,-4.767,10.069,7511,7540,115,116
1522A,0,0,-3,0,,,,
1524,-225,0,-1,0,7768,7730,244,242
1525,-5,0,-3,0,377,385,0,0
1526,-52,0,-1,0,1038,1037,15,15
1527,8,0,21,0,473,472,22,22
1528,438,0,0.712,0,12591,12699,999,1008
1529,352.85,0,-2,0,3459,3459,6,5
1530,-7,0,-4,0,103,100,5,5
1531,-6,0,0,0,2172,2172,1,1
1532,-64,-12.475,8.997,-0.001,4870,4891,99,99
1533,2,0,0,0,790,791,0,0
1535,0,0,-2,0,113,113,0,0
1536,391.772,-1,323.667,352.705,9189,9087,4341,4435
1537,8,0,-81.726,0,104,104,0,0
1538,,,,,0,0,0,0
1539,4,0,0,0,1636,1644,0,0
1540,258,0,34.003,0,2403,2396,16,15
1541,5,0,-0.456,0,145,145,0,0
1558,24,-0.196,0,-0.524,491,627,0,0
1560,-536.135,185,50,155.118,3797,3898,126,118
1563,38,0,-6,0,427,435,8,8
1565,-82,0,3,0,1042,1045,0,0
1568,-3,0,0,0,1363,1360,1,1
1569,-78,0,0,-7,18719,18731,799,797
1570,31,0,0,0,847,839,23,23
1580,-7,0,2,0,37,35,0,0
1582,560,-1,-4,3.961,3241,3237,58,58
1583,0,0,0,0,100,98,0,0
1584,1116.2,0,0,404.865,9414,9060,145,64
1586,-43,0,0,0,13428,13328,13,13
1587,65,0,-4,0,2318,2307,17,17
1589,79.491,0,-7.729,0,3406,3415,221,224
1590,-773.813,-1,-4,-1.302,457,387,1,0
1591,-15,0,0,0,2142,2131,26,26
1593,1,0,0,0,83,81,0,0
1595,-32,0,0,0.228,2083,2080,4,6
1597,-57,0,-0.242,32.671,3267,3053,40,38
1598,6,0,-1,0,2916,2920,0,0
1599,-3,0,0,0,149,149,1,1
1603,177,0,19,0,2317,2329,0,0
1604,9,0,-6,0,417,418,0,0
1605,4092.943,-12,-94,192.674,33775,33789,724,705
1608,-5209.7,-2,-8.945,25.595,8309,8185,77,121
1609,-1654.376,0,18,401.954,20040,19552,242,218
1611,107,0,-4,0,3670,3691,20,20
1612,144,-2,9.65,-62.447,2954,3045,19,19
1614,-7,0,-5,0,569,584,0,0
1615,-5,0,-1,0,513,514,0,0
1616,-329,-1,0,83.534,6330,6646,184,190
1617,-31,0,0,0,2076,2014,0,0
1618,704,0,-2,-16.338,6176,6189,12,10
1626,-2,0,2,0,2546,2548,0,0
1702,210.03,0,-4.129,0.606,425,426,7,7
1707,14.342,0,-5,0,482,485,0,0
1708,347,0,2,0,3364,3379,4,4
1709,-214,0,-3,0,2129,2225,0,0
1710,47,0,-12,-0.642,4257,4310,41,33
1711,454.03,0,-5,47.59,10883,10794,86,47
1712,120.319,-3,-1.06,0,724,725,2,2
1713,-3,0,0,0,2787,2811,1,1
1714,-93,0,-9,0,6578,6579,1,0
1717,49.246,-3,143,0,18199,17418,738,764
1718,64,0,64.985,0,17399,17298,6,16
1720,73,0,-16,0,182,179,0,0
1721,260,0,0.023,0,3915,3952,90,93
1722,-15.332,-10,4,-5,1928,1923,0,0
1723,-104,0,-4,0,423,421,1,1
1725,-2,0,0,0,353,353,0,0
1726,-4,0,-1,0,0,0,0,0
1727,212.8,0,-23.075,0,7352,6687,602,560
1730,7,0,-4,0,9,9,0,0
1731,-41,0,-8,0,153,152,0,0
1732,208,0,0,0,534,548,0,0
1733,2,0,-1,0,2263,2095,5,5
1734,-2,0,-1,0,1374,1373,0,0
1735,1,0,-6.04,0,372,364,0,0
1736,-72.166,-2,-7.086,-0.188,1344,1357,83,84
1737,14,0,39,0,124,124,0,0
1742,1,0,0,0,3024,3021,1,1
1752,-6,0,-6,0,736,736,8,8
1760,43,0,0,0,1502,1510,6,5
1762,-6,0,-0.273,0,898,886,34,34
1773,85.825,-5,43.867,0,689,700,0,1
1776,-2,0,0,0,700,700,0,0
1777,1,0,0,0,116,116,2,2
1781,-4,0,0,-0.001,0,0,0,0
1783,4,0,0,0,674,666,0,0
1784,-44,0,0,0.019,2156,2149,0,6
1785,762.297,-13,-584.154,84.507,27609,26604,234,85
1786,-23.916,0,0.215,-0.362,8547,8575,8,8
1788,0,0,1,0,7,6,0,0
1789,43,-3,-19,0,1929,1906,1,1
1795,-350.868,-5,-2,-12.111,5788,5764,15,16
1796,7,0,0,0,335,372,2,0
1799,-31,0,0,0,0,0,0,0
1802,1863,-9,500.945,181,79032,79859,15443,16166
1805,-3,0,0,0,197,197,0,0
1806,-238,0,-15,0,2911,2864,46,77
1808,-47,-2,46.371,0,5733,5790,11,7
1809,-84,0,9,0,4974,4841,182,210
1810,-3195,0,-2.82,0,19805,18464,398,649
1813,,,,,70,69,0,0
1815,-3372.885,-456,36,-97,81378,80899,15317,15624
1817,17,0,4,0,20,20,0,0
1903,37,0,-5,-2.394,3826,3801,14,14
1904,36.372,-2,-11.137,0,1208,1228,5,5
1905,-278,-2,-18.103,0,7641,7613,201,200
1906,-2,0,0.178,0,5147,5137,0,0
1907,-7.168,-4,8,-10,23929,23939,3,3
1909,81,0,-10.391,0,4603,4629,54,54
2002,-5912.322,-448.136,1955,-109.493,16455,16287,329,335
2006,-12.709,-33,-3.589,-6,640,648,3,3
2007,32,0,0,0,994,996,0,0
2008,-6,0,-5,0,271,271,0,0
2009,302,-1,-7,2.225,4889,4913,657,635
2010,-73,0,7,0,2270,2237,12,11
2012,-10,0,-1,0,98,98,0,0
2013,-12,0,2.605,0,1629,1629,1,1
2014,101,-3,-7,-67.406,9726,9897,838,851
2015,5.342,-2,-7,-0.206,44,44,0,0
2017,10,0,1,0,2926,2916,65,65
2020,66,0,-1,0,1012,1046,1,1
2022,-21,0,17,0,2821,2894,9,10
2023,-84,-4,-30,0,2728,2781,162,133
2024,-4,0,-4,0,14,14,0,0
2025,-5,0,0,0,0,0,0,0
2027,9956.497,-9246,-21,-890.759,31054,33180,3788,3528
2028,-4,0,-1,0,1138,1134,2,2
2029,-382,0,-57.751,0,509,507,3,0
2030,-28,0,0,0,1366,1361,0,0
2031,275,0,3,1.411,2715,2670,34,33
2032,-8,0,-0.002,0,2319,2309,9,9
2033,1,0,0,0,7398,7408,0,0
2034,-777,0,0.616,77,3743,3568,179,182
2035,,,,,2,2,0,0
2038,-106,0,-1,0,4654,4654,0,0
2049,-4.318,33.02,-1.133,165.8,5846,5810,126,120
2059,55.677,-68.002,-11.759,5.694,445,446,2,0
2061,0,0,0,-0.964,3313,3302,0,0
2062,-179,0,-0.249,0,2612,2625,3,0
2063,3,0,0,0,112,111,1,1
2064,,,,,149,154,0,0
2065,4,0,0,-0.059,176,176,0,0
2066,-10,0,0,0,4505,4505,1,1
2067,1,0,0,0,0,0,0,0
2069,12,0,9,0,857,856,0,0
2070,2,0,0,-0.378,1512,1515,6,5
2101,-620.5,0,-6.377,-15.251,31567,31173,24,28
2102,40,0,-6,0,4054,4063,16,16
2103,-706.853,0,-17.655,0,5132,5068,1,2
2104,-506,0,-51.404,0,11821,11777,8,3
2105,759.106,-22.626,-18,-47.318,2944,2939,41,45
2106,-109.229,-6,-14,0,2280,2225,19,19
2107,-33,0,0,0,653,677,0,0
2108,-87,0,-17.935,0,2664,2670,154,147
2109,-28,0,0,0,994,991,15,15
2114,-4,0,0,0,26,28,0,0
2115,-2,0,0,0,256,256,0,0
2201,398.2,-2,0,0,7798,7822,155,81
2204,518.209,-12.71,3,7.025,4397,4374,115,114
2206,306.294,-10,-36,7.454,25002,25027,56,57
2207,31.673,-10,-8.016,-1,88,93,0,0
2208,6699.617,0,109.914,0,0,0,0,0
2211,-43.618,-9.59,-0.803,0,954,944,0,0
2221,,,,,95,95,0,0
2227,-23,-1,0,0,,,,
2228,-962,0,-81.08,32.513,5772,6032,341,318
2230,14.6,0,0,-12.518,5003,4979,148,149
2231,-573,0,48.223,-13.374,3304,2888,94,76
2233,-340,133,0.03,2.182,8540,8401,401,415
2235,0,0,1,0,47,47,0,0
2236,29,0,0,0,4250,4195,48,48
2239,-9,0,-2,0,1726,1739,0,0
2241,55,0,-1,0,4418,4425,23,22
2243,-82,0,-3.21,0,863,797,1,1
2247,64.997,0,-1,0,468,479,39,38
2248,-3,0,0,0,,,,
2250,-10,0,-0.995,0,2315,2332,0,4
2254,0,0,0,3,4905,4900,0,0
2258,2,0,-3,-3.84,,,,
2301,-1129.892,65.527,15.917,-609.51,14426,14626,54,58
2302,22,0,0,0,2538,2546,3,2
2303,-977.891,-1643.777,300,815.094,40800,40427,820,846
2305,-81,0,0,0,2050,2093,55,54
2308,-2789.785,-248.491,-109.171,-52.162,4826,4542,709,734
2312,300.996,-8,-12,13.005,39798,39788,192,191
2313,-1539.96,-9,367.929,1044.363,28803,27031,1190,1140
2314,29,0,0,0,0,0,0,0
2316,-3347.32,0,11.637,42.608,12253,9480,1924,1831
2317,14106.728,-1392.433,-647,-47.849,50914,52104,2497,2501
2321,,,,,0,0,0,0
2323,888,-10,39.297,26.35,19710,19809,28,23
2324,-981.585,-969.904,-146.043,-55.598,14858,14955,581,582
2327,-2987.881,-96.036,-168,47.364,27840,26956,695,806
2328,-4518.265,-1,569.978,89.871,24389,22995,1371,1360
2329,455.891,-4,-55.245,200.726,18905,18904,1418,1397
2330,-1308.665,-642.412,159,-4.059,15307,15085,325,375
2331,443.051,0,-6.096,8.685,10675,10550,59,45
2332,670,0,-11,50.718,19688,19738,165,144
2337,831,-4,-12,-632.643,18029,18051,2891,2919
2338,26.54,0,-72,-22.752,7568,7685,2518,2597
2340,170,0,-9.955,0.287,7406,7476,94,95
2342,-77,0,0,0,2757,2755,0,0
2344,-3767.877,-39,1168.159,-1323.074,47956,48610,2735,2874
2345,-141.62,3,36.572,-17.988,2375,2456,159,151
2347,-2093.702,-426.949,0,145.987,1791,961,15,14
2348,110,0,-2.886,3.341,1614,1618,388,388
2349,692,0,0,0,0,0,0,0
2351,-257,0,-9.803,19.268,9224,9030,156,151
2352,81.299,-12,-13.099,204.516,17913,17380,420,375
2353,-5930.5,-719.401,-17.385,-66.048,23797,23322,353,355
2354,-941.315,-5,-136.67,-414.472,32164,31970,344,338
2355,-4924,-6.564,91.672,197.175,6969,4438,177,80
2356,181.2,-1,-28.008,144.147,25942,25764,2217,2247
2357,-403.367,-230.65,0.2,-9.186,1542,1584,19,19
2359,-191.383,-1,1.832,10.42,9607,9508,1380,1429
2360,-270.759,354.336,-41,-66.72,686,764,61,59
2362,191.918,-1,-4.643,-0.012,3404,3460,8,7
2363,726.46,0,-9,12.782,24043,24100,128,130
2364,-787.199,-1,-0.322,-2,990,944,14,0
2365,-157.1,0,-30.18,8.017,13027,13075,2222,2172
2367,-375.291,0,-279,-0.113,31476,31643,0,0
2368,-260.639,2,-49.75,21.166,3880,4065,1835,1829
2369,413,0,9.45,0,7855,5986,395,234
2371,1894.896,33.9,5,-21.12,74082,73926,1561,1596
2373,-6,0,-3,0,85,86,0,0
2374,-29.975,0,-3.986,-256.385,17158,18056,1514,1430
2375,138,0,4.869,0.49,2200,2233,5,5
2376,-390.76,38,-13.9,-90.123,5877,5947,162,164
2377,-705.019,-4,6.827,-12.7,5623,5582,4,3
2379,-1131.972,-118.047,353.6,23.39,2663,2617,28,27
2380,,,,,0,0,0,0
2382,-1755.431,172.799,-55.578,-51.709,20531,20431,483,464
2383,-246.487,-146,-28.638,-36.366,3493,3471,9,0
2385,341.775,-204.79,-3.806,27,3267,3315,5,6
2387,-36,0,9.866,0,2615,2617,10,10
2388,-362.234,-1,-201.148,10.932,12999,13056,232,236
2390,31,0,2,0,1953,1933,5,5
2392,-111.029,-1,17.924,3.001,9266,9244,59,62
2393,158.866,46.36,6,45.562,1592,1658,25,25
2395,-4103.11,29.991,-68,-5.585,1804,1329,9,11
2397,9,0,5,0,2503,2580,13,16
2399,284,0,0,0,6553,6699,301,301
2401,-1468,0,24.999,-10.924,12446,12232,604,627
2402,4289.75,0,-3.002,-130.469,13391,14455,1029,1009
2404,-154.557,112.709,-24.556,-41.279,1115,1074,120,119
2405,965,0,0,-3.068,14017,14270,113,150
2406,-801,0,54.562,0,13906,13800,1064,993
2408,-870,-0.379,77.477,-149.582,46349,47953,6867,6950
2409,22136,-39.48,117,1498.424,62989,64536,1141,1026
2412,-668.758,-77.658,-37,-2.295,635,604,15,14
2413,97,0,0,0,2591,2614,23,23
2414,49,0,0,0,635,622,1,0
2415,-3,0,0.195,0,2396,2386,0,0
2417,-145,0,-1.605,-0.152,5920,5961,170,196
2419,123,0,-5,-0.234,4628,4661,18,18
2420,154,-10,-3,0.716,521,509,0,10
2421,691.498,-1,-4.928,5,6452,6576,165,168
2423,-44.901,0,-1,0,335,335,3,1
2424,6,0,0,0,0,0,0,0
2425,-96,0,0,0,3004,3061,12,12
2426,3,0,-0.001,0,5107,4949,38,37
2427,-138,-1,-1,0,6017,5897,3279,3534
2428,-30.658,0,-2.127,0,2479,2483,0,0
2429,213,0,36.645,0,11638,11696,1208,1209
2430,5,0,5,0,153,151,0,0
2431,91,0,2.466,0,4445,4452,28,31
2432,-1,0,-1,8,105,117,0,0
2433,-5,0,-3.021,0,2,2,0,0
2434,-6,0,0,0,9,7,0,0
2436,434,-2,0,1.4,3763,3811,3102,3099
2438,-6,0,0,0,0,0,0,0
2439,263.816,-1513.646,-130,103.339,2532,2403,4,0
2440,12,0,0,0,0,0,0,0
2441,3803.449,-3,3.71,-971,498,603,0,0
2442,249,0,-152,0,15549,15342,511,548
2444,5,0,0,0,0,0,0,0
2449,5241.986,1354.854,670.21,460.908,27467,27833,1099,983
2450,-51,0,-3,0,57,42,0,0
2451,346.708,-53.988,-5,0,802,820,1,1
2453,547,0,-1,0,3155,3494,32,36
2454,126.457,-300.287,33.794,14.998,4984,5014,117,119
2455,326.787,646,-81.204,-64.854,5148,5137,563,648
2457,-1596,0,59.025,29.864,10823,9603,170,96
2458,-289.275,82.07,-5.349,2,1904,1895,36,36
2459,43,0,1,0,73,71,0,0
2460,34,0,1.651,0,2381,2395,7,7
2461,20,0,0,0,3676,3684,2,2
2462,-49,0,7.63,0,2219,2227,22,22
2464,532.073,-2,0.796,61.01,9980,9710,617,614
2465,10.104,0,0,0,572,572,0,0
2466,15,0,0,0,5468,5472,304,304
2467,1420.57,225,-66.863,-1.536,3369,3694,99,150
2468,-120.865,0,0,0,5740,5699,16,0
2471,31,0,0,0,2085,2067,3,3
2472,103,0,7,-56.942,6812,6755,16,16
2474,-338.317,-109.558,-206.768,2.649,1813,1782,12,12
2476,986.7,0,-53,189.735,20683,21023,330,278
2477,-67,0,0,0,1562,1505,20,20
2478,-34,0,6,0,646,654,0,0
2480,-46,0,0.563,-3.011,224,227,2,2
2481,958.439,0,-159.417,-48.008,10987,10471,296,262
2482,14,0,-0.002,0,2000,2011,1,1
2483,-4,0,-4,0,990,990,0,0
2484,-20,0,-0.583,0,2131,2127,0,0
2485,141,0,0.045,0,7276,7156,18,18
2486,-814.143,0,-10,6.909,20746,20577,530,502
2488,-90,0,3,0,1145,1209,0,0
2489,105,0,43.035,-0.116,15729,15716,28,36
2491,-8,0,3,0,42,42,0,0
2492,399.417,-1,-2,2.851,5775,5784,69,68
2493,819.63,0,6.172,3,10387,10817,27,36
2495,48,0,0.325,0,5652,5677,0,0
2496,-1,0,0,0,171,171,0,0
2497,269,0,-1.29,1.8,3451,3537,52,55
2498,-4586.903,-13.247,-623.444,-817.984,35840,34945,7070,7431
2501,520,-3,20,2,8046,8099,73,68
2504,479.236,-166.396,2,1.206,3638,3785,59,60
2505,-65,0,45,0,4228,4407,0,0
2506,-51,0,0,0,2168,2169,0,0
2509,-19,0,0,0,568,568,0,0
2511,-201.255,0,-22.275,0,3810,3744,0,0
2514,1,0,0.809,0,21229,21233,4,4
2515,-135,2,68.128,-18,23002,22939,130,130
2516,-276,0,0,0,0,0,0,0
2520,-1250.863,-30,-0.135,0.001,5688,5395,214,226
2524,89,-1,8,0.588,3913,3939,39,38
2527,-95,-0.33,-2.975,0,525,548,3,3
2528,-50,0,-10,0,2492,2497,7,2
2530,228,0,26,0,3621,3722,85,90
2534,12,0,40,0,8436,8500,1,1
2535,38,-4,-4.287,0,169,169,1,1
2536,-8,0,-5,0,4899,4067,4,4
2537,161,0,-2.143,0,5693,5682,42,42
2538,-87,0,1,0,4483,4483,0,2
2539,-1950.672,-5,-24,-4,3089,3202,42,0
2540,-397.663,0,-10,-1.018,3880,3883,58,65
2542,1058.517,-90,23.72,-25.905,10205,10206,37,37
2543,-191.438,0,22,63.629,25212,25833,0,7
2545,173.641,0,18,-1,2406,2398,6,6
2546,-14,0,2,0,312,322,0,0
2547,193,-2,-32,0,25983,25997,1,1
2548,491.579,-1,436.67,-24.273,1743,1803,52,50
2596,-11,0,0,0,1655,1667,0,0
2597,-47.425,-3,-6.78,0,327,329,5,5
2601,16,0,25,0,6434,6450,20,20
2603,-569.808,-1513.381,-757,56.098,17853,17726,564,603
2605,-315.375,0,103.397,-0.667,10949,10964,136,136
2606,-1706,599.45,103.031,20.81,7810,7755,138,135
2607,-227.661,-5,-1,0,5890,5878,18,20
2608,6,-2,-7,0,962,962,1,1
2609,-3440.58,-1441.743,-249.985,76.999,34859,34648,2139,2085
2610,3214.024,-910.449,-116,29.454,44197,44229,279,294
2611,-11,0,0,0,3331,3325,23,23
2612,-140,0,17,0.002,1944,1825,30,29
2613,9,0,33,0,2927,2931,11,11
2614,99,0,62,0,5575,5566,1,1
2615,-1135.383,-21.671,79.201,55.584,19966,19886,3318,3282
2616,2.1,0,0,0,147,147,2,2
2617,27,0,-0.003,0,2039,2068,1,1
2618,2157.673,-1322.664,-52,59.893,40915,42344,435,428
2630,-529.935,0,0,25,4975,5099,568,525
2633,-308.348,-26.931,-27,-17,2478,2468,2,3
2634,9027.2,0,467,619.155,23910,29564,2020,795
2636,45,0,19,0.99,1013,1011,3,4
2637,-8.565,-12.6,0.912,-10.203,10632,10742,370,410
2640,4,0,1,0,38,38,0,0
2641,-44,0,39,-26.979,11862,11875,1434,1286
2642,-1,0,0,0,423,427,3,2
2643,4,0,0,0,148,141,0,0
2645,775.565,150,22.849,-35.019,6598,7525,664,628
2646,-1235.078,0,-39,-14.259,2466,2436,7,7
2701,-9,0,-9,0,1184,1184,0,0
2702,-5,0,0,0,531,526,0,0
2704,-65,-1,-5,0,403,417,0,0
2705,32,0,8,0,973,1081,1,1
2706,-11,0,0,0,871,864,0,0
2707,11.18,-1.627,-7,0,236,235,1,1
2712,3,0,0,0,16,16,0,0
2718,-29,0,0,-0.001,250,259,0,0
2719,-1,0,0,0,150,152,0,0
2722,-4,0,0,0,535,538,0,0
2723,-101.852,0,-5,0.244,2612,2569,3,3
2724,,,,,0,0,0,0
2726,4,0,0,0,428,429,0,0
2727,-114.308,-1,-1,0.732,657,649,1,1
2729,-1,0,0,0,16,17,0,0
2731,1299,-30,0,56.74,2049,2106,250,238
2732,-4,0,-4,0,289,289,0,5
2734,89,0,0,0,552,546,0,1
2736,-6,0,0,0,1348,1339,33,32
2739,4,0,0,0,1214,1152,0,7
2743,55.677,0,0,0.896,1308,1346,83,83
2745,68.5,0,0,-4.461,1032,1031,8,8
2748,17,0,0,0,1539,1525,2,2
2753,21,0,1,-1,1391,1430,9,9
2754,-23,0,0,0.514,252,251,0,0
2755,61,0,-23,0.284,152,161,0,0
2756,24,0,0,0,,,,
2762,-1,0,-2,0,230,232,0,0
2801,3498.237,-88.216,-93.1,-53,7094,7498,362,364
2809,162.107,-3.689,42,-4,472,476,26,26
2812,784.504,-66.519,-68,-22,5197,5200,20,20
2816,-18,0,-36,0,500,500,13,13
2820,397,0,-29,0,837,838,0,0
2832,186,0,-2,-0.082,804,820,11,11
2834,-2278,-43.285,-104.44,-51,7318,7418,25,23
2836,-135,-5,-24,0,5194,5190,1,1
2838,-671,-10,-62.999,0,1658,1584,8,8
2845,-3943.702,-8,-66.518,82,4874,4954,0,0
2849,-32,0,-34,0,148,148,0,0
2850,65.589,-2,-9,0,38,39,2,2
2851,-41.549,0,-95,0,999,995,2,3
2852,543,-1.151,54,0,453,464,4,4
2855,518.274,-7,0,0,4117,4112,115,115
2867,8,0,0,0,0,0,0,0
2880,860.283,-85,-69.681,-51,946,958,97,89
2881,-6950.985,2707.373,27.007,23.444,8006,7904,2730,2737
2881A,-7,0,0,0,,,,
2881B,0,0,-49,0,,,,
2882,-3431.291,386.176,40,235.936,6320,6358,1209,1208
2882B,0,0,2,0,,,,
2883,-8634.122,-339.505,269.609,-122.966,22839,22917,0,0
2883B,-1426,0,-43,0,,,,
2884,3167.182,-10.511,-126.294,-81.996,1748,1884,229,237
2885,5574.188,-314.8,-51.96,-58.203,2277,2411,1,1
2886,3422.593,-5714.912,95.985,-42.904,1656,1681,20,20
2887,15851.528,-2386.002,-134,-935,127892,128388,725,716
2887E,4,0,0,0,,,,
2887I,1496,0,0,0,,,,
2889,317.932,-5,-57,32,2947,3090,11,16
2890,-2965.267,-185.808,-103.804,-77.286,7620,7346,905,876
2891,2180.687,-3360.45,-90,247.969,6331,6304,414,412
2891C,0,0,-19,0,,,,
2892,1994.363,-853.909,-33.643,-119,2909,2918,2,2
2897,-718.106,-4,-52,0,3682,3679,0,0
2897B,-7,0,0,0,,,,
2901,-2,0,0,0,622,622,0,0
2903,527,-17,-36,0,2530,2515,95,95
2904,-3,0,0,0,25,25,0,0
2905,14,0,-1.004,0,10605,10609,0,0
2906,-6,0,0,0,1031,1036,11,11
2908,-6,0,-9,0,10738,10722,0,0
2910,-3,0,-3,0,45,56,0,0
2911,,,,,0,0,0,0
2912,-36.275,-9.036,-109,-11.842,477,462,1,1
2913,91,0,53,0,9124,9159,6,6
2915,-181,443,5,-3.284,6926,7005,12,12
2916,7,0,0,0,295,295,0,0
2923,-29,0,0,0,,,,
2924,,,,,8,8,0,0
2926,-2,0,0,0,172,171,0,0
2929,18,0,0,0,1141,1150,4,5
2939,1,0,0,0,529,528,0,0
3002,8,0,9,0,1907,1909,0,0
3003,116,0,-1.662,0.359,4374,4407,15,14
3004,-677,0,44.121,53.608,3185,2588,43,31
3005,2256.458,-93.385,17.286,28.3,2716,2966,129,99
3006,359,0,-53.141,4.025,9484,9515,293,295
3008,-24.703,-1,6.2,-3.244,745,735,7,7
3010,-15,-2,-6,2.754,1699,1703,1,1
3011,231,0,38,0,3431,3573,524,567
3013,-4028.99,-1,-1.936,-61.025,16522,16035,464,458
3014,119.968,-6.796,-0.75,-2,1487,1563,6,6
3015,158,0,4.503,0.581,1928,1953,8,8
3016,112,0,-5,0,3332,3319,99,101
3017,-120.169,-304,-68.6,-96.697,5494,5409,79,76
3018,-1,0,0,0,6,6,0,0
3019,-164.183,0,-118.068,108.137,17358,17660,626,640
3021,-3,0,0,0,919,923,0,0
3022,-10.344,-2,2,6.901,5209,5250,11,4
3023,-86.261,-44,4,-5,1812,1822,13,12
3024,-59,0,-1,0,12190,12219,0,0
3025,-388,0,0,0,2378,2377,21,0
3026,46.713,0,-5,0,299,299,1,1
3027,27,0,-0.863,0,5190,5201,16,15
3028,-35,0,4,0,781,783,1,1
3029,-616.05,-1,68.68,11.29,4747,4560,148,144
3030,555.615,-2,-28.069,-14.366,8735,9119,197,238
3031,55,0,49.999,0,1915,1914,0,0
3032,-67,-15,-2.421,-96.285,7212,7291,313,340
3033,-605,-17.315,12.671,0,5379,5377,181,169
3034,-278.021,-101.418,17,32.103,2629,2637,21,10
3035,730.216,-8,-91.924,-43.426,13635,13685,743,732
3036,224.646,-353,3,-5.918,2180,2180,87,79
3037,-4356.707,320,-182.308,-685.235,28555,29339,1530,1597
3038,73,-0.489,-0.368,0,1455,1452,2,2
3040,43,0,0,0,12351,12356,2364,2366
3041,-94,0,0,0,3676,3712,103,97
3042,-44.211,-4.534,-3.746,2.794,2129,2136,35,35
3043,-45,0,2,0,1092,1066,1,2
3044,68.094,-211.771,-27.196,-100.423,4452,4563,342,353
3045,-1141.831,-87.55,-6,-8.752,1031,1090,23,23
3046,213,0,-0.079,0,1514,1599,0,0
3047,-1333,0,166.218,0,12559,11028,0,35
3048,-54,0,4.995,0,3684,3632,253,227
3049,132,0,0,0.35,2676,2677,0,0
3050,35,0,0,0,5149,5180,0,0
3051,-26,0,-1,0,2656,2659,2,2
3052,-267,0,5.858,0,2100,2047,0,0
3054,-3,0,0.003,0,0,0,0,0
3055,-9,0,0,0.323,6141,6144,58,52
3056,-1293,0,-22.18,-2.239,5512,5418,439,455
3057,-33,0,0,0,0,0,0,0
3058,321,0,-2,0,2219,2219,0,0
3059,-1055,0,-5.09,-123.912,15961,16552,94,189
3060,38,0,-1,0,6994,7037,24,24
3062,-115,-1,-7,-2.957,15952,16239,4604,4596
3064,,,,,0,0,0,0
3066,-18,0,0,0,591,600,13,10
3067,1,0,0,0,,,,
3071,,,,,2397,2404,15,15
3073,4,0,0,0,750,734,11,12
3078,467.338,0,27,-5.491,5889,5994,0,61
3081,-19,-87,39,-14,6953,7013,137,138
3083,27,0,0,0,1276,1260,5,5
3085,,,,,0,0,0,0
3086,-13,0,0,0.091,403,418,2,0
3088,-53,0,11,-1.993,3540,3575,32,37
3090,190,-2.143,-5.256,4.47,3294,3356,11,12
3092,31,0,0,0,1616,1609,0,0
3093,4,0,0,0,1681,1701,0,0
3094,10,0,2,0,1729,1748,6,8
3095,-3,0,0,0,7,7,0,0
3105,-1678.614,-3,-61.323,-5.542,9106,8783,329,344
3114,1,0,0,0,264,262,0,0
3118,1,0,0,0,79,79,0,0
3122,34,0,0,0.118,3724,3727,114,114
3128,-78.953,0,0,-0.025,2436,2394,53,52
3130,-1.999,0,0,0,9,8,0,0
3131,68,24,10.12,-4.923,,,,
3135,27,0,-1,0,,,,
3138,-15.11,0,0,0,872,894,8,8
3141,-40,0,0,2.738,4777,4795,15,15
3147,-177,0,0,-23.827,1867,1867,13,13
3149,-1918,0,-80.263,0,13025,11827,89,150
3150,-26,0,0,-16.023,74,53,0,0
3152,-0.895,0,6,-1.623,789,780,0,0
3162,5945,0,12,0.848,6512,6970,243,121
3163,3362.955,547,380,-109.776,12991,15264,2670,2863
3164,-4,0,-0.02,0,321,321,0,0
3167,-191,-300,46,14.844,10625,10412,156,0
3168,-2,0,0,0,31,31,0,0
3169,11,-10,0,1.92,1355,1359,3,4
3171,3,0,1,0,353,343,0,0
3176,3,0,0,0,,,,
3178,60,0,3.705,1,1479,1314,5,5
3188,-11,0,0,-2,2843,2833,6,6
3189,1027.04,-2,205,701.705,11977,11480,641,621
3191,,,,,0,0,0,0
3205,269,0,0,0.149,1302,1302,99,99
3206,-1,0,0,0,394,395,0,0
3207,83,0,0,-0.833,5700,5748,19,18
3209,-70,-1.512,29,0.289,2267,2270,10,10
3211,-2560.315,192,-12,-71.588,10770,10773,1208,1251
3213,1382.75,0,27,-19.949,3515,2736,47,28
3217,26,-214,0,-10.93,1487,1509,8,9
3218,-21.344,0,28,-0.36,503,504,3,3
3219,36,0,0,0.272,1705,1638,333,226
3221,3,0,0,0,1326,1321,2,1
3224,0,0,0,0,8602,8600,0,0
3226,1,0,-0.137,0,22,22,0,0
3227,97.394,-1,21,28.928,5355,5428,38,38
3228,-11,0,0,-32.578,0,0,0,0
3229,0,0,0,0,0,0,0,0
3230,-440,0,0,4.631,10774,10752,62,64
3231,90.222,115.681,42.833,34.15,51143,52503,1267,1259
3232,35,0,0,0,3001,3009,10,10
3234,315,0,-0.027,0,0,0,0,0
3236,0,0,0,0,701,693,0,0
3252,,,,,11927,11926,0,0
3257,176,0,0,0,2464,2407,35,40
3259,,,,,0,0,0,0
3260,2460.5,-23.5,61,56.282,6667,6677,452,467
3264,426.89,-19.923,31,-162.31,9159,8945,654,658
3265,444.22,-10,0,1.135,3879,3787,34,32
3266,-3,0,-6,0,993,994,10,10
3268,21,0,0,0,887,882,0,0
3272,2,0,0,0,1233,1233,0,0
3276,-1,0,0,0,1037,1029,0,0
3284,50,0,0,0,876,877,131,132
3285,-3,0,0,0,345,345,0,0
3287,27,0,0,0,2339,2338,0,0
3288,,,,,0,0,0,0
3289,-78.306,0,0,-36.342,4566,4568,2,2
3290,14,0,0,-265.936,15252,15249,2,2
3293,-97.544,-66,0.97,-6.291,3414,3418,4,5
3294,-301,0,0,-61.017,11643,11966,1564,1600
3296,52,0,-2.009,0,2090,2099,2,2
3297,-244.1,0,0,-0.02,2388,2397,1103,1137
3303,261,0,0,-1.032,2257,2257,3,4
3305,2213.315,0,174.603,55.615,18697,18167,6730,5976
3306,-51.3,0,5,-0.398,1436,1415,32,21
3308,-9,0,-0.148,0,693,694,0,0
3310,-4,0,0,0,2059,2057,5,13
3311,-45,0,23.013,0,5891,5348,27,24
3312,-323,0,-7.962,1.252,6570,6413,52,49
3313,1,0,0,0,451,454,0,0
3317,-31,0,7.223,-0.203,1943,1952,17,18
3321,5,0,0,0,0,0,0,0
3322,12,0,0,0,8821,8863,2,2
3323,-1289,0,-9,10.93,5430,5255,1497,1535
3324,-358,-1,-10.416,-10.692,4815,4800,216,216
3325,89,0,0,-0.001,3791,3806,80,80
3332,35,0,2,0,480,468,0,0
3338,-110,0,1.42,0,3751,3572,35,34
3339,-190,0,0,0,9364,9439,266,382
3346,-60,0,0,0,2276,2274,0,0
3349,6,0,0,0,,,,
3354,0,0,0,0,1048,1039,0,0
3356,-203.67,0,-0.513,0,2953,2879,24,30
3357,-18.102,0,1,3.438,1169,1152,26,26
3360,-3,0,0,-0.134,3081,3057,12,12
3362,216,0,0,0.318,6199,6145,52,53
3363,37,0,6,0,12051,12144,1969,1971
3372,93,0,2,0,1640,1642,0,0
3373,-31,0,0,-0.005,919,919,3,5
3374,-6.252,-2,-23.394,4.182,9552,9566,341,331
3376,-1403.762,471,412.526,432.041,11069,10273,323,251
3379,-2,0,0,0.067,3115,3043,145,152
3380,-36.55,-4,-2.981,9.402,4222,4358,27,28
3388,6,0,16,0,119,117,0,0
3390,5,0,0,0,2328,2329,0,0
3402,357.9,0,-5,-37.652,1770,2123,69,70
3406,84.153,107,11.387,5.819,3550,3611,100,95
3413,-21.92,-27,-1,-5.047,2042,2071,12,14
3416,-336,0,-6.192,8.442,2157,2067,157,47
3419,-5,0,-2,0,3829,3834,0,0
3430,52,0,0,0,956,942,0,0
3432,-3,0,0,0,0,0,0,0
3434,-78,0,0,0,2690,2667,1,4
3437,59,0,0,0,2242,2327,33,34
3438,0,0,0,0,1156,1163,1,1
3441,58,0,0,0,1435,1375,9,8
3443,-724.062,-3.052,-19.5,50.167,2526,2647,120,107
3444,-67,0,0,1.116,781,694,0,0
3447,82,0,3.072,0,6319,6236,323,301
3450,-363.547,4,40.704,-19.845,17796,17401,496,553
3454,-9,0,0,0,878,870,14,14
3455,312.488,0,163,2.816,2840,2968,88,82
3465,1,0,0,0,222,222,0,0
3466,333,0,0,0,9151,9130,323,299
3467,9,0,0,0,,,,
3479,354,-127,0,-21.254,1109,1188,8,5
3481,50440.926,-53.4,258,8679.6,165460,164669,2643,2003
3483,-121,0,23,-25.285,6491,6226,625,625
3484,-33,0,1,1.191,2271,2284,5,5
3489,18,0,0,0,1118,1138,1,1
3490,-7,0,24,0.374,2084,2055,6,6
3491,-396.949,217,-23.74,-81.113,4878,4683,155,139
3492,-6,0,0,0.097,788,788,0,0
3494,-5,0,0,0,0,0,0,0
3498,-166,0,31,0.133,2715,2542,229,208
3499,12,0,0,0,0,0,0,0
3501,-88,0,0.4,0,458,425,0,0
3504,91,0,0,25.058,1354,1386,216,216
3508,-272,0,0,0,0,0,0,0
3511,-82,0,0,-1.548,2842,2913,11,13
3512,16,0,0,0,472,472,10,10
3515,-6.949,0,-4.623,-48.062,1068,1070,64,65
3516,,,,,8149,8158,0,0
3518,-144,0,-0.782,0,4727,4642,80,85
3520,-18,0,0,0,2927,2915,5,5
3521,-1,0,0,-0.008,0,0,0,0
3522,-4,0,0,0,0,0,0,0
3523,,,,,0,0,0,0
3526,-127,0,10,-7.201,1745,1747,14,26
3527,6,0,0,0.012,1525,1518,0,0
3528,-182,0,0.212,0,2486,2483,0,0
3529,-32.351,-2,8.285,16.195,1033,1059,21,19
3530,29,0,1.865,0,1184,1042,8,5
3531,1,0,0,0.162,113,113,0,0
3532,63,-1,-5,2.214,3017,3020,15,16
3533,-71.134,-1,-1.9,14.018,973,1050,16,14
3535,-448.75,0,0.168,0,12273,12799,1582,1810
3537,33,0,0,0,764,767,0,0
3540,162,0,4,0.836,1814,1477,3,0
3541,0,0,0,-0.049,632,632,0,0
3543,-80,0,-0.857,0,4422,4481,848,944
3545,473.2,0,-4,-0.199,5688,5706,97,127
3546,-87.999,0,1,-0.019,3273,3239,21,14
3548,144,0,0,110.532,5761,5716,108,98
3550,145,0,9.041,0,9421,9485,29,14
3551,18.1,0,-122,-57.085,2662,2707,43,47
3552,51,0,4,0.736,1307,1335,1,1
3555,,,,,0,0,0,0
3556,1,0,0,0,369,351,0,0
3557,17,0,-3,0,474,475,1,3
3558,152,-18,0,-8.287,1688,1727,0,1
3563,863.276,0,-0.143,3.801,4713,5027,108,95
3564,51,0,0,0.678,1609,1614,17,17
3567,,,,,716,714,0,0
3570,8,0,0,0.104,,,,
3576,-1778,0,0,0,0,0,0,0
3577,-104,0,0,0.123,2500,2512,119,124
3580,65.12,0,0,8.129,2985,2966,134,133
3581,-202,0,0,-0.573,2148,2148,1,1
3583,-190.724,227,23.226,109.166,3064,2986,69,55
3587,-210.029,0,-6,-10.193,2533,2533,32,32
3588,34,0,0,0,1569,1601,10,10
3591,72,0,0,0,19993,20001,1,1
3592,-38.003,-1.701,-1,-0.498,445,446,18,18
3593,,,,,0,0,0,0
3594,14,0,0,-0.113,4385,4372,3,3
3596,-84.742,13,-1.432,-53.439,791,822,65,69
3597,0,0,0,0.732,1613,1610,6,6
3605,-465,0,-67.276,-4.297,10664,10738,66,79
3607,15,0,1,0,3786,3767,0,0
3609,-2,0,0,0,13,13,0,0
3611,10,0,1,0,178,177,0,0
3615,77,0,40,0,3492,3520,49,44
3617,-57.487,-1,-1,4,1745,1736,20,20
3622,166,0,7.872,0,1783,1752,0,0
3623,38,0,0,3.591,718,676,30,28
3624,90,0,9,0.645,2075,2088,7,7
3625,-321,0,0,-0.201,0,0,0,0
3628,7,0,10,0.01,1261,1170,1,1
3630,-1339,0,-16,-4.043,4610,3373,840,337
3631,-1,0,0,0,1193,1191,0,0
3632,,,,,0,0,0,0
3645,-1081.99,-54,-8.975,-77.316,10940,11116,550,577
3646,-6,0,0,0,1738,1735,0,0
3652,3,0,-0.181,0,1076,1080,0,0
3653,210.074,-22.5,45.985,20.71,1345,1176,227,230
3661,-76.575,20,-7.256,-14.88,4632,4673,0,2
3663,131,0,0,15.208,4367,4259,47,20
3664,13,0,0,0,0,0,0,0
3665,163.009,399,150.593,-22.308,5054,4985,144,130
3666,2,0,-0.001,0,1360,1370,0,0
3669,-9,0,-2,0,950,943,0,0
3672,,,,,701,713,0,0
3673,962.95,0,80,83.415,9118,9140,198,147
3675,6,0,0,-6.183,1388,1476,9,11
3679,18,0,15,0,214,225,1,1
3680,-864.993,0,-15.733,36.033,3009,3082,191,148
3685,-8,0,0,0,587,620,0,0
3686,-2,0,0,0,0,0,0,0
3687,11,0,1,-0.039,1198,1201,8,8
3689,-2075,0,40,-165.545,7618,7375,305,309
3691,-181,0,8.089,11.815,1971,1899,81,83
3693,-70,0,0,4.229,2161,2148,1,0
3694,-268,-1,-1,27,4218,4027,399,388
3701,994,0,-11.271,2,5490,5413,126,146
3702,790.067,-531.052,35,-21.722,1594,1584,63,63
3703,46,0,22.565,0,1403,1402,0,0
3704,-1618,0,-6,0,10151,9353,91,81
3705,14,0,-6,8,1062,1077,0,0
3706,-10289.721,1448,-581.668,-2828.881,40155,39403,370,0
3707,-168,0,-49.686,122.407,10868,11038,3370,3244
3708,-1534.5,0,1.11,23.553,14896,14358,568,600
3709,526,0,0,0.119,7916,8076,39,40
3710,99,0,0,0,0,0,0,0
3711,-1452.94,-173.215,-34.41,-38.015,4848,4660,195,202
3712,-298,-3.049,-4.388,-6.543,5659,5684,160,162
3713,31,0,2.238,0,,,,
3714,216,-3.379,-32,0,12493,12477,83,80
3715,-5645.95,-1,-279.059,-243.07,35598,36005,5156,5459
3716,-9,0,4,0,767,765,0,0
3717,24,0,-0.091,0,8202,8205,4,4
4102,3,0,0,-0.231,357,362,0,0
4104,45.35,0,-2,0,81,81,0,0
4105,110.271,0,-7.357,0,1091,1094,3,4
4106,-3,0,0,0,487,487,0,0
4107,-4,0,2,0,237,227,0,0
4108,-40,0,0,0,0,0,0,0
4109,-14.468,0,0,0,4217,4238,0,0
4111,37,0,5,0,944,949,0,0
4113,-2,0,0,0,12462,12398,3,0
4114,-93.357,0,4,-1.164,3572,3600,18,18
4116,,,,,194,197,0,0
4119,38,0,-3,0,548,558,0,0
4120,10,0,0,-2,1348,1352,0,0
4121,2,0,0,0,620,615,0,0
4123,-65,0,0.498,-9.115,10379,10370,40,39
4126,-11,0,0,0,750,750,0,0
4127,-6,0,0,0,467,483,9,9
4128,-187,0,0,0.37,8091,8084,33,34
4129,143.008,0,-75,-33.845,1178,1165,13,13
4130,0,0,0,0.047,1105,1140,0,0
4131,0,0,0,-0.253,,,,
4133,-7,0,0,0,791,791,0,0
4137,36,0,-11,0,1194,1189,0,0
4138,3,0,0,-0.244,81,76,0,0
4139,-3,0,0,0,754,754,0,0
4142,-928.5,-1,-27.644,0,4465,4857,64,52
4147,69,-150,0,-3,8182,8119,29,30
4148,1.05,0,0,0,568,569,0,0
4153,1,0,0,0,3736,3728,0,0
4155,39,0,0,0,775,773,1,1
4157,-713,0,0,0.122,4427,4479,100,100
4160,0,0,0,0.715,,,,
4161,5,0,0,0,1024,1016,0,0
4162,-24,0,0,0.433,3841,3808,42,47
4163,0,0,0,0,38,38,0,0
4164,1944,0,-11.199,60.509,9944,8997,34,28
4166,-8,0,-0.96,0,,,,
4167,58,0,0,0.305,6756,6756,0,0
4168,-76,0,0,0,831,831,0,0
4171,1,0,0,0.266,1078,1078,2,2
4173,37,0,22,0,1150,1155,0,0
4174,-814.011,0,0,0.111,5361,5303,102,100
4175,-1,0,0,0,40,40,0,0
4190,-3,0,-1,0,571,578,0,0
4192,0,0,0.228,0,,,,
4205,4,0,0,0,8,6,0,0
4207,-2,0,18,0,833,816,1,1
4303,863.536,0,12,434.817,7416,7596,0,0
4304,,,,,0,0,0,0
4305,-1,0,0,0,19,19,0,0
4306,-395,0,-11,0,3996,3872,0,0
4401,1,0,0,0,585,584,0,0
4402,24,0,0,0.011,,,,
4406,2,0,0,0,501,501,0,0
4413,,,,,205,207,0,0
4414,7,0,0,0,0,0,0,0
4416,,,,,96,96,0,0
4417,113,0,1,0,355,337,0,0
4420,-1,0,0,0,176,176,0,0
4426,-4,0,0,0,1180,1176,0,0
4430,5,0,0,0,151,151,0,0
4432,0,0,0,0,374,377,0,0
4433,-1,0,0,0,70,70,0,0
4438,15,0,3,0,599,586,0,0
4439,4,0,-1,0,327,328,0,0
4440,-2,0,0,0,477,491,2,2
4442,52,0,-1,0,,,,
4502,1,0,0,0,858,859,0,0
4503,93,0,0,8.78,3122,3203,101,103
4506,-6,0,1,0,98,98,0,0
4510,477.9,0,150,140.867,9816,10738,1737,1455
4513,-180,0,0,1.139,3146,3052,96,82
4523,8,0,0,0,701,701,1,1
4526,3179,0,137.011,-6.459,15279,13316,1514,1417
4527,15,0,0,-0.243,347,346,0,0
4528,-3.1,0,0,0,46,45,0,0
4529,,,,,0,0,0,0
4530,-1,0,0,0,0,0,0,0
4532,-1516,-6.236,82.161,2.3,5254,5049,22,15
4533,466,0,0,-0.338,7954,7999,62,42
4534,-56,0,0,0,0,0,0,0
4535,,,,,124,124,0,0
4536,104.55,0,0,0.763,440,400,0,0
4538,0,0,0,0,307,307,1,1
4540,1065,0,45.366,0,6221,5766,381,310
4541,3276,0,57,62.681,6145,6189,510,334
4542,1,0,0,0,3356,3350,11,11
4543,9,0,0,0.451,1767,1767,3,2
4545,-15,0,-3.974,0,1208,1204,2,7
4549,24.324,0,0,1.574,1170,1195,0,0
4550,6,0,0,0,566,563,0,0
4551,-706,188,43.248,100.411,4174,3648,179,162
4552,3,0,-1,0,1770,1742,0,0
4554,-36.881,0,0,-0.064,,,,
4555,35.99,0,-2.788,0,3267,3364,669,684
4556,-1,0,0,0,808,808,0,0
4557,-52,0,3,0,520,519,3,3
4558,16,0,0,-0.002,462,457,0,0
4560,-19,0,3,0,329,326,0,0
4561,27,0,0,0.009,2623,2625,28,27
4562,-9,0,-0.371,0,3273,3199,561,566
4563,-44,0,0,-0.01,1817,1692,25,22
4564,-550,0,1.118,0,7787,7553,154,99
4566,-406,0,-1.335,35.818,5847,5649,24,47
4568,0,0,0,0,15,21,0,0
4569,3,0,0,0,899,912,3,3
4571,-346,0,-1,4.045,2314,2256,34,34
4572,87.59,0,0.204,0,644,626,4,4
4576,-424,0,-1.129,2.521,4081,4057,160,151
4577,-27,0,0,0,1364,1427,21,20
4580,12,0,4,0,77,79,0,0
4581,-3,0,0,0,71,72,0,0
4583,59.025,74,-2.719,0.709,2177,2068,232,235
4588,16,0,0,0,235,236,0,0
4609,,,,,0,0,0,0
4702,-4,0,0,0.019,3329,3363,0,0
4706,-1,0,0,0,235,236,0,0
4707,-7,0,0,0,2399,2398,0,0
4711,,,,,236,236,0,0
4714,265,0,0,-25.232,7737,7639,47,23
4716,10,0,0,-0.332,4101,4090,0,0
4720,28,-0.512,0,0,2442,2440,0,0
4721,-120,0,0,-5.718,2835,2833,122,119
4722,214,0,-10,-7,10425,10694,1181,1100
4726,-98,0,0,0,1765,1768,0,0
4728,-7,0,0,0,1850,1843,0,0
4729,-47,0,0,0.401,3163,3047,211,203
4735,-1,0,0,0,230,230,0,0
4736,-39.25,0,5,0,381,386,0,0
4737,5,0,0,0,653,645,0,0
4739,54.05,0,0,0,1795,1778,38,42
4741,-4,0,0,0,432,420,0,0
4743,-2044,0,-16.163,0.645,10407,10074,195,191
4744,252,0,0,0,5332,5319,149,162
4745,2,0,0,0,223,227,3,3
4746,253,0,3,5.638,2627,2649,4,4
4747,-7,0,0,0,1550,1550,0,0
4749,42.015,-3,10.882,-65.113,2725,2507,12,12
4754,1,0,0,0,165,166,0,0
4755,-27,0,-0.954,0,444,420,9,9
4760,-378,0,-13,40.136,1851,1641,169,69
4763,-2265.763,-64,52,123.03,45379,44880,3271,3156
4764,-1,0,0,0,118,118,0,0
4766,34.262,-13.419,2.5,36.712,2051,2001,4,5
4767,2,0,0,0,15,16,0,0
4768,-4,0,0,1,1823,1829,77,75
4770,-141.003,0,-1.09,-5.265,1265,1306,10,11
4771,2,0,13,0,791,777,0,0
4772,626.9,382,119.772,116.321,6481,5257,162,73
4804,-12,0,0,0,0,0,0,0
4806,,,,,0,0,0,0
4807,0,0,-1,0,676,675,13,14
4903,96,0,0,-0.092,781,781,0,0
4904,-29.601,-10.159,-8.103,-52,696,669,58,58
4905,1,0,0,0,133,133,0,0
4906,-1911,0,2.892,4.488,13961,13444,111,155
4907,36,0,0,0.063,544,535,4,4
4908,78.1,0,0,-0.655,4373,4450,34,29
4909,276,0,1,-4.399,6613,6779,3103,3155
4911,-3,0,0,0,220,216,0,0
4912,-8.802,0,0,1.162,2815,2795,0,1
4915,161.496,38.152,-7.723,4.245,2278,2297,52,41
4916,-310.23,0,-3,-0.721,17643,17684,2406,2694
4919,273,-2,-7.1,6.329,5229,5267,60,46
4923,2,0,0,-0.711,491,469,0,0
4924,,,,,0,0,0,0
4927,-748,0,-2,0,19506,19649,3915,3829
4930,-1,0,0,0,2992,2993,0,0
4931,-721.3,0,-193,9.135,8017,7603,2648,2712
4933,-20,0,0,0.521,1230,1289,13,13
4934,-30,0,0,0,11,15,0,0
4935,9,0,0,0,481,483,1,1
4938,-1305.714,-543,-21.4,-37,3210,3118,20,31
4939,-10,0,0,0.523,2130,2243,46,46
4942,-55,0,42,0,947,979,0,0
4943,,,,,0,0,0,0
4945,-6,0,0,0,415,415,0,0
4946,2,0,0,-0.12,,,,
4949,137,0,7,0,3841,3862,314,320
4950,5,0,0,0,,,,
4951,-148,0,2,-40.102,1125,1007,0,0
4952,21,0,0,0,1689,1700,2,2
4953,-252.163,0,0,7.929,1243,1126,3,3
4956,14,0,-0.107,0,6838,6853,76,76
4958,5946.321,-1656.077,-203.1,-585.941,18692,20475,766,758
4960,90,0,-9,0,14196,14101,19,21
4961,102.462,-72,1,-0.432,1626,1647,25,26
4966,92.857,-1,10.226,-191.75,3928,4167,20,6
4967,12,0,0,0,5643,5714,152,151
4968,-708.35,-1,14.255,249.99,6750,6252,55,0
4971,-1071.09,0,9,-107.68,5117,5079,533,586
4972,1,0,0,-0.01,67,66,0,0
4973,52,0,7,0,1944,1934,28,28
4974,20,0,0,-1.709,1941,1947,13,12
4976,693,0,23.667,0,6055,5607,623,261
4977,-97.3,0,10,-8.489,9856,10242,132,145
4979,-260.77,0,-70,-211.139,18588,19570,568,529
4987,,,,,111,111,0,0
4989,73,0,9,77,5336,5299,4690,4563
4991,-814.3,30,-134,-597.134,10725,9700,3598,3593
4994,-1,0,0,0,1536,1538,2,2
4995,-3,0,0,0,2191,2191,0,0
4999,-1,0,7.763,0,372,372,0,0
5007,-8,0,-4,0,88,88,0,0
5009,-11.001,-3.257,403.113,-34.37,9363,8544,117,95
5011,-3,0,0,0,5194,5193,10,10
5013,,,,,48,48,0,0
5014,7,0,0,0,4725,4743,63,53
5015,0,0,0,-0.014,325,325,0,0
5016,0.207,0,0,0,90,90,0,0
5201,-46,0,0,-0.775,4200,4228,25,26
5202,74,0,0,0.495,2974,2977,0,0
5203,-8.1,0,0,-0.09,2232,2252,0,0
5206,1,0,0,0,642,653,0,0
5209,22,0,0,-0.062,,,,
5210,10,0,0,0,0,0,0,0
5211,-4,0,0,0,253,252,0,0
5212,-1,0,1,0,63,63,0,0
5213,21.592,0,-5,0,3218,3229,7,7
5215,0,0,0,0,855,855,0,0
5220,0,0,0,0,195,200,0,0
5222,58.8,2,105.9,2.419,2509,2629,36,35
5223,3,0,0,0,198,198,0,0
5225,-194.11,0,0.975,9.703,2239,2105,93,94
5227,15,0,0,-0.942,,,,
5228,,,,,28,28,0,0
5230,-32,0,0,-0.368,2292,2254,0,0
5234,-212.945,400,82.041,24.221,3472,3510,455,469
5236,-8.722,0,1,0.112,417,418,5,5
5243,1064.95,148,41.412,115.43,10044,8663,0,3
5244,-319,0,0.429,0,3911,3926,490,519
5245,-32,0,0,18,1385,1378,45,62
5251,-102,0,0,0.165,3238,3262,810,821
5258,-80,0,0,6.144,5622,5612,183,189
5263,7,0,0,0,2568,2560,8,8
5269,298.802,-487,-1,13.928,1195,1265,5,5
5272,-5,0,0,-0.062,916,869,3,3
5274,-56.765,-9.1,-2.985,0.01,199,185,22,22
5276,-1,0,0,0,,,,
5278,-398.38,0,0,-0.67,1662,1615,42,61
5283,40,0,45,0,60,59,0,0
5284,-585,0,-38.966,27.052,4120,3889,257,409
5285,-24,0,-2,0,864,851,3,3
5287,4,0,1,0,42,42,0,0
5288,-3,0,-1,0,1004,1003,3,3
5289,-935.25,-26.4,-13,-11.319,1500,1194,4,0
5291,-1,0,0,0,3792,3795,0,0
5292,-46.703,0,0,0,354,344,1,1
5299,23,0,16,0,189,199,0,0
5301,,,,,0,0,0,0
5302,27,0,0,0,0,0,0,0
5306,-34,0,-2,0,489,488,0,0
5309,-15.38,20,3,307.629,16466,16987,2497,2516
5310,,,,,0,0,0,0
5312,-45,0,0,1,764,755,2,3
5314,-447.4,-1,0,-0.261,17420,17863,1819,1842
5315,30,0,8,0,2369,2292,2,2
5321,14.877,0,0,0.11,1789,1797,41,37
5324,,,,,0,0,0,0
5328,66,0,0,-0.001,2576,2557,1,11
5340,-114.9,0,0,-81.406,4607,4689,330,352
5344,-13,0,-0.256,0,0,0,0,0
5345,,,,,0,0,0,0
5347,-274.8,-886.91,-36,21.044,3243,3319,324,316
5351,422,0,-0.39,0.273,9412,9595,438,487
5353,-2,0,0,0.072,929,929,17,17
5355,15,0,-0.246,0,0,0,0,0
5356,-10,0,7,0,5064,5068,1,1
5364,2,0,0,0,,,,
5371,37.166,271,580.998,-237.6,44680,46470,3499,3779
5381,-19,0,0,-0.449,0,0,0,0
5386,7,0,0,0,1932,1928,6,6
5388,68,0,-201.807,11.323,2915,2946,56,58
5392,1067.106,0,0,341.863,6053,6355,0,0
5398,0,0,0,0,2085,2002,4,4
5403,5,0,0,0,53,53,0,0
5410,17,0,5,0,2549,2567,4,4
5425,-165,-2,28,-3.779,4477,4500,45,46
5426,-59,0,0,0.151,4525,4514,15,13
5432,18,0,0,0,811,820,9,5
5434,179.636,-3,-29.763,4.069,731,729,6,6
5438,43,0,0,0.986,1846,1864,18,19
5439,-1316.217,12,18,17.438,16522,16178,473,561
5443,-207,0,0,-16.355,6567,6666,270,283
5450,,,,,1598,1599,0,0
5452,120,0,6,-1.676,5020,5035,36,9
5455,,,,,25,25,0,0
5457,-172,0,6,0.135,3290,3293,85,85
5460,26,0,0,0,1601,1583,4,17
5464,8,0,0,0,543,541,0,0
5465,-79,0,-12.485,-1.015,1827,1869,15,15
5468,,,,,0,0,0,0
5469,-4445.666,0,-50.819,-43.471,13538,11360,332,395
5471,-107,0,0,0,2299,2384,28,22
5474,58,0,35,131.252,1605,1646,20,20
5475,16,0,0,0,0,0,0,0
5478,18.466,0,4,0.914,462,457,0,0
5481,,,,,6703,6723,0,0
5483,223.797,-41.179,4,-48.454,12944,12835,71,71
5484,-548,0,-12.934,0,0,0,0,0
5487,-1,0,0,0,1495,1495,0,0
5488,14,0,0,0,2721,2731,0,1
5489,0,0,0,0.55,1551,1551,2,2
5490,215,0,0,0,2906,2902,2,1
5493,28,0,0,5.324,2042,2042,22,26
5498,-1787,0,-123,-0.097,3845,4020,1600,1616
5508,-82.331,-4,3,0.583,1523,1525,501,501
5511,6,0,3,0,877,877,0,0
5512,-5,0,0,0,7384,7323,3,3
5514,,,,,102,102,0,0
5515,-129,0,0,0,915,914,7,5
5516,1,0,0,0,963,963,0,0
5519,74,0,-1.78,0,1832,1833,3,3
5520,1,0,0,0,3,3,0,0
5521,285,0,71.163,0,6895,7211,419,444
5522,139,-1,-12,2,1497,1509,11,11
5523,2,0,0,0,101,101,0,0
5525,-18,0,-6,0,306,310,0,0
5529,-1,0,0,0,1131,1130,0,0
5530,-150.243,0,0,0,4547,4535,19,19
5531,150,0,-13,0,5572,5573,71,72
5533,-35,0,-3,0,360,357,0,0
5534,1457,0,-99.063,-769,3116,3108,3,0
5536,-782.82,599,-2,-22.007,1557,1436,127,118
5538,-2,0,-2,0,94,92,0,0
5543,-1,0,0,0,72,73,0,0
5546,-2,0,0,0,22,22,0,0
5548,-11,0,-24,0,35,35,0,0
5601,,,,,0,0,0,0
5603,-3,0,0,0.145,5131,5125,0,0
5604,-1,0,0,0,113,113,0,0
5607,161,0,-5,0,2151,2183,5,5
5608,-2338.335,0,17,-3.585,8342,8195,532,534
5609,75.27,0,3,0,242,241,1,1
5701,-1,0,0,0,0,0,0,0
5703,,,,,0,0,0,0
5704,-1,0,0,0,130,130,0,0
5706,45,0,0,0,1031,1032,4,4
5864,-111,0,0,0,5180,4950,10,14
5871,-1058.42,-136,-66.107,-32.292,5748,5960,60,61
5876,-1324.539,-110.367,-35.419,-61.867,675,662,45,45
5880,-2149.536,-881.34,-182.328,-11,1643,1603,2,2
5902,0.05,0,0,0,4219,4214,0,0
5903,-1,-4,2,0,39,39,0,0
5904,96.08,-8,0,0.346,143,144,2,2
5905,53,0,0,0.169,4578,4568,3,2
5906,,,,,278,278,0,0
5907,-6,0,0,0,2596,2612,6,6
6005,1143,-216.384,0,0,2082,2182,39,44
6015,-66,0,0,0,3040,2918,32,32
6016,-49,0,0,0,2106,2082,26,30
6020,,,,,83,83,0,0
6021,-1,0,0,0,384,385,0,0
6023,24,0,0,0,272,229,0,0
6024,-7,-1,-1,0,67,69,1,1
6026,15,0,0,0,2596,2617,0,0
6101,9,0,0,0,9534,9534,0,0
6103,,,,,0,0,0,0
6104,58,0,0,2.427,5974,6120,192,201
6108,367,0,-0.064,0,2209,2217,16,0
6109,2,0,0,0,607,607,0,0
6111,55,0,0,-1.29,2750,2784,8,8
6112,60,0,0,3.766,4907,4874,20,25
6113,-30,0,0,-0.877,2522,2584,19,27
6114,11,0,0,0,1286,1285,0,0
6115,-15,0,-3,-0.119,21,22,0,0
6116,3911,0,-17,0,26292,26775,231,208
6117,-74,0,0,-2.883,4278,4278,828,733
6118,17,0,0,-2.102,2507,2449,221,149
6120,495,0,-9,0,8547,8551,46,41
6121,-14.018,-15.391,2,0.328,402,399,2,2
6122,-17,0,3,0,1365,1379,18,21
6123,-1,0,-1,0,193,200,0,0
6124,-1,0,0,0,387,389,1,1
6125,591.689,0,0,113.738,13578,13678,942,908
6126,223,0,4,0,2662,2936,41,43
6127,267,0,0,0,3635,3746,11,11
6128,-12,0,0,0,256,255,16,16
6129,-4,0,0,-1.573,906,906,0,0
6130,-14.001,0,0.001,0,,,,
6133,-62,0,-0.297,0,3757,3811,48,53
6134,20,0,0,-0.418,3911,3884,143,143
6136,2,0,-1,0,3719,3718,0,0
6138,31,-1,1,-6.014,1729,1710,1,1
6139,-842.906,-39,-76.145,-63.138,6299,6438,129,212
6140,-268.161,0,0,0,3267,3251,0,0
6141,-41,0,0.547,0,1449,1460,12,14
6142,59,0,0,0,0,0,0,0
6143,139,-80,0,7.862,10113,10064,109,105
6144,2,0,0,0,0,0,0,0
6146,5.756,0,0,0.83,347,339,0,0
6147,345,-143.339,64,0,3400,3445,17,16
6148,-33,0,0,-0.139,4561,4565,797,817
6150,113,0,0,0.57,1707,1749,57,60
6151,-15,0,2,0,1864,1846,1,1
6152,19,0,-0.946,0,0,0,0,0
6153,158.502,0,-11.95,0,14552,14396,1031,1058
6154,-1,0,0,0,229,228,0,0
6155,-2,0,0,0,1130,1130,0,0
6156,-54,0,0,-0.001,5920,5933,41,41
6158,0,0,0,0,837,838,0,0
6160,51,0,0,-0.558,1224,1242,0,0
6161,7,0,0,0,817,823,1,1
6163,38,0,0,0.455,3780,3784,0,0
6164,-28,0,-0.2,0,5062,5069,0,0
6165,354,0,-8,0,16821,16741,28,17
6166,496.792,0,-2.024,9.007,3538,3604,67,61
6167,-59,0,0,0,3579,3588,1,1
6168,86,0,0,0,3136,3146,11,11
6169,20,0,0,0.177,,,,
6170,69.8,0,0,-0.06,3972,3961,2,2
6171,-1,0,0,0,121,120,0,0
6173,40,0,5.413,39.352,2942,2888,37,12
6174,-2,0,0,0,478,477,0,0
6175,-113,0,4,0.21,2948,2909,19,23
6176,203.695,35.947,50.477,15.96,1336,1331,67,79
6177,230,-261,-3,0.81,3315,3350,419,419
6179,1543,0,4,-211.553,16350,13984,193,43
6180,48,-14.736,0,0.111,1615,1624,89,90
6182,653,-3,4,5.364,8829,9164,501,499
6183,-7,0,-1,3,50,54,0,0
6184,21,0,-1,0,888,888,114,116
6185,17,0,0,0,2532,2518,0,0
6186,39.004,0,3,-0.798,1017,1015,0,15
6187,-108.1,149,25,40.626,4813,4791,127,121
6188,-1390.608,0,-109.989,-324.13,11733,11515,207,181
6189,-215.136,0,19.445,3.4,3255,3230,100,100
6190,-688,0,-121,90.96,11002,11237,800,1033
6191,676.44,-4,115,-331.785,22904,17221,2074,1003
6192,39,0,-16,0,532,542,0,0
6194,1,0,15,0,2620,2598,0,0
6195,-1,0,0,0,50,50,0,0
6196,31.976,-76,-6,8.618,1886,1867,310,168
6197,-74.21,0,31.394,104.01,4633,4469,206,216
6199,-259,0,0,-7.153,862,775,7,8
6201,7,0,0,0,37,37,0,0
6202,-52,0,-3.43,-0.416,3023,3026,37,37
6203,50,-10,59,0.306,741,760,3,3
6204,12,0,0,0,774,775,11,11
6205,-46,0,-3,0,2252,2236,5,5
6206,-350,-3.3,-1,-2.501,4857,4853,3,5
6207,274.93,0,-26,-37.788,5992,6942,113,383
6208,-5,0,3,0,730,726,0,0
6209,2262,0,-1,0,6551,6835,283,245
6210,-12,0,0,0,273,214,2,0
6212,-2,0,1,0,44,44,0,0
6213,-596.152,0,-9,5.149,20086,20344,1139,1143
6214,91.176,-1,-1.001,-1.649,1348,1553,12,12
6215,-282,0,0,16,6566,6441,1894,1896
6216,-64,0,0,0,800,806,19,12
6217,150.97,0,0,-3.805,6514,6542,198,187
6218,-8,0,0,0.699,1186,1184,0,0
6219,30,0,0,0.364,5566,5676,0,1
6220,-9,0,0,0,1361,1367,14,14
6221,92,0,3,0,2589,2589,3,3
6222,-1,0,0,0,26,20,0,0
6223,15.748,-4,-32.037,-14.428,1894,1896,310,314
6224,72,0,-1,0,776,780,6,5
6225,5,0,0,0,0,0,0,0
6226,-13,0,0,0,0,0,0,0
6227,-63,0,0,6.954,3302,3322,21,0
6228,-4,0,0,0,313,313,47,48
6229,-2,0,0,0,1225,1215,2,2
6230,-14,0,0,0,633,643,0,0
6231,160.98,0,0,21.715,3094,3121,23,14
6233,3,0,3.036,0,3781,3547,28,22
6234,66,0,0,-0.095,3042,3053,0,0
6235,145,0,11.55,-9.114,5178,5250,242,245
6237,81,0,0,-16.643,4323,4375,205,205
6239,-451.78,-199.525,-3.181,7.624,2697,2713,7,9
6240,-1,0,0,0,1053,1053,0,0
6241,9,0,0,0,0,0,0,0
6243,62,0,-3.482,0,1693,1695,10,5
6244,210,0,0,5.551,9071,9010,54,53
6245,-659,0,-44.747,-9.156,3080,3105,0,0
6246,7,0,0,0,1195,1196,1,1
6248,15,0,0,-0.01,1043,1050,13,13
6257,1908.747,-20.001,42.067,82.66,5014,4828,93,94
6261,354,0,3,-0.182,1210,1162,0,0
6263,1,0,0,-0.326,312,315,1,1
6264,,,,,0,0,0,0
6265,19,0,-0.07,0,3269,3484,17,22
6266,61,0,0,0,713,717,3,3
6269,-982,0,84.794,-30.194,5354,5148,634,650
6270,0,0,20,0,1681,1688,0,0
6271,1338,0,12.138,-27.916,4028,4029,27,26
6274,-2314.32,417,405,151.572,15384,13738,2875,2770
6275,41,0,0,0,2197,2208,25,25
6276,3,0,0,-0.332,798,812,14,15
6277,-8,0,0,0,221,219,0,0
6278,982.209,-3.426,19.687,12.108,3075,3010,27,21
6279,-147.563,0,0,2.603,3547,3603,0,3
6281,1,0,0,0,5,5,0,0
6282,611,-5,108.023,8.429,15916,16097,372,348
6283,25,0,-1,0,2017,2071,25,29
6284,-115,0,10,3.304,4895,4920,23,23
6285,-560.528,-1,-17.321,-4.084,6223,6181,69,97
6290,-347,-2.3,6,-133.688,11478,11502,2396,2377
6291,-45,0,-57,-0.175,1342,1204,28,27
6292,24,0,0,0,315,315,0,0
6294,4,0,0,0,138,139,0,0
6405,-148,0,-7.113,0,3097,3105,111,73
6409,-59.123,-0.018,1.682,-0.996,282,280,1,1
6411,-151,0,0,-20,1191,1180,14,14
6412,-17.158,-9.314,-4.737,2.654,925,888,27,27
6414,135.654,80,-26.549,45.111,1627,1461,92,81
6415,-69.53,-4,-5,-4.613,3221,3157,89,93
6416,-8,0,0,-0.299,2704,2794,2,4
6417,3,0,0,0,2755,2735,1,1
6418,,,,,2086,2066,46,48
6419,12,0,-1,0.566,,,,
6423,5,0,0,0,67,64,0,0
6425,-86.9,0,0,0.001,4527,4505,165,149
6426,-41,0,0.012,0,1176,1182,4,27
6431,18,0,1,0,0,0,0,0
6432,1,0,0,0,642,645,0,0
6435,-17,0,0,0.113,791,846,0,0
6438,155.087,0,-24.869,173.924,6470,6533,93,96
6441,16,0,0,0,947,954,23,23
6442,21.01,40,-6.748,-5.784,4959,5060,857,860
6443,-28,0,0.595,3.574,14263,14205,599,598
6446,295.117,-2,-30.501,-0.935,5870,5910,3,2
6449,137,0,-19.219,-73.641,6871,6949,132,176
6451,-26,0,-4.587,-22.852,4533,4537,233,230
6456,67.442,0,-4,-117.537,6235,6049,83,89
6461,7,0,0,0,0,0,0,0
6462,295,0,0,44.565,5665,5699,437,433
6464,-4,0,-2,0,7,7,0,0
6465,,,,,0,0,0,0
6469,-62.188,0,-0.797,-1.173,706,694,1,1
6470,-23,0,1,-0.269,1070,1068,0,1
6472,-170.285,-1,5,-3.268,3096,3063,49,48
6477,-286,0,12.925,0,3304,3359,434,439
6482,8,0,0,0.809,,,,
6485,12,0,0,0,2440,2449,0,0
6486,-8,0,0,0,101,101,0,0
6488,-408.07,1.988,1,-28.364,5159,5177,153,159
6491,-30.17,0,20,8.624,1229,1188,0,0
6492,-46,0,0,0,927,924,7,7
6494,4,0,0,-0.2,779,778,0,0
6496,-1,0,0,0,89,89,0,0
6498,-71,0,0,0,,,,
6499,80,0,0,0.24,7140,7091,850,800
6504,1.95,0,0,0,20,20,3,3
6505,-1560.183,-37,-222.603,-162.566,8807,8842,461,735
6506,10,0,0,0,310,318,0,0
6508,7,0,0,0,95,95,0,0
6509,12,0,10,-0.045,2952,2933,25,24
6510,-12,5.9,-20.256,-9.067,531,570,46,46
6515,-40.937,3,18.075,-21.226,1461,1293,25,27
6516,29,0,0,0,857,862,0,0
6517,-70,0,0,0.401,3200,3106,18,18
6523,-7,0,0,0,90,89,0,0
6525,63,0,-3,0,940,760,1,0
6526,33.314,43,-3.451,-3.348,1074,1088,3,3
6527,1,0,0,0,,,,
6530,-6,0,0,0,2901,2945,112,114
6531,338.462,-4,-4,22.916,9105,9028,96,81
6532,35,0,0,0,2572,2583,1,1
6533,28,0,-4,-3.505,2302,2281,101,105
6534,-15,0,-16,0.607,1454,1581,0,0
6535,-138,0,88,-0.037,,,,
6538,77,-0.157,-3,1.784,894,890,13,12
6541,-255.087,0,-8.161,0,1909,1872,6,6
6542,,,,,80,80,0,0
6546,-51,0,0,0.646,6171,6171,21,18
6547,-149.985,0,0,-15,5700,5567,70,75
6548,237.791,0,46,8,6168,6198,0,0
6550,-325,0,0,0,244,246,0,0
6552,-69,0,0,0,2128,2157,2,2
6558,-232.98,0,-3,0.046,5980,5903,614,605
6560,73,0,0,0,,,,
6561,9,0,-9,-0.473,330,328,0,0
6568,-8,0,0,-0.073,409,410,4,4
6569,26,0,0,0,310,240,3,2
6570,59,0,0,0,706,714,0,1
6573,-1,0,-0.941,0,0,0,0,0
6574,7,0,6,0,,,,
6576,-131,0,0,-0.205,,,,
6577,6,0,0,0,170,170,0,0
6578,55,0,0,0,2091,2066,6,6
6579,24,0,-4.002,0,479,523,0,1
6581,-3,0,-3,0,33,33,0,0
6582,-22,0,-0.015,0,263,278,5,0
6584,734,316,-7,-5.907,1963,2057,206,290
6585,9,0,-51.988,0,1567,1507,1,1
6589,-44,0,-6,0,2755,2749,1,1
6591,240,0,55.452,0,4373,4156,0,0
6592,-16.9,0,-7.013,-5,395,395,0,0
6593,50,0,0,-0.103,,,,
6596,34,0,0,-2.574,2118,2143,67,66
6597,-2,0,0,0,,,,
6598,-3,0,0,0,0,0,0,0
6603,44,0,0,0,2965,2979,0,0
6605,-279.64,-1,0.131,0.63,1947,1938,16,21
6606,-35,0,4,0,750,742,0,0
6609,35,0,0,-11.867,2653,2628,113,104
6612,-2,0,0,0,375,384,0,0
6613,-57,-2.057,4,0.35,598,569,0,0
6615,-1,0,0,0,,,,
6616,7,0,0,0,228,241,0,0
6617,-8,0,0,0,,,,
6624,1,0,0,0,,,,
6625,184,0,1.541,0,1734,1981,24,26
6629,1,0,0,5,568,539,0,0
6637,10,0,0,0,,,,
6640,-11,0,0,-1.395,,,,
6641,-2,0,0,0,54,54,0,0
6642,,,,,885,883,0,0
6643,67,-1,-2,-7.199,2670,2687,78,84
6645,-5,0,0,2.288,39,39,0,0
6649,76,0,-3,-0.24,1117,1111,0,0
6651,20,0,0,-0.034,434,434,0,0
6654,-1,0,0,0,1989,1990,13,15
6655,,,,,2,2,0,0
6657,-339.97,0,0,0,1430,1365,16,16
6658,-27,0,-0.071,0,1977,1978,70,74
6664,-45,0,0,10.284,1198,1121,2,1
6666,-24,0,-3,0,595,597,3,3
6667,-256.325,71,4,-19.468,2536,2591,34,36
6668,103,0,0,0,4230,4255,560,561
6669,11.056,-57.702,-5.867,-4.386,1898,1886,61,63
6670,-17.502,-25.197,15,0.332,698,699,3,3
6671,-1,0,-1,0,34,33,0,0
6672,201,0,-40.225,0,4446,5253,63,61
6674,84,0,0,0,322,363,1,1
6679,127,0,0,-0.365,1903,1903,29,29
6683,310,-195,-5,138.975,,,,
6684,631,0,0,0.676,2250,2324,130,103
6689,-24,0,0,0,1444,1449,1,1
6690,36,0,0,0.02,46,46,0,0
6691,-381.649,-1,-19.893,-44.458,893,824,26,27
6692,-24,0,0,0,599,599,0,0
6693,-15,0,0,-0.774,2737,2759,18,18
6695,-1460,0,-4.338,0,4325,4180,314,338
6697,12,0,2,0,,,,
6698,133,0,0,0,1574,1616,24,24
6703,15,0,0,3.402,179,212,0,0
6706,117.191,0,0.347,0.74,6682,6721,157,164
6712,8.965,0,0.295,-1,1094,1094,4,4
6715,5,0,0,0.086,2802,2800,0,0
6716,7,0,2,0,367,368,0,0
6719,-15.344,0,0,0.765,2615,2598,4,4
6720,6,0,0,0,,,,
6727,120,0,2,0,,,,
6728,-16.955,0,0,0,356,355,0,0
6732,74,0,0,0.81,961,962,11,11
6733,21,0,0,0,,,,
6735,-16,0,0,0,465,422,1,3
6739,-169,0,8.481,-17.569,,,,
6741,-246,0,0,0.305,1300,1298,2,2
6742,562,0,0,0,2952,2855,33,24
6743,-38,0,1,0,1184,1179,0,0
6747,-1,0,0,0,,,,
6752,-27.05,0,0,-4.945,809,798,0,0
6753,-258.75,-19,196.972,17.273,4923,4770,2,46
6754,-3,-0.071,0,0,156,156,0,0
6756,-40,0,-0.324,0,874,875,11,14
6757,439,-421,6,-0.863,6685,6692,1030,1025
6761,-98,0,0,139.248,2715,2443,179,74
6763,284,0,2,57.148,2851,2807,3,3
6768,38,8.698,-3,2.517,2313,2286,58,49
6770,4605.986,-43,-13,17.614,38058,38229,2038,1979
6771,0,0,-3,0,132,132,0,0
6776,39,0,0,0,497,532,0,0
6781,-504.7,319.2,0.6,80.931,1656,1444,178,165
6782,-15,0,10,-4.051,575,580,2,2
6785,8,0,0,0.88,868,877,4,4
6788,-117,0,0,0.06,3608,3631,202,204
6789,-182.685,-3,38,325.309,5998,5825,52,38
6790,9,-2,-4,0,462,462,0,0
6791,12,0,0,0,,,,
6792,8,0,0,0,466,501,0,0
6794,-1,0,0,0,,,,
6796,-1,0,0,0,219,223,0,0
6799,51.2,0,-0.008,0,2878,2839,1,1
6803,3,0,0,0,19,19,0,0
6804,,,,,79,79,0,0
6805,306.355,-3,-9.698,-9.614,1733,1967,197,188
6806,-203,-1,-15.142,0,6038,5985,107,106
6807,2,0,-2,0,248,250,5,5
6811,5,0,15.3,-2.329,391,388,0,0
6821,6,0,0,0,637,632,0,0
6823,-2,0,0,0,,,,
6829,-94.9,0,0,0.533,1826,1826,61,51
6830,-218.07,0,14.983,-1.785,1983,1930,39,35
6834,-281,0,-3.761,0,1711,1687,0,0
6835,1,0,1,0,726,719,1,1
6838,-71,0,0,0,1309,1325,11,13
6840,1,0,0,0,,,,
6841,-91,0,0,171.397,1953,1945,6,5
6843,-1,0,0,0,198,200,0,0
6844,1,0,0,0,,,,
6846,0,0,-2,0,,,,
6854,67,0,4,0,5419,5433,18,30
6859,-11,0,0,-0.102,887,925,4,4
6861,42,0,-1,0,464,474,0,0
6862,59.1,0,0,0,248,220,1,1
6863,-59,0,-1.013,-3,984,973,3,1
6865,-3.07,0,0,0,,,,
6869,148,0,-3.567,-0.006,3929,3946,57,53
6870,-0.446,0,0,0,,,,
6872,1,0,0,0,,,,
6873,-269,0,-3.777,4.741,3180,3067,168,163
6874,6,0,0,0,,,,
6875,0,0,0,0,,,,
6877,200,0,0,-57.297,4203,4226,11,13
6885,-233,0,-2,0,1252,1219,7,7
6887,-1,0,0,0,,,,
6890,-26.347,19,50,40.639,2225,2269,15,15
6894,1,0,1,0,,,,
6895,13,0,0,7,1931,1945,137,127
6899,1,0,0,0,9,9,0,0
6901,-108,0,-13,0,2602,2593,2,2
6902,-26.126,0,0,0,258,249,0,1
6903,-11,0,-1.596,0,273,306,0,0
6906,-33,0,0,0,557,554,1,1
6909,80,0,0,0,,,,
6913,-37,0,-4,-0.042,1017,993,2,2
6914,2,0,0,0,434,440,0,0
6916,1,0,-1,0,800,795,0,0
6918,15,0,0,0,,,,
6919,463.505,-38,-6,-6,,,,
6922,-96.999,0,15,1.046,,,,
6923,79,0,7.483,53,2898,2365,5,1
6924,3,0,0,-0.009,,,,
6925,-13,0,0,6,,,,
6928,-322,0,0.247,0,1172,1085,90,81
6931,-5,0,-3,0,5,5,0,0
6933,-82,0,-5.016,0,514,558,6,10
6936,-23,0,0,0,,,,
6937,-13,0,0.037,0.887,1037,1034,6,6
6944,-282.03,357,-7,0,,,,
6949,-187,0,-7,-2.774,1120,1063,2,60
6951,2,0,0,0,31,29,0,0
6952,-1,0,0,0,26,24,0,0
6953,5,0,0,0,52,53,0,0
6955,-4,0,0,-2,,,,
6957,0,0,0,-0.048,664,656,10,2
6958,-17,0,-6,0,32,31,0,0
6962,-1495.8,0,-7,11.12,5155,5065,38,39
6965,-4,0,-2,0,,,,
6968,-1,0,0,0,430,436,0,0
6969,-3,0,0,0,,,,
6982,-40,0,0,1.473,961,957,366,418
6988,-2,0,0,5,,,,
6994,-66.9,0,0,0.999,742,739,1,1
6996,-60,0,-0.666,0,202,184,0,0
7402,268,0,30,35.864,4345,3862,532,291
7547,-10,0,0,0,,,,
7556,-37,0,1,0.847,,,,
7584,-9,0,0,0,,,,
7631,-2,0,0,1,,,,
7642,-53,0,-0.004,0,,,,
7703,42.95,0,34.894,-0.263,627,587,4,2
7704,1,0,0.103,0,,,,
7705,9,0,0,0,57,57,0,0
7712,-27.5,0,-2.53,0,130,152,1,0
7714,-12,0,0,0,,,,
7715,51,0,0,0,67,74,0,0
7718,0,0,4,0,,,,
7721,7,0,0,0,,,,
7722,29.015,-41,0,-1.261,685,654,11,12
7723,80,0,0.001,0,,,,
7728,9,0,0,13.035,,,,
7732,,,,,1,1,0,0
7734,-3.25,0,0,-3.339,,,,
7736,12,0,-1,0,,,,
7740,33,0,0,0.488,,,,
7747,18,0,0,0,,,,
7749,59.1,14,-6,0,,,,
7751,-54,0,0,0,,,,
7753,4,0,0,0,,,,
8011,316,0,0,0,6263,6071,39,25
8016,249.132,109.305,-3,5.29,1542,1559,10,9
8021,199,-2,-51,160,21765,22000,3123,3246
8024,3,0,0,0,418,415,0,0
8027,134.01,0,-13,14.304,5455,5348,366,369
8028,1412.9,64,76,85.287,11750,11542,1259,1243
8032,6,0,0,0.35,1055,1025,3,3
8033,-3282.476,0,-349.21,-1096.695,10950,10092,4510,3962
8034,853,0,20,0.442,3344,3161,53,25
8038,-28,0,13,-0.758,,,,
8039,384,-2,-3.834,-2.457,5770,5745,24,24
8040,-41,0,0,-0.363,1025,1020,17,17
8042,28,0,0,-9.1,1012,1056,0,0
8043,98,0,0,-0.025,2645,2633,0,0
8044,218,0,0,0,2543,2557,68,66
8045,-146,0,2.06,-11.921,4972,4927,116,123
8046,5144.95,2343,194.328,480.924,9514,10474,3598,3168
8047,,,,,1039,1039,0,0
8048,49,0,0,0.105,1987,1985,0,0
8049,-66,0,0,0.526,463,473,1,1
8050,189,0,0,2.399,3480,3468,25,23
8054,138,0,0,-3.507,10582,10568,654,655
8059,-186,0,0,0.074,160,163,0,0
8064,-2719,0,1.062,154.958,6739,6312,409,388
8066,2,0,0,0,527,527,0,0
8067,1,0,0,0,,,,
8068,-25,0,0,0,1571,1561,3,3
8069,380.757,-12.17,-0.498,-137.985,4616,4688,190,186
8070,566.739,-4,-24.696,0.77,7640,7710,13,13
8071,59,0,0,0,2034,2072,12,13
8072,48,0,0,-0.381,3260,3296,62,60
8074,-332,0,4.775,0,4434,3854,208,142
8076,-224,0,0,78.569,8994,9037,0,0
8080,,,,,0,0,0,0
8081,43.943,-3,-16,-0.037,1135,1141,0,0
8083,7,0,0,0,127,127,0,0
8084,7,0,0,2.045,,,,
8085,-28,0,0,-0.01,7440,7571,53,53
8086,502,0,-31,-17.29,3908,4007,12,2
8087,-11,0,0,0,25,21,0,0
8088,-7,0,0,0,4210,4239,204,204
8089,-160,0,0,0.013,3860,3834,718,596
8091,-45,0,0,1,585,563,0,0
8092,-5,0,0,0,,,,
8093,,,,,0,0,0,0
8096,-209,0,0,-11.154,14276,14231,18,16
8097,-35,0,0,-5,9082,9081,20,24
8099,18,0,0,-0.001,9946,9954,15,15
8101,,,,,0,0,0,0
8103,-109.12,0,-0.068,0,4212,4082,15,29
8104,-390,0,10,0,2917,2792,11,21
8105,142,0,-1,0,10779,10936,128,131
8107,-19,0,0,0,2684,2675,8,8
8109,-24,0,0,-10.874,1290,1033,0,0
8110,604,0,-0.493,0,9179,9158,3,3
8111,186,0,0,11.038,9935,10560,109,140
8112,369.543,-15.029,18.589,11.115,5208,5141,185,171
8114,-210,0,-1.321,6.14,1068,1020,70,72
8121,229,0,0,1.723,0,0,0,0
8131,-119,0,-7.133,0,680,679,2,2
8147,44,0,0,1.723,979,993,0,1
8150,213.334,-2,-10,1,3760,3758,30,32
8155,2,60,-26,39.21,5292,5093,1115,1097
8162,-1,0,0,5,,,,
8163,-292,0,-9.116,-0.556,1417,1404,5,5
8171,-2,0,0,0,7734,7745,1313,1370
8176,37,0,0,-0.268,0,0,0,0
8182,14,0,0,0,924,949,0,0
8183,82,0,0,6.543,1879,1758,4,2
8201,-2,0,-1,0,0,0,0,0
8210,117.003,-35,-26.588,-22.529,2292,2365,302,310
8213,-42,0,15,0,2504,2521,5,4
8215,68,0,-6,0,1356,1358,5,5
8222,-328.2,0,-91.978,0,5524,5644,349,307
8227,400.905,-9,-3,39.004,3253,3377,89,114
8234,-65.934,0,0,30.434,6786,6972,344,448
8240,-252,0,0,-0.001,2309,2225,38,35
8249,-88.1,0,-2,-25.417,5650,5490,184,173
8255,34,0,0,3.281,1987,2040,3,3
8261,3,0,-0.062,-0.004,2538,2564,29,30
8271,11,0,-3.105,0,2041,2020,24,24
8272,7,0,0,0,,,,
8277,50,0,0,-0.221,0,0,0,0
8279,10,0,6,0,,,,
8284,6,0,0,3,15,15,0,0
8289,0,0,0,0,1965,1931,0,0
8299,-93.89,24,-0.171,-1.546,3658,3573,36,35
8341,13,0,-2,-1,246,244,0,0
8342,-1,0,0,0,2,2,0,0
8349,-6,0,0,0,1681,1685,11,10
8354,,,,,522,522,0,0
8358,-1370.7,-436,-325,639.861,39382,38500,8705,9071
8367,-9,0,0,0,121,121,0,0
8374,17.947,0,0,-0.073,3244,3300,304,310
8383,119,0,0,7.949,2229,2231,2,4
8390,310,0,5.629,3.458,1983,2008,26,26
8401,21,0,5,0,400,412,0,0
8403,-12,0,1,0,904,907,0,0
8404,53,0,-9.095,0,4794,4879,1,1
8410,-332,0,0,0.214,1882,1873,0,0
8411,-10,0,-6,0,52,55,0,0
8415,-47.074,0,0,-0.216,1034,1034,0,0
8421,1,0,0,0,501,502,0,0
8422,244,-1,-49,-1,1052,974,136,126
8423,-1,0,0,0,331,331,0,0
8424,2,0,0,0,7,7,0,0
8426,3,0,0,-0.001,633,635,0,0
8429,18,0,0,0,8380,8362,0,0
8431,-125,0,0,0,4892,5337,26,25
8432,-2,0,-6,-0.001,114,114,0,0
8433,-7,0,0,0,238,236,4,4
8435,2,0,0,0,47,47,0,0
8436,12,-73.059,0,0.978,1401,1391,0,0
8437,-43,0,0,0.672,485,515,2,24
8438,4,0,0,0,738,728,0,0
8440,11,0,0,-0.165,1084,1081,2,2
8442,-4,0,0,0,725,692,1,1
8443,-1,0,0,0,106,106,0,0
8444,28,0,0,-39,389,389,0,0
8446,19,0,0,0,236,236,0,0
8450,2,0,0,0,309,306,0,0
8454,-71.585,-2.186,-5,-0.864,695,696,6,5
8462,-49,0,-2,0,738,748,4,4
8463,-6,0,0,0,828,825,0,0
8464,-236.879,26.867,-4.022,1.169,2144,2143,5,5
8466,-5,0,0,0,921,921,0,0
8467,-37,0,1,-3,693,696,9,9
8472,14,0,0,0,,,,
8473,67,0,23,0,2854,2910,1,1
8476,1,0,2,0,7644,7642,0,1
8477,-1,0,0,0,0,0,0,0
8478,-19.001,-1,-1,1.6,1081,1100,26,20
8481,-5,0,0,0,10,10,0,0
8482,-4,0,0,0,226,226,0,0
8487,-2,0,-0.161,0,3,2,0,0
8488,0,0,-2,0,36,36,0,0
8489,-26,0,0,0.021,3032,3034,66,68
8499,-43,0,-5.188,0,937,771,26,17
8905,-7,0,0,0,80,80,0,0
8906,-1,0,0,0,263,263,6,6
8908,1,0,0,0,61,61,0,0
8916,58,0,-2,0,184,184,0,0
8917,1,0,0,0,1,1,0,0
8923,,,,,300,300,0,0
8924,36,0,25,0,497,509,0,0
8926,417,-5,-9,0,1199,1154,12,10
8927,-217.17,0,0,0,5821,5701,1267,1300
8928,-1,0,0,0,338,338,0,0
8929,8,0,0,0,384,388,0,0
8930,-2,0,0,0,787,795,0,0
8931,-2,0,0,0,3416,3407,0,0
8932,124.206,0,0,-27.087,15298,15469,160,159
8933,0,0,0,0.058,0,0,0,0
8935,62,0,0,-0.013,0,0,0,0
8936,210,-3,3,-0.05,13280,13308,16,17
8937,75,0,0,-3.54,5849,5865,110,111
8938,-7,0,0,0,1025,1027,6,6
8940,-3,0,-10,0,111,111,0,0
8941,-1,0,0,0,21,21,0,0
8942,-68,0,4,0,418,394,0,0
8996,-268.186,259,-61.253,1.11,6123,6485,632,707
9103,-20,0,0,-0.15,2279,2282,60,64
910322,,,,,0,0,0,0
9105,-1233,0,0,-23.605,46979,47189,31,0
910861,-6,0,0,0,0,0,0,0
911868,35,0,0,0,0,0,0,0
912000,-3,0,0,0,4493,4563,0,0
9136,2,0,0,0,9205,9205,0,0
9802,-140.182,0,-3.849,3,1774,1771,32,32
9902,163,0,30.888,0,3207,3274,14,10
9904,996.196,-120.587,191.005,-96.021,15020,15044,49,61
9905,-6,0,0,0,156,156,4,4
9906,31,0,0,0.726,474,467,28,29
9907,-461.806,-2,-20,8,6131,6026,28,28
9908,-12,0,-5.234,0,13,13,0,0
9910,57.399,-9.062,-12.009,1,557,552,6,5
9911,72,-2,-2,0,371,377,0,0
9912,-1,0,0,0,0,0,0,0
9914,-375,-1,26.985,13.464,1524,1564,52,51
9917,-183.366,-2,-1,-1,129,144,0,0
9918,-1,0,0,0,2,2,0,0
9919,94,0,-3,0,10108,10102,10,10
9921,-140.051,-1,5,-1.23,1412,1395,16,15
9924,-14,-0.557,16,0,606,629,0,0
9925,-4,0,7,0,5,5,0,0
9926,,,,,3,3,0,0
9927,-292,0,-4.32,0,259,292,27,42
9928,,,,,527,534,0,0
9929,,,,,0,0,0,0
9930,11,0,-3,0,26,26,0,0
9931,-1,0,0,0,32,32,0,0
9933,-430.999,-4,5.516,0,4091,4050,128,123
9934,-102,0,50,0,5677,5658,0,0
9935,156,0,0,0,2052,2083,0,0
9937,-8,-2,-5,0,440,441,0,0
9938,158,-17,-2,-2,2722,2742,4,4
9939,27.724,-3,-1.765,0.014,486,487,10,10
9940,-80.97,-2,-7,0,586,579,0,0
9941,-242.902,1,-8.269,-3,591,589,0,0
9942,-11,-1,0,0,300,294,0,0
9943,1,0,-3,0,76,73,0,0
9944,-2,0,-3,0,6040,6259,0,0
9945,249,0,-11.316,-18.86,23742,23780,14,14
9946,-227,0,0,0,2995,2977,5,0
9949,-1,0,0,0,0,0,0,0
9950,,,,,0,0,0,0
9951,24,0,7,0,731,747,0,0
9955,346,0,-1,0,1519,1559,86,83
9958,-178.46,-3,-9.774,-261.551,18128,18018,132,141
9960,1,0,0,0,114,117,0,0
9962,0,0,0,0,335,323,5,5
