code,fgn,inv,dlrSelf,dlrHedge,mgn,mgnPrev,shrt,shrtPrev
0050,-14677.518,-5500,-1697.865,-3044.206,,,,
0051,0.01,0,-15,13.593,,,,
0052,-7.983,-27,0,126.577,,,,
0053,0,0,0,1,,,,
0055,-2,0,0,-0.722,,,,
0056,-5339.31,0,0,-6744.195,,,,
0057,0,0,0,1.02,,,,
0061,13,0,0,321.86,,,,
006201,0,0,0,1.651,216,239,0,0
006203,-1,0,0,-4,,,,
006204,0,0,0,-0.937,,,,
006205,-126,0,-30,1460.749,,,,
006206,82,0,0,458.629,,,,
006207,11,0,0,96.11,,,,
006208,-73.945,0,0,1913.354,,,,
00631L,52,-6,-8,1050.77,,,,
00632R,-457,0,-565,-13203.315,,,,
00633L,-94,0,360,3049.406,,,,
00634R,0,0,0,-550.314,,,,
00635U,7,0,-222,-41.764,,,,
00636,-10,0,45,-1198.641,,,,
00636K,0,0,0,0,,,,
00637L,-7,0,800,23795.474,,,,
00638R,4,0,-1,-409.452,,,,
00639,-32,0,30,2122.157,,,,
00640L,0,0,0,23.893,,,,
00641R,0,0,0,-398,,,,
00642U,-5.5,0,0,1774.518,,,,
00643,-33,0,0,645.309,,,,
00645,3,0,0,-428.325,,,,
00646,83.751,0,0,3998.024,,,,
00647L,0,0,0,56.659,,,,
00648R,7,0,0,68.852,,,,
00650L,-45,0,0,-2153.774,,,,
00651R,-17,0,0,-113,,,,
00652,0,0,0,-191.703,,,,
00653L,-26,0,0,130.728,,,,
00654R,0,0,0,14.24,,,,
00655L,-33,0,500,300.933,,,,
00656R,0,0,0,-138.58,,,,
00657,-1,0,0,4.755,,,,
00657K,0,0,0,0,,,,
00660,0,0,0,11,,,,
00661,-1,0,0,-6.049,,,,
00662,-514.299,0,0,-910.309,,,,
00663L,4.05,0,-4,-537.533,,,,
00664R,-500,0,0,-431.448,,,,
00665L,218,0,0,5036.429,,,,
00666R,0,0,0,-13.029,,,,
00668,-1,0,0,74.165,,,,
00668K,0,0,0,0,,,,
00669R,0,0,0,149.52,,,,
00670L,0,0,0,-584.538,,,,
00671R,2,0,0,-4525,,,,
00673R,0,0,0,-706.946,,,,
00674R,0,0,0,291.204,,,,
00675L,396.897,0,-60,204.386,,,,
00676R,-630,0,-30,-777.701,,,,
00678,0,0,2,-52.663,,,,
00679B,11918.06,-2850,-1330,7898.023,20728,21423,7,4
00680L,254,0,-1497,-2523.353,,,,
00681R,0,0,0,2,,,,
00682U,0,0,0,2,,,,
00683L,-1,0,0,155.482,,,,
00684R,0,0,0,-33,,,,
00685L,4,0,0,86.102,,,,
00686R,0,0,-10,-1102.001,,,,
00687B,2629.3,-700,-201,3325.922,28057,27817,793,789
00687C,0,0,0,0,,,,
00688L,85,0,-1979,-3104.848,,,,
00689R,4,0,0,3,,,,
00690,82,0,0,-159.41,,,,
00692,65.03,0,0,4.456,,,,
00693U,-14,0,0,457.835,,,,
00694B,5,0,0,-114.545,2,2,0,0
00695B,-3,0,0,-20.64,0,0,0,0
00696B,60,0,-20,-111.865,371,374,0,0
00697B,-1,0,0,-157.771,38,58,0,0
00700,138,0,0,-31.097,,,,
00701,6,0,21,-436.993,,,,
00702,0,0,0,-71.206,,,,
00703,-4,0,0,-5.865,,,,
00706L,1,0,0,-5159.833,,,,
00708L,2,0,0,-400.088,,,,
00709,-1,0,0,-175.311,,,,
00710B,0,0,0,-4.262,,,,
00711B,0,0,0,-11.189,,,,
00712,-161,0,0,-5563.444,,,,
00713,-234.755,-35,0,-1145.73,,,,
00714,0,0,0,-35.635,,,,
00715L,-2,0,0,69756.863,,,,
00717,31,0,0,11.063,,,,
00719B,146,0,-132,-1529.235,182,221,0,0
00720B,1089,0,85,809.229,4175,4179,4,0
00722B,-1116,0,-17,-748.278,147,146,0,0
00723B,0,0,0,-13.048,114,114,0,0
00724B,-90,0,0,121.192,41,41,0,0
00725B,272,0,500,-1204.611,1471,1510,0,0
00726B,-18,0,0,-47.091,8,8,0,0
00727B,1,0,0,-4.438,1,1,0,0
00728,0,0,0,-32.478,,,,
00730,-3,0,0,39.772,,,,
00731,-1,0,7,62.293,,,,
00733,-2.8,0,0,-166.879,,,,
00734B,0,0,0,-1,4,4,0,0
00735,0,0,0,31,,,,
00736,0,0,1,-4,,,,
00737,-1,0,0,25.98,,,,
00738U,6,0,0,619.561,,,,
00739,-1,0,0,25.898,,,,
00740B,1155,0,-470,-672.231,149,149,0,0
00741B,0,0,0,-12.329,11,11,0,0
00746B,328,0,0,364.016,1,1,0,0
00749B,0,0,0,0,0,0,0,0
00750B,0,0,0,0,0,0,0,0
00751B,-23,0,190,169.923,7014,7020,4,0
00752,-215,0,0,4902.198,,,,
00753L,1495,0,0,2264.44,,,,
00754B,0,0,0,1,0,0,0,0
00755B,0,0,0,20.044,0,0,0,0
00756B,0,0,0,20.016,27,27,0,0
00757,-738.297,0,0,1168.123,,,,
00758B,0,0,0,-0.904,0,0,0,0
00759B,0,0,0,-0.904,0,0,0,0
00760B,5,0,0,3.539,3,3,0,0
00761B,3,0,0,-71.03,33,33,0,0
00762,-2.149,0,0,-89.785,,,,
00763U,0,0,0,-62.94,,,,
00764B,-176,0,0,806.465,757,789,0,0
00768B,652,0,0,-469.478,46,46,0,0
00770,-6,0,0,212.903,,,,
00771,0,0,0,8,,,,
00772B,2175,0,0,-199.762,2509,2514,0,0
00773B,104,0,0,-136.576,312,312,0,0
00775B,1,0,0,3,,,,
00777B,0,0,0,0,0,0,0,0
00778B,-5,0,0,0,0,0,0,0
00779B,0,0,0,3,0,0,0,0
00780B,0,0,0,1.03,0,0,0,0
00781B,0,0,-95,-3.085,14,14,0,0
00782B,-1,0,0,-5,19,19,0,0
00783,1,0,0,-2.319,,,,
00785B,0,0,0,0,0,0,0,0
00786B,0,0,0,16,15,15,0,0
00787B,,,,,0,0,0,0
00788B,0,0,0,-1.01,7,7,0,0
00789B,0,0,0,1.945,100,100,0,0
00791B,0,0,0,0,0,0,0,0
00792B,-1,0,0,-21.177,0,0,0,0
00793B,0,0,0,2,0,0,0,0
00795B,966,0,0,3320.005,5025,5064,2,0
00799B,0,0,0,38.983,13,13,0,0
00830,-914.528,0,0,1874.468,,,,
00834B,0,0,0,0,0,0,0,0
00836B,0,0,0,4,1,1,0,0
00840B,0,0,0,0,0,0,0,0
00841B,0,0,0,1,0,0,0,0
00842B,0,0,0,-10,0,0,0,0
00844B,0,0,0,1.1,2,2,0,0
00845B,0,0,0,6,0,0,0,0
00846B,0,0,0,3.173,0,0,0,0
00847B,0,0,0,-6.006,0,0,0,0
00848B,0,0,0,103.85,0,0,0,0
00849B,0,0,0,-0.553,0,0,0,0
00850,-4.171,0,0,-309.631,,,,
00852L,0,0,0,82.963,,,,
00853B,194,0,0,-177.268,11,11,0,0
00856B,0,0,0,-17,0,0,0,0
00857B,201,0,0,-27.174,1520,1519,0,0
00858,-23.782,0,0,412.267,279,281,0,0
00859B,0,0,0,-3.78,10,10,0,0
00860B,0,0,0,-0.181,0,0,0,0
00861,-1,0,0,199.705,,,,
00862B,105,0,0,-137.471,10,10,0,0
00863B,0,0,0,-2,0,0,0,0
00864B,349,0,-28,-188,18,28,0,0
00865B,-16,0,0,-1139.23,,,,
00867B,0,0,0,0,0,0,0,0
00870B,0,0,0,-1,0,0,0,0
00875,0,0,0,68.975,,,,
00876,-2,0,0,22.072,,,,
00877,-112,0,855,1655.501,2589,2404,223,167
00878,-839.054,0,95,-28299.649,,,,
00881,-463,0,0,-4107.934,,,,
00882,-42.1,0,0,-10969.654,,,,
00883B,-2,0,0,0.087,0,0,0,0
00884B,0,0,0,-0.069,0,1,0,0
00885,-2187,0,19.313,894.177,,,,
00886,0,0,0,5.999,0,0,0,0
00887,-1085,0,0,298.036,33780,33639,355,299
00888,-4,0,0,101.544,77,77,0,0
00890B,-33,0,0,4,4,4,0,0
00891,35.2,0,0,-1990.367,,,,
00892,13,0,21,133.128,,,,
00893,-14,0,0,287.416,,,,
00894,-6,0,0,-406.286,,,,
00895,-6,0,0,106.512,,,,
00896,-50,0,0,133.58,,,,
00897,-2,0,0,143.37,,,,
00898,-2,0,0,90.634,,,,
00899,-1,0,0,7.001,,,,
00900,219,900,0,-5845.574,,,,
00901,-45,0,0,63.879,,,,
00902,260,0,0,1090.113,,,,
00903,-1,0,0,183.02,,,,
00904,-0.948,0,0,8.342,,,,
00905,5,0,0,187.4,,,,
00907,-6,0,0,14.386,,,,
00908,0,0,0,177.481,,,,
00909,511,0,1,2.141,,,,
00910,-11.761,0,0,-341.014,,,,
00911,0,0,0,18.851,,,,
00912,1.075,0,0,-25.955,,,,
00913,0,0,0,-20.572,,,,
00915,-13,0,0,730.679,,,,
00916,22,0,0,150.694,,,,
00917,-4,0,0,-35.383,,,,
00918,84.25,0,0,-3488.046,,,,
00919,257.967,1060,-231.508,-24638.487,,,,
00920,0,0,0,57.817,,,,
00921,-1,0,0,169.302,,,,
00922,-919,0,30,-532.4,,,,
00923,-11.985,0,10,-275.68,,,,
00924,-36,0,0,-966.538,,,,
00926,1.056,0,0,602.579,,,,
00927,97,0,0,33.979,,,,
00928,1,0,0,54.368,85,85,6,6
00929,-315.716,0,0,5510.945,,,,
00930,12,0,0,70.234,,,,
00931B,-86,0,0,2072.848,5660,5659,20,30
00932,-41,0,0,855.371,,,,
00933B,-924,0,700,-91.743,2448,2444,0,0
00934,-134,0,0,-1216.117,,,,
00935,7.06,0,0,959.59,,,,
00936,19,0,0,674.239,,,,
00937B,-2466.95,0,1210,1958.266,21485,21718,12,5
00938,-1,0,0,67.136,,,,
00939,23.206,0,0,652.038,,,,
00940,-2505,0,0,10896.821,,,,
00941,982,0,0,148.353,,,,
00942B,-2,0,0,56.602,181,181,0,0
00943,-50,0,0,156.792,,,,
00944,-1,0,0,58.32,,,,
00945B,-90,0,300,481.663,,,,
00946,-82,0,0,4566.31,,,,
00947,5,0,5,-170.052,,,,
00948B,4128,0,0,-2106.161,1504,1496,0,0
00949,61,0,0,1081.615,,,,
00950B,-67,0,0,-949.612,2533,3029,732,600
00951,-8,0,0,47.415,,,,
00952,-121.989,0,0,197.587,,,,
00953B,-147,0,887,-11359.601,,,,
00954,-4,0,0,-20.757,,,,
00955,-8,0,2,-896.417,1308,1469,8,9
00956,-3,0,0,70.939,,,,
00957B,0,0,0,8.571,203,203,0,0
00958B,-2,0,0,-3.54,347,347,0,0
00959B,15,0,0,-105.984,1502,1522,0,0
00960,20,0,0,1111.934,,,,
00961,11,0,0,-4087.838,,,,
00962,3,0,0,171.17,,,,
00963,-1,0,0,292.838,,,,
00964,0,0,0,-43.125,,,,
00965,674.616,0,0,321.651,,,,
00966B,-1,0,0,54.715,108,113,0,0
00967B,-12,0,0,342.208,143,141,0,0
00968B,91,0,0,1160.414,199,199,0,0
00969B,9,0,0,44.678,915,918,0,0
00970B,102,0,0,-313.815,6365,6365,2,0
00971,-7,0,0,393.896,,,,
00972,2,0,0,160.342,,,,
009800,-15.5,0,0,478.717,,,,
009801,-16.928,0,0,-36.266,,,,
009802,15,0,0,3162.603,,,,
009803,-8,0,0,152.372,,,,
009804,9.45,0,0,-464.124,,,,
009805,34,0,0,-1044.955,,,,
009806,-1,0,0,5.126,0,0,0,0
009807,-1,0,0,-33.032,9,9,0,0
009808,-40,0,0,204.282,,,,
00980A,31.08,0,-25,-1448.138,,,,
00980B,0,0,0,207.982,5,6,0,0
00980D,0,0,0,-953.693,38,38,0,0
00980T,0,0,0,170.564,95,85,0,0
009810,0,0,0,-186.148,,,,
009811,0,0,0,185.132,,,,
00981A,-631.922,0,823,-13047.268,,,,
00981B,3237,0,0,657.98,12813,13808,0,0
00982A,-25.72,0,482,-13871.484,,,,
00982B,-1,0,0,67.85,224,224,0,0
00983A,40,0,5,985.907,,,,
00983B,0,0,0,84.997,1,1,0,0
00984A,-195,0,0,-630.135,,,,
00984B,416,0,0,-348.488,30,30,0,0
00985A,-31,0,0,-1850.962,,,,
01002T,1,0,0,0,,,,
01007T,-37,0,0,0,,,,
02001L,0,0,0,19,,,,
020020,0,0,0,8,,,,
020023,0,0,0,7,,,,
020025,0,0,0,1,,,,
020027,0,0,0,-40,,,,
020028,0,0,0,8,,,,
020029,0,0,0,9,,,,
020030,0,0,0,0,,,,
020031,0,0,0,-1,,,,
020032,0,0,0,10,,,,
020033,0,0,0,9,,,,
020034,0,0,0,13,,,,
020037,0,0,0,1,,,,
020039,0,0,0,0,,,,
020041,0,0,0,-1,,,,
030001,0,0,0,-12,,,,
030002,0,0,0,-81,,,,
030003,0,0,0,488,,,,
030004,0,0,0,-80,,,,
030006,0,0,0,3,,,,
030007,0,0,0,-1,,,,
030008,0,0,0,101,,,,
030009,0,0,0,-41,,,,
030010,0,0,0,40,,,,
030011,0,0,0,20,,,,
030012,0,0,0,33,,,,
030013,0,0,0,3,,,,
030014,0,0,0,-9,,,,
030015,0,0,0,-4,,,,
030016,0,0,0,11,,,,
030018,0,0,0,23,,,,
030019,0,0,0,36,,,,
03001U,1,0,0,-2,,,,
030021,0,0,0,4,,,,
030022,0,0,0,-4,,,,
030023,0,0,0,93,,,,
030024,0,0,0,-58,,,,
030025,0,0,0,54,,,,
030028,0,0,0,18,,,,
030030,0,0,0,31,,,,
030031,0,0,0,83,,,,
030032,0,0,0,70,,,,
030033,0,0,0,-20,,,,
030035,0,0,0,-12,,,,
030036,0,0,0,32,,,,
030037,0,0,0,12,,,,
030038,0,0,0,-1,,,,
030039,0,0,0,19,,,,
030040,0,0,0,306,,,,
030041,0,0,0,20,,,,
030042,0,0,0,-31,,,,
030043,0,0,0,67,,,,
030044,0,0,0,9,,,,
030045,0,0,0,65,,,,
030046,0,0,0,3,,,,
030047,0,0,0,1295,,,,
03004U,0,0,0,-1,,,,
030050,0,0,0,43,,,,
030051,0,0,0,0,,,,
030053,0,0,0,3,,,,
030054,0,0,0,10,,,,
030055,0,0,0,63,,,,
030056,0,0,0,117,,,,
030057,0,0,0,-10,,,,
030058,0,0,0,-276,,,,
030059,0,0,0,-1,,,,
030060,0,0,0,171,,,,
030061,0,0,0,23,,,,
030062,0,0,0,12,,,,
030063,0,0,0,-14,,,,
030064,0,0,0,-10,,,,
030065,0,0,0,49,,,,
030066,0,0,0,14,,,,
030069,0,0,0,20,,,,
03006U,0,0,0,-56,,,,
030071,0,0,0,-8,,,,
030072,0,0,0,14,,,,
030074,0,0,0,20,,,,
030075,0,0,0,0,,,,
030076,0,0,0,150,,,,
030077,0,0,0,286,,,,
030078,0,0,0,168,,,,
03007U,0,0,0,3,,,,
030080,0,0,0,-52,,,,
030081,0,0,0,22,,,,
030082,0,0,0,277,,,,
030083,0,0,0,-119,,,,
030084,0,0,0,717,,,,
030085,0,0,0,-154,,,,
030086,0,0,0,95,,,,
030087,0,0,0,-20,,,,
030088,0,0,0,95,,,,
030089,0,0,0,-3,,,,
030090,0,0,0,-242,,,,
030091,0,0,0,19,,,,
030092,0,0,0,21,,,,
030093,0,0,0,-51,,,,
030094,0,0,0,9,,,,
030095,0,0,0,-20,,,,
030096,0,0,0,127,,,,
030097,0,0,0,138,,,,
030098,0,0,0,444,,,,
030099,0,0,0,-1042,,,,
030100,0,0,0,-190,,,,
030102,0,0,0,2,,,,
030103,0,0,0,-137,,,,
030106,0,0,0,3,,,,
030107,0,0,0,0,,,,
030108,0,0,0,-20,,,,
030109,0,0,0,-12,,,,
03010U,0,0,0,-12,,,,
030110,0,0,0,3,,,,
030112,0,0,0,5,,,,
030113,0,0,0,-23,,,,
030115,0,0,0,23,,,,
030116,0,0,0,34,,,,
030119,0,0,0,0,,,,
030120,0,0,0,-19,,,,
030121,0,0,0,-6,,,,
030122,0,0,0,-11,,,,
030123,0,0,0,10,,,,
030124,0,0,0,-114,,,,
030127,0,0,0,-3,,,,
030128,0,0,0,9,,,,
030129,0,0,0,-12,,,,
030132,0,0,0,32,,,,
030133,0,0,0,76,,,,
030134,0,0,0,3,,,,
030135,0,0,0,32,,,,
030136,0,0,0,2,,,,
030139,0,0,0,9,,,,
030141,0,0,0,-117,,,,
030143,0,0,0,-3,,,,
030145,0,0,0,-425,,,,
030147,0,0,0,17,,,,
030151,0,0,0,828,,,,
030152,0,0,0,0,,,,
030154,0,0,0,-96,,,,
030158,0,0,0,-34,,,,
030159,0,0,0,0,,,,
030160,0,0,0,-2,,,,
030165,0,0,0,46,,,,
030167,0,0,0,19,,,,
030169,0,0,0,-38,,,,
03016U,0,0,0,30,,,,
030171,0,0,0,51,,,,
030172,0,0,0,9,,,,
030173,0,0,0,0,,,,
030174,0,0,0,-5,,,,
030175,0,0,0,-141,,,,
030176,0,0,0,27,,,,
030177,0,0,0,20,,,,
030178,0,0,0,-5,,,,
030179,0,0,0,-4,,,,
03017U,0,0,0,89,,,,
030180,0,0,0,-67,,,,
030183,0,0,0,64,,,,
030184,0,0,0,-102,,,,
030185,0,0,0,-76,,,,
030187,0,0,0,30,,,,
030188,0,0,0,21,,,,
030189,0,0,0,-100,,,,
03018U,0,0,0,187,,,,
030190,0,0,0,-53,,,,
030191,0,0,0,1,,,,
030192,0,0,0,15,,,,
030198,0,0,0,-7,,,,
030199,0,0,0,-20,,,,
03019U,0,0,0,-10,,,,
030200,0,0,0,-18,,,,
030201,0,0,0,1,,,,
030202,0,0,0,126,,,,
030203,0,0,0,-696,,,,
030204,0,0,0,135,,,,
030205,0,0,0,349,,,,
030206,0,0,0,174,,,,
030208,0,0,0,-395,,,,
030209,0,0,0,62,,,,
030210,0,0,0,1,,,,
030211,0,0,0,-161,,,,
030212,0,0,0,69,,,,
030213,0,0,0,212,,,,
030214,0,0,0,-134,,,,
030215,0,0,0,49,,,,
030216,0,0,0,13,,,,
030217,0,0,0,1,,,,
030218,0,0,0,19,,,,
030219,0,0,0,-452,,,,
030220,0,0,0,103,,,,
030221,0,0,0,116,,,,
030222,0,0,0,41,,,,
030223,0,0,0,-56,,,,
030224,0,0,0,306,,,,
030225,0,0,0,-24,,,,
030226,0,0,0,445,,,,
030227,0,0,0,-1,,,,
030228,0,0,0,0,,,,
030229,0,0,0,-472,,,,
030230,0,0,0,-90,,,,
030231,0,0,0,-10,,,,
030232,0,0,0,6,,,,
030233,0,0,0,-391,,,,
030234,0,0,0,9,,,,
030235,0,0,0,123,,,,
030236,0,0,0,63,,,,
030237,0,0,0,115,,,,
030238,0,0,0,-108,,,,
030239,0,0,0,184,,,,
030240,0,0,0,24,,,,
030241,0,0,0,7,,,,
030242,0,0,0,-101,,,,
030243,0,0,0,-30,,,,
030244,-9,0,0,110,,,,
030245,0,0,0,18,,,,
030246,0,0,0,-5,,,,
030247,0,0,0,-119,,,,
030248,0,0,0,87,,,,
030249,0,0,0,-158,,,,
03024U,0,0,0,-46,,,,
030250,0,0,0,157,,,,
030251,0,0,0,12,,,,
030252,0,0,0,28,,,,
030253,0,0,0,-18,,,,
030254,0,0,0,-169,,,,
030255,0,0,0,-35,,,,
030256,0,0,0,4,,,,
03025U,0,0,0,-4,,,,
030260,0,0,0,-47,,,,
030261,0,0,0,3,,,,
030262,0,0,0,-10,,,,
030265,0,0,0,0,,,,
030269,0,0,0,-1,,,,
03026U,0,0,0,-60,,,,
03026X,0,0,0,56,,,,
030271,0,0,0,-6,,,,
030272,0,0,0,38,,,,
030273,0,0,0,-19,,,,
030274,0,0,0,-32,,,,
030275,0,0,0,17,,,,
030277,0,0,0,-11,,,,
030278,0,0,0,-5,,,,
030279,0,0,0,-32,,,,
03027X,0,0,0,6,,,,
030281,0,0,0,21,,,,
030283,0,0,0,-10,,,,
030284,0,0,0,150,,,,
030285,0,0,0,-15,,,,
030286,0,0,0,60,,,,
030287,0,0,0,-31,,,,
030288,0,0,0,2,,,,
030289,0,0,0,1,,,,
03028U,0,0,0,-100,,,,
030291,0,0,0,-7,,,,
030293,0,0,0,8,,,,
030297,0,0,0,30,,,,
030299,0,0,0,-10,,,,
03029U,0,0,0,-1,,,,
030300,0,0,0,10,,,,
030301,0,0,0,8,,,,
030302,0,0,0,15,,,,
030303,0,0,0,52,,,,
030304,0,0,0,16,,,,
030305,0,0,0,-40,,,,
030306,0,0,0,1,,,,
030307,0,0,0,1,,,,
030308,0,0,0,-31,,,,
030309,0,0,0,-11,,,,
030311,0,0,0,-40,,,,
030312,0,0,0,-38,,,,
030313,0,0,0,47,,,,
030317,0,0,0,71,,,,
03031U,0,0,0,-101,,,,
030320,0,0,0,21,,,,
030321,0,0,0,-39,,,,
030323,0,0,0,-111,,,,
030324,0,0,0,-28,,,,
030326,0,0,0,7,,,,
030327,0,0,0,285,,,,
030329,0,0,0,-87,,,,
03032U,0,0,0,-105,,,,
030330,0,0,0,2,,,,
030331,0,0,0,3,,,,
030332,0,0,0,1,,,,
030334,0,0,0,3,,,,
030335,0,0,0,-5,,,,
030336,0,0,0,40,,,,
030337,0,0,0,-8,,,,
030338,0,0,0,-21,,,,
030339,0,0,0,2,,,,
030340,0,0,0,-27,,,,
030341,0,0,0,-268,,,,
030342,0,0,0,4,,,,
030343,0,0,0,40,,,,
030344,0,0,0,0,,,,
030345,0,0,0,-89,,,,
030346,0,0,0,-35,,,,
030347,0,0,0,-13,,,,
030349,0,0,0,180,,,,
030353,0,0,0,-15,,,,
030354,0,0,0,-3,,,,
030358,0,0,0,251,,,,
030359,0,0,0,418,,,,
03035U,0,0,0,10,,,,
030360,0,0,0,8,,,,
030361,0,0,0,37,,,,
030362,0,0,0,166,,,,
030364,0,0,0,70,,,,
030365,0,0,0,12,,,,
030366,0,0,0,-21,,,,
030367,0,0,0,122,,,,
030369,0,0,0,299,,,,
030370,0,0,0,273,,,,
030371,0,0,0,5,,,,
030372,0,0,0,-152,,,,
030373,0,0,0,49,,,,
030374,0,0,0,100,,,,
030375,0,0,0,201,,,,
030376,0,0,0,288,,,,
030377,0,0,0,10,,,,
030379,0,0,0,22,,,,
03037U,0,0,0,200,,,,
030380,0,0,0,-20,,,,
030381,0,0,0,-650,,,,
030382,0,0,0,5,,,,
030384,0,0,0,91,,,,
030385,0,0,0,317,,,,
030386,0,0,0,-4,,,,
030387,0,0,0,340,,,,
030388,0,0,0,-2,,,,
030390,0,0,0,-36,,,,
030391,0,0,0,-110,,,,
030393,0,0,0,90,,,,
030394,0,0,0,8,,,,
030395,0,0,0,31,,,,
030396,0,0,0,39,,,,
030397,0,0,0,-32,,,,
030398,0,0,0,-30,,,,
03039U,0,0,0,62,,,,
030400,0,0,0,93,,,,
030405,0,0,0,-7,,,,
030406,0,0,0,18,,,,
030408,0,0,0,1,,,,
030409,0,0,0,16,,,,
03040U,0,0,0,-75,,,,
030410,0,0,0,88,,,,
030413,0,0,0,59,,,,
030414,0,0,0,-5,,,,
030415,0,0,0,46,,,,
030416,0,0,0,215,,,,
030417,0,0,0,164,,,,
030418,0,0,0,-1,,,,
03041U,0,0,0,-55,,,,
030420,0,0,0,-56,,,,
030421,0,0,0,382,,,,
030422,0,0,0,44,,,,
030423,0,0,0,275,,,,
030424,0,0,0,511,,,,
030425,0,0,0,57,,,,
030426,0,0,0,-101,,,,
030428,0,0,0,-5,,,,
030429,0,0,0,64,,,,
03042U,0,0,0,-6,,,,
030430,0,0,0,-84,,,,
030431,0,0,0,4,,,,
030432,0,0,0,-37,,,,
030433,0,0,0,15,,,,
030435,0,0,0,19,,,,
030439,0,0,0,-551,,,,
030440,0,0,0,217,,,,
030443,0,0,0,-10,,,,
030446,0,0,0,-42,,,,
030447,0,0,0,377,,,,
030448,0,0,0,25,,,,
030455,0,0,0,29,,,,
030459,0,0,0,89,,,,
030460,0,0,0,148,,,,
030461,0,0,0,-43,,,,
030462,0,0,0,183,,,,
030463,0,0,0,37,,,,
030464,0,0,0,584,,,,
030465,0,0,0,74,,,,
030466,0,0,0,92,,,,
030467,0,0,0,2,,,,
030468,0,0,0,545,,,,
030469,0,0,0,506,,,,
030470,0,0,0,135,,,,
030471,0,0,0,-19,,,,
030472,0,0,0,23,,,,
030473,0,0,0,-77,,,,
030474,0,0,0,-10,,,,
030475,0,0,0,-84,,,,
030476,0,0,0,22,,,,
030477,0,0,0,6,,,,
030479,0,0,0,0,,,,
03047U,0,0,0,1,,,,
030480,0,0,0,0,,,,
030481,0,0,0,11,,,,
030482,0,0,0,7,,,,
030485,0,0,0,-3,,,,
030486,0,0,0,-10,,,,
030487,0,0,0,3,,,,
030488,0,0,0,9,,,,
030489,0,0,0,-202,,,,
030493,0,0,0,-708,,,,
030494,0,0,0,-30,,,,
030498,0,0,0,49,,,,
030499,0,0,0,21,,,,
03049U,0,0,0,2,,,,
030501,0,0,0,-33,,,,
030502,0,0,0,-24,,,,
030504,0,0,0,-1,,,,
030508,0,0,0,-5,,,,
030509,0,0,0,4,,,,
03050U,0,0,0,38,,,,
03050X,0,0,0,-5,,,,
030510,0,0,0,-10,,,,
030511,0,0,0,24,,,,
030512,0,0,0,503,,,,
030514,0,0,0,-20,,,,
030515,0,0,0,16,,,,
030518,0,0,0,-13,,,,
03051U,0,0,0,-30,,,,
030520,0,0,0,51,,,,
030521,0,0,0,5,,,,
030522,0,0,0,-37,,,,
030523,0,0,0,-40,,,,
030525,0,0,0,11,,,,
030526,0,0,0,14,,,,
030528,0,0,0,-22,,,,
030529,0,0,0,252,,,,
030530,0,0,0,20,,,,
030531,0,0,0,-151,,,,
030534,0,0,0,24,,,,
030536,0,0,0,1,,,,
030537,0,0,0,18,,,,
030538,0,0,0,33,,,,
030539,0,0,0,33,,,,
030540,0,0,0,7,,,,
030541,0,0,0,-24,,,,
030542,0,0,0,-6,,,,
030545,0,0,0,14,,,,
03054U,0,0,0,-15,,,,
030550,0,0,0,150,,,,
030554,0,0,0,-132,,,,
030555,0,0,0,-42,,,,
030558,0,0,0,-74,,,,
030559,0,0,0,-32,,,,
030560,0,0,0,-217,,,,
030561,0,0,0,296,,,,
030562,0,0,0,-60,,,,
030563,0,0,0,44,,,,
030564,0,0,0,-75,,,,
030566,0,0,0,36,,,,
030567,0,0,0,25,,,,
030568,0,0,0,41,,,,
030569,0,0,0,-122,,,,
030570,0,0,0,349,,,,
030571,0,0,0,12,,,,
030573,0,0,0,-35,,,,
030574,0,0,0,-17,,,,
030575,0,0,0,30,,,,
030576,0,0,0,-30,,,,
030578,0,0,0,29,,,,
030579,0,0,0,255,,,,
030580,0,0,0,9,,,,
030582,0,0,0,-14,,,,
030584,0,0,0,-20,,,,
030585,0,0,0,-10,,,,
030586,0,0,0,-357,,,,
030587,0,0,0,-475,,,,
030588,0,0,0,-13,,,,
030591,0,0,0,-135,,,,
030592,0,0,0,10,,,,
030594,0,0,0,-274,,,,
030595,0,0,0,11,,,,
030596,0,0,0,46,,,,
030597,0,0,0,58,,,,
030598,0,0,0,-3,,,,
030599,0,0,0,-712,,,,
030600,0,0,0,78,,,,
030601,0,0,0,289,,,,
030603,0,0,0,115,,,,
030604,0,0,0,-2,,,,
030606,0,0,0,-15,,,,
030608,0,0,0,-132,,,,
030610,0,0,0,62,,,,
030611,0,0,0,-13,,,,
030612,0,0,0,-51,,,,
030613,0,0,0,-54,,,,
030616,0,0,0,-9,,,,
030617,0,0,0,-1073,,,,
030618,0,0,0,-71,,,,
03061U,0,0,0,30,,,,
030620,0,0,0,-2,,,,
030621,0,0,0,-144,,,,
030622,0,0,0,-13,,,,
030625,0,0,0,1,,,,
030626,0,0,0,197,,,,
030627,0,0,0,66,,,,
030628,0,0,0,534,,,,
030629,0,0,0,-105,,,,
030630,0,0,0,73,,,,
030631,0,0,0,35,,,,
030632,0,0,0,119,,,,
030633,0,0,0,14,,,,
030634,0,0,0,71,,,,
030635,0,0,0,-22,,,,
030636,0,0,0,2,,,,
030637,0,0,0,456,,,,
030638,0,0,0,246,,,,
030639,0,0,0,-30,,,,
03063U,0,0,0,10,,,,
030640,0,0,0,-59,,,,
030642,0,0,0,-140,,,,
030643,0,0,0,12,,,,
030644,0,0,0,60,,,,
030645,0,0,0,13,,,,
030646,0,0,0,-277,,,,
030647,0,0,0,0,,,,
030648,0,0,0,6,,,,
030649,0,0,0,-185,,,,
03064U,0,0,0,100,,,,
030650,0,0,0,20,,,,
030651,0,0,0,16,,,,
030653,0,0,0,2,,,,
030655,0,0,0,-524,,,,
030656,0,0,0,163,,,,
030657,0,0,0,-28,,,,
030658,0,0,0,-244,,,,
030659,0,0,0,-503,,,,
03065U,0,0,0,-1,,,,
030661,0,0,0,11,,,,
030662,0,0,0,-10,,,,
030663,0,0,0,31,,,,
030664,0,0,0,6,,,,
030665,0,0,0,-20,,,,
030666,0,0,0,-23,,,,
030667,0,0,0,-3,,,,
030668,0,0,0,-72,,,,
030670,0,0,0,-15,,,,
030671,0,0,0,146,,,,
030672,0,0,0,506,,,,
030673,0,0,0,-45,,,,
030674,0,0,0,-78,,,,
030675,0,0,0,62,,,,
030677,0,0,0,10,,,,
030678,0,0,0,171,,,,
030679,0,0,0,4,,,,
03067U,0,0,0,-110,,,,
030681,0,0,0,17,,,,
030682,0,0,0,-26,,,,
030684,0,0,0,5,,,,
030687,0,0,0,14,,,,
030688,0,0,0,-283,,,,
030689,0,0,0,341,,,,
030690,0,0,0,34,,,,
030691,0,0,0,-6,,,,
030692,0,0,0,326,,,,
030693,0,0,0,67,,,,
030694,0,0,0,-13,,,,
030695,0,0,0,-27,,,,
030697,0,0,0,-45,,,,
030698,0,0,0,-68,,,,
030699,0,0,0,-460,,,,
030701,0,0,0,-154,,,,
030702,0,0,0,4,,,,
030704,0,0,0,-7,,,,
030705,0,0,0,26,,,,
030706,0,0,0,-23,,,,
030708,0,0,0,-70,,,,
030712,0,0,0,20,,,,
030713,0,0,0,19,,,,
030717,0,0,0,30,,,,
03071U,0,0,0,35,,,,
030722,0,0,0,2,,,,
030723,0,0,0,0,,,,
030724,0,0,0,2,,,,
030726,0,0,0,25,,,,
030729,0,0,0,-7,,,,
030731,0,0,0,0,,,,
030733,0,0,0,-51,,,,
030734,0,0,0,69,,,,
030735,0,0,0,259,,,,
030737,0,0,0,3,,,,
030743,0,0,0,18,,,,
030744,0,0,0,1,,,,
030746,0,0,0,-5,,,,
030748,0,0,0,-24,,,,
030749,0,0,0,-82,,,,
03074U,0,0,0,-28,,,,
030750,0,0,0,-21,,,,
030753,0,0,0,38,,,,
030754,0,0,0,-20,,,,
030756,0,0,0,13,,,,
030757,0,0,0,-523,,,,
030758,0,0,0,-15,,,,
030759,0,0,0,-21,,,,
03075U,0,0,0,-1,,,,
030760,0,0,0,18,,,,
030761,0,0,0,-1358,,,,
030762,0,0,0,31,,,,
030763,0,0,0,-4,,,,
030765,0,0,0,347,,,,
030769,0,0,0,140,,,,
030770,0,0,0,-423,,,,
030772,0,0,0,-63,,,,
030773,0,0,0,-13,,,,
030774,0,0,0,2,,,,
030775,0,0,0,24,,,,
030776,0,0,0,77,,,,
030777,0,0,0,59,,,,
030778,0,0,0,-1434,,,,
030779,0,0,0,40,,,,
03077U,0,0,0,0,,,,
030780,0,0,0,30,,,,
030781,0,0,0,-28,,,,
030782,0,0,0,46,,,,
030784,0,0,0,-58,,,,
030785,0,0,0,25,,,,
030786,0,0,0,-9,,,,
030787,0,0,0,16,,,,
030788,0,0,0,20,,,,
030789,0,0,0,0,,,,
03078U,0,0,0,10,,,,
030791,0,0,0,-2,,,,
030792,0,0,0,15,,,,
030793,0,0,0,-4,,,,
030794,0,0,0,-2,,,,
030795,0,0,0,-11,,,,
030799,0,0,0,300,,,,
03079U,0,0,0,1,,,,
030800,0,0,0,12,,,,
030801,0,0,0,-75,,,,
030802,0,0,0,1,,,,
030804,0,0,0,179,,,,
030805,0,0,0,-10,,,,
030807,0,0,0,20,,,,
030808,0,0,0,64,,,,
03080U,0,0,0,-6,,,,
030811,0,0,0,-105,,,,
030813,0,0,0,3,,,,
030814,0,0,0,32,,,,
030815,0,0,0,-2,,,,
030816,0,0,0,-10,,,,
030817,0,0,0,-2,,,,
030818,0,0,0,-8,,,,
030819,0,0,0,-39,,,,
03081U,0,0,0,-2,,,,
030821,0,0,0,-96,,,,
030822,0,0,0,-16,,,,
030824,0,0,0,60,,,,
030826,0,0,0,73,,,,
030827,0,0,0,12,,,,
030828,0,0,0,278,,,,
030829,0,0,0,67,,,,
030830,0,0,0,-789,,,,
030831,0,0,0,-377,,,,
030832,0,0,0,11,,,,
030833,0,0,0,98,,,,
030834,0,0,0,9,,,,
030836,0,0,0,-15,,,,
030837,0,0,0,388,,,,
030838,0,0,0,-76,,,,
030839,0,0,0,35,,,,
030840,0,0,0,-1,,,,
030841,0,0,0,-146,,,,
030842,0,0,0,51,,,,
030843,-5,0,0,118,,,,
030844,0,0,0,-417,,,,
030845,0,0,0,2,,,,
030846,0,0,0,-2,,,,
030848,0,0,0,-7,,,,
030849,0,0,0,5,,,,
03084U,0,0,0,10,,,,
030850,0,0,0,14,,,,
030851,0,0,0,-236,,,,
030852,0,0,0,5,,,,
030853,0,0,0,-378,,,,
030854,0,0,0,-118,,,,
030855,0,0,0,-305,,,,
030856,0,0,0,-140,,,,
030857,0,0,0,-62,,,,
030858,0,0,0,368,,,,
030859,0,0,0,66,,,,
030862,0,0,0,37,,,,
030863,0,0,0,16,,,,
030864,0,0,0,2,,,,
030865,0,0,0,10,,,,
030866,0,0,0,70,,,,
030867,0,0,0,234,,,,
030869,0,0,0,-29,,,,
03086U,0,0,0,-155,,,,
030870,0,0,0,168,,,,
030871,0,0,0,20,,,,
030872,0,0,0,12,,,,
030874,0,0,0,140,,,,
030875,0,0,0,29,,,,
030876,0,0,0,-10,,,,
030877,0,0,0,-345,,,,
030879,0,0,0,0,,,,
030880,0,0,0,12,,,,
030884,0,0,0,-26,,,,
030885,0,0,0,154,,,,
030891,0,0,0,80,,,,
030892,0,0,0,41,,,,
030893,0,0,0,56,,,,
030894,0,0,0,20,,,,
030896,0,0,0,-34,,,,
030897,0,0,0,-18,,,,
030899,0,0,0,5,,,,
030900,0,0,0,113,,,,
030904,0,0,0,-1,,,,
030905,0,0,0,33,,,,
030906,0,0,0,123,,,,
030907,0,0,0,1,,,,
030908,0,0,0,3,,,,
030909,0,0,0,15,,,,
03090U,0,0,0,200,,,,
030910,0,0,0,-2,,,,
030911,0,0,0,10,,,,
030912,0,0,0,4,,,,
030913,0,0,0,-10,,,,
030914,0,0,0,12,,,,
030915,0,0,0,-24,,,,
030916,0,0,0,18,,,,
030918,0,0,0,15,,,,
030919,0,0,0,-10,,,,
03091U,0,0,0,65,,,,
030920,0,0,0,12,,,,
030921,0,0,0,0,,,,
030923,0,0,0,14,,,,
030925,0,0,0,-20,,,,
030927,0,0,0,25,,,,
03092U,0,0,0,20,,,,
030930,0,0,0,10,,,,
030931,0,0,0,300,,,,
030932,0,0,0,30,,,,
030933,0,0,0,24,,,,
030935,0,0,0,-15,,,,
030937,0,0,0,5,,,,
030938,0,0,0,5,,,,
030939,0,0,0,14,,,,
03093U,0,0,0,-220,,,,
030940,0,0,0,13,,,,
030941,0,0,0,-19,,,,
030942,0,0,0,-5,,,,
030944,0,0,0,100,,,,
030946,0,0,0,3,,,,
030947,0,0,0,-31,,,,
030948,0,0,0,58,,,,
030949,0,0,0,53,,,,
03094U,0,0,0,10,,,,
030951,0,0,0,-12,,,,
030952,0,0,0,40,,,,
030953,0,0,0,43,,,,
030954,0,0,0,-29,,,,
030955,0,0,0,33,,,,
030956,0,0,0,59,,,,
030957,0,0,0,265,,,,
030958,0,0,0,8,,,,
030959,0,0,0,118,,,,
03095U,0,0,0,-16,,,,
030960,0,0,0,-183,,,,
030961,0,0,0,87,,,,
030962,0,0,0,3,,,,
030963,0,0,0,165,,,,
030964,0,0,0,20,,,,
030966,0,0,0,1,,,,
030967,0,0,0,0,,,,
030968,0,0,0,8,,,,
030969,0,0,0,-7,,,,
030970,0,0,0,125,,,,
030971,0,0,0,-33,,,,
030972,0,0,0,3,,,,
030974,0,0,0,-5,,,,
030975,0,0,0,45,,,,
030976,0,0,0,-176,,,,
030978,0,0,0,183,,,,
03097U,0,0,0,20,,,,
030980,0,0,0,2,,,,
030981,0,0,0,30,,,,
030982,0,0,0,0,,,,
030984,0,0,0,313,,,,
030985,0,0,0,24,,,,
030986,0,0,0,-2,,,,
030988,0,0,0,15,,,,
03098U,0,0,0,100,,,,
030990,0,0,0,218,,,,
030991,0,0,0,92,,,,
030992,0,0,0,440,,,,
030993,0,0,0,-23,,,,
030996,0,0,0,13,,,,
030997,0,0,0,-138,,,,
030998,0,0,0,10,,,,
030999,0,0,0,-511,,,,
03099U,0,0,0,-274,,,,
031000,0,0,0,-347,,,,
031001,0,0,0,11,,,,
031002,0,0,0,-55,,,,
031003,0,0,0,0,,,,
031006,0,0,0,28,,,,
031007,0,0,0,-37,,,,
031008,0,0,0,18,,,,
031009,0,0,0,17,,,,
031010,0,0,0,63,,,,
031011,0,0,0,288,,,,
031012,0,0,0,-21,,,,
031014,0,0,0,-170,,,,
031015,0,0,0,5,,,,
031016,0,0,0,-350,,,,
031017,0,0,0,487,,,,
031019,0,0,0,0,,,,
031020,0,0,0,-4,,,,
031021,0,0,0,-737,,,,
031022,0,0,0,216,,,,
031023,0,0,0,172,,,,
031025,0,0,0,-17,,,,
031026,0,0,0,-50,,,,
031028,0,0,0,-45,,,,
031029,0,0,0,-7,,,,
03102U,0,0,0,-50,,,,
031030,0,0,0,496,,,,
031031,0,0,0,-29,,,,
031032,0,0,0,171,,,,
031033,0,0,0,326,,,,
031034,0,0,0,38,,,,
031035,0,0,0,-453,,,,
031036,0,0,0,-568,,,,
031037,0,0,0,46,,,,
031038,0,0,0,55,,,,
031039,0,0,0,10,,,,
03103U,0,0,0,165,,,,
031040,0,0,0,12,,,,
031044,0,0,0,170,,,,
031045,0,0,0,459,,,,
031046,0,0,0,-50,,,,
031047,0,0,0,-52,,,,
031048,0,0,0,18,,,,
031049,0,0,0,46,,,,
031050,0,0,0,-5,,,,
031051,0,0,0,72,,,,
031053,0,0,0,-29,,,,
031054,0,0,0,-82,,,,
031055,0,0,0,5,,,,
031056,0,0,0,50,,,,
031057,0,0,0,-35,,,,
031058,0,0,0,196,,,,
03105U,0,0,0,-20,,,,
031061,0,0,0,-2,,,,
031062,0,0,0,54,,,,
031063,0,0,0,-285,,,,
031064,0,0,0,140,,,,
031065,0,0,0,877,,,,
031066,0,0,0,-40,,,,
031067,0,0,0,5,,,,
031068,0,0,0,217,,,,
031069,0,0,0,25,,,,
031070,0,0,0,62,,,,
031071,0,0,0,10,,,,
031073,0,0,0,-12,,,,
031074,0,0,0,-10,,,,
031075,0,0,0,93,,,,
031076,0,0,0,8,,,,
031077,0,0,0,-243,,,,
031078,0,0,0,16,,,,
031079,0,0,0,11,,,,
03107U,0,0,0,1,,,,
031081,0,0,0,58,,,,
031082,0,0,0,213,,,,
031083,0,0,0,-271,,,,
031088,0,0,0,69,,,,
031089,0,0,0,98,,,,
03108U,0,0,0,-7,,,,
031090,0,0,0,-90,,,,
031091,0,0,0,90,,,,
031092,0,0,0,10,,,,
031099,0,0,0,72,,,,
031100,0,0,0,5,,,,
031101,0,0,0,0,,,,
031103,0,0,0,10,,,,
031106,0,0,0,25,,,,
03110U,0,0,0,-4,,,,
031111,0,0,0,-29,,,,
031114,0,0,0,-9,,,,
031115,0,0,0,16,,,,
031117,0,0,0,100,,,,
031118,0,0,0,1,,,,
031119,0,0,0,-283,,,,
03111U,0,0,0,21,,,,
031120,0,0,0,-56,,,,
031121,0,0,0,66,,,,
031122,0,0,0,-20,,,,
031123,0,0,0,-2,,,,
031125,0,0,0,-1,,,,
031126,0,0,0,-43,,,,
031127,0,0,0,4,,,,
031128,0,0,0,-141,,,,
03112U,0,0,0,-10,,,,
031130,0,0,0,-31,,,,
031131,0,0,0,49,,,,
031132,0,0,0,-45,,,,
031133,0,0,0,-48,,,,
031134,0,0,0,25,,,,
031135,0,0,0,-46,,,,
031136,0,0,0,345,,,,
031137,0,0,0,-23,,,,
031138,0,0,0,490,,,,
03113U,0,0,0,-250,,,,
031143,0,0,0,239,,,,
031145,0,0,0,-41,,,,
031146,0,0,0,-9,,,,
031147,0,0,0,385,,,,
031148,0,0,0,195,,,,
031149,0,0,0,77,,,,
031150,0,0,0,3,,,,
031151,8,0,0,122,,,,
031153,0,0,0,54,,,,
031155,0,0,0,8,,,,
031156,0,0,0,12,,,,
031157,0,0,0,39,,,,
031158,0,0,0,65,,,,
031159,-179,0,0,519,,,,
03115U,0,0,0,5,,,,
031161,0,0,0,74,,,,
031162,0,0,0,-67,,,,
031163,0,0,0,119,,,,
031164,0,0,0,-1,,,,
031165,0,0,0,15,,,,
031166,0,0,0,0,,,,
031167,0,0,0,12,,,,
031169,0,0,0,-222,,,,
031170,0,0,0,911,,,,
031171,0,0,0,-38,,,,
031172,0,0,0,-5,,,,
031174,0,0,0,-13,,,,
031175,0,0,0,101,,,,
031176,0,0,0,96,,,,
031177,0,0,0,-37,,,,
031180,0,0,0,70,,,,
031181,0,0,0,64,,,,
031182,0,0,0,1507,,,,
031183,0,0,0,27,,,,
031185,0,0,0,48,,,,
03118U,0,0,0,-8,,,,
031190,0,0,0,-1,,,,
031191,0,0,0,-3,,,,
031192,0,0,0,-11,,,,
031194,0,0,0,-17,,,,
031196,0,0,0,11,,,,
031199,0,0,0,26,,,,
03119U,0,0,0,-100,,,,
031200,0,0,0,-48,,,,
031201,0,0,0,7,,,,
031202,0,0,0,-66,,,,
031205,0,0,0,-3,,,,
031206,0,0,0,9,,,,
031207,0,0,0,1,,,,
031208,0,0,0,112,,,,
031210,0,0,0,36,,,,
031211,0,0,0,12,,,,
031212,0,0,0,1,,,,
031213,0,0,0,32,,,,
031218,0,0,0,0,,,,
031219,0,0,0,-34,,,,
03121U,0,0,0,-6,,,,
031222,0,0,0,-47,,,,
031223,0,0,0,442,,,,
031224,0,0,0,183,,,,
031225,0,0,0,290,,,,
031226,0,0,0,585,,,,
031228,0,0,0,-15,,,,
031229,0,0,0,68,,,,
031232,0,0,0,75,,,,
031233,0,0,0,121,,,,
031234,0,0,0,151,,,,
031235,0,0,0,176,,,,
031236,0,0,0,-412,,,,
031237,0,0,0,20,,,,
031238,0,0,0,-1,,,,
031239,0,0,0,-17,,,,
03123U,0,0,0,-20,,,,
031240,0,0,0,-10,,,,
031241,0,0,0,77,,,,
031242,0,0,0,152,,,,
031243,0,0,0,166,,,,
031244,0,0,0,590,,,,
031248,0,0,0,100,,,,
031249,0,0,0,2,,,,
031251,0,0,0,344,,,,
031252,0,0,0,247,,,,
031253,0,0,0,85,,,,
031254,0,0,0,-11,,,,
031255,0,0,0,149,,,,
031256,0,0,0,-36,,,,
031258,0,0,0,313,,,,
031259,0,0,0,-78,,,,
031260,0,0,0,64,,,,
031261,0,0,0,42,,,,
031262,0,0,0,1761,,,,
031263,0,0,0,795,,,,
031264,0,0,0,370,,,,
031265,0,0,0,87,,,,
031266,0,0,0,140,,,,
031267,-70,0,0,70,,,,
031269,0,0,0,4,,,,
031270,0,0,0,-54,,,,
031271,0,0,0,91,,,,
031272,0,0,0,22,,,,
031273,0,0,0,45,,,,
031274,0,0,0,4,,,,
031275,0,0,0,17,,,,
031276,0,0,0,-2,,,,
031277,0,0,0,-23,,,,
031279,0,0,0,-166,,,,
031280,0,0,0,-189,,,,
031281,0,0,0,-47,,,,
031282,0,0,0,271,,,,
031283,0,0,0,46,,,,
031284,0,0,0,-58,,,,
031285,0,0,0,-56,,,,
031286,0,0,0,-23,,,,
031287,0,0,0,-1398,,,,
031288,0,0,0,-873,,,,
031289,0,0,0,3,,,,
03128U,0,0,0,20,,,,
031290,0,0,0,111,,,,
031291,0,0,0,48,,,,
031292,0,0,0,-15,,,,
031293,0,0,0,258,,,,
031295,0,0,0,89,,,,
031296,0,0,0,124,,,,
031297,0,0,0,-5,,,,
031298,0,0,0,253,,,,
031299,0,0,0,26,,,,
031301,0,0,0,21,,,,
031303,0,0,0,-36,,,,
031304,0,0,0,12,,,,
031305,0,0,0,-42,,,,
031306,0,0,0,356,,,,
031307,0,0,0,-33,,,,
031309,0,0,0,148,,,,
031310,0,0,0,121,,,,
031311,0,0,0,62,,,,
031312,0,0,0,34,,,,
031313,0,0,0,88,,,,
031314,0,0,0,1,,,,
031316,0,0,0,12,,,,
031318,0,0,0,-34,,,,
031319,0,0,0,-32,,,,
031321,0,0,0,52,,,,
031322,0,0,0,-95,,,,
031323,0,0,0,-157,,,,
031327,0,0,0,134,,,,
031328,0,0,0,28,,,,
031329,0,0,0,3,,,,
03132U,0,0,0,-25,,,,
031330,0,0,0,3,,,,
031333,0,0,0,-29,,,,
031334,0,0,0,96,,,,
031336,0,0,0,0,,,,
031337,0,0,0,12,,,,
031339,0,0,0,-20,,,,
03133U,0,0,0,1,,,,
031340,0,0,0,-57,,,,
031341,0,0,0,120,,,,
031342,0,0,0,-20,,,,
031343,0,0,0,20,,,,
031345,0,0,0,265,,,,
031347,0,0,0,30,,,,
031349,0,0,0,79,,,,
03134P,0,0,0,2,,,,
03134U,0,0,0,-2,,,,
031350,0,0,0,0,,,,
031351,0,0,0,149,,,,
031353,0,0,0,-5,,,,
031354,0,0,0,73,,,,
031355,0,0,0,20,,,,
031356,0,0,0,72,,,,
031357,0,0,0,8,,,,
031358,0,0,0,109,,,,
031359,0,0,0,-1,,,,
03135P,46,0,0,0,,,,
03135U,0,0,0,-34,,,,
031360,0,0,0,166,,,,
031361,0,0,0,-120,,,,
031362,0,0,0,-1,,,,
031363,0,0,0,-4,,,,
031365,0,0,0,10,,,,
031366,0,0,0,-83,,,,
031367,0,0,0,-39,,,,
031368,0,0,0,28,,,,
031370,0,0,0,-2,,,,
031371,0,0,0,13,,,,
031372,0,0,0,3,,,,
031373,0,0,0,-20,,,,
03137U,0,0,0,50,,,,
031381,0,0,0,-1041,,,,
031382,0,0,0,285,,,,
031385,0,0,0,39,,,,
031386,0,0,0,-137,,,,
031387,0,0,0,337,,,,
031389,0,0,0,12,,,,
03138U,0,0,0,30,,,,
031393,0,0,0,-20,,,,
031394,0,0,0,1,,,,
031395,0,0,0,27,,,,
031396,0,0,0,1,,,,
031399,0,0,0,184,,,,
031401,0,0,0,7,,,,
031402,0,0,0,-48,,,,
031403,0,0,0,32,,,,
031404,0,0,0,11,,,,
031405,0,0,0,12,,,,
031406,0,0,0,50,,,,
031407,0,0,0,64,,,,
031409,0,0,0,-10,,,,
031410,0,0,0,-179,,,,
031411,0,0,0,-184,,,,
031412,0,0,0,-4,,,,
031413,0,0,0,15,,,,
031414,0,0,0,6,,,,
031415,0,0,0,61,,,,
031416,0,0,0,7,,,,
031417,0,0,0,-77,,,,
031418,0,0,0,124,,,,
031419,0,0,0,441,,,,
031421,0,0,0,624,,,,
031422,0,0,0,109,,,,
031423,0,0,0,211,,,,
031424,0,0,0,99,,,,
031425,0,0,0,166,,,,
031426,0,0,0,27,,,,
031427,0,0,0,265,,,,
031428,0,0,0,0,,,,
031429,0,0,0,0,,,,
031430,0,0,0,-143,,,,
031431,0,0,0,-45,,,,
031432,0,0,0,26,,,,
031433,0,0,0,20,,,,
031434,0,0,0,25,,,,
031436,0,0,0,-16,,,,
031437,0,0,0,-7,,,,
031438,0,0,0,-25,,,,
031441,0,0,0,17,,,,
031442,0,0,0,0,,,,
031444,0,0,0,-70,,,,
031445,0,0,0,-47,,,,
031447,0,0,0,15,,,,
031449,0,0,0,-72,,,,
031450,0,0,0,7,,,,
031451,0,0,0,-21,,,,
031455,0,0,0,62,,,,
031456,0,0,0,140,,,,
031457,0,0,0,16,,,,
031459,0,0,0,-700,,,,
031463,0,0,0,-10,,,,
031464,0,0,0,-30,,,,
031468,0,0,0,-1,,,,
031470,0,0,0,20,,,,
031471,0,0,0,10,,,,
031472,0,0,0,1365,,,,
031473,0,0,0,120,,,,
031474,0,0,0,-100,,,,
031475,0,0,0,66,,,,
031476,0,0,0,210,,,,
031477,0,0,0,132,,,,
031478,0,0,0,13,,,,
031480,0,0,0,1,,,,
031481,0,0,0,-14,,,,
031482,0,0,0,-9,,,,
031483,0,0,0,11,,,,
031484,0,0,0,6,,,,
031485,0,0,0,-81,,,,
031486,0,0,0,10,,,,
031487,0,0,0,-115,,,,
031488,0,0,0,6,,,,
031489,0,0,0,110,,,,
031492,0,0,0,-50,,,,
031493,0,0,0,0,,,,
031494,0,0,0,170,,,,
031495,0,0,0,189,,,,
031496,0,0,0,-266,,,,
031497,0,0,0,153,,,,
031498,0,0,0,-74,,,,
031499,0,0,0,-40,,,,
031500,0,0,0,10,,,,
031501,0,0,0,-22,,,,
031502,0,0,0,29,,,,
031503,0,0,0,89,,,,
031504,0,0,0,2,,,,
031505,0,0,0,36,,,,
031506,0,0,0,-18,,,,
031507,0,0,0,356,,,,
031508,0,0,0,-147,,,,
031509,0,0,0,154,,,,
03150U,0,0,0,-62,,,,
031510,0,0,0,19,,,,
031512,0,0,0,83,,,,
031513,0,0,0,-16,,,,
031514,0,0,0,-2,,,,
031515,0,0,0,-412,,,,
031516,0,0,0,-996,,,,
031517,0,0,0,18,,,,
03151U,0,0,0,-63,,,,
031521,0,0,0,-31,,,,
031522,0,0,0,-298,,,,
031524,0,0,0,3,,,,
031525,0,0,0,72,,,,
031526,0,0,0,-1,,,,
031528,0,0,0,9,,,,
031529,0,0,0,31,,,,
03152U,0,0,0,-5,,,,
031530,0,0,0,62,,,,
031531,0,0,0,16,,,,
031532,0,0,0,-173,,,,
031533,0,0,0,-20,,,,
031534,0,0,0,95,,,,
031535,0,0,0,-16,,,,
031536,0,0,0,54,,,,
031537,0,0,0,5,,,,
031538,0,0,0,10,,,,
031539,0,0,0,22,,,,
031541,0,0,0,-6,,,,
031543,0,0,0,33,,,,
031544,0,0,0,-40,,,,
031545,0,0,0,-10,,,,
031547,0,0,0,-10,,,,
031548,0,0,0,-176,,,,
031549,0,0,0,-609,,,,
031551,0,0,0,6,,,,
031552,0,0,0,7,,,,
031553,0,0,0,263,,,,
031555,0,0,0,39,,,,
031556,0,0,0,-104,,,,
031557,0,0,0,-10,,,,
031558,0,0,0,-2,,,,
031559,0,0,0,5,,,,
031560,0,0,0,0,,,,
031561,0,0,0,20,,,,
031563,0,0,0,120,,,,
031564,0,0,0,-27,,,,
031565,0,0,0,2,,,,
031566,0,0,0,-522,,,,
031568,0,0,0,-156,,,,
031570,0,0,0,26,,,,
031572,0,0,0,199,,,,
031573,0,0,0,175,,,,
031576,0,0,0,-3,,,,
031577,0,0,0,-186,,,,
031579,0,0,0,-202,,,,
031580,0,0,0,18,,,,
031581,0,0,0,-9,,,,
031583,0,0,0,14,,,,
031584,0,0,0,0,,,,
031586,0,0,0,-20,,,,
031587,0,0,0,-125,,,,
031588,0,0,0,-66,,,,
031589,0,0,0,310,,,,
031590,0,0,0,-22,,,,
031591,0,0,0,160,,,,
031592,0,0,0,159,,,,
031593,0,0,0,1884,,,,
031594,0,0,0,-760,,,,
031596,0,0,0,17,,,,
031597,0,0,0,1,,,,
031598,0,0,0,-2,,,,
031602,0,0,0,15,,,,
031603,0,0,0,43,,,,
031604,0,0,0,-41,,,,
031605,0,0,0,92,,,,
031607,0,0,0,68,,,,
031608,0,0,0,1,,,,
03160U,0,0,0,-30,,,,
031611,0,0,0,9,,,,
031613,0,0,0,-31,,,,
031614,0,0,0,13,,,,
031618,0,0,0,-781,,,,
031619,0,0,0,71,,,,
031625,0,0,0,-241,,,,
031626,0,0,0,87,,,,
031627,0,0,0,-80,,,,
031628,0,0,0,-89,,,,
031629,0,0,0,226,,,,
03162U,0,0,0,-12,,,,
031633,0,0,0,30,,,,
031635,0,0,0,7,,,,
031636,0,0,0,30,,,,
031637,0,0,0,-189,,,,
031638,0,0,0,4,,,,
03163U,0,0,0,-10,,,,
031640,0,0,0,-3,,,,
031641,0,0,0,12,,,,
031642,0,0,0,7,,,,
031643,0,0,0,0,,,,
031645,0,0,0,-1,,,,
031646,0,0,0,3,,,,
031647,0,0,0,112,,,,
031648,0,0,0,-93,,,,
031649,0,0,0,44,,,,
03164U,0,0,0,25,,,,
031650,0,0,0,-30,,,,
031654,0,0,0,34,,,,
031657,0,0,0,-87,,,,
03165U,0,0,0,-2,,,,
031660,0,0,0,23,,,,
031661,0,0,0,-6,,,,
031665,0,0,0,-1118,,,,
031666,0,0,0,-199,,,,
031667,0,0,0,-9,,,,
031668,0,0,0,-8,,,,
031669,0,0,0,11,,,,
031671,0,0,0,3,,,,
031672,0,0,0,-37,,,,
031673,0,0,0,25,,,,
031676,0,0,0,-1,,,,
031680,0,0,0,5,,,,
031681,0,0,0,-5,,,,
031682,0,0,0,25,,,,
031684,0,0,0,-50,,,,
031686,0,0,0,1,,,,
031687,0,0,0,96,,,,
031688,0,0,0,-32,,,,
031689,0,0,0,0,,,,
031690,0,0,0,8,,,,
031691,0,0,0,88,,,,
031696,0,0,0,0,,,,
031697,0,0,0,-1,,,,
031698,0,0,0,-32,,,,
031699,0,0,0,-144,,,,
031705,0,0,0,-1,,,,
031708,0,0,0,200,,,,
031709,0,0,0,-1,,,,
031711,0,0,0,-39,,,,
031712,0,0,0,9,,,,
031713,0,0,0,78,,,,
031715,0,0,0,5,,,,
031716,0,0,0,61,,,,
031717,0,0,0,9,,,,
031718,0,0,0,-80,,,,
03171U,0,0,0,-71,,,,
031720,0,0,0,-225,,,,
031721,0,0,0,25,,,,
031722,0,0,0,10,,,,
031723,0,0,0,31,,,,
031724,0,0,0,-10,,,,
031726,0,0,0,76,,,,
031727,0,0,0,-16,,,,
031728,0,0,0,141,,,,
031729,0,0,0,116,,,,
031731,0,0,0,-5,,,,
031732,0,0,0,11,,,,
031734,0,0,0,3,,,,
031740,0,0,0,3,,,,
031741,0,0,0,-8,,,,
031742,0,0,0,-15,,,,
031743,0,0,0,14,,,,
031744,0,0,0,51,,,,
031747,0,0,0,11,,,,
031748,0,0,0,117,,,,
031749,0,0,0,68,,,,
03174P,0,0,0,-26,,,,
03174U,0,0,0,-30,,,,
031750,0,0,0,-3,,,,
031751,0,0,0,3,,,,
031752,0,0,0,154,,,,
031753,0,0,0,82,,,,
031755,0,0,0,35,,,,
031756,0,0,0,27,,,,
031757,0,0,0,-154,,,,
031758,0,0,0,-571,,,,
031760,0,0,0,30,,,,
031761,0,0,0,-17,,,,
031764,0,0,0,380,,,,
031765,0,0,0,-99,,,,
031766,0,0,0,-24,,,,
031768,0,0,0,-303,,,,
031769,0,0,0,246,,,,
031770,0,0,0,-22,,,,
031771,0,0,0,4,,,,
031772,0,0,0,-317,,,,
031774,0,0,0,234,,,,
031775,0,0,0,266,,,,
031776,0,0,0,18,,,,
031779,0,0,0,39,,,,
03177U,0,0,0,100,,,,
031780,0,0,0,4,,,,
031781,0,0,0,6,,,,
031782,0,0,0,-241,,,,
031783,0,0,0,-250,,,,
031784,0,0,0,39,,,,
031785,0,0,0,120,,,,
031786,0,0,0,19,,,,
031787,0,0,0,19,,,,
031788,0,0,0,49,,,,
031790,0,0,0,-8,,,,
031791,0,0,0,30,,,,
031793,0,0,0,-89,,,,
031794,0,0,0,35,,,,
031795,0,0,0,284,,,,
031796,0,0,0,-30,,,,
031797,0,0,0,109,,,,
031798,0,0,0,-94,,,,
031799,0,0,0,-585,,,,
031800,0,0,0,29,,,,
031801,0,0,0,65,,,,
031802,0,0,0,69,,,,
031804,0,0,0,164,,,,
031805,0,0,0,55,,,,
031806,0,0,0,38,,,,
031808,0,0,0,-67,,,,
031809,0,0,0,140,,,,
03180U,0,0,0,-22,,,,
031810,0,0,0,-107,,,,
031811,0,0,0,27,,,,
031812,0,0,0,101,,,,
031813,0,0,0,12,,,,
031814,0,0,0,-46,,,,
031815,0,0,0,100,,,,
031816,0,0,0,56,,,,
031817,0,0,0,-209,,,,
031818,0,0,0,1,,,,
031819,0,0,0,-55,,,,
03181U,0,0,0,-20,,,,
031820,0,0,0,69,,,,
031821,0,0,0,5,,,,
031822,0,0,0,-76,,,,
031824,0,0,0,479,,,,
031825,0,0,0,131,,,,
031826,0,0,0,161,,,,
031829,0,0,0,9,,,,
031830,0,0,0,2,,,,
031831,0,0,0,6,,,,
031832,0,0,0,73,,,,
031833,0,0,0,-80,,,,
031836,0,0,0,-39,,,,
031837,0,0,0,9,,,,
031838,0,0,0,11,,,,
031839,0,0,0,-20,,,,
031840,0,0,0,-47,,,,
031841,0,0,0,-37,,,,
031842,0,0,0,145,,,,
031843,0,0,0,-28,,,,
031844,0,0,0,-76,,,,
031845,0,0,0,2,,,,
031846,0,0,0,-90,,,,
031847,0,0,0,61,,,,
031848,0,0,0,183,,,,
031849,0,0,0,-76,,,,
031850,0,0,0,68,,,,
031851,0,0,0,146,,,,
031852,0,0,0,61,,,,
031853,0,0,0,23,,,,
031854,0,0,0,23,,,,
031855,0,0,0,-3,,,,
031856,0,0,0,-4,,,,
031860,0,0,0,30,,,,
031861,0,0,0,4,,,,
031863,0,0,0,-20,,,,
031865,0,0,0,14,,,,
031866,0,0,0,-2,,,,
031867,0,0,0,184,,,,
031868,0,0,0,-23,,,,
031869,0,0,0,-4,,,,
03186U,0,0,0,-5,,,,
031870,0,0,0,20,,,,
031871,0,0,0,-4,,,,
031872,0,0,0,1,,,,
031873,0,0,0,16,,,,
031875,0,0,0,0,,,,
031876,0,0,0,883,,,,
031877,0,0,0,-115,,,,
031878,0,0,0,5,,,,
03187U,0,0,0,-200,,,,
031880,0,0,0,-24,,,,
031885,0,0,0,4,,,,
031886,0,0,0,-54,,,,
031887,0,0,0,60,,,,
031888,0,0,0,92,,,,
031889,0,0,0,0,,,,
031890,0,0,0,-56,,,,
031893,0,0,0,42,,,,
031895,0,0,0,27,,,,
031896,0,0,0,0,,,,
031897,0,0,0,64,,,,
031900,0,0,0,26,,,,
031902,0,0,0,31,,,,
031903,0,0,0,-18,,,,
031904,0,0,0,54,,,,
031905,0,0,0,-11,,,,
031906,0,0,0,25,,,,
031907,0,0,0,27,,,,
031908,0,0,0,0,,,,
03190U,0,0,0,-5,,,,
031910,0,0,0,100,,,,
031911,0,0,0,23,,,,
031912,0,0,0,-66,,,,
031913,0,0,0,6,,,,
031914,0,0,0,96,,,,
031915,0,0,0,-22,,,,
031917,0,0,0,44,,,,
031918,0,0,0,-33,,,,
031919,0,0,0,-56,,,,
031920,0,0,0,10,,,,
031921,0,0,0,0,,,,
031922,0,0,0,2,,,,
031925,0,0,0,80,,,,
031928,0,0,0,25,,,,
031930,0,0,0,40,,,,
031931,0,0,0,-10,,,,
031932,0,0,0,52,,,,
031933,0,0,0,58,,,,
031934,0,0,0,29,,,,
031937,0,0,0,-20,,,,
031940,0,0,0,1,,,,
031941,0,0,0,-47,,,,
031942,0,0,0,-1254,,,,
031943,0,0,0,-2,,,,
031944,0,0,0,-20,,,,
031950,0,0,0,-50,,,,
031951,0,0,0,-454,,,,
031953,0,0,0,77,,,,
031954,0,0,0,95,,,,
031955,0,0,0,-47,,,,
031958,0,0,0,-209,,,,
031959,0,0,0,107,,,,
031961,0,0,0,-314,,,,
031962,0,0,0,-203,,,,
031963,0,0,0,399,,,,
031964,0,0,0,115,,,,
031965,0,0,0,26,,,,
031967,0,0,0,462,,,,
031968,0,0,0,146,,,,
031969,0,0,0,-169,,,,
03196U,0,0,0,0,,,,
031970,0,0,0,156,,,,
031971,0,0,0,140,,,,
031972,0,0,0,-4,,,,
031973,0,0,0,-169,,,,
031974,0,0,0,-2,,,,
031978,0,0,0,-104,,,,
031979,0,0,0,-38,,,,
031980,0,0,0,37,,,,
031983,0,0,0,1,,,,
031984,0,0,0,-15,,,,
031985,0,0,0,-16,,,,
031986,0,0,0,-29,,,,
031987,0,0,0,417,,,,
031988,0,0,0,20,,,,
031989,0,0,0,18,,,,
031990,0,0,0,21,,,,
031991,0,0,0,5,,,,
031992,0,0,0,-4,,,,
031993,0,0,0,202,,,,
031996,0,0,0,-17,,,,
031997,0,0,0,110,,,,
032000,0,0,0,15,,,,
032001,0,0,0,-6,,,,
032003,0,0,0,60,,,,
032004,0,0,0,18,,,,
032006,0,0,0,-5,,,,
032007,0,0,0,43,,,,
032009,0,0,0,343,,,,
03200U,0,0,0,-22,,,,
032010,0,0,0,155,,,,
032011,0,0,0,-486,,,,
032012,0,0,0,-476,,,,
032013,0,0,0,0,,,,
032014,0,0,0,12,,,,
032015,0,0,0,8,,,,
032017,0,0,0,60,,,,
032018,0,0,0,-100,,,,
032021,0,0,0,-408,,,,
032022,0,0,0,10,,,,
032023,0,0,0,-83,,,,
032024,0,0,0,22,,,,
032027,0,0,0,26,,,,
032028,0,0,0,-147,,,,
032029,0,0,0,0,,,,
032030,0,0,0,-48,,,,
032032,0,0,0,-28,,,,
032033,0,0,0,159,,,,
032034,0,0,0,1,,,,
032035,0,0,0,15,,,,
032036,0,0,0,35,,,,
032039,0,0,0,-286,,,,
032040,0,0,0,-33,,,,
032043,0,0,0,59,,,,
032045,0,0,0,33,,,,
032047,0,0,0,271,,,,
032052,0,0,0,1,,,,
032053,0,0,0,-131,,,,
032054,0,0,0,11,,,,
032057,0,0,0,-18,,,,
032058,0,0,0,-10,,,,
032059,0,0,0,23,,,,
03205U,0,0,0,0,,,,
032061,0,0,0,10,,,,
032063,0,0,0,-10,,,,
032066,0,0,0,-10,,,,
032068,0,0,0,-1,,,,
032069,0,0,0,-6,,,,
032071,0,0,0,70,,,,
032072,0,0,0,-29,,,,
032073,0,0,0,-11,,,,
032077,0,0,0,-121,,,,
032078,0,0,0,-43,,,,
032079,0,0,0,11,,,,
032080,0,0,0,24,,,,
032082,0,0,0,-21,,,,
032084,0,0,0,11,,,,
032086,0,0,0,-15,,,,
032087,0,0,0,83,,,,
032088,0,0,0,50,,,,
032089,0,0,0,122,,,,
032090,0,0,0,45,,,,
032091,0,0,0,25,,,,
032092,0,0,0,7,,,,
032093,0,0,0,-17,,,,
032094,0,0,0,-6,,,,
032096,0,0,0,20,,,,
032097,0,0,0,10,,,,
032098,0,0,0,0,,,,
032099,0,0,0,8,,,,
03209U,0,0,0,-4,,,,
032100,0,0,0,-30,,,,
032101,0,0,0,-153,,,,
032103,0,0,0,1,,,,
032104,0,0,0,149,,,,
032105,0,0,0,-652,,,,
032106,0,0,0,-7,,,,
032107,0,0,0,-17,,,,
032108,0,0,0,89,,,,
032109,0,0,0,-5,,,,
032110,0,0,0,-21,,,,
032111,0,0,0,3,,,,
032112,0,0,0,28,,,,
032115,0,0,0,-18,,,,
032116,0,0,0,330,,,,
032117,0,0,0,-28,,,,
032118,0,0,0,0,,,,
032119,0,0,0,67,,,,
03211U,0,0,0,-50,,,,
032120,0,0,0,90,,,,
032122,0,0,0,373,,,,
032123,0,0,0,-160,,,,
032124,0,0,0,-248,,,,
032126,0,0,0,69,,,,
032127,0,0,0,-20,,,,
032128,0,0,0,-1504,,,,
032129,0,0,0,1868,,,,
03212U,0,0,0,183,,,,
032130,0,0,0,-24,,,,
032133,0,0,0,47,,,,
032136,0,0,0,10,,,,
032137,0,0,0,7,,,,
032138,0,0,0,-360,,,,
032139,0,0,0,129,,,,
032140,0,0,0,33,,,,
032142,0,0,0,-10,,,,
032143,0,0,0,-1,,,,
032144,0,0,0,20,,,,
032145,0,0,0,35,,,,
032146,0,0,0,710,,,,
032147,0,0,0,-160,,,,
032148,0,0,0,0,,,,
032149,0,0,0,-6,,,,
032150,0,0,0,3,,,,
032152,0,0,0,0,,,,
032153,0,0,0,10,,,,
032154,0,0,0,4,,,,
032156,0,0,0,-5,,,,
032159,0,0,0,80,,,,
032161,0,0,0,0,,,,
032163,0,0,0,0,,,,
032164,0,0,0,160,,,,
032165,0,0,0,-116,,,,
032166,0,0,0,105,,,,
032168,0,0,0,-106,,,,
032173,0,0,0,1,,,,
032175,0,0,0,-63,,,,
032177,0,0,0,1,,,,
032178,0,0,0,40,,,,
032179,0,0,0,-9,,,,
032180,0,0,0,-43,,,,
032181,0,0,0,439,,,,
032182,0,0,0,40,,,,
032183,0,0,0,-1,,,,
032184,0,0,0,8,,,,
032185,0,0,0,-349,,,,
032186,0,0,0,-40,,,,
032187,0,0,0,18,,,,
032189,0,0,0,1,,,,
032190,0,0,0,0,,,,
032191,0,0,0,-84,,,,
032192,0,0,0,2,,,,
032193,0,0,0,-15,,,,
032194,0,0,0,24,,,,
032196,0,0,0,-27,,,,
032197,0,0,0,0,,,,
032198,0,0,0,-37,,,,
032200,0,0,0,24,,,,
032201,0,0,0,-6,,,,
032202,0,0,0,-20,,,,
032205,0,0,0,-2,,,,
032206,0,0,0,65,,,,
032207,0,0,0,89,,,,
032211,0,0,0,46,,,,
032212,0,0,0,-1,,,,
032214,0,0,0,48,,,,
032215,0,0,0,-352,,,,
032216,0,0,0,30,,,,
032217,0,0,0,85,,,,
032218,0,0,0,36,,,,
032219,0,0,0,0,,,,
03221U,0,0,0,1,,,,
032221,0,0,0,214,,,,
032222,0,0,0,-189,,,,
032223,0,0,0,59,,,,
032224,-5,0,0,-446,,,,
032226,0,0,0,358,,,,
032227,0,0,0,-87,,,,
032229,0,0,0,-64,,,,
032230,0,0,0,-78,,,,
032231,0,0,0,-31,,,,
032232,0,0,0,-29,,,,
032233,0,0,0,222,,,,
032234,0,0,0,137,,,,
032235,0,0,0,128,,,,
032236,0,0,0,-88,,,,
032237,0,0,0,-1,,,,
032239,0,0,0,86,,,,
03223U,0,0,0,-43,,,,
032240,0,0,0,-362,,,,
032241,0,0,0,160,,,,
032242,0,0,0,151,,,,
032243,0,0,0,130,,,,
032244,0,0,0,1,,,,
032245,0,0,0,221,,,,
032246,0,0,0,-12,,,,
032247,0,0,0,179,,,,
032248,0,0,0,-69,,,,
03224U,0,0,0,-78,,,,
032250,0,0,0,102,,,,
032251,0,0,0,30,,,,
032252,0,0,0,-71,,,,
032253,0,0,0,138,,,,
032254,0,0,0,-161,,,,
032255,0,0,0,-102,,,,
032256,0,0,0,-39,,,,
032257,0,0,0,168,,,,
032258,0,0,0,-575,,,,
03225U,0,0,0,298,,,,
032260,0,0,0,-2,,,,
032261,0,0,0,-10,,,,
032265,0,0,0,-52,,,,
032266,0,0,0,-10,,,,
032267,0,0,0,36,,,,
032268,0,0,0,39,,,,
032270,0,0,0,-405,,,,
032271,0,0,0,15,,,,
032272,0,0,0,-141,,,,
032273,0,0,0,-30,,,,
032274,0,0,0,4,,,,
032275,0,0,0,-244,,,,
032277,0,0,0,44,,,,
032278,0,0,0,-38,,,,
03227U,0,0,0,50,,,,
032282,0,0,0,-115,,,,
032283,0,0,0,134,,,,
032284,0,0,0,23,,,,
032285,0,0,0,27,,,,
032286,0,0,0,156,,,,
032290,0,0,0,-340,,,,
032291,0,0,0,-224,,,,
032292,0,0,0,14,,,,
032293,0,0,0,-3,,,,
032294,0,0,0,-73,,,,
032295,0,0,0,-4,,,,
032296,0,0,0,-69,,,,
032297,0,0,0,-2,,,,
032298,0,0,0,4,,,,
032299,0,0,0,28,,,,
032301,0,0,0,-9,,,,
032302,0,0,0,31,,,,
032303,0,0,0,53,,,,
032305,0,0,0,3,,,,
032306,0,0,0,4,,,,
032308,0,0,0,1,,,,
032310,0,0,0,-414,,,,
032311,0,0,0,91,,,,
032316,0,0,0,-20,,,,
032317,0,0,0,-150,,,,
032318,0,0,0,-13,,,,
032319,0,0,0,78,,,,
032321,0,0,0,180,,,,
032327,0,0,0,-35,,,,
032330,0,0,0,-186,,,,
032331,0,0,0,-87,,,,
032332,0,0,0,-64,,,,
032333,0,0,0,74,,,,
032334,0,0,0,-18,,,,
032335,0,0,0,-27,,,,
032336,0,0,0,-6,,,,
032337,0,0,0,-144,,,,
032338,0,0,0,81,,,,
032340,0,0,0,-21,,,,
032341,0,0,0,-68,,,,
032343,0,0,0,5,,,,
032344,0,0,0,197,,,,
032350,0,0,0,23,,,,
032351,0,0,0,4,,,,
032353,0,0,0,100,,,,
032355,0,0,0,6,,,,
032356,0,0,0,-74,,,,
032357,0,0,0,63,,,,
032359,0,0,0,-14,,,,
032363,0,0,0,220,,,,
032364,0,0,0,-282,,,,
032365,0,0,0,75,,,,
032367,0,0,0,-62,,,,
032368,0,0,0,125,,,,
032369,0,0,0,1,,,,
032370,0,0,0,18,,,,
032371,0,0,0,-216,,,,
032374,0,0,0,143,,,,
032375,0,0,0,27,,,,
03237U,0,0,0,-10,,,,
032380,0,0,0,12,,,,
032381,0,0,0,-9,,,,
032382,0,0,0,60,,,,
032383,0,0,0,-2,,,,
032384,0,0,0,55,,,,
032385,0,0,0,25,,,,
032386,0,0,0,66,,,,
032389,0,0,0,-57,,,,
032390,0,0,0,29,,,,
032391,0,0,0,-40,,,,
032392,0,0,0,18,,,,
032393,0,0,0,23,,,,
032394,0,0,0,16,,,,
032396,0,0,0,-8,,,,
032397,0,0,0,28,,,,
032398,0,0,0,1,,,,
032399,0,0,0,-60,,,,
032400,0,0,0,-1,,,,
032401,0,0,0,59,,,,
032402,0,0,0,1,,,,
032403,0,0,0,57,,,,
032405,0,0,0,304,,,,
032410,0,0,0,-101,,,,
032412,0,0,0,85,,,,
032413,0,0,0,-302,,,,
032414,0,0,0,-9,,,,
032417,0,0,0,99,,,,
032418,0,0,0,12,,,,
032419,0,0,0,-11,,,,
032421,0,0,0,-61,,,,
032423,0,0,0,-100,,,,
032424,0,0,0,-10,,,,
032425,0,0,0,208,,,,
032426,0,0,0,12,,,,
032427,0,0,0,-5,,,,
03242U,0,0,0,-15,,,,
032430,0,0,0,10,,,,
032440,0,0,0,0,,,,
032441,0,0,0,5,,,,
032442,0,0,0,-86,,,,
032443,0,0,0,-70,,,,
032444,0,0,0,17,,,,
032445,0,0,0,200,,,,
032446,0,0,0,-6,,,,
032447,0,0,0,8,,,,
032448,0,0,0,17,,,,
032449,0,0,0,-40,,,,
032450,0,0,0,10,,,,
032453,0,0,0,96,,,,
032455,0,0,0,-388,,,,
03245U,0,0,0,22,,,,
032461,0,0,0,-184,,,,
032462,0,0,0,-243,,,,
032463,0,0,0,570,,,,
032464,0,0,0,514,,,,
032465,0,0,0,161,,,,
032466,0,0,0,-102,,,,
032467,0,0,0,-13,,,,
032468,0,0,0,-11,,,,
032469,0,0,0,-25,,,,
03246U,0,0,0,300,,,,
032470,0,0,0,38,,,,
032471,0,0,0,44,,,,
032472,0,0,0,14,,,,
032473,0,0,0,196,,,,
032476,0,0,0,-315,,,,
032477,0,0,0,74,,,,
032478,0,0,0,34,,,,
032481,0,0,0,1,,,,
032482,0,0,0,-1,,,,
032485,0,0,0,11,,,,
032486,0,0,0,0,,,,
032487,0,0,0,-22,,,,
032488,0,0,0,320,,,,
032489,0,0,0,55,,,,
032490,0,0,0,-1,,,,
032492,0,0,0,34,,,,
032495,0,0,0,-103,,,,
032496,0,0,0,65,,,,
03249U,0,0,0,45,,,,
032500,0,0,0,-31,,,,
032504,0,0,0,343,,,,
032506,0,0,0,-73,,,,
032507,0,0,0,5,,,,
03250U,0,0,0,-15,,,,
032512,0,0,0,6,,,,
032514,0,0,0,-20,,,,
032517,0,0,0,124,,,,
032518,0,0,0,-1,,,,
032521,0,0,0,3,,,,
032522,0,0,0,-28,,,,
032523,0,0,0,76,,,,
032524,0,0,0,-42,,,,
032525,0,0,0,5,,,,
032526,0,0,0,29,,,,
032528,0,0,0,0,,,,
03252U,0,0,0,-167,,,,
032530,0,0,0,-139,,,,
032531,0,0,0,11,,,,
032532,0,0,0,0,,,,
032534,0,0,0,-2,,,,
032535,0,0,0,19,,,,
032537,0,0,0,0,,,,
032538,0,0,0,552,,,,
032539,0,0,0,20,,,,
03253U,0,0,0,-50,,,,
032540,0,0,0,3,,,,
032544,0,0,0,93,,,,
032546,0,0,0,579,,,,
032547,0,0,0,275,,,,
032548,0,0,0,192,,,,
032549,0,0,0,310,,,,
032550,0,0,0,-205,,,,
032551,0,0,0,-45,,,,
032552,0,0,0,-1,,,,
032553,0,0,0,19,,,,
032557,0,0,0,1,,,,
032559,0,0,0,1,,,,
032562,0,0,0,31,,,,
032563,0,0,0,-54,,,,
032564,0,0,0,-30,,,,
032565,0,0,0,10,,,,
032566,0,0,0,-3,,,,
032571,0,0,0,-2,,,,
032572,0,0,0,2,,,,
032573,0,0,0,-9,,,,
032574,0,0,0,-17,,,,
032576,0,0,0,1,,,,
03257U,0,0,0,8,,,,
032582,0,0,0,9,,,,
032583,0,0,0,5,,,,
032584,0,0,0,88,,,,
032589,0,0,0,-70,,,,
03258U,0,0,0,200,,,,
032592,0,0,0,-10,,,,
032593,0,0,0,-5,,,,
032595,0,0,0,0,,,,
032597,0,0,0,8,,,,
032598,0,0,0,8,,,,
032599,0,0,0,118,,,,
032600,0,0,0,-10,,,,
032601,0,0,0,42,,,,
032603,0,0,0,-1,,,,
032605,0,0,0,50,,,,
032606,0,0,0,16,,,,
032607,0,0,0,-97,,,,
032609,0,0,0,49,,,,
032610,0,0,0,-368,,,,
032612,0,0,0,233,,,,
032614,0,0,0,38,,,,
032615,0,0,0,256,,,,
032616,0,0,0,-19,,,,
032618,0,0,0,54,,,,
032625,0,0,0,-14,,,,
032626,0,0,0,1,,,,
032627,0,0,0,-4,,,,
032628,0,0,0,253,,,,
032629,0,0,0,-161,,,,
032630,0,0,0,-94,,,,
032631,0,0,0,-1,,,,
032633,0,0,0,360,,,,
032636,0,0,0,-90,,,,
032637,0,0,0,564,,,,
032638,0,0,0,1,,,,
032639,0,0,0,138,,,,
03263U,0,0,0,100,,,,
032640,0,0,0,123,,,,
032642,0,0,0,54,,,,
032644,0,0,0,4,,,,
032646,0,0,0,17,,,,
032647,0,0,0,83,,,,
032648,0,0,0,200,,,,
032649,0,0,0,255,,,,
03264U,0,0,0,25,,,,
032653,0,0,0,468,,,,
032655,0,0,0,1,,,,
032656,0,0,0,0,,,,
032657,0,0,0,39,,,,
032658,0,0,0,-394,,,,
032660,0,0,0,-56,,,,
032661,0,0,0,122,,,,
032662,0,0,0,21,,,,
032663,0,0,0,0,,,,
032668,0,0,0,29,,,,
03266U,0,0,0,10,,,,
032670,0,0,0,25,,,,
032674,0,0,0,0,,,,
032675,0,0,0,-14,,,,
032676,0,0,0,44,,,,
03267U,0,0,0,-53,,,,
032681,0,0,0,39,,,,
032682,0,0,0,-4,,,,
032685,0,0,0,-1,,,,
032687,0,0,0,117,,,,
032688,0,0,0,-72,,,,
03268U,0,0,0,7,,,,
032691,0,0,0,-57,,,,
032692,0,0,0,-885,,,,
032695,0,0,0,-15,,,,
032698,0,0,0,24,,,,
032701,0,0,0,-55,,,,
032702,0,0,0,-297,,,,
032707,0,0,0,30,,,,
032708,0,0,0,123,,,,
032713,0,0,0,-23,,,,
032714,0,0,0,-28,,,,
032715,0,0,0,-553,,,,
032717,0,0,0,-181,,,,
032718,0,0,0,15,,,,
032719,0,0,0,267,,,,
032720,0,0,0,-397,,,,
032722,0,0,0,-1,,,,
032725,0,0,0,2,,,,
032727,0,0,0,50,,,,
032728,0,0,0,-107,,,,
032729,0,0,0,-438,,,,
03272U,0,0,0,516,,,,
032730,0,0,0,41,,,,
032731,0,0,0,119,,,,
032732,0,0,0,-97,,,,
032734,0,0,0,10,,,,
032740,0,0,0,-45,,,,
032741,0,0,0,-845,,,,
032743,0,0,0,-469,,,,
032744,0,0,0,-5,,,,
032745,0,0,0,0,,,,
032747,0,0,0,-192,,,,
032748,0,0,0,-422,,,,
032749,0,0,0,-291,,,,
032750,0,0,0,-265,,,,
032751,0,0,0,-6,,,,
032753,0,0,0,-17,,,,
032754,0,0,0,-47,,,,
032756,0,0,0,-6,,,,
032758,0,0,0,-162,,,,
032759,0,0,0,-275,,,,
032760,0,0,0,-65,,,,
032761,0,0,0,63,,,,
032762,0,0,0,-125,,,,
032763,0,0,0,170,,,,
032764,0,0,0,-10,,,,
032765,0,0,0,-10,,,,
032766,0,0,0,469,,,,
032767,0,0,0,200,,,,
032768,0,0,0,-1,,,,
032769,0,0,0,200,,,,
03276U,0,0,0,8,,,,
032773,0,0,0,-17,,,,
032775,0,0,0,-61,,,,
032776,0,0,0,-15,,,,
03277U,0,0,0,25,,,,
032780,0,0,0,-22,,,,
032783,0,0,0,-1,,,,
032785,0,0,0,-57,,,,
032786,0,0,0,3,,,,
032788,0,0,0,-6,,,,
032790,0,0,0,-8,,,,
032792,0,0,0,-20,,,,
032795,0,0,0,-27,,,,
032796,0,0,0,5,,,,
032797,0,0,0,-164,,,,
032799,0,0,0,523,,,,
032805,0,0,0,0,,,,
032806,0,0,0,0,,,,
032807,0,0,0,-1,,,,
032810,0,0,0,-62,,,,
032812,0,0,0,-10,,,,
032813,0,0,0,-484,,,,
032814,0,0,0,-35,,,,
032815,0,0,0,-16,,,,
032817,0,0,0,-27,,,,
03281U,0,0,0,45,,,,
032822,0,0,0,-10,,,,
032825,0,0,0,-3,,,,
032827,0,0,0,-32,,,,
03282U,0,0,0,-211,,,,
032833,0,0,0,5,,,,
032834,0,0,0,-117,,,,
032835,0,0,0,9,,,,
032836,0,0,0,64,,,,
032838,0,0,0,-10,,,,
032839,0,0,0,-1,,,,
032843,0,0,0,-154,,,,
032845,0,0,0,17,,,,
032847,0,0,0,10,,,,
03284U,0,0,0,-15,,,,
032854,0,0,0,10,,,,
032856,0,0,0,-215,,,,
03285U,0,0,0,0,,,,
032862,0,0,0,-4,,,,
032863,0,0,0,-2,,,,
032864,0,0,0,-10,,,,
032865,0,0,0,-611,,,,
032866,0,0,0,3,,,,
032873,0,0,0,-1,,,,
032874,0,0,0,-8,,,,
032875,0,0,0,-7,,,,
032881,0,0,0,2,,,,
032884,0,0,0,-30,,,,
032886,0,0,0,36,,,,
032887,0,0,0,-1,,,,
032888,0,0,0,-15,,,,
032889,0,0,0,-56,,,,
032890,0,0,0,-2,,,,
032892,0,0,0,-120,,,,
032898,0,0,0,-3,,,,
032902,0,0,0,-5,,,,
032903,0,0,0,-11,,,,
032914,0,0,0,0,,,,
032919,0,0,0,1,,,,
032925,0,0,0,-523,,,,
032929,0,0,0,-6,,,,
032931,0,0,0,-553,,,,
032932,0,0,0,-32,,,,
032934,0,0,0,0,,,,
032939,0,0,0,5,,,,
032940,0,0,0,-10,,,,
032943,0,0,0,-18,,,,
032945,0,0,0,-50,,,,
032947,0,0,0,-578,,,,
032948,0,0,0,-16,,,,
032951,0,0,0,-20,,,,
032953,0,0,0,-21,,,,
032954,0,0,0,-199,,,,
032955,0,0,0,-26,,,,
032957,0,0,0,17,,,,
032961,0,0,0,-50,,,,
032963,0,0,0,3,,,,
032964,0,0,0,-3,,,,
032965,0,0,0,-11,,,,
032969,0,0,0,0,,,,
032977,0,0,0,-9,,,,
032978,0,0,0,-400,,,,
032980,0,0,0,12,,,,
032983,0,0,0,-71,,,,
032984,0,0,0,-2,,,,
032987,0,0,0,-50,,,,
032988,0,0,0,-179,,,,
032992,0,0,0,-29,,,,
032995,0,0,0,-5,,,,
032996,0,0,0,-50,,,,
032997,0,0,0,-44,,,,
033003,0,0,0,15,,,,
033005,0,0,0,0,,,,
033009,0,0,0,-10,,,,
03300U,0,0,0,-4,,,,
033011,0,0,0,-19,,,,
033013,0,0,0,-14,,,,
033014,0,0,0,-42,,,,
033017,0,0,0,-1,,,,
033019,0,0,0,-70,,,,
03301U,0,0,0,-30,,,,
033020,0,0,0,-13,,,,
033021,0,0,0,-129,,,,
033022,0,0,0,-227,,,,
033023,0,0,0,-220,,,,
033026,0,0,0,-523,,,,
033028,0,0,0,-81,,,,
033029,0,0,0,599,,,,
033030,0,0,0,-64,,,,
033031,0,0,0,-1,,,,
033032,0,0,0,-4,,,,
033035,0,0,0,-7,,,,
033038,0,0,0,0,,,,
033057,0,0,0,-1,,,,
033059,0,0,0,-21,,,,
033067,0,0,0,-55,,,,
033069,0,0,0,-9,,,,
033071,0,0,0,-4,,,,
033073,0,0,0,-5,,,,
033078,0,0,0,-20,,,,
033079,0,0,0,-240,,,,
03307U,0,0,0,-16,,,,
033080,0,0,0,-291,,,,
033089,0,0,0,-130,,,,
033093,0,0,0,-3,,,,
033100,0,0,0,-3,,,,
033107,0,0,0,-40,,,,
033108,0,0,0,-7,,,,
03310U,0,0,0,4,,,,
033111,0,0,0,-130,,,,
033117,0,0,0,-4,,,,
033123,0,0,0,-10,,,,
033137,0,0,0,-3,,,,
033138,0,0,0,-7,,,,
033139,0,0,0,30,,,,
033142,0,0,0,10,,,,
033144,0,0,0,-31,,,,
033145,0,0,0,-1,,,,
033151,0,0,0,10,,,,
033155,0,0,0,-709,,,,
033156,0,0,0,-35,,,,
033164,0,0,0,-81,,,,
033174,0,0,0,-90,,,,
033176,0,0,0,-123,,,,
033177,0,0,0,-6,,,,
033178,0,0,0,-3,,,,
033181,0,0,0,-25,,,,
033186,0,0,0,-3,,,,
033204,0,0,0,-10,,,,
033205,0,0,0,-10,,,,
033209,0,0,0,-2,,,,
033210,0,0,0,-80,,,,
03325U,0,0,0,10,,,,
03329U,0,0,0,20,,,,
033377,0,0,0,-18,,,,
033378,0,0,0,2708,,,,
03338U,0,0,0,330,,,,
033395,0,0,0,5,,,,
03340U,0,0,0,48,,,,
03343U,0,0,0,41,,,,
03344U,0,0,0,103,,,,
03345U,0,0,0,-50,,,,
03347U,0,0,0,1,,,,
03348U,0,0,0,-2,,,,
03351U,0,0,0,-5,,,,
03353U,0,0,0,-100,,,,
03354U,0,0,0,-76,,,,
03355U,0,0,0,-206,,,,
03357U,0,0,0,0,,,,
033606,0,0,0,0,,,,
033607,0,0,0,380,,,,
033623,0,0,0,1,,,,
03362U,0,0,0,29,,,,
033633,0,0,0,-179,,,,
03364U,0,0,0,-35,,,,
03372U,0,0,0,250,,,,
03376U,0,0,0,100,,,,
03379U,10,0,0,-10,,,,
03380U,0,0,0,100,,,,
03382U,0,0,0,-60,,,,
03383U,0,0,0,10,,,,
03384U,0,0,0,-200,,,,
03386U,0,0,0,10,,,,
033903,0,0,0,1,,,,
033904,0,0,0,4,,,,
033918,0,0,0,59,,,,
03391U,0,0,0,-86,,,,
03393U,0,0,0,1,,,,
03394U,0,0,0,1,,,,
03395U,0,0,0,-1,,,,
03398U,0,0,0,-23,,,,
03399U,0,0,0,100,,,,
03400U,0,0,0,9,,,,
03401U,0,0,0,5,,,,
034024,0,0,0,22,,,,
03404U,0,0,0,-3,,,,
03405U,0,0,0,1001,,,,
03406U,0,0,0,46,,,,
034087,0,0,0,11,,,,
03408U,0,0,0,40,,,,
034099,0,0,0,35,,,,
034108,0,0,0,-81,,,,
03411U,0,0,0,3,,,,
03412U,0,0,0,-39,,,,
03413U,0,0,0,-1,,,,
03417U,0,0,0,-20,,,,
03420U,0,0,0,-4,,,,
03422U,0,0,0,-141,,,,
03423U,0,0,0,-4,,,,
03425U,0,0,0,1,,,,
03428U,0,0,0,-639,,,,
03431U,0,0,0,-30,,,,
03435U,0,0,0,-60,,,,
03436U,0,0,0,-400,,,,
03437U,0,0,0,0,,,,
03439U,0,0,0,25,,,,
03440U,0,0,0,-139,,,,
03441U,0,0,0,128,,,,
03444U,0,0,0,1,,,,
034451,0,0,0,538,,,,
034455,0,0,0,-20,,,,
034457,0,0,0,-154,,,,
03445U,0,0,0,-1,,,,
034467,0,0,0,29,,,,
03451U,0,0,0,-1,,,,
03457U,0,0,0,40,,,,
03459U,0,0,0,5,,,,
03461U,0,0,0,0,,,,
03463U,0,0,0,-10,,,,
03465U,0,0,0,-90,,,,
03469U,0,0,0,0,,,,
03470U,0,0,0,0,,,,
03471U,0,0,0,10,,,,
034722,0,0,0,1,,,,
034723,0,0,0,-20,,,,
03475U,0,0,0,-110,,,,
03477U,0,0,0,0,,,,
03478U,0,0,0,-5,,,,
03479U,0,0,0,-998,,,,
03482U,0,0,0,6,,,,
03484U,0,0,0,0,,,,
03487U,0,0,0,0,,,,
034934,0,0,0,2,,,,
03500U,0,0,0,10,,,,
03501U,0,0,0,63,,,,
03503U,0,0,0,-83,,,,
03504U,0,0,0,-21,,,,
03505U,0,0,0,-30,,,,
03506U,0,0,0,-20,,,,
03508U,0,0,0,-23,,,,
03512U,0,0,0,0,,,,
03513U,0,0,0,6,,,,
03519U,0,0,0,-21,,,,
03521U,0,0,0,-100,,,,
03522U,0,0,0,-2446,,,,
03525U,0,0,0,2,,,,
03530U,0,0,0,66,,,,
03536U,0,0,0,-35,,,,
03538U,0,0,0,-1,,,,
03539U,0,0,0,-6,,,,
03541U,0,0,0,-4,,,,
03542U,0,0,0,35,,,,
03543U,0,0,0,-285,,,,
03544U,0,0,0,-1,,,,
03545U,0,0,0,-10,,,,
03548U,0,0,0,0,,,,
03549U,0,0,0,-63,,,,
03550U,0,0,0,64,,,,
03553U,0,0,0,-63,,,,
03555U,0,0,0,13,,,,
03556U,0,0,0,17,,,,
03565U,0,0,0,3,,,,
03568U,0,0,0,1,,,,
03581U,0,0,0,2,,,,
03585U,0,0,0,3,,,,
03587U,0,0,0,25,,,,
03589U,0,0,0,-5,,,,
03590U,0,0,0,-80,,,,
03594U,0,0,0,-123,,,,
03596U,0,0,0,-87,,,,
03597U,0,0,0,-10,,,,
03598U,0,0,0,-168,,,,
03599U,0,0,0,1,,,,
03602U,0,0,0,-210,,,,
03604U,0,0,0,0,,,,
03610U,0,0,0,-10,,,,
03611U,0,0,0,41,,,,
03619U,0,0,0,-5,,,,
03621U,0,0,0,-10,,,,
03627U,0,0,0,112,,,,
03629U,0,0,0,-440,,,,
03630U,0,0,0,80,,,,
03631U,0,0,0,-233,,,,
03636U,0,0,0,-172,,,,
03641U,0,0,0,-100,,,,
03646U,0,0,0,-10,,,,
03647U,0,0,0,-100,,,,
03648U,0,0,0,232,,,,
03655U,0,0,0,-45,,,,
03656U,0,0,0,25,,,,
03657U,0,0,0,-31,,,,
03658U,0,0,0,-1,,,,
03659U,0,0,0,-52,,,,
03660U,0,0,0,2,,,,
03665B,0,0,0,72,,,,
03666B,0,0,0,-154,,,,
03668B,0,0,0,-304,,,,
03671U,0,0,0,-70,,,,
03672U,0,0,0,-200,,,,
03676U,0,0,0,-17,,,,
03677B,0,0,0,-245,,,,
03678U,0,0,0,3,,,,
03679B,0,0,0,-229,,,,
03680B,0,0,0,123,,,,
03680U,0,0,0,-90,,,,
03681B,0,0,0,108,,,,
03681U,0,0,0,-10,,,,
03682B,0,0,0,-195,,,,
03683B,0,0,0,-8,,,,
03683U,0,0,0,87,,,,
03684B,0,0,0,-4,,,,
03684U,0,0,0,-10,,,,
03685U,0,0,0,-78,,,,
036862,0,0,0,4,,,,
03688U,0,0,0,-19,,,,
03689U,0,0,0,-17,,,,
03691U,0,0,0,-1,,,,
03692U,0,0,0,-394,,,,
03693U,0,0,0,0,,,,
03694U,0,0,0,-26,,,,
03695U,0,0,0,25,,,,
03696U,0,0,0,0,,,,
03702U,0,0,0,20,,,,
03711U,0,0,0,0,,,,
03712U,0,0,0,-5,,,,
03713U,0,0,0,20,,,,
03715U,0,0,0,-33,,,,
03721U,0,0,0,-1,,,,
03725U,0,0,0,6,,,,
03731U,0,0,0,-635,,,,
037329,0,0,0,2,,,,
037331,0,0,0,565,,,,
03733U,0,0,0,-48,,,,
037347,0,0,0,-20,,,,
03734U,0,0,0,2,,,,
03740U,0,0,0,-20,,,,
03741U,0,0,0,50,,,,
037450,0,0,0,253,,,,
037452,0,0,0,23,,,,
03745U,14,0,0,112,,,,
037473,0,0,0,60,,,,
03750U,0,0,0,0,,,,
03752U,0,0,0,0,,,,
03753U,0,0,0,23,,,,
03759U,0,0,0,-1,,,,
03761U,0,0,0,-46,,,,
03762U,0,0,0,-10,,,,
03763U,0,0,0,-100,,,,
03765U,0,0,0,-66,,,,
03766U,0,0,0,0,,,,
03767U,0,0,0,0,,,,
03768U,0,0,0,20,,,,
03770U,0,0,0,2,,,,
03771U,0,0,0,-50,,,,
03772U,0,0,0,0,,,,
03773U,0,0,0,3,,,,
03774U,0,0,0,5,,,,
03777U,0,0,0,36,,,,
03779U,0,0,0,-20,,,,
03782U,0,0,0,-798,,,,
03787U,0,0,0,-2,,,,
03789U,0,0,0,146,,,,
03790U,0,0,0,670,,,,
03792U,0,0,0,-20,,,,
03793U,0,0,0,-50,,,,
03795U,0,0,0,-153,,,,
03796U,0,0,0,-14,,,,
03800U,0,0,0,4,,,,
03801U,0,0,0,20,,,,
03802U,0,0,0,-10,,,,
03809U,0,0,0,-5,,,,
03811U,0,0,0,-7,,,,
03812U,0,0,0,20,,,,
03814U,0,0,0,92,,,,
03815U,0,0,0,16,,,,
03821U,0,0,0,-228,,,,
03823U,0,0,0,-1,,,,
03830U,0,0,0,14,,,,
03834U,0,0,0,-12,,,,
03836U,0,0,0,-230,,,,
03838U,0,0,0,-237,,,,
03840U,0,0,0,-110,,,,
03841U,0,0,0,105,,,,
03843U,0,0,0,108,,,,
03844U,0,0,0,10,,,,
03845U,0,0,0,0,,,,
03846U,0,0,0,-100,,,,
03855U,0,0,0,-215,,,,
03857U,0,0,0,5,,,,
03859U,0,0,0,-28,,,,
03860U,0,0,0,-4,,,,
038621,0,0,0,-10,,,,
038623,-26,0,0,-140,,,,
038630,0,0,0,51,,,,
03867U,0,0,0,-26,,,,
03870U,0,0,0,-170,,,,
03874U,0,0,0,0,,,,
03875U,0,0,0,-19,,,,
03878U,0,0,0,0,,,,
03879U,0,0,0,0,,,,
03883U,0,0,0,50,,,,
03886U,0,0,0,-1,,,,
03888U,0,0,0,3,,,,
03892U,0,0,0,-4,,,,
038957,0,0,0,193,,,,
03899U,0,0,0,23,,,,
03900U,0,0,0,-140,,,,
03901U,0,0,0,2,,,,
03903U,0,0,0,-239,,,,
03905U,0,0,0,-255,,,,
03906U,0,0,0,-80,,,,
03908U,0,0,0,100,,,,
03915U,0,0,0,-96,,,,
03917U,0,0,0,210,,,,
03920U,0,0,0,-19,,,,
03923U,0,0,0,56,,,,
03924U,0,0,0,-20,,,,
03926U,0,0,0,-82,,,,
03931U,0,0,0,6,,,,
03932U,0,0,0,0,,,,
03933U,0,0,0,1,,,,
03934U,0,0,0,-10,,,,
03935U,0,0,0,-8,,,,
03936U,0,0,0,-1,,,,
03937U,0,0,0,-2,,,,
03940P,0,0,0,-58,,,,
03942U,0,0,0,30,,,,
03943U,0,0,0,-12,,,,
03945U,0,0,0,3,,,,
03946U,0,0,0,-220,,,,
03948U,0,0,0,10,,,,
03951U,0,0,0,50,,,,
03953U,0,0,0,1,,,,
03954U,0,0,0,-45,,,,
03955U,0,0,0,-42,,,,
03956U,0,0,0,-78,,,,
03958C,0,0,0,1658,,,,
03961U,0,0,0,4,,,,
03963U,0,0,0,-4,,,,
03964U,0,0,0,-2,,,,
03967C,0,0,0,-10,,,,
03967U,0,0,0,-110,,,,
03969C,0,0,0,-10,,,,
03969U,0,0,0,-1,,,,
03970C,0,0,0,-37,,,,
03971C,0,0,0,-2,,,,
03972C,0,0,0,58,,,,
03973C,0,0,0,-1,,,,
03974C,0,0,0,40,,,,
03976C,0,0,0,-17,,,,
03977C,0,0,0,0,,,,
03978C,0,0,0,-1,,,,
03979C,0,0,0,-218,,,,
03979U,0,0,0,-12,,,,
03980C,0,0,0,-215,,,,
03980U,0,0,0,10,,,,
03981C,0,0,0,-115,,,,
03981U,0,0,0,-76,,,,
03982C,0,0,0,-15,,,,
039844,0,0,0,-120,,,,
03984U,0,0,0,1,,,,
03985U,0,0,0,100,,,,
03986U,0,0,0,-80,,,,
03988U,0,0,0,40,,,,
03989U,0,0,0,132,,,,
03990U,0,0,0,3,,,,
03991U,0,0,0,-292,,,,
03992U,0,0,0,-2,,,,
03995U,0,0,0,-227,,,,
03996U,0,0,0,-67,,,,
03997U,0,0,0,323,,,,
03999U,0,0,0,-18,,,,
04001U,0,0,0,-37,,,,
04002U,0,0,0,-517,,,,
04006U,0,0,0,0,,,,
04007U,0,0,0,65,,,,
04009U,0,0,0,-136,,,,
04010U,0,0,0,20,,,,
04012U,0,0,0,-6,,,,
04013U,0,0,0,10,,,,
04017U,0,0,0,-1,,,,
04018U,0,0,0,26,,,,
04019U,0,0,0,25,,,,
04020U,0,0,0,-258,,,,
04021U,0,0,0,-17,,,,
04022U,0,0,0,-1,,,,
04023U,0,0,0,-13,,,,
04026U,0,0,0,1,,,,
04029U,0,0,0,-25,,,,
04030U,0,0,0,20,,,,
040365,0,0,0,-1,,,,
040366,0,0,0,55,,,,
040367,0,0,0,-1,,,,
040368,0,0,0,105,,,,
040369,0,0,0,-4,,,,
040370,0,0,0,-499,,,,
04039U,0,0,0,3,,,,
04041U,0,0,0,-161,,,,
04042U,0,0,0,40,,,,
040432,0,0,0,-20,,,,
040434,0,0,0,-46,,,,
04045U,0,0,0,-203,,,,
04047U,0,0,0,0,,,,
04048U,0,0,0,-15,,,,
04049U,0,0,0,-5,,,,
04053U,0,0,0,4,,,,
04054U,0,0,0,10,,,,
04056U,0,0,0,555,,,,
040573,0,0,0,80,,,,
040575,0,0,0,948,,,,
040576,0,0,0,-239,,,,
040578,0,0,0,416,,,,
04057U,0,0,0,-5,,,,
040585,0,0,0,10,,,,
040589,0,0,0,-50,,,,
04058U,0,0,0,-14,,,,
040590,0,0,0,-63,,,,
040591,0,0,0,138,,,,
04060U,0,0,0,100,,,,
04063U,0,0,0,-4,,,,
04065U,0,0,0,-4,,,,
04066U,0,0,0,-22,,,,
04067U,0,0,0,-162,,,,
04068U,0,0,0,-4,,,,
04071U,0,0,0,-80,,,,
04074U,0,0,0,16,,,,
04075U,0,0,0,-86,,,,
04080U,0,0,0,-10,,,,
04082U,0,0,0,-58,,,,
04084U,0,0,0,-10,,,,
04086U,0,0,0,-22,,,,
04088U,0,0,0,10,,,,
040897,0,0,0,42,,,,
04089U,0,0,0,23,,,,
04090U,0,0,0,-39,,,,
04091U,0,0,0,80,,,,
04092U,0,0,0,1,,,,
04093U,0,0,0,30,,,,
04099U,0,0,0,-2,,,,
04101U,0,0,0,10,,,,
04102U,0,0,0,-155,,,,
04103U,0,0,0,-71,,,,
04104U,0,0,0,-200,,,,
041068,0,0,0,1050,,,,
04106U,0,0,0,-40,,,,
04107U,0,0,0,-759,,,,
04108U,0,0,0,-4,,,,
04109U,0,0,0,-25,,,,
041126,0,0,0,-104,,,,
041129,0,0,0,-60,,,,
04112U,0,0,0,-1100,,,,
041137,0,0,0,-50,,,,
04116U,0,0,0,50,,,,
04119U,0,0,0,-789,,,,
04120U,0,0,0,-88,,,,
04122U,0,0,0,-11,,,,
04126U,0,0,0,64,,,,
04128U,0,0,0,2,,,,
04130U,0,0,0,-9,,,,
04132U,0,0,0,-35,,,,
04134U,0,0,0,0,,,,
04135U,0,0,0,1,,,,
04138U,0,0,0,-45,,,,
04139U,0,0,0,-43,,,,
04140U,0,0,0,-20,,,,
04144U,0,0,0,-10,,,,
04150U,0,0,0,-13,,,,
04152U,0,0,0,-10,,,,
04162U,0,0,0,-77,,,,
04164U,0,0,0,0,,,,
04165U,0,0,0,0,,,,
04166U,0,0,0,20,,,,
04168U,0,0,0,90,,,,
04169U,0,0,0,75,,,,
04171U,0,0,0,1391,,,,
04175U,0,0,0,-128,,,,
04177U,0,0,0,-11,,,,
04178U,0,0,0,-100,,,,
04179U,0,0,0,-24,,,,
04181U,0,0,0,2,,,,
04183U,0,0,0,-574,,,,
04184U,0,0,0,-65,,,,
04188U,0,0,0,-20,,,,
04191U,0,0,0,-2,,,,
04192U,0,0,0,25,,,,
04195U,0,0,0,1,,,,
04199U,0,0,0,-210,,,,
04200U,0,0,0,396,,,,
04208U,0,0,0,-8,,,,
04209U,0,0,0,-66,,,,
04211U,0,0,0,-17,,,,
04215U,0,0,0,-54,,,,
04216U,0,0,0,1,,,,
04221U,0,0,0,-30,,,,
04223U,0,0,0,-155,,,,
04224U,0,0,0,0,,,,
04227U,0,0,0,-36,,,,
04229U,0,0,0,-100,,,,
04230U,0,0,0,-677,,,,
04231U,0,0,0,20,,,,
04233U,0,0,0,14,,,,
04234U,0,0,0,16,,,,
04235U,0,0,0,-10,,,,
04236U,0,0,0,-43,,,,
04237U,0,0,0,15,,,,
04238U,0,0,0,57,,,,
04239U,0,0,0,-5,,,,
04241U,0,0,0,-204,,,,
04246U,0,0,0,37,,,,
04247U,0,0,0,262,,,,
04248U,0,0,0,19,,,,
04249U,0,0,0,320,,,,
04251U,0,0,0,-18,,,,
04254U,0,0,0,-68,,,,
04256U,0,0,0,-200,,,,
04257U,0,0,0,12,,,,
04264U,0,0,0,-395,,,,
04265U,0,0,0,-1,,,,
04266U,0,0,0,-5,,,,
04270U,0,0,0,-1,,,,
04271U,0,0,0,-116,,,,
04272U,0,0,0,0,,,,
04274U,0,0,0,-114,,,,
04277U,0,0,0,3,,,,
04283U,0,0,0,0,,,,
04284U,0,0,0,-12,,,,
04285U,0,0,0,2,,,,
042869,0,0,0,-937,,,,
042872,0,0,0,-40,,,,
042873,0,0,0,-150,,,,
042878,0,0,0,-20,,,,
04287U,0,0,0,10,,,,
042881,0,0,0,-290,,,,
042882,0,0,0,-200,,,,
042883,0,0,0,94,,,,
042889,0,0,0,294,,,,
04291U,0,0,0,-1,,,,
04295U,0,0,0,23,,,,
04297U,0,0,0,-10,,,,
04299U,0,0,0,25,,,,
04304U,0,0,0,22,,,,
04306U,0,0,0,10,,,,
04307U,0,0,0,-35,,,,
043084,0,0,0,9,,,,
04309U,0,0,0,8,,,,
04311U,0,0,0,3,,,,
04312U,0,0,0,302,,,,
04314U,0,0,0,2,,,,
04315U,0,0,0,-15,,,,
04316U,0,0,0,-122,,,,
04319U,0,0,0,-20,,,,
04320U,0,0,0,45,,,,
04321U,0,0,0,-665,,,,
04322U,0,0,0,-45,,,,
04328U,0,0,0,-8,,,,
04336U,0,0,0,-1257,,,,
04340U,0,0,0,2,,,,
04343U,0,0,0,0,,,,
04344U,0,0,0,0,,,,
04345U,0,0,0,60,,,,
04346U,0,0,0,50,,,,
04347U,0,0,0,49,,,,
04348U,0,0,0,50,,,,
04349U,0,0,0,200,,,,
04352U,0,0,0,-4,,,,
04353U,0,0,0,-43,,,,
04354U,0,0,0,-341,,,,
04355U,0,0,0,-45,,,,
043562,0,0,0,100,,,,
04356U,0,0,0,14,,,,
043574,0,0,0,-98,,,,
04357U,0,0,0,45,,,,
04358U,0,0,0,220,,,,
04359U,0,0,0,3,,,,
04363U,0,0,0,45,,,,
04364U,0,0,0,-550,,,,
04365U,0,0,0,-14,,,,
04367U,0,0,0,-3,,,,
04369U,0,0,0,100,,,,
04371U,0,0,0,3,,,,
04373U,0,0,0,-32,,,,
04374U,0,0,0,-276,,,,
04375U,0,0,0,-265,,,,
04376U,0,0,0,-70,,,,
04377U,0,0,0,-70,,,,
04380U,0,0,0,-5,,,,
04381U,0,0,0,0,,,,
04384U,0,0,0,299,,,,
04385U,0,0,0,-16,,,,
04388U,0,0,0,-19,,,,
04390U,0,0,0,-16,,,,
04391U,0,0,0,-27,,,,
04397U,0,0,0,-45,,,,
04399U,0,0,0,22,,,,
04401U,0,0,0,-1,,,,
04402U,0,0,0,6,,,,
04403U,0,0,0,-2,,,,
04404U,0,0,0,-11,,,,
04406U,0,0,0,-11,,,,
04409U,0,0,0,-4,,,,
04411U,0,0,0,4,,,,
04413U,0,0,0,30,,,,
04414U,0,0,0,-3,,,,
04420U,0,0,0,-141,,,,
04422U,0,0,0,0,,,,
04426U,0,0,0,-2,,,,
04427U,0,0,0,50,,,,
04431U,0,0,0,-27,,,,
04433U,0,0,0,-8,,,,
04434U,0,0,0,-197,,,,
04437U,0,0,0,-3,,,,
04438U,0,0,0,-5,,,,
04440U,0,0,0,-1,,,,
04441U,0,0,0,-30,,,,
04442U,0,0,0,-28,,,,
04443U,0,0,0,-43,,,,
04444U,0,0,0,55,,,,
044457,0,0,0,20,,,,
044466,0,0,0,-10,,,,
04446U,0,0,0,-5,,,,
04447U,0,0,0,1,,,,
04448U,0,0,0,-650,,,,
04450U,0,0,0,-151,,,,
04452U,0,0,0,-30,,,,
044547,0,0,0,-401,,,,
044552,0,0,0,110,,,,
044553,0,0,0,-60,,,,
044554,0,0,0,-3,,,,
044555,0,0,0,50,,,,
044560,0,0,0,10,,,,
044565,0,0,0,14,,,,
044566,0,0,0,-350,,,,
04456U,0,0,0,-27,,,,
04457U,0,0,0,-1,,,,
04460U,0,0,0,30,,,,
04463U,0,0,0,115,,,,
04465U,0,0,0,-230,,,,
04469U,0,0,0,-2204,,,,
04472U,0,0,0,-15,,,,
04473U,0,0,0,-62,,,,
044752,0,0,0,27,,,,
044757,0,0,0,-10,,,,
04475U,0,0,0,-1070,,,,
044760,0,0,0,122,,,,
044762,0,0,0,-51,,,,
04476U,0,0,0,-40,,,,
044775,0,0,0,-10,,,,
044776,0,0,0,-116,,,,
044778,0,0,0,-86,,,,
04477U,0,0,0,-22,,,,
044782,0,0,0,547,,,,
044787,0,0,0,-300,,,,
04478U,0,0,0,39,,,,
04479U,0,0,0,-34,,,,
04483U,0,0,0,-2,,,,
04487U,0,0,0,-76,,,,
04488U,0,0,0,-128,,,,
04489U,0,0,0,-79,,,,
044905,0,0,0,-20,,,,
044908,0,0,0,-65,,,,
04490U,0,0,0,-21,,,,
044912,0,0,0,4,,,,
044915,0,0,0,-199,,,,
044921,0,0,0,124,,,,
044927,0,0,0,-41,,,,
044929,0,0,0,-25,,,,
044933,0,0,0,76,,,,
04493U,0,0,0,-2,,,,
04494U,0,0,0,1323,,,,
04497U,0,0,0,-17,,,,
04501U,0,0,0,-103,,,,
04502U,0,0,0,0,,,,
04503U,0,0,0,54,,,,
04504U,0,0,0,-5,,,,
04505U,0,0,0,0,,,,
04506U,0,0,0,-22,,,,
04509U,0,0,0,40,,,,
04511U,0,0,0,-1,,,,
04513U,0,0,0,-1,,,,
04514U,0,0,0,40,,,,
04515U,0,0,0,-76,,,,
04516U,0,0,0,-277,,,,
04517U,0,0,0,-274,,,,
04521U,0,0,0,-36,,,,
04523U,0,0,0,-44,,,,
04524U,0,0,0,-15,,,,
04526U,0,0,0,10,,,,
04527U,0,0,0,-10,,,,
045280,0,0,0,-37,,,,
045282,0,0,0,384,,,,
045290,0,0,0,-26,,,,
045291,0,0,0,-39,,,,
045292,0,0,0,44,,,,
045303,0,0,0,109,,,,
045310,0,0,0,80,,,,
045311,0,0,0,119,,,,
04532U,0,0,0,-34,,,,
04533U,0,0,0,-380,,,,
04535U,0,0,0,-126,,,,
04537U,0,0,0,0,,,,
04538U,0,0,0,10,,,,
04539U,0,0,0,-130,,,,
04540U,0,0,0,-45,,,,
045416,0,0,0,-10,,,,
04541U,0,0,0,-10,,,,
04542U,0,0,0,-5,,,,
04543U,0,0,0,-86,,,,
04547U,0,0,0,-380,,,,
04548U,0,0,0,-205,,,,
04549U,0,0,0,0,,,,
04550U,0,0,0,-76,,,,
04552U,0,0,0,64,,,,
04553U,0,0,0,0,,,,
04554U,0,0,0,-53,,,,
04555U,0,0,0,-110,,,,
045586,0,0,0,253,,,,
045587,0,0,0,21,,,,
045592,0,0,0,-200,,,,
045595,0,0,0,-51,,,,
04559U,0,0,0,-1,,,,
045605,0,0,0,5,,,,
045611,0,0,0,24,,,,
045612,0,0,0,5,,,,
045617,0,0,0,100,,,,
045658,0,0,0,448,,,,
04565U,0,0,0,-20,,,,
04566U,0,0,0,792,,,,
04568U,0,0,0,-226,,,,
04569U,0,0,0,277,,,,
045702,0,0,0,0,,,,
045703,0,0,0,35,,,,
04570U,0,0,0,5,,,,
045715,0,0,0,-291,,,,
045716,0,0,0,-3,,,,
04571U,0,0,0,-150,,,,
04572U,0,0,0,-36,,,,
045732,0,0,0,-382,,,,
04573U,0,0,0,-50,,,,
04574U,0,0,0,-41,,,,
04575U,0,0,0,29,,,,
045776,0,0,0,2,,,,
045777,0,0,0,-17,,,,
045778,0,0,0,14,,,,
04577U,0,0,0,-17,,,,
04579U,0,0,0,0,,,,
04582P,0,0,0,-2,,,,
04582U,0,0,0,-4,,,,
04583U,0,0,0,-184,,,,
04584U,0,0,0,-15,,,,
04586U,0,0,0,0,,,,
04588U,0,0,0,-9,,,,
045895,0,0,0,974,,,,
04590U,0,0,0,-5,,,,
04591U,0,0,0,-24,,,,
04592U,0,0,0,3,,,,
04594U,0,0,0,-157,,,,
045968,0,0,0,-326,,,,
045978,0,0,0,100,,,,
045979,0,0,0,-5,,,,
04598U,0,0,0,-102,,,,
045992,0,0,0,5,,,,
04600U,0,0,0,-3,,,,
04602U,0,0,0,-75,,,,
04603U,0,0,0,-271,,,,
04604P,0,0,0,-1,,,,
04604U,0,0,0,-204,,,,
04606U,0,0,0,-1,,,,
04609U,0,0,0,-5,,,,
04613U,0,0,0,-3,,,,
046147,0,0,0,-268,,,,
04614U,0,0,0,118,,,,
04615U,0,0,0,3,,,,
046165,0,0,0,300,,,,
046166,0,0,0,-477,,,,
046169,0,0,0,132,,,,
046170,0,0,0,4,,,,
046171,0,0,0,20,,,,
04618U,0,0,0,3,,,,
04620U,0,0,0,-1,,,,
04625U,0,0,0,-2,,,,
04626U,0,0,0,-1,,,,
04627U,0,0,0,-26,,,,
04628U,0,0,0,-22,,,,
04630U,0,0,0,79,,,,
04632U,0,0,0,-26,,,,
04633U,0,0,0,-4,,,,
04636U,0,0,0,45,,,,
04637U,0,0,0,-58,,,,
04638U,0,0,0,-2,,,,
04639U,0,0,0,-1,,,,
04640P,0,0,0,5,,,,
04640U,0,0,0,286,,,,
046433,0,0,0,9,,,,
04643U,0,0,0,-10,,,,
046445,0,0,0,56,,,,
04644U,0,0,0,-3,,,,
046450,0,0,0,28,,,,
046454,0,0,0,10,,,,
04645U,0,0,0,20,,,,
04646U,0,0,0,-354,,,,
04647U,0,0,0,7,,,,
04649U,0,0,0,-19,,,,
04652U,0,0,0,5,,,,
04653U,0,0,0,30,,,,
04655U,0,0,0,3,,,,
04656U,0,0,0,3,,,,
04657U,0,0,0,-470,,,,
04658U,0,0,0,-49,,,,
046603,0,0,0,62,,,,
046604,0,0,0,20,,,,
046606,0,0,0,10,,,,
046609,0,0,0,107,,,,
04660U,0,0,0,-10,,,,
04662U,0,0,0,-30,,,,
04663U,0,0,0,29,,,,
04664U,0,0,0,-18,,,,
04665U,0,0,0,-5,,,,
04666U,0,0,0,-20,,,,
046718,0,0,0,32,,,,
04671U,0,0,0,5,,,,
046720,0,0,0,-53,,,,
046723,0,0,0,2,,,,
046724,0,0,0,12,,,,
04676U,0,0,0,-1,,,,
04677U,0,0,0,-21,,,,
04678U,0,0,0,8,,,,
04682U,0,0,0,0,,,,
04684U,0,0,0,-30,,,,
04685U,0,0,0,-10,,,,
04686U,0,0,0,-15,,,,
04687U,0,0,0,-83,,,,
04688U,0,0,0,-78,,,,
046897,0,0,0,195,,,,
04689U,0,0,0,-2,,,,
046900,0,0,0,280,,,,
046907,0,0,0,-155,,,,
04691U,0,0,0,-2,,,,
04695U,0,0,0,0,,,,
04697U,0,0,0,-50,,,,
04703U,0,0,0,-23,,,,
04704U,0,0,0,17,,,,
047062,0,0,0,160,,,,
04706U,155,0,0,-342,,,,
04707U,0,0,0,-45,,,,
04708U,0,0,0,15,,,,
04709U,0,0,0,0,,,,
047101,0,0,0,-34,,,,
047102,0,0,0,-184,,,,
047105,0,0,0,2,,,,
04710U,0,0,0,-20,,,,
047110,0,0,0,2,,,,
047115,0,0,0,27,,,,
047118,0,0,0,10,,,,
047120,0,0,0,101,,,,
047122,0,0,0,533,,,,
04712U,0,0,0,15,,,,
04713U,0,0,0,4,,,,
04715U,0,0,0,-206,,,,
04716U,0,0,0,-3,,,,
04717U,0,0,0,-1,,,,
04718U,0,0,0,180,,,,
04721U,0,0,0,-74,,,,
04723U,0,0,0,1,,,,
047246,0,0,0,12,,,,
047249,0,0,0,-2,,,,
04724U,0,0,0,-95,,,,
047250,0,0,0,500,,,,
047254,0,0,0,-100,,,,
047259,0,0,0,-4,,,,
04725U,0,0,0,0,,,,
047260,0,0,0,7,,,,
047266,0,0,0,46,,,,
047267,0,0,0,-207,,,,
047268,0,0,0,-211,,,,
047269,0,0,0,3,,,,
04726U,0,0,0,0,,,,
04728U,0,0,0,-7,,,,
04734U,0,0,0,10,,,,
04735U,0,0,0,8,,,,
04737U,0,0,0,-25,,,,
047429,0,0,0,10,,,,
04743U,0,0,0,-14,,,,
04745U,0,0,0,-29,,,,
047495,0,0,0,145,,,,
04749U,0,0,0,-58,,,,
047500,0,0,0,1,,,,
04751U,0,0,0,-3,,,,
04756U,0,0,0,65,,,,
047575,0,0,0,-12,,,,
047576,0,0,0,277,,,,
047577,0,0,0,172,,,,
047579,0,0,0,-503,,,,
04757U,0,0,0,-68,,,,
04760U,0,0,0,-221,,,,
04761U,0,0,0,-400,,,,
04763U,0,0,0,-2,,,,
04765U,0,0,0,9,,,,
04768U,0,0,0,-20,,,,
047730,0,0,0,-175,,,,
047731,0,0,0,-5,,,,
047733,0,0,0,200,,,,
04773U,0,0,0,50,,,,
04777U,0,0,0,148,,,,
04779U,0,0,0,17,,,,
04780U,0,0,0,-531,,,,
04781U,0,0,0,13,,,,
047827,0,0,0,1,,,,
04782U,0,0,0,-50,,,,
04783U,0,0,0,-261,,,,
04785U,0,0,0,69,,,,
04786U,0,0,0,15,,,,
04787U,0,0,0,145,,,,
04788U,0,0,0,-12,,,,
04790U,0,0,0,-60,,,,
04791U,0,0,0,-54,,,,
04792U,0,0,0,10,,,,
04794U,0,0,0,-20,,,,
04795U,0,0,0,20,,,,
04796U,0,0,0,2,,,,
04797U,0,0,0,-200,,,,
04798U,0,0,0,-5,,,,
04799U,0,0,0,-35,,,,
04801U,0,0,0,7,,,,
04803U,0,0,0,-22,,,,
04805U,0,0,0,25,,,,
048068,0,0,0,-16,,,,
048071,0,0,0,195,,,,
04807U,0,0,0,-75,,,,
04811U,0,0,0,-73,,,,
04812U,0,0,0,65,,,,
04814U,0,0,0,-96,,,,
04816U,0,0,0,-4,,,,
04818U,0,0,0,27,,,,
04819U,0,0,0,-25,,,,
04820U,0,0,0,-614,,,,
04821U,0,0,0,108,,,,
04822U,0,0,0,1,,,,
04823U,0,0,0,0,,,,
048247,0,0,0,3,,,,
048248,0,0,0,-1497,,,,
04824U,0,0,0,-3,,,,
048252,0,0,0,-176,,,,
048254,0,0,0,49,,,,
04825U,0,0,0,-3093,,,,
04827U,0,0,0,-72,,,,
04828U,0,0,0,10,,,,
04831U,0,0,0,-10,,,,
04834U,0,0,0,-232,,,,
04835U,0,0,0,71,,,,
048375,0,0,0,-153,,,,
048376,0,0,0,300,,,,
04837U,0,0,0,39,,,,
04838U,0,0,0,9,,,,
04839P,0,0,0,-77,,,,
04841U,0,0,0,-1497,,,,
04844U,0,0,0,4,,,,
048466,0,0,0,-27,,,,
048474,0,0,0,-6,,,,
048478,0,0,0,-37,,,,
048479,0,0,0,26,,,,
04847U,0,0,0,69,,,,
04849U,0,0,0,190,,,,
048515,0,0,0,-20,,,,
04856U,0,0,0,-18,,,,
04857U,0,0,0,1,,,,
04858U,0,0,0,-8,,,,
048591,0,0,0,55,,,,
048596,0,0,0,136,,,,
04860U,0,0,0,1,,,,
048625,0,0,0,50,,,,
048632,0,0,0,-50,,,,
04865U,0,0,0,-2,,,,
04869U,0,0,0,17,,,,
04870U,0,0,0,-20,,,,
04872U,0,0,0,77,,,,
04874U,0,0,0,6,,,,
04875U,0,0,0,-66,,,,
048763,0,0,0,0,,,,
048767,0,0,0,-9,,,,
04876U,0,0,0,4,,,,
048784,0,0,0,-5,,,,
048785,0,0,0,-130,,,,
048787,0,0,0,100,,,,
04878U,0,0,0,-52,,,,
048829,0,0,0,-12,,,,
04885U,0,0,0,-90,,,,
048873,0,0,0,-16,,,,
04888U,0,0,0,-5,,,,
048895,0,0,0,-20,,,,
048904,0,0,0,10,,,,
048905,0,0,0,-20,,,,
04890U,0,0,0,-176,,,,
04891U,0,0,0,5,,,,
04892U,0,0,0,-41,,,,
04893U,0,0,0,-37,,,,
04894U,0,0,0,1,,,,
04895U,0,0,0,5,,,,
048982,0,0,0,-114,,,,
048987,0,0,0,5,,,,
048992,0,0,0,37,,,,
04900U,0,0,0,21,,,,
04908U,0,0,0,13,,,,
04909U,0,0,0,-2,,,,
049120,0,0,0,65,,,,
049127,0,0,0,-302,,,,
04912U,0,0,0,1687,,,,
04913U,0,0,0,-1,,,,
04914U,0,0,0,-1,,,,
04916U,0,0,0,20,,,,
049173,0,0,0,13,,,,
049174,0,0,0,-16,,,,
049186,0,0,0,151,,,,
04918U,0,0,0,-1,,,,
04919U,0,0,0,3,,,,
04921U,0,0,0,0,,,,
04922U,0,0,0,-20,,,,
04925U,0,0,0,-3,,,,
04926U,0,0,0,15,,,,
04930U,0,0,0,-1,,,,
049317,0,0,0,-6,,,,
049318,0,0,0,-47,,,,
04931U,0,0,0,-98,,,,
049323,0,0,0,-20,,,,
04932U,0,0,0,-15,,,,
04934U,0,0,0,45,,,,
04936U,0,0,0,-422,,,,
04937U,0,0,0,-33,,,,
04938U,0,0,0,-629,,,,
04940U,0,0,0,127,,,,
04941U,0,0,0,98,,,,
049427,0,0,0,20,,,,
049429,0,0,0,-5,,,,
04947U,0,0,0,688,,,,
04950U,0,0,0,-19,,,,
04952U,0,0,0,-12,,,,
04954U,0,0,0,-90,,,,
04955U,0,0,0,25,,,,
04956U,0,0,0,-25,,,,
04957U,0,0,0,-10,,,,
049584,0,0,0,-1,,,,
04958U,0,0,0,-4,,,,
04959U,0,0,0,8,,,,
04960U,0,0,0,-41,,,,
04962U,0,0,0,-11,,,,
04963U,0,0,0,-55,,,,
04964U,0,0,0,-77,,,,
04965U,0,0,0,-43,,,,
04967U,0,0,0,-200,,,,
04968U,0,0,0,-200,,,,
04970U,0,0,0,-310,,,,
04971U,0,0,0,-3,,,,
04972U,0,0,0,-15,,,,
04978U,0,0,0,-3,,,,
04981U,0,0,0,-10,,,,
04982U,0,0,0,-5,,,,
049838,0,0,0,-5,,,,
04983U,0,0,0,42,,,,
049840,0,0,0,5,,,,
049842,0,0,0,-10,,,,
049858,0,0,0,1,,,,
049862,0,0,0,20,,,,
049872,0,0,0,-309,,,,
049873,0,0,0,-114,,,,
049874,0,0,0,-4,,,,
049875,0,0,0,5,,,,
049876,0,0,0,28,,,,
049878,0,0,0,-120,,,,
04987U,0,0,0,-1558,,,,
049888,0,0,0,40,,,,
04988U,0,0,0,-13,,,,
04989U,0,0,0,-15,,,,
049923,0,0,0,-2,,,,
04992U,0,0,0,497,,,,
049943,0,0,0,-10,,,,
04994U,0,0,0,63,,,,
04997U,0,0,0,17,,,,
04998U,0,0,0,0,,,,
05000U,0,0,0,-2,,,,
05001U,0,0,0,-62,,,,
05004U,0,0,0,-9,,,,
050056,0,0,0,572,,,,
05005U,0,0,0,25,,,,
05006U,0,0,0,-11,,,,
05008U,0,0,0,-29,,,,
05009U,0,0,0,-23,,,,
05010U,0,0,0,-50,,,,
05011U,0,0,0,-3,,,,
05012U,0,0,0,0,,,,
05014U,0,0,0,-190,,,,
05015U,0,0,0,-5,,,,
05018U,0,0,0,-100,,,,
050190,0,0,0,418,,,,
05020U,0,0,0,-35,,,,
05021U,0,0,0,-74,,,,
05022U,0,0,0,0,,,,
05023U,0,0,0,5,,,,
05024U,0,0,0,-1,,,,
05025U,0,0,0,-3,,,,
05026U,0,0,0,-237,,,,
050275,0,0,0,-40,,,,
05027U,0,0,0,0,,,,
050285,0,0,0,2,,,,
05028U,0,0,0,-5,,,,
05029U,0,0,0,-84,,,,
050306,0,0,0,50,,,,
050308,0,0,0,301,,,,
050309,0,0,0,98,,,,
05030U,0,0,0,-39,,,,
050315,0,0,0,-270,,,,
05031U,0,0,0,-17,,,,
05032U,0,0,0,88,,,,
05035U,0,0,0,5,,,,
05037U,0,0,0,5,,,,
050383,0,0,0,29,,,,
05039U,0,0,0,-114,,,,
050406,0,0,0,-61,,,,
05042U,0,0,0,-10,,,,
05043U,0,0,0,-69,,,,
05046U,0,0,0,-37,,,,
05047U,0,0,0,-23,,,,
05048U,0,0,0,-71,,,,
05051U,0,0,0,-23,,,,
050527,0,0,0,45,,,,
050528,0,0,0,-51,,,,
05052U,0,0,0,8,,,,
05054U,0,0,0,27,,,,
05055U,0,0,0,-36,,,,
05057U,0,0,0,-10,,,,
05058U,0,0,0,0,,,,
05061U,0,0,0,-12,,,,
05062U,0,0,0,-2,,,,
05063U,0,0,0,-45,,,,
050643,2,0,0,-239,,,,
05066U,0,0,0,0,,,,
050679,0,0,0,-5,,,,
05068U,0,0,0,0,,,,
050691,0,0,0,-30,,,,
05069U,0,0,0,-19,,,,
05070U,0,0,0,-398,,,,
05071U,0,0,0,-34,,,,
05073U,0,0,0,-1,,,,
05075U,0,0,0,-5,,,,
05077U,0,0,0,-151,,,,
05078U,0,0,0,-11,,,,
05079U,0,0,0,-20,,,,
05082U,0,0,0,-10,,,,
050835,0,0,0,-16,,,,
050838,0,0,0,4,,,,
05083U,0,0,0,-10,,,,
05084U,0,0,0,-63,,,,
05086U,0,0,0,51,,,,
05087U,0,0,0,-784,,,,
05090U,0,0,0,-3,,,,
05092U,0,0,0,-266,,,,
05095U,0,0,0,4,,,,
05096U,0,0,0,1,,,,
050976,0,0,0,-1,,,,
05097U,0,0,0,20,,,,
05098U,0,0,0,-7,,,,
05099U,0,0,0,-2,,,,
05100U,0,0,0,-158,,,,
05101U,0,0,0,-80,,,,
051021,0,0,0,30,,,,
05102U,0,0,0,0,,,,
05103U,0,0,0,-2,,,,
05104U,0,0,0,-1,,,,
05105U,0,0,0,15,,,,
05107U,0,0,0,-230,,,,
05109U,0,0,0,65,,,,
05110U,0,0,0,-17,,,,
051118,0,0,0,-250,,,,
05111U,0,0,0,-79,,,,
05113U,0,0,0,2,,,,
051141,0,0,0,-557,,,,
05114U,0,0,0,-15,,,,
05115U,0,0,0,-739,,,,
05116U,0,0,0,-86,,,,
05117U,0,0,0,62,,,,
05119U,0,0,0,-19,,,,
05120U,0,0,0,-3,,,,
05121U,0,0,0,0,,,,
05122U,0,0,0,76,,,,
05123U,0,0,0,879,,,,
05125U,0,0,0,-135,,,,
05126U,0,0,0,4,,,,
05129U,0,0,0,-27,,,,
051309,0,0,0,-10,,,,
05130U,0,0,0,-1,,,,
051311,0,0,0,-8,,,,
05131U,0,0,0,10,,,,
05132U,0,0,0,7,,,,
05134U,0,0,0,1,,,,
05135U,0,0,0,10,,,,
05136U,0,0,0,-2,,,,
05137U,0,0,0,-443,,,,
05138U,0,0,0,-1844,,,,
05140U,0,0,0,-82,,,,
051410,0,0,0,56,,,,
051415,0,0,0,9,,,,
051416,0,0,0,-21,,,,
051417,0,0,0,-30,,,,
05141U,0,0,0,50,,,,
05142U,0,0,0,-231,,,,
05147U,0,0,0,-310,,,,
05150U,0,0,0,89,,,,
05151U,0,0,0,-10,,,,
05152U,0,0,0,140,,,,
05155U,0,0,0,-2,,,,
051565,0,0,0,46,,,,
05157U,0,0,0,-13,,,,
05158U,0,0,0,-4,,,,
05159U,0,0,0,-141,,,,
05160U,0,0,0,20,,,,
051613,0,0,0,34,,,,
051616,0,0,0,9,,,,
05161U,0,0,0,250,,,,
051626,0,0,0,-8,,,,
05162U,0,0,0,-8,,,,
05165U,0,0,0,-67,,,,
051663,0,0,0,1,,,,
05166U,0,0,0,1,,,,
051699,0,0,0,100,,,,
05169U,0,0,0,-1,,,,
05170U,0,0,0,-21,,,,
05171U,0,0,0,118,,,,
05172U,0,0,0,-18,,,,
05173U,0,0,0,10,,,,
051750,0,0,0,0,,,,
05175U,0,0,0,14,,,,
051760,0,0,0,5,,,,
05178U,0,0,0,-31,,,,
05179P,0,0,0,-214,,,,
05179U,0,0,0,23,,,,
05180U,0,0,0,0,,,,
05181U,0,0,0,17,,,,
05182U,0,0,0,-172,,,,
05183U,0,0,0,-80,,,,
05184U,0,0,0,-65,,,,
05185U,0,0,0,-100,,,,
05186U,0,0,0,-20,,,,
05187U,0,0,0,-50,,,,
05188U,0,0,0,-32,,,,
05191U,0,0,0,-40,,,,
051934,0,0,0,-240,,,,
051937,0,0,0,40,,,,
05193U,0,0,0,28,,,,
05194U,0,0,0,22,,,,
05195U,0,0,0,-1,,,,
05197U,0,0,0,-138,,,,
05198U,0,0,0,-137,,,,
05200U,0,0,0,-10,,,,
05202U,0,0,0,-2,,,,
05203U,0,0,0,-18,,,,
052054,0,0,0,-102,,,,
05206U,0,0,0,-55,,,,
052072,0,0,0,35,,,,
05208U,0,0,0,-684,,,,
052108,0,0,0,5,,,,
05210U,0,0,0,-50,,,,
052118,0,0,0,95,,,,
052122,0,0,0,51,,,,
05213U,0,0,0,-101,,,,
05214U,0,0,0,-18,,,,
05215U,0,0,0,-15,,,,
05216U,0,0,0,5,,,,
05217U,0,0,0,-20,,,,
05219U,0,0,0,-23,,,,
052201,0,0,0,20,,,,
05220U,0,0,0,0,,,,
05222U,0,0,0,-7,,,,
052264,0,0,0,25,,,,
052271,0,0,0,212,,,,
05228U,0,0,0,-10,,,,
05229U,0,0,0,-5,,,,
05230U,0,0,0,-55,,,,
052328,0,0,0,260,,,,
05232P,0,0,0,-46,,,,
05232U,0,0,0,0,,,,
05233U,0,0,0,130,,,,
05234U,0,0,0,-5,,,,
052398,0,0,0,0,,,,
052419,0,0,0,14,,,,
05242U,0,0,0,2,,,,
05243U,0,0,0,-60,,,,
052454,0,0,0,-15,,,,
05245U,0,0,0,8,,,,
05246U,0,0,0,5,,,,
05248U,0,0,0,-31,,,,
05250U,0,0,0,-10,,,,
052512,0,0,0,251,,,,
052514,0,0,0,-40,,,,
052515,0,0,0,-1085,,,,
052516,0,0,0,38,,,,
052517,0,0,0,859,,,,
052518,0,0,0,-5,,,,
05251U,0,0,0,-29,,,,
052520,0,0,0,-68,,,,
052532,0,0,0,-1,,,,
05253U,0,0,0,0,,,,
05254U,0,0,0,-10,,,,
05255U,0,0,0,-2,,,,
05257U,0,0,0,-20,,,,
05259U,0,0,0,5,,,,
052604,0,0,0,13,,,,
05260U,0,0,0,2,,,,
052641,0,0,0,10,,,,
05267U,0,0,0,20,,,,
05268U,0,0,0,0,,,,
052735,0,0,0,286,,,,
052736,0,0,0,9,,,,
05273U,0,0,0,-19,,,,
052741,0,0,0,1,,,,
052742,0,0,0,-7,,,,
052743,0,0,0,248,,,,
052744,0,0,0,375,,,,
052748,0,0,0,0,,,,
052749,0,0,0,-10,,,,
05274U,0,0,0,0,,,,
05276U,0,0,0,-6,,,,
05277U,0,0,0,-130,,,,
052785,0,0,0,1,,,,
05278U,0,0,0,454,,,,
052793,0,0,0,64,,,,
052794,0,0,0,-104,,,,
052795,0,0,0,0,,,,
05280U,0,0,0,3,,,,
052811,0,0,0,-1,,,,
052817,0,0,0,-10,,,,
05284U,0,0,0,-20,,,,
05285U,0,0,0,162,,,,
05286U,0,0,0,-14,,,,
05287U,0,0,0,-15,,,,
05290U,0,0,0,23,,,,
05292U,0,0,0,100,,,,
05293U,0,0,0,-5,,,,
05298U,0,0,0,-1,,,,
052998,0,0,0,12,,,,
05299P,0,0,0,-5,,,,
053005,0,0,0,-95,,,,
053006,0,0,0,22,,,,
053009,0,0,0,87,,,,
053010,0,0,0,-287,,,,
053011,0,0,0,-181,,,,
053012,0,0,0,3,,,,
053017,0,0,0,-17,,,,
05301U,0,0,0,15,,,,
053049,0,0,0,-84,,,,
05307U,0,0,0,-79,,,,
05308U,0,0,0,-3,,,,
05309U,0,0,0,-100,,,,
053105,0,0,0,-712,,,,
053106,0,0,0,-1231,,,,
05312U,0,0,0,0,,,,
05313U,0,0,0,0,,,,
05315U,0,0,0,2,,,,
05317U,50,0,0,-1418,,,,
05318U,0,0,0,4,,,,
05319U,0,0,0,10,,,,
05324U,0,0,0,-969,,,,
053251,0,0,0,9,,,,
05328U,0,0,0,-1,,,,
05329P,0,0,0,40,,,,
05329U,0,0,0,-100,,,,
053354,0,0,0,-9,,,,
053356,0,0,0,244,,,,
053357,0,0,0,-10,,,,
053359,0,0,0,21,,,,
05335U,0,0,0,-1,,,,
053365,0,0,0,-419,,,,
053369,0,0,0,51,,,,
05338U,0,0,0,-255,,,,
05340U,0,0,0,-82,,,,
053425,0,0,0,10,,,,
053426,0,0,0,-10,,,,
053441,0,0,0,299,,,,
05344U,0,0,0,-8,,,,
053483,0,0,0,-482,,,,
053550,0,0,0,11,,,,
053551,0,0,0,-46,,,,
053556,0,0,0,3,,,,
053565,0,0,0,309,,,,
053568,0,0,0,26,,,,
053584,0,0,0,-359,,,,
053594,0,0,0,23,,,,
053627,0,0,0,-2,,,,
053664,0,0,0,27,,,,
053666,0,0,0,-18,,,,
053671,0,0,0,-20,,,,
053679,0,0,0,-140,,,,
05367P,0,0,0,50,,,,
05371P,0,0,0,-25,,,,
053729,0,0,0,11,,,,
053730,0,0,0,425,,,,
053733,0,0,0,-98,,,,
053957,0,0,0,3,,,,
053995,0,0,0,1493,,,,
054009,0,0,0,50,,,,
054019,0,0,0,-12,,,,
054045,0,0,0,-66,,,,
05405P,0,0,499,-499,,,,
054125,0,0,0,-3,,,,
054216,0,0,0,-895,,,,
054246,0,0,0,-200,,,,
054247,2,0,0,-2,,,,
054276,0,0,0,0,,,,
054287,0,0,0,23,,,,
054298,0,0,0,50,,,,
054306,0,0,0,-170,,,,
054356,0,0,0,-607,,,,
054366,0,0,0,117,,,,
054368,0,0,0,-62,,,,
054372,0,0,0,-10,,,,
054375,0,0,0,10,,,,
054381,0,0,0,21,,,,
054413,0,0,0,-75,,,,
054417,0,0,0,-10,,,,
054420,0,0,0,-100,,,,
054429,0,0,0,100,,,,
054438,0,0,0,185,,,,
054443,0,0,0,1,,,,
054464,0,0,0,-20,,,,
054476,0,0,0,779,,,,
054480,0,0,0,-455,,,,
054488,0,0,0,59,,,,
05453P,0,0,0,60,,,,
054562,0,0,0,-100,,,,
054567,0,0,0,-40,,,,
054570,0,0,0,100,,,,
054572,0,0,0,-71,,,,
054573,0,0,0,120,,,,
054574,0,0,0,-201,,,,
054578,0,0,0,67,,,,
054579,0,0,0,4,,,,
054591,0,0,0,66,,,,
05460P,0,0,200,0,,,,
05461P,0,0,0,20,,,,
054641,0,0,0,-10,,,,
054646,0,0,0,-51,,,,
054651,0,0,0,97,,,,
054674,0,0,0,-188,,,,
054705,0,0,0,14,,,,
054721,0,0,0,-5,,,,
054723,0,0,0,-18,,,,
054785,0,0,0,7,,,,
054786,0,0,0,-624,,,,
054867,0,0,0,-862,,,,
054896,0,0,0,-135,,,,
054897,0,0,0,68,,,,
054902,0,0,0,20,,,,
05493P,0,0,0,10,,,,
054959,0,0,0,-40,,,,
054973,0,0,0,50,,,,
055038,0,0,0,18,,,,
055052,0,0,0,66,,,,
055053,0,0,0,280,,,,
055055,0,0,0,30,,,,
055056,0,0,0,-5,,,,
055205,0,0,0,-100,,,,
05523P,0,0,0,100,,,,
05525P,0,0,0,50,,,,
05536P,0,0,0,-10,,,,
055376,0,0,0,170,,,,
055399,0,0,0,-53,,,,
055404,0,0,0,-208,,,,
055437,0,0,0,-101,,,,
055438,0,0,0,-10,,,,
055461,0,0,0,-30,,,,
055479,0,0,0,-34,,,,
055541,0,0,0,174,,,,
055565,0,0,0,-50,,,,
05562P,0,0,0,100,,,,
055648,0,0,0,40,,,,
055656,0,0,0,10,,,,
055662,0,0,0,100,,,,
055690,0,0,0,-10,,,,
055772,0,0,0,112,,,,
055773,0,0,0,-310,,,,
055817,0,0,0,-10,,,,
055834,0,0,0,-54,,,,
055992,0,0,0,10,,,,
055993,0,0,0,1,,,,
056000,0,0,0,1,,,,
056007,0,0,0,-337,,,,
056010,0,0,0,29,,,,
056032,0,0,0,405,,,,
056047,0,0,0,-20,,,,
056089,0,0,0,87,,,,
056138,0,0,0,-3,,,,
056142,0,0,0,-53,,,,
056148,0,0,0,29,,,,
056149,0,0,0,20,,,,
056290,0,0,0,40,,,,
056293,0,0,0,-10,,,,
056295,0,0,0,537,,,,
056318,0,0,0,-207,,,,
056345,0,0,0,412,,,,
056355,0,0,0,-20,,,,
056386,0,0,0,-10,,,,
056404,0,0,0,409,,,,
056441,0,0,0,40,,,,
056445,0,0,0,-3,,,,
056447,0,0,0,-40,,,,
056525,0,0,0,198,,,,
056548,0,0,0,-139,,,,
056564,0,0,0,40,,,,
056621,0,0,0,-78,,,,
056632,0,0,0,-49,,,,
056639,0,0,0,-300,,,,
05663P,0,0,0,-10,,,,
056643,0,0,0,200,,,,
056644,0,0,0,-10,,,,
056768,0,0,0,5,,,,
056818,0,0,0,-10,,,,
056826,0,0,0,1,,,,
056828,0,0,0,-1,,,,
056830,0,0,0,-15,,,,
056848,0,0,0,78,,,,
056849,0,0,0,179,,,,
05684P,0,0,0,-73,,,,
056918,0,0,0,124,,,,
057010,0,0,0,-346,,,,
057018,0,0,0,6,,,,
057035,0,0,0,360,,,,
057060,0,0,0,499,,,,
057085,0,0,0,202,,,,
057090,0,0,0,61,,,,
057108,0,0,0,1,,,,
057208,0,0,0,30,,,,
057209,0,0,0,46,,,,
057218,0,0,0,-1099,,,,
057220,0,0,0,-2,,,,
057221,0,0,0,15,,,,
057222,0,0,0,50,,,,
057226,0,0,0,-44,,,,
057227,0,0,0,83,,,,
057228,0,0,0,20,,,,
057230,0,0,0,-1,,,,
057233,0,0,0,25,,,,
057236,0,0,0,-10,,,,
057243,0,0,0,60,,,,
057265,0,0,0,-297,,,,
057282,0,0,0,109,,,,
057288,0,0,0,3,,,,
057313,0,0,0,32,,,,
057345,0,0,0,599,,,,
057379,0,0,0,69,,,,
057380,0,0,0,-100,,,,
057383,0,0,0,-59,,,,
057385,0,0,0,280,,,,
057386,0,0,0,-129,,,,
057388,0,0,0,106,,,,
057389,0,0,0,41,,,,
057390,0,0,0,1,,,,
057392,0,0,0,-14,,,,
057418,0,0,0,0,,,,
057473,0,0,0,287,,,,
057474,0,0,0,16,,,,
057573,0,0,0,50,,,,
057628,0,0,0,1,,,,
057654,0,0,0,64,,,,
057663,0,0,0,-10,,,,
057668,0,0,0,-47,,,,
057669,0,0,0,85,,,,
057672,0,0,0,41,,,,
057675,0,0,0,334,,,,
057676,0,0,0,354,,,,
057679,0,0,0,-107,,,,
057709,0,0,0,9,,,,
05770P,0,0,50,-50,,,,
057722,0,0,0,-46,,,,
057789,0,0,0,82,,,,
057797,0,0,0,-90,,,,
05779P,0,0,0,56,,,,
057836,0,0,0,50,,,,
057875,0,0,0,-64,,,,
057918,0,0,0,470,,,,
05791P,0,0,0,10,,,,
057922,0,0,0,-173,,,,
057941,0,0,0,39,,,,
057947,0,0,0,35,,,,
057980,0,0,0,10,,,,
058033,0,0,0,261,,,,
058043,0,0,0,1,,,,
058058,0,0,0,-3,,,,
058067,0,0,0,-16,,,,
058076,0,0,0,30,,,,
058104,0,0,0,-6,,,,
058117,0,0,0,-36,,,,
058184,0,0,0,150,,,,
058195,0,0,0,1,,,,
058223,0,0,0,18,,,,
058230,0,0,0,17,,,,
058233,0,0,0,0,,,,
058266,0,0,0,-260,,,,
058297,0,0,0,14,,,,
058332,0,0,0,17,,,,
058370,0,0,0,27,,,,
058371,0,0,0,8,,,,
058404,0,0,0,45,,,,
058430,0,0,0,-191,,,,
058431,0,0,0,-1,,,,
058433,0,0,0,952,,,,
058434,0,0,0,-23,,,,
058451,0,0,0,1,,,,
05845P,0,0,0,-1,,,,
058513,0,0,0,-5,,,,
058537,0,0,0,-101,,,,
058608,0,0,0,-9,,,,
058609,0,0,0,-40,,,,
058630,0,0,0,-9,,,,
058664,0,0,0,20,,,,
058674,0,0,0,-70,,,,
058675,0,0,0,-5,,,,
058718,0,0,0,200,,,,
058723,0,0,0,50,,,,
058772,0,0,0,-17,,,,
058778,0,0,0,2,,,,
058783,0,0,0,-15,,,,
058785,0,0,0,82,,,,
058787,0,0,0,0,,,,
058809,0,0,0,-4,,,,
058834,0,0,0,-55,,,,
058836,0,0,0,-10,,,,
058850,0,0,0,17,,,,
058852,0,0,0,-6,,,,
058866,0,0,0,-2,,,,
058905,0,0,0,-57,,,,
058907,0,0,0,-50,,,,
058920,0,0,0,-51,,,,
058967,0,0,0,27,,,,
059016,0,0,0,-24,,,,
059057,0,0,0,-123,,,,
059080,0,0,0,200,,,,
059104,0,0,0,420,,,,
059107,0,0,0,-1,,,,
059113,0,0,0,-40,,,,
059125,0,0,0,8,,,,
059138,0,0,0,10,,,,
059139,0,0,0,-3,,,,
059188,0,0,0,410,,,,
059200,0,0,0,-1,,,,
059245,0,0,0,9,,,,
059254,0,0,0,50,,,,
059265,0,0,0,-17,,,,
059326,0,0,0,-15,,,,
059337,0,0,0,-210,,,,
059338,0,0,0,-254,,,,
059397,0,0,0,445,,,,
059402,0,0,0,-22,,,,
059405,0,0,0,7,,,,
059406,0,0,0,79,,,,
059436,0,0,0,-100,,,,
059452,0,0,0,0,,,,
059458,0,0,0,83,,,,
059524,0,0,0,-3,,,,
059593,0,0,0,-50,,,,
059599,0,0,0,10,,,,
059600,0,0,0,169,,,,
059604,0,0,0,123,,,,
059623,0,0,0,1,,,,
05962P,0,0,0,-10,,,,
059647,0,0,0,-1,,,,
059704,0,0,0,104,,,,
05981P,0,0,0,30,,,,
059825,0,0,0,200,,,,
059853,0,0,0,8,,,,
059856,0,0,0,-54,,,,
059859,0,0,0,175,,,,
059874,0,0,0,-10,,,,
05988P,0,0,0,50,,,,
059891,0,0,0,70,,,,
059997,0,0,0,156,,,,
060012,0,0,0,-90,,,,
060018,0,0,0,-30,,,,
060024,0,0,0,1,,,,
060096,0,0,0,-299,,,,
060104,0,0,0,20,,,,
060116,0,0,0,105,,,,
060125,0,0,0,8,,,,
060129,0,0,0,-4,,,,
060194,0,0,0,20,,,,
060225,0,0,0,2,,,,
060236,0,0,0,-118,,,,
060283,0,0,0,20,,,,
060298,0,0,0,-37,,,,
060326,0,0,0,501,,,,
06036P,0,0,0,-279,,,,
060395,0,0,0,-485,,,,
060416,0,0,0,91,,,,
060428,0,0,0,20,,,,
060445,0,0,0,4,,,,
060469,0,0,0,18,,,,
060565,0,0,0,2,,,,
060590,0,0,0,-615,,,,
060609,0,0,0,123,,,,
060636,0,0,0,10,,,,
060667,0,0,0,175,,,,
060715,0,0,0,10,,,,
06072P,0,0,0,-205,,,,
060765,0,0,0,-171,,,,
060767,0,0,0,-100,,,,
060773,0,0,0,20,,,,
060821,0,0,0,10,,,,
060897,0,0,0,-3,,,,
060934,0,0,0,60,,,,
060964,0,0,0,0,,,,
060973,0,0,0,40,,,,
06098P,0,0,0,-111,,,,
060992,0,0,0,-50,,,,
061023,0,0,0,-20,,,,
061028,0,0,0,-4,,,,
061036,0,0,0,-92,,,,
061038,0,0,0,18,,,,
061058,0,0,0,21,,,,
061070,0,0,0,36,,,,
061093,0,0,0,10,,,,
061121,0,0,0,-4,,,,
061157,0,0,0,-10,,,,
061158,0,0,0,-35,,,,
061180,0,0,0,-5,,,,
061232,0,0,0,173,,,,
061236,0,0,0,15,,,,
061318,0,0,0,392,,,,
061319,0,0,0,-9,,,,
061321,0,0,0,35,,,,
061345,0,0,0,0,,,,
06134P,0,0,0,-7,,,,
061405,0,0,0,-60,,,,
061411,0,0,0,70,,,,
061431,0,0,0,-19,,,,
061466,0,0,0,15,,,,
061487,0,0,0,330,,,,
061504,0,0,0,227,,,,
061513,0,0,0,344,,,,
061518,0,0,0,-20,,,,
061519,0,0,0,4,,,,
061521,0,0,0,24,,,,
061539,0,0,0,-5,,,,
061656,0,0,0,80,,,,
061683,0,0,0,416,,,,
06170P,0,0,0,-82,,,,
061735,0,0,0,-30,,,,
061747,0,0,0,10,,,,
061748,0,0,0,1,,,,
06177P,0,0,0,-85,,,,
061783,0,0,0,-8,,,,
061788,0,0,0,-20,,,,
061790,0,0,0,50,,,,
061826,0,0,0,-211,,,,
061856,0,0,0,14,,,,
061908,0,0,0,48,,,,
061957,0,0,0,-67,,,,
06197P,0,0,0,1,,,,
061981,0,0,0,-15,,,,
06198P,0,0,0,11,,,,
06203P,0,0,0,-10,,,,
062058,0,0,0,-25,,,,
062073,0,0,0,14,,,,
062079,0,0,0,25,,,,
062096,0,0,0,5,,,,
062118,0,0,0,382,,,,
062133,0,0,0,-1,,,,
062161,0,0,0,0,,,,
062170,0,0,0,22,,,,
062213,0,0,0,-620,,,,
062219,0,0,0,3,,,,
062228,0,0,0,12,,,,
062256,0,0,0,95,,,,
062319,0,0,0,6,,,,
062353,0,0,0,25,,,,
062356,0,0,0,10,,,,
062393,0,0,0,39,,,,
062407,0,0,0,150,,,,
062411,0,0,0,10,,,,
062419,0,0,0,-20,,,,
062423,0,0,0,2,,,,
062434,0,0,0,495,,,,
062451,0,0,0,24,,,,
062456,0,0,0,-202,,,,
062461,0,0,0,-7,,,,
062473,0,0,0,167,,,,
062484,0,0,0,0,,,,
062485,0,0,0,10,,,,
062486,0,0,0,2,,,,
062487,0,0,0,121,,,,
062488,0,0,0,-10,,,,
062490,0,0,0,-4,,,,
062491,0,0,0,30,,,,
062502,0,0,0,35,,,,
062510,0,0,0,69,,,,
062511,0,0,0,42,,,,
06253P,0,0,0,-142,,,,
062571,0,0,0,-20,,,,
062573,0,0,0,42,,,,
062595,0,0,0,786,,,,
062630,0,0,0,10,,,,
062639,0,0,0,40,,,,
06264P,0,0,0,-25,,,,
062681,0,0,0,52,,,,
062683,0,0,0,-750,,,,
062684,0,0,0,-399,,,,
062687,0,0,0,29,,,,
062700,0,0,0,551,,,,
062701,0,0,0,116,,,,
062713,0,0,0,-449,,,,
062723,0,0,0,-30,,,,
062749,0,0,0,10,,,,
062757,0,0,0,-300,,,,
062771,0,0,0,-105,,,,
062773,0,0,0,-113,,,,
062791,0,0,0,-100,,,,
062805,0,0,0,184,,,,
062812,0,0,0,100,,,,
062817,0,0,0,-20,,,,
062824,0,0,0,388,,,,
062848,0,0,0,275,,,,
062857,0,0,0,-3,,,,
062865,0,0,0,-1,,,,
062866,0,0,0,0,,,,
062867,0,0,0,51,,,,
062869,0,0,0,314,,,,
062870,0,0,0,-192,,,,
062871,0,0,0,2,,,,
062882,0,0,0,-25,,,,
062889,0,0,0,40,,,,
062890,0,0,0,5,,,,
062891,0,0,0,-348,,,,
062892,0,0,0,75,,,,
062908,0,0,0,17,,,,
062920,0,0,0,48,,,,
062945,0,0,0,-45,,,,
062960,0,0,0,19,,,,
062967,0,0,0,-1,,,,
062977,0,0,0,54,,,,
063073,0,0,0,8,,,,
063075,0,0,0,26,,,,
063111,0,0,0,-30,,,,
063123,0,0,0,10,,,,
063145,0,0,0,51,,,,
063158,0,0,0,-54,,,,
063160,0,0,0,271,,,,
063172,0,0,0,293,,,,
063173,0,0,0,41,,,,
063189,0,0,0,0,,,,
063201,0,0,0,22,,,,
063213,0,0,0,179,,,,
063214,0,0,0,1,,,,
063252,0,0,0,20,,,,
063269,0,0,0,1,,,,
063270,0,0,0,-86,,,,
063271,0,0,0,4,,,,
063277,0,0,0,-10,,,,
063278,0,0,0,-40,,,,
063279,0,0,0,-5,,,,
063283,0,0,0,-72,,,,
063284,0,0,0,98,,,,
063310,0,0,0,19,,,,
063311,0,0,0,20,,,,
063364,0,0,0,-28,,,,
063427,0,0,0,50,,,,
063443,0,0,0,338,,,,
063497,0,0,0,-775,,,,
063500,0,0,0,64,,,,
063503,0,0,0,270,,,,
063556,0,0,0,6,,,,
063558,0,0,0,-45,,,,
063561,0,0,0,42,,,,
063598,0,0,0,90,,,,
063612,0,0,0,2,,,,
063639,0,0,0,134,,,,
06363P,0,0,0,0,,,,
063688,0,0,0,10,,,,
063690,0,0,0,85,,,,
063693,0,0,0,48,,,,
063695,0,0,0,25,,,,
063699,0,0,0,-7,,,,
063700,0,0,0,57,,,,
063710,0,0,0,-30,,,,
063729,0,0,0,0,,,,
063750,0,0,0,1395,,,,
063760,0,0,0,-20,,,,
063768,0,0,0,1,,,,
063777,0,0,0,-1082,,,,
06378P,0,0,0,-355,,,,
063795,0,0,0,-24,,,,
06381P,0,0,0,-32,,,,
063841,0,0,0,-20,,,,
063851,0,0,0,20,,,,
063852,0,0,0,-10,,,,
063866,0,0,0,-137,,,,
063899,0,0,0,76,,,,
063909,0,0,0,-24,,,,
063915,0,0,0,-100,,,,
063926,0,0,0,12,,,,
063954,0,0,0,14,,,,
063962,0,0,0,-88,,,,
063963,0,0,0,-9,,,,
063968,0,0,0,-21,,,,
063978,0,0,0,-34,,,,
063986,0,0,0,-6,,,,
063990,0,0,0,-27,,,,
063996,0,0,0,25,,,,
063999,0,0,0,-5,,,,
064014,0,0,0,-60,,,,
064020,0,0,0,0,,,,
064073,0,0,0,5,,,,
064115,0,0,0,-40,,,,
064146,0,0,0,280,,,,
064168,0,0,0,388,,,,
064181,0,0,0,-16,,,,
06418P,0,0,0,-25,,,,
064193,0,0,0,-7,,,,
064203,0,0,0,5,,,,
064213,0,0,0,-2,,,,
064216,0,0,0,83,,,,
064254,0,0,0,-9,,,,
064260,0,0,0,-100,,,,
064285,0,0,0,25,,,,
064303,0,0,0,19,,,,
064326,0,0,0,-1,,,,
064331,0,0,0,-1098,,,,
064367,0,0,0,5,,,,
064369,0,0,0,25,,,,
064381,0,0,0,2,,,,
064382,0,0,0,132,,,,
064386,0,0,0,-43,,,,
064388,0,0,0,0,,,,
064389,0,0,0,-30,,,,
064396,0,0,0,80,,,,
064406,0,0,0,1241,,,,
064426,0,0,0,9,,,,
064440,0,0,0,-73,,,,
064449,0,0,0,-217,,,,
064450,0,0,0,-226,,,,
064464,0,0,0,81,,,,
064471,0,0,0,-48,,,,
064474,0,0,0,14,,,,
064532,0,0,0,570,,,,
064541,0,0,0,75,,,,
064542,0,0,0,-204,,,,
064543,0,0,0,-70,,,,
064552,0,0,0,2,,,,
064557,0,0,0,1050,,,,
06455P,0,0,0,1,,,,
06456P,0,0,0,-562,,,,
064580,0,0,0,9,,,,
064584,0,0,0,3,,,,
064587,0,0,0,-738,,,,
064604,0,0,0,500,,,,
064608,0,0,0,-10,,,,
064622,0,0,0,-18,,,,
064623,0,0,0,7,,,,
064632,0,0,0,3,,,,
064633,0,0,0,-220,,,,
064634,0,0,0,-33,,,,
064636,0,0,0,-5,,,,
06463P,0,0,0,250,,,,
064662,0,0,0,43,,,,
064672,0,0,0,219,,,,
064702,0,0,0,-10,,,,
064731,0,0,0,762,,,,
064751,0,0,0,-50,,,,
064777,0,0,0,-33,,,,
064783,0,0,0,10,,,,
064784,0,0,0,205,,,,
064791,0,0,0,583,,,,
064797,0,0,0,-10,,,,
064826,0,0,0,88,,,,
064827,0,0,0,-40,,,,
064828,0,0,0,-30,,,,
064829,0,0,0,-11,,,,
064836,0,0,0,90,,,,
064838,0,0,0,-1928,,,,
064841,0,0,0,10,,,,
064842,0,0,0,-192,,,,
064846,0,0,0,100,,,,
064890,0,0,0,89,,,,
064941,0,0,0,1,,,,
064947,0,0,0,1042,,,,
064949,0,0,0,-33,,,,
064961,0,0,0,-89,,,,
064974,0,0,0,-499,,,,
064976,0,0,0,-39,,,,
064982,0,0,0,36,,,,
064985,0,0,0,-114,,,,
064987,0,0,0,0,,,,
064994,0,0,0,-3,,,,
064996,0,0,0,-61,,,,
064998,0,0,0,-1091,,,,
065004,0,0,0,-7,,,,
065023,0,0,0,100,,,,
065025,0,0,0,-35,,,,
065040,0,0,0,-3,,,,
065065,0,0,0,-100,,,,
065073,0,0,0,-2,,,,
065074,0,0,0,-100,,,,
065088,0,0,0,-130,,,,
065163,0,0,0,261,,,,
065175,0,0,0,-60,,,,
065184,0,0,0,51,,,,
065204,0,0,0,17,,,,
065221,0,0,0,10,,,,
065237,0,0,0,200,,,,
065239,0,0,0,238,,,,
065250,0,0,0,90,,,,
065252,0,0,0,7,,,,
065256,0,0,0,-1,,,,
065260,0,0,0,281,,,,
065261,0,0,0,355,,,,
065263,0,0,0,51,,,,
065273,0,0,0,100,,,,
065276,0,0,0,-175,,,,
065283,0,0,0,-12,,,,
065290,0,0,0,-55,,,,
065291,0,0,0,34,,,,
065296,0,0,0,3,,,,
065298,0,0,0,78,,,,
065299,0,0,0,36,,,,
065301,0,0,0,-4,,,,
065303,0,0,0,-191,,,,
065307,0,0,0,751,,,,
065310,0,0,0,-11,,,,
065311,0,0,0,499,,,,
065313,0,0,0,20,,,,
065315,0,0,0,-3,,,,
065316,0,0,0,-138,,,,
065320,0,0,0,-85,,,,
065323,50,0,0,-230,,,,
065327,0,0,0,276,,,,
065329,0,0,0,657,,,,
065330,0,0,0,-14,,,,
065332,0,0,0,1,,,,
065333,0,0,0,20,,,,
065334,0,0,0,404,,,,
065338,0,0,0,1,,,,
065339,0,0,0,15,,,,
065360,0,0,0,-263,,,,
065402,0,0,0,-64,,,,
065412,0,0,0,1,,,,
065413,0,0,0,269,,,,
065415,0,0,0,217,,,,
065424,0,0,0,1,,,,
065447,0,0,0,-66,,,,
065461,0,0,0,143,,,,
065466,0,0,0,-100,,,,
065470,0,0,0,-8,,,,
065482,0,0,0,-6,,,,
065485,0,0,0,30,,,,
065486,0,0,0,12,,,,
065501,0,0,0,-48,,,,
065509,0,0,0,32,,,,
065515,0,0,0,15,,,,
065516,0,0,0,613,,,,
065517,0,0,0,-18,,,,
065520,0,0,0,425,,,,
065524,0,0,0,58,,,,
065525,0,0,0,1510,,,,
065527,0,0,0,-2,,,,
065528,0,0,0,6,,,,
065529,0,0,0,130,,,,
065530,0,0,0,100,,,,
065531,0,0,0,-88,,,,
065577,0,0,0,-20,,,,
065582,0,0,0,16,,,,
065584,0,0,0,-30,,,,
065631,0,0,0,5,,,,
065657,0,0,0,-15,,,,
065697,0,0,0,1,,,,
065699,0,0,0,-5,,,,
065708,0,0,0,104,,,,
065709,0,0,0,-1,,,,
065732,0,0,0,-472,,,,
065757,0,0,0,-78,,,,
065788,0,0,0,169,,,,
065793,0,0,0,75,,,,
065809,0,0,0,-19,,,,
065817,0,0,0,-12,,,,
065821,0,0,0,16,,,,
065822,0,0,0,154,,,,
065824,0,0,0,-100,,,,
065831,0,0,0,45,,,,
065835,0,0,0,-39,,,,
065845,0,0,0,28,,,,
065846,0,0,0,-30,,,,
065848,0,0,0,-57,,,,
065856,0,0,0,-16,,,,
065890,0,0,0,30,,,,
065922,0,0,0,80,,,,
065928,0,0,0,0,,,,
065930,0,0,0,2,,,,
065932,0,0,0,10,,,,
065946,0,0,0,0,,,,
065970,0,0,0,60,,,,
065978,0,0,0,-100,,,,
065989,0,0,0,132,,,,
066054,0,0,0,5,,,,
066057,0,0,0,-57,,,,
066058,0,0,0,52,,,,
066076,0,0,0,-85,,,,
066077,0,0,0,458,,,,
066085,0,0,0,52,,,,
066087,0,0,0,150,,,,
066119,0,0,0,62,,,,
066120,0,0,0,20,,,,
066121,0,0,0,-35,,,,
066129,0,0,0,-60,,,,
066132,0,0,0,12,,,,
066134,0,0,0,-10,,,,
066140,0,0,0,-96,,,,
066141,0,0,0,-39,,,,
066142,0,0,0,107,,,,
066144,0,0,0,108,,,,
066145,0,0,0,21,,,,
066146,0,0,0,131,,,,
066147,0,0,0,354,,,,
066148,0,0,0,147,,,,
066149,0,0,0,27,,,,
066150,0,0,0,55,,,,
066151,0,0,0,2,,,,
066152,0,0,0,77,,,,
066153,0,0,0,0,,,,
066180,0,0,0,-42,,,,
066193,0,0,0,36,,,,
066197,0,0,0,37,,,,
066213,0,0,0,61,,,,
066220,0,0,0,9,,,,
066250,0,0,0,32,,,,
066263,0,0,0,9,,,,
06627P,0,0,0,-80,,,,
066281,0,0,0,68,,,,
066289,0,0,0,41,,,,
066290,0,0,0,93,,,,
06629P,0,0,0,-237,,,,
066307,0,0,0,-10,,,,
06631P,5,0,0,-232,,,,
066323,0,0,0,-6,,,,
066327,0,0,0,6,,,,
066329,0,0,0,301,,,,
066344,0,0,0,-74,,,,
066347,0,0,0,20,,,,
066357,0,0,0,0,,,,
066362,0,0,0,-27,,,,
066368,0,0,0,-56,,,,
066370,0,0,0,7,,,,
066393,0,0,0,10,,,,
066414,0,0,0,-2,,,,
066417,0,0,0,190,,,,
066420,0,0,0,-42,,,,
066424,0,0,0,-10,,,,
066430,0,0,0,236,,,,
066435,0,0,0,100,,,,
066437,0,0,0,-142,,,,
066440,0,0,0,1,,,,
066441,0,0,0,100,,,,
066442,0,0,0,-720,,,,
066447,0,0,0,33,,,,
066448,0,0,0,171,,,,
066452,0,0,0,192,,,,
066483,0,0,0,15,,,,
066485,0,0,0,-60,,,,
066489,0,0,0,170,,,,
066498,0,0,0,-60,,,,
06649P,0,0,0,-22,,,,
066524,0,0,0,110,,,,
066526,0,0,0,107,,,,
066536,0,0,0,5,,,,
066538,0,0,0,-13,,,,
066578,0,0,0,27,,,,
066589,0,0,0,0,,,,
066601,0,0,0,1733,,,,
066619,0,0,0,-1,,,,
066622,0,0,0,120,,,,
066624,0,0,0,68,,,,
066629,0,0,0,-106,,,,
06662P,0,0,0,45,,,,
066633,0,0,0,0,,,,
066640,0,0,0,104,,,,
066644,0,0,0,-47,,,,
066645,0,0,0,-5,,,,
066648,0,0,0,-226,,,,
066651,0,0,0,-2,,,,
066652,0,0,0,-30,,,,
066653,0,0,0,24,,,,
066654,0,0,0,-50,,,,
066657,0,0,0,-30,,,,
066695,0,0,0,-55,,,,
06669P,0,0,0,-35,,,,
066719,0,0,0,36,,,,
066726,0,0,0,3,,,,
066739,0,0,0,50,,,,
066752,0,0,0,-27,,,,
066775,0,0,0,60,,,,
066779,0,0,0,-5,,,,
066781,0,0,0,972,,,,
066789,0,0,0,-40,,,,
066791,0,0,0,249,,,,
066792,0,0,0,432,,,,
066793,0,0,0,38,,,,
066801,0,0,0,0,,,,
066804,0,0,0,52,,,,
066805,0,0,0,65,,,,
066806,0,0,0,-12,,,,
066808,0,0,0,28,,,,
066812,0,0,0,-1,,,,
066820,0,0,0,47,,,,
066872,0,0,0,7,,,,
066895,0,0,0,-5,,,,
066896,0,0,0,100,,,,
066901,0,0,0,-331,,,,
066935,0,0,0,-50,,,,
066942,0,0,0,58,,,,
066944,0,0,0,-40,,,,
066962,0,0,0,-840,,,,
066974,0,0,0,-140,,,,
066982,0,0,0,48,,,,
067001,0,0,0,108,,,,
067013,0,0,0,2,,,,
067018,0,0,0,10,,,,
067019,0,0,0,56,,,,
067021,0,0,0,-70,,,,
067026,0,0,0,62,,,,
06702P,0,0,0,-170,,,,
067035,0,0,0,-21,,,,
067038,0,0,0,85,,,,
067040,0,0,0,5,,,,
067045,0,0,0,-27,,,,
067060,0,0,0,15,,,,
067063,0,0,0,500,,,,
067085,0,0,0,10,,,,
067086,0,0,0,-41,,,,
067087,0,0,0,30,,,,
067090,0,0,0,30,,,,
067092,0,0,0,-32,,,,
067097,0,0,0,40,,,,
067112,0,0,0,-300,,,,
06712P,0,0,0,-101,,,,
067139,0,0,0,162,,,,
067144,0,0,0,61,,,,
06714P,0,0,0,-17,,,,
067171,0,0,0,105,,,,
067173,0,0,0,-1,,,,
067184,0,0,0,376,,,,
067187,0,0,0,20,,,,
067189,0,0,0,197,,,,
06718P,0,0,0,-16,,,,
067190,0,0,0,-69,,,,
067224,0,0,0,-12,,,,
067227,0,0,0,-2,,,,
067229,0,0,0,-87,,,,
067234,0,0,0,-1,,,,
067235,0,0,0,-21,,,,
067239,0,0,0,0,,,,
06723P,0,0,0,120,,,,
067262,0,0,0,-139,,,,
067326,0,0,0,39,,,,
067346,0,0,0,-33,,,,
067348,0,0,0,115,,,,
067353,0,0,0,-28,,,,
067379,0,0,0,-10,,,,
067382,0,0,0,10,,,,
067389,0,0,0,218,,,,
067390,0,0,0,15,,,,
067399,0,0,0,14,,,,
067404,0,0,0,1,,,,
067405,0,0,0,58,,,,
067406,0,0,0,173,,,,
067407,0,0,0,-508,,,,
067408,0,0,0,42,,,,
067409,0,0,0,26,,,,
067413,0,0,0,215,,,,
067417,0,0,0,0,,,,
067419,0,0,0,1,,,,
067422,0,0,0,-10,,,,
067427,0,0,0,0,,,,
067429,0,0,0,-11,,,,
067456,0,0,0,-17,,,,
067489,0,0,0,0,,,,
067492,0,0,0,95,,,,
067498,0,0,0,-1,,,,
067521,0,0,0,25,,,,
067566,0,0,0,-5,,,,
067568,0,0,0,48,,,,
067570,0,0,0,6,,,,
067571,0,0,0,68,,,,
067576,0,0,0,58,,,,
067589,0,0,0,-56,,,,
067595,0,0,0,4,,,,
067609,0,0,0,16,,,,
067610,0,0,0,41,,,,
067612,0,0,0,118,,,,
067615,0,0,0,1,,,,
067617,0,0,0,753,,,,
067618,0,0,0,125,,,,
067619,0,0,0,-10,,,,
067620,0,0,0,-27,,,,
067621,0,0,0,17,,,,
067622,0,0,0,219,,,,
067627,0,0,0,169,,,,
067633,0,0,0,68,,,,
067634,0,0,0,-15,,,,
067635,0,0,0,156,,,,
067636,0,0,0,-583,,,,
067637,0,0,0,410,,,,
067639,0,0,0,-10,,,,
067642,0,0,0,-691,,,,
067644,0,0,0,-118,,,,
067647,0,0,0,155,,,,
06764P,0,0,0,-10,,,,
067663,0,0,0,40,,,,
067683,0,0,0,2,,,,
067690,0,0,0,-10,,,,
067692,0,0,0,0,,,,
067695,0,0,0,5,,,,
067713,0,0,0,-226,,,,
067735,0,0,0,24,,,,
067737,0,0,0,1,,,,
067738,0,0,0,-200,,,,
067749,0,0,0,1,,,,
067759,0,0,0,-60,,,,
067762,0,0,0,40,,,,
067765,0,0,0,394,,,,
067767,0,0,0,52,,,,
067768,0,0,0,-78,,,,
067770,0,0,0,195,,,,
06778P,0,0,0,-24,,,,
067794,0,0,0,-46,,,,
067807,0,0,0,-25,,,,
067810,0,0,0,-10,,,,
067814,0,0,0,-23,,,,
067815,0,0,0,1,,,,
067822,0,0,0,7,,,,
067826,0,0,0,63,,,,
067831,0,0,0,54,,,,
067894,0,0,0,21,,,,
067895,0,0,0,3,,,,
067896,0,0,0,53,,,,
067897,0,0,0,-100,,,,
067932,0,0,0,43,,,,
067934,0,0,0,10,,,,
067951,0,0,0,-23,,,,
067956,0,0,0,137,,,,
067958,0,0,0,-18,,,,
067959,0,0,0,94,,,,
067961,0,0,0,-438,,,,
067962,0,0,0,19,,,,
067964,0,0,0,-70,,,,
067972,0,0,0,310,,,,
067975,0,0,0,-158,,,,
067976,0,0,0,-33,,,,
067977,0,0,0,31,,,,
067978,0,0,0,149,,,,
067979,0,0,0,1,,,,
067980,0,0,0,133,,,,
067981,0,0,0,-96,,,,
067982,0,0,0,-20,,,,
067983,0,0,0,1655,,,,
067984,0,0,0,-52,,,,
067993,0,0,0,10,,,,
068012,0,0,0,20,,,,
068020,0,0,0,-50,,,,
068021,0,0,0,-20,,,,
068054,0,0,0,-8,,,,
068056,0,0,0,2,,,,
068058,0,0,0,-3,,,,
068075,0,0,0,18,,,,
068081,0,0,0,11,,,,
068115,0,0,0,15,,,,
068134,0,0,0,20,,,,
068143,0,0,0,-191,,,,
068146,0,0,0,50,,,,
068148,0,0,0,48,,,,
068149,0,0,0,1,,,,
06814P,0,0,0,-15,,,,
068150,0,0,0,299,,,,
068152,0,0,0,-10,,,,
068153,0,0,0,-11,,,,
068156,0,0,0,5,,,,
068157,0,0,0,-124,,,,
068158,0,0,0,24,,,,
068159,0,0,0,265,,,,
06815P,0,0,0,-35,,,,
068164,0,0,0,79,,,,
068165,0,0,0,-5,,,,
068167,0,0,0,52,,,,
068168,0,0,0,-13,,,,
068169,0,0,0,7,,,,
068170,0,0,0,1,,,,
068171,0,0,0,16,,,,
068172,0,0,0,82,,,,
068173,0,0,0,23,,,,
068177,0,0,0,46,,,,
06817P,0,0,0,0,,,,
068203,0,0,0,-5,,,,
068211,0,0,0,-18,,,,
068213,0,0,0,-68,,,,
068237,0,0,0,7,,,,
068241,0,0,0,219,,,,
068244,0,0,0,-499,,,,
068251,0,0,0,-199,,,,
068263,0,0,0,-4,,,,
068273,0,0,0,399,,,,
068276,0,0,0,3,,,,
068281,0,0,0,0,,,,
068282,0,0,0,-100,,,,
068297,0,0,0,-204,,,,
068301,0,0,0,262,,,,
06833P,0,0,0,7,,,,
068340,0,0,0,-8,,,,
068341,0,0,0,117,,,,
068343,0,0,0,955,,,,
068351,0,0,0,10,,,,
068360,0,0,0,-30,,,,
068363,0,0,0,-109,,,,
068365,0,0,0,-3,,,,
068367,0,0,0,1,,,,
068374,0,0,0,13,,,,
068377,0,0,0,-109,,,,
068378,0,0,0,-50,,,,
068379,0,0,0,10,,,,
068380,0,0,0,10,,,,
068381,0,0,0,-58,,,,
068384,0,0,0,16,,,,
068385,0,0,0,45,,,,
068386,0,0,0,-345,,,,
068388,0,0,0,17,,,,
068391,0,0,0,-10,,,,
068394,0,0,0,29,,,,
068396,0,0,0,50,,,,
068397,0,0,0,-1655,,,,
068398,0,0,0,-401,,,,
068399,0,0,0,-165,,,,
068405,0,0,0,24,,,,
068407,0,0,0,101,,,,
068408,0,0,0,4,,,,
068409,0,0,0,-27,,,,
068419,0,0,0,-89,,,,
068422,0,0,0,12,,,,
068431,0,0,0,1,,,,
068449,0,0,0,20,,,,
068461,0,0,0,-30,,,,
068484,0,0,0,11,,,,
068511,0,0,0,-244,,,,
068516,0,0,0,45,,,,
068533,0,0,0,381,,,,
068549,0,0,0,-57,,,,
068558,0,0,0,-10,,,,
068560,0,0,0,180,,,,
068577,0,0,0,100,,,,
06860P,0,0,0,-804,,,,
068613,0,0,0,3,,,,
068615,0,0,0,819,,,,
068616,0,0,0,2,,,,
06861P,0,0,0,50,,,,
068630,0,0,0,-219,,,,
068638,0,0,0,-149,,,,
068639,0,0,0,47,,,,
068642,0,0,0,-79,,,,
068643,0,0,0,10,,,,
068648,0,0,0,-54,,,,
068649,0,0,0,116,,,,
068650,0,0,0,1265,,,,
068652,0,0,0,-850,,,,
068656,0,0,0,-188,,,,
068659,0,0,0,-30,,,,
06865P,0,0,0,17,,,,
068662,0,0,0,-20,,,,
068668,0,0,0,-5,,,,
068673,0,0,0,11,,,,
068716,0,0,0,-120,,,,
068719,0,0,0,18,,,,
068744,0,0,0,-1,,,,
068747,0,0,0,5,,,,
068749,0,0,0,14,,,,
068751,0,0,0,-257,,,,
068753,0,0,0,-120,,,,
068755,0,0,0,11,,,,
068782,0,0,0,-3,,,,
068791,0,0,0,10,,,,
068804,0,0,0,1,,,,
068808,0,0,0,-4,,,,
068821,0,0,0,81,,,,
068828,0,0,0,326,,,,
068830,0,0,0,-5,,,,
068832,0,0,0,-28,,,,
068835,0,0,0,-51,,,,
068845,0,0,0,-101,,,,
068847,0,0,0,-2,,,,
068848,0,0,0,-100,,,,
068849,0,0,0,347,,,,
068850,0,0,0,61,,,,
068852,0,0,0,-39,,,,
068872,0,0,0,8,,,,
068874,0,0,0,-60,,,,
068892,0,0,0,-16,,,,
068895,0,0,0,-40,,,,
068923,0,0,0,202,,,,
068944,0,0,0,-2,,,,
068960,0,0,0,502,,,,
068962,0,0,0,20,,,,
068964,0,0,0,-23,,,,
068966,0,0,0,4,,,,
068968,0,0,0,102,,,,
068969,0,0,0,-139,,,,
068970,0,0,0,-13,,,,
068979,0,0,0,89,,,,
068981,0,0,0,69,,,,
068985,0,0,0,39,,,,
068988,0,0,0,-1,,,,
069008,0,0,0,65,,,,
069012,0,0,0,861,,,,
069013,0,0,0,275,,,,
069017,0,0,0,50,,,,
069025,0,0,0,-10,,,,
069038,0,0,0,30,,,,
069039,0,0,0,16,,,,
069050,0,0,0,101,,,,
069053,0,0,0,-60,,,,
069057,0,0,0,24,,,,
069066,0,0,0,150,,,,
069099,0,0,0,-120,,,,
069102,0,0,0,-1,,,,
069110,0,0,0,40,,,,
069119,0,0,0,282,,,,
069153,0,0,0,-52,,,,
069157,0,0,0,30,,,,
069159,0,0,0,106,,,,
069167,0,0,0,-230,,,,
069168,0,0,0,-11,,,,
069169,0,0,0,20,,,,
069170,0,0,0,-79,,,,
069172,0,0,0,-20,,,,
069173,0,0,0,309,,,,
069174,0,0,0,-15,,,,
069178,0,0,0,19,,,,
069179,0,0,0,-26,,,,
069185,0,0,0,27,,,,
069187,0,0,0,-347,,,,
069190,0,0,0,-192,,,,
069195,0,0,0,-50,,,,
069210,0,0,0,54,,,,
069212,0,0,0,2686,,,,
069213,0,0,0,287,,,,
069220,0,0,0,-1,,,,
069228,0,0,0,0,,,,
069239,0,0,0,-2,,,,
069247,0,0,0,56,,,,
069248,0,0,0,20,,,,
069257,0,0,0,2,,,,
06925P,0,0,0,3,,,,
069266,0,0,0,5,,,,
069284,0,0,0,-100,,,,
069293,0,0,0,5,,,,
069297,0,0,0,1,,,,
069299,0,0,0,-5,,,,
069303,-1,0,0,1,,,,
069304,0,0,0,0,,,,
069310,0,0,0,164,,,,
069315,0,0,0,6,,,,
069316,0,0,0,-5,,,,
069324,0,0,0,-10,,,,
069325,0,0,0,0,,,,
069328,0,0,0,-20,,,,
069336,0,0,0,16,,,,
069338,0,0,0,4,,,,
069339,0,0,0,20,,,,
069341,0,0,0,-40,,,,
069347,0,0,0,-10,,,,
06934P,0,0,0,50,,,,
069356,0,0,0,45,,,,
069361,0,0,0,-22,,,,
069365,0,0,0,-38,,,,
069383,0,0,0,-147,,,,
069384,0,0,0,12,,,,
069385,0,0,0,-1,,,,
069387,0,0,0,199,,,,
069390,0,0,0,1252,,,,
069392,0,0,0,-5,,,,
069396,0,0,0,-24,,,,
069397,0,0,0,310,,,,
069398,0,0,0,-128,,,,
069401,0,0,0,-344,,,,
069402,0,0,0,-10,,,,
069403,0,0,0,-2,,,,
069404,0,0,0,1597,,,,
069405,0,0,0,1332,,,,
069406,0,0,0,27,,,,
069407,0,0,0,-5,,,,
069419,0,0,0,-3,,,,
069420,0,0,0,-20,,,,
069431,0,0,0,54,,,,
069457,0,0,0,51,,,,
069466,0,0,0,-20,,,,
069470,0,0,0,324,,,,
069506,0,0,0,40,,,,
069510,0,0,0,51,,,,
069518,0,0,0,-50,,,,
069523,0,0,0,33,,,,
069564,0,0,0,11,,,,
069568,0,0,0,-22,,,,
069571,0,0,0,-6,,,,
069574,0,0,0,55,,,,
069578,0,0,0,-10,,,,
069579,0,0,0,-56,,,,
069580,0,0,0,6,,,,
069583,0,0,0,11,,,,
069585,0,0,0,-20,,,,
069587,0,0,0,-475,,,,
069590,0,0,0,-76,,,,
069591,0,0,0,-10,,,,
069595,0,0,0,-146,,,,
069596,0,0,0,215,,,,
069600,0,0,0,58,,,,
069603,0,0,0,127,,,,
069604,0,0,0,9,,,,
069605,0,0,0,75,,,,
069606,0,0,0,-756,,,,
069611,0,0,0,-30,,,,
069612,0,0,0,76,,,,
069613,0,0,0,-70,,,,
069620,0,0,0,21,,,,
069622,0,0,0,11,,,,
069623,0,0,0,-27,,,,
069628,0,0,0,-33,,,,
069661,0,0,0,140,,,,
069665,0,0,0,-71,,,,
069683,0,0,0,-4,,,,
069696,0,0,0,111,,,,
069702,0,0,0,34,,,,
069703,0,0,0,-7,,,,
06970P,0,0,0,499,,,,
069710,0,0,0,12,,,,
069715,0,0,0,240,,,,
069724,0,0,0,141,,,,
069728,0,0,0,-200,,,,
069731,0,0,0,273,,,,
069737,0,0,0,612,,,,
069738,0,0,0,98,,,,
069739,0,0,0,201,,,,
069752,0,0,0,20,,,,
069757,0,0,0,12,,,,
069758,0,0,0,-10,,,,
069761,0,0,0,-35,,,,
069762,0,0,0,73,,,,
069766,0,0,0,-10,,,,
069777,0,0,0,-650,,,,
069783,0,0,0,122,,,,
069784,0,0,0,-42,,,,
069789,0,0,0,-37,,,,
069790,0,0,0,0,,,,
069793,0,0,0,-50,,,,
069795,0,0,0,102,,,,
069796,0,0,0,-10,,,,
069799,0,0,0,227,,,,
069800,0,0,0,-30,,,,
069801,0,0,0,-72,,,,
069802,0,0,0,23,,,,
069812,0,0,0,38,,,,
069816,0,0,0,-1,,,,
069817,0,0,0,-11,,,,
069818,0,0,0,2873,,,,
069819,0,0,0,99,,,,
069821,0,0,0,20,,,,
069824,0,0,0,-30,,,,
069825,0,0,0,10,,,,
069826,0,0,0,51,,,,
069836,0,0,0,26,,,,
069837,0,0,0,203,,,,
069844,0,0,0,5,,,,
069855,0,0,0,0,,,,
069878,0,0,0,-69,,,,
069884,0,0,0,-89,,,,
069912,0,0,0,50,,,,
069920,0,0,0,57,,,,
069928,0,0,0,58,,,,
069941,0,0,0,449,,,,
069942,0,0,0,2,,,,
069943,0,0,0,133,,,,
069952,0,0,0,-30,,,,
069969,0,0,0,15,,,,
069971,0,0,0,-60,,,,
069973,0,0,0,125,,,,
069975,0,0,0,50,,,,
069977,0,0,0,170,,,,
069978,0,0,0,118,,,,
069979,0,0,0,-36,,,,
06997P,0,0,0,10,,,,
069981,0,0,0,-24,,,,
069982,0,0,0,-10,,,,
069984,0,0,0,-7,,,,
069994,0,0,0,160,,,,
069995,0,0,0,8,,,,
069997,0,0,0,-65,,,,
069999,0,0,0,40,,,,
070004,0,0,0,0,,,,
070008,0,0,0,-10,,,,
070012,0,0,0,-7,,,,
070018,0,0,0,-630,,,,
070024,0,0,0,0,,,,
070033,0,0,0,-5,,,,
070043,0,0,0,200,,,,
070058,0,0,0,400,,,,
070070,0,0,0,3,,,,
070081,0,0,0,22,,,,
070089,0,0,0,-60,,,,
070094,0,0,0,-130,,,,
070101,0,0,0,1001,,,,
070102,0,0,0,817,,,,
070108,0,0,0,207,,,,
070111,0,0,0,144,,,,
070117,0,0,0,-238,,,,
070119,0,0,0,12,,,,
070130,0,0,0,37,,,,
070146,0,0,0,31,,,,
070148,0,0,0,-124,,,,
070152,0,0,0,-56,,,,
070155,0,0,0,-201,,,,
070159,0,0,0,75,,,,
070164,0,0,0,12,,,,
07016P,0,0,0,2,,,,
070176,0,0,0,6,,,,
070178,0,0,0,-663,,,,
070179,0,0,0,96,,,,
070180,0,0,0,-1,,,,
070184,0,0,0,-350,,,,
070186,0,0,0,-151,,,,
070188,0,0,0,-1,,,,
070191,0,0,0,-38,,,,
070193,0,0,0,-180,,,,
070196,0,0,0,72,,,,
070199,0,0,0,-68,,,,
070201,0,0,0,117,,,,
070210,0,0,0,3,,,,
070217,0,0,0,-20,,,,
070223,0,0,0,406,,,,
070226,0,0,0,-29,,,,
070242,0,0,0,-10,,,,
070244,0,0,0,33,,,,
070270,0,0,0,-27,,,,
070276,0,0,0,45,,,,
070298,0,0,0,-80,,,,
070301,0,0,0,-9,,,,
070306,0,0,0,-35,,,,
070308,0,0,0,-55,,,,
070319,0,0,0,980,,,,
070320,0,0,0,-15,,,,
070334,0,0,0,269,,,,
070337,0,0,0,200,,,,
070348,0,0,0,202,,,,
070358,0,0,0,-3,,,,
070364,0,0,0,57,,,,
07036P,0,0,0,-603,,,,
070378,0,0,0,184,,,,
070379,0,0,0,-177,,,,
070380,0,0,0,10,,,,
070388,0,0,0,-10,,,,
07038P,0,0,0,-2,,,,
070404,0,0,0,3,,,,
07040P,0,0,0,0,,,,
070438,0,0,0,50,,,,
070455,0,0,0,-4,,,,
070467,0,0,0,-20,,,,
070485,0,0,0,0,,,,
070487,0,0,0,47,,,,
070488,0,0,0,-11,,,,
070490,0,0,0,-165,,,,
070492,0,0,0,20,,,,
070493,0,0,0,42,,,,
070496,0,0,0,815,,,,
070497,0,0,0,-4,,,,
070499,0,0,0,-10,,,,
070501,0,0,0,45,,,,
070502,0,0,0,35,,,,
070504,0,0,0,161,,,,
070505,0,0,0,36,,,,
070506,0,0,0,424,,,,
070507,0,0,0,281,,,,
070509,0,0,0,-6,,,,
07050P,0,0,0,-339,,,,
070514,0,0,0,-1,,,,
070517,0,0,0,14,,,,
070518,0,0,0,1,,,,
070530,0,0,0,25,,,,
070536,0,0,0,45,,,,
070540,0,0,0,-10,,,,
070545,0,0,0,4,,,,
070547,0,0,0,-50,,,,
07054P,0,0,0,-1,,,,
070553,0,0,0,-111,,,,
070559,0,0,0,66,,,,
070561,0,0,0,17,,,,
070570,0,0,0,2,,,,
070571,0,0,0,50,,,,
070576,0,0,0,-10,,,,
070599,0,0,0,0,,,,
070623,0,0,0,463,,,,
070625,0,0,0,131,,,,
070626,0,0,0,753,,,,
070629,0,0,0,50,,,,
070632,0,0,0,-96,,,,
070640,0,0,0,1,,,,
070653,0,0,0,3,,,,
070654,0,0,0,-1,,,,
070670,0,0,0,-15,,,,
070679,0,0,0,52,,,,
07067P,0,0,0,29,,,,
070680,0,0,0,58,,,,
070681,0,0,0,171,,,,
070682,0,0,0,102,,,,
070683,0,0,0,98,,,,
070686,0,0,0,134,,,,
070688,0,0,0,-1,,,,
070689,0,0,0,-25,,,,
070691,0,0,0,60,,,,
070692,0,0,0,69,,,,
070693,0,0,0,-44,,,,
070695,0,0,0,118,,,,
070698,0,0,0,91,,,,
070701,0,0,0,-15,,,,
070702,0,0,0,-139,,,,
070703,0,0,0,30,,,,
070706,0,0,0,4,,,,
070713,0,0,0,10,,,,
070715,0,0,0,8,,,,
070718,0,0,0,21,,,,
070721,0,0,0,140,,,,
070724,0,0,0,4,,,,
070738,0,0,0,12,,,,
070758,0,0,0,-28,,,,
070765,0,0,0,-6,,,,
070773,0,0,0,-275,,,,
070777,0,0,0,50,,,,
070781,0,0,0,12,,,,
070795,0,0,0,81,,,,
070805,0,0,0,-30,,,,
070826,0,0,0,70,,,,
070830,0,0,0,17,,,,
070842,0,0,0,-174,,,,
070850,0,0,0,-100,,,,
070858,0,0,0,-80,,,,
070865,0,0,0,23,,,,
070866,0,0,0,267,,,,
070879,0,0,0,3,,,,
070882,0,0,0,25,,,,
070899,0,0,0,5,,,,
070908,0,0,0,-1,,,,
070910,0,0,0,61,,,,
070914,0,0,0,-1100,,,,
070928,0,0,0,-2,,,,
070941,0,0,0,1,,,,
070945,0,0,0,170,,,,
070950,0,0,0,0,,,,
070951,0,0,0,-105,,,,
070955,0,0,0,1,,,,
070972,0,0,0,105,,,,
07097P,0,0,0,99,,,,
070983,0,0,0,30,,,,
070987,0,0,0,107,,,,
070996,0,0,0,-45,,,,
071005,0,0,0,31,,,,
071006,0,0,0,101,,,,
071009,0,0,0,39,,,,
071010,0,0,0,116,,,,
071012,0,0,0,-407,,,,
071015,0,0,0,20,,,,
071017,0,0,0,23,,,,
071019,0,0,0,-24,,,,
07101P,0,0,0,-85,,,,
071028,0,0,0,-10,,,,
071029,0,0,0,63,,,,
071030,0,0,0,138,,,,
071031,0,0,0,-973,,,,
071033,0,0,0,-83,,,,
071035,0,0,0,-142,,,,
071037,0,0,0,51,,,,
071039,0,0,0,-39,,,,
071054,0,0,0,-20,,,,
07105P,0,0,0,39,,,,
071061,0,0,0,5,,,,
071070,0,0,0,55,,,,
071077,0,0,0,22,,,,
071083,0,0,0,-1105,,,,
071098,0,0,0,0,,,,
071099,0,0,0,-2,,,,
071102,0,0,0,20,,,,
071103,0,0,0,50,,,,
071104,0,0,0,19,,,,
071107,0,0,0,275,,,,
071108,0,0,0,-290,,,,
071113,0,0,0,-20,,,,
071122,0,0,0,20,,,,
071129,0,0,0,269,,,,
071134,0,0,0,415,,,,
071146,0,0,0,99,,,,
071162,0,0,0,-2,,,,
071168,0,0,0,50,,,,
071169,0,0,0,5,,,,
071176,0,0,0,10,,,,
071180,0,0,0,-60,,,,
071185,0,0,0,-50,,,,
071186,0,0,0,-50,,,,
071195,0,0,0,184,,,,
07119P,0,0,0,264,,,,
071210,0,0,0,-3,,,,
071215,0,0,0,10,,,,
071223,0,0,0,-47,,,,
071242,0,0,0,5,,,,
07124P,0,0,0,-21,,,,
071268,0,0,0,-5,,,,
071280,0,0,0,10,,,,
071295,0,0,0,5,,,,
071302,0,0,0,-3,,,,
071307,0,0,0,-50,,,,
071308,0,0,0,1,,,,
071317,0,0,0,-3,,,,
071323,0,0,0,100,,,,
071325,0,0,0,100,,,,
071328,0,0,0,-61,,,,
071329,0,0,0,-14,,,,
071330,0,0,0,-38,,,,
071331,0,0,0,-42,,,,
071332,0,0,0,-21,,,,
071341,0,0,0,52,,,,
071343,0,0,0,-25,,,,
071344,0,0,0,-10,,,,
071346,0,0,0,-20,,,,
071347,0,0,0,239,,,,
071374,0,0,0,-5,,,,
071378,0,0,0,-100,,,,
071396,0,0,0,198,,,,
071402,0,0,0,31,,,,
071417,0,0,0,-8,,,,
071419,0,0,0,36,,,,
071434,0,0,0,-8,,,,
071436,0,0,0,-204,,,,
071438,0,0,0,73,,,,
071442,0,0,0,-10,,,,
071444,0,0,0,10,,,,
071446,0,0,0,0,,,,
071447,0,0,0,-403,,,,
071448,0,0,0,35,,,,
071453,0,0,0,-104,,,,
071455,0,0,0,56,,,,
071456,0,0,0,19,,,,
071457,0,0,0,141,,,,
071458,0,0,0,517,,,,
071459,0,0,0,-60,,,,
07145P,0,0,0,-10,,,,
071460,0,0,0,200,,,,
071461,0,0,0,-144,,,,
071462,0,0,0,-24,,,,
071466,0,0,0,-20,,,,
071467,0,0,0,304,,,,
071468,0,0,0,16,,,,
071473,0,0,0,52,,,,
071474,0,0,0,51,,,,
071475,0,0,0,-35,,,,
071476,0,0,0,31,,,,
071483,0,0,0,82,,,,
071496,0,0,0,-82,,,,
071503,0,0,0,200,,,,
071506,0,0,0,2,,,,
071518,0,0,0,66,,,,
071530,0,0,0,227,,,,
071555,0,0,0,361,,,,
071562,0,0,0,364,,,,
071573,0,0,0,0,,,,
071576,0,0,0,77,,,,
071577,0,0,0,-2,,,,
071584,0,0,0,59,,,,
071585,0,0,0,50,,,,
071589,0,0,0,-49,,,,
071591,0,0,0,34,,,,
071593,0,0,0,-40,,,,
071605,0,0,0,-119,,,,
071618,0,0,0,-102,,,,
07161P,0,0,0,9,,,,
071625,0,0,0,-8,,,,
07162P,0,0,0,-10,,,,
071634,0,0,0,0,,,,
07163P,0,0,0,2,,,,
071646,0,0,0,-100,,,,
071648,0,0,0,44,,,,
071656,0,0,0,-2,,,,
07165P,0,0,0,-10,,,,
071661,0,0,0,-50,,,,
071664,0,0,0,190,,,,
071665,0,0,0,100,,,,
071671,0,0,0,30,,,,
071675,0,0,0,10,,,,
071678,0,0,0,27,,,,
071679,0,0,0,49,,,,
071683,0,0,0,0,,,,
071685,0,0,0,-19,,,,
071697,0,0,0,104,,,,
071705,0,0,0,-3,,,,
071706,0,0,0,-1,,,,
071708,0,0,0,10,,,,
071711,0,0,0,-230,,,,
071722,0,0,0,36,,,,
071723,0,0,0,-62,,,,
071724,0,0,0,-71,,,,
071726,0,0,0,-10,,,,
071728,0,0,0,-24,,,,
071730,0,0,0,-20,,,,
071731,0,0,0,-271,,,,
071737,0,0,0,-27,,,,
071738,0,0,0,-751,,,,
071741,0,0,0,-2212,,,,
071742,0,0,0,53,,,,
071745,0,0,0,-276,,,,
071752,0,0,0,-35,,,,
071763,0,0,0,62,,,,
07176P,0,0,0,-37,,,,
071791,0,0,0,393,,,,
071801,0,0,0,126,,,,
071805,0,0,0,-5,,,,
071809,0,0,0,100,,,,
071811,0,0,0,5,,,,
071812,0,0,0,120,,,,
071814,0,0,0,5,,,,
071816,0,0,0,-41,,,,
071821,0,0,0,-501,,,,
071824,0,0,0,-25,,,,
071826,0,0,0,-20,,,,
071829,0,0,0,82,,,,
071834,0,0,0,-37,,,,
071839,0,0,0,9,,,,
071842,0,0,0,-5,,,,
071843,0,0,0,13,,,,
071844,0,0,0,1,,,,
071846,0,0,0,18,,,,
071852,0,0,0,10,,,,
071858,0,0,0,5,,,,
07185P,0,0,0,-247,,,,
071868,0,0,0,106,,,,
071871,0,0,0,10,,,,
071872,0,0,0,10,,,,
071873,0,0,0,-115,,,,
071875,0,0,0,-1,,,,
071876,0,0,0,60,,,,
071877,0,0,0,20,,,,
071884,0,0,0,33,,,,
07188P,0,0,0,5,,,,
071891,0,0,0,-1036,,,,
071892,0,0,0,-54,,,,
071893,0,0,0,10,,,,
071894,0,0,0,-51,,,,
071896,0,0,0,239,,,,
071897,0,0,0,90,,,,
071900,0,0,0,-50,,,,
071903,0,0,0,95,,,,
071904,0,0,0,70,,,,
071905,0,0,0,-49,,,,
071908,0,0,0,-33,,,,
071909,0,0,0,-402,,,,
071910,0,0,0,480,,,,
071911,0,0,0,491,,,,
071915,0,0,0,-71,,,,
071916,0,0,0,16,,,,
071918,0,0,0,-380,,,,
071921,0,0,0,-23,,,,
071923,0,0,0,123,,,,
071924,0,0,0,-24,,,,
071925,0,0,0,-165,,,,
071926,0,0,0,497,,,,
071927,0,0,0,-2,,,,
071929,0,0,0,-10,,,,
071930,0,0,0,-61,,,,
071967,0,0,0,49,,,,
071976,0,0,0,-1,,,,
071979,0,0,0,-425,,,,
071984,0,0,0,14,,,,
071985,0,0,0,-205,,,,
071986,0,0,0,50,,,,
071989,0,0,0,8,,,,
072001,0,0,0,-922,,,,
07200P,0,0,0,0,,,,
072010,0,0,0,14,,,,
072014,0,0,0,168,,,,
072016,0,0,0,-45,,,,
072018,0,0,0,-43,,,,
07201P,0,0,0,8,,,,
072045,0,0,0,49,,,,
072047,0,0,0,68,,,,
072048,0,0,0,63,,,,
072069,0,0,0,-13,,,,
072074,0,0,0,10,,,,
072095,0,0,0,-10,,,,
072108,0,0,0,-100,,,,
072113,0,0,0,-80,,,,
072115,0,0,0,-392,,,,
072117,0,0,0,150,,,,
072118,0,0,0,99,,,,
072119,0,0,0,52,,,,
072120,0,0,0,60,,,,
072121,0,0,0,75,,,,
072123,0,0,0,52,,,,
072125,0,0,0,174,,,,
072126,0,0,0,-601,,,,
072127,0,0,0,-61,,,,
072128,0,0,0,-85,,,,
072133,0,0,0,-60,,,,
072137,0,0,0,-19,,,,
072141,0,0,0,10,,,,
072143,0,0,0,-1019,,,,
072144,0,0,0,-39,,,,
072145,0,0,0,-461,,,,
072146,0,0,0,-20,,,,
072150,0,0,0,66,,,,
072152,0,0,0,15,,,,
072160,0,0,0,-10,,,,
072162,0,0,0,20,,,,
072163,0,0,0,42,,,,
072164,0,0,0,13,,,,
072169,0,0,0,-1,,,,
072172,0,0,0,-100,,,,
072181,0,0,0,-5,,,,
072182,0,0,0,0,,,,
072185,0,0,0,80,,,,
072188,0,0,0,-50,,,,
07218P,0,0,0,151,,,,
072196,0,0,0,15,,,,
072205,0,0,0,-299,,,,
072209,0,0,0,-15,,,,
072212,0,0,0,10,,,,
072213,0,0,0,-290,,,,
072216,0,0,0,9,,,,
072226,0,0,0,-36,,,,
072227,0,0,0,-30,,,,
072245,0,0,0,-225,,,,
072246,0,0,0,-14,,,,
072254,0,0,0,-45,,,,
072262,0,0,0,-940,,,,
072281,0,0,0,50,,,,
072285,0,0,0,-10,,,,
072293,0,0,0,75,,,,
072294,0,0,0,-13,,,,
072295,0,0,0,-20,,,,
072300,0,0,0,11,,,,
072302,0,0,0,-1248,,,,
072303,0,0,0,30,,,,
072311,0,0,0,-114,,,,
072312,0,0,0,-28,,,,
072315,0,0,0,78,,,,
072316,0,0,0,60,,,,
072318,0,0,0,-11,,,,
072320,0,0,0,10,,,,
072324,0,0,0,2846,,,,
072332,0,0,0,-108,,,,
072333,0,0,0,-5,,,,
072335,0,0,0,-8,,,,
072338,0,0,0,114,,,,
072339,0,0,0,-51,,,,
072349,0,0,0,-85,,,,
072354,0,0,0,38,,,,
072370,0,0,0,100,,,,
072371,0,0,0,5,,,,
072373,0,0,0,-20,,,,
072374,0,0,0,1,,,,
072386,0,0,0,0,,,,
072390,0,0,0,30,,,,
072391,0,0,0,-214,,,,
072404,0,0,0,-40,,,,
072407,0,0,0,1924,,,,
072423,0,0,0,2,,,,
072424,0,0,0,-5,,,,
072425,0,0,0,-14,,,,
072429,0,0,0,-90,,,,
072440,0,0,0,20,,,,
07244P,0,0,0,80,,,,
072450,0,0,0,-306,,,,
072460,0,0,0,-230,,,,
072461,0,0,0,48,,,,
072462,0,0,0,-50,,,,
072474,0,0,0,20,,,,
072478,0,0,0,-1111,,,,
072484,0,0,0,20,,,,
072486,0,0,0,-119,,,,
072487,0,0,0,2,,,,
072489,0,0,0,35,,,,
072490,0,0,0,61,,,,
072519,0,0,0,-302,,,,
072524,0,0,0,327,,,,
072530,0,0,0,34,,,,
072534,0,0,0,-20,,,,
072539,0,0,0,410,,,,
072540,0,0,0,78,,,,
072543,0,0,0,-8,,,,
072548,0,0,0,-2,,,,
072555,0,0,0,297,,,,
072558,0,0,0,-3,,,,
072599,0,0,0,3,,,,
072613,0,0,0,-82,,,,
072615,0,0,0,149,,,,
072620,0,0,0,15,,,,
072625,0,0,0,-23,,,,
072633,0,0,0,1,,,,
072635,0,0,0,61,,,,
07263P,0,0,0,-6,,,,
072643,0,0,0,-222,,,,
072648,0,0,0,-22,,,,
072649,0,0,0,-60,,,,
072654,0,0,0,-100,,,,
07265P,0,0,0,-5,,,,
072662,0,0,0,8,,,,
072665,0,0,0,17,,,,
072676,0,0,0,-48,,,,
072680,0,0,0,36,,,,
072683,0,0,0,6,,,,
072684,0,0,0,24,,,,
072685,0,0,0,6,,,,
072686,0,0,0,8,,,,
072687,0,0,0,-34,,,,
072688,0,0,0,-1,,,,
072689,0,0,0,0,,,,
072690,0,0,0,0,,,,
072691,0,0,0,0,,,,
072692,0,0,0,0,,,,
072693,0,0,0,0,,,,
072695,0,0,0,0,,,,
072702,0,0,0,-46,,,,
072704,0,0,0,143,,,,
072715,0,0,0,-100,,,,
072716,0,0,0,-75,,,,
072717,0,0,0,-8,,,,
072729,0,0,0,-10,,,,
072732,0,0,0,269,,,,
072739,0,0,0,118,,,,
072750,0,0,0,-229,,,,
072751,0,0,0,-20,,,,
072756,0,0,0,607,,,,
072778,0,0,0,31,,,,
072782,0,0,0,-14,,,,
072789,0,0,0,9,,,,
072790,0,0,0,-81,,,,
072800,0,0,0,307,,,,
072803,0,0,0,2,,,,
072804,0,0,0,-3,,,,
072809,0,0,0,28,,,,
072816,0,0,0,-100,,,,
072822,0,0,0,50,,,,
072824,0,0,0,-42,,,,
072825,0,0,0,52,,,,
07282P,0,0,0,-30,,,,
072831,0,0,0,30,,,,
072842,0,0,0,0,,,,
07284P,0,0,0,-299,,,,
072850,0,0,0,-54,,,,
072851,0,0,0,-2,,,,
072856,0,0,0,30,,,,
072857,0,0,0,-3,,,,
07285P,0,0,0,-7,,,,
072860,0,0,0,-107,,,,
072861,0,0,0,620,,,,
072862,0,0,0,48,,,,
072863,0,0,0,42,,,,
072864,0,0,0,-45,,,,
072865,0,0,0,92,,,,
072866,0,0,0,-100,,,,
072867,0,0,0,-65,,,,
072869,0,0,0,7,,,,
07286P,0,0,0,-20,,,,
072884,0,0,0,0,,,,
072885,0,0,0,131,,,,
072892,0,0,0,5,,,,
072894,0,0,0,-13,,,,
072898,0,0,0,-1,,,,
072899,0,0,0,-33,,,,
072902,0,0,0,10,,,,
072905,0,0,0,20,,,,
072909,0,0,0,5,,,,
07290P,0,0,0,-1,,,,
072910,0,0,0,-19,,,,
072911,0,0,0,-160,,,,
072914,0,0,0,0,,,,
072915,0,0,0,70,,,,
07291P,0,0,0,-10,,,,
072927,0,0,0,1,,,,
072935,0,0,0,39,,,,
072938,0,0,0,16,,,,
07293P,0,0,0,-410,,,,
072942,0,0,0,9,,,,
072947,0,0,0,-18,,,,
072955,0,0,0,82,,,,
072963,0,0,0,7,,,,
072965,0,0,0,-1660,,,,
072967,0,0,0,1110,,,,
072986,0,0,0,-9,,,,
072998,0,0,0,-522,,,,
072999,0,0,0,-164,,,,
073001,0,0,0,65,,,,
073003,0,0,0,903,,,,
073004,0,0,0,-315,,,,
073008,0,0,0,-65,,,,
073010,0,0,0,25,,,,
073013,0,0,0,-9,,,,
073014,0,0,0,40,,,,
073015,0,0,0,-21,,,,
073016,0,0,0,0,,,,
07301P,0,0,0,-100,,,,
073020,0,0,0,29,,,,
073024,0,0,0,16,,,,
073025,0,0,0,40,,,,
073027,0,0,0,-3,,,,
073028,0,0,0,5,,,,
073035,0,0,0,-3,,,,
073036,0,0,0,1,,,,
073040,0,0,0,-241,,,,
073044,0,0,0,50,,,,
073047,0,0,0,-174,,,,
073051,0,0,0,-9,,,,
073052,0,0,0,41,,,,
073067,0,0,0,54,,,,
073070,0,0,0,-100,,,,
073082,0,0,0,237,,,,
073098,0,0,0,29,,,,
073105,0,0,0,-28,,,,
073109,0,0,0,-1,,,,
073111,0,0,0,-85,,,,
073112,0,0,0,0,,,,
073113,0,0,0,-699,,,,
073119,0,0,0,-419,,,,
073122,0,0,0,-3,,,,
073126,0,0,0,10,,,,
073133,0,0,0,-100,,,,
073135,0,0,0,88,,,,
073136,0,0,0,10,,,,
073138,0,0,0,6,,,,
073150,0,0,0,5,,,,
073151,0,0,0,24,,,,
073161,0,0,0,270,,,,
073165,0,0,0,79,,,,
073167,0,0,0,1,,,,
073175,0,0,0,106,,,,
073176,0,0,0,-44,,,,
07317P,0,0,0,-16,,,,
073180,0,0,0,90,,,,
073182,0,0,0,619,,,,
073185,0,0,0,-90,,,,
073187,0,0,0,-20,,,,
073189,0,0,0,50,,,,
073190,0,0,0,40,,,,
073191,0,0,0,250,,,,
073192,0,0,0,-113,,,,
073193,0,0,0,-101,,,,
073194,0,0,0,-1,,,,
073202,0,0,0,14,,,,
073210,0,0,0,-15,,,,
073213,0,0,0,110,,,,
073214,0,0,0,-2,,,,
073215,0,0,0,-1,,,,
073220,0,0,0,60,,,,
073222,0,0,0,400,,,,
073223,0,0,0,1,,,,
073224,0,0,0,20,,,,
073226,0,0,0,-7,,,,
073227,0,0,0,-1,,,,
073228,0,0,0,-15,,,,
073229,0,0,0,0,,,,
073234,0,0,0,-98,,,,
073237,0,0,0,-15,,,,
073238,0,0,0,18,,,,
073258,0,0,0,-43,,,,
073261,0,0,0,86,,,,
073271,0,0,0,10,,,,
073279,0,0,0,-5,,,,
073285,0,0,0,-2,,,,
073287,0,0,0,-19,,,,
073288,0,0,0,18,,,,
073290,0,0,0,71,,,,
073293,0,0,0,-78,,,,
073298,0,0,0,55,,,,
073299,0,0,0,0,,,,
073311,0,0,0,-2,,,,
073325,0,0,0,18,,,,
073326,0,0,0,200,,,,
073328,0,0,0,-169,,,,
073332,0,0,0,-28,,,,
073333,0,0,0,35,,,,
073340,0,0,0,-87,,,,
073355,0,0,0,202,,,,
073358,0,0,0,1,,,,
073359,0,0,0,20,,,,
073363,0,0,0,-1,,,,
073365,0,0,0,-93,,,,
073366,0,0,0,123,,,,
073386,0,0,0,40,,,,
073387,0,0,0,-10,,,,
073388,0,0,0,0,,,,
073389,0,0,0,-30,,,,
073396,0,0,0,474,,,,
073397,0,0,0,523,,,,
073398,0,0,0,421,,,,
073401,0,0,0,38,,,,
073403,0,0,0,-60,,,,
073405,0,0,0,108,,,,
073406,0,0,0,236,,,,
073413,0,0,0,586,,,,
073414,0,0,0,-40,,,,
073429,0,0,0,-80,,,,
073431,0,0,0,-1,,,,
073436,0,0,0,10,,,,
073441,0,0,0,-23,,,,
073444,0,0,0,-12,,,,
073448,0,0,0,40,,,,
073455,0,0,0,-7,,,,
073457,0,0,0,107,,,,
073458,0,0,0,82,,,,
073460,0,0,0,23,,,,
073463,0,0,0,-30,,,,
073464,0,0,0,142,,,,
073468,0,0,0,1,,,,
073508,0,0,0,251,,,,
073516,0,0,0,7,,,,
073525,0,0,0,116,,,,
073526,0,0,0,-37,,,,
073535,0,0,0,-5,,,,
073538,0,0,0,150,,,,
073550,0,0,0,82,,,,
073551,0,0,0,22,,,,
073563,0,0,0,0,,,,
073572,0,0,0,80,,,,
073576,0,0,0,1,,,,
073582,0,0,0,-2,,,,
073584,0,0,0,1,,,,
073585,0,0,0,-20,,,,
073600,0,0,0,32,,,,
073604,0,0,0,4,,,,
073611,0,0,0,9,,,,
07361P,0,0,0,-8,,,,
073624,0,0,0,-10,,,,
073625,0,0,0,100,,,,
073626,0,0,0,45,,,,
073627,0,0,0,8,,,,
073638,0,0,0,-10,,,,
073644,0,0,0,43,,,,
073646,0,0,0,-213,,,,
073661,0,0,0,-10,,,,
073669,0,0,0,248,,,,
073670,0,0,0,304,,,,
073671,0,0,0,86,,,,
073678,0,0,0,30,,,,
073680,0,0,0,302,,,,
073684,0,0,0,-2,,,,
073697,0,0,0,-8,,,,
073703,0,0,0,10,,,,
073704,0,0,0,-5,,,,
073705,0,0,0,0,,,,
073706,0,0,0,-1,,,,
073707,0,0,0,0,,,,
073708,0,0,0,0,,,,
073709,0,0,0,0,,,,
073711,0,0,0,11,,,,
073714,0,0,0,-67,,,,
073722,0,0,0,260,,,,
073725,0,0,0,1,,,,
073727,0,0,0,24,,,,
073728,0,0,0,-9,,,,
073729,0,0,0,-2,,,,
073731,0,0,0,23,,,,
073732,0,0,0,15,,,,
073733,0,0,0,33,,,,
073735,0,0,0,-297,,,,
073736,0,0,0,-110,,,,
073739,0,0,0,24,,,,
073740,0,0,0,-20,,,,
073742,0,0,0,-4,,,,
073743,0,0,0,-7,,,,
073748,0,0,0,-995,,,,
073749,0,0,0,-96,,,,
07374P,0,0,0,-7,,,,
073750,0,0,0,-38,,,,
073760,0,0,0,-4,,,,
073772,0,0,0,-20,,,,
073773,0,0,0,-171,,,,
07377P,0,0,0,-1,,,,
073786,0,0,0,10,,,,
073787,0,0,0,140,,,,
073791,0,0,0,-55,,,,
073792,0,0,0,-14,,,,
073795,0,0,0,499,,,,
073798,0,0,0,76,,,,
073805,0,0,0,-10,,,,
073806,0,0,0,-1594,,,,
073810,0,0,0,158,,,,
073820,0,0,0,-14,,,,
073825,0,0,0,-24,,,,
073829,0,0,0,-1,,,,
07382P,0,0,0,35,,,,
073832,0,0,0,323,,,,
073833,0,0,0,-420,,,,
073839,0,0,0,-181,,,,
073842,0,0,0,8,,,,
07385P,0,0,0,-6,,,,
073865,0,0,0,74,,,,
073870,0,0,0,338,,,,
073879,0,0,0,110,,,,
073891,0,0,0,-15,,,,
073892,0,0,0,1,,,,
073899,0,0,0,-8,,,,
073912,0,0,0,29,,,,
073928,0,0,0,-127,,,,
073947,0,0,0,10,,,,
073948,0,0,0,1,,,,
073951,0,0,0,24,,,,
073958,0,0,0,-99,,,,
073959,0,0,0,-280,,,,
07395P,0,0,0,-40,,,,
073960,0,0,0,1,,,,
073975,0,0,0,16,,,,
073989,0,0,0,-27,,,,
073993,0,0,0,31,,,,
073997,0,0,0,21,,,,
073999,0,0,0,-200,,,,
074000,0,0,0,140,,,,
074001,0,0,0,-98,,,,
074002,0,0,0,-107,,,,
074007,0,0,0,105,,,,
074023,0,0,0,-581,,,,
074025,0,0,0,0,,,,
07402P,0,0,0,-40,,,,
074034,0,0,0,81,,,,
074039,0,0,0,-10,,,,
074040,0,0,0,-6,,,,
074041,0,0,0,0,,,,
074043,0,0,0,-39,,,,
074050,0,0,0,20,,,,
074052,0,0,0,-1,,,,
074054,0,0,0,-9,,,,
074056,0,0,0,17,,,,
074067,0,0,0,-13,,,,
074076,0,0,0,-3,,,,
074077,0,0,0,3,,,,
07407P,0,0,0,-50,,,,
074083,0,0,0,90,,,,
074084,0,0,0,5,,,,
074092,0,0,0,34,,,,
074093,0,0,0,138,,,,
074096,0,0,0,-2,,,,
074101,0,0,0,10,,,,
074106,0,0,0,71,,,,
074116,0,0,0,20,,,,
074120,0,0,0,-16,,,,
074122,0,0,0,262,,,,
074123,0,0,0,59,,,,
074127,0,0,0,0,,,,
074136,0,0,0,-220,,,,
074142,0,0,0,539,,,,
074149,0,0,0,250,,,,
074158,0,0,0,84,,,,
074159,0,0,0,-9,,,,
074166,0,0,0,-10,,,,
074171,0,0,0,32,,,,
074174,0,0,0,436,,,,
074175,0,0,0,-98,,,,
074181,0,0,0,22,,,,
074186,0,0,0,1,,,,
074191,0,0,0,-20,,,,
074193,0,0,0,22,,,,
074203,0,0,0,99,,,,
074206,0,0,0,3,,,,
074209,0,0,0,0,,,,
074212,0,0,0,-13,,,,
074214,0,0,0,-7,,,,
074219,0,0,0,-10,,,,
074222,0,0,0,0,,,,
074226,0,0,0,50,,,,
074232,0,0,0,70,,,,
074237,0,0,0,3,,,,
074239,0,0,0,-84,,,,
07423P,0,0,0,10,,,,
074243,0,0,0,60,,,,
074244,0,0,0,-460,,,,
074246,0,0,0,6,,,,
074252,0,0,0,-300,,,,
074253,0,0,0,100,,,,
074259,0,0,0,-198,,,,
074272,0,0,0,-200,,,,
074273,0,0,0,59,,,,
074275,0,0,0,2,,,,
074287,0,0,0,-10,,,,
074288,0,0,0,10,,,,
074301,0,0,0,-10,,,,
074302,0,0,0,44,,,,
074311,0,0,0,45,,,,
074314,0,0,0,100,,,,
074318,0,0,0,-5,,,,
074327,0,0,0,5,,,,
074329,0,0,0,50,,,,
074331,0,0,0,0,,,,
074334,0,0,0,748,,,,
074348,0,0,0,32,,,,
074351,0,0,0,539,,,,
074352,0,0,0,5,,,,
074359,0,0,0,113,,,,
07435P,0,0,0,-135,,,,
074360,0,0,0,444,,,,
074361,0,0,0,10,,,,
074371,0,0,0,244,,,,
074376,0,0,0,-20,,,,
074380,0,0,0,4,,,,
074381,0,0,0,43,,,,
07438P,0,0,0,-23,,,,
074405,0,0,0,245,,,,
074411,0,0,0,3,,,,
074419,0,0,0,-37,,,,
07441P,0,0,0,-20,,,,
074421,0,0,0,129,,,,
074427,0,0,0,-22,,,,
074428,0,0,0,-167,,,,
074431,0,0,0,70,,,,
074432,0,0,0,47,,,,
074434,0,0,0,-4,,,,
074435,0,0,0,-50,,,,
074436,0,0,0,-600,,,,
074447,0,0,0,-1,,,,
074448,0,0,0,33,,,,
07444P,0,0,0,-295,,,,
074459,0,0,0,1,,,,
074470,0,0,0,5,,,,
074471,0,0,0,1008,,,,
074473,0,0,0,-3,,,,
074486,0,0,0,39,,,,
074488,0,0,0,-9,,,,
074489,0,0,0,-1486,,,,
074495,0,0,0,-2,,,,
074496,0,0,0,-1,,,,
074497,0,0,0,20,,,,
074500,0,0,0,32,,,,
074510,0,0,0,20,,,,
074511,0,0,0,15,,,,
074514,0,0,0,109,,,,
074530,0,0,0,0,,,,
074531,0,0,0,3,,,,
074532,0,0,0,2,,,,
074539,0,0,0,8,,,,
07453P,0,0,0,5,,,,
074540,0,0,0,10,,,,
07455P,0,0,0,-24,,,,
074561,0,0,0,62,,,,
074562,0,0,0,471,,,,
074566,0,0,0,-12,,,,
074573,0,0,0,40,,,,
074575,0,0,0,-22,,,,
074576,0,0,0,-15,,,,
074579,0,0,0,20,,,,
074580,0,0,0,70,,,,
074581,0,0,0,84,,,,
074585,0,0,0,250,,,,
074593,0,0,0,-25,,,,
074594,0,0,0,104,,,,
074595,0,0,0,116,,,,
074596,0,0,0,80,,,,
074598,0,0,0,2,,,,
074599,0,0,0,451,,,,
074601,0,0,0,-49,,,,
074606,0,0,0,118,,,,
074617,0,0,0,-226,,,,
074618,0,0,0,9,,,,
074619,0,0,0,-6,,,,
074622,0,0,0,21,,,,
074623,0,0,0,1,,,,
074640,0,0,0,-5,,,,
074642,0,0,0,-23,,,,
07464P,0,0,0,33,,,,
07466P,0,0,0,5,,,,
074681,0,0,0,10,,,,
074683,0,0,0,15,,,,
074706,0,0,0,0,,,,
074708,0,0,0,10,,,,
074712,0,0,0,-200,,,,
074720,0,0,0,80,,,,
074721,0,0,0,0,,,,
074722,0,0,0,-18,,,,
074723,0,0,0,20,,,,
074732,0,0,0,-15,,,,
074743,0,0,0,68,,,,
074746,0,0,0,-190,,,,
074748,0,0,0,-145,,,,
07474P,0,0,0,-9,,,,
074750,0,0,0,-71,,,,
074756,0,0,0,-185,,,,
074758,0,0,0,-1,,,,
074767,0,0,0,25,,,,
074769,0,0,0,0,,,,
07476P,0,0,0,-457,,,,
074772,0,0,0,-1,,,,
074773,0,0,0,-20,,,,
074776,0,0,0,-26,,,,
074781,0,0,0,-12,,,,
074783,0,0,0,49,,,,
074785,0,0,0,-100,,,,
074797,0,0,0,-10,,,,
074798,0,0,0,43,,,,
074799,0,0,0,-87,,,,
074804,0,0,0,20,,,,
074815,0,0,0,20,,,,
074822,0,0,0,-292,,,,
074823,0,0,0,-761,,,,
07482P,0,0,0,-5,,,,
074831,0,0,0,-121,,,,
074834,0,0,0,80,,,,
074835,0,0,0,-2,,,,
074837,0,0,0,-50,,,,
074851,0,0,0,766,,,,
074857,0,0,0,1,,,,
074859,0,0,0,11,,,,
074860,0,0,0,170,,,,
074862,0,0,0,-1,,,,
074867,0,0,0,5,,,,
074869,0,0,0,10,,,,
074870,0,0,0,20,,,,
074875,0,0,0,-10,,,,
074878,0,0,0,8,,,,
074879,0,0,0,-35,,,,
074882,0,0,0,24,,,,
074891,0,0,0,26,,,,
074894,0,0,0,-85,,,,
074896,0,0,0,45,,,,
074905,0,0,0,14,,,,
074908,0,0,0,10,,,,
074911,0,0,0,20,,,,
074912,0,0,0,60,,,,
074914,0,0,0,1,,,,
074915,0,0,0,1,,,,
074919,0,0,0,31,,,,
074921,0,0,0,15,,,,
074926,0,0,0,-4,,,,
074933,0,0,0,172,,,,
074939,0,0,0,40,,,,
07493P,0,0,0,-61,,,,
074940,0,0,0,10,,,,
074946,0,0,0,1299,,,,
074951,0,0,0,100,,,,
074958,0,0,0,-60,,,,
074960,0,0,0,-5,,,,
074966,0,0,0,-138,,,,
074967,0,0,0,-10,,,,
074970,0,0,0,6,,,,
074971,0,0,0,140,,,,
074973,0,0,0,0,,,,
074974,0,0,0,0,,,,
074980,0,0,0,30,,,,
074986,0,0,0,62,,,,
074987,0,0,0,-51,,,,
074988,0,0,0,-1,,,,
074995,0,0,0,-181,,,,
075001,0,0,0,141,,,,
075002,0,0,0,45,,,,
075003,0,0,0,83,,,,
075004,0,0,0,-201,,,,
075014,0,0,0,-2,,,,
075015,-8,0,0,450,,,,
07501P,0,0,0,-7,,,,
075030,0,0,0,-10,,,,
075033,0,0,0,1396,,,,
075071,0,0,0,-30,,,,
075082,0,0,0,0,,,,
075083,0,0,0,-66,,,,
075086,0,0,0,14,,,,
075087,0,0,0,-1,,,,
07508P,0,0,0,-241,,,,
075090,0,0,0,-421,,,,
075093,0,0,0,-2,,,,
075095,0,0,0,-400,,,,
075099,0,0,0,1,,,,
075100,0,0,0,-5,,,,
075104,0,0,0,462,,,,
075106,0,0,0,5,,,,
075109,0,0,0,63,,,,
075125,0,0,0,8,,,,
07512P,0,0,0,80,,,,
075136,0,0,0,-7,,,,
075139,0,0,0,2,,,,
075141,0,0,0,10,,,,
075142,0,0,0,58,,,,
075147,0,0,0,-5,,,,
07514P,0,0,0,-100,,,,
075156,0,0,0,0,,,,
075157,0,0,0,-35,,,,
075158,0,0,0,7,,,,
075160,0,0,0,2,,,,
075167,0,0,0,0,,,,
075168,0,0,0,-235,,,,
075169,0,0,0,250,,,,
075170,0,0,0,127,,,,
075174,0,0,0,-6,,,,
075177,0,0,0,22,,,,
075182,0,0,0,-210,,,,
075185,0,0,0,15,,,,
075187,0,0,0,0,,,,
075192,0,0,0,-30,,,,
075199,0,0,0,87,,,,
075201,0,0,0,130,,,,
075217,0,0,0,-2,,,,
075219,0,0,0,5,,,,
075221,0,0,0,0,,,,
075227,0,0,0,0,,,,
075232,0,0,0,15,,,,
075238,0,0,0,55,,,,
075239,0,0,0,32,,,,
075241,0,0,0,35,,,,
075248,0,0,0,165,,,,
07524P,0,0,0,-235,,,,
075252,0,0,0,-35,,,,
075253,0,0,0,3,,,,
075254,0,0,0,-1,,,,
075255,0,0,0,58,,,,
075268,0,0,0,99,,,,
075272,0,0,0,50,,,,
075274,0,0,0,0,,,,
075275,0,0,0,798,,,,
075278,0,0,0,100,,,,
075280,0,0,0,10,,,,
075287,0,0,0,7,,,,
075288,0,0,0,60,,,,
075292,0,0,0,-107,,,,
075293,0,0,0,-119,,,,
075312,0,0,0,-5,,,,
075324,0,0,0,-50,,,,
075333,0,0,0,0,,,,
075339,0,0,0,0,,,,
07533P,0,0,0,40,,,,
075345,0,0,0,-10,,,,
075346,0,0,0,68,,,,
075347,0,0,0,20,,,,
075354,0,0,0,-27,,,,
075360,0,0,0,1,,,,
075367,0,0,0,-6,,,,
075368,0,0,0,0,,,,
075380,0,0,0,1,,,,
075386,0,0,0,-200,,,,
075387,0,0,0,296,,,,
075390,0,0,0,21,,,,
075392,0,0,0,216,,,,
075394,0,0,0,350,,,,
075399,0,0,0,-37,,,,
075412,0,0,0,18,,,,
075413,0,0,0,-10,,,,
075417,0,0,0,404,,,,
075418,0,0,0,-69,,,,
075420,0,0,0,-1020,,,,
075421,0,0,0,-8,,,,
075425,0,0,0,0,,,,
075432,0,0,0,68,,,,
075435,0,0,0,43,,,,
075437,0,0,0,61,,,,
075438,0,0,0,-180,,,,
075440,0,0,0,-400,,,,
075443,0,0,0,-35,,,,
075444,0,0,0,297,,,,
075445,0,0,0,45,,,,
07544P,0,0,0,-70,,,,
075454,0,0,0,33,,,,
075456,0,0,0,26,,,,
075466,0,0,0,107,,,,
075471,0,0,0,20,,,,
075474,0,0,0,5,,,,
075476,0,0,0,68,,,,
07547P,0,0,0,50,,,,
075491,0,0,0,10,,,,
075495,0,0,0,-1,,,,
075496,0,0,0,194,,,,
075498,0,0,0,-10,,,,
075499,0,0,0,-12,,,,
075502,0,0,0,30,,,,
075505,0,0,0,-7,,,,
075506,0,0,0,-34,,,,
075507,0,0,0,-2,,,,
075509,0,0,0,41,,,,
075510,0,0,0,49,,,,
075526,0,0,0,13,,,,
075530,0,0,0,2,,,,
075533,0,0,0,-10,,,,
075536,0,0,0,40,,,,
075540,0,0,0,54,,,,
075544,0,0,0,5,,,,
075545,0,0,0,-10,,,,
075547,0,0,0,13,,,,
075552,0,0,0,1,,,,
075554,0,0,0,-120,,,,
075555,0,0,0,6,,,,
075557,0,0,0,24,,,,
07555P,0,0,0,-20,,,,
075561,0,0,0,-10,,,,
075568,0,0,0,14,,,,
075569,0,0,0,-50,,,,
075572,0,0,0,37,,,,
075575,0,0,0,100,,,,
075586,0,0,0,10,,,,
07558P,0,0,0,-10,,,,
075591,0,0,0,110,,,,
075600,0,0,0,-40,,,,
075604,0,0,0,1,,,,
075615,0,0,0,220,,,,
075618,0,0,0,6,,,,
075619,0,0,0,-31,,,,
075621,0,0,0,10,,,,
075628,0,0,0,-15,,,,
075629,0,0,0,-100,,,,
075654,0,0,0,111,,,,
075662,0,0,0,20,,,,
075666,0,0,0,-58,,,,
075671,0,0,0,24,,,,
075685,0,0,0,28,,,,
075687,0,0,0,181,,,,
075690,0,0,0,200,,,,
075701,0,0,0,269,,,,
075709,0,0,0,0,,,,
075714,0,0,0,-50,,,,
075715,0,0,0,-96,,,,
075717,0,0,0,15,,,,
075719,0,0,0,36,,,,
075721,0,0,0,-26,,,,
075724,0,0,0,360,,,,
075725,0,0,0,1,,,,
075729,0,0,0,12,,,,
075734,0,0,0,489,,,,
075735,0,0,0,-10,,,,
075747,0,0,0,31,,,,
075748,0,0,0,-5,,,,
075749,0,0,0,-29,,,,
075750,0,0,0,-186,,,,
075752,0,0,0,499,,,,
075759,0,0,0,3,,,,
075760,0,0,0,147,,,,
075773,0,0,0,-10,,,,
075777,0,0,0,299,,,,
075778,0,0,0,-20,,,,
075781,0,0,0,100,,,,
075785,0,0,0,-5,,,,
075786,0,0,0,10,,,,
075787,0,0,0,57,,,,
075801,0,0,0,15,,,,
075803,0,0,0,20,,,,
075807,0,0,0,0,,,,
075810,0,0,0,-2,,,,
075813,0,0,0,9,,,,
075819,0,0,0,60,,,,
07581P,0,0,0,-30,,,,
075822,0,0,0,40,,,,
075826,0,0,0,44,,,,
075827,0,0,0,-193,,,,
075830,0,0,0,70,,,,
075846,0,0,0,4,,,,
075854,0,0,0,60,,,,
075859,0,0,0,-39,,,,
075865,0,0,0,59,,,,
075866,0,0,0,10,,,,
075867,0,0,0,-3,,,,
07586P,0,0,0,-347,,,,
075872,0,0,0,23,,,,
075873,0,0,0,50,,,,
075875,0,0,0,1,,,,
075877,0,0,0,-80,,,,
075881,0,0,0,8,,,,
075883,0,0,0,-10,,,,
075884,0,0,0,-360,,,,
075889,0,0,0,-3474,,,,
075890,0,0,0,20,,,,
075891,0,0,0,-30,,,,
075892,0,0,0,0,,,,
075900,0,0,0,-10,,,,
075901,0,0,0,50,,,,
075907,0,0,0,15,,,,
075909,0,0,0,46,,,,
075911,0,0,0,15,,,,
075914,0,0,0,273,,,,
075915,0,0,0,3,,,,
075926,0,0,0,0,,,,
075927,0,0,0,-34,,,,
075934,0,0,0,-37,,,,
075939,0,0,0,-1,,,,
07593P,0,0,0,49,,,,
075940,0,0,0,-12,,,,
075953,0,0,0,-5,,,,
075956,0,0,0,79,,,,
075960,0,0,0,28,,,,
075961,0,0,0,48,,,,
075967,0,0,0,30,,,,
075972,0,0,0,25,,,,
075985,0,0,0,-16,,,,
075994,0,0,0,-8,,,,
07599P,0,0,0,-1059,,,,
076000,0,0,0,41,,,,
076001,0,0,0,80,,,,
076007,0,0,0,62,,,,
076010,0,0,0,-9,,,,
076015,0,0,0,20,,,,
076021,0,0,0,-3,,,,
076022,0,0,0,-42,,,,
076027,0,0,0,18,,,,
076028,0,0,0,10,,,,
076033,0,0,0,-17,,,,
076034,0,0,0,-52,,,,
076038,0,0,0,145,,,,
076039,0,0,0,7,,,,
07603P,0,0,0,-500,,,,
076043,0,0,0,0,,,,
076044,0,0,0,60,,,,
076045,0,0,0,408,,,,
076046,0,0,0,240,,,,
07604P,0,0,0,-8,,,,
076050,0,0,0,-10,,,,
076052,0,0,0,-34,,,,
076054,0,0,0,10,,,,
076055,0,0,0,26,,,,
076057,0,0,0,10,,,,
076059,0,0,0,86,,,,
076061,0,0,0,39,,,,
076063,0,0,0,2,,,,
076064,0,0,0,-73,,,,
076065,0,0,0,47,,,,
076067,0,0,0,0,,,,
076068,0,0,0,-2,,,,
076070,0,0,0,-88,,,,
076071,0,0,0,-24,,,,
076072,0,0,0,103,,,,
076073,0,0,0,20,,,,
076074,0,0,0,12,,,,
076075,0,0,0,1,,,,
076078,0,0,0,-1,,,,
076081,0,0,0,40,,,,
076087,0,0,0,37,,,,
076090,0,0,0,62,,,,
076091,0,0,0,67,,,,
076094,0,0,0,-47,,,,
076103,0,0,0,-2,,,,
076110,0,0,0,50,,,,
076113,0,0,0,68,,,,
076116,0,0,0,100,,,,
076121,0,0,0,12,,,,
076123,0,0,0,-10,,,,
076124,0,0,0,-260,,,,
076125,0,0,0,-130,,,,
076128,0,0,0,58,,,,
07612P,0,0,0,-50,,,,
076131,0,0,0,0,,,,
076134,0,0,0,-11,,,,
076136,0,0,0,-23,,,,
076137,0,0,0,3,,,,
076138,0,0,0,1,,,,
076140,0,0,0,-5,,,,
076145,0,0,0,110,,,,
076149,0,0,0,766,,,,
076151,0,0,0,0,,,,
076158,0,0,0,33,,,,
076160,0,0,0,18,,,,
076166,0,0,0,0,,,,
07616P,0,0,0,0,,,,
076170,0,0,0,1,,,,
076171,0,0,0,0,,,,
076173,0,0,0,-14,,,,
076177,0,0,0,-20,,,,
076183,0,0,0,38,,,,
076184,0,0,0,0,,,,
076194,0,0,0,-5,,,,
076195,0,0,0,6,,,,
076197,0,0,0,2,,,,
076198,0,0,0,7,,,,
076199,0,0,0,-99,,,,
076202,0,0,0,0,,,,
076215,0,0,0,-20,,,,
076218,0,0,0,-67,,,,
076219,0,0,0,85,,,,
076221,0,0,0,120,,,,
076225,0,0,0,-371,,,,
076226,0,0,0,-31,,,,
076227,0,0,0,-1011,,,,
076231,0,0,0,40,,,,
076232,0,0,0,400,,,,
076233,0,0,0,-10,,,,
076236,0,0,0,-150,,,,
076239,0,0,0,293,,,,
076256,0,0,0,0,,,,
076259,0,0,0,0,,,,
076265,0,0,0,0,,,,
076269,0,0,0,119,,,,
076270,0,0,0,-19,,,,
076277,0,0,0,-80,,,,
076280,0,0,0,3,,,,
076284,0,0,0,-7,,,,
07628P,0,0,0,-54,,,,
076291,0,0,0,0,,,,
076293,0,0,0,23,,,,
076295,0,0,0,-110,,,,
076297,0,0,0,50,,,,
076298,0,0,0,-18,,,,
07629P,0,0,0,-20,,,,
076304,0,0,0,-1720,,,,
076306,0,0,0,284,,,,
076308,0,0,0,-20,,,,
07630P,0,0,0,-127,,,,
076310,0,0,0,37,,,,
076311,0,0,0,157,,,,
076312,0,0,0,24,,,,
076313,0,0,0,196,,,,
076314,0,0,0,114,,,,
076315,0,0,0,-2,,,,
076317,0,0,0,-7,,,,
076320,0,0,0,-5,,,,
076325,0,0,0,10,,,,
076326,0,0,0,-51,,,,
07632P,0,0,0,-60,,,,
076333,0,0,0,-5,,,,
076339,0,0,0,-10,,,,
076341,0,0,0,-60,,,,
076346,0,0,0,-16,,,,
07634P,0,0,0,10,,,,
076355,0,0,0,150,,,,
076356,0,0,0,53,,,,
076357,0,0,0,4,,,,
076358,0,0,0,128,,,,
07635P,0,0,0,-43,,,,
076360,0,0,0,0,,,,
076364,0,0,0,-6,,,,
076372,0,0,0,-13,,,,
076377,0,0,0,46,,,,
076378,0,0,0,-108,,,,
076379,0,0,0,563,,,,
076384,0,0,0,50,,,,
076391,0,0,0,10,,,,
076392,0,0,0,-58,,,,
076396,0,0,0,0,,,,
076400,0,0,0,30,,,,
076401,0,0,0,6,,,,
076403,0,0,0,-180,,,,
076404,0,0,0,-21,,,,
076405,0,0,0,0,,,,
076407,0,0,0,54,,,,
076414,0,0,0,40,,,,
076420,0,0,0,-1,,,,
076421,0,0,0,0,,,,
076422,0,0,0,-148,,,,
076423,0,0,0,-626,,,,
076427,0,0,0,0,,,,
076430,0,0,0,0,,,,
076432,0,0,0,50,,,,
076433,0,0,0,119,,,,
076434,0,0,0,34,,,,
076435,0,0,0,-460,,,,
076436,0,0,0,25,,,,
076438,0,0,0,-160,,,,
076441,0,0,0,23,,,,
076443,0,0,0,15,,,,
076451,0,0,0,17,,,,
076458,0,0,0,45,,,,
076467,0,0,0,16,,,,
076470,0,0,0,5,,,,
076472,0,0,0,9,,,,
076474,0,0,0,7,,,,
076475,0,0,0,-29,,,,
076478,0,0,0,12,,,,
07647P,0,0,0,150,,,,
076480,0,0,0,5,,,,
076483,0,0,0,0,,,,
076485,0,0,0,60,,,,
076492,0,0,0,-10,,,,
076493,0,0,0,3,,,,
076494,0,0,0,29,,,,
076497,0,0,0,99,,,,
076499,0,0,0,-8,,,,
07650P,0,0,0,1,,,,
076523,0,0,0,-59,,,,
076532,0,0,0,97,,,,
076535,0,0,0,-226,,,,
076538,0,0,0,154,,,,
076540,0,0,0,269,,,,
076548,0,0,0,5,,,,
076549,0,0,0,-121,,,,
076551,0,0,0,-15,,,,
076552,0,0,0,157,,,,
076556,0,0,0,50,,,,
076557,0,0,0,276,,,,
076560,0,0,0,5,,,,
076561,0,0,0,18,,,,
076565,0,0,0,17,,,,
076569,0,0,0,-200,,,,
07656P,0,0,0,2,,,,
076573,0,0,0,1277,,,,
076575,0,0,0,-993,,,,
076578,0,0,0,-136,,,,
076580,0,0,0,-345,,,,
076585,0,0,0,18,,,,
076586,0,0,0,-59,,,,
076587,0,0,0,-30,,,,
076595,0,0,0,177,,,,
076596,0,0,0,64,,,,
076601,0,0,0,-1,,,,
076606,0,0,0,2,,,,
076609,0,0,0,-16,,,,
076610,0,0,0,-3,,,,
076611,0,0,0,-20,,,,
076612,0,0,0,6,,,,
076620,0,0,0,-470,,,,
076623,0,0,0,34,,,,
076627,0,0,0,547,,,,
076630,0,0,0,-156,,,,
076631,0,0,0,-23,,,,
076632,0,0,0,150,,,,
076635,0,0,0,-39,,,,
076638,0,0,0,8,,,,
076639,0,0,0,0,,,,
076643,0,0,0,0,,,,
076645,0,0,0,-2,,,,
076646,0,0,0,9,,,,
076651,0,0,0,0,,,,
076652,0,0,0,90,,,,
076656,0,0,0,20,,,,
076658,0,0,0,-138,,,,
076660,0,0,0,30,,,,
076662,0,0,0,-82,,,,
076668,0,0,0,15,,,,
076669,0,0,0,38,,,,
076670,0,0,0,-20,,,,
076671,0,0,0,-8,,,,
076674,0,0,0,1,,,,
076677,0,0,0,16,,,,
076678,0,0,0,-25,,,,
076682,0,0,0,31,,,,
076685,0,0,0,2,,,,
076686,0,0,0,750,,,,
076689,0,0,0,-79,,,,
076696,0,0,0,0,,,,
076697,0,0,0,54,,,,
076698,0,0,0,-12,,,,
076700,0,0,0,0,,,,
076701,0,0,0,5,,,,
076704,0,0,0,105,,,,
07670P,0,0,0,-2,,,,
076718,0,0,0,-48,,,,
076728,0,0,0,2,,,,
076733,0,0,0,481,,,,
076737,0,0,0,-300,,,,
07673P,0,0,0,-6,,,,
076740,0,0,0,36,,,,
076745,0,0,0,-10,,,,
076746,0,0,0,-637,,,,
076747,0,0,0,5,,,,
076753,0,0,0,174,,,,
076754,0,0,0,1,,,,
076760,0,0,0,-18,,,,
076762,0,0,0,54,,,,
076776,0,0,0,7,,,,
076783,0,0,0,5,,,,
076789,0,0,0,13,,,,
076794,0,0,0,-1,,,,
076795,0,0,0,-62,,,,
076799,0,0,0,14,,,,
076800,0,0,0,17,,,,
076801,0,0,0,-1,,,,
076807,0,0,0,8,,,,
076812,0,0,0,-3,,,,
076822,0,0,0,-40,,,,
076825,0,0,0,35,,,,
076835,0,0,0,-8,,,,
076836,0,0,0,-69,,,,
076837,0,0,0,-96,,,,
076841,0,0,0,74,,,,
076842,0,0,0,-421,,,,
076844,0,0,0,-78,,,,
076847,0,0,0,-23,,,,
076850,0,0,0,-20,,,,
076852,0,0,0,138,,,,
076853,0,0,0,1,,,,
07685P,0,0,0,-100,,,,
076865,0,0,0,-165,,,,
076870,0,0,0,-22,,,,
076871,0,0,0,-25,,,,
076872,0,0,0,-5,,,,
076873,0,0,0,-29,,,,
076874,0,0,0,-67,,,,
076875,0,0,0,-65,,,,
076878,0,0,0,359,,,,
076881,0,0,0,-10,,,,
076887,0,0,0,3,,,,
076889,0,0,0,-108,,,,
076894,0,0,0,5,,,,
076896,0,0,0,11,,,,
076898,0,0,0,-40,,,,
076902,0,0,0,-20,,,,
076904,0,0,0,0,,,,
076905,0,0,0,13,,,,
076908,0,0,0,-2,,,,
076910,0,0,0,28,,,,
076914,0,0,0,0,,,,
076915,0,0,0,-484,,,,
076922,0,0,0,24,,,,
07692P,0,0,0,1,,,,
076931,0,0,0,-3,,,,
076933,0,0,0,74,,,,
076935,0,0,0,13,,,,
076937,0,0,0,24,,,,
076941,0,0,0,215,,,,
076947,0,0,0,-155,,,,
076949,0,0,0,-47,,,,
076950,0,0,0,170,,,,
076952,0,0,0,23,,,,
076961,0,0,0,-10,,,,
076965,0,0,0,12,,,,
076969,0,0,0,-17,,,,
076970,0,0,0,-100,,,,
076972,0,0,0,-10,,,,
076973,0,0,0,25,,,,
076974,0,0,0,300,,,,
076978,0,0,0,-357,,,,
076983,0,0,0,-95,,,,
076984,0,0,0,321,,,,
076992,0,0,0,-50,,,,
076999,0,0,0,5,,,,
077003,0,0,0,-3,,,,
077005,0,0,0,-53,,,,
077006,0,0,0,-220,,,,
077009,0,0,0,4,,,,
077011,0,0,0,-73,,,,
077017,0,0,0,-2,,,,
07702P,0,0,0,-1,,,,
077030,0,0,0,27,,,,
077031,0,0,0,94,,,,
077035,0,0,0,-5,,,,
077039,0,0,0,-10,,,,
077042,0,0,0,73,,,,
077044,0,0,0,4,,,,
077046,0,0,0,10,,,,
077047,0,0,0,112,,,,
077050,0,0,0,210,,,,
077055,0,0,0,2,,,,
077058,0,0,0,15,,,,
077059,0,0,0,665,,,,
077062,0,0,0,294,,,,
077063,0,0,0,0,,,,
07706P,0,0,0,-174,,,,
077073,0,0,0,20,,,,
077074,0,0,0,13,,,,
077077,0,0,0,1,,,,
077080,0,0,0,30,,,,
077081,0,0,0,128,,,,
077082,0,0,0,0,,,,
077084,0,0,0,60,,,,
077085,0,0,0,39,,,,
077091,0,0,0,38,,,,
077092,0,0,0,-60,,,,
077093,0,0,0,73,,,,
077094,0,0,0,10,,,,
077095,0,0,0,289,,,,
077099,0,0,0,4,,,,
077100,0,0,0,-6,,,,
077101,0,0,0,0,,,,
077102,0,0,0,-2500,,,,
077103,0,0,0,-70,,,,
077104,0,0,0,-1377,,,,
077109,0,0,0,-30,,,,
07710P,0,0,0,-47,,,,
077111,0,0,0,119,,,,
077114,0,0,0,258,,,,
077115,0,0,0,67,,,,
077117,0,0,0,51,,,,
077118,0,0,0,44,,,,
077121,0,0,0,-15,,,,
077124,0,0,0,-993,,,,
077128,0,0,0,6,,,,
077129,0,0,0,-20,,,,
077130,0,0,0,-29,,,,
077131,0,0,0,-247,,,,
077133,0,0,0,-166,,,,
077134,0,0,0,651,,,,
077144,0,0,0,39,,,,
077145,0,0,0,-5,,,,
077152,0,0,0,332,,,,
077156,0,0,0,268,,,,
077157,0,0,0,7,,,,
077158,0,0,0,-196,,,,
077162,0,0,0,444,,,,
077164,0,0,0,-16,,,,
077165,0,0,0,102,,,,
077166,0,0,0,-38,,,,
077167,0,0,0,-3,,,,
077168,0,0,0,74,,,,
077171,0,0,0,-16,,,,
077172,0,0,0,-22,,,,
077173,0,0,0,305,,,,
077175,0,0,0,88,,,,
077199,0,0,0,28,,,,
077203,0,0,0,0,,,,
077204,0,0,0,62,,,,
077205,0,0,0,-5,,,,
077206,0,0,0,10,,,,
077214,0,0,0,-71,,,,
077217,0,0,0,1,,,,
077222,0,0,0,-25,,,,
077223,0,0,0,89,,,,
077224,0,0,0,-23,,,,
077225,0,0,0,10,,,,
077226,0,0,0,0,,,,
077230,0,0,0,72,,,,
077234,0,0,0,-20,,,,
077235,0,0,0,-69,,,,
077236,0,0,0,15,,,,
077239,0,0,0,-42,,,,
077246,0,0,0,1417,,,,
077248,0,0,0,-50,,,,
077250,0,0,0,32,,,,
077251,0,0,0,24,,,,
077254,0,0,0,0,,,,
077265,0,0,0,4,,,,
077266,0,0,0,0,,,,
077267,0,0,0,216,,,,
077268,0,0,0,501,,,,
077270,0,0,0,1,,,,
077271,0,0,0,2,,,,
077272,0,0,0,-57,,,,
077278,0,0,0,-12,,,,
077280,0,0,0,-156,,,,
077281,0,0,0,-67,,,,
077283,0,0,0,-10,,,,
077288,0,0,0,-2,,,,
077293,0,0,0,248,,,,
077294,0,0,0,399,,,,
077296,0,0,0,46,,,,
077297,0,0,0,1017,,,,
077298,0,0,0,189,,,,
077305,-14,0,0,1087,,,,
077306,0,0,0,16,,,,
077307,0,0,0,6,,,,
077308,0,0,0,13,,,,
077314,0,0,0,0,,,,
077315,0,0,0,-20,,,,
077319,0,0,0,5,,,,
077321,0,0,0,43,,,,
077331,0,0,0,-30,,,,
077332,0,0,0,-10,,,,
077335,0,0,0,-41,,,,
077338,0,0,0,10,,,,
077339,0,0,0,2,,,,
077340,0,0,0,-24,,,,
077342,0,0,0,-126,,,,
077343,0,0,0,4,,,,
077347,0,0,0,5,,,,
077348,0,0,0,-30,,,,
077349,0,0,0,-52,,,,
077351,0,0,0,-40,,,,
077353,0,0,0,28,,,,
077359,0,0,0,-76,,,,
077362,0,0,0,13,,,,
077366,0,0,0,0,,,,
07736P,0,0,0,168,,,,
077370,0,0,0,-5,,,,
077371,0,0,0,68,,,,
077375,0,0,0,123,,,,
077377,0,0,0,-6,,,,
077378,0,0,0,18,,,,
077379,-40,0,0,40,,,,
077381,0,0,0,269,,,,
077384,0,0,0,15,,,,
077391,0,0,0,30,,,,
077393,0,0,0,-2,,,,
077399,0,0,0,177,,,,
077411,0,0,0,4,,,,
077420,0,0,0,120,,,,
077421,0,0,0,20,,,,
077422,0,0,0,-101,,,,
077425,0,0,0,-12,,,,
077426,0,0,0,-1,,,,
077427,0,0,0,-10,,,,
07742P,0,0,0,30,,,,
077434,0,0,0,-10,,,,
077441,0,0,0,3,,,,
077443,0,0,0,14,,,,
077451,0,0,0,1,,,,
077452,0,0,0,21,,,,
077456,0,0,0,58,,,,
077458,0,0,0,52,,,,
077462,0,0,0,11,,,,
077468,0,0,0,50,,,,
077469,0,0,0,261,,,,
077472,0,0,0,-15,,,,
077475,0,0,0,-16,,,,
077476,0,0,0,254,,,,
077479,0,0,0,-3,,,,
077481,0,0,0,-50,,,,
077488,0,0,0,-16,,,,
077494,0,0,0,1144,,,,
077499,0,0,0,12,,,,
077502,0,0,0,-22,,,,
077506,0,0,0,20,,,,
077508,0,0,0,1,,,,
077512,0,0,0,-221,,,,
077514,0,0,0,-7,,,,
077515,0,0,0,-10,,,,
077516,0,0,0,-30,,,,
077519,0,0,0,10,,,,
077520,0,0,0,-4,,,,
077521,0,0,0,45,,,,
077523,0,0,0,36,,,,
077524,0,0,0,14,,,,
077525,0,0,0,-4,,,,
077529,0,0,0,189,,,,
077530,0,0,0,11,,,,
077531,0,0,0,-22,,,,
077532,0,0,0,-6,,,,
077533,0,0,0,20,,,,
077534,0,0,0,272,,,,
077536,0,0,0,-86,,,,
077537,0,0,0,-82,,,,
077539,0,0,0,-10,,,,
077540,0,0,0,-20,,,,
077549,0,0,0,-5,,,,
077550,0,0,0,-2,,,,
077559,0,0,0,2,,,,
077565,0,0,0,0,,,,
077567,0,0,0,-19,,,,
077569,0,0,0,14,,,,
077575,0,0,0,0,,,,
077580,0,0,0,-16,,,,
077585,0,0,0,4,,,,
07758P,0,0,0,99,,,,
077595,0,0,0,-6,,,,
077596,0,0,0,-7,,,,
077601,0,0,0,0,,,,
077602,0,0,0,-307,,,,
077603,0,0,0,8,,,,
077606,0,0,0,10,,,,
077607,0,0,0,-1,,,,
077608,0,0,0,161,,,,
077614,0,0,0,11,,,,
077617,0,0,0,-95,,,,
077619,0,0,0,-59,,,,
077620,0,0,0,20,,,,
077623,0,0,0,120,,,,
077625,0,0,0,-60,,,,
077627,0,0,0,0,,,,
077630,0,0,0,178,,,,
077631,0,0,0,146,,,,
077634,0,0,0,62,,,,
077636,0,0,0,-38,,,,
077640,0,0,0,10,,,,
077641,0,0,0,44,,,,
077644,0,0,0,6,,,,
077645,0,0,0,9,,,,
077649,0,0,0,2,,,,
077650,0,0,0,0,,,,
077651,0,0,0,-22,,,,
077652,0,0,0,-29,,,,
077654,0,0,0,204,,,,
077659,0,0,0,-321,,,,
07765P,0,0,0,7,,,,
077661,0,0,0,7,,,,
077662,0,0,0,18,,,,
077667,0,0,0,-40,,,,
077669,0,0,0,-21,,,,
07766P,0,0,499,-499,,,,
077673,0,0,0,-20,,,,
077676,0,0,0,0,,,,
077677,0,0,0,28,,,,
077678,0,0,0,62,,,,
077680,0,0,0,51,,,,
077685,0,0,0,63,,,,
077686,0,0,0,1,,,,
077687,0,0,0,113,,,,
077690,0,0,0,1,,,,
077691,0,0,0,-23,,,,
077693,0,0,0,-41,,,,
077695,0,0,0,-20,,,,
077697,0,0,0,-15,,,,
077698,0,0,0,105,,,,
07769P,0,0,0,-15,,,,
077701,0,0,0,3,,,,
077702,0,0,0,150,,,,
077703,0,0,0,66,,,,
077704,0,0,0,-3,,,,
077707,0,0,0,50,,,,
077708,0,0,0,33,,,,
077709,0,0,0,-30,,,,
077710,0,0,0,-61,,,,
077713,0,0,0,-4,,,,
077714,0,0,0,12,,,,
077717,0,0,0,-441,,,,
077723,0,0,0,7,,,,
077728,0,0,0,40,,,,
077729,0,0,0,-111,,,,
077732,0,0,0,-100,,,,
077733,0,0,0,-10,,,,
077735,0,0,0,-5,,,,
077736,0,0,0,-10,,,,
077737,0,0,0,10,,,,
077738,0,0,0,-5,,,,
07773P,0,0,0,0,,,,
077741,0,0,0,-154,,,,
077743,0,0,0,-30,,,,
077744,0,0,0,-20,,,,
077746,0,0,0,19,,,,
077747,0,0,0,296,,,,
077753,0,0,0,1,,,,
077756,0,0,0,-35,,,,
077757,0,0,0,176,,,,
077758,0,0,0,36,,,,
077760,0,0,0,-173,,,,
077761,0,0,0,-28,,,,
077770,0,0,0,300,,,,
077772,0,0,0,55,,,,
077774,0,0,0,-7,,,,
077775,0,0,0,-70,,,,
077776,0,0,0,-20,,,,
077779,0,0,0,100,,,,
07777P,0,0,0,277,,,,
077781,0,0,0,0,,,,
077782,0,0,0,-5,,,,
077785,0,0,0,503,,,,
07778P,0,0,0,-50,,,,
077790,0,0,0,-3,,,,
077811,0,0,0,-150,,,,
077818,0,0,0,27,,,,
077823,0,0,0,0,,,,
077828,0,0,0,-100,,,,
077837,0,0,0,58,,,,
077839,0,0,0,0,,,,
077848,0,0,0,0,,,,
077849,0,0,0,-210,,,,
077851,0,0,0,111,,,,
077852,0,0,0,9,,,,
077854,0,0,0,44,,,,
077855,0,0,0,9,,,,
077856,0,0,0,17,,,,
077859,0,0,0,46,,,,
077860,0,0,0,7,,,,
077861,0,0,0,4,,,,
077862,0,0,0,3,,,,
077863,0,0,0,10,,,,
077867,0,0,0,-10,,,,
077868,0,0,0,-423,,,,
07786P,0,0,0,5,,,,
077871,0,0,0,161,,,,
077872,0,0,0,-156,,,,
077873,0,0,0,300,,,,
077882,0,0,0,-435,,,,
077884,0,0,0,5,,,,
077885,0,0,0,-1,,,,
077889,0,0,0,-9,,,,
077890,0,0,0,-112,,,,
077892,0,0,0,-1,,,,
077893,0,0,0,0,,,,
077894,0,0,0,-136,,,,
077895,0,0,0,63,,,,
077896,0,0,0,66,,,,
077898,0,0,0,263,,,,
077899,0,0,0,1,,,,
077902,0,0,0,-20,,,,
077903,0,0,0,-10,,,,
077906,0,0,0,34,,,,
077907,0,0,0,58,,,,
077913,0,0,0,0,,,,
077915,0,0,0,248,,,,
077916,0,0,0,68,,,,
077917,0,0,0,152,,,,
077918,0,0,0,-21,,,,
077920,0,0,0,0,,,,
077921,0,0,0,-81,,,,
077922,0,0,0,5,,,,
077926,0,0,0,-10,,,,
077934,0,0,0,-20,,,,
077938,0,0,0,-28,,,,
077939,0,0,0,10,,,,
077943,0,0,0,3,,,,
077945,0,0,0,32,,,,
07794P,0,0,0,-10,,,,
077950,0,0,0,-22,,,,
077951,0,0,0,66,,,,
077952,0,0,0,-10,,,,
07795P,0,0,0,-120,,,,
077964,0,0,0,293,,,,
077965,0,0,0,-218,,,,
077966,0,0,0,-7,,,,
077967,0,0,0,-650,,,,
077968,0,0,0,-95,,,,
077969,0,0,0,-265,,,,
077970,0,0,0,-31,,,,
077971,0,0,0,-5,,,,
077975,0,0,0,24,,,,
077977,0,0,0,-261,,,,
077978,0,0,0,65,,,,
077982,0,0,0,124,,,,
077983,0,0,0,16,,,,
077984,0,0,0,2,,,,
077987,0,0,0,5,,,,
078000,0,0,0,64,,,,
078003,0,0,0,2,,,,
078004,0,0,0,4,,,,
078017,0,0,0,-143,,,,
078020,0,0,0,15,,,,
078021,0,0,0,31,,,,
078025,0,0,0,29,,,,
078034,0,0,0,92,,,,
07803P,0,0,0,5,,,,
078040,0,0,0,-20,,,,
078041,0,0,0,-3,,,,
078044,0,0,0,-48,,,,
078046,0,0,0,0,,,,
078048,0,0,0,199,,,,
078049,10,0,0,37,,,,
078051,0,0,0,-20,,,,
078057,0,0,0,-24,,,,
07806P,0,0,0,-41,,,,
078074,0,0,0,27,,,,
078075,0,0,0,3,,,,
078077,0,0,0,20,,,,
078078,0,0,0,-1,,,,
078079,0,0,0,10,,,,
078083,0,0,0,0,,,,
078084,0,0,0,177,,,,
078087,0,0,0,3,,,,
078093,0,0,0,-71,,,,
078098,0,0,0,11,,,,
078099,0,0,0,553,,,,
078100,0,0,0,-34,,,,
078106,0,0,0,3,,,,
078117,0,0,0,-488,,,,
078118,0,0,0,35,,,,
07811P,0,0,0,5,,,,
07812P,0,0,0,-11,,,,
078131,0,0,0,-14,,,,
078138,0,0,0,10,,,,
078144,0,0,0,9,,,,
078145,0,0,0,1,,,,
078146,0,0,0,1,,,,
078150,0,0,0,0,,,,
078153,0,0,0,-22,,,,
07815P,0,0,0,0,,,,
078161,0,0,0,-211,,,,
078170,0,0,0,-1200,,,,
078175,0,0,0,-1,,,,
078189,0,0,0,-7,,,,
078199,0,0,0,-641,,,,
078200,0,0,0,127,,,,
078203,0,0,0,-42,,,,
078217,0,0,0,-4,,,,
078223,0,0,0,-39,,,,
07822P,0,0,0,-3,,,,
078232,0,0,0,-3,,,,
078237,0,0,0,-12,,,,
078238,0,0,0,10,,,,
078240,0,0,0,200,,,,
078241,0,0,0,-15,,,,
078263,0,0,0,-32,,,,
078274,0,0,0,-13,,,,
078281,0,0,0,-10,,,,
078282,0,0,0,110,,,,
078291,0,0,0,44,,,,
078296,0,0,0,7,,,,
078312,0,0,0,-19,,,,
07832P,0,0,0,-15,,,,
078336,0,0,0,-124,,,,
078346,0,0,0,10,,,,
078351,0,0,0,15,,,,
078353,0,0,0,17,,,,
078354,0,0,0,2,,,,
078366,0,0,0,3,,,,
078367,0,0,0,-2,,,,
078374,0,0,0,15,,,,
078375,0,0,0,0,,,,
078380,0,0,0,23,,,,
078384,0,0,0,3,,,,
078385,0,0,0,-4,,,,
07839P,0,0,0,-21,,,,
078405,0,0,0,3,,,,
078411,0,0,0,-117,,,,
078429,0,0,0,503,,,,
078435,0,0,0,-1,,,,
078436,0,0,0,69,,,,
078452,0,0,0,5,,,,
078462,0,0,0,-30,,,,
078472,0,0,0,0,,,,
078476,0,0,0,-1,,,,
078477,0,0,0,-1,,,,
078484,0,0,0,-18,,,,
078489,0,0,0,-30,,,,
078491,0,0,0,0,,,,
078492,0,0,0,-408,,,,
078493,0,0,0,-431,,,,
078506,0,0,0,-5,,,,
078510,0,0,0,-10,,,,
078512,0,0,0,3,,,,
078519,0,0,0,55,,,,
078523,0,0,0,-8,,,,
078526,0,0,0,12,,,,
078529,0,0,0,-10,,,,
078532,0,0,0,-20,,,,
078539,0,0,0,10,,,,
078540,0,0,0,38,,,,
078542,0,0,0,10,,,,
078545,0,0,0,-4,,,,
078549,0,0,0,-5,,,,
078554,0,0,0,50,,,,
078558,0,0,0,25,,,,
078567,0,0,0,153,,,,
078568,0,0,0,7,,,,
078584,0,0,0,50,,,,
078585,0,0,0,0,,,,
078595,0,0,0,89,,,,
078597,0,0,0,6,,,,
078599,0,0,0,15,,,,
078603,0,0,0,-1,,,,
078609,0,0,0,79,,,,
078610,0,0,0,-16,,,,
078612,0,0,0,10,,,,
078615,0,0,0,-5,,,,
078617,0,0,0,-21,,,,
078619,0,0,0,25,,,,
078620,0,0,0,-6,,,,
078624,0,0,0,56,,,,
078630,0,0,0,434,,,,
078635,0,0,0,5,,,,
078638,0,0,0,-2,,,,
078640,0,0,0,5,,,,
078641,0,0,0,6,,,,
078643,0,0,0,3,,,,
078649,0,0,0,100,,,,
078650,0,0,0,-333,,,,
078652,0,0,0,3,,,,
078656,0,0,0,-10,,,,
078660,0,0,0,-113,,,,
078661,0,0,0,53,,,,
078664,0,0,0,4,,,,
078666,0,0,0,250,,,,
078673,0,0,0,38,,,,
078679,0,0,0,28,,,,
078683,0,0,0,-13,,,,
078686,0,0,0,-30,,,,
078688,0,0,0,-1050,,,,
078689,0,0,0,83,,,,
078699,0,0,0,642,,,,
078704,0,0,0,-24,,,,
078707,0,0,0,-54,,,,
078708,0,0,0,-20,,,,
078711,0,0,0,-7,,,,
078712,0,0,0,23,,,,
078713,0,0,0,7,,,,
078716,0,0,0,-11,,,,
078736,0,0,0,76,,,,
078740,0,0,0,40,,,,
078741,0,0,0,-104,,,,
078744,0,0,0,22,,,,
078747,0,0,0,0,,,,
078749,0,0,0,52,,,,
078750,0,0,0,12,,,,
078752,0,0,0,2,,,,
078756,0,0,0,0,,,,
078758,0,0,0,50,,,,
078759,0,0,0,-26,,,,
07875P,0,0,0,-30,,,,
078760,0,0,0,-172,,,,
078766,0,0,0,1,,,,
078767,0,0,0,32,,,,
078768,0,0,0,50,,,,
078769,0,0,0,79,,,,
07876P,0,0,0,-26,,,,
07877P,0,0,0,-8,,,,
078790,0,0,0,4,,,,
078791,0,0,0,38,,,,
078793,0,0,0,132,,,,
078794,0,0,0,160,,,,
078796,0,0,0,-5,,,,
078801,0,0,0,1,,,,
078810,0,0,0,-1,,,,
078816,0,0,0,0,,,,
078826,0,0,0,5,,,,
078827,0,0,0,0,,,,
078828,0,0,0,179,,,,
078829,0,0,0,-7,,,,
078830,0,0,0,2,,,,
078831,0,0,0,-1,,,,
078832,0,0,0,30,,,,
078835,0,0,0,18,,,,
078836,0,0,0,11,,,,
078838,0,0,0,0,,,,
078839,0,0,0,30,,,,
078843,0,0,0,-7,,,,
078846,0,0,0,-22,,,,
078851,0,0,0,96,,,,
078852,0,0,0,4,,,,
078853,0,0,0,-10,,,,
078854,0,0,0,-10,,,,
078856,0,0,0,-36,,,,
078858,0,0,0,74,,,,
078861,0,0,0,4,,,,
078867,0,0,0,2,,,,
078869,0,0,0,128,,,,
07886P,0,0,0,98,,,,
078870,0,0,0,63,,,,
078878,0,0,0,6,,,,
078879,0,0,0,-1,,,,
078880,0,0,0,48,,,,
078881,0,0,0,2,,,,
078889,0,0,0,43,,,,
078891,0,0,0,-42,,,,
078898,0,0,0,-42,,,,
078903,0,0,0,51,,,,
078904,0,0,0,53,,,,
078909,0,0,0,-200,,,,
078910,0,0,0,6,,,,
078911,0,0,0,53,,,,
078917,0,0,0,205,,,,
078918,0,0,0,-188,,,,
078919,0,0,0,155,,,,
078922,0,0,0,3,,,,
078925,0,0,0,1,,,,
07892P,0,0,0,1,,,,
078932,0,0,0,-68,,,,
078933,0,0,0,-50,,,,
078937,0,0,0,-164,,,,
078938,0,0,0,-73,,,,
078943,0,0,0,-20,,,,
078946,0,0,0,36,,,,
078949,-3,0,0,17,,,,
078950,0,0,0,-20,,,,
078953,0,0,0,20,,,,
078955,0,0,0,-10,,,,
078956,0,0,0,9,,,,
078957,0,0,0,15,,,,
078958,0,0,0,218,,,,
078959,0,0,0,20,,,,
078960,0,0,0,39,,,,
078965,0,0,0,1,,,,
078967,0,0,0,-556,,,,
078968,0,0,0,1,,,,
078971,0,0,0,29,,,,
078972,0,0,0,60,,,,
078975,0,0,0,-193,,,,
078976,0,0,0,10,,,,
078977,0,0,0,-10,,,,
07897P,0,0,0,-9,,,,
078986,0,0,0,10,,,,
07898P,0,0,0,-10,,,,
079006,0,0,0,279,,,,
079008,0,0,0,5,,,,
079010,0,0,0,0,,,,
079016,0,0,0,-56,,,,
07901P,0,0,0,-6,,,,
079027,0,0,0,39,,,,
079032,0,0,0,-21,,,,
079036,0,0,0,15,,,,
079039,0,0,0,-13,,,,
079040,0,0,0,-82,,,,
079042,0,0,0,44,,,,
079043,0,0,0,46,,,,
079044,0,0,0,3,,,,
079046,0,0,0,-8,,,,
079050,0,0,0,54,,,,
079060,0,0,0,-25,,,,
079063,0,0,0,240,,,,
079066,0,0,0,0,,,,
079073,0,0,0,31,,,,
079076,0,0,0,11,,,,
079077,0,0,0,49,,,,
079080,0,0,0,5,,,,
079088,0,0,0,3,,,,
07908P,0,0,0,2,,,,
079092,0,0,0,32,,,,
079102,0,0,0,0,,,,
079106,0,0,0,0,,,,
079109,0,0,0,-10,,,,
079116,0,0,0,750,,,,
079122,0,0,0,-10,,,,
079124,0,0,0,-3,,,,
079131,0,0,0,-35,,,,
079132,0,0,0,641,,,,
079133,0,0,0,-40,,,,
079135,0,0,0,-32,,,,
079136,0,0,0,100,,,,
079137,0,0,0,-23,,,,
07913P,0,0,0,-110,,,,
079141,0,0,0,38,,,,
079143,0,0,0,0,,,,
07914P,0,0,0,-103,,,,
079153,0,0,0,-5,,,,
079162,0,0,0,80,,,,
079163,0,0,0,0,,,,
079165,0,0,0,45,,,,
079166,0,0,0,0,,,,
079169,0,0,0,-2,,,,
079171,0,0,0,-3,,,,
079172,0,0,0,-6,,,,
079174,0,0,0,-20,,,,
079178,0,0,0,2,,,,
079179,0,0,0,1,,,,
079181,0,0,0,-30,,,,
079183,0,0,0,10,,,,
079184,0,0,0,-290,,,,
079186,0,0,0,-50,,,,
079187,0,0,0,10,,,,
079190,0,0,0,17,,,,
079198,0,0,0,146,,,,
079201,0,0,0,-1,,,,
079209,0,0,0,-105,,,,
079211,0,0,0,457,,,,
079224,0,0,0,3,,,,
079227,0,0,0,-550,,,,
079229,0,0,0,62,,,,
079233,0,0,0,25,,,,
079238,0,0,0,27,,,,
079240,0,0,0,17,,,,
079242,0,0,0,-223,,,,
079244,0,0,0,10,,,,
079246,0,0,0,20,,,,
079247,0,0,0,1,,,,
079248,0,0,0,5,,,,
079254,0,0,0,71,,,,
079255,0,0,0,-30,,,,
079257,0,0,0,2,,,,
079259,0,0,0,0,,,,
079267,0,0,0,5,,,,
07926P,0,0,0,2,,,,
079274,0,0,0,-5,,,,
079275,0,0,0,144,,,,
079283,0,0,0,68,,,,
079285,0,0,0,-10,,,,
07928P,0,0,0,-40,,,,
079293,0,0,0,4,,,,
07929P,0,0,0,-377,,,,
079303,0,0,0,2,,,,
079305,0,0,0,10,,,,
079308,0,0,0,96,,,,
079309,0,0,0,24,,,,
079315,0,0,0,1296,,,,
079316,0,0,0,40,,,,
079320,0,0,0,0,,,,
079322,0,0,0,-1136,,,,
079328,0,0,0,107,,,,
079329,0,0,0,126,,,,
079335,0,0,0,-10,,,,
079336,0,0,0,-4,,,,
079339,0,0,0,58,,,,
079343,0,0,0,28,,,,
079345,0,0,0,4,,,,
079346,0,0,0,4,,,,
07934P,0,0,0,-11,,,,
079352,0,0,0,58,,,,
079354,0,0,0,-100,,,,
079363,0,0,0,-2,,,,
079364,0,0,0,20,,,,
079368,0,0,0,200,,,,
079369,0,0,0,0,,,,
079370,0,0,0,-10,,,,
079371,0,0,0,-20,,,,
079373,0,0,0,-4,,,,
079383,0,0,0,73,,,,
079384,0,0,0,-21,,,,
079386,0,0,0,436,,,,
079387,0,0,0,-114,,,,
079388,0,0,0,145,,,,
079390,0,0,0,-9,,,,
079396,0,0,0,-3,,,,
079400,0,0,0,5,,,,
079401,0,0,0,21,,,,
079403,0,0,0,0,,,,
079407,0,0,0,38,,,,
079409,0,0,0,10,,,,
079415,0,0,0,2,,,,
079416,0,0,0,85,,,,
079418,0,0,0,128,,,,
079420,0,0,0,100,,,,
079426,0,0,0,-136,,,,
079427,0,0,0,2,,,,
079440,0,0,0,50,,,,
079442,0,0,0,298,,,,
079443,0,0,0,70,,,,
079447,0,0,0,1473,,,,
079448,0,0,0,62,,,,
079458,0,0,0,-20,,,,
079461,0,0,0,29,,,,
07946P,0,0,0,20,,,,
079474,0,0,0,60,,,,
07948P,0,0,0,-4,,,,
079490,0,0,0,4,,,,
079494,0,0,0,-10,,,,
079499,0,0,0,1,,,,
079502,0,0,0,-1,,,,
079503,0,0,0,-52,,,,
079505,0,0,0,-1,,,,
079507,0,0,0,-11,,,,
079508,0,0,0,47,,,,
079509,0,0,0,6,,,,
079514,0,0,0,-37,,,,
079517,0,0,0,21,,,,
079522,0,0,0,11,,,,
079524,0,0,0,-10,,,,
079532,0,0,0,20,,,,
079533,0,0,0,69,,,,
079535,0,0,0,-20,,,,
079537,0,0,0,-10,,,,
07953P,0,0,0,-37,,,,
079544,0,0,0,-617,,,,
079549,0,0,0,3,,,,
07954P,0,0,0,-60,,,,
079551,0,0,0,-1,,,,
079554,0,0,0,320,,,,
079555,0,0,0,20,,,,
079556,0,0,0,0,,,,
079558,0,0,0,-700,,,,
079560,0,0,0,-67,,,,
079568,0,0,0,-149,,,,
079578,0,0,0,4,,,,
079581,0,0,0,-84,,,,
079589,0,0,0,-14,,,,
079591,0,0,0,-60,,,,
079592,0,0,0,-18,,,,
079593,0,0,0,10,,,,
079595,0,0,0,15,,,,
079598,0,0,0,197,,,,
079599,0,0,0,-30,,,,
079606,0,0,0,9,,,,
079609,0,0,0,-12,,,,
079616,0,0,0,136,,,,
079617,0,0,0,115,,,,
079618,0,0,0,183,,,,
079622,0,0,0,-199,,,,
079629,0,0,0,-27,,,,
079630,0,0,0,58,,,,
079631,0,0,0,-218,,,,
079632,0,0,0,-78,,,,
079633,0,0,0,-59,,,,
079636,0,0,0,10,,,,
079640,0,0,0,87,,,,
079642,0,0,0,-59,,,,
079645,0,0,0,9,,,,
079646,0,0,0,-32,,,,
079653,0,0,0,37,,,,
079654,0,0,0,-2,,,,
079655,0,0,0,284,,,,
079658,0,0,0,0,,,,
079659,0,0,0,-1,,,,
07965P,0,0,0,-138,,,,
079664,0,0,0,50,,,,
07966P,0,0,0,-137,,,,
079670,0,0,0,-26,,,,
079671,0,0,0,0,,,,
079678,0,0,0,5,,,,
079680,0,0,0,10,,,,
079681,0,0,0,22,,,,
079683,0,0,0,208,,,,
07968P,0,0,0,-450,,,,
079691,0,0,0,-161,,,,
079696,0,0,0,-234,,,,
079698,0,0,0,-82,,,,
079699,0,0,0,10,,,,
079707,0,0,0,292,,,,
079710,0,0,0,0,,,,
079713,0,0,0,-20,,,,
079715,0,0,0,-10,,,,
079717,0,0,0,7,,,,
079719,0,0,0,24,,,,
07971P,0,0,0,10,,,,
079722,0,0,0,-5,,,,
079723,0,0,0,10,,,,
079724,0,0,0,-5,,,,
079728,0,0,0,-3,,,,
079734,0,0,0,22,,,,
079736,0,0,0,3,,,,
079741,0,0,0,0,,,,
079742,0,0,0,72,,,,
079743,0,0,0,25,,,,
079744,0,0,0,-46,,,,
079745,0,0,0,-80,,,,
079746,0,0,0,30,,,,
079747,0,0,0,-30,,,,
079748,0,0,0,10,,,,
079751,0,0,0,0,,,,
079752,0,0,0,170,,,,
079753,0,0,0,54,,,,
079754,0,0,0,28,,,,
079763,0,0,0,-145,,,,
079769,0,0,0,7,,,,
07976P,0,0,0,1,,,,
079774,0,0,0,-30,,,,
079776,0,0,0,7,,,,
079779,0,0,0,-9,,,,
079781,0,0,0,56,,,,
079785,0,0,0,-78,,,,
079786,0,0,0,-4,,,,
079790,0,0,0,21,,,,
079793,0,0,0,-687,,,,
079797,0,0,0,-483,,,,
079799,0,0,0,70,,,,
079801,0,0,0,-3,,,,
079802,0,0,0,-168,,,,
079804,0,0,0,0,,,,
079805,0,0,0,-22,,,,
079807,0,0,0,135,,,,
079815,0,0,0,-1,,,,
079820,0,0,0,4,,,,
079827,0,0,0,-2,,,,
079831,0,0,0,0,,,,
079832,0,0,0,-20,,,,
079834,0,0,0,127,,,,
079836,0,0,0,9,,,,
079837,0,0,0,10,,,,
079838,0,0,0,-233,,,,
079847,0,0,0,2,,,,
079848,0,0,0,21,,,,
079854,0,0,0,0,,,,
079855,0,0,0,33,,,,
079858,0,0,0,2,,,,
079859,0,0,0,0,,,,
07985P,0,0,0,1,,,,
079860,0,0,0,28,,,,
079861,0,0,0,3,,,,
079867,0,0,0,79,,,,
079872,0,0,0,0,,,,
079874,0,0,0,-313,,,,
079876,0,0,0,252,,,,
079877,0,0,0,-381,,,,
079880,0,0,0,1,,,,
079887,0,0,0,-4,,,,
079888,0,0,0,-12,,,,
079889,0,0,0,28,,,,
079894,0,0,0,-6,,,,
079895,0,0,0,228,,,,
079899,0,0,0,101,,,,
079903,0,0,0,-412,,,,
079904,0,0,0,80,,,,
079906,0,0,0,52,,,,
079911,0,0,0,50,,,,
079912,0,0,0,41,,,,
079913,0,0,0,9,,,,
079918,0,0,0,107,,,,
079919,0,0,0,32,,,,
079920,0,0,0,21,,,,
079921,0,0,0,-100,,,,
079923,0,0,0,5,,,,
079924,0,0,0,3,,,,
079928,0,0,0,5,,,,
079930,0,0,0,10,,,,
079936,0,0,0,-10,,,,
07993P,0,0,0,-1,,,,
079941,0,0,0,0,,,,
079943,0,0,0,120,,,,
079944,0,0,0,20,,,,
079945,0,0,0,5,,,,
079946,0,0,0,70,,,,
079947,0,0,0,38,,,,
079951,0,0,0,54,,,,
079952,0,0,0,4,,,,
079953,0,0,0,18,,,,
079954,0,0,0,4,,,,
079955,0,0,0,-66,,,,
079956,0,0,0,2,,,,
079957,0,0,0,7,,,,
079958,0,0,0,1,,,,
079959,0,0,0,-13,,,,
079969,0,0,0,50,,,,
079970,0,0,0,-25,,,,
079971,0,0,0,269,,,,
079975,0,0,0,-15,,,,
079976,0,0,0,-54,,,,
079977,0,0,0,20,,,,
079978,0,0,0,-484,,,,
079979,0,0,0,256,,,,
079984,0,0,0,9,,,,
07998P,0,0,0,2,,,,
079990,0,0,0,-35,,,,
079991,0,0,0,-2,,,,
079992,0,0,0,-1,,,,
079994,0,0,0,10,,,,
079998,0,0,0,26,,,,
079999,0,0,0,-39,,,,
080001,0,0,0,11,,,,
080003,0,0,0,-111,,,,
080006,0,0,0,-10,,,,
080007,0,0,0,-7,,,,
080008,0,0,0,-9,,,,
080009,0,0,0,1,,,,
080011,0,0,0,-1,,,,
080012,0,0,0,19,,,,
080013,0,0,0,0,,,,
080014,0,0,0,10,,,,
080015,0,0,0,-1,,,,
080018,0,0,0,-210,,,,
080019,0,0,0,-49,,,,
080024,0,0,0,-22,,,,
080025,0,0,0,-108,,,,
080033,0,0,0,40,,,,
080037,0,0,0,11,,,,
080038,0,0,0,-8,,,,
080039,1,0,0,-26,,,,
080041,0,0,0,10,,,,
080043,0,0,0,-1,,,,
080048,0,0,0,140,,,,
080049,0,0,0,348,,,,
080050,0,0,0,0,,,,
08005P,0,0,0,10,,,,
080061,0,0,0,-2,,,,
080062,0,0,0,31,,,,
080063,0,0,0,9,,,,
080072,0,0,0,168,,,,
080073,0,0,0,21,,,,
080078,0,0,0,84,,,,
080079,0,0,0,397,,,,
080083,0,0,0,25,,,,
080084,0,0,0,18,,,,
080085,0,0,0,-171,,,,
080088,0,0,0,18,,,,
080091,0,0,0,-63,,,,
080092,0,0,0,86,,,,
080093,0,0,0,28,,,,
080094,0,0,0,30,,,,
080095,0,0,0,-18,,,,
080103,0,0,0,-156,,,,
080106,0,0,0,-15,,,,
080109,0,0,0,-50,,,,
080111,0,0,0,252,,,,
080112,0,0,0,266,,,,
080114,0,0,0,7,,,,
080115,0,0,0,1,,,,
080116,0,0,0,0,,,,
080119,0,0,0,-48,,,,
080121,0,0,0,-5,,,,
080125,0,0,0,-107,,,,
080126,0,0,0,10,,,,
080127,0,0,0,6,,,,
080128,0,0,0,0,,,,
080135,0,0,0,-13,,,,
080136,0,0,0,75,,,,
080141,0,0,0,7,,,,
080142,0,0,0,26,,,,
080143,0,0,0,34,,,,
080144,0,0,0,124,,,,
080145,0,0,0,-23,,,,
080146,0,0,0,44,,,,
080151,0,0,0,2,,,,
080153,0,0,0,-25,,,,
080155,0,0,0,3,,,,
080156,0,0,0,21,,,,
080157,0,0,0,-295,,,,
080158,0,0,0,-31,,,,
080159,0,0,0,50,,,,
080160,0,0,0,124,,,,
080161,0,0,0,-5,,,,
080162,0,0,0,-152,,,,
080165,0,0,0,8,,,,
080168,0,0,0,-1,,,,
080169,0,0,0,3,,,,
080172,0,0,0,11,,,,
080175,0,0,0,32,,,,
080179,0,0,0,126,,,,
080180,0,0,0,8,,,,
080182,0,0,0,7,,,,
080183,0,0,0,16,,,,
080184,0,0,0,-62,,,,
080188,0,0,0,2,,,,
080189,0,0,0,-42,,,,
080191,0,0,0,0,,,,
080192,0,0,0,58,,,,
080193,0,0,0,1,,,,
080199,0,0,0,14,,,,
08019P,0,0,0,297,,,,
080200,0,0,0,40,,,,
080209,0,0,0,-1,,,,
080210,0,0,0,34,,,,
080218,0,0,0,1,,,,
080219,0,0,0,-142,,,,
080221,0,0,0,129,,,,
080222,0,0,0,89,,,,
080223,0,0,0,-17,,,,
080224,0,0,0,-26,,,,
080225,0,0,0,2,,,,
080234,0,0,0,24,,,,
080240,0,0,0,-127,,,,
080241,0,0,0,263,,,,
080243,0,0,0,134,,,,
080245,0,0,0,-683,,,,
080246,0,0,0,-161,,,,
080247,0,0,0,-185,,,,
080250,0,0,0,0,,,,
080252,0,0,0,-101,,,,
080253,0,0,0,98,,,,
080256,0,0,0,-22,,,,
080257,0,0,0,5,,,,
080258,0,0,0,28,,,,
080259,0,0,0,-36,,,,
080260,0,0,0,-19,,,,
080263,0,0,0,-64,,,,
080264,0,0,0,-45,,,,
080265,0,0,0,-12,,,,
080268,0,0,0,-225,,,,
080269,0,0,0,-50,,,,
080275,0,0,0,295,,,,
080277,0,0,0,-79,,,,
080278,0,0,0,-7,,,,
080283,0,0,0,355,,,,
080284,0,0,0,-27,,,,
080286,0,0,0,-50,,,,
080287,0,0,0,168,,,,
080289,0,0,0,30,,,,
080296,0,0,0,1,,,,
080297,0,0,0,-140,,,,
080301,0,0,0,-1,,,,
080302,0,0,0,55,,,,
080303,0,0,0,-40,,,,
080305,0,0,0,-18,,,,
080306,0,0,0,-18,,,,
080307,0,0,0,-1,,,,
080308,0,0,0,-28,,,,
080310,0,0,0,2,,,,
080313,0,0,0,-2,,,,
080314,0,0,0,10,,,,
080317,0,0,0,25,,,,
080321,0,0,0,-148,,,,
080325,0,0,0,-15,,,,
080326,0,0,0,95,,,,
080327,0,0,0,132,,,,
080329,0,0,0,-5,,,,
080333,0,0,0,-10,,,,
080335,0,0,0,49,,,,
080336,0,0,0,66,,,,
080337,0,0,0,47,,,,
080338,0,0,0,27,,,,
08033P,0,0,0,-47,,,,
080340,0,0,0,123,,,,
080341,0,0,0,79,,,,
080344,0,0,0,-148,,,,
080347,0,0,0,-107,,,,
080348,0,0,0,10,,,,
08034P,0,0,0,-2,,,,
080352,0,0,0,-40,,,,
080353,0,0,0,15,,,,
080354,0,0,0,43,,,,
080356,0,0,0,-10,,,,
08035P,0,0,0,-45,,,,
080360,0,0,0,50,,,,
080361,0,0,0,0,,,,
080362,0,0,0,-706,,,,
080365,0,0,0,-39,,,,
080366,0,0,0,378,,,,
080367,0,0,0,257,,,,
080369,0,0,0,327,,,,
080371,0,0,0,2,,,,
080372,0,0,0,11,,,,
080373,0,0,0,24,,,,
080375,0,0,0,60,,,,
080380,0,0,0,8,,,,
080383,0,0,0,15,,,,
080384,0,0,0,25,,,,
080389,0,0,0,24,,,,
08038P,0,0,0,-3,,,,
080395,0,0,0,-154,,,,
080397,0,0,0,-60,,,,
080399,0,0,0,1,,,,
08039P,0,0,0,-1,,,,
080404,0,0,0,31,,,,
080405,0,0,0,20,,,,
080407,0,0,0,10,,,,
080410,0,0,0,243,,,,
080412,0,0,0,-10,,,,
080414,0,0,0,-30,,,,
080415,0,0,0,23,,,,
080416,0,0,0,15,,,,
080419,0,0,0,-61,,,,
08041P,0,0,0,-5,,,,
080425,0,0,0,-70,,,,
080430,0,0,0,-416,,,,
080434,0,0,0,141,,,,
080435,0,0,0,10,,,,
080436,0,0,0,-1,,,,
080438,0,0,0,-1,,,,
080439,0,0,0,29,,,,
080441,0,0,0,405,,,,
080447,0,0,0,4,,,,
080448,0,0,0,253,,,,
080449,0,0,0,-6,,,,
080455,0,0,0,-10,,,,
080456,0,0,0,235,,,,
080458,0,0,0,-17,,,,
080464,0,0,0,-10,,,,
080465,0,0,0,25,,,,
080467,0,0,0,0,,,,
080469,0,0,0,340,,,,
080470,0,0,0,366,,,,
080475,0,0,0,15,,,,
080477,0,0,0,-755,,,,
080478,0,0,0,52,,,,
080481,0,0,0,35,,,,
080482,0,0,0,5,,,,
080483,0,0,0,-10,,,,
080485,0,0,0,-66,,,,
080489,0,0,0,41,,,,
080490,0,0,0,0,,,,
080492,0,0,0,19,,,,
080500,0,0,0,-59,,,,
080501,0,0,0,-43,,,,
080502,0,0,0,-70,,,,
080505,0,0,0,-83,,,,
080507,0,0,0,-12,,,,
080509,0,0,0,-59,,,,
080511,0,0,0,134,,,,
080516,0,0,0,31,,,,
080517,0,0,0,5,,,,
080518,0,0,0,-25,,,,
08051P,0,0,0,30,,,,
080521,0,0,0,52,,,,
080524,0,0,0,12,,,,
080525,0,0,0,0,,,,
080529,0,0,0,36,,,,
080530,0,0,0,-97,,,,
080534,0,0,0,0,,,,
080545,0,0,0,89,,,,
080552,0,0,0,-28,,,,
080553,0,0,0,75,,,,
080554,0,0,0,15,,,,
080557,0,0,0,12,,,,
080558,0,0,0,13,,,,
080559,0,0,0,7,,,,
08055P,0,0,0,-131,,,,
080560,0,0,0,24,,,,
080565,0,0,0,400,,,,
080567,0,0,0,-1,,,,
080569,0,0,0,-1,,,,
080571,0,0,0,38,,,,
080575,0,0,0,-20,,,,
080576,0,0,0,30,,,,
080577,0,0,0,31,,,,
080578,0,0,0,123,,,,
080579,0,0,0,-5,,,,
08057P,0,0,0,15,,,,
080581,0,0,0,0,,,,
080583,0,0,0,-350,,,,
080584,0,0,0,265,,,,
080585,0,0,0,59,,,,
080588,0,0,0,95,,,,
080590,0,0,0,-10,,,,
080591,0,0,0,128,,,,
080595,0,0,0,108,,,,
080599,0,0,0,142,,,,
080601,0,0,0,6,,,,
080603,0,0,0,-46,,,,
080604,0,0,0,-163,,,,
080605,0,0,0,161,,,,
080610,0,0,0,-26,,,,
080612,0,0,0,-1,,,,
080616,0,0,0,-20,,,,
080618,0,0,0,30,,,,
080619,0,0,0,-43,,,,
080620,0,0,0,10,,,,
080622,0,0,0,15,,,,
080623,0,0,0,-60,,,,
080625,0,0,0,-177,,,,
080626,0,0,0,0,,,,
080631,0,0,0,-10,,,,
080632,0,0,0,-20,,,,
080633,10,0,0,-11,,,,
080636,0,0,0,10,,,,
080638,0,0,0,-38,,,,
080639,0,0,0,-5,,,,
080640,0,0,0,71,,,,
080641,0,0,0,-62,,,,
080644,0,0,0,-32,,,,
080652,0,0,0,14,,,,
080664,0,0,0,-12,,,,
080665,0,0,0,-15,,,,
080667,0,0,0,-151,,,,
080671,0,0,0,10,,,,
080675,0,0,0,1,,,,
080676,0,0,0,5,,,,
080677,0,0,0,-8,,,,
080684,0,0,0,-10,,,,
080685,0,0,0,-197,,,,
080687,0,0,0,3,,,,
080690,0,0,0,58,,,,
080693,0,0,0,1,,,,
080695,0,0,0,-30,,,,
080696,0,0,0,-50,,,,
080699,0,0,0,80,,,,
080700,0,0,0,0,,,,
080702,0,0,0,-968,,,,
080704,0,0,0,-32,,,,
080706,0,0,0,-498,,,,
080707,0,0,0,-40,,,,
080708,0,0,0,69,,,,
08070P,0,0,0,-67,,,,
080711,0,0,0,-31,,,,
080713,0,0,0,60,,,,
080715,0,0,0,-66,,,,
080718,0,0,0,2,,,,
080719,0,0,0,20,,,,
080723,0,0,0,4,,,,
080724,0,0,0,14,,,,
080726,0,0,0,52,,,,
080728,0,0,0,-1,,,,
080731,0,0,0,86,,,,
080736,0,0,0,-570,,,,
080738,0,0,0,-32,,,,
080741,0,0,0,4,,,,
080742,0,0,0,2,,,,
080743,0,0,0,50,,,,
080744,0,0,0,12,,,,
080745,0,0,0,-2,,,,
080746,0,0,0,-171,,,,
080747,0,0,0,713,,,,
080748,0,0,0,-19,,,,
080749,0,0,0,-1,,,,
08074P,0,0,0,-6,,,,
080754,0,0,0,9,,,,
080755,0,0,0,-264,,,,
080756,0,0,0,0,,,,
080758,0,0,0,16,,,,
080759,0,0,0,30,,,,
080762,0,0,0,-10,,,,
080763,0,0,0,19,,,,
080765,0,0,0,-21,,,,
080772,0,0,0,20,,,,
080773,0,0,0,26,,,,
080774,0,0,0,5,,,,
080775,0,0,0,4,,,,
080776,0,0,0,20,,,,
080777,0,0,0,-39,,,,
08077P,0,0,0,117,,,,
080789,0,0,0,-25,,,,
080790,0,0,0,320,,,,
080793,0,0,0,-48,,,,
080794,0,0,0,96,,,,
080798,0,0,0,-25,,,,
080800,0,0,0,14,,,,
080801,0,0,0,7,,,,
080803,0,0,0,71,,,,
080804,0,0,0,-113,,,,
080805,0,0,0,30,,,,
080812,0,0,0,-42,,,,
080813,0,0,0,25,,,,
080815,0,0,0,-10,,,,
080818,0,0,0,170,,,,
080821,0,0,0,239,,,,
080822,0,0,0,-250,,,,
080823,0,0,0,-2,,,,
080826,0,0,0,-11,,,,
080827,0,0,0,245,,,,
080828,0,0,0,-2,,,,
080829,0,0,0,-80,,,,
080830,0,0,0,8,,,,
080831,0,0,0,2,,,,
080833,0,0,0,24,,,,
080834,0,0,0,43,,,,
080838,0,0,0,62,,,,
080842,0,0,0,259,,,,
080844,0,0,0,21,,,,
080845,0,0,0,-1,,,,
080846,0,0,0,-9,,,,
080847,0,0,0,-11,,,,
080848,0,0,0,621,,,,
080849,0,0,0,3,,,,
080850,0,0,0,6,,,,
080853,0,0,0,-100,,,,
080858,0,0,0,15,,,,
080859,0,0,0,56,,,,
08085P,0,0,0,20,,,,
080860,0,0,0,12,,,,
080863,0,0,0,1,,,,
080868,0,0,0,78,,,,
080869,0,0,0,83,,,,
08086P,0,0,0,-92,,,,
080871,0,0,0,15,,,,
080874,0,0,0,16,,,,
080875,0,0,0,10,,,,
080876,0,0,0,18,,,,
080877,0,0,0,8,,,,
080878,0,0,0,143,,,,
080884,0,0,0,10,,,,
080887,-5,0,0,158,,,,
080888,0,0,0,30,,,,
080889,0,0,0,275,,,,
080893,0,0,0,286,,,,
080894,0,0,0,-294,,,,
080895,0,0,0,-177,,,,
080896,0,0,0,20,,,,
080897,0,0,0,522,,,,
080899,0,0,0,70,,,,
080900,0,0,0,-21,,,,
080901,0,0,0,199,,,,
080906,0,0,0,-5,,,,
080911,0,0,0,2,,,,
080914,0,0,0,157,,,,
080922,0,0,0,-2,,,,
080925,0,0,0,-17,,,,
080926,0,0,0,19,,,,
080931,0,0,0,3,,,,
080933,0,0,0,78,,,,
080935,0,0,0,9,,,,
080938,0,0,0,22,,,,
080939,0,0,0,-26,,,,
080944,0,0,0,-30,,,,
080945,0,0,0,112,,,,
080946,0,0,0,101,,,,
080948,0,0,0,-60,,,,
080949,0,0,0,-5,,,,
080950,0,0,0,0,,,,
080952,0,0,0,57,,,,
080957,0,0,0,-10,,,,
080958,0,0,0,-51,,,,
080959,0,0,0,22,,,,
080961,0,0,0,65,,,,
080962,0,0,0,0,,,,
080963,0,0,0,-10,,,,
080965,0,0,0,-102,,,,
080971,0,0,0,89,,,,
080972,0,0,0,-3,,,,
080973,0,0,0,-25,,,,
080975,0,0,0,34,,,,
080976,0,0,0,176,,,,
080977,0,0,0,0,,,,
080978,0,0,0,237,,,,
080979,0,0,0,-4,,,,
080982,0,0,0,53,,,,
080988,0,0,0,100,,,,
080989,0,0,0,0,,,,
080990,0,0,0,191,,,,
080991,0,0,0,111,,,,
080992,0,0,0,-83,,,,
080994,0,0,0,0,,,,
080996,0,0,0,-15,,,,
080998,0,0,0,-3,,,,
080999,0,0,0,-180,,,,
081000,0,0,0,-7,,,,
081001,0,0,0,61,,,,
081002,0,0,0,61,,,,
081004,0,0,0,-10,,,,
081005,0,0,0,74,,,,
081006,0,0,0,-20,,,,
081011,0,0,0,-52,,,,
081016,0,0,0,42,,,,
081018,0,0,0,-93,,,,
081020,0,0,0,-14,,,,
081021,0,0,0,-25,,,,
081022,0,0,0,10,,,,
081024,0,0,0,-30,,,,
081025,0,0,0,79,,,,
081028,0,0,0,-8,,,,
081035,0,0,0,21,,,,
081037,0,0,0,7,,,,
081038,0,0,0,-2,,,,
081045,0,0,0,-5,,,,
081048,0,0,0,-2,,,,
081051,0,0,0,2,,,,
081052,0,0,0,-18,,,,
081053,0,0,0,0,,,,
081057,0,0,0,-108,,,,
081064,0,0,0,35,,,,
081066,0,0,0,39,,,,
081072,0,0,0,316,,,,
081078,0,0,0,98,,,,
081079,0,0,0,7,,,,
081085,0,0,0,-15,,,,
081089,0,0,0,35,,,,
081091,0,0,0,125,,,,
081094,0,0,0,43,,,,
081096,0,0,0,-100,,,,
081097,0,0,0,1,,,,
081104,0,0,0,-150,,,,
081105,0,0,0,0,,,,
081108,0,0,0,-423,,,,
081109,0,0,0,19,,,,
081110,0,0,0,-10,,,,
081111,0,0,0,-23,,,,
081112,0,0,0,106,,,,
081113,0,0,0,10,,,,
081114,0,0,0,-87,,,,
081115,0,0,0,-312,,,,
081116,0,0,0,-157,,,,
081117,0,0,0,286,,,,
081118,0,0,0,20,,,,
081121,30,0,0,22,,,,
081127,0,0,0,101,,,,
081128,0,0,0,0,,,,
081129,0,0,0,-10,,,,
081130,0,0,0,-437,,,,
081132,0,0,0,-504,,,,
081133,0,0,0,5,,,,
081136,0,0,0,-10,,,,
081137,0,0,0,23,,,,
081138,0,0,0,1,,,,
081145,0,0,0,117,,,,
081146,0,0,0,-21,,,,
081148,0,0,0,26,,,,
081149,0,0,0,-407,,,,
081150,0,0,0,-2,,,,
081153,0,0,0,19,,,,
081158,0,0,0,12,,,,
08115P,0,0,0,-5,,,,
081160,0,0,0,-35,,,,
081161,0,0,0,5,,,,
081163,0,0,0,6,,,,
081164,0,0,0,-12,,,,
081166,0,0,0,118,,,,
081167,0,0,0,-1,,,,
081172,0,0,0,0,,,,
081174,0,0,0,19,,,,
081178,0,0,0,2,,,,
081179,0,0,0,-1,,,,
081181,0,0,0,20,,,,
081184,0,0,0,76,,,,
081186,0,0,0,40,,,,
081187,0,0,0,-4,,,,
08118P,0,0,0,-10,,,,
081192,0,0,0,4,,,,
081195,0,0,0,74,,,,
081196,0,0,0,84,,,,
081197,0,0,0,38,,,,
081198,0,0,0,24,,,,
081201,0,0,0,-165,,,,
081203,0,0,0,2,,,,
081204,0,0,0,-106,,,,
081207,0,0,0,0,,,,
081208,0,0,0,-2,,,,
081209,0,0,0,14,,,,
081211,0,0,0,-100,,,,
081212,0,0,0,-248,,,,
081213,0,0,0,25,,,,
081215,0,0,0,-126,,,,
081216,0,0,0,-1,,,,
081219,0,0,0,30,,,,
081220,0,0,0,-1,,,,
081224,0,0,0,14,,,,
081227,0,0,0,-299,,,,
08122P,0,0,0,-100,,,,
081231,0,0,0,14,,,,
081232,0,0,0,46,,,,
081236,0,0,0,56,,,,
081237,0,0,0,0,,,,
081238,0,0,0,130,,,,
081241,0,0,0,284,,,,
081242,0,0,0,5,,,,
081243,0,0,0,1,,,,
081244,0,0,0,-734,,,,
081245,0,0,0,2,,,,
081246,0,0,0,38,,,,
081247,0,0,0,-29,,,,
081248,0,0,0,2,,,,
081250,0,0,0,135,,,,
081251,0,0,0,-80,,,,
081252,0,0,0,-2,,,,
081254,0,0,0,-591,,,,
081255,0,0,0,6,,,,
081256,0,0,0,10,,,,
081258,0,0,0,26,,,,
081260,0,0,0,-34,,,,
081261,0,0,0,85,,,,
081262,0,0,0,27,,,,
081263,0,0,0,15,,,,
081264,0,0,0,-1,,,,
081266,0,0,0,0,,,,
081267,0,0,0,-1465,,,,
081280,0,0,0,-20,,,,
081281,0,0,0,-96,,,,
081282,0,0,0,-56,,,,
081283,0,0,0,-50,,,,
081285,0,0,0,296,,,,
081287,0,0,0,-52,,,,
081288,0,0,0,-233,,,,
081290,0,0,0,-25,,,,
081291,0,0,0,248,,,,
081293,0,0,0,-276,,,,
081294,0,0,0,14,,,,
081298,0,0,0,9,,,,
081300,0,0,0,264,,,,
081301,0,0,0,-76,,,,
081303,0,0,0,102,,,,
081304,0,0,0,-151,,,,
081305,0,0,0,-5,,,,
081306,0,0,0,-33,,,,
081307,0,0,0,101,,,,
081309,0,0,0,10,,,,
081313,0,0,0,78,,,,
081314,0,0,0,93,,,,
081316,0,0,0,5,,,,
081317,0,0,0,180,,,,
081318,0,0,0,30,,,,
081327,0,0,0,-5,,,,
081329,0,0,0,-136,,,,
081330,0,0,0,1,,,,
081331,0,0,0,470,,,,
081332,0,0,0,-9,,,,
081333,0,0,0,34,,,,
081337,0,0,0,-30,,,,
081340,0,0,0,54,,,,
081350,0,0,0,35,,,,
081351,0,0,0,-88,,,,
081355,0,0,0,253,,,,
081356,0,0,0,495,,,,
081357,0,0,0,-163,,,,
081359,0,0,0,-48,,,,
081360,0,0,0,14,,,,
081361,0,0,0,-23,,,,
081362,0,0,0,-20,,,,
081363,0,0,0,-349,,,,
081364,0,0,0,63,,,,
081367,0,0,0,36,,,,
081368,0,0,0,207,,,,
081369,0,0,0,-425,,,,
081370,0,0,0,-56,,,,
081371,0,0,0,-67,,,,
081372,0,0,0,-64,,,,
081375,0,0,0,-70,,,,
081376,0,0,0,10,,,,
081385,0,0,0,-16,,,,
081386,0,0,0,10,,,,
081387,0,0,0,153,,,,
081388,0,0,0,226,,,,
081391,0,0,0,-8,,,,
081392,0,0,0,120,,,,
081393,0,0,0,89,,,,
081394,0,0,0,200,,,,
081395,0,0,0,2,,,,
081396,0,0,0,-2,,,,
081397,0,0,0,-89,,,,
081398,0,0,0,3,,,,
081399,0,0,0,118,,,,
081400,0,0,0,0,,,,
081401,0,0,0,-65,,,,
081404,0,0,0,9,,,,
081407,0,0,0,-139,,,,
081410,0,0,0,0,,,,
081414,0,0,0,-25,,,,
081416,0,0,0,-71,,,,
081417,0,0,0,88,,,,
081422,0,0,0,-10,,,,
081425,0,0,0,88,,,,
081432,0,0,0,-75,,,,
081433,0,0,0,-34,,,,
081440,0,0,0,-57,,,,
081441,0,0,0,-32,,,,
081442,0,0,0,-10,,,,
081443,0,0,0,14,,,,
081449,0,0,0,11,,,,
081452,0,0,0,-25,,,,
081457,0,0,0,100,,,,
081466,0,0,0,0,,,,
081467,0,0,0,62,,,,
081468,0,0,0,16,,,,
081469,0,0,0,14,,,,
08146P,0,0,0,-103,,,,
081476,0,0,0,2,,,,
081478,0,0,0,-170,,,,
081479,0,0,0,33,,,,
081484,0,0,0,-17,,,,
081490,0,0,0,-184,,,,
081493,0,0,0,314,,,,
081494,0,0,0,-10,,,,
081497,0,0,0,-269,,,,
081498,0,0,0,-10,,,,
081500,0,0,0,10,,,,
081508,0,0,0,102,,,,
081513,0,0,0,81,,,,
081514,0,0,0,48,,,,
081516,0,0,0,-5,,,,
081522,0,0,0,82,,,,
081527,0,0,0,53,,,,
081528,0,0,0,-30,,,,
081534,0,0,0,181,,,,
081535,0,0,0,10,,,,
081537,0,0,0,-20,,,,
081539,0,0,0,3,,,,
081546,0,0,0,4,,,,
081547,0,0,0,51,,,,
081549,0,0,0,110,,,,
081556,0,0,0,0,,,,
081557,0,0,0,13,,,,
081559,0,0,0,-47,,,,
081565,0,0,0,-462,,,,
081566,0,0,0,366,,,,
081567,0,0,0,50,,,,
081568,0,0,0,-228,,,,
081570,0,0,0,18,,,,
081571,0,0,0,74,,,,
081572,0,0,0,219,,,,
081573,0,0,0,-21,,,,
081574,0,0,0,49,,,,
081579,0,0,0,26,,,,
081581,0,0,0,64,,,,
081584,0,0,0,40,,,,
081587,0,0,0,276,,,,
081588,0,0,0,75,,,,
081589,0,0,0,3,,,,
081590,0,0,0,51,,,,
081591,0,0,0,40,,,,
081593,0,0,0,20,,,,
081597,0,0,0,-6,,,,
081600,0,0,0,3,,,,
081601,0,0,0,0,,,,
081602,0,0,0,111,,,,
081607,0,0,0,37,,,,
081608,0,0,0,20,,,,
081609,0,0,0,-53,,,,
081611,0,0,0,115,,,,
081615,0,0,0,-29,,,,
081622,0,0,0,-81,,,,
081627,0,0,0,-10,,,,
081628,0,0,0,-74,,,,
081631,0,0,0,-1,,,,
081640,0,0,0,-14,,,,
081642,0,0,0,66,,,,
081644,0,0,0,31,,,,
081646,0,0,0,20,,,,
081651,0,0,0,5,,,,
081654,0,0,0,20,,,,
081658,0,0,0,30,,,,
081659,0,0,0,32,,,,
081660,0,0,0,23,,,,
081663,0,0,0,2,,,,
081672,0,0,0,-750,,,,
081673,0,0,0,-170,,,,
081674,0,0,0,0,,,,
081675,0,0,0,255,,,,
081686,0,0,0,50,,,,
081689,0,0,0,-171,,,,
081690,0,0,0,1,,,,
081691,0,0,0,12,,,,
081698,0,0,0,773,,,,
081699,0,0,0,48,,,,
081705,0,0,0,47,,,,
081707,0,0,0,405,,,,
081711,0,0,0,-699,,,,
081712,0,0,0,-10,,,,
081713,0,0,0,-78,,,,
081715,0,0,0,-8,,,,
081716,0,0,0,272,,,,
081717,0,0,0,5,,,,
081720,0,0,0,15,,,,
081727,0,0,0,-17,,,,
081729,0,0,0,125,,,,
081732,0,0,0,8,,,,
081733,0,0,0,31,,,,
081736,0,0,0,0,,,,
081737,0,0,0,114,,,,
081738,0,0,0,0,,,,
081739,0,0,0,19,,,,
08173P,0,0,0,-6,,,,
081740,0,0,0,-69,,,,
081741,0,0,0,-129,,,,
081743,0,0,0,33,,,,
081744,0,0,0,77,,,,
081749,0,0,0,-5,,,,
081750,0,0,0,314,,,,
081751,0,0,0,-2,,,,
081754,0,0,0,31,,,,
081755,0,0,0,-138,,,,
081756,0,0,0,154,,,,
081757,0,0,0,854,,,,
081761,0,0,0,-110,,,,
081762,0,0,0,0,,,,
081768,0,0,0,-5,,,,
081772,0,0,0,-15,,,,
081775,0,0,0,-25,,,,
081777,0,0,0,60,,,,
081782,0,0,0,-379,,,,
081787,0,0,0,58,,,,
081788,0,0,0,16,,,,
081789,0,0,0,4,,,,
081790,0,0,0,-110,,,,
081791,0,0,0,-5,,,,
081792,0,0,0,-50,,,,
081796,0,0,0,141,,,,
081800,0,0,0,47,,,,
081801,0,0,0,-470,,,,
081802,0,0,0,-74,,,,
081804,0,0,0,-179,,,,
081805,0,0,0,-15,,,,
081806,0,0,0,501,,,,
081809,0,0,0,93,,,,
081811,0,0,0,20,,,,
081812,0,0,0,-667,,,,
081813,0,0,0,-289,,,,
081815,0,0,0,130,,,,
081816,0,0,0,41,,,,
081818,0,0,0,-3,,,,
081820,0,0,0,229,,,,
081821,0,0,0,234,,,,
081824,0,0,0,55,,,,
081826,0,0,0,-161,,,,
081827,0,0,0,-120,,,,
081831,0,0,0,-84,,,,
081834,0,0,0,-22,,,,
081835,0,0,0,44,,,,
081837,0,0,0,-244,,,,
081838,0,0,0,68,,,,
08183P,2,0,0,-2,,,,
081840,0,0,0,227,,,,
081841,0,0,0,2,,,,
081844,0,0,0,6,,,,
081846,0,0,0,0,,,,
081847,0,0,0,7,,,,
081848,0,0,0,0,,,,
081849,0,0,0,-7,,,,
081850,0,0,0,-32,,,,
081855,0,0,0,17,,,,
081856,0,0,0,11,,,,
081858,0,0,0,38,,,,
081859,0,0,0,17,,,,
081860,0,0,0,-11,,,,
081863,0,0,0,22,,,,
081869,0,0,0,0,,,,
081870,0,0,0,-35,,,,
081871,0,0,0,-140,,,,
081873,0,0,0,20,,,,
081874,0,0,0,-3,,,,
08187P,0,0,0,-1,,,,
081880,0,0,0,1,,,,
081881,0,0,0,5,,,,
081887,0,0,0,-2,,,,
081893,0,0,0,-832,,,,
081896,0,0,0,0,,,,
081897,0,0,0,-50,,,,
081899,0,0,0,-161,,,,
081902,0,0,0,360,,,,
081904,0,0,0,0,,,,
081907,0,0,0,190,,,,
081908,0,0,0,204,,,,
081909,0,0,0,47,,,,
081911,0,0,0,-136,,,,
081912,0,0,0,13,,,,
081913,0,0,0,-11,,,,
081914,0,0,0,13,,,,
081916,0,0,0,150,,,,
081918,0,0,0,104,,,,
081920,0,0,0,-47,,,,
081921,0,0,0,-7,,,,
081923,0,0,0,27,,,,
081927,0,0,0,-332,,,,
081928,0,0,0,3,,,,
081929,0,0,0,48,,,,
081930,0,0,0,0,,,,
081933,0,0,0,290,,,,
081934,0,0,0,12,,,,
081935,0,0,0,4,,,,
081937,0,0,0,1,,,,
081938,0,0,0,-30,,,,
081939,0,0,0,4,,,,
081940,0,0,0,-5,,,,
081941,0,0,0,-15,,,,
081944,0,0,0,100,,,,
081945,0,0,0,1,,,,
081946,0,0,0,-49,,,,
081949,0,0,0,-30,,,,
081959,0,0,0,250,,,,
081960,0,0,0,44,,,,
081961,0,0,0,1,,,,
081963,0,0,0,31,,,,
081968,0,0,0,96,,,,
081969,0,0,0,27,,,,
081975,0,0,0,159,,,,
081976,0,0,0,-33,,,,
081983,0,0,0,20,,,,
081989,0,0,0,81,,,,
081990,0,0,0,-4,,,,
081991,0,0,0,113,,,,
081992,0,0,0,849,,,,
081993,0,0,0,20,,,,
081994,0,0,0,135,,,,
081996,0,0,0,-41,,,,
081997,0,0,0,34,,,,
081998,0,0,0,-15,,,,
081999,0,0,0,-15,,,,
082005,0,0,0,-34,,,,
082006,0,0,0,-17,,,,
082011,0,0,0,-13,,,,
082012,0,0,0,-48,,,,
082014,0,0,0,7,,,,
082015,0,0,0,0,,,,
082016,0,0,0,-95,,,,
082017,0,0,0,-10,,,,
082018,0,0,0,32,,,,
082019,0,0,0,6,,,,
082021,0,0,0,139,,,,
082022,0,0,0,-1534,,,,
082023,0,0,0,-203,,,,
082025,0,0,0,55,,,,
082028,0,0,0,10,,,,
082029,0,0,0,54,,,,
082032,0,0,0,-2,,,,
082036,0,0,0,473,,,,
082038,0,0,0,-5,,,,
082040,0,0,0,-96,,,,
082041,0,0,0,1,,,,
082043,0,0,0,0,,,,
082044,0,0,0,0,,,,
082049,0,0,0,-404,,,,
082051,0,0,0,40,,,,
082052,0,0,0,-2,,,,
082055,0,0,0,0,,,,
082056,0,0,0,10,,,,
082057,0,0,0,23,,,,
08205P,0,0,0,-5,,,,
082060,0,0,0,-509,,,,
082062,0,0,0,239,,,,
082063,0,0,0,1609,,,,
082064,0,0,0,4,,,,
082065,0,0,0,14,,,,
082066,0,0,0,193,,,,
082067,0,0,0,-225,,,,
082068,0,0,0,40,,,,
082069,0,0,0,229,,,,
082070,0,0,0,1,,,,
082074,0,0,0,-25,,,,
082075,0,0,0,5,,,,
082076,0,0,0,-35,,,,
082077,0,0,0,-10,,,,
082080,0,0,0,-22,,,,
082082,0,0,0,0,,,,
082083,0,0,0,-66,,,,
082084,0,0,0,-32,,,,
08208P,0,0,0,4,,,,
082090,0,0,0,511,,,,
082091,0,0,0,122,,,,
082094,0,0,0,-50,,,,
082095,0,0,0,-20,,,,
082096,0,0,0,-123,,,,
082097,0,0,0,31,,,,
082098,0,0,0,-21,,,,
082099,0,0,0,15,,,,
082101,0,0,0,147,,,,
082103,0,0,0,109,,,,
082104,0,0,0,-146,,,,
082108,0,0,0,-44,,,,
082110,0,0,0,100,,,,
082112,0,0,0,-10,,,,
082115,0,0,0,-281,,,,
082116,0,0,0,-4,,,,
082118,0,0,0,-27,,,,
082120,0,0,0,0,,,,
082122,0,0,0,-29,,,,
082124,0,0,0,-16,,,,
082125,0,0,0,-6,,,,
082130,0,0,0,81,,,,
082132,0,0,0,-18,,,,
082133,0,0,0,23,,,,
082135,0,0,0,23,,,,
082137,0,0,0,143,,,,
082140,0,0,0,1,,,,
082141,0,0,0,-100,,,,
082143,0,0,0,2,,,,
082144,0,0,0,230,,,,
082145,0,0,0,71,,,,
082146,0,0,0,0,,,,
082149,0,0,0,100,,,,
082150,0,0,0,110,,,,
082153,0,0,0,-210,,,,
082154,0,0,0,397,,,,
082156,0,0,0,606,,,,
082157,0,0,0,30,,,,
082158,0,0,0,186,,,,
082160,0,0,0,-92,,,,
082161,0,0,0,-64,,,,
082162,0,0,0,63,,,,
082165,0,0,0,41,,,,
082167,0,0,0,-20,,,,
082169,0,0,0,18,,,,
08216P,0,0,0,-10,,,,
082170,0,0,0,9,,,,
082172,0,0,0,0,,,,
082174,0,0,0,0,,,,
082175,0,0,0,-11,,,,
082177,0,0,0,4,,,,
082178,0,0,0,-55,,,,
08217P,0,0,0,-10,,,,
082182,0,0,0,-60,,,,
082183,0,0,0,-3,,,,
082187,0,0,0,26,,,,
082188,0,0,0,14,,,,
082189,0,0,0,16,,,,
082190,0,0,0,260,,,,
082191,0,0,0,-15,,,,
082192,0,0,0,63,,,,
082194,0,0,0,7,,,,
082196,0,0,0,23,,,,
082197,0,0,0,0,,,,
082198,0,0,0,-1955,,,,
082200,0,0,0,3,,,,
082201,0,0,0,-8,,,,
082202,0,0,0,-10,,,,
082213,0,0,0,1,,,,
082214,0,0,0,53,,,,
082217,0,0,0,10,,,,
082220,0,0,0,23,,,,
082221,0,0,0,0,,,,
082225,0,0,0,-54,,,,
082228,0,0,0,0,,,,
082232,0,0,0,18,,,,
082242,0,0,0,-5,,,,
082244,0,0,0,2,,,,
082245,0,0,0,14,,,,
082247,0,0,0,-40,,,,
082248,0,0,0,4,,,,
082253,0,0,0,165,,,,
082254,0,0,0,224,,,,
082255,0,0,0,76,,,,
082256,0,0,0,63,,,,
082258,0,0,0,101,,,,
082259,0,0,0,22,,,,
082260,0,0,0,100,,,,
082262,0,0,0,5,,,,
082263,0,0,0,30,,,,
082264,0,0,0,-11,,,,
082265,0,0,0,0,,,,
082266,0,0,0,-2,,,,
082268,0,0,0,0,,,,
082269,0,0,0,47,,,,
082270,0,0,0,30,,,,
082271,0,0,0,7,,,,
082273,0,0,0,90,,,,
082274,0,0,0,47,,,,
082276,0,0,0,29,,,,
082278,0,0,0,40,,,,
082281,0,0,0,-9,,,,
082289,0,0,0,17,,,,
082290,0,0,0,10,,,,
082297,0,0,0,32,,,,
082298,0,0,0,126,,,,
082300,0,0,0,-30,,,,
082301,0,0,0,43,,,,
082303,0,0,0,6,,,,
082304,0,0,0,-220,,,,
082307,0,0,0,-32,,,,
082308,0,0,0,6,,,,
082311,0,0,0,92,,,,
082314,0,0,0,0,,,,
082315,0,0,0,-144,,,,
082316,0,0,0,-276,,,,
082319,0,0,0,248,,,,
082320,0,0,0,65,,,,
082321,0,0,0,-723,,,,
082322,0,0,0,30,,,,
082323,0,0,0,10,,,,
082325,0,0,0,4,,,,
082326,0,0,0,3,,,,
082328,0,0,0,2,,,,
082329,0,0,0,60,,,,
082333,0,0,0,682,,,,
082334,0,0,0,-8,,,,
082335,0,0,0,256,,,,
082336,0,0,0,15,,,,
082337,0,0,0,-129,,,,
082338,0,0,0,-242,,,,
082341,0,0,0,6,,,,
082345,0,0,0,1,,,,
082347,0,0,0,85,,,,
082356,0,0,0,-61,,,,
082358,0,0,0,31,,,,
082360,0,0,0,35,,,,
082361,0,0,0,8,,,,
082362,0,0,0,-32,,,,
082364,0,0,0,2,,,,
082367,0,0,0,-240,,,,
082370,0,0,0,-14,,,,
082371,0,0,0,-74,,,,
082374,0,0,0,71,,,,
082376,0,0,0,-118,,,,
082377,0,0,0,52,,,,
082379,0,0,0,10,,,,
082386,0,0,0,9,,,,
082387,0,0,0,5,,,,
082388,0,0,0,-373,,,,
082389,0,0,0,41,,,,
082390,0,0,0,-31,,,,
082391,0,0,0,22,,,,
082392,0,0,0,18,,,,
082394,0,0,0,-20,,,,
082395,0,0,0,0,,,,
082400,0,0,0,19,,,,
082401,0,0,0,-155,,,,
082402,0,0,0,-15,,,,
082404,0,0,0,27,,,,
082407,0,0,0,-6,,,,
082409,0,0,0,-293,,,,
082414,0,0,0,24,,,,
082415,0,0,0,85,,,,
082425,0,0,0,2,,,,
082427,0,0,0,-40,,,,
082429,0,0,0,0,,,,
082431,0,0,0,-60,,,,
082434,0,0,0,-42,,,,
082437,0,0,0,4,,,,
082439,0,0,0,16,,,,
082440,0,0,0,-23,,,,
082442,0,0,0,-20,,,,
082443,0,0,0,15,,,,
082446,0,0,0,70,,,,
082447,0,0,0,681,,,,
082448,0,0,0,29,,,,
082449,0,0,0,53,,,,
082451,0,0,0,6,,,,
082454,0,0,0,4,,,,
082455,0,0,0,396,,,,
082458,0,0,0,-3,,,,
082460,0,0,0,-422,,,,
082463,0,0,0,134,,,,
082464,0,0,0,29,,,,
082465,0,0,0,52,,,,
082466,0,0,0,15,,,,
082467,0,0,0,-161,,,,
082468,0,0,0,767,,,,
082469,0,0,0,-8,,,,
082470,0,0,0,45,,,,
082471,0,0,0,346,,,,
082473,0,0,0,597,,,,
082476,0,0,0,-482,,,,
082480,0,0,0,-2,,,,
082485,0,0,0,86,,,,
082486,0,0,0,26,,,,
082490,0,0,0,-107,,,,
082492,0,0,0,430,,,,
082494,0,0,0,-2,,,,
082495,0,0,0,95,,,,
082502,0,0,0,27,,,,
082503,0,0,0,3,,,,
082504,0,0,0,21,,,,
082505,0,0,0,32,,,,
082506,0,0,0,82,,,,
082508,0,0,0,-27,,,,
082509,0,0,0,23,,,,
082511,0,0,0,301,,,,
082514,0,0,0,-101,,,,
082515,0,0,0,208,,,,
082516,0,0,0,-52,,,,
082517,0,0,0,51,,,,
082518,0,0,0,-19,,,,
082519,0,0,0,-55,,,,
082521,0,0,0,-50,,,,
082522,0,0,0,78,,,,
082523,0,0,0,232,,,,
082526,0,0,0,25,,,,
082527,0,0,0,73,,,,
082529,0,0,0,-4,,,,
082530,0,0,0,6,,,,
082533,0,0,0,65,,,,
082534,0,0,0,27,,,,
082537,0,0,0,-5,,,,
082546,0,0,0,-15,,,,
082547,0,0,0,13,,,,
082548,0,0,0,-19,,,,
082549,0,0,0,27,,,,
082550,0,0,0,-176,,,,
082554,0,0,0,-10,,,,
082555,0,0,0,-4,,,,
082556,0,0,0,2,,,,
082557,0,0,0,-12,,,,
082558,0,0,0,-8,,,,
082559,0,0,0,5,,,,
082562,0,0,0,-35,,,,
082564,0,0,0,-8,,,,
082568,0,0,0,25,,,,
082569,0,0,0,-16,,,,
08256P,0,0,0,154,,,,
082571,0,0,0,187,,,,
082572,0,0,0,74,,,,
082573,0,0,0,3,,,,
082575,0,0,0,184,,,,
082576,0,0,0,20,,,,
082577,0,0,0,383,,,,
082582,0,0,0,98,,,,
082589,0,0,0,0,,,,
082590,0,0,0,264,,,,
082591,0,0,0,35,,,,
082592,0,0,0,17,,,,
082593,0,0,0,225,,,,
082594,0,0,0,50,,,,
082609,0,0,0,139,,,,
082610,0,0,0,-200,,,,
082611,0,0,0,10,,,,
082612,0,0,0,-5,,,,
082615,0,0,0,-15,,,,
082616,0,0,0,-23,,,,
082618,0,0,0,34,,,,
082619,0,0,0,30,,,,
08261P,0,0,0,23,,,,
082627,0,0,0,-28,,,,
082628,0,0,0,114,,,,
082629,0,0,0,-5,,,,
082630,0,0,0,152,,,,
082631,0,0,0,-5,,,,
082632,0,0,0,-460,,,,
082633,0,0,0,196,,,,
082635,0,0,0,-5,,,,
082636,0,0,0,157,,,,
082638,0,0,0,5,,,,
082640,0,0,0,-4,,,,
082641,0,0,0,-240,,,,
082648,0,0,0,65,,,,
08264P,0,0,0,-122,,,,
082652,0,0,0,-5,,,,
082655,0,0,0,-32,,,,
082657,0,0,0,-40,,,,
082662,0,0,0,29,,,,
082665,0,0,0,1,,,,
082669,0,0,0,15,,,,
082672,0,0,0,20,,,,
082673,0,0,0,-218,,,,
082674,0,0,0,0,,,,
082676,0,0,0,26,,,,
082678,0,0,0,10,,,,
082680,0,0,0,-13,,,,
082681,0,0,0,-38,,,,
082683,0,0,0,-2,,,,
082687,0,0,0,-1,,,,
082688,0,0,0,95,,,,
082691,0,0,0,-154,,,,
082692,0,0,0,-2,,,,
082694,0,0,0,11,,,,
082697,0,0,0,3,,,,
082699,0,0,0,-8,,,,
082700,0,0,0,0,,,,
082702,0,0,0,-61,,,,
082704,0,0,0,24,,,,
082706,0,0,0,4,,,,
082708,0,0,0,1,,,,
082709,0,0,0,-3,,,,
082710,0,0,0,8,,,,
082711,0,0,0,7,,,,
082712,0,0,0,1,,,,
082713,0,0,0,622,,,,
082714,0,0,0,448,,,,
082715,0,0,0,0,,,,
082716,0,0,0,-29,,,,
082719,0,0,0,-15,,,,
082720,0,0,0,37,,,,
082721,0,0,0,55,,,,
082722,0,0,0,-166,,,,
082724,0,0,0,-7,,,,
082726,0,0,0,663,,,,
082727,0,0,0,-2,,,,
082728,0,0,0,-19,,,,
082735,0,0,0,130,,,,
082736,0,0,0,0,,,,
082737,0,0,0,28,,,,
082739,0,0,0,-2,,,,
082740,0,0,0,-14,,,,
082742,0,0,0,0,,,,
082743,0,0,0,16,,,,
082745,0,0,0,100,,,,
082749,0,0,0,-75,,,,
082751,0,0,0,18,,,,
082756,0,0,0,22,,,,
082757,0,0,0,100,,,,
082758,0,0,0,-28,,,,
082762,0,0,0,3,,,,
082763,0,0,0,1,,,,
082767,0,0,0,30,,,,
082769,0,0,0,180,,,,
082772,0,0,0,-85,,,,
082776,0,0,0,0,,,,
082778,0,0,0,-20,,,,
08277P,0,0,0,0,,,,
082780,0,0,0,18,,,,
082784,0,0,0,-31,,,,
082786,0,0,0,-6,,,,
082788,0,0,0,9,,,,
082791,0,0,0,-5,,,,
082798,0,0,0,-10,,,,
082799,0,0,0,3,,,,
082800,0,0,0,-1,,,,
082805,0,0,0,-214,,,,
082807,0,0,0,90,,,,
082808,0,0,0,-100,,,,
082809,0,0,0,-2,,,,
082810,0,0,0,-3,,,,
082814,0,0,0,18,,,,
082817,0,0,0,14,,,,
082826,0,0,0,39,,,,
082828,0,0,0,154,,,,
082830,0,0,0,-24,,,,
082832,0,0,0,-76,,,,
082834,0,0,0,-11,,,,
082835,0,0,0,1,,,,
082838,0,0,0,50,,,,
082839,0,0,0,46,,,,
082843,0,0,0,-63,,,,
082846,0,0,0,17,,,,
082847,0,0,0,-44,,,,
082848,0,0,0,47,,,,
082852,0,0,0,-76,,,,
082854,0,0,0,-169,,,,
082858,0,0,0,59,,,,
082859,0,0,0,493,,,,
082865,0,0,0,58,,,,
082867,0,0,0,92,,,,
082872,0,0,0,-12,,,,
082874,0,0,0,45,,,,
082878,0,0,0,-74,,,,
082879,0,0,0,-17,,,,
082881,0,0,0,38,,,,
082884,0,0,0,-10,,,,
082885,0,0,0,-59,,,,
082886,0,0,0,45,,,,
082887,0,0,0,235,,,,
082888,0,0,0,-116,,,,
082889,0,0,0,381,,,,
082893,0,0,0,-51,,,,
082897,0,0,0,15,,,,
082903,0,0,0,4,,,,
082907,0,0,0,177,,,,
082908,0,0,0,9,,,,
082909,0,0,0,-203,,,,
082910,0,0,0,-1,,,,
082911,0,0,0,50,,,,
082912,0,0,0,-44,,,,
082917,0,0,0,81,,,,
082918,0,0,0,-1,,,,
082919,0,0,0,-20,,,,
082920,0,0,0,-93,,,,
082921,0,0,0,-42,,,,
082922,0,0,0,3,,,,
082923,0,0,0,-2,,,,
082924,0,0,0,-47,,,,
082928,0,0,0,0,,,,
082929,0,0,0,60,,,,
082930,0,0,0,40,,,,
082932,0,0,0,-1,,,,
082934,0,0,0,-55,,,,
082937,0,0,0,-10,,,,
082940,0,0,0,-88,,,,
082942,0,0,0,8,,,,
082944,0,0,0,0,,,,
082946,0,0,0,169,,,,
082948,0,0,0,-65,,,,
082950,0,0,0,-6,,,,
082953,0,0,0,12,,,,
082955,0,0,0,278,,,,
082956,0,0,0,34,,,,
082958,0,0,0,50,,,,
082959,0,0,0,12,,,,
082963,0,0,0,-225,,,,
082965,0,0,0,2,,,,
082966,0,0,0,-106,,,,
082967,0,0,0,0,,,,
082968,0,0,0,-37,,,,
082969,0,0,0,150,,,,
08296P,0,0,0,-2,,,,
082970,0,0,0,10,,,,
082972,0,0,0,124,,,,
082974,0,0,0,2,,,,
082977,0,0,0,265,,,,
082979,0,0,0,5,,,,
082982,0,0,0,41,,,,
082983,0,0,0,50,,,,
082988,0,0,0,162,,,,
082989,0,0,0,-3,,,,
082991,0,0,0,61,,,,
082992,0,0,0,37,,,,
082993,0,0,0,183,,,,
082994,0,0,0,208,,,,
082995,0,0,0,5,,,,
082997,0,0,0,193,,,,
082998,0,0,0,487,,,,
083000,0,0,0,8,,,,
083001,0,0,0,8,,,,
083002,0,0,0,0,,,,
083005,0,0,0,-60,,,,
083006,0,0,0,15,,,,
083008,0,0,0,-18,,,,
083009,0,0,0,30,,,,
083010,0,0,0,54,,,,
083011,0,0,0,15,,,,
083014,0,0,0,-10,,,,
083018,0,0,0,38,,,,
083019,0,0,0,12,,,,
083020,0,0,0,-5,,,,
083021,0,0,0,22,,,,
083027,0,0,0,14,,,,
083028,0,0,0,5,,,,
083032,0,0,0,-29,,,,
083033,0,0,0,15,,,,
083034,0,0,0,-16,,,,
083038,0,0,0,0,,,,
083039,0,0,0,33,,,,
083047,0,0,0,10,,,,
083048,0,0,0,36,,,,
083050,0,0,0,20,,,,
083053,0,0,0,66,,,,
083054,0,0,0,-2,,,,
083056,0,0,0,18,,,,
083057,-4,0,0,128,,,,
083058,0,0,0,4,,,,
08305P,0,0,0,-6,,,,
083060,0,0,0,52,,,,
083061,0,0,0,32,,,,
083062,0,0,0,0,,,,
083064,0,0,0,150,,,,
083066,0,0,0,-12,,,,
083070,0,0,0,60,,,,
083071,0,0,0,-22,,,,
083073,0,0,0,3,,,,
083074,0,0,0,99,,,,
083076,0,0,0,29,,,,
083077,0,0,0,94,,,,
083079,0,0,0,-30,,,,
08307P,0,0,0,100,,,,
083080,0,0,0,-10,,,,
083081,0,0,0,18,,,,
083083,0,0,0,25,,,,
083090,0,0,0,-48,,,,
083091,0,0,0,2,,,,
083093,0,0,0,-5,,,,
083094,0,0,0,-109,,,,
083095,0,0,0,17,,,,
083098,0,0,0,0,,,,
083101,0,0,0,33,,,,
083103,0,0,0,0,,,,
083105,0,0,0,10,,,,
083106,0,0,0,204,,,,
083107,0,0,0,-161,,,,
083108,0,0,0,-138,,,,
083109,0,0,0,-6,,,,
083113,0,0,0,40,,,,
083119,0,0,0,155,,,,
083121,0,0,0,-10,,,,
083122,0,0,0,-17,,,,
083125,0,0,0,227,,,,
083128,0,0,0,580,,,,
083129,0,0,0,50,,,,
083130,0,0,0,12,,,,
083131,0,0,0,397,,,,
083136,0,0,0,228,,,,
083137,0,0,0,-436,,,,
083139,0,0,0,-10,,,,
083141,0,0,0,-4,,,,
083148,0,0,0,-95,,,,
083150,0,0,0,39,,,,
083155,0,0,0,2,,,,
083156,0,0,0,-227,,,,
083160,0,0,0,-50,,,,
083163,0,0,0,9,,,,
083170,0,0,0,111,,,,
083172,0,0,0,-14,,,,
083174,0,0,0,2,,,,
083175,0,0,0,850,,,,
083178,0,0,0,10,,,,
083180,0,0,0,108,,,,
083181,0,0,0,91,,,,
083182,0,0,0,300,,,,
083186,0,0,0,-30,,,,
083189,0,0,0,-40,,,,
083191,0,0,0,52,,,,
083192,0,0,0,27,,,,
083194,0,0,0,20,,,,
083195,0,0,0,-240,,,,
083196,0,0,0,-250,,,,
083197,0,0,0,53,,,,
083198,0,0,0,-1,,,,
083199,0,0,0,22,,,,
083201,0,0,0,-65,,,,
083202,0,0,0,34,,,,
083204,0,0,0,12,,,,
083206,0,0,0,32,,,,
083207,0,0,0,70,,,,
08320P,0,0,0,-1,,,,
083210,0,0,0,-40,,,,
083211,0,0,0,2,,,,
083212,0,0,0,-22,,,,
083216,0,0,0,-57,,,,
083217,0,0,0,73,,,,
083218,0,0,0,-10,,,,
083220,0,0,0,-16,,,,
083221,0,0,0,3,,,,
083222,0,0,0,21,,,,
083230,0,0,0,-29,,,,
083231,0,0,0,-3,,,,
083232,0,0,0,-60,,,,
083233,0,0,0,0,,,,
083235,0,0,0,12,,,,
083236,0,0,0,102,,,,
083238,0,0,0,36,,,,
083240,0,0,0,-28,,,,
083245,0,0,0,2,,,,
083248,0,0,0,83,,,,
083249,0,0,0,0,,,,
083250,0,0,0,10,,,,
083259,0,0,0,-6,,,,
083262,0,0,0,-1,,,,
083264,0,0,0,60,,,,
083265,0,0,0,91,,,,
083268,0,0,0,-360,,,,
083269,0,0,0,-244,,,,
083271,0,0,0,17,,,,
083272,0,0,0,112,,,,
083273,0,0,0,42,,,,
083276,0,0,0,35,,,,
083277,0,0,0,6,,,,
08327P,0,0,0,12,,,,
083281,0,0,0,-398,,,,
083282,0,0,0,-2,,,,
083283,0,0,0,155,,,,
083284,0,0,0,-22,,,,
083286,0,0,0,-20,,,,
083288,0,0,0,52,,,,
083289,0,0,0,115,,,,
083292,0,0,0,50,,,,
083293,0,0,0,79,,,,
083294,0,0,0,110,,,,
083296,0,0,0,49,,,,
083298,0,0,0,945,,,,
083299,0,0,0,10,,,,
08329P,0,0,0,20,,,,
083300,0,0,0,19,,,,
083301,0,0,0,472,,,,
083302,0,0,0,5,,,,
083304,0,0,0,-1,,,,
083307,0,0,0,-422,,,,
083308,0,0,0,-10,,,,
083316,0,0,0,23,,,,
083319,0,0,0,20,,,,
083320,0,0,0,39,,,,
083321,0,0,0,-80,,,,
083325,0,0,0,-67,,,,
083328,0,0,0,20,,,,
083329,0,0,0,0,,,,
083330,0,0,0,58,,,,
083332,0,0,0,64,,,,
083333,0,0,0,1,,,,
083336,0,0,0,370,,,,
083338,0,0,0,51,,,,
083343,0,0,0,177,,,,
083344,0,0,0,6,,,,
083346,0,0,0,-20,,,,
083347,0,0,0,25,,,,
083348,0,0,0,-9,,,,
083351,0,0,0,-50,,,,
083353,0,0,0,28,,,,
083354,0,0,0,-20,,,,
083357,0,0,0,-60,,,,
083359,0,0,0,117,,,,
083360,0,0,0,0,,,,
083361,0,0,0,99,,,,
083366,0,0,0,53,,,,
083367,0,0,0,147,,,,
083369,0,0,0,-20,,,,
083370,0,0,0,-4,,,,
083371,0,0,0,18,,,,
083374,0,0,0,59,,,,
083375,0,0,0,54,,,,
083376,0,0,0,2,,,,
08337P,0,0,0,10,,,,
083381,0,0,0,36,,,,
083388,0,0,0,-2,,,,
083391,0,0,0,-13,,,,
083395,0,0,0,-10,,,,
083396,0,0,0,3,,,,
083398,0,0,0,-41,,,,
083399,0,0,0,1,,,,
083403,0,0,0,10,,,,
083407,0,0,0,20,,,,
083408,0,0,0,199,,,,
083411,0,0,0,93,,,,
083413,0,0,0,129,,,,
083417,0,0,0,160,,,,
083418,0,0,0,-473,,,,
083420,0,0,0,53,,,,
083423,0,0,0,-50,,,,
083425,0,0,0,56,,,,
083426,0,0,0,-100,,,,
083428,0,0,0,0,,,,
083429,0,0,0,0,,,,
083430,0,0,0,-4,,,,
083431,0,0,0,56,,,,
083433,0,0,0,100,,,,
083435,0,0,0,-3,,,,
083436,0,0,0,-20,,,,
083437,0,0,0,-50,,,,
083438,0,0,0,2,,,,
083439,0,0,0,75,,,,
083440,0,0,0,115,,,,
083444,0,0,0,-209,,,,
083445,0,0,0,1,,,,
083447,0,0,0,127,,,,
083449,0,0,0,131,,,,
083450,0,0,0,248,,,,
083452,0,0,0,-72,,,,
083453,0,0,0,0,,,,
083455,0,0,0,10,,,,
083457,0,0,0,-20,,,,
083459,0,0,0,-1,,,,
083460,0,0,0,-1,,,,
083462,0,0,0,185,,,,
083463,0,0,0,3,,,,
083464,0,0,0,0,,,,
083467,0,0,0,-100,,,,
083475,0,0,0,-13,,,,
083476,0,0,0,-30,,,,
083478,0,0,0,-110,,,,
083481,0,0,0,3,,,,
083482,0,0,0,27,,,,
083483,0,0,0,4,,,,
083484,0,0,0,-60,,,,
083490,0,0,0,10,,,,
083491,0,0,0,22,,,,
083493,0,0,0,-286,,,,
083494,0,0,0,20,,,,
083498,0,0,0,385,,,,
083499,0,0,0,92,,,,
083503,0,0,0,-211,,,,
083504,0,0,0,145,,,,
083505,0,0,0,52,,,,
083506,0,0,0,-82,,,,
083507,0,0,0,6,,,,
083510,0,0,0,204,,,,
083511,0,0,0,-249,,,,
083512,0,0,0,-20,,,,
083518,0,0,0,0,,,,
083520,0,0,0,-150,,,,
083522,0,0,0,-44,,,,
083523,0,0,0,28,,,,
083525,0,0,0,39,,,,
083526,0,0,0,0,,,,
083527,0,0,0,1488,,,,
083529,0,0,0,0,,,,
083530,0,0,0,0,,,,
083531,0,0,0,20,,,,
083533,0,0,0,872,,,,
083534,0,0,0,-1,,,,
083536,0,0,0,-3,,,,
083540,0,0,0,-40,,,,
083543,0,0,0,38,,,,
083544,0,0,0,-22,,,,
083545,0,0,0,16,,,,
083547,0,0,0,-19,,,,
083549,0,0,0,0,,,,
083552,0,0,0,107,,,,
083553,0,0,0,0,,,,
083555,0,0,0,-14,,,,
083557,0,0,0,250,,,,
083558,0,0,0,80,,,,
083559,0,0,0,17,,,,
083560,0,0,0,-39,,,,
083562,0,0,0,40,,,,
083564,0,0,0,-19,,,,
083566,0,0,0,-10,,,,
083567,0,0,0,7,,,,
083568,0,0,0,6,,,,
083570,0,0,0,-20,,,,
083571,0,0,0,135,,,,
083573,0,0,0,-62,,,,
083574,0,0,0,10,,,,
083576,0,0,0,17,,,,
083577,0,0,0,0,,,,
083578,0,0,0,0,,,,
083579,0,0,0,-2,,,,
083580,0,0,0,-50,,,,
083581,0,0,0,3,,,,
083582,0,0,0,29,,,,
083584,0,0,0,-103,,,,
083585,0,0,0,2,,,,
083586,0,0,0,-187,,,,
083588,0,0,0,-110,,,,
083589,0,0,0,0,,,,
083591,0,0,0,15,,,,
083592,0,0,0,-20,,,,
083595,0,0,0,-53,,,,
083596,0,0,0,33,,,,
083600,0,0,0,1,,,,
083601,0,0,0,-25,,,,
083603,0,0,0,-10,,,,
083604,0,0,0,25,,,,
083606,0,0,0,-111,,,,
083607,0,0,0,-2,,,,
083617,0,0,0,0,,,,
083620,0,0,0,114,,,,
083621,0,0,0,-58,,,,
083622,0,0,0,-109,,,,
083625,0,0,0,4,,,,
083626,0,0,0,390,,,,
083627,0,0,0,869,,,,
083628,0,0,0,-10,,,,
083629,0,0,0,29,,,,
083630,0,0,0,-5,,,,
083634,0,0,0,196,,,,
083635,0,0,0,4,,,,
083638,0,0,0,177,,,,
083644,0,0,0,-91,,,,
083645,0,0,0,225,,,,
083646,0,0,0,-18,,,,
083648,40,0,0,-260,,,,
083650,0,0,0,-1,,,,
083651,0,0,0,-554,,,,
083652,0,0,0,181,,,,
083653,0,0,0,37,,,,
083654,0,0,0,-27,,,,
083662,0,0,0,-21,,,,
083663,0,0,0,-30,,,,
083664,0,0,0,-5,,,,
083665,0,0,0,69,,,,
083668,0,0,0,0,,,,
083670,0,0,0,47,,,,
083671,0,0,0,-41,,,,
083673,0,0,0,24,,,,
083675,0,0,0,24,,,,
083676,0,0,0,61,,,,
083677,0,0,0,51,,,,
083680,0,0,0,84,,,,
083681,0,0,0,1,,,,
083682,0,0,0,-10,,,,
083684,0,0,0,-54,,,,
083686,0,0,0,287,,,,
083687,0,0,0,-151,,,,
083689,0,0,0,-30,,,,
083690,0,0,0,46,,,,
083707,0,0,0,-19,,,,
083711,0,0,0,26,,,,
083713,0,0,0,0,,,,
083716,0,0,0,0,,,,
083717,0,0,0,-26,,,,
083718,0,0,0,-22,,,,
083719,0,0,0,-25,,,,
083720,0,0,0,16,,,,
083724,0,0,0,0,,,,
083727,0,0,0,-5,,,,
083728,0,0,0,38,,,,
083729,0,0,0,9,,,,
083730,0,0,0,3,,,,
083731,0,0,0,95,,,,
083732,0,0,0,300,,,,
083736,0,0,0,-373,,,,
083737,0,0,0,4,,,,
083740,0,0,0,-16,,,,
083741,0,0,0,6,,,,
083744,0,0,0,-3,,,,
083746,0,0,0,-241,,,,
083747,0,0,0,23,,,,
083749,0,0,0,20,,,,
083752,0,0,0,96,,,,
083755,0,0,0,-37,,,,
083757,0,0,0,-14,,,,
083758,0,0,0,94,,,,
083759,0,0,0,-153,,,,
083760,0,0,0,0,,,,
083763,0,0,0,-2,,,,
083765,0,0,0,-25,,,,
083766,0,0,0,-4,,,,
083767,0,0,0,-30,,,,
083768,0,0,0,2,,,,
083769,0,0,0,-3,,,,
08376P,0,0,0,230,,,,
083770,0,0,0,-38,,,,
083771,0,0,0,142,,,,
083773,0,0,0,-1,,,,
083775,0,0,0,-131,,,,
083776,0,0,0,0,,,,
083777,0,0,0,-129,,,,
083778,0,0,0,4,,,,
083779,0,0,0,-58,,,,
083781,0,0,0,-40,,,,
083782,0,0,0,-213,,,,
083783,0,0,0,-50,,,,
083784,0,0,0,9,,,,
083786,0,0,0,378,,,,
083789,0,0,0,-10,,,,
083790,0,0,0,-385,,,,
083791,0,0,0,161,,,,
083794,0,0,0,-193,,,,
083795,0,0,0,-78,,,,
083796,0,0,0,-29,,,,
083798,0,0,0,15,,,,
083799,0,0,0,3,,,,
08379P,0,0,0,-1,,,,
083800,0,0,0,29,,,,
083801,0,0,0,-848,,,,
083802,0,0,0,-10,,,,
083803,0,0,0,1,,,,
083804,15,0,0,22,,,,
083805,0,0,0,-20,,,,
083806,0,0,0,308,,,,
083807,0,0,0,42,,,,
083808,0,0,0,-10,,,,
083811,0,0,0,1,,,,
083812,0,0,0,91,,,,
083813,0,0,0,256,,,,
083814,0,0,0,1,,,,
083815,0,0,0,3,,,,
083816,0,0,0,564,,,,
083818,0,0,0,-40,,,,
083819,0,0,0,422,,,,
083820,0,0,0,52,,,,
083821,0,0,0,69,,,,
083822,0,0,0,3,,,,
083823,0,0,0,25,,,,
083826,0,0,0,-599,,,,
083828,0,0,0,71,,,,
083829,0,0,0,-24,,,,
083830,0,0,0,50,,,,
083831,0,0,0,43,,,,
083832,0,0,0,-22,,,,
083833,0,0,0,70,,,,
083837,0,0,0,151,,,,
08383P,0,0,0,10,,,,
083841,0,0,0,-29,,,,
083844,0,0,0,1,,,,
083845,0,0,0,-131,,,,
083846,0,0,0,2,,,,
083847,0,0,0,11,,,,
083850,0,0,0,201,,,,
083853,0,0,0,51,,,,
083855,0,0,0,20,,,,
083858,0,0,0,-149,,,,
083859,0,0,0,25,,,,
083863,0,0,0,21,,,,
083864,0,0,0,0,,,,
083866,0,0,0,-170,,,,
08386P,0,0,0,60,,,,
083870,0,0,0,6,,,,
083871,0,0,0,-39,,,,
083872,0,0,0,28,,,,
083878,0,0,0,49,,,,
083880,0,0,0,3,,,,
083883,0,0,0,4,,,,
083884,0,0,0,-55,,,,
083888,0,0,0,13,,,,
083889,0,0,0,0,,,,
083892,0,0,0,15,,,,
083896,0,0,0,16,,,,
083898,0,0,0,-50,,,,
083899,0,0,0,126,,,,
083901,0,0,0,11,,,,
083902,0,0,0,35,,,,
083907,0,0,0,-15,,,,
083909,0,0,0,-63,,,,
08390P,0,0,0,-1899,,,,
083911,0,0,0,53,,,,
083912,0,0,0,13,,,,
083913,0,0,0,-392,,,,
083917,0,0,0,87,,,,
08391P,0,0,0,299,,,,
083923,0,0,0,-6,,,,
083925,0,0,0,-100,,,,
083926,0,0,0,-2,,,,
083927,0,0,0,8,,,,
083931,0,0,0,-6,,,,
083933,0,0,0,-35,,,,
083934,0,0,0,-35,,,,
083936,0,0,0,3,,,,
083937,0,0,0,10,,,,
083939,0,0,0,-10,,,,
083940,0,0,0,2,,,,
083943,0,0,0,-5,,,,
083944,0,0,0,9,,,,
083945,0,0,0,-60,,,,
083948,0,0,0,-10,,,,
083951,0,0,0,-80,,,,
083956,0,0,0,156,,,,
083958,0,0,0,94,,,,
083959,0,0,0,-22,,,,
083960,0,0,0,338,,,,
083961,0,0,0,-538,,,,
083963,0,0,0,177,,,,
083965,0,0,0,26,,,,
083966,0,0,0,2,,,,
083967,0,0,0,31,,,,
083969,0,0,0,0,,,,
083971,0,0,0,-100,,,,
083972,0,0,0,-45,,,,
083973,0,0,0,-10,,,,
083974,0,0,0,-40,,,,
083976,0,0,0,57,,,,
083979,0,0,0,662,,,,
08397P,0,0,0,3,,,,
083980,0,0,0,218,,,,
083981,0,0,0,999,,,,
083982,0,0,0,64,,,,
083983,0,0,0,230,,,,
083984,0,0,0,373,,,,
083986,0,0,0,520,,,,
083987,0,0,0,-304,,,,
083989,0,0,0,-3,,,,
083991,0,0,0,20,,,,
083993,0,0,0,721,,,,
083994,0,0,0,35,,,,
083996,0,0,0,107,,,,
083997,0,0,0,48,,,,
083998,0,0,0,68,,,,
083999,0,0,0,104,,,,
084000,0,0,0,8,,,,
084003,0,0,0,48,,,,
084004,0,0,0,19,,,,
084007,0,0,0,4,,,,
084008,0,0,0,0,,,,
084011,0,0,0,-295,,,,
084012,0,0,0,-100,,,,
084017,0,0,0,459,,,,
084018,0,0,0,-20,,,,
084019,0,0,0,40,,,,
084021,0,0,0,103,,,,
084022,0,0,0,26,,,,
084023,0,0,0,175,,,,
084024,0,0,0,-154,,,,
084025,0,0,0,157,,,,
084027,0,0,0,-4,,,,
084030,0,0,0,3,,,,
084031,0,0,0,74,,,,
084032,0,0,0,50,,,,
084035,0,0,0,-55,,,,
084036,0,0,0,1,,,,
084039,0,0,0,-181,,,,
084041,0,0,0,21,,,,
084048,0,0,0,298,,,,
084055,0,0,0,4,,,,
084057,0,0,0,7,,,,
084058,0,0,0,-53,,,,
084059,0,0,0,25,,,,
084060,0,0,0,6,,,,
084062,0,0,0,-30,,,,
084063,0,0,0,-3,,,,
084064,0,0,0,2,,,,
084066,0,0,0,81,,,,
084068,0,0,0,77,,,,
084069,0,0,0,16,,,,
08406P,0,0,0,-47,,,,
084071,0,0,0,-64,,,,
084076,0,0,0,76,,,,
084077,0,0,0,24,,,,
084081,0,0,0,18,,,,
084083,0,0,0,10,,,,
084084,0,0,0,72,,,,
084089,0,0,0,39,,,,
084090,0,0,0,30,,,,
084091,0,0,0,13,,,,
084096,0,0,0,-11,,,,
084097,0,0,0,10,,,,
084098,0,0,0,73,,,,
084101,0,0,0,28,,,,
084102,0,0,0,552,,,,
084103,0,0,0,-176,,,,
084104,0,0,0,-215,,,,
084106,0,0,0,443,,,,
084107,0,0,0,200,,,,
084110,0,0,0,127,,,,
084113,0,0,0,38,,,,
084117,0,0,0,-154,,,,
084121,0,0,0,-45,,,,
084122,0,0,0,-1,,,,
084124,0,0,0,-140,,,,
084125,0,0,0,-19,,,,
084126,0,0,0,44,,,,
084127,0,0,0,-3,,,,
084129,0,0,0,1,,,,
084130,0,0,0,-30,,,,
084131,0,0,0,34,,,,
084132,0,0,0,13,,,,
084139,0,0,0,-9,,,,
084140,0,0,0,604,,,,
084141,0,0,0,-637,,,,
084143,0,0,0,-170,,,,
084144,0,0,0,-4,,,,
084146,0,0,0,1,,,,
084147,0,0,0,216,,,,
084149,0,0,0,201,,,,
08414P,0,0,0,-20,,,,
084151,0,0,0,4,,,,
084154,0,0,0,-357,,,,
084155,0,0,0,4,,,,
084156,0,0,0,-2,,,,
084157,0,0,0,239,,,,
084158,0,0,0,0,,,,
084160,0,0,0,-387,,,,
084161,0,0,0,-1,,,,
084162,0,0,0,9,,,,
084164,0,0,0,-1,,,,
084165,0,0,0,-2,,,,
084167,0,0,0,1,,,,
084168,0,0,0,11,,,,
084169,0,0,0,0,,,,
084170,0,0,0,12,,,,
084172,0,0,0,1,,,,
084173,0,0,0,0,,,,
084176,0,0,0,520,,,,
084177,0,0,0,2,,,,
084179,0,0,0,-21,,,,
084180,0,0,0,91,,,,
084183,0,0,0,-77,,,,
084184,0,0,0,0,,,,
084185,0,0,0,-10,,,,
084186,0,0,0,15,,,,
084187,0,0,0,137,,,,
084188,0,0,0,-6,,,,
084189,0,0,0,1000,,,,
084191,0,0,0,22,,,,
084192,0,0,0,-141,,,,
084194,0,0,0,22,,,,
084196,0,0,0,201,,,,
084198,0,0,0,-4,,,,
08419P,0,0,0,-56,,,,
084200,0,0,0,322,,,,
084201,0,0,0,53,,,,
084203,0,0,0,0,,,,
084204,0,0,0,27,,,,
084205,0,0,0,260,,,,
084207,0,0,0,-63,,,,
084209,0,0,0,285,,,,
08420P,0,0,0,16,,,,
084210,0,0,0,-5,,,,
084211,0,0,0,10,,,,
084212,0,0,0,3,,,,
084216,0,0,0,-8,,,,
084220,0,0,0,2,,,,
084222,0,0,0,-7,,,,
084224,0,0,0,-4,,,,
084226,0,0,0,-72,,,,
084227,0,0,0,-20,,,,
084229,0,0,0,27,,,,
084230,0,0,0,-10,,,,
084234,0,0,0,-60,,,,
084236,0,0,0,-14,,,,
084237,0,0,0,19,,,,
084239,0,0,0,135,,,,
084241,0,0,0,18,,,,
084242,0,0,0,86,,,,
084244,0,0,0,-10,,,,
084245,0,0,0,-44,,,,
084247,0,0,0,-26,,,,
084248,0,0,0,3,,,,
084249,0,0,0,11,,,,
08424P,0,0,0,-2,,,,
084252,0,0,0,0,,,,
084254,0,0,0,78,,,,
084257,0,0,0,25,,,,
08425P,0,0,0,35,,,,
084262,0,0,0,-3,,,,
084263,0,0,0,33,,,,
084268,0,0,0,4,,,,
084269,0,0,0,30,,,,
08426P,0,0,0,-8,,,,
084270,0,0,0,-11,,,,
084275,0,0,0,-24,,,,
084276,0,0,0,-57,,,,
084283,0,0,0,-15,,,,
084285,0,0,0,-485,,,,
084287,0,0,0,38,,,,
084288,0,0,0,174,,,,
084289,0,0,0,-1,,,,
084291,0,0,0,-36,,,,
084292,0,0,0,30,,,,
084294,0,0,0,347,,,,
084295,0,0,0,-5,,,,
084297,0,0,0,-225,,,,
084298,0,0,0,34,,,,
084300,0,0,0,-21,,,,
084301,0,0,0,4,,,,
084302,0,0,0,1,,,,
084303,0,0,0,80,,,,
084304,0,0,0,-103,,,,
084305,0,0,0,247,,,,
084306,0,0,0,60,,,,
084307,0,0,0,-7,,,,
084308,0,0,0,-43,,,,
084309,0,0,0,-129,,,,
084310,0,0,0,2,,,,
084311,0,0,0,442,,,,
084312,0,0,0,-7,,,,
084315,0,0,0,1,,,,
084316,0,0,0,727,,,,
084322,0,0,0,-191,,,,
084325,0,0,0,364,,,,
084326,0,0,0,25,,,,
084327,0,0,0,59,,,,
084328,0,0,0,-1,,,,
08432P,0,0,0,-2,,,,
084331,0,0,0,-12,,,,
084334,0,0,0,0,,,,
084337,0,0,0,36,,,,
084344,0,0,0,2,,,,
084349,0,0,0,208,,,,
084350,0,0,0,14,,,,
084352,0,0,0,-70,,,,
084354,0,0,0,-115,,,,
084355,0,0,0,-3,,,,
084359,0,0,0,30,,,,
084360,0,0,0,10,,,,
084362,0,0,0,40,,,,
084365,0,0,0,2,,,,
084366,0,0,0,210,,,,
084368,0,0,0,43,,,,
084370,0,0,0,57,,,,
084372,0,0,0,6,,,,
084373,0,0,0,-50,,,,
084375,0,0,0,15,,,,
084376,0,0,0,-2,,,,
084377,0,0,0,-2,,,,
084379,0,0,0,16,,,,
084381,0,0,0,-55,,,,
084383,0,0,0,-2,,,,
084384,0,0,0,-8,,,,
084385,0,0,0,2,,,,
084390,0,0,0,10,,,,
084391,0,0,0,235,,,,
084393,0,0,0,37,,,,
084397,0,0,0,0,,,,
084399,0,0,0,190,,,,
084401,0,0,0,-27,,,,
084402,0,0,0,13,,,,
084404,0,0,0,1,,,,
084406,0,0,0,3320,,,,
084407,0,0,0,13,,,,
084415,0,0,0,76,,,,
084416,0,0,0,-82,,,,
084420,0,0,0,-122,,,,
084422,0,0,0,6,,,,
084427,0,0,0,-1,,,,
084431,0,0,0,1,,,,
084434,0,0,0,-14,,,,
084441,0,0,0,9,,,,
084442,0,0,0,126,,,,
084444,0,0,0,-270,,,,
084446,0,0,0,-100,,,,
084449,0,0,0,23,,,,
084450,0,0,0,-29,,,,
084451,0,0,0,-4,,,,
084454,0,0,0,12,,,,
084455,0,0,0,0,,,,
084456,0,0,0,0,,,,
084457,0,0,0,7,,,,
084458,0,0,0,89,,,,
084459,0,0,0,175,,,,
08445P,0,0,0,-27,,,,
084460,0,0,0,28,,,,
084463,0,0,0,269,,,,
084465,0,0,0,32,,,,
084466,0,0,0,138,,,,
084467,0,0,0,2,,,,
084468,0,0,0,10,,,,
084469,0,0,0,209,,,,
084470,0,0,0,-2,,,,
084472,0,0,0,10,,,,
084474,0,0,0,-156,,,,
084476,0,0,0,8,,,,
084477,0,0,0,55,,,,
084479,0,0,0,122,,,,
084480,0,0,0,-426,,,,
084481,0,0,0,-357,,,,
084483,0,0,0,-16,,,,
084484,0,0,0,-15,,,,
084486,0,0,0,-11,,,,
084487,0,0,0,4,,,,
084489,0,0,0,-226,,,,
084495,0,0,0,40,,,,
084497,0,0,0,736,,,,
084500,0,0,0,5,,,,
084501,0,0,0,9,,,,
084503,0,0,0,-384,,,,
084505,0,0,0,5,,,,
084506,0,0,0,-29,,,,
084507,0,0,0,16,,,,
084508,0,0,0,31,,,,
084510,0,0,0,89,,,,
084511,0,0,0,45,,,,
084514,0,0,0,17,,,,
084515,0,0,0,44,,,,
084516,0,0,0,-8,,,,
084520,0,0,0,58,,,,
084521,0,0,0,152,,,,
084522,0,0,0,11,,,,
084523,0,0,0,10,,,,
084524,0,0,0,24,,,,
084525,0,0,0,-1,,,,
084535,0,0,0,178,,,,
084540,0,0,0,-20,,,,
084542,0,0,0,18,,,,
084544,0,0,0,2,,,,
084548,0,0,0,-15,,,,
084549,0,0,0,9,,,,
084550,0,0,0,-38,,,,
084551,0,0,0,-8,,,,
084552,0,0,0,41,,,,
084555,0,0,0,20,,,,
084556,0,0,0,-420,,,,
084557,0,0,0,209,,,,
084559,0,0,0,-12,,,,
084560,0,0,0,-56,,,,
084561,0,0,0,89,,,,
084562,0,0,0,-119,,,,
084563,0,0,0,55,,,,
084566,0,0,0,22,,,,
084569,0,0,0,2,,,,
084570,0,0,0,23,,,,
084571,0,0,0,-50,,,,
084573,0,0,0,44,,,,
084575,0,0,0,-50,,,,
084577,0,0,0,2,,,,
084579,0,0,0,-24,,,,
084580,0,0,0,55,,,,
084582,0,0,0,50,,,,
084583,0,0,0,-139,,,,
084585,0,0,0,1,,,,
084586,0,0,0,-2,,,,
084593,0,0,0,48,,,,
084594,0,0,0,0,,,,
084595,0,0,0,-61,,,,
084598,0,0,0,319,,,,
084599,0,0,0,3,,,,
084606,0,0,0,20,,,,
084607,0,0,0,653,,,,
084608,0,0,0,4,,,,
084609,0,0,0,17,,,,
084610,0,0,0,30,,,,
084614,0,0,0,17,,,,
084615,0,0,0,1078,,,,
084617,0,0,0,-3,,,,
084618,0,0,0,-2,,,,
084619,0,0,0,-3,,,,
084621,0,0,0,1,,,,
084622,0,0,0,1,,,,
084624,0,0,0,0,,,,
08462P,0,0,0,1,,,,
084631,0,0,0,-86,,,,
084636,0,0,0,12,,,,
084637,0,0,0,0,,,,
084638,0,0,0,0,,,,
084640,0,0,0,1,,,,
084641,0,0,0,60,,,,
084643,0,0,0,-30,,,,
084645,0,0,0,-84,,,,
084646,0,0,0,8,,,,
084647,0,0,0,23,,,,
084650,0,0,0,-1,,,,
084653,0,0,0,-1,,,,
084655,0,0,0,24,,,,
084656,0,0,0,33,,,,
084657,0,0,0,-11,,,,
084659,0,0,0,-78,,,,
084660,0,0,0,3,,,,
084661,0,0,0,15,,,,
084662,0,0,0,40,,,,
084663,0,0,0,29,,,,
084665,0,0,0,30,,,,
084669,0,0,0,-4,,,,
084673,0,0,0,148,,,,
084675,0,0,0,-32,,,,
084676,0,0,0,30,,,,
084678,0,0,0,-3,,,,
084680,0,0,0,-1,,,,
084682,0,0,0,15,,,,
084683,0,0,0,-80,,,,
084685,0,0,0,-20,,,,
084692,0,0,0,3,,,,
084693,0,0,0,-3,,,,
084695,0,0,0,162,,,,
084697,0,0,0,4,,,,
084698,0,0,0,-3,,,,
084699,0,0,0,10,,,,
084700,0,0,0,55,,,,
084701,0,0,0,-199,,,,
084702,0,0,0,0,,,,
084704,0,0,0,30,,,,
084705,0,0,0,-11,,,,
084706,0,0,0,2,,,,
084707,0,0,0,34,,,,
084710,0,0,0,36,,,,
084712,0,0,0,328,,,,
084717,0,0,0,-6,,,,
084718,0,0,0,9,,,,
084720,0,0,0,1,,,,
084722,0,0,0,274,,,,
084724,0,0,0,536,,,,
084726,0,0,0,67,,,,
084727,0,0,0,59,,,,
08472P,0,0,0,6,,,,
084730,0,0,0,40,,,,
084731,0,0,0,-1,,,,
084733,0,0,0,3,,,,
084735,0,0,0,10,,,,
084736,0,0,0,13,,,,
084737,0,0,0,50,,,,
084738,0,0,0,267,,,,
084739,0,0,0,745,,,,
08473P,0,0,0,-100,,,,
084740,0,0,0,0,,,,
084741,0,0,0,-104,,,,
084742,0,0,0,256,,,,
084744,0,0,0,-66,,,,
084745,0,0,0,-192,,,,
084746,0,0,0,-4,,,,
084752,0,0,0,21,,,,
084755,0,0,0,20,,,,
084759,0,0,0,-3,,,,
084763,0,0,0,-13,,,,
084765,0,0,0,27,,,,
084766,0,0,0,-15,,,,
084768,0,0,0,-325,,,,
084770,0,0,0,91,,,,
084771,0,0,0,6,,,,
084772,0,0,0,36,,,,
084777,0,0,0,58,,,,
084778,0,0,0,-20,,,,
084779,0,0,0,49,,,,
084782,0,0,0,7,,,,
084784,0,0,0,-15,,,,
084785,0,0,0,1415,,,,
084787,0,0,0,-37,,,,
084788,0,0,0,-40,,,,
084789,0,0,0,5,,,,
084794,0,0,0,3,,,,
084795,0,0,0,15,,,,
084802,0,0,0,-5,,,,
084803,0,0,0,-27,,,,
084805,0,0,0,10,,,,
084811,0,0,0,-45,,,,
084813,0,0,0,0,,,,
084815,0,0,0,-2,,,,
084816,0,0,0,-44,,,,
084817,0,0,0,405,,,,
084823,0,0,0,6,,,,
084824,0,0,0,-12,,,,
084826,0,0,0,-5,,,,
084827,0,0,0,0,,,,
084830,0,0,0,138,,,,
084831,0,0,0,-2,,,,
084832,0,0,0,21,,,,
084836,0,0,0,5,,,,
084840,0,0,0,100,,,,
084841,0,0,0,35,,,,
084842,0,0,0,66,,,,
084843,0,0,0,-108,,,,
084847,0,0,0,4,,,,
084855,0,0,0,-145,,,,
084859,0,0,0,21,,,,
084860,0,0,0,-137,,,,
084863,0,0,0,73,,,,
084864,0,0,0,-18,,,,
084865,0,0,0,37,,,,
084866,0,0,0,10,,,,
084868,0,0,0,-10,,,,
084869,0,0,0,12,,,,
084870,0,0,0,-5,,,,
084871,0,0,0,29,,,,
084872,0,0,0,129,,,,
084874,0,0,0,24,,,,
084875,0,0,0,0,,,,
084877,0,0,0,139,,,,
084878,0,0,0,-3,,,,
084879,0,0,0,0,,,,
084880,0,0,0,-23,,,,
084881,0,0,0,604,,,,
084883,0,0,0,-10,,,,
084884,0,0,0,60,,,,
084885,0,0,0,-60,,,,
084890,0,0,0,4,,,,
084891,0,0,0,20,,,,
084893,0,0,0,10,,,,
084895,0,0,0,-366,,,,
084900,0,0,0,-226,,,,
084901,0,0,0,-100,,,,
084902,0,0,0,105,,,,
084903,0,0,0,-16,,,,
084904,0,0,0,41,,,,
084906,0,0,0,-1,,,,
084907,0,0,0,3,,,,
084908,0,0,0,0,,,,
084909,0,0,0,0,,,,
084910,0,0,0,330,,,,
084912,0,0,0,73,,,,
084913,0,0,0,46,,,,
084917,0,0,0,81,,,,
084918,0,0,0,401,,,,
084919,0,0,0,1,,,,
084920,0,0,0,9,,,,
084923,0,0,0,-47,,,,
084926,0,0,0,421,,,,
084927,0,0,0,27,,,,
084928,0,0,0,-256,,,,
084929,0,0,0,320,,,,
08492P,0,0,0,-14,,,,
084930,0,0,0,107,,,,
084931,0,0,0,-12,,,,
084932,0,0,0,-29,,,,
084933,0,0,0,2,,,,
084934,0,0,0,34,,,,
084935,0,0,0,-51,,,,
084936,0,0,0,-9,,,,
084938,0,0,0,187,,,,
084939,0,0,0,315,,,,
084940,0,0,0,38,,,,
084941,0,0,0,22,,,,
084942,0,0,0,269,,,,
084947,0,0,0,1,,,,
084948,0,0,0,230,,,,
084949,0,0,0,50,,,,
084951,0,0,0,2,,,,
084952,0,0,0,27,,,,
084953,0,0,0,-1,,,,
084957,0,0,0,4,,,,
084958,0,0,0,5,,,,
084959,0,0,0,9,,,,
084961,0,0,0,-1,,,,
084963,0,0,0,-1,,,,
084964,0,0,0,268,,,,
084965,0,0,0,183,,,,
084966,0,0,0,0,,,,
084967,0,0,0,21,,,,
084971,0,0,0,21,,,,
084972,0,0,0,-223,,,,
084974,0,0,0,-20,,,,
084976,0,0,0,-17,,,,
084977,0,0,0,40,,,,
084979,0,0,0,22,,,,
084986,0,0,0,0,,,,
084989,0,0,0,23,,,,
084991,0,0,0,75,,,,
084993,0,0,0,-34,,,,
084994,0,0,0,20,,,,
085005,0,0,0,1777,,,,
085010,0,0,0,-3,,,,
085011,0,0,0,-20,,,,
085012,0,0,0,-7,,,,
085014,0,0,0,-20,,,,
085019,0,0,0,-359,,,,
085023,0,0,0,-25,,,,
085027,0,0,0,0,,,,
085028,0,0,0,21,,,,
085029,0,0,0,3,,,,
085030,0,0,0,-160,,,,
085031,0,0,0,2,,,,
085032,0,0,0,-336,,,,
085033,0,0,0,-3,,,,
085034,0,0,0,77,,,,
085036,0,0,0,-205,,,,
085039,0,0,0,24,,,,
085043,0,0,0,-33,,,,
085044,0,0,0,7,,,,
085045,0,0,0,6,,,,
085046,0,0,0,13,,,,
085047,0,0,0,3,,,,
085049,0,0,0,65,,,,
085050,0,0,0,-125,,,,
085052,0,0,0,-248,,,,
085054,0,0,0,1,,,,
085055,0,0,0,139,,,,
085057,0,0,0,-14,,,,
085059,0,0,0,111,,,,
085061,0,0,0,13,,,,
085062,0,0,0,3,,,,
085063,0,0,0,7,,,,
085064,0,0,0,-1,,,,
085065,0,0,0,57,,,,
085066,0,0,0,1,,,,
085067,0,0,0,-125,,,,
085069,0,0,0,-118,,,,
085070,0,0,0,-90,,,,
085071,0,0,0,46,,,,
085073,0,0,0,-170,,,,
085074,0,0,0,26,,,,
085075,0,0,0,47,,,,
085076,0,0,0,-55,,,,
085077,0,0,0,5,,,,
085079,0,0,0,94,,,,
085084,0,0,0,-120,,,,
085086,0,0,0,198,,,,
085088,0,0,0,250,,,,
085092,0,0,0,23,,,,
085096,0,0,0,-3,,,,
085100,0,0,0,-1,,,,
085101,0,0,0,139,,,,
085103,0,0,0,80,,,,
085104,0,0,0,43,,,,
085107,0,0,0,1,,,,
085109,0,0,0,5,,,,
085111,0,0,0,-200,,,,
085112,0,0,0,-78,,,,
085113,0,0,0,75,,,,
085114,0,0,0,25,,,,
085116,0,0,0,-105,,,,
085118,0,0,0,-101,,,,
08511P,0,0,0,29,,,,
085122,0,0,0,13,,,,
085124,0,0,0,-1,,,,
085126,0,0,0,11,,,,
085128,0,0,0,143,,,,
085129,0,0,0,496,,,,
085132,0,0,0,3,,,,
085133,0,0,0,1,,,,
08513P,0,0,0,-1,,,,
085140,0,0,0,66,,,,
085143,0,0,0,-10,,,,
085144,0,0,0,9,,,,
085145,0,0,0,31,,,,
085147,0,0,0,35,,,,
085148,0,0,0,-20,,,,
085152,0,0,0,20,,,,
085153,0,0,0,351,,,,
085154,0,0,0,97,,,,
085157,0,0,0,20,,,,
085161,0,0,0,28,,,,
085162,0,0,0,-76,,,,
085163,0,0,0,9,,,,
085167,0,0,0,100,,,,
085168,0,0,0,5,,,,
085169,0,0,0,4,,,,
085172,0,0,0,45,,,,
085173,0,0,0,4,,,,
085174,0,0,0,-2,,,,
085175,0,0,0,9,,,,
085177,0,0,0,-2,,,,
085178,0,0,0,26,,,,
085179,0,0,0,-18,,,,
085180,0,0,0,-3,,,,
085183,0,0,0,12,,,,
085184,0,0,0,0,,,,
085185,0,0,0,-16,,,,
085186,0,0,0,29,,,,
085187,0,0,0,8,,,,
085188,0,0,0,-8,,,,
085189,0,0,0,20,,,,
085190,0,0,0,49,,,,
085192,0,0,0,24,,,,
085198,0,0,0,-457,,,,
085199,0,0,0,20,,,,
085204,0,0,0,59,,,,
085205,-5,0,0,5,,,,
085209,0,0,0,-67,,,,
085210,0,0,0,10,,,,
085211,0,0,0,-2,,,,
085212,0,0,0,-5,,,,
085214,0,0,0,-420,,,,
085215,0,0,0,112,,,,
085216,0,0,0,0,,,,
085217,0,0,0,135,,,,
085218,0,0,0,48,,,,
085219,0,0,0,20,,,,
085220,0,0,0,0,,,,
085221,0,0,0,-110,,,,
085226,0,0,0,-17,,,,
085227,0,0,0,58,,,,
085229,0,0,0,1,,,,
085230,0,0,0,12,,,,
085232,0,0,0,2,,,,
085233,0,0,0,71,,,,
085234,0,0,0,-641,,,,
085236,0,0,0,-57,,,,
085237,0,0,0,-37,,,,
085238,0,0,0,37,,,,
085239,0,0,0,75,,,,
085240,0,0,0,75,,,,
085241,0,0,0,-229,,,,
085242,0,0,0,370,,,,
085243,0,0,0,47,,,,
085244,0,0,0,30,,,,
085245,0,0,0,104,,,,
085247,0,0,0,-2,,,,
085249,0,0,0,55,,,,
085251,0,0,0,112,,,,
085252,0,0,0,-382,,,,
085253,0,0,0,627,,,,
085255,0,0,0,2,,,,
085258,0,0,0,-82,,,,
085259,0,0,0,409,,,,
085261,0,0,0,21,,,,
085262,0,0,0,47,,,,
085264,0,0,0,-617,,,,
085267,0,0,0,20,,,,
085269,0,0,0,870,,,,
085275,0,0,0,25,,,,
085277,0,0,0,-4,,,,
085278,0,0,0,149,,,,
085279,0,0,0,-78,,,,
085280,0,0,0,17,,,,
085281,0,0,0,-5,,,,
085282,0,0,0,-10,,,,
085285,0,0,0,-3,,,,
085286,0,0,0,9,,,,
085289,0,0,0,-14,,,,
085290,0,0,0,8,,,,
085291,0,0,0,10,,,,
085292,0,0,0,200,,,,
085295,0,0,0,-799,,,,
085296,0,0,0,-5,,,,
085297,0,0,0,0,,,,
085298,0,0,0,-50,,,,
085300,0,0,0,-4,,,,
085308,0,0,0,0,,,,
085312,0,0,0,3,,,,
085314,0,0,0,-11,,,,
085316,0,0,0,23,,,,
085318,0,0,0,-62,,,,
085319,0,0,0,197,,,,
08531P,0,0,0,8,,,,
085323,0,0,0,-767,,,,
085327,0,0,0,-21,,,,
085330,0,0,0,10,,,,
085332,0,0,0,-12,,,,
085335,0,0,0,-10,,,,
085336,0,0,0,65,,,,
085337,0,0,0,11,,,,
085339,0,0,0,62,,,,
085340,0,0,0,205,,,,
085342,0,0,0,30,,,,
085344,0,0,0,-393,,,,
085347,0,0,0,0,,,,
085348,0,0,0,53,,,,
085349,0,0,0,-88,,,,
085350,0,0,0,-32,,,,
085352,0,0,0,10,,,,
085355,0,0,0,1,,,,
085357,0,0,0,0,,,,
085360,0,0,0,4,,,,
085362,0,0,0,0,,,,
085366,0,0,0,1,,,,
085369,0,0,0,-150,,,,
085370,0,0,0,654,,,,
085372,0,0,0,63,,,,
085374,0,0,0,248,,,,
085375,0,0,0,200,,,,
085376,0,0,0,87,,,,
085377,0,0,0,28,,,,
085382,0,0,0,-237,,,,
085383,0,0,0,15,,,,
085385,0,0,0,14,,,,
085387,0,0,0,2,,,,
085388,0,0,0,2,,,,
085389,0,0,0,-158,,,,
085390,0,0,0,-90,,,,
085391,0,0,0,311,,,,
085392,0,0,0,58,,,,
085393,0,0,0,2,,,,
085395,0,0,0,63,,,,
085396,0,0,0,-2,,,,
085397,0,0,0,134,,,,
085398,0,0,0,-46,,,,
085399,0,0,0,42,,,,
085400,0,0,0,266,,,,
085401,0,0,0,437,,,,
085402,0,0,0,266,,,,
085403,0,0,0,39,,,,
085404,0,0,0,488,,,,
085405,0,0,0,25,,,,
085406,0,0,0,-172,,,,
085407,0,0,0,161,,,,
085408,0,0,0,9,,,,
085409,0,0,0,190,,,,
085410,0,0,0,38,,,,
085411,0,0,0,11,,,,
085414,0,0,0,8,,,,
085418,0,0,0,10,,,,
085419,0,0,0,-241,,,,
085420,0,0,0,26,,,,
085421,0,0,0,-20,,,,
085424,0,0,0,-11,,,,
085425,0,0,0,30,,,,
085426,0,0,0,28,,,,
085427,0,0,0,0,,,,
085429,0,0,0,10,,,,
085431,0,0,0,0,,,,
085434,0,0,0,-10,,,,
085435,0,0,0,-34,,,,
085436,0,0,0,-45,,,,
085437,0,0,0,12,,,,
085439,0,0,0,66,,,,
085441,0,0,0,6,,,,
085443,0,0,0,26,,,,
085444,0,0,0,2,,,,
085445,0,0,0,43,,,,
085448,0,0,0,51,,,,
085452,0,0,0,812,,,,
085453,0,0,0,-8,,,,
085454,0,0,0,-60,,,,
085455,0,0,0,56,,,,
085456,0,0,0,0,,,,
085457,0,0,0,-10,,,,
085458,0,0,0,-18,,,,
085461,0,0,0,9,,,,
085463,0,0,0,97,,,,
085464,0,0,0,-25,,,,
085465,0,0,0,78,,,,
085467,0,0,0,-67,,,,
085468,0,0,0,5,,,,
085469,0,0,0,3,,,,
085473,0,0,0,24,,,,
085476,0,0,0,-647,,,,
085477,0,0,0,15,,,,
085478,0,0,0,89,,,,
085481,0,0,0,20,,,,
085484,0,0,0,305,,,,
085486,0,0,0,-16,,,,
085488,0,0,0,12,,,,
085490,0,0,0,3,,,,
085495,0,0,0,-70,,,,
085498,0,0,0,-78,,,,
085499,0,0,0,170,,,,
085500,0,0,0,20,,,,
085503,0,0,0,56,,,,
085504,0,0,0,-7,,,,
085505,0,0,0,-20,,,,
085506,0,0,0,2,,,,
085510,0,0,0,35,,,,
085511,0,0,0,21,,,,
085512,0,0,0,9,,,,
085514,0,0,0,26,,,,
085515,0,0,0,-11,,,,
085520,0,0,0,0,,,,
085521,0,0,0,67,,,,
085523,0,0,0,-175,,,,
085526,0,0,0,-51,,,,
085529,0,0,0,29,,,,
085530,0,0,0,-1,,,,
085531,0,0,0,124,,,,
085533,0,0,0,-214,,,,
085535,0,0,0,-21,,,,
085536,0,0,0,24,,,,
085537,0,0,0,5,,,,
085538,0,0,0,28,,,,
085542,0,0,0,34,,,,
085543,0,0,0,-4,,,,
085544,0,0,0,-86,,,,
085545,0,0,0,-33,,,,
085546,0,0,0,5,,,,
085547,0,0,0,4,,,,
085549,0,0,0,-119,,,,
08554P,0,0,0,-70,,,,
085550,0,0,0,17,,,,
085551,0,0,0,-91,,,,
085552,0,0,0,-44,,,,
085553,0,0,0,-200,,,,
085556,0,0,0,-10,,,,
085559,0,0,0,8,,,,
085560,0,0,0,-159,,,,
085561,0,0,0,-6,,,,
085562,0,0,0,-12,,,,
085563,0,0,0,-288,,,,
085564,0,0,0,165,,,,
085565,0,0,0,-725,,,,
085566,0,0,0,20,,,,
085567,0,0,0,-35,,,,
085568,0,0,0,27,,,,
085570,0,0,0,-1,,,,
085571,0,0,0,1,,,,
085572,0,0,0,1,,,,
085573,0,0,0,-50,,,,
085575,0,0,0,18,,,,
085576,0,0,0,453,,,,
085580,0,0,0,40,,,,
085581,0,0,0,-150,,,,
085583,0,0,0,28,,,,
085584,0,0,0,112,,,,
085586,0,0,0,55,,,,
085587,0,0,0,0,,,,
085588,0,0,0,4,,,,
085589,0,0,0,85,,,,
085591,0,0,0,41,,,,
085592,0,0,0,-2,,,,
085598,0,0,0,-78,,,,
085600,0,0,0,-38,,,,
085602,0,0,0,23,,,,
085606,0,0,0,-1,,,,
085607,0,0,0,26,,,,
085609,0,0,0,-3,,,,
085610,0,0,0,32,,,,
085611,0,0,0,17,,,,
085614,0,0,0,231,,,,
085617,0,0,0,-10,,,,
085620,0,0,0,64,,,,
085623,0,0,0,0,,,,
085626,0,0,0,0,,,,
085627,0,0,0,30,,,,
085628,0,0,0,88,,,,
085629,0,0,0,-45,,,,
085630,0,0,0,6,,,,
085631,0,0,0,-44,,,,
085633,0,0,0,-9,,,,
085634,0,0,0,4,,,,
085635,0,0,0,145,,,,
085638,0,0,0,127,,,,
085641,0,0,0,51,,,,
085642,0,0,0,181,,,,
085643,0,0,0,-12,,,,
085644,0,0,0,2,,,,
085645,0,0,0,-150,,,,
085646,0,0,0,10,,,,
085647,0,0,0,-14,,,,
085648,0,0,0,1,,,,
085650,0,0,0,-53,,,,
085651,0,0,0,-35,,,,
085652,0,0,0,-546,,,,
085653,0,0,0,76,,,,
085654,0,0,0,-1,,,,
085655,0,0,0,-24,,,,
085656,0,0,0,0,,,,
085658,0,0,0,0,,,,
085659,0,0,0,-45,,,,
085660,0,0,0,-3,,,,
085661,0,0,0,-38,,,,
085662,0,0,0,0,,,,
085664,0,0,0,-11,,,,
085665,0,0,0,-58,,,,
085667,0,0,0,-14,,,,
085668,0,0,0,2,,,,
085672,0,0,0,-37,,,,
085674,0,0,0,-4,,,,
085677,0,0,0,-18,,,,
085678,0,0,0,-66,,,,
085679,0,0,0,3,,,,
085681,0,0,0,-20,,,,
085682,0,0,0,0,,,,
085685,0,0,0,82,,,,
085686,0,0,0,27,,,,
085687,0,0,0,13,,,,
085689,0,0,0,1,,,,
085690,0,0,0,1,,,,
085693,0,0,0,56,,,,
085697,0,0,0,20,,,,
085698,0,0,0,0,,,,
08569P,0,0,0,0,,,,
085700,0,0,0,43,,,,
085702,0,0,0,12,,,,
085703,0,0,0,-16,,,,
085704,0,0,0,10,,,,
085706,0,0,0,-13,,,,
085708,0,0,0,-30,,,,
085709,0,0,0,25,,,,
085711,0,0,0,34,,,,
085712,0,0,0,1,,,,
085713,0,0,0,-10,,,,
085715,0,0,0,51,,,,
085716,0,0,0,1,,,,
085719,0,0,0,111,,,,
085720,0,0,0,-3,,,,
085721,0,0,0,254,,,,
085722,0,0,0,51,,,,
085723,0,0,0,27,,,,
085725,0,0,0,133,,,,
085726,0,0,0,-48,,,,
085727,0,0,0,0,,,,
085729,0,0,0,-7,,,,
085734,0,0,0,5,,,,
085737,0,0,0,14,,,,
085738,0,0,0,-55,,,,
085739,0,0,0,-2,,,,
085740,0,0,0,127,,,,
085741,0,0,0,-20,,,,
085742,0,0,0,2,,,,
085743,0,0,0,57,,,,
085744,0,0,0,44,,,,
085745,0,0,0,0,,,,
085746,0,0,0,-39,,,,
085747,0,0,0,131,,,,
085748,0,0,0,271,,,,
085749,0,0,0,10,,,,
085750,0,0,0,270,,,,
085752,0,0,0,-9,,,,
085753,0,0,0,-19,,,,
085754,0,0,0,-12,,,,
085757,0,0,0,17,,,,
085758,0,0,0,54,,,,
085759,0,0,0,1,,,,
085760,0,0,0,-39,,,,
085761,0,0,0,30,,,,
085762,0,0,0,193,,,,
085763,0,0,0,0,,,,
085764,0,0,0,10,,,,
085765,0,0,0,0,,,,
085767,0,0,0,100,,,,
085768,0,0,0,-5,,,,
085769,0,0,0,-1,,,,
085770,0,0,0,-29,,,,
085771,0,0,0,27,,,,
085772,0,0,0,-72,,,,
085774,0,0,0,-7,,,,
085775,0,0,0,134,,,,
085777,0,0,0,-7,,,,
085778,0,0,0,-25,,,,
085779,0,0,0,6,,,,
085780,0,0,0,-9,,,,
085783,0,0,0,200,,,,
085785,0,0,0,445,,,,
085786,0,0,0,-126,,,,
085787,0,0,0,121,,,,
085792,0,0,0,113,,,,
085793,0,0,0,245,,,,
085795,0,0,0,65,,,,
085797,0,0,0,-16,,,,
085798,0,0,0,63,,,,
08579P,0,0,0,5,,,,
085800,0,0,0,61,,,,
085804,0,0,0,120,,,,
085808,0,0,0,0,,,,
085809,0,0,0,29,,,,
085810,0,0,0,20,,,,
085811,0,0,0,-1,,,,
085816,0,0,0,-27,,,,
085818,0,0,0,-26,,,,
085823,0,0,0,-57,,,,
085830,0,0,0,-105,,,,
085831,0,0,0,239,,,,
085834,0,0,0,-152,,,,
085836,0,0,0,8,,,,
085838,0,0,0,37,,,,
08583P,0,0,0,-6,,,,
085841,0,0,0,7,,,,
085843,0,0,0,29,,,,
085844,0,0,0,49,,,,
085851,0,0,0,-2,,,,
085854,0,0,0,-3,,,,
085856,0,0,0,-357,,,,
085857,0,0,0,-100,,,,
08585P,0,0,0,1,,,,
085861,0,0,0,10,,,,
085862,0,0,0,-31,,,,
085863,0,0,0,-20,,,,
085864,0,0,0,140,,,,
085866,0,0,0,17,,,,
085867,0,0,0,-50,,,,
085868,0,0,0,157,,,,
085870,0,0,0,-5,,,,
085871,0,0,0,-45,,,,
085874,0,0,0,1,,,,
085876,0,0,0,0,,,,
085877,0,0,0,-71,,,,
085878,0,0,0,0,,,,
085879,0,0,0,10,,,,
085880,0,0,0,1,,,,
085883,0,0,0,7,,,,
085885,0,0,0,200,,,,
085886,0,0,0,-10,,,,
085888,0,0,0,-5,,,,
085890,0,0,0,-55,,,,
085891,0,0,0,45,,,,
085894,0,0,0,189,,,,
085895,0,0,0,86,,,,
085897,0,0,0,21,,,,
085898,0,0,0,-101,,,,
085900,0,0,0,12,,,,
085901,0,0,0,25,,,,
085904,0,0,0,2,,,,
085905,0,0,0,18,,,,
085906,0,0,0,87,,,,
085909,0,0,0,-126,,,,
085912,0,0,0,775,,,,
085913,0,0,0,16,,,,
085915,0,0,0,18,,,,
085918,0,0,0,251,,,,
085919,0,0,0,-100,,,,
085920,0,0,0,1,,,,
085922,0,0,0,-6,,,,
085924,0,0,0,42,,,,
085926,0,0,0,0,,,,
085927,0,0,0,49,,,,
085928,0,0,0,-161,,,,
085933,0,0,0,-14,,,,
085935,10,0,0,-45,,,,
085937,0,0,0,172,,,,
085938,0,0,0,5,,,,
085942,0,0,0,321,,,,
085944,0,0,0,0,,,,
085945,0,0,0,-264,,,,
085946,0,0,0,82,,,,
085947,0,0,0,81,,,,
085948,0,0,0,76,,,,
085949,0,0,0,152,,,,
085951,0,0,0,10,,,,
085953,0,0,0,74,,,,
085954,0,0,0,29,,,,
085955,0,0,0,246,,,,
085956,0,0,0,-349,,,,
085957,0,0,0,191,,,,
085959,0,0,0,-6,,,,
08595P,0,0,0,19,,,,
085960,0,0,0,126,,,,
085961,0,0,0,30,,,,
085963,0,0,0,142,,,,
085964,0,0,0,60,,,,
085965,0,0,0,36,,,,
085967,0,0,0,492,,,,
085968,0,0,0,-84,,,,
085969,0,0,0,-559,,,,
085971,0,0,0,6,,,,
085972,0,0,0,-210,,,,
085977,0,0,0,-35,,,,
085978,0,0,0,1258,,,,
085979,0,0,0,48,,,,
085981,0,0,0,-38,,,,
085982,0,0,0,-156,,,,
085985,0,0,0,168,,,,
085987,0,0,0,43,,,,
085989,0,0,0,27,,,,
08598P,0,0,0,-8,,,,
085990,0,0,0,2,,,,
085991,0,0,0,-5,,,,
085992,0,0,0,18,,,,
085996,0,0,0,45,,,,
085997,0,0,0,-7,,,,
085998,0,0,0,20,,,,
085999,0,0,0,0,,,,
08599P,0,0,0,145,,,,
086001,0,0,0,18,,,,
086003,0,0,0,58,,,,
086004,0,0,0,43,,,,
086005,0,0,0,-299,,,,
086008,0,0,0,17,,,,
086011,0,0,0,43,,,,
086013,0,0,0,-113,,,,
086015,0,0,0,-19,,,,
086017,0,0,0,11,,,,
086018,0,0,0,-2,,,,
086019,0,0,0,-12,,,,
086023,0,0,0,-1907,,,,
086027,-4,0,0,116,,,,
086028,0,0,0,10,,,,
086029,0,0,0,-4,,,,
086032,0,0,0,-10,,,,
086035,0,0,0,10,,,,
086038,0,0,0,74,,,,
086039,0,0,0,50,,,,
086048,0,0,0,22,,,,
086049,0,0,0,112,,,,
086050,0,0,0,-1,,,,
086055,0,0,0,36,,,,
086057,0,0,0,70,,,,
086058,0,0,0,0,,,,
086061,0,0,0,10,,,,
086062,0,0,0,-30,,,,
086064,0,0,0,-37,,,,
086065,0,0,0,138,,,,
086066,0,0,0,3,,,,
086068,0,0,0,-9,,,,
086069,0,0,0,4,,,,
086070,0,0,0,0,,,,
086071,0,0,0,3,,,,
086072,0,0,0,11,,,,
086073,0,0,0,224,,,,
086074,0,0,0,30,,,,
086078,0,0,0,-805,,,,
086079,0,0,0,3,,,,
08607P,0,0,0,10,,,,
086080,0,0,0,2,,,,
086082,0,0,0,0,,,,
086084,0,0,0,6,,,,
086085,0,0,0,71,,,,
086087,0,0,0,-248,,,,
086088,0,0,0,2,,,,
086091,0,0,0,-34,,,,
086092,0,0,0,-13,,,,
086093,0,0,0,70,,,,
086095,0,0,0,47,,,,
086096,0,0,0,665,,,,
086099,0,0,0,160,,,,
086100,0,0,0,423,,,,
086101,0,0,0,11,,,,
086102,0,0,0,56,,,,
086103,0,0,0,44,,,,
086104,0,0,0,-10,,,,
086106,0,0,0,340,,,,
086107,0,0,0,172,,,,
086108,0,0,0,2,,,,
086109,0,0,0,13,,,,
086110,0,0,0,-8,,,,
086112,0,0,0,-165,,,,
086113,0,0,0,4,,,,
086116,0,0,0,136,,,,
086117,0,0,0,-34,,,,
086118,0,0,0,-47,,,,
086120,0,0,0,9,,,,
086121,0,0,0,-25,,,,
086123,0,0,0,27,,,,
086124,0,0,0,-344,,,,
086125,0,0,0,-20,,,,
086126,0,0,0,205,,,,
086128,0,0,0,55,,,,
086129,0,0,0,101,,,,
086134,0,0,0,10,,,,
086136,0,0,0,1,,,,
086137,0,0,0,-1,,,,
086138,0,0,0,-156,,,,
086139,0,0,0,4,,,,
086140,0,0,0,-10,,,,
086141,0,0,0,30,,,,
086142,0,0,0,-193,,,,
086143,0,0,0,-1,,,,
086144,0,0,0,18,,,,
086146,0,0,0,552,,,,
086147,0,0,0,-358,,,,
086148,0,0,0,31,,,,
086151,0,0,0,37,,,,
086152,0,0,0,-33,,,,
086154,0,0,0,3,,,,
086158,0,0,0,-383,,,,
086159,0,0,0,-1,,,,
086160,0,0,0,20,,,,
086161,0,0,0,-10,,,,
086162,0,0,0,-23,,,,
086163,0,0,0,7,,,,
086166,0,0,0,-20,,,,
086168,0,0,0,10,,,,
086169,0,0,0,30,,,,
086171,0,0,0,-10,,,,
086172,0,0,0,5,,,,
086173,0,0,0,-169,,,,
086175,0,0,0,58,,,,
086176,0,0,0,15,,,,
086177,0,0,0,-16,,,,
086179,0,0,0,42,,,,
086180,0,0,0,2,,,,
086182,0,0,0,0,,,,
086183,0,0,0,-22,,,,
086185,0,0,0,38,,,,
086186,0,0,0,-6,,,,
086187,0,0,0,0,,,,
086188,0,0,0,112,,,,
086189,0,0,0,-18,,,,
086190,0,0,0,61,,,,
086191,0,0,0,1,,,,
086194,0,0,0,1,,,,
086198,0,0,0,169,,,,
086200,0,0,0,350,,,,
086201,0,0,0,-10,,,,
086202,0,0,0,16,,,,
086203,0,0,0,51,,,,
086204,0,0,0,-1,,,,
086206,0,0,0,-24,,,,
086207,0,0,0,-101,,,,
086208,0,0,0,-6,,,,
086209,0,0,0,-431,,,,
086210,0,0,0,5,,,,
086211,0,0,0,262,,,,
086212,0,0,0,-121,,,,
086213,0,0,0,-50,,,,
086214,0,0,0,-377,,,,
086219,0,0,0,160,,,,
086226,0,0,0,-29,,,,
086227,0,0,0,-34,,,,
086232,0,0,0,10,,,,
086234,0,0,0,20,,,,
086235,0,0,0,238,,,,
086236,0,0,0,7,,,,
086238,0,0,0,-11,,,,
086240,0,0,0,10,,,,
086243,0,0,0,-5,,,,
086244,0,0,0,0,,,,
086245,0,0,0,-10,,,,
086246,0,0,0,220,,,,
086248,0,0,0,-1,,,,
086249,0,0,0,2,,,,
08624P,0,0,0,-20,,,,
086250,0,0,0,7,,,,
086253,0,0,0,19,,,,
086254,0,0,0,-179,,,,
086256,0,0,0,-252,,,,
086257,0,0,0,30,,,,
086259,0,0,0,40,,,,
086261,0,0,0,24,,,,
086263,0,0,0,-3,,,,
086265,0,0,0,80,,,,
086266,0,0,0,0,,,,
086267,0,0,0,3,,,,
086268,0,0,0,4,,,,
086269,0,0,0,2,,,,
086270,0,0,0,60,,,,
086274,0,0,0,-2,,,,
086278,0,0,0,-1,,,,
086279,0,0,0,-19,,,,
086280,0,0,0,11,,,,
086282,0,0,0,22,,,,
086283,0,0,0,-11,,,,
086285,0,0,0,25,,,,
086287,0,0,0,-133,,,,
086288,0,0,0,4,,,,
086290,0,0,0,2,,,,
086291,0,0,0,585,,,,
086292,0,0,0,10,,,,
086293,0,0,0,33,,,,
086294,0,0,0,-28,,,,
086295,0,0,0,22,,,,
086296,0,0,0,41,,,,
086297,0,0,0,-195,,,,
086298,0,0,0,-21,,,,
086299,0,0,0,-86,,,,
086301,0,0,0,522,,,,
086302,0,0,0,54,,,,
086306,0,0,0,-88,,,,
086307,0,0,0,177,,,,
086308,0,0,0,-135,,,,
086309,0,0,0,127,,,,
086310,0,0,0,-124,,,,
086311,0,0,0,-20,,,,
086312,0,0,0,213,,,,
086313,0,0,0,248,,,,
086314,0,0,0,-10,,,,
086316,0,0,0,-910,,,,
086318,0,0,0,-226,,,,
086319,0,0,0,184,,,,
086320,0,0,0,6,,,,
086321,0,0,0,79,,,,
086322,0,0,0,20,,,,
086323,0,0,0,-143,,,,
086324,0,0,0,118,,,,
086325,0,0,0,641,,,,
086326,0,0,0,5,,,,
086328,0,0,0,-2,,,,
086329,0,0,0,0,,,,
086330,0,0,0,399,,,,
086332,0,0,0,31,,,,
086333,0,0,0,5,,,,
086334,0,0,0,-5,,,,
086337,0,0,0,12,,,,
086339,0,0,0,418,,,,
086340,0,0,0,10,,,,
086341,0,0,0,53,,,,
086344,0,0,0,79,,,,
086345,0,0,0,-80,,,,
086346,0,0,0,6,,,,
086347,0,0,0,55,,,,
086350,0,0,0,0,,,,
086351,0,0,0,-99,,,,
086352,0,0,0,3,,,,
086353,0,0,0,20,,,,
086354,0,0,0,-50,,,,
086356,0,0,0,5,,,,
086357,0,0,0,45,,,,
086359,0,0,0,1,,,,
08635P,0,0,0,2,,,,
086361,0,0,0,0,,,,
086362,0,0,0,-259,,,,
086365,0,0,0,-74,,,,
086366,0,0,0,-117,,,,
086367,0,0,0,11,,,,
086368,0,0,0,-10,,,,
086370,0,0,0,23,,,,
086374,0,0,0,2,,,,
086375,0,0,0,-450,,,,
086378,0,0,0,54,,,,
086379,0,0,0,-12,,,,
086381,0,0,0,5,,,,
086382,0,0,0,3,,,,
086383,0,0,0,35,,,,
086385,0,0,0,18,,,,
086386,0,0,0,23,,,,
086387,0,0,0,-422,,,,
086388,0,0,0,1270,,,,
086389,0,0,0,-2,,,,
086390,0,0,0,-3,,,,
086391,0,0,0,3,,,,
086393,0,0,0,3,,,,
086394,0,0,0,0,,,,
086395,0,0,0,-216,,,,
086396,0,0,0,-96,,,,
086398,0,0,0,27,,,,
086399,0,0,0,20,,,,
086403,0,0,0,-5,,,,
086404,0,0,0,-40,,,,
086406,0,0,0,6,,,,
086408,0,0,0,-57,,,,
086414,0,0,0,41,,,,
086419,0,0,0,-60,,,,
086420,0,0,0,-7,,,,
086422,0,0,0,-10,,,,
086423,0,0,0,5,,,,
086424,0,0,0,-50,,,,
086425,0,0,0,-5,,,,
086428,0,0,0,-2,,,,
086429,0,0,0,20,,,,
086432,0,0,0,499,,,,
086433,0,0,0,-1042,,,,
086436,0,0,0,-17,,,,
086437,0,0,0,56,,,,
086440,0,0,0,-65,,,,
086441,0,0,0,-24,,,,
086443,0,0,0,13,,,,
086444,0,0,0,235,,,,
086445,0,0,0,-2,,,,
086446,0,0,0,-42,,,,
086447,0,0,0,55,,,,
086450,0,0,0,-80,,,,
086451,0,0,0,-41,,,,
086452,0,0,0,-53,,,,
086455,0,0,0,21,,,,
086459,0,0,0,-58,,,,
086460,0,0,0,-13,,,,
086461,0,0,0,-95,,,,
086462,0,0,0,-11,,,,
086463,0,0,0,-76,,,,
086464,0,0,0,52,,,,
086465,0,0,0,14,,,,
086467,0,0,0,-19,,,,
086470,0,0,0,-48,,,,
086471,0,0,0,6,,,,
086477,0,0,0,-200,,,,
086478,0,0,0,-17,,,,
086479,0,0,0,127,,,,
086480,0,0,0,61,,,,
086481,0,0,0,68,,,,
086482,0,0,0,56,,,,
086484,0,0,0,-95,,,,
086485,0,0,0,-10,,,,
086487,0,0,0,-2,,,,
086489,0,0,0,19,,,,
086490,0,0,0,-2,,,,
086493,0,0,0,22,,,,
086494,0,0,0,-521,,,,
086495,0,0,0,33,,,,
086496,0,0,0,19,,,,
086497,0,0,0,3,,,,
086500,0,0,0,-3,,,,
086501,0,0,0,-45,,,,
086502,0,0,0,32,,,,
086504,0,0,0,52,,,,
086505,0,0,0,5,,,,
086506,0,0,0,10,,,,
086507,0,0,0,8,,,,
086509,0,0,0,6,,,,
08650P,0,0,0,-50,,,,
086510,0,0,0,-5,,,,
086511,0,0,0,11,,,,
086512,0,0,0,-20,,,,
086513,0,0,0,19,,,,
086515,0,0,0,23,,,,
086516,0,0,0,-138,,,,
086517,0,0,0,-103,,,,
086518,0,0,0,7,,,,
086520,0,0,0,73,,,,
086524,0,0,0,-116,,,,
086525,0,0,0,253,,,,
086527,0,0,0,60,,,,
086529,0,0,0,-3,,,,
086530,0,0,0,-26,,,,
086531,0,0,0,-482,,,,
086532,0,0,0,92,,,,
086533,0,0,0,0,,,,
086534,0,0,0,5,,,,
086537,0,0,0,79,,,,
086538,0,0,0,38,,,,
086539,0,0,0,0,,,,
086540,0,0,0,370,,,,
086541,0,0,0,-74,,,,
086542,0,0,0,33,,,,
086544,0,0,0,-226,,,,
086545,0,0,0,69,,,,
086546,0,0,0,-264,,,,
086547,0,0,0,904,,,,
086548,0,0,0,34,,,,
086549,0,0,0,-10,,,,
086550,0,0,0,-65,,,,
086551,0,0,0,6,,,,
086552,0,0,0,7,,,,
086553,0,0,0,1,,,,
086554,0,0,0,142,,,,
086555,0,0,0,-2,,,,
086556,0,0,0,-80,,,,
086558,0,0,0,10,,,,
086559,0,0,0,-37,,,,
086560,0,0,0,-9,,,,
086561,0,0,0,-168,,,,
086562,0,0,0,132,,,,
086563,0,0,0,10,,,,
086564,0,0,0,183,,,,
086566,0,0,0,88,,,,
086567,0,0,0,121,,,,
086568,0,0,0,-26,,,,
086569,0,0,0,31,,,,
08656P,0,0,0,-100,,,,
086570,0,0,0,153,,,,
086575,0,0,0,0,,,,
086578,0,0,0,-226,,,,
086579,0,0,0,3,,,,
08657P,0,0,0,31,,,,
086581,0,0,0,-90,,,,
086582,0,0,0,13,,,,
086583,0,0,0,28,,,,
086584,0,0,0,-51,,,,
086587,0,0,0,0,,,,
086588,0,0,0,-15,,,,
086590,0,0,0,-9,,,,
086593,0,0,0,9,,,,
086594,0,0,0,9,,,,
086597,0,0,0,32,,,,
086599,0,0,0,-31,,,,
08659P,0,0,0,20,,,,
086600,0,0,0,42,,,,
086602,0,0,0,-20,,,,
086603,0,0,0,-2,,,,
086604,0,0,0,-10,,,,
086605,0,0,0,-16,,,,
086606,0,0,0,23,,,,
086608,0,0,0,24,,,,
086609,0,0,0,184,,,,
086611,0,0,0,157,,,,
086613,0,0,0,124,,,,
086617,0,0,0,10,,,,
086618,0,0,0,171,,,,
086619,0,0,0,-6,,,,
086620,0,0,0,-3,,,,
086621,0,0,0,-466,,,,
086622,0,0,0,88,,,,
086623,0,0,0,-450,,,,
086624,0,0,0,-40,,,,
086627,0,0,0,-10,,,,
086628,0,0,0,31,,,,
086629,0,0,0,-117,,,,
086630,0,0,0,155,,,,
086632,0,0,0,5,,,,
086633,0,0,0,-201,,,,
086635,0,0,0,9,,,,
086638,0,0,0,35,,,,
086639,0,0,0,-4,,,,
086642,0,0,0,447,,,,
086644,0,0,0,29,,,,
086646,0,0,0,26,,,,
086647,0,0,0,-16,,,,
086648,0,0,0,66,,,,
086649,0,0,0,68,,,,
086650,0,0,0,3,,,,
086651,0,0,0,-36,,,,
086652,0,0,0,-1,,,,
086653,0,0,0,25,,,,
086654,0,0,0,-167,,,,
086655,0,0,0,35,,,,
086656,0,0,0,25,,,,
086657,0,0,0,110,,,,
086660,0,0,0,1,,,,
086662,0,0,0,17,,,,
086663,0,0,0,5,,,,
086664,0,0,0,298,,,,
086665,0,0,0,-174,,,,
086666,0,0,0,-52,,,,
086667,0,0,0,-47,,,,
086668,0,0,0,15,,,,
086670,0,0,0,9,,,,
086671,0,0,0,240,,,,
086673,0,0,0,51,,,,
086674,-20,0,0,50,,,,
086675,0,0,0,48,,,,
086677,0,0,0,-38,,,,
086680,0,0,0,114,,,,
086682,0,0,0,-157,,,,
086685,0,0,0,33,,,,
086686,0,0,0,14,,,,
086687,0,0,0,0,,,,
086689,0,0,0,-2,,,,
086690,0,0,0,0,,,,
086695,0,0,0,-1,,,,
08669P,0,0,0,-24,,,,
086700,0,0,0,-2,,,,
086701,0,0,0,3,,,,
086702,0,0,0,1,,,,
086705,0,0,0,9,,,,
086707,0,0,0,30,,,,
086708,0,0,0,-10,,,,
086709,0,0,0,6,,,,
086715,0,0,0,-20,,,,
086716,0,0,0,-13,,,,
086717,0,0,0,41,,,,
086718,0,0,0,56,,,,
086719,0,0,0,52,,,,
08671P,0,0,0,-280,,,,
086720,0,0,0,9,,,,
086721,0,0,0,-10,,,,
086727,0,0,0,-25,,,,
086729,0,0,0,-12,,,,
086730,0,0,0,157,,,,
086731,0,0,0,3,,,,
086732,0,0,0,17,,,,
086733,0,0,0,9,,,,
086734,0,0,0,0,,,,
086735,0,0,0,-4,,,,
086736,0,0,0,-38,,,,
086737,0,0,0,-60,,,,
086738,0,0,0,10,,,,
086739,0,0,0,-2,,,,
086740,0,0,0,5,,,,
086742,0,0,0,-29,,,,
086744,0,0,0,1324,,,,
086746,0,0,0,-50,,,,
086747,0,0,0,-5,,,,
086749,0,0,0,7,,,,
086750,0,0,0,50,,,,
086751,0,0,0,59,,,,
086752,0,0,0,-161,,,,
086753,0,0,0,193,,,,
086754,0,0,0,429,,,,
086756,0,0,0,-138,,,,
086757,0,0,0,201,,,,
086758,0,0,0,27,,,,
086762,0,0,0,-14,,,,
086763,0,0,0,12,,,,
086764,0,0,0,-6,,,,
086765,0,0,0,-21,,,,
086766,0,0,0,138,,,,
086767,0,0,0,2,,,,
086768,0,0,0,50,,,,
086770,0,0,0,327,,,,
086771,0,0,0,-80,,,,
086774,0,0,0,3,,,,
086775,0,0,0,5,,,,
086777,0,0,0,-36,,,,
086778,0,0,0,115,,,,
086780,0,0,0,15,,,,
086782,0,0,0,-7,,,,
086783,0,0,0,508,,,,
086784,0,0,0,22,,,,
086786,0,0,0,88,,,,
086787,0,0,0,111,,,,
086789,0,0,0,4,,,,
08678P,0,0,0,-19,,,,
086790,0,0,0,0,,,,
086791,0,0,0,99,,,,
086792,0,0,0,71,,,,
086794,0,0,0,76,,,,
086797,0,0,0,79,,,,
086798,0,0,0,-6,,,,
086799,0,0,0,104,,,,
08679P,0,0,0,-1,,,,
086800,0,0,0,1,,,,
086804,0,0,0,-2,,,,
086808,0,0,0,10,,,,
086810,0,0,0,35,,,,
086812,0,0,0,-21,,,,
086814,0,0,0,-93,,,,
086817,0,0,0,1024,,,,
086820,0,0,0,51,,,,
086822,0,0,0,15,,,,
086823,0,0,0,19,,,,
086825,0,0,0,65,,,,
086829,0,0,0,26,,,,
08682P,0,0,0,-210,,,,
086830,0,0,0,-2,,,,
086831,0,0,0,22,,,,
086833,0,0,0,1017,,,,
086845,0,0,0,-7,,,,
086847,0,0,0,-32,,,,
086848,0,0,0,74,,,,
086850,0,0,0,-34,,,,
086854,0,0,0,51,,,,
086855,0,0,0,0,,,,
086856,0,0,0,49,,,,
086859,0,0,0,-120,,,,
086861,0,0,0,52,,,,
086862,0,0,0,30,,,,
086863,0,0,0,15,,,,
086864,0,0,0,210,,,,
086865,0,0,0,-1,,,,
086867,0,0,0,21,,,,
086870,0,0,0,-5,,,,
086875,0,0,0,0,,,,
086879,0,0,0,127,,,,
086881,0,0,0,86,,,,
086882,0,0,0,-52,,,,
086883,0,0,0,46,,,,
086885,0,0,0,2,,,,
086886,0,0,0,5,,,,
086889,0,0,0,14,,,,
086890,0,0,0,6,,,,
086891,0,0,0,1,,,,
086893,0,0,0,-39,,,,
086894,0,0,0,16,,,,
086895,0,0,0,1,,,,
086896,0,0,0,5,,,,
086898,0,0,0,14,,,,
086899,0,0,0,-381,,,,
08689P,0,0,0,18,,,,
086900,0,0,0,-499,,,,
086901,0,0,0,-402,,,,
086904,0,0,0,23,,,,
086905,0,0,0,-112,,,,
086906,0,0,0,-90,,,,
086911,0,0,0,101,,,,
086914,0,0,0,-60,,,,
086917,0,0,0,70,,,,
086921,0,0,0,161,,,,
086922,0,0,0,0,,,,
086923,0,0,0,-13,,,,
086924,0,0,0,0,,,,
086925,0,0,0,12,,,,
086926,0,0,0,26,,,,
086928,0,0,0,168,,,,
086929,0,0,0,-248,,,,
086930,0,0,0,-10,,,,
086934,0,0,0,-129,,,,
086935,0,0,0,84,,,,
086936,0,0,0,104,,,,
086937,0,0,0,9,,,,
086938,0,0,0,448,,,,
086939,0,0,0,2,,,,
086940,0,0,0,-176,,,,
086941,0,0,0,209,,,,
086943,0,0,0,-60,,,,
086945,0,0,0,3,,,,
086946,0,0,0,1,,,,
086948,0,0,0,698,,,,
086949,0,0,0,-148,,,,
086951,0,0,0,30,,,,
086952,0,0,0,-14,,,,
086955,0,0,0,-5,,,,
086956,0,0,0,66,,,,
086957,0,0,0,30,,,,
086958,0,0,0,-33,,,,
086959,0,0,0,-85,,,,
08695P,0,0,0,-80,,,,
086960,0,0,0,20,,,,
086963,0,0,0,32,,,,
086964,0,0,0,226,,,,
086965,0,0,0,-10,,,,
086966,0,0,0,-282,,,,
086967,0,0,0,-30,,,,
086968,0,0,0,54,,,,
086969,0,0,0,234,,,,
086972,0,0,0,279,,,,
086973,0,0,0,241,,,,
086974,0,0,0,72,,,,
086976,0,0,0,1040,,,,
086977,0,0,0,104,,,,
086979,0,0,0,-3,,,,
086981,0,0,0,31,,,,
086982,0,0,0,8,,,,
086983,0,0,0,351,,,,
086984,0,0,0,101,,,,
086985,0,0,0,3,,,,
086988,0,0,0,-87,,,,
086989,0,0,0,49,,,,
086990,0,0,0,32,,,,
086991,0,0,0,132,,,,
086992,0,0,0,283,,,,
086993,0,0,0,212,,,,
086994,0,0,0,119,,,,
086995,0,0,0,-51,,,,
086996,0,0,0,52,,,,
086998,0,0,0,51,,,,
086999,0,0,0,18,,,,
087000,0,0,0,119,,,,
087001,0,0,0,5,,,,
087002,0,0,0,-12,,,,
087003,0,0,0,272,,,,
087005,0,0,0,4,,,,
087006,0,0,0,-360,,,,
087008,0,0,0,-1,,,,
087009,0,0,0,79,,,,
087010,0,0,0,5,,,,
087011,0,0,0,-83,,,,
087012,0,0,0,20,,,,
087014,0,0,0,-241,,,,
087015,0,0,0,-12,,,,
087016,0,0,0,32,,,,
087017,0,0,0,3,,,,
087019,0,0,0,47,,,,
087020,0,0,0,39,,,,
087021,0,0,0,15,,,,
087024,0,0,0,-10,,,,
087025,0,0,0,208,,,,
087026,0,0,0,25,,,,
087027,0,0,0,17,,,,
087028,-5,0,0,-2215,,,,
087029,0,0,0,5,,,,
087032,0,0,0,19,,,,
087033,0,0,0,-300,,,,
087034,0,0,0,5,,,,
087035,0,0,0,30,,,,
087036,0,0,0,-10,,,,
087038,0,0,0,1,,,,
087039,0,0,0,46,,,,
087045,0,0,0,44,,,,
087047,0,0,0,34,,,,
087048,0,0,0,-81,,,,
087053,0,0,0,-54,,,,
087054,0,0,0,200,,,,
087056,0,0,0,2,,,,
087057,0,0,0,-15,,,,
087058,0,0,0,186,,,,
087059,0,0,0,-5,,,,
087064,0,0,0,2,,,,
087065,0,0,0,-18,,,,
087066,0,0,0,63,,,,
087068,0,0,0,7,,,,
087069,0,0,0,9,,,,
087074,0,0,0,2,,,,
087075,0,0,0,-3,,,,
087083,0,0,0,-80,,,,
087084,0,0,0,0,,,,
087085,0,0,0,-9,,,,
087086,0,0,0,116,,,,
087087,0,0,0,2,,,,
087089,0,0,0,135,,,,
087090,0,0,0,0,,,,
087091,0,0,0,195,,,,
087095,0,0,0,-129,,,,
087096,0,0,0,-45,,,,
087100,0,0,0,58,,,,
087101,0,0,0,59,,,,
087102,0,0,0,2,,,,
087103,0,0,0,154,,,,
087105,0,0,0,61,,,,
087107,0,0,0,-4,,,,
087109,0,0,0,156,,,,
087111,0,0,0,5,,,,
087112,0,0,0,-7,,,,
087113,0,0,0,-185,,,,
087114,0,0,0,-158,,,,
087115,0,0,0,-269,,,,
087119,0,0,0,43,,,,
08711P,0,0,0,50,,,,
087120,0,0,0,0,,,,
087122,0,0,0,20,,,,
087125,0,0,0,5,,,,
087126,0,0,0,-20,,,,
087127,0,0,0,0,,,,
087128,0,0,0,48,,,,
087129,0,0,0,-10,,,,
087131,0,0,0,40,,,,
087132,0,0,0,-1,,,,
087133,0,0,0,9,,,,
087134,0,0,0,1,,,,
087137,0,0,0,-3,,,,
087138,0,0,0,120,,,,
087141,0,0,0,-8,,,,
087143,0,0,0,-8,,,,
087146,0,0,0,15,,,,
087147,0,0,0,15,,,,
087150,0,0,0,0,,,,
087154,0,0,0,-130,,,,
087155,0,0,0,11,,,,
087156,0,0,0,-29,,,,
087160,0,0,0,-2,,,,
087163,0,0,0,-92,,,,
087165,0,0,0,1,,,,
087167,0,0,0,23,,,,
087168,0,0,0,76,,,,
08716P,0,0,0,-50,,,,
087170,0,0,0,-173,,,,
087171,0,0,0,31,,,,
087172,0,0,0,2,,,,
087173,0,0,0,-20,,,,
087176,0,0,0,619,,,,
087177,0,0,0,0,,,,
087179,0,0,0,13,,,,
087181,0,0,0,106,,,,
087187,0,0,0,10,,,,
087189,0,0,0,-33,,,,
08718P,0,0,0,50,,,,
087193,0,0,0,-99,,,,
087194,0,0,0,-73,,,,
087196,0,0,0,-56,,,,
087197,0,0,0,50,,,,
087199,0,0,0,35,,,,
08719P,0,0,0,-366,,,,
087201,0,0,0,17,,,,
087202,0,0,0,-216,,,,
087203,0,0,0,-130,,,,
087204,0,0,0,-99,,,,
087205,0,0,0,11,,,,
087206,0,0,0,-22,,,,
087207,0,0,0,35,,,,
087208,0,0,0,213,,,,
087209,0,0,0,-20,,,,
087210,0,0,0,30,,,,
087213,0,0,0,30,,,,
087214,0,0,0,0,,,,
087217,0,0,0,20,,,,
087218,0,0,0,7,,,,
087220,0,0,0,139,,,,
087223,0,0,0,39,,,,
087226,0,0,0,-1,,,,
087227,0,0,0,-10,,,,
087228,0,0,0,2,,,,
087231,0,0,0,10,,,,
087232,0,0,0,19,,,,
087233,0,0,0,20,,,,
087237,0,0,0,-5,,,,
087241,0,0,0,17,,,,
087242,0,0,0,127,,,,
087243,0,0,0,93,,,,
087244,0,0,0,75,,,,
087248,0,0,0,-264,,,,
087250,0,0,0,33,,,,
087251,0,0,0,-22,,,,
087253,0,0,0,6,,,,
087255,0,0,0,8,,,,
087257,0,0,0,50,,,,
087258,0,0,0,51,,,,
087259,0,0,0,0,,,,
087260,0,0,0,0,,,,
087262,0,0,0,517,,,,
087263,0,0,0,-9,,,,
087264,0,0,0,-19,,,,
087265,0,0,0,64,,,,
087267,0,0,0,7,,,,
087268,0,0,0,28,,,,
087269,0,0,0,75,,,,
087271,0,0,0,76,,,,
087272,0,0,0,-1,,,,
087273,0,0,0,98,,,,
087274,0,0,0,83,,,,
087275,0,0,0,10,,,,
087276,0,0,0,329,,,,
087277,0,0,0,8,,,,
087280,0,0,0,66,,,,
087282,0,0,0,1,,,,
087283,0,0,0,-841,,,,
087285,0,0,0,9,,,,
087286,0,0,0,79,,,,
087289,0,0,0,-10,,,,
087291,0,0,0,0,,,,
087292,0,0,0,452,,,,
087293,0,0,0,1,,,,
087294,0,0,0,-69,,,,
087296,0,0,0,-41,,,,
087298,0,0,0,152,,,,
087299,0,0,0,19,,,,
087301,0,0,0,-29,,,,
087303,0,0,0,28,,,,
087304,0,0,0,7,,,,
087305,0,0,0,-33,,,,
087306,0,0,0,-27,,,,
087309,0,0,0,25,,,,
087310,0,0,0,-3,,,,
087311,0,0,0,-120,,,,
087312,0,0,0,-126,,,,
087313,0,0,0,-11,,,,
087314,0,0,0,97,,,,
087316,0,0,0,-56,,,,
087318,0,0,0,-2,,,,
087321,0,0,0,-21,,,,
087322,0,0,0,-77,,,,
087328,0,0,0,-29,,,,
087329,0,0,0,-7,,,,
087330,0,0,0,0,,,,
087331,0,0,0,-11,,,,
087332,0,0,0,-1,,,,
087333,0,0,0,14,,,,
087334,0,0,0,-102,,,,
087336,0,0,0,9,,,,
087337,0,0,0,-50,,,,
08733P,0,0,0,-30,,,,
087342,0,0,0,-58,,,,
087343,0,0,0,0,,,,
087351,0,0,0,3,,,,
087355,0,0,0,-2,,,,
087356,0,0,0,310,,,,
087357,0,0,0,118,,,,
087358,0,0,0,-50,,,,
087359,0,0,0,44,,,,
087360,0,0,0,310,,,,
087361,0,0,0,-4,,,,
087362,0,0,0,-35,,,,
087363,0,0,0,-5,,,,
087365,0,0,0,-1,,,,
087366,0,0,0,-161,,,,
087367,0,0,0,13,,,,
087368,0,0,0,10,,,,
087369,0,0,0,115,,,,
08736P,0,0,0,-10,,,,
087371,0,0,0,160,,,,
087372,0,0,0,0,,,,
087374,0,0,0,71,,,,
087376,0,0,0,363,,,,
087377,0,0,0,189,,,,
087378,0,0,0,-102,,,,
087379,0,0,0,-158,,,,
087380,0,0,0,5,,,,
087383,0,0,0,0,,,,
087384,0,0,0,12,,,,
087385,0,0,0,11,,,,
087387,0,0,0,-3,,,,
087388,0,0,0,-150,,,,
087389,0,0,0,-9,,,,
087390,0,0,0,32,,,,
087391,0,0,0,38,,,,
087394,0,0,0,15,,,,
087395,0,0,0,31,,,,
087397,0,0,0,3,,,,
087398,0,0,0,2,,,,
087399,0,0,0,152,,,,
08739P,0,0,0,-400,,,,
087402,0,0,0,-14,,,,
087403,0,0,0,81,,,,
087404,0,0,0,4,,,,
087406,0,0,0,130,,,,
087407,0,0,0,-50,,,,
087410,0,0,0,250,,,,
087413,0,0,0,191,,,,
087414,0,0,0,15,,,,
087415,0,0,0,0,,,,
087422,0,0,0,13,,,,
087424,0,0,0,156,,,,
087425,0,0,0,-67,,,,
087426,0,0,0,-10,,,,
087429,0,0,0,-5,,,,
087430,0,0,0,-9,,,,
087433,0,0,0,-21,,,,
087434,0,0,0,38,,,,
087436,0,0,0,-3,,,,
087437,0,0,0,16,,,,
087440,0,0,0,32,,,,
087441,0,0,0,0,,,,
087444,0,0,0,-32,,,,
087445,0,0,0,4,,,,
087447,0,0,0,-31,,,,
087449,0,0,0,52,,,,
08744P,0,0,0,-3,,,,
087450,0,0,0,28,,,,
087452,0,0,0,79,,,,
087453,0,0,0,-60,,,,
087457,0,0,0,-68,,,,
087458,0,0,0,-83,,,,
087459,0,0,0,-63,,,,
087460,0,0,0,-15,,,,
087461,0,0,0,8,,,,
087462,0,0,0,33,,,,
087463,0,0,0,-353,,,,
087464,0,0,0,80,,,,
087465,0,0,0,-43,,,,
087474,0,0,0,-28,,,,
087478,0,0,0,-17,,,,
087480,0,0,0,-48,,,,
087482,0,0,0,61,,,,
087487,0,0,0,-5,,,,
087489,0,0,0,3,,,,
087490,0,0,0,387,,,,
087491,0,0,0,-229,,,,
087492,0,0,0,68,,,,
087497,0,0,0,94,,,,
087499,0,0,0,-15,,,,
087502,0,0,0,10,,,,
087503,0,0,0,141,,,,
087508,0,0,0,-2,,,,
087509,0,0,0,131,,,,
087511,0,0,0,0,,,,
087512,0,0,0,0,,,,
087513,0,0,0,6,,,,
087514,0,0,0,-28,,,,
087515,0,0,0,133,,,,
087518,0,0,0,-10,,,,
087520,0,0,0,-16,,,,
087521,0,0,0,10,,,,
087522,0,0,0,-8,,,,
087523,0,0,0,30,,,,
087524,0,0,0,135,,,,
087525,0,0,0,350,,,,
087526,0,0,0,-72,,,,
087527,0,0,0,-347,,,,
087528,0,0,0,-2,,,,
087530,0,0,0,393,,,,
087531,0,0,0,78,,,,
087532,0,0,0,400,,,,
087533,0,0,0,-17,,,,
087535,0,0,0,460,,,,
087536,-1,0,0,53,,,,
087538,0,0,0,80,,,,
087539,0,0,0,-5,,,,
087542,0,0,0,11,,,,
087543,0,0,0,49,,,,
087544,0,0,0,81,,,,
087545,0,0,0,73,,,,
087546,0,0,0,0,,,,
087547,0,0,0,0,,,,
087550,0,0,0,11,,,,
087551,0,0,0,4,,,,
087552,0,0,0,-7,,,,
087553,0,0,0,-18,,,,
087554,0,0,0,0,,,,
087556,0,0,0,62,,,,
087557,0,0,0,62,,,,
087560,0,0,0,124,,,,
087562,0,0,0,0,,,,
087563,0,0,0,-10,,,,
087564,0,0,0,-4,,,,
087565,0,0,0,-9,,,,
087566,0,0,0,-7,,,,
087568,0,0,0,-26,,,,
087569,0,0,0,10,,,,
087570,0,0,0,85,,,,
087571,0,0,0,136,,,,
087572,0,0,0,41,,,,
087573,0,0,0,36,,,,
087574,0,0,0,-2,,,,
087575,0,0,0,-1,,,,
087576,0,0,0,-42,,,,
087577,0,0,0,867,,,,
087578,0,0,0,58,,,,
087579,0,0,0,-80,,,,
087580,0,0,0,2,,,,
087581,0,0,0,0,,,,
087582,0,0,0,38,,,,
087585,0,0,0,-3,,,,
087587,0,0,0,-58,,,,
087591,0,0,0,93,,,,
087592,0,0,0,110,,,,
087594,0,0,0,-3,,,,
087595,0,0,0,16,,,,
087602,0,0,0,-498,,,,
087603,0,0,0,18,,,,
087604,0,0,0,101,,,,
087607,0,0,0,8,,,,
087608,0,0,0,15,,,,
087609,0,0,0,20,,,,
087612,0,0,0,-5,,,,
087613,0,0,0,350,,,,
087616,0,0,0,22,,,,
087620,0,0,0,-11,,,,
087623,0,0,0,-20,,,,
087625,0,0,0,-34,,,,
087626,0,0,0,0,,,,
087627,0,0,0,-85,,,,
087629,0,0,0,-8,,,,
08762P,0,0,0,-55,,,,
087632,0,0,0,11,,,,
087638,0,0,0,11,,,,
087639,0,0,0,-69,,,,
087640,0,0,0,-3,,,,
087641,0,0,0,0,,,,
087645,0,0,0,35,,,,
087648,0,0,0,8,,,,
087652,0,0,0,-121,,,,
087653,0,0,0,47,,,,
087654,0,0,0,23,,,,
087655,0,0,0,1,,,,
087657,0,0,0,-8,,,,
087662,0,0,0,-1,,,,
087664,0,0,0,-5,,,,
087665,0,0,0,-1,,,,
087668,0,0,0,10,,,,
087669,0,0,0,0,,,,
087670,0,0,0,-41,,,,
087672,0,0,0,-42,,,,
087673,0,0,0,20,,,,
087676,0,0,0,130,,,,
087677,0,0,0,392,,,,
087679,0,0,0,362,,,,
087681,0,0,0,110,,,,
087682,0,0,0,47,,,,
087683,0,0,0,10,,,,
087684,0,0,0,22,,,,
087687,0,0,0,-116,,,,
087688,0,0,0,9,,,,
087689,0,0,0,65,,,,
08768P,0,0,0,40,,,,
087691,0,0,0,10,,,,
087694,0,0,0,-96,,,,
087695,0,0,0,-114,,,,
087696,0,0,0,-1,,,,
087698,0,0,0,-353,,,,
087699,0,0,0,0,,,,
087703,0,0,0,-58,,,,
087704,0,0,0,-1,,,,
087706,0,0,0,66,,,,
087709,0,0,0,-22,,,,
08770P,0,0,0,6,,,,
087712,0,0,0,-100,,,,
087713,0,0,0,109,,,,
087714,0,0,0,-20,,,,
087715,0,0,0,132,,,,
087718,0,0,0,-5,,,,
08771P,0,0,0,-14,,,,
087721,0,0,0,3,,,,
087722,0,0,0,10,,,,
087723,0,0,0,14,,,,
087724,0,0,0,57,,,,
087725,0,0,0,70,,,,
087727,0,0,0,-11,,,,
087730,0,0,0,60,,,,
087731,0,0,0,147,,,,
087733,0,0,0,293,,,,
087734,0,0,0,50,,,,
087735,0,0,0,166,,,,
08773P,0,0,0,-3,,,,
087743,0,0,0,3,,,,
087747,0,0,0,0,,,,
087748,0,0,0,10,,,,
087749,0,0,0,0,,,,
087755,0,0,0,-3,,,,
087758,0,0,0,-10,,,,
087760,0,0,0,15,,,,
087761,0,0,0,-2,,,,
087763,0,0,0,1,,,,
087765,0,0,0,-9,,,,
087766,0,0,0,0,,,,
087767,0,0,0,-10,,,,
087768,0,0,0,0,,,,
087770,0,0,0,13,,,,
087771,0,0,0,0,,,,
087773,0,0,0,9,,,,
087774,0,0,0,74,,,,
087775,0,0,0,160,,,,
08777P,0,0,0,480,,,,
087781,0,0,0,-3,,,,
087786,0,0,0,22,,,,
087787,0,0,0,-20,,,,
087788,0,0,0,-1,,,,
087789,0,0,0,10,,,,
087790,0,0,0,-81,,,,
087791,0,0,0,0,,,,
087792,0,0,0,40,,,,
087793,0,0,0,30,,,,
087794,0,0,0,7,,,,
087797,0,0,0,20,,,,
087798,0,0,0,44,,,,
08779P,0,0,0,3,,,,
087800,0,0,0,0,,,,
087802,0,0,0,41,,,,
087803,0,0,0,30,,,,
087807,0,0,0,-1,,,,
087808,0,0,0,62,,,,
087809,0,0,0,0,,,,
087810,0,0,0,-103,,,,
087812,0,0,0,8,,,,
087813,0,0,0,-24,,,,
087814,0,0,0,250,,,,
087815,0,0,0,0,,,,
087816,0,0,0,15,,,,
087818,0,0,0,-55,,,,
087819,0,0,0,-32,,,,
08781P,0,0,0,-45,,,,
087820,0,0,0,0,,,,
087821,0,0,0,-1,,,,
087823,0,0,0,127,,,,
087824,0,0,0,29,,,,
087825,0,0,0,0,,,,
087828,0,0,0,4,,,,
087829,0,0,0,-19,,,,
087830,0,0,0,59,,,,
087831,0,0,0,77,,,,
087833,0,0,0,-161,,,,
087834,0,0,0,-5,,,,
087835,0,0,0,-65,,,,
087836,0,0,0,-44,,,,
087838,0,0,0,41,,,,
087840,0,0,0,-1,,,,
087841,0,0,0,24,,,,
087842,0,0,0,50,,,,
087844,0,0,0,1,,,,
087845,0,0,0,10,,,,
087848,0,0,0,169,,,,
087849,0,0,0,441,,,,
08784P,0,0,0,12,,,,
087850,0,0,0,-34,,,,
087851,0,0,0,-16,,,,
087852,0,0,0,206,,,,
087853,0,0,0,2,,,,
087855,0,0,0,1,,,,
087856,0,0,0,-17,,,,
087857,0,0,0,588,,,,
087859,0,0,0,43,,,,
08785P,0,0,0,305,,,,
087860,0,0,0,-161,,,,
087861,0,0,0,1378,,,,
087865,0,0,0,16,,,,
087866,0,0,0,9,,,,
087868,0,0,0,-39,,,,
087869,0,0,0,17,,,,
087871,0,0,0,0,,,,
087873,0,0,0,-5,,,,
087876,0,0,0,47,,,,
087877,0,0,0,-5,,,,
087878,0,0,0,-6,,,,
087879,0,0,0,-4,,,,
08787P,0,0,0,-4,,,,
087880,0,0,0,-2,,,,
087883,0,0,0,-10,,,,
087884,0,0,0,9,,,,
087885,0,0,0,-235,,,,
087886,0,0,0,-2,,,,
087887,0,0,0,-62,,,,
087889,0,0,0,4,,,,
087890,0,0,0,-3,,,,
087892,0,0,0,3,,,,
087893,0,0,0,7,,,,
087894,0,0,0,12,,,,
087897,0,0,0,-1,,,,
08789P,0,0,0,30,,,,
087901,0,0,0,-2,,,,
087902,0,0,0,-41,,,,
087903,0,0,0,33,,,,
087904,0,0,0,-3,,,,
087908,0,0,0,20,,,,
087913,0,0,0,395,,,,
087914,0,0,0,-6,,,,
087917,0,0,0,-5,,,,
087919,0,0,0,3,,,,
087922,0,0,0,-24,,,,
087923,0,0,0,-5,,,,
087924,0,0,0,-21,,,,
087926,0,0,0,11,,,,
087929,0,0,0,190,,,,
087930,0,0,0,235,,,,
087932,0,0,0,30,,,,
087933,0,0,0,-10,,,,
087934,0,0,0,46,,,,
087935,0,0,0,1,,,,
087939,0,0,0,30,,,,
087941,0,0,0,-15,,,,
087945,0,0,0,90,,,,
087946,0,0,0,71,,,,
087947,0,0,0,23,,,,
087950,0,0,0,177,,,,
087951,0,0,0,75,,,,
087952,0,0,0,-268,,,,
087954,0,0,0,513,,,,
087955,0,0,0,31,,,,
087956,0,0,0,-176,,,,
087957,0,0,0,-10,,,,
087958,0,0,0,22,,,,
087959,0,0,0,99,,,,
08795P,0,0,0,-1,,,,
087960,0,0,0,252,,,,
087961,0,0,0,22,,,,
087962,0,0,0,10,,,,
087966,0,0,0,0,,,,
087968,0,0,0,-45,,,,
087969,0,0,0,65,,,,
087970,0,0,0,-361,,,,
087971,0,0,0,403,,,,
087972,0,0,0,0,,,,
087973,0,0,0,-4,,,,
087974,0,0,0,-9,,,,
087978,0,0,0,200,,,,
087979,0,0,0,-29,,,,
087980,0,0,0,86,,,,
087981,0,0,0,10,,,,
087982,0,0,0,-561,,,,
087983,0,0,0,4,,,,
087984,0,0,0,384,,,,
087986,0,0,0,99,,,,
087987,0,0,0,58,,,,
087988,0,0,0,34,,,,
087990,0,0,0,-29,,,,
087993,0,0,0,-49,,,,
087994,0,0,0,2,,,,
087996,0,0,0,-32,,,,
087997,0,0,0,-6,,,,
087999,0,0,0,-50,,,,
088000,0,0,0,20,,,,
088001,0,0,0,-382,,,,
088002,0,0,0,37,,,,
088003,0,0,0,45,,,,
088004,0,0,0,106,,,,
088005,0,0,0,-20,,,,
088006,0,0,0,17,,,,
088007,0,0,0,-7,,,,
088009,0,0,0,-36,,,,
088010,0,0,0,7,,,,
088011,0,0,0,0,,,,
088012,0,0,0,13,,,,
088013,0,0,0,-1,,,,
088014,0,0,0,7,,,,
088015,0,0,0,0,,,,
088016,0,0,0,-198,,,,
088017,0,0,0,1,,,,
088018,0,0,0,0,,,,
088019,0,0,0,139,,,,
088020,0,0,0,1,,,,
088021,0,0,0,323,,,,
088023,0,0,0,143,,,,
088025,0,0,0,10,,,,
088026,0,0,0,-350,,,,
088027,0,0,0,-240,,,,
088028,0,0,0,-409,,,,
088029,0,0,0,21,,,,
088031,0,0,0,-9,,,,
088032,0,0,0,0,,,,
088034,0,0,0,-22,,,,
088036,0,0,0,-157,,,,
088037,0,0,0,2,,,,
088039,0,0,0,176,,,,
088041,0,0,0,-20,,,,
088044,0,0,0,24,,,,
088046,0,0,0,4,,,,
088049,0,0,0,-20,,,,
088050,0,0,0,31,,,,
088053,0,0,0,6,,,,
088054,0,0,0,39,,,,
088056,0,0,0,22,,,,
088057,0,0,0,1,,,,
088058,0,0,0,700,,,,
088061,0,0,0,5,,,,
088064,0,0,0,-101,,,,
088066,0,0,0,-295,,,,
088067,0,0,0,-14,,,,
088068,0,0,0,0,,,,
088069,0,0,0,-33,,,,
088071,0,0,0,-6,,,,
088072,0,0,0,-28,,,,
088076,0,0,0,-60,,,,
088078,0,0,0,20,,,,
088079,0,0,0,-5,,,,
08807P,0,0,0,-20,,,,
088081,0,0,0,0,,,,
088082,0,0,0,126,,,,
088084,0,0,0,21,,,,
088085,0,0,0,-5,,,,
088086,0,0,0,-4,,,,
088087,0,0,0,10,,,,
088088,0,0,0,-12,,,,
08808P,0,0,0,10,,,,
088092,0,0,0,10,,,,
088094,0,0,0,-10,,,,
088095,0,0,0,-7,,,,
088098,0,0,0,8,,,,
088100,0,0,0,-1,,,,
088101,0,0,0,-77,,,,
088102,0,0,0,-21,,,,
088103,0,0,0,67,,,,
088105,0,0,0,-118,,,,
088109,0,0,0,1,,,,
088112,0,0,0,-45,,,,
088114,0,0,0,16,,,,
088115,0,0,0,-70,,,,
088116,0,0,0,80,,,,
088117,0,0,0,127,,,,
088118,0,0,0,66,,,,
088119,0,0,0,-2,,,,
088122,0,0,0,10,,,,
088123,0,0,0,-134,,,,
088126,0,0,0,45,,,,
088127,0,0,0,139,,,,
088128,0,0,0,1,,,,
088129,0,0,0,-20,,,,
08812P,0,0,0,-3,,,,
088131,0,0,0,1,,,,
088134,0,0,0,1,,,,
088136,0,0,0,-279,,,,
088137,0,0,0,-174,,,,
088138,0,0,0,-1,,,,
088139,0,0,0,-92,,,,
088140,0,0,0,-9,,,,
088142,0,0,0,314,,,,
088143,0,0,0,4,,,,
088145,0,0,0,-50,,,,
088146,0,0,0,53,,,,
088147,0,0,0,-216,,,,
088149,0,0,0,39,,,,
088150,0,0,0,82,,,,
088151,0,0,0,-1,,,,
088152,0,0,0,29,,,,
088153,0,0,0,76,,,,
088154,0,0,0,1,,,,
088156,0,0,0,5,,,,
088157,0,0,0,-95,,,,
088158,0,0,0,47,,,,
088159,0,0,0,-2,,,,
088163,0,0,0,-15,,,,
088164,0,0,0,14,,,,
088165,0,0,0,-973,,,,
088166,0,0,0,-167,,,,
088167,0,0,0,-157,,,,
088169,0,0,0,14,,,,
088170,0,0,0,-17,,,,
088171,0,0,0,1,,,,
088172,0,0,0,0,,,,
088173,0,0,0,-5,,,,
088174,0,0,0,18,,,,
088175,0,0,0,94,,,,
088176,0,0,0,300,,,,
088178,0,0,0,69,,,,
088179,0,0,0,-5,,,,
088180,0,0,0,-15,,,,
088181,0,0,0,315,,,,
088184,0,0,0,236,,,,
088185,0,0,0,1,,,,
088186,0,0,0,1,,,,
088188,0,0,0,-56,,,,
088189,0,0,0,11,,,,
088190,0,0,0,-32,,,,
088193,0,0,0,-21,,,,
088194,0,0,0,24,,,,
088197,0,0,0,32,,,,
088200,0,0,0,-2,,,,
088201,0,0,0,80,,,,
088202,0,0,0,15,,,,
088204,0,0,0,-11,,,,
088206,0,0,0,35,,,,
088208,0,0,0,10,,,,
088210,0,0,0,17,,,,
088211,0,0,0,22,,,,
088212,0,0,0,0,,,,
088213,0,0,0,10,,,,
088215,0,0,0,79,,,,
088216,0,0,0,-47,,,,
088217,0,0,0,-14,,,,
088218,0,0,0,-35,,,,
088219,0,0,0,-3,,,,
08821P,0,0,0,-50,,,,
088227,0,0,0,-35,,,,
088228,0,0,0,-24,,,,
088233,0,0,0,40,,,,
088234,0,0,0,-7,,,,
088236,0,0,0,9,,,,
088238,0,0,0,-129,,,,
088239,0,0,0,28,,,,
088240,0,0,0,40,,,,
088241,0,0,0,-7,,,,
088242,0,0,0,52,,,,
088243,0,0,0,-309,,,,
088244,0,0,0,-16,,,,
088245,0,0,0,100,,,,
088246,0,0,0,425,,,,
088248,0,0,0,153,,,,
088252,0,0,0,20,,,,
088253,0,0,0,161,,,,
088254,0,0,0,226,,,,
088255,0,0,0,118,,,,
088256,0,0,0,304,,,,
088257,0,0,0,24,,,,
088258,0,0,0,-100,,,,
088259,0,0,0,-58,,,,
088260,0,0,0,-110,,,,
088261,0,0,0,32,,,,
088262,0,0,0,-5,,,,
088266,0,0,0,-18,,,,
088268,0,0,0,-61,,,,
088269,0,0,0,70,,,,
088274,0,0,0,44,,,,
088275,0,0,0,20,,,,
088276,0,0,0,159,,,,
088278,0,0,0,-15,,,,
088279,0,0,0,58,,,,
08827P,0,0,0,-16,,,,
088281,0,0,0,69,,,,
088282,0,0,0,-43,,,,
088283,0,0,0,-11,,,,
088284,0,0,0,24,,,,
088286,0,0,0,-30,,,,
088287,0,0,0,32,,,,
088289,0,0,0,-34,,,,
088290,0,0,0,28,,,,
088292,0,0,0,-4,,,,
088295,0,0,0,13,,,,
088298,0,0,0,-42,,,,
088299,0,0,0,-41,,,,
088300,0,0,0,9,,,,
088306,0,0,0,-44,,,,
088309,0,0,0,84,,,,
088314,0,0,0,-16,,,,
088315,0,0,0,-127,,,,
088317,0,0,0,-53,,,,
088318,0,0,0,-241,,,,
088321,0,0,0,3,,,,
088324,0,0,0,-33,,,,
088326,0,0,0,17,,,,
088327,0,0,0,26,,,,
088328,0,0,0,0,,,,
088330,0,0,0,5,,,,
088331,0,0,0,-72,,,,
088333,0,0,0,-10,,,,
088336,0,0,0,54,,,,
088337,0,0,0,12,,,,
088339,0,0,0,-55,,,,
088340,0,0,0,37,,,,
088342,0,0,0,7,,,,
088343,0,0,0,-314,,,,
088345,0,0,0,15,,,,
088346,0,0,0,5,,,,
088348,0,0,0,-3,,,,
088349,0,0,0,196,,,,
088350,0,0,0,0,,,,
088351,0,0,0,51,,,,
088352,0,0,0,-200,,,,
088354,0,0,0,29,,,,
088355,0,0,0,13,,,,
088356,0,0,0,31,,,,
088357,0,0,0,2,,,,
088358,0,0,0,0,,,,
088359,0,0,0,385,,,,
088360,0,0,0,-80,,,,
088361,0,0,0,-19,,,,
088363,0,0,0,42,,,,
088364,0,0,0,-59,,,,
088365,0,0,0,-4,,,,
088366,0,0,0,-18,,,,
088368,0,0,0,-12,,,,
088369,0,0,0,-459,,,,
088370,0,0,0,24,,,,
088371,0,0,0,76,,,,
088373,0,0,0,72,,,,
088374,0,0,0,2,,,,
088375,0,0,0,175,,,,
088376,0,0,0,120,,,,
088377,0,0,0,1,,,,
088378,0,0,0,-1,,,,
088380,0,0,0,90,,,,
088381,0,0,0,20,,,,
088382,0,0,0,6,,,,
088383,0,0,0,4,,,,
088384,0,0,0,-2,,,,
088385,0,0,0,-115,,,,
088386,0,0,0,247,,,,
088387,0,0,0,-20,,,,
088388,0,0,0,-116,,,,
088389,0,0,0,-2,,,,
088390,0,0,0,2,,,,
088391,0,0,0,43,,,,
088392,0,0,0,41,,,,
088393,0,0,0,79,,,,
088395,0,0,0,348,,,,
088396,0,0,0,204,,,,
088399,0,0,0,-51,,,,
088401,0,0,0,3,,,,
088402,0,0,0,97,,,,
088403,0,0,0,-18,,,,
088404,0,0,0,2,,,,
088405,0,0,0,68,,,,
088406,0,0,0,-154,,,,
088407,0,0,0,30,,,,
088408,0,0,0,51,,,,
088409,0,0,0,-2,,,,
088410,0,0,0,0,,,,
088411,0,0,0,-182,,,,
088412,0,0,0,-20,,,,
088419,0,0,0,-48,,,,
088421,0,0,0,4,,,,
088422,0,0,0,-217,,,,
088423,0,0,0,276,,,,
088424,0,0,0,220,,,,
088425,0,0,0,-441,,,,
088430,0,0,0,23,,,,
088432,0,0,0,10,,,,
088433,0,0,0,37,,,,
088434,0,0,0,42,,,,
088435,0,0,0,86,,,,
088436,0,0,0,-405,,,,
088438,0,0,0,-288,,,,
088439,0,0,0,-85,,,,
088440,0,0,0,-51,,,,
088441,0,0,0,-10,,,,
088442,0,0,0,-16,,,,
088443,0,0,0,-95,,,,
088444,0,0,0,22,,,,
088445,0,0,0,35,,,,
088448,0,0,0,50,,,,
088449,0,0,0,-39,,,,
088450,0,0,0,-15,,,,
088452,0,0,0,4,,,,
088453,0,0,0,2,,,,
088454,0,0,0,15,,,,
088455,0,0,0,15,,,,
088456,0,0,0,60,,,,
088457,0,0,0,-37,,,,
088459,0,0,0,1,,,,
088460,0,0,0,3,,,,
088461,0,0,0,16,,,,
088463,0,0,0,-3,,,,
088464,0,0,0,48,,,,
088465,0,0,0,4,,,,
088466,0,0,0,87,,,,
088470,0,0,0,-74,,,,
088471,0,0,0,-8,,,,
088474,0,0,0,35,,,,
088475,0,0,0,3,,,,
088477,0,0,0,23,,,,
088478,0,0,0,24,,,,
088479,0,0,0,21,,,,
088480,0,0,0,-4,,,,
088483,0,0,0,-17,,,,
088485,0,0,0,-25,,,,
088487,0,0,0,-250,,,,
088488,0,0,0,4,,,,
088489,0,0,0,-702,,,,
088490,0,0,0,176,,,,
088491,0,0,0,101,,,,
088492,0,0,0,22,,,,
088495,0,0,0,62,,,,
088497,0,0,0,151,,,,
088498,0,0,0,93,,,,
088499,0,0,0,110,,,,
088500,0,0,0,130,,,,
088502,0,0,0,0,,,,
088503,0,0,0,322,,,,
088504,0,0,0,-8,,,,
088505,0,0,0,230,,,,
088506,0,0,0,-161,,,,
088507,0,0,0,-9,,,,
088509,0,0,0,-405,,,,
088510,0,0,0,-440,,,,
088511,0,0,0,-121,,,,
088512,0,0,0,-7,,,,
088513,0,0,0,-2,,,,
088514,0,0,0,-75,,,,
088515,0,0,0,32,,,,
088516,0,0,0,-4,,,,
088517,0,0,0,172,,,,
088518,0,0,0,276,,,,
088519,0,0,0,42,,,,
088520,0,0,0,-30,,,,
088521,0,0,0,394,,,,
088522,0,0,0,-10,,,,
088523,0,0,0,123,,,,
088524,0,0,0,88,,,,
088525,0,0,0,17,,,,
088526,0,0,0,-105,,,,
088527,0,0,0,11,,,,
088529,0,0,0,218,,,,
088530,0,0,0,-254,,,,
088531,0,0,0,112,,,,
088534,0,0,0,-29,,,,
088535,0,0,0,-11,,,,
088537,0,0,0,-82,,,,
088538,0,0,0,26,,,,
088539,0,0,0,47,,,,
08853P,0,0,0,60,,,,
088540,0,0,0,0,,,,
088542,0,0,0,-1,,,,
088545,0,0,0,-1,,,,
088546,0,0,0,80,,,,
088547,0,0,0,1,,,,
088548,0,0,0,0,,,,
088549,0,0,0,0,,,,
088550,0,0,0,26,,,,
088551,0,0,0,-28,,,,
088553,0,0,0,82,,,,
088555,0,0,0,168,,,,
088556,0,0,0,-5,,,,
088561,0,0,0,-74,,,,
088562,0,0,0,139,,,,
088564,0,0,0,-50,,,,
088565,0,0,0,98,,,,
088566,0,0,0,-63,,,,
088567,0,0,0,298,,,,
088568,0,0,0,-31,,,,
088569,0,0,0,231,,,,
088570,0,0,0,-49,,,,
088571,0,0,0,-109,,,,
088572,0,0,0,-96,,,,
088573,0,0,0,-106,,,,
088574,0,0,0,45,,,,
088575,0,0,0,125,,,,
088576,0,0,0,-32,,,,
088582,0,0,0,-22,,,,
088584,0,0,0,44,,,,
088585,0,0,0,31,,,,
088586,0,0,0,-1451,,,,
088590,0,0,0,231,,,,
088592,0,0,0,28,,,,
088593,0,0,0,-2,,,,
088596,0,0,0,2,,,,
088597,0,0,0,-13,,,,
088598,0,0,0,-5,,,,
088599,0,0,0,-4,,,,
088600,0,0,0,17,,,,
088602,0,0,0,50,,,,
088603,0,0,0,8,,,,
088604,0,0,0,4,,,,
088605,0,0,0,-25,,,,
088606,0,0,0,26,,,,
088607,0,0,0,-101,,,,
088609,0,0,0,-22,,,,
088610,0,0,0,-44,,,,
088614,0,0,0,-6,,,,
088615,0,0,0,-23,,,,
088616,0,0,0,-46,,,,
088618,0,0,0,72,,,,
088619,0,0,0,4,,,,
088620,0,0,0,8,,,,
088621,0,0,0,-15,,,,
088625,0,0,0,-22,,,,
088629,0,0,0,-27,,,,
088630,0,0,0,-57,,,,
088631,0,0,0,10,,,,
088634,0,0,0,-19,,,,
088635,0,0,0,-42,,,,
088636,0,0,0,-112,,,,
088638,0,0,0,75,,,,
08863P,0,0,0,0,,,,
088640,0,0,0,52,,,,
088641,0,0,0,-987,,,,
088642,0,0,0,5,,,,
088643,0,0,0,-20,,,,
088644,0,0,0,12,,,,
088645,0,0,0,1,,,,
088649,0,0,0,-52,,,,
08864P,0,0,0,-20,,,,
088650,0,0,0,-6,,,,
088651,0,0,0,-35,,,,
088653,0,0,0,20,,,,
088654,0,0,0,-22,,,,
088656,0,0,0,104,,,,
088657,0,0,0,0,,,,
088658,0,0,0,49,,,,
088659,0,0,0,2,,,,
088660,0,0,0,-43,,,,
088661,0,0,0,-26,,,,
088662,0,0,0,58,,,,
088663,0,0,0,-3,,,,
088664,0,0,0,-35,,,,
088665,0,0,0,-1,,,,
088666,0,0,0,175,,,,
088667,0,0,0,57,,,,
088670,0,0,0,0,,,,
088671,0,0,0,246,,,,
088672,0,0,0,214,,,,
088673,0,0,0,-2,,,,
088674,0,0,0,140,,,,
088675,0,0,0,163,,,,
088677,0,0,0,21,,,,
088679,0,0,0,0,,,,
088680,0,0,0,-60,,,,
088681,0,0,0,-7,,,,
088682,0,0,0,-2,,,,
088683,0,0,0,-4,,,,
088684,0,0,0,50,,,,
088686,0,0,0,-40,,,,
088688,0,0,0,-34,,,,
088690,0,0,0,67,,,,
088691,0,0,0,97,,,,
088693,0,0,0,100,,,,
088694,0,0,0,-24,,,,
088695,0,0,0,-23,,,,
088697,0,0,0,0,,,,
088699,0,0,0,-219,,,,
088700,0,0,0,5,,,,
088701,0,0,0,99,,,,
088702,0,0,0,27,,,,
088704,0,0,0,3,,,,
088705,0,0,0,-32,,,,
088706,0,0,0,6,,,,
088707,0,0,0,-4,,,,
088709,0,0,0,327,,,,
08870P,0,0,0,-21,,,,
088710,0,0,0,40,,,,
088713,0,0,0,-15,,,,
088715,0,0,0,-699,,,,
088716,0,0,0,-23,,,,
088718,0,0,0,54,,,,
088719,0,0,0,20,,,,
088720,0,0,0,-13,,,,
088721,0,0,0,-31,,,,
088722,0,0,0,164,,,,
088723,0,0,0,171,,,,
088724,0,0,0,99,,,,
088725,0,0,0,383,,,,
088727,0,0,0,-170,,,,
088728,0,0,0,-149,,,,
088729,0,0,0,-352,,,,
088730,0,0,0,182,,,,
088731,0,0,0,30,,,,
088732,0,0,0,3,,,,
088733,0,0,0,-90,,,,
088734,0,0,0,75,,,,
088735,0,0,0,5,,,,
088736,0,0,0,-109,,,,
088737,0,0,0,1,,,,
088738,0,0,0,2,,,,
088739,0,0,0,4,,,,
088741,0,0,0,593,,,,
088742,0,0,0,1,,,,
088743,0,0,0,2,,,,
088744,0,0,0,20,,,,
088745,0,0,0,8,,,,
088750,0,0,0,-12,,,,
088753,0,0,0,88,,,,
088756,0,0,0,40,,,,
088757,0,0,0,152,,,,
088758,0,0,0,-8,,,,
088759,0,0,0,-6,,,,
088760,0,0,0,50,,,,
088761,0,0,0,21,,,,
088762,0,0,0,85,,,,
088763,0,0,0,572,,,,
088764,0,0,0,24,,,,
088765,0,0,0,389,,,,
088766,0,0,0,27,,,,
088767,0,0,0,48,,,,
088770,0,0,0,48,,,,
088772,0,0,0,-13,,,,
088773,0,0,0,2,,,,
088774,0,0,0,100,,,,
088777,0,0,0,95,,,,
088778,0,0,0,39,,,,
088779,0,0,0,20,,,,
088780,0,0,0,-7,,,,
088781,0,0,0,-11,,,,
088782,0,0,0,-79,,,,
088783,0,0,0,73,,,,
088784,0,0,0,-69,,,,
088787,0,0,0,-20,,,,
088791,0,0,0,-45,,,,
088793,0,0,0,-20,,,,
088794,0,0,0,1,,,,
088795,0,0,0,23,,,,
088796,0,0,0,-20,,,,
088800,0,0,0,7,,,,
088801,0,0,0,9,,,,
088802,0,0,0,-5,,,,
088803,0,0,0,62,,,,
088805,0,0,0,77,,,,
088806,0,0,0,-19,,,,
088807,0,0,0,-355,,,,
088808,0,0,0,12,,,,
088809,0,0,0,11,,,,
08880P,0,0,0,110,,,,
088812,0,0,0,64,,,,
088813,0,0,0,0,,,,
088814,0,0,0,6,,,,
088815,0,0,0,-23,,,,
088817,0,0,0,10,,,,
088818,0,0,0,5,,,,
088827,0,0,0,0,,,,
088829,0,0,0,180,,,,
088831,0,0,0,64,,,,
088832,0,0,0,2,,,,
088833,0,0,0,113,,,,
088835,0,0,0,-8,,,,
088837,0,0,0,59,,,,
088838,0,0,0,1,,,,
088839,0,0,0,257,,,,
088840,0,0,0,-260,,,,
088842,0,0,0,1,,,,
088845,0,0,0,10,,,,
088847,0,0,0,0,,,,
088848,0,0,0,-15,,,,
088849,0,0,0,26,,,,
088850,0,0,0,22,,,,
088851,0,0,0,80,,,,
088852,0,0,0,96,,,,
088853,0,0,0,88,,,,
088858,0,0,0,1,,,,
088859,0,0,0,4,,,,
088860,0,0,0,178,,,,
088863,0,0,0,602,,,,
088864,0,0,0,330,,,,
088866,0,0,0,123,,,,
088867,0,0,0,2,,,,
088868,0,0,0,-2,,,,
088869,0,0,0,15,,,,
088870,0,0,0,130,,,,
088871,0,0,0,-1,,,,
088872,0,0,0,3,,,,
088873,0,0,0,33,,,,
088874,0,0,0,-37,,,,
088875,0,0,0,-27,,,,
088876,0,0,0,403,,,,
088877,0,0,0,936,,,,
088878,0,0,0,17,,,,
088879,0,0,0,78,,,,
088882,0,0,0,-25,,,,
088883,0,0,0,23,,,,
088884,0,0,0,-179,,,,
088885,0,0,0,43,,,,
088886,0,0,0,4,,,,
088887,0,0,0,42,,,,
088888,0,0,0,-1,,,,
088889,0,0,0,37,,,,
088890,0,0,0,-3,,,,
088891,0,0,0,1,,,,
088892,0,0,0,-30,,,,
088893,0,0,0,-499,,,,
088894,0,0,0,0,,,,
088895,0,0,0,98,,,,
088899,0,0,0,22,,,,
08889P,0,0,0,-282,,,,
088900,0,0,0,6,,,,
088901,0,0,0,20,,,,
088902,0,0,0,10,,,,
088904,0,0,0,-4,,,,
088905,0,0,0,125,,,,
088908,0,0,0,-22,,,,
088910,0,0,0,94,,,,
088911,0,0,0,62,,,,
088914,0,0,0,7,,,,
088916,0,0,0,0,,,,
088917,0,0,0,187,,,,
088918,0,0,0,-1,,,,
088919,0,0,0,-39,,,,
088920,0,0,0,-38,,,,
088921,0,0,0,-224,,,,
088922,0,0,0,0,,,,
088923,0,0,0,32,,,,
088926,0,0,0,-21,,,,
088929,0,0,0,8,,,,
088930,0,0,0,51,,,,
088931,0,0,0,68,,,,
088933,0,0,0,14,,,,
088935,0,0,0,-10,,,,
088936,0,0,0,32,,,,
088938,0,0,0,-10,,,,
088941,0,0,0,5,,,,
088944,0,0,0,-29,,,,
088945,0,0,0,14,,,,
088947,0,0,0,135,,,,
088949,0,0,0,6,,,,
088952,0,0,0,15,,,,
088957,0,0,0,-10,,,,
088958,0,0,0,37,,,,
088960,0,0,0,7,,,,
088961,0,0,0,405,,,,
088964,0,0,0,-252,,,,
088965,0,0,0,14,,,,
088966,0,0,0,460,,,,
088968,0,0,0,328,,,,
088969,0,0,0,-81,,,,
088970,0,0,0,36,,,,
088971,0,0,0,583,,,,
088972,0,0,0,76,,,,
088973,0,0,0,-53,,,,
088974,0,0,0,-3,,,,
088975,0,0,0,164,,,,
088976,0,0,0,432,,,,
088977,0,0,0,273,,,,
088980,0,0,0,75,,,,
088981,0,0,0,419,,,,
088983,0,0,0,5,,,,
088984,0,0,0,-15,,,,
088985,0,0,0,-222,,,,
088987,0,0,0,-5,,,,
088990,0,0,0,117,,,,
088991,0,0,0,-14,,,,
088993,0,0,0,-4,,,,
088994,0,0,0,15,,,,
088995,0,0,0,-44,,,,
088998,0,0,0,47,,,,
089000,0,0,0,48,,,,
089005,0,0,0,33,,,,
089006,0,0,0,0,,,,
089008,0,0,0,116,,,,
08900P,0,0,0,-7,,,,
089011,0,0,0,-93,,,,
089015,0,0,0,-137,,,,
089016,0,0,0,-5,,,,
089017,0,0,0,-5,,,,
089018,0,0,0,22,,,,
089019,0,0,0,14,,,,
08901P,0,0,0,-17,,,,
089020,0,0,0,-49,,,,
089021,0,0,0,64,,,,
089022,0,0,0,25,,,,
089025,0,0,0,-10,,,,
089026,0,0,0,-200,,,,
089027,0,0,0,-2,,,,
089028,0,0,0,7,,,,
089029,0,0,0,-1,,,,
08902P,0,0,0,-20,,,,
089031,0,0,0,-40,,,,
089032,0,0,0,9,,,,
089034,0,0,0,45,,,,
089035,0,0,0,17,,,,
089036,0,0,0,14,,,,
089037,0,0,0,-22,,,,
089038,0,0,0,10,,,,
089039,0,0,0,0,,,,
089044,0,0,0,2,,,,
089045,0,0,0,269,,,,
089047,0,0,0,90,,,,
089049,0,0,0,4,,,,
089050,0,0,0,4,,,,
089051,0,0,0,-48,,,,
089053,0,0,0,17,,,,
089056,0,0,0,-3,,,,
089057,0,0,0,46,,,,
089060,0,0,0,168,,,,
089064,0,0,0,0,,,,
089065,0,0,0,-87,,,,
089066,0,0,0,-192,,,,
089067,0,0,0,-121,,,,
089068,0,0,0,219,,,,
089069,0,0,0,20,,,,
089070,0,0,0,7,,,,
089071,0,0,0,17,,,,
089073,0,0,0,5,,,,
089074,0,0,0,24,,,,
089075,0,0,0,-22,,,,
089076,0,0,0,101,,,,
089077,0,0,0,-50,,,,
089078,0,0,0,1,,,,
089080,0,0,0,128,,,,
089083,0,0,0,142,,,,
089084,0,0,0,-4,,,,
089085,0,0,0,-29,,,,
089086,0,0,0,24,,,,
089087,0,0,0,47,,,,
089089,0,0,0,175,,,,
08908P,0,0,0,-25,,,,
089090,0,0,0,-6,,,,
089093,0,0,0,-1,,,,
089094,0,0,0,21,,,,
089095,0,0,0,1,,,,
089098,0,0,0,-39,,,,
089100,0,0,0,20,,,,
089101,0,0,0,233,,,,
089102,0,0,0,-11,,,,
089105,0,0,0,50,,,,
089107,0,0,0,76,,,,
089109,0,0,0,210,,,,
089110,0,0,0,14,,,,
089114,0,0,0,-18,,,,
089115,0,0,0,-2,,,,
089116,0,0,0,8,,,,
089119,0,0,0,287,,,,
08911P,0,0,0,21,,,,
089120,0,0,0,97,,,,
089121,0,0,0,-33,,,,
089122,0,0,0,26,,,,
089123,0,0,0,-20,,,,
089127,0,0,0,39,,,,
089128,0,0,0,115,,,,
089129,0,0,0,18,,,,
08912P,0,0,0,-110,,,,
089130,0,0,0,302,,,,
089131,0,0,0,54,,,,
089132,0,0,0,-10,,,,
089133,0,0,0,80,,,,
089134,0,0,0,412,,,,
089135,0,0,0,-99,,,,
089136,0,0,0,23,,,,
089138,0,0,0,-10,,,,
089139,0,0,0,0,,,,
089143,0,0,0,4,,,,
089144,0,0,0,-42,,,,
089145,0,0,0,11,,,,
089146,0,0,0,-27,,,,
089147,0,0,0,50,,,,
089148,0,0,0,3,,,,
089149,0,0,0,1,,,,
089150,0,0,0,2,,,,
089151,0,0,0,11,,,,
089152,0,0,0,50,,,,
089153,0,0,0,5,,,,
089154,0,0,0,26,,,,
089155,0,0,0,-2,,,,
089156,0,0,0,0,,,,
089158,0,0,0,30,,,,
089159,0,0,0,8,,,,
089163,0,0,0,16,,,,
089164,0,0,0,46,,,,
089165,0,0,0,14,,,,
089166,0,0,0,88,,,,
089167,0,0,0,0,,,,
089168,0,0,0,1641,,,,
089169,0,0,0,-4,,,,
089170,0,0,0,1,,,,
089172,0,0,0,-22,,,,
089174,0,0,0,-123,,,,
089175,0,0,0,25,,,,
089178,0,0,0,86,,,,
089179,0,0,0,-10,,,,
089181,0,0,0,-15,,,,
089182,0,0,0,-12,,,,
089184,0,0,0,28,,,,
089186,0,0,0,-69,,,,
089187,0,0,0,31,,,,
089191,0,0,0,0,,,,
089193,0,0,0,-21,,,,
089196,0,0,0,-28,,,,
089200,0,0,0,0,,,,
089201,0,0,0,-15,,,,
089206,0,0,0,-2,,,,
089207,0,0,0,-3,,,,
089208,0,0,0,10,,,,
089209,0,0,0,29,,,,
08920P,0,0,0,-220,,,,
089210,0,0,0,-164,,,,
089211,0,0,0,0,,,,
089214,0,0,0,10,,,,
089215,0,0,0,-22,,,,
089216,0,0,0,465,,,,
089220,0,0,0,4,,,,
089221,0,0,0,-633,,,,
089222,0,0,0,-49,,,,
089223,0,0,0,101,,,,
089224,0,0,0,55,,,,
089226,0,0,0,4,,,,
089229,0,0,0,47,,,,
089230,0,0,0,-51,,,,
089234,0,0,0,47,,,,
089235,0,0,0,-4,,,,
089236,0,0,0,27,,,,
089237,0,0,0,883,,,,
089239,0,0,0,0,,,,
089241,0,0,0,-260,,,,
089242,0,0,0,-193,,,,
089243,0,0,0,2,,,,
089247,0,0,0,38,,,,
089249,0,0,0,27,,,,
089250,0,0,0,127,,,,
089251,0,0,0,195,,,,
089252,0,0,0,78,,,,
089253,0,0,0,0,,,,
089254,0,0,0,-41,,,,
089255,0,0,0,-32,,,,
089256,0,0,0,-60,,,,
089257,0,0,0,171,,,,
089258,0,0,0,597,,,,
08925P,0,0,0,52,,,,
089260,0,0,0,0,,,,
089261,0,0,0,-100,,,,
089263,0,0,0,-1,,,,
089264,0,0,0,0,,,,
089265,0,0,0,53,,,,
089266,0,0,0,108,,,,
089267,0,0,0,150,,,,
089268,0,0,0,-221,,,,
089269,0,0,0,563,,,,
089270,0,0,0,2,,,,
089271,0,0,0,46,,,,
089272,0,0,0,250,,,,
089273,0,0,0,101,,,,
089274,0,0,0,107,,,,
089275,0,0,0,110,,,,
089276,0,0,0,465,,,,
089277,0,0,0,-7,,,,
089278,0,0,0,-51,,,,
089279,0,0,0,-1,,,,
08927P,0,0,0,0,,,,
089280,0,0,0,100,,,,
089281,0,0,0,-51,,,,
089282,0,0,0,55,,,,
089283,0,0,0,-9,,,,
089284,0,0,0,-13,,,,
089285,0,0,0,50,,,,
089286,0,0,0,27,,,,
089287,0,0,0,-78,,,,
08928P,0,0,0,-100,,,,
089290,0,0,0,-27,,,,
089291,0,0,0,-492,,,,
089292,0,0,0,-1,,,,
089293,0,0,0,56,,,,
089296,0,0,0,-1,,,,
089297,0,0,0,-5,,,,
089299,0,0,0,126,,,,
08929P,0,0,0,-92,,,,
089301,0,0,0,100,,,,
089303,0,0,0,40,,,,
089304,0,0,0,10,,,,
089307,0,0,0,-27,,,,
089309,0,0,0,43,,,,
08930P,0,0,0,571,,,,
089310,0,0,0,-40,,,,
089311,0,0,0,-34,,,,
089312,0,0,0,-1,,,,
089313,0,0,0,-7,,,,
089314,0,0,0,48,,,,
089315,0,0,0,-2,,,,
089316,0,0,0,-693,,,,
089317,0,0,0,-5,,,,
089318,0,0,0,-2028,,,,
08931P,0,0,0,-45,,,,
089324,0,0,0,14,,,,
089325,0,0,0,0,,,,
089328,0,0,0,-34,,,,
089329,0,0,0,-26,,,,
089330,0,0,0,4,,,,
089332,0,0,0,-5,,,,
089333,0,0,0,8,,,,
089334,0,0,0,183,,,,
089335,0,0,0,23,,,,
089336,0,0,0,-47,,,,
089337,0,0,0,8,,,,
089338,0,0,0,88,,,,
089339,0,0,0,1,,,,
089340,0,0,0,-1,,,,
089341,0,0,0,-4,,,,
089343,0,0,0,867,,,,
089344,0,0,0,101,,,,
089345,0,0,0,-13,,,,
089347,0,0,0,-1,,,,
089348,0,0,0,29,,,,
089351,0,0,0,552,,,,
089352,0,0,0,-256,,,,
089353,0,0,0,158,,,,
089356,0,0,0,-2,,,,
089357,0,0,0,46,,,,
089358,0,0,0,-2,,,,
089362,0,0,0,49,,,,
089363,0,0,0,28,,,,
089364,0,0,0,428,,,,
089365,0,0,0,569,,,,
089366,0,0,0,-16,,,,
089367,0,0,0,378,,,,
089368,0,0,0,0,,,,
089369,0,0,0,-11,,,,
089370,0,0,0,30,,,,
089372,0,0,0,67,,,,
089375,0,0,0,25,,,,
089376,0,0,0,-2,,,,
089380,0,0,0,-23,,,,
089383,0,0,0,0,,,,
089384,0,0,0,-90,,,,
089385,0,0,0,22,,,,
089386,0,0,0,19,,,,
089387,0,0,0,-1,,,,
089388,0,0,0,4,,,,
08938P,0,0,0,-5,,,,
089391,0,0,0,22,,,,
089393,0,0,0,6,,,,
089394,0,0,0,19,,,,
089396,0,0,0,0,,,,
089397,0,0,0,-72,,,,
089399,0,0,0,345,,,,
08939P,0,0,0,62,,,,
089400,0,0,0,5,,,,
089402,0,0,0,-4,,,,
089405,0,0,0,10,,,,
089406,0,0,0,0,,,,
089407,0,0,0,-22,,,,
089409,0,0,0,30,,,,
089413,0,0,0,16,,,,
089419,0,0,0,5,,,,
089423,0,0,0,39,,,,
089424,0,0,0,14,,,,
089425,0,0,0,193,,,,
089428,0,0,0,-40,,,,
089429,0,0,0,173,,,,
089430,0,0,0,-173,,,,
089431,0,0,0,217,,,,
089432,0,0,0,115,,,,
089433,0,0,0,12,,,,
089436,0,0,0,-19,,,,
089438,0,0,0,-4,,,,
089439,0,0,0,150,,,,
089440,0,0,0,11,,,,
089441,0,0,0,54,,,,
089442,0,0,0,82,,,,
089443,0,0,0,-11,,,,
089444,0,0,0,8,,,,
089445,0,0,0,-184,,,,
089446,0,0,0,0,,,,
089448,0,0,0,50,,,,
089451,0,0,0,76,,,,
089452,0,0,0,-464,,,,
089455,0,0,0,51,,,,
089456,0,0,0,-83,,,,
089461,0,0,0,-18,,,,
089462,0,0,0,-24,,,,
089463,0,0,0,0,,,,
089464,0,0,0,62,,,,
089465,0,0,0,35,,,,
089466,0,0,0,85,,,,
089467,0,0,0,101,,,,
089468,0,0,0,18,,,,
089469,0,0,0,-74,,,,
08946P,0,0,0,-143,,,,
089471,0,0,0,-64,,,,
089472,0,0,0,-2,,,,
089473,0,0,0,-2,,,,
089474,0,0,0,10,,,,
089475,0,0,0,-230,,,,
089476,0,0,0,-5,,,,
089479,0,0,0,-20,,,,
089480,0,0,0,5,,,,
089481,0,0,0,29,,,,
089482,0,0,0,-4,,,,
089483,0,0,0,93,,,,
089485,0,0,0,-1,,,,
089486,10,0,0,-352,,,,
089487,0,0,0,14,,,,
089488,0,0,0,-71,,,,
089489,0,0,0,-43,,,,
089490,0,0,0,-1,,,,
089491,0,0,0,366,,,,
089492,0,0,0,2,,,,
089493,0,0,0,19,,,,
089494,0,0,0,-9,,,,
089497,0,0,0,18,,,,
089498,0,0,0,-17,,,,
089500,0,0,0,-7,,,,
089501,0,0,0,25,,,,
089502,0,0,0,-8,,,,
089503,0,0,0,207,,,,
089504,0,0,0,48,,,,
089505,0,0,0,1,,,,
089508,0,0,0,15,,,,
089511,0,0,0,2,,,,
089512,0,0,0,12,,,,
089515,0,0,0,5,,,,
089518,0,0,0,-64,,,,
089520,0,0,0,39,,,,
089522,0,0,0,-80,,,,
089523,0,0,0,30,,,,
089529,0,0,0,6,,,,
089530,0,0,0,-5,,,,
089531,0,0,0,-44,,,,
089533,0,0,0,-2,,,,
089534,0,0,0,-4,,,,
089535,0,0,0,0,,,,
089539,0,0,0,326,,,,
089540,0,0,0,174,,,,
089542,0,0,0,71,,,,
089543,0,0,0,153,,,,
089544,0,0,0,70,,,,
089545,0,0,0,-42,,,,
089547,0,0,0,44,,,,
089550,0,0,0,0,,,,
089552,0,0,0,6,,,,
089554,0,0,0,254,,,,
089555,0,0,0,42,,,,
089558,0,0,0,-10,,,,
089559,0,0,0,151,,,,
089560,0,0,0,-1092,,,,
089562,0,0,0,-56,,,,
089563,0,0,0,-20,,,,
089564,0,0,0,8,,,,
089565,0,0,0,241,,,,
089566,0,0,0,460,,,,
089567,0,0,0,29,,,,
089568,0,0,0,285,,,,
089569,0,0,0,446,,,,
08956P,0,0,0,-3,,,,
089570,0,0,0,-30,,,,
089571,0,0,0,-15,,,,
089572,0,0,0,-254,,,,
089573,0,0,0,-529,,,,
089574,0,0,0,247,,,,
089575,0,0,0,1,,,,
089576,0,0,0,1,,,,
089577,0,0,0,-102,,,,
089578,0,0,0,241,,,,
089579,0,0,0,100,,,,
089580,0,0,0,-409,,,,
089581,0,0,0,54,,,,
089584,0,0,0,-373,,,,
089585,0,0,0,1,,,,
089586,0,0,0,-11,,,,
089587,0,0,0,65,,,,
089588,0,0,0,-1,,,,
089589,0,0,0,-28,,,,
08958P,0,0,0,-24,,,,
089590,0,0,0,-290,,,,
089592,0,0,0,150,,,,
089593,0,0,0,-26,,,,
089594,0,0,0,-20,,,,
089596,0,0,0,2,,,,
089597,0,0,0,10,,,,
089598,0,0,0,-15,,,,
089601,0,0,0,-2,,,,
089603,0,0,0,-2,,,,
089606,0,0,0,0,,,,
089607,0,0,0,-4,,,,
089608,0,0,0,25,,,,
089610,0,0,0,38,,,,
089611,0,0,0,11,,,,
089612,0,0,0,-48,,,,
089613,0,0,0,-30,,,,
089614,0,0,0,-81,,,,
089615,0,0,0,0,,,,
089616,0,0,0,46,,,,
089617,0,0,0,1,,,,
089619,0,0,0,8,,,,
089620,0,0,0,-3,,,,
089622,0,0,0,-7,,,,
089625,0,0,0,10,,,,
089626,0,0,0,31,,,,
089627,0,0,0,-399,,,,
089628,0,0,0,-65,,,,
089630,0,0,0,-23,,,,
089632,0,0,0,0,,,,
089633,0,0,0,6,,,,
089636,0,0,0,-51,,,,
089637,0,0,0,146,,,,
089638,0,0,0,764,,,,
089639,0,0,0,40,,,,
089640,0,0,0,-47,,,,
089641,0,0,0,31,,,,
089644,0,0,0,-38,,,,
089645,0,0,0,88,,,,
089646,0,0,0,111,,,,
089649,0,0,0,55,,,,
089650,0,0,0,25,,,,
089652,0,0,0,32,,,,
089653,0,0,0,-24,,,,
089654,0,0,0,419,,,,
089655,0,0,0,1,,,,
089656,0,0,0,50,,,,
089657,0,0,0,-21,,,,
089659,0,0,0,19,,,,
08965P,0,0,0,-30,,,,
089660,0,0,0,102,,,,
089661,0,0,0,35,,,,
089663,0,0,0,63,,,,
089664,0,0,0,45,,,,
089666,0,0,0,19,,,,
089667,0,0,0,7,,,,
089668,0,0,0,30,,,,
089669,0,0,0,17,,,,
089672,0,0,0,223,,,,
089673,0,0,0,-172,,,,
089675,0,0,0,57,,,,
089676,0,0,0,-85,,,,
089677,0,0,0,-26,,,,
089678,0,0,0,2,,,,
089679,0,0,0,-780,,,,
08967P,0,0,0,12,,,,
089683,0,0,0,-17,,,,
089685,0,0,0,-11,,,,
089686,0,0,0,-164,,,,
089687,0,0,0,0,,,,
089689,0,0,0,-9,,,,
089690,0,0,0,6,,,,
089691,0,0,0,-1,,,,
089692,0,0,0,-225,,,,
089693,0,0,0,39,,,,
089694,0,0,0,86,,,,
089695,0,0,0,0,,,,
089696,0,0,0,21,,,,
089697,0,0,0,37,,,,
089698,0,0,0,-12,,,,
089699,0,0,0,5,,,,
089700,0,0,0,-55,,,,
089701,0,0,0,6,,,,
089702,0,0,0,-70,,,,
089703,0,0,0,1,,,,
089704,0,0,0,-3,,,,
089705,0,0,0,47,,,,
089707,0,0,0,0,,,,
089708,0,0,0,-40,,,,
089710,0,0,0,-10,,,,
089711,0,0,0,-41,,,,
089712,0,0,0,-329,,,,
089713,0,0,0,-32,,,,
089715,0,0,0,81,,,,
089717,0,0,0,15,,,,
089718,0,0,0,-17,,,,
089719,0,0,0,-25,,,,
08971P,0,0,0,-37,,,,
089720,0,0,0,10,,,,
089722,0,0,0,138,,,,
089726,0,0,0,-778,,,,
089727,0,0,0,-20,,,,
089732,0,0,0,-1,,,,
089734,0,0,0,100,,,,
089735,0,0,0,-57,,,,
089736,0,0,0,1045,,,,
089743,0,0,0,-100,,,,
089744,0,0,0,-8,,,,
089745,0,0,0,20,,,,
089747,0,0,0,13,,,,
089748,0,0,0,13,,,,
089750,0,0,0,-50,,,,
089751,0,0,0,141,,,,
089753,0,0,0,32,,,,
089754,0,0,0,62,,,,
089755,0,0,0,27,,,,
089757,0,0,0,3,,,,
089758,0,0,0,-31,,,,
089759,0,0,0,82,,,,
089760,0,0,0,-130,,,,
089761,0,0,0,-262,,,,
089762,0,0,0,89,,,,
089763,0,0,0,19,,,,
089764,0,0,0,-2,,,,
089765,0,0,0,-72,,,,
089766,0,0,0,-50,,,,
089767,0,0,0,452,,,,
089768,0,0,0,-32,,,,
089769,0,0,0,-29,,,,
089770,0,0,0,-120,,,,
089771,0,0,0,-25,,,,
089772,0,0,0,-216,,,,
089773,0,0,0,30,,,,
089774,0,0,0,-2,,,,
089775,0,0,0,-6,,,,
089776,0,0,0,35,,,,
089777,0,0,0,76,,,,
089778,0,0,0,278,,,,
089779,0,0,0,313,,,,
08977P,0,0,0,-5,,,,
089781,0,0,0,78,,,,
089782,0,0,0,141,,,,
089783,0,0,0,-226,,,,
089784,0,0,0,-195,,,,
089785,0,0,0,-174,,,,
089786,0,0,0,104,,,,
089787,0,0,0,-8,,,,
089788,0,0,0,-738,,,,
089789,0,0,0,-477,,,,
089790,0,0,0,14,,,,
089791,0,0,0,-26,,,,
089792,0,0,0,-10,,,,
089795,0,0,0,-151,,,,
089797,0,0,0,20,,,,
089799,0,0,0,-136,,,,
08979P,0,0,0,-10,,,,
089800,0,0,0,-32,,,,
089801,0,0,0,-17,,,,
089802,0,0,0,3,,,,
089803,0,0,0,19,,,,
089804,0,0,0,0,,,,
089806,0,0,0,-207,,,,
089807,0,0,0,79,,,,
089808,0,0,0,0,,,,
089810,0,0,0,-18,,,,
089812,0,0,0,-7,,,,
089813,0,0,0,-100,,,,
089814,0,0,0,-9,,,,
089815,0,0,0,422,,,,
089816,0,0,0,-338,,,,
089819,0,0,0,153,,,,
08981P,0,0,0,60,,,,
089820,0,0,0,16,,,,
089821,0,0,0,-129,,,,
089823,0,0,0,82,,,,
089824,0,0,0,48,,,,
089825,0,0,0,-8,,,,
089827,0,0,0,254,,,,
089828,0,0,0,-100,,,,
089830,0,0,0,73,,,,
089831,0,0,0,76,,,,
089832,0,0,0,68,,,,
089834,0,0,0,-248,,,,
089835,0,0,0,2,,,,
089836,0,0,0,-227,,,,
089837,0,0,0,-302,,,,
089838,0,0,0,6,,,,
089839,0,0,0,-3,,,,
089842,0,0,0,-25,,,,
089843,0,0,0,417,,,,
089844,0,0,0,504,,,,
089845,0,0,0,-216,,,,
089846,0,0,0,-77,,,,
089847,0,0,0,-94,,,,
089848,0,0,0,-105,,,,
089849,0,0,0,41,,,,
08984P,0,0,0,-3,,,,
089853,0,0,0,1,,,,
089854,0,0,0,33,,,,
089855,0,0,0,0,,,,
089856,0,0,0,-10,,,,
089858,0,0,0,65,,,,
089859,0,0,0,-334,,,,
089860,0,0,0,-142,,,,
089862,0,0,0,30,,,,
089864,0,0,0,-3,,,,
089866,0,0,0,266,,,,
089868,0,0,0,188,,,,
089869,0,0,0,-190,,,,
089871,0,0,0,4,,,,
089873,0,0,0,-78,,,,
089876,0,0,0,-40,,,,
089877,0,0,0,-20,,,,
089878,0,0,0,-19,,,,
089881,0,0,0,-69,,,,
089882,0,0,0,20,,,,
089883,0,0,0,-20,,,,
089885,0,0,0,-199,,,,
089886,0,0,0,91,,,,
089887,0,0,0,-9,,,,
089889,0,0,0,64,,,,
089890,0,0,0,29,,,,
089892,0,0,0,20,,,,
089894,0,0,0,1,,,,
089896,0,0,0,-21,,,,
089897,0,0,0,-99,,,,
089898,0,0,0,-258,,,,
089899,0,0,0,313,,,,
089902,0,0,0,-2,,,,
089903,0,0,0,0,,,,
089904,0,0,0,-17,,,,
089905,0,0,0,13,,,,
089907,0,0,0,-16,,,,
089908,0,0,0,-10,,,,
089909,0,0,0,-25,,,,
089910,0,0,0,24,,,,
089911,0,0,0,-15,,,,
089913,0,0,0,15,,,,
089917,0,0,0,15,,,,
089920,0,0,0,7,,,,
089921,0,0,0,76,,,,
089922,0,0,0,0,,,,
089923,0,0,0,6,,,,
089925,0,0,0,-86,,,,
089926,0,0,0,-28,,,,
089927,0,0,0,77,,,,
089928,0,0,0,22,,,,
089929,0,0,0,7,,,,
089930,0,0,0,250,,,,
089931,0,0,0,63,,,,
089932,0,0,0,221,,,,
089934,0,0,0,-5,,,,
089937,0,0,0,-103,,,,
089942,0,0,0,18,,,,
089948,0,0,0,5,,,,
089949,0,0,0,10,,,,
089950,0,0,0,-62,,,,
089951,0,0,0,-349,,,,
089952,0,0,0,8,,,,
089954,0,0,0,33,,,,
089955,0,0,0,9,,,,
089956,0,0,0,63,,,,
089957,0,0,0,-2,,,,
089958,0,0,0,10,,,,
089959,0,0,0,116,,,,
08995P,0,0,0,-10,,,,
089960,0,0,0,-30,,,,
089961,0,0,0,256,,,,
089962,0,0,0,236,,,,
089964,0,0,0,13,,,,
089965,0,0,0,410,,,,
089966,0,0,0,-245,,,,
089967,0,0,0,-346,,,,
089968,0,0,0,10,,,,
089969,0,0,0,247,,,,
089970,0,0,0,-3,,,,
089971,0,0,0,-454,,,,
089972,0,0,0,-290,,,,
089973,0,0,0,134,,,,
089974,0,0,0,207,,,,
089977,0,0,0,-3,,,,
089978,0,0,0,-1,,,,
089979,0,0,0,-15,,,,
08997P,0,0,0,-223,,,,
089980,0,0,0,-226,,,,
089981,0,0,0,-304,,,,
089986,0,0,0,-2,,,,
089988,0,0,0,6,,,,
089989,0,0,0,33,,,,
089990,0,0,0,25,,,,
089992,0,0,0,1,,,,
089993,0,0,0,141,,,,
089994,0,0,0,-16,,,,
089995,0,0,0,-1,,,,
089996,0,0,0,0,,,,
089998,0,0,0,6,,,,
089999,0,0,0,4,,,,
1101,-14640.37,-58.801,29.886,190.262,25642,25075,469,474
1101B,0,0,0,0,,,,
1102,-1886.664,59.971,9.375,64.052,833,835,20,20
1103,-161,0,0,0,3362,3295,42,42
1104,567,0,-5,0,1796,1960,1,0
1108,-61,0,0,0,654,653,0,0
1109,-6,0,0.652,0,768,777,0,0
1110,-19,0,-4,0,3127,3124,14,14
1201,-41,0,3,0,1396,1398,0,0
1203,-17,0,-1,0,25,22,0,0
1210,-380.718,12,8.734,-1,993,980,12,12
1213,,,,,0,0,0,0
1215,-16.297,-60,52.41,-1,698,688,27,28
1216,2156.326,6,28,76.643,1138,1005,2,2
1217,-90,0,46,0,2060,2078,0,0
1218,-99,0,1,0,2225,2275,1,18
1219,-102,0,-2,0,1636,1642,0,0
1220,67,0,0,0,1168,1163,0,0
1225,-43,0,0,0,5402,5402,1,1
1227,-230,0,3.937,0,2135,2134,7,7
1229,152.942,-1,22.592,-3,1191,1183,3,3
1231,-83,0,-2.678,-4,433,433,6,5
1232,-7,0,-2,0,10,10,0,0
1233,-5,0,0,0,60,60,0,0
1234,-73,0,-1,0.394,189,188,0,0
1235,-2,0,0,0,996,997,0,0
1236,1,0,0,0,184,181,0,0
1240,1,0,0,0,96,99,0,0
1256,3,0,0,0,93,92,0,0
1259,0,0,0,0,18,20,0,0
1264,-1,0,0,0,0,0,0,0
1268,3,0,0,0,35,26,0,0
1294,-4,0,0,0,,,,
1295,83,0,-0.579,6.722,,,,
1301,-560.619,-8,49.814,-423.443,31287,30757,1891,1843
1303,2694.619,-10,-968.617,-1620.538,37686,37067,2386,2745
1304,414,0,-4.985,-20.02,6069,6263,28,28
1305,201,0,-1.001,0,3255,3044,39,25
1307,-295,0,-1,-0.5,2246,2195,2,2
1308,-60,0,-1.002,0,2857,2879,12,12
1309,-182,0,-0.002,0,3438,3434,23,21
1310,-185,0,1.725,0,3413,3409,77,70
1312,1822,0,73.938,-2.001,15928,15756,144,109
1313,165,0,-8,0,9044,9071,195,200
1314,3248,0,-1.534,0,34088,34508,157,153
1315,-3,0,0,0,59,59,0,0
1316,118,0,0.731,0,19948,20190,76,77
1319,-19.61,-239,3.751,8.002,2883,2872,298,298
1321,85,0,0,0,3352,3384,1,0
1323,-5,0,-1,0,101,101,0,0
1324,1,0,0,0,1940,1999,0,0
1325,23,0,-1,0,2304,2306,244,255
1326,-11227.824,8400,-329.209,-353.224,23291,24207,1544,1523
1336,17,0,0,0,2514,2519,6,6
1337,-8,0,0,0,19503,19559,0,0
1338,-1,0,0,0,2181,2181,0,0
1339,5,0,0.911,0,1394,1388,12,12
1340,3,0,0,0,326,325,0,0
1341,-1,0,0,0,,,,
1342,-13,0,0,-0.589,479,489,2,2
1402,-1241.978,-1.086,13.288,-12.297,3065,3172,86,89
1409,-3814,0,192.399,-100,24273,26910,0,0
1410,0,0,0.001,0,306,300,0,0
1413,2,0,-4,0,0,0,0,0
1414,-124,0,0,0,1821,1705,0,0
1416,-12,0,-1,0,4285,4281,2,2
1417,-1,0,-1,0,1105,1069,0,0
1418,-7,0,-1,0,661,656,0,0
1419,-468,0,-2.367,-0.397,2309,2100,22,20
1423,-3,0,0,0,182,182,0,0
1432,1,0,0,0,0,0,0,0
1434,-223,0,3,0,1641,1639,14,14
1435,-2,0,0,0,0,0,0,0
1436,-15,0,-20,0.074,1176,1176,100,109
1437,5,0,-3,0,3236,3229,0,0
1438,-13,0,0,0,455,455,0,0
1439,-8,0,0,0,854,854,0,0
1440,-148,0,-0.088,0,4089,4072,19,18
1441,,,,,0,0,0,0
1442,-229.181,0,-0.969,-0.315,591,603,89,83
1443,-4,0,0,0,118,117,0,0
1444,-226,0,0.523,0,3663,3654,1,2
1445,3,0,-1,0,1488,1676,0,0
1446,-43,0,0,0,2666,2679,1,1
1447,-256,0,0,0,8646,8666,66,66
1449,-81.759,0,-27.529,60,4477,4425,472,686
1451,-51,0,0,0,1201,1151,0,0
1452,-6,0,-1,0,60,61,0,0
1453,-13,0,0,0,1179,1165,0,1
1454,-1,0,0,0,1961,1963,0,0
1455,34,0,6,0,3955,3942,0,0
1456,-1,0,0,0,374,371,0,0
1457,-31,0,3,0,565,565,0,0
1459,-13,0,0,0,0,0,0,0
1460,-200,0,0,0,0,0,0,0
1463,9,0,0,0,919,915,0,0
1464,-472,0,0,-2,1995,1994,26,6
1465,-37,0,1,0,3462,3470,0,0
1466,-30,0,0,0,3701,3699,21,18
1467,-21,0,-2,0,5415,5415,0,0
1468,-5,0,0,0,0,0,0,0
1470,,,,,10,10,0,0
1471,-13,0,1,0,0,0,0,0
1472,-6,0,0,0,4194,4193,3,3
1473,2,0,0,0,1019,1025,12,12
1474,-3,0,-1,0,4211,4211,0,0
1475,-15,0,0,0,313,305,1,1
1476,79.823,-1.014,-4.28,-16.959,349,353,5,5
1477,-401.357,-109.735,-77.56,11.882,988,984,11,10
1503,704.794,-189,-0.535,13.609,4699,4774,52,48
1504,13525.205,704.965,-382.774,-1185.557,19633,20185,2326,550
1506,-2,0,-1,0,0,0,0,0
1512,-1,0,-1,0,0,0,0,0
1513,622.394,-188,39.019,39.88,8315,8424,0,77
1514,504.786,0,-0.113,-6.84,7819,7885,128,123
1515,-3,0,1,0,3468,3450,25,25
1516,-18,0,0,0,273,273,0,0
1517,8,0,-7.244,0,1799,1795,0,0
1519,-532.978,-66,7.589,-26.344,3347,3340,603,544
1521,2,0,0,0,361,360,0,0
1522,-75.04,-1.381,0.948,6,7459,7475,110,110
1522A,0,0,-4,0,,,,
1524,-402,0,0,0,8011,8060,367,541
1525,3,0,-1,1,360,360,0,0
1526,-6,0,0,0,1045,1046,15,15
1527,-76,0,0,0,469,466,22,22
1528,2214,0,-94.348,0,12950,13233,1044,1097
1529,181,0,-5,0,3507,3549,0,0
1530,-3,0,0,0,99,99,5,5
1531,-78,0,-1,0,2167,2162,5,5
1532,-74,-1.361,4.862,-0.001,4899,4897,109,119
1533,0,0,0,0,796,801,0,0
1535,-2,0,0,0,146,150,0,0
1536,-43,0,2,-27.005,9480,9503,4855,4863
1537,-108,-4,0,0,98,98,0,0
1538,,,,,0,0,0,0
1539,58,0,0,0,1639,1633,0,0
1540,-142,0,0,0,2420,2405,18,23
1541,-1,0,0,0,141,139,0,0
1558,-3,-0.196,0,1.751,659,654,0,0
1560,-1158.002,201,-18,-73.62,3884,3621,110,112
1563,-25,0,-1,0,455,447,8,8
1565,-187.001,0,232,0,1047,1066,0,0
1568,-6,0,0,0,1349,1364,1,1
1569,-1059.26,0,0,-33.158,18226,18111,761,795
1570,-47,0,0,0,827,841,0,0
1580,9,0,0,0,35,35,0,0
1582,6,-6,0.754,0.001,3281,3271,68,60
1583,-4,0,0,0,97,97,0,0
1584,-313,0,0,51.305,9480,9266,60,62
1586,-21,0,0,5,13177,13072,4,4
1587,-6,0,-2,0,2259,2240,17,20
1589,-413,0,1.9,0,3366,3295,213,213
1590,-392.631,-2,-1,0.726,348,303,0,0
1591,14,0,0,-0.23,2113,2115,27,27
1593,-5,0,0,0,75,75,0,0
1595,-69,0,0,-0.544,2066,2063,5,7
1597,-159,0,0.394,-2.649,3175,3144,30,16
1598,-24,0,-1,0,2910,2906,0,0
1599,4,0,0,0,149,148,1,1
1603,1,0,0,0,2343,2316,0,1
1604,-10,0,4,0,420,419,0,0
1605,-473,0,-54,111.554,34553,34128,728,761
1608,-254,0,2,-30.033,7661,7323,25,19
1609,-2110.311,0,884.015,1075.746,19605,17834,246,164
1611,-15,0,0.561,0,3751,3745,20,20
1612,1366,0,5,63,2841,2824,15,5
1614,-19,0,-1,0,601,597,0,0
1615,-33,0,-1,0,514,514,0,0
1616,1450,0,107.444,86.014,6766,6390,212,173
1617,62,0,0,0,1969,1978,0,0
1618,925,0,-1,-2.199,6149,6220,10,8
1626,-1,0,-2,0,2537,2465,0,0
1702,-188,0,0.799,0,417,415,7,7
1707,0,0,2,-0.41,486,493,0,0
1708,-873,0,7.329,0,3407,3514,4,2
1709,-152,0,-1,0,2237,2385,0,0
1710,177,0,6.993,0,4050,4069,28,58
1711,-202,0,-2.335,-107.468,10950,11112,21,29
1712,-59,0,-0.162,0,725,740,2,2
1713,234,0,-5,0,2879,2862,37,37
1714,-400,0,-2,0,6676,6698,0,0
1717,1194,0,-31.632,37,15147,16038,807,814
1718,-975,0,-201,0,16768,16892,16,48
1720,8,0,-1,0,175,175,0,0
1721,271,0,-0.012,0,4227,4568,113,120
1722,-9,15,-44,-9,1962,1968,4,4
1723,-95,0,1,0,421,416,1,1
1725,-17,0,0,0,352,352,0,0
1726,-16,0,-1,0,0,0,0,0
1727,361,0,0.703,0,5955,6020,335,369
1730,-15,0,-7,0,10,9,0,0
1731,-29,0,0,0,148,149,0,0
1732,-29,0,-3,0,560,567,17,24
1733,-17,0,0,0,1916,1885,5,5
1734,35,0,0,0,1342,1338,0,0
1735,-2,0,-0.911,0,358,358,0,0
1736,23.323,0,-0.933,0,1276,1283,30,26
1737,-3,0,-2,0,149,149,0,0
1742,,,,,3025,3025,1,1
1752,4,0,-1,0,721,719,8,8
1760,42,0,0,-0.374,1511,1514,4,4
1762,3,0,-1.087,0,880,880,34,34
1773,-177.081,0,2.386,0,826,837,36,37
1776,2,0,0,0,697,697,0,0
1777,-1,0,0,0.1,113,112,2,2
1781,-1,0,0,-0.045,0,0,0,0
1783,7,0,-0.983,0,671,669,0,0
1784,-42,0,0,-1.247,2049,2057,1,1
1785,-432.48,0,6,-3.456,26867,26755,79,82
1786,-39,0,1.446,3.055,8538,8472,9,9
1788,,,,,6,6,0,0
1789,-91,0,3,0,1937,1958,1,1
1795,-323.909,0,20,6.462,5832,5747,21,20
1796,0,0,0,0,378,365,0,0
1799,-6,0,0,0.533,0,0,0,0
1802,9274.07,0,205,106.879,77885,82527,17641,20227
1805,-2,0,0,0,215,214,0,0
1806,-284,0,-1,0,2825,2883,176,178
1808,-261,0,182.398,0,5958,5952,8,8
1809,-74,0,0,0,4845,4841,186,250
1810,-61,0,24,0,17877,17700,356,348
1813,,,,,71,70,0,0
1815,431.297,-700,-358,571.194,75580,77998,16853,17127
1817,10,0,-9,0,21,21,0,0
1903,-132,0,0,0.117,3905,3847,14,13
1904,-165.998,0,1.707,0,1251,1255,5,5
1905,-965,0,-22.117,-26,6930,6843,66,72
1906,-1,0,1.195,0,5108,5108,0,0
1907,-164.94,0,-17,-10,23532,23483,3,3
1909,-52,0,97,0,4695,4700,54,54
2002,22.797,-115.068,243,-5.327,16899,16825,281,204
2006,-475,-5,-2.271,8.019,648,643,3,3
2007,-77,0,0,0,996,1006,0,0
2008,-6,0,-1,0,272,274,0,0
2009,-253,0,0,-1.378,4923,4924,446,442
2010,-379,0,5.95,0,2184,2105,10,10
2012,-46,0,-1,0,101,100,0,0
2013,-26,0,-1.026,0,1641,1641,1,1
2014,-2501.95,0,-548,-112.708,10770,10960,1009,1093
2015,36,0,0,2,45,45,0,0
2017,-34,0,2,0,3082,3174,65,65
2020,-83,0,1,0,1007,991,1,1
2022,-8,0,1.617,0,2985,3110,18,22
2023,-53,0,2,0,2728,2890,131,131
2024,,,,,14,14,0,0
2025,-4,0,-47,0,0,0,0,0
2027,-2469.565,-1351,142,-381.919,33868,34404,3321,3490
2028,-35,0,0,0,1120,1121,2,2
2029,-77,0,0.587,0,504,507,0,0
2030,-38,0,0,0,1351,1353,0,0
2031,-46,0,0,-5.751,2618,2737,31,39
2032,-44,0,0,0,2271,2218,9,9
2033,3,0,2,0,7410,7413,0,0
2034,-615,0,30.733,-4.357,3510,3584,205,207
2035,,,,,2,2,0,0
2038,-136,0,1,0,4598,4661,0,0
2049,-1357.385,-0.141,3,-12.74,6112,6025,104,92
2059,28.236,-45.001,-1.189,-4.325,441,430,0,6
2061,-1,0,0,0,3247,3248,0,0
2062,-297,0,-2.097,0,2481,2480,0,20
2063,-2,0,0,0,119,120,1,1
2064,,,,,154,154,0,0
2065,25,0,0,-0.654,175,173,0,0
2066,-14,0,0,0.12,4505,4505,1,6
2067,-1,0,0,0,0,0,0,0
2069,-27,0,-4,0,863,894,0,0
2070,-38,0,0,0.719,1540,1531,2,0
2101,412,0,-0.072,-125.679,32729,32726,212,211
2102,-124,0,0,0,4074,4057,16,16
2103,107,0,2,0,4923,4900,2,2
2104,-274,0,2,0,11624,11586,15,26
2105,-3016.009,0,27.421,78.288,2791,2638,42,43
2106,-413,0,-2.771,0,2184,2156,19,9
2107,-80,0,-6,0,659,680,0,0
2108,19,0,-14,0,2673,2685,142,142
2109,-26,0,0,0,1001,1003,15,15
2114,-3,0,0,0,37,36,0,0
2115,-2,0,-1,0,254,255,0,0
2201,-1752,-3,-85,0.773,7820,7796,16,12
2204,-323.02,-15.684,-52.066,-3.201,4517,4417,115,115
2206,326.96,0,-488,0.586,24869,24953,61,58
2207,-29.68,-5,0.946,-1,76,73,0,0
2208,4196.7,-2,0,0,0,0,0,0
2211,455,-9,-50.142,-12,966,796,0,5
2221,2,0,0,0,95,95,0,0
2227,-12.945,0,0,0,,,,
2228,79,0,-0.14,-3,5211,5395,325,357
2230,-19,0,0,62.964,4894,4914,112,112
2231,88,0,-12.015,-35.08,2485,2589,44,49
2233,381.02,0,11,-45.938,6697,7104,121,124
2235,-8,0,0,0,46,47,0,0
2236,-3.087,0,0,0,4196,4125,48,49
2239,-6,0,1,0,1713,1711,0,0
2241,-36,0,0,0,4394,4382,25,27
2243,-52,0,2,0,797,791,1,1
2247,-9,0,-1,2.805,466,467,33,35
2250,5.92,0,0.298,0,2287,2325,0,0
2254,-1,0,0,2,4880,4875,0,0
2258,-88.9,0,0,-0.605,,,,
2301,1034.481,-1367.735,17.977,52.993,13002,13232,46,39
2302,-72,0,-1,0,2600,2598,2,2
2303,-10658.157,-330.639,11.002,327.617,39921,40261,832,903
2305,-21,0,0,0,1782,1813,32,32
2308,165.431,685.256,-8,35.181,2557,2683,711,681
2312,-2485,-7,-57.189,18,40463,40533,146,190
2313,2741.885,-100,-83.724,-351.654,27706,27764,1093,1005
2314,58,0,0,0,0,0,0,0
2316,2750.139,699,-11.91,-1.724,8581,10147,1934,1977
2317,6692.581,96.213,-140,-49.211,52929,52745,2516,2561
2321,,,,,0,0,0,0
2323,-1630,0,4,0,19982,19737,74,81
2324,-4425.837,1207.66,78,149.698,14746,14847,605,618
2327,,,,,6526,6530,0,0
2328,21207.344,0,-366.805,-257.942,23739,30080,1365,1560
2329,1761,0,25,10.366,18548,19266,1269,1254
2330,-4170.238,-141.9,-5,-5.331,15317,15302,302,308
2331,200,0,-2.1,64.305,10645,10719,37,29
2332,-951,0,-4,-112.621,20257,20295,114,125
2337,-48.393,0,8,-340.828,18843,18869,2802,2819
2338,-101,0,-24.098,2.546,7211,7330,2670,2669
2340,-243,0,12,-0.381,7385,7360,95,88
2342,-115,0,0,0,2824,2830,0,0
2344,-24.7,0,-31,-1017.011,51923,52144,2425,2503
2345,309.26,-567,-4.1,-13.089,2207,2243,150,139
2347,-1387.5,-51.9,1.843,-5.473,1134,1107,31,30
2348,-459.777,0,0.287,-0.134,1633,1578,389,394
2349,-160,0,0,0,0,0,0,0
2351,-22,0,0.063,-124.67,7394,6831,145,71
2352,2279,-4,173.983,718,13837,12300,224,38
2353,-1939.54,-9.198,16,56.267,23943,23814,311,336
2354,-1898.806,0,286.088,-25.795,31477,31675,295,284
2355,386.99,-10,46.528,108.942,4370,4244,76,70
2356,-844.92,-175,14.79,136.275,26073,26150,1953,1879
2357,-1099.802,-29.048,27.419,21.609,1653,1631,18,16
2359,-729.031,0,1,-37.842,8587,8685,646,694
2360,-16.543,-72.331,-11,-7.565,564,549,51,54
2362,-72,-10,1.42,-0.109,3481,3481,17,17
2363,269.2,0,-0.561,-93.343,24323,24622,153,117
2364,-13.841,0,-1.523,0,1206,1226,1,17
2365,-883,0,-2.607,125.179,12728,12788,1466,1460
2367,625.02,0,-1,-233.812,32587,33509,45,113
2368,-60.989,-9,-118.841,48.513,4057,4140,1890,1749
2369,-774,0,1.357,0,6069,5319,364,123
2371,1695.585,0,17,-559.444,75244,75551,1637,1652
2373,-19,0,0,0,86,84,0,0
2374,-4406.001,0,-256.958,-580.323,16284,16319,1511,1589
2375,67,0,5.148,0,2317,2335,4,5
2376,-380.27,-2,18.547,-4.328,6054,6083,144,127
2377,-1760.701,50,42.022,36.485,5425,5248,0,0
2379,-737.823,-32.024,45.898,27.347,2631,2627,30,31
2380,-30,0,0,0,0,0,0,0
2382,-4091.928,-1882.621,20.799,31,19133,18677,474,415
2383,-226.039,-78.8,-49.033,-34.589,3457,3485,5,223
2385,-1131.912,62.277,0.635,7,3386,3296,9,11
2387,-12,-2.65,0.252,1,2578,2581,23,23
2388,-2487.9,0,-106.804,-6.155,13641,13398,203,278
2390,27,0,0,0,2003,1943,5,5
2392,-433.945,0,8.794,-0.65,9301,9255,75,72
2393,-104,-12.886,1,1.732,1542,1556,25,24
2395,-368.577,-10.005,0,0.288,606,609,4,4
2397,69,0,1,-7,1822,1787,19,7
2399,-13,0,0,0,6920,6857,255,255
2401,-9983.18,0,-150.566,-234.604,13540,13159,1435,1427
2402,4963,461,-216.929,358.059,14423,15014,1182,1080
2404,4.715,8,10.982,33.07,859,854,108,101
2405,-611,0,-1.137,-0.126,14447,14519,147,204
2406,527.5,0,13,-4,14328,14707,868,911
2408,-719.095,-1.188,68,-227.715,48390,49052,6870,7094
2409,-17052.731,-14.105,17,-210.028,61910,58334,1517,1594
2412,1550.315,-34.325,7,10.26,471,438,21,25
2413,-89,0,0,0,2680,2560,23,23
2414,-30,0,0,0,616,620,0,0
2415,-1,0,-0.995,0,2367,2368,0,0
2417,-71,0,0,-0.137,5441,5569,118,151
2419,-148,0,2.138,-2.459,4572,4578,16,16
2420,-359,0,1,0,512,547,0,0
2421,391,-316,-11.01,-130.516,6579,6742,167,160
2423,72,0,9,0,334,374,1,1
2424,5,0,0,0,0,0,0,0
2425,-244,0,0,0,3025,2988,16,25
2426,-82,0,1,0,4966,4996,36,36
2427,-727,0,0,0,6099,6019,3873,3928
2428,-213,0,-27.068,0,2519,2506,0,0
2429,-459.001,0,-0.074,0,11872,12160,1278,1365
2430,-30,0,0,0,152,151,0,0
2431,-207,0,-0.288,0,4640,4623,33,33
2432,0,0,0,1.029,102,102,0,0
2433,-2,0,0,0,2,2,0,0
2434,,,,,7,9,0,0
2436,438,0,-15.089,-2.948,3798,3782,3097,3082
2438,5,0,0,0,0,0,0,0
2439,-56,817.614,250,2.057,2212,2364,0,76
2440,-7,0,1,0,0,0,0,0
2441,-465.25,-1,158.438,-1,463,470,0,1
2442,200,0,-207,0,14702,14555,573,597
2444,-9,0,0,0,0,0,0,0
2449,4354.125,574.927,-174.888,-110.287,31179,32609,843,871
2450,9,0,-2,0,40,40,0,0
2451,138.203,-63,15.26,-10.302,740,844,1,0
2453,-52,0,-1,0,3009,2996,23,22
2454,124.484,-75.279,-16.7,10.692,5201,5229,112,108
2455,787,-668,40.14,-77.976,5784,5909,673,656
2457,-837,0,58.685,-6.659,9770,9706,82,83
2458,-63,-52.75,-0.2,0,1928,1939,43,44
2459,-9,0,0,0,63,65,0,0
2460,79,0,0.941,0,2776,3016,7,7
2461,34,0,-5,0,3577,3638,0,0
2462,-8,0,-1,0,2282,2193,22,22
2464,-37,0,0,34.85,9454,9603,647,647
2465,-48,0,0,0,576,576,0,0
2466,-35,0,2,0,5546,5617,322,355
2467,-198.9,-1,16.975,-31.239,2398,3171,64,77
2468,-32,0,-170.917,0,6034,5881,0,160
2471,-70,0,-7,0,2103,2108,2,2
2472,1819.465,-8,-4.588,86.353,7112,7136,25,14
2474,-346.185,62.258,-341,24.057,1716,1660,20,24
2476,-1366,0,44.114,-188.956,20585,20563,330,309
2477,-25,0,0,0,1496,1507,0,0
2478,7,0,-4.003,0,679,679,0,0
2480,12,-0.87,-1.155,0.139,189,199,2,1
2481,1296,820,119.053,116.829,7654,8196,190,180
2482,-17,0,0,0,1991,1999,1,1
2483,2,0,1,0,1004,1004,0,0
2484,4,0,1.964,0,2096,2118,0,0
2485,-426,0,-1.76,0,7066,7068,17,19
2486,-197,0,-4,8.923,20750,20719,476,503
2488,-34,0,0,0,1253,1254,0,0
2489,-599,0,-4.507,-0.001,16092,16031,25,25
2491,-14,0,-4.025,0,42,42,0,0
2492,180,0,10,3.474,5700,5710,69,69
2493,-27.001,0,0,0,9614,9604,80,83
2495,-33.5,-1,-2.274,0,5793,5761,25,25
2496,1,0,0,0,173,176,0,0
2497,-271,0,-0.71,-2.124,3603,3444,48,46
2498,-7714.15,-0.123,-50.517,1213.222,31099,30344,6621,6190
2501,640,0,52.729,-27.738,7963,7946,55,54
2504,114,-11.102,3,0,3624,3642,57,57
2505,-181,0,4,0,4404,4360,0,0
2506,-12,0,-6,0,2171,2171,0,0
2509,-18,0,0,0,569,574,0,0
2511,-156,0,2,0,3721,3645,0,0
2514,-52,0,2.201,0,21256,21211,4,0
2515,3178,0,0,0,21443,21557,166,152
2516,-99,0,-6,0,0,0,0,0
2520,-520.017,-159,-12.064,0,5173,5114,238,239
2524,-167,0,0,-0.342,3953,3933,61,58
2527,-140,-0.33,1.337,0,577,567,0,0
2528,-124,0,2,0,2477,2687,3,3
2530,-135,0,-82.35,42,3706,3704,133,160
2534,-225,0,-10.997,0,8657,8647,0,0
2535,-39,0,-0.733,0,170,171,1,1
2536,-100,0,-1,0,3592,3625,9,8
2537,118,0,-0.186,0,5784,5749,43,43
2538,-59,0,-1,0,4494,4511,1,1
2539,-342.804,0,-12,-4,3079,3073,42,51
2540,-117,0,3,-3,3923,3915,93,113
2542,-1229,55,6,-54.355,10224,10199,36,36
2543,267,0,-1.258,-1,25094,25169,1089,1189
2545,-327.08,0,-1.37,0,2392,2382,11,11
2546,-23,0,-2,0,322,322,0,0
2547,-115,0,-1.079,0,26054,26069,1,1
2548,-357.808,0,1.474,-2.021,1823,1828,51,51
2596,-11,0,0,0,1663,1685,0,0
2597,-66,-2,2.095,0.043,336,334,5,5
2601,-595,0,3,0,6797,6856,21,21
2603,-4784.625,-137.022,-1243.997,-3.688,17587,17541,610,630
2605,278,0,-30.167,-20.236,10932,11002,157,161
2606,-948.217,820,-110,-85.72,7549,7649,144,163
2607,-528,-1,-4,0,5528,5504,21,23
2608,-15,0,1,-1,992,992,2,2
2609,-8083,-465,-273.475,-250.065,35260,34959,2023,1967
2610,-1762.862,-3.291,257,-141.712,44242,44303,254,270
2611,-8,0,7,0,3352,3345,24,23
2612,419.1,0,-298,-61.325,1422,1745,27,26
2613,-73,0,2,0,2925,2909,17,18
2614,13.55,0,-6,0,5331,5237,1,1
2615,-1682.607,-21.135,-103.422,-206.981,18911,18642,3082,2726
2616,-37,0,0,0,146,146,2,2
2617,-232,0,-19.626,0,2059,1977,2,2
2618,-4057.137,-1014.296,-2,-10.927,44836,45340,470,474
2630,67,0,-2,-89,4612,4642,610,640
2633,-604.293,-1.969,8.438,-8,2435,2426,3,3
2634,5418.6,-3,562.566,570.166,23824,23102,494,372
2636,-20,0,6,-0.963,995,1001,4,3
2637,178.596,0,1.882,-107.67,11112,11232,371,401
2640,-2,0,0,0,39,39,0,0
2641,26,0,-8,18.572,11968,12037,1361,1379
2642,1,0,0,0,418,418,2,7
2643,-4,0,0,0,145,143,1,1
2645,834.6,-1,77.098,114.95,8005,8613,684,672
2646,-2579.85,0,3,-23.807,3016,2381,6,0
2701,-37,0,-1,0,1171,1168,0,0
2702,-5,0,0,0,513,512,0,0
2704,-97,0,-2,0,394,392,0,0
2705,-26,0,0,0,1090,1089,1,1
2706,-34,0,-1,0,874,874,0,0
2707,11,0,0,0,235,235,1,1
2712,-10,0,0,0,19,19,0,0
2718,-3,0,0,0,290,291,0,0
2719,1,0,0,0,155,157,0,0
2722,1,0,1,0,526,526,0,0
2723,-205,0,-1.535,-0.523,2572,2564,11,11
2724,,,,,0,0,0,0
2726,,,,,435,435,0,0
2727,-411.9,0,0.77,-2.804,631,592,1,1
2729,-1,0,0,0,20,20,0,0
2731,247,0,1,0.275,2228,2246,214,207
2732,3,0,0,0,291,291,5,5
2734,-1,0,0,0,557,563,1,1
2736,-6,0,0,0,1311,1295,32,32
2739,23,0,0,0,1185,1187,7,0
2743,5.022,0,0,-0.145,1353,1406,93,93
2745,-43.8,0,0,-2.101,1066,1065,11,11
2748,-19,0,0,0,1520,1522,2,2
2751,0,0,-4,0,,,,
2752,-1,0,0,0,,,,
2753,44.076,0,0,-0.221,1486,1542,6,6
2754,-1,0,0,0,258,259,0,0
2755,-55,0,13,-0.576,171,181,0,2
2756,21,0,0,0,,,,
2762,-6,0,0,0,253,246,0,0
2801,1988.227,-0.56,14.6,88,6999,7091,365,329
2809,-765,0,851,0,513,517,25,25
2812,-820.5,-3,16.675,-20,4844,4629,17,17
2816,-4,0,0,0,503,503,13,13
2820,376,0,2,0,732,684,0,0
2832,-16,-1,-1,0,850,855,11,11
2834,-4972.576,0,32.986,-16,7368,7302,27,28
2836,-16,0,6,0,5078,5036,0,1
2838,930,0,9,0,1550,1556,8,8
2845,-5290,0,12.896,-11,4509,4511,42,44
2849,-123,0,-1,0,151,164,0,0
2850,-40,0,-24.12,0,44,48,2,2
2851,-245,0,-43,0,942,901,3,2
2852,-50,-1.149,0,0,565,567,5,5
2855,-132.092,0,0,0,4004,4014,123,128
2867,-2675.056,0,-300,-0.196,0,0,0,0
2880,-1526.057,126,11,162,977,1002,93,97
2881,105.496,260.639,21,85.225,8017,8247,2790,2788
2881A,-2,0,0,0,,,,
2881B,0,0,-17,0,,,,
2882,-5932.004,3357.509,49,135.547,6198,6174,1281,1293
2882B,0,0,-3,0,,,,
2883,-2791.263,-567.242,78,277,22617,21841,9,71
2883B,-88,0,105,0,,,,
2884,793.084,-802.257,31.805,39.937,1959,1977,239,237
2885,1605.779,736,-32,220.344,2536,2557,0,0
2886,6660.196,-4391.42,22.128,181.088,1377,1318,45,60
2887,-3716.302,-302.5,-87,-11.358,116760,116970,674,674
2887I,-8777.063,0,0,0,,,,
2889,660,0,2.369,29,3234,3173,18,14
2890,4025.709,329.186,-1207.267,-13,7119,6892,478,478
2891,-12136.88,4652.19,57,424.745,5703,5553,572,576
2891B,0,0,3,0,,,,
2891C,0,0,1,0,,,,
2892,-2815.477,-727.454,22,120,2704,2585,4,4
2897,-778,0,10.314,0,3520,3418,2,2
2901,,,,,628,628,0,0
2903,-166,0,-3.135,0,2497,2498,95,95
2904,0,0,0,0,26,26,0,0
2905,189,0,1,0,10560,10571,0,0
2906,-4,0,0,0,1094,1094,11,11
2908,-108,0,-44,0,10587,10597,0,0
2910,-8,0,0,0,57,57,0,0
2911,,,,,0,0,0,0
2912,-435.069,-8.008,4,0.694,451,449,1,1
2913,-334,0,2,0,9102,9049,5,5
2915,-285.59,146,1.579,-10.339,6991,6993,9,8
2916,-1,0,0,0,338,338,0,0
2923,-79,0,0,0,,,,
2924,,,,,8,8,0,0
2926,,,,,172,172,0,0
2929,10,0,0,0,1147,1146,4,4
2939,0,0,0,0,521,521,0,0
3002,18,0,10,0,1816,1828,3,3
3003,40,0,0,0,4468,4430,14,15
3004,118,0,0.598,4,2316,2351,24,23
3005,545.693,-59,-25.738,-119.108,3577,3545,95,90
3006,-162,0,-80.85,-6.978,9254,9219,263,274
3008,1.255,-9.4,-1,-0.568,741,743,8,8
3010,30,-1.34,-13.1,0.794,1679,1679,1,2
3011,-219,0,0,0,3660,3714,786,788
3013,332.02,0,-1,24.16,15751,16031,413,436
3014,-84,-7.728,-3.467,-0.21,1564,1562,6,7
3015,-83,0,-1.789,0,1869,1878,9,6
3016,-509,0,0.412,-3,3508,3427,106,99
3017,-336.592,-239,-13.42,-38.091,5843,5733,64,60
3018,,,,,6,6,0,0
3019,-126.24,100,-16.684,-254.263,17942,18371,555,624
3021,-3,0,2,0,950,958,0,0
3022,-184,-5,-0.471,0,5215,5215,7,7
3023,255,4,-7.978,2.269,1812,1877,18,6
3024,-64,0,0,0,12219,12165,0,0
3025,-62,0,0,0,2440,2439,0,2
3026,316,0,1,-2,291,323,1,1
3027,12,0,0,0,5195,5193,15,15
3028,-152,0,-3,0,787,787,1,1
3029,68,0,-1.306,-3.24,4596,4633,125,123
3030,1315,191,-7.319,102.5,9444,9223,289,223
3031,127,0,-16.027,0,1892,1903,0,3
3032,-951.053,0,-4.935,66.415,7022,6676,232,249
3033,-624.003,-910.278,17.587,10,5373,5335,186,191
3034,-276.989,42.651,0,21.022,2515,2474,14,16
3035,-2181,1,-4.702,-21.036,14154,14149,321,635
3036,282,-5,11,27.669,2123,2138,89,88
3037,3383.151,-880,15,112.223,29370,29392,1135,1067
3038,-17,-0.489,-14,0,1444,1418,0,0
3040,59,0,0,0,12448,12565,2617,2632
3041,69,0,0,0,3684,3668,100,101
3042,-513,-5,-1.14,-5.323,2135,2068,31,33
3043,-35,0,-0.006,0,1051,1043,2,25
3044,366,170,-5.52,6.347,4659,4819,350,343
3045,-2855.245,-10.772,41,65.688,723,627,23,57
3046,7,0,0,0,1738,1737,0,0
3047,-343,0,-2,0,10411,10469,204,241
3048,7,0,0.58,0,3748,3730,6,7
3049,-64,0,0,-0.341,2678,2678,0,0
3050,-108,0,-7,0,5267,5236,0,0
3051,-221,0,-3,0,2706,2681,2,2
3052,-60,0,0,0,2007,1987,2,2
3054,-4,0,-1,0,0,0,0,0
3055,-69,0,0,0,6201,6196,50,53
3056,-439,0,2.44,0,5392,5407,472,489
3057,-28,0,0,0,0,0,0,0
3058,-155,0,-0.03,0,2219,2219,0,0
3059,-6018,0,-102.816,-436.069,17881,19432,246,329
3060,-39,0,1,0,7101,7128,18,18
3062,-985,0,1,-1.314,15955,15793,4592,4597
3064,,,,,0,0,0,0
3066,-48,0,0,-0.231,602,604,6,4
3071,-1,0,0,-8,2308,2277,14,17
3073,-35,0,0,1.063,729,653,12,12
3078,-99.35,0,54,-32.233,6147,6201,487,502
3081,-277.19,-628,-225,4.281,7360,7160,362,223
3083,79,0,0,0,1232,1251,5,5
3085,,,,,0,0,0,0
3086,22.346,0,0,1.013,424,429,0,10
3088,-47.383,0,0,0.127,3438,3428,10,10
3090,-3,-1.79,-1.409,0,3419,3359,12,13
3092,-3,0,0,0,1597,1582,0,0
3093,42,0,0,0,1727,1801,0,0
3094,-64,0,-0.085,0,1908,1905,7,20
3095,,,,,8,8,0,0
3105,-218.42,0,0.647,-41.211,8889,9037,272,278
3114,-2,0,0,0,283,286,0,0
3118,2,0,0,0,79,79,0,0
3122,30,0,0,0,3909,3953,134,135
3128,-174,0,0,-4.532,2481,2493,23,0
3130,-15.999,0,0,0,7,8,0,0
3131,-130.9,-33,-6.05,-17.817,,,,
3135,-22,0,0,0,,,,
3138,-6.019,0,0,0,897,901,8,8
3141,-5,0,0,-0.467,4776,4796,13,3
3147,-98,0,0,-10.758,1954,2037,8,10
3149,1472.14,0,1.869,0,9737,8752,25,21
3150,-4,0,0,-0.001,36,36,0,0
3152,44,-6,-2,-0.025,788,834,0,0
3162,-508,0,90,0,5391,5242,18,34
3163,-1360.9,30,172,-148.632,13317,15087,1600,1730
3164,1,0,0,0,322,322,0,0
3167,-2719.95,0,-71.664,-82.711,10037,9461,25,1410
3168,4,0,-2,0,36,39,0,0
3169,8,0,0,-0.994,1412,1415,6,5
3171,1,0,0,0,326,321,0,0
3176,-7,0,0,0,,,,
3178,-39,0,0,-2,1331,1343,5,5
3188,52,0,0,-0.18,2800,2800,6,7
3189,-442.181,378,-11,34.178,8995,8784,567,615
3191,,,,,0,0,0,0
3205,58,0,0,-0.021,1430,1434,148,148
3206,-7,0,0,0,393,396,0,0
3207,83,0,0,0.022,6574,6602,18,18
3209,-97.6,-5.13,-20,0,2273,2272,11,12
3211,-3917.59,1462,105,-65.847,10429,9092,1157,1272
3213,-252,-1.39,0,-36.654,2183,2158,25,25
3217,59,0,0,37.683,1645,1657,8,8
3218,-64,0,0,-0.087,495,490,3,3
3219,708,0,46,-15.479,1288,1228,97,62
3221,-6,0,0,0,1375,1466,0,1
3224,-2,0,0,0,8548,8470,0,0
3226,,,,,23,23,0,0
3227,-219,-2,9.062,-3.233,5560,5595,45,40
3228,-38,0,0,-10.997,0,0,0,0
3229,0,0,0,0,0,0,0,0
3230,208,0,0,-192.194,10555,10863,183,188
3231,-950.898,-3167.159,28.086,113.156,51254,51104,1376,1285
3232,5,0,0,0,3050,3052,10,0
3234,-146,0,0,0,0,0,0,0
3236,4,0,0,0,696,699,0,0
3252,-1,0,0,0,11904,11894,0,0
3257,-93,0,6,0,2434,2436,34,34
3259,,,,,0,0,0,0
3260,706,130,-62,101.357,6919,7001,278,276
3264,-339,-44,7,-10.128,8504,8599,663,571
3265,30,0,0,-0.634,3813,3949,36,33
3266,-52,0,1,0,990,988,10,10
3268,-26,0,0,0,877,906,0,0
3272,,,,,1227,1226,0,1
3276,-27,0,0,0,1114,1166,1,1
3284,1,0,0,-0.071,836,818,103,40
3285,-6,0,0,0,351,351,0,0
3287,40,0,0,-0.551,2319,2360,1,3
3288,0,0,0.001,0,0,0,0,0
3289,109,0,-4,-1.281,4600,4603,1,1
3290,,,,,18942,18942,0,0
3293,-959.115,91,-2.001,15.915,3376,3296,5,6
3294,-1256.6,0,0,-59.92,12338,12563,1553,1685
3296,-30,0,0,0,2169,2114,2,3
3297,-225,0,-4,0.59,2568,1798,971,1113
3303,-97,0,0,0.502,2166,2113,3,2
3305,448.4,0,-93.554,-25.113,14254,13729,1848,1877
3306,-66.9,0,15,0.106,850,856,11,9
3308,11,0,-3,0,698,688,0,0
3310,-1,0,0,0,2064,2055,16,9
3311,34.859,0,0,0,5228,5322,23,19
3312,-484,0,1,0.241,6496,6444,62,58
3313,-3,0,0,0,495,638,1,1
3317,11,0,0,-0.522,1898,1887,0,0
3321,,,,,0,0,0,0
3322,-88,0,1.697,0,8882,8760,3,2
3323,258.01,0,0,17.835,5596,5284,1663,1630
3324,-410.93,0,-6.255,-44.387,4795,4807,249,247
3325,17,0,0,0.001,3832,3874,80,82
3332,51,0,-2.14,0,514,541,7,7
3338,-39,0,-0.046,0,3538,3548,34,26
3339,4,0,0,0,9431,9480,389,396
3346,55,0,0,0,2269,2273,22,22
3349,26,0,0,0,,,,
3354,-15,0,0,0,1063,1085,0,0
3356,-111,0,-1.006,0,2932,2951,37,48
3357,-1,-1.38,5,4.542,1151,1089,30,29
3360,-32,0,0,0,3035,3041,12,12
3362,-125,0,0,-13.124,6006,6012,36,25
3363,175.05,0,-13,-1,11958,12045,1838,1958
3372,10,0,1,0,1651,1652,0,0
3373,-2.94,0,0,0.446,906,897,5,3
3374,-2.5,1,10,0.699,9373,9393,268,518
3376,470.8,-79,-0.315,-55.806,11241,11210,66,76
3379,-46,0,0,0.041,3049,3117,168,158
3380,-67,-1,4.388,1.279,4130,4123,35,35
3388,-12,0,0,-5,125,116,0,0
3390,27,0,0,-0.342,2360,2356,0,0
3402,-320.001,-1.49,-17,31.012,1897,1936,66,56
3406,-163.634,-23,-12.1,-49.881,3526,3497,50,67
3413,-397.95,-2,0.073,1.261,1986,1949,14,14
3416,-377,0,-10.081,-34.411,1305,1019,39,11
3419,-4,0,0,0,3839,3847,0,0
3430,-28,0,-9,0.715,1023,1030,1,0
3432,3,0,-1,0,0,0,0,0
3434,-50,0,0,0.073,2903,2919,37,33
3437,2,0,-1,0,2371,2457,34,34
3438,6,0,0,0,1145,1148,1,1
3441,-25,0,0,0,1353,1356,7,7
3443,-63.585,266.974,10.3,17.53,2998,3014,78,82
3444,-134,0,0,0.064,720,688,0,0
3447,108.05,0,-71.108,0,5301,5349,252,233
3450,-647.88,-6,-0.696,-74.05,18396,18482,371,281
3454,7,0,0.876,0,904,909,12,12
3455,-53,0,0,-0.039,2543,2567,62,63
3465,,,,,222,220,0,0
3466,-55,0,0,0,9035,9029,303,303
3467,11,0,0,0,,,,
3479,18,-1.37,52.446,-2.953,1275,1161,6,3
3481,-5388.959,0,90,-1584.176,167824,165512,1772,1821
3483,-51,0,0,-10.582,6384,6424,623,625
3484,-33,0,0,0,2300,2322,7,7
3489,1,0,0,0,1153,1354,1,1
3490,-13,0,-2,0.798,2028,2050,8,14
3491,157.1,-104,6,18.763,4395,4352,76,75
3492,-4,0,0,0,786,784,0,0
3494,13,0,-8,0,0,0,0,0
3498,41.992,0,-12,1.467,3938,3945,233,256
3499,-1,0,0,-0.001,0,0,0,0
3501,-41,0,-0.509,0,377,376,0,0
3504,-110,0,-3,-0.206,1301,1344,230,240
3508,-36,0,0,0.015,0,0,0,0
3511,31,0,0,0.555,2781,2762,6,4
3512,1,0,0,0,472,472,10,10
3515,-205.977,188,3,1.525,1023,1093,64,65
3516,5,0,0,-0.309,8148,8135,0,0
3518,-159,0,-46.164,0,4369,4293,90,94
3520,6,0,0,0,2958,3063,2,2
3521,,,,,0,0,0,0
3522,0,0,0,-0.01,0,0,0,0
3523,,,,,0,0,0,0
3526,-164,-0.62,2,1.349,1644,1657,26,26
3527,3,0,0,0,1527,1528,0,0
3528,23,0,0.696,0,2573,2594,56,66
3529,0.402,41,-5,-5.49,1116,1124,16,15
3530,1,0,0,0,1068,1071,4,5
3531,-2,0,0,0,114,114,0,0
3532,-171,-1.9,0,-0.483,3032,2998,15,26
3533,-12.244,269.417,5.7,21.919,1157,1243,14,8
3535,2390,0,50.379,-10,9312,8358,1093,600
3537,3,0,0,0.578,784,790,0,0
3540,7,0,0,0,1449,1454,0,0
3541,-1,0,0,0,629,629,0,0
3543,1459.5,0,0.579,0,4245,4297,1067,1087
3545,55,-1,0,0.28,6056,6175,215,210
3546,-11,0,0,0.689,3290,3277,15,15
3548,-6,0,0,0.621,5780,5785,106,114
3550,-83,0,-1.447,0,9383,9328,14,19
3551,-176,0,0,-38.925,2482,2467,44,48
3552,3.96,0,0,-6.402,1331,1347,0,0
3555,,,,,0,0,0,0
3556,0,0,0,-0.236,352,355,0,0
3557,52,0,0,0,469,462,1,1
3558,-240,-9,-10,-1.164,1740,1683,2,2
3563,-294.9,210,11.877,47.816,4398,4349,68,62
3564,-63,0,0,-0.024,1655,1647,15,6
3567,1,0,0,0,710,718,0,0
3570,-15,0,0,0,,,,
3576,-5326.65,0,0,0,0,0,0,0
3577,22,0,0,1.029,2830,2858,119,129
3580,84.05,0,0,5.35,2942,2959,50,50
3581,-129,0,0,-1.994,1987,2001,1,15
3583,-348.7,3,-10,-74.668,3054,2937,52,54
3587,33.276,0,-6,-13.122,2496,2519,31,31
3588,-16.615,0,0,0,1634,1622,12,11
3591,59,0,-1.498,0,20039,20018,1,1
3592,-11,-2.662,0,0,440,443,17,17
3593,,,,,0,0,0,0
3594,-16,0,0,-0.151,4377,4382,0,0
3596,0.656,58,-50.981,-1.946,731,737,64,64
3597,3,0,0,-0.693,1658,1634,6,6
3605,1700,0,-46.095,122.357,10758,10564,179,228
3607,39,0,0,0,3880,3892,0,0
3609,-1,0,0,0,13,26,0,0
3611,21,0,0,0,179,178,0,0
3615,-417,0,0,-2.822,3658,3680,49,29
3617,-19.18,-4,1.141,1.887,1755,1748,28,27
3622,72,0,3.786,0,1651,1698,0,0
3623,17,0,0,-0.33,741,734,32,34
3624,27,0,4,1.073,2069,2103,7,7
3625,299,0,103,-0.631,0,0,0,0
3628,12,0,0,0.012,1140,1064,1,1
3630,39,0,11,0.754,3898,3615,299,373
3631,4,0,0,0,1184,1184,0,0
3632,,,,,0,0,0,0
3645,-1978.985,0,-120,-196.114,11862,12078,821,915
3646,,,,,1709,1711,0,0
3652,-19,0,-0.025,0,1045,1038,0,0
3653,-55.52,130.42,31.036,33.444,854,689,131,87
3661,-348.989,-38,-8.7,-11.139,4812,4833,257,310
3663,117.045,0,0,-2.987,4207,4184,34,31
3664,-1,0,0,0,0,0,0,0
3665,-1444.174,-590,42.78,-20.348,4677,4591,129,138
3666,-1,0,-0.001,0,1427,1427,0,0
3669,-2,0,0,0,947,946,0,0
3672,,,,,731,754,0,0
3673,-250,0,-6.043,-10.933,9386,9479,108,126
3675,12,0,0,0.037,1346,1361,15,15
3679,-7,0,-2,0,221,222,1,5
3680,-178.99,0,4.7,-3.679,2986,2973,84,88
3685,0,0,0.994,0,838,862,0,0
3686,15,0,0,0,0,0,0,0
3687,-36,0,0,0,1201,1184,9,9
3689,-500,0,27,266.21,7916,7765,237,226
3691,-51,0,34.059,-15.419,1929,1956,118,231
3693,1,0,0,-0.073,2219,2220,0,6
3694,76,421,0,-3,3746,3678,474,491
3701,-1376,0,0.45,0,6033,5474,60,25
3702,343.116,-229.016,-0.001,46.865,1578,1580,67,68
3703,-234,0,3.056,0,1399,1412,0,0
3704,179,0,-0.233,0,9002,8997,67,69
3705,-39,0,-7,8.041,1075,1042,0,0
3706,-2714.705,147,-676.829,-1761.417,45511,45997,29,2003
3707,-3188,0,96.016,-163.302,8966,9066,1261,1163
3708,374.005,0,19.218,4.68,14054,13745,909,463
3709,37,0,-3,0.379,7797,7738,41,42
3710,-60,0,0,0,0,0,0,0
3711,-767.225,106.403,26.303,80.925,5337,5380,204,223
3712,-366,-2.7,0.854,2,5620,5610,161,158
3713,-10,0,0,0,,,,
3714,-791,-1.687,19.978,0,12789,12692,50,55
3715,2508.102,1471,195.297,331.224,36165,34498,5376,4821
3716,-10,0,-1,0,760,769,0,0
3717,-18,0,0,0,7969,7953,2,2
4102,-4,0,0,-0.149,370,372,0,0
4104,-22,0,0,0,82,82,0,0
4105,51,0,0,-0.012,1117,1115,3,3
4106,3,0,1.681,0,485,485,0,0
4107,8,0,0,0,225,220,0,0
4108,1,0,0,0,0,0,0,0
4109,19,0,0,0,4162,4140,0,10
4111,-272,0,0,0,956,944,0,0
4113,-94,0,0,0,12320,12309,0,7
4114,-28.698,0,-80,-6.188,3483,3511,19,21
4116,-2,0,-1,0,209,209,0,0
4119,10,0,1,0,562,565,0,0
4120,-10,0,0,-2,1334,1328,0,0
4121,16,0,0,0,585,582,0,0
4123,456,0,63.72,7.026,10404,10419,17,18
4126,-7,0,0,0,749,749,0,0
4127,7,0,0,0,499,511,9,9
4128,236.979,0,14,0.16,7874,7915,34,24
4129,81,0,0,26.453,1168,1127,13,13
4130,13,0,0,-0.077,1195,1191,0,0
4133,-9,0,0,0,787,787,0,0
4137,181,0,-0.788,0,1195,1191,0,0
4138,,,,,77,78,0,0
4139,,,,,752,752,0,0
4142,496,0,2,0.011,4164,4265,27,27
4147,112,-153,-0.503,-2.436,8126,8022,41,42
4148,-5,0,0,0,577,577,0,0
4153,-3,0,0,0,3688,3619,0,0
4155,-20,0,0,0,782,768,1,1
4157,672,0,0,-0.776,4330,4359,100,100
4160,0,0,0,-0.323,,,,
4161,-25,0,0,0,1023,1025,0,0
4162,-252,0,8,0.894,3676,3674,47,49
4163,,,,,38,38,0,0
4164,1111,0,-1.097,-33.018,8899,8875,28,32
4166,1,0,0,0,,,,
4167,123,0,0,-0.454,9521,9503,0,0
4168,-2,0,0,-0.269,841,841,0,0
4171,2,0,0,0.33,1090,1103,2,2
4173,-2,0,0,0,1118,1072,0,0
4174,572,0,0,-0.077,5226,5236,103,103
4175,-1,0,0,0,39,39,0,0
4188,1,0,0,0,,,,
4190,,,,,557,557,0,0
4198,1,0,0,-0.952,,,,
4205,0,0,0,-0.189,6,7,0,0
4207,-53,0,1,0,1007,1005,1,1
4303,-583.319,0,0,-39.193,8066,7944,156,258
4304,,,,,0,0,0,0
4305,,,,,19,19,0,0
4306,-594,0,-37,0,3710,3718,1,1
4401,0,0,0,0,587,587,0,0
4402,18,0,0,0.033,,,,
4406,-1,0,0,0,501,501,0,0
4413,1,0,0,0,209,211,0,0
4414,13,0,0,0,0,0,0,0
4416,,,,,105,105,0,0
4417,67,0,-59,-0.001,328,332,0,0
4420,-24,0,0,-0.037,177,189,1,1
4426,0,0,0,0,1140,1138,0,1
4430,2,0,0,0,151,151,0,0
4432,6,0,0,0,397,395,0,0
4433,-12,0,0,0,71,73,0,0
4438,1,0,-2,0,591,590,0,0
4439,3,0,0,0,328,329,0,0
4440,-6,0,0,0,485,498,0,0
4502,0,0,0,0,857,858,0,0
4503,144,0,0,0.12,3182,3167,109,116
4506,95,0,-1,-0.357,42,39,0,0
4510,-223,0,0,-39.848,11914,11545,1417,1504
4513,30,0,0,-0.334,3087,3104,82,99
4523,10,0,0,0,706,721,1,1
4526,-28,0,1,-4.564,13345,13138,1426,1477
4527,0,0,0,0,351,352,0,0
4528,-11,0,0,0,45,45,0,0
4529,,,,,0,0,0,0
4530,,,,,0,0,0,0
4532,-674.911,0,3.109,-1.001,5131,5088,16,4
4533,-332,0,0,0.335,7992,8002,18,28
4534,-162,0,0,0,0,0,0,0
4535,,,,,124,124,0,0
4536,44,-31,0.815,0,447,458,0,0
4538,1,0,0,0.002,307,307,0,0
4540,-601.095,0,-5,0,5923,5797,332,307
4541,-235,0,0,15.435,6188,5795,307,191
4542,,,,,3335,3330,11,10
4543,-12,0,0,0,1768,1771,2,2
4545,-30,0,0,0,1242,1242,2,2
4549,94,0,0,19.888,1142,1171,0,0
4550,-1,0,0,0,557,557,0,0
4551,38,-270,0,2.99,3370,3326,181,180
4552,-33,0,-52,0,1690,1704,0,0
4554,52,0,0,0,,,,
4555,-713.201,0,-66.615,0,3369,3729,615,296
4556,,,,,838,838,0,0
4557,-21.975,0,-4.367,0,506,456,3,2
4558,1,0,0,0,441,441,0,0
4560,-17,0,3,0,351,348,0,0
4561,-142,0,0,-31.85,2553,2542,34,41
4562,-24.971,0,0.535,0,3249,3258,548,546
4563,-25,0,0,0.527,1375,1390,0,0
4564,-281,0,-15.975,0,6968,6412,78,64
4566,-113,0,0,0.297,5489,5466,39,40
4568,1,0,0,0,34,40,0,0
4569,18,0,-0.106,0,813,811,3,5
4571,111.09,0,-21,5.584,2102,2133,36,46
4572,-8.975,0,0,0,620,618,1,1
4576,-252,0,0.568,-30.057,4221,4169,62,62
4577,-28,0,0,-0.681,1464,1459,33,42
4580,3,0,0,0,82,82,0,0
4581,1,0,-1,0,91,97,0,0
4583,-114.992,0,0.351,-2.313,1804,1864,201,205
4588,6,0,0,0,230,228,0,0
4609,,,,,0,0,0,0
4702,-17,0,0,0,3406,3381,0,0
4706,2,0,0,0,236,236,0,0
4707,-7,0,0,0,2425,2392,0,0
4711,,,,,238,247,0,0
4714,240,0,0,-21.842,7600,7580,16,17
4716,2,0,0,0.096,4059,4104,0,0
4720,117,-0.511,-2,0,2447,2481,0,0
4721,-44,0,0,-13.259,2900,2923,122,123
4722,-108,0,1,-180,10402,9748,476,529
4726,138,0,0,0,1790,1790,0,0
4728,-1,0,0,0.069,1832,1832,0,0
4729,638,0,0,0.35,3123,3205,183,149
4735,-1,0,0,-0.001,224,223,0,0
4736,-15,0,192.439,0,448,450,0,0
4737,3,0,0,0,613,613,0,0
4739,-80.99,0,-1.342,0,1827,1864,42,37
4741,-4,0,0,-0.089,413,379,0,0
4743,148,0,-10,-4.127,9746,9789,139,136
4744,139,0,6,0,5331,5345,138,139
4745,-20.993,0,0,0,230,230,3,3
4746,443,0,0,0.355,2687,2701,2,0
4747,1,0,0,0.351,1550,1549,0,0
4749,201,5,-16,29.779,1881,1891,4,7
4754,,,,,166,165,0,0
4755,-30,0,0.998,0,460,492,9,9
4760,42,0,-2,51.476,1258,1201,4,1
4763,-3228.133,22,1,5.718,45206,44715,2968,1831
4764,-10,0,0,0,118,118,0,0
4766,-380.141,-58,1,3.121,1896,1943,2,11
4767,,,,,16,16,0,0
4768,-70,0,-10,18,1788,1775,82,84
4770,-117,0,0,-33.037,1380,1403,9,12
4771,5,0,-3,0,776,777,0,0
4772,-393.847,0,-34,-76.897,4575,4899,36,39
4804,,,,,0,0,0,0
4806,,,,,0,0,0,0
4807,4,0,0,0,678,677,15,20
4903,20,0,0,0,789,789,0,0
4904,-493.466,-190.08,2,54,704,673,58,51
4905,,,,,133,133,0,0
4906,30,-5.28,0.614,0.24,11365,11405,64,63
4907,-9,0,0,0,534,534,4,4
4908,-54,0,0,-56.229,4528,4517,47,21
4909,-100,0,0,-5.676,6762,6727,3125,3157
4911,1.999,0,0,0,217,217,0,0
4912,-11,0,0,-0.034,2843,2792,1,1
4915,74,-24.69,-20,-4.001,2329,2367,36,34
4916,-2442.741,0,-79.305,0.374,16299,17096,3511,3709
4919,-465,-1,7.595,-0.24,5485,5463,48,42
4923,-3,0,0,0,484,482,0,0
4924,1,0,0,0,0,0,0,0
4927,337,122,0,0,19045,19198,0,0
4930,-7,0,0,0,2951,2942,0,0
4931,959.05,0,49,-42.221,8294,8004,2686,2838
4933,-87,0,0,-0.436,1312,1317,13,15
4934,-122.95,0,0,0,19,19,0,0
4935,-12,0,0,0,486,486,1,1
4938,-2878.874,265.38,-13.169,236,2885,2851,47,49
4939,7,0,0,0,1946,2126,46,48
4942,-343,0,-19,0,966,955,7,0
4943,,,,,0,0,0,0
4945,15,0,0,0,361,372,0,0
4946,14,0,0,1.994,,,,
4949,-160.985,0,-28,0,4207,4160,306,284
4950,-4,0,0,0,,,,
4951,75,0,0,-70.307,758,768,0,0
4952,62,0,-2,0,1712,1749,2,5
4953,25,-1.39,1,-3.086,1116,1131,3,3
4956,-35,0,-0.001,0,6954,7068,70,71
4958,-595.005,3681.963,320.873,-206.352,20750,20563,534,446
4960,-343,0,25.855,0,14239,14037,23,29
4961,-5,-4.1,0,-0.494,1640,1662,24,20
4966,-275.607,51,-18,-75.744,4464,4608,10,6
4967,437,0,0,-5,5824,5817,168,117
4968,110,0,0,-13.605,6405,6661,1,84
4971,-175,0,0,-24.485,5244,5198,474,493
4972,0,0,0,0,68,69,0,0
4973,5,0,0,0,1938,1929,28,29
4974,-28,0,0,7.223,2004,2021,13,16
4976,-55.281,0,-1,0,2934,2799,115,114
4977,-32.22,0,0,-5.441,9136,9207,309,340
4979,99.07,0,0,-27.168,18525,18576,371,371
4987,-1,0,0,0,110,111,0,0
4989,-14,0,1,0,6043,6079,1797,1142
4991,19,0,-7,84,10030,10060,3871,3905
4994,-6,0,0,0,1546,1546,2,2
4995,,,,,2191,2191,0,0
4999,10,0,-0.646,0,367,370,0,1
5007,-40,0,-2,0,88,88,0,0
5009,-544,0,10.19,-3.104,8440,8480,95,96
5011,3,0,0,0,5179,5173,0,0
5013,1,0,0,0,48,48,0,0
5014,9,0,0,0,4747,4783,56,53
5015,5,0,0,0,325,325,0,0
5016,,,,,90,90,0,0
5201,48,0,0,0,4271,4264,31,32
5202,-86,0,0,0,3039,3037,0,1
5203,25,0,2,0,2317,2330,0,0
5206,-1,0,0,0,650,648,0,0
5209,1,0,0,-0.262,,,,
5210,40,0,0,-0.639,0,0,0,0
5211,-6,0,-0.009,0,252,255,0,0
5212,-3,0,0,0,65,64,0,0
5213,-313,0,0,0,3276,3250,9,9
5215,-22,0,-0.037,0,802,793,0,0
5220,-1,0,0,0,181,161,0,0
5222,-113.352,0,0.567,6,2420,2317,22,22
5223,-2,0,0,0,218,218,0,0
5225,64.03,0,0.579,-0.126,2458,2698,101,100
5227,14,0,0,-0.33,,,,
5228,1,0,0,0,29,29,0,0
5230,-27,0,0,-0.107,2220,2215,0,0
5234,142.52,139,-13.325,20.848,3036,3172,347,345
5236,-61,0,0,0.064,415,415,5,5
5243,-98.03,0,2,0.13,7684,7557,84,85
5244,-494,0,-1,0,3853,3858,272,420
5245,-188,0,0,-0.89,1414,1363,62,113
5251,-819.08,0,0,-0.195,3104,2944,820,838
5258,72,0,0,-2,5628,5669,213,237
5263,-2,0,0,0.052,2579,2584,2,2
5269,-66.484,-22,1.1,21.132,1006,1000,5,21
5272,15,0,0,-0.177,895,890,3,3
5274,-55.354,92,-0.365,-6.924,167,181,22,19
5278,-37,0,0,-0.154,1518,1526,31,30
5283,-15.999,0,0,0,60,58,0,0
5284,1789.369,0,51.797,-87.585,3782,3782,261,182
5285,-3,0,1,0,762,788,3,3
5287,10,0,0,0,41,41,0,0
5288,-5,0,0,0,1099,1095,4,3
5289,-51.52,0,24,-5.052,863,863,0,0
5291,0,0,0,0,3793,3796,0,0
5292,-5,0,1,0,353,347,1,1
5299,0,0,0,-0.038,187,195,0,0
5301,-1,0,0,0,0,0,0,0
5302,-33,0,18,0,0,0,0,0
5306,-34,0,0,0,479,478,0,0
5309,605.015,15,-165,-177.217,17475,18874,3386,3567
5310,6,0,0,0,0,0,0,0
5312,31,0,0,2,755,760,3,3
5314,-384,-1,0,0.231,16556,17398,1906,1964
5315,-87,0,0,0,2248,2245,4,4
5321,-2,0,0,0,1800,1799,52,52
5324,-9,0,0,0,0,0,0,0
5328,-154,0,0,0,2576,2680,3,1
5340,428,0,0,-120.479,4222,4252,333,334
5344,2,0,-0.84,0,0,0,0,0
5345,,,,,0,0,0,0
5347,-165.789,392.55,-20,65.843,3352,3414,316,310
5351,-2010,0,0.06,-0.256,9658,9695,485,516
5353,-2,0,0,0,934,930,17,17
5355,-30,0,-1,0,0,0,0,0
5356,28,0,0,0,4858,5303,0,0
5371,2355.223,-154.4,-70.363,197.384,37943,36760,2458,2306
5381,-181,0,0,0.463,0,0,0,0
5386,-26.961,0,0,0,1920,1929,12,9
5388,-85.055,0,-0.017,-3,3057,3082,54,56
5392,-1062.735,0,-75,-130.293,5722,6406,191,300
5398,-14,0,0,-0.001,2029,2029,2,3
5403,5,0,0,0,52,52,0,0
5410,8,0,0,0,2600,2619,0,0
5425,101,-2.87,14,-1.564,4624,4613,25,25
5426,-39,0,0,-2.087,4495,4534,15,13
5432,-22,0,0,0,821,815,4,4
5434,-56,-4,1.059,0,735,738,5,5
5438,-161,0,0,-1.13,1865,1654,1,6
5439,-666,270,-21,-0.392,15292,15865,451,525
5443,-251,0,0,-25.547,6727,6734,197,220
5450,,,,,1600,1601,0,0
5452,-623,0,0,-2.415,5106,5104,36,46
5455,2,0,0,0,26,27,0,0
5457,-4,0,-6,0,3303,3339,85,85
5460,-94,0,0,-4,1505,1413,36,34
5464,-3,0,0,0,517,517,0,0
5465,-321.69,0,0,-2.486,1894,1902,14,10
5468,-1,0,0,0,0,0,0,0
5469,139.432,-1,5.547,-104.15,10160,10239,255,266
5471,-303,0,-3.644,0,2384,2375,11,14
5474,-51,0,0,2.058,1505,1514,5,23
5475,298.02,0,0,-0.101,0,0,0,0
5478,35,0,0,0,473,462,0,0
5481,,,,,6723,6944,0,0
5483,-588.95,793.664,-1.306,-120.307,12698,12716,91,91
5484,11,0,0,0,0,0,0,0
5487,1,0,0,0,1499,1496,0,0
5488,-63,0,0,-0.167,2781,2792,1,1
5489,-22,0,0,-37.92,1513,1483,2,4
5490,74,0,0,0,2901,2882,0,0
5493,79,0,0,-0.001,2006,2015,10,8
5498,-6993.07,0,-468,-0.429,7886,11185,2030,2501
5508,-173.95,-5,0,-0.25,1511,1499,490,491
5511,5,0,0,-1,891,885,0,0
5512,-86,0,0,0,7041,7036,3,4
5514,,,,,102,104,0,0
5515,-58,0,0,0,1379,1365,3,9
5516,,,,,963,963,0,0
5519,-79,0,-0.236,0,1746,1747,5,5
5520,,,,,6,6,0,0
5521,3856,0,-5.001,0,8346,8395,238,187
5522,-126,0,5,-2.014,1452,1452,13,13
5523,-3,0,0,0,101,101,0,0
5525,1,0,0,0,322,322,0,0
5529,2,0,0,0,1123,1122,0,0
5530,553,0,0,0,4481,5390,32,34
5531,-126,0,-3,0,5651,5684,72,149
5533,-14,0,2,0,360,348,0,0
5534,-844.933,0,90.21,-7.068,3167,3114,0,4
5536,64.825,367,10.596,6.511,1272,1385,98,99
5538,-14,0,-1,0,92,92,0,0
5543,,,,,72,72,0,0
5546,-1,0,0,0,22,22,0,0
5548,-2,0,0,0,36,36,0,0
5601,,,,,0,0,0,0
5603,-2,0,0,-0.013,5108,5106,0,0
5604,1,0,0,0,113,113,0,0
5607,128,0,-1,0,2212,2243,6,6
5608,1273,0,-63,-145.23,8430,8929,556,567
5609,-19,0,-1,0,250,249,1,1
5701,,,,,0,0,0,0
5703,,,,,0,0,0,0
5704,-1,0,0,0,130,130,0,0
5706,0,0,0.538,0,1034,1048,10,10
5864,45.29,0,0,0,4782,4782,7,7
5871,-610.287,-12,3,11.435,6036,5981,61,61
5876,-2458.927,-43.098,-65.805,68,602,585,47,41
5880,-7369.978,-99,10.663,-31.993,1220,1226,3,4
5902,3,0,0,0,4200,4200,0,0
5903,-15.97,-2,3,0,36,43,0,0
5904,-50.416,-2,0,0.609,159,170,2,2
5905,-396,0,0,-0.071,4549,4619,1,6
5906,,,,,279,279,0,0
5907,-47,0,-2,0,2454,2393,7,7
6005,-1113.931,-18.518,0,0,2173,2387,95,93
6015,4,0,0,0,2953,2896,42,42
6016,-129.35,0,0,0,1563,1556,0,5
6020,,,,,83,83,0,0
6021,0,0,0,0,385,380,0,0
6023,-10,0,0,0,173,173,0,0
6024,-26,0,-1,0,86,86,1,1
6026,3,0,0,0,2593,2598,0,0
6101,-6,0,0,0,9535,9536,0,0
6103,,,,,0,0,0,0
6104,-109.95,-199,0,-1.103,6240,6270,221,196
6108,-70,0,0.99,0,2218,2217,0,0
6109,,,,,607,607,0,0
6111,11,0,0,0.305,2743,2719,8,19
6112,-427,0,0,-25.219,5158,5154,20,23
6113,3,0,0,0,2264,2260,13,14
6114,3,0,0,-0.132,1307,1311,0,0
6115,-13,0,1,0.079,22,48,0,0
6116,-2053,0,-30,-37.667,26645,26178,207,240
6117,-181,0,-4,-6.413,4505,4518,564,567
6118,-303,0,-104,-1.485,2202,2140,66,64
6120,-322,0,1,0,8206,8242,43,44
6121,45.4,3.63,8,2.865,395,381,2,2
6122,62,0,0,-0.032,1475,1498,33,33
6123,-1,0,0,0,195,194,0,0
6124,-7,0,0,0.278,388,394,1,1
6125,-278.96,0,0,-65.024,13612,13749,912,935
6126,-37,0,0,0,3024,3017,41,40
6127,3,0,0,-0.031,3829,3841,22,26
6128,16,0,1,0,266,266,16,16
6129,-24,0,0,0,979,980,0,0
6130,-11.998,0,0,0,,,,
6133,-142,0,0,0,4330,4709,92,94
6134,52,0,-5,0.924,3861,3868,118,121
6136,16,0,1,0,3737,3738,0,0
6138,-46,-15.85,0,0.542,1717,1711,2,4
6139,1975.631,123,12.273,-63.032,6639,6865,273,274
6140,213,0,-40,-0.314,3334,3374,281,286
6141,24,0,0,0,1821,1948,28,50
6142,55,0,-7,0,0,0,0,0
6143,275,0,68,89.548,10094,9915,104,100
6144,,,,,0,0,0,0
6146,-8,-1,0,1.939,341,340,0,0
6147,-28,-24.357,2.355,-1.107,3420,3389,16,16
6148,1014.01,0,0,-9.642,4316,4312,996,1444
6150,76,0,0,0.065,1775,1786,76,77
6151,103,0,0,0,1874,1882,1,1
6152,-55,0,0,0,0,0,0,0
6153,828,0,-21.771,0,15200,15866,1181,1086
6154,,,,,228,228,0,0
6155,-3,0,0,0,1155,1154,0,0
6156,-146,0,0,-0.693,5934,5954,37,37
6158,-2,0,0,0,846,847,0,0
6160,1,0,0,0.495,1343,1354,0,0
6161,5,0,0,0,814,816,0,0
6163,-110,0,0,0.906,3820,3842,30,30
6164,-2,0,0,0,5038,5041,0,0
6165,258,0,-0.706,0,16750,16629,14,14
6166,-265,0,1.226,-5.698,3659,3657,61,67
6167,-43,0,0,0,3615,3618,1,1
6168,-99,0,0,0,3191,3168,10,11
6169,-1,0,0,0,,,,
6170,5,0,0,-0.002,4130,4174,2,2
6171,-4,0,0,0,112,107,0,0
6173,61,0,-2,-10.253,2835,2840,2,2
6174,0,0,0,0.008,509,511,0,0
6175,-92,0,0,53.731,2998,2948,15,14
6176,16,68.874,0.859,7,1312,1314,90,90
6177,-71.95,0,3,0,3386,3418,381,380
6179,-119,0,0,0,11443,11443,3,3
6180,71,-0.884,0,0,1533,1519,91,91
6182,-422,0,7.387,-26.294,8987,9095,519,598
6183,-15,0,0,6,49,56,0,0
6184,-5,0,-7,0,1044,1046,120,122
6185,-112,0,0,0,2650,2647,0,2
6186,46,0,0,3.05,1000,1002,80,82
6187,-206,0,-20,-26.831,4935,5017,86,96
6188,-1914.89,0,173,305.678,9016,8059,92,16
6189,-158,-2.26,4.416,0,3182,3178,87,89
6190,1544,0,-44.788,-73.413,10493,11303,1617,1690
6191,644.4,-450,-22,-186.963,14173,14441,538,559
6192,26,0,9,0,598,665,0,0
6194,-13,0,0,0,2604,2612,0,0
6195,,,,,40,40,0,0
6196,-334,-235,-20.53,-25.235,1760,1770,193,253
6197,-477.842,28,39.212,-3.315,5176,5105,269,277
6198,0,0,0,0,,,,
6199,-50,0,-0.901,-5.86,820,796,8,8
6201,-7,0,0,0,40,44,0,0
6202,-117,0,0.478,-2.915,3077,3049,34,35
6203,-2,0,-2,-0.245,744,748,3,4
6204,5,0,0,0,786,786,11,10
6205,-43,0,0,0,2158,2162,5,5
6206,-301.957,-4,2,-0.4,5207,5256,5,5
6207,-302.96,0,-1,30.963,5151,5105,59,60
6208,5,0,0,-1,720,718,0,7
6209,743.2,0,0,0,5686,5856,143,133
6210,,,,,213,213,0,0
6212,0,0,0,0,44,44,0,0
6213,1633,-49,280,435.3,21324,22805,1254,1531
6214,-2,-1,-0.02,-2.216,1604,1611,12,11
6215,-455.368,0,-1,-1,6480,6532,1959,1958
6216,4,0,1.402,0,809,815,0,0
6217,266.025,0,0,-7.433,6548,6592,127,142
6218,28,0,0,-1.14,1190,1212,0,0
6219,-1,0,0,-0.001,5858,5860,1,0
6220,4,0,0,0,1425,1425,14,14
6221,-17,0,0,0,2601,2593,3,4
6222,-1,0,0,0,14,13,0,0
6223,-130.825,328,9.5,-17.378,1901,1896,249,246
6224,-57.9,0,0,0,809,783,2,5
6225,,,,,0,0,0,0
6226,2,0,1,0,0,0,0,0
6227,-119.994,0,0,-1.827,3449,3436,0,68
6228,0,0,0,-0.113,324,324,48,48
6229,-1,0,0,0,1217,1226,2,2
6230,15,0,-12.191,0,625,620,0,0
6231,-153,0,0,-5.004,3197,3240,11,10
6233,4,0,0,0,3661,3638,19,19
6234,-68,0,0,0,3130,3147,69,164
6235,45.057,0,-2,-4.417,5381,5329,227,215
6237,-141,0,0,-21.028,4216,4179,217,234
6239,242,22.25,4.161,26.595,2501,2509,14,19
6240,,,,,1071,1074,0,0
6241,-4,0,0,0,0,0,0,0
6243,18,0,1,0,1742,1746,0,0
6244,-483,0,0,2.623,8789,8627,31,34
6245,-3,-1.76,19,-0.61,2496,2494,4,4
6246,-86,0,0,-0.194,1367,1572,1,3
6248,78,0,0,0,934,899,0,0
6257,497,-339,-26.006,13.046,4719,4741,98,97
6261,-57,0,0,-0.02,1075,1083,0,0
6263,0,0,0,-0.278,318,318,1,1
6264,,,,,0,0,0,0
6265,-47,0,13,0,3646,3670,3,14
6266,18,0,0,0,687,691,3,3
6269,724,0,41.65,2.185,5263,6282,556,566
6270,2,0,0,0,1676,1681,0,0
6271,111,0,3.797,-1.383,3978,3990,25,26
6274,-761.901,258,-222.658,9.558,11960,11846,2645,2639
6275,-182,0,-0.453,2,2198,2199,22,22
6276,89,0,0,0.318,987,1012,20,24
6277,-7,0,-2,-1.108,218,218,0,0
6278,-87,68.76,0.401,4,3081,3078,24,24
6279,22,0,85.168,4.885,3690,3689,12,12
6281,1,0,0,0,5,7,0,0
6282,238,0,46.981,6.395,16488,16515,300,234
6283,5,0,0,-4,2044,2043,16,18
6284,-125,-1,0,9.102,5079,5040,4,4
6285,-740.969,128,15.381,-5.566,5903,6069,21,22
6290,-65,-4,-19,-86.102,11568,11814,2410,2425
6291,-2,100,24,-0.002,1221,1300,24,17
6292,4,0,0,0,337,337,0,0
6294,1,0,0,0,145,146,0,0
6405,-26,0,-4,0,2981,2958,20,20
6409,-97.176,-1.009,-0.834,-0.218,276,257,2,2
6411,20,0,-2,-0.215,1105,1110,1,1
6412,-132,-13,0.036,0,880,881,27,29
6414,-173,-50,0.757,-20.589,1571,1566,105,108
6415,85.884,-147,1,-8.385,3316,3303,97,103
6416,-16,0,0,0.602,2800,2794,4,4
6417,2,0,0,0,2252,2240,98,84
6418,,,,,2024,2141,36,56
6419,-4,0,0,0.209,,,,
6423,-6,0,0,3,63,63,0,0
6425,58,0,0,-0.004,4607,4604,149,151
6426,-142,0,0,0,1298,1277,26,39
6431,-15,0,0,0,0,0,0,0
6432,-4,0,0,0,642,646,0,0
6435,-23,0,0,-0.212,853,855,0,0
6438,247,19,-10.458,-52.702,5540,5753,62,65
6441,21,0,0,0,984,988,23,23
6442,622.072,-130,-104.594,-9.576,4807,5179,730,839
6443,-1315.589,0,-84,-100.499,14137,13945,611,639
6446,-606.434,0,4.709,0,5907,5791,2,2
6449,34,0,-43.534,46.837,5884,5065,100,105
6451,-124,0,-3,-35.986,4681,4694,130,156
6456,-131,0,0.984,2.385,4925,4631,79,69
6461,31,0,0,-0.347,0,0,0,0
6462,87.999,0,0,-34.426,5459,5445,618,643
6464,-1,0,0,0,7,7,0,0
6465,,,,,0,0,0,0
6469,-336.9,0,0.661,-18.906,687,699,1,0
6470,3,0,0,-0.674,1052,1053,1,1
6472,-13.873,0,9.9,-0.086,2983,3010,51,52
6477,274,0,11.504,0,3270,3238,313,343
6482,-9,0,0,0,,,,
6485,-11,0,0,-0.215,2497,2500,0,0
6486,-14,0,0,0,104,106,0,0
6488,-368.984,5.994,-6,-37.066,5204,5197,183,185
6491,83,0,0,12.299,1195,1214,0,0
6492,-26,0,0,0,926,935,7,7
6494,-3,0,0,-0.372,775,771,0,0
6496,1,0,0,0,89,89,0,0
6498,-16,0,0,7,,,,
6499,-37,0,0,24.103,7017,6994,884,941
6504,-10,0,0,0,20,21,3,3
6505,171.549,77,54.815,139.816,8811,8839,834,749
6506,-2,0,-1,0,319,321,0,0
6508,-1,0,0,0,95,94,0,0
6509,80,0,14,0.038,2937,2965,24,24
6510,-56,165,-1.906,5.202,618,697,46,45
6515,138.049,-38.5,-17.145,-14.68,1220,1262,21,32
6516,-37,0,0,0,866,862,0,0
6517,-178,0,0,0.623,3154,3129,17,17
6523,-12,0,0,-0.084,103,84,0,0
6525,-49,0,-1,0,774,760,0,0
6526,-16,0,1,0.037,1162,1161,2,2
6527,0,0,0,0.016,,,,
6530,-218,0,-27,0.185,2969,2908,110,100
6531,-94.98,1,12,-11.527,8529,8551,56,49
6532,-8,0,0,0,2650,2649,1,1
6533,37,0,-0.024,2.439,2458,2463,93,92
6534,-8,0,-1,6.398,1548,1458,0,0
6535,-290.03,0,7,-11.183,,,,
6538,19,-0.156,-1,-0.054,891,894,15,15
6541,351,0,-1,0,1865,1798,6,6
6542,2,0,0,0,76,76,0,0
6546,-7,0,0,0.198,6133,6173,31,37
6547,78,0,2,-7.973,5523,5528,96,95
6548,-353,0,0,0.999,6237,6229,0,1
6550,171,0,-2.975,0,254,269,0,0
6552,-16,0,0,0,2105,2087,2,4
6556,-1,0,0,0,,,,
6558,-61.985,0,-55,0.874,5818,6259,599,620
6560,66,0,0,0,,,,
6561,5,0,0,-0.029,311,315,0,0
6568,5,0,0,-0.018,402,405,4,4
6569,12,0,0,0,230,233,0,0
6570,5,0,0,-0.049,635,637,0,0
6573,-8,0,-1,0,0,0,0,0
6574,3,0,0,0,,,,
6576,9,0,0,0,,,,
6577,21,0,0,0,168,168,0,0
6578,-28,0,0,0,2083,2083,5,5
6579,8,0,0.962,0,540,574,4,1
6581,-6,0,-1,0,33,33,0,0
6582,-5,0,0,0,276,275,0,0
6584,-50,0,0,7.988,2059,2187,198,197
6585,6,0,0,-0.003,1506,1506,2,2
6588,1,0,0,0,,,,
6589,171,0,-4,0,2644,2622,1,1
6591,252.029,0,3,0,4076,4214,91,96
6592,-38,0,3.983,3,388,418,0,0
6593,-9,0,0,-0.234,,,,
6596,97,0,0,1.955,1967,1839,96,105
6597,-1,0,0,0,,,,
6598,-8,0,1,0,0,0,0,0
6603,-42,0,0,0,3019,3039,0,6
6605,-71,0,-0.342,0,1904,1897,28,27
6606,1,0,-1,0,744,744,0,0
6609,-234,0,0,-0.018,2770,2756,100,37
6612,-1,0,0,0,382,396,0,0
6613,-82,-1.029,10,-0.686,564,569,0,0
6616,-2,0,0,0,249,246,0,0
6617,32,0,0,0,,,,
6625,4.02,0,-1.132,0,2020,2037,26,27
6629,1,0,0,0,487,489,0,0
6637,2,0,0,0,,,,
6640,-3.95,-50,0,4.074,,,,
6641,,,,,48,43,0,0
6642,,,,,854,853,0,0
6643,-84.48,0,0,-13.411,2921,2954,77,66
6645,0,0,-1,-0.303,43,43,0,0
6649,50,0,0,0.016,1083,948,0,0
6651,-19,0,0,0.321,416,417,6,6
6654,-4,0,0,0,1960,1953,15,15
6655,-2,0,-1,0,2,2,0,0
6657,-5,0,0,0,1379,1373,16,16
6658,38,0,-0.666,0,2030,2039,75,70
6664,-11,0,0,0.341,1189,1234,1,1
6666,-2,0,0.534,0,454,356,1,0
6667,-105.353,21,0,5.097,2418,2442,26,26
6668,-120,0,0,0,4369,4355,569,569
6669,-58.368,-63.001,-6,-23.939,1666,1643,61,63
6670,-88.546,-3.783,8,0,701,700,2,2
6671,0,0,1,0,26,27,0,0
6672,-63,0,-13.4,0,4320,4196,38,48
6674,-61,0,0,0,388,389,1,1
6679,-24,0,0,1.967,1919,1898,29,29
6683,-107,0,5,-28.471,,,,
6684,70,0,0,0.306,2332,2352,74,76
6689,-33,0,0,-0.003,1460,1473,14,14
6690,-7,0,0,-0.033,50,50,0,0
6691,39.15,1,-1,-0.014,959,961,24,24
6692,15,0,0,0.291,599,599,0,0
6693,9,0,0,0,2763,2787,19,19
6695,-40,0,0,0,4053,4035,198,196
6697,-4,0,-0.085,0,,,,
6698,5,0,-0.001,0,1661,1586,17,16
6703,-1,0,2,-0.104,182,183,0,0
6706,-458,0,0.074,-0.573,6872,6856,161,172
6712,-1,0,0,0,1112,1107,4,4
6715,-16,0,0,-0.05,2808,2795,0,0
6716,-15,0,0,0.528,360,360,4,3
6719,-50,0,-1,-0.127,2616,2617,8,7
6720,14,0,0,0,,,,
6727,83,0,0,0,,,,
6728,-3,0,0,-0.306,374,372,2,2
6732,6,0,0,-0.188,972,1007,12,12
6733,-3,0,0,0,,,,
6735,-1,0,0,0,346,347,2,2
6739,398.94,0,44.756,8.046,,,,
6741,-537,0,0,-0.075,1223,1190,2,1
6742,-488,0,0,0,2874,2673,26,41
6743,-31.083,0,-1,0,1178,1171,0,0
6752,49.707,0,6,7.727,775,786,0,0
6753,-329,0,37,55.867,3146,2892,62,67
6754,-6,-0.071,0,0,157,159,0,0
6756,-19,0,-0.03,0,887,885,8,10
6757,-108.71,-209,11,-1.186,6718,6683,1026,866
6761,379,0,0,46.998,2212,2463,18,20
6763,321,-1,2,3.041,2817,2891,3,4
6768,-177,0,-2,-1.081,2312,2350,37,45
6770,-220,0,14,-182.122,39603,39721,1975,2048
6771,,,,,132,132,0,0
6776,5,0,0,0,598,621,0,0
6781,-120.511,-147,-16.789,-18.346,1327,1277,163,171
6782,-13,-20,7,0.002,579,572,5,5
6785,29,0,8,-4.246,1022,1007,5,5
6788,13,0,0,12.952,3506,3539,175,182
6789,-262.833,0,-49,11.826,5733,5720,33,77
6790,-45,0,-2,0,464,464,0,0
6791,2,0,0,-0.16,,,,
6792,-2,0,0,0,534,564,0,0
6794,-2,0,0,0,,,,
6796,-1,0,0,0,224,224,0,0
6799,-42,0,-0.395,0,2940,2933,1,0
6803,4,0,0,0,19,22,0,0
6804,,,,,71,71,0,0
6805,8.754,3,-0.462,-30.126,1665,1649,115,116
6806,-574,0,1.923,1,5781,5719,77,37
6807,0,0,-1,0,242,243,5,5
6811,0,0,0,0,391,402,0,0
6821,-16,0,0,0,610,616,0,0
6823,10,0,0,0,,,,
6829,-14,0,0,-0.054,1708,1713,10,53
6830,44.2,0,0,-1.267,1815,1858,37,31
6834,-40,0,0,0,1702,1708,0,0
6835,41,0,0,0,712,695,1,1
6838,24,0,-1,0,1379,1413,1,11
6840,-5,0,0,0,,,,
6841,25,0,0,0.478,1581,1551,0,0
6843,-5,0,0,0,197,200,0,0
6844,1,0,0,0,,,,
6846,2,0,0,0,,,,
6854,0,0,1,2.387,5633,5618,28,33
6855,-1,0,0,0,,,,
6859,-5.994,0,0,-0.081,919,956,6,6
6861,9,0,-1,0,376,374,0,0
6862,1.33,0,0,0,258,276,9,6
6863,-60,0,-0.027,0,1008,1004,5,5
6865,0,0,0,0.006,,,,
6869,-641.945,0,0.459,26.302,4017,3839,64,38
6870,-2,0,-1,0,,,,
6872,5,0,0,0,,,,
6873,-2,0,-6,10.035,2888,2875,69,70
6874,1,0,0,0,,,,
6875,-26,0,0,0,,,,
6877,235.861,0,0,22.415,4094,4165,0,0
6885,216,0,0,0,1067,991,8,2
6887,2,0,-1,0,,,,
6890,419,-475,-2,-3.706,2215,2212,18,19
6894,7,0,0,0.088,,,,
6895,17,0,0,0,1953,1972,120,146
6899,,,,,9,9,0,0
6901,9,0,-2,0,2544,2544,2,2
6902,5,0,0,0,259,261,0,0
6903,33,0,0,0,210,206,0,0
6906,1,0,0,0,547,549,5,5
6909,38,0,0,0,,,,
6913,-54,0,-7.891,-4.164,838,863,2,2
6914,-9,0,0,0,427,427,0,0
6916,3,0,0,0,790,791,0,0
6918,-13,0,0,0,,,,
6919,-791.296,-25,-340.58,0,,,,
6922,-35,0,5,-19,,,,
6923,250,0,-1.506,0,2428,2306,6,3
6924,-3,0,0,-0.016,,,,
6925,-41,0,-0.013,-18.641,,,,
6928,-82,0,-0.027,0,942,933,77,76
6931,2,0,0,0,5,5,0,0
6933,-12,0,0.923,0,576,576,13,15
6936,5,0,-1,0,,,,
6937,-209,0,0,-0.078,1093,1095,4,5
6944,59,0,5,0,,,,
6949,-6,0,-1,189,1203,1203,151,153
6951,-1,0,0,6,31,42,0,0
6952,-3,0,-1,0,24,27,0,0
6953,-1,0,0,0,47,48,0,0
6955,-0.219,0,0,0,,,,
6957,-23,0,0,-0.669,648,645,2,2
6958,-39,0,-3,0,30,30,0,0
6962,-1581,0,-8,-3.945,4665,4488,93,33
6965,-7,0,0,0,,,,
6968,,,,,438,454,0,0
6969,19,0,0,1,,,,
6982,28,0,-0.5,8.418,1455,1376,485,216
6988,0,0,0,-2,,,,
6994,-39,0,-0.524,0,744,729,1,0
6996,-6,0,0,0,74,72,0,0
6997,-3,0,0,0,,,,
7402,299.1,0,30,68.46,3058,3113,54,37
7547,-5,0,0.154,0,,,,
7556,-12,0,0,-1.835,,,,
7584,-14,0,0,0,,,,
7631,0,0,0,0,,,,
7642,-40,0,-0.285,0,,,,
7703,128,0,-1,7,443,469,12,14
7704,6,0,0,0,,,,
7705,-2,0,0,0,58,58,0,0
7712,-1,0,0,0,85,85,0,0
7714,34,0,3.634,0,,,,
7715,-3,0,0,0,14,15,0,0
7721,7,0,0,0,,,,
7722,-29.869,-1,-0.659,-18.373,634,605,12,12
7723,5,0,0,0,,,,
7728,2,0,0,6.542,,,,
7732,,,,,1,1,0,0
7734,-6,0,-2,0.3,,,,
7736,-23.001,0,0,0,,,,
7740,47,0,-26,1.115,,,,
7743,4,0,0,0,,,,
7747,4,0,0,0,,,,
7749,-50,4,-0.036,0,,,,
8011,-313,0,5,0,6053,6005,24,24
8016,12.002,-5.64,0.99,-0.001,1545,1546,8,8
8021,-1064,100,14,-21,24717,25410,3589,3551
8024,7,0,0,0,408,404,0,0
8027,216,0,-5,16.151,5120,5122,392,392
8028,-2616.985,-270,-33,-377.716,11020,11114,916,1027
8032,-15,0,8,-1.645,986,959,2,1
8033,-1868.07,0,229.664,-286.984,9549,8535,2127,1929
8034,146,0,0,-0.1,3143,3200,14,12
8038,166,0,3,0,,,,
8039,617.11,-9,53,-86.941,6065,6161,31,39
8040,14,0,0,0,1026,1025,17,17
8042,21,0,0,1.104,1035,1075,2,3
8043,-8,0,0,0,2648,2637,0,1
8044,-64,0,0,-0.045,2435,2435,61,61
8045,174,0,-5.084,13.89,4374,4194,120,114
8046,798.775,-201.28,86.2,153.605,7729,7426,2397,2396
8047,1,0,0,0,1059,1064,0,1
8048,-9,0,0,0,1965,1955,0,0
8049,22,0,0,0.545,522,521,8,8
8050,83,-2.29,0,2.121,3462,3464,35,30
8054,55.02,0,0,-5.152,10466,10543,615,668
8059,-70,0,0,-0.208,175,187,0,0
8064,-331.97,0,-0.399,-24.449,6044,6052,366,378
8066,-1,0,0,0,533,533,0,0
8068,-102,0,0,-1,1553,1554,3,3
8069,115.084,-184.083,40.349,-8.403,4383,4366,155,157
8070,88,-3.29,0.894,-0.178,7697,7930,46,46
8071,-100,0,0,0,1961,1994,16,16
8072,-188,0,0,-0.183,3330,3273,128,108
8074,469,0,0,0,3670,3610,192,200
8076,10,0,0,3.072,8971,9001,4,6
8080,,,,,0,0,0,0
8081,133,-3.6,-8,0.524,1130,1135,0,0
8083,2,0,0,0,128,128,0,0
8084,-4,0,0,0.231,,,,
8085,65,0,0,-0.007,7623,7819,63,79
8086,363,0,-11.218,26.537,3990,3917,0,0
8087,-3,0,0,0,9,7,0,0
8088,-278,0,0,0,4884,4978,203,205
8089,10.264,0,0,0.631,3792,3787,0,0
8091,17,-1.33,0,0,522,521,4,4
8092,2,0,0,0,,,,
8093,-2,0,0,0,0,0,0,0
8096,-577,0,0,-86.795,14307,14218,0,0
8097,8,0,0,-1.72,8965,8958,19,16
8099,0,0,0,0,9750,9753,15,15
8101,,,,,0,0,0,0
8103,1124,0,24.395,-40,3923,4412,34,55
8104,-114,0,-0.201,0,2632,2673,20,26
8105,-89,0,2,0,10962,10876,103,103
8107,-3,0,0,1.508,2715,2493,7,32
8109,-1,0,0,0.213,359,170,0,0
8110,153,0,1.659,0,9654,9698,4,4
8111,-527,0,0,-18.896,10389,10554,91,79
8112,-172.8,-10.756,2.952,-1.09,5230,5245,163,156
8114,77,-96,-0.274,2,1021,1006,72,70
8121,-162,0,0,-0.047,0,0,0,0
8131,9.4,0,-6.069,0,712,698,2,2
8147,32,0,8,-0.189,932,930,1,1
8150,-157.859,-6.7,0.087,-36,3793,3850,50,54
8155,141,0,5,-10.351,5060,5375,1048,1061
8162,4,0,0,4,,,,
8163,354,-3.68,0.074,0.52,1428,1406,7,8
8171,24,0,0,44,7777,7788,1367,1347
8176,-23,0,0,-0.418,0,0,0,0
8182,6,0,0,0,979,981,0,0
8183,21,0,0,0.286,1807,1807,5,6
8201,-7,0,1.665,0,0,0,0,0
8210,16.297,-74,-13,-9.734,2042,2043,333,335
8213,146,0,-3.309,0,2339,2401,4,4
8215,-265,0,1,0,1357,1352,5,5
8222,2361,0,96.763,0,4397,4584,285,138
8227,-42,0,0,-1.006,2829,2808,91,94
8234,155.26,0,0,-28.418,6644,6898,486,527
8240,-147,0,0,7.845,2055,2057,39,39
8249,-747,0,-10,-0.672,4926,4919,102,103
8255,-1,0,-0.1,-0.285,2036,2035,2,2
8261,58,0,-1,-0.988,2536,2531,26,26
8271,49,0,0.994,0,2241,2150,24,23
8272,-2,0,0,0,,,,
8277,-51,0,0,-0.194,0,0,0,0
8279,15,0,11,0,,,,
8284,-1,0,0,0,18,18,0,0
8289,-1,0,0,0,1748,1786,0,0
8299,27.04,-183,14.003,6.915,3495,3516,34,36
8341,-23,0,-1,0,246,247,0,0
8342,,,,,2,2,0,0
8349,-45,0,0,-0.268,1688,1695,10,3
8354,-2,0,0,0,529,529,0,0
8358,-204.916,0,509,243.505,44212,45259,11324,11522
8367,-41,0,0,0,121,121,0,0
8374,-180,0,0,-9.657,3124,3139,221,237
8383,76,0,0,-0.338,2239,2221,1,1
8390,368,0,-1,13.6,2077,2062,24,20
8401,-34,0,0,0,395,393,0,0
8403,-0.3,0,0,0,933,942,0,0
8404,-41,0,2,0,4937,4955,1,1
8410,-37,0,0,0,1804,1784,0,0
8411,-13,0,0,0,55,55,0,0
8415,-46,0,0,0,1060,1073,0,0
8421,15,0,0,0,491,477,0,0
8422,213,0,-102,1.374,937,875,140,140
8423,,,,,331,331,0,0
8424,-1,0,0,0,7,7,0,0
8426,-4,0,0,0,767,765,1,0
8429,22,0,0,0,8313,8319,0,0
8431,-95,0,0,0,5659,5670,25,27
8432,-6,0,0,-0.162,120,125,0,0
8433,-5,0,0,0,258,258,6,6
8435,21,0,0,0,47,47,0,0
8436,100,-76.058,80,-0.743,1430,1437,0,0
8437,0,0,0,-0.018,512,507,24,24
8438,-21,0,-2,0,798,742,0,0
8440,13,0,0,-0.153,1098,1102,2,2
8442,-7,0,0,0,679,673,1,1
8443,-1,0,0,0,106,106,0,0
8444,,,,,389,389,0,0
8446,2,0,0,-0.08,226,229,0,0
8450,-1,0,0,0,308,311,0,0
8454,-192.455,-0.093,-1,-3.769,687,686,5,0
8462,-7,0,0,0,818,813,4,4
8463,14,0,-1,0,828,833,0,0
8464,-161.09,-46,3,1.688,2153,2147,4,4
8466,-6,0,0,0,900,899,0,0
8467,-76,0,2.224,1.631,683,676,8,6
8472,13,0,-0.369,0,,,,
8473,-196,0,7,0,3056,3119,0,0
8476,8,0,-1,0,7642,7640,1,1
8477,,,,,0,0,0,0
8478,13.004,0,0,-0.019,1126,1128,20,20
8481,,,,,10,10,0,0
8482,3,0,0,0,220,215,0,0
8487,,,,,2,2,0,0
8488,,,,,36,36,0,0
8489,-19,0,-7,0.17,3029,3040,67,68
8499,-105,0,0,0,659,659,12,15
8905,0,0,0,0,80,80,0,0
8906,-1,0,0,0,254,254,6,6
8908,-5,0,0,0,56,56,0,0
8916,-32,0,-10,0,169,172,0,0
8917,0,0,0,-1,1,1,0,0
8923,-4,0,0,0,294,294,0,0
8924,-11,0,0,-0.231,490,488,0,0
8926,385.2,0,2.65,0,1183,1211,10,10
8927,-3,0,0,0,5686,5683,402,402
8928,-2,0,0,0,339,340,0,0
8929,-5,0,0,0,397,406,0,0
8930,15,0,0,0,767,766,0,0
8931,3,0,0,0,3362,3355,0,0
8932,-134.022,0,0,-203.53,15744,15636,181,236
8933,-3,0,0,-0.785,0,0,0,0
8935,,,,,0,0,0,0
8936,360.076,0,0,0,13358,13345,22,37
8937,-393,0,-7,-6.526,5888,5734,219,266
8938,-106,0,-0.266,0,1028,1021,7,2
8940,-1,0,0,0,108,106,0,0
8941,0,0,0,0,21,20,0,0
8942,-74.11,0,0,0,344,339,0,0
8996,394.872,593,180.195,-11.538,6057,5981,781,567
9103,-13,0,0,0,2285,2285,69,69
910322,5,0,0,0,0,0,0,0
9105,-3737,0,0,-6.668,49101,47615,0,37
910861,4,0,0,0,0,0,0,0
911868,-8,0,0,0,0,0,0,0
912000,58,0,0,0,4482,4444,0,0
9136,0,0,0,0,9142,9140,0,0
9802,-158,0,33.915,-3.461,1796,1827,32,32
9902,-308,0,0.999,0,3283,3169,13,10
9904,-1210.57,594,4.276,23,14742,14773,67,97
9905,-45,0,-1,0,156,153,4,0
9906,-8,0,1,0,477,476,37,37
9907,-168,-1,-16,-15.518,5616,5923,28,32
9908,-29,0,1.998,0,13,13,0,0
9910,114.757,0,1.658,-4,467,487,5,5
9911,-12,0,-1,0,384,385,0,0
9912,,,,,0,0,0,0
9914,-176.897,0,-3.176,-26,1612,1610,53,63
9917,-382,0,-1,0,135,126,0,0
9918,-3,0,0,0,4,4,0,0
9919,91,0,0,0,10092,10083,15,15
9921,-248.297,0,0.723,0.065,1416,1404,0,0
9924,-30,-1.556,1,0,627,627,0,0
9925,-20,0,-20,0,4,4,0,0
9926,-3,0,0,0,2,2,0,0
9927,-164,0,0.968,0,290,298,0,0
9928,0,0,2,0,516,521,0,0
9929,,,,,0,0,0,0
9930,-18,0,4,2,33,55,0,0
9931,-4,0,0,0,32,32,0,0
9933,17.154,0,-52.265,0,4117,4120,90,96
9934,-149,0,0,0,5728,5706,0,0
9935,-189,0,-1,0,2135,2138,1,0
9937,-6,0,-1,-0.001,419,418,0,0
9938,44.2,0,1.279,0,2775,2718,4,4
9939,143,0,2.215,0.002,503,504,10,10
9940,-106,0,0.458,0,555,547,0,0
9941,-3,0,10.108,7,549,539,1,1
9942,-10,0,0,0,280,280,0,0
9943,-10,0,0,0,68,68,0,0
9944,0,0,0,0,6242,6241,0,0
9945,-1610.54,0,44.78,23.987,21951,21769,26,24
9946,-59,0,-2,0,3029,3028,0,0
9949,,,,,0,0,0,0
9950,-1,0,0,0,0,0,0,0
9951,-23,0,-1,0,763,769,0,0
9955,8,0,0,0,1595,1613,86,88
9958,134,20,86.739,108.784,18432,18106,182,161
9960,,,,,117,117,0,0
9962,9,0,0,0,323,320,5,0
