code,fgn,inv,dlrSelf,dlrHedge,mgn,mgnPrev,shrt,shrtPrev
0050,-14484.535,0,94,-13964.837,,,,
0051,2,0,0,28.144,,,,
0052,-12.83,30,0,-187.958,,,,
0053,0,0,0,-6.88,,,,
0055,-57.841,0,0,-117.309,,,,
0056,1524.723,0,-59.725,84.702,,,,
0057,0,0,0,2.061,,,,
0061,-32,0,0,107.008,,,,
006201,5,0,0,4.368,50,54,0,0
006203,0,0,0,-11,,,,
006204,-1,0,0,-4.559,,,,
006205,8,0,0,65.252,,,,
006206,0,0,10,136.218,,,,
006207,0,0,0,-15.494,,,,
006208,-5300.907,0,0,2484.814,,,,
00631L,1,0,70,544.084,,,,
00632R,2,0,1195,-6908.743,,,,
00633L,759,0,0,910.397,,,,
00634R,0,0,0,-111,,,,
00635U,1089.01,0,87,-1666.983,,,,
00636,93,0,-30,409.649,,,,
00636K,0,0,0,0,,,,
00637L,11992,0,192,-169.758,,,,
00638R,0,0,0,77,,,,
00639,-111,0,30,-37.045,,,,
00640L,19,0,0,73.897,,,,
00641R,0,0,0,-807.856,,,,
00642U,-1,0,5,5069.983,,,,
00643,29,0,0,159.474,,,,
00645,12.969,0,0,215.908,,,,
00646,-1643.976,0,0,-3236.408,,,,
00647L,4,0,0,60.567,,,,
00648R,7,0,0,-102.866,,,,
00650L,2360,0,0,6567.039,,,,
00651R,0,0,0,-515.66,,,,
00652,-13,0,1,-67.414,,,,
00653L,-3,0,0,-57.6,,,,
00654R,0,0,0,28.55,,,,
00655L,42,0,0,-4.356,,,,
00656R,-1,0,0,-261,,,,
00657,0,0,0,-10.532,,,,
00657K,0,0,0,0,,,,
00660,-1,0,0,28,,,,
00661,2.05,0,0,-170.821,,,,
00662,214.133,0,0,2222.195,,,,
00663L,838,0,-17,649.273,,,,
00664R,0,0,-17,-3620.2,,,,
00665L,2328,0,0,31885.031,,,,
00666R,3,0,0,-103,,,,
00668,-1,0,0,-118.53,,,,
00668K,0,0,0,0,,,,
00669R,0,0,0,-729.967,,,,
00670L,0,0,0,-340.683,,,,
00671R,0,0,0,1021,,,,
00673R,0,0,0,-2091.57,,,,
00674R,0,0,0,167.92,,,,
00675L,77.2,0,0,304.809,,,,
00676R,0,0,0,-573.618,,,,
00678,100,0,0,-125.319,,,,
00679B,3500,0,-536,7160.171,12934,13028,70,71
00680L,501,0,-970,8017.557,,,,
00681R,-3,0,0,-20,,,,
00682U,0,0,0,0.992,,,,
00683L,0,0,0,-6,,,,
00685L,0,0,0,80.016,,,,
00686R,0,0,0,105.845,,,,
00687B,8867.7,0,740,1741.783,21822,21922,1,1
00687C,0,0,0,-0.1,,,,
00688L,8,0,0,5699,,,,
00689R,0,0,0,0,,,,
00690,87,0,0,-37.558,,,,
00692,50.17,0,0,75.473,,,,
00693U,94,0,0,1088.298,,,,
00694B,-5,0,0,-0.146,0,0,0,0
00695B,418,0,0,-355.47,3,3,0,0
00696B,190,0,0,33.236,426,426,0,0
00697B,13,0,0,169.823,23,24,0,0
00700,348,0,0,206.075,,,,
00701,111,0,0,315.031,,,,
00702,0,0,0,62.599,,,,
00703,0,0,0,77.56,,,,
00706L,0,0,0,-1033.893,,,,
00708L,71,0,27,412.254,,,,
00709,0,0,0,89,,,,
00710B,101,0,0,-20.807,,,,
00711B,31,0,0,-30.025,,,,
00712,9713,0,0,5779.202,,,,
00713,2428.127,-400,0,4612.875,,,,
00714,-2,0,0,131.294,,,,
00715L,10942,0,0,107192.809,,,,
00717,75,0,0,20,,,,
00719B,548,0,-130,-264.462,145,145,0,0
00720B,4431,0,-150,-478.886,4175,4206,44,44
00722B,875,0,-1,-310.374,168,168,0,0
00723B,171,0,0,-159,114,114,0,0
00724B,310,0,-1,-228.928,47,47,0,0
00725B,5099,0,0,-2437.992,1368,1368,0,0
00726B,355,0,0,-51.266,6,6,0,0
00727B,112,0,0,-27.536,1,1,0,0
00728,5,0,0,-0.458,,,,
00730,-2,0,0,-41.801,,,,
00731,5,0,11,94.638,,,,
00733,88.473,0,0,246.142,,,,
00734B,64,0,0,-40,0,0,0,0
00735,20.2,0,0,-60,,,,
00736,0,0,-17,13,,,,
00737,42,0,0,-28.648,,,,
00738U,-53,0,0,1800.587,,,,
00739,-2,0,0,-4.958,,,,
00740B,1475,0,-1,-1332.705,118,118,0,0
00741B,56,0,-1,-16.166,16,16,0,0
00746B,644,0,-1,-594.854,1,1,0,0
00749B,5,0,0,0,0,0,0,0
00750B,17,0,0,-17,0,0,0,0
00751B,6040,0,-1300,-1672.164,3993,3993,0,0
00752,485.349,0,0,-753.964,,,,
00753L,12484,0,0,11014.356,,,,
00754B,129,0,0,-90,0,0,0,0
00755B,87,0,0,-69.988,2,2,0,0
00756B,41,0,0,-45.942,21,21,0,0
00757,50.809,0,0,-2857.509,,,,
00758B,0,0,0,0.026,0,0,0,0
00759B,17,0,0,-17,0,0,0,0
00760B,15,0,0,-1.357,3,3,0,0
00761B,-580,1150,0,-675.233,31,31,0,0
00762,-2.95,0,0,-62.484,,,,
00763U,-12,0,59,-469.961,,,,
00764B,364,0,0,-128.097,195,197,0,0
00768B,11,0,0,-388.211,6,24,0,0
00770,-3.95,0,0,-74.221,,,,
00771,0,0,0,7,,,,
00772B,3117,0,-10,-1330.511,2321,2326,0,0
00773B,1312,0,0,-794.456,305,305,0,0
00775B,51,0,0,-49.936,,,,
00777B,0,0,0,-6,0,0,0,0
00778B,12,0,0,-13,0,0,0,0
00779B,71,0,0,-61,4,4,0,0
00780B,59,0,0,-36.373,0,0,0,0
00781B,86,0,0,-65.15,28,28,0,0
00782B,0,0,0,37.01,20,20,0,0
00783,-1,0,0,-50.898,,,,
00785B,20,0,0,-20,0,0,0,0
00786B,0,0,0,0.054,15,15,0,0
00787B,0,0,0,-3.198,0,0,0,0
00788B,1,0,0,-2,3,3,0,0
00789B,105,0,0,-105,0,0,0,0
00791B,0,0,0,0,0,0,0,0
00792B,103,0,0,-107,0,0,0,0
00793B,10,0,0,-10,0,0,0,0
00795B,295,0,0,2388.493,4897,4902,0,0
00799B,0,0,0,53.808,17,17,0,0
00830,-3090.2,0,0,571.497,,,,
00834B,0,0,0,0,0,0,0,0
00836B,180,0,0,-180.523,0,0,0,0
00840B,0,0,0,0,0,0,0,0
00841B,0,0,0,0,0,0,0,0
00842B,31,0,0,19,0,0,0,0
00844B,26,0,0,-25.15,1,1,0,0
00845B,225,0,0,53.7,0,0,0,0
00846B,0,0,0,-16.335,0,0,0,0
00847B,0,0,0,1.001,1,1,0,0
00848B,15,0,0,-15.002,0,0,0,0
00849B,0,0,0,1.749,0,0,0,0
00850,64,0,0,0.389,,,,
00851,0,0,0,3,,,,
00852L,19,0,20,426.752,,,,
00853B,217,0,0,-192.027,20,20,0,0
00856B,0,0,0,36.066,0,0,0,0
00857B,396,0,0,491.155,1099,1104,0,0
00858,2,0,0,161.04,57,57,0,0
00859B,0,0,-8,3,0,0,0,0
00860B,0,0,0,20.11,0,0,0,0
00861,1,0,0,22.282,,,,
00862B,231,0,0,-186.908,10,10,0,0
00863B,28,0,0,-28.936,1,1,0,0
00864B,-69,0,-93,-206,1,1,0,0
00865B,2.11,0,-68,-1063.981,,,,
00867B,116,0,0,-117.104,0,0,0,0
00870B,25,0,0,-13,0,0,0,0
00875,-99,0,2,140.035,,,,
00876,3.4,0,0,-56.729,,,,
00877,118,0,0,-4141.016,8358,7972,626,610
00878,1487.325,0,80,-5931.784,,,,
00881,3051.05,250,-35,4994.242,,,,
00882,3071.01,0,0,11019.662,,,,
00883B,-1,0,0,0.647,0,0,0,0
00884B,0,0,0,1.347,0,0,0,0
00885,764.942,0,0,340.526,,,,
00886,0,0,0,-181,0,0,0,0
00887,-856,0,0,-6455.443,31638,30086,1182,723
00888,9,0,0,-64.6,99,99,0,0
00890B,53,0,0,-31,0,0,0,0
00891,-91.7,0,0,-14916.028,,,,
00892,38,0,0,63.504,,,,
00893,46.26,0,0,100.316,,,,
00894,106.1,0,-4,-437.485,,,,
00895,24.05,0,0,-475.062,,,,
00896,81,0,0,-182.231,,,,
00897,489,0,0,-418.997,,,,
00898,1702,0,0,-93.195,,,,
00899,0,0,0,-53.02,,,,
00900,-1089.526,0,0,-6204.299,,,,
00901,57,0,0,-686.02,,,,
00902,380,0,0,201.07,,,,
00903,18,0,0,19.8,,,,
00904,18.2,0,10,506.496,,,,
00905,102,0,0,452.798,,,,
00907,76,0,50,843.427,,,,
00908,119,0,0,313.409,,,,
00909,422.606,0,-150,-2075.692,,,,
00910,-5.756,0,3,-1073.321,,,,
00911,-2.9,0,0,-2.28,,,,
00912,9,0,0,5.944,,,,
00913,0,0,0,60.768,,,,
00915,265,0,0,2806.921,,,,
00916,6,0,0,135.566,,,,
00917,8.97,0,0,34.137,,,,
00918,569,0,-229,1304.298,,,,
00919,36346.21,0,10,48520.957,,,,
00920,-4,0,0,-7.17,,,,
00921,41,0,51,270.817,,,,
00922,3177.891,0,-1999,886.069,,,,
00923,155,0,0,366.675,,,,
00924,23.104,0,0,-225.407,,,,
00926,4,0,0,177.557,,,,
00927,293,0,0,752.79,,,,
00928,67,0,0,5.643,14,14,6,6
00929,152.984,0,40,6461.03,,,,
00930,18,0,0,883.625,,,,
00931B,1333,0,0,321.166,5072,5076,0,0
00932,130,0,0,849.786,,,,
00933B,5421,0,-100,-539.459,2077,2089,0,0
00934,72,0,0,329.209,,,,
00935,203.09,0,0,27.945,,,,
00936,40,0,100,1463.168,,,,
00937B,27023,0,-170,1551.485,19203,19409,0,0
00938,6,0,0,259.23,,,,
00939,280,0,0,2407.411,,,,
00940,4466.01,0,100,11683.179,,,,
00941,518,0,0,806.965,,,,
00942B,1947,0,0,-1019.578,300,300,0,0
00943,20,0,0,87.886,,,,
00944,78,0,0,244.932,,,,
00945B,3306,0,0,-2641.438,,,,
00946,265,0,0,-166.432,,,,
00947,37,0,0,201.976,,,,
00948B,7121,0,0,-1078.776,1540,1541,0,0
00949,74,0,0,201.598,,,,
00950B,4610,0,0,-1138.107,1447,1455,0,0
00951,-1869,0,0,-588.736,,,,
00952,175,0,0,654.839,,,,
00953B,6031,0,0,-1047.083,,,,
00954,-369,0,0,-1082.536,,,,
00955,90,0,0,-2825.077,1082,1222,20,21
00956,378,0,0,-223.878,,,,
00957B,-13,0,-1,-112.893,256,256,0,0
00958B,2318,0,0,1579.256,31,31,0,0
00959B,1049,0,0,29.034,1851,1800,0,0
00960,71,0,0,310.794,,,,
00961,1607,0,80,2833.069,,,,
00962,0,0,0,-15.447,,,,
00963,11,0,0,33,,,,
00964,235,0,0,-486.913,,,,
00965,33.6,0,0,-1267.82,,,,
00966B,0,0,0,200.943,98,106,0,0
00967B,72,0,0,593.412,48,49,0,0
00968B,1244,0,0,-344.202,154,154,0,0
00969B,31,0,0,262.11,386,395,0,0
00970B,2196,0,0,-1085.678,402,839,0,0
00971,-3,0,0,209.935,,,,
00972,0,0,0,49.735,,,,
009800,57.96,0,0,476.857,,,,
009801,45,0,0,407,,,,
009802,604,0,35,3564.085,,,,
009803,161,0,0,147.866,,,,
009804,-3,0,0,139.459,,,,
009805,-65.85,0,0,-1866.987,,,,
009806,0,0,0,-77,1,1,0,0
009807,0,0,0,-624.247,55,48,0,0
009808,108,0,50,-156.518,,,,
009809,0,0,0,299,,,,
00980A,606,0,0,-21130.217,,,,
00980B,0,0,0,52.445,32,32,0,0
00980D,0,0,0,75.998,265,270,0,0
00980T,9,0,0,4.785,88,87,0,0
009810,27,0,0,-49,,,,
009811,645,0,0,2128.607,,,,
009812,60,0,0,46.07,,,,
009813,1791,0,0,-3065.912,,,,
00981A,1464.946,0,327,-24519.773,,,,
00981B,1634,0,0,-3512.937,17724,18440,0,0
00981D,1671,0,0,-1250.785,32,32,0,0
00981T,214,0,0,1434.252,,,,
00982A,849.889,0,2,-44495.123,,,,
00982B,-1,0,0,48.9,232,232,0,0
00982D,0,0,0,1442,,,,
00983A,136,0,0,-14.656,,,,
00983B,0,0,0,-131.064,2,2,0,0
00983D,69,0,0,797.016,,,,
00984A,108,0,100,2701.367,,,,
00984B,1570,0,0,-1405.569,30,30,0,0
00985A,153.12,0,0,-786.149,,,,
00985B,7945,0,0,5862.321,,,,
00986A,36,0,0,-35.86,,,,
00986B,0,0,0,-450.577,2,0,0,0
00988A,55,0,0,-12151.136,,,,
00989A,30,0,0,698.299,,,,
01001T,-4,0,0,0,,,,
01009T,0,0,-517,0,,,,
02001L,0,0,0,-20,,,,
02001R,0,0,0,-3,,,,
02001S,0,0,0,11,,,,
020020,0,0,0,0,,,,
020023,0,0,0,-1,,,,
020025,0,0,0,-11,,,,
020028,0,0,0,24,,,,
020029,0,0,0,5,,,,
020030,0,0,0,6,,,,
020031,0,0,0,2,,,,
020033,0,0,0,-13,,,,
020034,0,0,0,10,,,,
020037,0,0,0,0,,,,
020038,0,0,0,1,,,,
020039,0,0,0,9,,,,
020040,0,0,0,2,,,,
030002,0,0,0,-295,,,,
030003,0,0,0,0,,,,
030004,0,0,0,26,,,,
030005,0,0,0,20,,,,
030009,0,0,0,473,,,,
030010,0,0,0,2,,,,
030012,0,0,0,91,,,,
030016,0,0,0,122,,,,
030017,0,0,0,519,,,,
030018,0,0,0,8,,,,
030019,0,0,0,-109,,,,
03001U,0,0,0,-10,,,,
030021,0,0,0,0,,,,
030024,0,0,0,-7,,,,
030025,0,0,0,-267,,,,
030026,0,0,0,-19,,,,
030027,0,0,0,-7,,,,
030028,0,0,0,-7,,,,
030030,0,0,0,-60,,,,
030032,0,0,0,-20,,,,
030033,0,0,0,-1,,,,
030034,0,0,0,-25,,,,
030035,0,0,0,-6,,,,
030038,0,0,0,-28,,,,
030039,0,0,0,16,,,,
03003U,0,0,0,-100,,,,
030040,0,0,0,117,,,,
030045,0,0,0,-22,,,,
030046,0,0,0,-100,,,,
030047,0,0,0,-240,,,,
030048,0,0,0,31,,,,
03004U,0,0,0,-16,,,,
030050,0,0,0,-408,,,,
030051,0,0,0,74,,,,
030052,0,0,0,-4,,,,
030053,0,0,0,12,,,,
030054,0,0,0,-4,,,,
030055,0,0,0,14,,,,
030056,0,0,0,1508,,,,
030057,0,0,0,-44,,,,
03005U,0,0,0,127,,,,
030060,0,0,0,-2,,,,
030061,0,0,0,-101,,,,
030064,0,0,0,-10,,,,
030068,0,0,0,619,,,,
030069,0,0,0,31,,,,
030070,0,0,0,4,,,,
030071,0,0,0,-31,,,,
030072,0,0,0,20,,,,
030073,0,0,0,-99,,,,
030075,0,0,0,1,,,,
030076,0,0,0,224,,,,
030077,0,0,0,-1116,,,,
030078,0,0,0,170,,,,
030079,0,0,0,-580,,,,
030080,0,0,0,-778,,,,
030081,0,0,0,326,,,,
030082,0,0,0,427,,,,
030083,0,0,0,-10,,,,
030084,0,0,0,-22,,,,
030087,0,0,0,466,,,,
030089,0,0,0,-9,,,,
030093,0,0,0,-5,,,,
030095,0,0,0,-16,,,,
030096,0,0,0,13,,,,
030097,0,0,0,-10,,,,
030099,0,0,0,7,,,,
030101,0,0,0,26,,,,
030105,0,0,0,-9,,,,
030106,0,0,0,5,,,,
030107,0,0,0,7,,,,
030108,0,0,0,15,,,,
030109,0,0,0,-1148,,,,
030112,0,0,0,5,,,,
030115,0,0,0,13,,,,
030116,0,0,0,-56,,,,
030119,0,0,0,-8,,,,
030123,0,0,0,-23,,,,
030124,0,0,0,14,,,,
030126,0,0,0,-40,,,,
030128,0,0,0,0,,,,
030129,0,0,0,-3,,,,
030131,0,0,0,499,,,,
030132,0,0,0,-10,,,,
030135,0,0,0,-20,,,,
030139,0,0,0,55,,,,
030140,0,0,0,-322,,,,
030141,0,0,0,32,,,,
030145,0,0,0,859,,,,
030147,0,0,0,-10,,,,
030151,0,0,0,-690,,,,
030159,0,0,0,-5,,,,
030160,0,0,0,-160,,,,
030167,0,0,0,-8,,,,
030169,0,0,0,3,,,,
030170,0,0,0,-8,,,,
030174,0,0,0,-8,,,,
030175,0,0,0,94,,,,
030176,0,0,0,-24,,,,
030178,0,0,0,-20,,,,
030180,0,0,0,-9,,,,
030181,0,0,0,-16,,,,
030183,0,0,0,95,,,,
030184,0,0,0,-81,,,,
030187,0,0,0,16,,,,
030188,0,0,0,0,,,,
030190,0,0,0,-8,,,,
030191,0,0,0,-539,,,,
030192,0,0,0,-9,,,,
030193,0,0,0,-30,,,,
030194,0,0,0,-55,,,,
030195,0,0,0,-136,,,,
030196,0,0,0,-178,,,,
030197,0,0,0,63,,,,
030198,0,0,0,-10,,,,
030199,0,0,0,-3,,,,
030200,0,0,0,-4,,,,
030201,0,0,0,-110,,,,
030202,0,0,0,-7,,,,
030203,0,0,0,-19,,,,
030204,0,0,0,17,,,,
030205,0,0,0,-4,,,,
030209,0,0,0,9,,,,
030211,0,0,0,-170,,,,
030212,0,0,0,163,,,,
030213,0,0,0,10,,,,
030214,0,0,0,-14,,,,
030215,0,0,0,-105,,,,
030216,0,0,0,160,,,,
030218,0,0,0,-30,,,,
030219,0,0,0,-150,,,,
030220,0,0,0,-26,,,,
030221,0,0,0,-20,,,,
030223,0,0,0,-78,,,,
030224,0,0,0,150,,,,
030225,0,0,0,-40,,,,
030228,0,0,0,-3,,,,
030229,0,0,0,47,,,,
030231,0,0,0,1,,,,
030232,0,0,0,19,,,,
030233,0,0,0,1,,,,
030234,0,0,0,-1,,,,
030235,0,0,0,-94,,,,
030236,0,0,0,-76,,,,
030238,0,0,0,181,,,,
030239,0,0,0,222,,,,
030240,0,0,0,-649,,,,
030241,0,0,0,-346,,,,
030242,0,0,0,-47,,,,
030243,0,0,0,-181,,,,
030244,0,0,0,1784,,,,
030245,0,0,0,-410,,,,
030246,0,0,0,-389,,,,
030247,0,0,0,-23,,,,
030248,0,0,0,-82,,,,
030250,0,0,0,-69,,,,
030251,0,0,0,-112,,,,
030252,0,0,0,-30,,,,
030253,0,0,0,357,,,,
030254,0,0,0,89,,,,
030256,0,0,0,-199,,,,
030259,0,0,0,-48,,,,
030262,0,0,0,6,,,,
030268,0,0,0,1,,,,
030269,0,0,0,-1,,,,
030270,0,0,0,1,,,,
030271,0,0,0,0,,,,
030274,0,0,0,4,,,,
030275,0,0,0,-126,,,,
030276,0,0,0,-107,,,,
030277,0,0,0,29,,,,
030278,0,0,0,143,,,,
030279,0,0,0,-82,,,,
030280,0,0,0,328,,,,
030281,0,0,0,-18,,,,
030283,0,0,0,3,,,,
030284,0,0,0,741,,,,
030286,0,0,0,-10,,,,
030287,0,0,0,-450,,,,
030288,0,0,0,98,,,,
030289,0,0,0,7,,,,
030292,0,0,0,441,,,,
030293,0,0,0,-12,,,,
030295,0,0,0,1,,,,
030297,0,0,0,83,,,,
030298,0,0,0,10,,,,
030299,0,0,0,1,,,,
030300,0,0,0,-66,,,,
030301,0,0,0,-70,,,,
030302,0,0,0,-67,,,,
030303,0,0,0,6,,,,
030304,0,0,0,-23,,,,
030305,0,0,0,-29,,,,
030308,0,0,0,-14,,,,
030310,0,0,0,200,,,,
030315,0,0,0,-115,,,,
030316,0,0,0,-102,,,,
030319,0,0,0,30,,,,
030320,0,0,0,-27,,,,
030321,0,0,0,25,,,,
030322,0,0,0,102,,,,
030323,0,0,0,-5,,,,
030324,0,0,0,10,,,,
030325,0,0,0,79,,,,
030326,0,0,0,-58,,,,
030327,0,0,0,25,,,,
030328,0,0,0,1,,,,
030329,0,0,0,0,,,,
030334,0,0,0,1,,,,
030337,0,0,0,-2,,,,
030338,0,0,0,-3,,,,
030339,0,0,0,356,,,,
030341,0,0,0,-19,,,,
030342,0,0,0,1,,,,
030343,0,0,0,17,,,,
030345,0,0,0,-75,,,,
030348,0,0,0,-1,,,,
030349,0,0,0,310,,,,
030350,0,0,0,-27,,,,
030352,0,0,0,-38,,,,
030353,0,0,0,-1,,,,
030354,0,0,0,-80,,,,
030355,0,0,0,71,,,,
030356,0,0,0,-48,,,,
030357,0,0,0,-74,,,,
030358,0,0,0,25,,,,
03035U,0,0,0,228,,,,
03035X,0,0,0,5,,,,
030360,0,0,0,82,,,,
030362,0,0,0,-3,,,,
030364,0,0,0,243,,,,
030365,0,0,0,-18,,,,
030367,0,0,0,0,,,,
030368,0,0,0,-96,,,,
030369,0,0,0,-25,,,,
030371,0,0,0,1,,,,
030375,0,0,0,-755,,,,
030376,0,0,0,-931,,,,
030377,0,0,0,3,,,,
03037U,0,0,0,-6,,,,
030381,0,0,0,15,,,,
030384,0,0,0,11,,,,
030385,0,0,0,-1,,,,
030388,0,0,0,13,,,,
030389,0,0,0,228,,,,
030391,0,0,0,-22,,,,
030393,0,0,0,-43,,,,
030394,0,0,0,-7,,,,
030395,0,0,0,-113,,,,
030396,0,0,0,-48,,,,
030397,0,0,0,-249,,,,
03039U,0,0,0,-10,,,,
030403,0,0,0,-123,,,,
030406,0,0,0,20,,,,
030408,0,0,0,-20,,,,
030409,0,0,0,-94,,,,
030410,0,0,0,-18,,,,
030412,0,0,0,-6,,,,
030414,0,0,0,20,,,,
030417,0,0,0,1,,,,
030420,0,0,0,17,,,,
030421,0,0,0,12,,,,
030422,0,0,0,-614,,,,
030423,0,0,0,-248,,,,
030424,0,0,0,14,,,,
030425,0,0,0,-9,,,,
030426,0,0,0,-15,,,,
030427,0,0,0,3,,,,
030428,0,0,0,-66,,,,
030433,0,0,0,-102,,,,
030435,0,0,0,-115,,,,
030439,0,0,0,633,,,,
030440,0,0,0,96,,,,
030443,0,0,0,-5,,,,
030448,0,0,0,-12,,,,
030449,0,0,0,-173,,,,
030455,0,0,0,428,,,,
030459,0,0,0,10,,,,
030460,0,0,0,5,,,,
030461,0,0,0,-37,,,,
030463,0,0,0,-10,,,,
030464,0,0,0,-113,,,,
030468,0,0,0,-8,,,,
030469,0,0,0,2,,,,
030470,0,0,0,202,,,,
030471,0,0,0,17,,,,
030472,0,0,0,-20,,,,
030473,-10,0,0,648,,,,
030475,0,0,0,3,,,,
030476,0,0,0,-102,,,,
030478,0,0,0,-12,,,,
03047X,0,0,0,3,,,,
030480,0,0,0,-437,,,,
030484,0,0,0,42,,,,
030489,0,0,0,-3,,,,
030490,0,0,0,68,,,,
030496,0,0,0,50,,,,
030497,0,0,0,0,,,,
030498,0,0,0,3,,,,
030499,0,0,0,-1,,,,
03049X,0,0,0,-20,,,,
030503,0,0,0,64,,,,
030504,0,0,0,-3,,,,
030508,0,0,0,-8,,,,
030509,0,0,0,-10,,,,
03050U,0,0,0,110,,,,
030510,0,0,0,-139,,,,
030511,0,0,0,-43,,,,
030513,0,0,0,45,,,,
030516,0,0,0,-38,,,,
030517,0,0,0,43,,,,
030518,0,0,0,-11,,,,
030519,0,0,0,-76,,,,
030521,0,0,0,6,,,,
030522,0,0,0,35,,,,
030524,0,0,0,-49,,,,
030526,0,0,0,-47,,,,
030527,0,0,0,-10,,,,
030529,0,0,0,-293,,,,
030530,0,0,0,0,,,,
030531,0,0,0,233,,,,
030532,0,0,0,39,,,,
030533,0,0,0,7,,,,
030534,0,0,0,-116,,,,
030536,0,0,0,1209,,,,
030539,0,0,0,-29,,,,
030541,0,0,0,95,,,,
030543,0,0,0,-6,,,,
030544,0,0,0,-155,,,,
030545,0,0,0,11,,,,
030548,0,0,0,40,,,,
030550,0,0,0,-77,,,,
030551,0,0,0,-202,,,,
030552,0,0,0,31,,,,
030553,0,0,0,-111,,,,
030554,0,0,0,-27,,,,
030555,0,0,0,-461,,,,
030556,0,0,0,4,,,,
030557,0,0,0,12,,,,
030559,0,0,0,-42,,,,
030560,0,0,0,-422,,,,
030561,0,0,0,121,,,,
030562,0,0,0,336,,,,
030564,0,0,0,-394,,,,
030565,0,0,0,-24,,,,
030566,0,0,0,-10,,,,
030567,0,0,0,-20,,,,
030569,0,0,0,-100,,,,
03056U,0,0,0,-60,,,,
030570,0,0,0,-37,,,,
030571,0,0,0,24,,,,
030572,0,0,0,-32,,,,
030573,0,0,0,-192,,,,
030574,0,0,0,-896,,,,
030575,0,0,0,-613,,,,
030576,0,0,0,-83,,,,
030577,0,0,0,-105,,,,
030579,0,0,0,-2168,,,,
030580,0,0,0,-17,,,,
030581,0,0,0,-10,,,,
030582,0,0,0,161,,,,
030583,0,0,0,13,,,,
030584,0,0,0,-12,,,,
030585,0,0,0,1,,,,
030586,0,0,0,1,,,,
030587,0,0,0,3,,,,
030588,0,0,0,-428,,,,
030589,0,0,0,20,,,,
030590,3,0,0,-457,,,,
030591,0,0,0,1691,,,,
030592,0,0,0,604,,,,
030594,0,0,0,-40,,,,
030595,100,0,0,-143,,,,
030597,0,0,0,-140,,,,
030598,0,0,0,125,,,,
030600,0,0,0,-168,,,,
030601,0,0,0,-338,,,,
030603,0,0,0,-41,,,,
030604,0,0,0,-312,,,,
030605,0,0,0,-817,,,,
030606,0,0,0,-1303,,,,
030607,0,0,0,-94,,,,
030608,0,0,0,-89,,,,
030609,0,0,0,-1690,,,,
030610,0,0,0,-69,,,,
030611,0,0,0,69,,,,
030612,0,0,0,-8,,,,
030613,0,0,0,-90,,,,
030615,0,0,0,70,,,,
030617,0,0,0,-300,,,,
030618,0,0,0,209,,,,
030619,0,0,0,-2,,,,
030620,0,0,0,-16,,,,
030621,0,0,0,-5,,,,
030622,0,0,0,-7,,,,
030623,0,0,0,45,,,,
030624,0,0,0,23,,,,
030625,0,0,0,1,,,,
030626,0,0,0,-102,,,,
030628,0,0,0,-30,,,,
030629,0,0,0,119,,,,
030631,0,0,0,-10,,,,
030632,0,0,0,-10,,,,
030634,0,0,0,111,,,,
030636,0,0,0,-6,,,,
030637,0,0,0,-714,,,,
030638,0,0,0,-60,,,,
030639,0,0,0,-1217,,,,
030643,0,0,0,-2,,,,
030645,0,0,0,110,,,,
030646,0,0,0,13,,,,
030647,0,0,0,-48,,,,
030648,0,0,0,-48,,,,
030649,0,0,0,-179,,,,
030650,0,0,0,-26,,,,
030651,0,0,0,-16,,,,
030652,0,0,0,-5,,,,
030653,0,0,0,-89,,,,
030654,0,0,0,-789,,,,
030655,0,0,0,-417,,,,
030656,0,0,0,368,,,,
030657,0,0,0,-239,,,,
030658,0,0,0,4,,,,
030661,0,0,0,-49,,,,
030662,0,0,0,-88,,,,
030663,0,0,0,-12,,,,
030664,0,0,0,-94,,,,
030671,0,0,0,-20,,,,
030672,0,0,0,31,,,,
030674,0,0,0,-10,,,,
030675,0,0,0,-26,,,,
030676,0,0,0,-6,,,,
030677,0,0,0,-22,,,,
030678,0,0,0,5,,,,
030679,0,0,0,85,,,,
030680,0,0,0,24,,,,
030683,0,0,0,6,,,,
030684,0,0,0,-25,,,,
030686,0,0,0,14,,,,
030687,0,0,0,125,,,,
030688,0,0,0,28,,,,
03068U,0,0,0,0,,,,
030690,0,0,0,27,,,,
030694,0,0,0,-139,,,,
030695,0,0,0,-36,,,,
030697,0,0,0,-227,,,,
030698,0,0,0,268,,,,
030699,0,0,0,1327,,,,
030702,0,0,0,1,,,,
030704,0,0,0,5,,,,
030705,0,0,0,48,,,,
030713,0,0,0,-2,,,,
030720,0,0,0,-30,,,,
030723,0,0,0,-18,,,,
030725,0,0,0,329,,,,
030726,0,0,0,-36,,,,
030727,0,0,0,4,,,,
030729,0,0,0,103,,,,
030730,0,0,0,-150,,,,
030731,0,0,0,-1,,,,
030733,0,0,0,78,,,,
030734,0,0,0,-78,,,,
030735,0,0,0,55,,,,
030736,0,0,0,-400,,,,
030737,0,0,0,275,,,,
030741,0,0,0,0,,,,
030743,0,0,0,-30,,,,
030744,0,0,0,57,,,,
030745,0,0,0,-110,,,,
030746,0,0,0,84,,,,
030748,0,0,0,1,,,,
030749,0,0,0,-3,,,,
030751,0,0,0,9,,,,
030752,0,0,0,-60,,,,
030753,0,0,0,-25,,,,
030754,0,0,0,0,,,,
030755,0,0,0,147,,,,
030757,0,0,0,-181,,,,
030758,0,0,0,-58,,,,
030759,0,0,0,-53,,,,
030760,0,0,0,-404,,,,
030761,0,0,0,-1597,,,,
030762,0,0,0,5,,,,
030763,0,0,0,-133,,,,
030764,0,0,0,-552,,,,
030765,0,0,0,23,,,,
030766,0,0,0,-276,,,,
030767,0,0,0,-310,,,,
030768,0,0,0,-145,,,,
030770,0,0,0,91,,,,
030771,0,0,0,-70,,,,
030773,0,0,0,-2,,,,
030774,0,0,0,0,,,,
030776,0,0,0,-100,,,,
030778,0,0,0,55,,,,
030779,0,0,0,20,,,,
030781,0,0,0,100,,,,
030784,0,0,0,-18,,,,
030786,0,0,0,-10,,,,
030788,0,0,0,115,,,,
030789,0,0,0,-18,,,,
030790,0,0,0,-21,,,,
030792,0,0,0,-454,,,,
030793,0,0,0,-5,,,,
030795,0,0,0,-35,,,,
030796,0,0,0,-23,,,,
030798,0,0,0,-72,,,,
030800,0,0,0,0,,,,
030801,0,0,0,-10,,,,
030802,0,0,0,-9,,,,
030803,0,0,0,-28,,,,
030804,0,0,0,-178,,,,
030806,0,0,0,40,,,,
030807,0,0,0,505,,,,
030808,0,0,0,14,,,,
030811,0,0,0,-4,,,,
030812,0,0,0,-66,,,,
030813,0,0,0,168,,,,
030814,0,0,0,-6,,,,
030815,0,0,0,-89,,,,
030816,0,0,0,-11,,,,
030817,0,0,0,-1,,,,
030818,0,0,0,142,,,,
030819,0,0,0,-41,,,,
030820,0,0,0,-13,,,,
030822,0,0,0,38,,,,
030823,0,0,0,54,,,,
030824,0,0,0,98,,,,
030825,0,0,0,35,,,,
030826,0,0,0,-693,,,,
030827,0,0,0,66,,,,
030829,0,0,0,158,,,,
030830,0,0,0,39,,,,
030831,0,0,0,-10,,,,
030832,0,0,0,-7,,,,
030833,0,0,0,-44,,,,
030835,0,0,0,-158,,,,
030836,0,0,0,217,,,,
030837,0,0,0,-6,,,,
030838,0,0,0,0,,,,
030839,0,0,0,1,,,,
030841,0,0,0,-189,,,,
030843,0,0,0,15,,,,
030844,0,0,0,-165,,,,
030845,0,0,0,236,,,,
030846,0,0,0,-3,,,,
030848,0,0,0,414,,,,
030849,0,0,0,-111,,,,
030850,0,0,0,-55,,,,
030853,0,0,0,317,,,,
030854,0,0,0,74,,,,
030855,0,0,0,629,,,,
030856,5,0,0,942,,,,
030857,0,0,0,-270,,,,
030858,0,0,0,70,,,,
030861,0,0,0,34,,,,
030865,0,0,0,-2,,,,
030867,0,0,0,10,,,,
030868,0,0,0,-2,,,,
03086U,0,0,0,-499,,,,
030871,0,0,0,88,,,,
030875,0,0,0,-825,,,,
030876,0,0,0,-10,,,,
030877,0,0,0,-1095,,,,
030878,0,0,0,284,,,,
030880,0,0,0,25,,,,
030882,0,0,0,0,,,,
030883,0,0,0,-65,,,,
030887,0,0,0,-86,,,,
030891,0,0,0,-252,,,,
030893,0,0,0,30,,,,
030896,0,0,0,-347,,,,
030897,0,0,0,5,,,,
030898,0,0,0,20,,,,
030899,0,0,0,91,,,,
030903,0,0,0,-163,,,,
030904,0,0,0,-427,,,,
030906,0,0,0,37,,,,
030908,0,0,0,-25,,,,
030910,0,0,0,-29,,,,
030915,0,0,0,-1,,,,
030918,0,0,0,-100,,,,
030919,0,0,0,-173,,,,
030921,0,0,0,-100,,,,
030923,0,0,0,247,,,,
030924,0,0,0,4,,,,
030926,0,0,0,0,,,,
030927,0,0,0,166,,,,
030929,0,0,0,-64,,,,
030930,0,0,0,-3,,,,
030931,0,0,0,-7,,,,
030933,0,0,0,-10,,,,
030935,0,0,0,0,,,,
030941,0,0,0,-5,,,,
030942,0,0,0,66,,,,
030943,0,0,0,-124,,,,
030944,0,0,0,10,,,,
030945,0,0,0,250,,,,
030946,0,0,0,-317,,,,
030947,0,0,0,-3,,,,
030948,0,0,0,4,,,,
030949,0,0,0,33,,,,
030955,0,0,0,15,,,,
030957,0,0,0,220,,,,
030958,0,0,0,-119,,,,
030959,0,0,0,-73,,,,
030960,0,0,0,-63,,,,
030961,0,0,0,-8,,,,
030962,0,0,0,50,,,,
030963,0,0,0,1,,,,
030964,0,0,0,0,,,,
030965,0,0,0,-15,,,,
030966,0,0,0,17,,,,
030967,0,0,0,-13,,,,
030971,0,0,0,-30,,,,
030972,0,0,0,2,,,,
030973,0,0,0,-7,,,,
030974,0,0,0,-120,,,,
030976,0,0,0,235,,,,
030978,0,0,0,-91,,,,
030981,0,0,0,13,,,,
030986,0,0,0,499,,,,
030988,0,0,0,85,,,,
030989,0,0,0,38,,,,
030990,0,0,0,-33,,,,
030992,0,0,0,17,,,,
030994,0,0,0,85,,,,
030995,0,0,0,48,,,,
030996,0,0,0,-172,,,,
030999,0,0,0,35,,,,
031002,0,0,0,-70,,,,
031007,0,0,0,31,,,,
031008,0,0,0,58,,,,
031010,0,0,0,25,,,,
031011,0,0,0,-521,,,,
031012,0,0,0,-47,,,,
031013,0,0,0,-39,,,,
031014,0,0,0,-2,,,,
031015,0,0,0,1,,,,
031016,0,0,0,-216,,,,
031018,0,0,0,892,,,,
031019,0,0,0,73,,,,
031020,0,0,0,-5,,,,
031021,0,0,0,-164,,,,
031022,0,0,0,-80,,,,
031023,0,0,0,-42,,,,
031025,0,0,0,834,,,,
031026,0,0,0,-151,,,,
031028,0,0,0,66,,,,
031029,0,0,0,-115,,,,
031030,0,0,0,-121,,,,
031031,0,0,0,-15,,,,
031032,0,0,0,589,,,,
031033,0,0,0,113,,,,
031044,0,0,0,-10,,,,
031045,0,0,0,59,,,,
031054,0,0,0,-39,,,,
031055,0,0,0,-28,,,,
031056,0,0,0,-24,,,,
031058,0,0,0,-71,,,,
031059,0,0,0,-19,,,,
031061,0,0,0,40,,,,
031062,0,0,0,-20,,,,
031066,0,0,0,6,,,,
031067,0,0,0,90,,,,
031069,0,0,0,-47,,,,
031070,0,0,0,-73,,,,
031072,0,0,0,240,,,,
031074,0,0,0,-10,,,,
031076,0,0,0,-178,,,,
031077,0,0,0,-34,,,,
031078,0,0,0,10,,,,
031079,0,0,0,10,,,,
031080,0,0,0,100,,,,
031082,0,0,0,660,,,,
031088,0,0,0,-41,,,,
031090,0,0,0,5,,,,
031091,0,0,0,234,,,,
031098,0,0,0,-20,,,,
031099,0,0,0,3,,,,
031103,0,0,0,33,,,,
031114,0,0,0,1113,,,,
031116,0,0,0,16,,,,
031117,0,0,0,-11,,,,
031119,0,0,0,-10,,,,
031120,0,0,0,-10,,,,
031121,0,0,0,-84,,,,
031122,0,0,0,-77,,,,
031123,0,0,0,80,,,,
031125,0,0,0,9,,,,
031127,0,0,0,-72,,,,
031128,0,0,0,-1,,,,
031129,0,0,0,-14,,,,
031130,0,0,0,-5,,,,
031135,0,0,0,-10,,,,
031137,0,0,0,-24,,,,
031139,0,0,0,-35,,,,
031140,0,0,0,2,,,,
031141,0,0,0,-25,,,,
031143,0,0,0,1,,,,
031145,0,0,0,105,,,,
031146,0,0,0,203,,,,
031148,0,0,0,14,,,,
031149,0,0,0,-161,,,,
031152,0,0,0,100,,,,
031153,0,0,0,-80,,,,
031155,0,0,0,-55,,,,
031156,0,0,0,44,,,,
031157,0,0,0,-47,,,,
031158,0,0,0,67,,,,
031159,0,0,0,-37,,,,
031161,0,0,0,-58,,,,
031162,0,0,0,-31,,,,
031163,0,0,0,5,,,,
031165,0,0,0,-5,,,,
031166,0,0,0,12,,,,
031167,20,0,0,-2159,,,,
031169,0,0,0,2,,,,
031170,0,0,0,563,,,,
031172,0,0,0,-83,,,,
031173,0,0,0,-25,,,,
031174,0,0,0,-8,,,,
031176,0,0,0,-17,,,,
031178,0,0,0,3,,,,
031179,0,0,0,275,,,,
031180,0,0,0,22,,,,
031181,0,0,0,10,,,,
031182,0,0,0,-95,,,,
031187,0,0,0,5,,,,
031188,0,0,0,-5,,,,
031189,0,0,0,20,,,,
031190,0,0,0,202,,,,
031194,0,0,0,8,,,,
031196,0,0,0,-43,,,,
031197,0,0,0,10,,,,
031199,0,0,0,100,,,,
031200,0,0,0,17,,,,
031201,0,0,0,18,,,,
031202,0,0,0,10,,,,
031203,0,0,0,157,,,,
031204,0,0,0,18,,,,
031205,0,0,0,10,,,,
031209,0,0,0,37,,,,
03120U,0,0,0,-100,,,,
031212,0,0,0,105,,,,
031213,0,0,0,29,,,,
031216,0,0,0,1,,,,
031217,0,0,0,-38,,,,
031218,0,0,0,-5,,,,
031219,0,0,0,-100,,,,
031221,0,0,0,24,,,,
031222,0,0,0,-156,,,,
031223,0,0,0,0,,,,
031224,0,0,0,0,,,,
031228,0,0,0,2,,,,
031229,0,0,0,19,,,,
03122U,0,0,0,8,,,,
031232,0,0,0,-106,,,,
031235,0,0,0,-58,,,,
031236,0,0,0,-15,,,,
031237,0,0,0,5,,,,
031238,0,0,0,70,,,,
031239,0,0,0,-10,,,,
031240,0,0,0,5,,,,
031241,0,0,0,-241,,,,
031242,0,0,0,-447,,,,
031243,0,0,0,-318,,,,
031244,0,0,0,-64,,,,
031247,0,0,0,1,,,,
031248,0,0,0,-56,,,,
031249,0,0,0,31,,,,
031250,0,0,0,0,,,,
031252,0,0,0,-70,,,,
031254,0,0,0,-67,,,,
031255,0,0,0,-295,,,,
031257,0,0,0,-10,,,,
031258,0,0,0,39,,,,
031260,0,0,0,-400,,,,
031261,0,0,0,43,,,,
031262,0,0,0,-303,,,,
031263,0,0,0,-547,,,,
031264,0,0,0,-4,,,,
031266,0,0,0,-195,,,,
031269,0,0,0,-31,,,,
031270,0,0,0,-53,,,,
031271,0,0,0,-13,,,,
031272,0,0,0,-296,,,,
031273,0,0,0,-2035,,,,
031274,0,0,0,215,,,,
031275,0,0,0,-123,,,,
031276,0,0,0,-89,,,,
031277,0,0,0,-1,,,,
031278,0,0,0,-704,,,,
031279,0,0,0,6,,,,
031280,0,0,0,162,,,,
031281,0,0,0,-27,,,,
031282,0,0,0,-158,,,,
031283,0,0,0,-794,,,,
031285,0,0,0,240,,,,
031286,0,0,0,164,,,,
031287,0,0,0,-216,,,,
031288,0,0,0,-3,,,,
031290,0,0,0,80,,,,
031291,0,0,0,-25,,,,
031292,0,0,0,-285,,,,
031298,0,0,0,362,,,,
031299,0,0,0,27,,,,
031301,0,0,0,-1,,,,
031302,0,0,0,-52,,,,
031303,0,0,0,-70,,,,
031304,0,0,0,-48,,,,
031305,0,0,0,-52,,,,
031306,0,0,0,0,,,,
031307,0,0,0,-208,,,,
031312,0,0,0,49,,,,
031313,0,0,0,-50,,,,
031314,0,0,0,-180,,,,
031316,0,0,0,-236,,,,
031317,0,0,0,-899,,,,
031318,0,0,0,-75,,,,
031319,0,0,0,-124,,,,
031321,0,0,0,-5,,,,
031329,0,0,0,-4,,,,
031330,0,0,0,132,,,,
031331,0,0,0,-179,,,,
031332,0,0,0,-47,,,,
031334,0,0,0,1161,,,,
031335,0,0,0,-5,,,,
031336,0,0,0,-10,,,,
031337,0,0,0,2,,,,
031340,0,0,0,180,,,,
031341,0,0,0,25,,,,
031342,0,0,0,-100,,,,
031343,0,0,0,35,,,,
031349,0,0,0,-29,,,,
03134U,0,0,0,22,,,,
031351,0,0,0,2,,,,
031352,0,0,0,-5,,,,
031353,0,0,0,10,,,,
031354,0,0,0,-10,,,,
031355,0,0,0,-72,,,,
031356,0,0,0,-199,,,,
031357,0,0,0,-5,,,,
031358,0,0,0,-10,,,,
031361,0,0,0,20,,,,
031362,0,0,0,0,,,,
031364,0,0,0,-17,,,,
031365,0,0,0,-1,,,,
031366,0,0,0,11,,,,
031367,0,0,0,8,,,,
031370,0,0,0,-34,,,,
031372,0,0,0,-1,,,,
031377,0,0,0,-3,,,,
031378,0,0,0,-20,,,,
031381,0,0,0,70,,,,
031383,0,0,0,2,,,,
031386,0,0,0,-26,,,,
031389,0,0,0,-15,,,,
031390,0,0,0,38,,,,
031393,0,0,0,-20,,,,
031395,0,0,0,-243,,,,
031396,0,0,0,1,,,,
031399,0,0,0,-36,,,,
031400,0,0,0,-430,,,,
031401,0,0,0,-10,,,,
031403,0,0,0,-93,,,,
031404,0,0,0,45,,,,
031406,0,0,0,-83,,,,
031409,0,0,0,535,,,,
031410,0,0,0,-191,,,,
031411,0,0,0,0,,,,
031412,0,0,0,-294,,,,
031413,0,0,0,2,,,,
031416,0,0,0,-2,,,,
031417,0,0,0,-400,,,,
031418,0,0,0,2,,,,
031419,0,0,0,60,,,,
031420,0,0,0,-311,,,,
031421,0,0,0,-62,,,,
031422,0,0,0,-4,,,,
031424,0,0,0,-22,,,,
031425,0,0,0,-576,,,,
031427,0,0,0,597,,,,
031430,0,0,0,-19,,,,
031434,0,0,0,-401,,,,
031437,0,0,0,-24,,,,
031438,0,0,0,1,,,,
031439,0,0,0,26,,,,
03143U,0,0,0,300,,,,
031441,0,0,0,-3,,,,
031443,0,0,0,0,,,,
031444,0,0,0,-58,,,,
031447,0,0,0,-30,,,,
031449,0,0,0,-3,,,,
031451,0,0,0,111,,,,
031452,0,0,0,77,,,,
031454,0,0,0,-1,,,,
031461,0,0,0,34,,,,
031463,0,0,0,2,,,,
031465,0,0,0,-5,,,,
031466,0,0,0,2,,,,
031467,0,0,0,26,,,,
031468,0,0,0,67,,,,
031469,0,0,0,100,,,,
031470,0,0,0,65,,,,
031471,0,0,0,-10,,,,
031473,0,0,0,8,,,,
031474,0,0,0,-14,,,,
031476,0,0,0,-38,,,,
031477,0,0,0,-2,,,,
031478,0,0,0,-8,,,,
031483,0,0,0,-27,,,,
031485,0,0,0,-23,,,,
031487,0,0,0,70,,,,
031488,0,0,0,-12,,,,
031493,0,0,0,6,,,,
031494,0,0,0,8,,,,
031495,0,0,0,-21,,,,
031496,0,0,0,-195,,,,
031499,0,0,0,-30,,,,
031500,0,0,0,104,,,,
031501,0,0,0,-10,,,,
031503,0,0,0,-2,,,,
031504,0,0,0,2,,,,
031505,0,0,0,12,,,,
031506,0,0,0,-35,,,,
031509,0,0,0,41,,,,
031510,0,0,0,-42,,,,
031512,0,0,0,-202,,,,
031517,0,0,0,-14,,,,
031521,0,0,0,-7,,,,
031522,0,0,0,97,,,,
031524,0,0,0,6,,,,
031526,0,0,0,-10,,,,
031527,0,0,0,-383,,,,
031528,0,0,0,-30,,,,
031529,0,0,0,-2,,,,
031531,0,0,0,1,,,,
031533,0,0,0,-44,,,,
031534,0,0,0,-20,,,,
031535,0,0,0,-73,,,,
031536,0,0,0,-1,,,,
031537,0,0,0,26,,,,
031539,0,0,0,-11,,,,
031541,0,0,0,-9,,,,
031542,0,0,0,-12,,,,
031543,0,0,0,67,,,,
031545,0,0,0,-10,,,,
031549,0,0,0,-62,,,,
031552,0,0,0,-3,,,,
031555,0,0,0,-114,,,,
031556,0,0,0,-17,,,,
031557,0,0,0,45,,,,
031559,0,0,0,-37,,,,
031560,0,0,0,-1,,,,
031561,0,0,0,31,,,,
031562,0,0,0,863,,,,
031564,0,0,0,25,,,,
031566,0,0,0,-223,,,,
031567,0,0,0,-49,,,,
031568,0,0,0,15,,,,
031569,0,0,0,80,,,,
031570,0,0,0,-140,,,,
031572,0,0,0,-32,,,,
031575,0,0,0,28,,,,
031579,0,0,0,120,,,,
031583,0,0,0,4,,,,
031584,0,0,0,22,,,,
031586,0,0,0,3,,,,
031588,0,0,0,-100,,,,
031589,0,0,0,2,,,,
031592,0,0,0,9,,,,
031593,0,0,0,7,,,,
031594,0,0,0,115,,,,
031598,0,0,0,-598,,,,
031607,0,0,0,31,,,,
031610,0,0,0,-101,,,,
031615,0,0,0,-18,,,,
031619,0,0,0,179,,,,
031622,0,0,0,1,,,,
031626,0,0,0,23,,,,
031627,0,0,0,-3,,,,
031628,0,0,0,-111,,,,
031629,0,0,0,1,,,,
031630,0,0,0,-20,,,,
031632,0,0,0,-4,,,,
031634,0,0,0,4,,,,
031639,0,0,0,-120,,,,
031640,0,0,0,8,,,,
031641,0,0,0,-66,,,,
031642,0,0,0,-106,,,,
031643,0,0,0,-34,,,,
031644,0,0,0,66,,,,
031645,0,0,0,139,,,,
031650,0,0,0,-27,,,,
031651,0,0,0,-24,,,,
031654,0,0,0,-50,,,,
031659,0,0,0,16,,,,
031666,0,0,0,202,,,,
031667,0,0,0,-124,,,,
031668,0,0,0,0,,,,
031673,0,0,0,89,,,,
031674,0,0,0,-1,,,,
031676,0,0,0,-92,,,,
031678,0,0,0,0,,,,
031681,0,0,0,-40,,,,
031682,0,0,0,-6,,,,
031683,0,0,0,25,,,,
031686,0,0,0,-1,,,,
031688,0,0,0,-39,,,,
031689,0,0,0,5,,,,
031690,0,0,0,33,,,,
031692,0,0,0,21,,,,
031693,0,0,0,2,,,,
031695,0,0,0,8,,,,
031696,0,0,0,6,,,,
031698,0,0,0,-7,,,,
031699,0,0,0,-165,,,,
031700,0,0,0,83,,,,
031702,0,0,0,3,,,,
031704,0,0,0,20,,,,
031706,0,0,0,-10,,,,
031707,0,0,0,-20,,,,
031708,0,0,0,-8,,,,
031713,0,0,0,-11,,,,
031714,0,0,0,13,,,,
031715,0,0,0,-53,,,,
031716,0,0,0,-20,,,,
031720,0,0,0,199,,,,
031723,0,0,0,-57,,,,
031724,0,0,0,-62,,,,
031727,0,0,0,-469,,,,
031728,0,0,0,147,,,,
031729,0,0,0,-1,,,,
031730,0,0,0,0,,,,
031732,0,0,0,-311,,,,
031737,0,0,0,45,,,,
031740,0,0,0,12,,,,
031741,0,0,0,0,,,,
031742,0,0,0,0,,,,
031743,0,0,0,-54,,,,
031744,0,0,0,20,,,,
031745,0,0,0,-67,,,,
031746,0,0,0,97,,,,
031748,0,0,0,-20,,,,
031752,0,0,0,50,,,,
031753,0,0,0,9,,,,
031754,0,0,0,-15,,,,
031755,0,0,0,1,,,,
031758,0,0,0,-230,,,,
031759,0,0,0,-80,,,,
031761,0,0,0,0,,,,
031762,0,0,0,16,,,,
031763,0,0,0,-950,,,,
031764,0,0,0,-24,,,,
031765,0,0,0,132,,,,
031766,0,0,0,-478,,,,
031767,0,0,0,-5,,,,
031768,0,0,0,435,,,,
031769,0,0,0,621,,,,
031770,0,0,0,1,,,,
031772,0,0,0,97,,,,
031773,0,0,0,120,,,,
031774,0,0,0,-163,,,,
031776,0,0,0,-382,,,,
031778,0,0,0,155,,,,
031779,0,0,0,-196,,,,
03177U,0,0,0,-12,,,,
031780,0,0,0,-200,,,,
031781,0,0,0,1,,,,
031782,0,0,0,3,,,,
031783,0,0,0,-2266,,,,
031784,0,0,0,8,,,,
031786,0,0,0,34,,,,
031787,0,0,0,134,,,,
031788,0,0,0,-1,,,,
031789,0,0,0,10,,,,
03178U,0,0,0,45,,,,
031790,0,0,0,18,,,,
031791,0,0,0,-2,,,,
031793,0,0,0,199,,,,
031794,0,0,0,86,,,,
031795,0,0,0,-2,,,,
031798,0,0,0,15,,,,
031799,0,0,0,109,,,,
031800,0,0,0,147,,,,
031802,0,0,0,130,,,,
031803,0,0,0,-22,,,,
031804,0,0,0,-3,,,,
031805,0,0,0,-10,,,,
031806,0,0,0,-176,,,,
031808,0,0,0,3,,,,
031809,0,0,0,-19,,,,
031810,0,0,0,-202,,,,
031813,0,0,0,1,,,,
031814,0,0,0,8,,,,
031815,0,0,0,30,,,,
031816,0,0,0,-305,,,,
031817,0,0,0,82,,,,
031818,0,0,0,1,,,,
031819,0,0,0,-14,,,,
031820,0,0,0,-203,,,,
031821,0,0,0,10,,,,
031822,0,0,0,-283,,,,
031823,0,0,0,-25,,,,
031824,0,0,0,43,,,,
031829,0,0,0,-195,,,,
031830,0,0,0,46,,,,
031831,0,0,0,340,,,,
031832,0,0,0,47,,,,
031834,0,0,0,-47,,,,
031835,0,0,0,5,,,,
031840,0,0,0,-50,,,,
031841,0,0,0,2,,,,
031843,0,0,0,-165,,,,
031845,0,0,0,-4,,,,
031846,0,0,0,35,,,,
031847,0,0,0,36,,,,
031852,0,0,0,64,,,,
031853,0,0,0,23,,,,
031855,0,0,0,-10,,,,
031856,0,0,0,-100,,,,
031859,0,0,0,-10,,,,
031863,0,0,0,10,,,,
031865,0,0,0,20,,,,
031866,0,0,0,-8,,,,
031867,0,0,0,-876,,,,
031869,0,0,0,14,,,,
031870,0,0,0,-83,,,,
031871,0,0,0,51,,,,
031873,0,0,0,1,,,,
031874,0,0,0,-38,,,,
031876,0,0,0,-52,,,,
031877,0,0,0,26,,,,
031878,0,0,0,18,,,,
031884,0,0,0,57,,,,
031886,0,0,0,22,,,,
031889,0,0,0,10,,,,
031890,0,0,0,181,,,,
031891,0,0,0,-52,,,,
031893,0,0,0,-18,,,,
031895,0,0,0,9,,,,
031902,0,0,0,8,,,,
031904,0,0,0,1564,,,,
031908,0,0,0,-20,,,,
031909,0,0,0,-663,,,,
031911,0,0,0,403,,,,
031912,0,0,0,-29,,,,
031913,0,0,0,138,,,,
031914,0,0,0,5,,,,
031915,0,0,0,-153,,,,
031917,0,0,0,-1,,,,
031918,0,0,0,9,,,,
031919,0,0,0,23,,,,
031920,0,0,0,-7,,,,
031922,0,0,0,137,,,,
031925,0,0,0,-5,,,,
031926,0,0,0,-89,,,,
031927,0,0,0,50,,,,
031928,0,0,0,295,,,,
031929,0,0,0,7,,,,
031930,0,0,0,900,,,,
031931,0,0,0,10,,,,
031932,0,0,0,981,,,,
031935,0,0,0,-304,,,,
031936,0,0,0,-2,,,,
031938,0,0,0,-29,,,,
031942,0,0,0,32,,,,
031943,0,0,0,55,,,,
031944,0,0,0,-15,,,,
031945,0,0,0,-66,,,,
031948,0,0,0,-2,,,,
031951,0,0,0,304,,,,
031952,0,0,0,-53,,,,
031953,0,0,0,-45,,,,
031954,0,0,0,182,,,,
031955,0,0,0,3,,,,
031956,0,0,0,-24,,,,
031957,0,0,0,-55,,,,
031958,0,0,0,115,,,,
031959,0,0,0,6,,,,
031960,0,0,0,-166,,,,
031961,0,0,0,-180,,,,
031962,0,0,0,9,,,,
031963,0,0,0,3,,,,
031965,0,0,0,38,,,,
031967,0,0,0,-637,,,,
031968,0,0,0,-11,,,,
031969,0,0,0,20,,,,
031970,0,0,0,7,,,,
031971,0,0,0,-272,,,,
031972,0,0,0,-136,,,,
031973,0,0,0,631,,,,
031974,0,0,0,78,,,,
031975,0,0,0,145,,,,
031976,0,0,0,-6,,,,
031977,0,0,0,56,,,,
031978,0,0,0,4,,,,
031979,0,0,0,52,,,,
031980,0,0,0,222,,,,
031982,0,0,0,166,,,,
031983,0,0,0,-4,,,,
031985,0,0,0,39,,,,
031986,0,0,0,685,,,,
031987,0,0,0,70,,,,
031989,0,0,0,-761,,,,
031990,0,0,0,11,,,,
031991,0,0,0,-146,,,,
031992,0,0,0,6,,,,
031994,0,0,0,10,,,,
031995,0,0,0,-19,,,,
031996,0,0,0,10,,,,
031997,0,0,0,388,,,,
031998,0,0,0,2,,,,
032002,0,0,0,50,,,,
032003,0,0,0,-71,,,,
032004,0,0,0,209,,,,
032005,0,0,0,16,,,,
032006,0,0,0,-15,,,,
032009,0,0,0,52,,,,
032010,0,0,0,5,,,,
032013,0,0,0,246,,,,
032014,0,0,0,171,,,,
032015,0,0,0,-133,,,,
032018,0,0,0,-1,,,,
032019,0,0,0,-5,,,,
032020,0,0,0,5,,,,
032021,0,0,0,49,,,,
032023,0,0,0,105,,,,
032026,0,0,0,-2,,,,
032029,0,0,0,-40,,,,
032030,0,0,0,15,,,,
032033,0,0,0,59,,,,
032036,0,0,0,35,,,,
032040,0,0,0,639,,,,
032041,0,0,0,35,,,,
032046,0,0,0,0,,,,
032047,0,0,0,-1,,,,
032050,0,0,0,2,,,,
032051,0,0,0,20,,,,
032053,0,0,0,-210,,,,
032055,0,0,0,1,,,,
032056,0,0,0,-72,,,,
032057,0,0,0,-24,,,,
032059,0,0,0,-58,,,,
032062,0,0,0,-72,,,,
032063,0,0,0,-147,,,,
032068,0,0,0,66,,,,
032070,0,0,0,-1,,,,
032071,0,0,0,-195,,,,
032072,0,0,0,-3,,,,
032075,0,0,0,-37,,,,
032076,0,0,0,-450,,,,
032077,0,0,0,-12,,,,
032079,0,0,0,1,,,,
032082,0,0,0,-66,,,,
032085,0,0,0,12,,,,
032086,0,0,0,-16,,,,
032087,0,0,0,5,,,,
032091,0,0,0,-62,,,,
032093,0,0,0,50,,,,
032094,0,0,0,8,,,,
032095,0,0,0,24,,,,
032099,0,0,0,4,,,,
032100,0,0,0,-71,,,,
032101,0,0,0,-215,,,,
032102,0,0,0,115,,,,
032103,0,0,0,-3,,,,
032104,0,0,0,-60,,,,
032105,0,0,0,4,,,,
032106,0,0,0,-2,,,,
032107,0,0,0,136,,,,
032108,0,0,0,16,,,,
032109,0,0,0,-1387,,,,
032110,0,0,0,-526,,,,
032111,0,0,0,95,,,,
032112,0,0,0,-1,,,,
032113,0,0,0,-166,,,,
032115,0,0,0,-50,,,,
032116,0,0,0,-162,,,,
032117,0,0,0,-310,,,,
032118,0,0,0,6,,,,
032119,0,0,0,1700,,,,
032120,0,0,0,-115,,,,
032123,0,0,0,10,,,,
032124,0,0,0,-13,,,,
032125,0,0,0,-30,,,,
032126,0,0,0,-156,,,,
032127,0,0,0,203,,,,
032128,0,0,0,5,,,,
032129,0,0,0,4,,,,
032130,0,0,0,67,,,,
032131,0,0,0,-10,,,,
032133,0,0,0,0,,,,
032136,0,0,0,18,,,,
032137,0,0,0,-4,,,,
032138,0,0,0,-10,,,,
032139,0,0,0,0,,,,
032140,0,0,0,233,,,,
032141,0,0,0,3,,,,
032142,0,0,0,61,,,,
032143,0,0,0,67,,,,
032145,0,0,0,542,,,,
032146,0,0,0,-40,,,,
032149,0,0,0,383,,,,
032150,0,0,0,35,,,,
032151,0,0,0,10,,,,
032153,0,0,0,-132,,,,
032154,0,0,0,3,,,,
032157,0,0,0,1,,,,
032159,0,0,0,-30,,,,
032161,0,0,0,-20,,,,
032162,0,0,0,40,,,,
032163,0,0,0,20,,,,
032164,0,0,0,-62,,,,
032165,0,0,0,10,,,,
032167,0,0,0,120,,,,
032168,0,0,0,8,,,,
032172,0,0,0,32,,,,
032173,0,0,0,-343,,,,
032174,0,0,0,24,,,,
032175,0,0,0,45,,,,
032177,0,0,0,-5,,,,
032179,0,0,0,1,,,,
032180,0,0,0,5,,,,
032182,0,0,0,54,,,,
032184,0,0,0,-239,,,,
032186,0,0,0,80,,,,
032190,0,0,0,5,,,,
032191,0,0,0,-4,,,,
032193,0,0,0,4,,,,
032195,0,0,0,-23,,,,
032196,0,0,0,12,,,,
032197,0,0,0,20,,,,
032199,0,0,0,-70,,,,
032200,0,0,0,36,,,,
032201,0,0,0,48,,,,
032202,0,0,0,118,,,,
032203,0,0,0,10,,,,
032204,0,0,0,-5,,,,
032206,0,0,0,4,,,,
032207,0,0,0,-11,,,,
032208,0,0,0,10,,,,
032212,0,0,0,-75,,,,
032213,0,0,0,-60,,,,
032214,0,0,0,-28,,,,
032215,0,0,0,83,,,,
032217,0,0,0,300,,,,
032219,0,0,0,-1,,,,
03221U,0,0,0,6,,,,
032220,0,0,0,3,,,,
032222,0,0,0,-524,,,,
032223,0,0,0,189,,,,
032224,0,0,0,8,,,,
032226,0,0,0,-28,,,,
032228,0,0,0,0,,,,
032229,0,0,0,-825,,,,
032230,0,0,0,60,,,,
032231,0,0,0,-53,,,,
032232,0,0,0,-37,,,,
032233,0,0,0,183,,,,
032234,0,0,0,-1,,,,
032236,0,0,0,-371,,,,
032237,0,0,0,1,,,,
032239,0,0,0,-2,,,,
03223U,0,0,0,-1,,,,
032242,0,0,0,12,,,,
032245,0,0,0,-1099,,,,
032246,0,0,0,4,,,,
032247,0,0,0,3,,,,
032248,0,0,0,-349,,,,
032249,0,0,0,1,,,,
032250,0,0,0,93,,,,
032251,0,0,0,-466,,,,
032252,0,0,0,-381,,,,
032253,0,0,0,-57,,,,
032255,0,0,0,58,,,,
032256,0,0,0,-128,,,,
032257,0,0,0,-464,,,,
032258,0,0,0,-10,,,,
032260,0,0,0,148,,,,
032261,0,0,0,4,,,,
032265,0,0,0,-7,,,,
032266,0,0,0,-3,,,,
032267,0,0,0,-83,,,,
032268,0,0,0,22,,,,
032269,0,0,0,-24,,,,
032270,0,0,0,11,,,,
032271,0,0,0,-471,,,,
032273,0,0,0,-12,,,,
032275,0,0,0,-42,,,,
032277,0,0,0,-30,,,,
032279,0,0,0,-123,,,,
032280,0,0,0,5,,,,
032281,0,0,0,56,,,,
032282,0,0,0,26,,,,
032283,0,0,0,30,,,,
032284,0,0,0,20,,,,
032285,0,0,0,37,,,,
032288,0,0,0,-4,,,,
032289,0,0,0,29,,,,
032290,0,0,0,-9,,,,
032291,0,0,0,19,,,,
032292,0,0,0,-155,,,,
032293,0,0,0,3,,,,
032294,0,0,0,32,,,,
032296,0,0,0,90,,,,
032297,0,0,0,-1379,,,,
032298,0,0,0,-15,,,,
032300,0,0,0,-136,,,,
032301,0,0,0,238,,,,
032302,0,0,0,40,,,,
032303,0,0,0,37,,,,
032309,0,0,0,-56,,,,
032310,0,0,0,-289,,,,
032312,0,0,0,1,,,,
032314,0,0,0,-95,,,,
032315,0,0,0,100,,,,
032316,0,0,0,11,,,,
032320,0,0,0,28,,,,
032321,0,0,0,-295,,,,
032323,0,0,0,-90,,,,
032326,0,0,0,260,,,,
032327,0,0,0,145,,,,
032329,0,0,0,34,,,,
032330,0,0,0,-1592,,,,
032331,0,0,0,75,,,,
032332,0,0,0,21,,,,
032333,0,0,0,0,,,,
032336,0,0,0,-424,,,,
032338,0,0,0,-16,,,,
032339,0,0,0,-176,,,,
032340,0,0,0,54,,,,
032341,0,0,0,20,,,,
032342,0,0,0,89,,,,
032343,0,0,0,-20,,,,
032344,0,0,0,337,,,,
032350,0,0,0,-44,,,,
032352,0,0,0,-10,,,,
032353,0,0,0,-27,,,,
032356,0,0,0,337,,,,
032357,0,0,0,-59,,,,
032359,0,0,0,-50,,,,
032363,0,0,0,-50,,,,
032364,0,0,0,-6,,,,
032365,0,0,0,0,,,,
032367,0,0,0,-1,,,,
032368,0,0,0,-492,,,,
032370,0,0,0,-12,,,,
032371,0,0,0,-255,,,,
032375,0,0,0,233,,,,
032379,0,0,0,499,,,,
032380,0,0,0,0,,,,
032381,0,0,0,-37,,,,
032382,0,0,0,-26,,,,
032384,0,0,0,-3,,,,
032385,0,0,0,33,,,,
032386,0,0,0,-150,,,,
032389,0,0,0,-7,,,,
032390,0,0,0,12,,,,
032392,0,0,0,-6,,,,
032394,0,0,0,5,,,,
032395,0,0,0,-8,,,,
032397,0,0,0,19,,,,
032401,0,0,0,-135,,,,
032403,0,0,0,-20,,,,
032404,0,0,0,-5,,,,
032406,0,0,0,-42,,,,
032408,0,0,0,-13,,,,
032410,0,0,0,15,,,,
032412,0,0,0,-35,,,,
032413,0,0,0,-22,,,,
032415,0,0,0,-192,,,,
032418,0,0,0,-29,,,,
032420,0,0,0,-42,,,,
032421,0,0,0,-1,,,,
032424,0,0,0,16,,,,
032425,0,0,0,-1066,,,,
032426,0,0,0,-55,,,,
032428,0,0,0,-105,,,,
032429,0,0,0,-50,,,,
032431,0,0,0,-35,,,,
032432,0,0,0,-36,,,,
032433,0,0,0,56,,,,
032441,0,0,0,6,,,,
032442,0,0,0,-140,,,,
032444,0,0,0,162,,,,
032445,0,0,0,80,,,,
032446,0,0,0,-27,,,,
032447,0,0,0,-223,,,,
032448,0,0,0,85,,,,
032449,0,0,0,-10,,,,
032450,0,0,0,-56,,,,
032453,0,0,0,7,,,,
032454,0,0,0,-1,,,,
032455,0,0,0,-134,,,,
032461,0,0,0,5,,,,
032462,0,0,0,-4,,,,
032463,0,0,0,372,,,,
032464,0,0,0,7,,,,
032465,0,0,0,29,,,,
032466,0,0,0,-130,,,,
032467,0,0,0,-10,,,,
032469,0,0,0,157,,,,
032471,0,0,0,50,,,,
032472,0,0,0,7,,,,
032474,0,0,0,15,,,,
032476,0,0,0,-175,,,,
032479,0,0,0,20,,,,
032480,0,0,0,356,,,,
032481,0,0,0,5,,,,
032483,0,0,0,160,,,,
032484,0,0,0,454,,,,
032485,0,0,0,124,,,,
032486,0,0,0,-260,,,,
032487,0,0,0,-11,,,,
032488,0,0,0,209,,,,
032490,0,0,0,-10,,,,
032491,0,0,0,16,,,,
032492,0,0,0,34,,,,
032493,0,0,0,5,,,,
032494,0,0,0,-200,,,,
032498,0,0,0,-100,,,,
032500,0,0,0,-10,,,,
032502,0,0,0,-126,,,,
032504,0,0,0,11,,,,
032505,0,0,0,-52,,,,
032508,0,0,0,-2,,,,
032509,0,0,0,33,,,,
032511,0,0,0,302,,,,
032514,0,0,0,-5,,,,
032515,0,0,0,54,,,,
032516,0,0,0,-158,,,,
032517,0,0,0,-110,,,,
032518,0,0,0,20,,,,
032519,0,0,0,-485,,,,
032520,0,0,0,-595,,,,
032521,0,0,0,-40,,,,
032524,0,0,0,-180,,,,
032526,0,0,0,-2,,,,
032528,0,0,0,14,,,,
032530,0,0,0,-2,,,,
032533,0,0,0,-7,,,,
032535,0,0,0,440,,,,
032537,0,0,0,10,,,,
032538,0,0,0,-171,,,,
032539,0,0,0,79,,,,
032540,0,0,0,0,,,,
032543,0,0,0,3,,,,
032545,0,0,0,-143,,,,
032546,0,0,0,-40,,,,
032547,0,0,0,4,,,,
032548,0,0,0,30,,,,
032556,0,0,0,-19,,,,
032558,0,0,0,-307,,,,
032560,0,0,0,-55,,,,
032563,0,0,0,-10,,,,
032564,0,0,0,5,,,,
032565,0,0,0,36,,,,
032566,0,0,0,-4,,,,
032567,0,0,0,0,,,,
032571,0,0,0,-5,,,,
032575,0,0,0,-20,,,,
032578,0,0,0,-7,,,,
032580,0,0,0,30,,,,
032581,0,0,0,0,,,,
032582,0,0,0,-11,,,,
032584,0,0,0,42,,,,
032589,0,0,0,-150,,,,
032595,0,0,0,-19,,,,
032596,0,0,0,36,,,,
032598,0,0,0,-5,,,,
032599,0,0,0,-808,,,,
032600,0,0,0,32,,,,
032601,0,0,0,515,,,,
032602,0,0,0,9,,,,
032603,0,0,0,-122,,,,
032607,0,0,0,6,,,,
032608,0,0,0,-10,,,,
032609,0,0,0,-26,,,,
032610,0,0,0,18,,,,
032614,0,0,0,16,,,,
032615,0,0,0,2,,,,
032618,0,0,0,-26,,,,
032623,0,0,0,99,,,,
032625,0,0,0,48,,,,
032626,0,0,0,153,,,,
032627,0,0,0,50,,,,
032628,0,0,0,18,,,,
032629,0,0,0,449,,,,
032631,0,0,0,-63,,,,
032633,0,0,0,-317,,,,
032636,0,0,0,30,,,,
032637,0,0,0,2,,,,
032638,0,0,0,-1,,,,
032639,0,0,0,44,,,,
032640,0,0,0,-7,,,,
032641,0,0,0,-379,,,,
032644,0,0,0,30,,,,
032645,0,0,0,5,,,,
032648,0,0,0,172,,,,
032649,0,0,0,-20,,,,
032651,0,0,0,90,,,,
032652,0,0,0,35,,,,
032653,0,0,0,-318,,,,
032657,0,0,0,-159,,,,
032662,0,0,0,529,,,,
032664,0,0,0,-73,,,,
032670,0,0,0,-72,,,,
032674,0,0,0,0,,,,
032676,0,0,0,-30,,,,
032677,0,0,0,-35,,,,
032678,0,0,0,149,,,,
032679,0,0,0,-74,,,,
032683,0,0,0,-23,,,,
032684,0,0,0,-4,,,,
032685,0,0,0,-40,,,,
032686,0,0,0,-22,,,,
032687,0,0,0,5,,,,
032689,0,0,0,10,,,,
032690,0,0,0,-3,,,,
032692,0,0,0,-152,,,,
032693,0,0,0,-35,,,,
032695,0,0,0,-45,,,,
032696,0,0,0,-96,,,,
032699,0,0,0,183,,,,
032701,0,0,0,-10,,,,
032702,0,0,0,0,,,,
032703,0,0,0,-5,,,,
032704,0,0,0,0,,,,
032707,0,0,0,-6,,,,
032710,0,0,0,-35,,,,
032712,0,0,0,-10,,,,
032713,0,0,0,75,,,,
032714,0,0,0,-16,,,,
032715,0,0,0,-14,,,,
032716,0,0,0,-88,,,,
032717,0,0,0,93,,,,
032718,0,0,0,-149,,,,
032719,0,0,0,-426,,,,
03271U,0,0,0,30,,,,
032720,0,0,0,-332,,,,
032721,0,0,0,160,,,,
032722,0,0,0,-174,,,,
032724,0,0,0,-70,,,,
032725,0,0,0,-22,,,,
032726,0,0,0,86,,,,
032727,0,0,0,-4,,,,
032730,0,0,0,0,,,,
032731,0,0,0,-35,,,,
032733,0,0,0,-162,,,,
032734,0,0,0,38,,,,
032736,0,0,0,60,,,,
032737,0,0,0,-5,,,,
032738,0,0,0,2,,,,
03273U,0,0,0,-1,,,,
032740,0,0,0,24,,,,
032745,0,0,0,-23,,,,
032746,0,0,0,-92,,,,
032747,0,0,0,19,,,,
032748,0,0,0,-198,,,,
032749,0,0,0,30,,,,
032750,0,0,0,-19,,,,
032752,0,0,0,2,,,,
032753,0,0,0,-8,,,,
032754,0,0,0,155,,,,
032755,0,0,0,35,,,,
032756,0,0,0,11,,,,
032757,0,0,0,-11,,,,
032758,0,0,0,-74,,,,
032759,0,0,0,-14,,,,
032760,0,0,0,8,,,,
032761,0,0,0,-305,,,,
032762,0,0,0,-941,,,,
032763,0,0,0,248,,,,
032764,0,0,0,168,,,,
032765,0,0,0,-154,,,,
032766,0,0,0,18,,,,
032768,0,0,0,179,,,,
032769,0,0,0,227,,,,
032770,0,0,0,-248,,,,
032771,0,0,0,5,,,,
032776,0,0,0,-146,,,,
03277U,0,0,0,30,,,,
032780,0,0,0,-116,,,,
032781,0,0,0,-9,,,,
032788,0,0,0,-2,,,,
03278U,0,0,0,50,,,,
032790,0,0,0,48,,,,
032791,0,0,0,-24,,,,
032792,0,0,0,20,,,,
032794,0,0,0,86,,,,
032797,0,0,0,-10,,,,
032798,0,0,0,-34,,,,
032799,0,0,0,-8,,,,
032803,0,0,0,-384,,,,
032805,0,0,0,-130,,,,
032806,0,0,0,3,,,,
032812,0,0,0,2,,,,
032813,0,0,0,665,,,,
032814,0,0,0,50,,,,
032817,0,0,0,-132,,,,
032818,0,0,0,0,,,,
032819,0,0,0,-119,,,,
032823,0,0,0,-104,,,,
032824,0,0,0,-342,,,,
032825,0,0,0,-95,,,,
032827,0,0,0,-305,,,,
032832,0,0,0,31,,,,
032834,0,0,0,40,,,,
032837,0,0,0,125,,,,
032839,0,0,0,4,,,,
032840,0,0,0,28,,,,
032842,0,0,0,66,,,,
032844,0,0,0,-19,,,,
032847,0,0,0,305,,,,
032849,0,0,0,127,,,,
032850,0,0,0,7,,,,
032852,0,0,0,-16,,,,
032853,0,0,0,-368,,,,
032854,0,0,0,-27,,,,
032855,0,0,0,15,,,,
032856,0,0,0,-78,,,,
032857,0,0,0,8,,,,
032859,0,0,0,5,,,,
032860,0,0,0,75,,,,
032864,0,0,0,-60,,,,
032865,0,0,0,-110,,,,
032868,0,0,0,-10,,,,
032869,0,0,0,-2,,,,
032872,0,0,0,-2,,,,
032873,0,0,0,-42,,,,
032874,0,0,0,-6,,,,
032875,0,0,0,24,,,,
032877,0,0,0,-57,,,,
032879,0,0,0,-47,,,,
032880,0,0,0,-15,,,,
032881,0,0,0,-25,,,,
032882,0,0,0,1,,,,
032883,0,0,0,310,,,,
032884,0,0,0,6,,,,
032885,0,0,0,-400,,,,
032887,0,0,0,-68,,,,
032891,0,0,0,6,,,,
032893,0,0,0,9,,,,
032897,0,0,0,1,,,,
032898,0,0,0,78,,,,
032901,0,0,0,12,,,,
032903,0,0,0,53,,,,
032905,0,0,0,-2,,,,
032906,0,0,0,-87,,,,
032907,0,0,0,-1,,,,
032908,0,0,0,129,,,,
032910,0,0,0,11,,,,
032911,0,0,0,0,,,,
032913,0,0,0,370,,,,
032914,0,0,0,61,,,,
032922,0,0,0,-10,,,,
032925,0,0,0,-50,,,,
032929,0,0,0,150,,,,
032933,0,0,0,-23,,,,
032935,0,0,0,55,,,,
032936,0,0,0,1400,,,,
032938,0,0,0,83,,,,
032940,0,0,0,-131,,,,
032941,0,0,0,-194,,,,
032942,0,0,0,88,,,,
032943,0,0,0,-5,,,,
032944,0,0,0,-70,,,,
032945,0,0,0,317,,,,
032946,0,0,0,1183,,,,
032947,0,0,0,20,,,,
032948,0,0,0,-86,,,,
032952,0,0,0,88,,,,
032953,0,0,0,-10,,,,
032954,0,0,0,-273,,,,
032955,0,0,0,-164,,,,
032956,0,0,0,-55,,,,
032957,0,0,0,-220,,,,
032959,0,0,0,-292,,,,
032960,0,0,0,70,,,,
032961,0,0,0,30,,,,
032964,0,0,0,0,,,,
032965,0,0,0,-2,,,,
032967,0,0,0,4,,,,
032970,0,0,0,-24,,,,
032971,0,0,0,-424,,,,
032972,0,0,0,170,,,,
032974,0,0,0,-5,,,,
032982,0,0,0,96,,,,
032983,0,0,0,-10,,,,
032986,0,0,0,-792,,,,
032987,0,0,0,210,,,,
032988,0,0,0,4,,,,
032989,0,0,0,14,,,,
032991,0,0,0,329,,,,
032993,0,0,0,-52,,,,
032996,0,0,0,-96,,,,
032998,0,0,0,-23,,,,
032999,0,0,0,-4,,,,
033000,0,0,0,-6,,,,
033001,0,0,0,-321,,,,
033002,0,0,0,-107,,,,
033003,0,0,0,60,,,,
033004,0,0,0,-489,,,,
033006,0,0,0,0,,,,
033011,0,0,0,12,,,,
033012,0,0,0,-58,,,,
033016,0,0,0,-77,,,,
033018,0,0,0,-52,,,,
033020,0,0,0,-10,,,,
033023,0,0,0,82,,,,
033024,0,0,0,144,,,,
033025,0,0,0,-10,,,,
033026,0,0,0,18,,,,
033028,0,0,0,99,,,,
033029,0,0,0,2,,,,
033030,0,0,0,-3,,,,
033031,0,0,0,461,,,,
033032,0,0,0,339,,,,
033033,0,0,0,144,,,,
033035,0,0,0,102,,,,
033036,0,0,0,297,,,,
033037,0,0,0,925,,,,
033039,0,0,0,-8,,,,
03303U,0,0,0,5,,,,
033041,0,0,0,-1,,,,
033042,0,0,0,-107,,,,
033045,0,0,0,-67,,,,
033046,0,0,0,-196,,,,
033048,0,0,0,1,,,,
033049,0,0,0,-15,,,,
033051,0,0,0,-444,,,,
033052,0,0,0,161,,,,
033054,0,0,0,-195,,,,
033058,0,0,0,-5,,,,
033060,0,0,0,31,,,,
033061,0,0,0,-136,,,,
033064,0,0,0,-12,,,,
033066,0,0,0,-74,,,,
033067,0,0,0,-30,,,,
033071,0,0,0,-31,,,,
033072,0,0,0,18,,,,
033075,0,0,0,38,,,,
033076,0,0,0,2,,,,
033077,0,0,0,74,,,,
033078,0,0,0,-16,,,,
033081,0,0,0,13,,,,
033084,0,0,0,-21,,,,
033085,0,0,0,-23,,,,
033086,0,0,0,1,,,,
033087,0,0,0,-11,,,,
033088,0,0,0,-61,,,,
033091,0,0,0,-104,,,,
033092,0,0,0,-79,,,,
033093,0,0,0,-51,,,,
033095,0,0,0,-159,,,,
033096,0,0,0,-217,,,,
033097,0,0,0,-37,,,,
033098,0,0,0,1449,,,,
033099,0,0,0,20,,,,
033110,0,0,0,34,,,,
033113,0,0,0,3,,,,
033114,0,0,0,96,,,,
033116,0,0,0,46,,,,
033117,0,0,0,20,,,,
033120,0,0,0,46,,,,
033121,0,0,0,-461,,,,
033122,0,0,0,129,,,,
033123,0,0,0,0,,,,
033125,0,0,0,1,,,,
033126,0,0,0,-75,,,,
033127,0,0,0,-1,,,,
033129,0,0,0,1,,,,
033130,0,0,0,148,,,,
033131,0,0,0,-352,,,,
033132,0,0,0,-98,,,,
033133,0,0,0,-5,,,,
033134,0,0,0,-133,,,,
033135,0,0,0,-193,,,,
033136,0,0,0,-306,,,,
033137,0,0,0,-5,,,,
033138,0,0,0,-10,,,,
033140,0,0,0,-30,,,,
033143,0,0,0,114,,,,
033144,0,0,0,24,,,,
033145,0,0,0,20,,,,
033151,0,0,0,-442,,,,
033153,0,0,0,-5,,,,
033154,0,0,0,-30,,,,
033155,0,0,0,1,,,,
033163,0,0,0,-10,,,,
033164,0,0,0,-166,,,,
033168,0,0,0,878,,,,
033169,0,0,0,229,,,,
033170,0,0,0,3,,,,
033172,0,0,0,-73,,,,
033174,0,0,0,14,,,,
033175,0,0,0,60,,,,
033177,0,0,0,-6,,,,
033178,0,0,0,-22,,,,
033179,0,0,0,169,,,,
033181,0,0,0,54,,,,
033184,0,0,0,236,,,,
033185,0,0,0,-45,,,,
033186,0,0,0,1,,,,
033187,0,0,0,-62,,,,
033190,0,0,0,-332,,,,
033191,0,0,0,58,,,,
033192,0,0,0,-164,,,,
033193,0,0,0,-116,,,,
033194,0,0,0,163,,,,
033195,0,0,0,-160,,,,
033196,0,0,0,-10,,,,
033197,0,0,0,201,,,,
033199,0,0,0,-4,,,,
033201,0,0,0,349,,,,
033202,0,0,0,-25,,,,
033205,0,0,0,-142,,,,
033207,0,0,0,-403,,,,
033208,0,0,0,96,,,,
033209,0,0,0,40,,,,
033210,0,0,0,-25,,,,
033211,0,0,0,-6,,,,
033212,0,0,0,-150,,,,
033220,0,0,0,25,,,,
033221,0,0,0,2,,,,
033222,0,0,0,-121,,,,
033224,0,0,0,234,,,,
033225,0,0,0,312,,,,
033228,0,0,0,-318,,,,
033231,0,0,0,10,,,,
033233,0,0,0,100,,,,
033234,0,0,0,-23,,,,
033238,0,0,0,25,,,,
033240,0,0,0,1,,,,
033245,0,0,0,-24,,,,
033246,0,0,0,137,,,,
033248,0,0,0,23,,,,
033251,0,0,0,-92,,,,
033252,0,0,0,-90,,,,
033254,0,0,0,-236,,,,
033255,0,0,0,-13,,,,
033259,0,0,0,-22,,,,
033261,0,0,0,-344,,,,
033264,0,0,0,82,,,,
033265,0,0,0,0,,,,
033267,0,0,0,16,,,,
033268,0,0,0,-196,,,,
033269,0,0,0,-146,,,,
033270,0,0,0,63,,,,
033271,0,0,0,5,,,,
033273,0,0,0,-214,,,,
033274,0,0,0,-12,,,,
033276,0,0,0,-63,,,,
033277,0,0,0,159,,,,
033278,0,0,0,385,,,,
033279,0,0,0,45,,,,
033280,0,0,0,-193,,,,
033281,0,0,0,3,,,,
033284,0,0,0,37,,,,
033286,0,0,0,-8,,,,
033287,0,0,0,-31,,,,
033289,0,0,0,-402,,,,
033291,0,0,0,-1222,,,,
033292,0,0,0,7,,,,
033293,0,0,0,-27,,,,
033295,0,0,0,26,,,,
033298,0,0,0,-7,,,,
033299,0,0,0,-14,,,,
033301,0,0,0,-877,,,,
033302,0,0,0,418,,,,
033303,0,0,0,13,,,,
033305,0,0,0,-10,,,,
033306,0,0,0,-33,,,,
033307,0,0,0,0,,,,
033309,0,0,0,-4,,,,
033310,0,0,0,4,,,,
033313,0,0,0,17,,,,
033317,0,0,0,3,,,,
033319,0,0,0,-241,,,,
033320,0,0,0,-23,,,,
033323,0,0,0,0,,,,
033326,0,0,0,-12,,,,
033328,0,0,0,-4,,,,
033329,0,0,0,5,,,,
033330,0,0,0,899,,,,
033334,0,0,0,20,,,,
033339,0,0,0,9,,,,
033341,0,0,0,-1,,,,
033343,0,0,0,44,,,,
033345,0,0,0,-74,,,,
033346,0,0,0,5,,,,
033347,0,0,0,83,,,,
033348,0,0,0,295,,,,
033349,0,0,0,-44,,,,
033352,0,0,0,-145,,,,
033353,0,0,0,2,,,,
033355,0,0,0,-47,,,,
033357,0,0,0,-88,,,,
033359,0,0,0,-361,,,,
033361,0,0,0,-30,,,,
033362,0,0,0,-60,,,,
033365,0,0,0,42,,,,
033368,0,0,0,38,,,,
033369,0,0,0,-92,,,,
033375,0,0,0,86,,,,
033378,0,0,0,59,,,,
033379,0,0,0,-12,,,,
033381,0,0,0,77,,,,
033385,0,0,0,-24,,,,
033386,0,0,0,-6,,,,
033389,0,0,0,-153,,,,
033390,0,0,0,-20,,,,
033394,0,0,0,-1593,,,,
033398,0,0,0,10,,,,
033400,0,0,0,-110,,,,
033401,0,0,0,-80,,,,
033403,0,0,0,21,,,,
033406,0,0,0,48,,,,
033407,0,0,0,145,,,,
033408,0,0,0,-1,,,,
033409,0,0,0,10,,,,
033410,0,0,0,10,,,,
033411,0,0,0,0,,,,
033412,0,0,0,-11,,,,
033414,0,0,0,-9,,,,
033415,0,0,0,-23,,,,
033416,0,0,0,-5,,,,
033419,0,0,0,-15,,,,
033421,0,0,0,7,,,,
033422,0,0,0,10,,,,
033423,0,0,0,185,,,,
033427,0,0,0,38,,,,
033430,0,0,0,-434,,,,
033431,0,0,0,26,,,,
033436,0,0,0,8,,,,
033438,0,0,0,-10,,,,
033440,0,0,0,-61,,,,
033441,0,0,0,174,,,,
033442,0,0,0,-46,,,,
033444,0,0,0,29,,,,
033445,0,0,0,202,,,,
033447,0,0,0,1,,,,
033448,0,0,0,-91,,,,
033451,0,0,0,8,,,,
033456,0,0,0,5,,,,
033457,0,0,0,-20,,,,
033460,0,0,0,114,,,,
033461,0,0,0,200,,,,
033462,0,0,0,-1,,,,
033463,0,0,0,17,,,,
033464,0,0,0,80,,,,
033467,0,0,0,120,,,,
033468,0,0,0,100,,,,
033469,0,0,0,1461,,,,
033471,0,0,0,-166,,,,
033473,0,0,0,35,,,,
033474,0,0,0,-2,,,,
033475,0,0,0,-100,,,,
033477,0,0,0,-46,,,,
033478,0,0,0,359,,,,
033480,0,0,0,-167,,,,
033482,0,0,0,12,,,,
033483,0,0,0,22,,,,
033485,0,0,0,2,,,,
033488,0,0,0,4,,,,
033492,0,0,0,145,,,,
033493,0,0,0,-156,,,,
033496,0,0,0,558,,,,
033497,0,0,0,242,,,,
033498,0,0,0,13,,,,
033499,0,0,0,-366,,,,
033500,0,0,0,-522,,,,
033505,0,0,0,-5,,,,
033506,0,0,0,40,,,,
033507,0,0,0,-4,,,,
033508,0,0,0,-104,,,,
033509,0,0,0,935,,,,
033516,0,0,0,-3,,,,
033519,0,0,0,42,,,,
033525,0,0,0,-41,,,,
033526,0,0,0,8,,,,
03352U,0,0,0,9,,,,
033533,0,0,0,-120,,,,
033535,0,0,0,31,,,,
033539,0,0,0,133,,,,
033540,0,0,0,-10,,,,
033542,0,0,0,-402,,,,
033543,0,0,0,-1978,,,,
033544,0,0,0,-519,,,,
033546,0,0,0,7,,,,
033547,0,0,0,-34,,,,
033548,0,0,0,40,,,,
033549,0,0,0,-270,,,,
03354U,0,0,0,20,,,,
033550,0,0,0,-181,,,,
033551,0,0,0,-72,,,,
033552,0,0,0,224,,,,
033553,0,0,0,-60,,,,
033554,0,0,0,19,,,,
033556,0,0,0,45,,,,
033558,0,0,0,-65,,,,
033559,0,0,0,-40,,,,
033560,0,0,0,55,,,,
033561,0,0,0,-54,,,,
033562,0,0,0,38,,,,
033563,0,0,0,10,,,,
033564,0,0,0,-10,,,,
033568,0,0,0,-26,,,,
033570,0,0,0,-2,,,,
033571,0,0,0,48,,,,
033575,0,0,0,373,,,,
033576,0,0,0,3,,,,
033577,0,0,0,16,,,,
033578,0,0,0,-401,,,,
033579,0,0,0,-53,,,,
033580,0,0,0,6,,,,
033582,0,0,0,-11,,,,
033583,0,0,0,-10,,,,
033584,0,0,0,-10,,,,
033587,0,0,0,48,,,,
033588,0,0,0,-6,,,,
033590,0,0,0,-80,,,,
033591,0,0,0,75,,,,
033592,0,0,0,-131,,,,
033594,0,0,0,-29,,,,
033596,0,0,0,28,,,,
033597,0,0,0,-76,,,,
033598,0,0,0,182,,,,
033601,0,0,0,3,,,,
033602,0,0,0,66,,,,
033603,0,0,0,13,,,,
033607,0,0,0,-35,,,,
033608,0,0,0,-27,,,,
033609,0,0,0,52,,,,
033611,0,0,0,-42,,,,
033612,0,0,0,-3,,,,
033613,0,0,0,-2,,,,
033615,0,0,0,-30,,,,
033618,0,0,0,104,,,,
033619,0,0,0,-478,,,,
033620,0,0,0,191,,,,
033621,0,0,0,-209,,,,
033626,0,0,0,21,,,,
033627,0,0,0,82,,,,
033628,0,0,0,17,,,,
033631,0,0,0,-413,,,,
033634,0,0,0,-23,,,,
033635,0,0,0,220,,,,
033636,0,0,0,-17,,,,
033640,0,0,0,-50,,,,
033642,0,0,0,-20,,,,
033643,0,0,0,15,,,,
033645,0,0,0,426,,,,
033646,0,0,0,338,,,,
033647,0,0,0,-18,,,,
033649,0,0,0,80,,,,
033650,0,0,0,20,,,,
033652,0,0,0,-680,,,,
033653,0,0,0,-179,,,,
033654,0,0,0,-39,,,,
033656,0,0,0,-599,,,,
033657,0,0,0,109,,,,
033658,0,0,0,48,,,,
033659,0,0,0,-71,,,,
033660,0,0,0,8,,,,
033662,0,0,0,-2,,,,
033664,0,0,0,8,,,,
033665,0,0,0,686,,,,
033669,0,0,0,-24,,,,
033670,0,0,0,-513,,,,
033671,0,0,0,-30,,,,
033672,0,0,0,-6,,,,
033673,0,0,0,13,,,,
033677,0,0,0,-10,,,,
033679,0,0,0,-3,,,,
033680,0,0,0,-25,,,,
033683,0,0,0,-71,,,,
033685,0,0,0,5,,,,
033687,0,0,0,-12,,,,
033688,0,0,0,67,,,,
033689,0,0,0,-20,,,,
033691,0,0,0,56,,,,
033692,0,0,0,93,,,,
033694,0,0,0,-547,,,,
033695,0,0,0,86,,,,
033700,0,0,0,-5,,,,
033701,0,0,0,-100,,,,
033702,0,0,0,-68,,,,
033703,0,0,0,-69,,,,
033704,0,0,0,70,,,,
033705,0,0,0,2140,,,,
033707,0,0,0,-1,,,,
033708,0,0,0,152,,,,
033709,0,0,0,-2,,,,
033719,0,0,0,3,,,,
033724,0,0,0,-2,,,,
033725,0,0,0,20,,,,
033726,0,0,0,-466,,,,
033727,0,0,0,8,,,,
033728,0,0,0,23,,,,
033729,0,0,0,8,,,,
033730,0,0,0,69,,,,
033731,0,0,0,26,,,,
033733,0,0,0,4,,,,
033735,0,0,0,-247,,,,
033737,0,0,0,14,,,,
033741,0,0,0,-11,,,,
033743,0,0,0,-56,,,,
033745,0,0,0,4,,,,
033747,0,0,0,1,,,,
033749,0,0,0,-91,,,,
033751,0,0,0,2,,,,
033752,0,0,0,51,,,,
033753,0,0,0,-132,,,,
033755,0,0,0,284,,,,
033756,0,0,0,-100,,,,
033758,0,0,0,-100,,,,
033762,0,0,0,9,,,,
033763,0,0,0,-95,,,,
033764,0,0,0,-73,,,,
033766,0,0,0,-3,,,,
033771,0,0,0,-122,,,,
033772,0,0,0,47,,,,
033773,0,0,0,117,,,,
033774,0,0,0,0,,,,
033775,0,0,0,-166,,,,
033776,0,0,0,-390,,,,
033777,0,0,0,-157,,,,
033778,0,0,0,-10,,,,
033779,0,0,0,138,,,,
033783,0,0,0,-10,,,,
033784,0,0,0,-90,,,,
033785,0,0,0,17,,,,
033787,0,0,0,14,,,,
033788,0,0,0,20,,,,
033789,0,0,0,7,,,,
033790,0,0,0,-75,,,,
033792,0,0,0,78,,,,
033793,0,0,0,111,,,,
033794,0,0,0,-6,,,,
033797,0,0,0,445,,,,
033799,0,0,0,262,,,,
03379U,6,0,0,-6,,,,
033800,0,0,0,253,,,,
033803,0,0,0,-821,,,,
033804,0,0,0,437,,,,
033808,0,0,0,0,,,,
033809,0,0,0,5,,,,
033811,0,0,0,24,,,,
033813,0,0,0,10,,,,
033815,0,0,0,-38,,,,
033816,0,0,0,-30,,,,
033818,0,0,0,1,,,,
033827,0,0,0,314,,,,
033829,0,0,0,15,,,,
03382U,0,0,0,-150,,,,
033830,0,0,0,10,,,,
033834,0,0,0,54,,,,
033836,0,0,0,-10,,,,
033837,0,0,0,4,,,,
033840,0,0,0,-5,,,,
033842,0,0,0,5,,,,
033843,0,0,0,-21,,,,
033844,0,0,0,-55,,,,
033845,0,0,0,52,,,,
033846,0,0,0,12,,,,
033847,0,0,0,-7,,,,
033848,0,0,0,370,,,,
033849,0,0,0,61,,,,
033850,0,0,0,-2,,,,
033851,0,0,0,37,,,,
033853,0,0,0,431,,,,
033854,0,0,0,38,,,,
033855,0,0,0,142,,,,
033856,0,0,0,1,,,,
033861,0,0,0,15,,,,
033862,0,0,0,-257,,,,
033863,0,0,0,52,,,,
033865,0,0,0,22,,,,
033866,0,0,0,-34,,,,
033867,0,0,0,-60,,,,
033868,0,0,0,-13,,,,
033869,0,0,0,32,,,,
033870,0,0,0,173,,,,
033871,0,0,0,-17,,,,
033873,0,0,0,-166,,,,
033876,0,0,0,-17,,,,
033877,0,0,0,-5,,,,
033878,0,0,0,-21,,,,
033883,0,0,0,-10,,,,
033886,0,0,0,116,,,,
033887,0,0,0,27,,,,
033891,0,0,0,-100,,,,
033895,0,0,0,5,,,,
033897,0,0,0,30,,,,
033898,0,0,0,13,,,,
033899,0,0,0,0,,,,
033900,0,0,0,-2,,,,
033901,0,0,0,7,,,,
033902,0,0,0,38,,,,
033906,0,0,0,-26,,,,
033908,0,0,0,41,,,,
033910,0,0,0,-22,,,,
033912,0,0,0,26,,,,
033915,0,0,0,-29,,,,
033916,0,0,0,-3,,,,
033919,0,0,0,-15,,,,
033926,0,0,0,-5,,,,
033927,0,0,0,3,,,,
033934,0,0,0,-9,,,,
033937,0,0,0,11,,,,
033938,0,0,0,-50,,,,
033939,0,0,0,20,,,,
033943,0,0,0,-124,,,,
033944,0,0,0,-22,,,,
033945,0,0,0,-19,,,,
033946,0,0,0,-244,,,,
033947,0,0,0,225,,,,
033948,0,0,0,81,,,,
033949,0,0,0,-80,,,,
033950,0,0,0,-5,,,,
033951,0,0,0,946,,,,
033953,0,0,0,193,,,,
033955,0,0,0,1,,,,
033957,0,0,0,63,,,,
033961,0,0,0,-21,,,,
033962,0,0,0,-429,,,,
033964,0,0,0,127,,,,
033966,0,0,0,-193,,,,
033967,0,0,0,-10,,,,
033968,0,0,0,-217,,,,
033970,0,0,0,46,,,,
033972,0,0,0,185,,,,
033973,0,0,0,-213,,,,
033976,0,0,0,55,,,,
033977,0,0,0,626,,,,
033979,0,0,0,-137,,,,
03397U,0,0,0,12,,,,
033980,0,0,0,-50,,,,
033981,0,0,0,-40,,,,
033982,0,0,0,22,,,,
033984,0,0,0,185,,,,
033985,0,0,0,-24,,,,
033986,0,0,0,48,,,,
033988,0,0,0,-22,,,,
033989,0,0,0,-4,,,,
03398U,0,0,0,107,,,,
033990,0,0,0,-5,,,,
033991,0,0,0,7,,,,
033992,0,0,0,40,,,,
033994,0,0,0,-15,,,,
033995,0,0,0,-3,,,,
033996,0,0,0,18,,,,
033998,0,0,0,13,,,,
034003,0,0,0,126,,,,
034004,0,0,0,72,,,,
034005,0,0,0,-160,,,,
034007,0,0,0,169,,,,
034008,0,0,0,-573,,,,
034009,0,0,0,74,,,,
034011,0,0,0,19,,,,
034013,0,0,0,-4,,,,
034015,0,0,0,1,,,,
034016,0,0,0,337,,,,
034021,0,0,0,42,,,,
034025,0,0,0,-10,,,,
034026,0,0,0,758,,,,
034027,0,0,0,-114,,,,
034028,0,0,0,79,,,,
034030,0,0,0,649,,,,
034033,0,0,0,29,,,,
034035,0,0,0,-28,,,,
034036,0,0,0,-19,,,,
034037,0,0,0,-9,,,,
034040,0,0,0,-105,,,,
034041,0,0,0,4,,,,
034042,0,0,0,18,,,,
034043,0,0,0,-77,,,,
034045,0,0,0,40,,,,
034046,0,0,0,-18,,,,
034047,0,0,0,-579,,,,
034052,0,0,0,25,,,,
034054,0,0,0,-28,,,,
034055,0,0,0,-2,,,,
034056,0,0,0,228,,,,
034058,0,0,0,-34,,,,
034059,0,0,0,109,,,,
034064,0,0,0,50,,,,
034066,0,0,0,500,,,,
034068,0,0,0,81,,,,
034069,0,0,0,0,,,,
034073,0,0,0,-1066,,,,
034074,0,0,0,37,,,,
034075,0,0,0,30,,,,
034082,0,0,0,-78,,,,
034083,0,0,0,13,,,,
034085,0,0,0,-2239,,,,
034088,0,0,0,82,,,,
034095,0,0,0,-84,,,,
034097,0,0,0,23,,,,
034103,0,0,0,-1,,,,
034104,0,0,0,-63,,,,
034106,0,0,0,-5,,,,
034108,0,0,0,943,,,,
034113,0,0,0,40,,,,
034115,0,0,0,-8,,,,
034116,0,0,0,14,,,,
034117,0,0,0,6,,,,
034118,0,0,0,26,,,,
034119,0,0,0,0,,,,
034123,0,0,0,10,,,,
034124,0,0,0,-29,,,,
034125,0,0,0,14,,,,
034127,0,0,0,57,,,,
034134,0,0,0,40,,,,
03413U,0,0,0,1,,,,
034141,0,0,0,-43,,,,
034145,0,0,0,-40,,,,
034147,0,0,0,65,,,,
034148,0,0,0,9,,,,
034149,0,0,0,-55,,,,
034151,0,0,0,-97,,,,
034153,0,0,0,-145,,,,
034157,0,0,0,100,,,,
034159,0,0,0,33,,,,
034161,0,0,0,60,,,,
034162,0,0,0,-11,,,,
034164,0,0,0,169,,,,
034165,0,0,0,120,,,,
034166,0,0,0,-85,,,,
034170,0,0,0,564,,,,
034171,0,0,0,-20,,,,
034173,0,0,0,-19,,,,
034174,0,0,0,1,,,,
034178,0,0,0,9,,,,
034179,0,0,0,-34,,,,
034180,0,0,0,-115,,,,
034181,0,0,0,-154,,,,
034183,0,0,0,307,,,,
034184,0,0,0,281,,,,
034185,0,0,0,50,,,,
034186,0,0,0,67,,,,
034187,0,0,0,-286,,,,
034189,0,0,0,-165,,,,
034190,0,0,0,-10,,,,
034191,0,0,0,-1,,,,
034192,0,0,0,-24,,,,
034195,0,0,0,-10,,,,
034196,0,0,0,19,,,,
034198,0,0,0,-32,,,,
034203,0,0,0,-1280,,,,
034205,0,0,0,-5,,,,
034207,0,0,0,79,,,,
034211,0,0,0,47,,,,
034212,0,0,0,13,,,,
034216,0,0,0,1,,,,
034217,0,0,0,-4,,,,
034218,0,0,0,-5,,,,
034219,0,0,0,-10,,,,
034225,0,0,0,31,,,,
034227,0,0,0,10,,,,
034228,0,0,0,194,,,,
034229,0,0,0,-17,,,,
03422U,0,0,0,152,,,,
034233,0,0,0,30,,,,
034238,0,0,0,144,,,,
034239,0,0,0,-260,,,,
03423U,0,0,0,9,,,,
034240,0,0,0,10,,,,
034242,0,0,0,-250,,,,
034243,0,0,0,125,,,,
034244,0,0,0,68,,,,
034246,0,0,0,32,,,,
034247,0,0,0,-9,,,,
034248,0,0,0,-258,,,,
034249,0,0,0,-107,,,,
034251,0,0,0,-246,,,,
034253,0,0,0,-82,,,,
034254,0,0,0,-10,,,,
034255,0,0,0,-10,,,,
034256,0,0,0,100,,,,
034257,0,0,0,-110,,,,
034258,0,0,0,10,,,,
034260,0,0,0,-138,,,,
034261,0,0,0,420,,,,
034263,0,0,0,310,,,,
034264,0,0,0,12,,,,
034265,0,0,0,-281,,,,
034266,0,0,0,193,,,,
034268,6,0,0,95,,,,
034271,0,0,0,3,,,,
034272,0,0,0,46,,,,
034274,0,0,0,7,,,,
034276,0,0,0,-121,,,,
034277,0,0,0,122,,,,
034278,0,0,0,-260,,,,
034279,0,0,0,-8,,,,
034280,0,0,0,2,,,,
034282,0,0,0,-35,,,,
034283,0,0,0,-4,,,,
034284,0,0,0,219,,,,
034285,0,0,0,80,,,,
034286,0,0,0,-15,,,,
034287,0,0,0,-58,,,,
034288,0,0,0,-99,,,,
034290,0,0,0,-1,,,,
034300,0,0,0,-200,,,,
034303,0,0,0,2,,,,
034305,0,0,0,1,,,,
034309,0,0,0,-14,,,,
034312,0,0,0,-231,,,,
034313,0,0,0,-15,,,,
034314,0,0,0,17,,,,
034320,0,0,0,13,,,,
034322,0,0,0,-25,,,,
034324,0,0,0,-304,,,,
034325,0,0,0,-1,,,,
034326,0,0,0,642,,,,
034327,0,0,0,60,,,,
034328,0,0,0,-10,,,,
034329,0,0,0,-37,,,,
034333,0,0,0,-300,,,,
034335,0,0,0,-23,,,,
034336,0,0,0,-1061,,,,
034338,0,0,0,-195,,,,
034341,0,0,0,-193,,,,
034343,0,0,0,-6,,,,
034344,0,0,0,-15,,,,
034345,0,0,0,-10,,,,
034347,0,0,0,3,,,,
034348,0,0,0,-7,,,,
034350,0,0,0,30,,,,
034351,0,0,0,277,,,,
034354,0,0,0,20,,,,
034357,0,0,0,-13,,,,
034359,0,0,0,-1,,,,
034361,0,0,0,2,,,,
034362,0,0,0,-13,,,,
034366,0,0,0,1,,,,
034367,0,0,0,-50,,,,
034368,0,0,0,499,,,,
034369,0,0,0,31,,,,
034370,0,0,0,48,,,,
034371,0,0,0,33,,,,
034373,0,0,0,111,,,,
034374,0,0,0,434,,,,
034375,0,0,0,23,,,,
034376,0,0,0,-15,,,,
034377,0,0,0,220,,,,
034378,0,0,0,-541,,,,
034379,0,0,0,32,,,,
034380,0,0,0,-285,,,,
034383,0,0,0,1194,,,,
034384,0,0,0,8,,,,
034385,0,0,0,154,,,,
034387,0,0,0,3,,,,
034388,0,0,0,-2,,,,
034390,0,0,0,-15,,,,
034391,0,0,0,-7,,,,
034394,0,0,0,-153,,,,
034398,0,0,0,-8,,,,
034400,0,0,0,-27,,,,
034402,0,0,0,18,,,,
034408,0,0,0,-20,,,,
034411,0,0,0,20,,,,
034413,0,0,0,22,,,,
034415,0,0,0,-1,,,,
034418,0,0,0,6,,,,
034419,0,0,0,50,,,,
034420,0,0,0,3,,,,
034423,0,0,0,139,,,,
034424,0,0,0,-32,,,,
034425,0,0,0,-100,,,,
034427,0,0,0,-56,,,,
034428,0,0,0,21,,,,
034429,0,0,0,-87,,,,
034432,0,0,0,-370,,,,
034433,0,0,0,-31,,,,
034435,0,0,0,-12,,,,
034437,0,0,0,-145,,,,
034438,0,0,0,-21,,,,
034439,0,0,0,-136,,,,
034440,0,0,0,-259,,,,
034442,0,0,0,-85,,,,
034444,0,0,0,148,,,,
034447,0,0,0,470,,,,
034448,0,0,0,533,,,,
034451,0,0,0,-300,,,,
034453,0,0,0,-9,,,,
034455,0,0,0,-260,,,,
034456,0,0,0,137,,,,
034457,0,0,0,509,,,,
034458,0,0,0,-33,,,,
034460,0,0,0,8,,,,
034465,0,0,0,-10,,,,
034468,0,0,0,-39,,,,
034469,0,0,0,-66,,,,
03446U,0,0,0,50,,,,
034470,0,0,0,-20,,,,
034472,0,0,0,424,,,,
034473,0,0,0,344,,,,
034474,0,0,0,-66,,,,
034484,0,0,0,-5,,,,
034485,0,0,0,88,,,,
034486,0,0,0,-26,,,,
034487,0,0,0,317,,,,
034488,0,0,0,18,,,,
034489,0,0,0,8,,,,
034491,0,0,0,-13,,,,
034493,0,0,0,-52,,,,
034495,0,0,0,-8,,,,
034496,0,0,0,-9,,,,
034502,0,0,0,0,,,,
034506,0,0,0,10,,,,
034508,0,0,0,32,,,,
034509,0,0,0,15,,,,
034510,0,0,0,-242,,,,
034514,0,0,0,70,,,,
034515,0,0,0,-15,,,,
034516,0,0,0,-3,,,,
034517,0,0,0,31,,,,
034520,0,0,0,190,,,,
034522,0,0,0,-107,,,,
034523,0,0,0,-20,,,,
034525,0,0,0,0,,,,
034527,0,0,0,-10,,,,
034528,0,0,0,-6,,,,
034529,0,0,0,64,,,,
034530,0,0,0,-154,,,,
034534,0,0,0,-195,,,,
034539,0,0,0,-3,,,,
034540,0,0,0,-5,,,,
034541,0,0,0,-2277,,,,
034543,0,0,0,100,,,,
034544,0,0,0,-240,,,,
034546,0,0,0,-20,,,,
034548,0,0,0,118,,,,
034550,0,0,0,-9,,,,
034553,0,0,0,-84,,,,
034554,0,0,0,-150,,,,
034556,0,0,0,-231,,,,
034559,0,0,0,3,,,,
034560,0,0,0,-5,,,,
034561,0,0,0,22,,,,
034562,0,0,0,43,,,,
034563,0,0,0,6,,,,
034568,0,0,0,5,,,,
034571,0,0,0,30,,,,
034572,0,0,0,-5,,,,
034573,0,0,0,-230,,,,
034574,0,0,0,10,,,,
034575,0,0,0,118,,,,
034579,0,0,0,23,,,,
03457U,0,0,0,200,,,,
034581,0,0,0,-300,,,,
034582,0,0,0,-332,,,,
034583,0,0,0,-533,,,,
034586,0,0,0,-71,,,,
034587,0,0,0,30,,,,
034588,0,0,0,7,,,,
034591,0,0,0,-146,,,,
034592,0,0,0,-11,,,,
034593,0,0,0,-1,,,,
034594,0,0,0,75,,,,
034595,0,0,0,-82,,,,
034596,0,0,0,-465,,,,
034597,0,0,0,-137,,,,
034598,0,0,0,11,,,,
034599,0,0,0,-85,,,,
034603,0,0,0,229,,,,
034604,0,0,0,633,,,,
034605,0,0,0,40,,,,
034607,0,0,0,34,,,,
034608,0,0,0,-22,,,,
034609,0,0,0,139,,,,
034611,0,0,0,20,,,,
034612,0,0,0,450,,,,
034614,0,0,0,-47,,,,
034616,0,0,0,-43,,,,
034617,0,0,0,-38,,,,
034623,0,0,0,14,,,,
034624,0,0,0,-19,,,,
034626,0,0,0,-14,,,,
034628,0,0,0,8,,,,
034629,0,0,0,100,,,,
034637,0,0,0,90,,,,
034642,0,0,0,20,,,,
034643,0,0,0,31,,,,
034644,0,0,0,-193,,,,
034645,0,0,0,-140,,,,
034646,0,0,0,1,,,,
034648,0,0,0,44,,,,
034649,0,0,0,-32,,,,
034650,0,0,0,22,,,,
034651,0,0,0,-151,,,,
034654,0,0,0,22,,,,
034656,0,0,0,40,,,,
034660,0,0,0,-120,,,,
034661,0,0,0,-29,,,,
034662,0,0,0,95,,,,
034663,0,0,0,-101,,,,
034669,0,0,0,9,,,,
034672,0,0,0,-15,,,,
034674,0,0,0,10,,,,
034675,0,0,0,-9,,,,
034676,0,0,0,70,,,,
034679,0,0,0,-7,,,,
034680,0,0,0,-244,,,,
034681,0,0,0,31,,,,
034682,0,0,0,20,,,,
034687,0,0,0,-41,,,,
034688,0,0,0,31,,,,
034691,0,0,0,-70,,,,
034692,0,0,0,74,,,,
034693,0,0,0,-25,,,,
034696,0,0,0,-40,,,,
034698,0,0,0,-6,,,,
034700,0,0,0,-100,,,,
034701,0,0,0,-10,,,,
034712,0,0,0,9,,,,
034716,0,0,0,9,,,,
034721,0,0,0,24,,,,
034727,0,0,0,49,,,,
034728,0,0,0,-10,,,,
034731,0,0,0,9,,,,
034733,0,0,0,-112,,,,
034736,0,0,0,-11,,,,
034737,0,0,0,40,,,,
034738,0,0,0,-9,,,,
034739,0,0,0,23,,,,
034741,0,0,0,65,,,,
034743,0,0,0,13,,,,
034744,0,0,0,-2,,,,
034746,0,0,0,7,,,,
034754,0,0,0,-25,,,,
034755,0,0,0,-190,,,,
034756,0,0,0,2,,,,
034757,0,0,0,-55,,,,
034759,0,0,0,185,,,,
034760,0,0,0,-6,,,,
034761,0,0,0,-74,,,,
034764,0,0,0,50,,,,
034766,0,0,0,24,,,,
034767,0,0,0,-12,,,,
034768,0,0,0,-88,,,,
034769,0,0,0,-296,,,,
034770,0,0,0,250,,,,
034771,0,0,0,4,,,,
034772,0,0,0,-10,,,,
034774,0,0,0,-112,,,,
034776,0,0,0,100,,,,
034778,0,0,0,43,,,,
034779,0,0,0,0,,,,
034780,0,0,0,32,,,,
034783,0,0,0,-176,,,,
034785,0,0,0,1,,,,
034787,0,0,0,-20,,,,
034788,0,0,0,290,,,,
034789,0,0,0,-40,,,,
034791,0,0,0,13,,,,
034794,0,0,0,255,,,,
034796,0,0,0,190,,,,
034797,0,0,0,343,,,,
034799,0,0,0,148,,,,
034800,0,0,0,-20,,,,
034801,0,0,0,911,,,,
034802,0,0,0,-84,,,,
034803,0,0,0,-135,,,,
034806,0,0,0,17,,,,
034807,0,0,0,3,,,,
034808,0,0,0,87,,,,
034809,0,0,0,365,,,,
034811,0,0,0,15,,,,
034816,0,0,0,-54,,,,
034817,0,0,0,-32,,,,
034819,0,0,0,0,,,,
034820,0,0,0,2,,,,
034821,0,0,0,-3,,,,
034822,0,0,0,1,,,,
034823,0,0,0,-30,,,,
034825,0,0,0,535,,,,
034827,0,0,0,1,,,,
034828,0,0,0,15,,,,
034829,0,0,0,21,,,,
034830,0,0,0,32,,,,
034832,0,0,0,-9,,,,
034833,0,0,0,-17,,,,
034835,0,0,0,-74,,,,
034836,0,0,0,-64,,,,
034838,0,0,0,-7,,,,
034839,0,0,0,167,,,,
034841,0,0,0,20,,,,
034847,0,0,0,-154,,,,
034848,0,0,0,-12,,,,
034850,0,0,0,0,,,,
034851,0,0,0,251,,,,
034854,0,0,0,30,,,,
034856,0,0,0,-2,,,,
034857,0,0,0,-5,,,,
034859,0,0,0,-1192,,,,
034860,0,0,0,-89,,,,
034862,0,0,0,1,,,,
034863,0,0,0,35,,,,
034864,0,0,0,76,,,,
034867,0,0,0,-51,,,,
034869,0,0,0,2,,,,
034870,0,0,0,63,,,,
034871,0,0,0,-105,,,,
034872,0,0,0,3,,,,
034874,0,0,0,202,,,,
034878,0,0,0,169,,,,
034880,0,0,0,16,,,,
034881,0,0,0,-653,,,,
034882,0,0,0,11,,,,
034883,0,0,0,-16,,,,
034885,0,0,0,-70,,,,
034886,0,0,0,-2245,,,,
034887,0,0,0,173,,,,
034888,0,0,0,158,,,,
034891,0,0,0,270,,,,
034892,0,0,0,-6,,,,
034893,0,0,0,-206,,,,
034895,0,0,0,140,,,,
034896,0,0,0,-43,,,,
034897,0,0,0,14,,,,
034900,0,0,0,-310,,,,
034901,0,0,0,-272,,,,
034904,0,0,0,30,,,,
034905,0,0,0,-3,,,,
034907,0,0,0,30,,,,
034914,0,0,0,-8,,,,
03491U,0,0,0,-599,,,,
034921,0,0,0,0,,,,
034922,0,0,0,0,,,,
034923,0,0,0,-17,,,,
034924,0,0,0,-40,,,,
034928,0,0,0,-252,,,,
034929,0,0,0,15,,,,
034930,0,0,0,47,,,,
034934,0,0,0,-122,,,,
034939,0,0,0,-60,,,,
034940,0,0,0,15,,,,
034941,0,0,0,-7,,,,
034942,0,0,0,96,,,,
034944,0,0,0,-70,,,,
034945,0,0,0,-5,,,,
034946,0,0,0,18,,,,
034947,0,0,0,-221,,,,
034948,0,0,0,-15,,,,
034954,0,0,0,-80,,,,
034956,0,0,0,-20,,,,
034958,0,0,0,22,,,,
034962,0,0,0,34,,,,
034963,0,0,0,-5,,,,
034964,0,0,0,263,,,,
034967,0,0,0,-40,,,,
034973,0,0,0,-30,,,,
034975,0,0,0,100,,,,
034976,0,0,0,-3,,,,
034978,0,0,0,0,,,,
034979,0,0,0,-72,,,,
034983,0,0,0,-346,,,,
034984,0,0,0,124,,,,
034985,0,0,0,10,,,,
034988,0,0,0,-103,,,,
034992,0,0,0,-137,,,,
034994,0,0,0,-2,,,,
034997,0,0,0,80,,,,
034998,0,0,0,-35,,,,
034999,0,0,0,522,,,,
035003,0,0,0,-342,,,,
035005,0,0,0,5,,,,
035007,0,0,0,-387,,,,
035008,0,0,0,-7,,,,
035009,0,0,0,-110,,,,
035013,0,0,0,2,,,,
035014,0,0,0,1,,,,
035018,0,0,0,-1,,,,
035020,0,0,0,8,,,,
035021,0,0,0,-16,,,,
035022,0,0,0,34,,,,
035025,0,0,0,9,,,,
035026,0,0,0,-130,,,,
035028,0,0,0,8,,,,
035033,0,0,0,19,,,,
035034,0,0,0,169,,,,
035037,0,0,0,-36,,,,
035038,0,0,0,-7,,,,
035042,0,0,0,127,,,,
035044,0,0,0,-100,,,,
035046,0,0,0,6,,,,
035048,0,0,0,128,,,,
035050,0,0,0,210,,,,
035051,0,0,0,80,,,,
035052,0,0,0,190,,,,
035053,0,0,0,-4,,,,
035055,0,0,0,-328,,,,
035056,0,0,0,221,,,,
035057,0,0,0,-363,,,,
035060,0,0,0,10,,,,
035061,0,0,0,20,,,,
035062,0,0,0,-407,,,,
035064,0,0,0,18,,,,
035065,0,0,0,43,,,,
035067,0,0,0,5,,,,
035068,0,0,0,-16,,,,
035069,0,0,0,-79,,,,
035072,0,0,0,20,,,,
035074,0,0,0,151,,,,
035075,0,0,0,-10,,,,
035076,0,0,0,-59,,,,
035078,0,0,0,-38,,,,
035079,0,0,0,8,,,,
035080,0,0,0,518,,,,
035081,0,0,0,-75,,,,
035083,0,0,0,-5,,,,
035085,0,0,0,-4,,,,
035088,0,0,0,-48,,,,
035089,0,0,0,-371,,,,
035093,0,0,0,-51,,,,
035094,0,0,0,29,,,,
035095,0,0,0,-26,,,,
035096,0,0,0,-24,,,,
035098,0,0,0,-24,,,,
035099,0,0,0,-23,,,,
035108,0,0,0,0,,,,
035109,0,0,0,4,,,,
035110,0,0,0,0,,,,
035111,0,0,0,12,,,,
035113,0,0,0,33,,,,
035114,0,0,0,-479,,,,
035115,0,0,0,5,,,,
035117,0,0,0,-5,,,,
035122,0,0,0,-87,,,,
035123,0,0,0,62,,,,
035128,0,0,0,8,,,,
035130,0,0,0,41,,,,
035131,0,0,0,-31,,,,
035132,0,0,0,-72,,,,
035136,0,0,0,-20,,,,
035138,0,0,0,-50,,,,
035139,0,0,0,25,,,,
035141,0,0,0,-290,,,,
035142,0,0,0,-174,,,,
035143,0,0,0,60,,,,
035146,0,0,0,19,,,,
035148,0,0,0,251,,,,
035149,0,0,0,45,,,,
035151,0,0,0,-9,,,,
035152,0,0,0,27,,,,
035155,0,0,0,-72,,,,
035156,0,0,0,-211,,,,
035160,0,0,0,40,,,,
035162,0,0,0,-90,,,,
035163,0,0,0,229,,,,
035164,0,0,0,-166,,,,
035165,0,0,0,-30,,,,
035166,0,0,0,93,,,,
035167,0,0,0,167,,,,
035168,0,0,0,100,,,,
035170,0,0,0,-166,,,,
035171,0,0,0,-10,,,,
035174,0,0,0,11,,,,
035175,0,0,0,40,,,,
035178,0,0,0,-260,,,,
035179,0,0,0,11,,,,
035182,0,0,0,-7,,,,
035183,0,0,0,-20,,,,
035185,0,0,0,38,,,,
035186,0,0,0,15,,,,
035188,0,0,0,-34,,,,
035192,0,0,0,24,,,,
035198,0,0,0,-2,,,,
035199,0,0,0,17,,,,
035200,0,0,0,-341,,,,
035201,0,0,0,-201,,,,
035202,0,0,0,-76,,,,
035203,0,0,0,2,,,,
035204,0,0,0,372,,,,
035207,0,0,0,-5,,,,
035208,0,0,0,0,,,,
035213,0,0,0,-156,,,,
035214,0,0,0,5,,,,
035215,0,0,0,19,,,,
035217,0,0,0,-20,,,,
035218,0,0,0,285,,,,
035222,0,0,0,-3,,,,
035224,0,0,0,-26,,,,
035226,0,0,0,276,,,,
035227,0,0,0,-265,,,,
035228,0,0,0,-267,,,,
035233,0,0,0,-118,,,,
035235,0,0,0,216,,,,
035241,0,0,0,151,,,,
035242,0,0,0,10,,,,
035243,0,0,0,-20,,,,
035244,0,0,0,-60,,,,
035245,0,0,0,-57,,,,
035248,0,0,0,-53,,,,
035250,0,0,0,-50,,,,
035251,0,0,0,24,,,,
035252,0,0,0,42,,,,
035253,0,0,0,0,,,,
035258,0,0,0,-497,,,,
03525U,0,0,0,127,,,,
035264,0,0,0,-100,,,,
035266,0,0,0,-5,,,,
035267,0,0,0,1,,,,
035270,0,0,0,760,,,,
035271,0,0,0,-16,,,,
035272,0,0,0,-300,,,,
035273,0,0,0,0,,,,
035275,0,0,0,-10,,,,
035276,0,0,0,8,,,,
035283,0,0,0,13,,,,
035289,0,0,0,-3,,,,
035294,0,0,0,-1,,,,
035295,0,0,0,-33,,,,
035296,0,0,0,-46,,,,
035297,0,0,0,-8,,,,
035298,0,0,0,-508,,,,
035300,0,0,0,-27,,,,
035302,0,0,0,-61,,,,
035303,0,0,0,-19,,,,
035305,0,0,0,-20,,,,
035306,0,0,0,4,,,,
035312,0,0,0,-1305,,,,
035313,0,0,0,59,,,,
035315,0,0,0,-133,,,,
035316,0,0,0,-440,,,,
035318,0,0,0,0,,,,
035320,0,0,0,31,,,,
035325,0,0,0,-6,,,,
035326,0,0,0,163,,,,
035327,0,0,0,44,,,,
035328,0,0,0,388,,,,
035329,0,0,0,-165,,,,
03532U,0,0,0,10,,,,
035330,0,0,0,67,,,,
035331,0,0,0,-587,,,,
035334,0,0,0,60,,,,
035335,-9,0,0,196,,,,
035336,0,0,0,-139,,,,
035337,0,0,0,-75,,,,
035338,0,0,0,-47,,,,
035342,0,0,0,-76,,,,
035345,0,0,0,44,,,,
035348,0,0,0,-11,,,,
035349,0,0,0,255,,,,
035352,0,0,0,-58,,,,
035353,0,0,0,46,,,,
035355,0,0,0,-156,,,,
035356,0,0,0,-10,,,,
035357,0,0,0,47,,,,
035359,0,0,0,-10,,,,
035361,0,0,0,-10,,,,
035362,0,0,0,151,,,,
035368,0,0,0,-102,,,,
03536U,0,0,0,-250,,,,
035370,0,0,0,23,,,,
035374,0,0,0,-23,,,,
035376,0,0,0,30,,,,
035377,0,0,0,-13,,,,
035380,0,0,0,190,,,,
035383,0,0,0,-261,,,,
035385,0,0,0,-69,,,,
035386,0,0,0,-455,,,,
035387,0,0,0,332,,,,
035388,0,0,0,82,,,,
03538U,0,0,0,720,,,,
035392,0,0,0,-66,,,,
035393,0,0,0,-43,,,,
035394,0,0,0,5,,,,
035395,0,0,0,-30,,,,
035396,0,0,0,2,,,,
035397,0,0,0,-99,,,,
035398,0,0,0,-185,,,,
035399,0,0,0,-4,,,,
03539U,0,0,0,10,,,,
035403,0,0,0,48,,,,
035405,0,0,0,17,,,,
035408,0,0,0,-10,,,,
035409,0,0,0,-40,,,,
035412,0,0,0,6,,,,
035413,0,0,0,-12,,,,
035415,0,0,0,-169,,,,
035416,0,0,0,-89,,,,
035418,0,0,0,-1004,,,,
035421,0,0,0,-29,,,,
035422,0,0,0,78,,,,
035423,0,0,0,-473,,,,
035424,0,0,0,154,,,,
035425,0,0,0,-114,,,,
035428,0,0,0,2,,,,
035430,0,0,0,-20,,,,
035431,0,0,0,-36,,,,
035432,0,0,0,44,,,,
035433,0,0,0,205,,,,
035436,0,0,0,-146,,,,
035438,0,0,0,-40,,,,
035441,0,0,0,14,,,,
035443,0,0,0,-75,,,,
035451,0,0,0,-20,,,,
035452,0,0,0,-467,,,,
035453,0,0,0,-5,,,,
035454,0,0,0,338,,,,
035459,0,0,0,-7,,,,
035460,0,0,0,5,,,,
035461,0,0,0,60,,,,
035463,0,0,0,334,,,,
035464,0,0,0,20,,,,
035469,0,0,0,-175,,,,
035470,0,0,0,-50,,,,
035471,0,0,0,-16,,,,
035472,0,0,0,163,,,,
035474,0,0,0,-40,,,,
035475,0,0,0,-102,,,,
035480,0,0,0,186,,,,
035481,0,0,0,21,,,,
035482,0,0,0,-30,,,,
035483,0,0,0,64,,,,
035484,0,0,0,-3,,,,
035489,0,0,0,50,,,,
035491,0,0,0,-3,,,,
035492,0,0,0,-3,,,,
035493,0,0,0,-194,,,,
035494,0,0,0,-218,,,,
035496,0,0,0,25,,,,
035498,0,0,0,-9,,,,
035499,0,0,0,6,,,,
03549U,0,0,0,84,,,,
035500,0,0,0,-1,,,,
035501,0,0,0,-5,,,,
035503,0,0,0,-40,,,,
035506,0,0,0,9,,,,
035507,0,0,0,3,,,,
035511,0,0,0,-17,,,,
035514,0,0,0,-40,,,,
035517,0,0,0,-20,,,,
035518,0,0,0,0,,,,
035521,0,0,0,4,,,,
035522,0,0,0,148,,,,
035524,0,0,0,0,,,,
035525,0,0,0,-6,,,,
035527,0,0,0,6,,,,
035528,0,0,0,1,,,,
035530,0,0,0,58,,,,
035532,0,0,0,52,,,,
035536,0,0,0,16,,,,
035538,0,0,0,-795,,,,
035540,0,0,0,-13,,,,
035541,0,0,0,5,,,,
035542,0,0,0,-2,,,,
035543,0,0,0,-74,,,,
035544,0,0,0,-12,,,,
035547,0,0,0,-46,,,,
035548,0,0,0,-10,,,,
035552,0,0,0,-2,,,,
035553,0,0,0,-3,,,,
035555,0,0,0,15,,,,
035561,0,0,0,2,,,,
035564,0,0,0,9,,,,
035565,0,0,0,-16,,,,
035566,0,0,0,-37,,,,
035567,0,0,0,-156,,,,
035569,0,0,0,21,,,,
035570,0,0,0,-73,,,,
035572,0,0,0,-24,,,,
035573,0,0,0,5,,,,
035574,0,0,0,-10,,,,
035575,0,0,0,-10,,,,
035580,0,0,0,87,,,,
035581,0,0,0,30,,,,
035582,0,0,0,12,,,,
035583,0,0,0,27,,,,
035584,0,0,0,220,,,,
035585,0,0,0,-5,,,,
035588,0,0,0,0,,,,
035589,0,0,0,3,,,,
035590,0,0,0,-1,,,,
035591,0,0,0,19,,,,
035593,0,0,0,250,,,,
035594,0,0,0,-177,,,,
035595,0,0,0,-556,,,,
035596,0,0,0,144,,,,
035600,0,0,0,-54,,,,
035603,0,0,0,11,,,,
035604,0,0,0,66,,,,
035608,0,0,0,7,,,,
035609,0,0,0,7,,,,
035612,0,0,0,270,,,,
035613,0,0,0,-546,,,,
035614,0,0,0,-166,,,,
035615,0,0,0,-156,,,,
035616,0,0,0,180,,,,
035617,0,0,0,-1,,,,
035618,0,0,0,8,,,,
035619,0,0,0,-114,,,,
035620,0,0,0,12,,,,
035621,0,0,0,3,,,,
035622,0,0,0,29,,,,
035623,0,0,0,206,,,,
035624,0,0,0,40,,,,
035625,0,0,0,42,,,,
035626,0,0,0,0,,,,
035629,0,0,0,15,,,,
035632,0,0,0,-90,,,,
035633,0,0,0,-75,,,,
035635,0,0,0,-273,,,,
035636,0,0,0,-6,,,,
035639,0,0,0,25,,,,
035640,0,0,0,1,,,,
035643,0,0,0,-309,,,,
035651,0,0,0,-65,,,,
035653,0,0,0,3285,,,,
035654,0,0,0,-27,,,,
035658,0,0,0,-32,,,,
035659,0,0,0,38,,,,
035660,0,0,0,-170,,,,
035661,0,0,0,-3,,,,
035662,0,0,0,4,,,,
035663,0,0,0,-30,,,,
035664,0,0,0,23,,,,
035672,0,0,0,-30,,,,
035678,0,0,0,71,,,,
035680,0,0,0,-1014,,,,
035681,0,0,0,-5,,,,
035682,0,0,0,74,,,,
035683,0,0,0,-50,,,,
035684,0,0,0,37,,,,
035686,0,0,0,0,,,,
035689,0,0,0,-34,,,,
03568U,0,0,0,-233,,,,
035691,0,0,0,3,,,,
035692,0,0,0,33,,,,
035693,0,0,0,-1,,,,
035694,0,0,0,53,,,,
035695,0,0,0,-2,,,,
035696,0,0,0,1429,,,,
035698,0,0,0,21,,,,
035699,0,0,0,-2,,,,
035700,0,0,0,6,,,,
035702,0,0,0,-20,,,,
035705,0,0,0,-2,,,,
035710,0,0,0,-16,,,,
035714,0,0,0,-1,,,,
035715,0,0,0,36,,,,
035717,0,0,0,-100,,,,
035718,0,0,0,-7,,,,
035719,0,0,0,-12,,,,
035720,0,0,0,-15,,,,
035722,0,0,0,5,,,,
035724,0,0,0,-25,,,,
035725,0,0,0,6,,,,
035727,0,0,0,3,,,,
035728,0,0,0,22,,,,
035730,0,0,0,7,,,,
035733,0,0,0,-15,,,,
035734,0,0,0,-24,,,,
035735,0,0,0,46,,,,
035737,0,0,0,30,,,,
035739,0,0,0,94,,,,
035740,0,0,0,39,,,,
035741,0,0,0,-64,,,,
035742,0,0,0,35,,,,
035746,0,0,0,-310,,,,
035748,0,0,0,4,,,,
035749,0,0,0,-281,,,,
03574U,0,0,0,-10,,,,
035750,0,0,0,0,,,,
035752,0,0,0,-19,,,,
035753,0,0,0,970,,,,
035755,0,0,0,-47,,,,
035756,0,0,0,250,,,,
035758,0,0,0,-75,,,,
035764,0,0,0,-82,,,,
035766,0,0,0,154,,,,
035767,0,0,0,-12,,,,
035768,0,0,0,-5,,,,
035772,5,0,0,-5,,,,
035775,0,0,0,2,,,,
035777,0,0,0,-4,,,,
035780,0,0,0,0,,,,
035782,0,0,0,-20,,,,
035786,0,0,0,456,,,,
035788,0,0,0,-13,,,,
035789,0,0,0,648,,,,
035790,0,0,0,26,,,,
035795,0,0,0,5,,,,
035799,0,0,0,-40,,,,
035800,0,0,0,-1,,,,
035806,0,0,0,63,,,,
035812,0,0,0,0,,,,
035815,0,0,0,200,,,,
035816,0,0,0,20,,,,
035818,0,0,0,-256,,,,
035819,0,0,0,16,,,,
035823,0,0,0,-29,,,,
035824,0,0,0,10,,,,
035825,0,0,0,-33,,,,
035827,0,0,0,-7,,,,
035829,0,0,0,-1127,,,,
035830,0,0,0,-432,,,,
035831,0,0,0,-506,,,,
035832,0,0,0,-166,,,,
035835,0,0,0,6,,,,
035836,0,0,0,35,,,,
035837,0,0,0,136,,,,
035838,0,0,0,20,,,,
035839,0,0,0,15,,,,
035840,0,0,0,-12,,,,
035841,0,0,0,158,,,,
035842,0,0,0,-199,,,,
035847,0,0,0,1,,,,
035848,0,0,0,1,,,,
035849,0,0,0,122,,,,
035850,0,0,0,4,,,,
035851,0,0,0,-14,,,,
035852,0,0,0,-85,,,,
035854,0,0,0,243,,,,
035855,0,0,0,10,,,,
035856,0,0,0,332,,,,
035857,0,0,0,-15,,,,
035861,0,0,0,-16,,,,
035862,0,0,0,-4,,,,
035863,0,0,0,24,,,,
035864,0,0,0,10,,,,
035867,0,0,0,-417,,,,
035869,0,0,0,-1,,,,
03586U,0,0,0,-2,,,,
035873,0,0,0,-147,,,,
035875,0,0,0,66,,,,
035877,0,0,0,-153,,,,
035878,0,0,0,419,,,,
035881,0,0,0,-6,,,,
035888,0,0,0,10,,,,
035889,0,0,0,25,,,,
035893,0,0,0,66,,,,
035894,0,0,0,-70,,,,
035895,0,0,0,-2,,,,
035896,0,0,0,-88,,,,
035898,0,0,0,-105,,,,
03589U,0,0,0,50,,,,
035902,0,0,0,-26,,,,
035903,0,0,0,-10,,,,
035904,0,0,0,143,,,,
035906,0,0,0,97,,,,
035909,0,0,0,-10,,,,
035910,0,0,0,5,,,,
035911,0,0,0,-30,,,,
035912,0,0,0,-23,,,,
035914,0,0,0,-380,,,,
035915,0,0,0,-16,,,,
035919,0,0,0,-26,,,,
035920,0,0,0,1,,,,
035921,0,0,0,10,,,,
035926,0,0,0,-435,,,,
035927,0,0,0,-32,,,,
035928,0,0,0,-11,,,,
035931,0,0,0,8,,,,
035932,0,0,0,-32,,,,
035933,0,0,0,37,,,,
035934,0,0,0,15,,,,
035935,0,0,0,127,,,,
035936,0,0,0,-94,,,,
035937,0,0,0,0,,,,
035938,0,0,0,0,,,,
035940,0,0,0,10,,,,
035941,0,0,0,28,,,,
035942,0,0,0,10,,,,
035944,0,0,0,-5,,,,
035945,0,0,0,-150,,,,
035949,0,0,0,0,,,,
035951,0,0,0,-17,,,,
035952,0,0,0,40,,,,
035957,0,0,0,-15,,,,
035958,0,0,0,-29,,,,
035959,0,0,0,-31,,,,
035960,0,0,0,3,,,,
035961,0,0,0,53,,,,
035962,0,0,0,-43,,,,
035964,0,0,0,-13,,,,
035967,0,0,0,-60,,,,
035968,0,0,0,-49,,,,
035969,0,0,0,3,,,,
035972,0,0,0,14,,,,
035973,0,0,0,-5,,,,
035974,0,0,0,20,,,,
035977,0,0,0,-51,,,,
035978,0,0,0,-10,,,,
035980,0,0,0,-10,,,,
035981,0,0,0,-50,,,,
035982,0,0,0,0,,,,
035984,0,0,0,69,,,,
035990,0,0,0,1584,,,,
035992,0,0,0,6,,,,
035997,0,0,0,-27,,,,
035998,0,0,0,-75,,,,
035999,0,0,0,50,,,,
036000,0,0,0,51,,,,
036001,0,0,0,-974,,,,
036002,0,0,0,-531,,,,
036004,0,0,0,0,,,,
036005,0,0,0,-131,,,,
036006,0,0,0,-50,,,,
036007,0,0,0,-12,,,,
036008,0,0,0,-128,,,,
036010,0,0,0,6,,,,
036011,0,0,0,-50,,,,
036012,0,0,0,-10,,,,
036014,0,0,0,-672,,,,
036016,0,0,0,-81,,,,
036017,0,0,0,485,,,,
036018,0,0,0,62,,,,
036019,0,0,0,54,,,,
036021,0,0,0,-50,,,,
036022,0,0,0,-30,,,,
036023,0,0,0,82,,,,
036024,0,0,0,-1,,,,
036026,0,0,0,169,,,,
036028,0,0,0,-80,,,,
036029,0,0,0,0,,,,
036031,0,0,0,2,,,,
036033,0,0,0,195,,,,
036037,0,0,0,190,,,,
036038,0,0,0,-11,,,,
036039,0,0,0,-2,,,,
036042,0,0,0,-137,,,,
036043,0,0,0,5,,,,
036045,0,0,0,2,,,,
036046,0,0,0,-1239,,,,
036047,0,0,0,383,,,,
036049,0,0,0,-41,,,,
03604U,0,0,0,-25,,,,
036059,-5,0,0,15,,,,
036061,0,0,0,72,,,,
036063,0,0,0,-114,,,,
036067,0,0,0,40,,,,
036068,0,0,0,16,,,,
036071,0,0,0,5,,,,
036072,0,0,0,-96,,,,
036076,0,0,0,3,,,,
036077,0,0,0,-220,,,,
036082,0,0,0,-2,,,,
036083,0,0,0,9,,,,
036084,0,0,0,-147,,,,
036088,0,0,0,-416,,,,
036090,0,0,0,-5,,,,
036091,0,0,0,14,,,,
036092,0,0,0,10,,,,
036093,0,0,0,147,,,,
036095,0,0,0,-17,,,,
036097,0,0,0,-7,,,,
036099,0,0,0,85,,,,
036101,0,0,0,8,,,,
036102,0,0,0,-53,,,,
036103,0,0,0,-9,,,,
036106,0,0,0,60,,,,
036107,0,0,0,-175,,,,
036114,0,0,0,-74,,,,
036116,0,0,0,389,,,,
036117,0,0,0,117,,,,
036118,0,0,0,76,,,,
036119,0,0,0,544,,,,
036120,0,0,0,-12,,,,
036121,0,0,0,-6,,,,
036126,0,0,0,-306,,,,
036128,0,0,0,1143,,,,
036129,0,0,0,-41,,,,
036130,0,0,0,10,,,,
036131,0,0,0,13,,,,
036132,0,0,0,0,,,,
036133,0,0,0,21,,,,
036136,0,0,0,69,,,,
036138,0,0,0,-6,,,,
036141,0,0,0,-12,,,,
036143,0,0,0,-42,,,,
036146,0,0,0,81,,,,
036149,0,0,0,70,,,,
036151,0,0,0,-13,,,,
036152,0,0,0,85,,,,
036156,0,0,0,-31,,,,
036162,0,0,0,39,,,,
036164,0,0,0,-47,,,,
036167,0,0,0,-18,,,,
036170,0,0,0,30,,,,
036172,0,0,0,130,,,,
036173,0,0,0,24,,,,
036174,0,0,0,-281,,,,
036179,0,0,0,-37,,,,
036180,0,0,0,7,,,,
036183,0,0,0,-23,,,,
036184,0,0,0,1,,,,
036185,0,0,0,50,,,,
036186,0,0,0,-20,,,,
036187,0,0,0,9,,,,
036188,0,0,0,-187,,,,
036191,0,0,0,10,,,,
036192,0,0,0,-13,,,,
036193,0,0,0,-35,,,,
036195,0,0,0,1,,,,
036200,0,0,0,-4,,,,
036201,0,0,0,20,,,,
036202,0,0,0,-40,,,,
036204,0,0,0,-100,,,,
036205,0,0,0,-14,,,,
036206,0,0,0,76,,,,
036207,0,0,0,-35,,,,
036208,0,0,0,-42,,,,
036209,0,0,0,71,,,,
036210,0,0,0,-6,,,,
036213,0,0,0,10,,,,
036215,0,0,0,-1,,,,
036217,0,0,0,-4,,,,
036220,0,0,0,-1,,,,
036221,0,0,0,-39,,,,
036222,0,0,0,10,,,,
036223,0,0,0,-38,,,,
036224,0,0,0,15,,,,
036227,0,0,0,12,,,,
036229,0,0,0,49,,,,
036233,0,0,0,-41,,,,
036235,0,0,0,77,,,,
036237,0,0,0,-5,,,,
036239,0,0,0,-12,,,,
036240,0,0,0,-14,,,,
036241,0,0,0,-12,,,,
036244,0,0,0,-50,,,,
036246,0,0,0,8,,,,
036248,0,0,0,23,,,,
036250,0,0,0,-24,,,,
036251,0,0,0,-650,,,,
036252,0,0,0,-30,,,,
036253,0,0,0,-161,,,,
036254,0,0,0,-94,,,,
03625U,0,0,0,-2,,,,
036263,0,0,0,33,,,,
036267,0,0,0,-150,,,,
036268,0,0,0,-261,,,,
036269,0,0,0,-32,,,,
036270,0,0,0,-4,,,,
036273,0,0,0,45,,,,
036275,0,0,0,-311,,,,
036276,0,0,0,-36,,,,
036280,0,0,0,169,,,,
036281,0,0,0,50,,,,
036282,0,0,0,132,,,,
036285,0,0,0,-22,,,,
036287,0,0,0,19,,,,
036291,0,0,0,79,,,,
036294,0,0,0,-7,,,,
036295,0,0,0,-515,,,,
036299,0,0,0,-621,,,,
036303,0,0,0,29,,,,
036304,0,0,0,-126,,,,
036306,0,0,0,148,,,,
036307,0,0,0,-73,,,,
036308,0,0,0,3,,,,
036310,0,0,0,2,,,,
036313,0,0,0,-40,,,,
036314,0,0,0,23,,,,
036315,0,0,0,-294,,,,
036316,0,0,0,-140,,,,
036317,0,0,0,46,,,,
036318,0,0,0,6,,,,
036321,0,0,0,-2,,,,
036322,0,0,0,3,,,,
036323,0,0,0,0,,,,
036324,0,0,0,0,,,,
036328,0,0,0,72,,,,
03632U,0,0,0,1,,,,
036330,0,0,0,-55,,,,
036331,0,0,0,-125,,,,
036332,0,0,0,-1935,,,,
036333,0,0,0,27,,,,
036334,0,0,0,76,,,,
036339,0,0,0,-88,,,,
036346,0,0,0,-7,,,,
036347,0,0,0,33,,,,
036349,0,0,0,112,,,,
036350,0,0,0,74,,,,
036351,0,0,0,20,,,,
036352,0,0,0,-20,,,,
036357,0,0,0,-2,,,,
036359,0,0,0,-218,,,,
036361,0,0,0,-80,,,,
036363,0,0,0,-2,,,,
036364,0,0,0,-424,,,,
036365,0,0,0,6,,,,
036367,0,0,0,30,,,,
036368,0,0,0,-13,,,,
036379,0,0,0,-52,,,,
036380,0,0,0,-100,,,,
036381,0,0,0,0,,,,
036382,0,0,0,-60,,,,
036383,0,0,0,-1339,,,,
036384,0,0,0,-386,,,,
036385,0,0,0,271,,,,
036393,0,0,0,111,,,,
036394,0,0,0,-115,,,,
036395,0,0,0,-38,,,,
036397,0,0,0,7,,,,
036403,0,0,0,154,,,,
036410,0,0,0,92,,,,
036411,0,0,0,200,,,,
036412,0,0,0,-225,,,,
036413,0,0,0,-447,,,,
036414,0,0,0,212,,,,
036415,0,0,0,-3,,,,
036416,0,0,0,-318,,,,
036417,0,0,0,73,,,,
036419,0,0,0,45,,,,
036425,0,0,0,-182,,,,
036430,0,0,0,11,,,,
036437,0,0,0,269,,,,
036438,0,0,0,4,,,,
03643U,0,0,0,-5,,,,
036440,0,0,0,0,,,,
036441,0,0,0,10,,,,
036446,0,0,0,15,,,,
036449,0,0,0,-97,,,,
036451,0,0,0,-20,,,,
036453,0,0,0,-362,,,,
036455,0,0,0,-258,,,,
036456,0,0,0,-207,,,,
036457,-7,0,0,-161,,,,
036458,0,0,0,1092,,,,
036459,0,0,0,-142,,,,
036462,0,0,0,-1622,,,,
036469,0,0,0,-59,,,,
03646U,0,0,0,-51,,,,
036471,0,0,0,30,,,,
036476,0,0,0,-3,,,,
036477,0,0,0,10,,,,
036479,0,0,0,95,,,,
036480,0,0,0,-6,,,,
036481,0,0,0,-141,,,,
036482,0,0,0,-680,,,,
036483,0,0,0,159,,,,
036484,0,0,0,-83,,,,
036487,0,0,0,28,,,,
036488,0,0,0,68,,,,
036489,0,0,0,2,,,,
036490,0,0,0,30,,,,
036492,0,0,0,126,,,,
036493,0,0,0,62,,,,
036494,0,0,0,108,,,,
036495,0,0,0,178,,,,
036496,0,0,0,-9,,,,
036498,0,0,0,-14,,,,
036499,0,0,0,-60,,,,
03649U,0,0,0,-10,,,,
036501,0,0,0,-98,,,,
036502,0,0,0,-425,,,,
036506,0,0,0,-80,,,,
036507,0,0,0,27,,,,
036510,0,0,0,-325,,,,
036511,0,0,0,150,,,,
036512,0,0,0,38,,,,
036513,0,0,0,100,,,,
036514,0,0,0,-125,,,,
036516,0,0,0,-3,,,,
036517,0,0,0,180,,,,
036519,0,0,0,-36,,,,
036522,0,0,0,-20,,,,
036525,0,0,0,125,,,,
036526,0,0,0,-187,,,,
036529,0,0,0,-20,,,,
036531,0,0,0,567,,,,
036532,0,0,0,5,,,,
036533,0,0,0,10,,,,
036534,0,0,0,-78,,,,
036535,0,0,0,-26,,,,
036537,0,0,0,5,,,,
036538,0,0,0,-40,,,,
036539,0,0,0,20,,,,
036542,0,0,0,286,,,,
036543,0,0,0,0,,,,
036544,0,0,0,518,,,,
036547,0,0,0,15,,,,
036548,0,0,0,-1746,,,,
036549,0,0,0,-1451,,,,
036551,0,0,0,93,,,,
036552,0,0,0,51,,,,
036558,0,0,0,10,,,,
036559,0,0,0,-508,,,,
036560,0,0,0,-90,,,,
036561,0,0,0,60,,,,
036569,0,0,0,-423,,,,
03656U,0,0,0,0,,,,
036570,0,0,0,6,,,,
036571,0,0,0,167,,,,
036572,0,0,0,-49,,,,
036573,0,0,0,-786,,,,
036574,0,0,0,-389,,,,
036577,0,0,0,-204,,,,
036579,0,0,0,-12,,,,
036580,0,0,0,-27,,,,
036583,0,0,0,-182,,,,
036586,0,0,0,153,,,,
036587,0,0,0,285,,,,
036588,0,0,0,0,,,,
036589,0,0,0,-9,,,,
036593,0,0,0,0,,,,
036597,0,0,0,-304,,,,
036598,0,0,0,-20,,,,
036599,0,0,0,34,,,,
036600,0,0,0,0,,,,
036602,0,0,0,2,,,,
036603,0,0,0,24,,,,
036605,0,0,0,-1393,,,,
036606,0,0,0,110,,,,
036609,0,0,0,-10,,,,
036610,0,0,0,10,,,,
036614,0,0,0,-10,,,,
036615,0,0,0,0,,,,
036617,0,0,0,-21,,,,
036620,0,0,0,-106,,,,
036629,0,0,0,-5,,,,
036630,0,0,0,-78,,,,
036631,0,0,0,-200,,,,
036632,0,0,0,-12,,,,
036633,0,0,0,-60,,,,
036636,0,0,0,199,,,,
036637,0,0,0,3,,,,
036638,0,0,0,-3,,,,
036639,0,0,0,-22,,,,
036640,0,0,0,20,,,,
036641,0,0,0,-15,,,,
036645,0,0,0,-42,,,,
036647,0,0,0,-11,,,,
036648,0,0,0,10,,,,
036650,0,0,0,-50,,,,
036651,0,0,0,-7,,,,
036654,0,0,0,23,,,,
036655,0,0,0,-2,,,,
036659,0,0,0,36,,,,
03665U,0,0,0,-15,,,,
036660,0,0,0,22,,,,
036661,0,0,0,1,,,,
036662,0,0,0,-12,,,,
036664,0,0,0,-133,,,,
036669,0,0,0,20,,,,
036670,0,0,0,13,,,,
036671,0,0,0,-965,,,,
036674,0,0,0,59,,,,
036675,0,0,0,-269,,,,
036678,0,0,0,-4,,,,
036679,0,0,0,-2,,,,
03667U,0,0,0,10,,,,
036680,0,0,0,15,,,,
036681,0,0,0,-15,,,,
036682,0,0,0,117,,,,
036683,0,0,0,-5,,,,
036684,0,0,0,43,,,,
036687,0,0,0,-38,,,,
036688,0,0,0,498,,,,
036689,0,0,0,-132,,,,
036691,0,0,0,122,,,,
036694,0,0,0,-13,,,,
036695,0,0,0,-124,,,,
036697,0,0,0,-28,,,,
036698,0,0,0,-60,,,,
036702,0,0,0,80,,,,
036703,0,0,0,-72,,,,
036705,0,0,0,-6,,,,
036706,0,0,0,24,,,,
036708,0,0,0,0,,,,
036709,0,0,0,50,,,,
036713,0,0,0,-35,,,,
036715,0,0,0,329,,,,
036716,0,0,0,3,,,,
036718,0,0,0,108,,,,
036719,0,0,0,310,,,,
036720,0,0,0,-3,,,,
036721,0,0,0,-421,,,,
036722,0,0,0,-199,,,,
036723,0,0,0,-18,,,,
036724,0,0,0,-4,,,,
036726,0,0,0,-120,,,,
036730,0,0,0,57,,,,
036731,0,0,0,130,,,,
036734,0,0,0,10,,,,
036735,0,0,0,-53,,,,
036736,0,0,0,-17,,,,
036737,0,0,0,-7,,,,
036740,0,0,0,-50,,,,
036741,0,0,0,-10,,,,
036745,0,0,0,-160,,,,
036748,0,0,0,-400,,,,
036749,0,0,0,-35,,,,
036751,0,0,0,1,,,,
036752,0,0,0,-290,,,,
036753,0,0,0,50,,,,
036758,0,0,0,-13,,,,
036759,0,0,0,19,,,,
036761,0,0,0,14,,,,
036763,0,0,0,-59,,,,
036765,0,0,0,-104,,,,
036766,0,0,0,-50,,,,
036767,0,0,0,-10,,,,
036769,0,0,0,-100,,,,
036770,0,0,0,10,,,,
036772,0,0,0,-296,,,,
036773,0,0,0,-12,,,,
036774,0,0,0,-1,,,,
036775,0,0,0,-250,,,,
036778,0,0,0,-11,,,,
036779,0,0,0,9,,,,
036782,0,0,0,4,,,,
036783,0,0,0,-10,,,,
036784,0,0,0,155,,,,
036785,0,0,0,-69,,,,
036786,0,0,0,95,,,,
036787,0,0,0,-200,,,,
036788,0,0,0,0,,,,
036792,-11,0,0,-86,,,,
036794,0,0,0,14,,,,
036795,0,0,0,249,,,,
036799,0,0,0,169,,,,
036801,0,0,0,-153,,,,
036802,0,0,0,85,,,,
036803,0,0,0,-40,,,,
036804,0,0,0,-40,,,,
036805,0,0,0,-48,,,,
036806,0,0,0,-236,,,,
036807,0,0,0,-20,,,,
036808,0,0,0,-20,,,,
036809,0,0,0,67,,,,
03680U,0,0,0,65,,,,
036810,0,0,0,-485,,,,
036812,0,0,0,0,,,,
036813,0,0,0,57,,,,
036815,2,0,0,-2,,,,
036816,0,0,0,17,,,,
036819,0,0,0,-74,,,,
036821,0,0,0,-2,,,,
036827,0,0,0,-30,,,,
036828,0,0,0,17,,,,
036831,0,0,0,20,,,,
036832,0,0,0,113,,,,
036833,0,0,0,90,,,,
036835,0,0,0,-82,,,,
036836,0,0,0,-219,,,,
036838,0,0,0,-47,,,,
036839,0,0,0,44,,,,
03683U,0,0,0,-41,,,,
036841,0,0,0,57,,,,
036842,0,0,0,225,,,,
036844,0,0,0,-1392,,,,
036845,0,0,0,259,,,,
036847,0,0,0,-44,,,,
036848,0,0,0,-13,,,,
036849,0,0,0,-16,,,,
036850,0,0,0,2,,,,
036851,0,0,0,147,,,,
036854,0,0,0,3,,,,
036855,0,0,0,-34,,,,
036856,0,0,0,-224,,,,
036857,0,0,0,804,,,,
036861,0,0,0,-80,,,,
036864,0,0,0,176,,,,
036867,0,0,0,-10,,,,
036868,0,0,0,178,,,,
03686U,0,0,0,-10,,,,
036870,0,0,0,364,,,,
036871,0,0,0,-92,,,,
036873,0,0,0,-277,,,,
036874,0,0,0,-131,,,,
036875,0,0,0,97,,,,
036878,0,0,0,3,,,,
036879,0,0,0,-114,,,,
036883,0,0,0,7,,,,
036890,0,0,0,-95,,,,
036892,0,0,0,3,,,,
036893,0,0,0,-406,,,,
036894,0,0,0,-834,,,,
036895,0,0,0,-5,,,,
036896,0,0,0,43,,,,
036897,0,0,0,-55,,,,
036898,0,0,0,-185,,,,
036905,0,0,0,330,,,,
036906,0,0,0,-39,,,,
036907,0,0,0,-253,,,,
036908,0,0,0,154,,,,
036909,0,0,0,-8,,,,
03690B,0,0,0,83,,,,
036910,0,0,0,208,,,,
036912,0,0,0,-345,,,,
036913,0,0,0,-61,,,,
036914,0,0,0,1,,,,
036915,0,0,0,5,,,,
036916,0,0,0,109,,,,
036917,0,0,0,0,,,,
036918,0,0,0,-21,,,,
03691B,0,0,0,61,,,,
036920,0,0,0,157,,,,
036921,0,0,0,32,,,,
036922,0,0,0,0,,,,
036923,0,0,0,351,,,,
036924,0,0,0,401,,,,
036925,0,0,0,20,,,,
036926,0,0,0,121,,,,
036927,0,0,0,-12,,,,
03692B,0,0,0,157,,,,
036930,0,0,0,-12,,,,
036931,0,0,0,29,,,,
036933,0,0,0,-192,,,,
036934,0,0,0,-3,,,,
036935,0,0,0,99,,,,
036936,0,0,0,-20,,,,
036937,0,0,0,-5,,,,
036939,0,0,0,105,,,,
03693B,0,0,0,-699,,,,
036940,0,0,0,1,,,,
036941,0,0,0,-4,,,,
036942,0,0,0,11,,,,
036945,0,0,0,28,,,,
036946,0,0,0,1,,,,
036949,0,0,0,-1,,,,
03694B,0,0,0,-8,,,,
036952,0,0,0,-190,,,,
036953,0,0,0,42,,,,
036958,0,0,0,57,,,,
03695B,0,0,0,-122,,,,
036960,0,0,0,-10,,,,
036962,0,0,0,10,,,,
036966,0,0,0,1,,,,
036967,0,0,0,1,,,,
03696B,0,0,0,-13,,,,
036971,0,0,0,-1,,,,
036972,0,0,0,-54,,,,
036973,0,0,0,38,,,,
036974,0,0,0,0,,,,
036976,0,0,0,-23,,,,
036978,0,0,0,-30,,,,
036979,0,0,0,-5,,,,
03697B,0,0,0,-148,,,,
036982,0,0,0,-164,,,,
036983,0,0,0,-360,,,,
036985,0,0,0,-104,,,,
036987,0,0,0,-234,,,,
036988,0,0,0,-67,,,,
036989,0,0,0,300,,,,
03698B,0,0,0,-4,,,,
036990,0,0,0,-111,,,,
036995,0,0,0,18,,,,
036996,0,0,0,17,,,,
036997,0,0,0,496,,,,
036998,0,0,0,1177,,,,
036999,0,0,0,2,,,,
03699B,0,0,0,83,,,,
037000,0,0,0,-185,,,,
037001,0,0,0,43,,,,
037002,0,0,0,209,,,,
037003,0,0,0,-80,,,,
037004,0,0,0,-296,,,,
037005,0,0,0,3,,,,
037007,0,0,0,43,,,,
037008,0,0,0,13,,,,
037009,0,0,0,-53,,,,
03700U,0,0,0,-2,,,,
037010,0,0,0,-2,,,,
037011,0,0,0,-176,,,,
037012,0,0,0,-50,,,,
037013,0,0,0,-400,,,,
037015,0,0,0,322,,,,
037016,0,0,0,46,,,,
037017,0,0,0,-160,,,,
037019,0,0,0,132,,,,
03701B,0,0,0,-206,,,,
037022,2,0,0,50,,,,
037023,0,0,0,-129,,,,
037024,0,0,0,-50,,,,
037025,0,0,0,66,,,,
037026,0,0,0,0,,,,
037027,0,0,0,-4,,,,
037028,0,0,0,-237,,,,
037029,0,0,0,16,,,,
037030,0,0,0,2,,,,
037035,0,0,0,-378,,,,
037036,0,0,0,5,,,,
037037,0,0,0,-15,,,,
037039,0,0,0,-121,,,,
037040,0,0,0,-5,,,,
037041,0,0,0,75,,,,
037045,0,0,0,21,,,,
037046,0,0,0,-21,,,,
037050,0,0,0,-609,,,,
037052,0,0,0,-5,,,,
037053,0,0,0,-17,,,,
037055,0,0,0,-306,,,,
037056,0,0,0,-49,,,,
037063,0,0,0,53,,,,
037064,0,0,0,205,,,,
037065,0,0,0,638,,,,
037066,0,0,0,333,,,,
037067,0,0,0,-1,,,,
037069,0,0,0,4,,,,
03706U,0,0,0,-60,,,,
037071,0,0,0,-75,,,,
037073,0,0,0,-10,,,,
037074,0,0,0,37,,,,
037076,0,0,0,-25,,,,
037077,0,0,0,16,,,,
037078,0,0,0,-110,,,,
037081,0,0,0,73,,,,
037083,0,0,0,-1,,,,
037084,0,0,0,0,,,,
037087,0,0,0,-15,,,,
037088,0,0,0,8,,,,
037089,0,0,0,26,,,,
037090,0,0,0,-1,,,,
037092,0,0,0,-46,,,,
037093,0,0,0,-5,,,,
037094,0,0,0,22,,,,
037095,0,0,0,-2,,,,
037096,0,0,0,8,,,,
037098,0,0,0,7,,,,
037099,0,0,0,0,,,,
03709U,0,0,0,0,,,,
037101,0,0,0,-25,,,,
037103,0,0,0,-8,,,,
037104,0,0,0,-1,,,,
037107,0,0,0,-69,,,,
037108,0,0,0,7,,,,
037109,0,0,0,-3,,,,
03710U,0,0,0,-14,,,,
037112,0,0,0,-496,,,,
037113,0,0,0,0,,,,
037114,0,0,0,-3,,,,
037118,0,0,0,-50,,,,
037119,0,0,0,1,,,,
037120,0,0,0,-7,,,,
037123,0,0,0,8,,,,
037124,0,0,0,-30,,,,
037128,0,0,0,111,,,,
037129,0,0,0,81,,,,
03712U,0,0,0,-35,,,,
037132,0,0,0,281,,,,
037134,0,0,0,132,,,,
037135,0,0,0,57,,,,
037139,0,0,0,-1,,,,
037140,0,0,0,260,,,,
037143,0,0,0,105,,,,
037144,0,0,0,128,,,,
037149,0,0,0,-1006,,,,
037150,0,0,0,-817,,,,
037152,0,0,0,0,,,,
037153,0,0,0,25,,,,
037154,0,0,0,-20,,,,
037155,0,0,0,-100,,,,
037156,0,0,0,1,,,,
037158,0,0,0,-166,,,,
037160,0,0,0,35,,,,
037161,0,0,0,27,,,,
037165,0,0,0,365,,,,
037166,0,0,0,-166,,,,
037167,0,0,0,22,,,,
037168,0,0,0,101,,,,
037169,0,0,0,-87,,,,
037170,0,0,0,26,,,,
037171,8,0,0,-47,,,,
037173,0,0,0,3,,,,
037174,0,0,0,5,,,,
037175,0,0,0,42,,,,
037176,0,0,0,14,,,,
037177,0,0,0,-39,,,,
037183,0,0,0,-1,,,,
037184,0,0,0,-30,,,,
037185,0,0,0,-110,,,,
037186,0,0,0,-2,,,,
037188,0,0,0,146,,,,
037190,0,0,0,-211,,,,
037191,0,0,0,-19,,,,
037192,0,0,0,-14,,,,
037195,0,0,0,-43,,,,
037196,0,0,0,3,,,,
037198,0,0,0,-20,,,,
037200,0,0,0,-23,,,,
037202,0,0,0,13,,,,
037203,0,0,0,-10,,,,
037204,0,0,0,7,,,,
037206,0,0,0,18,,,,
037207,0,0,0,2,,,,
037209,0,0,0,5,,,,
037213,0,0,0,98,,,,
037214,0,0,0,-15,,,,
037216,0,0,0,-11,,,,
037218,0,0,0,-13,,,,
037226,0,0,0,0,,,,
037230,0,0,0,13,,,,
037231,0,0,0,-198,,,,
037232,0,0,0,10,,,,
037237,0,0,0,330,,,,
037239,0,0,0,29,,,,
037241,0,0,0,-47,,,,
037242,0,0,0,42,,,,
037244,0,0,0,412,,,,
037245,0,0,0,-185,,,,
037246,0,0,0,1,,,,
037247,0,0,0,-351,,,,
037248,0,0,0,-111,,,,
037251,0,0,0,4,,,,
037252,0,0,0,-34,,,,
037253,0,0,0,-293,,,,
037254,0,0,0,402,,,,
037257,0,0,0,-10,,,,
037259,0,0,0,-5,,,,
037261,0,0,0,-40,,,,
037262,0,0,0,-1,,,,
037265,0,0,0,-15,,,,
037268,0,0,0,60,,,,
03726U,0,0,0,0,,,,
037270,0,0,0,-55,,,,
037273,0,0,0,11,,,,
037274,0,0,0,10,,,,
037277,0,0,0,-1,,,,
037278,0,0,0,-92,,,,
037279,0,0,0,-10,,,,
037281,0,0,0,9,,,,
037282,0,0,0,-108,,,,
037283,0,0,0,2,,,,
037284,0,0,0,364,,,,
037285,0,0,0,-7,,,,
037286,0,0,0,66,,,,
037287,0,0,0,56,,,,
037288,0,0,0,-166,,,,
037290,0,0,0,102,,,,
037292,0,0,0,1,,,,
037295,0,0,0,1,,,,
037296,0,0,0,-390,,,,
037297,0,0,0,-150,,,,
037302,0,0,0,106,,,,
037303,0,0,0,4,,,,
037305,0,0,0,-134,,,,
037307,0,0,0,-8,,,,
037308,-3,0,0,181,,,,
037309,0,0,0,-52,,,,
037311,0,0,0,319,,,,
037312,0,0,0,-301,,,,
037315,0,0,0,-11,,,,
037318,0,0,0,104,,,,
037322,0,0,0,209,,,,
037323,0,0,0,-111,,,,
037325,0,0,0,54,,,,
037350,0,0,0,-7,,,,
037353,0,0,0,-1,,,,
037354,0,0,0,-11,,,,
037357,0,0,0,-68,,,,
03735U,0,0,0,-55,,,,
037360,0,0,0,-80,,,,
037366,0,0,0,-47,,,,
037368,0,0,0,-75,,,,
037370,0,0,0,10,,,,
037371,0,0,0,3,,,,
037373,0,0,0,40,,,,
03737U,0,0,0,120,,,,
037380,0,0,0,0,,,,
037382,0,0,0,127,,,,
037383,0,0,0,-162,,,,
037384,0,0,0,-2,,,,
037385,0,0,0,10,,,,
037389,0,0,0,4,,,,
037390,0,0,0,0,,,,
037391,0,0,0,202,,,,
037393,0,0,0,-11,,,,
037395,0,0,0,163,,,,
037396,0,0,0,-4,,,,
037398,0,0,0,10,,,,
037399,0,0,0,26,,,,
037409,0,0,0,-1,,,,
037410,0,0,0,-2,,,,
037413,0,0,0,-156,,,,
037416,0,0,0,1,,,,
037417,0,0,0,1,,,,
037419,0,0,0,0,,,,
037420,0,0,0,-31,,,,
037423,0,0,0,358,,,,
037424,0,0,0,25,,,,
037426,0,0,0,-41,,,,
037429,0,0,0,24,,,,
037432,0,0,0,11,,,,
037435,0,0,0,56,,,,
037438,0,0,0,13,,,,
037440,0,0,0,34,,,,
037441,0,0,0,-2,,,,
037442,0,0,0,-13,,,,
037443,0,0,0,3,,,,
037445,0,0,0,7,,,,
037448,0,0,0,-5,,,,
037450,0,0,0,-348,,,,
037452,0,0,0,-2,,,,
037454,0,0,0,-20,,,,
037455,0,0,0,117,,,,
037457,0,0,0,-116,,,,
037458,0,0,0,-3,,,,
037468,0,0,0,2,,,,
037470,0,0,0,192,,,,
037472,0,0,0,-109,,,,
037475,0,0,0,1,,,,
037476,0,0,0,139,,,,
03747U,0,0,0,80,,,,
037480,0,0,0,1,,,,
037483,0,0,0,20,,,,
037484,0,0,0,-121,,,,
037487,0,0,0,-115,,,,
037489,0,0,0,-8,,,,
03748U,0,0,0,8,,,,
037490,0,0,0,-1,,,,
037491,0,0,0,-5,,,,
037492,0,0,0,8,,,,
037493,0,0,0,319,,,,
037494,0,0,0,-60,,,,
037495,0,0,0,-42,,,,
037497,0,0,0,15,,,,
037498,0,0,0,2,,,,
037500,0,0,0,-2,,,,
037504,0,0,0,221,,,,
037507,0,0,0,47,,,,
03750U,0,0,0,51,,,,
037512,0,0,0,-214,,,,
037514,0,0,0,3,,,,
037517,0,0,0,12,,,,
037518,0,0,0,-2,,,,
037519,0,0,0,10,,,,
037520,0,0,0,18,,,,
037521,0,0,0,11,,,,
037524,0,0,0,-23,,,,
037525,0,0,0,-292,,,,
037526,0,0,0,1,,,,
037527,0,0,0,37,,,,
037528,0,0,0,12,,,,
037529,0,0,0,2,,,,
037531,0,0,0,-62,,,,
037532,0,0,0,-4,,,,
037533,0,0,0,-236,,,,
037535,0,0,0,0,,,,
037537,0,0,0,523,,,,
037538,0,0,0,-10,,,,
037539,0,0,0,-29,,,,
037541,0,0,0,-20,,,,
037543,0,0,0,-10,,,,
037544,0,0,0,-115,,,,
037546,0,0,0,42,,,,
037550,0,0,0,1,,,,
037551,0,0,0,-28,,,,
037552,0,0,0,-105,,,,
037553,0,0,0,41,,,,
037558,0,0,0,16,,,,
037560,0,0,0,-2,,,,
037561,0,0,0,-3,,,,
037562,0,0,0,-84,,,,
037563,0,0,0,-5,,,,
037564,0,0,0,91,,,,
037565,0,0,0,-156,,,,
037566,0,0,0,-166,,,,
037567,0,0,0,17,,,,
037569,0,0,0,-150,,,,
037570,0,0,0,-102,,,,
037571,0,0,0,-474,,,,
037572,0,0,0,20,,,,
037573,0,0,0,54,,,,
037574,0,0,0,-10,,,,
037575,0,0,0,-509,,,,
037577,0,0,0,182,,,,
037579,0,0,0,170,,,,
037580,0,0,0,-221,,,,
037582,0,0,0,179,,,,
037585,0,0,0,3,,,,
037587,0,0,0,8,,,,
037591,0,0,0,-5,,,,
037592,0,0,0,-6,,,,
037594,0,0,0,-104,,,,
037595,0,0,0,46,,,,
037596,0,0,0,1,,,,
037597,0,0,0,52,,,,
037600,0,0,0,54,,,,
037606,0,0,0,-47,,,,
037607,0,0,0,-20,,,,
037608,0,0,0,-36,,,,
037609,0,0,0,-10,,,,
037611,0,0,0,2,,,,
037613,0,0,0,10,,,,
037615,0,0,0,29,,,,
037616,0,0,0,-16,,,,
037621,0,0,0,135,,,,
037622,0,0,0,-110,,,,
037623,0,0,0,-5,,,,
037628,0,0,0,8,,,,
037630,0,0,0,0,,,,
037631,0,0,0,-10,,,,
037632,0,0,0,-73,,,,
037633,0,0,0,0,,,,
037634,0,0,0,20,,,,
037636,0,0,0,30,,,,
037638,0,0,0,351,,,,
037641,0,0,0,22,,,,
037643,0,0,0,-311,,,,
037645,0,0,0,0,,,,
037646,0,0,0,-114,,,,
037647,0,0,0,66,,,,
037648,0,0,0,-164,,,,
037649,0,0,0,-273,,,,
037650,0,0,0,-860,,,,
037652,0,0,0,20,,,,
037653,0,0,0,-5,,,,
037656,0,0,0,-79,,,,
037657,0,0,0,74,,,,
037658,0,0,0,-2,,,,
037659,0,0,0,-76,,,,
037660,0,0,0,-57,,,,
037661,0,0,0,-568,,,,
037662,0,0,0,-2,,,,
037664,0,0,0,-64,,,,
037666,0,0,0,-130,,,,
037667,0,0,0,2,,,,
037668,0,0,0,24,,,,
037669,0,0,0,-230,,,,
037671,0,0,0,53,,,,
037672,0,0,0,-32,,,,
037673,0,0,0,-107,,,,
037674,0,0,0,0,,,,
037676,0,0,0,2,,,,
037677,0,0,0,-18,,,,
037679,0,0,0,0,,,,
03767U,0,0,0,5,,,,
037680,0,0,0,257,,,,
037682,0,0,0,-79,,,,
037683,0,0,0,-98,,,,
037686,0,0,0,-162,,,,
037687,0,0,0,31,,,,
037688,0,0,0,-135,,,,
037689,0,0,0,0,,,,
037693,0,0,0,0,,,,
037695,0,0,0,-35,,,,
037696,0,0,0,65,,,,
037698,0,0,0,-30,,,,
037699,0,0,0,-10,,,,
037701,0,0,0,9,,,,
037706,0,0,0,-11,,,,
037707,0,0,0,58,,,,
037708,0,0,0,-186,,,,
037711,0,0,0,40,,,,
037712,0,0,0,220,,,,
037714,0,0,0,6,,,,
037715,0,0,0,274,,,,
037716,0,0,0,-391,,,,
037717,0,0,0,72,,,,
037718,0,0,0,146,,,,
037720,0,0,0,-21,,,,
037721,0,0,0,78,,,,
037722,0,0,0,-93,,,,
037725,0,0,0,-24,,,,
037727,0,0,0,-90,,,,
037728,0,0,0,-101,,,,
037729,0,0,0,-87,,,,
037736,0,0,0,60,,,,
037737,0,0,0,7,,,,
037738,0,0,0,1,,,,
037739,0,0,0,-7,,,,
037740,0,0,0,23,,,,
037742,0,0,0,1,,,,
037743,0,0,0,-35,,,,
037744,0,0,0,44,,,,
037746,0,0,0,0,,,,
037748,0,0,0,-42,,,,
037749,0,0,0,-5,,,,
037752,0,0,0,5,,,,
037753,0,0,0,-3,,,,
037754,0,0,0,7,,,,
037755,0,0,0,-10,,,,
037756,0,0,0,-30,,,,
037757,0,0,0,38,,,,
037758,0,0,0,153,,,,
037759,0,0,0,-20,,,,
037760,0,0,0,-98,,,,
037761,0,0,0,-5,,,,
037763,0,0,0,54,,,,
037764,0,0,0,-171,,,,
037766,0,0,0,50,,,,
037767,0,0,0,203,,,,
037771,0,0,0,211,,,,
037772,0,0,0,3,,,,
037773,0,0,0,-362,,,,
037774,0,0,0,-30,,,,
037775,0,0,0,-20,,,,
037776,0,0,0,-47,,,,
037778,0,0,0,20,,,,
037780,0,0,0,24,,,,
037783,0,0,0,-35,,,,
037784,0,0,0,-1,,,,
037785,0,0,0,190,,,,
037786,0,0,0,5,,,,
037787,0,0,0,217,,,,
037788,0,0,0,-233,,,,
037789,0,0,0,-104,,,,
037790,0,0,0,-150,,,,
037791,0,0,0,-1,,,,
037792,0,0,0,165,,,,
037795,0,0,0,483,,,,
037797,0,0,0,-10,,,,
037798,0,0,0,-60,,,,
037800,0,0,0,-301,,,,
037802,0,0,0,-16,,,,
037803,0,0,0,84,,,,
037804,0,0,0,2,,,,
037805,0,0,0,254,,,,
037807,0,0,0,96,,,,
037809,0,0,0,-2,,,,
037811,0,0,0,-425,,,,
037812,0,0,0,49,,,,
037815,0,0,0,-95,,,,
037816,0,0,0,77,,,,
037817,0,0,0,80,,,,
037821,0,0,0,-107,,,,
037822,0,0,0,-20,,,,
037825,0,0,0,103,,,,
037826,0,0,0,112,,,,
037827,0,0,0,123,,,,
037829,0,0,0,-99,,,,
037831,0,0,0,-581,,,,
037833,0,0,0,-43,,,,
037835,0,0,0,87,,,,
037837,0,0,0,-2,,,,
037838,0,0,0,-65,,,,
037839,0,0,0,-24,,,,
037840,0,0,0,-73,,,,
037841,0,0,0,45,,,,
037843,0,0,0,2,,,,
037845,0,0,0,-30,,,,
037848,0,0,0,24,,,,
037849,0,0,0,-21,,,,
037850,0,0,0,-144,,,,
037851,0,0,0,-89,,,,
037852,0,0,0,-21,,,,
037853,0,0,0,15,,,,
037856,0,0,0,10,,,,
037857,0,0,0,35,,,,
037859,0,0,0,-4,,,,
037862,0,0,0,1,,,,
037864,0,0,0,76,,,,
037866,0,0,0,-160,,,,
037868,0,0,0,5,,,,
037870,0,0,0,148,,,,
037872,0,0,0,68,,,,
037873,0,0,0,24,,,,
037874,0,0,0,148,,,,
037875,0,0,0,156,,,,
037876,0,0,0,-74,,,,
037877,0,0,0,-86,,,,
037878,0,0,0,410,,,,
037879,0,0,0,5,,,,
037880,0,0,0,-250,,,,
037883,0,0,0,0,,,,
037885,0,0,0,-29,,,,
037887,0,0,0,-10,,,,
037888,0,0,0,18,,,,
037889,0,0,0,171,,,,
037890,0,0,0,60,,,,
037893,0,0,0,-61,,,,
037894,0,0,0,9,,,,
037895,0,0,0,20,,,,
037898,0,0,0,946,,,,
037899,0,0,0,191,,,,
037902,0,0,0,239,,,,
037904,0,0,0,-495,,,,
037905,0,0,0,6,,,,
037906,0,0,0,-55,,,,
037907,0,0,0,-287,,,,
037911,0,0,0,842,,,,
037915,0,0,0,-309,,,,
037916,0,0,0,231,,,,
037919,0,0,0,0,,,,
037928,0,0,0,7,,,,
037929,0,0,0,-1,,,,
037930,0,0,0,17,,,,
037931,0,0,0,90,,,,
037932,0,0,0,-60,,,,
037934,0,0,0,-55,,,,
037935,0,0,0,-112,,,,
037936,0,0,0,-55,,,,
037937,0,0,0,-188,,,,
037940,0,0,0,9,,,,
037941,0,0,0,1,,,,
037947,0,0,0,-32,,,,
037950,0,0,0,19,,,,
037951,0,0,0,10,,,,
037956,0,0,0,-52,,,,
037957,0,0,0,-26,,,,
037958,0,0,0,-22,,,,
037959,0,0,0,-5,,,,
037963,0,0,0,-4,,,,
037964,0,0,0,-211,,,,
037967,0,0,0,21,,,,
037968,0,0,0,160,,,,
037969,0,0,0,50,,,,
037971,0,0,0,-31,,,,
037973,0,0,0,135,,,,
037975,0,0,0,-31,,,,
037976,0,0,0,-501,,,,
037977,0,0,0,28,,,,
037979,0,0,0,-5,,,,
037981,0,0,0,105,,,,
037984,0,0,0,-496,,,,
037985,0,0,0,1,,,,
037986,0,0,0,-171,,,,
037990,0,0,0,60,,,,
037991,0,0,0,500,,,,
037992,0,0,0,35,,,,
037993,0,0,0,-23,,,,
037994,0,0,0,75,,,,
037995,0,0,0,-74,,,,
037996,0,0,0,-283,,,,
037997,0,0,0,28,,,,
037998,0,0,0,20,,,,
038000,0,0,0,155,,,,
038001,0,0,0,0,,,,
038002,0,0,0,-13,,,,
038003,0,0,0,-168,,,,
038004,0,0,0,-432,,,,
038009,0,0,0,-32,,,,
038014,0,0,0,-27,,,,
038016,0,0,0,6,,,,
038018,0,0,0,-80,,,,
038019,0,0,0,26,,,,
038022,0,0,0,0,,,,
038023,0,0,0,25,,,,
038025,0,0,0,-5,,,,
038028,0,0,0,-196,,,,
038033,0,0,0,-57,,,,
038034,0,0,0,59,,,,
038035,0,0,0,-1,,,,
038037,0,0,0,-2,,,,
038042,0,0,0,-4,,,,
038043,0,0,0,35,,,,
038044,0,0,0,7,,,,
038045,0,0,0,124,,,,
038046,0,0,0,-24,,,,
038047,0,0,0,-24,,,,
038048,0,0,0,-20,,,,
03804U,0,0,0,-5,,,,
038050,0,0,0,-23,,,,
038051,0,0,0,8,,,,
038053,0,0,0,-96,,,,
038055,0,0,0,5,,,,
038056,0,0,0,-254,,,,
038058,0,0,0,-55,,,,
038062,0,0,0,6,,,,
038064,0,0,0,-74,,,,
038065,0,0,0,-35,,,,
038066,0,0,0,45,,,,
038067,0,0,0,-12,,,,
038071,0,0,0,-823,,,,
038072,0,0,0,0,,,,
038073,0,0,0,61,,,,
038074,0,0,0,-76,,,,
038076,0,0,0,-149,,,,
038078,0,0,0,-773,,,,
038079,0,0,0,-10,,,,
038081,0,0,0,140,,,,
038082,0,0,0,98,,,,
038084,0,0,0,32,,,,
038087,0,0,0,-1,,,,
038089,0,0,0,-301,,,,
038090,0,0,0,-86,,,,
038091,0,0,0,-13,,,,
038093,0,0,0,0,,,,
038094,0,0,0,-32,,,,
038095,0,0,0,20,,,,
038096,0,0,0,38,,,,
038097,0,0,0,-2,,,,
038098,0,0,0,50,,,,
038102,0,0,0,124,,,,
038103,0,0,0,-67,,,,
038104,0,0,0,-175,,,,
038106,0,0,0,9,,,,
038107,0,0,0,-21,,,,
038108,0,0,0,15,,,,
038109,0,0,0,-176,,,,
038110,0,0,0,-7,,,,
038111,0,0,0,-4,,,,
038114,0,0,0,391,,,,
038116,0,0,0,-22,,,,
03811U,0,0,0,80,,,,
038120,0,0,0,-7,,,,
038121,0,0,0,0,,,,
038124,0,0,0,2,,,,
038125,0,0,0,0,,,,
038128,0,0,0,-62,,,,
038136,0,0,0,-133,,,,
038137,0,0,0,-47,,,,
038141,0,0,0,-1143,,,,
038142,0,0,0,8,,,,
038145,0,0,0,419,,,,
038146,0,0,0,11,,,,
038147,0,0,0,-503,,,,
038148,0,0,0,-874,,,,
038149,0,0,0,30,,,,
038153,0,0,0,651,,,,
038159,0,0,0,-166,,,,
038160,0,0,0,-7,,,,
038161,0,0,0,-30,,,,
038162,0,0,0,212,,,,
038164,0,0,0,-6,,,,
038165,0,0,0,0,,,,
038168,0,0,0,-100,,,,
038170,0,0,0,0,,,,
038171,0,0,0,50,,,,
038174,0,0,0,-10,,,,
038175,0,0,0,0,,,,
038177,0,0,0,-18,,,,
038178,0,0,0,21,,,,
038179,0,0,0,495,,,,
038180,0,0,0,84,,,,
038181,0,0,0,-3,,,,
038182,0,0,0,-2,,,,
038186,0,0,0,50,,,,
038187,0,0,0,-2,,,,
038188,0,0,0,120,,,,
038192,0,0,0,-86,,,,
038193,0,0,0,42,,,,
038194,0,0,0,-50,,,,
038197,0,0,0,19,,,,
038198,0,0,0,3,,,,
038202,0,0,0,-16,,,,
038203,0,0,0,32,,,,
038204,0,0,0,-20,,,,
038208,0,0,0,2,,,,
038209,0,0,0,0,,,,
038210,0,0,0,24,,,,
038214,0,0,0,-1,,,,
038216,0,0,0,-102,,,,
038219,0,0,0,-10,,,,
038220,0,0,0,-30,,,,
038221,0,0,0,-1,,,,
038223,0,0,0,-118,,,,
038226,0,0,0,82,,,,
038229,0,0,0,-2,,,,
038230,0,0,0,46,,,,
038231,0,0,0,-41,,,,
038232,0,0,0,-102,,,,
038233,0,0,0,-201,,,,
038234,0,0,0,-40,,,,
038235,0,0,0,-23,,,,
038236,0,0,0,0,,,,
038237,0,0,0,-117,,,,
038238,0,0,0,31,,,,
038239,0,0,0,144,,,,
03823U,0,0,0,-39,,,,
038241,0,0,0,499,,,,
038242,0,0,0,3,,,,
038243,0,0,0,514,,,,
038246,0,0,0,2,,,,
038247,0,0,0,42,,,,
038248,0,0,0,-71,,,,
038249,0,0,0,-76,,,,
03824U,0,0,0,7,,,,
038250,0,0,0,-63,,,,
038251,0,0,0,-65,,,,
038252,0,0,0,62,,,,
038254,0,0,0,-32,,,,
038255,0,0,0,-15,,,,
038256,0,0,0,-250,,,,
038257,0,0,0,67,,,,
038258,0,0,0,-16,,,,
038259,0,0,0,13,,,,
038260,0,0,0,6,,,,
038263,0,0,0,-23,,,,
038264,0,0,0,220,,,,
038265,0,0,0,-58,,,,
038267,0,0,0,18,,,,
038269,0,0,0,-3,,,,
038272,0,0,0,-577,,,,
038273,0,0,0,-165,,,,
038274,0,0,0,-2,,,,
038275,0,0,0,-10,,,,
038276,0,0,0,119,,,,
038277,0,0,0,91,,,,
038279,0,0,0,-44,,,,
038280,0,0,0,-194,,,,
038283,0,0,0,-600,,,,
038286,0,0,0,-22,,,,
038289,0,0,0,40,,,,
038290,0,0,0,20,,,,
038291,0,0,0,-1,,,,
038292,0,0,0,-96,,,,
038293,0,0,0,38,,,,
038296,0,0,0,-59,,,,
038297,0,0,0,116,,,,
038298,0,0,0,-15,,,,
038302,0,0,0,7,,,,
038305,0,0,0,447,,,,
038306,0,0,0,75,,,,
038307,0,0,0,-65,,,,
038309,0,0,0,-5,,,,
038310,0,0,0,3,,,,
038313,0,0,0,150,,,,
038315,0,0,0,-979,,,,
038316,0,0,0,-83,,,,
038317,0,0,0,-572,,,,
038318,0,0,0,-15,,,,
038321,0,0,0,-16,,,,
038322,0,0,0,529,,,,
038323,0,0,0,40,,,,
038324,0,0,0,-120,,,,
038326,0,0,0,-46,,,,
038328,0,0,0,-268,,,,
038329,0,0,0,-30,,,,
038332,0,0,0,4,,,,
038334,0,0,0,-6,,,,
038335,0,0,0,145,,,,
038336,0,0,0,60,,,,
038337,0,0,0,-130,,,,
038339,0,0,0,-519,,,,
038340,0,0,0,-100,,,,
038341,0,0,0,-63,,,,
038342,0,0,0,57,,,,
038344,0,0,0,177,,,,
038345,0,0,0,-15,,,,
038346,0,0,0,20,,,,
038349,0,0,0,179,,,,
038351,0,0,0,32,,,,
038352,0,0,0,16,,,,
038353,0,0,0,0,,,,
038354,0,0,0,10,,,,
038355,0,0,0,1,,,,
038357,0,0,0,-638,,,,
038358,0,0,0,0,,,,
038359,0,0,0,2,,,,
038362,0,0,0,-10,,,,
038365,0,0,0,7,,,,
038366,0,0,0,39,,,,
038368,0,0,0,0,,,,
038370,0,0,0,-6,,,,
038371,0,0,0,28,,,,
038372,0,0,0,9,,,,
038373,0,0,0,54,,,,
038375,0,0,0,0,,,,
038377,0,0,0,74,,,,
038378,0,0,0,-851,,,,
038381,0,0,0,-149,,,,
038388,0,0,0,191,,,,
038389,0,0,0,15,,,,
038391,0,0,0,7,,,,
038396,0,0,0,-8,,,,
038397,0,0,0,11,,,,
038398,0,0,0,-7,,,,
038399,0,0,0,-13,,,,
038400,0,0,0,103,,,,
038402,0,0,0,-43,,,,
038403,0,0,0,-71,,,,
038404,0,0,0,18,,,,
038405,0,0,0,30,,,,
038408,0,0,0,3,,,,
038411,0,0,0,-100,,,,
038412,0,0,0,-10,,,,
038413,0,0,0,39,,,,
038414,0,0,0,-49,,,,
038417,0,0,0,-7,,,,
038418,0,0,0,-35,,,,
038419,0,0,0,150,,,,
03841U,0,0,0,998,,,,
038425,0,0,0,0,,,,
038426,0,0,0,-21,,,,
038428,0,0,0,-20,,,,
038430,0,0,0,7,,,,
038436,0,0,0,26,,,,
038437,0,0,0,-12,,,,
038438,0,0,0,-28,,,,
038440,0,0,0,-200,,,,
038441,0,0,0,-247,,,,
038442,0,0,0,-20,,,,
038443,0,0,0,18,,,,
038444,0,0,0,-320,,,,
038445,0,0,0,31,,,,
038446,0,0,0,95,,,,
038448,0,0,0,297,,,,
038449,0,0,0,-87,,,,
038450,0,0,0,-1,,,,
038458,0,0,0,-78,,,,
038460,0,0,0,-6,,,,
038461,0,0,0,29,,,,
038464,0,0,0,-2,,,,
038466,0,0,0,-19,,,,
038467,0,0,0,-30,,,,
038470,0,0,0,1601,,,,
038471,0,0,0,-2,,,,
038474,0,0,0,102,,,,
038475,0,0,0,-23,,,,
038477,0,0,0,16,,,,
038478,0,0,0,-305,,,,
038479,0,0,0,-15,,,,
038482,0,0,0,-3,,,,
038483,0,0,0,50,,,,
038484,0,0,0,-401,,,,
038485,0,0,0,-123,,,,
038487,0,0,0,84,,,,
038488,0,0,0,38,,,,
038489,0,0,0,-28,,,,
03848U,0,0,0,-290,,,,
038490,0,0,0,0,,,,
038493,0,0,0,161,,,,
038495,0,0,0,-4,,,,
038497,0,0,0,-106,,,,
038501,0,0,0,-178,,,,
038505,0,0,0,-25,,,,
038508,0,0,0,10,,,,
038509,0,0,0,154,,,,
038510,0,0,0,10,,,,
038511,0,0,0,-61,,,,
038512,0,0,0,32,,,,
038514,0,0,0,3,,,,
038517,0,0,0,566,,,,
038518,0,0,0,496,,,,
038521,0,0,0,-5,,,,
038522,0,0,0,-55,,,,
038523,0,0,0,-50,,,,
038524,0,0,0,-146,,,,
038525,0,0,0,17,,,,
038526,0,0,0,23,,,,
038528,0,0,0,-221,,,,
03852U,0,0,0,1516,,,,
038530,0,0,0,-92,,,,
038533,0,0,0,-1,,,,
038534,0,0,0,320,,,,
038535,0,0,0,4,,,,
038538,0,0,0,62,,,,
038539,0,0,0,-97,,,,
038540,0,0,0,-126,,,,
038541,0,0,0,-5,,,,
038542,0,0,0,70,,,,
038543,0,0,0,-38,,,,
038544,0,0,0,-10,,,,
038545,0,0,0,-10,,,,
038546,0,0,0,20,,,,
038547,-15,0,0,15,,,,
038549,0,0,0,-1,,,,
03854U,0,0,0,-4,,,,
038556,0,0,0,-15,,,,
038561,0,0,0,-106,,,,
038562,0,0,0,-22,,,,
038564,0,0,0,-23,,,,
038566,0,0,0,-200,,,,
038567,0,0,0,-3,,,,
038568,0,0,0,-29,,,,
038569,0,0,0,-66,,,,
038573,0,0,0,141,,,,
038574,0,0,0,8,,,,
038576,0,0,0,-42,,,,
038578,0,0,0,1,,,,
038580,0,0,0,-1,,,,
038581,0,0,0,118,,,,
038584,0,0,0,3,,,,
038586,0,0,0,8,,,,
038587,0,0,0,18,,,,
038588,0,0,0,15,,,,
038589,0,0,0,-8,,,,
03858U,0,0,0,5,,,,
038590,0,0,0,-1402,,,,
038591,0,0,0,-56,,,,
038592,0,0,0,48,,,,
038594,0,0,0,147,,,,
038599,0,0,0,38,,,,
038600,0,0,0,275,,,,
038602,0,0,0,-8,,,,
038603,0,0,0,-2,,,,
038607,0,0,0,-34,,,,
038608,0,0,0,-84,,,,
038609,0,0,0,-2,,,,
03860U,0,0,0,3,,,,
038610,0,0,0,2,,,,
038612,0,0,0,-64,,,,
038613,0,0,0,-106,,,,
038614,0,0,0,-36,,,,
038615,0,0,0,176,,,,
038618,0,0,0,-100,,,,
038620,0,0,0,-4,,,,
038621,0,0,0,-10,,,,
038623,0,0,0,-1771,,,,
038626,0,0,0,2,,,,
038630,0,0,0,-5,,,,
038635,0,0,0,1087,,,,
038636,0,0,0,-21,,,,
038637,0,0,0,49,,,,
038639,0,0,0,1,,,,
038641,0,0,0,3,,,,
038645,0,0,0,1,,,,
038649,0,0,0,70,,,,
038652,0,0,0,-9,,,,
038653,0,0,0,284,,,,
038656,0,0,0,317,,,,
038657,0,0,0,61,,,,
038658,0,0,0,-14,,,,
038659,0,0,0,47,,,,
038660,0,0,0,-379,,,,
038661,0,0,0,-9,,,,
038662,0,0,0,-87,,,,
038665,0,0,0,-1,,,,
038668,0,0,0,-15,,,,
038669,0,0,0,483,,,,
038670,0,0,0,-229,,,,
038671,0,0,0,-276,,,,
038673,0,0,0,4,,,,
038675,0,0,0,15,,,,
038676,0,0,0,-2,,,,
038679,0,0,0,-14,,,,
038680,0,0,0,-155,,,,
038681,0,0,0,-196,,,,
038683,0,0,0,36,,,,
038684,0,0,0,-242,,,,
038685,0,0,0,2,,,,
038688,0,0,0,-3,,,,
038690,0,0,0,100,,,,
038691,0,0,0,184,,,,
038692,0,0,0,-329,,,,
038693,0,0,0,-275,,,,
038694,0,0,0,-49,,,,
038695,0,0,0,-85,,,,
038696,0,0,0,51,,,,
038698,0,0,0,9,,,,
038699,0,0,0,-8,,,,
038700,0,0,0,9,,,,
038701,0,0,0,-12,,,,
038702,0,0,0,0,,,,
038703,0,0,0,92,,,,
038705,0,0,0,72,,,,
038706,0,0,0,86,,,,
038707,0,0,0,-107,,,,
038708,0,0,0,-2,,,,
038709,0,0,0,-42,,,,
038710,0,0,0,-2,,,,
038712,0,0,0,-84,,,,
038713,0,0,0,4,,,,
038714,0,0,0,-29,,,,
038715,0,0,0,8,,,,
038716,0,0,0,-10,,,,
038718,0,0,0,-21,,,,
038719,0,0,0,-53,,,,
038720,0,0,0,-114,,,,
038721,0,0,0,-300,,,,
038723,0,0,0,-27,,,,
038728,0,0,0,-6,,,,
038730,0,0,0,-18,,,,
038731,0,0,0,9,,,,
038732,0,0,0,-5,,,,
038735,0,0,0,-330,,,,
038736,0,0,0,-24,,,,
038738,0,0,0,-20,,,,
038739,0,0,0,-5,,,,
038740,0,0,0,32,,,,
038741,0,0,0,123,,,,
038742,0,0,0,155,,,,
038743,0,0,0,9,,,,
038744,0,0,0,223,,,,
038745,0,0,0,-61,,,,
038746,0,0,0,-74,,,,
038748,0,0,0,137,,,,
038750,0,0,0,140,,,,
038752,0,0,0,55,,,,
038753,0,0,0,-79,,,,
038754,0,0,0,-30,,,,
038756,0,0,0,30,,,,
038757,0,0,0,-56,,,,
038758,0,0,0,100,,,,
038759,0,0,0,120,,,,
038760,0,0,0,-5,,,,
038762,0,0,0,-3,,,,
038763,0,0,0,30,,,,
038768,0,0,0,-168,,,,
038770,0,0,0,654,,,,
038771,0,0,0,296,,,,
038773,0,0,0,-276,,,,
038774,0,0,0,-30,,,,
038775,0,0,0,-195,,,,
038776,0,0,0,-33,,,,
038777,0,0,0,1571,,,,
038778,0,0,0,11,,,,
038779,0,0,0,21,,,,
038785,0,0,0,-32,,,,
038786,0,0,0,-317,,,,
038787,0,0,0,15,,,,
038788,0,0,0,14,,,,
038789,0,0,0,-2,,,,
038791,0,0,0,-100,,,,
038794,0,0,0,8,,,,
038795,0,0,0,-170,,,,
038798,0,0,0,9,,,,
038801,0,0,0,-16,,,,
038802,0,0,0,-100,,,,
038804,0,0,0,-82,,,,
038806,0,0,0,-50,,,,
038808,0,0,0,-33,,,,
038811,0,0,0,-2,,,,
038817,0,0,0,-55,,,,
038818,0,0,0,-322,,,,
038819,0,0,0,-1,,,,
038820,0,0,0,0,,,,
038821,0,0,0,-133,,,,
038822,0,0,0,-117,,,,
038823,0,0,0,81,,,,
038824,0,0,0,224,,,,
038825,0,0,0,49,,,,
038826,0,0,0,-291,,,,
038827,0,0,0,-13,,,,
038838,0,0,0,1,,,,
038839,0,0,0,46,,,,
038843,0,0,0,138,,,,
038844,0,0,0,145,,,,
038845,0,0,0,484,,,,
038846,0,0,0,376,,,,
038847,0,0,0,46,,,,
038848,0,0,0,-191,,,,
038854,0,0,0,-374,,,,
038856,0,0,0,-23,,,,
038857,0,0,0,-8,,,,
038858,9,0,0,-9,,,,
038859,0,0,0,-10,,,,
038860,0,0,0,78,,,,
038861,0,0,0,0,,,,
038862,0,0,0,9,,,,
038863,0,0,0,89,,,,
038864,0,0,0,39,,,,
038866,0,0,0,-22,,,,
038868,0,0,0,0,,,,
038870,0,0,0,73,,,,
038871,0,0,0,197,,,,
038872,0,0,0,-42,,,,
038873,0,0,0,-624,,,,
038874,0,0,0,2,,,,
038875,0,0,0,167,,,,
038877,0,0,0,-10,,,,
03887U,0,0,0,451,,,,
038880,0,0,0,-88,,,,
038882,0,0,0,3,,,,
038885,0,0,0,-22,,,,
038888,0,0,0,137,,,,
038889,0,0,0,285,,,,
038892,0,0,0,-402,,,,
038893,0,0,0,-3,,,,
038894,0,0,0,-23,,,,
038896,0,0,0,79,,,,
038898,0,0,0,103,,,,
038899,0,0,0,-41,,,,
038901,0,0,0,11,,,,
038902,0,0,0,-33,,,,
038903,0,0,0,0,,,,
038904,0,0,0,-9,,,,
038905,0,0,0,-46,,,,
038906,0,0,0,-130,,,,
038907,0,0,0,128,,,,
038909,0,0,0,-47,,,,
038912,0,0,0,71,,,,
038913,0,0,0,1018,,,,
038914,0,0,0,35,,,,
038916,0,0,0,-14,,,,
038917,0,0,0,31,,,,
038918,0,0,0,-89,,,,
038920,0,0,0,89,,,,
038921,0,0,0,-16,,,,
038923,0,0,0,-29,,,,
038925,0,0,0,216,,,,
038926,0,0,0,20,,,,
038927,0,0,0,-75,,,,
038928,0,0,0,1,,,,
038929,0,0,0,31,,,,
038930,0,0,0,73,,,,
038936,0,0,0,0,,,,
038937,0,0,0,-1,,,,
038938,0,0,0,25,,,,
038939,0,0,0,-2,,,,
038941,0,0,0,-1,,,,
038942,0,0,0,86,,,,
038943,0,0,0,64,,,,
038946,0,0,0,259,,,,
038947,0,0,0,90,,,,
038948,0,0,0,-29,,,,
038949,0,0,0,-50,,,,
038950,0,0,0,-121,,,,
038951,0,0,0,-12,,,,
038954,0,0,0,-18,,,,
038955,0,0,0,-214,,,,
038956,0,0,0,-32,,,,
038957,0,0,0,-357,,,,
038958,0,0,0,7,,,,
038961,0,0,0,172,,,,
038963,0,0,0,886,,,,
038965,0,0,0,-250,,,,
038966,0,0,0,-229,,,,
038967,0,0,0,700,,,,
038969,0,0,0,137,,,,
038971,0,0,0,-75,,,,
038972,0,0,0,-194,,,,
038973,0,0,0,-737,,,,
038974,0,0,0,-15,,,,
038975,0,0,0,10,,,,
038976,0,0,0,68,,,,
038977,0,0,0,-283,,,,
038978,0,0,0,75,,,,
038979,0,0,0,40,,,,
038980,0,0,0,-134,,,,
038981,0,0,0,1008,,,,
038982,0,0,0,-255,,,,
038983,0,0,0,-609,,,,
038985,0,0,0,113,,,,
038986,0,0,0,-204,,,,
038988,0,0,0,-5,,,,
03898U,0,0,0,20,,,,
038990,0,0,0,0,,,,
038991,0,0,0,13,,,,
038992,0,0,0,-15,,,,
038996,0,0,0,5,,,,
038999,0,0,0,5,,,,
03899U,0,0,0,0,,,,
039000,0,0,0,31,,,,
039001,0,0,0,0,,,,
039004,0,0,0,40,,,,
039005,0,0,0,-20,,,,
039007,0,0,0,-3,,,,
039009,0,0,0,137,,,,
039010,0,0,0,170,,,,
039011,0,0,0,-60,,,,
039012,0,0,0,-4,,,,
039014,0,0,0,50,,,,
039015,0,0,0,-10,,,,
039016,0,0,0,-25,,,,
039017,0,0,0,-28,,,,
039018,0,0,0,-45,,,,
039019,0,0,0,316,,,,
039020,0,0,0,116,,,,
039022,0,0,0,731,,,,
039027,0,0,0,-57,,,,
039028,0,0,0,-45,,,,
039029,0,0,0,5,,,,
039031,0,0,0,-584,,,,
039032,0,0,0,12,,,,
039033,0,0,0,-12,,,,
039035,0,0,0,34,,,,
039036,0,0,0,-299,,,,
039037,0,0,0,67,,,,
039038,0,0,0,34,,,,
039039,0,0,0,23,,,,
039040,0,0,0,0,,,,
039042,0,0,0,10,,,,
039044,0,0,0,-5,,,,
039045,0,0,0,-68,,,,
039046,0,0,0,-74,,,,
039048,0,0,0,-468,,,,
039049,0,0,0,-260,,,,
039050,0,0,0,-19,,,,
039051,0,0,0,-40,,,,
039052,0,0,0,-8,,,,
039053,0,0,0,400,,,,
039055,0,0,0,-82,,,,
039056,0,0,0,52,,,,
039057,0,0,0,83,,,,
039058,0,0,0,68,,,,
039060,0,0,0,31,,,,
039061,0,0,0,-40,,,,
039062,0,0,0,187,,,,
039063,0,0,0,11,,,,
039066,0,0,0,-44,,,,
039067,0,0,0,112,,,,
039069,0,0,0,237,,,,
039070,0,0,0,-110,,,,
039071,0,0,0,192,,,,
039072,0,0,0,-248,,,,
039074,0,0,0,-10,,,,
039075,0,0,0,-22,,,,
039077,0,0,0,-3,,,,
039078,0,0,0,-89,,,,
039079,0,0,0,-325,,,,
039081,0,0,0,20,,,,
039082,0,0,0,-117,,,,
039083,0,0,0,-10,,,,
039085,0,0,0,2,,,,
039087,0,0,0,29,,,,
039088,0,0,0,-59,,,,
039091,0,0,0,182,,,,
039092,0,0,0,61,,,,
039093,0,0,0,7,,,,
039095,0,0,0,-207,,,,
039099,0,0,0,-94,,,,
039102,0,0,0,-1,,,,
039103,0,0,0,17,,,,
039104,0,0,0,6,,,,
039105,0,0,0,850,,,,
039106,0,0,0,30,,,,
039107,0,0,0,0,,,,
039108,0,0,0,8,,,,
039109,0,0,0,171,,,,
039110,0,0,0,-20,,,,
039111,0,0,0,52,,,,
039113,0,0,0,128,,,,
039117,0,0,0,-3,,,,
039118,0,0,0,-5,,,,
039122,0,0,0,-26,,,,
039124,0,0,0,-443,,,,
039125,0,0,0,105,,,,
039126,0,0,0,1,,,,
039127,0,0,0,-20,,,,
039128,0,0,0,112,,,,
039129,0,0,0,-2,,,,
039131,0,0,0,-100,,,,
039134,0,0,0,-1,,,,
039135,0,0,0,-51,,,,
039136,0,0,0,-7,,,,
039137,0,0,0,20,,,,
039138,0,0,0,-2,,,,
039140,0,0,0,702,,,,
039141,0,0,0,5,,,,
039142,0,0,0,-61,,,,
039143,0,0,0,0,,,,
039144,0,0,0,-150,,,,
039146,0,0,0,100,,,,
039147,0,0,0,-4,,,,
03914U,0,0,0,-20,,,,
039152,0,0,0,-2,,,,
039153,0,0,0,40,,,,
039154,0,0,0,189,,,,
039156,0,0,0,-17,,,,
039157,0,0,0,12,,,,
039158,0,0,0,41,,,,
039160,0,0,0,-10,,,,
039161,0,0,0,-8,,,,
039164,0,0,0,-50,,,,
039165,0,0,0,3,,,,
039169,0,0,0,-10,,,,
039172,0,0,0,77,,,,
039173,0,0,0,-586,,,,
039174,0,0,0,0,,,,
039175,50,0,0,-262,,,,
039178,0,0,0,-143,,,,
039179,0,0,0,-40,,,,
039180,0,0,0,6,,,,
039181,0,0,0,-5,,,,
039184,0,0,0,7,,,,
039185,0,0,0,-221,,,,
039186,0,0,0,-101,,,,
039187,0,0,0,-324,,,,
039188,0,0,0,-108,,,,
039189,0,0,0,127,,,,
039192,0,0,0,24,,,,
039194,0,0,0,307,,,,
039195,0,0,0,434,,,,
039196,0,0,0,30,,,,
039198,0,0,0,-30,,,,
039200,0,0,0,31,,,,
039201,0,0,0,-38,,,,
039202,0,0,0,21,,,,
039203,0,0,0,25,,,,
039205,0,0,0,278,,,,
039206,0,0,0,-85,,,,
039208,0,0,0,0,,,,
039209,0,0,0,-10,,,,
039210,0,0,0,-9,,,,
039211,0,0,0,-77,,,,
039212,0,0,0,-24,,,,
039213,0,0,0,0,,,,
039215,0,0,0,-18,,,,
039216,0,0,0,-15,,,,
039217,0,0,0,2,,,,
039218,0,0,0,-11,,,,
039219,0,0,0,14,,,,
039220,0,0,0,30,,,,
039222,0,0,0,-6,,,,
039223,0,0,0,-16,,,,
039224,0,0,0,-40,,,,
039225,0,0,0,-10,,,,
039227,0,0,0,-10,,,,
039229,0,0,0,9,,,,
039230,0,0,0,5,,,,
039232,0,0,0,187,,,,
039233,0,0,0,-5,,,,
039237,0,0,0,36,,,,
039240,0,0,0,-6,,,,
039243,0,0,0,172,,,,
039244,0,0,0,180,,,,
039245,0,0,0,462,,,,
039246,0,0,0,48,,,,
039247,0,0,0,-13,,,,
039250,0,0,0,-1350,,,,
039252,0,0,0,-364,,,,
039254,0,0,0,81,,,,
039255,0,0,0,-20,,,,
039256,0,0,0,-40,,,,
039257,0,0,0,10,,,,
039258,0,0,0,-23,,,,
039259,0,0,0,-2,,,,
039260,0,0,0,-11,,,,
039263,0,0,0,16,,,,
039265,0,0,0,1,,,,
039266,-10,0,0,65,,,,
039267,0,0,0,154,,,,
039270,0,0,0,-540,,,,
039271,0,0,0,245,,,,
039272,0,0,0,20,,,,
039274,0,0,0,7,,,,
039276,0,0,0,-4,,,,
039277,0,0,0,-28,,,,
039278,0,0,0,0,,,,
039279,0,0,0,113,,,,
039282,0,0,0,288,,,,
039283,0,0,0,26,,,,
039287,0,0,0,-116,,,,
039288,0,0,0,-2,,,,
039289,0,0,0,763,,,,
039290,0,0,0,-70,,,,
039291,0,0,0,-37,,,,
039293,0,0,0,8,,,,
039295,0,0,0,-62,,,,
039296,0,0,0,-29,,,,
039297,0,0,0,4,,,,
039298,0,0,0,28,,,,
039299,0,0,0,-3,,,,
03929U,0,0,0,-19,,,,
039300,0,0,0,-34,,,,
039301,0,0,0,-657,,,,
039302,0,0,0,-30,,,,
039304,0,0,0,148,,,,
039305,0,0,0,-125,,,,
039306,0,0,0,-114,,,,
039307,0,0,0,3,,,,
039308,0,0,0,-6,,,,
039309,0,0,0,-5,,,,
039310,0,0,0,-2,,,,
039314,0,0,0,-7,,,,
039315,0,0,0,40,,,,
039317,0,0,0,-32,,,,
039318,0,0,0,0,,,,
039319,0,0,0,-16,,,,
039320,0,0,0,-67,,,,
039321,0,0,0,-420,,,,
039322,0,0,0,13,,,,
039323,0,0,0,216,,,,
039324,0,0,0,-18,,,,
039325,0,0,0,171,,,,
039326,0,0,0,5,,,,
039328,0,0,0,40,,,,
039329,0,0,0,3,,,,
039330,0,0,0,-120,,,,
039331,0,0,0,-2,,,,
039332,0,0,0,9,,,,
039334,0,0,0,-72,,,,
039335,0,0,0,28,,,,
039336,0,0,0,39,,,,
039337,0,0,0,10,,,,
039338,0,0,0,-24,,,,
039339,0,0,0,-114,,,,
03933U,0,0,0,-951,,,,
039340,0,0,0,-130,,,,
039343,0,0,0,-29,,,,
039344,0,0,0,-124,,,,
039346,0,0,0,-21,,,,
039347,0,0,0,4,,,,
039348,0,0,0,1327,,,,
039349,0,0,0,-998,,,,
039350,0,0,0,-8,,,,
039351,0,0,0,113,,,,
039352,0,0,0,81,,,,
039353,0,0,0,10,,,,
039354,0,0,0,-32,,,,
039355,0,0,0,-16,,,,
039356,0,0,0,10,,,,
039357,0,0,0,-15,,,,
039358,0,0,0,-14,,,,
039359,0,0,0,-248,,,,
03935U,0,0,0,-30,,,,
039364,0,0,0,-177,,,,
039365,0,0,0,-980,,,,
039366,0,0,0,-64,,,,
039367,0,0,0,-30,,,,
039369,0,0,0,-25,,,,
03936U,0,0,0,-30,,,,
039371,0,0,0,-100,,,,
039372,0,0,0,4,,,,
039373,0,0,0,-58,,,,
039376,0,0,0,-49,,,,
039377,0,0,0,5,,,,
039378,0,0,0,-2,,,,
039382,0,0,0,-297,,,,
039385,0,0,0,35,,,,
039387,0,0,0,-362,,,,
039388,0,0,0,-324,,,,
039390,0,0,0,-256,,,,
039391,0,0,0,0,,,,
039393,0,0,0,135,,,,
039394,0,0,0,-90,,,,
039396,0,0,0,-52,,,,
039397,0,0,0,-231,,,,
039398,0,0,0,0,,,,
039401,0,0,0,-10,,,,
039403,0,0,0,-11,,,,
039408,0,0,0,-91,,,,
039409,0,0,0,247,,,,
039410,0,0,0,-161,,,,
039412,0,0,0,-89,,,,
039413,0,0,0,-6,,,,
039415,0,0,0,26,,,,
039417,0,0,0,-61,,,,
039418,0,0,0,-13,,,,
039419,0,0,0,8,,,,
03941U,0,0,0,2,,,,
039420,0,0,0,19,,,,
039421,0,0,0,41,,,,
039423,0,0,0,1,,,,
039424,0,0,0,0,,,,
039427,0,0,0,98,,,,
03942U,0,0,0,26,,,,
039430,0,0,0,0,,,,
039431,0,0,0,-70,,,,
039432,0,0,0,0,,,,
039435,0,0,0,182,,,,
039436,0,0,0,-78,,,,
039438,0,0,0,20,,,,
03943U,0,0,0,-25,,,,
039440,0,0,0,9,,,,
039441,0,0,0,-304,,,,
039445,0,0,0,-11,,,,
039446,0,0,0,-3,,,,
039447,0,0,0,-16,,,,
039448,0,0,0,120,,,,
039450,0,0,0,-32,,,,
039451,0,0,0,-23,,,,
039453,0,0,0,15,,,,
039454,0,0,0,165,,,,
039455,0,0,0,13,,,,
039459,0,0,0,19,,,,
039460,0,0,0,17,,,,
039461,0,0,0,105,,,,
039463,0,0,0,-68,,,,
039466,0,0,0,-53,,,,
039471,0,0,0,-566,,,,
039473,0,0,0,22,,,,
039476,0,0,0,22,,,,
039477,0,0,0,-41,,,,
039478,0,0,0,-15,,,,
039479,0,0,0,27,,,,
039480,0,0,0,3,,,,
039481,0,0,0,25,,,,
039482,0,0,0,52,,,,
039484,0,0,0,10,,,,
039485,0,0,0,-5,,,,
039486,0,0,0,1,,,,
039488,0,0,0,-11,,,,
039489,0,0,0,178,,,,
039490,0,0,0,120,,,,
039492,0,0,0,-10,,,,
039493,0,0,0,-4,,,,
039495,0,0,0,1,,,,
039497,0,0,0,-166,,,,
039499,0,0,0,-6,,,,
039500,0,0,0,-12,,,,
039501,0,0,0,45,,,,
039502,0,0,0,-10,,,,
039503,0,0,0,-15,,,,
039507,0,0,0,10,,,,
039508,0,0,0,25,,,,
039510,0,0,0,-266,,,,
039512,0,0,0,-52,,,,
039513,0,0,0,35,,,,
039514,0,0,0,-88,,,,
039515,0,0,0,100,,,,
039516,0,0,0,50,,,,
039520,0,0,0,159,,,,
039521,0,0,0,9,,,,
039522,0,0,0,40,,,,
039523,0,0,0,1236,,,,
039524,0,0,0,-127,,,,
039525,0,0,0,33,,,,
039526,0,0,0,15,,,,
039527,0,0,0,40,,,,
039528,0,0,0,3,,,,
039529,0,0,0,18,,,,
03952U,0,0,0,30,,,,
039531,0,0,0,-38,,,,
039533,0,0,0,0,,,,
039535,0,0,0,3,,,,
039536,0,0,0,-5,,,,
039538,0,0,0,-3,,,,
039539,0,0,0,273,,,,
039540,0,0,0,-22,,,,
039545,0,0,0,-37,,,,
039546,0,0,0,-41,,,,
039551,0,0,0,-290,,,,
039552,0,0,0,-10,,,,
039554,0,0,0,-125,,,,
039555,0,0,0,52,,,,
039557,0,0,0,-461,,,,
039561,0,0,0,-95,,,,
039562,0,0,0,50,,,,
039563,0,0,0,68,,,,
039564,0,0,0,-291,,,,
039567,0,0,0,15,,,,
039570,0,0,0,2,,,,
039571,0,0,0,-52,,,,
039572,0,0,0,-5,,,,
039573,0,0,0,-7,,,,
039574,0,0,0,-11,,,,
039576,0,0,0,36,,,,
039578,0,0,0,70,,,,
039580,0,0,0,-34,,,,
039581,0,0,0,-73,,,,
039582,0,0,0,35,,,,
039583,0,0,0,-527,,,,
039584,0,0,0,-33,,,,
039586,0,0,0,-517,,,,
039587,0,0,0,50,,,,
039589,0,0,0,10,,,,
03958C,0,0,0,26,,,,
039590,0,0,0,-39,,,,
039591,0,0,0,-46,,,,
039592,0,0,0,-60,,,,
039594,0,0,0,-14,,,,
039596,0,0,0,23,,,,
039597,0,0,0,1,,,,
039598,0,0,0,9,,,,
039599,0,0,0,25,,,,
039600,0,0,0,-13,,,,
039601,0,0,0,28,,,,
039602,0,0,0,-11,,,,
039604,0,0,0,10,,,,
039607,0,0,0,-20,,,,
039608,0,0,0,-338,,,,
039610,0,0,0,-323,,,,
039611,0,0,0,-23,,,,
039612,0,0,0,-98,,,,
039614,0,0,0,119,,,,
039618,0,0,0,-11,,,,
039625,0,0,0,-2,,,,
039626,0,0,0,10,,,,
039627,0,0,0,111,,,,
039628,0,0,0,100,,,,
039629,0,0,0,10,,,,
039632,0,0,0,15,,,,
039634,0,0,0,9,,,,
039636,0,0,0,24,,,,
039638,0,0,0,-2,,,,
039640,0,0,0,54,,,,
039642,0,0,0,-10,,,,
039644,0,0,0,113,,,,
039648,0,0,0,-16,,,,
03964U,0,0,0,-3,,,,
039651,0,0,0,46,,,,
039652,0,0,0,45,,,,
039653,0,0,0,-20,,,,
039654,0,0,0,99,,,,
039655,0,0,0,100,,,,
039656,0,0,0,44,,,,
039658,0,0,0,154,,,,
039659,0,0,0,-10,,,,
039661,0,0,0,45,,,,
039662,0,0,0,-5,,,,
039663,0,0,0,17,,,,
039666,0,0,0,88,,,,
039667,0,0,0,14,,,,
039671,0,0,0,10,,,,
039673,0,0,0,-28,,,,
039675,0,0,0,17,,,,
039676,0,0,0,147,,,,
039678,0,0,0,-75,,,,
039679,0,0,0,127,,,,
03967C,0,0,0,-4,,,,
039680,0,0,0,-1,,,,
039683,0,0,0,-19,,,,
039684,0,0,0,-2,,,,
039685,0,0,0,-36,,,,
039686,0,0,0,58,,,,
039687,0,0,0,-152,,,,
039688,0,0,0,100,,,,
039689,0,0,0,241,,,,
039691,0,0,0,81,,,,
039695,0,0,0,-283,,,,
039696,0,0,0,153,,,,
039697,0,0,0,-271,,,,
039698,0,0,0,114,,,,
039699,0,0,0,163,,,,
03969C,0,0,0,-4,,,,
039701,0,0,0,-320,,,,
039702,0,0,0,-13,,,,
039703,0,0,0,9,,,,
039706,0,0,0,-232,,,,
039707,0,0,0,-200,,,,
039710,0,0,0,-100,,,,
039711,0,0,0,-50,,,,
039713,0,0,0,105,,,,
039715,0,0,0,127,,,,
039716,0,0,0,-58,,,,
039717,0,0,0,9,,,,
039718,0,0,0,-52,,,,
039719,0,0,0,-349,,,,
039722,0,0,0,149,,,,
039723,0,0,0,-120,,,,
039724,0,0,0,11,,,,
039725,0,0,0,-29,,,,
039729,0,0,0,11,,,,
03972C,0,0,0,-11,,,,
039733,0,0,0,-60,,,,
039734,0,0,0,-6,,,,
039735,0,0,0,-43,,,,
039736,0,0,0,36,,,,
039737,0,0,0,26,,,,
039738,0,0,0,-51,,,,
039739,0,0,0,7,,,,
039740,0,0,0,20,,,,
039742,0,0,0,-82,,,,
039743,0,0,0,59,,,,
039744,0,0,0,-145,,,,
039746,0,0,0,309,,,,
039750,0,0,0,1,,,,
039754,0,0,0,-3,,,,
039755,0,0,0,-632,,,,
039756,0,0,0,-30,,,,
039758,0,0,0,2,,,,
039760,0,0,0,-52,,,,
039761,0,0,0,-679,,,,
039762,0,0,0,66,,,,
039763,0,0,0,78,,,,
039764,0,0,0,120,,,,
039766,0,0,0,-345,,,,
039767,600,0,0,-592,,,,
039768,0,0,0,20,,,,
039771,0,0,0,4,,,,
039773,0,0,0,-320,,,,
039774,0,0,0,-63,,,,
039775,0,0,0,45,,,,
039776,0,0,0,20,,,,
039777,0,0,0,10,,,,
039780,0,0,0,5,,,,
039783,0,0,0,-38,,,,
039784,0,0,0,60,,,,
039785,0,0,0,-1,,,,
039789,0,0,0,-10,,,,
039790,0,0,0,-100,,,,
039791,0,0,0,1301,,,,
039792,0,0,0,60,,,,
039794,0,0,0,37,,,,
039796,0,0,0,250,,,,
039797,0,0,0,181,,,,
039798,0,0,0,-179,,,,
039800,0,0,0,-30,,,,
039801,0,0,0,-92,,,,
039802,0,0,0,1,,,,
039803,0,0,0,32,,,,
039804,0,0,0,-20,,,,
039807,0,0,0,18,,,,
039808,0,0,0,59,,,,
039809,0,0,0,-2,,,,
039811,0,0,0,-43,,,,
039812,0,0,0,-6,,,,
039813,0,0,0,-255,,,,
039815,0,0,0,449,,,,
039816,0,0,0,-112,,,,
039817,0,0,0,57,,,,
039819,0,0,0,-211,,,,
039820,0,0,0,4059,,,,
039822,0,0,0,-351,,,,
039824,0,0,0,78,,,,
039825,0,0,0,147,,,,
039826,0,0,0,-88,,,,
039827,0,0,0,-87,,,,
039828,0,0,0,100,,,,
039829,0,0,0,82,,,,
039830,0,0,0,247,,,,
039831,0,0,0,-80,,,,
039833,0,0,0,278,,,,
039834,0,0,0,434,,,,
039835,0,0,0,68,,,,
039837,0,0,0,-9,,,,
039839,0,0,0,29,,,,
039840,0,0,0,-20,,,,
039841,0,0,0,17,,,,
039842,0,0,0,51,,,,
039843,0,0,0,25,,,,
039845,0,0,0,46,,,,
039846,0,0,0,31,,,,
039847,0,0,0,0,,,,
039848,0,0,0,36,,,,
039849,0,0,0,142,,,,
039850,0,0,0,284,,,,
039851,0,0,0,347,,,,
039852,0,0,0,-1135,,,,
039853,0,0,0,3,,,,
039854,0,0,0,168,,,,
039855,0,0,0,-1,,,,
039856,0,0,0,-184,,,,
039857,0,0,0,50,,,,
039858,0,0,0,-25,,,,
039860,0,0,0,98,,,,
039861,0,0,0,-94,,,,
039862,0,0,0,91,,,,
039863,0,0,0,60,,,,
039864,0,0,0,-10,,,,
039866,0,0,0,46,,,,
039867,0,0,0,85,,,,
039868,0,0,0,-6,,,,
039869,0,0,0,-37,,,,
039870,0,0,0,-41,,,,
039873,0,0,0,-43,,,,
039874,0,0,0,5,,,,
039875,0,0,0,16,,,,
039876,0,0,0,-85,,,,
039878,0,0,0,60,,,,
039879,0,0,0,-391,,,,
03987C,0,0,0,1,,,,
039880,0,0,0,20,,,,
039882,0,0,0,56,,,,
039883,0,0,0,68,,,,
039884,0,0,0,80,,,,
039885,0,0,0,1,,,,
039886,0,0,0,-38,,,,
039887,0,0,0,-13,,,,
039888,0,0,0,71,,,,
039889,0,0,0,7,,,,
03988C,0,0,0,6,,,,
039891,0,0,0,-63,,,,
039893,0,0,0,-1,,,,
039894,0,0,0,-16,,,,
039895,0,0,0,-53,,,,
039896,0,0,0,51,,,,
039897,0,0,0,160,,,,
039898,0,0,0,28,,,,
039899,0,0,0,57,,,,
039900,0,0,0,57,,,,
039901,0,0,0,57,,,,
039902,0,0,0,-2,,,,
039903,0,0,0,343,,,,
039905,0,0,0,-37,,,,
039906,0,0,0,-11,,,,
039907,0,0,0,100,,,,
039908,0,0,0,24,,,,
039909,0,0,0,-2,,,,
03990C,0,0,0,-210,,,,
039910,0,0,0,599,,,,
039911,0,0,0,29,,,,
039912,0,0,0,-664,,,,
039913,0,0,0,-250,,,,
039914,0,0,0,-1,,,,
039915,0,0,0,104,,,,
039916,0,0,0,42,,,,
039917,0,0,0,-27,,,,
039918,0,0,0,-81,,,,
03991C,0,0,0,-20,,,,
039920,0,0,0,-39,,,,
039921,0,0,0,-236,,,,
039924,0,0,0,-145,,,,
039927,0,0,0,-605,,,,
039928,0,0,0,-3,,,,
039929,0,0,0,-11,,,,
03992C,0,0,0,46,,,,
03992U,0,0,0,5,,,,
039930,0,0,0,9,,,,
039931,0,0,0,-75,,,,
039932,0,0,0,-100,,,,
039936,0,0,0,8,,,,
039937,0,0,0,-499,,,,
039938,0,0,0,-9,,,,
039939,0,0,0,3,,,,
03993C,0,0,0,-1,,,,
039940,0,0,0,-47,,,,
039943,0,0,0,196,,,,
039944,0,0,0,1,,,,
039945,0,0,0,-67,,,,
039946,0,0,0,166,,,,
039947,0,0,0,-40,,,,
039948,0,0,0,-265,,,,
039950,0,0,0,31,,,,
039951,0,0,0,4,,,,
039953,0,0,0,2,,,,
03995C,0,0,0,180,,,,
039960,0,0,0,-77,,,,
039961,0,0,0,-126,,,,
039963,0,0,0,19,,,,
039964,0,0,0,-994,,,,
039965,0,0,0,-60,,,,
039966,0,0,0,6,,,,
039967,0,0,0,0,,,,
039968,0,0,0,-15,,,,
039969,0,0,0,-59,,,,
03996C,0,0,0,4,,,,
03996U,0,0,0,-150,,,,
039971,0,0,0,-20,,,,
039972,0,0,0,-14,,,,
039973,0,0,0,-615,,,,
039974,0,0,0,-9,,,,
039977,0,0,0,54,,,,
039980,0,0,0,-365,,,,
039981,0,0,0,160,,,,
039982,0,0,0,28,,,,
039983,0,0,0,-91,,,,
039984,0,0,0,-50,,,,
039985,0,0,0,114,,,,
039986,0,0,0,-2246,,,,
039987,0,0,0,47,,,,
039988,0,0,0,32,,,,
039989,0,0,0,14,,,,
039990,0,0,0,-17,,,,
039992,0,0,0,-595,,,,
039993,0,0,0,-25,,,,
039995,0,0,0,13,,,,
039996,0,0,0,-102,,,,
039997,0,0,0,20,,,,
039998,0,0,0,-245,,,,
039999,0,0,0,35,,,,
040000,0,0,0,74,,,,
040001,0,0,0,-8,,,,
040002,0,0,0,47,,,,
040003,0,0,0,479,,,,
040004,0,0,0,163,,,,
040005,0,0,0,-20,,,,
040006,0,0,0,20,,,,
040007,0,0,0,-30,,,,
040008,0,0,0,-312,,,,
040009,0,0,0,1,,,,
04000U,0,0,0,4,,,,
040010,0,0,0,0,,,,
040011,0,0,0,-132,,,,
040012,0,0,0,-142,,,,
040013,0,0,0,-314,,,,
040014,0,0,0,-310,,,,
040015,0,0,0,-27,,,,
040016,0,0,0,-256,,,,
040017,0,0,0,229,,,,
040018,0,0,0,-8,,,,
040019,0,0,0,-14,,,,
04001U,0,0,0,297,,,,
040020,0,0,0,-485,,,,
040021,0,0,0,-41,,,,
040022,0,0,0,-118,,,,
040023,16,0,0,-386,,,,
040024,0,0,0,-183,,,,
040025,0,0,0,-4,,,,
040027,0,0,0,146,,,,
040028,0,0,0,-4,,,,
040029,0,0,0,72,,,,
040030,0,0,0,-1,,,,
040031,0,0,0,-100,,,,
040032,0,0,0,94,,,,
040033,0,0,0,-75,,,,
040034,0,0,0,-75,,,,
040037,0,0,0,20,,,,
040038,0,0,0,7,,,,
040039,0,0,0,-3,,,,
040040,0,0,0,-51,,,,
040041,0,0,0,21,,,,
040042,0,0,0,180,,,,
040044,0,0,0,30,,,,
040045,0,0,0,-57,,,,
040046,0,0,0,-24,,,,
040048,0,0,0,1,,,,
040051,0,0,0,6,,,,
040053,0,0,0,67,,,,
040055,0,0,0,20,,,,
040057,0,0,0,-1,,,,
040058,0,0,0,103,,,,
040060,0,0,0,-37,,,,
040061,0,0,0,-102,,,,
040062,0,0,0,-62,,,,
040064,0,0,0,6,,,,
040065,0,0,0,-9,,,,
040066,0,0,0,96,,,,
040067,0,0,0,4,,,,
040068,0,0,0,1,,,,
040069,0,0,0,-250,,,,
040070,0,0,0,-34,,,,
040071,0,0,0,-172,,,,
040072,0,0,0,-31,,,,
040073,0,0,0,15,,,,
040078,0,0,0,66,,,,
040079,0,0,0,232,,,,
04007U,0,0,0,13,,,,
040080,0,0,0,137,,,,
040081,0,0,0,156,,,,
040083,0,0,0,-134,,,,
040084,0,0,0,-139,,,,
040085,0,0,0,9,,,,
040086,0,0,0,-48,,,,
040088,0,0,0,9,,,,
040090,0,0,0,-1080,,,,
040091,0,0,0,94,,,,
040092,0,0,0,-7,,,,
040093,0,0,0,191,,,,
040094,0,0,0,104,,,,
040096,0,0,0,-614,,,,
040098,0,0,0,7,,,,
040099,0,0,0,-27,,,,
040100,0,0,0,-13,,,,
040102,0,0,0,59,,,,
040103,0,0,0,-236,,,,
040105,0,0,0,-312,,,,
040106,47,0,0,-424,,,,
040107,10,0,0,-447,,,,
040108,0,0,0,20,,,,
040109,0,0,0,-24,,,,
040110,0,0,0,-19,,,,
040111,0,0,0,-89,,,,
040112,0,0,0,-91,,,,
040113,0,0,0,43,,,,
040114,0,0,0,0,,,,
040115,0,0,0,4,,,,
040116,0,0,0,-49,,,,
040117,0,0,0,-145,,,,
040118,0,0,0,7,,,,
040119,0,0,0,30,,,,
040120,0,0,0,-622,,,,
040121,0,0,0,-245,,,,
040122,0,0,0,-36,,,,
040123,0,0,0,0,,,,
040124,0,0,0,106,,,,
040125,0,0,0,21,,,,
040126,0,0,0,60,,,,
040128,0,0,0,50,,,,
040129,0,0,0,-82,,,,
04012U,0,0,0,-75,,,,
040130,0,0,0,-619,,,,
040132,0,0,0,64,,,,
040133,0,0,0,162,,,,
040134,0,0,0,110,,,,
040135,0,0,0,-4,,,,
040136,0,0,0,-11,,,,
040138,0,0,0,76,,,,
04013U,0,0,0,60,,,,
040140,0,0,0,-83,,,,
040142,0,0,0,23,,,,
040143,0,0,0,42,,,,
040144,0,0,0,-125,,,,
040145,0,0,0,19,,,,
040150,0,0,0,-4,,,,
040151,0,0,0,0,,,,
040152,0,0,0,5,,,,
040153,0,0,0,13,,,,
040156,0,0,0,-14,,,,
040157,0,0,0,-98,,,,
040158,0,0,0,-2,,,,
040160,0,0,0,-15,,,,
040162,0,0,0,-52,,,,
040163,0,0,0,34,,,,
040164,0,0,0,-15,,,,
040166,0,0,0,-26,,,,
040167,0,0,0,-5,,,,
040169,0,0,0,-50,,,,
040170,0,0,0,-74,,,,
040171,0,0,0,-1,,,,
040173,0,0,0,-6,,,,
040175,0,0,0,15,,,,
040176,0,0,0,-236,,,,
040177,0,0,0,-7,,,,
04017U,0,0,0,22,,,,
040180,0,0,0,-17,,,,
040182,0,0,0,-32,,,,
040183,0,0,0,147,,,,
040184,0,0,0,-20,,,,
040187,0,0,0,-26,,,,
040188,0,0,0,-10,,,,
040189,0,0,0,-933,,,,
04018U,0,0,0,21,,,,
040191,0,0,0,-57,,,,
040193,0,0,0,208,,,,
040194,0,0,0,7,,,,
040195,0,0,0,21,,,,
040198,0,0,0,-2,,,,
040199,0,0,0,41,,,,
040201,0,0,0,-50,,,,
040202,0,0,0,-99,,,,
040203,0,0,0,5,,,,
040205,0,0,0,95,,,,
040206,0,0,0,-2,,,,
040207,0,0,0,25,,,,
040208,0,0,0,5,,,,
040209,0,0,0,-53,,,,
040210,0,0,0,0,,,,
040211,0,0,0,-1554,,,,
040214,0,0,0,0,,,,
040216,0,0,0,22,,,,
040217,0,0,0,-11,,,,
040218,0,0,0,-10,,,,
040219,0,0,0,-71,,,,
040222,0,0,0,23,,,,
040223,0,0,0,60,,,,
040225,0,0,0,35,,,,
040226,0,0,0,14,,,,
04022U,0,0,0,-210,,,,
040230,0,0,0,-9,,,,
040231,0,0,0,28,,,,
040232,0,0,0,-6,,,,
040233,0,0,0,-82,,,,
040234,0,0,0,277,,,,
040235,0,0,0,86,,,,
040236,0,0,0,-123,,,,
040237,0,0,0,-29,,,,
040238,0,0,0,-329,,,,
040239,0,0,0,-196,,,,
040240,0,0,0,49,,,,
040242,0,0,0,97,,,,
040249,0,0,0,-505,,,,
040250,0,0,0,-12,,,,
040251,0,0,0,-393,,,,
040253,0,0,0,38,,,,
040254,0,0,0,-60,,,,
040255,0,0,0,0,,,,
040256,0,0,0,195,,,,
040258,0,0,0,-838,,,,
040259,0,0,0,-138,,,,
040260,0,0,0,10,,,,
040261,0,0,0,4,,,,
040262,0,0,0,-12,,,,
040263,0,0,0,-1,,,,
040264,0,0,0,-103,,,,
040265,0,0,0,-85,,,,
040268,0,0,0,-97,,,,
040269,0,0,0,386,,,,
040271,0,0,0,-17,,,,
040272,0,0,0,54,,,,
040273,0,0,0,15,,,,
040274,0,0,0,65,,,,
040275,0,0,0,-100,,,,
040276,0,0,0,16,,,,
040278,0,0,0,-10,,,,
040279,0,0,0,136,,,,
040280,0,0,0,127,,,,
040281,0,0,0,10,,,,
040285,0,0,0,-202,,,,
040286,0,0,0,-29,,,,
040287,0,0,0,35,,,,
040289,0,0,0,-1,,,,
040290,0,0,0,714,,,,
040291,0,0,0,169,,,,
040293,0,0,0,-936,,,,
040294,0,0,0,-37,,,,
040296,0,0,0,-144,,,,
040297,0,0,0,-9,,,,
040298,0,0,0,-191,,,,
040299,0,0,0,-119,,,,
040300,0,0,0,-129,,,,
040301,0,0,0,47,,,,
040302,0,0,0,-1740,,,,
040303,0,0,0,-96,,,,
040304,0,0,0,8,,,,
040305,0,0,0,-41,,,,
040306,0,0,0,543,,,,
040307,0,0,0,58,,,,
040309,0,0,0,-257,,,,
040311,0,0,0,-90,,,,
040312,0,0,0,-50,,,,
040313,0,0,0,0,,,,
040314,0,0,0,-197,,,,
040316,0,0,0,41,,,,
040320,0,0,0,-1,,,,
040321,0,0,0,-60,,,,
040323,0,0,0,-7,,,,
040324,0,0,0,30,,,,
040326,0,0,0,191,,,,
040327,0,0,0,-14,,,,
040328,0,0,0,20,,,,
040331,0,0,0,17,,,,
040334,0,0,0,-1843,,,,
040337,0,0,0,-20,,,,
040338,0,0,0,-63,,,,
040339,0,0,0,-47,,,,
04033U,0,0,0,-5,,,,
040340,0,0,0,95,,,,
040341,0,0,0,-5,,,,
040342,0,0,0,-85,,,,
040344,0,0,0,-10,,,,
040345,0,0,0,464,,,,
040346,0,0,0,-440,,,,
040347,0,0,0,-37,,,,
04034U,0,0,0,-7,,,,
040353,0,0,0,0,,,,
040354,0,0,0,1,,,,
040355,0,0,0,-91,,,,
040356,0,0,0,1,,,,
040359,0,0,0,90,,,,
040360,0,0,0,-30,,,,
040361,0,0,0,15,,,,
040363,0,0,0,175,,,,
040368,0,0,0,3,,,,
040370,0,0,0,0,,,,
040371,0,0,0,-23,,,,
040372,0,0,0,279,,,,
040374,0,0,0,-18,,,,
040375,0,0,0,10,,,,
040376,0,0,0,-2,,,,
040377,0,0,0,-5,,,,
040380,0,0,0,38,,,,
040381,0,0,0,14,,,,
040384,0,0,0,21,,,,
040385,0,0,0,0,,,,
040386,0,0,0,48,,,,
040387,0,0,0,-50,,,,
040388,0,0,0,-54,,,,
040389,0,0,0,-134,,,,
040391,0,0,0,10,,,,
040393,0,0,0,0,,,,
040394,0,0,0,-292,,,,
040395,0,0,0,45,,,,
040396,0,0,0,-1153,,,,
040399,0,0,0,414,,,,
040402,0,0,0,3,,,,
040404,0,0,0,-10,,,,
040405,0,0,0,0,,,,
040407,0,0,0,-55,,,,
040409,0,0,0,-2,,,,
040411,0,0,0,-10,,,,
040412,0,0,0,-16,,,,
040414,0,0,0,-30,,,,
040415,0,0,0,-52,,,,
040416,0,0,0,-1,,,,
040420,0,0,0,-22,,,,
040421,0,0,0,12,,,,
040422,0,0,0,-427,,,,
040423,0,0,0,-69,,,,
040426,0,0,0,0,,,,
040427,0,0,0,5,,,,
040428,0,0,0,-14,,,,
040430,0,0,0,-73,,,,
040431,0,0,0,123,,,,
040433,0,0,0,-5,,,,
040434,0,0,0,12,,,,
040437,0,0,0,-1,,,,
040438,0,0,0,-150,,,,
040439,0,0,0,6,,,,
040441,0,0,0,35,,,,
040442,0,0,0,59,,,,
040443,0,0,0,115,,,,
040445,0,0,0,-32,,,,
040446,0,0,0,306,,,,
040448,0,0,0,-123,,,,
040450,0,0,0,-88,,,,
040451,0,0,0,-5,,,,
040452,0,0,0,-20,,,,
040453,0,0,0,-6,,,,
040455,0,0,0,71,,,,
040457,0,0,0,2,,,,
040458,0,0,0,-438,,,,
040459,0,0,0,-176,,,,
040460,0,0,0,-263,,,,
040461,0,0,0,-242,,,,
040462,0,0,0,20,,,,
040463,0,0,0,40,,,,
040464,0,0,0,653,,,,
040465,0,0,0,357,,,,
040466,0,0,0,-74,,,,
040468,0,0,0,-247,,,,
040471,0,0,0,-236,,,,
040474,0,0,0,24,,,,
040475,0,0,0,17,,,,
040476,0,0,0,-305,,,,
040477,0,0,0,-24,,,,
040478,0,0,0,198,,,,
040479,0,0,0,-246,,,,
04047U,0,0,0,1467,,,,
040480,0,0,0,-21,,,,
040481,0,0,0,-10,,,,
040482,0,0,0,64,,,,
040483,0,0,0,486,,,,
040484,0,0,0,436,,,,
040488,0,0,0,100,,,,
040489,0,0,0,9,,,,
040491,0,0,0,1,,,,
040495,0,0,0,-21,,,,
040496,0,0,0,-8,,,,
040498,0,0,0,-1,,,,
040501,0,0,0,32,,,,
040503,0,0,0,-102,,,,
040504,0,0,0,31,,,,
040506,0,0,0,41,,,,
040508,0,0,0,0,,,,
04050U,0,0,0,-28,,,,
040510,0,0,0,68,,,,
040512,0,0,0,480,,,,
040518,0,0,0,-37,,,,
040520,0,0,0,502,,,,
040521,0,0,0,-325,,,,
040522,0,0,0,11,,,,
040524,0,0,0,57,,,,
040529,0,0,0,-87,,,,
040532,0,0,0,0,,,,
040534,0,0,0,-9,,,,
040535,0,0,0,-1,,,,
040536,0,0,0,10,,,,
040538,0,0,0,42,,,,
040539,0,0,0,227,,,,
040541,0,0,0,-14,,,,
040542,0,0,0,-303,,,,
040543,0,0,0,10,,,,
040544,0,0,0,-316,,,,
040546,0,0,0,3,,,,
040547,0,0,0,-539,,,,
040550,0,0,0,-72,,,,
040551,0,0,0,195,,,,
040553,0,0,0,-12,,,,
040555,0,0,0,111,,,,
040556,0,0,0,198,,,,
040557,0,0,0,-4,,,,
04055U,0,0,0,20,,,,
040560,0,0,0,14,,,,
040561,0,0,0,-45,,,,
040562,0,0,0,59,,,,
040565,0,0,0,-2,,,,
040566,0,0,0,0,,,,
040567,0,0,0,44,,,,
040569,0,0,0,-19,,,,
04056U,0,0,0,-10,,,,
040574,0,0,0,-504,,,,
040575,0,0,0,15,,,,
040576,0,0,0,-105,,,,
040582,0,0,0,7,,,,
040583,0,0,0,7,,,,
040598,0,0,0,69,,,,
040599,0,0,0,-7,,,,
04059U,0,0,0,-2,,,,
040601,0,0,0,-41,,,,
040602,-5,0,0,-11,,,,
040603,0,0,0,7,,,,
040605,0,0,0,-1272,,,,
040606,0,0,0,13,,,,
040607,0,0,0,2,,,,
040608,0,0,0,-9,,,,
040609,0,0,0,42,,,,
04060U,0,0,0,-15,,,,
040610,0,0,0,-1,,,,
040611,0,0,0,-29,,,,
040614,0,0,0,-101,,,,
040615,0,0,0,206,,,,
040616,0,0,0,-88,,,,
040617,0,0,0,-339,,,,
040622,0,0,0,107,,,,
040624,0,0,0,-20,,,,
040625,0,0,0,-472,,,,
040626,0,0,0,41,,,,
040628,0,0,0,-101,,,,
040629,0,0,0,173,,,,
040630,0,0,0,239,,,,
040631,0,0,0,-20,,,,
040632,0,0,0,-12,,,,
040633,0,0,0,0,,,,
040634,0,0,0,-10,,,,
040637,0,0,0,-1,,,,
040639,0,0,0,402,,,,
040640,0,0,0,8,,,,
040642,0,0,0,-1189,,,,
040643,0,0,0,-156,,,,
040644,0,0,0,-165,,,,
040645,0,0,0,-1660,,,,
040646,0,0,0,257,,,,
040647,0,0,0,328,,,,
040648,0,0,0,-22,,,,
040649,0,0,0,184,,,,
040652,0,0,0,49,,,,
040654,0,0,0,-45,,,,
040655,0,0,0,-1,,,,
040656,0,0,0,-519,,,,
040657,0,0,0,-75,,,,
040658,0,0,0,-140,,,,
040659,0,0,0,3,,,,
040660,0,0,0,122,,,,
040661,0,0,0,35,,,,
040663,0,0,0,-15,,,,
040664,0,0,0,-116,,,,
040665,0,0,0,-2074,,,,
040666,0,0,0,499,,,,
040667,0,0,0,1,,,,
040668,0,0,0,-250,,,,
040670,0,0,0,-173,,,,
040671,0,0,0,-17,,,,
040672,0,0,0,-170,,,,
040675,0,0,0,10,,,,
040677,0,0,0,-166,,,,
040678,0,0,0,187,,,,
040679,0,0,0,54,,,,
040680,0,0,0,-275,,,,
040681,0,0,0,165,,,,
040682,0,0,0,62,,,,
040683,0,0,0,-59,,,,
040684,0,0,0,-157,,,,
040685,0,0,0,-943,,,,
040686,0,0,0,-2,,,,
040687,0,0,0,-3,,,,
040691,0,0,0,1307,,,,
040692,0,0,0,-23,,,,
040693,0,0,0,260,,,,
040694,0,0,0,-898,,,,
040695,0,0,0,-100,,,,
040696,0,0,0,-192,,,,
040697,0,0,0,0,,,,
040698,0,0,0,5,,,,
040699,0,0,0,407,,,,
040700,0,0,0,-35,,,,
040701,0,0,0,-10,,,,
040702,0,0,0,30,,,,
040703,0,0,0,-397,,,,
040704,0,0,0,21,,,,
040705,0,0,0,9,,,,
040706,0,0,0,140,,,,
040707,0,0,0,-3,,,,
040708,0,0,0,-5,,,,
040709,0,0,0,-382,,,,
040712,0,0,0,-4,,,,
040713,0,0,0,19,,,,
040714,0,0,0,-56,,,,
040718,0,0,0,0,,,,
04071U,0,0,0,1110,,,,
040720,0,0,0,-3,,,,
040721,0,0,0,15,,,,
040722,0,0,0,-2,,,,
040725,0,0,0,76,,,,
040726,0,0,0,-24,,,,
040727,0,0,0,152,,,,
040730,0,0,0,-124,,,,
040732,0,0,0,4,,,,
040733,0,0,0,-106,,,,
040734,0,0,0,-32,,,,
040735,0,0,0,-61,,,,
040736,0,0,0,-10,,,,
040737,0,0,0,28,,,,
040738,0,0,0,-323,,,,
040739,0,0,0,37,,,,
040740,0,0,0,21,,,,
040743,0,0,0,20,,,,
040747,0,0,0,131,,,,
040748,0,0,0,-28,,,,
040750,0,0,0,-144,,,,
040753,0,0,0,50,,,,
040755,0,0,0,-378,,,,
040756,0,0,0,296,,,,
040757,0,0,0,402,,,,
040758,0,0,0,-47,,,,
040760,0,0,0,-54,,,,
040766,0,0,0,-161,,,,
040767,0,0,0,0,,,,
040768,0,0,0,-10,,,,
040769,0,0,0,-15,,,,
040770,0,0,0,-25,,,,
040771,0,0,0,1,,,,
040772,0,0,0,239,,,,
040773,0,0,0,357,,,,
040774,0,0,0,190,,,,
040775,0,0,0,-11,,,,
040777,0,0,0,-3,,,,
040779,0,0,0,111,,,,
040780,0,0,0,-31,,,,
040781,0,0,0,-13,,,,
040782,0,0,0,36,,,,
040783,0,0,0,34,,,,
040785,0,0,0,20,,,,
040786,0,0,0,20,,,,
040787,0,0,0,-30,,,,
040788,0,0,0,-353,,,,
040790,0,0,0,148,,,,
040791,0,0,0,4,,,,
040792,0,0,0,42,,,,
040793,0,0,0,-163,,,,
040794,0,0,0,0,,,,
040796,0,0,0,1192,,,,
040797,0,0,0,40,,,,
040798,0,0,0,0,,,,
040799,0,0,0,91,,,,
040800,0,0,0,327,,,,
040802,0,0,0,2,,,,
040803,0,0,0,-7,,,,
040804,0,0,0,-10,,,,
040805,0,0,0,0,,,,
040806,0,0,0,10,,,,
040807,0,0,0,-30,,,,
040808,0,0,0,-33,,,,
04080U,0,0,0,-20,,,,
040810,0,0,0,11,,,,
040812,0,0,0,-439,,,,
040813,0,0,0,68,,,,
040814,0,0,0,-44,,,,
040817,0,0,0,-47,,,,
040818,0,0,0,451,,,,
040819,0,0,0,22,,,,
040820,0,0,0,189,,,,
040821,0,0,0,181,,,,
040822,0,0,0,401,,,,
040823,0,0,0,-24,,,,
040824,0,0,0,-161,,,,
040825,0,0,0,8,,,,
040826,0,0,0,-1,,,,
040827,0,0,0,0,,,,
040828,0,0,0,135,,,,
040829,0,0,0,-90,,,,
040830,0,0,0,-83,,,,
040835,0,0,0,-818,,,,
040837,0,0,0,-17,,,,
040842,0,0,0,30,,,,
040844,0,0,0,11,,,,
040845,0,0,0,-447,,,,
040846,0,0,0,-75,,,,
040847,0,0,0,-50,,,,
040848,0,0,0,-713,,,,
040849,0,0,0,-166,,,,
040850,0,0,0,24,,,,
040853,0,0,0,2,,,,
040855,0,0,0,-8,,,,
040857,0,0,0,8,,,,
040859,0,0,0,12,,,,
040860,0,0,0,-95,,,,
040861,0,0,0,45,,,,
040862,0,0,0,88,,,,
040863,0,0,0,43,,,,
040864,0,0,0,0,,,,
040865,0,0,0,97,,,,
040866,0,0,0,79,,,,
040867,0,0,0,285,,,,
040869,0,0,0,-140,,,,
040871,0,0,0,-82,,,,
040872,0,0,0,0,,,,
040876,0,0,0,-109,,,,
040877,0,0,0,-150,,,,
040881,0,0,0,0,,,,
040883,0,0,0,9,,,,
040885,0,0,0,40,,,,
040886,0,0,0,-2,,,,
040888,0,0,0,64,,,,
040889,0,0,0,-5,,,,
040893,0,0,0,33,,,,
040894,0,0,0,-2,,,,
040895,0,0,0,81,,,,
040896,0,0,0,71,,,,
040898,0,0,0,-35,,,,
040899,0,0,0,-5,,,,
040900,0,0,0,169,,,,
040901,0,0,0,110,,,,
040902,0,0,0,63,,,,
040903,0,0,0,19,,,,
040904,0,0,0,326,,,,
040905,0,0,0,12,,,,
040906,0,0,0,-3,,,,
040907,0,0,0,-220,,,,
040908,0,0,0,82,,,,
040911,0,0,0,10,,,,
040915,0,0,0,175,,,,
040920,0,0,0,24,,,,
040921,0,0,0,-213,,,,
040924,0,0,0,-15,,,,
040925,0,0,0,-32,,,,
040926,0,0,0,-4,,,,
040928,0,0,0,-17,,,,
040930,0,0,0,-173,,,,
040931,0,0,0,-20,,,,
040934,0,0,0,-50,,,,
040937,0,0,0,-5,,,,
040938,0,0,0,-22,,,,
040940,0,0,0,-777,,,,
040942,0,0,0,-10,,,,
040943,0,0,0,35,,,,
040944,0,0,0,-90,,,,
040945,0,0,0,-81,,,,
040946,0,0,0,-34,,,,
040949,0,0,0,-36,,,,
040951,0,0,0,-1,,,,
040952,0,0,0,-31,,,,
040953,0,0,0,89,,,,
040954,0,0,0,138,,,,
040955,0,0,0,39,,,,
040956,0,0,0,-81,,,,
040958,0,0,0,-273,,,,
04095U,0,0,0,-10,,,,
040960,0,0,0,-36,,,,
040961,0,0,0,-64,,,,
040962,0,0,0,-3,,,,
040963,0,0,0,29,,,,
040964,0,0,0,88,,,,
040966,0,0,0,-7,,,,
040967,0,0,0,0,,,,
040968,0,0,0,75,,,,
04096U,0,0,0,-5,,,,
040970,0,0,0,72,,,,
040972,0,0,0,105,,,,
040973,0,0,0,18,,,,
040974,0,0,0,287,,,,
040977,0,0,0,-57,,,,
040978,0,0,0,-56,,,,
040979,0,0,0,5,,,,
040981,0,0,0,-129,,,,
040983,0,0,0,-213,,,,
040984,0,0,0,-92,,,,
040985,0,0,0,6,,,,
040986,0,0,0,38,,,,
040987,0,0,0,81,,,,
040989,0,0,0,-30,,,,
040990,0,0,0,-44,,,,
040991,0,0,0,-16,,,,
040993,0,0,0,15,,,,
040994,0,0,0,-24,,,,
040995,0,0,0,33,,,,
040996,0,0,0,-67,,,,
040997,0,0,0,33,,,,
040999,0,0,0,0,,,,
041000,0,0,0,-20,,,,
041001,0,0,0,5,,,,
041003,0,0,0,1,,,,
041004,0,0,0,-10,,,,
041005,0,0,0,-36,,,,
041006,0,0,0,-22,,,,
041007,0,0,0,1,,,,
041008,0,0,0,-16,,,,
041013,0,0,0,-151,,,,
041014,0,0,0,-44,,,,
041015,0,0,0,22,,,,
041016,0,0,0,10,,,,
041017,0,0,0,0,,,,
041019,0,0,0,-1,,,,
04101U,0,0,0,-2,,,,
041020,0,0,0,-1,,,,
041022,0,0,0,12,,,,
041023,0,0,0,100,,,,
041024,0,0,0,150,,,,
041026,0,0,0,-18,,,,
041028,0,0,0,1,,,,
041029,0,0,0,36,,,,
041030,0,0,0,-38,,,,
041031,0,0,0,44,,,,
041032,0,0,0,-26,,,,
041033,0,0,0,20,,,,
041034,0,0,0,-173,,,,
041036,0,0,0,89,,,,
041037,0,0,0,-542,,,,
041039,0,0,0,1,,,,
041040,0,0,0,-10,,,,
041041,0,0,0,-299,,,,
041042,0,0,0,75,,,,
041043,0,0,0,-12,,,,
041044,0,0,0,89,,,,
041045,0,0,0,-1,,,,
041046,0,0,0,-166,,,,
041048,0,0,0,-9,,,,
041050,0,0,0,-10,,,,
041051,0,0,0,-350,,,,
041052,0,0,0,-66,,,,
041053,0,0,0,249,,,,
041054,0,0,0,-47,,,,
041057,0,0,0,-12,,,,
041059,0,0,0,-206,,,,
04105U,0,0,0,-10,,,,
041060,0,0,0,-248,,,,
041061,0,0,0,-560,,,,
041062,0,0,0,0,,,,
041063,0,0,0,40,,,,
041067,0,0,0,137,,,,
041068,0,0,0,-10,,,,
041070,0,0,0,53,,,,
041072,0,0,0,-382,,,,
041073,0,0,0,-2,,,,
041074,0,0,0,-13,,,,
041075,0,0,0,65,,,,
041076,0,0,0,-430,,,,
041077,0,0,0,1,,,,
041078,10,0,0,69,,,,
041079,0,0,0,80,,,,
041080,0,0,0,-45,,,,
041081,0,0,0,168,,,,
041082,0,0,0,300,,,,
041084,0,0,0,-188,,,,
041087,0,0,0,-86,,,,
041088,0,0,0,-11,,,,
041089,0,0,0,-32,,,,
041090,0,0,0,59,,,,
041091,0,0,0,-41,,,,
041092,0,0,0,-262,,,,
041093,0,0,0,116,,,,
041094,0,0,0,45,,,,
041095,0,0,0,-88,,,,
041096,0,0,0,-96,,,,
041097,0,0,0,0,,,,
041098,0,0,0,-4,,,,
041100,0,0,0,431,,,,
041101,0,0,0,1,,,,
041102,0,0,0,99,,,,
041103,0,0,0,166,,,,
041104,0,0,0,-103,,,,
041105,0,0,0,-93,,,,
041106,0,0,0,-3,,,,
041107,0,0,0,34,,,,
041108,0,0,0,236,,,,
041109,0,0,0,15,,,,
041111,0,0,0,12,,,,
041112,0,0,0,-10,,,,
041114,0,0,0,59,,,,
041115,0,0,0,-336,,,,
041116,0,0,0,-20,,,,
041117,0,0,0,37,,,,
041118,0,0,0,-45,,,,
041119,0,0,0,-40,,,,
041121,0,0,0,6,,,,
041122,0,0,0,-1,,,,
041123,0,0,0,-10,,,,
041125,0,0,0,-2,,,,
041126,0,0,0,111,,,,
041127,0,0,0,80,,,,
041128,0,0,0,-17,,,,
041131,0,0,0,4,,,,
041133,0,0,0,-14,,,,
041136,0,0,0,-289,,,,
041138,0,0,0,20,,,,
041139,0,0,0,-8,,,,
041140,0,0,0,-8,,,,
041143,0,0,0,-45,,,,
041146,0,0,0,-70,,,,
041148,0,0,0,32,,,,
041149,0,0,0,45,,,,
041151,0,0,0,30,,,,
041152,0,0,0,115,,,,
041155,0,0,0,-90,,,,
041160,0,0,0,-2,,,,
041161,0,0,0,4,,,,
041162,0,0,0,-6,,,,
041163,0,0,0,-29,,,,
041164,0,0,0,-2,,,,
041165,0,0,0,22,,,,
041166,0,0,0,6,,,,
041167,0,0,0,2,,,,
041170,0,0,0,-15,,,,
041171,0,0,0,139,,,,
041172,0,0,0,195,,,,
041173,0,0,0,-37,,,,
041174,0,0,0,-190,,,,
041175,0,0,0,-2,,,,
041176,0,0,0,43,,,,
041177,0,0,0,-35,,,,
041178,0,0,0,106,,,,
041179,0,0,0,-122,,,,
041180,0,0,0,-2,,,,
041182,0,0,0,-692,,,,
041183,0,0,0,-179,,,,
041184,0,0,0,-950,,,,
041185,0,0,0,-244,,,,
041186,0,0,0,1,,,,
041187,0,0,0,20,,,,
041188,0,0,0,-55,,,,
04118U,0,0,0,-21,,,,
041190,0,0,0,56,,,,
041191,0,0,0,603,,,,
041192,0,0,0,193,,,,
041193,0,0,0,25,,,,
041195,0,0,0,-186,,,,
041197,0,0,0,6,,,,
041198,0,0,0,-49,,,,
041199,0,0,0,258,,,,
041200,0,0,0,108,,,,
041202,0,0,0,-10,,,,
041204,0,0,0,-174,,,,
041205,0,0,0,-31,,,,
041206,0,0,0,260,,,,
041207,0,0,0,29,,,,
041208,0,0,0,-20,,,,
041209,0,0,0,-637,,,,
041210,0,0,0,-1,,,,
041211,0,0,0,16,,,,
041214,0,0,0,-8,,,,
041215,0,0,0,-202,,,,
041217,0,0,0,9,,,,
041219,0,0,0,-6,,,,
041221,0,0,0,100,,,,
041222,0,0,0,-49,,,,
041223,0,0,0,-30,,,,
041224,0,0,0,-163,,,,
041226,0,0,0,-120,,,,
041227,0,0,0,2,,,,
041228,0,0,0,-21,,,,
041230,0,0,0,-29,,,,
041231,0,0,0,29,,,,
041234,0,0,0,10,,,,
041236,0,0,0,-2,,,,
041238,0,0,0,-26,,,,
041239,0,0,0,22,,,,
041241,0,0,0,20,,,,
041242,0,0,0,-1,,,,
041245,0,0,0,-29,,,,
041247,0,0,0,120,,,,
041250,0,0,0,5,,,,
041253,0,0,0,-6,,,,
041254,0,0,0,-400,,,,
041255,0,0,0,94,,,,
041256,0,0,0,-83,,,,
041257,0,0,0,176,,,,
041258,0,0,0,-49,,,,
041259,0,0,0,69,,,,
041260,0,0,0,77,,,,
041261,0,0,0,-177,,,,
041264,0,0,0,-5,,,,
041265,0,0,0,-119,,,,
041266,0,0,0,-3,,,,
041267,0,0,0,161,,,,
041268,0,0,0,-100,,,,
04126U,0,0,0,8,,,,
041270,0,0,0,97,,,,
041271,0,0,0,-24,,,,
041272,0,0,0,-17,,,,
041273,0,0,0,-15,,,,
041274,0,0,0,-1,,,,
041275,0,0,0,-250,,,,
041276,0,0,0,-250,,,,
041277,0,0,0,-196,,,,
041278,0,0,0,230,,,,
041281,0,0,0,-333,,,,
041282,0,0,0,-181,,,,
041283,0,0,0,-166,,,,
041284,0,0,0,105,,,,
041285,0,0,0,-664,,,,
041286,0,0,0,-311,,,,
041287,0,0,0,-367,,,,
041288,0,0,0,-69,,,,
041289,0,0,0,744,,,,
041292,0,0,0,26,,,,
041293,0,0,0,-3,,,,
041294,0,0,0,-470,,,,
041296,0,0,0,2,,,,
041297,0,0,0,-4,,,,
041298,0,0,0,-7,,,,
041299,0,0,0,-767,,,,
041300,0,0,0,-78,,,,
041301,0,0,0,30,,,,
041304,0,0,0,3,,,,
041305,0,0,0,-276,,,,
041306,0,0,0,62,,,,
041307,0,0,0,100,,,,
041308,0,0,0,-2,,,,
041309,0,0,0,23,,,,
041310,0,0,0,26,,,,
041311,0,0,0,402,,,,
041315,0,0,0,-3,,,,
041316,0,0,0,-10,,,,
041317,0,0,0,20,,,,
041318,0,0,0,0,,,,
041321,0,0,0,-15,,,,
041322,0,0,0,-98,,,,
041323,0,0,0,78,,,,
041324,0,0,0,-135,,,,
041325,0,0,0,-10,,,,
041326,0,0,0,0,,,,
041327,0,0,0,-29,,,,
041328,0,0,0,45,,,,
041329,0,0,0,23,,,,
041330,0,0,0,-154,,,,
041331,0,0,0,309,,,,
041334,0,0,0,-4,,,,
041335,0,0,0,21,,,,
041336,0,0,0,-270,,,,
041337,0,0,0,133,,,,
041338,0,0,0,-8,,,,
041340,0,0,0,-12,,,,
041341,0,0,0,28,,,,
041344,0,0,0,62,,,,
041345,0,0,0,42,,,,
041346,0,0,0,7,,,,
041349,0,0,0,-10,,,,
041350,0,0,0,1,,,,
041351,0,0,0,-16,,,,
041352,0,0,0,-28,,,,
041353,0,0,0,-15,,,,
041354,0,0,0,-84,,,,
041355,0,0,0,16,,,,
041356,0,0,0,62,,,,
041358,0,0,0,12,,,,
041359,0,0,0,-24,,,,
041360,0,0,0,-1,,,,
041364,0,0,0,17,,,,
041365,0,0,0,-25,,,,
041366,0,0,0,5,,,,
041367,0,0,0,-40,,,,
041368,0,0,0,-17,,,,
041369,0,0,0,-8,,,,
041370,0,0,0,0,,,,
041371,0,0,0,0,,,,
041372,0,0,0,-7,,,,
041373,0,0,0,-84,,,,
041376,0,0,0,0,,,,
041377,0,0,0,25,,,,
041378,0,0,0,35,,,,
041379,0,0,0,-122,,,,
041380,0,0,0,66,,,,
041381,0,0,0,155,,,,
041383,0,0,0,10,,,,
041384,0,0,0,-14,,,,
041385,0,0,0,7,,,,
041386,0,0,0,-20,,,,
041389,0,0,0,-70,,,,
04138U,0,0,0,-35,,,,
041390,0,0,0,-2,,,,
041393,0,0,0,111,,,,
041394,0,0,0,6,,,,
041395,0,0,0,-9,,,,
041396,0,0,0,20,,,,
041397,0,0,0,-77,,,,
041398,0,0,0,305,,,,
041399,0,0,0,-37,,,,
041400,0,0,0,0,,,,
041401,0,0,0,-2,,,,
041403,0,0,0,-32,,,,
041405,0,0,0,78,,,,
041406,0,0,0,-3,,,,
041407,0,0,0,22,,,,
041409,0,0,0,-63,,,,
041410,0,0,0,56,,,,
041412,0,0,0,-136,,,,
041413,0,0,0,6,,,,
041414,0,0,0,-19,,,,
041415,0,0,0,-109,,,,
041416,0,0,0,-42,,,,
041417,0,0,0,-30,,,,
041419,0,0,0,2,,,,
041420,0,0,0,-2,,,,
041422,0,0,0,-6,,,,
041423,0,0,0,-7,,,,
041424,0,0,0,0,,,,
041425,0,0,0,-124,,,,
041427,0,0,0,145,,,,
041428,0,0,0,89,,,,
041430,0,0,0,-4,,,,
041431,0,0,0,23,,,,
041432,0,0,0,-10,,,,
041433,0,0,0,-521,,,,
041434,0,0,0,0,,,,
041435,0,0,0,-233,,,,
041438,0,0,0,-112,,,,
041440,0,0,0,104,,,,
041441,0,0,0,36,,,,
041442,0,0,0,-196,,,,
041444,0,0,0,-3907,,,,
041445,0,0,0,-1166,,,,
041446,0,0,0,15,,,,
041448,0,0,0,-5,,,,
041449,0,0,0,-23,,,,
041450,0,0,0,2,,,,
041452,0,0,0,4,,,,
041453,0,0,0,-23,,,,
041454,0,0,0,79,,,,
041455,0,0,0,25,,,,
041456,0,0,0,-72,,,,
041457,0,0,0,-42,,,,
041460,0,0,0,-67,,,,
041461,0,0,0,-10,,,,
041463,0,0,0,8,,,,
041464,0,0,0,-64,,,,
041465,0,0,0,9,,,,
041466,0,0,0,-108,,,,
041467,0,0,0,-26,,,,
041468,0,0,0,13,,,,
041470,0,0,0,23,,,,
041471,0,0,0,-19,,,,
041472,0,0,0,-1,,,,
041473,0,0,0,-54,,,,
041474,0,0,0,-8,,,,
041476,0,0,0,-56,,,,
041478,0,0,0,-41,,,,
041479,0,0,0,11,,,,
041481,0,0,0,5,,,,
041483,0,0,0,1,,,,
041487,0,0,0,0,,,,
041488,0,0,0,17,,,,
041490,0,0,0,38,,,,
041491,0,0,0,-24,,,,
041492,0,0,0,-7,,,,
041493,0,0,0,24,,,,
041494,0,0,0,-62,,,,
041495,0,0,0,-927,,,,
041496,0,0,0,-14,,,,
041497,0,0,0,-27,,,,
041498,0,0,0,-10,,,,
041499,0,0,0,-10,,,,
041501,0,0,0,-4,,,,
041502,0,0,0,101,,,,
041503,0,0,0,-8,,,,
041504,20,0,0,-129,,,,
041506,0,0,0,-41,,,,
041508,0,0,0,-5,,,,
041509,0,0,0,-161,,,,
041510,0,0,0,-30,,,,
041511,0,0,0,-33,,,,
041513,0,0,0,6,,,,
041514,0,0,0,38,,,,
041515,0,0,0,160,,,,
041518,0,0,0,278,,,,
041519,0,0,0,92,,,,
041520,0,0,0,-139,,,,
041521,0,0,0,509,,,,
041522,0,0,0,-166,,,,
041523,0,0,0,-570,,,,
041524,0,0,0,-756,,,,
041525,0,0,0,7,,,,
041526,0,0,0,726,,,,
041527,0,0,0,422,,,,
041528,0,0,0,15,,,,
041529,0,0,0,-239,,,,
041532,0,0,0,-17,,,,
041533,0,0,0,30,,,,
041537,0,0,0,-33,,,,
041538,0,0,0,-23,,,,
041539,0,0,0,10,,,,
041540,0,0,0,5,,,,
041541,0,0,0,-273,,,,
041542,0,0,0,-84,,,,
041543,0,0,0,0,,,,
041544,0,0,0,26,,,,
041545,0,0,0,-30,,,,
041546,0,0,0,183,,,,
041547,0,0,0,454,,,,
041549,0,0,0,-10,,,,
041550,0,0,0,-6,,,,
041551,0,0,0,154,,,,
041552,0,0,0,49,,,,
041553,0,0,0,305,,,,
041554,0,0,0,-1,,,,
041556,0,0,0,1,,,,
041557,0,0,0,-20,,,,
041558,0,0,0,-2,,,,
041559,0,0,0,-28,,,,
041560,0,0,0,-109,,,,
041561,0,0,0,117,,,,
041562,0,0,0,52,,,,
041563,0,0,0,5,,,,
041564,0,0,0,-37,,,,
041565,0,0,0,-679,,,,
041566,0,0,0,-36,,,,
041568,0,0,0,9,,,,
041570,0,0,0,-210,,,,
041571,0,0,0,179,,,,
041573,0,0,0,-383,,,,
041574,0,0,0,-71,,,,
041575,0,0,0,-493,,,,
041576,0,0,0,83,,,,
041577,0,0,0,2,,,,
041578,0,0,0,154,,,,
041581,0,0,0,-16,,,,
041582,0,0,0,-50,,,,
041583,0,0,0,-5,,,,
041584,0,0,0,0,,,,
041587,0,0,0,-5,,,,
041589,0,0,0,-3,,,,
041590,0,0,0,-2052,,,,
041591,0,0,0,-49,,,,
041592,0,0,0,1,,,,
041593,0,0,0,-85,,,,
041594,0,0,0,1,,,,
041595,0,0,0,12,,,,
041596,0,0,0,-7,,,,
041597,0,0,0,-28,,,,
041598,0,0,0,-172,,,,
041599,0,0,0,-6,,,,
041600,0,0,0,2,,,,
041601,0,0,0,503,,,,
041602,0,0,0,0,,,,
041603,0,0,0,-206,,,,
041604,0,0,0,-190,,,,
041605,0,0,0,-304,,,,
041606,0,0,0,-15,,,,
041607,0,0,0,-11,,,,
041608,0,0,0,-700,,,,
041609,0,0,0,-2,,,,
041611,0,0,0,-14,,,,
041613,0,0,0,-40,,,,
041617,0,0,0,-10,,,,
041618,0,0,0,2,,,,
041619,0,0,0,152,,,,
041620,0,0,0,1,,,,
041621,0,0,0,13,,,,
041622,0,0,0,-11,,,,
041623,0,0,0,410,,,,
041624,0,0,0,16,,,,
041626,0,0,0,-20,,,,
041627,0,0,0,77,,,,
041628,0,0,0,6,,,,
041629,0,0,0,61,,,,
041630,0,0,0,-35,,,,
041631,0,0,0,-40,,,,
041632,0,0,0,-633,,,,
041633,0,0,0,-543,,,,
041634,0,0,0,-399,,,,
041635,0,0,0,885,,,,
041636,0,0,0,87,,,,
041637,0,0,0,10,,,,
041639,0,0,0,-50,,,,
04163U,0,0,0,2,,,,
041640,0,0,0,-19,,,,
041641,0,0,0,226,,,,
041644,0,0,0,-71,,,,
041645,0,0,0,-20,,,,
041646,0,0,0,-53,,,,
041647,0,0,0,3,,,,
041649,0,0,0,-130,,,,
041650,0,0,0,-54,,,,
041651,0,0,0,-223,,,,
041652,0,0,0,189,,,,
041653,0,0,0,49,,,,
041654,0,0,0,200,,,,
041655,0,0,0,10,,,,
041656,0,0,0,135,,,,
041657,0,0,0,-114,,,,
041658,0,0,0,-198,,,,
041659,0,0,0,-108,,,,
041661,0,0,0,-38,,,,
041662,0,0,0,15,,,,
041663,0,0,0,1,,,,
041664,0,0,0,243,,,,
041665,0,0,0,193,,,,
041666,0,0,0,9,,,,
041667,0,0,0,-46,,,,
041668,0,0,0,-140,,,,
041669,0,0,0,-3228,,,,
04166U,0,0,0,-5,,,,
041670,0,0,0,13,,,,
041671,0,0,0,0,,,,
041672,0,0,0,1202,,,,
041674,0,0,0,21,,,,
041675,0,0,0,5,,,,
041676,0,0,0,9,,,,
041677,0,0,0,-82,,,,
041678,0,0,0,-17,,,,
041680,0,0,0,-48,,,,
041681,0,0,0,28,,,,
041683,0,0,0,3,,,,
041684,0,0,0,-15,,,,
041685,0,0,0,91,,,,
041686,0,0,0,-54,,,,
041687,0,0,0,32,,,,
041691,0,0,0,-81,,,,
041692,0,0,0,33,,,,
041693,0,0,0,-5,,,,
041694,0,0,0,50,,,,
041695,0,0,0,3,,,,
041696,0,0,0,-100,,,,
041697,0,0,0,-23,,,,
041699,0,0,0,30,,,,
041700,0,0,0,0,,,,
041701,0,0,0,17,,,,
041702,0,0,0,11,,,,
041703,0,0,0,-13,,,,
041706,0,0,0,32,,,,
041707,0,0,0,-56,,,,
041708,0,0,0,-38,,,,
041709,0,0,0,-27,,,,
041710,0,0,0,-5,,,,
041711,0,0,0,-102,,,,
041712,0,0,0,103,,,,
041713,0,0,0,-60,,,,
041714,0,0,0,-9,,,,
041715,0,0,0,55,,,,
041716,0,0,0,-75,,,,
041718,0,0,0,4,,,,
041719,0,0,0,17,,,,
041720,0,0,0,-325,,,,
041721,0,0,0,80,,,,
041722,0,0,0,-23,,,,
041723,0,0,0,60,,,,
041724,0,0,0,-18,,,,
041725,0,0,0,72,,,,
041726,0,0,0,-1139,,,,
041727,0,0,0,156,,,,
041728,0,0,0,75,,,,
041729,0,0,0,51,,,,
041730,0,0,0,-4,,,,
041731,0,0,0,3,,,,
041732,0,0,0,-15,,,,
041733,0,0,0,-21,,,,
041734,0,0,0,-27,,,,
041735,0,0,0,-3,,,,
041737,0,0,0,-16,,,,
041739,0,0,0,180,,,,
041740,0,0,0,-23,,,,
041745,0,0,0,-22,,,,
041746,0,0,0,-50,,,,
041748,0,0,0,681,,,,
041750,0,0,0,81,,,,
041752,0,0,0,35,,,,
041753,0,0,0,0,,,,
041754,-20,0,0,-378,,,,
041755,0,0,0,-92,,,,
041756,0,0,0,73,,,,
041757,0,0,0,-219,,,,
041758,0,0,0,-13,,,,
041759,0,0,0,-68,,,,
041761,0,0,0,-1,,,,
041763,0,0,0,-214,,,,
041766,0,0,0,123,,,,
041767,0,0,0,-210,,,,
041768,0,0,0,-350,,,,
041770,0,0,0,-154,,,,
041771,0,0,0,-239,,,,
041772,0,0,0,-72,,,,
041773,0,0,0,-32,,,,
041775,0,0,0,-111,,,,
041776,0,0,0,333,,,,
041777,0,0,0,-402,,,,
041778,0,0,0,6,,,,
041779,0,0,0,336,,,,
041780,0,0,0,-27,,,,
041782,0,0,0,-166,,,,
041783,0,0,0,-29,,,,
041784,0,0,0,13,,,,
041785,0,0,0,-450,,,,
041786,0,0,0,-156,,,,
041787,0,0,0,-349,,,,
041789,0,0,0,137,,,,
04178U,0,0,315,0,,,,
041790,0,0,0,-66,,,,
041791,0,0,0,612,,,,
041794,0,0,0,8,,,,
041796,0,0,0,-204,,,,
041798,0,0,0,178,,,,
041799,0,0,0,-10,,,,
041800,0,0,0,-73,,,,
041802,0,0,0,3,,,,
041803,0,0,0,-10,,,,
041804,0,0,0,1,,,,
041807,0,0,0,-15,,,,
041808,0,0,0,-7,,,,
041810,0,0,0,-199,,,,
041812,0,0,0,276,,,,
041813,0,0,0,-17,,,,
041814,0,0,0,6,,,,
041815,0,0,0,-43,,,,
041816,0,0,0,3,,,,
041818,0,0,0,31,,,,
041819,0,0,0,71,,,,
041820,0,0,0,12,,,,
041822,0,0,0,-298,,,,
041824,0,0,0,-129,,,,
041826,0,0,0,31,,,,
041827,0,0,0,419,,,,
041828,0,0,0,154,,,,
041830,0,0,0,0,,,,
041832,0,0,0,4,,,,
041833,0,0,0,3,,,,
041837,0,0,0,-4,,,,
041838,0,0,0,-160,,,,
041839,0,0,0,-60,,,,
041840,0,0,0,-67,,,,
041841,0,0,0,127,,,,
041843,0,0,0,290,,,,
041844,0,0,0,-78,,,,
041849,0,0,0,-30,,,,
041850,0,0,0,-38,,,,
041851,0,0,0,-5,,,,
041852,0,0,0,121,,,,
041853,0,0,0,-26,,,,
041855,0,0,0,4,,,,
041858,0,0,0,19,,,,
041859,0,0,0,145,,,,
041860,0,0,0,-119,,,,
041861,0,0,0,75,,,,
041862,0,0,0,-110,,,,
041863,0,0,0,-380,,,,
041864,0,0,0,-108,,,,
041865,0,0,0,-269,,,,
041866,0,0,0,-28,,,,
041867,0,0,0,175,,,,
041869,0,0,0,21,,,,
041871,0,0,0,-123,,,,
041872,0,0,0,2,,,,
041873,0,0,0,30,,,,
041874,0,0,0,23,,,,
041875,0,0,0,-117,,,,
041877,0,0,0,-19,,,,
041879,0,0,0,-30,,,,
041880,0,0,0,-404,,,,
041881,0,0,0,0,,,,
041882,0,0,0,139,,,,
041883,0,0,0,-30,,,,
041885,0,0,0,-4,,,,
041886,0,0,0,1,,,,
041887,0,0,0,0,,,,
041888,0,0,0,21,,,,
041892,0,0,0,28,,,,
041893,0,0,0,0,,,,
041894,0,0,0,-36,,,,
041895,0,0,0,-62,,,,
041896,0,0,0,-4,,,,
041897,0,0,0,-230,,,,
041898,0,0,0,-6,,,,
041899,0,0,0,64,,,,
041901,0,0,0,94,,,,
041902,0,0,0,49,,,,
041904,0,0,0,-7,,,,
041905,0,0,0,-10,,,,
041906,0,0,0,73,,,,
041908,0,0,0,-20,,,,
041909,0,0,0,-13,,,,
041910,0,0,0,-90,,,,
041911,0,0,0,0,,,,
041912,0,0,0,0,,,,
041914,0,0,0,34,,,,
041915,0,0,0,94,,,,
041916,0,0,0,12,,,,
04191U,0,0,0,-74,,,,
041921,0,0,0,-60,,,,
041922,0,0,0,36,,,,
041923,0,0,0,3,,,,
041924,0,0,0,5,,,,
041926,0,0,0,-3,,,,
041927,0,0,0,135,,,,
041928,0,0,0,-8,,,,
041930,0,0,0,2,,,,
041931,0,0,0,1,,,,
041933,0,0,0,-563,,,,
041935,0,0,0,5,,,,
041936,0,0,0,296,,,,
041937,0,0,0,-34,,,,
041940,0,0,0,44,,,,
041941,0,0,0,0,,,,
041942,0,0,0,-9,,,,
041943,0,0,0,-56,,,,
041944,0,0,0,0,,,,
041945,0,0,0,10,,,,
041947,0,0,0,12,,,,
041948,0,0,0,-10,,,,
041950,0,0,0,-4,,,,
041951,0,0,0,24,,,,
041952,0,0,0,-98,,,,
041955,0,0,0,10,,,,
041956,0,0,0,-6,,,,
041957,0,0,0,-232,,,,
041959,0,0,0,-20,,,,
04195U,0,0,0,80,,,,
041960,0,0,0,11,,,,
041962,0,0,0,-30,,,,
041963,0,0,0,-1130,,,,
041964,0,0,0,9,,,,
041966,0,0,0,-22,,,,
041967,0,0,0,-18,,,,
041970,0,0,0,30,,,,
041973,0,0,0,23,,,,
041974,0,0,0,-10,,,,
041975,0,0,0,185,,,,
041977,0,0,0,12,,,,
041978,0,0,0,4,,,,
041979,0,0,0,1061,,,,
041981,0,0,0,2,,,,
041982,0,0,0,8,,,,
041983,0,0,0,-202,,,,
041984,0,0,0,-35,,,,
041985,0,0,0,305,,,,
041987,0,0,0,25,,,,
041990,0,0,0,-10,,,,
041994,0,0,0,-250,,,,
041995,0,0,0,51,,,,
041996,0,0,0,87,,,,
041997,0,0,0,-67,,,,
041998,0,0,0,173,,,,
042000,0,0,0,53,,,,
042001,0,0,0,69,,,,
042002,0,0,0,248,,,,
042003,0,0,0,-211,,,,
042004,0,0,0,-44,,,,
042006,0,0,0,18,,,,
042009,0,0,0,401,,,,
042011,0,0,0,146,,,,
042012,0,0,0,1,,,,
042013,0,0,0,-70,,,,
042014,0,0,0,13,,,,
042015,0,0,0,20,,,,
042016,0,0,0,-3,,,,
042018,0,0,0,52,,,,
042019,0,0,0,197,,,,
042020,0,0,0,23,,,,
042021,0,0,0,4,,,,
042022,0,0,0,-196,,,,
042023,0,0,0,0,,,,
042024,0,0,0,-50,,,,
042025,0,0,0,-16,,,,
042026,0,0,0,484,,,,
042028,0,0,0,118,,,,
042030,0,0,0,-73,,,,
042031,0,0,0,-169,,,,
042032,0,0,0,-216,,,,
042033,0,0,0,218,,,,
042034,0,0,0,-93,,,,
042036,0,0,0,-18,,,,
042037,0,0,0,66,,,,
042038,0,0,0,-10,,,,
042039,0,0,0,104,,,,
042041,0,0,0,-3,,,,
042043,0,0,0,-30,,,,
042044,0,0,0,14,,,,
042045,0,0,0,-23,,,,
042046,0,0,0,64,,,,
042047,0,0,0,232,,,,
042049,0,0,0,-50,,,,
042050,0,0,0,22,,,,
042051,0,0,0,-155,,,,
042052,0,0,0,0,,,,
042054,0,0,0,11,,,,
042055,0,0,0,-24,,,,
042056,0,0,0,-6,,,,
042057,0,0,0,28,,,,
042058,0,0,0,-23,,,,
042061,0,0,0,75,,,,
042062,0,0,0,230,,,,
042064,0,0,0,-248,,,,
042065,0,0,0,23,,,,
042066,0,0,0,0,,,,
042067,0,0,0,48,,,,
042069,0,0,0,16,,,,
042072,0,0,0,94,,,,
042073,0,0,0,200,,,,
042075,0,0,0,0,,,,
042076,0,0,0,22,,,,
042077,0,0,0,-38,,,,
042078,0,0,0,-28,,,,
04207U,0,0,0,50,,,,
042080,0,0,0,-23,,,,
042082,0,0,0,-43,,,,
042083,0,0,0,317,,,,
042084,0,0,0,1,,,,
042087,0,0,0,-200,,,,
042089,0,0,0,27,,,,
042090,0,0,0,65,,,,
042091,0,0,0,-10,,,,
042092,0,0,0,1,,,,
042093,0,0,0,-47,,,,
042094,0,0,0,-17,,,,
042098,0,0,0,-305,,,,
042099,0,0,0,-26,,,,
042100,0,0,0,0,,,,
042101,0,0,0,-17,,,,
042103,0,0,0,673,,,,
042104,0,0,0,85,,,,
042106,0,0,0,0,,,,
042107,0,0,0,0,,,,
042108,0,0,0,3,,,,
042109,0,0,0,-45,,,,
042112,0,0,0,10,,,,
042113,0,0,0,12,,,,
042114,0,0,0,-113,,,,
042115,0,0,0,-51,,,,
042116,0,0,0,15,,,,
042120,0,0,0,-10,,,,
042121,0,0,0,-69,,,,
042122,0,0,0,-9,,,,
042123,0,0,0,0,,,,
042124,0,0,0,19,,,,
042125,0,0,0,4,,,,
042127,0,0,0,10,,,,
042131,0,0,0,20,,,,
042132,0,0,0,39,,,,
042133,0,0,0,-37,,,,
042134,0,0,0,1,,,,
042135,0,0,0,-50,,,,
042136,0,0,0,-9,,,,
042137,0,0,0,-50,,,,
042138,0,0,0,-28,,,,
042139,0,0,0,-46,,,,
042142,0,0,0,-84,,,,
042144,0,0,0,-43,,,,
042146,0,0,0,-65,,,,
042147,0,0,0,-29,,,,
042150,0,0,0,-12,,,,
042151,0,0,0,-52,,,,
042152,0,0,0,-14,,,,
042154,0,0,0,-13,,,,
042155,0,0,0,17,,,,
042156,0,0,0,-84,,,,
042157,-200,0,0,156,,,,
042158,0,0,0,-35,,,,
042161,0,0,0,112,,,,
042162,0,0,0,95,,,,
042163,0,0,0,54,,,,
042164,0,0,0,25,,,,
042165,0,0,0,160,,,,
042166,0,0,0,26,,,,
042168,0,0,0,-44,,,,
042169,0,0,0,72,,,,
042170,0,0,0,-18,,,,
042171,0,0,0,45,,,,
042172,0,0,0,17,,,,
042173,0,0,0,-68,,,,
042175,0,0,0,-140,,,,
042176,0,0,0,0,,,,
042177,0,0,0,0,,,,
042178,0,0,0,-1,,,,
042184,0,0,0,-30,,,,
042185,0,0,0,-185,,,,
042188,0,0,0,110,,,,
042189,0,0,0,-315,,,,
042190,0,0,0,-240,,,,
042194,0,0,0,-121,,,,
042195,0,0,0,-19,,,,
042196,0,0,0,-350,,,,
042197,0,0,0,-42,,,,
042198,0,0,0,817,,,,
042199,0,0,0,-133,,,,
042200,0,0,0,888,,,,
042201,0,0,0,-474,,,,
042202,0,0,0,-300,,,,
042203,0,0,0,143,,,,
042204,0,0,0,-55,,,,
042205,0,0,0,-1377,,,,
042206,0,0,0,-394,,,,
042207,0,0,0,-114,,,,
042209,0,0,0,13,,,,
042210,0,0,0,-3,,,,
042211,0,0,0,95,,,,
042213,0,0,0,151,,,,
042218,0,0,0,837,,,,
042221,0,0,0,-455,,,,
042222,0,0,0,23,,,,
042223,0,0,0,-30,,,,
042224,0,0,0,-6,,,,
042225,0,0,0,1,,,,
042226,0,0,0,1,,,,
042227,0,0,0,38,,,,
042228,0,0,0,70,,,,
042232,0,0,0,0,,,,
042234,0,0,0,30,,,,
042238,0,0,0,202,,,,
042239,0,0,0,10,,,,
042240,0,0,0,-300,,,,
042241,0,0,0,75,,,,
042243,0,0,0,-2,,,,
042244,0,0,0,184,,,,
042245,0,0,0,51,,,,
042247,0,0,0,-7,,,,
042248,0,0,0,-2,,,,
042249,0,0,0,-52,,,,
042250,0,0,0,-77,,,,
042251,0,0,0,-224,,,,
042254,0,0,0,-50,,,,
042255,0,0,0,-7,,,,
042256,0,0,0,48,,,,
042257,0,0,0,-10,,,,
042258,0,0,0,-8,,,,
042259,0,0,0,-59,,,,
04225U,0,0,0,-10,,,,
042260,0,0,0,-105,,,,
042261,0,0,0,16,,,,
042263,0,0,0,95,,,,
042264,0,0,0,-33,,,,
042267,0,0,0,43,,,,
042270,0,0,0,-103,,,,
042271,0,0,0,-92,,,,
042272,0,0,0,-6,,,,
042273,0,0,0,8,,,,
042274,0,0,0,-1,,,,
042275,0,0,0,-110,,,,
042276,0,0,0,98,,,,
042277,0,0,0,6,,,,
042279,0,0,0,-90,,,,
042281,0,0,0,-238,,,,
042282,0,0,0,10,,,,
042283,0,0,0,20,,,,
042284,0,0,0,31,,,,
042285,0,0,0,-37,,,,
042287,0,0,0,-10,,,,
042288,0,0,0,0,,,,
042289,0,0,0,20,,,,
042290,0,0,0,-22,,,,
042291,0,0,0,-2,,,,
042292,0,0,0,-9,,,,
042293,0,0,0,-15,,,,
042295,0,0,0,-60,,,,
042297,0,0,0,93,,,,
042298,0,0,0,42,,,,
042300,0,0,0,-35,,,,
042301,0,0,0,18,,,,
042302,0,0,0,20,,,,
042303,0,0,0,-3,,,,
042304,0,0,0,0,,,,
042305,0,0,0,-82,,,,
042306,0,0,0,-38,,,,
042307,0,0,0,-10,,,,
042308,0,0,0,87,,,,
042309,0,0,0,16,,,,
042310,0,0,0,116,,,,
042311,0,0,0,195,,,,
042312,0,0,0,-50,,,,
042314,0,0,0,36,,,,
042315,0,0,0,-47,,,,
042316,0,0,0,178,,,,
042317,0,0,0,-5,,,,
042318,0,0,15,21,,,,
042319,0,0,0,-262,,,,
04231U,0,0,0,8,,,,
042320,0,0,0,10,,,,
042321,0,0,0,25,,,,
042322,0,0,0,0,,,,
042325,0,0,0,0,,,,
042327,0,0,0,-283,,,,
042328,0,0,0,14,,,,
042330,0,0,0,-355,,,,
042331,0,0,0,54,,,,
042332,0,0,0,-2,,,,
042333,0,0,0,-10,,,,
042334,0,0,0,-195,,,,
042335,0,0,0,-43,,,,
042336,0,0,0,-209,,,,
042337,0,0,0,308,,,,
042339,0,0,0,0,,,,
042340,0,0,0,-45,,,,
042341,0,0,0,-316,,,,
042342,0,0,0,-22,,,,
042343,0,0,0,0,,,,
042344,0,0,0,-50,,,,
042345,0,0,0,-6,,,,
042346,0,0,0,306,,,,
042347,0,0,0,39,,,,
042348,0,0,0,-65,,,,
042349,0,0,0,-388,,,,
042350,0,0,0,-32,,,,
042351,0,0,0,-860,,,,
042356,0,0,0,1,,,,
042358,0,0,0,-149,,,,
042359,0,0,0,-1,,,,
042360,0,0,0,-145,,,,
042362,0,0,0,266,,,,
042364,0,0,0,-727,,,,
042366,0,0,0,20,,,,
042367,0,0,0,-350,,,,
042368,0,0,0,642,,,,
042369,0,0,0,395,,,,
04236U,0,0,0,112,,,,
042370,0,0,0,-350,,,,
042371,0,0,0,-115,,,,
042372,0,0,0,417,,,,
042373,0,0,0,149,,,,
042374,0,0,0,680,,,,
042376,0,0,0,-217,,,,
042377,0,0,0,-428,,,,
04237U,0,0,0,156,,,,
042380,0,0,0,104,,,,
042381,0,0,0,439,,,,
042382,0,0,0,-35,,,,
042383,0,0,0,-198,,,,
042384,0,0,0,-128,,,,
042385,0,0,0,10,,,,
042386,0,0,0,234,,,,
042390,0,0,0,1,,,,
042391,0,0,0,-27,,,,
042392,0,0,0,-161,,,,
042393,0,0,0,-1,,,,
042394,0,0,0,1106,,,,
042396,0,0,0,-2,,,,
042397,0,0,0,10,,,,
042406,0,0,0,5,,,,
042408,0,0,0,7,,,,
042409,0,0,0,-250,,,,
042410,0,0,0,52,,,,
042411,0,0,0,1602,,,,
042412,0,0,0,-561,,,,
042413,0,0,0,-10,,,,
042414,0,0,0,28,,,,
042415,0,0,0,78,,,,
042417,0,0,0,-75,,,,
042419,0,0,0,73,,,,
042421,0,0,0,-249,,,,
042422,0,0,0,-107,,,,
042423,0,0,0,105,,,,
042425,0,0,0,-17,,,,
042427,0,0,0,-400,,,,
042428,0,0,0,1,,,,
042429,0,0,0,172,,,,
042430,0,0,0,-80,,,,
042431,0,0,0,-24,,,,
042432,0,0,0,-65,,,,
042433,0,0,0,-51,,,,
042434,0,0,0,51,,,,
042436,0,0,0,88,,,,
042437,0,0,0,-323,,,,
042438,0,0,0,3,,,,
042439,0,0,0,16,,,,
042440,0,0,0,901,,,,
042441,0,0,0,158,,,,
042442,0,0,0,4,,,,
042443,0,0,0,232,,,,
042444,0,0,0,-3,,,,
042445,0,0,0,137,,,,
042448,0,0,0,-89,,,,
042449,0,0,0,-10,,,,
042450,0,0,0,-1,,,,
042451,0,0,0,-120,,,,
042454,0,0,0,17,,,,
042456,0,0,0,90,,,,
042457,0,0,0,13,,,,
042458,0,0,0,-20,,,,
04245U,0,0,0,-3,,,,
042460,0,0,0,-282,,,,
042463,0,0,0,0,,,,
042464,0,0,0,-221,,,,
042465,0,0,0,2275,,,,
042466,0,0,0,8,,,,
042467,0,0,0,-24,,,,
042468,0,0,0,70,,,,
042469,0,0,0,-35,,,,
042470,0,0,0,-12,,,,
042471,0,0,0,19,,,,
042473,0,0,0,-93,,,,
042474,0,0,0,-3,,,,
042475,0,0,0,134,,,,
042476,0,0,0,-394,,,,
042478,0,0,0,-18,,,,
042479,0,0,0,124,,,,
042480,0,0,0,0,,,,
042481,0,0,0,257,,,,
042482,0,0,0,43,,,,
042483,0,0,0,0,,,,
042484,0,0,0,-10,,,,
042485,0,0,0,3,,,,
042487,0,0,0,-1345,,,,
042488,0,0,0,-64,,,,
042489,0,0,0,-34,,,,
04248U,0,0,0,-446,,,,
042490,0,0,0,6,,,,
042491,0,0,0,-85,,,,
042493,0,0,0,110,,,,
042495,0,0,0,73,,,,
042497,0,0,0,-5,,,,
042499,0,0,0,22,,,,
042500,0,0,0,-10,,,,
042502,0,0,0,5,,,,
042503,0,0,0,-24,,,,
042504,0,0,0,3,,,,
042505,0,0,0,-132,,,,
042509,0,0,0,34,,,,
042510,0,0,0,16,,,,
042511,0,0,0,50,,,,
042517,0,0,0,-282,,,,
042518,0,0,0,-16,,,,
042519,0,0,0,67,,,,
04251U,0,0,0,5,,,,
042523,0,0,0,-400,,,,
042525,0,0,0,-40,,,,
042526,0,0,0,-11,,,,
042527,0,0,0,-598,,,,
042528,0,0,0,42,,,,
042529,0,0,0,170,,,,
04252U,0,0,0,50,,,,
042530,0,0,0,1,,,,
042531,0,0,0,19,,,,
042532,0,0,0,72,,,,
042533,0,0,0,-248,,,,
042534,0,0,0,3,,,,
042536,0,0,0,-13,,,,
042537,0,0,0,-236,,,,
042538,0,0,0,-354,,,,
042539,0,0,0,0,,,,
042541,0,0,0,10,,,,
042543,0,0,0,-13,,,,
042546,0,0,0,700,,,,
042547,0,0,0,10,,,,
042548,0,0,0,188,,,,
042550,0,0,0,23,,,,
042551,0,0,0,-4,,,,
042552,0,0,0,-175,,,,
042554,0,0,0,-47,,,,
042555,0,0,0,-12,,,,
042557,0,0,0,15,,,,
042558,0,0,0,-86,,,,
042559,0,0,0,-71,,,,
042560,0,0,0,-345,,,,
042561,0,0,0,-178,,,,
042562,0,0,0,5,,,,
042565,0,0,0,-60,,,,
042566,0,0,0,-470,,,,
042567,0,0,0,-8,,,,
042568,0,0,0,-112,,,,
042570,0,0,0,0,,,,
042571,0,0,0,1158,,,,
042573,0,0,0,-200,,,,
042574,0,0,0,10,,,,
042575,0,0,0,48,,,,
042577,0,0,0,224,,,,
042578,0,0,0,-20,,,,
042579,0,0,0,0,,,,
042580,0,0,0,-1,,,,
042582,0,0,0,-19,,,,
042583,0,0,0,72,,,,
042584,0,0,0,-11,,,,
042585,0,0,0,115,,,,
042586,0,0,0,-10,,,,
042587,0,0,0,8,,,,
042588,0,0,0,0,,,,
042590,0,0,0,-2,,,,
042591,0,0,0,-120,,,,
042594,0,0,0,111,,,,
042595,0,0,0,-134,,,,
042596,0,0,0,64,,,,
042597,0,0,0,54,,,,
042598,0,0,0,229,,,,
042600,0,0,0,-160,,,,
042601,0,0,0,3,,,,
042602,0,0,0,60,,,,
042603,0,0,0,-44,,,,
042604,0,0,0,11,,,,
042605,0,0,0,-40,,,,
042607,0,0,0,-37,,,,
042608,0,0,0,-143,,,,
042610,0,0,0,-45,,,,
042611,0,0,0,-2,,,,
042612,0,0,0,16,,,,
042613,0,0,0,-219,,,,
042614,0,0,0,20,,,,
042615,0,0,0,129,,,,
042616,0,0,0,0,,,,
042618,0,0,0,-40,,,,
042621,0,0,0,76,,,,
042624,0,0,0,285,,,,
042625,0,0,0,42,,,,
042626,0,0,0,138,,,,
042627,0,0,0,571,,,,
042628,0,0,0,-7,,,,
042629,0,0,0,-484,,,,
042632,0,0,0,-58,,,,
042633,0,0,0,-218,,,,
042635,0,0,0,-39,,,,
042636,0,0,0,-12,,,,
042638,0,0,0,-28,,,,
042639,0,0,0,112,,,,
042640,0,0,0,-11,,,,
042641,0,0,0,-7,,,,
042642,0,0,0,-27,,,,
042643,0,0,0,52,,,,
042644,0,0,0,4,,,,
042646,0,0,0,50,,,,
04264U,0,0,0,5,,,,
042650,0,0,0,-16,,,,
042651,0,0,0,-17,,,,
042652,0,0,0,-84,,,,
042653,0,0,0,-832,,,,
042656,0,0,0,102,,,,
042657,0,0,0,38,,,,
042659,0,0,0,-18,,,,
04265U,0,0,0,19,,,,
042660,0,0,0,74,,,,
042661,0,0,0,-10,,,,
042664,0,0,0,0,,,,
042665,0,0,0,0,,,,
042666,0,0,0,-32,,,,
042667,0,0,0,128,,,,
042668,0,0,0,-219,,,,
042669,0,0,0,44,,,,
04266U,0,0,0,-10,,,,
042670,0,0,0,-11,,,,
042671,0,0,0,3,,,,
042672,0,0,0,4,,,,
042674,0,0,0,4,,,,
042675,0,0,0,-10,,,,
042676,0,0,0,107,,,,
042680,0,0,0,-32,,,,
042681,0,0,0,-30,,,,
042683,0,0,0,-40,,,,
042684,0,0,0,0,,,,
042685,0,0,0,0,,,,
042687,0,0,0,-135,,,,
042688,0,0,0,-75,,,,
042692,0,0,0,-54,,,,
042693,0,0,0,-66,,,,
042694,0,0,0,-5,,,,
042695,0,0,0,-279,,,,
042696,0,0,0,-349,,,,
042698,0,0,0,-7,,,,
042699,0,0,0,0,,,,
042700,0,0,0,-7,,,,
042701,0,0,0,0,,,,
042703,0,0,0,31,,,,
042704,0,0,0,500,,,,
042705,0,0,0,-10,,,,
042706,0,0,0,6,,,,
042708,0,0,0,67,,,,
04270U,0,0,0,50,,,,
042710,0,0,0,-1,,,,
042711,0,0,0,120,,,,
042712,0,0,0,68,,,,
042713,0,0,0,306,,,,
042715,0,0,0,-116,,,,
042716,0,0,0,-13,,,,
042719,0,0,0,59,,,,
04271U,0,0,0,5,,,,
042720,0,0,0,20,,,,
042721,0,0,0,148,,,,
042723,0,0,0,60,,,,
042724,0,0,0,-312,,,,
042725,0,0,0,-459,,,,
042726,0,0,0,-914,,,,
042727,0,0,0,122,,,,
042728,0,0,0,-102,,,,
042732,0,0,0,7,,,,
042733,0,0,0,-446,,,,
042734,0,0,0,-29,,,,
042735,0,0,0,167,,,,
042736,0,0,0,-3,,,,
042737,0,0,0,-460,,,,
042739,0,0,0,464,,,,
042740,0,0,0,66,,,,
042741,0,0,0,50,,,,
042744,0,0,0,-166,,,,
042745,0,0,0,-623,,,,
042747,0,0,0,-5,,,,
042748,0,0,0,49,,,,
042749,0,0,0,9,,,,
042750,0,0,0,45,,,,
042751,0,0,0,-21,,,,
042753,0,0,0,-548,,,,
042756,0,0,0,-53,,,,
042757,0,0,0,-2181,,,,
042758,0,0,0,1,,,,
042759,0,0,0,103,,,,
04275U,0,0,0,-20,,,,
042760,0,0,0,-2,,,,
042761,0,0,0,-58,,,,
042762,0,0,0,-14,,,,
042763,0,0,0,-41,,,,
042764,0,0,0,-14,,,,
042765,0,0,0,-5,,,,
042770,0,0,0,-56,,,,
042771,0,0,0,-22,,,,
042772,0,0,0,17,,,,
042774,0,0,0,-63,,,,
042775,0,0,0,-28,,,,
042776,0,0,0,0,,,,
04277U,0,0,0,-2,,,,
042780,0,0,0,-20,,,,
042781,0,0,0,-50,,,,
042783,0,0,0,-87,,,,
042784,0,0,0,-63,,,,
042785,0,0,0,-35,,,,
042786,0,0,0,103,,,,
042787,0,0,0,15,,,,
042788,0,0,0,175,,,,
042789,0,0,0,-5,,,,
042791,0,0,0,-699,,,,
042792,0,0,0,-19,,,,
042793,0,0,0,-12,,,,
042794,0,0,0,46,,,,
042795,0,0,0,20,,,,
042798,0,0,0,10,,,,
042799,0,0,0,-27,,,,
04279U,0,0,0,-1,,,,
042800,0,0,0,-24,,,,
042801,0,0,0,-474,,,,
042804,0,0,0,-12,,,,
042805,0,0,0,-10,,,,
042807,0,0,0,36,,,,
042810,0,0,0,-4,,,,
042811,0,0,0,145,,,,
042814,0,0,0,-102,,,,
042815,0,0,0,-5,,,,
042816,0,0,0,-10,,,,
042818,0,0,0,-14,,,,
042819,0,0,0,-14,,,,
042820,0,0,0,-6,,,,
042821,0,0,0,23,,,,
042822,0,0,0,-11,,,,
042823,0,0,0,-600,,,,
042824,0,0,0,10,,,,
042826,0,0,0,-26,,,,
042827,0,0,0,27,,,,
042829,0,0,0,315,,,,
042830,0,0,0,0,,,,
042831,0,0,0,-15,,,,
042832,0,0,0,-155,,,,
042835,0,0,0,-10,,,,
042836,0,0,0,-107,,,,
042837,0,0,0,2,,,,
042838,0,0,0,-65,,,,
042840,0,0,0,-22,,,,
042841,0,0,0,-26,,,,
042842,0,0,0,-17,,,,
042843,0,0,0,16,,,,
042844,0,0,0,115,,,,
042846,0,0,0,-124,,,,
042847,0,0,0,37,,,,
042848,0,0,0,36,,,,
042849,0,0,0,-1026,,,,
04284U,0,0,0,-20,,,,
042850,0,0,0,-230,,,,
042851,0,0,0,-2,,,,
042852,0,0,0,-23,,,,
042853,0,0,0,-116,,,,
042855,0,0,0,-15,,,,
042856,0,0,0,-571,,,,
042858,0,0,0,-79,,,,
042862,0,0,0,41,,,,
042863,0,0,0,103,,,,
042867,0,0,0,-30,,,,
042869,0,0,0,73,,,,
042872,0,0,0,-2,,,,
042873,0,0,0,174,,,,
042874,0,0,0,-146,,,,
042876,0,0,0,-204,,,,
042879,0,0,0,27,,,,
04287U,0,0,0,-10,,,,
042882,0,0,0,-10,,,,
042883,0,0,0,7,,,,
042886,0,0,0,-188,,,,
042889,0,0,0,35,,,,
042890,0,0,0,-131,,,,
042892,0,0,0,-136,,,,
042894,0,0,0,-436,,,,
042899,0,0,0,1,,,,
042900,0,0,0,-760,,,,
042903,0,0,0,63,,,,
042905,0,0,0,-222,,,,
042906,0,0,0,-523,,,,
042907,0,0,0,-225,,,,
042908,0,0,0,-70,,,,
042909,0,0,0,-93,,,,
042910,0,0,0,-36,,,,
042912,0,0,0,-86,,,,
042914,0,0,0,30,,,,
042915,0,0,0,234,,,,
042916,0,0,0,-6,,,,
042918,0,0,0,37,,,,
042919,0,0,0,-55,,,,
04291U,0,0,0,-605,,,,
042920,0,0,0,-724,,,,
042921,0,0,0,17,,,,
042922,0,0,0,41,,,,
042923,0,0,0,-167,,,,
042924,0,0,0,-3,,,,
042926,0,0,0,-300,,,,
042927,0,0,0,-3,,,,
042928,0,0,0,-15,,,,
042930,0,0,0,405,,,,
042933,0,0,0,413,,,,
042936,0,0,0,12,,,,
042939,0,0,0,14,,,,
042940,0,0,0,-311,,,,
042941,0,0,0,-236,,,,
042943,0,0,0,-122,,,,
042944,0,0,0,-263,,,,
042945,0,0,0,-144,,,,
042947,0,0,0,119,,,,
042948,0,0,0,-432,,,,
042949,0,0,0,-506,,,,
04294U,0,0,0,-20,,,,
042950,0,0,0,109,,,,
042952,0,0,0,35,,,,
042953,0,0,0,-4,,,,
042954,0,0,0,-3,,,,
042956,0,0,0,-752,,,,
042957,0,0,0,-506,,,,
042958,0,0,0,-652,,,,
042962,0,0,0,106,,,,
042963,0,0,0,-50,,,,
042964,0,0,0,-87,,,,
042966,0,0,0,-62,,,,
042967,0,0,0,-60,,,,
042969,0,0,0,50,,,,
042971,0,0,0,-957,,,,
042972,0,0,0,-986,,,,
042973,0,0,0,-10,,,,
042974,0,0,0,-30,,,,
042975,0,0,0,25,,,,
042976,0,0,0,70,,,,
042978,0,0,0,124,,,,
042983,0,0,0,-28,,,,
042985,0,0,0,16,,,,
042986,0,0,0,1267,,,,
042995,0,0,0,-22,,,,
042996,0,0,0,0,,,,
042999,0,0,0,30,,,,
04299U,0,0,0,-20,,,,
043000,0,0,0,29,,,,
043003,0,0,0,0,,,,
043004,0,0,0,97,,,,
043005,0,0,0,-28,,,,
043006,0,0,0,-75,,,,
043007,0,0,0,-287,,,,
043008,0,0,0,70,,,,
043009,0,0,0,-17,,,,
043010,0,0,0,50,,,,
043013,0,0,0,-16,,,,
043016,0,0,0,-305,,,,
043017,0,0,0,-106,,,,
043018,0,0,0,4,,,,
043019,0,0,0,-110,,,,
043021,0,0,0,-20,,,,
043023,0,0,0,-9,,,,
043024,0,0,0,0,,,,
043029,0,0,0,-61,,,,
043030,0,0,0,269,,,,
043032,0,0,0,200,,,,
043033,0,0,0,-464,,,,
043034,0,0,0,-36,,,,
043035,0,0,0,-105,,,,
043040,0,0,0,-87,,,,
043041,0,0,0,0,,,,
043046,0,0,0,119,,,,
043047,0,0,0,404,,,,
043048,0,0,0,38,,,,
04304U,0,0,0,-7,,,,
043051,0,0,0,200,,,,
043052,0,0,0,-236,,,,
043053,0,0,0,-311,,,,
043055,0,0,0,0,,,,
043056,0,0,0,47,,,,
043057,0,0,0,100,,,,
043059,0,0,0,-825,,,,
043061,0,0,0,4,,,,
043062,0,0,0,10,,,,
043063,0,0,0,-240,,,,
043064,0,0,0,-387,,,,
043065,0,0,0,-6,,,,
043067,0,0,0,-10,,,,
043068,0,0,0,-446,,,,
043069,0,0,0,-237,,,,
04306U,0,0,0,149,,,,
043070,0,0,0,-118,,,,
043071,0,0,0,-412,,,,
043072,0,0,0,-215,,,,
043073,0,0,0,50,,,,
043076,0,0,0,212,,,,
043077,0,0,0,-315,,,,
043079,0,0,0,-676,,,,
04307U,0,0,0,41,,,,
043081,0,0,0,41,,,,
043082,0,0,0,2,,,,
043084,0,0,0,-15,,,,
043085,0,0,0,0,,,,
043088,0,0,0,-77,,,,
043091,0,0,0,3,,,,
043092,0,0,0,-67,,,,
043095,0,0,0,11,,,,
043096,0,0,0,-4,,,,
043098,0,0,0,1,,,,
043103,0,0,0,43,,,,
043106,0,0,0,-30,,,,
043107,0,0,0,1,,,,
043110,0,0,0,-36,,,,
043111,0,0,0,0,,,,
043112,0,0,0,-18,,,,
043113,0,0,0,73,,,,
043114,0,0,0,145,,,,
043115,0,0,0,-90,,,,
043116,0,0,0,-40,,,,
043118,0,0,0,205,,,,
043120,0,0,0,-1,,,,
043122,0,0,0,16,,,,
043123,0,0,0,-32,,,,
043124,0,0,0,-64,,,,
043126,0,0,0,45,,,,
043129,0,0,0,-136,,,,
043130,0,0,0,-62,,,,
043133,0,0,0,95,,,,
043134,0,0,0,-68,,,,
043137,0,0,0,10,,,,
043143,0,0,0,-240,,,,
043144,0,0,0,-35,,,,
043145,0,0,0,-46,,,,
043146,0,0,0,7,,,,
043149,0,0,0,-43,,,,
043152,0,0,0,-23,,,,
043156,0,0,0,-26,,,,
043157,0,0,0,1,,,,
04315U,0,0,0,-496,,,,
043162,0,0,0,-1,,,,
043165,0,0,0,45,,,,
043166,0,0,0,-90,,,,
043167,0,0,0,5,,,,
043168,0,0,0,-15,,,,
043169,0,0,0,10,,,,
043171,0,0,0,-2,,,,
043172,0,0,0,-5,,,,
043173,0,0,0,-15,,,,
043174,0,0,0,-51,,,,
043177,0,0,0,3,,,,
043178,0,0,0,53,,,,
043180,0,0,0,78,,,,
043181,0,0,0,-77,,,,
043182,0,0,0,-323,,,,
043183,0,0,0,-112,,,,
043184,0,0,0,-38,,,,
043186,0,0,0,125,,,,
043188,0,0,0,3,,,,
043190,0,0,0,24,,,,
043195,0,0,0,-34,,,,
043196,0,0,0,-111,,,,
043197,0,0,0,-4,,,,
043198,0,0,0,-10,,,,
043199,0,0,0,-1532,,,,
043200,0,0,0,35,,,,
043201,0,0,0,0,,,,
043202,0,0,0,-39,,,,
043203,0,0,0,301,,,,
043204,0,0,0,44,,,,
043209,0,0,0,43,,,,
04320U,0,0,0,40,,,,
043210,0,0,0,13,,,,
043214,0,0,0,-7,,,,
043216,0,0,0,43,,,,
043218,0,0,0,-17,,,,
043219,0,0,0,5,,,,
04321U,0,0,0,-530,,,,
043221,0,0,0,20,,,,
043222,0,0,0,-28,,,,
043225,0,0,0,-9,,,,
043226,0,0,0,12,,,,
043229,0,0,0,-36,,,,
04322U,0,0,0,-100,,,,
043232,0,0,0,-52,,,,
043233,0,0,0,0,,,,
043234,0,0,0,-2,,,,
043237,0,0,0,-129,,,,
043238,0,0,0,158,,,,
043239,0,0,0,-94,,,,
043241,0,0,0,80,,,,
043243,0,0,0,-270,,,,
043244,0,0,0,-65,,,,
043245,0,0,0,-86,,,,
043246,0,0,0,8,,,,
043248,0,0,0,-35,,,,
043250,0,0,0,1,,,,
043252,0,0,0,-15,,,,
043253,0,0,0,85,,,,
043254,0,0,0,-2,,,,
043255,0,0,0,30,,,,
043258,0,0,0,-35,,,,
043259,0,0,0,-58,,,,
04325U,0,0,0,-2,,,,
043261,0,0,0,412,,,,
043264,0,0,0,-535,,,,
043265,0,0,0,-197,,,,
043269,0,0,0,-5,,,,
043270,0,0,0,-100,,,,
043271,0,0,0,-286,,,,
043273,0,0,0,18,,,,
043274,0,0,0,43,,,,
043275,0,0,0,119,,,,
043277,0,0,0,-317,,,,
043279,0,0,0,-309,,,,
043283,0,0,0,-13,,,,
043284,0,0,0,0,,,,
043285,0,0,0,29,,,,
043287,0,0,0,16,,,,
043289,0,0,0,-10,,,,
043290,0,0,0,60,,,,
043292,0,0,0,-6,,,,
043296,0,0,0,-5,,,,
043297,0,0,0,0,,,,
043298,0,0,0,-62,,,,
043299,0,0,0,-399,,,,
043300,0,0,0,42,,,,
043301,0,0,0,-20,,,,
043303,0,0,0,44,,,,
043304,0,0,0,-10,,,,
043306,0,0,0,-22,,,,
043307,0,0,0,-1,,,,
043308,0,0,0,7,,,,
043309,0,0,0,-93,,,,
043310,0,0,0,70,,,,
043311,0,0,0,-6,,,,
043314,0,0,0,10,,,,
043321,0,0,0,-4,,,,
043323,0,0,0,-28,,,,
043324,0,0,0,-83,,,,
043326,0,0,0,-137,,,,
043329,0,0,0,-403,,,,
043335,0,0,0,45,,,,
043341,0,0,0,595,,,,
043347,0,0,0,-105,,,,
043348,0,0,0,-79,,,,
043349,0,0,0,50,,,,
043350,0,0,0,1,,,,
043351,0,0,0,-203,,,,
043352,0,0,0,-28,,,,
043353,0,0,0,-450,,,,
043354,0,0,0,-40,,,,
043355,0,0,0,-49,,,,
043357,0,0,0,-5,,,,
043362,0,0,0,-57,,,,
043363,0,0,0,15,,,,
043364,0,0,0,11,,,,
043365,0,0,0,-41,,,,
043366,0,0,0,-61,,,,
043367,0,0,0,-80,,,,
043368,0,0,0,211,,,,
043371,0,0,0,-14,,,,
043372,0,0,0,-160,,,,
043373,0,0,0,-5,,,,
043374,0,0,0,-172,,,,
043375,0,0,0,436,,,,
043377,0,0,0,-40,,,,
043379,0,0,0,-21,,,,
043380,0,0,0,156,,,,
043381,0,0,0,167,,,,
043384,0,0,0,-16,,,,
043385,0,0,0,-25,,,,
043386,0,0,0,-40,,,,
043387,0,0,0,61,,,,
043388,0,0,0,121,,,,
043389,0,0,0,17,,,,
043390,0,0,0,-1001,,,,
043393,0,0,0,-106,,,,
043394,0,0,0,-77,,,,
043400,0,0,0,198,,,,
043402,0,0,0,100,,,,
043405,0,0,0,7,,,,
043407,0,0,0,-9,,,,
043408,0,0,0,0,,,,
043409,0,0,0,0,,,,
04340U,0,0,0,47,,,,
043413,0,0,0,-8,,,,
043414,0,0,0,0,,,,
043415,0,0,0,68,,,,
043416,0,0,0,-25,,,,
043417,0,0,0,0,,,,
043418,0,0,0,70,,,,
043419,0,0,0,114,,,,
043421,0,0,0,-5,,,,
043423,0,0,0,0,,,,
043424,0,0,0,-64,,,,
043425,0,0,0,-20,,,,
043428,0,0,0,-18,,,,
043430,0,0,0,38,,,,
043431,0,0,0,2,,,,
043432,0,0,0,-159,,,,
043434,0,0,0,-20,,,,
043438,0,0,0,-3,,,,
043439,0,0,0,-18,,,,
043441,0,0,0,-19,,,,
043442,0,0,0,-60,,,,
043443,0,0,0,-4,,,,
043446,0,0,0,-15,,,,
043447,0,0,0,12,,,,
043448,0,0,0,-339,,,,
043449,0,0,0,1,,,,
043450,0,0,0,32,,,,
043451,0,0,0,263,,,,
043454,0,0,0,-182,,,,
043455,0,0,0,105,,,,
043458,0,0,0,-2,,,,
043459,0,0,0,-60,,,,
043460,0,0,0,-113,,,,
043461,0,0,0,12,,,,
043465,0,0,0,67,,,,
043466,0,0,0,-297,,,,
04346U,0,0,0,-10,,,,
043474,0,0,0,-12,,,,
043477,0,0,0,-20,,,,
043481,0,0,0,-22,,,,
043482,0,0,0,-10,,,,
043483,0,0,0,59,,,,
043486,0,0,0,-174,,,,
043487,0,0,0,-98,,,,
043488,0,0,0,0,,,,
043489,0,0,0,77,,,,
043491,0,0,0,0,,,,
043494,0,0,0,-10,,,,
043495,0,0,0,-83,,,,
043496,0,0,0,-44,,,,
043497,0,0,0,45,,,,
043505,0,0,0,-70,,,,
043506,0,0,0,-72,,,,
043507,0,0,0,235,,,,
043508,0,0,0,12,,,,
043509,0,0,0,29,,,,
043510,0,0,0,-14,,,,
043516,0,0,0,269,,,,
043519,0,0,0,-250,,,,
043520,0,0,0,-46,,,,
043521,0,0,0,160,,,,
043524,0,0,0,-185,,,,
043525,0,0,0,-15,,,,
043527,0,0,0,-53,,,,
043528,0,0,0,59,,,,
043529,0,0,0,-159,,,,
043530,0,0,0,-211,,,,
043531,0,0,0,-16,,,,
043532,0,0,0,6,,,,
043534,0,0,0,-673,,,,
043535,0,0,0,-484,,,,
043536,0,0,0,-106,,,,
043537,0,0,0,-3,,,,
043539,0,0,0,21,,,,
043542,0,0,0,-14,,,,
043543,0,0,0,-11,,,,
043546,0,0,0,0,,,,
043549,0,0,0,-20,,,,
043550,0,0,0,-151,,,,
043551,0,0,0,-31,,,,
043552,0,0,0,-111,,,,
043553,0,0,0,43,,,,
043563,0,0,0,10,,,,
043566,0,0,0,-70,,,,
043567,0,0,0,9,,,,
043571,0,0,0,-21,,,,
043573,0,0,0,-15,,,,
043575,0,0,0,-6,,,,
043576,0,0,0,-1,,,,
043578,0,0,0,0,,,,
043580,0,0,0,-4,,,,
043584,0,0,0,10,,,,
043585,0,0,0,-15,,,,
043587,0,0,0,-10,,,,
043591,0,0,0,-14,,,,
043592,0,0,0,225,,,,
043595,0,0,0,0,,,,
04359U,0,0,0,-70,,,,
043606,0,0,0,-59,,,,
043607,0,0,0,-25,,,,
043608,0,0,0,-28,,,,
043609,0,0,0,-92,,,,
043610,0,0,0,17,,,,
043611,0,0,0,-41,,,,
043612,0,0,0,-90,,,,
043613,0,0,0,-39,,,,
043614,0,0,0,6,,,,
043616,0,0,0,1,,,,
043619,0,0,0,27,,,,
043620,0,0,0,-336,,,,
043621,0,0,0,78,,,,
043622,0,0,0,-149,,,,
043624,0,0,0,43,,,,
043625,0,0,0,-23,,,,
043626,0,0,0,-8,,,,
043627,0,0,0,1,,,,
043629,0,0,0,-2,,,,
043630,0,0,0,0,,,,
043631,0,0,0,-183,,,,
043632,0,0,0,-20,,,,
043635,0,0,0,-24,,,,
043637,0,0,0,-27,,,,
043638,0,0,0,0,,,,
043639,0,0,0,-2,,,,
04363U,0,0,0,-9,,,,
043640,0,0,0,-2,,,,
043643,0,0,0,0,,,,
043644,0,0,0,0,,,,
043645,0,0,0,-17,,,,
043646,0,0,0,-20,,,,
043649,0,0,0,-121,,,,
043650,0,0,0,-617,,,,
043651,0,0,0,-7,,,,
043652,0,0,0,3,,,,
043653,0,0,0,-3,,,,
043654,0,0,0,-38,,,,
043658,0,0,0,-72,,,,
043662,0,0,0,-170,,,,
043665,0,0,0,-25,,,,
043666,0,0,0,218,,,,
043668,0,0,0,-30,,,,
043669,0,0,0,-6,,,,
043671,0,0,0,-427,,,,
043672,0,0,0,-13,,,,
043673,0,0,0,41,,,,
043674,0,0,0,-129,,,,
043675,0,0,0,-972,,,,
043676,0,0,0,-534,,,,
043677,0,0,0,-5,,,,
043679,0,0,0,-16,,,,
043680,0,0,0,0,,,,
043682,0,0,0,0,,,,
043683,0,0,0,-8,,,,
043687,0,0,0,-123,,,,
043688,0,0,0,-128,,,,
043690,0,0,0,-53,,,,
043691,0,0,0,-84,,,,
043692,0,0,0,-25,,,,
043693,0,0,0,888,,,,
043694,0,0,0,-20,,,,
043695,0,0,0,0,,,,
043696,0,0,0,5,,,,
043697,0,0,0,-99,,,,
043699,0,0,0,20,,,,
043700,0,0,0,285,,,,
043702,0,0,0,0,,,,
043703,0,0,0,20,,,,
043704,0,0,0,-15,,,,
043705,0,0,0,56,,,,
043706,0,0,0,-315,,,,
043707,0,0,0,-10,,,,
043709,0,0,0,-98,,,,
043710,0,0,0,-52,,,,
043712,0,0,0,58,,,,
043713,0,0,0,-25,,,,
043715,0,0,0,10,,,,
043717,0,0,0,-330,,,,
043718,0,0,0,-98,,,,
043719,0,0,0,-3,,,,
043720,0,0,0,9,,,,
043721,0,0,0,7,,,,
043722,0,0,0,6,,,,
043723,0,0,0,1,,,,
043725,0,0,0,33,,,,
043726,0,0,0,-74,,,,
043727,0,0,0,-10,,,,
043728,0,0,0,-14,,,,
043730,0,0,0,-42,,,,
043732,0,0,0,-8,,,,
043733,0,0,0,72,,,,
043734,0,0,0,-10,,,,
043735,0,0,0,-3,,,,
043736,0,0,0,125,,,,
043738,0,0,0,80,,,,
043743,0,0,0,23,,,,
043746,0,0,0,-11,,,,
043747,0,0,0,1,,,,
043748,0,0,0,-4,,,,
043752,0,0,0,-83,,,,
043757,0,0,0,-6,,,,
043765,0,0,0,-5,,,,
043779,0,0,0,0,,,,
043782,0,0,0,-6,,,,
043783,0,0,0,13,,,,
04378U,0,0,0,20,,,,
043790,0,0,0,-2,,,,
043791,0,0,0,-7,,,,
043795,0,0,0,-215,,,,
043796,0,0,0,10,,,,
04379U,0,0,0,-4,,,,
043802,0,0,0,0,,,,
043803,0,0,0,-2,,,,
043814,0,0,0,-100,,,,
043817,0,0,0,-14,,,,
043818,0,0,0,-5,,,,
043819,0,0,0,-49,,,,
043821,0,0,0,-26,,,,
043823,0,0,0,-79,,,,
043824,0,0,0,-45,,,,
043825,0,0,0,-665,,,,
043826,0,0,0,-251,,,,
043827,0,0,0,-142,,,,
043829,0,0,0,-67,,,,
043831,0,0,0,-61,,,,
043832,0,0,0,-57,,,,
043833,0,0,0,-225,,,,
043835,0,0,0,-11,,,,
043836,0,0,0,-10,,,,
043838,0,0,0,-12,,,,
043839,0,0,0,-32,,,,
043841,0,0,0,-10,,,,
043843,0,0,0,-32,,,,
043848,0,0,0,-366,,,,
043850,0,0,0,-18,,,,
043852,0,0,0,-15,,,,
043853,0,0,0,-126,,,,
043855,0,0,0,-12,,,,
043857,0,0,0,0,,,,
043859,0,0,0,0,,,,
043860,0,0,0,-2,,,,
043861,0,0,0,-8,,,,
043862,0,0,0,-13,,,,
043863,0,0,0,-6,,,,
043866,0,0,0,-16,,,,
043869,0,0,0,-1,,,,
043870,0,0,0,-13,,,,
043873,0,0,0,-22,,,,
043874,0,0,0,0,,,,
043883,0,0,0,0,,,,
043884,0,0,0,144,,,,
043885,0,0,0,598,,,,
043886,0,0,0,-67,,,,
043887,0,0,0,-83,,,,
043888,0,0,0,-25,,,,
043889,0,0,0,-127,,,,
043890,0,0,0,-196,,,,
043891,0,0,0,-229,,,,
043892,0,0,0,-45,,,,
043894,0,0,0,-117,,,,
043895,0,0,0,193,,,,
043900,0,0,0,-100,,,,
043901,0,0,0,-32,,,,
043902,0,0,0,-45,,,,
043904,0,0,0,-5,,,,
043913,0,0,0,-25,,,,
043914,0,0,0,-103,,,,
043915,0,0,0,-1,,,,
043916,0,0,0,-211,,,,
043918,0,0,0,-256,,,,
043919,0,0,0,65,,,,
043923,0,0,0,-8,,,,
043927,0,0,0,-654,,,,
043929,0,0,0,-80,,,,
043930,0,0,0,-332,,,,
043932,0,0,0,-684,,,,
043935,0,0,0,-16,,,,
043936,0,0,0,-62,,,,
043937,0,0,0,-18,,,,
043941,0,0,0,10,,,,
043942,0,0,0,-42,,,,
043945,0,0,0,-13,,,,
043946,0,0,0,-12,,,,
043951,0,0,0,-320,,,,
043952,0,0,0,-295,,,,
043954,0,0,0,-63,,,,
043956,0,0,0,-5,,,,
043958,0,0,0,-354,,,,
043959,0,0,0,-851,,,,
043960,0,0,0,-22,,,,
043961,0,0,0,-8,,,,
043962,0,0,0,1,,,,
043963,0,0,0,-96,,,,
043964,0,0,0,-18,,,,
043965,0,0,0,-12,,,,
043967,0,0,0,-549,,,,
043968,0,0,0,-575,,,,
043969,0,0,0,-30,,,,
043970,0,0,0,-6,,,,
043975,0,0,0,-61,,,,
043978,0,0,0,-4,,,,
04397U,0,0,0,6,,,,
043983,0,0,0,-24,,,,
043989,0,0,0,-9,,,,
043992,0,0,0,-3,,,,
043993,0,0,0,-510,,,,
043996,0,0,0,-83,,,,
043999,0,0,0,-200,,,,
044014,0,0,0,-10,,,,
044022,0,0,0,-6,,,,
044023,0,0,0,-1,,,,
044025,0,0,0,-52,,,,
04402U,0,0,0,208,,,,
044032,0,0,0,-5,,,,
044033,0,0,0,-101,,,,
04403U,0,0,0,-40,,,,
044055,0,0,0,-10,,,,
04405U,0,0,0,330,,,,
044062,0,0,0,-11,,,,
044063,0,0,0,-10,,,,
044065,0,0,0,-16,,,,
044066,0,0,0,-57,,,,
044068,0,0,0,-27,,,,
04406U,0,0,0,-46,,,,
044070,0,0,0,-66,,,,
044072,0,0,0,-118,,,,
044076,0,0,0,-3,,,,
044088,0,0,0,-12,,,,
04408U,0,0,0,40,,,,
044092,0,0,0,-3,,,,
044093,0,0,0,-2,,,,
044099,0,0,0,-50,,,,
044104,0,0,0,-166,,,,
044105,0,0,0,-12,,,,
044106,0,0,0,-21,,,,
044116,0,0,0,-20,,,,
044119,0,0,0,-60,,,,
04411U,0,0,0,-91,,,,
044125,0,0,0,-5,,,,
044126,0,0,0,-48,,,,
044128,0,0,0,-214,,,,
044132,0,0,0,-34,,,,
044137,0,0,0,-950,,,,
044141,0,0,0,-5,,,,
044143,0,0,0,-15,,,,
044151,0,0,0,-10,,,,
044152,0,0,0,-10,,,,
044155,0,0,0,-18,,,,
044158,0,0,0,-30,,,,
044160,0,0,0,-44,,,,
044162,0,0,0,-1,,,,
044163,0,0,0,-10,,,,
044164,0,0,0,-2,,,,
044165,0,0,0,-215,,,,
044169,0,0,0,-2,,,,
04429U,0,0,0,32,,,,
04430U,0,0,0,-50,,,,
04431U,0,0,0,-20,,,,
04433U,0,0,0,-30,,,,
04436U,0,0,0,-38,,,,
04440U,0,0,0,-26,,,,
04444U,0,0,0,10,,,,
044457,0,0,0,2,,,,
044466,0,0,0,-37,,,,
04450U,0,0,0,80,,,,
044531,0,0,0,-95,,,,
044547,0,0,0,20,,,,
044565,0,0,0,-30,,,,
04458U,0,0,0,2,,,,
04459U,0,0,0,0,,,,
04464U,0,0,0,-100,,,,
04466U,0,0,0,220,,,,
04467U,0,0,0,-67,,,,
04474U,0,0,0,-180,,,,
044759,0,0,0,-50,,,,
044760,0,0,0,-9,,,,
04476U,0,0,0,-160,,,,
044775,0,0,0,-200,,,,
044776,0,0,0,1,,,,
044778,0,0,0,-21,,,,
04478U,0,0,0,80,,,,
04485U,0,0,0,-20,,,,
04488U,0,0,0,-2,,,,
044895,0,0,0,-354,,,,
044905,0,0,0,-40,,,,
044908,0,0,0,2,,,,
044920,0,0,0,-725,,,,
044921,0,0,0,-40,,,,
044927,0,0,0,361,,,,
04496U,0,0,0,1,,,,
04509U,0,0,0,22,,,,
04511U,0,0,0,-1,,,,
04513U,0,0,0,10,,,,
04526U,0,0,0,-5,,,,
04527U,0,0,0,-300,,,,
045280,0,0,0,-51,,,,
045292,0,0,0,-10,,,,
045310,0,0,0,-2,,,,
04533U,0,0,0,3,,,,
04535U,0,0,0,20,,,,
045416,0,0,0,-1,,,,
04552U,0,0,0,-150,,,,
04555U,0,0,0,290,,,,
045592,0,0,0,-1,,,,
045595,0,0,0,-20,,,,
04560U,0,0,0,-20,,,,
045611,0,0,0,179,,,,
045658,0,0,0,-22,,,,
045708,0,0,0,-10,,,,
04570U,0,0,0,41,,,,
045715,0,0,0,-50,,,,
045729,0,0,0,-1,,,,
045732,0,0,0,-272,,,,
04573U,0,0,0,52,,,,
04574U,0,0,0,300,,,,
045776,0,0,0,-1,,,,
04579U,0,0,0,-1,,,,
04580U,0,0,0,49,,,,
04581U,0,0,0,4,,,,
04582U,0,0,0,-54,,,,
04585U,0,0,0,2,,,,
04587U,0,0,0,40,,,,
04589U,0,0,0,-22,,,,
045966,0,0,0,-10,,,,
045979,0,0,0,-30,,,,
04601U,0,0,0,-20,,,,
04603U,0,0,0,-5,,,,
04604U,0,0,0,84,,,,
04607U,0,0,0,-3,,,,
04609U,0,0,0,78,,,,
046147,0,0,0,-64,,,,
04614U,0,0,0,5,,,,
046165,0,0,0,85,,,,
046169,0,0,0,-74,,,,
04616U,0,0,0,-529,,,,
04618U,0,0,0,-5,,,,
04626U,0,0,0,0,,,,
04627U,0,0,0,167,,,,
04629U,0,0,0,18,,,,
04633U,0,0,0,-12,,,,
04638U,0,0,0,-100,,,,
04639U,0,0,0,150,,,,
04640U,0,0,0,10,,,,
046429,0,0,0,11,,,,
04642U,0,0,0,123,,,,
046445,0,0,0,40,,,,
04644U,0,0,0,203,,,,
04656U,0,0,0,-10,,,,
04657U,0,0,0,-40,,,,
04658U,0,0,0,-91,,,,
04663U,0,0,0,-7,,,,
04664U,0,0,0,40,,,,
04671U,0,0,0,26,,,,
046720,0,0,0,-10,,,,
04672U,0,0,0,-2,,,,
04675U,0,0,0,-30,,,,
04678U,0,0,0,-2,,,,
04686U,0,0,0,0,,,,
04687U,0,0,0,4,,,,
04688U,0,0,0,-2,,,,
046897,0,0,0,-9,,,,
04689U,0,0,0,71,,,,
046905,0,0,0,164,,,,
04692U,0,0,0,-80,,,,
04697U,0,0,0,-365,,,,
04701U,0,0,0,-5,,,,
04704U,0,0,0,-35,,,,
04705U,0,0,0,-24,,,,
047062,0,0,0,-100,,,,
04707U,0,0,0,-2,,,,
04708U,0,0,0,-12,,,,
04709U,0,0,0,-200,,,,
047101,0,0,0,-8,,,,
047108,0,0,0,7,,,,
04710U,0,0,0,-40,,,,
047110,0,0,0,0,,,,
047118,0,0,0,344,,,,
04711U,0,0,0,-390,,,,
047120,0,0,0,5,,,,
04712U,0,0,0,-8,,,,
04713U,0,0,0,-25,,,,
04716U,0,0,0,22,,,,
047243,0,0,0,50,,,,
04724U,0,0,0,22,,,,
04725U,0,0,0,0,,,,
047267,0,0,0,19,,,,
047268,0,0,0,-8,,,,
04734U,0,0,0,37,,,,
04739U,0,0,0,-26,,,,
04741U,0,0,0,11,,,,
04742U,0,0,0,0,,,,
047439,0,0,0,-10,,,,
04743U,0,0,0,1,,,,
04745U,0,0,120,0,,,,
04746U,0,0,0,-1,,,,
047495,0,0,0,17,,,,
04756U,0,0,0,129,,,,
047577,0,0,0,-275,,,,
04759U,0,0,0,100,,,,
04760U,0,0,0,-347,,,,
04761U,0,0,0,-10,,,,
04766U,0,0,0,-10,,,,
04772U,0,0,0,-100,,,,
047733,0,0,0,-1,,,,
04774U,0,0,0,1,,,,
04777U,0,0,0,-30,,,,
04783U,0,0,0,478,,,,
04785U,0,0,0,10,,,,
04786U,0,0,0,79,,,,
04788U,0,0,0,-135,,,,
04790U,0,0,0,-5,,,,
04792U,0,0,0,29,,,,
04801U,0,0,0,-185,,,,
04805U,0,0,0,-1,,,,
048068,0,0,0,52,,,,
04806U,0,0,0,20,,,,
048079,0,0,0,-118,,,,
04807U,0,0,0,6,,,,
04808U,0,0,0,-10,,,,
04811U,0,0,0,1,,,,
04818U,0,0,0,23,,,,
04820U,0,0,0,10,,,,
04824U,0,0,0,120,,,,
048254,0,0,0,536,,,,
04825U,0,0,0,-23,,,,
04826U,0,0,0,-81,,,,
04827U,0,0,0,230,,,,
04828U,0,0,0,-8,,,,
04831U,0,0,0,-1,,,,
04835U,0,0,0,600,,,,
048375,0,0,0,19,,,,
04839P,0,0,0,-8,,,,
04840U,0,0,0,350,,,,
04845U,0,0,0,55,,,,
048474,0,0,0,-609,,,,
048478,0,0,0,52,,,,
048479,0,0,0,-15,,,,
04847U,0,0,0,-33,,,,
04849U,0,0,0,-128,,,,
048514,0,0,0,-102,,,,
048515,0,0,0,-618,,,,
048522,0,0,0,-3,,,,
04852U,0,0,0,-20,,,,
04856U,0,0,0,-24,,,,
04857U,0,0,0,-6,,,,
048596,0,0,0,15,,,,
04859U,0,0,0,24,,,,
048632,0,0,0,26,,,,
04865U,0,0,0,-26,,,,
04869U,0,0,0,12,,,,
04872U,0,0,0,-15,,,,
04875U,0,0,0,162,,,,
048763,0,0,0,-47,,,,
048767,0,0,0,-462,,,,
048785,0,0,0,310,,,,
04885U,0,0,0,-200,,,,
048897,0,0,0,100,,,,
04889U,0,0,0,-100,,,,
04890U,0,0,0,-9,,,,
048910,0,0,0,99,,,,
048911,0,0,0,-1,,,,
04891U,0,0,0,-52,,,,
04894U,0,0,0,-1,,,,
048987,0,0,0,-3,,,,
048992,0,0,0,-82,,,,
04899U,0,0,0,-32,,,,
04900U,0,0,0,-5,,,,
04901U,0,0,0,-20,,,,
04908U,0,0,0,110,,,,
04915U,0,0,0,-40,,,,
049173,0,0,0,5,,,,
04917U,0,0,0,100,,,,
04918U,0,0,0,-40,,,,
04921U,0,0,0,-10,,,,
04923U,0,0,0,56,,,,
04926U,0,0,0,109,,,,
04929U,0,0,0,-67,,,,
049317,0,0,0,1,,,,
049318,0,0,0,-68,,,,
04931U,0,0,0,-352,,,,
04935U,0,0,0,-25,,,,
04936U,0,0,0,55,,,,
04938U,0,0,0,-75,,,,
04941U,0,0,0,200,,,,
049420,0,0,0,-106,,,,
04952U,0,0,0,5,,,,
04953U,0,0,0,25,,,,
04956U,0,0,0,34,,,,
049584,0,0,0,-176,,,,
04958U,0,0,0,24,,,,
04964U,0,0,0,1,,,,
04969U,0,0,0,9,,,,
049709,0,0,0,-147,,,,
04970U,0,0,0,-242,,,,
04978U,0,0,0,-5,,,,
04979U,0,0,0,-72,,,,
04984U,0,0,0,-113,,,,
04985U,0,0,0,-200,,,,
049866,0,0,0,101,,,,
049872,0,0,0,-61,,,,
049873,0,0,0,-217,,,,
049874,0,0,0,-139,,,,
049875,0,0,0,32,,,,
049876,0,0,0,-27,,,,
049877,0,0,0,-201,,,,
049878,0,0,0,100,,,,
049881,0,0,0,-122,,,,
04988U,0,0,0,-311,,,,
049897,0,0,0,-10,,,,
04989U,0,0,0,-186,,,,
04990U,0,0,0,14,,,,
04992U,0,0,0,-25,,,,
04997U,0,0,0,-6,,,,
05001U,0,0,0,-100,,,,
05005U,0,0,0,-30,,,,
05006U,0,0,0,40,,,,
05008U,0,0,0,300,,,,
05009U,0,0,0,77,,,,
05011U,0,0,0,-10,,,,
05015U,0,0,0,429,,,,
05019U,0,0,0,-50,,,,
05021U,0,0,0,19,,,,
05023U,0,0,0,-7,,,,
05025U,0,0,0,-1,,,,
050276,0,0,0,-339,,,,
050277,0,0,0,-100,,,,
050305,0,0,0,-53,,,,
050306,0,0,0,1,,,,
050308,0,0,0,4,,,,
050309,0,0,0,-1,,,,
05030U,0,0,0,-7,,,,
050315,0,0,0,6,,,,
05031U,0,0,0,265,,,,
05032U,0,0,0,26,,,,
05035U,0,0,0,10,,,,
050383,0,0,0,-2,,,,
05039U,0,0,0,1,,,,
05041U,0,0,0,-30,,,,
05043U,0,0,0,-25,,,,
05045U,0,0,0,-30,,,,
05047U,0,0,0,0,,,,
05050U,0,0,0,31,,,,
05053U,0,0,0,39,,,,
05057U,0,0,0,5,,,,
05058U,0,0,0,-400,,,,
05064U,0,0,0,-59,,,,
05068U,0,0,0,-24,,,,
05069U,0,0,0,50,,,,
05070U,0,0,0,10,,,,
05072U,0,0,0,281,,,,
05079U,0,0,0,9,,,,
05080U,0,0,0,25,,,,
05081U,0,0,0,34,,,,
05082U,0,0,0,5,,,,
050834,0,0,0,-9,,,,
050835,0,0,0,-250,,,,
050838,0,0,0,0,,,,
05084U,0,0,0,-69,,,,
05085U,0,0,0,-120,,,,
05086U,0,0,0,539,,,,
050926,0,0,0,-5,,,,
05095U,0,0,0,743,,,,
05096U,0,0,0,20,,,,
05097U,0,0,0,8,,,,
05099U,0,0,0,-27,,,,
05102U,0,0,0,-4,,,,
05104U,0,0,0,-1,,,,
05105U,0,0,0,-60,,,,
05109U,0,0,0,-50,,,,
05113U,0,0,0,-149,,,,
05115U,0,0,0,9,,,,
05116U,0,0,0,13,,,,
05119U,10,0,0,-45,,,,
05120U,0,0,0,-89,,,,
05121U,0,0,0,10,,,,
05126U,0,0,0,-4,,,,
05128U,0,0,0,33,,,,
05129U,0,0,0,125,,,,
05130U,0,0,0,-17,,,,
05131U,0,0,0,-15,,,,
05132U,0,0,0,-311,,,,
05137U,0,0,0,-62,,,,
051415,0,0,0,20,,,,
051416,0,0,0,339,,,,
051417,0,0,0,10,,,,
05141U,0,0,0,6,,,,
05142U,0,0,0,239,,,,
05148U,0,0,0,21,,,,
05153U,0,0,0,44,,,,
051565,0,0,0,5,,,,
05157U,0,0,0,400,,,,
051593,0,0,0,6,,,,
051594,0,0,0,-20,,,,
051595,0,0,0,-271,,,,
05159U,0,0,0,-139,,,,
05161U,0,0,0,-96,,,,
05162U,0,0,0,-20,,,,
05165U,0,0,0,2,,,,
05166U,0,0,0,41,,,,
051699,0,0,0,427,,,,
05171U,0,0,0,-43,,,,
05173U,0,0,0,-3,,,,
051775,0,0,0,-9,,,,
05177U,0,0,0,-3,,,,
05179U,0,0,0,-83,,,,
05181U,0,0,0,149,,,,
05182U,0,0,0,130,,,,
05188U,0,0,0,-18,,,,
05189U,0,0,0,18,,,,
05190U,0,0,0,-13,,,,
05192U,0,0,0,-1,,,,
051934,0,0,0,0,,,,
051937,0,0,0,-204,,,,
051939,0,0,0,254,,,,
05193U,0,0,0,-89,,,,
05194U,0,0,0,43,,,,
05196U,0,0,0,10,,,,
05197U,0,0,0,50,,,,
05198U,0,0,0,-4,,,,
05203U,0,0,0,77,,,,
05205U,0,0,0,41,,,,
05206U,0,0,0,-230,,,,
05207U,0,0,0,-4,,,,
052122,0,0,0,-162,,,,
052123,0,0,0,-43,,,,
05212U,0,0,0,594,,,,
05213U,0,0,0,-115,,,,
05217U,0,0,0,20,,,,
05219U,0,0,0,-5,,,,
05221U,0,0,0,286,,,,
05224U,0,0,0,-5,,,,
05225U,0,0,0,-51,,,,
05226U,0,0,0,25,,,,
05229U,0,0,0,-96,,,,
05230U,0,0,0,-52,,,,
05232P,0,0,0,-54,,,,
05233U,0,0,0,17,,,,
05245U,0,0,0,-14,,,,
05246U,0,0,0,-80,,,,
05247U,0,0,0,-16,,,,
05248U,0,0,0,-15,,,,
05249U,0,0,0,-5,,,,
05250U,0,0,0,-38,,,,
052512,0,0,0,-103,,,,
052517,0,0,0,-43,,,,
052518,0,0,0,40,,,,
05256U,0,0,0,40,,,,
05257U,0,0,0,-1,,,,
05259U,0,0,0,-5,,,,
05260U,0,0,0,-57,,,,
05263U,0,0,0,-5,,,,
05264U,0,0,0,3,,,,
05269U,0,0,0,400,,,,
05271U,0,0,0,-50,,,,
052735,0,0,0,-4,,,,
05273U,0,0,0,238,,,,
05276U,0,0,0,1,,,,
05277U,0,0,0,-175,,,,
052784,0,0,0,6,,,,
05278U,0,0,0,-88,,,,
052794,0,0,0,96,,,,
052795,0,0,0,177,,,,
05281U,0,0,0,-68,,,,
05282U,0,0,0,200,,,,
05283U,0,0,0,-61,,,,
05284U,0,0,0,6,,,,
05285U,0,0,0,-82,,,,
05289U,0,0,0,150,,,,
05292U,0,0,0,47,,,,
05294U,0,0,0,74,,,,
05295U,0,0,0,-10,,,,
05296U,0,0,0,199,,,,
05298U,0,0,0,-26,,,,
05299U,0,0,0,123,,,,
053006,0,0,0,-317,,,,
05300U,0,0,0,22,,,,
053010,0,0,0,10,,,,
05303U,0,0,0,32,,,,
05305U,0,0,0,-125,,,,
05307U,0,0,0,82,,,,
053106,0,0,0,7,,,,
05311U,0,0,0,2,,,,
05315U,0,0,0,-6,,,,
05321U,0,0,0,-2,,,,
05322U,0,0,0,11,,,,
05323U,0,0,0,-16,,,,
05326U,0,0,0,-1,,,,
05327U,0,0,0,20,,,,
05332U,0,0,0,-72,,,,
05333U,0,0,0,5,,,,
053356,0,0,0,16,,,,
053357,0,0,0,14,,,,
05335U,0,0,0,-97,,,,
053365,0,0,0,-263,,,,
05339U,0,0,0,15,,,,
053433,0,0,0,70,,,,
05343U,0,0,0,117,,,,
05344U,0,0,0,-1,,,,
05345U,0,0,0,69,,,,
05348U,0,0,0,37,,,,
05349U,0,0,0,6,,,,
05350U,0,0,0,-60,,,,
05355U,0,0,0,878,,,,
053584,0,0,0,15,,,,
053595,0,0,0,-2,,,,
05360U,0,0,0,40,,,,
05361U,0,0,0,154,,,,
05363U,0,0,0,-73,,,,
05364U,0,0,0,-36,,,,
053666,0,0,0,-574,,,,
05368U,0,0,0,201,,,,
05369U,0,0,0,-205,,,,
05371U,0,0,0,4,,,,
053730,0,0,0,-30,,,,
05377U,0,0,0,-185,,,,
05378U,0,0,0,-127,,,,
05379U,0,0,0,-140,,,,
05381U,0,0,0,2,,,,
05384U,0,0,0,-10,,,,
05387U,0,0,0,0,,,,
05388U,0,0,0,250,,,,
05395U,0,0,0,-47,,,,
05396U,0,0,0,62,,,,
05397U,0,0,0,-15,,,,
05400U,0,0,0,-73,,,,
054021,0,0,0,-27,,,,
05404U,0,0,0,4,,,,
05406U,0,0,0,-84,,,,
054086,0,0,0,50,,,,
05408U,0,0,0,-87,,,,
05409U,0,0,0,225,,,,
05410U,0,0,0,-2,,,,
05418U,0,0,0,-28,,,,
05419U,0,0,0,-10,,,,
05423U,0,0,0,-630,,,,
05424U,0,0,0,-20,,,,
05428U,0,0,0,57,,,,
05430U,0,0,0,-11,,,,
05432U,0,0,0,-69,,,,
05434U,0,0,0,-25,,,,
054366,0,0,0,52,,,,
054367,0,0,0,-50,,,,
05436U,0,0,0,46,,,,
054371,0,0,0,3,,,,
05439U,0,0,0,-338,,,,
05442U,0,0,0,-100,,,,
05444U,0,0,0,-13,,,,
05447U,0,0,0,297,,,,
05448U,0,0,0,-10,,,,
05450U,0,0,0,32,,,,
05455U,0,0,0,-69,,,,
05456U,0,0,0,-16,,,,
054573,0,0,0,1,,,,
05458U,0,0,0,-4,,,,
05460U,0,0,0,-20,,,,
05462U,0,0,0,-169,,,,
05467U,0,0,0,-66,,,,
05468U,0,0,0,108,,,,
05470U,0,0,0,-26,,,,
054717,0,0,0,-453,,,,
054718,0,0,0,-10,,,,
05471U,0,0,0,-66,,,,
05472U,0,0,0,-30,,,,
054746,0,0,0,-57,,,,
05479U,0,0,0,-35,,,,
05480U,0,0,0,-16,,,,
054902,0,0,0,30,,,,
05494U,0,0,0,-49,,,,
05495U,0,0,0,20,,,,
05496U,0,0,0,-1,,,,
05500U,0,0,0,-5,,,,
05504U,0,0,0,90,,,,
05506U,0,0,0,10,,,,
05507U,0,0,0,-200,,,,
05508U,0,0,0,6,,,,
05514U,0,0,0,-5,,,,
05516U,0,0,0,56,,,,
05517U,0,0,0,52,,,,
05519U,0,0,0,55,,,,
055203,0,0,0,-66,,,,
05521U,0,0,0,45,,,,
05522U,0,0,0,140,,,,
05523U,0,0,0,142,,,,
05524U,0,0,0,-1,,,,
05528U,0,0,0,-10,,,,
05529U,0,0,0,17,,,,
05530U,0,0,0,51,,,,
05532U,0,0,0,153,,,,
055352,0,0,0,20,,,,
05540U,0,0,0,-20,,,,
05541U,0,0,0,-16,,,,
055441,0,0,0,-190,,,,
05546U,0,0,0,-3,,,,
05548U,0,0,0,80,,,,
055568,0,0,0,-65,,,,
05558U,0,0,0,35,,,,
05559U,0,0,0,-100,,,,
05561U,0,0,0,-831,,,,
05563U,0,0,0,782,,,,
05565U,0,0,0,51,,,,
05574U,0,0,0,-2,,,,
05575U,0,0,0,20,,,,
05578U,0,0,0,-200,,,,
05579U,0,0,0,40,,,,
055812,0,0,0,-39,,,,
05582U,0,0,0,-40,,,,
05585U,0,0,0,20,,,,
05586U,0,0,0,1,,,,
05593U,0,0,0,2,,,,
05597U,0,0,0,-13,,,,
05599U,0,0,0,-30,,,,
05600U,0,0,0,-92,,,,
05603U,0,0,0,21,,,,
05604U,0,0,0,2,,,,
05606U,0,0,0,15,,,,
056089,0,0,0,10,,,,
05608U,0,0,0,-160,,,,
05609U,0,0,0,100,,,,
05611U,0,0,0,-20,,,,
05612U,0,0,0,-5,,,,
056138,0,0,0,0,,,,
05613U,0,0,0,-36,,,,
05617U,0,0,0,-20,,,,
05618U,0,0,0,-20,,,,
05619U,0,0,0,13,,,,
05621U,0,0,0,-6,,,,
05623U,0,0,0,1,,,,
05627U,0,0,0,-55,,,,
056291,0,0,0,-110,,,,
05630U,0,0,0,30,,,,
05631U,0,0,0,6,,,,
05632U,0,0,0,-5,,,,
05633U,0,0,0,-46,,,,
05634U,0,0,0,35,,,,
05637U,0,0,0,-5,,,,
05640U,0,0,0,700,,,,
05642U,0,0,0,60,,,,
056445,0,0,0,-1,,,,
05644U,0,0,0,-20,,,,
05645U,0,0,0,0,,,,
05647U,0,0,0,-1338,,,,
05650U,0,0,0,1,,,,
05651U,0,0,0,-73,,,,
05652U,0,0,0,5,,,,
05656U,0,0,0,61,,,,
05657U,0,0,0,29,,,,
05658U,0,0,0,-3,,,,
05663U,0,0,0,120,,,,
05664U,0,0,0,25,,,,
05668U,0,0,0,2,,,,
05669U,0,0,0,30,,,,
05672U,0,0,0,136,,,,
05674U,0,0,0,-5,,,,
05675U,0,0,0,1,,,,
05676U,0,0,0,1,,,,
05678U,0,0,0,-3,,,,
056818,0,0,0,-32,,,,
056821,0,0,0,-7,,,,
05689U,0,0,0,23,,,,
05690U,0,0,0,-10,,,,
05692U,0,0,0,-2,,,,
05693U,0,0,0,30,,,,
05694U,0,0,0,3,,,,
05700U,0,0,0,74,,,,
05702U,0,0,0,1040,,,,
05703U,0,0,0,5,,,,
05709U,0,0,0,-30,,,,
05710U,0,0,0,15,,,,
05711U,0,0,0,-27,,,,
05718U,0,0,0,180,,,,
057218,0,0,0,-173,,,,
057232,0,0,0,4,,,,
05723U,0,0,0,6,,,,
05724U,0,0,0,91,,,,
05725U,0,0,0,-20,,,,
05726U,0,0,0,-35,,,,
05729U,0,0,0,-33,,,,
05733U,0,0,0,-121,,,,
057380,0,0,0,-20,,,,
057386,0,0,0,-45,,,,
05738U,0,0,0,-17,,,,
057390,0,0,0,40,,,,
05742U,0,0,0,276,,,,
05743U,0,0,0,-2,,,,
05745U,0,0,0,-72,,,,
05746U,0,0,0,-83,,,,
05747U,0,0,0,-67,,,,
05751U,0,0,0,-155,,,,
05757U,0,0,0,-11,,,,
05758U,0,0,0,-186,,,,
05763U,0,0,0,34,,,,
05764U,0,0,0,-39,,,,
057674,0,0,0,13,,,,
057675,0,0,0,-5,,,,
057688,0,0,0,-36,,,,
05768U,0,0,0,-45,,,,
05769U,0,0,0,225,,,,
05772U,0,0,0,-10,,,,
05774U,0,0,0,800,,,,
05777U,0,0,0,-137,,,,
05778U,0,0,0,7,,,,
057918,0,0,0,37,,,,
057922,0,0,0,-56,,,,
05792U,0,0,0,1,,,,
057947,0,0,0,-7,,,,
05797U,0,0,0,-12,,,,
05801U,0,0,0,0,,,,
058040,0,0,0,90,,,,
05809U,0,0,0,60,,,,
05812U,0,0,0,38,,,,
058196,0,0,0,7,,,,
05819U,0,0,0,-57,,,,
05821U,0,0,0,-80,,,,
058228,0,0,0,400,,,,
058233,0,0,0,-1358,,,,
05823U,0,0,0,-30,,,,
05824U,0,0,0,5,,,,
05825U,0,0,0,2,,,,
058266,0,0,0,-272,,,,
058318,0,0,0,-30,,,,
05831U,0,0,0,0,,,,
05833U,0,0,0,-663,,,,
05835U,0,0,0,680,,,,
05836U,0,0,0,-44,,,,
058378,0,0,0,2,,,,
05837U,0,0,0,27,,,,
05838U,0,0,0,32,,,,
05839U,0,0,0,-1,,,,
05840U,0,0,0,11,,,,
05841U,0,0,0,-56,,,,
058424,0,0,0,25,,,,
058427,0,0,0,-358,,,,
058429,0,0,0,1,,,,
058434,0,0,0,28,,,,
05845U,0,0,0,-2,,,,
05847U,0,0,0,4,,,,
05850U,0,0,0,137,,,,
05851U,0,0,0,-25,,,,
05854U,0,0,0,174,,,,
05855U,0,0,0,10,,,,
05857U,0,0,0,-64,,,,
05859U,0,0,0,-61,,,,
05860U,0,0,0,55,,,,
058620,0,0,0,75,,,,
05863U,0,0,0,1,,,,
05866U,0,0,0,-10,,,,
058675,0,0,0,1,,,,
05867U,0,0,0,-17,,,,
05868U,0,0,0,-49,,,,
05869U,0,0,0,1,,,,
05870U,0,0,0,15,,,,
058718,0,0,0,10,,,,
05871U,0,0,0,-15,,,,
05872U,0,0,0,-10,,,,
05873U,0,0,0,-158,,,,
05874U,0,0,0,-10,,,,
05875U,0,0,0,-32,,,,
05880U,0,0,0,-3,,,,
05882U,0,0,0,184,,,,
05883U,0,0,0,-56,,,,
05888U,0,0,0,177,,,,
058905,0,0,0,510,,,,
05894U,0,0,0,365,,,,
05897U,0,0,0,-307,,,,
05899U,0,0,0,64,,,,
05900U,0,0,0,62,,,,
059016,0,0,0,-529,,,,
05901U,0,0,0,80,,,,
05902U,0,0,0,-351,,,,
059039,0,0,0,-1,,,,
05903U,0,0,0,3,,,,
05904U,0,0,0,-10,,,,
059055,0,0,0,-30,,,,
059057,0,0,0,-111,,,,
05905U,0,0,0,78,,,,
05910U,0,0,0,-10,,,,
059113,0,0,0,-4,,,,
05911U,0,0,0,-42,,,,
05913U,0,0,0,754,,,,
05914U,0,0,0,-17,,,,
05916U,0,0,0,-1,,,,
05917U,0,0,0,3,,,,
059188,0,0,0,50,,,,
05919U,0,0,0,30,,,,
05922U,0,0,0,20,,,,
05923U,0,0,0,-4,,,,
059245,0,0,0,-11,,,,
059247,0,0,0,-265,,,,
059254,0,0,0,59,,,,
05926U,0,0,0,20,,,,
059324,0,0,0,10,,,,
05934U,0,0,0,-1,,,,
059397,0,0,0,-167,,,,
05939U,0,0,0,1,,,,
059406,0,0,0,10,,,,
05940U,0,0,0,11,,,,
05944U,0,0,0,-6,,,,
05948U,0,0,0,-35,,,,
059578,0,0,0,40,,,,
059600,0,0,0,-15,,,,
059623,0,0,0,-17,,,,
05964U,0,0,0,5,,,,
05965U,0,0,0,-285,,,,
05966U,0,0,0,-5,,,,
059688,0,0,0,100,,,,
05969U,0,0,0,-18,,,,
059706,0,0,0,198,,,,
05970U,0,0,0,5,,,,
05971U,0,0,0,-10,,,,
05972U,0,0,0,-76,,,,
05973U,0,0,0,20,,,,
05974U,0,0,0,-2,,,,
05977U,0,0,0,-10,,,,
05979U,0,0,0,-5,,,,
05982U,0,0,0,-270,,,,
05983U,0,0,0,46,,,,
05984U,0,0,0,41,,,,
059856,0,0,0,-1,,,,
05985U,0,0,0,43,,,,
05987U,0,0,0,-543,,,,
05988P,0,0,0,-3,,,,
05988U,0,0,0,-20,,,,
05994U,0,0,0,10,,,,
05995U,0,0,0,66,,,,
05996U,0,0,0,-40,,,,
05999U,0,0,0,110,,,,
06002U,100,0,0,-110,,,,
06003U,0,0,0,-100,,,,
06005U,0,0,0,-16,,,,
06006U,0,0,0,31,,,,
06007U,0,0,0,10,,,,
06008U,0,0,0,30,,,,
06009U,0,0,0,-1976,,,,
06011U,0,0,0,-567,,,,
06012U,0,0,0,2,,,,
06013U,0,0,0,130,,,,
06016U,0,0,0,-68,,,,
06019U,0,0,0,264,,,,
06020U,0,0,0,202,,,,
060220,0,0,0,20,,,,
06023U,0,0,0,-10,,,,
06024U,0,0,0,-58,,,,
06027U,0,0,0,-50,,,,
06028U,0,0,0,32,,,,
06029U,0,0,0,18,,,,
060306,0,0,0,-1,,,,
060324,0,0,0,40,,,,
060325,0,0,0,-10,,,,
060326,0,0,0,150,,,,
060327,0,0,0,499,,,,
06035U,0,0,0,10,,,,
06036U,0,0,0,-202,,,,
06037U,0,0,0,44,,,,
06041U,0,0,0,549,,,,
06043U,0,0,0,-6,,,,
06044U,0,0,0,-2,,,,
06045U,0,0,0,-935,,,,
06046U,0,0,0,-142,,,,
060470,0,0,0,-10,,,,
060472,0,0,0,-57,,,,
06047U,0,0,0,-548,,,,
06048U,0,0,0,-297,,,,
06049U,0,0,0,0,,,,
06051U,0,0,0,-30,,,,
06055U,0,0,0,-8,,,,
06056U,0,0,0,20,,,,
06059U,0,0,0,-60,,,,
060609,0,0,0,1,,,,
06060U,0,0,0,-81,,,,
06062U,0,0,0,-10,,,,
06064U,0,0,0,10,,,,
06066U,0,0,0,-22,,,,
06067U,0,0,0,-70,,,,
06068U,0,0,60,-60,,,,
060703,0,0,0,-65,,,,
06070U,0,0,0,-12,,,,
06076U,0,0,0,50,,,,
06077U,0,0,0,201,,,,
06081U,0,0,0,30,,,,
06082U,0,0,0,-16,,,,
060849,0,0,0,-64,,,,
06084U,0,0,0,-55,,,,
06086U,0,0,0,-1,,,,
06087U,0,0,0,16,,,,
06088U,0,0,0,-10,,,,
06089U,0,0,0,13,,,,
06091U,0,0,0,172,,,,
06092U,0,0,0,-1,,,,
06093U,0,0,0,1,,,,
06094U,0,0,0,-10,,,,
060964,0,0,0,0,,,,
06101U,0,0,0,-184,,,,
061028,0,0,0,-34,,,,
06103U,0,0,0,2,,,,
06105U,0,0,0,-80,,,,
061071,0,0,0,-158,,,,
06107U,0,0,0,7,,,,
06109U,0,0,0,-259,,,,
06112U,0,0,0,66,,,,
061135,0,0,0,11,,,,
06113U,0,0,0,-21,,,,
06114U,0,0,0,-67,,,,
061158,0,0,0,13,,,,
06115U,0,0,0,-10,,,,
06117U,0,0,0,-75,,,,
06120U,0,0,0,7,,,,
06121U,0,0,0,-50,,,,
061232,0,0,0,95,,,,
06123U,0,0,0,-4,,,,
06124U,0,0,0,33,,,,
06128U,0,0,0,28,,,,
06129U,0,0,0,-1,,,,
06131U,0,0,0,25,,,,
061325,0,0,0,35,,,,
06132U,0,0,0,209,,,,
06133U,0,0,0,-30,,,,
06134U,0,0,0,-10,,,,
06135U,0,0,0,61,,,,
06136U,0,0,0,2,,,,
06140U,0,0,0,9,,,,
06142U,0,0,0,35,,,,
061431,0,0,0,162,,,,
06143U,0,0,0,-15,,,,
06144U,0,0,0,-44,,,,
06145U,0,0,0,-20,,,,
061466,0,0,0,42,,,,
06147U,0,0,0,-1,,,,
06149U,0,0,0,-25,,,,
061504,0,0,0,5,,,,
06150U,0,0,0,79,,,,
06151U,0,0,0,9,,,,
06152U,0,0,0,1,,,,
06153U,0,0,0,-74,,,,
06160U,0,0,0,-10,,,,
06162U,0,0,0,-5,,,,
06164U,0,0,0,-9,,,,
06165U,0,0,0,334,,,,
06166U,0,0,0,105,,,,
061680,0,0,0,40,,,,
06170U,0,0,0,75,,,,
06171U,0,0,0,198,,,,
06176U,0,0,0,10,,,,
06177P,0,0,0,20,,,,
06179U,0,0,0,-482,,,,
06181U,0,0,0,-354,,,,
06185U,0,0,0,5,,,,
061871,0,0,0,-26,,,,
06187U,0,0,0,-1,,,,
06188U,0,0,0,4,,,,
06190U,0,0,0,-10,,,,
06191U,0,0,0,-4,,,,
06192U,0,0,0,150,,,,
06194U,0,0,0,-3,,,,
06196U,0,0,0,27,,,,
06197P,0,0,0,-2,,,,
061994,0,0,0,20,,,,
06199U,0,0,0,63,,,,
06201U,0,0,0,-67,,,,
06202U,0,0,0,10,,,,
06204U,0,0,0,-10,,,,
06205U,0,0,0,190,,,,
06206U,0,0,0,-25,,,,
06209U,0,0,0,40,,,,
06210U,0,0,0,61,,,,
06212U,0,0,0,1,,,,
06213U,0,0,0,-30,,,,
06219U,0,0,0,-62,,,,
06221U,0,0,0,15,,,,
062232,0,0,0,-109,,,,
06223U,0,0,0,9,,,,
06226U,0,0,0,24,,,,
06228U,0,0,0,0,,,,
06231U,0,0,0,-3,,,,
062353,0,0,0,56,,,,
06235U,0,0,0,1,,,,
06236U,0,0,0,-30,,,,
06238U,0,0,0,-5,,,,
06239U,0,0,0,0,,,,
06241U,0,0,0,41,,,,
06244U,0,0,0,11,,,,
062451,0,0,0,-1,,,,
062452,0,0,0,-11,,,,
062453,0,0,0,-2,,,,
06245U,0,0,0,0,,,,
06246U,0,0,0,11,,,,
062486,0,0,0,-25,,,,
062487,0,0,0,138,,,,
062488,0,0,0,15,,,,
06248U,0,0,0,41,,,,
062490,0,0,0,60,,,,
062491,0,0,0,105,,,,
062492,0,0,0,-100,,,,
06249U,0,0,0,-47,,,,
06250U,0,0,0,-20,,,,
062510,0,0,0,3,,,,
062511,0,0,0,45,,,,
06252U,0,0,0,-13,,,,
06253U,0,0,0,-64,,,,
06256P,0,0,0,-80,,,,
06256U,0,0,0,-15,,,,
062572,0,0,0,-40,,,,
062573,0,0,0,-140,,,,
06258U,0,0,0,-10,,,,
062595,0,0,0,30,,,,
06259U,0,0,0,-120,,,,
06260U,0,0,0,94,,,,
06261U,0,0,0,167,,,,
06262U,0,0,0,189,,,,
06263U,0,0,0,48,,,,
06264U,0,0,0,-4,,,,
06265U,0,0,0,60,,,,
06267U,0,0,0,-1,,,,
062683,0,0,0,-41,,,,
062684,0,0,0,513,,,,
06268U,0,0,0,58,,,,
06269U,0,0,0,210,,,,
062700,0,0,0,7,,,,
062701,0,0,0,-10,,,,
06270U,0,0,0,86,,,,
062713,0,0,0,46,,,,
06271U,0,0,0,1,,,,
06272U,0,0,0,24,,,,
062734,0,0,0,0,,,,
06274U,0,0,0,-15,,,,
06277U,0,0,0,30,,,,
062790,0,0,0,3,,,,
062791,0,0,0,6,,,,
062805,0,0,0,498,,,,
062824,0,0,0,105,,,,
06282U,0,0,0,-162,,,,
06283U,0,0,0,-13,,,,
062848,0,0,0,1,,,,
06284U,0,0,0,-20,,,,
06285U,0,0,0,51,,,,
062871,0,0,0,275,,,,
06287U,0,0,0,14,,,,
06288U,0,0,0,999,,,,
062891,0,0,0,-253,,,,
062907,0,0,0,-10,,,,
06290U,0,0,0,-25,,,,
06291U,0,0,0,-75,,,,
062945,0,0,0,-11,,,,
06295U,0,0,0,1,,,,
06296U,0,0,0,318,,,,
06297U,0,0,0,-2,,,,
06298U,0,0,0,341,,,,
06299U,0,0,0,-246,,,,
06300U,0,0,0,7,,,,
06301U,0,0,0,-2,,,,
06302U,0,0,0,200,,,,
06303U,0,0,0,60,,,,
06304U,0,0,0,10,,,,
06305U,0,0,0,254,,,,
06306U,0,0,0,-248,,,,
063077,0,0,0,-10,,,,
063079,0,0,0,-177,,,,
06307U,0,0,0,12,,,,
06308U,0,0,0,10,,,,
06311U,0,0,0,16,,,,
06313U,0,0,0,-390,,,,
06314U,0,0,0,-123,,,,
06315U,0,0,0,-148,,,,
063160,0,0,0,112,,,,
063164,0,0,0,-10,,,,
06316U,0,0,0,-30,,,,
06318U,0,0,0,-1,,,,
06319U,0,0,0,5,,,,
06320U,0,0,0,-4,,,,
063214,0,0,0,-10,,,,
063216,0,0,0,-5,,,,
06321U,0,0,0,1,,,,
06323U,0,0,0,-367,,,,
06326U,0,0,0,-18,,,,
063277,0,0,0,-10,,,,
063279,0,0,0,-10,,,,
06327U,0,0,0,40,,,,
063284,0,0,0,-35,,,,
06328U,0,0,0,-182,,,,
06329U,0,0,0,109,,,,
06330U,0,0,0,10,,,,
063311,0,0,0,90,,,,
06331U,0,0,0,17,,,,
06332U,0,0,0,101,,,,
06333U,0,0,0,230,,,,
063364,0,0,0,372,,,,
06336U,0,0,0,717,,,,
06339U,0,0,0,-20,,,,
06340U,0,0,0,-21,,,,
06341U,0,0,0,-3,,,,
06343U,0,0,0,26,,,,
06344U,0,0,0,-7,,,,
06345U,0,0,0,38,,,,
063497,0,0,0,7,,,,
063503,0,0,0,-197,,,,
06350U,0,0,0,-30,,,,
06352U,0,0,0,114,,,,
06353U,0,0,0,-20,,,,
063546,0,0,0,5,,,,
06354U,0,0,0,521,,,,
063561,0,0,0,-10,,,,
06356U,0,0,0,-23,,,,
06358U,0,0,0,65,,,,
06360U,0,0,0,-10,,,,
06362U,0,0,0,-5,,,,
06363U,0,0,0,58,,,,
06366U,0,0,0,-1,,,,
06367U,0,0,0,202,,,,
06368U,0,0,0,-22,,,,
063700,0,0,0,20,,,,
063708,0,0,0,-97,,,,
063712,0,0,0,-54,,,,
06371U,0,0,0,-1,,,,
06372U,0,0,0,9,,,,
06373U,0,0,0,-15,,,,
06374U,0,0,0,-962,,,,
06375U,0,0,0,-10,,,,
063760,0,0,0,-20,,,,
06378U,0,0,0,-85,,,,
063795,0,0,0,-44,,,,
06379U,0,0,0,-445,,,,
063802,0,0,0,5,,,,
06380U,0,0,0,90,,,,
06382U,0,0,0,-3,,,,
06383U,0,0,0,259,,,,
063841,0,0,0,-1,,,,
06384U,0,0,0,5,,,,
06385U,0,0,0,50,,,,
06387U,0,0,0,-35,,,,
06388U,0,0,0,4,,,,
06389U,0,0,0,-20,,,,
06390U,0,0,0,2,,,,
063910,0,0,0,2,,,,
063917,0,0,0,-21,,,,
063932,0,0,0,609,,,,
06393U,0,0,0,159,,,,
06394U,0,0,0,304,,,,
06395U,0,0,0,-374,,,,
063963,0,0,0,-6,,,,
06396U,0,0,0,-2,,,,
06397U,0,0,0,230,,,,
063986,0,0,0,2,,,,
06398U,0,0,0,200,,,,
063990,0,0,0,-23,,,,
06399U,0,0,0,255,,,,
06400U,0,0,0,-27,,,,
064020,0,0,0,0,,,,
06404U,0,0,0,179,,,,
06405U,0,0,0,3,,,,
06406U,0,0,0,87,,,,
064073,0,0,0,-999,,,,
06408U,0,0,0,203,,,,
06409U,0,0,0,-53,,,,
06413U,0,0,0,66,,,,
06414U,0,0,0,-10,,,,
06416U,0,0,0,88,,,,
064180,0,0,0,20,,,,
064181,0,0,0,25,,,,
06418U,0,0,0,2,,,,
06420U,0,0,0,-67,,,,
06422U,20,0,0,-11,,,,
06423U,0,0,0,-4,,,,
06424U,0,0,0,-20,,,,
06425U,0,0,0,45,,,,
06426U,0,0,0,0,,,,
06427U,0,0,0,3,,,,
06430U,0,0,0,-179,,,,
06432U,0,0,0,1986,,,,
06433U,0,0,0,-3,,,,
06435U,0,0,0,-34,,,,
06436U,0,0,0,-90,,,,
064374,0,0,0,0,,,,
064377,0,0,0,0,,,,
06437U,0,0,0,-1805,,,,
06438U,0,0,0,-170,,,,
06439U,0,0,0,-382,,,,
06440U,0,0,0,4,,,,
06441U,0,0,0,2,,,,
06442U,0,0,0,-60,,,,
06443U,0,0,0,4,,,,
06444U,0,0,0,87,,,,
064474,0,0,0,16,,,,
06447U,0,0,0,200,,,,
06451U,0,0,0,-41,,,,
06452U,0,0,0,2,,,,
06453U,0,0,0,256,,,,
064541,0,0,0,-179,,,,
06454U,0,0,0,-10,,,,
06455U,0,0,0,-12,,,,
06456U,0,0,0,-175,,,,
06457U,0,0,0,-4,,,,
064580,0,0,0,13,,,,
064584,0,0,0,1700,,,,
06458U,0,0,0,-48,,,,
064608,0,0,0,-1,,,,
06460U,0,0,0,25,,,,
06462U,0,0,0,-20,,,,
064631,0,0,0,-4,,,,
06463U,0,0,0,72,,,,
064641,0,0,0,-25,,,,
06464U,0,0,0,172,,,,
064662,0,0,0,10,,,,
06466U,0,0,0,10,,,,
06467U,0,0,0,7,,,,
064703,0,0,0,-191,,,,
06470U,0,0,0,-5,,,,
06471U,0,0,0,6,,,,
06472U,0,0,0,1,,,,
06473U,0,0,0,25,,,,
06474U,0,0,0,5,,,,
06475U,0,0,0,-3,,,,
064784,0,0,0,-200,,,,
06479U,0,0,0,-25,,,,
06480U,0,0,0,66,,,,
06481U,0,0,0,277,,,,
064827,0,0,0,-350,,,,
064829,0,0,0,-8,,,,
06482U,0,0,0,200,,,,
064838,0,0,0,-1,,,,
06485U,0,0,0,8,,,,
06486U,0,0,0,1226,,,,
06488U,0,0,0,-30,,,,
06489U,0,0,0,2,,,,
06490U,0,0,0,-20,,,,
06491U,0,0,0,-499,,,,
06493U,0,0,0,-59,,,,
06494U,0,0,0,-5,,,,
064974,0,0,0,1,,,,
06497U,0,0,0,-61,,,,
064982,0,0,0,53,,,,
064987,0,0,0,-65,,,,
064994,0,0,0,-142,,,,
06499U,0,0,0,-9,,,,
06500U,0,0,0,-26,,,,
06502U,0,0,0,-8,,,,
06506U,0,0,0,-150,,,,
065074,0,0,0,11,,,,
065076,0,0,0,98,,,,
06507U,0,0,0,47,,,,
06508U,0,0,0,12,,,,
06509U,0,0,0,-70,,,,
06510U,0,0,0,2,,,,
06511U,0,0,0,-19,,,,
06512U,0,0,0,-10,,,,
06513U,0,0,0,-5,,,,
06515U,0,0,0,94,,,,
06516U,0,0,0,40,,,,
065175,0,0,0,-100,,,,
06517U,0,0,0,200,,,,
06519U,0,0,0,15,,,,
06520U,0,0,0,-7,,,,
065223,0,0,0,-1,,,,
06522U,0,0,0,55,,,,
06524U,0,0,0,73,,,,
065256,0,0,0,9,,,,
06525U,0,0,0,-15,,,,
065260,0,0,0,1,,,,
065263,0,0,0,-86,,,,
065266,0,0,0,-138,,,,
065267,0,0,0,-95,,,,
065276,0,0,0,-167,,,,
06527U,0,0,0,14,,,,
06528U,0,0,0,-252,,,,
065291,0,0,0,50,,,,
065297,0,0,0,-30,,,,
065299,0,0,0,15,,,,
06529U,0,0,0,30,,,,
065301,0,0,0,-10,,,,
065302,0,0,0,-29,,,,
065304,0,0,0,1,,,,
065309,0,0,0,112,,,,
06530U,0,0,0,-3,,,,
065310,0,0,0,-8,,,,
065311,0,0,0,-99,,,,
065313,0,0,0,447,,,,
065314,0,0,0,-282,,,,
065316,0,0,0,-70,,,,
065320,0,0,0,19,,,,
06532U,0,0,0,60,,,,
065330,0,0,0,-84,,,,
065331,0,0,0,-97,,,,
065333,0,0,0,0,,,,
065334,0,0,0,197,,,,
065338,0,0,0,-5,,,,
065339,0,0,0,2,,,,
065340,0,0,0,250,,,,
06534U,0,0,0,-135,,,,
06535U,0,0,0,-20,,,,
06536U,0,0,0,56,,,,
06538U,0,0,0,-40,,,,
06539U,0,0,0,-448,,,,
065414,0,0,0,-100,,,,
06541U,0,0,0,0,,,,
06544U,0,0,0,-46,,,,
06545U,0,0,0,80,,,,
065466,0,0,0,-1,,,,
06546U,0,0,0,-19,,,,
06547U,0,0,0,-20,,,,
065487,0,0,0,-314,,,,
06548U,0,0,0,-116,,,,
06549U,0,0,0,-10,,,,
065509,0,0,0,-30,,,,
06550U,0,0,0,12,,,,
065515,0,0,0,-20,,,,
065516,0,0,0,-10,,,,
06551U,0,0,0,2,,,,
065525,0,0,0,10,,,,
065528,0,0,0,14,,,,
06552U,0,0,0,-20,,,,
065532,0,0,0,2,,,,
06553U,0,0,0,53,,,,
06555U,0,0,0,45,,,,
06556U,0,0,0,11,,,,
065586,0,0,0,-3,,,,
06559U,0,0,0,20,,,,
06560U,0,0,0,-4,,,,
06563U,0,0,0,2,,,,
065657,0,0,0,20,,,,
06565U,0,0,0,-45,,,,
06566U,0,0,0,-12,,,,
06567U,0,0,0,-20,,,,
065699,0,0,0,-48,,,,
06569U,0,0,0,-5,,,,
065709,0,0,0,-57,,,,
06570U,0,0,0,-2,,,,
06573U,0,0,0,141,,,,
06574U,0,0,0,3,,,,
06575U,0,0,0,-50,,,,
06577U,0,0,0,-200,,,,
06578U,0,0,0,277,,,,
06579U,0,0,0,-75,,,,
06580U,0,0,0,-38,,,,
065821,0,0,0,4,,,,
065822,0,0,0,-672,,,,
06582U,0,0,0,-3,,,,
065832,0,0,0,5,,,,
065837,0,0,0,100,,,,
06583U,0,0,0,-1,,,,
065845,0,0,0,200,,,,
065848,0,0,0,-102,,,,
065856,0,0,0,-60,,,,
06585U,0,0,0,-23,,,,
06586U,0,0,0,-252,,,,
065912,0,0,0,-1,,,,
06592U,0,0,0,-335,,,,
065932,0,0,0,30,,,,
065946,0,0,0,15,,,,
06597U,0,0,0,4,,,,
06600U,0,0,0,-3,,,,
06601U,0,0,0,-1,,,,
06603U,0,0,0,200,,,,
06605U,0,0,0,-223,,,,
06606U,0,0,0,-6,,,,
06609U,0,0,0,-5,,,,
06610U,-1600,0,0,2668,,,,
066119,0,0,0,-37,,,,
06611U,0,0,0,20,,,,
066120,0,0,0,-10,,,,
066121,0,0,0,-340,,,,
066132,0,0,0,124,,,,
066133,0,0,0,3,,,,
066141,0,0,0,-193,,,,
066146,0,0,0,-10,,,,
06614U,0,0,0,-10,,,,
066154,0,0,0,-195,,,,
06616U,0,0,0,20,,,,
06618U,0,0,0,1,,,,
066197,0,0,0,-29,,,,
06619U,0,0,0,-260,,,,
06621U,0,0,0,-83,,,,
06624U,0,0,0,-1,,,,
06625U,0,0,0,-4,,,,
066263,0,0,0,-101,,,,
06627U,0,0,0,-27,,,,
06629U,0,0,0,3,,,,
06630U,0,0,0,4,,,,
06631P,4,0,0,-4,,,,
06631U,0,0,0,1,,,,
06632U,0,0,0,-1,,,,
066356,0,0,0,1,,,,
06635U,0,0,0,6,,,,
066362,0,0,0,30,,,,
066368,0,0,0,-27,,,,
06636U,0,0,0,2,,,,
06637U,0,0,0,50,,,,
06638U,0,0,0,110,,,,
06639U,0,0,0,-61,,,,
06640U,0,0,0,-65,,,,
06641U,0,0,0,1,,,,
066422,0,0,0,10,,,,
066423,0,0,0,-53,,,,
066430,0,0,0,61,,,,
066433,0,0,0,-40,,,,
066435,0,0,0,54,,,,
066439,0,0,0,-5,,,,
066440,0,0,0,9,,,,
06644U,0,0,0,-10,,,,
066452,0,0,0,-104,,,,
06646U,0,0,0,-65,,,,
06647U,0,0,0,-1,,,,
06648U,0,0,0,107,,,,
066498,0,0,0,-20,,,,
06649U,0,0,0,-9,,,,
06650U,0,0,0,-41,,,,
06651U,0,0,0,101,,,,
066531,0,0,0,-5,,,,
06653U,0,0,0,-1,,,,
06655U,0,0,0,2,,,,
06657U,0,0,0,-51,,,,
06659U,0,0,0,77,,,,
06662U,0,0,0,-22,,,,
066630,0,0,0,94,,,,
066635,-5,0,0,5,,,,
06663U,0,0,0,-19,,,,
06664P,0,0,0,40,,,,
06664U,0,0,0,-5,,,,
066651,0,0,0,-109,,,,
066653,0,0,0,10,,,,
066654,0,0,0,-60,,,,
066657,0,0,0,2,,,,
06665U,0,0,0,60,,,,
066739,0,0,0,4,,,,
066740,0,0,0,-1,,,,
066752,0,0,0,270,,,,
06675U,0,0,0,-2,,,,
06676U,0,0,0,1084,,,,
066789,0,0,0,-31,,,,
06678U,0,0,0,10,,,,
066791,0,0,0,-10,,,,
066792,0,0,0,-1,,,,
066808,0,0,0,30,,,,
066812,0,0,0,1,,,,
066813,0,0,0,-18,,,,
066820,0,0,0,15,,,,
06683U,0,0,0,-70,,,,
06684U,0,0,0,-200,,,,
066852,0,0,0,2,,,,
06685U,0,0,0,72,,,,
066872,0,0,0,-5,,,,
06687U,0,0,0,-20,,,,
066885,0,0,0,50,,,,
066896,0,0,0,-1,,,,
06690U,0,0,0,17,,,,
06691U,0,0,0,121,,,,
066935,0,0,0,-235,,,,
06693U,0,0,0,10,,,,
066949,0,0,0,-118,,,,
06695U,0,0,0,5,,,,
06696U,0,0,0,10,,,,
06698U,0,0,0,-1,,,,
06699U,0,0,0,-25,,,,
06700U,0,0,0,219,,,,
067019,0,0,0,93,,,,
067021,0,0,0,-341,,,,
067022,0,0,0,-1,,,,
067023,0,0,0,-5,,,,
067026,0,0,0,-8,,,,
067028,0,0,0,0,,,,
067045,0,0,0,-64,,,,
067055,0,0,0,-1,,,,
06706U,0,0,0,-240,,,,
06707U,0,0,0,400,,,,
067095,0,0,0,24,,,,
06710U,0,0,0,72,,,,
06711U,0,0,0,-276,,,,
06712U,0,0,0,317,,,,
06713U,0,0,0,234,,,,
067141,0,0,0,20,,,,
067142,0,0,0,5,,,,
06714U,0,0,0,17,,,,
06715U,0,0,0,-2,,,,
06716U,0,0,0,-26,,,,
067171,0,0,0,10,,,,
067180,0,0,0,2,,,,
067184,0,0,0,0,,,,
067187,0,0,0,50,,,,
06718P,0,0,0,-5,,,,
06718U,0,0,0,-324,,,,
06719U,0,0,0,-88,,,,
06721U,0,0,0,179,,,,
067235,0,0,0,72,,,,
067239,0,0,0,-41,,,,
06726U,0,0,0,-230,,,,
06727U,0,0,0,-1,,,,
06728U,0,0,0,-200,,,,
06729U,0,0,0,259,,,,
06730U,0,0,0,5,,,,
06732U,0,0,0,-297,,,,
06733U,0,0,0,-2,,,,
067348,0,0,0,17,,,,
06734U,0,0,0,-11,,,,
067353,0,0,0,-3,,,,
06735U,0,0,0,-50,,,,
067389,0,0,0,-71,,,,
06739U,0,0,0,127,,,,
067405,0,0,0,-396,,,,
067406,0,0,0,-93,,,,
067407,0,0,0,-997,,,,
067408,0,0,0,-316,,,,
067409,0,0,0,1,,,,
06742U,0,0,0,1,,,,
06743U,0,0,0,-25,,,,
06744U,0,0,0,-90,,,,
06745U,0,0,0,8,,,,
06747U,0,0,0,2,,,,
06748U,0,0,0,-5,,,,
06749U,0,0,0,-3,,,,
06755U,0,0,0,10,,,,
06756U,0,0,0,-1,,,,
06757U,0,0,0,-20,,,,
067589,0,0,0,-4,,,,
06758U,0,0,0,-11,,,,
067595,0,0,0,-131,,,,
06759U,0,0,0,-11,,,,
06760U,0,0,0,-25,,,,
067616,0,0,0,101,,,,
067617,0,0,0,142,,,,
067618,0,0,0,55,,,,
067619,0,0,0,3,,,,
06761U,0,0,0,-73,,,,
067620,0,0,0,20,,,,
067621,0,0,0,-17,,,,
06762U,0,0,0,-60,,,,
067630,0,0,0,-152,,,,
067636,0,0,0,50,,,,
067637,0,0,0,-26,,,,
067644,0,0,0,-53,,,,
06764U,0,0,0,-15,,,,
067660,0,0,0,16,,,,
067663,0,0,0,1,,,,
06766U,0,0,0,-20,,,,
06767U,0,0,0,2,,,,
06768U,0,0,0,-1,,,,
06770U,0,0,0,-56,,,,
067759,0,0,0,-229,,,,
067768,0,0,0,-108,,,,
06777U,0,0,0,-5,,,,
06778P,0,0,0,-25,,,,
06778U,0,0,0,14,,,,
06779U,0,0,0,-6,,,,
067810,0,0,0,-3,,,,
06785U,0,0,0,-44,,,,
06786U,0,0,0,-8,,,,
067894,0,0,0,1,,,,
067896,0,0,0,1,,,,
067897,0,0,0,9,,,,
067898,0,0,0,-5,,,,
06789U,0,0,0,-20,,,,
06790U,0,0,0,-1,,,,
06793U,0,0,0,71,,,,
067959,0,0,0,2,,,,
067972,0,0,0,87,,,,
067974,0,0,0,-285,,,,
067978,0,0,0,-206,,,,
06797U,0,0,0,-337,,,,
067984,0,0,0,20,,,,
067993,0,0,0,59,,,,
06799U,0,0,0,-61,,,,
068042,0,0,0,-220,,,,
06805U,0,0,0,-8,,,,
068075,0,0,0,-54,,,,
068081,0,0,0,1,,,,
06808U,0,0,0,4,,,,
06809U,0,0,0,-4,,,,
06810U,0,0,0,-26,,,,
068115,0,0,0,10,,,,
06812U,0,0,0,0,,,,
06813U,0,0,0,-10,,,,
068148,0,0,0,-1,,,,
068149,0,0,0,-23,,,,
068150,0,0,0,-722,,,,
068153,0,0,0,10,,,,
068156,0,0,0,-10,,,,
068157,0,0,0,203,,,,
068158,0,0,0,156,,,,
068159,0,0,0,-41,,,,
06815U,0,0,0,85,,,,
068165,0,0,0,10,,,,
068166,0,0,0,3,,,,
068167,0,0,0,13,,,,
068169,0,0,0,-40,,,,
068171,0,0,0,5,,,,
068172,0,0,0,-18,,,,
068173,0,0,0,25,,,,
06817U,0,0,0,-262,,,,
068186,0,0,0,253,,,,
06820U,0,0,0,-4,,,,
068211,0,0,0,14,,,,
06824U,0,0,0,200,,,,
06825U,0,0,0,0,,,,
068263,0,0,0,0,,,,
06826U,0,0,0,1,,,,
06827U,0,0,0,3,,,,
068285,0,0,0,30,,,,
06828U,0,0,0,-287,,,,
068304,0,0,0,205,,,,
06832U,0,0,0,-67,,,,
06833P,0,0,0,-20,,,,
06833U,0,0,0,-677,,,,
068344,0,0,0,-327,,,,
06834U,0,0,0,-1,,,,
068353,0,0,0,125,,,,
068376,0,0,0,-2,,,,
068377,0,0,0,0,,,,
068378,0,0,0,1,,,,
068380,0,0,0,10,,,,
068381,0,0,0,-10,,,,
068382,0,0,0,-10,,,,
068386,0,0,0,-40,,,,
068388,0,0,0,-12,,,,
06838U,0,0,0,20,,,,
068391,0,0,0,-16,,,,
068393,0,0,0,-100,,,,
068394,0,0,0,103,,,,
068398,0,0,0,-70,,,,
068400,0,0,0,-200,,,,
068403,0,0,0,1,,,,
068404,0,0,0,625,,,,
068407,0,0,0,5,,,,
068408,0,0,0,0,,,,
06840U,0,0,0,1,,,,
068414,0,0,0,0,,,,
06841U,0,0,0,-26,,,,
06842U,0,0,0,-25,,,,
06843U,0,0,0,63,,,,
068449,0,0,0,8,,,,
06844U,0,0,0,2,,,,
06845U,0,0,0,-1307,,,,
068461,0,0,0,1,,,,
06846U,0,0,0,5,,,,
06847U,0,0,0,-95,,,,
06851U,0,0,0,-65,,,,
06852U,0,0,0,3,,,,
068549,0,0,0,605,,,,
068551,0,0,0,50,,,,
06855U,0,0,0,0,,,,
06856U,0,0,0,14,,,,
068573,0,0,0,0,,,,
068576,0,0,0,-29,,,,
06857U,0,0,0,0,,,,
06858U,0,0,0,-15,,,,
068592,0,0,0,36,,,,
068599,0,0,0,100,,,,
06859U,0,0,0,-13,,,,
068616,0,0,0,5,,,,
06861U,0,0,0,32,,,,
068639,0,0,0,-1,,,,
06863U,0,0,0,20,,,,
068642,0,0,0,2,,,,
068644,0,0,0,-345,,,,
068645,0,0,0,-49,,,,
068646,0,0,0,-100,,,,
068648,0,0,0,-55,,,,
068649,0,0,0,-24,,,,
068651,0,0,0,238,,,,
068652,0,0,0,-10,,,,
068655,0,0,0,-20,,,,
068657,0,0,0,8,,,,
068658,0,0,0,8,,,,
068659,0,0,0,-41,,,,
068660,0,0,0,-5,,,,
068661,0,0,0,-463,,,,
068662,0,0,0,-489,,,,
06866U,0,0,0,10,,,,
068672,0,0,0,-60,,,,
06867U,0,0,0,-46,,,,
068681,0,0,0,3,,,,
06868U,0,0,400,-405,,,,
06869U,0,0,0,51,,,,
06870U,0,0,0,219,,,,
06871U,0,0,0,-1,,,,
06872U,0,0,0,-2,,,,
06873U,0,0,0,2,,,,
06874U,0,0,0,9,,,,
06875U,0,0,0,-496,,,,
06877U,0,0,0,-60,,,,
06878U,0,0,0,26,,,,
06879U,0,0,0,619,,,,
06881U,0,0,0,-3,,,,
06882U,0,0,0,22,,,,
06883U,0,0,0,325,,,,
068845,0,0,0,-24,,,,
068849,0,0,0,70,,,,
06884U,0,0,0,29,,,,
068850,0,0,0,-35,,,,
06887U,0,0,0,34,,,,
06888U,0,0,0,5,,,,
06889U,0,0,0,-73,,,,
06891U,0,0,0,7,,,,
06894U,0,0,0,-85,,,,
06895U,0,0,0,-4,,,,
068968,0,0,0,-10,,,,
068969,0,0,0,30,,,,
06896U,0,0,0,8,,,,
06897U,0,0,0,-105,,,,
068981,0,0,0,5,,,,
068988,0,0,0,30,,,,
06900U,0,0,0,65,,,,
06901U,0,0,0,-13,,,,
069024,0,0,0,8,,,,
06902U,0,0,0,-30,,,,
06903U,0,0,0,-10,,,,
06905U,0,0,0,-200,,,,
06906U,0,0,0,149,,,,
06907U,0,0,0,-243,,,,
06908U,0,0,0,80,,,,
069099,0,0,0,-664,,,,
06909U,0,0,0,-2,,,,
06910U,0,0,0,2,,,,
06912U,0,0,0,-1,,,,
06913U,0,0,0,3,,,,
069157,0,0,0,2,,,,
069159,0,0,0,1,,,,
069167,0,0,0,-113,,,,
069169,0,0,0,819,,,,
06916U,0,0,0,-5,,,,
069170,0,0,0,-11,,,,
069173,0,0,0,172,,,,
069174,0,0,0,-119,,,,
069177,0,0,0,-1,,,,
069179,0,0,0,-4,,,,
06917U,0,0,0,-32,,,,
069180,0,0,0,-130,,,,
069185,0,0,0,157,,,,
06918U,0,0,0,-31,,,,
069194,0,0,0,-55,,,,
06919U,0,0,0,18,,,,
06921U,0,0,0,-70,,,,
069221,0,0,0,-84,,,,
069228,0,0,0,-2,,,,
06924U,0,0,0,150,,,,
06926U,0,0,0,6,,,,
06930U,0,0,0,-31,,,,
06932U,0,0,0,0,,,,
069339,0,0,0,12,,,,
06933U,0,0,0,-59,,,,
069357,0,0,0,-61,,,,
06935U,0,0,0,-37,,,,
06936U,0,0,0,-3,,,,
069389,0,0,0,-10,,,,
069397,0,0,0,36,,,,
06939U,0,0,0,6,,,,
069400,0,0,0,973,,,,
069402,0,0,0,-430,,,,
069407,0,0,0,150,,,,
069408,0,0,0,1,,,,
069416,0,0,0,-59,,,,
06941U,0,0,0,-11,,,,
06942U,0,0,0,1,,,,
069431,0,0,0,1,,,,
06943U,0,0,0,-86,,,,
06948U,0,0,0,-31,,,,
06949U,0,0,0,-5,,,,
06950U,0,0,0,27,,,,
06953U,0,0,0,-3,,,,
06956U,0,0,0,10,,,,
069572,0,0,0,96,,,,
069574,0,0,0,-10,,,,
069579,0,0,0,-20,,,,
06957U,0,0,0,5,,,,
069580,0,0,0,-2,,,,
069581,0,0,0,-355,,,,
069583,0,0,0,-513,,,,
069586,0,0,0,-70,,,,
069590,0,0,0,58,,,,
069592,0,0,0,15,,,,
069597,0,0,0,95,,,,
06959U,0,0,0,-9,,,,
069601,0,0,0,550,,,,
069602,0,0,0,4,,,,
069605,0,0,0,-48,,,,
06960U,0,0,0,2,,,,
069610,0,0,0,30,,,,
069613,0,0,0,194,,,,
06962U,0,0,0,-22,,,,
06964U,0,0,0,-216,,,,
069665,0,0,0,100,,,,
06966U,0,0,0,-4,,,,
06969U,0,0,0,-181,,,,
06970U,0,0,0,1,,,,
06973U,0,0,0,7,,,,
06974U,0,0,0,-24,,,,
069781,0,0,0,3,,,,
069783,0,0,0,50,,,,
069789,0,0,0,-8,,,,
069790,0,0,0,-71,,,,
069793,0,0,0,18,,,,
069795,0,0,0,-192,,,,
069796,0,0,0,8,,,,
06979U,0,0,0,5,,,,
069800,0,0,0,240,,,,
069808,0,0,0,-48,,,,
06980P,0,0,0,391,,,,
069812,0,0,0,-165,,,,
069819,0,0,0,-2,,,,
069831,0,0,0,-100,,,,
069834,0,0,0,-602,,,,
06988U,0,0,0,-145,,,,
069904,0,0,0,-5,,,,
06990U,0,0,0,-1,,,,
069916,0,0,0,187,,,,
06993U,0,0,0,-42,,,,
06994U,0,0,0,-34,,,,
069968,0,0,0,-104,,,,
069973,0,0,0,-2,,,,
069976,0,0,0,-28,,,,
069977,0,0,0,151,,,,
069978,0,0,0,8,,,,
069979,0,0,0,-1072,,,,
069982,0,0,0,-380,,,,
069983,0,0,0,-10,,,,
069994,0,0,0,-9,,,,
069997,0,0,0,-202,,,,
070012,0,0,0,30,,,,
070024,0,0,0,-29,,,,
07002U,0,0,0,-15,,,,
07004U,0,0,0,5,,,,
07013U,0,0,0,57,,,,
07014U,0,0,0,-190,,,,
07015U,0,0,0,-78,,,,
07016U,0,0,0,-2,,,,
070184,0,0,0,9,,,,
070185,0,0,0,180,,,,
070193,0,0,0,-32,,,,
070194,0,0,0,38,,,,
070196,0,0,0,10,,,,
07024U,0,0,0,-30,,,,
070255,0,0,0,-1,,,,
070259,0,0,0,-14,,,,
070270,0,0,0,104,,,,
070277,0,0,0,319,,,,
07029U,0,0,0,50,,,,
07030U,0,0,0,-16,,,,
070325,0,0,0,-28,,,,
070348,0,0,0,2,,,,
07034U,0,0,0,-30,,,,
07035U,0,0,0,-41,,,,
07038U,0,0,0,-7,,,,
070404,0,0,0,-63,,,,
07043U,0,0,0,-15,,,,
070467,0,0,0,156,,,,
070486,0,0,0,4,,,,
070488,0,0,0,6,,,,
070489,0,0,0,-10,,,,
070490,0,0,0,654,,,,
070493,0,0,0,-91,,,,
070495,0,0,0,25,,,,
070497,0,0,0,-62,,,,
070498,0,0,0,-12,,,,
07049U,0,0,0,-13,,,,
070502,0,0,0,-3,,,,
070504,0,0,0,-1,,,,
070508,0,0,0,5,,,,
07051U,0,0,0,-200,,,,
070540,0,0,0,-160,,,,
070581,0,0,0,-30,,,,
070599,0,0,0,-956,,,,
070632,0,0,0,1680,,,,
070671,0,0,0,-354,,,,
070674,0,0,0,53,,,,
070675,0,0,0,-1070,,,,
070676,0,0,0,-197,,,,
070679,0,0,0,191,,,,
070687,0,0,0,4,,,,
070689,0,0,0,128,,,,
070691,0,0,0,10,,,,
070692,0,0,0,-265,,,,
070693,0,0,0,230,,,,
070694,0,0,0,0,,,,
070697,0,0,0,-100,,,,
070698,0,0,0,9,,,,
070703,0,0,0,-8,,,,
070713,0,0,0,50,,,,
070738,0,0,0,-56,,,,
070752,0,0,0,1,,,,
070829,0,0,0,-130,,,,
070866,0,0,0,-2,,,,
070875,0,0,0,-23,,,,
070882,0,0,0,-15,,,,
070924,0,0,0,-202,,,,
070995,0,0,0,-190,,,,
071007,0,0,0,1,,,,
071008,0,0,0,74,,,,
071009,0,0,0,55,,,,
071015,0,0,0,20,,,,
071017,0,0,0,1,,,,
071019,0,0,0,-30,,,,
071020,0,0,0,-379,,,,
071023,0,0,0,-739,,,,
071026,0,0,0,19,,,,
071028,0,0,0,-46,,,,
071029,0,0,0,20,,,,
071030,0,0,0,-51,,,,
071033,0,0,0,-95,,,,
071039,0,0,0,-33,,,,
071040,0,0,0,-12,,,,
071061,0,0,0,160,,,,
071069,0,0,0,-3,,,,
071070,0,0,0,-3,,,,
071104,0,0,0,260,,,,
071146,0,0,0,-4,,,,
071193,0,0,0,-188,,,,
071199,0,0,0,30,,,,
071208,0,0,0,2,,,,
071230,0,0,0,-180,,,,
071242,0,0,0,247,,,,
071255,0,0,0,-20,,,,
071267,0,0,0,8,,,,
071302,0,0,0,53,,,,
071314,0,0,0,214,,,,
071315,0,0,0,-386,,,,
071316,0,0,0,-173,,,,
071318,0,0,0,-20,,,,
071320,0,0,0,0,,,,
071326,0,0,0,19,,,,
071328,0,0,0,-22,,,,
071329,0,0,0,-71,,,,
071330,0,0,0,-186,,,,
071331,0,0,0,3,,,,
071341,0,0,0,60,,,,
071374,0,0,0,364,,,,
071402,0,0,0,1,,,,
071436,0,0,0,0,,,,
071443,0,0,0,-249,,,,
071447,0,0,0,200,,,,
071453,0,0,0,-150,,,,
071455,0,0,0,-102,,,,
071459,0,0,0,391,,,,
07145P,0,0,0,40,,,,
071461,0,0,0,-105,,,,
071464,0,0,0,69,,,,
071465,0,0,0,-14,,,,
071466,0,0,0,397,,,,
071468,0,0,0,85,,,,
071473,0,0,0,-3,,,,
071475,0,0,0,12,,,,
071476,0,0,0,-70,,,,
071530,0,0,0,3,,,,
071540,0,0,0,-200,,,,
071585,0,0,0,20,,,,
071593,0,0,0,136,,,,
071644,0,0,0,-6,,,,
071661,0,0,0,3,,,,
071664,0,0,0,0,,,,
071679,0,0,0,130,,,,
071690,0,0,0,-66,,,,
071722,0,0,0,-35,,,,
071723,0,0,0,139,,,,
071724,0,0,0,-40,,,,
071725,0,0,0,42,,,,
071726,0,0,0,-399,,,,
071732,0,0,0,1070,,,,
071733,0,0,0,-8,,,,
071735,0,0,0,-38,,,,
071738,0,0,0,176,,,,
071739,0,0,0,1,,,,
071741,0,0,0,3,,,,
071742,0,0,0,36,,,,
071743,1,0,0,-58,,,,
071756,0,0,0,-7,,,,
071780,0,0,0,98,,,,
071814,0,0,0,48,,,,
071877,0,0,0,10,,,,
071879,0,0,0,-80,,,,
071891,0,0,0,17,,,,
071896,0,0,0,-290,,,,
071897,0,0,0,250,,,,
071900,0,0,0,116,,,,
071906,0,0,0,0,,,,
071908,0,0,0,-97,,,,
071910,0,0,0,-103,,,,
071911,0,0,0,20,,,,
071915,0,0,0,14,,,,
071916,0,0,0,20,,,,
071917,0,0,0,432,,,,
071918,0,0,0,10,,,,
071919,0,0,0,50,,,,
071922,0,0,0,-56,,,,
071924,0,0,0,3,,,,
071925,0,0,0,1,,,,
071926,0,0,0,0,,,,
071929,0,0,0,-43,,,,
071930,0,0,0,112,,,,
071976,0,0,0,-81,,,,
071985,0,0,0,-6,,,,
07200P,0,0,0,-5,,,,
072018,0,0,0,2,,,,
072048,0,0,0,10,,,,
072063,0,0,0,255,,,,
072115,0,0,0,-6,,,,
072117,0,0,0,-1,,,,
072120,0,0,0,-50,,,,
072121,0,0,0,49,,,,
072122,0,0,0,-168,,,,
072123,0,0,0,13,,,,
072125,0,0,0,-6,,,,
072126,0,0,0,208,,,,
072127,0,0,0,6,,,,
072128,0,0,0,40,,,,
072132,0,0,0,183,,,,
072135,0,0,0,50,,,,
072141,0,0,0,-11,,,,
072143,0,0,0,-57,,,,
072144,0,0,0,36,,,,
072169,0,0,0,17,,,,
072245,0,0,0,-20,,,,
072254,0,0,0,-50,,,,
072261,0,0,0,-728,,,,
072262,0,0,0,-1,,,,
072285,0,0,0,-225,,,,
072302,0,0,0,-10,,,,
072334,0,0,0,-599,,,,
072339,0,0,0,55,,,,
072341,0,0,0,-18,,,,
072342,0,0,0,-4,,,,
072349,0,0,0,4,,,,
072353,0,0,0,-10,,,,
072354,0,0,0,-1,,,,
072355,0,0,0,7,,,,
072376,0,0,0,42,,,,
072387,0,0,0,-600,,,,
072423,0,0,0,-6,,,,
072424,0,0,0,33,,,,
072433,0,0,0,100,,,,
072455,0,0,0,282,,,,
072474,0,0,0,-50,,,,
072476,0,0,0,0,,,,
072489,0,0,0,40,,,,
072519,0,0,0,80,,,,
072543,0,0,0,185,,,,
072554,0,0,0,-10,,,,
072558,0,0,0,364,,,,
072628,0,0,0,300,,,,
072635,0,0,0,20,,,,
072689,0,0,0,4,,,,
072690,0,0,0,0,,,,
072692,0,0,0,0,,,,
072701,0,0,0,-100,,,,
072729,0,0,0,6,,,,
072764,0,0,0,75,,,,
072773,0,0,0,138,,,,
072802,0,0,0,10,,,,
072851,0,0,0,80,,,,
072857,0,0,0,20,,,,
072860,0,0,0,4,,,,
072863,0,0,0,-73,,,,
072866,0,0,0,-20,,,,
072869,0,0,0,-836,,,,
072891,0,0,0,15,,,,
072899,0,0,0,10,,,,
072902,0,0,0,0,,,,
07291P,0,0,0,24,,,,
072946,0,0,0,30,,,,
072956,0,0,0,187,,,,
072965,0,0,0,-20,,,,
072966,0,0,0,21,,,,
072971,0,0,0,10,,,,
073005,0,0,0,-119,,,,
073043,0,0,0,49,,,,
073044,0,0,0,-6,,,,
073051,0,0,0,-5,,,,
073054,0,0,0,37,,,,
07307P,0,0,0,-10,,,,
073105,0,0,0,2,,,,
073138,0,0,0,-20,,,,
073181,0,0,0,-47,,,,
073185,0,0,0,-8,,,,
073189,0,0,0,-14,,,,
073192,0,0,0,-32,,,,
073227,0,0,0,10,,,,
073258,0,0,0,-177,,,,
073261,0,0,0,-15,,,,
073299,0,0,0,-10,,,,
073323,0,0,0,5,,,,
073328,0,0,0,56,,,,
073331,0,0,0,-4,,,,
073332,0,0,0,-13,,,,
073441,0,0,0,-47,,,,
073458,0,0,0,-2,,,,
073460,0,0,0,84,,,,
073466,0,0,0,1,,,,
073500,0,0,0,-7,,,,
073502,0,0,0,-499,,,,
073585,0,0,0,97,,,,
07361P,0,0,0,4,,,,
073705,0,0,0,416,,,,
073706,0,0,0,0,,,,
073731,0,0,0,0,,,,
073742,0,0,0,-32,,,,
073743,0,0,0,-7,,,,
073747,0,0,0,20,,,,
073748,0,0,0,-10,,,,
073749,0,0,0,25,,,,
073752,0,0,0,14,,,,
073753,0,0,0,-100,,,,
073754,0,0,0,-44,,,,
073756,73,0,0,-327,,,,
073770,0,0,0,0,,,,
073782,0,0,0,-22,,,,
073786,0,0,0,-7,,,,
073792,0,0,0,0,,,,
073796,0,0,0,37,,,,
073798,0,0,0,13,,,,
073817,0,0,0,0,,,,
073833,0,0,0,64,,,,
073878,0,0,0,-1,,,,
073958,0,0,0,100,,,,
074002,0,0,0,110,,,,
074003,0,0,0,-50,,,,
074005,0,0,0,-10,,,,
074006,0,0,0,0,,,,
074007,0,0,0,-26,,,,
074035,0,0,0,3,,,,
074039,0,0,0,1,,,,
074056,0,0,0,-201,,,,
074067,0,0,0,-30,,,,
074092,0,0,0,-20,,,,
074106,0,0,0,4,,,,
074127,0,0,0,-10,,,,
07413P,0,0,0,890,,,,
074170,0,0,0,4,,,,
074171,0,0,0,113,,,,
074208,0,0,0,0,,,,
074219,0,0,0,44,,,,
074257,0,0,0,-5,,,,
074302,0,0,0,-1,,,,
074332,0,0,0,-5,,,,
074432,0,0,0,2,,,,
074436,0,0,0,-5,,,,
074488,0,0,0,4,,,,
074495,0,0,0,2,,,,
074510,0,0,0,0,,,,
074533,0,0,0,-142,,,,
074539,0,0,0,-8,,,,
074567,0,0,0,105,,,,
074585,0,0,0,-671,,,,
074706,0,0,0,-6,,,,
074747,0,0,0,-30,,,,
074748,0,0,0,-54,,,,
074750,0,0,0,-233,,,,
074751,0,0,0,-50,,,,
074752,0,0,0,100,,,,
074753,0,0,0,-2,,,,
074798,0,0,0,11,,,,
074826,0,0,0,-15,,,,
074852,0,0,0,26,,,,
074857,0,0,0,4,,,,
074896,0,0,0,10,,,,
075071,0,0,0,-42,,,,
075108,0,0,0,19,,,,
075109,0,0,0,-48,,,,
075153,0,0,0,20,,,,
075170,0,0,0,-505,,,,
075197,0,0,0,-30,,,,
075277,0,0,0,1,,,,
075278,0,0,0,-15,,,,
075299,0,0,0,-10,,,,
075326,0,0,0,-100,,,,
07533P,0,0,0,190,,,,
075390,0,0,0,-20,,,,
075400,0,0,0,10,,,,
075402,0,0,0,3,,,,
075417,0,0,0,-40,,,,
075420,0,0,0,-230,,,,
075496,0,0,0,-1,,,,
075507,0,0,0,1,,,,
075509,0,0,0,-20,,,,
075510,0,0,0,-536,,,,
075549,0,0,0,290,,,,
07560P,0,0,0,-3,,,,
07563P,0,0,0,-58,,,,
075671,0,0,0,-3,,,,
075685,0,0,0,2,,,,
075748,0,0,0,-10,,,,
075773,0,0,0,2,,,,
075834,0,0,0,-20,,,,
075882,0,0,0,0,,,,
075907,0,0,0,14,,,,
075935,0,0,0,50,,,,
076022,0,0,0,3,,,,
076026,0,0,0,212,,,,
076046,0,0,0,-220,,,,
076059,0,0,0,300,,,,
076066,0,0,0,-4,,,,
076067,0,0,0,-11,,,,
076070,0,0,0,-201,,,,
076071,0,0,0,-87,,,,
076072,0,0,0,55,,,,
076073,0,0,0,355,,,,
076074,0,0,0,119,,,,
076075,0,0,0,-26,,,,
076078,0,0,0,2,,,,
07611P,0,0,0,0,,,,
076131,0,0,0,0,,,,
076149,0,0,0,13,,,,
076158,0,0,0,2,,,,
076159,0,0,0,20,,,,
076170,0,0,0,8,,,,
076218,0,0,0,3,,,,
076232,0,0,0,30,,,,
076264,0,0,0,-9,,,,
076291,0,0,0,0,,,,
076309,0,0,0,-20,,,,
076311,0,0,0,99,,,,
076312,0,0,0,140,,,,
076313,0,0,0,370,,,,
076314,0,0,0,-544,,,,
076315,0,0,0,197,,,,
076316,0,0,0,-12,,,,
076333,0,0,0,14,,,,
076337,0,0,0,28,,,,
076340,0,0,0,120,,,,
076346,0,0,0,4,,,,
07635P,0,0,0,45,,,,
076360,0,0,0,-17,,,,
076364,0,0,0,-16,,,,
076440,0,0,0,-23,,,,
076555,0,0,0,-5,,,,
076572,0,0,0,-5,,,,
076580,0,0,0,116,,,,
076597,0,0,0,0,,,,
076610,0,0,0,165,,,,
076611,0,0,0,-19,,,,
076630,0,0,0,-10,,,,
076631,0,0,0,-228,,,,
076635,0,0,0,23,,,,
076663,0,0,0,102,,,,
076698,0,0,0,-1,,,,
076713,0,0,0,-9,,,,
076720,0,0,0,-81,,,,
076761,0,0,0,5,,,,
076809,0,0,0,6,,,,
076812,0,0,0,147,,,,
076832,0,0,0,15,,,,
076834,0,0,0,-1,,,,
076837,0,0,0,280,,,,
076842,0,0,0,50,,,,
076852,0,0,0,-10,,,,
076872,0,0,0,50,,,,
076873,0,0,0,71,,,,
076882,0,0,0,40,,,,
076883,0,0,0,283,,,,
076899,0,0,0,-200,,,,
076913,0,0,0,0,,,,
076927,0,0,0,50,,,,
076931,0,0,0,173,,,,
076934,0,0,0,6,,,,
076948,0,0,0,61,,,,
076949,0,0,0,-10,,,,
076987,0,0,0,-49,,,,
076989,0,0,0,-130,,,,
077003,0,0,0,5,,,,
077004,0,0,0,-175,,,,
077005,0,0,0,-14,,,,
077006,0,0,0,-15,,,,
077007,0,0,0,-5,,,,
077009,0,0,0,20,,,,
077011,0,0,0,-122,,,,
077060,0,0,0,-3,,,,
077065,0,0,0,0,,,,
077085,0,0,0,-12,,,,
077124,0,0,0,-42,,,,
077130,0,0,0,208,,,,
077131,0,0,0,-29,,,,
077134,0,0,0,150,,,,
077167,0,0,0,-1,,,,
077171,0,0,0,-265,,,,
077177,0,0,0,0,,,,
077214,0,0,0,143,,,,
077215,0,0,0,15,,,,
077226,0,0,0,-1,,,,
077239,0,0,0,0,,,,
077251,0,0,0,20,,,,
077253,0,0,0,1,,,,
077266,0,0,0,0,,,,
077268,0,0,0,16,,,,
077331,0,0,0,20,,,,
077343,0,0,0,1,,,,
077353,0,0,0,50,,,,
077359,0,0,0,-9,,,,
077365,0,0,0,1,,,,
077400,0,0,0,55,,,,
077401,0,0,0,-63,,,,
077402,0,0,0,-33,,,,
077414,0,0,0,0,,,,
077419,0,0,0,10,,,,
077427,0,0,0,-394,,,,
077432,0,0,0,254,,,,
077438,0,0,0,2,,,,
077479,0,0,0,5,,,,
077509,0,0,0,61,,,,
077513,0,0,0,40,,,,
077518,0,0,0,-4,,,,
077519,0,0,0,-1068,,,,
077520,0,0,0,100,,,,
077521,0,0,0,4,,,,
077522,0,0,0,-60,,,,
077529,0,0,0,459,,,,
077530,0,0,0,-3,,,,
077533,0,0,0,-20,,,,
077534,0,0,0,365,,,,
077536,0,0,0,-30,,,,
077537,0,0,0,7,,,,
077538,0,0,0,16,,,,
077539,0,0,0,121,,,,
077550,0,0,0,-46,,,,
077569,0,0,0,150,,,,
077593,0,0,0,5,,,,
077596,0,0,0,0,,,,
077600,0,0,0,-46,,,,
077601,0,0,0,540,,,,
077607,0,0,0,193,,,,
077678,0,0,0,42,,,,
077685,0,0,0,59,,,,
077691,0,0,0,0,,,,
077702,0,0,0,10,,,,
077703,0,0,0,20,,,,
077705,0,0,0,10,,,,
077711,0,0,0,141,,,,
077727,0,0,0,107,,,,
077728,0,0,0,-20,,,,
077732,0,0,0,13,,,,
077752,0,0,0,0,,,,
077754,0,0,0,0,,,,
077758,0,0,0,1,,,,
077816,0,0,0,-2,,,,
077835,0,0,0,2,,,,
077839,0,0,0,0,,,,
077855,0,0,0,-21,,,,
077862,0,0,0,-11,,,,
077880,0,0,0,-160,,,,
077885,0,0,0,-20,,,,
077886,0,0,0,-10,,,,
077895,0,0,0,4,,,,
077896,0,0,0,-183,,,,
077913,0,0,0,12,,,,
077956,0,0,0,5,,,,
077965,0,0,0,10,,,,
077970,0,0,0,-124,,,,
077971,0,0,0,-20,,,,
077997,0,0,0,0,,,,
078006,0,0,0,-1,,,,
078009,0,0,0,2,,,,
078039,0,0,0,-137,,,,
078041,0,0,0,-22,,,,
078083,0,0,0,-50,,,,
078106,0,0,0,-48,,,,
078132,0,0,0,-10,,,,
078143,0,0,0,15,,,,
078148,0,0,0,5,,,,
078150,0,0,0,-21,,,,
078174,0,0,0,-1,,,,
078199,0,0,0,-120,,,,
078200,0,0,0,-180,,,,
078208,0,0,0,-10,,,,
078228,0,0,0,70,,,,
078237,0,0,0,0,,,,
078253,0,0,0,1,,,,
078263,0,0,0,39,,,,
078282,0,0,0,114,,,,
078343,0,0,0,-12,,,,
078354,0,0,0,-2,,,,
078366,0,0,0,-71,,,,
078374,0,0,0,1,,,,
078384,0,0,0,-75,,,,
078405,0,0,0,10,,,,
078454,0,0,0,-36,,,,
078480,0,0,0,-104,,,,
078482,0,0,0,-7,,,,
078495,0,0,0,-260,,,,
078505,0,0,0,-103,,,,
078526,0,0,0,154,,,,
078528,0,0,0,94,,,,
078531,0,0,0,-233,,,,
078539,0,0,0,-54,,,,
078542,0,0,0,-58,,,,
078543,0,0,0,-98,,,,
078584,0,0,0,0,,,,
078635,0,0,0,-13,,,,
078644,0,0,0,-100,,,,
078653,0,0,0,-1,,,,
078657,0,0,0,-15,,,,
078688,0,0,0,58,,,,
078689,0,0,0,-44,,,,
078713,0,0,0,250,,,,
078714,0,0,0,-100,,,,
078716,0,0,0,1,,,,
078729,0,0,0,78,,,,
078739,0,0,0,28,,,,
078808,0,0,0,-23,,,,
078827,0,0,0,-6,,,,
078828,0,0,0,10,,,,
078835,0,0,0,31,,,,
078837,0,0,0,-66,,,,
078840,0,0,0,2,,,,
078877,0,0,0,487,,,,
078880,0,0,0,40,,,,
078888,0,0,0,6,,,,
078896,0,0,0,-102,,,,
078898,0,0,0,10,,,,
078909,0,0,0,5,,,,
078933,0,0,0,-2,,,,
078945,0,0,0,50,,,,
078946,0,0,0,-26,,,,
078959,0,0,0,29,,,,
078960,0,0,0,-14,,,,
078967,0,0,0,132,,,,
078975,0,0,0,-3,,,,
078988,0,0,0,-10,,,,
079000,0,0,0,8,,,,
079003,0,0,0,-157,,,,
079004,0,0,0,28,,,,
07901P,0,0,0,-9,,,,
079021,0,0,0,0,,,,
079038,0,0,0,-40,,,,
079039,0,0,0,41,,,,
079073,0,0,0,-911,,,,
079088,0,0,0,-6,,,,
079106,0,0,0,-27,,,,
079116,0,0,0,118,,,,
079132,0,0,0,1,,,,
079175,0,0,0,20,,,,
079178,0,0,0,-470,,,,
079179,0,0,0,-10,,,,
079187,0,0,0,-84,,,,
079224,0,0,0,25,,,,
079241,0,0,0,-15,,,,
079252,0,0,0,80,,,,
079255,0,0,0,-31,,,,
079257,0,0,0,75,,,,
079272,0,0,0,-20,,,,
079281,0,0,0,-281,,,,
079286,0,0,0,70,,,,
079291,0,0,0,130,,,,
079295,0,0,0,70,,,,
079308,0,0,0,-4,,,,
079309,0,0,0,-3,,,,
079329,0,0,0,-396,,,,
079344,0,0,0,10,,,,
079349,0,0,0,-15,,,,
079354,0,0,0,-414,,,,
079362,0,0,0,149,,,,
079364,0,0,0,-20,,,,
079368,0,0,0,-217,,,,
079375,0,0,0,2,,,,
079380,0,0,0,20,,,,
079393,0,0,0,2,,,,
079426,0,0,0,-13,,,,
079443,0,0,0,3,,,,
079457,0,0,0,-22,,,,
079460,0,0,0,-51,,,,
079461,0,0,0,7,,,,
079469,0,0,0,8,,,,
079474,0,0,0,-318,,,,
079489,0,0,0,-67,,,,
079490,0,0,0,0,,,,
079496,0,0,0,10,,,,
079499,0,0,0,150,,,,
079500,0,0,0,-23,,,,
079505,0,0,0,-3,,,,
079521,0,0,0,-26,,,,
079522,0,0,0,0,,,,
079531,0,0,0,149,,,,
079544,0,0,0,10,,,,
079558,0,0,0,-60,,,,
079575,0,0,0,20,,,,
079576,0,0,0,0,,,,
079579,0,0,0,349,,,,
079580,0,0,0,1,,,,
079613,0,0,0,-33,,,,
079614,0,0,0,-80,,,,
079615,0,0,0,-20,,,,
079618,0,0,0,30,,,,
079626,0,0,0,-100,,,,
079633,0,0,0,7,,,,
079638,0,0,0,8,,,,
079640,0,0,0,-4,,,,
079645,0,0,0,-2,,,,
079671,0,0,0,-480,,,,
079712,0,0,0,100,,,,
079724,0,0,0,-5,,,,
079725,0,0,0,-4,,,,
079728,0,0,0,37,,,,
079734,0,0,0,-25,,,,
079741,0,0,0,-30,,,,
079743,0,0,0,13,,,,
079744,0,0,0,-63,,,,
079745,0,0,0,-60,,,,
079779,0,0,0,1,,,,
079833,0,0,0,-20,,,,
079839,0,0,0,4,,,,
079846,0,0,0,-158,,,,
079855,0,0,0,175,,,,
079856,0,0,0,20,,,,
079859,0,0,0,122,,,,
079874,0,0,0,-20,,,,
079887,0,0,0,220,,,,
079890,0,0,0,-34,,,,
079899,0,0,0,1,,,,
079902,0,0,0,380,,,,
079903,0,0,0,20,,,,
079912,0,0,0,-8,,,,
079913,0,0,0,34,,,,
079920,0,0,0,1,,,,
079941,0,0,0,-45,,,,
079944,0,0,0,-21,,,,
079948,0,0,0,-460,,,,
079966,0,0,0,-6,,,,
079976,0,0,0,-4,,,,
079990,0,0,0,20,,,,
079998,0,0,0,100,,,,
079999,0,0,0,15,,,,
080001,0,0,0,698,,,,
080022,0,0,0,-23,,,,
080023,0,0,0,22,,,,
080031,0,0,0,-100,,,,
080033,0,0,0,101,,,,
080041,0,0,0,2,,,,
080045,0,0,0,30,,,,
080047,0,0,0,-20,,,,
080050,0,0,0,190,,,,
080062,0,0,0,-10,,,,
080072,0,0,0,21,,,,
080073,0,0,0,26,,,,
080078,0,0,0,356,,,,
080079,0,0,0,7,,,,
080082,0,0,0,100,,,,
080083,0,0,0,-40,,,,
080084,0,0,0,377,,,,
080095,0,0,0,-76,,,,
080096,0,0,0,-30,,,,
080097,0,0,0,47,,,,
080115,0,0,0,-80,,,,
080129,0,0,0,10,,,,
080141,0,0,0,-100,,,,
080156,0,0,0,-10,,,,
080157,0,0,0,39,,,,
080159,0,0,0,270,,,,
080160,0,0,0,12,,,,
080174,0,0,0,-193,,,,
080176,0,0,0,72,,,,
080179,0,0,0,-10,,,,
080183,0,0,0,20,,,,
080190,0,0,0,198,,,,
080205,0,0,0,-26,,,,
080211,0,0,0,-108,,,,
080216,0,0,0,62,,,,
080218,0,0,0,-10,,,,
080221,0,0,0,-145,,,,
080224,0,0,0,-25,,,,
080225,0,0,0,-88,,,,
080258,0,0,0,99,,,,
080259,0,0,0,-50,,,,
080260,0,0,0,11,,,,
080262,0,0,0,-20,,,,
080278,0,0,0,-489,,,,
080282,0,0,0,15,,,,
080283,0,0,0,2,,,,
080290,0,0,0,-4,,,,
080302,0,0,0,-56,,,,
080303,0,0,0,-134,,,,
080311,0,0,0,0,,,,
080316,0,0,0,128,,,,
080317,0,0,0,63,,,,
080338,0,0,0,23,,,,
080339,0,0,0,9,,,,
080340,0,0,0,21,,,,
080341,0,0,0,38,,,,
080342,0,0,0,2,,,,
080345,0,0,0,8,,,,
08035P,0,0,0,44,,,,
080362,0,0,0,-346,,,,
080367,0,0,0,0,,,,
080377,0,0,0,-100,,,,
080387,0,0,0,2,,,,
08038P,0,0,0,-60,,,,
080399,0,0,0,-17,,,,
080410,0,0,0,63,,,,
080412,0,0,0,60,,,,
080414,0,0,0,96,,,,
080415,0,0,0,4,,,,
080419,0,0,0,150,,,,
080438,0,0,0,10,,,,
080441,0,0,0,1,,,,
080452,0,0,0,-10,,,,
080456,0,0,0,-228,,,,
080461,0,0,0,-277,,,,
080476,0,0,0,35,,,,
080486,0,0,0,-12,,,,
080509,0,0,0,-7,,,,
080510,0,0,0,-11,,,,
080511,0,0,0,203,,,,
080513,0,0,0,40,,,,
080518,0,0,0,-18,,,,
08051P,0,0,0,34,,,,
080524,0,0,0,-3,,,,
080534,0,0,0,-48,,,,
080560,0,0,0,-26,,,,
080564,0,0,0,10,,,,
080567,0,0,0,-35,,,,
080570,0,0,0,30,,,,
080578,0,0,0,0,,,,
080583,0,0,0,-10,,,,
080599,0,0,0,555,,,,
080603,0,0,0,107,,,,
080604,0,0,0,-5,,,,
080626,0,0,0,17,,,,
080639,0,0,0,64,,,,
080665,0,0,0,21,,,,
080676,0,0,0,-2,,,,
080678,0,0,0,-2,,,,
080685,0,0,0,-25,,,,
080689,0,0,0,10,,,,
080693,0,0,0,21,,,,
080723,0,0,0,-6,,,,
080731,0,0,0,-10,,,,
080739,0,0,0,-5,,,,
080744,0,0,0,-464,,,,
080748,0,0,0,-3,,,,
080749,0,0,0,194,,,,
080755,0,0,0,0,,,,
080756,0,0,0,0,,,,
080759,0,0,0,24,,,,
08075P,0,0,0,-10,,,,
080762,0,0,0,-53,,,,
080765,0,0,0,-15,,,,
080769,0,0,0,10,,,,
080774,0,0,0,7,,,,
080776,0,0,0,2,,,,
080777,0,0,0,-5,,,,
080798,0,0,0,-4,,,,
080802,0,0,0,452,,,,
080815,0,0,0,-10,,,,
080816,0,0,0,84,,,,
080822,0,0,0,9,,,,
080823,0,0,0,9,,,,
080824,0,0,0,-5,,,,
080826,0,0,0,-38,,,,
080844,0,0,0,20,,,,
080845,0,0,0,-7,,,,
080847,0,0,0,-55,,,,
080848,0,0,0,-876,,,,
080849,0,0,0,-3,,,,
080850,0,0,0,29,,,,
080876,0,0,0,-2,,,,
080877,0,0,0,10,,,,
080894,0,0,0,-25,,,,
080906,0,0,0,455,,,,
080908,0,0,0,11,,,,
080911,0,0,0,60,,,,
080914,0,0,0,-1,,,,
080918,0,0,0,4,,,,
080925,0,0,0,-10,,,,
080929,0,0,0,0,,,,
080930,0,0,0,-45,,,,
080933,0,0,0,-9,,,,
080937,0,0,0,-202,,,,
080938,0,0,0,15,,,,
080948,0,0,0,-15,,,,
080949,0,0,0,80,,,,
080966,0,0,0,34,,,,
080968,0,0,0,89,,,,
080973,0,0,0,100,,,,
080975,0,0,0,47,,,,
080994,0,0,0,-269,,,,
080996,0,0,0,-6,,,,
081001,0,0,0,30,,,,
081002,0,0,0,-85,,,,
081018,0,0,0,46,,,,
081030,0,0,0,35,,,,
081039,0,0,0,27,,,,
081046,0,0,0,-15,,,,
081052,0,0,0,-7,,,,
081057,0,0,0,-6,,,,
081063,0,0,0,604,,,,
081071,0,0,0,-131,,,,
081072,0,0,0,20,,,,
081080,0,0,0,10,,,,
081093,0,0,0,-4,,,,
081104,0,0,0,-30,,,,
081105,0,0,0,-70,,,,
081112,0,0,0,-3,,,,
081114,0,0,0,140,,,,
081116,0,0,0,30,,,,
081119,0,0,0,151,,,,
081123,0,0,0,-57,,,,
081126,0,0,0,-50,,,,
081127,0,0,0,-10,,,,
081130,0,0,0,-10,,,,
081137,0,0,0,-10,,,,
081143,0,0,0,-15,,,,
081147,0,0,0,-170,,,,
081150,0,0,0,2,,,,
081155,0,0,0,190,,,,
081169,0,0,0,118,,,,
081172,0,0,0,5,,,,
081178,0,0,0,360,,,,
081182,0,0,0,-15,,,,
081184,0,0,0,14,,,,
081204,0,0,0,1,,,,
081209,0,0,0,180,,,,
081215,0,0,0,20,,,,
081230,0,0,0,64,,,,
081238,0,0,0,1,,,,
081244,0,0,0,-884,,,,
081261,0,0,0,0,,,,
081262,0,0,0,12,,,,
081263,0,0,0,-50,,,,
081265,0,0,0,-50,,,,
081266,0,0,0,12,,,,
081268,0,0,0,105,,,,
081271,0,0,0,0,,,,
081286,0,0,0,-6,,,,
081287,0,0,0,-10,,,,
081288,0,0,0,-1,,,,
081295,0,0,0,-10,,,,
081302,0,0,0,10,,,,
081306,0,0,0,-7,,,,
081307,0,0,0,3,,,,
081314,0,0,0,-29,,,,
081329,0,0,0,5,,,,
081330,0,0,0,1,,,,
081331,0,0,0,-4,,,,
081332,0,0,0,164,,,,
081334,0,0,0,-20,,,,
081338,0,0,0,0,,,,
081349,0,0,0,-1,,,,
08134P,0,0,0,-50,,,,
081350,0,0,0,2,,,,
081351,0,0,0,194,,,,
081355,0,0,0,4,,,,
081356,0,0,0,211,,,,
081359,0,0,0,224,,,,
081360,0,0,0,74,,,,
081364,0,0,0,0,,,,
081367,0,0,0,-10,,,,
081369,0,0,0,-23,,,,
081370,0,0,0,33,,,,
081379,0,0,0,-50,,,,
081386,0,0,0,-3,,,,
081387,0,0,0,32,,,,
081394,0,0,0,6,,,,
081399,0,0,0,-10,,,,
081400,0,0,0,-1,,,,
081413,0,0,0,10,,,,
081416,0,0,0,-29,,,,
081419,0,0,0,141,,,,
081420,0,0,0,1,,,,
081421,0,0,0,80,,,,
081432,0,0,0,-10,,,,
081476,0,0,0,-10,,,,
081483,0,0,0,-6,,,,
081484,0,0,0,-300,,,,
081486,0,0,0,-10,,,,
081488,0,0,0,290,,,,
081489,0,0,0,-20,,,,
081490,0,0,0,-257,,,,
081491,0,0,0,30,,,,
081493,0,0,0,-81,,,,
081495,0,0,0,-102,,,,
081498,0,0,0,-47,,,,
081525,0,0,0,-17,,,,
081535,0,0,0,-106,,,,
081543,0,0,0,-425,,,,
081547,0,0,0,-40,,,,
081558,0,0,0,-38,,,,
081593,0,0,0,-5,,,,
081614,0,0,0,110,,,,
081618,0,0,0,-108,,,,
081624,0,0,0,-5,,,,
081626,0,0,0,-15,,,,
081627,0,0,0,-22,,,,
081628,0,0,0,-10,,,,
081630,0,0,0,3,,,,
081638,0,0,0,-3,,,,
081642,0,0,0,-26,,,,
081652,0,0,0,-130,,,,
081659,0,0,0,3,,,,
081663,0,0,0,40,,,,
081671,0,0,0,20,,,,
081676,0,0,0,3,,,,
081688,0,0,0,15,,,,
081704,0,0,0,-19,,,,
081707,0,0,0,36,,,,
081716,0,0,0,3,,,,
081717,0,0,0,0,,,,
081733,0,0,0,-13,,,,
081738,0,0,0,-64,,,,
081740,0,0,0,-10,,,,
081741,0,0,0,101,,,,
081744,0,0,0,-54,,,,
081752,0,0,0,1,,,,
081756,0,0,0,-5,,,,
081760,0,0,0,-6,,,,
081772,0,0,0,4,,,,
081777,0,0,0,9,,,,
081785,0,0,0,15,,,,
081786,0,0,0,10,,,,
081796,0,0,0,-40,,,,
081800,0,0,0,3,,,,
081801,0,0,0,-50,,,,
081804,0,0,0,-718,,,,
081809,0,0,0,100,,,,
081815,0,0,0,-10,,,,
081818,0,0,0,-12,,,,
081835,0,0,0,30,,,,
081838,0,0,0,-200,,,,
081851,0,0,0,-1,,,,
081860,0,0,0,-338,,,,
081866,0,0,0,10,,,,
081869,0,0,0,-397,,,,
081879,0,0,0,-87,,,,
081882,0,0,0,41,,,,
081889,0,0,0,-9,,,,
081895,0,0,0,-30,,,,
081902,0,0,0,-195,,,,
081904,0,0,0,-593,,,,
081906,0,0,0,-133,,,,
081907,0,0,0,-390,,,,
081908,0,0,0,-250,,,,
081909,0,0,0,-2,,,,
081910,0,0,0,-300,,,,
081912,0,0,0,137,,,,
081921,0,0,0,177,,,,
081933,0,0,0,22,,,,
081934,0,0,0,30,,,,
081941,0,0,0,10,,,,
081946,0,0,0,-20,,,,
081952,0,0,0,5,,,,
081954,0,0,0,-66,,,,
081955,0,0,0,50,,,,
081958,0,0,0,60,,,,
081959,0,0,0,3,,,,
081961,0,0,0,-13,,,,
081974,0,0,0,-10,,,,
081976,0,0,0,27,,,,
081982,0,0,0,-43,,,,
081983,0,0,0,1,,,,
081986,0,0,0,-1,,,,
081989,0,0,0,36,,,,
081990,0,0,0,-7,,,,
081997,0,0,0,-12,,,,
081998,0,0,0,-51,,,,
08199P,0,0,0,499,,,,
082006,0,0,0,10,,,,
082015,0,0,0,-116,,,,
082019,0,0,0,-12,,,,
082020,0,0,0,7,,,,
082022,0,0,0,-50,,,,
082023,0,0,0,-26,,,,
082026,0,0,0,-50,,,,
082029,0,0,0,-23,,,,
082034,0,0,0,-45,,,,
08203P,0,0,0,-300,,,,
082040,0,0,0,104,,,,
082044,0,0,0,-50,,,,
082045,0,0,0,-53,,,,
082049,0,0,0,-166,,,,
082052,0,0,0,-7,,,,
082056,0,0,0,-100,,,,
082057,0,0,0,-22,,,,
082058,0,0,0,161,,,,
082059,0,0,0,291,,,,
082062,0,0,0,-416,,,,
082063,0,0,0,-370,,,,
082069,0,0,0,-75,,,,
082073,0,0,0,0,,,,
082074,0,0,0,-1,,,,
082077,0,0,0,-7,,,,
082083,0,0,0,-136,,,,
082084,0,0,0,-15,,,,
082089,0,0,0,-115,,,,
082091,0,0,0,84,,,,
082092,0,0,0,-171,,,,
082096,0,0,0,-140,,,,
082098,0,0,0,-169,,,,
082099,0,0,0,-89,,,,
082100,0,0,0,53,,,,
082101,0,0,0,47,,,,
082104,0,0,0,30,,,,
082109,0,0,0,-21,,,,
082113,0,0,0,-30,,,,
082115,0,0,0,47,,,,
082150,0,0,0,-166,,,,
082158,0,0,0,-138,,,,
082165,0,0,0,-174,,,,
082172,0,0,0,-54,,,,
082177,0,0,0,-56,,,,
082179,0,0,0,-50,,,,
082182,0,0,0,240,,,,
082185,0,0,0,12,,,,
082187,0,0,0,-1,,,,
082194,0,0,0,2,,,,
082195,0,0,0,0,,,,
082197,0,0,0,6,,,,
082202,0,0,0,-30,,,,
082213,0,0,0,-37,,,,
082222,0,0,0,-13,,,,
082225,0,0,0,222,,,,
082227,-10,0,0,145,,,,
082228,0,0,0,5,,,,
082231,0,0,0,-2,,,,
082232,0,0,0,-100,,,,
082233,0,0,0,-11,,,,
082244,0,0,0,70,,,,
082248,0,0,0,-7,,,,
082249,0,0,0,-78,,,,
082253,0,0,0,-19,,,,
082254,0,0,0,-20,,,,
082256,0,0,0,10,,,,
082258,0,0,0,8,,,,
082262,0,0,0,1,,,,
082265,0,0,0,-69,,,,
082270,0,0,0,20,,,,
082273,0,0,0,14,,,,
082274,0,0,0,-19,,,,
082276,0,0,0,20,,,,
082278,0,0,0,-30,,,,
082279,0,0,0,41,,,,
082280,0,0,0,-99,,,,
082283,0,0,0,150,,,,
082290,0,0,0,-166,,,,
082298,0,0,0,40,,,,
082301,0,0,0,8,,,,
082302,0,0,0,-10,,,,
082312,0,0,0,25,,,,
082313,0,0,0,-20,,,,
082316,0,0,0,0,,,,
082319,0,0,0,-100,,,,
082320,0,0,0,-65,,,,
082331,0,0,0,-14,,,,
082332,0,0,0,-302,,,,
082335,0,0,0,100,,,,
082347,0,0,0,11,,,,
08236P,0,0,0,10,,,,
082388,0,0,0,2,,,,
082390,0,0,0,-28,,,,
082391,0,0,0,-257,,,,
082394,0,0,0,24,,,,
082399,0,0,0,-15,,,,
082404,0,0,0,32,,,,
082411,0,0,0,-599,,,,
082414,0,0,0,0,,,,
082415,0,0,0,9,,,,
082427,0,0,0,62,,,,
082428,0,0,0,-278,,,,
082431,0,0,0,96,,,,
082432,0,0,0,-10,,,,
082436,0,0,0,1,,,,
082437,0,0,0,-10,,,,
082440,0,0,0,103,,,,
082443,0,0,0,-40,,,,
082461,0,0,0,-45,,,,
082464,0,0,0,20,,,,
082466,0,0,0,5,,,,
082469,0,0,0,-10,,,,
082471,0,0,0,64,,,,
082473,0,0,0,-10,,,,
082474,0,0,0,-50,,,,
082492,0,0,0,9,,,,
082498,0,0,0,134,,,,
082501,0,0,0,-8,,,,
08250P,0,0,0,-4,,,,
082511,0,0,0,55,,,,
082515,0,0,0,15,,,,
082516,0,0,0,36,,,,
082517,0,0,0,-6,,,,
082519,0,0,0,65,,,,
082526,0,0,0,24,,,,
082527,0,0,0,-4,,,,
082529,0,0,0,7,,,,
082530,0,0,0,-32,,,,
082532,0,0,0,-52,,,,
082533,0,0,0,15,,,,
082537,0,0,0,-7,,,,
082542,0,0,0,1,,,,
082548,0,0,0,253,,,,
082549,0,0,0,6,,,,
082550,0,0,0,-4,,,,
082551,0,0,0,-2,,,,
082553,0,0,0,-199,,,,
082555,0,0,0,-9,,,,
082556,0,0,0,-49,,,,
082560,0,0,0,-10,,,,
082561,0,0,0,10,,,,
082562,0,0,0,24,,,,
082567,0,0,0,-10,,,,
082568,0,0,0,10,,,,
082577,0,0,0,74,,,,
082581,0,0,0,-10,,,,
082593,0,0,0,-100,,,,
082594,0,0,0,40,,,,
082598,0,0,0,-13,,,,
082604,0,0,0,-849,,,,
082609,0,0,0,-100,,,,
082616,0,0,0,-30,,,,
082617,0,0,0,108,,,,
082618,0,0,0,-2,,,,
082619,0,0,0,-69,,,,
082626,0,0,0,0,,,,
082627,0,0,0,55,,,,
082628,0,0,0,791,,,,
082629,0,0,0,-102,,,,
082635,0,0,0,-241,,,,
082638,0,0,0,-47,,,,
082641,0,0,0,-300,,,,
082656,0,0,0,-24,,,,
082657,0,0,0,-4,,,,
082664,0,0,0,60,,,,
082674,0,0,0,-131,,,,
082675,0,0,0,-20,,,,
082677,0,0,0,-7,,,,
082680,0,0,0,0,,,,
082681,0,0,0,0,,,,
082683,0,0,0,38,,,,
082694,0,0,0,36,,,,
082695,0,0,0,1,,,,
082698,0,0,0,189,,,,
082700,0,0,0,20,,,,
082702,0,0,0,1,,,,
082704,0,0,0,0,,,,
082709,0,0,0,50,,,,
082713,0,0,0,30,,,,
082726,0,0,0,-14,,,,
082727,0,0,0,-85,,,,
082728,0,0,0,-157,,,,
082729,0,0,0,-10,,,,
082733,0,0,0,-1,,,,
082746,0,0,0,0,,,,
082754,0,0,0,-9,,,,
082755,0,0,0,-20,,,,
082758,0,0,0,-10,,,,
082759,0,0,0,17,,,,
082768,0,0,0,6,,,,
082769,0,0,0,-130,,,,
082771,0,0,0,-165,,,,
082772,0,0,0,-1527,,,,
082786,0,0,0,51,,,,
082787,0,0,0,-15,,,,
082788,0,0,0,-336,,,,
082798,0,0,0,-12,,,,
082799,0,0,0,-232,,,,
082800,0,0,0,0,,,,
082802,0,0,0,-47,,,,
082805,0,0,0,-13,,,,
082806,0,0,0,1,,,,
082810,0,0,0,25,,,,
082813,0,0,0,-168,,,,
082820,0,0,0,450,,,,
082826,0,0,0,70,,,,
082837,0,0,0,-40,,,,
082843,0,0,0,-4,,,,
082873,0,0,0,-3,,,,
082874,0,0,0,-10,,,,
082877,0,0,0,23,,,,
082884,0,0,0,-166,,,,
082885,0,0,0,12,,,,
082886,0,0,0,-88,,,,
082888,0,0,0,-10,,,,
082890,0,0,0,5,,,,
082892,0,0,0,200,,,,
082895,0,0,0,0,,,,
082897,0,0,0,0,,,,
082899,0,0,0,6,,,,
082902,0,0,0,-50,,,,
082909,0,0,0,3,,,,
082912,0,0,0,0,,,,
082918,0,0,0,-3,,,,
082925,0,0,0,-87,,,,
082953,0,0,0,2,,,,
082963,0,0,0,-11,,,,
082966,0,0,0,20,,,,
082970,0,0,0,-108,,,,
082972,0,0,0,0,,,,
082977,0,0,0,30,,,,
082986,0,0,0,-130,,,,
082992,0,0,0,-10,,,,
082996,0,0,0,-50,,,,
082998,0,0,0,10,,,,
083000,0,0,0,8,,,,
083018,0,0,0,-1,,,,
083022,0,0,0,-24,,,,
083023,0,0,0,-70,,,,
083031,0,0,0,-50,,,,
083032,0,0,0,0,,,,
083034,0,0,0,1,,,,
083041,0,0,0,-15,,,,
083046,0,0,0,19,,,,
083061,0,0,0,1,,,,
083063,0,0,0,-25,,,,
083066,0,0,0,10,,,,
083069,0,0,0,-45,,,,
083070,0,0,0,-13,,,,
083074,0,0,0,-106,,,,
083076,0,0,0,-20,,,,
083077,0,0,0,-20,,,,
083078,0,0,0,-34,,,,
083079,0,0,0,-334,,,,
083081,0,0,0,-286,,,,
083086,0,0,0,1,,,,
083088,0,0,0,-115,,,,
083091,0,0,0,-28,,,,
083114,0,0,0,0,,,,
083121,0,0,0,0,,,,
083124,0,0,0,-10,,,,
083136,0,0,0,31,,,,
083139,0,0,0,20,,,,
083146,0,0,0,-4,,,,
083166,0,0,0,-11,,,,
083175,0,0,0,13,,,,
083176,0,0,0,64,,,,
083180,0,0,0,-4,,,,
083181,0,0,0,23,,,,
083184,0,0,0,0,,,,
083185,0,0,0,-20,,,,
083190,0,0,0,31,,,,
083191,0,0,0,-54,,,,
083192,0,0,0,-851,,,,
083195,0,0,0,-3,,,,
083196,0,0,0,-102,,,,
083217,0,0,0,2,,,,
083223,0,0,0,0,,,,
083230,0,0,0,28,,,,
083234,0,0,0,-33,,,,
083245,0,0,0,-5,,,,
083246,0,0,0,-40,,,,
083250,0,0,0,7,,,,
083251,0,0,0,-10,,,,
083255,0,0,0,3,,,,
083259,-15,0,0,15,,,,
083269,0,0,0,20,,,,
083270,0,0,0,200,,,,
083271,0,0,0,10,,,,
083272,0,0,0,97,,,,
083277,0,0,0,12,,,,
083278,0,0,0,1,,,,
083282,0,0,0,-12,,,,
083294,0,0,0,330,,,,
083295,0,0,0,3,,,,
083297,0,0,0,10,,,,
083298,0,0,0,-60,,,,
083299,0,0,0,0,,,,
083303,0,0,0,10,,,,
083310,0,0,0,-25,,,,
083316,0,0,0,-8,,,,
083324,0,0,0,-50,,,,
083325,0,0,0,15,,,,
083329,0,0,0,-76,,,,
083330,0,0,0,7,,,,
083331,0,0,0,30,,,,
083332,0,0,0,0,,,,
083333,0,0,0,-1023,,,,
083335,0,0,0,-75,,,,
083336,0,0,0,-10,,,,
083342,0,0,0,-5,,,,
083343,0,0,0,-1,,,,
083344,0,0,0,-10,,,,
083345,0,0,0,-20,,,,
083346,0,0,0,294,,,,
083347,0,0,0,-40,,,,
083348,0,0,0,-9,,,,
083350,0,0,0,-5,,,,
083354,0,0,0,85,,,,
083367,0,0,0,-40,,,,
083368,0,0,0,24,,,,
083370,0,0,0,65,,,,
083374,0,0,0,6,,,,
083381,0,0,0,-41,,,,
083395,0,0,0,80,,,,
083398,0,0,0,-43,,,,
083407,0,0,0,-6,,,,
083417,0,0,0,-31,,,,
083420,0,0,0,108,,,,
083425,0,0,0,-19,,,,
083427,0,0,0,-50,,,,
083430,0,0,0,1,,,,
083436,0,0,0,6,,,,
083440,0,0,0,144,,,,
083446,0,0,0,270,,,,
083447,0,0,0,-48,,,,
083448,0,0,0,-110,,,,
083457,0,0,0,-91,,,,
083459,0,0,0,-120,,,,
083460,0,0,0,-1,,,,
083465,0,0,0,-938,,,,
083470,0,0,0,7,,,,
083471,0,0,0,-499,,,,
083475,0,0,0,-5,,,,
083479,0,0,0,-10,,,,
083480,0,0,0,20,,,,
083482,0,0,0,57,,,,
083483,0,0,0,-3,,,,
083488,0,0,0,-46,,,,
083493,0,0,0,3,,,,
083501,0,0,0,-31,,,,
083503,0,0,0,38,,,,
083504,0,0,0,1200,,,,
083506,0,0,0,-61,,,,
083508,0,0,0,-31,,,,
083509,0,0,0,-51,,,,
083514,0,0,0,45,,,,
083515,0,0,0,-201,,,,
083516,0,0,0,-5,,,,
083528,0,0,0,29,,,,
083537,0,0,0,-50,,,,
083540,0,0,0,16,,,,
083542,0,0,0,-124,,,,
083545,0,0,0,4,,,,
083549,0,0,0,-24,,,,
083556,0,0,0,-78,,,,
083558,0,0,0,-84,,,,
083559,0,0,0,-30,,,,
083562,0,0,0,-8,,,,
083563,0,0,0,-107,,,,
083564,0,0,0,-2,,,,
083570,0,0,0,6,,,,
083571,0,0,0,-2,,,,
083573,0,0,0,34,,,,
083574,0,0,0,-9,,,,
083576,0,0,0,-10,,,,
083587,0,0,0,123,,,,
083595,0,0,0,12,,,,
083622,0,0,0,-151,,,,
083623,0,0,0,30,,,,
083624,0,0,0,-1,,,,
083626,0,0,0,-1,,,,
083627,0,0,0,-383,,,,
083629,0,0,0,5,,,,
083630,0,0,0,-53,,,,
083632,0,0,0,-11,,,,
083638,0,0,0,38,,,,
083639,0,0,0,114,,,,
083652,0,0,0,16,,,,
083661,0,0,0,100,,,,
083675,0,0,0,5,,,,
083681,0,0,0,-1,,,,
083686,0,0,0,336,,,,
083690,0,0,0,10,,,,
083706,0,0,0,0,,,,
083713,0,0,0,0,,,,
083714,0,0,0,0,,,,
083716,0,0,0,-156,,,,
083720,0,0,0,30,,,,
083727,0,0,0,-12,,,,
083728,0,0,0,5,,,,
083730,0,0,0,5,,,,
083742,0,0,0,0,,,,
083745,0,0,0,-70,,,,
083747,0,0,0,-20,,,,
083748,0,0,0,-8,,,,
083750,0,0,0,20,,,,
083752,0,0,0,15,,,,
083753,0,0,0,35,,,,
083764,0,0,0,-138,,,,
083765,0,0,0,-890,,,,
083766,0,0,0,-20,,,,
083771,0,0,0,50,,,,
083774,0,0,0,-332,,,,
083780,0,0,0,8,,,,
083781,0,0,0,-10,,,,
083802,0,0,0,312,,,,
083804,0,0,0,-1,,,,
083808,0,0,0,139,,,,
083810,0,0,0,33,,,,
083811,0,0,0,-220,,,,
083812,0,0,0,-587,,,,
083814,0,0,0,-6,,,,
083819,0,0,0,-43,,,,
083820,0,0,0,-96,,,,
083822,0,0,0,-69,,,,
083823,0,0,0,-39,,,,
083826,0,0,0,-100,,,,
083827,0,0,0,-80,,,,
083828,0,0,0,-4,,,,
083829,0,0,0,50,,,,
083830,0,0,0,100,,,,
083831,0,0,0,50,,,,
083832,0,0,0,31,,,,
083833,0,0,0,-22,,,,
083835,0,0,0,21,,,,
083856,0,0,0,0,,,,
083857,0,0,0,-5,,,,
083858,0,0,0,13,,,,
083860,0,0,0,-11,,,,
083875,0,0,0,-10,,,,
083878,0,0,0,10,,,,
083880,0,0,0,25,,,,
083883,0,0,0,9,,,,
083884,0,0,0,10,,,,
083887,0,0,0,3,,,,
083888,0,0,0,-12,,,,
083892,0,0,0,-10,,,,
083901,0,0,0,-7,,,,
083902,0,0,0,-66,,,,
083913,0,0,0,10,,,,
083923,0,0,0,0,,,,
083930,0,0,0,30,,,,
083931,0,0,0,25,,,,
083933,0,0,0,4,,,,
083935,0,0,0,-66,,,,
083936,0,0,0,-191,,,,
083937,0,0,0,43,,,,
083938,0,0,0,4,,,,
083939,0,0,0,18,,,,
083940,0,0,0,-6,,,,
083945,0,0,0,306,,,,
083946,0,0,0,-114,,,,
083952,0,0,0,3,,,,
083955,0,0,0,60,,,,
083956,0,0,0,-80,,,,
083958,0,0,0,249,,,,
083959,0,0,0,479,,,,
083961,0,0,0,-8,,,,
083974,0,0,0,-13,,,,
083976,0,0,0,45,,,,
083979,0,0,0,-55,,,,
083982,0,0,0,-477,,,,
083986,0,0,0,-170,,,,
083995,0,0,0,-4,,,,
083996,0,0,0,10,,,,
083999,5,0,0,-5,,,,
084011,0,0,0,5,,,,
084012,0,0,0,14,,,,
084013,0,0,0,-3,,,,
084014,0,0,0,-10,,,,
084015,0,0,0,-133,,,,
084017,0,0,0,160,,,,
084021,0,0,0,-111,,,,
084023,0,0,0,-47,,,,
084024,0,0,0,-12,,,,
084030,0,0,0,-1,,,,
084031,0,0,0,10,,,,
084032,0,0,0,-4,,,,
084035,0,0,0,13,,,,
084039,0,0,0,-10,,,,
084049,0,0,0,0,,,,
084050,0,0,0,2,,,,
084051,0,0,0,20,,,,
084052,0,0,0,1,,,,
084053,0,0,0,-13,,,,
084054,0,0,0,-4,,,,
084055,0,0,0,492,,,,
084056,0,0,0,12,,,,
084058,0,0,0,29,,,,
084062,0,0,0,-60,,,,
084066,0,0,0,53,,,,
084071,0,0,0,48,,,,
084078,0,0,0,7,,,,
084081,0,0,0,-126,,,,
084082,0,0,0,-9,,,,
084088,0,0,0,-1,,,,
084089,0,0,0,-138,,,,
084090,0,0,0,-805,,,,
084091,0,0,0,-18,,,,
084101,0,0,0,-85,,,,
084103,0,0,0,-65,,,,
084104,0,0,0,20,,,,
084106,0,0,0,330,,,,
084107,0,0,0,-202,,,,
084110,0,0,0,37,,,,
084114,0,0,0,-4,,,,
084118,0,0,0,103,,,,
084124,0,0,0,-20,,,,
084127,0,0,0,-499,,,,
084140,0,0,0,-796,,,,
084141,0,0,0,-50,,,,
084145,0,0,0,-50,,,,
084147,0,0,0,-4,,,,
084149,0,0,0,10,,,,
084155,0,0,0,-48,,,,
084157,0,0,0,-347,,,,
084174,0,0,0,26,,,,
084175,0,0,0,50,,,,
084179,0,0,0,82,,,,
084180,0,0,0,13,,,,
084187,0,0,0,-10,,,,
084189,0,0,0,25,,,,
084190,0,0,0,33,,,,
084192,0,0,0,-62,,,,
084196,0,0,0,-55,,,,
084197,0,0,0,1,,,,
084198,0,0,0,3,,,,
084203,0,0,0,-419,,,,
084204,0,0,0,-24,,,,
084205,0,0,0,-32,,,,
084206,0,0,0,2,,,,
084208,0,0,0,14,,,,
08420P,0,0,0,-40,,,,
084210,0,0,0,1,,,,
084213,0,0,0,1,,,,
084217,0,0,0,-82,,,,
084219,0,0,0,11,,,,
084225,0,0,0,71,,,,
084230,0,0,0,-12,,,,
084240,0,0,0,99,,,,
084241,0,0,0,159,,,,
084243,0,0,0,-1,,,,
084247,0,0,0,500,,,,
084250,0,0,0,-81,,,,
084261,0,0,0,460,,,,
084264,0,0,0,47,,,,
084268,0,0,0,-13,,,,
084287,0,0,0,499,,,,
084288,0,0,0,-32,,,,
084290,0,0,0,-80,,,,
084293,0,0,0,-50,,,,
084294,0,0,0,-55,,,,
084295,0,0,0,34,,,,
084301,0,0,0,-10,,,,
084302,0,0,0,-40,,,,
084305,0,0,0,-365,,,,
084306,0,0,0,-1,,,,
084313,0,0,0,0,,,,
084316,0,0,0,-54,,,,
084322,0,0,0,10,,,,
084323,0,0,0,34,,,,
084326,0,0,0,5,,,,
084356,0,0,0,23,,,,
084360,0,0,0,201,,,,
084364,0,0,0,12,,,,
084365,0,0,0,20,,,,
084366,0,0,0,-157,,,,
084368,0,0,0,-13,,,,
084375,0,0,0,-50,,,,
084376,0,0,0,-74,,,,
084383,0,0,0,0,,,,
084384,0,0,0,-5,,,,
084389,0,0,0,280,,,,
084390,0,0,0,201,,,,
084399,0,0,0,-1,,,,
084418,0,0,0,80,,,,
084420,0,0,0,-14,,,,
084422,0,0,0,-20,,,,
084428,0,0,0,-30,,,,
084438,0,0,0,499,,,,
084452,0,0,0,-13,,,,
084453,0,0,0,-16,,,,
084454,0,0,0,8,,,,
084457,0,0,0,0,,,,
084469,0,0,0,169,,,,
084470,0,0,0,-236,,,,
084476,0,0,0,163,,,,
084482,0,0,0,-63,,,,
084484,0,0,0,15,,,,
084496,0,0,0,-15,,,,
084497,0,0,0,36,,,,
084498,0,0,0,20,,,,
084499,0,0,0,-2,,,,
084503,0,0,0,-3,,,,
084507,0,0,0,-8,,,,
084509,0,0,0,10,,,,
084511,0,0,0,1,,,,
084512,0,0,0,5,,,,
084516,0,0,0,23,,,,
084521,0,0,0,10,,,,
084524,0,0,0,-5,,,,
084532,0,0,0,15,,,,
084541,0,0,0,-4,,,,
084550,0,0,0,-14,,,,
084551,0,0,0,-30,,,,
084553,0,0,0,-39,,,,
084562,0,0,0,-120,,,,
084565,0,0,0,-6,,,,
084569,0,0,0,-23,,,,
084570,0,0,0,0,,,,
084571,0,0,0,5,,,,
084578,0,0,0,-35,,,,
084579,0,0,0,-1,,,,
084582,0,0,0,30,,,,
084593,0,0,0,62,,,,
084594,0,0,0,-81,,,,
084599,0,0,0,-10,,,,
084602,0,0,0,185,,,,
084604,0,0,0,-22,,,,
084608,0,0,0,53,,,,
084612,0,0,0,23,,,,
084614,0,0,0,-11,,,,
084631,0,0,0,-10,,,,
084633,0,0,0,-10,,,,
084638,0,0,0,-52,,,,
084640,0,0,0,-1,,,,
084641,0,0,0,-339,,,,
08464P,0,0,0,20,,,,
084652,0,0,0,0,,,,
084658,0,0,0,49,,,,
084659,0,0,0,6,,,,
084660,0,0,0,4,,,,
084661,0,0,0,-30,,,,
084676,0,0,0,-20,,,,
084698,0,0,0,192,,,,
084700,0,0,0,-4,,,,
084703,0,0,0,-30,,,,
084706,0,0,0,-6,,,,
084712,0,0,0,7,,,,
084718,0,0,0,0,,,,
084720,0,0,0,-5,,,,
084733,0,0,0,3,,,,
084736,0,0,0,165,,,,
084738,0,0,0,-2,,,,
08473P,0,0,0,-2,,,,
084741,0,0,0,-16,,,,
084742,0,0,0,-2,,,,
084749,0,0,0,11,,,,
084759,0,0,0,5,,,,
084760,0,0,0,-5,,,,
084761,0,0,0,-4,,,,
084762,0,0,0,-20,,,,
084764,0,0,0,5,,,,
084777,0,0,0,-144,,,,
084782,0,0,0,-40,,,,
084799,0,0,0,-2,,,,
084802,0,0,0,3,,,,
084803,0,0,0,7,,,,
084808,0,0,0,30,,,,
084810,0,0,0,8,,,,
084816,0,0,0,10,,,,
084819,0,0,0,-8,,,,
084825,0,0,0,-53,,,,
084828,0,0,0,25,,,,
084831,0,0,0,183,,,,
084836,0,0,0,-20,,,,
084837,0,0,0,0,,,,
084843,0,0,0,36,,,,
084846,0,0,0,5,,,,
084847,0,0,0,-26,,,,
084848,0,0,0,0,,,,
084851,0,0,0,2,,,,
084856,0,0,0,-60,,,,
084863,0,0,0,7,,,,
084869,0,0,0,2,,,,
084870,0,0,0,-6,,,,
084872,0,0,0,80,,,,
084874,0,0,0,56,,,,
084878,0,0,0,0,,,,
084879,0,0,0,-85,,,,
084880,0,0,0,10,,,,
084885,0,0,0,544,,,,
084888,0,0,0,-359,,,,
084889,0,0,0,-881,,,,
084891,0,0,0,-56,,,,
084892,0,0,0,-88,,,,
084903,0,0,0,16,,,,
084904,0,0,0,76,,,,
084906,0,0,0,3,,,,
084910,0,0,0,2,,,,
084911,0,0,0,26,,,,
084914,0,0,0,0,,,,
084915,0,0,0,5,,,,
084925,0,0,0,-10,,,,
084927,0,0,0,-6,,,,
084935,0,0,0,-5,,,,
084936,0,0,0,-12,,,,
084943,0,0,0,-203,,,,
084951,0,0,0,-15,,,,
084953,0,0,0,-1,,,,
084956,0,0,0,-258,,,,
084957,0,0,0,-549,,,,
084958,0,0,0,-20,,,,
084960,0,0,0,-20,,,,
084964,0,0,0,3,,,,
084966,0,0,0,7,,,,
084967,0,0,0,3,,,,
084971,0,0,0,-5,,,,
084976,0,0,0,204,,,,
084981,0,0,0,207,,,,
084982,0,0,0,2,,,,
084984,0,0,0,0,,,,
084991,0,0,0,97,,,,
084992,0,0,0,-8,,,,
084996,0,0,0,-15,,,,
085001,0,0,0,5,,,,
085004,0,0,0,-80,,,,
085013,0,0,0,-35,,,,
085014,0,0,0,45,,,,
085025,0,0,0,2,,,,
085040,0,0,0,-4,,,,
085043,0,0,0,27,,,,
085044,0,0,0,-8,,,,
085047,0,0,0,-456,,,,
085049,0,0,0,-8,,,,
085054,0,0,0,18,,,,
085055,0,0,0,-20,,,,
085057,0,0,0,-102,,,,
085061,0,0,0,229,,,,
085065,0,0,0,7,,,,
085066,0,0,0,34,,,,
085074,0,0,0,20,,,,
085075,0,0,0,-72,,,,
085076,0,0,0,-1,,,,
085077,0,0,0,35,,,,
085079,0,0,0,-24,,,,
085085,0,0,0,-10,,,,
085091,0,0,0,-52,,,,
085093,0,0,0,1,,,,
085095,0,0,0,10,,,,
085100,0,0,0,100,,,,
085102,0,0,0,-2,,,,
085105,0,0,0,-99,,,,
085109,0,0,0,25,,,,
085112,0,0,0,2,,,,
085115,0,0,0,-133,,,,
085124,0,0,0,-86,,,,
085126,0,0,0,3,,,,
085132,0,0,0,502,,,,
085142,0,0,0,20,,,,
085156,0,0,0,0,,,,
085157,0,0,0,-17,,,,
085168,0,0,0,-10,,,,
085171,0,0,0,-1,,,,
085172,0,0,0,4,,,,
085175,0,0,0,20,,,,
085177,0,0,0,-37,,,,
085178,0,0,0,-1,,,,
085179,0,0,0,-74,,,,
085180,0,0,0,2,,,,
085183,0,0,0,0,,,,
085184,0,0,0,43,,,,
085187,0,0,0,0,,,,
085198,0,0,0,-250,,,,
085203,0,0,0,13,,,,
085205,0,0,0,9,,,,
085212,0,0,0,103,,,,
085215,0,0,0,-12,,,,
085219,0,0,0,16,,,,
085220,0,0,0,-1,,,,
085223,0,0,0,3,,,,
085230,0,0,0,-5,,,,
085234,0,0,0,372,,,,
085239,0,0,0,9,,,,
085241,0,0,0,-124,,,,
085245,0,0,0,6,,,,
085246,0,0,0,28,,,,
085251,0,0,0,1,,,,
085253,0,0,0,362,,,,
085257,0,0,0,-21,,,,
085259,0,0,0,2,,,,
085268,0,0,0,37,,,,
085270,0,0,0,-100,,,,
085275,0,0,0,-8,,,,
085277,0,0,0,-51,,,,
085278,0,0,0,-195,,,,
085280,0,0,0,-29,,,,
085281,0,0,0,105,,,,
085285,0,0,0,15,,,,
085286,0,0,0,-29,,,,
085290,0,0,0,2,,,,
085291,0,0,0,0,,,,
085294,0,0,0,-70,,,,
085295,0,0,0,2,,,,
085297,0,0,0,0,,,,
085299,0,0,0,0,,,,
085302,0,0,0,15,,,,
085308,0,0,0,-2,,,,
085314,0,0,0,810,,,,
085315,0,0,0,0,,,,
085316,0,0,0,5,,,,
085327,0,0,0,2,,,,
085329,0,0,0,-73,,,,
085332,0,0,0,-15,,,,
085335,0,0,0,52,,,,
085336,0,0,0,236,,,,
085338,0,0,0,4,,,,
085340,0,0,0,14,,,,
085343,0,0,0,3,,,,
085346,0,0,0,9,,,,
085351,0,0,0,30,,,,
085366,0,0,0,200,,,,
085368,0,0,0,130,,,,
085370,0,0,0,98,,,,
085372,0,0,0,62,,,,
085375,0,0,0,40,,,,
085376,0,0,0,-236,,,,
085377,0,0,0,-24,,,,
085383,0,0,0,138,,,,
085386,0,0,0,-63,,,,
085389,0,0,0,3,,,,
085396,0,0,0,41,,,,
085400,0,0,0,161,,,,
085401,0,0,0,131,,,,
085402,0,0,0,-112,,,,
085403,0,0,0,-33,,,,
085407,0,0,0,81,,,,
085408,0,0,0,1,,,,
085424,0,0,0,-7,,,,
085427,0,0,0,400,,,,
085434,0,0,0,-7,,,,
085435,0,0,0,-80,,,,
085436,0,0,0,-20,,,,
085437,0,0,0,20,,,,
085439,0,0,0,100,,,,
085440,0,0,0,0,,,,
085441,0,0,0,-45,,,,
085443,0,0,0,10,,,,
085446,0,0,0,4,,,,
085447,0,0,0,1,,,,
085451,0,0,0,0,,,,
085452,0,0,0,21,,,,
085454,0,0,0,894,,,,
085456,0,0,0,286,,,,
085458,0,0,0,-34,,,,
08545P,0,0,0,-10,,,,
085460,0,0,0,-15,,,,
085461,0,0,0,-64,,,,
085464,0,0,0,-104,,,,
085466,0,0,0,-30,,,,
085467,0,0,0,20,,,,
085468,0,0,0,-30,,,,
085470,0,0,0,-23,,,,
085471,0,0,0,-420,,,,
085472,0,0,0,-89,,,,
085473,0,0,0,2,,,,
085476,0,0,0,-96,,,,
085478,0,0,0,1,,,,
085481,0,0,0,-157,,,,
085484,0,0,0,80,,,,
085486,0,0,0,-11,,,,
085491,0,0,0,3,,,,
085493,0,0,0,16,,,,
085499,0,0,0,34,,,,
085503,0,0,0,50,,,,
085504,0,0,0,-101,,,,
085507,0,0,0,-16,,,,
085511,0,0,0,1,,,,
085515,0,0,0,-34,,,,
085516,0,0,0,-1,,,,
085519,0,0,0,-99,,,,
085524,0,0,0,139,,,,
085528,0,0,0,-10,,,,
085529,0,0,0,15,,,,
085535,0,0,0,-42,,,,
085542,0,0,0,293,,,,
085550,0,0,0,-50,,,,
085551,0,0,0,-12,,,,
085552,0,0,0,239,,,,
085556,0,0,0,-30,,,,
085557,0,0,0,2,,,,
085558,0,0,0,300,,,,
085563,0,0,0,-50,,,,
085564,0,0,0,-30,,,,
085565,0,0,0,-434,,,,
085567,0,0,0,-5,,,,
085568,0,0,0,38,,,,
085573,0,0,0,4,,,,
085575,0,0,0,41,,,,
085587,0,0,0,25,,,,
085588,0,0,0,12,,,,
085589,0,0,0,92,,,,
085607,0,0,0,5,,,,
085609,0,0,0,-9,,,,
085614,0,0,0,-2,,,,
085616,0,0,0,12,,,,
085623,0,0,0,-2,,,,
085626,0,0,0,28,,,,
085628,0,0,0,-30,,,,
085629,0,0,0,-57,,,,
085630,0,0,0,-54,,,,
085631,0,0,0,53,,,,
085632,0,0,0,336,,,,
085633,-3,0,0,5,,,,
085634,0,0,0,2,,,,
085639,0,0,0,-21,,,,
085640,0,0,0,-30,,,,
085642,0,0,0,10,,,,
085644,0,0,0,147,,,,
085650,0,0,0,150,,,,
085658,0,0,0,3,,,,
085659,0,0,0,150,,,,
085661,0,0,0,55,,,,
085662,0,0,0,-175,,,,
085665,0,0,0,0,,,,
085666,0,0,0,-31,,,,
085667,0,0,0,26,,,,
085668,0,0,0,-1,,,,
085677,0,0,0,30,,,,
085680,0,0,0,280,,,,
085682,0,0,0,59,,,,
085687,0,0,0,-110,,,,
085688,0,0,0,8,,,,
085689,0,0,0,39,,,,
085691,0,0,0,-30,,,,
085697,0,0,0,91,,,,
085699,0,0,0,-2,,,,
085702,0,0,0,-18,,,,
085703,0,0,0,9,,,,
085704,0,0,0,4,,,,
085705,0,0,0,84,,,,
085706,0,0,0,7,,,,
085709,0,0,0,-5,,,,
085711,0,0,0,55,,,,
085712,0,0,0,91,,,,
085714,0,0,0,-45,,,,
085715,0,0,0,12,,,,
085719,0,0,0,8,,,,
085721,0,0,0,89,,,,
085725,0,0,0,-1,,,,
085731,0,0,0,-250,,,,
085732,0,0,0,-14,,,,
085733,0,0,0,6,,,,
085734,0,0,0,-236,,,,
085738,0,0,0,7,,,,
085742,0,0,0,-19,,,,
085743,0,0,0,-5,,,,
085744,0,0,0,-4,,,,
085745,0,0,0,-5,,,,
085747,0,0,0,73,,,,
085748,0,0,0,2,,,,
085753,0,0,0,-66,,,,
085754,0,0,0,72,,,,
085757,0,0,0,-143,,,,
085758,0,0,0,200,,,,
085762,0,0,0,-206,,,,
085767,0,0,0,-10,,,,
085768,0,0,0,1,,,,
085772,0,0,0,-7,,,,
085773,0,0,0,11,,,,
085774,0,0,0,105,,,,
085785,0,0,0,15,,,,
085787,0,0,0,-1,,,,
085790,0,0,0,6,,,,
085792,0,0,0,-87,,,,
085793,0,0,0,-18,,,,
085795,0,0,0,300,,,,
085805,0,0,0,181,,,,
085808,0,0,0,-18,,,,
085810,0,0,0,-245,,,,
085811,0,0,0,-2,,,,
085825,0,0,0,159,,,,
085831,0,0,0,-100,,,,
085832,0,0,0,1,,,,
085834,0,0,0,-21,,,,
085838,0,0,0,-10,,,,
085839,0,0,0,-1,,,,
085842,0,0,0,68,,,,
085843,0,0,0,-10,,,,
085844,0,0,0,-36,,,,
085849,0,0,0,-15,,,,
085850,0,0,0,-17,,,,
085854,0,0,0,30,,,,
085856,0,0,0,-40,,,,
085861,0,0,0,-1,,,,
085871,0,0,0,-48,,,,
085874,0,0,0,27,,,,
085877,0,0,0,-3,,,,
085882,0,0,0,-10,,,,
085885,0,0,0,100,,,,
085888,0,0,0,137,,,,
085892,0,0,0,4,,,,
085894,0,0,0,20,,,,
085897,0,0,0,20,,,,
085900,0,0,0,-55,,,,
085901,0,0,0,-73,,,,
085902,0,0,0,-8,,,,
085904,0,0,0,9,,,,
085912,0,0,0,5,,,,
085915,0,0,0,-76,,,,
085918,0,0,0,104,,,,
085920,0,0,0,10,,,,
085921,0,0,0,10,,,,
085927,0,0,0,-30,,,,
085931,0,0,0,2,,,,
085937,0,0,0,90,,,,
085941,0,0,0,-109,,,,
085943,0,0,0,2176,,,,
085948,0,0,0,75,,,,
085949,0,0,0,15,,,,
085953,0,0,0,4,,,,
085954,0,0,0,18,,,,
085958,0,0,0,-15,,,,
085959,0,0,0,3,,,,
085960,0,0,0,259,,,,
085961,0,0,0,-120,,,,
085962,0,0,0,-22,,,,
085967,0,0,0,10,,,,
085975,0,0,0,551,,,,
085977,0,0,0,-32,,,,
085978,0,0,0,-244,,,,
085979,0,0,0,1,,,,
085984,0,0,0,-5,,,,
085985,0,0,0,-20,,,,
085990,0,0,0,13,,,,
085991,0,0,0,-30,,,,
085995,0,0,0,-46,,,,
085996,0,0,0,25,,,,
085997,0,0,0,370,,,,
085999,0,0,0,-1,,,,
086002,0,0,0,-2,,,,
086004,0,0,0,-6,,,,
086006,0,0,0,-300,,,,
086009,0,0,0,-86,,,,
086012,0,0,0,3,,,,
086016,0,0,0,-3,,,,
086022,0,0,0,17,,,,
086026,0,0,0,5,,,,
086028,0,0,0,-30,,,,
086035,0,0,0,153,,,,
086036,0,0,0,-305,,,,
086038,0,0,0,11,,,,
086048,0,0,0,-181,,,,
086055,0,0,0,-4,,,,
086057,0,0,0,-3,,,,
086058,0,0,0,-8,,,,
086060,0,0,0,17,,,,
086061,0,0,0,-105,,,,
086069,0,0,0,3,,,,
086080,0,0,0,-5,,,,
086085,0,0,0,-101,,,,
086089,0,0,0,-439,,,,
086096,0,0,0,-77,,,,
086099,0,0,0,14,,,,
086101,0,0,0,57,,,,
086103,0,0,0,35,,,,
086104,0,0,0,-3,,,,
086106,0,0,0,6,,,,
086107,0,0,0,-10,,,,
086108,0,0,0,156,,,,
086109,0,0,0,-97,,,,
086112,0,0,0,10,,,,
086113,0,0,0,3,,,,
086118,0,0,0,-15,,,,
086121,0,0,0,-26,,,,
086123,0,0,0,-35,,,,
086124,0,0,0,-37,,,,
086125,0,0,0,-10,,,,
086126,0,0,0,-2,,,,
086127,0,0,0,-3,,,,
086128,0,0,0,54,,,,
086130,0,0,0,26,,,,
086133,0,0,0,241,,,,
086135,0,0,0,24,,,,
086138,0,0,0,-10,,,,
086139,0,0,0,-38,,,,
086141,0,0,0,-40,,,,
086144,0,0,0,-151,,,,
086147,0,0,0,1,,,,
086148,0,0,0,1126,,,,
086158,0,0,0,11,,,,
086159,0,0,0,1,,,,
086161,0,0,0,-28,,,,
086162,0,0,0,-317,,,,
086163,0,0,0,20,,,,
086165,0,0,0,16,,,,
086168,0,0,0,-27,,,,
086172,0,0,0,1,,,,
086178,0,0,0,-10,,,,
086179,0,0,0,-8,,,,
086180,0,0,0,4,,,,
086183,0,0,0,-14,,,,
086187,0,0,0,-5,,,,
086189,0,0,0,-288,,,,
086193,0,0,0,10,,,,
086195,0,0,0,-90,,,,
086199,0,0,0,5,,,,
086201,0,0,0,30,,,,
086203,0,0,0,-3,,,,
086206,0,0,0,-110,,,,
086208,0,0,0,-49,,,,
086209,0,0,0,-36,,,,
086210,0,0,0,148,,,,
086212,0,0,0,52,,,,
086213,0,0,0,175,,,,
086214,0,0,0,98,,,,
086215,0,0,0,40,,,,
086217,0,0,0,-10,,,,
086219,0,0,0,-1,,,,
086224,0,0,0,-2,,,,
086227,0,0,0,-103,,,,
086233,0,0,0,38,,,,
086236,0,0,0,-8,,,,
086237,0,0,0,6,,,,
086243,0,0,0,-50,,,,
086244,0,0,0,-26,,,,
086247,0,0,0,-30,,,,
086251,0,0,0,29,,,,
086255,0,0,0,-159,,,,
086256,0,0,0,-170,,,,
086262,0,0,0,-22,,,,
086264,0,0,0,38,,,,
086267,0,0,0,-14,,,,
086268,0,0,0,-7,,,,
086269,0,0,0,14,,,,
086270,0,0,0,-13,,,,
086271,0,0,0,-200,,,,
086273,0,0,0,-4,,,,
086275,0,0,0,-22,,,,
086278,0,0,0,-9,,,,
086279,0,0,0,-6,,,,
086280,0,0,0,-15,,,,
086283,0,0,0,-90,,,,
086289,0,0,0,-13,,,,
086293,0,0,0,-303,,,,
086294,0,0,0,-75,,,,
086295,0,0,0,-84,,,,
086296,0,0,0,-30,,,,
086297,0,0,0,-8,,,,
086298,0,0,0,6,,,,
086299,0,0,0,5,,,,
086302,0,0,0,-385,,,,
086304,0,0,0,-10,,,,
086305,0,0,0,-85,,,,
086306,0,0,0,-15,,,,
086307,0,0,0,1,,,,
086308,0,0,0,-61,,,,
086309,0,0,0,-272,,,,
086311,0,0,0,-47,,,,
086312,0,0,0,-144,,,,
086313,0,0,0,23,,,,
086314,0,0,0,491,,,,
086315,0,0,0,206,,,,
086323,0,0,0,72,,,,
086324,0,0,0,129,,,,
086325,0,0,0,18,,,,
086328,0,0,0,-37,,,,
086329,0,0,0,-40,,,,
086330,0,0,0,18,,,,
086332,0,0,0,79,,,,
086333,0,0,0,53,,,,
086335,0,0,0,-4,,,,
086337,0,0,0,-73,,,,
086343,0,0,0,677,,,,
086344,0,0,0,100,,,,
086345,0,0,0,-2,,,,
086346,0,0,0,-55,,,,
086347,0,0,0,-117,,,,
086350,0,0,0,-5,,,,
086352,0,0,0,-5,,,,
086353,0,0,0,-25,,,,
086354,0,0,0,2,,,,
086356,0,0,0,-269,,,,
086357,0,0,0,87,,,,
086365,0,0,0,3,,,,
086366,0,0,0,-50,,,,
086368,0,0,0,-20,,,,
086370,0,0,0,1,,,,
086371,0,0,0,-30,,,,
086375,0,0,0,-150,,,,
086383,0,0,0,-52,,,,
086387,0,0,0,5,,,,
086388,0,0,0,-1,,,,
086391,0,0,0,1,,,,
086395,0,0,0,1,,,,
086396,0,0,0,1,,,,
086399,0,0,0,100,,,,
086402,0,0,0,-24,,,,
086403,0,0,0,-45,,,,
086405,0,0,0,-18,,,,
086406,0,0,0,23,,,,
086408,0,0,0,183,,,,
086411,0,0,0,505,,,,
086414,0,0,0,34,,,,
086416,0,0,0,2,,,,
086425,0,0,0,20,,,,
086427,0,0,0,-43,,,,
086429,0,0,0,-19,,,,
086432,0,0,0,497,,,,
086435,0,0,0,11,,,,
086437,0,0,0,-5,,,,
086441,0,0,0,-400,,,,
086443,0,0,0,-116,,,,
086445,0,0,0,408,,,,
086450,0,0,0,-100,,,,
086451,0,0,0,156,,,,
086452,0,0,0,-47,,,,
086453,0,0,0,122,,,,
086454,0,0,0,-140,,,,
086456,0,0,0,1,,,,
086459,0,0,0,70,,,,
086460,0,0,0,-60,,,,
086461,0,0,0,-57,,,,
086462,0,0,0,98,,,,
086463,0,0,0,-181,,,,
086464,0,0,0,251,,,,
086467,0,0,0,-106,,,,
086470,0,0,0,39,,,,
086471,0,0,0,3,,,,
086472,0,0,0,138,,,,
086474,0,0,0,90,,,,
086475,0,0,0,14,,,,
086476,0,0,0,2,,,,
086478,0,0,0,-111,,,,
086479,0,0,0,30,,,,
086481,0,0,0,15,,,,
086482,0,0,0,100,,,,
086483,0,0,0,-1,,,,
086484,0,0,0,-510,,,,
086489,0,0,0,-73,,,,
086490,0,0,0,5,,,,
086491,0,0,0,-10,,,,
086494,0,0,0,-23,,,,
086496,0,0,0,42,,,,
086501,0,0,0,1,,,,
086503,0,0,0,-13,,,,
086506,0,0,0,-158,,,,
086509,0,0,0,6,,,,
086511,0,0,0,-5,,,,
086516,0,0,0,-110,,,,
086518,0,0,0,-160,,,,
086519,0,0,0,-99,,,,
086520,0,0,0,10,,,,
086521,0,0,0,-29,,,,
086526,0,0,0,12,,,,
086527,0,0,0,10,,,,
086528,0,0,0,10,,,,
086530,0,0,0,32,,,,
086535,0,0,0,-265,,,,
086536,0,0,0,-234,,,,
086540,0,0,0,3,,,,
086541,0,0,0,218,,,,
086545,0,0,0,10,,,,
086546,0,0,0,-554,,,,
086547,0,0,0,12,,,,
086548,0,0,0,171,,,,
086550,0,0,0,-228,,,,
086552,0,0,0,28,,,,
086554,0,0,0,111,,,,
086558,0,0,0,-3,,,,
086559,0,0,0,-1,,,,
086560,0,0,0,-30,,,,
086562,0,0,0,-566,,,,
086563,0,0,0,-205,,,,
086566,0,0,0,30,,,,
086569,0,0,0,-13,,,,
08656P,0,0,0,-1,,,,
086573,0,0,0,99,,,,
086581,0,0,0,10,,,,
086585,0,0,0,-2,,,,
086586,0,0,0,2,,,,
086587,0,0,0,35,,,,
086588,0,0,0,-471,,,,
086590,0,0,0,86,,,,
086591,0,0,0,4,,,,
086596,0,0,0,-630,,,,
086597,0,0,0,-2,,,,
086598,0,0,0,80,,,,
086599,0,0,0,-59,,,,
086604,0,0,0,2,,,,
086605,0,0,0,-56,,,,
086609,0,0,0,128,,,,
086611,0,0,0,4,,,,
086613,0,0,0,1,,,,
086618,0,0,0,59,,,,
086619,0,0,0,-10,,,,
086620,0,0,0,28,,,,
086622,0,0,0,-3,,,,
086623,0,0,0,-5,,,,
086625,0,0,0,-24,,,,
086626,0,0,0,14,,,,
086628,0,0,0,3,,,,
086636,0,0,0,-49,,,,
086638,0,0,0,-158,,,,
086647,0,0,0,39,,,,
086650,0,0,0,-10,,,,
086652,0,0,0,378,,,,
086655,0,0,0,20,,,,
086656,0,0,0,-33,,,,
086657,0,0,0,-177,,,,
086662,0,0,0,146,,,,
086664,0,0,0,-195,,,,
086666,0,0,0,-108,,,,
086667,0,0,0,-91,,,,
086668,0,0,0,-268,,,,
086669,0,0,0,-1450,,,,
086670,0,0,0,-5,,,,
086671,0,0,0,-383,,,,
086673,0,0,0,-118,,,,
086674,0,0,0,-3,,,,
086677,0,0,0,-16,,,,
086679,0,0,0,-33,,,,
086680,0,0,0,97,,,,
086681,0,0,0,-12,,,,
086682,0,0,0,-100,,,,
086686,0,0,0,24,,,,
086687,0,0,0,1,,,,
086689,0,0,0,-12,,,,
086692,0,0,0,-2,,,,
086694,0,0,0,-155,,,,
086695,0,0,0,0,,,,
086704,0,0,0,-13,,,,
086708,0,0,0,30,,,,
086709,0,0,0,-27,,,,
086710,0,0,0,-101,,,,
086711,0,0,0,40,,,,
086712,0,0,0,-54,,,,
086713,0,0,0,-5,,,,
086716,0,0,0,25,,,,
086718,0,0,0,-2,,,,
086721,0,0,0,10,,,,
086724,0,0,0,70,,,,
086728,0,0,0,-848,,,,
086729,0,0,0,317,,,,
086735,0,0,0,-32,,,,
086736,0,0,0,2,,,,
086737,0,0,0,-72,,,,
08673P,0,0,0,-200,,,,
086741,0,0,0,1,,,,
086742,0,0,0,270,,,,
086743,200,0,0,2521,,,,
086744,0,0,0,200,,,,
086746,0,0,0,255,,,,
086749,0,0,0,-10,,,,
086750,0,0,0,-191,,,,
086752,0,0,0,122,,,,
086753,-5,0,0,194,,,,
086754,0,0,0,66,,,,
086755,0,0,0,-100,,,,
086756,0,0,0,5,,,,
086757,0,0,0,-59,,,,
086761,0,0,0,180,,,,
086762,0,0,0,23,,,,
086765,0,0,0,4,,,,
086768,0,0,0,100,,,,
086769,0,0,0,25,,,,
086774,0,0,0,3,,,,
086775,0,0,0,4,,,,
086777,0,0,0,-10,,,,
086780,0,0,0,41,,,,
086786,0,0,0,-28,,,,
086787,0,0,0,-5,,,,
086797,0,0,0,-167,,,,
086799,0,0,0,15,,,,
086800,0,0,0,27,,,,
086803,0,0,0,-70,,,,
086804,0,0,0,-48,,,,
086805,0,0,0,-76,,,,
086807,0,0,0,260,,,,
086809,0,0,0,0,,,,
086810,0,0,0,0,,,,
086812,0,0,0,3,,,,
086814,0,0,0,-2,,,,
086816,0,0,0,0,,,,
086818,0,0,0,10,,,,
086822,0,0,0,22,,,,
086823,0,0,0,0,,,,
086824,0,0,0,0,,,,
086825,0,0,0,-211,,,,
086831,0,0,0,400,,,,
086833,0,0,0,930,,,,
086834,0,0,0,-4,,,,
086835,0,0,0,108,,,,
086837,0,0,0,-18,,,,
086844,0,0,0,13,,,,
086853,0,0,0,30,,,,
086854,0,0,0,5,,,,
086862,0,0,0,-2,,,,
086864,0,0,0,330,,,,
086865,0,0,0,-29,,,,
086878,0,0,0,0,,,,
086879,0,0,0,8,,,,
086883,0,0,0,17,,,,
086884,0,0,0,3,,,,
086890,0,0,0,40,,,,
086893,0,0,0,90,,,,
086896,0,0,0,108,,,,
086897,0,0,0,58,,,,
086898,0,0,0,-61,,,,
086899,0,0,0,160,,,,
086901,0,0,0,2,,,,
086902,0,0,0,-47,,,,
086904,0,0,0,-186,,,,
086905,0,0,0,-215,,,,
086907,0,0,0,-13,,,,
086913,0,0,0,23,,,,
086918,0,0,0,-46,,,,
086920,0,0,0,-54,,,,
086924,0,0,0,-52,,,,
086926,0,0,0,-18,,,,
086929,0,0,0,-10,,,,
086933,0,0,0,-15,,,,
086934,0,0,0,169,,,,
086935,0,0,0,10,,,,
086936,0,0,0,99,,,,
086937,0,0,0,0,,,,
086938,0,0,0,-2,,,,
086940,0,0,0,-4,,,,
086941,0,0,0,9,,,,
086943,0,0,0,-10,,,,
086944,0,0,0,100,,,,
086946,0,0,0,-91,,,,
086947,0,0,0,-35,,,,
086948,0,0,0,-74,,,,
086951,0,0,0,6,,,,
086954,0,0,0,-19,,,,
086955,0,0,0,5,,,,
086963,0,0,0,64,,,,
086964,0,0,0,-128,,,,
086965,0,0,0,44,,,,
086976,0,0,0,14,,,,
086977,0,0,0,1,,,,
086979,0,0,0,4,,,,
086980,0,0,0,34,,,,
086982,0,0,0,-200,,,,
086985,0,0,0,-1,,,,
086986,0,0,0,-299,,,,
086987,0,0,0,264,,,,
086989,0,0,0,-41,,,,
086990,0,0,0,-33,,,,
086991,0,0,0,-12,,,,
086992,0,0,0,-63,,,,
086993,0,0,0,-45,,,,
086994,0,0,0,-20,,,,
086997,0,0,0,-53,,,,
086998,0,0,0,83,,,,
087002,0,0,0,295,,,,
087004,0,0,0,176,,,,
087009,0,0,0,28,,,,
087010,0,0,0,-47,,,,
087011,0,0,0,148,,,,
087013,0,0,0,-2,,,,
087015,0,0,0,10,,,,
087017,0,0,0,-4,,,,
087018,0,0,0,-10,,,,
087019,0,0,0,0,,,,
087020,0,0,0,28,,,,
087025,0,0,0,40,,,,
087026,0,0,0,5,,,,
087027,0,0,0,-34,,,,
087028,0,0,0,-7,,,,
087029,0,0,0,-12,,,,
087033,0,0,0,1,,,,
087037,0,0,0,1,,,,
087039,0,0,0,0,,,,
087044,0,0,0,-93,,,,
087051,0,0,0,15,,,,
087056,0,0,0,-10,,,,
087057,0,0,0,-1049,,,,
087058,0,0,0,50,,,,
087066,0,0,0,-3,,,,
087071,0,0,0,14,,,,
087073,0,0,0,-972,,,,
087074,0,0,0,5,,,,
087076,0,0,0,265,,,,
087082,0,0,0,-35,,,,
087083,0,0,0,271,,,,
087084,0,0,0,23,,,,
087091,0,0,0,-180,,,,
087092,0,0,0,-23,,,,
087095,0,0,0,205,,,,
087097,0,0,0,-53,,,,
087101,0,0,0,-732,,,,
087106,0,0,0,-8,,,,
087108,0,0,0,-166,,,,
087109,0,0,0,1,,,,
087114,0,0,0,13,,,,
087120,0,0,0,-2,,,,
087131,0,0,0,2,,,,
087134,0,0,0,50,,,,
087136,0,0,0,-196,,,,
087137,0,0,0,-6,,,,
087138,0,0,0,6,,,,
087139,0,0,0,1,,,,
087143,0,0,0,100,,,,
087148,0,0,0,-14,,,,
087149,0,0,0,4,,,,
087154,0,0,0,-2,,,,
087155,0,0,0,21,,,,
087156,0,0,0,33,,,,
087157,0,0,0,-25,,,,
087158,0,0,0,-60,,,,
087163,0,0,0,-16,,,,
087166,0,0,0,0,,,,
087167,0,0,0,-60,,,,
087168,0,0,0,-74,,,,
087171,0,0,0,-53,,,,
087172,0,0,0,4,,,,
087173,0,0,0,20,,,,
087174,0,0,0,652,,,,
087176,0,0,0,-10,,,,
087178,0,0,0,-91,,,,
087186,0,0,0,1,,,,
087192,0,0,0,-42,,,,
087193,0,0,0,74,,,,
087194,0,0,0,28,,,,
087196,0,0,0,-18,,,,
087197,0,0,0,116,,,,
087198,0,0,0,-30,,,,
087201,0,0,0,295,,,,
087204,0,0,0,-41,,,,
087205,0,0,0,32,,,,
087206,0,0,0,-22,,,,
087207,0,0,0,45,,,,
087208,0,0,0,480,,,,
087226,0,0,0,-12,,,,
087251,0,0,0,2,,,,
087254,0,0,0,270,,,,
087258,0,0,0,-138,,,,
087261,0,0,0,-159,,,,
087263,0,0,0,6,,,,
087264,0,0,0,6,,,,
087265,0,0,0,-60,,,,
087268,0,0,0,-236,,,,
087270,0,0,0,-44,,,,
087272,0,0,0,126,,,,
087274,0,0,0,15,,,,
087275,0,0,0,-225,,,,
087278,0,0,0,-15,,,,
087280,0,0,0,10,,,,
087285,0,0,0,-1,,,,
087288,0,0,0,-1,,,,
087289,0,0,0,0,,,,
087290,0,0,0,1,,,,
087291,0,0,0,-2,,,,
087293,0,0,0,40,,,,
087294,0,0,0,-78,,,,
087299,0,0,0,-60,,,,
087303,0,0,0,-30,,,,
087304,0,0,0,-178,,,,
087305,0,0,0,0,,,,
087308,0,0,0,47,,,,
087312,0,0,0,3,,,,
087313,0,0,0,-27,,,,
087315,0,0,0,449,,,,
087316,0,0,0,-34,,,,
087319,0,0,0,-10,,,,
087320,0,0,0,-40,,,,
087327,0,0,0,-3,,,,
087330,0,0,0,1,,,,
087331,0,0,0,-56,,,,
087332,0,0,0,-2,,,,
087333,0,0,0,-19,,,,
087334,0,0,0,-135,,,,
087335,0,0,0,350,,,,
087342,0,0,0,-91,,,,
087345,0,0,0,-2,,,,
087351,0,0,0,81,,,,
087355,0,0,0,21,,,,
087359,0,0,0,-4,,,,
087360,0,0,0,10,,,,
087361,0,0,0,-74,,,,
087362,0,0,0,168,,,,
087363,0,0,0,2,,,,
087365,0,0,0,166,,,,
087366,0,0,0,293,,,,
087374,0,0,0,-6,,,,
087382,0,0,0,0,,,,
087385,0,0,0,-555,,,,
087386,0,0,0,-462,,,,
087389,0,0,0,-2,,,,
087390,0,0,0,-3,,,,
087394,0,0,0,-11,,,,
087398,0,0,0,-164,,,,
087399,0,0,0,33,,,,
087400,0,0,0,20,,,,
087402,0,0,0,-33,,,,
087403,0,0,0,0,,,,
087404,0,0,0,60,,,,
087405,0,0,0,-5,,,,
087406,0,0,0,110,,,,
087413,0,0,0,22,,,,
087422,0,0,0,10,,,,
087423,-10,0,0,-668,,,,
087427,0,0,0,1,,,,
087428,0,0,0,-1,,,,
087429,0,0,0,4,,,,
087430,0,0,0,21,,,,
087432,0,0,0,-25,,,,
087433,0,0,0,-57,,,,
087434,0,0,0,49,,,,
087440,0,0,0,-1,,,,
087442,0,0,0,119,,,,
087445,0,0,0,-23,,,,
087446,0,0,0,28,,,,
087447,0,0,0,1,,,,
087449,0,0,0,10,,,,
087459,0,0,0,-12,,,,
087461,0,0,0,-39,,,,
087463,0,0,0,56,,,,
087464,0,0,0,15,,,,
087465,0,0,0,53,,,,
087470,0,0,0,-50,,,,
087471,0,0,0,-10,,,,
087475,0,0,0,-23,,,,
087476,0,0,0,-14,,,,
087477,0,0,0,-1,,,,
087481,0,0,0,10,,,,
087482,0,0,0,-1,,,,
087483,0,0,0,20,,,,
087484,0,0,0,34,,,,
087485,0,0,0,88,,,,
087488,0,0,0,-19,,,,
087489,0,0,0,-4,,,,
087490,0,0,0,-16,,,,
087491,0,0,0,410,,,,
087497,0,0,0,95,,,,
087498,0,0,0,0,,,,
087503,0,0,0,3,,,,
087506,0,0,0,0,,,,
087509,0,0,0,-30,,,,
087511,0,0,0,3,,,,
087512,0,0,0,-200,,,,
087516,0,0,0,1,,,,
087521,0,0,0,1,,,,
087522,0,0,0,153,,,,
087524,0,0,0,32,,,,
087525,0,0,0,1,,,,
087526,0,0,0,-74,,,,
087527,0,0,0,115,,,,
087530,0,0,0,-40,,,,
087531,0,0,0,-10,,,,
087536,0,0,0,2,,,,
087537,0,0,0,24,,,,
087544,0,0,0,-2,,,,
087548,0,0,0,-3,,,,
087550,0,0,0,-78,,,,
087551,0,0,0,-5,,,,
087552,0,0,0,-9,,,,
087555,0,0,0,-50,,,,
087556,0,0,0,459,,,,
087560,0,0,0,1,,,,
087562,0,0,0,-195,,,,
087563,0,0,0,9,,,,
087567,0,0,0,-612,,,,
087568,0,0,0,18,,,,
087570,0,0,0,-114,,,,
087571,0,0,0,-495,,,,
087573,0,0,0,10,,,,
087574,0,0,0,-2,,,,
087575,0,0,0,-6,,,,
087577,0,0,0,-8,,,,
087578,0,0,0,-12,,,,
087579,0,0,0,8,,,,
087581,0,0,0,-2,,,,
087582,0,0,0,12,,,,
087585,0,0,0,30,,,,
087587,0,0,0,1,,,,
087591,0,0,0,15,,,,
087594,0,0,0,5,,,,
087597,0,0,0,-13,,,,
087604,0,0,0,10,,,,
087608,0,0,0,-1,,,,
087609,0,0,0,-1,,,,
087614,0,0,0,15,,,,
087623,0,0,0,-99,,,,
087625,0,0,0,131,,,,
087626,0,0,0,-40,,,,
087631,0,0,0,42,,,,
087632,0,0,0,0,,,,
087633,0,0,0,-32,,,,
087634,0,0,0,0,,,,
087636,0,0,0,-2,,,,
087638,0,0,0,37,,,,
087641,0,0,0,-42,,,,
087644,0,0,0,-2,,,,
087645,0,0,0,-5,,,,
087647,0,0,0,2,,,,
087652,0,0,0,-8,,,,
087655,0,0,0,-40,,,,
087657,0,0,0,-1,,,,
087659,0,0,0,-48,,,,
087663,0,0,0,5,,,,
087667,0,0,0,27,,,,
087669,0,0,0,-1,,,,
087671,0,0,0,-178,,,,
087675,0,0,0,-27,,,,
087679,0,0,0,-43,,,,
087680,0,0,0,-49,,,,
087681,0,0,0,-3,,,,
087682,0,0,0,535,,,,
087683,0,0,0,-1,,,,
087684,0,0,0,50,,,,
087686,0,0,0,0,,,,
087687,0,0,0,119,,,,
087690,0,0,0,-10,,,,
087691,0,0,0,-17,,,,
087692,0,0,0,-106,,,,
087694,0,0,0,-50,,,,
087703,0,0,0,-23,,,,
087707,0,0,0,-23,,,,
087711,0,0,0,1,,,,
087712,0,0,0,2,,,,
087713,0,0,0,100,,,,
087719,0,0,0,39,,,,
087720,0,0,0,3,,,,
087725,0,0,0,-18,,,,
087730,0,0,0,-68,,,,
087733,0,0,0,-43,,,,
087735,0,0,0,10,,,,
087737,0,0,0,0,,,,
08773P,0,0,0,-20,,,,
087740,0,0,0,-7,,,,
087749,0,0,0,-105,,,,
087755,0,0,0,-10,,,,
087756,0,0,0,-28,,,,
087760,0,0,0,8,,,,
087763,0,0,0,2,,,,
087765,0,0,0,-921,,,,
087767,0,0,0,8,,,,
087768,0,0,0,12,,,,
087769,0,0,0,1,,,,
087770,0,0,0,-1,,,,
087772,0,0,0,3,,,,
087773,0,0,0,2,,,,
087774,0,0,0,-10,,,,
087777,0,0,0,-10,,,,
087778,0,0,0,-388,,,,
087780,0,0,0,10,,,,
087789,0,0,0,19,,,,
087795,0,0,0,7,,,,
087798,0,0,0,-70,,,,
087802,0,0,0,-109,,,,
087803,0,0,0,1,,,,
087807,0,0,0,1,,,,
087809,0,0,0,-10,,,,
08780P,0,0,0,-21,,,,
087813,0,0,0,17,,,,
087816,0,0,0,-3,,,,
087827,0,0,0,-13,,,,
087829,0,0,0,1,,,,
087830,0,0,0,-132,,,,
087831,0,0,0,-87,,,,
087832,0,0,0,-22,,,,
087837,0,0,0,332,,,,
087838,0,0,0,-17,,,,
087845,0,0,0,25,,,,
087847,0,0,0,10,,,,
087851,0,0,0,2,,,,
087853,0,0,0,-147,,,,
087855,0,0,0,7,,,,
087856,0,0,0,1,,,,
087857,0,0,0,50,,,,
087859,0,0,0,13,,,,
087861,0,0,0,-8,,,,
087865,0,0,0,4,,,,
087866,0,0,0,15,,,,
087874,0,0,0,0,,,,
087880,0,0,0,70,,,,
087883,0,0,0,-98,,,,
087884,0,0,0,-40,,,,
087888,0,0,0,9,,,,
087892,0,0,0,-8,,,,
087894,0,0,0,8,,,,
087895,0,0,0,-87,,,,
087899,0,0,0,25,,,,
087902,0,0,0,31,,,,
087904,0,0,0,-106,,,,
087906,0,0,0,-390,,,,
087909,0,0,0,-19,,,,
087910,0,0,0,-2,,,,
087911,0,0,0,5,,,,
087912,0,0,0,-9,,,,
087914,0,0,0,129,,,,
087917,0,0,0,-740,,,,
087921,0,0,0,-223,,,,
087922,0,0,0,-78,,,,
087924,0,0,0,-43,,,,
087925,0,0,0,-9,,,,
087929,0,0,0,-1,,,,
087930,0,0,0,1,,,,
087932,0,0,0,50,,,,
087934,0,0,0,-5,,,,
087941,0,0,0,-15,,,,
087948,0,0,0,-58,,,,
087951,0,0,0,20,,,,
087953,0,0,0,-193,,,,
087954,0,0,0,93,,,,
087956,0,0,0,-18,,,,
087957,0,0,0,1394,,,,
087959,0,0,0,35,,,,
087960,0,0,0,-6,,,,
087961,0,0,0,47,,,,
087962,0,0,0,-3,,,,
087966,0,0,0,0,,,,
087968,0,0,0,152,,,,
087969,0,0,0,-40,,,,
087970,0,0,0,125,,,,
087971,0,0,0,66,,,,
087972,0,0,0,-147,,,,
087977,0,0,0,-68,,,,
087979,0,0,0,168,,,,
087981,0,0,0,-50,,,,
087983,0,0,0,0,,,,
087984,0,0,0,167,,,,
087986,0,0,0,-16,,,,
087989,0,0,0,-174,,,,
088006,0,0,0,-317,,,,
088008,0,0,0,26,,,,
088013,0,0,0,-272,,,,
088015,0,0,0,-29,,,,
088016,0,0,0,106,,,,
088017,0,0,0,-13,,,,
088019,0,0,0,-250,,,,
088020,0,0,0,54,,,,
088022,0,0,0,-126,,,,
088023,0,0,0,41,,,,
088031,0,0,0,1,,,,
088032,0,0,0,-146,,,,
088033,0,0,0,-105,,,,
088036,0,0,0,-211,,,,
088043,0,0,0,10,,,,
088044,0,0,0,1,,,,
088046,0,0,0,18,,,,
088047,0,0,0,-23,,,,
088049,0,0,0,-10,,,,
088051,0,0,0,12,,,,
088052,0,0,0,-64,,,,
088053,0,0,0,-2,,,,
088054,0,0,0,-26,,,,
088067,0,0,0,-58,,,,
088070,0,0,0,680,,,,
088072,0,0,0,23,,,,
088075,0,0,0,-113,,,,
088076,0,0,0,-49,,,,
088079,0,0,0,10,,,,
088081,0,0,0,10,,,,
088082,0,0,0,-2,,,,
088085,0,0,0,0,,,,
088087,0,0,0,6,,,,
088088,0,0,0,89,,,,
088089,0,0,0,134,,,,
088090,0,0,0,51,,,,
088091,0,0,0,-376,,,,
088094,0,0,0,0,,,,
088099,0,0,0,-141,,,,
088104,0,0,0,-7,,,,
088105,0,0,0,-95,,,,
088119,0,0,0,-189,,,,
088123,0,0,0,147,,,,
088124,0,0,0,50,,,,
088126,0,0,0,33,,,,
088140,0,0,0,-99,,,,
088143,0,0,0,5,,,,
088146,0,0,0,30,,,,
088147,0,0,0,61,,,,
088151,0,0,0,-73,,,,
088152,0,0,0,-316,,,,
088156,0,0,0,267,,,,
088159,0,0,0,-53,,,,
088160,0,0,0,5,,,,
088165,0,0,0,-490,,,,
088168,0,0,0,110,,,,
088169,0,0,0,-40,,,,
088171,0,0,0,6,,,,
088177,0,0,0,-150,,,,
088180,0,0,0,-3,,,,
088184,0,0,0,67,,,,
088188,0,0,0,100,,,,
088189,0,0,0,13,,,,
088190,0,0,0,-46,,,,
088193,0,0,0,0,,,,
088197,0,0,0,-8,,,,
088201,0,0,0,-170,,,,
088202,0,0,0,10,,,,
088205,0,0,0,-194,,,,
088207,0,0,0,-6,,,,
088208,0,0,0,-35,,,,
088210,0,0,0,0,,,,
088211,0,0,0,0,,,,
088212,0,0,0,-243,,,,
088225,0,0,0,5,,,,
088226,0,0,0,-5,,,,
088227,0,0,0,-9,,,,
088228,0,0,0,20,,,,
088230,0,0,0,4,,,,
088235,0,0,0,2,,,,
088238,0,0,0,-4051,,,,
08823P,0,0,0,-80,,,,
088240,0,0,0,-126,,,,
088241,0,0,0,-61,,,,
088244,0,0,0,-79,,,,
088245,0,0,0,10,,,,
088247,0,0,0,-23,,,,
088250,0,0,0,-11,,,,
088254,0,0,0,-59,,,,
088255,0,0,0,278,,,,
088256,0,0,0,1,,,,
088259,0,0,0,-5,,,,
088264,0,0,0,-2,,,,
088265,0,0,0,-20,,,,
088266,0,0,0,2,,,,
088271,0,0,0,-29,,,,
088274,0,0,0,1,,,,
088277,0,0,0,5,,,,
088278,0,0,0,21,,,,
088279,0,0,0,115,,,,
088283,0,0,0,10,,,,
088285,0,0,0,-51,,,,
088286,0,0,0,-143,,,,
088290,0,0,0,1,,,,
088292,0,0,0,6,,,,
088293,0,0,0,-25,,,,
088294,0,0,0,-20,,,,
088295,0,0,0,2,,,,
088296,0,0,0,-20,,,,
088297,0,0,0,-28,,,,
088298,0,0,0,-50,,,,
088299,0,0,0,42,,,,
088301,0,0,0,-37,,,,
088302,0,0,0,-16,,,,
088304,0,0,0,10,,,,
088316,0,0,0,5,,,,
088318,0,0,0,30,,,,
088324,0,0,0,1,,,,
088326,0,0,0,5,,,,
088327,0,0,0,-75,,,,
088330,0,0,0,-317,,,,
088331,0,0,0,220,,,,
088333,0,0,0,49,,,,
088334,0,0,0,53,,,,
088335,0,0,0,-2,,,,
088337,0,0,0,-33,,,,
088340,0,0,0,-109,,,,
088344,0,0,0,10,,,,
088346,0,0,0,0,,,,
088348,0,0,0,-19,,,,
088350,0,0,0,-15,,,,
088351,0,0,0,-1,,,,
088352,0,0,0,10,,,,
088353,0,0,0,29,,,,
088357,0,0,0,-11,,,,
088359,0,0,0,12,,,,
088360,5,0,0,-84,,,,
088369,0,0,0,33,,,,
088370,0,0,0,10,,,,
088371,0,0,0,-1,,,,
088375,0,0,0,-5,,,,
088376,0,0,0,1,,,,
088377,0,0,0,-1,,,,
088378,0,0,0,-23,,,,
088379,0,0,0,-50,,,,
088380,0,0,0,-16,,,,
088383,0,0,0,-418,,,,
088385,0,0,0,3,,,,
088386,0,0,0,7,,,,
088387,0,0,0,51,,,,
088388,0,0,0,193,,,,
088389,0,0,0,2,,,,
088390,0,0,0,-70,,,,
088392,0,0,0,100,,,,
088393,0,0,0,2,,,,
088394,0,0,0,-575,,,,
088395,0,0,0,-377,,,,
088396,0,0,0,121,,,,
088399,0,0,0,-180,,,,
088402,0,0,0,0,,,,
088403,0,0,0,-16,,,,
088404,0,0,0,134,,,,
088406,0,0,0,-128,,,,
088408,0,0,0,766,,,,
088410,0,0,0,7,,,,
088412,0,0,0,10,,,,
088414,0,0,0,-20,,,,
088415,0,0,0,-52,,,,
088416,0,0,0,-14,,,,
088419,0,0,0,-102,,,,
088420,0,0,0,19,,,,
088421,0,0,0,61,,,,
088422,0,0,0,-93,,,,
088424,0,0,0,-64,,,,
088425,0,0,0,7,,,,
088430,0,0,0,-178,,,,
088431,0,0,0,146,,,,
088432,0,0,0,-10,,,,
088434,0,0,0,-5,,,,
088440,0,0,0,-31,,,,
088441,0,0,0,-1,,,,
088442,0,0,0,-2,,,,
088451,0,0,0,500,,,,
088455,0,0,0,-24,,,,
088457,0,0,0,29,,,,
088459,0,0,0,-20,,,,
088460,0,0,0,86,,,,
088462,0,0,0,128,,,,
088463,0,0,0,6,,,,
088465,0,0,0,-7,,,,
088476,0,0,0,-43,,,,
088484,0,0,0,35,,,,
088489,0,0,0,-20,,,,
088491,0,0,0,20,,,,
088493,0,0,0,-1,,,,
088495,0,0,0,-2,,,,
088497,0,0,0,32,,,,
088499,0,0,0,-108,,,,
088505,0,0,0,-133,,,,
088506,0,0,0,-109,,,,
088507,0,0,0,195,,,,
088508,0,0,0,139,,,,
088509,0,0,0,-191,,,,
088510,0,0,0,11,,,,
088511,0,0,0,97,,,,
088512,0,0,0,8,,,,
088513,0,0,0,141,,,,
088514,0,0,0,-10,,,,
088515,0,0,0,144,,,,
088516,0,0,0,84,,,,
088517,0,0,0,-43,,,,
088520,0,0,0,-20,,,,
088524,0,0,0,-154,,,,
088527,0,0,0,-134,,,,
088528,0,0,0,-108,,,,
088529,0,0,0,151,,,,
088530,0,0,0,8,,,,
088532,0,0,0,1,,,,
088536,0,0,0,1,,,,
088537,0,0,0,-11,,,,
088538,0,0,0,-144,,,,
088539,0,0,0,-5,,,,
088548,0,0,0,17,,,,
088556,0,0,0,39,,,,
088557,0,0,0,-4,,,,
088559,0,0,0,-10,,,,
088562,0,0,0,-362,,,,
088563,0,0,0,-26,,,,
088564,0,0,0,200,,,,
088565,0,0,0,5,,,,
088566,0,0,0,-10,,,,
088567,0,0,0,12,,,,
088570,0,0,0,-51,,,,
088572,0,0,0,-1,,,,
088573,0,0,0,60,,,,
088574,0,0,0,-70,,,,
088575,0,0,0,184,,,,
088576,0,0,0,20,,,,
088577,0,0,0,234,,,,
088578,0,0,0,-290,,,,
088580,0,0,0,19,,,,
088581,0,0,0,-1,,,,
088582,0,0,0,65,,,,
088584,0,0,0,20,,,,
088585,0,0,0,82,,,,
088586,0,0,0,14,,,,
088594,0,0,0,150,,,,
088595,0,0,0,40,,,,
088596,0,0,0,-35,,,,
088598,0,0,0,-9,,,,
088602,0,0,0,25,,,,
088603,0,0,0,35,,,,
088605,0,0,0,19,,,,
088606,0,0,0,-19,,,,
088607,0,0,0,-8,,,,
088609,0,0,0,-102,,,,
088610,0,0,0,9,,,,
088614,0,0,0,-19,,,,
088616,0,0,0,-9,,,,
088620,0,0,0,24,,,,
088621,0,0,0,24,,,,
088625,0,0,0,3,,,,
088634,0,0,0,-95,,,,
088635,0,0,0,81,,,,
088638,0,0,0,-23,,,,
088639,0,0,0,-28,,,,
088640,0,0,0,-196,,,,
088642,0,0,0,79,,,,
088644,0,0,0,-107,,,,
088647,0,0,0,8,,,,
088649,0,0,0,-8,,,,
088655,0,0,0,-1,,,,
088661,0,0,0,50,,,,
088662,0,0,0,-56,,,,
088664,0,0,0,9,,,,
088665,0,0,0,1,,,,
088667,0,0,0,-158,,,,
088669,0,0,0,-118,,,,
088670,0,0,0,-2,,,,
088675,0,0,0,-1038,,,,
088676,0,0,0,-2,,,,
088679,0,0,0,-2,,,,
088680,0,0,0,60,,,,
088682,0,0,0,-20,,,,
088685,0,0,0,1,,,,
088686,0,0,0,20,,,,
088688,0,0,0,-135,,,,
088691,0,0,0,0,,,,
088692,0,0,0,-500,,,,
088693,0,0,0,-4,,,,
088694,0,0,0,3,,,,
088696,0,0,0,78,,,,
088697,0,0,0,10,,,,
088710,0,0,0,1,,,,
088712,0,0,0,-81,,,,
088713,0,0,0,-5,,,,
088721,0,0,0,248,,,,
088722,0,0,0,-164,,,,
088724,0,0,0,-9,,,,
088725,0,0,0,-24,,,,
088726,0,0,0,229,,,,
088727,0,0,0,110,,,,
088728,0,0,0,240,,,,
088731,0,0,0,50,,,,
088732,0,0,0,-200,,,,
088733,0,0,0,-193,,,,
088734,0,0,0,-11,,,,
088736,0,0,0,-34,,,,
088737,0,0,0,-5,,,,
088739,0,0,0,117,,,,
088741,0,0,0,-115,,,,
088742,0,0,0,-10,,,,
08874P,0,0,0,-10,,,,
088750,0,0,0,-1,,,,
088751,0,0,0,209,,,,
088753,0,0,0,-229,,,,
088754,0,0,0,-116,,,,
088757,0,0,0,298,,,,
088760,0,0,0,-10,,,,
088761,0,0,0,104,,,,
088762,0,0,0,-42,,,,
088763,20,0,0,-264,,,,
088764,0,0,0,74,,,,
088765,0,0,0,5,,,,
088766,0,0,0,25,,,,
088767,0,0,0,-124,,,,
088769,0,0,0,2,,,,
088780,0,0,0,-118,,,,
088782,0,0,0,-6,,,,
088791,0,0,0,-323,,,,
088792,0,0,0,-10,,,,
088794,0,0,0,-171,,,,
088795,0,0,0,-3,,,,
088797,0,0,0,-4,,,,
088799,0,0,0,-30,,,,
088800,0,0,0,-18,,,,
088803,0,0,0,-32,,,,
088805,0,0,0,219,,,,
088806,0,0,0,34,,,,
088807,0,0,0,-31,,,,
088808,0,0,0,26,,,,
088818,0,0,0,0,,,,
088819,0,0,0,15,,,,
088829,0,0,0,-82,,,,
088835,0,0,0,-3,,,,
088836,0,0,0,290,,,,
088837,0,0,0,10,,,,
088838,0,0,0,96,,,,
088841,0,0,0,6,,,,
088842,0,0,0,-14,,,,
088845,0,0,0,-5,,,,
088846,0,0,0,-4,,,,
088847,0,0,0,1,,,,
088848,0,0,0,0,,,,
088849,0,0,0,-44,,,,
088857,0,0,0,-128,,,,
088861,0,0,0,-7,,,,
088868,0,0,0,-77,,,,
088869,0,0,0,-180,,,,
088870,0,0,0,-166,,,,
088872,0,0,0,-113,,,,
088873,0,0,0,-2,,,,
088874,0,0,0,12,,,,
088876,0,0,0,26,,,,
088877,0,0,0,1,,,,
088879,0,0,0,12,,,,
088880,0,0,0,120,,,,
088884,0,0,0,-24,,,,
088885,0,0,0,-57,,,,
088886,0,0,0,-14,,,,
088887,0,0,0,0,,,,
088888,0,0,0,8,,,,
088889,0,0,0,23,,,,
088890,0,0,0,-61,,,,
088891,0,0,0,160,,,,
088892,0,0,0,10,,,,
088894,0,0,0,-15,,,,
088895,0,0,0,-139,,,,
088896,0,0,0,8,,,,
088902,0,0,0,-300,,,,
088904,0,0,0,-220,,,,
088908,0,0,0,1,,,,
088910,0,0,0,19,,,,
088911,0,0,0,-4,,,,
088914,0,0,0,1,,,,
088915,0,0,0,-20,,,,
088916,0,0,0,-43,,,,
088919,0,0,0,53,,,,
088920,0,0,0,-29,,,,
088921,0,0,0,10,,,,
088925,0,0,0,142,,,,
088926,0,0,0,10,,,,
088927,0,0,0,10,,,,
088929,0,0,0,-5,,,,
088931,0,0,0,24,,,,
088934,0,0,0,-20,,,,
088935,0,0,0,26,,,,
088936,0,0,0,-28,,,,
088940,0,0,0,100,,,,
088954,0,0,0,1,,,,
088958,0,0,0,49,,,,
088960,0,0,0,118,,,,
088964,0,0,0,-9,,,,
088965,0,0,0,-212,,,,
088966,0,0,0,-233,,,,
088967,0,0,0,-675,,,,
088970,0,0,0,153,,,,
088974,0,0,0,287,,,,
088981,0,0,0,-17,,,,
088982,0,0,0,-79,,,,
088983,0,0,0,20,,,,
088984,0,0,0,778,,,,
088985,0,0,0,0,,,,
088987,0,0,0,10,,,,
088991,0,0,0,17,,,,
088997,0,0,0,-7,,,,
089003,0,0,0,4,,,,
089005,0,0,0,-10,,,,
089007,0,0,0,-30,,,,
089009,0,0,0,-24,,,,
089011,0,0,0,-10,,,,
089012,0,0,0,69,,,,
089019,0,0,0,-80,,,,
089020,0,0,0,111,,,,
089032,0,0,0,-22,,,,
089035,0,0,0,-39,,,,
089038,0,0,0,-25,,,,
089040,0,0,0,18,,,,
089042,0,0,0,0,,,,
089043,0,0,0,-9,,,,
089047,0,0,0,60,,,,
089050,0,0,0,7,,,,
089052,0,0,0,-1,,,,
089053,0,0,0,40,,,,
089054,0,0,0,-100,,,,
089055,0,0,0,-400,,,,
089056,0,0,0,32,,,,
089062,0,0,0,-40,,,,
089063,0,0,0,-3,,,,
089064,0,0,0,0,,,,
089065,0,0,0,29,,,,
089068,0,0,0,3,,,,
089072,0,0,0,-23,,,,
089073,0,0,0,-52,,,,
089075,0,0,0,6,,,,
089077,0,0,0,-2,,,,
089078,0,0,0,13,,,,
089080,0,0,0,4,,,,
089081,0,0,0,-120,,,,
089083,0,0,0,110,,,,
089084,0,0,0,142,,,,
089085,0,0,0,12,,,,
089086,0,0,0,18,,,,
089087,0,0,0,-9,,,,
089088,0,0,0,-81,,,,
089089,0,0,0,10,,,,
08908P,0,0,0,20,,,,
089090,0,0,0,411,,,,
089091,0,0,0,10,,,,
089092,0,0,0,-50,,,,
089093,0,0,0,-9,,,,
089094,0,0,0,20,,,,
089095,0,0,0,40,,,,
089100,0,0,0,28,,,,
089101,0,0,0,75,,,,
089103,0,0,0,2,,,,
089105,0,0,0,-8,,,,
089106,0,0,0,1,,,,
089114,0,0,0,-67,,,,
089119,0,0,0,32,,,,
089120,0,0,0,-100,,,,
089121,0,0,0,59,,,,
089128,0,0,0,6,,,,
089132,0,0,0,-74,,,,
089133,0,0,0,-10,,,,
089134,0,0,0,133,,,,
089136,0,0,0,17,,,,
089141,0,0,0,-46,,,,
089143,0,0,0,1,,,,
089149,0,0,0,1,,,,
089150,0,0,0,-5,,,,
089151,0,0,0,5,,,,
089152,0,0,0,420,,,,
089158,0,0,0,-4,,,,
089159,0,0,0,-4,,,,
089160,0,0,0,202,,,,
089161,0,0,0,-30,,,,
089162,0,0,0,-162,,,,
089163,0,0,0,4,,,,
089164,0,0,0,-6,,,,
089167,0,0,0,4,,,,
089168,0,0,0,-18,,,,
089169,0,0,0,-7,,,,
089171,0,0,0,4,,,,
089172,0,0,0,253,,,,
089173,0,0,0,-3,,,,
089174,0,0,0,0,,,,
089175,0,0,0,0,,,,
089187,0,0,0,-32,,,,
089188,0,0,0,5,,,,
089195,0,0,0,-4,,,,
089206,0,0,0,0,,,,
089208,0,0,0,17,,,,
089210,0,0,0,-198,,,,
089214,0,0,0,2,,,,
089225,0,0,0,9,,,,
089226,0,0,0,55,,,,
089228,0,0,0,2,,,,
089232,0,0,0,-10,,,,
089236,0,0,0,12,,,,
089241,0,0,0,-5,,,,
089243,0,0,0,1,,,,
089245,0,0,0,-7,,,,
089246,0,0,0,142,,,,
089247,0,0,0,0,,,,
089248,0,0,0,-51,,,,
089249,0,0,0,0,,,,
089251,0,0,0,-40,,,,
089253,0,0,0,35,,,,
089254,0,0,0,-8,,,,
089255,0,0,0,277,,,,
089256,0,0,0,-43,,,,
089258,0,0,0,15,,,,
089262,0,0,0,-100,,,,
089263,0,0,0,173,,,,
089264,0,0,0,-1,,,,
089265,0,0,0,-6,,,,
089266,0,0,0,-3,,,,
089269,0,0,0,-49,,,,
089270,0,0,0,-19,,,,
089272,0,0,0,-51,,,,
089274,0,0,0,2,,,,
089276,0,0,0,-110,,,,
089277,0,0,0,-11,,,,
089278,0,0,0,-44,,,,
089279,0,0,0,229,,,,
089280,0,0,0,-162,,,,
089281,0,0,0,23,,,,
089282,0,0,0,-209,,,,
089283,0,0,0,32,,,,
089284,0,0,0,-5,,,,
089287,0,0,0,3,,,,
089288,0,0,0,-6,,,,
089289,0,0,0,-20,,,,
089290,0,0,0,142,,,,
089291,0,0,0,24,,,,
089293,0,0,0,-119,,,,
089294,0,0,0,0,,,,
089297,0,0,0,-149,,,,
089302,0,0,0,503,,,,
089303,0,0,0,11,,,,
089306,0,0,0,20,,,,
089307,0,0,0,-55,,,,
089310,0,0,0,4,,,,
089315,0,0,0,-12,,,,
089319,0,0,0,-7,,,,
089320,0,0,0,-2,,,,
089324,0,0,0,-5,,,,
089329,0,0,0,-3,,,,
089330,0,0,0,40,,,,
089332,0,0,0,1,,,,
089333,0,0,0,-2,,,,
089335,0,0,0,12,,,,
089337,0,0,0,0,,,,
089338,0,0,0,0,,,,
089339,0,0,0,18,,,,
089340,0,0,0,-107,,,,
089341,0,0,0,17,,,,
089343,0,0,0,-47,,,,
089344,0,0,0,-8,,,,
089345,0,0,0,34,,,,
089347,0,0,0,267,,,,
089348,0,0,0,-133,,,,
089351,0,0,0,6,,,,
089352,0,0,0,-7,,,,
089353,0,0,0,76,,,,
089354,0,0,0,-28,,,,
089357,0,0,0,126,,,,
08935P,0,0,0,-10,,,,
089362,0,0,0,35,,,,
089364,0,0,0,3,,,,
089365,0,0,0,-10,,,,
089369,0,0,0,-20,,,,
089377,0,0,0,-24,,,,
089378,0,0,0,-29,,,,
089379,0,0,0,10,,,,
089380,0,0,0,-5,,,,
089384,0,0,0,-1,,,,
089385,0,0,0,-12,,,,
089387,0,0,0,-20,,,,
089391,0,0,0,-7,,,,
089393,0,0,0,-99,,,,
089395,0,0,0,5,,,,
089396,0,0,0,-500,,,,
089405,0,0,0,15,,,,
089406,0,0,0,-272,,,,
089407,0,0,0,-2,,,,
089408,0,0,0,7,,,,
089422,0,0,0,31,,,,
089423,0,0,0,36,,,,
089424,0,0,0,10,,,,
089429,0,0,0,7,,,,
089432,0,0,0,3,,,,
089438,0,0,0,-250,,,,
089440,0,0,0,94,,,,
089441,0,0,0,-6,,,,
089442,0,0,0,167,,,,
089443,0,0,0,265,,,,
089444,0,0,0,-34,,,,
089445,0,0,0,21,,,,
089446,0,0,0,-121,,,,
089455,0,0,0,2,,,,
089456,0,0,0,-1,,,,
089461,0,0,0,-4,,,,
089463,0,0,0,-30,,,,
089465,0,0,0,250,,,,
089466,0,0,0,0,,,,
089469,0,0,0,-40,,,,
089471,0,0,0,14,,,,
089472,0,0,0,-60,,,,
089473,0,0,0,76,,,,
089474,0,0,0,-1,,,,
089475,0,0,0,-62,,,,
089477,0,0,0,0,,,,
089480,0,0,0,-2,,,,
089482,0,0,0,12,,,,
089483,0,0,0,-71,,,,
089484,0,0,0,3,,,,
089488,0,0,0,3,,,,
089489,0,0,0,-50,,,,
089490,0,0,0,20,,,,
089493,0,0,0,20,,,,
089495,0,0,0,23,,,,
089497,0,0,0,-7,,,,
089498,0,0,0,3,,,,
089500,0,0,0,0,,,,
089504,0,0,0,-96,,,,
089506,0,0,0,4,,,,
089507,0,0,0,446,,,,
089508,0,0,0,4,,,,
089510,0,0,0,-2,,,,
089511,0,0,0,-39,,,,
089512,0,0,0,-50,,,,
089513,0,0,0,102,,,,
089516,0,0,0,180,,,,
089518,0,0,0,1199,,,,
089522,0,0,0,150,,,,
089525,0,0,0,-18,,,,
089526,0,0,0,39,,,,
089529,0,0,0,17,,,,
089532,0,0,0,110,,,,
089534,0,0,0,-409,,,,
089535,0,0,0,-30,,,,
089537,0,0,0,-2,,,,
089540,0,0,0,-83,,,,
089542,0,0,0,85,,,,
089543,0,0,0,146,,,,
089544,0,0,0,868,,,,
089546,0,0,0,-61,,,,
089548,0,0,0,56,,,,
089550,0,0,0,-186,,,,
089551,0,0,0,424,,,,
089552,0,0,0,-5,,,,
089553,0,0,0,0,,,,
089555,0,0,0,11,,,,
089556,0,0,0,46,,,,
089557,0,0,0,2,,,,
089560,0,0,0,-496,,,,
089562,0,0,0,-106,,,,
089563,0,0,0,240,,,,
089564,0,0,0,4,,,,
089569,0,0,0,252,,,,
08956P,0,0,0,25,,,,
089570,0,0,0,405,,,,
089571,0,0,0,-852,,,,
089572,0,0,0,23,,,,
089574,0,0,0,-195,,,,
089575,0,0,0,-73,,,,
089577,0,0,0,114,,,,
089578,0,0,0,217,,,,
089579,0,0,0,-50,,,,
089581,0,0,0,-3,,,,
089585,0,0,0,1,,,,
089586,0,0,0,79,,,,
089589,0,0,0,-156,,,,
08958P,0,0,0,1,,,,
089590,0,0,0,10,,,,
089592,0,0,0,-7,,,,
089595,0,0,0,19,,,,
089597,0,0,0,-20,,,,
089599,0,0,0,-10,,,,
089602,0,0,0,1,,,,
089606,0,0,0,-5,,,,
089607,0,0,0,-167,,,,
089608,0,0,0,-461,,,,
089609,0,0,0,41,,,,
089610,0,0,0,-17,,,,
089612,0,0,0,1699,,,,
089613,0,0,0,162,,,,
089614,0,0,0,59,,,,
089615,0,0,0,1,,,,
089616,0,0,0,-12,,,,
089622,0,0,0,52,,,,
089625,0,0,0,10,,,,
089627,0,0,0,21,,,,
089628,0,0,0,-1,,,,
089631,0,0,0,-20,,,,
089632,0,0,0,49,,,,
089638,0,0,0,500,,,,
089639,0,0,0,1200,,,,
089644,0,0,0,11,,,,
089654,0,0,0,-236,,,,
089655,0,0,0,18,,,,
089657,0,0,0,-25,,,,
089659,0,0,0,-83,,,,
08965P,0,0,0,30,,,,
089662,0,0,0,0,,,,
089665,0,0,0,-37,,,,
089667,0,0,0,-30,,,,
089670,0,0,0,-35,,,,
089672,0,0,0,2,,,,
089674,0,0,0,-1,,,,
089676,0,0,0,-4,,,,
089677,0,0,0,7,,,,
089683,0,0,0,4,,,,
089685,0,0,0,-258,,,,
089686,0,0,0,-32,,,,
089688,0,0,0,-1,,,,
089689,0,0,0,7,,,,
089690,0,0,0,57,,,,
089692,0,0,0,-12,,,,
089694,0,0,0,39,,,,
089695,0,0,0,-1,,,,
089696,0,0,0,33,,,,
089697,0,0,0,71,,,,
089698,0,0,0,-1,,,,
089699,0,0,0,46,,,,
089700,0,0,0,-160,,,,
089702,0,0,0,92,,,,
089705,0,0,0,48,,,,
089707,0,0,0,-30,,,,
08970P,0,0,0,-50,,,,
089712,0,0,0,-101,,,,
089713,0,0,0,-203,,,,
08971P,0,0,0,100,,,,
089729,0,0,0,-30,,,,
08972P,0,0,0,72,,,,
089732,0,0,0,-8,,,,
089737,0,0,0,-40,,,,
089745,0,0,0,-80,,,,
089754,0,0,0,-29,,,,
089758,0,0,0,-29,,,,
089759,0,0,0,1,,,,
089761,0,0,0,-33,,,,
089766,0,0,0,333,,,,
089767,0,0,0,-2,,,,
089769,0,0,0,22,,,,
089770,0,0,0,3,,,,
089771,0,0,0,8,,,,
089772,0,0,0,5,,,,
089773,0,0,0,34,,,,
089776,0,0,0,-317,,,,
089781,0,0,0,-51,,,,
089782,0,0,0,-186,,,,
089783,0,0,0,299,,,,
089784,0,0,0,42,,,,
089789,0,0,0,-5,,,,
089790,0,0,0,-198,,,,
089799,0,0,0,-50,,,,
089800,0,0,0,-1,,,,
089801,0,0,0,-3,,,,
089804,0,0,0,-3,,,,
089805,0,0,0,20,,,,
089806,0,0,0,170,,,,
089808,0,0,0,-202,,,,
089809,0,0,0,20,,,,
089810,0,0,0,-2,,,,
089813,0,0,0,3,,,,
089817,0,0,0,-38,,,,
089819,0,0,0,69,,,,
089820,0,0,0,225,,,,
089823,0,0,0,256,,,,
089824,0,0,0,34,,,,
089825,0,0,0,798,,,,
089826,0,0,0,153,,,,
089828,0,0,0,4,,,,
089834,0,0,0,2,,,,
089836,0,0,0,3,,,,
089837,0,0,0,41,,,,
089838,0,0,0,-2,,,,
089839,0,0,0,-23,,,,
089848,0,0,0,-2,,,,
089849,0,0,0,-25,,,,
08984P,0,0,0,2,,,,
089850,0,0,0,-30,,,,
089852,0,0,0,-112,,,,
089854,0,0,0,1271,,,,
089859,0,0,0,33,,,,
089860,0,0,0,-38,,,,
089861,0,0,0,112,,,,
089862,0,0,0,-11,,,,
089864,0,0,0,6,,,,
089867,0,0,0,-390,,,,
089868,0,0,0,-88,,,,
089869,0,0,0,1,,,,
089872,0,0,0,-4,,,,
089873,0,0,0,-250,,,,
089875,0,0,0,5,,,,
089876,0,0,0,-33,,,,
089877,0,0,0,118,,,,
089881,0,0,0,7,,,,
089883,0,0,0,23,,,,
089885,0,0,0,10,,,,
089886,0,0,0,299,,,,
089889,0,0,0,73,,,,
089894,0,0,0,-1383,,,,
089895,0,0,0,30,,,,
089896,0,0,0,116,,,,
089898,0,0,0,-30,,,,
089899,0,0,0,9,,,,
089900,0,0,0,-5,,,,
089901,0,0,0,2,,,,
089903,0,0,0,-83,,,,
089904,0,0,0,2,,,,
089905,0,0,0,-18,,,,
089907,0,0,0,32,,,,
089908,0,0,0,5,,,,
089909,0,0,0,14,,,,
089912,0,0,0,300,,,,
089913,0,0,0,-23,,,,
089915,0,0,0,0,,,,
089917,0,0,0,-30,,,,
089922,0,0,0,-10,,,,
089927,0,0,0,47,,,,
089932,0,0,0,-54,,,,
089933,0,0,0,17,,,,
089934,0,0,0,-220,,,,
089937,0,0,0,-7,,,,
089942,0,0,0,-10,,,,
089943,0,0,0,-4,,,,
089946,0,0,0,122,,,,
089948,0,0,0,5,,,,
089949,0,0,0,14,,,,
089950,0,0,0,29,,,,
089951,0,0,0,20,,,,
089953,0,0,0,57,,,,
089954,0,0,0,-409,,,,
089956,0,0,0,-13,,,,
089958,0,0,0,-60,,,,
089959,0,0,0,6,,,,
089960,0,0,0,231,,,,
089964,0,0,0,8,,,,
089967,0,0,0,268,,,,
089969,0,0,0,-2,,,,
089970,0,0,0,-271,,,,
089973,0,0,0,-2,,,,
089974,0,0,0,0,,,,
089982,0,0,0,56,,,,
089983,0,0,0,5,,,,
089985,0,0,0,-102,,,,
089986,0,0,0,-4,,,,
089987,0,0,0,-10,,,,
089989,0,0,0,-120,,,,
089990,0,0,0,-7,,,,
089992,0,0,0,41,,,,
089993,0,0,0,2,,,,
089995,0,0,0,23,,,,
089996,0,0,0,0,,,,
1101,2437.212,0,29.559,62.266,30589,31067,384,336
1101B,0,0,1,0,,,,
1102,545.136,-79.223,-0.149,1,1039,1014,6,6
1103,201.226,0,1,0,3957,3980,2,2
1104,101,-3,0,0,2680,2713,7,7
1108,3,0,0,0,672,672,1,1
1109,7,0,0,0,631,633,0,0
1110,43,0,6,0,3116,3112,0,0
1201,20,0,-0.155,0,1254,1259,0,0
1203,-1,0,0,0,11,11,0,0
1210,984.002,-55,-56.324,-8.469,1915,1910,4,5
1213,,,,,0,0,0,0
1215,398.063,-22,-19.318,4.81,505,832,33,32
1216,-369.825,-66.235,21,135.137,1341,1378,49,48
1217,68,0,0,0,1602,1600,52,52
1218,46.001,0,-6,0,2276,2294,0,0
1219,18,0,6,0,634,634,0,0
1220,24,0,0,0,1035,1034,1,1
1225,46,0,0,0,4035,4036,1,1
1227,68,0,-9,0,2127,2123,0,0
1229,1006.869,0,-18.351,-2,1700,1726,83,46
1231,-171,0,2.222,0,413,395,4,3
1232,-15,0,0,0,10,10,0,0
1233,,,,,60,60,0,0
1234,15,0,0,-0.283,173,173,0,0
1235,0,0,0,0,1006,1006,0,0
1236,-18,0,4,0,113,107,0,0
1240,2,0,0,0,45,45,0,0
1256,20,0,-2,0,213,213,0,0
1259,-1,0,0,0,42,42,0,0
1264,-4,0,0,0,0,0,0,0
1268,-2,0,0,0,123,128,0,0
1294,-2,0,0,0,12,12,0,0
1295,17,0,0,-0.771,,,,
1301,15177.011,0,796.076,1109.209,29449,29648,1165,897
1303,5423.158,1283.231,1207.477,4490.021,38383,31044,2898,1513
1304,3387,0,72.605,-0.001,5793,6358,189,19
1305,1341,0,48,0,3805,3813,8,6
1307,1603.974,0,136.04,12,1748,1829,3,1
1308,1152,0,15.997,0,3522,3459,16,13
1309,604,0,29.699,0,4053,4227,5,3
1310,677,0,5,0,3054,3087,14,13
1312,1974,0,236.347,-2.167,13922,14169,27,32
1313,1212.217,0,-2,0,7149,7134,101,107
1314,-13463,0,486.147,0,75142,73362,896,925
1315,-2,0,0,0,57,55,0,0
1316,389,0,0,0,15069,15108,164,158
1319,-755,-31.177,82.373,21.96,4415,4382,36,40
1321,-1,0,0,0,6900,6898,0,0
1323,-2,0,0,0,90,88,0,0
1324,-5,0,-2,0,1846,1855,0,0
1325,290.95,0,0,0,2277,2277,246,236
1326,7153.258,0,-112,1097.312,25588,22064,1031,909
1336,36,0,0,-0.001,2565,2657,10,10
1337,48,0,0,0,21177,21178,0,0
1338,2,0,0,0,2118,2123,1,1
1339,-3,0,0.145,0,853,850,0,0
1340,-33,0,-1,0,847,850,0,0
1342,10,0,0,0.025,566,574,0,0
1402,4368.381,-7,1050,-37.001,3190,3406,73,133
1409,6257,-6,-29.001,87.856,15329,15542,101,92
1410,-1,0,0,0,234,234,0,0
1413,0,0,-2,0,0,0,0,0
1414,150,0,13.381,0,1236,1289,0,0
1416,60,0,0,0,4022,4010,2,2
1417,11,0,0,0,1043,1045,0,0
1418,1,0,0,0,676,676,0,0
1419,94,0,4,33.599,2308,2303,58,67
1423,1,0,0.576,0,67,66,0,0
1432,8,0,0,0,0,0,0,0
1434,1861,0,1,0,1766,2179,1,1
1435,,,,,0,0,0,0
1436,127.022,0,0,0.583,1223,1227,8,8
1437,64,0,1,0,2798,2838,2,2
1438,-1,0,3,0,405,405,0,0
1439,-3,0,0,0,921,921,0,0
1440,1850.251,0,221.752,0,3971,4017,60,57
1441,,,,,0,0,0,0
1442,-20,0,-6,0,1495,1479,557,557
1443,,,,,99,99,0,0
1444,1198,0,0.343,0,4620,5041,175,64
1445,-5,0,-3,0,2211,2206,0,0
1446,62,0,0,0,2736,2744,1,1
1447,123,0,0,0,6521,6564,2,2
1449,-150,0,16.604,0,5119,5034,51,70
1451,48,0,0.411,0,1195,1166,0,0
1452,15,0,-1,0,111,105,0,0
1453,4,0,0,0,1257,1253,1,1
1454,5,0,3,0,1914,1914,0,0
1455,45.308,0,0.399,0,3327,3337,0,0
1456,2,0,1,0,224,380,0,0
1457,-3,0,1,0,416,427,4,4
1459,1,0,0,0,0,0,0,0
1460,18,0,0,0,0,0,0,0
1463,23,0,0,0,561,549,58,58
1464,63.792,0,0,0,1871,1891,0,0
1465,4,0,13,0,3520,3587,0,0
1466,8,0,3,0,3486,3448,15,14
1467,-105,0,0,0,5567,5567,20,20
1468,0,0,-1,0,0,0,0,0
1470,0,0,0,0,6,6,0,0
1471,123,0,-3,0,0,0,0,0
1472,5,0,0,0,4168,4153,0,0
1473,-1,0,3,0,1235,1238,2,2
1474,4,0,-14,0,3983,4005,0,0
1475,-2,0,0,0,481,477,0,0
1476,49.423,-1.714,3.162,-2.222,241,243,4,4
1477,57,-40.529,-14,3.803,350,362,2,2
1503,-81.986,-4,-25.84,-10.809,4912,4919,53,50
1504,438.872,-1051.487,121.835,59.227,25824,26090,3136,3206
1506,8,0,4.603,0,0,0,0,0
1512,-7,0,-2,0,0,0,0,0
1513,-190.317,-2.4,26.568,-8.419,8848,8863,60,64
1514,-199.757,0,8.206,-23.919,7055,7036,123,131
1515,155,0,-2,0,1865,1868,14,13
1516,2.001,0,0,0,225,226,0,0
1517,121,0,10.999,0,1410,1398,75,68
1519,137.009,108.437,7.236,0.951,3775,3802,321,335
1521,2,0,0,0,336,335,0,0
1522,79.92,-15.066,31.231,3.6,7677,7757,114,116
1524,166,0,-0.632,0,7043,7006,204,210
1525,-3,0,0,0,238,239,0,1
1526,14.001,0,0,0,1116,1121,2,3
1527,38,0,0,0,322,323,0,0
1528,184,0,8.561,0,8281,8194,104,90
1529,401,0,-6,0,3172,3235,20,20
1530,2,0,0,0,101,98,0,0
1531,2,0,0,0,1835,1830,0,0
1532,253,-23.146,-1,0.726,4206,4175,37,37
1533,39,0,0,0,861,874,13,15
1535,10,0,0,0,57,57,0,0
1536,-75.9,0,-21,-5.748,8538,8552,3570,3579
1537,27,0,-1,0,51,52,0,0
1538,,,,,0,0,0,0
1539,0,0,5,0,1522,1525,0,0
1540,150,0,0,0,2553,2571,5,9
1541,-3,0,0,0,158,158,0,0
1558,-8,-0.196,-13,2,533,573,4,4
1560,-31,-177,3.1,-50.022,4588,4513,210,212
1563,50,0,0,0,545,533,9,9
1565,96,0,1,-0.911,1139,1147,9,9
1568,54,0,-2,0,1368,1357,1,1
1569,948,0,0,-7.593,16818,16684,849,678
1570,-17,0,0,0,2981,2888,32,32
1580,4,0,0,0,28,28,0,0
1582,-43,0,0.459,-2.289,2945,2937,77,73
1583,0,0,1,0,69,69,0,0
1584,288,0,0,-0.76,8753,8689,20,20
1586,-163,0,0,0,14260,14134,8,8
1587,49,0,18.364,0,3069,3015,73,72
1589,55,0,0.124,0,4278,4305,889,837
1590,350.574,0,6,2.761,243,230,1,1
1591,8,0,0,-0.048,2058,2072,22,17
1593,5,0,0,0,89,88,0,0
1595,9,0,0,-1,1873,1890,3,3
1597,31,0,0.895,0.369,3253,3264,48,48
1598,135,0,0.055,0,2315,2343,2,11
1599,2,0,0,0,381,381,0,0
1603,85,0,-6,0,2248,2280,4,5
1604,5,0,0,0,394,394,0,0
1605,5614.43,740,843.044,1506.802,60358,54983,1670,1514
1608,438,0,-123,-9.783,10454,10228,230,231
1609,1376.936,-6.841,16,-6.448,17755,17854,98,107
1611,331,0,21.773,0,3619,3652,21,21
1612,-413,0,-19.468,0.329,2235,2250,20,20
1614,-4,0,0,0,455,455,3,3
1615,182,0,0,0,228,242,0,0
1616,68,0,-2,-40.207,5203,5296,109,116
1617,9,0,3.833,0,2101,2101,0,0
1618,85,0,-1,-0.201,5325,5374,23,24
1626,56,0,7,0,3443,3454,0,0
1702,56,140.01,-4.061,2.343,509,511,7,7
1707,39.5,0,1,0.031,361,360,0,0
1708,1345,0,29,0,2900,2863,18,17
1709,115,0,-15,0,2187,2216,0,0
1710,1595,0,31,4.997,4400,4581,33,15
1711,1106,0,8,3.316,13586,13772,32,29
1712,-208,0,45.584,0,647,649,1,1
1713,-6,0,-51,0,3042,3002,0,0
1714,703,0,0,0,6302,6671,2,1
1717,1929.945,-1,52.445,-3,14764,14872,331,389
1718,1990,0,29,0,17196,17926,125,119
1720,-53,0,-6,0,253,225,0,0
1721,97,0,17.071,0,2406,2417,47,47
1722,210,16,0.333,-4.933,2212,2234,0,0
1723,-142,0,7,0,281,282,9,9
1725,-12,0,0,0,412,407,0,0
1726,-2,0,0,0,0,0,0,0
1727,219,0,1,0,5055,5112,245,239
1730,4,0,0,-0.064,7,7,0,0
1731,23,0,0,0,194,197,0,0
1732,42,0,0,0,506,510,42,42
1733,40,0,1,0,4463,4481,6,6
1734,-79,0,-5,0,1332,1329,0,0
1735,-3,0,0.641,0,452,455,0,0
1736,-344,0,6.194,-0.519,1828,1805,66,71
1737,12.031,0,0,0,78,78,0,0
1742,,,,,3127,3124,0,0
1752,30,0,-3,0,832,840,8,8
1760,148,0,4.01,0,1225,1240,1,1
1762,7,0,-0.424,0,902,903,28,28
1773,145.749,0,0,0,712,715,1,1
1776,0,0,0,0,729,731,0,0
1777,4,0,0,-0.283,61,61,0,0
1781,-1,0,0,-0.005,0,0,0,0
1783,76,0,-0.985,0,1252,1279,0,0
1784,34,0,0,12.689,1956,1910,9,12
1785,-1886.95,0,67.603,0.09,30350,30413,109,182
1786,98,0,-0.134,-0.505,7344,7349,9,13
1788,,,,,3,3,0,0
1789,-6,0,-6.978,0,2227,2232,1,1
1795,-217.04,0,-17.149,12.326,9467,9373,164,155
1796,2,0,0,0,293,294,15,15
1799,-9,0,0,0.543,0,0,0,0
1802,-2980.053,0,1173.559,-3.756,61305,52236,10495,7896
1805,4,0,3,0,547,541,0,0
1806,177,-23.331,7,0,2710,2728,0,0
1808,51,0,-0.278,-4.853,4278,4363,0,0
1809,1050,0,15.193,0,4866,4756,93,90
1810,188,0,20.45,0,18953,18976,50,53
1813,,,,,76,76,0,0
1815,5299.034,24,273,-136.233,98029,89196,14949,13187
1817,-12,0,0,-0.236,26,23,0,0
1903,58,0,8.243,1,4113,4109,96,99
1904,1488.001,-14.902,22,0,1084,1271,1,1
1905,665,0,-6.821,2,6707,6846,14,10
1906,12,0,-2.31,0,6734,6733,0,0
1907,340,0,22,-4,20886,20894,3,3
1909,1071,0,-2.201,0,5052,4998,16,21
2002,-4588.84,0,189,360.732,21430,21440,109,114
2006,117.369,-81.997,0,-20,791,789,4,4
2007,22,0,0,0,676,718,0,0
2008,0,0,0,0,292,287,0,0
2009,-154,0,2,3.162,6492,6367,849,823
2010,215,0,-18,0,2161,2085,8,8
2012,12.001,0,0,0,93,93,0,0
2013,9,0,0,-0.027,1490,1490,0,0
2014,143.002,0,42.677,32.636,7334,7335,258,258
2015,78,0,6,0,36,36,0,0
2017,208,0,11,0,3106,3083,0,0
2020,71.03,0,0.407,0,804,849,3,3
2022,124,0,0,0,2167,2352,2,2
2023,119,-3,18,0,2419,2401,2,2
2024,0.001,0,0,0,6,6,0,0
2025,4,0,-0.001,0,0,0,0,0
2027,1223.152,-8,36.712,287.72,31704,31426,2166,2269
2028,-3,0,-1,0,1032,1038,0,0
2029,63,0,0,0,426,429,0,0
2030,60,0,0,0,1546,1545,0,0
2031,58,0,-5.217,0,2429,2432,24,29
2032,28,0,0,0,2412,2399,0,0
2033,17,0,0,0,8694,8782,0,0
2034,371,0,-75.609,12,3688,3713,36,57
2035,,,,,1,1,0,0
2038,39,0,0,0,4803,4798,0,0
2049,-3643.727,-117.57,-20.8,-23.683,5385,5052,60,72
2059,66.352,-264,8.148,5.611,329,303,18,20
2061,6,0,0,0,3247,3282,0,0
2062,94,-2,4,0,2472,2470,1,0
2063,0,0,0,-0.045,123,123,1,1
2064,,,,,140,140,0,0
2065,-13,0,0,0,176,176,0,0
2066,3,0,0,0,4317,4315,0,0
2067,-10,0,0,0,0,0,0,0
2069,71,0,0,0,904,907,0,0
2070,-4,0,0,0,1910,1929,2,5
2101,291,0,3.225,-0.204,31996,32049,14,14
2102,-52,0,10,0,4607,4558,6,6
2103,-409,0,0,0,5825,5867,57,58
2104,-526,0,-140,0,13492,13258,2,3
2105,-452.45,-403.725,30.677,95.09,4716,4629,103,113
2106,626,0,2,0,2483,2422,14,13
2107,3,0,0,0,384,377,0,0
2108,441,0,17,0,2319,2344,40,40
2109,7,0,0,0,1067,1052,20,20
2114,-1,0,0,0,30,32,0,0
2115,-1,0,0,0,427,427,0,0
2201,1594.66,0,74,49.504,8062,7866,132,111
2204,678,-11.45,-6.475,17.482,4245,4270,61,58
2206,215,-63.819,0.019,-26.03,25784,25799,12,12
2207,-1.547,0,0.372,8.08,56,57,0,0
2208,910.573,0,0,0,0,0,0,0
2211,-411,-5.62,-10,-2,1258,1170,0,3
2221,4,0,0,0,62,62,0,0
2227,-15.148,0,-3,0,,,,
2228,-181,0,7.744,-25.329,2171,2125,45,53
2230,-115.392,0,0,64.517,4970,4943,195,161
2231,107,0,-29.728,-12.506,5836,5848,36,34
2233,116,4,0.256,40.388,4961,4806,37,36
2235,,,,,41,41,0,0
2236,-42,0,-1,0,9192,9234,2257,2329
2239,6,0,-4,0,2183,2185,0,0
2241,-15,0,0,-56,6143,6163,96,102
2243,14,0,-10,0,763,765,1,1
2247,-69,0,0,-0.164,341,343,15,15
2248,-17,0,31,0,,,,
2250,35,0,0,0,1932,1939,0,0
2254,0,0,0,-7,5201,5199,0,0
2258,259,0,0,3.027,,,,
2301,588.144,-696,-32,85.488,24319,24579,377,471
2302,-6,0,-4,0,3023,2979,3,3
2303,1735.859,-2528.753,-133,-492.61,31381,31058,963,935
2305,98,0,0,0,1896,1849,8,2
2308,-1001.449,-288.5,127.053,64.399,6719,6974,846,852
2312,-4498.95,0,-88,31.362,48077,47527,539,557
2313,-3490.865,5,-267.209,-260.557,25457,24865,1160,1207
2314,-4.693,0,0,0,0,0,0,0
2316,-165,173,54.74,299.633,6327,6520,1789,1812
2317,6164.954,2120.849,1575,1953.482,64512,58237,3687,3552
2321,,,,,0,0,0,0
2323,3607,0,99.376,0,24704,24425,55,29
2324,-7061.007,-88,-116.042,-6.941,34973,34533,516,561
2327,-3118.115,-201.29,84.5,216.928,41219,41002,598,623
2328,8,0,188.803,87.691,23678,23765,508,550
2329,-162,0,10,-62.074,13069,12945,431,430
2330,-1642.179,335.35,-27,462.544,17633,18038,322,313
2331,595,0,6,0,10986,11052,53,53
2332,749.001,0,-8,8,19485,19533,133,133
2337,-29336.762,0,-675.093,-1871.068,87111,84434,12048,13279
2338,138,0,-3.92,-3.616,6556,6559,300,299
2340,-305,0,-3.133,-10.209,8841,8921,299,342
2342,379,0,8.275,0,5201,5194,443,459
2344,5442.61,-3384,336,6.522,98258,101009,19344,19774
2345,-421.517,-290.723,-77.186,32.887,4290,4131,119,138
2347,5799.306,-506.562,200.115,76.441,1777,2016,30,23
2348,37,0,1,-0.763,1899,1902,90,107
2348A,-1,0,0,0,,,,
2349,1199,0,0,0,0,0,0,0
2351,-132,0,14.81,1.233,7459,7418,81,99
2352,993,6,-262,-17.897,11603,11444,212,219
2353,5888.377,-88.5,-17.004,206.937,26030,26099,276,324
2354,591.472,64,81.668,215.362,33515,33329,221,224
2355,199,-17.09,35,-6.024,6164,6196,43,42
2356,-1959.699,-1,204.339,219.235,25542,25178,954,937
2357,-1703.105,-166.542,-14.921,-18.764,1232,1275,35,40
2359,-119.04,0,0.64,-9.616,7489,7463,737,828
2360,-911.937,222,-28.6,82.847,2157,2077,67,58
2362,206.182,0,-1,-3.016,3215,3213,26,15
2363,406,0,0.048,15.606,24999,25014,137,142
2364,-6,0,0,0,749,750,22,21
2365,373,0,0,-0.002,11513,11531,297,305
2367,556,0,0,-26.181,26091,26201,86,51
2368,306.822,48,-14,121.329,7620,7599,1429,1219
2369,3467,0,1.796,51.618,8102,7102,430,391
2371,-4928.043,0,43.419,-155.973,76570,76602,635,517
2373,-4,0,0,0,95,95,0,0
2374,-5259.125,0,0.011,-512.558,18279,17146,809,1063
2375,-761,0,22.949,120.884,5395,5178,309,286
2376,-1045.933,12,46.623,37.726,5727,5704,154,151
2377,-1151.182,703,14,-7.843,10369,10261,167,160
2379,-381.495,35,3.462,3.752,2564,2550,26,26
2380,,,,,0,0,0,0
2382,-1193.39,-624.348,-19.412,63.514,16081,17090,844,860
2383,-179.489,160.7,68.273,68.832,2439,2367,176,167
2385,56.65,-293.152,4.777,9,2883,2811,22,22
2387,281,0,-1,-1,3322,3362,10,34
2388,-1175.055,0,-159.419,-66.525,14431,14467,291,289
2390,177,0,0,0,2062,2115,28,28
2392,-228,0,-0.126,21.558,8848,8812,8,11
2393,1354.615,-557.333,-338,-1.888,1450,1441,563,65
2395,-214.567,0,-0.96,11.784,2144,2149,15,8
2397,-21,0,0,0,1848,1851,10,10
2399,-216,0,28.531,0,8321,8332,315,284
2401,974.121,0,-0.271,23.306,13213,13228,78,75
2402,612,0,67.784,47.401,12269,12469,137,149
2404,97.497,-70.457,1.718,13.189,1799,1801,50,52
2405,834.001,0,3.11,0,12172,12240,81,82
2406,819.001,0,4.072,0,14251,14270,442,404
2408,-22775.606,595,-324,-423.654,140768,137242,21246,22005
2409,2186.059,-24,70,-68.062,94538,94399,608,686
2412,206.154,-3,-11,136.573,777,794,28,28
2413,164,0,1,0,2843,2842,69,69
2414,-32,0,0,0,331,337,0,0
2415,32,0,0,0,2374,2373,0,0
2417,55,0,3,0,4794,4787,22,24
2419,322,0,0.156,-0.443,5176,5261,13,15
2420,30,0,-1,0.08,587,585,0,0
2421,-154.502,180,-68.668,-204.426,4780,5333,500,503
2423,0,0,-9,0,169,165,0,0
2424,-1,0,0,0,0,0,0,0
2425,82,0,3,0,2877,2880,25,25
2426,30.001,0,-7.014,0,4861,4871,27,28
2427,287,0,0,0,6459,6603,450,440
2428,-46,0,0.07,-36.411,3048,3077,4,6
2429,16,0,-0.009,0,7597,7604,331,341
2430,4,0,0,0,90,92,0,0
2431,213,0,6.97,0,3758,3843,9,13
2432,0,0,0,0,339,339,0,0
2433,0,0,0,0,3,3,0,0
2434,1,0,1,0,3,2,0,0
2436,155,0,18,-1.08,4340,4401,37,38
2438,-1,0,0,0,0,0,0,0
2439,2415.8,-57.964,-65.721,-5,2997,2978,51,49
2440,11,0,-1,0,0,0,0,0
2441,92,99,66.257,-16,3040,3077,3,4
2442,-40,0,67.308,0,18468,18460,63,71
2444,60,0,0,0,0,0,0,0
2449,2358.594,-2141,-67.799,-283.972,17533,17553,1456,1507
2450,7,0,0,0,88,91,0,0
2451,4461.589,-8.84,64.146,-91.797,2580,2872,652,310
2453,49,0,7,0,3348,3342,12,12
2454,-401.888,-112.478,47.902,59.487,6565,6550,158,158
2455,-549,24,46.539,-38.392,6020,6026,347,357
2457,432,0,121.165,-26.047,14513,14606,423,510
2458,1441,-56.286,53.744,32.873,2949,2583,21,19
2459,12,0,0,0,69,69,0,0
2460,49.001,0,3.07,0,1838,1903,0,0
2461,102,0,0,0,2842,2841,0,0
2462,52,0,-0.23,0,2140,2136,52,58
2464,-38,0,6.062,-1.217,9469,9523,316,326
2465,-22,0,0,0,440,440,0,0
2466,-254,0,1,0,2964,2964,70,70
2467,-82,0,9.679,36.137,3166,3162,76,76
2468,277,0,0,0,4713,4735,66,66
2471,87,0,0,0,1755,1748,2,1
2472,23.853,0,-2.363,-96.163,7079,7612,104,84
2474,47.579,-93.093,-96,-159.676,1917,1962,32,30
2476,-311,0,-7.009,-57.501,18674,18751,80,74
2477,76,0,-8.503,0,1474,1473,0,0
2478,82,0,4.03,-64.811,3356,2961,40,36
2480,-52,0,0.496,1,183,186,0,0
2481,-361,1470,74.53,184.477,17561,17812,561,553
2482,8.001,0,0.12,0,2216,2214,11,11
2483,-18,0,0,0,768,822,0,0
2484,104,0,0.964,0,1978,1975,0,0
2485,-387.999,0,-84.32,-0.392,9622,8212,318,310
2486,5413.7,0,83.742,104.083,23616,22927,347,240
2488,15,0,0.965,0,966,966,0,0
2489,1163,0,18,32.32,13054,13559,1,0
2491,8,0,5,0,38,38,0,0
2492,-922.747,0,-56,-2.601,11628,11908,520,511
2493,-635.676,0,-2.183,0,6052,5720,25,2
2495,-2934,0,41.394,-16.33,7797,7347,106,118
2496,0,0,0,0,182,188,0,0
2497,63,0,5.793,0,2285,2307,3,1
2498,-338,0,98.179,213.996,34405,34923,5882,5692
2501,149,-4,-28.247,4,8426,8493,37,36
2504,-248,-253.276,-22,8.741,3749,3791,5,4
2505,18,0,0,0,3184,3183,0,0
2506,9,0,0,0,1960,1957,0,0
2509,21,0,0,0,693,704,1,1
2511,-286,0,-0.062,0,3775,3781,8,8
2514,-6,0,1.149,0,16576,16585,0,0
2515,431.176,0,205.4,-634.662,27511,25028,134,130
2516,71,0,0,0,0,0,0,0
2520,488.552,0,-3.011,13.813,5618,5604,139,164
2524,55,0,0,0,3562,3567,27,27
2527,92,-0.331,1,0,462,470,1,1
2528,75,0,-22,0,3865,3859,58,58
2530,-261,0,-32.041,50,3272,3333,33,37
2534,157,0,-13.185,0,8972,8931,0,0
2535,-45.2,0,-8,0,123,121,1,1
2536,-17,0,0,0,5791,5790,2,2
2537,-53,0,0.966,0,5127,5130,1,1
2538,58,0,0,0,4003,3980,5,2
2539,-46.961,-4.99,-20.779,13,3040,3033,14,14
2540,37.8,0,0,-4,3402,3403,124,116
2542,-1124.966,66,-12,-5.307,11013,10899,136,91
2543,-918.98,-256,-464,17.03,19502,19492,320,511
2545,92.836,0,-4.236,0,2406,2424,2,2
2546,57,0,-3,0,176,188,0,0
2547,-74,0,-23,0,26289,26174,0,0
2548,-21.264,0,12.919,21.518,1664,1677,35,36
2596,6,0,0,0,1424,1456,0,0
2597,-194,0,2.134,-1,244,224,2,2
2601,175,0,-3,0,4552,4622,2,2
2603,2207.736,-411.485,15,740.021,21526,21193,599,675
2605,245,0,-47.3,50.545,10741,10670,95,85
2606,1893,-252.77,108,47.759,8878,9101,78,69
2607,-217.322,-40,0,-1,1471,1488,113,113
2608,7,0,0,0,943,943,0,0
2609,-55.632,-14.176,-196.12,-80.023,37941,37921,1538,1463
2610,-996.541,-365.508,-36,8.935,53516,53662,390,405
2611,213,0,0,0,2890,2886,6,5
2612,-778,0,-6.877,1.912,2039,1924,24,19
2613,-22,0,-1,0,3063,3038,5,1
2614,87,0,0,0,6800,6962,38,40
2615,1887.197,-48.594,145.972,217.583,22651,21662,10124,9703
2616,6,0,0,0,143,145,0,0
2617,253,0,-17.257,0,1779,1784,15,10
2618,4175.448,-1587.974,12,49.414,41116,42729,598,597
2630,799,0,-2,-106.294,5661,5704,214,219
2633,1959.789,-20.521,164,-77,1762,1728,8,9
2634,2126,0,176.736,48.836,25374,25778,704,722
2636,12.472,0,0.139,0,1139,1150,2,2
2637,1024.478,-225.41,-10.7,11,9459,9534,197,196
2640,3,0,0,0,88,88,0,0
2641,-336.17,0,-16,-45.293,11905,11731,3577,4769
2642,50.392,0,0,0,503,509,4,4
2643,4,0,0,0,59,58,0,0
2645,183.765,0,29.106,-4.509,4628,4717,122,127
2646,112.731,0,0,-6,2462,2415,3,4
2701,14,0,0,0,1224,1217,0,0
2702,10,0,4,0,540,546,0,0
2704,0,0,1,0,268,285,0,0
2705,-2.999,0,0,0,595,595,0,0
2706,43,0,0,0,758,755,0,0
2707,26,0,0,0.3,250,255,0,0
2712,,,,,12,12,0,0
2718,31,0,0,0,317,319,0,0
2719,6,0,0,0,131,128,0,0
2722,2,0,0,0,497,492,8,8
2723,-69,0,-6.055,23,2921,2786,38,53
2724,,,,,0,0,0,0
2726,0,0,0,0,435,435,0,0
2727,-133.705,-1.05,2,0.532,815,803,1,1
2729,7,0,0,0,10,10,0,0
2731,417,0,-1,22.53,1315,1320,92,90
2732,2,0,0,-0.332,332,332,3,3
2734,-9,0,0,0,676,678,5,6
2736,20.083,0,0,0,1155,1151,13,12
2739,13,0,0,0,1209,1209,1,1
2743,88,0,0,0.909,1207,1194,28,28
2745,92,0,0,-10,1270,1345,6,6
2748,52,0,0,0,1357,1367,2,2
2752,3,0,0,0,,,,
2753,764.026,0,-1,66.55,1437,1368,13,11
2754,-2,0,0,0,253,253,1,1
2755,-5,0,0,0,86,86,2,2
2756,-7,0,0,0,,,,
2762,-4,0,0,0,204,202,17,17
2801,-2711.897,-18.877,-2,10,12875,12866,33,27
2812,-1832.875,-11.868,0,20,2973,2922,88,88
2816,73,0,0,0,467,455,19,19
2820,-85,-5,-3,0,506,504,0,0
2832,97.5,0,-19.017,-2,555,550,0,0
2834,6321.801,-12.676,-38,-1,4630,4672,18,22
2836,18,0,0,0,4905,4900,0,0
2838,-451.706,0,3.838,0,329,335,18,18
2845,451,0,-70,-27,11664,11660,35,40
2849,9,0,-1,-25,112,112,0,0
2850,63,0,-1.108,-5,84,84,2,2
2851,1594,0,-480.526,0,650,652,0,0
2852,750,-1.153,9,0,344,422,2,2
2855,849.55,-4,0,0,3466,2705,126,126
2867,5175.449,0,5080,0,0,0,0,0
2880,-4534.665,237,172.717,296,537,485,47,47
2881,4365.38,-1688.369,203.173,119.419,8553,8641,196,185
2881B,0,0,2,0,,,,
2882,5339.058,-2458.216,-28,-10.53,6928,7165,502,498
2882B,0,0,9,0,,,,
2883,2207.27,997,46,734.744,28397,28359,328,328
2883B,-20,0,-30,0,,,,
2884,4120.913,-960.345,-1384,3,15487,16593,132,115
2885,13444.072,-414.454,-45.543,300.494,675,761,9,7
2886,-259.472,91.812,-269.807,415.097,1250,1254,22,23
2887,-20987.508,3900,-109,697.672,84776,84850,1298,1329
2887E,-5,0,0,0,,,,
2887I,1906,0,0,0,,,,
2889,-1152.572,-14,12,-21,1296,1409,78,78
2890,3968.227,273.605,-42,283.67,2957,2997,68,65
2891,3898.022,-5034.927,-153,151.298,4493,4524,167,166
2891B,0,0,3,0,,,,
2891C,1,-30,2,0,,,,
2892,-3273.151,-606,24.868,100,1535,1468,14,14
2897,39,-10,-15,-26,3271,3076,0,0
2901,,,,,609,625,0,0
2903,641,-6,-49,-6,3793,3798,0,0
2904,-11,0,0,0,25,25,0,0
2905,-594,0,-3.28,0,9822,9756,92,96
2906,19,0,0,0,738,736,0,0
2908,-36,0,2,0,10280,10247,3,3
2910,1,0,0,0,34,34,0,0
2911,,,,,0,0,0,0
2912,-46.763,-62.639,1,-0.52,602,611,3,3
2913,814.001,0,50.501,0,8272,8175,0,0
2915,-3.89,-39,-6,-7,8110,7968,59,59
2916,7,0,0,0,321,260,0,0
2923,2,0,0,0,,,,
2924,,,,,5,5,0,0
2926,1,0,0,0,199,200,0,0
2929,188,0,0,0,1043,1066,0,0
2939,,,,,434,432,0,0
3002,-309,0,4.995,0,2816,2913,90,168
3003,66,0,9,-0.441,4191,4208,15,17
3004,22,0,0,12.576,2167,2164,25,35
3005,-371.751,2,-35,32.058,2313,2296,452,455
3006,3798.97,0,156.555,351.729,11667,12256,1731,1601
3008,31.369,1.889,-1,7.86,847,855,8,9
3010,1115.9,-175.37,8.078,27.071,1896,1977,13,10
3011,267,0,-5,0,2845,2849,34,32
3013,-1206.2,-143,40.164,-77.99,15841,15227,283,348
3014,207.598,-105.24,0.682,0.07,2093,2099,9,8
3015,-81.766,-10.94,-5.206,-1.148,2016,2111,12,10
3016,-257.775,0,-0.3,-25.608,4275,4271,854,878
3017,-628.582,11,47.685,-20.605,6596,6360,417,427
3018,,,,,6,6,0,0
3019,-304.588,0,-4.881,-12.258,13620,13665,187,202
3021,-10,0,-1,0,890,890,0,0
3022,430,0,4.03,-10.552,4955,5005,19,22
3023,22.652,6,0,1.426,2896,2904,39,40
3024,88,0,0,0,12665,12693,2,22
3025,221,0,0,0,3013,3076,27,25
3026,-180,0,-7,16.948,3163,3124,26,26
3027,-44,0,-2,0,4648,4599,17,14
3028,-737,0,-103,0,2818,1589,2,16
3029,155,0,2,6.047,3750,3815,44,44
3030,-266.651,-19,1.832,13.201,4352,4341,114,117
3031,-357,0,-26.194,0,2606,2462,6,2
3032,-201.36,0,1.891,59.998,7843,7974,116,169
3033,286,-2.166,-36,149.156,5505,5613,163,124
3034,59.404,-28.981,-37.034,-131.775,3684,3689,72,68
3035,-616.9,0,74,290.848,14410,13914,696,700
3036,190.1,-297,-8.548,4.741,2610,2664,77,82
3036A,10,0,0,0,,,,
3037,74.112,37,-83,-222.815,25862,26047,0,0
3038,204,-0.49,34,0,1337,1354,0,0
3040,209,0,17,0,13290,12715,92,93
3041,292,0,-2,0,2931,2947,103,89
3042,65,0,-6.577,-2.445,3508,3580,32,31
3043,39,0,0,0,1264,1281,0,0
3044,-731.53,25,-33.479,4.581,5325,5131,86,96
3045,1764.288,-335,-34,19.406,2036,2137,70,26
3046,137,0,-2.337,0,1202,1265,14,6
3047,434.001,0,10,0,10697,10461,280,308
3048,-611,0,-1.863,-7.787,5791,5746,189,183
3049,-640,0,-5.415,0.585,2118,2118,0,0
3050,319,0,14,0,3854,3915,5,5
3051,136.001,0,0,0,2177,2225,62,62
3052,359,0,0,0,2300,2165,2,3
3054,,,,,0,0,0,0
3055,49,0,1.957,0.252,6253,6248,40,49
3056,-354.899,0,0.296,-0.999,5738,5696,100,136
3057,-4,0,0.071,0,0,0,0,0
3058,111,0,-24.101,0,2167,2167,0,0
3059,615,0,-3.318,-2.19,13167,13270,81,90
3060,2574,0,-6.411,0,9190,8051,517,789
3062,483,0,0,-0.865,14105,14299,216,238
3064,-2,0,0,0,0,0,0,0
3066,14,0,0,0,661,654,0,0
3071,86,0,0,0,1653,1659,6,6
3073,16,0,0,0.061,643,647,2,1
3078,-222.427,0,7,2.073,5329,5298,300,298
3081,17,0,36,-1,7583,7619,89,91
3083,65,0,0,0,1350,1350,1,1
3085,,,,,0,0,0,0
3086,-2,0,-15,-5.286,703,698,38,36
3088,90,0,0,-0.301,3283,3279,1,1
3090,-1023.75,-7.74,-8.77,15.858,4922,4814,42,41
3092,178,0,0.495,0,1414,1360,7,12
3093,25,0,0,0,1444,1442,1,1
3094,171,0,1,0,1580,1598,4,4
3095,0,0,0,0.146,5,5,0,0
3105,32.901,119,-57.529,116.41,6832,6522,504,505
3114,-3,0,0,0,234,234,0,0
3115,-31,0,0,0,,,,
3118,0,0,0,0,64,66,0,0
3122,27,0,0,0,2560,2563,51,55
3128,90,0,0,0,2081,2100,16,17
3130,5,0,0,0,9,9,0,0
3131,-18,-25,0.008,6.831,,,,
3135,233,0,0,0,,,,
3138,34,0,1,0,1038,1049,1,1
3141,26,0,0,0.125,4004,4016,13,13
3147,-166.8,0,5,-12.898,2153,2200,14,18
3149,586,0,2,0,21042,21430,143,168
3150,-3,0,0,2.999,106,106,0,0
3152,25,0,0,4.217,706,711,0,0
3162,269,0,0,-0.078,6867,7367,354,214
3163,10,0,0,9.3,11207,11255,925,924
3164,0,0,1,0,228,228,0,0
3167,781.03,486,30.09,6,8990,8937,361,328
3168,-1,0,0,0,36,36,0,0
3169,23,0,0,0.914,1052,1051,1,1
3171,20,0,0,0,464,499,0,0
3176,66,0,0,-0.049,,,,
3178,4,0,0,0,958,954,3,3
3188,3.4,0,0,0,2396,2380,7,7
3189,-1049.103,-7,-83.002,38.052,10767,10218,563,549
3191,1,0,0,0,0,0,0,0
3205,50,0,0,0,1477,1479,76,76
3206,1,0,0,0,289,282,0,0
3207,13,0,0,-11.855,5531,5531,15,36
3209,239,-1.515,10,0,2140,2154,26,25
3211,1060.299,-30,30.26,-14.35,4871,5194,515,529
3213,33,0,9,-1.528,2505,2521,6,8
3217,-56,0,31,88.804,2333,2285,15,12
3218,54,0,-4,2.922,489,480,1,5
3219,27,0,0,-0.485,1363,1349,19,19
3221,232,0,0.266,0,1952,1947,12,10
3224,75,0,0,0,9944,9874,0,0
3226,,,,,18,18,0,0
3227,301.204,-160,4,11.076,5429,5460,101,101
3228,-6,0,0,-3.848,0,0,0,0
3229,-3,0,0,0,0,0,0,0
3230,1,0,0,-0.473,11907,11922,137,138
3231,-29994.311,781,-836.808,-3324.084,60798,63420,1806,1896
3232,-1,0,0.001,0,2715,2714,0,0
3234,140,0,0,0,0,0,0,0
3236,-185,0,-4.088,0,2394,2554,127,90
3252,-1,0,0,0,12003,12003,0,0
3257,30,0,0,0,3186,3249,67,91
3259,-24,0,0,0,0,0,0,0
3260,-1489.707,148,725.281,658.28,10936,8556,1825,1754
3264,-1362.4,-7.46,-44.739,-97.608,7274,6962,237,245
3265,-102,0,11,1.58,2839,2966,18,19
3266,11,0,0,0,757,768,0,0
3268,1.001,0,0,0,846,843,0,0
3272,9,0,0,0,1326,1325,5,5
3276,3,0,0,0,587,577,0,0
3284,82,0,0,0.013,1133,1145,24,25
3285,2,0,0,0,255,252,0,0
3287,33,0,0,-0.823,2194,2194,0,1
3288,,,,,0,0,0,0
3289,95.31,0,0,7.205,4915,4950,2,2
3290,194,0,-21,4.021,13859,13880,23,17
3293,109.348,23,-2.579,31.178,3782,3836,6,16
3294,-331,0,0,22.15,8846,8863,758,605
3296,13,0,-3.267,0,2314,2274,0,0
3297,164,0,0,0,1806,1806,378,379
3303,-72,0,0,0,2126,2065,6,6
3305,456,0,-10.603,22.956,10937,11119,418,409
3306,-9,0,0,0.77,1756,1764,60,59
3308,-2,0,-1,0,614,619,0,0
3310,-1,0,0,-0.799,2015,2002,5,5
3311,69,0,0,0,4846,4840,46,46
3312,1005.595,0,-152,18.75,6230,6249,18,17
3313,44,0,0,0,4966,5016,322,357
3317,-5,0,0,-2.622,3374,3343,61,64
3321,-0.5,0,3,0,0,0,0,0
3322,170,0,0,0,8231,8276,3,1
3323,530.2,0,0,-1.136,7619,7702,250,258
3324,109.352,-7,-45.8,-4.608,3380,3386,540,549
3325,97.001,0,0,-0.488,2454,2458,73,73
3332,-5,0,-1.163,0,223,224,2,2
3338,62,-20,-0.044,0,3313,3291,12,12
3339,74,0,0,0,7133,7133,101,104
3346,120.001,0,0,0,2107,2115,11,11
3349,30,0,0,0,,,,
3354,12,0,0,0,974,986,0,0
3356,-167,0,-0.299,0,2871,2982,5,7
3357,-487,0,-4,-9.687,2398,2383,84,66
3360,3,0,0,0.101,3023,3046,41,41
3362,-53,0,0,0.701,6415,6410,37,36
3363,934.573,0,0,-0.074,7230,7235,1591,1550
3372,554.001,0,0,1.078,1023,1026,0,0
3373,63,0,0,0.009,899,898,3,3
3374,-104,0,10.057,-4.241,8836,8792,231,242
3376,-5.211,-326,-115.884,-247.664,8865,8974,124,205
3379,81,0,0,-0.058,3071,3173,118,126
3380,467.004,0,103,14.581,5441,5468,67,72
3388,7,0,0,0,145,145,0,0
3390,9,0,0,0,2605,2560,14,14
3402,85,0,0,0.893,1656,1655,6,8
3406,74.098,3,5.39,1.738,3460,3447,93,92
3413,-146.96,-39,-4,-6.214,3481,3498,30,31
3416,98,0,0.598,0.228,1465,1501,43,42
3419,-9,0,2,0,3439,3439,0,0
3430,-89,0,46,0.014,1452,1398,20,21
3432,1,0,0,0,0,0,0,0
3434,-50,0,0,0,2317,2307,15,15
3437,148,0,6,0,2425,2457,31,30
3438,37,0,0,0,1052,1052,31,35
3441,33,0,0,-0.005,1313,1266,12,13
3443,121.423,107,-60.619,-43.237,4794,4970,240,260
3444,16,0,0,-0.614,764,769,0,0
3447,65,0,-0.087,0,3836,3844,49,48
3450,-843.166,0,43.196,-87.116,21828,21381,448,545
3454,24,0,0,0,892,895,13,13
3455,83,0,0,0,2862,2861,11,11
3465,,,,,244,244,0,0
3466,69,0,0,0.664,12221,12197,323,328
3467,9,0,0,0,27,27,0,0
3479,-12,0,17,-3.522,1314,1316,2,2
3481,7252.949,32,-6,562.863,166679,168230,1414,1111
3483,-103.9,0,0,17.676,5854,5855,30,41
3484,74,0,0,0,1844,1852,16,16
3489,3,0,0,0,976,975,0,0
3490,29,0,0,0,2018,2052,2,1
3491,2424.096,106,-83.516,32.007,4024,4225,284,192
3492,8,0,0,0.004,947,952,0,0
3494,4,0,1,0,0,0,0,0
3498,507,0,11,103.699,2302,2437,181,174
3499,-3,0,0,-0.138,0,0,0,0
3501,-106,0,-9.732,0,486,509,0,0
3504,39,0,1,-0.008,2224,2237,180,184
3508,83,0,0,0.064,0,0,0,0
3511,41,0,0,-0.035,2647,2661,6,6
3512,9,0,0,0,556,573,0,0
3515,-572.202,62,0,11.77,1085,1071,25,35
3516,11,0,0,-0.009,8577,8577,0,0
3518,110,0,-2,0,3751,3734,63,63
3520,96.001,0,0,0,2937,2948,33,33
3521,,,,,0,0,0,0
3522,15,0,0,0,0,0,0,0
3523,-1,0,0,0,0,0,0,0
3526,25,11,31,0.649,1387,1402,44,44
3527,20,0,0,0.019,1382,1370,0,0
3528,-1178,0,-11.729,0,2292,2264,79,14
3529,-228.916,64,-1.4,-6.113,1362,1340,7,6
3530,81,0,0,0,1020,1017,2,2
3531,,,,,106,106,0,0
3532,-31,0,-17,-18.374,3772,3789,46,43
3533,8.264,-294.064,-42.043,-0.168,1017,953,8,10
3535,492,0,4.373,0,10180,10274,1668,1622
3537,-80,0,0,-0.323,1369,1449,40,40
3540,-20,0,2,0,1181,1179,0,0
3541,5,0,0,-0.005,629,629,0,0
3543,-549,0,2.936,0,4361,4437,963,1069
3545,-198.19,0,0,-3.345,4883,4891,146,133
3546,163,0,0,0.355,2975,2927,0,0
3548,129.82,0,0,1.738,4943,4982,202,254
3550,70,0,5.947,0,9608,9574,253,253
3551,-83.806,0,0,-6.864,1710,1684,26,24
3552,-16,0,0,-1.85,1283,1288,72,73
3555,-9.9,0,0,0,0,0,0,0
3556,-1,0,0,0,327,330,0,0
3557,-44.001,0,0.034,0,599,602,2,2
3558,54,0,0,0.323,1871,1896,10,16
3563,-294.992,0,-17,-3.593,4854,4829,16,14
3564,24,0,0,-1.192,1333,1340,10,10
3567,3,0,0,0,801,792,0,0
3570,-16,0,0,-0.055,,,,
3576,593,0,0,0,0,0,0,0
3577,27,0,0,0.177,1539,1552,9,9
3580,-2,0,0,0.05,2570,2577,7,7
3581,183,0,0,0,2776,2783,33,32
3583,105.01,-189,0,-24.171,2651,2623,24,22
3587,72.996,0,-1,-3.476,2186,2184,11,13
3588,253,0,0.999,0,1457,1462,15,4
3591,131,0,-0.001,399,21655,22031,3,3
3592,26.978,-201.283,0,5.163,668,657,127,130
3593,,,,,0,0,0,0
3594,27,0,0,0.098,3869,3853,2,3
3596,-212.233,0,-3.42,-1.108,836,820,16,16
3597,-5,0,0,-0.206,1727,1761,0,0
3605,99,0,2,68.316,8671,8759,82,84
3607,85,0,2,0,2866,2889,0,0
3609,87,0,0,0,0,0,0,0
3611,-5,0,0,0,195,187,0,0
3615,145,0,0,-0.021,3390,3412,3,3
3617,-207,-1,1.288,5.103,1666,1632,8,8
3622,128,0,35.01,-2,2080,2090,23,17
3623,15,0,0,0,521,521,1,7
3624,-788,0,8,-17.285,2812,2832,100,32
3625,-14,0,0,-0.002,0,0,0,0
3628,276,0,-53,0.17,1781,1809,137,191
3630,-59,0,0,-0.713,3629,3640,39,46
3631,0,0,0,0,1055,1045,0,0
3632,,,,,0,0,0,0
3645,-1390,0,1,-0.624,10045,9718,132,129
3646,0,0,0,0,1578,1592,0,0
3652,-5,0,1,0,1157,1151,0,0
3653,-60.941,38,-42.491,-4.251,3067,2974,80,75
3661,-24.949,7,-16.803,-33.968,5093,5174,74,103
3663,53,0,0,-1.615,4182,4153,21,20
3664,-1,0,0,0,0,0,0,0
3665,-348.377,-306,-10.493,-30.04,3375,3089,255,273
3666,-5,0,0,0,1045,1060,0,0
3669,-1,0,2,0,863,863,0,0
3672,,,,,4,4,0,0
3673,1386.907,0,158,287.517,9352,9311,59,69
3675,-92,0,4,-8.594,1906,1883,27,28
3679,3,0,-1.441,0,189,191,0,0
3680,-137,0,-6,-9.669,2906,2885,261,311
3684,-2,0,0.894,0,,,,
3685,163,0,0,0,83,83,0,0
3686,79.001,0,0,0,0,0,0,0
3687,66,0,0,-0.004,1333,1340,158,156
3689,12.35,0,0,-17.353,6160,6333,117,140
3691,17,0,0,0,1711,1724,100,99
3693,57,0,0,-4.49,2430,2488,98,143
3694,-174.834,0,0,-4.21,6143,6157,41,38
3701,71,0,-1,0,2840,2852,0,0
3702,-928,128,111.363,484.777,2593,2020,159,207
3703,464.001,0,-52,0,1411,1421,1,2
3704,2222.751,0,-4.17,0,9817,10655,253,244
3705,75,0,0.023,-103.582,704,712,3,3
3706,-3782.018,163,-122,-782.31,44467,44264,795,827
3707,-921.001,0,-9,49.357,10237,10289,9535,9716
3708,2579.02,0,83.702,116.737,9796,10044,252,187
3709,-26,0,8,168.207,9847,9822,99,89
3710,-64,0,0,0,0,0,0,0
3711,4251.885,99,-20.23,491.784,5879,5857,768,788
3712,-23,0,-7,0.01,5662,5656,121,103
3713,68,0,0,0,,,,
3714,183.39,0,-20,-5,14409,14308,52,63
3715,10575.39,5103,44,460.405,36845,39826,3723,3512
3716,6,0,0,0,781,770,0,0
3717,152,0,-13,0,6795,6788,8,8
4102,3,0,0,0,186,196,0,0
4104,-1.825,0,0.275,0,76,75,0,0
4105,513.8,0,-25,0,922,930,2,2
4106,,,,,485,482,0,0
4107,5,0,0,0,273,264,0,0
4108,10,0,-1.155,0,0,0,0,0
4109,67.001,0,0,0,4139,4149,0,0
4111,62,0,0,0,1148,1173,0,0
4113,26,0,0,0,13119,13121,15,15
4114,145,0,0,-1.447,2239,2315,3,19
4116,9,0,0,0,225,230,0,0
4119,67,0,-1.97,-0.093,485,491,6,6
4120,9,0,0,0,1065,1064,23,0
4121,23.001,0,0,0,2273,2254,0,0
4123,340.839,0,-116,-35.177,9568,9676,49,38
4126,-3,0,0,0,756,756,0,0
4127,1,0,0,0,293,299,5,5
4128,-309,0,2,0.865,8902,8878,11,11
4129,-24,0,16,0.781,1116,1107,12,12
4130,-83,0,0,0.003,1708,1767,186,211
4133,22,0,2,0,810,812,0,0
4137,11,0,-3.715,0,1223,1206,0,0
4138,5,0,0,0,69,68,0,0
4139,3,0,0,0,777,777,0,0
4142,1889.001,0,20,0,5062,5361,83,68
4147,225,0,-0.021,-8,8074,8067,38,33
4148,,,,,614,614,0,0
4153,0,0,0,0,3695,3710,0,1
4155,-18,0,14,0,632,634,0,0
4157,1258,0,-5,-0.001,4332,4204,12,11
4160,9,0,0,0,,,,
4161,28,0,0,0,897,903,0,0
4162,629,0,0,3.713,3195,3219,5,9
4163,0,0,0,0,36,36,0,0
4164,110,0,10,-0.93,7889,7890,29,29
4166,4,0,0,0,,,,
4167,436.001,0,0,3.006,6424,6404,0,0
4168,16,0,0,0.239,646,647,0,0
4171,,,,,984,983,60,54
4173,13,0,0,0,902,908,0,0
4174,455.847,0,0,-0.013,4378,4369,107,117
4175,2,0,0,0,38,38,0,0
4188,1,0,0,0.12,,,,
4190,-1,0,-1,0,499,498,0,0
4205,1,0,0,0,22,22,0,0
4207,-223,0,0,0,679,627,1,1
4303,-1220,0,0,-321.323,9531,9690,147,181
4304,,,,,0,0,0,0
4305,,,,,17,16,0,0
4306,481,0,1,0,4217,4230,1,41
4401,6,0,0,0,857,851,0,0
4402,-6,0,0,-0.005,,,,
4406,,,,,478,478,0,0
4413,-1,0,0,0,175,175,0,0
4414,24,0,0,0,212,212,45,45
4416,0,0,0,-2,70,73,0,0
4417,-147,0,19,-1,340,306,0,0
4420,46,0,0,0.492,156,157,0,0
4426,3,0,0,0,1035,1040,0,0
4430,,,,,123,123,0,0
4432,3,0,0,0,446,453,0,0
4433,2,0,0,-0.164,141,142,0,0
4438,100,0,-4,0,665,718,21,21
4439,5.8,0,0,0,348,347,0,0
4440,3,0,0,0,477,498,0,0
4441,40,0,-2.069,0,,,,
4442,-8,0,-5,0,,,,
4502,5,0,0,0,867,867,0,0
4503,-1,0,0,0.003,2912,2920,24,21
4506,-4,0,0,0,27,27,0,0
4510,215,0,0,1.84,7257,7237,638,642
4513,25,0,0,0,3111,3115,100,100
4523,26,0,0,-0.007,456,468,1,1
4526,492,0,0.816,5.329,8858,8822,757,843
4527,2,0,0,0,308,308,0,0
4528,-1,0,0,0,128,128,0,0
4529,,,,,0,0,0,0
4530,,,,,0,0,0,0
4532,365.365,-23.95,21.558,-4,4812,5106,31,35
4533,90,0,0,0,7348,7351,37,37
4534,-13,0,0,0.429,0,0,0,0
4535,1,0,0,0,134,134,0,0
4536,-32,0,-0.649,-0.008,501,515,1,0
4538,-3,0,0,0,318,318,0,0
4540,-50,0,-49.604,0,4719,4689,473,326
4541,455,0,0,0.412,5079,5080,136,134
4542,-17,0,0,-0.87,2944,2940,18,22
4543,22,0,0,0,1681,1686,1,1
4545,26.05,0,2,0,1345,1478,13,15
4549,-34,0,6,0.014,1404,1380,18,20
4550,1,0,0,0,510,510,0,0
4551,296,-431,0.818,-5.831,2279,2312,14,57
4552,-10,0,-5,0,772,760,3,3
4554,1,0,0,0,,,,
4555,251,0,0.642,0,2991,3014,298,278
4556,-1,0,0,0.002,642,625,0,0
4557,17,0,-4,0,459,404,0,0
4558,-27,0,2,-0.224,392,396,0,0
4560,-33,0,0,0,239,229,0,0
4561,61,0,0,0.3,2345,2346,70,70
4562,114,0,0,0,3122,3134,169,170
4563,11,0,0,-0.022,2311,2310,22,22
4564,354,0,9.266,0,8346,8379,110,109
4566,46,0,1.913,-0.041,5792,5795,3,3
4568,4,0,0,0,28,28,0,0
4569,36,0,1,0,848,860,3,1
4571,18,0,0,-0.278,1817,1813,8,8
4572,2.1,0,2,0,325,325,4,4
4576,-117,-5,2.091,-2.604,3520,3521,67,68
4577,25,0,0,0,1026,1069,34,34
4580,5,0,0,0,198,200,0,0
4581,0,0,0,0,64,64,0,0
4583,37.591,0,0.742,-3.573,1732,1734,129,143
4584,-1,0,0,0,,,,
4585,-27.595,0,0,0,,,,
4588,2,0,0,0,289,293,0,0
4609,,,,,0,0,0,0
4702,3,0,0,-0.166,3493,3502,0,0
4706,,,,,219,219,0,0
4707,145,0,0,0,2333,2363,0,0
4711,5,0,-0.198,0,368,362,0,0
4714,269.001,0,0,-43.606,8632,8675,59,83
4716,102,0,0,-0.662,7192,7194,305,291
4720,-1,-0.513,-19,0,1655,1652,0,0
4721,80,0,0,-0.906,1833,1828,17,20
4722,-1517,26,13.282,0,19368,19111,775,826
4726,116,0,0,0,1482,1482,0,0
4728,2,0,0,0,1844,1840,0,0
4729,67,0,0,-0.026,2529,2542,20,20
4735,4,0,0,0,271,269,0,0
4736,6,0,-3.16,0,305,304,0,0
4737,46.409,0,0,0,609,612,0,0
4739,1073.903,0,20,4.003,1323,1498,31,27
4741,17,0,0,0,506,503,0,0
4743,453,0,8.122,-0.001,11069,11119,65,64
4744,-126,0,0,0,5069,4896,2,3
4745,-32,0,-5.38,0,394,267,2,0
4746,362,0,0.039,7.044,2156,2178,6,8
4747,1,0,0,0,1356,1349,0,0
4749,-181,20,-2.673,58.861,2808,2771,87,82
4754,9,0,0,0,118,119,0,0
4755,4,0,0,0,286,286,0,0
4760,-30,0,0,30.104,1420,1354,9,19
4763,1585.241,40.11,0,42.194,44226,44361,1603,1605
4764,2,0,0,-28,609,619,6,6
4766,0.05,-7,-0.65,-9.9,1317,1311,2,1
4767,,,,,12,12,0,0
4768,198,0,0,9.468,2602,2624,92,106
4770,85.55,-116,-4.317,7.508,830,817,10,8
4771,86,0,0,0,664,658,0,0
4772,-232.985,0,-1.266,117.212,3565,3504,146,129
4804,,,,,0,0,0,0
4806,,,,,0,0,0,0
4807,-1,0,1,0,507,508,57,57
4903,597,0,0,0.135,652,654,0,0
4904,906.584,-523,20.668,20,69,73,68,69
4905,,,,,91,92,0,0
4906,2325,-22.84,6.531,81.478,14435,13763,90,79
4907,1,0,0,0,404,408,0,0
4908,83,0,0,-0.776,3447,3472,83,92
4909,255,0,0,4.621,5456,5413,2514,2443
4911,-2,0,0,0,219,219,0,0
4912,39.7,0,0,0,3268,3293,4,7
4915,1759.005,-702.7,22.355,-22.489,2381,2488,60,65
4916,525,0,0,-0.065,11747,11941,270,294
4919,191.2,0,-15.758,-3.071,6034,6190,121,186
4923,4,0,0,0.005,375,379,0,0
4924,3,0,0,0,0,0,0,0
4927,861,0,-0.555,0,28059,27961,147,142
4930,0,0,0,0,3270,3271,0,0
4931,-255.7,0,15,-0.157,8114,8571,1141,1250
4933,21,0,0,-0.615,1247,1254,15,15
4934,-15.82,0,0,0,0,0,0,0
4935,16,0,0,0,665,667,2,2
4938,-1673.193,-357.19,-42.028,16.018,6877,6796,481,483
4939,-511,0,0,-0.375,6522,6448,197,171
4942,245,0,-15,0,1103,1249,0,0
4943,,,,,0,0,0,0
4946,19,0,0,0.017,,,,
4949,-255,0,9,0,3339,3315,103,97
4950,-7.374,0,0,0,,,,
4951,12,0,0,0,838,838,0,0
4952,25,0,-8.629,0,1605,1610,0,1
4953,191,0,4,-7.194,1062,1053,6,6
4956,94,0,19.045,0,5772,5777,72,72
4958,-5618.992,-214,-27.394,-210.093,10394,10527,215,179
4960,215,0,22.811,0,13232,13240,29,41
4961,36.034,-17,0,-1.029,1650,1659,194,194
4966,23.3,3,0.01,7.474,3769,3791,57,58
4967,-586.946,0,-22,176.834,9545,8513,1077,987
4968,-84,0,-19.515,1.951,6747,6772,75,72
4971,-66,0,50,17.065,4673,4772,221,226
4972,0,0,0,0,135,135,0,0
4973,660,0,0,0,4356,4210,192,216
4974,40,0,0,8.723,1786,1784,13,13
4976,125,0,5,0,4342,4436,118,120
4977,317,-451,-0.269,-3.938,8439,8408,125,129
4979,476.3,0,-6,83.726,14480,14465,629,596
4987,-6,0,0,0,113,112,0,0
4989,-114.3,0,0.791,0,13513,11611,11204,11303
4991,-391,0,-14,92,17175,16701,2533,2519
4994,2,0,0,0,1661,1662,0,0
4995,-1,0,0,0,1972,1972,0,0
4999,17,0,-9.62,0,519,515,0,0
5007,4,0,0,0,6,6,0,0
5009,-456.001,0,3.849,-1.255,6940,6924,97,91
5011,12,0,0,0,4215,4213,0,0
5013,1,0,0,0,11,11,0,0
5014,42,0,0,-0.361,3884,3905,1,0
5015,1,0,0,0,325,325,0,0
5016,,,,,74,71,0,0
5201,44.573,0,-3,0,5973,5966,28,28
5202,127,0,0,-0.003,2674,2708,28,18
5203,114,0,14,0,1980,1996,0,0
5206,-1,0,0,0,731,738,0,0
5209,-23,0,0,-1.402,,,,
5210,26,0,0,-0.045,0,0,0,0
5211,-2,0,0,0,338,335,0,0
5212,2,0,0,0,61,61,0,0
5213,146,0,0,0,3178,3239,31,31
5215,6,0,3.226,0,825,812,0,0
5220,7,0,0,0,202,200,0,0
5222,152,0,0.999,14.994,1732,1749,34,32
5223,-2,0,0,0,175,175,0,0
5225,212,0,-1,-0.561,2171,2282,44,47
5227,0,0,0,-0.376,,,,
5228,7,0,0,0,82,112,0,0
5230,32,0,0,0,2145,2144,90,99
5234,-117.182,63,-0.965,-17.476,2107,2092,203,201
5236,9,0,-7,-1.128,690,692,7,7
5243,1680,0,3.066,46.603,13070,12992,171,51
5244,26,0,0,0,2921,2915,212,233
5245,-19,0,0,-0.218,1210,1215,12,10
5251,101,0,0,-0.17,2672,2689,323,326
5258,100,0,-0.561,-1.39,5454,5431,14,13
5263,45,0,0,1.12,2498,2501,2,2
5269,72.445,-4,-0.1,5.322,1878,1833,7,7
5272,12.001,0,0,0,791,789,0,3
5274,69.191,2,-9.87,3.174,137,151,16,16
5276,3,0,0,0,,,,
5278,-11.05,0,0,0,1692,1694,5,5
5283,-2,0,0,0,111,122,0,0
5284,-97.087,0,-42.153,-46.661,4727,4708,87,106
5285,358,0,-1,0,1681,1625,2,2
5287,2,0,0,0,83,82,0,0
5288,-26,0,0,0,894,887,6,6
5289,1402.28,318,-19,-40.481,2942,2908,382,138
5291,-1,0,0,0,3945,3946,0,0
5292,-3,0,-1.191,0,271,273,0,0
5299,25,0,0,0,306,307,0,0
5301,,,,,0,0,0,0
5302,50,0,-0.728,0,0,0,0,0
5306,37,0,0,0,442,444,0,0
5309,182,0,0,-138.568,14050,14305,1275,1333
5310,-1,0,0,0,0,0,0,0
5312,-25,0,0,1.851,661,662,1,1
5314,-931.883,0,0,0.236,21768,21587,326,339
5315,-92,0,0,0,2270,2205,4,3
5321,-13.525,0,0,0,1414,1414,20,42
5324,-15,0,0,0,0,0,0,0
5328,-1152.199,0,0,-1.463,4245,4742,483,402
5340,1113,0,50,138.444,6510,4690,408,126
5344,2,0,0,0,0,0,0,0
5345,,,,,0,0,0,0
5347,-1688.536,-359,-20,-34.423,6575,6507,434,427
5351,4081,0,-157.884,-49.637,9102,9672,885,1154
5353,14,0,0,-0.047,1291,1290,17,17
5355,90,0,0,-0.001,0,0,0,0
5356,1,0,0,0,5332,5327,0,0
5364,0,0,0,-0.004,,,,
5371,602.898,-1034,-316.919,-19.875,42104,42249,868,1207
5381,77,0,0,12.818,0,0,0,0
5386,-22,0,0,0,2671,2701,37,36
5388,430.554,-265,24.314,-6.985,3065,3079,78,79
5392,-9.945,0,0,-126.206,9585,9637,395,413
5398,-5,0,0,0.449,2652,2560,9,54
5403,-18,0,0,-1.61,40,41,0,0
5410,311,0,-11,-1.214,2916,3073,3,67
5425,-200,0,26,58.099,7615,7578,77,84
5426,137,0,0,0.394,4138,4220,2,2
5432,-3,0,0,0,930,932,16,16
5434,49.368,-110,-4.021,-8.98,794,783,7,12
5438,43,0,0,0.388,1787,1773,35,35
5439,-22.375,84,57.439,37.641,12858,12902,383,395
5443,225,0,0,-3.788,7238,7221,139,129
5450,4,0,0,0,1202,1191,0,0
5452,87,0,1,-9.699,4939,4970,4,4
5455,0,0,0,-0.002,30,30,0,0
5457,-4,0,2,5.92,4326,4299,21,21
5460,-1,0,0,0,1228,1225,1,1
5464,-18,0,0,0,370,376,1,0
5465,-53,0,0,0.48,1570,1557,20,20
5468,45,0,-153.037,0,0,0,0,0
5469,235.75,0,15.274,2.923,27713,27776,629,619
5471,94,0,0,0,2385,2384,46,46
5474,-155.5,0,0,-1.183,1367,1367,5,3
5475,12.958,0,5,0,0,0,0,0
5478,25,0,0,2,415,411,1,1
5481,-20,0,0,0,6068,6063,14,14
5483,-890.95,19.201,-19.066,-13.807,10041,10020,37,49
5484,39,0,0,0,0,0,0,0
5487,3,0,0.001,0,1517,1518,0,0
5488,13,0,0,-0.096,2136,2137,0,0
5489,46,0,0,0.005,1269,1265,0,0
5490,-0.97,0,0,0.94,2013,2014,5,5
5493,-65,0,0,48.134,1972,1988,9,2
5498,1433,0,0,191.907,1715,1773,0,0
5508,42,0,0,2.208,1859,1877,541,541
5511,146,0,-3,0,643,639,3,3
5512,433.004,0,0,0,6604,6623,5,3
5514,,,,,88,88,0,0
5515,-80,0,0,0,897,899,0,0
5516,1,0,0,0,674,721,0,0
5519,114,0,-0.162,0,1782,1747,1,1
5520,1,0,0,0,1,1,0,0
5521,332.001,0,5.171,0,8666,7303,680,600
5522,-52,0,0,-2,1860,1863,103,132
5523,-1,0,0,0,5,70,0,0
5525,-2.07,0,0,0,321,321,0,0
5529,-2,0,0,0,1350,1328,0,0
5530,76,0,0,0,3948,3951,18,18
5531,-14,0,21,0,4533,4610,0,0
5533,-15,0,0,0,895,892,0,0
5534,-287,0,-6.548,-0.247,3472,3423,15,15
5536,-15.345,-381,2.395,4.891,2123,2062,34,37
5538,,,,,67,67,0,0
5543,1,0,0,0,37,38,0,0
5546,-1,0,0,0,25,25,0,0
5548,1,0,-3,0,54,55,0,0
5601,,,,,0,0,0,0
5603,8,0,0,0,5055,5107,0,0
5604,-1,0,0,0,116,116,0,0
5607,-121,0,2,0,1785,1794,3,3
5608,95.001,0,-1,0.073,7183,7188,484,484
5609,49,0,0,0,156,171,1,1
5701,,,,,0,0,0,0
5703,,,,,0,0,0,0
5704,-2,0,0,0,116,116,0,0
5706,115.8,0,0,0,1249,1278,3,3
5864,1378.585,0,0,0,6167,6256,54,45
5871,-200.104,-134.705,10,52,7533,7504,34,35
5876,-2378.571,-201.948,-0.077,104,1163,1161,52,53
5880,3909.726,-23.991,2,228.587,1142,1142,4,5
5902,9,0,0,0,5766,5763,1,1
5903,-19,0,9,0,31,30,0,0
5904,-93,6,-1.698,0.218,153,150,0,0
5905,304,0,0,-0.443,4447,4478,0,1
5906,,,,,292,294,0,0
5907,35,0,0,0,2486,2490,0,0
6005,2778,-396.672,0,0,1613,1660,61,70
6015,32,0,0,0,2625,2587,31,31
6016,552,0,0,0,1541,1571,7,7
6020,,,,,83,83,0,0
6021,42,0,0,0,687,662,0,0
6023,43,-1,0,0,179,175,0,0
6024,-3,0,-20,0,64,63,1,1
6026,192,0,0,0,2569,2536,4,4
6101,0,0,0,0,9200,9203,0,0
6103,,,,,0,0,0,0
6104,-376.761,0,0,-5.506,5549,5442,128,127
6108,-3,0,6,0,1830,1858,18,18
6109,-5,0,0,-0.049,241,241,0,0
6111,139,0,0,14.107,2981,2977,6,6
6112,263,0,0,-0.049,4115,4165,27,27
6113,70,0,0,-0.084,1932,1941,6,6
6114,79,0,0,0,1286,1280,5,4
6115,18,0,0,0.552,19,19,0,0
6116,2346,0,2,32,28393,28654,94,100
6117,-157,0,0,-3.962,3926,3957,319,313
6118,3,0,0,0.999,2207,2166,33,33
6120,355,0,-3,0,6570,6582,1,0
6121,-688.601,-29.59,7.959,-3.824,444,413,54,54
6122,79,0,0,0,1021,1037,18,21
6123,-13,0,-24,-0.064,257,267,0,0
6124,2,0,0,0,346,346,1,1
6125,38,0,0,-1.076,12331,12307,226,257
6126,433,0,-2,1.24,3004,3102,57,57
6127,-337,0,0,0.951,1882,1902,0,0
6128,,,,,138,132,19,19
6129,-679,0,0,-4.468,466,470,0,0
6130,-56,0,0,0,,,,
6133,-40,0,-1,0,2513,2528,30,30
6134,46,0,0,0,3344,3338,75,74
6136,9,0,-4,0,3655,3657,0,0
6138,-87,0,4,-17.456,1232,1259,19,19
6139,-1146.873,-529,-55.788,-78.902,9042,8818,81,106
6140,174,0,0,0,3042,3101,55,51
6141,63,0,-2,0,912,918,0,0
6142,1,0,1,0,0,0,0,0
6143,385.04,0,-4.4,18.095,12024,12139,143,136
6144,-3,0,0,0,0,0,0,0
6146,-75.088,0,0,-0.054,311,311,0,0
6147,157,-13.588,-7.14,-2.736,4994,4915,70,70
6148,198,0,0,0.001,3647,3676,229,228
6150,-7,0,24,0.965,1915,1913,55,55
6151,57,0,0,-0.055,1347,1340,0,0
6152,196,0,-2,0,0,0,0,0
6153,1201,0,242.993,0,14389,14566,893,817
6154,,,,,225,226,0,0
6155,-171,0,-6.042,0,2380,2248,136,24
6156,181,0,0,-0.489,6124,6123,25,26
6158,7,0,0,0,997,995,0,0
6160,-2.999,0,0,0.317,1151,1156,0,0
6161,96,0,0,0,861,845,2,2
6163,807,0,12,0.498,10732,8879,84,49
6164,112,0,7.512,0,4832,4765,14,7
6165,68,0,-1,0,16039,16032,13,13
6166,41.117,0,0,0.881,3584,3585,48,54
6167,76,0,0,0,2991,2990,0,0
6168,239,0,0,0,2508,2502,28,27
6169,-2.999,0,0,0,,,,
6170,110,0,0,0,4271,4245,7,7
6171,2,0,0,0,243,240,0,0
6173,877,0,212.014,119.103,5964,6766,474,507
6174,23,0,0,0,573,569,0,0
6175,-584,0,12.187,20.426,4439,4159,132,100
6176,307,-147.584,-0.172,-5.306,1894,1907,280,277
6177,-413,-8,-3.18,-6.819,2941,2923,477,477
6179,137,0,0,-1,16019,16051,252,284
6180,170,-0.887,0,-0.359,1441,1446,122,115
6182,-1431,0,3,-83.066,14022,13873,1104,1117
6183,,,,,22,22,0,0
6184,10,0,0,0,603,605,4,8
6185,-25.094,0,0,0,1614,1621,2,2
6186,90.001,0,0,3.93,1086,1090,0,5
6187,28,0,-0.697,-33.339,4062,4116,115,111
6188,-458.4,0,11.526,-85.807,9390,9064,59,74
6189,129,0,7.198,0,3567,3551,22,11
6190,51,0,3,1.282,9758,9775,232,162
6191,-995.17,32,-210.168,167.573,25180,24071,346,327
6192,202,0,-236.323,0,652,646,0,0
6194,9,0,0,0,2238,2226,0,0
6195,-1,0,0,0,51,51,0,0
6196,277.699,8,0,10.05,1644,1671,133,130
6197,-107,0,-0.938,-2.258,4753,4705,24,23
6199,-52,0,0,-7.572,1848,1821,5,5
6201,,,,,31,31,0,0
6202,174,0,24.434,0.2,3833,3900,49,49
6203,-252,0,15,-7.64,993,895,4,7
6204,-10,0,0,-0.332,862,869,21,25
6205,50,0,0,0,2187,2197,0,0
6206,-36,-5.5,0,5.836,3711,3710,196,196
6207,118,0,0,-2.438,4824,4838,222,212
6208,-3,0,0,0,785,778,0,0
6209,-458,0,23.702,0,12167,11636,899,825
6210,9,0,0,0,165,171,0,5
6212,1,0,0,0,41,41,0,0
6213,-2170.109,187,26,237.146,19480,19353,717,652
6214,259,-2.261,-31.029,-6.28,4064,4088,13,13
6215,-459,0,2.033,-27.484,5645,5448,563,581
6216,47,0,-0.271,0,802,802,67,66
6217,-1046.8,0,0,1.838,13269,12765,540,579
6218,5,0,0,0.355,1078,1078,0,0
6219,-33,0,0,0,4821,4823,0,0
6220,-156,0,0.661,0,1110,1142,1,5
6221,-41,0,0,0,2482,2476,5,5
6222,-1,0,-0.021,0,68,66,0,0
6223,452.998,-411,52.646,2.077,1463,1446,411,518
6224,-3,0,0,0,1015,1008,0,1
6225,0,0,-0.018,0,0,0,0,0
6226,17,0,0,0,0,0,0,0
6227,-32,0,0,1.727,3316,3324,27,27
6228,-3,0,0,0.028,193,193,10,10
6229,7,0,0,0.973,1065,1063,2,2
6230,-32.96,0,-0.422,0,591,602,1,8
6231,41,0,0,24.482,3187,3170,12,14
6233,-12,0,-0.627,0,3209,3226,30,36
6234,83,0,0,0,2530,2518,93,100
6235,143.3,0,-1,11,6786,6799,164,166
6237,52,0,0,1.279,3696,3640,72,50
6239,1098.412,-612,-152.209,7.418,6738,6721,85,89
6240,,,,,909,909,0,0
6241,5.001,0,0,0,0,0,0,0
6242,1,0,0,0,,,,
6243,7,0,1,0,1778,1757,1,1
6244,242,0,0,9.134,9703,9761,9,34
6245,25,0,0,0.121,2949,2942,28,22
6246,-1,0,0,0,1033,1033,0,0
6248,140.001,0,0,0,932,923,0,0
6257,-70.4,-72,-113.313,-0.485,4191,4190,113,113
6261,22,0,0,0,1222,1238,0,0
6263,21,0,0,0,261,261,0,1
6264,,,,,0,0,0,0
6265,2660,0,6.4,0,5584,4780,319,112
6266,-66,0,0,0.465,784,785,3,3
6269,-511,0,-18.93,-11.988,4444,4460,249,388
6270,56,0,0,0,1627,1632,0,0
6271,290.044,5,52.981,76.062,4667,4631,20,19
6274,-896.49,2413,981.297,318.584,14134,14960,2526,2172
6275,203,0,0,0,1765,1791,7,7
6276,16,0,0,-0.206,553,554,0,0
6277,19,0,0,0,332,332,0,0
6278,1069,-91.49,-7,-3,3271,3309,28,25
6279,-648,0,-43.8,-2.813,3559,3492,3,3
6281,14,0,0,0,10,10,0,0
6282,1709.52,0,-88.1,-139.124,22274,23558,769,776
6283,39,0,12,0,2182,2211,8,7
6284,217,0,0,10.204,5945,6065,45,39
6285,-2003.78,-17,8.933,18.849,8357,8204,76,82
6290,-734.976,0,86,77.144,13241,13205,679,683
6291,65,0,-56,1.326,1717,1581,11,12
6292,6,0,0,0,175,175,0,0
6294,10,0,-4,0,142,143,0,0
6405,47,0,5.63,0,3278,3283,1,1
6409,-31.793,0,-0.001,7.446,452,439,4,4
6411,145,0,0,-3.967,2568,2614,27,26
6412,174.08,-5.96,0.312,1,1011,1038,116,116
6414,128,-31,-1.483,-1.998,1327,1325,40,41
6415,34.344,18,0,9.992,4766,4794,39,47
6416,37.05,0,0,0,2743,2738,10,10
6417,12,0,0,0,2711,2711,0,0
6418,47,0,-0.004,0,1864,1882,156,136
6419,1,0,0,-0.001,,,,
6423,1,0,0,6,91,91,0,0
6425,18.778,0,0,-5.332,5100,5092,235,244
6426,21,0,1,0,1315,1303,1,2
6431,1,0,0,0,0,0,0,0
6432,-29,0,3,0,1514,1500,309,343
6435,55,0,0,-0.189,701,673,1,1
6438,-355,-400,19.955,-20.93,4964,5164,48,35
6441,2,0,0,0.842,973,971,27,27
6442,714.527,29,37.005,3.065,6144,6150,649,614
6443,841.6,0,27,3.204,15647,15787,477,469
6446,466.886,-61,0,-0.305,6992,6983,5,4
6449,-22,0,0.134,-5.668,2709,2728,68,92
6451,109,0,0.972,2.273,4758,4698,45,44
6456,-124.914,0,-2.135,-5.611,3531,3508,86,168
6461,50,0,0,0,0,0,0,0
6462,-243,0,0,-114.442,5799,5767,461,471
6464,,,,,4,4,0,0
6465,4,0,0,0,0,0,0,0
6469,179,0,27.516,0.764,528,511,12,12
6470,22,0,0,-0.236,1030,1039,2,2
6472,50.774,-1.382,47.6,82.192,4198,4057,82,70
6477,203,0,-0.561,0,3437,3481,250,250
6482,-1,0,0,0,,,,
6485,249,0,26,-0.056,2038,2122,182,192
6486,-3,0,0,-0.007,131,132,0,0
6488,-141.474,-308,-61,-42.951,4303,4152,142,185
6491,14.2,0,0,-0.081,992,1009,20,19
6492,142,0,0,0,1206,1264,15,13
6494,59,0,0,0.495,925,917,0,1
6496,-1,0,0,0,50,50,0,0
6498,10,0,0,0.004,,,,
6499,-147,0,0,0.129,7668,7597,34,35
6504,32,0,-3,0,44,80,0,0
6505,3331.77,33.523,53.304,246.087,6818,6821,581,480
6506,0,0,0,0,300,301,0,0
6508,-2,0,0,0,87,87,0,0
6509,106,0,0,0,3069,3093,25,25
6510,139.997,16,-4.903,-0.386,576,582,39,40
6512,0,0,0,-0.028,,,,
6515,118.502,-114,-0.925,1.814,589,591,174,166
6516,-3,0,0,0,782,779,1,1
6517,14,0,0,-0.002,2628,2641,9,9
6523,17,0,0,0,67,68,0,0
6525,-118,0,-2.304,0,873,847,0,0
6526,63.076,-64,2.138,-1.001,1146,1149,4,4
6530,204,0,0,0,2451,2484,37,35
6531,35.8,504,11,215.296,7952,7837,446,438
6532,-9,0,0,0.015,2020,2017,6,6
6533,11,0,0,-3.981,2174,2166,809,806
6534,20,0,-1,-6,1628,1570,0,0
6535,-20,0,-4,0,,,,
6538,23,-0.157,0,0,904,907,5,5
6541,152,0,0.899,0,3185,3230,0,1
6542,0,0,0,0,89,90,0,0
6546,109,0,0,0.364,5353,5408,14,16
6547,556,0,-6,10.139,5647,5667,88,93
6548,3689,0,-2,-21.271,7423,7805,116,60
6550,-114,0,-1,0,0,0,0,0
6552,13,0,0,0,1509,1515,2,1
6558,226,0,0,-0.401,4697,4735,181,177
6560,-13,0,0,0,,,,
6561,-59.9,0,0,0,372,362,2,2
6568,10,0,0,0.91,423,423,0,0
6569,-1,0,0,0,351,351,0,0
6570,5,0,0,0,666,668,1,1
6573,6.501,0,0,0,0,0,0,0
6576,23,0,0,0,,,,
6577,-6,0,0,0.009,153,153,0,0
6578,-31,0,0,0,1240,1241,5,5
6579,14,0,0,0,767,769,1,1
6581,0,0,-1,0,26,26,0,0
6582,43,0,1,0,418,422,0,0
6584,-762,-44,-9,32.747,2394,2189,391,389
6585,18,0,0,0.33,1580,1585,3,4
6588,-2,0,0,0,,,,
6589,95,0,1,0,2936,2940,0,0
6591,386,0,0,0.282,3092,3044,33,37
6592,61.995,0,-5.631,-3,462,461,0,0
6593,34,0,0,0,,,,
6596,-343,0,0,-6.434,1404,1377,46,50
6597,-7,0,0,0,,,,
6598,-3,0,-1,0,0,0,0,0
6603,246,0,1,-0.009,5543,5510,27,28
6605,16.972,-12,0.667,14.627,2697,2617,20,20
6606,-2,0,0,0,749,749,0,0
6609,88,0,0,-0.022,2158,2171,29,24
6612,2,0,0,0,379,378,0,0
6613,-6,-3.65,1,0.55,421,420,0,0
6616,1,0,0,0,279,261,0,0
6617,-40,0,0,0,,,,
6624,-1,0,0,0,,,,
6625,74,0,2,0.412,1334,1330,0,0
6629,26,0,0,-4.721,1700,1705,38,41
6637,-1,0,0,0,,,,
6640,-44,0,0,-1.507,,,,
6641,0,0,2,0,141,142,0,0
6642,4,0,0,0,1017,1028,0,0
6643,71.9,0,2,-2.805,2520,2523,103,115
6645,1,0,-1,-8.102,18,18,0,0
6649,48,0,0,0,2118,2121,5,4
6651,35,0,0,-0.325,516,509,0,0
6654,23,0,0,0,2403,2412,4,7
6655,-5,0,0,0,2,1,0,0
6657,98,0,-3,0,1801,1788,17,17
6658,45,0,-0.297,0,1560,1593,13,13
6664,-336,0,0,-25.429,1244,1350,13,12
6666,-1,0,0,0,324,324,1,1
6667,-116,0,0,-10.558,2241,2269,22,16
6668,26.2,0,-1,0,3651,3660,24,24
6669,-587.978,40,29.949,0.557,1689,1689,111,126
6670,57.703,-3.086,15,0,706,705,0,0
6671,-1,0,1,0,35,34,0,0
6672,227,0,0,0,3427,3378,20,17
6674,3,0,0,0,278,284,0,0
6679,92,0,-1,-0.459,1827,1841,7,8
6683,4,0,1,-3.718,,,,
6684,33,0,0,-0.035,2395,2436,99,103
6689,-15,-3.015,0,0,1593,1591,0,0
6690,-0.315,0,0,0,62,62,0,0
6691,-320.36,2,-0.76,-6.593,1114,1112,20,0
6692,-1,0,0,0.031,684,685,0,0
6693,71,0,0,0.169,2517,2511,19,27
6695,35,0,1.806,0,3665,3649,92,90
6697,-1,0,0,0,,,,
6698,38,0,-4.892,0,1570,1588,3,4
6703,-1.37,0,0,0,235,235,0,0
6706,100,0,3.985,0.483,7845,7911,507,563
6712,25,0,-0.058,1,948,950,4,4
6715,-14,0,-0.179,-0.879,2907,2900,2,2
6716,16,0,0,-0.274,341,357,0,0
6719,43,0,32.082,20.762,1545,1556,13,14
6720,-1,0,0,0,13,10,0,0
6727,-351,0,-57,0,,,,
6728,,,,,264,263,0,0
6732,19,0,0,1.682,762,777,46,45
6733,102,0,0,0,,,,
6735,23,0,0,0,676,671,15,15
6739,-51,0,0.408,0.649,,,,
6741,-14.97,0,0,0,1687,1680,7,7
6742,-137,0,4,0,2573,2530,80,81
6743,-14,0,-1,0,1064,1062,2,2
6751,-4,0,0,-1,,,,
6752,-26.3,0,0,0.607,767,767,0,0
6753,46,0,1.326,9.013,5522,5549,59,58
6754,-4,-0.071,0,0,148,149,0,0
6756,131,0,13.091,0,781,804,22,7
6757,200,19,0,2.455,5644,5672,916,917
6761,18,0,-5,1,2550,2556,33,33
6763,446,0,-12,93.18,3450,3492,7,9
6768,59,-4.98,0.71,4.501,2137,2182,114,114
6770,29479.636,0,1739.708,3704.807,126063,95846,20885,16759
6771,0,0,0,-2,146,145,0,0
6776,18,0,0,0,339,344,15,15
6781,-278.084,164,-25.047,-19.824,1992,1797,43,99
6782,-67,0,0,-0.282,726,737,0,0
6785,-1,0,3,0.986,1929,1942,7,6
6788,-54,0,0,-6.894,3074,3111,22,33
6789,107.75,0,-5,-15.584,7875,7875,15,16
6790,-13,0,-4,0,374,383,0,0
6791,-1,0,0,-0.863,,,,
6792,1,0,-1,0,289,301,0,0
6794,-1,0,0,0,,,,
6796,-5.048,0,0,0,211,210,0,0
6799,95,-40,-0.113,0,2685,2696,9,9
6803,-4,0,0,0,49,49,0,0
6804,5,0,0,0,190,188,0,0
6805,-99.744,178,-75.246,-68.827,2649,2798,191,297
6806,-314,0,8,0,6578,6359,1602,996
6807,-1,0,0,0,216,216,2,2
6811,-8,0,3,0.478,321,320,0,0
6821,4,0,0,0,488,492,0,0
6823,-9,0,2.684,0,,,,
6829,36,0,0,-2.934,1198,1223,3,3
6830,19,0,0.731,6.368,1909,1917,70,69
6834,53,0,-1.242,0,1784,1794,0,0
6835,-14,0,0,0,756,762,0,0
6838,58,0,-2.478,0,1239,1243,10,10
6840,-1,0,0,0,,,,
6841,71,0,0,-0.08,2109,2124,0,0
6843,,,,,353,352,0,0
6846,1,0,0,0,,,,
6854,6,0,1,2.91,5212,5182,12,15
6859,109,0,0,-1.655,788,785,4,6
6861,-14,0,-1,0,444,443,2,2
6862,-97,0,0,5,914,904,4,4
6863,108,0,18.905,-4.152,1116,1110,10,10
6865,3,0,0,0.305,,,,
6869,-185,0,0.078,0.24,3317,3477,38,32
6870,-42.94,0,0,-0.835,,,,
6872,-2,0,0,0,,,,
6873,-33.395,-1.194,0,-17.277,4126,4104,76,48
6874,3,0,0,0,,,,
6875,10,0,0,0,,,,
6877,-305.7,0,0,0.786,6582,6248,23,21
6885,22,0,1,0,1838,1839,1,1
6887,-1,0,-1,0,236,226,0,0
6890,90.546,80,0,-3.317,2584,2625,7,5
6894,2,0,0,0.004,,,,
6895,19,0,0,-0.067,1625,1663,287,285
6899,-3,0,0,0,83,83,0,0
6901,443,0,13.4,0,2637,2595,19,20
6902,-9.93,0,0,0,352,341,0,0
6903,78,0,10.475,0,398,341,0,0
6906,31,-1,1,0,578,566,0,0
6909,58,0,0,0,,,,
6913,-87.9,0,-0.003,-10.377,1138,1135,0,2
6914,6,0,1,0,444,451,0,0
6916,37,0,1,0,635,638,0,0
6918,-32,0,-1.451,0,,,,
6919,-873.894,0,-18,27,,,,
6922,73.796,0,0,6.002,,,,
6923,7,0,1,0.142,2934,2958,7,7
6924,5,0,0,-1,,,,
6925,-69,0,0.073,-0.58,,,,
6928,33,0,0,0,993,993,19,19
6931,-10,0,0,0,173,185,3,3
6933,-33,0,-0.29,0,829,831,17,5
6936,0,0,0,0,42,23,0,0
6937,-25,0,0,-0.2,1503,1495,4,4
6944,-82,1,0,26.373,,,,
6949,3,0,0,-0.194,2563,2525,3,3
6951,,,,,4,4,0,0
6952,3,0,-5,0,60,62,0,0
6953,7,0,0,0,66,69,0,0
6955,0,0,0,1,,,,
6957,55,0,1,0,1926,1895,17,18
6958,8,0,0,0,66,70,0,0
6962,1932,0,1.189,24.568,8436,8506,31,46
6965,31,0,-2,0,38,38,0,0
6967,10,0,0,0,,,,
6968,38,0,0,0,411,429,0,0
6969,5,0,0,0,,,,
6971,19,0,-4,0,,,,
6982,19,0,0,0,525,528,31,31
6988,0,0,0,2.993,,,,
6994,-257,0,-0.07,-3.759,1209,1165,1,3
6996,29.98,0,-8,0,173,177,0,0
7402,-2,0,7,22,4483,4541,365,472
7547,28,0,0,0,,,,
7556,2,0,0,0,,,,
7610,-14,0,0,0,,,,
7631,-2,0,0,-2,,,,
7642,2,0,0,0,,,,
7703,-21,0,-0.263,0,333,334,12,17
7704,16,0,0,0,42,42,0,0
7705,6,0,0,0,91,91,0,0
7708,-1,0,0,0,,,,
7712,-4,0,0,0,194,183,2,2
7714,22,0,0.122,0,,,,
7715,-15,0,-6,0,46,36,0,0
7718,-2,0,0,0,12,12,0,0
7721,-7,0,0,0,,,,
7722,-8.536,0,0,-4.769,597,591,0,0
7723,-15,0,0,0,58,58,0,0
7728,1,0,0,0.087,,,,
7730,19,0,0,0,,,,
7732,-1,0,0,0,74,77,0,0
7734,-25.207,0,0,-1.661,,,,
7736,-2,0,0,0,10,9,0,0
7738,-34,0,0,0,,,,
7740,-1,0,0,0.453,,,,
7743,2,0,0,0,,,,
7747,-7,0,0,0,,,,
7749,6.353,0,0,0.777,,,,
7750,-38.686,0,-1,0,,,,
7751,17.01,0,0,1.159,,,,
7753,10,0,0,0,,,,
7757,17,0,-6,0,,,,
7765,1,0,1,0,,,,
7780,45,0,0,0,,,,
7782,1,0,-0.24,0,,,,
7788,4,0,-5.005,0,,,,
7791,-66,0,0,0,,,,
7799,42,0,-1,0,,,,
8011,584,0,-6,0,5242,5248,24,20
8016,-725.1,-2.82,-0.208,-4.057,1953,1851,21,21
8021,10273.15,940,38.362,0,19804,20294,4618,4172
8024,-4,0,0,0,431,426,0,0
8027,-3,0,0,-0.535,6278,6239,257,260
8028,-62.683,-158,-44.601,-16.705,10373,10298,2535,2596
8032,39,0,0,-0.371,931,933,0,0
8033,163.15,0,27.939,-6.757,7741,7654,753,741
8034,16,0,0,0,3814,3668,133,134
8038,120,0,0,0,,,,
8039,4665.71,0,98.37,255.927,12926,12028,189,106
8040,24,0,0,0,867,868,36,36
8042,-401,0,-1,-17.482,2263,2252,64,46
8043,-18,0,0,-121,4622,4758,1119,957
8044,265,0,-4,-0.484,3083,3066,106,73
8045,93,0,-3,1,4468,4484,47,45
8046,-1802.93,-197,222.143,-78.184,10479,10214,2855,3041
8047,109,0,0,-0.648,21,21,0,0
8048,-164,0,0,-0.434,1632,1635,3,2
8049,32,0,0,-0.007,428,434,1,1
8050,38,0,20,-0.461,3228,3240,22,22
8054,-304.95,0,18.206,115.933,12689,12455,1076,1066
8059,-48,0,0,0.041,0,0,0,0
8064,550,0,-0.172,9.008,6436,6488,263,258
8066,-2,0,0,-0.031,517,517,0,0
8067,0,0,-0.019,0,,,,
8068,-68,0,0,0.112,1224,1167,1,1
8069,-586.886,-54,91,52.223,7065,7001,47,63
8070,15.98,-122,-22,18.842,9512,9342,90,89
8071,154.001,0,0,-0.781,2862,2852,18,16
8072,176,0,0,0,2341,2364,24,24
8074,-937,0,0,-0.434,5131,4774,146,142
8076,97,0,0,0.411,8678,8776,3,3
8080,,,,,0,0,0,0
8081,-48.177,0,0,-24.354,1160,1154,3,3
8083,-3,0,0,-0.009,57,57,0,0
8084,-9,0,0,0,,,,
8085,48,0,0,-1.338,4384,4391,11,11
8086,251.05,0,-10.874,5.441,3128,3061,111,104
8087,-1,0,0,0,105,86,0,0
8088,4510.505,0,-62,0.261,5952,5988,875,785
8089,46.375,0,0,-0.635,4228,4233,788,793
8091,33,0,0,3.172,592,580,0,0
8092,6,0,0,0,,,,
8093,8,0,0,0,0,0,0,0
8096,-1460,0,0,136.467,15747,16694,661,772
8097,83,0,0,-19.176,10139,10116,19,17
8099,4,0,0,0,9302,9304,15,15
8101,0,0,0.002,0,0,0,0,0
8103,-337.15,0,16.109,0,7970,7172,279,205
8104,117.078,0,-83,0,3314,3230,20,16
8105,61,0,0,0,10640,10643,70,70
8107,12,0,0,-0.423,2646,2645,4,4
8109,16,0,-15,3,721,749,0,0
8110,6302.97,0,-399.437,128,20800,17660,11943,11918
8111,-957.5,0,0,53.633,13651,13661,641,629
8112,-6522.824,-135.903,1120.724,213.95,27542,27983,1800,1823
8114,-137.54,12,-1.15,-0.212,1211,1193,28,26
8121,-287,0,0,-3.719,0,0,0,0
8131,-2485,0,59.873,-0.021,6333,4776,279,272
8147,21,0,0,4.551,973,975,0,0
8150,9218.94,0,124.584,501.026,13968,8437,492,269
8155,211,32,-231,179.158,4292,3767,1937,1856
8162,-69,0,1,2.954,71,50,0,0
8163,-1035,-16.17,6.3,-10.596,1665,1669,42,39
8171,95,0,0,0,8335,8313,146,151
8176,12,0,0,0.084,0,0,0,0
8182,5,0,0,0,751,749,3,3
8183,137,0,0,0.01,2695,2850,5,5
8201,-103,0,-2,0,0,0,0,0
8210,-240.752,141,-31.6,-43.408,1372,1330,316,325
8213,121,0,-18,0,2271,2276,8,3
8215,117,0,0,0,1375,1390,12,13
8222,235,0,1.585,0,4405,4426,147,148
8227,-93.955,0,0,-0.98,2601,2608,55,72
8234,-299.2,0,0,-19.493,5789,5760,96,96
8240,-4,0,0,-0.192,1962,1954,7,8
8249,342,0,0,-23,4855,4910,77,76
8255,-9,0,0,-0.717,2131,2148,2,3
8261,-152,0,0.35,-20.869,5013,4947,29,39
8271,-3665.83,0,-39.108,-6.132,6832,6279,565,627
8277,94.001,0,0,0.22,0,0,0,0
8279,11,0,0,0,,,,
8284,-1,0,0,0,20,20,0,0
8289,29,0,0,0,1706,1718,0,0
8299,-628.665,109,-221.283,-123.3,10125,9747,360,368
8341,37,0,0,0,276,288,0,0
8342,,,,,2,2,0,0
8349,23,0,0,0,1388,1388,2,2
8354,-3,0,0,0,3088,3100,0,0
8358,652.763,0,847,511.342,29438,30267,6824,7114
8367,-12,0,0,0,66,64,0,0
8374,39,0,1,-0.018,2414,2425,128,129
8383,-8,0,0,-0.309,2103,2120,1,1
8390,-98,0,-0.011,-1.882,2063,2064,34,33
8401,10,0,0,0,330,320,0,0
8403,59,0,0,0,675,677,0,0
8404,4,0,1.111,0,4747,4701,117,122
8409,1,0,0,-0.001,,,,
8410,-119,0,0,0.7,1624,1665,0,0
8411,-4,0,0,0,37,37,0,0
8415,111,-1,-384,97.372,1094,1046,0,0
8416,-1,0,0,0,,,,
8421,-1,0,0,0,596,594,0,0
8422,,,,,1814,1814,0,0
8423,,,,,410,410,0,0
8424,2,0,0,0,1,1,0,0
8426,6,0,0,-0.619,699,695,0,0
8429,255,0,0,0,10273,10262,11,11
8431,49,0,0,0,3802,3814,6,6
8432,-3,0,0,0,129,132,0,0
8433,7,0,0,0,177,178,3,3
8435,19,0,0,0.003,51,51,0,0
8436,520,0.358,15,-12.738,1807,1770,2,1
8437,2,0,0,0,439,442,2,2
8438,2,0,0,0,703,703,0,0
8440,34,0,0,-0.2,1147,1145,1,2
8442,16,0,0,0,755,740,0,0
8443,0,0,0,0,116,116,0,0
8444,3,0,0,0,376,376,0,0
8446,14,0,0,0,233,235,0,0
8450,-3,0,0,0,361,361,1,1
8454,101.19,0,0,-0.673,837,833,27,27
8462,-25,0,-1,0,900,876,9,9
8463,49,0,0,0,535,536,0,0
8464,-95.504,-1.547,15,2.755,1821,1826,1,1
8466,23,0,0,0,988,842,0,0
8467,5,0,0,-0.186,592,596,8,8
8472,3,0,0,0,,,,
8473,-193,0,-9.994,0,2560,2441,29,17
8476,-1,0,0,0,7708,7702,10,10
8477,,,,,0,0,0,0
8478,64,0,0.166,-18.064,1265,1251,22,2
8481,2,0,0,0,11,11,0,0
8482,-1,0,1,0,246,246,2,2
8487,0,0,0,3,1,1,0,0
8488,3,0,0,0,30,30,0,0
8489,-37,0,0,0,3463,3599,246,246
8499,-86,0,-4.292,-0.373,600,584,10,10
8905,-1,0,0,0,23,23,0,0
8906,-2,0,0,0,230,237,0,0
8908,5,0,0,0,62,64,0,0
8916,11,0,-4,0,147,147,0,0
8917,,,,,3,3,0,0
8921,-1,0,0,0,,,,
8923,-1,0,0,0,321,338,0,0
8924,-45,0,0,0,377,374,23,23
8926,95,-1,41.63,-5,1990,1978,18,18
8927,24.77,0,0,0,5818,5798,40,40
8928,-8,0,0,0,521,522,0,0
8929,2,0,0,0,318,318,0,0
8930,7,0,0,0,850,849,0,0
8931,-4,0,0,0,5884,5877,0,0
8932,327.008,0,0,86.206,16029,15744,27,39
8933,16,0,0,-0.073,0,0,0,0
8935,190.001,0,0,0.449,0,0,0,0
8936,3801.06,0,-91,-0.067,12228,12073,128,65
8937,-293,0,0,457.563,7727,7851,87,88
8938,164,0,35.009,0,839,837,2,2
8940,0,0,0,0,59,58,0,0
8941,-2,0,0,0,21,22,0,0
8942,45.002,0,0,0,562,550,1,1
8996,462,-805,98,208.011,6790,7104,888,1029
9103,9,0,0,-0.258,3097,3090,12,12
910322,6,0,0,0,0,0,0,0
9105,5097,0,0,-91.613,51671,51863,57,56
910861,16,0,0,0,0,0,0,0
911868,19,0,0,0,0,0,0,0
912000,485,0,0,0,7145,7203,0,0
9136,50,0,0,0,9073,9001,2,2
9802,371,0,0.223,1.159,2961,2962,31,32
9902,0,0,7,0,3115,3156,188,216
9904,5352.694,-58.255,-0.086,69.318,16157,16293,36,34
9905,5,0,0,0,128,128,0,0
9906,23,0,0,0.769,499,502,44,39
9907,-790,-37.78,1,13.004,5914,4983,36,37
9908,25,0,0,0,15,13,0,0
9910,-12.453,-7.259,-0.85,0,615,617,2,2
9911,-142,0,1.758,0.602,367,363,0,0
9912,-15,0,-1,0,0,0,0,0
9914,-44,0,-52.893,0.582,1947,1948,68,70
9917,-28.3,-34,0,-4,141,139,0,0
9918,-2,0,0,0,2,2,0,0
9919,114,0,0,0,9770,9768,8,6
9921,509.817,0,4.079,-0.345,1527,1472,130,138
9924,-39,-0.452,-2,0,611,620,0,0
9925,-59.999,0,0,-0.01,82,82,0,0
9926,-1,0,0,0,2,2,0,0
9927,46,0,-160,0,150,175,0,0
9928,,,,,509,504,0,0
9929,0,0,2,0,0,0,0,0
9930,-27,0,9,0,16,20,0,0
9931,-1.774,0,0,0,18,18,0,0
9933,840.1,0,1.006,0,5414,5413,19,12
9934,300,0,-42,0,5305,5347,0,0
9935,11.001,0,3,0,1522,1629,4,4
9937,18,0,0,-0.005,731,721,0,0
9938,237.683,0,-197.333,7.026,2715,2674,5,5
9939,386.433,-5,-0.35,1.453,1069,1074,8,9
9940,-240,0,2.91,0,599,599,0,0
9941,250,-145,-0.244,-3,1215,957,4,4
9942,26,0,-1.093,0,194,195,0,0
9943,35,0,0,0,115,115,0,0
9944,1,0,0,0,5572,5572,0,0
9945,1550.427,0,4,50.836,21909,21965,13,16
9946,25,0,-3,0,2638,2634,0,0
9949,,,,,0,0,0,0
9950,,,,,0,0,0,0
9951,5,0,2,0,306,305,0,1
9955,149,0,0,0,1985,1987,94,94
9958,67.908,0,-0.961,-5.91,15760,15784,96,98
9960,4,0,0,0,112,112,0,0
9962,,,,,284,284,10,10
