code,fgn,inv,dlrSelf,dlrHedge,mgn,mgnPrev,shrt,shrtPrev
0050,-35532.354,0,-2926.558,-18874.499,,,,
0051,0.11,0,0,-39.08,,,,
0052,-3058.294,-1913,-404.205,-30219.068,,,,
0053,-0.914,0,0,8.145,,,,
0055,7.152,0,0,-35.149,,,,
0056,11328.3,0,0,34431.474,,,,
0057,0,0,0,-4.076,,,,
0061,-37,0,0,-57.521,,,,
006201,1,-30,0,68.625,47,55,0,0
006203,0,0,0,0,,,,
006204,0,0,0,1.843,,,,
006205,7,0,0,42.404,,,,
006206,-3,0,0,-113.757,,,,
006207,5,0,0,-39.913,,,,
006208,842.808,0,-88.331,2805.753,,,,
00631L,338.13,0,0,-38.288,,,,
00632R,-2144,0,400,-2195.236,,,,
00633L,302,0,0,1173.031,,,,
00634R,0,0,0,-30,,,,
00635U,-35.975,0,20,556.898,,,,
00636,2,0,5,171.118,,,,
00636K,0,0,0,0,,,,
00637L,826.1,0,282,-2539.244,,,,
00638R,0,0,0,-25,,,,
00639,-20,0,0,-113.26,,,,
00640L,0,0,0,16.575,,,,
00641R,0,0,0,1566.96,,,,
00642U,-713.813,0,0,-15792.239,,,,
00643,-272,0,0,606.645,,,,
00645,-1,0,0,-90.185,,,,
00646,6.212,60,0,-5863,,,,
00647L,4,0,0,11.523,,,,
00648R,0,0,0,-315.208,,,,
00650L,-1150,0,0,-4576.749,,,,
00651R,0,0,0,194,,,,
00652,1,0,0,78.375,,,,
00653L,-2,0,0,-27.802,,,,
00654R,0,0,0,-12,,,,
00655L,4,0,0,175.803,,,,
00656R,0,0,0,152.8,,,,
00657,-53,0,-99,-20.361,,,,
00657K,0,0,0,0,,,,
00660,-0.69,0,0,-5,,,,
00661,-1,0,0,8.633,,,,
00662,-8.75,0,0,-694.532,,,,
00663L,-248,0,0,-476.327,,,,
00664R,0,0,0,-294.028,,,,
00665L,-3292,0,-70,-15497.026,,,,
00666R,0,0,0,38.315,,,,
00668,-4,0,0,72.417,,,,
00668K,0,0,0,0,,,,
00669R,0,0,0,-1088.344,,,,
00670L,-13,0,-10,94.588,,,,
00671R,0,0,3258,-2746.29,,,,
00673R,-3,0,0,7205.393,,,,
00674R,-100,0,153,-993.694,,,,
00675L,-40,0,0,707.212,,,,
00676R,0,0,-100,-168.016,,,,
00678,69,0,49,-116.7,,,,
00679B,9388,0,2470,3782.101,14086,14433,71,66
00680L,134,0,0,22626.558,,,,
00681R,0,0,0,-80,,,,
00682U,0,0,0,0.111,,,,
00683L,7,0,0,33,,,,
00684R,0,0,0,37.598,,,,
00685L,-7.922,0,0,238.714,,,,
00686R,0,0,0,458.95,,,,
00687B,20319.6,0,-49,7592.919,16805,17058,30,26
00687C,0,0,0,0,,,,
00688L,280,0,2500,8774.035,,,,
00689R,0,0,0,-0.002,,,,
00690,1.5,0,0,8.772,,,,
00692,-15.96,0,-8,128.546,,,,
00693U,0,0,0,165.649,,,,
00694B,82,0,0,-78.332,0,0,0,0
00695B,-4,0,0,-21.671,5,5,0,0
00696B,1888,0,100,-1513.96,302,303,0,0
00697B,-5,0,0,-136.953,20,20,0,0
00700,-10,0,20,-120.541,,,,
00701,1131,0,0,1056.583,,,,
00702,0.57,0,0,-7.337,,,,
00703,0,0,0,-7.979,,,,
00706L,0,0,0,254.895,,,,
00707R,0,0,0,1.996,,,,
00708L,-136.985,-27,10,1967.878,,,,
00709,0,0,0,21,,,,
00710B,19005,0,0,48.799,,,,
00711B,0.82,0,0,4.834,,,,
00712,25998,0,0,4085.059,,,,
00713,4783.127,-135,0,8258.637,,,,
00714,84,0,0,-34.526,,,,
00715L,-22404,0,0,-59468.114,,,,
00717,114,0,0,37,,,,
00719B,-152,0,0,-989.336,71,71,0,0
00720B,3276,0,0,654.956,3486,3517,48,48
00722B,94,0,0,-249.975,125,127,0,0
00723B,24,0,0,-25.864,114,114,0,0
00724B,30,0,0,4.798,36,36,0,0
00725B,3126,0,0,46.747,1268,1278,0,0
00726B,0,0,0,-19.158,1,1,0,0
00727B,-2,0,0,-3.981,2,2,0,0
00728,93,0,0,4.366,,,,
00730,35,0,0,350.682,,,,
00731,457,0,17,171.162,,,,
00733,567.102,0,50.482,1011.483,,,,
00734B,0,0,0,0,0,0,0,0
00735,-17,0,10,-757,,,,
00736,0,0,0,-16,,,,
00737,276,0,0,-236.531,,,,
00738U,1547.62,0,0,194.597,,,,
00739,0,0,0,0.838,,,,
00740B,2627,0,0,-2396.228,106,112,0,0
00741B,1,0,0,5.67,18,16,0,0
00746B,394,0,0,-392.903,1,1,0,0
00749B,10,0,0,10,0,0,0,0
00750B,0,0,0,1,0,0,0,0
00751B,4377,-900,0,988.329,4039,3988,0,0
00752,-1330,0,0,-1684.734,,,,
00753L,-7961,0,0,-3306.111,,,,
00754B,10,0,0,5,0,0,0,0
00755B,9,0,0,10.043,0,0,0,0
00756B,42,0,0,-17,21,21,0,0
00757,-67.542,0,-6,52.497,,,,
00758B,0,0,0,0,0,0,0,0
00759B,0,0,0,1.213,0,0,0,0
00760B,3,0,0,0.065,3,3,0,0
00761B,180,0,0,-128.926,31,31,0,0
00762,181.224,0,0,1032.354,,,,
00763U,-44,0,0,-212.862,,,,
00764B,357,0,0,-30.357,104,104,0,0
00768B,182,0,0,105.92,10,10,0,0
00770,-7,0,0,-38.932,,,,
00771,0,0,0,1,,,,
00772B,1526,0,0,67.124,2189,2189,0,0
00773B,1072,0,0,-877.144,301,301,0,0
00775B,0,0,0,0.057,,,,
00777B,2,0,0,0,0,0,0,0
00778B,1,0,0,0,0,0,0,0
00779B,0,0,0,0,0,0,0,0
00780B,1,0,0,4,0,0,0,0
00781B,2,0,0,11.034,21,27,0,0
00782B,-1,0,0,-30.127,19,19,0,0
00783,0,0,0,-19.908,,,,
00785B,0,0,0,0.946,0,0,0,0
00786B,-157,0,0,250,15,15,0,0
00787B,0,0,0,52,0,0,0,0
00788B,-105,0,0,153,0,0,0,0
00789B,0,0,0,9.972,0,0,0,0
00791B,0,0,0,0,0,0,0,0
00792B,75,0,0,-60,0,0,0,0
00793B,0,0,0,3,0,0,0,0
00795B,3076,0,49,442.314,4374,4375,2,2
00799B,0,0,0,-10.252,13,22,0,0
00830,-3004.867,0,45,-7678.043,,,,
00834B,0,0,0,0,0,0,0,0
00836B,1,0,0,8.066,0,0,0,0
00840B,0,0,0,0,0,0,0,0
00841B,0,0,0,0,0,0,0,0
00842B,0,0,0,-68,0,0,0,0
00844B,0,0,0,14,1,1,0,0
00845B,0,0,0,0,0,0,0,0
00846B,0,0,0,0.382,0,0,0,0
00847B,0,0,0,1.2,0,0,0,0
00848B,-14,0,0,12,0,0,0,0
00849B,-50,0,0,50.518,0,0,0,0
00850,440,0,60,915.445,,,,
00851,0,0,0,2,,,,
00852L,0,0,1,97.114,,,,
00853B,34,0,0,1.519,2,2,0,0
00856B,0,0,0,4.101,0,0,0,0
00857B,1812,0,0,351.409,901,1103,0,0
00858,9,0,0,-109.967,216,218,0,0
00859B,157,0,0,-336.962,2,2,0,0
00860B,0,0,0,-2.368,0,0,0,0
00861,10,0,0,187.085,,,,
00862B,103,0,0,-11.015,10,10,0,0
00863B,34,0,0,-21,0,0,0,0
00864B,-521,0,662,-292,1,1,0,0
00865B,-135,0,0,-1629.588,,,,
00867B,0,0,0,0,0,0,0,0
00870B,0,0,0,-0.1,0,0,0,0
00875,14,0,20,-7.849,,,,
00876,-9.489,0,0,244.331,,,,
00877,860,0,0,334.961,8250,8354,450,448
00878,48623.59,0,43.816,45962.688,,,,
00881,-4137.039,0,110,-22154.15,,,,
00882,709,0,0,2911.765,,,,
00883B,0,0,0,5.043,0,0,0,0
00884B,0,0,0,3.742,0,0,0,0
00885,2350.885,0,1,2278.335,,,,
00886,0,0,0,43.569,1,1,0,0
00887,-264,0,0,1178.434,25836,26523,1007,689
00888,577,0,200,-870.384,99,104,0,0
00890B,47,0,0,-15,2,2,0,0
00891,2319.05,0,0,-801.62,,,,
00892,-21,0,0,335.396,,,,
00893,221.111,0,0,-139.41,,,,
00894,-201,0,-959,-516.385,,,,
00895,17,0,50,212.304,,,,
00896,2370,0,-219,3515.467,,,,
00897,1119,0,0,-137.306,,,,
00898,1220,0,0,-256.214,,,,
00899,-2,0,0,184.046,,,,
00900,6227.2,200,-80.89,7618.727,,,,
00901,436,0,0,615.033,,,,
00902,776,0,0,1522.087,,,,
00903,-3,0,0,163.296,,,,
00904,-338.04,0,0,-2381.35,,,,
00905,-98.98,0,0,482.379,,,,
00907,236,0,0,1662.198,,,,
00908,38,0,0,4.214,,,,
00909,1149.331,0,42,1342.435,,,,
00910,239.866,0,0,-188.286,,,,
00911,-1,0,0,-35.242,,,,
00912,-217,0,0,-693.349,,,,
00913,-18,0,0,84.109,,,,
00915,-31,0,0,7837.048,,,,
00916,46,0,0,80,,,,
00917,4,0,0,-3671.027,,,,
00918,15155.15,0,46.909,20020.581,,,,
00919,94985.392,0,200,46062.367,,,,
00920,-232,0,0,275.546,,,,
00921,164,0,9,348.987,,,,
00922,10487.665,0,36,-8001.598,,,,
00923,172.5,0,25,-313.106,,,,
00924,2,0,0,48.489,,,,
00926,959,0,0,-824.897,,,,
00927,330.05,0,0,-9460.614,,,,
00928,-64,0,0,168.202,30,48,6,6
00929,2238.111,0,174.037,46798.508,,,,
00930,1497,0,0,2614.546,,,,
00931B,4434,0,0,-2185.941,4907,4907,0,0
00932,394,0,0,1453.014,,,,
00933B,3892,0,0,1324.264,1706,1706,0,0
00934,500,0,0,1203.848,,,,
00935,-234.6,0,30,-957.361,,,,
00936,117,0,100,9765.543,,,,
00937B,34319,0,70,7501.871,18194,20421,0,0
00938,-10,0,0,101.072,,,,
00939,21114,0,0,33915.82,,,,
00940,9614.2,0,0,66733.1,,,,
00941,207.01,0,0,1551.24,,,,
00942B,0,0,0,1446.666,245,245,0,0
00943,131,0,0,259.388,,,,
00944,322,0,0,946.626,,,,
00945B,480.101,0,1190,-1677.402,,,,
00946,4352,0,397,8166.684,,,,
00947,-2286.9,0,50,-3086.878,,,,
00948B,6033.001,0,0,752.828,1139,1129,0,0
00949,-100,0,0,-269.913,,,,
00950B,7046,0,0,-1278.795,1408,1408,0,0
00951,1086,0,0,1112.622,,,,
00952,591,0,0,608.826,,,,
00953B,2744.3,-4660,0,-676.571,,,,
00954,63,0,0,430.673,,,,
00955,-196,0,35,-1810.093,1343,1367,16,16
00956,-4,0,0,-159.328,,,,
00957B,4,0,0,-8.67,263,266,0,0
00958B,-4,0,0,435.322,18,18,0,0
00959B,1132,0,0,1171.664,1450,1354,0,0
00960,0,0,0,2990.524,,,,
00961,1316.9,0,199.847,2700.461,,,,
00962,-9,0,0,559.615,,,,
00963,1,0,0,-181,,,,
00964,147,0,0,-394.05,,,,
00965,293.083,-800,80,2073.467,,,,
00966B,0,0,0,282.84,130,130,0,0
00967B,7,0,0,260.144,18,23,0,0
00968B,999,0,0,22.102,90,92,0,0
00969B,1,0,0,456.919,425,425,0,0
00970B,1085,0,0,649.884,281,381,0,0
00971,-2,0,0,1196.112,,,,
00972,0,0,0,-2.156,,,,
009800,0.055,0,0,932.8,,,,
009801,8,0,0,832.659,,,,
009802,305,0,-213,985.224,,,,
009803,-40,0,0,-425.213,,,,
009804,120,0,0,-97.285,,,,
009805,1367,0,-115,-258.666,,,,
009806,0,0,0,64.555,1,1,0,0
009807,0,0,0,117.966,35,33,0,0
009808,-6,0,0,21.811,,,,
009809,-32,0,0,215.931,,,,
00980A,-4.79,0,2491,-3226.942,,,,
00980B,0,0,0,282.511,4,4,0,0
00980D,10,-380,0,757.955,237,228,0,0
00980T,0,0,0,990.607,101,101,0,0
009810,0,0,0,9.274,,,,
009811,-6,0,0,1476.382,,,,
009812,-30,0,115,-257.085,,,,
009813,45.5,0,0,-1737.546,,,,
009814,40,0,0,4568.69,54,64,0,0
00981A,-16724.519,0,-3605,-44454.081,,,,
00981B,-202,2500,0,545.776,21863,21663,0,0
00981D,0,0,0,-7781.352,6855,6341,0,0
00981T,0,0,10,297.611,,,,
00982A,1102.199,0,-207.195,4199.422,,,,
00982B,5,0,0,119.975,228,228,0,0
00982D,-22,0,0,19,,,,
00982T,5,0,0,-455.33,,,,
00983A,897,0,-340,4457.443,,,,
00983B,0,0,0,74,4,4,0,0
00983D,-6,0,0,-359.031,,,,
00984A,-229,0,90,-4275.783,,,,
00984B,898,0,0,-1201.671,1173,1173,0,0
00985A,-312.785,0,-708,-988.824,,,,
00985B,117,0,0,11.326,,,,
00986A,31,0,0,452.107,,,,
00986B,5,0,0,12,0,0,0,0
00987A,1410,0,50,-4034.847,,,,
00988A,30,0,0,10920,,,,
00989A,586,0,549,2010,,,,
00990A,26391.002,0,496,21266.526,,,,
00991A,-4923.3,0,-1824.234,-4407.353,,,,
00992A,540.22,0,54,-9851.867,,,,
00994A,69.01,0,-2500,-6152.818,,,,
01001T,1,0,0,0,,,,
01004T,84,0,0,0,,,,
01007T,17,0,0,0,,,,
01009T,0,0,-177,0,,,,
02001L,0,0,0,23,,,,
02001R,0,0,0,-356,,,,
020020,0,0,0,14,,,,
020025,0,0,0,-591,,,,
020027,0,0,0,26,,,,
020028,0,0,0,3,,,,
020029,0,0,0,28,,,,
020030,0,0,0,-6,,,,
020031,0,0,0,24,,,,
020032,0,0,0,35,,,,
020033,0,0,0,-108,,,,
020034,0,0,0,37,,,,
020035,0,0,0,2,,,,
020036,0,0,0,4,,,,
020037,0,0,0,-12,,,,
020038,0,0,0,6,,,,
020039,0,0,0,21,,,,
020040,0,0,0,9,,,,
030002,0,0,0,40,,,,
030003,0,0,0,203,,,,
030005,0,0,0,16,,,,
030008,0,0,0,-10,,,,
030009,0,0,0,53,,,,
030012,0,0,0,-116,,,,
03001U,0,0,0,-10,,,,
030020,0,0,0,30,,,,
030024,0,0,0,-32,,,,
030025,0,0,0,266,,,,
030026,0,0,0,-7,,,,
030028,0,0,0,-9,,,,
030029,0,0,0,50,,,,
030036,0,0,0,38,,,,
03003U,0,0,0,-95,,,,
030040,0,0,0,50,,,,
030042,0,0,0,1,,,,
030044,0,0,0,-1,,,,
030045,0,0,0,-3,,,,
030047,0,0,0,18,,,,
030048,0,0,0,1,,,,
030050,0,0,0,-436,,,,
030053,0,0,0,16,,,,
030054,0,0,0,-10,,,,
030055,0,0,0,30,,,,
030056,0,0,0,-104,,,,
030057,0,0,0,-1,,,,
030058,0,0,0,1,,,,
030060,0,0,0,15,,,,
030062,0,0,0,5,,,,
030063,0,0,0,40,,,,
030064,0,0,0,-1,,,,
030067,0,0,0,6,,,,
030068,0,0,0,6,,,,
030071,0,0,0,32,,,,
030072,0,0,0,-10,,,,
030073,0,0,0,-22,,,,
030076,0,0,0,-22,,,,
030077,0,0,0,8,,,,
030078,0,0,0,11,,,,
030079,0,0,0,333,,,,
030080,0,0,0,-31,,,,
030081,0,0,0,-1,,,,
030082,0,0,0,-2,,,,
030083,0,0,0,-61,,,,
030084,0,0,0,43,,,,
030085,0,0,0,2,,,,
030086,0,0,0,142,,,,
030087,0,0,0,0,,,,
030089,0,0,0,-44,,,,
030090,0,0,0,13,,,,
030091,0,0,0,-25,,,,
030092,0,0,0,-100,,,,
030093,0,0,0,-50,,,,
030095,0,0,0,203,,,,
030097,0,0,0,-506,,,,
030101,0,0,0,20,,,,
030103,0,0,0,-2,,,,
030105,0,0,0,11,,,,
030107,0,0,0,25,,,,
030108,0,0,0,186,,,,
030109,0,0,0,153,,,,
030111,0,0,0,10,,,,
030112,0,0,0,-994,,,,
030115,0,0,0,-85,,,,
030116,0,0,0,-13,,,,
030119,0,0,0,-40,,,,
030120,0,0,0,45,,,,
030122,0,0,0,-309,,,,
030123,0,0,0,239,,,,
030124,0,0,0,63,,,,
030128,0,0,0,62,,,,
030129,0,0,0,2,,,,
030131,0,0,0,3,,,,
030136,0,0,0,-20,,,,
030138,0,0,0,-114,,,,
030139,0,0,0,583,,,,
030145,0,0,0,953,,,,
030147,0,0,0,-6,,,,
030151,-1,0,0,3,,,,
030152,0,0,0,51,,,,
030155,0,0,0,10,,,,
030158,0,0,0,50,,,,
030160,0,0,0,10,,,,
030163,0,0,0,-308,,,,
030169,0,0,0,-54,,,,
030171,0,0,0,200,,,,
030174,0,0,0,-89,,,,
030176,0,0,0,-8,,,,
030177,0,0,0,-10,,,,
030178,0,0,0,-66,,,,
030180,0,0,0,3,,,,
030181,0,0,0,-137,,,,
030183,0,0,0,20,,,,
030186,0,0,0,0,,,,
030188,0,0,0,20,,,,
030190,0,0,0,-80,,,,
030198,0,0,0,-208,,,,
030201,0,0,0,276,,,,
030203,0,0,0,-4,,,,
030204,0,0,0,39,,,,
030205,0,0,0,2,,,,
030209,0,0,0,-100,,,,
030211,0,0,0,6,,,,
030212,0,0,0,-325,,,,
030214,0,0,0,3,,,,
030220,0,0,0,0,,,,
030224,0,0,0,-5,,,,
030225,0,0,0,602,,,,
030227,0,0,0,-1,,,,
030228,0,0,0,86,,,,
030229,0,0,0,-39,,,,
030230,0,0,0,60,,,,
030231,0,0,0,90,,,,
030232,0,0,0,-33,,,,
030234,0,0,0,-3,,,,
030235,0,0,0,24,,,,
030236,0,0,0,-12,,,,
030237,0,0,0,10,,,,
030239,0,0,0,145,,,,
030240,0,0,0,5,,,,
030241,0,0,0,175,,,,
030242,0,0,0,-254,,,,
030243,0,0,0,-58,,,,
030245,0,0,0,-635,,,,
030246,0,0,0,282,,,,
030247,0,0,0,85,,,,
030248,0,0,0,-100,,,,
030251,0,0,0,-89,,,,
030254,0,0,0,33,,,,
030256,0,0,0,-351,,,,
030257,0,0,0,-290,,,,
030259,0,0,0,35,,,,
030261,0,0,0,21,,,,
030269,0,0,0,0,,,,
03026X,0,0,0,1,,,,
030270,0,0,0,-10,,,,
030271,0,0,0,1,,,,
030274,0,0,0,99,,,,
030275,0,0,0,135,,,,
030276,0,0,0,-53,,,,
030277,0,0,0,1,,,,
030278,0,0,0,5,,,,
030279,0,0,0,-2,,,,
030281,0,0,0,-63,,,,
030283,0,0,0,448,,,,
030284,0,0,0,51,,,,
030285,0,0,0,220,,,,
030286,0,0,0,20,,,,
030287,0,0,0,-50,,,,
030289,0,0,0,-10,,,,
030291,0,0,0,-5,,,,
030292,0,0,0,-305,,,,
030293,0,0,0,-461,,,,
030295,0,0,0,-29,,,,
030297,0,0,0,-300,,,,
030298,0,0,0,-20,,,,
030299,0,0,0,29,,,,
03029U,0,0,0,-49,,,,
030301,0,0,0,-88,,,,
030302,0,0,0,347,,,,
030303,0,0,0,-2,,,,
030304,0,0,0,-14,,,,
030308,0,0,0,10,,,,
030309,0,0,0,20,,,,
030310,0,0,0,346,,,,
030311,0,0,0,-4,,,,
030313,0,0,0,46,,,,
030320,0,0,0,-68,,,,
030321,0,0,0,-5,,,,
030322,0,0,0,1,,,,
030323,0,0,0,-30,,,,
030324,0,0,0,2,,,,
030325,0,0,0,95,,,,
030326,0,0,0,1,,,,
030327,0,0,0,23,,,,
030331,0,0,0,30,,,,
030337,0,0,0,27,,,,
030342,0,0,0,16,,,,
030343,0,0,0,-62,,,,
030344,0,0,0,13,,,,
030348,0,0,0,-8,,,,
030349,0,0,0,135,,,,
030350,0,0,0,-14,,,,
030355,0,0,0,18,,,,
030356,0,0,0,50,,,,
030358,0,0,0,-220,,,,
030359,0,0,0,3,,,,
030360,0,0,0,21,,,,
030362,0,0,0,120,,,,
030365,0,0,0,65,,,,
030366,0,0,0,-294,,,,
030368,0,0,0,370,,,,
030370,0,0,0,-44,,,,
030375,0,0,0,170,,,,
030376,0,0,0,191,,,,
030384,0,0,0,-69,,,,
030388,0,0,0,231,,,,
030389,0,0,0,2,,,,
030396,0,0,0,-394,,,,
030403,0,0,0,1,,,,
030408,0,0,0,-100,,,,
030409,0,0,0,137,,,,
030410,0,0,0,-10,,,,
030412,0,0,0,218,,,,
030414,0,0,0,-143,,,,
030416,0,0,0,-3,,,,
030419,0,0,0,-20,,,,
030421,0,0,0,12,,,,
030423,0,0,0,-287,,,,
030425,0,0,0,-14,,,,
030426,0,0,0,-16,,,,
030427,0,0,0,-152,,,,
030428,0,0,0,5,,,,
030431,0,0,0,-10,,,,
030433,0,0,0,126,,,,
030435,0,0,0,-21,,,,
030439,0,0,0,373,,,,
030440,0,0,0,2,,,,
030443,0,0,0,2,,,,
030445,0,0,0,-12,,,,
030446,0,0,0,9,,,,
030448,0,0,0,-10,,,,
030459,0,0,0,-229,,,,
030460,0,0,0,-533,,,,
030461,0,0,0,10,,,,
030463,0,0,0,-6,,,,
030464,0,0,0,-22,,,,
030468,0,0,0,37,,,,
030469,0,0,0,-9,,,,
030470,0,0,0,-12,,,,
030471,0,0,0,8,,,,
030473,0,0,0,80,,,,
030474,0,0,0,11,,,,
030476,0,0,0,-2,,,,
030477,0,0,0,-10,,,,
03047X,0,0,0,38,,,,
030480,0,0,0,5,,,,
030484,0,0,0,44,,,,
030489,0,0,0,-36,,,,
030490,0,0,0,-11,,,,
030496,0,0,0,9,,,,
030497,0,0,0,-138,,,,
030499,0,0,0,-1,,,,
030501,0,0,0,-6,,,,
030502,0,0,0,-10,,,,
030504,0,0,0,-52,,,,
030510,0,0,0,-24,,,,
030511,0,0,0,-153,,,,
030512,0,0,0,175,,,,
030513,0,0,0,-7,,,,
030515,0,0,0,30,,,,
030516,0,0,0,69,,,,
030517,0,0,0,2,,,,
030521,0,0,0,-50,,,,
030522,0,0,0,-14,,,,
030524,0,0,0,638,,,,
030526,0,0,0,-76,,,,
030527,0,0,0,-10,,,,
030529,0,0,0,15,,,,
030530,0,0,0,79,,,,
030532,0,0,0,136,,,,
030533,0,0,0,-8,,,,
030534,0,0,0,-8,,,,
030535,0,0,0,0,,,,
030536,0,0,0,998,,,,
030537,0,0,0,-3,,,,
030541,0,0,0,5,,,,
030543,0,0,0,1,,,,
030544,0,0,0,7,,,,
030545,0,0,0,1,,,,
030548,0,0,0,60,,,,
03054U,0,0,0,-30,,,,
030550,0,0,0,60,,,,
030551,0,0,0,-130,,,,
030552,0,0,0,29,,,,
030553,0,0,0,-10,,,,
030554,0,0,0,49,,,,
030555,0,0,0,-583,,,,
030556,0,0,0,-1035,,,,
030557,0,0,0,-24,,,,
030558,0,0,0,109,,,,
030560,0,0,0,15,,,,
030561,0,0,0,19,,,,
030562,0,0,0,-201,,,,
030563,0,0,0,-1466,,,,
030564,0,0,0,180,,,,
030565,0,0,0,-15,,,,
030566,0,0,0,160,,,,
030567,0,0,0,9,,,,
030570,0,0,0,243,,,,
030571,0,0,0,812,,,,
030572,0,0,0,0,,,,
030573,0,0,0,164,,,,
030574,-20,0,0,-199,,,,
030575,0,0,0,298,,,,
030576,0,0,0,1102,,,,
030577,0,0,0,-62,,,,
030578,-1,0,0,71,,,,
030579,0,0,0,-64,,,,
030580,-83,0,0,-428,,,,
030581,0,0,0,3,,,,
030582,0,0,0,3,,,,
030583,0,0,0,-390,,,,
030584,0,0,0,-98,,,,
030585,0,0,0,-21,,,,
030586,0,0,0,-2,,,,
030587,0,0,0,154,,,,
030588,0,0,0,-106,,,,
030589,0,0,0,-1,,,,
030590,0,0,0,208,,,,
030591,0,0,0,120,,,,
030592,0,0,0,-46,,,,
030593,0,0,0,30,,,,
030594,0,0,0,-203,,,,
030595,0,0,0,-96,,,,
030596,0,0,0,-1,,,,
030597,0,0,0,-71,,,,
030599,0,0,0,-1,,,,
030600,0,0,0,-324,,,,
030601,0,0,0,-132,,,,
030602,0,0,0,-3,,,,
030603,0,0,0,0,,,,
030604,0,0,0,-76,,,,
030606,0,0,0,-203,,,,
030607,0,0,0,0,,,,
030608,0,0,0,-8,,,,
030609,0,0,0,278,,,,
030610,0,0,0,-21,,,,
030611,0,0,0,-1190,,,,
030612,0,0,0,10,,,,
030618,0,0,0,-30,,,,
030621,0,0,0,-144,,,,
030622,0,0,0,-308,,,,
030623,0,0,0,-6,,,,
030624,0,0,0,-20,,,,
030625,0,0,0,1,,,,
030626,0,0,0,749,,,,
030627,0,0,0,92,,,,
030628,0,0,0,7,,,,
030629,0,0,0,2,,,,
030631,0,0,0,-144,,,,
030632,0,0,0,103,,,,
030633,0,0,0,0,,,,
030636,0,0,0,76,,,,
030637,0,0,0,-402,,,,
030639,0,0,0,-162,,,,
030640,0,0,0,1,,,,
030642,0,0,0,5,,,,
030643,0,0,0,3,,,,
030644,0,0,0,-113,,,,
030645,0,0,0,3,,,,
030646,0,0,0,-22,,,,
030647,0,0,0,-5,,,,
030649,0,0,0,-591,,,,
030650,0,0,0,-110,,,,
030651,0,0,0,100,,,,
030652,0,0,0,-9,,,,
030653,0,0,0,138,,,,
030654,0,0,0,503,,,,
030656,0,0,0,64,,,,
030657,0,0,0,-371,,,,
030658,0,0,0,30,,,,
030662,0,0,0,-6,,,,
030668,0,0,0,10,,,,
030669,0,0,0,25,,,,
030671,0,0,0,-40,,,,
030672,0,0,0,-40,,,,
030673,0,0,0,-36,,,,
030674,0,0,0,-25,,,,
030675,0,0,0,-32,,,,
030677,0,0,0,-2,,,,
030678,0,0,0,-20,,,,
030679,0,0,0,2,,,,
030680,0,0,0,48,,,,
030686,0,0,0,-157,,,,
030687,0,0,0,-30,,,,
030690,0,0,0,19,,,,
030691,0,0,0,-5,,,,
030694,0,0,0,-10,,,,
030695,0,0,0,140,,,,
030697,0,0,0,-35,,,,
030698,0,0,0,3,,,,
030704,0,0,0,28,,,,
030705,0,0,0,4,,,,
030708,0,0,0,2,,,,
030711,0,0,0,4,,,,
030713,0,0,0,1,,,,
030722,0,0,0,-4,,,,
030725,0,0,0,-20,,,,
030726,0,0,0,1,,,,
030728,0,0,0,-11,,,,
030733,0,0,0,-7,,,,
030734,0,0,0,170,,,,
030743,0,0,0,-11,,,,
030745,0,0,0,-12,,,,
030746,0,0,0,-31,,,,
030747,0,0,0,10,,,,
03074X,0,0,0,-1,,,,
030750,0,0,0,25,,,,
030753,0,0,0,-100,,,,
030755,0,0,0,-547,,,,
030757,0,0,0,1130,,,,
030758,0,0,0,-14,,,,
030759,0,0,0,-20,,,,
030760,0,0,0,-417,,,,
030761,0,0,0,-10,,,,
030763,0,0,0,-115,,,,
030764,0,0,0,-20,,,,
030765,0,0,0,-73,,,,
030766,0,0,0,-276,,,,
030769,0,0,0,61,,,,
030771,0,0,0,1,,,,
030773,0,0,0,-216,,,,
030774,0,0,0,8,,,,
030776,0,0,0,-2,,,,
030778,0,0,0,3,,,,
030779,0,0,0,-1,,,,
030783,0,0,0,33,,,,
030785,0,0,0,-71,,,,
030787,0,0,0,352,,,,
030790,0,0,0,-24,,,,
030791,0,0,0,-20,,,,
030792,0,0,0,510,,,,
030795,0,0,0,1,,,,
030801,0,0,0,276,,,,
030802,0,0,0,140,,,,
030803,0,0,0,-32,,,,
030809,0,0,0,-10,,,,
030811,0,0,0,-11,,,,
030812,0,0,0,15,,,,
030813,0,0,0,46,,,,
030814,0,0,0,-42,,,,
030818,0,0,0,7,,,,
030820,0,0,0,10,,,,
030822,0,0,0,60,,,,
030823,0,0,0,-11,,,,
030825,0,0,0,10,,,,
030826,0,0,0,-457,,,,
030827,10,0,0,-1102,,,,
030831,0,0,0,20,,,,
030832,0,0,0,85,,,,
030836,0,0,0,55,,,,
030838,0,0,0,61,,,,
030842,0,0,0,-4,,,,
030843,0,0,0,-296,,,,
030844,0,0,0,663,,,,
030845,0,0,0,-3,,,,
030850,0,0,0,-10,,,,
030853,0,0,0,42,,,,
030854,0,0,0,175,,,,
030855,0,0,0,50,,,,
030856,0,0,0,-649,,,,
030857,0,0,0,470,,,,
030858,0,0,0,21,,,,
030863,0,0,0,-51,,,,
030875,0,0,0,0,,,,
030877,0,0,0,197,,,,
030882,0,0,0,-46,,,,
030883,0,0,0,-54,,,,
030884,0,0,0,-20,,,,
030887,0,0,0,-37,,,,
030891,0,0,0,-249,,,,
030892,0,0,0,-28,,,,
030895,0,0,0,400,,,,
030896,0,0,0,-28,,,,
030899,0,0,0,750,,,,
030900,0,0,0,-25,,,,
030904,0,0,0,2,,,,
030905,0,0,0,20,,,,
030906,0,0,0,-2,,,,
030908,0,0,0,13,,,,
030910,0,0,0,17,,,,
030918,0,0,0,-20,,,,
030919,0,0,0,-1,,,,
030923,0,0,0,-199,,,,
030926,0,0,0,403,,,,
030927,0,0,0,1,,,,
030928,0,0,0,-642,,,,
030929,0,0,0,50,,,,
030930,0,0,0,35,,,,
030931,0,0,0,-28,,,,
030933,0,0,0,3,,,,
030935,0,0,0,-340,,,,
030938,0,0,0,-2,,,,
030939,0,0,0,-2,,,,
030942,0,0,0,25,,,,
030943,0,0,0,-1,,,,
030944,0,0,0,-153,,,,
030945,0,0,0,390,,,,
030946,0,0,0,-46,,,,
030948,0,0,0,1,,,,
030949,0,0,0,-15,,,,
030952,0,0,0,-50,,,,
030954,0,0,0,20,,,,
030955,0,0,0,15,,,,
030957,0,0,0,-520,,,,
030961,0,0,0,16,,,,
030962,0,0,0,33,,,,
030963,0,0,0,8,,,,
030964,0,0,0,-44,,,,
030965,0,0,0,41,,,,
030971,0,0,0,-210,,,,
030973,0,0,0,2,,,,
030978,0,0,0,-211,,,,
030980,0,0,0,33,,,,
030981,0,0,0,-2,,,,
030988,0,0,0,-20,,,,
030989,0,0,0,225,,,,
030990,0,0,0,-33,,,,
030992,0,0,0,-225,,,,
030993,0,0,0,20,,,,
030995,0,0,0,-52,,,,
030996,0,0,0,-1107,,,,
030997,0,0,0,0,,,,
031000,0,0,0,71,,,,
031001,0,0,0,-164,,,,
031003,0,0,0,38,,,,
031006,0,0,0,183,,,,
031007,0,0,0,170,,,,
031010,0,0,0,-15,,,,
031014,0,0,0,457,,,,
031015,0,0,0,10,,,,
031016,0,0,0,3,,,,
031017,0,0,0,108,,,,
031021,0,0,0,96,,,,
031026,0,0,0,23,,,,
031027,0,0,0,-12,,,,
031029,0,0,0,60,,,,
031030,0,0,0,10,,,,
031031,0,0,0,10,,,,
031032,0,0,0,72,,,,
031033,0,0,0,9,,,,
031036,0,0,0,134,,,,
031043,0,0,0,3,,,,
031044,0,0,0,-17,,,,
031045,0,0,0,0,,,,
031046,0,0,0,10,,,,
031050,0,0,0,-91,,,,
031055,0,0,0,0,,,,
031060,0,0,0,-2,,,,
031061,0,0,0,-998,,,,
031062,0,0,0,-34,,,,
031063,0,0,0,-50,,,,
031064,0,0,0,-54,,,,
031065,0,0,0,1,,,,
031066,0,0,0,10,,,,
031069,0,0,0,-49,,,,
031070,0,0,0,-18,,,,
031072,0,0,0,36,,,,
031074,0,0,0,2,,,,
031075,0,0,0,-10,,,,
031076,0,0,0,-6,,,,
031082,0,0,0,-28,,,,
031091,0,0,0,90,,,,
031098,0,0,0,0,,,,
031103,0,0,0,48,,,,
031106,0,0,0,34,,,,
031111,0,0,0,-17,,,,
031114,0,0,0,-13,,,,
031116,0,0,0,-238,,,,
031119,0,0,0,-5,,,,
031121,0,0,0,4,,,,
031122,0,0,0,5,,,,
031123,0,0,0,2,,,,
031125,0,0,0,-90,,,,
031127,0,0,0,-503,,,,
031134,0,0,0,-582,,,,
031136,0,0,0,2,,,,
031140,0,0,0,-1,,,,
031144,0,0,0,-369,,,,
031146,0,0,0,-4,,,,
031149,0,0,0,-1306,,,,
031150,0,0,0,1,,,,
031152,0,0,0,169,,,,
031153,0,0,0,-102,,,,
031155,0,0,0,-20,,,,
031157,0,0,0,-67,,,,
031159,0,0,0,0,,,,
031162,0,0,0,6,,,,
031163,0,0,0,-8,,,,
031164,0,0,0,542,,,,
031165,0,0,0,-233,,,,
031169,0,0,0,-1,,,,
031172,0,0,0,-21,,,,
031173,0,0,0,2,,,,
031174,0,0,0,-11,,,,
031178,0,0,0,4,,,,
031181,0,0,0,-10,,,,
031182,0,0,0,-117,,,,
031183,0,0,0,-10,,,,
031187,0,0,0,-1,,,,
031192,0,0,0,30,,,,
031194,0,0,0,-44,,,,
031196,0,0,0,-40,,,,
031197,0,0,0,-40,,,,
031200,0,0,0,10,,,,
031201,0,0,0,10,,,,
031202,0,0,0,-3,,,,
031203,0,0,0,-186,,,,
031204,0,0,0,10,,,,
031206,0,0,0,-28,,,,
031207,0,0,0,90,,,,
031212,0,0,0,-12,,,,
031213,0,0,0,5,,,,
031218,0,0,0,-53,,,,
031221,0,0,0,-17,,,,
031222,0,0,0,-611,,,,
031223,0,0,0,2,,,,
031224,0,0,0,-2,,,,
031225,0,0,0,29,,,,
031228,0,0,0,3,,,,
031229,0,0,0,110,,,,
031235,0,0,0,-132,,,,
031236,0,0,0,-415,,,,
031238,0,0,0,7,,,,
031240,0,0,0,252,,,,
031244,0,0,0,-230,,,,
031248,0,0,0,-1,,,,
031254,0,0,0,211,,,,
031260,0,0,0,-100,,,,
031261,0,0,0,-4,,,,
031263,0,0,0,440,,,,
031264,0,0,0,3,,,,
031268,0,0,0,-48,,,,
031269,0,0,0,-17,,,,
031270,0,0,0,284,,,,
031271,0,0,0,3,,,,
031272,0,0,0,284,,,,
031273,0,0,0,-598,,,,
031275,0,0,0,-51,,,,
031276,0,0,0,-6,,,,
031277,0,0,0,-20,,,,
031278,0,0,0,100,,,,
031279,0,0,0,5,,,,
031281,0,0,0,-2,,,,
031285,0,0,0,188,,,,
031286,0,0,0,7,,,,
031288,0,0,0,-34,,,,
031290,0,0,0,-546,,,,
031291,0,0,0,-71,,,,
031292,0,0,0,-677,,,,
031293,0,0,0,-499,,,,
031294,0,0,0,-10,,,,
031295,0,0,0,50,,,,
031296,0,0,0,-126,,,,
031297,0,0,0,508,,,,
031298,0,0,0,-2104,,,,
031300,0,0,0,-13,,,,
031301,0,0,0,-146,,,,
031303,0,0,0,-1154,,,,
031304,0,0,0,-197,,,,
031305,0,0,0,-7,,,,
031306,0,0,0,110,,,,
031311,0,0,0,-50,,,,
031312,0,0,0,-157,,,,
031313,0,0,0,132,,,,
031314,0,0,0,-11,,,,
031316,0,0,0,20,,,,
031317,0,0,0,51,,,,
031318,0,0,0,-6,,,,
031320,0,0,0,-77,,,,
031321,0,0,0,-357,,,,
031322,0,0,0,-3,,,,
031329,0,0,0,63,,,,
031331,0,0,0,-25,,,,
031334,0,0,0,40,,,,
031335,0,0,0,-100,,,,
031337,0,0,0,-37,,,,
031342,0,0,0,1098,,,,
031346,0,0,0,-531,,,,
031352,0,0,0,-10,,,,
031353,0,0,0,-211,,,,
031355,0,0,0,-80,,,,
031356,0,0,0,10,,,,
031361,0,0,0,18,,,,
031363,0,0,0,-809,,,,
031364,0,0,0,197,,,,
031365,0,0,0,314,,,,
031368,0,0,0,20,,,,
031369,0,0,0,1,,,,
031373,0,0,0,1518,,,,
031376,0,0,0,1,,,,
031377,0,0,0,-54,,,,
031383,0,0,0,-185,,,,
031385,0,0,0,8,,,,
031386,0,0,0,20,,,,
031387,0,0,0,-7,,,,
031389,0,0,0,56,,,,
031390,0,0,0,-223,,,,
031395,0,0,0,-44,,,,
031399,0,0,0,-183,,,,
031400,0,0,0,-132,,,,
031401,0,0,0,-15,,,,
031403,0,0,0,14,,,,
031404,0,0,0,65,,,,
031406,0,0,0,58,,,,
031409,0,0,0,30,,,,
031411,0,0,0,611,,,,
031412,0,0,0,27,,,,
031413,0,0,0,63,,,,
031416,0,0,0,77,,,,
031417,0,0,0,493,,,,
031419,0,0,0,235,,,,
031420,0,0,0,-72,,,,
031422,0,0,0,-288,,,,
031423,0,0,0,-48,,,,
031425,0,0,0,-157,,,,
031427,0,0,0,19,,,,
031437,0,0,0,77,,,,
031438,0,0,0,27,,,,
031439,0,0,0,-68,,,,
031440,0,0,0,-110,,,,
031441,0,0,0,24,,,,
031443,0,0,0,1,,,,
031449,0,0,0,55,,,,
031451,0,0,0,-49,,,,
031452,0,0,0,-16,,,,
031453,0,0,0,84,,,,
031455,0,0,0,-210,,,,
031457,0,0,0,-92,,,,
031461,0,0,0,-15,,,,
031463,0,0,0,-3,,,,
031464,0,0,0,-11,,,,
031465,0,0,0,-30,,,,
031468,0,0,0,-224,,,,
031470,0,0,0,-206,,,,
031471,0,0,0,-78,,,,
031472,0,0,0,8,,,,
031473,0,0,0,-143,,,,
031474,0,0,0,132,,,,
031476,0,0,0,198,,,,
031477,0,0,0,81,,,,
031480,0,0,0,12,,,,
031482,0,0,0,4,,,,
031483,0,0,0,-90,,,,
031485,0,0,0,24,,,,
031486,0,0,0,-1,,,,
031487,0,0,0,8,,,,
031488,0,0,0,-29,,,,
031492,0,0,0,-596,,,,
031495,0,0,0,-2,,,,
031496,0,0,0,45,,,,
031497,0,0,0,16,,,,
031498,0,0,0,-3,,,,
031502,0,0,0,150,,,,
031503,0,0,0,-295,,,,
031509,0,0,0,-50,,,,
031510,0,0,0,78,,,,
031512,0,0,0,-12,,,,
031515,0,0,0,-8,,,,
031518,0,0,0,-195,,,,
031522,0,0,0,-10,,,,
031528,0,0,0,50,,,,
031529,0,0,0,58,,,,
031531,0,0,0,-5,,,,
031533,0,0,0,-5,,,,
031535,0,0,0,50,,,,
031537,0,0,0,17,,,,
031540,0,0,0,-53,,,,
031541,0,0,0,-83,,,,
031543,0,0,0,-338,,,,
031544,0,0,0,12,,,,
031547,0,0,0,30,,,,
031549,0,0,0,10,,,,
031552,0,0,0,-5,,,,
031556,0,0,0,-74,,,,
031557,0,0,0,10,,,,
031560,0,0,0,-30,,,,
031562,0,0,0,-10,,,,
031563,0,0,0,-518,,,,
031567,0,0,0,-2,,,,
031568,0,0,0,0,,,,
031569,0,0,0,100,,,,
031572,0,0,0,-130,,,,
031578,0,0,0,-242,,,,
031580,0,0,0,9,,,,
031586,0,0,0,-267,,,,
031588,0,0,0,0,,,,
031589,0,0,0,-57,,,,
031590,0,0,0,5,,,,
031591,0,0,0,135,,,,
031592,0,0,0,-10,,,,
031593,0,0,0,50,,,,
031595,0,0,0,19,,,,
031597,0,0,0,10,,,,
031598,0,0,0,306,,,,
031601,0,0,0,-200,,,,
031604,0,0,0,30,,,,
031607,0,0,0,-131,,,,
031610,0,0,0,-14,,,,
031611,0,0,0,102,,,,
031616,0,0,0,-52,,,,
031618,0,0,0,37,,,,
031619,0,0,0,-1,,,,
031622,0,0,0,1,,,,
031624,0,0,0,-2,,,,
031629,0,0,0,-1,,,,
031632,0,0,0,-10,,,,
031634,0,0,0,3,,,,
031636,0,0,0,4,,,,
031638,0,0,0,-245,,,,
031640,0,0,0,-17,,,,
031641,0,0,0,-1,,,,
031642,0,0,0,-51,,,,
031643,0,0,0,-114,,,,
031644,0,0,0,45,,,,
031645,0,0,0,-710,,,,
031646,0,0,0,7,,,,
031649,0,0,0,-1,,,,
031652,0,0,0,-80,,,,
031659,0,0,0,20,,,,
031665,0,0,0,1143,,,,
031666,0,0,0,27,,,,
031667,0,0,0,40,,,,
031668,0,0,0,-2,,,,
031669,0,0,0,60,,,,
031674,0,0,0,-11,,,,
031675,0,0,0,1,,,,
031676,0,0,0,-2,,,,
031677,0,0,0,2,,,,
031678,0,0,0,2,,,,
031679,0,0,0,10,,,,
031681,0,0,0,-100,,,,
031684,0,0,0,-71,,,,
031685,0,0,0,137,,,,
031686,0,0,0,-30,,,,
031687,0,0,0,-29,,,,
031688,0,0,0,797,,,,
031689,0,0,0,1,,,,
031690,0,0,0,5,,,,
031691,0,0,0,200,,,,
031693,0,0,0,119,,,,
031694,0,0,0,5,,,,
031695,0,0,0,-319,,,,
031698,0,0,0,-66,,,,
031699,0,0,0,35,,,,
031700,0,0,0,-68,,,,
031701,0,0,0,-100,,,,
031702,0,0,0,1,,,,
031707,0,0,0,10,,,,
031709,0,0,0,110,,,,
031713,0,0,0,-218,,,,
031715,0,0,0,-1382,,,,
031720,0,0,0,-1,,,,
031724,0,0,0,-75,,,,
031729,0,0,0,99,,,,
031732,0,0,0,-46,,,,
031736,0,0,0,-82,,,,
031737,0,0,0,50,,,,
031740,0,0,0,-80,,,,
031741,0,0,0,54,,,,
031744,0,0,0,-243,,,,
031745,0,0,0,-20,,,,
031748,0,0,0,7,,,,
031753,0,0,0,11,,,,
031758,0,0,0,-395,,,,
031760,0,0,0,-100,,,,
031762,0,0,0,-190,,,,
031764,0,0,0,55,,,,
031765,0,0,0,-97,,,,
031766,0,0,0,66,,,,
031767,0,0,0,50,,,,
031768,0,0,0,69,,,,
031769,0,0,0,3,,,,
031770,0,0,0,-1,,,,
031775,0,0,0,-499,,,,
031776,0,0,0,10,,,,
031778,0,0,0,-865,,,,
031779,0,0,0,12,,,,
031780,0,0,0,12,,,,
031781,0,0,0,136,,,,
031782,0,0,0,-2,,,,
031783,0,0,0,-69,,,,
031788,0,0,0,55,,,,
031789,0,0,0,108,,,,
031790,0,0,0,89,,,,
031791,0,0,0,21,,,,
031793,0,0,0,5,,,,
031794,0,0,0,-6,,,,
031798,0,0,0,-21,,,,
031799,0,0,0,570,,,,
031800,0,0,0,-59,,,,
031803,0,0,0,5,,,,
031804,0,0,0,34,,,,
031805,0,0,0,30,,,,
031806,0,0,0,55,,,,
031809,0,0,0,700,,,,
031810,0,0,0,40,,,,
031812,0,0,0,-5,,,,
031817,0,0,0,4,,,,
031819,0,0,0,223,,,,
031821,0,0,0,-3,,,,
031822,0,0,0,-691,,,,
031823,0,0,0,410,,,,
031824,0,0,0,-84,,,,
031827,0,0,0,49,,,,
031832,0,0,0,10,,,,
031834,0,0,0,-328,,,,
031836,0,0,0,17,,,,
031837,0,0,0,-3,,,,
031843,0,0,0,2,,,,
031844,0,0,0,-43,,,,
031846,0,0,0,-15,,,,
031849,0,0,0,-5,,,,
031852,0,0,0,-100,,,,
031854,0,0,0,-10,,,,
031860,0,0,0,-539,,,,
031867,0,0,0,-30,,,,
031868,0,0,0,195,,,,
031869,0,0,0,-91,,,,
031870,0,0,0,-195,,,,
031872,0,0,0,-32,,,,
031874,0,0,0,-72,,,,
031876,0,0,0,48,,,,
031879,0,0,0,-100,,,,
031883,0,0,0,-202,,,,
031888,0,0,0,-21,,,,
031891,0,0,0,-21,,,,
031892,0,0,0,-1,,,,
031893,0,0,0,5,,,,
031896,0,0,0,10,,,,
031903,0,0,0,4,,,,
031904,0,0,0,-10,,,,
031905,0,0,0,-2,,,,
031908,0,0,0,-20,,,,
031909,0,0,0,-10,,,,
031912,0,0,0,7,,,,
031914,0,0,0,-56,,,,
031915,0,0,0,-1,,,,
031919,0,0,0,-21,,,,
031920,0,0,0,7,,,,
031924,0,0,0,-160,,,,
031925,0,0,0,-3,,,,
031926,0,0,0,-5,,,,
031927,0,0,0,-41,,,,
031928,0,0,0,-10,,,,
031929,0,0,0,9,,,,
031930,0,0,0,-1,,,,
031931,0,0,0,-2,,,,
031932,0,0,0,-84,,,,
031938,0,0,0,345,,,,
031939,0,0,0,-16,,,,
031942,0,0,0,-472,,,,
031943,0,0,0,-10,,,,
031944,0,0,0,-193,,,,
031945,0,0,0,-6,,,,
031946,0,0,0,100,,,,
031949,0,0,0,-13,,,,
031953,0,0,0,51,,,,
031955,0,0,0,-686,,,,
031956,0,0,0,-70,,,,
031957,0,0,0,-9,,,,
031958,0,0,0,248,,,,
031959,0,0,0,0,,,,
031960,0,0,0,-22,,,,
031961,0,0,0,-1011,,,,
031963,0,0,0,-1,,,,
031965,0,0,0,-837,,,,
031966,0,0,0,-22,,,,
031967,0,0,0,10,,,,
031968,0,0,0,45,,,,
031969,0,0,0,-207,,,,
031970,0,0,0,-300,,,,
031976,0,0,0,23,,,,
031977,0,0,0,-90,,,,
031978,0,0,0,113,,,,
031979,0,0,0,480,,,,
031980,0,0,0,-1165,,,,
031982,0,0,0,-68,,,,
031983,0,0,0,-2,,,,
031985,0,0,0,-45,,,,
031986,0,0,0,-67,,,,
031987,0,0,0,21,,,,
031989,0,0,0,-320,,,,
031990,0,0,0,-769,,,,
031991,0,0,0,-20,,,,
031993,0,0,0,58,,,,
031996,0,0,0,55,,,,
031997,0,0,0,53,,,,
031998,0,0,0,0,,,,
032002,0,0,0,-151,,,,
032003,0,0,0,65,,,,
032004,0,0,0,305,,,,
032005,0,0,0,96,,,,
032009,0,0,0,-290,,,,
032014,0,0,0,14,,,,
032018,0,0,0,-240,,,,
032021,0,0,0,2,,,,
032025,0,0,0,-471,,,,
032026,0,0,0,-30,,,,
032030,0,0,0,46,,,,
032031,0,0,0,-24,,,,
032032,0,0,0,1,,,,
032033,0,0,0,151,,,,
032040,0,0,0,-75,,,,
032043,0,0,0,-10,,,,
032049,0,0,0,0,,,,
032050,0,0,0,-297,,,,
032051,0,0,0,-30,,,,
032054,0,0,0,1,,,,
032055,0,0,0,63,,,,
032059,0,0,0,-8,,,,
032061,0,0,0,100,,,,
032063,0,0,0,-20,,,,
032066,0,0,0,10,,,,
032068,0,0,0,-666,,,,
032070,0,0,0,-8,,,,
032071,0,0,0,44,,,,
032072,0,0,0,-8,,,,
032073,0,0,0,-429,,,,
032074,0,0,0,20,,,,
032075,0,0,0,-153,,,,
032077,0,0,0,-10,,,,
032078,0,0,0,43,,,,
032079,0,0,0,-10,,,,
032081,0,0,0,471,,,,
032083,0,0,0,-1,,,,
032087,0,0,0,8,,,,
032088,0,0,0,-20,,,,
032089,0,0,0,10,,,,
032094,0,0,0,9,,,,
032095,0,0,0,20,,,,
032097,0,0,0,-20,,,,
032099,0,0,0,180,,,,
032100,0,0,0,-12,,,,
032101,0,0,0,28,,,,
032103,0,0,0,-202,,,,
032104,0,0,0,83,,,,
032105,0,0,0,3,,,,
032106,0,0,0,2,,,,
032107,0,0,0,75,,,,
032108,0,0,0,414,,,,
032109,0,0,0,-83,,,,
032111,0,0,0,-11,,,,
032112,0,0,0,10,,,,
032113,0,0,0,7,,,,
032117,0,0,0,-3,,,,
032118,0,0,0,-34,,,,
032120,0,0,0,-35,,,,
032121,0,0,0,-2,,,,
032122,0,0,0,89,,,,
032123,0,0,0,6,,,,
032124,0,0,0,25,,,,
032125,0,0,0,16,,,,
032127,0,0,0,401,,,,
032129,0,0,0,10,,,,
032130,0,0,0,-52,,,,
032131,0,0,0,0,,,,
032133,0,0,0,23,,,,
032136,0,0,0,-690,,,,
032137,0,0,0,-44,,,,
032140,0,0,0,-164,,,,
032143,0,0,0,121,,,,
032144,0,0,0,-15,,,,
032145,0,0,0,-4,,,,
032146,0,0,0,12,,,,
032147,0,0,0,101,,,,
032149,0,0,0,-148,,,,
032150,0,0,0,-5,,,,
032151,0,0,0,-133,,,,
032153,0,0,0,-13,,,,
032154,0,0,0,8,,,,
032156,0,0,0,100,,,,
032159,0,0,0,67,,,,
032160,0,0,0,-30,,,,
032161,0,0,0,75,,,,
032162,0,0,0,-95,,,,
032164,0,0,0,-673,,,,
032167,0,0,0,-337,,,,
032168,0,0,0,-138,,,,
032171,0,0,0,30,,,,
032172,0,0,0,-33,,,,
032173,0,0,0,-2,,,,
032174,0,0,0,-34,,,,
032175,0,0,0,-5,,,,
032177,0,0,0,5,,,,
032179,0,0,0,15,,,,
032180,0,0,0,-5,,,,
032182,0,0,0,27,,,,
032184,0,0,0,-11,,,,
032185,0,0,0,54,,,,
032186,0,0,0,10,,,,
032187,0,0,0,-50,,,,
032191,0,0,0,-55,,,,
032193,0,0,0,-3,,,,
032195,0,0,0,-235,,,,
032196,0,0,0,-2,,,,
032198,0,0,0,2,,,,
032199,0,0,0,1,,,,
032201,0,0,0,31,,,,
032202,0,0,0,-35,,,,
032206,0,0,0,-400,,,,
032210,0,0,0,1,,,,
032214,0,0,0,8,,,,
032215,0,0,0,156,,,,
032224,0,0,0,0,,,,
032229,0,0,0,5,,,,
032230,0,0,0,30,,,,
032231,0,0,0,63,,,,
032233,0,0,0,5,,,,
032234,0,0,0,-157,,,,
032235,0,0,0,-10,,,,
032238,0,0,0,353,,,,
032240,0,0,0,-60,,,,
032241,0,0,0,-20,,,,
032245,0,0,0,-172,,,,
032246,0,0,0,-746,,,,
032247,0,0,0,329,,,,
032248,0,0,0,-1,,,,
032249,0,0,0,-30,,,,
032250,0,0,0,-291,,,,
032251,0,0,0,-45,,,,
032252,0,0,0,-373,,,,
032253,0,0,0,267,,,,
032254,0,0,0,423,,,,
032255,0,0,0,-428,,,,
032256,0,0,0,1,,,,
032257,0,0,0,-233,,,,
032260,0,0,0,-224,,,,
032261,0,0,0,-1,,,,
032264,0,0,0,45,,,,
032266,0,0,0,-90,,,,
032267,0,0,0,82,,,,
032268,0,0,0,164,,,,
032269,0,0,0,-2,,,,
032270,0,0,0,89,,,,
032271,0,0,0,30,,,,
032272,0,0,0,-1,,,,
032273,0,0,0,-234,,,,
032274,0,0,0,288,,,,
032275,0,0,0,55,,,,
032276,0,0,0,-51,,,,
032277,0,0,0,362,,,,
032278,0,0,0,123,,,,
032282,0,0,0,91,,,,
032285,0,0,0,199,,,,
032288,0,0,0,-10,,,,
032289,0,0,0,-5,,,,
032290,0,0,0,-59,,,,
032291,0,0,0,-311,,,,
032293,0,0,0,-35,,,,
032297,0,0,0,-1561,,,,
032300,0,0,0,-171,,,,
032301,0,0,0,151,,,,
032303,0,0,0,-3,,,,
032309,0,0,0,0,,,,
032310,0,0,0,-557,,,,
032311,0,0,0,10,,,,
032312,0,0,0,-50,,,,
032313,0,0,0,4,,,,
032314,0,0,0,116,,,,
032315,0,0,0,107,,,,
032316,0,0,0,-45,,,,
032319,0,0,0,-10,,,,
032320,0,0,0,106,,,,
032322,0,0,0,50,,,,
032325,0,0,0,7,,,,
032326,0,0,0,341,,,,
032327,0,0,0,-59,,,,
032329,0,0,0,36,,,,
032330,0,0,0,46,,,,
032331,0,0,0,-1,,,,
032332,0,0,0,-92,,,,
032334,0,0,0,-18,,,,
032336,0,0,0,-492,,,,
032339,0,0,0,50,,,,
03233U,0,0,0,-15,,,,
032340,0,0,0,24,,,,
032342,0,0,0,-73,,,,
032343,0,0,0,593,,,,
032344,0,0,0,1,,,,
032350,0,0,0,-163,,,,
032351,0,0,0,22,,,,
032352,0,0,0,-200,,,,
032353,0,0,0,-29,,,,
032355,0,0,0,-158,,,,
032356,0,0,0,-168,,,,
032357,0,0,0,527,,,,
032359,0,0,0,154,,,,
032361,0,0,0,0,,,,
032362,0,0,0,-100,,,,
032363,0,0,0,23,,,,
032364,0,0,0,-248,,,,
032365,0,0,0,0,,,,
032368,0,0,0,151,,,,
032370,0,0,0,9,,,,
032371,0,0,0,75,,,,
032380,0,0,0,-14,,,,
032381,0,0,0,-16,,,,
032382,0,0,0,-57,,,,
032383,0,0,0,-83,,,,
032384,0,0,0,1,,,,
032385,0,0,0,-85,,,,
032386,0,0,0,154,,,,
032388,0,0,0,15,,,,
032390,0,0,0,17,,,,
032392,0,0,0,-33,,,,
032393,0,0,0,-20,,,,
032395,0,0,0,-309,,,,
032396,0,0,0,0,,,,
032397,0,0,0,-133,,,,
032401,0,0,0,-155,,,,
032402,0,0,0,3,,,,
032406,0,0,0,1,,,,
032407,0,0,0,-3,,,,
032408,0,0,0,548,,,,
032410,0,0,0,-10,,,,
032414,0,0,0,-97,,,,
032415,0,0,0,-731,,,,
032416,0,0,0,120,,,,
032418,0,0,0,-2,,,,
032420,0,0,0,-300,,,,
032421,0,0,0,-65,,,,
032422,0,0,0,6,,,,
032423,0,0,0,-18,,,,
032425,0,0,0,-52,,,,
032427,0,0,0,30,,,,
032431,0,0,0,10,,,,
032432,0,0,0,4,,,,
032433,0,0,0,-579,,,,
032439,0,0,0,-30,,,,
032441,0,0,0,-1,,,,
032442,0,0,0,156,,,,
032444,0,0,0,110,,,,
032445,0,0,0,16,,,,
032446,0,0,0,176,,,,
032447,0,0,0,60,,,,
032448,0,0,0,-83,,,,
032449,0,0,0,-941,,,,
032450,0,0,0,-547,,,,
032455,0,0,0,6,,,,
032457,0,0,0,-47,,,,
032458,0,0,0,7,,,,
032459,0,0,0,-10,,,,
032461,0,0,0,80,,,,
032466,0,0,0,-90,,,,
032467,0,0,0,73,,,,
032468,0,0,0,280,,,,
032469,0,0,0,-927,,,,
032470,0,0,0,-10,,,,
032471,0,0,0,82,,,,
032480,0,0,0,-1423,,,,
032482,0,0,0,-493,,,,
032485,0,0,0,-551,,,,
032486,0,0,0,0,,,,
032488,0,0,0,-217,,,,
032491,0,0,0,-159,,,,
032492,0,0,0,35,,,,
032493,0,0,0,-62,,,,
032494,0,0,0,1,,,,
032495,0,0,0,2,,,,
032499,0,0,0,-20,,,,
032502,0,0,0,-238,,,,
032503,0,0,0,10,,,,
032504,0,0,0,4,,,,
032505,0,0,0,-124,,,,
032511,0,0,0,-82,,,,
032513,0,0,0,100,,,,
032514,0,0,0,-70,,,,
032515,0,0,0,-16,,,,
032516,0,0,0,-25,,,,
032517,0,0,0,-450,,,,
032518,0,0,0,7,,,,
032519,0,0,0,226,,,,
032520,0,0,0,-11,,,,
032521,0,0,0,32,,,,
032522,0,0,0,479,,,,
032524,0,0,0,17,,,,
032527,0,0,0,-20,,,,
032529,0,0,0,55,,,,
032531,0,0,0,27,,,,
032534,0,0,0,-200,,,,
032538,0,0,0,25,,,,
032540,0,0,0,4,,,,
032541,0,0,0,0,,,,
032545,0,0,0,0,,,,
032546,0,0,0,-373,,,,
032549,0,0,0,15,,,,
032555,0,0,0,9,,,,
032556,0,0,0,-32,,,,
032558,0,0,0,-140,,,,
032559,0,0,0,-90,,,,
032560,0,0,0,-50,,,,
032562,0,0,0,-18,,,,
032564,0,0,0,10,,,,
032565,0,0,0,-30,,,,
032566,0,0,0,-4,,,,
032567,0,0,0,-92,,,,
032568,0,0,0,44,,,,
032570,0,0,0,20,,,,
032571,0,0,0,-20,,,,
032572,0,0,0,-1782,,,,
032573,0,0,0,-2,,,,
032574,0,0,0,-560,,,,
032575,0,0,0,-87,,,,
032579,0,0,0,141,,,,
03257U,0,0,0,-50,,,,
032580,0,0,0,-7,,,,
032581,0,0,0,111,,,,
032582,0,0,0,-58,,,,
032589,0,0,0,-30,,,,
032591,0,0,0,-200,,,,
032595,0,0,0,-414,,,,
032596,0,0,0,-107,,,,
032597,0,0,0,-134,,,,
032598,0,0,0,-289,,,,
032599,-2,0,0,1125,,,,
032600,0,0,0,-14,,,,
032601,0,0,0,102,,,,
032602,0,0,0,-25,,,,
032603,0,0,0,46,,,,
032604,0,0,0,40,,,,
032605,0,0,0,65,,,,
032606,0,0,0,-183,,,,
032607,0,0,0,155,,,,
032608,0,0,0,3,,,,
032610,0,0,0,151,,,,
032614,0,0,0,70,,,,
032615,0,0,0,9,,,,
032616,0,0,0,-100,,,,
032618,0,0,0,16,,,,
032626,0,0,0,-4,,,,
032630,0,0,0,-78,,,,
032631,0,0,0,-236,,,,
032633,0,0,0,-99,,,,
032636,0,0,0,95,,,,
032638,0,0,0,4,,,,
032639,0,0,0,-202,,,,
032641,0,0,0,-600,,,,
032644,0,0,0,-20,,,,
032645,0,0,0,44,,,,
032648,0,0,0,102,,,,
032650,0,0,0,26,,,,
032651,0,0,0,0,,,,
032652,0,0,0,254,,,,
032654,0,0,0,-1,,,,
032657,0,0,0,137,,,,
032659,0,0,0,-44,,,,
032661,0,0,0,-5,,,,
032664,0,0,0,-347,,,,
032668,0,0,0,-34,,,,
032670,0,0,0,0,,,,
032673,0,0,0,64,,,,
032676,0,0,0,4,,,,
032678,0,0,0,5,,,,
032679,0,0,0,-30,,,,
032683,0,0,0,28,,,,
032685,0,0,0,-70,,,,
032686,0,0,0,23,,,,
032687,0,0,0,-18,,,,
032688,0,0,0,3,,,,
032689,0,0,0,7,,,,
032690,0,0,0,58,,,,
032692,0,0,0,-1,,,,
032695,0,0,0,41,,,,
032696,0,0,0,192,,,,
032697,0,0,0,-153,,,,
032699,0,0,0,-89,,,,
032700,0,0,0,-59,,,,
032701,0,0,0,145,,,,
032703,0,0,0,-140,,,,
032704,0,0,0,-5,,,,
032707,0,0,0,-8,,,,
032710,0,0,0,117,,,,
032713,0,0,0,-795,,,,
032715,0,0,0,-15,,,,
032718,0,0,0,254,,,,
032720,0,0,0,19,,,,
032721,0,0,0,85,,,,
032722,0,0,0,5,,,,
032723,0,0,0,-85,,,,
032724,0,0,0,-13,,,,
032725,0,0,0,1,,,,
032727,0,0,0,-86,,,,
032729,0,0,0,-510,,,,
032730,0,0,0,-2,,,,
032731,0,0,0,35,,,,
032733,0,0,0,55,,,,
032734,0,0,0,22,,,,
032735,0,0,0,43,,,,
032736,0,0,0,15,,,,
032737,0,0,0,5,,,,
032738,0,0,0,33,,,,
032739,0,0,0,-1229,,,,
032742,0,0,0,-400,,,,
032743,0,0,0,9,,,,
032745,0,0,0,60,,,,
032746,0,0,0,-88,,,,
032747,0,0,0,24,,,,
032748,0,0,0,40,,,,
032749,15,0,0,188,,,,
032750,0,0,0,30,,,,
032751,0,0,0,-2208,,,,
032754,0,0,0,-10,,,,
032755,0,0,0,-14,,,,
032756,0,0,0,101,,,,
032757,0,0,0,-26,,,,
032758,0,0,0,-10,,,,
032759,0,0,0,735,,,,
032760,0,0,0,-213,,,,
032761,0,0,0,-145,,,,
032762,0,0,0,-16,,,,
032763,0,0,0,154,,,,
032764,0,0,0,-554,,,,
032765,0,0,0,10,,,,
032766,0,0,0,-134,,,,
032768,2,0,0,22,,,,
032769,0,0,0,-502,,,,
032771,0,0,0,38,,,,
032775,0,0,0,16,,,,
032776,0,0,0,-477,,,,
032779,0,0,0,-3,,,,
032781,0,0,0,187,,,,
032783,0,0,0,3,,,,
032786,0,0,0,60,,,,
032787,0,0,0,-25,,,,
032790,0,0,0,-70,,,,
032791,0,0,0,0,,,,
032792,0,0,0,1,,,,
032793,0,0,0,-6,,,,
032796,0,0,0,-10,,,,
032799,0,0,0,-82,,,,
032802,0,0,0,10,,,,
032803,0,0,0,57,,,,
032805,0,0,0,16,,,,
032808,0,0,0,-13,,,,
032809,0,0,0,-10,,,,
032812,0,0,0,101,,,,
032813,0,0,0,165,,,,
032814,0,0,0,-20,,,,
032815,0,0,0,10,,,,
032817,0,0,0,39,,,,
032818,0,0,0,35,,,,
032819,0,0,0,-10,,,,
03281U,0,0,0,-10,,,,
032820,0,0,0,6,,,,
032821,0,0,0,100,,,,
032822,0,0,0,25,,,,
032823,0,0,0,-83,,,,
032824,0,0,0,-47,,,,
032825,0,0,0,220,,,,
032826,0,0,0,3,,,,
032827,0,0,0,-292,,,,
032831,0,0,0,-5,,,,
032833,0,0,0,70,,,,
032837,0,0,0,74,,,,
032840,0,0,0,-8,,,,
032842,0,0,0,-554,,,,
032844,0,0,0,169,,,,
032845,0,0,0,37,,,,
032846,0,0,0,-50,,,,
032848,0,0,0,87,,,,
032849,0,0,0,400,,,,
032852,0,0,0,113,,,,
032853,0,0,0,1,,,,
032855,0,0,0,189,,,,
032861,0,0,0,-110,,,,
032863,0,0,0,-24,,,,
032864,0,0,0,-124,,,,
032868,0,0,0,168,,,,
032869,0,0,0,-9,,,,
032870,0,0,0,-6,,,,
032872,0,0,0,-5,,,,
032873,0,0,0,205,,,,
032875,0,0,0,47,,,,
032877,0,0,0,83,,,,
032878,0,0,0,-14,,,,
032879,0,0,0,-35,,,,
032882,0,0,0,18,,,,
032883,0,0,0,65,,,,
032886,0,0,0,-80,,,,
032887,0,0,0,-87,,,,
032888,0,0,0,-10,,,,
032891,0,0,0,191,,,,
032893,0,0,0,-8,,,,
032894,0,0,0,117,,,,
032897,0,0,0,-2,,,,
032901,0,0,0,127,,,,
032906,0,0,0,31,,,,
032908,0,0,0,-90,,,,
032910,0,0,0,29,,,,
032911,0,0,0,18,,,,
032916,0,0,0,-6,,,,
032931,0,0,0,15,,,,
032936,0,0,0,-40,,,,
032938,0,0,0,0,,,,
032940,0,0,0,208,,,,
032942,0,0,0,113,,,,
032943,0,0,0,72,,,,
032944,0,0,0,-56,,,,
032945,0,0,0,-100,,,,
032946,0,0,0,66,,,,
032948,0,0,0,-10,,,,
032951,0,0,0,-53,,,,
032952,0,0,0,92,,,,
032953,0,0,0,100,,,,
032954,0,0,0,98,,,,
032955,0,0,0,10,,,,
032956,0,0,0,-316,,,,
032958,0,0,0,15,,,,
032959,0,0,0,-1022,,,,
03295U,0,0,0,10,,,,
032960,0,0,0,-1067,,,,
032963,0,0,0,-10,,,,
032964,0,0,0,-409,,,,
032965,0,0,0,15,,,,
032967,0,0,0,15,,,,
032968,0,0,0,2,,,,
032970,0,0,0,-59,,,,
032971,0,0,0,66,,,,
032972,0,0,0,-5,,,,
032975,0,0,0,-70,,,,
032977,0,0,0,-251,,,,
032979,0,0,0,-2,,,,
032982,0,0,0,23,,,,
032983,0,0,0,10,,,,
032986,0,0,0,204,,,,
032987,0,0,0,-15,,,,
032991,0,0,0,-25,,,,
032996,0,0,0,-17,,,,
032997,0,0,0,191,,,,
032998,0,0,0,-33,,,,
032999,0,0,0,-214,,,,
033001,0,0,0,-284,,,,
033002,0,0,0,-335,,,,
033005,0,0,0,-400,,,,
033006,0,0,0,-20,,,,
033007,0,0,0,-22,,,,
033008,0,0,0,-76,,,,
033010,0,0,0,10,,,,
033011,0,0,0,485,,,,
033014,0,0,0,-10,,,,
033016,0,0,0,-62,,,,
033017,0,0,0,43,,,,
033018,0,0,0,-10,,,,
033020,0,0,0,-100,,,,
033025,0,0,0,-335,,,,
033028,0,0,0,25,,,,
033029,0,0,0,25,,,,
033033,0,0,0,-29,,,,
033035,0,0,0,46,,,,
033036,0,0,0,30,,,,
033037,0,0,0,-546,,,,
033038,0,0,0,25,,,,
033039,0,0,0,124,,,,
033040,0,0,0,-95,,,,
033042,0,0,0,-36,,,,
033045,0,0,0,-115,,,,
033046,0,0,0,10,,,,
033052,0,0,0,220,,,,
033054,0,0,0,-39,,,,
033055,0,0,0,1,,,,
033058,0,0,0,-20,,,,
033059,0,0,0,22,,,,
033061,0,0,0,-15,,,,
033062,0,0,0,120,,,,
033064,0,0,0,15,,,,
033065,0,0,0,-161,,,,
033066,0,0,0,1,,,,
033067,0,0,0,-3,,,,
033068,0,0,0,-44,,,,
033070,0,0,0,19,,,,
033072,0,0,0,-43,,,,
033075,0,0,0,25,,,,
033077,0,0,0,76,,,,
033078,0,0,0,52,,,,
033081,0,0,0,50,,,,
033083,0,0,0,-5,,,,
033086,0,0,0,1,,,,
033087,0,0,0,46,,,,
033088,0,0,0,230,,,,
033089,0,0,0,10,,,,
033090,0,0,0,-40,,,,
033093,0,0,0,69,,,,
033097,0,0,0,7,,,,
033098,0,0,0,-64,,,,
033102,0,0,0,-60,,,,
033104,0,0,0,6,,,,
033107,0,0,0,-74,,,,
033108,0,0,0,-6,,,,
033113,0,0,0,-25,,,,
033118,0,0,0,100,,,,
033120,0,0,0,-30,,,,
033122,0,0,0,-15,,,,
033123,0,0,0,3,,,,
033126,0,0,0,12,,,,
033128,0,0,0,16,,,,
033129,0,0,0,38,,,,
033130,0,0,0,4,,,,
033132,0,0,0,31,,,,
033133,0,0,0,-14,,,,
033136,0,0,0,-168,,,,
033137,0,0,0,-126,,,,
033138,0,0,0,9,,,,
033140,0,0,0,16,,,,
033142,0,0,0,-8,,,,
033143,0,0,0,20,,,,
033144,0,0,0,-324,,,,
033145,0,0,0,130,,,,
033148,0,0,0,68,,,,
033150,0,0,0,-7,,,,
033151,0,0,0,550,,,,
033153,0,0,0,-61,,,,
033154,0,0,0,10,,,,
033155,0,0,0,-1,,,,
033163,0,0,0,-119,,,,
033164,0,0,0,-299,,,,
033168,0,0,0,-30,,,,
033169,0,0,0,-20,,,,
033172,0,0,0,54,,,,
033174,0,0,0,-337,,,,
033175,0,0,0,-76,,,,
033176,0,0,0,-759,,,,
033177,0,0,0,-250,,,,
033178,0,0,0,-278,,,,
033181,0,0,0,-1075,,,,
033184,0,0,0,112,,,,
033185,0,0,0,15,,,,
033188,0,0,0,-1,,,,
033190,0,0,0,569,,,,
033191,0,0,0,326,,,,
033192,0,0,0,1083,,,,
033193,0,0,0,-341,,,,
033195,0,0,0,23,,,,
033196,0,0,0,-1158,,,,
033198,0,0,0,-2884,,,,
033199,1,0,0,-778,,,,
033200,0,0,0,1401,,,,
033202,0,0,0,1,,,,
033205,0,0,0,-1554,,,,
033206,0,0,0,-6,,,,
033207,0,0,0,-568,,,,
033209,0,0,0,15,,,,
033211,0,0,0,-209,,,,
033214,0,0,0,-21,,,,
033215,0,0,0,337,,,,
033218,0,0,0,50,,,,
033221,0,0,0,-6,,,,
033222,0,0,0,659,,,,
033223,0,0,0,-273,,,,
033224,0,0,0,133,,,,
033225,0,0,0,696,,,,
033227,0,0,0,15,,,,
033229,0,0,0,6,,,,
033230,0,0,0,-50,,,,
033233,0,0,0,15,,,,
033238,0,0,0,-107,,,,
033246,0,0,0,5,,,,
033248,0,0,0,-5,,,,
033251,0,0,0,1653,,,,
033252,0,0,0,468,,,,
033254,0,0,0,-1746,,,,
033255,0,0,0,-1,,,,
033258,0,0,0,130,,,,
033259,0,0,0,-134,,,,
033261,0,0,0,-413,,,,
033266,0,0,0,-1,,,,
033268,0,0,0,20,,,,
033269,0,0,0,78,,,,
033270,0,0,0,-74,,,,
033271,0,0,0,4,,,,
033272,0,0,0,95,,,,
033273,0,0,0,-119,,,,
033274,0,0,0,71,,,,
033276,0,0,0,-154,,,,
033277,0,0,0,368,,,,
033278,0,0,0,82,,,,
033279,0,0,0,44,,,,
033280,0,0,0,-42,,,,
033282,0,0,0,-1,,,,
033284,0,0,0,-14,,,,
033285,0,0,0,-293,,,,
033286,0,0,0,-93,,,,
033287,0,0,0,-77,,,,
033289,0,0,0,0,,,,
033290,0,0,0,-10,,,,
033291,0,0,0,1069,,,,
033293,0,0,0,-4,,,,
033294,0,0,0,7,,,,
033295,0,0,0,-223,,,,
033296,0,0,0,-171,,,,
033298,0,0,0,-118,,,,
033299,0,0,0,-13,,,,
033301,0,0,0,-3,,,,
033303,0,0,0,-450,,,,
033306,0,0,0,-7,,,,
033307,0,0,0,5,,,,
033308,0,0,0,165,,,,
033309,0,0,0,53,,,,
033319,0,0,0,-276,,,,
033322,0,0,0,60,,,,
033323,0,0,0,15,,,,
033324,0,0,0,19,,,,
033325,0,0,0,31,,,,
033326,0,0,0,-92,,,,
033327,0,0,0,10,,,,
033328,0,0,0,23,,,,
033329,0,0,0,-376,,,,
033331,0,0,0,-8,,,,
033332,0,0,0,730,,,,
033336,0,0,0,13,,,,
033338,0,0,0,35,,,,
033339,0,0,0,-18,,,,
033340,0,0,0,400,,,,
033341,0,0,0,-1,,,,
033343,0,0,0,-38,,,,
033345,0,0,0,-69,,,,
033346,0,0,0,6,,,,
033347,0,0,0,-158,,,,
03334U,0,0,0,2,,,,
033351,0,0,0,-1,,,,
033352,0,0,0,-24,,,,
033353,0,0,0,4,,,,
033356,0,0,0,-20,,,,
033359,0,0,0,52,,,,
033364,0,0,0,10,,,,
033367,0,0,0,-391,,,,
033368,0,0,0,-119,,,,
033372,0,0,0,176,,,,
033375,0,0,0,2,,,,
033378,0,0,0,556,,,,
033381,0,0,0,-42,,,,
033383,0,0,0,-14,,,,
033385,0,0,0,5,,,,
033400,0,0,0,-20,,,,
033401,0,0,0,41,,,,
033402,0,0,0,10,,,,
033403,0,0,0,-262,,,,
033404,0,0,0,30,,,,
033406,0,0,0,891,,,,
033407,0,0,0,-255,,,,
033408,0,0,0,499,,,,
033411,0,0,0,10,,,,
033413,0,0,0,10,,,,
033414,0,0,0,1,,,,
033416,0,0,0,-50,,,,
033418,0,0,0,-20,,,,
033419,0,0,0,-10,,,,
033422,0,0,0,0,,,,
033424,0,0,0,-70,,,,
033425,0,0,0,215,,,,
033426,0,0,0,-1,,,,
033430,0,0,0,-40,,,,
033431,0,0,0,-41,,,,
033432,0,0,0,-162,,,,
033434,0,0,0,2,,,,
033435,0,0,0,-30,,,,
033436,0,0,0,-5,,,,
033440,0,0,0,-124,,,,
033441,0,0,0,-3,,,,
033442,0,0,0,2,,,,
033449,0,0,0,21,,,,
033450,0,0,0,-307,,,,
033451,0,0,0,-2,,,,
033454,0,0,0,-30,,,,
033456,0,0,0,107,,,,
033457,0,0,0,-5,,,,
033463,0,0,0,11,,,,
033467,0,0,0,16,,,,
033468,0,0,0,-36,,,,
033469,0,0,0,6,,,,
033470,0,0,0,261,,,,
033471,0,0,0,-671,,,,
033472,0,0,0,-2,,,,
033473,0,0,0,24,,,,
033474,0,0,0,64,,,,
033477,0,0,0,-250,,,,
033480,0,0,0,-10,,,,
033481,0,0,0,2,,,,
033482,0,0,0,10,,,,
033483,0,0,0,-86,,,,
033484,0,0,0,-138,,,,
033485,0,0,0,535,,,,
033489,0,0,0,6,,,,
033493,0,0,0,249,,,,
033494,0,0,0,24,,,,
033497,0,0,0,-107,,,,
033498,0,0,0,-121,,,,
033499,0,0,0,-10,,,,
033500,0,0,0,145,,,,
033502,0,0,0,-442,,,,
033505,0,0,0,-23,,,,
033508,0,0,0,-84,,,,
033509,0,0,0,137,,,,
033510,0,0,0,1,,,,
033513,0,0,0,-51,,,,
033521,0,0,0,-193,,,,
033522,0,0,0,-1,,,,
033524,0,0,0,133,,,,
033525,0,0,0,-30,,,,
033526,0,0,0,-383,,,,
033530,0,0,0,10,,,,
033531,0,0,0,32,,,,
033535,0,0,0,-302,,,,
033542,0,0,0,966,,,,
033543,0,0,0,346,,,,
033544,0,0,0,107,,,,
033545,0,0,0,-27,,,,
033546,0,0,0,602,,,,
033547,0,0,0,-401,,,,
033548,0,0,0,187,,,,
033549,0,0,0,-696,,,,
033550,0,0,0,-456,,,,
033552,0,0,0,-431,,,,
033554,0,0,0,-2,,,,
033555,0,0,0,-38,,,,
033556,0,0,0,-105,,,,
033558,0,0,0,1151,,,,
033559,0,0,0,-728,,,,
033560,0,0,0,-88,,,,
033561,0,0,0,162,,,,
033562,0,0,0,-478,,,,
033563,0,0,0,-33,,,,
033566,0,0,0,54,,,,
033567,0,0,0,-3,,,,
033568,0,0,0,-48,,,,
033570,0,0,0,-353,,,,
033571,0,0,0,-10,,,,
033575,0,0,0,-3,,,,
033577,0,0,0,35,,,,
033578,0,0,0,0,,,,
033579,0,0,0,45,,,,
033580,0,0,0,15,,,,
033582,0,0,0,-308,,,,
033583,0,0,0,250,,,,
033584,0,0,0,-252,,,,
033585,0,0,0,-30,,,,
033586,0,0,0,-34,,,,
033588,0,0,0,-271,,,,
033590,0,0,0,84,,,,
033591,0,0,0,66,,,,
033592,0,0,0,34,,,,
033593,0,0,0,116,,,,
033594,0,0,0,101,,,,
033595,0,0,0,221,,,,
033597,0,0,0,-288,,,,
033599,0,0,0,64,,,,
033600,0,0,0,45,,,,
033602,0,0,0,-15,,,,
033609,0,0,0,64,,,,
033611,0,0,0,-251,,,,
033612,0,0,0,19,,,,
033618,0,0,0,84,,,,
033619,0,0,0,-121,,,,
033621,0,0,0,-5,,,,
033626,0,0,0,105,,,,
033627,0,0,0,2,,,,
033631,0,0,0,298,,,,
033634,0,0,0,-1,,,,
033635,0,0,0,-42,,,,
033636,0,0,0,194,,,,
033638,0,0,0,-96,,,,
033639,0,0,0,-55,,,,
033643,0,0,0,-51,,,,
033644,0,0,0,-82,,,,
033645,0,0,0,33,,,,
033646,0,0,0,-11,,,,
033648,0,0,0,-3,,,,
033649,0,0,0,-20,,,,
033650,0,0,0,-83,,,,
033651,0,0,0,489,,,,
033652,0,0,0,4,,,,
033656,0,0,0,-738,,,,
033658,0,0,0,135,,,,
033659,0,0,0,-30,,,,
033660,0,0,0,151,,,,
033661,0,0,0,62,,,,
033663,0,0,0,377,,,,
033665,0,0,0,-626,,,,
033671,0,0,0,762,,,,
033674,0,0,0,5,,,,
033675,0,0,0,101,,,,
033676,0,0,0,397,,,,
033677,0,0,0,1,,,,
033681,0,0,0,-5,,,,
033682,0,0,0,-5,,,,
033683,0,0,0,10,,,,
033684,0,0,0,10,,,,
033687,0,0,0,-140,,,,
033688,0,0,0,-2,,,,
033691,0,0,0,-856,,,,
033694,0,0,0,-25,,,,
033697,0,0,0,2,,,,
033700,0,0,0,250,,,,
033701,0,0,0,22,,,,
033702,0,0,0,-50,,,,
033705,0,0,0,126,,,,
033707,0,0,0,-75,,,,
033719,0,0,0,-30,,,,
033720,0,0,0,51,,,,
033721,0,0,0,10,,,,
033723,0,0,0,852,,,,
033724,0,0,0,15,,,,
033727,0,0,0,-39,,,,
033728,0,0,0,-131,,,,
033731,0,0,0,-8,,,,
033734,0,0,0,15,,,,
033735,0,0,0,4004,,,,
033737,0,0,0,4,,,,
033738,0,0,0,11,,,,
033740,0,0,0,-59,,,,
033742,0,0,0,-38,,,,
033743,0,0,0,-2,,,,
033749,0,0,0,57,,,,
033751,0,0,0,50,,,,
033752,0,0,0,-299,,,,
033753,0,0,0,63,,,,
033755,0,0,0,0,,,,
033758,0,0,0,103,,,,
033761,0,0,0,599,,,,
033762,0,0,0,29,,,,
033764,0,0,0,-211,,,,
033765,0,0,0,38,,,,
033767,0,0,0,-496,,,,
033769,0,0,0,12,,,,
033771,0,0,0,-66,,,,
033773,0,0,0,5,,,,
033775,0,0,0,-65,,,,
033784,0,0,0,-93,,,,
033785,0,0,0,-7,,,,
033786,0,0,0,-8,,,,
033787,0,0,0,-11,,,,
033788,0,0,0,-324,,,,
033789,0,0,0,-76,,,,
033790,0,0,0,27,,,,
033793,0,0,0,-58,,,,
033796,0,0,0,-84,,,,
033804,0,0,0,69,,,,
033810,0,0,0,3,,,,
033811,0,0,0,363,,,,
033813,0,0,0,-60,,,,
033823,0,0,0,200,,,,
033824,0,0,0,240,,,,
033827,0,0,0,1,,,,
033829,0,0,0,-30,,,,
03382U,0,0,0,-438,,,,
033833,0,0,0,-10,,,,
033836,0,0,0,-957,,,,
033837,0,0,0,-131,,,,
033839,0,0,0,-6,,,,
033840,0,0,0,39,,,,
033843,0,0,0,17,,,,
033844,0,0,0,-512,,,,
033845,0,0,0,-2,,,,
033846,0,0,0,-60,,,,
033847,0,0,0,123,,,,
033851,0,0,0,198,,,,
033853,0,0,0,-245,,,,
033854,0,0,0,-28,,,,
033855,0,0,0,-52,,,,
033856,0,0,0,2,,,,
033860,0,0,0,-10,,,,
033861,0,0,0,-1,,,,
033862,0,0,0,-156,,,,
033863,0,0,0,22,,,,
033865,0,0,0,-449,,,,
033866,0,0,0,-2,,,,
033867,0,0,0,-342,,,,
033868,0,0,0,3,,,,
033869,0,0,0,-397,,,,
033872,0,0,0,39,,,,
033874,0,0,0,-50,,,,
033876,0,0,0,-28,,,,
033878,0,0,0,188,,,,
033891,0,0,0,-300,,,,
033892,0,0,0,-380,,,,
033893,0,0,0,4,,,,
033894,0,0,0,-25,,,,
033895,0,0,0,-5,,,,
033898,0,0,0,-1,,,,
033899,0,0,0,2,,,,
033900,0,0,0,19,,,,
033901,0,0,0,0,,,,
033908,0,0,0,-42,,,,
033910,0,0,0,429,,,,
033912,0,0,0,1,,,,
033913,0,0,0,1,,,,
033915,0,0,0,3,,,,
033927,0,0,0,-25,,,,
033932,0,0,0,299,,,,
033933,0,0,0,18,,,,
033934,0,0,0,-12,,,,
033935,0,0,0,-180,,,,
033936,0,0,0,8,,,,
033938,0,0,0,1,,,,
033939,0,0,0,1,,,,
033941,0,0,0,-43,,,,
033942,0,0,0,-759,,,,
033943,0,0,0,-197,,,,
033944,0,0,0,-97,,,,
033945,0,0,0,30,,,,
033946,0,0,0,-119,,,,
033947,0,0,0,172,,,,
033948,0,0,0,173,,,,
033949,0,0,0,392,,,,
033950,0,0,0,-25,,,,
033951,0,0,0,257,,,,
033954,0,0,0,103,,,,
033955,0,0,0,-211,,,,
033956,0,0,0,-168,,,,
033958,0,0,0,-143,,,,
033961,0,0,0,40,,,,
033962,0,0,0,-417,,,,
033963,0,0,0,-10,,,,
033964,0,0,0,-89,,,,
033965,0,0,0,-49,,,,
033966,0,0,0,-40,,,,
033967,0,0,0,-12,,,,
033968,0,0,0,-20,,,,
033969,0,0,0,-65,,,,
033970,0,0,0,-10,,,,
033972,0,0,0,67,,,,
033973,0,0,0,184,,,,
033976,0,0,0,-12,,,,
033977,0,0,0,-352,,,,
033979,0,0,0,33,,,,
033981,0,0,0,-21,,,,
033983,0,0,0,80,,,,
033984,0,0,0,-31,,,,
033985,0,0,0,-20,,,,
033986,0,0,0,0,,,,
033987,0,0,0,-60,,,,
033988,0,0,0,4,,,,
033990,0,0,0,0,,,,
033994,0,0,0,-205,,,,
033996,0,0,0,253,,,,
033997,0,0,0,8,,,,
033998,0,0,0,50,,,,
034002,0,0,0,-2,,,,
034004,0,0,0,-150,,,,
034005,0,0,0,-133,,,,
034008,0,0,0,151,,,,
034010,0,0,0,-17,,,,
034011,0,0,0,5,,,,
034012,0,0,0,-10,,,,
034013,0,0,0,48,,,,
034015,0,0,0,7,,,,
034016,0,0,0,259,,,,
034022,0,0,0,-52,,,,
034027,0,0,0,450,,,,
034028,0,0,0,37,,,,
034029,0,0,0,2,,,,
034030,0,0,0,-68,,,,
034032,0,0,0,21,,,,
034033,0,0,0,1,,,,
034037,0,0,0,83,,,,
034039,0,0,0,53,,,,
034041,0,0,0,-11,,,,
034043,0,0,0,20,,,,
034046,0,0,0,0,,,,
034049,0,0,0,-20,,,,
034051,0,0,0,-10,,,,
034052,0,0,0,10,,,,
034054,0,0,0,50,,,,
034055,0,0,0,-57,,,,
034058,0,0,0,-192,,,,
034059,0,0,0,30,,,,
034061,0,0,0,-52,,,,
034063,0,0,0,2,,,,
034066,0,0,0,150,,,,
034067,0,0,0,-150,,,,
034073,0,0,0,-132,,,,
034074,0,0,0,-81,,,,
034078,0,0,0,30,,,,
034079,0,0,0,25,,,,
034080,0,0,0,62,,,,
034082,0,0,0,-77,,,,
034083,0,0,0,13,,,,
034085,0,0,0,2593,,,,
034096,0,0,0,0,,,,
034100,0,0,0,-10,,,,
034104,0,0,0,172,,,,
034106,0,0,0,-31,,,,
034113,0,0,0,10,,,,
034114,0,0,0,3,,,,
034115,0,0,0,0,,,,
034116,0,0,0,0,,,,
034117,0,0,0,-17,,,,
034119,0,0,0,-1075,,,,
034120,0,0,0,26,,,,
034123,0,0,0,-40,,,,
034126,0,0,0,88,,,,
034130,0,0,0,27,,,,
034131,0,0,0,10,,,,
034132,0,0,0,33,,,,
034134,0,0,0,22,,,,
034137,0,0,0,-3,,,,
034138,0,0,0,2,,,,
034140,0,0,0,564,,,,
034141,0,0,0,17,,,,
034146,0,0,0,-120,,,,
034148,0,0,0,-6,,,,
034149,0,0,0,2,,,,
034151,-3,0,0,193,,,,
034156,0,0,0,27,,,,
034157,0,0,0,-20,,,,
034161,0,0,0,4,,,,
034164,0,0,0,-42,,,,
034165,0,0,0,20,,,,
034166,0,0,0,-1606,,,,
034167,0,0,0,1,,,,
034170,0,0,0,-70,,,,
034173,0,0,0,12,,,,
034174,0,0,0,237,,,,
034178,0,0,0,10,,,,
034180,0,0,0,-311,,,,
034181,0,0,0,-293,,,,
034182,0,0,0,-303,,,,
034183,0,0,0,-4,,,,
034184,0,0,0,44,,,,
034189,0,0,0,-351,,,,
034192,0,0,0,51,,,,
034195,0,0,0,-359,,,,
034197,0,0,0,33,,,,
034198,0,0,0,28,,,,
034199,0,0,0,113,,,,
034201,0,0,0,77,,,,
034203,0,0,0,2354,,,,
034206,0,0,0,-4,,,,
034211,0,0,0,2,,,,
034212,0,0,0,-134,,,,
034213,0,0,0,48,,,,
034215,0,0,0,-55,,,,
034218,0,0,0,85,,,,
034221,0,0,0,-7,,,,
034223,0,0,0,-59,,,,
034225,0,0,0,-615,,,,
034226,0,0,0,-5,,,,
034227,0,0,0,-217,,,,
034232,0,0,0,30,,,,
034233,0,0,0,118,,,,
034235,0,0,0,10,,,,
034237,0,0,0,54,,,,
034238,0,0,0,-155,,,,
034239,0,0,0,68,,,,
034240,0,0,0,500,,,,
034242,0,0,0,31,,,,
034244,0,0,0,0,,,,
034245,0,0,0,692,,,,
034246,0,0,0,-310,,,,
034247,0,0,0,-27,,,,
034248,0,0,0,221,,,,
034249,0,0,0,184,,,,
034251,0,0,0,75,,,,
034253,0,0,0,432,,,,
034258,0,0,0,252,,,,
034259,0,0,0,360,,,,
034261,0,0,0,-81,,,,
034263,0,0,0,-20,,,,
034264,0,0,0,-15,,,,
034265,0,0,0,-40,,,,
034266,0,0,0,203,,,,
034267,0,0,0,-23,,,,
034268,0,0,0,-9,,,,
034273,0,0,0,-11,,,,
034274,0,0,0,-1,,,,
034276,0,0,0,5,,,,
034278,0,0,0,3,,,,
034279,0,0,0,-36,,,,
034280,0,0,0,100,,,,
034282,0,0,0,-11,,,,
034283,0,0,0,533,,,,
034287,0,0,0,-10,,,,
034288,0,0,0,-150,,,,
034295,0,0,0,-10,,,,
034296,0,0,0,-101,,,,
034297,0,0,0,-100,,,,
034300,0,0,0,-100,,,,
034303,0,0,0,-95,,,,
034305,0,0,0,-2,,,,
034306,0,0,0,0,,,,
034308,0,0,0,-313,,,,
034309,0,0,0,30,,,,
034312,0,0,0,-10,,,,
034314,0,0,0,31,,,,
034320,0,0,0,211,,,,
034322,0,0,0,-2,,,,
034323,0,0,0,-112,,,,
034324,0,0,0,-20,,,,
034325,0,0,0,-5,,,,
034326,0,0,0,-82,,,,
034327,0,0,0,245,,,,
034329,0,0,0,10,,,,
034332,0,0,0,13,,,,
034333,0,0,0,-188,,,,
034338,0,0,0,528,,,,
034340,0,0,0,370,,,,
034343,0,0,0,-80,,,,
034344,0,0,0,27,,,,
034347,0,0,0,-10,,,,
034350,0,0,0,-1,,,,
034352,0,0,0,35,,,,
034354,0,0,0,-22,,,,
034356,0,0,0,25,,,,
034357,0,0,0,3,,,,
034362,0,0,0,0,,,,
034365,0,0,0,-420,,,,
034369,0,0,0,99,,,,
034371,0,0,0,5,,,,
034373,0,0,0,-68,,,,
034375,0,0,0,-28,,,,
034377,0,0,0,-53,,,,
034378,0,0,0,-70,,,,
034384,0,0,0,-7,,,,
034386,0,0,0,52,,,,
034389,0,0,0,0,,,,
034390,0,0,0,-5,,,,
034394,0,0,0,14,,,,
034395,0,0,0,150,,,,
034396,0,0,0,24,,,,
034398,0,0,0,178,,,,
034399,0,0,0,100,,,,
034402,0,0,0,-115,,,,
034403,0,0,0,858,,,,
034411,0,0,0,-573,,,,
034415,0,0,0,223,,,,
034416,0,0,0,-29,,,,
034417,0,0,0,-20,,,,
034418,0,0,0,-233,,,,
034420,0,0,0,50,,,,
034421,0,0,0,-224,,,,
034423,0,0,0,-30,,,,
034424,0,0,0,-155,,,,
034425,0,0,0,-50,,,,
034426,0,0,0,5,,,,
034427,0,0,0,40,,,,
034428,0,0,0,-20,,,,
034429,0,0,0,-19,,,,
034430,0,0,0,-10,,,,
034431,0,0,0,0,,,,
034432,0,0,0,-17,,,,
034433,0,0,0,145,,,,
034434,0,0,0,425,,,,
034437,0,0,0,-35,,,,
034439,0,0,0,-186,,,,
034441,0,0,0,-391,,,,
034442,0,0,0,-200,,,,
034447,0,0,0,-6,,,,
034448,0,0,0,31,,,,
034451,0,0,0,-10,,,,
034452,0,0,0,275,,,,
034453,0,0,0,234,,,,
034455,0,0,0,-30,,,,
034456,0,0,0,123,,,,
034457,0,0,0,-10,,,,
034458,0,0,0,7,,,,
034460,0,0,0,121,,,,
034461,0,0,0,-110,,,,
034463,0,0,0,36,,,,
034465,0,0,0,-191,,,,
034468,0,0,0,-227,,,,
034469,0,0,0,96,,,,
034474,0,0,0,58,,,,
034477,0,0,0,-1,,,,
034481,0,0,0,-66,,,,
034483,0,0,0,-10,,,,
034484,0,0,0,-15,,,,
034485,0,0,0,-206,,,,
034487,0,0,0,-10,,,,
034488,0,0,0,-20,,,,
034489,0,0,0,30,,,,
034492,0,0,0,-100,,,,
034493,0,0,0,-100,,,,
034495,0,0,0,-28,,,,
034500,0,0,0,-15,,,,
034501,0,0,0,-1,,,,
034502,0,0,0,-2,,,,
034503,0,0,0,-99,,,,
034504,0,0,0,23,,,,
034505,0,0,0,70,,,,
034509,0,0,0,-10,,,,
034510,0,0,0,-1,,,,
034517,0,0,0,39,,,,
034525,0,0,0,550,,,,
034528,0,0,0,-48,,,,
034529,0,0,0,-1,,,,
034530,0,0,0,59,,,,
034531,0,0,0,-659,,,,
034534,0,0,0,-5,,,,
034538,0,0,0,-106,,,,
034540,0,0,0,-78,,,,
034541,0,0,0,113,,,,
034542,0,0,0,-597,,,,
034544,0,0,0,-499,,,,
034548,0,0,0,119,,,,
034550,0,0,0,594,,,,
034553,0,0,0,2,,,,
034556,0,0,0,-123,,,,
034562,0,0,0,152,,,,
034563,0,0,0,15,,,,
034564,0,0,0,-5,,,,
034568,0,0,0,-9,,,,
034570,0,0,0,-3,,,,
034571,0,0,0,-68,,,,
034572,0,0,0,12,,,,
034573,0,0,0,-54,,,,
034574,0,0,0,18,,,,
034575,0,0,0,410,,,,
034579,0,0,0,20,,,,
034581,0,0,0,5,,,,
034582,0,0,0,-68,,,,
034583,0,0,0,-107,,,,
034585,0,0,0,50,,,,
034586,0,0,0,29,,,,
034588,0,0,0,40,,,,
034589,0,0,0,-3,,,,
034592,0,0,0,14,,,,
034593,0,0,0,-198,,,,
034594,0,0,0,-10,,,,
034595,0,0,0,-275,,,,
034596,0,0,0,210,,,,
034597,0,0,0,39,,,,
034598,0,0,0,614,,,,
034599,-23,0,0,10,,,,
034604,0,0,0,-819,,,,
034605,0,0,0,-240,,,,
034606,0,0,0,-116,,,,
034607,0,0,0,285,,,,
034608,0,0,0,-55,,,,
034611,0,0,0,308,,,,
034612,0,0,0,-100,,,,
034613,0,0,0,576,,,,
034614,0,0,0,241,,,,
034616,0,0,0,-95,,,,
034618,0,0,0,0,,,,
034620,0,0,0,-13,,,,
034623,0,0,0,-50,,,,
034627,0,0,0,-16,,,,
034629,0,0,0,10,,,,
034631,0,0,0,30,,,,
034636,0,0,0,-713,,,,
034638,0,0,0,-180,,,,
034640,0,0,0,-10,,,,
034644,0,0,0,369,,,,
034646,0,0,0,5,,,,
034649,0,0,0,-100,,,,
034650,0,0,0,34,,,,
034654,0,0,0,2,,,,
034655,0,0,0,41,,,,
034656,0,0,0,-1,,,,
034662,0,0,0,135,,,,
034663,0,0,0,112,,,,
034667,0,0,0,100,,,,
034668,0,0,0,-130,,,,
034669,0,0,0,10,,,,
034672,0,0,0,4,,,,
034674,0,0,0,15,,,,
034675,0,0,0,370,,,,
034676,0,0,0,3,,,,
034679,0,0,0,6,,,,
034681,0,0,0,-32,,,,
034683,0,0,0,-5,,,,
034684,0,0,0,-15,,,,
034688,0,0,0,-21,,,,
034691,0,0,0,-10,,,,
034693,0,0,0,-128,,,,
034698,0,0,0,-179,,,,
034707,0,0,0,4,,,,
034712,0,0,0,0,,,,
034718,0,0,0,-2,,,,
034730,0,0,0,-250,,,,
034731,0,0,0,50,,,,
034741,0,0,0,-32,,,,
034744,0,0,0,2495,,,,
034746,0,0,0,-2,,,,
034747,0,0,0,-48,,,,
034750,0,0,0,-40,,,,
034754,0,0,0,-67,,,,
034755,0,0,0,28,,,,
034756,0,0,0,-42,,,,
034757,0,0,0,-30,,,,
034758,0,0,0,554,,,,
034760,0,0,0,38,,,,
034766,0,0,0,-74,,,,
034768,0,0,0,229,,,,
034769,0,0,0,698,,,,
034771,0,0,0,7,,,,
034772,0,0,0,-462,,,,
034773,0,0,0,-76,,,,
034775,0,0,0,-446,,,,
034776,0,0,0,20,,,,
034778,0,0,0,-5,,,,
034779,0,0,0,175,,,,
034782,0,0,0,-10,,,,
034785,0,0,0,298,,,,
034786,0,0,0,-122,,,,
034788,0,0,0,-55,,,,
034791,0,0,0,29,,,,
034794,0,0,0,1,,,,
034796,0,0,0,-665,,,,
034797,0,0,0,-100,,,,
034798,0,0,0,-176,,,,
034799,0,0,0,-506,,,,
034800,0,0,0,-496,,,,
034801,0,0,0,-5,,,,
034803,0,0,0,30,,,,
034804,0,0,0,530,,,,
034805,0,0,0,30,,,,
034806,0,0,0,0,,,,
034807,0,0,0,10,,,,
034808,0,0,0,-3,,,,
034809,0,0,0,40,,,,
034811,0,0,0,-32,,,,
034814,0,0,0,17,,,,
034816,0,0,0,-41,,,,
034817,0,0,0,8,,,,
034821,0,0,0,-20,,,,
034822,0,0,0,-511,,,,
034823,0,0,0,0,,,,
034824,0,0,0,223,,,,
034825,0,0,0,-44,,,,
034826,0,0,0,199,,,,
034828,0,0,0,-189,,,,
034830,0,0,0,-5,,,,
034831,0,0,0,20,,,,
034832,0,0,0,0,,,,
034833,0,0,0,145,,,,
034835,0,0,0,32,,,,
034838,0,0,0,-9,,,,
034842,0,0,0,109,,,,
034844,0,0,0,-20,,,,
034845,0,0,0,61,,,,
034846,0,0,0,0,,,,
034850,0,0,0,0,,,,
034851,0,0,0,28,,,,
034854,0,0,0,-274,,,,
034855,0,0,0,5,,,,
034857,0,0,0,5,,,,
034859,0,0,0,615,,,,
034860,0,0,0,153,,,,
034861,0,0,0,57,,,,
034862,0,0,0,11,,,,
034863,0,0,0,-16,,,,
034864,0,0,0,-90,,,,
034866,0,0,0,-5,,,,
034870,0,0,0,-2,,,,
034871,0,0,0,4,,,,
034873,0,0,0,-1,,,,
034876,0,0,0,-12,,,,
034880,0,0,0,40,,,,
034881,0,0,0,2,,,,
034882,0,0,0,270,,,,
034883,0,0,0,-11,,,,
034884,0,0,0,-262,,,,
034887,0,0,0,-219,,,,
034888,0,0,0,-165,,,,
034891,0,0,0,3402,,,,
034893,0,0,0,19,,,,
034897,0,0,0,79,,,,
034898,0,0,0,149,,,,
034899,0,0,0,-9,,,,
034900,0,0,0,67,,,,
034901,0,0,0,355,,,,
034904,0,0,0,-20,,,,
034905,0,0,0,-2,,,,
034910,0,0,0,20,,,,
034914,0,0,0,1,,,,
034920,0,0,0,300,,,,
034922,0,0,0,0,,,,
034923,0,0,0,-15,,,,
034924,0,0,0,-40,,,,
034928,0,0,0,48,,,,
034929,0,0,0,24,,,,
034930,0,0,0,-20,,,,
034931,0,0,0,-11,,,,
034934,0,0,0,-10,,,,
034939,0,0,0,-38,,,,
034942,0,0,0,-10,,,,
034946,0,0,0,9,,,,
034947,0,0,0,801,,,,
034948,0,0,0,-60,,,,
034951,0,0,0,-200,,,,
034955,0,0,0,-11,,,,
034956,0,0,0,140,,,,
034957,0,0,0,16,,,,
034958,0,0,0,0,,,,
034959,0,0,0,0,,,,
034962,0,0,0,-12,,,,
034963,0,0,0,-303,,,,
034964,0,0,0,9,,,,
034967,0,0,0,-2,,,,
034971,0,0,0,-10,,,,
034972,0,0,0,2,,,,
034978,0,0,0,30,,,,
034979,0,0,0,0,,,,
034980,0,0,0,200,,,,
034984,0,0,0,-63,,,,
034985,0,0,0,-1,,,,
034988,0,0,0,194,,,,
034991,0,0,0,26,,,,
034993,0,0,0,-7,,,,
034994,0,0,0,-400,,,,
034995,0,0,0,7,,,,
034996,0,0,0,-2,,,,
034998,0,0,0,156,,,,
034999,0,0,0,-180,,,,
035001,0,0,0,2,,,,
035003,0,0,0,-10,,,,
035004,0,0,0,-492,,,,
035006,0,0,0,294,,,,
035007,0,0,0,-15,,,,
035008,0,0,0,-1,,,,
035009,0,0,0,72,,,,
035010,0,0,0,-90,,,,
035013,0,0,0,-85,,,,
035016,0,0,0,196,,,,
035017,0,0,0,-24,,,,
035018,0,0,0,-6,,,,
035019,0,0,0,-10,,,,
035020,0,0,0,-15,,,,
035022,0,0,0,60,,,,
035024,0,0,0,137,,,,
035025,0,0,0,4,,,,
035026,0,0,0,-170,,,,
035028,0,0,0,83,,,,
035029,0,0,0,240,,,,
035031,0,0,0,-15,,,,
035033,0,0,0,-5,,,,
035035,0,0,0,-27,,,,
035038,0,0,0,5,,,,
035041,0,0,0,-100,,,,
035042,0,0,0,-9,,,,
035043,0,0,0,297,,,,
035044,0,0,0,-6,,,,
035046,0,0,0,-100,,,,
035047,0,0,0,707,,,,
035048,0,0,0,-197,,,,
035050,0,0,0,232,,,,
035051,0,0,0,80,,,,
035052,0,0,0,-49,,,,
035053,0,0,0,11,,,,
035054,0,0,0,-1,,,,
035055,-5,0,0,120,,,,
035056,0,0,0,68,,,,
035057,0,0,0,50,,,,
035058,0,0,0,-661,,,,
035059,0,0,0,-325,,,,
035060,0,0,0,-62,,,,
035061,0,0,0,15,,,,
035062,0,0,0,28,,,,
035064,0,0,0,98,,,,
035067,0,0,0,196,,,,
035068,0,0,0,-6,,,,
035069,0,0,0,3,,,,
035076,0,0,0,-52,,,,
035078,0,0,0,152,,,,
035080,0,0,0,90,,,,
035083,0,0,0,80,,,,
035087,0,0,0,-30,,,,
035088,0,0,0,-48,,,,
035089,0,0,0,10,,,,
035090,0,0,0,-36,,,,
035091,0,0,0,-24,,,,
035092,0,0,0,130,,,,
035093,0,0,0,-112,,,,
035094,0,0,0,1,,,,
035098,0,0,0,-83,,,,
035101,0,0,0,56,,,,
035103,0,0,0,4,,,,
035104,0,0,0,-21,,,,
035107,0,0,0,-5,,,,
035109,0,0,0,170,,,,
035110,0,0,0,353,,,,
035111,0,0,0,-130,,,,
035113,0,0,0,5,,,,
035114,0,0,0,-851,,,,
035115,0,0,0,-72,,,,
035116,0,0,0,78,,,,
035122,0,0,0,-11,,,,
035123,0,0,0,-15,,,,
035127,0,0,0,-400,,,,
035132,0,0,0,-2,,,,
035134,0,0,0,-6,,,,
035135,0,0,0,-110,,,,
035136,0,0,0,176,,,,
035140,0,0,0,3,,,,
035141,0,0,0,23,,,,
035145,0,0,0,-2,,,,
035146,0,0,0,-80,,,,
035148,0,0,0,12,,,,
035149,0,0,0,263,,,,
035151,0,0,0,-28,,,,
035152,0,0,0,71,,,,
035153,0,0,0,150,,,,
035154,0,0,0,20,,,,
035155,0,0,0,175,,,,
035159,0,0,0,-318,,,,
035160,0,0,0,-151,,,,
035164,0,0,0,534,,,,
035165,0,0,0,8,,,,
035166,0,0,0,-89,,,,
035167,0,0,0,12,,,,
035168,0,0,0,-5,,,,
035169,0,0,0,13,,,,
035170,0,0,0,310,,,,
035173,0,0,0,12,,,,
035174,0,0,0,116,,,,
035175,0,0,0,-937,,,,
035178,0,0,0,383,,,,
035179,0,0,0,-20,,,,
035181,0,0,0,2,,,,
035184,0,0,0,2,,,,
035185,0,0,0,136,,,,
035186,0,0,0,32,,,,
035187,0,0,0,20,,,,
035188,0,0,0,293,,,,
035193,0,0,0,4,,,,
035194,0,0,0,-10,,,,
035201,0,0,0,-1,,,,
035204,0,0,0,-354,,,,
035207,0,0,0,157,,,,
035212,0,0,0,48,,,,
035213,0,0,0,13,,,,
035214,0,0,0,-69,,,,
035217,0,0,0,-19,,,,
035218,0,0,0,-157,,,,
035224,0,0,0,82,,,,
035231,0,0,0,-176,,,,
035235,0,0,0,194,,,,
035236,0,0,0,32,,,,
035241,0,0,0,21,,,,
035244,0,0,0,45,,,,
035245,0,0,0,-97,,,,
035248,0,0,0,-265,,,,
035249,0,0,0,16,,,,
035250,0,0,0,0,,,,
035257,0,0,0,23,,,,
035258,0,0,0,-10,,,,
035259,0,0,0,-89,,,,
035261,0,0,0,-7166,,,,
035264,0,0,0,-50,,,,
035266,0,0,0,-14,,,,
035267,0,0,0,-75,,,,
035268,0,0,0,25,,,,
035269,0,0,0,90,,,,
035271,0,0,0,4,,,,
035273,0,0,0,-17,,,,
035275,0,0,0,687,,,,
035276,0,0,0,-12,,,,
035283,0,0,0,1,,,,
035284,0,0,0,-147,,,,
035288,0,0,0,40,,,,
035289,0,0,0,-10,,,,
035291,0,0,0,-1,,,,
035294,0,0,0,299,,,,
035295,0,0,0,0,,,,
035296,0,0,0,-20,,,,
035297,0,0,0,26,,,,
035298,0,0,0,-109,,,,
035299,0,0,0,28,,,,
035302,0,0,0,-42,,,,
035303,0,0,0,13,,,,
035309,0,0,0,10,,,,
035311,0,0,0,-15,,,,
035313,0,0,0,22,,,,
035315,0,0,0,-80,,,,
035316,0,0,0,-284,,,,
035318,0,0,0,120,,,,
035321,0,0,0,-23,,,,
035325,0,0,0,-38,,,,
035326,0,0,0,-111,,,,
035327,0,0,0,507,,,,
035328,0,0,0,-768,,,,
035329,0,0,0,-464,,,,
035330,0,0,0,-10,,,,
035331,0,0,0,69,,,,
035332,0,0,0,-42,,,,
035335,-5,0,0,-13,,,,
035336,0,0,0,-51,,,,
035338,0,0,0,-72,,,,
035339,0,0,0,24,,,,
035340,0,0,0,4,,,,
035341,0,0,0,36,,,,
035343,0,0,0,200,,,,
035344,0,0,0,-19,,,,
035348,0,0,0,-1,,,,
035349,0,0,0,-32,,,,
035350,0,0,0,-100,,,,
035354,0,0,0,-1,,,,
035357,0,0,0,-64,,,,
035359,0,0,0,51,,,,
035361,0,0,0,-5,,,,
035366,0,0,0,-700,,,,
035369,0,0,0,-10,,,,
035371,0,0,0,309,,,,
035373,0,0,0,2,,,,
035376,0,0,0,289,,,,
035377,0,0,0,86,,,,
035378,0,0,0,29,,,,
035379,0,0,0,213,,,,
035380,0,0,0,-32,,,,
035384,0,0,0,-314,,,,
035385,0,0,0,-418,,,,
035387,0,0,0,254,,,,
035388,0,0,0,51,,,,
035390,0,0,0,1024,,,,
035392,0,0,0,12,,,,
035393,0,0,0,119,,,,
035394,0,0,0,50,,,,
035396,0,0,0,59,,,,
035397,0,0,0,-49,,,,
035399,0,0,0,3,,,,
035400,0,0,0,55,,,,
035401,0,0,0,297,,,,
035403,0,0,0,2,,,,
035405,0,0,0,98,,,,
035406,0,0,0,-101,,,,
035408,0,0,0,-18,,,,
035409,0,0,0,644,,,,
035415,0,0,0,316,,,,
035416,0,0,0,-210,,,,
035418,0,0,0,-255,,,,
035420,0,0,0,-50,,,,
035421,0,0,0,-80,,,,
035422,0,0,0,-223,,,,
035424,0,0,0,-89,,,,
035425,0,0,0,22,,,,
035426,0,0,0,-188,,,,
035427,0,0,0,128,,,,
035428,0,0,0,7,,,,
035430,0,0,0,-152,,,,
035431,0,0,0,-11,,,,
035433,0,0,0,-132,,,,
035436,0,0,0,-33,,,,
035439,0,0,0,-948,,,,
035440,0,0,0,93,,,,
035441,0,0,0,-5,,,,
035448,0,0,0,2,,,,
035451,0,0,0,11,,,,
035453,0,0,0,-20,,,,
035454,0,0,0,142,,,,
035462,0,0,0,148,,,,
035463,0,0,0,-2,,,,
035464,0,0,0,-40,,,,
035465,0,0,0,5,,,,
035467,0,0,0,-147,,,,
035469,0,0,0,-141,,,,
035471,0,0,0,-43,,,,
035472,0,0,0,39,,,,
035475,0,0,0,18,,,,
035480,0,0,0,-10,,,,
035481,0,0,0,19,,,,
035482,0,0,0,-210,,,,
035483,0,0,0,34,,,,
035484,0,0,0,0,,,,
035487,0,0,0,31,,,,
035490,0,0,0,6,,,,
035491,0,0,0,-4,,,,
035492,0,0,0,-10,,,,
035493,0,0,0,-161,,,,
035495,0,0,0,35,,,,
035496,0,0,0,-4,,,,
035500,0,0,0,-10,,,,
035501,0,0,0,-19,,,,
035503,0,0,0,80,,,,
035504,0,0,0,-7,,,,
035507,0,0,0,10,,,,
035508,0,0,0,-10,,,,
035510,0,0,0,1,,,,
035511,0,0,0,-15,,,,
035512,0,0,0,1,,,,
035514,0,0,0,6,,,,
035517,0,0,0,287,,,,
035518,0,0,0,50,,,,
035522,0,0,0,0,,,,
035524,0,0,0,29,,,,
035525,0,0,0,-122,,,,
035527,0,0,0,-56,,,,
035528,0,0,0,-14,,,,
035532,0,0,0,-9,,,,
035536,0,0,0,-150,,,,
035537,0,0,0,-144,,,,
035538,0,0,0,-55,,,,
035539,0,0,0,-364,,,,
035540,0,0,0,-228,,,,
035541,0,0,0,-15,,,,
035542,0,0,0,-23,,,,
035543,0,0,0,-5,,,,
035544,0,0,0,25,,,,
035546,0,0,0,-60,,,,
035547,0,0,0,-242,,,,
035549,0,0,0,261,,,,
035553,0,0,0,73,,,,
035555,0,0,0,-76,,,,
035559,0,0,0,6,,,,
035560,0,0,0,0,,,,
035561,0,0,0,6,,,,
035565,0,0,0,-42,,,,
035566,0,0,0,-148,,,,
035567,0,0,0,-12,,,,
035569,0,0,0,50,,,,
035573,0,0,0,168,,,,
035574,0,0,0,1352,,,,
035576,0,0,0,-398,,,,
035579,0,0,0,-412,,,,
035580,0,0,0,-71,,,,
035581,0,0,0,70,,,,
035582,0,0,0,142,,,,
035583,0,0,0,5,,,,
035584,0,0,0,1913,,,,
035585,0,0,0,55,,,,
035586,0,0,0,-271,,,,
035590,0,0,0,-11,,,,
035591,0,0,0,21,,,,
035594,0,0,0,-43,,,,
035600,0,0,0,0,,,,
035603,0,0,0,-92,,,,
035604,0,0,0,-10,,,,
035605,0,0,0,221,,,,
035606,0,0,0,-191,,,,
035607,0,0,0,20,,,,
035608,0,0,0,39,,,,
035609,0,0,0,38,,,,
035610,0,0,0,252,,,,
035615,0,0,0,554,,,,
035616,0,0,0,-226,,,,
035617,0,0,0,-50,,,,
035618,0,0,0,4,,,,
035619,0,0,0,55,,,,
035620,0,0,0,9,,,,
035621,0,0,0,-250,,,,
035624,0,0,0,58,,,,
035625,0,0,0,-6,,,,
035629,0,0,0,-2,,,,
035631,0,0,0,5,,,,
035633,0,0,0,-56,,,,
035636,0,0,0,-288,,,,
035638,0,0,0,15,,,,
035639,0,0,0,-414,,,,
035640,0,0,0,5,,,,
035644,0,0,0,-4,,,,
035647,0,0,0,40,,,,
035649,0,0,0,10,,,,
035650,0,0,0,-20,,,,
035654,0,0,0,4,,,,
035658,0,0,0,54,,,,
035659,0,0,0,-5,,,,
035660,0,0,0,6,,,,
035661,0,0,0,-15,,,,
035666,0,0,0,2,,,,
035668,0,0,0,100,,,,
035670,0,0,0,1,,,,
035672,0,0,0,-40,,,,
035675,0,0,0,-5,,,,
035677,0,0,0,45,,,,
035679,0,0,0,-190,,,,
035680,0,0,0,181,,,,
035681,0,0,0,0,,,,
035682,0,0,0,-100,,,,
035686,0,0,0,-4,,,,
035688,0,0,0,2,,,,
035690,0,0,0,1,,,,
035691,0,0,0,-8,,,,
035692,0,0,0,4,,,,
035695,0,0,0,-10,,,,
035701,0,0,0,-84,,,,
035704,0,0,0,212,,,,
035708,0,0,0,0,,,,
035710,0,0,0,2,,,,
035711,0,0,0,-10,,,,
035713,0,0,0,-10,,,,
035714,0,0,0,-20,,,,
035715,0,0,0,94,,,,
035716,0,0,0,-21,,,,
035719,0,0,0,14,,,,
035724,0,0,0,20,,,,
035725,0,0,0,1,,,,
035726,0,0,0,6,,,,
035727,0,0,0,1447,,,,
035728,0,0,0,26,,,,
035730,0,0,0,3,,,,
035733,0,0,0,-30,,,,
035735,0,0,0,-286,,,,
035737,0,0,0,-75,,,,
035738,0,0,0,-32,,,,
035739,0,0,0,-588,,,,
035741,0,0,0,-106,,,,
035742,0,0,0,152,,,,
035743,0,0,0,44,,,,
035745,0,0,0,163,,,,
035746,0,0,0,124,,,,
035748,0,0,0,-5,,,,
035749,0,0,0,-11,,,,
035752,0,0,0,-13,,,,
035753,0,0,0,84,,,,
035755,0,0,0,-5,,,,
035758,0,0,0,10,,,,
035759,0,0,0,-10,,,,
035761,0,0,0,126,,,,
035763,0,0,0,-23,,,,
035764,0,0,0,-289,,,,
035765,0,0,0,698,,,,
035766,0,0,0,100,,,,
035767,0,0,0,30,,,,
035768,0,0,0,8,,,,
035770,0,0,0,-1030,,,,
035772,-13,0,0,3,,,,
035776,0,0,0,-16,,,,
035780,0,0,0,-480,,,,
035781,0,0,0,-250,,,,
035785,0,0,0,30,,,,
035786,0,0,0,0,,,,
035787,0,0,0,-5,,,,
035789,0,0,0,-1,,,,
035794,0,0,0,10,,,,
035795,0,0,0,709,,,,
035796,0,0,0,-100,,,,
035797,0,0,0,-3,,,,
035799,0,0,0,-228,,,,
035800,0,0,0,639,,,,
035801,0,0,0,27,,,,
035802,0,0,0,62,,,,
035806,0,0,0,14,,,,
035809,0,0,0,-35,,,,
035810,0,0,0,-3,,,,
035811,0,0,0,-4,,,,
035812,0,0,0,-452,,,,
035815,0,0,0,-520,,,,
035816,0,0,0,83,,,,
035817,0,0,0,216,,,,
035819,0,0,0,247,,,,
035821,0,0,0,-494,,,,
035823,0,0,0,-40,,,,
035825,0,0,0,122,,,,
035826,0,0,0,19,,,,
035827,0,0,0,69,,,,
035828,0,0,0,1223,,,,
035830,0,0,0,927,,,,
035835,0,0,0,208,,,,
035837,0,0,0,46,,,,
035838,0,0,0,-233,,,,
035840,0,0,0,-68,,,,
035841,0,0,0,-145,,,,
035842,0,0,0,-3,,,,
035843,0,0,0,1,,,,
035844,0,0,0,49,,,,
035846,0,0,0,-410,,,,
035847,0,0,0,-70,,,,
035848,0,0,0,67,,,,
035849,0,0,0,-1623,,,,
035850,0,0,0,66,,,,
035851,0,0,0,8,,,,
035852,0,0,0,149,,,,
035853,0,0,0,303,,,,
035854,0,0,0,176,,,,
035856,0,0,0,22,,,,
035857,0,0,0,-64,,,,
035863,0,0,0,0,,,,
035865,0,0,0,10,,,,
035866,0,0,0,-180,,,,
035867,0,0,0,-5,,,,
035868,0,0,0,-10,,,,
035869,0,0,0,-48,,,,
035870,0,0,0,-30,,,,
035871,0,0,0,-153,,,,
035873,0,0,0,2,,,,
035875,0,0,0,2,,,,
035876,0,0,0,-170,,,,
035877,0,0,0,-20,,,,
035878,0,0,0,10,,,,
035881,0,0,0,4,,,,
035882,30,0,0,-714,,,,
035894,0,0,0,99,,,,
035896,0,0,0,29,,,,
035897,0,0,0,-25,,,,
035898,0,0,0,-114,,,,
035900,0,0,0,-10,,,,
035903,0,0,0,-32,,,,
035904,0,0,0,-100,,,,
035906,0,0,0,0,,,,
035907,0,0,0,8,,,,
035909,0,0,0,-18,,,,
035910,0,0,0,1,,,,
035912,0,0,0,-196,,,,
035914,0,0,0,100,,,,
035918,0,0,0,-6,,,,
035921,0,0,0,-3,,,,
035922,0,0,0,408,,,,
035925,0,0,0,6,,,,
035926,0,0,0,-2,,,,
035927,0,0,0,14,,,,
035931,0,0,0,9,,,,
035932,0,0,0,-33,,,,
035935,0,0,0,-9,,,,
035936,0,0,0,-301,,,,
035938,0,0,0,18,,,,
035942,0,0,0,371,,,,
035943,0,0,0,2,,,,
035944,0,0,0,3,,,,
035945,0,0,0,131,,,,
035946,0,0,0,121,,,,
035949,0,0,0,85,,,,
035951,0,0,0,-10,,,,
035952,0,0,0,-96,,,,
035955,0,0,0,25,,,,
035956,0,0,0,2,,,,
035957,0,0,0,-3,,,,
035961,0,0,0,-1,,,,
035962,0,0,0,-100,,,,
035966,0,0,0,0,,,,
035968,0,0,0,5,,,,
035976,0,0,0,-400,,,,
035980,0,0,0,15,,,,
035989,0,0,0,848,,,,
035990,0,0,0,5,,,,
035996,0,0,0,-260,,,,
035997,0,0,0,5,,,,
035998,0,0,0,-57,,,,
035999,0,0,0,15,,,,
036000,0,0,0,30,,,,
036003,0,0,0,1,,,,
036004,0,0,0,481,,,,
036005,0,0,0,-26,,,,
036006,0,0,0,302,,,,
036007,0,0,0,255,,,,
036008,0,0,0,-3,,,,
036009,0,0,0,180,,,,
036010,0,0,0,40,,,,
036011,0,0,0,9,,,,
036012,0,0,0,-5,,,,
036016,0,0,0,-290,,,,
036019,0,0,0,0,,,,
036021,0,0,0,868,,,,
036022,-65,0,0,269,,,,
036023,0,0,0,100,,,,
036024,0,0,0,-2,,,,
036027,0,0,0,-369,,,,
036028,0,0,0,-135,,,,
036030,0,0,0,-21,,,,
036031,0,0,0,-19,,,,
036033,0,0,0,94,,,,
036034,0,0,0,-1,,,,
036037,0,0,0,-59,,,,
036038,0,0,0,46,,,,
036039,0,0,0,10,,,,
036045,0,0,0,-16,,,,
036046,0,0,0,-907,,,,
036056,0,0,0,138,,,,
036060,0,0,0,0,,,,
036061,0,0,0,99,,,,
036067,0,0,0,64,,,,
036068,0,0,0,-2,,,,
036072,0,0,0,17,,,,
036075,0,0,0,1,,,,
036076,0,0,0,5,,,,
036077,0,0,0,-2,,,,
036078,0,0,0,-70,,,,
036080,0,0,0,5,,,,
036081,0,0,0,-235,,,,
036082,0,0,0,-200,,,,
036083,0,0,0,5,,,,
036084,0,0,0,43,,,,
036085,0,0,0,-40,,,,
036089,0,0,0,-8,,,,
036090,0,0,0,-73,,,,
036091,0,0,0,13,,,,
036094,0,0,0,-60,,,,
036095,0,0,0,79,,,,
036097,0,0,0,-135,,,,
036102,0,0,0,45,,,,
036103,0,0,0,0,,,,
036106,0,0,0,135,,,,
036107,0,0,0,-239,,,,
036108,0,0,0,-50,,,,
036113,0,0,0,-80,,,,
036118,0,0,0,-120,,,,
036119,0,0,0,-118,,,,
036125,0,0,0,5,,,,
036128,0,0,0,56,,,,
036129,0,0,0,597,,,,
036130,0,0,0,145,,,,
036131,0,0,0,-7,,,,
036133,0,0,0,131,,,,
036135,0,0,0,-300,,,,
036138,0,0,0,8,,,,
036139,0,0,0,33,,,,
036141,0,0,0,103,,,,
036143,0,0,0,5,,,,
036146,0,0,0,-25,,,,
036152,0,0,0,4,,,,
036157,0,0,0,300,,,,
036160,0,0,0,56,,,,
036163,0,0,0,9,,,,
036164,0,0,0,-327,,,,
036168,0,0,0,-9,,,,
036170,0,0,0,0,,,,
036172,0,0,0,-480,,,,
036173,0,0,0,4,,,,
036174,0,0,0,8,,,,
036176,0,0,0,3,,,,
036177,0,0,0,-90,,,,
036186,0,0,0,-40,,,,
036187,0,0,0,-77,,,,
036189,0,0,0,10,,,,
036190,0,0,0,-11,,,,
036191,0,0,0,3,,,,
036192,0,0,0,-4,,,,
036193,0,0,0,-15,,,,
036202,0,0,0,-50,,,,
036203,0,0,0,-3,,,,
036207,0,0,0,-190,,,,
036209,0,0,0,-1850,,,,
036210,0,0,0,150,,,,
036215,0,0,0,71,,,,
036216,0,0,0,0,,,,
036219,0,0,0,-114,,,,
036222,0,0,0,54,,,,
036224,0,0,0,14,,,,
036226,0,0,0,6,,,,
036228,0,0,0,-37,,,,
036229,0,0,0,5,,,,
036235,0,0,0,-22,,,,
036236,0,0,0,-34,,,,
036239,0,0,0,-50,,,,
036244,0,0,0,-20,,,,
036245,0,0,0,-4,,,,
036246,0,0,0,-30,,,,
036248,0,0,0,-5,,,,
036249,0,0,0,24,,,,
036250,0,0,0,-546,,,,
036251,0,0,0,64,,,,
036252,0,0,0,-253,,,,
036253,0,0,0,47,,,,
036254,0,0,0,-1012,,,,
036255,0,0,0,-182,,,,
036259,0,0,0,0,,,,
036261,0,0,0,17,,,,
036265,0,0,0,109,,,,
036267,0,0,0,-541,,,,
036268,0,0,0,494,,,,
036269,0,0,0,-646,,,,
036270,0,0,0,132,,,,
036271,0,0,0,119,,,,
036272,0,0,0,5,,,,
036273,0,0,0,-335,,,,
036274,0,0,0,2,,,,
036275,0,0,0,-350,,,,
036276,0,0,0,-41,,,,
036280,0,0,0,459,,,,
036281,0,0,0,-102,,,,
036282,0,0,0,-17,,,,
036283,0,0,0,195,,,,
036284,0,0,0,411,,,,
036285,0,0,0,77,,,,
036287,0,0,0,25,,,,
036289,0,0,0,-965,,,,
036291,0,0,0,278,,,,
036293,0,0,0,15,,,,
036295,0,0,0,2417,,,,
036297,0,0,0,-29,,,,
036299,0,0,0,-292,,,,
03629U,0,0,0,30,,,,
036303,0,0,0,-7,,,,
036304,0,0,0,-69,,,,
036306,0,0,0,-550,,,,
036307,0,0,0,-337,,,,
036308,0,0,0,186,,,,
036309,0,0,0,10,,,,
036310,0,0,0,1,,,,
036311,0,0,0,0,,,,
036313,0,0,0,-48,,,,
036314,0,0,0,-15,,,,
036315,0,0,0,-290,,,,
036316,0,0,0,2,,,,
036319,0,0,0,675,,,,
036323,0,0,0,58,,,,
036324,0,0,0,10,,,,
036328,0,0,0,1,,,,
036329,0,0,0,-5,,,,
036331,0,0,0,-105,,,,
036332,0,0,0,-1840,,,,
036333,0,0,0,-2,,,,
036334,0,0,0,3,,,,
036335,0,0,0,27,,,,
036338,0,0,0,-7,,,,
036343,0,0,0,-179,,,,
036345,0,0,0,20,,,,
036346,0,0,0,-601,,,,
036347,0,0,0,-513,,,,
036349,0,0,0,-2,,,,
036354,0,0,0,11,,,,
036355,0,0,0,29,,,,
036357,0,0,0,2,,,,
036358,0,0,0,-35,,,,
036359,0,0,0,-40,,,,
036360,0,0,0,417,,,,
036361,0,0,0,6,,,,
036362,0,0,0,25,,,,
036363,0,0,0,20,,,,
036364,-2,0,0,-799,,,,
036365,0,0,0,13,,,,
036366,15,0,0,151,,,,
036367,0,0,0,115,,,,
036368,0,0,0,-33,,,,
036370,0,0,0,185,,,,
036377,0,0,0,51,,,,
036378,0,0,0,5,,,,
036379,0,0,0,-58,,,,
036380,0,0,0,769,,,,
036383,0,0,0,29,,,,
036384,0,0,0,272,,,,
036385,0,0,0,-489,,,,
036386,0,0,0,26,,,,
036389,0,0,0,480,,,,
036390,0,0,0,-5,,,,
036393,0,0,0,-12,,,,
036394,0,0,0,-144,,,,
036395,0,0,0,30,,,,
036396,0,0,0,-2,,,,
036397,0,0,0,-5,,,,
036398,0,0,0,-3,,,,
036399,0,0,0,0,,,,
036403,0,0,0,-10,,,,
036404,0,0,0,-3,,,,
036405,0,0,0,-82,,,,
036410,0,0,0,-5,,,,
036411,0,0,0,13,,,,
036412,0,0,0,-16,,,,
036413,0,0,0,42,,,,
036414,0,0,0,-134,,,,
036415,0,0,0,50,,,,
036417,0,0,0,448,,,,
036420,0,0,0,-14,,,,
036424,0,0,0,60,,,,
036425,0,0,0,32,,,,
036426,0,0,0,-8,,,,
036427,0,0,0,5,,,,
036428,0,0,0,9,,,,
036430,0,0,0,2,,,,
036433,0,0,0,-718,,,,
036434,0,0,0,-150,,,,
036436,0,0,0,-150,,,,
036437,0,0,0,5,,,,
036438,0,0,0,3,,,,
036439,0,0,0,15,,,,
036440,0,0,0,0,,,,
036443,0,0,0,405,,,,
036446,0,0,0,-105,,,,
036449,0,0,0,-45,,,,
036450,0,0,0,-36,,,,
036451,0,0,0,-261,,,,
036453,0,0,0,-41,,,,
036455,0,0,0,70,,,,
036456,0,0,0,13,,,,
036457,0,0,0,108,,,,
036458,0,0,0,-1349,,,,
036459,0,0,0,10,,,,
036462,0,0,0,1419,,,,
036463,0,0,0,114,,,,
036464,0,0,0,-22,,,,
036465,0,0,0,-3,,,,
036466,0,0,0,-50,,,,
036467,0,0,0,-7,,,,
036468,0,0,0,10,,,,
036475,0,0,0,436,,,,
036476,0,0,0,-100,,,,
036479,0,0,0,-26,,,,
036480,0,0,0,-100,,,,
036481,0,0,0,-112,,,,
036482,0,0,0,29,,,,
036483,0,0,0,30,,,,
036485,0,0,0,181,,,,
036487,0,0,0,132,,,,
036490,0,0,0,-1,,,,
036493,0,0,0,301,,,,
036495,0,0,0,1,,,,
036496,0,0,0,-10,,,,
036497,0,0,0,-4,,,,
036498,0,0,0,-534,,,,
036499,0,0,0,-13,,,,
036500,0,0,0,-157,,,,
036501,0,0,0,-66,,,,
036505,0,0,0,15,,,,
036506,0,0,0,0,,,,
036507,0,0,0,-42,,,,
036511,0,0,0,10,,,,
036512,0,0,0,230,,,,
036513,0,0,0,-8,,,,
036514,0,0,0,-50,,,,
036519,0,0,0,25,,,,
036521,0,0,0,10,,,,
036522,0,0,0,8,,,,
036529,0,0,0,2,,,,
036530,0,0,0,10,,,,
036531,0,0,0,1,,,,
036532,0,0,0,1,,,,
036535,0,0,0,107,,,,
036539,0,0,0,-60,,,,
036541,0,0,0,-6,,,,
036542,0,0,0,-79,,,,
036543,0,0,0,-485,,,,
036546,0,0,0,449,,,,
036547,0,0,0,-688,,,,
036548,0,0,0,7,,,,
036549,0,0,0,62,,,,
036551,0,0,0,20,,,,
036552,0,0,0,25,,,,
036553,0,0,0,54,,,,
036556,0,0,0,314,,,,
036557,0,0,0,345,,,,
036558,0,0,0,-767,,,,
036559,0,0,0,-689,,,,
036560,0,0,0,51,,,,
036561,0,0,0,-1,,,,
036568,0,0,0,579,,,,
036570,0,0,0,-216,,,,
036571,0,0,0,54,,,,
036572,0,0,0,-183,,,,
036573,0,0,0,-15,,,,
036574,0,0,0,-100,,,,
036578,0,0,0,-1,,,,
036579,0,0,0,3,,,,
036580,0,0,0,6,,,,
036583,0,0,0,125,,,,
036586,0,0,0,-3,,,,
036587,0,0,0,5,,,,
036589,0,0,0,7,,,,
03658U,0,0,0,8,,,,
036590,0,0,0,-175,,,,
036591,0,0,0,-7,,,,
036592,0,0,0,0,,,,
036597,0,0,0,-48,,,,
036599,0,0,0,23,,,,
036602,0,0,0,-50,,,,
036604,0,0,0,-6,,,,
036605,0,0,0,-35,,,,
036606,0,0,0,-24,,,,
036610,0,0,0,12,,,,
036611,0,0,0,50,,,,
036612,0,0,0,-2,,,,
036613,0,0,0,-1,,,,
036614,0,0,0,-311,,,,
036615,0,0,0,0,,,,
036616,0,0,0,100,,,,
036617,0,0,0,25,,,,
036623,0,0,0,46,,,,
036625,0,0,0,0,,,,
036626,0,0,0,30,,,,
036627,0,0,0,153,,,,
036630,0,0,0,70,,,,
036635,0,0,0,4,,,,
036637,0,0,0,-27,,,,
036638,0,0,0,4,,,,
036639,0,0,0,-148,,,,
036640,0,0,0,50,,,,
036641,0,0,0,12,,,,
036643,0,0,0,-1,,,,
036645,0,0,0,-80,,,,
036646,0,0,0,-12,,,,
036647,0,0,0,-69,,,,
036648,0,0,0,-106,,,,
036649,0,0,0,20,,,,
036650,0,0,0,-40,,,,
036651,0,0,0,-3,,,,
036655,0,0,0,9,,,,
036656,0,0,0,11,,,,
036659,0,0,0,-8,,,,
036660,0,0,0,-255,,,,
036662,0,0,0,40,,,,
036663,0,0,0,-74,,,,
036671,0,0,0,-150,,,,
036673,0,0,0,3,,,,
036677,0,0,0,-42,,,,
036682,0,0,0,17,,,,
036689,0,0,0,1,,,,
036691,0,0,0,393,,,,
036694,0,0,0,0,,,,
036695,0,0,0,334,,,,
036697,0,0,0,-3,,,,
036702,0,0,0,2,,,,
036703,0,0,0,0,,,,
036705,0,0,0,-20,,,,
036708,0,0,0,15,,,,
036709,0,0,0,-49,,,,
036713,0,0,0,-49,,,,
036715,0,0,0,26,,,,
036716,0,0,0,-230,,,,
036720,0,0,0,-3,,,,
036721,0,0,0,12,,,,
036722,0,0,0,40,,,,
036724,0,0,0,-33,,,,
036731,0,0,0,13,,,,
036732,0,0,0,-200,,,,
036737,0,0,0,-100,,,,
036738,0,0,0,-62,,,,
036740,0,0,0,30,,,,
036741,0,0,0,0,,,,
036742,0,0,0,29,,,,
036744,0,0,0,-65,,,,
036746,0,0,0,30,,,,
036747,0,0,0,10,,,,
036749,0,0,0,-119,,,,
036752,0,0,0,184,,,,
036753,0,0,0,18,,,,
036754,0,0,0,16,,,,
036758,0,0,0,7,,,,
036760,0,0,0,-20,,,,
036765,0,0,0,-10,,,,
036767,0,0,0,-2,,,,
036770,0,0,0,-28,,,,
036771,0,0,0,760,,,,
036772,0,0,0,41,,,,
036773,0,0,0,-233,,,,
036774,0,0,0,65,,,,
036776,0,0,0,-17,,,,
036777,0,0,0,-69,,,,
036779,0,0,0,-214,,,,
036783,0,0,0,200,,,,
036784,0,0,0,-378,,,,
036785,0,0,0,87,,,,
036787,0,0,0,1,,,,
036790,0,0,0,1,,,,
036791,0,0,0,39,,,,
036792,0,0,0,-478,,,,
036794,0,0,0,85,,,,
036795,0,0,0,-181,,,,
036797,0,0,0,-4,,,,
036805,0,0,0,67,,,,
036806,0,0,0,-9,,,,
036807,0,0,0,-1,,,,
036808,0,0,0,-98,,,,
036809,0,0,0,-452,,,,
036810,0,0,0,520,,,,
036811,0,0,0,0,,,,
036813,0,0,0,59,,,,
036814,0,0,0,16,,,,
036815,0,0,0,-171,,,,
036817,0,0,0,-299,,,,
036818,0,0,0,-12,,,,
036819,0,0,0,1,,,,
036820,0,0,0,-1,,,,
036821,0,0,0,30,,,,
036825,0,0,0,209,,,,
036831,0,0,0,391,,,,
036832,0,0,0,1,,,,
036833,0,0,0,0,,,,
036834,0,0,0,13,,,,
036836,0,0,0,5,,,,
036839,0,0,0,-645,,,,
036841,0,0,0,148,,,,
036842,0,0,0,217,,,,
036843,0,0,0,2146,,,,
036844,0,0,0,983,,,,
036845,0,0,0,2056,,,,
036846,0,0,0,-1569,,,,
036847,0,0,0,-16,,,,
036848,0,0,0,-223,,,,
036849,0,0,0,-20,,,,
036851,0,0,0,23,,,,
036852,0,0,0,68,,,,
036853,0,0,0,-3,,,,
036854,0,0,0,-1,,,,
036855,0,0,0,-10,,,,
036856,0,0,0,1,,,,
036857,0,0,0,5,,,,
036860,0,0,0,-5,,,,
036861,0,0,0,-82,,,,
036864,0,0,0,-5,,,,
036865,0,0,0,-150,,,,
036866,0,0,0,29,,,,
036867,0,0,0,-30,,,,
036868,0,0,0,339,,,,
036870,0,0,0,-127,,,,
036871,0,0,0,-100,,,,
036872,0,0,0,-3,,,,
036873,0,0,0,158,,,,
036874,0,0,0,74,,,,
036875,0,0,0,412,,,,
036876,0,0,0,49,,,,
036877,0,0,0,-207,,,,
036878,0,0,0,-105,,,,
036879,0,0,0,-59,,,,
036880,0,0,0,-400,,,,
036883,0,0,0,-77,,,,
036889,0,0,0,-27,,,,
036890,0,0,0,-40,,,,
036893,0,0,0,-882,,,,
036894,0,0,0,-303,,,,
036895,0,0,0,76,,,,
036896,0,0,0,-96,,,,
036897,0,0,0,-13,,,,
036898,0,0,0,257,,,,
036899,0,0,0,137,,,,
036900,0,0,0,98,,,,
036904,0,0,0,100,,,,
036906,0,0,0,-73,,,,
036907,0,0,0,-252,,,,
036909,0,0,0,2,,,,
036910,0,0,0,-225,,,,
036911,0,0,0,0,,,,
036912,0,0,0,77,,,,
036913,0,0,0,1,,,,
036916,0,0,0,55,,,,
036922,0,0,0,0,,,,
036924,0,0,0,1,,,,
036925,0,0,0,-5,,,,
036926,0,0,0,-4,,,,
036928,0,0,0,2,,,,
036929,0,0,0,-5,,,,
036930,0,0,0,103,,,,
036931,0,0,0,-1,,,,
036936,0,0,0,-1,,,,
036937,0,0,0,5,,,,
036938,0,0,0,110,,,,
036940,0,0,0,14,,,,
036941,0,0,0,-150,,,,
036942,0,0,0,-1,,,,
036943,0,0,0,9,,,,
036945,0,0,0,8,,,,
036947,0,0,0,71,,,,
036950,0,0,0,320,,,,
036953,0,0,0,2,,,,
036954,0,0,0,191,,,,
036957,0,0,0,11,,,,
036959,0,0,0,178,,,,
036960,0,0,0,-26,,,,
036962,0,0,0,10,,,,
036965,0,0,0,-11,,,,
036969,0,0,0,88,,,,
036970,0,0,0,-10,,,,
036971,0,0,0,-7,,,,
036973,0,0,0,5,,,,
036974,0,0,0,0,,,,
036976,0,0,0,-80,,,,
036978,0,0,0,3,,,,
036979,0,0,0,-100,,,,
036983,0,0,0,5,,,,
036985,0,0,0,-5,,,,
036987,0,0,0,0,,,,
036988,0,0,0,181,,,,
03698B,0,0,0,-360,,,,
036990,0,0,0,-243,,,,
036993,0,0,0,34,,,,
036995,0,0,0,96,,,,
036996,0,0,0,100,,,,
036997,0,0,0,446,,,,
03699B,0,0,0,-49,,,,
037001,0,0,0,-542,,,,
037002,0,0,0,-51,,,,
037004,0,0,0,-52,,,,
037005,0,0,0,-100,,,,
037006,0,0,0,0,,,,
037007,0,0,0,9,,,,
037008,0,0,0,0,,,,
037009,0,0,0,-12,,,,
037010,0,0,0,-113,,,,
037011,0,0,0,5,,,,
037013,0,0,0,-11,,,,
037016,0,0,0,-11,,,,
037017,0,0,0,-262,,,,
037019,0,0,0,302,,,,
03701B,0,0,0,101,,,,
037020,0,0,0,106,,,,
037022,0,0,0,-24,,,,
037023,0,0,0,276,,,,
037024,0,0,0,586,,,,
037025,0,0,0,-461,,,,
037027,0,0,0,-10,,,,
037028,0,0,0,95,,,,
037029,0,0,0,-1,,,,
03702B,0,0,0,25,,,,
037030,0,0,0,-1,,,,
037031,0,0,0,-2,,,,
037033,0,0,0,-84,,,,
037035,0,0,0,-12,,,,
037036,0,0,0,82,,,,
037037,0,0,0,28,,,,
037039,0,0,0,6,,,,
03703B,0,0,0,-295,,,,
037040,0,0,0,32,,,,
037041,0,0,0,-7,,,,
037044,10,0,0,-81,,,,
037045,0,0,0,14,,,,
037046,0,0,0,32,,,,
03704B,0,0,0,-609,,,,
037050,0,0,0,5,,,,
037052,0,0,0,387,,,,
037053,0,0,0,-301,,,,
037055,0,0,0,203,,,,
037056,0,0,0,327,,,,
037057,0,0,0,302,,,,
037058,0,0,0,-177,,,,
037063,0,0,0,69,,,,
037064,0,0,0,-102,,,,
037065,0,0,0,68,,,,
037066,0,0,0,-123,,,,
037067,0,0,0,-5,,,,
037069,0,0,0,197,,,,
03706U,0,0,0,-1,,,,
037071,0,0,0,-530,,,,
037073,0,0,0,-18,,,,
037075,0,0,0,-38,,,,
037076,0,0,0,477,,,,
037078,0,0,0,1,,,,
037079,0,0,0,270,,,,
037085,0,0,0,12,,,,
037093,0,0,0,4,,,,
037094,0,0,0,97,,,,
037098,0,0,0,59,,,,
037099,0,0,0,41,,,,
037102,0,0,0,-60,,,,
037104,0,0,0,-44,,,,
037108,0,0,0,24,,,,
037109,0,0,0,-20,,,,
03710U,0,0,0,15,,,,
037111,0,0,0,100,,,,
037112,0,0,0,459,,,,
037113,0,0,0,-5,,,,
037114,0,0,0,20,,,,
037116,0,0,0,-10,,,,
037118,0,0,0,220,,,,
037119,0,0,0,1,,,,
037120,0,0,0,-5,,,,
037122,0,0,0,0,,,,
037127,0,0,0,70,,,,
037129,0,0,0,31,,,,
037130,0,0,0,24,,,,
037131,0,0,0,90,,,,
037132,0,0,0,685,,,,
037133,0,0,0,1,,,,
037134,0,0,0,-6,,,,
037138,0,0,0,4,,,,
037141,0,0,0,-538,,,,
037142,0,0,0,-593,,,,
037143,0,0,0,20,,,,
037146,0,0,0,-40,,,,
037147,0,0,0,0,,,,
037149,0,0,0,-38,,,,
037150,0,0,0,103,,,,
037151,0,0,0,6,,,,
037153,0,0,0,40,,,,
037154,0,0,0,-470,,,,
037155,0,0,0,-10,,,,
037156,0,0,0,12,,,,
037162,0,0,0,10,,,,
037164,0,0,0,-45,,,,
037165,0,0,0,162,,,,
037167,0,0,0,5,,,,
037169,0,0,0,-97,,,,
037170,0,0,0,144,,,,
037171,0,0,0,-623,,,,
037173,0,0,0,1,,,,
037174,0,0,0,19,,,,
037176,0,0,0,151,,,,
037177,0,0,0,-65,,,,
037183,0,0,0,-26,,,,
037184,0,0,0,-195,,,,
037185,0,0,0,-92,,,,
037188,0,0,0,681,,,,
037190,0,0,0,-20,,,,
037191,0,0,0,9,,,,
037192,0,0,0,-2,,,,
037195,0,0,0,25,,,,
037200,0,0,0,-5,,,,
037201,0,0,0,29,,,,
037202,0,0,0,0,,,,
037203,0,0,0,139,,,,
037204,0,0,0,90,,,,
037210,0,0,0,-18,,,,
037212,0,0,0,0,,,,
037213,0,0,0,-10,,,,
037214,0,0,0,30,,,,
037216,0,0,0,1,,,,
037218,0,0,0,13,,,,
037219,0,0,0,-23,,,,
037221,0,0,0,38,,,,
037225,0,0,0,-18,,,,
037232,0,0,0,244,,,,
037239,0,0,0,13,,,,
037241,0,0,0,-33,,,,
037242,0,0,0,-10,,,,
037247,0,0,0,285,,,,
037248,0,0,0,11,,,,
037249,0,0,0,221,,,,
037250,0,0,0,118,,,,
037253,0,0,0,578,,,,
037254,0,0,0,49,,,,
037256,0,0,0,-200,,,,
037257,0,0,0,-19,,,,
037258,0,0,0,0,,,,
037259,0,0,0,-51,,,,
037260,0,0,0,21,,,,
037262,0,0,0,-235,,,,
037263,0,0,0,-5,,,,
037268,0,0,0,-134,,,,
037272,0,0,0,100,,,,
037273,0,0,0,-20,,,,
037276,0,0,0,-81,,,,
037278,0,0,0,87,,,,
037280,0,0,0,375,,,,
037282,0,0,0,1,,,,
037284,0,0,0,-124,,,,
037285,0,0,0,1,,,,
037289,0,0,0,-21,,,,
037290,0,0,0,-138,,,,
037291,0,0,0,43,,,,
037293,0,0,0,1,,,,
037294,0,0,0,-10,,,,
037295,0,0,0,65,,,,
037296,0,0,0,12,,,,
037301,0,0,0,-5,,,,
037302,0,0,0,-219,,,,
037305,0,0,0,-77,,,,
037306,0,0,0,4,,,,
037307,0,0,0,66,,,,
037308,0,0,0,-231,,,,
037309,0,0,0,22,,,,
037312,0,0,0,46,,,,
037313,0,0,0,-325,,,,
037314,0,0,0,-19,,,,
037315,0,0,0,4,,,,
037317,0,0,0,324,,,,
037318,0,0,0,35,,,,
037321,0,0,0,8,,,,
037323,0,0,0,10,,,,
037324,0,0,0,-699,,,,
037325,0,0,0,-21,,,,
037327,0,0,0,0,,,,
037333,0,0,0,10,,,,
037336,0,0,0,50,,,,
037339,0,0,0,-10,,,,
037344,0,0,0,6,,,,
037345,0,0,0,6,,,,
037349,0,0,0,155,,,,
037351,0,0,0,3,,,,
037353,0,0,0,213,,,,
037354,0,0,0,20,,,,
037356,0,0,0,-103,,,,
037357,0,0,0,142,,,,
037358,0,0,0,24,,,,
037359,0,0,0,-104,,,,
037360,0,0,0,2,,,,
037363,0,0,0,2,,,,
037366,0,0,0,1221,,,,
037370,0,0,0,-229,,,,
037372,0,0,0,-100,,,,
037375,0,0,0,-91,,,,
037382,0,0,0,3,,,,
037383,0,0,0,40,,,,
037385,0,0,0,42,,,,
037390,0,0,0,-10,,,,
037391,0,0,0,-56,,,,
037393,0,0,0,-1,,,,
037395,0,0,0,17,,,,
037400,0,0,0,449,,,,
037401,0,0,0,10,,,,
037404,0,0,0,-1,,,,
037408,0,0,0,-20,,,,
037413,0,0,0,42,,,,
037418,0,0,0,-120,,,,
037419,0,0,0,205,,,,
037421,0,0,0,100,,,,
037422,0,0,0,-1000,,,,
037423,0,0,0,0,,,,
037424,0,0,0,-55,,,,
037426,0,0,0,300,,,,
037430,0,0,0,262,,,,
037431,0,0,0,-5,,,,
037432,0,0,0,3,,,,
037433,0,0,0,2,,,,
037436,0,0,0,-25,,,,
037437,0,0,0,102,,,,
037438,0,0,0,21,,,,
037440,0,0,0,-1164,,,,
037441,0,0,0,-399,,,,
037442,0,0,0,241,,,,
037445,0,0,0,14,,,,
037450,0,0,0,-262,,,,
037452,0,0,0,-1,,,,
037455,0,0,0,-158,,,,
037457,0,0,0,-10,,,,
037459,0,0,0,83,,,,
03745U,0,0,0,-2,,,,
037465,0,0,0,10,,,,
037468,0,0,0,-32,,,,
03746U,0,0,0,10,,,,
037472,0,0,0,2,,,,
037475,0,0,0,7,,,,
037476,0,0,0,44,,,,
037480,0,0,0,1,,,,
037487,0,0,0,175,,,,
037488,0,0,0,-8,,,,
037489,0,0,0,-179,,,,
037493,0,0,0,621,,,,
037494,0,0,0,335,,,,
037495,0,0,0,11,,,,
037496,0,0,0,100,,,,
037497,0,0,0,140,,,,
037498,0,0,0,30,,,,
037499,0,0,0,4,,,,
037500,0,0,0,3,,,,
037501,0,0,0,1,,,,
037503,0,0,0,-137,,,,
037504,0,0,0,42,,,,
037507,0,0,0,251,,,,
03750U,0,0,0,-113,,,,
037510,0,0,0,1,,,,
037511,0,0,0,1,,,,
037512,0,0,0,212,,,,
037514,0,0,0,45,,,,
037516,0,0,0,-138,,,,
037517,0,0,0,-5,,,,
037518,0,0,0,1,,,,
037519,0,0,0,-25,,,,
037520,0,0,0,-285,,,,
037521,0,0,0,-376,,,,
037524,0,0,0,1,,,,
037525,0,0,0,-106,,,,
037527,0,0,0,1,,,,
037530,0,0,0,65,,,,
037531,0,0,0,-3,,,,
037532,0,0,0,53,,,,
037533,0,0,0,12,,,,
037535,0,0,0,-20,,,,
037537,0,0,0,8,,,,
037538,0,0,0,1,,,,
037539,0,0,0,-1,,,,
037541,0,0,0,10,,,,
037542,0,0,0,-10,,,,
037544,0,0,0,100,,,,
037546,0,0,0,6,,,,
037547,0,0,0,14,,,,
037550,0,0,0,-21,,,,
037551,0,0,0,50,,,,
037552,0,0,0,262,,,,
037556,0,0,0,-55,,,,
037559,0,0,0,-1,,,,
037560,0,0,0,-42,,,,
037561,0,0,0,-241,,,,
037562,0,0,0,-57,,,,
037563,0,0,0,533,,,,
037564,0,0,0,344,,,,
037565,0,0,0,-129,,,,
037566,0,0,0,-12,,,,
037567,0,0,0,1,,,,
037569,0,0,0,-2,,,,
037570,0,0,0,-554,,,,
037571,0,0,0,91,,,,
037572,0,0,0,-97,,,,
037573,0,0,0,102,,,,
037577,0,0,0,-130,,,,
037579,0,0,0,342,,,,
037581,0,0,0,7,,,,
037582,0,0,0,40,,,,
037583,0,0,0,-11,,,,
037587,0,0,0,397,,,,
037588,0,0,0,5,,,,
037590,0,0,0,-10,,,,
037592,0,0,0,13,,,,
037593,0,0,0,-14,,,,
037594,0,0,0,-26,,,,
037598,0,0,0,2,,,,
037599,0,0,0,0,,,,
037600,0,0,0,-5,,,,
037601,0,0,0,1,,,,
037606,0,0,0,200,,,,
037607,0,0,0,6,,,,
037608,0,0,0,54,,,,
037609,0,0,0,2,,,,
037611,0,0,0,-8,,,,
037616,0,0,0,75,,,,
037617,0,0,0,-103,,,,
037618,0,0,0,-13,,,,
037619,0,0,0,-1414,,,,
037621,0,0,0,2,,,,
037623,0,0,0,-216,,,,
037624,0,0,0,-60,,,,
037629,0,0,0,0,,,,
037630,0,0,0,39,,,,
037631,0,0,0,-2,,,,
037632,0,0,0,-30,,,,
037634,0,0,0,17,,,,
037636,0,0,0,6,,,,
037638,0,0,0,8,,,,
037643,0,0,0,438,,,,
037645,0,0,0,-119,,,,
037646,0,0,0,1,,,,
037647,0,0,0,2,,,,
037648,0,0,0,273,,,,
037649,0,0,0,-243,,,,
037650,0,0,0,-910,,,,
037651,0,0,0,-1,,,,
037652,0,0,0,-10,,,,
037654,0,0,0,10,,,,
037655,0,0,0,-10,,,,
037656,0,0,0,-4,,,,
037657,0,0,0,27,,,,
037658,0,0,0,-71,,,,
037659,0,0,0,61,,,,
037660,0,0,0,8,,,,
037661,0,0,0,102,,,,
037664,0,0,0,173,,,,
037666,0,0,0,-314,,,,
037667,0,0,0,-599,,,,
037668,0,0,0,100,,,,
037669,0,0,0,-25,,,,
037672,0,0,0,-178,,,,
037673,0,0,0,-115,,,,
037674,0,0,0,-324,,,,
037677,0,0,0,15,,,,
037679,0,0,0,0,,,,
037680,0,0,0,230,,,,
037683,0,0,0,123,,,,
037686,0,0,0,-11,,,,
037688,0,0,0,347,,,,
037689,0,0,0,214,,,,
037691,0,0,0,1,,,,
037693,0,0,0,-6,,,,
037694,0,0,0,-82,,,,
037695,0,0,0,-77,,,,
037696,0,0,0,90,,,,
037698,0,0,0,78,,,,
037700,0,0,0,-9,,,,
037702,0,0,0,-18,,,,
037703,0,0,0,-300,,,,
037704,0,0,0,24,,,,
037705,0,0,0,42,,,,
037706,0,0,0,32,,,,
037708,0,0,0,297,,,,
037709,0,0,0,-169,,,,
037712,0,0,0,51,,,,
037715,0,0,0,400,,,,
037716,0,0,0,82,,,,
037717,0,0,0,20,,,,
037718,0,0,0,116,,,,
037719,0,0,0,231,,,,
037721,0,0,0,-5,,,,
037722,0,0,0,558,,,,
037725,0,0,0,-20,,,,
037727,0,0,0,-348,,,,
037731,0,0,0,-88,,,,
037733,0,0,0,1,,,,
037734,0,0,0,27,,,,
037736,0,0,0,58,,,,
037738,0,0,0,-271,,,,
037739,0,0,0,-107,,,,
037740,0,0,0,5,,,,
037743,0,0,0,29,,,,
037744,0,0,0,23,,,,
037748,0,0,0,-106,,,,
037749,0,0,0,-4,,,,
037750,0,0,0,0,,,,
037753,0,0,0,-11,,,,
037755,0,0,0,260,,,,
037757,0,0,0,226,,,,
037758,0,0,0,-18,,,,
037759,0,0,0,-61,,,,
037760,0,0,0,-212,,,,
037761,0,0,0,-40,,,,
037763,0,0,0,-60,,,,
037764,0,0,0,-70,,,,
037765,0,0,0,2,,,,
037766,0,0,0,-23,,,,
037767,0,0,0,-189,,,,
037771,0,0,0,-16,,,,
037773,0,0,0,-330,,,,
037774,0,0,0,-372,,,,
037775,0,0,0,48,,,,
037776,0,0,0,154,,,,
037778,0,0,0,-25,,,,
037779,0,0,0,-260,,,,
037780,0,0,0,581,,,,
037781,0,0,0,-100,,,,
037783,0,0,0,-1478,,,,
037785,0,0,0,-207,,,,
037787,0,0,0,20,,,,
037788,0,0,0,223,,,,
037789,0,0,0,141,,,,
037791,0,0,0,-46,,,,
037795,0,0,0,-75,,,,
037796,0,0,0,-41,,,,
037797,0,0,0,-60,,,,
037798,0,0,0,1,,,,
037802,0,0,0,-43,,,,
037803,0,0,0,23,,,,
037805,0,0,0,61,,,,
037807,0,0,0,102,,,,
037808,0,0,0,1,,,,
037809,0,0,0,34,,,,
03780U,0,0,0,-8,,,,
037810,0,0,0,-146,,,,
037812,0,0,0,25,,,,
037815,0,0,0,-100,,,,
037816,0,0,0,-30,,,,
037818,0,0,0,5,,,,
037821,0,0,0,12,,,,
037822,0,0,0,-20,,,,
037825,0,0,0,3,,,,
037828,0,0,0,-12,,,,
037831,0,0,0,23,,,,
037832,0,0,0,-10,,,,
037833,0,0,0,2,,,,
037837,0,0,0,66,,,,
037838,0,0,0,83,,,,
037839,0,0,0,-2,,,,
037840,0,0,0,-51,,,,
037845,0,0,0,19,,,,
037847,0,0,0,18,,,,
037848,0,0,0,-49,,,,
037850,0,0,0,139,,,,
037851,0,0,0,3,,,,
037853,0,0,0,-21,,,,
037855,0,0,0,55,,,,
037861,0,0,0,17,,,,
037864,0,0,0,38,,,,
037865,0,0,0,-4,,,,
037866,0,0,0,-128,,,,
037868,0,0,0,-62,,,,
037872,0,0,0,363,,,,
037873,0,0,0,1665,,,,
037875,0,0,0,-5,,,,
037876,0,0,0,-37,,,,
037877,-61,0,0,-379,,,,
037878,0,0,0,97,,,,
037879,0,0,0,892,,,,
037880,0,0,0,111,,,,
037882,0,0,0,1,,,,
037885,0,0,0,4,,,,
037886,0,0,0,525,,,,
037889,0,0,0,157,,,,
037890,0,0,0,-10,,,,
037893,0,0,0,88,,,,
037894,0,0,0,0,,,,
037895,0,0,0,0,,,,
037898,0,0,0,12,,,,
037899,0,0,0,-1642,,,,
037902,0,0,0,66,,,,
037905,0,0,0,150,,,,
037906,0,0,0,10,,,,
037907,0,0,0,310,,,,
037911,0,0,0,-1,,,,
037912,0,0,0,149,,,,
037913,0,0,0,21,,,,
037916,0,0,0,246,,,,
037918,0,0,0,120,,,,
037923,0,0,0,-11,,,,
037926,0,0,0,25,,,,
037927,0,0,0,-13,,,,
037928,0,0,0,3,,,,
037929,0,0,0,5,,,,
037930,0,0,0,12,,,,
037932,0,0,0,-124,,,,
037935,0,0,0,-649,,,,
037936,0,0,0,-175,,,,
037937,0,0,0,-50,,,,
037940,0,0,0,-16,,,,
037941,0,0,0,-182,,,,
037942,0,0,0,-12,,,,
037943,0,0,0,-599,,,,
037944,0,0,0,7,,,,
037946,0,0,0,2,,,,
037948,0,0,0,98,,,,
037949,0,0,0,-2,,,,
037954,0,0,0,50,,,,
037956,0,0,0,221,,,,
037959,0,0,0,1,,,,
037961,0,0,0,-1,,,,
037963,0,0,0,9,,,,
037964,0,0,0,228,,,,
037965,0,0,0,8,,,,
037969,0,0,0,72,,,,
037971,0,0,0,15,,,,
037976,0,0,0,574,,,,
037980,0,0,0,6,,,,
037985,0,0,0,15,,,,
037986,0,0,0,303,,,,
037987,0,0,0,1,,,,
037988,0,0,0,-145,,,,
037989,0,0,0,0,,,,
037991,0,0,0,-80,,,,
037992,0,0,0,15,,,,
037993,0,0,0,-213,,,,
037994,0,0,0,-200,,,,
037996,0,0,0,-422,,,,
037997,0,0,0,-277,,,,
037998,0,0,0,-36,,,,
038000,0,0,0,262,,,,
038001,0,0,0,-646,,,,
038002,0,0,0,-37,,,,
038003,0,0,0,5,,,,
038005,0,0,0,156,,,,
038006,0,0,0,-6,,,,
038009,0,0,0,15,,,,
038012,0,0,0,-5,,,,
038015,0,0,0,-2,,,,
038023,0,0,0,3,,,,
038027,0,0,0,1,,,,
038028,0,0,0,10,,,,
038031,0,0,0,26,,,,
038032,0,0,0,96,,,,
038036,0,0,0,-5,,,,
038038,0,0,0,3,,,,
038039,0,0,0,3,,,,
038040,0,0,0,-171,,,,
038041,0,0,0,-103,,,,
038042,0,0,0,-86,,,,
038043,0,0,0,-5,,,,
038047,0,0,0,63,,,,
038048,0,0,0,11,,,,
038051,0,0,0,-5,,,,
038052,0,0,0,-8,,,,
038053,0,0,0,-10,,,,
038055,0,0,0,-71,,,,
038056,0,0,0,45,,,,
038057,0,0,0,6,,,,
038058,0,0,0,4,,,,
038062,0,0,0,1,,,,
038063,0,0,0,9,,,,
038064,0,0,0,-50,,,,
038066,0,0,0,40,,,,
038067,0,0,0,-60,,,,
038068,0,0,0,-3,,,,
038069,0,0,0,2,,,,
038071,0,0,0,570,,,,
038072,0,0,0,0,,,,
038074,0,0,0,-5,,,,
038076,0,0,0,-106,,,,
038077,0,0,0,12,,,,
038078,0,0,0,12,,,,
038079,0,0,0,0,,,,
038080,0,0,0,10,,,,
038082,0,0,0,0,,,,
038084,0,0,0,30,,,,
038085,0,0,0,-10,,,,
038086,0,0,0,-75,,,,
038087,0,0,0,-44,,,,
038088,0,0,0,-95,,,,
038089,0,0,0,-184,,,,
038090,0,0,0,-661,,,,
038091,0,0,0,2,,,,
038094,0,0,0,5,,,,
038095,0,0,0,-5,,,,
038098,0,0,0,10,,,,
038099,0,0,0,189,,,,
038103,0,0,0,-425,,,,
038104,0,0,0,183,,,,
038105,0,0,0,1,,,,
038106,0,0,0,-6,,,,
038107,0,0,0,-94,,,,
038108,0,0,0,-272,,,,
038110,0,0,0,-25,,,,
038111,0,0,0,5,,,,
038115,0,0,0,-354,,,,
038116,0,0,0,382,,,,
038121,0,0,0,4,,,,
038122,0,0,0,100,,,,
038124,0,0,0,-425,,,,
038127,0,0,0,-535,,,,
038130,0,0,0,-79,,,,
038132,0,0,0,1,,,,
038135,0,0,0,70,,,,
038136,0,0,0,-28,,,,
038137,0,0,0,25,,,,
038144,0,0,0,-15,,,,
038145,0,0,0,13,,,,
038146,0,0,0,32,,,,
038147,0,0,0,-19,,,,
038148,0,0,0,-155,,,,
038149,0,0,0,22,,,,
038152,0,0,0,-135,,,,
038153,0,0,0,2,,,,
038157,0,0,0,943,,,,
038158,0,0,0,-72,,,,
038159,0,0,0,569,,,,
038160,0,0,0,-265,,,,
038161,0,0,0,-103,,,,
038162,0,0,0,253,,,,
038164,0,0,0,-30,,,,
038165,0,0,0,18,,,,
038166,0,0,0,33,,,,
038167,0,0,0,-2,,,,
038171,0,0,0,-2,,,,
038172,0,0,0,34,,,,
038173,0,0,0,-28,,,,
038179,0,0,0,-35,,,,
038180,0,0,0,-200,,,,
038181,0,0,0,-1,,,,
038186,0,0,0,54,,,,
038187,0,0,0,26,,,,
038188,0,0,0,93,,,,
038189,0,0,0,7,,,,
038191,0,0,0,-105,,,,
038192,0,0,0,163,,,,
038194,0,0,0,6,,,,
038197,0,0,0,5,,,,
038198,0,0,0,0,,,,
038200,0,0,0,5,,,,
038201,0,0,0,-30,,,,
038202,0,0,0,5,,,,
038203,0,0,0,-56,,,,
038207,0,0,0,10,,,,
038208,0,0,0,-40,,,,
038209,0,0,0,-11,,,,
038212,0,0,0,174,,,,
038215,0,0,0,15,,,,
038216,0,0,0,5,,,,
038217,0,0,0,492,,,,
038220,0,0,0,105,,,,
038221,0,0,0,-16,,,,
038223,0,0,0,56,,,,
038225,0,0,0,2,,,,
038227,0,0,0,35,,,,
038230,0,0,0,-136,,,,
038231,0,0,0,100,,,,
038233,0,0,0,0,,,,
038235,0,0,0,11,,,,
038236,0,0,0,-1,,,,
038237,0,0,0,62,,,,
038238,0,0,0,80,,,,
038239,0,0,0,10,,,,
03823U,0,0,0,-3,,,,
038240,0,0,0,10,,,,
038241,0,0,0,-36,,,,
038243,0,0,0,-491,,,,
038245,0,0,0,5,,,,
038247,0,0,0,-7,,,,
038248,0,0,0,-1214,,,,
038250,0,0,0,62,,,,
038251,0,0,0,500,,,,
038252,0,0,0,121,,,,
038253,0,0,0,0,,,,
038256,0,0,0,-196,,,,
038257,0,0,0,10,,,,
038259,0,0,0,5,,,,
038260,0,0,0,144,,,,
038263,0,0,0,0,,,,
038264,0,0,0,-572,,,,
038265,0,0,0,50,,,,
038269,0,0,0,52,,,,
038271,0,0,0,-500,,,,
038272,0,0,0,-374,,,,
038273,0,0,0,45,,,,
038278,0,0,0,332,,,,
038279,0,0,0,164,,,,
038281,0,0,0,-35,,,,
038284,0,0,0,-44,,,,
038286,0,0,0,200,,,,
038287,0,0,0,74,,,,
03828U,0,0,0,100,,,,
038298,0,0,0,-56,,,,
038301,0,0,0,-10,,,,
038302,0,0,0,-33,,,,
038308,0,0,0,31,,,,
038310,0,0,0,0,,,,
038312,0,0,0,71,,,,
038315,0,0,0,1100,,,,
038316,0,0,0,567,,,,
038317,0,0,0,295,,,,
038318,0,0,0,-284,,,,
038320,0,0,0,-30,,,,
038321,0,0,0,-3,,,,
038322,0,0,0,203,,,,
038323,0,0,0,196,,,,
038324,0,0,0,156,,,,
038326,0,0,0,-83,,,,
038328,0,0,0,-102,,,,
038329,0,0,0,-1251,,,,
038332,1,0,0,-60,,,,
038333,-10,0,0,196,,,,
038334,0,0,0,6,,,,
038335,0,0,0,-4,,,,
038336,0,0,0,1,,,,
038339,0,0,0,30,,,,
038340,0,0,0,-60,,,,
038341,0,0,0,-1,,,,
038342,0,0,0,197,,,,
038344,0,0,0,10,,,,
038345,0,0,0,-1,,,,
038346,0,0,0,-140,,,,
038347,0,0,0,-6,,,,
038349,0,0,0,-46,,,,
038351,0,0,0,35,,,,
038352,0,0,0,12,,,,
038353,0,0,0,-126,,,,
038356,0,0,0,134,,,,
038357,0,0,0,-39,,,,
038358,0,0,0,33,,,,
038359,0,0,0,24,,,,
038360,0,0,0,1,,,,
038361,0,0,0,6,,,,
038363,0,0,0,80,,,,
038364,0,0,0,5,,,,
038366,0,0,0,-11,,,,
038367,0,0,0,-6,,,,
038368,0,0,0,2,,,,
038369,0,0,0,14,,,,
038370,0,0,0,130,,,,
038371,0,0,0,439,,,,
038372,0,0,0,61,,,,
038373,0,0,0,-70,,,,
038375,0,0,0,748,,,,
038376,0,0,0,-19,,,,
038377,0,0,0,-2,,,,
038378,0,0,0,-82,,,,
038385,0,0,0,-7,,,,
038389,0,0,0,-44,,,,
038391,0,0,0,-5,,,,
038395,0,0,0,0,,,,
038397,0,0,0,12,,,,
038398,0,0,0,-165,,,,
038399,0,0,0,-109,,,,
038400,0,0,0,-74,,,,
038401,0,0,0,145,,,,
038402,0,0,0,-22,,,,
038403,0,0,0,2,,,,
038404,0,0,0,2,,,,
038406,0,0,0,3,,,,
038409,0,0,0,37,,,,
038410,0,0,0,-2,,,,
038412,0,0,0,-59,,,,
038413,0,0,0,-20,,,,
038415,0,0,0,239,,,,
038416,0,0,0,5,,,,
038417,0,0,0,37,,,,
038418,0,0,0,-20,,,,
038419,0,0,0,5,,,,
038420,0,0,0,13,,,,
038421,0,0,0,40,,,,
038422,0,0,0,-8,,,,
038424,0,0,0,68,,,,
038426,0,0,0,9,,,,
038428,0,0,0,-52,,,,
038430,0,0,0,-4,,,,
038432,0,0,0,179,,,,
038433,0,0,0,11,,,,
038435,0,0,0,55,,,,
038436,0,0,0,2,,,,
038437,0,0,0,8,,,,
038440,0,0,0,-5,,,,
038441,0,0,0,269,,,,
038444,0,0,0,-5,,,,
038445,0,0,0,-74,,,,
038446,0,0,0,-298,,,,
038447,0,0,0,25,,,,
038448,0,0,0,19,,,,
038449,0,0,0,126,,,,
038454,0,0,0,-96,,,,
038456,100,0,0,-2283,,,,
038460,0,0,0,3,,,,
038463,0,0,0,28,,,,
038464,0,0,0,-370,,,,
038466,0,0,0,8,,,,
038467,0,0,0,0,,,,
038468,0,0,0,-23,,,,
038474,0,0,0,27,,,,
038477,0,0,0,128,,,,
038479,0,0,0,-19,,,,
038480,0,0,0,5,,,,
038482,0,0,0,-350,,,,
038483,0,0,0,-300,,,,
038485,0,0,0,47,,,,
038486,0,0,0,200,,,,
038487,0,0,0,14,,,,
038488,0,0,0,-3,,,,
038489,0,0,0,-217,,,,
038492,0,0,0,-1,,,,
038493,0,0,0,-36,,,,
038494,0,0,0,66,,,,
038496,0,0,0,-90,,,,
038497,0,0,0,23,,,,
038499,0,0,0,47,,,,
038501,0,0,0,-1370,,,,
038502,0,0,0,71,,,,
038503,0,0,0,5,,,,
038504,50,0,0,-9,,,,
038505,0,0,0,316,,,,
038506,0,0,0,-50,,,,
038508,0,0,0,22,,,,
038510,0,0,0,21,,,,
038511,0,0,0,-33,,,,
038512,0,0,0,0,,,,
038513,0,0,0,145,,,,
038514,0,0,0,1,,,,
038515,0,0,0,20,,,,
038517,0,0,0,-497,,,,
038518,0,0,0,36,,,,
038519,0,0,0,1,,,,
038521,0,0,0,2,,,,
038523,0,0,0,-5,,,,
038524,0,0,0,372,,,,
038525,0,0,0,-19,,,,
038526,0,0,0,95,,,,
038528,0,0,0,465,,,,
038529,0,0,0,-168,,,,
038530,0,0,0,40,,,,
038531,0,0,0,-2,,,,
038532,0,0,0,44,,,,
038533,0,0,0,-50,,,,
038534,0,0,0,115,,,,
038535,0,0,0,8,,,,
038537,0,0,0,64,,,,
038538,0,0,0,-152,,,,
038539,0,0,0,-110,,,,
038540,0,0,0,-16,,,,
038542,0,0,0,-233,,,,
038543,0,0,0,197,,,,
038547,0,0,0,206,,,,
038548,0,0,0,-50,,,,
03854U,0,0,0,-28,,,,
038556,0,0,0,-14,,,,
038558,0,0,0,-5,,,,
038559,0,0,0,-187,,,,
038560,0,0,0,35,,,,
038561,0,0,0,-71,,,,
038562,0,0,0,-177,,,,
038563,0,0,0,163,,,,
038564,0,0,0,-34,,,,
038566,0,0,0,-533,,,,
038567,0,0,0,-3,,,,
038569,0,0,0,640,,,,
038570,0,0,0,33,,,,
038571,0,0,0,-87,,,,
038572,0,0,0,33,,,,
038573,0,0,0,-342,,,,
038574,0,0,0,-246,,,,
038576,0,0,0,-577,,,,
038577,0,0,0,5,,,,
038580,0,0,0,-236,,,,
038581,0,0,0,-12,,,,
038583,0,0,0,-3,,,,
038584,0,0,0,50,,,,
038586,0,0,0,23,,,,
038587,0,0,0,48,,,,
038590,0,0,0,27,,,,
038592,0,0,0,1,,,,
038594,0,0,0,-2,,,,
038595,0,0,0,-23,,,,
038599,0,0,0,-41,,,,
038600,0,0,0,-78,,,,
038601,0,0,0,122,,,,
038602,0,0,0,-2,,,,
038603,0,0,0,-21,,,,
038607,0,0,0,221,,,,
038608,0,0,0,-230,,,,
038611,0,0,0,1,,,,
038612,0,0,0,0,,,,
038613,0,0,0,-29,,,,
038615,0,0,0,20,,,,
038616,0,0,0,100,,,,
038618,0,0,0,-26,,,,
038622,0,0,0,48,,,,
038623,0,0,0,183,,,,
038628,0,0,0,49,,,,
038629,0,0,0,0,,,,
038630,0,0,0,-54,,,,
038631,0,0,0,1,,,,
038634,0,0,0,-25,,,,
038635,0,0,0,-151,,,,
038637,0,0,0,-200,,,,
038640,0,0,0,-41,,,,
038641,0,0,0,17,,,,
038643,0,0,0,12,,,,
038644,0,0,0,-104,,,,
038646,0,0,0,36,,,,
038652,0,0,0,-30,,,,
038653,0,0,0,1389,,,,
038654,0,0,0,0,,,,
038657,0,0,0,143,,,,
038658,0,0,0,-20,,,,
038659,0,0,0,-84,,,,
038660,0,0,0,321,,,,
038661,0,0,0,48,,,,
038662,0,0,0,342,,,,
038663,0,0,0,248,,,,
038664,0,0,0,-5,,,,
038665,0,0,0,-24,,,,
038666,0,0,0,-10,,,,
038668,0,0,0,-55,,,,
038669,0,0,0,-599,,,,
038671,0,0,0,-306,,,,
038674,0,0,0,20,,,,
038676,0,0,0,-1,,,,
038677,0,0,0,-5,,,,
038678,0,0,0,-7,,,,
038679,0,0,0,-57,,,,
038680,0,0,0,295,,,,
038681,0,0,0,124,,,,
038682,0,0,0,5,,,,
038683,0,0,0,-257,,,,
038684,0,0,0,-53,,,,
038685,0,0,0,-5,,,,
038686,0,0,0,-2,,,,
038689,0,0,0,11,,,,
038692,0,0,0,441,,,,
038695,0,0,0,92,,,,
038699,0,0,0,15,,,,
038700,0,0,0,71,,,,
038701,0,0,0,-17,,,,
038705,0,0,0,-1,,,,
038706,0,0,0,-151,,,,
038707,0,0,0,-68,,,,
038708,0,0,0,20,,,,
038709,0,0,0,-2,,,,
038710,0,0,0,-46,,,,
038711,0,0,0,45,,,,
038712,0,0,0,192,,,,
038713,0,0,0,10,,,,
038715,0,0,0,-5,,,,
038717,0,0,0,-10,,,,
038718,0,0,0,10,,,,
038721,0,0,0,344,,,,
038722,0,0,0,44,,,,
038726,0,0,0,-100,,,,
038729,0,0,0,-136,,,,
038730,0,0,0,-50,,,,
038731,0,0,0,69,,,,
038732,0,0,0,0,,,,
038735,0,0,0,100,,,,
038737,0,0,0,-25,,,,
038738,0,0,0,51,,,,
038739,0,0,0,-364,,,,
038740,0,0,0,31,,,,
038741,0,0,0,4,,,,
038742,0,0,0,6,,,,
038744,0,0,0,-316,,,,
038745,0,0,0,-1,,,,
038746,0,0,0,10,,,,
038748,0,0,0,-30,,,,
038749,0,0,0,-111,,,,
038750,0,0,0,-299,,,,
038751,0,0,0,-22,,,,
038753,0,0,0,530,,,,
038754,0,0,0,30,,,,
038755,0,0,0,4,,,,
038758,0,0,0,-8,,,,
038760,0,0,0,13,,,,
038761,0,0,0,5,,,,
038762,0,0,0,82,,,,
038763,0,0,0,10,,,,
038764,0,0,0,-171,,,,
038765,0,0,0,-71,,,,
038768,0,0,0,607,,,,
038770,0,0,0,-235,,,,
038771,0,0,0,-30,,,,
038772,0,0,0,10,,,,
038776,0,0,0,65,,,,
038779,0,0,0,-406,,,,
038783,0,0,0,4,,,,
038785,0,0,0,151,,,,
038786,0,0,0,-65,,,,
038787,0,0,0,-13,,,,
038788,0,0,0,10,,,,
038789,0,0,0,4,,,,
038790,0,0,0,-270,,,,
038791,0,0,0,-5,,,,
038792,0,0,0,4,,,,
038795,0,0,0,74,,,,
038796,0,0,0,140,,,,
038802,0,0,0,-80,,,,
038803,0,0,0,-120,,,,
038806,0,0,0,10,,,,
038808,0,0,0,-97,,,,
038810,0,0,0,-78,,,,
038811,0,0,0,-163,,,,
038812,0,0,0,128,,,,
038813,0,0,0,-8,,,,
038814,0,0,0,-309,,,,
038815,0,0,0,-194,,,,
038816,0,0,0,-365,,,,
038817,0,0,0,434,,,,
038818,0,0,0,-161,,,,
038819,0,0,0,-125,,,,
038821,0,0,0,12,,,,
038822,0,0,0,226,,,,
038824,0,0,0,104,,,,
038825,0,0,0,-49,,,,
038826,0,0,0,-164,,,,
038828,0,0,0,-7,,,,
038831,0,0,0,-142,,,,
038832,0,0,0,-1004,,,,
038833,0,0,0,-33,,,,
038839,0,0,0,-32,,,,
038841,0,0,0,-589,,,,
038843,0,0,0,-254,,,,
038844,0,0,0,-28,,,,
038845,0,0,0,-13,,,,
038846,0,0,0,722,,,,
038847,0,0,0,-48,,,,
038848,0,0,0,-139,,,,
038849,0,0,0,137,,,,
038850,0,0,0,11,,,,
038854,0,0,0,-263,,,,
038857,0,0,0,-10,,,,
038859,0,0,0,-899,,,,
038860,0,0,0,-235,,,,
038861,0,0,0,5,,,,
038862,0,0,0,-266,,,,
038864,0,0,0,-20,,,,
038867,0,0,0,-40,,,,
038868,0,0,0,175,,,,
038870,0,0,0,-118,,,,
038872,0,0,0,-527,,,,
038873,0,0,0,-355,,,,
038874,0,0,0,-29,,,,
038875,0,0,0,599,,,,
038876,0,0,0,250,,,,
038877,0,0,0,-25,,,,
038878,0,0,0,10,,,,
038879,0,0,0,-65,,,,
038880,0,0,0,589,,,,
038885,0,0,0,-16,,,,
038886,0,0,0,35,,,,
038888,0,0,0,-66,,,,
038892,0,0,0,386,,,,
038893,0,0,0,1,,,,
038894,0,0,0,-514,,,,
038895,0,0,0,140,,,,
038896,0,0,0,41,,,,
038897,0,0,0,5,,,,
038900,0,0,0,154,,,,
038902,0,0,0,-6,,,,
038903,0,0,0,-79,,,,
038904,0,0,0,-87,,,,
038905,0,0,0,12,,,,
038906,0,0,0,-364,,,,
038909,0,0,0,-186,,,,
038914,0,0,0,0,,,,
038916,0,0,0,-2,,,,
038920,0,0,0,-33,,,,
038921,0,0,0,7,,,,
038923,0,0,0,31,,,,
038925,0,0,0,14,,,,
038927,0,0,0,7,,,,
038934,0,0,0,-12,,,,
038935,0,0,0,-28,,,,
038938,0,0,0,-31,,,,
038939,0,0,0,35,,,,
038942,0,0,0,544,,,,
038945,0,0,0,30,,,,
038946,0,0,0,-46,,,,
038948,0,0,0,-10,,,,
038949,0,0,0,87,,,,
038951,0,0,0,-409,,,,
038953,0,0,0,13,,,,
038954,0,0,0,-172,,,,
038955,0,0,0,49,,,,
038957,0,0,0,260,,,,
038959,0,0,0,126,,,,
038963,0,0,0,5,,,,
038965,0,0,0,96,,,,
038966,0,0,0,10,,,,
038967,0,0,0,212,,,,
038969,0,0,0,-504,,,,
038971,0,0,0,82,,,,
038972,0,0,0,-37,,,,
038973,0,0,0,225,,,,
038974,0,0,0,7,,,,
038976,0,0,0,-4,,,,
038977,0,0,0,-636,,,,
038978,0,0,0,60,,,,
038979,0,0,0,76,,,,
038980,0,0,0,12,,,,
038981,0,0,0,-130,,,,
038982,0,0,0,-146,,,,
038986,0,0,0,10,,,,
038987,0,0,0,86,,,,
038988,0,0,0,-1,,,,
038991,0,0,0,329,,,,
038992,0,0,0,110,,,,
038993,0,0,0,-21,,,,
038994,0,0,0,-76,,,,
038995,0,0,0,15,,,,
038996,0,0,0,0,,,,
038997,0,0,0,36,,,,
038998,0,0,0,484,,,,
039000,0,0,0,211,,,,
039001,0,0,0,57,,,,
039005,0,0,0,255,,,,
039006,0,0,0,-102,,,,
039007,0,0,0,-79,,,,
039008,0,0,0,-27,,,,
039009,0,0,0,-372,,,,
039010,0,0,0,0,,,,
039011,0,0,0,-306,,,,
039012,0,0,0,659,,,,
039014,0,0,0,-5,,,,
039015,0,0,0,-165,,,,
039016,0,0,0,18,,,,
039017,0,0,0,-16,,,,
039018,0,0,0,-86,,,,
039019,0,0,0,60,,,,
039020,0,0,0,308,,,,
039021,0,0,0,91,,,,
039023,0,0,0,283,,,,
039026,0,0,0,-62,,,,
039027,0,0,0,-5,,,,
039028,0,0,0,875,,,,
039029,0,0,0,-345,,,,
039031,0,0,0,-71,,,,
039032,0,0,0,-118,,,,
039033,0,0,0,-19,,,,
039034,0,0,0,-2,,,,
039035,0,0,0,22,,,,
039036,0,0,0,-20,,,,
039037,0,0,0,-10,,,,
039040,0,0,0,0,,,,
039042,0,0,0,-6,,,,
039043,0,0,0,-2,,,,
039044,0,0,0,-75,,,,
039045,0,0,0,204,,,,
039046,0,0,0,76,,,,
039048,0,0,0,-25,,,,
039049,0,0,0,-10,,,,
039050,0,0,0,2,,,,
039051,0,0,0,-41,,,,
039052,0,0,0,89,,,,
039056,0,0,0,-539,,,,
039057,0,0,0,233,,,,
039060,0,0,0,-30,,,,
039061,0,0,0,-28,,,,
039062,0,0,0,48,,,,
039063,0,0,0,-200,,,,
039065,0,0,0,35,,,,
039066,0,0,0,-189,,,,
039067,0,0,0,0,,,,
039068,0,0,0,-522,,,,
039069,0,0,0,54,,,,
039070,0,0,0,30,,,,
039071,0,0,0,-189,,,,
039072,0,0,0,52,,,,
039073,0,0,0,-38,,,,
039074,0,0,0,-250,,,,
039076,0,0,0,10,,,,
039078,0,0,0,0,,,,
039079,0,0,0,-139,,,,
039081,0,0,0,101,,,,
039082,0,0,0,35,,,,
039083,0,0,0,9,,,,
039084,0,0,0,150,,,,
039085,0,0,0,-197,,,,
039086,0,0,0,97,,,,
039087,0,0,0,-94,,,,
039088,0,0,0,64,,,,
039089,0,0,0,-139,,,,
039090,0,0,0,10,,,,
039091,0,0,0,-10,,,,
039093,0,0,0,5,,,,
039099,0,0,0,498,,,,
039100,0,0,0,-15,,,,
039102,0,0,0,21,,,,
039104,0,0,0,-22,,,,
039105,0,0,0,77,,,,
039106,0,0,0,76,,,,
039109,0,0,0,-235,,,,
039111,0,0,0,208,,,,
039113,0,0,0,-94,,,,
039115,0,0,0,2,,,,
039117,0,0,0,2,,,,
039118,0,0,0,-4,,,,
039119,0,0,0,-20,,,,
039120,0,0,0,-12,,,,
039121,0,0,0,24,,,,
039122,0,0,0,350,,,,
039124,0,0,0,13,,,,
039125,0,0,0,5,,,,
039127,0,0,0,-108,,,,
039132,0,0,0,-85,,,,
039133,0,0,0,-17,,,,
039135,0,0,0,-91,,,,
039136,0,0,0,-2,,,,
039137,0,0,0,-25,,,,
039138,0,0,0,-86,,,,
039141,0,0,0,-55,,,,
039142,0,0,0,66,,,,
039143,0,0,0,9,,,,
039144,0,0,0,-755,,,,
039146,0,0,0,-220,,,,
039150,0,0,0,-35,,,,
039156,0,0,0,1959,,,,
039157,0,0,0,168,,,,
039158,0,0,0,-168,,,,
039160,0,0,0,255,,,,
039161,0,0,0,29,,,,
039162,0,0,0,4,,,,
039163,0,0,0,27,,,,
039164,0,0,0,-36,,,,
039165,0,0,0,-155,,,,
039166,0,0,0,15,,,,
039167,0,0,0,-156,,,,
039169,0,0,0,75,,,,
039174,0,0,0,-256,,,,
039175,0,0,0,-110,,,,
039178,0,0,0,-10,,,,
039179,0,0,0,-87,,,,
039181,0,0,0,-24,,,,
039182,0,0,0,-8,,,,
039185,0,0,0,-94,,,,
039186,0,0,0,-466,,,,
039187,0,0,0,-69,,,,
039191,0,0,0,2,,,,
039194,0,0,0,-304,,,,
039195,0,0,0,-103,,,,
039196,0,0,0,-644,,,,
039198,0,0,0,60,,,,
039199,0,0,0,7,,,,
039200,0,0,0,-55,,,,
039202,0,0,0,-40,,,,
039205,0,0,0,1296,,,,
039208,0,0,0,0,,,,
039212,0,0,0,0,,,,
039215,0,0,0,79,,,,
039216,0,0,0,-35,,,,
039217,0,0,0,-344,,,,
039218,0,0,0,142,,,,
039222,0,0,0,-100,,,,
039223,0,0,0,10,,,,
039224,0,0,0,5,,,,
039227,0,0,0,-33,,,,
039229,0,0,0,55,,,,
039231,0,0,0,-158,,,,
039234,0,0,0,-12,,,,
039236,0,0,0,7,,,,
039237,0,0,0,95,,,,
039238,0,0,0,-899,,,,
039239,0,0,0,-5,,,,
039240,0,0,0,0,,,,
039241,0,0,0,-386,,,,
039242,0,0,0,-89,,,,
039243,0,0,0,271,,,,
039245,0,0,0,203,,,,
039246,0,0,0,-10,,,,
039247,0,0,0,-88,,,,
039252,0,0,0,-2,,,,
039254,0,0,0,-2,,,,
039255,0,0,0,50,,,,
039257,0,0,0,16,,,,
039258,0,0,0,270,,,,
039259,0,0,0,-40,,,,
039263,0,0,0,-100,,,,
039265,0,0,0,19,,,,
039266,0,0,0,-57,,,,
039269,0,0,0,-21,,,,
039270,0,0,0,171,,,,
039271,0,0,0,-1367,,,,
039279,0,0,0,-56,,,,
03927U,0,0,0,63,,,,
039280,0,0,0,-133,,,,
039281,0,0,0,8,,,,
039282,0,0,0,-406,,,,
039284,0,0,0,-6,,,,
039287,0,0,0,413,,,,
039288,0,0,0,10,,,,
039289,0,0,0,903,,,,
039291,0,0,0,-32,,,,
039292,0,0,0,-254,,,,
039295,0,0,0,-15,,,,
039296,0,0,0,-8,,,,
039297,0,0,0,-22,,,,
039298,0,0,0,20,,,,
039299,0,0,0,-70,,,,
039300,0,0,0,290,,,,
039301,0,0,0,-26,,,,
039305,0,0,0,10,,,,
039306,0,0,0,-355,,,,
039307,0,0,0,-69,,,,
039309,0,0,0,-21,,,,
039310,0,0,0,-70,,,,
039312,0,0,0,3,,,,
039314,0,0,0,-284,,,,
039317,0,0,0,-50,,,,
039320,0,0,0,40,,,,
039321,0,0,0,6,,,,
039322,0,0,0,10,,,,
039326,0,0,0,70,,,,
039328,0,0,0,-110,,,,
039329,0,0,0,-20,,,,
039330,0,0,0,13,,,,
039332,0,0,0,-364,,,,
039334,0,0,0,135,,,,
039336,0,0,0,-10,,,,
039337,0,0,0,-37,,,,
039338,0,0,0,16,,,,
039339,0,0,0,632,,,,
039340,0,0,0,-117,,,,
039341,0,0,0,20,,,,
039343,0,0,0,109,,,,
039344,0,0,0,24,,,,
039345,0,0,0,-19,,,,
039346,0,0,0,542,,,,
039348,0,0,0,-81,,,,
039349,0,0,0,-1397,,,,
039351,0,0,0,9,,,,
039352,0,0,0,44,,,,
039353,0,0,0,2,,,,
039354,0,0,0,392,,,,
039355,0,0,0,47,,,,
039356,0,0,0,8,,,,
039357,0,0,0,-5,,,,
039358,0,0,0,-49,,,,
039359,0,0,0,-6,,,,
039362,0,0,0,0,,,,
039366,0,0,0,-72,,,,
039367,0,0,0,80,,,,
039368,0,0,0,48,,,,
039369,0,0,0,73,,,,
039370,0,0,0,-10,,,,
039371,0,0,0,-340,,,,
039372,0,0,0,-2,,,,
039377,0,0,0,-140,,,,
039378,0,0,0,112,,,,
039379,0,0,0,2,,,,
039380,0,0,0,-45,,,,
039381,0,0,0,34,,,,
039382,0,0,0,5,,,,
039383,0,0,0,-352,,,,
039385,0,0,0,97,,,,
039386,0,0,0,51,,,,
039387,0,0,0,-10,,,,
039388,0,0,0,70,,,,
039389,0,0,0,-24,,,,
039392,0,0,0,25,,,,
039393,0,0,0,50,,,,
039394,0,0,0,35,,,,
039395,0,0,0,4,,,,
039396,0,0,0,24,,,,
039397,0,0,0,4,,,,
039398,0,0,0,19,,,,
039401,0,0,0,-36,,,,
039403,0,0,0,10,,,,
039407,0,0,0,75,,,,
039408,0,0,0,137,,,,
039412,0,0,0,-88,,,,
039414,0,0,0,-345,,,,
039415,0,0,0,-369,,,,
039416,0,0,0,30,,,,
039417,0,0,0,129,,,,
039418,0,0,0,-151,,,,
039419,0,0,0,49,,,,
039420,0,0,0,2,,,,
039421,0,0,0,-632,,,,
039422,0,0,0,-300,,,,
039424,0,0,0,-812,,,,
039426,0,0,0,-21,,,,
039427,0,0,0,127,,,,
039429,0,0,0,-1,,,,
039430,0,0,0,110,,,,
039432,0,0,0,-20,,,,
039434,0,0,0,596,,,,
039435,0,0,0,195,,,,
039439,0,0,0,102,,,,
039440,0,0,0,129,,,,
039441,0,0,0,196,,,,
039444,0,0,0,-28,,,,
039445,0,0,0,-120,,,,
039446,0,0,0,-40,,,,
039447,0,0,0,5,,,,
039448,0,0,0,501,,,,
039449,0,0,0,-50,,,,
039450,0,0,0,36,,,,
039453,0,0,0,-31,,,,
039454,0,0,0,-57,,,,
039455,0,0,0,44,,,,
039456,0,0,0,-381,,,,
039458,0,0,0,-61,,,,
039459,0,0,0,11,,,,
039460,0,0,0,-352,,,,
039461,0,0,0,80,,,,
039462,0,0,0,68,,,,
039463,0,0,0,-605,,,,
039466,0,0,0,3,,,,
039467,0,0,0,-677,,,,
039468,0,0,0,50,,,,
039471,0,0,0,536,,,,
039472,0,0,0,299,,,,
039473,0,0,0,618,,,,
039475,0,0,0,20,,,,
039477,0,0,0,301,,,,
039478,0,0,0,-50,,,,
039479,0,0,0,78,,,,
039480,0,0,0,-39,,,,
039481,0,0,0,-20,,,,
039482,0,0,0,10,,,,
039484,0,0,0,5,,,,
039485,0,0,0,-10,,,,
039486,0,0,0,-1,,,,
039487,0,0,0,20,,,,
039488,0,0,0,40,,,,
039489,0,0,0,127,,,,
039490,0,0,0,109,,,,
039491,0,0,0,-50,,,,
039492,0,0,0,97,,,,
039493,0,0,0,1,,,,
039494,0,0,0,-116,,,,
039495,0,0,0,174,,,,
039497,0,0,0,-482,,,,
039499,0,0,0,10,,,,
039503,0,0,0,-117,,,,
039505,0,0,0,-7,,,,
039506,0,0,0,466,,,,
039507,0,0,0,507,,,,
039509,0,0,0,-162,,,,
039510,0,0,0,35,,,,
039511,0,0,0,378,,,,
039514,0,0,0,-393,,,,
039515,0,0,0,-232,,,,
039516,0,0,0,69,,,,
039517,0,0,0,41,,,,
039518,0,0,0,262,,,,
039520,0,0,0,7,,,,
039524,0,0,0,-39,,,,
039525,0,0,0,72,,,,
039526,0,0,0,13,,,,
039527,0,0,0,-8,,,,
039528,0,0,0,21,,,,
039529,0,0,0,180,,,,
03952U,0,0,0,-20,,,,
039530,0,0,0,-120,,,,
039532,0,0,0,-5,,,,
039533,0,0,0,55,,,,
039534,0,0,0,-19,,,,
039536,0,0,0,-296,,,,
039538,0,0,0,-150,,,,
039539,0,0,0,-130,,,,
039540,0,0,0,-35,,,,
039541,0,0,0,-618,,,,
039542,0,0,0,-107,,,,
039543,0,0,0,20,,,,
039545,0,0,0,-9,,,,
039547,0,0,0,-374,,,,
039551,0,0,0,-10,,,,
039555,0,0,0,20,,,,
039556,0,0,0,-115,,,,
039557,0,0,0,-224,,,,
039558,0,0,0,-181,,,,
039559,0,0,0,-213,,,,
039560,0,0,0,-461,,,,
039563,0,0,0,5,,,,
039564,0,0,0,-200,,,,
039570,0,0,0,7,,,,
039572,0,0,0,-105,,,,
039573,0,0,0,-3,,,,
039574,0,0,0,-911,,,,
039575,0,0,0,-20,,,,
039577,0,0,0,-3519,,,,
039578,0,0,0,12,,,,
039579,0,0,0,73,,,,
039580,0,0,0,4,,,,
039582,0,0,0,7,,,,
039583,0,0,0,-25,,,,
039584,0,0,0,-20,,,,
039585,0,0,0,12,,,,
039586,0,0,0,114,,,,
039587,0,0,0,868,,,,
039589,0,0,0,24,,,,
03958C,0,0,0,32,,,,
039590,0,0,0,-287,,,,
039591,0,0,0,-17,,,,
039592,0,0,0,125,,,,
039593,0,0,0,-26,,,,
039594,0,0,0,5,,,,
039597,0,0,0,-1,,,,
039599,0,0,0,25,,,,
039601,0,0,0,-24,,,,
039603,0,0,0,91,,,,
039604,0,0,0,6,,,,
039605,0,0,0,14,,,,
039606,0,0,0,-20,,,,
039607,0,0,0,12,,,,
039608,0,0,0,318,,,,
039609,0,0,0,-202,,,,
039610,0,0,0,333,,,,
039611,0,0,0,1497,,,,
039612,0,0,0,556,,,,
039613,0,0,0,-110,,,,
039614,0,0,0,3,,,,
039615,0,0,0,-18,,,,
039616,0,0,0,-181,,,,
039617,0,0,0,299,,,,
039620,0,0,0,10,,,,
039624,0,0,0,30,,,,
039625,0,0,0,46,,,,
039626,0,0,0,47,,,,
039627,0,0,0,-23,,,,
039628,0,0,0,-45,,,,
039629,0,0,0,25,,,,
039630,0,0,0,0,,,,
039635,0,0,0,1,,,,
039636,0,0,0,-7,,,,
039637,0,0,0,-33,,,,
039638,0,0,0,20,,,,
039639,0,0,0,70,,,,
039641,0,0,0,-100,,,,
039642,0,0,0,-3,,,,
039643,0,0,0,20,,,,
039644,0,0,0,22,,,,
039645,0,0,0,-49,,,,
039647,0,0,0,3,,,,
039650,0,0,0,6,,,,
039652,0,0,0,-328,,,,
039653,0,0,0,144,,,,
039657,0,0,0,-134,,,,
039658,0,0,0,-154,,,,
039660,0,0,0,-150,,,,
039661,0,0,0,0,,,,
039663,0,0,0,20,,,,
039668,0,0,0,1,,,,
039669,0,0,0,23,,,,
039674,0,0,0,319,,,,
039675,0,0,0,22,,,,
039676,0,0,0,530,,,,
039678,0,0,0,4,,,,
039679,2,0,0,-153,,,,
039680,0,0,0,13,,,,
039681,0,0,0,-2,,,,
039682,0,0,0,-1,,,,
039687,0,0,0,18,,,,
039688,0,0,0,2,,,,
039689,0,0,0,-496,,,,
039690,0,0,0,-488,,,,
039691,0,0,0,243,,,,
039692,0,0,0,-388,,,,
039693,0,0,0,177,,,,
039695,0,0,0,-50,,,,
039696,0,0,0,22,,,,
039697,0,0,0,49,,,,
039698,0,0,0,-25,,,,
039699,0,0,0,-126,,,,
039701,0,0,0,193,,,,
039702,0,0,0,18,,,,
039703,0,0,0,-46,,,,
039704,0,0,0,0,,,,
039705,0,0,0,-68,,,,
039706,0,0,0,21,,,,
039708,0,0,0,2,,,,
039709,0,0,0,2,,,,
039710,0,0,0,-42,,,,
039718,0,0,0,60,,,,
039719,0,0,0,-4,,,,
039722,0,0,0,-134,,,,
039723,0,0,0,23,,,,
039724,0,0,0,-467,,,,
039725,0,0,0,6,,,,
039729,0,0,0,-23,,,,
03972C,0,0,0,135,,,,
039731,0,0,0,160,,,,
039733,0,0,0,19,,,,
039735,0,0,0,-25,,,,
039736,0,0,0,-2,,,,
039737,0,0,0,1,,,,
039738,0,0,0,1258,,,,
039739,0,0,0,-23,,,,
03973C,0,0,0,-20,,,,
03973U,0,0,0,-150,,,,
039742,0,0,0,-96,,,,
039744,0,0,0,-102,,,,
039745,0,0,0,-3,,,,
039746,0,0,0,-193,,,,
039747,0,0,0,254,,,,
039748,0,0,0,0,,,,
039750,0,0,0,16,,,,
039751,0,0,0,116,,,,
039752,0,0,0,21,,,,
039755,0,0,0,-181,,,,
039756,0,0,0,-98,,,,
039758,0,0,0,57,,,,
039759,0,0,0,1,,,,
03975C,0,0,0,-800,,,,
039760,0,0,0,-105,,,,
039761,0,0,0,-324,,,,
039762,0,0,0,-66,,,,
039763,0,0,0,-549,,,,
039764,0,0,0,-77,,,,
039766,0,0,0,-173,,,,
039768,0,0,0,-40,,,,
039769,0,0,0,20,,,,
039770,0,0,0,50,,,,
039771,0,0,0,-23,,,,
039773,0,0,0,-27,,,,
039774,71,0,0,2,,,,
039775,0,0,0,30,,,,
039776,0,0,0,29,,,,
039777,0,0,0,-968,,,,
039779,0,0,0,0,,,,
039780,0,0,0,69,,,,
039782,0,0,0,10,,,,
039784,0,0,0,-36,,,,
039785,0,0,0,0,,,,
039788,0,0,0,1,,,,
039791,0,0,0,90,,,,
039792,0,0,0,-20,,,,
039793,0,0,0,-61,,,,
039794,0,0,0,108,,,,
039798,0,0,0,1,,,,
039799,0,0,0,49,,,,
039800,0,0,0,107,,,,
039803,0,0,0,259,,,,
039804,0,0,0,-79,,,,
039805,0,0,0,-64,,,,
039806,0,0,0,-2,,,,
039807,0,0,0,-399,,,,
039808,0,0,0,998,,,,
039809,0,0,0,3,,,,
039812,0,0,0,289,,,,
039813,0,0,0,-129,,,,
039814,0,0,0,-82,,,,
039815,0,0,0,-1861,,,,
039816,0,0,0,488,,,,
039817,0,0,0,2,,,,
039818,0,0,0,31,,,,
039819,0,0,0,29,,,,
039820,0,0,0,49,,,,
039821,0,0,0,-119,,,,
039822,0,0,0,36,,,,
039823,0,0,0,10,,,,
039825,0,0,0,225,,,,
039826,0,0,0,-415,,,,
039828,0,0,0,-4,,,,
039829,0,0,0,71,,,,
039830,0,0,0,-76,,,,
039833,0,0,0,-303,,,,
039834,0,0,0,-36,,,,
039835,0,0,0,-56,,,,
039837,0,0,0,8,,,,
039838,0,0,0,1,,,,
039840,0,0,0,4,,,,
039841,0,0,0,116,,,,
039842,0,0,0,174,,,,
039848,0,0,0,-7,,,,
039849,0,0,0,-241,,,,
039850,0,0,0,2,,,,
039852,0,0,0,1511,,,,
039853,0,0,0,-4,,,,
039854,0,0,0,1,,,,
039855,0,0,0,-107,,,,
039857,0,0,0,-7,,,,
03985C,0,0,0,-1,,,,
039860,0,0,0,5,,,,
039862,0,0,0,12,,,,
039863,0,0,0,-438,,,,
039865,0,0,0,-205,,,,
039866,0,0,0,-510,,,,
039868,0,0,0,50,,,,
039869,0,0,0,5,,,,
03986C,0,0,0,1,,,,
039871,0,0,0,-160,,,,
039872,0,0,0,2,,,,
039875,0,0,0,1,,,,
039876,0,0,0,35,,,,
039877,0,0,0,-140,,,,
039878,0,0,0,209,,,,
039879,0,0,0,90,,,,
03987C,0,0,0,-3,,,,
039880,0,0,0,77,,,,
039882,0,0,0,6,,,,
039883,0,0,0,2,,,,
039884,0,0,0,5,,,,
039885,0,0,0,-10,,,,
039886,0,0,0,14,,,,
039887,0,0,0,-173,,,,
039888,0,0,0,-222,,,,
039889,0,0,0,-174,,,,
039890,0,0,0,-9,,,,
039891,0,0,0,19,,,,
039893,0,0,0,-1464,,,,
039894,0,0,0,-84,,,,
039895,0,0,0,-49,,,,
039898,0,0,0,17,,,,
039899,0,0,0,4,,,,
039903,0,0,0,-31,,,,
039905,0,0,0,-393,,,,
039906,0,0,0,-2,,,,
039909,0,0,0,-11,,,,
039910,0,0,0,-1995,,,,
039911,0,0,0,-520,,,,
039912,0,0,0,-856,,,,
039913,0,0,0,-2636,,,,
039915,0,0,0,11,,,,
039916,0,0,0,9,,,,
039917,0,0,0,179,,,,
039918,0,0,0,73,,,,
039919,0,0,0,1,,,,
039921,0,0,0,-2,,,,
039924,0,0,0,-143,,,,
039925,0,0,0,-21,,,,
039927,0,0,0,59,,,,
039928,0,0,0,-1,,,,
039929,0,0,0,-35,,,,
03992C,0,0,0,-1,,,,
03992U,0,0,0,-147,,,,
039930,0,0,0,0,,,,
039931,0,0,0,-66,,,,
039932,0,0,0,5,,,,
039934,0,0,0,107,,,,
039935,0,0,0,-3,,,,
039937,0,0,0,-14,,,,
039938,0,0,0,-59,,,,
039939,0,0,0,20,,,,
03993C,0,0,0,-32,,,,
039940,0,0,0,283,,,,
039943,0,0,0,4,,,,
039944,0,0,0,12,,,,
039945,0,0,0,77,,,,
039946,0,0,0,92,,,,
039947,0,0,0,-29,,,,
039948,0,0,0,320,,,,
03994C,0,0,0,-1996,,,,
03994U,0,0,0,-10,,,,
039950,0,0,0,80,,,,
039953,0,0,0,-98,,,,
039954,0,0,0,84,,,,
039956,0,0,0,4,,,,
039957,0,0,0,2,,,,
039959,0,0,0,-11,,,,
03995C,0,0,0,55,,,,
039960,0,0,0,41,,,,
039961,0,0,0,104,,,,
039962,0,0,0,-677,,,,
039963,0,0,0,-71,,,,
039964,0,0,0,105,,,,
039965,0,0,0,3,,,,
039966,0,0,0,-25,,,,
039967,0,0,0,6,,,,
039968,0,0,0,98,,,,
039969,0,0,0,-10,,,,
03996C,0,0,0,-3974,,,,
039971,0,0,0,0,,,,
039972,0,0,0,-53,,,,
039974,0,0,0,49,,,,
039977,0,0,0,10,,,,
039979,0,0,0,-20,,,,
03997C,0,0,0,1,,,,
039980,0,0,0,-560,,,,
039983,0,0,0,183,,,,
039984,0,0,0,37,,,,
039985,0,0,0,4,,,,
039986,0,0,0,15,,,,
039987,0,0,0,11,,,,
039988,0,0,0,20,,,,
039989,0,0,0,-1,,,,
039990,0,0,0,-7,,,,
039992,0,0,0,283,,,,
039994,0,0,0,58,,,,
039995,0,0,0,14,,,,
039996,0,0,0,94,,,,
039999,0,0,0,-74,,,,
03999C,0,0,0,-5184,,,,
040000,0,0,0,71,,,,
040001,0,0,0,160,,,,
040002,0,0,0,371,,,,
040003,0,0,0,15,,,,
040004,0,0,0,-1,,,,
040006,0,0,0,-77,,,,
040007,0,0,0,29,,,,
040008,0,0,0,99,,,,
040009,0,0,0,117,,,,
04000U,0,0,0,6,,,,
040010,0,0,0,-11,,,,
040011,0,0,0,98,,,,
040012,0,0,0,-59,,,,
040013,0,0,0,8,,,,
040014,0,0,0,-30,,,,
040015,0,0,0,62,,,,
040016,0,0,0,-25,,,,
040018,0,0,0,-40,,,,
040019,0,0,0,0,,,,
040020,0,0,0,8,,,,
040022,0,0,0,-11,,,,
040023,0,0,0,17,,,,
040024,0,0,0,93,,,,
040030,0,0,0,-3,,,,
040031,0,0,0,2,,,,
040033,0,0,0,-105,,,,
040034,0,0,0,-2,,,,
040037,0,0,0,2,,,,
040038,0,0,0,-1,,,,
040039,0,0,0,10,,,,
040040,0,0,0,144,,,,
040041,0,0,0,47,,,,
040042,0,0,0,27,,,,
040043,0,0,0,-24,,,,
040044,0,0,0,59,,,,
040045,0,0,0,-350,,,,
040046,0,0,0,37,,,,
04004U,0,0,0,-2,,,,
040050,0,0,0,-80,,,,
040051,0,0,0,-4,,,,
040052,0,0,0,20,,,,
040057,0,0,0,79,,,,
040058,0,0,0,-5,,,,
040059,0,0,0,-10,,,,
040062,0,0,0,21,,,,
040063,0,0,0,5,,,,
040064,0,0,0,-9,,,,
040065,0,0,0,25,,,,
040066,0,0,0,79,,,,
040067,0,0,0,-18,,,,
040068,0,0,0,-163,,,,
040069,0,0,0,-1,,,,
040072,0,0,0,6,,,,
040075,0,0,0,-496,,,,
040077,0,0,0,51,,,,
040079,0,0,0,-1,,,,
040080,0,0,0,123,,,,
040083,0,0,0,41,,,,
040085,0,0,0,5,,,,
040086,0,0,0,25,,,,
040088,0,0,0,0,,,,
040089,0,0,0,-174,,,,
04008U,0,0,0,5,,,,
040090,0,0,0,483,,,,
040092,0,0,0,-1,,,,
040093,0,0,0,19,,,,
040094,0,0,0,60,,,,
040096,0,0,0,-50,,,,
040098,0,0,0,503,,,,
040099,0,0,0,10,,,,
040100,0,0,0,2,,,,
040103,0,0,0,573,,,,
040106,0,0,0,22,,,,
040107,0,0,0,2,,,,
040108,0,0,0,4,,,,
040110,0,0,0,1,,,,
040112,0,0,0,-42,,,,
040116,0,0,0,65,,,,
040117,0,0,0,233,,,,
040118,0,0,0,-352,,,,
040119,0,0,0,-56,,,,
040120,0,0,0,-8,,,,
040121,0,0,0,44,,,,
040122,0,0,0,-119,,,,
040124,0,0,0,-127,,,,
040125,0,0,0,58,,,,
040129,0,0,0,46,,,,
040130,0,0,0,-8,,,,
040132,0,0,0,5,,,,
040133,0,0,0,-6,,,,
040134,0,0,0,51,,,,
040135,0,0,0,0,,,,
040136,0,0,0,5,,,,
040137,0,0,0,-102,,,,
040138,0,0,0,-43,,,,
040139,0,0,0,2,,,,
040140,0,0,0,-21,,,,
040141,0,0,0,139,,,,
040142,0,0,0,-56,,,,
040143,0,0,0,-10,,,,
040144,0,0,0,-70,,,,
040145,0,0,0,-10,,,,
040147,0,0,0,10,,,,
040148,0,0,0,-4,,,,
040152,0,0,0,-499,,,,
040153,0,0,0,-60,,,,
040156,0,0,0,-2,,,,
040157,0,0,0,56,,,,
040158,0,0,0,-119,,,,
040160,0,0,0,11,,,,
040161,0,0,0,-75,,,,
040162,0,0,0,-7,,,,
040170,0,0,0,-119,,,,
040172,0,0,0,66,,,,
040173,0,0,0,-97,,,,
040174,0,0,0,-2,,,,
040175,0,0,0,29,,,,
040177,10,0,0,-10,,,,
040178,0,0,0,-5,,,,
040179,0,0,0,-20,,,,
040180,0,0,0,78,,,,
040181,0,0,0,-3,,,,
040182,0,0,0,85,,,,
040183,0,0,0,0,,,,
040184,0,0,0,-2,,,,
040188,0,0,0,286,,,,
040189,0,0,0,-19,,,,
040190,0,0,0,-2,,,,
040191,0,0,0,9,,,,
040192,0,0,0,-3,,,,
040194,0,0,0,-40,,,,
040198,0,0,0,-75,,,,
040199,0,0,0,-100,,,,
040201,0,0,0,353,,,,
040202,0,0,0,148,,,,
040203,0,0,0,-60,,,,
040204,0,0,0,0,,,,
040205,0,0,0,3,,,,
040206,0,0,0,-46,,,,
040207,0,0,0,0,,,,
040208,0,0,0,-4,,,,
040210,0,0,0,-147,,,,
040211,0,0,0,-65,,,,
040212,0,0,0,-32,,,,
040213,0,0,0,-17,,,,
040214,0,0,0,-125,,,,
040215,0,0,0,16,,,,
040216,0,0,0,10,,,,
040217,0,0,0,-21,,,,
040218,0,0,0,3,,,,
040219,0,0,0,231,,,,
040220,0,0,0,332,,,,
040221,0,0,0,27,,,,
040222,0,0,0,106,,,,
040223,0,0,0,257,,,,
040225,0,0,0,1,,,,
040228,0,0,0,1,,,,
040229,0,0,0,72,,,,
040230,0,0,0,19,,,,
040233,0,0,0,5,,,,
040238,0,0,0,-28,,,,
040239,0,0,0,-55,,,,
040242,0,0,0,-88,,,,
040243,0,0,0,-270,,,,
040244,0,0,0,-15,,,,
040245,0,0,0,-90,,,,
040246,0,0,0,46,,,,
040247,0,0,0,-2,,,,
040249,0,0,0,-20,,,,
040250,0,0,0,-419,,,,
040251,0,0,0,320,,,,
040253,0,0,0,1,,,,
040255,0,0,0,-104,,,,
040256,0,0,0,1,,,,
040257,0,0,0,-70,,,,
040258,0,0,0,-318,,,,
040259,0,0,0,10,,,,
040261,0,0,0,-233,,,,
040262,0,0,0,119,,,,
040264,0,0,0,174,,,,
040265,0,0,0,79,,,,
040268,0,0,0,-1,,,,
040269,0,0,0,-305,,,,
040270,0,0,0,252,,,,
040271,0,0,0,-14,,,,
040272,0,0,0,-196,,,,
040273,0,0,0,-10,,,,
040274,0,0,0,-72,,,,
040275,0,0,0,-118,,,,
040277,0,0,0,25,,,,
040281,0,0,0,184,,,,
040282,0,0,0,-101,,,,
040285,0,0,0,457,,,,
040286,0,0,0,0,,,,
040287,0,0,0,33,,,,
040288,0,0,0,-38,,,,
040289,0,0,0,59,,,,
040290,0,0,0,-20,,,,
040292,0,0,0,56,,,,
040293,0,0,0,-19,,,,
040294,0,0,0,-2,,,,
040295,0,0,0,0,,,,
040296,0,0,0,-5,,,,
040297,0,0,0,37,,,,
040298,0,0,0,319,,,,
040299,0,0,0,372,,,,
040300,0,0,0,-268,,,,
040302,0,0,0,2,,,,
040303,0,0,0,27,,,,
040304,0,0,0,-75,,,,
040305,0,0,0,125,,,,
040306,0,0,0,-1,,,,
040307,0,0,0,79,,,,
040309,0,0,0,-141,,,,
040311,0,0,0,-114,,,,
040313,0,0,0,-618,,,,
040316,0,0,0,20,,,,
040317,0,0,0,589,,,,
040318,0,0,0,-2766,,,,
040321,0,0,0,63,,,,
040323,0,0,0,30,,,,
040324,0,0,0,-5,,,,
040327,0,0,0,13,,,,
040328,0,0,0,14,,,,
040329,0,0,0,325,,,,
040331,0,0,0,31,,,,
040332,0,0,0,-223,,,,
040334,0,0,0,-91,,,,
040337,0,0,0,-70,,,,
040339,0,0,0,-6,,,,
040343,0,0,0,1,,,,
040344,0,0,0,-6,,,,
040345,0,0,0,-712,,,,
040346,0,0,0,-102,,,,
040347,0,0,0,7,,,,
040349,0,0,0,21,,,,
040353,0,0,0,-5,,,,
040354,0,0,0,-4,,,,
040355,0,0,0,-11,,,,
040356,0,0,0,-100,,,,
040357,0,0,0,-39,,,,
040358,0,0,0,-10,,,,
040359,0,0,0,-358,,,,
040360,0,0,0,-391,,,,
040361,0,0,0,42,,,,
040363,0,0,0,2,,,,
040364,0,0,0,-25,,,,
040369,0,0,0,24,,,,
040370,0,0,0,-18,,,,
040371,0,0,0,5,,,,
040374,0,0,0,-8,,,,
040376,0,0,0,60,,,,
040380,0,0,0,138,,,,
040382,0,0,0,-6,,,,
040383,0,0,0,-38,,,,
040385,0,0,0,18,,,,
040386,0,0,0,31,,,,
040388,0,0,0,20,,,,
040389,0,0,0,-156,,,,
040390,0,0,0,-614,,,,
040391,0,0,0,-355,,,,
040392,0,0,0,-81,,,,
040393,0,0,0,25,,,,
040395,0,0,0,1,,,,
040396,0,0,0,80,,,,
040397,0,0,0,0,,,,
040399,0,0,0,3,,,,
04039U,0,0,0,-200,,,,
040402,0,0,0,52,,,,
040405,0,0,0,-10,,,,
040407,0,0,0,-111,,,,
040408,0,0,0,-5,,,,
040409,0,0,0,296,,,,
040410,0,0,0,-9,,,,
040412,0,0,0,-31,,,,
040413,0,0,0,24,,,,
040414,0,0,0,34,,,,
040415,0,0,0,128,,,,
040417,0,0,0,-127,,,,
040418,0,0,0,3,,,,
040420,0,0,0,-5,,,,
040421,0,0,0,-20,,,,
040422,0,0,0,-107,,,,
040423,0,0,0,-82,,,,
040424,0,0,0,-7,,,,
040428,0,0,0,-341,,,,
040430,0,0,0,-1592,,,,
040431,0,0,0,-1670,,,,
040434,0,0,0,226,,,,
040437,0,0,0,-105,,,,
040439,0,0,0,49,,,,
040441,0,0,0,5,,,,
040442,0,0,0,-18,,,,
040443,0,0,0,9,,,,
040444,0,0,0,-241,,,,
040446,0,0,0,11,,,,
040448,0,0,0,-34,,,,
040449,0,0,0,3,,,,
040450,0,0,0,85,,,,
040451,0,0,0,85,,,,
040454,0,0,0,1,,,,
040457,0,0,0,10,,,,
040458,0,0,0,-315,,,,
040459,0,0,0,63,,,,
040461,0,0,0,-173,,,,
040463,0,0,0,-373,,,,
040464,0,0,0,-9,,,,
040465,0,0,0,31,,,,
040466,0,0,0,12,,,,
040468,0,0,0,65,,,,
040469,0,0,0,37,,,,
040470,0,0,0,-120,,,,
040471,0,0,0,59,,,,
040473,0,0,0,5,,,,
040475,0,0,0,-288,,,,
040476,0,0,0,200,,,,
040477,0,0,0,-201,,,,
040478,0,0,0,148,,,,
040479,0,0,0,-76,,,,
040480,0,0,0,44,,,,
040482,0,0,0,10,,,,
040483,0,0,0,285,,,,
040484,0,0,0,-60,,,,
040485,0,0,0,-17,,,,
040488,0,0,0,-783,,,,
040489,0,0,0,12,,,,
040490,0,0,0,0,,,,
040491,0,0,0,0,,,,
040492,0,0,0,301,,,,
040494,0,0,0,-33,,,,
040496,0,0,0,-22,,,,
040498,0,0,0,-3,,,,
040499,0,0,0,9,,,,
040500,0,0,0,-24,,,,
040503,0,0,0,-102,,,,
040504,0,0,0,10,,,,
040506,0,0,0,381,,,,
040507,0,0,0,-10,,,,
040508,0,0,0,-10,,,,
040509,0,0,0,43,,,,
040513,0,0,0,-411,,,,
040517,0,0,0,-854,,,,
040518,0,0,0,-321,,,,
040519,0,0,0,73,,,,
040520,0,0,0,-666,,,,
040521,0,0,0,173,,,,
040522,0,0,0,37,,,,
040523,0,0,0,-11,,,,
040525,0,0,0,-35,,,,
040526,0,0,0,-66,,,,
040527,0,0,0,30,,,,
040528,0,0,0,75,,,,
040529,0,0,0,5,,,,
040530,0,0,0,-57,,,,
040532,0,0,0,0,,,,
040534,0,0,0,10,,,,
040535,0,0,0,-5,,,,
040538,0,0,0,-1747,,,,
040539,0,0,0,-1707,,,,
040542,0,0,0,35,,,,
040543,0,0,0,-5,,,,
040544,0,0,0,134,,,,
040545,0,0,0,-200,,,,
040546,0,0,0,-73,,,,
040549,0,0,0,110,,,,
040550,0,0,0,-10,,,,
040551,0,0,0,181,,,,
040552,0,0,0,-2,,,,
040553,0,0,0,213,,,,
040556,0,0,0,12,,,,
040557,0,0,0,25,,,,
040558,0,0,0,-5,,,,
040559,0,0,0,-5,,,,
040560,0,0,0,-1,,,,
040566,0,0,0,36,,,,
040567,0,0,0,10,,,,
040569,0,0,0,-6,,,,
040570,0,0,0,-10,,,,
040576,0,0,0,1045,,,,
040578,0,0,0,21,,,,
040581,0,0,0,-5,,,,
040582,0,0,0,-18,,,,
040584,0,0,0,-6,,,,
040594,0,0,0,-4,,,,
040598,0,0,0,5,,,,
040599,0,0,0,13,,,,
040600,0,0,0,-166,,,,
040601,0,0,0,-10,,,,
040602,0,0,0,154,,,,
040603,0,0,0,-30,,,,
040604,0,0,0,0,,,,
040605,0,0,0,-33,,,,
040607,0,0,0,-207,,,,
040608,0,0,0,-740,,,,
040609,0,0,0,24,,,,
040610,0,0,0,-1142,,,,
040612,0,0,0,270,,,,
040613,0,0,0,-14,,,,
040614,0,0,0,-225,,,,
040615,0,0,0,7,,,,
040616,0,0,0,441,,,,
040617,0,0,0,612,,,,
040618,0,0,0,-40,,,,
040619,0,0,0,-42,,,,
040620,0,0,0,-28,,,,
040622,0,0,0,-345,,,,
040624,0,0,0,-16,,,,
040625,0,0,0,121,,,,
040626,0,0,0,526,,,,
040627,0,0,0,123,,,,
040629,0,0,0,50,,,,
040630,0,0,0,471,,,,
040632,0,0,0,-224,,,,
040633,0,0,0,-31,,,,
040635,0,0,0,30,,,,
040637,0,0,0,27,,,,
040639,0,0,0,516,,,,
04063U,0,0,0,1,,,,
040640,0,0,0,10,,,,
040641,0,0,0,5,,,,
040642,0,0,0,40,,,,
040643,0,0,0,83,,,,
040644,0,0,0,195,,,,
040645,0,0,0,24,,,,
040646,0,0,0,416,,,,
040647,0,0,0,85,,,,
040648,0,0,0,102,,,,
040649,0,0,0,2497,,,,
040651,0,0,0,7,,,,
040652,0,0,0,121,,,,
040653,0,0,0,-13,,,,
040654,0,0,0,-142,,,,
040656,0,0,0,3,,,,
040657,0,0,0,-18,,,,
040658,0,0,0,64,,,,
040659,0,0,0,96,,,,
040660,0,0,0,-16,,,,
040662,0,0,0,-6,,,,
040663,0,0,0,-32,,,,
040664,0,0,0,-18,,,,
040665,0,0,0,-248,,,,
040670,0,0,0,-50,,,,
040672,0,0,0,350,,,,
040677,0,0,0,-61,,,,
040678,0,0,0,32,,,,
040679,0,0,0,-15,,,,
040680,0,0,0,44,,,,
040681,0,0,0,-24,,,,
040682,0,0,0,86,,,,
040683,0,0,0,205,,,,
040685,0,0,0,666,,,,
040686,0,0,0,159,,,,
040691,0,0,0,211,,,,
040692,0,0,0,-64,,,,
040696,0,0,0,41,,,,
040697,0,0,0,-65,,,,
040699,0,0,0,-140,,,,
040700,0,0,0,240,,,,
040701,0,0,0,95,,,,
040703,0,0,0,4,,,,
040704,0,0,0,11,,,,
040705,0,0,0,1,,,,
040706,0,0,0,12,,,,
040707,0,0,0,-7,,,,
040708,0,0,0,71,,,,
040709,0,0,0,-49,,,,
040710,0,0,0,0,,,,
040711,0,0,0,48,,,,
040713,0,0,0,-58,,,,
040714,0,0,0,-31,,,,
040718,0,0,0,17,,,,
040720,0,0,0,21,,,,
040721,0,0,0,-42,,,,
040724,0,0,0,-100,,,,
040725,0,0,0,-4,,,,
040727,0,0,0,5,,,,
040730,0,0,0,-210,,,,
040731,0,0,0,-21,,,,
040732,0,0,0,437,,,,
040733,0,0,0,8,,,,
040736,0,0,0,-3,,,,
040738,0,0,0,-81,,,,
040746,0,0,0,-170,,,,
040747,0,0,0,67,,,,
040748,0,0,0,-700,,,,
040750,0,0,0,-455,,,,
040753,0,0,0,71,,,,
040754,0,0,0,-300,,,,
040758,0,0,0,68,,,,
040762,0,0,0,1,,,,
040764,0,0,0,29,,,,
040765,0,0,0,25,,,,
040766,0,0,0,-361,,,,
040768,0,0,0,4,,,,
040769,0,0,0,-1,,,,
040770,0,0,0,266,,,,
040771,0,0,0,28,,,,
040772,0,0,0,-411,,,,
040773,0,0,0,114,,,,
040774,0,0,0,-10,,,,
040775,0,0,0,20,,,,
040777,0,0,0,24,,,,
040779,0,0,0,260,,,,
040780,0,0,0,104,,,,
040781,0,0,0,103,,,,
040782,0,0,0,-14,,,,
040783,0,0,0,4,,,,
040784,0,0,0,-195,,,,
040786,0,0,0,45,,,,
040787,0,0,0,-5,,,,
040788,0,0,0,61,,,,
040789,0,0,0,0,,,,
040790,0,0,0,23,,,,
040791,0,0,0,19,,,,
040792,0,0,0,-100,,,,
040793,0,0,0,425,,,,
040796,0,0,0,-62,,,,
040797,0,0,0,13,,,,
040800,0,0,0,191,,,,
040801,0,0,0,-17,,,,
040802,0,0,0,6,,,,
040804,0,0,0,-87,,,,
040805,0,0,0,140,,,,
040806,0,0,0,-38,,,,
040807,0,0,0,-5,,,,
040808,0,0,0,26,,,,
040812,0,0,0,-220,,,,
040813,0,0,0,30,,,,
040814,0,0,0,-14,,,,
040817,0,0,0,-149,,,,
040818,0,0,0,-84,,,,
040820,0,0,0,15,,,,
040823,0,0,0,16,,,,
040824,0,0,0,8,,,,
040825,0,0,0,38,,,,
040826,0,0,0,-159,,,,
040827,0,0,0,9,,,,
040829,0,0,0,-7,,,,
040830,0,0,0,26,,,,
040831,0,0,0,156,,,,
040832,0,0,0,82,,,,
040834,0,0,0,-30,,,,
040835,0,0,0,2,,,,
040837,0,0,0,5,,,,
040840,0,0,0,1,,,,
040841,0,0,0,-10,,,,
040842,0,0,0,9,,,,
040844,0,0,0,-241,,,,
040845,0,0,0,6,,,,
040846,0,0,0,-110,,,,
040847,0,0,0,-119,,,,
040848,0,0,0,45,,,,
040849,0,0,0,-309,,,,
040850,0,0,0,-201,,,,
040851,0,0,0,0,,,,
040852,0,0,0,18,,,,
040853,0,0,0,84,,,,
040854,0,0,0,16,,,,
040857,0,0,0,3,,,,
040859,0,0,0,109,,,,
040860,0,0,0,-18,,,,
040862,0,0,0,91,,,,
040865,0,0,0,-4,,,,
040866,0,0,0,-5,,,,
040867,0,0,0,294,,,,
040869,0,0,0,-40,,,,
040871,0,0,0,152,,,,
040872,0,0,0,4,,,,
040875,0,0,0,2,,,,
040876,0,0,0,116,,,,
040880,0,0,0,-17,,,,
040882,0,0,0,56,,,,
040884,0,0,0,0,,,,
040887,0,0,0,10,,,,
040889,0,0,0,-1,,,,
040890,0,0,0,6,,,,
040891,0,0,0,-212,,,,
040892,0,0,0,-6,,,,
040894,0,0,0,0,,,,
040895,0,0,0,1,,,,
040896,0,0,0,2,,,,
040898,0,0,0,111,,,,
040900,0,0,0,30,,,,
040901,0,0,0,-2,,,,
040902,0,0,0,30,,,,
040904,0,0,0,147,,,,
040905,0,0,0,57,,,,
040906,0,0,0,-5,,,,
040907,0,0,0,30,,,,
040908,0,0,0,-10,,,,
040911,0,0,0,2,,,,
040912,0,0,0,100,,,,
040915,0,0,0,1020,,,,
040916,0,0,0,-2,,,,
040920,0,0,0,159,,,,
040921,0,0,0,1,,,,
040923,0,0,0,-6,,,,
040928,0,0,0,2,,,,
040929,0,0,0,20,,,,
040930,0,0,0,24,,,,
040931,0,0,0,-224,,,,
040934,0,0,0,13,,,,
040937,0,0,0,275,,,,
040938,0,0,0,5,,,,
040939,0,0,0,189,,,,
040940,0,0,0,-3,,,,
040944,0,0,0,-503,,,,
040945,0,0,0,40,,,,
040946,0,0,0,0,,,,
040948,0,0,0,-32,,,,
040949,0,0,0,-32,,,,
040951,0,0,0,10,,,,
040952,0,0,0,-14,,,,
040954,0,0,0,0,,,,
040955,0,0,0,-133,,,,
040956,0,0,0,160,,,,
040957,0,0,0,46,,,,
040958,0,0,0,-136,,,,
040959,0,0,0,-50,,,,
040960,0,0,0,220,,,,
040961,0,0,0,3,,,,
040962,0,0,0,180,,,,
040964,0,0,0,10,,,,
040967,0,0,0,1,,,,
040968,0,0,0,-17,,,,
040969,0,0,0,-180,,,,
040976,0,0,0,22,,,,
040978,0,0,0,107,,,,
040980,0,0,0,87,,,,
040981,0,0,0,633,,,,
040983,0,0,0,-1453,,,,
040984,0,0,0,-5,,,,
040985,0,0,0,-1597,,,,
040986,0,0,0,73,,,,
040987,0,0,0,4,,,,
040988,0,0,0,97,,,,
040989,0,0,0,-14,,,,
040990,0,0,0,-44,,,,
040991,0,0,0,31,,,,
040993,0,0,0,25,,,,
040994,0,0,0,-168,,,,
040995,0,0,0,121,,,,
040997,0,0,0,-133,,,,
040998,0,0,0,1,,,,
041000,0,0,0,-30,,,,
041004,0,0,0,2,,,,
041005,0,0,0,20,,,,
041006,0,0,0,117,,,,
041007,0,0,0,-14,,,,
041009,0,0,0,-23,,,,
041010,0,0,0,-18,,,,
041012,0,0,0,-1601,,,,
041013,0,0,0,-815,,,,
041014,0,0,0,324,,,,
041015,0,0,0,-17,,,,
041016,0,0,0,1,,,,
041017,0,0,0,-141,,,,
041018,0,0,0,3,,,,
041019,0,0,0,-150,,,,
041020,0,0,0,71,,,,
041021,0,0,0,16,,,,
041022,0,0,0,230,,,,
041023,0,0,0,-197,,,,
041024,0,0,0,3,,,,
041025,0,0,0,2,,,,
041026,0,0,0,94,,,,
041027,0,0,0,0,,,,
041028,0,0,0,-27,,,,
041032,0,0,0,-48,,,,
041033,0,0,0,-10,,,,
041034,0,0,0,0,,,,
041036,0,0,0,-26,,,,
041037,0,0,0,5,,,,
041039,0,0,0,-2,,,,
041040,0,0,0,-342,,,,
041041,0,0,0,180,,,,
041042,0,0,0,15,,,,
041043,0,0,0,17,,,,
041044,0,0,0,-445,,,,
041045,0,0,0,252,,,,
041048,0,0,0,-1,,,,
041049,0,0,0,-1,,,,
041050,0,0,0,-32,,,,
041051,0,0,0,-250,,,,
041052,0,0,0,0,,,,
041053,0,0,0,199,,,,
041054,0,0,0,47,,,,
041057,0,0,0,-568,,,,
041058,0,0,0,5,,,,
041059,0,0,0,-7,,,,
041061,0,0,0,210,,,,
041062,0,0,0,-1,,,,
041063,0,0,0,-3,,,,
041064,0,0,0,-67,,,,
041065,0,0,0,-390,,,,
041066,0,0,0,-28,,,,
041071,0,0,0,70,,,,
041072,0,0,0,111,,,,
041073,0,0,0,122,,,,
041074,0,0,0,126,,,,
041075,0,0,0,116,,,,
041076,0,0,0,-240,,,,
041077,0,0,0,47,,,,
041078,0,0,0,449,,,,
041079,0,0,0,238,,,,
041080,0,0,0,73,,,,
041081,0,0,0,324,,,,
041082,0,0,0,30,,,,
041083,0,0,0,40,,,,
041084,0,0,0,-23,,,,
041085,0,0,0,-35,,,,
041086,0,0,0,-32,,,,
041087,0,0,0,-267,,,,
041088,0,0,0,-20,,,,
041089,0,0,0,86,,,,
041090,0,0,0,125,,,,
041092,0,0,0,-393,,,,
041093,0,0,0,43,,,,
041095,0,0,0,-223,,,,
041096,0,0,0,481,,,,
041097,0,0,0,-1797,,,,
041098,0,0,0,9,,,,
041099,0,0,0,40,,,,
041100,0,0,0,7,,,,
041103,0,0,0,-319,,,,
041104,0,0,0,95,,,,
041105,0,0,0,26,,,,
041106,0,0,0,-8,,,,
041107,0,0,0,10,,,,
041108,0,0,0,-254,,,,
041109,0,0,0,-3,,,,
041110,0,0,0,139,,,,
041111,0,0,0,3,,,,
041112,0,0,0,-20,,,,
041114,0,0,0,0,,,,
041115,0,0,0,-31,,,,
041116,0,0,0,-96,,,,
041118,0,0,0,12,,,,
041119,0,0,0,-13,,,,
041120,0,0,0,89,,,,
041121,0,0,0,24,,,,
041122,0,0,0,13,,,,
041123,0,0,0,24,,,,
041126,0,0,0,133,,,,
041127,0,0,0,40,,,,
041128,0,0,0,13,,,,
041133,0,0,0,5,,,,
041138,0,0,0,-1,,,,
041139,0,0,0,2,,,,
041146,0,0,0,2,,,,
041149,0,0,0,71,,,,
041150,0,0,0,139,,,,
041151,0,0,0,143,,,,
041152,0,0,0,-70,,,,
041154,0,0,0,4,,,,
041155,0,0,0,-470,,,,
041157,0,0,0,98,,,,
041158,0,0,0,-61,,,,
041160,0,0,0,-309,,,,
041162,0,0,0,0,,,,
041163,0,0,0,-107,,,,
041165,0,0,0,-459,,,,
041166,0,0,0,-71,,,,
041167,0,0,0,61,,,,
041168,0,0,0,88,,,,
041169,0,0,0,-49,,,,
041170,0,0,0,133,,,,
041171,0,0,0,-400,,,,
041172,0,0,0,441,,,,
041173,0,0,0,143,,,,
041174,0,0,0,27,,,,
041175,0,0,0,-7,,,,
041176,0,0,0,1,,,,
041177,0,0,0,-1136,,,,
041179,0,0,0,95,,,,
041183,0,0,0,27,,,,
041186,0,0,0,-96,,,,
041188,0,0,0,1756,,,,
041189,0,0,0,10,,,,
041191,0,0,0,-9,,,,
041192,0,0,0,1,,,,
041193,0,0,0,179,,,,
041196,0,0,0,-62,,,,
041198,0,0,0,-299,,,,
041199,0,0,0,-270,,,,
041200,0,0,0,365,,,,
041202,0,0,0,-504,,,,
041207,0,0,0,-100,,,,
041208,0,0,0,12,,,,
041209,0,0,0,381,,,,
041211,0,0,0,36,,,,
041212,0,0,0,-1,,,,
041213,0,0,0,118,,,,
041214,0,0,0,137,,,,
041215,0,0,0,210,,,,
041216,0,0,0,58,,,,
041217,0,0,0,248,,,,
041219,0,0,0,-4,,,,
041221,0,0,0,103,,,,
041222,0,0,0,-100,,,,
041225,0,0,0,9,,,,
041226,0,0,0,435,,,,
041227,0,0,0,-49,,,,
041228,0,0,0,527,,,,
041229,0,0,0,5,,,,
041230,-8,0,0,93,,,,
041231,0,0,0,84,,,,
041232,0,0,0,-5,,,,
041233,0,0,0,-1,,,,
041234,0,0,0,40,,,,
041235,0,0,0,160,,,,
041236,0,0,0,1551,,,,
041237,0,0,0,16,,,,
041239,0,0,0,-10,,,,
041240,0,0,0,-5,,,,
041241,0,0,0,-8,,,,
041242,0,0,0,81,,,,
041244,0,0,0,10,,,,
041245,0,0,0,8,,,,
041247,0,0,0,-6,,,,
041248,0,0,0,-70,,,,
041250,0,0,0,-40,,,,
041251,0,0,0,-27,,,,
041253,0,0,0,-2,,,,
041254,0,0,0,-275,,,,
041256,0,0,0,-27,,,,
041257,0,0,0,31,,,,
041258,0,0,0,37,,,,
041259,0,0,0,-2,,,,
041260,0,0,0,0,,,,
041261,0,0,0,188,,,,
041262,0,0,0,-2,,,,
041264,0,0,0,11,,,,
041265,0,0,0,10,,,,
041266,0,0,0,-28,,,,
041268,0,0,0,165,,,,
041269,0,0,0,-11,,,,
041270,0,0,0,9,,,,
041271,0,0,0,-139,,,,
041273,0,0,0,-3,,,,
041276,0,0,0,-18,,,,
041277,0,0,0,1,,,,
041278,0,0,0,1,,,,
041279,0,0,0,-500,,,,
041280,0,0,0,-50,,,,
041281,0,0,0,-20,,,,
041282,0,0,0,5,,,,
041285,0,0,0,25,,,,
041286,0,0,0,-55,,,,
041287,0,0,0,-102,,,,
041288,0,0,0,0,,,,
041289,0,0,0,292,,,,
041290,0,0,0,27,,,,
041292,0,0,0,-161,,,,
041293,0,0,0,163,,,,
041294,0,0,0,2,,,,
041296,0,0,0,16,,,,
041297,0,0,0,-125,,,,
041298,0,0,0,16,,,,
041300,0,0,0,-204,,,,
041301,0,0,0,28,,,,
041302,0,0,0,1545,,,,
041304,0,0,0,101,,,,
041305,0,0,0,97,,,,
041306,0,0,0,72,,,,
041311,0,0,0,50,,,,
041315,0,0,0,-77,,,,
041316,0,0,0,42,,,,
041318,0,0,0,-21,,,,
041319,0,0,0,1,,,,
041320,0,0,0,0,,,,
041321,0,0,0,17,,,,
041322,0,0,0,35,,,,
041323,0,0,0,477,,,,
041326,0,0,0,-86,,,,
041327,0,0,0,488,,,,
041328,0,0,0,1044,,,,
041330,0,0,0,179,,,,
041331,0,0,0,-65,,,,
041332,0,0,0,0,,,,
041335,0,0,0,-10,,,,
041336,0,0,0,12,,,,
041337,0,0,0,-18,,,,
041338,0,0,0,72,,,,
041339,0,0,0,27,,,,
041340,0,0,0,-7,,,,
041341,0,0,0,1,,,,
041344,0,0,0,9,,,,
041345,0,0,0,-10,,,,
041346,0,0,0,-150,,,,
041347,0,0,0,-14,,,,
041348,0,0,0,-28,,,,
041349,0,0,0,70,,,,
041350,0,0,0,8,,,,
041351,0,0,0,169,,,,
041353,0,0,0,204,,,,
041354,0,0,0,65,,,,
041355,0,0,0,-30,,,,
041356,0,0,0,-186,,,,
041357,0,0,0,-22,,,,
041358,0,0,0,6,,,,
041359,0,0,0,-247,,,,
041360,0,0,0,-60,,,,
041361,0,0,0,-49,,,,
041362,0,0,0,-20,,,,
041365,0,0,0,-35,,,,
041367,0,0,0,-24,,,,
041369,0,0,0,-6,,,,
041370,0,0,0,-82,,,,
041371,0,0,0,-14,,,,
041374,0,0,0,10,,,,
041375,0,0,0,12,,,,
041377,0,0,0,11,,,,
041379,0,0,0,15,,,,
041380,0,0,0,63,,,,
041381,0,0,0,-136,,,,
041382,0,0,0,26,,,,
041383,0,0,0,-21,,,,
041384,0,0,0,2,,,,
041385,0,0,0,65,,,,
041386,0,0,0,10,,,,
041389,0,0,0,12,,,,
041393,0,0,0,118,,,,
041396,0,0,0,-141,,,,
041397,0,0,0,-46,,,,
041398,0,0,0,-19,,,,
041401,0,0,0,5,,,,
041403,0,0,0,-131,,,,
041404,0,0,0,-838,,,,
041406,0,0,0,-13,,,,
041407,0,0,0,8,,,,
041409,0,0,0,-47,,,,
041410,0,0,0,-84,,,,
041411,0,0,0,-271,,,,
041415,0,0,0,189,,,,
041416,0,0,0,2,,,,
041417,0,0,0,-12,,,,
041418,0,0,0,-76,,,,
041420,0,0,0,217,,,,
041421,0,0,0,20,,,,
041423,0,0,0,62,,,,
041425,0,0,0,-61,,,,
041426,0,0,0,1,,,,
041427,0,0,0,-5,,,,
041428,0,0,0,3,,,,
041430,0,0,0,41,,,,
041431,0,0,0,58,,,,
041432,0,0,0,52,,,,
041433,0,0,0,-23,,,,
041434,0,0,0,164,,,,
041435,0,0,0,-144,,,,
041436,0,0,0,-481,,,,
041437,0,0,0,-426,,,,
041438,0,0,0,-1112,,,,
041439,0,0,0,-261,,,,
041440,0,0,0,183,,,,
041443,0,0,0,86,,,,
041444,0,0,0,471,,,,
041445,0,0,0,532,,,,
041446,0,0,0,-10,,,,
041448,0,0,0,-37,,,,
041449,0,0,0,131,,,,
041450,0,0,0,-1521,,,,
041452,0,0,0,1,,,,
041453,0,0,0,-53,,,,
041454,0,0,0,112,,,,
041455,0,0,0,-6,,,,
041456,0,0,0,-20,,,,
041457,0,0,0,3,,,,
041458,0,0,0,200,,,,
041459,0,0,0,-4,,,,
041461,0,0,0,-80,,,,
041463,0,0,0,30,,,,
041464,0,0,0,-26,,,,
041465,0,0,0,50,,,,
041466,0,0,0,934,,,,
041467,0,0,0,-4,,,,
041468,0,0,0,113,,,,
041470,0,0,0,114,,,,
041471,0,0,0,556,,,,
041475,0,0,0,24,,,,
041476,0,0,0,24,,,,
041477,0,0,0,6,,,,
041479,0,0,0,-42,,,,
041481,0,0,0,-5,,,,
041482,0,0,0,-8,,,,
041485,0,0,0,-200,,,,
041488,0,0,0,-76,,,,
041490,0,0,0,724,,,,
041491,0,0,0,20,,,,
041492,0,0,0,363,,,,
041494,0,0,0,-1,,,,
041496,0,0,0,-11,,,,
041497,0,0,0,-13,,,,
041499,0,0,0,5,,,,
041500,0,0,0,0,,,,
041503,0,0,0,-16,,,,
041505,0,0,0,-204,,,,
041506,0,0,0,-99,,,,
041508,0,0,0,0,,,,
041509,0,0,0,-112,,,,
041510,0,0,0,-836,,,,
041511,0,0,0,-140,,,,
041512,0,0,0,3,,,,
041513,0,0,0,0,,,,
041514,0,0,0,-20,,,,
041515,0,0,0,95,,,,
041517,0,0,0,-477,,,,
041518,0,0,0,135,,,,
041519,0,0,0,103,,,,
041520,0,0,0,110,,,,
041521,0,0,0,-2,,,,
041522,0,0,0,-165,,,,
041523,0,0,0,-185,,,,
041524,0,0,0,33,,,,
041525,0,0,0,0,,,,
041526,0,0,0,252,,,,
041527,0,0,0,410,,,,
041528,0,0,0,-122,,,,
041529,0,0,0,235,,,,
041530,0,0,0,-725,,,,
041532,0,0,0,141,,,,
041533,0,0,0,123,,,,
041534,0,0,0,1,,,,
041536,0,0,0,43,,,,
041538,0,0,0,10,,,,
041539,0,0,0,111,,,,
041540,0,0,0,258,,,,
041541,0,0,0,-24,,,,
041542,0,0,0,77,,,,
041543,0,0,0,68,,,,
041544,0,0,0,0,,,,
041545,0,0,0,5,,,,
041546,0,0,0,-15,,,,
041547,0,0,0,241,,,,
041548,0,0,0,-604,,,,
041549,0,0,0,-40,,,,
041551,0,0,0,123,,,,
041552,0,0,0,286,,,,
041553,0,0,0,3,,,,
041554,0,0,0,-471,,,,
041555,0,0,0,185,,,,
041558,0,0,0,-178,,,,
041559,0,0,0,513,,,,
041560,0,0,0,-665,,,,
041561,0,0,0,166,,,,
041562,0,0,0,239,,,,
041563,0,0,0,-159,,,,
041564,0,0,0,-55,,,,
041565,0,0,0,-560,,,,
041566,0,0,0,-100,,,,
041567,0,0,0,1229,,,,
041568,0,0,0,81,,,,
041569,0,0,0,-1,,,,
041570,0,0,0,6,,,,
041571,0,0,0,-647,,,,
041572,0,0,0,-569,,,,
041573,0,0,0,-61,,,,
041574,0,0,0,540,,,,
041575,0,0,0,-144,,,,
041578,0,0,0,-8,,,,
041579,0,0,0,27,,,,
041580,0,0,0,25,,,,
041581,0,0,0,-1,,,,
041583,0,0,0,-365,,,,
041587,0,0,0,551,,,,
041588,0,0,0,-222,,,,
041589,0,0,0,-30,,,,
041590,0,0,0,492,,,,
041591,0,0,0,-170,,,,
041593,0,0,0,-50,,,,
041594,0,0,0,32,,,,
041597,0,0,0,0,,,,
041598,0,0,0,512,,,,
041599,0,0,0,314,,,,
041600,0,0,0,10,,,,
041601,0,0,0,0,,,,
041602,0,0,0,29,,,,
041604,0,0,0,120,,,,
041605,0,0,0,142,,,,
041606,0,0,0,-51,,,,
041607,0,0,0,254,,,,
041611,0,0,0,4,,,,
041612,0,0,0,180,,,,
041615,0,0,0,-2,,,,
041617,0,0,0,-1,,,,
041618,0,0,0,67,,,,
041619,0,0,0,-128,,,,
041621,0,0,0,15,,,,
041622,0,0,0,4,,,,
041623,0,0,0,128,,,,
041624,0,0,0,-760,,,,
041625,0,0,0,-32,,,,
041626,0,0,0,-50,,,,
041627,0,0,0,-166,,,,
041628,0,0,0,8,,,,
041629,0,0,0,-59,,,,
041630,0,0,0,2,,,,
041631,0,0,0,116,,,,
041632,0,0,0,366,,,,
041633,0,0,0,-10,,,,
041634,0,0,0,71,,,,
041635,0,0,0,102,,,,
041636,0,0,0,62,,,,
041637,0,0,0,148,,,,
041638,0,0,0,-50,,,,
041639,0,0,0,422,,,,
041640,0,0,0,1099,,,,
041641,0,0,0,27,,,,
041642,0,0,0,6,,,,
041643,0,0,0,-400,,,,
041645,0,0,0,265,,,,
041646,0,0,0,-377,,,,
041647,0,0,0,-500,,,,
041653,0,0,0,-131,,,,
041654,0,0,0,-172,,,,
041655,0,0,0,101,,,,
041656,0,0,0,-152,,,,
041657,0,0,0,131,,,,
041658,0,0,0,769,,,,
041659,0,0,0,-73,,,,
041660,0,0,0,-3,,,,
041661,0,0,0,44,,,,
041662,0,0,0,-28,,,,
041664,0,0,0,-32,,,,
041665,0,0,0,-277,,,,
041667,0,0,0,874,,,,
041668,0,0,0,-314,,,,
041669,0,0,0,570,,,,
041670,0,0,0,276,,,,
041672,0,0,0,723,,,,
041673,0,0,0,-10,,,,
041674,0,0,0,15,,,,
041675,0,0,0,-15,,,,
041678,0,0,0,-131,,,,
041679,0,0,0,-79,,,,
041681,0,0,0,92,,,,
041682,0,0,0,-30,,,,
041684,0,0,0,-2,,,,
041685,0,0,0,-6,,,,
041686,0,0,0,-50,,,,
041687,0,0,0,26,,,,
041689,0,0,0,-59,,,,
041690,0,0,0,-10,,,,
041691,0,0,0,170,,,,
041692,0,0,0,23,,,,
041693,0,0,0,-25,,,,
041694,0,0,0,158,,,,
041695,0,0,0,-29,,,,
041696,0,0,0,5,,,,
041697,0,0,0,23,,,,
041698,0,0,0,-73,,,,
041699,0,0,0,165,,,,
041700,0,0,0,-59,,,,
041702,0,0,0,-10,,,,
041703,0,0,0,32,,,,
041704,0,0,0,-18,,,,
041706,0,0,0,-113,,,,
041707,0,0,0,13,,,,
041710,0,0,0,-7,,,,
041711,0,0,0,-12,,,,
041713,0,0,0,-28,,,,
041715,0,0,0,67,,,,
041717,0,0,0,-19,,,,
041718,0,0,0,-85,,,,
041719,0,0,0,-23,,,,
041720,0,0,0,1,,,,
041721,0,0,0,6,,,,
041722,0,0,0,66,,,,
041726,0,0,0,50,,,,
041727,0,0,0,5,,,,
041728,0,0,0,7,,,,
041730,0,0,0,-11,,,,
041733,0,0,0,89,,,,
041735,0,0,0,-30,,,,
041736,0,0,0,-7,,,,
041737,0,0,0,407,,,,
041738,0,0,0,-1,,,,
041740,0,0,0,-43,,,,
041741,0,0,0,29,,,,
041743,0,0,0,-35,,,,
041744,0,0,0,-22,,,,
041745,0,0,0,-95,,,,
041746,0,0,0,3,,,,
041747,0,0,0,-110,,,,
041748,0,0,0,-13,,,,
041751,0,0,0,162,,,,
041754,0,0,0,701,,,,
041755,0,0,0,274,,,,
041758,0,0,0,-32,,,,
041760,0,0,0,-69,,,,
041761,0,0,0,233,,,,
041766,0,0,0,-24,,,,
041767,0,0,0,-250,,,,
041768,0,0,0,28,,,,
041769,0,0,0,63,,,,
041771,0,0,0,799,,,,
041772,0,0,0,299,,,,
041773,0,0,0,-15,,,,
041775,0,0,0,673,,,,
041776,0,0,0,161,,,,
041777,0,0,0,180,,,,
041778,0,0,0,6,,,,
041779,0,0,0,33,,,,
041780,0,0,0,-792,,,,
041781,0,0,0,-20,,,,
041782,0,0,0,413,,,,
041783,0,0,0,507,,,,
041784,0,0,0,61,,,,
041785,0,0,0,9,,,,
041786,0,0,0,129,,,,
041787,0,0,0,502,,,,
041788,0,0,0,4,,,,
041789,0,0,0,-223,,,,
041790,0,0,0,10,,,,
041791,3,0,0,769,,,,
041792,0,0,0,3,,,,
041793,0,0,0,-160,,,,
041794,0,0,0,-97,,,,
041795,0,0,0,-60,,,,
041797,0,0,0,-40,,,,
041798,0,0,0,160,,,,
041799,0,0,0,11,,,,
041800,0,0,0,1,,,,
041803,0,0,0,-69,,,,
041805,0,0,0,119,,,,
041806,0,0,0,18,,,,
041808,0,0,0,-10,,,,
041809,0,0,0,-26,,,,
041810,0,0,0,278,,,,
041813,0,0,0,10,,,,
041814,0,0,0,4,,,,
041815,0,0,0,30,,,,
041817,0,0,0,496,,,,
041818,0,0,0,207,,,,
041819,0,0,0,-151,,,,
041820,0,0,0,-1,,,,
041822,0,0,0,-85,,,,
041824,0,0,0,-2,,,,
041825,0,0,0,-80,,,,
041826,0,0,0,-43,,,,
041827,0,0,0,79,,,,
041828,0,0,0,1010,,,,
041829,0,0,0,-397,,,,
041832,0,0,0,50,,,,
041833,0,0,0,-4,,,,
041834,0,0,0,32,,,,
041836,0,0,0,157,,,,
041837,0,0,0,-30,,,,
041838,0,0,0,-28,,,,
041839,0,0,0,167,,,,
041840,0,0,0,-282,,,,
041841,0,0,0,-37,,,,
041842,0,0,0,-138,,,,
041843,0,0,0,-735,,,,
041844,0,0,0,12,,,,
041846,0,0,0,10,,,,
041848,0,0,0,10,,,,
041849,0,0,0,0,,,,
041853,0,0,0,-442,,,,
041854,0,0,0,34,,,,
041855,0,0,0,27,,,,
041856,0,0,0,12,,,,
041858,0,0,0,25,,,,
041859,0,0,0,1,,,,
041860,0,0,0,107,,,,
041861,0,0,0,158,,,,
041863,0,0,0,148,,,,
041867,0,0,0,152,,,,
041868,0,0,0,-5,,,,
041869,0,0,0,-18,,,,
041871,0,0,0,-201,,,,
041872,0,0,0,0,,,,
041873,0,0,0,-10,,,,
041875,0,0,0,100,,,,
041876,0,0,0,-18,,,,
041878,0,0,0,-10,,,,
041879,0,0,0,39,,,,
041880,0,0,0,136,,,,
041883,0,0,0,6,,,,
041885,0,0,0,40,,,,
041886,0,0,0,10,,,,
041887,0,0,0,1061,,,,
041888,0,0,0,-1,,,,
041891,0,0,0,-50,,,,
041892,0,0,0,81,,,,
041893,0,0,0,361,,,,
041894,0,0,0,-13,,,,
041895,0,0,0,-32,,,,
041896,0,0,0,-7,,,,
041899,0,0,0,56,,,,
041900,0,0,0,-20,,,,
041901,0,0,0,-64,,,,
041905,0,0,0,208,,,,
041906,0,0,0,-55,,,,
041909,0,0,0,-109,,,,
041910,0,0,0,-62,,,,
041911,0,0,0,6,,,,
041912,0,0,0,-269,,,,
041913,0,0,0,-42,,,,
041914,0,0,0,54,,,,
041915,0,0,0,18,,,,
041916,0,0,0,3,,,,
041917,0,0,0,-93,,,,
041918,0,0,0,0,,,,
041919,0,0,0,-90,,,,
041920,0,0,0,-10,,,,
041921,0,0,0,-1162,,,,
041922,0,0,0,120,,,,
041924,0,0,0,101,,,,
041928,0,0,0,-11,,,,
041930,0,0,0,-7,,,,
041932,0,0,0,-74,,,,
041934,0,0,0,0,,,,
041935,0,0,0,410,,,,
041936,0,0,0,-37,,,,
041937,0,0,0,10,,,,
041938,0,0,0,-75,,,,
041939,0,0,0,128,,,,
041941,0,0,0,-2,,,,
041942,0,0,0,534,,,,
041943,0,0,0,62,,,,
041945,0,0,0,0,,,,
041946,0,0,0,-21,,,,
041947,0,0,0,-100,,,,
041948,0,0,0,-45,,,,
041949,0,0,0,2,,,,
041950,0,0,0,28,,,,
041951,0,0,0,3,,,,
041952,0,0,0,-182,,,,
041955,0,0,0,118,,,,
041956,0,0,0,-148,,,,
041957,0,0,0,48,,,,
041959,0,0,0,-688,,,,
041960,0,0,0,-344,,,,
041962,0,0,0,589,,,,
041963,0,0,0,4,,,,
041964,0,0,0,-3,,,,
041966,0,0,0,22,,,,
041968,0,0,0,10,,,,
041970,0,0,0,646,,,,
041971,0,0,0,-30,,,,
041972,0,0,0,-294,,,,
041973,0,0,0,20,,,,
041975,0,0,0,195,,,,
041976,0,0,0,-25,,,,
041977,0,0,0,-7,,,,
041978,0,0,0,-48,,,,
041979,0,0,0,-124,,,,
041980,0,0,0,411,,,,
041981,0,0,0,84,,,,
041982,0,0,0,50,,,,
041984,0,0,0,225,,,,
041985,0,0,0,288,,,,
041987,0,0,0,412,,,,
041989,0,0,0,80,,,,
041990,0,0,0,29,,,,
041992,0,0,0,10,,,,
041993,0,0,0,21,,,,
041994,0,0,0,48,,,,
041995,0,0,0,107,,,,
041998,0,0,0,174,,,,
041999,0,0,0,158,,,,
042000,0,0,0,-150,,,,
042001,0,0,0,91,,,,
042002,0,0,0,31,,,,
042003,0,0,0,-329,,,,
042004,0,0,0,-150,,,,
042005,0,0,0,-12,,,,
042006,0,0,0,0,,,,
042007,0,0,0,0,,,,
042008,0,0,0,-50,,,,
042009,0,0,0,9,,,,
042011,0,0,0,169,,,,
042013,0,0,0,39,,,,
042014,0,0,0,-620,,,,
042015,0,0,0,15,,,,
042016,0,0,0,58,,,,
042018,0,0,0,-102,,,,
042023,0,0,0,57,,,,
042025,0,0,0,224,,,,
042026,0,0,0,508,,,,
042027,0,0,0,-2,,,,
042028,0,0,0,-10,,,,
042030,0,0,0,223,,,,
042031,0,0,0,80,,,,
042032,0,0,0,343,,,,
042033,0,0,0,644,,,,
042034,0,0,0,237,,,,
042035,0,0,0,-35,,,,
042036,0,0,0,-111,,,,
042038,0,0,0,-39,,,,
042039,0,0,0,-12,,,,
04203U,0,0,0,-21,,,,
042041,0,0,0,71,,,,
042043,0,0,0,-33,,,,
042044,0,0,0,8,,,,
042045,0,0,0,104,,,,
042049,0,0,0,10,,,,
042050,0,0,0,0,,,,
042051,0,0,0,-8,,,,
042054,0,0,0,3,,,,
042055,0,0,0,1,,,,
042056,0,0,0,-69,,,,
042057,0,0,0,39,,,,
042059,0,0,0,-824,,,,
042061,0,0,0,41,,,,
042062,0,0,0,170,,,,
042064,0,0,0,-137,,,,
042065,0,0,0,24,,,,
042066,0,0,0,-37,,,,
042067,0,0,0,53,,,,
042068,0,0,0,-48,,,,
042069,0,0,0,50,,,,
042070,0,0,0,10,,,,
042072,0,0,0,32,,,,
042073,0,0,0,200,,,,
042076,0,0,0,-12,,,,
042077,0,0,0,43,,,,
042078,0,0,0,83,,,,
042079,0,0,0,23,,,,
042080,0,0,0,-11,,,,
042081,0,0,0,-29,,,,
042083,0,0,0,161,,,,
042084,0,0,0,2,,,,
042085,0,0,0,-147,,,,
042086,0,0,0,181,,,,
042088,0,0,0,32,,,,
042089,0,0,0,105,,,,
042090,0,0,0,-110,,,,
042091,0,0,0,1,,,,
042093,0,0,0,410,,,,
042094,0,0,0,13,,,,
042097,0,0,0,96,,,,
042098,0,0,0,353,,,,
042099,0,0,0,39,,,,
042101,0,0,0,-126,,,,
042104,0,0,0,-36,,,,
042105,0,0,0,1,,,,
042108,0,0,0,0,,,,
042109,0,0,0,214,,,,
042110,0,0,0,137,,,,
042111,0,0,0,19,,,,
042112,0,0,0,45,,,,
042113,0,0,0,17,,,,
042114,0,0,0,-200,,,,
042118,0,0,0,-24,,,,
042121,0,0,0,4,,,,
042122,0,0,0,3,,,,
042123,0,0,0,14,,,,
042125,0,0,0,-57,,,,
042126,0,0,0,-2,,,,
042127,0,0,0,86,,,,
042128,0,0,0,121,,,,
042129,0,0,0,-10,,,,
042130,0,0,0,-15,,,,
042131,0,0,0,1,,,,
042133,0,0,0,99,,,,
042134,0,0,0,-15,,,,
042135,0,0,0,423,,,,
042136,0,0,0,-234,,,,
042137,0,0,0,30,,,,
042139,0,0,0,-131,,,,
042140,0,0,0,-3,,,,
042141,0,0,0,58,,,,
042142,0,0,0,-127,,,,
042143,0,0,0,-20,,,,
042146,0,0,0,674,,,,
042147,0,0,0,-70,,,,
042148,0,0,0,-35,,,,
042149,0,0,0,-315,,,,
042151,0,0,0,2,,,,
042152,0,0,0,432,,,,
042153,0,0,0,-400,,,,
042154,0,0,0,349,,,,
042155,0,0,0,10,,,,
042156,0,0,0,15,,,,
042157,0,0,0,10,,,,
042161,0,0,0,40,,,,
042162,0,0,0,-48,,,,
042163,0,0,0,79,,,,
042164,0,0,0,-115,,,,
042165,0,0,0,-159,,,,
042168,0,0,0,-3,,,,
042169,0,0,0,-185,,,,
042170,0,0,0,0,,,,
042172,0,0,0,-81,,,,
042173,0,0,0,-27,,,,
042174,0,0,0,220,,,,
042175,0,0,0,334,,,,
042176,0,0,0,-15,,,,
042177,0,0,0,-20,,,,
042178,0,0,0,132,,,,
042180,0,0,0,49,,,,
042181,0,0,0,90,,,,
042185,0,0,0,16,,,,
042186,0,0,0,-10,,,,
042189,0,0,0,-392,,,,
042190,0,0,0,-390,,,,
042191,0,0,0,389,,,,
042194,0,0,0,422,,,,
042195,0,0,0,-17,,,,
042196,0,0,0,50,,,,
042197,0,0,0,212,,,,
042198,0,0,0,0,,,,
042199,0,0,0,270,,,,
042200,0,0,0,-4,,,,
042201,0,0,0,-63,,,,
042202,0,0,0,189,,,,
042203,0,0,0,57,,,,
042204,0,0,0,1,,,,
042205,0,0,0,382,,,,
042208,0,0,0,-265,,,,
042209,0,0,0,-250,,,,
042210,0,0,0,5,,,,
042212,0,0,0,2,,,,
042213,0,0,0,114,,,,
042217,0,0,0,-1,,,,
042218,0,0,0,150,,,,
042220,0,0,0,-50,,,,
042221,0,0,0,-104,,,,
042222,0,0,0,-50,,,,
042223,0,0,0,43,,,,
042224,0,0,0,-113,,,,
042225,0,0,0,252,,,,
042227,0,0,0,79,,,,
042228,0,0,0,-1084,,,,
042229,0,0,0,3,,,,
042230,0,0,0,-65,,,,
042231,0,0,0,-910,,,,
042232,0,0,0,-1,,,,
042233,0,0,0,-65,,,,
042236,0,0,0,6,,,,
042238,0,0,0,1,,,,
042239,0,0,0,59,,,,
042243,0,0,0,-3,,,,
042244,0,0,0,-20,,,,
042245,0,0,0,-21,,,,
042246,0,0,0,-110,,,,
042248,0,0,0,-9,,,,
042249,0,0,0,19,,,,
042251,0,0,0,-424,,,,
042254,0,0,0,100,,,,
042255,0,0,0,25,,,,
042258,0,0,0,22,,,,
042259,0,0,0,41,,,,
042260,0,0,0,-25,,,,
042261,0,0,0,169,,,,
042263,0,0,0,27,,,,
042264,0,0,0,-166,,,,
042265,0,0,0,-37,,,,
042266,0,0,0,43,,,,
042268,0,0,0,51,,,,
042269,0,0,0,-32,,,,
042271,0,0,0,12,,,,
042273,0,0,0,-15,,,,
042274,0,0,0,33,,,,
042277,0,0,0,-272,,,,
042278,0,0,0,205,,,,
042279,0,0,0,426,,,,
042280,0,0,0,10,,,,
042281,0,0,0,-18,,,,
042282,0,0,0,-729,,,,
042283,0,0,0,377,,,,
042284,0,0,0,-23,,,,
042285,0,0,0,13,,,,
042287,0,0,0,1,,,,
042290,0,0,0,692,,,,
042291,0,0,0,30,,,,
042295,0,0,0,559,,,,
042297,0,0,0,17,,,,
042298,0,0,0,254,,,,
042299,0,0,0,-458,,,,
042300,0,0,0,154,,,,
042301,0,0,0,9,,,,
042302,0,0,0,15,,,,
042303,0,0,0,25,,,,
042304,0,0,0,-120,,,,
042306,0,0,0,71,,,,
042307,0,0,0,116,,,,
042308,0,0,0,-7,,,,
042310,0,0,0,114,,,,
042311,0,0,0,-78,,,,
042312,0,0,0,-50,,,,
042313,0,0,0,7,,,,
042314,0,0,0,407,,,,
042315,0,0,0,-75,,,,
042316,0,0,0,-3,,,,
042318,0,0,0,10,,,,
042319,0,0,0,857,,,,
042320,0,0,0,2,,,,
042321,0,0,0,20,,,,
042322,0,0,0,447,,,,
042324,0,0,0,-6,,,,
042326,0,0,0,-378,,,,
042327,0,0,0,65,,,,
042330,0,0,0,553,,,,
042331,0,0,0,185,,,,
042333,0,0,0,345,,,,
042334,0,0,0,27,,,,
042335,0,0,0,28,,,,
042336,0,0,0,14,,,,
042337,0,0,0,-282,,,,
042338,0,0,0,6,,,,
042339,0,0,0,-19,,,,
042340,0,0,0,161,,,,
042341,0,0,0,41,,,,
042342,0,0,0,45,,,,
042346,0,0,0,-50,,,,
042347,0,0,0,-245,,,,
042348,0,0,0,285,,,,
042349,0,0,0,-165,,,,
042350,0,0,0,569,,,,
042352,0,0,0,16,,,,
042356,0,0,0,0,,,,
042357,0,0,0,16,,,,
042359,0,0,0,-500,,,,
042360,0,0,0,-1,,,,
042361,0,0,0,-37,,,,
042362,0,0,0,45,,,,
042365,0,0,0,-17,,,,
042366,0,0,0,-90,,,,
042367,0,0,0,-500,,,,
042368,0,0,0,282,,,,
042369,0,0,0,366,,,,
042370,0,0,0,-249,,,,
042371,0,0,0,25,,,,
042372,0,0,0,-220,,,,
042373,0,0,0,79,,,,
042374,0,0,0,162,,,,
042376,0,0,0,-717,,,,
042377,0,0,0,771,,,,
042379,0,0,0,-2,,,,
042380,-1,0,0,0,,,,
042381,0,0,0,-83,,,,
042383,0,0,0,-715,,,,
042384,0,0,0,260,,,,
042385,0,0,0,-10,,,,
042386,0,0,0,541,,,,
042387,0,0,0,8,,,,
042388,0,0,0,-1,,,,
042389,0,0,0,-40,,,,
042391,0,0,0,489,,,,
042392,0,0,0,-5,,,,
042393,0,0,0,163,,,,
042394,0,0,0,2,,,,
042396,0,0,0,-100,,,,
042398,0,0,0,-100,,,,
042401,0,0,0,-511,,,,
042402,0,0,0,-10,,,,
042406,0,0,0,-5,,,,
042408,0,0,0,497,,,,
042409,0,0,0,15,,,,
042410,0,0,0,13,,,,
042411,0,0,0,322,,,,
042412,0,0,0,562,,,,
042413,0,0,0,192,,,,
042414,0,0,0,119,,,,
042415,0,0,0,9,,,,
042417,0,0,0,138,,,,
042418,0,0,0,-38,,,,
042420,0,0,0,1,,,,
042422,0,0,0,-346,,,,
042424,0,0,0,207,,,,
042425,0,0,0,32,,,,
042427,0,0,0,-258,,,,
042428,0,0,0,-203,,,,
042429,0,0,0,1,,,,
042430,0,0,0,918,,,,
042431,0,0,0,-106,,,,
042433,0,0,0,137,,,,
042434,0,0,0,-20,,,,
042435,0,0,0,2,,,,
042436,0,0,0,-199,,,,
042437,0,0,0,1,,,,
042438,0,0,0,-20,,,,
042439,0,0,0,-63,,,,
042440,0,0,0,-71,,,,
042442,0,0,0,164,,,,
042445,0,0,0,20,,,,
042446,0,0,0,-12,,,,
042447,0,0,0,-60,,,,
042448,0,0,0,40,,,,
042449,0,0,0,-24,,,,
042450,0,0,0,2,,,,
042451,0,0,0,-76,,,,
042453,0,0,0,515,,,,
042454,0,0,0,-33,,,,
042455,0,0,0,53,,,,
042456,0,0,0,-3,,,,
042457,0,0,0,94,,,,
042459,0,0,0,33,,,,
042460,0,0,0,37,,,,
042463,0,0,0,28,,,,
042464,0,0,0,33,,,,
042465,0,0,0,217,,,,
042466,0,0,0,-2,,,,
042467,0,0,0,-37,,,,
042469,0,0,0,-292,,,,
042470,0,0,0,72,,,,
042471,0,0,0,39,,,,
042473,0,0,0,174,,,,
042474,0,0,0,71,,,,
042475,0,0,0,126,,,,
042476,0,0,0,87,,,,
042478,0,0,0,-50,,,,
042479,0,0,0,0,,,,
042480,0,0,0,75,,,,
042481,0,0,0,5,,,,
042483,0,0,0,30,,,,
042485,0,0,0,-100,,,,
042487,0,0,0,15,,,,
042488,0,0,0,502,,,,
042489,0,0,0,6,,,,
042490,0,0,0,107,,,,
042491,0,0,0,45,,,,
042492,0,0,0,62,,,,
042493,0,0,0,-37,,,,
042494,0,0,0,21,,,,
042495,0,0,0,2,,,,
042498,0,0,0,-30,,,,
042499,0,0,0,-574,,,,
042500,0,0,0,-2,,,,
042501,0,0,0,-36,,,,
042502,0,0,0,-90,,,,
042503,0,0,0,-9,,,,
042505,0,0,0,634,,,,
042511,0,0,0,28,,,,
042513,0,0,0,5,,,,
042514,0,0,0,-40,,,,
042517,0,0,0,14,,,,
042518,0,0,0,109,,,,
042519,0,0,0,-497,,,,
042522,0,0,0,-50,,,,
042525,0,0,0,-10,,,,
042526,0,0,0,-149,,,,
042527,0,0,0,49,,,,
042529,0,0,0,-384,,,,
042530,0,0,0,300,,,,
042532,0,0,0,-250,,,,
042533,0,0,0,-228,,,,
042534,0,0,0,-492,,,,
042535,0,0,0,53,,,,
042536,0,0,0,10,,,,
042538,0,0,0,-421,,,,
042539,0,0,0,-1007,,,,
042541,0,0,0,15,,,,
042542,0,0,0,238,,,,
042543,0,0,0,373,,,,
042545,0,0,0,-121,,,,
042546,0,0,0,227,,,,
042548,0,0,0,3,,,,
042550,0,0,0,2162,,,,
042551,0,0,0,398,,,,
042552,0,0,0,405,,,,
042554,0,0,0,175,,,,
042555,0,0,0,48,,,,
042556,0,0,0,31,,,,
042558,0,0,0,25,,,,
042559,0,0,0,59,,,,
042560,0,0,0,140,,,,
042561,0,0,0,198,,,,
042564,0,0,0,0,,,,
042565,0,0,0,499,,,,
042566,0,0,0,263,,,,
042570,0,0,0,4,,,,
042571,0,0,0,3,,,,
042572,0,0,0,1,,,,
042573,0,0,0,22,,,,
042575,0,0,0,-7,,,,
042576,0,0,0,198,,,,
042577,0,0,0,-28,,,,
042578,0,0,0,98,,,,
042579,0,0,0,-5,,,,
042580,0,0,0,40,,,,
042581,0,0,0,27,,,,
042582,0,0,0,190,,,,
042583,0,0,0,0,,,,
042585,0,0,0,0,,,,
042587,0,0,0,20,,,,
042588,0,0,0,-44,,,,
042591,0,0,0,-83,,,,
042592,0,0,0,-32,,,,
042593,0,0,0,0,,,,
042594,0,0,0,-36,,,,
042595,0,0,0,-39,,,,
042596,0,0,0,43,,,,
042597,0,0,0,14,,,,
042600,0,0,0,0,,,,
042602,0,0,0,79,,,,
042604,0,0,0,36,,,,
042607,0,0,0,60,,,,
042608,0,0,0,-8,,,,
042610,0,0,0,-150,,,,
042611,0,0,0,-102,,,,
042612,0,0,0,204,,,,
042614,0,0,0,68,,,,
042615,0,0,0,-22,,,,
042616,0,0,0,-310,,,,
042617,0,0,0,0,,,,
042618,0,0,0,287,,,,
042619,0,0,0,-15,,,,
042620,0,0,0,-8,,,,
042621,0,0,0,4,,,,
042622,0,0,0,-58,,,,
042624,0,0,0,17,,,,
042625,0,0,0,465,,,,
042626,0,0,0,114,,,,
042627,0,0,0,109,,,,
042628,0,0,0,26,,,,
042629,0,0,0,284,,,,
042632,0,0,0,116,,,,
042636,0,0,0,442,,,,
042637,0,0,0,2,,,,
042638,0,0,0,45,,,,
042639,0,0,0,289,,,,
042640,0,0,0,18,,,,
042641,0,0,0,-362,,,,
042643,0,0,0,-33,,,,
042644,0,0,0,16,,,,
042645,0,0,0,84,,,,
042646,0,0,0,0,,,,
042647,0,0,0,21,,,,
042648,0,0,0,8,,,,
042650,0,0,0,31,,,,
042652,0,0,0,8,,,,
042653,0,0,0,10,,,,
042656,0,0,0,-8,,,,
042657,0,0,0,-35,,,,
042658,0,0,0,70,,,,
042659,0,0,0,-70,,,,
042661,0,0,0,-20,,,,
042662,0,0,0,-5,,,,
042666,0,0,0,79,,,,
042667,0,0,0,21,,,,
042668,0,0,0,-1,,,,
042669,0,0,0,-39,,,,
042670,0,0,0,-55,,,,
042671,0,0,0,61,,,,
042672,0,0,0,9,,,,
042678,0,0,0,-12,,,,
042679,0,0,0,25,,,,
042680,0,0,0,-150,,,,
042682,0,0,0,41,,,,
042684,0,0,0,165,,,,
042687,0,0,0,-62,,,,
042691,0,0,0,100,,,,
042692,0,0,0,354,,,,
042693,0,0,0,-7,,,,
042694,0,0,0,-94,,,,
042695,0,0,0,596,,,,
042698,0,0,0,32,,,,
042700,0,0,0,30,,,,
042701,0,0,0,-17,,,,
042702,0,0,0,-6,,,,
042704,0,0,0,-9,,,,
042705,0,0,0,16,,,,
042707,0,0,0,-19,,,,
042708,0,0,0,11,,,,
042712,0,0,0,3,,,,
042715,0,0,0,-539,,,,
042716,0,0,0,-204,,,,
042717,0,0,0,-217,,,,
042719,0,0,0,154,,,,
042722,0,0,0,-10,,,,
042724,0,0,0,-788,,,,
042725,10,0,0,63,,,,
042726,0,0,0,-28,,,,
042727,0,0,0,157,,,,
042728,0,0,0,100,,,,
042733,0,0,0,-8,,,,
042734,0,0,0,46,,,,
042736,0,0,0,54,,,,
042737,0,0,0,267,,,,
042739,0,0,0,5,,,,
042740,0,0,0,14,,,,
042741,0,0,0,10,,,,
042745,0,0,0,-475,,,,
042746,0,0,0,5,,,,
042747,0,0,0,-6,,,,
042748,0,0,0,-1953,,,,
042749,0,0,0,-1040,,,,
042750,0,0,0,-20,,,,
042751,0,0,0,-172,,,,
042752,0,0,0,20,,,,
042753,0,0,0,289,,,,
042754,0,0,0,307,,,,
042756,0,0,0,-6,,,,
042757,0,0,0,107,,,,
042759,0,0,0,-277,,,,
042760,0,0,0,-17,,,,
042761,0,0,0,-60,,,,
042762,0,0,0,-35,,,,
042764,0,0,0,-1000,,,,
042765,0,0,0,171,,,,
042766,0,0,0,-46,,,,
042767,0,0,0,51,,,,
042768,0,0,0,-32,,,,
042769,0,0,0,5,,,,
042771,0,0,0,14,,,,
042772,0,0,0,-278,,,,
042773,0,0,0,20,,,,
042774,-200,0,0,221,,,,
042775,0,0,0,-4,,,,
042776,0,0,0,21,,,,
042779,0,0,0,-3,,,,
042780,0,0,0,19,,,,
042781,0,0,0,-295,,,,
042782,0,0,0,411,,,,
042784,0,0,0,-120,,,,
042785,0,0,0,187,,,,
042786,0,0,0,-108,,,,
042787,0,0,0,21,,,,
042788,0,0,0,261,,,,
042792,0,0,0,-6,,,,
042793,0,0,0,-251,,,,
042799,0,0,0,-125,,,,
042800,0,0,0,82,,,,
042801,0,0,0,901,,,,
042802,0,0,0,-13,,,,
042804,0,0,0,31,,,,
042806,0,0,0,-18,,,,
042807,0,0,0,185,,,,
042808,0,0,0,70,,,,
042810,0,0,0,16,,,,
042811,0,0,0,9,,,,
042813,0,0,0,-30,,,,
042814,0,0,0,1,,,,
042817,0,0,0,-96,,,,
042819,0,0,0,0,,,,
042820,0,0,0,51,,,,
042824,0,0,0,30,,,,
042828,0,0,0,5,,,,
042829,0,0,0,135,,,,
042830,0,0,0,3,,,,
042832,0,0,0,-237,,,,
042833,0,0,0,223,,,,
042835,0,0,0,-18,,,,
042837,0,0,0,10,,,,
042838,0,0,0,64,,,,
042840,0,0,0,-22,,,,
042841,0,0,0,-9,,,,
042842,0,0,0,-131,,,,
042843,0,0,0,1,,,,
042845,0,0,0,13,,,,
042848,0,0,0,-1,,,,
042849,0,0,0,223,,,,
042850,0,0,0,-171,,,,
042851,0,0,0,-685,,,,
042852,0,0,0,52,,,,
042853,0,0,0,-55,,,,
042857,0,0,0,-804,,,,
042858,0,0,0,-54,,,,
042862,0,0,0,160,,,,
042863,0,0,0,195,,,,
042869,0,0,0,-10,,,,
042872,0,0,0,-50,,,,
042873,0,0,0,-35,,,,
042874,0,0,0,23,,,,
042876,0,0,0,-582,,,,
042879,0,0,0,-479,,,,
042882,0,0,0,-10,,,,
042884,0,0,0,-54,,,,
042889,0,0,0,-27,,,,
042890,0,0,0,-58,,,,
042900,0,0,0,63,,,,
042901,0,0,0,42,,,,
042903,0,0,0,149,,,,
042904,0,0,0,74,,,,
042906,0,0,0,47,,,,
042907,0,0,0,236,,,,
042909,0,0,0,28,,,,
042911,0,0,0,85,,,,
042912,0,0,0,140,,,,
042914,0,0,0,130,,,,
042915,0,0,0,-132,,,,
042916,0,0,0,-168,,,,
042917,0,0,0,-28,,,,
042919,0,0,0,1012,,,,
042920,0,0,0,75,,,,
042921,0,0,0,209,,,,
042922,0,0,0,56,,,,
042923,0,0,0,83,,,,
042925,0,0,0,100,,,,
042926,0,0,0,922,,,,
042927,0,0,0,1036,,,,
042928,0,0,0,0,,,,
042930,0,0,0,-81,,,,
042935,0,0,0,43,,,,
042936,0,0,0,33,,,,
042940,0,0,0,-93,,,,
042941,0,0,0,-130,,,,
042942,0,0,0,-163,,,,
042943,0,0,0,-213,,,,
042946,0,0,0,-23,,,,
042947,0,0,0,319,,,,
042949,0,0,0,-165,,,,
042950,0,0,0,-11,,,,
042951,0,0,0,220,,,,
042952,0,0,0,38,,,,
042953,0,0,0,-9,,,,
042954,0,0,0,-22,,,,
042955,0,0,0,-200,,,,
042956,0,0,0,122,,,,
042957,0,0,0,-656,,,,
042958,0,0,0,980,,,,
042959,0,0,0,18,,,,
042960,0,0,0,20,,,,
042963,0,0,0,40,,,,
042966,0,0,0,-342,,,,
042967,0,0,0,-10,,,,
042968,0,0,0,-53,,,,
042969,0,0,0,11,,,,
042970,0,0,0,728,,,,
042972,0,0,0,-47,,,,
042973,0,0,0,-690,,,,
042976,0,0,0,359,,,,
042977,0,0,0,12,,,,
042978,0,0,0,114,,,,
042981,0,0,0,22,,,,
042983,0,0,0,511,,,,
042985,0,0,0,-114,,,,
042987,0,0,0,423,,,,
042990,0,0,0,-1,,,,
042991,0,0,0,-28,,,,
042995,0,0,0,60,,,,
042996,0,0,0,-10,,,,
042997,0,0,0,-36,,,,
042998,0,0,0,-30,,,,
043003,0,0,0,198,,,,
043004,0,0,0,36,,,,
043005,0,0,0,-1,,,,
043006,0,0,0,-335,,,,
043008,0,0,0,11,,,,
043009,0,0,0,0,,,,
043010,0,0,0,965,,,,
043011,0,0,0,-27,,,,
043012,0,0,0,-24,,,,
043014,0,0,0,-26,,,,
043015,0,0,0,38,,,,
043016,0,0,0,-15,,,,
043017,0,0,0,-38,,,,
043018,0,0,0,-53,,,,
043019,0,0,0,-105,,,,
043022,0,0,0,317,,,,
043023,0,0,0,11,,,,
043026,0,0,0,14,,,,
043028,0,0,0,-57,,,,
043029,0,0,0,-310,,,,
043030,0,0,0,-374,,,,
043031,0,0,0,3,,,,
043033,0,0,0,226,,,,
043034,0,0,0,-7,,,,
043035,0,0,0,-25,,,,
043037,0,0,0,175,,,,
043038,0,0,0,77,,,,
043039,0,0,0,138,,,,
04303U,0,0,0,-2,,,,
043040,0,0,0,158,,,,
043041,0,0,0,-87,,,,
043042,0,0,0,0,,,,
043045,0,0,0,188,,,,
043046,0,0,0,-12,,,,
043047,0,0,0,-1,,,,
04304U,0,0,0,-5,,,,
043051,0,0,0,-6,,,,
043052,0,0,0,-165,,,,
043053,0,0,0,-539,,,,
043054,0,0,0,250,,,,
043056,0,0,0,-217,,,,
043058,0,0,0,20,,,,
043059,0,0,0,719,,,,
043060,0,0,0,230,,,,
043061,0,0,0,15,,,,
043062,0,0,0,436,,,,
043064,0,0,0,-108,,,,
043065,0,0,0,-1023,,,,
043066,0,0,0,0,,,,
043067,0,0,0,-33,,,,
043069,0,0,0,-13,,,,
043070,0,0,0,45,,,,
043071,0,0,0,373,,,,
043072,0,0,0,-105,,,,
043073,0,0,0,80,,,,
043074,0,0,0,-50,,,,
043075,0,0,0,61,,,,
043076,0,0,0,11,,,,
043077,0,0,0,100,,,,
043079,0,0,0,-113,,,,
043081,0,0,0,-201,,,,
043082,0,0,0,15,,,,
043083,0,0,0,-672,,,,
043084,0,0,0,-181,,,,
043086,150,0,0,-568,,,,
043088,0,0,0,187,,,,
043095,0,0,0,-5,,,,
043096,0,0,0,-3,,,,
043097,0,0,0,-6,,,,
043098,0,0,0,14,,,,
043101,0,0,0,-1,,,,
043102,0,0,0,16,,,,
043104,0,0,0,-107,,,,
043106,0,0,0,84,,,,
043107,0,0,0,-22,,,,
043108,0,0,0,-40,,,,
043109,0,0,0,22,,,,
043110,0,0,0,-107,,,,
043113,0,0,0,-268,,,,
043114,0,0,0,-200,,,,
043115,0,0,0,11,,,,
043117,0,0,0,-10,,,,
043118,0,0,0,-46,,,,
043120,0,0,0,13,,,,
043123,0,0,0,-15,,,,
043126,0,0,0,-4,,,,
043127,0,0,0,-1770,,,,
043128,0,0,0,9,,,,
043130,0,0,0,-72,,,,
043131,0,0,0,-56,,,,
043132,0,0,0,-10,,,,
043134,0,0,0,107,,,,
043135,0,0,0,-1,,,,
043140,0,0,0,15,,,,
043141,0,0,0,-46,,,,
043142,0,0,0,-168,,,,
043143,0,0,0,-30,,,,
043144,0,0,0,-505,,,,
043145,0,0,0,136,,,,
043148,0,0,0,-5,,,,
043150,0,0,0,-18,,,,
043151,0,0,0,-20,,,,
043152,0,0,0,-2,,,,
043153,0,0,0,8,,,,
043154,0,0,0,-147,,,,
043155,0,0,0,19,,,,
043156,0,0,0,7,,,,
043158,0,0,0,5,,,,
043162,0,0,0,-10,,,,
043164,0,0,0,0,,,,
043165,0,0,0,2,,,,
043166,0,0,0,7,,,,
043168,0,0,0,7,,,,
043169,0,0,0,66,,,,
043171,0,0,0,34,,,,
043172,0,0,0,-63,,,,
043173,0,0,0,-22,,,,
043174,0,0,0,0,,,,
043176,0,0,0,10,,,,
043177,0,0,0,-53,,,,
043178,0,0,0,-203,,,,
043180,0,0,0,-60,,,,
043181,0,0,0,95,,,,
043182,0,0,0,34,,,,
043183,0,0,0,-594,,,,
043184,0,0,0,-16,,,,
043186,0,0,0,-81,,,,
043187,0,0,0,-30,,,,
043189,0,0,0,-23,,,,
043191,0,0,0,-23,,,,
043192,0,0,0,-161,,,,
043193,0,0,0,-2,,,,
043194,0,0,0,138,,,,
043197,0,0,0,-10,,,,
043199,0,0,0,-1417,,,,
043200,0,0,0,-6,,,,
043201,0,0,0,1,,,,
043203,0,0,0,12,,,,
043204,0,0,0,0,,,,
043205,0,0,0,-68,,,,
043208,0,0,0,2,,,,
043213,0,0,0,-25,,,,
043214,0,0,0,0,,,,
043215,0,0,0,56,,,,
043218,0,0,0,0,,,,
043219,0,0,0,68,,,,
043221,0,0,0,-30,,,,
043223,0,0,0,57,,,,
043225,0,0,0,-7,,,,
043227,0,0,0,-31,,,,
043229,0,0,0,10,,,,
043231,0,0,0,-55,,,,
043232,0,0,0,78,,,,
043233,0,0,0,30,,,,
043236,0,0,0,74,,,,
043237,0,0,0,-57,,,,
043238,0,0,0,81,,,,
043239,0,0,0,160,,,,
043241,0,0,0,35,,,,
043242,0,0,0,779,,,,
043244,0,0,0,-4,,,,
043245,0,0,0,-19,,,,
043246,0,0,0,-30,,,,
043247,0,0,0,-10,,,,
043248,0,0,0,-86,,,,
043250,0,0,0,91,,,,
043253,0,0,0,7,,,,
043256,0,0,0,-389,,,,
043258,0,0,0,37,,,,
043259,0,0,0,-4,,,,
043260,0,0,0,72,,,,
043261,0,0,0,10,,,,
043262,0,0,0,1,,,,
043263,0,0,0,11,,,,
043264,0,0,0,20,,,,
043265,0,0,0,67,,,,
043267,0,0,0,129,,,,
043269,0,0,0,-85,,,,
043270,0,0,0,91,,,,
043271,0,0,0,236,,,,
043272,0,0,0,249,,,,
043273,0,0,0,134,,,,
043276,0,0,0,-58,,,,
043277,-10,0,0,440,,,,
043278,0,0,0,-78,,,,
043279,0,0,0,-151,,,,
043280,0,0,0,-291,,,,
043282,0,0,0,-310,,,,
043283,0,0,0,-85,,,,
043286,0,0,0,-6,,,,
043287,0,0,0,0,,,,
043288,0,0,0,0,,,,
043289,0,0,0,-27,,,,
043290,0,0,0,-16,,,,
043292,0,0,0,-162,,,,
043294,0,0,0,10,,,,
043295,0,0,0,7,,,,
043296,0,0,0,25,,,,
043298,0,0,0,0,,,,
043301,0,0,0,-31,,,,
043302,0,0,0,-189,,,,
043304,0,0,0,7,,,,
043305,0,0,0,63,,,,
043306,0,0,0,-21,,,,
043307,0,0,0,-158,,,,
043309,0,0,0,0,,,,
043311,0,0,0,-4,,,,
043318,0,0,0,-110,,,,
043319,0,0,0,-50,,,,
043320,0,0,0,0,,,,
043321,0,0,0,-95,,,,
043322,0,0,0,66,,,,
043323,0,0,0,-54,,,,
043324,0,0,0,-8,,,,
043325,0,0,0,12,,,,
043326,0,0,0,53,,,,
043327,0,0,0,0,,,,
043332,0,0,0,-73,,,,
043333,0,0,0,9,,,,
043337,0,0,0,91,,,,
043341,0,0,0,-10,,,,
043342,0,0,0,30,,,,
043343,0,0,0,30,,,,
043347,0,0,0,-58,,,,
043348,0,0,0,-18,,,,
043350,0,0,0,-15,,,,
043352,0,0,0,381,,,,
043354,0,0,0,-35,,,,
043355,0,0,0,-632,,,,
043356,0,0,0,-412,,,,
043357,0,0,0,-6,,,,
043358,0,0,0,-148,,,,
043360,0,0,0,-33,,,,
043361,0,0,0,-315,,,,
043362,0,0,0,394,,,,
043363,0,0,0,-250,,,,
043364,0,0,0,-194,,,,
043365,0,0,0,-44,,,,
043366,0,0,0,-883,,,,
043367,0,0,0,-1,,,,
043368,0,0,0,-590,,,,
043369,0,0,0,-343,,,,
043370,0,0,0,0,,,,
043372,0,0,0,56,,,,
043373,0,0,0,-17,,,,
043374,0,0,0,-138,,,,
043375,0,0,0,-53,,,,
043376,0,0,0,769,,,,
043377,-15,0,0,0,,,,
043378,0,0,0,411,,,,
043380,0,0,0,-250,,,,
043381,0,0,0,-110,,,,
043382,0,0,0,-1,,,,
043383,0,0,0,148,,,,
043384,0,0,0,111,,,,
043387,0,0,0,-54,,,,
043388,0,0,0,-507,,,,
043389,0,0,0,20,,,,
043390,0,0,0,-208,,,,
043391,0,0,0,-146,,,,
043392,0,0,0,31,,,,
043393,0,0,0,-462,,,,
043394,0,0,0,-20,,,,
043396,0,0,0,-1057,,,,
043397,0,0,0,-140,,,,
043398,0,0,0,-10,,,,
043399,0,0,0,7,,,,
043400,0,0,0,-26,,,,
043402,0,0,0,-265,,,,
043403,0,0,0,429,,,,
043406,0,0,0,69,,,,
043407,0,0,0,-52,,,,
043411,0,0,0,41,,,,
043412,0,0,0,0,,,,
043413,0,0,0,17,,,,
043416,0,0,0,-85,,,,
043417,0,0,0,100,,,,
043419,0,0,0,17,,,,
043420,0,0,0,-76,,,,
043423,0,0,0,1,,,,
043425,0,0,0,47,,,,
043426,0,0,0,85,,,,
043431,0,0,0,52,,,,
043435,0,0,0,30,,,,
043436,0,0,0,-93,,,,
043438,0,0,0,188,,,,
043439,0,0,0,-133,,,,
043440,0,0,0,304,,,,
043441,0,0,0,58,,,,
043442,0,0,0,-26,,,,
043443,0,0,2,-1,,,,
043444,0,0,0,36,,,,
043445,0,0,0,-95,,,,
043446,0,0,0,-107,,,,
043447,0,0,0,20,,,,
043448,0,0,0,56,,,,
043449,0,0,0,-157,,,,
043450,0,0,0,-48,,,,
043451,0,0,0,98,,,,
043453,0,0,0,314,,,,
043455,0,0,0,545,,,,
043456,2,0,0,641,,,,
043458,0,0,0,-86,,,,
043459,0,0,0,-24,,,,
043461,0,0,0,238,,,,
043463,0,0,0,-482,,,,
043464,0,0,0,179,,,,
043466,0,0,0,142,,,,
043469,0,0,0,-50,,,,
043470,0,0,0,-6,,,,
043471,0,0,0,50,,,,
043474,0,0,0,-973,,,,
043476,0,0,0,29,,,,
043477,0,0,0,-9,,,,
043478,0,0,0,30,,,,
043479,0,0,0,12,,,,
043480,0,0,0,10,,,,
043481,0,0,0,-11,,,,
043482,0,0,0,-10,,,,
043484,0,0,0,10,,,,
043485,0,0,0,296,,,,
043486,0,0,0,78,,,,
043487,0,0,0,22,,,,
043488,0,0,0,-135,,,,
043492,0,0,0,-62,,,,
043495,0,0,0,-200,,,,
043496,0,0,0,87,,,,
043497,0,0,0,-110,,,,
043499,0,0,0,-378,,,,
043502,0,0,0,44,,,,
043503,0,0,0,-250,,,,
043504,0,0,0,-6,,,,
043505,0,0,0,91,,,,
043506,0,0,0,-150,,,,
043507,0,0,0,39,,,,
043508,0,0,0,-425,,,,
043509,0,0,0,-180,,,,
043510,0,0,0,262,,,,
043511,-20,0,0,-478,,,,
043512,0,0,0,1004,,,,
043513,0,0,0,164,,,,
043514,0,0,0,142,,,,
043515,0,0,0,7,,,,
043516,0,0,0,27,,,,
043517,0,0,0,-145,,,,
043518,0,0,0,-172,,,,
043519,0,0,0,6,,,,
043520,0,0,0,276,,,,
043521,0,0,0,-132,,,,
043523,0,0,0,-40,,,,
043524,0,0,0,-559,,,,
043525,0,0,0,-1622,,,,
043528,0,0,0,-39,,,,
043529,0,0,0,1796,,,,
043530,0,0,0,377,,,,
043531,0,0,0,1116,,,,
043532,0,0,0,-212,,,,
043533,0,0,0,352,,,,
043534,0,0,0,-116,,,,
043535,0,0,0,135,,,,
043536,0,0,0,-64,,,,
043538,0,0,0,-7,,,,
043539,0,0,0,-13,,,,
043540,0,0,0,-969,,,,
043542,0,0,0,-49,,,,
043544,0,0,0,55,,,,
043545,0,0,0,464,,,,
043546,0,0,0,-2,,,,
043547,0,0,0,98,,,,
043550,0,0,0,-24,,,,
043551,0,0,0,-3,,,,
043553,0,0,0,-25,,,,
043554,0,0,0,41,,,,
043555,0,0,0,-71,,,,
043557,0,0,0,74,,,,
043561,0,0,0,-598,,,,
043563,0,0,0,158,,,,
043564,0,0,0,15,,,,
043565,0,0,0,24,,,,
043566,0,0,0,3,,,,
043567,0,0,0,-226,,,,
043576,0,0,0,-2,,,,
043578,0,0,0,12,,,,
043579,0,0,0,2,,,,
043580,0,0,0,-25,,,,
043581,0,0,0,-62,,,,
043582,0,0,0,30,,,,
043583,0,0,0,110,,,,
043584,0,0,0,41,,,,
043586,0,0,0,1,,,,
043587,0,0,0,13,,,,
043588,0,0,0,52,,,,
043591,0,0,0,-10,,,,
043592,0,0,0,-15,,,,
043593,0,0,0,3,,,,
043594,0,0,0,24,,,,
043595,0,0,0,-337,,,,
043597,0,0,0,-316,,,,
043598,0,0,0,392,,,,
043599,0,0,0,-2,,,,
043602,0,0,0,-93,,,,
043603,0,0,0,-100,,,,
043605,0,0,0,-446,,,,
043606,0,0,0,303,,,,
043607,0,0,0,834,,,,
043609,0,0,0,-35,,,,
043610,0,0,0,-254,,,,
043611,0,0,0,6,,,,
043612,0,0,0,53,,,,
043613,0,0,0,-10,,,,
043614,0,0,0,-694,,,,
043616,0,0,0,-71,,,,
043617,0,0,0,175,,,,
043618,0,0,0,436,,,,
043619,0,0,0,-1,,,,
043620,0,0,0,1,,,,
043621,0,0,0,11,,,,
043623,0,0,0,-142,,,,
043624,0,0,0,22,,,,
043626,0,0,0,-11,,,,
043627,0,0,0,-39,,,,
043629,0,0,0,10,,,,
043630,0,0,0,18,,,,
043631,0,0,0,5,,,,
043632,0,0,0,-128,,,,
043633,0,0,0,3,,,,
043634,0,0,0,-71,,,,
043635,0,0,0,-19,,,,
043636,0,0,0,3,,,,
043637,0,0,0,-40,,,,
043638,0,0,0,-14,,,,
043639,0,0,0,5,,,,
04363U,0,0,0,816,,,,
043640,0,0,0,246,,,,
043641,0,0,0,53,,,,
043642,0,0,0,-106,,,,
043643,0,0,0,-475,,,,
043644,0,0,0,5,,,,
043645,0,0,0,-44,,,,
043646,0,0,0,-150,,,,
043648,0,0,0,96,,,,
043649,0,0,0,-195,,,,
043650,0,0,0,-105,,,,
043651,0,0,0,-307,,,,
043652,0,0,0,140,,,,
043653,0,0,0,-110,,,,
043654,0,0,0,-72,,,,
043655,0,0,0,-3,,,,
043656,0,0,0,-2,,,,
043658,0,0,0,108,,,,
043659,0,0,0,-10,,,,
043660,0,0,0,40,,,,
043661,0,0,0,173,,,,
043662,0,0,0,328,,,,
043663,0,0,0,154,,,,
043664,0,0,0,142,,,,
043665,0,0,0,-51,,,,
043666,0,0,0,10,,,,
043667,0,0,0,28,,,,
043669,0,0,0,62,,,,
043670,0,0,0,11,,,,
043671,0,0,0,-46,,,,
043672,0,0,0,453,,,,
043673,0,0,0,499,,,,
043674,0,0,0,-37,,,,
043675,0,0,0,-79,,,,
043676,0,0,0,749,,,,
043677,0,0,0,10,,,,
043679,0,0,0,-200,,,,
043682,0,0,0,0,,,,
043683,0,0,0,-25,,,,
043684,0,0,0,-121,,,,
043686,0,0,0,-201,,,,
043687,0,0,0,562,,,,
043688,0,0,0,-97,,,,
043689,0,0,0,123,,,,
043690,0,0,0,69,,,,
043691,0,0,0,-29,,,,
043692,0,0,0,-207,,,,
043693,0,0,0,-47,,,,
043694,0,0,0,-7,,,,
043695,0,0,0,-24,,,,
043696,0,0,0,-58,,,,
043697,0,0,0,-2,,,,
043699,0,0,0,-15,,,,
043700,0,0,0,-112,,,,
043702,0,0,0,73,,,,
043703,0,0,0,17,,,,
043704,0,0,0,-88,,,,
043708,0,0,0,35,,,,
043709,0,0,0,-19,,,,
043710,0,0,0,590,,,,
043711,0,0,0,919,,,,
043713,0,0,0,-416,,,,
043715,0,0,0,50,,,,
043716,0,0,0,13,,,,
043718,0,0,0,-273,,,,
043720,0,0,0,-8,,,,
043721,0,0,0,1169,,,,
043722,0,0,0,-258,,,,
043723,0,0,0,29,,,,
043724,0,0,0,-146,,,,
043725,0,0,0,-186,,,,
043726,0,0,0,240,,,,
043727,0,0,0,-22,,,,
043728,0,0,0,-31,,,,
043729,0,0,0,-1920,,,,
043730,0,0,0,49,,,,
043732,0,0,0,50,,,,
043733,0,0,0,-2,,,,
043735,0,0,0,42,,,,
043737,0,0,0,24,,,,
043738,0,0,0,85,,,,
043739,0,0,0,30,,,,
043740,0,0,0,-13,,,,
043743,0,0,0,-203,,,,
043744,0,0,0,60,,,,
043747,0,0,0,1,,,,
043748,0,0,0,-73,,,,
043749,0,0,0,-23,,,,
043752,0,0,0,5,,,,
043755,0,0,0,9,,,,
043757,0,0,0,-7,,,,
043758,0,0,0,50,,,,
043759,0,0,0,13,,,,
043761,0,0,0,1,,,,
043762,0,0,0,-23,,,,
043765,0,0,0,0,,,,
043768,0,0,0,90,,,,
043773,0,0,0,1,,,,
043774,0,0,0,110,,,,
043775,0,0,0,154,,,,
043776,0,0,0,142,,,,
043779,0,0,0,-1,,,,
043780,0,0,0,6,,,,
043782,0,0,0,649,,,,
043783,0,0,0,30,,,,
043784,0,0,0,312,,,,
043785,0,0,0,150,,,,
043786,0,0,0,-55,,,,
043787,0,0,0,27,,,,
043789,0,0,0,80,,,,
043791,0,0,0,6,,,,
043795,0,0,0,53,,,,
043796,0,0,0,-9,,,,
043797,0,0,0,24,,,,
043798,0,0,0,-35,,,,
043799,0,0,0,-63,,,,
04379U,0,0,0,-4,,,,
043800,0,0,0,1,,,,
043801,0,0,0,-60,,,,
043802,0,0,0,427,,,,
043803,0,0,0,-8,,,,
043804,0,0,0,-588,,,,
043805,0,0,0,-2,,,,
043808,0,0,0,0,,,,
043811,0,0,0,2,,,,
043812,0,0,0,-40,,,,
043813,0,0,0,19,,,,
043814,0,0,0,-30,,,,
043815,0,0,0,-3,,,,
043816,0,0,0,52,,,,
043817,0,0,0,-97,,,,
043818,0,0,0,-5,,,,
043819,0,0,0,30,,,,
043820,0,0,0,63,,,,
043821,0,0,0,-22,,,,
043822,0,0,0,-7,,,,
043823,0,0,0,-73,,,,
043824,0,0,0,674,,,,
043825,0,0,0,-369,,,,
043826,0,0,0,-13,,,,
043827,0,0,0,288,,,,
043829,0,0,0,53,,,,
043831,0,0,0,153,,,,
043832,0,0,0,2004,,,,
043833,0,0,0,517,,,,
043834,0,0,0,-120,,,,
043835,0,0,0,41,,,,
043836,0,0,0,209,,,,
043838,0,0,0,76,,,,
043839,0,0,0,-59,,,,
043841,0,0,0,-2,,,,
043842,0,0,0,1068,,,,
043845,0,0,0,-89,,,,
043847,0,0,0,22,,,,
043848,0,0,0,-1120,,,,
043850,0,0,0,-4,,,,
043851,0,0,0,101,,,,
043852,0,0,0,1,,,,
043853,0,0,0,311,,,,
043854,0,0,0,5,,,,
043855,0,0,0,-15,,,,
043858,0,0,0,1,,,,
043859,0,0,0,-133,,,,
043860,0,0,0,-15,,,,
043861,0,0,0,-143,,,,
043864,0,0,0,55,,,,
043865,0,0,0,-9,,,,
043866,0,0,0,68,,,,
043868,0,0,0,48,,,,
043869,0,0,0,-12,,,,
043870,0,0,0,-64,,,,
043871,0,0,0,-5,,,,
043873,0,0,0,0,,,,
043876,0,0,0,-46,,,,
043879,0,0,0,0,,,,
043880,0,0,0,-8,,,,
043881,0,0,0,-35,,,,
043882,0,0,0,-231,,,,
043883,0,0,0,0,,,,
043884,0,0,0,458,,,,
043885,0,0,0,136,,,,
043886,0,0,0,108,,,,
043887,0,0,0,374,,,,
043888,0,0,0,27,,,,
043889,0,0,0,195,,,,
04388U,0,0,0,6,,,,
043890,0,0,0,-54,,,,
043891,0,0,0,-163,,,,
043892,4,0,0,-460,,,,
043893,0,0,0,-12,,,,
043895,0,0,0,-279,,,,
043896,0,0,0,-120,,,,
043897,0,0,0,-16,,,,
043898,0,0,0,-12,,,,
043899,0,0,0,-33,,,,
043900,0,0,0,-29,,,,
043901,0,0,0,120,,,,
043902,0,0,0,163,,,,
043903,0,0,0,41,,,,
043904,0,0,0,87,,,,
043905,0,0,0,50,,,,
043906,0,0,0,100,,,,
043907,0,0,0,96,,,,
043908,0,0,0,149,,,,
043909,0,0,0,-305,,,,
043910,0,0,0,16,,,,
043912,0,0,0,0,,,,
043913,0,0,0,-504,,,,
043915,0,0,0,364,,,,
043916,0,0,0,-38,,,,
043917,0,0,0,48,,,,
043918,0,0,0,-444,,,,
043919,0,0,0,60,,,,
043920,0,0,0,-20,,,,
043921,0,0,0,112,,,,
043923,0,0,0,88,,,,
043924,0,0,0,-10,,,,
043925,0,0,0,345,,,,
043926,0,0,0,-249,,,,
043927,0,0,0,18,,,,
043928,0,0,0,-380,,,,
043929,0,0,0,-105,,,,
043930,0,0,0,1433,,,,
043931,0,0,0,272,,,,
043932,0,0,0,4,,,,
043933,0,0,0,-10,,,,
043934,0,0,0,-75,,,,
043935,0,0,0,2,,,,
043936,0,0,0,-100,,,,
043937,0,0,0,-265,,,,
043938,0,0,0,366,,,,
043940,0,0,0,-276,,,,
043941,0,0,0,391,,,,
043942,0,0,0,-165,,,,
043946,0,0,0,-1,,,,
043948,0,0,0,144,,,,
043950,0,0,0,-116,,,,
043952,0,0,0,18,,,,
043953,0,0,0,213,,,,
043954,0,0,0,-920,,,,
043955,0,0,0,-88,,,,
043956,0,0,0,29,,,,
043957,0,0,0,356,,,,
043958,0,0,0,5,,,,
043960,0,0,0,408,,,,
043961,0,0,0,-77,,,,
043962,0,0,0,19,,,,
043963,0,0,0,-61,,,,
043964,0,0,0,487,,,,
043965,0,0,0,-86,,,,
043967,0,0,0,49,,,,
043968,0,0,0,101,,,,
043969,0,0,0,-339,,,,
043970,0,0,0,16,,,,
043972,0,0,0,22,,,,
043974,0,0,0,8,,,,
043975,0,0,0,-42,,,,
043976,0,0,0,-1,,,,
043977,0,0,0,301,,,,
043978,0,0,0,-7,,,,
043979,0,0,0,-258,,,,
043980,0,0,0,-151,,,,
043981,0,0,0,-69,,,,
043983,0,0,0,10,,,,
043984,0,0,0,-73,,,,
043985,0,0,0,-16,,,,
043986,0,0,0,-56,,,,
043987,0,0,0,-51,,,,
043990,0,0,0,-1017,,,,
043991,0,0,0,41,,,,
043992,0,0,0,10,,,,
043993,0,0,0,2,,,,
043994,0,0,0,10,,,,
043995,0,0,0,48,,,,
044000,0,0,0,-88,,,,
044001,0,0,0,-11,,,,
044002,0,0,0,-8,,,,
044003,0,0,0,-202,,,,
044008,0,0,0,-21,,,,
044009,0,0,0,5,,,,
044010,0,0,0,-2016,,,,
044013,0,0,0,1438,,,,
044014,0,0,0,-53,,,,
044015,0,0,0,32,,,,
044017,0,0,0,12,,,,
044018,0,0,0,-21,,,,
044019,0,0,0,22,,,,
044020,0,0,0,-4,,,,
044022,0,0,0,-20,,,,
044023,0,0,0,3,,,,
044024,0,0,0,-2,,,,
044026,0,0,0,20,,,,
044027,0,0,0,10,,,,
044028,0,0,0,-145,,,,
044029,0,0,0,-16,,,,
04402U,0,0,0,-412,,,,
044030,0,0,0,54,,,,
044032,0,0,0,-275,,,,
044034,0,0,0,3,,,,
044036,0,0,0,29,,,,
044039,0,0,0,217,,,,
044040,0,0,0,-52,,,,
044041,0,0,0,160,,,,
044044,0,0,0,120,,,,
044045,0,0,0,-19,,,,
044047,0,0,0,60,,,,
044048,0,0,0,42,,,,
04404U,0,0,0,19,,,,
044050,0,0,0,35,,,,
044051,0,0,0,2,,,,
044052,0,0,0,-41,,,,
044053,0,0,0,-14,,,,
044055,0,0,0,-93,,,,
044056,0,0,0,21,,,,
044057,0,0,0,-19,,,,
044058,0,0,0,10,,,,
044060,0,0,0,-16,,,,
044061,0,0,0,107,,,,
044063,0,0,0,-218,,,,
044064,0,0,0,-10,,,,
044065,0,0,0,-286,,,,
044066,0,0,0,-308,,,,
04406U,0,0,0,11,,,,
044070,0,0,0,33,,,,
044073,0,0,0,-30,,,,
044074,0,0,0,655,,,,
044077,0,0,0,-25,,,,
044078,0,0,0,-20,,,,
044079,0,0,0,20,,,,
044081,0,0,0,6,,,,
044084,0,0,0,-430,,,,
044085,0,0,0,-36,,,,
044086,0,0,0,12,,,,
044087,0,0,0,2,,,,
044088,0,0,0,14,,,,
044089,0,0,0,-38,,,,
044090,0,0,0,11,,,,
044091,0,0,0,-14,,,,
044092,0,0,0,2415,,,,
044096,0,0,0,1,,,,
044098,0,0,0,-32,,,,
044099,0,0,0,18,,,,
044100,0,0,0,-12,,,,
044102,0,0,0,6,,,,
044103,0,0,0,6,,,,
044104,0,0,0,6,,,,
044105,0,0,0,0,,,,
044106,0,0,0,7,,,,
044108,0,0,0,49,,,,
044109,0,0,0,-973,,,,
044110,0,0,0,-11,,,,
044111,0,0,0,-278,,,,
044112,0,0,0,-11,,,,
044114,0,0,0,29,,,,
044115,0,0,0,-80,,,,
044116,0,0,0,-146,,,,
044117,0,0,0,2,,,,
044119,0,0,0,-56,,,,
044121,0,0,0,7,,,,
044122,0,0,0,516,,,,
044124,0,0,0,-20,,,,
044125,0,0,0,-1,,,,
044126,0,0,0,20,,,,
044127,0,0,0,-202,,,,
044128,0,0,0,0,,,,
044129,0,0,0,99,,,,
044130,0,0,0,129,,,,
044131,0,0,0,-121,,,,
044134,0,0,0,340,,,,
044136,0,0,0,-256,,,,
044137,0,0,0,-494,,,,
044139,0,0,0,-10,,,,
044140,0,0,0,-32,,,,
044141,0,0,0,386,,,,
044142,0,0,0,-183,,,,
044143,0,0,0,-110,,,,
044144,0,0,0,734,,,,
044145,0,0,0,1619,,,,
044146,0,0,0,-103,,,,
044148,0,0,0,31,,,,
044149,0,0,0,27,,,,
044151,0,0,0,208,,,,
044152,0,0,0,29,,,,
044154,0,0,0,54,,,,
044155,0,0,0,-20,,,,
044156,0,0,0,9,,,,
044157,0,0,0,0,,,,
044158,0,0,0,228,,,,
044160,0,0,0,-50,,,,
044161,0,0,0,76,,,,
044162,0,0,0,-25,,,,
044163,0,0,0,0,,,,
044165,0,0,0,304,,,,
044166,0,0,0,67,,,,
044168,0,0,0,128,,,,
044169,0,0,0,-26,,,,
044170,0,0,0,-210,,,,
044171,0,0,0,-25,,,,
044172,0,0,0,-130,,,,
044175,0,0,0,2,,,,
044178,0,0,0,-144,,,,
044179,0,0,0,121,,,,
044181,0,0,0,217,,,,
044182,0,0,0,-331,,,,
044183,0,0,0,123,,,,
044184,0,0,0,289,,,,
044185,0,0,0,-168,,,,
044186,0,0,0,-104,,,,
044187,0,0,0,44,,,,
044188,0,0,0,8,,,,
044189,0,0,0,-24,,,,
044190,0,0,0,-8,,,,
044191,0,0,0,25,,,,
044192,0,0,0,-21,,,,
044193,0,0,0,1,,,,
044195,0,0,0,-8,,,,
044196,0,0,0,16,,,,
044201,0,0,0,23,,,,
044202,0,0,0,4,,,,
044203,0,0,0,-23,,,,
044205,0,0,0,0,,,,
044208,0,0,0,29,,,,
044209,0,0,0,-133,,,,
044210,0,0,0,17,,,,
044212,0,0,0,-17,,,,
044218,0,0,0,-28,,,,
044219,0,0,0,-19,,,,
044220,0,0,0,10,,,,
044223,0,0,0,-25,,,,
044224,0,0,0,-22,,,,
044226,0,0,0,-88,,,,
044227,0,0,0,-95,,,,
044228,0,0,0,0,,,,
044229,0,0,0,-202,,,,
044230,0,0,0,10,,,,
044231,0,0,0,71,,,,
044232,0,0,0,52,,,,
044233,0,0,0,-252,,,,
044234,0,0,0,34,,,,
044235,0,0,0,-87,,,,
044236,0,0,0,-1,,,,
044237,0,0,0,-25,,,,
044238,0,0,0,109,,,,
044239,0,0,0,-21,,,,
044241,0,0,0,8,,,,
044242,0,0,0,-61,,,,
044243,0,0,0,-5,,,,
044245,0,0,0,12,,,,
044248,0,0,0,6,,,,
044250,0,0,0,-31,,,,
044251,0,0,0,20,,,,
044252,0,0,0,-60,,,,
044253,0,0,0,-8,,,,
044254,0,0,0,0,,,,
044257,0,0,0,-10,,,,
044258,0,0,0,186,,,,
044259,0,0,0,-111,,,,
044260,0,0,0,-11,,,,
044261,0,0,0,-153,,,,
044263,0,0,0,31,,,,
044265,0,0,0,6,,,,
044266,0,0,0,-87,,,,
044267,0,0,0,-126,,,,
044268,0,0,0,-162,,,,
044273,0,0,0,1,,,,
044275,0,0,0,23,,,,
044279,0,0,0,173,,,,
044281,0,0,0,-22,,,,
044282,0,0,0,34,,,,
044286,0,0,0,0,,,,
044288,0,0,0,3,,,,
044289,0,0,0,-330,,,,
044291,0,0,0,0,,,,
044292,0,0,0,138,,,,
044294,0,0,0,8,,,,
044295,0,0,0,-636,,,,
044296,0,0,0,16,,,,
044297,0,0,0,255,,,,
044298,0,0,0,1,,,,
044299,0,0,0,175,,,,
04429U,0,0,0,1,,,,
044301,0,0,0,14,,,,
044304,0,0,0,-36,,,,
044305,0,0,0,-100,,,,
044306,0,0,0,-1,,,,
044307,0,0,0,-74,,,,
044308,0,0,0,1953,,,,
044309,0,0,0,-352,,,,
044310,0,0,0,-30,,,,
044312,0,0,0,-6,,,,
044315,0,0,0,99,,,,
044317,0,0,0,-514,,,,
044318,1,0,0,-3740,,,,
044319,0,0,0,25,,,,
044320,0,0,0,13,,,,
044321,0,0,0,-6,,,,
044322,0,0,0,-326,,,,
044325,0,0,0,-191,,,,
044326,0,0,0,-380,,,,
044329,0,0,0,-15,,,,
044330,0,0,0,174,,,,
044332,0,0,0,-830,,,,
044333,0,0,0,-1,,,,
044334,0,0,0,-245,,,,
044335,0,0,0,195,,,,
044336,0,0,0,18,,,,
044337,0,0,0,101,,,,
044338,0,0,0,80,,,,
044339,0,0,0,288,,,,
044340,0,0,0,-1,,,,
044341,0,0,0,-10,,,,
044343,0,0,0,-43,,,,
044344,0,0,0,-610,,,,
044345,0,0,0,-103,,,,
044348,0,0,0,18,,,,
044349,0,0,0,39,,,,
044350,0,0,0,9,,,,
044351,0,0,0,-215,,,,
044352,0,0,0,-279,,,,
044353,0,0,0,253,,,,
044354,0,0,0,55,,,,
044355,0,0,0,-63,,,,
044356,0,0,0,110,,,,
044357,0,0,0,-649,,,,
044358,0,0,0,-100,,,,
044359,0,0,0,190,,,,
044360,0,0,0,-299,,,,
044361,0,0,0,15,,,,
044363,0,0,0,-10,,,,
044364,0,0,0,3,,,,
044368,0,0,0,1,,,,
044369,0,0,0,161,,,,
044370,0,0,0,40,,,,
044371,0,0,0,40,,,,
044372,0,0,0,479,,,,
044373,0,0,0,934,,,,
044374,0,0,0,-228,,,,
044375,0,0,0,-5,,,,
044376,0,0,0,27,,,,
044378,0,0,0,1,,,,
044379,0,0,0,235,,,,
044380,0,0,0,-413,,,,
044381,0,0,0,-5,,,,
044382,0,0,0,87,,,,
044383,0,0,0,127,,,,
044384,0,0,0,10,,,,
044385,0,0,0,8,,,,
044386,0,0,0,-30,,,,
044387,0,0,0,10,,,,
044388,0,0,0,-71,,,,
044390,0,0,0,-10,,,,
044391,0,0,0,-7,,,,
044392,0,0,0,157,,,,
044393,0,0,0,-935,,,,
044394,0,0,0,9,,,,
044395,0,0,0,7,,,,
044397,0,0,0,5,,,,
044398,0,0,0,1728,,,,
044399,0,0,0,27,,,,
044400,0,0,0,992,,,,
044401,0,0,0,96,,,,
044402,0,0,0,76,,,,
044403,0,0,0,-1495,,,,
044404,0,0,0,-217,,,,
044405,0,0,0,197,,,,
044406,0,0,0,-27,,,,
044407,0,0,0,-286,,,,
044408,0,0,0,36,,,,
044411,0,0,0,15,,,,
044412,0,0,0,53,,,,
044413,0,0,0,-10,,,,
044414,0,0,0,3,,,,
044415,0,0,0,0,,,,
044416,0,0,0,73,,,,
044417,0,0,0,-476,,,,
044418,0,0,0,110,,,,
044419,0,0,0,261,,,,
044420,0,0,0,78,,,,
044421,0,0,0,282,,,,
044422,0,0,0,-9,,,,
044425,0,0,0,69,,,,
044427,0,0,0,-232,,,,
044428,0,0,0,-186,,,,
044431,0,0,0,-684,,,,
044432,0,0,0,-46,,,,
044433,0,0,0,-21,,,,
044434,0,0,0,-353,,,,
044435,0,0,0,-620,,,,
044436,0,0,0,-543,,,,
044437,0,0,0,-23,,,,
044438,0,0,0,-10,,,,
044439,0,0,0,179,,,,
04443U,0,0,0,-10,,,,
044440,0,0,0,-10,,,,
044441,0,0,0,106,,,,
044442,0,0,0,41,,,,
044444,0,0,0,-5,,,,
044445,0,0,0,1,,,,
044446,0,0,0,2,,,,
044447,0,0,0,3,,,,
044449,0,0,0,-17,,,,
044452,0,0,0,-31,,,,
044454,0,0,0,-73,,,,
044455,0,0,0,-40,,,,
044458,0,0,0,40,,,,
044460,0,0,0,-483,,,,
044461,0,0,0,169,,,,
044462,0,0,0,-8,,,,
044464,0,0,0,199,,,,
044465,0,0,0,-231,,,,
044466,0,0,0,1,,,,
044467,0,0,0,253,,,,
044468,0,0,0,-58,,,,
044470,0,0,0,194,,,,
044471,0,0,0,49,,,,
044473,0,0,0,4,,,,
044474,0,0,0,-7,,,,
044475,0,0,0,44,,,,
044477,0,0,0,99,,,,
044478,0,0,0,11,,,,
044479,0,0,0,37,,,,
044480,-10,0,0,-1801,,,,
044481,0,0,0,29,,,,
044482,0,0,0,401,,,,
044483,0,0,0,0,,,,
044484,0,0,0,26,,,,
044485,0,0,0,3,,,,
044486,0,0,0,15,,,,
044489,0,0,0,-103,,,,
044490,0,0,0,-23,,,,
044493,0,0,0,20,,,,
044494,0,0,0,75,,,,
044495,0,0,0,95,,,,
044497,0,0,0,-47,,,,
044498,0,0,0,-164,,,,
04449U,0,0,0,-100,,,,
044500,0,0,0,-15,,,,
044501,0,0,0,65,,,,
044502,0,0,0,27,,,,
044505,0,0,0,-33,,,,
044507,0,0,0,1,,,,
044509,0,0,0,-29,,,,
044510,0,0,0,-10,,,,
044511,0,0,0,-79,,,,
044512,0,0,0,29,,,,
044513,0,0,0,62,,,,
044514,0,0,0,4,,,,
044515,0,0,0,48,,,,
044516,0,0,0,33,,,,
044519,0,0,0,-23,,,,
044520,0,0,0,4,,,,
044524,0,0,0,0,,,,
044525,0,0,0,160,,,,
044527,0,0,0,30,,,,
044533,0,0,0,-10,,,,
044534,0,0,0,-114,,,,
044536,0,0,0,83,,,,
044538,0,0,0,2,,,,
044539,0,0,0,5,,,,
044541,0,0,0,-4,,,,
044542,0,0,0,182,,,,
044545,0,0,0,14,,,,
044546,0,0,0,0,,,,
044549,0,0,0,-62,,,,
044550,0,0,0,274,,,,
044556,0,0,0,9,,,,
044557,0,0,0,1,,,,
044559,0,0,0,-123,,,,
044561,0,0,0,0,,,,
044562,0,0,0,43,,,,
044566,0,0,0,238,,,,
044567,0,0,0,50,,,,
044568,0,0,0,3,,,,
044573,0,0,0,1,,,,
044574,0,0,0,-50,,,,
044576,0,0,0,33,,,,
044577,0,0,0,310,,,,
044578,0,0,0,-49,,,,
044580,0,0,0,7,,,,
044581,0,0,0,-32,,,,
044582,0,0,0,-5,,,,
044583,0,0,0,0,,,,
044586,0,0,0,-45,,,,
044587,0,0,0,15,,,,
044588,0,0,0,16,,,,
044589,0,0,0,1,,,,
044592,0,0,0,30,,,,
044595,0,0,0,-1,,,,
044597,0,0,0,603,,,,
044599,0,0,0,12,,,,
044600,0,0,0,20,,,,
044601,0,0,0,-59,,,,
044603,0,0,0,-88,,,,
044604,0,0,0,2,,,,
044605,0,0,0,192,,,,
044606,0,0,0,107,,,,
044607,0,0,0,-10,,,,
044608,0,0,0,92,,,,
044610,0,0,0,115,,,,
044612,0,0,0,20,,,,
044613,0,0,0,57,,,,
044616,0,0,0,-402,,,,
044617,0,0,0,116,,,,
044618,0,0,0,540,,,,
044619,0,0,0,-125,,,,
04461U,0,0,0,7,,,,
044620,0,0,0,-19,,,,
044621,0,0,0,-405,,,,
044622,0,0,0,-36,,,,
044623,0,0,0,110,,,,
044624,0,0,0,-10,,,,
044625,0,0,0,-26,,,,
044626,0,0,0,27,,,,
044628,0,0,0,42,,,,
044629,0,0,0,61,,,,
04462U,0,0,0,80,,,,
044630,0,0,0,34,,,,
044631,0,0,0,-81,,,,
044633,0,0,0,-182,,,,
044634,0,0,0,-12,,,,
044635,0,0,0,0,,,,
044636,0,0,0,-5,,,,
044638,0,0,0,-44,,,,
044639,0,0,0,105,,,,
044640,0,0,0,-7,,,,
044641,0,0,0,391,,,,
044642,0,0,0,-11,,,,
044643,0,0,0,-104,,,,
044645,0,0,0,337,,,,
044646,0,0,0,-2610,,,,
044647,0,0,0,-267,,,,
044650,0,0,0,306,,,,
044651,0,0,0,-50,,,,
044652,0,0,0,-20,,,,
044655,0,0,0,0,,,,
044656,0,0,0,145,,,,
044657,0,0,0,18,,,,
044661,0,0,0,-19,,,,
044662,0,0,0,-131,,,,
044663,0,0,0,11,,,,
044665,0,0,0,-400,,,,
044666,0,0,0,-175,,,,
044674,0,0,0,192,,,,
044675,0,0,0,-554,,,,
044677,0,0,0,-53,,,,
044678,0,0,0,-181,,,,
044679,0,0,0,-1,,,,
04467U,0,0,0,155,,,,
044680,0,0,0,0,,,,
044681,0,0,0,-29,,,,
044684,0,0,0,7,,,,
044686,0,0,0,10,,,,
044687,0,0,0,-123,,,,
044688,0,0,0,-69,,,,
044689,0,0,0,3,,,,
044690,0,0,0,-5,,,,
044692,0,0,0,6,,,,
044696,0,0,0,-14,,,,
044697,0,0,0,180,,,,
044698,0,0,0,69,,,,
044699,0,0,0,-91,,,,
044700,0,0,0,-75,,,,
044701,0,0,0,8,,,,
044702,0,0,0,4,,,,
044703,0,0,0,1,,,,
044705,0,0,0,38,,,,
044708,0,0,0,-80,,,,
04470U,0,0,0,50,,,,
044710,0,0,0,173,,,,
044711,0,0,0,38,,,,
044712,0,0,0,22,,,,
044713,0,0,0,-35,,,,
044714,0,0,0,20,,,,
044715,0,0,0,-126,,,,
044716,0,0,0,-62,,,,
044717,0,0,0,-2,,,,
044719,0,0,0,211,,,,
044720,0,0,0,80,,,,
044722,0,0,0,52,,,,
044723,0,0,0,-38,,,,
044725,0,0,0,5,,,,
044728,0,0,0,-70,,,,
044729,0,0,0,-638,,,,
044731,0,0,0,56,,,,
044732,0,0,0,480,,,,
044733,0,0,0,158,,,,
044734,0,0,0,-47,,,,
044735,0,0,0,68,,,,
044736,0,0,0,-6,,,,
044737,0,0,0,110,,,,
044738,0,0,0,251,,,,
044739,0,0,0,592,,,,
044741,0,0,0,-6,,,,
044742,0,0,0,60,,,,
044743,0,0,0,10,,,,
044744,0,0,0,41,,,,
044745,-10,0,0,238,,,,
044746,0,0,0,0,,,,
044747,0,0,0,26,,,,
044748,0,0,0,-6,,,,
044749,0,0,0,282,,,,
04474U,0,0,0,30,,,,
044750,0,0,0,-24,,,,
044751,0,0,0,-156,,,,
044753,0,0,0,-277,,,,
044754,0,0,0,-399,,,,
044756,0,0,0,-20,,,,
044757,0,0,0,77,,,,
044759,0,0,0,-195,,,,
044760,0,0,0,-742,,,,
044762,0,0,0,13,,,,
044764,0,0,0,202,,,,
044767,0,0,0,27,,,,
044768,0,0,0,-2,,,,
044769,0,0,0,-440,,,,
044770,0,0,0,-10,,,,
044771,0,0,0,-86,,,,
044772,0,0,0,1,,,,
044773,0,0,0,-8,,,,
044774,0,0,0,102,,,,
044775,0,0,0,140,,,,
044776,0,0,0,112,,,,
044777,0,0,0,-10,,,,
044780,0,0,0,-752,,,,
044783,0,0,0,-15,,,,
044784,0,0,0,-85,,,,
044785,0,0,0,489,,,,
044786,0,0,0,-408,,,,
044787,0,0,0,152,,,,
044788,0,0,0,-97,,,,
044789,0,0,0,-155,,,,
044790,0,0,0,125,,,,
044791,0,0,0,-37,,,,
044792,0,0,0,99,,,,
044793,0,0,0,-8,,,,
044795,0,0,0,15,,,,
044796,0,0,0,87,,,,
044797,0,0,0,1,,,,
044798,0,0,0,8,,,,
044799,0,0,0,388,,,,
044800,0,0,0,421,,,,
044801,0,0,0,36,,,,
044803,0,0,0,-29,,,,
044805,0,0,0,56,,,,
044806,0,0,0,-33,,,,
044807,0,0,0,12,,,,
044808,0,0,0,-39,,,,
044809,0,0,0,68,,,,
044812,0,0,0,32,,,,
044813,0,0,0,75,,,,
044814,0,0,0,-447,,,,
044815,0,0,0,-254,,,,
044817,0,0,0,-315,,,,
044818,0,0,0,-1,,,,
044819,0,0,0,344,,,,
044821,0,0,0,-20,,,,
044822,0,0,0,-126,,,,
044824,0,0,0,170,,,,
044827,0,0,0,377,,,,
044828,0,0,0,371,,,,
044829,0,0,0,-8,,,,
044830,0,0,0,-150,,,,
044831,0,0,0,-265,,,,
044832,0,0,0,-187,,,,
044833,0,0,0,397,,,,
044834,0,0,0,464,,,,
044835,0,0,0,100,,,,
044836,0,0,0,-829,,,,
044837,0,0,0,-137,,,,
044838,0,0,0,72,,,,
044839,0,0,0,315,,,,
044840,0,0,0,-100,,,,
044841,0,0,0,368,,,,
044843,0,0,0,-7,,,,
044844,0,0,0,-28,,,,
044845,0,0,0,32,,,,
044846,0,0,0,-58,,,,
044848,0,0,0,-63,,,,
044849,0,0,0,-60,,,,
044850,0,0,0,-40,,,,
044852,0,0,0,23,,,,
044853,0,0,0,20,,,,
044857,0,0,0,5,,,,
044858,0,0,0,5,,,,
044859,0,0,0,0,,,,
044860,0,0,0,-10,,,,
044863,0,0,0,-10,,,,
044864,0,0,0,65,,,,
044865,0,0,0,-171,,,,
044866,0,0,0,4,,,,
044867,0,0,0,-1,,,,
044869,0,0,0,-36,,,,
044872,0,0,0,-93,,,,
044874,0,0,0,-34,,,,
044875,0,0,0,480,,,,
044876,0,0,0,-19,,,,
044878,0,0,0,67,,,,
044879,0,0,0,30,,,,
044880,0,0,0,0,,,,
044881,0,0,0,-6,,,,
044882,0,0,0,-151,,,,
044884,0,0,0,-24,,,,
044886,0,0,0,-2,,,,
044887,0,0,0,-37,,,,
044888,0,0,0,275,,,,
044889,0,0,0,-90,,,,
044890,0,0,0,150,,,,
044891,0,0,0,-268,,,,
044892,0,0,0,49,,,,
044893,0,0,0,197,,,,
044895,0,0,0,-163,,,,
044896,0,0,0,75,,,,
044898,0,0,0,278,,,,
044899,0,0,0,32,,,,
044904,0,0,0,53,,,,
044905,0,0,0,26,,,,
044906,0,0,0,-3,,,,
044907,0,0,0,-11,,,,
044908,0,0,0,-1,,,,
044909,0,0,0,71,,,,
044914,0,0,0,-670,,,,
044915,0,0,0,4,,,,
044916,0,0,0,159,,,,
044917,0,0,0,-15,,,,
044920,0,0,0,-10,,,,
044922,0,0,0,-263,,,,
044923,0,0,0,5,,,,
044924,0,0,0,171,,,,
044925,0,0,0,257,,,,
044927,0,0,0,10,,,,
044931,55,0,0,-103,,,,
044933,0,0,0,61,,,,
044934,0,0,0,-150,,,,
044936,0,0,0,48,,,,
044937,0,0,0,280,,,,
044938,0,0,0,19,,,,
044940,0,0,0,-126,,,,
044941,0,0,0,-529,,,,
044942,0,0,0,-29,,,,
044943,0,0,0,-5,,,,
044944,0,0,0,-93,,,,
044945,0,0,0,487,,,,
044946,0,0,0,1059,,,,
044947,0,0,0,250,,,,
044948,0,0,0,311,,,,
044949,0,0,0,-1,,,,
044950,0,0,0,5,,,,
044951,0,0,0,-1017,,,,
044952,0,0,0,-11,,,,
044954,0,0,0,-17,,,,
044955,0,0,0,-860,,,,
044956,0,0,0,-780,,,,
044957,0,0,0,-1940,,,,
044958,0,0,0,1,,,,
044959,0,0,0,-376,,,,
044960,0,0,0,-37,,,,
044961,0,0,0,270,,,,
044963,0,0,0,-634,,,,
044964,0,0,0,39,,,,
044966,0,0,0,96,,,,
044968,0,0,0,195,,,,
044969,0,0,0,13,,,,
044970,0,0,0,-766,,,,
044971,0,0,0,20,,,,
044972,0,0,0,-116,,,,
044973,0,0,0,12,,,,
044974,0,0,0,-110,,,,
044975,0,0,0,404,,,,
044977,0,0,0,-38,,,,
044979,0,0,0,82,,,,
044980,0,0,0,140,,,,
044982,0,0,0,-25,,,,
044984,0,0,0,0,,,,
044985,0,0,0,-34,,,,
044987,0,0,0,42,,,,
044989,0,0,0,31,,,,
044990,0,0,0,82,,,,
044991,0,0,0,194,,,,
044992,0,0,0,-117,,,,
044993,0,0,0,-290,,,,
044994,0,0,0,-15,,,,
044996,0,0,0,-3,,,,
044997,0,0,0,18,,,,
044998,0,0,0,62,,,,
044999,0,0,0,48,,,,
045001,0,0,0,41,,,,
045002,0,0,0,-4,,,,
045003,0,0,0,176,,,,
045004,0,0,0,-218,,,,
045005,0,0,0,20,,,,
045007,0,0,0,-1018,,,,
045008,0,0,0,62,,,,
045011,0,0,0,1,,,,
045012,0,0,0,38,,,,
045014,0,0,0,128,,,,
045015,0,0,0,-368,,,,
045016,0,0,0,-193,,,,
045017,0,0,0,-367,,,,
045018,0,0,0,-289,,,,
045019,0,0,0,-235,,,,
045020,0,0,0,86,,,,
045021,0,0,0,-348,,,,
045022,0,0,0,76,,,,
045023,0,0,0,0,,,,
045024,0,0,0,81,,,,
045025,0,0,0,15,,,,
045026,0,0,0,17,,,,
045027,0,0,0,-1061,,,,
045028,0,0,0,157,,,,
045029,0,0,0,68,,,,
045031,0,0,0,296,,,,
045034,0,0,0,-206,,,,
045035,0,0,0,413,,,,
045036,0,0,0,0,,,,
045038,0,0,0,-4,,,,
045039,0,0,0,94,,,,
045040,0,0,0,465,,,,
045041,0,0,0,-186,,,,
045042,0,0,0,-1195,,,,
045043,0,0,0,836,,,,
045044,0,0,0,468,,,,
045045,0,0,0,128,,,,
045048,0,0,0,-12,,,,
045049,0,0,0,-6,,,,
045050,0,0,0,16,,,,
045054,0,0,0,-5,,,,
045055,0,0,0,-32,,,,
045056,0,0,0,-17,,,,
045057,0,0,0,-2,,,,
045058,0,0,0,-34,,,,
045059,0,0,0,10,,,,
045060,0,0,0,75,,,,
045062,0,0,0,23,,,,
045063,0,0,0,22,,,,
045065,0,0,0,-145,,,,
045067,0,0,0,-90,,,,
045068,0,0,0,3,,,,
045069,0,0,0,13,,,,
045072,0,0,0,30,,,,
045073,0,0,0,12,,,,
045074,0,0,0,160,,,,
045075,0,0,0,-90,,,,
045076,0,0,0,-993,,,,
045077,0,0,0,-71,,,,
045078,0,0,0,98,,,,
045079,0,0,0,3,,,,
045081,0,0,0,15,,,,
045082,0,0,0,17,,,,
045083,0,0,0,-1,,,,
045084,0,0,0,-40,,,,
045085,0,0,0,-3,,,,
045086,0,0,0,0,,,,
045088,0,0,0,10,,,,
045090,0,0,0,134,,,,
045091,0,0,0,-195,,,,
045092,0,0,0,33,,,,
045093,0,0,0,1,,,,
045095,0,0,0,-76,,,,
045096,0,0,0,-66,,,,
045097,0,0,0,202,,,,
045098,0,0,0,-18,,,,
045099,0,0,0,611,,,,
045100,0,0,0,36,,,,
045102,0,0,0,-436,,,,
045103,0,0,0,2,,,,
045104,0,0,0,74,,,,
045105,0,0,0,-45,,,,
045107,0,0,0,33,,,,
045108,0,0,0,111,,,,
045109,0,0,0,-50,,,,
045111,0,0,0,150,,,,
045114,0,0,0,269,,,,
045116,0,0,0,51,,,,
045117,0,0,0,433,,,,
045118,0,0,0,-628,,,,
045119,0,0,0,-55,,,,
04511U,0,0,0,5,,,,
045120,0,0,0,379,,,,
045121,0,0,0,-172,,,,
045122,0,0,0,-4,,,,
045126,0,0,0,67,,,,
045127,0,0,0,-2,,,,
045128,0,0,0,10,,,,
045129,0,0,0,3,,,,
045130,0,0,0,5,,,,
045131,0,0,0,-5,,,,
045132,0,0,0,-690,,,,
045134,0,0,0,138,,,,
045135,0,0,0,-120,,,,
045136,0,0,0,0,,,,
045137,0,0,0,57,,,,
045138,0,0,0,85,,,,
045139,0,0,0,-284,,,,
045140,0,0,0,95,,,,
045142,0,0,0,-107,,,,
045143,0,0,0,252,,,,
045144,0,0,0,285,,,,
045145,0,0,0,281,,,,
045146,0,0,0,-38,,,,
045149,0,0,0,186,,,,
045150,0,0,0,0,,,,
045151,0,0,0,-4,,,,
045152,0,0,0,-51,,,,
045153,0,0,0,-19,,,,
045154,0,0,0,-862,,,,
045155,0,0,0,-32,,,,
045156,0,0,0,0,,,,
045157,0,0,0,-316,,,,
045159,0,0,0,-5,,,,
045160,0,0,0,-197,,,,
045161,0,0,0,5,,,,
045162,0,0,0,-102,,,,
045163,0,0,0,1,,,,
045165,0,0,0,24,,,,
045168,0,0,0,76,,,,
045170,0,0,0,-200,,,,
045172,0,0,0,-4,,,,
045173,0,0,0,40,,,,
045174,0,0,0,-23,,,,
045178,0,0,0,-20,,,,
045179,0,0,0,8,,,,
045183,0,0,0,-65,,,,
045185,0,0,0,-194,,,,
045187,0,0,0,-21,,,,
045188,0,0,0,330,,,,
045189,0,0,0,-140,,,,
045190,0,0,0,-31,,,,
045191,0,0,0,220,,,,
045193,0,0,0,36,,,,
045194,0,0,0,-101,,,,
045195,0,0,0,140,,,,
045196,0,0,0,-85,,,,
045198,0,0,0,-83,,,,
045199,0,0,0,-235,,,,
045201,0,0,0,-1,,,,
045203,0,0,0,1,,,,
045207,0,0,0,58,,,,
045208,0,0,0,-10,,,,
045210,0,0,0,-18,,,,
045211,0,0,0,112,,,,
045212,0,0,0,11,,,,
045214,0,0,0,-85,,,,
045216,0,0,0,101,,,,
045217,0,0,0,-110,,,,
045219,0,0,0,15,,,,
045220,0,0,0,19,,,,
045221,0,0,0,-296,,,,
045222,0,0,0,-10,,,,
045223,0,0,0,-27,,,,
045224,0,0,0,145,,,,
045225,0,0,0,-5,,,,
045226,0,0,0,-54,,,,
045227,0,0,0,-19,,,,
045228,0,0,0,-206,,,,
045229,0,0,0,-145,,,,
045230,0,0,0,-426,,,,
045231,0,0,0,-151,,,,
045235,0,0,0,-10,,,,
045236,0,0,0,-45,,,,
045237,0,0,0,0,,,,
045238,0,0,0,-15,,,,
045240,0,0,0,80,,,,
045241,0,0,0,-38,,,,
045244,0,0,0,-429,,,,
045245,0,0,0,-308,,,,
045247,0,0,0,25,,,,
045248,0,0,0,278,,,,
045251,0,0,0,250,,,,
045252,0,0,0,223,,,,
045253,0,0,0,-93,,,,
045255,0,0,0,-200,,,,
045256,0,0,0,121,,,,
045257,0,0,0,-4,,,,
045258,0,0,0,5,,,,
045260,0,0,0,86,,,,
045261,0,0,0,-529,,,,
045262,0,0,0,137,,,,
045263,0,0,0,36,,,,
045264,0,0,0,-80,,,,
045265,0,0,0,67,,,,
045266,0,0,0,27,,,,
045267,0,0,0,-19,,,,
045269,0,0,0,-881,,,,
045270,0,0,0,-5,,,,
045271,0,0,0,147,,,,
045272,0,0,0,0,,,,
045273,0,0,0,0,,,,
045274,0,0,0,-27,,,,
045276,0,0,0,-121,,,,
045277,0,0,0,-47,,,,
045278,0,0,0,-51,,,,
045280,0,0,0,-685,,,,
045286,0,0,0,-174,,,,
045288,0,0,0,336,,,,
045289,0,0,0,252,,,,
045290,0,0,0,-42,,,,
045292,0,0,0,-10,,,,
045293,0,0,0,-374,,,,
045294,0,0,0,-50,,,,
045295,0,0,0,40,,,,
045296,0,0,0,234,,,,
045298,0,0,0,-4,,,,
045299,0,0,0,138,,,,
045300,0,0,0,381,,,,
045301,0,0,0,20,,,,
045304,0,0,0,-61,,,,
045305,0,0,0,915,,,,
045306,0,0,0,76,,,,
045307,0,0,0,-48,,,,
045315,0,0,0,-298,,,,
045317,0,0,0,-169,,,,
045318,0,0,0,269,,,,
045319,0,0,0,316,,,,
045320,0,0,0,-10,,,,
045321,0,0,0,-5,,,,
045323,0,0,0,123,,,,
045324,0,0,0,20,,,,
045326,0,0,0,-32,,,,
045328,0,0,0,-1,,,,
045332,0,0,0,-72,,,,
045333,0,0,0,-6,,,,
045334,0,0,0,-50,,,,
045335,0,0,0,28,,,,
045338,0,0,0,-78,,,,
045339,0,0,0,13,,,,
045340,0,0,0,20,,,,
045341,0,0,0,-49,,,,
045342,0,0,0,11,,,,
045346,0,0,0,42,,,,
045348,0,0,0,-34,,,,
045349,0,0,0,13,,,,
045350,0,0,0,-45,,,,
045351,0,0,0,-31,,,,
045352,0,0,0,15,,,,
045353,0,0,0,-8,,,,
045354,0,0,0,132,,,,
045355,0,0,0,20,,,,
045356,0,0,0,120,,,,
045357,0,0,0,-73,,,,
045358,0,0,0,50,,,,
045359,0,0,0,42,,,,
045360,0,0,0,5,,,,
045361,0,0,0,-47,,,,
045363,0,0,0,-78,,,,
045364,0,0,0,14,,,,
045365,0,0,0,5,,,,
045367,0,0,0,-3,,,,
045368,0,0,0,-1,,,,
045369,0,0,0,-200,,,,
045371,0,0,0,4,,,,
045374,0,0,0,6,,,,
045376,0,0,0,690,,,,
045377,0,0,0,280,,,,
045380,0,0,0,22,,,,
045381,0,0,0,-91,,,,
045383,0,0,0,2,,,,
045384,0,0,0,74,,,,
045387,0,0,0,-121,,,,
045388,0,0,0,48,,,,
045389,0,0,0,-1,,,,
045392,0,0,0,-153,,,,
045393,0,0,0,488,,,,
045398,0,0,0,16,,,,
045401,0,0,0,5,,,,
045402,0,0,0,-38,,,,
045403,0,0,0,6,,,,
045404,0,0,0,128,,,,
045405,0,0,0,12,,,,
045406,0,0,0,-19,,,,
045411,0,0,0,1,,,,
045413,0,0,0,-7,,,,
045415,0,0,0,-98,,,,
045418,0,0,0,-7,,,,
045419,0,0,0,-56,,,,
045424,0,0,0,9,,,,
045425,0,0,0,-191,,,,
045426,0,0,0,44,,,,
045427,0,0,0,-49,,,,
045429,0,0,0,-7,,,,
045430,0,0,0,-10,,,,
045431,0,0,0,1110,,,,
045432,0,0,0,210,,,,
045433,0,0,0,-24,,,,
045437,0,0,0,-199,,,,
045438,0,0,0,-158,,,,
045439,0,0,0,-284,,,,
045440,0,0,0,-250,,,,
045444,0,0,0,-90,,,,
045445,0,0,0,128,,,,
045447,0,0,0,-40,,,,
045448,0,0,0,30,,,,
045449,0,0,0,2,,,,
045450,0,0,0,8,,,,
045451,0,0,0,1,,,,
045452,0,0,0,300,,,,
045453,0,0,0,-10,,,,
045454,0,0,0,-926,,,,
045455,0,0,0,40,,,,
045457,0,0,0,127,,,,
045458,0,0,0,104,,,,
04545U,0,0,0,5,,,,
045460,0,0,0,-12,,,,
045463,0,0,0,-28,,,,
045464,0,0,0,57,,,,
045467,0,0,0,-2,,,,
045469,0,0,0,-18,,,,
045470,0,0,0,263,,,,
045471,0,0,0,-35,,,,
045474,0,0,0,-1,,,,
045476,0,0,0,38,,,,
045482,0,0,0,3,,,,
045483,0,0,0,93,,,,
045484,0,0,0,-160,,,,
045486,0,0,0,7,,,,
045487,0,0,0,-20,,,,
045488,0,0,0,86,,,,
045489,0,0,0,-84,,,,
045490,0,0,0,-433,,,,
045491,0,0,0,20,,,,
045492,0,0,0,-14,,,,
045493,0,0,0,-2,,,,
045494,0,0,0,10,,,,
045496,0,0,0,-8,,,,
045497,0,0,0,-5,,,,
045498,0,0,0,5,,,,
045499,0,0,0,-97,,,,
045500,0,0,0,-21,,,,
045501,0,0,0,-47,,,,
045502,0,0,0,-972,,,,
045503,0,0,0,27,,,,
045504,0,0,0,30,,,,
045506,0,0,0,1,,,,
045507,0,0,0,-510,,,,
045508,0,0,0,-20,,,,
045509,0,0,0,10,,,,
045510,0,0,0,-2,,,,
045511,0,0,0,-3,,,,
045512,0,0,0,-96,,,,
045513,0,0,0,0,,,,
045514,499,0,0,-876,,,,
045515,0,0,0,26,,,,
045518,0,0,0,-24,,,,
045520,0,0,0,-25,,,,
045522,0,0,0,24,,,,
045523,0,0,0,-10,,,,
045524,0,0,0,-154,,,,
045525,0,0,0,-374,,,,
045531,0,0,0,-111,,,,
045535,0,0,0,-36,,,,
045536,0,0,0,-997,,,,
045538,0,0,0,0,,,,
045539,0,0,0,2,,,,
045542,0,0,0,-23,,,,
045543,0,0,0,-32,,,,
045544,0,0,0,-130,,,,
045545,0,0,0,-70,,,,
045546,0,0,0,0,,,,
045547,0,0,0,0,,,,
045548,0,0,0,120,,,,
045549,0,0,0,18,,,,
045550,0,0,0,55,,,,
045552,0,0,0,-47,,,,
045554,0,0,0,16,,,,
045555,0,0,0,37,,,,
045556,0,0,0,-22,,,,
045557,0,0,0,124,,,,
045559,0,0,0,-10,,,,
045560,0,0,0,11,,,,
045561,0,0,0,167,,,,
045562,0,0,0,-26,,,,
045563,0,0,0,140,,,,
045564,0,0,0,-46,,,,
045566,0,0,0,0,,,,
045567,0,0,0,-26,,,,
045569,0,0,0,0,,,,
045570,0,0,0,0,,,,
045571,0,0,0,98,,,,
045572,0,0,0,128,,,,
045573,0,0,0,161,,,,
045574,0,0,0,-65,,,,
045575,0,0,0,100,,,,
045577,0,0,0,10,,,,
045581,0,0,0,15,,,,
045582,0,0,0,302,,,,
045584,0,0,0,-20,,,,
045585,0,0,0,-177,,,,
045588,0,0,0,3,,,,
045589,0,0,0,-582,,,,
045590,0,0,0,-30,,,,
045591,0,0,0,-4,,,,
045597,0,0,0,-3,,,,
045598,0,0,0,12,,,,
045599,0,0,0,-42,,,,
045602,0,0,0,131,,,,
045603,0,0,0,-427,,,,
045604,0,0,0,2,,,,
045607,0,0,0,-5,,,,
045608,0,0,0,220,,,,
045614,0,0,0,-5,,,,
045615,0,0,0,-5,,,,
045616,0,0,0,-74,,,,
045621,0,0,0,30,,,,
045622,0,0,0,-433,,,,
045623,0,0,0,100,,,,
045624,0,0,0,-3,,,,
045625,0,0,0,0,,,,
045626,0,0,0,-766,,,,
045627,0,0,0,1,,,,
045628,5,0,0,-422,,,,
045629,0,0,0,3,,,,
045630,0,0,0,3,,,,
045631,0,0,0,60,,,,
045632,0,0,0,-320,,,,
045633,0,0,0,-287,,,,
045635,0,0,0,153,,,,
045636,0,0,0,114,,,,
045639,0,0,0,29,,,,
045640,0,0,0,120,,,,
045641,0,0,0,-202,,,,
045642,0,0,0,25,,,,
045643,0,0,0,-60,,,,
045644,0,0,0,-455,,,,
045645,0,0,0,2,,,,
045647,0,0,0,-287,,,,
045649,0,0,0,32,,,,
045656,0,0,0,-8,,,,
045657,0,0,0,-30,,,,
045658,0,0,0,-1,,,,
045662,0,0,0,-33,,,,
045663,0,0,0,-243,,,,
045664,0,0,0,111,,,,
045667,0,0,0,-95,,,,
045668,0,0,0,20,,,,
045671,0,0,0,-5,,,,
045673,0,0,0,-14,,,,
045674,0,0,0,-7,,,,
045675,0,0,0,10,,,,
045676,0,0,0,12,,,,
045677,0,0,0,0,,,,
045678,0,0,0,8,,,,
045679,0,0,0,-139,,,,
045684,0,0,0,-28,,,,
045686,0,0,0,-68,,,,
045688,0,0,0,-143,,,,
045689,0,0,0,-183,,,,
045691,0,0,0,3,,,,
045692,0,0,0,-488,,,,
045693,0,0,0,-41,,,,
045694,0,0,0,-186,,,,
045695,0,0,0,20,,,,
045697,0,0,0,25,,,,
045698,0,0,0,115,,,,
045699,0,0,0,4,,,,
045700,0,0,0,-17,,,,
045704,0,0,0,-2,,,,
045705,0,0,0,30,,,,
045706,0,0,0,0,,,,
045709,0,0,0,-14,,,,
045710,0,0,0,-242,,,,
045711,0,0,0,-70,,,,
045713,0,0,0,10,,,,
045714,0,0,0,8,,,,
045716,0,0,0,-2,,,,
045717,0,0,0,1,,,,
045718,0,0,0,0,,,,
045720,0,0,0,-150,,,,
045721,0,0,0,-24,,,,
045722,0,0,0,-35,,,,
045724,0,0,0,2,,,,
045727,0,0,0,2,,,,
045730,0,0,0,1078,,,,
045731,0,0,0,5,,,,
045738,0,0,0,60,,,,
045739,0,0,0,22,,,,
045740,0,0,0,0,,,,
045741,0,0,0,35,,,,
045742,0,0,0,-179,,,,
045743,0,0,0,28,,,,
045744,0,0,0,16,,,,
045745,0,0,0,-23,,,,
045746,0,0,0,-135,,,,
045747,0,0,0,-10,,,,
045748,0,0,0,18,,,,
045749,0,0,0,22,,,,
045750,0,0,0,125,,,,
045751,0,0,0,-69,,,,
045752,0,0,0,164,,,,
045754,0,0,0,10,,,,
045757,0,0,0,-68,,,,
045758,0,0,0,-180,,,,
045759,0,0,0,-4,,,,
045760,0,0,0,-120,,,,
045761,0,0,0,24,,,,
045762,0,0,0,-16,,,,
045763,0,0,0,8,,,,
045764,0,0,0,45,,,,
045765,0,0,0,-12,,,,
045766,0,0,0,-11,,,,
045767,0,0,0,53,,,,
045769,0,0,0,52,,,,
045770,0,0,0,1,,,,
045771,0,0,0,-1,,,,
045772,0,0,0,-106,,,,
045780,0,0,0,-290,,,,
045781,0,0,0,29,,,,
045782,0,0,0,-27,,,,
045784,0,0,0,-52,,,,
045785,0,0,0,-149,,,,
045786,0,0,0,36,,,,
045787,0,0,0,4,,,,
045788,0,0,0,32,,,,
045789,0,0,0,-1498,,,,
045790,0,0,0,51,,,,
045791,0,0,0,-490,,,,
045792,0,0,0,-174,,,,
045793,0,0,0,115,,,,
045795,0,0,0,6,,,,
045797,0,0,0,133,,,,
045798,0,0,0,135,,,,
045800,0,0,0,-174,,,,
045802,0,0,0,-139,,,,
045803,0,0,0,-36,,,,
045804,0,0,0,0,,,,
045805,0,0,0,-14,,,,
045806,0,0,0,2,,,,
045807,0,0,0,0,,,,
045808,0,0,0,18,,,,
045809,0,0,0,-20,,,,
045810,0,0,0,36,,,,
045811,0,0,0,10,,,,
045813,0,0,0,-4,,,,
045814,0,0,0,-8,,,,
045817,0,0,0,0,,,,
045818,0,0,0,37,,,,
045820,0,0,0,-4,,,,
045821,0,0,0,24,,,,
045822,0,0,0,-1,,,,
045823,0,0,0,4,,,,
045824,0,0,0,15,,,,
045825,0,0,0,63,,,,
045826,0,0,0,0,,,,
045827,0,0,0,-107,,,,
045830,0,0,0,-210,,,,
045831,0,0,0,-10,,,,
045833,0,0,0,-30,,,,
045834,0,0,0,-55,,,,
045835,0,0,0,-10,,,,
045836,0,0,0,45,,,,
045837,0,0,0,5,,,,
045838,0,0,0,25,,,,
045839,0,0,0,-30,,,,
045840,0,0,0,-76,,,,
045842,0,0,0,-112,,,,
045846,0,0,0,9,,,,
045847,0,0,0,10,,,,
045849,0,0,0,9,,,,
045850,0,0,0,-130,,,,
045851,0,0,0,-31,,,,
045853,0,0,0,42,,,,
045855,0,0,0,-8,,,,
045856,0,0,0,-99,,,,
045857,0,0,0,-13,,,,
045858,0,0,0,63,,,,
045859,0,0,0,-289,,,,
045860,0,0,0,-94,,,,
045861,0,0,0,-2,,,,
045862,0,0,0,-90,,,,
045863,0,0,0,-1,,,,
045866,0,0,0,-5,,,,
045867,0,0,0,-26,,,,
045868,0,0,0,-16,,,,
045873,0,0,0,52,,,,
045874,0,0,0,90,,,,
045876,0,0,0,10,,,,
045879,0,0,0,16,,,,
045881,0,0,0,-43,,,,
045884,0,0,0,-26,,,,
045889,0,0,0,-13,,,,
045890,0,0,0,23,,,,
045892,0,0,0,-100,,,,
045893,0,0,0,-28,,,,
045894,0,0,0,-6,,,,
045896,0,0,0,-10,,,,
045897,0,0,0,-424,,,,
045898,0,0,0,0,,,,
045900,0,0,0,74,,,,
045903,0,0,0,-14,,,,
045904,0,0,0,-53,,,,
045907,0,0,0,-244,,,,
045908,0,0,0,-29,,,,
045909,0,0,0,49,,,,
045911,0,0,0,-574,,,,
045912,0,0,0,-10,,,,
045913,0,0,0,-199,,,,
045914,0,0,0,-48,,,,
045916,0,0,0,37,,,,
045917,0,0,0,0,,,,
045918,0,0,0,-25,,,,
045919,0,0,0,8,,,,
045920,0,0,0,40,,,,
045921,0,0,0,-4,,,,
045926,0,0,0,162,,,,
045927,0,0,0,0,,,,
045928,0,0,0,2,,,,
045930,0,0,0,24,,,,
045931,0,0,0,6,,,,
045932,0,0,0,-70,,,,
045933,0,0,0,116,,,,
045935,0,0,0,50,,,,
045936,0,0,0,-81,,,,
045939,0,0,0,-198,,,,
045940,0,0,0,-346,,,,
045941,0,0,0,-307,,,,
045942,0,0,0,-61,,,,
045943,0,0,0,-63,,,,
045944,0,0,0,2,,,,
045945,0,0,0,-3,,,,
045946,0,0,0,96,,,,
045947,0,0,0,32,,,,
045948,0,0,0,7,,,,
045949,0,0,0,-95,,,,
045950,0,0,0,42,,,,
045951,0,0,0,-491,,,,
045952,0,0,0,10,,,,
045953,0,0,0,-364,,,,
045954,0,0,0,516,,,,
045955,0,0,0,-375,,,,
045956,0,0,0,10,,,,
045958,0,0,0,-156,,,,
045959,0,0,0,-403,,,,
045960,0,0,0,-46,,,,
045961,0,0,0,3,,,,
045962,0,0,0,-30,,,,
045965,0,0,0,182,,,,
045967,0,0,0,-130,,,,
045968,0,0,0,70,,,,
045969,0,0,0,-2,,,,
045970,0,0,0,45,,,,
045971,0,0,0,-82,,,,
045972,0,0,0,75,,,,
045973,0,0,0,10,,,,
045976,0,0,0,-968,,,,
045978,0,0,0,5,,,,
045980,0,0,0,-3,,,,
045982,0,0,0,-51,,,,
045984,0,0,0,-35,,,,
045985,0,0,0,30,,,,
045990,0,0,0,-52,,,,
045995,0,0,0,-53,,,,
045996,0,0,0,1,,,,
045997,0,0,0,-6,,,,
045998,0,0,0,4,,,,
045999,0,0,0,-197,,,,
046003,0,0,0,4,,,,
046005,0,0,0,-38,,,,
046006,0,0,0,30,,,,
046007,0,0,0,4,,,,
046008,0,0,0,15,,,,
046010,0,0,0,51,,,,
046011,0,0,0,-20,,,,
046012,0,0,0,-8,,,,
046014,0,0,0,40,,,,
046015,0,0,0,-240,,,,
046016,0,0,0,-10,,,,
046017,0,0,0,-1,,,,
046019,0,0,0,53,,,,
046021,0,0,0,-19,,,,
046023,0,0,0,-5,,,,
046024,0,0,0,-191,,,,
046025,0,0,0,980,,,,
046026,0,0,0,6,,,,
046027,0,0,0,22,,,,
046028,0,0,0,-100,,,,
046029,0,0,0,-145,,,,
046031,0,0,0,-537,,,,
046033,0,0,0,-16,,,,
046034,0,0,0,-2,,,,
046035,0,0,0,230,,,,
046038,0,0,0,20,,,,
046039,0,0,0,79,,,,
046040,0,0,0,96,,,,
046041,0,0,0,-515,,,,
046042,0,0,0,-1100,,,,
046044,0,0,0,-502,,,,
046045,0,0,0,100,,,,
046046,0,0,0,10,,,,
046047,0,0,0,-80,,,,
046049,0,0,0,-30,,,,
04604U,0,0,0,19,,,,
046050,0,0,0,5,,,,
046051,0,0,0,-1,,,,
046052,0,0,0,-88,,,,
046054,0,0,0,-8,,,,
046055,0,0,0,-5,,,,
046057,0,0,0,181,,,,
046058,0,0,0,-13,,,,
046059,0,0,0,8,,,,
046060,0,0,0,-7,,,,
046061,0,0,0,11,,,,
046062,0,0,0,10,,,,
046063,0,0,0,-6,,,,
046064,0,0,0,-10,,,,
046068,0,0,0,-55,,,,
046069,0,0,0,47,,,,
046070,0,0,0,0,,,,
046072,0,0,0,-4,,,,
046073,0,0,0,31,,,,
046074,0,0,0,-12,,,,
046075,0,0,0,23,,,,
046077,0,0,0,2,,,,
046078,0,0,0,-425,,,,
046079,0,0,0,203,,,,
046080,0,0,0,2,,,,
046081,0,0,0,-20,,,,
046082,0,0,0,-77,,,,
046085,0,0,0,-9,,,,
046087,0,0,0,505,,,,
046088,0,0,0,20,,,,
046089,0,0,0,0,,,,
046090,0,0,0,98,,,,
046091,0,0,0,-41,,,,
046092,0,0,0,114,,,,
046094,0,0,0,0,,,,
046095,0,0,0,0,,,,
046096,0,0,0,0,,,,
046097,0,0,0,-1,,,,
046098,0,0,0,-243,,,,
046099,0,0,0,134,,,,
046100,0,0,0,-30,,,,
046101,0,0,0,-5,,,,
046103,0,0,0,-10,,,,
046107,0,0,0,-240,,,,
046108,0,0,0,23,,,,
046109,0,0,0,-143,,,,
04610U,0,0,0,0,,,,
046110,0,0,0,-94,,,,
046111,0,0,0,25,,,,
046112,0,0,0,216,,,,
046114,0,0,0,-130,,,,
046117,0,0,0,6,,,,
046118,0,0,0,-1,,,,
046119,0,0,0,-11,,,,
046120,0,0,0,-100,,,,
046121,0,0,0,72,,,,
046122,0,0,0,-50,,,,
046123,0,0,0,9,,,,
046125,0,0,0,-15,,,,
046126,0,0,0,10,,,,
046127,0,0,0,126,,,,
046128,0,0,0,-156,,,,
046129,0,0,0,-82,,,,
046130,0,0,0,-118,,,,
046131,0,0,0,-192,,,,
046132,0,0,0,98,,,,
046133,0,0,0,-10,,,,
046134,0,0,0,30,,,,
046136,0,0,0,-10,,,,
046137,0,0,0,-214,,,,
046138,0,0,0,-236,,,,
046140,0,0,0,41,,,,
046141,0,0,0,-100,,,,
046142,0,0,0,-5,,,,
046143,0,0,0,-3,,,,
046144,0,0,0,-60,,,,
046145,0,0,0,-76,,,,
046149,0,0,0,7,,,,
046150,0,0,0,-132,,,,
046151,0,0,0,92,,,,
046152,0,0,0,242,,,,
046153,0,0,0,383,,,,
046156,0,0,0,-564,,,,
046157,0,0,0,-260,,,,
046159,0,0,0,50,,,,
046160,0,0,0,10,,,,
046161,0,0,0,-3,,,,
046162,0,0,0,-123,,,,
046163,0,0,0,-670,,,,
046164,0,0,0,-9,,,,
046169,0,0,0,-10,,,,
046171,0,0,0,-653,,,,
046172,0,0,0,-2,,,,
046174,0,0,0,120,,,,
046175,0,0,0,-44,,,,
046176,0,0,0,72,,,,
046181,0,0,0,169,,,,
046184,0,0,0,-48,,,,
046185,0,0,0,-29,,,,
046187,0,0,0,29,,,,
046188,0,0,0,34,,,,
046189,0,0,0,-2,,,,
046190,0,0,0,2,,,,
046191,0,0,0,43,,,,
046192,0,0,0,-1335,,,,
046193,0,0,0,122,,,,
046194,0,0,0,238,,,,
046196,0,0,0,149,,,,
046197,0,0,0,-182,,,,
046198,0,0,0,-292,,,,
046199,0,0,0,-521,,,,
046200,0,0,0,14,,,,
046202,0,0,0,6,,,,
046205,0,0,0,-24,,,,
046208,0,0,0,-1,,,,
046209,0,0,0,-378,,,,
046210,0,0,0,-32,,,,
046211,0,0,0,-254,,,,
046212,0,0,0,-136,,,,
046213,0,0,0,-7,,,,
046214,0,0,0,58,,,,
046218,0,0,0,-313,,,,
046219,0,0,0,-271,,,,
046220,0,0,0,-51,,,,
046222,0,0,0,73,,,,
046223,0,0,0,3,,,,
046225,0,0,0,-84,,,,
046227,0,0,0,-2,,,,
046228,0,0,0,23,,,,
046229,0,0,0,20,,,,
04622U,0,0,0,-40,,,,
046230,0,0,0,2,,,,
046231,0,0,0,47,,,,
046232,0,0,0,-6,,,,
046233,0,0,0,-1,,,,
046235,0,0,0,23,,,,
046236,0,0,0,-71,,,,
046239,0,0,0,23,,,,
046241,0,0,0,47,,,,
046243,0,0,0,5,,,,
046246,0,0,0,-1,,,,
046249,0,0,0,1833,,,,
046250,0,0,0,-457,,,,
046252,0,0,0,-49,,,,
046253,0,0,0,-163,,,,
046255,0,0,0,28,,,,
046256,0,0,0,2,,,,
046257,0,0,0,-109,,,,
046258,0,0,0,-108,,,,
046259,0,0,0,-177,,,,
046260,0,0,0,-22,,,,
046262,0,0,0,-10,,,,
046264,0,0,0,29,,,,
046265,0,0,0,12,,,,
046266,0,0,0,-154,,,,
046268,0,0,0,-10,,,,
046269,0,0,0,318,,,,
04626U,0,0,0,-1,,,,
046270,0,0,0,391,,,,
046273,0,0,0,-9,,,,
046275,0,0,0,1,,,,
046278,0,0,0,-57,,,,
046279,0,0,0,-17,,,,
04627U,0,0,0,10,,,,
046280,0,0,0,-29,,,,
046281,0,0,0,-70,,,,
046282,0,0,0,78,,,,
046283,0,0,0,184,,,,
046285,0,0,0,7,,,,
046286,0,0,0,46,,,,
046287,0,0,0,52,,,,
046288,0,0,0,-61,,,,
046290,0,0,0,-183,,,,
046291,0,0,0,-5,,,,
046293,0,0,0,-2,,,,
046294,0,0,0,-80,,,,
046296,0,0,0,-405,,,,
046297,0,0,0,-457,,,,
046300,0,0,0,77,,,,
046301,0,0,0,97,,,,
046302,0,0,0,47,,,,
046303,0,0,0,220,,,,
046304,0,0,0,657,,,,
046305,0,0,0,-298,,,,
046306,0,0,0,0,,,,
046307,0,0,0,-3,,,,
046309,0,0,0,179,,,,
046311,0,0,0,0,,,,
046312,0,0,0,22,,,,
046313,0,0,0,-1411,,,,
046314,0,0,0,-374,,,,
046315,0,0,0,40,,,,
046316,0,0,0,-482,,,,
046319,0,0,0,47,,,,
046320,0,0,0,-5,,,,
046321,0,0,0,6,,,,
046322,0,0,0,5,,,,
046323,0,0,0,11,,,,
046324,0,0,0,10,,,,
046325,0,0,0,-65,,,,
046326,0,0,0,-10,,,,
046327,0,0,0,2,,,,
046328,0,0,0,-27,,,,
046329,0,0,0,10,,,,
046330,0,0,0,-25,,,,
046331,0,0,0,52,,,,
046332,0,0,0,-10,,,,
046333,0,0,0,23,,,,
046334,0,0,0,-50,,,,
046335,0,0,0,27,,,,
046336,0,0,0,0,,,,
046338,-100,0,0,66,,,,
046339,0,0,0,-200,,,,
046340,0,0,0,62,,,,
046341,0,0,0,126,,,,
046344,0,0,0,-8,,,,
046345,0,0,0,112,,,,
046347,0,0,0,-3,,,,
046348,0,0,0,0,,,,
046350,0,0,0,70,,,,
046351,0,0,0,-54,,,,
046353,0,0,0,-382,,,,
046355,0,0,0,8,,,,
046356,0,0,0,-90,,,,
046357,0,0,0,-101,,,,
046358,0,0,0,-35,,,,
046359,0,0,0,75,,,,
046361,0,0,0,-142,,,,
046363,0,0,0,-10,,,,
046365,0,0,0,-288,,,,
046367,0,0,0,-46,,,,
046368,0,0,0,-1,,,,
046369,0,0,0,-206,,,,
046370,0,0,0,51,,,,
046371,0,0,0,49,,,,
046374,0,0,0,17,,,,
046375,0,0,0,-19,,,,
046376,0,0,0,-160,,,,
046377,0,0,0,-27,,,,
046378,0,0,0,-36,,,,
046379,0,0,0,-50,,,,
046380,0,0,0,115,,,,
046381,0,0,0,12,,,,
046382,0,0,0,-161,,,,
046385,0,0,0,10,,,,
046386,0,0,0,-40,,,,
046388,0,0,0,-40,,,,
046390,0,0,0,0,,,,
046392,0,0,0,0,,,,
046394,0,0,0,-9,,,,
046395,0,0,0,88,,,,
046396,0,0,0,-5,,,,
046397,0,0,0,-40,,,,
046398,0,0,0,-15,,,,
046400,0,0,0,0,,,,
046401,0,0,0,60,,,,
046402,0,0,0,0,,,,
046404,0,0,0,20,,,,
046405,0,0,0,0,,,,
046407,0,0,0,-12,,,,
046408,0,0,0,46,,,,
046409,0,0,0,-49,,,,
046412,0,0,0,-20,,,,
046416,0,0,0,-3,,,,
046417,0,0,0,-42,,,,
046419,0,0,0,-47,,,,
046420,0,0,0,-42,,,,
046422,0,0,0,-117,,,,
046428,0,0,0,-10,,,,
046429,0,0,0,63,,,,
046430,0,0,0,-15,,,,
046432,0,0,0,499,,,,
046435,0,0,0,-25,,,,
046436,0,0,0,7,,,,
046438,0,0,0,-1,,,,
046441,0,0,0,0,,,,
046447,0,0,0,-30,,,,
046449,0,0,0,30,,,,
04644U,0,0,0,110,,,,
046451,0,0,0,-10,,,,
046456,0,0,0,0,,,,
046458,0,0,0,-38,,,,
046465,0,0,0,-21,,,,
046466,0,0,0,-42,,,,
046467,0,0,0,0,,,,
046468,0,0,0,63,,,,
046471,0,0,0,-9,,,,
046474,0,0,0,71,,,,
046475,0,0,0,69,,,,
046477,0,0,0,-4,,,,
046478,0,0,0,-11,,,,
046479,0,0,0,12,,,,
046481,0,0,0,-4,,,,
046482,0,0,0,42,,,,
046483,0,0,0,15,,,,
046484,0,0,0,14,,,,
046485,0,0,0,-5,,,,
046486,0,0,0,-165,,,,
046487,0,0,0,-42,,,,
046488,0,0,0,56,,,,
046489,0,0,0,-65,,,,
046491,0,0,0,-457,,,,
046492,0,0,0,-425,,,,
046493,0,0,0,0,,,,
046494,0,0,0,275,,,,
046495,0,0,0,-93,,,,
046496,0,0,0,29,,,,
046497,0,0,0,0,,,,
046499,0,0,0,115,,,,
046500,0,0,0,-52,,,,
046505,0,0,0,0,,,,
046507,0,0,0,0,,,,
046508,0,0,0,108,,,,
046510,0,0,0,-88,,,,
046512,0,0,0,184,,,,
046513,0,0,0,-4,,,,
046514,0,0,0,-115,,,,
046515,0,0,0,7,,,,
046516,0,0,0,-192,,,,
046517,0,0,0,15,,,,
046518,0,0,0,50,,,,
046519,0,0,0,262,,,,
046520,0,0,0,-567,,,,
046521,0,0,0,2,,,,
046522,0,0,0,-213,,,,
046523,0,0,0,18,,,,
046524,0,0,0,46,,,,
046525,0,0,0,-105,,,,
046526,0,0,0,28,,,,
046527,0,0,0,-79,,,,
046528,0,0,0,-324,,,,
046529,0,0,0,-11,,,,
046530,0,0,0,-93,,,,
046531,0,0,0,-5,,,,
046535,0,0,0,38,,,,
046537,0,0,0,-21,,,,
046538,0,0,0,6,,,,
046539,0,0,0,-172,,,,
046540,0,0,0,68,,,,
046541,0,0,0,-800,,,,
046542,0,0,0,-576,,,,
046543,0,0,0,161,,,,
046544,0,0,0,26,,,,
046545,0,0,0,1383,,,,
046547,0,0,0,120,,,,
046548,0,0,0,88,,,,
046550,0,0,0,110,,,,
046552,0,0,0,-306,,,,
046553,0,0,0,418,,,,
046554,0,0,0,173,,,,
046555,0,0,0,-68,,,,
046556,0,0,0,-483,,,,
046559,0,0,0,-94,,,,
046560,0,0,0,-14,,,,
046561,0,0,0,-23,,,,
046562,0,0,0,99,,,,
046564,0,0,0,-77,,,,
046565,0,0,0,-6,,,,
046566,0,0,0,75,,,,
046567,0,0,0,-8,,,,
046568,0,0,0,-11,,,,
046569,0,0,0,53,,,,
046570,0,0,0,-339,,,,
046571,0,0,0,51,,,,
046572,0,0,0,135,,,,
046573,0,0,0,101,,,,
046574,0,0,0,30,,,,
046575,0,0,0,140,,,,
046576,0,0,0,49,,,,
046577,0,0,0,-33,,,,
046578,0,0,0,182,,,,
046579,0,0,0,266,,,,
046580,0,0,0,-46,,,,
046582,0,0,0,-13,,,,
046584,0,0,0,30,,,,
046585,0,0,0,-186,,,,
046586,0,0,0,-11,,,,
046587,0,0,0,-10,,,,
046588,0,0,0,-120,,,,
046590,0,0,0,0,,,,
046591,0,0,0,5,,,,
046592,0,0,0,-15,,,,
046593,0,0,0,-26,,,,
046595,0,0,0,-17,,,,
046596,0,0,0,-20,,,,
046598,0,0,0,-18,,,,
046599,0,0,0,-20,,,,
046600,0,0,0,170,,,,
046601,0,0,0,2,,,,
046608,0,0,0,-401,,,,
046611,0,0,0,6,,,,
046612,0,0,0,0,,,,
046613,0,0,0,54,,,,
046614,0,0,0,-236,,,,
046618,0,0,0,3,,,,
046619,0,0,0,28,,,,
046620,0,0,0,-74,,,,
046622,0,0,0,0,,,,
046623,0,0,0,-30,,,,
046624,0,0,0,118,,,,
046625,0,0,0,133,,,,
046626,0,0,0,256,,,,
046627,0,0,0,84,,,,
046628,0,0,0,-990,,,,
046629,0,0,0,81,,,,
046630,0,0,0,58,,,,
046631,0,0,0,-591,,,,
046632,0,0,0,-37,,,,
046634,0,0,0,367,,,,
046636,0,0,0,-53,,,,
046638,0,0,0,6,,,,
046639,0,0,0,92,,,,
046640,0,0,0,22,,,,
046641,0,0,0,324,,,,
046642,0,0,0,0,,,,
046644,0,0,0,17,,,,
046645,0,0,0,0,,,,
046646,0,0,0,-66,,,,
046648,0,0,0,-87,,,,
046649,0,0,0,0,,,,
046650,0,0,0,0,,,,
046652,0,0,0,5,,,,
046653,0,0,0,-20,,,,
046655,0,0,0,-82,,,,
046656,0,0,0,-12,,,,
046657,0,0,0,-673,,,,
046659,0,0,0,30,,,,
046660,0,0,0,-19,,,,
046661,0,0,0,3,,,,
046662,0,0,0,-1,,,,
046666,0,0,0,91,,,,
046667,0,0,0,-50,,,,
046668,0,0,0,-238,,,,
046669,0,0,0,-37,,,,
046670,0,0,0,0,,,,
046673,0,0,0,-10,,,,
046675,0,0,0,289,,,,
046676,0,0,0,-6,,,,
046679,0,0,0,-35,,,,
046680,0,0,0,-141,,,,
046681,0,0,0,-345,,,,
046682,0,0,0,1,,,,
046683,0,0,0,615,,,,
046684,0,0,0,51,,,,
046686,0,0,0,-1,,,,
046687,0,0,0,-72,,,,
046689,0,0,0,-383,,,,
046690,0,0,0,-10,,,,
046691,0,0,0,62,,,,
046693,0,0,0,45,,,,
046694,0,0,0,55,,,,
046697,0,0,0,0,,,,
046701,0,0,0,53,,,,
046702,0,0,0,170,,,,
046703,0,0,0,-140,,,,
046704,0,0,0,-5,,,,
046707,0,0,0,-2,,,,
046708,0,0,0,-5,,,,
046709,0,0,0,10,,,,
046710,0,0,0,-208,,,,
046711,0,0,0,169,,,,
046712,0,0,0,0,,,,
046713,0,0,0,0,,,,
046714,0,0,0,5,,,,
046715,0,0,0,58,,,,
046717,0,0,0,5,,,,
046720,0,0,0,86,,,,
046722,0,0,0,-59,,,,
046725,0,0,0,-14,,,,
046726,0,0,0,28,,,,
046727,0,0,0,20,,,,
046728,0,0,0,28,,,,
046730,0,0,0,45,,,,
046731,0,0,0,40,,,,
046732,0,0,0,0,,,,
046733,0,0,0,2,,,,
046735,0,0,0,-10,,,,
046736,0,0,0,24,,,,
046738,0,0,0,6,,,,
046740,0,0,0,11,,,,
046741,0,0,0,-333,,,,
046742,0,0,0,1,,,,
046743,0,0,0,77,,,,
046744,0,0,0,-26,,,,
046747,0,0,0,180,,,,
046749,0,0,0,-66,,,,
046751,0,0,0,-26,,,,
046753,0,0,0,-643,,,,
046754,0,0,0,-24,,,,
046756,0,0,0,106,,,,
046758,0,0,0,296,,,,
046759,0,0,0,-20,,,,
04675U,0,0,0,-16,,,,
046760,0,0,0,1294,,,,
046761,0,0,0,27,,,,
046762,0,0,0,57,,,,
046763,0,0,0,-27,,,,
046764,0,0,0,-348,,,,
046765,0,0,0,-418,,,,
046766,0,0,0,5,,,,
046767,0,0,0,35,,,,
046768,0,0,0,-126,,,,
046770,0,0,0,317,,,,
046771,0,0,0,12,,,,
046774,0,0,0,-25,,,,
046775,0,0,0,-107,,,,
046776,0,0,0,-353,,,,
046777,0,0,0,58,,,,
046778,0,0,0,61,,,,
046779,0,0,0,-25,,,,
046780,0,0,0,-68,,,,
046781,0,0,0,-12,,,,
046782,0,0,0,304,,,,
046783,0,0,0,78,,,,
046785,0,0,0,-1,,,,
046786,0,0,0,-267,,,,
046787,0,0,0,-141,,,,
046788,0,0,0,77,,,,
046789,0,0,0,70,,,,
046790,0,0,0,251,,,,
046791,0,0,0,25,,,,
046792,0,0,0,-42,,,,
046794,0,0,0,0,,,,
046795,0,0,0,-1,,,,
046796,0,0,0,-55,,,,
046797,0,0,0,-5,,,,
046798,0,0,0,223,,,,
046799,0,0,0,-46,,,,
046800,0,0,0,-40,,,,
046803,0,0,0,-18,,,,
046804,0,0,0,-15,,,,
046805,0,0,0,-67,,,,
046806,0,0,0,12,,,,
046807,0,0,0,423,,,,
046808,0,0,0,257,,,,
046809,0,0,0,-28,,,,
046810,0,0,0,-5,,,,
046811,0,0,0,40,,,,
046812,0,0,0,3,,,,
046813,0,0,0,49,,,,
046814,0,0,0,-61,,,,
046815,0,0,0,16,,,,
046816,0,0,0,-98,,,,
046817,0,0,0,-196,,,,
046818,0,0,0,4,,,,
046820,0,0,0,-18,,,,
046821,0,0,0,7,,,,
046824,0,0,0,-93,,,,
046825,0,0,0,-22,,,,
046826,0,0,0,5,,,,
046828,0,0,0,-30,,,,
046829,0,0,0,122,,,,
046830,0,0,0,13,,,,
046831,0,0,0,-15,,,,
046832,0,0,0,-7,,,,
046833,100,0,0,-464,,,,
046834,0,0,0,122,,,,
046836,0,0,0,-18,,,,
046837,0,0,0,38,,,,
046838,0,0,0,39,,,,
046839,0,0,0,-194,,,,
04683U,0,0,0,-1,,,,
046841,0,0,0,-140,,,,
046845,0,0,0,24,,,,
046846,0,0,0,49,,,,
046847,0,0,0,37,,,,
046848,0,0,0,-158,,,,
046849,0,0,0,13,,,,
046851,0,0,0,-89,,,,
046853,0,0,0,0,,,,
046854,0,0,0,-44,,,,
046855,0,0,0,-12,,,,
046857,0,0,0,151,,,,
046858,0,0,0,-124,,,,
046860,0,0,0,-8,,,,
046861,0,0,0,122,,,,
046862,0,0,0,20,,,,
046863,0,0,0,50,,,,
046864,0,0,0,18,,,,
046865,0,0,0,67,,,,
046868,0,0,0,-100,,,,
046869,0,0,0,-149,,,,
04686U,0,0,0,-40,,,,
046870,0,0,0,-103,,,,
046871,0,0,0,-148,,,,
046873,0,0,0,-89,,,,
046875,0,0,0,-499,,,,
046877,0,0,0,-30,,,,
046878,0,0,0,-240,,,,
046879,0,0,0,80,,,,
046883,0,0,0,-174,,,,
046884,0,0,0,-69,,,,
046885,0,0,0,-167,,,,
046886,0,0,0,0,,,,
046888,0,0,0,5,,,,
04688U,0,0,0,68,,,,
046891,0,0,0,-532,,,,
046892,0,0,0,91,,,,
046893,0,0,0,-79,,,,
046894,0,0,0,-140,,,,
046896,0,0,0,50,,,,
046898,0,0,0,139,,,,
04689U,0,0,0,-6,,,,
046901,0,0,0,-216,,,,
046910,0,0,0,-10,,,,
046911,0,0,0,5,,,,
046912,0,0,0,25,,,,
046913,0,0,0,-88,,,,
046914,0,0,0,-776,,,,
046915,0,0,0,24,,,,
046916,0,0,0,-414,,,,
046917,0,0,0,2,,,,
046918,0,0,0,196,,,,
046919,0,0,0,208,,,,
046920,0,0,0,137,,,,
046921,0,0,0,497,,,,
046922,0,0,0,7,,,,
046923,0,0,0,2,,,,
046926,0,0,0,-589,,,,
046927,0,0,0,-1,,,,
046928,0,0,0,181,,,,
046929,0,0,0,-92,,,,
046931,0,0,0,-109,,,,
046933,0,0,0,-10,,,,
046934,0,0,0,-76,,,,
046936,0,0,0,14,,,,
046938,0,0,0,10,,,,
046939,0,0,0,-10,,,,
046940,0,0,0,-952,,,,
046941,0,0,0,385,,,,
046942,0,0,0,-77,,,,
046944,0,0,0,19,,,,
046945,0,0,0,-82,,,,
046946,0,0,0,-265,,,,
046948,0,0,0,45,,,,
046949,0,0,0,236,,,,
046950,0,0,0,173,,,,
046954,0,0,0,-15,,,,
046955,0,0,0,-34,,,,
046956,0,0,0,82,,,,
046957,-15,0,0,359,,,,
046959,0,0,0,81,,,,
046960,0,0,0,-23,,,,
046961,0,0,0,-191,,,,
046962,0,0,0,-102,,,,
046963,0,0,0,-444,,,,
046964,0,0,0,9,,,,
046965,0,0,0,-48,,,,
046966,0,0,0,120,,,,
046967,0,0,0,97,,,,
046968,0,0,0,514,,,,
046969,0,0,0,32,,,,
046971,0,0,0,0,,,,
046972,0,0,0,82,,,,
046973,0,0,0,40,,,,
046975,0,0,0,30,,,,
046976,0,0,0,13,,,,
046978,0,0,0,-95,,,,
046979,0,0,0,0,,,,
04697U,0,0,0,100,,,,
046980,0,0,0,-58,,,,
046981,0,0,0,-12,,,,
046982,0,0,0,-60,,,,
046983,0,0,0,-8,,,,
046984,0,0,0,-115,,,,
046987,0,0,0,-134,,,,
046988,0,0,0,4,,,,
046989,5,0,0,1179,,,,
046991,0,0,0,23,,,,
046992,0,0,0,-151,,,,
046993,0,0,0,-210,,,,
046994,0,0,0,-143,,,,
046995,0,0,0,-90,,,,
046996,0,0,0,0,,,,
046997,0,0,0,0,,,,
047000,0,0,0,0,,,,
047001,0,0,0,-42,,,,
047002,0,0,0,21,,,,
047004,0,0,0,-9,,,,
047005,0,0,0,6,,,,
047006,0,0,0,10,,,,
047007,0,0,0,5,,,,
047008,0,0,0,-2,,,,
047010,0,0,0,-4,,,,
047011,0,0,0,-11,,,,
047012,0,0,0,-23,,,,
047014,0,0,0,-18,,,,
047015,0,0,0,31,,,,
047016,0,0,0,-13,,,,
047018,0,0,0,59,,,,
047019,0,0,0,0,,,,
04701U,0,0,0,1,,,,
047020,0,0,0,-8,,,,
047021,0,0,0,148,,,,
047023,0,0,0,-59,,,,
047024,0,0,0,-552,,,,
047025,0,0,0,-58,,,,
047028,0,0,0,-1,,,,
047032,0,0,0,-4,,,,
047033,0,0,0,-14,,,,
047036,0,0,0,2,,,,
047037,0,0,0,-25,,,,
047038,0,0,0,1,,,,
047039,0,0,0,9,,,,
047040,0,0,0,-10,,,,
047042,0,0,0,-287,,,,
047043,0,0,0,-1171,,,,
047044,0,0,0,-48,,,,
047045,0,0,0,-90,,,,
047046,0,0,0,41,,,,
047048,0,0,0,-504,,,,
047049,0,0,0,-46,,,,
04704U,0,0,0,-10,,,,
047050,0,0,0,-10,,,,
047053,0,0,0,-92,,,,
047055,0,0,0,-5,,,,
047056,0,0,0,-300,,,,
047057,0,0,0,-404,,,,
047058,0,0,0,159,,,,
047059,0,0,0,-50,,,,
047062,0,0,0,-80,,,,
047063,0,0,0,-164,,,,
047064,0,0,0,-166,,,,
047066,0,0,0,-310,,,,
047067,0,0,0,-1,,,,
047068,0,0,0,26,,,,
047069,0,0,0,-6,,,,
047070,0,0,0,459,,,,
047071,0,0,0,-1,,,,
047073,0,0,0,978,,,,
047074,0,0,0,95,,,,
047075,0,0,0,128,,,,
047076,0,0,0,-158,,,,
047078,0,0,0,-89,,,,
047079,0,0,0,-54,,,,
047080,0,0,0,127,,,,
047081,0,0,0,258,,,,
047082,0,0,0,-415,,,,
047083,0,0,0,-8,,,,
047084,0,0,0,-95,,,,
047086,0,0,0,-31,,,,
047091,0,0,0,-123,,,,
047092,0,0,0,-41,,,,
047093,0,0,0,620,,,,
047096,0,0,0,22,,,,
047098,0,0,0,23,,,,
047099,0,0,0,-54,,,,
047100,0,0,0,-9,,,,
047101,0,0,0,-2,,,,
047102,0,0,0,-4,,,,
047103,0,0,0,1,,,,
047106,0,0,0,0,,,,
047109,0,0,0,-27,,,,
047110,0,0,0,626,,,,
047111,0,0,0,-51,,,,
047112,0,0,0,-20,,,,
047114,0,0,0,3,,,,
047116,0,0,0,38,,,,
047117,0,0,0,0,,,,
047119,0,0,0,-40,,,,
04711U,0,0,0,400,,,,
047121,0,0,0,102,,,,
047125,0,0,0,0,,,,
047126,0,0,0,-2,,,,
047128,0,0,0,-10,,,,
04712U,0,0,0,1000,,,,
047130,0,0,0,107,,,,
047133,0,0,0,519,,,,
047134,0,0,0,-38,,,,
047135,0,0,0,33,,,,
047136,0,0,0,54,,,,
047137,0,0,0,-130,,,,
047138,0,0,0,-10,,,,
04713U,0,0,0,4,,,,
047141,0,0,0,0,,,,
047142,0,0,0,-209,,,,
047143,0,0,0,-332,,,,
047144,0,0,0,30,,,,
047145,0,0,0,-117,,,,
047146,0,0,0,57,,,,
047147,0,0,0,-43,,,,
047148,0,0,0,30,,,,
047149,0,0,0,29,,,,
047150,0,0,0,-129,,,,
047152,0,0,0,-28,,,,
047153,0,0,0,-51,,,,
047156,0,0,0,10,,,,
047157,0,0,0,151,,,,
047158,0,0,0,-27,,,,
047160,0,0,0,-49,,,,
047161,0,0,0,-15,,,,
047162,0,0,0,-54,,,,
047163,0,0,0,-65,,,,
047164,0,0,0,-793,,,,
047165,0,0,0,1463,,,,
047166,0,0,0,1390,,,,
047170,0,0,0,25,,,,
047171,0,0,0,-70,,,,
047172,0,0,0,10,,,,
047173,0,0,0,3,,,,
047174,0,0,0,-4,,,,
047175,0,0,0,-3,,,,
047177,0,0,0,30,,,,
047178,0,0,0,16,,,,
047179,0,0,0,-15,,,,
047180,0,0,0,143,,,,
047181,0,0,0,-215,,,,
047182,0,0,0,2,,,,
047186,0,0,0,50,,,,
047187,0,0,0,6,,,,
047188,0,0,0,-35,,,,
047191,0,0,0,-3,,,,
047192,0,0,0,-1,,,,
047193,0,0,0,124,,,,
047194,0,0,0,-17,,,,
047195,0,0,0,-20,,,,
047197,-20,0,0,21,,,,
047198,0,0,0,506,,,,
047199,0,0,0,656,,,,
047201,0,0,0,128,,,,
047202,0,0,0,-396,,,,
047203,0,0,0,5,,,,
047204,0,0,0,318,,,,
047206,0,0,0,-2,,,,
047207,0,0,0,-116,,,,
047208,0,0,0,319,,,,
047209,0,0,0,261,,,,
047210,0,0,0,-21,,,,
047211,0,0,0,312,,,,
047212,0,0,0,272,,,,
047213,0,0,0,-12,,,,
047215,0,0,0,-130,,,,
047216,0,0,0,115,,,,
047217,0,0,0,64,,,,
047218,0,0,0,17,,,,
047219,0,0,0,38,,,,
047220,0,0,0,236,,,,
047222,0,0,0,161,,,,
047223,0,0,0,-189,,,,
047224,0,0,0,-569,,,,
047225,0,0,0,-507,,,,
047227,0,0,0,-55,,,,
047228,0,0,0,-38,,,,
047229,0,0,0,-371,,,,
047230,0,0,0,-1062,,,,
047231,0,0,0,103,,,,
047232,0,0,0,-418,,,,
047234,0,0,0,15,,,,
047235,0,0,0,-110,,,,
047237,0,0,0,-232,,,,
047238,0,0,0,396,,,,
047240,0,0,0,50,,,,
047241,0,0,0,51,,,,
047242,0,0,0,-137,,,,
047247,0,0,0,13,,,,
047248,0,0,0,-24,,,,
047252,0,0,0,0,,,,
047256,0,0,0,23,,,,
047258,0,0,0,0,,,,
047264,0,0,0,4,,,,
047266,0,0,0,30,,,,
047272,0,0,0,-10,,,,
047273,0,0,0,0,,,,
047275,0,0,0,115,,,,
047276,0,0,0,-34,,,,
047277,0,0,0,0,,,,
047278,0,0,0,53,,,,
047279,0,0,0,82,,,,
047280,0,0,0,-10,,,,
047281,0,0,0,31,,,,
047284,0,0,0,-100,,,,
047285,0,0,0,-65,,,,
047286,0,0,0,-231,,,,
047289,0,0,0,61,,,,
047292,0,0,0,10,,,,
047293,0,0,0,-105,,,,
047294,0,0,0,-39,,,,
047295,0,0,0,-3,,,,
047296,0,0,0,5,,,,
047297,0,0,0,-644,,,,
047298,0,0,0,-561,,,,
047300,0,0,0,-5,,,,
047301,0,0,0,0,,,,
047302,0,0,0,-9,,,,
047303,0,0,0,-17,,,,
047304,0,0,0,-255,,,,
047305,0,0,0,-117,,,,
047306,0,0,0,5,,,,
047307,0,0,0,-35,,,,
047308,0,0,0,44,,,,
047310,0,0,0,52,,,,
047312,0,0,0,172,,,,
047313,0,0,0,10,,,,
047314,0,0,0,-1156,,,,
047315,0,0,0,-367,,,,
047316,0,0,0,192,,,,
047317,0,0,0,185,,,,
047321,0,0,0,23,,,,
047322,0,0,0,-419,,,,
047323,0,0,0,-5,,,,
047326,0,0,0,95,,,,
047327,0,0,0,-207,,,,
047328,0,0,0,-855,,,,
04732U,0,0,0,1,,,,
047330,0,0,0,257,,,,
047331,0,0,0,0,,,,
047332,0,0,0,182,,,,
047335,0,0,0,104,,,,
047336,0,0,0,71,,,,
047337,0,0,0,-192,,,,
047338,0,0,0,-80,,,,
047339,0,0,0,-28,,,,
047340,0,0,0,-60,,,,
047342,0,0,0,-30,,,,
047343,0,0,0,-2,,,,
047344,0,0,0,-526,,,,
047345,0,0,0,5,,,,
047346,0,0,0,-25,,,,
047347,0,0,0,-35,,,,
047348,0,0,0,-42,,,,
047349,0,0,0,30,,,,
047350,0,0,0,60,,,,
047351,0,0,0,-204,,,,
047352,0,0,0,-620,,,,
047353,0,0,0,-33,,,,
047354,0,0,0,-417,,,,
047355,0,0,0,-6,,,,
047357,0,0,0,-309,,,,
047358,0,0,0,38,,,,
047359,0,0,0,4,,,,
047361,0,0,0,-64,,,,
047363,0,0,0,117,,,,
047365,0,0,0,0,,,,
047366,0,0,0,4,,,,
047369,0,0,0,0,,,,
047370,0,0,0,95,,,,
047371,0,0,0,-144,,,,
047372,0,0,0,-305,,,,
047373,0,0,0,-349,,,,
047374,0,0,0,-15,,,,
047375,0,0,0,-225,,,,
047376,0,0,0,276,,,,
047377,0,0,0,-10,,,,
047379,0,0,0,6,,,,
047380,0,0,0,10,,,,
047381,0,0,0,85,,,,
047382,0,0,0,-80,,,,
047383,0,0,0,2,,,,
047385,0,0,0,201,,,,
047386,0,0,0,10,,,,
047388,0,0,0,26,,,,
047389,0,0,0,-60,,,,
047391,0,0,0,-2,,,,
047393,0,0,0,58,,,,
047395,0,0,0,126,,,,
047396,0,0,0,30,,,,
047397,0,0,0,-4,,,,
047398,0,0,0,82,,,,
047399,0,0,0,125,,,,
047400,0,0,0,1,,,,
047402,0,0,0,25,,,,
047403,0,0,0,20,,,,
047404,0,0,0,0,,,,
047406,0,0,0,-68,,,,
047407,0,0,0,20,,,,
047409,0,0,0,19,,,,
047410,0,0,0,-34,,,,
047411,0,0,0,-152,,,,
047412,0,0,0,27,,,,
047413,0,0,0,-705,,,,
047414,0,0,0,127,,,,
047415,0,0,0,27,,,,
047416,0,0,0,235,,,,
047417,0,0,0,17,,,,
047418,0,0,0,0,,,,
047423,0,0,0,64,,,,
047424,0,0,0,-10,,,,
047425,0,0,0,-74,,,,
047426,0,0,0,41,,,,
047427,0,0,0,-65,,,,
047431,0,0,0,-51,,,,
047432,0,0,0,13,,,,
047433,0,0,0,-359,,,,
047436,0,0,0,500,,,,
047437,0,0,0,-1,,,,
047438,0,0,0,-24,,,,
047440,0,0,0,1,,,,
047442,0,0,0,13,,,,
047443,0,0,0,-5,,,,
047444,0,0,0,-3,,,,
047445,0,0,0,107,,,,
047448,0,0,0,506,,,,
047451,0,0,0,-108,,,,
047454,0,0,0,-4985,,,,
047455,0,0,0,-67,,,,
047458,0,0,0,155,,,,
047459,0,0,0,-10,,,,
047460,0,0,0,0,,,,
047461,0,0,0,0,,,,
047462,0,0,0,-35,,,,
047463,0,0,0,255,,,,
047466,0,0,0,-314,,,,
047467,0,0,0,-31,,,,
047468,0,0,0,36,,,,
047469,0,0,0,-11,,,,
047472,0,0,0,-395,,,,
047477,0,0,0,-50,,,,
047478,0,0,0,-1,,,,
047479,0,0,0,56,,,,
047481,0,0,0,-235,,,,
047482,0,0,0,-39,,,,
047483,0,0,0,-439,,,,
047485,0,0,0,-160,,,,
047488,0,0,0,83,,,,
047489,0,0,0,67,,,,
047490,0,0,0,22,,,,
047491,0,0,0,612,,,,
047492,0,0,0,-212,,,,
047494,0,0,0,38,,,,
047497,0,0,0,56,,,,
047501,0,0,0,-45,,,,
047502,0,0,0,4,,,,
047504,0,0,0,40,,,,
047505,0,0,0,-147,,,,
047506,0,0,0,75,,,,
047507,0,0,0,261,,,,
047508,0,0,0,-165,,,,
047509,0,0,0,10,,,,
047510,0,0,0,69,,,,
047513,0,0,0,-922,,,,
047517,0,0,0,-64,,,,
047518,0,0,0,-11,,,,
047519,0,0,0,-44,,,,
047520,0,0,0,-2,,,,
047521,0,0,0,15,,,,
047523,0,0,0,-34,,,,
047525,0,0,0,-134,,,,
047526,0,0,0,571,,,,
047527,0,0,0,0,,,,
047528,0,0,0,10,,,,
047529,0,0,0,-131,,,,
047531,0,0,0,-4,,,,
047532,0,0,0,-100,,,,
047535,0,0,0,0,,,,
047536,0,0,0,-11,,,,
047537,0,0,0,2,,,,
047539,0,0,0,-120,,,,
047540,0,0,0,42,,,,
047541,0,0,0,109,,,,
047542,0,0,0,-1,,,,
047543,0,0,0,-9,,,,
047545,0,0,0,17,,,,
047546,0,0,0,4,,,,
047547,0,0,0,74,,,,
047548,0,0,0,4,,,,
047549,0,0,0,0,,,,
047550,0,0,0,22,,,,
047551,0,0,0,-27,,,,
047552,0,0,0,0,,,,
047553,0,0,0,-15,,,,
047554,0,0,0,19,,,,
047555,0,0,0,98,,,,
047556,0,0,0,54,,,,
047558,0,0,0,-42,,,,
047559,0,0,0,152,,,,
047560,0,0,0,-51,,,,
047561,0,0,0,211,,,,
047562,0,0,0,8,,,,
047563,0,0,0,-50,,,,
047564,0,0,0,-112,,,,
047565,0,0,0,-71,,,,
047566,0,0,0,220,,,,
047567,0,0,0,27,,,,
047568,0,0,0,36,,,,
047569,0,0,0,-41,,,,
047570,0,0,0,12,,,,
047571,0,0,0,459,,,,
047572,0,0,0,-14,,,,
047574,0,0,0,53,,,,
047577,0,0,0,-774,,,,
047578,0,0,0,-2,,,,
047581,0,0,0,-8,,,,
047582,0,0,0,53,,,,
047583,0,0,0,-336,,,,
047584,0,0,0,1,,,,
047587,0,0,0,18,,,,
047588,0,0,0,8,,,,
04758U,0,0,0,100,,,,
047590,0,0,0,-87,,,,
047591,0,0,0,-204,,,,
047593,0,0,0,352,,,,
047594,0,0,0,-38,,,,
047595,0,0,0,-7,,,,
047596,0,0,0,-7,,,,
047597,0,0,0,0,,,,
047598,0,0,0,9,,,,
047601,0,0,0,121,,,,
047602,0,0,0,1,,,,
047609,0,0,0,-399,,,,
047611,0,0,0,-34,,,,
047612,0,0,0,5,,,,
047616,0,0,0,146,,,,
047617,0,0,0,0,,,,
047618,0,0,0,78,,,,
047619,0,0,0,17,,,,
047620,0,0,0,-14,,,,
047621,0,0,0,-16,,,,
047622,0,0,0,422,,,,
047623,0,0,0,0,,,,
047624,0,0,0,-9,,,,
047625,0,0,0,-4,,,,
047627,0,0,0,-159,,,,
047628,0,0,0,652,,,,
047629,0,0,0,-37,,,,
047631,0,0,0,-25,,,,
047634,0,0,0,11,,,,
047635,0,0,0,11,,,,
047636,0,0,0,12,,,,
047637,0,0,0,8,,,,
047638,0,0,0,24,,,,
047639,0,0,0,10,,,,
047640,0,0,0,127,,,,
047641,0,0,0,5,,,,
047644,0,0,0,-181,,,,
047647,0,0,0,-8,,,,
047648,0,0,0,-25,,,,
047649,0,0,0,115,,,,
047650,0,0,0,-14,,,,
047651,0,0,0,-14,,,,
047655,0,0,0,111,,,,
047656,0,0,0,0,,,,
047657,0,0,0,221,,,,
047659,0,0,0,125,,,,
04765U,0,0,0,-5,,,,
047660,0,0,0,-300,,,,
047661,0,0,0,-9,,,,
047662,0,0,0,170,,,,
047663,0,0,0,0,,,,
047664,0,0,0,-410,,,,
047665,0,0,0,37,,,,
047666,0,0,0,229,,,,
047670,0,0,0,-45,,,,
047672,0,0,0,-179,,,,
047673,0,0,0,150,,,,
047674,0,0,0,-75,,,,
047675,0,0,0,20,,,,
047676,0,0,0,-20,,,,
047677,0,0,0,76,,,,
047678,0,0,0,-40,,,,
047679,0,0,0,0,,,,
047681,0,0,0,-5,,,,
047682,0,0,0,-9,,,,
047683,0,0,0,-301,,,,
047684,0,0,0,170,,,,
047685,0,0,0,-39,,,,
047686,0,0,0,-210,,,,
047688,0,0,0,54,,,,
047689,0,0,0,-26,,,,
047690,0,0,0,-143,,,,
047691,0,0,0,-409,,,,
047696,0,0,0,-11,,,,
047697,0,0,0,-291,,,,
047698,0,0,0,291,,,,
047699,0,0,0,65,,,,
047700,0,0,0,-42,,,,
047701,0,0,0,27,,,,
047702,0,0,0,184,,,,
047703,0,0,0,-306,,,,
047707,0,0,0,-227,,,,
047708,0,0,0,-185,,,,
047711,0,0,0,-87,,,,
047712,0,0,0,0,,,,
047713,0,0,0,80,,,,
047715,0,0,0,0,,,,
047716,0,0,0,73,,,,
047717,0,0,0,0,,,,
047718,0,0,0,54,,,,
047719,0,0,0,21,,,,
047720,0,0,0,63,,,,
047721,0,0,0,-317,,,,
047722,0,0,0,141,,,,
047723,0,0,0,91,,,,
047727,0,0,0,-117,,,,
047729,0,0,0,123,,,,
047730,0,0,0,-6,,,,
047732,0,0,0,43,,,,
047734,0,0,0,-21,,,,
047736,0,0,0,12,,,,
047737,0,0,0,-117,,,,
047738,0,0,0,192,,,,
047739,0,0,0,186,,,,
047743,0,0,0,0,,,,
047744,0,0,0,-2,,,,
047745,-200,0,0,469,,,,
047746,0,0,0,48,,,,
047747,0,0,0,149,,,,
047748,0,0,0,-15,,,,
047749,0,0,0,60,,,,
047750,0,0,0,-27,,,,
047751,0,0,0,20,,,,
047752,0,0,0,-22,,,,
047753,0,0,0,-33,,,,
047754,0,0,0,15,,,,
047755,0,0,0,266,,,,
047756,0,0,0,13,,,,
047757,0,0,0,81,,,,
047758,0,0,0,25,,,,
047760,0,0,0,123,,,,
047762,0,0,0,10,,,,
047765,0,0,0,20,,,,
047766,0,0,0,-639,,,,
047768,0,0,0,116,,,,
047769,0,0,0,-53,,,,
047770,0,0,0,-131,,,,
047771,0,0,0,-118,,,,
047772,0,0,0,-2,,,,
047774,0,0,0,54,,,,
047775,0,0,0,0,,,,
047776,0,0,0,552,,,,
047777,0,0,0,-71,,,,
047781,0,0,0,56,,,,
047782,0,0,0,2,,,,
047785,0,0,0,-87,,,,
047786,0,0,0,24,,,,
047788,0,0,0,4,,,,
047789,0,0,0,28,,,,
047790,0,0,0,-12,,,,
047791,0,0,0,-140,,,,
047792,0,0,0,18,,,,
047794,0,0,0,-171,,,,
047795,0,0,0,5,,,,
047796,0,0,0,-8,,,,
047797,0,0,0,-417,,,,
047798,0,0,0,-82,,,,
047799,0,0,0,0,,,,
047801,0,0,0,3,,,,
047802,0,0,0,12,,,,
047803,0,0,0,-156,,,,
047804,0,0,0,156,,,,
047805,0,0,0,-8,,,,
047806,0,0,0,-122,,,,
047807,0,0,0,18,,,,
047808,0,0,0,0,,,,
047809,0,0,0,-39,,,,
047810,0,0,0,0,,,,
047811,0,0,0,-5,,,,
047812,0,0,0,0,,,,
047813,0,0,0,5,,,,
047815,0,0,0,-5,,,,
047816,0,0,0,0,,,,
047817,0,0,0,-18,,,,
047818,0,0,0,0,,,,
047819,0,0,0,119,,,,
047820,0,0,0,2,,,,
047821,0,0,0,0,,,,
047823,0,0,0,34,,,,
047824,0,0,0,-30,,,,
047825,0,0,0,-1,,,,
047826,0,0,0,-53,,,,
047828,0,0,0,51,,,,
047829,0,0,0,217,,,,
047831,0,0,0,-12,,,,
047832,0,0,0,6,,,,
047833,0,0,0,599,,,,
047834,0,0,0,32,,,,
047835,0,0,0,-24,,,,
047836,0,0,0,-10,,,,
047839,0,0,0,0,,,,
047841,0,0,0,-100,,,,
047842,0,0,0,-23,,,,
047845,0,0,0,-12,,,,
047847,0,0,0,-24,,,,
047848,0,0,0,-80,,,,
047851,0,0,0,-130,,,,
047852,0,0,0,-10,,,,
047853,0,0,0,-2,,,,
047854,0,0,0,10,,,,
047856,-6,0,0,590,,,,
047857,0,0,0,110,,,,
047858,0,0,0,21,,,,
047859,0,0,0,9,,,,
047860,0,0,0,-6,,,,
047861,0,0,0,-496,,,,
047866,0,0,0,36,,,,
047867,0,0,0,190,,,,
047869,0,0,0,2,,,,
047870,0,0,0,-39,,,,
047872,0,0,0,67,,,,
047874,0,0,0,-209,,,,
047875,0,0,0,-331,,,,
047879,0,0,0,-161,,,,
047880,0,0,0,424,,,,
047881,0,0,0,-180,,,,
047882,0,0,0,25,,,,
047883,0,0,0,28,,,,
047884,0,0,0,-40,,,,
047885,0,0,0,-257,,,,
047886,0,0,0,366,,,,
047889,0,0,0,-158,,,,
047890,0,0,0,3,,,,
047892,0,0,0,-411,,,,
047893,0,0,0,-11,,,,
047896,0,0,0,25,,,,
047897,0,0,0,18,,,,
047898,0,0,0,-48,,,,
047899,0,0,0,-45,,,,
047900,0,0,0,-18,,,,
047901,0,0,0,123,,,,
047902,0,0,0,-1,,,,
047903,0,0,0,-54,,,,
047904,0,0,0,255,,,,
047905,0,0,0,-405,,,,
047906,0,0,0,-30,,,,
047908,0,0,0,-10,,,,
047909,0,0,0,3,,,,
047910,0,0,0,223,,,,
047911,0,0,0,21,,,,
047912,0,0,0,160,,,,
047913,0,0,0,20,,,,
047914,0,0,0,10,,,,
047915,0,0,0,-89,,,,
047916,0,0,0,-202,,,,
047920,0,0,0,-5,,,,
047922,0,0,0,-220,,,,
047923,0,0,0,0,,,,
047924,0,0,0,13,,,,
047925,0,0,0,-157,,,,
047926,0,0,0,31,,,,
047927,0,0,0,93,,,,
047928,0,0,0,818,,,,
04792U,0,0,0,2,,,,
047930,0,0,0,235,,,,
047931,0,0,0,6,,,,
047932,0,0,0,4,,,,
047933,0,0,0,15,,,,
047935,0,0,0,-30,,,,
047936,0,0,0,634,,,,
047937,0,0,0,54,,,,
047938,0,0,0,-10,,,,
047939,0,0,0,-38,,,,
047940,0,0,0,114,,,,
047941,0,0,0,33,,,,
047942,0,0,0,21,,,,
047945,0,0,0,280,,,,
047946,0,0,0,-103,,,,
047947,0,0,0,25,,,,
047948,0,0,0,-177,,,,
047950,0,0,0,31,,,,
047951,0,0,0,-2,,,,
047953,0,0,0,96,,,,
047954,0,0,0,-73,,,,
047955,0,0,0,19,,,,
047956,0,0,0,16,,,,
047957,0,0,0,11,,,,
047958,0,0,0,26,,,,
047959,0,0,0,-185,,,,
047961,0,0,0,-22,,,,
047963,0,0,0,-20,,,,
047964,0,0,0,39,,,,
047965,0,0,0,10,,,,
047966,0,0,0,77,,,,
047967,0,0,0,-16,,,,
047969,0,0,0,13,,,,
047972,0,0,0,-47,,,,
047973,0,0,0,17,,,,
047974,0,0,0,215,,,,
047975,0,0,0,5,,,,
047978,0,0,0,-155,,,,
047979,0,0,0,-160,,,,
04797U,0,0,0,-22,,,,
047982,0,0,0,-40,,,,
047983,0,0,0,-36,,,,
047984,0,0,0,569,,,,
047985,0,0,0,-20,,,,
047986,0,0,0,-63,,,,
047987,0,0,0,-12,,,,
047988,0,0,0,-36,,,,
047989,0,0,0,-10,,,,
047990,0,0,0,84,,,,
047991,0,0,0,2,,,,
047992,0,0,0,0,,,,
047993,0,0,0,-133,,,,
047994,0,0,0,7,,,,
047995,0,0,0,23,,,,
047996,0,0,0,5,,,,
047997,0,0,0,0,,,,
047999,0,0,0,-3,,,,
048000,0,0,0,-3,,,,
048001,0,0,0,-54,,,,
048002,0,0,0,-739,,,,
048003,0,0,0,430,,,,
048004,0,0,0,327,,,,
048005,0,0,0,100,,,,
048006,0,0,0,-211,,,,
048007,0,0,0,0,,,,
048008,0,0,0,1,,,,
048009,-10,0,0,-216,,,,
04800U,0,0,0,-97,,,,
048015,0,0,0,21,,,,
048016,0,0,0,2,,,,
048017,0,0,0,6,,,,
048018,0,0,0,3,,,,
048019,0,0,0,-50,,,,
048020,0,0,0,-85,,,,
048021,0,0,0,-15,,,,
048022,0,0,0,-18,,,,
048023,0,0,0,-613,,,,
048024,0,0,0,-20,,,,
048027,0,0,0,154,,,,
048028,0,0,0,-52,,,,
048030,0,0,0,333,,,,
048031,0,0,0,14,,,,
048032,0,0,0,58,,,,
048035,0,0,0,-10,,,,
048036,0,0,0,263,,,,
048037,0,0,0,43,,,,
048038,0,0,0,11,,,,
048039,0,0,0,68,,,,
048040,0,0,0,79,,,,
048041,0,0,0,70,,,,
048046,0,0,0,127,,,,
048047,0,0,0,158,,,,
048050,0,0,0,-1159,,,,
048051,0,0,0,-326,,,,
048052,0,0,0,10,,,,
048053,0,0,0,3,,,,
048054,0,0,0,216,,,,
048055,0,0,0,0,,,,
048056,0,0,0,75,,,,
048057,0,0,0,-2,,,,
048060,0,0,0,-60,,,,
048061,0,0,0,-20,,,,
048062,0,0,0,-4418,,,,
048063,0,0,0,-95,,,,
048070,0,0,0,40,,,,
048074,0,0,0,-428,,,,
048077,0,0,0,75,,,,
048079,0,0,0,60,,,,
048083,0,0,0,9,,,,
048085,0,0,0,0,,,,
048086,0,0,0,77,,,,
048087,0,0,0,-465,,,,
048088,0,0,0,54,,,,
048089,0,0,0,69,,,,
048091,0,0,0,96,,,,
048092,0,0,0,3,,,,
048093,0,0,0,376,,,,
048094,0,0,0,-90,,,,
048097,0,0,0,-421,,,,
048098,0,0,0,47,,,,
048100,0,0,0,58,,,,
048101,0,0,0,194,,,,
048102,0,0,0,19,,,,
048103,0,0,0,-7,,,,
048104,0,0,0,339,,,,
048105,0,0,0,-85,,,,
048106,0,0,0,-7,,,,
048107,0,0,0,13,,,,
048108,0,0,0,103,,,,
048109,0,0,0,-210,,,,
048110,0,0,0,1,,,,
048111,0,0,0,-8,,,,
048112,0,0,0,8,,,,
048113,0,0,0,8,,,,
048114,0,0,0,305,,,,
048116,0,0,0,56,,,,
048118,0,0,0,42,,,,
048120,0,0,0,-229,,,,
048121,0,0,0,-25,,,,
048122,0,0,0,1,,,,
048123,0,0,0,119,,,,
048126,0,0,0,-28,,,,
048127,0,0,0,-15,,,,
048128,0,0,0,-17,,,,
048129,0,0,0,566,,,,
048130,0,0,0,-501,,,,
048131,0,0,0,-12,,,,
048133,0,0,0,-20,,,,
048134,0,0,0,-189,,,,
048137,0,0,0,-100,,,,
048139,0,0,0,591,,,,
048141,0,0,0,-41,,,,
048143,0,0,0,60,,,,
048144,0,0,0,10,,,,
048145,0,0,0,-10,,,,
048146,0,0,0,-5,,,,
048147,0,0,0,76,,,,
048148,0,0,0,199,,,,
048149,0,0,0,28,,,,
048150,0,0,0,2,,,,
048151,0,0,0,33,,,,
048152,0,0,0,34,,,,
048153,0,0,0,676,,,,
048154,0,0,0,2220,,,,
048155,0,0,0,-95,,,,
048156,0,0,0,3,,,,
048157,0,0,0,-49,,,,
048158,0,0,0,10,,,,
048160,0,0,0,-8,,,,
048162,0,0,0,26,,,,
048163,0,0,0,-26,,,,
048164,0,0,0,-146,,,,
048165,0,0,0,11,,,,
048167,0,0,0,-10,,,,
048168,0,0,0,-124,,,,
048169,0,0,0,-106,,,,
048172,0,0,0,-44,,,,
048173,0,0,0,60,,,,
048174,0,0,0,0,,,,
048175,0,0,0,92,,,,
048176,0,0,0,-9,,,,
048177,0,0,0,33,,,,
048178,0,0,0,30,,,,
048179,0,0,0,233,,,,
048180,0,0,0,20,,,,
048181,0,0,0,9,,,,
048182,0,0,0,0,,,,
048183,0,0,0,-10,,,,
048184,0,0,0,-10,,,,
048185,0,0,0,14,,,,
048186,0,0,0,45,,,,
048187,0,0,0,38,,,,
048188,0,0,0,-360,,,,
048189,0,0,0,-40,,,,
04818U,0,0,0,-31,,,,
048190,0,0,0,-10,,,,
048191,0,0,0,-927,,,,
048192,0,0,0,3,,,,
048193,0,0,0,-93,,,,
048195,0,0,0,-9,,,,
048196,0,0,0,32,,,,
048198,0,0,0,32,,,,
048199,0,0,0,-1,,,,
048201,0,0,0,10,,,,
048203,0,0,0,9,,,,
048204,0,0,0,0,,,,
048205,0,0,0,111,,,,
048206,0,0,0,55,,,,
048208,0,0,0,-1,,,,
048211,0,0,0,-24,,,,
048212,0,0,0,-67,,,,
048213,0,0,0,-3,,,,
048214,0,0,0,-269,,,,
048216,0,0,0,-3,,,,
048217,0,0,0,-22,,,,
048218,70,0,0,136,,,,
048219,0,0,0,-50,,,,
048220,0,0,0,-530,,,,
048224,0,0,0,-286,,,,
048226,0,0,0,-103,,,,
048229,0,0,0,44,,,,
048230,0,0,0,-113,,,,
048231,0,0,0,-51,,,,
048232,0,0,0,50,,,,
048234,0,0,0,-253,,,,
048236,0,0,0,-96,,,,
048238,0,0,0,117,,,,
048239,0,0,0,304,,,,
048240,0,0,0,91,,,,
048241,0,0,0,-400,,,,
048242,0,0,0,30,,,,
048244,0,0,0,10,,,,
048245,0,0,0,69,,,,
048246,0,0,0,-605,,,,
048248,0,0,0,1,,,,
048249,0,0,0,-7,,,,
048250,0,0,0,57,,,,
048251,0,0,0,47,,,,
048253,0,0,0,295,,,,
048255,0,0,0,11,,,,
048256,0,0,0,-30,,,,
048257,0,0,0,0,,,,
048258,0,0,0,140,,,,
048259,0,0,0,98,,,,
048260,0,0,0,210,,,,
048261,0,0,0,364,,,,
048262,0,0,0,154,,,,
048263,0,0,0,327,,,,
048264,0,0,0,69,,,,
048265,0,0,0,146,,,,
048266,0,0,0,155,,,,
048267,0,0,0,191,,,,
048268,0,0,0,10,,,,
048269,0,0,0,0,,,,
048270,0,0,0,90,,,,
048271,0,0,0,-54,,,,
048273,0,0,0,-19,,,,
048274,0,0,0,17,,,,
048275,0,0,0,28,,,,
048276,0,0,0,36,,,,
048277,0,0,0,20,,,,
048278,0,0,0,53,,,,
048279,0,0,0,40,,,,
048280,0,0,0,39,,,,
048281,0,0,0,-8,,,,
048282,0,0,0,169,,,,
048283,0,0,0,256,,,,
048285,0,0,0,59,,,,
048286,0,0,0,-16,,,,
048287,0,0,0,-30,,,,
048288,0,0,0,23,,,,
048290,0,0,0,-400,,,,
048292,0,0,0,20,,,,
048293,0,0,0,40,,,,
048294,0,0,0,5,,,,
048295,0,0,0,-67,,,,
048296,0,0,0,0,,,,
048299,0,0,0,-2,,,,
048300,0,0,0,-200,,,,
048301,0,0,0,-21,,,,
048302,0,0,0,0,,,,
048303,0,0,0,826,,,,
048304,0,0,0,20,,,,
048305,0,0,0,0,,,,
048306,0,0,0,-6,,,,
048308,0,0,0,28,,,,
048309,0,0,0,-3,,,,
048310,0,0,0,-24,,,,
048311,0,0,0,0,,,,
048312,0,0,0,54,,,,
048313,0,0,0,7,,,,
048314,0,0,0,6,,,,
048315,0,0,0,3,,,,
048316,0,0,0,-5,,,,
048317,0,0,0,0,,,,
048318,0,0,0,-16,,,,
048320,0,0,0,87,,,,
048321,0,0,0,32,,,,
048322,0,0,0,0,,,,
048323,0,0,0,-102,,,,
048324,0,0,0,-31,,,,
048325,0,0,0,-84,,,,
048327,0,0,0,2,,,,
048329,0,0,0,-2,,,,
048330,0,0,0,-527,,,,
048332,0,0,0,24,,,,
048333,0,0,0,-20,,,,
048334,0,0,0,52,,,,
048335,0,0,0,-449,,,,
048336,0,0,0,-86,,,,
048337,0,0,0,2,,,,
048338,0,0,0,-11,,,,
048339,0,0,0,27,,,,
048341,0,0,0,-126,,,,
048342,0,0,0,5,,,,
048343,0,0,0,-10,,,,
048344,0,0,0,20,,,,
048346,0,0,0,0,,,,
048347,0,0,0,-114,,,,
048348,0,0,0,-5,,,,
048349,0,0,0,1713,,,,
048350,0,0,0,-14,,,,
048351,0,0,0,39,,,,
048352,0,0,0,-10,,,,
048353,0,0,0,-29,,,,
048354,0,0,0,237,,,,
048355,0,0,0,-592,,,,
048357,0,0,0,176,,,,
048358,0,0,0,159,,,,
048359,0,0,0,-245,,,,
048360,0,0,0,420,,,,
048361,0,0,0,-155,,,,
048362,0,0,0,0,,,,
048363,0,0,0,-1465,,,,
048364,0,0,0,361,,,,
048365,0,0,0,118,,,,
048366,0,0,0,-8,,,,
048368,0,0,0,31,,,,
048370,0,0,0,-7,,,,
048371,0,0,0,-109,,,,
048373,0,0,0,-870,,,,
048374,0,0,0,464,,,,
048378,0,0,0,169,,,,
048379,0,0,0,383,,,,
048380,0,0,0,20,,,,
048381,0,0,0,1975,,,,
048382,0,0,0,12,,,,
048384,0,0,0,-1292,,,,
048385,0,0,0,-24,,,,
048389,0,0,0,-468,,,,
048390,0,0,0,331,,,,
048392,0,0,0,7,,,,
048393,0,0,0,-575,,,,
048394,0,0,0,-1,,,,
048396,0,0,0,11,,,,
048397,0,0,0,15,,,,
048399,0,0,0,63,,,,
048400,0,0,0,38,,,,
048401,0,0,0,-15,,,,
048402,0,0,0,-5,,,,
048403,0,0,0,20,,,,
048404,0,0,0,-87,,,,
048405,0,0,0,-207,,,,
048407,0,0,0,42,,,,
048408,0,0,0,2,,,,
048409,0,0,0,-26,,,,
048410,0,0,0,20,,,,
048413,0,0,0,0,,,,
048414,0,0,0,186,,,,
048415,0,0,0,98,,,,
048416,0,0,0,8,,,,
048417,0,0,0,92,,,,
048418,0,0,0,-13,,,,
048419,0,0,0,18,,,,
048420,0,0,0,75,,,,
048421,0,0,0,-13,,,,
048422,0,0,0,20,,,,
048423,0,0,0,-10,,,,
048424,0,0,0,21,,,,
048425,0,0,0,310,,,,
048426,0,0,0,0,,,,
048427,0,0,0,20,,,,
048428,0,0,0,10,,,,
048429,0,0,0,28,,,,
048431,0,0,0,18,,,,
048432,0,0,0,0,,,,
048433,0,0,0,-103,,,,
048436,0,0,0,37,,,,
048437,0,0,0,0,,,,
048438,0,0,0,105,,,,
048440,0,0,0,52,,,,
048442,0,0,0,0,,,,
048443,0,0,0,0,,,,
048444,0,0,0,35,,,,
048445,0,0,0,332,,,,
048446,0,0,0,-15,,,,
048447,0,0,0,0,,,,
048450,0,0,0,-6,,,,
048451,0,0,0,9,,,,
048452,1,0,0,0,,,,
048453,0,0,0,-89,,,,
048454,0,0,0,34,,,,
048455,0,0,0,-50,,,,
048456,0,0,0,38,,,,
048457,0,0,0,-223,,,,
048458,0,0,0,79,,,,
048459,0,0,0,-1708,,,,
048460,0,0,0,50,,,,
048462,0,0,0,-2,,,,
048465,0,0,0,20,,,,
048467,0,0,0,-70,,,,
048468,0,0,0,-2,,,,
048469,0,0,0,-135,,,,
048470,0,0,0,-8,,,,
048471,0,0,0,-54,,,,
048472,0,0,0,30,,,,
048474,0,0,0,-81,,,,
048476,0,0,0,74,,,,
048477,0,0,0,49,,,,
048479,0,0,0,-363,,,,
048480,0,0,0,18,,,,
048483,0,0,0,42,,,,
048484,0,0,0,-4,,,,
048485,0,0,0,-147,,,,
048486,0,0,0,-28,,,,
048487,0,0,0,-215,,,,
048488,0,0,0,-5,,,,
048489,0,0,0,50,,,,
048490,0,0,0,19,,,,
048491,0,0,0,-40,,,,
048492,0,0,0,12,,,,
048494,0,0,0,67,,,,
048495,0,0,0,178,,,,
048496,0,0,0,-448,,,,
048498,0,0,0,-7,,,,
048500,0,0,0,254,,,,
048501,0,0,0,-39,,,,
048502,0,0,0,-238,,,,
048503,0,0,0,1,,,,
048504,0,0,0,883,,,,
048505,0,0,0,3,,,,
048507,0,0,0,-82,,,,
048509,0,0,0,-4,,,,
048511,0,0,0,-31,,,,
048514,0,0,0,10,,,,
048517,0,0,0,31,,,,
048519,0,0,0,6,,,,
048521,0,0,0,-40,,,,
048523,0,0,0,55,,,,
048524,0,0,0,-142,,,,
048526,0,0,0,-9,,,,
048527,0,0,0,-8,,,,
048528,0,0,0,14,,,,
048530,0,0,0,-11,,,,
048531,0,0,0,-10,,,,
048532,0,0,0,18,,,,
048533,0,0,0,108,,,,
048534,0,0,0,-18,,,,
048535,0,0,0,-27,,,,
048536,0,0,0,-19,,,,
048537,0,0,0,-13,,,,
048538,0,0,0,-18,,,,
048539,0,0,0,-1,,,,
048540,0,0,0,20,,,,
048541,0,0,0,0,,,,
048542,0,0,0,-13,,,,
048543,0,0,0,-62,,,,
048544,0,0,0,-1,,,,
048545,0,0,0,12,,,,
048546,0,0,0,-2,,,,
048547,0,0,0,60,,,,
048548,0,0,0,-5,,,,
048549,0,0,0,49,,,,
048550,0,0,0,-445,,,,
048552,0,0,0,184,,,,
048554,0,0,0,81,,,,
048555,0,0,0,250,,,,
048557,0,0,0,253,,,,
048558,0,0,0,-276,,,,
048559,0,0,0,70,,,,
048560,0,0,0,-119,,,,
048561,0,0,0,127,,,,
048562,0,0,0,-143,,,,
048563,0,0,0,-124,,,,
048564,0,0,0,-24,,,,
048565,0,0,0,-20,,,,
048566,0,0,0,-8,,,,
048569,0,0,0,-145,,,,
048570,0,0,0,-152,,,,
048571,0,0,0,-1235,,,,
048572,0,0,0,-1432,,,,
048573,0,0,0,-20,,,,
048575,0,0,0,-212,,,,
048576,0,0,0,30,,,,
048577,0,0,0,0,,,,
048578,0,0,0,106,,,,
048579,0,0,0,-297,,,,
048580,0,0,0,77,,,,
048581,0,0,0,1,,,,
048582,0,0,0,-79,,,,
048584,0,0,0,400,,,,
048585,0,0,0,-762,,,,
048588,0,0,0,-175,,,,
048589,0,0,0,147,,,,
048590,0,0,0,-253,,,,
048591,0,0,0,23,,,,
048594,0,0,0,22,,,,
048598,0,0,0,-929,,,,
048599,0,0,0,-948,,,,
048601,0,0,0,71,,,,
048602,0,0,0,-4,,,,
048603,0,0,0,-71,,,,
048606,0,0,0,22,,,,
048608,0,0,0,261,,,,
048612,0,0,0,0,,,,
048613,0,0,0,0,,,,
048614,0,0,0,123,,,,
048616,0,0,0,38,,,,
048623,0,0,0,33,,,,
048625,0,0,0,-148,,,,
048626,0,0,0,-300,,,,
048628,0,0,0,-91,,,,
048630,0,0,0,-45,,,,
048631,0,0,0,-53,,,,
048633,0,0,0,76,,,,
048634,0,0,0,-261,,,,
048636,0,0,0,36,,,,
048637,0,0,0,41,,,,
048639,0,0,0,115,,,,
048642,0,0,0,-21,,,,
048643,0,0,0,-13,,,,
048644,0,0,0,20,,,,
048645,0,0,0,157,,,,
048648,0,0,0,15,,,,
048649,0,0,0,20,,,,
048655,0,0,0,-6,,,,
048656,0,0,0,-287,,,,
048657,0,0,0,-77,,,,
048658,0,0,0,0,,,,
048659,0,0,0,-23,,,,
048660,0,0,0,0,,,,
048665,0,0,0,25,,,,
048666,10,0,0,16,,,,
048668,0,0,0,-50,,,,
048669,0,0,0,20,,,,
048670,0,0,0,-149,,,,
048671,0,0,0,-24,,,,
048672,0,0,0,70,,,,
048673,0,0,0,-213,,,,
048674,0,0,0,-1,,,,
048675,0,0,0,-778,,,,
048676,50,0,0,142,,,,
048678,0,0,0,-8,,,,
048680,0,0,0,21,,,,
048681,0,0,0,25,,,,
048682,0,0,0,32,,,,
048684,0,0,0,-4,,,,
048685,0,0,0,-54,,,,
048686,0,0,0,10,,,,
048687,0,0,0,8,,,,
048688,0,0,0,-145,,,,
048689,0,0,0,-26,,,,
048690,0,0,0,-17,,,,
048691,0,0,0,-70,,,,
048692,0,0,0,-3,,,,
048693,0,0,0,65,,,,
048694,0,0,0,6,,,,
048695,0,0,0,59,,,,
048696,0,0,0,-43,,,,
048700,0,0,0,-31,,,,
048701,0,0,0,19,,,,
048702,0,0,0,0,,,,
048704,0,0,0,-1,,,,
048705,0,0,0,14,,,,
048706,0,0,0,0,,,,
048707,0,0,0,-5,,,,
048708,0,0,0,49,,,,
048709,0,0,0,-62,,,,
048710,0,0,0,10,,,,
048712,0,0,0,180,,,,
048714,0,0,0,1,,,,
048715,0,0,0,-11,,,,
048716,0,0,0,-36,,,,
048717,0,0,0,63,,,,
048718,0,0,0,485,,,,
048719,0,0,0,20,,,,
048721,0,0,0,18,,,,
048722,0,0,0,0,,,,
048723,0,0,0,17,,,,
048724,0,0,0,-327,,,,
048726,0,0,0,-20,,,,
048727,0,0,0,6,,,,
048728,0,0,0,545,,,,
048730,0,0,0,-51,,,,
048731,500,0,0,-1526,,,,
048732,0,0,0,74,,,,
048733,0,0,0,191,,,,
048734,0,0,0,113,,,,
048735,0,0,0,-128,,,,
048736,0,0,0,-1,,,,
048738,-9,0,0,12,,,,
048740,0,0,0,-8,,,,
048742,0,0,0,67,,,,
048743,0,0,0,212,,,,
048744,0,0,0,-1,,,,
048746,1,0,0,-1,,,,
048747,0,0,0,6,,,,
048750,0,0,0,-11,,,,
048751,0,0,0,80,,,,
048752,0,0,0,181,,,,
048754,0,0,0,57,,,,
048755,0,0,0,-422,,,,
048756,0,0,0,-498,,,,
048757,0,0,0,174,,,,
048759,0,0,0,-196,,,,
048760,0,0,0,34,,,,
048762,0,0,0,7,,,,
048763,0,0,0,11,,,,
048764,0,0,0,947,,,,
048765,0,0,0,13,,,,
048767,0,0,0,48,,,,
048768,0,0,0,-10,,,,
048773,0,0,0,-251,,,,
048774,0,0,0,-635,,,,
048776,0,0,0,-53,,,,
048777,0,0,0,-35,,,,
048779,0,0,0,10,,,,
048782,0,0,0,-23,,,,
048783,0,0,0,-157,,,,
048790,0,0,0,71,,,,
048792,0,0,0,-47,,,,
048793,0,0,0,-655,,,,
048794,-200,0,0,-17,,,,
048795,0,0,0,-10,,,,
048796,0,0,0,233,,,,
048797,0,0,0,10,,,,
048798,0,0,0,-8,,,,
048799,0,0,0,-4,,,,
048800,0,0,0,-75,,,,
048801,0,0,0,-7,,,,
048802,0,0,0,0,,,,
048803,0,0,0,-43,,,,
048804,0,0,0,20,,,,
048805,0,0,0,41,,,,
048806,0,0,0,107,,,,
048807,0,0,0,-28,,,,
048808,0,0,0,58,,,,
048812,0,0,0,-73,,,,
048813,0,0,0,100,,,,
048814,0,0,0,4,,,,
048815,0,0,0,19,,,,
048816,0,0,0,29,,,,
048818,0,0,0,-10,,,,
048821,0,0,0,9,,,,
048822,0,0,0,-10,,,,
048824,0,0,0,-10,,,,
048826,0,0,0,-51,,,,
048828,0,0,0,89,,,,
048830,0,0,0,-4,,,,
048831,0,0,0,21,,,,
048832,0,0,0,-40,,,,
048833,0,0,0,244,,,,
048834,3,0,0,14,,,,
048835,0,0,0,-11,,,,
048836,0,0,0,-61,,,,
048837,0,0,0,19,,,,
048838,0,0,0,4,,,,
048841,0,0,0,-115,,,,
048843,0,0,0,-21,,,,
048844,0,0,0,0,,,,
048845,0,0,0,-14,,,,
048846,0,0,0,7,,,,
048847,0,0,0,-213,,,,
048848,0,0,0,145,,,,
048849,0,0,0,-68,,,,
048850,0,0,0,-17,,,,
048851,0,0,0,8,,,,
048852,0,0,0,-10,,,,
048854,0,0,0,-15,,,,
048855,0,0,0,0,,,,
048856,10,0,0,66,,,,
048857,0,0,0,-2,,,,
048858,0,0,0,-11,,,,
048859,0,0,0,-119,,,,
048860,0,0,0,-63,,,,
048861,0,0,0,-123,,,,
048862,0,0,0,-10,,,,
048863,0,0,0,-115,,,,
048864,0,0,0,-1,,,,
048865,0,0,0,-53,,,,
048866,0,0,0,247,,,,
048868,0,0,0,0,,,,
048869,0,0,0,-100,,,,
048870,0,0,0,-258,,,,
048871,0,0,0,-195,,,,
048872,0,0,0,51,,,,
048873,0,0,0,27,,,,
048875,0,0,0,1067,,,,
048876,0,0,0,-162,,,,
048877,0,0,0,874,,,,
048879,0,0,0,-65,,,,
048880,0,0,0,-176,,,,
048881,0,0,0,19,,,,
048882,0,0,0,-184,,,,
048883,0,0,0,-5,,,,
048884,0,0,0,14,,,,
048887,0,0,0,20,,,,
048888,0,0,0,26,,,,
04888U,0,0,0,8,,,,
048890,0,0,0,5,,,,
048891,0,0,0,16,,,,
048893,0,0,0,-664,,,,
048894,0,0,0,15,,,,
048896,0,0,0,-11,,,,
048900,0,0,0,1,,,,
048901,0,0,0,-5,,,,
048902,0,0,0,-667,,,,
048904,0,0,0,9,,,,
048908,0,0,0,80,,,,
048909,0,0,0,165,,,,
048911,0,0,0,10,,,,
048912,0,0,0,-58,,,,
048913,0,0,0,0,,,,
048915,0,0,0,-141,,,,
048916,0,0,0,20,,,,
048917,0,0,0,0,,,,
048919,0,0,0,-43,,,,
048920,0,0,0,-25,,,,
048921,0,0,0,-190,,,,
048922,0,0,0,-23,,,,
048923,0,0,0,0,,,,
048924,0,0,0,-49,,,,
048925,0,0,0,10,,,,
048926,0,0,0,-11,,,,
048927,0,0,0,35,,,,
048928,0,0,0,0,,,,
048929,0,0,0,1,,,,
048930,0,0,0,1,,,,
048931,0,0,0,-47,,,,
048932,0,0,0,8,,,,
048933,0,0,0,75,,,,
048934,0,0,0,-54,,,,
048935,0,0,0,26,,,,
048936,0,0,0,-11,,,,
048938,0,0,0,224,,,,
048939,0,0,0,0,,,,
048941,0,0,0,-22,,,,
048942,0,0,0,0,,,,
048943,0,0,0,-23,,,,
048944,0,0,0,32,,,,
048945,0,0,0,4,,,,
048946,0,0,0,0,,,,
048948,0,0,0,-6,,,,
048949,0,0,0,3,,,,
048951,0,0,0,-14,,,,
048952,0,0,0,317,,,,
048954,0,0,0,7,,,,
048956,0,0,0,-8,,,,
048957,0,0,0,-30,,,,
048958,0,0,0,108,,,,
048959,0,0,0,0,,,,
048961,0,0,0,24,,,,
048962,0,0,0,-40,,,,
048965,0,0,0,-824,,,,
048966,0,0,0,-20,,,,
048967,0,0,0,-168,,,,
048968,0,0,0,52,,,,
048969,0,0,0,16,,,,
048970,0,0,0,-1270,,,,
048971,0,0,0,0,,,,
048972,0,0,0,-50,,,,
048974,0,0,0,7,,,,
048976,0,0,0,-10,,,,
048977,0,0,0,-64,,,,
048978,0,0,0,-342,,,,
048979,0,0,0,-252,,,,
04897U,0,0,0,-2,,,,
048980,0,0,0,-188,,,,
048985,0,0,0,20,,,,
048986,0,0,0,7,,,,
048987,0,0,0,-291,,,,
048988,0,0,0,139,,,,
048989,0,0,0,5,,,,
04898U,0,0,1497,-1497,,,,
048990,0,0,0,-18,,,,
048991,0,0,0,0,,,,
048992,0,0,0,1,,,,
048993,0,0,0,-57,,,,
048994,0,0,0,-225,,,,
048995,0,0,0,29,,,,
048996,0,0,0,1,,,,
048997,0,0,0,-38,,,,
048998,0,0,0,8,,,,
048999,0,0,0,43,,,,
04899U,0,0,0,-4,,,,
049000,0,0,0,21,,,,
049001,0,0,0,9,,,,
049003,0,0,0,2,,,,
049005,0,0,0,-72,,,,
049006,0,0,0,-152,,,,
049007,0,0,0,206,,,,
049008,0,0,0,-10,,,,
04900U,0,0,0,-15,,,,
049010,0,0,0,1,,,,
049014,0,0,0,108,,,,
049015,0,0,0,1,,,,
049017,0,0,0,6,,,,
049018,0,0,0,-269,,,,
049019,0,0,0,-71,,,,
049020,0,0,0,-12,,,,
049021,0,0,0,-103,,,,
049022,0,0,0,62,,,,
049023,0,0,0,0,,,,
049024,0,0,0,-41,,,,
049025,0,0,0,-65,,,,
049026,0,0,0,-190,,,,
049027,0,0,0,104,,,,
049028,0,0,0,-12,,,,
049031,0,0,0,0,,,,
049033,0,0,0,-23,,,,
049034,0,0,0,105,,,,
049036,0,0,0,-3,,,,
049042,0,0,0,-15,,,,
049043,0,0,0,16,,,,
049044,0,0,0,-241,,,,
049045,0,0,0,40,,,,
049046,0,0,0,6,,,,
049047,0,0,0,-24,,,,
049048,0,0,0,-19,,,,
049049,0,0,0,-10,,,,
04904U,0,0,0,-1,,,,
049051,0,0,0,4,,,,
049052,0,0,0,164,,,,
049053,0,0,0,50,,,,
049054,0,0,0,-111,,,,
049055,0,0,0,63,,,,
049056,0,0,0,-44,,,,
049057,0,0,0,41,,,,
049058,0,0,0,-20,,,,
049059,0,0,0,92,,,,
049060,0,0,0,1,,,,
049061,0,0,0,47,,,,
049062,0,0,0,-3,,,,
049063,0,0,0,-10,,,,
049064,0,0,0,48,,,,
049065,0,0,0,-82,,,,
049066,0,0,0,56,,,,
049067,0,0,0,75,,,,
049068,0,0,0,125,,,,
049069,0,0,0,-116,,,,
049071,0,0,0,-7,,,,
049072,0,0,0,-59,,,,
049076,0,0,0,-3,,,,
049077,0,0,0,2,,,,
049078,0,0,0,22,,,,
049080,0,0,0,-107,,,,
049082,0,0,0,-5,,,,
049083,0,0,0,0,,,,
049085,0,0,0,-397,,,,
049087,0,0,0,0,,,,
049093,0,0,0,20,,,,
049096,0,0,0,1,,,,
049097,0,0,0,110,,,,
049098,0,0,0,-104,,,,
049100,0,0,0,199,,,,
049101,0,0,0,-2,,,,
049102,0,0,0,85,,,,
049103,0,0,0,0,,,,
049104,0,0,0,7,,,,
049105,0,0,0,-338,,,,
049106,0,0,0,-37,,,,
049107,0,0,0,-7,,,,
049108,0,0,0,328,,,,
049109,0,0,0,-297,,,,
049111,0,0,0,250,,,,
049112,0,0,0,-662,,,,
049115,0,0,0,445,,,,
049119,0,0,0,3,,,,
049121,0,0,0,-194,,,,
049122,0,0,0,16,,,,
049125,0,0,0,1,,,,
049128,0,0,0,-7,,,,
049129,0,0,0,127,,,,
049130,0,0,0,-1,,,,
049131,0,0,0,-2,,,,
049133,0,0,0,6,,,,
049134,0,0,0,-137,,,,
049136,0,0,0,13,,,,
049137,0,0,0,-7,,,,
049138,0,0,0,-233,,,,
049139,0,0,0,-9,,,,
049140,0,0,0,-235,,,,
049141,0,0,0,-138,,,,
049142,0,0,0,-4,,,,
049143,-10,0,0,-13,,,,
049144,0,0,0,-36,,,,
049145,0,0,0,0,,,,
049146,0,0,0,145,,,,
049147,0,0,0,396,,,,
049148,0,0,0,20,,,,
049149,0,0,0,55,,,,
049150,0,0,0,-971,,,,
049153,0,0,0,170,,,,
049154,0,0,0,0,,,,
049155,0,0,0,0,,,,
049156,0,0,0,-36,,,,
049160,0,0,0,12,,,,
049163,0,0,0,163,,,,
049164,0,0,0,0,,,,
049165,0,0,0,-16,,,,
049169,0,0,0,6,,,,
049170,0,0,0,-86,,,,
049171,0,0,0,0,,,,
049172,0,0,0,9,,,,
049173,0,0,0,22,,,,
049175,0,0,0,10,,,,
049179,0,0,0,1340,,,,
049180,0,0,0,0,,,,
049181,0,0,0,-36,,,,
049182,0,0,0,80,,,,
049183,0,0,0,0,,,,
049184,0,0,0,-30,,,,
049185,0,0,0,-258,,,,
049186,0,0,0,-11,,,,
049187,0,0,0,2,,,,
049188,0,0,0,-113,,,,
049189,0,0,0,-35,,,,
049190,0,0,0,-31,,,,
049191,0,0,0,21,,,,
049194,0,0,0,18,,,,
049195,0,0,0,-110,,,,
049198,0,0,0,0,,,,
049200,0,0,0,-1,,,,
049201,0,0,0,-91,,,,
049202,0,0,0,-248,,,,
049204,0,0,0,11,,,,
049205,0,0,0,1,,,,
049207,0,0,0,-97,,,,
049208,0,0,0,25,,,,
049209,0,0,0,-80,,,,
049210,0,0,0,1,,,,
049212,0,0,0,7,,,,
049214,0,0,0,1,,,,
049215,0,0,0,-15,,,,
049216,0,0,0,-1,,,,
049217,0,0,0,-1075,,,,
049218,0,0,0,-10,,,,
049219,0,0,0,3,,,,
049220,0,0,0,66,,,,
049222,0,0,0,1,,,,
049223,0,0,0,-10,,,,
049224,0,0,0,-3,,,,
049225,8,0,0,51,,,,
049226,0,0,0,13,,,,
049227,0,0,0,1,,,,
049228,0,0,0,-170,,,,
049229,0,0,0,2,,,,
049230,0,0,0,14,,,,
049232,0,0,0,-33,,,,
049233,0,0,0,-245,,,,
049234,0,0,0,-169,,,,
049235,0,0,0,-505,,,,
049236,0,0,0,-16,,,,
049237,0,0,0,-9,,,,
049238,0,0,0,70,,,,
049239,0,0,0,15,,,,
049241,0,0,0,26,,,,
049242,0,0,0,-27,,,,
049243,0,0,0,-32,,,,
049246,0,0,0,9,,,,
049247,0,0,0,-3,,,,
049250,0,0,0,16,,,,
049251,0,0,0,4,,,,
049252,0,0,0,-5,,,,
049253,0,0,0,-12,,,,
049254,0,0,0,9,,,,
049255,0,0,0,27,,,,
049256,0,0,0,-17,,,,
049257,0,0,0,-15,,,,
049258,0,0,0,2,,,,
049259,0,0,0,3,,,,
049261,0,0,0,-75,,,,
049262,0,0,0,0,,,,
049263,0,0,0,-6,,,,
049264,0,0,0,0,,,,
049265,0,0,0,20,,,,
049266,0,0,0,49,,,,
049268,0,0,0,-5,,,,
049269,0,0,0,6,,,,
049270,0,0,0,-129,,,,
049272,0,0,0,-16,,,,
049273,0,0,0,-106,,,,
049274,0,0,0,-9,,,,
049275,0,0,0,-5,,,,
049277,0,0,0,-270,,,,
049278,0,0,0,-751,,,,
049280,0,0,0,-15,,,,
049281,0,0,0,253,,,,
049282,0,0,0,628,,,,
049283,0,0,0,262,,,,
049284,0,0,0,688,,,,
049285,0,0,0,680,,,,
049286,0,0,0,108,,,,
049287,0,0,0,-831,,,,
049288,0,0,0,-514,,,,
049289,0,0,0,-129,,,,
049290,0,0,0,130,,,,
049291,0,0,0,-21,,,,
049293,0,0,0,-50,,,,
049294,0,0,0,2,,,,
049295,0,0,0,633,,,,
049296,0,0,0,-1,,,,
049299,0,0,0,57,,,,
049301,0,0,0,-445,,,,
049303,0,0,0,-95,,,,
049304,0,0,0,-160,,,,
049305,0,0,0,365,,,,
049308,0,0,0,-220,,,,
049309,-8,0,0,-249,,,,
049310,0,0,0,-93,,,,
049311,0,0,0,-15,,,,
049317,0,0,0,55,,,,
049318,0,0,0,1631,,,,
049319,0,0,0,132,,,,
04931U,0,0,0,-80,,,,
049320,0,0,0,0,,,,
049322,0,0,0,92,,,,
049323,0,0,0,-63,,,,
049324,0,0,0,5,,,,
049325,0,0,0,194,,,,
049327,0,0,0,-68,,,,
049328,0,0,0,8,,,,
049329,0,0,0,-8,,,,
049331,0,0,0,13,,,,
049333,0,0,0,-2,,,,
049336,0,0,0,2,,,,
049337,0,0,0,2,,,,
049339,0,0,0,16,,,,
049340,0,0,0,23,,,,
049343,0,0,0,-71,,,,
049344,0,0,0,8,,,,
049345,0,0,0,-79,,,,
049346,0,0,0,-58,,,,
049347,0,0,0,-444,,,,
049348,0,0,0,-298,,,,
049349,0,0,0,1,,,,
049353,0,0,0,-74,,,,
049354,0,0,0,-250,,,,
049355,0,0,0,3,,,,
049357,0,0,0,-799,,,,
049358,0,0,0,0,,,,
049360,0,0,0,130,,,,
049361,0,0,0,-14,,,,
049362,0,0,0,-118,,,,
049363,0,0,0,15,,,,
049364,0,0,0,1,,,,
049365,0,0,0,-51,,,,
049367,0,0,0,788,,,,
049368,0,0,0,217,,,,
049370,0,0,0,-191,,,,
049371,0,0,0,-83,,,,
049372,0,0,0,-111,,,,
049373,0,0,0,473,,,,
049374,0,0,0,-335,,,,
049375,0,0,0,-90,,,,
049376,0,0,0,30,,,,
049377,0,0,0,-20,,,,
049378,0,0,0,373,,,,
049379,0,0,0,-2,,,,
049380,0,0,0,-282,,,,
049381,0,0,0,-1060,,,,
049383,0,0,0,101,,,,
049384,0,0,0,10,,,,
049386,0,0,0,-9,,,,
049387,0,0,0,15,,,,
049389,0,0,0,213,,,,
049391,0,0,0,-50,,,,
049392,0,0,0,-5,,,,
049393,0,0,0,143,,,,
049395,0,0,0,-80,,,,
049396,0,0,0,-121,,,,
049397,0,0,0,-12,,,,
049398,0,0,0,-1055,,,,
049400,0,0,0,1163,,,,
049401,0,0,0,46,,,,
049402,0,0,0,34,,,,
049405,0,0,0,0,,,,
049406,0,0,0,98,,,,
049407,0,0,0,250,,,,
049408,0,0,0,-146,,,,
049409,0,0,0,-28,,,,
049410,0,0,0,182,,,,
049411,0,0,0,7,,,,
049412,0,0,0,-121,,,,
049413,0,0,0,410,,,,
049414,0,0,0,-207,,,,
049415,0,0,0,150,,,,
049417,0,0,0,-269,,,,
049418,0,0,0,73,,,,
049419,0,0,0,-891,,,,
049420,0,0,0,-15,,,,
049421,0,0,0,-363,,,,
049422,0,0,0,-73,,,,
049423,0,0,0,-31,,,,
049424,0,0,0,-208,,,,
049425,0,0,0,-539,,,,
049428,0,0,0,458,,,,
049429,0,0,0,-332,,,,
049430,0,0,0,146,,,,
049431,0,0,0,256,,,,
049432,0,0,0,0,,,,
049433,0,0,0,-252,,,,
049435,0,0,0,-79,,,,
049436,0,0,0,0,,,,
049437,0,0,0,-170,,,,
049439,0,0,0,-265,,,,
049440,0,0,0,50,,,,
049441,0,0,0,45,,,,
049442,0,0,0,-25,,,,
049443,0,0,0,-32,,,,
049444,0,0,0,-13,,,,
049445,0,0,0,65,,,,
049446,0,0,0,-37,,,,
049447,0,0,0,-107,,,,
049449,0,0,0,-5,,,,
049450,0,0,0,-3,,,,
049452,0,0,0,-71,,,,
049454,0,0,0,30,,,,
049455,0,0,0,25,,,,
049456,0,0,0,-75,,,,
049457,0,0,0,-14,,,,
049458,0,0,0,-30,,,,
049459,0,0,0,24,,,,
049460,0,0,0,-4,,,,
049461,0,0,0,-15,,,,
049462,0,0,0,322,,,,
049463,0,0,0,234,,,,
049464,0,0,0,-55,,,,
049466,0,0,0,145,,,,
049467,0,0,0,78,,,,
049468,0,0,0,-213,,,,
049470,0,0,0,374,,,,
049472,0,0,0,-1,,,,
049473,0,0,0,0,,,,
049474,0,0,0,-8,,,,
049475,0,0,0,-54,,,,
049478,0,0,0,201,,,,
049479,0,0,0,9,,,,
049480,0,0,0,-120,,,,
049481,0,0,0,-3,,,,
049482,0,0,0,-30,,,,
049483,0,0,0,-14,,,,
049484,0,0,0,-2,,,,
049485,0,0,0,-35,,,,
049486,0,0,0,-4,,,,
049487,0,0,0,-3,,,,
049489,0,0,0,-45,,,,
049490,0,0,0,-40,,,,
049491,0,0,0,16,,,,
049492,0,0,0,76,,,,
049493,0,0,0,-30,,,,
049494,0,0,0,0,,,,
049495,0,0,0,-13,,,,
049497,0,0,0,-5,,,,
049500,0,0,0,253,,,,
049501,0,0,0,3,,,,
049502,0,0,0,-61,,,,
049503,0,0,0,9,,,,
049504,0,0,0,284,,,,
049505,200,0,0,-519,,,,
049506,0,0,0,4,,,,
049507,0,0,0,2,,,,
049508,0,0,0,-11,,,,
049509,0,0,0,134,,,,
049511,0,0,0,12,,,,
049512,0,0,0,-74,,,,
049513,0,0,0,127,,,,
049514,0,0,0,0,,,,
049516,0,0,0,-14,,,,
049517,0,0,0,-193,,,,
049518,0,0,0,6,,,,
049520,0,0,0,-7,,,,
049521,0,0,0,-78,,,,
049523,0,0,0,24,,,,
049524,0,0,0,29,,,,
049525,0,0,0,-28,,,,
049528,0,0,0,4,,,,
049529,0,0,0,6,,,,
049530,0,0,0,0,,,,
049531,0,0,0,-6,,,,
049532,0,0,0,-64,,,,
049535,0,0,0,-31,,,,
049536,0,0,0,81,,,,
049537,0,0,0,13,,,,
049538,0,0,0,-12,,,,
049539,0,0,0,-458,,,,
049540,0,0,0,-21,,,,
049541,0,0,0,-87,,,,
049542,0,0,0,-286,,,,
049543,0,0,0,1,,,,
049545,0,0,0,8,,,,
049546,0,0,0,0,,,,
049548,0,0,0,-3,,,,
049549,0,0,0,0,,,,
049550,0,0,0,-5,,,,
049551,0,0,0,0,,,,
049552,0,0,0,0,,,,
049557,0,0,0,-59,,,,
049559,0,0,0,40,,,,
049560,0,0,0,-57,,,,
049562,0,0,0,-90,,,,
049563,0,0,0,2,,,,
049564,0,0,0,0,,,,
049565,0,0,0,-77,,,,
049566,0,0,0,-11,,,,
049567,0,0,0,-40,,,,
049569,0,0,0,143,,,,
049570,0,0,0,-1,,,,
049571,0,0,0,111,,,,
049572,0,0,0,-164,,,,
049573,0,0,0,1,,,,
049574,0,0,0,155,,,,
049575,-10,0,0,245,,,,
049576,0,0,0,-97,,,,
049577,0,0,0,-86,,,,
049578,0,0,0,250,,,,
049580,0,0,0,-15,,,,
049581,0,0,0,-6,,,,
049582,0,0,0,-250,,,,
049583,0,0,0,-220,,,,
049584,0,0,0,-128,,,,
049585,0,0,0,315,,,,
049586,0,0,0,-1632,,,,
049587,0,0,0,64,,,,
049588,0,0,0,622,,,,
049589,0,0,0,95,,,,
049593,0,0,0,1,,,,
049594,0,0,0,10,,,,
049595,0,0,0,-7,,,,
049597,0,0,0,335,,,,
049599,0,0,0,-8,,,,
049600,0,0,0,-76,,,,
049601,0,0,0,334,,,,
049602,0,0,0,434,,,,
049603,0,0,0,-71,,,,
049605,0,0,0,-10,,,,
049607,0,0,0,-711,,,,
049608,0,0,0,-912,,,,
049609,0,0,0,-361,,,,
049610,0,0,0,24,,,,
049611,0,0,0,87,,,,
049612,0,0,0,6,,,,
049613,0,0,0,-20,,,,
049614,0,0,0,3,,,,
049616,0,0,0,-60,,,,
049617,0,0,0,-148,,,,
049618,0,0,0,-199,,,,
049619,0,0,0,11,,,,
049620,0,0,0,989,,,,
049621,0,0,0,-46,,,,
049622,0,0,0,75,,,,
049623,0,0,0,-16,,,,
049624,0,0,0,17,,,,
049625,0,0,0,-5,,,,
049627,0,0,0,-2,,,,
049630,0,0,0,-1,,,,
049631,0,0,0,673,,,,
049633,0,0,0,-10,,,,
049634,0,0,0,46,,,,
049635,0,0,0,4,,,,
049637,0,0,0,-30,,,,
049638,0,0,0,-20,,,,
049639,0,0,0,1,,,,
049640,0,0,0,153,,,,
049641,0,0,0,28,,,,
049644,0,0,0,-1,,,,
049645,0,0,0,2,,,,
049646,0,0,0,8,,,,
049647,0,0,0,21,,,,
049648,0,0,0,-118,,,,
049651,0,0,0,27,,,,
049652,0,0,0,-50,,,,
049653,0,0,0,-48,,,,
049654,0,0,0,20,,,,
049655,0,0,0,-10,,,,
049657,0,0,0,0,,,,
049659,0,0,0,62,,,,
049660,0,0,0,-9,,,,
049662,0,0,0,159,,,,
049663,0,0,0,-73,,,,
049665,0,0,0,178,,,,
049666,0,0,0,-81,,,,
049667,0,0,0,408,,,,
049668,0,0,0,15,,,,
049669,0,0,0,-61,,,,
049670,0,0,0,-1,,,,
049671,0,0,0,-2,,,,
049674,0,0,0,4,,,,
049675,0,0,0,-27,,,,
049676,0,0,0,-20,,,,
049677,0,0,0,-113,,,,
049678,0,0,0,-341,,,,
049679,0,0,0,-264,,,,
049680,0,0,0,-34,,,,
049681,0,0,0,2,,,,
049684,0,0,0,1,,,,
049685,0,0,0,-97,,,,
049686,0,0,0,1,,,,
049687,0,0,0,0,,,,
049688,0,0,0,74,,,,
049690,0,0,0,-36,,,,
049691,0,0,0,-45,,,,
049693,0,0,0,35,,,,
049694,0,0,0,-3,,,,
049695,0,0,0,0,,,,
049696,0,0,0,-42,,,,
049697,0,0,0,323,,,,
049698,0,0,0,-151,,,,
049699,0,0,0,11,,,,
049700,0,0,0,-4,,,,
049701,0,0,0,39,,,,
049702,0,0,0,-6,,,,
049703,0,0,0,-131,,,,
049704,0,0,0,49,,,,
049707,0,0,0,-59,,,,
049709,0,0,0,-256,,,,
04970U,0,0,0,-50,,,,
049710,0,0,0,1,,,,
049711,0,0,0,-83,,,,
049712,0,0,0,-111,,,,
049714,0,0,0,0,,,,
049715,0,0,0,-142,,,,
049716,0,0,0,49,,,,
049717,0,0,0,359,,,,
049718,0,0,0,-9,,,,
049720,0,0,0,96,,,,
049721,0,0,0,-57,,,,
049722,0,0,0,-10,,,,
049723,0,0,0,12,,,,
049724,0,0,0,63,,,,
049727,0,0,0,-144,,,,
049728,0,0,0,5,,,,
049729,0,0,0,184,,,,
049730,0,0,0,-250,,,,
049731,0,0,0,210,,,,
049734,0,0,0,-180,,,,
049736,0,0,0,189,,,,
049737,0,0,0,-103,,,,
049738,0,0,0,-11,,,,
049740,0,0,0,89,,,,
049742,0,0,0,186,,,,
049744,0,0,0,-2,,,,
049745,0,0,0,19,,,,
049746,0,0,0,24,,,,
049747,0,0,0,-128,,,,
049748,0,0,0,114,,,,
049749,0,0,0,-1,,,,
049750,0,0,0,0,,,,
049751,0,0,0,-64,,,,
049752,0,0,0,0,,,,
049753,0,0,0,0,,,,
049754,0,0,0,81,,,,
049755,0,0,0,-10,,,,
049756,0,0,0,-15,,,,
049757,0,0,0,-8,,,,
049758,0,0,0,-69,,,,
049759,0,0,0,129,,,,
049761,0,0,0,-469,,,,
049765,0,0,0,0,,,,
049767,0,0,0,-17,,,,
049768,0,0,0,59,,,,
049769,0,0,0,-20,,,,
049770,0,0,0,32,,,,
049771,0,0,0,14,,,,
049772,0,0,0,106,,,,
049774,0,0,0,26,,,,
049777,0,0,0,124,,,,
049779,0,0,0,0,,,,
049781,0,0,0,0,,,,
049782,0,0,0,0,,,,
049783,0,0,0,36,,,,
049784,0,0,0,12,,,,
049785,0,0,0,-5,,,,
049787,0,0,0,6,,,,
049788,0,0,0,-180,,,,
049789,0,0,0,0,,,,
049791,0,0,0,42,,,,
049792,0,0,0,-16,,,,
049793,0,0,0,-5,,,,
049794,0,0,0,-10,,,,
049795,0,0,0,16,,,,
049796,0,0,0,7,,,,
049797,0,0,0,311,,,,
049799,0,0,0,-10,,,,
049800,12,0,0,-24,,,,
049802,0,0,0,-162,,,,
049803,0,0,0,-285,,,,
049805,0,0,0,-2,,,,
049806,0,0,0,2,,,,
049807,0,0,0,119,,,,
049810,0,0,0,-16,,,,
049811,0,0,0,54,,,,
049812,0,0,0,-11,,,,
049813,0,0,0,-165,,,,
049815,0,0,0,30,,,,
049817,0,0,0,-33,,,,
049818,0,0,0,36,,,,
049819,0,0,0,-22,,,,
04981U,0,0,0,-1,,,,
049820,0,0,0,5,,,,
049821,0,0,0,-6,,,,
049823,0,0,0,-20,,,,
049824,0,0,0,-55,,,,
049825,0,0,0,231,,,,
049826,0,0,0,-218,,,,
049827,0,0,0,-367,,,,
049828,0,0,0,-96,,,,
049829,0,0,0,-1171,,,,
049830,0,0,0,11,,,,
049831,0,0,0,-102,,,,
049832,0,0,0,-2,,,,
049833,0,0,0,20,,,,
049834,0,0,0,536,,,,
049835,0,0,0,-861,,,,
049836,0,0,0,-911,,,,
049837,0,0,0,-144,,,,
049838,0,0,0,134,,,,
049839,0,0,0,115,,,,
04983U,0,0,0,-1,,,,
049842,0,0,0,-172,,,,
049844,0,0,0,146,,,,
049845,0,0,0,116,,,,
049846,0,0,0,-231,,,,
049847,0,0,0,44,,,,
049848,0,0,0,-159,,,,
04984U,0,0,0,40,,,,
049851,0,0,0,-33,,,,
049853,0,0,0,-13,,,,
049855,0,0,0,74,,,,
049856,0,0,0,27,,,,
049857,0,0,0,-20,,,,
049859,0,0,0,9,,,,
049860,0,0,0,35,,,,
049861,0,0,0,-4,,,,
049862,0,0,0,-6,,,,
049864,0,0,0,-345,,,,
049866,0,0,0,998,,,,
049867,0,0,0,-77,,,,
049868,0,0,0,-52,,,,
049871,0,0,0,-45,,,,
049874,0,0,0,-190,,,,
049876,0,0,0,-93,,,,
049877,0,0,0,-165,,,,
049879,0,0,0,53,,,,
049880,0,0,0,-7,,,,
049882,0,0,0,-170,,,,
049883,0,0,0,78,,,,
049884,0,0,0,-6,,,,
049885,0,0,0,204,,,,
049886,0,0,0,107,,,,
049887,0,0,0,5,,,,
049889,0,0,0,-32,,,,
049890,0,0,0,-78,,,,
049892,0,0,0,241,,,,
049893,0,0,0,9,,,,
049894,0,0,0,-283,,,,
049895,0,0,0,-109,,,,
049899,0,0,0,-5,,,,
04989U,0,0,0,31,,,,
049900,0,0,0,0,,,,
049902,0,0,0,119,,,,
049903,0,0,0,-70,,,,
049905,0,0,0,-35,,,,
049906,0,0,0,20,,,,
049907,0,0,0,20,,,,
049908,0,0,0,-4,,,,
049910,0,0,0,-22,,,,
049911,0,0,0,-6,,,,
049913,0,0,0,-12,,,,
049914,0,0,0,3,,,,
049915,0,0,0,-20,,,,
049916,0,0,0,15,,,,
049918,0,0,0,24,,,,
049919,0,0,0,47,,,,
049920,0,0,0,-53,,,,
049921,0,0,0,-17,,,,
049922,0,0,0,26,,,,
049923,0,0,0,100,,,,
049925,0,0,0,-14,,,,
049926,0,0,0,-48,,,,
049927,0,0,0,-409,,,,
049929,0,0,0,11,,,,
04992U,0,0,0,8,,,,
049930,0,0,0,17,,,,
049932,0,0,0,8,,,,
049934,0,0,0,1745,,,,
049935,0,0,0,-5,,,,
049936,0,0,0,4,,,,
049937,0,0,0,0,,,,
049938,0,0,0,75,,,,
049939,0,0,0,10,,,,
049941,0,0,0,253,,,,
049942,0,0,0,-308,,,,
049945,0,0,0,14,,,,
049946,0,0,0,-248,,,,
049947,0,0,0,-376,,,,
049948,0,0,0,513,,,,
049949,0,0,0,-363,,,,
049954,0,0,0,0,,,,
049955,0,0,0,-9,,,,
049956,0,0,0,96,,,,
049958,0,0,0,19,,,,
049961,0,0,0,42,,,,
049962,0,0,0,179,,,,
049963,0,0,0,-452,,,,
049964,0,0,0,-500,,,,
049965,0,0,0,-48,,,,
049966,0,0,0,-57,,,,
049968,0,0,0,1,,,,
049971,0,0,0,0,,,,
049972,0,0,0,-148,,,,
049973,0,0,0,569,,,,
049974,0,0,0,-180,,,,
049975,0,0,0,-102,,,,
049976,0,0,0,46,,,,
049977,0,0,0,50,,,,
049978,0,0,0,464,,,,
049979,0,0,0,-189,,,,
049982,0,0,0,-512,,,,
049983,0,0,0,212,,,,
049984,0,0,0,-200,,,,
049985,0,0,0,-267,,,,
049986,0,0,0,-37,,,,
049987,0,0,0,-60,,,,
049988,0,0,0,86,,,,
049989,0,0,0,0,,,,
049990,0,0,0,0,,,,
049991,0,0,0,-169,,,,
049993,0,0,0,18,,,,
049994,0,0,0,33,,,,
049995,0,0,0,48,,,,
049996,0,0,0,1,,,,
049997,0,0,0,42,,,,
049998,0,0,0,7,,,,
049999,0,0,0,-28,,,,
050000,0,0,0,48,,,,
050001,0,0,0,38,,,,
050002,0,0,0,-11,,,,
050003,0,0,0,22,,,,
050004,0,0,0,41,,,,
050006,0,0,0,59,,,,
050007,0,0,0,362,,,,
050008,0,0,0,35,,,,
05000U,0,0,0,10,,,,
050013,0,0,0,19,,,,
050014,0,0,0,-23,,,,
050016,0,0,0,-5,,,,
050017,0,0,0,-27,,,,
050018,0,0,0,36,,,,
050021,0,0,0,-87,,,,
050022,0,0,0,42,,,,
050023,0,0,0,-334,,,,
050024,0,0,0,0,,,,
050025,0,0,0,-7,,,,
050028,0,0,0,-18,,,,
050029,0,0,0,-37,,,,
050030,0,0,0,-235,,,,
050032,0,0,0,25,,,,
050033,0,0,0,-100,,,,
050035,0,0,0,464,,,,
050036,0,0,0,178,,,,
050037,0,0,0,-88,,,,
050038,0,0,0,-5,,,,
050039,0,0,0,88,,,,
050040,0,0,0,67,,,,
050042,0,0,0,30,,,,
050043,0,0,0,18,,,,
050044,0,0,0,0,,,,
050046,0,0,0,-37,,,,
050047,0,0,0,-214,,,,
050048,0,0,0,-3,,,,
050049,0,0,0,21,,,,
050050,0,0,0,-157,,,,
050051,0,0,0,-209,,,,
050052,0,0,0,186,,,,
050053,0,0,0,14,,,,
050054,0,0,0,75,,,,
050055,0,0,0,-375,,,,
050056,0,0,0,22,,,,
050057,0,0,0,-47,,,,
050058,0,0,0,20,,,,
050059,0,0,0,-24,,,,
05005U,0,0,0,-15,,,,
050060,0,0,0,50,,,,
050061,0,0,0,30,,,,
050062,0,0,0,169,,,,
050063,0,0,0,10,,,,
050067,0,0,0,-23,,,,
050068,0,0,0,24,,,,
050069,0,0,0,10,,,,
050070,0,0,0,74,,,,
050071,0,0,0,-5,,,,
050072,0,0,0,59,,,,
050073,0,0,0,114,,,,
050074,0,0,0,-12,,,,
050075,0,0,0,-437,,,,
050077,0,0,0,33,,,,
050079,0,0,0,31,,,,
05007U,0,0,0,2,,,,
050080,0,0,0,-185,,,,
050081,0,0,0,168,,,,
050082,0,0,0,2,,,,
050083,0,0,0,281,,,,
050084,0,0,0,55,,,,
050085,0,0,0,50,,,,
050086,0,0,0,-4,,,,
050088,0,0,0,-23,,,,
050089,0,0,0,-279,,,,
050090,0,0,0,11,,,,
050091,0,0,0,-31,,,,
050092,0,0,0,-731,,,,
050093,0,0,0,78,,,,
050095,0,0,0,-169,,,,
050096,0,0,0,-24,,,,
050097,0,0,0,-119,,,,
050098,0,0,0,-30,,,,
050099,0,0,0,-155,,,,
050100,0,0,0,-106,,,,
050101,0,0,0,-27,,,,
050102,0,0,0,166,,,,
050103,0,0,0,-1035,,,,
050104,0,0,0,197,,,,
050105,0,0,0,-35,,,,
050107,0,0,0,-11,,,,
050110,0,0,0,449,,,,
050111,0,0,0,10,,,,
050112,0,0,0,204,,,,
050113,0,0,0,-21,,,,
050114,0,0,0,-8,,,,
050115,0,0,0,1209,,,,
050116,0,0,0,33,,,,
050117,0,0,0,49,,,,
050118,0,0,0,-100,,,,
050120,0,0,0,88,,,,
050121,0,0,0,4,,,,
050122,0,0,0,-5,,,,
050123,0,0,0,-31,,,,
050126,0,0,0,-4,,,,
050127,0,0,0,-1,,,,
050128,0,0,0,3,,,,
050129,0,0,0,6,,,,
050130,0,0,0,-18,,,,
050131,0,0,0,-29,,,,
050133,0,0,0,-22,,,,
050134,0,0,0,-21,,,,
050136,0,0,0,-8,,,,
050137,0,0,0,-17,,,,
050138,0,0,0,206,,,,
050139,0,0,0,5,,,,
050140,0,0,0,-8,,,,
050142,0,0,0,55,,,,
050145,0,0,0,-1,,,,
050146,0,0,0,-218,,,,
050147,0,0,0,160,,,,
050148,0,0,0,128,,,,
050149,0,0,0,-381,,,,
050150,0,0,0,-265,,,,
050151,0,0,0,-354,,,,
050152,0,0,0,-11,,,,
050153,0,0,0,466,,,,
050154,0,0,0,-20,,,,
050158,0,0,0,91,,,,
050161,0,0,0,5,,,,
050162,0,0,0,-29,,,,
050166,0,0,0,-323,,,,
050167,0,0,0,175,,,,
050169,0,0,0,0,,,,
050170,0,0,0,-71,,,,
050171,0,0,0,118,,,,
050172,0,0,0,-24,,,,
050173,0,0,0,47,,,,
050174,0,0,0,5,,,,
050175,0,0,0,2,,,,
050177,0,0,0,344,,,,
050178,0,0,0,-97,,,,
050179,0,0,0,-96,,,,
050180,0,0,0,-8,,,,
050181,0,0,0,-26,,,,
050182,0,0,0,-117,,,,
050183,0,0,0,-32,,,,
050184,0,0,0,116,,,,
050185,0,0,0,-10,,,,
050186,0,0,0,89,,,,
050187,0,0,0,-143,,,,
050188,0,0,0,-1,,,,
050189,0,0,0,89,,,,
050190,0,0,0,476,,,,
050191,0,0,0,-3,,,,
050193,0,0,0,-262,,,,
050194,0,0,0,-1,,,,
050196,0,0,0,-115,,,,
050197,0,0,0,-313,,,,
050198,0,0,0,-133,,,,
050199,0,0,0,28,,,,
050201,0,0,0,0,,,,
050202,0,0,0,0,,,,
050208,0,0,0,33,,,,
050209,0,0,0,-143,,,,
050210,0,0,0,5,,,,
050211,0,0,0,70,,,,
050212,0,0,0,35,,,,
050213,0,0,0,31,,,,
050214,0,0,0,0,,,,
050218,0,0,0,-20,,,,
050220,0,0,0,-99,,,,
050221,0,0,0,20,,,,
050222,0,0,0,-75,,,,
050223,0,0,0,7,,,,
050224,0,0,0,-15,,,,
050225,0,0,0,-29,,,,
050226,0,0,0,-15,,,,
050227,0,0,0,1,,,,
050228,0,0,0,2,,,,
050229,0,0,0,-360,,,,
050230,0,0,0,-33,,,,
050231,0,0,0,-26,,,,
050233,0,0,0,-40,,,,
050234,0,0,0,-162,,,,
050235,0,0,0,0,,,,
050236,0,0,0,-68,,,,
050237,0,0,0,-78,,,,
050238,0,0,0,-755,,,,
050239,0,0,0,88,,,,
050240,0,0,0,9,,,,
050241,0,0,0,0,,,,
050242,0,0,0,-7,,,,
050243,0,0,0,13,,,,
050244,0,0,0,2,,,,
050245,0,0,0,4,,,,
050246,0,0,0,0,,,,
050247,0,0,0,169,,,,
050249,0,0,0,-124,,,,
050250,0,0,0,1,,,,
050251,0,0,0,12,,,,
050252,0,0,0,67,,,,
050253,0,0,0,347,,,,
050254,0,0,0,-31,,,,
050256,0,0,0,-1,,,,
050257,0,0,0,17,,,,
050259,0,0,0,-19,,,,
050260,0,0,0,-35,,,,
050263,0,0,0,-27,,,,
050264,0,0,0,120,,,,
050265,0,0,0,148,,,,
050266,0,0,0,51,,,,
050267,0,0,0,-32,,,,
050268,0,0,0,-40,,,,
050269,0,0,0,-20,,,,
050270,0,0,0,-34,,,,
050271,0,0,0,-6,,,,
050273,0,0,0,400,,,,
050274,0,0,0,-18,,,,
050276,0,0,0,113,,,,
050279,0,0,0,-95,,,,
050280,0,0,0,-256,,,,
050282,0,0,0,-27,,,,
050283,0,0,0,3,,,,
050284,0,0,0,6,,,,
050285,0,0,0,-114,,,,
050286,0,0,0,181,,,,
050287,0,0,0,-187,,,,
050288,0,0,0,-5,,,,
050289,0,0,0,-2,,,,
050291,0,0,0,-127,,,,
050292,0,0,0,19,,,,
050293,0,0,0,59,,,,
050294,0,0,0,-1,,,,
050296,0,0,0,0,,,,
050297,0,0,0,-37,,,,
050298,0,0,0,4,,,,
050300,0,0,0,138,,,,
050301,0,0,0,34,,,,
050302,0,0,0,134,,,,
050303,0,0,0,-2,,,,
050304,0,0,0,-61,,,,
050305,0,0,0,100,,,,
050308,0,0,0,26,,,,
050309,0,0,0,-6,,,,
050314,0,0,0,-6,,,,
050315,0,0,0,39,,,,
050317,0,0,0,-2,,,,
050318,0,0,0,0,,,,
050319,0,0,0,-334,,,,
050320,0,0,0,0,,,,
050321,0,0,0,-69,,,,
050322,0,0,0,10,,,,
050323,0,0,0,14,,,,
050324,0,0,0,-36,,,,
050325,0,0,0,12,,,,
050326,0,0,0,0,,,,
050327,0,0,0,-94,,,,
050329,0,0,0,-34,,,,
05032U,0,0,0,1,,,,
050330,0,0,0,104,,,,
050331,0,0,0,72,,,,
050332,0,0,0,30,,,,
050333,0,0,0,-17,,,,
050334,0,0,0,-6,,,,
050335,0,0,0,-44,,,,
050337,0,0,0,134,,,,
050338,0,0,0,-18,,,,
050339,0,0,0,-37,,,,
050340,0,0,0,-231,,,,
050341,0,0,0,-27,,,,
050342,0,0,0,-30,,,,
050343,0,0,0,-243,,,,
050344,0,0,0,-25,,,,
050347,0,0,0,-291,,,,
050348,0,0,0,787,,,,
050349,0,0,0,-529,,,,
050350,0,0,0,-864,,,,
050351,0,0,0,-4,,,,
050352,0,0,0,12,,,,
050353,0,0,0,825,,,,
050354,0,0,0,794,,,,
050355,0,0,0,-34,,,,
050356,0,0,0,-338,,,,
050357,0,0,0,148,,,,
050358,0,0,0,884,,,,
050359,0,0,0,345,,,,
050360,0,0,0,-151,,,,
050361,0,0,0,198,,,,
050362,0,0,0,356,,,,
050363,0,0,0,85,,,,
050364,0,0,0,222,,,,
050367,0,0,0,-313,,,,
050368,0,0,0,-314,,,,
050369,0,0,0,337,,,,
050370,0,0,0,-29,,,,
050371,0,0,0,383,,,,
050372,0,0,0,37,,,,
050373,0,0,0,124,,,,
050374,0,0,0,65,,,,
050375,0,0,0,-534,,,,
050376,0,0,0,-190,,,,
050377,0,0,0,169,,,,
050378,0,0,0,-55,,,,
050379,0,0,0,17,,,,
050380,0,0,0,-371,,,,
050382,0,0,0,-1,,,,
050384,0,0,0,0,,,,
050385,0,0,0,-534,,,,
050386,0,0,0,-40,,,,
050387,0,0,0,0,,,,
050388,0,0,0,10,,,,
050389,0,0,0,301,,,,
050390,0,0,0,0,,,,
050391,0,0,0,0,,,,
050392,0,0,0,-10,,,,
050393,0,0,0,-1,,,,
050395,0,0,0,-52,,,,
050397,0,0,0,-16,,,,
050398,0,0,0,0,,,,
050399,0,0,0,13,,,,
050400,0,0,0,43,,,,
050401,0,0,0,-514,,,,
050402,0,0,0,20,,,,
050403,0,0,0,28,,,,
050404,0,0,0,-8,,,,
050406,0,0,0,-65,,,,
050407,0,0,0,-265,,,,
050408,0,0,0,85,,,,
050410,0,0,0,-57,,,,
050411,0,0,0,-1,,,,
050412,0,0,0,-30,,,,
050413,0,0,0,-410,,,,
050414,0,0,0,57,,,,
050415,0,0,0,184,,,,
050416,0,0,0,-202,,,,
050417,0,0,0,208,,,,
050418,0,0,0,439,,,,
050420,0,0,0,-89,,,,
050423,0,0,0,227,,,,
050426,0,0,0,250,,,,
050430,0,0,0,-4,,,,
050432,0,0,0,190,,,,
050434,0,0,0,159,,,,
050435,0,0,0,10,,,,
050436,0,0,0,-376,,,,
050438,0,0,0,0,,,,
050439,0,0,0,186,,,,
050441,0,0,0,5,,,,
050442,0,0,0,-213,,,,
050443,0,0,0,-34,,,,
050444,0,0,0,177,,,,
050445,0,0,0,130,,,,
050446,0,0,0,40,,,,
050448,0,0,0,608,,,,
050450,0,0,0,13,,,,
050451,0,0,0,-66,,,,
050452,0,0,0,-25,,,,
050453,0,0,0,46,,,,
050454,0,0,0,4,,,,
050455,0,0,0,-2,,,,
050456,0,0,0,36,,,,
050457,0,0,0,-743,,,,
050458,0,0,0,-808,,,,
050459,0,0,0,0,,,,
05045U,0,0,0,0,,,,
050460,0,0,0,38,,,,
050463,0,0,0,0,,,,
050464,0,0,0,-20,,,,
050465,0,0,0,11,,,,
050466,0,0,0,23,,,,
050467,0,0,0,-27,,,,
050468,0,0,0,40,,,,
050469,0,0,0,57,,,,
050471,0,0,0,1,,,,
050474,0,0,0,0,,,,
050475,0,0,0,0,,,,
050476,0,0,0,-11,,,,
050477,0,0,0,0,,,,
050478,0,0,0,-4,,,,
050479,0,0,0,186,,,,
050480,0,0,0,31,,,,
050481,0,0,0,0,,,,
050482,0,0,0,-137,,,,
050485,0,0,0,-778,,,,
050486,0,0,0,21,,,,
050487,0,0,0,-425,,,,
050488,0,0,0,-621,,,,
050490,0,0,0,-473,,,,
050491,0,0,0,64,,,,
050492,0,0,0,-17,,,,
050493,0,0,0,-35,,,,
050494,0,0,0,-502,,,,
050495,0,0,0,225,,,,
050496,0,0,0,137,,,,
050497,0,0,0,508,,,,
050498,0,0,0,21,,,,
050499,0,0,0,5,,,,
050500,0,0,0,6,,,,
050501,0,0,0,-46,,,,
050502,0,0,0,-1515,,,,
050503,0,0,0,-123,,,,
050506,0,0,0,-212,,,,
050507,0,0,0,3,,,,
050508,0,0,0,-25,,,,
050509,0,0,0,7,,,,
05050U,0,0,0,0,,,,
050510,0,0,0,-1,,,,
050511,0,0,0,4,,,,
050513,0,0,0,-9,,,,
050514,0,0,0,99,,,,
050515,0,0,0,-330,,,,
050517,0,0,0,16,,,,
050518,0,0,0,-21,,,,
050519,0,0,0,26,,,,
050520,0,0,0,-61,,,,
050521,0,0,0,54,,,,
050522,0,0,0,3,,,,
050523,0,0,0,-19,,,,
050524,0,0,0,-11,,,,
050525,0,0,0,-2,,,,
050526,0,0,0,-194,,,,
050527,0,0,0,-10,,,,
050529,0,0,0,-311,,,,
050530,0,0,0,48,,,,
050531,0,0,0,1,,,,
050532,0,0,0,-11,,,,
050533,0,0,0,-26,,,,
050535,0,0,0,39,,,,
050536,0,0,0,-491,,,,
050537,0,0,0,0,,,,
050538,0,0,0,52,,,,
050539,0,0,0,-228,,,,
050540,0,0,0,-15,,,,
050541,0,0,0,5,,,,
050542,0,0,0,-20,,,,
050543,0,0,0,13,,,,
050544,0,0,0,-48,,,,
050545,0,0,0,-11,,,,
050547,0,0,0,-187,,,,
050548,0,0,0,-34,,,,
050549,0,0,0,2,,,,
050550,0,0,0,-11,,,,
050551,0,0,0,21,,,,
050552,0,0,0,40,,,,
050553,0,0,0,-66,,,,
050554,0,0,0,73,,,,
050555,0,0,0,-40,,,,
050556,0,0,0,0,,,,
050557,0,0,0,-187,,,,
050558,0,0,0,22,,,,
050559,0,0,0,-8,,,,
050560,0,0,0,58,,,,
050561,0,0,0,85,,,,
050562,0,0,0,27,,,,
050563,0,0,0,-7,,,,
050564,0,0,0,-14,,,,
050565,0,0,0,-44,,,,
050567,0,0,0,17,,,,
050568,0,0,0,15,,,,
050569,0,0,0,74,,,,
050572,0,0,0,15,,,,
050573,0,0,0,1,,,,
050574,0,0,0,-14,,,,
050576,0,0,0,-111,,,,
050577,0,0,0,-211,,,,
050578,0,0,0,-35,,,,
050579,0,0,0,40,,,,
050580,0,0,0,17,,,,
050581,0,0,0,-520,,,,
050582,0,0,0,-212,,,,
050583,0,0,0,-83,,,,
050584,0,0,0,-273,,,,
050585,0,0,0,-106,,,,
050588,0,0,0,39,,,,
050589,0,0,0,172,,,,
050591,0,0,0,98,,,,
050592,0,0,0,46,,,,
050594,0,0,0,141,,,,
050595,0,0,0,-15,,,,
050597,0,0,0,0,,,,
050598,0,0,0,-588,,,,
050599,0,0,0,3,,,,
050600,0,0,0,5,,,,
050601,0,0,0,-148,,,,
050602,0,0,0,-124,,,,
050603,0,0,0,-71,,,,
050604,0,0,0,-441,,,,
050605,0,0,0,-107,,,,
050606,0,0,0,-185,,,,
050607,0,0,0,112,,,,
050608,0,0,0,-149,,,,
050610,0,0,0,-591,,,,
050611,0,0,0,-5,,,,
050612,0,0,0,-276,,,,
050613,0,0,0,-80,,,,
050614,0,0,0,358,,,,
050615,0,0,0,36,,,,
050617,0,0,0,-344,,,,
050618,0,0,0,6,,,,
050626,0,0,0,1,,,,
050627,0,0,0,159,,,,
050629,0,0,0,80,,,,
050634,0,0,0,-5,,,,
050635,0,0,0,0,,,,
050636,0,0,0,100,,,,
050637,0,0,0,-167,,,,
050638,0,0,0,327,,,,
050639,0,0,0,1,,,,
050641,0,0,0,67,,,,
050642,0,0,0,-16,,,,
050644,0,0,0,-275,,,,
050645,0,0,0,-70,,,,
050646,0,0,0,5,,,,
050647,0,0,0,114,,,,
050648,0,0,0,100,,,,
050649,0,0,0,210,,,,
050650,0,0,0,400,,,,
050652,0,0,0,-47,,,,
050653,0,0,0,52,,,,
050654,0,0,0,114,,,,
050655,0,0,0,56,,,,
050656,0,0,0,-290,,,,
050658,0,0,0,-500,,,,
050659,0,0,0,250,,,,
050660,0,0,0,-391,,,,
050661,0,0,0,89,,,,
050663,0,0,0,-23,,,,
050664,0,0,0,-138,,,,
050666,0,0,0,0,,,,
050667,0,0,0,-7,,,,
050670,0,0,0,0,,,,
050671,0,0,0,6,,,,
050674,0,0,0,-5,,,,
050676,0,0,0,-37,,,,
050677,-1,0,0,-47,,,,
050678,0,0,0,29,,,,
050680,0,0,0,-4,,,,
050681,0,0,0,-37,,,,
050682,0,0,0,1,,,,
050683,0,0,0,-31,,,,
050684,0,0,0,-229,,,,
050685,0,0,0,-5,,,,
050686,0,0,0,2,,,,
050687,0,0,0,-955,,,,
050688,0,0,0,4,,,,
050689,0,0,0,10,,,,
05068U,0,0,0,20,,,,
050690,0,0,0,10,,,,
050693,0,0,0,61,,,,
050695,0,0,0,0,,,,
050696,0,0,0,26,,,,
050697,0,0,0,66,,,,
050698,0,0,0,0,,,,
050700,0,0,0,-41,,,,
050701,0,0,0,0,,,,
050702,0,0,0,69,,,,
050703,0,0,0,-50,,,,
050704,0,0,0,-12,,,,
050705,0,0,0,-76,,,,
050706,0,0,0,-35,,,,
050707,0,0,0,7,,,,
050708,0,0,0,91,,,,
050710,0,0,0,-64,,,,
050712,0,0,0,64,,,,
050713,0,0,0,4,,,,
050715,0,0,0,-70,,,,
050717,0,0,0,-102,,,,
050718,0,0,0,-5,,,,
050719,0,0,0,0,,,,
050720,0,0,0,-6,,,,
050721,0,0,0,18,,,,
050723,0,0,0,-165,,,,
050724,0,0,0,-357,,,,
050726,0,0,0,-67,,,,
050728,0,0,0,651,,,,
050729,0,0,0,-350,,,,
050730,0,0,0,432,,,,
050731,0,0,0,480,,,,
050732,0,0,0,-12,,,,
050734,0,0,0,11,,,,
050735,0,0,0,-258,,,,
050736,0,0,0,-10,,,,
050737,0,0,0,-5,,,,
050740,0,0,0,-43,,,,
050741,0,0,0,0,,,,
050742,0,0,0,-5,,,,
050743,0,0,0,-2,,,,
050746,0,0,0,0,,,,
050747,0,0,0,-225,,,,
050748,0,0,0,4,,,,
050749,0,0,0,-1,,,,
050752,0,0,0,-141,,,,
050755,0,0,0,-7,,,,
050756,0,0,0,0,,,,
050758,0,0,0,200,,,,
050759,0,0,0,-19,,,,
050762,0,0,0,-106,,,,
050764,0,0,0,90,,,,
050765,0,0,0,-32,,,,
050766,0,0,0,-285,,,,
050767,0,0,0,20,,,,
050768,0,0,0,97,,,,
050770,0,0,0,0,,,,
050771,0,0,0,214,,,,
050772,0,0,0,58,,,,
050773,0,0,0,0,,,,
050776,0,0,0,-52,,,,
050777,0,0,0,83,,,,
050779,0,0,0,-12,,,,
050780,0,0,0,79,,,,
050781,0,0,0,49,,,,
050784,0,0,0,290,,,,
050785,0,0,0,1294,,,,
050786,0,0,0,67,,,,
050787,0,0,0,-6,,,,
050788,0,0,0,-214,,,,
050790,0,0,0,-4,,,,
050791,0,0,0,-82,,,,
050792,0,0,0,-63,,,,
050796,0,0,0,-8,,,,
050797,0,0,0,43,,,,
050798,0,0,0,-25,,,,
050799,0,0,0,182,,,,
050802,0,0,0,-53,,,,
050803,0,0,0,1,,,,
050805,0,0,0,102,,,,
050806,0,0,0,-94,,,,
050808,0,0,0,150,,,,
050809,0,0,0,49,,,,
050810,0,0,0,-49,,,,
050811,0,0,0,-145,,,,
050812,0,0,0,-1334,,,,
050813,0,0,0,-169,,,,
050814,0,0,0,-6,,,,
050815,0,0,0,-4,,,,
050816,0,0,0,-48,,,,
050817,0,0,0,-830,,,,
050818,0,0,0,-213,,,,
050819,100,0,0,-236,,,,
050820,0,0,0,35,,,,
050821,0,0,0,-193,,,,
050823,0,0,0,4,,,,
050824,0,0,0,-523,,,,
050826,0,0,0,-168,,,,
050829,0,0,0,-336,,,,
050830,0,0,0,14,,,,
050832,0,0,0,437,,,,
050833,0,0,0,10,,,,
050835,0,0,0,-3,,,,
050836,0,0,0,108,,,,
050839,0,0,0,14,,,,
050840,0,0,0,2,,,,
050841,0,0,0,-149,,,,
050842,0,0,0,0,,,,
050843,0,0,0,-9,,,,
050844,0,0,0,-42,,,,
050845,0,0,0,-169,,,,
050847,0,0,0,-11,,,,
050849,0,0,0,-390,,,,
050850,0,0,0,-30,,,,
050851,0,0,0,-270,,,,
050852,0,0,0,1,,,,
050853,0,0,0,-14,,,,
050854,0,0,0,33,,,,
050855,0,0,0,-20,,,,
050856,0,0,0,448,,,,
050859,0,0,0,11,,,,
050860,0,0,0,100,,,,
050861,0,0,0,30,,,,
050862,0,0,0,265,,,,
050863,0,0,0,23,,,,
050864,0,0,0,20,,,,
050865,0,0,0,261,,,,
050866,0,0,0,-4,,,,
050867,0,0,0,27,,,,
050868,0,0,0,-22,,,,
050870,0,0,0,-77,,,,
050871,0,0,0,18,,,,
050872,0,0,0,0,,,,
050874,0,0,0,40,,,,
050875,0,0,0,86,,,,
050877,0,0,0,4,,,,
050878,0,0,0,0,,,,
050879,0,0,0,-67,,,,
050880,0,0,0,3,,,,
050881,0,0,0,5,,,,
050882,0,0,0,-221,,,,
050883,0,0,0,-358,,,,
050884,0,0,0,49,,,,
050885,0,0,0,-11,,,,
050886,0,0,0,-368,,,,
050887,0,0,0,-370,,,,
050888,0,0,0,-383,,,,
050889,0,0,0,-147,,,,
050890,0,0,0,-150,,,,
050891,0,0,0,-40,,,,
050892,0,0,0,69,,,,
050893,0,0,0,33,,,,
050894,0,0,0,-20,,,,
050895,0,0,0,-24,,,,
050896,0,0,0,-2,,,,
050897,0,0,0,-3,,,,
050898,0,0,0,-7,,,,
050903,0,0,0,2,,,,
050904,0,0,0,-46,,,,
050905,0,0,0,-17,,,,
050906,0,0,0,-30,,,,
050907,0,0,0,-184,,,,
050908,0,0,0,-697,,,,
050911,0,0,0,-2,,,,
050912,0,0,0,5,,,,
050913,0,0,0,-97,,,,
050914,0,0,0,-364,,,,
050916,0,0,0,-13,,,,
050917,0,0,0,-35,,,,
050918,0,0,0,0,,,,
050920,0,0,0,-30,,,,
050921,0,0,0,-28,,,,
050922,0,0,0,0,,,,
050923,0,0,0,-40,,,,
050924,0,0,0,-1014,,,,
050925,0,0,0,0,,,,
050926,0,0,0,-143,,,,
050931,0,0,0,-125,,,,
050935,0,0,0,20,,,,
050937,0,0,0,-25,,,,
050938,0,0,0,-757,,,,
050939,0,0,0,15,,,,
050943,0,0,0,-22,,,,
050945,0,0,0,-92,,,,
050946,0,0,0,-44,,,,
050947,0,0,0,-31,,,,
050948,0,0,0,-70,,,,
050949,0,0,0,-272,,,,
05094U,0,0,0,10,,,,
050950,0,0,0,-17,,,,
050951,0,0,0,-348,,,,
050952,0,0,0,-1,,,,
050953,0,0,0,-5,,,,
050954,0,0,0,-104,,,,
050955,0,0,0,-150,,,,
050956,0,0,0,-49,,,,
050957,0,0,0,-680,,,,
050958,0,0,0,-5,,,,
050959,0,0,0,-106,,,,
050961,0,0,0,-3,,,,
050963,0,0,0,-10,,,,
050964,0,0,0,-98,,,,
050965,0,0,0,-58,,,,
050967,0,0,0,-15,,,,
050968,0,0,0,-20,,,,
050970,0,0,0,-15,,,,
050971,0,0,0,-79,,,,
050972,0,0,0,155,,,,
050973,0,0,0,13,,,,
050974,0,0,0,-119,,,,
050975,0,0,0,-24,,,,
050977,0,0,0,-29,,,,
050980,0,0,0,-10,,,,
050981,0,0,0,-27,,,,
050982,0,0,0,32,,,,
050983,0,0,0,-26,,,,
050984,0,0,0,10,,,,
050985,0,0,0,-217,,,,
050986,0,0,0,-9,,,,
050987,0,0,0,-1,,,,
050988,0,0,0,1,,,,
050989,0,0,0,-260,,,,
050991,0,0,0,-84,,,,
050992,0,0,0,4,,,,
050993,0,0,0,0,,,,
050994,0,0,0,0,,,,
050995,0,0,0,-4,,,,
050997,0,0,0,-5,,,,
050998,0,0,0,10,,,,
050999,0,0,0,22,,,,
05099U,0,0,0,12,,,,
051001,0,0,0,30,,,,
051005,0,0,0,0,,,,
051007,0,0,0,-116,,,,
051008,0,0,0,-507,,,,
051013,0,0,0,-408,,,,
051014,0,0,0,1160,,,,
051015,0,0,0,-3,,,,
051016,0,0,0,-76,,,,
051017,0,0,0,-23,,,,
051018,0,0,0,-35,,,,
051020,0,0,0,-5,,,,
051022,0,0,0,-1,,,,
051023,0,0,0,-251,,,,
051024,0,0,0,-4,,,,
051025,0,0,0,0,,,,
051026,0,0,0,-53,,,,
051027,0,0,0,-19,,,,
051030,0,0,0,-3,,,,
051031,0,0,0,0,,,,
051032,0,0,0,-85,,,,
051035,0,0,0,-5,,,,
051038,0,0,0,-22,,,,
051039,0,0,0,-2,,,,
051040,0,0,0,-15,,,,
051041,0,0,0,-56,,,,
051043,0,0,0,-4,,,,
051044,0,0,0,5,,,,
051045,0,0,0,-13,,,,
051046,0,0,0,-7,,,,
051047,0,0,0,-16,,,,
051048,0,0,0,-11,,,,
051050,0,0,0,-1,,,,
051053,0,0,0,30,,,,
051054,0,0,0,-3,,,,
051055,0,0,0,124,,,,
051056,0,0,0,-2,,,,
051057,0,0,0,-8,,,,
051059,0,0,0,24,,,,
051060,0,0,0,-230,,,,
051061,0,0,0,8,,,,
051062,0,0,0,-4,,,,
051063,0,0,0,-129,,,,
051064,0,0,0,-15,,,,
051067,0,0,0,11,,,,
051068,0,0,0,13,,,,
051069,0,0,0,0,,,,
051070,0,0,0,185,,,,
051071,0,0,0,9,,,,
051074,0,0,0,-14,,,,
051075,0,0,0,-53,,,,
051076,0,0,0,-2915,,,,
051077,0,0,0,-20,,,,
051079,0,0,0,-10,,,,
051083,0,0,0,-21,,,,
051085,0,0,0,-2,,,,
051093,0,0,0,-57,,,,
051094,0,0,0,-25,,,,
051095,0,0,0,-150,,,,
051097,0,0,0,337,,,,
051099,0,0,0,-27,,,,
051100,0,0,0,1,,,,
051101,0,0,0,-120,,,,
051103,0,0,0,-114,,,,
051104,0,0,0,-100,,,,
051105,0,0,0,-40,,,,
051106,0,0,0,-526,,,,
051108,0,0,0,-22,,,,
051109,0,0,0,-3,,,,
05110U,0,0,0,66,,,,
051110,0,0,0,-209,,,,
051112,0,0,0,120,,,,
051114,0,0,0,0,,,,
051116,0,0,0,-3,,,,
051118,0,0,0,-3,,,,
051120,0,0,0,-47,,,,
051122,0,0,0,-825,,,,
051126,0,0,0,0,,,,
051128,0,0,0,-500,,,,
051130,0,0,0,-2,,,,
051131,0,0,0,-909,,,,
051132,0,0,0,-28,,,,
051133,0,0,0,0,,,,
051134,0,0,0,-5,,,,
051139,0,0,0,0,,,,
05113U,0,0,0,-2,,,,
051144,0,0,0,-5,,,,
051146,0,0,0,-122,,,,
051147,20,0,0,-2667,,,,
051148,0,0,0,-7,,,,
051153,0,0,0,-3,,,,
051154,0,0,0,-28,,,,
051155,0,0,0,-15,,,,
051156,0,0,0,-23,,,,
051157,0,0,0,-6,,,,
051158,0,0,0,-10,,,,
051159,0,0,0,-1,,,,
051160,0,0,0,-2,,,,
051161,0,0,0,0,,,,
051165,0,0,0,-8,,,,
051167,0,0,0,-9,,,,
051168,0,0,0,-34,,,,
051172,0,0,0,-1,,,,
051174,0,0,0,-18,,,,
051175,0,0,0,-2,,,,
051176,0,0,0,0,,,,
051177,0,0,0,-11,,,,
051181,0,0,0,0,,,,
051184,0,0,0,-452,,,,
051185,0,0,0,-37,,,,
051186,0,0,0,-34,,,,
051187,0,0,0,-51,,,,
051188,0,0,0,-16,,,,
051192,0,0,0,-2,,,,
051196,0,0,0,-16,,,,
051199,0,0,0,0,,,,
05119U,0,0,0,-6,,,,
051202,1,0,0,4,,,,
051203,0,0,0,0,,,,
051204,0,0,0,-40,,,,
051207,0,0,0,-26,,,,
051208,0,0,0,39,,,,
051213,0,0,0,-5,,,,
051214,0,0,0,-17,,,,
051217,0,0,0,8,,,,
051218,0,0,0,-6,,,,
051219,0,0,0,-106,,,,
051220,0,0,0,-73,,,,
051221,0,0,0,-24,,,,
051222,0,0,0,-184,,,,
051223,0,0,0,-40,,,,
051225,0,0,0,-100,,,,
051226,0,0,0,-37,,,,
051227,0,0,0,190,,,,
051228,0,0,0,-434,,,,
051229,0,0,0,-68,,,,
051230,0,0,0,-287,,,,
051231,0,0,0,-140,,,,
051232,0,0,0,-35,,,,
051233,0,0,0,1,,,,
051238,0,0,0,-32,,,,
051239,0,0,0,-39,,,,
051243,0,0,0,-20,,,,
051244,0,0,0,-71,,,,
051249,0,0,0,-117,,,,
051250,0,0,0,-20,,,,
051251,0,0,0,-278,,,,
051252,0,0,0,-107,,,,
051253,0,0,0,-35,,,,
051254,0,0,0,0,,,,
051255,0,0,0,-63,,,,
051256,0,0,0,-30,,,,
051258,0,0,0,-234,,,,
051259,0,0,0,-139,,,,
051260,0,0,0,-20,,,,
051261,0,0,0,-23,,,,
051262,0,0,0,9,,,,
051263,0,0,0,-460,,,,
051264,0,0,0,-398,,,,
051266,0,0,0,69,,,,
051269,0,0,0,-21,,,,
051273,0,0,0,-37,,,,
051276,0,0,0,-53,,,,
051278,0,0,0,-178,,,,
051279,0,0,0,-39,,,,
051281,0,0,0,-71,,,,
051282,0,0,0,-75,,,,
051283,0,0,0,-3,,,,
051288,0,0,0,-22,,,,
05128U,0,0,0,-3,,,,
051291,0,0,0,-20,,,,
051292,0,0,0,-100,,,,
051293,0,0,0,-5,,,,
051294,0,0,0,-1,,,,
051295,0,0,0,-1,,,,
051296,0,0,0,-20,,,,
051297,0,0,0,48,,,,
051299,0,0,0,-270,,,,
051300,0,0,0,-15,,,,
051301,0,0,0,-28,,,,
051303,0,0,0,-47,,,,
051306,0,0,0,-175,,,,
051307,0,0,0,-15,,,,
051308,0,0,0,-51,,,,
051309,0,0,0,0,,,,
051310,0,0,0,0,,,,
051312,0,0,0,-5,,,,
051313,0,0,0,-31,,,,
051314,0,0,0,0,,,,
051315,0,0,0,-18,,,,
051316,0,0,0,-3,,,,
051319,0,0,0,-518,,,,
05131U,0,0,0,-10,,,,
051320,0,0,0,-1,,,,
051321,0,0,0,-1,,,,
051322,0,0,0,-39,,,,
051323,0,0,0,-36,,,,
051324,0,0,0,-9,,,,
051325,0,0,0,-174,,,,
051326,0,0,0,-59,,,,
051327,0,0,0,-141,,,,
051328,0,0,0,-10,,,,
051329,0,0,0,-61,,,,
051330,0,0,0,-3,,,,
051331,0,0,0,-173,,,,
051332,0,0,0,0,,,,
051333,0,0,0,-9,,,,
051335,0,0,0,1,,,,
051337,0,0,0,-694,,,,
051338,0,0,0,-212,,,,
051340,0,0,0,-4,,,,
051341,0,0,0,-19,,,,
051342,0,0,0,-22,,,,
051343,0,0,0,-349,,,,
051345,0,0,0,0,,,,
051346,0,0,0,20,,,,
051349,0,0,0,-4,,,,
051356,0,0,0,-1,,,,
051357,0,0,0,-11,,,,
051358,0,0,0,-3,,,,
051359,0,0,0,-191,,,,
051360,0,0,0,-2,,,,
051367,0,0,0,-10,,,,
051368,0,0,0,-2,,,,
051371,0,0,0,-142,,,,
051374,0,0,0,-10,,,,
051375,0,0,0,-78,,,,
051379,0,0,0,-1,,,,
051381,0,0,0,-30,,,,
051383,0,0,0,-5,,,,
051385,0,0,0,-75,,,,
051386,0,0,0,-3,,,,
051387,0,0,0,-1,,,,
051390,0,0,0,-1,,,,
051391,0,0,0,-2,,,,
051392,0,0,0,-58,,,,
051397,0,0,0,-8,,,,
051398,0,0,0,-50,,,,
051405,0,0,0,-40,,,,
051407,0,0,0,-18,,,,
051409,0,0,0,-85,,,,
051414,0,0,0,198,,,,
051416,0,0,0,-35,,,,
051420,0,0,0,-55,,,,
051433,0,0,0,-116,,,,
051434,0,0,0,-10,,,,
051437,0,0,0,-213,,,,
051438,0,0,0,-20,,,,
051439,0,0,0,-407,,,,
051442,0,0,0,-13,,,,
051444,0,0,0,-5,,,,
051446,0,0,0,-258,,,,
05144U,0,0,0,-1,,,,
051455,0,0,0,-640,,,,
05145U,0,0,0,-4,,,,
051468,0,0,0,-75,,,,
051470,0,0,0,-10,,,,
051471,0,0,0,-10,,,,
051472,0,0,0,-60,,,,
051473,0,0,0,-33,,,,
051474,0,0,0,-60,,,,
051475,0,0,0,-10,,,,
051476,0,0,0,-12,,,,
051477,0,0,0,-5,,,,
051478,0,0,0,-5,,,,
051480,0,0,0,-633,,,,
051484,0,0,0,-10,,,,
051485,0,0,0,-571,,,,
051489,0,0,0,-154,,,,
05148U,0,0,0,-7,,,,
051490,0,0,0,-205,,,,
051491,0,0,0,-259,,,,
051498,0,0,0,-204,,,,
051503,0,0,0,-5,,,,
051504,0,0,0,-1,,,,
051505,0,0,0,-216,,,,
051507,0,0,0,-60,,,,
051509,0,0,0,-94,,,,
051514,0,0,0,-451,,,,
051516,0,0,0,-475,,,,
051517,0,0,0,-47,,,,
051519,0,0,0,-10,,,,
051526,0,0,0,-203,,,,
051531,0,0,0,-6,,,,
051532,0,0,0,-2,,,,
05153U,0,0,0,-84,,,,
051565,0,0,0,-5,,,,
05161U,0,0,0,-45,,,,
05165U,0,0,0,-10,,,,
05171U,0,0,0,-236,,,,
05174U,0,0,0,-5,,,,
05179U,0,0,0,-19,,,,
05182U,0,0,0,90,,,,
05186U,0,0,0,-50,,,,
051939,0,0,0,-192,,,,
05193U,0,0,0,150,,,,
05194U,0,0,0,26,,,,
05196U,0,0,0,0,,,,
05211U,0,0,0,-103,,,,
052122,0,0,0,104,,,,
05213U,0,0,0,-30,,,,
05214U,0,0,0,-15,,,,
05225U,0,0,0,-24,,,,
05233U,0,0,0,-40,,,,
05245U,0,0,0,-58,,,,
05246U,0,0,0,-30,,,,
05248U,0,0,0,-45,,,,
052515,0,0,0,20,,,,
052516,0,0,0,-10,,,,
052517,0,0,0,-1,,,,
052518,0,0,0,-7,,,,
05258U,0,0,0,-24,,,,
05259U,0,0,0,50,,,,
05260U,0,0,0,-299,,,,
05262U,0,0,0,10,,,,
05264U,0,0,0,-21,,,,
05273U,0,0,0,2,,,,
05276U,0,0,0,-45,,,,
05277U,0,0,0,79,,,,
05278U,0,0,0,-20,,,,
052794,0,0,0,26,,,,
052795,0,0,0,52,,,,
05281U,0,0,0,-2,,,,
05284U,0,0,0,1,,,,
05286U,0,0,0,-5,,,,
05290U,0,0,0,-4,,,,
05291U,0,0,0,-27,,,,
05298U,0,0,0,-1,,,,
05299U,0,0,0,-5,,,,
053006,0,0,0,-86,,,,
05301U,0,0,0,-5,,,,
05302U,0,0,0,-24,,,,
05303U,0,0,0,-54,,,,
05305U,0,0,0,1,,,,
05307U,0,0,0,2,,,,
053106,0,0,0,15,,,,
05311U,0,0,0,-389,,,,
05315U,0,0,0,46,,,,
053203,0,0,0,125,,,,
05322U,0,0,0,6,,,,
05327U,0,0,0,-123,,,,
05330U,0,0,0,-10,,,,
05331U,0,0,0,15,,,,
05332U,0,0,0,-250,,,,
053356,0,0,0,3,,,,
053357,0,0,0,124,,,,
053358,0,0,0,-1,,,,
05335U,0,0,0,1,,,,
053365,0,0,0,79,,,,
053433,0,0,0,5,,,,
05343U,0,0,0,0,,,,
05344U,0,0,0,-8,,,,
05355U,0,0,0,25,,,,
05361U,0,0,0,0,,,,
05364U,0,0,0,-300,,,,
05365U,0,0,0,20,,,,
053664,0,0,0,9,,,,
053666,0,0,0,-48,,,,
05369U,0,0,0,-10,,,,
053730,0,0,0,-150,,,,
05378U,0,0,0,-96,,,,
05381U,0,0,0,-3,,,,
05386U,0,0,0,-45,,,,
05387U,0,0,0,30,,,,
05400U,0,0,0,90,,,,
054019,0,0,0,9,,,,
054021,0,0,0,10,,,,
05406U,0,0,0,-60,,,,
05409U,0,0,0,50,,,,
05410U,0,0,0,34,,,,
05419U,0,0,0,200,,,,
05422U,0,0,0,46,,,,
05430U,0,0,0,-12,,,,
05432U,0,0,0,-24,,,,
054367,0,0,0,808,,,,
05437U,0,0,0,-8,,,,
05439U,0,0,0,-368,,,,
05440U,0,0,0,-170,,,,
05444U,0,0,0,-5,,,,
05445U,0,0,0,-30,,,,
05446U,0,0,0,-255,,,,
05449U,0,0,0,0,,,,
05450U,0,0,0,-300,,,,
05451U,0,0,0,5,,,,
05454U,0,0,0,10,,,,
05455U,0,0,0,-50,,,,
05456U,0,0,0,-14,,,,
05462U,0,0,0,339,,,,
05466U,0,0,0,-1,,,,
05468U,0,0,0,-433,,,,
054717,0,0,0,-20,,,,
05472U,0,0,0,-10,,,,
05475U,0,0,0,-50,,,,
05476U,0,0,0,-13,,,,
05479U,0,0,0,-660,,,,
05482U,0,0,0,20,,,,
05483U,0,0,0,-1,,,,
05487U,0,0,0,-10,,,,
054897,0,0,0,1,,,,
05489U,0,0,0,200,,,,
05490U,0,0,0,-10,,,,
05493U,0,0,0,21,,,,
05494U,0,0,0,-20,,,,
05495U,0,0,0,35,,,,
05499U,0,0,0,-5,,,,
05500U,0,0,0,-99,,,,
05504U,0,0,0,-101,,,,
05506U,0,0,0,-78,,,,
05515U,0,0,0,-15,,,,
05516U,0,0,0,22,,,,
05517U,0,0,0,-21,,,,
05523U,0,0,0,28,,,,
05526U,0,0,0,-41,,,,
05531U,0,0,0,-55,,,,
05536U,0,0,0,-27,,,,
055399,0,0,0,70,,,,
05540U,0,0,0,15,,,,
05541U,0,0,0,25,,,,
055438,0,0,0,-15,,,,
05549U,0,0,0,-120,,,,
05550U,0,0,0,-40,,,,
055544,0,0,0,8,,,,
055568,0,0,0,49,,,,
05564U,0,0,0,20,,,,
05571U,0,0,0,100,,,,
05575U,0,0,0,-100,,,,
05586U,0,0,0,0,,,,
05592U,0,0,0,46,,,,
05593U,0,0,0,6,,,,
05594U,0,0,0,21,,,,
05600U,0,0,0,4,,,,
05602U,0,0,0,20,,,,
05611U,0,0,0,-203,,,,
05612U,0,0,0,-30,,,,
056138,0,0,0,0,,,,
05615U,0,0,0,-18,,,,
05617U,0,0,0,-14,,,,
05619U,0,0,0,-21,,,,
05620U,0,0,0,0,,,,
05622U,0,0,0,60,,,,
05626U,0,0,0,-20,,,,
05628U,0,0,0,3,,,,
05629U,0,0,0,-4,,,,
05642U,0,0,0,-19,,,,
056439,0,0,0,7,,,,
056445,0,0,0,-1,,,,
05645U,0,0,0,17,,,,
05652U,0,0,0,-45,,,,
05654U,0,0,0,201,,,,
05656U,0,0,0,24,,,,
05668U,0,0,0,-6,,,,
05669U,0,0,0,65,,,,
05675U,0,0,0,-1,,,,
05676U,0,0,0,0,,,,
056821,0,0,0,53,,,,
05682U,0,0,0,-100,,,,
05683U,0,0,0,-64,,,,
05686U,0,0,0,0,,,,
05687U,0,0,0,211,,,,
05689U,0,0,0,-100,,,,
05692U,0,0,0,10,,,,
05693U,0,0,0,-200,,,,
05695U,0,0,0,60,,,,
05698U,0,0,0,-20,,,,
05702U,0,0,0,3,,,,
05703U,0,0,0,71,,,,
05704U,0,0,0,-23,,,,
05716U,0,0,0,-1,,,,
05718U,0,0,0,-1108,,,,
05719U,0,0,0,10,,,,
05728U,0,0,10,-10,,,,
05738U,0,0,0,-11,,,,
05742U,0,0,0,9,,,,
05746U,0,0,0,-12,,,,
057474,0,0,0,250,,,,
05758U,0,0,0,-20,,,,
057676,0,0,0,10,,,,
05767U,0,0,0,50,,,,
057688,0,0,0,26,,,,
05768U,0,0,0,-229,,,,
05769U,0,0,0,30,,,,
05771U,0,0,0,-104,,,,
05788U,0,0,0,90,,,,
057918,0,0,0,-25,,,,
057922,0,0,0,108,,,,
05799U,0,0,0,1,,,,
058058,0,0,0,-6,,,,
05812U,0,0,0,-1,,,,
05816U,0,0,0,-107,,,,
05817U,0,0,0,-3,,,,
05821U,0,0,0,20,,,,
05829U,0,0,0,-37,,,,
05830U,0,0,0,25,,,,
058318,0,0,0,-10,,,,
05833U,0,0,0,3,,,,
05834U,0,0,0,40,,,,
05835U,0,0,0,-2,,,,
058370,0,0,0,-4,,,,
058371,0,0,0,-7,,,,
05840U,0,0,0,-42,,,,
05841U,0,0,0,-183,,,,
058424,0,0,0,-65,,,,
058434,0,0,0,2,,,,
058438,0,0,0,11,,,,
05848U,0,0,0,1,,,,
05850U,0,0,0,-28,,,,
05854U,0,0,0,0,,,,
05857U,0,0,0,1,,,,
05859U,0,0,0,19,,,,
05860U,0,0,0,-8,,,,
05863U,0,0,0,-3,,,,
05867U,0,0,0,19,,,,
05873U,0,0,0,7,,,,
05875U,0,0,0,-334,,,,
05882U,0,0,0,147,,,,
05884U,0,0,0,-10,,,,
05886U,0,0,0,-10,,,,
05888U,0,0,0,-9,,,,
05894U,0,0,0,57,,,,
05895U,0,0,0,20,,,,
05897U,0,0,0,-10,,,,
059038,0,0,0,13,,,,
059039,0,0,0,-13,,,,
059057,0,0,0,742,,,,
05905U,0,0,0,99,,,,
05913U,-1,0,0,1,,,,
059245,0,0,0,9,,,,
05935U,0,0,0,200,,,,
05937U,0,0,0,4,,,,
059402,0,0,0,410,,,,
05940U,0,0,0,-36,,,,
05946U,0,0,0,-3,,,,
05948U,0,0,0,-2,,,,
059523,0,0,0,-345,,,,
059524,0,0,0,4,,,,
059600,0,0,0,-10,,,,
059623,0,0,0,86,,,,
05963U,0,0,0,-82,,,,
05966U,0,0,0,-91,,,,
05969U,0,0,0,-551,,,,
059708,0,0,0,60,,,,
05971U,0,0,0,-26,,,,
05973U,0,0,0,-3,,,,
05974U,0,0,0,61,,,,
05982U,0,0,0,-51,,,,
059856,0,0,0,-1,,,,
06005U,0,0,0,-10,,,,
06006U,0,0,0,-9,,,,
06008U,0,0,0,-20,,,,
06013U,0,0,0,-283,,,,
06016U,0,0,0,-5,,,,
06019U,0,0,0,51,,,,
060208,0,0,0,-10,,,,
06021U,0,0,0,100,,,,
06027U,0,0,0,12,,,,
06028U,0,0,0,-150,,,,
06031U,0,0,0,-372,,,,
06036U,0,0,0,-400,,,,
06038U,0,0,0,10,,,,
06041U,0,0,0,686,,,,
06044U,0,0,0,132,,,,
06049U,0,0,0,-200,,,,
06054U,0,0,0,-123,,,,
06057U,0,0,0,-10,,,,
06060U,0,0,0,97,,,,
06062U,0,0,0,-3,,,,
06063U,0,0,0,40,,,,
06066U,0,0,10,-10,,,,
06067U,0,0,0,-250,,,,
060703,0,0,0,-1,,,,
06070U,0,0,0,5,,,,
06093U,0,0,0,-90,,,,
06103U,0,0,0,3,,,,
06104U,0,0,0,-140,,,,
06112U,0,0,0,20,,,,
06115U,0,0,0,-1,,,,
06120U,0,0,0,-20,,,,
06121U,0,0,0,-52,,,,
06124U,0,0,0,0,,,,
06127U,0,0,0,57,,,,
06132U,0,0,0,170,,,,
06134U,0,0,0,-10,,,,
06135U,0,0,0,62,,,,
06140U,0,0,0,-300,,,,
061431,0,0,0,-29,,,,
06144U,0,0,0,-240,,,,
06146U,0,0,0,-14,,,,
06149U,0,0,0,-23,,,,
061518,0,0,0,289,,,,
061519,0,0,0,180,,,,
06151U,0,0,0,-272,,,,
06152U,0,0,0,30,,,,
06162U,0,0,0,37,,,,
06163U,0,0,0,66,,,,
06164U,0,0,0,-1,,,,
061674,0,0,0,-2,,,,
06168U,0,0,0,260,,,,
06169U,0,0,0,-2,,,,
06171U,0,0,0,4,,,,
06174U,0,0,0,-10,,,,
06177U,0,0,0,-1,,,,
06179U,0,0,0,-58,,,,
06182U,0,0,0,-18,,,,
06189U,0,0,0,-10,,,,
06196U,0,0,0,9,,,,
06199U,0,0,0,194,,,,
06201U,0,0,0,-15,,,,
06205U,0,0,0,31,,,,
06206U,0,0,0,-1,,,,
06208U,0,0,0,-11,,,,
06211U,0,0,0,90,,,,
06212U,0,0,0,27,,,,
06214U,10,0,0,-10,,,,
06215U,0,0,0,13,,,,
062213,0,0,0,-50,,,,
06221U,0,0,0,50,,,,
06232U,0,0,0,-129,,,,
06234U,0,0,0,-20,,,,
06239U,0,0,0,-260,,,,
06241U,0,0,0,-30,,,,
062452,0,0,0,14,,,,
06246U,0,0,0,-10,,,,
062487,0,0,0,136,,,,
062488,0,0,0,-10,,,,
06248U,0,0,0,-8,,,,
062490,0,0,0,5,,,,
062491,0,0,0,57,,,,
062492,0,0,0,10,,,,
06249U,0,0,0,-204,,,,
06251U,0,0,0,0,,,,
06252U,0,0,0,75,,,,
06254U,0,0,0,-10,,,,
06256U,0,0,0,16,,,,
06260U,0,0,0,0,,,,
06267U,0,0,0,-28,,,,
06268U,0,0,0,14,,,,
06269U,0,0,0,-5,,,,
06271U,0,0,0,-2,,,,
06272U,0,0,0,-300,,,,
06280U,0,0,0,-60,,,,
06282U,0,0,0,4,,,,
06285U,0,0,0,-9,,,,
062860,0,0,0,28,,,,
062868,0,0,0,36,,,,
062871,0,0,0,151,,,,
062891,0,0,0,102,,,,
062907,0,0,0,154,,,,
06291U,0,0,0,35,,,,
06293U,0,0,0,-2,,,,
06295U,0,0,0,-11,,,,
06296U,0,0,0,107,,,,
06297U,0,0,0,-13,,,,
06301U,0,0,0,-3,,,,
06305U,0,0,0,40,,,,
06306U,0,0,0,-87,,,,
063076,0,0,0,0,,,,
063079,0,0,0,7,,,,
06314U,0,0,0,20,,,,
06315U,0,0,0,-142,,,,
063173,0,0,0,0,,,,
063174,0,0,0,41,,,,
063214,0,0,0,-209,,,,
063216,0,0,0,-130,,,,
06327U,0,0,0,11,,,,
063280,0,0,0,230,,,,
063283,0,0,0,1049,,,,
063284,0,0,0,-100,,,,
06328U,0,0,0,-193,,,,
06330U,0,0,0,-23,,,,
06331U,0,0,0,-5,,,,
06333U,0,0,0,5,,,,
06337U,0,0,0,-31,,,,
06341U,0,0,0,-49,,,,
06342U,0,0,0,10,,,,
06344U,0,0,0,25,,,,
06345U,0,0,0,-120,,,,
06347U,0,0,0,-10,,,,
06348U,0,0,0,-9,,,,
063503,0,0,0,2,,,,
06352U,0,0,0,-13,,,,
06354U,0,0,0,77,,,,
063569,0,0,0,41,,,,
06356U,0,0,0,-160,,,,
06360U,0,0,0,-20,,,,
063613,0,0,0,12,,,,
06361U,0,0,0,10,,,,
06369U,0,0,0,-222,,,,
063700,0,0,0,-85,,,,
063712,0,0,0,-34,,,,
06372U,0,0,0,-61,,,,
06374U,0,0,0,13,,,,
063760,0,0,0,10,,,,
06376U,0,0,0,5,,,,
06377U,0,0,0,45,,,,
06378U,0,0,0,-21,,,,
06379U,0,0,0,-1258,,,,
06382U,0,0,0,-101,,,,
06383U,0,0,0,110,,,,
063840,0,0,0,-2,,,,
063841,0,0,0,-15,,,,
06384U,0,0,0,2,,,,
06386U,0,0,0,32,,,,
06388U,0,0,0,13,,,,
06392U,0,0,0,80,,,,
06393U,0,0,0,60,,,,
06395U,0,0,0,189,,,,
063963,0,0,0,-13,,,,
06396U,0,0,0,-2,,,,
06399U,0,0,0,-120,,,,
064014,0,0,0,10,,,,
06403U,0,0,0,-420,,,,
06404U,0,0,0,-5,,,,
06405U,0,0,0,63,,,,
06406U,0,0,0,-211,,,,
06410U,0,0,0,-7,,,,
06411U,0,0,0,-61,,,,
06413U,0,0,0,4,,,,
06415U,0,0,0,-19,,,,
064181,0,0,0,-151,,,,
06418U,0,0,0,15,,,,
064193,0,0,0,0,,,,
06420U,0,0,0,-20,,,,
06421U,0,0,0,-56,,,,
06423U,0,0,0,-25,,,,
06424U,0,0,0,-15,,,,
06426U,0,0,0,-41,,,,
06427U,0,0,0,40,,,,
06430U,0,0,0,-10,,,,
06432U,0,0,0,-10,,,,
06435U,0,0,0,213,,,,
06436U,0,0,0,349,,,,
06438U,0,0,0,-10,,,,
06439U,0,0,0,-1,,,,
06443U,0,0,0,-54,,,,
06444U,0,0,0,-300,,,,
06445U,0,0,0,-50,,,,
06448U,0,0,0,-161,,,,
06451U,0,0,0,4,,,,
06452U,0,0,0,-65,,,,
06455U,0,0,0,-10,,,,
06456U,0,0,0,5,,,,
06458U,0,0,0,-100,,,,
06459U,0,0,0,-3,,,,
064608,0,0,0,-8,,,,
06461U,0,0,0,-3,,,,
06462U,0,0,0,-198,,,,
06466U,0,0,0,-1,,,,
06468U,0,0,0,-8,,,,
06469U,0,0,0,74,,,,
06471U,0,0,0,-20,,,,
06474U,0,0,0,-10,,,,
06475U,0,0,0,-5,,,,
06479U,0,0,0,-10,,,,
06480U,0,0,0,0,,,,
06481U,0,0,0,100,,,,
064828,0,0,0,-64,,,,
06482U,0,0,0,588,,,,
06484U,0,0,0,-65,,,,
06487U,0,0,0,-40,,,,
06495U,0,0,0,-30,,,,
06496U,0,0,0,13,,,,
06497U,0,0,0,-23,,,,
064987,0,0,0,73,,,,
06502U,0,0,0,-40,,,,
06505U,0,0,0,18,,,,
06506U,0,0,0,-74,,,,
065076,0,0,0,-165,,,,
06507U,0,0,0,-15,,,,
06508U,0,0,0,188,,,,
06512U,0,0,0,6,,,,
06514U,0,0,0,-6,,,,
06515U,0,0,0,-75,,,,
06516U,0,0,0,15,,,,
06520U,0,0,0,-110,,,,
06524U,0,0,0,5,,,,
065290,0,0,0,-5,,,,
065293,0,0,0,10,,,,
06529U,0,0,0,-131,,,,
065309,0,0,0,151,,,,
06530U,0,0,0,-72,,,,
065310,0,0,0,-31,,,,
065323,0,0,0,88,,,,
065330,0,0,0,-12,,,,
065333,0,0,0,-1,,,,
065334,0,0,0,0,,,,
06533U,0,0,0,-995,,,,
065340,0,0,0,-50,,,,
06534U,0,0,0,-71,,,,
06536U,0,0,0,-190,,,,
06537U,0,0,0,-13,,,,
06538U,0,0,0,-185,,,,
06539U,0,0,0,-64,,,,
06548U,0,0,0,32,,,,
06552U,0,0,0,-1,,,,
06553U,0,0,0,11,,,,
06554U,0,0,0,27,,,,
06555U,0,0,0,-34,,,,
06557U,0,0,0,-4,,,,
06561U,0,0,0,-8,,,,
06563U,0,0,0,-6,,,,
06564U,0,0,0,-15,,,,
06571U,0,0,0,-1,,,,
06575U,0,0,0,34,,,,
06576U,0,0,0,-125,,,,
06578U,0,0,0,-114,,,,
06580U,0,0,0,-8,,,,
06581U,0,0,0,-1,,,,
065848,0,0,0,-60,,,,
06590U,0,0,0,-5,,,,
06597U,0,0,0,-134,,,,
06599U,0,0,0,80,,,,
06600U,0,0,0,-202,,,,
06603U,0,0,0,-8,,,,
06605U,0,0,0,39,,,,
066097,0,0,0,-23,,,,
066141,0,0,0,105,,,,
06615U,0,0,0,-1,,,,
06616U,0,0,0,-43,,,,
06617U,0,0,0,50,,,,
06621U,0,0,0,-18,,,,
06622U,0,0,0,-6,,,,
066329,0,0,0,40,,,,
06632U,0,0,0,-66,,,,
066345,0,0,0,5,,,,
06637U,0,0,0,1,,,,
06638U,0,0,0,-61,,,,
06640U,0,0,0,1,,,,
066420,0,0,0,0,,,,
066421,0,0,0,1,,,,
066423,0,0,0,563,,,,
066430,0,0,0,20,,,,
066435,0,0,0,-41,,,,
066440,0,0,0,277,,,,
06644U,0,0,0,300,,,,
066452,0,0,0,394,,,,
06645U,0,0,0,-30,,,,
06646U,0,0,0,-4,,,,
06648U,0,0,0,297,,,,
06649U,0,0,0,-3227,,,,
06651U,0,0,0,15,,,,
066538,0,0,0,-176,,,,
066578,0,0,0,-1,,,,
06657U,0,0,0,8,,,,
06658U,0,0,0,30,,,,
066630,0,0,0,20,,,,
066645,0,0,0,-83,,,,
066648,0,0,0,1,,,,
066649,0,0,0,-1,,,,
066654,0,0,0,-101,,,,
066726,0,0,0,2,,,,
06674U,0,0,0,-35,,,,
066752,0,0,0,116,,,,
06676U,0,0,0,96,,,,
06677U,0,0,0,-58,,,,
066789,0,0,0,95,,,,
06678U,0,0,0,-24,,,,
066792,0,0,0,14,,,,
06679U,0,0,0,5,,,,
066812,0,0,0,2,,,,
06684U,0,0,0,-45,,,,
06685U,0,0,0,-150,,,,
06686U,0,0,0,3,,,,
066871,0,0,0,-2,,,,
066872,0,0,0,-40,,,,
06687U,0,0,0,10,,,,
066894,0,0,0,2,,,,
066896,0,0,0,-103,,,,
06690U,0,0,0,-92,,,,
06692U,0,0,0,-198,,,,
066949,0,0,0,0,,,,
06695U,0,0,0,-1,,,,
06698U,0,0,0,-44,,,,
06699U,0,0,0,-11,,,,
06700U,0,0,0,150,,,,
067021,0,0,0,0,,,,
067023,0,0,0,-10,,,,
06704U,0,0,0,-3,,,,
067055,0,0,0,-5,,,,
067060,0,0,0,-9,,,,
067095,0,0,0,15,,,,
06711U,0,0,0,11,,,,
06712U,0,0,0,-10,,,,
06715U,0,0,0,143,,,,
06716U,0,0,0,33,,,,
06717U,0,0,0,2,,,,
06718U,0,0,0,159,,,,
06719U,0,0,0,10,,,,
06721U,0,0,0,-49,,,,
067239,0,0,0,45,,,,
06725U,0,0,0,-16,,,,
06726U,0,0,0,-141,,,,
06727U,0,0,0,-111,,,,
06728U,0,0,0,0,,,,
06729U,0,0,0,-83,,,,
06730U,0,0,0,1,,,,
06731U,0,0,0,-32,,,,
06732U,0,0,0,-70,,,,
06733U,0,0,0,202,,,,
06734U,0,0,0,-9,,,,
067353,0,0,0,69,,,,
06738U,0,0,0,-300,,,,
06742U,0,0,0,-10,,,,
06743U,0,0,0,-40,,,,
06744U,0,0,0,-130,,,,
06745U,0,0,0,-300,,,,
06747U,0,0,0,-124,,,,
06748U,0,0,0,5,,,,
06749U,0,0,0,-2,,,,
06753U,0,0,0,-30,,,,
06754U,0,0,0,3,,,,
06755U,0,0,0,-124,,,,
06756U,0,0,0,-460,,,,
067589,0,0,0,2,,,,
06760U,0,0,0,-165,,,,
067615,0,0,0,-10,,,,
067616,5,0,0,-30,,,,
067617,0,0,0,20,,,,
067620,0,0,0,-22,,,,
067621,0,0,0,30,,,,
06762U,0,0,0,-12,,,,
067632,0,0,0,-499,,,,
06763U,0,0,0,-3,,,,
06764U,0,0,0,-1,,,,
06768U,0,0,0,-1071,,,,
067759,0,0,0,-110,,,,
06777U,0,0,0,-2,,,,
06778P,0,0,0,-14,,,,
06782U,0,0,0,6,,,,
06785U,0,0,0,16,,,,
06788U,0,0,0,-10,,,,
067897,0,0,0,7,,,,
06789U,0,0,0,5,,,,
06790U,0,0,0,-373,,,,
06791U,0,0,0,2,,,,
06793U,0,0,0,-136,,,,
067974,0,0,0,10,,,,
06797U,0,0,0,-10,,,,
067993,0,0,0,33,,,,
06799U,0,0,0,1,,,,
06800U,0,0,0,20,,,,
06802U,0,0,0,-15,,,,
06803U,0,0,0,175,,,,
06804U,0,0,0,-41,,,,
06806U,0,0,0,5,,,,
068075,0,0,0,173,,,,
06808U,0,0,0,2,,,,
06810U,0,0,0,-115,,,,
06812U,0,0,0,10,,,,
068148,0,0,0,100,,,,
068149,0,0,0,2,,,,
06814U,0,0,0,-110,,,,
068150,0,0,0,2,,,,
068151,0,0,0,-5,,,,
068155,0,0,0,0,,,,
068158,0,0,0,42,,,,
068165,0,0,0,2,,,,
068166,0,0,0,51,,,,
068167,0,0,0,-15,,,,
068169,0,0,0,35,,,,
06816U,0,0,0,1,,,,
068172,0,0,0,-3,,,,
068173,0,0,0,-156,,,,
06817U,0,0,0,-110,,,,
06824U,0,0,0,-27,,,,
06825U,0,0,0,-200,,,,
068263,0,0,0,-2,,,,
06826U,0,0,0,0,,,,
06828U,30,0,0,-44,,,,
06829U,0,0,0,-107,,,,
068344,0,0,0,288,,,,
06834U,0,0,0,-1,,,,
06836U,0,0,0,300,,,,
068377,0,0,0,37,,,,
068378,0,0,0,10,,,,
06837U,0,0,0,-31,,,,
068380,0,0,0,1,,,,
068381,0,0,0,-61,,,,
068382,0,0,0,-35,,,,
068384,0,0,0,-155,,,,
068386,0,0,0,-40,,,,
068387,0,0,0,-199,,,,
068388,0,0,0,-309,,,,
06838U,0,0,0,0,,,,
068391,0,0,0,100,,,,
068393,0,0,0,100,,,,
06839U,0,0,0,20,,,,
068404,0,0,0,146,,,,
068409,0,0,0,-20,,,,
06840U,0,0,0,34,,,,
068414,0,0,0,1,,,,
06842U,0,0,0,1,,,,
06843U,0,0,0,-200,,,,
06844U,0,0,0,-20,,,,
06845U,0,0,0,-40,,,,
06847U,0,0,0,-200,,,,
06849U,0,0,0,-94,,,,
068511,0,0,0,14,,,,
06851U,0,0,0,-1,,,,
06852U,0,0,0,-19,,,,
068549,0,0,0,-10,,,,
06855U,0,0,0,80,,,,
06856U,0,0,0,-21,,,,
068576,0,0,0,1,,,,
06857U,0,0,0,-88,,,,
06858U,0,0,0,-84,,,,
06859U,0,0,0,-37,,,,
06860U,0,0,0,1,,,,
06861U,0,0,0,0,,,,
068638,0,0,0,-10,,,,
068639,0,0,0,3,,,,
068643,0,0,0,-5,,,,
068645,0,0,0,-2,,,,
068648,0,0,0,108,,,,
068649,0,0,0,9,,,,
06864U,0,0,0,1,,,,
06865U,0,0,0,10,,,,
068661,0,0,0,-484,,,,
068662,0,0,0,9,,,,
068672,0,0,0,107,,,,
06867U,0,0,0,-73,,,,
068696,0,0,0,-36,,,,
06869U,0,0,0,-670,,,,
06870U,0,0,0,-60,,,,
06872U,0,0,0,-378,,,,
06873U,0,0,0,-10,,,,
06874U,0,0,0,-633,,,,
06875U,0,0,0,-20,,,,
06877U,0,0,0,-519,,,,
06878U,0,0,0,5,,,,
06879U,0,0,0,-837,,,,
06880U,0,0,0,19,,,,
06881U,0,0,0,1,,,,
06882U,0,0,0,-20,,,,
068837,0,0,0,12,,,,
068838,0,0,0,-199,,,,
068845,0,0,0,-51,,,,
068846,0,0,0,81,,,,
068849,0,0,0,-3,,,,
068850,0,0,0,696,,,,
06885U,0,0,0,60,,,,
06886U,0,0,0,-15,,,,
06887U,0,0,0,8,,,,
06890U,0,0,0,-5412,,,,
06891U,0,0,0,0,,,,
06892U,0,0,0,-68,,,,
06895U,0,0,0,-236,,,,
06897U,0,0,0,66,,,,
068981,0,0,0,8,,,,
06902U,0,0,0,-40,,,,
06905U,0,0,0,24,,,,
06906U,0,0,0,0,,,,
06910U,0,0,0,-110,,,,
06912U,0,0,0,-7,,,,
06913U,0,0,0,-10,,,,
06914U,0,0,0,-1,,,,
069155,0,0,0,20,,,,
069157,0,0,0,55,,,,
06915U,0,0,0,78,,,,
069161,0,0,0,5,,,,
069164,0,0,0,30,,,,
069167,0,0,0,-10,,,,
06916U,0,0,0,44,,,,
069170,0,0,0,-1,,,,
069173,0,0,0,61,,,,
069174,0,0,0,-235,,,,
069175,0,0,0,3,,,,
069179,0,0,0,41,,,,
069185,0,0,0,275,,,,
069190,0,0,0,-10,,,,
069194,0,0,0,1,,,,
069195,0,0,0,3,,,,
06919U,0,0,0,-18,,,,
06921U,0,0,0,-10,,,,
069221,0,0,0,10,,,,
06922U,0,0,0,5,,,,
06923U,0,0,0,-59,,,,
06925U,0,0,0,-120,,,,
06926U,0,0,0,-36,,,,
06927U,0,0,0,-91,,,,
06928U,0,0,0,-100,,,,
06931U,0,0,0,180,,,,
06932U,0,0,0,-199,,,,
069339,0,0,0,11,,,,
06933U,0,0,0,-4,,,,
06934U,0,0,0,1,,,,
06935U,0,0,0,0,,,,
069384,0,0,0,10,,,,
069387,0,0,0,-30,,,,
06938U,0,0,0,-15,,,,
069391,0,0,0,-28,,,,
069400,0,0,0,-1,,,,
069402,0,0,0,179,,,,
069404,0,0,0,327,,,,
069405,0,0,0,13,,,,
069408,0,0,0,-8,,,,
069413,0,0,0,99,,,,
06941U,0,0,0,1,,,,
069420,0,0,0,-60,,,,
06942U,0,0,0,-124,,,,
06943U,0,0,0,-10,,,,
06944U,0,0,0,-1,,,,
06945U,0,0,0,-105,,,,
06947U,0,0,0,-3,,,,
06948U,0,0,0,4,,,,
06949U,0,0,0,-1474,,,,
06950U,0,0,0,-62,,,,
06953U,0,0,0,109,,,,
06954U,0,0,0,-17,,,,
06955U,0,0,0,-180,,,,
06956U,0,0,0,31,,,,
069575,0,0,0,-1,,,,
069576,0,0,0,3,,,,
069577,0,0,0,-5,,,,
069579,0,0,0,199,,,,
06957U,0,0,0,2,,,,
069583,0,0,0,-129,,,,
069586,0,0,0,-166,,,,
069588,0,0,0,-222,,,,
06958U,0,0,0,-114,,,,
069592,0,0,0,100,,,,
069593,0,0,0,100,,,,
06959U,0,0,0,-13,,,,
069600,0,0,0,-10,,,,
069605,0,0,0,-4,,,,
069606,0,0,0,-4,,,,
069613,0,0,0,1,,,,
06961U,0,0,0,104,,,,
06963U,0,0,0,-3,,,,
06964U,0,0,0,-43,,,,
06965U,0,0,0,-30,,,,
06966U,0,0,0,-159,,,,
06967U,0,0,0,-157,,,,
06968U,0,0,0,-197,,,,
06970U,0,0,0,-50,,,,
06971U,0,0,0,-32,,,,
06972U,0,0,0,-10,,,,
06973U,0,0,0,-3,,,,
06974U,0,0,0,-2743,,,,
06976U,0,0,0,-8,,,,
06977U,0,0,0,70,,,,
069783,0,0,0,8,,,,
069784,0,0,0,23,,,,
06978U,0,0,0,0,,,,
069795,0,0,0,23,,,,
06979U,0,0,0,1,,,,
069800,0,0,0,-10,,,,
06980U,0,0,0,46,,,,
069811,0,0,0,-77,,,,
069812,0,0,0,107,,,,
06982U,0,0,0,-65,,,,
069831,0,0,0,20,,,,
069834,0,0,0,-3,,,,
06986U,0,0,0,-23,,,,
06988U,0,0,0,-10,,,,
06990U,0,0,0,15,,,,
06993U,0,0,0,9,,,,
06994U,0,0,0,-38,,,,
06995U,0,0,0,-80,,,,
069968,0,0,0,930,,,,
069969,0,0,0,-1,,,,
069972,0,0,0,-399,,,,
069973,0,0,0,-34,,,,
069975,0,0,0,100,,,,
069979,0,0,0,1,,,,
069982,0,0,0,89,,,,
06998U,0,0,0,66,,,,
069994,0,0,0,-30,,,,
069997,0,0,0,226,,,,
07000U,0,0,0,60,,,,
070013,0,0,0,15,,,,
07001U,0,0,0,10,,,,
070024,0,0,0,-123,,,,
07002U,0,0,0,-55,,,,
070037,0,0,0,1,,,,
07003U,0,0,0,-423,,,,
07004U,0,0,0,60,,,,
07005U,0,0,0,5,,,,
07007U,0,0,0,5,,,,
07010U,0,0,0,-75,,,,
07012U,0,0,0,79,,,,
07013U,0,0,0,-31,,,,
07014U,0,0,0,7,,,,
070185,0,0,0,24,,,,
070188,0,0,0,-110,,,,
070199,0,0,0,-5,,,,
07019U,0,0,0,-3,,,,
07020U,0,0,0,26,,,,
07021U,0,0,0,-3,,,,
07022U,0,0,0,3,,,,
070259,0,0,0,98,,,,
07025U,0,0,0,-91,,,,
070270,0,0,0,5,,,,
07029U,0,0,0,-20,,,,
07030U,0,0,0,-230,,,,
07031U,0,0,0,5,,,,
07035U,0,0,0,-134,,,,
07037U,0,0,0,-20,,,,
07038U,0,0,0,-200,,,,
070404,0,0,0,-54,,,,
07042U,14,0,0,-14,,,,
07043U,0,0,0,-747,,,,
070498,0,0,0,5,,,,
07049U,0,0,0,-148,,,,
070501,0,0,0,10,,,,
070504,0,0,0,-2,,,,
070508,0,0,0,71,,,,
07051U,0,0,0,-142,,,,
07054U,0,0,0,33,,,,
070553,0,0,0,8,,,,
07055U,0,0,0,295,,,,
070599,0,0,0,-499,,,,
07059U,0,0,0,1,,,,
07060U,0,0,0,-40,,,,
07063U,0,0,0,-642,,,,
07064U,0,0,0,-1210,,,,
070671,0,0,0,-500,,,,
070675,0,0,0,1316,,,,
070676,0,0,0,11,,,,
070677,0,0,0,-30,,,,
070681,0,0,0,11,,,,
070683,0,0,0,23,,,,
070686,0,0,0,50,,,,
070689,0,0,0,386,,,,
070691,0,0,0,800,,,,
070698,0,0,0,-24,,,,
070706,0,0,0,-10,,,,
07071U,0,0,0,-5,,,,
07072U,0,0,0,7,,,,
07073U,0,0,0,110,,,,
07074U,0,0,0,37,,,,
07076U,0,0,0,-19,,,,
07077U,0,0,0,-106,,,,
07078U,0,0,0,-142,,,,
07079U,0,0,0,-22,,,,
07080U,0,0,0,-21,,,,
07081U,0,0,0,-82,,,,
07082U,0,0,0,-73,,,,
07085U,0,0,0,-4,,,,
07086U,0,0,0,-62,,,,
070875,0,0,0,4,,,,
07088U,0,0,0,-184,,,,
07089U,0,0,0,6,,,,
07090U,0,0,0,-1,,,,
07093U,0,0,0,40,,,,
07094U,0,0,0,17,,,,
07096U,0,0,0,14,,,,
07098U,0,0,0,994,,,,
070995,0,0,0,552,,,,
07099U,0,0,0,-299,,,,
071002,0,0,0,-100,,,,
071005,0,0,0,240,,,,
071006,0,0,0,-6,,,,
07100U,0,0,0,-9,,,,
071013,0,0,0,10,,,,
071017,0,0,0,0,,,,
071018,0,0,0,-14,,,,
071020,0,0,0,36,,,,
071026,0,0,0,-10,,,,
071028,0,0,0,-520,,,,
071029,0,0,0,64,,,,
071038,0,0,0,11,,,,
071039,0,0,0,-295,,,,
071040,0,0,0,72,,,,
07104U,0,0,0,-2,,,,
071061,0,0,0,-518,,,,
07106U,0,0,0,-12,,,,
07107U,0,0,0,121,,,,
07109U,0,0,0,-2,,,,
07110U,0,0,0,-11,,,,
07114U,0,0,0,140,,,,
07116U,0,0,0,-27,,,,
07117U,0,0,0,-50,,,,
07118U,0,0,0,-7,,,,
071193,0,0,0,-22,,,,
07119U,0,0,0,-10,,,,
07120U,0,0,0,-245,,,,
07121U,0,0,0,-75,,,,
07123U,0,0,0,-155,,,,
071255,0,0,0,-1,,,,
07125U,0,0,0,58,,,,
07128U,0,0,0,-20,,,,
07129U,0,0,0,-2,,,,
071302,0,0,0,-2,,,,
071314,0,0,0,717,,,,
071315,0,0,0,533,,,,
071324,0,0,0,100,,,,
071328,0,0,0,-10,,,,
071329,0,0,0,-50,,,,
07132U,0,0,0,-8,,,,
071330,0,0,0,30,,,,
07133U,0,0,0,47,,,,
071340,0,0,0,1,,,,
071341,0,0,0,1,,,,
071347,0,0,0,-25,,,,
07135U,0,0,0,0,,,,
071374,0,0,0,20,,,,
07142U,0,0,0,9,,,,
071443,0,0,0,1694,,,,
071447,0,0,0,-1,,,,
071448,0,0,0,1,,,,
071453,0,0,0,-2,,,,
071457,0,0,0,13,,,,
071459,0,0,0,44,,,,
07145U,0,0,0,-2,,,,
071460,0,0,0,9,,,,
071461,0,0,0,-55,,,,
071465,0,0,0,-13,,,,
071466,0,0,0,1,,,,
071473,0,0,0,48,,,,
07147U,0,0,0,-77,,,,
07148U,0,0,0,60,,,,
07150U,0,0,0,-7,,,,
07152U,0,0,0,-21,,,,
07153U,0,0,0,-61,,,,
071540,0,0,0,451,,,,
07158U,0,0,0,-106,,,,
07159U,0,0,0,-174,,,,
07161U,0,0,0,8,,,,
07162U,0,0,0,-128,,,,
071644,0,0,0,15,,,,
07168U,0,0,0,-2,,,,
071690,0,0,0,100,,,,
07169U,0,0,0,39,,,,
07170U,0,0,0,-17,,,,
071722,0,0,0,-97,,,,
071723,0,0,0,60,,,,
07172U,0,0,0,-1,,,,
071731,0,0,0,13,,,,
071732,0,0,0,104,,,,
071734,0,0,0,-2,,,,
07173U,0,0,0,7,,,,
071743,0,0,0,24,,,,
071756,0,0,0,-51,,,,
07175U,0,0,0,-50,,,,
071763,0,0,0,19,,,,
071780,0,0,0,477,,,,
07182U,0,0,0,-30,,,,
07183U,0,0,0,-20,,,,
07187U,0,0,0,8,,,,
071891,0,0,0,93,,,,
071895,0,0,0,-5,,,,
071896,0,0,0,30,,,,
07189U,0,0,0,-274,,,,
071900,0,0,0,-2,,,,
071901,0,0,0,-39,,,,
071902,0,0,0,-10,,,,
071905,0,0,0,8,,,,
071907,0,0,0,-1499,,,,
071918,0,0,0,0,,,,
07191U,0,0,0,80,,,,
071925,0,0,0,190,,,,
071926,0,0,0,33,,,,
07195U,0,0,0,29,,,,
07196U,0,0,0,-3,,,,
07199U,0,0,0,-15,,,,
07200U,0,0,0,-7,,,,
072047,0,0,0,1,,,,
07205U,0,0,0,-5,,,,
072063,0,0,0,82,,,,
07206U,0,0,0,38,,,,
07207U,0,0,0,-10,,,,
07211U,0,0,0,-4,,,,
072122,0,0,0,32,,,,
072125,0,0,0,-183,,,,
072127,0,0,0,41,,,,
072128,0,0,0,-10,,,,
07212U,0,0,0,15,,,,
072141,0,0,0,510,,,,
072143,0,0,0,76,,,,
07215U,0,0,0,24,,,,
07219U,0,0,0,-3,,,,
07220U,0,0,0,-1,,,,
072213,0,0,0,92,,,,
07223U,0,0,0,28,,,,
07225U,0,0,0,92,,,,
072262,0,0,0,290,,,,
072285,0,0,0,-163,,,,
072302,0,0,0,35,,,,
07230U,0,0,0,20,,,,
072339,0,0,0,2,,,,
072341,0,0,0,-5,,,,
072344,0,0,0,-10,,,,
072349,0,0,0,-3,,,,
072355,0,0,0,200,,,,
07235U,0,0,0,-50,,,,
072371,0,0,0,1,,,,
072376,0,0,0,-1,,,,
07240U,0,0,0,-10,,,,
07244U,0,0,0,100,,,,
07247U,0,0,0,-6,,,,
072489,0,0,0,30,,,,
07250U,0,0,0,-32,,,,
07251U,0,0,0,-3,,,,
072554,0,0,0,-18,,,,
07255U,0,0,0,40,,,,
07256U,0,0,0,31,,,,
07257U,0,0,0,-5,,,,
07258U,0,0,0,5,,,,
07259U,0,0,0,-1534,,,,
07260U,0,0,0,18,,,,
07262U,0,0,0,5,,,,
072633,0,0,0,-1,,,,
07263U,0,0,0,-3,,,,
07265U,0,0,0,200,,,,
07266U,0,0,0,200,,,,
07267U,0,0,0,10,,,,
07268U,0,0,0,-1,,,,
07269U,0,0,0,-25,,,,
07270U,0,0,0,-60,,,,
07271U,0,0,0,-2,,,,
07272U,0,0,0,23,,,,
07275U,0,0,0,6,,,,
07277U,0,0,0,100,,,,
07278U,0,0,0,-33,,,,
07279U,0,0,0,6,,,,
072857,0,0,0,6,,,,
072860,0,0,0,-20,,,,
072863,0,0,0,-236,,,,
072869,0,0,0,-398,,,,
07286U,0,0,0,11,,,,
07287U,0,0,0,-102,,,,
072886,0,0,0,1,,,,
07288U,0,0,0,-28,,,,
072898,0,0,0,-579,,,,
07289U,0,0,0,-58,,,,
07290U,0,0,0,190,,,,
07291P,0,0,0,158,,,,
07291U,0,0,0,-38,,,,
07292U,0,0,0,-640,,,,
07293U,0,0,0,-240,,,,
07295U,0,0,0,5,,,,
072965,0,0,0,28,,,,
072966,0,0,0,-19,,,,
07296U,0,0,0,1,,,,
072971,0,0,0,-322,,,,
07297U,0,0,0,-122,,,,
07299U,0,0,0,-42,,,,
07304U,0,0,0,-241,,,,
073055,0,0,0,0,,,,
07305U,0,0,0,10,,,,
07308U,0,0,0,20,,,,
073105,0,0,0,17,,,,
07311U,0,0,0,-120,,,,
07313U,0,0,0,-33,,,,
073148,0,0,0,7,,,,
07314U,0,0,0,-140,,,,
07316U,0,0,0,-2,,,,
07317U,0,0,0,70,,,,
073188,0,0,0,-41,,,,
073192,0,0,0,33,,,,
07320U,0,0,0,-17,,,,
07321U,0,0,0,9,,,,
07325U,0,0,0,-802,,,,
07327U,0,0,0,-94,,,,
07328U,0,0,0,-45,,,,
07329U,0,0,0,-80,,,,
07331U,0,0,0,-2491,,,,
073326,0,0,0,289,,,,
073328,0,0,0,-78,,,,
073329,0,0,0,-27,,,,
07332U,0,0,0,-20,,,,
073330,0,0,0,-10,,,,
07333U,0,0,0,-264,,,,
07336U,0,0,0,-1,,,,
07340U,0,0,0,-45,,,,
07341U,0,0,0,-4,,,,
073441,0,0,0,-27,,,,
07344U,0,0,0,1,,,,
073453,0,0,0,-10,,,,
073457,0,0,0,1,,,,
073458,0,0,0,-91,,,,
073500,0,0,0,-10,,,,
07351U,0,0,0,-10,,,,
07352U,0,0,0,-26,,,,
07353U,0,0,0,-5,,,,
07354U,0,0,0,-7,,,,
07355U,0,0,0,-138,,,,
07358U,0,0,0,78,,,,
07361U,0,0,0,175,,,,
07362U,0,0,0,200,,,,
07364U,0,0,0,-15,,,,
07367U,0,0,0,-1,,,,
07368U,0,0,0,5,,,,
073697,0,0,0,0,,,,
07369U,0,0,0,20,,,,
073706,0,0,0,-1,,,,
073707,0,0,0,18,,,,
073708,0,0,0,-1,,,,
07370U,0,0,0,-499,,,,
07372U,0,0,0,16,,,,
073748,0,0,0,-10,,,,
073756,0,0,0,-54,,,,
073770,0,0,0,-36,,,,
073782,0,0,0,50,,,,
073786,0,0,0,6,,,,
07378U,0,0,0,-1,,,,
073798,0,0,0,4,,,,
07379U,0,0,0,0,,,,
07381U,0,0,0,-40,,,,
073833,0,0,0,-199,,,,
073878,0,0,0,-299,,,,
07389U,0,0,0,-403,,,,
073912,0,0,0,186,,,,
07391U,0,0,0,66,,,,
07392U,0,0,0,-10,,,,
07393U,0,0,0,135,,,,
07398U,0,0,0,-9,,,,
07399U,0,0,0,-9,,,,
074000,0,0,0,-173,,,,
074007,0,0,0,3,,,,
07401U,0,0,0,-10,,,,
07402U,0,0,0,15,,,,
07404U,0,0,0,-24,,,,
074056,0,0,0,-1,,,,
074059,0,0,0,-100,,,,
07405U,0,0,0,-10,,,,
074067,0,0,0,-7,,,,
07407U,0,0,0,27,,,,
074092,0,0,0,-15,,,,
07411U,0,0,0,0,,,,
074120,0,0,0,2,,,,
074127,0,0,0,20,,,,
07412U,0,0,0,-5,,,,
074142,0,0,0,22,,,,
07414U,0,0,0,66,,,,
07415U,0,0,0,-8,,,,
074187,0,0,0,-3,,,,
07419U,0,0,0,-20,,,,
074247,0,0,0,0,,,,
07424U,0,0,0,2,,,,
074257,0,0,0,10,,,,
07425U,0,0,0,-100,,,,
07426U,0,0,0,-15,,,,
07427U,0,0,0,305,,,,
07432U,0,0,0,-39,,,,
074332,0,0,0,-280,,,,
07435U,0,0,0,-4,,,,
074371,0,0,0,4,,,,
07437U,0,0,0,-12,,,,
07440U,0,0,0,-79,,,,
07441U,0,0,0,-79,,,,
074431,0,0,0,130,,,,
07443U,0,0,0,-50,,,,
07447U,0,0,0,-14,,,,
07448U,0,0,0,-2,,,,
07449U,0,0,0,166,,,,
07450U,0,0,0,-40,,,,
074539,0,0,0,-13,,,,
07453U,0,0,0,-4,,,,
07454U,0,0,0,-75,,,,
07455U,0,0,0,-277,,,,
07457U,0,0,0,8,,,,
07458U,0,0,0,-20,,,,
07460U,0,0,0,0,,,,
074623,0,0,0,-10,,,,
07462U,0,0,0,8,,,,
07463U,0,0,0,-20,,,,
07464U,0,0,0,-10,,,,
07465U,0,0,0,-4,,,,
07469U,0,0,0,-52,,,,
07471U,0,0,0,9,,,,
07472U,0,0,0,-72,,,,
07473U,0,0,0,-75,,,,
074747,0,0,0,-10,,,,
074748,0,0,0,-4,,,,
074750,0,0,0,130,,,,
07477U,0,0,0,-81,,,,
07479U,0,0,0,-20,,,,
074826,0,0,0,15,,,,
07482U,0,0,0,-50,,,,
07483U,0,0,0,-31,,,,
07484U,0,0,0,5,,,,
074860,0,0,0,-10,,,,
07486U,0,0,0,-5,,,,
07488U,0,0,0,2,,,,
07490U,0,0,0,-1,,,,
07491U,0,0,0,-10,,,,
074926,0,0,0,-125,,,,
07492U,0,0,0,-20,,,,
074946,0,0,0,135,,,,
07494U,0,0,0,23,,,,
074967,0,0,0,0,,,,
07496U,0,0,0,-101,,,,
074974,0,0,0,-19,,,,
07497U,0,0,0,-76,,,,
07498U,0,0,0,-13,,,,
07499U,0,0,0,-3,,,,
07507U,0,0,0,-1,,,,
07508U,0,0,0,0,,,,
07509U,0,0,0,-1,,,,
075108,0,0,0,-2,,,,
075109,0,0,0,-78,,,,
075111,0,0,0,319,,,,
07512U,0,0,0,-20,,,,
07514U,0,0,0,-1,,,,
07518U,0,0,0,-173,,,,
07519U,0,0,0,4,,,,
07520U,0,0,0,-41,,,,
075227,0,0,0,-39,,,,
07522U,0,0,0,-10,,,,
07523U,0,0,0,-10,,,,
07524U,0,0,0,-220,,,,
075264,0,0,0,2,,,,
07526U,0,0,0,1,,,,
07527U,0,0,0,-69,,,,
07528U,0,0,0,4,,,,
075299,0,0,0,140,,,,
07530U,0,0,0,-26,,,,
07533U,0,0,0,4,,,,
07535U,0,0,0,-50,,,,
075376,0,0,0,1,,,,
07537U,0,0,0,-2,,,,
07538U,0,0,0,-17,,,,
075390,0,0,0,-35,,,,
075420,0,0,0,-100,,,,
07542U,0,0,0,8,,,,
07544U,0,0,0,-4,,,,
07545U,0,0,0,-115,,,,
07547U,0,0,0,2,,,,
07548U,0,0,0,0,,,,
075496,0,0,0,20,,,,
075505,0,0,0,-4,,,,
075507,0,0,0,-20,,,,
075510,0,0,0,61,,,,
07553U,0,0,0,-25,,,,
07556U,0,0,0,-275,,,,
07558U,0,0,0,191,,,,
075592,0,0,0,160,,,,
07560P,0,0,0,-40,,,,
075619,0,0,0,-35,,,,
075625,0,0,0,25,,,,
07562U,0,0,0,-479,,,,
07563U,0,0,0,-4,,,,
07564U,0,0,0,5,,,,
07566U,0,0,0,-50,,,,
075685,0,0,0,-10,,,,
07568U,0,0,0,-30,,,,
07569U,0,0,0,-15,,,,
07570U,0,0,0,-2120,,,,
07571U,0,0,0,-25,,,,
07573U,0,0,0,-40,,,,
075741,0,0,0,100,,,,
07574U,0,0,0,-123,,,,
07575U,0,0,0,2,,,,
07577U,0,0,0,-65,,,,
07578U,0,0,0,10,,,,
07579U,0,0,0,1,,,,
07581U,0,0,0,170,,,,
075834,0,0,0,-10,,,,
07584U,0,0,0,-4,,,,
07585U,0,0,0,1,,,,
075865,0,0,0,0,,,,
07587U,0,0,0,25,,,,
075882,0,0,0,-10,,,,
07588U,0,0,0,-250,,,,
07589U,0,0,0,-1,,,,
075906,0,0,0,-190,,,,
07590U,0,0,0,-20,,,,
07591U,0,0,0,-56,,,,
07594U,0,0,0,-61,,,,
07595U,0,0,0,-75,,,,
07597U,0,0,0,-20,,,,
07598U,0,0,0,-31,,,,
076002,0,0,0,10,,,,
07600U,0,0,0,-15,,,,
07601U,0,0,0,0,,,,
07602U,0,0,0,-1,,,,
07603U,0,0,0,-300,,,,
076064,0,0,0,10,,,,
076067,0,0,0,-12,,,,
076068,0,0,0,-2,,,,
07606U,0,0,0,-25,,,,
076072,0,0,0,-10,,,,
076073,0,0,0,132,,,,
076074,0,0,0,-10,,,,
076075,0,0,0,-24,,,,
07607U,0,0,0,-20,,,,
07608U,0,0,0,-10,,,,
07609U,0,0,0,177,,,,
07611U,0,0,0,-65,,,,
076131,0,0,0,-18,,,,
07614U,0,0,0,133,,,,
076158,0,0,0,7,,,,
076159,0,0,0,-40,,,,
07615U,0,0,0,12,,,,
07618U,0,0,0,-76,,,,
076199,0,0,0,-214,,,,
07619U,0,0,0,22,,,,
07620U,0,0,0,-111,,,,
07621U,0,0,0,-10,,,,
07623U,0,0,0,10,,,,
07624U,0,0,0,5,,,,
07626U,0,0,0,-24,,,,
07627U,0,0,0,24,,,,
07629U,0,0,0,-1,,,,
076309,0,0,0,-311,,,,
076310,0,0,0,91,,,,
076312,0,0,0,-3,,,,
076315,0,0,0,-197,,,,
076316,0,0,0,-1,,,,
07631U,0,0,0,-1,,,,
07632U,0,0,0,-1,,,,
07633U,0,0,0,-36,,,,
07635U,0,0,0,-15,,,,
076360,0,0,0,10,,,,
076364,0,0,0,-50,,,,
07636U,0,0,0,49,,,,
07637U,0,0,0,56,,,,
07638U,0,0,0,20,,,,
076392,0,0,0,-13,,,,
07639P,0,0,0,10,,,,
07640U,0,0,0,1,,,,
07642U,0,0,0,30,,,,
07643U,0,0,0,-15,,,,
076440,0,0,0,2,,,,
07644U,0,0,0,1,,,,
07645U,0,0,0,25,,,,
076467,0,0,0,-2,,,,
07646U,0,0,0,-14,,,,
07647U,0,0,0,-23,,,,
07648U,0,0,0,-98,,,,
07650U,0,0,0,-93,,,,
07658U,0,0,0,-22,,,,
076597,0,0,0,-30,,,,
076609,0,0,0,-17,,,,
07660U,0,0,0,-1,,,,
076610,0,0,0,2,,,,
07661U,0,0,0,-1,,,,
076629,0,0,0,-2,,,,
07662U,0,0,0,10,,,,
076630,0,0,0,4,,,,
076632,0,0,0,65,,,,
076634,0,0,0,-10,,,,
076635,0,0,0,210,,,,
07665U,0,0,0,20,,,,
076670,0,0,0,-40,,,,
07667U,0,0,0,-72,,,,
076698,0,0,0,16,,,,
076701,0,0,0,5,,,,
07670U,0,0,0,15,,,,
07671U,0,0,0,0,,,,
076721,0,0,0,100,,,,
076747,0,0,0,-3,,,,
07674U,0,0,0,-20,,,,
07676U,0,0,0,-20,,,,
07678U,0,0,0,-73,,,,
07679U,0,0,0,-4,,,,
07681U,0,0,0,-13,,,,
07683U,0,0,0,-10,,,,
076842,0,0,0,-4,,,,
07684U,0,0,0,1,,,,
07686U,0,0,0,0,,,,
076875,0,0,0,-5,,,,
07687U,0,0,0,31,,,,
076883,0,0,0,-266,,,,
076898,0,0,0,8,,,,
07690U,0,0,0,-32,,,,
07691U,0,0,0,85,,,,
07692U,0,0,0,-1228,,,,
07695U,0,0,0,-79,,,,
076970,0,0,0,-70,,,,
07697U,0,0,0,-20,,,,
076987,0,0,0,-9,,,,
076988,0,0,0,-4,,,,
07698U,0,0,0,-116,,,,
076997,0,0,0,-100,,,,
077004,0,0,0,-10,,,,
077009,0,0,0,5,,,,
077011,0,0,0,1079,,,,
07701U,0,0,0,5,,,,
07703U,0,0,0,71,,,,
077065,0,0,0,-1,,,,
077085,0,0,0,30,,,,
077101,0,0,0,-104,,,,
07710U,0,0,0,-2946,,,,
077114,0,0,0,2,,,,
07711U,0,0,0,-1996,,,,
077131,0,0,0,2,,,,
07713U,0,0,0,-5,,,,
07714U,0,0,0,-33,,,,
077171,0,0,0,-35,,,,
077172,0,0,0,0,,,,
077173,0,0,0,-17,,,,
077175,0,0,0,1,,,,
077184,0,0,0,137,,,,
077199,0,0,0,6,,,,
07721U,0,0,0,-58,,,,
07725U,0,0,0,-61,,,,
07726U,0,0,0,-61,,,,
07729U,0,0,0,-10,,,,
07730U,0,0,0,-35,,,,
07731U,0,0,0,-20,,,,
07732U,0,0,0,-20,,,,
07733U,0,0,0,-418,,,,
077359,0,0,0,301,,,,
077365,0,0,0,1,,,,
07736U,0,0,0,38,,,,
07737U,0,0,0,77,,,,
077383,0,0,0,20,,,,
077399,0,0,0,-30,,,,
077401,0,0,0,-262,,,,
077419,0,0,0,-4,,,,
07741U,0,0,0,5,,,,
077438,0,0,0,0,,,,
07744U,0,0,0,60,,,,
07745U,0,0,0,280,,,,
07746U,0,0,0,-16,,,,
077488,0,0,0,0,,,,
07749U,0,0,0,-1,,,,
07751U,0,0,0,-10,,,,
077531,0,0,0,1,,,,
077547,0,0,0,-93,,,,
07754U,0,0,0,-18,,,,
077550,0,0,0,23,,,,
07755U,0,0,0,1,,,,
07756U,0,0,0,-31,,,,
07759U,0,0,0,-6,,,,
077607,0,0,0,90,,,,
07760U,0,0,0,-22,,,,
07762U,0,0,0,-36,,,,
07769U,0,0,0,5,,,,
077705,0,0,0,100,,,,
07771U,0,0,0,-26,,,,
077725,0,0,0,-68,,,,
077726,0,0,0,2,,,,
077727,0,0,0,91,,,,
077728,0,0,0,-10,,,,
077730,0,0,0,-27,,,,
077733,0,0,0,67,,,,
077753,0,0,0,1,,,,
077758,0,0,0,5,,,,
07776U,0,0,0,-174,,,,
07777U,0,0,0,15,,,,
07778U,0,0,0,25,,,,
07779U,0,0,0,25,,,,
07782U,0,0,0,-10,,,,
077834,0,0,0,-650,,,,
077837,0,0,0,9,,,,
077839,0,0,0,-4,,,,
07791U,0,0,0,-336,,,,
07792U,0,0,0,20,,,,
077966,0,0,0,1,,,,
077968,0,0,0,-75,,,,
07798U,0,0,0,-623,,,,
07799U,0,0,0,-10,,,,
078006,0,0,0,1,,,,
07803U,0,0,0,-95,,,,
078057,0,0,0,15,,,,
07806U,0,0,0,-3,,,,
07807U,0,0,0,1,,,,
07808U,0,0,0,-75,,,,
078106,0,0,0,4,,,,
07810U,0,0,0,-50,,,,
07811U,0,0,0,-431,,,,
07814U,0,0,0,198,,,,
07815U,0,0,0,-60,,,,
07817U,0,0,0,495,,,,
07818U,0,0,0,-135,,,,
078202,0,0,0,3,,,,
07821U,0,0,0,-81,,,,
07823U,0,0,0,-50,,,,
07825U,0,0,0,-20,,,,
07827U,0,0,0,-25,,,,
078281,0,0,0,5,,,,
07828U,0,0,0,-25,,,,
07829U,0,0,0,47,,,,
078302,0,0,0,18,,,,
07830U,0,0,0,-62,,,,
07832U,0,0,0,-32,,,,
078354,0,0,0,169,,,,
07836U,0,0,0,2,,,,
078384,0,0,0,17,,,,
07839U,0,0,0,10,,,,
078405,0,0,0,-30,,,,
07840U,0,0,0,-3,,,,
07841U,0,0,0,-59,,,,
07842U,0,0,0,-17,,,,
07843U,0,0,0,-2,,,,
078445,0,0,0,-160,,,,
07844U,0,0,0,-20,,,,
07847U,0,0,0,0,,,,
078480,0,0,0,1,,,,
07849P,0,0,0,-111,,,,
078505,0,0,0,8,,,,
078521,0,0,0,-5,,,,
078526,0,0,0,6,,,,
078527,0,0,0,0,,,,
078528,0,0,0,243,,,,
07852U,0,0,0,-7,,,,
078539,0,0,0,-40,,,,
07853U,0,0,0,117,,,,
07854U,0,0,0,35,,,,
078584,0,0,0,0,,,,
07858U,0,0,0,0,,,,
07859U,0,0,0,224,,,,
07863U,0,0,0,4,,,,
078644,0,0,0,-178,,,,
078652,0,0,0,12,,,,
078653,0,0,0,17,,,,
078657,0,0,0,135,,,,
07865U,0,0,0,-38,,,,
07866U,0,0,0,20,,,,
07867U,0,0,0,-331,,,,
078683,0,0,0,49,,,,
078688,0,0,0,100,,,,
07869U,0,0,0,0,,,,
07871P,0,0,0,-4,,,,
07872U,0,0,0,-692,,,,
07874U,0,0,5,-10,,,,
07875U,0,0,0,-11,,,,
07877U,0,0,0,-152,,,,
07879U,0,0,0,-164,,,,
07880U,0,0,0,21,,,,
07882U,0,0,0,-50,,,,
078833,0,0,0,1,,,,
078835,0,0,0,10,,,,
07888U,0,0,0,-118,,,,
07890U,0,0,0,-12,,,,
07891U,0,0,0,-597,,,,
07892U,0,0,0,-2,,,,
078933,0,0,0,-299,,,,
07893U,0,0,0,-3,,,,
07894U,0,0,0,-70,,,,
078955,0,0,0,2,,,,
078959,0,0,0,-34,,,,
07895U,0,0,0,-2,,,,
078960,0,0,0,-63,,,,
078961,0,0,0,15,,,,
078967,0,0,0,-152,,,,
07897U,0,0,0,-65,,,,
07898U,0,0,0,2,,,,
078997,0,0,0,130,,,,
07899U,0,0,0,-10,,,,
07901U,0,0,0,0,,,,
079021,0,0,0,2,,,,
079038,0,0,0,-83,,,,
079039,0,0,0,-143,,,,
07903U,0,0,0,-5,,,,
07904U,0,0,0,90,,,,
07905U,0,0,0,-2609,,,,
079073,0,0,0,-1477,,,,
07907U,0,0,0,355,,,,
07908U,0,0,0,-103,,,,
079096,0,0,0,4,,,,
07909U,0,0,0,7,,,,
079106,0,0,0,-108,,,,
07910U,0,0,0,-21,,,,
079116,0,0,0,1,,,,
079127,0,0,0,24,,,,
07912U,0,0,0,-2,,,,
07913U,0,0,0,10,,,,
079140,0,0,0,10,,,,
07916U,0,0,0,-2,,,,
079175,0,0,0,1,,,,
07918U,0,0,0,-589,,,,
07922U,0,0,0,-4,,,,
07923U,0,0,0,3,,,,
079241,0,0,0,-10,,,,
07924U,0,0,0,14,,,,
07925U,0,0,0,4,,,,
07926U,0,0,0,-10,,,,
07927U,0,0,0,-72,,,,
079281,0,0,0,3,,,,
079293,0,0,0,-17,,,,
079295,0,0,0,-27,,,,
079309,0,0,0,30,,,,
07930U,0,0,0,40,,,,
079329,0,0,0,1,,,,
07933U,0,0,0,-1,,,,
079344,0,0,0,114,,,,
079349,0,0,0,133,,,,
079364,0,0,0,-20,,,,
079368,0,0,0,107,,,,
07936U,0,0,0,-1,,,,
079371,0,0,0,-20,,,,
079375,0,0,0,4,,,,
07937U,0,0,0,-20,,,,
07939U,0,0,0,-4,,,,
079423,0,0,0,0,,,,
079457,0,0,0,99,,,,
079460,0,0,0,7,,,,
079461,0,0,0,6,,,,
079500,0,0,0,5,,,,
079505,0,0,0,104,,,,
079511,0,0,0,4,,,,
079514,0,0,0,-150,,,,
079521,0,0,0,-7,,,,
079522,0,0,0,75,,,,
079558,0,0,0,1,,,,
079575,0,0,0,-3,,,,
079576,0,0,0,0,,,,
079577,0,0,0,0,,,,
079602,0,0,0,10,,,,
079613,0,0,0,-59,,,,
079645,0,0,0,197,,,,
079728,0,0,0,-50,,,,
079729,0,0,0,-3,,,,
079734,0,0,0,56,,,,
079743,0,0,0,-768,,,,
079744,0,0,0,205,,,,
079745,0,0,0,70,,,,
079833,0,0,0,10,,,,
079835,0,0,0,14,,,,
079887,0,0,0,7,,,,
079899,0,0,0,9,,,,
079912,0,0,0,8,,,,
079920,0,0,0,1,,,,
079953,0,0,0,-10,,,,
079966,0,0,0,10,,,,
079976,0,0,0,1,,,,
079992,0,0,0,-9,,,,
079993,0,0,0,-24,,,,
079999,0,0,0,-2,,,,
080022,0,0,0,10,,,,
080062,0,0,0,1394,,,,
080072,0,0,0,-2,,,,
080073,0,0,0,146,,,,
080078,0,0,0,62,,,,
080080,0,0,0,120,,,,
080084,0,0,0,220,,,,
080095,0,0,0,-27,,,,
080096,0,0,0,-24,,,,
080115,0,0,0,30,,,,
080139,0,0,0,0,,,,
080145,0,0,0,21,,,,
080156,0,0,0,16,,,,
080157,0,0,0,-60,,,,
080159,0,0,0,-1,,,,
080160,0,0,0,5,,,,
080178,0,0,0,100,,,,
080216,0,0,0,-41,,,,
080219,0,0,0,-189,,,,
080221,0,0,0,51,,,,
080222,0,0,0,-2028,,,,
080224,0,0,0,-93,,,,
080225,0,0,0,-64,,,,
080302,0,0,0,-35,,,,
080303,0,0,0,-139,,,,
080325,0,0,0,133,,,,
080335,0,0,0,-47,,,,
080336,0,0,0,-157,,,,
080338,0,0,0,2,,,,
080340,0,0,0,20,,,,
080343,0,0,0,-12,,,,
080360,0,0,0,31,,,,
080367,0,0,0,184,,,,
08038P,0,0,0,-50,,,,
080410,0,0,0,100,,,,
080412,0,0,0,294,,,,
080413,0,0,0,-1,,,,
080415,0,0,0,-10,,,,
080416,0,0,0,-13,,,,
080509,0,0,0,-10,,,,
080510,0,0,0,-2,,,,
080513,0,0,0,-70,,,,
080518,0,0,0,-34,,,,
08051P,0,0,0,-250,,,,
080568,0,0,0,-10,,,,
080585,0,0,0,-19,,,,
080599,0,0,0,769,,,,
080603,0,0,0,3,,,,
080642,0,0,0,-105,,,,
080643,0,0,0,-1,,,,
080723,0,0,0,93,,,,
080739,0,0,0,-5,,,,
080742,0,0,0,-10,,,,
080743,0,0,0,20,,,,
080744,0,0,0,-10,,,,
080745,0,0,0,240,,,,
080747,0,0,0,-203,,,,
080748,0,0,0,9,,,,
080755,0,0,0,-6,,,,
080762,0,0,0,150,,,,
080816,0,0,0,20,,,,
080822,0,0,0,5,,,,
080843,0,0,0,-30,,,,
080844,0,0,0,-88,,,,
080845,0,0,0,330,,,,
080846,0,0,0,2,,,,
080847,0,0,0,-31,,,,
080848,0,0,0,-7,,,,
080849,-10,0,0,0,,,,
080850,0,0,0,40,,,,
080888,0,0,0,45,,,,
080907,0,0,0,10,,,,
080911,0,0,0,80,,,,
080914,0,0,0,-10,,,,
080925,0,0,0,3,,,,
080933,0,0,0,1,,,,
080966,0,0,0,-4,,,,
080968,0,0,0,16,,,,
080973,0,0,0,-385,,,,
080975,0,0,0,-65,,,,
080978,0,0,0,20,,,,
080979,0,0,0,183,,,,
080989,0,0,0,19,,,,
081002,0,0,0,54,,,,
081046,0,0,0,126,,,,
081047,0,0,0,-10,,,,
081064,0,0,0,221,,,,
081072,0,0,0,71,,,,
081102,0,0,0,49,,,,
081103,0,0,0,5,,,,
081104,0,0,0,20,,,,
081105,0,0,0,-210,,,,
081108,0,0,0,-45,,,,
081117,0,0,0,253,,,,
081119,0,0,0,175,,,,
081127,0,0,0,110,,,,
081128,0,0,0,150,,,,
081129,0,0,0,227,,,,
081163,0,0,0,55,,,,
081188,0,0,0,1,,,,
081198,0,0,0,71,,,,
081199,0,0,0,6,,,,
081204,0,0,0,276,,,,
081208,0,0,0,-10,,,,
081237,0,0,0,50,,,,
081244,0,0,0,-351,,,,
081307,0,0,0,9,,,,
081314,0,0,0,8,,,,
081331,0,0,0,-46,,,,
081333,0,0,0,-10,,,,
081349,0,0,0,-18,,,,
081355,0,0,0,81,,,,
081356,0,0,0,-110,,,,
081359,0,0,0,68,,,,
081362,0,0,0,-10,,,,
081367,0,0,0,-75,,,,
081369,0,0,0,223,,,,
081370,0,0,0,-218,,,,
081371,0,0,0,37,,,,
081386,0,0,0,-130,,,,
081394,0,0,0,5,,,,
081398,0,0,0,-10,,,,
081400,0,0,0,1,,,,
081416,0,0,0,-5,,,,
081478,0,0,0,108,,,,
081483,0,0,0,-5,,,,
081486,0,0,0,-220,,,,
081488,0,0,0,-310,,,,
081489,0,0,0,-10,,,,
081491,0,0,0,52,,,,
081492,0,0,0,348,,,,
081493,0,0,0,122,,,,
081497,0,0,0,330,,,,
081558,0,0,0,-30,,,,
081612,0,0,0,94,,,,
081614,0,0,0,-259,,,,
081618,0,0,0,30,,,,
081621,0,0,0,-5,,,,
081622,0,0,0,-170,,,,
081626,0,0,0,-187,,,,
081627,0,0,0,17,,,,
081628,0,0,0,-107,,,,
081642,0,0,0,1,,,,
081645,0,0,0,-2,,,,
081657,0,0,0,-10,,,,
081674,0,0,0,10,,,,
081717,0,0,0,-178,,,,
081719,0,0,0,6,,,,
081732,0,0,0,-198,,,,
081738,0,0,0,-17,,,,
081740,0,0,0,-43,,,,
081745,0,0,0,-1,,,,
081760,0,0,0,-1,,,,
081761,0,0,0,-10,,,,
081768,0,0,0,-34,,,,
081772,0,0,0,-10,,,,
081801,0,0,0,12,,,,
081806,0,0,0,-88,,,,
081818,0,0,0,-88,,,,
081819,0,0,0,-10,,,,
081821,0,0,0,-10,,,,
081841,0,0,0,60,,,,
081859,0,0,0,-50,,,,
081867,0,0,0,9,,,,
081879,0,0,0,-22,,,,
081886,0,0,0,-12,,,,
081900,0,0,0,-10,,,,
081909,0,0,0,648,,,,
081912,0,0,0,190,,,,
081922,0,0,0,21,,,,
081933,0,0,0,20,,,,
081943,0,0,0,61,,,,
081958,0,0,0,-510,,,,
081982,0,0,0,-60,,,,
081993,0,0,0,9,,,,
081997,0,0,0,150,,,,
081998,0,0,0,-109,,,,
082020,0,0,0,108,,,,
082022,0,0,0,-11,,,,
082026,0,0,0,200,,,,
082028,0,0,0,-95,,,,
082031,0,0,0,13,,,,
082032,0,0,0,76,,,,
082036,0,0,0,60,,,,
082044,0,0,0,10,,,,
08204P,0,0,-1,1,,,,
082050,0,0,0,-210,,,,
082052,0,0,0,4,,,,
082059,0,0,0,30,,,,
082063,0,0,0,21,,,,
082083,0,0,0,-25,,,,
082091,0,0,0,20,,,,
082094,0,0,0,271,,,,
082096,0,0,0,-50,,,,
082098,0,0,0,-90,,,,
082101,0,0,0,10,,,,
082103,0,0,0,-10,,,,
082112,0,0,0,0,,,,
082147,0,0,0,9,,,,
082150,0,0,0,-9,,,,
082158,0,0,0,1,,,,
082171,0,0,0,-4,,,,
082172,0,0,0,-8,,,,
082212,0,0,0,1,,,,
082213,0,0,0,-123,,,,
082222,0,0,0,-7,,,,
082223,0,0,0,-58,,,,
082225,0,0,0,-26,,,,
082233,0,0,0,-26,,,,
082253,0,0,0,-30,,,,
082259,0,0,0,-39,,,,
082264,0,0,0,-1,,,,
082273,0,0,0,-217,,,,
082274,0,0,0,15,,,,
082278,0,0,0,5,,,,
082280,0,0,0,1,,,,
082283,0,0,0,232,,,,
082290,0,0,0,110,,,,
082303,0,0,0,35,,,,
082316,0,0,0,-125,,,,
082388,0,0,0,0,,,,
082390,0,0,0,-4,,,,
082391,0,0,0,20,,,,
082400,0,0,0,57,,,,
082404,0,0,0,104,,,,
082415,0,0,0,40,,,,
082447,0,0,0,5,,,,
082473,0,0,0,1,,,,
082485,0,0,0,6,,,,
082488,0,0,0,1,,,,
082500,0,0,0,-10,,,,
082508,0,0,0,5,,,,
08250P,0,0,0,-5,,,,
082511,0,0,0,-10,,,,
082512,0,0,0,2,,,,
082515,0,0,0,-43,,,,
082516,0,0,0,-168,,,,
082517,0,0,0,-664,,,,
082519,0,0,0,2,,,,
082521,0,0,0,-1,,,,
082527,0,0,0,-20,,,,
082529,0,0,0,28,,,,
082530,0,0,0,-200,,,,
082533,0,0,0,-27,,,,
082537,0,0,0,-15,,,,
082549,0,0,0,-60,,,,
082556,0,0,0,-78,,,,
082577,0,0,0,-50,,,,
082614,0,0,0,-20,,,,
082615,0,0,0,50,,,,
082618,0,0,0,1,,,,
082619,0,0,0,-61,,,,
082620,0,0,0,-15,,,,
082627,0,0,0,-243,,,,
082628,0,0,0,-50,,,,
082629,0,0,0,-1583,,,,
082630,0,0,0,0,,,,
082632,0,0,0,-70,,,,
082651,0,0,0,-60,,,,
082656,0,0,0,-28,,,,
082697,0,0,0,-101,,,,
082726,0,0,0,104,,,,
082727,0,0,0,-10,,,,
082728,0,0,0,-75,,,,
082745,0,0,0,-28,,,,
082767,0,0,0,15,,,,
082769,0,0,0,-30,,,,
082771,0,0,0,-55,,,,
082772,0,0,0,-1044,,,,
082810,0,0,0,72,,,,
082820,0,0,0,3,,,,
082840,0,0,0,-6,,,,
082852,0,0,0,20,,,,
082874,0,0,0,100,,,,
082881,0,0,0,35,,,,
082886,0,0,0,1,,,,
082888,0,0,0,449,,,,
082892,0,0,0,2,,,,
082893,0,0,0,-2,,,,
082894,0,0,0,12,,,,
082907,0,0,0,0,,,,
082910,0,0,0,155,,,,
082918,0,0,0,-68,,,,
082930,0,0,0,-16,,,,
082934,0,0,0,-50,,,,
082953,0,0,0,11,,,,
083032,0,0,0,-58,,,,
083042,0,0,0,-18,,,,
083046,0,0,0,47,,,,
083066,0,0,0,-77,,,,
083069,0,0,0,30,,,,
083072,0,0,0,36,,,,
083076,0,0,0,-162,,,,
083077,0,0,0,335,,,,
083078,0,0,0,-140,,,,
083079,0,0,0,454,,,,
083080,0,0,0,-10,,,,
083081,0,0,0,3,,,,
083088,0,0,0,-76,,,,
083091,0,0,0,-14,,,,
083146,0,0,0,200,,,,
083160,0,0,0,20,,,,
083166,0,0,0,20,,,,
083178,0,0,0,151,,,,
083180,0,0,0,-291,,,,
083181,0,0,0,-264,,,,
083182,0,0,0,-5,,,,
083185,0,0,0,2,,,,
083186,0,0,0,1,,,,
083189,0,0,0,100,,,,
083191,0,0,0,-40,,,,
083193,0,0,0,-37,,,,
083196,0,0,0,-364,,,,
083197,0,0,0,5,,,,
083201,0,0,0,25,,,,
083202,0,0,0,-30,,,,
083207,0,0,0,20,,,,
083234,0,0,0,17,,,,
083246,0,0,0,83,,,,
083268,0,0,0,2,,,,
083271,0,0,0,-316,,,,
083272,0,0,0,165,,,,
083277,0,0,0,0,,,,
083282,0,0,0,80,,,,
083332,0,0,0,-10,,,,
083333,0,0,0,-10,,,,
083336,0,0,0,50,,,,
083337,0,0,0,55,,,,
083341,0,0,0,20,,,,
083342,0,0,0,-20,,,,
083343,0,0,0,66,,,,
083344,0,0,0,568,,,,
083346,0,0,0,25,,,,
083347,0,0,0,771,,,,
083348,0,0,0,20,,,,
083366,0,0,0,80,,,,
083381,0,0,0,2,,,,
083386,0,0,0,1,,,,
083408,0,0,0,20,,,,
083409,0,0,0,140,,,,
083429,0,0,0,20,,,,
083433,0,0,0,0,,,,
083455,0,0,0,5,,,,
083460,0,0,0,24,,,,
083467,0,0,0,20,,,,
083469,0,0,0,-8,,,,
083475,0,0,0,5,,,,
083483,0,0,0,2,,,,
083484,0,0,0,10,,,,
083488,0,0,0,7,,,,
083494,0,0,0,1,,,,
083503,0,0,0,10,,,,
083504,0,0,0,0,,,,
083505,0,0,0,-3,,,,
083506,0,0,0,-244,,,,
083508,0,0,0,-24,,,,
083511,0,0,0,-1,,,,
083515,0,0,0,40,,,,
083545,0,0,0,37,,,,
083595,0,0,0,-208,,,,
083627,0,0,0,-63,,,,
083628,0,0,0,2,,,,
083630,0,0,0,742,,,,
083632,0,0,0,-295,,,,
083635,0,0,0,0,,,,
083636,0,0,0,-1640,,,,
083637,0,0,0,150,,,,
083638,0,0,0,62,,,,
083639,0,0,0,157,,,,
083652,0,0,0,200,,,,
083665,0,0,0,20,,,,
083673,0,0,0,1,,,,
083675,0,0,0,-200,,,,
083680,0,0,0,-220,,,,
083681,0,0,0,9,,,,
083687,0,0,0,52,,,,
083737,0,0,0,9,,,,
083771,0,0,0,50,,,,
083774,0,0,0,0,,,,
083808,0,0,0,-2,,,,
083810,0,0,0,5,,,,
083811,0,0,0,298,,,,
083812,0,0,0,5,,,,
083814,0,0,0,-1,,,,
083818,0,0,0,10,,,,
083822,0,0,0,39,,,,
083823,0,0,0,-376,,,,
083826,0,0,0,-300,,,,
083828,0,0,0,-82,,,,
083830,0,0,0,-8,,,,
083832,0,0,0,60,,,,
083858,0,0,0,18,,,,
083888,0,0,0,10,,,,
083901,0,0,0,-10,,,,
083929,0,0,0,-10,,,,
083935,0,0,0,-3,,,,
083952,0,0,0,12,,,,
083956,0,0,0,-97,,,,
083959,0,0,0,4,,,,
083960,0,0,0,319,,,,
083974,0,0,0,3,,,,
083998,0,0,0,-10,,,,
084004,0,0,0,25,,,,
084012,0,0,0,-92,,,,
084016,0,0,0,-84,,,,
084017,0,0,0,-26,,,,
084021,0,0,0,-10,,,,
084022,0,0,0,-513,,,,
084023,0,0,0,-2,,,,
084025,0,0,0,10,,,,
084042,0,0,0,3,,,,
084055,0,0,0,-657,,,,
084062,0,0,0,-115,,,,
084066,0,0,0,70,,,,
084070,0,0,0,-22,,,,
084073,0,0,0,1,,,,
084078,0,0,0,-12,,,,
084089,0,0,0,83,,,,
084106,0,0,0,-12,,,,
084107,0,0,0,-629,,,,
084140,0,0,0,-2,,,,
084145,0,0,0,-1003,,,,
084157,0,0,0,10,,,,
084179,0,0,0,0,,,,
084197,0,0,0,28,,,,
08419P,0,0,0,-6,,,,
084204,0,0,0,55,,,,
08420P,0,0,0,-441,,,,
084219,0,0,0,4,,,,
084224,0,0,0,23,,,,
084225,0,0,0,17,,,,
084227,0,0,0,-17,,,,
084229,0,0,0,261,,,,
084230,0,0,0,76,,,,
084240,0,0,0,138,,,,
084241,0,0,0,-30,,,,
084264,0,0,0,27,,,,
084284,0,0,0,-455,,,,
084293,0,0,0,-20,,,,
084295,0,0,0,-5,,,,
084301,0,0,0,-40,,,,
084306,0,0,0,424,,,,
084308,0,0,0,1,,,,
084328,0,0,0,1202,,,,
084389,0,0,0,-32,,,,
084404,0,0,0,1,,,,
084428,0,0,0,-30,,,,
084456,0,0,0,10,,,,
084495,0,0,0,-100,,,,
084496,0,0,0,-152,,,,
084507,0,0,0,56,,,,
084510,0,0,0,1,,,,
084511,0,0,0,-30,,,,
084549,0,0,0,-24,,,,
084550,0,0,0,-21,,,,
084551,0,0,0,-263,,,,
084562,0,0,0,-163,,,,
084563,0,0,0,-14,,,,
084567,0,0,0,1,,,,
084569,0,0,0,-4,,,,
084578,0,0,0,871,,,,
084579,0,0,0,75,,,,
084580,0,0,0,2,,,,
084583,0,0,0,-50,,,,
084632,0,0,0,-479,,,,
084638,0,0,0,27,,,,
084641,0,0,0,-368,,,,
084665,0,0,0,1,,,,
084668,0,0,0,0,,,,
084702,0,0,0,9,,,,
084706,0,0,0,-1,,,,
084707,0,0,0,1,,,,
084735,0,0,0,-190,,,,
084736,0,0,0,157,,,,
084761,0,0,0,-46,,,,
084800,0,0,0,-1,,,,
084810,0,0,0,208,,,,
084843,0,0,0,9,,,,
084846,0,0,0,4,,,,
084870,0,0,0,0,,,,
084872,0,0,0,121,,,,
084874,0,0,0,10,,,,
084879,0,0,0,-434,,,,
084885,0,0,0,-181,,,,
084887,0,0,0,-8,,,,
084889,0,0,0,194,,,,
084891,0,0,0,59,,,,
084892,0,0,0,5,,,,
084893,0,0,0,118,,,,
084894,0,0,0,-998,,,,
084904,0,0,0,189,,,,
084908,0,0,0,20,,,,
084909,0,0,0,19,,,,
084943,0,0,0,10,,,,
084989,0,0,0,5,,,,
084992,0,0,0,4,,,,
085006,0,0,0,77,,,,
085011,0,0,0,13,,,,
085012,0,0,0,-15,,,,
085013,0,0,0,344,,,,
085027,0,0,0,-10,,,,
085048,0,0,0,10,,,,
085066,0,0,0,17,,,,
085090,0,0,0,-35,,,,
085101,0,0,0,37,,,,
085102,0,0,0,-3,,,,
085109,0,0,0,-665,,,,
085111,0,0,0,-34,,,,
085112,0,0,0,-26,,,,
085114,0,0,0,-4,,,,
085115,0,0,0,52,,,,
085124,0,0,0,31,,,,
085128,0,0,0,-10,,,,
085136,0,0,0,-25,,,,
085169,0,0,0,3,,,,
085226,0,0,0,-72,,,,
085241,0,0,0,-198,,,,
085245,0,0,0,59,,,,
085276,0,0,0,4,,,,
085277,0,0,0,715,,,,
085278,0,0,0,-33,,,,
085279,0,0,0,2,,,,
085280,0,0,0,376,,,,
085281,0,0,0,434,,,,
085291,0,0,0,-100,,,,
085317,0,0,0,75,,,,
085318,0,0,0,-202,,,,
085329,0,0,0,0,,,,
085350,0,0,0,0,,,,
085372,0,0,0,173,,,,
085386,0,0,0,51,,,,
085396,0,0,0,2,,,,
085435,0,0,0,1,,,,
085446,0,0,0,95,,,,
085449,0,0,0,1,,,,
085453,0,0,0,2,,,,
085460,0,0,0,50,,,,
085462,0,0,0,20,,,,
085465,0,0,0,-83,,,,
085466,0,0,0,18,,,,
085468,0,0,0,-10,,,,
085470,0,0,0,-9,,,,
085471,0,0,0,1090,,,,
085472,0,0,0,3,,,,
085474,0,0,0,108,,,,
085482,0,0,0,-26,,,,
085519,0,0,0,-20,,,,
085521,0,0,0,3,,,,
085535,0,0,0,74,,,,
085542,0,0,0,25,,,,
085557,0,0,0,100,,,,
085563,0,0,0,-388,,,,
085568,0,0,0,27,,,,
085572,0,0,0,-1,,,,
085602,0,0,0,-100,,,,
085614,0,0,0,-210,,,,
085616,0,0,0,148,,,,
085618,0,0,0,-138,,,,
085620,0,0,0,59,,,,
085623,0,0,0,-678,,,,
085629,0,0,0,-21,,,,
085631,0,0,0,310,,,,
085632,0,0,0,-457,,,,
085636,0,0,0,-2,,,,
085638,0,0,0,-10,,,,
085639,0,0,0,-61,,,,
085640,0,0,0,-53,,,,
085642,0,0,0,113,,,,
085644,0,0,0,-232,,,,
085645,0,0,0,5,,,,
085661,0,0,0,3,,,,
085664,0,0,0,2,,,,
085670,0,0,0,84,,,,
085674,0,0,0,9,,,,
085680,0,0,0,-101,,,,
085687,0,0,0,-30,,,,
085691,0,0,0,-1,,,,
085697,0,0,0,3,,,,
085705,0,0,0,-195,,,,
085710,0,0,0,-10,,,,
085712,0,0,0,8,,,,
085719,0,0,0,-151,,,,
085721,0,0,0,11,,,,
085724,0,0,0,-7,,,,
085727,0,0,0,-200,,,,
085733,0,0,0,-100,,,,
085739,0,0,0,-57,,,,
085744,0,0,0,159,,,,
085745,0,0,0,13,,,,
085748,0,0,0,0,,,,
085762,0,0,0,10,,,,
085779,0,0,0,254,,,,
085780,0,0,0,-23,,,,
085785,0,0,0,240,,,,
085786,0,0,0,133,,,,
085787,0,0,0,23,,,,
085788,0,0,0,-50,,,,
085790,0,0,0,1,,,,
085794,0,0,0,-35,,,,
085805,0,0,0,-5,,,,
085812,0,0,0,-6,,,,
085829,0,0,0,-60,,,,
085834,0,0,0,-191,,,,
085835,0,0,0,12,,,,
085838,0,0,0,48,,,,
085842,0,0,0,2,,,,
085850,0,0,0,-20,,,,
085854,0,0,0,1,,,,
085898,0,0,0,-11,,,,
085900,0,0,0,490,,,,
085901,0,0,0,-85,,,,
085904,0,0,0,21,,,,
085908,0,0,0,-3,,,,
085937,0,0,0,437,,,,
085957,0,0,0,-483,,,,
085958,0,0,0,-210,,,,
085959,0,0,0,-3,,,,
085960,0,0,0,1,,,,
085961,0,0,0,22,,,,
085963,0,0,0,-46,,,,
085965,0,0,0,70,,,,
085967,0,0,0,-874,,,,
085968,0,0,0,7,,,,
085977,0,0,0,92,,,,
085978,0,0,0,32,,,,
085979,0,0,0,-18,,,,
085981,0,0,0,208,,,,
085983,0,0,0,-25,,,,
085985,0,0,0,100,,,,
085988,0,0,0,-40,,,,
085989,0,0,0,-22,,,,
085990,0,0,0,-228,,,,
085995,0,0,0,-34,,,,
085996,0,0,0,-115,,,,
085998,0,0,0,2,,,,
085999,0,0,0,621,,,,
086000,0,0,0,-829,,,,
086002,0,0,0,-228,,,,
086008,0,0,0,-5,,,,
086012,0,0,0,-51,,,,
086021,0,0,0,-70,,,,
086022,0,0,0,100,,,,
086027,0,0,0,-926,,,,
086028,0,0,0,25,,,,
086035,0,0,0,-4,,,,
086039,0,0,0,-10,,,,
086041,0,0,0,30,,,,
086047,0,0,0,-512,,,,
086050,0,0,0,-101,,,,
086058,0,0,0,1,,,,
086064,0,0,0,140,,,,
086066,0,0,0,-325,,,,
086078,0,0,0,-241,,,,
086080,0,0,0,128,,,,
086082,0,0,0,247,,,,
086089,0,0,0,-909,,,,
086103,0,0,0,170,,,,
086104,0,0,0,-50,,,,
086116,0,0,0,0,,,,
086125,0,0,0,140,,,,
086128,0,0,0,-10,,,,
086133,0,0,0,-5,,,,
086135,0,0,0,-11,,,,
086144,0,0,0,27,,,,
086145,0,0,0,-10,,,,
086154,0,0,0,-9,,,,
086158,0,0,0,4,,,,
086160,0,0,0,58,,,,
086162,0,0,0,-162,,,,
086168,0,0,0,20,,,,
086170,0,0,0,-21,,,,
086199,0,0,0,1,,,,
086201,0,0,0,1,,,,
086205,0,0,0,-411,,,,
086206,0,0,0,-172,,,,
086210,0,0,0,-10,,,,
086211,0,0,0,-8,,,,
086213,0,0,0,6,,,,
086219,0,0,0,-642,,,,
086222,0,0,0,-46,,,,
086229,0,0,0,6,,,,
086230,0,0,0,-22,,,,
086234,0,0,0,-29,,,,
086235,0,0,0,27,,,,
086236,0,0,0,-236,,,,
086243,0,0,0,193,,,,
086244,0,0,0,-210,,,,
086256,0,0,0,-20,,,,
086266,0,0,0,-25,,,,
086267,0,0,0,29,,,,
086268,0,0,0,-212,,,,
086270,0,0,0,-6,,,,
086275,0,0,0,-60,,,,
086280,0,0,0,-45,,,,
086302,0,0,0,-2,,,,
086304,0,0,0,-224,,,,
086327,0,0,0,-41,,,,
086328,0,0,0,137,,,,
086335,0,0,0,3,,,,
086338,0,0,0,4,,,,
086341,0,0,0,14,,,,
086343,0,0,0,-203,,,,
086344,0,0,0,-40,,,,
086345,0,0,0,56,,,,
086350,0,0,0,-2,,,,
086356,0,0,0,16,,,,
086361,0,0,0,-10,,,,
086362,0,0,0,8,,,,
086394,0,0,0,-104,,,,
086400,0,0,0,22,,,,
086403,0,0,0,25,,,,
086432,0,0,0,-299,,,,
086433,0,0,0,127,,,,
086435,0,0,0,-499,,,,
086443,0,0,0,6,,,,
086445,0,0,0,2,,,,
086446,0,0,0,-186,,,,
086448,0,0,0,9,,,,
086450,0,0,0,-5,,,,
086451,0,0,0,-289,,,,
086452,0,0,0,388,,,,
086453,0,0,0,307,,,,
086454,0,0,0,362,,,,
086455,0,0,0,140,,,,
086457,0,0,0,-13,,,,
086460,0,0,0,14,,,,
086461,0,0,0,-55,,,,
086462,0,0,0,-41,,,,
086463,0,0,0,-50,,,,
086466,0,0,0,38,,,,
086472,0,0,0,2,,,,
086475,0,0,0,32,,,,
086492,0,0,0,30,,,,
086493,0,0,0,12,,,,
086496,0,0,0,-151,,,,
086498,0,0,0,-3,,,,
086503,0,0,0,-33,,,,
086510,0,0,0,7,,,,
086511,0,0,0,-30,,,,
086513,0,0,0,0,,,,
086520,0,0,0,-2,,,,
086526,0,0,0,-36,,,,
086536,10,0,0,-135,,,,
086574,0,0,0,37,,,,
086602,0,0,0,-32,,,,
086603,0,0,0,10,,,,
086604,0,0,0,21,,,,
086631,0,0,0,79,,,,
086635,0,0,0,180,,,,
086647,0,0,0,37,,,,
086652,0,0,0,8,,,,
086653,0,0,0,2,,,,
086658,0,0,0,-18,,,,
086660,0,0,0,77,,,,
086663,0,0,0,61,,,,
086664,0,0,0,-10,,,,
086665,0,0,0,-5,,,,
086667,0,0,0,278,,,,
086668,0,0,0,-622,,,,
086670,0,0,0,159,,,,
086672,0,0,0,1,,,,
086673,0,0,0,22,,,,
086674,0,0,0,160,,,,
086677,0,0,0,-100,,,,
086679,0,0,0,0,,,,
086680,0,0,0,5,,,,
086682,0,0,0,520,,,,
086692,0,0,0,-23,,,,
086701,0,0,0,20,,,,
086702,0,0,0,113,,,,
086704,0,0,0,-30,,,,
086708,0,0,0,11,,,,
086709,0,0,0,-9,,,,
086711,0,0,0,-5,,,,
086713,0,0,0,-3,,,,
086716,0,0,0,19,,,,
086720,0,0,0,20,,,,
086734,0,0,0,-50,,,,
086735,0,0,0,160,,,,
086736,0,0,0,0,,,,
086737,0,0,0,-2,,,,
086739,0,0,0,-9,,,,
086746,0,0,0,-212,,,,
086749,0,0,0,-1,,,,
086753,0,0,0,80,,,,
086758,0,0,0,218,,,,
086773,0,0,0,8,,,,
086774,0,0,0,1,,,,
086786,0,0,0,80,,,,
086790,0,0,0,39,,,,
086804,0,0,0,-30,,,,
086805,0,0,0,16,,,,
086806,0,0,0,91,,,,
086807,0,0,0,74,,,,
086820,0,0,0,12,,,,
086823,0,0,0,-28,,,,
086834,0,0,0,-20,,,,
086862,0,0,0,62,,,,
086867,0,0,0,50,,,,
086877,0,0,0,9,,,,
086878,0,0,0,0,,,,
086894,0,0,0,-14,,,,
086895,0,0,0,1,,,,
086896,0,0,0,-1,,,,
086899,0,0,0,3,,,,
086901,0,0,0,363,,,,
086907,0,0,0,45,,,,
086908,0,0,0,-34,,,,
086921,0,0,0,-3,,,,
086922,0,0,0,-50,,,,
086923,0,0,0,95,,,,
086924,0,0,0,-41,,,,
086933,0,0,0,-136,,,,
086935,0,0,0,340,,,,
086936,0,0,0,294,,,,
086938,0,0,0,0,,,,
086940,0,0,0,52,,,,
086950,0,0,0,0,,,,
086963,0,0,0,88,,,,
086964,0,0,0,-300,,,,
086966,0,0,0,77,,,,
086967,0,0,0,-141,,,,
086970,0,0,0,10,,,,
086972,0,0,0,-475,,,,
086973,0,0,0,72,,,,
086974,0,0,0,-45,,,,
086976,0,0,0,270,,,,
086979,0,0,0,-17,,,,
086980,0,0,0,-123,,,,
086982,0,0,0,-29,,,,
086983,0,0,0,2,,,,
086985,0,0,0,-96,,,,
086986,0,0,0,-96,,,,
086987,0,0,0,11,,,,
086988,0,0,0,12,,,,
086989,0,0,0,6,,,,
086990,0,0,0,-174,,,,
086991,0,0,0,-792,,,,
086992,0,0,0,-506,,,,
086993,0,0,0,-415,,,,
086994,0,0,0,-51,,,,
086997,0,0,0,-6,,,,
086998,0,0,0,2,,,,
086999,0,0,0,52,,,,
087001,0,0,0,2,,,,
087002,0,0,0,98,,,,
087008,0,0,0,3,,,,
087015,0,0,0,325,,,,
087042,0,0,0,2,,,,
087053,0,0,0,-499,,,,
087058,0,0,0,67,,,,
087059,0,0,0,-40,,,,
087091,0,0,0,-84,,,,
087108,0,0,0,922,,,,
087118,0,0,0,-8,,,,
087122,0,0,0,-11,,,,
087131,0,0,0,45,,,,
087138,0,0,0,-13,,,,
087148,0,0,0,5,,,,
087149,0,0,0,15,,,,
087155,0,0,0,100,,,,
087157,0,0,0,731,,,,
087158,0,0,0,80,,,,
087165,0,0,0,230,,,,
087166,0,0,0,-456,,,,
087168,0,0,0,-170,,,,
087171,0,0,0,10,,,,
087172,0,0,0,58,,,,
087173,0,0,0,20,,,,
087175,0,0,0,-19,,,,
087185,0,0,0,3,,,,
087191,0,0,0,578,,,,
087197,0,0,0,-21,,,,
087198,0,0,0,289,,,,
087204,0,0,0,102,,,,
087207,0,0,0,-50,,,,
087220,0,0,0,70,,,,
087227,0,0,0,6,,,,
087228,0,0,0,2,,,,
087229,0,0,0,-1,,,,
087236,0,0,0,-7,,,,
087253,0,0,0,20,,,,
087256,0,0,0,10,,,,
087258,0,0,0,-40,,,,
087261,0,0,0,-314,,,,
087265,0,0,0,51,,,,
087266,0,0,0,0,,,,
087270,0,0,0,-181,,,,
087289,0,0,0,6,,,,
087296,0,0,0,220,,,,
087299,0,0,0,-160,,,,
087303,0,0,0,20,,,,
087308,0,0,0,16,,,,
087313,0,0,0,-293,,,,
087316,0,0,0,140,,,,
087318,0,0,0,51,,,,
087319,0,0,0,12,,,,
087327,0,0,0,-7,,,,
087331,0,0,0,-10,,,,
087337,0,0,0,0,,,,
087343,0,0,0,-8,,,,
087359,0,0,0,34,,,,
087361,0,0,0,-173,,,,
087362,0,0,0,-30,,,,
087365,0,0,0,310,,,,
087371,0,0,0,10,,,,
087372,0,0,0,-10,,,,
087373,0,0,0,98,,,,
087375,0,0,0,0,,,,
087381,0,0,0,2,,,,
087383,0,0,0,13,,,,
087384,0,0,0,-70,,,,
087386,0,0,0,-251,,,,
087400,0,0,0,467,,,,
087401,0,0,0,5,,,,
087406,0,0,0,-10,,,,
087423,0,0,0,40,,,,
087426,0,0,0,-65,,,,
087428,0,0,0,-26,,,,
087429,0,0,0,-1,,,,
087430,0,0,0,10,,,,
087432,0,0,0,-55,,,,
087434,0,0,0,-50,,,,
087446,0,0,0,-60,,,,
087461,0,0,0,51,,,,
087464,0,0,0,-283,,,,
087465,0,0,0,1,,,,
087470,0,0,0,5,,,,
087471,0,0,0,42,,,,
087473,0,0,0,69,,,,
087475,0,0,0,-149,,,,
087476,0,0,0,-20,,,,
087481,0,0,0,471,,,,
087483,0,0,0,-47,,,,
087484,0,0,0,148,,,,
087485,0,0,0,-425,,,,
087487,0,0,0,-10,,,,
087488,0,0,0,-44,,,,
087489,0,0,0,-96,,,,
087491,0,0,0,35,,,,
087496,0,0,0,126,,,,
087497,0,0,0,-2,,,,
087498,0,0,0,7,,,,
087507,0,0,0,-11,,,,
087522,0,0,0,144,,,,
087524,0,0,0,-302,,,,
087525,0,0,0,-200,,,,
087526,0,0,0,-50,,,,
087530,0,0,0,-444,,,,
087540,0,0,0,47,,,,
087546,0,0,0,50,,,,
087547,0,0,0,-117,,,,
087548,0,0,0,-4,,,,
087550,0,0,0,147,,,,
087553,0,0,0,14,,,,
087555,0,0,0,232,,,,
087556,0,0,0,-131,,,,
087558,0,0,0,50,,,,
087562,0,0,0,-247,,,,
087567,0,0,0,617,,,,
087568,0,0,0,-1,,,,
087575,0,0,0,-390,,,,
087576,0,0,0,-376,,,,
087577,0,0,0,-126,,,,
087578,0,0,0,20,,,,
087580,0,0,0,31,,,,
087584,0,0,0,-110,,,,
087585,0,0,0,-25,,,,
087602,0,0,0,845,,,,
087604,0,0,0,-10,,,,
087608,0,0,0,-5,,,,
087614,0,0,0,100,,,,
087617,0,0,0,4,,,,
087618,0,0,0,6,,,,
087622,0,0,0,-3,,,,
087625,0,0,0,-10,,,,
087628,0,0,0,-2,,,,
087641,0,0,0,2,,,,
087643,0,0,0,-9,,,,
087644,0,0,0,10,,,,
087648,0,0,0,20,,,,
087656,0,0,0,-2,,,,
087657,0,0,0,10,,,,
087660,0,0,0,8,,,,
087661,0,0,0,-23,,,,
087666,0,0,0,8,,,,
087671,0,0,0,2,,,,
087677,0,0,0,34,,,,
087679,0,0,0,-4,,,,
087680,0,0,0,-46,,,,
087681,0,0,0,531,,,,
087682,0,0,0,-10,,,,
087683,0,0,0,-30,,,,
087684,0,0,0,40,,,,
087686,0,0,0,57,,,,
087689,0,0,0,-23,,,,
087691,0,0,0,-38,,,,
087692,0,0,0,360,,,,
087694,0,0,0,198,,,,
087695,0,0,0,-3,,,,
087699,0,0,0,-113,,,,
087707,0,0,0,-142,,,,
087708,0,0,0,32,,,,
087719,0,0,0,-10,,,,
087730,0,0,0,30,,,,
087735,0,0,0,10,,,,
087747,0,0,0,0,,,,
087755,0,0,0,-49,,,,
087757,0,0,0,0,,,,
087765,0,0,0,42,,,,
087768,0,0,0,-599,,,,
087771,0,0,0,10,,,,
087773,0,0,0,-5,,,,
087785,0,0,0,1,,,,
087788,0,0,0,204,,,,
087789,0,0,0,57,,,,
087795,0,0,0,3,,,,
087796,0,0,0,42,,,,
087800,0,0,0,-10,,,,
087813,0,0,0,227,,,,
087825,0,0,0,19,,,,
087830,0,0,0,-629,,,,
087831,0,0,0,-1027,,,,
087833,0,0,0,-1,,,,
087838,0,0,0,0,,,,
087847,0,0,0,20,,,,
087857,0,0,0,0,,,,
087859,0,0,0,3,,,,
087861,0,0,0,-2,,,,
087874,0,0,0,-436,,,,
087875,0,0,0,-1,,,,
087882,0,0,0,-12,,,,
087894,0,0,0,169,,,,
087903,0,0,0,103,,,,
087904,0,0,0,-115,,,,
087906,0,0,0,154,,,,
087909,0,0,0,-12,,,,
087912,0,0,0,-100,,,,
087913,0,0,0,833,,,,
087920,0,0,0,115,,,,
087921,0,0,0,14,,,,
087922,0,0,0,-140,,,,
087927,0,0,0,-20,,,,
087928,0,0,0,16,,,,
087929,0,0,0,2,,,,
087934,0,0,0,295,,,,
087937,0,0,0,-30,,,,
087938,0,0,0,3,,,,
087939,0,0,0,35,,,,
087941,0,0,0,-92,,,,
087948,0,0,0,10,,,,
087950,0,0,0,-595,,,,
087951,0,0,0,643,,,,
087953,0,0,0,-50,,,,
087954,0,0,0,-1,,,,
087956,0,0,0,460,,,,
087957,0,0,0,20,,,,
087959,0,0,0,-13,,,,
087960,0,0,0,350,,,,
087963,0,0,0,-143,,,,
087966,0,0,0,-59,,,,
087972,0,0,0,-12,,,,
087979,0,0,0,-9,,,,
087983,0,0,0,11,,,,
087984,0,0,0,215,,,,
088000,0,0,0,-3,,,,
088004,0,0,0,-12,,,,
088008,0,0,0,8,,,,
088009,0,0,0,30,,,,
088019,0,0,0,205,,,,
088020,0,0,0,394,,,,
088022,0,0,0,-68,,,,
088023,0,0,0,0,,,,
088026,0,0,0,10,,,,
088030,0,0,0,-2,,,,
088032,0,0,0,-23,,,,
088034,0,0,0,22,,,,
088036,0,0,0,376,,,,
088045,0,0,0,-57,,,,
088047,0,0,0,-60,,,,
088053,0,0,0,10,,,,
088054,0,0,0,18,,,,
088062,0,0,0,5,,,,
088066,0,0,0,20,,,,
088067,0,0,0,-153,,,,
088081,0,0,0,-50,,,,
088085,0,0,0,-424,,,,
088087,0,0,0,-114,,,,
088091,0,0,0,-42,,,,
088092,0,0,0,-9,,,,
088099,0,0,0,0,,,,
088103,0,0,0,-78,,,,
088115,0,0,0,26,,,,
088119,0,0,0,-9,,,,
088123,0,0,0,87,,,,
088138,0,0,0,30,,,,
088140,0,0,0,-36,,,,
088146,0,0,0,-59,,,,
088160,0,0,0,8,,,,
088162,0,0,0,50,,,,
088165,0,0,0,-28,,,,
088168,0,0,0,1,,,,
088169,0,0,0,50,,,,
088171,0,0,0,32,,,,
088175,0,0,0,10,,,,
088188,0,0,0,-59,,,,
088190,0,0,0,-229,,,,
088192,0,0,0,1,,,,
088193,0,0,0,244,,,,
088202,0,0,0,3,,,,
088208,0,0,0,81,,,,
088221,0,0,0,12,,,,
088227,0,0,0,-8,,,,
088229,0,0,0,-23,,,,
088230,0,0,0,-9,,,,
088240,0,0,0,-585,,,,
088241,0,0,0,-340,,,,
088242,0,0,0,-36,,,,
088243,0,0,0,140,,,,
088244,0,0,0,25,,,,
088245,0,0,0,801,,,,
088254,0,0,0,51,,,,
088255,0,0,0,-20,,,,
088256,0,0,0,3,,,,
088259,0,0,0,7,,,,
088276,0,0,0,8,,,,
088277,0,0,0,-445,,,,
088283,0,0,0,-10,,,,
088286,0,0,0,-40,,,,
088289,0,0,0,2,,,,
088290,0,0,0,-34,,,,
088291,0,0,0,9,,,,
088293,0,0,0,-1219,,,,
088294,0,0,0,-100,,,,
088295,0,0,0,-400,,,,
088298,0,0,0,194,,,,
088299,0,0,0,-1,,,,
088300,0,0,0,-20,,,,
088301,0,0,0,-53,,,,
088302,0,0,0,-10,,,,
088307,0,0,0,-13,,,,
088308,0,0,0,68,,,,
088314,0,0,0,-5,,,,
088322,0,0,0,-141,,,,
088329,0,0,0,2,,,,
088333,0,0,0,-6,,,,
088347,0,0,0,5,,,,
088350,0,0,0,5,,,,
088351,0,0,0,-43,,,,
088360,0,0,0,-142,,,,
088361,0,0,0,750,,,,
088369,0,0,0,5,,,,
088370,0,0,0,-67,,,,
088375,0,0,0,99,,,,
088376,0,0,0,50,,,,
088377,0,0,0,24,,,,
088378,0,0,0,10,,,,
088379,0,0,0,152,,,,
088385,0,0,0,42,,,,
088386,0,0,0,-30,,,,
088387,0,0,0,10,,,,
088388,0,0,0,-5,,,,
088389,0,0,0,-47,,,,
088390,0,0,0,-35,,,,
088393,0,0,0,-384,,,,
088396,0,0,0,800,,,,
088399,0,0,0,-80,,,,
088400,0,0,0,0,,,,
088404,0,0,0,-25,,,,
088406,0,0,0,496,,,,
088412,0,0,0,-155,,,,
088413,0,0,0,-9,,,,
088416,0,0,0,-110,,,,
088417,0,0,0,-166,,,,
088418,0,0,0,-36,,,,
088421,0,0,0,0,,,,
088422,0,0,0,380,,,,
088424,0,0,0,16,,,,
088425,0,0,0,0,,,,
088426,0,0,0,87,,,,
088427,0,0,0,-73,,,,
088428,0,0,0,-100,,,,
088430,0,0,0,53,,,,
088431,0,0,0,128,,,,
088434,0,0,0,47,,,,
088439,0,0,0,173,,,,
088440,0,0,0,-583,,,,
088441,0,0,0,10,,,,
088450,0,0,0,2,,,,
088452,0,0,0,1,,,,
088456,0,0,0,114,,,,
088461,0,0,0,30,,,,
088466,0,0,0,-37,,,,
088468,0,0,0,41,,,,
088473,0,0,0,-16,,,,
088476,0,0,0,60,,,,
088489,0,0,0,-250,,,,
088497,0,0,0,15,,,,
088499,0,0,0,32,,,,
088503,0,0,0,75,,,,
088504,0,0,0,50,,,,
088505,0,0,0,10,,,,
088506,0,0,0,-10,,,,
088507,0,0,0,9,,,,
088508,0,0,0,7,,,,
088512,0,0,0,17,,,,
088513,0,0,0,-47,,,,
088516,0,0,0,59,,,,
088517,0,0,0,-42,,,,
088520,0,0,0,356,,,,
088521,0,0,0,36,,,,
088524,0,0,0,5,,,,
088529,0,0,0,487,,,,
088537,0,0,0,3,,,,
088538,0,0,0,-504,,,,
088545,0,0,0,87,,,,
088547,0,0,0,106,,,,
088550,0,0,0,2003,,,,
088556,0,0,0,-4,,,,
088557,0,0,0,35,,,,
088559,0,0,0,-171,,,,
088560,0,0,0,175,,,,
088561,0,0,0,20,,,,
088568,0,0,0,-3,,,,
088570,0,0,0,115,,,,
088571,0,0,0,-961,,,,
088573,0,0,0,-20,,,,
088574,0,0,0,66,,,,
088575,0,0,0,-23,,,,
088577,0,0,0,5,,,,
088578,0,0,0,44,,,,
088579,0,0,0,407,,,,
088580,0,0,0,459,,,,
088581,0,0,0,364,,,,
088582,0,0,0,-15,,,,
088583,0,0,0,2,,,,
088584,0,0,0,100,,,,
088585,0,0,0,-174,,,,
088586,0,0,0,391,,,,
088587,0,0,0,200,,,,
088588,0,0,0,63,,,,
088589,0,0,0,-95,,,,
088596,0,0,0,53,,,,
088598,0,0,0,-1,,,,
088604,0,0,0,3,,,,
088606,0,0,0,7,,,,
088607,0,0,0,-534,,,,
088612,0,0,0,0,,,,
088614,0,0,0,-16,,,,
088616,0,0,0,-120,,,,
088619,0,0,0,17,,,,
088622,0,0,0,0,,,,
088623,0,0,0,3,,,,
088630,0,0,0,-12,,,,
088635,0,0,0,-96,,,,
088637,0,0,0,-162,,,,
088638,0,0,0,-13,,,,
088639,0,0,0,-76,,,,
088647,0,0,0,-82,,,,
088651,0,0,0,227,,,,
088652,0,0,0,93,,,,
088655,0,0,0,-23,,,,
088661,0,0,0,-122,,,,
088669,0,0,0,675,,,,
088675,0,0,0,568,,,,
088678,0,0,0,5,,,,
088684,0,0,0,-4,,,,
088690,0,0,0,4,,,,
088694,0,0,0,-28,,,,
088697,0,0,0,10,,,,
088705,0,0,0,-4,,,,
088721,0,0,0,169,,,,
088722,0,0,0,-6,,,,
088724,0,0,0,20,,,,
088725,0,0,0,549,,,,
088729,0,0,0,106,,,,
088730,0,0,0,-10,,,,
088733,0,0,0,151,,,,
088741,0,0,0,120,,,,
088743,0,0,0,202,,,,
088749,0,0,0,300,,,,
088753,0,0,0,-371,,,,
088754,0,0,0,-39,,,,
088755,0,0,0,-179,,,,
088757,0,0,0,-170,,,,
088758,0,0,0,-12,,,,
088759,0,0,0,10,,,,
088760,0,0,0,14,,,,
088761,0,0,0,-301,,,,
088767,0,0,0,-188,,,,
088791,0,0,0,-574,,,,
088797,0,0,0,-33,,,,
088798,0,0,0,-205,,,,
088799,0,0,0,0,,,,
088800,0,0,0,-310,,,,
088807,0,0,0,-108,,,,
088808,0,0,0,-131,,,,
088829,0,0,0,-224,,,,
088835,0,0,0,234,,,,
088838,0,0,0,167,,,,
088842,0,0,0,1,,,,
088845,0,0,0,29,,,,
088850,0,0,0,-204,,,,
088854,0,0,0,40,,,,
088856,0,0,0,-30,,,,
088857,0,0,0,175,,,,
088858,0,0,0,-327,,,,
088859,0,0,0,-164,,,,
088863,0,0,0,5,,,,
088869,0,0,0,0,,,,
088870,0,0,0,0,,,,
088879,0,0,0,-10,,,,
088885,0,0,0,201,,,,
088888,0,0,0,3,,,,
088890,0,0,0,-5,,,,
088891,0,0,0,294,,,,
088892,0,0,0,273,,,,
088897,0,0,0,3,,,,
088898,0,0,0,-20,,,,
088904,0,0,0,2,,,,
088916,0,0,0,-10,,,,
088920,0,0,0,130,,,,
088921,0,0,0,3,,,,
088924,0,0,0,70,,,,
088925,0,0,0,-129,,,,
088926,0,0,0,11,,,,
088929,0,0,0,-140,,,,
088936,0,0,0,32,,,,
088940,0,0,0,300,,,,
088955,0,0,0,-7,,,,
088958,0,0,0,40,,,,
088960,0,0,0,-788,,,,
088964,0,0,0,7,,,,
088965,0,0,0,-1,,,,
088971,0,0,0,-281,,,,
088974,0,0,0,-60,,,,
088976,0,0,0,-10,,,,
088981,0,0,0,-9,,,,
088984,0,0,0,-60,,,,
088987,0,0,0,-12,,,,
088991,0,0,0,-1020,,,,
088993,0,0,0,21,,,,
088997,0,0,0,56,,,,
089003,0,0,0,6,,,,
089010,0,0,0,23,,,,
089011,0,0,0,4,,,,
089014,0,0,0,38,,,,
089015,0,0,0,-2,,,,
089017,0,0,0,-20,,,,
089019,0,0,0,-21,,,,
089020,0,0,0,29,,,,
089024,0,0,0,-4,,,,
089034,0,0,0,2,,,,
089040,0,0,0,1,,,,
089043,0,0,0,-27,,,,
089050,0,0,0,-23,,,,
089052,0,0,0,11,,,,
089065,0,0,0,15,,,,
089067,0,0,0,-400,,,,
089077,0,0,0,30,,,,
089078,0,0,0,-10,,,,
089081,0,0,0,-1028,,,,
089085,0,0,0,24,,,,
089087,0,0,0,90,,,,
089088,0,0,0,138,,,,
089089,0,0,0,-291,,,,
089092,0,0,0,-562,,,,
089093,0,0,0,34,,,,
089098,0,0,0,34,,,,
089106,0,0,0,1,,,,
089113,0,0,0,30,,,,
089114,0,0,0,12,,,,
089119,0,0,0,5,,,,
089121,0,0,0,0,,,,
089128,0,0,0,67,,,,
089129,0,0,0,0,,,,
089137,0,0,0,-1,,,,
089141,0,0,0,-90,,,,
089147,0,0,0,74,,,,
089148,0,0,0,-1499,,,,
089152,0,0,0,2,,,,
089153,0,0,0,109,,,,
089154,0,0,0,7,,,,
089155,0,0,0,2,,,,
089160,0,0,0,17,,,,
089162,0,0,0,102,,,,
089163,0,0,0,100,,,,
089167,0,0,0,-100,,,,
089168,0,0,0,15,,,,
089172,0,0,0,-6,,,,
089173,0,0,0,8,,,,
089175,0,0,0,413,,,,
089182,0,0,0,183,,,,
089184,0,0,0,1,,,,
089188,0,0,0,10,,,,
089195,0,0,0,-4,,,,
089214,0,0,0,-2,,,,
089221,0,0,0,10,,,,
089229,0,0,0,116,,,,
089232,0,0,0,6,,,,
089247,0,0,0,-170,,,,
089248,0,0,0,-386,,,,
089249,0,0,0,-16,,,,
089254,0,0,0,232,,,,
089255,0,0,0,-125,,,,
089256,0,0,0,508,,,,
089258,0,0,0,-20,,,,
089272,0,0,0,100,,,,
089274,0,0,0,-101,,,,
089275,0,0,0,4,,,,
089276,0,0,0,50,,,,
089284,0,0,0,-174,,,,
089285,0,0,0,-6,,,,
089289,0,0,0,-39,,,,
089290,0,0,0,-620,,,,
089292,0,0,0,22,,,,
089293,0,0,0,-271,,,,
089294,0,0,0,-67,,,,
089297,0,0,0,50,,,,
089303,0,0,0,2,,,,
089305,0,0,0,0,,,,
089310,0,0,0,-106,,,,
089318,0,0,0,-15,,,,
089323,0,0,0,1,,,,
089325,0,0,0,0,,,,
089329,0,0,0,52,,,,
089330,0,0,0,5,,,,
089334,0,0,0,45,,,,
089345,0,0,0,17,,,,
089347,0,0,0,9,,,,
089348,0,0,0,-230,,,,
089353,0,0,0,-5,,,,
08935P,0,0,0,-1,,,,
089364,0,0,0,2,,,,
089371,0,0,0,10,,,,
089378,0,0,0,-10,,,,
089385,0,0,0,15,,,,
089386,0,0,0,-5,,,,
089391,0,0,0,42,,,,
089393,0,0,0,251,,,,
089395,0,0,0,-72,,,,
089397,0,0,0,376,,,,
089405,0,0,0,-2,,,,
089406,0,0,0,-160,,,,
089408,0,0,0,-30,,,,
089417,0,0,0,4,,,,
089423,0,0,0,-371,,,,
089424,0,0,0,-114,,,,
089425,0,0,0,78,,,,
089428,0,0,0,2,,,,
089429,0,0,0,-1,,,,
089431,0,0,0,-90,,,,
089444,0,0,0,252,,,,
089445,0,0,0,44,,,,
089455,0,0,0,-112,,,,
089468,0,0,0,-184,,,,
089470,0,0,0,57,,,,
089471,0,0,0,-6,,,,
089472,0,0,0,-167,,,,
089473,0,0,0,-450,,,,
089475,0,0,0,10,,,,
089481,0,0,0,2,,,,
089493,0,0,0,5,,,,
089497,0,0,0,15,,,,
089500,0,0,0,2,,,,
089502,0,0,0,-998,,,,
089503,0,0,0,-154,,,,
089504,0,0,0,-1946,,,,
089508,0,0,0,36,,,,
089511,0,0,0,210,,,,
089515,0,0,0,12,,,,
089516,0,0,0,14,,,,
089523,0,0,0,117,,,,
089526,0,0,0,-9,,,,
089528,0,0,0,34,,,,
089531,0,0,0,1,,,,
089533,0,0,0,-3,,,,
089539,0,0,0,-374,,,,
089540,0,0,0,-62,,,,
089545,0,0,0,-20,,,,
089548,0,0,0,-123,,,,
089550,0,0,0,-50,,,,
089552,0,0,0,-50,,,,
089554,0,0,0,110,,,,
089559,0,0,0,2,,,,
089560,0,0,0,105,,,,
089563,0,0,0,-150,,,,
089569,0,0,0,140,,,,
089574,0,0,0,-5,,,,
089575,0,0,0,258,,,,
089576,0,0,0,62,,,,
089578,0,0,0,0,,,,
089586,0,0,0,499,,,,
089589,0,0,0,10,,,,
089590,0,0,0,-5,,,,
089591,0,0,0,10,,,,
089592,0,0,0,-34,,,,
089597,0,0,0,10,,,,
089602,0,0,0,4,,,,
089606,0,0,0,-129,,,,
089608,0,0,0,-302,,,,
089613,0,0,0,0,,,,
089614,0,0,0,250,,,,
089624,0,0,0,-70,,,,
089627,0,0,0,-10,,,,
089628,0,0,0,40,,,,
089645,0,0,0,-10,,,,
089650,0,0,0,-507,,,,
089653,0,0,0,-4,,,,
089656,0,0,0,-216,,,,
089658,0,0,0,92,,,,
089659,0,0,0,-150,,,,
089662,0,0,0,-38,,,,
089667,0,0,0,-100,,,,
089668,0,0,0,38,,,,
089669,0,0,0,-16,,,,
089670,0,0,0,-29,,,,
089671,0,0,0,-21,,,,
089673,0,0,0,-25,,,,
089680,0,0,0,8,,,,
089685,0,0,0,15,,,,
089688,0,0,0,2,,,,
089691,0,0,0,1,,,,
089694,0,0,0,304,,,,
089700,0,0,0,518,,,,
089701,0,0,0,5,,,,
089703,0,0,0,-1,,,,
089705,0,0,0,-15,,,,
089706,0,0,0,-1,,,,
089707,0,0,0,-172,,,,
089708,0,0,0,0,,,,
089709,0,0,0,10,,,,
089713,0,0,0,-6,,,,
089714,0,0,0,-54,,,,
089729,0,0,0,-20,,,,
089730,0,0,0,10,,,,
089732,0,0,0,-14,,,,
089745,0,0,0,-5,,,,
089749,0,0,0,1,,,,
089758,0,0,0,-110,,,,
089761,0,0,0,-20,,,,
089763,0,0,0,7,,,,
089764,0,0,0,-10,,,,
089766,0,0,0,-10,,,,
089767,0,0,0,2,,,,
089771,0,0,0,-65,,,,
089773,0,0,0,-297,,,,
089774,0,0,0,101,,,,
089775,0,0,0,-27,,,,
089776,0,0,0,-37,,,,
089781,0,0,0,-126,,,,
089782,0,0,0,-273,,,,
089786,0,0,0,10,,,,
089801,0,0,0,5,,,,
089805,0,0,0,-30,,,,
089806,0,0,0,523,,,,
089808,0,0,0,199,,,,
089810,0,0,0,5,,,,
089815,0,0,0,25,,,,
089819,0,0,0,50,,,,
089820,0,0,0,-40,,,,
089836,0,0,0,0,,,,
089837,0,0,0,-22,,,,
089838,0,0,0,147,,,,
089842,0,0,0,-264,,,,
089845,0,0,0,-166,,,,
089846,0,0,0,891,,,,
089847,0,0,0,2,,,,
089849,0,0,0,107,,,,
089851,0,0,0,139,,,,
089852,0,0,0,-115,,,,
089854,0,0,0,-20,,,,
089855,0,0,0,-20,,,,
089858,0,0,0,-1,,,,
089859,0,0,0,-140,,,,
089860,0,0,0,-153,,,,
089861,0,0,0,-112,,,,
089862,0,0,0,0,,,,
089864,0,0,0,10,,,,
089867,0,0,0,40,,,,
089869,0,0,0,-76,,,,
089872,0,0,0,0,,,,
089873,0,0,0,1,,,,
089877,0,0,0,26,,,,
089881,0,0,0,-11,,,,
089882,0,0,0,66,,,,
089894,0,0,0,30,,,,
089896,0,0,0,-10,,,,
089897,0,0,0,25,,,,
089900,0,0,0,1,,,,
089901,0,0,0,1,,,,
089902,0,0,0,5,,,,
089903,0,0,0,-24,,,,
089905,0,0,0,-42,,,,
089906,0,0,0,-50,,,,
089907,0,0,0,43,,,,
089909,0,0,0,-5,,,,
089913,0,0,0,10,,,,
089916,0,0,0,0,,,,
089922,0,0,0,26,,,,
089923,0,0,0,-24,,,,
089925,0,0,0,8,,,,
089927,0,0,0,-54,,,,
089928,0,0,0,20,,,,
089929,0,0,0,3,,,,
089933,0,0,0,-34,,,,
089938,0,0,0,46,,,,
089942,0,0,0,296,,,,
089943,0,0,0,-5,,,,
089949,0,0,0,-3,,,,
089951,0,0,0,-459,,,,
089952,0,0,0,-163,,,,
089953,0,0,0,-191,,,,
089956,0,0,0,-20,,,,
089958,0,0,0,345,,,,
089963,0,0,0,230,,,,
089964,0,0,0,20,,,,
089965,0,0,0,20,,,,
089967,0,0,0,48,,,,
089973,0,0,0,-110,,,,
089981,0,0,0,69,,,,
089982,0,0,0,21,,,,
089984,0,0,0,-20,,,,
089985,0,0,0,-300,,,,
089988,0,0,0,-60,,,,
089989,0,0,0,5,,,,
089991,0,0,0,30,,,,
089992,0,0,0,-50,,,,
089993,0,0,0,-1,,,,
089995,0,0,0,-66,,,,
089996,0,0,0,15,,,,
1101,19713.385,-112,0,1334.732,33761,34665,221,216
1101B,0,0,3,0,,,,
1102,-3633.959,-1269.433,-63.866,-460.769,1565,1550,11,10
1103,240,0,14,0,3828,3828,2,2
1104,-171.05,0,-6.32,0,1934,1955,1,1
1108,-15,0,0,0,683,682,0,0
1109,-3,0,0,0,641,641,0,0
1110,-1,0,0,0,3000,3009,0,0
1201,-126,0,0.744,0,1306,1297,0,0
1203,-1,0,0,0,11,11,0,0
1210,201,-95,-0.502,0,1416,1419,2,2
1213,,,,,0,0,0,0
1215,341,248,65.762,1,501,696,12,14
1216,-8335.331,45.03,2,-622.097,1259,1071,13,14
1217,81,0,0,0,1249,1268,0,0
1218,185,0,-1,0,1465,1497,0,0
1219,33,0,0,0,882,864,0,0
1220,24,0,0,0,994,996,0,0
1225,16,0,0,-7,3896,3924,0,0
1227,-271,0,0.09,0,2145,2135,1,1
1229,-263,-1,0,0,1968,1856,21,21
1231,-77.031,0,0.024,0,415,414,4,5
1232,16,0,0,0,8,8,0,0
1233,-2,0,14,0,63,63,0,0
1234,11,0,0,0.283,94,94,0,0
1235,,,,,982,982,0,0
1236,1,0,0,0,135,136,0,0
1240,1,0,0,0,52,52,0,0
1256,-13,0,5,0,224,241,0,0
1259,-3,0,0,0,39,39,0,0
1264,,,,,0,0,0,0
1268,,,,,102,104,0,0
1294,0,0,0,0,25,23,0,0
1295,25,0,0,-0.229,30,27,0,0
1301,24977.572,-25.745,241.541,1096.472,24985,25495,675,472
1303,56944.867,884.798,958.768,2326.703,54187,47782,3796,2842
1304,3152,0,13.802,376,5929,6257,34,30
1305,2236,0,2.033,0,3274,3724,287,284
1307,492,0,-123,9.001,1688,1750,0,0
1308,1129,0,-2.005,0,4199,4236,26,15
1309,899,0,-0.001,0,4525,4530,21,15
1310,1622,0,5.122,0,4656,4474,4,4
1312,2816,0,235,856.689,13322,13427,167,127
1313,1676,0,8,0,9259,9794,113,131
1314,12685.35,0,205,0,48722,48661,97,210
1315,1,0,0,0,81,76,0,0
1316,-192,-15,0.865,0,12328,12256,157,167
1319,2003.038,-722.537,-35.237,14.516,4871,4813,47,56
1321,43,0,0,0,6839,6839,6,6
1323,-1,0,0,0,60,62,0,0
1324,13,0,0,0,1966,1980,0,0
1325,98,0,0,0,2295,2295,152,147
1326,12009.221,0,-39.977,412.503,20303,21527,845,809
1336,2,0,0,0,2578,2591,1,1
1337,14,0,0,0,21608,21598,0,0
1338,19,0,0,0,2111,2112,0,0
1339,8,0,-0.234,0,798,798,0,0
1340,55,0,0,0,1013,1026,0,0
1341,-1,0,0,0,,,,
1342,16,0,27,-1.598,383,377,0,0
1402,3334.469,-824.274,5,7,2161,2138,61,61
1409,1797,0,-2.002,-3.223,12358,12424,98,99
1410,1,0,0,0,232,232,0,0
1413,0,0,0,0,0,0,0,0
1414,,,,,1122,1122,0,0
1416,36,0,9,0,4125,4116,0,0
1417,-1,0,1,0,1081,1080,0,0
1418,4,0,0,0,716,720,0,0
1419,74,0,-4,0.177,1737,1752,19,18
1423,10.165,0,0.002,0,28,26,0,0
1432,-20.997,0,0,0,0,0,0,0
1434,1200,-500,-177.862,0,4949,1761,0,0
1435,0,0,0,0,0,0,0,0
1436,76.214,0,1,1.192,886,868,5,5
1437,-10,0,-2,0,2054,2052,0,0
1438,6,0,0,0,264,264,0,0
1439,6,0,-1,0,1063,990,0,0
1440,52,0,-2,0,3212,3263,0,0
1441,,,,,0,0,0,0
1442,246,0,-0.142,0.074,2168,2187,21,24
1443,0,0,0,0,102,102,0,0
1444,515,0,0,0,3762,3817,32,32
1445,16,0,-2,0,1760,1771,0,0
1446,44,0,-5,0,2610,2587,2,2
1447,165,0,0,0,5259,5292,0,0
1449,328,0,0,0,4745,4776,41,41
1451,-2,0,0,0,1270,1270,0,0
1452,-3,0,0,0,183,174,0,0
1453,2,0,0,0,1270,1256,1,1
1454,-1,0,0,0,1788,1801,0,0
1455,106,0,0,0,2859,2870,0,0
1456,0,0,12,0,220,217,0,0
1457,15,0,0,0,357,362,4,4
1459,0,0,1,0,300,297,0,0
1460,81,0,-153,0,0,0,0,0
1463,12,0,0,0,509,522,0,0
1464,177,0,1,0,1640,1641,6,1
1465,-0.9,0,0,0,3505,3505,0,0
1466,29,0,0,0,3556,3573,20,10
1467,6,0,9,0,4729,5079,0,0
1468,,,,,0,0,0,0
1470,,,,,5,5,0,0
1471,46,0,11.055,0,0,0,0,0
1472,-8,0,0,0,4210,4232,0,0
1473,19,0,0,0,765,781,0,0
1474,7,0,4,0,3322,3321,0,0
1475,1,0,0,0,606,608,0,0
1476,432.43,-2.942,0.999,-1.992,504,523,2,5
1477,326,-183.78,51.452,12.584,314,331,9,18
1503,277.898,-0.155,-0.33,8.883,3868,3898,37,37
1504,1377.25,-210.125,-201,0.495,24403,24767,568,544
1506,-36,0,0,0,0,0,0,0
1512,-2,0,0,0,0,0,0,0
1513,138.75,-943.59,5.833,40.569,8509,8400,32,32
1514,-349.035,0,-0.01,-39.42,6492,6485,132,135
1515,1,0,0,0,1978,1965,2,2
1516,44,0,15,0,146,146,0,0
1517,2,0,-2,0,1141,1149,32,32
1519,-275.931,74.789,-18.229,72.515,3970,3956,213,212
1521,-1,0,0,0,345,344,0,0
1522,-47,-23.166,-1.205,0.113,6488,6747,24,24
1524,-257,0,3.094,0,6028,5857,17,25
1525,1,0,-1,-0.01,230,230,0,0
1526,3,0,0,0,1049,1050,0,0
1527,63,0,0,0,495,495,0,0
1528,239.05,0,-10,30,11688,11689,978,1177
1529,124,0,-4,0,3008,3042,0,0
1530,0,0,-1,0,78,78,0,0
1531,-2,0,-1,0,2024,2022,0,0
1532,104,-32.735,5,0,3377,3359,38,38
1533,-3,0,0,0,790,779,0,1
1535,-16,0,0,0,48,49,0,0
1536,-136,0,-23.1,2.86,8791,9171,2804,2849
1537,6,0,-0.036,0,49,49,0,0
1538,,,,,0,0,0,0
1539,3,0,0,0,1426,1499,0,0
1540,-134,0,1,0,2514,2484,2,2
1541,-2,0,0,0,99,99,0,0
1558,3,-0.971,0,-0.734,374,372,0,0
1560,361.45,45,-34.7,-590.064,3419,3411,326,309
1563,-1,0,0,1,585,579,0,2
1565,49,0,0,0,1010,1008,7,7
1568,14,0,0,0,1139,1124,0,0
1569,-216,0,0,-15.027,14977,14882,453,486
1570,42,0,0,-0.006,1770,1857,19,19
1580,5,0,0,0,27,27,0,0
1582,-49,0,-0.142,0,2666,2694,6,6
1583,-1,0,0,0,34,34,2,2
1584,251.922,0,0,4.184,7984,7884,17,17
1586,-134,0,0,0,14486,14584,2,0
1587,-70,0,0.075,0,3503,3460,109,114
1589,1038,0,-0.44,0,3662,3724,33,31
1590,138.494,-0.306,5,2.234,171,187,1,1
1591,-21,0,0,0.392,1986,1981,4,4
1593,-1,0,0,0,144,144,0,0
1595,15,0,0,0.036,1904,1900,7,8
1597,-198,0,-3.418,2.614,3020,2980,12,14
1598,114,0,-10.36,0,2295,2274,0,0
1599,-2,0,0,0,390,391,0,0
1603,228,-6,-3,0,2251,2261,22,22
1604,-114,0,0,0,350,357,0,0
1605,10460.75,5052.099,2221,4606.796,68949,62411,2897,1940
1608,4065.96,-11.122,21.938,546.415,10130,10729,160,145
1609,3206.497,-24,16,119.678,15857,15887,51,48
1611,353,0,-3.466,0,3765,3819,3,3
1612,130,0,-0.081,0.536,1898,1933,1,1
1614,-2,0,0,0,393,396,3,3
1615,23,0,0,0,179,182,0,0
1616,-251,0,-11,-3.252,4050,4103,7,6
1617,50,0,-2.765,0,1840,1967,0,0
1618,222,0,2,0.025,4900,4954,3,4
1626,-12,0,0,0,3329,3329,0,0
1702,95,-17.896,-0.009,0,409,407,0,6
1707,28.872,0,0,-0.436,347,346,0,0
1708,527,0,0,3.465,2947,2940,4,7
1709,190,0,0,0,2572,2607,0,0
1710,2055,0,12.868,0.837,4568,4627,73,66
1711,-1163,0,-0.108,295.689,14339,14345,275,237
1712,-68.334,0,50.885,0,670,668,1,1
1713,-499,0,-25.498,0,3572,3622,14,2
1714,546,0,0,0,5348,5391,0,0
1717,4844.242,751,1647.084,361.353,26106,24523,2042,1390
1718,4624,0,26.283,0,13604,14158,52,34
1720,55,0,0,0,369,381,0,0
1721,-1155,0,-0.749,0,1178,1227,1,1
1722,-1764.014,0,-10.975,0,2187,2079,0,0
1723,144,0,-1,0,545,548,45,46
1725,-22,0,-1.001,0,240,259,1,1
1726,0,0,1,0,0,0,0,0
1727,462,0,-2.68,0,8988,7475,743,716
1730,-1,0,0,0,6,6,0,0
1731,1,0,0,0,156,135,0,0
1732,23,0,0,0,573,572,0,0
1733,87,-4,-1,0,4254,4251,6,6
1734,-56,0,0,0,960,956,0,0
1735,8,0,-3.225,0,777,816,3,9
1736,24.1,0,55.458,4,2354,2352,12,14
1737,-59,0,0,0,76,76,0,0
1742,0,0,0,0,2639,2661,10,10
1752,5,0,0,0,616,617,8,8
1760,68,0,0,0,879,880,2,2
1762,-14,0,-0.24,0,961,960,10,10
1773,-279.545,0,16.052,45.266,1991,1305,5,1
1776,-4,0,0,0,748,745,0,0
1777,-2,0,0,0,43,43,0,0
1781,2,0,0,-0.133,0,0,0,0
1783,8,0,1,0,1313,1307,0,0
1784,-2.692,0,0,33.273,2511,2493,9,11
1785,-535.25,-13,199,-0.361,29354,30022,258,235
1786,67,0,-0.343,13.141,6451,6370,2,7
1788,0,0,0,0,1,1,0,0
1789,-17,0,197.028,0,1993,1992,21,2
1795,660,-0.299,16,42.048,8226,8281,72,70
1796,4,0,0,0,274,272,0,0
1799,17,0,0,0,0,0,0,0
1802,9192.317,-900,98.92,1950.426,57502,56800,7445,7673
1805,50,0,0,0,637,611,1,1
1806,383,-1066.968,2,0,3289,2814,0,0
1808,1546,-2400,12,0,4715,4644,22,22
1809,-704,0,-4.975,0,4020,3814,45,30
1810,358,213.345,350,0,18925,19060,44,37
1813,0,0,0,0.026,64,56,0,0
1815,-6464.614,-480,33,155.699,79799,79162,2900,2506
1817,1,0,0,0.185,35,35,0,0
1903,219,0,0,7.588,3839,3960,4,4
1904,380.007,0,0,0,1834,1845,3,2
1905,1465,0,-0.005,0,6951,7050,22,16
1906,7,0,-0.056,0,6773,6774,0,0
1907,-317,-22.511,22,0,23776,23246,2,3
1909,-197,0,-12,0,6173,6020,14,9
2002,52540.328,-207.009,203,2279.681,25791,25599,272,198
2006,256.491,-40.169,10,-91,838,847,1,1
2007,3,0,-1.863,0,319,319,0,0
2008,5,0,0,0,319,318,0,0
2009,2014,0,50,79.742,7230,7803,1267,1199
2010,222,0,0,0,1367,1329,5,5
2012,10,0,1,0,128,134,0,0
2013,-264,0,-0.585,0.384,1537,1539,0,0
2014,3400,0,452.428,1112.215,4557,4709,226,226
2015,57,36,-1,0,66,68,0,0
2017,901,0,191.454,0,3856,3298,4,0
2020,174.77,0,0,0,739,652,3,3
2022,195,0,7.117,0,1635,1636,0,0
2023,683,0,-2,0,2519,2480,2,2
2024,-4,0,0,0,60,41,0,0
2025,99,0,4.253,0,0,0,0,0
2027,12927,0,53.221,1075.508,34311,33372,214,60
2028,5,0,1.329,0,1108,923,16,15
2029,84,0,0,0,384,376,0,0
2030,105,0,2.976,0,2483,1830,10,0
2031,725,0,-24.015,138.366,2073,2073,9,9
2032,149,0,-1.394,0,2454,2553,2,0
2033,26,0,0.291,0,6756,6664,0,0
2034,1697,0,-0.98,257.408,4547,4490,53,22
2035,,,,,1,1,0,0
2038,299,0,4.889,0,4910,4680,2,0
2049,-316.849,-0.6,-15.2,22.133,5598,5557,33,34
2059,-123.525,3.742,15,7.868,808,803,4,4
2061,2,0,0,0,3683,3685,0,0
2062,100,0,1,0,2402,2414,1,1
2063,1,0,0,0,128,129,0,0
2064,-1,0,0,0,32,32,0,0
2065,10,0,0,0,150,146,0,0
2066,3,0,0,0,4256,4254,0,0
2067,0,0,-0.001,0,0,0,0,0
2069,228,0,0,0,737,689,3,0
2070,-4,0,-2,-0.072,1956,1942,3,0
2101,612.999,0,0,-13,32248,32276,24,24
2102,-69,0,7,0,4884,4971,3,3
2103,839,0,-0.971,0,5605,5549,24,25
2104,1145.003,0,3,0,15471,15646,18,18
2105,7516.174,-1230.065,-45.44,-312,6299,5949,25,29
2106,-470,0,1.026,0,2710,2662,1,0
2107,25,0,0,0,264,257,0,0
2108,-311.8,0,-2.264,0,2122,1891,26,18
2109,-6,0,0,0,879,879,3,3
2114,0,0,0,0,60,60,0,0
2115,-3,0,0,0,557,557,0,0
2201,228.507,0,5,0.425,11294,11235,57,59
2204,-439.073,-47.967,0,-3.988,4005,3984,83,82
2206,275,-253.321,-0.053,0,25960,25961,5,5
2207,-150.479,-7.05,-1.985,1,108,102,0,0
2208,487,-4,0,0,0,0,0,0
2211,-96,-21.72,-0.43,0,1081,1074,5,15
2221,-3,0,0,0,108,102,0,0
2227,-1,0,0,0,,,,
2228,327,0,57.998,13.002,2650,2852,115,108
2230,1,0,0,109.265,5011,5001,37,22
2231,190,0,-2,0.079,5752,5895,147,151
2233,-17,0,-15,-6.702,5937,5876,47,43
2235,,,,,37,37,0,0
2236,-34,0,-18,0,10432,10420,4,5
2239,-84,0,2.008,0,1457,1457,6,9
2241,-3,0,0,0,4736,5748,61,63
2243,-6,0,4,0,681,681,0,0
2247,-17,0,0,0,252,271,0,0
2248,-3,0,0,0,22,22,0,0
2250,2.809,0,0,0,1583,1579,0,0
2254,3,0,0,52,4918,4969,0,0
2258,1,0,0,0.613,,,,
2301,-5877.908,-5390.735,55,-288.526,20381,19138,451,519
2302,242,-4,-2.308,0,2845,2860,34,34
2303,52553.122,-11233.204,1234.366,4264.323,51299,23392,1107,887
2305,-1252,0,-24.79,0,2127,2143,8,11
2308,-1886.23,172.82,-84.261,66.824,8036,8427,770,778
2312,10924.9,0,634.01,3164.513,47889,48208,472,398
2313,4532.074,3873,136.136,219.128,34023,38567,1650,1475
2314,-16,0,0,0,0,0,0,0
2316,16.2,0,-1.351,-2.766,5478,5650,1076,1079
2317,-8417.177,683.69,139.15,1167.338,64210,62454,2171,2115
2321,,,,,0,0,0,0
2323,387,0,48,0,29343,29567,248,223
2324,3166.48,-2143.269,16.802,-355.679,32231,33291,609,601
2327,9504.244,2320.536,226.9,-85.231,44536,46242,402,393
2328,661,0,6,3.372,22391,22417,739,831
2329,2519.355,0,-85,-237.885,16322,16649,849,873
2330,-26816.546,943.945,162.234,242.874,23106,22618,360,330
2331,-230,500,21,333.365,10895,10520,121,124
2332,478,0,-0.002,72.899,21337,21382,124,133
2337,4616.76,16439,-503.781,-1070.232,126254,118759,18887,14855
2338,-631,0,-26.315,76.965,6081,5940,245,241
2340,206,0,56,-5.401,7808,7301,417,435
2342,381.55,0,80.922,0,6446,4780,234,149
2344,-35608.233,4703.487,-844,-676.078,150734,160237,31635,33216
2345,-321.04,-33.16,-27.047,-62.345,3161,3193,160,174
2347,5244.823,-5881.865,-7.309,-248.967,2152,1974,10,10
2348,179,0,12,-1.841,1710,1768,43,42
2349,-1415.58,0,60,0,0,0,0,0
2351,419,0,0,6.399,6015,6050,49,49
2352,-264,-37,-2,103.277,14911,14839,71,64
2353,3671.97,-5366.216,142,706.05,29433,29584,391,421
2354,-225.782,-150,30.596,21.259,29237,29374,22,43
2355,834,-20.345,34.204,17.633,5991,6093,45,48
2356,1826.867,1401.845,20.587,-387.018,24834,25275,527,532
2357,-1159.761,-294.108,2.207,-67.804,2003,1950,17,13
2359,254.625,0,0.128,-20.791,7416,7564,756,750
2360,1186.744,-31.918,-7.8,-73.941,1251,1539,48,48
2362,104,0,0.273,0,3147,3126,9,10
2363,-849,20,0.09,138.669,22445,22250,58,52
2364,69,0,0,0,1015,1013,17,17
2365,-463.95,0,0,0.259,11901,11992,202,183
2367,609.252,0,1154,1477.445,35937,34169,758,298
2368,-1901.781,-783.306,-96,-106.735,6434,6325,1507,1627
2369,-406,0,118.955,51,13647,9857,379,297
2371,2804.98,-1384.901,28,426.891,76401,76488,247,244
2373,-4,0,0,0,69,69,0,0
2374,269.09,-14,-0.088,-25.947,18073,18127,181,179
2375,386.3,0,0.99,-36.247,5198,5270,300,338
2376,-1065.583,-144.153,-5.19,-33.347,6717,6601,301,306
2377,1223.252,-6.329,-0.58,-88.664,12859,12637,212,233
2379,810,-109.193,3.028,-61.128,2494,2527,10,10
2380,,,,,0,0,0,0
2382,-919.736,-166.501,155.938,-172.141,16574,17007,400,396
2383,-843.926,-1668.981,-93.78,-154.779,2605,2380,78,90
2385,4966.094,-4540.716,13.438,-138.092,3451,3405,4,6
2387,74,0,-2,0,3213,3249,8,8
2388,-561.9,0,-3.063,151.445,14750,14628,197,135
2390,217,0,-4,0,1906,1891,3,3
2392,551.933,0,7.351,16.258,7073,7094,26,28
2393,88,82.457,-32,-108.869,2566,2501,24,25
2395,267.781,19.814,2,5.043,2220,2222,7,9
2397,70,0,0,0,1670,1657,0,0
2399,-76,0,9.999,0,8591,8759,146,149
2401,-1425,0,42.803,84.379,12696,12463,24,28
2402,-820.965,0,-3.411,-41.754,29497,30202,372,446
2404,-121.816,-150.083,-27.289,-41.892,2553,2569,62,64
2405,532,0,-1,0,10537,10792,24,24
2406,-2061,0,105.603,0,15018,14230,432,473
2408,243.052,1977.822,816.884,222.552,152948,156855,16457,17653
2409,42426.076,-328.775,-226,6647.145,140641,154361,10969,7462
2412,-6157.052,-78.75,20,12.994,515,586,20,17
2413,257.965,0,-5,12,6842,6692,683,778
2414,-38,0,0,0,255,254,0,0
2415,-1,0,-0.327,0,2297,2302,0,0
2417,-267,0,-0.003,0,4486,4592,76,49
2419,484,0,4.371,-93.162,5197,5412,42,64
2420,7,0,0,0,686,684,0,0
2421,-526,-8,-2.046,25.327,4779,4701,119,127
2423,5,0,-2,0,150,153,1,1
2424,2,0,0,0,0,0,0,0
2425,21,0,0,0,2799,2791,8,8
2426,91,0,0,0,5067,5065,27,26
2427,65,0,0,0,5703,5774,358,370
2428,26,-3,0,-5.71,2704,2741,2,2
2429,19,0,0.303,0,6195,6205,180,182
2430,1,0,0,0,81,79,0,0
2431,34,0,-1.265,0,3547,3538,17,9
2432,-5,0,0,9,366,365,0,0
2433,-4,0,4,0,4,4,0,0
2434,8,0,0,0,29,32,0,0
2436,1312.98,0,-21.407,57.611,4265,4385,44,40
2438,-4,0,0,0,0,0,0,0
2439,220,-97.636,-2.381,1.65,3317,3333,13,12
2440,87,0,1,0,0,0,0,0
2441,736,52,-167.852,-3,16027,16905,67,80
2442,-329,0,51.811,0,19418,19390,103,96
2444,40,0,-1,0,0,0,0,0
2449,-3513.546,-606.951,-616.289,-621.589,16475,15956,1695,1717
2450,-26,0,1,0,95,94,0,0
2451,1147,-402.728,174.768,34.999,8317,7827,263,193
2453,32,0,0,0,2799,2813,0,2
2454,-472.581,740.3,114.885,1.658,6877,7049,22,14
2455,-2026,1275,175.83,573.668,7206,6919,254,241
2457,1440,0,33.041,-24.717,14684,14713,191,158
2458,291,-414.08,3.106,16.674,2666,2653,32,32
2459,5,0,-1,0,75,74,0,0
2460,44,0,0,0,1120,1126,0,0
2461,-93,0,0,0,3257,3255,7,7
2462,120,0,1.979,0,2651,2633,19,19
2464,-354,0,-1,-497.946,9681,9775,244,276
2465,-6,0,0,0,171,176,0,0
2466,-137,0,-1,0,6133,6182,151,142
2467,75,0,-16.805,-1.648,3065,3103,200,206
2468,89,0,-0.729,0,4248,4263,28,29
2471,-27,0,0,0,1624,1626,0,0
2472,-327,0,-0.179,-153.89,7911,7896,87,88
2474,1822.701,-2922.969,10.335,-66.115,2014,2113,8,8
2476,-75,0,34.488,20.709,16573,16387,3,3
2477,-375,0,-7.016,0,1614,1449,0,1
2478,611,0,2,3.316,3451,3004,48,47
2480,-26,0,-0.393,8,359,341,0,0
2481,1696,743,-18,376.028,19241,19779,419,396
2482,70,0,-2.619,0,1944,1976,5,1
2483,17,0,0,0,676,687,2,6
2484,253,0,-2.473,0,1900,1908,1,2
2485,-4082.9,0,-1.032,5,13613,12816,1247,1096
2486,-3107.3,0,-91.473,-143.368,23696,23142,1090,1028
2488,10,0,-8,0,798,811,0,0
2489,-4163,0,-140.657,4,13458,14181,47,107
2491,143,0,-5,0,1516,1678,37,37
2492,3451.6,0,-174,-114.963,12187,12827,465,428
2493,292,0,2,53.351,7469,7585,32,29
2495,1477.7,0,7.866,0.43,11615,9976,344,264
2496,-1,0,0,0,187,187,0,0
2497,24,0,0,-122,3440,3436,36,70
2498,652.448,-4,-54.17,-173.663,34434,35290,2256,2302
2501,1218.666,-30,199,0,6796,6901,97,94
2504,-750,1431.298,-14,-2.88,3355,3468,24,14
2505,-9,0,1,0,3671,3655,0,0
2506,79,0,-2,0,1872,1871,0,0
2509,19,0,0,0,594,591,1,1
2511,191,0,-25,0,2955,2949,3,84
2514,-8,0,1,0,15513,15512,0,0
2515,-336.896,0,20,-4.423,33449,33465,61,58
2516,7,0,0,0,0,0,0,0
2520,991,-800,-3.091,12.546,8901,8989,28,30
2524,-30,0,0,0,3597,3594,25,25
2527,71,-1.637,-0.001,0,953,978,1,1
2528,-79,0,0,0,2777,2774,0,0
2530,-253,500,0.837,-29,2936,2911,21,16
2534,147,0,0,0,10401,10402,0,0
2535,8,0,10.017,0,129,128,1,1
2536,-7,0,0,0,5984,5998,0,0
2537,315,0,-7.001,0,5611,5668,40,41
2538,52,0,0,0,3176,3154,15,15
2539,-245,-1.735,0.067,0,2880,2867,7,7
2540,-114.5,-13,1,0,3114,3067,101,120
2542,52.95,-208,0,2.072,10311,10316,258,258
2543,-1640,0,5,-37.073,15565,15504,138,177
2545,121.428,0,0,0,2631,2650,1,1
2546,43.64,0,0,0,85,88,0,0
2547,-130,0,0,0,26613,26586,10,10
2548,-87.502,0,16.773,-7.125,2007,1980,45,45
2596,-9,0,0,0,1754,1754,0,0
2597,259,-1,-4,0,320,320,2,2
2601,278,0,0,0,3703,3715,1,1
2603,12303.696,-2153.411,26,320.27,17618,18016,320,303
2605,4114,0,75,938.274,11443,11959,302,283
2606,4729.291,-2286.753,17,309.212,8046,8103,164,131
2607,497,-286,0,0,1331,1324,1,1
2608,-53,0,0,-0.279,837,834,7,7
2609,19228.844,-76.432,253.283,672.146,33112,34120,1221,1180
2610,13204.425,-3178.32,220,-67.798,51576,52041,507,498
2611,189,0,0,0,2360,2414,4,10
2612,376,0,-2.1,71.981,3195,3178,16,12
2613,278,0,0,0,2619,2627,7,5
2614,325,-14,-1.001,0,7814,7808,34,33
2615,7889.173,-364.521,33.064,332.306,23223,24315,2451,2618
2616,21,0,0,0,144,144,0,0
2617,1129.9,0,-1,0,2082,2175,2,2
2618,11906.878,-5173.102,49,-521.166,46421,46445,250,230
2630,130,0,0,-12.456,6443,6412,103,102
2633,-721.945,-25.371,0,-2,1990,1978,1,1
2634,-376.99,-4,-44,-103.481,25222,25304,361,385
2636,192,0,-0.05,0.9,938,948,3,3
2637,3490.958,-1283.217,3.441,49.339,7481,7698,249,240
2640,-27,0,1,0,68,66,0,0
2641,1230,0,-39,73.091,11903,11453,1710,1724
2642,17.651,0,2,0,536,535,0,0
2643,-2,0,0,0,118,98,0,0
2645,-101,-1,31.85,-66.292,5314,5224,90,102
2646,-205.5,0,0,5,2560,2500,19,21
2701,30,0,0,0,1043,1013,0,0
2702,-6,0,0,0,452,460,0,0
2704,-135,0,0,0,285,284,0,0
2705,22,0,0,0,612,612,0,0
2706,-71,0,0,0,762,765,0,0
2707,-41,0,-0.412,0,239,238,0,0
2712,,,,,13,13,0,0
2718,-2,0,0,0,257,256,0,0
2719,-3,0,0,0,88,88,0,0
2722,5,0,-1,0,407,412,0,0
2723,152,-40,0,0,2745,2747,23,23
2724,,,,,0,0,0,0
2726,4.01,0,0,0,306,310,0,0
2727,-4.88,-0.381,3.315,0,547,537,1,1
2729,7,0,0,0,10,10,0,0
2731,16,0,55.876,3.825,1317,1314,50,55
2732,5,0,-1,0,272,272,0,0
2734,58,0,0,0.018,597,600,1,0
2736,27,0,0,-0.001,867,867,32,32
2739,10,0,0,0,1091,1089,0,0
2743,1,0,0,0.293,945,948,21,21
2745,-17,0,0,-0.032,1306,1319,2,2
2748,-16,0,0,0,1359,1354,0,0
2751,-1,0,0,0,1,1,0,0
2753,-6,-2,0,25,697,700,0,0
2754,2,0,0,0,203,201,0,0
2755,14,0,-5,0.088,78,77,2,2
2756,26,0,0,0.096,217,221,9,21
2762,-7,0,0,0,149,149,0,0
2801,-6694.649,-33.103,-100.333,-12,8097,7914,54,54
2812,-4629.7,-18.753,-2,0,3561,3516,1,9
2816,-34,0,1,0,394,393,0,0
2820,-542,0,0,0,429,333,2,2
2832,-118.86,-8,14,0,536,536,0,0
2834,-6425.885,-22.563,0,0,4096,4078,34,34
2836,-362,0,0,0,4826,4716,0,0
2838,-1411,-181,0.297,0,336,343,87,87
2845,-1841.662,-7,0,-1,6308,6292,34,34
2849,15,0,2,0,106,100,0,0
2850,-18,-19,-0.598,0,131,131,2,2
2851,386,0,0,0,679,683,0,0
2852,-201,-5.704,-12,0,348,348,2,2
2855,2120,-54,0,0,2997,2860,131,134
2867,-3746,0,-40,0,0,0,0,0
2880,2330.753,-1034.652,-2,-1204,437,443,43,43
2881,4022.043,-3311.411,13.784,-4.904,7485,7406,443,442
2881B,0,0,-12,0,,,,
2882,2071.958,-3511.407,62,28.622,3990,3948,844,919
2882B,0,0,3,0,,,,
2883,5271.682,-3873.212,0,-1617.876,18889,18803,133,136
2883B,-376,0,-70,0,,,,
2884,-23325.754,6923.497,6,-1088.004,6367,6628,352,424
2885,7143.573,-10096.477,199.889,-1039.942,642,612,21,23
2886,-5068.292,-343.536,17.666,-951.264,1121,1096,32,32
2887,-5322.984,5962.334,0,-1647.756,77405,77658,3694,3694
2887E,-3,0,0,0,,,,
2887F,-9,0,0,0,,,,
2887I,-1210,0,0,0,,,,
2889,1158,0,0.005,0,1232,1331,10,9
2890,-2492.621,-423.913,0,-1811.945,2500,2405,114,114
2891,-559.115,-7033.827,-10.9,-1443.786,3422,3494,394,444
2891B,0,0,1,0,,,,
2891C,0,0,2,0,,,,
2892,-3616.398,-1480.913,28.559,20,7199,6792,54,55
2897,-2694,-10,0,0,2868,2864,1,1
2901,0,0,0,0,605,604,0,0
2903,342,-102,8,0,3215,3194,32,32
2904,-1,0,0,0,8,8,0,0
2905,-77,0,0,0,9725,9699,11,14
2906,15,0,1,0,638,639,0,0
2908,-14,0,0,0,10364,10325,0,0
2910,3,0,0,0,20,22,0,0
2911,,,,,0,0,0,0
2912,-822.775,-11.083,12,1.476,741,738,2,0
2913,311,0,0,0,8135,8234,7,7
2915,-653,-381,-0.032,-35,11249,11355,9,9
2916,-11,0,0,0,281,284,0,0
2923,11,0,1,0,,,,
2924,,,,,5,5,0,0
2926,-2,0,0,0,33,33,0,0
2929,318,0,0,0,1045,1045,0,0
2939,-1,0,0,0,473,474,0,0
2945,-1,0,0,0,,,,
2947,-22.82,0,0,0,,,,
3002,-95,0,-1.67,0,2672,2767,55,64
3003,47,0,0.209,1.323,3945,3911,11,12
3004,-161,0,10,-9.868,2250,2270,33,44
3005,901.7,-1523,24.933,-80.862,2348,2358,444,444
3006,1286,20,282,654.355,10741,11404,2899,3003
3008,-18.334,186.647,-4,10.34,1334,1308,33,33
3010,397,-6.596,0,1.073,1900,1948,3,3
3011,104,0,0,0,3582,3544,41,41
3013,-498.57,0,16,-22.365,13223,13379,165,146
3014,639.938,-92.966,85.642,2,2023,2075,3,14
3015,55,-21.965,-0.799,-1.084,1883,1914,21,20
3016,1037.6,0,6.118,383.228,4654,4630,394,366
3017,306.305,-1316.957,-0.764,96.56,5937,5810,448,401
3018,,,,,6,6,0,0
3019,-3180,0,-159.891,-273.043,13260,13156,107,112
3021,1,0,0,0,941,906,0,0
3022,71.484,0,0.114,-0.999,5217,5214,7,6
3023,-294,-104.105,-5.062,-32,2997,2912,11,12
3024,89,0,0,0,11034,11248,1,0
3025,-20,0,394.805,0,2948,3268,111,106
3026,292.634,-7,0,-13.626,3331,3331,10,9
3027,-128,0,2.108,0,4945,4874,31,23
3028,-820,0,-23,0,3659,3849,51,15
3029,-32,-0.745,21.135,2.558,3541,3557,19,20
3030,-25.99,0,-44.088,-188.002,6960,7406,117,125
3031,245,0,-4,0,2581,2584,2,2
3032,50,0,-0.214,-3.708,7400,7304,53,52
3033,-1743.85,-11.71,-348,121.76,5696,5871,188,126
3034,1697.113,-210.317,12.2,69.536,4539,3914,20,24
3035,1451.986,16,31,391.838,16939,16579,613,607
3036,2646.461,-2973.55,-14.997,-144.249,2466,2439,115,25
3037,-6411.257,161.002,217.203,-78.366,33433,32929,2043,2501
3038,-27,-2.425,0,0,1398,1392,0,0
3040,-35,0,-0.377,0,13530,13524,75,76
3041,108,0,-0.987,0,2982,3040,25,24
3042,980,-1164,-0.378,8.201,3808,3659,26,33
3043,15,0,0,0,1116,1111,0,0
3044,624.83,-845,-1.448,-91.198,6204,6312,67,69
3045,54.11,-169.281,24,-407.804,1166,1173,29,29
3046,62,0,-22.93,0,1313,1324,8,9
3047,66,0,-1,0,9774,9779,65,66
3048,-505.968,0,-2.102,30.221,7950,8052,156,185
3049,-554,0,31.554,3.991,1689,1696,0,0
3050,-78,0,0,0,4798,4923,82,75
3051,-1512,0,-30.91,0,2263,2206,3,3
3052,24,0,0,0,1097,1110,0,0
3054,4,0,0,0,294,256,0,0
3055,82,0,-1.658,-2.574,5828,5909,132,137
3056,518,0,45,1.94,5994,5998,42,42
3057,-168,0,-13,0,0,0,0,0
3058,18,0,0,0,1349,1369,0,0
3059,141.078,0,19,10.84,12648,12610,46,46
3060,1219.9,0,140.849,0,11806,8733,476,340
3062,94,0,0,0.98,13769,13653,178,178
3064,,,,,0,0,0,0
3066,2,0,0,-0.045,551,549,0,0
3071,53,0,0,0,1350,1365,2,2
3073,-1,0,0,0.029,770,772,9,9
3078,668,-1079,20,7.226,5798,5712,14,14
3081,225.05,0,-18.395,17,6384,6490,487,486
3083,15,0,0,0,1341,1299,1,1
3085,,,,,0,0,0,0
3086,-56,0,0,-2.94,843,833,26,29
3088,39,0,4,-1.31,3004,2997,1,6
3090,-905,507.793,-7.349,-650.987,7252,7006,122,181
3092,49.05,0,-1,4,1728,1613,249,249
3093,-10,0,0,0,1442,1429,0,0
3094,7,0,-5.188,0,1513,1411,3,1
3095,0,0,0,0,5,5,0,0
3105,2091.859,0,129.3,486.965,27670,27790,877,859
3114,-1,0,0,0,520,525,0,0
3118,,,,,46,47,0,0
3122,-1,0,0,-0.008,631,632,1,25
3128,134,0,0,0,2400,2338,11,9
3130,-11.993,0,0.151,0,13,13,0,0
3131,281.003,-11,18,20.285,628,673,12,12
3135,568.538,0,-8.348,0,,,,
3138,25.127,0,0,0,1331,1390,5,7
3141,246,0,0,6.359,4426,4359,20,9
3147,37,0,0,-9.234,1436,1423,2,2
3149,-232,0,-0.001,0,22197,22254,190,190
3150,6,0,0,5,67,77,0,0
3152,87,0,0,5.552,1101,1159,36,37
3158,-13,0,0,0,,,,
3162,312,0,-36,0,7017,6930,10,10
3163,-343.297,0,-2,3.436,11050,11235,1648,1745
3164,-2,0,1,0,198,199,0,0
3167,-1313.464,-895,-54.29,-4.788,6622,7004,659,751
3168,12,0,0,0,37,37,0,0
3169,96,0,0,-0.116,970,968,1,0
3171,-3,0,-1,0,480,480,0,0
3176,38,0,0,0,755,716,0,0
3178,-46,0,0,0,918,917,2,4
3188,54,0,0,0,2554,2550,41,41
3189,-899.653,3860,-667,-1077.497,23012,23803,986,1030
3191,4,0,-0.11,0,0,0,0,0
3205,20,0,0,0,1190,1200,79,79
3206,13,0,0,0,322,323,0,0
3207,-333,0,0,24.824,6327,6195,53,64
3209,209,-7.493,-0.36,0,2039,2038,0,0
3211,46.257,16,27.226,-153.849,4755,4880,489,508
3213,29,0,0,-2.129,2131,2137,7,7
3217,66.25,0,0,3.931,1867,1872,2,0
3218,61,0,0,1.254,583,585,0,0
3219,-144,0,0,17.888,1698,1668,36,33
3221,59,0,0,0,1784,1811,10,15
3224,-1,0,0,0,9213,9220,1,1
3226,,,,,19,19,0,0
3227,-436,89,6,-9.816,4771,4797,26,23
3228,-7,0,0,4,0,0,0,0
3229,-30,0,-2,0,0,0,0,0
3230,192,0,0,0,10758,10850,68,73
3231,14780.178,771.702,1865.669,1731.733,51234,50215,1891,1789
3232,8,0,0,0,2666,2670,0,0
3234,71,0,0,0.241,0,0,0,0
3236,-57,0,8,0.04,4267,4556,338,315
3252,,,,,12278,12278,0,0
3257,7,0,1,0,3316,3328,99,97
3259,-9,0,0,0.018,0,0,0,0
3260,1152.03,149,-20.6,-9.58,10488,11044,2567,2931
3264,-214.058,-156.869,170,838.26,15083,15403,878,896
3265,232.33,0,0,-24.213,3949,4174,97,66
3266,-3,0,2,0,548,548,0,0
3268,12,0,2,-0.012,1014,1033,0,0
3272,46,0,0,0,1332,1347,3,3
3276,17,0,0,0,701,692,1,1
3284,9,0,0,0,1098,1096,2,2
3285,-1,0,0,0,213,212,0,0
3287,-1,0,0,-0.226,1978,2032,0,0
3288,,,,,0,0,0,0
3289,-131,0,0,-0.54,5460,5527,13,13
3290,-34.97,0,8,-63.408,12123,12120,5,5
3293,270.199,32,3.4,24.961,3998,3968,4,4
3294,42.2,0,0,-9.571,8920,9011,338,360
3296,-24.9,0,0,0,2139,2111,10,10
3297,4,0,0,0.076,1508,1521,229,231
3303,-1,0,0,0,1564,1558,1,1
3305,81.849,0,0.084,-227.506,11206,11100,210,181
3306,13,0,0,0.744,1626,1614,4,4
3308,-41.9,0,0,0,541,484,39,53
3310,-2,0,0,-5,2357,2342,0,0
3311,90,0,0,0,4774,4772,0,0
3312,-405,0,0,2.07,6768,6603,36,24
3313,141,0,0,0,2132,2157,161,161
3317,151,0,0,-0.193,3459,3448,33,32
3321,141,0,-4,0,0,0,0,0
3322,189,0,0,0,9115,9117,26,76
3323,49,0,-0.067,-8.501,7732,7781,175,176
3324,-924.559,-116,-3.511,-27.645,4837,4948,559,565
3325,-44,0,0,0,2169,2169,0,0
3332,4,0,0,0,241,252,0,0
3338,72,0,0,0,2774,2751,1,1
3339,51,0,0,0.099,6238,6263,75,67
3346,21,0,1,0,2093,2093,0,0
3349,-158,0,0,0,,,,
3354,1,0,0,0,1636,1646,80,82
3356,87.87,0,-1,0,2404,2429,3,3
3357,-201,0,18,-271.893,2529,2350,1155,1096
3360,7,0,-20,-0.048,3135,3326,28,29
3362,52,0,0,-1.07,5440,5449,39,39
3363,-521.992,50,-4.283,-0.184,7121,7205,1078,1239
3372,687,0,0,10.781,388,425,0,0
3373,9,0,0,0,908,914,3,3
3374,5027.032,610,430.582,288.699,10485,9161,132,49
3376,-910.437,0,-43.155,-79.29,13224,14102,233,172
3379,-44,0,0,-0.569,2731,2735,75,79
3380,77,0,19.981,-136.884,5260,5288,26,24
3388,6,0,0,0,153,152,0,0
3390,133,0,0,-0.199,3961,3933,17,23
3402,22.827,0,0,-40.644,2125,2205,12,8
3406,318.352,-117,-5.7,14.49,2823,2879,40,49
3413,58,1,20,19.883,3923,3727,13,14
3416,53,0,-0.681,7.3,1443,1444,10,12
3419,28,0,0,0,2799,2799,0,0
3430,-98,0,0,0,1818,1785,10,9
3432,1,0,0,0,0,0,0,0
3434,23,0,0,0,2141,2149,2,2
3437,239,0,7.481,0,2247,2036,25,21
3438,-43,0,0,0,1081,1052,5,5
3441,26,0,0,0.041,2221,2220,31,31
3443,323.953,-142.288,-37.4,-28.891,5098,5471,269,278
3444,3.05,0,15,0,1185,1190,63,63
3447,37,0,-0.063,0,3719,3699,12,13
3450,143.16,-6,51.707,-1.524,19377,19832,675,722
3454,-4,0,0,0,383,390,3,3
3455,-436.668,0,-3,-0.094,3974,4003,89,104
3465,,,,,353,353,0,0
3466,100,0,0,15,11441,11465,223,223
3467,-5,0,-0.031,0,123,121,0,0
3479,-101,0,0,12.632,1140,1165,0,0
3481,-19378.948,-122.296,182,1832.425,207474,212987,23133,33816
3483,-12,0,0,0.128,5222,5284,31,28
3484,26,0,0,-0.113,1935,1916,16,16
3489,6,0,0,0,1087,1103,0,0
3490,143,0,0,0,1771,1756,4,1
3491,-431.992,-32,1.719,-98.859,3879,3804,340,343
3492,24,0,-4,0,782,795,0,0
3494,-7,0,1.132,0,0,0,0,0
3498,63,0,0,0.541,2226,2246,133,132
3499,-19.95,0,0,0.189,0,0,0,0
3501,23,0,0,0,440,447,0,0
3504,-30,0,0,0,1944,1955,124,124
3508,4,0,0,0,0,0,0,0
3511,139,0,0,-0.11,2593,2581,12,11
3512,-2,0,0,0,497,496,0,0
3515,-13.038,-1,0,6.66,1662,1652,19,19
3516,1,0,0,0,8553,8550,0,0
3518,82,0,0,0,3757,3794,43,43
3520,83,0,0,0,2485,2474,1,2
3521,53,0,0,-0.125,517,382,0,0
3522,7,0,0,0,0,0,0,0
3523,1,0,0,0,0,0,0,0
3526,-19.995,66,-3,10.145,1295,1282,19,18
3527,12,0,0,0,1313,1319,0,0
3528,46,0,-0.475,0,1900,1954,19,19
3529,299.089,-11,3,6.812,1644,1650,11,13
3530,245,0,-2.548,0,1637,2132,47,18
3531,0,0,0,0,105,100,0,0
3532,1576.19,0,159,42.648,4073,3811,254,38
3533,76.104,-50.187,6.35,102.725,1216,1227,10,8
3535,306.1,0,10.221,0,10505,10838,1823,1852
3537,-102,0,0,0,1544,1514,44,44
3540,33,0,0,-0.09,1095,1089,0,0
3541,-1,0,0,0.001,525,526,0,0
3543,75,0,0,35,5370,5155,109,83
3545,-631,5,0,-1.909,4783,4695,97,63
3546,-55.95,0,0,1.246,3353,3264,8,8
3548,120.599,0,0,0.49,4709,4690,29,29
3550,115,0,-1.098,0,12917,12714,57,56
3551,-202,0,-66,-44.208,1899,2142,35,45
3552,59,0,2,0.079,1161,1176,7,8
3555,-36,0,0,0,678,679,0,0
3556,14,0,0,0,329,334,0,0
3557,22,0,0,0,500,500,0,0
3558,7,0,0,-0.809,1738,1763,1,2
3563,-422.8,327,0,-100.48,5927,5980,31,32
3564,66,0,0,4.66,1148,1170,2,2
3567,-4,0,0,0,789,775,0,0
3570,5,0,0,0,29,28,0,0
3576,2081.95,0,43.432,0,0,0,0,0
3577,-28,0,0,-0.262,1512,1515,2,2
3580,363.302,0,0,-0.566,3225,3092,54,44
3581,189,0,0,0,3304,3328,130,134
3583,-316.98,0,-35.3,-8.839,2495,2483,11,12
3587,16,0,-10,2.243,2168,2161,8,8
3588,328,0,0.197,0,1333,1337,11,11
3591,160,0,-0.067,0,21553,21558,0,0
3592,885,-215.402,1.104,5.091,1330,1318,7,9
3593,,,,,0,0,0,0
3594,13,0,0,0.211,3681,3693,4,2
3596,-98.2,0,0.639,1,901,916,3,4
3597,-3,0,0,0.009,1541,1539,0,0
3605,-252.005,0,0,-0.355,7148,7186,25,26
3607,217,0,0,0,2888,2925,1,1
3609,2,0,0,0,966,963,0,0
3611,-10,0,0,0,204,208,0,0
3615,-1002,0,0,-0.27,3345,3389,30,27
3617,81,-310,-2,0.49,1736,1684,5,6
3622,35,0,0,0,1779,1810,4,4
3623,3,0,0,0.849,649,608,11,63
3624,-622,0,43,-69.248,6736,6435,344,268
3625,151,0,0,-0.343,0,0,0,0
3628,-130,0,0,-0.151,1713,1675,32,31
3630,-479,0,0,50.494,4180,3873,46,20
3631,18,0,0,0,988,990,0,0
3632,,,,,0,0,0,0
3645,74,0,0,-3.767,8659,8635,50,50
3646,-11,0,0,0,1436,1435,0,0
3652,-1,0,1,0,1174,1184,2,2
3653,-52.223,-380.3,-7,-60.841,2561,2477,78,76
3661,-440.791,125.816,-35.4,-24.956,5537,5519,68,75
3663,126,0,0,-191.195,4388,4539,107,127
3664,,,,,0,0,0,0
3665,-713.792,-1237.002,-87.512,9.779,3296,3259,149,171
3666,-30,0,0,0,1295,1289,0,0
3669,-1,0,33.612,0,956,993,10,0
3672,-1,0,0,0,0,0,0,0
3673,877,0,4,22.113,10167,10165,45,45
3675,78,0,-1,4.704,1822,1730,10,10
3679,14,0,0,0,176,176,0,0
3680,-336.8,573,-0.8,-126.438,2536,2588,64,76
3684,1,0,-0.091,0,293,286,0,0
3685,-42,0,0,0,74,75,0,0
3686,119,0,0,0,0,0,0,0
3687,-16,0,1,0,1292,1288,160,160
3689,621.23,0,-51,-108.442,8977,9928,143,155
3691,-37,0,4,2.196,1578,1567,89,78
3693,-67.4,0,0,17.982,2413,2448,37,27
3694,203.1,0,0.369,-4.794,6551,6554,11,11
3701,306.11,0,1,-2,8608,8928,457,455
3702,-7.159,-1863,-29.854,-207.092,4984,5207,105,100
3703,-22,0,9.827,0,1686,1682,8,6
3704,575.2,0,11,0,7485,7719,151,152
3705,-1,0,3,0,705,704,3,3
3706,3061.9,18.5,-64,-67.43,40928,41288,693,655
3707,48,0,5,-115.912,14211,14251,2246,2477
3708,96.676,-4,-0.013,-19.302,8030,8039,106,106
3709,1592,0,12,-26.239,7833,7693,78,76
3710,26,0,0,0,0,0,0,0
3711,333.342,1141.864,-211,-436.949,7913,9317,578,586
3712,208,0,0.144,0,4021,4023,62,62
3713,-5,0,0,0,,,,
3714,1514.72,0,20.169,0,15360,15312,139,162
3715,-971.986,-713,-130,-59.765,39433,38975,138,151
3716,10,0,0,0,757,769,0,0
3717,284,0,-12,0,6807,6906,8,7
4102,-2,0,0,0,179,179,0,0
4104,58,0,0.365,0,112,104,0,0
4105,41,-1,0,1.545,888,895,2,2
4106,-1,0,-0.331,0,463,463,0,0
4107,-15,0,0,0.097,233,232,0,0
4108,0,0,0,0,0,0,0,0
4109,40,0,0,0.668,4030,4029,0,0
4111,14,0,0,0,907,905,0,0
4113,7,0,0,-1.005,13638,13633,20,21
4114,-699,0,0,-76.329,2369,2318,1,1
4116,8,0,0,0,228,218,0,0
4119,97,0,-1,0.066,453,452,6,6
4120,10,0,0,0,775,775,0,0
4121,0,0,0,0,5396,5395,1,1
4123,85.69,0,55.8,1,7941,8037,267,281
4126,-59,0,0,0,781,765,0,0
4127,-5,0,0,0,285,291,4,4
4128,729,0,2,0,8091,8146,3,3
4129,45.45,0,0,25.935,899,904,4,4
4130,289,0,-4,0,5267,5189,30,32
4131,-11,0,0,0,,,,
4133,4,0,0,0,741,760,0,0
4137,75,0,0.008,0,1137,1143,0,0
4138,0,0,0,0,58,61,0,0
4139,0,0,0,0,1296,1296,0,0
4142,914,0,0,0,6520,6878,45,45
4147,379,0,0.269,0,9529,9468,36,36
4148,3,0,0,0,467,467,0,0
4153,0,0,0,0,3507,3509,0,0
4155,55,0,0,0,592,593,0,0
4157,-1731,0,-10,0.806,6517,6606,74,55
4160,7,0,0,0,68,68,0,0
4161,-3,0,0,0,975,968,0,0
4162,209,0,0,0.857,3215,3219,3,3
4163,1,0,0,0.06,39,42,0,0
4164,-145.87,0,1.628,0,6262,6270,5,5
4166,75,0,0,0,,,,
4167,135,0,0,13.212,8435,8462,0,0
4168,50,0,0,0,429,429,0,0
4171,-21,0,0,-0.047,767,752,37,37
4173,20,0,0,0,495,495,0,0
4174,108,0,0,0,3467,3472,12,12
4175,-3,0,0,0,36,36,0,0
4188,-2,0,0,0,,,,
4190,0,0,0,0,375,375,0,0
4205,8,0,0,0,22,22,0,0
4207,-4,0,0,0,748,749,1,1
4303,104,0,0,0.622,8847,8860,37,38
4304,,,,,0,0,0,0
4305,,,,,4,4,0,0
4306,846,0,0,0,4005,3998,1,1
4401,2,0,0,0,1016,1015,0,0
4402,-9,0,0,0,,,,
4406,-1,0,0,0,457,462,1,1
4413,0,0,0,0,197,189,0,0
4414,81,0,3,0,561,569,45,45
4416,-4,0,-5,0,240,233,0,15
4417,11,0,0,0,225,234,0,0
4419,-1,0,0,0,,,,
4420,-3,0,0,-0.183,174,174,0,0
4426,20,0,1,0,1056,1048,0,0
4430,,,,,115,115,0,0
4432,5,0,0,0,509,508,0,0
4433,-4,0,0,0,158,158,0,0
4438,13,0,0,0,651,651,6,6
4439,1,0,0,0,454,454,15,15
4440,13,0,0,0,322,322,0,0
4441,14,0,0,0,,,,
4442,-3,0,0,0,108,107,1,1
4502,10,0,0,0,865,866,0,0
4503,0,0,0,-0.391,2689,2689,7,6
4506,6,0,0,0,4,4,0,0
4510,-125,0,0,-1.376,7344,7357,643,642
4513,29,0,0,0,3060,3059,17,17
4523,-32,0,0,-0.001,1232,1197,0,0
4526,-176,0,0,0.945,8620,8621,208,223
4527,1,0,0,0,216,216,0,0
4528,-3,0,0,0,150,144,0,0
4529,,,,,0,0,0,0
4530,,,,,0,0,0,0
4532,241,-28.524,-1,4,4403,4441,27,27
4533,368,0,0,11,8090,8070,13,13
4534,25,0,0,-0.659,0,0,0,0
4535,1,0,0,0,133,133,0,0
4536,-14,0,0,0,549,546,0,0
4538,-1,0,0,0.033,329,329,0,0
4540,-720,0,-0.727,0,4650,4677,55,36
4541,3,0,0,-1.363,5020,4999,14,16
4542,27,0,0,0,3234,3207,186,185
4543,-15,0,0,0,1460,1450,7,6
4545,-199,0,-0.999,0,1732,1648,11,6
4549,18,0,0,-0.308,1243,1263,0,0
4550,1,0,0,0,250,250,0,0
4551,23,0,7.019,1.849,2250,2249,15,17
4552,15,0,1,0,1595,1611,4,4
4554,-7,0,0,0,13,13,0,0
4555,-2,0,1.011,0,3069,3058,233,233
4556,1,0,0,0,500,502,0,0
4557,33,0,0,0,686,685,0,0
4558,22,0,0,-0.045,404,405,0,0
4560,4,0,0,0,123,123,0,0
4561,10,0,0,0,2135,2130,28,29
4562,-1400.614,0,-2.171,0,3495,3791,282,409
4563,-15,0,0,-1.141,2374,2375,24,23
4564,293,0,0,0,7801,7781,33,32
4566,48,0,0,0.128,5815,5834,4,4
4568,-1,0,0,0,44,44,0,0
4569,0,0,0,0,780,781,0,0
4571,3,0,0,0.131,1931,1949,2,1
4572,-16,-17,0,0,330,330,2,2
4576,-10,0,-0.248,-3.187,3257,3281,43,43
4577,82,0,0,0.207,1773,1777,84,74
4580,3,0,0,0,182,180,0,0
4581,2,0,0,0,66,66,0,0
4583,-6.73,0,0.292,0.027,2487,2482,90,90
4584,1,0,0,0,,,,
4585,-48.2,0,0,1.459,,,,
4588,10,0,1,0,272,265,0,0
4609,,,,,0,0,0,0
4702,-16,0,0,-0.292,2679,2675,0,0
4706,-1,0,0,0,208,208,0,0
4707,163,0,0,0,2508,2452,0,0
4711,-1,0,0,0,313,316,0,0
4714,332,0,0,0.044,7624,7693,5,5
4716,144,0,0,0.531,8849,8823,254,194
4720,401,-2.538,0,0,3634,3248,40,25
4721,198,0,0,4.927,1636,1647,1,1
4722,-52.395,-3,7.001,0,17279,17267,636,676
4726,41,0,0,0,905,930,0,0
4728,,,,,1830,1830,0,0
4729,-165,0,0,-0.172,2501,2437,81,85
4735,-1,0,0,0,227,234,0,0
4736,56.042,0,0,0,254,256,0,0
4737,-7,0,0,0,618,616,0,0
4739,1145,-21,9,53.545,1384,1494,55,25
4741,-23,0,-1,0.04,622,570,4,4
4743,1426.061,0,13.758,-0.05,10454,10123,183,149
4744,-141,0,0,0,4066,4090,4,4
4745,83,0,9,0,798,839,1,1
4746,70,0,-1,0.448,2299,2359,0,0
4747,0,0,0,0,1287,1283,0,0
4749,-16.95,79,-7.255,-24.04,2864,3006,131,146
4754,-2,0,0,0,120,120,0,0
4755,98,0,-41,0,698,742,0,0
4760,-422,0,29,-113.393,1577,1702,13,15
4763,-755.26,-170.662,0,-75.024,46509,45876,773,779
4764,-599,0,4.813,0,4346,4233,261,256
4766,30,-10,0,0.626,1324,1338,0,0
4767,0,0,0,0,15,14,0,0
4768,-20,0,5,18.099,3588,3308,706,671
4770,-217.004,0,0.158,70.806,1211,1220,11,11
4771,20,0,0,0,570,576,0,0
4772,1010.005,0,13,27.789,4059,4123,81,84
4804,,,,,0,0,0,0
4806,,,,,0,0,0,0
4807,-1,0,0,0,518,516,1,1
4903,-241,0,0,0.117,4132,4249,102,133
4904,-838.672,377.101,7.976,-33.674,167,191,1,1
4905,,,,,74,73,0,0
4906,881,-27.139,5,-7.261,13500,13537,125,125
4907,4,0,0,0,233,230,0,0
4908,11,0,0,0.205,3452,3503,31,33
4909,-191,0,0,-3.872,6027,6109,2898,2937
4911,5,0,0,0,206,204,0,0
4912,37.051,0,0,0,3623,3670,8,12
4915,-1701.26,1292.817,-0.171,11.823,2235,2283,9,7
4916,81,0,0,-4.441,11295,11359,223,227
4919,17,10,1.621,12.156,6297,6314,56,52
4923,-5,0,0,0,388,388,0,0
4924,-1,0,0,0,0,0,0,0
4927,-4611.473,0,-15.172,0,34292,34337,1553,1237
4930,1,0,0,0,3287,3282,0,0
4931,-98,-120,4,119,9529,9614,1475,1486
4933,86,0,0,0.904,1080,1081,4,4
4934,39,0,-11.03,0,0,0,0,0
4935,12,0,0,0,685,668,1,1
4938,8758.411,-8046.727,-6,-256.145,6773,6665,9,14
4939,47,0,0,0.076,6133,6166,659,687
4942,10,0,0,0,1060,1060,0,0
4943,,,,,0,0,0,0
4946,13,0,0,0,,,,
4949,129,0,0,0,3329,3344,37,35
4950,0,0,0,0,,,,
4951,32,0,0,0.791,742,753,0,0
4952,25,0,-0.179,0,1431,1439,0,0
4953,809,0,-2,17.925,981,1068,2,0
4956,182,0,0,0,5932,6013,76,134
4958,-1061.851,36.122,32,141.309,11802,11509,117,101
4960,-714,0,1.995,0,11781,11624,1,1
4961,-322,-551,2,-41.024,2244,1848,36,33
4966,184.628,411,1.679,110.568,4427,4454,50,49
4967,-3707.37,-47,-1.902,-10.8,12535,12345,1940,1872
4968,41,10,7,4.311,5922,5954,48,49
4971,-964.875,0,24,-14.407,6595,6495,722,755
4972,11,0,0,-0.663,101,102,0,0
4973,894.25,0,0,1.829,3908,2902,92,83
4974,68,0,0,8.596,1691,1706,0,0
4976,92,0,0,0,4667,4667,35,38
4977,-370,0,5,-10.583,9490,9600,195,194
4979,-1711.945,-395,35,89.25,14956,15353,1485,1997
4987,,,,,177,176,0,0
4989,283,0,-0.487,0,12169,12281,1019,1008
4991,-154,0,20,47,10733,10859,376,415
4994,0,0,0,0,1756,1744,0,0
4995,6,0,0,0,1860,1857,0,0
4999,3,0,-0.535,0,330,405,0,0
5007,-3,0,0,0,1,1,0,0
5009,1785.89,0,32.676,48.113,6552,6350,81,80
5011,123,0,0.677,0,3867,3920,0,10
5013,,,,,5,9,0,0
5014,23,0,0,1.235,3778,3669,1,1
5015,3,0,0,0,306,314,0,0
5016,,,,,128,121,0,0
5201,-79,0,0,0,7260,7259,11,13
5202,85,0,0,0,2507,2521,1,1
5203,-38,0,0.044,0.464,1890,1813,0,0
5206,-3,0,0,0,740,742,0,0
5209,14,0,0,0.2,41,40,0,0
5210,49,0,0,0.007,0,0,0,0
5211,,,,,254,254,0,0
5212,-2,0,0,0,56,56,0,0
5213,58,0,0,0,2985,2949,45,45
5215,7,0,0,0,841,842,0,0
5220,13,0,0,0,262,360,0,2
5222,-31,-118,0,14.434,1813,1809,20,20
5223,4,0,0,0,144,145,0,0
5225,10.05,0,0,0,2016,2019,40,40
5227,24,0,0,-0.011,66,64,0,0
5228,30,0,-0.078,0,323,290,0,0
5230,30,0,0,0,1787,1820,0,0
5234,-232.3,38,-54.905,-10.421,2510,2417,189,189
5236,26,0,0,-0.108,487,503,5,5
5243,313,0,-0.292,69.02,12669,12520,46,48
5244,-77.988,0,0,0,2562,2592,161,161
5245,-21,0,0,0.22,1165,1233,65,73
5251,17,0,0,0.492,2584,2578,153,167
5258,-1,0,0,-1.209,5553,5552,9,9
5263,-43,0,0,-50.253,3985,3994,30,29
5269,172.39,-0.109,6.9,96.259,2198,2152,20,7
5272,8,0,0,0.002,753,744,0,0
5274,-29.189,2.988,-9.3,4.295,108,135,13,13
5278,-48,0,0,0,1596,1618,0,0
5283,43,0,0,0,81,82,0,0
5284,-150.98,0,0.425,17.254,4909,4912,71,72
5285,38,0,0,0,2379,2385,0,0
5287,-9,0,0,0,96,96,0,0
5288,-56,40,-7.025,0,1440,1392,0,0
5289,703.564,-125,1,-160.522,3643,3712,164,175
5291,-2.95,0,-0.122,0,5005,5025,20,22
5292,40,0,-0.007,0,653,638,2,2
5299,51,0,0,0,266,267,0,0
5301,1,0,0,0,0,0,0,0
5302,41,0,0,0,0,0,0,0
5306,6,0,0,0,420,421,0,0
5309,-1320.985,-8,-13,-60.024,17537,17694,1565,1621
5310,,,,,0,0,0,0
5312,11,0,0,-0.347,632,632,0,0
5314,284.31,0,0,0.145,19793,19955,124,105
5315,223,0,0,0,2333,2346,1,1
5321,-11,0,0,0.056,1371,1367,24,31
5324,10,0,0,0,0,0,0,0
5328,354,0,0,0.613,5500,5515,516,520
5340,-1254,0,0,220.963,5886,5394,314,299
5344,2,0,0,0,0,0,0,0
5345,,,,,0,0,0,0
5347,11224.15,-9665.352,548,678.378,8263,5191,112,112
5351,2912.375,20,5,91,12838,14000,972,1807
5353,8,0,0,0.004,1299,1308,17,17
5355,4,0,0,-0.028,0,0,0,0
5356,-11,0,0,0,5304,5290,0,0
5364,1,0,0,0,439,437,0,0
5371,613,0,-48,-16.657,32055,32153,350,351
5381,376,0,0,0,0,0,0,0
5386,-5,0,0,1.564,2544,2648,55,62
5388,1049,-758,39.941,22.11,3541,3452,53,46
5392,-339.7,0,0,-47.183,9263,9600,268,192
5398,-4,0,0,0.031,3842,3847,1,1
5403,-3,0,0,0,67,67,0,0
5410,22,0,0,0.797,2398,2405,0,0
5425,806.463,0,217,81.924,7476,7653,37,41
5426,133,0,0,0.229,3672,3823,2,2
5432,16,0,-1,0.861,785,783,65,69
5434,130,116,-25.243,2.429,822,804,3,3
5438,45,0,0,0,1617,1661,6,6
5439,79.5,299,-14,-139.945,10717,11312,499,580
5443,-1035.15,0,5,-91.644,7264,7209,102,108
5450,2,0,0,0,1223,1185,4,4
5452,-463,0,0,-10.463,5296,5343,51,59
5455,-1,0,0,0,30,30,0,0
5457,-25,-12,25,9.148,4122,4102,1,1
5460,1,0,0,0.002,1324,1317,0,0
5464,-9,0,0,0,377,355,2,2
5465,10,0,0,0,1557,1555,8,8
5468,104,0,0,0,0,0,0,0
5469,645.6,0,13.483,121.907,22018,22442,342,351
5471,167,0,26,0,2058,2088,1,1
5474,37,0,0,-2.429,1245,1266,0,0
5475,39.8,0,20,-0.207,0,0,0,0
5478,-27,0,0,-0.176,476,475,10,10
5481,85,0,0,0,7028,6967,17,19
5483,-1700.661,3018.767,-137,69.57,10476,10459,0,0
5484,-162.877,0,-12.967,0,0,0,0,0
5487,-19,0,0,0,1530,1526,0,0
5488,0,0,0,-0.002,1610,1625,0,0
5489,19,0,0,0,1213,1209,0,0
5490,-57,0,0,1.002,1990,1948,2,2
5493,-3.8,0,18,0.731,1815,1889,22,13
5498,1230.973,0,21,55,649,650,0,0
5508,92,0,0,33.795,3133,3131,122,125
5511,114,0,-4,0,564,581,2,2
5512,207,0,0,0,5714,5755,0,0
5514,-1,0,0,0,78,78,0,0
5515,298,80,-8,0,1737,1687,29,28
5516,3,0,0,0,362,362,0,0
5519,45,0,3,0,1299,1297,6,6
5520,,,,,2,2,0,0
5521,-255,0,56.323,0,20125,18708,1057,761
5522,152,-250,25,0,1990,1962,25,39
5523,,,,,6,5,0,0
5525,0,0,0,0,334,330,0,0
5529,1,0,0,0,1804,1804,0,0
5530,-87,0,0,-0.551,3846,3849,16,16
5531,-383,0,2,0,3651,4022,0,0
5533,3,0,0,0,1001,934,0,0
5534,151,0,-12.025,12.998,3048,3045,32,34
5536,-1116.65,948,25,-35.62,2799,2809,32,39
5538,0,0,0,0,68,67,0,0
5543,,,,,9,9,0,0
5546,0,0,1,0,23,23,0,0
5548,0,0,0,0,50,53,0,0
5601,,,,,0,0,0,0
5603,-4,0,0,0,5092,5067,0,0
5604,6,0,0,0,110,110,0,0
5607,-30,0,-24,0,1393,1402,2,2
5608,1670,0,-2,26.059,6269,6509,259,258
5609,106.402,0,0,0,95,99,1,1
5701,0,0,-0.001,0,0,0,0,0
5703,,,,,0,0,0,0
5704,-3,0,0,0,116,117,1,1
5706,73,0,0,0,873,873,0,0
5864,617,0,0,0,6939,7104,29,30
5871,1652.719,-1360.893,0,-13.748,6727,6824,83,82
5876,-2096.37,-3.255,0.437,-599,2009,1847,37,37
5880,-9959.481,-99.704,-2.189,215,1195,1058,2,2
5902,-6,0,0,0,5875,5855,0,0
5903,6.005,-54,11,0,22,22,0,0
5904,-148.991,128,0,-2.485,214,219,3,3
5905,348,0,0,0.827,4300,4293,0,0
5906,1,0,4,0,278,278,0,0
5907,-36,0,0,0,3398,3374,0,0
6005,7342.923,-2478.257,0,0,1902,1713,142,142
6015,27,0,0,0,1858,1813,31,31
6016,-336.1,0,0,0,1837,1703,17,9
6020,,,,,84,84,0,0
6021,54,0,0,0,472,466,0,0
6023,-16,0,0,0,279,335,0,0
6024,-18.334,0,0,0,247,227,1,1
6026,-768,0,0,0,2367,2257,0,0
6101,-2,0,0,0,8532,8537,0,0
6103,,,,,0,0,0,0
6104,-1,0,0,-4.267,5994,5930,79,82
6108,137,0,0,0,1376,1460,18,18
6109,-2,0,0,0,218,218,0,0
6111,-89,0,0,-28.116,2765,2762,25,26
6112,66,0,0,0.17,3686,3730,11,11
6113,-237,0,0,-1.577,1891,1897,10,9
6114,5,0,0,0,1250,1246,0,0
6115,45,0,0,-0.05,23,23,0,0
6116,-871,0,-66.5,0,53639,43203,2244,1573
6117,150,0,0.704,10,4628,4662,264,299
6118,6,0,0,0,2518,2523,11,12
6120,-1015.3,-21,-27.393,0.939,8193,8492,128,139
6121,283.316,-384.975,1,-0.924,411,416,2,2
6122,219,0,0,0,1288,1258,30,30
6123,9,0,0,-0.098,271,271,0,0
6124,-1,0,0,0,306,315,1,1
6125,-1362,0,-16,229.925,13217,12812,211,180
6126,-158,0,-6,204.346,3060,2178,49,48
6127,-927,0,0,-0.313,5424,5573,329,469
6128,33,0,-0.027,0,82,70,0,0
6129,100,0,0,-0.525,358,362,0,0
6130,-16,0,0,0,2665,2624,0,0
6133,104,0,-1,0,2840,2846,82,66
6134,-208,0,0,0,3883,4044,45,25
6136,-10,0,0,0,2930,2935,0,0
6138,-78,2,1,19.339,1251,899,19,18
6139,122.155,-11.077,60.559,63.66,4935,5261,150,154
6140,42,0,0,-0.454,2442,2472,11,11
6141,17,0,-1,0,796,798,0,0
6142,98,0,-2,0,0,0,0,0
6143,178.899,0,19,-4.947,12670,12892,88,89
6144,-3,0,0,0,0,0,0,0
6146,85.784,0,0,0,343,349,1,1
6147,2631,-1718.015,-66.2,25.285,4304,4206,18,21
6148,17,0,0,0.297,3309,3326,115,124
6150,-31,0,0,4.157,1928,1937,40,40
6151,42,0,0,0,1302,1299,0,0
6152,-353,0,-2.902,0,0,0,0,0
6153,1787,0,-1.155,0,13264,13789,620,575
6154,-1,0,0,0,215,212,0,0
6155,-586,0,-4,0,2897,2892,210,254
6156,253.9,0,0,-0.076,6512,6457,4,1
6158,8,0,0,0,961,944,0,0
6160,-24,0,0,-0.001,954,972,0,0
6161,79,0,0,0.213,730,768,0,0
6163,-89,0,0,-3.454,25867,25607,2167,2216
6164,116,0,0,0,4422,4384,50,40
6165,-229,0,-2,0,15973,15949,6,6
6166,244.981,0,0.869,13.254,3498,3552,20,20
6167,-217,0,-14.111,0,2872,3075,2,5
6168,295,0,-1,0,2263,2193,15,14
6169,0,0,0,0,32,32,0,0
6170,-75,0,0,0,3901,3881,9,9
6171,1,0,0,0,172,171,0,0
6173,-29.95,0,-43,-59.123,6851,7339,970,995
6174,1,0,0,0,374,399,0,0
6175,-177,0,0,-5.495,4596,4488,147,121
6176,1355,-1638.239,0.981,-46.961,2194,2217,8,7
6177,1028.688,-110,0,12.625,4198,4222,425,425
6179,-24,0,0,-0.462,12915,12887,187,203
6180,50.5,-254.389,0,0.254,1396,1366,113,114
6182,5458.305,0,186,1036.036,13005,14474,1468,1319
6183,-2,0,0,-0.002,16,16,0,0
6184,-8,0,0,0,570,564,4,4
6185,39,0,0,0,1362,1362,0,0
6186,-44,0,0,1.568,1160,1151,0,0
6187,-45.8,36,15,-3.956,3411,3339,141,145
6188,-860.15,1450,-27.628,-29.767,8351,8246,52,45
6189,182,0,0.168,29,2836,2907,21,21
6190,-636.999,0,0,-122.948,10363,10249,250,540
6191,-619.093,306,26,289.896,23882,23836,707,706
6192,38.555,0,-51,0,808,816,0,0
6194,49,0,0,0.025,2173,2201,3,0
6195,6,0,0,0,47,49,0,0
6196,10.72,40,23,44.471,4705,4300,118,119
6197,46,-573,1.314,54.53,4726,4717,21,39
6198,1,0,0,0,,,,
6199,243,0,0,63.868,2185,2159,35,5
6201,-2,0,0,0,29,29,0,0
6202,319,20,-0.216,4.377,3644,3603,37,35
6203,17,-10,0,-0.313,1136,1142,0,0
6204,-7,0,1,0,769,776,18,18
6205,-9.89,0,0,3,3300,3470,101,110
6206,359,-384.531,0,0.277,3223,3218,14,14
6207,-222,0,0,-7.823,4435,4572,188,191
6208,4,0,0,0.184,897,905,0,0
6209,-532,0,-68.668,16,16310,15957,3418,3410
6210,-5,0,0,0,145,145,0,0
6212,,,,,25,25,0,0
6213,-2171.88,0,34,-61.969,20399,20762,517,525
6214,-298.338,0,-0.072,-0.775,4556,4541,8,9
6215,-225,0,-15.355,-13.07,5980,5930,426,428
6216,36,0,0,0,696,692,10,10
6217,2331,0,0,96.572,10809,10708,203,180
6218,28,0,0,0,1349,1305,21,21
6219,-32,0,0,0,5109,5092,0,0
6220,47,0,0,0,858,853,14,14
6221,-13,0,0,-0.6,2974,2958,6,7
6222,-1,0,0,0,52,52,0,0
6223,-139.834,16,7.025,-1.047,1328,1310,138,139
6224,-44.92,0,0,0,763,751,0,0
6225,0,0,0.009,0,0,0,0,0
6226,17,0,1,0,0,0,0,0
6227,78,0,0,4.655,3192,3197,18,18
6228,7,0,0,0.224,152,152,7,7
6229,9,0,0,0,810,824,1,1
6230,-3,0,-0.515,0,371,368,1,1
6231,125,0,0,42.277,3096,3098,5,5
6233,108,0,0,0,3634,3808,70,86
6234,462.2,0,0,-0.001,2762,2910,74,76
6235,241,-7,0,-10.001,5416,5388,69,66
6237,72,0,0,-0.864,3699,3695,20,19
6239,-1815.894,999,-75,-403.062,13044,12666,234,248
6240,,,,,1040,1040,0,0
6241,-16,0,0.525,0,0,0,0,0
6242,2,0,0,0,,,,
6243,172,0,-0.46,0,1837,2002,33,34
6244,2889,0,-3,56.66,11003,10605,393,321
6245,47,0,0,0.711,2693,2690,3,3
6246,-1,0,0,-0.001,686,688,0,0
6248,24,0,0,0,1184,1185,0,0
6257,-110.041,-710,-3.941,105.512,11298,11342,220,210
6259,-1,0,-0.292,0,471,474,0,0
6261,-196,0,0,0,1745,1538,2,0
6263,2,0,0,0,231,231,0,0
6264,-3,0,0,0,0,0,0,0
6265,1458,0,0,-3,7982,7485,1273,1352
6266,-12,0,0,0.18,810,797,3,3
6269,418.03,0,-8.12,-13.199,3998,3917,199,201
6270,41,0,0,0,1782,1723,7,0
6271,247.65,0,-0.1,22.859,5221,5267,18,18
6272,14,0,0,0,,,,
6274,580.512,-1567.4,-147.436,-61.664,8629,8722,1717,1741
6275,155,0,0,4.749,1857,1867,18,18
6276,20,0,0,-0.097,507,510,0,0
6277,27,0,0,-0.391,279,268,0,0
6278,612,-674.501,-10,4.465,3487,3477,32,32
6279,75,-40,3,-0.373,3516,3557,6,5
6281,1,0,-4,0,6,6,0,0
6282,543.59,-21,223,-592.373,30383,30481,538,539
6283,68,0,-1,0,2542,2570,13,10
6284,485,0,0,6.595,4760,5082,55,78
6285,-2362.562,0,143.88,-73.016,9296,9232,32,126
6290,-1536.99,0,-536,-107.212,16173,16424,319,344
6291,27,0,0,7.996,2768,2775,53,49
6292,1,0,0,0,123,122,0,0
6294,1,0,0,0.149,132,129,0,0
6405,67,0,0,0,3244,3384,125,119
6409,37.54,-2.048,8.833,-13.163,1491,1667,9,9
6411,108,0,0,0.117,1772,1792,7,7
6412,1038,-1110.095,0.505,8.937,1528,1519,6,6
6414,124.5,8,0.19,24.46,1445,1330,54,54
6415,157.645,0,-4,427.334,7437,6166,110,47
6416,-14,0,0,0,2796,2776,1,1
6417,26,0,0,0,2670,2676,1,1
6418,-10,0,0,0.435,1655,1495,64,66
6419,-28,0,0,0.09,361,359,0,0
6423,-1,0,0,6,92,85,0,0
6425,-206,0,-0.407,0.502,5121,5077,418,432
6426,209.442,0,0.121,0,2383,2524,79,83
6431,-144,0,-1,0,0,0,0,0
6432,-65,0,-0.111,0,1640,1691,205,234
6435,384,0,-2,15.052,893,915,0,0
6438,-24.95,0,0,-0.043,4859,4864,31,31
6441,-21,0,0,0.252,976,981,1,1
6442,-35.938,12.967,48.731,3.315,5043,4960,371,370
6443,13441.98,0,260.968,153.834,25389,20268,3068,2786
6446,396.291,-14,13.766,-1,7586,7388,20,17
6449,-186,0,-42.779,-21.437,2750,2794,80,80
6451,-119,0,0,-7.277,4839,4877,37,39
6456,139,0,-0.001,2,3909,3928,21,20
6461,-127,0,0,-0.597,0,0,0,0
6462,-5.99,10,0,-2.988,5629,5666,301,304
6464,2,0,0,0,1,1,0,0
6465,0,0,0,6.628,0,0,0,0
6469,211,0,0,9.026,610,610,25,17
6470,27,0,0,0.002,1105,1101,0,0
6472,149.025,-37.292,8,32.379,3764,3615,60,61
6474,-6,0,-6,0,,,,
6477,108,0,-1,0,3643,3640,158,158
6482,0,0,0,0.668,28,29,0,0
6485,404.8,0,17,21.12,3181,2882,158,112
6486,-35,0,0,0,396,395,0,0
6488,-624.813,2873.593,262,373.184,4936,4508,99,66
6491,79,0,0,-0.004,773,805,0,0
6492,132,0,0,-0.008,962,969,4,4
6494,0,0,0,0,850,846,0,0
6496,1,0,0,0,27,27,0,0
6498,-111.9,0,0,-1.26,93,31,0,0
6499,34,0,0,-0.27,7524,7610,19,21
6504,3,0,0,0,40,40,0,0
6505,1744.507,-8.857,-16.033,77.378,5355,5216,149,156
6506,-1,0,0,0,382,368,0,0
6508,-1,0,0,0,86,85,0,0
6509,76,-17,16,0,3085,3076,26,26
6510,-86.998,56,-7.08,-5.106,325,349,41,42
6515,167.136,52,2,0.658,635,729,160,167
6516,29,0,0,0,790,788,0,0
6517,26,0,0,0.032,2370,2381,14,15
6523,0,0,0,0,74,78,0,0
6525,65,0,0,0,876,861,1,1
6526,58,-33.941,0,1.158,1106,1101,0,0
6527,-6,0,0,0,,,,
6530,100,0,0,-0.009,2832,2872,29,31
6531,162.978,-5,-25.894,-144.32,7085,7930,357,399
6532,14,0,0,0,1995,2003,1,1
6533,130.97,5,0,-4.518,2084,2094,18,20
6534,-5,0,0,0.012,2550,2552,0,0
6535,-5,0,0,-0.944,,,,
6538,76,-0.776,0,-3.209,767,773,1,1
6541,-30,0,-0.085,0,3594,3608,0,2
6542,-1,0,0,0,99,99,0,0
6546,89,0,0,0.033,4954,4942,7,7
6547,144,0,0,22.274,6114,6137,57,63
6548,-2932.95,2557,0,6,7309,7553,64,63
6550,72,0,0,0,0,0,0,0
6552,-50,0,0.001,0,1444,1445,0,0
6558,16,0,5,0,4515,4637,144,146
6560,18,0,0,-0.846,130,131,0,0
6561,-94,78,0,1.18,485,485,0,0
6568,-20,0,0,-2.971,1015,1009,18,18
6569,15,0,0,0,284,288,0,0
6570,3,0,0,0.001,661,665,0,0
6573,23,0,1,0,0,0,0,0
6576,-23,0,0,0,,,,
6577,7,0,0,0,146,146,0,0
6578,6,0,0.001,0,795,795,5,5
6579,-55,0,-1.003,0,572,578,0,0
6581,1,0,0,0,23,23,0,0
6582,3,0,1,0,371,368,0,0
6584,-152.85,310,14,-0.097,1759,1848,202,205
6585,22,0,0,-0.015,1435,1441,2,2
6588,-60,0,0,0,2244,2198,40,44
6589,268,0,0,0,3383,3352,71,70
6590,-2,0,0,0,,,,
6591,-2,0,1,0.376,2635,2659,18,17
6592,-123.965,0,-10.318,0,615,627,0,0
6592A,0,1,0,0,,,,
6592B,0,1,0,0,,,,
6593,47,0,0,0.579,635,646,0,0
6596,148,0,1,0.12,1227,1233,31,30
6598,4,0,2,0,0,0,0,0
6603,247,0,0,1.011,6698,6741,179,181
6605,-7,0,0.095,5,2047,2040,2,2
6606,-2,0,0,0,679,668,0,0
6609,56,0,0,-0.031,2009,2039,8,8
6612,7,0,1,0.029,383,384,0,0
6613,47,-5.201,0,-0.7,432,436,0,0
6614,14,0,1,0,,,,
6616,0,0,0,0,386,386,0,0
6617,10,0,0,0,96,94,0,0
6620,43,0,0,0,,,,
6624,14,0,-0.219,0,333,333,83,83
6625,-38,0,-1,0.094,1496,1483,5,5
6629,0,0,0,0,1754,1767,0,0
6637,2,0,0,0,10,5,0,0
6640,-116,-2,11,3.392,290,305,0,0
6641,3,0,0,0,156,158,0,0
6642,4,0,0,0,1405,1397,0,0
6643,200.9,0,7,86.785,2553,2637,97,60
6645,-13,0,0,10.306,18,18,0,0
6649,-8,0,0,0.01,1480,1480,33,33
6651,37,0,0,0,1382,1286,0,0
6654,2,0,0,0,2503,2496,0,0
6655,-3,0,0,0,0,0,0,0
6657,18,0,0,0,1903,1901,0,0
6658,1,0,-0.07,0,2618,2584,32,33
6662,1,0,0,0,,,,
6664,18.974,0,0,1.313,1392,1432,6,7
6666,0,0,0,0,220,221,0,0
6667,42.105,0,0.3,-3.089,2178,2202,9,9
6668,76,0,0,0,3366,3416,15,14
6669,152.095,48.719,19,-9.97,1997,1977,74,74
6670,109,-7.623,9,0,609,612,31,31
6671,-10,0,0,-2.19,32,32,0,0
6672,148,0,0,0,3712,3784,5,5
6674,-4,0,5,0,309,297,0,0
6679,83,0,-1,-2.169,1363,1365,5,4
6683,-80.98,-20,0,-16.838,675,679,2,0
6684,46,0,0,-0.019,1853,1875,29,29
6689,71,0,0,0,1676,1674,0,1
6690,17,0,1,0.022,75,72,0,0
6691,-175.525,-42,-6.916,-60.879,2647,2630,8,8
6692,6,0,0,-0.143,397,399,0,0
6693,49,0,0,0.07,2175,2200,16,16
6695,137,0,-0.215,0,3086,3110,9,9
6697,2,0,0,0,38,38,0,0
6698,37,0,-0.445,0,1911,1897,32,13
6703,9,0,0,0,214,215,0,0
6706,577.2,0,-67.976,-45.657,12953,13437,900,968
6708,0,0,0,0,,,,
6712,-154.7,0,-0.029,-1.289,1029,1056,4,4
6715,10,0,-0.259,0,3139,3136,2,2
6716,3,0,0,0,216,220,0,0
6719,31.05,-3,2,10.295,1184,1226,25,29
6720,26,0,0,0,363,310,0,0
6725,-14,0,12.584,1.828,,,,
6727,52,0,-33,25,,,,
6728,0,0,0,0,244,244,0,0
6732,64,0,0,1.032,574,613,16,16
6733,-90,0,0,0.072,,,,
6735,-22,0,0,0,652,665,0,0
6739,-21,0,-12.089,-12.623,,,,
6741,27,0,0,0,1815,1820,1,1
6742,-112.893,0,0,0,2303,2318,25,22
6743,39,0,5,0,999,999,6,6
6751,-1,0,0,-0.039,32,35,0,0
6752,-6,0,0,0.315,633,634,0,0
6753,197,0,-123,-20.083,5970,6005,62,62
6754,-2,-0.351,0,0,159,159,0,0
6756,133,0,0.149,0,734,745,17,8
6757,652.01,0,-4,10.087,5360,5373,428,433
6761,142,0,0,12.908,2448,2481,17,10
6762,0,0,0,0.182,,,,
6763,-2,0,0,-1.557,2753,2744,0,1
6768,301.3,-425.922,2,1.758,2793,2852,84,98
6770,-16379.09,3208,-2959.604,-2556.197,112414,134819,19911,24669
6771,-17,0,0,0,95,72,0,0
6776,-252,0,1,0,799,704,19,15
6781,-223.436,-152.5,-1.569,-23.475,2368,2303,24,24
6782,45,0,0,2,687,686,0,0
6785,-9,0,-2,0.787,1708,1702,10,9
6788,-78.9,0,-8,-29.556,4188,4362,320,341
6789,425.082,2,-5,-56.261,11292,11226,79,79
6790,-13,0,0,-0.31,369,361,0,0
6791,-1,0,0,0,47,46,0,0
6792,-3,0,0,0,282,283,0,0
6794,-11,0,-0.556,0,165,155,0,0
6796,-5.5,0,0,-12,207,200,29,24
6799,204,0,-1,0,2478,2468,1,0
6803,16,53,2,0,52,57,0,0
6804,-9,0,0,0,281,279,67,67
6805,48.898,-282,-2.991,-104.974,2190,2181,104,91
6806,-26,0,-0.001,0,5327,5301,502,488
6807,0,0,0,0,184,181,0,0
6811,13,0,0,-0.529,370,378,0,0
6821,1,0,0,0,388,393,0,0
6823,-42,0,-20,0,,,,
6829,3.001,0,0,-0.507,1100,1109,3,3
6830,33,0,15,7.478,2220,2215,51,51
6831,239.04,0,-9,0,,,,
6834,42,0,3.519,0,1663,1665,0,0
6835,-18,0,0,0,747,747,0,0
6838,-28,0,1,0,1668,1659,10,10
6840,15,0,0,0,205,137,0,0
6841,107,0,0,-0.493,2147,2187,1,1
6843,-1,0,0,0,405,405,0,0
6846,0,0,0,0,,,,
6854,200,0,13,-4.308,5231,5178,5,4
6859,12.005,0,0,0.088,865,867,3,3
6861,43,-1,0,0.439,595,583,1,1
6862,-91,0,0,-7.9,1080,1057,2,4
6863,77,0,0.848,-3,1227,1220,1,0
6865,8,0,0,0.27,758,759,0,0
6869,-99.92,0,0.35,-2,3269,3223,40,29
6870,-1.98,0,0,0.038,533,530,14,17
6873,-202,0,0,0.009,4041,4043,25,30
6874,0,0,0,0,3,3,0,0
6875,-2,0,0,-0.267,,,,
6877,-22,0,0,0.69,5867,5837,9,12
6885,-6,0,0,0,2221,2213,1,1
6887,-1,0,-0.13,0,347,344,0,0
6890,106,-21,20,9.056,3789,3786,67,62
6894,-4.85,0,0,0.004,74,69,0,0
6895,-25,0,0,2.972,1263,1282,205,176
6899,,,,,82,82,0,0
6901,318,0,0,0,2457,2503,6,4
6902,-7,0,0,0,366,366,0,0
6903,-108.2,0,1.746,-0.272,1875,1910,37,37
6906,-41,0,0,0,616,615,2,0
6909,-117,0,-0.074,0,863,774,0,0
6910,-24,0,-38,0,,,,
6913,-10,0,0,-3.073,1223,1239,9,9
6914,-28,0,0,0,401,420,0,0
6916,3,0,0,0,795,788,0,0
6918,-14,0,2,0,8,8,0,0
6919,206.95,-730.205,0,11,,,,
6921,-2,0,0,13,,,,
6922,10,0,0,0.216,28,29,0,0
6923,122,0,-0.08,11.768,2619,2611,2,2
6924,3,0,0,-3.932,,,,
6925,-2,0,0,0,100,98,0,0
6928,-6,0,-0.134,0,970,969,11,11
6929,1,0,0,0,,,,
6931,-3,0,0,0,274,338,0,0
6933,20,0,0,2.985,655,661,6,6
6936,1,0,0,0,77,82,0,0
6937,9.97,-1,0,-3.285,1543,1570,13,12
6944,100.457,17.871,-1,-28.866,1156,1105,5,5
6949,32,0,0,-0.606,3356,3350,312,274
6951,8,0,0,0,4,4,0,0
6952,1,0,0,0,38,39,0,0
6953,7.1,0,2,0,113,113,0,0
6955,1,0,0,0,,,,
6957,-33,0,14,0,1954,1954,4,4
6958,12,0,0,0,69,67,0,0
6958A,0,0,-60,0,,,,
6962,473,0,0,10.889,9057,9096,89,95
6965,-29.988,0,0,0,63,58,0,0
6967,-1,0,-1,0,279,287,2,2
6968,4,0,0,0,199,189,0,0
6969,1,0,0,0,,,,
6971,11,0,0,0,,,,
6982,25,0,0,0,365,355,28,22
6988,0,0,1,-1,,,,
6994,-115,0,0,-0.079,1716,1705,97,96
6996,100.983,0,0,0,211,179,0,0
7402,-52,0,50,0.414,4646,4689,55,58
7547,-7,0,0,0,,,,
7556,-3,0,0,0,43,44,0,0
7584,4,0,0,0,0,0,0,0
7610,119.05,0,0,-0.021,,,,
7631,-1,0,0,-6,,,,
7642,3,0,-0.045,0,14,16,0,0
7703,-15,0,1.564,-3.845,430,426,0,0
7704,2,0,0,0,46,57,0,0
7705,-3,0,0,0,105,105,0,0
7711,-3,0,0,0,,,,
7712,30,0,0,0,496,504,0,1
7713,-3,0,0,0,,,,
7714,-5,0,0,0,412,432,1,1
7715,27,0,0,0,90,91,0,0
7717,0,0,0,0,,,,
7718,1,0,0,0,9,9,0,0
7721,-6,0,0,0,,,,
7722,5.289,0,0,-0.458,585,585,0,0
7723,94,0,0,0,79,87,0,0
7728,11,0,0,11,629,639,64,89
7730,8.003,0,0,1,,,,
7732,0,0,0,0,4,4,0,0
7734,-9,0,0,-0.876,85,77,1,1
7736,-2,0,0,0,8,5,0,0
7738,-4,0,0,0,,,,
7740,-7,0,0,0,151,146,1,0
7743,-1,0,0,0,,,,
7744,-10,0,1,2.364,,,,
7747,-1,0,0,0,,,,
7749,1,0,0,20.849,408,357,0,0
7750,-29.99,0,-3,0,,,,
7751,-53,0,-25,1.959,,,,
7753,-3,0,0,0,,,,
7757,33,0,0,0,,,,
7765,1,-0.903,-0.003,0,,,,
7769,279.154,139.95,-0.929,-2,,,,
7770,2,0,0,0,,,,
7777,-93,0,0,2,,,,
7780,47.2,0,-0.02,0,,,,
7782,1,0,0,0,,,,
7786,47,0,0,0,,,,
7788,-19,0,0,0,,,,
7791,-14,0,-1,0,,,,
7799,119,0,0,0,,,,
7805,-13.029,0,0,0,,,,
7810,-6.8,0,0,0,,,,
8011,378,0,1,0,5222,5222,8,8
8016,629,-393.344,-0.037,13.12,1784,1847,2,1
8021,798.481,-41,46.699,0,15607,12966,90,1145
8024,-2,0,0,0,324,324,0,0
8027,-489.3,0,0,27.515,7642,7762,1017,1115
8028,-198.698,283,10,-122.562,9322,10047,1976,2089
8032,12,0,0,0,852,859,0,0
8033,84,0,46.01,-1,10495,10596,790,791
8034,55,0,17,-0.291,4128,4082,162,142
8038,416,0,0,0.439,,,,
8039,546.919,-11,-93.359,401.471,16834,16785,885,758
8040,45,0,0,0,811,800,6,9
8042,155.976,0,-11,-144.582,3819,4179,482,513
8043,139.515,0,-3,-1.96,4197,4241,1856,1861
8044,145,0,0,0.446,2875,2866,86,83
8045,-322,0,0.222,-2.166,4995,4724,5,5
8046,-5068.361,1030.4,-53.1,-85.962,12549,11837,1276,1349
8047,-48,0,1,-0.278,17,17,0,0
8048,71,0,0,-0.032,3055,3099,23,27
8049,-41,0,0,-0.001,494,452,0,0
8050,132,0,0,0.154,2990,3021,49,47
8054,110.11,0,-0.288,-95.946,10467,11131,547,573
8059,169,0,0,4.238,0,0,0,0
8064,721,0,-27.962,-211.575,6671,7040,501,520
8066,-1,0,0,0,521,521,0,0
8067,0,0,0.001,0,,,,
8068,16,0,-10,-4,1811,1732,24,30
8069,-3052.984,-3.386,-52,27.979,7120,7014,70,39
8070,3115,-1098,0,97.105,7737,7931,5,5
8071,44,0,0,0,2894,2887,10,10
8072,50,0,-1,0,2076,2039,2,2
8074,-374,0,0,0.217,5810,5631,361,302
8076,137,0,0,8.312,9886,9827,2,2
8080,0,0,0,0.237,0,0,0,0
8081,-48.191,17,19.81,5.163,1172,1119,0,0
8083,13,0,0,0,36,37,0,0
8084,-13,0,0,0,,,,
8085,150,0,0,-0.007,2694,2719,57,57
8086,378.979,0,173.841,147.484,3852,4023,81,79
8087,-5,0,0,0,13,16,0,0
8088,1610,0,32,0.342,5704,6008,313,315
8089,121,0,0,0,3361,3356,345,391
8091,67,0,0,15,545,540,1,1
8092,-5,0,0,0,,,,
8093,,,,,0,0,0,0
8096,1008,0,0,274.537,13729,13169,154,126
8097,45,0,0,0.161,10125,10144,163,163
8099,-22,0,0,0,9353,9340,14,14
8101,0,0,0.108,0,0,0,0,0
8103,-942.815,188,1.292,0,5911,5637,23,22
8104,138,0,-45,0,4096,4099,15,21
8105,679.1,0,1.616,0,10835,10917,2385,598
8107,4,0,0,-0.036,2516,2558,8,8
8109,-6,0,0,5,678,680,0,0
8110,-1873.952,0,-88.194,-200.714,19737,18902,7615,7671
8111,-45,0,0,-51.783,12241,12401,527,593
8112,8048.94,-1835.348,1447.091,1393.587,26090,19059,1082,858
8112A,0,3,0,0,,,,
8114,771.5,90,1.695,6.1,1179,1141,7,7
8121,386.6,0,0,1.305,0,0,0,0
8131,518,0,-0.102,0.787,8769,9333,651,725
8147,-10,0,0,1.559,813,805,0,0
8150,4454,0,220.785,27.094,13634,15659,393,368
8155,-193.204,0,-6,153.308,5186,5045,903,918
8162,5,0,0,9.09,59,66,0,0
8163,115,-19.278,-0.333,0,1626,1638,2,3
8171,56,0,0,0.027,8420,8429,81,82
8176,0,0,0,-0.018,0,0,0,0
8182,-10,0,0,0,758,760,3,3
8183,104,0,0,6.075,2074,2181,2,3
8201,3,0,1,0,0,0,0,0
8210,-203.193,198,35,-19.002,2384,2549,246,254
8213,86,0,-1,0,2559,2576,9,0
8215,-699,0,-3.474,0,1879,1654,42,11
8222,58,0,0,0,4574,4589,15,15
8227,22,0,0,4.958,2511,2493,2,1
8234,-146,-11,0,-25.237,4992,4951,102,117
8240,339,0,0,4.058,2404,2472,68,52
8249,162,0,-1,0,4515,4517,37,36
8255,7,-2,0,-1.018,1808,1776,1,1
8261,90,-4,0.758,-0.349,4671,4682,62,61
8271,808.05,-5,44.688,308.649,7888,6216,526,479
8277,13,0,0,0.963,0,0,0,0
8279,9,0,0,0,70,69,0,0
8284,1,0,0,0.036,17,17,0,0
8289,0,0,0,0,2051,2047,0,0
8299,-552.316,-79,236.764,319.662,13108,12916,404,468
8341,33,0,0.051,0,273,275,0,0
8342,,,,,0,0,0,0
8349,-19,0,0,0,1582,1524,3,3
8354,1,0,0,0,3969,3942,0,0
8358,-21.978,-60,-51,-175.316,22249,22879,4373,4438
8367,-4,0,1,0,53,52,0,0
8374,-408.98,0,-21.146,10.787,2325,2182,167,142
8383,61,0,0,-0.014,2246,2245,1,1
8390,-9,0,-0.452,22.082,2892,2931,65,63
8401,2,0,0,0,254,251,0,0
8403,7,0,0,0,734,731,2,2
8404,107,-8,1,0,4386,4385,113,113
8410,-10,0,0,0,1470,1447,6,6
8411,,,,,38,41,0,0
8415,-3,0,-168,0,833,787,0,0
8421,9,0,0,0,621,619,0,0
8422,27585.48,-385,-51,348.597,52802,31267,23998,22460
8423,,,,,406,406,0,0
8424,,,,,0,0,0,0
8426,1,0,0,0,885,874,0,0
8429,61,0,0,0,10712,10720,1,1
8431,881,0,-25,0.943,6990,7318,483,471
8432,5,0,-13,0,99,98,0,0
8433,-3,0,0,0,177,177,0,0
8435,3,0,0,0,30,27,0,0
8436,431.1,138.566,4,12.223,1744,1844,1,0
8437,3,0,0,-0.73,436,436,2,2
8438,12,0,0,-3,3215,3121,208,289
8440,15,0,0,0.179,1037,1030,0,0
8442,-9,0,1,0,1068,1080,0,0
8443,-2,0,0,0,62,62,0,0
8444,1,0,0,0,346,346,0,0
8446,33,0,0,-0.267,258,228,0,0
8450,-2,0,0,0,299,313,1,1
8454,-20.279,241.937,1.251,-3,784,782,10,10
8462,47,0,-1,0,896,893,8,8
8463,8,0,0,0,420,421,0,0
8464,77.242,1.874,-21,0.511,169,172,5,5
8466,-1,0,0,0,1355,1351,0,0
8467,1,0,0,0.041,544,553,2,1
8472,-2,0,0,0,,,,
8473,-10,0,0,0,1984,1971,3,3
8476,-46,0,3,0,7648,7635,0,0
8477,,,,,0,0,0,0
8478,97,0,-21.353,3.098,1174,1198,21,21
8481,3,0,0,0,5,4,0,0
8482,0,0,0,0,229,239,0,0
8487,2.9,0,0,-2,0,1,0,0
8488,12,0,0,0,18,18,0,0
8489,-8,0,0,0.028,3654,3656,85,85
8499,-123,0,-2.025,3.66,598,569,9,9
8905,-3,0,0,0,16,17,0,0
8906,-3,0,0,0,216,217,0,0
8908,-32,0,0,0,56,55,0,0
8916,7,0,0,0,126,123,0,0
8917,,,,,3,3,0,0
8923,,,,,308,309,0,0
8924,37,0,0,-0.038,340,350,0,0
8926,-6,0,-0.878,0,2146,2129,1,1
8927,62,0,0,0,5605,5632,12,12
8928,0,0,0,0,629,609,0,0
8929,,,,,327,327,0,0
8930,45,0,0,0.261,789,784,0,0
8931,0,0,0,0,5891,5891,0,0
8932,426,0,0,17.216,17496,17371,26,23
8933,4,0,0,-0.473,0,0,0,0
8935,45,0,0,-0.002,0,0,0,0
8936,-64,0,0,2.308,11995,12034,6,5
8937,7,0,0,0,6961,6967,50,50
8938,10,0,0,0,746,755,2,2
8940,-1,0,0,0,75,69,0,0
8941,0,0,0,0,21,21,0,0
8942,-36.44,0,0,0,493,480,9,9
8996,-9.74,140,-17.476,-8,7114,7094,572,561
9103,223,0,0,0,3184,3090,10,10
910322,16,0,0,0,0,0,0,0
9105,4520,0,0,1.985,54198,54615,1409,943
910861,32,0,0,0,0,0,0,0
911868,6,0,0,0,0,0,0,0
912000,-11,0,0,0,5896,5881,1,0
9136,-92,0,0,0,9245,9062,67,137
9802,-443,-100,0.972,-2.378,3246,3189,27,27
9902,115,0,-1,0,3034,3020,2,1
9904,9660.618,-771.811,1.766,-213.624,15680,16447,90,36
9905,9,0,0,0,112,110,0,0
9906,36,0,-1,0,523,526,46,46
9907,527,1066.067,-4,16,5509,5688,1,1
9908,-3,0,0,0,40,40,0,0
9910,-127.93,-34.769,0.178,-1,592,558,26,25
9911,-228,-1,-0.637,0,388,381,0,0
9912,-9,0,2,0,0,0,0,0
9914,924.53,0,1.739,2.639,3482,3463,110,81
9917,87.119,-26,0,0,103,103,0,0
9918,-1,0,0,0,123,123,0,0
9919,131,0,0,0,9690,9647,29,27
9921,820.349,0,-0.09,-10.751,1525,1518,168,192
9924,-1,-2.236,0,0,612,602,0,0
9925,-9,0,5,0,14,14,0,0
9926,0,0,0,0,1,1,0,0
9927,33.243,0,0,0,77,76,0,0
9928,0,0,1,0,394,427,0,0
9929,,,,,0,0,0,0
9930,-40,0,0,-0.072,20,20,0,0
9931,,,,,16,16,0,0
9933,850,-30,-6,0,5013,5007,18,20
9934,-38,0,0,0,4774,4982,4,3
9935,68,0,1,0,1357,1349,5,5
9937,-19,0,0,0,401,401,0,0
9938,610,-400,0,5.738,3381,3391,9,9
9939,256.314,-25,-0.887,0,722,734,4,5
9940,7,0,0,0,715,715,0,0
9941,131,-579,-0.34,-33,1165,1122,11,13
9942,14,0,0,0,146,146,0,0
9943,11,0,0,0,89,89,0,0
9944,,,,,5815,5815,0,0
9945,1912.451,-231,4,-47.187,23914,24271,11,13
9946,-19,0,0,0,2339,2321,0,0
9949,-17,0,0,0,4773,4676,3,3
9950,,,,,0,0,0,0
9951,2,0,0,0,290,291,0,0
9955,297,0,0,0,1398,1466,90,88
9958,163.196,-6,27.078,-10,14100,14042,65,97
9960,10,0,0,0,129,133,0,0
9962,1,0,3.953,0,480,322,0,0
