code,fgn,inv,dlrSelf,dlrHedge,mgn,mgnPrev,shrt,shrtPrev
0050,-76390.414,1300,1108,-7421.588,,,,
0051,-3.964,0,0,-6.106,,,,
0052,-13443.66,-25,437.36,-11149.947,,,,
0053,0,0,0,-13.138,,,,
0055,5,0,0,-22.162,,,,
0056,-4635.649,0,-30.87,1037.01,,,,
0057,-1,0,0,-12.034,,,,
0061,-7,0,0,147.838,,,,
006201,0,32,0,-28.086,25,20,0,0
006203,0,0,0,-1,,,,
006204,-1,0,0,-1.712,,,,
006205,0,0,0,133.543,,,,
006206,-5,0,0,-6.163,,,,
006207,1,0,0,-7.23,,,,
006208,216.004,0,-19,-2055.166,,,,
00631L,-356.503,0,-85,-2437.507,,,,
00632R,-1081.91,0,1580,18810.956,,,,
00633L,7,0,0,-89.524,,,,
00634R,0,0,0,-93,,,,
00635U,24.03,0,9,770.049,,,,
00636,87,0,0,-72.018,,,,
00636K,0,0,0,0,,,,
00637L,-2251,0,0,1748.478,,,,
00638R,0,0,0,-17.35,,,,
00639,19,0,0,-51.349,,,,
00640L,6,0,0,-534.528,,,,
00641R,0,0,0,239.239,,,,
00642U,-1038.954,0,184,5010.493,,,,
00643,75,0,-10,-697.168,,,,
00645,-0.08,0,0,-119.431,,,,
00646,69.659,50,0,1018.407,,,,
00647L,20,0,0,-33.118,,,,
00648R,29,0,0,-1823,,,,
00650L,-24,0,0,-1564.365,,,,
00651R,0,0,0,48.805,,,,
00652,39,0,21,-199.434,,,,
00653L,18,0,0,-530.007,,,,
00654R,0,0,0,-18.22,,,,
00655L,92,0,0,16.433,,,,
00656R,-50,0,0,-57.178,,,,
00657,9,0,0,-46.841,,,,
00657K,0,0,0,0,,,,
00660,0,0,0,4,,,,
00661,25,0,0,-160.067,,,,
00662,2672,0,-15,-2954.32,,,,
00663L,-250,0,0,-4483.503,,,,
00664R,0,0,-5,2729.184,,,,
00665L,-475,0,0,-2646.285,,,,
00666R,0,0,0,-70.13,,,,
00668,0,0,0,13.278,,,,
00668K,0,0,0,0,,,,
00669R,0,0,0,748,,,,
00670L,63.1,0,4,-420.101,,,,
00671R,0,0,0,675.057,,,,
00673R,-156,0,40,-1259.889,,,,
00674R,0,0,0,160.303,,,,
00675L,-233,0,16,-1200.158,,,,
00676R,0,0,0,785.62,,,,
00678,0,0,0,50.004,,,,
00679B,-4515,0,-1149,1487.335,6024,5778,100,100
00680L,-20885,0,-833,-6220.66,,,,
00681R,0,0,0,35.763,,,,
00682U,0,0,0,5.955,,,,
00683L,0,0,0,140.047,,,,
00684R,0,0,0,43.703,,,,
00685L,17,0,0,-600.468,,,,
00686R,3,0,0,633.4,,,,
00687B,-14155,0,-480,-12166.031,10069,10101,0,0
00687C,0,0,0,0,,,,
00688L,-2458,0,0,-6935.142,,,,
00689R,0,0,0,-6.108,,,,
00690,-19,0,0,-4.826,,,,
00692,50,0,0,-258.612,,,,
00693U,10,0,0,-985.02,,,,
00694B,41,0,0,-32.293,0,0,0,0
00695B,36,0,0,-73.426,0,0,0,0
00696B,333,0,0,-506.809,182,182,0,0
00697B,0.055,0,0,-103.341,5,5,0,0
00700,-50,0,10,20.96,,,,
00701,21,0,0,-28.769,,,,
00702,-29.93,0,0,36.614,,,,
00703,0,0,0,-10.412,,,,
00706L,-49,0,0,-4500.644,,,,
00707R,0,0,0,0,,,,
00708L,-36.95,0,18,616.941,,,,
00709,3.01,0,0,-15.366,,,,
00710B,0,0,0,27.247,,,,
00711B,-64,0,0,60,,,,
00712,-16148,0,0,-6184.119,,,,
00713,11.93,0,0,1795.95,,,,
00714,-2,0,0,6.99,,,,
00715L,4009,0,100,11056.18,,,,
00717,54,0,0,145,,,,
00719B,22,0,0,1718.324,82,82,0,0
00720B,-10699.8,0,70,5441.398,3079,3061,0,0
00722B,-1971,0,15,881.53,110,110,0,0
00723B,-1,0,0,-20.144,114,114,0,0
00724B,-335,0,0,64.812,35,35,0,0
00725B,-7039,0,200,4023.052,743,741,0,0
00726B,1,0,0,-2.222,2,2,0,0
00727B,0,0,0,0.16,0,0,0,0
00728,-2,0,0,22.867,,,,
00730,-2,0,0,-140.738,,,,
00731,-30,0,0,101.376,,,,
00733,53.01,0,45,446.611,,,,
00734B,,,,,0,0,0,0
00735,-148.846,0,1,382.659,,,,
00736,0,0,1,-3,,,,
00737,-20,0,0,43.85,,,,
00738U,-699.998,0,0,-2296.544,,,,
00739,0,0,0,8.476,,,,
00740B,-460,0,5,-854.127,87,86,0,0
00741B,0,0,0,15.116,23,23,0,0
00746B,0,0,0,-45.55,0,0,0,0
00749B,0,0,0,0,0,0,0,0
00750B,0,0,0,0,0,0,0,0
00751B,-7925.839,0,0,-1537.022,3743,3683,0,0
00752,158,0,0,-522.548,,,,
00753L,-165,0,0,-3309.75,,,,
00754B,-9,0,0,-0.258,0,0,0,0
00755B,1,0,0,-10,6,6,0,0
00756B,-842,0,0,-34.988,21,21,0,0
00757,4.21,0,2,432.844,,,,
00758B,0,0,0,-0.026,0,0,0,0
00759B,0,0,0,-0.034,0,0,0,0
00760B,-3,0,0,-1.524,3,3,0,0
00761B,-108,0,0,-3.218,31,31,0,0
00762,-9,0,0,139.871,,,,
00763U,112,0,1,-320.03,,,,
00764B,373,0,0,-800.231,42,32,0,0
00768B,-6,0,0,-103.574,2,2,0,0
00770,-2.2,0,0,59.036,,,,
00771,0,0,0,29.02,,,,
00772B,-1715.6,0,0,-509.563,2196,2192,0,0
00773B,-398.951,0,0,-209.29,307,307,0,0
00775B,0,0,0,-0.434,,,,
00777B,-11,0,0,-3,0,0,0,0
00778B,-2,0,0,0,0,0,0,0
00779B,52,0,0,-35,0,0,0,0
00780B,-50,0,0,49.995,0,0,0,0
00781B,-151,0,0,-58.464,22,21,0,0
00782B,-17,0,0,-93.663,25,25,0,0
00783,0,0,0,-6.312,,,,
00785B,-21,0,0,19.753,0,0,0,0
00786B,-5,0,0,-3.482,15,15,0,0
00787B,-1,0,0,-1.409,0,0,0,0
00788B,-18,0,0,-6.338,25,25,0,0
00789B,-6,0,0,-0.026,0,0,0,0
00791B,0,0,0,0,0,0,0,0
00792B,-21,0,0,-9,0,0,0,0
00793B,-10,0,0,-0.124,0,0,0,0
00795B,290.1,0,-375,-1161.294,3526,3526,0,0
00799B,-55,0,0,-668.481,16,16,0,0
00830,-643.379,0,0,34.872,,,,
00834B,-1,0,0,-2,0,0,0,0
00836B,-8,0,0,-9.405,0,0,0,0
00840B,0,0,0,-1,0,0,0,0
00841B,0,0,0,0,0,0,0,0
00842B,-28,0,0,44.975,0,0,0,0
00844B,0,0,0,2.118,1,1,0,0
00845B,-121,0,0,119.897,0,0,0,0
00846B,-1,0,0,-3.06,0,0,0,0
00847B,0,0,0,-2.097,0,0,0,0
00848B,-10,0,0,9.869,0,0,0,0
00849B,7,0,0,-8.373,0,0,0,0
00850,-17,80,0,-259.963,,,,
00851,-1,0,0,-3.186,,,,
00852L,-1,0,0,-258.174,,,,
00853B,-206,0,0,141.163,5,5,0,0
00856B,0,0,0,11.68,0,0,0,0
00857B,-27,0,0,-451.149,506,453,0,0
00858,10.062,0,0,-207.877,132,132,0,0
00859B,191,0,0,-156.003,9,7,0,0
00860B,0,0,0,-1.313,0,0,0,0
00861,-14.795,0,0,-19.284,,,,
00862B,-146,0,0,88.302,11,11,0,0
00863B,-14,0,0,-3.097,0,0,0,0
00864B,225,0,49,159,1,1,0,0
00865B,-2,0,0,-27.396,,,,
00867B,40,0,0,-41.043,0,0,0,0
00870B,-80,0,0,79.847,0,0,0,0
00875,-315,0,0,377.161,,,,
00876,-124.65,0,0,74.618,,,,
00877,-573,0,0,-516.291,6597,6545,330,331
00878,-3718.695,0,0,-2053.508,,,,
00881,-1309.515,0,0,-100.876,,,,
00882,501,0,0,5523.061,,,,
00883B,0,0,0,-5.08,0,0,0,0
00884B,-24,0,0,30.722,0,0,0,0
00885,368.2,0,0,252.771,,,,
00886,0,0,0,-1.005,3,3,0,0
00887,124,0,0,139.315,15751,15681,189,197
00888,-3,0,0,-202.72,39,37,0,0
00890B,-1,0,0,-5,4,4,0,0
00891,75,0,0,-2068.733,,,,
00892,-105,0,0,269.125,,,,
00893,42,0,0,157.267,,,,
00894,-135,0,71,-144.726,,,,
00895,-219,0,0,213.522,,,,
00896,-216,0,0,-3296.64,,,,
00897,-644,0,0,438.124,,,,
00898,-272,0,0,191.09,,,,
00899,-1,0,0,22.403,,,,
00900,-80.95,0,0,376.331,,,,
00901,-49,0,0,39.414,,,,
00902,-364,0,0,791.608,,,,
00903,-449,0,0,547.121,,,,
00904,150,0,0,-141.162,,,,
00905,-95.955,0,0,-202.079,,,,
00907,13,0,0,-377.234,,,,
00908,-501,0,1,429.872,,,,
00909,38.01,0,0,51.415,,,,
00910,-57.845,0,0,728.263,,,,
00911,0.638,0,0,17.821,,,,
00912,-11,0,121,-189.14,,,,
00913,10,0,0,23.433,,,,
00915,-53,0,0,770.006,,,,
00916,3,0,0,90.62,,,,
00917,-182.73,0,0,-234.865,,,,
00918,-2757,0,0,-6064.988,,,,
00919,-15589.335,0,60,-113387.409,,,,
00920,-179.5,0,0,-158.634,,,,
00921,-280,0,0,327.635,,,,
00922,-16589.645,0,1920,-28785.464,,,,
00923,11.015,0,0,-527.394,,,,
00924,-184.884,0,0,-432.726,,,,
00926,101,0,0,-37.227,,,,
00927,25.116,0,0,-1001.256,,,,
00928,23,0,0,112.858,51,51,0,0
00929,-2083.711,0,-23.528,5496.235,,,,
00930,-1.875,0,0,189.345,,,,
00931B,1,0,0,-626.998,4054,4117,0,1
00932,-4,0,0,477.184,,,,
00933B,-16023.78,0,0,1699.532,880,830,0,1
00934,-303,0,0,73.318,,,,
00935,-680.937,0,0,-2338.491,,,,
00936,13,0,0,-275.815,,,,
00937B,-102798,0,2330,-78912.882,13713,11415,0,0
00938,2,0,161,-138.498,,,,
00939,179,0,0,1650.928,,,,
00940,911.05,0,20,14376.495,,,,
00941,-364.107,0,0,-151.005,,,,
00942B,-667,0,0,52.383,195,21,0,0
00943,2,0,0,103.701,,,,
00944,0,0,0,240.828,,,,
00945B,15.1,0,0,3046.643,,,,
00946,-447,0,0,353.188,,,,
00947,-125.75,0,25,490.147,,,,
00948B,-7918,0,0,1548.367,737,682,0,0
00949,-337,0,0,-100.31,,,,
00950B,-1400,0,0,-2089.012,1496,1445,0,0
00951,0.768,0,0,-1779.716,,,,
00952,-156,0,0,135.598,,,,
00953B,-1497,0,0,-1387,,,,
00954,-1188.93,0,0,-177.482,,,,
00955,-1817.97,0,0,-10107.021,3748,3662,138,137
00956,-83.935,0,0,-99.53,,,,
00957B,-75,0,0,-3495.519,25,21,0,0
00958B,-73,0,0,161.963,13,13,0,0
00959B,-2548,0,0,954.731,937,926,0,0
00960,-132,0,0,457.025,,,,
00961,-576,0,0,1646.764,,,,
00962,-6,0,0,15.072,,,,
00963,-944,0,0,848.919,,,,
00964,83,0,0,-697.826,,,,
00965,-347,0,0,2463.82,,,,
00966B,13,0,0,-172.541,93,93,0,0
00967B,-2,0,0,-42.279,7,7,0,0
00968B,-3947,0,0,393.614,72,71,0,0
00969B,-66,0,0,-962.713,312,311,0,0
00970B,-916,0,0,-3506.006,290,279,0,0
00971,32,0,0,132.011,,,,
00972,-30.8,0,0,-131.008,,,,
009800,63.1,0,0,-201.166,,,,
009801,271,0,0,293.418,,,,
009802,-39,0,0,-0.119,,,,
009803,-222,0,0,-689.839,,,,
009804,29,0,178,-526.218,,,,
009805,-4002,0,0,526.175,,,,
009806,0,0,0,-29.399,0,0,0,0
009807,0,0,0,16,42,42,0,0
009808,10,0,0,64.491,,,,
009809,0,0,0,-378.823,,,,
00980A,-757.35,0,0,369.969,,,,
00980B,0,0,0,-181.96,3,3,0,0
00980D,-44,0,0,7.673,204,213,0,0
00980T,8.1,0,0,120.251,17,15,0,0
009810,1,0,0,161.513,,,,
009811,-6.925,0,0,837.288,,,,
009812,-62,0,0,-506.559,,,,
009813,9347.698,0,0,10063,,,,
009814,100,0,0,-1713.056,33,30,0,0
009815,-22,0,0,-2301.477,2928,3013,1,1
009816,-11639.004,300,26,-92381.555,,,,
009817,-1121,0,25,-9.376,,,,
00981A,-10268.827,0,482,4612.837,,,,
00981B,-675,0,0,1536.564,14360,14444,0,0
00981D,-2771,0,0,-2577.73,16477,16474,0,0
00981T,-33.9,0,-20,-1322.7,,,,
00982A,-6702,0,124,14535.304,,,,
00982B,-1,0,0,-30.783,112,112,0,0
00982D,-9,0,0,-164,,,,
00982T,41,0,0,-68.321,,,,
00983A,-2853,0,19,2939.208,,,,
00983B,15,0,0,-3364.117,35,35,0,0
00983D,-1330,0,0,-1602.726,,,,
00984A,-210.95,0,78,930.898,,,,
00984B,-787,0,0,-6361.796,1276,1234,0,0
00984D,0,0,0,1236,,,,
00985A,-623,0,66,923.366,,,,
00985B,350,0,0,-2033.408,,,,
00986A,-654,0,0,764.034,,,,
00986B,0,0,-1,-116.151,0,0,0,0
00987A,-301,0,0,494.075,,,,
00987B,0,0,0,-423.868,83,79,0,0
00988A,-1735,0,367,-5377.819,,,,
00989A,40,0,0,51.984,,,,
00990A,-6271,0,260,2197.635,,,,
00991A,-6043.35,-685,150,4580.381,,,,
00992A,-572,0,0,5549.179,,,,
00993A,1226,0,0,19101.436,,,,
00994A,196,0,0,-6.833,,,,
00995A,-68,0,-920,3358.078,,,,
01007T,3,0,0,0,,,,
01009T,8,0,0,0,,,,
02001L,0,0,0,-25,,,,
02001R,0,0,0,-32,,,,
020020,0,0,0,2,,,,
020025,0,0,0,-14,,,,
020027,0,0,0,-4,,,,
020028,0,0,0,2,,,,
020030,0,0,0,40,,,,
020031,0,0,0,6,,,,
020032,0,0,0,2,,,,
020033,0,0,0,21,,,,
020034,0,0,0,18,,,,
020035,0,0,0,-14,,,,
020037,0,0,0,-3,,,,
020038,0,0,0,1,,,,
020039,0,0,0,-16,,,,
020040,0,0,0,-9,,,,
020041,0,0,0,-123,,,,
030012,0,0,0,-137,,,,
030040,0,0,0,38,,,,
030052,0,0,0,1,,,,
030079,0,0,0,43,,,,
030085,0,0,0,1,,,,
030086,0,0,0,105,,,,
030087,0,0,0,1,,,,
030090,0,0,0,1,,,,
030092,0,0,0,59,,,,
030094,0,0,0,1,,,,
030095,0,0,0,1,,,,
030105,0,0,0,17,,,,
030109,0,0,0,-41,,,,
030135,0,0,0,-87,,,,
030145,0,0,0,-52,,,,
030151,0,0,0,180,,,,
030169,0,0,0,12,,,,
030174,0,0,0,-23,,,,
030190,0,0,0,-54,,,,
030230,0,0,0,-6,,,,
030232,0,0,0,10,,,,
030234,0,0,0,5,,,,
030239,0,0,0,4,,,,
030241,0,0,0,-119,,,,
030242,0,0,0,-67,,,,
030243,0,0,0,-176,,,,
030245,0,0,0,-23,,,,
030246,0,0,0,56,,,,
030248,0,0,0,13,,,,
030250,0,0,0,83,,,,
030251,0,0,0,-303,,,,
030256,0,0,0,-10,,,,
030261,0,0,0,-1,,,,
030276,0,0,0,1,,,,
030286,0,0,0,-1,,,,
030311,0,0,0,40,,,,
030325,0,0,0,2,,,,
030339,0,0,0,5,,,,
030343,0,0,0,10,,,,
030348,0,0,0,36,,,,
030349,0,0,0,43,,,,
030350,0,0,0,-35,,,,
03035X,0,0,0,-6,,,,
03037U,0,0,0,-66,,,,
030388,0,0,0,1,,,,
03039X,0,0,0,-1,,,,
030418,0,0,0,-1,,,,
030425,0,0,0,-3,,,,
030426,0,0,0,1,,,,
030439,0,0,0,148,,,,
030499,0,0,0,6,,,,
03049X,0,0,0,-1,,,,
030500,0,0,0,-10,,,,
030508,0,0,0,9,,,,
030523,0,0,0,2,,,,
030526,0,0,0,222,,,,
030544,0,0,0,40,,,,
030548,0,0,0,-3,,,,
030550,0,0,0,25,,,,
030553,0,0,0,-112,,,,
030554,0,0,0,-165,,,,
030555,0,0,0,-58,,,,
030556,0,0,0,-11,,,,
030557,0,0,0,-496,,,,
030561,0,0,0,-1,,,,
030562,0,0,0,-1,,,,
030563,0,0,0,-10,,,,
030565,0,0,0,-876,,,,
030567,0,0,0,5,,,,
030568,0,0,0,46,,,,
030571,0,0,0,-2,,,,
030572,0,0,0,49,,,,
030573,1,0,0,0,,,,
030574,0,0,0,38,,,,
030575,0,0,0,-7,,,,
030576,0,0,0,23,,,,
030578,0,0,0,210,,,,
030579,0,0,0,1,,,,
030580,0,0,0,89,,,,
030585,0,0,0,319,,,,
030586,0,0,0,41,,,,
030589,0,0,0,10,,,,
030590,0,0,0,-5,,,,
030591,0,0,0,-10,,,,
030594,0,0,0,6,,,,
030595,0,0,0,-86,,,,
030600,0,0,0,45,,,,
030601,0,0,0,20,,,,
030602,0,0,0,312,,,,
030603,0,0,0,61,,,,
030604,0,0,0,-20,,,,
030605,0,0,0,-101,,,,
030607,0,0,0,97,,,,
030618,0,0,0,3841,,,,
030632,0,0,0,70,,,,
030637,0,0,0,550,,,,
030639,0,0,0,5,,,,
030644,0,0,0,47,,,,
030688,0,0,0,1,,,,
030695,0,0,0,33,,,,
030697,0,0,0,30,,,,
030699,0,0,0,-1,,,,
030728,0,0,0,-1125,,,,
030754,0,0,0,-11,,,,
030755,0,0,0,10,,,,
030757,0,0,0,37,,,,
030759,0,0,0,-10,,,,
030760,0,0,0,-107,,,,
030761,0,0,0,47,,,,
030764,0,0,0,122,,,,
030765,0,0,0,9,,,,
030768,0,0,0,1,,,,
030783,0,0,0,50,,,,
030793,0,0,0,82,,,,
030803,0,0,0,82,,,,
030817,0,0,0,-195,,,,
030827,0,0,0,229,,,,
030844,0,0,0,-663,,,,
030850,0,0,0,30,,,,
030857,0,0,0,-170,,,,
030858,0,0,0,50,,,,
030891,0,0,0,90,,,,
030918,0,0,0,245,,,,
030931,0,0,0,2,,,,
030935,0,0,0,-490,,,,
030956,0,0,0,4,,,,
030961,0,0,0,-11,,,,
030967,0,0,0,52,,,,
030988,0,0,0,10,,,,
030989,0,0,0,100,,,,
030996,0,0,0,155,,,,
031000,0,0,0,528,,,,
031017,0,0,0,2,,,,
031019,0,0,0,1,,,,
031021,0,0,0,22,,,,
031026,0,0,0,408,,,,
031088,0,0,0,100,,,,
031114,0,0,0,1,,,,
031121,0,0,0,-2,,,,
031123,0,0,0,12,,,,
031139,0,0,0,99,,,,
031149,0,0,0,1,,,,
031195,0,0,0,-3,,,,
031202,0,0,0,1,,,,
031207,0,0,0,44,,,,
031232,0,0,0,150,,,,
031261,0,0,0,63,,,,
031263,0,0,0,50,,,,
031264,0,0,0,64,,,,
031266,0,0,0,-481,,,,
031267,0,0,0,-4,,,,
031268,0,0,0,71,,,,
031269,0,0,0,91,,,,
031270,0,0,0,30,,,,
031272,0,0,0,217,,,,
031273,0,0,0,-315,,,,
031274,0,0,0,-67,,,,
031275,0,0,0,50,,,,
031276,0,0,0,121,,,,
031279,0,0,0,50,,,,
031280,0,0,0,55,,,,
031281,0,0,0,-2,,,,
031282,0,0,0,-5,,,,
031284,0,0,0,-25,,,,
031286,0,0,0,-265,,,,
031287,0,0,0,70,,,,
031288,0,0,0,-119,,,,
031289,0,0,0,10,,,,
031290,0,0,0,157,,,,
031291,0,0,0,5,,,,
031292,0,0,0,1615,,,,
031296,0,0,0,-2,,,,
031298,0,0,0,-10,,,,
031302,0,0,0,240,,,,
031303,0,0,0,610,,,,
031304,0,0,0,287,,,,
031305,0,0,0,6,,,,
031306,0,0,0,180,,,,
031311,0,0,0,-50,,,,
031313,0,0,0,150,,,,
031315,0,0,0,-2,,,,
031316,0,0,0,159,,,,
031317,0,0,0,651,,,,
031318,0,0,0,-200,,,,
031320,0,0,0,188,,,,
031321,0,0,0,264,,,,
031366,0,0,0,13,,,,
031367,0,0,0,7,,,,
031379,0,0,0,2,,,,
031387,0,0,0,10,,,,
031404,0,0,0,5,,,,
031407,0,0,0,2,,,,
031412,0,0,0,-96,,,,
031416,0,0,0,3,,,,
031418,0,0,0,-231,,,,
031419,0,0,0,-94,,,,
031420,0,0,0,4,,,,
031488,0,0,0,3,,,,
031498,0,0,0,-4,,,,
031503,0,0,0,6,,,,
031510,0,0,0,16,,,,
031515,0,0,0,89,,,,
031526,0,0,0,-1150,,,,
031529,0,0,0,80,,,,
031535,0,0,0,0,,,,
031538,0,0,0,-5,,,,
031541,0,0,0,-20,,,,
031552,0,0,0,4,,,,
031586,0,0,0,-2,,,,
031619,0,0,0,1,,,,
031622,0,0,0,20,,,,
031634,0,0,0,-22,,,,
031635,0,0,0,1,,,,
031638,0,0,0,1,,,,
031643,0,0,0,89,,,,
031644,0,0,0,-15,,,,
031645,0,0,0,-102,,,,
031647,0,0,0,3,,,,
031665,0,0,0,321,,,,
031666,0,0,0,232,,,,
031667,0,0,0,684,,,,
031668,0,0,0,-13,,,,
031678,0,0,0,-175,,,,
031689,0,0,0,0,,,,
031693,0,0,0,-27,,,,
031729,0,0,0,5,,,,
031780,0,0,0,1,,,,
031804,0,0,0,-5,,,,
031805,0,0,0,-10,,,,
031806,0,0,0,-10,,,,
031809,0,0,0,-10,,,,
031811,0,0,0,-10,,,,
031813,0,0,0,10,,,,
031819,0,0,0,15,,,,
031822,0,0,0,25,,,,
031834,0,0,0,105,,,,
031839,0,0,0,0,,,,
031843,0,0,0,2,,,,
031844,0,0,0,6,,,,
031867,0,0,0,1802,,,,
031874,0,0,0,1,,,,
031878,0,0,0,-628,,,,
031915,0,0,0,258,,,,
031929,0,0,0,-2,,,,
031942,0,0,0,3,,,,
031944,0,0,0,159,,,,
031945,0,0,0,15,,,,
031955,0,0,0,562,,,,
031959,0,0,0,-220,,,,
031963,0,0,0,-50,,,,
031966,0,0,0,0,,,,
031967,0,0,0,-50,,,,
031974,0,0,0,1499,,,,
031980,0,0,0,402,,,,
031987,0,0,0,-481,,,,
031990,0,0,0,3,,,,
032005,0,0,0,21,,,,
032010,0,0,0,20,,,,
032011,0,0,0,50,,,,
032025,0,0,0,10,,,,
032026,0,0,0,70,,,,
032033,0,0,0,7,,,,
032034,0,0,0,1,,,,
032048,0,0,0,-3,,,,
032051,0,0,0,402,,,,
032075,0,0,0,-91,,,,
032089,0,0,0,-1,,,,
032094,0,0,0,30,,,,
032099,0,0,0,-105,,,,
032105,0,0,0,-75,,,,
032118,0,0,0,1,,,,
032143,0,0,0,-21,,,,
032151,0,0,0,67,,,,
032165,0,0,0,380,,,,
032171,0,0,0,134,,,,
032179,0,0,0,0,,,,
032180,0,0,0,0,,,,
032182,0,0,0,5,,,,
032184,0,0,0,80,,,,
032191,0,0,0,8,,,,
032194,0,0,0,13,,,,
032202,0,0,0,-5,,,,
032212,0,0,0,26,,,,
032240,0,0,0,555,,,,
032241,0,0,0,5,,,,
032247,0,0,0,36,,,,
032250,0,0,0,45,,,,
032252,0,0,0,125,,,,
032266,0,0,0,-55,,,,
032272,0,0,0,50,,,,
032276,0,0,0,30,,,,
032277,0,0,0,-19,,,,
032278,0,0,0,8,,,,
032282,0,0,0,2,,,,
032283,0,0,0,0,,,,
032285,0,0,0,2,,,,
032290,0,0,0,6,,,,
032291,0,0,0,173,,,,
032300,0,0,0,-10,,,,
032302,0,0,0,549,,,,
032303,0,0,0,100,,,,
032308,0,0,0,-10,,,,
032312,0,0,0,-85,,,,
032326,0,0,0,-12,,,,
032332,0,0,0,26,,,,
032334,0,0,0,35,,,,
032353,0,0,0,125,,,,
032356,0,0,0,101,,,,
032357,0,0,0,-10,,,,
032363,0,0,0,-10,,,,
032364,0,0,0,1,,,,
032382,0,0,0,1,,,,
032385,0,0,0,-193,,,,
032388,0,0,0,10,,,,
032394,0,0,0,2,,,,
032397,0,0,0,3,,,,
032406,0,0,0,10,,,,
032433,0,0,0,121,,,,
032442,0,0,0,10,,,,
032450,0,0,0,10,,,,
032455,0,0,0,52,,,,
032457,0,0,0,1,,,,
032458,0,0,0,35,,,,
032463,0,0,0,1,,,,
032469,0,0,0,163,,,,
032479,0,0,0,1,,,,
032485,0,0,0,1082,,,,
032486,0,0,0,58,,,,
032494,0,0,0,1,,,,
032503,0,0,0,0,,,,
032520,0,0,0,30,,,,
032524,0,0,0,1,,,,
032549,0,0,0,3,,,,
032555,0,0,0,0,,,,
032564,0,0,0,-8,,,,
032572,0,0,0,145,,,,
032573,0,0,0,-500,,,,
032574,0,0,0,23,,,,
032582,0,0,0,3,,,,
032600,0,0,0,-134,,,,
032601,0,0,0,6,,,,
032602,0,0,0,1,,,,
032610,0,0,0,-250,,,,
032618,0,0,0,15,,,,
032638,0,0,0,12,,,,
032639,0,0,0,30,,,,
032648,0,0,0,1,,,,
032649,0,0,0,4,,,,
032657,0,0,0,80,,,,
032674,0,0,0,-10,,,,
032676,0,0,0,6,,,,
032686,0,0,0,9,,,,
032693,0,0,0,50,,,,
032704,0,0,0,-16,,,,
032724,0,0,0,1,,,,
032739,0,0,0,1,,,,
032747,0,0,0,620,,,,
032748,0,0,0,478,,,,
032749,0,0,0,998,,,,
032757,0,0,0,50,,,,
032761,0,0,0,26,,,,
032762,0,0,0,20,,,,
032763,0,0,0,27,,,,
032764,0,0,0,632,,,,
032768,0,0,0,-97,,,,
032776,0,0,0,66,,,,
032780,0,0,0,40,,,,
032793,0,0,0,10,,,,
032802,0,0,0,1,,,,
032813,0,0,0,53,,,,
032820,0,0,0,60,,,,
032822,0,0,0,2,,,,
032823,0,0,0,4,,,,
032833,0,0,0,1,,,,
032840,0,0,0,-1,,,,
032855,0,0,0,32,,,,
032858,0,0,0,5,,,,
032863,0,0,0,1,,,,
032883,0,0,0,100,,,,
032884,0,0,0,4,,,,
032886,0,0,0,1,,,,
032892,0,0,0,506,,,,
032897,0,0,0,20,,,,
032910,0,0,0,10,,,,
032941,0,0,0,30,,,,
032942,0,0,0,-224,,,,
032943,0,0,0,3,,,,
032944,0,0,0,-277,,,,
032945,0,0,0,-79,,,,
032946,0,0,0,-33,,,,
032948,0,0,0,32,,,,
032951,0,0,0,-830,,,,
032953,0,0,0,-371,,,,
032954,0,0,0,-10,,,,
032955,0,0,0,10,,,,
032956,0,0,0,449,,,,
032957,0,0,0,63,,,,
032958,0,0,0,-153,,,,
032959,0,0,0,159,,,,
032960,0,0,0,300,,,,
032996,0,0,0,-140,,,,
032997,0,0,0,1996,,,,
033011,0,0,0,5,,,,
033025,0,0,0,511,,,,
033027,0,0,0,134,,,,
033028,0,0,0,99,,,,
033035,0,0,0,-27,,,,
033044,0,0,0,-2,,,,
033058,0,0,0,4,,,,
033061,0,0,0,0,,,,
033079,0,0,0,4,,,,
033080,0,0,0,964,,,,
033085,0,0,0,10,,,,
033089,0,0,0,0,,,,
033090,0,0,0,-10,,,,
033093,0,0,0,61,,,,
033128,0,0,0,-45,,,,
033129,0,0,0,0,,,,
033133,0,0,0,277,,,,
033136,0,0,0,-40,,,,
033138,0,0,0,-197,,,,
033151,0,0,0,55,,,,
033154,0,0,0,21,,,,
033164,0,0,0,95,,,,
033165,0,0,0,10,,,,
033168,0,0,0,121,,,,
033181,0,0,0,50,,,,
033185,0,0,0,300,,,,
033189,0,0,0,300,,,,
033205,0,0,0,16,,,,
033210,0,0,0,12,,,,
033220,0,0,0,-7,,,,
033229,0,0,0,0,,,,
033251,0,0,0,25,,,,
033259,0,0,0,0,,,,
033260,0,0,0,-127,,,,
033266,0,0,0,141,,,,
033270,0,0,0,-20,,,,
033273,0,0,0,5534,,,,
033274,0,0,0,-20,,,,
033279,0,0,0,6,,,,
033290,0,0,0,20,,,,
033292,0,0,0,97,,,,
033295,0,0,0,321,,,,
033304,0,0,0,-5,,,,
033305,0,0,0,-4,,,,
033306,0,0,0,10,,,,
033307,0,0,0,-16,,,,
033310,0,0,0,10,,,,
033318,0,0,0,0,,,,
033332,0,0,0,5,,,,
03334U,0,0,0,-1,,,,
033356,0,0,0,-53,,,,
033378,0,0,0,-50,,,,
033383,0,0,0,-22,,,,
033391,0,0,0,-100,,,,
033393,0,0,0,299,,,,
033400,0,0,0,3,,,,
033402,0,0,0,27,,,,
033408,0,0,0,0,,,,
033413,0,0,0,4,,,,
033416,0,0,0,24,,,,
033418,0,0,0,10,,,,
033426,0,0,0,30,,,,
033436,0,0,0,2,,,,
033438,0,0,0,59,,,,
033440,0,0,0,-113,,,,
033463,0,0,0,10,,,,
033470,0,0,0,1,,,,
033483,0,0,0,32,,,,
033489,0,0,0,73,,,,
033494,0,0,0,251,,,,
033500,0,0,0,51,,,,
033506,0,0,0,-29,,,,
033509,0,0,0,283,,,,
033512,0,0,0,54,,,,
033522,0,0,0,-100,,,,
033531,0,0,0,-1,,,,
033535,0,0,0,-2,,,,
033542,0,0,0,-20,,,,
033544,0,0,0,4,,,,
033546,0,0,0,-40,,,,
033547,0,0,0,269,,,,
033549,0,0,0,-10,,,,
033550,0,0,0,-140,,,,
033551,0,0,0,-20,,,,
033552,0,0,0,-1876,,,,
033555,0,0,0,3,,,,
033556,0,0,0,508,,,,
033557,0,0,0,-30,,,,
033558,0,0,0,-2,,,,
033559,0,0,0,45,,,,
033560,0,0,0,67,,,,
033561,0,0,0,-30,,,,
033563,0,0,0,-10,,,,
033564,0,0,0,210,,,,
033567,0,0,0,-13,,,,
033568,0,0,0,-59,,,,
033569,0,0,0,24,,,,
033570,0,0,0,-10,,,,
033571,0,0,0,139,,,,
033572,0,0,0,50,,,,
033573,0,0,0,-123,,,,
033574,0,0,0,-407,,,,
033575,0,0,0,10,,,,
033576,0,0,0,20,,,,
033578,0,0,0,28,,,,
033579,0,0,0,451,,,,
033580,0,0,0,-70,,,,
033583,0,0,0,-22,,,,
033584,0,0,0,-92,,,,
033585,0,0,0,-810,,,,
033586,0,0,0,-161,,,,
033587,0,0,0,-38,,,,
033588,0,0,0,-197,,,,
033590,0,0,0,174,,,,
033591,0,0,0,-5,,,,
033592,0,0,0,-446,,,,
033593,0,0,0,62,,,,
033594,0,0,0,44,,,,
033595,0,0,0,393,,,,
033597,499,0,0,-485,,,,
033605,0,0,0,300,,,,
033611,0,0,0,104,,,,
033612,0,0,0,3,,,,
033620,0,0,0,-2000,,,,
033634,0,0,0,-2,,,,
033636,0,0,0,1,,,,
033637,0,0,0,2,,,,
033639,0,0,0,-10,,,,
033642,0,0,0,-150,,,,
033644,0,0,0,6,,,,
033645,0,0,0,-155,,,,
033646,0,0,0,-114,,,,
033649,0,0,0,115,,,,
033650,0,0,0,-20,,,,
033652,0,0,0,-10,,,,
033653,0,0,0,-6,,,,
033655,0,0,0,-118,,,,
033656,0,0,0,-390,,,,
033659,0,0,0,20,,,,
033660,0,0,0,-100,,,,
033661,0,0,0,51,,,,
033662,0,0,0,-49,,,,
033663,0,0,0,12,,,,
033665,0,0,0,7,,,,
033667,0,0,0,400,,,,
033669,0,0,0,16,,,,
033676,-2,0,0,12,,,,
033687,0,0,0,378,,,,
033727,0,0,0,82,,,,
033731,0,0,0,3,,,,
033733,0,0,0,5,,,,
033745,0,0,0,20,,,,
033749,0,0,0,26,,,,
033771,0,0,0,1,,,,
033775,0,0,0,50,,,,
033785,0,0,0,33,,,,
033786,0,0,0,20,,,,
033787,0,0,0,18,,,,
033790,0,0,0,135,,,,
033796,0,0,0,3,,,,
033800,0,0,0,0,,,,
033801,0,0,0,33,,,,
033804,0,0,0,3,,,,
033836,0,0,0,217,,,,
033846,0,0,0,-10,,,,
033853,0,0,0,59,,,,
033856,0,0,0,29,,,,
033859,0,0,0,0,,,,
033862,0,0,0,10,,,,
033908,0,0,0,-16,,,,
033910,0,0,0,20,,,,
033924,0,0,0,50,,,,
033934,0,0,0,-25,,,,
033935,0,0,0,549,,,,
033938,0,0,0,36,,,,
033940,0,0,0,-230,,,,
033942,0,0,0,99,,,,
033943,0,0,0,-251,,,,
033944,0,0,0,-4,,,,
033945,0,0,0,-8,,,,
033946,0,0,0,120,,,,
033948,0,0,0,-40,,,,
033949,0,0,0,-237,,,,
033950,0,0,0,-100,,,,
033951,0,0,0,201,,,,
033952,0,0,0,-50,,,,
033953,0,0,0,-51,,,,
033955,0,0,0,35,,,,
033957,0,0,0,-100,,,,
033959,0,0,0,15,,,,
033961,0,0,0,-56,,,,
033962,0,0,0,55,,,,
033964,0,0,0,55,,,,
033966,0,0,0,-11,,,,
033967,0,0,0,-1,,,,
033968,0,0,0,-79,,,,
033970,0,0,0,-56,,,,
033973,0,0,0,33,,,,
033976,0,0,0,27,,,,
033977,0,0,0,7,,,,
033984,0,0,0,1,,,,
033988,0,0,0,0,,,,
033994,0,0,0,71,,,,
033996,0,0,0,1,,,,
034005,0,0,0,14,,,,
034009,0,0,0,2,,,,
034012,0,0,0,43,,,,
034013,0,0,0,14,,,,
034015,0,0,0,7,,,,
034016,0,0,0,-178,,,,
034028,0,0,0,-50,,,,
034029,0,0,0,250,,,,
034074,0,0,0,3,,,,
034079,0,0,0,-13,,,,
034083,0,0,0,5,,,,
034085,0,0,0,10,,,,
034092,0,0,0,5,,,,
034125,0,0,0,-10,,,,
034139,0,0,0,3,,,,
034151,0,0,0,1,,,,
034166,0,0,0,79,,,,
034169,0,0,0,-50,,,,
034173,0,0,0,-85,,,,
034179,0,0,0,106,,,,
034182,0,0,0,-88,,,,
034187,0,0,0,30,,,,
034188,0,0,0,200,,,,
034203,0,0,0,27,,,,
034211,0,0,0,1,,,,
034213,0,0,0,10,,,,
034224,0,0,0,-270,,,,
034225,0,0,0,-103,,,,
034227,0,0,0,-134,,,,
034238,0,0,0,10,,,,
034239,0,0,0,15,,,,
034240,0,0,0,0,,,,
034242,0,0,0,48,,,,
034244,0,0,0,20,,,,
034247,0,0,0,208,,,,
034251,0,0,0,9,,,,
034253,0,0,0,103,,,,
034264,0,0,0,-92,,,,
034265,0,0,0,-200,,,,
034266,0,0,0,10,,,,
034279,0,0,0,1,,,,
034283,0,0,0,139,,,,
034306,0,0,0,3,,,,
034309,0,0,0,26,,,,
034323,0,0,0,-5,,,,
034324,0,0,0,10,,,,
034326,0,0,0,477,,,,
034344,0,0,0,8,,,,
034345,0,0,0,13,,,,
034362,0,0,0,10,,,,
034373,0,0,0,47,,,,
034382,0,0,0,0,,,,
034390,0,0,0,5,,,,
034393,0,0,0,0,,,,
034402,0,0,0,3,,,,
034418,0,0,0,43,,,,
034420,0,0,0,10,,,,
034421,0,0,0,41,,,,
034429,0,0,0,43,,,,
034431,0,0,0,-1,,,,
034434,0,0,0,32,,,,
034438,0,0,0,-42,,,,
034442,0,0,0,65,,,,
034451,0,0,0,667,,,,
034457,0,0,0,-10,,,,
034458,0,0,0,30,,,,
034463,0,0,0,8,,,,
034469,0,0,0,-17,,,,
034473,0,0,0,27,,,,
034474,0,0,0,-379,,,,
034489,0,0,0,322,,,,
034496,0,0,0,13,,,,
034514,0,0,0,119,,,,
034541,0,0,0,14,,,,
034546,0,0,0,12,,,,
034571,0,0,0,-96,,,,
034572,0,0,0,-28,,,,
034575,0,0,0,-148,,,,
034585,0,0,0,250,,,,
034588,0,0,0,5,,,,
034597,1,0,0,1,,,,
034598,0,0,0,778,,,,
034599,0,0,0,5,,,,
034603,0,0,0,2,,,,
034607,0,0,0,-51,,,,
034611,0,0,0,-201,,,,
034636,0,0,0,-30,,,,
034640,0,0,0,-908,,,,
034651,0,0,0,-10,,,,
034663,0,0,0,11,,,,
034666,0,0,0,25,,,,
034667,0,0,0,4,,,,
034672,0,0,0,35,,,,
034678,0,0,0,97,,,,
034691,0,0,0,30,,,,
034692,0,0,0,1,,,,
034693,0,0,0,-37,,,,
034704,0,0,0,2,,,,
034750,0,0,0,1,,,,
034769,0,0,0,4,,,,
034773,0,0,0,607,,,,
034775,0,0,0,276,,,,
034778,0,0,0,9,,,,
034779,0,0,0,-10,,,,
034785,0,0,0,2,,,,
034788,0,0,0,40,,,,
034790,0,0,0,30,,,,
034791,0,0,0,79,,,,
034794,0,0,0,25,,,,
034796,0,0,0,12,,,,
034799,0,0,0,-436,,,,
034800,0,0,0,-612,,,,
034804,0,0,0,31,,,,
034809,0,0,0,2,,,,
034823,0,0,0,1,,,,
034829,0,0,0,12,,,,
034838,0,0,0,6,,,,
034842,0,0,0,10,,,,
034851,0,0,0,30,,,,
034856,0,0,0,-96,,,,
034857,0,0,0,2,,,,
034859,0,0,0,3,,,,
034863,0,0,0,78,,,,
034872,0,0,0,-34,,,,
034879,0,0,0,-214,,,,
034880,0,0,0,-85,,,,
034881,0,0,0,1,,,,
034882,0,0,0,141,,,,
034884,0,0,0,220,,,,
034885,0,0,0,15,,,,
034886,0,0,0,5,,,,
034897,0,0,0,-37,,,,
034899,0,0,0,1,,,,
034901,0,0,0,239,,,,
034916,0,0,0,-50,,,,
034924,0,0,0,-459,,,,
034930,0,0,0,4,,,,
034932,0,0,0,-350,,,,
034933,0,0,0,362,,,,
034934,0,0,0,-50,,,,
034943,0,0,0,35,,,,
034947,0,0,0,-45,,,,
034948,0,0,0,-20,,,,
034961,0,0,0,0,,,,
034976,0,0,0,11,,,,
034988,0,0,0,20,,,,
034993,0,0,0,4,,,,
034994,0,0,0,-10,,,,
034997,0,0,0,16,,,,
035003,0,0,0,2,,,,
035006,0,0,0,-304,,,,
035013,0,0,0,9,,,,
035017,0,0,0,-50,,,,
035018,0,0,0,-10,,,,
035021,0,0,0,-498,,,,
035028,0,0,0,40,,,,
035030,0,0,0,7,,,,
035031,0,0,0,2,,,,
035036,0,0,0,-10,,,,
035039,0,0,0,-10,,,,
035046,0,0,0,755,,,,
035047,0,0,0,-11,,,,
035048,0,0,0,12,,,,
035049,0,0,0,-146,,,,
035050,0,0,0,-40,,,,
035051,0,0,0,-5,,,,
035052,0,0,0,-1,,,,
035053,0,0,0,49,,,,
035055,0,0,0,0,,,,
035056,0,0,0,-13,,,,
035057,0,0,0,-5,,,,
035059,0,0,0,-1335,,,,
035060,0,0,0,-454,,,,
035062,0,0,0,10,,,,
035064,0,0,0,-50,,,,
035067,0,0,0,-33,,,,
035069,0,0,0,-62,,,,
035072,0,0,0,0,,,,
035073,0,0,0,-102,,,,
035075,0,0,0,11,,,,
035077,0,0,0,30,,,,
035078,0,0,0,-21,,,,
035080,0,0,0,-74,,,,
035081,0,0,0,-21,,,,
035085,0,0,0,-20,,,,
035087,0,0,0,0,,,,
035088,0,0,0,-30,,,,
035089,0,0,0,40,,,,
035098,0,0,0,10,,,,
035104,0,0,0,41,,,,
035107,0,0,0,-8,,,,
035110,0,0,0,75,,,,
035126,0,0,0,-850,,,,
035129,0,0,0,5,,,,
035136,0,0,0,10,,,,
035139,0,0,0,-5,,,,
035146,0,0,0,-50,,,,
035147,0,0,0,75,,,,
035149,0,0,0,2,,,,
035159,0,0,0,265,,,,
035165,0,0,0,0,,,,
035167,0,0,0,-10,,,,
035170,0,0,0,-351,,,,
035172,0,0,0,4,,,,
035174,0,0,0,-97,,,,
035179,0,0,0,20,,,,
035181,0,0,0,50,,,,
035184,0,0,0,30,,,,
035185,0,0,0,121,,,,
035187,0,0,0,57,,,,
035188,0,0,0,1951,,,,
035212,0,0,0,17,,,,
035214,0,0,0,-47,,,,
035216,0,0,0,2,,,,
035217,0,0,0,4,,,,
035223,0,0,0,170,,,,
035224,0,0,0,91,,,,
035225,0,0,0,10,,,,
035231,0,0,0,23,,,,
035236,0,0,0,49,,,,
035244,0,0,0,21,,,,
035248,0,0,0,-44,,,,
035258,0,0,0,-30,,,,
035261,0,0,0,1,,,,
035264,0,0,0,1,,,,
035265,0,0,0,114,,,,
035267,0,0,0,20,,,,
035269,0,0,0,40,,,,
035276,0,0,0,5,,,,
035289,0,0,0,-10,,,,
035297,0,0,0,5,,,,
035311,0,0,0,10,,,,
035315,0,0,0,10,,,,
035322,0,0,0,0,,,,
035325,0,0,0,-254,,,,
035326,0,0,0,2,,,,
035328,0,0,0,-2,,,,
035329,0,0,0,-6,,,,
035332,0,0,0,-529,,,,
035335,0,0,0,644,,,,
035336,0,0,0,17,,,,
035337,0,0,0,458,,,,
035338,0,0,0,-71,,,,
035339,0,0,0,7,,,,
035348,0,0,0,180,,,,
035349,0,0,0,79,,,,
035350,0,0,0,-885,,,,
035354,0,0,0,-5,,,,
035355,0,0,0,-320,,,,
035356,0,0,0,-190,,,,
035357,0,0,0,74,,,,
035368,0,0,0,20,,,,
035369,0,0,0,-81,,,,
035371,0,0,0,346,,,,
035373,0,0,0,17,,,,
035374,0,0,0,-19,,,,
035379,0,0,0,-32,,,,
035384,0,0,0,-68,,,,
035386,0,0,0,13,,,,
035390,0,0,0,-116,,,,
035393,0,0,0,23,,,,
035394,0,0,0,-25,,,,
035395,0,0,0,1,,,,
035399,0,0,0,-22,,,,
035401,0,0,0,0,,,,
035405,0,0,0,55,,,,
035408,0,0,0,630,,,,
035409,0,0,0,-98,,,,
035415,0,0,0,28,,,,
035416,0,0,0,1,,,,
035420,0,0,0,10,,,,
035421,0,0,0,133,,,,
035422,0,0,0,-6,,,,
035426,0,0,0,-10,,,,
035428,0,0,0,-250,,,,
035431,0,0,0,1,,,,
035439,0,0,0,98,,,,
035455,0,0,0,50,,,,
035460,0,0,0,2,,,,
035461,0,0,0,-24,,,,
035464,0,0,0,65,,,,
035467,0,0,0,-1,,,,
035472,0,0,0,-41,,,,
035475,0,0,0,-41,,,,
035477,0,0,0,-20,,,,
035480,0,0,0,1,,,,
035487,0,0,0,40,,,,
035489,0,0,0,-125,,,,
035496,0,0,0,40,,,,
035499,0,0,0,0,,,,
035504,0,0,0,1,,,,
035506,0,0,0,-20,,,,
035511,0,0,0,-48,,,,
035514,0,0,0,30,,,,
035518,0,0,0,19,,,,
035525,0,0,0,20,,,,
035532,0,0,0,1,,,,
035540,0,0,0,70,,,,
035542,0,0,0,60,,,,
035543,0,0,0,39,,,,
035554,0,0,0,-50,,,,
035555,0,0,0,17,,,,
035559,0,0,0,-125,,,,
035561,0,0,0,6,,,,
035570,0,0,0,-716,,,,
035572,0,0,0,10,,,,
035574,0,0,0,-43,,,,
035579,0,0,0,-10,,,,
035581,0,0,0,40,,,,
035584,0,0,0,-1134,,,,
035585,0,0,0,84,,,,
035586,0,0,0,115,,,,
035587,0,0,0,10,,,,
035594,0,0,0,92,,,,
035595,0,0,0,20,,,,
035600,0,0,0,196,,,,
035602,0,0,0,30,,,,
035603,0,0,0,-1,,,,
035605,0,0,0,64,,,,
035609,0,0,0,210,,,,
035616,0,0,0,-252,,,,
035620,0,0,0,-25,,,,
035623,0,0,0,78,,,,
035629,0,0,0,166,,,,
035633,0,0,0,10,,,,
035652,0,0,0,10,,,,
035662,0,0,0,4051,,,,
035668,0,0,0,10,,,,
035682,0,0,0,-2,,,,
035688,0,0,0,-7,,,,
035704,0,0,0,-135,,,,
035707,0,0,0,-10,,,,
035716,0,0,0,10,,,,
035718,0,0,0,-10,,,,
035730,0,0,0,-3,,,,
035731,0,0,0,7,,,,
035736,0,0,0,120,,,,
035737,0,0,0,-245,,,,
035738,0,0,0,-66,,,,
035739,0,0,0,-10,,,,
035740,0,0,0,297,,,,
035741,0,0,0,-112,,,,
035748,0,0,0,-592,,,,
035749,0,0,0,48,,,,
035752,0,0,0,-3,,,,
035753,0,0,0,-1,,,,
035755,0,0,0,7,,,,
035756,0,0,0,26,,,,
035757,0,0,0,251,,,,
035759,0,0,0,90,,,,
035760,0,0,0,-50,,,,
035761,0,0,0,-10,,,,
035763,0,0,0,-48,,,,
035764,0,0,0,80,,,,
035767,0,0,0,-5,,,,
035769,0,0,0,-39,,,,
035787,0,0,0,141,,,,
035799,0,0,0,15,,,,
035801,0,0,0,100,,,,
035810,0,0,0,-5,,,,
035815,0,0,0,50,,,,
035817,0,0,0,0,,,,
035818,0,0,0,-10,,,,
035821,0,0,0,-199,,,,
035825,0,0,0,29,,,,
035828,0,0,0,179,,,,
035835,0,0,0,372,,,,
035836,0,0,0,1,,,,
035838,0,0,0,127,,,,
035839,0,0,0,82,,,,
035842,0,0,0,-2,,,,
035846,0,0,0,432,,,,
035851,0,0,0,10,,,,
035852,0,0,0,23,,,,
035856,0,0,0,23,,,,
035873,0,0,0,37,,,,
035896,0,0,0,3,,,,
035897,0,0,0,-89,,,,
035903,0,0,0,-10,,,,
035912,0,0,0,13,,,,
035915,0,0,0,101,,,,
035921,0,0,0,1,,,,
035922,0,0,0,1,,,,
035938,0,0,0,0,,,,
035942,0,0,0,-1,,,,
035943,0,0,0,-4,,,,
035945,0,0,0,10,,,,
035946,0,0,0,2,,,,
035954,0,0,0,1,,,,
035965,0,0,0,490,,,,
035969,0,0,0,30,,,,
035971,0,0,0,-14,,,,
035976,0,0,0,-22,,,,
035983,0,0,0,-100,,,,
035987,0,0,0,32,,,,
035998,0,0,0,14,,,,
036002,0,0,0,10,,,,
036003,0,0,0,7,,,,
036004,0,0,0,38,,,,
036009,0,0,0,75,,,,
036010,0,0,0,45,,,,
036012,0,0,0,66,,,,
036016,0,0,0,2,,,,
036022,0,0,0,128,,,,
036027,0,0,0,-103,,,,
036028,0,0,0,340,,,,
03602U,0,0,0,-10,,,,
036037,0,0,0,15,,,,
036038,0,0,0,12,,,,
036041,0,0,0,0,,,,
036076,0,0,0,2,,,,
036084,0,0,0,4,,,,
036090,0,0,0,10,,,,
036097,0,0,0,-6,,,,
036102,0,0,0,0,,,,
036103,0,0,0,3,,,,
036107,0,0,0,2,,,,
036108,0,0,0,6,,,,
036113,0,0,0,20,,,,
036118,0,0,0,52,,,,
036125,0,0,0,29,,,,
036128,0,0,0,1,,,,
036129,0,0,0,-48,,,,
036130,0,0,0,-10,,,,
036133,0,0,0,2,,,,
036135,0,0,0,17,,,,
036142,0,0,0,60,,,,
036160,0,0,0,450,,,,
036168,0,0,0,2,,,,
036169,0,0,0,52,,,,
036170,0,0,0,-21,,,,
036173,0,0,0,10,,,,
036174,0,0,0,210,,,,
036190,0,0,0,-1,,,,
036210,0,0,0,-1,,,,
036211,0,0,0,-1,,,,
036215,0,0,0,400,,,,
036224,0,0,0,-1,,,,
036226,0,0,0,33,,,,
036243,0,0,0,5,,,,
036250,0,0,0,106,,,,
036251,0,0,0,14,,,,
036254,0,0,0,0,,,,
036255,0,0,0,9,,,,
036265,0,0,0,599,,,,
036266,0,0,0,30,,,,
036271,0,0,0,75,,,,
036273,0,0,0,-120,,,,
036274,0,0,0,617,,,,
036275,0,0,0,514,,,,
036280,0,0,0,1,,,,
036282,0,0,0,39,,,,
036283,0,0,0,150,,,,
036284,0,0,0,-500,,,,
036292,0,0,0,16,,,,
036295,0,0,0,43,,,,
036297,0,0,0,33,,,,
036304,0,0,0,96,,,,
036306,0,0,0,-58,,,,
036308,0,0,0,3,,,,
036313,0,0,0,-35,,,,
036318,0,0,0,5,,,,
036331,0,0,0,5,,,,
036332,0,0,0,80,,,,
036333,0,0,0,163,,,,
036337,0,0,0,2,,,,
036339,0,0,0,25,,,,
036340,0,0,0,50,,,,
036344,0,0,0,59,,,,
036348,0,0,0,720,,,,
036349,0,0,0,300,,,,
036359,0,0,0,200,,,,
036361,0,0,0,60,,,,
036363,0,0,0,2,,,,
036364,0,0,0,21,,,,
036367,0,0,0,10,,,,
036376,0,0,0,-60,,,,
036380,0,0,0,100,,,,
036384,0,0,0,128,,,,
036385,0,0,0,508,,,,
036386,0,0,0,106,,,,
036389,0,0,0,-10,,,,
036390,0,0,0,215,,,,
036391,0,0,0,353,,,,
036393,0,0,0,37,,,,
036394,0,0,0,8,,,,
036398,0,0,0,-13,,,,
036404,0,0,0,14,,,,
036413,0,0,0,70,,,,
036415,0,0,0,-14,,,,
036417,0,0,0,58,,,,
036438,0,0,0,10,,,,
036443,0,0,0,339,,,,
036446,0,0,0,-14,,,,
036453,0,0,0,1,,,,
036454,0,0,0,-10,,,,
036456,0,0,0,-1,,,,
036464,0,0,0,2,,,,
036466,0,0,0,-2,,,,
036468,0,0,0,33,,,,
036479,0,0,0,-9,,,,
036500,0,0,0,-508,,,,
036502,0,0,0,15,,,,
036506,0,0,0,0,,,,
036510,0,0,0,-2,,,,
036511,0,0,0,0,,,,
036521,0,0,0,-2,,,,
036524,0,0,0,-291,,,,
036533,0,0,0,10,,,,
036534,0,0,0,1,,,,
036535,0,0,0,8,,,,
036539,0,0,0,12,,,,
036540,0,0,0,15,,,,
036541,0,0,0,18,,,,
036542,0,0,0,105,,,,
036543,0,0,0,-11,,,,
036545,0,0,0,-278,,,,
036547,0,0,0,53,,,,
036552,0,0,0,10,,,,
036553,0,0,0,1,,,,
036556,0,0,0,104,,,,
036557,0,0,0,85,,,,
036558,0,0,0,27,,,,
036559,0,0,0,-16,,,,
036561,0,0,0,2,,,,
036572,-14,0,0,174,,,,
036573,0,0,0,320,,,,
036574,0,0,0,-397,,,,
036583,0,0,0,54,,,,
036584,0,0,0,120,,,,
036588,0,0,0,3,,,,
036591,0,0,0,3,,,,
036597,0,0,0,10,,,,
036599,0,0,0,11,,,,
036604,0,0,0,0,,,,
036606,0,0,0,11,,,,
036612,0,0,0,6,,,,
036613,0,0,0,-80,,,,
036615,0,0,0,1,,,,
036616,0,0,0,-100,,,,
036617,0,0,0,9,,,,
036623,0,0,0,26,,,,
036629,0,0,0,0,,,,
036633,0,0,0,90,,,,
036649,0,0,0,299,,,,
036651,0,0,0,-15,,,,
036670,0,0,0,-25,,,,
036674,0,0,0,15,,,,
036703,0,0,0,4,,,,
036708,0,0,0,3,,,,
036713,0,0,0,-2,,,,
036716,0,0,0,22,,,,
036722,0,0,0,9,,,,
036735,0,0,0,10,,,,
036738,0,0,0,46,,,,
036754,0,0,0,5,,,,
036758,0,0,0,0,,,,
036765,0,0,0,50,,,,
036769,0,0,0,7,,,,
036772,0,0,0,171,,,,
036773,0,0,0,332,,,,
036779,0,0,0,10,,,,
036784,0,0,0,87,,,,
036785,0,0,0,-32,,,,
036792,0,0,0,18,,,,
036805,0,0,0,-357,,,,
036808,0,0,0,362,,,,
036809,0,0,0,1,,,,
036810,0,0,0,14,,,,
036815,-3,0,0,3,,,,
036819,0,0,0,10,,,,
036831,0,0,0,12,,,,
036838,0,0,0,45,,,,
036842,0,0,0,178,,,,
036843,0,0,0,-482,,,,
036844,0,0,0,-37,,,,
036845,0,0,0,276,,,,
036848,0,0,0,-20,,,,
036849,0,0,0,-1,,,,
036853,0,0,0,256,,,,
036854,0,0,0,10,,,,
036855,0,0,0,-10,,,,
036856,0,0,0,-75,,,,
036857,0,0,0,-12,,,,
036860,0,0,0,-85,,,,
036864,0,0,0,0,,,,
036865,0,0,0,243,,,,
036866,0,0,0,-200,,,,
036869,0,0,0,340,,,,
036874,0,0,0,-3,,,,
036875,0,0,0,79,,,,
036876,0,0,0,-15,,,,
036877,0,0,0,0,,,,
036878,0,0,0,-21,,,,
036879,0,0,0,93,,,,
036880,0,0,0,-152,,,,
036888,0,0,0,2,,,,
036889,0,0,0,7,,,,
036890,0,0,0,8,,,,
036924,0,0,0,8,,,,
036930,0,0,0,6,,,,
036931,0,0,0,55,,,,
036945,0,0,0,-6,,,,
036949,0,0,0,4,,,,
036953,0,0,0,1,,,,
036954,0,0,0,-50,,,,
036958,0,0,0,20,,,,
036960,0,0,0,10,,,,
036963,0,0,0,0,,,,
036973,0,0,0,-8,,,,
036976,0,0,0,35,,,,
036983,0,0,0,60,,,,
036986,0,0,0,150,,,,
036990,0,0,0,-20,,,,
036996,0,0,0,45,,,,
037001,0,0,0,6,,,,
037004,0,0,0,838,,,,
037007,0,0,0,55,,,,
037009,0,0,0,-644,,,,
037010,0,0,0,514,,,,
037011,0,0,0,-250,,,,
037012,0,0,0,355,,,,
037013,0,0,0,332,,,,
037016,0,0,0,20,,,,
037017,0,0,0,115,,,,
037019,0,0,0,112,,,,
037022,0,0,0,-544,,,,
037023,0,0,0,10,,,,
037024,0,0,0,-90,,,,
037025,0,0,0,-10,,,,
037026,0,0,0,115,,,,
037027,0,0,0,-9,,,,
037029,0,0,0,-8,,,,
037033,0,0,0,-10,,,,
037034,0,0,0,-1027,,,,
037035,0,0,0,115,,,,
037036,-4,0,0,-19,,,,
037037,0,0,0,3,,,,
037038,0,0,0,5,,,,
037039,0,0,0,19,,,,
037046,0,0,0,-35,,,,
037050,0,0,0,3,,,,
037052,0,0,0,-4,,,,
037053,0,0,0,148,,,,
037055,0,0,0,50,,,,
037056,0,0,0,-10,,,,
037057,0,0,0,92,,,,
037058,0,0,0,-20,,,,
037059,0,0,0,8,,,,
037061,0,0,0,-367,,,,
037062,0,0,0,20,,,,
037063,0,0,0,-4,,,,
037064,0,0,0,-1031,,,,
037065,0,0,0,-10,,,,
037066,0,0,0,-38,,,,
037069,0,0,0,24,,,,
037075,0,0,0,-241,,,,
037076,0,0,0,-393,,,,
037079,0,0,0,20,,,,
037091,0,0,0,1,,,,
037095,0,0,0,15,,,,
037098,0,0,0,43,,,,
037102,0,0,0,1,,,,
037104,0,0,0,46,,,,
03710B,0,0,0,1532,,,,
037111,0,0,0,2,,,,
037113,0,0,0,5,,,,
037114,0,0,0,1,,,,
037116,0,0,0,10,,,,
03711B,0,0,0,557,,,,
037127,0,0,0,3,,,,
03712B,0,0,0,515,,,,
037130,0,0,0,85,,,,
03713B,0,0,0,237,,,,
037142,0,0,0,63,,,,
037147,0,0,0,32,,,,
037149,0,0,0,11,,,,
03714B,0,0,0,-527,,,,
037150,0,0,0,2,,,,
037153,0,0,0,2,,,,
037154,0,0,0,10,,,,
037155,0,0,0,70,,,,
037156,0,0,0,461,,,,
03715B,0,0,0,387,,,,
037164,0,0,0,7,,,,
03716B,0,0,0,-94,,,,
037170,0,0,0,373,,,,
037172,0,0,0,50,,,,
037185,0,0,0,-100,,,,
037191,0,0,0,2,,,,
037199,0,0,0,100,,,,
037201,0,0,0,2,,,,
037202,0,0,0,-17,,,,
037203,0,0,0,-1,,,,
037204,0,0,0,40,,,,
037212,0,0,0,1,,,,
037216,0,0,0,2,,,,
037218,0,0,0,290,,,,
03721U,0,0,0,-7,,,,
037220,0,0,0,50,,,,
037225,0,0,0,7,,,,
037242,0,0,0,-12,,,,
037244,0,0,0,102,,,,
037246,0,0,0,10,,,,
037247,0,0,0,-120,,,,
037248,0,0,0,-5,,,,
037249,0,0,0,12,,,,
037250,0,0,0,0,,,,
037251,0,0,0,24,,,,
037254,0,0,0,20,,,,
037268,0,0,0,8,,,,
037282,0,0,0,2,,,,
037284,0,0,0,1,,,,
037285,0,0,0,22,,,,
037289,0,0,0,0,,,,
037290,0,0,0,150,,,,
037291,0,0,0,-19,,,,
037301,0,0,0,10,,,,
037305,0,0,0,312,,,,
037307,0,0,0,2,,,,
037308,0,0,0,85,,,,
037312,0,0,0,-31,,,,
037318,0,0,0,377,,,,
037324,0,0,0,5,,,,
037327,0,0,0,0,,,,
037334,0,0,0,-28,,,,
037350,0,0,0,-4,,,,
037351,0,0,0,2,,,,
037354,0,0,0,1,,,,
037355,0,0,0,-168,,,,
037359,0,0,0,-11,,,,
037372,0,0,0,98,,,,
037373,0,0,0,-110,,,,
037375,0,0,0,-11,,,,
037383,0,0,0,1,,,,
037387,0,0,0,-65,,,,
037389,0,0,0,-81,,,,
037401,0,0,0,17,,,,
037402,0,0,0,-382,,,,
037404,0,0,0,4,,,,
037406,0,0,0,-5,,,,
037407,0,0,0,52,,,,
03742U,0,0,0,-112,,,,
037436,0,0,0,1,,,,
037437,0,0,0,-25,,,,
037440,0,0,0,23,,,,
037442,0,0,0,-64,,,,
037450,0,0,0,-10,,,,
037452,0,0,0,-5,,,,
037455,0,0,0,2,,,,
037457,0,0,0,-357,,,,
037466,0,0,0,5,,,,
037468,0,0,0,161,,,,
03746U,0,0,0,-30,,,,
037476,0,0,0,1,,,,
037480,0,0,0,4,,,,
037489,0,0,0,5,,,,
037493,0,0,0,50,,,,
037494,0,0,0,106,,,,
037495,0,0,0,10,,,,
037496,0,0,0,231,,,,
037497,0,0,0,-1219,,,,
037498,0,0,0,35,,,,
037503,0,0,0,-31,,,,
037517,0,0,0,4,,,,
037519,0,0,0,65,,,,
037521,0,0,0,11,,,,
037525,0,0,0,13,,,,
037530,0,0,0,-32,,,,
037531,0,0,0,107,,,,
037533,0,0,0,10,,,,
037542,0,0,0,-10,,,,
037544,0,0,0,164,,,,
037545,0,0,0,-137,,,,
037549,0,0,0,300,,,,
037551,0,0,0,10,,,,
037557,0,0,0,10,,,,
037560,0,0,0,5,,,,
037563,0,0,0,225,,,,
037564,0,0,0,-60,,,,
037565,0,0,0,-93,,,,
037566,0,0,0,112,,,,
037573,0,0,0,10,,,,
037574,0,0,0,-250,,,,
037579,0,0,0,258,,,,
037589,0,0,0,1,,,,
037590,0,0,0,400,,,,
037594,0,0,0,5,,,,
037609,0,0,0,6,,,,
037613,0,0,0,115,,,,
037636,0,0,0,7,,,,
037640,0,0,0,11,,,,
037641,0,0,0,10,,,,
037643,0,0,0,-7,,,,
037648,0,0,0,63,,,,
037649,0,0,0,0,,,,
037650,0,0,0,13,,,,
037656,0,0,0,0,,,,
037668,0,0,0,2,,,,
037682,0,0,0,36,,,,
037686,0,0,0,10,,,,
037691,0,0,0,1,,,,
037693,0,0,0,30,,,,
037700,0,0,0,70,,,,
037719,0,0,0,-6,,,,
037731,0,0,0,-307,,,,
037736,0,0,0,17,,,,
037742,0,0,0,-150,,,,
037753,0,0,0,-5,,,,
037755,0,0,0,-110,,,,
037758,0,0,0,399,,,,
037759,0,0,0,238,,,,
037760,0,0,0,39,,,,
037763,0,0,0,90,,,,
037764,0,0,0,22,,,,
037766,0,0,0,3,,,,
037774,0,0,0,1293,,,,
037776,0,0,0,5,,,,
037778,0,0,0,300,,,,
037780,0,0,0,4,,,,
037787,0,0,0,20,,,,
037791,0,0,0,-190,,,,
037794,0,0,0,5,,,,
037795,0,0,0,10,,,,
037800,0,0,0,3,,,,
037802,0,0,0,-3,,,,
037805,0,0,0,1,,,,
037831,0,0,0,5,,,,
037833,0,0,0,10,,,,
037853,0,0,0,2,,,,
037855,0,0,0,-99,,,,
037869,0,0,0,0,,,,
037876,0,0,0,4,,,,
037877,0,0,0,366,,,,
037880,0,0,0,101,,,,
037888,0,0,0,3,,,,
037890,0,0,0,50,,,,
037893,0,0,0,1,,,,
037894,0,0,0,20,,,,
037895,0,0,0,10,,,,
037902,0,0,0,33,,,,
037910,0,0,0,50,,,,
037918,0,0,0,0,,,,
037922,0,0,0,-49,,,,
037923,0,0,0,-75,,,,
037930,0,0,0,2,,,,
037932,0,0,0,6,,,,
037941,0,0,0,52,,,,
037954,0,0,0,-998,,,,
037958,0,0,0,-80,,,,
037961,0,0,0,2,,,,
037966,0,0,0,0,,,,
037977,0,0,0,75,,,,
037985,0,0,0,-9,,,,
037986,0,0,0,4,,,,
037987,0,0,0,33,,,,
037988,0,0,0,-10,,,,
037989,0,0,0,4,,,,
037990,0,0,0,-10,,,,
037997,0,0,0,255,,,,
037998,0,0,0,-1,,,,
038005,0,0,0,-440,,,,
038017,0,0,0,1,,,,
038021,0,0,0,13,,,,
038029,0,0,0,-800,,,,
038030,0,0,0,-550,,,,
038031,0,0,0,-36,,,,
038032,0,0,0,2,,,,
038036,0,0,0,9,,,,
038047,0,0,0,-146,,,,
038064,0,0,0,-1,,,,
038076,0,0,0,2,,,,
038077,0,0,0,0,,,,
038078,0,0,0,35,,,,
038081,0,0,0,31,,,,
038085,0,0,0,15,,,,
038086,0,0,0,-11,,,,
038089,0,0,0,331,,,,
038090,0,0,0,49,,,,
038096,0,0,0,3,,,,
038098,0,0,0,20,,,,
038117,0,0,0,1,,,,
038124,0,0,0,-13,,,,
038131,0,0,0,1,,,,
038133,0,0,0,1,,,,
038147,0,0,0,-9,,,,
038157,0,0,0,-5,,,,
038159,0,0,0,61,,,,
038163,0,0,0,-18,,,,
038166,0,0,0,-20,,,,
038171,0,0,0,20,,,,
038175,0,0,0,-5,,,,
038177,0,0,0,40,,,,
038180,0,0,0,5,,,,
038186,0,0,0,1,,,,
038196,0,0,0,760,,,,
038200,0,0,0,2,,,,
038201,0,0,0,-3,,,,
038203,0,0,0,-1076,,,,
038209,0,0,0,-121,,,,
038216,0,0,0,-12,,,,
038221,0,0,0,2,,,,
038224,0,0,0,-10,,,,
038230,0,0,0,-95,,,,
038235,0,0,0,-23,,,,
038240,0,0,0,499,,,,
038244,0,0,0,27,,,,
038245,0,0,0,-125,,,,
038248,0,0,0,-243,,,,
038256,0,0,0,-184,,,,
038259,0,0,0,-49,,,,
038261,0,0,0,280,,,,
038263,0,0,0,-85,,,,
038290,0,0,0,2,,,,
038311,0,0,0,-16,,,,
038313,0,0,0,-100,,,,
038315,0,0,0,-152,,,,
038316,0,0,0,-19,,,,
038317,10,0,0,-367,,,,
038318,1,0,0,-694,,,,
038320,0,0,0,108,,,,
038321,0,0,0,-680,,,,
038322,0,0,0,2,,,,
038323,0,0,0,271,,,,
038324,0,0,0,13,,,,
038326,0,0,0,1,,,,
038327,0,0,0,4,,,,
038328,0,0,0,-5,,,,
038333,0,0,0,91,,,,
038334,0,0,0,1,,,,
038351,0,0,0,-2,,,,
038352,0,0,0,-30,,,,
038353,0,0,0,8,,,,
038362,0,0,0,-40,,,,
038363,0,0,0,0,,,,
038373,0,0,0,-90,,,,
038398,0,0,0,-1,,,,
038400,0,0,0,-123,,,,
038403,0,0,0,-31,,,,
038409,0,0,0,44,,,,
038410,0,0,0,-354,,,,
038415,0,0,0,27,,,,
038419,0,0,0,-100,,,,
038422,0,0,0,37,,,,
038424,0,0,0,2,,,,
038432,0,0,0,60,,,,
038433,0,0,0,13,,,,
038444,0,0,0,86,,,,
038449,0,0,0,4,,,,
038463,0,0,0,2,,,,
038479,0,0,0,4,,,,
038486,0,0,0,258,,,,
038487,0,0,0,10,,,,
038488,0,0,0,10,,,,
038492,0,0,0,30,,,,
038493,0,0,0,-133,,,,
038494,0,0,0,0,,,,
038496,0,0,0,2,,,,
038499,0,0,0,-26,,,,
038501,0,0,0,-323,,,,
038504,0,0,0,2,,,,
038505,0,0,0,4,,,,
038510,0,0,0,165,,,,
038511,0,0,0,48,,,,
038512,0,0,0,6,,,,
038513,0,0,0,-156,,,,
038515,0,0,0,2,,,,
038520,0,0,0,16,,,,
038528,0,0,0,4,,,,
038529,0,0,0,-82,,,,
038531,0,0,0,-12,,,,
038535,0,0,0,10,,,,
038538,0,0,0,-19,,,,
038546,0,0,0,4,,,,
038547,0,0,0,8,,,,
038548,0,0,0,161,,,,
038558,0,0,0,384,,,,
038559,0,0,0,17,,,,
038561,0,0,0,-10,,,,
038562,0,0,0,-140,,,,
038566,0,0,0,-21,,,,
038568,0,0,0,5,,,,
038569,0,0,0,-26,,,,
038570,0,0,0,-60,,,,
038571,0,0,0,30,,,,
038573,0,0,0,-12,,,,
038576,0,0,0,254,,,,
038577,0,0,0,-6,,,,
038580,0,0,0,65,,,,
038581,0,0,0,-198,,,,
038584,0,0,0,123,,,,
038586,0,0,0,0,,,,
038589,0,0,0,1,,,,
038593,0,0,0,-299,,,,
038607,0,0,0,130,,,,
038608,0,0,0,40,,,,
038623,0,0,0,-393,,,,
038629,0,0,0,-420,,,,
038635,0,0,0,30,,,,
038652,0,0,0,-8,,,,
038657,0,0,0,159,,,,
038658,0,0,0,115,,,,
038659,0,0,0,1053,,,,
038660,0,0,0,-136,,,,
038665,0,0,0,140,,,,
038666,0,0,0,395,,,,
038667,0,0,0,-10,,,,
038668,0,0,0,62,,,,
038674,0,0,0,16,,,,
038678,0,0,0,625,,,,
038679,0,0,0,46,,,,
038680,0,0,0,-15,,,,
038681,0,0,0,407,,,,
038683,0,0,0,-189,,,,
038686,0,0,0,-1,,,,
038689,0,0,0,2,,,,
038699,0,0,0,38,,,,
038707,0,0,0,84,,,,
038713,0,0,0,26,,,,
038721,0,0,0,0,,,,
038722,0,0,0,-17,,,,
038732,0,0,0,20,,,,
038736,0,0,0,6,,,,
038742,0,0,0,0,,,,
038745,0,0,0,-58,,,,
038746,0,0,0,-4,,,,
038748,0,0,0,19,,,,
038749,0,0,0,27,,,,
038768,0,0,0,-230,,,,
038771,0,0,0,-273,,,,
038774,0,0,0,458,,,,
038776,0,0,0,2,,,,
038780,0,0,0,-3,,,,
038781,0,0,0,184,,,,
038782,0,0,0,-80,,,,
038785,0,0,0,8,,,,
038787,0,0,0,-50,,,,
038790,0,0,0,79,,,,
038794,0,0,0,5,,,,
038795,0,0,0,-108,,,,
038799,0,0,0,-15,,,,
038806,0,0,0,20,,,,
038812,0,0,0,-50,,,,
038813,0,0,0,-100,,,,
038815,0,0,0,-3,,,,
038816,0,0,0,-35,,,,
038817,0,0,0,77,,,,
038818,0,0,0,160,,,,
038822,0,0,0,-11,,,,
038824,0,0,0,-17,,,,
038825,0,0,0,-1057,,,,
038827,0,0,0,-20,,,,
038828,0,0,0,189,,,,
038829,0,0,0,45,,,,
038830,0,0,0,2,,,,
038831,0,0,0,66,,,,
038844,0,0,0,-1,,,,
038846,0,0,0,79,,,,
038847,0,0,0,401,,,,
038848,0,0,0,-805,,,,
038849,0,0,0,5,,,,
038850,0,0,0,106,,,,
038852,0,0,0,-100,,,,
038858,0,0,0,-149,,,,
038859,0,0,0,332,,,,
038860,0,0,0,-56,,,,
038861,0,0,0,76,,,,
038862,0,0,0,6,,,,
038863,0,0,0,-1,,,,
038865,0,0,0,-1,,,,
038873,0,0,0,396,,,,
038874,0,0,0,126,,,,
038875,0,0,0,10,,,,
038876,0,0,0,-66,,,,
038877,0,0,0,-133,,,,
038879,0,0,0,0,,,,
038880,0,0,0,-20,,,,
038883,0,0,0,25,,,,
038888,0,0,0,133,,,,
038891,0,0,0,25,,,,
038895,0,0,0,127,,,,
038899,0,0,0,476,,,,
038902,0,0,0,-1,,,,
038903,0,0,0,-4,,,,
038905,0,0,0,20,,,,
038906,0,0,0,-280,,,,
038921,0,0,0,104,,,,
038926,0,0,0,-177,,,,
038935,0,0,0,-124,,,,
038937,0,0,0,6,,,,
038938,0,0,0,117,,,,
038942,0,0,0,0,,,,
038944,0,0,0,-1,,,,
038953,0,0,0,20,,,,
038954,0,0,0,0,,,,
038955,0,0,0,-5,,,,
038957,15,0,0,-99,,,,
038960,0,0,0,-16,,,,
038972,0,0,0,80,,,,
038973,0,0,0,57,,,,
038976,0,0,0,0,,,,
038977,0,0,0,-20,,,,
038978,0,0,0,-58,,,,
038981,0,0,0,-20,,,,
038982,0,0,0,-10,,,,
038983,0,0,0,-10,,,,
038985,0,0,0,2994,,,,
038986,0,0,0,-100,,,,
038987,0,0,0,244,,,,
038988,0,0,0,95,,,,
038989,0,0,0,-85,,,,
038990,0,0,0,-4,,,,
038991,0,0,0,-5,,,,
038992,0,0,0,-951,,,,
038993,0,0,0,44,,,,
038994,0,0,0,30,,,,
038995,0,0,0,25,,,,
039001,0,0,0,-25,,,,
039004,0,0,0,806,,,,
039005,0,0,0,-14,,,,
039007,0,0,0,6,,,,
039009,0,0,0,126,,,,
039010,0,0,0,2,,,,
039011,0,0,0,7,,,,
039012,0,0,0,3,,,,
039015,0,0,0,326,,,,
039016,0,0,0,-220,,,,
039017,0,0,0,-76,,,,
039018,0,0,0,94,,,,
039019,0,0,0,147,,,,
039023,0,0,0,3,,,,
039024,0,0,0,-1,,,,
039025,0,0,0,-100,,,,
039026,0,0,0,51,,,,
039027,0,0,0,-3,,,,
039028,0,0,0,487,,,,
039031,0,0,0,-402,,,,
039032,0,0,0,-309,,,,
039036,0,0,0,10,,,,
039037,0,0,0,-16,,,,
039038,0,0,0,-94,,,,
039048,0,0,0,-316,,,,
039049,0,0,0,120,,,,
039051,0,0,0,-2,,,,
039052,0,0,0,10,,,,
039055,0,0,0,50,,,,
039056,0,0,0,82,,,,
039066,0,0,0,3,,,,
039068,0,0,0,-25,,,,
039070,0,0,0,-77,,,,
039073,0,0,0,1,,,,
039078,0,0,0,-15,,,,
039081,0,0,0,2,,,,
039082,0,0,0,-79,,,,
039086,0,0,0,36,,,,
039087,0,0,0,-15,,,,
039088,0,0,0,-3,,,,
039093,0,0,0,16,,,,
039097,0,0,0,10,,,,
039108,0,0,0,-3,,,,
039111,0,0,0,1,,,,
039113,0,0,0,1,,,,
039119,0,0,0,106,,,,
039125,0,0,0,-29,,,,
039146,0,0,0,3206,,,,
039147,0,0,0,-150,,,,
039156,0,0,0,1,,,,
039157,0,0,0,227,,,,
039162,0,0,0,-3,,,,
039164,0,0,0,405,,,,
039165,0,0,0,231,,,,
039166,0,0,0,39,,,,
039167,0,0,0,77,,,,
039175,0,0,0,25,,,,
039177,0,0,0,-160,,,,
039186,0,0,0,120,,,,
039187,0,0,0,-737,,,,
039194,0,0,0,62,,,,
039195,0,0,0,697,,,,
039196,0,0,0,85,,,,
039201,0,0,0,7,,,,
039218,0,0,0,-5,,,,
039224,0,0,0,-10,,,,
039229,0,0,0,11,,,,
039230,0,0,0,5,,,,
039233,0,0,0,1,,,,
039241,0,0,0,4,,,,
039242,0,0,0,9,,,,
039252,0,0,0,-61,,,,
039255,0,0,0,-200,,,,
039266,0,0,0,36,,,,
039270,0,0,0,1,,,,
039274,0,0,0,20,,,,
03927U,0,0,0,-211,,,,
039287,0,0,0,-80,,,,
039295,0,0,0,5,,,,
039301,0,0,0,35,,,,
039305,0,0,0,75,,,,
039310,0,0,0,-25,,,,
039312,0,0,0,10,,,,
039313,0,0,0,-47,,,,
039318,0,0,0,99,,,,
039319,0,0,0,1,,,,
039324,0,0,0,20,,,,
039328,0,0,0,-93,,,,
039330,0,0,0,-562,,,,
039334,0,0,0,2,,,,
039336,0,0,0,62,,,,
039340,0,0,0,35,,,,
039341,0,0,0,-4,,,,
039346,0,0,0,-4,,,,
039348,0,0,0,-1,,,,
039349,0,0,0,100,,,,
039352,0,0,0,16,,,,
039354,0,0,0,-18,,,,
039355,0,0,0,-3,,,,
039359,0,0,0,280,,,,
039366,0,0,0,-115,,,,
039368,0,0,0,-40,,,,
039370,0,0,0,5,,,,
039377,0,0,0,50,,,,
039378,0,0,0,-136,,,,
039382,0,0,0,1,,,,
039385,0,0,0,-10,,,,
039393,0,0,0,3,,,,
039397,0,0,0,-425,,,,
039400,0,0,0,-10,,,,
039406,0,0,0,10,,,,
039408,0,0,0,2,,,,
039410,0,0,0,20,,,,
039415,0,0,0,20,,,,
039422,0,0,0,-1,,,,
039425,0,0,0,18,,,,
039434,0,0,0,1,,,,
039439,0,0,0,21,,,,
039440,0,0,0,61,,,,
039441,0,0,0,-20,,,,
039443,0,0,0,210,,,,
039444,0,0,0,200,,,,
039446,0,0,0,-742,,,,
039447,0,0,0,-1,,,,
039448,0,0,0,26,,,,
039449,0,0,0,-7,,,,
039451,0,0,0,907,,,,
039454,0,0,0,181,,,,
039456,0,0,0,-24,,,,
039457,0,0,0,30,,,,
039458,0,0,0,97,,,,
039460,0,0,0,71,,,,
039462,0,0,0,54,,,,
039464,0,0,0,-1,,,,
039465,0,0,0,-48,,,,
039466,0,0,0,-4,,,,
039467,0,0,0,-20,,,,
039468,0,0,0,-10,,,,
039471,0,0,0,-20,,,,
039473,0,0,0,783,,,,
039475,0,0,0,399,,,,
039478,0,0,0,71,,,,
039479,0,0,0,-173,,,,
039481,0,0,0,-81,,,,
039482,0,0,0,49,,,,
039490,0,0,0,222,,,,
039492,0,0,0,10,,,,
039494,0,0,0,77,,,,
039495,0,0,0,125,,,,
039497,0,0,0,-12,,,,
039503,0,0,0,10,,,,
039505,0,0,0,-200,,,,
039506,0,0,0,10,,,,
039507,0,0,0,43,,,,
039512,0,0,0,5,,,,
039514,0,0,0,159,,,,
039516,0,0,0,10,,,,
039517,0,0,0,7,,,,
039520,0,0,0,37,,,,
039523,0,0,0,250,,,,
039525,0,0,0,-226,,,,
039526,0,0,0,2,,,,
039534,0,0,0,80,,,,
039540,0,0,0,20,,,,
039561,0,0,0,6,,,,
039563,0,0,0,2,,,,
039577,0,0,0,8,,,,
039578,0,0,0,-1,,,,
039580,0,0,0,-50,,,,
039586,0,0,0,-10,,,,
039591,0,0,0,6,,,,
039593,0,0,0,16,,,,
039594,0,0,0,37,,,,
039597,0,0,0,16,,,,
039599,0,0,0,-5,,,,
039603,0,0,0,-2,,,,
039605,0,0,0,95,,,,
039607,0,0,0,132,,,,
039608,0,0,0,4,,,,
039609,0,0,0,131,,,,
039610,0,0,0,-2,,,,
039611,0,0,0,539,,,,
039612,0,0,0,-11,,,,
039613,0,0,0,-38,,,,
039614,0,0,0,-10,,,,
039615,0,0,0,-76,,,,
039616,0,0,0,-15,,,,
039617,0,0,0,-65,,,,
039618,0,0,0,192,,,,
039624,0,0,0,92,,,,
039626,0,0,0,-9,,,,
039627,0,0,0,-93,,,,
039628,0,0,0,11,,,,
039637,0,0,0,0,,,,
039640,0,0,0,-100,,,,
039645,0,0,0,36,,,,
039650,0,0,0,1,,,,
039670,0,0,0,1088,,,,
039674,0,0,0,-10,,,,
039675,0,0,0,142,,,,
039676,0,0,0,8,,,,
039680,0,0,0,-123,,,,
039681,0,0,0,10,,,,
039688,0,0,0,-30,,,,
039689,0,0,0,82,,,,
039691,0,0,0,4,,,,
039693,0,0,0,-11,,,,
039694,0,0,0,28,,,,
039697,0,0,0,13,,,,
039702,0,0,0,2,,,,
039703,0,0,0,-10,,,,
039704,0,0,0,33,,,,
039706,0,0,0,507,,,,
039725,0,0,0,4,,,,
03972C,0,0,0,-771,,,,
039730,0,0,0,30,,,,
039738,0,0,0,-27,,,,
039739,0,0,0,-33,,,,
039742,0,0,0,100,,,,
039744,0,0,0,1,,,,
039747,0,0,0,7,,,,
039748,0,0,0,7,,,,
039750,0,0,0,24,,,,
039751,0,0,0,10,,,,
039761,0,0,0,1,,,,
039768,0,0,0,-105,,,,
039769,0,0,0,5,,,,
039770,0,0,0,-5,,,,
039771,0,0,0,5,,,,
039772,0,0,0,98,,,,
039773,0,0,0,42,,,,
039774,0,0,0,-3,,,,
039780,0,0,0,-1,,,,
039784,0,0,0,148,,,,
039786,0,0,0,-182,,,,
039787,0,0,0,-31,,,,
039788,0,0,0,20,,,,
039796,0,0,0,0,,,,
039798,0,0,0,53,,,,
03979C,0,0,0,-5,,,,
039800,0,0,0,33,,,,
039815,0,0,0,398,,,,
039816,0,0,0,62,,,,
039817,0,0,0,9,,,,
039821,0,0,0,-30,,,,
039822,0,0,0,31,,,,
039823,0,0,0,2,,,,
039825,0,0,0,-22,,,,
039826,0,0,0,15,,,,
039827,0,0,0,265,,,,
039828,0,0,0,9,,,,
039838,0,0,0,10,,,,
039841,0,0,0,50,,,,
039849,0,0,0,30,,,,
039852,0,0,0,1,,,,
039855,0,0,0,-19,,,,
039868,0,0,0,-299,,,,
039879,0,0,0,49,,,,
03987C,0,0,0,0,,,,
039881,0,0,0,20,,,,
039882,0,0,0,4,,,,
039883,0,0,0,1,,,,
039885,0,0,0,3,,,,
039886,0,0,0,1,,,,
039891,0,0,0,10,,,,
039893,0,0,0,3,,,,
039894,0,0,0,57,,,,
039907,0,0,0,80,,,,
039910,0,0,0,87,,,,
039912,0,0,0,-808,,,,
039913,0,0,0,-118,,,,
039917,0,0,0,1,,,,
039922,0,0,0,20,,,,
039923,0,0,0,-304,,,,
039924,0,0,0,-39,,,,
039925,0,0,0,31,,,,
039926,0,0,0,299,,,,
039929,0,0,0,-146,,,,
039930,0,0,0,-10,,,,
039933,0,0,0,0,,,,
039938,0,0,0,-2116,,,,
039940,0,0,0,2,,,,
039943,0,0,0,-496,,,,
039946,0,0,0,1,,,,
03994C,0,0,0,-11,,,,
03995C,0,0,0,16,,,,
039962,0,0,0,1,,,,
039966,0,0,0,5,,,,
039968,0,0,0,1,,,,
03996C,0,0,0,-6,,,,
039971,0,0,0,5,,,,
03997U,0,0,0,10,,,,
039980,0,0,0,10,,,,
039983,0,0,0,20,,,,
03998C,0,0,0,-705,,,,
039992,0,0,0,11,,,,
039998,0,0,0,-138,,,,
039999,0,0,0,31,,,,
040000,0,0,0,-1,,,,
040001,0,0,0,-99,,,,
040002,0,0,0,-27,,,,
040006,0,0,0,20,,,,
040014,0,0,0,-1,,,,
040019,0,0,0,-10,,,,
04001C,0,0,0,-69,,,,
040022,0,0,0,-66,,,,
040023,0,0,0,6,,,,
040024,0,0,0,-45,,,,
040027,0,0,0,10,,,,
04002C,0,0,0,6,,,,
040030,0,0,0,-2,,,,
040031,0,0,0,306,,,,
040037,0,0,0,2,,,,
04003C,0,0,0,-109,,,,
040040,0,0,0,25,,,,
040041,0,0,0,20,,,,
040045,0,0,0,-1,,,,
040046,0,0,0,23,,,,
04004C,0,0,0,-175,,,,
040053,0,0,0,7,,,,
040055,0,0,0,-120,,,,
040056,0,0,0,-1,,,,
04005C,0,0,0,-485,,,,
040064,0,0,0,43,,,,
040065,0,0,0,264,,,,
040067,0,0,0,361,,,,
040069,0,0,0,-107,,,,
04006C,0,0,0,-111,,,,
040072,0,0,0,53,,,,
040075,0,0,0,-125,,,,
040076,0,0,0,152,,,,
040079,0,0,0,480,,,,
04007C,0,0,0,-605,,,,
040080,0,0,0,31,,,,
040086,0,0,0,1,,,,
040088,0,0,0,1,,,,
04008C,0,0,0,-78,,,,
040096,0,0,0,11,,,,
040097,0,0,0,14,,,,
040098,0,0,0,42,,,,
04009C,0,0,0,-172,,,,
040106,0,0,0,-24,,,,
040107,0,0,0,199,,,,
040108,0,0,0,577,,,,
040109,0,0,0,166,,,,
040113,0,0,0,89,,,,
040130,0,0,0,-19,,,,
040134,0,0,0,1,,,,
040139,0,0,0,-25,,,,
040141,0,0,0,0,,,,
040143,0,0,0,8,,,,
040153,0,0,0,9,,,,
040161,0,0,0,72,,,,
040163,0,0,0,-290,,,,
040169,0,0,0,10,,,,
040177,0,0,0,-11,,,,
040180,0,0,0,-77,,,,
040181,0,0,0,68,,,,
040189,0,0,0,50,,,,
040190,0,0,0,50,,,,
040192,0,0,0,-9,,,,
040203,0,0,0,26,,,,
040218,0,0,0,-10,,,,
040232,0,0,0,30,,,,
040234,0,0,0,30,,,,
040235,0,0,0,0,,,,
040239,0,0,0,-268,,,,
040247,0,0,0,-726,,,,
040249,0,0,0,4,,,,
040250,0,0,0,-225,,,,
040256,0,0,0,-61,,,,
040257,0,0,0,-316,,,,
040258,0,0,0,-180,,,,
040260,0,0,0,0,,,,
040261,0,0,0,20,,,,
040265,0,0,0,-10,,,,
040271,0,0,0,6,,,,
040272,0,0,0,90,,,,
040274,0,0,0,120,,,,
040275,0,0,0,-197,,,,
040283,0,0,0,-127,,,,
040286,0,0,0,4,,,,
040288,0,0,0,4,,,,
040291,0,0,0,20,,,,
040292,0,0,0,10,,,,
040293,0,0,0,-23,,,,
040294,0,0,0,51,,,,
040296,0,0,0,-15,,,,
040298,0,0,0,-624,,,,
040299,0,0,0,-5,,,,
040300,0,0,0,6,,,,
040301,0,0,0,-250,,,,
040305,0,0,0,154,,,,
040311,0,0,0,-17,,,,
040312,0,0,0,81,,,,
040329,0,0,0,125,,,,
040331,0,0,0,100,,,,
040337,0,0,0,-10,,,,
040338,0,0,0,1,,,,
040339,0,0,0,3,,,,
040340,0,0,0,-224,,,,
040341,0,0,0,-95,,,,
040349,0,0,0,-64,,,,
040352,0,0,0,5,,,,
040354,0,0,0,10,,,,
040380,0,0,0,1,,,,
040385,0,0,0,-10,,,,
040388,0,0,0,119,,,,
040389,0,0,0,8,,,,
040393,0,0,0,-50,,,,
040396,0,0,0,-10,,,,
040405,0,0,0,179,,,,
040409,0,0,0,10,,,,
040411,0,0,0,51,,,,
040413,0,0,0,10,,,,
040414,0,0,0,8,,,,
040415,0,0,0,0,,,,
040418,0,0,0,-20,,,,
040420,0,0,0,-100,,,,
040427,0,0,0,8,,,,
040428,0,0,0,-1,,,,
040430,0,0,0,407,,,,
040431,0,0,0,109,,,,
040443,0,0,0,13,,,,
040447,0,0,0,10,,,,
040448,0,0,0,436,,,,
040450,0,0,0,223,,,,
040451,0,0,0,180,,,,
040457,0,0,0,30,,,,
040461,0,0,0,332,,,,
040462,0,0,0,-1,,,,
040463,0,0,0,30,,,,
040464,0,0,0,2,,,,
040468,0,0,0,3,,,,
040469,0,0,0,32,,,,
040472,0,0,0,-62,,,,
040474,0,0,0,-72,,,,
040475,0,0,0,677,,,,
040479,0,0,0,-28,,,,
040480,0,0,0,-17,,,,
040484,0,0,0,2,,,,
040488,0,0,0,161,,,,
040501,0,0,0,10,,,,
040506,0,0,0,-10,,,,
040513,0,0,0,349,,,,
040519,0,0,0,152,,,,
040520,0,0,0,8,,,,
040522,0,0,0,20,,,,
040523,0,0,0,26,,,,
040526,0,0,0,-3,,,,
040534,0,0,0,5,,,,
040535,0,0,0,22,,,,
040536,0,0,0,31,,,,
040547,0,0,0,-195,,,,
040550,0,0,0,25,,,,
040557,0,0,0,53,,,,
040559,0,0,0,-18,,,,
040568,0,0,0,8,,,,
040569,0,0,0,6,,,,
040576,0,0,0,-30,,,,
040582,0,0,0,-9,,,,
040586,0,0,0,20,,,,
040594,0,0,0,-30,,,,
040597,0,0,0,-1,,,,
040599,0,0,0,1,,,,
040601,0,0,0,17,,,,
040605,0,0,0,-5,,,,
040607,0,0,0,-4,,,,
040609,0,0,0,78,,,,
040610,0,0,0,139,,,,
040614,0,0,0,-44,,,,
040615,0,0,0,22,,,,
040616,0,0,0,-78,,,,
040617,0,0,0,20,,,,
040618,0,0,0,37,,,,
040619,0,0,0,651,,,,
040620,0,0,0,-140,,,,
040622,0,0,0,-91,,,,
040623,0,0,0,351,,,,
040626,0,0,0,-7,,,,
040627,0,0,0,282,,,,
040630,0,0,0,-20,,,,
040631,0,0,0,108,,,,
040632,0,0,0,-1,,,,
040633,0,0,0,26,,,,
040639,0,0,0,440,,,,
040640,0,0,0,96,,,,
040641,0,0,0,-4,,,,
040643,0,0,0,48,,,,
040646,0,0,0,22,,,,
040648,0,0,0,-11,,,,
040650,0,0,0,240,,,,
040651,0,0,0,43,,,,
040657,0,0,0,3,,,,
040658,0,0,0,97,,,,
040659,0,0,0,79,,,,
040660,0,0,0,50,,,,
040662,0,0,0,6,,,,
040664,0,0,0,10,,,,
040668,0,0,0,-50,,,,
040670,0,0,0,40,,,,
040672,0,0,0,-15,,,,
040679,0,0,0,5,,,,
040685,0,0,0,3,,,,
040686,0,0,0,0,,,,
040687,0,0,0,20,,,,
040691,0,0,0,-59,,,,
040692,0,0,0,-15,,,,
040695,0,0,0,-1,,,,
040696,0,0,0,102,,,,
040699,0,0,0,243,,,,
040700,0,0,0,118,,,,
040708,0,0,0,33,,,,
040711,0,0,0,6,,,,
040716,0,0,0,0,,,,
040717,0,0,0,2,,,,
040720,0,0,0,200,,,,
040721,0,0,0,2,,,,
040722,0,0,0,-26,,,,
040723,0,0,0,-70,,,,
040727,0,0,0,0,,,,
040731,0,0,0,50,,,,
040735,0,0,0,8,,,,
040736,0,0,0,2,,,,
040738,0,0,0,107,,,,
040759,0,0,0,5,,,,
040764,0,0,0,110,,,,
040766,0,0,0,10,,,,
040771,0,0,0,113,,,,
040778,0,0,0,23,,,,
040781,0,0,0,-3,,,,
040786,0,0,0,3,,,,
040787,0,0,0,10,,,,
040790,0,0,0,24,,,,
040791,0,0,0,-193,,,,
040792,0,0,0,-301,,,,
040793,0,0,0,40,,,,
040795,0,0,0,-157,,,,
040797,0,0,0,-25,,,,
040798,0,0,0,50,,,,
040799,0,0,0,-7,,,,
040800,0,0,0,5,,,,
040802,0,0,0,0,,,,
040804,0,0,0,-8,,,,
040812,0,0,0,-95,,,,
040817,0,0,0,-12,,,,
040824,0,0,0,140,,,,
040826,0,0,0,81,,,,
040827,0,0,0,-148,,,,
040828,0,0,0,0,,,,
040830,0,0,0,0,,,,
040832,0,0,0,373,,,,
040833,0,0,0,0,,,,
040835,0,0,0,-2,,,,
040840,0,0,0,11,,,,
040842,0,0,0,227,,,,
040843,0,0,0,50,,,,
040846,0,0,0,-23,,,,
040847,0,0,0,20,,,,
040852,0,0,0,-18,,,,
040854,0,0,0,402,,,,
040857,0,0,0,3,,,,
040860,0,0,0,-39,,,,
040866,0,0,0,128,,,,
040871,0,0,0,10,,,,
040876,0,0,0,-40,,,,
040884,0,0,0,-2,,,,
040892,0,0,0,-10,,,,
040893,0,0,0,-100,,,,
040894,0,0,0,-116,,,,
040901,0,0,0,41,,,,
040904,0,0,0,141,,,,
040908,0,0,0,109,,,,
040909,0,0,0,9,,,,
040920,0,0,0,-9,,,,
040924,0,0,0,0,,,,
040928,0,0,0,8,,,,
040932,0,0,0,41,,,,
040934,0,0,0,1,,,,
040937,0,0,0,24,,,,
040939,0,0,0,48,,,,
040940,0,0,0,10,,,,
040941,0,0,0,393,,,,
040943,0,0,0,3,,,,
040945,0,0,0,33,,,,
040946,0,0,0,1,,,,
040951,0,0,0,15,,,,
040961,0,0,0,0,,,,
040969,0,0,0,3,,,,
040971,0,0,0,2,,,,
040972,0,0,0,146,,,,
040973,0,0,0,44,,,,
040975,0,0,0,-1,,,,
040976,0,0,0,-221,,,,
040978,0,0,0,440,,,,
040979,0,0,0,-85,,,,
040980,0,0,0,25,,,,
040981,0,0,0,49,,,,
040983,0,0,0,3,,,,
040986,0,0,0,-1,,,,
040987,0,0,0,45,,,,
040989,0,0,0,81,,,,
040991,0,0,0,-1,,,,
040994,0,0,0,-60,,,,
040996,0,0,0,16,,,,
041006,0,0,0,19,,,,
041012,0,0,0,-2,,,,
041018,0,0,0,86,,,,
041019,0,0,0,-10,,,,
041020,0,0,0,17,,,,
041032,0,0,0,25,,,,
041034,0,0,0,-64,,,,
041035,0,0,0,0,,,,
041039,0,0,0,40,,,,
041043,0,0,0,71,,,,
041044,0,0,0,5,,,,
041046,0,0,0,-327,,,,
041050,0,0,0,-35,,,,
041059,0,0,0,326,,,,
041060,0,0,0,0,,,,
041061,0,0,0,201,,,,
041062,0,0,0,10,,,,
041066,0,0,0,23,,,,
041073,0,0,0,50,,,,
041074,0,0,0,-1,,,,
041075,0,0,0,61,,,,
041077,0,0,0,-1,,,,
041078,0,0,0,-35,,,,
041081,0,0,0,43,,,,
041082,0,0,0,308,,,,
041088,0,0,0,11,,,,
041089,0,0,0,128,,,,
041090,0,0,0,-24,,,,
041093,0,0,0,442,,,,
041095,0,0,0,10,,,,
041096,0,0,0,-10,,,,
041098,0,0,0,40,,,,
041099,0,0,0,-20,,,,
041109,0,0,0,-205,,,,
041112,0,0,0,-41,,,,
041113,0,0,0,-3,,,,
041115,0,0,0,-40,,,,
041116,0,0,0,10,,,,
041119,0,0,0,-14,,,,
041122,0,0,0,-54,,,,
041126,0,0,0,12,,,,
041146,0,0,0,30,,,,
041148,0,0,0,10,,,,
041159,0,0,0,6,,,,
041162,0,0,0,2,,,,
041163,0,0,0,-10,,,,
041166,0,0,0,0,,,,
041176,0,0,0,9,,,,
041178,0,0,0,10,,,,
041184,0,0,0,50,,,,
041187,0,0,0,10,,,,
041190,0,0,0,110,,,,
041191,0,0,0,5,,,,
041193,0,0,0,-23,,,,
041202,0,0,0,-229,,,,
041207,0,0,0,232,,,,
041208,0,0,0,-14,,,,
041209,0,0,0,921,,,,
041212,0,0,0,5,,,,
041215,0,0,0,105,,,,
041216,0,0,0,56,,,,
041219,0,0,0,-102,,,,
041220,0,0,0,36,,,,
041227,0,0,0,17,,,,
041261,0,0,0,33,,,,
041263,0,0,0,-40,,,,
041269,0,0,0,20,,,,
041270,0,0,0,20,,,,
041271,0,0,0,100,,,,
041272,0,0,0,9,,,,
041275,0,0,0,-121,,,,
041276,0,0,0,16,,,,
041277,0,0,0,-219,,,,
041281,0,0,0,-110,,,,
041282,0,0,0,-5,,,,
041283,0,0,0,150,,,,
041284,0,0,0,747,,,,
041286,0,0,0,257,,,,
041287,0,0,0,125,,,,
041288,0,0,0,-19,,,,
041292,0,0,0,30,,,,
041293,0,0,0,-2,,,,
041300,0,0,0,255,,,,
041307,0,0,0,111,,,,
041319,0,0,0,1,,,,
041320,0,0,0,-30,,,,
041330,0,0,0,180,,,,
041331,0,0,0,8,,,,
041334,0,0,0,-300,,,,
041336,0,0,0,-50,,,,
041339,0,0,0,-30,,,,
041340,0,0,0,132,,,,
041342,0,0,0,-25,,,,
041343,0,0,0,3,,,,
041345,0,0,0,-69,,,,
041346,0,0,0,100,,,,
041351,0,0,0,61,,,,
041353,0,0,0,-10,,,,
041354,0,0,0,5,,,,
041360,0,0,0,-5,,,,
041361,0,0,0,-10,,,,
041372,0,0,0,-10,,,,
041374,0,0,0,0,,,,
041376,0,0,0,-10,,,,
041380,0,0,0,1,,,,
041381,0,0,0,-8,,,,
041384,0,0,0,57,,,,
041402,0,0,0,-500,,,,
041404,0,0,0,52,,,,
041410,0,0,0,1,,,,
041411,0,0,0,5,,,,
041429,0,0,0,-35,,,,
041430,0,0,0,14,,,,
041431,0,0,0,15,,,,
041435,0,0,0,-138,,,,
041436,0,0,0,195,,,,
041437,0,0,0,147,,,,
041438,0,0,0,-110,,,,
041439,0,0,0,3,,,,
041455,0,0,0,0,,,,
041457,0,0,0,56,,,,
041460,0,0,0,19,,,,
041467,0,0,0,16,,,,
041470,0,0,0,70,,,,
041476,0,0,0,-8,,,,
041477,0,0,0,4,,,,
041479,0,0,0,9,,,,
041488,0,0,0,0,,,,
041490,0,0,0,20,,,,
041498,0,0,0,8,,,,
041499,0,0,0,9,,,,
041500,0,0,0,27,,,,
041503,0,0,0,95,,,,
041507,0,0,0,87,,,,
041511,0,0,0,-488,,,,
041519,0,0,0,67,,,,
041522,0,0,0,-465,,,,
041523,0,0,0,198,,,,
041524,0,0,0,-32,,,,
041525,0,0,0,3,,,,
041539,0,0,0,18,,,,
041540,0,0,0,-19,,,,
041541,0,0,0,-10,,,,
041542,0,0,0,18,,,,
041546,0,0,0,2,,,,
041551,0,0,0,19,,,,
041552,0,0,0,50,,,,
041558,0,0,0,-32,,,,
041561,0,0,0,318,,,,
041563,0,0,0,851,,,,
041564,0,0,0,5,,,,
041566,0,0,0,747,,,,
041569,0,0,0,169,,,,
041572,0,0,0,50,,,,
041573,0,0,0,-1,,,,
041575,0,0,0,25,,,,
041577,0,0,0,-27,,,,
041578,0,0,0,4,,,,
041580,0,0,0,3,,,,
041588,0,0,0,-10,,,,
041589,0,0,0,-2,,,,
041590,0,0,0,1,,,,
041598,0,0,0,-100,,,,
041601,0,0,0,1,,,,
041604,0,0,0,29,,,,
041605,0,0,0,-46,,,,
041606,0,0,0,16,,,,
041607,0,0,0,-15,,,,
041608,0,0,0,-30,,,,
041609,0,0,0,25,,,,
041611,0,0,0,819,,,,
041612,0,0,0,-45,,,,
041613,0,0,0,36,,,,
041616,0,0,0,-100,,,,
041621,0,0,0,-100,,,,
041622,0,0,0,-2,,,,
041626,0,0,0,10,,,,
041629,0,0,0,254,,,,
041635,0,0,0,-10,,,,
041636,0,0,0,0,,,,
041638,0,0,0,-1,,,,
041639,0,0,0,-5,,,,
041643,0,0,0,-298,,,,
041646,0,0,0,768,,,,
041647,0,0,0,0,,,,
041648,0,0,0,-1,,,,
041655,0,0,0,10,,,,
041657,0,0,0,-155,,,,
041661,0,0,0,-23,,,,
041662,0,0,0,-10,,,,
041663,0,0,0,-10,,,,
041667,0,0,0,-11,,,,
041672,0,0,0,34,,,,
041677,0,0,0,8,,,,
041678,0,0,0,200,,,,
041679,0,0,0,-23,,,,
041681,0,0,0,0,,,,
041682,0,0,0,-25,,,,
041690,0,0,0,5,,,,
041695,0,0,0,-2,,,,
041700,0,0,0,-110,,,,
041703,0,0,0,58,,,,
041704,0,0,0,-35,,,,
041713,0,0,0,50,,,,
041719,0,0,0,-100,,,,
041725,0,0,0,109,,,,
041730,0,0,0,4,,,,
041735,0,0,0,-20,,,,
041740,0,0,0,66,,,,
041742,0,0,0,-411,,,,
041752,0,0,0,1,,,,
041754,0,0,0,38,,,,
041755,0,0,0,79,,,,
041760,0,0,0,91,,,,
041766,0,0,0,120,,,,
041771,0,0,0,1000,,,,
041775,0,0,0,20,,,,
041778,0,0,0,14,,,,
041779,0,0,0,260,,,,
041780,0,0,0,370,,,,
041783,0,0,0,-13,,,,
041790,0,0,0,-30,,,,
041791,0,0,0,3,,,,
041795,0,0,0,-20,,,,
041801,0,0,0,-20,,,,
041803,0,0,0,15,,,,
041804,0,0,0,-8,,,,
041805,0,0,0,5,,,,
041810,0,0,0,10,,,,
041828,0,0,0,1,,,,
041829,0,0,0,-80,,,,
041833,0,0,0,145,,,,
041836,0,0,0,39,,,,
041839,0,0,0,2,,,,
041841,0,0,0,50,,,,
041845,0,0,0,-31,,,,
041851,0,0,0,-5,,,,
041854,0,0,0,-10,,,,
041856,0,0,0,22,,,,
041861,0,0,0,126,,,,
041866,0,0,0,88,,,,
041867,0,0,0,35,,,,
041871,0,0,0,9,,,,
041880,0,0,0,77,,,,
041889,0,0,0,57,,,,
041890,0,0,0,29,,,,
041895,0,0,0,193,,,,
041924,0,0,0,116,,,,
041925,0,0,0,-125,,,,
041930,0,0,0,2,,,,
041932,0,0,0,-30,,,,
041937,0,0,0,0,,,,
041940,0,0,0,4,,,,
041946,0,0,0,1,,,,
041947,0,0,0,-551,,,,
041950,0,0,0,26,,,,
041951,0,0,0,-10,,,,
041952,0,0,0,5,,,,
041953,0,0,0,-1,,,,
041956,0,0,0,0,,,,
041959,0,0,0,6,,,,
041961,0,0,0,-10,,,,
041962,0,0,0,12,,,,
041963,0,0,0,13,,,,
041964,0,0,0,58,,,,
041965,0,0,0,57,,,,
041977,0,0,0,2,,,,
041982,0,0,0,15,,,,
041987,0,0,0,2,,,,
041990,0,0,0,90,,,,
041992,0,0,0,74,,,,
041994,0,0,0,10,,,,
042001,0,0,0,5,,,,
042002,0,0,0,225,,,,
042003,0,0,0,362,,,,
042004,0,0,0,13,,,,
042006,0,0,0,2,,,,
042007,0,0,0,10,,,,
042008,0,0,0,2,,,,
042011,0,0,0,605,,,,
042018,0,0,0,5,,,,
042022,0,0,0,30,,,,
042023,0,0,0,52,,,,
042026,0,0,0,-43,,,,
042032,0,0,0,70,,,,
042035,0,0,0,6,,,,
042036,0,0,0,959,,,,
042040,0,0,0,-360,,,,
042042,0,0,0,1,,,,
042043,0,0,0,-112,,,,
042044,0,0,0,-26,,,,
042051,0,0,0,-9,,,,
042054,0,0,0,22,,,,
042055,0,0,0,-446,,,,
042060,0,0,0,60,,,,
042065,0,0,0,290,,,,
042067,0,0,0,4,,,,
042068,0,0,0,-88,,,,
042069,0,0,0,30,,,,
042070,0,0,0,45,,,,
042073,0,0,0,309,,,,
042081,0,0,0,-160,,,,
042085,0,0,0,28,,,,
042087,0,0,0,-65,,,,
042089,0,0,0,75,,,,
042094,0,0,0,120,,,,
042097,0,0,0,50,,,,
042104,0,0,0,3,,,,
042106,0,0,0,-10,,,,
042111,0,0,0,110,,,,
042112,0,0,0,134,,,,
042120,0,0,0,7,,,,
042122,0,0,0,30,,,,
042124,0,0,0,60,,,,
042129,0,0,0,70,,,,
042131,0,0,0,0,,,,
042136,0,0,0,155,,,,
042138,0,0,0,10,,,,
042139,0,0,0,6,,,,
042140,0,0,0,-15,,,,
042141,0,0,0,650,,,,
042142,0,0,0,2,,,,
042143,0,0,0,-30,,,,
042148,0,0,0,-49,,,,
042158,0,0,0,-22,,,,
042164,0,0,0,-20,,,,
042177,0,0,0,1,,,,
042179,0,0,0,12,,,,
042184,0,0,0,1,,,,
042186,0,0,0,300,,,,
042187,0,0,0,200,,,,
042188,0,0,0,162,,,,
042189,0,0,0,-46,,,,
042190,0,0,0,33,,,,
042195,0,0,0,-5,,,,
042203,0,0,0,-34,,,,
042204,0,0,0,143,,,,
042206,0,0,0,-1,,,,
042207,0,0,0,-112,,,,
042216,0,0,0,27,,,,
042217,0,0,0,220,,,,
042220,0,0,0,12,,,,
042222,0,0,0,757,,,,
042224,0,0,0,-238,,,,
042228,0,0,0,335,,,,
042234,0,0,0,2,,,,
042239,0,0,0,-2,,,,
042244,0,0,0,1,,,,
042249,0,0,0,0,,,,
042251,0,0,0,19,,,,
042255,0,0,0,-17,,,,
042257,0,0,0,27,,,,
042258,0,0,0,71,,,,
042259,0,0,0,73,,,,
042262,0,0,0,50,,,,
042271,0,0,0,1782,,,,
042277,0,0,0,420,,,,
042278,0,0,0,1,,,,
042280,0,0,0,1015,,,,
042281,0,0,0,-169,,,,
042296,0,0,0,25,,,,
042304,0,0,0,-2,,,,
042305,0,0,0,2,,,,
042311,0,0,0,3,,,,
042312,0,0,0,-50,,,,
042315,0,0,0,4,,,,
042319,0,0,0,469,,,,
042320,0,0,0,4,,,,
042322,0,0,0,3,,,,
042327,0,0,0,1,,,,
042334,0,0,0,-207,,,,
042335,0,0,0,0,,,,
042336,0,0,0,20,,,,
042337,0,0,0,223,,,,
042340,0,0,0,-31,,,,
042342,0,0,0,1,,,,
042347,0,0,0,50,,,,
042349,0,0,0,22,,,,
042350,0,0,0,1,,,,
042361,0,0,0,-30,,,,
042370,0,0,0,508,,,,
042371,0,0,0,-10,,,,
042372,0,0,0,453,,,,
042373,0,0,0,191,,,,
042374,0,0,0,288,,,,
042376,0,0,0,2,,,,
042378,0,0,0,3,,,,
042383,0,0,0,2,,,,
042386,0,0,0,8,,,,
042387,0,0,0,-4,,,,
042388,0,0,0,155,,,,
042389,0,0,0,6,,,,
042401,0,0,0,6,,,,
042406,0,0,0,0,,,,
042412,0,0,0,1,,,,
042415,0,0,0,15,,,,
042420,0,0,0,-11,,,,
042430,0,0,0,97,,,,
042433,0,0,0,-302,,,,
042435,0,0,0,40,,,,
042436,0,0,0,390,,,,
042439,0,0,0,-400,,,,
042441,0,0,0,20,,,,
042443,0,0,0,163,,,,
042447,0,0,0,-7,,,,
042453,0,0,0,-150,,,,
042463,0,0,0,-1396,,,,
042468,0,0,0,2,,,,
042469,0,0,0,29,,,,
042472,0,0,0,2,,,,
042473,0,0,0,-123,,,,
042474,0,0,0,0,,,,
042480,0,0,0,-1501,,,,
042482,0,0,0,42,,,,
042488,0,0,0,400,,,,
042491,0,0,0,-31,,,,
042495,0,0,0,115,,,,
042498,0,0,0,420,,,,
042499,0,0,0,1,,,,
042500,0,0,0,-10,,,,
042505,0,0,0,108,,,,
042507,0,0,0,0,,,,
042512,0,0,0,-5,,,,
042517,0,0,0,-5,,,,
042529,0,0,0,1,,,,
042532,0,0,0,-33,,,,
042533,0,0,0,-320,,,,
042534,0,0,0,294,,,,
042537,0,0,0,-304,,,,
042538,0,0,0,115,,,,
042539,0,0,0,140,,,,
042540,0,0,0,-63,,,,
042541,0,0,0,-138,,,,
042542,0,0,0,-250,,,,
042543,0,0,0,5,,,,
042551,0,0,0,1,,,,
042554,0,0,0,-185,,,,
042555,0,0,0,-190,,,,
042564,0,0,0,39,,,,
042571,0,0,0,8,,,,
042572,0,0,0,233,,,,
042581,0,0,0,32,,,,
042589,0,0,0,100,,,,
042593,0,0,0,-90,,,,
042607,0,0,0,10,,,,
042617,0,0,0,-40,,,,
042620,0,0,0,103,,,,
042622,0,0,0,0,,,,
042624,0,0,0,3,,,,
042626,0,0,0,68,,,,
042628,0,0,0,-200,,,,
042629,0,0,0,-11,,,,
042632,0,0,0,1655,,,,
042635,0,0,0,-6,,,,
042636,0,0,0,-9,,,,
042641,0,0,0,45,,,,
042642,0,0,0,29,,,,
042644,0,0,0,3,,,,
042645,0,0,0,558,,,,
042647,0,0,0,-20,,,,
042659,0,0,0,0,,,,
042661,0,0,0,-100,,,,
042662,0,0,0,-265,,,,
042666,0,0,0,-26,,,,
042672,0,0,0,-75,,,,
042673,0,0,0,-1,,,,
042675,0,0,0,-98,,,,
042676,0,0,0,-12,,,,
042678,0,0,0,-20,,,,
042682,0,0,0,-54,,,,
042684,0,0,0,-60,,,,
042686,0,0,0,82,,,,
042692,0,0,0,45,,,,
042693,0,0,0,-33,,,,
042694,0,0,0,1,,,,
042695,0,0,0,2,,,,
042698,0,0,0,1,,,,
042699,0,0,0,22,,,,
042700,0,0,0,3,,,,
042704,0,0,0,-51,,,,
042709,0,0,0,-2,,,,
042710,0,0,0,-280,,,,
042715,0,0,0,80,,,,
042716,0,0,0,-5,,,,
042717,0,0,0,103,,,,
042722,0,0,0,22,,,,
042723,0,0,0,-198,,,,
042724,0,0,0,-50,,,,
042725,0,0,0,98,,,,
042726,0,0,0,2,,,,
042733,0,0,0,21,,,,
042737,0,0,0,181,,,,
042738,0,0,0,-71,,,,
042747,0,0,0,8,,,,
042749,0,0,0,60,,,,
042750,0,0,0,469,,,,
042751,0,0,0,392,,,,
042752,0,0,0,-10,,,,
042753,0,0,0,-1,,,,
042754,0,0,0,-10,,,,
042760,0,0,0,-1,,,,
042762,0,0,0,20,,,,
042766,0,0,0,-24,,,,
042768,0,0,0,-102,,,,
042771,0,0,0,78,,,,
042772,0,0,0,30,,,,
042773,0,0,0,-21,,,,
042775,0,0,0,37,,,,
042792,0,0,0,0,,,,
042799,0,0,0,9,,,,
042803,0,0,0,-72,,,,
042804,0,0,0,8,,,,
042805,0,0,0,-3,,,,
042807,0,0,0,70,,,,
042814,0,0,0,-5,,,,
042815,0,0,0,-6,,,,
042816,0,0,0,5,,,,
042818,0,0,0,0,,,,
042820,0,0,0,5,,,,
042822,0,0,0,-12,,,,
042825,0,0,0,-210,,,,
042831,0,0,0,-1,,,,
042832,0,0,0,120,,,,
042835,0,0,0,15,,,,
042837,0,0,0,33,,,,
042839,0,0,0,-418,,,,
042842,0,0,0,518,,,,
042848,0,0,0,-180,,,,
042849,0,0,0,-5,,,,
042850,0,0,0,-10,,,,
042851,0,0,0,-10,,,,
042853,0,0,0,4,,,,
042869,0,0,0,-10,,,,
042876,0,0,0,34,,,,
042878,0,0,0,-573,,,,
042879,0,0,0,351,,,,
042882,0,0,0,-10,,,,
042889,0,0,0,-50,,,,
042890,0,0,0,78,,,,
042894,0,0,0,240,,,,
042901,0,0,0,-858,,,,
042903,0,0,0,100,,,,
042906,0,0,0,1,,,,
042909,0,0,0,11,,,,
042912,0,0,0,1191,,,,
042913,0,0,0,399,,,,
042916,0,0,0,78,,,,
042917,0,0,0,8,,,,
042918,0,0,0,-400,,,,
042919,0,0,0,147,,,,
042922,0,0,0,83,,,,
042926,0,0,0,13,,,,
042929,0,0,0,-50,,,,
042930,0,0,0,950,,,,
042934,0,0,0,5,,,,
042935,0,0,0,209,,,,
042936,0,0,0,-10,,,,
042940,0,0,0,-170,,,,
042941,0,0,0,-190,,,,
042943,0,0,0,2,,,,
042944,0,0,0,19,,,,
042946,0,0,0,5,,,,
042947,0,0,0,-15,,,,
042948,0,0,0,70,,,,
042949,0,0,0,200,,,,
042950,0,0,0,-203,,,,
042951,0,0,0,-912,,,,
042952,0,0,0,6,,,,
042953,0,0,0,-4,,,,
042954,0,0,0,26,,,,
042955,0,0,0,80,,,,
042963,0,0,0,713,,,,
042970,0,0,0,-25,,,,
042972,0,0,0,-249,,,,
042975,0,0,0,-132,,,,
042982,0,0,0,21,,,,
042990,0,0,0,-10,,,,
042993,0,0,0,8,,,,
042994,0,0,0,198,,,,
042996,0,0,0,-30,,,,
043002,0,0,0,8,,,,
043006,0,0,0,10,,,,
043011,0,0,0,-3,,,,
043014,0,0,0,-87,,,,
043022,0,0,0,1,,,,
043026,0,0,0,-5,,,,
043030,0,0,0,6,,,,
043035,0,0,0,9,,,,
043036,0,0,0,54,,,,
043038,0,0,0,59,,,,
043045,0,0,0,77,,,,
043052,0,0,0,-116,,,,
043054,0,0,0,252,,,,
043058,0,0,0,1,,,,
043060,0,0,0,-157,,,,
043061,0,0,0,15,,,,
043062,0,0,0,83,,,,
043064,0,0,0,-203,,,,
043065,0,0,0,-16,,,,
043066,0,0,0,160,,,,
043067,0,0,0,22,,,,
043071,0,0,0,330,,,,
043072,0,0,0,-265,,,,
043073,0,0,0,315,,,,
043074,0,0,0,-615,,,,
043075,0,0,0,-100,,,,
043079,0,0,0,74,,,,
043081,0,0,0,1,,,,
043084,0,0,0,27,,,,
043085,0,0,0,525,,,,
043086,0,0,0,-335,,,,
043091,0,0,0,-60,,,,
043093,0,0,0,-3,,,,
043094,0,0,0,-219,,,,
043096,0,0,0,14,,,,
043104,0,0,0,10,,,,
043109,0,0,0,0,,,,
043110,0,0,0,7,,,,
043113,0,0,0,111,,,,
043116,0,0,0,20,,,,
043119,0,0,0,30,,,,
043121,0,0,0,36,,,,
043125,0,0,0,-5,,,,
043126,0,0,0,-12,,,,
043132,0,0,0,1,,,,
043135,0,0,0,159,,,,
043144,-200,0,0,-15,,,,
043148,0,0,0,17,,,,
043149,0,0,0,-5,,,,
043151,0,0,0,33,,,,
043153,0,0,0,20,,,,
043154,0,0,0,-292,,,,
043161,0,0,0,-10,,,,
043162,0,0,0,259,,,,
043163,0,0,0,10,,,,
043169,0,0,0,-18,,,,
043171,0,0,0,130,,,,
043173,0,0,0,73,,,,
043174,0,0,0,-20,,,,
043176,0,0,0,0,,,,
043177,0,0,0,-13,,,,
043180,0,0,0,-152,,,,
043181,0,0,0,-61,,,,
043182,0,0,0,10,,,,
043183,0,0,0,203,,,,
043190,0,0,0,10,,,,
043191,0,0,0,3,,,,
043192,0,0,0,15,,,,
043197,0,0,0,0,,,,
043199,0,0,0,886,,,,
043204,0,0,0,-23,,,,
043210,0,0,0,20,,,,
043212,0,0,0,-65,,,,
043217,0,0,0,-2,,,,
043218,0,0,0,-7,,,,
043221,0,0,0,3,,,,
043224,0,0,0,10,,,,
043225,0,0,0,5,,,,
043227,0,0,0,-10,,,,
043228,0,0,0,-28,,,,
043233,0,0,0,32,,,,
043235,0,0,0,199,,,,
043241,0,0,0,0,,,,
043243,0,0,0,-4,,,,
043244,0,0,0,338,,,,
043245,0,0,0,3,,,,
043248,0,0,0,130,,,,
043250,0,0,0,52,,,,
043256,0,0,0,0,,,,
043258,0,0,0,-86,,,,
043266,0,0,0,499,,,,
043272,0,0,0,99,,,,
043282,0,0,0,8,,,,
043287,0,0,0,-150,,,,
043290,0,0,0,-310,,,,
043292,0,0,0,0,,,,
043294,-33,0,0,-33,,,,
043295,0,0,0,20,,,,
043297,0,0,0,-50,,,,
043298,0,0,0,-143,,,,
043299,0,0,0,25,,,,
043300,0,0,0,-169,,,,
043302,0,0,0,99,,,,
043304,0,0,0,-10,,,,
043305,0,0,0,10,,,,
043306,0,0,0,3,,,,
043311,0,0,0,15,,,,
043313,0,0,0,30,,,,
043316,0,0,0,10,,,,
043318,0,0,0,-7,,,,
043330,0,0,0,326,,,,
043341,0,0,0,20,,,,
043342,0,0,0,50,,,,
043348,0,0,0,564,,,,
043351,0,0,0,41,,,,
043354,0,0,0,3,,,,
043361,0,0,0,-404,,,,
043362,0,0,0,-9,,,,
043365,0,0,0,30,,,,
043366,0,0,0,-10,,,,
043367,0,0,0,-41,,,,
043368,0,0,0,-330,,,,
043369,0,0,0,176,,,,
043371,0,0,0,0,,,,
043372,0,0,0,11,,,,
043373,0,0,0,200,,,,
043374,0,0,0,26,,,,
043375,0,0,0,72,,,,
043379,0,0,0,-480,,,,
043385,0,0,0,-51,,,,
043391,0,0,0,28,,,,
043392,0,0,0,-6,,,,
043394,0,0,0,84,,,,
043395,0,0,0,-39,,,,
043398,0,0,0,-13,,,,
043402,0,0,0,21,,,,
043403,0,0,0,15,,,,
043406,0,0,0,60,,,,
043408,0,0,0,-29,,,,
043410,0,0,0,-160,,,,
043411,0,0,0,15,,,,
043413,0,0,0,-9,,,,
043416,0,0,0,0,,,,
043417,0,0,0,-1249,,,,
043425,0,0,0,20,,,,
043431,0,0,0,-131,,,,
043441,0,0,0,-529,,,,
043442,0,0,0,185,,,,
043446,0,0,0,81,,,,
043448,0,0,0,20,,,,
043450,0,0,0,11,,,,
043451,0,0,0,14,,,,
043453,0,0,0,0,,,,
043456,0,0,0,-25,,,,
043461,0,0,0,94,,,,
043466,0,0,0,136,,,,
043469,0,0,0,3,,,,
043472,0,0,0,110,,,,
043473,0,0,0,57,,,,
043474,0,0,0,2,,,,
043478,0,0,0,0,,,,
043481,0,0,0,-201,,,,
043483,0,0,0,152,,,,
043489,0,0,0,-9,,,,
043490,0,0,0,83,,,,
043492,0,0,0,0,,,,
043493,0,0,0,-1127,,,,
043502,0,0,0,180,,,,
043503,0,0,0,43,,,,
043505,0,0,0,-50,,,,
043506,0,0,0,-1,,,,
043510,0,0,0,109,,,,
043511,0,0,0,7,,,,
043512,0,0,0,574,,,,
043513,0,0,0,23,,,,
043514,0,0,0,-7,,,,
043516,0,0,0,118,,,,
043517,0,0,0,260,,,,
043518,0,0,0,326,,,,
043519,0,0,0,506,,,,
043520,0,0,0,120,,,,
043523,0,0,0,35,,,,
043530,0,0,0,33,,,,
043532,0,0,0,-120,,,,
043534,0,0,0,204,,,,
043535,0,0,0,86,,,,
043536,0,0,0,-596,,,,
043543,0,0,0,85,,,,
043544,0,0,0,-121,,,,
043550,0,0,0,-1315,,,,
043551,0,0,0,15,,,,
043553,0,0,0,20,,,,
043557,0,0,0,25,,,,
043559,0,0,0,262,,,,
043567,0,0,0,18,,,,
043568,0,0,0,-307,,,,
043576,0,0,0,-32,,,,
043581,0,0,0,3,,,,
043583,0,0,0,-96,,,,
043584,0,0,0,45,,,,
043588,0,0,0,2,,,,
043589,0,0,0,-909,,,,
043590,0,0,0,51,,,,
043591,0,0,0,-4,,,,
043592,0,0,0,5,,,,
043593,0,0,0,3,,,,
043595,0,0,0,1,,,,
043597,0,0,0,-2,,,,
043599,0,0,0,-50,,,,
043604,0,0,0,2,,,,
043609,0,0,0,70,,,,
043610,0,0,0,2,,,,
043611,0,0,0,9,,,,
043612,0,0,0,7,,,,
043614,0,0,0,120,,,,
043616,0,0,0,-57,,,,
043617,0,0,0,5,,,,
043618,0,0,0,4,,,,
043619,0,0,0,-7,,,,
043620,0,0,0,10,,,,
043621,0,0,0,91,,,,
043629,0,0,0,-2,,,,
043634,0,0,0,-10,,,,
043637,0,0,0,-315,,,,
043642,0,0,0,0,,,,
043643,0,0,0,-21,,,,
043644,0,0,0,0,,,,
043647,0,0,0,-37,,,,
043648,0,0,0,-1,,,,
043651,0,0,0,-703,,,,
043654,0,0,0,37,,,,
043656,0,0,0,-118,,,,
043657,0,0,0,-140,,,,
043658,0,0,0,-111,,,,
043659,0,0,0,-65,,,,
043660,0,0,0,199,,,,
043663,0,0,0,3,,,,
043664,0,0,0,-1,,,,
043665,0,0,0,42,,,,
043666,0,0,0,-357,,,,
043667,0,0,0,271,,,,
043668,0,0,0,47,,,,
043669,0,0,0,-165,,,,
043673,0,0,0,-75,,,,
043674,0,0,0,-10,,,,
043675,0,0,0,5,,,,
043676,0,0,0,-268,,,,
043681,0,0,0,48,,,,
043682,0,0,0,242,,,,
043683,0,0,0,86,,,,
043689,0,0,0,60,,,,
043695,0,0,0,654,,,,
043696,0,0,0,-1334,,,,
043697,0,0,0,1171,,,,
043698,0,0,0,62,,,,
043701,0,0,0,-20,,,,
043702,0,0,0,4,,,,
043704,0,0,0,16,,,,
043705,0,0,0,175,,,,
043709,0,0,0,-125,,,,
043711,0,0,0,-55,,,,
043713,0,0,0,96,,,,
043715,0,0,0,-371,,,,
043717,0,0,0,5,,,,
043718,0,0,0,10,,,,
043720,0,0,0,281,,,,
043723,0,0,0,-255,,,,
043724,0,0,0,-250,,,,
043726,0,0,0,-33,,,,
043728,0,0,0,15,,,,
043729,0,0,0,10,,,,
043735,0,0,0,225,,,,
043738,0,0,0,52,,,,
043740,0,0,0,9,,,,
043744,0,0,0,10,,,,
043757,0,0,0,75,,,,
043759,0,0,0,2,,,,
043761,0,0,0,20,,,,
043763,0,0,0,25,,,,
043764,0,0,0,0,,,,
043768,0,0,0,85,,,,
043770,0,0,0,15,,,,
043774,0,0,0,100,,,,
043776,0,0,0,1,,,,
043778,0,0,0,-13,,,,
043779,0,0,0,-3,,,,
043782,0,0,0,-227,,,,
043783,0,0,0,4,,,,
043792,0,0,0,20,,,,
043798,0,0,0,499,,,,
043799,0,0,0,-798,,,,
043801,0,0,0,7,,,,
043805,0,0,0,-7,,,,
043806,0,0,0,100,,,,
043810,0,0,0,-11,,,,
043813,0,0,0,1,,,,
043814,0,0,0,-45,,,,
043815,0,0,0,-2,,,,
043816,0,0,0,201,,,,
043817,0,0,0,97,,,,
043818,0,0,0,-180,,,,
043819,0,0,0,-472,,,,
043820,0,0,0,-22,,,,
043827,0,0,0,0,,,,
043829,0,0,0,0,,,,
043830,0,0,0,60,,,,
043833,0,0,0,70,,,,
043838,0,0,0,-175,,,,
043839,0,0,0,100,,,,
043848,0,0,0,70,,,,
043850,0,0,0,100,,,,
043851,0,0,0,10,,,,
043852,0,0,0,-5,,,,
043858,0,0,0,2,,,,
043866,0,0,0,100,,,,
043870,0,0,0,1,,,,
043872,0,0,0,-25,,,,
043873,0,0,0,-1,,,,
043876,0,0,0,33,,,,
043877,0,0,0,5,,,,
043879,0,0,0,120,,,,
043881,0,0,0,17,,,,
043882,0,0,0,28,,,,
043887,0,0,0,31,,,,
043889,0,0,0,-26,,,,
043891,0,0,0,-34,,,,
043892,-4,0,0,7,,,,
043893,0,0,0,-19,,,,
043894,0,0,0,-25,,,,
043895,0,0,0,229,,,,
043896,0,0,0,308,,,,
043897,0,0,0,205,,,,
043898,0,0,0,395,,,,
043899,0,0,0,-175,,,,
043900,0,0,0,78,,,,
043901,0,0,0,-153,,,,
043902,0,0,0,-560,,,,
043904,0,0,0,-110,,,,
043907,0,0,0,104,,,,
043908,0,0,0,-755,,,,
043911,0,0,0,291,,,,
043918,0,0,0,-60,,,,
043921,0,0,0,2,,,,
043923,0,0,0,456,,,,
043929,0,0,0,-10,,,,
043931,0,0,0,-16,,,,
043932,0,0,0,22,,,,
043935,0,0,0,-300,,,,
043937,0,0,0,-149,,,,
043938,0,0,0,-606,,,,
043942,0,0,0,87,,,,
043944,0,0,0,-29,,,,
043945,0,0,0,181,,,,
043947,0,0,0,-12,,,,
043948,0,0,0,70,,,,
043949,0,0,0,2,,,,
043952,0,0,0,-3,,,,
043954,0,0,0,302,,,,
043956,0,0,0,-20,,,,
043957,0,0,0,122,,,,
043960,0,0,0,1698,,,,
043961,0,0,0,3,,,,
043963,0,0,0,-442,,,,
043964,0,0,0,-35,,,,
043965,0,0,0,-190,,,,
043968,0,0,0,-190,,,,
043971,0,0,0,-17,,,,
043972,0,0,0,-10,,,,
043974,0,0,0,5,,,,
043977,0,0,0,-26,,,,
043979,0,0,0,-42,,,,
043980,0,0,0,152,,,,
043981,0,0,0,-26,,,,
043983,0,0,0,38,,,,
043991,0,0,0,101,,,,
043992,0,0,0,38,,,,
043995,0,0,0,5,,,,
044002,0,0,0,68,,,,
044007,0,0,0,11,,,,
044012,0,0,0,14,,,,
044014,0,0,0,-400,,,,
044016,0,0,0,-1,,,,
044017,0,0,0,2,,,,
044018,0,0,0,-20,,,,
044019,0,0,0,75,,,,
044020,0,0,0,-30,,,,
044021,0,0,0,1,,,,
044022,0,0,0,-46,,,,
044025,0,0,0,0,,,,
044026,0,0,0,0,,,,
044032,0,0,0,28,,,,
044033,0,0,0,-180,,,,
044042,0,0,0,20,,,,
044045,0,0,0,-1098,,,,
044055,0,0,0,74,,,,
044057,0,0,0,-60,,,,
044061,0,0,0,18,,,,
044064,0,0,0,20,,,,
044065,0,0,0,44,,,,
044066,0,0,0,2,,,,
04406U,0,0,0,-1,,,,
044070,0,0,0,5,,,,
044074,0,0,0,30,,,,
044078,0,0,0,-7,,,,
044080,0,0,0,-25,,,,
044084,0,0,0,-5,,,,
044089,0,0,0,9,,,,
044091,0,0,0,19,,,,
044092,0,0,0,-110,,,,
044093,0,0,0,-10,,,,
044094,0,0,0,-20,,,,
044095,0,0,0,-118,,,,
044096,0,0,0,24,,,,
044098,0,0,0,8,,,,
044105,0,0,0,-100,,,,
044106,0,0,0,-59,,,,
044107,0,0,0,-10,,,,
044109,0,0,0,0,,,,
044110,0,0,0,-420,,,,
044111,0,0,0,44,,,,
044114,0,0,0,-10,,,,
044120,0,0,0,318,,,,
044122,0,0,0,-393,,,,
044123,0,0,0,-250,,,,
044124,0,0,0,-10,,,,
044129,0,0,0,36,,,,
044130,0,0,0,-7,,,,
044131,0,0,0,138,,,,
044136,0,0,0,115,,,,
044137,0,0,0,177,,,,
044138,0,0,0,-20,,,,
044139,0,0,0,60,,,,
044140,0,0,0,-9,,,,
044141,0,0,0,0,,,,
044142,0,0,0,211,,,,
044143,0,0,0,441,,,,
044144,0,0,0,-119,,,,
044145,0,0,0,-166,,,,
044146,0,0,0,9,,,,
044148,0,0,0,1,,,,
044151,0,0,0,18,,,,
044152,0,0,0,-534,,,,
044155,0,0,0,15,,,,
044156,0,0,0,1054,,,,
044157,0,0,0,-11,,,,
044160,0,0,0,34,,,,
044161,0,0,0,989,,,,
044162,0,0,0,47,,,,
044163,0,0,0,67,,,,
044164,0,0,0,486,,,,
044166,0,0,0,-323,,,,
044168,0,0,0,-6,,,,
044169,0,0,0,-285,,,,
044171,0,0,0,28,,,,
044174,0,0,0,-20,,,,
044175,0,0,0,925,,,,
044178,0,0,0,121,,,,
044179,0,0,0,10,,,,
044182,0,0,0,4,,,,
044193,0,0,0,68,,,,
044195,0,0,0,198,,,,
044197,0,0,0,-100,,,,
044201,0,0,0,30,,,,
044204,0,0,0,3,,,,
044206,0,0,0,20,,,,
044209,0,0,0,782,,,,
044215,0,0,0,10,,,,
044216,0,0,0,44,,,,
044217,0,0,0,2,,,,
044218,0,0,0,979,,,,
044219,0,0,0,-10,,,,
044231,0,0,0,15,,,,
044232,0,0,0,108,,,,
044233,0,0,0,35,,,,
044239,0,0,0,-5,,,,
044244,0,0,0,-64,,,,
044247,0,0,0,-32,,,,
044248,0,0,0,126,,,,
044249,0,0,0,-14,,,,
044250,0,0,0,10,,,,
044252,0,0,0,170,,,,
044254,0,0,0,1,,,,
044256,0,0,0,-90,,,,
044257,0,0,0,-41,,,,
044258,0,0,0,8,,,,
044259,0,0,0,-78,,,,
044260,0,0,0,3,,,,
044265,0,0,0,-82,,,,
044266,0,0,0,-29,,,,
044267,0,0,0,140,,,,
044268,0,0,0,-12,,,,
044270,0,0,0,7,,,,
044271,0,0,0,30,,,,
044275,0,0,0,-342,,,,
044276,0,0,0,-252,,,,
044277,0,0,0,4,,,,
044280,0,0,0,-26,,,,
044282,0,0,0,11,,,,
044283,0,0,0,-250,,,,
044286,0,0,0,-10,,,,
044288,0,0,0,-79,,,,
044289,0,0,0,100,,,,
044290,0,0,0,11,,,,
044291,0,0,0,-5,,,,
044292,0,0,0,11,,,,
044293,0,0,0,17,,,,
044302,0,0,0,154,,,,
044309,0,0,0,-42,,,,
044310,0,0,0,128,,,,
044316,0,0,0,10,,,,
044318,0,0,0,-28,,,,
044320,0,0,0,61,,,,
044321,0,0,0,624,,,,
044322,0,0,0,339,,,,
044323,0,0,0,100,,,,
044328,0,0,0,435,,,,
044329,0,0,0,-2,,,,
044330,0,0,0,-149,,,,
044332,0,0,0,-178,,,,
044334,0,0,0,2,,,,
044336,0,0,0,-103,,,,
044338,0,0,0,40,,,,
044340,0,0,0,-40,,,,
044343,0,0,0,-50,,,,
044344,0,0,0,-7,,,,
044345,0,0,0,60,,,,
044346,0,0,0,-88,,,,
044348,0,0,0,382,,,,
044349,0,0,0,957,,,,
044350,0,0,0,-11,,,,
044351,0,0,0,174,,,,
044355,0,0,0,-42,,,,
044358,0,0,0,-570,,,,
044361,0,0,0,-90,,,,
044362,0,0,0,93,,,,
044363,0,0,0,-730,,,,
044364,0,0,0,470,,,,
044368,0,0,0,10,,,,
044370,0,0,0,-324,,,,
044371,0,0,0,-203,,,,
044372,0,0,0,-10,,,,
044373,0,0,0,35,,,,
044377,0,0,0,895,,,,
044378,0,0,0,27,,,,
044380,0,0,0,-1151,,,,
044385,0,0,0,20,,,,
044390,0,0,0,12,,,,
044391,0,0,0,3,,,,
044393,0,0,0,2151,,,,
044394,0,0,0,175,,,,
044397,0,0,0,-4,,,,
044398,0,0,0,-118,,,,
044400,0,0,0,-52,,,,
044401,0,0,0,558,,,,
044402,0,0,0,231,,,,
044403,0,0,0,41,,,,
044404,0,0,0,1,,,,
044405,0,0,0,-17,,,,
044408,0,0,0,257,,,,
044414,0,0,0,7,,,,
044418,0,0,0,-39,,,,
044422,0,0,0,-105,,,,
044423,0,0,0,-240,,,,
044424,0,0,0,-230,,,,
044425,0,0,0,5,,,,
044428,0,0,0,1,,,,
044434,0,0,0,40,,,,
044435,0,0,0,21,,,,
044436,0,0,0,5,,,,
044437,0,0,0,-14,,,,
044438,0,0,0,126,,,,
044440,0,0,0,-4,,,,
044441,0,0,0,1,,,,
044442,0,0,0,-258,,,,
044444,0,0,0,6,,,,
044445,0,0,0,-4,,,,
044449,0,0,0,50,,,,
044450,0,0,0,25,,,,
044451,0,0,0,0,,,,
044452,0,0,0,42,,,,
044453,0,0,0,185,,,,
044455,0,0,0,394,,,,
044458,0,0,0,70,,,,
044462,0,0,0,32,,,,
044464,0,0,0,18,,,,
044465,0,0,0,78,,,,
044469,0,0,0,51,,,,
044470,0,0,0,750,,,,
044474,0,0,0,-49,,,,
044475,0,0,0,464,,,,
044478,0,0,0,4,,,,
044480,0,0,0,1,,,,
044486,0,0,0,4,,,,
044499,0,0,0,-785,,,,
044504,10,0,0,0,,,,
044509,0,0,0,1,,,,
044510,0,0,0,35,,,,
044511,0,0,0,2,,,,
044518,0,0,0,10,,,,
044522,0,0,0,-57,,,,
044523,0,0,0,96,,,,
044524,0,0,0,10,,,,
044528,0,0,0,66,,,,
044530,0,0,0,4,,,,
044533,0,0,0,18,,,,
044536,0,0,0,6,,,,
044538,0,0,0,5,,,,
044549,0,0,0,-207,,,,
044551,0,0,0,-40,,,,
044556,0,0,0,0,,,,
044557,0,0,0,90,,,,
044558,0,0,0,-2,,,,
044559,0,0,0,741,,,,
044561,0,0,0,30,,,,
044568,0,0,0,-30,,,,
044569,0,0,0,486,,,,
044573,0,0,0,10,,,,
044575,0,0,0,-32,,,,
044578,0,0,0,5,,,,
044580,0,0,0,30,,,,
044582,0,0,0,67,,,,
044584,0,0,0,-6,,,,
044586,0,0,0,1,,,,
044588,0,0,0,50,,,,
044590,0,0,0,-55,,,,
044591,0,0,0,0,,,,
044592,0,0,0,143,,,,
044593,0,0,0,-2,,,,
044595,0,0,0,-35,,,,
044597,0,0,0,-185,,,,
044601,0,0,0,26,,,,
044608,0,0,0,-160,,,,
044609,0,0,0,12,,,,
044610,0,0,0,50,,,,
044611,0,0,0,164,,,,
044612,0,0,0,-25,,,,
044613,0,0,0,3,,,,
044615,0,0,0,-150,,,,
044616,-10,0,0,-10,,,,
044617,0,0,0,-10,,,,
044618,0,0,0,179,,,,
044619,0,0,0,766,,,,
044621,0,0,0,90,,,,
044626,0,0,0,-2,,,,
044629,0,0,0,47,,,,
044631,0,0,0,5,,,,
044632,0,0,0,97,,,,
044633,0,0,0,1,,,,
044635,0,0,0,-74,,,,
044637,0,0,0,10,,,,
044639,0,0,0,0,,,,
044643,0,0,0,0,,,,
044644,0,0,0,226,,,,
044645,0,0,0,-10,,,,
044647,0,0,0,1,,,,
044648,0,0,0,4,,,,
044657,0,0,0,60,,,,
044659,0,0,0,16,,,,
044664,0,0,0,33,,,,
044665,0,0,0,45,,,,
044679,0,0,0,-12,,,,
044681,0,0,0,3,,,,
044684,0,0,0,121,,,,
044687,0,0,0,33,,,,
044697,0,0,0,50,,,,
044699,0,0,0,-6,,,,
044700,0,0,0,40,,,,
044701,0,0,0,4,,,,
044702,0,0,0,30,,,,
044703,0,0,0,171,,,,
044705,0,0,0,0,,,,
044706,0,0,0,53,,,,
044707,0,0,0,49,,,,
044708,0,0,0,10,,,,
044709,0,0,0,-20,,,,
044713,0,0,0,-99,,,,
044720,0,0,0,925,,,,
044721,0,0,0,-5,,,,
044722,0,0,0,88,,,,
044724,0,0,0,164,,,,
044725,0,0,0,-245,,,,
044733,0,0,0,-109,,,,
044742,0,0,0,423,,,,
044743,0,0,0,1079,,,,
044744,0,0,0,637,,,,
044745,0,0,0,94,,,,
044749,0,0,0,-5,,,,
044750,0,0,0,108,,,,
044751,0,0,0,207,,,,
044753,0,0,0,42,,,,
044754,0,0,0,174,,,,
044755,0,0,0,259,,,,
044760,0,0,0,-331,,,,
044762,0,0,0,-50,,,,
044767,0,0,0,248,,,,
044768,0,0,0,-220,,,,
044771,0,0,0,5,,,,
044773,0,0,0,69,,,,
044774,0,0,0,82,,,,
044775,0,0,0,461,,,,
044780,0,0,0,9,,,,
044785,0,0,0,1,,,,
044786,0,0,0,3043,,,,
044788,0,0,0,153,,,,
044789,0,0,0,-17,,,,
044790,0,0,0,-25,,,,
044792,0,0,0,-66,,,,
044793,0,0,0,-206,,,,
044795,0,0,0,-10,,,,
044796,0,0,0,-679,,,,
044797,0,0,0,-185,,,,
044798,0,0,0,-2,,,,
044801,0,0,0,2,,,,
044802,0,0,0,-1344,,,,
044803,0,0,0,18,,,,
044805,0,0,0,-333,,,,
044807,0,0,0,-35,,,,
044809,0,0,0,146,,,,
044811,0,0,0,0,,,,
044814,0,0,0,343,,,,
044815,0,0,0,11,,,,
044817,0,0,0,-1,,,,
044820,0,0,0,-11,,,,
044823,0,0,0,-132,,,,
044825,0,0,0,5,,,,
044832,0,0,0,700,,,,
044833,0,0,0,91,,,,
044834,0,0,0,30,,,,
044835,0,0,0,18,,,,
044838,0,0,0,-169,,,,
044844,0,0,0,-12,,,,
044850,0,0,0,10,,,,
044858,0,0,0,6,,,,
044862,0,0,0,-104,,,,
044865,0,0,0,34,,,,
044873,0,0,0,8,,,,
044876,0,0,0,-62,,,,
044877,0,0,0,-45,,,,
044878,0,0,0,-3,,,,
044879,0,0,0,-60,,,,
044882,0,0,0,10,,,,
044883,0,0,0,1,,,,
044885,0,0,0,-1,,,,
044887,0,0,0,-41,,,,
044890,0,0,0,4,,,,
044895,0,0,0,1,,,,
044899,0,0,0,1,,,,
044903,0,0,0,-50,,,,
044904,0,0,0,-17,,,,
044905,0,0,0,-10,,,,
044910,0,0,0,58,,,,
044914,0,0,0,178,,,,
044915,0,0,0,-300,,,,
044918,0,0,0,147,,,,
044920,0,0,0,-10,,,,
044924,0,0,0,-20,,,,
044928,0,0,0,-400,,,,
044931,0,0,0,25,,,,
044933,0,0,0,-30,,,,
044934,0,0,0,173,,,,
044935,0,0,0,90,,,,
044936,0,0,0,7,,,,
044937,0,0,0,-207,,,,
044938,0,0,0,45,,,,
044939,0,0,0,41,,,,
044940,0,0,0,-940,,,,
044941,0,0,0,-202,,,,
044942,0,0,0,61,,,,
044945,0,0,0,429,,,,
044951,0,0,0,70,,,,
044952,0,0,0,3,,,,
044954,0,0,0,14,,,,
044957,0,0,0,18,,,,
044960,0,0,0,867,,,,
044961,0,0,0,222,,,,
044964,0,0,0,-97,,,,
044966,0,0,0,6,,,,
044967,0,0,0,-10,,,,
044968,0,0,0,70,,,,
044969,0,0,0,0,,,,
044971,0,0,0,2,,,,
044980,0,0,0,51,,,,
044984,0,0,0,2,,,,
044985,0,0,0,-133,,,,
044990,0,0,0,14,,,,
044991,0,0,0,10,,,,
044993,0,0,0,-10,,,,
044998,0,0,0,76,,,,
045002,0,0,0,-636,,,,
045007,0,0,0,175,,,,
045013,0,0,0,0,,,,
045014,0,0,0,111,,,,
045015,0,0,0,13,,,,
045016,0,0,0,31,,,,
045020,0,0,0,-174,,,,
045022,0,0,0,134,,,,
045023,0,0,0,0,,,,
045028,0,0,0,-9,,,,
045030,0,0,0,299,,,,
045031,0,0,0,23,,,,
045032,0,0,0,56,,,,
045036,0,0,0,14,,,,
045044,0,0,0,-1,,,,
045045,0,0,0,-9,,,,
045046,0,0,0,30,,,,
045047,0,0,0,-10,,,,
045053,0,0,0,2,,,,
045055,0,0,0,20,,,,
045058,0,0,0,8,,,,
045061,0,0,0,214,,,,
045065,0,0,0,18,,,,
045068,0,0,0,-60,,,,
045070,0,0,0,246,,,,
045072,0,0,0,49,,,,
045079,0,0,0,-2,,,,
045084,0,0,0,1,,,,
045087,0,0,0,5,,,,
045090,0,0,0,-59,,,,
045101,0,0,0,-8,,,,
045102,0,0,0,-225,,,,
045104,0,0,0,-20,,,,
045105,0,0,0,55,,,,
045107,0,0,0,327,,,,
045109,0,0,0,85,,,,
045111,0,0,0,1,,,,
045114,0,0,0,308,,,,
045116,0,0,0,29,,,,
045117,0,0,0,-322,,,,
045118,0,0,0,11,,,,
045119,0,0,0,15,,,,
045120,0,0,0,-155,,,,
045121,0,0,0,-214,,,,
045122,0,0,0,169,,,,
045124,0,0,0,-1,,,,
045125,0,0,0,25,,,,
045126,0,0,0,93,,,,
045127,0,0,0,37,,,,
045128,0,0,0,11,,,,
045129,0,0,0,-262,,,,
045130,0,0,0,491,,,,
045135,0,0,0,50,,,,
045137,0,0,0,144,,,,
045140,0,0,0,249,,,,
045141,0,0,0,-270,,,,
045152,0,0,0,1,,,,
045153,0,0,0,-2,,,,
045159,0,0,0,-3,,,,
045161,0,0,0,3,,,,
045162,0,0,0,3,,,,
045165,0,0,0,-195,,,,
045166,0,0,0,-32,,,,
045167,0,0,0,-2,,,,
045168,0,0,0,36,,,,
045171,0,0,0,5,,,,
045173,0,0,0,-1092,,,,
045177,0,0,0,21,,,,
045178,0,0,0,184,,,,
045179,0,0,0,-711,,,,
045182,0,0,0,-57,,,,
045186,0,0,0,-2,,,,
045187,0,0,0,27,,,,
045188,0,0,0,104,,,,
045189,0,0,0,-15,,,,
045190,0,0,0,-398,,,,
045194,0,0,0,6,,,,
045197,0,0,0,-287,,,,
045198,0,0,0,43,,,,
045199,0,0,0,9,,,,
045203,0,0,0,6,,,,
045206,0,0,0,275,,,,
045207,0,0,0,-55,,,,
045208,0,0,0,5,,,,
045212,0,0,0,535,,,,
045213,0,0,0,20,,,,
045214,0,0,0,7,,,,
045220,0,0,0,-152,,,,
045221,0,0,0,2,,,,
045223,0,0,0,-120,,,,
045225,0,0,0,-50,,,,
045226,0,0,0,20,,,,
045228,0,0,0,-10,,,,
045233,0,0,0,26,,,,
045244,0,0,0,15,,,,
045252,0,0,0,-75,,,,
045254,0,0,0,-20,,,,
045255,0,0,0,284,,,,
045258,0,0,0,291,,,,
045262,0,0,0,1,,,,
045264,0,0,0,201,,,,
045265,0,0,0,-279,,,,
045267,0,0,0,119,,,,
045271,0,0,0,-8,,,,
045272,0,0,0,0,,,,
045273,0,0,0,25,,,,
045274,0,0,0,20,,,,
045275,0,0,0,-150,,,,
045278,0,0,0,30,,,,
045280,0,0,0,-10,,,,
045287,0,0,0,-50,,,,
045290,0,0,0,-500,,,,
045293,0,0,0,-251,,,,
045295,0,0,0,15,,,,
045296,0,0,0,50,,,,
045297,0,0,0,-250,,,,
045298,0,0,0,145,,,,
045306,0,0,0,310,,,,
045307,0,0,0,-6,,,,
045309,0,0,0,6,,,,
045315,0,0,0,-6,,,,
045317,0,0,0,58,,,,
045320,0,0,0,15,,,,
045323,0,0,0,-45,,,,
045325,0,0,0,-16,,,,
045326,0,0,0,-36,,,,
045328,0,0,0,-7,,,,
045333,0,0,0,81,,,,
045334,0,0,0,-17,,,,
045341,0,0,0,3,,,,
045342,0,0,0,20,,,,
045344,0,0,0,15,,,,
045348,0,0,0,-199,,,,
045354,0,0,0,-50,,,,
045355,0,0,0,-30,,,,
045357,0,0,0,50,,,,
045360,0,0,0,160,,,,
045363,0,0,0,-70,,,,
045365,0,0,0,-40,,,,
045373,0,0,0,-7,,,,
045374,0,0,0,20,,,,
045378,0,0,0,0,,,,
045387,0,0,0,236,,,,
045391,0,0,0,-215,,,,
045393,0,0,0,4,,,,
045394,0,0,0,-76,,,,
045403,0,0,0,15,,,,
045405,0,0,0,52,,,,
045414,0,0,0,499,,,,
045419,0,0,0,18,,,,
045420,0,0,0,-100,,,,
045425,0,0,0,183,,,,
045426,0,0,0,11,,,,
045427,0,0,0,-10,,,,
045432,0,0,0,5,,,,
045433,0,0,0,8,,,,
045437,0,0,0,61,,,,
045438,0,0,0,-414,,,,
045439,0,0,0,27,,,,
045440,0,0,0,-100,,,,
045443,0,0,0,3,,,,
045444,0,0,0,-533,,,,
045445,0,0,0,7,,,,
045446,0,0,0,210,,,,
045448,0,0,0,76,,,,
045449,0,0,0,-14,,,,
045450,0,0,0,-433,,,,
045451,0,0,0,-20,,,,
045453,0,0,0,2,,,,
045454,0,0,0,68,,,,
045457,0,0,0,-66,,,,
045460,0,0,0,-151,,,,
045461,0,0,0,209,,,,
045463,0,0,0,6,,,,
045467,0,0,0,-1,,,,
045469,0,0,0,30,,,,
045470,0,0,0,370,,,,
045471,0,0,0,-139,,,,
045472,0,0,0,70,,,,
045484,0,0,0,50,,,,
045485,0,0,0,-1996,,,,
045487,0,0,0,5,,,,
045490,0,0,0,46,,,,
045492,0,0,0,-8,,,,
045493,0,0,0,-84,,,,
045494,0,0,0,-50,,,,
045495,0,0,0,-587,,,,
045497,0,0,0,-20,,,,
045498,0,0,0,-10,,,,
045499,0,0,0,5,,,,
045502,0,0,0,-22,,,,
045504,0,0,0,-200,,,,
045505,0,0,0,10,,,,
045508,0,0,0,-10,,,,
045509,0,0,0,3,,,,
045510,0,0,0,18,,,,
045512,0,0,0,10,,,,
045517,0,0,0,10,,,,
045518,0,0,0,33,,,,
045519,0,0,0,0,,,,
045522,0,0,0,168,,,,
045523,0,0,0,-75,,,,
045524,0,0,0,9,,,,
045528,0,0,0,330,,,,
045529,0,0,0,-29,,,,
045530,0,0,0,100,,,,
045532,0,0,0,203,,,,
045535,0,0,0,-9,,,,
045536,0,0,0,-271,,,,
045547,0,0,0,3,,,,
045549,0,0,0,-57,,,,
045550,0,0,0,38,,,,
045554,0,0,0,-70,,,,
045557,0,0,0,165,,,,
045562,0,0,0,-29,,,,
045563,0,0,0,-101,,,,
045568,0,0,0,20,,,,
045573,0,0,0,-2,,,,
045577,0,0,0,56,,,,
045583,0,0,0,-76,,,,
045584,0,0,0,10,,,,
045585,0,0,0,-408,,,,
045588,0,0,0,253,,,,
045589,0,0,0,-12,,,,
045590,0,0,0,817,,,,
045591,0,0,0,795,,,,
045594,0,0,0,-18,,,,
045595,0,0,0,2,,,,
045597,0,0,0,38,,,,
045599,0,0,0,-30,,,,
045600,0,0,0,0,,,,
045604,0,0,0,-219,,,,
045607,0,0,0,20,,,,
045614,0,0,0,-43,,,,
045619,0,0,0,-346,,,,
045620,0,0,0,71,,,,
045621,0,0,0,5,,,,
045622,0,0,0,195,,,,
045623,0,0,0,68,,,,
045625,0,0,0,204,,,,
045628,0,0,0,16,,,,
045629,0,0,0,258,,,,
045630,0,0,0,79,,,,
045631,0,0,0,-114,,,,
045632,0,0,0,10,,,,
045633,0,0,0,631,,,,
045634,0,0,0,250,,,,
045637,0,0,0,-57,,,,
045640,0,0,0,9,,,,
045643,0,0,0,-20,,,,
045644,0,0,0,-30,,,,
045645,0,0,0,-10,,,,
045647,0,0,0,251,,,,
045651,0,0,0,0,,,,
045654,0,0,0,-10,,,,
045656,0,0,0,40,,,,
045663,0,0,0,89,,,,
045667,0,0,0,-68,,,,
045669,0,0,0,22,,,,
045674,0,0,0,0,,,,
045675,0,0,0,-22,,,,
045677,0,0,0,2,,,,
045679,0,0,0,10,,,,
045683,0,0,0,-336,,,,
045684,0,0,0,160,,,,
045687,0,0,0,-5,,,,
045693,0,0,0,10,,,,
045695,0,0,0,94,,,,
045700,0,0,0,0,,,,
045705,0,0,0,-212,,,,
045709,0,0,0,-76,,,,
04570U,0,0,0,-22,,,,
045713,0,0,0,-33,,,,
045720,0,0,0,12,,,,
045721,0,0,0,1,,,,
045722,0,0,0,64,,,,
045734,0,0,0,6,,,,
045741,0,0,0,10,,,,
045743,0,0,0,10,,,,
045744,0,0,0,-222,,,,
045745,0,0,0,-1,,,,
045753,0,0,0,-79,,,,
045754,0,0,0,-140,,,,
045760,0,0,0,18,,,,
045761,0,0,0,25,,,,
045763,0,0,0,-29,,,,
045764,0,0,0,10,,,,
045766,0,0,0,10,,,,
045769,0,0,0,-2,,,,
045770,0,0,0,-25,,,,
045773,0,0,0,-292,,,,
045775,0,0,0,-7,,,,
045780,0,0,0,130,,,,
045781,0,0,0,896,,,,
045785,0,0,0,5,,,,
045786,0,0,0,0,,,,
045787,0,0,0,14,,,,
045788,0,0,0,249,,,,
045791,0,0,0,40,,,,
045797,0,0,0,353,,,,
045798,0,0,0,0,,,,
045799,0,0,0,250,,,,
045802,0,0,0,20,,,,
045808,0,0,0,106,,,,
045811,0,0,0,-20,,,,
045821,0,0,0,0,,,,
045826,0,0,0,10,,,,
045827,0,0,0,-22,,,,
045831,0,0,0,6,,,,
045833,0,0,0,18,,,,
045850,0,0,0,-17,,,,
045856,0,0,0,-100,,,,
045857,0,0,0,-8,,,,
045861,0,0,0,10,,,,
045863,0,0,0,9,,,,
045866,0,0,0,-26,,,,
045867,0,0,0,5,,,,
045868,0,0,0,30,,,,
045875,0,0,0,0,,,,
045876,0,0,0,-109,,,,
045877,0,0,0,5,,,,
045885,0,0,0,18,,,,
045894,0,0,0,-37,,,,
045898,0,0,0,1,,,,
045909,0,0,0,10,,,,
045914,0,0,0,-20,,,,
045919,0,0,0,-13,,,,
045920,0,0,0,248,,,,
045923,0,0,0,-14,,,,
045930,0,0,0,24,,,,
045931,0,0,0,433,,,,
045933,0,0,0,-109,,,,
045935,0,0,0,10,,,,
045939,0,0,0,1,,,,
045942,0,0,0,-125,,,,
045943,0,0,0,4,,,,
045944,0,0,0,883,,,,
045945,0,0,0,200,,,,
045946,0,0,0,643,,,,
045948,0,0,0,0,,,,
045949,0,0,0,-13,,,,
045952,0,0,0,231,,,,
045956,0,0,0,354,,,,
045957,0,0,0,441,,,,
045958,0,0,0,-30,,,,
045959,0,0,0,179,,,,
045961,0,0,0,30,,,,
045969,0,0,0,-169,,,,
045970,0,0,0,690,,,,
045971,0,0,0,5,,,,
045972,0,0,0,40,,,,
045974,0,0,0,3,,,,
045975,0,0,0,8,,,,
045976,0,0,0,4,,,,
045977,0,0,0,1,,,,
045981,0,0,0,-15,,,,
045982,0,0,0,32,,,,
045984,0,0,0,-10,,,,
045993,0,0,0,-24,,,,
045995,0,0,0,-190,,,,
045998,0,0,0,0,,,,
045999,0,0,0,1,,,,
046000,0,0,0,-65,,,,
046006,0,0,0,14,,,,
046012,0,0,0,38,,,,
046015,0,0,0,0,,,,
046016,0,0,0,14,,,,
046017,0,0,0,-18,,,,
046023,0,0,0,-60,,,,
046024,0,0,0,-236,,,,
046028,0,0,0,-67,,,,
046031,0,0,0,151,,,,
046036,0,0,0,-40,,,,
046039,0,0,0,15,,,,
046041,0,0,0,552,,,,
046042,0,0,0,349,,,,
046043,0,0,0,192,,,,
046046,0,0,0,994,,,,
046049,0,0,0,-210,,,,
046050,0,0,0,146,,,,
046051,0,0,0,622,,,,
046052,0,0,0,-265,,,,
046055,0,0,0,3,,,,
046059,0,0,0,-1,,,,
046061,0,0,0,15,,,,
046062,0,0,0,94,,,,
046064,0,0,0,520,,,,
046068,0,0,0,-38,,,,
046069,0,0,0,8,,,,
046073,0,0,0,1,,,,
046074,0,0,0,0,,,,
046075,0,0,0,-7,,,,
046077,0,0,0,10,,,,
046079,0,0,0,-1,,,,
046099,0,0,0,5,,,,
046103,0,0,0,-44,,,,
046109,0,0,0,197,,,,
046110,0,0,0,-1,,,,
046111,0,0,0,40,,,,
046112,0,0,0,29,,,,
046114,0,0,0,1151,,,,
046115,0,0,0,-3,,,,
046120,0,0,0,72,,,,
046122,0,0,0,32,,,,
046124,0,0,0,-36,,,,
046128,0,0,0,10,,,,
046129,0,0,0,7,,,,
046133,0,0,0,22,,,,
046134,0,0,0,20,,,,
046136,0,0,0,25,,,,
046137,0,0,0,38,,,,
046138,0,0,0,-10,,,,
046139,0,0,0,0,,,,
046140,0,0,0,941,,,,
046144,0,0,0,200,,,,
046145,0,0,0,30,,,,
046148,0,0,0,-96,,,,
046149,0,0,0,115,,,,
046151,0,0,0,-8,,,,
046153,0,0,0,2959,,,,
046157,0,0,0,-397,,,,
046159,0,0,0,100,,,,
046160,0,0,0,-24,,,,
046162,0,0,0,-40,,,,
046163,0,0,0,378,,,,
046164,0,0,0,575,,,,
046168,0,0,0,65,,,,
046169,0,0,0,428,,,,
046171,0,0,0,13,,,,
046175,0,0,0,32,,,,
046181,0,0,0,11,,,,
046186,0,0,0,-10,,,,
046187,0,0,0,236,,,,
046190,0,0,0,11,,,,
046192,0,0,0,-190,,,,
046194,0,0,0,233,,,,
046195,0,0,0,-45,,,,
046196,0,0,0,1,,,,
046197,0,0,0,-260,,,,
046198,0,0,0,35,,,,
046200,0,0,0,405,,,,
046201,0,0,0,199,,,,
046202,0,0,0,94,,,,
046210,0,0,0,23,,,,
046212,0,0,0,-96,,,,
046213,0,0,0,-5,,,,
046215,0,0,0,-390,,,,
046217,0,0,0,-135,,,,
046218,0,0,0,7,,,,
046219,0,0,0,22,,,,
046223,0,0,0,40,,,,
046224,0,0,0,0,,,,
046225,14,0,0,-14,,,,
046228,0,0,0,-10,,,,
046230,0,0,0,0,,,,
046231,0,0,0,-30,,,,
046232,0,0,0,-4,,,,
046235,0,0,0,338,,,,
046236,0,0,0,-92,,,,
046238,0,0,0,-30,,,,
046239,0,0,0,5,,,,
046241,0,0,0,20,,,,
046251,0,0,0,6,,,,
046253,0,0,0,4,,,,
046254,0,0,0,128,,,,
046257,0,0,0,5,,,,
046265,0,0,0,73,,,,
046271,0,0,0,-40,,,,
046273,0,0,0,-18,,,,
046274,0,0,0,-113,,,,
046276,0,0,0,-7,,,,
046284,0,0,0,-2,,,,
046286,0,0,0,3,,,,
046288,0,0,0,-2,,,,
046290,0,0,0,719,,,,
046291,0,0,0,159,,,,
046296,0,0,0,296,,,,
046297,0,0,0,4,,,,
046300,0,0,0,20,,,,
046301,0,0,0,1,,,,
046302,0,0,0,77,,,,
046303,0,0,0,250,,,,
046306,0,0,0,120,,,,
046309,0,0,0,-206,,,,
046310,0,0,0,351,,,,
046311,0,0,0,156,,,,
046314,0,0,0,20,,,,
046315,0,0,0,-76,,,,
046319,0,0,0,-30,,,,
046320,0,0,0,10,,,,
046321,0,0,0,-3,,,,
046323,0,0,0,-54,,,,
046324,0,0,0,14,,,,
046328,0,0,0,1,,,,
046331,0,0,0,-3,,,,
046333,0,0,0,-16,,,,
046334,0,0,0,-5,,,,
046335,0,0,0,0,,,,
046338,0,0,0,39,,,,
046342,0,0,0,10,,,,
046344,0,0,0,-1,,,,
046345,0,0,0,0,,,,
046350,0,0,0,20,,,,
046356,0,0,0,-10,,,,
046357,0,0,0,5,,,,
046358,0,0,0,83,,,,
046359,0,0,0,-5,,,,
046360,0,0,0,-43,,,,
046364,0,0,0,110,,,,
046365,0,0,0,199,,,,
046368,0,0,0,41,,,,
046369,0,0,0,-26,,,,
046372,0,0,0,100,,,,
046377,0,0,0,4,,,,
046381,0,0,0,-214,,,,
046382,0,0,0,258,,,,
046385,0,0,0,430,,,,
046390,0,0,0,-20,,,,
046395,0,0,0,30,,,,
046396,0,0,0,10,,,,
046398,0,0,0,31,,,,
046400,0,0,0,380,,,,
046401,0,0,0,0,,,,
046408,0,0,0,-1,,,,
046409,0,0,0,5,,,,
046417,0,0,0,-60,,,,
046418,0,0,0,100,,,,
046419,0,0,0,-218,,,,
046426,0,0,0,156,,,,
046428,0,0,0,-1,,,,
046430,0,0,0,-20,,,,
046436,0,0,0,-33,,,,
046441,0,0,0,307,,,,
046443,0,0,0,69,,,,
046447,0,0,0,-20,,,,
046448,0,0,0,-35,,,,
046453,0,0,0,-50,,,,
046455,0,0,0,9,,,,
046456,0,0,0,738,,,,
046457,0,0,0,-299,,,,
046458,0,0,0,-17,,,,
046459,0,0,0,-12,,,,
046463,0,0,0,-24,,,,
046466,0,0,0,113,,,,
046467,0,0,0,15,,,,
046473,0,0,0,83,,,,
046475,0,0,0,19,,,,
046476,0,0,0,10,,,,
046479,0,0,0,65,,,,
046480,0,0,0,22,,,,
046481,0,0,0,-8,,,,
046485,0,0,0,68,,,,
046487,0,0,0,-20,,,,
046491,0,0,0,-30,,,,
046497,0,0,0,0,,,,
046498,0,0,0,0,,,,
046500,0,0,0,15,,,,
046507,0,0,0,-3,,,,
046510,0,0,0,82,,,,
046513,0,0,0,203,,,,
046514,0,0,0,323,,,,
046520,0,0,0,674,,,,
046521,0,0,0,16,,,,
046525,0,0,0,-25,,,,
046526,0,0,0,-75,,,,
046529,0,0,0,110,,,,
046532,0,0,0,321,,,,
046534,0,0,0,411,,,,
046535,0,0,0,17,,,,
046536,0,0,0,5,,,,
046537,0,0,0,-225,,,,
046539,0,0,0,1023,,,,
046544,0,0,0,68,,,,
046545,0,0,0,-21,,,,
046546,0,0,0,0,,,,
046548,0,0,0,-295,,,,
046551,0,0,0,-250,,,,
046553,0,0,0,16,,,,
046562,0,0,0,-233,,,,
046563,0,0,0,10,,,,
046565,0,0,0,108,,,,
046566,0,0,0,-4,,,,
046571,0,0,0,-8,,,,
046572,0,0,0,-27,,,,
046577,0,0,0,67,,,,
046578,0,0,0,-246,,,,
046580,0,0,0,1314,,,,
046586,0,0,0,-14,,,,
046589,0,0,0,31,,,,
046592,0,0,0,75,,,,
046595,0,0,0,8,,,,
046596,0,0,0,-56,,,,
046600,0,0,0,0,,,,
046607,0,0,0,5,,,,
046608,0,0,0,85,,,,
046612,0,0,0,-602,,,,
046614,0,0,0,30,,,,
046615,0,0,0,-600,,,,
046618,0,0,0,-55,,,,
046619,0,0,0,10,,,,
046620,0,0,0,1,,,,
046624,0,0,0,10,,,,
046625,0,0,0,39,,,,
046626,0,0,0,-178,,,,
046629,0,0,0,20,,,,
046630,0,0,0,128,,,,
046631,0,0,0,12,,,,
046634,0,0,0,230,,,,
046638,0,0,0,80,,,,
046640,0,0,0,68,,,,
046644,0,0,0,40,,,,
046645,0,0,0,-8,,,,
046648,0,0,0,-12,,,,
046649,0,0,0,0,,,,
046652,0,0,0,-163,,,,
046655,0,0,0,1,,,,
046659,0,0,0,278,,,,
046660,0,0,0,-125,,,,
046662,0,0,0,15,,,,
046668,0,0,0,-10,,,,
046670,0,0,0,-261,,,,
046671,0,0,0,38,,,,
046672,0,0,0,-44,,,,
046673,0,0,0,-208,,,,
046674,0,0,0,10,,,,
046675,0,0,0,44,,,,
046677,0,0,0,-1,,,,
046678,0,0,0,0,,,,
046680,0,0,0,-85,,,,
046686,0,0,0,0,,,,
046687,0,0,0,-150,,,,
046688,0,0,0,-59,,,,
046689,0,0,0,131,,,,
046690,0,0,0,63,,,,
046691,0,0,0,154,,,,
046692,0,0,0,258,,,,
046694,0,0,0,1260,,,,
046699,0,0,0,12,,,,
046702,0,0,0,20,,,,
046706,0,0,0,-2,,,,
046707,0,0,0,-23,,,,
046708,0,0,0,31,,,,
046709,0,0,0,-1,,,,
046711,0,0,0,5,,,,
046712,0,0,0,0,,,,
046713,0,0,0,2,,,,
046714,0,0,0,7,,,,
046715,0,0,0,-43,,,,
046718,0,0,0,74,,,,
046720,0,0,0,28,,,,
046725,0,0,0,20,,,,
046726,0,0,0,5,,,,
046727,0,0,0,-91,,,,
046728,0,0,0,24,,,,
046729,0,0,0,193,,,,
046733,0,0,0,3,,,,
046743,0,0,0,2,,,,
046744,0,0,0,31,,,,
046747,0,0,0,51,,,,
046749,0,0,0,21,,,,
046751,0,0,0,-73,,,,
046754,0,0,0,15,,,,
046758,0,0,0,-11,,,,
046760,0,0,0,17,,,,
046762,0,0,0,203,,,,
046763,0,0,0,-101,,,,
046764,0,0,0,76,,,,
046765,0,0,0,-20,,,,
046766,0,0,0,-10,,,,
046767,0,0,0,76,,,,
046769,0,0,0,60,,,,
046775,0,0,0,50,,,,
046776,0,0,0,469,,,,
046778,0,0,0,50,,,,
046779,0,0,0,-3,,,,
046780,0,0,0,-154,,,,
046782,0,0,0,0,,,,
046783,0,0,0,-10,,,,
046785,0,0,0,27,,,,
046786,0,0,0,482,,,,
046787,0,0,0,0,,,,
046788,0,0,0,9,,,,
046790,0,0,0,-79,,,,
046792,0,0,0,13,,,,
046794,0,0,0,101,,,,
046795,0,0,0,14,,,,
046796,0,0,0,30,,,,
046797,0,0,0,49,,,,
046798,0,0,0,247,,,,
046801,0,0,0,-5,,,,
046803,0,0,0,187,,,,
046804,0,0,0,41,,,,
046805,0,0,0,-10,,,,
046812,0,0,0,26,,,,
046814,0,0,0,5,,,,
046815,0,0,0,277,,,,
046816,0,0,0,-477,,,,
046817,0,0,0,78,,,,
046820,0,0,0,32,,,,
046824,0,0,0,0,,,,
046826,0,0,0,5,,,,
046827,0,0,0,60,,,,
046828,0,0,0,83,,,,
046830,0,0,0,-21,,,,
046831,0,0,0,20,,,,
046833,0,0,0,10,,,,
046834,0,0,0,4,,,,
046835,0,0,0,4,,,,
046836,0,0,0,-60,,,,
046846,0,0,0,6,,,,
046850,0,0,0,-14,,,,
046855,0,0,0,121,,,,
046856,0,0,0,60,,,,
046857,0,0,0,-215,,,,
046858,0,0,0,1,,,,
046861,0,0,0,102,,,,
046862,0,0,0,0,,,,
046863,0,0,0,42,,,,
046866,0,0,0,59,,,,
046867,0,0,0,-13,,,,
046869,0,0,0,-10,,,,
046870,0,0,0,274,,,,
046871,0,0,0,0,,,,
046874,0,0,0,-49,,,,
046875,0,0,0,-12,,,,
046878,0,0,0,93,,,,
046880,0,0,0,13,,,,
046885,0,0,0,-11,,,,
046886,0,0,0,11,,,,
046887,0,0,0,-186,,,,
046901,0,0,0,6,,,,
046910,0,0,0,17,,,,
046913,0,0,0,59,,,,
046914,0,0,0,424,,,,
046916,0,0,0,10,,,,
046918,0,0,0,35,,,,
046920,0,0,0,0,,,,
046921,0,0,0,18,,,,
046923,0,0,0,-157,,,,
046924,0,0,0,348,,,,
046928,0,0,0,3,,,,
046929,0,0,0,24,,,,
046931,0,0,0,250,,,,
046932,0,0,0,100,,,,
046936,0,0,0,-249,,,,
046937,0,0,0,406,,,,
046938,0,0,0,35,,,,
046939,0,0,0,39,,,,
046941,0,0,0,45,,,,
046942,0,0,0,1,,,,
046944,0,0,0,-10,,,,
046953,0,0,0,1051,,,,
046955,0,0,0,-9,,,,
046959,0,0,0,270,,,,
046960,0,0,0,-121,,,,
046961,0,0,0,49,,,,
046962,0,0,0,60,,,,
046963,0,0,0,78,,,,
046965,0,0,0,-1,,,,
046971,0,0,0,-20,,,,
046973,0,0,0,-22,,,,
046974,0,0,0,22,,,,
046983,0,0,0,10,,,,
046984,0,0,0,-606,,,,
046985,0,0,0,-154,,,,
046987,0,0,0,7,,,,
046989,0,0,0,776,,,,
046990,0,0,0,480,,,,
046993,0,0,0,348,,,,
046994,0,0,0,-72,,,,
046995,0,0,0,5,,,,
046997,0,0,0,-20,,,,
047002,0,0,0,3,,,,
047005,0,0,0,-20,,,,
047009,0,0,0,3,,,,
047010,0,0,0,-1,,,,
047014,0,0,0,1,,,,
047015,0,0,0,-3,,,,
047017,0,0,0,10,,,,
047019,0,0,0,5,,,,
047020,0,0,0,-35,,,,
047021,0,0,0,-42,,,,
047023,0,0,0,17,,,,
047024,0,0,0,90,,,,
047025,0,0,0,50,,,,
047029,0,0,0,-10,,,,
047030,0,0,0,8,,,,
047031,0,0,0,13,,,,
047033,0,0,0,19,,,,
047036,0,0,0,-13,,,,
047039,0,0,0,27,,,,
047044,0,0,0,-244,,,,
047045,0,0,0,44,,,,
047046,0,0,0,-344,,,,
047047,0,0,0,41,,,,
047049,0,0,0,133,,,,
047050,0,0,0,400,,,,
047053,0,0,0,-7,,,,
047054,0,0,0,-27,,,,
047056,0,0,0,-51,,,,
047059,0,0,0,1,,,,
047061,0,0,0,2,,,,
047064,0,0,0,-35,,,,
047065,0,0,0,-40,,,,
047068,0,0,0,4,,,,
047071,0,0,0,65,,,,
047072,0,0,0,321,,,,
047073,0,0,0,284,,,,
047074,0,0,0,-37,,,,
047079,0,0,0,-97,,,,
047081,0,0,0,3,,,,
047084,0,0,0,6,,,,
047086,0,0,0,4,,,,
047087,0,0,0,29,,,,
047088,0,0,0,-20,,,,
047092,0,0,0,-27,,,,
047093,0,0,0,0,,,,
047097,0,0,0,20,,,,
047098,0,0,0,0,,,,
047099,0,0,0,13,,,,
047100,0,0,0,1,,,,
047101,0,0,0,5,,,,
047102,0,0,0,-4,,,,
047103,0,0,0,32,,,,
047106,0,0,0,13,,,,
047110,0,0,0,772,,,,
047112,0,0,0,17,,,,
047117,0,0,0,-12,,,,
047124,0,0,0,-34,,,,
047128,0,0,0,10,,,,
047130,0,0,0,6,,,,
047132,0,0,0,7,,,,
047135,0,0,0,1,,,,
047140,0,0,0,-110,,,,
047141,0,0,0,891,,,,
047145,0,0,0,5,,,,
047146,0,0,0,181,,,,
047148,0,0,0,28,,,,
047151,0,0,0,67,,,,
047169,0,0,0,-10,,,,
047171,0,0,0,12,,,,
047176,0,0,0,2,,,,
047179,0,0,0,-735,,,,
047188,0,0,0,-6,,,,
047191,0,0,0,15,,,,
047193,0,0,0,-47,,,,
047195,0,0,0,96,,,,
047198,0,0,0,-10,,,,
047199,0,0,0,0,,,,
047200,0,0,0,17,,,,
047201,0,0,0,137,,,,
047203,0,0,0,3,,,,
047204,0,0,0,9,,,,
047207,0,0,0,15,,,,
047211,0,0,0,20,,,,
047213,0,0,0,-165,,,,
047216,0,0,0,-10,,,,
047219,0,0,0,-4,,,,
047220,0,0,0,15,,,,
047222,0,0,0,202,,,,
047223,0,0,0,15,,,,
047225,0,0,0,93,,,,
047227,0,0,0,4,,,,
047229,0,0,0,10,,,,
047231,0,0,0,0,,,,
047234,0,0,0,-2,,,,
047236,0,0,0,-39,,,,
047238,0,0,0,58,,,,
047239,0,0,0,30,,,,
047242,0,0,0,-40,,,,
047247,0,0,0,-70,,,,
047258,0,0,0,20,,,,
047263,0,0,0,-46,,,,
047264,0,0,0,87,,,,
047272,0,0,0,-32,,,,
047273,0,0,0,19,,,,
047275,0,0,0,-2,,,,
047277,0,0,0,94,,,,
047278,0,0,0,0,,,,
047281,0,0,0,-10,,,,
047283,0,0,0,7,,,,
047284,0,0,0,65,,,,
047286,0,0,0,-30,,,,
047291,0,0,0,90,,,,
047292,0,0,0,2,,,,
047294,0,0,0,251,,,,
047295,0,0,0,59,,,,
047296,0,0,0,13,,,,
047300,0,0,0,-20,,,,
047302,0,0,0,0,,,,
047303,0,0,0,21,,,,
047308,0,0,0,19,,,,
047309,0,0,0,-54,,,,
047311,0,0,0,42,,,,
047312,0,0,0,61,,,,
047314,0,0,0,-197,,,,
047315,0,0,0,-230,,,,
047316,0,0,0,155,,,,
047318,0,0,0,49,,,,
047319,0,0,0,5,,,,
047322,0,0,0,-14,,,,
047323,0,0,0,-51,,,,
047324,0,0,0,-250,,,,
047326,0,0,0,257,,,,
047331,0,0,0,669,,,,
047334,0,0,0,-19,,,,
047337,0,0,0,-30,,,,
047342,0,0,0,17,,,,
047344,0,0,0,5,,,,
047345,0,0,0,-5,,,,
047352,0,0,0,18,,,,
047355,0,0,0,17,,,,
047357,0,0,0,57,,,,
047358,0,0,0,-34,,,,
047360,0,0,0,-41,,,,
047361,0,0,0,-18,,,,
047366,0,0,0,1,,,,
047369,0,0,0,103,,,,
047370,0,0,0,-493,,,,
047373,0,0,0,-100,,,,
047379,0,0,0,10,,,,
047386,0,0,0,18,,,,
047390,0,0,0,77,,,,
047391,0,0,0,3,,,,
047394,0,0,0,51,,,,
047395,0,0,0,-7,,,,
047400,0,0,0,0,,,,
047402,0,0,0,22,,,,
047404,0,0,0,-120,,,,
047405,0,0,0,10,,,,
047406,0,0,0,53,,,,
047410,0,0,0,20,,,,
047413,0,0,0,-990,,,,
047415,0,0,0,-11,,,,
047417,0,0,0,15,,,,
047420,0,0,0,-1,,,,
047421,0,0,0,60,,,,
047422,0,0,0,-10,,,,
047427,3,0,0,-3,,,,
047431,0,0,0,9,,,,
047432,0,0,0,1,,,,
047433,0,0,0,20,,,,
047434,0,0,0,-23,,,,
047436,0,0,0,-39,,,,
047437,0,0,0,5,,,,
047439,0,0,0,-2,,,,
047440,0,0,0,-1,,,,
047443,0,0,0,-198,,,,
047446,0,0,0,16,,,,
047448,0,0,0,-10,,,,
047450,0,0,0,-11,,,,
047456,0,0,0,11,,,,
047457,0,0,0,-3,,,,
047461,0,0,0,-192,,,,
047462,0,0,0,20,,,,
047467,0,0,0,7,,,,
047469,0,0,0,-28,,,,
047470,0,0,0,239,,,,
047471,0,0,0,20,,,,
047475,0,0,0,182,,,,
047476,0,0,0,-4,,,,
047477,0,0,0,-30,,,,
047480,0,0,0,6,,,,
047481,0,0,0,630,,,,
047482,0,0,0,-73,,,,
047483,0,0,0,-31,,,,
047484,0,0,0,-210,,,,
047485,0,0,0,-27,,,,
047486,0,0,0,-99,,,,
047487,0,0,0,20,,,,
047490,0,0,0,-10,,,,
047492,0,0,0,100,,,,
047493,0,0,0,73,,,,
047494,0,0,0,-51,,,,
047497,0,0,0,14,,,,
047498,0,0,0,-40,,,,
047502,0,0,0,61,,,,
047504,0,0,0,260,,,,
047509,0,0,0,-49,,,,
047512,0,0,0,-42,,,,
047514,0,0,0,1,,,,
047516,0,0,0,-698,,,,
047517,0,0,0,-41,,,,
047521,0,0,0,-30,,,,
047524,0,0,0,2,,,,
047527,0,0,0,0,,,,
047528,0,0,0,68,,,,
047535,0,0,0,-11,,,,
047540,0,0,0,12,,,,
047541,0,0,0,0,,,,
047546,0,0,0,10,,,,
047547,0,0,0,17,,,,
047548,0,0,0,0,,,,
047551,-2,0,0,7,,,,
047555,0,0,0,40,,,,
047557,0,0,0,-499,,,,
047564,0,0,0,-3,,,,
047567,0,0,0,-1,,,,
047568,0,0,0,1,,,,
047571,0,0,0,88,,,,
047574,0,0,0,-9,,,,
047577,0,0,0,50,,,,
04757U,0,0,0,-3,,,,
047582,0,0,0,-10,,,,
047583,0,0,0,3,,,,
047586,0,0,0,69,,,,
047588,0,0,0,28,,,,
047589,0,0,0,-127,,,,
047593,0,0,0,209,,,,
047596,0,0,0,-6,,,,
047597,0,0,0,-15,,,,
047598,0,0,0,-10,,,,
047600,0,0,0,-15,,,,
047602,0,0,0,-1,,,,
047608,0,0,0,0,,,,
047609,0,0,0,0,,,,
047612,0,0,0,24,,,,
047613,0,0,0,300,,,,
047614,0,0,0,10,,,,
047615,0,0,0,82,,,,
047616,0,0,0,1,,,,
047618,0,0,0,10,,,,
047620,0,0,0,199,,,,
047624,0,0,0,-19,,,,
047627,0,0,0,20,,,,
047628,0,0,0,-70,,,,
047632,0,0,0,-1,,,,
047635,0,0,0,10,,,,
047636,0,0,0,1097,,,,
047637,0,0,0,143,,,,
047643,0,0,0,20,,,,
047645,0,0,0,-15,,,,
047648,0,0,0,-6,,,,
047649,0,0,0,10,,,,
047651,0,0,0,-85,,,,
047654,0,0,0,2,,,,
047657,0,0,0,13,,,,
047658,0,0,0,-520,,,,
047666,0,0,0,-25,,,,
047667,0,0,0,-1005,,,,
047671,0,0,0,-5,,,,
047674,0,0,0,44,,,,
047675,0,0,0,91,,,,
047676,0,0,0,6,,,,
047677,0,0,0,127,,,,
047679,0,0,0,-4,,,,
047680,0,0,0,0,,,,
047682,0,0,0,-10,,,,
047683,0,0,0,-460,,,,
047684,0,0,0,17,,,,
047686,0,0,0,18,,,,
047689,0,0,0,52,,,,
047690,0,0,0,464,,,,
047691,0,0,0,34,,,,
047692,0,0,0,204,,,,
047693,0,0,0,440,,,,
047694,0,0,0,174,,,,
047697,0,0,0,1,,,,
047698,0,0,0,-460,,,,
047699,0,0,0,1,,,,
047700,0,0,0,-359,,,,
047701,0,0,0,831,,,,
047702,0,0,0,30,,,,
047703,0,0,0,-249,,,,
047704,0,0,0,-859,,,,
047709,0,0,0,3,,,,
047710,0,0,0,10,,,,
047714,0,0,0,149,,,,
047715,0,0,0,-83,,,,
047716,0,0,0,6,,,,
047718,0,0,0,-55,,,,
047719,0,0,0,-107,,,,
047721,0,0,0,50,,,,
047724,0,0,0,359,,,,
047727,0,0,0,24,,,,
047729,0,0,0,10,,,,
047730,0,0,0,-14,,,,
047732,0,0,0,49,,,,
047733,0,0,0,1,,,,
047739,0,0,0,-278,,,,
047740,0,0,0,12,,,,
047743,0,0,0,-4,,,,
047744,0,0,0,-11,,,,
047749,0,0,0,18,,,,
047751,0,0,0,-49,,,,
047752,0,0,0,-66,,,,
047753,0,0,0,140,,,,
047754,0,0,0,200,,,,
047755,0,0,0,7,,,,
047758,0,0,0,41,,,,
047759,0,0,0,71,,,,
047769,0,0,0,1175,,,,
047770,0,0,0,-22,,,,
047771,0,0,0,8,,,,
047772,0,0,0,-4,,,,
047774,0,0,0,-203,,,,
047779,0,0,0,29,,,,
047782,0,0,0,81,,,,
047783,0,0,0,-62,,,,
047785,0,0,0,73,,,,
047786,0,0,0,118,,,,
047789,0,0,0,6,,,,
047792,0,0,0,-30,,,,
047798,0,0,0,-1,,,,
047799,0,0,0,2,,,,
047803,0,0,0,-10,,,,
047807,0,0,0,19,,,,
047808,0,0,0,-6,,,,
047811,0,0,0,30,,,,
047812,0,0,0,94,,,,
047817,0,0,0,-4,,,,
047820,0,0,0,-18,,,,
047821,0,0,0,-10,,,,
047824,0,0,0,100,,,,
047825,0,0,0,3,,,,
047829,0,0,0,22,,,,
047836,0,0,0,6,,,,
047838,0,0,0,6,,,,
047841,0,0,0,93,,,,
047845,0,0,0,30,,,,
047847,0,0,0,20,,,,
047852,0,0,0,2,,,,
047853,0,0,0,0,,,,
047855,0,0,0,31,,,,
047857,0,0,0,30,,,,
047862,0,0,0,-50,,,,
047865,0,0,0,-9,,,,
047866,0,0,0,10,,,,
047868,0,0,0,352,,,,
047870,0,0,0,-163,,,,
047872,0,0,0,-31,,,,
047873,0,0,0,184,,,,
047874,0,0,0,288,,,,
047875,0,0,0,-1,,,,
047877,0,0,0,77,,,,
047879,0,0,0,1,,,,
047881,0,0,0,-746,,,,
047882,0,0,0,113,,,,
047883,0,0,0,0,,,,
047884,0,0,0,61,,,,
047889,0,0,0,890,,,,
047890,0,0,0,57,,,,
047894,0,0,0,138,,,,
047895,0,0,0,945,,,,
047904,0,0,0,38,,,,
047911,0,0,0,20,,,,
047913,0,0,0,3,,,,
047916,0,0,0,47,,,,
047926,0,0,0,-20,,,,
047927,0,0,0,10,,,,
047928,0,0,0,553,,,,
047930,0,0,0,91,,,,
047937,0,0,0,-21,,,,
047938,0,0,0,-8,,,,
047939,0,0,0,126,,,,
047940,0,0,0,6,,,,
047948,0,0,0,150,,,,
047950,0,0,0,-24,,,,
047954,0,0,0,-45,,,,
047955,0,0,0,4,,,,
047963,0,0,0,91,,,,
047964,0,0,0,75,,,,
047967,0,0,0,0,,,,
047968,0,0,0,-45,,,,
047980,0,0,0,24,,,,
047982,0,0,0,-110,,,,
047983,0,0,0,-63,,,,
047984,0,0,0,-1,,,,
047985,0,0,0,54,,,,
047986,0,0,0,-16,,,,
047988,0,0,0,7,,,,
047989,0,0,0,3,,,,
047990,0,0,0,-3,,,,
047991,0,0,0,-6,,,,
047992,0,0,0,-37,,,,
047993,0,0,0,3,,,,
047994,0,0,0,12,,,,
047995,0,0,0,-20,,,,
047997,0,0,0,-1,,,,
047999,0,0,0,-45,,,,
048001,0,0,0,7,,,,
048003,0,0,0,3,,,,
048005,0,0,0,26,,,,
048006,0,0,0,-38,,,,
048007,0,0,0,49,,,,
048008,0,0,0,70,,,,
048009,0,0,0,9,,,,
048011,0,0,0,-29,,,,
048012,0,0,0,-41,,,,
048013,0,0,0,8,,,,
048018,0,0,0,11,,,,
048020,0,0,0,154,,,,
048021,0,0,0,8,,,,
048022,0,0,0,743,,,,
048023,0,0,0,-5,,,,
048024,0,0,0,-6,,,,
048026,0,0,0,1,,,,
048030,0,0,0,-15,,,,
048031,0,0,0,-12,,,,
048032,0,0,0,64,,,,
048033,0,0,0,3,,,,
048037,0,0,0,184,,,,
048038,0,0,0,-17,,,,
048039,0,0,0,-65,,,,
048043,0,0,0,747,,,,
048044,0,0,0,122,,,,
048045,0,0,0,74,,,,
048047,0,0,0,30,,,,
048048,0,0,0,30,,,,
048050,0,0,0,653,,,,
048051,0,0,0,-180,,,,
048056,0,0,0,10,,,,
048062,0,0,0,1,,,,
048083,0,0,0,-5,,,,
048085,0,0,0,30,,,,
048088,0,0,0,-14,,,,
048090,0,0,0,151,,,,
048094,0,0,0,-10,,,,
048095,0,0,0,11,,,,
048097,0,0,0,20,,,,
048103,0,0,0,874,,,,
048108,0,0,0,2,,,,
048110,0,0,0,-1,,,,
048113,0,0,0,-7,,,,
048117,0,0,0,-264,,,,
048118,0,0,0,8,,,,
048119,0,0,0,33,,,,
048120,0,0,0,-253,,,,
048124,0,0,0,-21,,,,
048126,0,0,0,4,,,,
048127,0,0,0,1,,,,
048129,0,0,0,10,,,,
048132,0,0,0,57,,,,
048134,0,0,0,-2,,,,
048137,0,0,0,77,,,,
048138,0,0,0,-20,,,,
048141,0,0,0,-72,,,,
048142,0,0,0,-20,,,,
048145,0,0,0,-23,,,,
048147,0,0,0,290,,,,
048149,0,0,0,145,,,,
048150,0,0,0,0,,,,
048151,0,0,0,1,,,,
048152,0,0,0,-88,,,,
048154,0,0,0,40,,,,
048157,0,0,0,-12,,,,
048158,0,0,0,1,,,,
048163,0,0,0,10,,,,
048165,0,0,0,-1,,,,
048170,0,0,0,-10,,,,
048172,0,0,0,-17,,,,
048174,0,0,0,-2,,,,
048177,0,0,0,10,,,,
048178,0,0,0,27,,,,
048180,0,0,0,33,,,,
048187,0,0,0,2,,,,
048192,0,0,0,-15,,,,
048193,0,0,0,168,,,,
048200,0,0,0,-41,,,,
048201,0,0,0,-64,,,,
048202,0,0,0,1,,,,
048204,0,0,0,7,,,,
048210,0,0,0,24,,,,
048211,0,0,0,111,,,,
048212,0,0,0,5,,,,
048217,0,0,0,-37,,,,
048218,0,0,0,98,,,,
048219,0,0,0,164,,,,
048220,0,0,0,2,,,,
048224,0,0,0,20,,,,
048230,0,0,0,-171,,,,
048231,0,0,0,121,,,,
048235,0,0,0,72,,,,
048236,0,0,0,5,,,,
048238,0,0,0,27,,,,
048239,0,0,0,93,,,,
048241,0,0,0,200,,,,
048242,0,0,0,75,,,,
048243,0,0,0,496,,,,
048246,0,0,0,363,,,,
048248,0,0,0,11,,,,
048250,0,0,0,66,,,,
048251,0,0,0,216,,,,
048257,0,0,0,-43,,,,
048258,0,0,0,21,,,,
048259,0,0,0,126,,,,
048261,0,0,0,4,,,,
048268,0,0,0,-354,,,,
048271,0,0,0,10,,,,
048272,0,0,0,60,,,,
048273,0,0,0,120,,,,
048276,0,0,0,-10,,,,
048279,0,0,0,5,,,,
048280,0,0,0,6,,,,
048286,0,0,0,-32,,,,
048288,0,0,0,23,,,,
048292,0,0,0,-1,,,,
048293,0,0,0,10,,,,
048295,0,0,0,34,,,,
048296,0,0,0,174,,,,
048302,0,0,0,-32,,,,
048306,0,0,0,-7,,,,
048307,0,0,0,0,,,,
048308,0,0,0,8,,,,
048313,0,0,0,-125,,,,
048314,0,0,0,10,,,,
048315,0,0,0,4,,,,
048316,0,0,0,0,,,,
048317,0,0,0,239,,,,
048320,0,0,0,62,,,,
048321,0,0,0,27,,,,
048322,0,0,0,-155,,,,
048323,0,0,0,5,,,,
048324,0,0,0,9,,,,
048325,0,0,0,-39,,,,
048328,0,0,0,551,,,,
048329,0,0,0,-72,,,,
048331,0,0,0,579,,,,
048333,0,0,0,-253,,,,
048334,0,0,0,-166,,,,
048335,0,0,0,214,,,,
048336,0,0,0,11,,,,
048339,0,0,0,529,,,,
048340,0,0,0,40,,,,
048341,0,0,0,-47,,,,
048344,0,0,0,-584,,,,
048345,1497,0,0,-4117,,,,
048347,0,0,0,110,,,,
048349,0,0,0,99,,,,
048350,0,0,0,62,,,,
048351,0,0,0,-10,,,,
048353,0,0,0,1,,,,
048355,0,0,0,77,,,,
048356,0,0,0,324,,,,
048357,0,0,0,250,,,,
048358,0,0,0,304,,,,
048360,0,0,0,-360,,,,
048361,0,0,0,231,,,,
048363,0,0,0,447,,,,
048373,0,0,0,3,,,,
048374,0,0,0,-292,,,,
048378,0,0,0,176,,,,
048380,0,0,0,119,,,,
048382,0,0,0,284,,,,
048383,0,0,0,-206,,,,
048384,0,0,0,2,,,,
048388,0,0,0,96,,,,
048389,0,0,0,181,,,,
048392,0,0,0,2,,,,
048398,0,0,0,-150,,,,
048401,0,0,0,-65,,,,
048402,0,0,0,21,,,,
048404,0,0,0,102,,,,
048405,0,0,0,85,,,,
048408,0,0,0,130,,,,
048409,0,0,0,-63,,,,
048410,0,0,0,-22,,,,
048412,0,0,0,348,,,,
048415,0,0,0,-237,,,,
048417,0,0,0,120,,,,
048419,0,0,0,-39,,,,
048420,0,0,0,11,,,,
048423,0,0,0,-47,,,,
048427,0,0,0,7,,,,
048428,0,0,0,-66,,,,
048431,0,0,0,0,,,,
048433,0,0,0,10,,,,
048435,0,0,0,53,,,,
048436,0,0,0,1,,,,
048437,0,0,0,-9,,,,
048439,0,0,0,1,,,,
048440,0,0,0,0,,,,
048441,0,0,0,-10,,,,
048443,0,0,0,0,,,,
048444,0,0,0,-8,,,,
048446,0,0,0,5,,,,
048447,0,0,0,-131,,,,
048448,0,0,0,207,,,,
048449,0,0,0,143,,,,
048450,0,0,0,220,,,,
048451,0,0,0,6,,,,
048454,0,0,0,10,,,,
048456,0,0,0,18,,,,
048458,0,0,0,-603,,,,
048460,0,0,0,23,,,,
048461,0,0,0,-8,,,,
048467,0,0,0,-1,,,,
048469,0,0,0,32,,,,
048471,0,0,0,-66,,,,
048472,0,0,0,-14,,,,
048474,0,0,0,99,,,,
048479,0,0,0,83,,,,
048480,0,0,0,8,,,,
048483,0,0,0,164,,,,
048488,0,0,0,93,,,,
048489,0,0,0,25,,,,
048490,0,0,0,2,,,,
048493,0,0,0,91,,,,
048496,0,0,0,-35,,,,
048497,0,0,0,-1,,,,
048498,0,0,0,-25,,,,
048500,0,0,0,-4,,,,
048501,0,0,0,2,,,,
048502,0,0,0,179,,,,
048504,0,0,0,-1004,,,,
048505,0,0,0,5,,,,
048510,0,0,0,-40,,,,
048519,0,0,0,18,,,,
048521,0,0,0,2,,,,
048525,0,0,0,-124,,,,
048526,0,0,0,-3,,,,
048528,0,0,0,-3,,,,
048530,0,0,0,2,,,,
048536,0,0,0,31,,,,
048538,0,0,0,0,,,,
048540,0,0,0,-131,,,,
048545,0,0,0,-43,,,,
048549,0,0,0,764,,,,
048551,0,0,0,244,,,,
048552,0,0,0,250,,,,
048553,0,0,0,-10,,,,
048555,0,0,0,-12,,,,
048556,0,0,0,-20,,,,
048557,0,0,0,-16,,,,
048559,0,0,0,52,,,,
048562,0,0,0,466,,,,
048563,0,0,0,120,,,,
048564,0,0,0,0,,,,
048566,0,0,0,195,,,,
048567,0,0,0,5,,,,
048569,0,0,0,190,,,,
048570,0,0,0,-283,,,,
048571,0,0,0,55,,,,
048572,0,0,0,4,,,,
048573,0,0,0,250,,,,
048575,0,0,0,-38,,,,
048576,0,0,0,397,,,,
048579,0,0,0,-513,,,,
048580,0,0,0,210,,,,
048581,0,0,0,414,,,,
048584,0,0,0,-390,,,,
048585,0,0,0,311,,,,
048586,0,0,0,510,,,,
048587,0,0,0,704,,,,
048588,0,0,0,910,,,,
048590,0,0,0,288,,,,
048600,0,0,0,-20,,,,
048603,0,0,0,2,,,,
048604,0,0,0,26,,,,
048607,0,0,0,102,,,,
048608,0,0,0,1,,,,
048610,-1,0,0,-6,,,,
048611,0,0,0,42,,,,
048612,0,0,0,42,,,,
048613,0,0,0,94,,,,
048616,0,0,0,-30,,,,
048617,0,0,0,266,,,,
048622,0,0,0,-12,,,,
048624,0,0,0,-39,,,,
048637,0,0,0,125,,,,
048641,0,0,0,499,,,,
048645,0,0,0,0,,,,
048650,0,0,0,-37,,,,
048654,0,0,0,0,,,,
048655,0,0,0,23,,,,
048656,0,0,0,3,,,,
048660,0,0,0,10,,,,
048661,0,0,0,950,,,,
048669,0,0,0,-28,,,,
048673,0,0,0,-106,,,,
048674,0,0,0,-3,,,,
048675,0,0,0,40,,,,
048678,0,0,0,13,,,,
048683,0,0,0,21,,,,
048684,0,0,0,3,,,,
048685,0,0,0,15,,,,
048693,0,0,0,25,,,,
048695,0,0,0,-21,,,,
048699,0,0,0,-1,,,,
048702,0,0,0,40,,,,
048704,0,0,0,-1,,,,
048708,0,0,0,14,,,,
048716,0,0,0,17,,,,
048720,0,0,0,0,,,,
048724,0,0,0,6,,,,
048726,0,0,0,32,,,,
048728,0,0,0,150,,,,
048731,0,0,0,9,,,,
048733,0,0,0,77,,,,
048735,0,0,0,101,,,,
048741,0,0,0,410,,,,
048746,0,0,0,250,,,,
048748,0,0,0,477,,,,
048749,0,0,0,245,,,,
048750,0,0,0,-22,,,,
048751,0,0,0,42,,,,
048752,0,0,0,-14,,,,
048753,0,0,0,-79,,,,
048755,0,0,0,-11,,,,
048756,0,0,0,-83,,,,
048759,0,0,0,2,,,,
048760,0,0,0,18,,,,
048761,0,0,0,352,,,,
048763,0,0,0,21,,,,
048764,0,0,0,-20,,,,
048766,0,0,0,116,,,,
048768,0,0,0,16,,,,
048770,0,0,0,204,,,,
048771,0,0,0,0,,,,
048772,0,0,0,107,,,,
048773,0,0,0,21,,,,
048774,0,0,0,20,,,,
048776,0,0,0,-100,,,,
048778,0,0,0,200,,,,
048779,0,0,0,1,,,,
048780,0,0,0,-10,,,,
048782,0,0,0,-10,,,,
048783,0,0,0,52,,,,
048794,0,0,0,-2,,,,
048796,0,0,0,307,,,,
048801,0,0,0,32,,,,
048802,0,0,0,-7,,,,
048803,0,0,0,-10,,,,
048806,0,0,0,-10,,,,
048809,0,0,0,122,,,,
048812,0,0,0,97,,,,
048815,0,0,0,29,,,,
048824,0,0,0,63,,,,
048826,0,0,0,-45,,,,
048828,0,0,0,110,,,,
048829,0,0,0,31,,,,
048830,0,0,0,2,,,,
048836,0,0,0,-117,,,,
048842,0,0,0,60,,,,
048843,0,0,0,-10,,,,
048847,0,0,0,1,,,,
048848,0,0,0,20,,,,
048849,0,0,0,50,,,,
048852,0,0,0,5,,,,
048854,0,0,0,30,,,,
048856,0,0,0,15,,,,
048861,-539,0,0,310,,,,
048865,0,0,0,0,,,,
048866,0,0,0,111,,,,
048868,0,0,0,-39,,,,
048870,0,0,0,-107,,,,
048871,0,0,0,-20,,,,
048876,0,0,0,448,,,,
048877,0,0,0,0,,,,
048883,0,0,0,19,,,,
048893,0,0,0,-6,,,,
048899,0,0,0,-3,,,,
048900,0,0,0,-7,,,,
048904,0,0,0,-1,,,,
048906,0,0,0,-299,,,,
048909,0,0,0,-148,,,,
048917,0,0,0,218,,,,
048923,0,0,0,-333,,,,
048926,0,0,0,7,,,,
048927,0,0,0,1,,,,
048929,0,0,0,-18,,,,
048933,0,0,0,8,,,,
048935,0,0,0,-1,,,,
048937,0,0,0,37,,,,
048938,0,0,0,56,,,,
048939,0,0,0,36,,,,
048941,0,0,0,0,,,,
048944,0,0,0,6,,,,
048945,0,0,0,-34,,,,
048946,0,0,0,-5,,,,
048949,0,0,0,-860,,,,
048951,0,0,0,4,,,,
048952,0,0,0,-135,,,,
048953,0,0,0,0,,,,
048954,0,0,0,-196,,,,
048955,0,0,0,40,,,,
048957,0,0,0,150,,,,
048959,0,0,0,-65,,,,
048960,0,0,0,-2,,,,
048964,0,0,0,90,,,,
048966,0,0,0,1,,,,
048970,0,0,0,-158,,,,
048971,0,0,0,35,,,,
048973,0,0,0,195,,,,
048974,0,0,0,8,,,,
048975,0,0,0,-1,,,,
048977,0,0,0,10,,,,
048978,0,0,0,374,,,,
048979,0,0,0,138,,,,
04897U,0,0,2,0,,,,
048980,0,0,0,-20,,,,
048983,0,0,0,8,,,,
048985,0,0,0,928,,,,
048986,0,0,0,1,,,,
048987,0,0,0,56,,,,
048990,0,0,0,9,,,,
048991,0,0,0,-630,,,,
048993,0,0,0,22,,,,
048996,0,0,0,10,,,,
048997,0,0,0,15,,,,
048999,0,0,0,-40,,,,
049000,0,0,0,0,,,,
049001,0,0,0,6,,,,
049003,0,0,0,-445,,,,
049005,0,0,0,6,,,,
049007,0,0,0,2,,,,
049009,0,0,0,76,,,,
049013,0,0,0,76,,,,
049015,0,0,0,10,,,,
049016,0,0,0,-200,,,,
049023,0,0,0,26,,,,
049027,0,0,0,4,,,,
049031,0,0,0,-13,,,,
049037,0,0,0,-10,,,,
049042,0,0,0,-2,,,,
049045,0,0,0,0,,,,
049047,0,0,0,-173,,,,
049050,0,0,0,5,,,,
049053,0,0,0,-6,,,,
049060,0,0,0,63,,,,
049062,0,0,0,0,,,,
049063,0,0,0,0,,,,
049065,0,0,0,10,,,,
049075,0,0,0,-2,,,,
049079,0,0,0,36,,,,
049081,0,0,0,121,,,,
049082,0,0,0,-5,,,,
049084,0,0,0,0,,,,
049088,0,0,0,14,,,,
049092,0,0,0,34,,,,
049096,0,0,0,2,,,,
049100,0,0,0,-17,,,,
049101,0,0,0,-13,,,,
049103,0,0,0,750,,,,
049106,0,0,0,-2,,,,
049107,0,0,0,-82,,,,
049108,0,0,0,-409,,,,
049111,0,0,0,-19,,,,
049112,0,0,0,-115,,,,
049114,0,0,0,-46,,,,
049115,0,0,0,-319,,,,
049116,0,0,0,30,,,,
049117,0,0,0,212,,,,
049118,0,0,0,173,,,,
049122,0,0,0,633,,,,
049123,0,0,0,189,,,,
049125,0,0,0,25,,,,
049129,0,0,0,120,,,,
049131,0,0,0,-4,,,,
049132,0,0,0,-474,,,,
049133,0,0,0,-15,,,,
049135,0,0,0,7,,,,
049136,0,0,0,148,,,,
049137,0,0,0,-70,,,,
049140,0,0,0,-3,,,,
049141,0,0,0,209,,,,
049145,0,0,0,-31,,,,
049146,0,0,0,696,,,,
049149,0,0,0,-503,,,,
049150,0,0,0,10,,,,
049155,0,0,0,14,,,,
049160,0,0,0,-5,,,,
049162,0,0,0,-133,,,,
049164,0,0,0,-33,,,,
049165,0,0,0,-29,,,,
049169,0,0,0,487,,,,
049172,0,0,0,0,,,,
049173,0,0,0,-24,,,,
049175,0,0,0,20,,,,
049176,0,0,0,-149,,,,
049177,0,0,0,8,,,,
049178,0,0,0,-7,,,,
049181,0,0,0,1,,,,
049184,0,0,0,-62,,,,
049185,0,0,0,293,,,,
049189,0,0,0,-2,,,,
049190,0,0,0,85,,,,
049192,0,0,0,-20,,,,
049195,0,0,0,2,,,,
049196,0,0,0,-7,,,,
049198,0,0,0,17,,,,
049199,0,0,0,30,,,,
049203,0,0,0,-3,,,,
049204,0,0,0,-35,,,,
049206,0,0,0,6,,,,
049207,0,0,0,-206,,,,
049208,0,0,0,1,,,,
049209,0,0,0,-10,,,,
049213,0,0,0,-10,,,,
049214,0,0,0,-2,,,,
049215,0,0,0,15,,,,
049216,0,0,0,2,,,,
049220,0,0,0,-84,,,,
049222,0,0,0,92,,,,
049223,0,0,0,9,,,,
049224,0,0,0,1,,,,
049227,0,0,0,140,,,,
049228,0,0,0,181,,,,
049235,0,0,0,47,,,,
049236,0,0,0,1,,,,
049237,0,0,0,19,,,,
049238,0,0,0,1,,,,
049251,0,0,0,5,,,,
049254,0,0,0,-10,,,,
049255,0,0,0,-93,,,,
049256,0,0,0,-125,,,,
049259,0,0,0,-27,,,,
049261,0,0,0,12,,,,
049268,0,0,0,-2,,,,
049269,0,0,0,200,,,,
049270,0,0,0,-21,,,,
049273,0,0,0,0,,,,
049274,0,0,0,12,,,,
049276,0,0,0,-1,,,,
049279,0,0,0,18,,,,
049280,0,0,0,135,,,,
049281,0,0,0,141,,,,
049286,0,0,0,3,,,,
049287,0,0,0,-10,,,,
049288,0,0,0,480,,,,
049289,0,0,0,-22,,,,
049290,0,0,0,202,,,,
049293,0,0,0,5,,,,
049295,0,0,0,-194,,,,
049297,0,0,0,107,,,,
049301,0,0,0,-19,,,,
049302,0,0,0,-130,,,,
049306,0,0,0,15,,,,
049308,0,0,0,16,,,,
049309,0,0,0,-345,,,,
049310,0,0,0,4,,,,
049312,0,0,0,-7,,,,
049315,0,0,0,-28,,,,
049324,0,0,0,37,,,,
049326,0,0,0,-377,,,,
049327,0,0,0,-53,,,,
049330,0,0,0,-8,,,,
049331,0,0,0,10,,,,
049332,0,0,0,-50,,,,
049333,0,0,0,16,,,,
049334,0,0,0,-250,,,,
049335,0,0,0,381,,,,
049336,0,0,0,-110,,,,
049337,0,0,0,19,,,,
049338,0,0,0,-112,,,,
049340,0,0,0,6,,,,
049342,0,0,0,60,,,,
049350,0,0,0,-1,,,,
049351,0,0,0,2,,,,
049356,0,0,0,72,,,,
049358,0,0,0,35,,,,
049364,0,0,0,120,,,,
049369,0,0,0,-133,,,,
049370,0,0,0,-12,,,,
049371,0,0,0,251,,,,
049376,0,0,0,5,,,,
049379,0,0,0,2,,,,
049380,0,0,0,-56,,,,
049381,0,0,0,11,,,,
049382,0,0,0,-10,,,,
049383,0,0,0,562,,,,
049384,0,0,0,-251,,,,
049388,0,0,0,-12,,,,
049392,0,0,0,161,,,,
049393,0,0,0,-124,,,,
049395,0,0,0,4,,,,
049396,0,0,0,42,,,,
049397,0,0,0,33,,,,
049398,0,0,0,302,,,,
049400,0,0,0,343,,,,
049401,0,0,0,408,,,,
049402,0,0,0,-4,,,,
049406,0,0,0,39,,,,
049407,0,0,0,223,,,,
049409,0,0,0,106,,,,
049410,0,0,0,-40,,,,
049411,0,0,0,232,,,,
049413,0,0,0,-1039,,,,
049414,0,0,0,-756,,,,
049415,0,0,0,1,,,,
049417,0,0,0,31,,,,
049418,0,0,0,-11,,,,
049419,0,0,0,71,,,,
049425,0,0,0,31,,,,
049427,0,0,0,76,,,,
049429,0,0,0,3,,,,
049432,0,0,0,-176,,,,
049433,0,0,0,3,,,,
049434,0,0,0,-173,,,,
049436,0,0,0,-23,,,,
049439,0,0,0,11,,,,
049446,0,0,0,33,,,,
049447,0,0,0,122,,,,
049449,0,0,0,-10,,,,
049451,0,0,0,2,,,,
049454,0,0,0,44,,,,
049456,0,0,0,479,,,,
049459,0,0,0,139,,,,
049460,0,0,0,1,,,,
049461,0,0,0,1,,,,
049462,0,0,0,-10,,,,
049465,0,0,0,1,,,,
049466,0,0,0,175,,,,
049468,0,0,0,-595,,,,
049469,0,0,0,20,,,,
049471,0,0,0,1,,,,
049472,0,0,0,-11,,,,
049474,0,0,0,365,,,,
049475,0,0,0,-5,,,,
049477,0,0,0,20,,,,
049479,0,0,0,800,,,,
049480,0,0,0,-157,,,,
049488,0,0,0,-36,,,,
049491,0,0,0,-10,,,,
049493,0,0,0,-12,,,,
049499,0,0,0,-421,,,,
049502,0,0,0,-180,,,,
049507,0,0,0,6,,,,
049508,0,0,0,-30,,,,
049509,0,0,0,-120,,,,
049510,0,0,0,17,,,,
049511,0,0,0,6,,,,
049512,0,0,0,-759,,,,
049517,0,0,0,19,,,,
049521,0,0,0,1,,,,
049525,0,0,0,-48,,,,
049530,0,0,0,21,,,,
049534,0,0,0,-132,,,,
049539,0,0,0,15,,,,
049544,0,0,0,-298,,,,
049545,0,0,0,2,,,,
049549,0,0,0,0,,,,
049553,0,0,0,10,,,,
049555,0,0,0,4,,,,
049559,0,0,0,0,,,,
049561,0,0,0,-20,,,,
049562,0,0,0,-72,,,,
049563,0,0,0,-4,,,,
049564,0,0,0,0,,,,
049566,0,0,0,1,,,,
049568,0,0,0,-100,,,,
049571,0,0,0,889,,,,
049572,0,0,0,-90,,,,
049577,0,0,0,417,,,,
049578,0,0,0,38,,,,
049579,0,0,0,-20,,,,
049580,0,0,0,-161,,,,
049582,0,0,0,-14,,,,
049583,0,0,0,0,,,,
049584,0,0,0,-35,,,,
049585,0,0,0,-1,,,,
049586,0,0,0,-82,,,,
049588,0,0,0,8,,,,
049589,0,0,0,4,,,,
049591,0,0,0,100,,,,
049593,0,0,0,293,,,,
049594,0,0,0,1,,,,
049595,0,0,0,147,,,,
049596,0,0,0,19,,,,
049598,0,0,0,4,,,,
049599,0,0,0,-2,,,,
049602,0,0,0,-25,,,,
049603,0,0,0,-10,,,,
049604,0,0,0,10,,,,
049605,0,0,0,20,,,,
049606,0,0,0,10,,,,
049608,0,0,0,20,,,,
049609,0,0,0,4,,,,
049610,0,0,0,0,,,,
049611,0,0,0,108,,,,
049613,0,0,0,138,,,,
049614,0,0,0,-12,,,,
049616,0,0,0,89,,,,
049617,0,0,0,46,,,,
049619,0,0,0,-105,,,,
049621,0,0,0,10,,,,
049624,0,0,0,0,,,,
049625,0,0,0,33,,,,
049626,0,0,0,-174,,,,
049627,0,0,0,1,,,,
049628,0,0,0,5,,,,
049629,0,0,0,55,,,,
049639,0,0,0,-2,,,,
049642,0,0,0,17,,,,
049643,0,0,0,10,,,,
049644,0,0,0,-798,,,,
049646,0,0,0,-70,,,,
049647,0,0,0,51,,,,
049648,0,0,0,0,,,,
049649,0,0,0,-46,,,,
049652,0,0,0,2,,,,
049656,0,0,0,-30,,,,
049657,0,0,0,13,,,,
049668,0,0,0,2,,,,
049669,0,0,0,1,,,,
049676,0,0,0,1,,,,
049679,0,0,0,-1,,,,
049680,0,0,0,-20,,,,
049683,0,0,0,61,,,,
049684,0,0,0,83,,,,
049685,0,0,0,7,,,,
049688,0,0,0,39,,,,
049690,0,0,0,-55,,,,
049692,0,0,0,5,,,,
049694,0,0,0,2,,,,
049696,0,0,0,-55,,,,
049699,0,0,0,110,,,,
049700,0,0,0,40,,,,
049702,0,0,0,25,,,,
049703,0,0,0,-29,,,,
049709,0,0,0,-12,,,,
049714,0,0,0,254,,,,
049718,0,0,0,362,,,,
049719,0,0,0,234,,,,
049720,0,0,0,289,,,,
049725,0,0,0,-139,,,,
049726,0,0,0,-318,,,,
049727,0,0,0,-308,,,,
049728,0,0,0,400,,,,
049729,0,0,0,20,,,,
049730,0,0,0,403,,,,
049731,0,0,0,249,,,,
049732,0,0,0,78,,,,
049733,0,0,0,149,,,,
049734,0,0,0,29,,,,
049735,0,0,0,2,,,,
049736,0,0,0,46,,,,
049737,0,0,0,100,,,,
049738,0,0,0,32,,,,
049739,0,0,0,3,,,,
049740,0,0,0,-2,,,,
049743,0,0,0,250,,,,
049746,0,0,0,-119,,,,
049747,0,0,0,5,,,,
049750,0,0,0,16,,,,
049751,0,0,0,50,,,,
049752,0,0,0,135,,,,
049756,0,0,0,-316,,,,
049757,0,0,0,3,,,,
049759,0,0,0,44,,,,
049765,0,0,0,-2,,,,
049766,0,0,0,-51,,,,
049768,0,0,0,0,,,,
049770,0,0,0,29,,,,
049771,0,0,0,-39,,,,
049772,0,0,0,-20,,,,
049774,0,0,0,21,,,,
049775,0,0,0,73,,,,
049776,0,0,0,0,,,,
049777,0,0,0,1,,,,
049779,0,0,0,411,,,,
049780,0,0,0,58,,,,
049781,0,0,0,-39,,,,
049782,0,0,0,1,,,,
049787,0,0,0,93,,,,
049791,0,0,0,-20,,,,
049793,0,0,0,0,,,,
049796,0,0,0,12,,,,
049798,0,0,0,-3,,,,
049799,0,0,0,1,,,,
049800,0,0,0,-7,,,,
049801,0,0,0,-13,,,,
049802,0,0,0,-31,,,,
049803,0,0,0,5,,,,
049804,0,0,0,-102,,,,
049805,0,0,0,6,,,,
049806,0,0,0,100,,,,
049808,0,0,0,-40,,,,
049810,0,0,0,0,,,,
049812,0,0,0,28,,,,
049813,0,0,0,-115,,,,
049815,0,0,0,0,,,,
049816,0,0,0,5,,,,
049817,0,0,0,3,,,,
049818,0,0,0,-155,,,,
049820,0,0,0,-28,,,,
049822,0,0,0,50,,,,
049823,0,0,0,122,,,,
049827,0,0,0,-133,,,,
049829,0,0,0,76,,,,
049834,0,0,0,-1,,,,
049839,0,0,0,-164,,,,
049843,0,0,0,206,,,,
049845,0,0,0,73,,,,
049847,0,0,0,-379,,,,
049848,0,0,0,0,,,,
049849,0,0,0,-140,,,,
049850,0,0,0,17,,,,
049855,0,0,0,11,,,,
049862,0,0,0,15,,,,
049868,0,0,0,149,,,,
049870,0,0,0,7,,,,
049871,0,0,0,19,,,,
049875,0,0,0,-1008,,,,
049881,0,0,0,-1,,,,
049883,0,0,0,8,,,,
049885,0,0,0,2,,,,
049889,0,0,0,46,,,,
049890,0,0,0,3,,,,
049892,0,0,0,6,,,,
049894,1,0,0,0,,,,
049900,0,0,0,-165,,,,
049901,0,0,0,4,,,,
049903,0,0,0,23,,,,
049904,0,0,0,177,,,,
049905,0,0,0,50,,,,
049906,0,0,0,-64,,,,
049909,0,0,0,41,,,,
049910,0,0,0,-10,,,,
049911,0,0,0,-7,,,,
049914,0,0,0,-10,,,,
049920,0,0,0,6,,,,
049922,0,0,0,50,,,,
049923,0,0,0,0,,,,
049924,0,0,0,-26,,,,
049928,0,0,0,-50,,,,
049929,0,0,0,-88,,,,
049930,0,0,0,132,,,,
049932,0,0,0,8,,,,
049936,0,0,0,108,,,,
049942,0,0,0,-31,,,,
049947,0,0,0,35,,,,
049952,0,0,0,9,,,,
049953,0,0,0,-28,,,,
049956,0,0,0,-445,,,,
049957,0,0,0,-231,,,,
049958,0,0,0,48,,,,
049960,0,0,0,-609,,,,
049961,0,0,0,26,,,,
049962,0,0,0,173,,,,
049963,0,0,0,-10,,,,
049964,0,0,0,3,,,,
049965,0,0,0,7,,,,
049967,0,0,0,235,,,,
049968,0,0,0,-110,,,,
049969,0,0,0,-9,,,,
049971,0,0,0,182,,,,
049972,0,0,0,398,,,,
049973,0,0,0,305,,,,
049974,0,0,0,1173,,,,
049976,0,0,0,0,,,,
049977,0,0,0,76,,,,
049979,0,0,0,1041,,,,
049980,0,0,0,450,,,,
049982,0,0,0,607,,,,
049988,0,0,0,13,,,,
049990,0,0,0,-5,,,,
049991,0,0,0,-1,,,,
049995,0,0,0,0,,,,
049996,0,0,0,31,,,,
049997,0,0,0,-533,,,,
050003,0,0,0,263,,,,
050005,0,0,0,196,,,,
050007,0,0,0,41,,,,
050012,0,0,0,79,,,,
050014,0,0,0,1,,,,
050016,0,0,0,-18,,,,
050017,0,0,0,-5,,,,
050022,0,0,0,62,,,,
050024,0,0,0,21,,,,
050025,0,0,0,2,,,,
050026,0,0,0,19,,,,
050027,0,0,0,-72,,,,
050030,0,0,0,10,,,,
050031,0,0,0,-3,,,,
050035,0,0,0,3,,,,
050036,0,0,0,20,,,,
050037,0,0,0,0,,,,
050040,0,0,0,4,,,,
050044,0,0,0,7,,,,
050046,0,0,0,111,,,,
050051,0,0,0,2,,,,
050052,0,0,0,-10,,,,
050053,0,0,0,16,,,,
050056,0,0,0,-340,,,,
050057,0,0,0,38,,,,
050063,0,0,0,32,,,,
050065,0,0,0,-33,,,,
050066,0,0,0,200,,,,
050068,0,0,0,1,,,,
050069,0,0,0,-29,,,,
050070,0,0,0,89,,,,
050071,0,0,0,418,,,,
050072,0,0,0,4,,,,
050073,0,0,0,1,,,,
050074,0,0,0,-1176,,,,
050075,0,0,0,2,,,,
050076,0,0,0,6,,,,
050077,0,0,0,611,,,,
050080,0,0,0,43,,,,
050081,0,0,0,-173,,,,
050083,0,0,0,483,,,,
050085,0,0,0,0,,,,
050089,0,0,0,29,,,,
050090,0,0,0,-1,,,,
050091,0,0,0,5,,,,
050095,0,0,0,6,,,,
050097,0,0,0,-23,,,,
050098,0,0,0,37,,,,
050100,0,0,0,-9,,,,
050101,0,0,0,10,,,,
050104,0,0,0,300,,,,
050111,0,0,0,1,,,,
050112,0,0,0,5,,,,
050114,0,0,0,3,,,,
050115,0,0,0,-4,,,,
050116,0,0,0,24,,,,
050118,0,0,0,-8,,,,
050119,0,0,0,50,,,,
050121,0,0,0,-10,,,,
050122,0,0,0,-5,,,,
050123,0,0,0,70,,,,
050126,0,0,0,214,,,,
050131,0,0,0,207,,,,
050137,0,0,0,6,,,,
050152,0,0,0,19,,,,
050153,0,0,0,2,,,,
050154,0,0,0,-1,,,,
050155,0,0,0,5,,,,
050156,0,0,0,-76,,,,
050158,0,0,0,99,,,,
050160,0,0,0,-139,,,,
050161,0,0,0,-350,,,,
050162,0,0,0,501,,,,
050164,0,0,0,31,,,,
050167,0,0,0,230,,,,
050168,0,0,0,75,,,,
050169,0,0,0,405,,,,
050170,0,0,0,-58,,,,
050172,0,0,0,250,,,,
050176,0,0,0,-10,,,,
050177,0,0,0,429,,,,
050178,0,0,0,470,,,,
050179,0,0,0,242,,,,
050181,0,0,0,2482,,,,
050183,0,0,0,-28,,,,
050184,0,0,0,939,,,,
050185,0,0,0,11,,,,
050187,0,0,0,907,,,,
050188,0,0,0,360,,,,
050193,0,0,0,6,,,,
050195,0,0,0,-52,,,,
050198,0,0,0,-100,,,,
050199,0,0,0,128,,,,
050202,0,0,0,0,,,,
050203,0,0,0,49,,,,
050204,0,0,0,0,,,,
050205,0,0,0,-65,,,,
050207,0,0,0,497,,,,
050211,0,0,0,2,,,,
050213,0,0,0,-54,,,,
050214,0,0,0,-16,,,,
050217,0,0,0,-50,,,,
050224,0,0,0,1,,,,
050225,0,0,0,-61,,,,
050226,0,0,0,-6,,,,
050228,0,0,0,-5,,,,
050230,0,0,0,0,,,,
050231,0,0,0,5,,,,
050235,0,0,0,193,,,,
050236,0,0,0,-8,,,,
050237,0,0,0,3,,,,
050241,0,0,0,0,,,,
050242,0,0,0,-34,,,,
050244,0,0,0,-497,,,,
050245,0,0,0,20,,,,
050246,0,0,0,-2,,,,
050249,0,0,0,-20,,,,
050250,0,0,0,167,,,,
050251,0,0,0,-152,,,,
050252,0,0,0,-10,,,,
050253,0,0,0,15,,,,
050256,0,0,0,-200,,,,
050258,0,0,0,-1,,,,
050259,0,0,0,14,,,,
050260,0,0,0,5,,,,
050262,0,0,0,-22,,,,
050264,0,0,0,-22,,,,
050267,0,0,0,218,,,,
050268,0,0,0,11,,,,
050269,0,0,0,8,,,,
050270,0,0,0,8,,,,
050271,0,0,0,0,,,,
050273,0,0,0,-9,,,,
050274,0,0,0,-27,,,,
050279,0,0,0,-22,,,,
050280,0,0,0,-12,,,,
050281,0,0,0,-503,,,,
050282,0,0,0,9,,,,
050285,0,0,0,0,,,,
050288,0,0,0,-5,,,,
050289,0,0,0,2,,,,
050290,0,0,0,3354,,,,
050291,0,0,0,50,,,,
050293,0,0,0,599,,,,
050295,0,0,0,-45,,,,
050296,0,0,0,0,,,,
050303,0,0,0,3,,,,
050304,0,0,0,5,,,,
050307,0,0,0,126,,,,
050308,0,0,0,12,,,,
050311,0,0,0,57,,,,
050312,0,0,0,69,,,,
050315,0,0,0,7,,,,
050318,0,0,0,-15,,,,
050320,0,0,0,24,,,,
050321,0,0,0,-3,,,,
050323,0,0,0,69,,,,
050326,0,0,0,-12,,,,
050328,0,0,0,9,,,,
050329,0,0,0,11,,,,
050330,0,0,0,-32,,,,
050331,0,0,0,-3,,,,
050333,0,0,0,-10,,,,
050337,0,0,0,50,,,,
050338,0,0,0,-16,,,,
050341,0,0,0,0,,,,
050349,0,0,0,24,,,,
050351,0,0,0,203,,,,
050358,0,0,0,517,,,,
050359,0,0,0,-10,,,,
050363,0,0,0,-67,,,,
050364,0,0,0,-46,,,,
050365,0,0,0,-645,,,,
050366,0,0,0,-10,,,,
050367,0,0,0,-25,,,,
050368,0,0,0,-731,,,,
050369,0,0,0,11,,,,
050374,0,0,0,227,,,,
050377,0,0,0,211,,,,
050379,0,0,0,769,,,,
050380,0,0,0,246,,,,
050390,0,0,0,-1,,,,
050394,0,0,0,1,,,,
050397,0,0,0,-35,,,,
050400,0,0,0,-61,,,,
050402,0,0,0,47,,,,
050403,0,0,0,20,,,,
050406,0,0,0,-90,,,,
050407,0,0,0,-18,,,,
050419,0,0,0,-260,,,,
050421,0,0,0,-9,,,,
050423,0,0,0,-169,,,,
050425,0,0,0,20,,,,
050426,0,0,0,-745,,,,
050428,0,0,0,50,,,,
050432,0,0,0,5,,,,
050433,0,0,0,49,,,,
050434,0,0,0,113,,,,
050436,0,0,0,250,,,,
050442,0,0,0,496,,,,
050443,0,0,0,-20,,,,
050445,0,0,0,3,,,,
050450,0,0,0,9,,,,
050451,0,0,0,38,,,,
050452,0,0,0,10,,,,
050453,0,0,0,1,,,,
050455,0,0,0,30,,,,
050457,0,0,0,-37,,,,
05045U,0,0,0,20,,,,
050461,0,0,0,68,,,,
050463,0,0,0,-3,,,,
050465,0,0,0,-55,,,,
050467,0,0,0,0,,,,
050468,0,0,0,10,,,,
05046U,0,0,0,-5,,,,
050470,0,0,0,814,,,,
050472,0,0,0,-145,,,,
050474,0,0,0,-889,,,,
050475,0,0,0,40,,,,
050478,0,0,0,0,,,,
050479,0,0,0,0,,,,
050480,0,0,0,1,,,,
050481,0,0,0,15,,,,
050485,0,0,0,685,,,,
050489,0,0,0,27,,,,
050491,0,0,0,-141,,,,
050492,0,0,0,-53,,,,
050493,0,0,0,4,,,,
050494,0,0,0,-11,,,,
050495,0,0,0,-20,,,,
050497,0,0,0,-10,,,,
050498,0,0,0,131,,,,
050499,0,0,0,-2,,,,
050504,0,0,0,4,,,,
050507,0,0,0,11,,,,
050508,0,0,0,-17,,,,
050510,0,0,0,56,,,,
050511,0,0,0,1,,,,
050512,0,0,0,17,,,,
050513,0,0,0,2,,,,
050519,0,0,0,122,,,,
050520,0,0,0,4,,,,
050521,0,0,0,-20,,,,
050524,0,0,0,0,,,,
050525,0,0,0,108,,,,
050529,0,0,0,18,,,,
050532,0,0,0,27,,,,
050533,0,0,0,-17,,,,
050535,0,0,0,-655,,,,
050536,0,0,0,28,,,,
050538,0,0,0,823,,,,
050539,0,0,0,45,,,,
050540,0,0,0,-65,,,,
050551,0,0,0,-6,,,,
050554,0,0,0,2,,,,
050556,0,0,0,-3,,,,
050564,0,0,0,-15,,,,
050567,0,0,0,-219,,,,
050568,0,0,0,0,,,,
050569,0,0,0,30,,,,
050570,0,0,0,1487,,,,
050574,0,0,0,-5,,,,
050576,0,0,0,159,,,,
050577,0,0,0,23,,,,
050580,0,0,0,5,,,,
050581,0,0,0,1826,,,,
050583,0,0,0,2,,,,
050586,0,0,0,-114,,,,
050587,0,0,0,10,,,,
050588,0,0,0,-70,,,,
050592,0,0,0,1,,,,
050593,0,0,0,70,,,,
050594,0,0,0,1,,,,
050595,0,0,0,-13,,,,
050601,0,0,0,83,,,,
050610,0,0,0,-10,,,,
050612,0,0,0,50,,,,
050619,0,0,0,-225,,,,
050620,0,0,0,355,,,,
050621,0,0,0,-32,,,,
050622,0,0,0,-415,,,,
050623,0,0,0,50,,,,
050625,0,0,0,953,,,,
050626,0,0,0,218,,,,
050627,0,0,0,15,,,,
050628,0,0,0,103,,,,
050629,0,0,0,117,,,,
050630,0,0,0,-25,,,,
050631,0,0,0,124,,,,
050632,0,0,0,-4,,,,
050633,0,0,0,-89,,,,
050635,0,0,0,165,,,,
050636,0,0,0,418,,,,
050639,0,0,0,2,,,,
050640,0,0,0,-130,,,,
050641,0,0,0,-73,,,,
050642,0,0,0,228,,,,
050644,0,0,0,21,,,,
050645,0,0,0,-10,,,,
050646,0,0,0,-5,,,,
050647,0,0,0,-351,,,,
050648,0,0,0,-66,,,,
050649,0,0,0,38,,,,
050651,0,0,0,32,,,,
050652,0,0,0,60,,,,
050653,0,0,0,0,,,,
050654,0,0,0,4,,,,
050655,0,0,0,2,,,,
050658,0,0,0,20,,,,
050660,0,0,0,26,,,,
050665,0,0,0,270,,,,
050667,0,0,0,163,,,,
050669,0,0,0,157,,,,
050671,0,0,0,137,,,,
050673,0,0,0,-13,,,,
050674,0,0,0,15,,,,
050675,0,0,0,60,,,,
050676,0,0,0,0,,,,
050685,0,0,0,69,,,,
050686,0,0,0,-35,,,,
050693,0,0,0,-175,,,,
050697,0,0,0,1,,,,
050699,0,0,0,1,,,,
050702,0,0,0,-2699,,,,
050703,0,0,0,-22,,,,
050707,0,0,0,0,,,,
050709,0,0,0,1,,,,
050710,0,0,0,35,,,,
050711,0,0,0,3,,,,
050712,0,0,0,85,,,,
050713,0,0,0,108,,,,
050718,0,0,0,95,,,,
050721,0,0,0,-316,,,,
050722,0,0,0,-30,,,,
050724,0,0,0,36,,,,
050727,0,0,0,10,,,,
050728,0,0,0,0,,,,
050729,0,0,0,-60,,,,
050739,0,0,0,120,,,,
050746,0,0,0,0,,,,
050747,0,0,0,-9,,,,
050748,0,0,0,339,,,,
050750,0,0,0,-95,,,,
050751,0,0,0,252,,,,
050757,0,0,0,-106,,,,
050759,0,0,0,-3,,,,
050762,0,0,0,-67,,,,
050764,0,0,0,3,,,,
050765,0,0,0,1,,,,
050766,0,0,0,5,,,,
050767,0,0,0,1,,,,
050768,0,0,0,0,,,,
050769,0,0,0,-17,,,,
050775,0,0,0,22,,,,
050776,0,0,0,-114,,,,
050778,0,0,0,110,,,,
050785,0,0,0,126,,,,
050795,0,0,0,-13,,,,
050797,0,0,0,-50,,,,
050798,0,0,0,124,,,,
050799,0,0,0,95,,,,
050800,0,0,0,147,,,,
050804,0,0,0,148,,,,
050805,0,0,0,-106,,,,
050809,0,0,0,10,,,,
050811,0,0,0,130,,,,
050813,0,0,0,-7,,,,
050814,0,0,0,110,,,,
050824,0,0,0,-10,,,,
050825,0,0,0,-953,,,,
050827,0,0,0,-589,,,,
050828,0,0,0,-5,,,,
050829,0,0,0,262,,,,
050830,0,0,0,-48,,,,
050832,0,0,0,125,,,,
050833,0,0,0,136,,,,
050837,0,0,0,-1,,,,
050840,0,0,0,0,,,,
050841,0,0,0,138,,,,
050847,0,0,0,20,,,,
050850,0,0,0,15,,,,
050851,0,0,0,568,,,,
050852,0,0,0,745,,,,
050854,0,0,0,-93,,,,
050855,0,0,0,1,,,,
050861,0,0,0,5,,,,
050863,0,0,0,5,,,,
050864,0,0,0,4,,,,
050865,0,0,0,-104,,,,
050866,0,0,0,10,,,,
050867,0,0,0,-124,,,,
050868,0,0,0,31,,,,
050871,0,0,0,31,,,,
050873,0,0,0,88,,,,
050879,0,0,0,4,,,,
050881,0,0,0,-5,,,,
050882,0,0,0,14,,,,
050887,0,0,0,-5,,,,
050888,0,0,0,85,,,,
050889,0,0,0,132,,,,
050890,0,0,0,224,,,,
050891,0,0,0,80,,,,
050892,0,0,0,-15,,,,
050893,0,0,0,1,,,,
050896,0,0,0,7,,,,
050897,0,0,0,-51,,,,
050898,0,0,0,26,,,,
050899,0,0,0,-37,,,,
050900,0,0,0,104,,,,
050902,0,0,0,154,,,,
050903,0,0,0,-86,,,,
050904,0,0,0,50,,,,
050906,0,0,0,128,,,,
050907,0,0,0,108,,,,
050909,0,0,0,10,,,,
050913,0,0,0,23,,,,
050916,0,0,0,-17,,,,
050917,0,0,0,2,,,,
050919,0,0,0,3,,,,
050922,0,0,0,-156,,,,
050923,0,0,0,8,,,,
050926,0,0,0,152,,,,
050928,0,0,0,0,,,,
050931,0,0,0,7,,,,
050935,0,0,0,20,,,,
050936,0,0,0,10,,,,
050938,0,0,0,130,,,,
050939,0,0,0,2,,,,
050940,0,0,0,-60,,,,
050941,0,0,0,-387,,,,
050942,0,0,0,38,,,,
050943,0,0,0,13,,,,
050944,0,0,0,5,,,,
050951,0,0,0,-243,,,,
050954,0,0,0,581,,,,
050955,0,0,0,-207,,,,
050956,0,0,0,86,,,,
050957,0,0,0,125,,,,
050958,0,0,0,46,,,,
050959,0,0,0,14,,,,
050960,0,0,0,57,,,,
050963,0,0,0,512,,,,
050964,0,0,0,621,,,,
050965,0,0,0,35,,,,
050968,0,0,0,14,,,,
050969,0,0,0,55,,,,
050972,0,0,0,18,,,,
050980,0,0,0,0,,,,
050981,0,0,0,-1,,,,
050983,0,0,0,-30,,,,
050988,0,0,0,0,,,,
050991,0,0,0,-105,,,,
050993,0,0,0,1,,,,
050996,0,0,0,29,,,,
051000,0,0,0,29,,,,
051001,0,0,0,314,,,,
051002,0,0,0,51,,,,
051005,0,0,0,0,,,,
051007,0,0,0,100,,,,
051010,0,0,0,12,,,,
051020,0,0,0,68,,,,
051021,0,0,0,-31,,,,
051022,0,0,0,-25,,,,
051023,0,0,0,135,,,,
051024,0,0,0,-17,,,,
051025,0,0,0,29,,,,
051026,0,0,0,10,,,,
051027,0,0,0,-5,,,,
051029,0,0,0,-2,,,,
051032,0,0,0,51,,,,
051037,0,0,0,-1,,,,
051038,0,0,0,-9,,,,
051039,0,0,0,-14,,,,
051041,0,0,0,20,,,,
051042,0,0,0,-50,,,,
051044,0,0,0,-15,,,,
051045,0,0,0,-30,,,,
051048,0,0,0,473,,,,
051049,0,0,0,6,,,,
051052,0,0,0,-25,,,,
051055,0,0,0,60,,,,
051056,0,0,0,-11,,,,
051060,0,0,0,-75,,,,
051061,0,0,0,42,,,,
051062,0,0,0,-15,,,,
051063,0,0,0,-66,,,,
051064,0,0,0,-10,,,,
051065,0,0,0,84,,,,
051067,0,0,0,-15,,,,
051068,0,0,0,158,,,,
051069,0,0,0,-200,,,,
051071,0,0,0,-21,,,,
051074,0,0,0,-15,,,,
051078,0,0,0,18,,,,
051079,0,0,0,21,,,,
051080,0,0,0,11,,,,
051083,0,0,0,7,,,,
051085,0,0,0,-1,,,,
051087,0,0,0,3,,,,
051089,0,0,0,-10,,,,
051090,0,0,0,-20,,,,
051091,0,0,0,10,,,,
051092,0,0,0,56,,,,
051093,0,0,0,70,,,,
051095,0,0,0,-66,,,,
051096,0,0,0,9,,,,
051097,0,0,0,0,,,,
051098,0,0,0,0,,,,
051099,0,0,0,-9,,,,
051100,0,0,0,344,,,,
051103,0,0,0,-4,,,,
051104,0,0,0,25,,,,
051105,0,0,0,430,,,,
051106,0,0,0,-10,,,,
051107,0,0,0,0,,,,
051108,0,0,0,-349,,,,
051110,0,0,0,30,,,,
051111,0,0,0,1,,,,
051114,0,0,0,170,,,,
051122,0,0,0,20,,,,
051123,0,0,0,96,,,,
051124,0,0,0,-66,,,,
051125,0,0,0,102,,,,
051126,0,0,0,19,,,,
051128,0,0,0,0,,,,
051132,0,0,0,2,,,,
051137,0,0,0,14,,,,
051139,0,0,0,53,,,,
051147,0,0,0,4,,,,
051148,0,0,0,-31,,,,
051152,0,0,0,-40,,,,
051153,0,0,0,-3,,,,
051154,0,0,0,-266,,,,
051156,0,0,0,30,,,,
051158,0,0,0,-81,,,,
051159,0,0,0,8,,,,
051160,0,0,0,-5,,,,
051164,0,0,0,6,,,,
051167,0,0,0,2,,,,
051168,0,0,0,2,,,,
051169,0,0,0,1,,,,
051170,0,0,0,0,,,,
051171,0,0,0,10,,,,
051172,0,0,0,4,,,,
051173,0,0,0,-27,,,,
051174,0,0,0,19,,,,
051176,0,0,0,-40,,,,
051178,0,0,0,-6,,,,
051180,0,0,0,-1,,,,
051184,0,0,0,112,,,,
051185,0,0,0,2,,,,
051187,0,0,0,25,,,,
051189,0,0,0,12,,,,
051190,0,0,0,26,,,,
051193,0,0,0,12,,,,
051194,0,0,0,10,,,,
051195,0,0,0,-15,,,,
051196,0,0,0,24,,,,
051197,0,0,0,-21,,,,
051198,0,0,0,5,,,,
051199,0,0,0,113,,,,
051200,0,0,0,-7,,,,
051201,0,0,0,-38,,,,
051202,0,0,0,20,,,,
051204,0,0,0,-56,,,,
051209,0,0,0,-2,,,,
051210,0,0,0,90,,,,
051211,0,0,0,295,,,,
051212,0,0,0,-62,,,,
051213,0,0,0,-91,,,,
051215,0,0,0,-81,,,,
051217,0,0,0,-19,,,,
051218,0,0,0,589,,,,
051219,0,0,0,-5,,,,
051220,0,0,0,-30,,,,
051222,0,0,0,-10,,,,
051224,0,0,0,-5,,,,
051227,0,0,0,-16,,,,
051228,0,0,0,-30,,,,
051229,0,0,0,-1,,,,
051231,0,0,0,110,,,,
051232,0,0,0,-20,,,,
051233,0,0,0,-131,,,,
051234,0,0,0,-872,,,,
051235,0,0,0,-28,,,,
051236,0,0,0,263,,,,
051237,0,0,0,-250,,,,
051238,0,0,0,170,,,,
051239,0,0,0,-14,,,,
051240,0,0,0,84,,,,
051241,0,0,0,-65,,,,
051242,0,0,0,-35,,,,
051243,0,0,0,-2,,,,
051244,0,0,0,9,,,,
051245,0,0,0,22,,,,
051246,0,0,0,0,,,,
051247,0,0,0,-2,,,,
051248,0,0,0,214,,,,
051249,0,0,0,100,,,,
051251,0,0,0,6,,,,
051252,0,0,0,166,,,,
051253,0,0,0,-9,,,,
051256,0,0,0,2,,,,
051257,0,0,0,-496,,,,
051258,0,0,0,-75,,,,
051259,0,0,0,-453,,,,
051260,0,0,0,28,,,,
051261,0,0,0,-105,,,,
051262,-5,0,0,-516,,,,
051265,0,0,0,-499,,,,
051266,0,0,0,95,,,,
051267,0,0,0,-19,,,,
051268,0,0,0,100,,,,
051269,0,0,0,90,,,,
051270,0,0,0,-8,,,,
051271,0,0,0,50,,,,
051272,0,0,0,313,,,,
051273,0,0,0,66,,,,
051274,0,0,0,-86,,,,
051275,0,0,0,-6,,,,
051276,0,0,0,-6,,,,
051277,0,0,0,46,,,,
051278,0,0,0,942,,,,
051279,0,0,0,106,,,,
051280,0,0,0,-299,,,,
051281,0,0,0,-333,,,,
051282,0,0,0,-2,,,,
051283,0,0,0,41,,,,
051284,0,0,0,-5,,,,
051286,0,0,0,40,,,,
051287,0,0,0,-273,,,,
051288,0,0,0,76,,,,
051289,0,0,0,-18,,,,
051294,0,0,0,20,,,,
051297,0,0,0,50,,,,
051299,0,0,0,255,,,,
051304,0,0,0,-80,,,,
051305,0,0,0,0,,,,
051306,0,0,0,1,,,,
051307,0,0,0,69,,,,
051308,0,0,0,20,,,,
051313,0,0,0,-53,,,,
051314,0,0,0,-19,,,,
051315,0,0,0,1,,,,
051317,0,0,0,51,,,,
051319,0,0,0,274,,,,
051322,0,0,0,132,,,,
051323,0,0,0,27,,,,
051324,0,0,0,75,,,,
051325,0,0,0,223,,,,
051326,0,0,0,16,,,,
051327,0,0,0,32,,,,
051330,0,0,0,-8,,,,
051331,0,0,0,115,,,,
051333,0,0,0,-142,,,,
051334,0,0,0,68,,,,
051343,0,0,0,-18,,,,
051346,0,0,0,5,,,,
051348,0,0,0,9,,,,
051349,0,0,0,21,,,,
051350,0,0,0,35,,,,
051352,0,0,0,181,,,,
051353,0,0,0,116,,,,
051354,0,0,0,74,,,,
051356,0,0,0,0,,,,
051357,0,0,0,84,,,,
051363,0,0,0,1,,,,
051370,0,0,0,31,,,,
051371,0,0,0,-1,,,,
051372,0,0,0,-9,,,,
051374,0,0,0,-8,,,,
051376,0,0,0,66,,,,
051377,0,0,0,201,,,,
051378,0,0,0,1,,,,
051380,0,0,0,29,,,,
051382,0,0,0,600,,,,
051384,0,0,0,9,,,,
051385,0,0,0,118,,,,
051386,0,0,0,-5,,,,
051387,0,0,0,15,,,,
051388,0,0,0,-32,,,,
051390,0,0,0,11,,,,
051391,0,0,0,11,,,,
051392,0,0,0,20,,,,
051393,0,0,0,-54,,,,
051394,0,0,0,3,,,,
051395,0,0,0,10,,,,
051400,0,0,0,-2,,,,
051402,0,0,0,34,,,,
051403,0,0,0,22,,,,
051405,0,0,0,35,,,,
051407,0,0,0,60,,,,
051409,0,0,0,-40,,,,
051412,0,0,0,10,,,,
051413,0,0,0,-52,,,,
051416,0,0,0,-192,,,,
051420,0,0,0,1,,,,
051422,0,0,0,103,,,,
051423,0,0,0,-148,,,,
051428,0,0,0,100,,,,
051430,0,0,0,8,,,,
051431,0,0,0,20,,,,
051435,0,0,0,19,,,,
051437,0,0,0,-11,,,,
051438,0,0,0,-59,,,,
051439,0,0,0,-285,,,,
051440,0,0,0,-474,,,,
051441,0,0,0,114,,,,
051442,0,0,0,45,,,,
051443,0,0,0,45,,,,
051444,0,0,0,-136,,,,
051447,0,0,0,2,,,,
051448,0,0,0,-30,,,,
051450,0,0,0,2,,,,
051451,0,0,0,196,,,,
051452,0,0,0,-50,,,,
051454,0,0,0,10,,,,
051455,0,0,0,-14,,,,
051458,0,0,0,40,,,,
051462,0,0,0,-94,,,,
051463,0,0,0,-39,,,,
051466,0,0,0,85,,,,
051469,0,0,0,50,,,,
051471,0,0,0,245,,,,
051472,0,0,0,54,,,,
051474,0,0,0,839,,,,
051477,0,0,0,-20,,,,
051478,0,0,0,250,,,,
051479,0,0,0,10,,,,
051480,0,0,0,133,,,,
051481,0,0,0,133,,,,
051482,0,0,0,-93,,,,
051483,0,0,0,-202,,,,
051484,0,0,0,398,,,,
051485,0,0,0,10,,,,
051487,-5,0,0,5,,,,
051489,0,0,0,3,,,,
051491,0,0,0,20,,,,
051493,0,0,0,1,,,,
051494,0,0,0,39,,,,
051497,0,0,0,10,,,,
051500,0,0,0,-62,,,,
051501,0,0,0,149,,,,
051502,0,0,0,290,,,,
051503,0,0,0,-2,,,,
051505,0,0,0,-33,,,,
051507,0,0,0,100,,,,
051508,0,0,0,29,,,,
051509,0,0,0,-5,,,,
051510,0,0,0,760,,,,
051513,0,0,0,115,,,,
051516,0,0,0,2,,,,
051519,0,0,0,387,,,,
051520,0,0,0,-98,,,,
051522,0,0,0,-116,,,,
051523,0,0,0,0,,,,
051524,0,0,0,-19,,,,
051526,0,0,0,120,,,,
051527,0,0,0,-7,,,,
051528,0,0,0,-14,,,,
051530,0,0,0,50,,,,
051532,0,0,0,-1,,,,
051533,0,0,0,-1310,,,,
051534,0,0,0,-1,,,,
051535,0,0,0,275,,,,
051537,0,0,0,-49,,,,
051538,0,0,0,-75,,,,
051539,0,0,0,-10,,,,
05153U,0,0,0,-19,,,,
051541,0,0,0,-100,,,,
051543,0,0,0,-325,,,,
051544,0,0,0,0,,,,
051545,0,0,0,-281,,,,
051547,0,0,0,10,,,,
051549,0,0,0,-5,,,,
051550,0,0,0,81,,,,
051554,0,0,0,-1,,,,
051556,0,0,0,2,,,,
051558,0,0,0,2,,,,
051561,0,0,0,3,,,,
051562,0,0,0,3,,,,
051563,0,0,0,0,,,,
051564,0,0,0,23,,,,
051567,0,0,0,17,,,,
051570,0,0,0,-2,,,,
051571,0,0,0,10,,,,
051572,0,0,0,96,,,,
051573,0,0,0,-19,,,,
051574,0,0,0,-15,,,,
051577,0,0,0,-5,,,,
051580,0,0,0,2,,,,
051581,0,0,0,238,,,,
051582,0,0,0,16,,,,
051584,0,0,0,-8,,,,
051585,0,0,0,602,,,,
051586,0,0,0,-640,,,,
051588,0,0,0,3,,,,
051589,0,0,0,50,,,,
051590,0,0,0,93,,,,
051591,0,0,0,748,,,,
051592,0,0,0,-76,,,,
051596,0,0,0,6,,,,
051600,0,0,0,325,,,,
051601,0,0,0,207,,,,
051602,0,0,0,10,,,,
051605,0,0,0,250,,,,
051606,0,0,0,-309,,,,
051607,0,0,0,19,,,,
051611,0,0,0,5,,,,
051612,0,0,0,0,,,,
051613,0,0,0,1,,,,
051618,0,0,0,2593,,,,
051619,0,0,0,268,,,,
051620,0,0,0,1,,,,
051621,0,0,0,-50,,,,
051622,0,0,0,17,,,,
051623,0,0,0,73,,,,
051626,0,0,0,-9,,,,
051627,0,0,0,1,,,,
051628,0,0,0,0,,,,
051629,0,0,0,14,,,,
051632,0,0,0,-25,,,,
051633,0,0,0,814,,,,
051634,0,0,0,-458,,,,
051635,0,0,0,1478,,,,
051636,0,0,0,141,,,,
051637,0,0,0,-32,,,,
051639,0,0,0,-16,,,,
051643,0,0,0,33,,,,
051644,0,0,0,8,,,,
051646,0,0,0,-270,,,,
051649,0,0,0,3,,,,
051650,0,0,0,7,,,,
051655,0,0,0,19,,,,
051657,0,0,0,73,,,,
051658,0,0,0,69,,,,
051660,0,0,0,-6,,,,
051661,0,0,0,-28,,,,
051662,0,0,0,48,,,,
051666,0,0,0,-1518,,,,
051667,0,0,0,7,,,,
051668,0,0,0,23,,,,
051671,0,0,0,-196,,,,
051672,0,0,0,16,,,,
051673,0,0,0,92,,,,
051674,0,0,0,186,,,,
051675,0,0,0,-7,,,,
051677,0,0,0,-222,,,,
051680,0,0,0,-175,,,,
051682,0,0,0,-632,,,,
051683,0,0,0,24,,,,
051685,0,0,0,496,,,,
051687,0,0,0,12,,,,
051688,0,0,0,450,,,,
051689,0,0,0,-27,,,,
051690,0,0,0,-1,,,,
051691,0,0,0,-40,,,,
051694,0,0,0,288,,,,
051705,0,0,0,1,,,,
051706,0,0,0,-25,,,,
051711,0,0,0,1,,,,
051712,0,0,0,0,,,,
051714,0,0,0,-17,,,,
051715,0,0,0,-82,,,,
051717,0,0,0,1,,,,
051720,0,0,0,-1,,,,
051721,0,0,0,27,,,,
051723,0,0,0,8,,,,
051727,0,0,0,29,,,,
051735,0,0,0,140,,,,
051736,0,0,0,-35,,,,
051738,0,0,0,7,,,,
051739,0,0,0,0,,,,
05173U,0,0,0,-40,,,,
051741,0,0,0,12,,,,
051742,0,0,0,1,,,,
051743,0,0,0,150,,,,
051745,0,0,0,224,,,,
051746,0,0,0,16,,,,
051747,0,0,0,3,,,,
051748,0,0,0,81,,,,
051749,0,0,0,-53,,,,
051751,0,0,0,-221,,,,
051752,0,0,0,385,,,,
051756,0,0,0,50,,,,
051758,0,0,0,172,,,,
051760,0,0,0,168,,,,
051761,0,0,0,14,,,,
051765,0,0,0,-5,,,,
051767,0,0,0,-18,,,,
051769,0,0,0,-5,,,,
051772,0,0,0,143,,,,
051774,0,0,0,-9,,,,
051776,0,0,0,152,,,,
051778,0,0,0,223,,,,
051779,0,0,0,188,,,,
051780,0,0,0,23,,,,
051781,0,0,0,50,,,,
051782,0,0,0,-75,,,,
051784,0,0,0,1,,,,
051787,0,0,0,-70,,,,
051794,0,0,0,19,,,,
051796,0,0,0,-12,,,,
051798,0,0,0,19,,,,
051799,0,0,0,-170,,,,
051800,0,0,0,8,,,,
051803,0,0,0,4,,,,
051804,0,0,0,23,,,,
051805,0,0,0,-19,,,,
051806,0,0,0,-2,,,,
051807,0,0,0,123,,,,
051809,0,0,0,487,,,,
051811,0,0,0,54,,,,
051812,0,0,0,-785,,,,
051813,0,0,0,-2,,,,
051816,0,0,0,379,,,,
051817,0,0,0,210,,,,
051818,0,0,0,191,,,,
051819,0,0,0,22,,,,
051820,0,0,0,7,,,,
051824,0,0,0,90,,,,
051825,0,0,0,-370,,,,
051826,0,0,0,40,,,,
051827,0,0,0,18,,,,
051828,0,0,0,4,,,,
051829,0,0,0,145,,,,
051830,0,0,0,0,,,,
051831,0,0,0,249,,,,
051834,0,0,0,21,,,,
051835,0,0,0,-24,,,,
051836,0,0,0,40,,,,
051839,0,0,0,396,,,,
051840,0,0,0,-260,,,,
051841,0,0,0,-24,,,,
051842,0,0,0,-55,,,,
051843,0,0,0,184,,,,
051844,0,0,0,16,,,,
051845,0,0,0,2,,,,
051848,0,0,0,127,,,,
051850,0,0,0,-100,,,,
051853,0,0,0,10,,,,
051854,0,0,0,9,,,,
051857,0,0,0,-1,,,,
051859,0,0,0,0,,,,
051861,0,0,0,286,,,,
051863,0,0,0,1,,,,
051866,0,0,0,-49,,,,
051867,0,0,0,-44,,,,
051876,0,0,0,49,,,,
051877,0,0,0,460,,,,
051878,0,0,0,90,,,,
051879,0,0,0,0,,,,
051880,0,0,0,-12,,,,
051881,0,0,0,64,,,,
051883,0,0,0,-49,,,,
051884,0,0,0,6,,,,
051885,0,0,0,-32,,,,
051886,0,0,0,-87,,,,
051887,0,0,0,-165,,,,
051888,0,0,0,57,,,,
051890,0,0,0,0,,,,
051891,0,0,0,16,,,,
051897,0,0,0,68,,,,
051899,0,0,0,36,,,,
051900,0,0,0,30,,,,
051903,0,0,0,-25,,,,
051904,0,0,0,1,,,,
051905,0,0,0,20,,,,
051906,0,0,0,-35,,,,
051907,0,0,0,6,,,,
051908,0,0,0,-19,,,,
051909,0,0,0,473,,,,
051910,0,0,0,-20,,,,
051911,0,0,0,-44,,,,
051912,0,0,0,-11,,,,
051915,0,0,0,-103,,,,
051916,0,0,0,-30,,,,
051917,0,0,0,-42,,,,
051918,0,0,0,46,,,,
051920,0,0,0,3,,,,
051921,0,0,0,-10,,,,
051922,0,0,0,-50,,,,
051923,0,0,0,-7,,,,
051941,0,0,0,-31,,,,
051942,0,0,0,-130,,,,
051943,0,0,0,-68,,,,
051947,0,0,0,-90,,,,
051948,0,0,0,49,,,,
051950,0,0,0,-32,,,,
051951,0,0,0,-1,,,,
051952,0,0,0,-51,,,,
051954,0,0,0,5,,,,
051955,0,0,0,10,,,,
051956,0,0,0,-463,,,,
051957,0,0,0,-309,,,,
051958,0,0,0,-12,,,,
051959,0,0,0,-75,,,,
051960,0,0,0,-151,,,,
051961,0,0,0,20,,,,
051962,0,0,0,-29,,,,
051968,0,0,0,134,,,,
051969,0,0,0,29,,,,
051970,0,0,0,29,,,,
051971,0,0,0,-30,,,,
051972,0,0,0,6,,,,
051973,0,0,0,13,,,,
051974,0,0,0,88,,,,
051975,0,0,0,1,,,,
051978,0,0,0,217,,,,
051979,0,0,0,30,,,,
051980,0,0,0,-30,,,,
051981,0,0,0,2,,,,
051982,0,0,0,-3,,,,
051983,0,0,0,-92,,,,
051984,0,0,0,93,,,,
051987,0,0,0,64,,,,
051988,0,0,0,79,,,,
051989,0,0,0,146,,,,
051990,0,0,0,99,,,,
051991,0,0,0,5,,,,
051993,0,0,0,-28,,,,
051994,0,0,0,-1,,,,
051995,0,0,0,-156,,,,
051998,0,0,0,-10,,,,
051999,0,0,0,-41,,,,
052003,0,0,0,100,,,,
052006,0,0,0,-422,,,,
052008,0,0,0,12,,,,
052009,0,0,0,12,,,,
052016,0,0,0,-113,,,,
052017,0,0,0,-3,,,,
052018,0,0,0,40,,,,
052019,0,0,0,116,,,,
052022,0,0,0,103,,,,
052023,0,0,0,-247,,,,
052024,0,0,0,-232,,,,
052025,0,0,0,65,,,,
052026,0,0,0,-37,,,,
052027,0,0,0,95,,,,
052028,0,0,0,-10,,,,
052029,0,0,0,445,,,,
052030,0,0,0,84,,,,
052031,0,0,0,1,,,,
052032,0,0,0,36,,,,
052035,0,0,0,-100,,,,
052036,0,0,0,-68,,,,
052037,0,0,0,106,,,,
052038,0,0,0,3,,,,
052040,0,0,0,89,,,,
052041,0,0,0,1101,,,,
052042,0,0,0,310,,,,
052043,0,0,0,-33,,,,
052044,0,0,0,-163,,,,
052045,0,0,0,58,,,,
052046,0,0,0,-22,,,,
052047,0,0,0,-15,,,,
052048,0,0,0,-141,,,,
052050,0,0,0,150,,,,
052052,0,0,0,-10,,,,
052053,0,0,0,-813,,,,
052054,0,0,0,211,,,,
052055,0,0,0,-35,,,,
052058,0,0,0,3,,,,
052060,0,0,0,30,,,,
052061,0,0,0,14,,,,
052065,0,0,0,384,,,,
052068,0,0,0,10,,,,
052069,0,0,0,33,,,,
052070,0,0,0,-20,,,,
052074,0,0,0,9,,,,
052075,0,0,0,-100,,,,
052076,0,0,0,-5,,,,
052077,0,0,0,2,,,,
052078,0,0,0,-111,,,,
052080,0,0,0,10,,,,
052082,0,0,0,-113,,,,
052083,0,0,0,16,,,,
052084,0,0,0,-76,,,,
052086,0,0,0,125,,,,
052091,0,0,0,-3,,,,
052092,0,0,0,99,,,,
052093,0,0,0,40,,,,
052094,0,0,0,-10,,,,
052095,0,0,0,66,,,,
052098,0,0,0,25,,,,
052099,0,0,0,-527,,,,
052100,0,0,0,135,,,,
052102,0,0,0,266,,,,
052103,0,0,0,-588,,,,
052104,0,0,0,-19,,,,
052106,0,0,0,10,,,,
052108,0,0,0,535,,,,
052111,0,0,0,3,,,,
052112,0,0,0,763,,,,
052113,0,0,0,1,,,,
052119,0,0,0,15,,,,
052121,0,0,0,9,,,,
052126,0,0,0,143,,,,
052127,0,0,0,132,,,,
052128,0,0,0,-141,,,,
052130,0,0,0,1,,,,
052132,0,0,0,-23,,,,
052138,0,0,0,-508,,,,
052139,0,0,0,259,,,,
052140,0,0,0,34,,,,
052141,0,0,0,504,,,,
052146,0,0,0,3,,,,
052149,0,0,0,20,,,,
052150,0,0,0,-9,,,,
052152,0,0,0,-15,,,,
052153,0,0,0,25,,,,
052155,0,0,0,-13,,,,
052156,0,0,0,-5,,,,
052157,0,0,0,-130,,,,
052158,0,0,0,81,,,,
052162,0,0,0,0,,,,
052163,0,0,0,2,,,,
052165,0,0,0,-208,,,,
052166,0,0,0,-61,,,,
052168,0,0,0,20,,,,
052169,0,0,0,401,,,,
052170,0,0,0,425,,,,
052171,0,0,0,615,,,,
052172,0,0,0,-30,,,,
052173,0,0,0,-10,,,,
052174,0,0,0,-10,,,,
052175,0,0,0,-30,,,,
052176,0,0,0,-44,,,,
052177,0,0,0,-35,,,,
052178,0,0,0,-30,,,,
052179,0,0,0,940,,,,
052180,0,0,0,745,,,,
052181,0,0,0,-361,,,,
052182,0,0,0,69,,,,
052184,0,0,0,-325,,,,
052185,0,0,0,481,,,,
052186,0,0,0,6,,,,
052188,0,0,0,1411,,,,
052190,0,0,0,548,,,,
052191,0,0,0,-239,,,,
052192,0,0,0,-100,,,,
052193,0,0,0,-40,,,,
052194,0,0,0,5,,,,
052196,0,0,0,-292,,,,
052197,0,0,0,-32,,,,
052198,0,0,0,-10,,,,
052199,0,0,0,-387,,,,
052201,0,0,0,-128,,,,
052202,0,0,0,-53,,,,
052205,0,0,0,22,,,,
052206,0,0,0,-155,,,,
052208,0,0,0,-7,,,,
052209,0,0,0,376,,,,
052210,0,0,0,430,,,,
052211,0,0,0,-96,,,,
052212,0,0,0,856,,,,
052216,0,0,0,-411,,,,
052217,0,0,0,-238,,,,
052218,0,0,0,-2,,,,
052219,0,0,0,54,,,,
052221,0,0,0,67,,,,
052222,0,0,0,19,,,,
052227,0,0,0,11,,,,
052234,0,0,0,-376,,,,
052235,0,0,0,35,,,,
052238,0,0,0,-10,,,,
052240,0,0,0,-41,,,,
052241,0,0,0,283,,,,
052244,0,0,0,360,,,,
052245,0,0,0,22,,,,
052246,0,0,0,-26,,,,
052247,0,0,0,16,,,,
052248,0,0,0,-130,,,,
052250,0,0,0,-138,,,,
052251,0,0,0,4,,,,
052252,0,0,0,-153,,,,
052253,0,0,0,30,,,,
052256,0,0,0,52,,,,
052257,0,0,0,1,,,,
052260,0,0,0,0,,,,
052261,0,0,0,37,,,,
052262,0,0,0,0,,,,
052263,0,0,0,71,,,,
052264,0,0,0,184,,,,
052265,0,0,0,-490,,,,
052266,0,0,0,10,,,,
052267,0,0,0,20,,,,
052269,0,0,0,30,,,,
05226U,0,0,0,-1,,,,
052270,0,0,0,-170,,,,
052271,0,0,0,20,,,,
052272,0,0,0,-5,,,,
052273,0,0,0,259,,,,
052274,0,0,0,100,,,,
052275,0,0,0,-47,,,,
052277,0,0,0,127,,,,
052281,0,0,0,1,,,,
052282,0,0,0,-27,,,,
052283,0,0,0,-11,,,,
052288,0,0,0,60,,,,
052291,0,0,0,-28,,,,
052292,0,0,0,-3,,,,
052293,0,0,0,10,,,,
052294,0,0,0,-49,,,,
052296,0,0,0,11,,,,
052297,0,0,0,-419,,,,
052300,0,0,0,-410,,,,
052301,0,0,0,-11,,,,
052302,0,0,0,-1462,,,,
052303,0,0,0,35,,,,
052305,0,0,0,70,,,,
052308,0,0,0,5,,,,
052309,0,0,0,209,,,,
052310,0,0,0,162,,,,
052311,0,0,0,29,,,,
052314,0,0,0,116,,,,
052315,0,0,0,115,,,,
052317,0,0,0,261,,,,
052318,0,0,0,1,,,,
052319,0,0,0,-349,,,,
052320,0,0,0,-541,,,,
052321,0,0,0,1,,,,
052322,0,0,0,-5,,,,
052325,0,0,0,-70,,,,
052326,0,0,0,-20,,,,
052327,0,0,0,559,,,,
052330,0,0,0,-71,,,,
052331,0,0,0,-24,,,,
052335,0,0,0,-3,,,,
052336,0,0,0,35,,,,
052338,0,0,0,12,,,,
052341,0,0,0,-39,,,,
052342,0,0,0,-4,,,,
052344,0,0,0,0,,,,
052350,0,0,0,-10,,,,
052352,0,0,0,-73,,,,
052353,0,0,0,-20,,,,
052354,0,0,0,43,,,,
052358,0,0,0,3,,,,
052364,0,0,0,1227,,,,
052365,0,0,0,1996,,,,
052369,0,0,0,10,,,,
052371,0,0,0,80,,,,
052372,0,0,0,50,,,,
052374,0,0,0,25,,,,
052376,0,0,0,3,,,,
052378,0,0,0,378,,,,
052379,0,0,0,112,,,,
052382,0,0,0,0,,,,
052383,0,0,0,128,,,,
052384,0,0,0,197,,,,
052385,0,0,0,-380,,,,
052387,0,0,0,351,,,,
052388,0,0,0,551,,,,
052389,0,0,0,-3,,,,
052390,0,0,0,41,,,,
052391,0,0,0,-150,,,,
052392,0,0,0,146,,,,
052394,0,0,0,-4,,,,
052395,0,0,0,0,,,,
052396,0,0,0,-950,,,,
052397,0,0,0,-301,,,,
052402,0,0,0,76,,,,
052403,0,0,0,361,,,,
052404,0,0,0,-136,,,,
052405,0,0,0,50,,,,
052406,0,0,0,-1,,,,
052407,0,0,0,1,,,,
052408,0,0,0,-3,,,,
052409,0,0,0,100,,,,
052410,0,0,0,-1,,,,
052411,0,0,0,53,,,,
052412,0,0,0,135,,,,
052413,0,0,0,2305,,,,
052414,0,0,0,2,,,,
052415,0,0,0,-34,,,,
052416,0,0,0,-49,,,,
052417,0,0,0,656,,,,
052418,0,0,0,-586,,,,
052419,0,0,0,1,,,,
052420,0,0,0,248,,,,
052421,0,0,0,-186,,,,
052424,0,0,0,0,,,,
052425,0,0,0,433,,,,
052428,0,0,0,5,,,,
052429,0,0,0,10,,,,
052430,0,0,0,0,,,,
052431,0,0,0,260,,,,
052432,0,0,0,14,,,,
052436,0,0,0,45,,,,
052437,0,0,0,-2,,,,
052440,0,0,0,3,,,,
052441,0,0,0,1,,,,
052442,0,0,0,4,,,,
052443,0,0,0,21,,,,
052445,0,0,0,0,,,,
052448,0,0,0,-93,,,,
052451,0,0,0,1,,,,
052452,0,0,0,-533,,,,
052454,0,0,0,5,,,,
052457,0,0,0,9,,,,
052458,0,0,0,38,,,,
052460,0,0,0,100,,,,
052464,0,0,0,-24,,,,
052465,0,0,0,-5,,,,
052468,0,0,0,50,,,,
052469,0,0,0,2,,,,
052471,0,0,0,22,,,,
052474,0,0,0,-25,,,,
052477,0,0,0,-10,,,,
052479,0,0,0,-599,,,,
052480,0,0,0,-359,,,,
052481,0,0,0,2,,,,
052482,0,0,0,121,,,,
052484,0,0,0,-288,,,,
052485,0,0,0,534,,,,
052486,0,0,0,-234,,,,
052489,0,0,0,-8,,,,
052490,0,0,0,123,,,,
052491,0,0,0,1,,,,
052493,0,0,0,1,,,,
052494,0,0,0,-2,,,,
052495,0,0,0,112,,,,
052496,0,0,0,8,,,,
052497,0,0,0,-43,,,,
052500,0,0,0,18,,,,
052504,0,0,0,-17,,,,
052506,0,0,0,25,,,,
052508,0,0,0,0,,,,
052509,0,0,0,-10,,,,
052510,0,0,0,333,,,,
052511,0,0,0,29,,,,
052517,0,0,0,3,,,,
052521,0,0,0,375,,,,
052522,0,0,0,59,,,,
052523,0,0,0,890,,,,
052524,0,0,0,778,,,,
052525,0,0,0,-279,,,,
052528,0,0,0,2,,,,
052529,0,0,0,2,,,,
052531,0,0,0,121,,,,
052533,0,0,0,1,,,,
052535,0,0,0,50,,,,
052536,0,0,0,569,,,,
052537,0,0,0,482,,,,
052538,0,0,0,236,,,,
052541,0,0,0,5,,,,
052543,0,0,0,-754,,,,
052546,0,0,0,-51,,,,
052547,0,0,0,-253,,,,
052548,0,0,0,43,,,,
052554,0,0,0,449,,,,
052555,0,0,0,2,,,,
052556,0,0,0,138,,,,
052557,0,0,0,60,,,,
052559,0,0,0,-5,,,,
052569,0,0,0,-2,,,,
052570,0,0,0,113,,,,
052575,0,0,0,0,,,,
052576,0,0,0,-139,,,,
052579,0,0,0,22,,,,
052582,0,0,0,0,,,,
052588,0,0,0,112,,,,
052589,0,0,0,50,,,,
052591,0,0,0,-343,,,,
052596,0,0,0,52,,,,
052598,0,0,0,75,,,,
052599,0,0,0,-514,,,,
052602,0,0,0,34,,,,
052603,0,0,0,-19,,,,
052605,0,0,0,30,,,,
052607,0,0,0,4,,,,
052610,0,0,0,15,,,,
052611,0,0,0,0,,,,
052613,0,0,0,-6,,,,
052615,0,0,0,-35,,,,
052616,0,0,0,-4,,,,
05261U,0,0,0,1,,,,
052620,0,0,0,1,,,,
052621,0,0,0,15,,,,
052622,0,0,0,1,,,,
052627,0,0,0,94,,,,
052629,0,0,0,3,,,,
052633,0,0,0,50,,,,
052634,0,0,0,11,,,,
052636,0,0,0,50,,,,
052637,0,0,0,91,,,,
052640,0,0,0,-8,,,,
052641,0,0,0,397,,,,
052642,0,0,0,474,,,,
052643,0,0,0,13,,,,
052644,0,0,0,1,,,,
052645,0,0,0,10,,,,
052646,0,0,0,-454,,,,
052647,0,0,0,-584,,,,
052648,0,0,0,-66,,,,
052649,0,0,0,40,,,,
052651,0,0,0,1,,,,
052652,0,0,0,-69,,,,
052655,0,0,0,-328,,,,
052656,0,0,0,46,,,,
052658,0,0,0,14,,,,
052659,0,0,0,-30,,,,
052660,0,0,0,121,,,,
052661,0,0,0,-11,,,,
052662,0,0,0,30,,,,
052663,0,0,0,361,,,,
052667,0,0,0,7,,,,
052669,0,0,0,1,,,,
052670,0,0,0,10,,,,
052671,0,0,0,7,,,,
052673,0,0,0,26,,,,
052674,0,0,0,377,,,,
052675,0,0,0,-10,,,,
052677,0,0,0,-124,,,,
052678,0,0,0,20,,,,
052679,0,0,0,225,,,,
052682,0,0,0,-20,,,,
052683,0,0,0,-723,,,,
052684,0,0,0,-2,,,,
052688,0,0,0,416,,,,
052689,0,0,0,-6,,,,
052691,0,0,0,-314,,,,
052692,0,0,0,-53,,,,
052693,0,0,0,49,,,,
052694,0,0,0,210,,,,
052695,0,0,0,368,,,,
052697,0,0,0,-381,,,,
052698,0,0,0,291,,,,
052699,0,0,0,58,,,,
052700,0,0,0,11,,,,
052701,0,0,0,-34,,,,
052704,0,0,0,51,,,,
052707,0,0,0,104,,,,
052709,0,0,0,0,,,,
052712,0,0,0,-468,,,,
052713,0,0,0,1,,,,
052714,0,0,0,207,,,,
052718,0,0,0,-20,,,,
052719,0,0,0,350,,,,
052723,0,0,0,-20,,,,
052730,0,0,0,35,,,,
052733,0,0,0,0,,,,
052740,0,0,0,-35,,,,
052751,0,0,0,34,,,,
052752,0,0,0,16,,,,
052753,0,0,0,74,,,,
052755,0,0,0,130,,,,
052757,0,0,0,110,,,,
052764,0,0,0,11,,,,
052767,0,0,0,-1,,,,
052771,0,0,0,208,,,,
052772,0,0,0,-9,,,,
052775,0,0,0,-669,,,,
052777,0,0,0,150,,,,
052780,0,0,0,-638,,,,
052781,0,0,0,260,,,,
052782,0,0,0,10,,,,
052783,0,0,0,-212,,,,
052786,0,0,0,-311,,,,
052791,0,0,0,-96,,,,
052792,0,0,0,103,,,,
052794,0,0,0,-10,,,,
052795,0,0,0,7,,,,
052796,0,0,0,10,,,,
052798,0,0,0,2188,,,,
052799,0,0,0,44,,,,
052800,0,0,0,654,,,,
052801,0,0,0,1124,,,,
052802,0,0,0,237,,,,
052803,0,0,0,-37,,,,
052804,0,0,0,-199,,,,
052806,0,0,0,-27,,,,
052808,0,0,0,0,,,,
052809,0,0,0,87,,,,
052811,0,0,0,11,,,,
052812,0,0,0,-10,,,,
052813,0,0,0,-10,,,,
052815,0,0,0,-5,,,,
052816,-30,0,0,81,,,,
052819,0,0,0,20,,,,
052822,0,0,0,2,,,,
052824,0,0,0,19,,,,
052825,0,0,0,61,,,,
052826,0,0,0,-20,,,,
052827,0,0,0,0,,,,
052828,0,0,0,0,,,,
052832,0,0,0,-358,,,,
052835,0,0,0,-13,,,,
052836,0,0,0,-64,,,,
052837,0,0,0,0,,,,
052838,0,0,0,-138,,,,
052839,0,0,0,7,,,,
052840,0,0,0,0,,,,
052841,0,0,0,1,,,,
052844,0,0,0,3,,,,
052850,0,0,0,16,,,,
052851,0,0,0,50,,,,
052852,0,0,0,47,,,,
052855,0,0,0,0,,,,
052856,0,0,0,183,,,,
052857,0,0,0,5,,,,
052858,0,0,0,470,,,,
052860,0,0,0,-60,,,,
052861,0,0,0,242,,,,
052862,0,0,0,-4,,,,
052863,0,0,0,156,,,,
052865,0,0,0,1,,,,
052867,0,0,0,20,,,,
052868,0,0,0,0,,,,
052869,0,0,0,48,,,,
052871,0,0,0,-166,,,,
052873,0,0,0,2,,,,
052875,0,0,0,-134,,,,
052877,0,0,0,70,,,,
052878,0,0,0,16,,,,
052879,0,0,0,322,,,,
052884,0,0,0,-56,,,,
052885,0,0,0,-16,,,,
052887,0,0,0,40,,,,
052889,0,0,0,-550,,,,
052891,0,0,0,113,,,,
052893,0,0,0,88,,,,
052894,0,0,0,14,,,,
052896,0,0,0,21,,,,
052901,0,0,0,129,,,,
052902,0,0,0,95,,,,
052909,0,0,0,35,,,,
052910,0,0,0,-10,,,,
052912,0,0,0,-6,,,,
052914,0,0,0,76,,,,
052915,0,0,0,31,,,,
052918,0,0,0,-24,,,,
052919,0,0,0,5,,,,
052921,0,0,0,66,,,,
052922,0,0,0,-84,,,,
052926,0,0,0,312,,,,
052930,0,0,0,60,,,,
052932,0,0,0,47,,,,
052933,0,0,0,262,,,,
052935,0,0,0,107,,,,
052942,0,0,0,-29,,,,
052944,0,0,0,10,,,,
052946,0,0,0,135,,,,
052947,0,0,0,43,,,,
052948,0,0,0,10,,,,
052949,0,0,0,-150,,,,
05294U,0,0,0,-40,,,,
052950,0,0,0,-31,,,,
052951,0,0,0,-297,,,,
052952,0,0,0,546,,,,
052953,0,0,0,-10,,,,
052954,0,0,0,5,,,,
052956,0,0,0,-200,,,,
052959,0,0,0,-260,,,,
052960,0,0,0,-12,,,,
052965,0,0,0,-15,,,,
052966,0,0,0,-2,,,,
052967,0,0,0,0,,,,
052968,0,0,0,60,,,,
052969,0,0,0,-529,,,,
052970,0,0,0,52,,,,
052972,0,0,0,68,,,,
052979,0,0,0,-200,,,,
052980,0,0,0,8,,,,
052982,0,0,0,-234,,,,
052983,0,0,0,43,,,,
052984,0,0,0,39,,,,
052985,0,0,0,640,,,,
052986,0,0,0,62,,,,
052987,0,0,0,-336,,,,
052988,0,0,0,2,,,,
052994,0,0,0,6,,,,
052997,0,0,0,-118,,,,
052999,0,0,0,-29,,,,
053000,0,0,0,51,,,,
053004,0,0,0,12,,,,
053005,0,0,0,-30,,,,
053007,0,0,0,97,,,,
053015,0,0,0,-25,,,,
053018,0,0,0,-77,,,,
053019,0,0,0,5,,,,
053020,0,0,0,-88,,,,
053021,0,0,0,-57,,,,
053023,0,0,0,11,,,,
053027,0,0,0,-531,,,,
053030,0,0,0,551,,,,
053031,0,0,0,-205,,,,
053032,0,0,0,-5,,,,
053033,0,0,0,-698,,,,
053034,0,0,0,-1,,,,
053035,0,0,0,18,,,,
053036,0,0,0,2,,,,
053037,0,0,0,-40,,,,
053038,0,0,0,499,,,,
053039,0,0,0,514,,,,
053041,0,0,0,-122,,,,
053048,0,0,0,-42,,,,
053050,0,0,0,20,,,,
053056,0,0,0,33,,,,
053057,0,0,0,2,,,,
053060,0,0,0,0,,,,
053063,0,0,0,1,,,,
053070,0,0,0,-22,,,,
053071,0,0,0,5,,,,
053073,0,0,0,8,,,,
053079,0,0,0,34,,,,
053080,0,0,0,2,,,,
053084,0,0,0,10,,,,
053085,0,0,0,135,,,,
053086,0,0,0,-487,,,,
053087,0,0,0,453,,,,
053088,0,0,0,160,,,,
053089,0,0,0,3,,,,
053090,0,0,0,409,,,,
053091,0,0,0,0,,,,
053092,0,0,0,-134,,,,
053093,0,0,0,364,,,,
053094,0,0,0,8,,,,
053095,0,0,0,197,,,,
053096,0,0,0,-4,,,,
053097,0,0,0,-37,,,,
053098,0,0,0,16,,,,
053099,0,0,0,98,,,,
053101,0,0,0,0,,,,
053102,0,0,0,21,,,,
053104,0,0,0,29,,,,
053108,0,0,0,6,,,,
053109,0,0,0,603,,,,
053110,0,0,0,2,,,,
053113,0,0,0,-1234,,,,
053114,0,0,0,275,,,,
053117,0,0,0,2,,,,
053120,0,0,0,196,,,,
053121,0,0,0,499,,,,
053122,0,0,0,0,,,,
053124,0,0,0,49,,,,
053125,0,0,0,31,,,,
053127,0,0,0,1,,,,
053128,0,0,0,60,,,,
053129,0,0,0,-20,,,,
053131,0,0,0,100,,,,
053132,0,0,0,100,,,,
053135,0,0,0,16,,,,
053136,0,0,0,33,,,,
053138,0,0,0,-20,,,,
053142,0,0,0,10,,,,
053144,0,0,0,-100,,,,
053145,0,0,0,29,,,,
053149,0,0,0,-31,,,,
053152,0,0,0,20,,,,
053153,0,0,0,194,,,,
053156,0,0,0,7,,,,
053157,0,0,0,0,,,,
053158,0,0,0,3,,,,
053159,0,0,0,62,,,,
053160,0,0,0,-6,,,,
053161,0,0,0,-32,,,,
053162,0,0,0,13,,,,
053163,0,0,0,-11,,,,
053164,0,0,0,-212,,,,
053166,0,0,0,16,,,,
053169,0,0,0,-79,,,,
053170,0,0,0,-14,,,,
053177,0,0,0,-1,,,,
053179,0,0,0,3,,,,
053182,0,0,0,64,,,,
053183,0,0,0,-28,,,,
053184,0,0,0,-12,,,,
053185,0,0,0,-14,,,,
053186,0,0,0,0,,,,
053187,0,0,0,-2,,,,
053188,0,0,0,7,,,,
053190,0,0,0,-9,,,,
053191,0,0,0,-48,,,,
053192,0,0,0,-60,,,,
053195,0,0,0,10,,,,
053196,0,0,0,160,,,,
053198,0,0,0,0,,,,
053199,0,0,0,63,,,,
053201,0,0,0,22,,,,
053202,0,0,0,53,,,,
053204,0,0,0,7,,,,
053205,0,0,0,-1,,,,
053210,0,0,0,68,,,,
053211,0,0,0,-132,,,,
053212,0,0,0,10,,,,
053214,0,0,0,-1,,,,
053215,0,0,0,-60,,,,
053216,9,0,0,-9,,,,
053217,0,0,0,-20,,,,
053220,0,0,0,-75,,,,
053221,0,0,0,-2,,,,
053222,0,0,0,-107,,,,
053223,0,0,0,4,,,,
053224,0,0,0,-31,,,,
053231,0,0,0,20,,,,
053233,0,0,0,103,,,,
053235,0,0,0,-183,,,,
053239,0,0,0,-30,,,,
05323U,0,0,0,-1,,,,
053241,0,0,0,-16,,,,
053242,0,0,0,824,,,,
053243,0,0,0,775,,,,
053245,0,0,0,198,,,,
053250,0,0,0,67,,,,
053251,0,0,0,927,,,,
053255,0,0,0,32,,,,
053256,0,0,0,-35,,,,
053257,0,0,0,1,,,,
053258,0,0,0,-14,,,,
053259,0,0,0,471,,,,
053260,0,0,0,101,,,,
053262,0,0,0,-49,,,,
053263,0,0,0,-1,,,,
053264,0,0,0,-86,,,,
053265,0,0,0,115,,,,
053266,0,0,0,108,,,,
053275,0,0,0,-57,,,,
053276,0,0,0,-3,,,,
053278,0,0,0,49,,,,
053279,0,0,0,169,,,,
053281,0,0,0,6,,,,
053282,0,0,0,-389,,,,
053284,0,0,0,-226,,,,
053291,0,0,0,32,,,,
053292,0,0,0,2,,,,
053301,0,0,0,3,,,,
053303,0,0,0,0,,,,
053306,0,0,0,6,,,,
053308,0,0,0,20,,,,
053309,0,0,0,-5,,,,
053310,0,0,0,102,,,,
053311,0,0,0,-116,,,,
053312,0,0,0,-10,,,,
053317,0,0,0,-15,,,,
053323,0,0,0,-20,,,,
053324,0,0,0,40,,,,
053325,0,0,0,-1,,,,
053326,0,0,0,31,,,,
053337,0,0,0,40,,,,
053338,0,0,0,3,,,,
053341,0,0,0,113,,,,
053342,0,0,0,118,,,,
053343,0,0,0,5,,,,
053344,0,0,0,15,,,,
053345,0,0,0,14,,,,
053347,0,0,0,29,,,,
053349,0,0,0,3,,,,
053350,0,0,0,25,,,,
053353,0,0,0,58,,,,
053354,0,0,0,19,,,,
053356,0,0,0,1,,,,
053359,0,0,0,667,,,,
053360,0,0,0,-10,,,,
053362,0,0,0,23,,,,
053363,0,0,0,-510,,,,
053364,0,0,0,210,,,,
053367,0,0,0,-1,,,,
053370,0,0,0,-10,,,,
053371,0,0,0,-28,,,,
053372,0,0,0,-10,,,,
053373,0,0,0,664,,,,
053374,0,0,0,173,,,,
053375,0,0,0,200,,,,
053376,0,0,0,29,,,,
053377,0,0,0,-9,,,,
053379,0,0,0,134,,,,
053380,0,0,0,175,,,,
053382,0,0,0,25,,,,
053383,0,0,0,-59,,,,
053385,0,0,0,-238,,,,
053386,0,0,0,55,,,,
053387,0,0,0,-224,,,,
053388,0,0,0,20,,,,
053389,0,0,0,-1,,,,
053390,0,0,0,47,,,,
053391,0,0,0,-148,,,,
053392,0,0,0,-243,,,,
053394,0,0,0,45,,,,
05339U,0,0,0,-3,,,,
053400,0,0,0,27,,,,
053402,0,0,0,189,,,,
053403,0,0,0,129,,,,
053406,0,0,0,3,,,,
053407,0,0,0,-4,,,,
053413,0,0,0,-6,,,,
053414,0,0,0,191,,,,
053415,0,0,0,-8,,,,
053418,0,0,0,-2,,,,
053419,0,0,0,106,,,,
053420,0,0,0,87,,,,
053422,0,0,0,-87,,,,
053423,0,0,0,1,,,,
053424,0,0,0,-30,,,,
053427,0,0,0,151,,,,
053428,0,0,0,9,,,,
053430,0,0,0,46,,,,
053431,0,0,0,-547,,,,
053432,0,0,0,704,,,,
053434,0,0,0,112,,,,
053435,0,0,0,215,,,,
053436,0,0,0,242,,,,
053437,0,0,0,-38,,,,
053438,0,0,0,517,,,,
053439,0,0,0,221,,,,
053440,0,0,0,119,,,,
053441,0,0,0,-130,,,,
053442,0,0,0,-443,,,,
053443,0,0,0,48,,,,
053444,0,0,0,-5,,,,
053445,0,0,0,291,,,,
053446,0,0,0,11,,,,
053447,0,0,0,6,,,,
053449,0,0,0,-68,,,,
053452,0,0,0,-676,,,,
053453,0,0,0,139,,,,
053454,0,0,0,1101,,,,
053455,0,0,0,586,,,,
053456,0,0,0,-5,,,,
053457,0,0,0,-52,,,,
053458,0,0,0,-128,,,,
053460,0,0,0,-30,,,,
053463,0,0,0,20,,,,
053464,0,0,0,-200,,,,
053466,0,0,0,313,,,,
053467,0,0,0,215,,,,
053468,0,0,0,1,,,,
053471,0,0,0,10,,,,
053473,0,0,0,0,,,,
053478,0,0,0,0,,,,
053480,0,0,0,200,,,,
053486,0,0,0,6,,,,
053488,0,0,0,-5,,,,
053489,0,0,0,-27,,,,
053492,0,0,0,-25,,,,
053495,0,0,0,27,,,,
053498,0,0,0,-2,,,,
053499,0,0,0,0,,,,
053502,0,0,0,-16,,,,
053503,0,0,0,7,,,,
053504,0,0,0,24,,,,
053506,0,0,0,63,,,,
053507,0,0,0,-130,,,,
053508,0,0,0,58,,,,
053510,0,0,0,31,,,,
053511,0,0,0,18,,,,
053512,0,0,0,5,,,,
053513,0,0,0,178,,,,
053514,0,0,0,3,,,,
053515,0,0,0,-66,,,,
053517,0,0,0,1181,,,,
053518,0,0,0,424,,,,
053520,0,0,0,10,,,,
053521,0,0,0,-262,,,,
053522,0,0,0,-25,,,,
053523,0,0,0,-2762,,,,
053524,0,0,0,-273,,,,
053525,-5,0,0,96,,,,
053527,0,0,0,-372,,,,
053528,0,0,0,12,,,,
053529,0,0,0,-2,,,,
053530,0,0,0,649,,,,
053531,0,0,0,28,,,,
053532,0,0,0,-116,,,,
053535,0,0,0,84,,,,
053536,0,0,0,66,,,,
053537,0,0,0,-31,,,,
053538,0,0,0,46,,,,
053542,0,0,0,30,,,,
053547,0,0,0,2,,,,
053549,0,0,0,-14,,,,
053553,0,0,0,-22,,,,
053554,0,0,0,-36,,,,
053555,0,0,0,7,,,,
053556,0,0,0,-1653,,,,
053559,0,0,0,-44,,,,
05355U,0,0,0,0,,,,
053567,0,0,0,-66,,,,
053569,0,0,0,5,,,,
053571,0,0,0,-48,,,,
053572,0,0,0,21,,,,
053573,0,0,0,30,,,,
053576,0,0,0,790,,,,
053577,0,0,0,250,,,,
053578,0,0,0,131,,,,
053579,0,0,0,-368,,,,
053580,0,0,0,-180,,,,
053581,0,0,0,-947,,,,
053582,0,0,0,437,,,,
053583,0,0,0,-273,,,,
053588,0,0,0,1,,,,
053589,0,0,0,262,,,,
053590,0,0,0,-100,,,,
053591,0,0,0,-50,,,,
053592,0,0,0,-100,,,,
053595,0,0,0,-95,,,,
053596,0,0,0,48,,,,
053597,0,0,0,-348,,,,
053598,0,0,0,190,,,,
053600,0,0,0,72,,,,
053601,0,0,0,-344,,,,
053602,0,0,0,-495,,,,
053606,0,0,0,663,,,,
053607,0,0,0,44,,,,
053608,0,0,0,-1,,,,
053609,0,0,0,155,,,,
053610,0,0,0,258,,,,
053611,0,0,0,319,,,,
053612,0,0,0,-17,,,,
053615,0,0,0,21,,,,
053617,0,0,0,-4,,,,
053621,0,0,0,100,,,,
053623,0,0,0,-3,,,,
053625,0,0,0,-1,,,,
053626,0,0,0,25,,,,
053627,0,0,0,-738,,,,
053628,0,0,0,19,,,,
053630,0,0,0,-40,,,,
053631,0,0,0,11,,,,
053633,0,0,0,-86,,,,
053634,0,0,0,-855,,,,
053636,0,0,0,-2,,,,
053638,0,0,0,5,,,,
053639,0,0,0,6,,,,
053640,0,0,0,-10,,,,
053641,0,0,0,-46,,,,
053643,0,0,0,20,,,,
053644,0,0,0,-10,,,,
053647,0,0,0,81,,,,
053648,0,0,0,-3,,,,
053649,0,0,0,2,,,,
053650,0,0,0,288,,,,
053651,0,0,0,15,,,,
053652,0,0,0,-11,,,,
053653,0,0,0,61,,,,
053655,0,0,0,-266,,,,
053656,0,0,0,-159,,,,
053657,0,0,0,14,,,,
053658,0,0,0,-13,,,,
053659,0,0,0,83,,,,
053660,0,0,0,-9,,,,
053661,0,0,0,116,,,,
053662,0,0,0,111,,,,
053665,0,0,0,-47,,,,
053667,0,0,0,-139,,,,
053668,0,0,0,-49,,,,
053669,0,0,0,5,,,,
053670,0,0,0,-15,,,,
053671,0,0,0,10,,,,
053672,0,0,0,6,,,,
053673,0,0,0,-3,,,,
053675,0,0,0,-174,,,,
053679,0,0,0,20,,,,
053680,0,0,0,115,,,,
053681,0,0,0,670,,,,
053682,0,0,0,37,,,,
053683,0,0,0,30,,,,
053685,0,0,0,20,,,,
053687,0,0,0,-50,,,,
053689,0,0,0,-9,,,,
053690,0,0,0,-208,,,,
053691,0,0,0,-158,,,,
053694,0,0,0,200,,,,
053695,0,0,0,35,,,,
053696,0,0,0,-24,,,,
053697,0,0,0,-69,,,,
053698,0,0,0,-10,,,,
053699,0,0,0,10,,,,
053701,0,0,0,5,,,,
053705,0,0,0,75,,,,
053706,0,0,0,6,,,,
053707,0,0,0,-16,,,,
053712,0,0,0,6,,,,
053713,0,0,0,12,,,,
053714,0,0,0,1,,,,
053715,0,0,0,75,,,,
053716,0,0,0,29,,,,
053717,0,0,0,-45,,,,
053718,0,0,0,8,,,,
053720,0,0,0,39,,,,
053721,0,0,0,23,,,,
053724,0,0,0,53,,,,
053725,0,0,0,20,,,,
053726,0,0,0,548,,,,
053727,0,0,0,79,,,,
053728,0,0,0,-131,,,,
053731,0,0,0,-4,,,,
053732,0,0,0,-52,,,,
053742,0,0,0,3,,,,
053744,0,0,0,-5,,,,
053746,0,0,0,-613,,,,
053748,0,0,0,133,,,,
053749,0,0,0,-25,,,,
053752,0,0,0,7,,,,
053754,0,0,0,26,,,,
053755,0,0,0,15,,,,
053757,0,0,0,45,,,,
053758,0,0,0,-95,,,,
053762,0,0,0,5,,,,
053763,0,0,0,408,,,,
053764,0,0,0,-15,,,,
053766,0,0,0,-262,,,,
053767,0,0,0,-10,,,,
053768,0,0,0,556,,,,
053769,0,0,0,200,,,,
053770,0,0,0,-20,,,,
053773,0,0,0,-56,,,,
053777,0,0,0,210,,,,
053778,0,0,0,129,,,,
053779,0,0,0,-1513,,,,
053780,0,0,0,1,,,,
053781,0,0,0,0,,,,
053783,0,0,0,608,,,,
053784,0,0,0,117,,,,
053785,0,0,0,253,,,,
053786,0,0,0,-35,,,,
053788,0,0,0,38,,,,
053789,0,0,0,-15,,,,
053791,0,0,0,2,,,,
053792,0,0,0,10,,,,
053793,0,0,0,409,,,,
053796,0,0,0,50,,,,
053797,0,0,0,-14,,,,
053798,0,0,0,35,,,,
053799,0,0,0,-5,,,,
053800,0,0,0,50,,,,
053801,0,0,0,-2,,,,
053802,0,0,0,65,,,,
053803,0,0,0,17,,,,
053804,0,0,0,-103,,,,
053807,0,0,0,-34,,,,
053808,0,0,0,-24,,,,
053811,0,0,0,-17,,,,
053813,0,0,0,-77,,,,
053814,0,0,0,57,,,,
053815,20,0,0,-389,,,,
053816,0,0,0,682,,,,
053817,0,0,0,-33,,,,
053818,0,0,0,-179,,,,
053820,0,0,0,15,,,,
053822,0,0,0,40,,,,
053823,0,0,0,6,,,,
053824,0,0,0,-20,,,,
053826,0,0,0,45,,,,
053827,0,0,0,-10,,,,
053829,0,0,0,-10,,,,
05382U,0,0,0,289,,,,
053832,0,0,0,-41,,,,
053834,0,0,0,-3,,,,
053835,0,0,0,34,,,,
053836,0,0,0,-3,,,,
053837,0,0,0,-20,,,,
053842,0,0,0,-1,,,,
053846,0,0,0,9,,,,
053847,0,0,0,-50,,,,
053848,0,0,0,-2,,,,
053849,0,0,0,4,,,,
053850,0,0,0,6,,,,
053851,0,0,0,-182,,,,
053852,0,0,0,19,,,,
053854,0,0,0,-102,,,,
053856,0,0,0,-404,,,,
053857,0,0,0,34,,,,
053859,0,0,0,399,,,,
053860,0,0,0,-868,,,,
053861,0,0,0,300,,,,
053862,0,0,0,332,,,,
053863,0,0,0,14,,,,
053864,0,0,0,-20,,,,
053868,0,0,0,-5,,,,
05386U,0,0,0,-10,,,,
053870,0,0,0,-6,,,,
053874,0,0,0,8,,,,
053875,0,0,0,-508,,,,
053876,0,0,0,90,,,,
053878,0,0,0,-23,,,,
05387U,0,0,0,-5,,,,
053880,0,0,0,4,,,,
053882,0,0,0,34,,,,
053883,0,0,0,98,,,,
053885,0,0,0,-20,,,,
053889,0,0,0,-8,,,,
053893,0,0,0,81,,,,
053894,0,0,0,105,,,,
053900,0,0,0,-10,,,,
053901,0,0,0,42,,,,
053904,0,0,0,-9,,,,
053906,0,0,0,20,,,,
053907,0,0,0,-34,,,,
053908,0,0,0,-203,,,,
053909,0,0,0,-38,,,,
053910,0,0,0,-176,,,,
053911,0,0,0,-257,,,,
053912,0,0,0,103,,,,
053914,0,0,0,-3,,,,
053915,0,0,0,100,,,,
053916,0,0,0,182,,,,
053919,0,0,0,20,,,,
053920,0,0,0,-70,,,,
053922,0,0,0,230,,,,
053926,0,0,0,29,,,,
053927,0,0,0,-71,,,,
053928,0,0,0,-10,,,,
053933,0,0,0,-22,,,,
053934,0,0,0,62,,,,
053936,0,0,0,20,,,,
053937,0,0,0,-9,,,,
053938,0,0,0,20,,,,
053943,0,0,0,5,,,,
053944,0,0,0,47,,,,
053945,0,0,0,-20,,,,
053946,0,0,0,2,,,,
053947,0,0,0,-5,,,,
053949,0,0,0,46,,,,
053950,0,0,0,-24,,,,
053953,0,0,0,79,,,,
053955,0,0,0,71,,,,
053960,0,0,0,-927,,,,
053961,0,0,0,-127,,,,
053963,0,0,0,-1,,,,
053964,0,0,0,10,,,,
053965,0,0,0,-782,,,,
053966,0,0,0,70,,,,
053968,0,0,0,-21,,,,
053970,0,0,0,7,,,,
053971,0,0,0,-40,,,,
053974,0,0,0,7,,,,
053977,0,0,0,7,,,,
053979,0,0,0,370,,,,
053980,0,0,0,148,,,,
053981,0,0,0,345,,,,
053982,0,0,0,621,,,,
053983,0,0,0,1121,,,,
053984,0,0,0,93,,,,
053985,0,0,0,-200,,,,
053986,0,0,0,12,,,,
053987,0,0,0,351,,,,
053988,0,0,0,-40,,,,
053989,0,0,0,-17,,,,
053990,0,0,0,-77,,,,
053994,0,0,0,-18,,,,
053995,0,0,0,-294,,,,
053996,0,0,0,-31,,,,
053997,0,0,0,120,,,,
053998,0,0,0,331,,,,
053999,0,0,0,151,,,,
054001,0,0,0,-135,,,,
054002,0,0,0,7,,,,
054003,0,0,0,-186,,,,
054005,0,0,0,83,,,,
054006,0,0,0,-23,,,,
054007,0,0,0,35,,,,
054008,0,0,0,1,,,,
054010,0,0,0,75,,,,
054013,0,0,0,-258,,,,
054014,0,0,0,3,,,,
054015,0,0,0,-237,,,,
054016,0,0,0,619,,,,
054017,0,0,0,494,,,,
054018,0,0,0,44,,,,
054020,0,0,0,73,,,,
054022,0,0,0,-115,,,,
054023,0,0,0,18,,,,
054024,0,0,0,-119,,,,
054025,0,0,0,39,,,,
054029,0,0,0,-5,,,,
054031,0,0,0,2,,,,
054032,0,0,0,0,,,,
054033,0,0,0,12,,,,
054036,0,0,0,33,,,,
054037,0,0,0,-1,,,,
054040,0,0,0,105,,,,
054041,0,0,0,-561,,,,
054042,0,0,0,-159,,,,
054043,0,0,0,-508,,,,
054044,0,0,0,-4,,,,
054046,0,0,0,-290,,,,
054047,0,0,0,33,,,,
054048,0,0,0,-199,,,,
054049,0,0,0,11,,,,
054050,0,0,0,1,,,,
054051,0,0,0,78,,,,
054052,0,0,0,86,,,,
054054,0,0,0,15,,,,
054055,0,0,0,50,,,,
054056,0,0,0,200,,,,
054059,0,0,0,3,,,,
054061,0,0,0,-160,,,,
054065,0,0,0,10,,,,
054067,0,0,0,34,,,,
054069,0,0,0,-7,,,,
05406U,0,0,0,-22,,,,
054071,0,0,0,-5,,,,
054072,0,0,0,10,,,,
054073,0,0,0,10,,,,
054074,0,0,0,-15,,,,
054075,0,0,0,8,,,,
054081,0,0,0,1,,,,
054082,0,0,0,70,,,,
054083,0,0,0,-712,,,,
054085,0,0,0,5,,,,
054087,0,0,0,-9,,,,
054088,0,0,0,-2,,,,
054092,0,0,0,28,,,,
054093,0,0,0,-38,,,,
054095,0,0,0,6,,,,
054096,0,0,0,74,,,,
054097,0,0,0,9,,,,
054098,0,0,0,180,,,,
054100,0,0,0,-30,,,,
054103,0,0,0,-25,,,,
054107,0,0,0,47,,,,
054109,0,0,0,670,,,,
054110,0,0,0,43,,,,
054111,0,0,0,-32,,,,
054112,0,0,0,99,,,,
054113,0,0,0,-137,,,,
054114,0,0,0,16,,,,
054115,0,0,0,1022,,,,
054116,0,0,0,-2,,,,
054118,0,0,0,341,,,,
054119,0,0,0,105,,,,
054120,0,0,0,5,,,,
054122,0,0,0,41,,,,
054123,0,0,0,-29,,,,
054124,0,0,0,-20,,,,
054125,0,0,0,-853,,,,
054128,0,0,0,0,,,,
054129,0,0,0,28,,,,
054130,0,0,0,10,,,,
054131,0,0,0,-37,,,,
054132,0,0,0,116,,,,
054133,0,0,0,21,,,,
054136,0,0,0,60,,,,
054138,0,0,0,10,,,,
054141,0,0,0,-13,,,,
054142,0,0,0,70,,,,
054143,0,0,0,7,,,,
054145,0,0,0,33,,,,
054148,0,0,0,-10,,,,
054149,0,0,0,75,,,,
054153,0,0,0,2,,,,
054154,0,0,0,27,,,,
054155,0,0,0,2,,,,
054158,0,0,0,115,,,,
054159,0,0,0,342,,,,
054160,0,0,0,-107,,,,
054161,0,0,0,945,,,,
054162,0,0,0,-20,,,,
054167,0,0,0,160,,,,
054168,0,0,0,40,,,,
054169,0,0,0,248,,,,
054170,0,0,0,319,,,,
054171,0,0,0,-10,,,,
054172,0,0,0,-54,,,,
054173,0,0,0,802,,,,
054175,0,0,0,-208,,,,
054176,0,0,0,-178,,,,
054177,0,0,0,-85,,,,
054178,0,0,0,0,,,,
054179,0,0,0,6,,,,
054181,0,0,0,-749,,,,
054182,0,0,0,22,,,,
054183,0,0,0,165,,,,
054185,0,0,0,-62,,,,
054186,0,0,0,470,,,,
054189,0,0,0,519,,,,
054190,0,0,0,-48,,,,
054191,0,0,0,-410,,,,
054192,0,0,0,-108,,,,
054193,0,0,0,132,,,,
054194,0,0,0,266,,,,
054195,0,0,0,728,,,,
054196,0,0,0,-13,,,,
054197,0,0,0,-458,,,,
054198,0,0,0,-179,,,,
054199,0,0,0,-183,,,,
054200,0,0,0,518,,,,
054201,0,0,0,66,,,,
054202,0,0,0,92,,,,
054206,0,0,0,33,,,,
054207,0,0,0,1,,,,
054208,0,0,0,-41,,,,
054209,0,0,0,-40,,,,
054210,0,0,0,2,,,,
054213,0,0,0,99,,,,
054216,0,0,0,-3,,,,
054219,0,0,0,306,,,,
054220,0,0,0,-10,,,,
054221,0,0,0,-79,,,,
054222,0,0,0,807,,,,
054223,0,0,0,-11,,,,
054227,0,0,0,-105,,,,
054230,0,0,0,1,,,,
054231,0,0,0,118,,,,
054234,0,0,0,5,,,,
054235,0,0,0,8,,,,
054237,0,0,0,-65,,,,
054239,0,0,0,0,,,,
054245,0,0,0,-46,,,,
054249,0,0,0,-137,,,,
054250,0,0,0,71,,,,
054253,0,0,0,-5,,,,
054254,0,0,0,-60,,,,
054255,0,0,0,-11,,,,
054257,0,0,0,-60,,,,
054258,0,0,0,30,,,,
054260,0,0,0,-1,,,,
054261,0,0,0,-283,,,,
054264,0,0,0,1087,,,,
054267,0,0,0,40,,,,
054269,0,0,0,13,,,,
054271,0,0,0,-30,,,,
054273,0,0,0,-24,,,,
054274,0,0,0,9,,,,
054280,0,0,0,-10,,,,
054281,0,0,0,141,,,,
054284,-50,0,0,50,,,,
054285,0,0,0,-74,,,,
054286,0,0,0,-924,,,,
054288,0,0,0,-286,,,,
054289,0,0,0,30,,,,
054296,0,0,0,17,,,,
054301,0,0,0,4,,,,
054304,0,0,0,7,,,,
054307,0,0,0,-16,,,,
054312,0,0,0,20,,,,
054313,0,0,0,-297,,,,
054314,0,0,0,1,,,,
054316,0,0,0,15,,,,
054321,0,0,0,-221,,,,
054322,0,0,0,22,,,,
054323,0,0,0,18,,,,
054324,0,0,0,-8,,,,
054325,0,0,0,72,,,,
054327,0,0,0,-60,,,,
054328,0,0,0,-39,,,,
054331,0,0,0,-1010,,,,
054334,0,0,0,101,,,,
054335,0,0,0,-9,,,,
054336,0,0,0,-10,,,,
054340,0,0,0,29,,,,
054342,0,0,0,-39,,,,
054346,0,0,0,6,,,,
054350,0,0,0,292,,,,
054351,0,0,0,116,,,,
054352,0,0,0,-241,,,,
054353,0,0,0,244,,,,
054354,0,0,0,-700,,,,
054355,0,0,0,-130,,,,
054358,0,0,0,314,,,,
054359,0,0,0,0,,,,
054360,0,0,0,-5,,,,
054361,0,0,0,75,,,,
054362,0,0,0,-523,,,,
054363,0,0,0,3,,,,
054364,0,0,0,-56,,,,
054365,0,0,0,390,,,,
054366,0,0,0,2,,,,
054367,0,0,0,-5,,,,
054369,0,0,0,38,,,,
054370,0,0,0,396,,,,
054372,0,0,0,23,,,,
054374,0,0,0,-3,,,,
054376,0,0,0,10,,,,
054377,0,0,0,182,,,,
054378,0,0,0,8,,,,
054379,0,0,0,-109,,,,
054380,0,0,0,100,,,,
054383,0,0,0,33,,,,
054384,0,0,0,-10,,,,
054385,0,0,0,317,,,,
054386,0,0,0,539,,,,
054387,0,0,0,599,,,,
054388,0,0,0,-31,,,,
054389,0,0,0,124,,,,
054390,0,0,0,376,,,,
054391,0,0,0,190,,,,
054393,0,0,0,-50,,,,
054394,0,0,0,58,,,,
054396,0,0,0,43,,,,
054397,0,0,0,32,,,,
054401,0,0,0,-9,,,,
054402,0,0,0,200,,,,
054403,0,0,0,79,,,,
054404,0,0,0,-502,,,,
054406,0,0,0,24,,,,
054407,0,0,0,20,,,,
054408,0,0,0,256,,,,
054409,0,0,0,-6,,,,
054417,0,0,0,-34,,,,
054418,0,0,0,78,,,,
054419,0,0,0,103,,,,
054422,0,0,0,-102,,,,
054429,0,0,0,15,,,,
054430,0,0,0,5,,,,
054432,0,0,0,238,,,,
054433,0,0,0,139,,,,
054434,0,0,0,75,,,,
054435,0,0,0,-571,,,,
054437,0,0,0,80,,,,
054438,0,0,0,156,,,,
054441,0,0,0,-49,,,,
054442,0,0,0,-47,,,,
054443,0,0,0,10,,,,
054444,0,0,0,-1,,,,
054445,0,0,0,-10,,,,
054447,0,0,0,-10,,,,
054449,0,0,0,24,,,,
054450,0,0,0,-2,,,,
054451,0,0,0,-50,,,,
054452,0,0,0,100,,,,
054454,0,0,0,12,,,,
054455,0,0,0,-10,,,,
054456,0,0,0,-525,,,,
054458,0,0,0,771,,,,
054459,0,0,0,106,,,,
054460,0,0,0,494,,,,
054462,0,0,0,30,,,,
054465,0,0,0,-5,,,,
054467,0,0,0,523,,,,
054469,0,0,0,-108,,,,
054473,0,0,0,-101,,,,
054477,0,0,0,-52,,,,
054478,0,0,0,94,,,,
054480,0,0,0,10,,,,
054482,0,0,0,56,,,,
054483,0,0,0,11,,,,
054484,0,0,0,-221,,,,
054486,0,0,0,-134,,,,
054487,0,0,0,-195,,,,
054488,0,0,0,93,,,,
054490,0,0,0,227,,,,
054491,0,0,0,-62,,,,
054492,0,0,0,-345,,,,
054493,0,0,0,40,,,,
054494,0,0,0,75,,,,
054495,0,0,0,48,,,,
054496,0,0,0,-15,,,,
054497,0,0,0,441,,,,
054498,0,0,0,64,,,,
054499,0,0,0,-8,,,,
054500,0,0,0,65,,,,
054501,0,0,0,11,,,,
054502,0,0,0,24,,,,
054503,0,0,0,-110,,,,
054504,0,0,0,-77,,,,
054505,0,0,0,258,,,,
054506,0,0,0,256,,,,
054507,0,0,0,-132,,,,
054511,0,0,0,10,,,,
054515,0,0,0,-4,,,,
054516,0,0,0,-4,,,,
054517,0,0,0,-40,,,,
054519,0,0,0,96,,,,
054520,0,0,0,1,,,,
054521,0,0,0,52,,,,
054523,0,0,0,4,,,,
054524,0,0,0,-3,,,,
054525,0,0,0,-15,,,,
054526,0,0,0,30,,,,
054527,0,0,0,205,,,,
054528,0,0,0,-50,,,,
054529,0,0,0,-5,,,,
054531,0,0,0,2,,,,
054532,0,0,0,-10,,,,
054533,0,0,0,0,,,,
054534,0,0,0,4,,,,
054539,0,0,0,-11,,,,
054541,0,0,0,-10,,,,
054542,0,0,0,24,,,,
054545,0,0,0,75,,,,
054547,0,0,0,53,,,,
054548,0,0,0,58,,,,
054549,0,0,0,22,,,,
054550,0,0,0,-28,,,,
054554,0,0,0,-2,,,,
054555,0,0,0,41,,,,
054556,0,0,0,322,,,,
054559,0,0,0,-674,,,,
054560,0,0,0,48,,,,
054561,0,0,0,-273,,,,
054563,0,0,0,-44,,,,
054564,0,0,0,-10,,,,
054566,0,0,0,-154,,,,
054568,0,0,0,-10,,,,
054571,0,0,0,62,,,,
054581,0,0,0,-32,,,,
054582,0,0,0,-285,,,,
054583,0,0,0,15,,,,
054588,0,0,0,-583,,,,
054590,0,0,0,10,,,,
054593,0,0,0,-5,,,,
054594,0,0,0,-52,,,,
054600,0,0,0,11,,,,
054601,0,0,0,47,,,,
054602,0,0,0,-13,,,,
054605,0,0,0,-20,,,,
054606,0,0,0,15,,,,
054607,0,0,0,0,,,,
054609,0,0,0,296,,,,
054610,0,0,0,7,,,,
054611,0,0,0,-10,,,,
054612,0,0,0,12,,,,
054614,0,0,0,15,,,,
054617,0,0,0,468,,,,
054618,0,0,0,-68,,,,
054619,0,0,0,10,,,,
054623,0,0,0,189,,,,
054624,0,0,0,29,,,,
054625,0,0,0,23,,,,
054626,0,0,0,201,,,,
054627,0,0,0,-10,,,,
054629,0,0,0,-20,,,,
054631,0,0,0,227,,,,
054632,0,0,0,0,,,,
054634,0,0,0,-26,,,,
054639,0,0,0,43,,,,
054640,0,0,0,6,,,,
054642,0,0,0,35,,,,
054646,0,0,0,22,,,,
054647,0,0,0,37,,,,
054653,0,0,0,22,,,,
054655,0,0,0,186,,,,
054656,0,0,0,0,,,,
054657,0,0,0,30,,,,
054658,0,0,0,-12,,,,
054659,0,0,0,-280,,,,
05465U,0,0,0,-645,,,,
054660,0,0,0,629,,,,
054662,0,0,0,522,,,,
054663,0,0,0,382,,,,
054664,0,0,0,-10,,,,
054665,0,0,0,-20,,,,
054666,0,0,0,46,,,,
054667,0,0,0,-5,,,,
054668,0,0,0,-1,,,,
054670,0,0,0,464,,,,
054671,0,0,0,-20,,,,
054673,0,0,0,10,,,,
054674,0,0,0,250,,,,
054675,0,0,0,-218,,,,
054676,0,0,0,10,,,,
054677,0,0,0,50,,,,
054678,0,0,0,56,,,,
054680,0,0,0,12,,,,
054681,0,0,0,-60,,,,
054682,0,0,0,164,,,,
054683,0,0,0,52,,,,
054684,0,0,0,-56,,,,
054685,0,0,0,278,,,,
054687,0,0,0,135,,,,
054688,0,0,0,-94,,,,
054689,0,0,0,-1,,,,
054690,0,0,0,410,,,,
054691,0,0,0,214,,,,
054692,0,0,0,56,,,,
054693,0,0,0,96,,,,
054694,0,0,0,-147,,,,
054695,0,0,0,-86,,,,
054696,0,0,0,-15,,,,
054698,0,0,0,210,,,,
054701,0,0,0,-5,,,,
054702,0,0,0,59,,,,
054703,0,0,0,-12,,,,
054704,0,0,0,-1,,,,
054705,0,0,0,-562,,,,
054706,0,0,0,-5,,,,
054707,0,0,0,-25,,,,
054709,0,0,0,23,,,,
054710,0,0,0,-30,,,,
054711,0,0,0,-40,,,,
054712,0,0,0,135,,,,
054714,0,0,0,-10,,,,
054715,0,0,0,10,,,,
054725,0,0,0,-1645,,,,
054726,0,0,0,22,,,,
054728,0,0,0,15,,,,
054730,0,0,0,-4,,,,
054731,0,0,0,24,,,,
054732,0,0,0,51,,,,
054733,0,0,0,-243,,,,
054734,0,0,0,-50,,,,
054735,0,0,0,30,,,,
054737,0,0,0,-245,,,,
054738,0,0,0,222,,,,
054740,0,0,0,24,,,,
054742,0,0,0,-2,,,,
054749,0,0,0,100,,,,
054754,0,0,0,-10,,,,
054755,0,0,0,20,,,,
054756,0,0,0,12,,,,
054757,0,0,0,1,,,,
054758,0,0,0,-55,,,,
054759,0,0,0,-25,,,,
054760,0,0,0,-33,,,,
054761,0,0,0,1,,,,
054763,0,0,0,0,,,,
054767,0,0,0,-193,,,,
054768,0,0,0,-60,,,,
054769,0,0,0,0,,,,
054770,0,0,0,8,,,,
054771,0,0,0,-40,,,,
054773,0,0,0,47,,,,
054775,0,0,0,-45,,,,
054776,0,0,0,18,,,,
054778,0,0,0,-341,,,,
054780,0,0,0,5,,,,
054784,0,0,0,96,,,,
054785,0,0,0,24,,,,
054788,0,0,0,55,,,,
054789,0,0,0,-53,,,,
05478U,0,0,0,30,,,,
054790,0,0,0,130,,,,
054793,0,0,0,-9,,,,
054796,0,0,0,54,,,,
054797,0,0,0,1,,,,
054798,0,0,0,15,,,,
054799,0,0,0,6,,,,
054800,0,0,0,40,,,,
054802,0,0,0,29,,,,
054804,0,0,0,3,,,,
054807,0,0,0,48,,,,
054809,0,0,0,20,,,,
054810,0,0,0,1,,,,
054811,0,0,0,28,,,,
054812,0,0,0,15,,,,
054813,0,0,0,-5,,,,
054815,0,0,0,30,,,,
054816,0,0,0,769,,,,
054818,0,0,0,55,,,,
054821,0,0,0,334,,,,
054822,0,0,0,56,,,,
054824,0,0,0,27,,,,
054828,0,0,0,37,,,,
054829,0,0,0,75,,,,
054830,0,0,0,-52,,,,
054831,0,0,0,-211,,,,
054832,0,0,0,45,,,,
054833,0,0,0,-40,,,,
054835,0,0,0,70,,,,
054836,0,0,0,10,,,,
054839,0,0,0,-44,,,,
054840,0,0,0,2,,,,
054841,0,0,0,4,,,,
054842,0,0,0,-5,,,,
054844,0,0,0,258,,,,
054845,0,0,0,-177,,,,
054846,0,0,0,90,,,,
054847,0,0,0,-52,,,,
054849,0,0,0,-3,,,,
054851,0,0,0,2,,,,
054852,0,0,0,224,,,,
054853,0,0,0,21,,,,
054854,0,0,0,396,,,,
054855,0,0,0,0,,,,
054856,0,0,0,485,,,,
054858,0,0,0,9,,,,
054859,0,0,0,-101,,,,
054861,0,0,0,-11,,,,
054863,0,0,0,37,,,,
054864,0,0,0,218,,,,
054865,0,0,0,11,,,,
054866,0,0,0,-184,,,,
054868,0,0,0,-255,,,,
054869,0,0,0,118,,,,
054870,0,0,0,222,,,,
054871,0,0,0,351,,,,
054872,0,0,0,80,,,,
054873,0,0,0,77,,,,
054874,0,0,0,199,,,,
054876,0,0,0,-16,,,,
054877,0,0,0,-54,,,,
054878,0,0,0,360,,,,
054879,0,0,0,-16,,,,
054880,0,0,0,-4,,,,
054881,0,0,0,17,,,,
054882,0,0,0,-446,,,,
054885,0,0,0,-111,,,,
054886,0,0,0,153,,,,
054887,0,0,0,129,,,,
054888,0,0,0,343,,,,
054889,0,0,0,20,,,,
054894,0,0,0,0,,,,
054895,0,0,0,119,,,,
054898,0,0,0,-154,,,,
054899,0,0,0,-43,,,,
054900,0,0,0,-105,,,,
054901,0,0,0,85,,,,
054902,0,0,0,4,,,,
054905,0,0,0,76,,,,
054906,0,0,0,11,,,,
054907,0,0,0,3,,,,
054908,0,0,0,-29,,,,
054909,0,0,0,20,,,,
054910,0,0,0,13,,,,
054911,0,0,0,-23,,,,
054913,0,0,0,87,,,,
054916,0,0,0,13,,,,
054918,0,0,0,-2,,,,
054919,0,0,0,7,,,,
054920,0,0,0,404,,,,
054921,0,0,0,-99,,,,
054922,0,0,0,-97,,,,
054923,0,0,0,15,,,,
054924,0,0,0,-136,,,,
054927,0,0,0,-15,,,,
054929,0,0,0,41,,,,
054930,0,0,0,-20,,,,
054934,0,0,0,-50,,,,
054935,0,0,0,-14,,,,
054937,0,0,0,-40,,,,
054938,0,0,0,139,,,,
054939,0,0,0,4,,,,
054940,0,0,0,-2,,,,
054942,0,0,0,-601,,,,
054943,0,0,0,-2,,,,
054944,0,0,0,-57,,,,
054945,0,0,0,7,,,,
054946,0,0,0,200,,,,
054948,0,0,0,-12,,,,
054950,0,0,0,32,,,,
054952,0,0,0,5,,,,
054953,0,0,0,-20,,,,
054954,0,0,0,416,,,,
054956,0,0,0,-236,,,,
054957,0,0,0,3,,,,
054958,0,0,0,-5,,,,
054959,0,0,0,10,,,,
054960,0,0,0,31,,,,
054961,0,0,0,-33,,,,
054966,0,0,0,27,,,,
054968,0,0,0,-15,,,,
054969,0,0,0,0,,,,
054972,0,0,0,46,,,,
054974,0,0,0,10,,,,
054975,0,0,0,46,,,,
054978,0,0,0,100,,,,
054979,0,0,0,0,,,,
054981,0,0,0,1,,,,
054984,0,0,0,39,,,,
054989,0,0,0,1,,,,
054992,0,0,0,6,,,,
054993,0,0,0,8,,,,
054996,0,0,0,-33,,,,
054997,0,0,0,-117,,,,
054998,0,0,0,-2960,,,,
054999,0,0,0,176,,,,
055000,0,0,0,-248,,,,
055002,0,0,0,-486,,,,
055003,0,0,0,-10,,,,
055004,0,0,0,-750,,,,
055005,0,0,0,210,,,,
055006,0,0,0,-30,,,,
055007,0,0,0,-595,,,,
055009,0,0,0,124,,,,
055010,0,0,0,-196,,,,
055011,0,0,0,54,,,,
055013,0,0,0,-2,,,,
055014,0,0,0,411,,,,
055015,0,0,0,-315,,,,
055016,0,0,0,-463,,,,
055017,0,0,0,-65,,,,
055018,0,0,0,981,,,,
055019,0,0,0,327,,,,
055020,0,0,0,-64,,,,
055021,0,0,0,605,,,,
055022,0,0,0,1108,,,,
055023,0,0,0,133,,,,
055028,0,0,0,479,,,,
055029,0,0,0,1169,,,,
055030,0,0,0,-306,,,,
055033,0,0,0,0,,,,
055034,0,0,0,395,,,,
055042,0,0,0,5,,,,
055043,0,0,0,-7,,,,
055044,0,0,0,-20,,,,
055046,0,0,0,1,,,,
055048,0,0,0,134,,,,
05504U,0,0,0,49,,,,
055050,0,0,0,0,,,,
055051,0,0,0,0,,,,
055054,0,0,0,-10,,,,
055056,0,0,0,1,,,,
055057,0,0,0,-16,,,,
055061,0,0,0,80,,,,
055062,0,0,0,25,,,,
055063,0,0,0,-22,,,,
055065,0,0,0,103,,,,
055066,0,0,0,78,,,,
055069,0,0,0,-5,,,,
055070,0,0,0,20,,,,
055072,0,0,0,-285,,,,
055076,0,0,0,9,,,,
055078,0,0,0,4,,,,
055079,0,0,0,-50,,,,
055083,0,0,0,-53,,,,
055086,0,0,0,6,,,,
055088,0,0,0,-11,,,,
055089,0,0,0,874,,,,
055090,0,0,0,-88,,,,
055092,0,0,0,-5,,,,
055093,0,0,0,37,,,,
055094,0,0,0,-133,,,,
055095,0,0,0,-350,,,,
055099,0,0,0,4,,,,
055100,0,0,0,89,,,,
055101,0,0,0,-56,,,,
055108,0,0,0,-28,,,,
055109,0,0,0,-32,,,,
055112,0,0,0,26,,,,
055113,0,0,0,5,,,,
055116,0,0,0,33,,,,
055117,0,0,0,-273,,,,
055118,0,0,0,184,,,,
055119,0,0,0,220,,,,
055120,0,0,0,11,,,,
055123,0,0,0,0,,,,
055124,0,0,0,-29,,,,
055128,0,0,0,0,,,,
055129,0,0,0,12,,,,
055130,0,0,0,2,,,,
055131,0,0,0,-454,,,,
055132,0,0,0,-790,,,,
055133,0,0,0,231,,,,
055134,0,0,0,1128,,,,
055137,0,0,0,-92,,,,
055138,0,0,0,10,,,,
055141,0,0,0,968,,,,
055142,0,0,0,223,,,,
055143,0,0,0,-77,,,,
055145,0,0,0,-3087,,,,
055146,0,0,0,-497,,,,
055147,0,0,0,83,,,,
055148,0,0,0,-125,,,,
055149,0,0,0,-378,,,,
055150,0,0,0,-467,,,,
055151,0,0,0,75,,,,
055152,0,0,0,81,,,,
055153,0,0,0,253,,,,
055154,0,0,0,308,,,,
055155,0,0,0,-1,,,,
055156,0,0,0,-150,,,,
055158,0,0,0,257,,,,
055160,0,0,0,7,,,,
055161,0,0,0,518,,,,
055162,0,0,0,39,,,,
055163,0,0,0,500,,,,
055164,0,0,0,-190,,,,
055165,0,0,0,692,,,,
055166,0,0,0,500,,,,
055167,0,0,0,371,,,,
055168,0,0,0,140,,,,
055169,0,0,0,-150,,,,
055174,0,0,0,137,,,,
055175,0,0,0,5,,,,
055176,0,0,0,-51,,,,
055177,0,0,0,569,,,,
055178,0,0,0,39,,,,
055179,0,0,0,333,,,,
055180,0,0,0,11,,,,
055181,0,0,0,-251,,,,
055182,0,0,0,-1,,,,
055186,0,0,0,-42,,,,
055189,0,0,0,-95,,,,
055191,0,0,0,12,,,,
055195,0,0,0,102,,,,
055197,0,0,0,0,,,,
055200,0,0,0,-23,,,,
055201,0,0,0,-100,,,,
055203,0,0,0,161,,,,
055204,0,0,0,-212,,,,
055208,0,0,0,14,,,,
055209,0,0,0,85,,,,
055210,0,0,0,13,,,,
055212,0,0,0,1,,,,
055215,0,0,0,-10,,,,
055216,0,0,0,46,,,,
055217,0,0,0,6,,,,
055221,0,0,0,7,,,,
055222,0,0,0,-10,,,,
055223,0,0,0,-4,,,,
055224,0,0,0,-4,,,,
055227,0,0,0,-27,,,,
055229,0,0,0,9,,,,
055231,0,0,0,-38,,,,
055232,0,0,0,8,,,,
055233,0,0,0,6,,,,
055234,0,0,0,349,,,,
055235,0,0,0,0,,,,
055236,0,0,0,0,,,,
055238,0,0,0,-5,,,,
055242,0,0,0,-1,,,,
055243,0,0,0,111,,,,
055244,0,0,0,313,,,,
055245,0,0,0,60,,,,
055247,0,0,0,178,,,,
055248,0,0,0,-1,,,,
055249,0,0,0,325,,,,
055250,0,0,0,-47,,,,
055251,0,0,0,-164,,,,
055252,0,0,0,-181,,,,
055253,0,0,0,-85,,,,
055255,0,0,0,138,,,,
055257,0,0,0,27,,,,
055258,0,0,0,248,,,,
055259,0,0,0,126,,,,
055260,70,0,0,-816,,,,
055261,0,0,0,25,,,,
055263,0,0,0,305,,,,
055264,0,0,0,72,,,,
055265,0,0,0,240,,,,
055266,0,0,0,-5,,,,
055267,0,0,0,781,,,,
055268,0,0,0,-18,,,,
055270,0,0,0,-1,,,,
055271,0,0,0,-15,,,,
055272,0,0,0,0,,,,
055273,0,0,0,80,,,,
055274,0,0,0,-140,,,,
055275,0,0,0,330,,,,
055276,0,0,0,250,,,,
055277,0,0,0,7,,,,
055278,0,0,0,26,,,,
055279,0,0,0,12,,,,
05527U,0,0,0,30,,,,
055280,0,0,0,175,,,,
055281,0,0,0,199,,,,
055282,0,0,0,80,,,,
055285,0,0,0,384,,,,
055286,0,0,0,614,,,,
055287,0,0,0,2,,,,
055288,0,0,0,30,,,,
055289,0,0,0,-17,,,,
055292,0,0,0,-10,,,,
055293,0,0,0,5,,,,
055299,0,0,0,4,,,,
055300,0,0,0,31,,,,
055305,0,0,0,-490,,,,
055306,0,0,0,-26,,,,
055307,0,0,0,3,,,,
055308,0,0,0,0,,,,
055309,0,0,0,16,,,,
055312,0,0,0,564,,,,
055314,0,0,0,-419,,,,
055317,0,0,0,0,,,,
055318,0,0,0,53,,,,
055321,0,0,0,0,,,,
055330,0,0,0,34,,,,
055331,0,0,0,45,,,,
055333,0,0,0,41,,,,
055334,0,0,0,-20,,,,
055339,0,0,0,-42,,,,
055341,0,0,0,5,,,,
055342,0,0,0,0,,,,
055343,0,0,0,-154,,,,
055345,0,0,0,-8,,,,
055347,0,0,0,-8,,,,
055348,0,0,0,14,,,,
055349,0,0,0,-3,,,,
055351,0,0,0,26,,,,
055352,0,0,0,-363,,,,
055353,0,0,0,-20,,,,
055356,0,0,0,-53,,,,
055357,0,0,0,-17,,,,
055358,0,0,0,292,,,,
055361,0,0,0,-25,,,,
055364,0,0,0,247,,,,
055365,0,0,0,48,,,,
055366,0,0,0,251,,,,
055369,0,0,0,117,,,,
055370,0,0,0,-83,,,,
055371,0,0,0,-14,,,,
055372,0,0,0,2,,,,
055373,0,0,0,75,,,,
055374,0,0,0,29,,,,
055375,0,0,0,121,,,,
055378,0,0,0,-5,,,,
055379,0,0,0,-9,,,,
055381,0,0,0,67,,,,
055382,0,0,0,15,,,,
055383,0,0,0,130,,,,
055385,0,0,0,7,,,,
055386,0,0,0,-16,,,,
055387,0,0,0,-20,,,,
055388,0,0,0,3,,,,
055389,0,0,0,-519,,,,
055390,0,0,0,112,,,,
055392,0,0,0,516,,,,
055393,0,0,0,11,,,,
055394,0,0,0,3,,,,
055396,0,0,0,28,,,,
055397,0,0,0,75,,,,
055398,0,0,0,-116,,,,
055400,0,0,0,36,,,,
055401,0,0,0,7,,,,
055402,0,0,0,-383,,,,
055404,0,0,0,141,,,,
055405,0,0,0,-277,,,,
055406,0,0,0,-914,,,,
055407,0,0,0,5,,,,
055408,0,0,0,-449,,,,
055409,0,0,0,10,,,,
055410,0,0,0,11,,,,
055411,0,0,0,408,,,,
055412,0,0,0,41,,,,
055413,0,0,0,34,,,,
055414,0,0,0,1281,,,,
055415,0,0,0,267,,,,
055416,0,0,0,20,,,,
055417,0,0,0,162,,,,
055418,0,0,0,410,,,,
055419,0,0,0,79,,,,
055422,0,0,0,-100,,,,
055424,0,0,0,-209,,,,
055425,0,0,0,-46,,,,
055430,0,0,0,-58,,,,
055431,0,0,0,295,,,,
055432,0,0,0,38,,,,
055433,0,0,0,151,,,,
055434,0,0,0,216,,,,
055435,0,0,0,4,,,,
055443,0,0,0,73,,,,
055445,0,0,0,-112,,,,
055447,0,0,0,-116,,,,
055449,0,0,0,-9,,,,
055450,0,0,0,0,,,,
055451,0,0,0,0,,,,
055452,0,0,0,-5,,,,
055453,0,0,0,-5,,,,
055454,0,0,0,-105,,,,
055458,0,0,0,104,,,,
055460,0,0,0,15,,,,
055461,0,0,0,162,,,,
055462,0,0,0,-171,,,,
055463,0,0,0,151,,,,
055464,0,0,0,5,,,,
055465,0,0,0,210,,,,
055466,0,0,0,69,,,,
055469,0,0,0,-4,,,,
055470,0,0,0,4,,,,
055473,0,0,0,298,,,,
055474,0,0,0,154,,,,
055475,0,0,0,-20,,,,
055476,208,0,0,409,,,,
055477,0,0,0,14,,,,
055478,0,0,0,595,,,,
055481,0,0,0,0,,,,
055482,0,0,0,127,,,,
055483,0,0,0,2,,,,
055484,0,0,0,24,,,,
055485,0,0,0,351,,,,
055486,0,0,0,-11,,,,
055487,0,0,0,-119,,,,
055488,0,0,0,-100,,,,
055489,0,0,0,0,,,,
055492,0,0,0,-34,,,,
055493,0,0,0,1,,,,
055494,0,0,0,231,,,,
055495,0,0,0,3,,,,
055497,0,0,0,-20,,,,
055498,0,0,0,144,,,,
055499,0,0,0,0,,,,
05549U,0,0,0,-100,,,,
055500,6,0,0,1360,,,,
055506,0,0,0,-830,,,,
055510,0,0,0,29,,,,
055512,0,0,0,45,,,,
055513,0,0,0,0,,,,
055514,0,0,0,28,,,,
055516,0,0,0,20,,,,
055518,0,0,0,21,,,,
055520,0,0,0,4,,,,
055524,0,0,0,0,,,,
055536,0,0,0,-105,,,,
055537,0,0,0,-11,,,,
055546,0,0,0,36,,,,
055547,0,0,0,40,,,,
055548,0,0,0,45,,,,
055550,0,0,0,10,,,,
055551,0,0,0,165,,,,
055554,0,0,0,300,,,,
055557,0,0,0,10,,,,
055559,0,0,0,0,,,,
055560,0,0,0,-31,,,,
055561,0,0,0,45,,,,
055562,0,0,0,38,,,,
055564,0,0,0,66,,,,
05556U,0,0,0,-42,,,,
055570,0,0,0,1,,,,
055571,0,0,0,0,,,,
055572,0,0,0,19,,,,
055573,0,0,0,18,,,,
055575,0,0,0,9,,,,
055576,0,0,0,20,,,,
055578,0,0,0,4,,,,
055580,0,0,0,-700,,,,
055581,0,0,0,2,,,,
055582,0,0,0,212,,,,
055585,0,0,0,0,,,,
055586,0,0,0,-79,,,,
055587,0,0,0,-85,,,,
055592,0,0,0,7,,,,
055597,0,0,0,368,,,,
055599,0,0,0,78,,,,
055600,0,0,0,621,,,,
055601,0,0,0,2767,,,,
055602,0,0,0,129,,,,
055608,0,0,0,-284,,,,
055614,0,0,0,-116,,,,
055617,0,0,0,-1494,,,,
055620,0,0,0,5,,,,
055622,0,0,0,-99,,,,
055624,0,0,0,591,,,,
055625,0,0,0,62,,,,
055626,0,0,0,5,,,,
055632,0,0,0,0,,,,
055634,0,0,0,16,,,,
055635,0,0,0,139,,,,
055636,0,0,0,-10,,,,
055637,0,0,0,-13,,,,
055638,0,0,0,20,,,,
055640,0,0,0,-10,,,,
055642,0,0,0,1073,,,,
055644,0,0,0,27,,,,
055645,0,0,0,131,,,,
055646,0,0,0,105,,,,
055647,0,0,0,-106,,,,
055649,0,0,0,-267,,,,
055650,0,0,0,-105,,,,
055651,0,0,0,-25,,,,
055654,0,0,0,-1,,,,
055655,0,0,0,-22,,,,
055656,0,0,0,-75,,,,
055658,0,0,0,-296,,,,
055659,0,0,0,-756,,,,
055660,0,0,0,-950,,,,
055661,0,0,0,-280,,,,
055662,0,0,0,483,,,,
055663,0,0,0,-60,,,,
055666,0,0,0,-27,,,,
055667,0,0,0,138,,,,
055669,0,0,0,-60,,,,
055670,0,0,0,-610,,,,
055671,0,0,0,-38,,,,
055672,0,0,0,-226,,,,
055673,0,0,0,-47,,,,
055674,0,0,0,54,,,,
055676,0,0,0,373,,,,
055677,0,0,0,30,,,,
055678,0,0,0,6,,,,
055679,0,0,0,14,,,,
055680,0,0,0,0,,,,
055681,0,0,0,-4,,,,
055682,0,0,0,-46,,,,
055683,0,0,0,73,,,,
055684,0,0,0,-6,,,,
055687,0,0,0,193,,,,
055688,0,0,0,-5,,,,
055690,0,0,0,-69,,,,
055691,0,0,0,46,,,,
055692,0,0,0,55,,,,
055693,0,0,0,-189,,,,
055694,0,0,0,-17,,,,
055695,0,0,0,181,,,,
055696,0,0,0,286,,,,
055697,0,0,0,-48,,,,
055698,0,0,0,-1354,,,,
055701,0,0,0,-5,,,,
055702,0,0,0,-3,,,,
055704,0,0,0,-27,,,,
055705,0,0,0,3,,,,
055707,0,0,0,-6,,,,
055708,0,0,0,-37,,,,
055709,0,0,0,4,,,,
055710,0,0,0,4,,,,
055711,0,0,0,331,,,,
055712,0,0,0,157,,,,
055713,0,0,0,396,,,,
055714,-100,0,0,410,,,,
055715,0,0,0,510,,,,
055718,0,0,0,304,,,,
055719,0,0,0,-445,,,,
055720,0,0,0,-103,,,,
055721,0,0,0,-5,,,,
055722,0,0,0,73,,,,
055723,0,0,0,66,,,,
055724,0,0,0,592,,,,
055726,0,0,0,25,,,,
055727,0,0,0,259,,,,
055728,0,0,0,152,,,,
055729,0,0,0,301,,,,
055730,0,0,0,-30,,,,
055731,0,0,0,368,,,,
055732,0,0,0,7,,,,
055734,0,0,0,50,,,,
055735,0,0,0,-25,,,,
055736,0,0,0,-172,,,,
055737,0,0,0,267,,,,
055739,0,0,0,2,,,,
055742,0,0,0,21,,,,
055743,0,0,0,-50,,,,
055744,0,0,0,52,,,,
055745,0,0,0,32,,,,
055746,0,0,0,-290,,,,
055752,0,0,0,1,,,,
055753,0,0,0,-139,,,,
055754,0,0,0,200,,,,
055756,0,0,0,-44,,,,
055757,0,0,0,1,,,,
055758,0,0,0,-126,,,,
055759,0,0,0,83,,,,
055760,0,0,0,-51,,,,
055763,0,0,0,32,,,,
055764,0,0,0,-20,,,,
055765,0,0,0,17,,,,
055767,0,0,0,2,,,,
055768,0,0,0,211,,,,
055770,0,0,0,1,,,,
055771,0,0,0,-2,,,,
055772,0,0,0,-116,,,,
055773,0,0,0,142,,,,
055774,0,0,0,-289,,,,
055776,0,0,0,-162,,,,
055777,0,0,0,178,,,,
055780,0,0,0,31,,,,
055782,0,0,0,100,,,,
055786,0,0,0,-6,,,,
055787,0,0,0,-35,,,,
055789,0,0,0,27,,,,
055792,0,0,0,-15,,,,
055796,0,0,0,-65,,,,
055797,0,0,0,-87,,,,
055799,0,0,0,-3,,,,
055800,0,0,0,6,,,,
055801,0,0,0,2,,,,
055802,0,0,0,-33,,,,
055803,0,0,0,84,,,,
055804,0,0,0,8,,,,
055805,0,0,0,40,,,,
055809,0,0,0,57,,,,
055811,0,0,0,-10,,,,
055812,0,0,0,35,,,,
055813,0,0,0,-21,,,,
055814,0,0,0,211,,,,
055815,0,0,0,26,,,,
055816,0,0,0,9,,,,
055817,0,0,0,42,,,,
055818,0,0,0,47,,,,
055819,0,0,0,170,,,,
055820,0,0,0,104,,,,
055821,0,0,0,110,,,,
055822,0,0,0,-239,,,,
055823,0,0,0,-87,,,,
055824,0,0,0,119,,,,
055825,0,0,0,-33,,,,
055827,0,0,0,-69,,,,
055828,0,0,0,-40,,,,
055830,0,0,0,-369,,,,
055831,0,0,0,-29,,,,
055832,0,0,0,-9,,,,
055833,0,0,0,-176,,,,
055834,0,0,0,-250,,,,
055835,0,0,0,-231,,,,
055836,0,0,0,-70,,,,
055837,0,0,0,-2,,,,
055838,0,0,0,-1543,,,,
055839,0,0,0,-117,,,,
055840,0,0,0,-89,,,,
055841,0,0,0,-181,,,,
055842,0,0,0,-126,,,,
055844,0,0,0,5,,,,
055845,0,0,0,0,,,,
055847,0,0,0,10,,,,
055849,0,0,0,-30,,,,
05584U,0,0,0,30,,,,
055854,0,0,0,120,,,,
055855,0,0,0,-9,,,,
055856,0,0,0,-1,,,,
055857,0,0,0,34,,,,
055858,0,0,0,19,,,,
055860,0,0,0,19,,,,
055863,0,0,0,-26,,,,
055864,0,0,0,-12,,,,
055866,0,0,0,-33,,,,
055867,0,0,0,198,,,,
055868,0,0,0,69,,,,
055869,0,0,0,25,,,,
055870,0,0,0,39,,,,
055873,0,0,0,1,,,,
055874,0,0,0,58,,,,
055875,0,0,0,147,,,,
055876,0,0,0,498,,,,
055877,0,0,0,76,,,,
055878,0,0,0,250,,,,
055879,0,0,0,37,,,,
055880,0,0,0,261,,,,
055881,0,0,0,737,,,,
055883,0,0,0,124,,,,
055888,0,0,0,406,,,,
055889,0,0,0,203,,,,
055890,0,0,0,39,,,,
055891,0,0,0,-456,,,,
055892,0,0,0,-31,,,,
055893,0,0,0,-424,,,,
055894,0,0,0,1089,,,,
055895,0,0,0,-74,,,,
055898,0,0,0,-23,,,,
055899,0,0,0,173,,,,
055900,0,0,0,-177,,,,
055901,0,0,0,13,,,,
055902,0,0,0,-53,,,,
055903,0,0,0,219,,,,
055904,0,0,0,-397,,,,
055908,0,0,0,1,,,,
055910,0,0,0,-192,,,,
055911,0,0,0,182,,,,
055912,0,0,0,10,,,,
055914,0,0,0,41,,,,
055915,0,0,0,4,,,,
055920,0,0,0,-41,,,,
055922,0,0,0,0,,,,
055924,0,0,0,57,,,,
055926,0,0,0,11,,,,
055928,0,0,0,-180,,,,
055931,0,0,0,-5,,,,
055933,0,0,0,5,,,,
055934,0,0,0,-7,,,,
055935,0,0,0,83,,,,
055936,0,0,0,4,,,,
055937,0,0,0,-22,,,,
055938,0,0,0,-20,,,,
05593U,0,0,0,20,,,,
055940,0,0,0,10,,,,
055942,0,0,0,81,,,,
055943,0,0,0,135,,,,
055945,0,0,0,-32,,,,
055946,0,0,0,-51,,,,
055947,0,0,0,26,,,,
055948,0,0,0,24,,,,
055949,0,0,0,-76,,,,
05594U,0,0,0,-56,,,,
055951,0,0,0,-45,,,,
055952,0,0,0,-219,,,,
055954,0,0,0,-16,,,,
055955,0,0,0,119,,,,
055958,0,0,0,7,,,,
055961,0,0,0,-1,,,,
055967,0,0,0,-30,,,,
055968,0,0,0,191,,,,
055969,0,0,0,-3,,,,
05596U,0,0,0,140,,,,
055970,0,0,0,0,,,,
055971,0,0,0,-42,,,,
055972,0,0,0,1,,,,
055973,0,0,0,691,,,,
055975,0,0,0,-114,,,,
055976,0,0,0,174,,,,
055977,0,0,0,15,,,,
055979,0,0,0,230,,,,
05597U,0,0,0,-100,,,,
055980,0,0,0,74,,,,
055982,0,0,0,135,,,,
055983,0,0,0,40,,,,
055984,0,0,0,0,,,,
055985,0,0,0,-8,,,,
055986,0,0,0,64,,,,
055988,0,0,0,1,,,,
055989,0,0,0,-170,,,,
055990,0,0,0,28,,,,
055991,0,0,0,-37,,,,
055992,0,0,0,184,,,,
055993,0,0,0,-365,,,,
055994,0,0,0,21,,,,
055997,0,0,0,126,,,,
055998,0,0,0,9,,,,
05599U,0,0,0,1,,,,
056000,0,0,0,2,,,,
056001,0,0,0,6,,,,
056002,0,0,0,-59,,,,
056003,0,0,0,-42,,,,
056004,0,0,0,0,,,,
056005,0,0,0,-21,,,,
056006,0,0,0,48,,,,
056010,0,0,0,-2101,,,,
056011,0,0,0,0,,,,
056013,0,0,0,-35,,,,
056014,0,0,0,397,,,,
056019,0,0,0,53,,,,
056023,0,0,0,3,,,,
056024,0,0,0,0,,,,
056025,0,0,0,21,,,,
056026,0,0,0,91,,,,
056028,0,0,0,-30,,,,
056029,0,0,0,0,,,,
056032,0,0,0,-30,,,,
056035,0,0,0,-60,,,,
056036,0,0,0,-46,,,,
056037,0,0,0,-37,,,,
056038,0,0,0,-22,,,,
056039,0,0,0,93,,,,
056043,0,0,0,213,,,,
056044,0,0,0,73,,,,
056045,0,0,0,-16,,,,
056046,0,0,0,-131,,,,
056048,0,0,0,18,,,,
056049,0,0,0,-62,,,,
056050,0,0,0,-29,,,,
056051,0,0,0,3,,,,
056052,0,0,0,63,,,,
056053,0,0,0,80,,,,
056054,0,0,0,72,,,,
056055,0,0,0,196,,,,
056056,0,0,0,-108,,,,
056057,0,0,0,-1083,,,,
05605U,0,0,0,21,,,,
056060,0,0,0,-333,,,,
056061,0,0,0,-246,,,,
056062,0,0,0,38,,,,
056063,0,0,0,-3,,,,
056064,0,0,0,-2,,,,
056065,0,0,0,-179,,,,
056066,0,0,0,-536,,,,
056067,0,0,0,-930,,,,
056068,0,0,0,-1,,,,
056069,0,0,0,-10,,,,
056070,0,0,0,-404,,,,
056071,0,0,0,37,,,,
056072,0,0,0,-14,,,,
056075,0,0,0,-17,,,,
056078,0,0,0,-64,,,,
056079,0,0,0,40,,,,
056080,0,0,0,20,,,,
056082,0,0,0,30,,,,
056083,0,0,0,735,,,,
056084,0,0,0,-40,,,,
056085,0,0,0,313,,,,
056086,0,0,0,94,,,,
056087,0,0,0,406,,,,
056090,0,0,0,-150,,,,
056092,0,0,0,346,,,,
056093,0,0,0,40,,,,
056094,0,0,0,-41,,,,
056095,0,0,0,-26,,,,
056096,0,0,0,-368,,,,
056097,0,0,0,55,,,,
056098,0,0,0,-235,,,,
056099,0,0,0,-202,,,,
05609U,0,0,0,-140,,,,
056100,0,0,0,-171,,,,
056101,0,0,0,-171,,,,
056102,0,0,0,-74,,,,
056103,0,0,0,0,,,,
056104,0,0,0,-15,,,,
056105,0,0,0,-1,,,,
056107,0,0,0,-5,,,,
056108,0,0,0,25,,,,
056109,0,0,0,-12,,,,
056110,0,0,0,-54,,,,
056111,0,0,0,-135,,,,
056112,0,0,0,603,,,,
056113,0,0,0,-66,,,,
056114,0,0,0,15,,,,
056117,0,0,0,-105,,,,
056118,0,0,0,143,,,,
056119,0,0,0,308,,,,
05611U,0,0,0,10,,,,
056120,0,0,0,58,,,,
056121,0,0,0,-67,,,,
056122,0,0,0,-91,,,,
056123,0,0,0,-114,,,,
056124,0,0,0,255,,,,
056125,0,0,0,27,,,,
056126,0,0,0,-100,,,,
056127,0,0,0,20,,,,
056128,0,0,0,-23,,,,
056130,0,0,0,584,,,,
056132,0,0,0,24,,,,
056133,0,0,0,70,,,,
056134,0,0,0,6,,,,
056136,0,0,0,210,,,,
056137,0,0,0,2,,,,
056139,0,0,0,25,,,,
05613U,0,0,0,62,,,,
056140,0,0,0,-672,,,,
056141,0,0,0,139,,,,
056142,0,0,0,-6,,,,
056143,0,0,0,-1,,,,
056144,0,0,0,-56,,,,
056147,0,0,0,25,,,,
056148,0,0,0,-35,,,,
056149,0,0,0,1,,,,
056151,0,0,0,1,,,,
056152,0,0,0,596,,,,
056153,0,0,0,172,,,,
056155,0,0,0,0,,,,
056156,0,0,0,0,,,,
056157,0,0,0,-2,,,,
056158,0,0,0,-7,,,,
056159,0,0,0,2,,,,
05615U,0,0,0,-20,,,,
056160,0,0,0,74,,,,
056161,0,0,0,32,,,,
056164,0,0,0,-58,,,,
056165,0,0,0,0,,,,
056166,0,0,0,29,,,,
056167,0,0,0,-38,,,,
056168,0,0,0,-219,,,,
056172,0,0,0,3,,,,
056175,0,0,0,-481,,,,
056176,0,0,0,-500,,,,
056177,0,0,0,64,,,,
056178,0,0,0,4,,,,
056179,0,0,0,-2,,,,
056180,0,0,0,4,,,,
056181,0,0,0,54,,,,
056182,0,0,0,-10,,,,
056183,0,0,0,22,,,,
056186,0,0,0,-505,,,,
056187,0,0,0,-55,,,,
056188,0,0,0,30,,,,
056189,0,0,0,-195,,,,
056190,0,0,0,33,,,,
056191,0,0,0,2,,,,
056193,0,0,0,28,,,,
056194,0,0,0,-1,,,,
056196,0,0,0,4,,,,
056198,0,0,0,20,,,,
056200,0,0,0,0,,,,
056202,0,0,0,3,,,,
056206,0,0,0,15,,,,
056207,0,0,0,-1,,,,
05620U,0,0,0,-70,,,,
056210,0,0,0,0,,,,
056212,0,0,0,-50,,,,
056214,0,0,0,224,,,,
056216,0,0,0,-388,,,,
056217,0,0,0,647,,,,
056218,0,0,0,-21,,,,
056220,0,0,0,10,,,,
056221,0,0,0,-10,,,,
056225,0,0,0,0,,,,
056226,0,0,0,2,,,,
056227,0,0,0,-17,,,,
056228,0,0,0,1,,,,
056230,0,0,0,-22,,,,
056233,0,0,0,-63,,,,
056234,0,0,0,0,,,,
056237,0,0,0,26,,,,
056239,0,0,0,31,,,,
056241,0,0,0,160,,,,
056242,0,0,0,-17,,,,
056243,0,0,0,-136,,,,
056245,0,0,0,-25,,,,
056246,0,0,0,-614,,,,
056247,0,0,0,-42,,,,
056248,0,0,0,20,,,,
056250,0,0,0,-83,,,,
056251,0,0,0,-200,,,,
056252,0,0,0,84,,,,
056253,0,0,0,81,,,,
056254,0,0,0,-391,,,,
056255,0,0,0,-108,,,,
056256,0,0,0,41,,,,
056257,0,0,0,-45,,,,
056259,0,0,0,-5,,,,
056260,0,0,0,-6,,,,
056262,0,0,0,52,,,,
056263,0,0,0,28,,,,
056266,0,0,0,-61,,,,
056269,0,0,0,19,,,,
056270,0,0,0,-151,,,,
056271,0,0,0,20,,,,
056272,0,0,0,23,,,,
056273,0,0,0,-30,,,,
056274,0,0,0,-2,,,,
056275,0,0,0,1,,,,
056276,0,0,0,-117,,,,
056277,0,0,0,-265,,,,
056278,0,0,0,132,,,,
056279,0,0,0,30,,,,
056280,0,0,0,-77,,,,
056281,0,0,0,8,,,,
056282,0,0,0,1,,,,
056283,0,0,0,57,,,,
056284,0,0,0,171,,,,
056285,0,0,0,62,,,,
056286,0,0,0,337,,,,
056287,0,0,0,-73,,,,
056290,0,0,0,-105,,,,
056293,0,0,0,125,,,,
056294,0,0,0,-68,,,,
056295,144,0,0,152,,,,
056296,0,0,0,18,,,,
056301,0,0,0,24,,,,
056304,0,0,0,60,,,,
056305,0,0,0,3,,,,
056306,0,0,0,1,,,,
056307,0,0,0,25,,,,
056308,0,0,0,-184,,,,
056309,0,0,0,173,,,,
056310,0,0,0,91,,,,
056311,0,0,0,170,,,,
056312,0,0,0,-10,,,,
056313,0,0,0,10,,,,
056314,0,0,0,-200,,,,
056315,0,0,0,1327,,,,
056316,0,0,0,355,,,,
056320,0,0,0,90,,,,
056321,0,0,0,25,,,,
056322,0,0,0,7,,,,
056326,0,0,0,-250,,,,
056328,0,0,0,-4,,,,
056329,0,0,0,9,,,,
056330,0,0,0,10,,,,
056331,0,0,0,-5,,,,
056332,0,0,0,-72,,,,
056333,0,0,0,11,,,,
056334,0,0,0,10,,,,
056339,0,0,0,115,,,,
056341,0,0,0,-54,,,,
056342,0,0,0,-399,,,,
056344,0,0,0,54,,,,
056345,0,0,0,-6,,,,
056346,0,0,0,15,,,,
056347,0,0,0,10,,,,
056348,0,0,0,12,,,,
056349,0,0,0,-360,,,,
056350,0,0,0,0,,,,
056351,0,0,0,19,,,,
056353,0,0,0,47,,,,
056354,0,0,0,-187,,,,
056355,0,0,0,119,,,,
056357,0,0,0,5,,,,
056360,0,0,0,5,,,,
056361,0,0,0,-45,,,,
056362,0,0,0,55,,,,
056364,0,0,0,-78,,,,
056366,0,0,0,72,,,,
056367,0,0,0,-252,,,,
056370,0,0,0,9,,,,
056372,0,0,0,7,,,,
056373,0,0,0,0,,,,
056374,0,0,0,10,,,,
056375,0,0,0,18,,,,
056376,0,0,0,-33,,,,
056377,0,0,0,50,,,,
056378,0,0,0,-74,,,,
056379,0,0,0,4,,,,
056381,0,0,0,0,,,,
056382,0,0,0,32,,,,
056384,0,0,0,-3,,,,
056389,0,0,0,-50,,,,
056390,0,0,0,15,,,,
056392,0,0,0,9,,,,
056393,0,0,0,30,,,,
056394,0,0,0,160,,,,
056395,0,0,0,-374,,,,
056400,0,0,0,-11,,,,
056401,0,0,0,4,,,,
056402,0,0,0,-20,,,,
056403,0,0,0,77,,,,
056406,0,0,0,42,,,,
056410,0,0,0,30,,,,
056411,0,0,0,90,,,,
056412,0,0,0,0,,,,
056413,0,0,0,-50,,,,
056414,0,0,0,66,,,,
056415,0,0,0,3,,,,
056416,0,0,0,50,,,,
056417,0,0,0,123,,,,
056418,0,0,0,278,,,,
056420,0,0,0,9,,,,
056421,0,0,0,-3,,,,
056422,0,0,0,112,,,,
056423,0,0,0,549,,,,
056424,0,0,0,226,,,,
056425,0,0,0,-60,,,,
056426,0,0,0,-80,,,,
056427,0,0,0,-94,,,,
056429,0,0,0,21,,,,
05642U,0,0,0,50,,,,
056430,0,0,0,40,,,,
056431,0,0,0,766,,,,
056432,0,0,0,-97,,,,
056434,0,0,0,64,,,,
056435,0,0,0,10,,,,
056437,0,0,0,18,,,,
056438,0,0,0,159,,,,
056440,0,0,0,37,,,,
056441,0,0,0,19,,,,
056442,0,0,0,100,,,,
056443,0,0,0,10,,,,
056444,0,0,0,1,,,,
056446,0,0,0,118,,,,
056447,0,0,0,18,,,,
056448,0,0,0,64,,,,
056450,0,0,0,18,,,,
056451,0,0,0,-143,,,,
056452,0,0,0,-8,,,,
056453,0,0,0,3,,,,
056454,0,0,0,-15,,,,
056455,0,0,0,-5,,,,
056456,0,0,0,-75,,,,
056457,0,0,0,-460,,,,
056458,0,0,0,-30,,,,
056460,0,0,0,0,,,,
056461,0,0,0,55,,,,
056462,0,0,0,-26,,,,
056463,0,0,0,-6,,,,
056464,0,0,0,-10,,,,
056465,0,0,0,12,,,,
056468,0,0,0,-337,,,,
056470,0,0,0,77,,,,
056472,0,0,0,4,,,,
056474,0,0,0,3,,,,
056475,0,0,0,525,,,,
056476,0,0,0,-11,,,,
056479,0,0,0,104,,,,
056480,0,0,0,-12,,,,
056481,0,0,0,298,,,,
056482,0,0,0,-42,,,,
056483,0,0,0,-44,,,,
056484,0,0,0,-1,,,,
056486,0,0,0,-218,,,,
056487,0,0,0,373,,,,
056488,0,0,0,129,,,,
056489,0,0,0,50,,,,
056490,0,0,0,38,,,,
056491,0,0,0,-793,,,,
056492,0,0,0,-96,,,,
056493,0,0,0,-5,,,,
056494,0,0,0,-214,,,,
056496,0,0,0,0,,,,
056498,0,0,0,-18,,,,
056499,0,0,0,-20,,,,
056501,0,0,0,-142,,,,
056502,0,0,0,0,,,,
056503,0,0,0,8,,,,
056504,0,0,0,55,,,,
056505,0,0,0,1,,,,
056506,0,0,0,8,,,,
056507,0,0,0,-5,,,,
056508,0,0,0,-5,,,,
056509,0,0,0,-22,,,,
056511,0,0,0,55,,,,
056512,0,0,0,24,,,,
056514,0,0,0,-15,,,,
056516,0,0,0,14,,,,
056517,0,0,0,34,,,,
056518,0,0,0,28,,,,
056520,0,0,0,7,,,,
056521,0,0,0,61,,,,
056523,0,0,0,29,,,,
056524,0,0,0,74,,,,
056525,0,0,0,0,,,,
056529,0,0,0,0,,,,
056530,0,0,0,51,,,,
056531,0,0,0,0,,,,
056532,0,0,0,-37,,,,
056534,0,0,0,-1,,,,
056535,0,0,0,88,,,,
056536,0,0,0,460,,,,
056537,0,0,0,435,,,,
056538,0,0,0,41,,,,
05653U,0,0,0,-10,,,,
056540,0,0,0,2,,,,
056541,0,0,0,125,,,,
056542,0,0,0,136,,,,
056543,0,0,0,244,,,,
056545,0,0,0,-90,,,,
056546,0,0,0,78,,,,
056549,0,0,0,293,,,,
05654U,0,0,0,-25,,,,
056550,0,0,0,75,,,,
056551,0,0,0,-99,,,,
056552,0,0,0,-1013,,,,
056553,0,0,0,-117,,,,
056555,0,0,0,425,,,,
056556,0,0,0,373,,,,
056557,0,0,0,62,,,,
056558,0,0,0,-24,,,,
056559,198,0,0,-93,,,,
056560,0,0,0,738,,,,
056561,0,0,0,-8,,,,
056567,0,0,0,-5,,,,
056568,0,0,0,470,,,,
056569,0,0,0,355,,,,
05656U,0,0,0,-71,,,,
056573,0,0,0,-19,,,,
056574,0,0,0,56,,,,
056575,0,0,0,-5,,,,
056576,0,0,0,25,,,,
056579,0,0,0,-91,,,,
056580,0,0,0,114,,,,
056581,0,0,0,240,,,,
056582,0,0,0,-111,,,,
056583,0,0,0,6,,,,
056585,0,0,0,11,,,,
056588,0,0,0,-18,,,,
056589,0,0,0,13,,,,
056590,0,0,0,-501,,,,
056591,0,0,0,113,,,,
056592,0,0,0,-28,,,,
056593,0,0,0,98,,,,
056594,0,0,0,324,,,,
056595,0,0,0,-277,,,,
056596,0,0,0,-102,,,,
056597,0,0,0,280,,,,
056598,0,0,0,-2,,,,
056599,0,0,0,1,,,,
056600,0,0,0,-1,,,,
056601,0,0,0,-40,,,,
056602,0,0,0,335,,,,
056605,0,0,0,-42,,,,
056606,0,0,0,32,,,,
056607,0,0,0,-189,,,,
056608,0,0,0,-104,,,,
056609,0,0,0,-354,,,,
056610,0,0,0,-40,,,,
056611,0,0,0,-69,,,,
056613,0,0,0,0,,,,
056614,0,0,0,-63,,,,
056615,0,0,0,273,,,,
056617,0,0,0,-17,,,,
056619,0,0,0,-4,,,,
056620,0,0,0,-6,,,,
056623,0,0,0,-221,,,,
056624,0,0,0,83,,,,
056625,0,0,0,232,,,,
056626,0,0,0,90,,,,
056627,0,0,0,-1,,,,
056628,0,0,0,-31,,,,
056629,0,0,0,90,,,,
056630,0,0,0,-95,,,,
056631,0,0,0,-22,,,,
056632,0,0,0,-80,,,,
056633,0,0,0,-1893,,,,
056634,0,0,0,0,,,,
056635,0,0,0,-35,,,,
056636,0,0,0,79,,,,
056637,0,0,0,44,,,,
056640,0,0,0,17,,,,
056641,0,0,0,-15,,,,
056642,0,0,0,-3,,,,
056643,0,0,0,-44,,,,
056645,0,0,0,21,,,,
056647,0,0,0,-112,,,,
056648,0,0,0,-442,,,,
056649,0,0,0,65,,,,
056654,0,0,0,0,,,,
056657,0,0,0,-77,,,,
056658,0,0,0,-230,,,,
056659,0,0,0,0,,,,
056661,0,0,0,52,,,,
056662,0,0,0,-8,,,,
056663,0,0,0,-111,,,,
056664,0,0,0,3,,,,
056665,0,0,0,-80,,,,
056666,0,0,0,-225,,,,
056667,0,0,0,124,,,,
056671,0,0,0,27,,,,
056674,0,0,0,-1,,,,
056676,0,0,0,-397,,,,
056677,0,0,0,0,,,,
056678,0,0,0,5,,,,
056681,0,0,0,200,,,,
056682,0,0,0,172,,,,
056683,0,0,0,-54,,,,
056684,0,0,0,0,,,,
056685,0,0,0,-6,,,,
056689,0,0,0,20,,,,
056690,0,0,0,-10,,,,
056691,0,0,0,-67,,,,
056692,0,0,0,-376,,,,
056693,0,0,0,-5,,,,
056694,0,0,0,-192,,,,
056695,0,0,0,354,,,,
056696,0,0,0,1,,,,
056700,0,0,0,10,,,,
056701,0,0,0,26,,,,
056702,0,0,0,-31,,,,
056703,0,0,0,-200,,,,
056704,0,0,0,-14,,,,
056705,0,0,0,-169,,,,
056706,0,0,0,0,,,,
056707,0,0,0,210,,,,
056709,0,0,0,2,,,,
056710,0,0,0,-5,,,,
056711,0,0,0,-40,,,,
056712,0,0,0,-4,,,,
056716,0,0,0,-76,,,,
056717,0,0,0,354,,,,
056719,0,0,0,1,,,,
056721,0,0,0,30,,,,
056722,0,0,0,-20,,,,
056723,0,0,0,-28,,,,
056725,0,0,0,3,,,,
056727,0,0,0,-19,,,,
056729,0,0,0,-21,,,,
056730,0,0,0,-86,,,,
056731,0,0,0,-28,,,,
056735,0,0,0,0,,,,
056737,0,0,0,-302,,,,
056738,0,0,0,50,,,,
056739,0,0,0,0,,,,
056740,0,0,0,-11,,,,
056742,0,0,0,148,,,,
056745,0,0,0,-28,,,,
056746,0,0,0,25,,,,
056748,0,0,0,59,,,,
056749,0,0,0,18,,,,
056750,0,0,0,-56,,,,
056751,0,0,0,38,,,,
056753,0,0,0,27,,,,
056754,0,0,0,17,,,,
056755,0,0,0,10,,,,
056756,0,0,0,-579,,,,
056757,0,0,0,11,,,,
056758,0,0,0,-31,,,,
056759,0,0,0,193,,,,
056761,0,0,0,82,,,,
056762,0,0,0,146,,,,
056763,0,0,0,407,,,,
056765,0,0,0,182,,,,
056766,0,0,0,999,,,,
056767,0,0,0,16,,,,
056768,0,0,0,-1,,,,
056769,0,0,0,-82,,,,
056771,0,0,0,14,,,,
056772,0,0,0,-89,,,,
056773,0,0,0,-291,,,,
056774,0,0,0,156,,,,
056775,0,0,0,145,,,,
056776,0,0,0,-497,,,,
056777,0,0,0,21,,,,
056778,0,0,0,0,,,,
056779,0,0,0,64,,,,
056781,0,0,0,220,,,,
056782,0,0,0,218,,,,
056783,0,0,0,278,,,,
056784,0,0,0,-162,,,,
056785,0,0,0,-134,,,,
056786,0,0,0,-346,,,,
056787,0,0,0,919,,,,
056788,0,0,0,-55,,,,
056789,0,0,0,-268,,,,
05678U,0,0,0,75,,,,
056790,0,0,0,41,,,,
056791,0,0,0,41,,,,
056796,0,0,0,5,,,,
056797,0,0,0,5,,,,
056798,0,0,0,26,,,,
056802,0,0,0,-128,,,,
056803,0,0,0,299,,,,
056805,0,0,0,33,,,,
056807,0,0,0,319,,,,
056808,0,0,0,2,,,,
056811,0,0,0,115,,,,
056814,0,0,0,-33,,,,
056815,0,0,0,-1,,,,
056816,0,0,0,-51,,,,
056817,0,0,0,-16,,,,
056820,0,0,0,24,,,,
056821,0,0,0,25,,,,
056824,0,0,0,7,,,,
056826,0,0,0,0,,,,
056829,0,0,0,73,,,,
056830,0,0,0,116,,,,
056831,0,0,0,-1,,,,
056832,0,0,0,-241,,,,
056833,0,0,0,-130,,,,
056834,0,0,0,-108,,,,
056835,0,0,0,12,,,,
056836,0,0,0,215,,,,
056838,0,0,0,-10,,,,
056839,0,0,0,4,,,,
056840,0,0,0,-159,,,,
056841,0,0,0,-305,,,,
056843,0,0,0,66,,,,
056845,0,0,0,-8,,,,
056846,0,0,0,-50,,,,
056847,0,0,0,-10,,,,
056848,0,0,0,-22,,,,
056849,0,0,0,-150,,,,
056851,0,0,0,-10,,,,
056852,0,0,0,-10,,,,
056855,0,0,0,-160,,,,
056856,0,0,0,34,,,,
056857,0,0,0,-3,,,,
056860,0,0,0,-30,,,,
056861,0,0,0,-627,,,,
056863,0,0,0,50,,,,
056864,0,0,0,-82,,,,
056865,0,0,0,74,,,,
056866,0,0,0,-151,,,,
056867,0,0,0,-3,,,,
056869,0,0,0,188,,,,
05686U,0,0,0,20,,,,
056870,0,0,0,26,,,,
056871,0,0,0,18,,,,
056873,0,0,0,8,,,,
056874,0,0,0,-1,,,,
056875,0,0,0,-168,,,,
056877,0,0,0,-71,,,,
056881,0,0,0,1,,,,
056882,0,0,0,22,,,,
056883,0,0,0,67,,,,
056884,0,0,0,-31,,,,
056885,0,0,0,17,,,,
056887,0,0,0,-34,,,,
056888,0,0,0,2,,,,
056891,0,0,0,-4,,,,
056892,0,0,0,-50,,,,
056893,0,0,0,10,,,,
056895,0,0,0,69,,,,
056896,0,0,0,4,,,,
056897,0,0,0,-712,,,,
056898,0,0,0,0,,,,
056899,0,0,0,159,,,,
056900,0,0,0,27,,,,
056903,0,0,0,0,,,,
056904,0,0,0,4,,,,
056905,0,0,0,104,,,,
056906,0,0,0,0,,,,
056908,0,0,0,-10,,,,
056909,0,0,0,31,,,,
056910,0,0,0,-3,,,,
056912,0,0,0,44,,,,
056913,0,0,0,-108,,,,
056915,0,0,0,-4,,,,
056916,0,0,0,-89,,,,
056918,0,0,0,59,,,,
056919,0,0,0,-3,,,,
056920,0,0,0,8,,,,
056922,0,0,0,-63,,,,
056923,0,0,0,-9,,,,
056924,0,0,0,173,,,,
056925,0,0,0,46,,,,
056926,0,0,0,168,,,,
056929,0,0,0,103,,,,
056930,0,0,0,-18,,,,
056931,0,0,0,-775,,,,
056932,0,0,0,-469,,,,
056933,0,0,0,308,,,,
056934,0,0,0,-55,,,,
056935,0,0,0,-43,,,,
056936,0,0,0,55,,,,
056938,0,0,0,137,,,,
056939,0,0,0,11,,,,
056940,0,0,0,2,,,,
056941,0,0,0,231,,,,
056942,0,0,0,38,,,,
056944,0,0,0,322,,,,
056945,0,0,0,285,,,,
056947,0,0,0,-64,,,,
056948,0,0,0,31,,,,
056949,0,0,0,66,,,,
056950,0,0,0,59,,,,
056951,0,0,0,5,,,,
056952,0,0,0,3,,,,
056954,0,0,0,-100,,,,
056957,0,0,0,-124,,,,
056958,0,0,0,-173,,,,
056962,0,0,0,4,,,,
056963,0,0,0,-6,,,,
056964,0,0,0,44,,,,
056965,0,0,0,104,,,,
056966,0,0,0,4,,,,
056967,0,0,0,-24,,,,
056968,0,0,0,-14,,,,
056974,0,0,0,-4,,,,
056975,0,0,0,12,,,,
056976,0,0,0,-99,,,,
056977,0,0,0,6,,,,
056978,0,0,0,-16,,,,
056979,0,0,0,5,,,,
056980,0,0,0,22,,,,
056981,0,0,0,-87,,,,
056982,0,0,0,-1,,,,
056983,0,0,0,-96,,,,
056984,0,0,0,-5,,,,
056985,0,0,0,0,,,,
056986,0,0,0,-31,,,,
056987,0,0,0,-5,,,,
056988,0,0,0,29,,,,
056989,0,0,0,-13,,,,
056991,0,0,0,19,,,,
056996,0,0,0,99,,,,
056997,0,0,0,-10,,,,
056999,0,0,0,-24,,,,
057000,0,0,0,56,,,,
057001,0,0,0,73,,,,
057002,0,0,0,9,,,,
057003,0,0,0,261,,,,
057004,0,0,0,32,,,,
057005,0,0,0,-5,,,,
057006,0,0,0,461,,,,
057007,0,0,0,23,,,,
057008,0,0,0,-1,,,,
057009,0,0,0,10,,,,
057010,0,0,0,549,,,,
057011,0,0,0,89,,,,
057012,0,0,0,84,,,,
057013,0,0,0,1,,,,
057014,0,0,0,222,,,,
057015,0,0,0,-355,,,,
057016,0,0,0,-60,,,,
057017,0,0,0,500,,,,
057018,0,0,0,-3,,,,
057019,0,0,0,-124,,,,
057020,0,0,0,-3,,,,
057023,0,0,0,119,,,,
057024,0,0,0,-20,,,,
057025,0,0,0,-77,,,,
057026,0,0,0,3,,,,
057027,0,0,0,-427,,,,
057028,0,0,0,-395,,,,
057029,0,0,0,-31,,,,
057030,0,0,0,69,,,,
057031,0,0,0,459,,,,
057032,0,0,0,-132,,,,
057033,0,0,0,32,,,,
057034,0,0,0,-12,,,,
057035,0,0,0,75,,,,
057036,0,0,0,-280,,,,
057037,0,0,0,-810,,,,
057038,0,0,0,1404,,,,
057039,0,0,0,-70,,,,
057040,0,0,0,1364,,,,
057041,0,0,0,268,,,,
057042,0,0,0,74,,,,
057043,0,0,0,30,,,,
057044,0,0,0,-1117,,,,
057045,0,0,0,-150,,,,
057046,0,0,0,376,,,,
057048,0,0,0,40,,,,
057050,0,0,0,27,,,,
057051,0,0,0,-21,,,,
057052,0,0,0,-10,,,,
057053,0,0,0,0,,,,
057055,0,0,0,2,,,,
057057,0,0,0,17,,,,
057058,0,0,0,-1,,,,
057059,0,0,0,-104,,,,
057060,0,0,0,5,,,,
057061,0,0,0,-83,,,,
057064,0,0,0,-150,,,,
057066,0,0,0,-26,,,,
057067,0,0,0,13,,,,
057068,0,0,0,-2,,,,
057069,0,0,0,-58,,,,
057071,0,0,0,-17,,,,
057072,0,0,0,-3,,,,
057074,0,0,0,5,,,,
057077,0,0,0,86,,,,
057078,0,0,0,-377,,,,
057079,0,0,0,4,,,,
057080,0,0,0,-87,,,,
057081,0,0,0,3,,,,
057082,0,0,0,15,,,,
057083,0,0,0,195,,,,
057085,0,0,0,391,,,,
057086,0,0,0,-827,,,,
057087,0,0,0,173,,,,
057089,0,0,0,-79,,,,
057090,0,0,0,-9,,,,
057091,0,0,0,-10,,,,
057092,0,0,0,-193,,,,
057097,0,0,0,0,,,,
057098,0,0,0,-46,,,,
057102,0,0,0,2,,,,
057104,0,0,0,538,,,,
057105,0,0,0,151,,,,
057106,0,0,0,313,,,,
057107,0,0,0,200,,,,
057108,0,0,0,47,,,,
057109,0,0,0,11,,,,
057110,0,0,0,-275,,,,
057114,0,0,0,3,,,,
057115,0,0,0,458,,,,
057116,0,0,0,4,,,,
057117,0,0,0,25,,,,
057118,0,0,0,13,,,,
057119,0,0,0,50,,,,
057120,0,0,0,216,,,,
057122,0,0,0,-36,,,,
057124,0,0,0,382,,,,
057125,0,0,0,52,,,,
057126,0,0,0,169,,,,
057127,0,0,0,293,,,,
057128,0,0,0,54,,,,
057129,0,0,0,-274,,,,
057131,0,0,0,5,,,,
057137,0,0,0,10,,,,
057138,0,0,0,-41,,,,
057139,0,0,0,-134,,,,
057140,0,0,0,25,,,,
057145,0,0,0,4,,,,
057146,0,0,0,18,,,,
057147,0,0,0,11,,,,
057148,0,0,0,-21,,,,
057149,0,0,0,-12,,,,
057150,0,0,0,-3,,,,
057151,0,0,0,-230,,,,
057153,0,0,0,-66,,,,
057154,0,0,0,-179,,,,
057155,0,0,0,-287,,,,
057156,0,0,0,-6,,,,
057158,0,0,0,-60,,,,
057159,0,0,0,-157,,,,
057160,0,0,0,28,,,,
057162,0,0,0,-30,,,,
057164,0,0,0,-66,,,,
057167,0,0,0,79,,,,
057168,0,0,0,8,,,,
057169,0,0,0,-1,,,,
057172,0,0,0,-876,,,,
057173,0,0,0,624,,,,
057174,0,0,0,-289,,,,
057175,0,0,0,36,,,,
057176,0,0,0,73,,,,
057178,0,0,0,-33,,,,
057179,0,0,0,47,,,,
057180,0,0,0,24,,,,
057182,0,0,0,57,,,,
057183,0,0,0,-67,,,,
057186,0,0,0,76,,,,
057189,0,0,0,0,,,,
057191,0,0,0,18,,,,
057194,0,0,0,-24,,,,
057197,0,0,0,322,,,,
057198,0,0,0,-10,,,,
057199,0,0,0,-16,,,,
05719U,0,0,0,5,,,,
057200,0,0,0,-9,,,,
057201,0,0,0,9,,,,
057202,0,0,0,279,,,,
057203,0,0,0,467,,,,
057204,0,0,0,146,,,,
057205,0,0,0,-215,,,,
057206,0,0,0,56,,,,
057207,0,0,0,99,,,,
057208,0,0,0,-77,,,,
057209,0,0,0,75,,,,
05720U,0,0,0,8,,,,
057210,0,0,0,26,,,,
057211,0,0,0,58,,,,
057212,0,0,0,542,,,,
057213,0,0,0,42,,,,
057214,0,0,0,-81,,,,
057215,0,0,0,172,,,,
057219,0,0,0,-169,,,,
057221,0,0,0,66,,,,
057222,0,0,0,25,,,,
057223,0,0,0,-66,,,,
057224,0,0,0,23,,,,
057225,0,0,0,-63,,,,
057226,0,0,0,15,,,,
057227,0,0,0,12,,,,
05722U,0,0,0,120,,,,
057231,0,0,0,307,,,,
057232,0,0,0,-4,,,,
057233,0,0,0,-21,,,,
057234,0,0,0,-71,,,,
057235,0,0,0,-97,,,,
057238,0,0,0,-1,,,,
057239,0,0,0,113,,,,
057240,0,0,0,-63,,,,
057242,0,0,0,-63,,,,
057245,0,0,0,47,,,,
057247,0,0,0,-56,,,,
057248,0,0,0,-249,,,,
057249,0,0,0,267,,,,
057250,0,0,0,24,,,,
057251,0,0,0,6,,,,
057252,0,0,0,1,,,,
057253,0,0,0,-133,,,,
057254,0,0,0,-195,,,,
057255,0,0,0,21,,,,
057256,0,0,0,184,,,,
057257,0,0,0,100,,,,
057259,0,0,0,25,,,,
057261,0,0,0,-1,,,,
057262,0,0,0,-35,,,,
057264,0,0,0,11,,,,
057265,0,0,0,-98,,,,
057267,0,0,0,-19,,,,
057269,0,0,0,-10,,,,
057270,0,0,0,23,,,,
057271,0,0,0,-173,,,,
057272,0,0,0,-4,,,,
057274,0,0,0,-30,,,,
057275,0,0,0,-57,,,,
057276,0,0,0,-37,,,,
057277,0,0,0,101,,,,
057279,0,0,0,56,,,,
057280,0,0,0,2,,,,
057282,0,0,0,86,,,,
057283,0,0,0,5,,,,
057284,0,0,0,6,,,,
057285,0,0,0,0,,,,
057286,0,0,0,-53,,,,
057287,0,0,0,-20,,,,
057288,0,0,0,98,,,,
057289,0,0,0,5,,,,
057290,0,0,0,-97,,,,
057291,0,0,0,754,,,,
057292,0,0,0,-169,,,,
057294,0,0,0,-249,,,,
057295,0,0,0,18,,,,
057296,0,0,0,-32,,,,
057297,0,0,0,4,,,,
057298,0,0,0,74,,,,
057299,0,0,0,-21,,,,
057301,0,0,0,-368,,,,
057303,0,0,0,29,,,,
057304,0,0,0,-920,,,,
057305,0,0,0,-50,,,,
057306,0,0,0,0,,,,
057307,0,0,0,47,,,,
057308,0,0,0,0,,,,
057309,0,0,0,-1,,,,
057310,0,0,0,0,,,,
057311,0,0,0,-218,,,,
057312,0,0,0,-13,,,,
057313,0,0,0,34,,,,
057314,0,0,0,-18,,,,
057315,0,0,0,8,,,,
057316,0,0,0,20,,,,
057317,0,0,0,0,,,,
057318,0,0,0,145,,,,
057322,0,0,0,-18,,,,
057323,0,0,0,2,,,,
057324,0,0,0,65,,,,
057326,0,0,0,16,,,,
057327,0,0,0,227,,,,
057328,0,0,0,210,,,,
057329,0,0,0,570,,,,
057330,0,0,0,-20,,,,
057331,0,0,0,133,,,,
057332,0,0,0,264,,,,
057333,0,0,0,269,,,,
057334,0,0,0,20,,,,
057335,0,0,0,59,,,,
057336,0,0,0,107,,,,
057337,0,0,0,-139,,,,
057341,0,0,0,107,,,,
057342,0,0,0,-250,,,,
057343,0,0,0,124,,,,
057344,0,0,0,-49,,,,
057346,0,0,0,477,,,,
057347,0,0,0,-200,,,,
057348,0,0,0,-102,,,,
057349,0,0,0,-91,,,,
057350,0,0,0,-20,,,,
057351,0,0,0,216,,,,
057352,0,0,0,-7,,,,
057353,0,0,0,16,,,,
057354,0,0,0,22,,,,
057355,0,0,0,-539,,,,
057356,0,0,0,-156,,,,
057357,0,0,0,-265,,,,
057358,0,0,0,62,,,,
057361,0,0,0,67,,,,
057363,0,0,0,0,,,,
057364,0,0,0,-102,,,,
057365,0,0,0,132,,,,
057366,0,0,0,-189,,,,
057367,0,0,0,-148,,,,
057368,0,0,0,-71,,,,
057369,0,0,0,-67,,,,
057370,0,0,0,5,,,,
057372,0,0,0,13,,,,
057373,0,0,0,-88,,,,
057374,0,0,0,86,,,,
057375,0,0,0,100,,,,
057377,0,0,0,2,,,,
057379,0,0,0,22,,,,
057381,0,0,0,78,,,,
057382,0,0,0,33,,,,
057383,0,0,0,-257,,,,
057384,0,0,0,226,,,,
057385,0,0,0,-564,,,,
057387,0,0,0,-56,,,,
057389,0,0,0,0,,,,
057391,0,0,0,-13,,,,
057392,0,0,0,-60,,,,
057395,0,0,0,-422,,,,
057396,0,0,0,29,,,,
057397,0,0,0,-32,,,,
057398,0,0,0,114,,,,
057399,0,0,0,-5,,,,
057401,0,0,0,57,,,,
057403,0,0,0,3,,,,
057404,0,0,0,0,,,,
057405,0,0,0,-20,,,,
057406,0,0,0,41,,,,
057407,0,0,0,27,,,,
057410,0,0,0,200,,,,
057412,0,0,0,14,,,,
057413,0,0,0,-38,,,,
057414,0,0,0,9,,,,
057415,0,0,0,-5,,,,
057418,0,0,0,11,,,,
057420,0,0,0,-725,,,,
057421,0,0,0,290,,,,
057422,0,0,0,0,,,,
057423,0,0,0,174,,,,
057424,0,0,0,240,,,,
057425,0,0,0,253,,,,
057426,0,0,0,3,,,,
057427,0,0,0,173,,,,
057429,0,0,0,-44,,,,
057430,0,0,0,-108,,,,
057432,0,0,0,45,,,,
057433,0,0,0,25,,,,
057436,0,0,0,77,,,,
057438,0,0,0,36,,,,
057439,0,0,0,-37,,,,
057440,0,0,0,-103,,,,
057441,0,0,0,0,,,,
057442,0,0,0,-10,,,,
057443,0,0,0,138,,,,
057444,0,0,0,42,,,,
057445,0,0,0,-319,,,,
057447,0,0,0,4,,,,
057448,0,0,0,-755,,,,
057449,0,0,0,-136,,,,
057450,0,0,0,60,,,,
057451,0,0,0,-42,,,,
057452,0,0,0,-14,,,,
057453,0,0,0,-374,,,,
057454,0,0,0,10,,,,
057455,0,0,0,145,,,,
057456,0,0,0,-11,,,,
057457,0,0,0,60,,,,
057459,0,0,0,10,,,,
057460,0,0,0,-7,,,,
057461,0,0,0,15,,,,
057462,0,0,0,109,,,,
057464,0,0,0,1,,,,
057466,0,0,0,45,,,,
057467,0,0,0,81,,,,
057469,0,0,0,17,,,,
057471,0,0,0,439,,,,
057472,0,0,0,153,,,,
057473,0,0,0,150,,,,
057479,0,0,0,83,,,,
057480,0,0,0,-45,,,,
057481,0,0,0,-217,,,,
057482,0,0,0,-110,,,,
057483,0,0,0,-34,,,,
057484,0,0,0,1,,,,
057485,0,0,0,-20,,,,
057486,0,0,0,200,,,,
057487,0,0,0,-7,,,,
057488,0,0,0,-2,,,,
057489,0,0,0,44,,,,
05748U,0,0,0,-15,,,,
057490,0,0,0,-5,,,,
057493,0,0,0,-184,,,,
057494,0,0,0,0,,,,
057495,0,0,0,-140,,,,
057496,0,0,0,64,,,,
057497,0,0,0,-43,,,,
057499,0,0,0,30,,,,
057500,0,0,0,30,,,,
057501,0,0,0,90,,,,
057505,0,0,0,71,,,,
057507,0,0,0,-55,,,,
057508,0,0,0,-47,,,,
057509,0,0,0,-42,,,,
057510,0,0,0,-156,,,,
057511,0,0,0,-2,,,,
057515,0,0,0,713,,,,
057516,0,0,0,180,,,,
057517,0,0,0,46,,,,
057520,0,0,0,-23,,,,
057522,0,0,0,13,,,,
057523,0,0,0,129,,,,
057524,0,0,0,146,,,,
057525,0,0,0,-97,,,,
057526,0,0,0,201,,,,
057527,0,0,0,363,,,,
057528,0,0,0,-194,,,,
057529,0,0,0,-198,,,,
057530,0,0,0,-334,,,,
057532,0,0,0,95,,,,
057536,0,0,0,28,,,,
057537,0,0,0,51,,,,
057539,0,0,0,114,,,,
057540,0,0,0,-45,,,,
057541,0,0,0,-1,,,,
057542,0,0,0,154,,,,
057543,0,0,0,254,,,,
057544,0,0,0,-26,,,,
057545,0,0,0,19,,,,
057546,0,0,0,-126,,,,
057547,0,0,0,-75,,,,
057548,0,0,0,-10,,,,
057551,0,0,0,-86,,,,
057552,0,0,0,-99,,,,
057554,0,0,0,-6,,,,
057558,0,0,0,28,,,,
057560,0,0,0,147,,,,
057561,0,0,0,36,,,,
057562,0,0,0,23,,,,
057564,0,0,0,10,,,,
057565,0,0,0,15,,,,
057567,0,0,0,-13,,,,
057569,0,0,0,-107,,,,
057571,0,0,0,-57,,,,
057572,0,0,0,19,,,,
057573,0,0,0,151,,,,
057574,0,0,0,5,,,,
057575,0,0,0,79,,,,
057576,0,0,0,-120,,,,
057577,0,0,0,-30,,,,
057578,0,0,0,-104,,,,
057579,0,0,0,-35,,,,
05757U,0,0,0,365,,,,
057580,0,0,0,-3,,,,
057582,0,0,0,-50,,,,
057584,0,0,0,-2,,,,
057585,0,0,0,-113,,,,
057586,0,0,0,-68,,,,
057588,0,0,0,-1,,,,
057590,0,0,0,140,,,,
057591,0,0,0,-38,,,,
057592,0,0,0,-112,,,,
057593,0,0,0,0,,,,
057594,0,0,0,-10,,,,
057596,0,0,0,1,,,,
057597,0,0,0,-248,,,,
057598,0,0,0,-55,,,,
057599,0,0,0,105,,,,
057600,0,0,0,-112,,,,
057602,0,0,0,10,,,,
057603,0,0,0,27,,,,
057604,0,0,0,30,,,,
057605,0,0,0,97,,,,
057606,0,0,0,-12,,,,
057609,0,0,0,-2,,,,
057610,0,0,0,-186,,,,
057611,0,0,0,24,,,,
057612,0,0,0,269,,,,
057613,0,0,0,116,,,,
057614,0,0,0,10,,,,
057615,0,0,0,0,,,,
057620,0,0,0,-45,,,,
057621,0,0,0,-138,,,,
057622,0,0,0,210,,,,
057623,0,0,0,-301,,,,
057624,0,0,0,-348,,,,
057625,0,0,0,-94,,,,
057626,0,0,0,497,,,,
057627,0,0,0,561,,,,
057628,0,0,0,177,,,,
057629,0,0,0,-25,,,,
057630,0,0,0,37,,,,
057631,0,0,0,-73,,,,
057632,0,0,0,-46,,,,
057634,0,0,0,200,,,,
057639,0,0,0,-120,,,,
05763U,0,0,0,300,,,,
057640,0,0,0,-427,,,,
057641,0,0,0,87,,,,
057642,0,0,0,-4,,,,
057643,0,0,0,71,,,,
057644,0,0,0,274,,,,
057645,0,0,0,823,,,,
057646,0,0,0,-20,,,,
057647,0,0,0,314,,,,
057648,0,0,0,15,,,,
057649,0,0,0,124,,,,
05764U,0,0,0,-120,,,,
057650,0,0,0,44,,,,
057651,0,0,0,953,,,,
057652,0,0,0,-8,,,,
057653,0,0,0,10,,,,
057655,0,0,0,2,,,,
057656,0,0,0,-263,,,,
057658,0,0,0,-1240,,,,
057659,0,0,0,-702,,,,
057660,0,0,0,143,,,,
057661,0,0,0,40,,,,
057662,0,0,0,-33,,,,
057663,0,0,0,12,,,,
057664,0,0,0,10,,,,
057665,0,0,0,150,,,,
057666,0,0,0,12,,,,
057667,0,0,0,3,,,,
057668,0,0,0,5,,,,
057669,0,0,0,7,,,,
057673,0,0,0,23,,,,
057677,0,0,0,-34,,,,
057680,0,0,0,30,,,,
057681,0,0,0,63,,,,
057682,0,0,0,-49,,,,
057683,0,0,0,102,,,,
057685,0,0,0,16,,,,
057686,0,0,0,0,,,,
05768U,0,0,0,3,,,,
057693,0,0,0,-68,,,,
057694,0,0,0,87,,,,
057696,0,0,0,654,,,,
057697,0,0,0,-8,,,,
05769U,0,0,0,-8,,,,
057700,0,0,0,20,,,,
057701,0,0,0,2,,,,
057703,0,0,0,1,,,,
057706,0,0,0,-84,,,,
057707,0,0,0,-5,,,,
057708,0,0,0,-240,,,,
057709,0,0,0,-864,,,,
057710,0,0,0,19,,,,
057711,0,0,0,28,,,,
057713,0,0,0,-22,,,,
057716,0,0,0,75,,,,
057719,0,0,0,-22,,,,
057721,0,0,0,1182,,,,
057722,0,0,0,9,,,,
057723,0,0,0,155,,,,
057724,0,0,0,69,,,,
057725,0,0,0,38,,,,
057726,0,0,0,67,,,,
057727,0,0,0,7,,,,
057728,0,0,0,-30,,,,
057732,0,0,0,-120,,,,
057733,0,0,0,-143,,,,
057734,0,0,0,49,,,,
057735,0,0,0,0,,,,
057736,0,0,0,1092,,,,
057737,0,0,0,-4,,,,
057739,0,0,0,40,,,,
057740,0,0,0,-67,,,,
057743,0,0,0,12,,,,
057745,0,0,0,18,,,,
057748,0,0,0,-583,,,,
057749,0,0,0,-97,,,,
057750,0,0,0,-2,,,,
057751,0,0,0,39,,,,
057752,0,0,0,-2627,,,,
057754,0,0,0,113,,,,
057755,0,0,0,173,,,,
057757,0,0,0,-8,,,,
057758,0,0,0,-20,,,,
057759,0,0,0,-18,,,,
057760,0,0,0,89,,,,
057761,0,0,0,-155,,,,
057762,0,0,0,8,,,,
057763,0,0,0,-15,,,,
057764,0,0,0,-113,,,,
057766,0,0,0,-44,,,,
057769,0,0,0,143,,,,
057770,0,0,0,-688,,,,
057771,0,0,0,-1,,,,
057772,0,0,0,134,,,,
057773,0,0,0,-955,,,,
057774,0,0,0,1,,,,
057775,0,0,0,16,,,,
057776,0,0,0,11,,,,
057777,0,0,0,24,,,,
057778,0,0,0,559,,,,
057779,0,0,0,-17,,,,
057780,0,0,0,470,,,,
057781,0,0,0,155,,,,
057782,0,0,0,156,,,,
057784,0,0,0,-313,,,,
057785,0,0,0,81,,,,
057786,0,0,0,2,,,,
057787,0,0,0,-6,,,,
057788,0,0,0,-60,,,,
057789,0,0,0,666,,,,
057790,0,0,0,-163,,,,
057791,0,0,0,60,,,,
057792,0,0,0,-1552,,,,
057793,0,0,0,68,,,,
057798,0,0,0,11,,,,
057799,0,0,0,52,,,,
057802,0,0,0,-9,,,,
057803,0,0,0,-10,,,,
057804,0,0,0,137,,,,
057805,0,0,0,-5,,,,
057806,0,0,0,-19,,,,
057807,0,0,0,99,,,,
057808,0,0,0,10,,,,
057809,0,0,0,337,,,,
057810,0,0,0,-266,,,,
057811,0,0,0,7,,,,
057812,0,0,0,1,,,,
057813,0,0,0,45,,,,
057814,0,0,0,-116,,,,
057816,0,0,0,10,,,,
057820,0,0,0,-7,,,,
057821,0,0,0,0,,,,
057822,0,0,0,7,,,,
057823,0,0,0,-300,,,,
057824,0,0,0,-2,,,,
057825,0,0,0,-3,,,,
057826,0,0,0,-36,,,,
057829,0,0,0,42,,,,
057832,0,0,0,-694,,,,
057833,0,0,0,-48,,,,
057834,0,0,0,-95,,,,
057835,0,0,0,-23,,,,
057838,0,0,0,172,,,,
057839,0,0,0,-441,,,,
057841,0,0,0,-122,,,,
057842,0,0,0,13,,,,
057843,0,0,0,-213,,,,
057844,0,0,0,-34,,,,
057845,0,0,0,-250,,,,
057846,0,0,0,135,,,,
057847,0,0,0,-48,,,,
057848,0,0,0,210,,,,
057850,0,0,0,-17,,,,
057854,0,0,0,-478,,,,
057856,0,0,0,62,,,,
057857,0,0,0,299,,,,
057858,0,0,0,357,,,,
057859,0,0,0,79,,,,
057860,0,0,0,27,,,,
057861,0,0,0,79,,,,
057863,0,0,0,4383,,,,
057865,0,0,0,28,,,,
057866,0,0,0,-22,,,,
057867,0,0,0,855,,,,
057871,0,0,0,458,,,,
057872,0,0,0,482,,,,
057874,0,0,0,-176,,,,
057876,0,0,0,-57,,,,
057878,0,0,0,-6,,,,
057881,0,0,0,-10,,,,
057882,0,0,0,97,,,,
057883,0,0,0,228,,,,
057884,0,0,0,75,,,,
057886,0,0,0,-220,,,,
057887,0,0,0,104,,,,
057888,0,0,0,-225,,,,
057890,0,0,0,280,,,,
057891,0,0,0,-6,,,,
057892,0,0,0,-69,,,,
057893,0,0,0,-27,,,,
057894,0,0,0,-1152,,,,
057895,0,0,0,-3,,,,
057898,0,0,0,82,,,,
057900,0,0,0,-157,,,,
057904,0,0,0,13,,,,
057905,0,0,0,-419,,,,
057906,0,0,0,-43,,,,
057909,0,0,0,-44,,,,
057910,0,0,0,-17,,,,
057911,0,0,0,-81,,,,
057912,0,0,0,-23,,,,
057913,0,0,0,-17,,,,
057914,0,0,0,0,,,,
057915,0,0,0,-2,,,,
057916,0,0,0,57,,,,
057918,0,0,0,224,,,,
057922,0,0,0,-1,,,,
057924,0,0,0,9,,,,
057925,0,0,0,200,,,,
057926,0,0,0,184,,,,
057927,0,0,0,66,,,,
057928,0,0,0,96,,,,
057929,0,0,0,-7,,,,
057930,0,0,0,217,,,,
057931,0,0,0,-15,,,,
057932,0,0,0,-86,,,,
057933,0,0,0,55,,,,
057934,0,0,0,395,,,,
057935,0,0,0,-10,,,,
057936,0,0,0,80,,,,
057937,0,0,0,0,,,,
057938,0,0,0,33,,,,
057939,0,0,0,-13,,,,
057943,0,0,0,9,,,,
057944,0,0,0,20,,,,
057945,0,0,0,9,,,,
057946,0,0,0,-94,,,,
057948,0,0,0,16,,,,
057950,0,0,0,8,,,,
057953,0,0,0,-130,,,,
057959,0,0,0,-100,,,,
057960,0,0,0,-66,,,,
057961,0,0,0,-3,,,,
057962,0,0,0,3,,,,
057963,0,0,0,28,,,,
057965,0,0,0,-167,,,,
057966,0,0,0,0,,,,
057968,0,0,0,4,,,,
057969,0,0,0,1,,,,
057971,0,0,0,-57,,,,
057972,0,0,0,10,,,,
057973,0,0,0,-450,,,,
057974,0,0,0,1,,,,
057975,0,0,0,144,,,,
057976,0,0,0,27,,,,
057977,0,0,0,200,,,,
057978,0,0,0,-200,,,,
057979,0,0,0,-85,,,,
057981,0,0,0,-87,,,,
057982,0,0,0,-128,,,,
057983,0,0,0,-1,,,,
057986,0,0,0,-165,,,,
057987,0,0,0,-123,,,,
057988,0,0,0,182,,,,
057989,0,0,0,-106,,,,
057990,0,0,0,-205,,,,
057991,0,0,0,95,,,,
057992,0,0,0,72,,,,
057994,0,0,0,5,,,,
057995,0,0,0,-31,,,,
057996,0,0,0,-25,,,,
057997,0,0,0,621,,,,
057999,0,0,0,135,,,,
058001,0,0,0,-106,,,,
058002,0,0,0,106,,,,
058003,0,0,0,-12,,,,
058005,0,0,0,33,,,,
058006,0,0,0,624,,,,
058009,0,0,0,47,,,,
058010,0,0,0,16,,,,
058011,0,0,0,20,,,,
058013,0,0,0,95,,,,
058014,0,0,0,-74,,,,
058015,0,0,0,351,,,,
058016,0,0,0,-24,,,,
058017,0,0,0,1488,,,,
058018,0,0,0,20,,,,
058019,0,0,0,8,,,,
058024,0,0,0,49,,,,
058031,0,0,0,0,,,,
058032,0,0,0,-60,,,,
058034,0,0,0,23,,,,
058035,0,0,0,-308,,,,
058036,0,0,0,0,,,,
058037,0,0,0,0,,,,
058038,0,0,0,23,,,,
058042,0,0,0,-200,,,,
058043,0,0,0,-30,,,,
058045,0,0,0,-196,,,,
058048,0,0,0,-31,,,,
058049,0,0,0,490,,,,
058050,0,0,0,180,,,,
058052,0,0,0,58,,,,
058054,0,0,0,0,,,,
058055,0,0,0,203,,,,
058056,0,0,0,27,,,,
058057,0,0,0,0,,,,
058058,0,0,0,10,,,,
058059,0,0,0,-12,,,,
058062,0,0,0,-128,,,,
058063,0,0,0,-264,,,,
058064,0,0,0,-2,,,,
058065,0,0,0,-61,,,,
058066,0,0,0,154,,,,
058067,0,0,0,0,,,,
058068,0,0,0,0,,,,
058069,0,0,0,29,,,,
058072,0,0,0,-99,,,,
058073,0,0,0,-24,,,,
058074,0,0,0,-30,,,,
058075,0,0,0,132,,,,
058077,0,0,0,0,,,,
058078,0,0,0,188,,,,
058080,0,0,0,-991,,,,
058081,0,0,0,-52,,,,
058082,0,0,0,9,,,,
058083,0,0,0,-33,,,,
058084,0,0,0,0,,,,
058086,0,0,0,-17,,,,
058087,0,0,0,-209,,,,
058088,0,0,0,-112,,,,
058089,0,0,0,6,,,,
058090,0,0,0,-8,,,,
058091,0,0,0,-220,,,,
058092,0,0,0,-11,,,,
058093,0,0,0,43,,,,
058094,0,0,0,-445,,,,
058095,0,0,0,55,,,,
058096,0,0,0,-87,,,,
058099,0,0,0,-290,,,,
058100,0,0,0,47,,,,
058101,0,0,0,71,,,,
058102,0,0,0,-20,,,,
058104,0,0,0,65,,,,
058105,0,0,0,-35,,,,
058106,0,0,0,-24,,,,
058107,0,0,0,-415,,,,
058108,0,0,0,-57,,,,
058109,0,0,0,53,,,,
058110,0,0,0,12,,,,
058111,0,0,0,-7,,,,
058112,0,0,0,28,,,,
058113,0,0,0,50,,,,
058114,0,0,0,-10,,,,
058115,0,0,0,-30,,,,
058116,0,0,0,85,,,,
058118,0,0,0,1,,,,
058119,0,0,0,-313,,,,
058120,0,0,0,-9,,,,
058123,0,0,0,0,,,,
058124,0,0,0,0,,,,
058125,0,0,0,-6,,,,
058126,0,0,0,2,,,,
058127,0,0,0,-79,,,,
058128,0,0,0,138,,,,
058129,0,0,0,-5,,,,
058131,0,0,0,-9,,,,
058134,0,0,0,0,,,,
058135,0,0,0,-4,,,,
058136,0,0,0,-44,,,,
058138,0,0,0,-27,,,,
058139,0,0,0,43,,,,
058141,0,0,0,-30,,,,
058142,0,0,0,17,,,,
058145,0,0,0,-198,,,,
058146,0,0,0,11,,,,
058147,0,0,0,-19,,,,
058148,0,0,0,49,,,,
058149,0,0,0,19,,,,
058150,0,0,0,12,,,,
058152,0,0,0,22,,,,
058153,0,0,0,15,,,,
058154,0,0,0,-6,,,,
058156,0,0,0,-312,,,,
058158,0,0,0,100,,,,
058159,0,0,0,23,,,,
058160,0,0,0,-150,,,,
058161,0,0,0,-266,,,,
058165,0,0,0,1182,,,,
058166,0,0,0,93,,,,
058167,0,0,0,-4,,,,
058168,0,0,0,97,,,,
058169,0,0,0,-147,,,,
05816U,0,0,0,1,,,,
058170,0,0,0,-1049,,,,
058177,0,0,0,-7,,,,
058178,0,0,0,23,,,,
058180,0,0,0,0,,,,
058182,0,0,0,59,,,,
058184,0,0,0,80,,,,
058185,0,0,0,1,,,,
058186,0,0,0,6,,,,
058187,0,0,0,8,,,,
058189,0,0,0,-55,,,,
058191,0,0,0,12,,,,
058192,0,0,0,-373,,,,
058193,0,0,0,-78,,,,
058194,0,0,0,-684,,,,
058197,0,0,0,-506,,,,
058198,0,0,0,-103,,,,
058199,0,0,0,12,,,,
058200,0,0,0,37,,,,
058202,0,0,0,-141,,,,
058203,0,0,0,-1,,,,
058204,0,0,0,145,,,,
058209,0,0,0,-50,,,,
058212,0,0,0,10,,,,
058213,0,0,0,60,,,,
058214,0,0,0,52,,,,
058217,0,0,0,3,,,,
058219,0,0,0,-534,,,,
058221,0,0,0,-372,,,,
058223,0,0,0,191,,,,
058226,0,0,0,-32,,,,
058227,0,0,0,726,,,,
058228,0,0,0,2,,,,
058235,0,0,0,34,,,,
058237,0,0,0,0,,,,
058238,0,0,0,-35,,,,
058239,0,0,0,-15,,,,
058241,0,0,0,-36,,,,
058242,0,0,0,56,,,,
058243,0,0,0,-108,,,,
058244,0,0,0,-323,,,,
058245,0,0,0,-321,,,,
058246,0,0,0,-29,,,,
058247,0,0,0,-82,,,,
058249,0,0,0,12,,,,
058251,0,0,0,27,,,,
058252,0,0,0,0,,,,
058254,0,0,0,25,,,,
058255,0,0,0,20,,,,
058256,0,0,0,-4,,,,
058258,0,0,0,2,,,,
058259,0,0,0,-138,,,,
058261,0,0,0,-15,,,,
058263,0,0,0,76,,,,
058270,0,0,0,6,,,,
058272,0,0,0,-93,,,,
058274,0,0,0,-23,,,,
058275,0,0,0,-30,,,,
058276,0,0,0,-15,,,,
058278,0,0,0,-93,,,,
058279,0,0,0,-34,,,,
058280,0,0,0,-80,,,,
058281,0,0,0,-36,,,,
058282,0,0,0,-154,,,,
058284,0,0,0,9,,,,
058285,0,0,0,-35,,,,
058286,0,0,0,-54,,,,
058287,0,0,0,-79,,,,
058289,0,0,0,-108,,,,
058291,0,0,0,-21,,,,
058292,0,0,0,-70,,,,
058293,0,0,0,15,,,,
058294,0,0,0,-73,,,,
058295,0,0,0,-227,,,,
058296,0,0,0,1151,,,,
058297,0,0,0,102,,,,
058298,0,0,0,-20,,,,
058299,0,0,0,29,,,,
058300,0,0,0,-48,,,,
058302,0,0,0,79,,,,
058303,0,0,0,-5,,,,
058304,0,0,0,-84,,,,
058305,0,0,0,-10,,,,
058306,0,0,0,25,,,,
058309,0,0,0,83,,,,
058310,0,0,0,119,,,,
058311,0,0,0,-461,,,,
058312,0,0,0,-16,,,,
058313,0,0,0,-22,,,,
058315,0,0,0,62,,,,
058317,0,0,0,-259,,,,
058320,0,0,0,70,,,,
058321,0,0,0,22,,,,
058322,0,0,0,1103,,,,
058323,0,0,0,-158,,,,
058324,0,0,0,224,,,,
058325,0,0,0,14,,,,
058326,0,0,0,-431,,,,
058327,0,0,0,-262,,,,
058328,0,0,0,-45,,,,
058329,0,0,0,-72,,,,
058331,0,0,0,-532,,,,
058332,0,0,0,0,,,,
058333,0,0,0,26,,,,
058334,0,0,0,89,,,,
058335,0,0,0,30,,,,
058336,0,0,0,28,,,,
058338,0,0,0,73,,,,
058339,0,0,0,35,,,,
058342,0,0,0,-2,,,,
058343,0,0,0,-22,,,,
058345,0,0,0,-134,,,,
058346,0,0,0,16,,,,
058347,0,0,0,-87,,,,
058351,0,0,0,-44,,,,
058353,0,0,0,-35,,,,
058356,0,0,0,3,,,,
058357,0,0,0,-40,,,,
058358,0,0,0,0,,,,
058359,0,0,0,-22,,,,
058360,0,0,0,-37,,,,
058361,0,0,0,-77,,,,
058362,0,0,0,-48,,,,
058365,0,0,0,-49,,,,
058366,0,0,0,32,,,,
058368,0,0,0,14,,,,
058370,0,0,0,95,,,,
058372,0,0,0,0,,,,
058373,0,0,0,-27,,,,
058374,0,0,0,-10,,,,
058375,0,0,0,8,,,,
058376,0,0,0,-39,,,,
058382,0,0,0,-99,,,,
058383,0,0,0,27,,,,
058384,0,0,0,-5,,,,
058385,0,0,0,-8,,,,
058388,0,0,0,21,,,,
058392,0,0,0,-180,,,,
058394,0,0,0,3,,,,
058395,0,0,0,-20,,,,
058396,0,0,0,-30,,,,
058397,0,0,0,-76,,,,
058398,0,0,0,446,,,,
058399,0,0,0,-84,,,,
05839U,0,0,0,-270,,,,
058400,0,0,0,0,,,,
058401,0,0,0,5,,,,
058402,9,0,0,-9,,,,
058403,0,0,0,171,,,,
058406,0,0,0,-204,,,,
058408,0,0,0,-9,,,,
058409,0,0,0,18,,,,
058410,0,0,0,186,,,,
058411,0,0,0,6,,,,
058412,0,0,0,89,,,,
058414,0,0,0,6,,,,
058415,0,0,0,200,,,,
058416,0,0,0,-28,,,,
058417,0,0,0,-9,,,,
058418,0,0,0,74,,,,
058420,0,0,0,-441,,,,
058421,0,0,0,85,,,,
058422,0,0,0,100,,,,
058423,0,0,0,-26,,,,
058425,0,0,0,-5,,,,
058428,0,0,0,-17,,,,
058430,0,0,0,-251,,,,
058431,0,0,0,261,,,,
058432,0,0,0,-8,,,,
058433,0,0,0,41,,,,
058435,0,0,0,391,,,,
058436,0,0,0,304,,,,
058437,0,0,0,240,,,,
058439,0,0,0,12,,,,
058440,0,0,0,22,,,,
058441,0,0,0,11,,,,
058442,0,0,0,79,,,,
058443,0,0,0,6,,,,
058444,0,0,0,-21,,,,
058445,0,0,0,-1,,,,
058446,0,0,0,46,,,,
058447,0,0,0,5,,,,
058448,0,0,0,109,,,,
058451,0,0,0,3,,,,
058452,0,0,0,-17,,,,
058453,0,0,0,5,,,,
058454,0,0,0,10,,,,
058456,0,0,0,-126,,,,
058458,0,0,0,3,,,,
058459,0,0,0,84,,,,
058462,0,0,0,10,,,,
058463,0,0,0,-31,,,,
058464,0,0,0,-54,,,,
058466,0,0,0,-117,,,,
058467,0,0,0,-1178,,,,
058468,0,0,0,-1503,,,,
058469,0,0,0,-138,,,,
058470,0,0,0,-12,,,,
058471,0,0,0,-10,,,,
058472,0,0,0,-31,,,,
058473,0,0,0,-40,,,,
058474,0,0,0,-35,,,,
058477,0,0,0,-323,,,,
058478,0,0,0,-70,,,,
058481,0,0,0,1,,,,
058482,0,0,0,-89,,,,
058483,0,0,0,-4,,,,
058488,0,0,0,1,,,,
058489,0,0,0,-3,,,,
058492,0,0,0,77,,,,
058493,0,0,0,-174,,,,
058495,0,0,0,-70,,,,
058496,0,0,0,-71,,,,
058497,0,0,0,-7,,,,
058498,0,0,0,-1,,,,
058499,0,0,0,5,,,,
058500,0,0,0,-2,,,,
058501,0,0,0,-5,,,,
058502,0,0,0,-81,,,,
058503,0,0,0,-76,,,,
058504,0,0,0,15,,,,
058507,0,0,0,0,,,,
058508,0,0,0,0,,,,
058509,0,0,0,22,,,,
058510,0,0,0,-1237,,,,
058511,0,0,0,0,,,,
058512,0,0,0,30,,,,
058513,0,0,0,52,,,,
058514,0,0,0,-311,,,,
058515,0,0,0,-207,,,,
058516,0,0,0,-6,,,,
058518,0,0,0,-1,,,,
058519,0,0,0,-372,,,,
058520,0,0,0,-90,,,,
058521,0,0,0,-198,,,,
058524,0,0,0,-59,,,,
058525,0,0,0,-183,,,,
058526,0,0,0,52,,,,
058527,0,0,0,-147,,,,
058528,0,0,0,60,,,,
058529,0,0,0,0,,,,
058530,0,0,0,5,,,,
058532,0,0,0,-140,,,,
058533,0,0,0,100,,,,
058534,0,0,0,12,,,,
058535,0,0,0,-27,,,,
058536,0,0,0,13,,,,
058537,0,0,0,41,,,,
058538,0,0,0,404,,,,
058539,0,0,0,-2,,,,
058540,0,0,0,-15,,,,
058541,0,0,0,-176,,,,
058542,0,0,0,-30,,,,
058543,0,0,0,-10,,,,
058544,0,0,0,-199,,,,
058545,0,0,0,-596,,,,
058546,0,0,0,21,,,,
058547,0,0,0,-68,,,,
058548,0,0,0,-20,,,,
058549,0,0,0,-92,,,,
05854U,0,0,0,-153,,,,
058552,0,0,0,-28,,,,
058553,0,0,0,58,,,,
058555,0,0,0,-77,,,,
058556,0,0,0,0,,,,
058557,0,0,0,121,,,,
058558,0,0,0,20,,,,
058559,0,0,0,72,,,,
058560,0,0,0,-5,,,,
058562,0,0,0,-133,,,,
058563,0,0,0,18,,,,
058564,0,0,0,-19,,,,
058565,0,0,0,50,,,,
058566,0,0,0,-200,,,,
058567,0,0,0,26,,,,
058569,0,0,0,65,,,,
058570,0,0,0,54,,,,
058571,0,0,0,24,,,,
058572,0,0,0,-15,,,,
058573,0,0,0,0,,,,
058574,0,0,0,-78,,,,
058577,0,0,0,-459,,,,
058580,0,0,0,3,,,,
058581,0,0,0,-116,,,,
058582,0,0,0,-10,,,,
058583,0,0,0,15,,,,
058585,0,0,0,-1,,,,
058586,0,0,0,10,,,,
058588,0,0,0,0,,,,
058589,0,0,0,129,,,,
058590,0,0,0,101,,,,
058591,0,0,0,-10,,,,
058593,0,0,0,0,,,,
058595,0,0,0,15,,,,
058596,0,0,0,32,,,,
058597,0,0,0,0,,,,
058598,0,0,0,131,,,,
058599,0,0,0,44,,,,
058600,0,0,0,21,,,,
058601,0,0,0,0,,,,
058602,0,0,0,-929,,,,
058603,0,0,0,61,,,,
058604,0,0,0,-35,,,,
058606,0,0,0,-30,,,,
058608,0,0,0,-185,,,,
058610,0,0,0,-215,,,,
058612,0,0,0,-88,,,,
058613,0,0,0,-21,,,,
058616,0,0,0,-1,,,,
058617,0,0,0,-1,,,,
058619,0,0,0,942,,,,
058620,0,0,0,80,,,,
058621,0,0,0,89,,,,
058623,0,0,0,-83,,,,
058625,0,0,0,-72,,,,
058629,0,0,0,-7,,,,
058630,0,0,0,-6,,,,
058631,0,0,0,28,,,,
058633,0,0,0,-9,,,,
058634,0,0,0,314,,,,
058636,0,0,0,-590,,,,
058637,0,0,0,-154,,,,
058638,0,0,0,-1615,,,,
058640,0,0,0,133,,,,
058641,0,0,0,-235,,,,
058644,0,0,0,10,,,,
058646,0,0,0,439,,,,
058647,0,0,0,-296,,,,
058648,0,0,0,-426,,,,
058649,0,0,0,111,,,,
058651,0,0,0,365,,,,
058652,0,0,0,50,,,,
058653,0,0,0,270,,,,
058654,0,0,0,-57,,,,
058655,0,0,0,-59,,,,
058657,0,0,0,-20,,,,
058658,0,0,0,-85,,,,
058659,0,0,0,-2,,,,
058660,0,0,0,92,,,,
058661,0,0,0,-272,,,,
058662,0,0,0,48,,,,
058663,0,0,0,139,,,,
058664,0,0,0,-183,,,,
058665,0,0,0,69,,,,
058666,0,0,0,493,,,,
058667,0,0,0,242,,,,
058668,0,0,0,20,,,,
058669,0,0,0,97,,,,
058670,0,0,0,218,,,,
058671,2,0,0,20,,,,
058672,0,0,0,-64,,,,
058673,0,0,0,-8,,,,
058676,0,0,0,105,,,,
058677,0,0,0,23,,,,
058679,0,0,0,3,,,,
058683,0,0,0,-15,,,,
058685,0,0,0,-2,,,,
058687,0,0,0,62,,,,
058688,0,0,0,58,,,,
058689,0,0,0,25,,,,
058690,0,0,0,36,,,,
058691,0,0,0,65,,,,
058694,0,0,0,-155,,,,
058696,0,0,0,-47,,,,
058697,0,0,0,-5,,,,
058698,0,0,0,-5,,,,
058699,0,0,0,-100,,,,
058701,0,0,0,178,,,,
058702,0,0,0,80,,,,
058703,0,0,0,127,,,,
058708,0,0,0,-14,,,,
058709,0,0,0,30,,,,
058710,0,0,0,-28,,,,
058711,0,0,0,1,,,,
058712,0,0,0,0,,,,
058714,0,0,0,-71,,,,
058716,0,0,0,-1,,,,
058717,0,0,0,16,,,,
058718,0,0,0,45,,,,
058719,0,0,0,-10,,,,
058720,0,0,0,71,,,,
058721,0,0,0,137,,,,
058722,0,0,0,42,,,,
058723,0,0,0,-2,,,,
058724,0,0,0,13,,,,
058729,0,0,0,-46,,,,
058730,0,0,0,-25,,,,
058731,0,0,0,16,,,,
058732,0,0,0,3,,,,
058733,0,0,0,0,,,,
058734,0,0,0,-322,,,,
058736,0,0,0,-33,,,,
058737,0,0,0,8,,,,
058738,0,0,0,-49,,,,
05873U,0,0,0,6,,,,
058741,0,0,0,-265,,,,
058742,0,0,0,47,,,,
058744,0,0,0,-53,,,,
058745,0,0,0,-89,,,,
058747,0,0,0,16,,,,
058748,0,0,0,19,,,,
058749,0,0,0,31,,,,
058750,0,0,0,8,,,,
058751,0,0,0,7,,,,
058752,0,0,0,-25,,,,
058753,0,0,0,-47,,,,
058754,0,0,0,17,,,,
058755,0,0,0,-15,,,,
058756,0,0,0,-73,,,,
058757,0,0,0,-348,,,,
058758,0,0,0,32,,,,
058759,0,0,0,-4,,,,
058760,0,0,0,-10,,,,
058761,0,0,0,101,,,,
058762,0,0,0,-35,,,,
058763,0,0,0,-1003,,,,
058764,0,0,0,-14,,,,
058765,0,0,0,-71,,,,
058766,0,0,0,-153,,,,
058767,0,0,0,47,,,,
058768,0,0,0,-176,,,,
058769,0,0,0,-73,,,,
058770,0,0,0,-95,,,,
058771,0,0,0,-49,,,,
058772,0,0,0,-5,,,,
058775,0,0,0,-20,,,,
058776,0,0,0,-20,,,,
058777,0,0,0,57,,,,
058778,0,0,0,15,,,,
058779,0,0,0,-91,,,,
058780,0,0,0,43,,,,
058781,0,0,0,-20,,,,
058782,0,0,0,232,,,,
058784,0,0,0,-5,,,,
058786,0,0,0,10,,,,
058787,0,0,0,-30,,,,
058788,0,0,0,7,,,,
058790,0,0,0,0,,,,
058791,0,0,0,-8,,,,
058793,0,0,0,-73,,,,
058796,0,0,0,-22,,,,
058797,0,0,0,109,,,,
058799,0,0,0,0,,,,
058800,0,0,0,-2,,,,
058801,0,0,0,-176,,,,
058802,0,0,0,0,,,,
058804,0,0,0,15,,,,
058805,0,0,0,0,,,,
058806,0,0,0,2,,,,
058811,0,0,0,-22,,,,
058812,0,0,0,-13,,,,
058813,0,0,0,-320,,,,
058814,0,0,0,34,,,,
058815,0,0,0,-30,,,,
058816,0,0,0,17,,,,
058820,0,0,0,10,,,,
058823,0,0,0,0,,,,
058825,0,0,0,-8,,,,
058826,0,0,0,-35,,,,
058828,0,0,0,-63,,,,
05882U,0,0,0,-2,,,,
058830,0,0,0,-550,,,,
058833,0,0,0,-50,,,,
058834,0,0,0,102,,,,
058836,0,0,0,-40,,,,
058837,0,0,0,-38,,,,
058839,0,0,0,22,,,,
058840,0,0,0,-1,,,,
058843,0,0,0,-20,,,,
058845,0,0,0,-70,,,,
058846,0,0,0,-10,,,,
058848,0,0,0,-213,,,,
058849,0,0,0,24,,,,
058851,0,0,0,192,,,,
058853,0,0,0,106,,,,
058854,0,0,0,-181,,,,
058855,0,0,0,106,,,,
058856,0,0,0,1,,,,
058857,0,0,0,-41,,,,
058859,0,0,0,47,,,,
058860,0,0,0,4,,,,
058862,0,0,0,-40,,,,
058863,0,0,0,-93,,,,
058866,0,0,0,-20,,,,
058867,0,0,0,-413,,,,
058868,0,0,0,-93,,,,
058869,0,0,0,28,,,,
058870,0,0,0,28,,,,
058871,0,0,0,-99,,,,
058872,0,0,0,12,,,,
058873,0,0,0,-72,,,,
058874,0,0,0,0,,,,
058875,0,0,0,63,,,,
058876,0,0,0,122,,,,
058877,0,0,0,-5,,,,
058878,0,0,0,0,,,,
058879,0,0,0,-28,,,,
058880,0,0,0,-94,,,,
058881,0,0,0,-1,,,,
058883,0,0,0,-249,,,,
058887,0,0,0,-73,,,,
058888,0,0,0,-64,,,,
058889,0,0,0,19,,,,
058890,0,0,0,-98,,,,
058891,0,0,0,-747,,,,
058892,0,0,0,415,,,,
058893,0,0,0,1163,,,,
058894,0,0,0,-42,,,,
058895,0,0,0,250,,,,
058897,0,0,0,-5,,,,
058898,0,0,0,0,,,,
058899,0,0,0,-6,,,,
058900,0,0,0,-5,,,,
058901,0,0,0,-70,,,,
058902,0,0,0,471,,,,
058903,0,0,0,0,,,,
058904,0,0,0,18,,,,
058905,0,0,0,-46,,,,
058906,0,0,0,-10,,,,
058907,0,0,0,-234,,,,
058908,0,0,0,-184,,,,
058909,0,0,0,47,,,,
058910,0,0,0,32,,,,
058911,0,0,0,1252,,,,
058912,0,0,0,10,,,,
058913,0,0,0,0,,,,
058914,0,0,0,49,,,,
058915,0,0,0,-4,,,,
058916,0,0,0,-14,,,,
058919,0,0,0,-116,,,,
058921,0,0,0,-101,,,,
058923,0,0,0,-77,,,,
058924,0,0,0,-20,,,,
058925,0,0,0,-394,,,,
058926,0,0,0,20,,,,
058927,0,0,0,-200,,,,
058928,0,0,0,110,,,,
058929,0,0,0,-101,,,,
058930,0,0,0,-417,,,,
058932,0,0,0,-77,,,,
058935,0,0,0,-13,,,,
058936,0,0,0,-28,,,,
058937,0,0,0,70,,,,
058939,0,0,0,32,,,,
058940,0,0,0,-295,,,,
058941,0,0,0,-34,,,,
058942,0,0,0,-30,,,,
058943,0,0,0,-209,,,,
058944,0,0,0,-27,,,,
058945,0,0,0,-150,,,,
058948,0,0,0,0,,,,
058949,0,0,0,8,,,,
058950,0,0,0,-56,,,,
058951,0,0,0,-3,,,,
058952,0,0,0,-133,,,,
058954,0,0,0,-21,,,,
058955,0,0,0,7,,,,
058956,0,0,0,-1102,,,,
058957,0,0,0,-1429,,,,
058959,0,0,0,11,,,,
058960,0,0,0,-98,,,,
058961,0,0,0,57,,,,
058962,0,0,0,-1565,,,,
058963,0,0,0,-56,,,,
058964,0,0,0,433,,,,
058965,0,0,0,-4,,,,
058967,0,0,0,-584,,,,
058972,0,0,0,-1,,,,
058973,0,0,0,-28,,,,
058975,0,0,0,-27,,,,
058979,0,0,0,-304,,,,
05897U,0,0,0,-115,,,,
058980,0,0,0,0,,,,
058981,0,0,0,-2,,,,
058982,0,0,0,0,,,,
058984,0,0,0,-2,,,,
058985,0,0,0,196,,,,
058986,0,0,0,-5,,,,
058988,0,0,0,-112,,,,
058989,0,0,0,-3,,,,
058990,0,0,0,-6,,,,
058992,0,0,0,-10,,,,
058993,0,0,0,0,,,,
058994,0,0,0,0,,,,
058995,0,0,0,-192,,,,
058996,0,0,0,-165,,,,
058998,0,0,0,-10,,,,
058999,0,0,0,-182,,,,
059002,0,0,0,-94,,,,
059004,0,0,0,-25,,,,
059005,0,0,0,-30,,,,
059006,0,0,0,-42,,,,
059007,0,0,0,-63,,,,
059008,0,0,0,-116,,,,
059010,0,0,0,-326,,,,
059011,0,0,0,-17,,,,
059013,0,0,0,-4,,,,
059018,0,0,0,-22,,,,
059019,0,0,0,-2,,,,
05901U,0,0,0,3,,,,
059020,0,0,0,-20,,,,
059022,0,0,0,-72,,,,
059023,0,0,0,-23,,,,
059025,0,0,0,-9,,,,
059027,0,0,0,-70,,,,
059029,0,0,0,-2,,,,
059030,0,0,0,-3,,,,
059031,0,0,0,-30,,,,
059032,0,0,0,0,,,,
059034,0,0,0,-1,,,,
059036,0,0,0,-4,,,,
059039,0,0,0,5,,,,
05903U,0,0,20,-20,,,,
059041,0,0,0,0,,,,
059044,0,0,0,-1,,,,
059045,0,0,0,-255,,,,
059046,0,0,0,-281,,,,
059047,0,0,0,-18,,,,
059052,0,0,0,381,,,,
059053,0,0,0,-67,,,,
059054,0,0,0,12,,,,
059058,0,0,0,-149,,,,
059059,0,0,0,-32,,,,
059060,0,0,0,-65,,,,
059062,0,0,0,-847,,,,
059063,0,0,0,-20,,,,
059064,0,0,0,-25,,,,
059066,0,0,0,-26,,,,
059067,0,0,0,-30,,,,
059068,0,0,0,-95,,,,
059069,0,0,0,-8,,,,
059070,0,0,0,-10,,,,
059072,0,0,0,-2,,,,
059073,0,0,0,-6,,,,
059076,0,0,0,-1,,,,
059079,0,0,0,-83,,,,
059080,0,0,0,-440,,,,
059082,0,0,0,-627,,,,
059083,0,0,0,-18,,,,
059084,0,0,0,-5,,,,
059085,0,0,0,-42,,,,
059088,0,0,0,-11,,,,
059089,0,0,0,0,,,,
059090,0,0,0,-2,,,,
059094,0,0,0,-99,,,,
059095,0,0,0,-168,,,,
059096,0,0,0,-100,,,,
059097,0,0,0,-3,,,,
059100,0,0,0,11,,,,
059102,0,0,0,0,,,,
059105,0,0,0,-28,,,,
059106,0,0,0,-36,,,,
059107,0,0,0,-19,,,,
059109,0,0,0,-2,,,,
059112,0,0,0,-103,,,,
059114,0,0,0,-8,,,,
059116,0,0,0,0,,,,
059117,0,0,0,-18,,,,
059119,0,0,0,-111,,,,
059120,0,0,0,230,,,,
059121,0,0,0,130,,,,
059124,0,0,0,-6,,,,
059125,0,0,0,-107,,,,
059128,0,0,0,68,,,,
059130,0,0,0,-89,,,,
059131,0,0,0,-8,,,,
059135,0,0,0,-404,,,,
059137,0,0,0,-12,,,,
059141,0,0,0,-2,,,,
059142,0,0,0,-301,,,,
059143,0,0,0,0,,,,
059144,0,0,0,-126,,,,
059145,0,0,0,-30,,,,
059146,0,0,0,-31,,,,
059147,0,0,0,5,,,,
059148,0,0,0,-4,,,,
059150,0,0,0,-78,,,,
059151,0,0,0,0,,,,
059155,0,0,0,-59,,,,
059156,0,0,0,-16,,,,
059157,0,0,0,-3,,,,
059158,0,0,0,-10,,,,
059159,0,0,0,-65,,,,
059160,0,0,0,-2,,,,
059161,0,0,0,-39,,,,
059162,0,0,0,-39,,,,
059163,0,0,0,-130,,,,
059166,0,0,0,-145,,,,
059167,0,0,0,-5,,,,
059169,0,0,0,-110,,,,
059170,0,0,0,-31,,,,
059171,0,0,0,-152,,,,
059172,0,0,0,-146,,,,
059174,0,0,0,0,,,,
059175,0,0,0,-3,,,,
059176,0,0,0,0,,,,
059177,0,0,0,93,,,,
059178,0,0,0,-17,,,,
059179,0,0,0,-120,,,,
059180,0,0,0,-157,,,,
059181,0,0,0,-70,,,,
059182,0,0,0,-70,,,,
059184,0,0,0,500,,,,
059186,0,0,0,0,,,,
059187,0,0,0,25,,,,
059188,0,0,0,-288,,,,
059189,0,0,0,-253,,,,
059190,0,0,0,-195,,,,
059192,0,0,0,-51,,,,
059193,0,0,0,-10,,,,
059195,0,0,0,-1326,,,,
059196,0,0,0,-251,,,,
059197,0,0,0,-10,,,,
059198,0,0,0,170,,,,
059199,0,0,0,5,,,,
059200,0,0,0,17,,,,
059201,0,0,0,-24,,,,
059203,0,0,0,100,,,,
059204,0,0,0,-223,,,,
059205,0,0,0,10,,,,
059206,0,0,0,-128,,,,
059207,0,0,0,-48,,,,
059208,0,0,0,-6,,,,
059209,0,0,0,-71,,,,
059210,0,0,0,-157,,,,
059211,0,0,0,0,,,,
059212,0,0,0,136,,,,
059214,0,0,0,-12,,,,
059215,0,0,0,-22,,,,
059216,0,0,0,-4,,,,
059217,0,0,0,-868,,,,
059218,0,0,0,-296,,,,
059223,0,0,0,-5,,,,
059225,0,0,0,-23,,,,
059226,0,0,0,-903,,,,
059229,0,0,0,-15,,,,
059234,0,0,0,-104,,,,
059236,0,0,0,-29,,,,
059237,0,0,0,-5,,,,
059239,0,0,0,-20,,,,
059240,0,0,0,-6,,,,
059241,0,0,0,-219,,,,
059245,0,0,0,103,,,,
059250,0,0,0,-66,,,,
059251,0,0,0,-100,,,,
059252,0,0,0,-30,,,,
059255,0,0,0,-14,,,,
059256,0,0,0,-5,,,,
059258,0,0,0,-10,,,,
059260,0,0,0,-283,,,,
059263,0,0,0,-703,,,,
059264,0,0,0,-30,,,,
059265,0,0,0,-257,,,,
059266,0,0,0,-217,,,,
059267,0,0,0,-8,,,,
059272,0,0,0,-8,,,,
059273,0,0,0,-63,,,,
059274,0,0,0,-52,,,,
059275,0,0,0,-103,,,,
059277,0,0,0,-2,,,,
059278,0,0,0,-23,,,,
059280,0,0,0,-50,,,,
059281,0,0,0,-99,,,,
059282,0,0,0,-580,,,,
059283,0,0,0,-104,,,,
059284,0,0,0,-2,,,,
059285,0,0,0,-2,,,,
059286,0,0,0,-10,,,,
059287,0,0,0,-11,,,,
059291,0,0,0,-212,,,,
059297,0,0,0,-443,,,,
059298,0,0,0,-980,,,,
059301,0,0,0,-10,,,,
059303,0,0,0,-10,,,,
059311,0,0,0,-15,,,,
059312,0,0,0,-20,,,,
059313,0,0,0,-71,,,,
059314,0,0,0,-6,,,,
059315,0,0,0,-10,,,,
059316,0,0,0,-155,,,,
059318,0,0,0,-24,,,,
059319,0,0,0,-26,,,,
059321,0,0,0,-5,,,,
059324,0,0,0,-20,,,,
059325,0,0,0,-32,,,,
059335,0,0,0,-1,,,,
059337,0,0,0,-6,,,,
059338,0,0,0,-36,,,,
059339,0,0,0,-575,,,,
059342,0,0,0,-10,,,,
059345,0,0,0,-8,,,,
059355,0,0,0,-30,,,,
059360,0,0,0,-169,,,,
059365,0,0,0,-201,,,,
059397,0,0,0,-100,,,,
05946U,0,0,0,-3,,,,
059600,0,0,0,-2,,,,
059622,0,0,0,0,,,,
059623,0,0,0,37,,,,
05962U,0,0,0,576,,,,
05970U,0,0,0,-10,,,,
05980U,0,0,0,99,,,,
05985U,0,0,0,-96,,,,
06005U,0,0,0,50,,,,
06013U,0,0,0,1038,,,,
06023U,0,0,0,2,,,,
060325,0,0,0,-2188,,,,
06049U,0,0,0,74,,,,
060703,0,0,0,1,,,,
06079U,0,0,0,-119,,,,
060964,0,0,0,1,,,,
06106U,0,0,0,199,,,,
06119U,0,0,0,0,,,,
06127U,0,0,0,-59,,,,
061318,0,0,0,10,,,,
06131U,0,0,0,3,,,,
06134U,0,0,0,-10,,,,
06135U,0,0,0,-50,,,,
06136U,0,0,0,-148,,,,
061431,0,0,0,-12,,,,
061519,0,0,0,150,,,,
06168U,0,0,0,2,,,,
06174U,0,0,0,50,,,,
06177P,0,0,0,-499,,,,
06196U,0,0,0,-2,,,,
06201U,0,0,0,-5,,,,
06207U,0,0,0,-78,,,,
06211U,0,0,0,-68,,,,
06212U,0,0,0,-480,,,,
06222U,0,0,0,-70,,,,
06226U,0,0,0,-35,,,,
06235U,0,0,0,12,,,,
062452,0,0,0,4,,,,
062490,0,0,0,286,,,,
06268U,0,0,0,0,,,,
06269U,0,0,0,-20,,,,
06285U,0,0,0,3,,,,
062868,0,0,0,13,,,,
06286U,0,0,0,30,,,,
06295U,0,0,0,-230,,,,
06301U,0,0,0,-102,,,,
06306U,0,0,0,5,,,,
063174,0,0,0,0,,,,
06320U,0,0,0,1,,,,
063214,0,0,0,-510,,,,
063216,0,0,0,-102,,,,
063283,0,0,0,-100,,,,
063284,0,0,0,12,,,,
06328U,0,0,0,10,,,,
06329U,0,0,0,-8,,,,
06330U,0,0,0,7,,,,
06337U,0,0,0,-1,,,,
06347U,0,0,0,-499,,,,
06348U,0,0,0,-29,,,,
063708,0,0,0,-10,,,,
063712,0,0,0,734,,,,
06373U,0,0,0,-43,,,,
063760,0,0,0,-114,,,,
06386U,0,0,0,-9,,,,
063963,0,0,0,-343,,,,
06396U,0,0,0,10,,,,
064014,0,0,0,-5,,,,
06418U,0,0,0,-589,,,,
06419U,0,0,0,-135,,,,
06420U,0,0,0,-1,,,,
06431U,0,0,0,-20,,,,
06436U,0,0,0,-525,,,,
06438U,0,0,0,-20,,,,
06443U,0,0,0,172,,,,
06459U,0,0,0,-235,,,,
064608,0,0,0,114,,,,
06464U,0,0,0,-268,,,,
06469U,0,0,0,41,,,,
064767,0,0,0,-10,,,,
064769,0,0,0,40,,,,
06478U,0,0,0,-216,,,,
06492U,0,0,0,-420,,,,
06497U,0,0,0,20,,,,
064987,0,0,0,-300,,,,
06506U,0,0,0,-31,,,,
06512U,0,0,0,-100,,,,
06516U,0,0,0,1,,,,
065263,0,0,0,1,,,,
06526U,0,0,0,90,,,,
06529U,0,0,0,-1,,,,
065338,0,0,0,-11,,,,
06540U,0,0,0,-20,,,,
06550U,0,0,0,0,,,,
06553U,0,0,0,-1,,,,
06558U,0,0,0,0,,,,
06567U,0,0,0,-1,,,,
06569U,0,0,0,1,,,,
06571U,0,0,0,0,,,,
06580U,0,0,0,15,,,,
06581U,0,0,0,-2,,,,
06599U,0,0,0,-30,,,,
06607U,0,0,0,190,,,,
066097,0,0,0,-13,,,,
066141,0,0,0,48,,,,
06616U,0,0,58,0,,,,
06625U,0,0,0,-10,,,,
06632U,0,0,0,1,,,,
06638U,0,0,0,-170,,,,
066420,0,0,0,-8,,,,
066423,0,0,0,93,,,,
066429,0,0,0,171,,,,
066435,0,0,0,-82,,,,
066538,0,0,0,6,,,,
06653U,0,0,0,-165,,,,
066574,0,0,0,-40,,,,
066578,0,0,0,10,,,,
066630,0,0,0,10,,,,
066740,0,0,0,-550,,,,
06679U,0,0,0,-7,,,,
066852,0,0,0,-35,,,,
066871,0,0,0,69,,,,
06689U,0,0,0,-15,,,,
066949,0,0,0,-10,,,,
06696U,0,0,0,-80,,,,
06699U,0,0,0,15,,,,
06700U,0,0,0,-5,,,,
067020,0,0,0,-337,,,,
067027,0,0,0,2,,,,
067060,0,0,0,54,,,,
06708U,0,0,300,0,,,,
06711U,0,0,0,10,,,,
06712U,0,0,0,-1,,,,
06716U,0,0,0,-2,,,,
06718U,0,0,0,314,,,,
06719U,0,0,0,0,,,,
06721U,0,0,0,1,,,,
06728U,0,0,0,-20,,,,
06739U,0,0,0,104,,,,
06748U,0,0,0,-889,,,,
067589,0,0,0,-16,,,,
06764U,0,0,0,14,,,,
06769U,0,0,0,-127,,,,
06776U,0,0,0,-59,,,,
06778P,0,0,0,117,,,,
067895,0,0,0,0,,,,
067896,0,0,0,-11,,,,
067897,0,0,0,436,,,,
067898,0,0,0,228,,,,
06792U,0,0,0,0,,,,
06798U,0,0,0,-20,,,,
068055,0,0,0,0,,,,
068056,0,0,0,0,,,,
06811U,0,0,0,20,,,,
068149,0,0,0,68,,,,
068172,0,0,0,35,,,,
068173,0,0,0,20,,,,
06819U,0,0,0,2,,,,
06822U,0,0,0,-20,,,,
06829U,0,0,0,-55,,,,
068344,0,0,0,142,,,,
068381,0,0,0,205,,,,
068382,0,0,0,26,,,,
068386,0,0,0,80,,,,
068388,0,0,0,-10,,,,
068391,0,0,0,110,,,,
068393,0,0,0,-1,,,,
068399,0,0,0,-10,,,,
068404,0,0,0,-3,,,,
068408,0,0,0,30,,,,
068409,0,0,0,0,,,,
06851U,0,0,0,-200,,,,
06860U,0,0,0,-10,,,,
068647,0,0,0,-317,,,,
068672,0,0,0,-5,,,,
068696,0,0,0,10,,,,
06871U,0,0,0,-200,,,,
06880U,0,0,0,28,,,,
068831,0,0,0,-10,,,,
068836,0,0,0,-79,,,,
068850,0,0,0,556,,,,
06886U,0,0,0,1,,,,
06888U,0,0,0,698,,,,
06893U,0,0,0,80,,,,
06904U,0,0,0,0,,,,
06905U,0,0,0,105,,,,
06907U,0,0,0,-11,,,,
06914U,0,0,0,2,,,,
069185,0,0,0,14,,,,
06920U,0,0,0,-3,,,,
06925U,0,0,0,-5,,,,
06930U,0,0,0,-19,,,,
069339,0,0,0,50,,,,
06934U,0,0,0,95,,,,
06938U,0,0,0,-10,,,,
069391,0,0,0,1289,,,,
06939U,0,0,0,-200,,,,
069402,0,0,0,-10,,,,
06940U,0,0,0,-59,,,,
06941U,0,0,0,60,,,,
06945U,0,0,0,-975,,,,
06946U,0,0,0,1,,,,
06947U,0,0,0,80,,,,
06948U,0,0,0,-3,,,,
06953U,0,0,0,15,,,,
06954U,0,0,0,5,,,,
06956U,0,0,0,-10,,,,
06957U,0,0,0,3,,,,
069583,0,0,0,282,,,,
069586,0,0,0,238,,,,
069593,0,0,0,-10,,,,
069599,0,0,0,-9,,,,
06959U,0,0,0,-151,,,,
069611,0,0,0,105,,,,
069620,0,0,0,9,,,,
06963U,0,0,0,2,,,,
06964U,0,0,0,-20,,,,
06966U,0,0,0,-404,,,,
06969U,0,0,0,-10,,,,
06974U,0,0,0,6,,,,
069799,0,0,0,281,,,,
06981U,0,0,0,-2,,,,
06982U,0,0,0,0,,,,
069834,0,0,0,-879,,,,
06986U,0,0,0,-62,,,,
06988U,0,0,0,2,,,,
06993U,0,0,0,-20,,,,
07001U,0,0,0,-137,,,,
070024,0,0,0,27,,,,
07005U,0,0,0,-1,,,,
07015U,0,0,0,-1,,,,
07016U,0,0,0,-3,,,,
07019U,0,0,0,20,,,,
07020U,0,0,0,-30,,,,
07022U,0,0,0,70,,,,
07024U,0,0,0,-10,,,,
07025U,0,0,0,-37,,,,
07030U,0,0,0,-40,,,,
070404,0,0,0,38,,,,
07040U,0,0,0,-9,,,,
07042U,0,0,0,-6,,,,
07043U,0,0,0,-379,,,,
07046U,0,0,0,300,,,,
07053U,0,0,0,-1,,,,
07057U,0,0,0,0,,,,
07060U,0,0,0,-950,,,,
07063U,0,0,0,-57,,,,
07064U,0,0,0,-32,,,,
070692,0,0,0,160,,,,
070698,0,0,0,28,,,,
07072U,0,0,0,-34,,,,
07073U,0,0,0,20,,,,
07074U,0,0,0,1,,,,
07082U,0,0,0,37,,,,
070844,0,0,0,-44,,,,
07087U,0,0,0,-120,,,,
07102U,0,0,0,46,,,,
071040,0,0,0,-10,,,,
07106U,0,0,0,6,,,,
07109U,0,0,0,-65,,,,
07114U,0,0,0,-29,,,,
07119U,0,0,0,78,,,,
07120U,0,0,0,73,,,,
07124U,0,0,0,-20,,,,
07129U,0,0,0,-32,,,,
071315,0,0,0,-8,,,,
071318,0,0,0,-10,,,,
071329,0,0,0,-10,,,,
071331,0,0,0,2,,,,
071338,0,0,0,-499,,,,
07137U,0,0,0,-26,,,,
07141U,0,0,0,-31,,,,
07149U,0,0,0,15,,,,
07152U,0,0,0,30,,,,
07154U,0,0,0,-88,,,,
07156U,0,0,0,9,,,,
07158U,0,0,0,-11,,,,
07160U,0,0,0,-6,,,,
07161U,0,0,0,-15,,,,
07162U,0,0,0,-266,,,,
07164U,0,0,0,2,,,,
07167U,0,0,0,155,,,,
071722,0,0,0,115,,,,
07173U,0,0,0,17,,,,
071743,0,0,0,-1,,,,
07175U,0,0,0,20,,,,
07184U,0,0,0,-70,,,,
07186U,0,0,0,-10,,,,
07188U,0,0,0,-1,,,,
071891,0,0,0,-1,,,,
071895,0,0,0,-20,,,,
071906,0,0,0,198,,,,
07193U,0,0,0,-51,,,,
07194U,0,0,0,-1,,,,
07195U,0,0,0,-30,,,,
07196U,0,0,0,-1,,,,
07201U,0,0,0,-14,,,,
07202U,0,0,0,-72,,,,
07207U,0,0,0,-1,,,,
07209U,0,0,0,-57,,,,
072120,0,0,0,196,,,,
072121,0,0,0,-6,,,,
072122,0,0,0,-80,,,,
07214U,0,0,0,-5,,,,
07215U,0,0,0,-1,,,,
07225U,0,0,0,23,,,,
072285,0,0,0,-32,,,,
072295,0,0,0,-19,,,,
07232U,0,0,0,-2,,,,
072339,0,0,0,-376,,,,
07242U,0,0,0,450,,,,
07245U,0,0,0,-6,,,,
07246U,0,0,0,-1,,,,
07250U,0,0,0,9,,,,
07251U,0,0,0,102,,,,
07257U,0,0,0,-48,,,,
07258U,0,0,0,0,,,,
07259U,0,0,0,60,,,,
07262U,0,0,0,25,,,,
072633,0,0,0,2,,,,
07268U,0,0,0,133,,,,
07270U,0,0,0,-150,,,,
07271U,0,0,0,68,,,,
07275U,0,0,0,100,,,,
07282U,0,0,0,-1155,,,,
07288U,0,0,0,-2,,,,
07289U,0,0,0,383,,,,
07291U,0,0,0,-326,,,,
07295U,0,0,0,20,,,,
072966,0,0,0,-21,,,,
07296U,0,0,0,-5,,,,
07299U,0,0,0,-1078,,,,
07300U,0,0,0,-52,,,,
07307U,0,0,0,50,,,,
07308U,0,0,0,40,,,,
07312U,0,0,0,9,,,,
07313U,0,0,0,87,,,,
07314U,0,0,0,17,,,,
07315U,0,0,0,1,,,,
07316U,0,0,0,19,,,,
07318U,0,0,0,4,,,,
073328,0,0,0,-222,,,,
073329,0,0,0,-5,,,,
07332U,0,0,0,0,,,,
07339U,0,0,8,0,,,,
07341U,0,0,0,-13,,,,
073441,0,0,0,85,,,,
073455,0,0,0,10,,,,
07360U,0,0,0,293,,,,
07369U,0,0,0,-10,,,,
073708,0,0,0,25,,,,
07370U,0,0,0,100,,,,
07371U,0,0,531,-531,,,,
07372U,0,0,0,199,,,,
073731,0,0,0,-1,,,,
073738,0,0,0,25,,,,
073756,0,0,0,11,,,,
073770,0,0,0,-1,,,,
07377U,0,0,0,2,,,,
07378U,0,0,0,20,,,,
073798,0,0,0,14,,,,
07379U,0,0,0,-1,,,,
07383U,0,0,0,-13,,,,
07385U,0,0,0,-60,,,,
07389U,0,0,0,-3,,,,
07394U,0,0,0,-45,,,,
07397U,0,0,0,-35,,,,
074067,0,0,0,5,,,,
07406U,0,0,0,-12,,,,
07407U,0,0,0,30,,,,
07409U,0,0,0,-125,,,,
07411U,0,0,0,0,,,,
07412U,0,0,0,2,,,,
07416U,0,0,0,-40,,,,
07436U,0,0,0,-40,,,,
07445U,0,0,0,0,,,,
07448U,0,0,0,10,,,,
07453U,0,0,0,-2,,,,
07455U,0,0,0,53,,,,
07456U,0,0,0,-2,,,,
07457U,0,0,0,-6,,,,
07460U,0,0,0,-31,,,,
074623,0,0,0,-30,,,,
07465U,0,0,0,-2,,,,
07473U,0,0,0,-1171,,,,
07487U,0,0,0,-510,,,,
074946,0,0,0,1,,,,
07494U,0,0,0,300,,,,
07499U,0,0,0,80,,,,
07500U,0,0,0,10,,,,
075053,0,0,0,0,,,,
07505U,0,0,0,-15,,,,
07508U,0,0,0,-25,,,,
075108,0,0,0,-1,,,,
075109,0,0,0,88,,,,
07510U,0,0,0,10,,,,
07511U,0,0,0,-43,,,,
07512U,0,0,0,200,,,,
07517U,0,0,0,103,,,,
07522U,0,0,0,-30,,,,
07537U,0,0,0,-6,,,,
07538U,0,0,0,13,,,,
07539U,0,0,0,50,,,,
07540U,0,0,0,-11,,,,
07541U,0,0,0,-100,,,,
07542U,0,0,0,-80,,,,
07546U,0,0,0,5,,,,
07547U,0,0,0,-31,,,,
075505,0,0,0,110,,,,
075507,0,0,0,0,,,,
07550U,0,0,0,-6,,,,
075510,0,0,0,85,,,,
07555U,0,0,0,11,,,,
07557U,0,0,0,24,,,,
07561U,0,0,0,20,,,,
075686,0,0,0,54,,,,
07569U,0,0,0,342,,,,
07572U,0,0,0,2,,,,
075748,0,0,0,10,,,,
07578U,0,0,0,-110,,,,
07583U,0,0,0,65,,,,
07585U,0,0,0,0,,,,
075865,0,0,0,-165,,,,
07586U,0,0,0,0,,,,
07591U,0,0,0,127,,,,
07604U,0,0,0,-202,,,,
07605U,0,0,0,-125,,,,
076073,0,0,0,47,,,,
076075,0,0,0,161,,,,
07607U,0,0,0,12,,,,
07614U,0,0,0,-12,,,,
07615U,0,0,0,5,,,,
07616U,0,0,0,120,,,,
07617U,0,0,0,-5,,,,
07620U,0,0,0,-10,,,,
07621U,0,0,0,390,,,,
07623U,0,0,0,-26,,,,
07625U,0,0,0,-42,,,,
07626U,0,0,0,-5,,,,
07627U,0,0,0,-26,,,,
07628U,0,0,0,-270,,,,
07629U,0,0,0,0,,,,
07630U,0,0,0,5,,,,
076315,0,0,0,200,,,,
07640U,0,0,0,1,,,,
07641U,0,0,0,-9,,,,
07645U,0,0,0,-10,,,,
07647U,0,0,0,-15,,,,
07648U,0,0,0,68,,,,
076504,0,0,0,0,,,,
07653U,0,0,0,-10,,,,
07654U,0,0,0,1,,,,
07662U,0,0,0,-77,,,,
076631,0,0,0,160,,,,
076635,0,0,0,0,,,,
07668U,0,0,0,-97,,,,
07681U,0,0,0,554,,,,
076842,0,0,0,61,,,,
076845,0,0,0,248,,,,
07686U,0,0,0,4,,,,
076883,0,0,0,-150,,,,
07688U,0,0,0,-5,,,,
07691U,0,0,0,-97,,,,
07693U,0,0,0,-480,,,,
076989,0,0,0,12,,,,
077004,0,0,0,-4,,,,
077006,0,0,0,10,,,,
07701U,0,0,0,-3,,,,
07703U,0,0,0,-10,,,,
07704U,0,0,0,1,,,,
07707U,0,0,40,-40,,,,
07708U,0,0,50,-50,,,,
07712U,0,0,0,90,,,,
07713U,0,0,0,-1,,,,
07715U,0,0,0,48,,,,
077171,0,0,0,10,,,,
07717U,0,0,0,30,,,,
07719U,0,0,0,81,,,,
07721U,0,0,0,1,,,,
077226,0,0,0,20,,,,
07723U,0,0,0,-40,,,,
07725U,0,0,0,-40,,,,
077266,0,0,0,4,,,,
07731U,0,0,0,10,,,,
07734U,0,0,0,-18,,,,
07735U,0,0,0,-29,,,,
077401,0,0,0,70,,,,
077415,0,0,0,-10,,,,
07741U,0,0,0,0,,,,
07742U,0,0,0,-1,,,,
07743U,0,0,0,23,,,,
07747U,0,0,0,-40,,,,
077531,0,0,0,101,,,,
077607,0,0,0,29,,,,
07763U,0,0,0,-10,,,,
07766U,0,0,0,-1,,,,
07767U,0,0,0,17,,,,
07771U,0,0,0,10,,,,
077726,0,0,0,35,,,,
077727,0,0,0,69,,,,
07772U,0,0,0,-10,,,,
077733,0,0,0,10,,,,
07773U,0,0,0,0,,,,
07775U,0,0,0,2,,,,
07776U,0,0,0,-130,,,,
07779U,0,0,0,14,,,,
077837,0,0,0,188,,,,
07785U,0,0,0,513,,,,
07787U,0,0,0,20,,,,
077881,0,0,0,-100,,,,
07789U,0,0,0,-5,,,,
07790U,0,0,0,50,,,,
07792U,0,0,0,8,,,,
07794U,0,0,0,-18,,,,
07795U,0,0,0,318,,,,
077965,0,0,0,7,,,,
07796U,0,0,0,257,,,,
07797U,0,0,0,295,,,,
07802U,0,0,0,-57,,,,
07805U,0,0,0,-4,,,,
07807U,0,0,0,20,,,,
07812U,0,0,0,2,,,,
078144,0,0,0,0,,,,
078146,0,0,0,0,,,,
07823U,0,0,0,-238,,,,
07824U,0,0,0,400,,,,
07825U,0,0,0,-11,,,,
07831U,0,0,0,-1,,,,
07833U,0,0,0,-20,,,,
07834U,0,0,0,-421,,,,
07835U,0,0,0,-520,,,,
078395,0,0,0,10,,,,
07839U,0,0,0,30,,,,
078405,0,0,0,-5,,,,
07841U,0,0,0,-65,,,,
07842U,0,0,0,3,,,,
07843U,0,0,0,5,,,,
07844U,0,0,0,-20,,,,
07849U,0,0,0,-122,,,,
078505,0,0,0,2,,,,
07851U,0,0,0,0,,,,
07852U,0,0,0,-25,,,,
07854U,0,0,0,222,,,,
07855U,0,0,0,-15,,,,
07856U,0,0,0,50,,,,
078600,0,0,0,15,,,,
07860U,0,0,0,-505,,,,
07863U,0,0,0,-5,,,,
07866U,0,0,0,0,,,,
07867U,0,0,99,38,,,,
078689,0,0,0,205,,,,
07872U,0,0,0,10,,,,
07874U,0,0,0,-38,,,,
07878U,0,0,0,-210,,,,
07879U,0,0,0,-379,,,,
078814,0,0,0,10,,,,
078839,0,0,0,-10,,,,
07889U,0,0,0,-89,,,,
078921,0,0,0,-16,,,,
078933,0,0,0,8,,,,
078954,0,0,0,59,,,,
078955,0,0,0,-1,,,,
07895U,-7,0,0,17,,,,
07903U,0,0,0,252,,,,
07904U,0,0,0,2,,,,
07912U,0,0,0,-40,,,,
07916U,0,0,0,0,,,,
07919U,0,0,0,40,,,,
07921U,0,0,0,40,,,,
07924U,0,0,0,-64,,,,
07925U,0,0,0,-1904,,,,
07926U,0,0,0,-1,,,,
07927U,0,0,0,5,,,,
07929U,0,0,0,-10,,,,
07932U,0,0,0,-307,,,,
07933U,0,0,0,-294,,,,
07934U,0,0,0,90,,,,
07938U,0,0,0,-5,,,,
07939U,0,0,0,-119,,,,
07940U,0,0,0,-45,,,,
079522,0,0,0,95,,,,
07953U,0,0,0,44,,,,
07956U,0,0,0,-167,,,,
079575,0,0,0,30,,,,
079580,0,0,0,-10,,,,
07958U,0,0,0,-10,,,,
07960U,0,0,0,25,,,,
079615,0,0,0,1,,,,
07961U,0,0,0,-16,,,,
07962U,0,0,0,-2977,,,,
07963U,0,0,0,-82,,,,
07965U,0,0,0,2,,,,
079665,0,0,0,0,,,,
07966U,0,0,0,1,,,,
07968U,0,0,0,-3,,,,
07969U,0,0,0,3,,,,
07970U,0,0,0,-2,,,,
079729,0,0,0,9,,,,
07973U,0,0,0,-183,,,,
079744,0,0,0,490,,,,
07974U,0,0,0,-12,,,,
079766,0,0,0,50,,,,
07977U,0,0,0,11,,,,
07978U,0,0,0,35,,,,
07979U,0,0,0,-80,,,,
07980U,0,0,0,-10,,,,
07982U,0,0,0,-121,,,,
07983U,0,0,0,-174,,,,
07984U,0,0,0,2,,,,
07986U,0,0,0,31,,,,
079884,0,0,0,0,,,,
079890,0,0,0,5,,,,
07990U,0,0,0,4,,,,
07991U,0,0,0,23,,,,
07992U,0,0,0,-10,,,,
07993U,0,0,0,-7,,,,
07995U,0,0,0,-7,,,,
07997U,0,0,0,1963,,,,
07998U,0,0,0,-61,,,,
079990,0,0,0,0,,,,
08000U,0,0,0,-14,,,,
08003U,0,0,0,145,,,,
08006U,0,0,0,-155,,,,
080078,0,0,0,61,,,,
080082,0,0,0,1,,,,
080084,0,0,0,-50,,,,
080095,0,0,0,133,,,,
080096,0,0,0,215,,,,
08010U,0,0,0,249,,,,
08011U,0,0,0,2,,,,
08020U,0,0,0,6,,,,
080216,0,0,0,10,,,,
080218,0,0,0,10,,,,
080222,0,0,0,5,,,,
080224,0,0,0,7,,,,
08023U,0,0,0,-5,,,,
08025U,0,0,0,-95,,,,
08026U,0,0,0,19,,,,
08027U,0,0,0,4,,,,
08028U,0,0,0,1,,,,
08029U,0,0,0,4,,,,
08030U,0,0,0,4,,,,
08031U,0,0,0,95,,,,
08032U,0,0,0,-310,,,,
080334,0,0,0,-10,,,,
080335,0,0,0,51,,,,
080338,0,0,0,-10,,,,
080339,0,0,0,66,,,,
08033U,0,0,0,34,,,,
080341,0,0,0,-142,,,,
080344,0,0,0,-10,,,,
080377,0,0,0,0,,,,
08037U,0,0,0,-9,,,,
08038P,0,0,0,200,,,,
08039U,0,0,0,-4,,,,
080414,0,0,0,-92,,,,
080415,0,0,0,-329,,,,
080416,0,0,0,-261,,,,
080419,0,0,0,10,,,,
08041U,0,0,0,-22,,,,
08045U,0,0,0,3,,,,
08046U,0,0,0,6,,,,
08048U,2,0,0,-687,,,,
080509,0,0,0,-629,,,,
08050U,0,0,0,52,,,,
080510,0,0,0,405,,,,
080511,0,0,0,0,,,,
08051U,0,0,0,10,,,,
08053U,0,0,0,-132,,,,
08055U,0,0,0,-1,,,,
08059U,0,0,0,-450,,,,
08060U,0,0,0,-2,,,,
080641,0,0,0,-10,,,,
080642,0,0,0,40,,,,
08067U,0,0,0,-10,,,,
08068U,0,0,0,-2,,,,
08069U,0,0,0,5,,,,
08070U,0,0,0,-39,,,,
08071U,0,0,0,3,,,,
080723,0,0,0,0,,,,
08072U,0,0,0,-30,,,,
080742,0,0,0,1,,,,
080745,0,0,0,1,,,,
080747,0,0,0,5,,,,
08074U,0,0,0,16,,,,
080755,0,0,0,50,,,,
080759,0,0,0,2,,,,
08076U,0,0,0,100,,,,
08083U,0,0,0,29,,,,
080844,0,0,0,-54,,,,
080845,0,0,0,44,,,,
080846,0,0,0,-1,,,,
080848,0,0,0,-30,,,,
08084U,0,0,0,3,,,,
08085U,0,0,0,-8,,,,
08089U,0,0,0,-84,,,,
08090U,0,0,0,-981,,,,
08092U,0,0,0,-6,,,,
08093U,0,0,0,111,,,,
080944,0,0,0,12,,,,
08094U,0,0,0,50,,,,
08098U,0,0,0,1,,,,
08099U,0,0,0,1,,,,
081002,0,0,0,279,,,,
08102U,0,0,0,1,,,,
08104U,0,0,0,10,,,,
08105U,0,0,0,106,,,,
081102,0,0,0,-141,,,,
081104,0,0,0,-26,,,,
08110U,0,0,0,30,,,,
081110,0,0,0,67,,,,
081112,0,0,0,160,,,,
081116,0,0,0,0,,,,
081118,0,0,0,1,,,,
081123,0,0,0,-50,,,,
081125,0,0,0,103,,,,
081126,0,0,0,5,,,,
081129,0,0,0,43,,,,
08115U,0,0,0,7,,,,
08116U,0,0,0,-181,,,,
08117U,0,0,0,-11,,,,
08118U,0,0,0,-70,,,,
081198,0,0,0,53,,,,
08121U,0,0,0,15,,,,
08122U,0,0,0,-100,,,,
081244,0,0,0,2,,,,
08126U,0,0,0,-2,,,,
08127U,0,0,0,-19,,,,
08128U,0,0,0,-40,,,,
08130U,0,0,0,-210,,,,
08131U,0,0,0,-6,,,,
081332,0,0,0,-1,,,,
081338,0,0,0,67,,,,
08133U,0,0,0,53,,,,
081349,0,0,0,40,,,,
08134U,0,0,0,691,,,,
081358,0,0,0,995,,,,
08135U,0,0,0,20,,,,
081367,0,0,0,-5,,,,
081369,0,0,0,0,,,,
081372,0,0,0,25,,,,
081379,0,0,0,10,,,,
08137U,0,0,0,24,,,,
081386,0,0,0,250,,,,
08138U,0,0,0,6,,,,
08142U,0,0,0,-6,,,,
081467,0,0,0,200,,,,
081477,0,0,0,-8,,,,
081479,0,0,0,50,,,,
081485,0,0,0,-6,,,,
081486,0,0,0,-10,,,,
081489,0,0,0,100,,,,
081492,0,0,0,-302,,,,
081493,0,0,0,13,,,,
08153U,0,0,0,4,,,,
08155U,0,0,0,-371,,,,
08157U,0,0,0,436,,,,
08160U,0,0,0,3,,,,
081612,0,0,0,14,,,,
081616,0,0,0,-100,,,,
081618,0,0,0,-10,,,,
08161U,0,0,0,102,,,,
081621,0,0,0,441,,,,
081624,0,0,0,-810,,,,
081626,0,0,0,199,,,,
081627,0,0,0,-3,,,,
08163U,0,0,0,-1,,,,
08169U,0,0,0,52,,,,
08170U,0,0,0,205,,,,
081740,0,0,0,18,,,,
08174U,0,0,0,50,,,,
08175U,0,0,0,20,,,,
081770,0,0,0,-201,,,,
08178U,0,0,0,50,,,,
08179U,0,0,0,-1,,,,
081819,0,0,0,10,,,,
08181U,0,0,0,2,,,,
081835,0,0,0,78,,,,
081836,0,0,0,-10,,,,
08184U,0,0,0,-11,,,,
08185U,0,0,0,-7,,,,
08186U,0,0,0,4,,,,
081879,0,0,0,-378,,,,
08187U,0,0,0,58,,,,
081889,0,0,0,64,,,,
08188U,0,0,0,5,,,,
081890,0,0,0,-73,,,,
081900,0,0,0,10,,,,
08190U,0,0,0,45,,,,
08191U,0,0,0,12,,,,
08197U,0,0,0,9,,,,
081997,0,0,0,-10,,,,
081998,0,0,0,0,,,,
08200U,0,0,0,17,,,,
082013,0,0,0,-135,,,,
082020,0,0,0,-81,,,,
082023,0,0,0,10,,,,
082032,0,0,0,1084,,,,
082040,0,0,0,-356,,,,
082096,0,0,0,218,,,,
082098,0,0,0,7,,,,
082099,0,0,0,-20,,,,
082100,0,0,0,-25,,,,
08210U,0,0,0,-405,,,,
08211U,0,0,0,65,,,,
08212U,0,0,0,-5,,,,
08213U,0,0,0,3,,,,
08215U,0,0,0,-2,,,,
08216U,0,0,0,-50,,,,
082171,0,0,0,34,,,,
08217U,0,0,0,1,,,,
08218U,0,0,0,-1,,,,
08219U,0,0,0,260,,,,
082225,0,0,0,-40,,,,
08222U,0,0,0,-2,,,,
082231,0,0,0,0,,,,
082267,0,0,0,2,,,,
082273,0,0,0,-10,,,,
082275,0,0,0,127,,,,
082278,0,0,0,-10,,,,
08227U,0,0,0,-2,,,,
08229U,0,0,0,-39,,,,
08232U,0,0,0,-4,,,,
08233U,0,0,0,-159,,,,
08235U,0,0,0,-5,,,,
08237U,0,0,0,-81,,,,
08238U,0,0,0,15,,,,
082391,0,0,0,106,,,,
082397,0,0,0,-2,,,,
082404,0,0,0,660,,,,
08240U,0,0,0,-110,,,,
08241U,0,0,0,20,,,,
08245U,0,0,0,-17,,,,
08247U,0,0,0,109,,,,
082488,0,0,0,2,,,,
082490,0,0,0,50,,,,
08249U,0,0,0,137,,,,
08250P,0,0,0,-1,,,,
082511,0,0,0,-10,,,,
082515,0,0,0,310,,,,
082517,0,0,0,-25,,,,
08253U,0,0,0,-2,,,,
08258U,0,0,0,-16,,,,
08260U,0,0,0,-1,,,,
082616,0,0,0,9,,,,
08262U,0,0,0,10,,,,
082638,0,0,0,-5,,,,
082656,0,0,0,10,,,,
08268U,0,0,0,-2,,,,
08270U,0,0,0,-16,,,,
08271U,0,0,0,34,,,,
082726,0,0,0,359,,,,
08273U,0,0,0,68,,,,
082769,0,0,0,200,,,,
082770,0,0,0,1,,,,
08282U,0,0,0,1,,,,
082840,0,0,0,199,,,,
082852,0,0,0,57,,,,
08285U,0,0,0,-16,,,,
082868,0,0,0,-30,,,,
082881,0,0,0,-1,,,,
08288U,0,0,0,-3,,,,
08289U,0,0,0,-12,,,,
08290U,0,0,0,-38,,,,
08291U,0,0,0,10,,,,
08292U,0,0,0,65,,,,
082934,0,0,0,-58,,,,
08294U,0,0,0,21,,,,
082961,0,0,0,100,,,,
08296U,0,0,0,-191,,,,
08298U,0,0,0,-20,,,,
08299U,0,0,0,-174,,,,
08300U,0,0,0,-410,,,,
08301U,0,0,0,-6,,,,
08306U,0,0,0,-1,,,,
083076,0,0,0,-2,,,,
083077,0,0,0,-30,,,,
083078,0,0,0,193,,,,
083079,0,0,0,1,,,,
08307U,0,0,0,48,,,,
083081,0,0,0,20,,,,
083088,0,0,0,122,,,,
08308U,0,0,0,-4,,,,
08309U,0,0,0,-80,,,,
08310U,0,0,0,-176,,,,
08311U,0,0,0,-895,,,,
08312U,-22,0,0,53,,,,
083176,0,0,0,5,,,,
083178,0,0,0,206,,,,
08317U,0,0,0,1,,,,
083180,0,0,0,-339,,,,
083185,0,0,0,-1,,,,
083189,0,0,0,-14,,,,
08318U,0,0,0,-21,,,,
083190,0,0,0,-35,,,,
083192,0,0,0,-10,,,,
083193,0,0,0,1,,,,
083195,0,0,0,-10,,,,
083196,0,0,0,308,,,,
083200,0,0,0,10,,,,
083202,0,0,0,87,,,,
08320U,0,0,0,9,,,,
08321U,0,0,0,-1,,,,
08328U,0,0,0,-15,,,,
083335,0,0,0,10,,,,
083347,0,0,0,-25,,,,
08336U,0,0,0,7,,,,
08342P,0,0,0,-12,,,,
08342U,0,0,0,158,,,,
08344U,0,0,0,-79,,,,
08348U,0,0,0,-125,,,,
083503,0,0,0,-10,,,,
083515,0,0,0,20,,,,
083542,0,0,0,-143,,,,
083545,0,0,0,52,,,,
08354U,-1500,0,0,2544,,,,
08357U,0,0,0,-3,,,,
08358U,0,0,0,40,,,,
08360U,0,0,0,-73,,,,
08361U,0,0,0,-20,,,,
083622,0,0,0,-44,,,,
083624,0,0,0,3,,,,
083627,0,0,0,3,,,,
083630,0,0,0,-30,,,,
083632,0,0,0,5,,,,
083635,0,0,0,-100,,,,
083636,0,0,0,-10,,,,
083637,0,0,0,850,,,,
083639,0,0,0,-273,,,,
08363U,0,0,0,-40,,,,
08365U,0,0,0,-32,,,,
08372U,0,0,0,2680,,,,
08373U,0,0,0,140,,,,
083756,0,0,0,13,,,,
08376U,0,0,0,5,,,,
083771,0,0,0,1,,,,
08377U,0,0,0,-20,,,,
08379U,0,0,0,-13,,,,
08380U,0,0,0,-499,,,,
083812,0,0,0,0,,,,
083814,0,0,0,10,,,,
083822,0,0,0,-10,,,,
083828,0,0,0,46,,,,
083830,0,0,0,-160,,,,
083832,0,0,0,713,,,,
08387U,0,0,0,32,,,,
08390U,0,0,0,-20,,,,
083929,0,0,0,94,,,,
08393U,0,0,0,-1,,,,
083947,0,0,0,10,,,,
083960,0,0,0,12,,,,
08396U,0,0,0,-2,,,,
08397U,0,0,0,-10,,,,
084012,0,0,0,6,,,,
084021,0,0,0,10,,,,
084024,0,0,0,10,,,,
084025,0,0,0,63,,,,
08403U,0,0,0,-69,,,,
08404U,0,0,0,0,,,,
084055,0,0,0,56,,,,
084058,0,0,0,10,,,,
08405U,0,0,0,0,,,,
08406U,0,0,0,-115,,,,
084070,0,0,0,590,,,,
08407U,0,0,0,1600,,,,
084089,0,0,0,5,,,,
08408U,0,0,0,-4,,,,
08409U,0,0,0,-3,,,,
084105,0,0,0,4,,,,
08410U,0,0,0,-20,,,,
08411U,0,0,0,-34,,,,
08412U,0,0,0,-19,,,,
08413U,0,0,0,111,,,,
08414U,0,0,0,417,,,,
084157,0,0,0,710,,,,
08415U,0,0,0,-6,,,,
08416U,0,0,0,-1,,,,
08417U,0,0,0,-4,,,,
084197,0,0,0,80,,,,
084204,0,0,0,80,,,,
08420U,0,0,0,112,,,,
08421U,0,0,0,-20,,,,
084221,0,0,0,10,,,,
084229,0,0,0,6,,,,
08422U,0,0,0,101,,,,
08423U,0,0,0,166,,,,
084240,0,0,0,-190,,,,
084241,0,0,0,1,,,,
084244,0,0,0,-187,,,,
08424U,0,0,0,10,,,,
084264,0,0,0,40,,,,
08426U,0,0,0,698,,,,
08427U,0,0,0,-8,,,,
08428U,0,0,0,-7,,,,
084290,0,0,0,10,,,,
084295,0,0,0,-89,,,,
08429U,0,0,0,-27,,,,
08430U,0,0,0,0,,,,
08431U,0,0,0,23,,,,
08433U,0,0,0,-100,,,,
08436U,0,0,0,-16,,,,
084378,0,0,0,8,,,,
08437U,0,0,0,-30,,,,
084389,0,0,0,25,,,,
08438U,0,0,0,-12,,,,
084392,0,0,0,14,,,,
08441U,0,0,0,-140,,,,
084428,0,0,0,160,,,,
08444U,0,0,0,1,,,,
084461,0,0,0,50,,,,
08446U,0,0,0,1,,,,
08447U,0,0,0,-4,,,,
08448U,0,0,0,-10,,,,
084506,0,0,0,-150,,,,
084507,0,0,0,52,,,,
084508,0,0,0,100,,,,
084509,0,0,0,-343,,,,
084511,0,0,0,37,,,,
084512,0,0,0,-389,,,,
08452U,0,0,0,-16,,,,
08453U,0,0,0,125,,,,
084548,0,0,0,1,,,,
084551,0,0,0,-20,,,,
08455U,0,0,0,0,,,,
08456U,0,0,0,45,,,,
08457U,0,0,0,4,,,,
08458U,0,0,0,-27,,,,
08459U,0,0,0,-125,,,,
084602,0,0,0,35,,,,
084608,0,0,0,156,,,,
08460U,0,0,0,-6,,,,
084614,0,0,0,-1,,,,
08461U,0,0,0,-23,,,,
08462U,0,0,0,2,,,,
084638,0,0,0,66,,,,
08465U,0,0,0,9,,,,
08466U,0,0,0,-3,,,,
08468U,0,0,0,301,,,,
08469U,0,0,0,132,,,,
084718,0,0,0,40,,,,
08471U,0,0,0,-108,,,,
084736,0,0,0,40,,,,
08473U,0,0,0,-5,,,,
08474U,0,0,0,-67,,,,
08479U,0,0,0,-51,,,,
08483U,0,0,0,-51,,,,
084848,0,0,0,-10,,,,
08484U,0,0,0,10,,,,
08485U,0,0,0,143,,,,
08486U,0,0,0,37,,,,
08487U,0,0,0,4,,,,
084880,0,0,0,12,,,,
084888,0,0,0,1,,,,
084889,0,0,0,-20,,,,
08488U,0,0,0,31,,,,
084891,-6,0,0,-104,,,,
084893,0,0,0,0,,,,
084894,0,0,0,-10,,,,
08489U,0,0,0,8,,,,
08490U,0,0,0,30,,,,
08491U,0,0,0,-12,,,,
08492U,0,0,0,-33,,,,
08495U,0,0,0,-5,,,,
08496U,0,0,0,1,,,,
08497U,0,0,0,-18,,,,
08498U,0,0,0,74,,,,
08499U,0,0,0,0,,,,
08500U,0,0,0,-78,,,,
085014,0,0,0,24,,,,
08501U,0,0,0,37,,,,
08503U,0,0,0,1,,,,
08505U,0,0,0,-110,,,,
085066,0,0,0,520,,,,
08508U,0,0,0,-51,,,,
085102,0,0,0,10,,,,
085104,0,0,0,-15,,,,
085109,0,0,0,-10,,,,
08510U,0,0,0,4,,,,
085111,0,0,0,82,,,,
08511U,0,0,0,-193,,,,
085128,0,0,0,10,,,,
08512U,0,0,0,-37,,,,
08513U,0,0,0,270,,,,
08514U,0,0,0,-20,,,,
08515U,0,0,0,-106,,,,
08517U,0,0,0,2,,,,
08518U,0,0,0,-19,,,,
08519U,0,0,0,-20,,,,
08520U,0,0,0,68,,,,
08521U,0,0,0,2,,,,
08522U,0,0,0,5,,,,
085230,0,0,0,205,,,,
085241,0,0,0,11,,,,
08524U,0,0,0,63,,,,
085275,0,0,0,-2178,,,,
085277,0,0,0,319,,,,
085280,0,0,0,-5,,,,
085281,0,0,0,85,,,,
08528U,0,0,0,-53,,,,
085291,0,0,0,-103,,,,
08529U,0,0,0,-627,,,,
08530U,0,0,0,-284,,,,
08531U,0,0,0,9,,,,
08532U,0,0,0,-173,,,,
08533U,0,0,0,-176,,,,
08534U,0,0,0,-101,,,,
085366,0,0,0,2,,,,
085377,0,0,0,2,,,,
085386,0,0,0,291,,,,
085396,0,0,0,60,,,,
08545U,0,0,0,10,,,,
085461,0,0,0,-10,,,,
085471,0,0,0,9,,,,
085472,0,0,0,-15,,,,
085473,0,0,0,1,,,,
085474,0,0,0,270,,,,
08547U,0,0,0,0,,,,
08549U,0,0,0,-55,,,,
08551U,0,0,0,826,,,,
08553U,0,0,0,-375,,,,
085542,0,0,0,-51,,,,
08555U,0,0,0,-8,,,,
085565,0,0,0,30,,,,
085572,0,0,0,3,,,,
08557U,0,0,0,-6,,,,
08558U,0,0,0,-5,,,,
08561U,0,0,0,-200,,,,
085629,0,0,0,15,,,,
08562U,0,0,0,396,,,,
085631,0,0,0,145,,,,
085632,0,0,0,8,,,,
085639,0,0,0,95,,,,
08563U,0,0,0,-9,,,,
085644,0,0,0,-120,,,,
085661,0,0,0,-499,,,,
085670,0,0,0,23,,,,
085678,0,0,0,15,,,,
08568U,0,0,0,190,,,,
08569U,0,0,0,-7,,,,
085710,0,0,0,-76,,,,
085721,0,0,0,62,,,,
08573U,0,0,0,-90,,,,
085745,0,0,0,128,,,,
085749,0,0,0,18,,,,
085762,-5,0,0,5,,,,
085775,0,0,0,73,,,,
085779,0,0,0,0,,,,
08577U,0,0,0,6,,,,
085785,0,0,0,129,,,,
085786,0,0,0,-180,,,,
085787,0,0,0,-10,,,,
08578U,0,0,0,0,,,,
085794,0,0,0,100,,,,
08579U,0,0,0,-81,,,,
08580U,0,0,0,-13,,,,
08581U,0,0,0,-930,,,,
08582U,0,0,0,4,,,,
08583U,0,0,0,-11,,,,
085843,0,0,0,-103,,,,
085847,0,0,0,-10,,,,
08585U,0,0,0,-339,,,,
08586U,0,0,0,-1,,,,
08590U,0,0,0,-20,,,,
085916,0,0,0,100,,,,
08591U,0,0,0,-50,,,,
08593U,0,0,0,250,,,,
08594U,0,0,0,-13,,,,
08596U,0,0,0,-10,,,,
085975,0,0,0,-10,,,,
085977,0,0,0,-1284,,,,
085978,0,0,0,15,,,,
08597U,0,0,0,-17,,,,
085981,0,0,0,-390,,,,
08598U,0,0,0,-10,,,,
085996,0,0,0,70,,,,
08599U,0,0,0,-100,,,,
086002,0,0,0,57,,,,
086009,0,0,0,25,,,,
086018,0,0,0,1,,,,
08603U,0,0,0,-55,,,,
08606U,0,0,0,-1,,,,
08607U,0,0,0,-5,,,,
086080,0,0,0,163,,,,
086089,0,0,0,-793,,,,
08608U,0,0,0,-182,,,,
08609U,0,0,0,-12,,,,
086109,0,0,0,-28,,,,
08611U,0,0,0,-4,,,,
086135,0,0,0,-28,,,,
08614U,0,0,0,-155,,,,
086154,0,0,0,0,,,,
086160,0,0,0,54,,,,
086168,0,0,0,10,,,,
08616U,0,0,0,2,,,,
086170,0,0,0,-61,,,,
08618U,0,0,0,5,,,,
086206,0,0,0,82,,,,
086209,0,0,0,21,,,,
086210,0,0,0,-10,,,,
086211,0,0,0,-62,,,,
086212,0,0,0,83,,,,
086214,0,0,0,100,,,,
086218,0,0,0,-10,,,,
086219,0,0,0,-10,,,,
08621U,0,0,0,-11,,,,
086221,0,0,0,-1,,,,
086222,0,0,0,28,,,,
086229,0,0,0,10,,,,
08624U,0,0,0,-10,,,,
08625U,0,0,0,200,,,,
086304,0,0,0,46,,,,
086328,0,0,0,-193,,,,
086338,0,0,0,55,,,,
08634U,0,0,0,-22,,,,
086350,0,0,0,182,,,,
08635U,0,0,0,-509,,,,
086361,0,0,0,10,,,,
08637U,0,0,0,-46,,,,
086381,0,0,0,-113,,,,
08639U,0,0,0,-24,,,,
08640U,0,0,0,-91,,,,
08642U,0,0,0,-136,,,,
08643U,0,0,0,-105,,,,
086443,0,0,0,260,,,,
086446,0,0,0,60,,,,
086448,0,0,0,20,,,,
086453,0,0,0,30,,,,
086460,0,0,0,-177,,,,
086463,0,0,0,300,,,,
086464,0,0,0,-36,,,,
086465,0,0,0,20,,,,
086466,0,0,0,59,,,,
086472,0,0,0,-10,,,,
086496,0,0,0,7,,,,
086513,0,0,0,-10,,,,
086609,0,0,0,-4,,,,
086635,0,0,0,68,,,,
086658,0,0,0,767,,,,
086664,0,0,0,-11,,,,
086665,0,0,0,3,,,,
086670,0,0,0,-12,,,,
086671,0,0,0,115,,,,
086673,0,0,0,201,,,,
086674,0,0,0,47,,,,
086676,0,0,0,151,,,,
086679,0,0,0,10,,,,
086692,0,0,0,-93,,,,
086703,0,0,0,-60,,,,
086766,0,0,0,0,,,,
086776,0,0,0,1,,,,
086790,0,0,0,60,,,,
086820,0,0,0,106,,,,
086828,0,0,0,-242,,,,
086862,0,0,0,-15,,,,
086864,0,0,0,18,,,,
086894,0,0,0,439,,,,
086895,0,0,0,1,,,,
086897,0,0,0,-190,,,,
086899,0,0,0,1,,,,
086901,0,0,0,10,,,,
086904,0,0,0,-33,,,,
086907,0,0,0,-5,,,,
086908,0,0,0,453,,,,
086923,0,0,0,52,,,,
086924,0,0,0,-25,,,,
086938,0,0,0,546,,,,
086941,0,0,0,-2,,,,
086963,0,0,0,-694,,,,
086967,0,0,0,0,,,,
086979,0,0,0,24,,,,
086982,0,0,0,0,,,,
086986,0,0,0,-20,,,,
086992,0,0,0,-6,,,,
086993,0,0,0,-91,,,,
086995,0,0,0,-14,,,,
086996,0,0,0,11,,,,
087002,0,0,0,-37,,,,
087008,0,0,0,94,,,,
087091,0,0,0,48,,,,
087157,0,0,0,-21,,,,
087171,0,0,0,-10,,,,
087191,0,0,0,-20,,,,
087192,0,0,0,84,,,,
087199,0,0,0,-9,,,,
087201,0,0,0,10,,,,
087337,0,0,0,2,,,,
087356,0,0,0,-325,,,,
087365,0,0,0,-110,,,,
087373,0,0,0,18,,,,
087428,0,0,0,36,,,,
087484,0,0,0,58,,,,
087485,0,0,0,116,,,,
087487,0,0,0,51,,,,
087488,0,0,0,10,,,,
087489,0,0,0,20,,,,
087562,0,0,0,-40,,,,
087567,0,0,0,-1,,,,
087608,0,0,0,-8,,,,
087627,0,0,0,-59,,,,
087677,0,0,0,-2,,,,
087678,0,0,0,106,,,,
087680,0,0,0,0,,,,
087686,0,0,0,70,,,,
087688,0,0,0,-10,,,,
087689,0,0,0,-20,,,,
087691,0,0,0,-20,,,,
087692,0,0,0,453,,,,
087694,0,0,0,-3,,,,
087699,0,0,0,-211,,,,
087830,0,0,0,150,,,,
087837,0,0,0,-180,,,,
087838,0,0,0,-5,,,,
087874,0,0,0,6,,,,
087903,0,0,0,105,,,,
087904,0,0,0,63,,,,
087912,0,0,0,-54,,,,
087956,0,0,0,9,,,,
087957,0,0,0,40,,,,
087960,0,0,0,-72,,,,
088019,0,0,0,251,,,,
088023,0,0,0,24,,,,
088030,0,0,0,-9,,,,
088031,0,0,0,0,,,,
088032,0,0,0,5,,,,
088033,0,0,0,-5,,,,
088034,0,0,0,-95,,,,
088035,0,0,0,-49,,,,
088132,0,0,0,-50,,,,
088172,0,0,0,15,,,,
088190,0,0,0,72,,,,
088193,0,0,0,4,,,,
088295,0,0,0,-35,,,,
088298,0,0,0,57,,,,
088299,0,0,0,24,,,,
088313,0,0,0,0,,,,
088332,0,0,0,1,,,,
088370,0,0,0,-1,,,,
088390,0,0,0,-497,,,,
088404,0,0,0,243,,,,
088412,0,0,0,-37,,,,
088413,0,0,0,-9,,,,
088417,0,0,0,10,,,,
088418,0,0,0,-3,,,,
088420,0,0,0,315,,,,
088422,0,0,0,-128,,,,
088424,0,0,0,445,,,,
088428,0,0,0,-48,,,,
088430,0,0,0,-84,,,,
088434,0,0,0,-116,,,,
088440,0,0,0,30,,,,
088476,0,0,0,-41,,,,
088493,0,0,0,-13,,,,
088516,0,0,0,20,,,,
088521,0,0,0,11,,,,
088557,0,0,0,-4,,,,
088558,0,0,0,-299,,,,
088567,0,0,0,-127,,,,
088570,0,0,0,-177,,,,
088571,0,0,0,100,,,,
088575,0,0,0,18,,,,
088579,0,0,0,157,,,,
088581,0,0,0,-35,,,,
088583,0,0,0,139,,,,
088584,0,0,0,-51,,,,
088585,0,0,0,105,,,,
088589,0,0,0,-20,,,,
088635,0,0,0,9,,,,
088637,0,0,0,-444,,,,
088638,0,0,0,511,,,,
088639,0,0,0,23,,,,
088647,0,0,0,17,,,,
088661,0,0,0,100,,,,
088694,0,0,0,-60,,,,
088696,0,0,0,-10,,,,
088733,0,0,0,10,,,,
088753,0,0,0,-66,,,,
088754,0,0,0,-1,,,,
088755,0,0,0,-44,,,,
088760,0,0,0,224,,,,
088761,0,0,0,30,,,,
088762,0,0,0,0,,,,
088781,0,0,0,120,,,,
088799,0,0,0,12,,,,
088800,0,0,0,-10,,,,
088838,0,0,0,22,,,,
088890,0,0,0,595,,,,
088891,0,0,0,325,,,,
088901,0,0,0,17,,,,
088929,0,0,0,10,,,,
088956,0,0,0,-1,,,,
088964,0,0,0,-1,,,,
088991,0,0,0,-14,,,,
089015,0,0,0,10,,,,
089020,0,0,0,-15,,,,
089024,0,0,0,10,,,,
089052,0,0,0,4,,,,
089065,0,0,0,558,,,,
089092,0,0,0,104,,,,
089093,0,0,0,123,,,,
089106,0,0,0,20,,,,
089128,0,0,0,0,,,,
089152,0,0,0,4,,,,
089249,0,0,0,42,,,,
089284,0,0,0,-30,,,,
089285,0,0,0,102,,,,
089289,0,0,0,14,,,,
089291,0,0,0,-91,,,,
089293,0,0,0,255,,,,
089297,0,0,0,75,,,,
089339,0,0,0,1,,,,
089345,0,0,0,2,,,,
089348,0,0,0,30,,,,
089378,0,0,0,-3,,,,
08940P,0,0,0,-10,,,,
089438,0,0,0,6,,,,
089445,0,0,0,4,,,,
089470,0,0,0,303,,,,
089471,0,0,0,1,,,,
089473,0,0,0,136,,,,
089480,0,0,0,200,,,,
089482,0,0,0,135,,,,
089497,0,0,0,-69,,,,
089537,0,0,0,30,,,,
089539,0,0,0,-48,,,,
089540,0,0,0,273,,,,
089590,0,0,0,-194,,,,
089591,0,0,0,-1,,,,
089654,0,0,0,0,,,,
089660,0,0,0,46,,,,
089661,0,0,0,45,,,,
089670,0,0,0,-32,,,,
089699,0,0,0,-75,,,,
089705,0,0,0,-3,,,,
089713,0,0,0,20,,,,
089732,0,0,0,0,,,,
089772,0,0,0,-1,,,,
089774,0,0,0,292,,,,
089782,0,0,0,1,,,,
089785,0,0,0,320,,,,
089826,0,0,0,15,,,,
089842,0,0,0,467,,,,
089843,0,0,0,1,,,,
089850,0,0,0,-8,,,,
089862,0,0,0,116,,,,
089903,0,0,0,350,,,,
089905,0,0,0,1,,,,
089933,0,0,0,200,,,,
089949,0,0,0,20,,,,
089985,0,0,0,-10,,,,
1101,539.438,14,-199,68.726,31496,31912,124,352
1101B,0,0,-84,0,,,,
1102,-1603.944,-577.553,-109.88,-31,1389,1537,4,22
1103,-61,0,-21,0,3973,3973,2,2
1104,-81,134,-37.028,0,997,998,1,1
1108,-40,0,-4,0,901,882,0,0
1109,-30,0,-7.154,0,527,507,0,0
1110,-42,0,-6,0,2916,2918,5,5
1201,-43,0,-3.244,0,1332,1331,21,20
1203,-37,0,-2,0,16,14,0,0
1210,1433.3,-232,-34.849,3,1092,1112,8,6
1213,,,,,0,0,0,0
1215,-422,181,-43.454,-4.078,409,408,9,9
1216,37.161,-1615.537,-231,-27.353,1519,1546,15,15
1217,-97.999,0,-47.827,0,1501,1456,0,0
1218,1619,0,-15.621,0,1482,1498,0,0
1219,-14,0,-10,0,1047,985,0,0
1220,-8,0,-2,0,1091,1090,0,0
1225,126.001,0,-2,-42,4573,4580,2,2
1227,53,0,-26.534,0,1429,1425,0,0
1229,-709.415,26,-68.664,-25.445,2232,2157,11,11
1231,-92.526,-13,-19.491,0,288,289,1,1
1232,-22,20,-5,0,8,8,0,0
1233,-5,0,-1,0,61,61,0,0
1234,-62,0,-9,-4.055,42,42,0,0
1235,-7,0,-2,0,860,860,0,0
1236,-27,0,2.87,0,152,155,0,0
1240,1,0,0,0,39,41,0,0
1256,-45.8,0,0,0,316,314,0,0
1259,-1,0,0,0,55,55,0,0
1264,2,0,0,0,0,0,0,0
1268,2,0,0,0,76,90,0,0
1294,14,0,0,0,165,158,0,0
1295,56,0,0,-0.815,99,106,0,0
1301,-10171.046,-90,-431.551,39.861,20503,19559,1283,1322
1303,-31856.974,-330.336,-1332.582,-1116.67,52635,51059,3190,3872
1304,-1295,0,-51.881,299.666,9187,8081,117,125
1305,2367,0,61.42,0,6882,5029,422,375
1307,201,-1,-9,3,2467,2468,1,2
1308,141,0,-20.311,139.737,8141,7443,127,31
1309,329,0,8.923,0,8013,6777,253,85
1310,-4489.999,0,-24.148,0,9680,8112,134,107
1312,-3020,0,-324.981,-93.742,18008,16840,3448,3390
1313,-3883,0,-56.017,0,11851,10892,130,213
1314,-7353.965,0,-173.057,-1,50075,50827,79,1032
1315,-8,0,-1,0,82,82,0,0
1316,-46,0,-2.817,0,11068,11044,16,16
1319,-2131,-100.33,8.443,-60.107,4482,4076,48,42
1321,-38,0,-8.067,0,6772,6760,0,0
1323,-5,0,-1.113,0,49,50,0,0
1324,-7,0,-1,0,1822,1846,0,0
1325,-61,0,-1,0,2314,2318,84,84
1326,-5727.799,-700,31.465,-289.972,21159,21212,657,748
1336,0,0,0,-0.03,2702,2714,10,10
1337,-126,0,-2,0,21626,21654,6,6
1338,28,0,-2,0,1961,1949,0,0
1339,5,0,-2.104,0,653,654,2,2
1340,90,0,-2,0,935,931,0,0
1341,-5,0,-1,0,,,,
1342,-138.3,0,0,0,518,528,0,0
1402,-8845.142,151,-171.674,-23.371,7877,7506,87,91
1409,4615,140,-85,416.906,13313,12007,27,9
1410,0,0,-2.258,0,202,202,0,0
1413,-20,0,-1,0,0,0,0,0
1414,-82,0,-1,0,1192,1183,0,0
1416,18,0,2.846,0,3973,4000,0,0
1417,-13,0,2.7,0,933,947,0,0
1418,-5,0,-0.058,0,705,702,0,0
1419,-86,87,-10,-0.083,1333,1338,4,4
1423,8,0,-3.188,0,146,131,0,0
1432,197.001,0,93.086,0,0,0,0,0
1434,-961,0,-49.679,0,2846,2768,2,1
1435,-7,0,-2,0,0,0,0,0
1436,73,0,-2,0,970,950,39,39
1437,-14,0,2.905,0,2073,2073,0,0
1438,-8,0,-4,0,138,138,0,0
1439,-19,0,-2.017,0,1191,1182,0,0
1440,-316,175,-83.786,0,3597,3581,0,0
1441,-4,0,-1,0,0,0,0,0
1442,-145.92,-51,-3.843,0,2037,2006,17,17
1443,-7,0,-1,0,32,32,0,0
1444,25,0,-28.424,0,1546,1546,0,0
1445,-16,0,-0.039,0,1314,1314,0,0
1446,15,0,-1,0,2601,2562,6,6
1447,26,0,-9,0,3709,3809,0,0
1449,-369,0,-1,0,4190,4203,6,6
1451,-65,0,-2.246,0,643,638,0,0
1452,-22,0,-1.077,0,118,118,0,0
1453,-7,0,-1.132,0,1287,1289,1,1
1454,-8,0,-1,0,1695,1695,0,0
1455,175,0,-25.99,0,3224,3250,0,0
1456,-6,0,0,0,303,306,0,0
1457,-10,0,-2,0,628,627,1,1
1459,-37,0,-3,0,423,412,0,0
1460,93,0,-6,0,0,0,0,0
1463,-8,0,-3.099,0,476,478,0,0
1464,129.1,0,-3.378,0,1600,1599,0,0
1465,-8,0,-1.129,0,3424,3420,0,0
1466,-103,0,-1.095,0,4209,4172,61,59
1467,-25,0,-1,0,4175,4200,0,0
1468,-14,0,-4,0,0,0,0,0
1470,-3,0,-1,0,7,7,0,0
1471,15,0,-1,0,0,0,0,0
1472,3,0,1.991,0,4204,4207,0,0
1473,-17,0,-3.137,0,1057,1038,0,0
1474,-11,0,-1.162,0,3301,3295,0,0
1475,1,0,-1.058,0,475,474,0,0
1476,-133.561,-3.208,-7.8,1.179,325,306,4,3
1477,-687.916,-12.645,-8.654,-202.882,194,176,147,4
1503,-649.579,-29,-9.042,-75.486,2994,2855,58,51
1504,-308.41,-93.646,-113,-47.541,26238,26168,135,173
1506,-9,0,-2,0,0,0,0,0
1512,-142,0,1.637,0,0,0,0,0
1513,556.742,-179.176,-16.151,-81.378,8255,8305,55,58
1514,-517.063,35,-6.467,-22.681,7180,7195,136,136
1515,-33,0,-1.571,0,1685,1659,6,7
1516,-38,0,-1,0,22,36,0,0
1517,-10,0,-5.589,0,1503,1486,40,40
1519,-262.825,-62.328,-12.596,2.32,2800,2769,150,141
1521,-13,0,-1,0,373,373,0,0
1522,-446.878,-8.656,-4.094,-2.053,4977,4968,20,20
1524,-266.9,0,-1.301,0,4939,4936,132,114
1525,-3,0,-2,0,228,227,0,0
1526,26,0,1.425,0,1052,1042,1,2
1527,-78.998,0,-2,0,561,568,3,3
1528,-411.498,-4,8.126,0,10182,10025,38,81
1529,-623,0,0,0,3409,3304,27,56
1530,-10,0,-2.532,0,85,86,0,0
1531,-25,0,-1.226,0,2291,2295,0,0
1532,-101,-10.482,-12.417,0,2464,2455,0,0
1533,-10,0,-1.102,0,641,641,0,0
1535,55,0,-1,0,74,62,0,0
1536,31.867,-664,-13.204,-16.241,8670,8662,1719,1720
1537,0.409,-1,-2,0,41,44,0,0
1538,,,,,0,0,0,0
1539,-20,0,-4.313,0,1390,1401,0,0
1540,-5,0,-2.414,0,2349,2389,7,7
1541,-7,0,-4,0,149,124,0,0
1558,11,-0.77,-5.068,-1.032,357,359,0,0
1560,-1860.151,-25,3,-59.24,2073,1762,214,246
1563,-86,0,-2.255,0,415,414,0,0
1565,-49,0,0,-0.2,935,946,10,10
1568,0,0,-1,0,1047,1051,1,0
1569,-54,0,0,4.74,13788,13768,138,139
1570,-8,0,0,0,1875,1872,0,0
1580,-18,0,0,0,22,23,0,0
1582,-95.687,0,253.568,32,7732,7118,87,170
1583,-8,0,-5,0,30,27,0,0
1584,695.466,0,25,-0.001,7450,7360,18,16
1586,-4,0,0,0,13654,13377,1,1
1587,25,0,1.712,0,3683,3684,29,27
1589,85,0,0.351,0,2898,2903,0,0
1590,-41.55,-6,-5,-0.824,110,112,0,0
1591,-65,0,0,-0.392,1782,1781,3,4
1593,-1,0,0,0,201,202,0,0
1595,-36,0,0,0,2000,1998,6,6
1597,86,0,-1,-15,2868,2911,9,9
1598,115,0,-5.601,0,2070,2096,0,0
1599,3,0,0,0,377,374,0,0
1603,-2,0,-1,0,2221,2358,5,5
1604,198,0,-13,0,381,369,0,0
1605,-6254.046,0,283,-664.316,60525,59065,1676,1791
1608,-1847,116.092,-25.232,-22.516,7944,7767,68,80
1609,-2207.268,100,-76,-16.508,12870,12526,25,26
1611,119.001,0,-11.01,0,3799,3562,4,3
1612,-153,0,-4.469,-2,1703,1695,1,1
1614,-9,0,-2.149,0,321,321,0,0
1615,-48.427,0,-13.089,0,135,133,0,0
1616,-492,0,-1.631,-1.31,3771,3673,15,15
1617,-34,0,10.963,0,1026,1030,0,0
1618,-121,0,-1.248,-4.617,3962,4019,8,8
1623,35,0,-1,0,,,,
1626,-14,0,-6,0,3156,3156,0,0
1702,-326.949,-3.527,-8.182,0,436,426,0,0
1707,-13,0,-5.086,-0.306,325,325,0,0
1708,1871.001,-1,-2.181,557.525,3425,2584,16,3
1709,649,0,21,0,2475,2328,0,0
1710,-2094,0,-33.94,0,4487,4064,2,14
1711,631.8,0,-20.2,649.246,23241,19789,550,521
1712,217.13,-67,-12.725,0,570,565,0,1
1713,73,0,-2,0,3005,3013,0,0
1714,-4827,0,138.84,0,6530,5948,3,11
1717,-2143.92,341,598.65,48.643,22513,22240,444,472
1718,3446,0,378.435,0,13073,13819,41,36
1720,18,-1,-10.001,0,539,538,0,0
1721,225.001,0,-3.48,0,689,689,0,0
1722,314,-18,-33.358,-8,2530,2222,1,1
1723,31.001,0,-10,0,515,409,2,2
1725,-14,0,-1.226,0,180,184,0,0
1726,-13,0,-2.072,0,0,0,0,0
1727,2811,-4,172.434,-19,4658,4802,509,307
1730,1,0,-3.042,0.945,5,5,0,0
1731,-12,0,-7,0,274,282,0,0
1732,9,0,-1,0,495,486,0,0
1733,-14,0,-2.196,0,3975,3975,0,0
1734,-6,0,-2,0,618,618,0,0
1735,-269,0,-2.001,0,724,969,4,1
1736,70.442,38,3.257,-2,2136,2123,33,31
1737,2,0,-2,0,32,32,0,0
1742,1,0,0,0,3721,3715,14,15
1752,-7,0,-1,0,567,568,8,8
1760,-63,0,-3.685,0,868,869,0,0
1762,-13,0,-1.697,0,782,757,8,15
1773,103.21,-144,-9,0.411,1140,1094,0,0
1776,-1,0,-0.018,0,722,736,0,0
1777,-2,0,0,0,37,37,0,0
1781,3,0,0,-0.018,0,0,0,0
1783,5,0,-2.042,0,1413,1398,0,0
1784,1,0,0,-19.155,2076,2066,2,4
1785,12921.376,0,58.878,-0.343,34781,37064,942,873
1786,-24.805,0,-0.233,-1.957,6003,6009,27,27
1788,-1,0,0,0,1,0,0,0
1789,-62.25,-157,-22.331,0,3198,3172,41,41
1795,-1270.086,-576.955,46,-123.859,8195,7889,43,56
1796,6,0,0,-0.006,291,295,0,0
1799,,,,,0,0,0,0
1802,-560.08,-151,-656,-238.359,46848,47665,9088,9086
1805,-9,0,-2,0,1098,1082,0,0
1806,-334,0,-8,0,3052,2987,4,0
1808,752.368,-122.94,-17,0,5774,5793,2,2
1809,-660,0,-2.042,0,5601,5552,120,114
1810,-116,-15.723,-7.013,0,19047,19100,75,75
1813,,,,,55,53,0,0
1815,-158.187,0,35.203,-89.905,67465,67781,1413,1414
1817,7,0,-11,0.701,17,17,0,0
1903,-87,0,-1.37,0,3849,3848,0,0
1904,-847,126,-50.89,0,1914,1892,3,3
1905,-1168,-151,-44.325,-2,7381,7403,4,4
1906,-19,0,-5.535,0,6814,6814,0,0
1907,-334,211.003,-57.312,-0.359,23885,23883,1,1
1909,-1772.045,0,-9,0,6841,6801,3,4
2002,2004.116,-36,-651,-282.53,27047,26979,58,67
2006,983.482,-328.742,-21.176,-179.991,433,452,3,6
2007,12,0,-7,0,222,222,0,0
2008,-10,0,-1.985,0,262,260,0,0
2009,-144.999,-57,-12,-15.538,5392,5303,68,113
2010,687,0,-25.894,0,1537,1458,2,2
2012,-38,0,-2.355,0,73,73,0,0
2013,-19,0,-9.166,0.431,1501,1503,0,0
2014,2237.002,-197,-67,-24.157,2501,2501,53,117
2015,-43,-199,-16,0,59,59,0,0
2017,254,0,-6,0,5908,5874,2,2
2020,47,0,-6,0,576,543,3,3
2022,6,0,4,0,983,1001,0,0
2023,-652.84,145,-51,0,3568,3505,3,4
2024,-8,0,-1,0,39,38,0,0
2025,-33,0,-3,0,0,0,0,0
2027,-1375.42,186,-69.258,40.686,29887,29836,32,63
2028,-52,0,-1,0,675,662,0,0
2029,-86,0,-9,0,477,473,0,0
2030,36,0,-6.626,0,2175,2157,0,0
2031,-41,0,-8.249,0,1635,1647,19,19
2032,-53,0,-1,0,2632,2617,0,0
2033,6,0,2,0,5505,5514,0,0
2034,671,0,-15.09,-2.002,4900,4863,7,7
2035,,,,,0,0,0,0
2038,11,0,-7,0,4856,4885,1,3
2049,1455.222,47.721,-13.1,70.403,5433,5313,44,39
2059,18.807,16,-13,-5.753,622,623,2,2
2061,8,0,0,0,3338,3337,0,0
2062,1,-8,-5.198,0,2279,2295,0,0
2063,2,0,0,0,87,87,0,0
2064,-9,0,0,0,40,42,0,0
2065,4,0,0,-0.001,140,131,0,0
2066,-1,0,0,0,4073,4061,0,0
2067,-1,0,0,0.63,0,0,0,0
2069,56,0,-9,0,671,668,0,0
2070,48,0,0,0,1873,1861,151,139
2101,-623,0,-22,-12.118,31575,31525,0,0
2102,-37.998,0,-9.187,0,4772,4792,1,1
2103,-1094.899,0,269.868,-1,11278,10857,143,264
2104,1237,0,-47.28,0,21306,21160,21,21
2105,-363.4,63.126,368.159,73.697,10806,10474,39,56
2106,-146,-80,-26.465,-1,2630,2903,1,1
2107,-39,0,-2,0,241,237,0,0
2108,79,0,-17.732,0,1686,1667,6,6
2109,-13,0,-2,0,954,972,0,0
2114,-4,0,-0.077,0,66,66,0,0
2115,-10,0,0,0,634,636,0,0
2201,-1494.485,76,-38,1.181,11696,11472,63,19
2204,-192.284,23.078,-16,0,3560,3567,15,15
2206,-461,-142.336,-25.878,0,24835,24813,30,30
2207,-407.505,-47,-7.742,0.737,99,96,0,0
2208,-8,-2,-31,0,0,0,0,0
2211,222,-33.324,-13.229,0,780,762,1,0
2221,-2,0,1,0,109,110,0,0
2227,-31,0,-3,0,,,,
2228,20.173,0,-1.348,-4.397,2150,2177,3,4
2230,0,0,0,0,4449,4472,37,37
2231,-51,0,-1.875,2.112,5142,5123,59,74
2233,65,-2,-3,5.938,6576,6551,21,20
2235,,,,,38,39,0,0
2236,12.061,0,28,0,11648,11722,63,66
2239,2,0,-4,0,1628,1626,20,20
2241,-59,0,0,0,2755,2737,0,2
2243,-4,0,3.577,0,482,499,0,0
2247,-11.455,15,0,0,192,200,14,14
2248,9,0,0,0,49,49,0,0
2250,0,0,-0.451,0,1534,1535,0,0
2254,4,0,-1,-3,2968,2968,0,0
2258,-238,0,-59,29.055,,,,
2301,-2776.598,35,-134.165,26.957,17597,17255,57,73
2302,-461,0,-7,0,2409,2516,3,2
2303,-14363.057,-2087.833,-282.292,131.197,73357,73180,2828,2905
2305,81,0,-11,0,2350,2546,17,7
2308,-593.219,-17,172.964,-20.39,5954,5938,404,423
2312,-3700.6,-465,-127,-152.7,39752,39362,319,369
2313,-9159.619,215,-66.307,51.177,35932,34089,1711,1813
2314,7.039,0,0,0,0,0,0,0
2316,-942.685,-62,-6.722,-42.309,5681,5777,434,460
2317,-15913.056,98.556,-118.706,-1029.149,61447,60480,714,821
2321,,,,,0,0,0,0
2323,2282,0,-17,-20.317,27749,27959,296,256
2324,-577.086,-39,432,51.261,31885,31775,394,390
2327,-9413.502,-269.774,71.9,-216.627,36342,35551,255,271
2328,-408,-71,53.235,-7.673,20136,19964,245,252
2329,-1300,-238,-343.19,-673.546,18206,18390,249,420
2330,-19046.122,282.821,-54.717,311.13,25171,24005,0,2
2331,-277,0,-10.037,-24.954,11652,11664,54,78
2332,-1092,0,-231.668,-15,20887,20383,54,59
2337,-5107.666,-2880,905,-442.146,162133,151943,7328,8900
2338,173.54,0,9.247,-2.151,6965,7128,5174,5071
2340,860,0,43.445,3.72,5872,5786,105,89
2342,-80.541,0,0.853,0,3888,3839,33,64
2344,12767.596,-1137,-2015,-1323.049,128070,135185,10403,10928
2345,-66.546,52.771,50.85,33.536,1875,1842,110,104
2347,2945.6,-645.338,-51,-10.433,668,787,14,14
2348,78,-21.164,-5,-1.1,1525,1533,44,46
2349,-378,0,-7,0,0,0,0,0
2351,769.152,0,-6,34.452,4893,4781,9,4
2352,-2313,-313.98,10,22.53,14170,14240,344,537
2353,774.75,-32.56,-138,181.524,28276,28163,223,191
2354,-837,61,-41.442,-19.9,26654,26489,54,56
2355,2818.457,-4.009,34.075,3.162,10063,10270,100,95
2356,1828.868,90,-88.127,-154.948,27616,27518,205,207
2357,-844.608,134.046,-5.359,-109.484,2988,3232,49,50
2359,56.224,-32,-4.782,-16.521,6344,6483,534,540
2360,82.905,-3.329,64.926,9.395,2994,3114,50,69
2362,336,0,-22.935,-4,2783,2822,24,23
2363,320,0,-12.077,-11.88,19183,19269,53,57
2364,40,0,0.123,0,932,940,0,0
2365,213,0,-2.004,-4.483,10379,10552,162,163
2367,7790.535,-23,-32.06,1186.668,29606,29676,3034,3485
2368,1954.707,103,40.6,-173.911,4653,5306,1012,1037
2369,-337,0,-12.153,-72.742,12128,12027,191,211
2371,-2719.913,27,-205.03,-92.158,67354,67159,169,177
2373,-20,0,-2,0,55,55,0,0
2374,-235,75,0,-27.36,18955,18999,704,214
2375,-296.515,0,-2.619,-4.059,4536,4492,108,132
2376,-739.707,286,-47,-58.576,8387,8267,217,226
2377,-260.289,8,-76.977,-20.508,14078,13977,57,62
2379,-31.699,-83,65.451,0.867,3740,3747,10,8
2380,,,,,0,0,0,0
2382,-1754.554,351.381,-119.411,-90.526,12484,12493,327,304
2383,-273.675,323.835,-0.034,-3.351,1967,1867,105,91
2385,-1904.5,1294.571,249.698,-27.232,2645,2805,2,5
2387,-140,0,-4,0,2966,2902,138,140
2388,-128,-77,-30.223,59.511,15051,15362,138,162
2390,43,0,-0.738,0,2264,2257,0,0
2392,-1010,75,-119.089,6.203,6698,6623,254,67
2393,1935.605,-1733.635,123.034,40.52,2308,2456,27,29
2395,54.343,13,-28,-9.373,2180,2174,30,33
2397,26,0,-2,0,1311,1339,0,0
2399,2238,-6,1.687,0,7929,8218,99,112
2401,162,0,-24.718,-0.002,11496,11491,50,41
2402,-13.535,-8,-0.269,-20.852,16093,16070,92,115
2404,-155.135,41,-15.925,-18.292,1965,1938,41,41
2405,-290,0,-3,0,8361,8361,36,56
2406,824.415,0,-18.029,0,15609,16220,1131,1047
2408,-21458.555,-106,-3008.976,-2704.666,108217,117503,3901,5768
2409,103121.34,41,-232,5002.646,167813,175129,13432,14494
2412,5222.986,-251,-152,-25,687,808,17,17
2413,-633,-3,-4,0,5308,5250,440,426
2414,49,0,-18.02,0,234,240,0,0
2415,-12,0,-0.775,0,2213,2210,8,8
2417,13,0,-1.001,0,4034,4038,11,10
2419,-163,0,-10.325,22.957,5089,5077,45,48
2420,27,0,-7.637,0,572,569,1,1
2421,-3741.965,7,87.818,223.064,5826,4967,62,22
2423,-33,0,-3.055,0,107,105,0,0
2424,2,0,-1,0,0,0,0,0
2425,6,0,-0.031,0,2567,2392,17,3
2426,388.9,0,22.768,0,9215,9060,1173,354
2427,-2,0,-18,0,5614,5621,131,155
2428,-144.99,-48,-4,-12.181,2424,2392,0,0
2429,-34,0,-1,0,5234,5234,31,32
2430,-28.987,0,-2.111,0,63,66,0,0
2431,163,0,-0.705,0,3505,3532,21,26
2432,5,0,-1.032,0.009,503,494,0,0
2433,-11,0,-4.113,0,3,3,0,0
2434,0,0,-1,0,28,29,0,0
2436,991.53,0,-28.45,-3.168,5024,5037,83,47
2438,8,0,0,0,0,0,0,0
2439,-630,-153.89,-8.596,-2.983,3504,3467,20,25
2440,37,0,-3,0,0,0,0,0
2441,-412,-308,-18.202,-71.584,14413,14005,15,18
2442,-585,0,-8,0,16038,15827,12,12
2444,57.101,0,-2,0,0,0,0,0
2449,-759.471,-645,-145.726,-240.031,11162,11105,579,591
2450,-22,0,-5,0,160,161,3,3
2451,180.503,-85.129,-8.38,-124.091,4569,4749,183,188
2453,-81,0,-3,0,2743,2803,6,6
2454,-729.961,-283.256,77.12,-24.74,5869,5799,44,43
2455,121.371,23,-131,-49.671,9154,9514,277,361
2457,68,0,-16.36,-30.261,14578,14852,271,256
2458,1600.844,512.044,28.431,-9.921,3713,4063,44,42
2459,-42,-20,-3,0,48,46,0,0
2460,18,0,0.49,0,522,522,0,0
2461,38,0,-31,0,2513,2401,1221,814
2462,-132,0,-1.931,0,1786,1774,1,1
2464,412.02,-104.283,4,-20.444,9017,9084,128,144
2465,-294,0,-5.793,0,0,0,0,0
2466,36,-6,1,0,6472,6482,40,63
2467,33.618,-18,-15,-1.2,2607,2558,100,110
2468,-1133,0,-1.104,0,4010,3522,55,17
2471,62,0,-5.522,0,1494,1529,0,0
2472,-278,49,-6.31,-19.392,7736,7720,40,39
2474,-1794.012,-349.141,-70,-19.221,2011,1749,1,1
2476,-512,0,-4.717,0,13356,13220,28,28
2477,-6,0,-3.228,0,1500,1541,0,0
2478,-1001.15,0,-3,-16.924,3972,3761,22,49
2480,7,0,-1.797,-1,463,461,0,0
2481,9630.525,-762,173.335,101.728,11939,13182,551,572
2482,-16,0,-5.494,0,1881,1882,0,0
2483,15,0,3.644,0,308,306,0,0
2484,83,0,-5,0,2982,3015,3,13
2485,8087.234,0,-78.661,5.616,16139,18128,4054,3520
2486,1602.349,0,59.785,-62.913,20918,21796,727,753
2488,14,0,-0.388,0,634,634,0,0
2489,-689.433,75,-342,173,36401,37458,419,552
2491,-105,0,0,0,1479,1439,28,28
2492,-2268.505,42,-64.103,-80.582,10080,9863,129,135
2493,19.501,-4,-4.137,-81.826,6513,6528,13,16
2495,1082,-9,-9,0.31,7530,7635,68,72
2496,1,0,0,0,124,124,0,0
2497,-36,-4,-1,0,2294,2262,8,8
2498,-1434.3,-2,-174,-41.332,31455,31302,807,838
2501,118.2,-157,-83.837,0,6134,6093,34,33
2504,316,125.834,-47.862,0,3065,3165,0,0
2505,-54,0,-12,0,3355,3320,0,0
2506,-40,0,-4,0,2058,2049,1,1
2509,10,0,-3,0,690,689,1,1
2511,76,0,-54,0,3286,3246,0,0
2514,-56,0,-13.317,0,15414,15422,0,0
2515,-2027.316,300,31,-12.098,34671,34975,54,62
2516,-341,0,-1,0,0,0,0,0
2520,952.1,82,-21,22.721,4685,4827,35,35
2524,50,-51,-8.003,0,3373,3352,18,18
2527,-107,-2.299,-4.002,0,1904,1900,0,0
2528,-190.3,-2,20,0,3525,3518,0,1
2530,-98.25,180,-14,-95,3229,3144,0,1
2534,141.001,0,-16.001,0,11456,11427,0,0
2535,-57,35,-8.003,0,146,141,1,1
2536,-21.889,0,-3,0,5477,5502,0,0
2537,-142,0,-2.63,0,4004,3992,1,1
2538,27,0,-4,0,2880,2876,0,0
2539,-530,19.458,-7,-6,2996,3009,13,11
2540,-405,0,7,0,3061,3066,161,162
2542,-732.31,-17,-73,-2.439,7910,7895,16,17
2543,-470,75,39,23.452,18644,18781,169,168
2545,-40,0,-13,0,2634,2607,15,15
2546,-41.205,0,-1,0,95,96,0,0
2547,84,0,-9,0,17389,17650,1,1
2548,213,254,16.096,8.754,1877,1879,12,11
2596,4,0,0,0,1857,1858,0,0
2597,-17.4,45,-10,0,283,271,0,0
2601,-55,0,-12,0,2126,2162,0,0
2603,2264.648,-28.585,-78,-38.245,16627,16615,138,139
2605,908,75,-455.02,437.491,15432,15081,269,277
2606,-1245.041,-3150.513,-16.477,-111.278,6058,5688,358,380
2607,72,-3.5,-10,0,818,801,3,2
2608,60,-111,-14.325,-0.217,764,764,7,7
2609,9627.364,-62.943,-9.454,169.402,34563,35340,954,964
2610,-13456.728,2053.445,-806,-1.72,48530,48749,692,774
2611,133,0,-1.546,0,2153,2158,6,6
2612,-317,0,4,-8.238,2213,2163,3,4
2613,7,0,-1.122,0,2828,2793,8,10
2614,-148.999,0,-3,0,6130,6204,20,20
2615,-923.217,-17.76,-254.291,-32.046,25093,24818,2708,2861
2616,-9,0,-10.023,1,955,490,4,14
2617,583.6,-2,2.034,5.931,2061,1997,34,30
2618,-5887.109,341.872,339,-152.293,42544,42698,223,241
2630,-121,0,-2,-33.944,6140,6048,63,63
2633,-7675.406,82.398,-69.833,-116,2751,2702,5,2
2634,-2035.399,178,-91,-62.945,22620,22523,40,40
2636,394,0,-9.805,0,957,918,2,2
2637,729,-67.211,-18.65,-2.999,5133,5061,81,79
2640,21,0,0,0,94,96,0,0
2641,-534.997,0,150,-34.713,11077,11111,1142,1171
2642,-3.012,0,-1,0,521,520,0,0
2643,0,0,0,0,72,72,0,0
2645,-21,0,-9.436,-36.049,4367,4251,76,77
2646,302.599,300,96,-1,2584,2591,83,72
2701,-41,0,-4,0,1090,1079,0,0
2702,-13.066,0,-0.194,0,421,414,0,0
2704,-10,-73,-13.588,0,230,227,0,0
2705,30,0,19,0,414,443,0,0
2706,-58,0,-4.621,0,835,804,0,0
2707,-12.952,-13,-3,0,157,158,0,0
2712,-12,0,-2,0,37,61,0,0
2718,5,0,0,0,323,323,0,0
2719,,,,,74,75,0,0
2722,-11.152,0,-3,0,395,403,0,0
2723,88,-25,-5,0,2325,2367,2,2
2724,,,,,0,0,0,0
2726,-2,0,0,0,416,416,0,0
2727,148.386,-8.253,3.009,0,549,552,11,11
2729,-1,0,0,0,60,60,0,0
2731,178.895,0,1.01,-2.663,998,1002,48,48
2732,-17,0,0,0,173,176,1,1
2734,9,0,0,0.022,530,531,0,0
2736,10,0,0,0,648,642,12,12
2739,-18,0,-1.063,0,1111,1115,0,0
2743,-75,0,0,-0.301,942,928,22,28
2745,-42,0,0,0,1131,1125,3,3
2748,4,0,0,0,1143,1137,0,0
2751,-1,0,0,0,3,3,0,0
2752,2,0,0,0,,,,
2753,-475,0,-2.406,-21.858,1309,1122,0,0
2754,-11,0,0,0,177,185,0,0
2755,13,0,4,0.092,96,105,9,9
2756,0,0,0,0,182,180,0,0
2762,-4,0,-1.127,0,149,152,3,0
2801,-4076.354,-9.246,-359.681,3.001,10800,10843,37,37
2812,3862.149,444.187,-168,50.492,4188,4121,0,0
2816,17,0,-2.49,0,388,368,0,0
2820,231,0,-38,0,718,715,1,1
2832,-90,0,5.97,-0.011,468,467,0,0
2834,-16807.503,24.281,-273.135,-35,5831,5353,16,11
2836,-919,29,-97.267,0,4301,4252,0,0
2838,912,150,-123,-26,313,386,3,4
2845,-276,0,-137.306,-2,6621,6600,35,35
2849,-206,0,-10.706,0,132,82,0,0
2850,-16,-52,-8.805,0,248,245,2,2
2851,295,-3,-39.792,0,843,847,0,0
2852,-1675,-5.527,-40,0,290,381,4,1
2855,-99,79,0,0,4498,4971,38,39
2867,-3576,0,114,0,0,0,0,0
2880,-3465.387,1531,-179.213,-127.77,351,336,44,44
2881,-6731.366,6264.29,-171.434,-46.396,8289,8271,68,78
2881B,0,100,-36,0,,,,
2882,-4082.865,283.604,-165,-64.989,4820,4613,342,331
2882A,-5,90,0,0,,,,
2882B,0,0,3,0,,,,
2883,-2805.19,-1618,-708.853,-334.535,15390,15106,86,95
2883B,74,0,-78,0,,,,
2884,-14664.18,-5157.006,-396.205,-4.377,2734,2335,91,81
2885,-4140.071,400.472,-2.819,-28.519,1589,1487,5,7
2886,-7858.891,96.03,-214.435,-134.863,1061,1064,22,21
2887,-13249.058,20129,-476,47.294,53141,52425,337,338
2887E,-32,0,0,0,,,,
2887H,-2,0,0,0,,,,
2887I,1040,0,-240,0,,,,
2889,957.863,-402.599,-105.659,0,744,757,7,7
2890,2766.63,-291.479,-155.516,38.338,1651,1637,38,38
2891,-36733.842,23151.087,-311.414,-447.625,3295,3423,213,210
2891B,0,0,2,0,,,,
2891C,0,0,3,0,,,,
2892,-4095.834,172,-240.058,-88.418,8511,8430,12,18
2897,6824.109,-236,-70.245,0,2167,2212,17,17
2901,-3,0,-1,0,576,576,0,0
2903,217,-202,-31.373,0,1841,1850,0,0
2904,-5,0,-1,0,7,7,0,0
2905,-223,0,-29.818,0,9581,9585,2,0
2906,-8,0,-6.26,0,549,554,0,0
2908,-132,0,-1,0,11999,11913,0,0
2910,-18,0,-2,0,6,4,0,0
2911,,,,,0,0,0,0
2912,-501.512,-328.971,-24,10.196,651,634,2,1
2913,-137,0,-28.824,0,6814,6901,0,0
2915,-84,-7,-29.058,-16.178,8498,8398,8,9
2916,-1,0,3,0,276,294,0,0
2923,-250,0,-23,0,,,,
2924,,,,,5,5,0,0
2926,-4,0,0,0,3,3,0,0
2929,39,0,-1.06,0,1247,1253,0,0
2939,-5,0,-0.089,0,589,589,22,8
2945,-4,0,-1,0,,,,
2948,-1,0,0,0,,,,
2949,-1,0,0,0,,,,
3002,-2,0,-1,0,2382,2379,12,14
3003,2,0,-4.153,0,3256,3221,8,8
3004,-152,0,-1.015,-0.021,1674,1666,1,1
3005,-1912.779,-67,45.77,-47.983,2535,2811,60,53
3006,846.654,75,-385.93,42.655,24028,23959,1042,1100
3008,154.559,-182.429,0.9,-10.65,725,730,8,11
3010,1285.123,-222.497,-5.001,28.752,1419,1412,3,3
3011,95,0,-2,0,3497,3489,25,26
3013,-151.113,50,-4,-2,11951,11819,83,84
3014,-297,-4.921,2.206,0,2403,2464,3,3
3015,-36,-2.555,-5,-1.144,1645,1659,2,1
3016,223,0,-9,26,4516,4561,143,147
3017,428.646,163.501,-20,-40.348,4458,4597,308,322
3018,,,,,6,6,0,0
3019,-421,-50,101.228,-26.518,13379,13326,1437,1412
3021,22,0,0,0,789,783,0,0
3022,-180.66,-39,-3.241,-0.38,5398,5366,2,4
3023,551.4,-7,-0.49,2.179,1718,1724,4,4
3024,188,0,-6,0,9702,9685,2,0
3025,18,-2,0,0,2954,2990,15,18
3026,-352,34,-2,-5.82,2174,2201,8,10
3027,17,0,-1.092,0,4661,4692,0,0
3028,-820.712,0,7.193,-6.132,4059,3932,24,19
3029,-54.958,-38.398,10,-3.59,2962,2949,5,7
3030,622,-7,43.752,133.812,8268,7365,235,171
3031,540,0,-5.001,0,1911,1817,7,7
3032,192,0,4.857,74.506,6423,6481,952,223
3033,159,-8.5,-13,-3.984,3732,3821,150,150
3034,547.466,-120.85,-12.999,-123.253,4273,4295,15,15
3035,-46,-67.12,81.834,84.281,15480,15491,932,886
3036,1490.191,444.246,-62,-180.511,3043,3223,75,0
3037,4701.217,-55,-214.002,-52.014,35805,36844,1468,1430
3038,56,-1.925,-6,0,1272,1271,0,0
3040,-3,0,3.7,0,13222,13187,20,18
3041,132,0,-1.001,0,3119,3141,16,14
3042,-156.7,-112,-88.112,-44.392,2939,2849,20,20
3043,8,0,-3,0,1273,1272,0,0
3044,583.217,-322,-14.096,-1.739,6392,6476,17,18
3045,-479.404,-1345,-54,-22,1214,1339,2,2
3046,-89,0,-2.632,0,1106,1128,0,0
3047,-156,0,-1.895,0,7785,7802,12,24
3048,4,0,-2.009,12.017,5829,5725,30,27
3049,-1442.95,0,-2,-16.779,533,534,0,0
3050,4,0,-11.091,0,3716,3739,4,4
3051,-224,0,-3,0,2650,2639,1,1
3052,-249.3,0,-14,0,1476,1420,0,0
3054,37,0,-68.368,-2,958,890,25,22
3055,-60,0,-0.913,-3.459,5399,5424,17,16
3056,-367,-2,-15,0,4951,4932,138,78
3057,-52,0,0,0,0,0,0,0
3058,-467,0,-2,0,1089,1089,0,0
3059,-300.734,0,-4.449,-6.211,12320,12170,19,19
3060,-1573,0,-7.578,0,6860,6751,128,133
3062,-807.9,-46,-9.243,-46.03,11473,11546,62,109
3064,,,,,0,0,0,0
3066,84,0,0,-0.001,538,523,0,0
3071,23,0,0,-1.029,1278,1356,3,4
3073,3,0,0,-0.292,932,926,0,0
3078,-357,0,2,-11.687,6414,6319,19,18
3081,-42,-105,223.6,37.3,4570,4830,295,338
3083,-6,0,0,-0.217,1547,1543,0,0
3085,,,,,0,0,0,0
3086,15,0,0,-0.435,843,837,31,33
3088,9,0,0,-0.488,2879,2888,1,1
3090,-436,-1439.815,12.687,-40.06,6173,5998,20,20
3092,44.001,0,-3.237,0,2714,2761,88,103
3093,208,0,-2,4.409,3064,2010,39,42
3094,-40,0,0,0,1799,1806,0,10
3095,1,0,0,-0.003,3,3,0,0
3105,381.882,-20,121.944,74.424,40587,41245,834,973
3114,1,0,0,0,406,407,0,0
3115,-1,0,0,0,,,,
3118,2,0,0,0,30,33,0,0
3122,-1,0,0,-0.051,366,366,0,0
3128,-25,0,0,-0.001,2112,2107,2,3
3130,-11.499,0,0,0.621,9,9,0,0
3131,230.4,0,14.707,-18.233,332,328,3,3
3135,-650,0,-15.893,0,,,,
3138,-667.708,0,-36.972,0,4305,4203,1590,1235
3141,9,0,0,-0.599,4119,4118,24,26
3147,-14.04,0,0,6.809,1458,1439,10,9
3149,-982.999,0,-146.313,0,27240,27497,120,134
3150,-4,0,1,-3.003,109,110,0,0
3152,34,0,0,-2.271,1354,1411,6,5
3162,88,0,0,0.045,6372,6422,800,706
3163,8.861,43,184,-17.767,5624,6003,278,282
3164,-30,0,-1.003,0,281,289,0,0
3167,-118.069,-18,45.804,-3,7859,7550,96,0
3168,-3,0,-1.046,0,46,47,0,0
3169,12,0,0,0.46,960,964,0,0
3171,1,0,0,-0.795,487,499,0,0
3176,-39,0,0,-0.242,936,929,0,0
3178,-1,0,0,0,840,841,2,2
3188,48,0,73,0.398,2089,2103,404,357
3189,-2596.454,-1353,21.437,-54.381,18633,18148,815,774
3191,,,,,0,0,0,0
3205,33,0,0,-0.021,1172,1160,0,0
3206,-39,0,0,0,573,577,0,0
3207,-32,0,-1,-71.247,6431,6396,18,19
3209,784,-5.947,14.698,0,2384,2370,1,0
3211,-1948,21,41.581,39.745,6685,6510,207,217
3213,-126,0,0,-56.813,2206,2371,1,1
3217,39,0,0,-0.235,1806,1796,0,0
3218,-97,0,0,1.022,748,731,0,0
3219,63,0,0,-2.181,1071,1047,17,18
3221,74,0,0,0.723,2623,2597,47,35
3224,-3,0,0,0,8582,8573,1,1
3226,1,0,0,0,9,9,0,0
3227,148.064,0,-40,1.431,4417,4453,20,22
3228,10,0,0,0.775,0,0,0,0
3229,-261,0,-1,0,0,0,0,0
3230,90,0,0,0.544,5951,5880,118,110
3231,-861.405,11,146.001,-281.13,60233,60297,654,685
3232,2,0,0,0,2775,2770,0,0
3234,-251,0,0,-0.722,0,0,0,0
3236,-136,0,6,0.105,2858,2846,125,119
3252,-1,0,0,0,12380,12380,0,0
3257,-9.999,-2,-1,0,2675,2672,6,16
3259,2,0,0,0,0,0,0,0
3260,-1707.471,-6,-86.673,-320.265,14737,16400,818,989
3264,-172.2,-199.748,73.836,-104.514,9071,9595,163,199
3265,-30.975,0,0,-37.872,3412,3428,30,31
3266,-30,0,-3,0,536,537,0,0
3268,-4,0,0,-0.555,831,836,0,0
3272,-1,0,0,0,990,988,41,41
3276,22,0,0,0,697,696,0,0
3284,-7,0,0,0.103,872,864,2,2
3285,2,0,0,0,141,141,0,0
3287,-2,0,0,0,2072,2068,0,0
3288,0,0,0,-0.002,0,0,0,0
3289,-230,0,0,-25.848,7362,7494,5,6
3290,9,0,0,4.049,10787,10853,7,8
3293,-307.957,44,-20.8,17.331,3661,3640,10,10
3294,-2,0,0,-5,7895,7881,271,295
3296,-4,0,-1.067,0,1890,1882,0,0
3297,29,0,0,-0.31,1176,1191,94,93
3303,-1,0,0,0.503,1215,1219,2,2
3305,80.706,0,-3.903,-11.218,8031,8139,215,153
3306,23,0,0,0.451,914,917,1,1
3308,15,0,7.341,0,579,600,15,15
3310,-3,0,0,0,2709,2701,0,0
3311,64,0,-2,0,3234,3253,0,0
3312,-156,0,-4,0,5354,5352,6,6
3313,12,0,0,0.363,1617,1617,94,94
3317,-30,0,0,-1.213,3092,3068,27,27
3321,25,0,0,0,0,0,0,0
3322,-75,0,0,0,9732,9747,124,97
3323,-75,0,0,0.23,6461,6385,166,164
3324,529.71,-5,118.799,193.146,6753,7021,255,391
3325,-52,0,-7,0.697,1339,1352,0,0
3332,-9,0,0,0,220,218,0,0
3338,-44.998,0,-3,0,3119,3091,7,10
3339,9,0,0,-0.473,5919,5688,177,72
3346,40,0,-1,0,2489,2485,0,0
3349,-194,0,0,0,,,,
3354,235,0,0,0.86,1652,1363,42,36
3356,369,0,3.073,0,2225,2161,1,1
3357,-643.957,0,59,-31.283,3827,3943,253,261
3360,-29,0,0,0.78,3165,3159,19,19
3362,-38,0,0,0.582,5025,5044,23,24
3363,-365.648,0,6,2,6724,6763,186,204
3372,-109,0,0,0.179,19,19,0,0
3373,0,0,0,-0.038,833,833,2,2
3374,-656.93,53,-68.017,-109.181,11335,11296,30,31
3376,1026.981,14,20.844,64.437,12968,13013,85,78
3379,7,0,0,-0.086,2382,2397,59,60
3380,1894,-94,133.305,-3.454,6124,6273,170,169
3388,4,0,0,0,117,119,0,0
3390,-48,0,0,0.279,3428,3435,7,8
3402,-1,0,0,-2.487,1854,1853,1,0
3406,9.301,-31,0.213,10.267,2294,2256,10,8
3413,48,-52,13,-25.317,3970,3982,17,18
3416,8.462,0,-0.015,-1.57,1092,1092,10,10
3419,-5,0,-1,0,1952,1952,0,0
3430,42,0,0,-0.655,1806,1784,3,3
3432,1,0,0,0,0,0,0,0
3434,43,0,0,0.025,2060,2058,0,1
3437,565.1,0,-2.185,0,2361,2474,57,21
3438,53,0,0,0,968,942,3,3
3441,-35,0,0,-0.027,1966,1965,6,6
3443,204.417,-240,4.028,3.774,3373,3431,39,65
3444,-21,0,0,0.053,730,722,1,1
3447,8,0,-1.435,0,3225,3233,16,16
3450,-1693.128,30,41.981,90.21,16866,16134,353,348
3454,-12,0,-1,0,1,14,0,0
3455,-77,0,0,0.706,2813,2892,64,54
3465,-1,0,0,0,427,422,0,0
3466,51,0,0,-0.002,11423,11411,51,51
3467,1,0,0,0,170,165,0,0
3479,-27,0,0,-0.001,1011,1005,2,2
3481,43944.544,-55,-184.019,-7904.848,419454,403666,28008,27024
3483,-59,0,0,-0.383,4805,4773,16,22
3484,-90,0,0,-0.422,1638,1645,16,16
3489,,,,,1331,1318,0,0
3490,-95,0,0,0.544,1504,1561,5,5
3491,67.999,9,19.311,-26.093,2727,2773,143,165
3492,-66,0,0,-0.136,840,754,0,0
3494,9,0,-1,0,0,0,0,0
3498,2660.001,0,0,32.085,3858,3812,314,177
3499,47,0,0,0,0,0,0,0
3501,-18,0,-2,0,733,735,0,0
3504,85,0,-3,0,1749,1761,120,119
3508,479.972,0,0,4.451,0,0,0,0
3511,-25,0,0,0.055,2305,2309,0,2
3512,-1,0,0,0,571,571,0,0
3515,-169.247,-1,-4,-1.441,2372,2343,11,11
3516,-4,0,0,0,8580,8580,0,0
3518,-25,0,0,0,2735,2753,4,5
3520,23,0,0,0,2451,2456,0,0
3521,-7,0,0,-0.013,1338,1338,0,0
3522,12,0,0,0,0,0,0,0
3523,2,0,-0.01,0,0,0,0,0
3526,305,-324,33.056,-16.757,1252,1292,11,11
3527,-20,0,0,0,1238,1230,0,0
3528,-132.715,0,-6,0,1669,1756,3,2
3529,-29.305,-127,-0.26,-14.437,1740,1615,26,26
3530,13,-2,-1.972,0,1266,1266,9,9
3531,,,,,82,82,0,0
3532,-277.898,171,-57.009,17.433,2268,2301,184,113
3533,245.506,195,25.97,18.027,1227,1232,14,11
3535,258.75,0,14.079,0,9228,10282,759,971
3537,10,0,0,-0.003,1011,1007,32,32
3540,-29,0,0,-0.483,1039,961,0,0
3541,0,0,0,-0.105,468,472,0,0
3543,-82.616,0,-1,0,9076,8826,3,2
3545,163,0,-7,-8.171,5257,5244,60,54
3546,24,0,0,2.562,2337,2346,1,1
3548,46,0,0,-3.097,4082,4094,25,21
3550,-272,0,-3.814,0,12581,12674,15,15
3551,-38.9,0,-1,-19.626,1638,1631,12,10
3552,-1,0,-2,0.638,1194,1189,3,3
3555,14,0,3.028,0,721,719,3,2
3556,20,0,0,0,258,259,0,0
3557,-81.9,0,-2.069,0,445,446,0,0
3558,-7,0,0,-4.128,1739,1733,3,6
3563,397.097,-274,101,-16.964,6637,6696,25,28
3564,29,0,0,0,1070,1084,1,1
3567,19,0,0,0,569,575,0,0
3570,-7,0,0,0,77,76,0,0
3576,-2549.232,0,7,0,0,0,0,0
3577,22,0,0,-2,1415,1416,3,1
3580,212,0,0,0.496,2391,2393,21,21
3581,132,0,0,-2.659,2815,2815,27,34
3583,359.92,0,0,-23.72,2592,2395,16,15
3587,-195,0,20,-45.375,2276,2280,0,9
3588,101.001,0,-0.377,0,1395,1377,13,6
3591,-6,0,-5.243,0,23430,23394,0,0
3592,43.385,-1.113,-2,-3.81,1094,1083,0,0
3593,0.001,0,0,0,0,0,0,0
3594,167,0,0,-0.132,4299,4314,16,8
3596,-1350.186,-31.393,12.988,16.538,1295,988,1,2
3597,8,0,0,0,1483,1470,0,0
3605,-445,-1,-4,-0.399,7854,7830,2,23
3607,9,0,-1,0,2530,2543,0,0
3609,-28,0,0,0,1212,1209,19,19
3611,1,0,0,0,157,156,0,0
3615,1271,0,0,3.681,4719,4330,70,23
3617,-107.889,-31,-5.092,-7.02,1773,1751,5,5
3622,12,0,-5,0,1778,1752,0,0
3623,49,0,0,0,494,503,12,12
3624,-193,0,0,-22.714,5453,5526,31,38
3625,27,0,0,-0.015,0,0,0,0
3628,-6,0,0,-0.511,1441,1443,1,1
3630,40,0,0,-0.913,3779,3770,25,26
3631,-6,0,0,0,753,747,0,0
3632,,,,,0,0,0,0
3645,-1114.824,0,-87.861,-49.155,12807,13727,586,735
3646,0,0,0,0,1184,1198,0,0
3652,-2,0,-2,0,1022,1032,0,0
3653,51.919,63,40.3,-1.759,1797,2056,76,78
3661,77.946,-5,11.772,-24.068,5832,5933,53,64
3663,4863.694,0,0,324.042,3434,4033,259,161
3664,0,0,0,0.09,0,0,0,0
3665,-281.689,113.358,-62.657,-28.698,2803,2877,73,75
3666,-13,0,0,0,695,689,1,1
3669,2,0,1,0,792,792,0,0
3672,-1,0,0,0,0,0,0,0
3673,-327,0,-35,-5.134,9300,9123,24,25
3675,241.6,222,-1,56.033,2351,2446,33,12
3679,-4,0,-2,0,142,145,0,0
3680,-28.99,0,-9.53,-7.234,1616,1608,15,16
3684,-12,0,0,0.028,357,351,0,0
3685,-53,0,0,0,65,65,0,0
3686,36.003,0,0,0,0,0,0,0
3687,-22,0,0,0,1309,1308,55,56
3689,-215,0,16,-21.728,6347,6273,167,160
3691,-16,0,12,-0.274,1998,2017,133,133
3693,72.996,0,0,-17.725,4925,4912,61,64
3694,-62.837,0,-1,0.001,6958,6977,48,47
3701,-499.328,-3,-1.228,-6,8729,8797,124,134
3702,-154,1010,-112,-6.8,2752,2798,59,60
3703,1024,100,-39,-1,1206,1284,8,8
3704,146.379,-1,-10,-8,8539,8538,36,33
3705,-371,-1,-2,0.29,555,549,3,3
3706,-1500.591,11,71,-45.207,38857,38121,339,350
3707,220,0,0,1.068,14658,14470,288,277
3708,-100.656,0,8.025,38,6055,5842,341,375
3709,-747.621,0,0,-210.37,8591,8337,64,69
3710,-6,0,0,0,0,0,0,0
3711,-4332.574,-74,-6.002,-10.66,4825,4841,331,337
3712,7.01,0,-1.418,0,3563,3601,432,407
3713,-5,0,0,0,,,,
3714,1964.138,0,136.124,0,16565,14461,369,158
3715,-427.63,-68.679,156,-176.538,38756,38309,422,444
3716,-18,0,-6,0,743,736,0,0
3717,364.001,0,-34.186,0,8221,8108,346,341
4102,21,0,0,0,192,202,0,0
4104,-151,0,-1.523,0.681,134,133,0,0
4105,-705,-1,0,-0.585,696,694,2,2
4106,-4,0,-4.183,0,450,450,0,0
4107,0,0,0,0,310,317,0,0
4108,2,0,-4,0,0,0,0,0
4109,43,0,0,0.359,3716,3717,0,0
4111,-130,0,0,0,750,730,0,0
4113,124,0,0,0,11175,11441,9,9
4114,-546.062,0,0,-1.172,2185,2181,1,1
4116,0,0,0,0,226,221,0,0
4119,-125,0,-4,0,487,486,0,0
4120,-10,0,0,0,554,550,0,0
4121,205,0,0,0,8234,8793,9,9
4123,18.387,0,85.044,-19.977,11301,11368,1615,1760
4126,-25,0,0,0,741,753,0,0
4127,20,0,0,0,500,492,4,4
4128,-175,0,8,-0.043,6693,6684,0,0
4129,24,0,0,1.059,966,966,1,1
4130,,,,,8058,8058,22,22
4131,9,0,0,0,,,,
4133,4.003,0,0,0,954,969,36,36
4137,-118,0,-0.395,0,1197,1196,24,24
4138,4,0,0,0,31,30,0,0
4139,,,,,1298,1298,0,0
4142,-951,-60,-17.44,0,8006,7976,24,24
4147,-123.999,0,-0.468,-0.001,9044,9014,6,26
4148,-4,0,1,0,525,522,5,5
4153,,,,,318,322,0,0
4155,-2,0,-0.157,0,601,582,0,0
4157,-442,0,3,-0.161,7895,7921,18,19
4160,1,0,0,0,150,154,0,0
4161,4,0,0,0,877,881,0,0
4162,-45,0,0,-2.279,3122,3078,11,11
4163,-3,-10,0,0,49,57,0,0
4164,-76,0,-5.883,0,5920,5875,34,34
4166,-71,0,0.228,0,16,9,0,0
4167,-70,0,0,-16.579,10713,10777,15,10
4168,-80.946,0,0,-0.128,283,288,0,0
4171,-1,0,0,-0.183,947,943,37,37
4173,-15,0,0,0,452,452,1,1
4174,-183.832,0,0,0,977,980,0,0
4175,-1,0,0,0,34,33,0,0
4188,-7,0,0,0,,,,
4190,-3,0,1,0,325,323,0,0
4205,-7,0,0,0,0,0,0,0
4207,-12,0,3,0,877,880,0,0
4303,-520.2,0,0,15.608,8509,8671,47,34
4304,,,,,0,0,0,0
4305,,,,,16,17,0,0
4306,-103,0,-11.201,0,3852,3816,2,2
4401,4,0,0,0,927,929,0,0
4402,-8,0,0,-0.024,,,,
4406,-1,0,0,0,368,369,0,0
4413,,,,,357,357,0,0
4414,5,0,6,0,746,682,0,0
4416,92,0,0.003,0,292,285,5,23
4417,-34,0,0,0,247,244,0,0
4419,1,0,-0.003,0,,,,
4420,-1,0,0,0,163,165,0,0
4426,-3,0,-3,0,1164,1158,2,2
4430,,,,,114,114,0,0
4432,-1,0,0,0,387,387,0,0
4433,-2,0,0,0,194,192,0,0
4438,-61,0,-1,0,665,660,1,0
4439,-9,0,0,0,303,316,2,3
4440,-3,0,-1,0,187,192,0,0
4441,-23.72,0,0.004,0,0,0,0,0
4442,82,0,-8,0,249,199,35,0
4502,6,0,0,0,891,891,0,0
4503,13,0,0,-12,2393,2364,54,48
4506,-15,0,0,0,8,5,0,0
4510,114,0,0,-4.378,6640,6663,586,620
4513,-18,0,0,9.412,2743,2793,9,5
4523,-171,0,9,0.691,1641,1605,48,9
4526,-883.589,0,-1,-4.763,7904,8141,215,181
4527,-7,0,0,0,178,177,0,0
4528,4,0,0,0,153,155,0,0
4529,0,0,-0.058,0,0,0,0,0
4530,,,,,0,0,0,0
4532,612,-5.621,-15,4.26,3713,3729,2,1
4533,-729,0,0,18.917,9468,9038,188,180
4534,-11,0,0,-0.479,0,0,0,0
4535,-1,0,0,0,130,130,0,0
4536,-46,-14,-1.815,0,559,536,0,0
4538,4,0,0,0,361,361,0,0
4540,316,0,0.786,0,5186,5298,138,127
4541,-133,0,0,-2.337,4267,4284,6,7
4542,147.9,0,-10,3.128,4436,4303,547,576
4543,-18,0,0,-0.539,1081,1091,7,4
4545,-22.999,0,-1,0,1353,1353,0,0
4549,29,0,0,-0.223,1133,1141,1,1
4550,1,0,0,0,135,135,0,0
4551,26,-58,-12.001,-6.205,2103,2090,20,20
4552,-4,0,-1.04,0,1845,1845,5,5
4554,0,0,0,0,33,32,0,0
4555,0,0,0,0,2376,2377,68,68
4556,14,0,0,0,518,498,0,0
4557,1,0,0.068,0,517,517,1,1
4558,-2,0,0,0,374,380,0,0
4560,-37,0,1,0,292,280,0,0
4561,-7,0,0,0,1734,1735,25,26
4562,100,0,-2,0,2670,2654,67,78
4563,-8,0,0,0.75,1340,1339,2,2
4564,219.01,0,-6,0,11672,11623,35,35
4566,7,0,0,-0.507,4729,4740,3,3
4568,1,0,0,0,55,55,0,0
4569,-1.8,0,-1,0,707,725,0,0
4571,22,0,-1,-0.318,1548,1559,1,2
4572,13,0,-2.025,0,327,329,0,1
4576,425,-17,-3.656,14.587,3048,3081,55,50
4577,-18,0,0,0.164,2883,2943,65,67
4580,-3,0,0,0,134,143,0,0
4581,1,0,0,0,63,65,0,0
4583,-3.536,3,-0.874,-0.101,2608,2594,41,41
4585,-19.45,20,0,0.153,,,,
4588,-17,0,0,0,343,340,0,0
4590,5,0,-1,2,,,,
4609,,,,,0,0,0,0
4702,4,0,0,0.673,2360,2412,0,0
4706,,,,,179,179,0,0
4707,302,0,0,0,2370,2316,2,0
4711,1,0,0,0,232,233,0,0
4714,-312,0,-15,-0.851,7302,7411,14,307
4716,-6,0,0,0.732,8400,8404,118,117
4720,8,-2.015,-1,0,3032,3041,5,5
4721,68,0,0,-1,1563,1542,1,1
4722,118.978,7,41.147,68.995,14878,15310,294,333
4726,-67,0,0,0.046,479,499,0,0
4728,,,,,1843,1844,0,0
4729,16,0,0,-0.239,2211,2235,1,1
4735,-2,0,0,0,214,218,0,0
4736,-370.015,0,-1,0,249,240,0,0
4737,116.736,0,-1,0,833,828,1,1
4739,345,0,-20.153,-39.576,2978,3050,46,38
4741,-6.1,0,0,0,284,280,1,1
4743,-145.6,0,0,0.049,11815,11971,63,138
4744,124,0,0,0,5731,5703,7,7
4745,-14,0,-0.036,0,492,495,0,0
4746,172,0,-2,0,2308,2286,30,20
4747,-1,0,0,0,1334,1333,0,0
4749,507.568,-29,16.731,8.751,4368,4694,113,118
4754,3,0,0,0,108,108,0,0
4755,-106,0,-9,0,2056,1703,14,11
4760,21,0,9,-9.722,1287,1285,9,9
4763,-1863.5,-67.39,-28,-23.775,45927,45595,224,195
4764,-53,-1,-2.634,-0.107,5088,5016,386,293
4766,-61.059,-28,-2,8.284,1086,1068,1,1
4767,,,,,23,23,0,0
4768,-46,0,-1,5,3539,3576,339,340
4770,-19.416,26,12.65,19.867,1562,1427,32,20
4771,3,0,0,0,467,474,0,0
4772,-14.499,7,9.631,-25.608,3601,3517,1,14
4804,,,,,0,0,0,0
4806,,,,,0,0,0,0
4807,-11,0,1,0,471,473,1,1
4903,154,0,0,-0.001,4038,3957,21,15
4904,2915.674,-1220,-95,25.471,78,131,0,0
4905,,,,,66,65,0,0
4906,547,-6.349,-34,0.07,12992,13181,127,108
4907,-1,0,0,0,300,329,0,0
4908,-116,0,0,10.152,3337,3504,74,73
4909,-111,0,0,-44.634,6504,6433,2012,2037
4911,4,0,0,0,203,204,1,3
4912,-90,-1,-0.371,0,3733,3693,1,1
4915,-966,-14.81,6.08,0,2730,2692,12,12
4916,737,-4,-21,55.302,10314,10367,277,447
4919,-792.084,-58,-161.66,-128.177,9955,10144,694,739
4923,0,0,0,0,502,502,0,0
4924,,,,,0,0,0,0
4927,124.849,0,-1.977,6,30079,30036,282,259
4930,-12,0,0,0,3221,3226,0,0
4931,-508,0,0,48.138,8396,7793,351,306
4933,-19,0,0,0,993,1008,5,5
4934,-102.998,0,3.606,0,0,0,0,0
4935,2,0,-3,0,687,691,0,0
4938,8230.092,-120.918,16.38,3.338,11372,5674,75,6
4939,-621,0,0,-2.507,5028,4885,76,87
4942,-40,0,-4.488,0,807,807,0,0
4943,,,,,0,0,0,0
4946,-15,0,0,0,,,,
4949,1625,0,11.182,0,3939,4022,200,175
4950,8,0,0,0,,,,
4951,33,0,0,0,834,784,0,0
4952,148.8,0,-3.078,0,1844,1818,4,5
4953,-37,0,0,-0.513,785,804,0,0
4956,1352.9,0,29.53,0,5595,6232,156,74
4958,-1300.631,492,-30,-123.806,15968,15904,162,174
4960,2301,0,-24.344,0,19536,17628,635,560
4961,-83.879,0,1,-0.05,2249,2245,19,19
4966,-68.87,-1,0,-6.706,5111,5109,59,58
4967,-829.647,-2,6,-1.698,7393,7012,0,0
4968,-31.854,-44,0.224,-6.918,5723,5707,60,60
4971,76.82,0,2,-1,6347,6554,315,510
4972,-2,0,0,0,93,93,0,0
4973,1354.83,0,30,-30.588,3070,3044,493,321
4974,51,0,0,0.523,1397,1402,2,2
4976,-57,0,-6,0,4858,4881,22,20
4977,1210.005,0,-57.664,64.188,9308,9623,266,265
4979,-117.333,-560,-35.927,32.132,9817,10074,638,656
4987,-1,0,0,0,2,2,0,0
4989,-4088.936,0,-9.631,0,18108,18377,1214,1347
4991,37,0,-52,-6,7138,7203,129,132
4994,2,0,-3,0,2037,2026,0,0
4995,-6,0,0,0,1995,1995,0,0
4999,-6,0,-2.932,0,355,358,0,0
5007,-35,0,-5,0,37,37,0,0
5009,72,-150,-22.026,-11.309,7438,7390,15,15
5011,244,0,0,0,3697,3810,6,24
5013,-1,0,0.133,0,2,2,0,0
5014,29,0,0,0,3131,3170,2,2
5015,-1,0,0,0,118,118,0,0
5016,,,,,132,132,0,0
5201,-10,0,0,0,7883,7862,0,0
5202,70.001,0,0,0,2488,2497,5,0
5203,22,0,-2,-0.003,1426,1426,2,2
5206,5,0,0,0,770,760,0,0
5209,26,0,-6,0.222,53,53,1,1
5210,8,0,0,0,0,0,0,0
5211,-1,0,0,0,245,240,0,0
5212,0,0,0,0,52,52,0,0
5213,-6,0,11,0,3695,3968,1,6
5215,-7.606,0,-1.061,0,791,798,0,0
5220,5,0,0,0,260,271,0,0
5222,-44.817,0,-6.293,-33.845,2288,2255,31,36
5223,4,0,0,0,269,274,0,0
5225,-39,-1,-2.912,-0.289,2038,2043,6,6
5227,32,0,0,-0.001,231,229,0,0
5228,13,0,0,0,400,396,1,1
5230,11,0,0,-0.221,1301,1300,0,0
5234,-5.893,70,-23.724,94.253,2858,2928,74,72
5236,14.8,0,0,0.344,438,447,5,5
5243,18,-1,-5.428,-0.332,10473,10469,31,31
5244,8,0,0,0,2226,2233,40,41
5245,-6,0,0,0.29,831,822,41,41
5251,-5,0,0,0.035,2199,2200,46,52
5258,230.001,0,-5,-684.2,4284,4394,10,9
5263,28.961,0,0,-20,5837,5836,42,42
5269,-163.497,-68,-2,-27.91,2361,2300,9,10
5272,30,0,0,0,679,659,0,0
5274,-10.26,81,-4.69,-0.739,95,108,1,5
5278,405.04,0,0,0.066,1554,1597,2,2
5283,-18,0,-1,0,125,127,0,0
5284,-214.696,0,-2.386,-29.649,4246,4319,45,52
5285,17,0,-3,0,3370,3330,0,0
5287,-14.415,0,0,0,124,124,0,0
5288,-34,-1,1,0,1839,1821,0,0
5289,417.422,38,1.882,-8.998,3488,3732,115,155
5291,-29,0,5,5,5296,5377,55,59
5292,-64,-1,-3,0,840,825,1,1
5299,-2,0,0,0,259,256,0,0
5301,-1,0,-0.006,0,0,0,0,0
5302,51,0,4,0.254,0,0,0,0
5306,-22.044,0,-1,0,450,450,0,0
5309,-345.95,-336,0,-39.617,13889,13637,175,191
5310,,,,,0,0,0,0
5312,20,0,0,0.611,646,647,0,0
5314,-494.79,0,-4,-9.205,17009,17098,71,87
5315,-86,0,0,0,2545,2522,0,1
5321,-1,0,0,4.006,1371,1373,47,45
5324,-4,0,0,0,0,0,0,0
5328,-422,0,0,-12.804,4316,4315,350,467
5340,-408.95,0,5,-340.757,8258,7612,331,355
5344,,,,,0,0,0,0
5345,,,,,0,0,0,0
5347,-2631.708,-3275,149,62.854,11432,10408,178,131
5351,3616.72,0,0,0.304,15016,15068,836,757
5353,2,0,0,0,1314,1317,10,10
5355,,,,,0,0,0,0
5356,-17,0,0,0,5401,5402,0,0
5364,18,0,0,0,778,773,0,0
5371,498.01,166,-32,-30.754,25773,25934,216,209
5381,-250,0,0,-0.265,0,0,0,0
5386,-46,0,6,50.702,1898,2042,246,262
5388,32.824,0,96.244,4.281,4313,4404,39,39
5392,-37,0,0,-0.905,9132,9156,19,25
5398,-2,0,0,-0.412,3563,3579,0,0
5403,-7,0,0,0,57,97,0,0
5410,118.001,0,0,0,2082,2079,0,0
5425,563.3,-1536,28,144.423,6985,6326,51,43
5426,-12,0,0,0.599,3605,3606,5,5
5432,-11,0,0,-0.504,770,791,4,4
5434,160.185,-84.343,-4,-8.066,480,488,2,2
5438,38,0,0,0,1796,1824,4,4
5439,1,-31,-0.197,-14.407,9558,9579,148,137
5443,395.83,0,0,-54.095,6737,6856,15,29
5450,9,0,0,-0.189,1242,1207,2,2
5452,-423.3,0,0,25.584,5866,5951,151,146
5455,,,,,53,52,0,0
5457,-92.219,0,-291,-9.986,4384,4282,37,47
5460,3,0,0,0,1260,1265,0,0
5464,-4,0,0,0,357,342,0,0
5465,-86,0,0,0.587,1416,1413,10,10
5468,,,,,0,0,0,0
5469,-399,99,-13.625,-34.214,14928,14983,103,99
5471,2,0,-3.154,0,3102,3075,10,11
5474,41,0,0,0.5,1240,1246,1,1
5475,-130,0,0,0,0,0,0,0
5478,87.1,0,56,1,336,333,1,0
5481,19,0,0,0,7922,8007,1,1
5483,-3412.007,-273.567,-659.546,-147.255,8666,8714,88,27
5484,-67.998,-1,-9,0,0,0,0,0
5487,-1,0,0,0,1552,1548,0,0
5488,-85,0,0,0,1134,1134,0,0
5489,-3,0,0,0,965,968,3,0
5490,70,0,0,0.533,1760,1846,0,0
5493,1,0,0,0,1891,1890,2,5
5498,-694,0,0,7.092,477,483,0,0
5508,18,0,-1.021,4.311,2657,2619,141,142
5511,-178,0,0,0,576,663,2,2
5512,79,0,0,0,3547,3456,1,1
5514,0,0,0.059,0,56,56,0,0
5515,-69,0,27.788,0,1605,1612,11,4
5516,0,0,0,0,196,216,0,0
5519,1399.053,0,-1.884,0,687,734,12,2
5520,,,,,6,6,0,0
5521,-8837.8,0,-3556.1,9,22712,18765,58,181
5522,-203,-77,-31.016,19,1624,1592,2,2
5523,,,,,4,4,0,0
5525,-25,0,-3.02,0,360,359,0,0
5529,2,0,0,0,1662,1662,0,0
5530,-365,0,0,-3,3996,3992,1,1
5531,-136,0,-12,0,2662,2662,0,0
5533,-26,0,-2,0,721,716,0,0
5534,-74.27,0,-41.281,-9.302,3421,3424,143,138
5536,245.95,-1,0.395,-18.048,2506,2582,6,6
5538,1,0,-2,0,46,55,0,0
5543,-2,0,0,0,0,0,0,0
5546,-9,0,0,0,21,20,0,0
5547,-4,0,0,0,,,,
5548,5,0,0,0,24,24,0,0
5601,3,0,0,0,0,0,0,0
5603,2,0,0,0,4715,4714,0,0
5604,-1,0,0,0,97,97,0,0
5607,-898,50,3.737,0,1525,1540,0,6
5608,429,0,-3.244,0,6093,6146,186,188
5609,55,0,0,0,154,143,0,0
5701,,,,,0,0,0,0
5703,,,,,0,0,0,0
5704,1,0,-5,0,123,123,0,0
5706,77,0,-3.15,0,962,952,3,3
5864,-2350,0,0,0,9041,8930,7,0
5871,-1737.046,-41.902,-34.017,-3.289,5683,5591,4,6
5876,-1452.055,70.128,-89.531,-146.937,1556,1648,28,25
5880,-5060.85,155.658,-254.132,-252.747,1418,1400,12,13
5902,-1,0,0,0,5860,5874,0,0
5903,-20,0,5,0,20,20,0,0
5904,34,0,0,4.909,194,184,2,2
5905,-39,0,0,0.198,3696,3703,2,7
5906,-2,0,0,0,246,246,0,0
5907,-20,0,-2.999,0,5232,5192,7,7
6005,-5393,777.017,0,0,4541,3752,17,22
6015,-332,0,0,0,6199,6047,275,277
6016,-432,0,0,0,5977,6334,19,19
6020,,,,,114,114,0,0
6021,-8,0,0,0,639,641,6,6
6023,194,0,0,0,291,231,0,0
6024,271,-1,0,0,241,242,0,0
6026,615,0,0,0,3619,3331,3,2
6101,-10,0,0,0,6601,6603,0,0
6103,1,0,0,0,0,0,0,0
6104,88.107,0,2,-4.392,5696,5727,77,73
6108,215.002,0,-1,0,1037,1093,18,18
6109,-3,0,0,0,163,163,0,0
6111,-17.001,0,0,-0.897,2870,2903,5,5
6112,417,0,2,3.753,3393,3494,13,20
6113,37,0,0,0,1756,1764,16,14
6114,,,,,1158,1163,0,0
6115,-7,0,-6,-0.504,18,21,0,0
6116,738.048,0,-184.606,360.229,34774,35977,194,320
6117,-170,0,0.874,1,3988,3988,58,59
6118,8,0,0,-0.001,2311,2322,10,13
6120,1171,-25,-19,19.3,7947,7953,70,66
6121,381.684,-7.372,22.517,2.375,505,568,5,5
6122,-164,0,0,4.398,1994,2001,18,18
6123,-6,0,0,0,251,245,0,0
6124,-17,0,0,0,466,492,6,6
6125,-96.651,0,0,-29.628,9259,9547,22,20
6126,38,0,-20,-0.656,3443,3442,115,132
6127,-117,0,0,2.578,4343,4315,130,161
6128,-10,0,-4.926,0,58,58,0,0
6129,55,0,0,0.608,170,170,0,0
6130,-14,0,0,-0.096,3157,3155,2,2
6133,34,0,-2,0,4206,4368,45,77
6134,145,0,10,5.564,3714,3743,29,26
6136,-100,0,-2,0,2326,2332,0,0
6138,-86,-3,-0.063,-11.884,959,956,5,5
6139,-106.85,-46,-20.391,-56.011,4636,4598,25,29
6140,-93,0,0,0.712,1761,1781,11,11
6141,79,0,0.975,0,251,276,0,0
6142,77,0,-2,0,0,0,0,0
6143,8,0,-80,-0.607,8158,8212,48,49
6144,-1,0,0,0,0,0,0,0
6146,-79.95,0,-0.666,0,631,577,1,1
6147,3612.95,-19.869,300.377,262.419,8879,3765,53,1
6148,-438,0,0,2.352,2823,2693,84,18
6150,6,0,0,-3.203,1921,1929,37,38
6151,3,0,0,0.849,1186,1202,0,0
6152,400,0,0,0,0,0,0,0
6153,916,0,-6,0,11372,11469,471,477
6154,-1,0,0,0,249,248,0,0
6155,-79,0,-2.493,0,2388,2356,23,18
6156,-57,0,0,0.035,6651,6646,0,2
6158,-29.95,0,0,0,1098,1094,0,0
6160,21,0,0,0.76,853,844,0,0
6161,15.01,0,0,0.17,543,540,0,0
6163,-184.9,0,0,-1.047,21924,21933,458,376
6164,153,0,0,0,4539,4478,4,4
6165,16,0,-1.023,0,15339,15323,6,6
6166,-214.74,0,-0.74,-10.011,2964,2909,6,9
6167,75,0,0,0,3115,3115,1,1
6168,300.569,0,-5.985,0,2469,2047,57,16
6169,-2,0,0,0,19,19,0,0
6170,111,0,0,0,3066,3078,5,4
6171,-1,0,0,0,266,266,0,0
6173,-57,0,-4,-5.46,7551,7365,160,164
6174,-4,0,0,0,380,381,0,0
6175,50,0,0,5.417,3954,3934,45,40
6176,472,-62.966,-36.397,-10.688,2881,2917,10,15
6177,-25,-16,11.467,-0.756,3574,3582,182,182
6179,-342,0,0,0.428,14235,14115,3448,3177
6180,-652.9,-3.483,0,-0.348,1527,1450,34,35
6182,-1393,0,46,-90.701,13939,13712,999,969
6183,-23.997,0,-4.215,3.822,14,14,0,0
6184,-3,0,0,0,562,562,4,4
6185,4.01,0,0,0.08,1217,1220,0,0
6186,-32.998,0,0,0.374,1288,1283,12,12
6187,241.712,0,44.051,7.793,2321,2544,170,182
6188,-164,0,-4.005,-6.912,8195,8203,20,20
6189,112,0,-9,0,2611,2673,6,4
6190,19,0,0,-81.138,8912,8908,386,369
6191,499.26,-1773,-14.66,-15.651,23095,22967,296,292
6192,11.005,0,-2,0,900,905,0,0
6194,1,0,0,0,1905,1912,0,0
6195,1,0,0,0,24,24,0,0
6196,-301.397,45,-12,-41.541,1995,1984,225,245
6197,1386.776,35,1.569,106.066,4501,4702,39,29
6198,1,0,0,0,,,,
6199,-19,0,0,0,2361,2351,5,5
6201,-4,0,-5,0,60,60,0,0
6202,-357,0,-25.821,-6.595,5505,5728,56,69
6203,-32,0,0,0.066,629,634,1,0
6204,8,0,0,0,739,740,1,2
6205,10,-2,0,0,2089,2130,9,9
6206,-14,-33.287,-17,-10.774,3263,3197,18,20
6207,48,0,0,2.151,4131,4100,149,150
6208,7,0,0,-0.082,795,807,0,0
6209,-333,-5,-5.915,-13.278,12431,12361,263,265
6210,-1,0,0,0,71,71,0,0
6212,-3,0,0,0,14,12,0,0
6213,26.01,0,-79,-24.212,14402,14345,293,310
6214,114,-84,-7.001,-2,1559,1591,8,8
6215,53.551,0,0,-14.483,5654,5595,358,364
6216,-23,0,-2.137,0,821,820,9,10
6217,-210,0,5,0,18958,18516,748,714
6218,40,0,0,-0.275,966,957,0,0
6219,3,0,0,0,5467,5472,49,49
6220,-123,0,-1,-1.005,2926,3329,173,188
6221,-71,0,0,0,3263,3260,0,0
6222,,,,,55,55,0,0
6223,162.462,141.55,-55.4,-31.339,974,942,88,91
6224,-56,0,-1,0,708,705,0,0
6225,,,,,0,0,0,0
6226,215,0,-4.288,0,0,0,0,0
6227,-64,0,-4,-2.942,3107,3107,17,18
6228,,,,,79,79,0,0
6229,6,0,0,-0.093,819,807,1,1
6230,16.419,0,-4.085,2,467,459,5,5
6231,128.001,41,0,2.376,2668,2697,10,10
6233,40,0,20.043,0,3471,3208,33,28
6234,4,0,0,0.478,2679,2702,5,5
6235,-146.999,0,-6.298,-8.706,4634,4648,4,5
6237,20,0,0,0.001,3623,3624,14,14
6239,-752.505,-1120,-30,241.591,5842,5730,64,69
6240,,,,,781,780,0,0
6241,,,,,0,0,0,0
6243,43,0,-0.11,0,1835,1833,0,0
6244,-1435.8,0,1,11.31,16093,15797,1319,1729
6245,-39,0,-4,-0.553,2321,2321,6,6
6246,-24,0,0,4.803,485,485,0,0
6248,-12,0,0,-0.15,1012,1016,0,0
6257,-147.97,-228,-24.447,-57.19,9640,9545,91,108
6259,1,0,0,0,378,391,0,0
6261,130,0,0,5.218,1911,1879,3,2
6263,9,0,0,0,187,187,0,0
6264,-2,0,0,0,0,0,0,0
6265,-309.02,0,10,0.931,7863,7205,499,305
6266,-44.547,0,0,-0.752,1133,1144,9,9
6269,-153.702,-18,83.671,25.168,4868,4963,36,31
6270,26,0,0,0,1578,1548,0,0
6271,-88.99,0,-5.572,-5.234,7364,7289,40,41
6272,-20,0,-1,0,,,,
6274,-4851.789,-4874.224,-238.56,-66.2,11446,9149,917,1268
6275,-238,0,-5,-1.1,1917,2045,33,41
6276,2,0,0,0.662,482,482,3,3
6277,27,0,-2,-0.04,312,316,0,0
6278,298,-303.281,-7.896,15.983,2552,2564,30,29
6279,200.45,-10,7.907,0.152,3496,3510,26,40
6281,-17,0,0,0,8,8,0,0
6282,-642.16,-335.08,-149.636,-140.915,31140,31084,278,307
6283,-5.044,0,-4.018,0,1859,1847,9,9
6284,-190,0,0,0.056,3848,3858,26,30
6285,249.572,376,29.588,36.187,20787,20865,184,193
6290,501.275,-20,-68.327,-3.457,19056,20270,355,396
6291,30.9,0,7,-15.751,2524,2494,38,25
6292,3,0,0,0,126,130,0,0
6294,1,0,0,-0.005,76,79,0,0
6405,-132,0,-0.322,0,4713,4648,7,7
6409,-25.657,4,-1.812,-13.434,1476,1483,1,1
6411,-77,0,0,-0.461,1568,1577,6,6
6412,-546.509,-120.398,-11.099,-6,2280,2220,12,5
6414,-38.443,72,-0.37,-2.624,1338,1338,12,13
6415,577.861,141,-17,133.481,7837,7809,156,141
6416,33,0,-2,0,3227,3249,0,0
6417,34,0,0,0,2443,2467,9,9
6418,22,0,0,0.379,1195,1190,34,34
6419,0,0,0,0,305,305,0,0
6423,9,0,0,0,375,379,1,1
6425,-169,0,0,-0.01,4832,4792,0,12
6426,9,0,42.853,-41,2783,2837,118,121
6431,-43,0,-2,0,0,0,0,0
6432,27,0,0,-0.229,1323,1322,142,155
6435,120,0,2,-10.645,1769,1948,3,3
6438,-265.884,1,0,-6.979,5524,5478,32,31
6441,-5,0,0,-0.006,970,958,1,1
6442,-42.14,11,-8.9,3.287,4426,4489,206,242
6443,-21131.666,0,-763.739,-124.684,34663,31134,4370,6307
6446,-330.942,1,13.797,-0.7,7748,8580,17,18
6449,-72,0,-2.75,-1,2259,2182,44,43
6451,19.948,0,-16.057,70.532,4926,4974,92,91
6456,87,0,92.67,17.675,11768,11467,131,121
6461,4,0,0,0.771,0,0,0,0
6462,-21.99,0,0,-4.005,5180,5176,144,147
6464,-8,0,-2,0,0,0,0,0
6465,9,0,0,0,0,0,0,0
6469,-23.344,0,0,-1.017,775,780,23,23
6470,16,0,0,-0.275,302,308,0,0
6472,-89.567,4,-3.369,-1.003,3873,3841,12,13
6474,-1,0,0,0,,,,
6477,733,0,-2,0,3562,3682,133,127
6482,-1,0,0,0,100,101,0,0
6485,-125.989,0,0,-1.76,3087,3086,36,38
6486,12,0,0,0.719,223,230,0,0
6488,-2798.954,78,-79.096,-235.611,3995,3619,64,66
6491,-18.196,-0.285,-2,0,768,774,0,0
6492,-45,0,0,-0.016,286,296,2,2
6494,5.001,0,0,0,825,829,0,0
6496,,,,,29,28,0,0
6498,14,0,0,0,31,33,0,0
6499,119.166,0,0,-0.894,7624,7705,58,64
6504,3,0,-1.04,0,116,116,0,0
6505,-15292.856,-213.429,347.396,158.853,14844,12394,201,108
6506,2,0,0,0,297,290,0,0
6508,2,0,0,0,295,178,1,1
6509,-362,0,-30,-7.351,4366,5077,31,44
6510,-61.016,279,-4.9,3.422,272,319,19,17
6515,-100.361,66.2,-10.04,-9.456,245,256,46,49
6516,4,0,0,0,781,782,0,0
6517,-34,0,0,-0.641,1808,1795,20,20
6523,3,0,0,0,62,62,0,0
6525,166.052,-1,2,0,839,882,0,0
6526,72.17,87,13.01,6.25,1474,1410,3,1
6530,-130,0,3,-0.691,2987,3021,71,76
6531,2208.161,5,5,253.945,6081,4714,144,60
6532,92,0,0,0,2050,2031,0,0
6533,25,-8,-2,-2.609,1956,1951,33,34
6534,72,0,-1,-3,2544,2542,0,0
6535,-43,0,0,0.082,,,,
6538,20,-0.616,0,0,683,684,1,1
6541,-134,0,-2.271,0,3257,3221,24,24
6542,-3,0,0,0,54,55,0,0
6546,140,0,0,-7.335,7145,7169,16,18
6547,38,0,4,-8.282,6912,6856,68,107
6548,-1151.84,-2,-5.092,83.049,9142,8795,261,18
6550,8.692,0,0,0,0,0,0,0
6552,11,0,0,0,1359,1387,0,0
6558,-39.676,0,-1,0,4058,4039,95,101
6560,-2,0,0,0,289,288,0,0
6561,-8.945,-8,0.003,-6.399,346,351,2,2
6568,62,0,3,67.956,1828,1484,17,9
6569,-3,0,0,0,261,249,0,0
6570,6,0,0,0,449,462,0,0
6573,15,0,4.747,0,0,0,0,0
6574,0,0,0,0,,,,
6576,9,0,0,0,,,,
6577,4,0,0,0,98,100,0,0
6578,8,0,0,0,701,704,0,0
6579,-25,51,-6,0,551,552,0,0
6581,-13.944,0,-1,0,34,34,0,0
6582,-11,0,-3.082,0,350,351,0,0
6584,-157.41,262,6.768,-0.244,1548,1613,109,142
6585,23,0,-1,0,1362,1357,0,0
6588,-22.999,0,0,-34,2114,2145,45,53
6589,-166,25,-5.584,0,3474,3441,33,33
6590,2,0,0,0,,,,
6591,-67,0,-0.997,-0.67,2552,2550,26,27
6592,443,0,-10.995,0,630,675,0,0
6593,5,0,0,0,736,739,0,0
6596,30,0,0,-7.024,1322,1408,45,38
6598,-7,0,-1,0,0,0,0,0
6603,120,0,0,-23.027,6109,6155,593,638
6605,-80,-12,-6.135,0,1990,1986,0,0
6606,-2,0,-1,0,627,639,0,0
6609,1,0,0,-0.478,1904,1901,2,2
6612,8,0,0,0,468,466,0,0
6613,-14,-1.704,0,-1.02,487,473,1,1
6614,7,0,-7,0,,,,
6616,-1,0,0,0,826,828,0,0
6617,34,0,0,0,110,122,0,0
6620,-136.783,0,0,0,,,,
6624,0,0,0,0,260,259,0,0
6625,-430,0,0.748,-0.339,1423,1525,0,0
6629,-9,0,0,0,1284,1274,0,0
6637,-1,0,0,0,30,31,0,0
6640,17,0,6,6.7,614,579,2,1
6641,0,0,-0.03,0,137,133,0,0
6642,29,0,0,0,1106,1119,0,0
6643,432.989,-1,0,-0.273,2529,2514,33,35
6645,-4,0,0,-0.004,16,18,0,0
6649,-1,0,0,-0.001,1405,1403,0,0
6651,106,0,0,0,171,176,4,23
6654,-1,0,0,0,2766,2764,2,2
6655,-4.479,0,0.298,0,0,0,0,0
6657,-23,0,-1,0,2349,2273,0,0
6658,262,0,6.309,0,2427,2257,3,0
6664,-75,0,0,-9.485,933,932,2,2
6666,-2,0,0,0,236,236,0,0
6667,-12,0,0,-0.238,2079,2084,6,7
6668,37,0,-1,0,3105,3094,4,4
6669,158.739,-421,-0.686,-3.478,2157,2160,46,54
6670,-20,-20.625,3.885,-0.671,490,482,0,0
6671,14,0,0,-4.945,44,35,0,0
6672,77,0,-1.19,0,3560,3587,72,71
6674,-8,0,0,0,299,298,0,0
6679,129,0,4,22.612,2923,2918,12,11
6683,-4,0,2,51.705,1944,1920,54,52
6684,49,0,0,-0.377,1108,1101,23,24
6689,45,0,-1,0,1725,1758,4,3
6690,11,0,0,0,95,98,0,0
6691,69.678,-15,-3,-1.365,1988,1988,12,45
6692,0,0,0,0.045,448,457,0,0
6693,643,0,4,14.26,2256,1798,4,3
6695,40,0,-1.204,0,2539,2541,22,22
6697,-2,0,0,0,58,52,0,0
6698,-54,0,-0.998,0,1671,1672,0,0
6703,10,0,0,0,109,104,0,0
6706,2182.995,0,76.393,27.473,9705,8965,471,416
6708,-1,0,0,0,,,,
6712,-113.007,0,0.826,0.245,970,1048,5,5
6715,344.711,0,29.359,0,6902,6729,616,371
6716,16,0,-1,-23,385,407,5,7
6719,-41,29,-3,-1.249,1128,1123,1,1
6720,2,0,0,47,1220,1275,0,0
6722,-30,0,-1,0,,,,
6725,-92.552,0,5,-0.88,,,,
6727,688,0,13.123,15.44,1916,1351,15,7
6728,-2,0,0,0,182,180,0,0
6730,-1,0,0,0,,,,
6732,-11,0,0,-0.047,647,647,2,3
6733,-78,0,0,0.077,,,,
6735,-1,0,0,0,773,773,0,0
6739,268.009,0,8.073,11.404,1281,1210,7,0
6741,-28.99,0,0,0,1810,1805,1,1
6742,14,0,0,0,2381,2367,19,22
6743,-48,0,-2,0,895,933,3,4
6751,-1,0,0,0,155,156,0,0
6752,19,0,0,0,566,566,0,0
6753,-8.278,-47,5.108,10.327,5440,5445,58,57
6754,-21,-0.279,-1.058,0,144,136,0,0
6756,23,0,-2,0,675,676,44,51
6757,-353.911,0,-14,1.801,4213,4067,51,64
6761,-90.755,0,0,44.804,3338,3406,21,20
6763,28,0,0,-2.134,2048,2065,4,3
6767,-1,0,0,0,,,,
6768,20.069,-1.167,-2.286,0,2102,2132,5,5
6770,-58751.141,-106,118,304.808,114570,109471,3929,4019
6771,-4,0,0,0,63,61,0,0
6776,9,0,-1,0,895,905,2,7
6781,-41.923,-2,-1.584,-6.979,2533,2514,6,6
6782,-22,0,-2,0,646,667,0,0
6785,-2,0,0,-0.01,1154,1156,0,1
6788,-85.8,0,-5,-14.007,2993,2898,29,29
6789,-517.219,-18,-1,-69.352,14512,14267,96,96
6790,65,0,-2,0,356,358,0,0
6791,1,0,0,0,72,68,0,0
6792,0,0,0,0,404,416,0,0
6794,-3,0,0,0,166,166,0,0
6796,1,0,-1,0,268,263,1,1
6799,21,0,-1.102,0,2187,2190,0,0
6803,2,0,0,0,26,26,0,0
6804,3,0,0,0,279,271,0,0
6805,-139.569,-293,-14.799,-22.129,1908,1932,73,86
6806,-217.72,-39.368,-5.908,0,4512,4480,1539,1500
6807,-6,0,-1,0,166,169,0,0
6811,-32.5,0,0,-2.468,379,372,6,6
6821,-1,0,0,0,404,404,0,0
6823,17,0,2.388,0,138,127,0,0
6829,-19,0,0,-0.426,1077,1067,5,6
6830,81.116,13,-0.857,-0.668,4599,4661,400,415
6831,-108.866,314,-1,0,,,,
6834,14,0,11.981,0,786,779,0,0
6835,19,0,-1,0,761,744,0,0
6838,-27,0,-2,0,1732,1715,10,10
6840,-13,0,0,0,320,325,3,3
6841,2,0,0,-2.028,1695,1713,1,1
6843,,,,,376,376,0,0
6844,-1,0,0,0,,,,
6846,7,0,0,0,,,,
6854,35.8,0,2,2.586,4087,4018,24,24
6859,-67.9,0,0,-2.18,743,717,4,4
6861,40.16,0,-2,41,2255,2154,33,51
6862,-24,0,-5,9.589,1708,1710,28,32
6863,-8,0,-2.545,0,1206,1211,0,0
6865,0,0,0,0,570,569,0,0
6869,-173.022,0,-4.23,-18,3292,3266,2,3
6870,-26.85,0,0,0,550,521,2,1
6872,2,0,0,0,,,,
6873,10.302,0,-5,-9.994,4383,4382,15,15
6874,-1,0,0,-0.837,84,70,0,0
6875,49,0,0,0.141,,,,
6877,5,0,0,-4.644,8022,8047,30,33
6885,37,0,-1,0,2215,2216,0,5
6887,6,0,-2.096,0,997,993,0,1
6890,-30.808,0,3,-0.067,2223,2208,62,95
6894,54.92,0,1,0.004,570,493,0,0
6895,12,0,0,-0.401,1065,1062,93,94
6899,0,0,0,0,87,87,0,0
6901,-382,0,-8,0,2092,2111,0,0
6902,-1,0,0.002,0,407,408,0,0
6903,-62.542,0,-0.888,-2.882,2195,2141,10,6
6904,-1,0,0,0,,,,
6906,-11,0,0,0,621,625,0,0
6907,10.9,0,0,0,,,,
6909,-363,0,-8,0,1369,1360,2,16
6910,9,0,0,0,,,,
6913,-32,0,-16,-6.04,1298,1287,0,0
6914,39,0,-1,0,358,368,0,0
6916,-5,0,-0.261,0,622,620,0,0
6918,-2,0,0,0,20,20,0,0
6919,-1170.057,38,-47,16,,,,
6921,7,0,-0.356,-1,,,,
6922,5,0,0,-1.002,86,86,0,0
6923,-71,0,1.227,-0.234,1960,1963,0,0
6924,-4,0,0,-3,,,,
6925,-4,0,0,0.092,111,109,0,0
6928,0,0,-1.809,0,888,898,3,3
6931,4,0,-1,0,103,120,0,0
6933,-22,0,-3.18,-0.481,538,565,1,1
6934,-29,0,0,0,,,,
6936,-12,0,-2,0,227,227,0,0
6937,10.639,198,-0.381,-21.359,2037,1982,16,15
6944,119.051,9.583,-5,129.313,793,807,10,4
6949,-47.153,0,-1,-0.367,4226,4187,5,5
6951,54,0,0,-3,56,59,0,0
6952,-4,0,-3.042,0,27,24,0,0
6953,1,0,-0.173,0,228,233,0,0
6955,-1,0,0,2,,,,
6957,9,0,0,-0.008,1629,1620,0,0
6958,-42,0,1,0,118,113,1,1
6961,-6,0,0,0,,,,
6962,-331,0,-4,-6.531,7258,7204,8,15
6965,1.021,0,-1,0,49,49,0,0
6967,2,0,0,0,128,133,0,0
6968,-1,0,0,0,250,250,4,4
6969,1,0,1,2,,,,
6982,-3,0,0,0,302,304,6,6
6988,-4,0,0,-3,,,,
6994,-21,0,-3,-1.711,2663,2691,7,73
6996,25,0,1,0.001,125,128,0,0
7402,-8,0,0,-0.249,3877,3878,15,23
7547,14,0,0,0,87,83,0,0
7556,22,0,0,-4,78,86,0,0
7584,1,0,0,0,55,55,0,0
7610,-22.326,0,0,0,,,,
7631,0,0,-0.192,2,,,,
7642,3,0,0,0,42,41,0,0
7703,1,0,0,0.02,407,408,0,0
7704,4,0,0,0,140,138,0,0
7705,-3,0,-1,0,101,121,0,0
7709,-23,0,-1,0,148,158,0,0
7711,-20,0,0,0,,,,
7712,164,0,0.162,0,1189,1006,13,1
7713,-1,0,1,0,,,,
7714,-5,0,0,-0.045,496,495,0,0
7715,9,0,0,0,372,382,0,0
7717,7,0,9,-20,,,,
7718,-2,0,0,0,33,27,0,0
7721,35,0,0,0,63,62,0,0
7722,12.436,1,-1,2,373,385,2,2
7723,-2,0,0,0,83,81,0,0
7728,-31,0,10,2,703,703,42,42
7730,41,0,0,0.601,,,,
7732,-4,0,-1,0,16,14,0,0
7734,-38,3,22.402,-1.716,822,863,0,0
7736,-6,0,-1,0,43,43,0,0
7738,3,0,0,0,,,,
7740,-61.72,0,0,0,517,470,2,2
7743,-3,0,0,0,,,,
7744,1,0,0,-5,,,,
7749,-17.819,0,0,-0.456,524,517,1,0
7750,23.192,14,-2,0,,,,
7751,21.746,0,2,-1,,,,
7753,-1,0,0,0,10,10,0,0
7757,-1,0,0,0,,,,
7765,-50,-0.956,-6,0,,,,
7769,-93.323,37,-4.146,-1.385,,,,
7770,5,0,-1,0,,,,
7777,-101,0,0,-2.48,,,,
7780,-427.997,0,-7,-35.711,,,,
7786,24.486,0,-2,0,,,,
7788,-63,0,-1,0,,,,
7791,7,0,0,0,,,,
7792,-12,0,0,0,,,,
7795,-101.95,15,-1,0,,,,
7799,30.776,0,0,-3,,,,
7805,41,0,14,0,,,,
7810,-59,0,14,2.048,,,,
7823,2,0,0,1.378,,,,
8011,-410,0,-3,0,4172,4201,14,20
8016,296.859,-1.659,-2,5.513,1253,1312,3,3
8021,-900.686,76,-11,-0.837,10424,10233,250,339
8024,-1,0,0,0,230,233,0,0
8027,920,0,0,32.828,6599,6901,219,232
8028,180.794,-108,77,-122.477,8715,8744,173,218
8032,-64,0,0,-0.001,808,797,0,0
8033,187,0,-6,0,8893,8968,0,0
8034,129,0,0,0,3576,3531,3,5
8038,-83,0,0,0.351,,,,
8039,3561.976,0,-72.418,11.993,18376,18486,855,732
8040,1,0,0,0.209,782,776,5,7
8042,-55.9,0,0,-1.328,3452,3418,118,113
8043,39,0,0,-0.222,3341,3353,900,948
8044,-226,0,-0.009,0.211,2357,2363,6,45
8045,28,0,2,-2.209,4863,4879,1,1
8046,-103.236,-173,59.002,7.098,8675,8730,5,0
8047,10,0,0,-0.922,9,9,0,0
8048,60,0,0,-0.145,3120,3094,4,4
8049,8,0,0,-0.394,360,360,0,0
8050,42,0,0,-0.165,3110,3112,6,6
8054,-23,0,0,-5.203,8304,8386,179,204
8059,-49,0,0,0,0,0,0,0
8064,3533.891,0,39.975,19.485,5022,5402,289,297
8066,-1,0,0,0,513,515,0,0
8068,-29,0,0,-0.238,1865,1845,1,1
8069,-1583.533,-67,-31.479,-47.016,8226,8152,47,44
8070,734,-1910,-23.942,2.682,6482,6355,0,0
8071,-18.874,0,0,-0.024,2814,2813,5,5
8072,-4,0,0,0,1853,1851,6,3
8074,-531.932,0,0,-13.925,6460,6390,172,149
8076,-132,0,0,-13.645,9124,9431,19,9
8080,10,0,0,0,0,0,0,0
8081,-113,-35,-3.079,-0.199,1090,1100,2,2
8083,-19,0,0,0,46,46,0,0
8084,-16,0,0,0,,,,
8085,75,0,0,-0.092,2222,2228,29,29
8086,270.2,0,-84.642,-83.36,5314,5345,506,528
8087,8,0,0,0,106,104,0,0
8088,-3047.15,0,85,-39.021,5126,4924,227,222
8089,65,0,0,-0.001,2887,2884,119,111
8091,57,0,0,0,478,505,0,0
8092,-5,0,0,0,,,,
8093,1,0,0,0,0,0,0,0
8096,2463.599,0,0,-74.331,20947,20824,446,492
8097,39,0,0,10.826,10341,10345,16,16
8099,20,0,0,-0.025,10257,10251,21,21
8101,0,0,0.176,0,0,0,0,0
8102,1,0,0,0,,,,
8103,221.95,0,-2.498,-0.898,4173,4248,33,38
8104,117.552,0,-1,0,4048,4063,9,11
8105,418,0,-7.41,0,6133,6125,192,169
8107,-4,0,0,-0.146,2578,2575,1,1
8109,-7,0,0,-9.005,460,460,0,0
8110,-778.824,-13,-15.424,-4.64,17330,16817,3384,3337
8111,74.001,0,0,-5.679,11910,12077,97,97
8112,9026.78,-90.048,-377.106,118.799,15744,16038,867,856
8112A,-1,0,0,0,,,,
8114,-26.836,-16,-2.583,-6.673,1305,1288,8,8
8121,-17,0,0,-0.241,0,0,0,0
8131,-1061.26,-6,-17.45,-29.267,9649,9598,333,261
8147,31.1,0,0,-1.485,1180,1105,0,0
8150,-2753,83,-71.133,-67.711,12494,12462,133,154
8155,108,0,208.536,53.862,4098,4196,284,276
8162,16,0,-1.772,10,367,361,0,0
8163,-85,-3.799,-2.179,0,1630,1708,9,8
8171,6,0,0,-0.203,8475,8473,92,92
8176,,,,,0,0,0,0
8182,6,0,0,0,724,727,0,0
8183,77,0,0,0.478,2018,2072,3,2
8201,-10,0,-4,0,0,0,0,0
8210,-508.47,90,-14,-20.988,2990,2899,130,123
8213,-864.47,0,-23,0,2231,2030,6,0
8215,88,0,-9,0,1633,1617,0,0
8222,18,0,0,0,3926,3943,12,12
8227,43.036,0,0,-1.397,2281,2248,0,1
8234,45.7,0,0,-0.002,4573,4592,67,63
8240,-652.15,0,0,8.618,2026,1644,6,3
8249,-33,0,-8,-0.024,5333,5342,13,14
8255,76,0,0,-5.096,1747,1725,2,2
8261,-113.561,0,-1.566,1.05,4608,4611,26,27
8271,2914.839,-4,29.7,-6.144,7942,6172,660,432
8272,-1,0,0,0,,,,
8277,268,0,0,0.279,0,0,0,0
8279,-1,0,0,0,107,106,0,0
8284,1,0,0,0,18,18,0,0
8289,52,0,0,11,2112,2128,17,16
8299,-650.822,-11,30.75,4.835,13326,13478,67,111
8341,-9,0,-5,0,465,461,1,1
8342,1,0,0,0,0,0,0,0
8349,194,0,0,0,1899,1796,0,0
8354,-1,0,0,0,4440,4411,0,0
8358,-22,-780,-16.917,-10.965,20736,21172,2188,2229
8367,0,0,0,0,30,30,0,0
8374,-31.095,0,-2.555,-0.043,2026,2029,54,63
8383,164,0,-7,0.497,1710,1715,2,2
8390,82,0,-8.059,-59.204,2587,2504,61,74
8401,7,0,0,0,346,346,15,13
8403,-8,0,0,0,742,723,0,0
8404,9.45,0,-11.247,0,4175,4152,72,73
8409,0,0,0,-0.238,,,,
8410,0,0,0,0,1623,1605,0,0
8411,-12,0,-2.124,0,71,68,2,2
8415,-7,0,0,0,727,745,0,0
8421,1,0,0,0,425,433,0,0
8422,-2948,-240,-20.332,-61.756,34313,34219,234,299
8423,,,,,404,404,0,0
8424,,,,,2,2,0,0
8426,6,0,0,0,1021,1018,0,0
8429,-27,0,-2,0,12736,12726,19,19
8431,-76,0,0,10.466,4831,4821,165,160
8432,-2,0,0,0,173,175,0,0
8433,0,0,0,0.242,219,218,0,0
8435,6,0,0,0,5,5,0,0
8436,-463,3.614,8,-8.888,1190,1085,1,0
8437,2,0,0,0,477,474,0,0
8438,-48,-1,-0.341,0,3212,3212,39,42
8440,-18,0,0,0.096,998,1020,0,1
8442,-2,0,3,0,802,802,0,0
8443,10.01,0,-1,0,49,49,0,0
8444,,,,,343,343,0,0
8446,-50,0,0,0,285,287,0,0
8450,2,0,0,0,174,176,0,0
8454,-179.285,18,0.503,-0.059,1024,1022,16,22
8462,-39.508,-1,-2.346,0,976,991,11,8
8463,1,0,-4.64,0,291,272,0,0
8464,-711.566,-7.141,21,0,128,126,4,5
8466,-3,0,-2,0,1258,1253,0,0
8467,4,0,-2,0,327,327,0,0
8472,4,0,0,0,35,14,0,0
8473,107,0,-0.151,0,1811,1778,5,5
8476,-117,0,-1,0,7761,7683,0,0
8477,-5,0,0,0,0,0,0,0
8478,-39.588,-45.982,-1.095,-2.151,1003,987,3,3
8481,-6,0,-1.122,0,10,10,0,0
8482,-10,0,-1.118,0,193,191,0,0
8487,-2,0,0,0,12,12,0,0
8488,-5,0,-2,0,24,23,0,0
8489,98,0,0,0.172,2481,2434,41,32
8499,19.707,0,-7.308,-1.189,474,477,7,7
8905,-7,0,-2,0,45,45,8,6
8906,11,0,0,0,190,190,0,0
8908,-100,0,0,0,375,377,0,0
8916,-26,0,0,0,134,134,0,0
8917,-6,0,0,0.436,84,95,0,0
8923,,,,,341,324,0,0
8924,24,0,0,0.15,307,307,0,0
8926,268,-157,-19.96,0,1767,1773,6,6
8927,395,0,0,0,4329,4327,5,5
8928,0,0,0,0,574,570,0,0
8929,-1,0,0,0,341,345,0,0
8930,-4,0,0,0,648,624,0,0
8931,-4,0,0,0,5889,5886,1,1
8932,-485.928,0,50,-160.057,41175,40691,82,42
8933,81,0,0,-0.084,0,0,0,0
8935,134,0,0,-0.006,0,0,0,0
8936,47,0,0,-3.081,10143,10155,1,1
8937,824,0,0,-323.257,6571,6639,209,138
8938,-21,0,-0.058,0,604,614,0,0
8940,-1,0,-1.083,0,44,45,0,0
8941,,,,,19,19,0,0
8942,-12,0,0,0,440,438,9,9
8996,-1288.951,465,29.652,-70.305,5091,4320,300,260
9103,-89,0,0,0,3421,3438,258,331
910322,4,0,0,0,0,0,0,0
9105,1438,0,0,-5.358,50414,50315,36,66
910861,6,0,0,0,0,0,0,0
911868,6,0,0,0,0,0,0,0
912000,-32,0,0,0,6778,6779,0,0
9136,594,0,0.072,0,10583,8727,302,290
9802,-36.946,30,-1.721,-1,2663,2787,0,0
9902,-51,0,-2,0,3195,3106,0,0
9904,2214.808,-995.993,-79.234,-30.473,10622,10753,84,85
9905,-35,0,-3.113,0,116,115,0,0
9906,41,0,-2,0,451,457,0,0
9907,-1736,-110.673,-47.772,-2.456,4323,4309,2,5
9908,-629.98,0,-27.053,0,1366,1289,6,5
9910,-1642.82,-8.18,-7.248,0,848,850,20,19
9911,201,-32,-6,0.135,390,372,0,0
9912,5,0,-1,0,0,0,0,0
9914,-39.726,32,-25.616,-6.117,2951,2958,48,46
9917,392.892,-135,-3,-7,73,104,0,0
9918,-85.58,0,-9.044,0,486,436,75,67
9919,-24,0,-6,0,9827,9828,0,1
9921,218.33,-4,-6,0.288,1720,1700,95,94
9924,-29.4,-1.775,-4,0,689,688,0,0
9925,4,0,-13,0,4,4,0,0
9926,-3.149,0,-2,0,228,178,0,0
9927,-6,0,-3,0,78,78,0,0
9928,,,,,333,331,0,0
9929,-10,0,0,0,0,0,0,0
9930,-62,0,-12,0.163,13,13,0,0
9931,-65,0,-3.197,0,373,365,11,12
9933,11237.94,-109,-135.411,0,4621,4675,5,4
9934,84,0,-3,0,4012,4017,0,0
9935,181,0,-2.221,0,1357,1394,0,0
9937,-65,0,-4,0.39,201,219,0,0
9938,-1151,-124,-56.261,-13,3576,3506,4,5
9939,-519.5,-171,76.581,-0.167,815,792,11,11
9940,-373,-105,-21.393,0,736,732,0,0
9941,-654.056,-2,-2.888,0,1258,1252,4,4
9942,-28,0,0,0,58,58,0,0
9943,3,0,-1,0,72,74,0,0
9944,-19,0,-7,0,5859,5855,0,0
9945,388.2,0,-83.014,-50,19432,19451,5,0
9946,80,0,-2,0,1961,1999,0,0
9949,1,0,0,0,5926,5885,0,0
9950,-2,0,0,0,0,0,0,0
9951,2,0,0,-2,320,305,0,0
9955,55,0,11.295,0,1627,1617,65,81
9958,-405.535,-33,-18.995,-35.562,11481,11437,29,39
9960,,,,,93,93,0,0
9962,0,0,0,0,461,461,0,0
