code,fgn,inv,dlrSelf,dlrHedge,mgn,mgnPrev,shrt,shrtPrev
00400A,7.495,0,0,-24169.399,,,,
00401A,25.183,0,270,-4371.343,,,,
0050,65981.369,0,-5913.545,-961.964,,,,
0051,2.985,0,12,104.451,,,,
0052,4803.181,-255,357.153,13805.031,,,,
0053,-1,0,0,2.469,,,,
0055,-11.8,0,0,63.437,,,,
0056,-6748.65,1800,121.352,17450.678,,,,
0057,-1,0,0,6,,,,
0061,-86,0,0,404.383,,,,
006201,-2,20,0,6.592,127,123,1,1
006203,0,0,0,0,,,,
006204,0,0,0,1.818,,,,
006205,64,0,0,-19.863,,,,
006206,14,0,0,10.52,,,,
006207,0,0,0,61.523,,,,
006208,1401.782,0,-27.652,2481.679,,,,
00631L,-5474.212,0,-8217.538,-43582.675,,,,
00632R,249,0,630,8846.034,,,,
00633L,561,0,0,1583.25,,,,
00634R,-12,0,0,327.16,,,,
00635U,24.17,0,-57,444.185,,,,
00636,-0.101,0,150,99.104,,,,
00636K,0,0,0,0,,,,
00637L,-775,0,350,8735.281,,,,
00638R,-20,0,0,-224.14,,,,
00639,9,0,0,240.846,,,,
00640L,-3,0,0,111.081,,,,
00641R,0,0,0,1250.511,,,,
00642U,-500.97,0,54,-633.207,,,,
00643,-12,0,0,230.094,,,,
00645,-1,0,0,81.9,,,,
00646,-314.236,0,0,212.054,,,,
00647L,4,0,0,44.339,,,,
00648R,-29,0,0,345.467,,,,
00650L,-28,0,0,-901.491,,,,
00651R,0,0,0,70.5,,,,
00652,-4,0,0,-1.596,,,,
00653L,-16,0,0,416.876,,,,
00654R,0,0,0,46.58,,,,
00655L,-9,0,0,335.474,,,,
00656R,0,0,0,-26.52,,,,
00657,0,0,0,69.38,,,,
00657K,0,0,0,0,,,,
00660,0,0,0,3,,,,
00661,-27,0,0,211.822,,,,
00662,-172.257,0,-11,-2179.482,,,,
00663L,1695,0,0,3371.02,,,,
00664R,0,0,0,5365.541,,,,
00665L,-1888,0,0,27.376,,,,
00666R,0,0,0,47.65,,,,
00668,0,0,0,36.314,,,,
00668K,0,0,0,0,,,,
00669R,0,0,0,630.396,,,,
00670L,3,0,27,522.748,,,,
00671R,0,0,0,6667.198,,,,
00673R,4210,0,-300,2924.085,,,,
00674R,-9,0,0,563.603,,,,
00675L,24,0,0,650.762,,,,
00676R,0,0,0,236.745,,,,
00678,0,0,0,14.974,,,,
00679B,-14108.647,0,-60,25291.158,5321,5365,4,4
00680L,1162,0,0,29038.362,,,,
00681R,-1,0,0,0.62,,,,
00682U,0,0,0,51.786,,,,
00683L,1,0,0,-9.337,,,,
00684R,0,0,-1,4,,,,
00685L,54,0,0,173.722,,,,
00686R,5,0,0,987.207,,,,
00687B,-4108.51,0,0,16717.651,8278,8487,2,2
00687C,0,0,0,0,,,,
00688L,499,0,0,9159.9,,,,
00689R,100,0,0,-100.284,,,,
00690,2,0,0,174.682,,,,
00692,577.1,0,0,589.542,,,,
00693U,-130,0,0,-273.924,,,,
00694B,-87,0,0,28.007,0,0,0,0
00695B,-21,0,0,-32.294,0,0,0,0
00696B,939,0,0,-1188.773,451,451,0,0
00697B,0,0,0,16.407,5,5,0,0
00700,13,0,0,-227.624,,,,
00701,87,0,0,897.353,,,,
00702,0,0,0,-19.308,,,,
00703,0,0,0,-74.286,,,,
00706L,0,0,0,636.506,,,,
00707R,0,0,0,-0.005,,,,
00708L,-115.9,0,6,396.633,,,,
00709,-1,0,0,-4.687,,,,
00710B,-34,0,0,-1.904,,,,
00711B,56,0,0,-1.7,,,,
00712,8616.05,0,0,3175.29,,,,
00713,3973.872,0,236,8450.794,,,,
00714,1,0,0,21.375,,,,
00715L,-610,0,0,-3435.095,,,,
00717,205,0,0,-49,,,,
00719B,-2475,0,420,-2863.706,90,80,0,0
00720B,2565,0,-50,802.211,3070,3070,0,0
00722B,708,0,0,-231.204,97,97,0,0
00723B,56,0,0,-46.92,114,114,0,0
00724B,163,0,0,-68.5,35,35,0,0
00725B,839,0,-100,-98.644,729,735,0,0
00726B,12,0,0,-49.325,1,1,0,0
00727B,-27,0,0,26.303,0,0,0,0
00728,-1,0,0,106.173,,,,
00730,52,0,0,337.018,,,,
00731,6,0,0,84.439,,,,
00733,-89.989,0,6.475,613.298,,,,
00734B,35,0,0,10,0,0,0,0
00735,510.456,0,-254,788.136,,,,
00736,0,0,-2,7,,,,
00737,-1,0,0,23.189,,,,
00738U,53.189,0,-21,3270.304,,,,
00739,0,0,0,57.615,,,,
00740B,1327,0,0,-1780.651,91,91,0,0
00741B,-103,0,0,-2.294,10,12,0,0
00746B,944,0,0,-927.548,0,0,0,0
00749B,3,0,0,-2,0,0,0,0
00750B,0,0,0,0,0,0,0,0
00751B,3319,0,-300,1739.046,3573,3573,0,0
00752,-136.943,0,0,-631.559,,,,
00753L,1136,0,0,1228.718,,,,
00754B,3,0,0,-1,0,0,0,0
00755B,20,0,0,-19.901,4,4,0,0
00756B,44,0,0,-0.215,21,21,0,0
00757,337.155,0,26,655.714,,,,
00758B,0,0,0,-0.02,0,0,0,0
00759B,0,0,0,0,0,0,0,0
00760B,65,0,0,-1.515,3,3,0,0
00761B,118,0,0,-33.606,31,31,0,0
00762,301,0,10,250.137,,,,
00763U,108,0,2,1074.08,,,,
00764B,-5711,0,0,2634.002,56,53,0,0
00768B,-439,0,0,477.531,2,2,0,0
00770,713.05,0,0,245.176,,,,
00771,0,0,0,2,,,,
00772B,1640,0,0,-423.432,2154,2157,0,0
00773B,508,0,0,-53.038,307,307,0,0
00775B,0,0,0,0.192,,,,
00777B,0,0,0,0,0,0,0,0
00778B,0,0,0,0,0,0,0,0
00779B,-123,0,0,144,0,0,0,0
00780B,-1,0,0,0,0,0,0,0
00781B,-1,0,0,6.055,20,20,0,0
00782B,0,0,0,16.798,12,25,0,0
00783,69,0,0,-19.375,,,,
00785B,-1,0,0,1.052,0,0,0,0
00786B,0,0,0,15.027,15,15,0,0
00787B,-6,0,0,22.402,0,0,0,0
00788B,0,0,0,52.5,14,17,0,0
00789B,-10,0,0,1,0,0,0,0
00791B,-1,0,0,-1,0,0,0,0
00792B,3,0,0,-0.981,0,0,0,0
00793B,0,0,0,0.06,0,0,0,0
00795B,-609,0,0,2538.134,3284,3284,0,0
00799B,0,0,0,14.743,17,18,0,0
00830,8256.159,0,0,2828.229,,,,
00834B,0,0,0,0,0,0,0,0
00836B,33,0,0,-32,0,0,0,0
00840B,0,0,0,0,0,0,0,0
00841B,0,0,0,0,0,0,0,0
00842B,0,0,0,-411.099,0,0,0,0
00844B,-22,0,0,23.999,1,1,0,0
00845B,1,0,0,1.002,0,0,0,0
00846B,0,0,0,1.841,0,0,0,0
00847B,-6,0,0,83.04,0,0,0,0
00848B,1,0,0,0,0,0,0,0
00849B,-9,0,0,4.677,0,0,0,0
00850,307.306,-260,0,856.354,,,,
00851,0,0,0,51.435,,,,
00852L,12,0,0,16.927,,,,
00853B,33,0,0,19.744,5,5,0,0
00856B,0,0,0,1,0,0,0,0
00857B,90,0,0,522.956,397,397,0,0
00858,8,0,0,620.619,46,45,0,0
00859B,-178,0,0,-88.241,5,5,0,0
00860B,0,0,0,-39.896,0,0,0,0
00861,32.009,0,0,7.665,,,,
00862B,270,0,0,-191.122,11,11,0,0
00863B,-33,0,0,33,0,0,0,0
00864B,-311,0,0,4.65,1,1,0,0
00865B,-2010.95,0,0,-2377.819,,,,
00867B,4,0,0,0.059,0,0,0,0
00870B,5,0,0,0.064,0,0,0,0
00875,36,0,20,-61.421,,,,
00876,51.055,0,0,93.072,,,,
00877,116.5,0,34,-284.547,6984,6636,262,315
00878,26712.061,0,115,20815.968,,,,
00881,1834,-154,85,1144.898,,,,
00882,11,0,0,791.904,,,,
00883B,679,0,0,176.956,0,0,0,0
00884B,0,0,0,-1.794,0,0,0,0
00885,2434,0,0,277.935,,,,
00886,0,0,0,27.772,1,2,0,0
00887,-84,0,0,7480.006,12350,13081,170,167
00888,201,0,30,-10703.1,1870,810,1,1
00890B,6,0,0,4,4,4,0,0
00891,2204.1,0,160,1305.208,,,,
00892,-156,759,0,-734.212,,,,
00893,590,0,0,175.887,,,,
00894,-196,0,-258,-262.592,,,,
00895,519.966,0,0,106.28,,,,
00896,1007,0,0,1703.539,,,,
00897,649,0,0,-292.987,,,,
00898,677,0,0,77.285,,,,
00899,0,0,0,115.444,,,,
00900,10661,0,0,14332.059,,,,
00901,80,0,0,55.019,,,,
00902,2956,0,0,2219.815,,,,
00903,501,0,0,58.259,,,,
00904,12,0,-60,-407.908,,,,
00905,-7.95,0,40,-295.494,,,,
00907,31,0,0,119.246,,,,
00908,40,0,0,11.096,,,,
00909,2565.62,0,16,285.349,,,,
00910,235.691,0,7,-296.625,,,,
00911,-2.045,0,0,237.938,,,,
00912,-78,0,0,338.355,,,,
00913,541,0,0,165.994,,,,
00915,849.335,0,521,5132.142,,,,
00916,21,0,0,60.164,,,,
00917,142,0,0,302.847,,,,
00918,5988.97,0,0,8828.444,,,,
00919,1321.61,0,0,-6859.412,,,,
00920,24,0,0,235.155,,,,
00921,247,0,0,1081.985,,,,
00922,26555.066,0,-80,3539.637,,,,
00923,5374.1,0,0,6592.151,,,,
00924,2158,0,0,316.305,,,,
00926,14,0,0,447.616,,,,
00927,-1165.99,0,10,-22576.61,,,,
00928,-58,0,0,-96.27,90,79,0,0
00929,-6012.52,0,642,66359.861,,,,
00930,277,0,0,1267.15,,,,
00931B,731,0,0,922.207,3850,3829,0,0
00932,91,0,0,1701.706,,,,
00933B,512,0,-200,4116.649,723,723,0,0
00934,107,0,0,1784.782,,,,
00935,590,-458,0,-994.221,,,,
00936,1053,0,0,1058.007,,,,
00937B,28143.01,0,-210,1385.922,11411,11824,0,1
00938,94,0,0,464.307,,,,
00939,3169,0,0,5366.489,,,,
00940,25683.5,0,0,134267.141,,,,
00941,605.994,0,0,-109.38,,,,
00942B,685,0,0,524.253,9,9,0,0
00943,49,0,0,102.857,,,,
00944,170,0,0,167.344,,,,
00945B,-2680,0,1000,-529.017,,,,
00946,1874,0,0,4133.915,,,,
00947,1636.9,0,259,819.451,,,,
00948B,66,0,0,3336.444,613,613,0,0
00949,16,0,0,-146.705,,,,
00950B,531,0,0,506.827,1019,1019,0,0
00951,1028,0,0,2699.354,,,,
00952,139,0,0,-87.694,,,,
00953B,-15976,0,0,-4314.112,,,,
00954,349.1,0,0,1509.245,,,,
00955,-2108.924,0,-194,-1888.669,2864,2760,25,25
00956,-33,0,0,-4.641,,,,
00957B,0,0,0,1320.873,51,51,0,0
00958B,671,0,0,405.983,7,7,0,0
00959B,1447,0,0,270.758,743,743,0,0
00960,10,0,0,156.714,,,,
00961,288,0,0,2154.554,,,,
00962,-7,0,0,-32.041,,,,
00963,14,0,0,-150.701,,,,
00964,-97,0,0,688,,,,
00965,1209.138,0,-475,3289.334,,,,
00966B,93,0,0,259.384,93,93,0,0
00967B,0,0,0,295.019,6,6,0,0
00968B,1379,0,0,64.589,69,69,0,0
00969B,40,0,0,97.207,167,234,0,0
00970B,499,0,0,226.538,262,262,0,0
00971,-7,0,0,507.041,,,,
00972,0,0,0,-14.716,,,,
009800,0.1,0,0,1793.415,,,,
009801,594,0,353,1064.507,,,,
009802,1493,0,0,994.233,,,,
009803,505,0,0,-158.968,,,,
009804,20,0,0,-1177.355,,,,
009805,-4523.83,0,15,-3907.025,,,,
009806,0,0,0,123.525,0,0,0,0
009807,0,0,0,345.949,12,22,0,0
009808,300,0,0,38.443,,,,
009809,60,0,0,209.974,,,,
00980A,23,0,-339,-276.57,,,,
00980B,0,0,0,72.905,3,3,0,0
00980D,8,81,0,-115.706,130,130,0,0
00980T,9,0,0,375.492,20,16,0,0
009810,-4,0,0,168.421,,,,
009811,412.897,0,0,2921.019,,,,
009812,-3,0,0,294.113,,,,
009813,1779.2,0,0,4378,,,,
009814,-39.6,0,0,2597.572,41,41,0,0
009815,4838,0,300,5008.937,2461,2598,28,28
009816,39651.113,0,381,61403.463,,,,
009817,652,0,-20,651.05,,,,
009818,121,0,0,1462.098,,,,
00981A,-10632.693,0,-2053,-82304.981,,,,
00981B,-10253,0,0,-6444.012,13577,12515,0,0
00981D,-4536,0,0,-645.856,5684,6899,0,0
00981T,-27,0,0,934.521,,,,
00982A,328.156,0,160,-2958.151,,,,
00982B,9,0,0,-13.149,111,111,0,0
00982D,10,0,0,364,,,,
00982T,-30,0,0,198.006,,,,
00983A,1014,0,374,1264.867,,,,
00983B,-11,0,0,-115.464,84,84,0,0
00983D,-32,0,0,-1010.003,,,,
00984A,-602,0,30,-12001.615,,,,
00984B,1444,0,0,-237.408,448,453,0,0
00984D,-10,118,0,1383,,,,
00985A,623,0,0,-1035.27,,,,
00985B,-6502,0,-500,-106.45,,,,
00985D,0,0,0,79.618,1,1,0,0
00986A,589,0,0,-122.039,,,,
00986B,0,0,0,15.6,0,0,0,0
00986D,,,,,0,0,0,0
00987A,-129,0,0,-2534.506,,,,
00987B,0,0,0,1283.909,12,12,0,0
00988A,-12275,0,-374,-50100.679,,,,
00988B,0,0,0,163.204,22,22,0,0
00989A,1824,0,0,-158.671,,,,
00989B,0,0,0,887,83,81,0,0
00990A,-20125,0,-432,15851.676,,,,
00991A,4351.711,0,967,9341.228,,,,
00992A,-9853.2,-600,185,-87314.734,,,,
00993A,3441,0,0,-203.673,,,,
00994A,-257,0,0,-3843.589,,,,
00995A,610,0,0,-1540.205,,,,
00996A,32,0,0,2011.666,,,,
00997A,85.1,0,0,-25935.146,,,,
00998A,,,,,0,0,0,0
01010T,-1,0,0,0,,,,
02001L,0,0,0,-147,,,,
02001R,0,0,0,44,,,,
020020,0,0,0,15,,,,
020025,0,0,0,205,,,,
020027,0,0,0,3,,,,
020028,0,0,0,5,,,,
020029,0,0,0,36,,,,
020030,0,0,0,49,,,,
020031,0,0,0,43,,,,
020032,0,0,0,10,,,,
020033,0,0,0,-4,,,,
020034,0,0,0,35,,,,
020035,0,0,0,14,,,,
020036,0,0,0,0,,,,
020038,0,0,0,60,,,,
020039,0,0,0,23,,,,
020041,0,0,0,1380,,,,
03001U,0,0,0,-10,,,,
030040,0,0,0,38,,,,
030047,0,0,0,1,,,,
030076,0,0,0,57,,,,
030078,0,0,0,6,,,,
030079,0,0,0,51,,,,
030081,0,0,0,10,,,,
030083,0,0,0,20,,,,
030086,0,0,0,29,,,,
030088,0,0,0,-38,,,,
030092,0,0,0,9,,,,
030094,0,0,0,10,,,,
030105,0,0,0,1,,,,
030109,0,0,0,-80,,,,
030135,0,0,0,160,,,,
030145,0,0,0,4739,,,,
030151,0,0,0,392,,,,
030169,0,0,0,3,,,,
030174,0,0,0,3,,,,
030190,0,0,0,10,,,,
030230,0,0,0,37,,,,
030239,0,0,0,-1,,,,
030240,0,0,0,6,,,,
030241,0,0,0,259,,,,
030242,0,0,0,14,,,,
030243,0,0,0,551,,,,
030245,0,0,0,102,,,,
030246,0,0,0,-15,,,,
030248,0,0,0,65,,,,
030250,0,0,0,1,,,,
030251,0,0,0,-11,,,,
030256,0,0,0,16,,,,
030321,0,0,0,65,,,,
030326,0,0,0,250,,,,
030343,0,0,0,180,,,,
030348,0,0,0,-57,,,,
030349,0,0,0,35,,,,
030350,0,0,0,3,,,,
030418,0,0,0,-5,,,,
030439,0,0,0,135,,,,
030499,0,0,0,2,,,,
030518,0,0,0,11,,,,
030526,0,0,0,3,,,,
030550,0,0,0,157,,,,
030551,0,0,0,894,,,,
030552,0,0,0,488,,,,
030553,0,0,0,-100,,,,
030554,0,0,0,192,,,,
030555,-1,0,0,10,,,,
030557,0,0,0,-629,,,,
030560,0,0,0,10,,,,
030561,0,0,0,26,,,,
030562,0,0,0,11,,,,
030563,0,0,0,126,,,,
030564,0,0,0,-10,,,,
030565,0,0,0,438,,,,
030567,0,0,0,-33,,,,
030568,0,0,0,-2,,,,
030569,0,0,0,-4,,,,
030571,5,0,0,-12,,,,
030573,-5,0,0,1350,,,,
030574,-10,0,0,78,,,,
030575,0,0,0,-1,,,,
030576,0,0,0,11,,,,
030577,0,0,0,2208,,,,
030579,0,0,0,-2,,,,
030580,0,0,0,-29,,,,
030581,0,0,0,8,,,,
030582,0,0,0,-36,,,,
030583,0,0,0,14,,,,
030584,0,0,0,4,,,,
030585,0,0,0,-200,,,,
030586,0,0,0,-10,,,,
030587,0,0,0,100,,,,
030588,0,0,0,-20,,,,
030591,0,0,0,-21,,,,
030592,0,0,0,1,,,,
030593,0,0,0,-552,,,,
030595,0,0,0,10,,,,
030597,0,0,0,50,,,,
030600,0,0,0,115,,,,
030601,0,0,0,-66,,,,
030602,0,0,0,5,,,,
030605,0,0,0,-10,,,,
030606,0,0,0,-11,,,,
030607,0,0,0,47,,,,
030608,0,0,0,49,,,,
030609,0,0,0,450,,,,
030610,0,0,0,60,,,,
030611,0,0,0,-10,,,,
030613,0,0,0,0,,,,
030728,0,0,0,-50,,,,
030754,0,0,0,6,,,,
030755,0,0,0,5,,,,
030757,0,0,0,-12,,,,
030758,0,0,0,30,,,,
030759,0,0,0,-1,,,,
030760,0,0,0,-10,,,,
030762,0,0,0,172,,,,
030763,0,0,0,-60,,,,
030764,0,0,0,1,,,,
030765,0,0,0,-19,,,,
030767,0,0,0,-40,,,,
030771,0,0,0,5,,,,
030793,0,0,0,-348,,,,
030827,0,0,0,34,,,,
030887,0,0,0,1,,,,
030906,0,0,0,7,,,,
030935,0,0,0,-830,,,,
030967,0,0,0,54,,,,
030996,0,0,0,167,,,,
031000,0,0,0,269,,,,
031021,0,0,0,3,,,,
031114,0,0,0,9,,,,
031189,0,0,0,70,,,,
031195,0,0,0,-4,,,,
031207,0,0,0,5,,,,
031229,0,0,0,5,,,,
031266,0,0,0,-64,,,,
031267,0,0,0,-16,,,,
031268,0,0,0,-78,,,,
031269,0,0,0,-166,,,,
031272,10,0,0,-36,,,,
031273,0,0,0,1,,,,
031274,0,0,0,-120,,,,
031276,0,0,0,20,,,,
031280,0,0,0,10,,,,
031281,0,0,0,-4,,,,
031284,0,0,0,0,,,,
031286,0,0,0,-136,,,,
031287,0,0,0,-10,,,,
031288,0,0,0,10,,,,
031289,0,0,0,-44,,,,
031290,0,0,0,8,,,,
031291,0,0,0,15,,,,
031292,0,0,0,275,,,,
031294,0,0,0,15,,,,
031295,0,0,0,90,,,,
031296,0,0,0,197,,,,
031299,0,0,0,-100,,,,
031300,0,0,0,-722,,,,
031301,0,0,0,-579,,,,
031303,0,0,0,-2,,,,
031304,0,0,0,-1,,,,
031306,0,0,0,55,,,,
031307,0,0,0,37,,,,
031308,0,0,0,20,,,,
031309,0,0,0,-20,,,,
031313,0,0,0,-10,,,,
031314,0,0,0,3,,,,
031316,0,0,0,30,,,,
031317,0,0,0,1942,,,,
031318,0,0,0,-2,,,,
031320,0,0,0,85,,,,
031321,0,0,0,433,,,,
031334,0,0,0,-10,,,,
031367,0,0,0,-100,,,,
031404,0,0,0,1,,,,
031417,0,0,0,-46,,,,
031423,0,0,0,-15,,,,
031498,0,0,0,24,,,,
031510,0,0,0,1,,,,
031512,0,0,0,-2,,,,
031526,0,0,0,-339,,,,
031529,0,0,0,2,,,,
031541,0,0,0,230,,,,
031552,0,0,0,40,,,,
031595,0,0,0,101,,,,
031610,0,0,0,260,,,,
031622,0,0,0,5,,,,
031643,0,0,0,-97,,,,
031645,0,0,0,14,,,,
031665,0,0,0,97,,,,
031666,0,0,0,-4,,,,
031667,0,0,0,82,,,,
031678,0,0,0,118,,,,
031693,0,0,0,381,,,,
031804,0,0,0,13,,,,
031809,0,0,0,-14,,,,
031813,0,0,0,7,,,,
031819,0,0,0,-289,,,,
031834,0,0,0,-30,,,,
031853,0,0,0,-40,,,,
031867,0,0,0,17,,,,
031874,0,0,0,2,,,,
031878,0,0,0,2,,,,
031915,0,0,0,0,,,,
032051,0,0,0,-111,,,,
032075,0,0,0,-65,,,,
032089,0,0,0,104,,,,
032149,0,0,0,75,,,,
032150,-1,0,0,0,,,,
032153,0,0,0,15,,,,
032181,0,0,0,1,,,,
032202,0,0,0,1,,,,
032238,0,0,0,1,,,,
032241,0,0,0,5,,,,
032250,0,0,0,6,,,,
032252,0,0,0,-5,,,,
032255,0,0,0,5,,,,
032312,0,0,0,-75,,,,
032315,0,0,0,1,,,,
032329,0,0,0,7,,,,
032332,0,0,0,4,,,,
032334,0,0,0,10,,,,
032357,0,0,0,7,,,,
032385,0,0,0,-29,,,,
032388,0,0,0,210,,,,
032395,0,0,0,10,,,,
032433,0,0,0,-112,,,,
032442,0,0,0,15,,,,
032446,0,0,0,14,,,,
032448,0,0,0,8,,,,
032458,0,0,0,25,,,,
032462,0,0,0,343,,,,
032469,0,0,0,1000,,,,
032488,0,0,0,-20,,,,
032514,0,0,0,0,,,,
032518,0,0,0,0,,,,
032542,0,0,0,3,,,,
032564,0,0,0,37,,,,
032568,0,0,0,-40,,,,
032570,0,0,0,-5,,,,
032579,0,0,0,-10,,,,
032590,0,0,0,-20,,,,
032595,0,0,0,114,,,,
032596,0,0,0,-4,,,,
032600,0,0,0,48,,,,
032618,0,0,0,9,,,,
032631,0,0,0,10,,,,
032641,-10,0,0,0,,,,
032648,0,0,0,0,,,,
032649,0,0,0,-7,,,,
032652,0,0,0,5,,,,
032657,0,0,0,1,,,,
032663,0,0,0,7,,,,
032670,0,0,0,-9,,,,
032686,0,0,0,20,,,,
032710,0,0,0,130,,,,
032720,0,0,0,3,,,,
032724,0,0,0,222,,,,
032741,0,0,0,780,,,,
032747,0,0,0,358,,,,
032749,0,0,0,47,,,,
032763,0,0,0,44,,,,
032766,0,0,0,304,,,,
032776,0,0,0,28,,,,
032812,0,0,0,1,,,,
032840,0,0,0,9,,,,
032842,0,0,0,59,,,,
032876,0,0,0,-10,,,,
032906,0,0,0,-3,,,,
032907,0,0,0,4,,,,
032908,0,0,0,9,,,,
032910,0,0,0,10,,,,
032940,0,0,0,-4,,,,
032941,0,0,0,20,,,,
032942,0,0,0,-1002,,,,
032943,0,0,0,3,,,,
032944,0,0,0,-747,,,,
032945,0,0,0,0,,,,
032947,0,0,0,-9,,,,
032948,0,0,0,-70,,,,
032949,0,0,0,-15,,,,
032950,0,0,0,-1,,,,
032951,0,0,0,-144,,,,
032952,0,0,0,38,,,,
032953,0,0,0,139,,,,
032954,0,0,0,49,,,,
032955,0,0,0,267,,,,
032957,0,0,0,201,,,,
032958,0,0,0,35,,,,
032959,0,0,0,9,,,,
032960,0,0,0,-80,,,,
032963,0,0,0,-225,,,,
032972,0,0,0,0,,,,
032987,0,0,0,70,,,,
032998,0,0,0,13,,,,
033007,0,0,0,5,,,,
033011,0,0,0,4,,,,
033028,0,0,0,10,,,,
033031,0,0,0,-18,,,,
033037,0,0,0,1,,,,
033046,0,0,0,6,,,,
033064,0,0,0,0,,,,
033080,0,0,0,9,,,,
033091,0,0,0,0,,,,
033093,0,0,0,101,,,,
033126,0,0,0,3,,,,
033128,0,0,0,1,,,,
033129,0,0,0,24,,,,
033137,0,0,0,8,,,,
033138,0,0,0,-232,,,,
033148,0,0,0,2,,,,
033151,0,0,0,60,,,,
033165,0,0,0,-491,,,,
033175,0,0,0,-3,,,,
033178,0,0,0,10,,,,
033198,0,0,0,0,,,,
033210,0,0,0,2,,,,
033250,0,0,0,10,,,,
033255,0,0,0,-1,,,,
033265,0,0,0,1,,,,
033276,0,0,0,4,,,,
033279,0,0,0,1,,,,
033289,0,0,0,206,,,,
033290,0,0,0,-10,,,,
033295,0,0,0,1640,,,,
033305,0,0,0,39,,,,
033307,0,0,0,-29,,,,
033353,0,0,0,2,,,,
033367,0,0,0,5,,,,
033383,0,0,0,-3,,,,
033407,0,0,0,5,,,,
033408,0,0,0,-30,,,,
033412,0,0,0,143,,,,
033413,0,0,0,8,,,,
033419,0,0,0,50,,,,
033423,0,0,0,5,,,,
033444,0,0,0,5,,,,
033463,0,0,0,3,,,,
033471,0,0,0,50,,,,
033489,0,0,0,0,,,,
033498,0,0,0,-13,,,,
033504,0,0,0,469,,,,
033506,0,0,0,0,,,,
033522,0,0,0,-1,,,,
033524,0,0,0,461,,,,
033542,0,0,0,19,,,,
033543,0,0,0,5,,,,
033544,0,0,0,-77,,,,
033546,0,0,0,8,,,,
033547,0,0,0,28,,,,
033548,0,0,0,-27,,,,
033549,0,0,0,50,,,,
033550,0,0,0,17,,,,
033551,0,0,0,-10,,,,
033552,10,0,0,5026,,,,
033555,0,0,0,-28,,,,
033557,0,0,0,3,,,,
033558,0,0,0,-5,,,,
033559,0,0,0,49,,,,
033560,0,0,0,10,,,,
033561,0,0,0,-10,,,,
033562,0,0,0,-10,,,,
033567,0,0,0,-40,,,,
033570,0,0,0,422,,,,
033571,0,0,0,6,,,,
033572,0,0,0,-3,,,,
033573,0,0,0,32,,,,
033574,0,0,0,50,,,,
033576,0,0,0,12,,,,
033577,0,0,0,4,,,,
033578,0,0,0,-4,,,,
033579,0,0,0,-40,,,,
033580,0,0,0,20,,,,
033582,0,0,0,180,,,,
033583,0,0,0,-12,,,,
033584,0,0,0,-333,,,,
033585,0,0,0,-9,,,,
033588,0,0,0,78,,,,
033589,0,0,0,42,,,,
033590,0,0,0,-35,,,,
033591,0,0,0,312,,,,
033592,0,0,0,-248,,,,
033593,0,0,0,-154,,,,
033595,0,0,0,790,,,,
033597,50,0,0,-722,,,,
033603,0,0,0,12,,,,
033611,0,0,0,31,,,,
033615,0,0,0,10,,,,
033634,0,0,0,129,,,,
033636,0,0,0,-15,,,,
033639,0,0,0,237,,,,
033644,0,0,0,115,,,,
033645,0,0,0,-1,,,,
033647,0,0,0,-12,,,,
033648,0,0,0,-9,,,,
033649,0,0,0,-10,,,,
033655,0,0,0,-18,,,,
033656,0,0,0,-56,,,,
033657,0,0,0,6,,,,
033659,0,0,0,285,,,,
033660,0,0,0,-194,,,,
033661,0,0,0,105,,,,
033663,0,0,0,-252,,,,
033665,0,0,0,-95,,,,
033668,0,0,0,-1,,,,
033688,0,0,0,3,,,,
033731,0,0,0,8,,,,
033735,0,0,0,1,,,,
033759,0,0,0,8,,,,
033760,0,0,0,-134,,,,
033768,0,0,0,20,,,,
033790,0,0,0,168,,,,
033793,0,0,0,1,,,,
033801,0,0,0,-41,,,,
033836,0,0,0,2,,,,
033845,0,0,0,6,,,,
033849,0,0,0,36,,,,
033853,0,0,0,366,,,,
033859,0,0,0,0,,,,
033876,0,0,0,1,,,,
033908,0,0,0,-170,,,,
033933,0,0,0,-55,,,,
033937,0,0,0,-254,,,,
033942,0,0,0,26,,,,
033943,0,0,0,199,,,,
033944,0,0,0,96,,,,
033945,0,0,0,16,,,,
033946,0,0,0,476,,,,
033947,0,0,0,6,,,,
033948,0,0,0,-363,,,,
033949,0,0,0,12,,,,
033950,0,0,0,-2,,,,
033951,0,0,0,-71,,,,
033952,0,0,0,-30,,,,
033953,0,0,0,285,,,,
033954,0,0,0,-153,,,,
033955,0,0,0,-178,,,,
033957,0,0,0,35,,,,
033958,0,0,0,-30,,,,
033959,0,0,0,18,,,,
033961,0,0,0,63,,,,
033962,0,0,0,17,,,,
033963,0,0,0,207,,,,
033966,0,0,0,-11,,,,
033968,0,0,0,-210,,,,
033969,0,0,0,-164,,,,
033970,0,0,0,-20,,,,
033971,0,0,0,300,,,,
033973,0,0,0,-86,,,,
033976,0,0,0,1,,,,
033977,0,0,0,-3,,,,
033984,0,0,0,8,,,,
033988,0,0,0,-5,,,,
034012,0,0,0,-10,,,,
034074,0,0,0,50,,,,
034079,0,0,0,9,,,,
034124,0,0,0,33,,,,
034182,0,0,0,140,,,,
034188,0,0,0,169,,,,
034210,0,0,0,30,,,,
034214,0,0,0,-748,,,,
034219,0,0,0,-66,,,,
034220,0,0,0,-10,,,,
034224,0,0,0,-50,,,,
034238,0,0,0,-121,,,,
034239,0,0,0,1,,,,
034247,0,0,0,-515,,,,
034251,0,0,0,2,,,,
034263,0,0,0,-30,,,,
034265,0,0,0,-2,,,,
034279,0,0,0,1,,,,
034283,0,0,0,-350,,,,
034322,0,0,0,40,,,,
034323,0,0,0,123,,,,
034326,0,0,0,85,,,,
034329,0,0,0,3,,,,
034344,0,0,0,-10,,,,
034345,0,0,0,-35,,,,
034422,0,0,0,-10,,,,
034428,0,0,0,97,,,,
034429,0,0,0,17,,,,
034436,0,0,0,417,,,,
034456,0,0,0,-40,,,,
034457,0,0,0,-10,,,,
034458,0,0,0,77,,,,
034469,0,0,0,207,,,,
034474,0,0,0,-276,,,,
034489,0,0,0,1,,,,
034494,0,0,0,22,,,,
034518,0,0,0,1,,,,
034572,0,0,0,54,,,,
034574,0,0,0,1,,,,
034591,0,0,0,-10,,,,
034598,0,0,0,2,,,,
034599,0,0,0,250,,,,
034640,0,0,0,-10,,,,
034667,0,0,0,30,,,,
034681,0,0,0,1,,,,
034688,0,0,0,10,,,,
034689,0,0,0,-10,,,,
034692,0,0,0,1,,,,
034693,0,0,0,-10,,,,
034704,0,0,0,-4,,,,
034723,0,0,0,164,,,,
034741,0,0,0,-62,,,,
034769,0,0,0,85,,,,
034779,0,0,0,-13,,,,
034788,0,0,0,34,,,,
034790,0,0,0,-35,,,,
034791,0,0,0,350,,,,
034794,0,0,0,295,,,,
034795,0,0,0,1,,,,
034796,0,0,0,-41,,,,
034842,0,0,0,11,,,,
034844,0,0,0,1002,,,,
034851,0,0,0,5,,,,
034856,0,0,0,5,,,,
034859,0,0,0,2,,,,
034865,0,0,0,53,,,,
034870,0,0,0,16,,,,
034880,0,0,0,-5,,,,
034884,0,0,0,139,,,,
034888,0,0,0,-29,,,,
034901,0,0,0,339,,,,
034916,0,0,0,51,,,,
034930,0,0,0,2,,,,
034993,0,0,0,35,,,,
034994,0,0,0,-134,,,,
035004,0,0,0,5,,,,
035013,0,0,0,1,,,,
035045,0,0,0,10,,,,
035046,0,0,0,125,,,,
035048,0,0,0,18,,,,
035053,0,0,0,6,,,,
035056,0,0,0,-184,,,,
035057,0,0,0,2,,,,
035058,0,0,0,0,,,,
035059,0,0,0,20,,,,
035060,0,0,0,-398,,,,
035062,0,0,0,15,,,,
035063,0,0,0,1,,,,
035064,0,0,0,-10,,,,
035066,0,0,0,-15,,,,
035067,0,0,0,307,,,,
035069,0,0,0,-6,,,,
035075,0,0,0,-11,,,,
035077,0,0,0,-64,,,,
035078,0,0,0,-5,,,,
035080,0,0,0,55,,,,
035081,0,0,0,61,,,,
035086,0,0,0,12,,,,
035087,0,0,0,192,,,,
035088,0,0,0,-18,,,,
035089,0,0,0,30,,,,
035090,0,0,0,-425,,,,
035091,0,0,0,720,,,,
035092,0,0,0,-100,,,,
035093,0,0,0,-27,,,,
035094,0,0,0,5,,,,
035098,0,0,0,-3,,,,
035103,0,0,0,-3,,,,
035107,0,0,0,-10,,,,
035126,0,0,0,1350,,,,
035129,0,0,0,167,,,,
035136,0,0,0,3,,,,
035152,0,0,0,-15,,,,
035167,0,0,0,200,,,,
035170,0,0,0,-327,,,,
035172,0,0,0,1,,,,
035174,0,0,0,1,,,,
035177,0,0,0,-35,,,,
035179,0,0,0,8,,,,
035187,0,0,0,-8,,,,
035188,0,0,0,-2,,,,
035196,0,0,0,1,,,,
035218,0,0,0,108,,,,
035234,0,0,0,2,,,,
035244,0,0,0,19,,,,
035245,0,0,0,78,,,,
035251,0,0,0,-10,,,,
035269,0,0,0,15,,,,
035297,0,0,0,5,,,,
035306,0,0,0,14,,,,
035317,0,0,0,1,,,,
035325,0,0,0,39,,,,
035328,0,0,0,2,,,,
035332,0,0,0,30,,,,
035335,0,0,0,2,,,,
035336,0,0,0,60,,,,
035337,0,0,0,-21,,,,
035338,0,0,0,89,,,,
035339,0,0,0,-207,,,,
035340,0,0,0,-3,,,,
035341,0,0,0,-92,,,,
035343,0,0,0,1,,,,
035344,0,0,0,11,,,,
035345,0,0,0,-108,,,,
035346,0,0,0,-24,,,,
035347,0,0,0,312,,,,
035349,0,0,0,53,,,,
035354,0,0,0,-5,,,,
035355,0,0,0,169,,,,
035357,0,0,0,-229,,,,
035359,0,0,0,351,,,,
035365,0,0,0,-20,,,,
035366,0,0,0,-554,,,,
035369,0,0,0,-490,,,,
035374,0,0,0,10,,,,
035376,0,0,0,60,,,,
035378,0,0,0,30,,,,
035379,0,0,0,-120,,,,
035382,0,0,0,-125,,,,
035386,0,0,0,7,,,,
035390,0,0,0,254,,,,
035393,0,0,0,-63,,,,
035408,0,0,0,-36,,,,
035409,0,0,0,-114,,,,
035421,0,0,0,25,,,,
035422,0,0,0,324,,,,
035426,0,0,0,692,,,,
035430,0,0,0,-606,,,,
035440,0,0,0,11,,,,
035455,0,0,0,-88,,,,
035460,0,0,0,19,,,,
035463,0,0,0,-10,,,,
035464,0,0,0,334,,,,
035467,0,0,0,75,,,,
035472,0,0,0,9,,,,
035475,0,0,0,-42,,,,
035480,0,0,0,-42,,,,
035483,0,0,0,2,,,,
035489,0,0,0,36,,,,
035497,0,0,0,100,,,,
035511,0,0,0,173,,,,
035516,0,0,0,598,,,,
035518,0,0,0,30,,,,
035585,0,0,0,0,,,,
035586,0,0,0,-174,,,,
035600,0,0,0,4,,,,
035602,0,0,0,40,,,,
035604,0,0,0,1,,,,
035610,0,0,0,-32,,,,
035611,0,0,0,-52,,,,
035616,0,0,0,-68,,,,
035623,0,0,0,-24,,,,
035629,0,0,0,1,,,,
035636,0,0,0,-510,,,,
035644,5,0,0,47,,,,
035662,0,0,0,1,,,,
035678,0,0,0,70,,,,
035679,0,0,0,-882,,,,
035704,0,0,0,-250,,,,
035718,0,0,0,5,,,,
035731,0,0,0,-3,,,,
035737,0,0,0,-4,,,,
035738,0,0,0,-20,,,,
035739,0,0,0,5,,,,
035741,0,0,0,37,,,,
035743,0,0,0,-2,,,,
035746,0,0,0,2,,,,
035748,0,0,0,83,,,,
035752,0,0,0,-2,,,,
035753,0,0,0,-5,,,,
035754,0,0,0,-465,,,,
035755,0,0,0,-21,,,,
035756,0,0,0,4,,,,
035758,0,0,0,2,,,,
035759,0,0,0,87,,,,
035760,0,0,0,-50,,,,
035763,0,0,0,-50,,,,
035764,0,0,0,4,,,,
035765,0,0,0,13,,,,
035766,0,0,0,-30,,,,
035767,0,0,0,388,,,,
035768,0,0,0,168,,,,
035769,0,0,0,-487,,,,
035775,0,0,0,2,,,,
035797,0,0,0,1,,,,
035810,0,0,0,-4,,,,
035835,0,0,0,8,,,,
035837,0,0,0,19,,,,
035839,0,0,0,204,,,,
035846,0,0,0,-180,,,,
035852,0,0,0,-75,,,,
035853,0,0,0,-29,,,,
035863,0,0,0,-759,,,,
035897,0,0,0,-171,,,,
035921,0,0,0,1,,,,
035927,0,0,0,2,,,,
035938,0,0,0,-105,,,,
035943,0,0,0,-10,,,,
035944,0,0,0,-11,,,,
035983,0,0,0,70,,,,
036009,0,0,0,130,,,,
036012,0,0,0,3,,,,
036016,0,0,0,2,,,,
036022,0,0,0,-2,,,,
036026,0,0,0,20,,,,
036027,0,0,0,-10,,,,
036028,0,0,0,-3,,,,
036037,0,0,0,-209,,,,
036038,0,0,0,3,,,,
036039,0,0,0,1,,,,
036090,0,0,0,2,,,,
036096,0,0,0,235,,,,
036097,0,0,0,-253,,,,
036117,0,0,0,1,,,,
036118,0,0,0,100,,,,
036124,0,0,0,-31,,,,
036128,0,0,0,3,,,,
036129,0,0,0,60,,,,
036133,0,0,0,1,,,,
036139,0,0,0,-57,,,,
036172,0,0,0,-21,,,,
036190,0,0,0,4,,,,
036208,0,0,0,-81,,,,
036215,0,0,0,-22,,,,
036224,0,0,0,2,,,,
036228,0,0,0,16,,,,
036243,0,0,0,1,,,,
036250,0,0,0,10,,,,
036274,0,0,0,-499,,,,
036280,0,0,0,-315,,,,
036282,0,0,0,275,,,,
036295,0,0,0,11,,,,
036299,0,0,0,-4,,,,
036304,0,0,0,61,,,,
036306,0,0,0,51,,,,
036339,0,0,0,12,,,,
036340,0,0,0,1,,,,
036346,0,0,0,-1,,,,
036347,0,0,0,1,,,,
036370,0,0,0,31,,,,
036391,0,0,0,196,,,,
036396,0,0,0,1,,,,
036397,0,0,0,1,,,,
036404,0,0,0,94,,,,
036438,0,0,0,1,,,,
036443,0,0,0,-246,,,,
036449,0,0,0,-1,,,,
036450,0,0,0,62,,,,
036452,0,0,0,0,,,,
036454,0,0,0,-10,,,,
036456,0,0,0,0,,,,
036465,0,0,0,1,,,,
036479,0,0,0,0,,,,
036480,0,0,0,207,,,,
036485,0,0,0,337,,,,
036500,0,0,0,-2,,,,
036507,0,0,0,-78,,,,
036513,0,0,0,-146,,,,
036521,0,0,0,-15,,,,
036524,0,0,0,15,,,,
036535,0,0,0,4,,,,
036539,0,0,0,-1,,,,
036545,0,0,0,-200,,,,
036547,0,0,0,1,,,,
036559,0,0,0,99,,,,
036571,0,0,0,59,,,,
036572,0,0,0,-1,,,,
036573,0,0,0,542,,,,
036574,0,0,0,597,,,,
036582,0,0,0,-10,,,,
036583,0,0,0,-26,,,,
036599,0,0,0,19,,,,
036604,0,0,0,68,,,,
036612,0,0,0,10,,,,
036613,0,0,0,54,,,,
036636,0,0,0,-50,,,,
036639,0,0,0,20,,,,
036641,0,0,0,6,,,,
036643,0,0,0,1,,,,
036645,0,0,0,65,,,,
036655,0,0,0,-76,,,,
036677,0,0,0,5,,,,
036681,0,0,0,-345,,,,
036688,0,0,0,6,,,,
036691,0,0,0,0,,,,
036697,0,0,0,508,,,,
036700,0,0,0,25,,,,
036705,0,0,0,224,,,,
036708,0,0,0,-20,,,,
036720,0,0,0,15,,,,
036721,0,0,0,29,,,,
036722,0,0,0,1,,,,
036758,0,0,0,0,,,,
036771,0,0,0,101,,,,
036785,0,0,0,-4,,,,
036790,0,0,0,1,,,,
036792,0,0,0,104,,,,
036800,0,0,0,1,,,,
036805,0,0,0,-988,,,,
036808,0,0,0,-16,,,,
036815,0,0,0,-9,,,,
036842,0,0,0,8,,,,
036843,0,0,0,348,,,,
036844,0,0,0,30,,,,
036845,0,0,0,-17,,,,
036846,0,0,0,-7,,,,
036847,0,0,0,29,,,,
036848,0,0,0,5,,,,
036849,0,0,0,-1,,,,
036852,0,0,0,-1,,,,
036853,0,0,0,-40,,,,
036854,0,0,0,10,,,,
036855,0,0,0,145,,,,
036856,0,0,0,96,,,,
036857,0,0,0,70,,,,
036860,0,0,0,-20,,,,
036865,0,0,0,20,,,,
036866,0,0,0,23,,,,
036868,0,0,0,98,,,,
036870,0,0,0,4,,,,
036871,0,0,0,190,,,,
036872,0,0,0,-230,,,,
036873,0,0,0,-30,,,,
036874,0,0,0,-1,,,,
036875,0,0,0,-69,,,,
036876,0,0,0,4,,,,
036877,0,0,0,99,,,,
036878,0,0,0,-20,,,,
036879,0,0,0,65,,,,
036880,0,0,0,-94,,,,
036881,0,0,0,-90,,,,
036900,0,0,0,0,,,,
036910,0,0,0,300,,,,
036937,0,0,0,1,,,,
036938,0,0,0,10,,,,
036943,0,0,0,-3,,,,
036973,0,0,0,-2,,,,
036976,0,0,0,5,,,,
036984,0,0,0,498,,,,
036990,0,0,0,76,,,,
037004,0,0,0,6,,,,
037005,0,0,0,1,,,,
037010,0,0,0,192,,,,
037012,0,0,0,14,,,,
037023,0,0,0,10,,,,
037025,0,0,0,137,,,,
037026,0,0,0,-2,,,,
037027,0,0,0,31,,,,
037028,0,0,0,-9,,,,
037029,0,0,0,-14,,,,
037033,0,0,0,-10,,,,
037034,0,0,0,-478,,,,
037035,0,0,0,12,,,,
037036,0,0,0,62,,,,
037037,0,0,0,5,,,,
037038,0,0,0,44,,,,
037039,0,0,0,-2,,,,
037045,0,0,0,-5,,,,
037046,0,0,0,304,,,,
037049,0,0,0,30,,,,
037050,0,0,0,7,,,,
037052,0,0,0,-24,,,,
037053,0,0,0,19,,,,
037056,0,0,0,29,,,,
037058,0,0,0,40,,,,
037060,0,0,0,29,,,,
037061,0,0,0,-406,,,,
037062,0,0,0,124,,,,
037063,0,0,0,2,,,,
037064,0,0,0,-272,,,,
037066,0,0,0,-23,,,,
037069,0,0,0,14,,,,
037071,0,0,0,-10,,,,
037073,0,0,0,-10,,,,
037076,0,0,0,-340,,,,
037079,5,0,0,-1,,,,
037098,0,0,0,66,,,,
037103,0,0,0,1,,,,
037104,0,0,0,171,,,,
03710B,32,0,0,-1409,,,,
03711B,0,0,0,-120,,,,
03712B,0,0,0,3289,,,,
037130,0,0,0,312,,,,
03713B,0,0,0,-113,,,,
037141,0,0,0,2,,,,
037147,0,0,0,10,,,,
03714B,0,0,0,-336,,,,
037151,0,0,0,-799,,,,
03715B,0,0,0,314,,,,
03716B,0,0,0,1226,,,,
037171,0,0,0,40,,,,
037174,0,0,0,593,,,,
037179,0,0,0,1,,,,
03717B,0,0,0,-709,,,,
037186,0,0,0,2,,,,
037188,0,0,0,100,,,,
03718B,0,0,0,-1433,,,,
037191,0,0,0,4,,,,
037199,0,0,0,-6,,,,
037201,0,0,0,41,,,,
037202,0,0,0,12,,,,
037215,0,0,0,2,,,,
037219,0,0,0,20,,,,
03721U,0,0,0,17,,,,
037220,0,0,0,19,,,,
037225,0,0,0,4,,,,
037242,0,0,0,4,,,,
037247,0,0,0,-86,,,,
037248,0,0,0,0,,,,
037249,0,0,0,48,,,,
037250,0,0,0,45,,,,
037252,0,0,0,124,,,,
037253,0,0,0,30,,,,
037265,0,0,0,1,,,,
037268,0,0,0,7,,,,
037280,0,0,0,5,,,,
037291,0,0,10,-6,,,,
037297,0,0,0,-191,,,,
037305,0,0,0,10,,,,
037321,0,0,0,328,,,,
037354,0,0,0,-98,,,,
037357,0,0,0,12,,,,
037359,0,0,0,7,,,,
037374,0,0,0,10,,,,
037375,0,0,0,1,,,,
037386,0,0,0,-100,,,,
037387,0,0,0,-100,,,,
037391,0,0,0,20,,,,
037401,0,0,0,92,,,,
03742U,0,0,0,23,,,,
037430,0,0,0,-15,,,,
037442,0,0,0,62,,,,
037450,0,0,0,-7,,,,
037452,0,0,0,21,,,,
037457,0,0,0,1206,,,,
037459,0,0,0,-20,,,,
037466,0,0,0,5,,,,
037468,0,0,0,-266,,,,
03746U,0,0,0,286,,,,
037489,0,0,0,-18,,,,
037493,0,0,0,-7,,,,
037495,0,0,0,-21,,,,
037496,0,0,0,93,,,,
037497,0,0,0,-3080,,,,
037498,0,0,0,46,,,,
037499,0,0,0,1,,,,
037501,0,0,0,-6,,,,
037503,0,0,0,409,,,,
037520,0,0,0,-41,,,,
037521,0,0,0,16,,,,
037525,0,0,0,174,,,,
037543,0,0,0,130,,,,
037544,0,0,0,4,,,,
037549,0,0,0,5,,,,
037560,0,0,0,12,,,,
037564,0,0,0,-10,,,,
037565,0,0,0,37,,,,
037566,0,0,0,-40,,,,
037572,0,0,0,300,,,,
037573,0,0,0,-2,,,,
037577,0,0,0,3,,,,
037587,0,0,0,1,,,,
037594,0,0,0,1,,,,
037598,0,0,0,20,,,,
037599,0,0,0,10,,,,
037601,0,0,0,0,,,,
037618,0,0,0,1,,,,
037643,0,0,0,546,,,,
037648,0,0,0,456,,,,
037649,0,0,0,5,,,,
037650,0,0,0,-45,,,,
037659,0,0,0,7,,,,
037660,0,0,0,175,,,,
037668,0,0,0,661,,,,
037682,0,0,0,-9,,,,
037687,0,0,0,0,,,,
037698,0,0,0,-177,,,,
037700,0,0,0,677,,,,
037718,0,0,0,123,,,,
037721,0,0,0,30,,,,
037731,0,0,0,-1,,,,
037742,0,0,0,8,,,,
037747,0,0,0,1,,,,
037753,0,0,0,3,,,,
037755,0,0,0,-63,,,,
037756,0,0,0,20,,,,
037764,0,0,0,70,,,,
037774,0,0,0,-67,,,,
037775,0,0,0,18,,,,
037776,0,0,0,45,,,,
037783,0,0,0,51,,,,
037794,0,0,0,-375,,,,
037796,0,0,0,-581,,,,
037799,0,0,0,1,,,,
037802,0,0,0,1,,,,
037812,0,0,0,1,,,,
037816,0,0,0,-9,,,,
037829,0,0,0,2,,,,
037833,0,0,0,409,,,,
037838,0,0,0,10,,,,
037839,0,0,0,1,,,,
037840,0,0,0,3,,,,
037847,0,0,0,10,,,,
037861,0,0,0,48,,,,
037877,0,0,0,7,,,,
037922,0,0,0,213,,,,
037932,0,0,0,3,,,,
037949,0,0,0,1,,,,
037973,0,0,0,10,,,,
037986,0,0,0,2,,,,
037987,0,0,0,-2,,,,
037990,0,0,0,10,,,,
037997,0,0,0,1200,,,,
038000,0,0,0,539,,,,
038002,0,0,0,-246,,,,
038021,0,0,0,-76,,,,
038029,0,0,0,-50,,,,
038030,0,0,0,243,,,,
038031,0,0,0,16,,,,
038045,0,0,0,-1,,,,
038047,0,0,0,162,,,,
038081,0,0,0,599,,,,
038083,0,0,0,10,,,,
038084,0,0,0,1,,,,
038103,0,0,0,23,,,,
038104,0,0,0,15,,,,
038124,0,0,0,-10,,,,
038130,0,0,0,2,,,,
038137,0,0,0,20,,,,
038146,0,0,0,1,,,,
038148,0,0,0,18,,,,
038159,0,0,0,72,,,,
038162,0,0,0,-26,,,,
038163,0,0,0,38,,,,
038167,0,0,0,6,,,,
038173,0,0,0,-25,,,,
038175,0,0,0,-44,,,,
038177,0,0,0,0,,,,
038188,0,0,0,60,,,,
038196,0,0,0,-20,,,,
038201,0,0,0,25,,,,
038203,0,0,0,-59,,,,
038209,0,0,0,76,,,,
038212,0,0,0,1,,,,
038223,0,0,0,-5,,,,
038260,0,0,0,57,,,,
038263,0,0,0,-272,,,,
038286,0,0,0,97,,,,
038292,0,0,0,-6,,,,
038311,0,0,0,391,,,,
038312,0,0,0,10,,,,
038314,0,0,0,200,,,,
038315,0,0,0,140,,,,
038316,0,0,0,14,,,,
038317,0,0,0,853,,,,
038318,0,0,0,-127,,,,
038320,0,0,0,19,,,,
038321,0,0,0,-1108,,,,
038322,0,0,0,5,,,,
038325,0,0,0,-327,,,,
038326,0,0,0,6,,,,
038329,0,0,0,-1,,,,
038340,0,0,0,100,,,,
038352,0,0,0,1,,,,
038353,0,0,0,-14,,,,
038363,0,0,0,20,,,,
038369,0,0,0,6,,,,
038373,0,0,0,500,,,,
038395,0,0,0,3,,,,
038398,0,0,0,-4,,,,
038400,0,0,0,51,,,,
038403,0,0,0,-281,,,,
038404,0,0,0,-5,,,,
038408,0,0,0,-10,,,,
038409,0,0,0,25,,,,
038410,0,0,0,-262,,,,
038412,0,0,0,-50,,,,
038413,0,0,0,20,,,,
038423,0,0,0,-20,,,,
038424,0,0,0,-315,,,,
038430,0,0,0,-18,,,,
038437,0,0,0,30,,,,
038450,0,0,0,-29,,,,
038456,-10,0,0,0,,,,
038472,0,0,0,20,,,,
038474,0,0,0,128,,,,
038479,0,0,0,25,,,,
038493,0,0,0,-617,,,,
038496,0,0,0,2,,,,
038504,0,0,0,29,,,,
038505,0,0,0,5,,,,
038514,0,0,0,1,,,,
038524,0,0,0,-2,,,,
038525,0,0,0,-51,,,,
038526,0,0,0,-57,,,,
038527,0,0,0,-9,,,,
038528,0,0,0,4,,,,
038529,0,0,0,-497,,,,
038530,0,0,0,-31,,,,
038531,0,0,0,-2,,,,
038533,0,0,0,-10,,,,
038538,0,0,0,-79,,,,
038540,0,0,0,40,,,,
038558,0,0,0,6,,,,
038562,0,0,0,3,,,,
038567,0,0,0,-25,,,,
038569,0,0,0,100,,,,
038576,0,0,0,15,,,,
038584,0,0,0,35,,,,
038586,0,0,0,3,,,,
038589,0,0,0,22,,,,
038623,0,0,0,-10,,,,
038626,0,0,0,22,,,,
038630,0,0,0,-11,,,,
038634,0,0,0,-5,,,,
038644,0,0,0,1,,,,
038648,0,0,0,-10,,,,
038660,0,0,0,479,,,,
038662,0,0,0,1,,,,
038666,0,0,0,-1,,,,
038674,0,0,0,58,,,,
038676,0,0,0,20,,,,
038681,0,0,0,-30,,,,
038683,0,0,0,5,,,,
038686,0,0,0,-70,,,,
038699,0,0,0,-58,,,,
038706,0,0,0,3,,,,
038707,0,0,0,495,,,,
038711,0,0,0,1000,,,,
038712,0,0,0,0,,,,
038713,0,0,0,83,,,,
038722,0,0,0,-508,,,,
038734,0,0,0,0,,,,
038738,0,0,0,-50,,,,
038739,0,0,0,-65,,,,
038742,0,0,0,-1,,,,
038744,0,0,0,5,,,,
038745,0,0,0,15,,,,
038746,0,0,0,-406,,,,
038747,0,0,0,-85,,,,
038748,0,0,0,279,,,,
038753,0,0,0,2,,,,
038756,0,0,0,20,,,,
038761,0,0,0,2,,,,
038771,0,0,0,762,,,,
038774,0,0,0,-323,,,,
038781,0,0,0,-1,,,,
038783,0,0,0,-7,,,,
038790,0,0,0,-120,,,,
038795,0,0,0,-33,,,,
038801,0,0,0,-30,,,,
038806,0,0,0,-50,,,,
038808,0,0,0,-87,,,,
038809,0,0,0,10,,,,
038811,0,0,0,300,,,,
038813,0,0,0,-713,,,,
038816,0,0,0,33,,,,
038817,0,0,0,-84,,,,
038820,0,0,0,8,,,,
038822,0,0,0,16,,,,
038823,0,0,0,-66,,,,
038824,0,0,0,-127,,,,
038825,0,0,0,21,,,,
038826,0,0,0,-41,,,,
038828,0,0,0,6,,,,
038829,0,0,0,101,,,,
038830,0,0,0,85,,,,
038831,0,0,0,92,,,,
038841,0,0,0,-10,,,,
038843,0,0,0,-30,,,,
038844,0,0,0,-15,,,,
038846,0,0,0,5,,,,
038847,0,0,0,1160,,,,
038848,0,0,0,212,,,,
038849,0,0,0,-7,,,,
038850,0,0,0,-33,,,,
038856,0,0,0,300,,,,
038857,0,0,0,-20,,,,
038858,0,0,0,-299,,,,
038859,0,0,0,-10,,,,
038861,0,0,0,-21,,,,
038862,0,0,0,33,,,,
038864,0,0,0,-197,,,,
038865,0,0,0,10,,,,
038866,0,0,0,-50,,,,
038875,0,0,0,19,,,,
038876,0,0,0,-50,,,,
038877,0,0,0,-41,,,,
038899,0,0,0,-17,,,,
038902,0,0,0,1,,,,
038903,0,0,0,30,,,,
038904,0,0,0,1,,,,
038905,0,0,0,10,,,,
038906,0,0,0,504,,,,
038920,0,0,0,400,,,,
038926,0,0,0,4,,,,
038938,0,0,0,-8,,,,
038945,0,0,0,3,,,,
038946,0,0,0,70,,,,
038947,0,0,0,20,,,,
038951,0,0,0,30,,,,
038955,0,0,0,7,,,,
038957,0,0,0,1588,,,,
038960,0,0,0,-127,,,,
038966,0,0,0,2,,,,
038969,0,0,0,-10,,,,
038972,0,0,0,319,,,,
038973,0,0,0,1836,,,,
038977,0,0,0,1,,,,
038982,0,0,0,-10,,,,
038983,0,0,0,-15,,,,
038987,0,0,0,552,,,,
038988,0,0,0,-770,,,,
038991,0,0,0,10,,,,
038992,0,0,0,155,,,,
038993,0,0,0,-70,,,,
038994,0,0,0,-82,,,,
038995,0,0,0,6,,,,
038999,0,0,0,-1,,,,
039000,0,0,0,-188,,,,
039001,0,0,0,-104,,,,
039004,0,0,0,-1,,,,
039005,0,0,0,-60,,,,
039007,0,0,0,10,,,,
039009,0,0,0,16,,,,
039012,0,0,0,-8,,,,
039014,0,0,0,-140,,,,
039015,0,0,0,150,,,,
039016,0,0,0,541,,,,
039018,0,0,0,-14,,,,
039019,0,0,0,488,,,,
039020,0,0,0,-192,,,,
039021,0,0,0,68,,,,
039023,0,0,0,43,,,,
039026,0,0,0,588,,,,
039027,0,0,0,-870,,,,
039028,0,0,0,-47,,,,
039031,0,0,0,-23,,,,
039032,0,0,0,-14,,,,
039033,0,0,0,-200,,,,
039034,0,0,0,-49,,,,
039035,0,0,0,-40,,,,
039036,0,0,0,-2,,,,
039037,0,0,0,18,,,,
039040,0,0,0,16,,,,
039041,0,0,0,1,,,,
039042,0,0,0,-200,,,,
039050,0,0,0,-50,,,,
039055,0,0,0,6,,,,
039056,0,0,0,89,,,,
039070,0,0,0,17,,,,
039072,0,0,0,2,,,,
039077,0,0,0,4,,,,
039078,0,0,0,-2,,,,
039079,0,0,0,1,,,,
039082,0,0,0,-65,,,,
039086,0,0,0,100,,,,
039087,0,0,0,10,,,,
039096,0,0,0,2,,,,
039108,0,0,0,41,,,,
039112,0,0,0,-110,,,,
039119,0,0,0,8,,,,
039132,0,0,0,10,,,,
039138,0,0,0,-5,,,,
039141,0,0,0,5,,,,
039146,0,0,0,2487,,,,
039152,0,0,0,499,,,,
039156,0,0,0,32,,,,
039164,0,0,0,-10,,,,
039165,0,0,0,2,,,,
039175,0,0,0,-25,,,,
039195,-499,0,0,-260,,,,
039207,0,0,0,80,,,,
039224,0,0,0,-21,,,,
039230,0,0,0,-1,,,,
039242,0,0,0,-100,,,,
039257,0,0,0,-25,,,,
039259,0,0,0,40,,,,
039279,0,0,0,2,,,,
039307,0,0,0,6,,,,
039309,0,0,0,255,,,,
039312,0,0,0,-60,,,,
039330,0,0,0,-100,,,,
039332,0,0,0,380,,,,
039334,0,0,0,4,,,,
039335,0,0,0,-988,,,,
039336,0,0,0,10,,,,
039337,0,0,0,-698,,,,
039340,0,0,0,-122,,,,
039341,0,0,0,150,,,,
039343,0,0,0,4,,,,
039352,0,0,0,1,,,,
039355,0,0,0,5,,,,
039367,0,0,0,3,,,,
039368,0,0,0,40,,,,
039373,0,0,0,-47,,,,
039377,0,0,0,15,,,,
039383,0,0,0,3,,,,
039384,0,0,0,40,,,,
039385,0,0,0,816,,,,
039394,0,0,0,110,,,,
039397,0,0,0,1,,,,
039412,0,0,0,-5,,,,
039425,0,0,0,0,,,,
039435,0,0,0,-1,,,,
039440,0,0,0,216,,,,
039441,0,0,0,-332,,,,
039442,-1,0,0,149,,,,
039443,0,0,0,-159,,,,
039444,0,0,0,-312,,,,
039445,0,0,0,50,,,,
039446,0,0,0,-905,,,,
039447,0,0,0,-10,,,,
039448,0,0,0,-39,,,,
039449,0,0,0,-24,,,,
039451,0,0,0,5,,,,
039452,0,0,0,-129,,,,
039453,0,0,0,752,,,,
039454,0,0,0,107,,,,
039455,0,0,0,22,,,,
039458,0,0,0,-274,,,,
039460,0,0,0,138,,,,
039462,0,0,0,301,,,,
039463,0,0,0,-60,,,,
039465,0,0,0,-100,,,,
039467,0,0,0,133,,,,
039473,0,0,0,-170,,,,
039474,0,0,0,-23,,,,
039475,0,0,0,-52,,,,
039477,0,0,0,-335,,,,
039478,0,0,0,58,,,,
039479,0,0,0,0,,,,
039482,0,0,0,35,,,,
039495,0,0,0,95,,,,
039504,0,0,0,5,,,,
039505,0,0,0,-375,,,,
039510,0,0,0,3,,,,
039523,0,0,0,210,,,,
039525,0,0,0,560,,,,
039526,0,0,0,550,,,,
039529,0,0,0,12,,,,
039560,0,0,0,-18,,,,
039570,0,0,0,1,,,,
039577,0,0,0,35,,,,
039578,0,0,0,-146,,,,
039580,0,0,0,9,,,,
039585,0,0,0,-35,,,,
039586,0,0,0,-344,,,,
039587,0,0,0,4,,,,
039590,0,0,0,-50,,,,
039591,0,0,0,10,,,,
039595,0,0,0,7,,,,
039599,0,0,0,-1,,,,
039603,0,0,0,96,,,,
039605,0,0,0,-56,,,,
039606,0,0,0,-21,,,,
039609,0,0,0,-30,,,,
039610,0,0,0,55,,,,
039611,0,0,0,155,,,,
039612,0,0,0,622,,,,
039613,0,0,0,300,,,,
039615,0,0,0,-8,,,,
039616,0,0,0,-8,,,,
039617,0,0,0,4,,,,
039618,0,0,0,170,,,,
039625,0,0,0,1,,,,
039626,0,0,0,-10,,,,
039627,0,0,0,9,,,,
039628,0,0,0,20,,,,
039637,0,0,0,-1,,,,
039641,0,0,0,64,,,,
039645,0,0,0,12,,,,
039670,0,0,0,2100,,,,
039675,0,0,0,-47,,,,
039688,0,0,0,93,,,,
039689,0,0,0,10,,,,
039691,0,0,0,90,,,,
039693,0,0,0,-117,,,,
039706,0,0,0,-61,,,,
039722,0,0,0,6,,,,
039723,0,0,0,15,,,,
039725,0,0,0,-30,,,,
039733,0,0,0,29,,,,
039738,0,0,0,16,,,,
039739,0,0,0,20,,,,
039747,0,0,0,31,,,,
039748,0,0,0,-42,,,,
039750,0,0,0,1,,,,
039762,0,0,0,1,,,,
039768,0,0,0,0,,,,
039770,0,0,0,2,,,,
039775,0,0,0,3,,,,
039776,0,0,0,-20,,,,
039784,0,0,0,2,,,,
039787,0,0,0,1,,,,
039788,0,0,0,2,,,,
039800,0,0,0,1,,,,
039801,0,0,0,-102,,,,
039804,0,0,0,11,,,,
039809,0,0,0,1,,,,
039815,0,0,0,13,,,,
039818,0,0,0,-149,,,,
039820,0,0,0,-5,,,,
039822,0,0,0,14,,,,
039825,0,0,0,-8,,,,
03982C,0,0,0,0,,,,
039844,0,0,0,103,,,,
03985C,0,0,0,-52,,,,
039860,0,0,0,20,,,,
039862,0,0,0,0,,,,
03986C,0,0,0,-1,,,,
039872,0,0,0,10,,,,
039881,0,0,0,676,,,,
039886,0,0,0,-28,,,,
039906,-2,0,0,9,,,,
039925,0,0,0,14,,,,
03992C,0,0,0,10,,,,
039938,0,0,0,1240,,,,
03993C,0,0,0,7,,,,
039946,0,0,0,-2,,,,
039951,0,0,0,3,,,,
03995C,0,0,0,216,,,,
039964,0,0,0,1,,,,
039969,0,0,0,-10,,,,
03996C,0,0,0,5,,,,
039970,0,0,0,189,,,,
039971,0,0,0,-10,,,,
03997C,0,0,0,6,,,,
039988,0,0,0,-180,,,,
03998C,0,0,0,472,,,,
039992,0,0,0,-98,,,,
039999,0,0,0,143,,,,
03999C,0,0,0,1,,,,
040001,0,0,0,85,,,,
040002,0,0,0,-35,,,,
040006,0,0,0,2,,,,
040012,0,0,0,50,,,,
040014,0,0,0,20,,,,
040018,0,0,0,-26,,,,
04001C,0,0,0,25,,,,
040024,0,0,0,-17,,,,
040029,0,0,0,3,,,,
04002C,0,0,0,1,,,,
040038,0,0,0,30,,,,
04003C,0,0,0,12,,,,
040040,0,0,0,1,,,,
040046,0,0,0,229,,,,
04004C,0,0,0,34,,,,
040053,0,0,0,5,,,,
040055,0,0,0,24,,,,
04005C,0,0,0,280,,,,
04006C,0,0,0,-7,,,,
040072,0,0,0,-226,,,,
040077,0,0,0,49,,,,
040080,0,0,0,-6,,,,
04008C,0,0,0,-558,,,,
040094,0,0,0,-58,,,,
040099,0,0,0,431,,,,
04009C,0,0,0,-92,,,,
040108,0,0,0,86,,,,
04010C,0,0,0,2,,,,
040113,0,0,0,-24,,,,
040126,0,0,0,20,,,,
040138,0,0,0,-35,,,,
040148,0,0,0,300,,,,
040157,0,0,0,65,,,,
040161,0,0,0,-100,,,,
040164,0,0,0,2,,,,
040167,0,0,0,1,,,,
040171,0,0,0,20,,,,
040172,0,0,0,3,,,,
040180,0,0,0,3,,,,
040184,0,0,0,20,,,,
040186,0,0,0,0,,,,
040189,0,0,0,100,,,,
040192,0,0,0,6,,,,
040200,0,0,0,58,,,,
040201,0,0,0,30,,,,
040203,0,0,0,5,,,,
040206,0,0,0,2,,,,
040207,0,0,0,6,,,,
040225,0,0,0,1,,,,
040233,0,0,0,1,,,,
040239,0,0,0,-10,,,,
040245,0,0,0,492,,,,
040246,0,0,0,1,,,,
040247,0,0,0,1,,,,
040250,0,0,0,200,,,,
040258,0,0,0,-6,,,,
040291,0,0,0,63,,,,
040292,0,0,0,17,,,,
040294,0,0,0,389,,,,
040296,0,0,0,19,,,,
040300,0,0,0,10,,,,
040304,0,0,0,-31,,,,
040305,0,0,0,-176,,,,
040311,0,0,0,725,,,,
040329,0,0,0,2,,,,
040334,0,0,0,61,,,,
040338,0,0,0,1,,,,
040339,0,0,0,-15,,,,
040340,0,0,0,9,,,,
040341,0,0,0,-10,,,,
040345,0,0,0,82,,,,
040346,0,0,0,16,,,,
040347,0,0,0,3,,,,
040349,0,0,0,16,,,,
040354,0,0,0,-10,,,,
040358,0,0,0,1,,,,
040369,0,0,0,0,,,,
040384,0,0,0,-1,,,,
040393,0,0,0,31,,,,
040405,0,0,0,-87,,,,
040412,0,0,0,17,,,,
040413,0,0,0,10,,,,
040414,0,0,0,10,,,,
040415,0,0,0,2,,,,
040416,0,0,0,-320,,,,
040420,0,0,0,-26,,,,
040422,0,0,0,-1,,,,
040423,0,0,0,-94,,,,
040426,0,0,0,-130,,,,
040428,0,0,0,1,,,,
040430,0,0,0,1,,,,
040431,0,0,0,1,,,,
040432,0,0,0,27,,,,
040434,0,0,0,20,,,,
040437,0,0,0,1,,,,
040461,0,0,0,310,,,,
040468,0,0,0,-101,,,,
040470,0,0,0,142,,,,
040474,0,0,0,150,,,,
040476,0,0,0,-53,,,,
040480,0,0,0,610,,,,
040484,0,0,0,16,,,,
040504,0,0,0,0,,,,
040517,0,0,0,38,,,,
040523,0,0,0,-32,,,,
040533,0,0,0,1,,,,
040535,0,0,0,1,,,,
040543,0,0,0,1,,,,
040545,0,0,0,-17,,,,
040550,0,0,0,160,,,,
040552,0,0,0,10,,,,
040553,0,0,0,30,,,,
040556,0,0,0,15,,,,
040565,0,0,0,-988,,,,
040567,0,0,0,6,,,,
040576,0,0,0,-30,,,,
040580,0,0,0,50,,,,
040583,0,0,0,-2,,,,
040586,0,0,0,4,,,,
040602,0,0,0,20,,,,
040603,0,0,0,0,,,,
040605,0,0,0,-6,,,,
040607,0,0,0,-15,,,,
040609,0,0,0,9,,,,
040610,0,0,0,-236,,,,
040611,0,0,0,-1067,,,,
040612,0,0,0,-352,,,,
040614,0,0,0,-46,,,,
040615,0,0,0,275,,,,
040616,0,0,0,-215,,,,
040617,0,0,0,-396,,,,
040619,0,0,0,-2,,,,
040620,0,0,0,-328,,,,
040622,0,0,0,2,,,,
040624,0,0,0,-30,,,,
040627,0,0,0,14,,,,
040628,0,0,0,-14,,,,
040629,0,0,0,58,,,,
040630,0,0,0,482,,,,
040631,0,0,0,32,,,,
040632,0,0,0,544,,,,
040633,0,0,0,-2,,,,
040637,0,0,0,-2,,,,
040639,0,0,0,6,,,,
040640,0,0,0,-19,,,,
040641,0,0,0,-21,,,,
040642,0,0,0,-9,,,,
040646,0,0,0,-11,,,,
040648,0,0,0,-29,,,,
040650,0,0,0,96,,,,
040651,0,0,0,20,,,,
040652,0,0,0,-3,,,,
040653,0,0,0,-39,,,,
040654,0,0,0,10,,,,
040657,0,0,0,107,,,,
040660,0,0,0,7,,,,
040677,0,0,0,-5,,,,
040679,0,0,0,25,,,,
040685,0,0,0,-643,,,,
040687,0,0,0,100,,,,
040688,0,0,0,9,,,,
040692,0,0,0,33,,,,
040699,0,0,0,-49,,,,
040705,0,0,0,50,,,,
040708,0,0,0,2,,,,
040711,0,0,0,3,,,,
040713,0,0,0,1,,,,
040714,0,0,0,-12,,,,
040731,0,0,0,3,,,,
040733,0,0,0,25,,,,
040738,0,0,0,42,,,,
040739,0,0,0,14,,,,
040740,0,0,0,100,,,,
040744,0,0,0,4,,,,
040747,0,0,0,4,,,,
040771,0,0,0,40,,,,
040772,0,0,0,5,,,,
040773,0,0,0,51,,,,
040777,0,0,0,1,,,,
040787,0,0,0,50,,,,
040791,0,0,0,347,,,,
040792,0,0,0,-336,,,,
040793,0,0,0,81,,,,
040795,0,0,0,-5,,,,
040797,0,0,0,1,,,,
040798,0,0,0,3,,,,
040805,0,0,0,40,,,,
040807,0,0,0,10,,,,
040812,0,0,0,-10,,,,
040826,0,0,0,-10,,,,
040827,0,0,0,-292,,,,
040828,0,0,0,-237,,,,
040834,0,0,0,-1,,,,
040835,0,0,0,-5,,,,
040843,0,0,0,50,,,,
040852,0,0,0,11,,,,
040853,0,0,0,130,,,,
040854,0,0,0,168,,,,
040857,0,0,0,-133,,,,
040859,0,0,0,489,,,,
040866,0,0,0,72,,,,
040870,0,0,0,1,,,,
040872,0,0,0,5,,,,
040884,0,0,0,-22,,,,
040901,0,0,0,10,,,,
040908,0,0,0,21,,,,
040937,0,0,0,1,,,,
040939,0,0,0,-793,,,,
040943,0,0,0,-10,,,,
040944,0,0,0,4,,,,
040951,0,0,0,1,,,,
040955,0,0,0,5,,,,
040969,0,0,0,55,,,,
040970,0,0,0,60,,,,
040971,0,0,0,-112,,,,
040973,0,0,0,-5,,,,
040975,0,0,0,-108,,,,
040976,0,0,0,165,,,,
040978,0,0,0,-1,,,,
040979,0,0,0,-27,,,,
040980,0,0,0,-109,,,,
040982,0,0,0,81,,,,
040983,0,0,0,153,,,,
040984,0,0,0,7,,,,
040986,0,0,0,10,,,,
040991,0,0,0,-14,,,,
040992,0,0,0,46,,,,
040997,0,0,0,-16,,,,
041005,0,0,0,29,,,,
041016,0,0,0,2,,,,
041017,0,0,0,469,,,,
041023,0,0,0,11,,,,
041032,0,0,0,1,,,,
041043,0,0,0,-4,,,,
041046,0,0,0,-517,,,,
041050,0,0,0,37,,,,
041057,0,0,0,20,,,,
041059,0,0,0,-68,,,,
041060,0,0,0,25,,,,
041061,0,0,0,128,,,,
041062,0,0,0,35,,,,
041068,0,0,0,-9,,,,
041071,0,0,0,2,,,,
041072,0,0,0,-28,,,,
041073,0,0,0,12,,,,
041081,0,0,0,177,,,,
041082,0,0,0,10,,,,
041089,0,0,0,2,,,,
041090,0,0,0,50,,,,
041092,0,0,0,1,,,,
041093,0,0,0,-11,,,,
041096,0,0,0,20,,,,
041109,0,0,0,-30,,,,
041112,0,0,0,100,,,,
041115,0,0,0,7,,,,
041119,0,0,0,2,,,,
041126,0,0,0,93,,,,
041128,0,0,0,-10,,,,
041150,0,0,0,0,,,,
041158,0,0,0,-17,,,,
041159,0,0,0,4,,,,
041162,0,0,0,-29,,,,
041166,0,0,0,10,,,,
041172,0,0,0,1,,,,
041175,0,0,0,10,,,,
041188,0,0,0,-4,,,,
041190,0,0,0,16,,,,
041191,0,0,0,12,,,,
041193,0,0,0,155,,,,
041199,0,0,0,10,,,,
041207,0,0,0,-4,,,,
041208,0,0,0,-39,,,,
041209,0,0,0,-1,,,,
041210,0,0,0,3,,,,
041211,0,0,0,5737,,,,
041212,0,0,0,10,,,,
041214,0,0,0,71,,,,
041215,0,0,0,63,,,,
041219,0,0,0,10,,,,
041220,0,0,0,151,,,,
041227,0,0,0,-144,,,,
041228,0,0,0,175,,,,
041232,0,0,0,-49,,,,
041254,0,0,0,131,,,,
041257,0,0,0,-10,,,,
041261,0,0,0,21,,,,
041265,0,0,0,10,,,,
041275,0,0,0,24,,,,
041276,0,0,0,-17,,,,
041277,0,0,0,-50,,,,
041279,0,0,0,770,,,,
041281,0,0,0,90,,,,
041282,0,0,0,70,,,,
041283,0,0,0,-255,,,,
041284,0,0,0,-317,,,,
041287,0,0,0,8,,,,
041289,0,0,0,-119,,,,
041292,0,0,0,-2,,,,
041293,0,0,0,10,,,,
041300,0,0,0,20,,,,
041302,0,0,0,-200,,,,
041307,0,0,0,-370,,,,
041314,0,0,0,0,,,,
041320,0,0,0,1,,,,
041321,0,0,0,40,,,,
041322,0,0,0,76,,,,
041326,0,0,0,95,,,,
041330,0,0,0,7,,,,
041331,0,0,0,10,,,,
041334,0,0,0,-20,,,,
041336,0,0,0,-73,,,,
041338,0,0,0,3,,,,
041340,0,0,0,84,,,,
041342,0,0,0,-21,,,,
041346,0,0,0,-282,,,,
041350,0,0,0,1,,,,
041351,0,0,0,-27,,,,
041357,0,0,0,-3,,,,
041360,0,0,0,133,,,,
041361,0,0,0,-243,,,,
041362,0,0,0,-4,,,,
041365,0,0,0,-30,,,,
041374,0,0,0,0,,,,
041377,0,0,0,0,,,,
041403,0,0,0,7,,,,
041404,0,0,0,141,,,,
041419,0,0,0,10,,,,
041421,0,0,0,-250,,,,
041429,0,0,0,10,,,,
041433,0,0,0,1140,,,,
041434,0,0,0,143,,,,
041435,0,0,0,-661,,,,
041436,0,0,0,-35,,,,
041437,0,0,0,60,,,,
041439,0,0,0,4,,,,
041444,0,0,0,130,,,,
041449,0,0,0,586,,,,
041451,0,0,0,223,,,,
041454,0,0,0,-115,,,,
041455,0,0,0,7,,,,
041458,0,0,0,3,,,,
041459,0,0,0,-68,,,,
041460,0,0,0,14,,,,
041477,0,0,0,-18,,,,
041479,0,0,0,510,,,,
041482,0,0,0,424,,,,
041488,0,0,0,1,,,,
041494,0,0,0,26,,,,
041497,0,0,0,-10,,,,
041498,0,0,0,0,,,,
041507,0,0,0,191,,,,
041511,0,0,0,-400,,,,
041514,0,0,0,15,,,,
041521,0,0,0,-10,,,,
041524,0,0,0,10,,,,
041526,0,0,0,20,,,,
041533,0,0,0,13,,,,
041536,0,0,0,91,,,,
041540,0,0,0,58,,,,
041542,0,0,0,4,,,,
041546,0,0,0,125,,,,
041552,0,0,0,1,,,,
041561,0,0,0,-478,,,,
041563,0,0,0,-180,,,,
041564,0,0,0,35,,,,
041569,0,0,0,4,,,,
041570,0,0,0,1,,,,
041573,0,0,0,-20,,,,
041577,0,0,0,99,,,,
041580,0,0,0,51,,,,
041583,0,0,0,3,,,,
041588,0,0,0,21,,,,
041589,0,0,0,119,,,,
041598,0,0,0,2,,,,
041605,0,0,0,288,,,,
041606,0,0,0,262,,,,
041607,0,0,0,-6,,,,
041609,0,0,0,-84,,,,
041610,0,0,0,-80,,,,
041611,0,0,0,586,,,,
041612,0,0,0,301,,,,
041613,0,0,0,-185,,,,
041614,0,0,0,1,,,,
041619,0,0,0,30,,,,
041631,0,0,0,-10,,,,
041633,0,0,0,10,,,,
041634,0,0,0,5,,,,
041635,0,0,0,2,,,,
041636,0,0,0,0,,,,
041637,0,0,0,-10,,,,
041639,0,0,0,6,,,,
041643,0,0,0,23,,,,
041646,0,0,0,-55,,,,
041647,0,0,0,40,,,,
041654,0,0,0,1,,,,
041659,0,0,0,25,,,,
041661,0,0,0,24,,,,
041662,0,0,0,-45,,,,
041666,0,0,0,414,,,,
041667,-8,0,0,129,,,,
041668,0,0,0,4,,,,
041669,0,0,0,2250,,,,
041670,0,0,0,-80,,,,
041674,0,0,0,-5,,,,
041678,0,0,0,91,,,,
041679,0,0,0,-10,,,,
041682,0,0,0,0,,,,
041687,0,0,0,-34,,,,
041689,0,0,0,-10,,,,
041691,0,0,0,10,,,,
041694,0,0,0,75,,,,
041695,0,0,0,11,,,,
041696,0,0,0,2,,,,
041697,0,0,0,-1,,,,
041698,0,0,0,-1,,,,
041700,0,0,0,44,,,,
041717,0,0,0,-5,,,,
041718,0,0,0,2,,,,
041719,0,0,0,-32,,,,
041731,0,0,0,33,,,,
041733,0,0,0,-52,,,,
041737,0,0,0,57,,,,
041740,0,0,0,62,,,,
041741,0,0,0,-10,,,,
041742,0,0,0,-101,,,,
041747,0,0,0,4,,,,
041753,0,0,0,1,,,,
041755,0,0,0,409,,,,
041766,0,0,0,-40,,,,
041775,0,0,0,32,,,,
041778,0,0,0,-408,,,,
041779,0,0,0,504,,,,
041780,0,0,0,-334,,,,
041781,0,0,0,10,,,,
041783,0,0,0,-89,,,,
041784,0,0,0,-189,,,,
041790,0,0,0,292,,,,
041791,0,0,0,89,,,,
041795,0,0,0,30,,,,
041803,0,0,0,102,,,,
041805,0,0,0,158,,,,
041806,0,0,0,10,,,,
041809,0,0,0,-13,,,,
041819,0,0,0,3,,,,
041828,0,0,0,26,,,,
041829,0,0,0,10,,,,
041836,0,0,0,13,,,,
041839,0,0,0,81,,,,
041844,0,0,0,10,,,,
041845,0,0,0,-80,,,,
041849,0,0,0,655,,,,
041852,0,0,0,-26,,,,
041861,0,0,0,5,,,,
041862,0,0,0,-67,,,,
041863,0,0,0,60,,,,
041866,0,0,0,-100,,,,
04186U,0,0,0,-1,,,,
041872,0,0,0,1,,,,
041889,0,0,0,0,,,,
041890,0,0,0,-194,,,,
041903,0,0,0,-30,,,,
041905,0,0,0,20,,,,
041906,0,0,0,5,,,,
041911,0,0,0,40,,,,
041920,0,0,0,2,,,,
041925,0,0,0,-10,,,,
041928,0,0,0,-217,,,,
041930,0,0,0,4,,,,
041935,0,0,0,2,,,,
041941,0,0,0,-30,,,,
041942,0,0,0,7,,,,
041943,0,0,0,1,,,,
041946,0,0,0,4,,,,
041947,0,0,0,17,,,,
041955,0,0,0,5,,,,
041956,0,0,0,90,,,,
041957,0,0,0,7,,,,
041959,0,0,0,25,,,,
041960,0,0,0,15,,,,
041961,0,0,0,-9,,,,
041962,0,0,0,-10,,,,
041963,0,0,0,21,,,,
041979,0,0,0,20,,,,
041984,0,0,0,490,,,,
041993,0,0,0,-12,,,,
041994,0,0,0,-4,,,,
041999,0,0,0,10,,,,
042001,0,0,0,7,,,,
042004,0,0,0,-8,,,,
042011,0,0,0,-346,,,,
042013,0,0,0,48,,,,
042014,0,0,0,10,,,,
042017,0,0,0,-10,,,,
042021,0,0,0,4,,,,
042023,0,0,0,-34,,,,
042030,0,0,0,-20,,,,
042031,0,0,0,-38,,,,
042032,0,0,0,117,,,,
042034,0,0,0,500,,,,
042038,0,0,0,12,,,,
042043,0,0,0,64,,,,
042045,0,0,0,2,,,,
042049,0,0,0,-1,,,,
042051,0,0,0,50,,,,
042055,0,0,0,-157,,,,
042061,0,0,0,2,,,,
042062,0,0,0,110,,,,
042065,0,0,0,-623,,,,
042066,0,0,0,20,,,,
042068,0,0,0,-60,,,,
042070,0,0,0,10,,,,
042081,0,0,0,-22,,,,
042083,0,0,0,10,,,,
042085,0,0,0,-15,,,,
042093,0,0,0,0,,,,
042094,0,0,0,1,,,,
042096,0,0,0,105,,,,
042099,0,0,0,844,,,,
042100,0,0,0,-400,,,,
042101,0,0,0,-268,,,,
042106,0,0,0,2,,,,
042109,0,0,0,10,,,,
042110,0,0,0,2,,,,
042111,0,0,0,10,,,,
042112,0,0,0,15,,,,
042119,0,0,0,-32,,,,
042122,0,0,0,20,,,,
042123,0,0,0,130,,,,
042125,0,0,0,55,,,,
042126,0,0,0,290,,,,
042127,0,0,0,12,,,,
042128,0,0,0,660,,,,
042134,0,0,0,-303,,,,
042136,0,0,0,10,,,,
042137,0,0,0,1,,,,
042138,0,0,0,-503,,,,
042140,0,0,0,6,,,,
042141,0,0,0,-441,,,,
042142,0,0,0,220,,,,
042152,0,0,0,10,,,,
042161,0,0,0,3,,,,
042165,0,0,0,8,,,,
042172,0,0,0,-30,,,,
042175,0,0,0,-49,,,,
042178,0,0,0,-5,,,,
042180,0,0,0,0,,,,
042186,0,0,0,-10,,,,
042189,0,0,0,16,,,,
042190,0,0,0,-2,,,,
042195,0,0,0,-88,,,,
042198,0,0,0,5,,,,
042199,0,0,0,31,,,,
042200,0,0,0,1,,,,
042203,0,0,0,-5,,,,
042204,0,0,0,-406,,,,
042207,0,0,0,-1159,,,,
042213,0,0,0,-102,,,,
042216,0,0,0,0,,,,
042217,0,0,0,-283,,,,
042222,0,0,0,197,,,,
042223,0,0,0,72,,,,
042224,0,0,0,15,,,,
042228,0,0,0,270,,,,
042230,0,0,0,4,,,,
042233,0,0,0,22,,,,
042239,0,0,0,-8,,,,
042241,0,0,0,1,,,,
042255,0,0,0,-38,,,,
042256,0,0,0,-5,,,,
042257,0,0,0,-102,,,,
042258,0,0,0,624,,,,
042259,0,0,0,-20,,,,
042262,0,0,0,-30,,,,
042271,0,0,0,2,,,,
042277,0,0,0,237,,,,
042278,0,0,0,1,,,,
042282,0,0,0,1,,,,
042283,0,0,0,-78,,,,
042295,0,0,0,2,,,,
042296,0,0,0,-50,,,,
042302,0,0,0,271,,,,
042305,0,0,0,-20,,,,
042326,0,0,0,1,,,,
042327,0,0,0,40,,,,
042330,0,0,0,10,,,,
042331,0,0,0,-25,,,,
042334,0,0,0,99,,,,
042335,0,0,0,-1,,,,
042339,0,0,0,116,,,,
042340,0,0,0,-100,,,,
042342,0,0,0,117,,,,
042346,0,0,0,66,,,,
042347,0,0,0,-326,,,,
042365,0,0,0,-10,,,,
042371,0,0,0,170,,,,
042373,0,0,0,758,,,,
042374,0,0,0,-1269,,,,
042379,0,0,0,-20,,,,
042387,0,0,0,17,,,,
042406,0,0,0,60,,,,
042408,0,0,0,249,,,,
042409,0,0,0,2,,,,
042412,0,0,0,2,,,,
042420,0,0,0,92,,,,
042433,0,0,0,-40,,,,
042434,0,0,0,1,,,,
042435,0,0,0,0,,,,
042437,0,0,0,-427,,,,
042439,0,0,0,-1308,,,,
042443,0,0,0,38,,,,
042447,0,0,0,126,,,,
042453,0,0,0,23,,,,
042454,0,0,0,200,,,,
042455,0,0,0,2,,,,
042463,0,0,0,11,,,,
042468,0,0,0,10,,,,
042473,0,0,0,-52,,,,
042475,0,0,0,3,,,,
042480,0,0,0,726,,,,
042482,0,0,0,15,,,,
042488,0,0,0,100,,,,
042491,0,0,0,10,,,,
042501,0,0,0,85,,,,
042513,0,0,0,-65,,,,
042518,0,0,0,70,,,,
042532,0,0,0,210,,,,
042535,0,0,0,90,,,,
042538,0,0,0,-237,,,,
042541,0,0,0,-5,,,,
042542,0,0,0,8,,,,
042550,0,0,0,1,,,,
042551,0,0,0,415,,,,
042552,0,0,0,1,,,,
042553,0,0,0,-46,,,,
042554,0,0,0,85,,,,
042555,0,0,0,-370,,,,
042558,0,0,0,36,,,,
042564,0,0,0,23,,,,
042566,0,0,0,1,,,,
042576,0,0,0,3,,,,
042581,0,0,0,425,,,,
042593,0,0,0,5,,,,
042626,0,0,0,90,,,,
042629,0,0,0,137,,,,
042633,0,0,0,-373,,,,
042636,0,0,0,362,,,,
042641,0,0,0,-146,,,,
042645,0,0,0,115,,,,
042649,0,0,0,-11,,,,
042655,0,0,0,-6,,,,
042661,0,0,0,-10,,,,
042664,0,0,0,-101,,,,
042666,0,0,0,167,,,,
042673,0,0,0,7,,,,
042674,0,0,0,15,,,,
042675,0,0,0,1,,,,
042676,0,0,0,302,,,,
042678,0,0,0,94,,,,
042681,0,0,0,130,,,,
042682,0,0,0,50,,,,
042683,0,0,0,200,,,,
042684,0,0,0,8,,,,
042686,0,0,0,-15,,,,
042692,0,0,0,-1,,,,
042693,0,0,0,205,,,,
042694,0,0,0,42,,,,
042695,0,0,0,12,,,,
042698,0,0,0,-30,,,,
042701,0,0,0,19,,,,
042703,0,0,0,26,,,,
042710,0,0,0,2,,,,
042715,0,0,0,-18,,,,
042717,0,0,0,-42,,,,
042721,-6,0,0,6,,,,
042723,0,0,0,684,,,,
042724,0,0,0,4,,,,
042725,0,0,0,1,,,,
042726,0,0,0,5,,,,
042733,0,0,0,368,,,,
042734,0,0,0,10,,,,
042737,0,0,0,320,,,,
042745,0,0,0,6,,,,
042750,0,0,0,735,,,,
042752,0,0,0,53,,,,
042760,0,0,0,13,,,,
042762,0,0,0,-62,,,,
042763,0,0,0,70,,,,
042765,0,0,0,18,,,,
042766,0,0,0,259,,,,
042779,0,0,0,-1,,,,
042797,0,0,0,29,,,,
042798,0,0,0,1,,,,
042799,0,0,0,665,,,,
042801,0,0,0,106,,,,
042804,0,0,0,31,,,,
042805,0,0,0,-4,,,,
042807,0,0,0,-31,,,,
042818,0,0,0,50,,,,
042820,0,0,0,-33,,,,
042824,0,0,0,-261,,,,
042832,0,0,0,-10,,,,
042835,0,0,0,5,,,,
042836,0,0,0,12,,,,
042837,0,0,0,13,,,,
042839,0,0,0,-300,,,,
042848,0,0,0,-10,,,,
042849,0,0,0,643,,,,
042850,0,0,0,2,,,,
042851,0,0,0,-10,,,,
042853,0,0,0,1,,,,
042854,0,0,0,-1,,,,
042856,0,0,0,70,,,,
042858,0,0,0,10,,,,
04286U,0,0,0,2,,,,
042873,0,0,0,150,,,,
042876,0,0,0,6,,,,
042878,0,0,0,1,,,,
042884,0,0,0,3,,,,
042889,0,0,0,-10,,,,
042904,0,0,0,38,,,,
042906,0,0,0,1,,,,
042912,0,0,0,1180,,,,
042913,0,0,0,17,,,,
042915,0,0,0,41,,,,
042916,0,0,0,-608,,,,
042917,0,0,0,-230,,,,
042919,0,0,0,1,,,,
042922,0,0,0,-10,,,,
042925,0,0,0,172,,,,
042927,0,0,0,1,,,,
042939,0,0,0,1,,,,
042940,0,0,0,140,,,,
042941,0,0,0,498,,,,
042942,0,0,0,-2,,,,
042947,0,0,0,270,,,,
042951,0,0,0,18,,,,
042952,0,0,0,32,,,,
042958,0,0,0,-28,,,,
042969,0,0,0,1,,,,
042970,0,0,0,90,,,,
042982,0,0,0,1,,,,
042983,0,0,0,7,,,,
042993,0,0,0,-199,,,,
042996,0,0,0,-1,,,,
042998,0,0,0,-9,,,,
043006,0,0,0,0,,,,
043013,0,0,0,-14,,,,
043014,0,0,0,37,,,,
043025,0,0,0,2,,,,
043026,0,0,0,200,,,,
043028,0,0,0,28,,,,
043030,0,0,0,0,,,,
043036,0,0,0,-30,,,,
043042,0,0,0,-10,,,,
043045,0,0,0,-111,,,,
043047,0,0,0,170,,,,
043052,0,0,0,57,,,,
043055,0,0,0,16,,,,
043060,0,0,0,3,,,,
043062,0,0,0,-32,,,,
043063,0,0,0,15,,,,
043065,0,0,0,-237,,,,
043067,0,0,0,-80,,,,
043070,0,0,0,25,,,,
043071,0,0,0,40,,,,
043072,0,0,0,235,,,,
043075,0,0,0,-1,,,,
043079,0,0,0,5,,,,
043082,0,0,0,-1,,,,
043084,0,0,0,-6,,,,
043085,0,0,0,10,,,,
043086,0,0,0,111,,,,
043087,0,0,0,1426,,,,
043091,0,0,0,-80,,,,
043092,0,0,0,13,,,,
043093,0,0,0,-1,,,,
043094,0,0,0,47,,,,
043096,10,0,0,10,,,,
043097,0,0,0,61,,,,
043101,0,0,0,-11,,,,
043102,0,0,0,199,,,,
043103,0,0,0,10,,,,
043105,0,0,0,-25,,,,
043107,0,0,0,4,,,,
043108,0,0,0,-3,,,,
043110,0,0,0,95,,,,
043113,0,0,0,-20,,,,
043114,0,0,0,-31,,,,
043116,0,0,0,156,,,,
043117,0,0,0,80,,,,
043119,0,0,0,-17,,,,
043121,0,0,0,1,,,,
043124,0,0,0,56,,,,
043129,0,0,0,97,,,,
043134,0,0,0,3,,,,
043135,0,0,0,-8,,,,
043139,0,0,0,38,,,,
043142,0,0,0,-6,,,,
043143,0,0,0,1,,,,
043144,0,0,0,-6,,,,
043151,0,0,0,9,,,,
043153,0,0,0,-26,,,,
043154,0,0,0,9,,,,
043161,0,0,0,6,,,,
043162,0,0,0,-20,,,,
043165,0,0,0,29,,,,
043167,0,0,0,50,,,,
043169,0,0,0,57,,,,
043172,0,0,0,3,,,,
043176,0,0,0,-58,,,,
043180,0,0,0,-27,,,,
043183,0,0,0,83,,,,
043185,0,0,0,102,,,,
043187,0,0,0,1,,,,
043191,0,0,0,450,,,,
043192,0,0,0,0,,,,
043193,0,0,0,55,,,,
043204,0,0,0,-407,,,,
043205,0,0,0,-6,,,,
043206,0,0,0,1,,,,
043211,0,0,0,-30,,,,
043217,0,0,0,-10,,,,
043218,0,0,0,260,,,,
043221,0,0,0,-55,,,,
043223,0,0,0,30,,,,
043224,0,0,0,138,,,,
043225,0,0,0,3,,,,
043228,0,0,0,-68,,,,
043231,0,0,0,20,,,,
043232,0,0,0,7,,,,
043233,0,0,0,16,,,,
043243,0,0,0,107,,,,
043248,0,0,0,-20,,,,
043250,0,0,0,42,,,,
043254,0,0,0,48,,,,
043256,0,0,0,-10,,,,
043258,0,0,0,-35,,,,
043260,0,0,0,80,,,,
043265,0,0,0,37,,,,
043272,0,0,0,347,,,,
043273,0,0,0,5,,,,
043275,0,0,0,45,,,,
043280,0,0,0,37,,,,
043281,0,0,0,-12,,,,
043282,0,0,0,-55,,,,
043283,0,0,0,10,,,,
043284,0,0,0,-93,,,,
043294,0,0,0,-4,,,,
043305,0,0,0,-49,,,,
043306,0,0,0,40,,,,
043310,0,0,0,1,,,,
043320,0,0,0,1,,,,
043325,0,0,0,15,,,,
043330,0,0,0,20,,,,
043336,0,0,0,16,,,,
043342,0,0,0,-6,,,,
043344,0,0,0,-7,,,,
043348,0,0,0,49,,,,
043351,0,0,0,50,,,,
043353,0,0,0,510,,,,
043354,0,0,0,73,,,,
043355,0,0,0,464,,,,
043356,0,0,0,255,,,,
043361,0,0,0,1,,,,
043362,0,0,0,10,,,,
043363,0,0,0,-2,,,,
043365,0,0,0,348,,,,
043366,0,0,0,20,,,,
043367,0,0,0,-154,,,,
043368,0,0,0,30,,,,
043370,0,0,0,-236,,,,
043374,-1,0,0,357,,,,
043375,0,0,0,81,,,,
043380,0,0,0,0,,,,
043381,0,0,0,5,,,,
043388,0,0,0,-10,,,,
043390,0,0,0,36,,,,
043391,0,0,0,-70,,,,
043392,0,0,0,-200,,,,
043396,0,0,0,26,,,,
043398,0,0,0,0,,,,
043402,0,0,0,120,,,,
043403,0,0,0,2,,,,
043404,0,0,0,6,,,,
043406,0,0,0,-10,,,,
043408,0,0,0,82,,,,
043410,0,0,0,6,,,,
043411,0,0,0,10,,,,
043413,0,0,0,20,,,,
043417,0,0,0,-14,,,,
043420,0,0,0,4,,,,
043427,0,0,0,15,,,,
043431,0,0,0,-3,,,,
043438,0,0,0,102,,,,
043442,0,0,0,-13,,,,
043443,0,0,0,3,,,,
043447,0,0,0,-23,,,,
043450,0,0,0,13,,,,
043452,0,0,0,-10,,,,
043454,0,0,0,-1,,,,
043455,0,0,0,0,,,,
043456,0,0,0,79,,,,
043459,0,0,0,88,,,,
043463,0,0,0,30,,,,
043466,0,0,0,-229,,,,
043467,0,0,0,1,,,,
043469,0,0,0,-10,,,,
043471,0,0,0,10,,,,
043472,0,0,0,-16,,,,
043474,0,0,0,0,,,,
043492,0,0,0,99,,,,
043493,0,0,0,150,,,,
043496,0,0,0,42,,,,
043503,0,0,0,102,,,,
043505,0,0,0,1,,,,
043506,0,0,0,10,,,,
043510,0,0,0,49,,,,
043514,0,0,0,-148,,,,
043517,0,0,0,15,,,,
043518,0,0,0,-5,,,,
043519,0,0,0,-21,,,,
043520,0,0,0,322,,,,
043522,0,0,0,-5,,,,
043523,0,0,0,853,,,,
043528,0,0,0,2,,,,
043530,0,0,0,60,,,,
043532,0,0,0,6,,,,
043534,0,0,0,28,,,,
043535,0,0,0,76,,,,
043536,0,0,0,111,,,,
043540,0,0,0,50,,,,
043544,0,0,0,46,,,,
043553,0,0,0,10,,,,
043576,0,0,0,200,,,,
043579,0,0,0,124,,,,
043587,0,0,0,50,,,,
043588,0,0,0,6,,,,
043589,0,0,0,20,,,,
043595,0,0,0,2,,,,
043597,0,0,0,-11,,,,
043598,0,0,0,10,,,,
043606,0,0,0,-293,,,,
043610,0,0,0,285,,,,
043614,0,0,0,444,,,,
043616,0,0,0,-200,,,,
043618,0,0,0,-382,,,,
043619,0,0,0,70,,,,
043621,0,0,0,60,,,,
043623,0,0,0,200,,,,
043624,0,0,0,10,,,,
043630,0,0,0,-1,,,,
043633,0,0,0,14,,,,
043634,0,0,0,-1700,,,,
043642,0,0,0,-49,,,,
043643,0,0,0,110,,,,
043644,0,0,0,-275,,,,
043648,0,0,0,6,,,,
043651,0,0,0,130,,,,
043656,0,0,0,319,,,,
043657,0,0,0,-205,,,,
043658,0,0,0,-657,,,,
043659,0,0,0,-569,,,,
043660,0,0,0,668,,,,
043661,0,0,0,15,,,,
043663,0,0,0,10,,,,
043664,0,0,0,-131,,,,
043665,0,0,0,-15,,,,
043666,0,0,0,36,,,,
043667,0,0,0,-22,,,,
043668,0,0,0,-31,,,,
043669,0,0,0,-1,,,,
043670,0,0,0,-54,,,,
043672,0,0,0,22,,,,
043674,0,0,0,40,,,,
043676,0,0,0,-706,,,,
043678,0,0,0,100,,,,
043682,0,0,0,-80,,,,
043684,0,0,0,11,,,,
043690,0,0,0,90,,,,
043696,0,0,0,33,,,,
043697,0,0,0,1525,,,,
043698,0,0,0,589,,,,
043702,0,0,0,9,,,,
043704,0,0,0,-40,,,,
043706,0,0,0,75,,,,
043709,0,0,0,-118,,,,
043710,0,0,0,1,,,,
043713,0,0,0,46,,,,
043716,0,0,0,9,,,,
043717,0,0,0,-1,,,,
043720,0,0,0,-842,,,,
043726,0,0,0,40,,,,
043728,0,0,0,-25,,,,
043743,0,0,0,22,,,,
043759,0,0,0,1,,,,
043761,0,0,0,0,,,,
043766,0,0,0,-10,,,,
043768,0,0,0,0,,,,
043770,0,0,0,-20,,,,
043776,0,0,0,-10,,,,
043778,0,0,0,40,,,,
043783,0,0,0,15,,,,
043789,0,0,0,-150,,,,
043792,0,0,0,-36,,,,
043795,0,0,0,-9,,,,
043796,0,0,0,-40,,,,
043799,0,0,0,-202,,,,
043801,0,0,0,-101,,,,
043803,0,0,0,-40,,,,
043804,0,0,0,68,,,,
043805,0,0,0,334,,,,
043812,0,0,0,110,,,,
043813,0,0,0,-12,,,,
043814,0,0,0,-5,,,,
043815,0,0,0,268,,,,
043817,0,0,0,34,,,,
043819,0,0,0,2,,,,
043825,0,0,0,20,,,,
043827,0,0,0,0,,,,
043829,0,0,0,17,,,,
043830,0,0,0,10,,,,
043833,0,0,0,-78,,,,
043838,0,0,0,-66,,,,
043842,0,0,0,117,,,,
043845,0,0,0,44,,,,
043848,0,0,0,2,,,,
043850,0,0,0,9,,,,
043852,0,0,0,-60,,,,
043853,0,0,0,71,,,,
043866,0,0,0,10,,,,
043870,0,0,0,-20,,,,
043871,0,0,0,-120,,,,
043872,0,0,0,-5,,,,
043877,0,0,0,33,,,,
043878,0,0,0,-3,,,,
043881,0,0,0,12,,,,
043882,0,0,0,-19,,,,
043886,0,0,0,122,,,,
043887,0,0,0,17,,,,
043888,0,0,0,-706,,,,
043889,0,0,0,-321,,,,
043890,0,0,0,-8,,,,
043891,0,0,0,87,,,,
043892,0,0,0,-5,,,,
043893,0,0,0,70,,,,
043894,0,0,0,-47,,,,
043896,0,0,0,-93,,,,
043897,0,0,0,16,,,,
043898,0,0,0,-166,,,,
043899,0,0,0,288,,,,
043900,0,0,0,-165,,,,
043901,0,0,0,279,,,,
043902,0,0,0,942,,,,
043903,0,0,0,-112,,,,
043904,0,0,0,-121,,,,
043913,0,0,0,-10,,,,
043919,0,0,0,18,,,,
043923,0,0,0,-496,,,,
043924,0,0,0,9,,,,
043926,0,0,0,9,,,,
043927,0,0,0,10,,,,
043929,0,0,0,-2,,,,
043931,0,0,0,1,,,,
043932,0,0,0,2,,,,
043937,0,0,0,580,,,,
043938,0,0,0,-422,,,,
043941,0,0,0,-183,,,,
043944,0,0,0,-170,,,,
043945,0,0,0,462,,,,
043947,0,0,0,96,,,,
043948,0,0,0,-66,,,,
043949,0,0,0,10,,,,
043950,0,0,0,-10,,,,
043953,0,0,0,5,,,,
043954,0,0,0,124,,,,
043955,0,0,0,130,,,,
043956,0,0,0,15,,,,
043957,0,0,0,-37,,,,
043960,0,0,0,69,,,,
043963,0,0,0,-150,,,,
043964,0,0,0,122,,,,
043965,0,0,0,-31,,,,
043968,0,0,0,207,,,,
043971,0,0,0,-150,,,,
043972,0,0,0,-20,,,,
043974,0,0,0,2,,,,
043977,0,0,0,-26,,,,
043979,0,0,0,-97,,,,
043980,0,0,0,-125,,,,
043981,0,0,0,-1,,,,
043986,0,0,0,0,,,,
043992,0,0,0,17,,,,
044007,0,0,0,1,,,,
044008,0,0,0,2,,,,
044016,0,0,0,-23,,,,
044017,0,0,0,20,,,,
044020,0,0,0,-490,,,,
044022,0,0,0,-40,,,,
044023,0,0,0,54,,,,
044029,0,0,0,130,,,,
044032,0,0,0,-4,,,,
044038,0,0,0,9,,,,
044039,0,0,0,200,,,,
044042,0,0,0,-10,,,,
044045,0,0,0,169,,,,
044052,0,0,0,8,,,,
044053,0,0,0,5,,,,
04406U,0,0,0,-55,,,,
044078,0,0,0,3,,,,
044084,0,0,0,-4,,,,
044092,0,0,0,1,,,,
044095,0,0,0,-15,,,,
044104,0,0,0,-1,,,,
044105,0,0,0,188,,,,
044106,0,0,0,10,,,,
044110,0,0,0,-19,,,,
044113,0,0,0,1,,,,
044122,0,0,0,810,,,,
044129,0,0,0,7,,,,
044130,0,0,0,262,,,,
044131,0,0,0,12,,,,
044136,0,0,0,207,,,,
044137,0,0,0,-237,,,,
044138,0,0,0,-100,,,,
044140,0,0,0,-54,,,,
044142,0,0,0,480,,,,
044143,0,0,0,159,,,,
044144,0,0,0,488,,,,
044145,0,0,0,-443,,,,
044147,0,0,0,10,,,,
044151,0,0,0,5,,,,
044155,0,0,0,-1116,,,,
044156,0,0,0,25,,,,
044157,0,0,0,46,,,,
044160,0,0,0,-40,,,,
044162,0,0,0,643,,,,
044166,0,0,0,0,,,,
044168,0,0,0,-3,,,,
044169,0,0,0,-170,,,,
044170,0,0,0,3,,,,
044171,0,0,0,116,,,,
044175,0,0,0,715,,,,
044176,0,0,0,-320,,,,
044177,0,0,0,-53,,,,
044178,0,0,0,-333,,,,
044180,0,0,0,-125,,,,
044181,0,0,0,3,,,,
044182,0,0,0,2,,,,
044184,0,0,0,1,,,,
044185,0,0,0,215,,,,
044186,0,0,0,-93,,,,
044187,0,0,0,30,,,,
044196,0,0,0,75,,,,
044197,0,0,0,-70,,,,
044199,0,0,0,3,,,,
044206,0,0,0,6,,,,
044209,0,0,0,3,,,,
044216,0,0,0,1,,,,
044225,0,0,0,16,,,,
044226,0,0,0,-4,,,,
044232,0,0,0,-36,,,,
044233,0,0,0,-108,,,,
044238,0,0,0,-38,,,,
044240,0,0,0,8,,,,
044246,0,0,0,-25,,,,
044248,0,0,0,1,,,,
044249,0,0,0,-2,,,,
044250,0,0,0,5,,,,
044253,0,0,0,-20,,,,
044254,0,0,0,-17,,,,
044259,0,0,0,-535,,,,
044260,0,0,0,1,,,,
044266,0,0,0,-104,,,,
044267,0,0,0,52,,,,
044268,0,0,0,-1,,,,
044271,0,0,0,9,,,,
044274,0,0,0,-30,,,,
044275,0,0,0,743,,,,
044277,0,0,0,20,,,,
044279,0,0,0,-12,,,,
044280,0,0,0,76,,,,
044281,0,0,0,50,,,,
044282,0,0,0,111,,,,
044283,0,0,0,95,,,,
044284,0,0,0,2,,,,
044285,0,0,0,20,,,,
044287,0,0,0,184,,,,
044288,0,0,0,0,,,,
044290,0,0,0,0,,,,
044291,0,0,0,-330,,,,
044292,0,0,0,-11,,,,
044295,0,0,0,11,,,,
044307,0,0,0,1,,,,
044309,0,0,0,157,,,,
044312,0,0,0,3,,,,
044316,0,0,0,4,,,,
044318,0,0,96,301,,,,
044319,0,0,0,1,,,,
044320,0,0,0,23,,,,
044329,0,0,0,268,,,,
044330,0,0,0,200,,,,
044332,0,0,0,3,,,,
044333,0,0,0,30,,,,
044335,0,0,0,38,,,,
044336,0,0,0,9,,,,
04433U,0,0,0,60,,,,
044340,0,0,0,-20,,,,
044343,0,0,0,-50,,,,
044346,0,0,0,-21,,,,
044351,0,0,0,260,,,,
044353,0,0,0,400,,,,
044354,0,0,0,-54,,,,
044357,0,0,0,55,,,,
044358,0,0,0,-82,,,,
044361,0,0,0,59,,,,
044362,0,0,0,312,,,,
044363,0,0,0,70,,,,
044364,0,0,0,47,,,,
044371,0,0,0,-100,,,,
044373,0,0,0,-254,,,,
044375,0,0,0,10,,,,
044377,0,0,0,691,,,,
044378,0,0,0,-217,,,,
044380,0,0,0,-10,,,,
044387,0,0,0,3,,,,
044390,0,0,0,102,,,,
044391,0,0,0,-46,,,,
044393,0,0,0,100,,,,
044395,0,0,0,100,,,,
044397,0,0,0,-15,,,,
044398,0,0,0,192,,,,
044400,0,0,0,-52,,,,
044401,0,0,0,73,,,,
044402,0,0,0,-380,,,,
044403,0,0,0,-1,,,,
044404,0,0,0,-155,,,,
044405,0,0,0,1,,,,
044408,0,0,0,-2,,,,
044412,0,0,0,10,,,,
044417,0,0,0,5,,,,
044418,0,0,0,10,,,,
044419,0,0,0,21,,,,
044421,0,0,0,423,,,,
044423,0,0,0,3,,,,
044424,0,0,0,50,,,,
044425,0,0,0,-2,,,,
044434,0,0,0,1,,,,
044435,0,0,0,20,,,,
044436,0,0,0,2,,,,
044438,0,0,0,5,,,,
044441,0,0,0,63,,,,
044443,0,0,0,100,,,,
044444,0,0,0,14,,,,
044445,0,0,0,9,,,,
044447,0,0,0,495,,,,
044450,0,0,0,110,,,,
044451,0,0,0,2,,,,
044452,0,0,0,1,,,,
044453,0,0,0,10,,,,
044458,0,0,0,19,,,,
044461,0,0,0,-217,,,,
044462,0,0,0,5,,,,
044464,0,0,0,-28,,,,
044465,0,0,0,10,,,,
044467,0,0,0,-35,,,,
044468,0,0,0,2,,,,
044469,0,0,0,3,,,,
044470,0,0,0,3,,,,
044474,0,0,0,2,,,,
044475,0,0,0,-80,,,,
044478,0,0,0,6,,,,
044480,0,0,0,2,,,,
044483,0,0,0,2,,,,
044499,0,0,0,-239,,,,
044502,0,0,0,2,,,,
044505,0,0,0,-6,,,,
044510,0,0,0,35,,,,
044527,0,0,0,-33,,,,
044530,0,0,0,186,,,,
044534,0,0,0,-40,,,,
044536,0,0,0,3,,,,
044538,0,0,0,1,,,,
044541,0,0,0,1,,,,
044548,0,0,0,1,,,,
044551,0,0,0,54,,,,
044558,0,0,0,-1,,,,
044559,0,0,0,-742,,,,
044568,0,0,0,-7,,,,
044572,0,0,0,10,,,,
044573,0,0,0,10,,,,
044574,0,0,0,25,,,,
044578,0,0,0,40,,,,
044584,0,0,0,33,,,,
044588,0,0,0,10,,,,
044591,0,0,0,-234,,,,
044593,0,0,0,-37,,,,
044595,0,0,0,0,,,,
044597,0,0,0,10,,,,
044599,0,0,0,-10,,,,
044601,0,0,0,18,,,,
044604,0,0,0,1,,,,
044607,0,0,0,10,,,,
044608,0,0,0,74,,,,
044609,0,0,0,15,,,,
044610,0,0,0,-50,,,,
044611,0,0,0,51,,,,
044612,0,0,0,-416,,,,
044613,0,0,0,-242,,,,
044615,0,0,0,66,,,,
044616,2,0,0,0,,,,
044617,0,0,0,1,,,,
044618,0,0,0,282,,,,
044619,0,0,0,67,,,,
044621,0,0,0,154,,,,
044622,0,0,0,23,,,,
044626,0,0,0,-10,,,,
044628,0,0,0,4,,,,
044635,0,0,0,-1,,,,
044637,0,0,0,37,,,,
044638,0,0,0,-77,,,,
044642,0,0,0,4,,,,
044644,10,0,0,15,,,,
044645,0,0,0,-50,,,,
044651,0,0,0,1,,,,
044662,0,0,0,489,,,,
044664,0,0,0,-68,,,,
044666,0,0,0,70,,,,
044667,0,0,0,81,,,,
044678,0,0,0,1,,,,
044681,0,0,0,5,,,,
044689,0,0,0,1,,,,
044698,0,0,0,25,,,,
044699,0,0,0,1,,,,
044700,0,0,0,58,,,,
044703,0,0,0,190,,,,
044705,0,0,0,-26,,,,
044707,0,0,0,80,,,,
044708,0,0,0,-59,,,,
044711,0,0,0,-6,,,,
044712,0,0,0,-6,,,,
044713,0,0,0,-880,,,,
044716,0,0,0,1,,,,
044723,0,0,0,11,,,,
044733,0,0,0,122,,,,
044735,0,0,0,-150,,,,
044737,0,0,0,-77,,,,
044738,0,0,0,30,,,,
044741,0,0,0,-3,,,,
044743,0,0,0,7,,,,
044745,0,0,0,30,,,,
044746,0,0,0,91,,,,
044747,0,0,0,1,,,,
044750,0,0,0,246,,,,
044751,0,0,0,45,,,,
044754,0,0,0,-91,,,,
044756,0,0,0,-31,,,,
044757,0,0,0,-10,,,,
044760,0,0,0,95,,,,
044764,0,0,0,556,,,,
044766,0,0,0,10,,,,
044768,0,0,0,-9,,,,
044769,0,0,0,98,,,,
044770,0,0,0,-310,,,,
044771,0,0,0,70,,,,
044773,0,0,0,253,,,,
044774,0,0,0,4,,,,
044775,0,0,0,37,,,,
044783,0,0,0,2,,,,
044786,0,0,0,911,,,,
044788,0,0,0,1234,,,,
044789,0,0,0,-3,,,,
044790,0,0,0,0,,,,
044792,0,0,0,-20,,,,
044793,0,0,0,-330,,,,
044795,0,0,0,-206,,,,
044796,0,0,0,55,,,,
044797,0,0,0,91,,,,
044798,0,0,0,16,,,,
044799,0,0,0,2,,,,
044800,0,0,0,-250,,,,
044801,0,0,0,24,,,,
044802,0,0,0,628,,,,
044803,0,0,0,-3017,,,,
044805,0,0,0,41,,,,
044806,0,0,0,83,,,,
044807,0,0,0,5,,,,
044809,0,0,0,70,,,,
044811,0,0,0,25,,,,
044815,0,0,0,163,,,,
044816,0,0,0,-32,,,,
044818,0,0,0,1,,,,
044819,0,0,0,1,,,,
044820,0,0,0,425,,,,
044822,0,0,0,181,,,,
044823,0,0,0,-26,,,,
044825,0,0,0,0,,,,
044826,0,0,0,-3,,,,
044828,0,0,0,17,,,,
044830,0,0,0,-101,,,,
044831,0,0,0,7,,,,
044832,0,0,0,-98,,,,
044835,0,0,0,-325,,,,
044836,0,0,0,85,,,,
044838,0,0,0,14,,,,
044839,0,0,0,-112,,,,
044841,0,0,0,582,,,,
044844,0,0,0,426,,,,
044846,0,0,0,17,,,,
044850,0,0,0,27,,,,
044853,0,0,0,-2,,,,
044854,0,0,0,28,,,,
044858,0,0,0,5,,,,
044862,0,0,0,1,,,,
044864,0,0,0,-6,,,,
044866,0,0,0,-20,,,,
044870,0,0,0,-400,,,,
044874,0,0,0,5,,,,
044876,0,0,0,74,,,,
044877,0,0,0,120,,,,
044878,0,0,0,0,,,,
044879,0,0,0,-300,,,,
044880,0,0,0,3,,,,
044885,0,0,0,13,,,,
044886,0,0,0,-1,,,,
044887,0,0,0,5,,,,
044890,0,0,0,1,,,,
044905,0,0,0,-5,,,,
044907,0,0,0,-304,,,,
044908,0,0,0,0,,,,
044909,0,0,0,8,,,,
044910,0,0,0,437,,,,
044915,0,0,0,-1472,,,,
044916,0,0,0,10,,,,
044920,0,0,0,242,,,,
044921,0,0,0,5,,,,
044931,0,0,0,4,,,,
044933,0,0,0,-109,,,,
044934,0,0,0,5,,,,
044936,0,0,0,5,,,,
044938,0,0,0,130,,,,
044939,0,0,0,232,,,,
044942,0,0,0,161,,,,
044944,0,0,0,-471,,,,
044945,0,0,0,20,,,,
044947,0,0,0,-15,,,,
044948,0,0,0,65,,,,
044960,0,0,0,-143,,,,
044964,0,0,0,50,,,,
044966,0,0,0,34,,,,
044968,0,0,0,7,,,,
044969,0,0,0,-33,,,,
044971,0,0,0,-98,,,,
044976,0,0,0,12,,,,
044983,0,0,0,51,,,,
044985,0,0,0,38,,,,
044990,0,0,0,3,,,,
044993,0,0,0,98,,,,
044994,0,0,0,-109,,,,
044995,0,0,0,95,,,,
044998,0,0,0,-81,,,,
045001,0,0,0,-10,,,,
045002,0,0,0,56,,,,
045005,0,0,0,35,,,,
045011,0,0,0,-27,,,,
045014,0,0,0,246,,,,
045016,0,0,0,38,,,,
045017,0,0,0,-120,,,,
045020,0,0,0,66,,,,
045022,0,0,0,188,,,,
045023,0,0,0,59,,,,
045024,0,0,0,12,,,,
045025,0,0,0,-21,,,,
045028,0,0,0,-31,,,,
045029,0,0,0,2,,,,
045036,0,0,0,3,,,,
045038,0,0,0,-44,,,,
045043,0,0,0,-15,,,,
045044,0,0,0,668,,,,
045045,0,0,0,749,,,,
045049,0,0,0,325,,,,
045053,0,0,0,4,,,,
045058,0,0,0,-18,,,,
045059,0,0,0,31,,,,
045060,0,0,0,64,,,,
045061,0,0,0,71,,,,
045070,0,0,0,614,,,,
045073,0,0,0,10,,,,
045074,0,0,0,100,,,,
045077,0,0,0,-43,,,,
045078,0,0,0,-2,,,,
045079,0,0,0,-2,,,,
045083,0,0,0,-50,,,,
045088,0,0,0,-50,,,,
045095,0,0,0,-50,,,,
045097,0,0,0,0,,,,
045102,0,0,0,64,,,,
045104,0,0,0,30,,,,
045105,0,0,0,-241,,,,
045114,0,0,0,192,,,,
045115,0,0,0,-1497,,,,
045116,0,0,0,14,,,,
045117,0,0,0,2,,,,
045118,0,0,0,242,,,,
045119,0,0,0,-105,,,,
045120,0,0,0,32,,,,
045121,0,0,0,330,,,,
045122,0,0,0,-20,,,,
045123,0,0,0,-499,,,,
045125,0,0,0,10,,,,
045126,0,0,0,5,,,,
045128,0,0,0,12,,,,
045131,0,0,0,-72,,,,
045132,0,0,0,-533,,,,
045134,0,0,0,10,,,,
045137,0,0,0,257,,,,
045140,0,0,0,24,,,,
045144,0,0,0,-10,,,,
045146,0,0,0,18,,,,
045150,0,0,0,1,,,,
045153,0,0,0,20,,,,
045161,0,0,0,-1,,,,
045163,0,0,0,-1,,,,
045165,0,0,0,1199,,,,
045166,0,0,0,18,,,,
045167,0,0,0,28,,,,
045168,0,0,0,-66,,,,
045171,0,0,0,10,,,,
045172,0,0,0,-209,,,,
045178,0,0,0,60,,,,
045182,0,0,0,399,,,,
045186,0,0,0,657,,,,
045188,0,0,0,-358,,,,
045189,0,0,0,438,,,,
045190,0,0,0,4,,,,
045193,0,0,0,5,,,,
045195,0,0,0,-10,,,,
045198,0,0,0,78,,,,
045205,0,0,0,-500,,,,
045207,0,0,0,-57,,,,
045213,0,0,0,52,,,,
045215,0,0,0,300,,,,
045216,0,0,0,-10,,,,
045218,0,0,0,-10,,,,
045224,0,0,0,1,,,,
045229,0,0,0,1,,,,
045231,0,0,0,5,,,,
045251,0,0,0,-5,,,,
045252,0,0,0,42,,,,
045256,0,0,0,302,,,,
045258,0,0,0,-316,,,,
045260,0,0,0,-5,,,,
045264,0,0,0,400,,,,
045267,0,0,0,50,,,,
045269,0,0,0,2,,,,
045270,0,0,0,718,,,,
045271,0,0,0,1002,,,,
045272,0,0,0,-29,,,,
045273,0,0,0,-55,,,,
045274,0,0,0,-138,,,,
045275,0,0,0,-1905,,,,
045277,0,0,0,-2,,,,
045278,0,0,0,174,,,,
045289,0,0,0,3,,,,
045293,0,0,0,-15,,,,
045295,0,0,0,19,,,,
045296,0,0,0,24,,,,
045307,0,0,0,200,,,,
045313,0,0,0,1,,,,
045320,0,0,0,-19,,,,
045328,0,0,0,41,,,,
045332,0,0,0,10,,,,
045333,0,0,0,-100,,,,
045334,0,0,0,-23,,,,
045338,0,0,0,3,,,,
045341,0,0,0,17,,,,
045348,0,0,0,-87,,,,
045349,0,0,0,3,,,,
045356,0,0,0,200,,,,
045357,0,0,0,40,,,,
045365,0,0,0,-1,,,,
045378,0,0,0,4,,,,
045381,0,0,0,117,,,,
045386,0,0,0,-60,,,,
045393,0,0,0,-74,,,,
045404,0,0,0,-2,,,,
045413,0,0,0,35,,,,
045415,0,0,0,2,,,,
045419,0,0,0,14,,,,
045420,0,0,0,-236,,,,
045425,0,0,0,200,,,,
045427,0,0,0,12,,,,
045432,0,0,0,3,,,,
045433,0,0,0,16,,,,
045437,0,0,0,-28,,,,
045438,0,0,0,-200,,,,
045439,0,0,0,-40,,,,
045443,0,0,0,2,,,,
045447,0,0,0,170,,,,
045448,0,0,0,20,,,,
045449,0,0,0,762,,,,
045450,0,0,0,70,,,,
045451,0,0,0,20,,,,
045457,0,0,0,-65,,,,
045458,0,0,0,-20,,,,
045460,0,0,0,5,,,,
045463,0,0,0,-82,,,,
045467,0,0,0,23,,,,
045468,0,0,0,-4,,,,
045470,0,0,0,-3,,,,
045471,0,0,0,-7,,,,
045484,0,0,0,200,,,,
045486,0,0,0,146,,,,
045487,0,0,0,824,,,,
045488,0,0,0,-7,,,,
045490,0,0,0,-1,,,,
045491,0,0,0,0,,,,
045493,0,0,0,0,,,,
045494,0,0,0,22,,,,
045495,0,0,0,-206,,,,
045496,0,0,0,50,,,,
045498,0,0,0,49,,,,
045501,0,0,0,299,,,,
045504,0,0,0,149,,,,
045505,0,0,0,-260,,,,
045506,0,0,0,10,,,,
045508,0,0,0,-524,,,,
045509,0,0,0,-20,,,,
045510,0,0,0,-8,,,,
045512,0,0,0,-10,,,,
045515,0,0,0,-2,,,,
045517,0,0,0,-5,,,,
045518,0,0,0,-29,,,,
045519,0,0,0,79,,,,
045523,0,0,0,-257,,,,
045524,0,0,0,-148,,,,
045531,0,0,0,100,,,,
045533,0,0,0,1,,,,
045535,0,0,0,19,,,,
045537,0,0,0,1,,,,
045538,0,0,0,20,,,,
045544,0,0,0,-5,,,,
045553,0,0,0,5,,,,
045555,0,0,0,-12,,,,
045562,0,0,0,4,,,,
045563,0,0,0,50,,,,
045564,0,0,0,-17,,,,
045573,0,0,0,-2,,,,
045577,0,0,0,38,,,,
045583,0,0,0,35,,,,
045584,0,0,0,2,,,,
045585,0,0,0,24,,,,
045587,0,0,0,1,,,,
045588,0,0,0,-62,,,,
045589,0,0,0,-78,,,,
045590,0,0,0,1,,,,
045591,0,0,0,10,,,,
045594,0,0,0,7,,,,
045604,0,0,0,29,,,,
045614,0,0,0,-18,,,,
045615,0,0,0,-37,,,,
045619,0,0,0,-201,,,,
045620,0,0,0,-88,,,,
045621,0,0,0,322,,,,
045622,0,0,0,-42,,,,
045623,0,0,0,-28,,,,
045625,0,0,0,611,,,,
045626,0,0,0,-791,,,,
045631,0,0,0,27,,,,
045632,0,0,0,100,,,,
045633,0,0,0,-920,,,,
045634,0,0,0,732,,,,
045635,0,0,0,-36,,,,
045636,0,0,0,5,,,,
045639,0,0,0,10,,,,
045644,0,0,0,30,,,,
045645,0,0,0,58,,,,
045646,0,0,0,5,,,,
045647,0,0,0,87,,,,
045654,0,0,0,97,,,,
045663,0,0,0,65,,,,
045668,0,0,0,10,,,,
045673,0,0,0,-48,,,,
045674,0,0,0,-54,,,,
045675,0,0,0,22,,,,
045676,0,0,0,-20,,,,
045677,0,0,0,2,,,,
045679,0,0,0,0,,,,
045684,0,0,0,25,,,,
045685,0,0,0,499,,,,
045688,0,0,0,-30,,,,
045692,0,0,0,50,,,,
045695,0,0,0,14,,,,
045700,0,0,0,1,,,,
045704,0,0,0,4,,,,
045705,0,0,0,-30,,,,
045706,0,0,0,25,,,,
045709,0,0,0,-31,,,,
045713,0,0,0,1,,,,
045714,0,0,0,5,,,,
045720,0,0,0,20,,,,
045730,0,0,0,-79,,,,
045741,0,0,0,-393,,,,
045742,0,0,0,102,,,,
045743,0,0,0,127,,,,
045744,0,0,0,7,,,,
045746,0,0,0,10,,,,
045752,0,0,0,15,,,,
045753,0,0,0,1,,,,
045754,0,0,0,-6,,,,
045757,0,0,0,30,,,,
045763,0,0,0,-10,,,,
045769,0,0,0,10,,,,
045770,0,0,0,-3,,,,
045771,0,0,0,5,,,,
045772,0,0,0,1,,,,
045773,0,0,0,10,,,,
045775,0,0,0,-24,,,,
045776,0,0,0,1,,,,
045779,0,0,0,1,,,,
045781,0,0,0,-153,,,,
045786,0,0,0,-120,,,,
045787,0,0,0,233,,,,
045788,0,0,0,-38,,,,
045794,0,0,0,-1,,,,
045797,0,0,0,95,,,,
045802,0,0,0,-128,,,,
045803,0,0,0,6,,,,
045805,0,0,0,-6,,,,
045812,0,0,0,-68,,,,
045819,0,0,0,18,,,,
045827,0,0,0,-8,,,,
045831,0,0,0,3,,,,
045838,0,0,0,-52,,,,
045850,0,0,0,162,,,,
045857,0,0,0,-10,,,,
045858,0,0,0,40,,,,
045864,0,0,0,-10,,,,
045865,0,0,0,-12,,,,
045885,0,0,0,63,,,,
045892,0,0,0,2,,,,
045897,0,0,0,4,,,,
045898,0,0,0,3,,,,
045904,0,0,0,2,,,,
045911,0,0,0,-5,,,,
045916,0,0,0,-8,,,,
045919,0,0,0,-857,,,,
045931,0,0,0,61,,,,
045933,0,0,0,-161,,,,
045935,0,0,0,10,,,,
045942,0,0,0,51,,,,
045944,0,0,0,50,,,,
045945,0,0,0,64,,,,
045946,0,0,0,-73,,,,
045947,0,0,0,86,,,,
045948,0,0,0,248,,,,
045951,0,0,0,-73,,,,
045952,0,0,0,20,,,,
045955,0,0,0,3,,,,
045956,0,0,0,20,,,,
045958,0,0,0,10,,,,
045959,0,0,0,177,,,,
045964,0,0,0,2,,,,
045967,0,0,0,-1077,,,,
045969,0,0,0,2,,,,
045970,0,0,0,35,,,,
045971,0,0,0,0,,,,
045977,0,0,0,-2,,,,
045984,0,0,0,-266,,,,
045990,0,0,0,-14,,,,
045993,0,0,0,200,,,,
045997,0,0,0,160,,,,
045999,0,0,0,10,,,,
046000,0,0,0,-10,,,,
046003,0,0,0,1,,,,
046005,0,0,0,5,,,,
046006,0,0,0,-5,,,,
046008,0,0,0,-10,,,,
046010,0,0,0,2,,,,
046014,0,0,0,7,,,,
046015,0,0,0,50,,,,
046017,0,0,0,8,,,,
046019,0,0,0,228,,,,
046021,0,0,0,464,,,,
046024,0,0,0,-525,,,,
046027,0,0,0,0,,,,
046028,0,0,0,-457,,,,
046031,0,0,0,6,,,,
046037,0,0,0,-49,,,,
046042,0,0,0,256,,,,
046044,0,0,0,-118,,,,
046046,0,0,0,-200,,,,
046047,0,0,0,-2,,,,
046049,0,0,0,295,,,,
046051,0,0,0,17,,,,
046059,0,0,0,-10,,,,
046061,0,0,0,159,,,,
046068,0,0,0,-5,,,,
046074,0,0,0,30,,,,
046075,0,0,0,-36,,,,
046078,0,0,0,-12,,,,
046079,0,0,0,-11,,,,
046080,0,0,0,-26,,,,
046093,0,0,0,2,,,,
046097,0,0,0,10,,,,
046100,0,0,0,29,,,,
046103,0,0,0,2,,,,
046111,0,0,0,-104,,,,
046112,0,0,0,10,,,,
046114,0,0,0,-250,,,,
046115,0,0,0,3,,,,
046116,0,0,0,1,,,,
046126,0,0,0,-6,,,,
046127,0,0,0,76,,,,
046128,0,0,0,2,,,,
046129,0,0,0,6,,,,
046130,0,0,0,21,,,,
046133,0,0,0,-2,,,,
046136,0,0,0,15,,,,
046142,0,0,0,251,,,,
046145,0,0,0,5,,,,
046148,0,0,0,63,,,,
046149,0,0,0,156,,,,
046152,0,0,0,1,,,,
046153,0,0,0,-180,,,,
046160,0,0,0,384,,,,
046162,0,0,0,121,,,,
046168,0,0,0,65,,,,
046169,0,0,0,-431,,,,
046171,0,0,0,14,,,,
046175,0,0,0,-23,,,,
046176,0,0,0,41,,,,
046181,0,0,0,5,,,,
046186,0,0,0,122,,,,
046188,0,0,0,50,,,,
046190,0,0,0,-243,,,,
046192,0,0,0,-17,,,,
046193,0,0,0,-9,,,,
046197,0,0,0,506,,,,
046198,0,0,0,-44,,,,
046200,0,0,0,32,,,,
046201,0,0,0,65,,,,
046210,0,0,0,2,,,,
046218,0,0,0,1,,,,
046220,0,0,0,-120,,,,
046223,0,0,0,62,,,,
046225,0,0,0,40,,,,
046228,0,0,0,10,,,,
046230,0,0,0,-10,,,,
046232,0,0,0,-16,,,,
046233,0,0,0,20,,,,
046241,0,0,0,448,,,,
046249,0,0,0,1,,,,
046251,0,0,0,231,,,,
046252,0,0,0,-3,,,,
046253,0,0,0,2,,,,
046259,0,0,0,5,,,,
046260,0,0,0,2,,,,
046273,0,0,0,-60,,,,
046274,0,0,0,-4,,,,
046276,0,0,0,-1,,,,
046281,0,0,0,1,,,,
046282,0,0,0,1,,,,
046284,0,0,0,-10,,,,
046288,0,0,0,-10,,,,
046290,0,0,0,42,,,,
046291,0,0,0,254,,,,
046294,0,0,0,3,,,,
046296,0,0,0,414,,,,
046297,0,0,0,-50,,,,
046298,0,0,0,-96,,,,
046300,0,0,0,-54,,,,
046301,0,0,0,250,,,,
046302,0,0,0,392,,,,
046305,0,0,0,1,,,,
046306,0,0,0,64,,,,
046311,0,0,0,181,,,,
046314,0,0,0,-45,,,,
046316,0,0,0,97,,,,
046320,0,0,0,-7,,,,
046331,0,0,0,-45,,,,
046332,0,0,0,30,,,,
046334,0,0,0,7,,,,
046336,0,0,0,-2,,,,
046338,0,0,0,0,,,,
046340,0,0,0,39,,,,
046349,0,0,0,98,,,,
046351,0,0,0,-5,,,,
046357,0,0,0,-124,,,,
046358,0,0,0,-174,,,,
046359,0,0,0,307,,,,
046360,0,0,0,-15,,,,
046368,0,0,0,-12,,,,
046376,0,0,0,-447,,,,
046381,0,0,0,0,,,,
046382,0,0,0,43,,,,
046385,0,0,0,-4,,,,
046386,0,0,0,-38,,,,
046389,0,0,0,-10,,,,
046390,0,0,0,7,,,,
046391,0,0,0,-26,,,,
046401,0,0,0,8,,,,
046409,0,0,0,-10,,,,
046416,0,0,0,7,,,,
046417,0,0,0,-43,,,,
046418,0,0,0,15,,,,
046422,0,0,0,-8,,,,
046426,0,0,0,-166,,,,
046429,0,0,0,9,,,,
046436,0,0,0,-129,,,,
046441,0,0,0,200,,,,
046443,0,0,0,26,,,,
046444,0,0,0,-10,,,,
046446,0,0,0,50,,,,
046448,0,0,0,-1,,,,
046455,0,0,0,-261,,,,
046457,0,0,0,-5,,,,
046458,0,0,0,35,,,,
046459,0,0,0,-6,,,,
046463,0,0,0,10,,,,
046465,0,0,0,0,,,,
046466,0,0,0,-641,,,,
046467,0,0,0,-9,,,,
046473,0,0,0,3,,,,
046477,0,0,0,40,,,,
046481,0,0,0,-5,,,,
046482,0,0,0,300,,,,
046485,0,0,0,5,,,,
046487,0,0,0,-4,,,,
046494,0,0,0,-3,,,,
046505,0,0,0,-5,,,,
046507,0,0,0,12,,,,
046509,0,0,0,0,,,,
046514,0,0,0,-184,,,,
046520,0,0,0,0,,,,
046521,0,0,0,1,,,,
046522,0,0,0,-300,,,,
046523,10,0,0,6,,,,
046525,0,0,0,79,,,,
046526,0,0,0,-1,,,,
046529,0,0,0,10,,,,
046532,0,0,0,464,,,,
046533,0,0,0,71,,,,
046534,0,0,0,-526,,,,
046535,0,0,0,79,,,,
046536,0,0,0,0,,,,
046537,0,0,0,410,,,,
046539,0,0,0,-675,,,,
046544,0,0,0,7,,,,
046545,0,0,0,-19,,,,
046546,0,0,0,152,,,,
046548,0,0,0,10,,,,
046553,0,0,0,203,,,,
046555,0,0,0,-950,,,,
046557,0,0,0,10,,,,
046561,0,0,0,-49,,,,
046564,0,0,0,-187,,,,
046565,0,0,0,80,,,,
046572,0,0,0,252,,,,
046573,0,0,0,1,,,,
046578,0,0,0,5,,,,
046580,0,0,0,-50,,,,
046581,0,0,0,-10,,,,
046584,0,0,0,21,,,,
046585,0,0,0,-8,,,,
046586,0,0,0,6,,,,
046589,0,0,0,66,,,,
046592,0,0,0,14,,,,
046593,0,0,0,-47,,,,
046599,0,0,0,2,,,,
046600,0,0,0,-11,,,,
046607,0,0,0,-129,,,,
046611,0,0,0,10,,,,
046618,0,0,0,10,,,,
046619,0,0,0,-53,,,,
046620,0,0,0,27,,,,
046621,0,0,0,0,,,,
046625,0,0,0,1,,,,
046626,0,0,0,-316,,,,
046629,0,0,0,60,,,,
046634,0,0,0,-100,,,,
046639,0,0,0,2,,,,
046656,0,0,0,-1,,,,
046657,0,0,0,-20,,,,
046659,0,0,0,316,,,,
046660,0,0,0,23,,,,
046661,0,0,0,109,,,,
046662,0,0,0,6,,,,
046668,0,0,0,10,,,,
046670,0,0,0,35,,,,
046671,0,0,0,-226,,,,
046672,0,0,0,31,,,,
046673,0,0,0,110,,,,
046675,0,0,0,7,,,,
046677,0,0,0,-257,,,,
046678,0,0,0,-33,,,,
046680,0,0,0,-113,,,,
046681,0,0,0,10,,,,
046686,0,0,0,-2,,,,
046689,0,0,0,16,,,,
046693,0,0,0,30,,,,
046694,0,0,0,27,,,,
046698,0,0,0,51,,,,
046699,0,0,0,38,,,,
046701,0,0,0,-3,,,,
046702,4,0,0,-4,,,,
046703,0,0,0,1,,,,
046708,0,0,0,1,,,,
046709,0,0,0,10,,,,
046712,0,0,0,-264,,,,
046713,0,0,0,-27,,,,
046714,0,0,0,2,,,,
046715,0,0,0,223,,,,
046718,0,0,0,-2,,,,
046720,0,0,0,178,,,,
046726,0,0,0,-339,,,,
046727,0,0,0,-89,,,,
046729,0,0,0,-37,,,,
046733,0,0,0,-15,,,,
046739,0,0,0,39,,,,
046740,0,0,0,-3,,,,
046742,0,0,0,-50,,,,
046743,0,0,0,-1,,,,
046744,0,0,0,-15,,,,
046749,0,0,0,2,,,,
046751,0,0,0,-58,,,,
046753,0,0,0,20,,,,
046754,0,0,0,-6,,,,
046755,0,0,0,20,,,,
046760,0,0,0,-234,,,,
046762,0,0,0,-131,,,,
046763,0,0,0,-118,,,,
046765,0,0,0,104,,,,
046766,0,0,0,224,,,,
046768,0,0,0,-210,,,,
046775,0,0,0,-60,,,,
046776,0,0,0,4,,,,
046777,0,0,0,2,,,,
046778,0,0,0,119,,,,
046782,0,0,0,2,,,,
046783,0,0,0,-3,,,,
046784,0,0,0,-100,,,,
046790,0,0,0,279,,,,
046792,0,0,0,-124,,,,
046797,0,0,0,9,,,,
046803,0,0,0,-89,,,,
046805,0,0,0,10,,,,
046806,0,0,0,-9,,,,
046807,0,0,0,13,,,,
046809,0,0,0,-1,,,,
046811,0,0,0,-7,,,,
046814,0,0,0,16,,,,
046815,0,0,0,-152,,,,
046816,0,0,0,4,,,,
046821,0,0,0,1,,,,
046824,0,0,0,1,,,,
046826,0,0,0,-24,,,,
046827,0,0,0,41,,,,
046832,0,0,0,1,,,,
046833,0,0,0,-20,,,,
046834,0,0,0,-1,,,,
046835,0,0,0,1,,,,
046843,0,0,0,-1201,,,,
046845,0,0,0,-5,,,,
046850,0,0,0,186,,,,
046851,0,0,0,20,,,,
046852,0,0,0,-1629,,,,
046861,0,0,0,9,,,,
046867,0,0,0,7,,,,
046869,0,0,0,5,,,,
046870,0,0,0,5,,,,
046874,0,0,0,1,,,,
046875,0,0,0,10,,,,
046876,0,0,0,23,,,,
046878,0,0,0,20,,,,
046880,0,0,0,50,,,,
046881,0,0,0,-1000,,,,
046883,0,0,0,-1,,,,
046885,0,0,0,-17,,,,
046886,0,0,0,112,,,,
046889,0,0,0,621,,,,
046893,0,0,0,-199,,,,
046895,0,0,0,4,,,,
046896,0,0,0,1,,,,
046910,0,0,0,3,,,,
046913,0,0,0,-155,,,,
046914,0,0,0,-63,,,,
046923,0,0,0,-2,,,,
046924,0,0,0,5,,,,
046925,0,0,0,-60,,,,
046928,0,0,0,1061,,,,
046930,0,0,0,-898,,,,
046935,0,0,0,172,,,,
046936,0,0,0,-195,,,,
046937,0,0,0,110,,,,
046938,0,0,0,-38,,,,
046939,0,0,0,-350,,,,
046940,0,0,0,-231,,,,
046943,0,0,0,18,,,,
046944,0,0,0,-2,,,,
046948,0,0,0,537,,,,
046949,0,0,0,17,,,,
046955,0,0,0,19,,,,
046957,0,0,0,162,,,,
046958,0,0,0,34,,,,
046959,0,0,0,1,,,,
046960,0,0,0,5,,,,
046961,0,0,0,46,,,,
046964,0,0,0,10,,,,
046965,0,0,0,-17,,,,
046968,0,0,0,10,,,,
046969,0,0,0,1,,,,
046972,0,0,0,30,,,,
046973,0,0,0,-15,,,,
046980,0,0,0,-10,,,,
046983,0,0,0,4,,,,
046989,0,0,0,75,,,,
046990,0,0,0,394,,,,
046992,0,0,0,2,,,,
046994,0,0,0,-7,,,,
046995,0,0,0,-20,,,,
046997,0,0,0,-50,,,,
047001,0,0,0,16,,,,
047002,0,0,0,3,,,,
047005,0,0,0,10,,,,
047011,0,0,0,-1,,,,
047015,0,0,0,-63,,,,
047020,0,0,0,3,,,,
047021,0,0,0,-9,,,,
047023,0,0,0,-2,,,,
047024,0,0,0,63,,,,
047030,0,0,0,-6,,,,
047031,0,0,0,85,,,,
047033,0,0,0,-18,,,,
047036,0,0,0,-54,,,,
047037,0,0,0,42,,,,
047039,0,0,0,-137,,,,
047044,0,0,0,499,,,,
047045,0,0,0,26,,,,
047046,0,0,0,142,,,,
047049,0,0,0,-1,,,,
047050,0,0,0,40,,,,
047058,0,0,0,78,,,,
047070,0,0,0,420,,,,
047071,0,0,0,469,,,,
047072,0,0,0,-135,,,,
047073,0,0,0,-1128,,,,
047075,0,0,0,-93,,,,
047079,0,0,0,48,,,,
047081,0,0,0,-175,,,,
047082,0,0,0,-10,,,,
047087,0,0,0,-10,,,,
047088,0,0,0,-20,,,,
047091,0,0,0,1,,,,
047092,0,0,0,1,,,,
047095,0,0,0,-107,,,,
047096,0,0,0,-50,,,,
047098,0,0,0,-22,,,,
047100,0,0,0,-13,,,,
047101,0,0,0,5,,,,
047102,0,0,0,-10,,,,
047103,0,0,0,99,,,,
047112,0,0,0,-4,,,,
047114,0,0,0,20,,,,
047124,0,0,0,6,,,,
047125,0,0,0,-32,,,,
047137,0,0,0,3,,,,
047141,0,0,0,10,,,,
047142,0,0,0,63,,,,
047143,0,0,0,-26,,,,
047147,0,0,0,20,,,,
047148,0,0,0,-29,,,,
047149,0,0,0,10,,,,
047151,0,0,0,-78,,,,
047158,0,0,0,9,,,,
047163,0,0,0,-93,,,,
047164,0,0,0,-100,,,,
047166,0,0,0,3,,,,
047171,0,0,0,5,,,,
047179,0,0,0,-21,,,,
047181,0,0,0,21,,,,
047184,0,0,0,-14,,,,
047185,0,0,0,110,,,,
047188,0,0,0,17,,,,
047190,0,0,0,-100,,,,
047193,0,0,0,4,,,,
047194,0,0,0,-10,,,,
047198,0,0,0,9,,,,
047199,0,0,0,9,,,,
047200,0,0,0,75,,,,
047201,0,0,0,62,,,,
047206,0,0,0,15,,,,
047207,0,0,0,39,,,,
047209,0,0,0,-107,,,,
047210,0,0,0,-20,,,,
047213,0,0,0,-10,,,,
047220,0,0,0,515,,,,
047221,0,0,0,9,,,,
047222,0,0,0,1130,,,,
047229,0,0,0,10,,,,
047232,0,0,0,43,,,,
047233,0,0,0,-30,,,,
047234,0,0,0,-10,,,,
047236,0,0,0,-371,,,,
047238,0,0,0,-98,,,,
047242,0,0,0,-900,,,,
047247,0,0,0,-50,,,,
047256,0,0,0,4,,,,
047258,0,0,0,16,,,,
047266,0,0,0,45,,,,
047275,0,0,0,2,,,,
047278,0,0,0,-40,,,,
047288,0,0,0,4,,,,
047292,0,0,0,-22,,,,
047294,0,0,0,-68,,,,
047295,0,0,0,56,,,,
047296,0,0,0,1,,,,
047302,0,0,0,46,,,,
047303,0,0,0,53,,,,
047308,0,0,0,2,,,,
047309,0,0,0,-10,,,,
047312,0,0,0,120,,,,
047314,0,0,0,-10,,,,
047316,0,0,0,66,,,,
047322,0,0,0,102,,,,
047323,0,0,0,-10,,,,
047324,0,0,0,4,,,,
047326,0,0,0,374,,,,
047329,0,0,0,15,,,,
047330,0,0,0,10,,,,
047331,0,0,0,-100,,,,
047334,0,0,0,92,,,,
047341,0,0,0,83,,,,
047342,0,0,0,-1,,,,
047346,0,0,0,20,,,,
047350,0,0,0,2,,,,
047352,0,0,0,10,,,,
047358,0,0,0,51,,,,
047360,0,0,0,-19,,,,
047365,0,0,0,1,,,,
047369,0,0,0,22,,,,
047370,0,0,0,289,,,,
047371,0,0,0,-2,,,,
047372,0,0,0,1,,,,
047375,0,0,0,2,,,,
047376,0,0,0,5,,,,
047385,0,0,0,-85,,,,
047386,0,0,0,3,,,,
047391,0,0,0,1,,,,
047392,0,0,0,3,,,,
047394,0,0,0,153,,,,
047397,0,0,0,-2,,,,
047398,0,0,0,0,,,,
047399,0,0,0,12,,,,
047402,0,0,0,17,,,,
047403,0,0,0,190,,,,
047404,0,0,0,8,,,,
047405,0,0,0,18,,,,
047406,0,0,0,0,,,,
047413,0,0,0,1,,,,
047414,0,0,0,22,,,,
047417,0,0,0,-33,,,,
047421,0,0,0,1,,,,
047422,0,0,0,81,,,,
047424,0,0,0,1,,,,
047425,0,0,0,1,,,,
047431,0,0,0,-1,,,,
047433,0,0,0,27,,,,
047434,0,0,0,1,,,,
047436,0,0,0,-1,,,,
047437,0,0,0,17,,,,
047443,0,0,0,-27,,,,
047446,0,0,0,-142,,,,
047450,0,0,0,-40,,,,
047454,0,0,0,4,,,,
047456,0,0,0,50,,,,
047458,0,0,0,5,,,,
047461,0,0,0,-15,,,,
047464,0,0,0,-10,,,,
047466,0,0,0,72,,,,
047467,0,0,0,-145,,,,
047469,0,0,0,27,,,,
047471,0,0,0,13,,,,
047476,0,0,0,1,,,,
047477,0,0,0,3,,,,
047481,0,0,0,0,,,,
047482,0,0,0,-221,,,,
047483,0,0,0,5,,,,
047485,0,0,0,-10,,,,
047487,0,0,0,-11,,,,
047490,0,0,0,35,,,,
047491,0,0,0,40,,,,
047493,0,0,0,-591,,,,
047494,0,0,0,449,,,,
047497,0,0,0,30,,,,
047498,0,0,0,1000,,,,
047501,0,0,0,29,,,,
047502,0,0,0,-40,,,,
047504,0,0,0,-139,,,,
047505,0,0,0,-258,,,,
047509,0,0,0,1,,,,
047516,0,0,0,719,,,,
047517,0,0,0,13,,,,
047518,0,0,0,100,,,,
047519,0,0,0,17,,,,
047520,0,0,0,-56,,,,
047521,0,0,0,-38,,,,
047524,0,0,0,1,,,,
047525,0,0,0,-4,,,,
047531,0,0,0,20,,,,
047538,0,0,0,-90,,,,
047539,0,0,0,90,,,,
047544,0,0,0,39,,,,
047549,0,0,0,0,,,,
047551,0,0,0,-11,,,,
047553,0,0,0,76,,,,
047554,0,0,0,10,,,,
047555,0,0,0,5,,,,
047556,0,0,0,150,,,,
047557,0,0,0,298,,,,
047558,0,0,0,301,,,,
047559,0,0,0,-243,,,,
047560,0,0,0,-31,,,,
047561,0,0,0,-60,,,,
047562,0,0,0,2,,,,
047567,0,0,0,12,,,,
047572,0,0,0,-209,,,,
047574,0,0,0,403,,,,
047577,0,0,0,-70,,,,
047585,0,0,0,0,,,,
047588,0,0,0,39,,,,
047589,0,0,0,-15,,,,
047593,0,0,0,38,,,,
047596,0,0,0,161,,,,
047597,0,0,0,-17,,,,
047602,0,0,0,-9,,,,
047603,0,0,0,49,,,,
047611,0,0,0,4,,,,
047612,0,0,0,-15,,,,
047613,0,0,0,-1,,,,
047614,0,0,0,-5,,,,
047620,0,0,0,4,,,,
047621,0,0,0,1,,,,
047623,0,0,0,1,,,,
047624,0,0,0,68,,,,
047625,0,0,0,1,,,,
047627,0,0,0,2,,,,
047631,0,0,0,0,,,,
047635,0,0,0,9,,,,
047637,0,0,0,1,,,,
047638,0,0,0,3,,,,
047639,0,0,0,2,,,,
047640,0,0,0,10,,,,
047642,0,0,0,-14,,,,
047643,0,0,0,18,,,,
047647,0,0,0,-20,,,,
047648,0,0,0,-10,,,,
047651,0,0,0,90,,,,
047655,0,0,0,-1,,,,
047657,0,0,0,556,,,,
047658,0,0,0,1,,,,
047659,0,0,0,-25,,,,
047660,0,0,0,59,,,,
047662,0,0,0,2,,,,
047663,0,0,0,35,,,,
047664,0,0,0,1,,,,
047669,0,0,0,-20,,,,
047671,0,0,0,-1,,,,
047676,0,0,0,6,,,,
047678,0,0,0,-10,,,,
047681,0,0,0,69,,,,
047684,0,0,0,1,,,,
047686,0,0,0,17,,,,
047689,0,0,0,-7,,,,
047690,0,0,0,-155,,,,
047699,0,0,0,-153,,,,
047700,0,0,0,-372,,,,
047701,0,0,0,192,,,,
047702,0,0,0,24,,,,
047703,0,0,0,-55,,,,
047709,0,0,0,1,,,,
047714,0,0,0,-83,,,,
047715,0,0,0,82,,,,
047716,0,0,0,-84,,,,
047717,0,0,0,295,,,,
047718,0,0,0,24,,,,
047719,0,0,0,83,,,,
047721,0,0,0,53,,,,
047724,0,0,0,176,,,,
047727,0,0,0,-114,,,,
047729,0,0,0,-123,,,,
047732,0,0,0,-89,,,,
047733,0,0,0,-5,,,,
047735,0,0,0,50,,,,
047739,0,0,0,253,,,,
047747,0,0,0,1,,,,
047749,0,0,0,-10,,,,
047750,0,0,0,-78,,,,
047751,0,0,0,-56,,,,
047755,0,0,0,-10,,,,
047756,0,0,0,-26,,,,
047758,0,0,0,46,,,,
047759,0,0,0,380,,,,
047768,0,0,0,-5,,,,
047769,0,0,0,15,,,,
047771,0,0,0,14,,,,
047777,0,0,0,1,,,,
047782,0,0,0,-84,,,,
047783,0,0,0,18,,,,
047785,0,0,0,-4,,,,
047789,0,0,0,-145,,,,
047792,0,0,0,-194,,,,
047794,0,0,0,36,,,,
047796,0,0,0,3,,,,
047798,0,0,0,8,,,,
047802,0,0,0,324,,,,
047804,0,0,0,10,,,,
047807,0,0,0,8,,,,
047808,0,0,0,-220,,,,
047809,0,0,0,1,,,,
047811,0,0,0,-213,,,,
047816,0,0,0,-76,,,,
047817,0,0,0,-12,,,,
047819,0,0,0,10,,,,
047820,0,0,0,1,,,,
047824,0,0,0,-40,,,,
047825,0,0,0,-1,,,,
047829,0,0,0,-35,,,,
047831,0,0,0,22,,,,
047832,0,0,0,0,,,,
047834,0,0,0,-700,,,,
047835,0,0,0,28,,,,
047836,0,0,0,-2,,,,
047838,0,0,0,7,,,,
047843,0,0,0,-14,,,,
047844,0,0,0,18,,,,
047845,0,0,0,4,,,,
047847,0,0,0,-36,,,,
047848,0,0,0,49,,,,
047853,0,0,0,101,,,,
047857,0,0,0,-317,,,,
047858,0,0,0,-33,,,,
047859,0,0,0,-199,,,,
047864,0,0,0,5,,,,
047865,0,0,0,50,,,,
047870,0,0,0,29,,,,
047872,0,0,0,-121,,,,
047873,0,0,0,320,,,,
047874,0,0,0,20,,,,
047876,0,0,0,-9,,,,
047877,0,0,0,76,,,,
047881,0,0,0,7,,,,
047882,0,0,0,540,,,,
047883,0,0,0,40,,,,
047884,0,0,0,-48,,,,
047885,0,0,0,42,,,,
047886,0,0,0,15,,,,
047887,0,0,0,394,,,,
047888,0,0,0,-59,,,,
047889,0,0,0,-10,,,,
047894,0,0,0,113,,,,
047895,0,0,0,337,,,,
047897,0,0,0,-6,,,,
047898,0,0,0,2,,,,
047899,0,0,0,-9,,,,
047904,0,0,0,-60,,,,
047905,0,0,0,-10,,,,
047912,0,0,0,-40,,,,
047928,0,0,0,42,,,,
047931,0,0,0,2,,,,
047935,0,0,0,-5,,,,
047937,0,0,0,-98,,,,
047938,0,0,0,-7,,,,
047943,0,0,0,650,,,,
047946,0,0,0,-4,,,,
047953,0,0,0,49,,,,
047955,0,0,0,-20,,,,
047957,0,0,0,-17,,,,
047958,0,0,0,3,,,,
047963,0,0,0,99,,,,
047972,0,0,0,-72,,,,
047973,0,0,0,-148,,,,
047974,0,0,0,-10,,,,
047980,0,0,0,3,,,,
047982,0,0,0,1,,,,
047986,0,0,0,0,,,,
047988,0,0,0,-83,,,,
047997,0,0,0,30,,,,
047999,0,0,0,210,,,,
048000,0,0,0,57,,,,
048001,0,0,0,14,,,,
048002,0,0,0,51,,,,
048003,0,0,0,-10,,,,
048005,0,0,0,-93,,,,
048006,0,0,0,107,,,,
048007,0,0,0,-70,,,,
048008,0,0,0,-10,,,,
048012,0,0,0,0,,,,
048013,0,0,0,41,,,,
048021,0,0,0,5,,,,
048022,0,0,0,619,,,,
048023,0,0,0,715,,,,
048026,0,0,0,50,,,,
048030,0,0,0,-13,,,,
048031,0,0,0,-89,,,,
048032,0,0,0,207,,,,
048033,0,0,0,109,,,,
048035,0,0,0,5,,,,
048036,0,0,0,11,,,,
048038,0,0,0,6,,,,
048039,0,0,0,61,,,,
048043,0,0,0,500,,,,
048044,0,0,0,193,,,,
048045,0,0,0,633,,,,
048046,0,0,0,-3,,,,
048047,0,0,0,1,,,,
048051,0,0,0,77,,,,
048055,0,0,0,-18,,,,
048059,0,0,0,0,,,,
048076,0,0,0,9,,,,
048081,0,0,0,130,,,,
048088,0,0,0,0,,,,
048090,0,0,0,-1,,,,
048091,0,0,0,3992,,,,
048092,0,0,0,-9,,,,
048094,0,0,0,-8,,,,
048095,0,0,0,-100,,,,
048096,0,0,0,-6,,,,
048099,0,0,0,-30,,,,
048102,0,0,0,15,,,,
048104,0,0,0,-82,,,,
048107,0,0,0,40,,,,
048108,0,0,0,10,,,,
048115,20,0,0,205,,,,
048117,0,0,0,-141,,,,
048118,0,0,0,-3,,,,
048120,0,0,0,-78,,,,
048129,0,0,0,7,,,,
048132,0,0,0,3,,,,
048133,0,0,0,147,,,,
048134,0,0,0,1,,,,
048139,0,0,0,2,,,,
048141,0,0,0,36,,,,
048142,0,0,0,1,,,,
048146,0,0,0,148,,,,
048147,0,0,0,38,,,,
048148,0,0,0,25,,,,
048150,0,0,0,12,,,,
048151,0,0,0,2,,,,
048152,0,0,0,-104,,,,
048153,0,0,0,-59,,,,
048154,0,0,0,3,,,,
048156,0,0,0,4,,,,
048157,0,0,0,-20,,,,
048160,0,0,0,-175,,,,
048163,0,0,0,61,,,,
048168,0,0,0,22,,,,
048173,0,0,0,10,,,,
048182,0,0,0,1,,,,
048188,0,0,0,-535,,,,
048201,0,0,0,10,,,,
048202,0,0,0,10,,,,
048203,0,0,0,-30,,,,
048211,0,0,0,2,,,,
048213,0,0,0,-1,,,,
048214,0,0,0,-20,,,,
048215,0,0,0,12,,,,
048217,0,0,0,-204,,,,
048218,0,0,0,-304,,,,
048219,0,0,0,-78,,,,
048221,0,0,0,54,,,,
048229,0,0,0,-20,,,,
048231,0,0,0,353,,,,
048234,0,0,0,1,,,,
048235,0,0,0,-6,,,,
048238,0,0,0,13,,,,
048239,0,0,0,-330,,,,
048242,0,0,0,349,,,,
048245,0,0,0,27,,,,
048246,0,0,0,1,,,,
048248,0,0,0,-68,,,,
048249,0,0,0,-311,,,,
048250,0,0,0,19,,,,
048253,0,0,0,22,,,,
048255,0,0,0,-14,,,,
048257,0,0,0,-20,,,,
048258,0,0,0,-287,,,,
048260,0,0,0,7,,,,
048261,0,0,0,8,,,,
048262,0,0,0,1298,,,,
048263,0,0,0,-738,,,,
048264,0,0,0,43,,,,
048265,0,0,0,10,,,,
048268,0,0,0,8,,,,
048271,0,0,0,-17,,,,
048273,0,0,0,118,,,,
048276,0,0,0,10,,,,
048284,0,0,0,254,,,,
048287,0,0,0,168,,,,
048288,0,0,0,26,,,,
048291,0,0,0,-309,,,,
048293,0,0,0,1,,,,
048294,0,0,0,709,,,,
048296,0,0,0,-162,,,,
048300,0,0,0,-4,,,,
048301,0,0,0,-28,,,,
048306,0,0,0,-30,,,,
048309,0,0,0,2,,,,
048312,0,0,0,10,,,,
048315,0,0,0,20,,,,
048316,0,0,0,0,,,,
048317,0,0,0,10,,,,
048318,0,0,0,-333,,,,
048320,0,0,0,15,,,,
048322,0,0,0,129,,,,
048323,0,0,0,-11,,,,
048324,0,0,0,18,,,,
048328,0,0,0,-10,,,,
048329,0,0,0,38,,,,
048333,0,0,0,40,,,,
048334,0,0,0,-328,,,,
048335,0,0,0,40,,,,
048338,0,0,0,18,,,,
048339,0,0,0,-30,,,,
048341,0,0,0,-34,,,,
048345,0,0,0,-19,,,,
048346,0,0,0,-338,,,,
048347,0,0,0,73,,,,
048348,0,0,0,-20,,,,
048350,0,0,0,-278,,,,
048351,0,0,0,10,,,,
048352,0,0,0,17,,,,
048353,0,0,0,-141,,,,
048354,0,0,0,5,,,,
048356,0,0,0,-139,,,,
048358,0,0,0,-49,,,,
048360,0,0,0,-105,,,,
048362,0,0,0,-74,,,,
048363,0,0,0,-66,,,,
048364,0,0,0,-3,,,,
048365,0,0,0,-4,,,,
048366,0,0,0,-32,,,,
048371,0,0,0,-1,,,,
048373,0,0,0,-6,,,,
048374,0,0,0,-112,,,,
048378,0,0,0,147,,,,
048380,0,0,0,1,,,,
048381,0,0,0,7,,,,
048382,0,0,0,-643,,,,
048383,0,0,0,127,,,,
048384,0,0,0,-20,,,,
048388,0,0,0,-6,,,,
048389,0,0,0,-35,,,,
048391,0,0,0,4,,,,
048395,0,0,0,-45,,,,
048401,0,0,0,-98,,,,
048405,0,0,0,28,,,,
048408,0,0,0,22,,,,
048409,0,0,0,-40,,,,
048410,0,0,0,8,,,,
048415,0,0,0,111,,,,
048417,0,0,0,-83,,,,
048418,0,0,0,-13,,,,
048420,0,0,0,-2,,,,
048423,0,0,0,-30,,,,
048430,0,0,0,5,,,,
048431,0,0,0,8,,,,
048432,0,0,0,-10,,,,
048437,0,0,0,48,,,,
048443,0,0,0,14,,,,
048444,0,0,0,-40,,,,
048447,0,0,0,-13,,,,
048448,0,0,0,6,,,,
048449,0,0,0,-29,,,,
048450,0,0,0,2445,,,,
048451,0,0,0,-92,,,,
048452,0,0,0,76,,,,
048454,0,0,0,10,,,,
048456,0,0,0,-9,,,,
048458,0,0,0,4,,,,
048461,0,0,0,94,,,,
048462,0,0,0,28,,,,
048463,0,0,0,-5,,,,
048464,0,0,0,78,,,,
048469,0,0,0,-10,,,,
048470,0,0,0,25,,,,
048471,0,0,0,98,,,,
048472,0,0,0,-11,,,,
048474,0,0,0,-11,,,,
048476,0,0,0,-125,,,,
048477,0,0,0,2,,,,
048479,0,0,0,-5,,,,
048484,0,0,0,26,,,,
048485,0,0,0,2,,,,
048486,0,0,0,-42,,,,
048488,0,0,0,10,,,,
048496,0,0,0,5,,,,
048497,0,0,0,-540,,,,
048498,0,0,0,-96,,,,
048502,0,0,0,-10,,,,
048511,0,0,0,1,,,,
048512,0,0,0,8,,,,
048519,0,0,0,30,,,,
048521,0,0,0,-2,,,,
048525,0,0,0,30,,,,
048528,0,0,0,-73,,,,
048529,0,0,0,-8,,,,
048533,0,0,0,-2,,,,
048534,0,0,0,30,,,,
048537,0,0,0,80,,,,
048539,0,0,0,29,,,,
048542,0,0,0,1,,,,
048543,0,0,0,-10,,,,
048545,0,0,0,250,,,,
048546,0,0,0,45,,,,
048548,0,0,0,-50,,,,
048549,0,0,0,-546,,,,
048553,0,0,0,6,,,,
048554,0,0,0,60,,,,
048556,0,0,0,29,,,,
048557,0,0,0,-2,,,,
048558,0,0,0,-129,,,,
048559,0,0,0,-30,,,,
048560,0,0,0,414,,,,
048562,0,0,0,-10,,,,
048563,0,0,0,190,,,,
048564,0,0,0,50,,,,
048569,0,0,0,210,,,,
048570,0,0,0,-10,,,,
048574,0,0,0,-19,,,,
048578,0,0,0,5,,,,
048579,0,0,0,270,,,,
048580,0,0,0,1,,,,
048581,0,0,0,-663,,,,
048584,0,0,0,252,,,,
048585,0,0,0,-53,,,,
048586,0,0,0,-446,,,,
048587,0,0,0,-50,,,,
048588,0,0,0,-110,,,,
048589,0,0,0,-3,,,,
048590,0,0,0,50,,,,
048598,0,0,0,18,,,,
048599,0,0,0,-19,,,,
048604,0,0,0,3,,,,
048607,0,0,0,504,,,,
048608,0,0,0,81,,,,
048611,0,0,0,1,,,,
048612,0,0,0,3,,,,
048613,0,0,0,0,,,,
048626,0,0,0,13,,,,
048628,0,0,0,7,,,,
048629,0,0,0,329,,,,
048631,0,0,0,4,,,,
048633,0,0,0,-9,,,,
048635,0,0,0,-40,,,,
048638,0,0,0,12,,,,
048641,0,0,0,-993,,,,
048644,0,0,0,1,,,,
048645,0,0,0,-161,,,,
048646,0,0,0,-38,,,,
048647,0,0,0,70,,,,
048648,0,0,0,-50,,,,
048649,0,0,0,0,,,,
048650,0,0,0,-351,,,,
048652,0,0,0,-140,,,,
048653,0,0,0,16,,,,
048655,0,0,0,183,,,,
048656,0,0,0,104,,,,
048657,0,0,0,-27,,,,
048661,0,0,0,13,,,,
048665,0,0,0,-211,,,,
048667,0,0,0,7,,,,
048669,0,0,0,-121,,,,
048670,0,0,0,-3,,,,
048673,0,0,0,67,,,,
048684,0,0,0,8,,,,
048685,0,0,0,-10,,,,
048687,0,0,0,5,,,,
048689,0,0,0,-12,,,,
048691,0,0,0,20,,,,
048693,0,0,0,-88,,,,
048695,0,0,0,-8,,,,
048696,0,0,0,288,,,,
048697,0,0,0,1946,,,,
048701,0,0,0,2,,,,
048704,0,0,0,-23,,,,
048705,0,0,0,1,,,,
048707,0,0,0,-91,,,,
048708,0,0,0,31,,,,
048713,0,0,0,1,,,,
048714,0,0,0,8,,,,
048716,0,0,0,20,,,,
048718,0,0,0,-1,,,,
048719,0,0,0,160,,,,
048720,0,0,0,-10,,,,
048723,0,0,0,-18,,,,
048724,0,0,0,4,,,,
048725,0,0,0,-30,,,,
048726,0,0,0,-10,,,,
048728,0,0,0,-20,,,,
048734,-1,0,0,1,,,,
048735,0,0,0,-1,,,,
048736,0,0,0,3,,,,
048737,0,0,0,2,,,,
048738,0,0,0,30,,,,
048741,0,0,0,25,,,,
048743,0,0,0,12,,,,
048744,0,0,0,-4,,,,
048745,0,0,0,729,,,,
048746,0,0,0,-830,,,,
048749,0,0,0,60,,,,
048754,0,0,0,64,,,,
048759,0,0,0,6,,,,
048764,0,0,0,470,,,,
048766,0,0,0,3,,,,
048768,0,0,0,-496,,,,
048770,0,0,0,742,,,,
048771,0,0,0,442,,,,
048772,0,0,0,347,,,,
048774,0,0,0,-66,,,,
048775,0,0,0,-80,,,,
048776,0,0,0,140,,,,
048777,0,0,0,3,,,,
048779,0,0,0,1,,,,
048781,0,0,0,280,,,,
048783,0,0,0,-111,,,,
048790,0,0,0,638,,,,
048793,0,0,0,-4,,,,
048794,0,0,0,1689,,,,
048796,0,0,0,-150,,,,
048797,0,0,0,-10,,,,
048798,0,0,0,12,,,,
048800,0,0,0,100,,,,
048801,0,0,0,-25,,,,
048802,0,0,0,31,,,,
048803,0,0,0,81,,,,
048806,0,0,0,-13,,,,
048809,0,0,0,-944,,,,
048812,0,0,0,-8,,,,
048815,0,0,0,0,,,,
048817,0,0,0,26,,,,
048819,0,0,0,2,,,,
048820,0,0,0,-10,,,,
048823,0,0,0,1,,,,
048826,0,0,0,-10,,,,
048830,0,0,0,11,,,,
048834,0,0,0,10,,,,
048836,0,0,0,8,,,,
048837,0,0,0,-126,,,,
048842,0,0,0,1,,,,
048843,0,0,0,-10,,,,
048846,0,0,0,-1,,,,
048848,0,0,0,1,,,,
048850,0,0,0,0,,,,
048860,0,0,0,8,,,,
048868,0,0,0,380,,,,
048869,0,0,0,5,,,,
048870,0,0,0,-1,,,,
048871,0,0,0,36,,,,
048878,0,0,0,-10,,,,
048881,0,0,0,18,,,,
048883,0,0,0,27,,,,
048893,0,0,0,0,,,,
048899,0,0,0,3,,,,
048900,0,0,0,31,,,,
048901,0,0,0,20,,,,
048902,0,0,0,-244,,,,
048904,0,0,0,-998,,,,
048906,0,0,0,8,,,,
048912,0,0,0,0,,,,
048917,0,0,0,140,,,,
048921,0,0,0,-48,,,,
048922,0,0,0,90,,,,
048923,0,0,0,-52,,,,
048929,0,0,0,-57,,,,
048932,0,0,0,-61,,,,
048933,0,0,0,-118,,,,
048936,0,0,0,50,,,,
048937,0,0,0,30,,,,
048939,0,0,0,2,,,,
048942,0,0,0,220,,,,
048945,0,0,0,40,,,,
048947,0,0,0,-103,,,,
048949,0,0,0,3,,,,
048950,0,0,0,0,,,,
048952,0,0,0,-131,,,,
048953,0,0,0,-8,,,,
048955,0,0,0,1,,,,
048956,0,0,0,-902,,,,
048960,0,0,0,10,,,,
048962,0,0,0,7,,,,
048968,0,0,0,-3,,,,
048969,0,0,0,23,,,,
048970,0,0,0,-48,,,,
048971,0,0,0,424,,,,
048974,0,0,0,446,,,,
048978,0,0,0,90,,,,
048980,0,0,0,-615,,,,
048983,0,0,0,-193,,,,
048984,0,0,0,866,,,,
048985,0,0,0,-494,,,,
048987,0,0,0,1,,,,
048991,0,0,0,18,,,,
048994,0,0,0,-9,,,,
048997,0,0,0,6,,,,
048999,0,0,0,36,,,,
049000,0,0,0,40,,,,
049001,0,0,0,-94,,,,
049003,0,0,0,-156,,,,
049004,0,0,0,20,,,,
049005,0,0,0,1,,,,
049008,0,0,0,4,,,,
049010,0,0,0,-106,,,,
049013,0,0,0,-250,,,,
049016,0,0,0,-200,,,,
049020,0,0,0,-218,,,,
049030,0,0,0,80,,,,
049031,0,0,0,2,,,,
049042,0,0,0,7,,,,
049047,0,0,0,10,,,,
049049,0,0,0,1,,,,
049050,0,0,0,1,,,,
049051,0,0,0,1,,,,
049053,0,0,0,24,,,,
049057,0,0,0,5,,,,
049063,0,0,0,-2,,,,
049068,0,0,0,22,,,,
049070,0,0,0,24,,,,
049074,0,0,0,85,,,,
049075,0,0,0,-50,,,,
049076,0,0,0,-170,,,,
049079,0,0,0,-5,,,,
049084,0,0,20,-37,,,,
049092,0,0,0,-263,,,,
049094,0,0,0,-10,,,,
049096,0,0,0,100,,,,
049098,0,0,0,-30,,,,
049099,0,0,0,2,,,,
049101,0,0,0,185,,,,
049102,0,0,0,5,,,,
049103,0,0,0,-144,,,,
049105,0,0,0,25,,,,
049106,0,0,0,-1192,,,,
049108,0,0,0,1192,,,,
049109,0,0,0,-110,,,,
049110,0,0,0,9,,,,
049112,0,0,0,16,,,,
049114,0,0,0,-7,,,,
049116,0,0,0,333,,,,
049117,0,0,0,-142,,,,
049118,0,0,0,-361,,,,
049123,0,0,0,-20,,,,
049129,0,0,0,323,,,,
049130,0,0,0,-290,,,,
049131,0,0,0,-29,,,,
049132,0,0,0,-714,,,,
049133,0,0,0,-118,,,,
049134,0,0,0,-2,,,,
049136,0,0,0,1,,,,
049137,0,0,0,-11,,,,
049139,0,0,0,-30,,,,
049141,0,0,0,101,,,,
049142,0,0,0,3,,,,
049143,0,0,0,2,,,,
049144,0,0,0,-1,,,,
049145,0,0,0,-401,,,,
049146,0,0,0,-406,,,,
049148,0,0,0,191,,,,
049149,0,0,0,173,,,,
049152,0,0,0,29,,,,
049153,0,0,0,25,,,,
049155,0,0,0,-58,,,,
049157,0,0,0,200,,,,
049160,0,0,0,2,,,,
049162,0,0,0,207,,,,
049165,0,0,0,-54,,,,
049167,0,0,0,30,,,,
049170,0,0,0,-9,,,,
049171,0,0,0,70,,,,
049172,0,0,0,21,,,,
049173,0,0,0,-440,,,,
049178,0,0,0,-1,,,,
049180,0,0,0,1,,,,
049181,0,0,0,-2,,,,
049183,0,0,0,-11,,,,
049184,0,0,0,2,,,,
049188,0,0,0,1,,,,
049190,0,0,0,185,,,,
049191,0,0,0,-14,,,,
049192,0,0,0,-23,,,,
049198,0,0,0,-40,,,,
049199,0,0,0,26,,,,
049201,0,0,0,1,,,,
049204,0,0,0,64,,,,
049210,0,0,0,-1,,,,
049214,0,0,0,-10,,,,
049215,0,0,0,155,,,,
049218,0,0,0,80,,,,
049220,0,0,0,500,,,,
049222,0,0,0,-100,,,,
049223,0,0,0,-356,,,,
049224,0,0,0,-1,,,,
049226,0,0,0,10,,,,
049227,0,0,0,15,,,,
049231,0,0,0,-15,,,,
049232,0,0,0,1,,,,
049235,0,0,0,-18,,,,
049236,0,0,0,-1,,,,
049238,0,0,0,7,,,,
049239,0,0,0,22,,,,
049240,0,0,0,1,,,,
049242,0,0,0,-58,,,,
049245,0,0,0,1,,,,
049247,0,0,0,-2,,,,
049251,0,0,0,-11,,,,
049252,0,0,0,-1,,,,
049253,0,0,0,10,,,,
049254,0,0,0,5,,,,
049256,0,0,0,-43,,,,
049257,0,0,0,12,,,,
049258,0,0,0,-10,,,,
049264,0,0,0,96,,,,
049266,0,0,0,37,,,,
049267,0,0,0,-16,,,,
049268,0,0,0,15,,,,
049270,0,0,0,7,,,,
049271,0,0,0,-65,,,,
049272,0,0,0,-49,,,,
049274,0,0,0,20,,,,
049275,0,0,0,4,,,,
049276,0,0,0,25,,,,
049278,0,0,0,-1,,,,
049279,0,0,0,-28,,,,
049280,0,0,0,139,,,,
049281,0,0,0,-10,,,,
049282,0,0,0,-150,,,,
049286,0,0,0,-4,,,,
049287,0,0,0,40,,,,
049288,0,0,0,-143,,,,
049289,0,0,0,-15,,,,
049290,0,0,0,10,,,,
049296,0,0,0,3,,,,
049301,0,0,0,-58,,,,
049302,0,0,0,34,,,,
049306,0,0,0,-21,,,,
049308,0,0,0,100,,,,
049309,0,0,0,2,,,,
049310,0,0,0,31,,,,
049312,0,0,0,-100,,,,
049313,0,0,0,-47,,,,
049315,0,0,0,9,,,,
049316,0,0,0,-23,,,,
049320,0,0,0,-20,,,,
049322,0,0,0,-10,,,,
049323,0,0,0,1,,,,
049324,0,0,0,0,,,,
049327,0,0,0,-21,,,,
049329,0,0,0,42,,,,
049330,0,0,0,-44,,,,
049333,0,0,0,0,,,,
049334,0,0,0,110,,,,
049335,0,0,0,-32,,,,
049336,0,0,0,-170,,,,
049338,0,0,0,-30,,,,
049344,0,0,0,62,,,,
049347,0,0,0,10,,,,
049350,0,0,0,3,,,,
049354,0,0,0,-290,,,,
049356,0,0,0,535,,,,
049358,0,0,0,0,,,,
049360,0,0,0,56,,,,
049364,0,0,0,54,,,,
049369,0,0,0,-133,,,,
049370,0,0,0,65,,,,
049373,0,0,0,-90,,,,
049379,0,0,0,139,,,,
049380,0,0,0,110,,,,
049381,0,0,0,211,,,,
049383,0,0,0,217,,,,
049384,0,0,0,7,,,,
049385,0,0,0,3,,,,
049386,0,0,0,135,,,,
049387,0,0,0,-30,,,,
049388,0,0,0,337,,,,
049389,0,0,0,15,,,,
049392,0,0,0,5,,,,
049398,0,0,0,-27,,,,
049400,0,0,0,-202,,,,
049401,0,0,0,-34,,,,
049402,0,0,0,207,,,,
049403,0,0,0,352,,,,
049404,0,0,0,490,,,,
049405,0,0,0,5,,,,
049407,0,0,0,-3287,,,,
049408,0,0,0,-1021,,,,
049409,0,0,0,134,,,,
049410,0,0,0,11,,,,
049413,0,0,0,-115,,,,
049414,0,0,0,24,,,,
049415,0,0,0,-627,,,,
049419,0,0,0,-106,,,,
049425,0,0,0,4,,,,
049427,0,0,0,-184,,,,
049429,0,0,0,-2,,,,
049432,0,0,0,10,,,,
049434,0,0,0,-100,,,,
049435,0,0,0,20,,,,
049436,0,0,0,2,,,,
049439,0,0,0,-5,,,,
049440,0,0,0,1,,,,
049444,0,0,0,6,,,,
049446,0,0,0,13,,,,
049447,0,0,0,-4,,,,
049448,0,0,0,-100,,,,
049449,0,0,0,-96,,,,
049450,0,0,0,19,,,,
049456,0,0,0,1,,,,
049457,0,0,0,28,,,,
049458,0,0,0,1,,,,
049459,0,0,0,-295,,,,
049460,0,0,0,-44,,,,
049461,0,0,0,-38,,,,
049462,0,0,0,3,,,,
049464,0,0,0,-20,,,,
049469,0,0,0,-142,,,,
049470,0,0,0,2,,,,
049472,0,0,0,15,,,,
049473,0,0,0,5,,,,
049474,0,0,0,-1,,,,
049475,0,0,0,-100,,,,
049477,0,0,0,-16,,,,
049478,0,0,0,-50,,,,
049479,0,0,0,-64,,,,
049481,0,0,0,-41,,,,
049483,0,0,0,-98,,,,
049484,0,0,0,-20,,,,
049485,0,0,0,4,,,,
049488,0,0,0,4,,,,
049489,0,0,0,13,,,,
049490,0,0,0,7,,,,
049492,0,0,0,-90,,,,
049495,0,0,0,-5,,,,
049500,0,0,0,-22,,,,
049501,0,0,0,1,,,,
049502,0,0,0,-60,,,,
049504,0,0,0,10,,,,
049505,0,0,0,9,,,,
049507,0,0,0,1,,,,
049509,0,0,0,-19,,,,
049510,0,0,0,-50,,,,
049513,0,0,0,-141,,,,
049520,0,0,0,0,,,,
049533,0,0,0,-1,,,,
049536,0,0,0,7,,,,
049538,0,0,0,-17,,,,
049539,0,0,0,140,,,,
049544,0,0,0,347,,,,
049545,0,0,0,95,,,,
049547,0,0,0,-65,,,,
049549,0,0,0,4,,,,
049553,0,0,0,0,,,,
049554,0,0,0,-7,,,,
049559,0,0,0,0,,,,
049562,0,0,0,130,,,,
049564,0,0,0,22,,,,
049567,0,0,0,0,,,,
049568,0,0,0,-2,,,,
049569,0,0,0,128,,,,
049571,0,0,0,-757,,,,
049577,0,0,0,180,,,,
049578,0,0,0,113,,,,
049579,0,0,0,15,,,,
049580,0,0,0,74,,,,
049582,0,0,0,25,,,,
049583,0,0,0,11,,,,
049584,0,0,0,50,,,,
049586,0,0,0,279,,,,
049588,0,0,0,-92,,,,
049589,0,0,0,-46,,,,
049590,0,0,0,-10,,,,
049592,0,0,0,-108,,,,
049593,0,0,0,40,,,,
049595,0,0,0,70,,,,
049599,0,0,0,23,,,,
049602,0,0,0,-164,,,,
049603,0,0,0,-71,,,,
049604,0,0,0,-50,,,,
049605,0,0,0,243,,,,
049606,0,0,0,26,,,,
049610,0,0,0,-467,,,,
049611,0,0,0,-54,,,,
049614,0,0,0,93,,,,
049615,0,0,0,-558,,,,
049616,0,0,0,2,,,,
049617,0,0,0,-5,,,,
049618,0,0,0,-85,,,,
049621,0,0,0,1,,,,
049623,0,0,0,35,,,,
049624,0,0,0,2,,,,
049629,0,0,0,-145,,,,
049630,0,0,0,5,,,,
049631,0,0,0,24,,,,
049634,0,0,0,59,,,,
049636,0,0,0,433,,,,
049637,0,0,0,-10,,,,
049643,0,0,0,-31,,,,
049644,0,0,0,-30,,,,
049646,0,0,0,-11,,,,
049647,0,0,0,-20,,,,
049648,0,0,0,3,,,,
049649,0,0,0,25,,,,
049655,0,0,0,42,,,,
049656,0,0,0,-471,,,,
049658,0,0,0,-18,,,,
049663,0,0,0,32,,,,
049667,0,0,0,-213,,,,
049669,0,0,0,6,,,,
049670,0,0,0,3,,,,
049671,0,0,0,1,,,,
049673,0,0,0,-7,,,,
049675,0,0,0,-35,,,,
049676,0,0,0,-563,,,,
049680,0,0,0,1,,,,
049683,0,0,0,-8,,,,
049685,0,0,0,-9,,,,
049686,0,0,0,-15,,,,
049687,0,0,0,6,,,,
049690,0,0,0,7,,,,
049691,0,0,0,3,,,,
049693,0,0,0,8,,,,
049696,0,0,0,64,,,,
049697,0,0,0,39,,,,
049698,0,0,0,-122,,,,
049699,0,0,0,-27,,,,
049703,0,0,0,-15,,,,
049704,0,0,0,-19,,,,
049706,0,0,0,69,,,,
049707,0,0,0,-74,,,,
049709,0,0,0,-32,,,,
049713,0,0,0,1,,,,
049714,0,0,0,-107,,,,
049716,0,0,0,1,,,,
049718,0,0,0,0,,,,
049720,0,0,0,-327,,,,
049725,0,0,0,-50,,,,
049727,0,0,0,1030,,,,
049728,0,0,0,-1012,,,,
049729,0,0,0,-200,,,,
049730,0,0,0,-200,,,,
049732,0,0,0,122,,,,
049733,0,0,0,1,,,,
049734,0,0,0,-416,,,,
049736,0,0,0,177,,,,
049737,0,0,0,30,,,,
049739,0,0,0,7,,,,
049742,0,0,0,-10,,,,
049745,0,0,0,-100,,,,
049746,0,0,0,-66,,,,
049747,0,0,0,-945,,,,
049748,0,0,0,40,,,,
049749,0,0,0,498,,,,
049750,0,0,0,-10,,,,
049751,0,0,0,121,,,,
049752,0,0,0,-496,,,,
049753,0,0,0,0,,,,
049754,0,0,0,-31,,,,
049755,0,0,0,-49,,,,
049756,0,0,0,-191,,,,
049758,0,0,0,25,,,,
049759,0,0,0,-27,,,,
049770,0,0,0,-1,,,,
049774,0,0,0,3,,,,
049776,0,0,0,3,,,,
049778,0,0,0,-160,,,,
049780,0,0,0,-20,,,,
049784,0,0,0,-120,,,,
049787,0,0,0,-3,,,,
049788,0,0,0,5,,,,
049791,0,0,0,5,,,,
049794,0,0,0,20,,,,
049799,0,0,0,-718,,,,
049800,0,0,0,1,,,,
049803,0,0,0,-511,,,,
049805,0,0,0,1,,,,
049806,0,0,0,-57,,,,
049808,0,0,0,15,,,,
049809,0,0,0,5,,,,
049810,0,0,0,-14,,,,
049812,0,0,0,5,,,,
049813,0,0,0,1,,,,
049814,0,0,0,355,,,,
049816,0,0,0,264,,,,
049818,0,0,0,-109,,,,
049821,0,0,0,-1,,,,
049823,0,0,0,-143,,,,
049825,0,0,0,6,,,,
049827,0,0,0,125,,,,
049830,0,0,0,0,,,,
049832,0,0,0,10,,,,
049834,0,0,0,2,,,,
049835,0,0,0,20,,,,
049837,0,0,0,23,,,,
049840,0,0,0,420,,,,
049841,0,0,0,50,,,,
049843,0,0,0,15,,,,
049844,0,0,0,-253,,,,
049849,0,0,0,-130,,,,
049850,0,0,0,-162,,,,
049853,0,0,0,2,,,,
049855,0,0,0,-5,,,,
049859,0,0,0,10,,,,
049862,0,0,0,-11,,,,
049867,0,0,0,10,,,,
049868,0,0,0,34,,,,
049869,0,0,0,-500,,,,
049870,0,0,0,-15,,,,
049871,0,0,0,-5,,,,
049874,0,0,0,-17,,,,
049880,0,0,0,-30,,,,
049883,0,0,0,138,,,,
049884,0,0,0,22,,,,
049885,0,0,0,-54,,,,
049888,0,0,0,8,,,,
049889,0,0,0,-73,,,,
049890,0,0,0,1,,,,
049900,0,0,0,-5,,,,
049903,0,0,0,-25,,,,
049904,0,0,0,-1,,,,
049906,0,0,0,-5,,,,
049909,0,0,0,-69,,,,
049910,0,0,0,-25,,,,
049911,0,0,0,-61,,,,
049914,0,0,0,17,,,,
049919,0,0,0,1,,,,
049920,0,0,0,2,,,,
049921,0,0,0,-2,,,,
049922,0,0,0,30,,,,
049923,0,0,0,1,,,,
049924,0,0,0,1,,,,
049926,0,0,0,1,,,,
049930,0,0,0,35,,,,
049936,0,0,0,-46,,,,
049937,0,0,0,-1591,,,,
049938,0,0,0,8,,,,
049939,0,0,0,1,,,,
049940,0,0,0,5,,,,
049941,0,0,0,-2,,,,
049946,0,0,0,10,,,,
049952,0,0,0,13,,,,
049956,0,0,0,272,,,,
049957,0,0,0,19,,,,
049958,0,0,0,-5,,,,
049959,0,0,0,-59,,,,
049960,0,0,0,-580,,,,
049961,0,0,0,-56,,,,
049962,0,0,0,-77,,,,
049963,0,0,0,15,,,,
049964,0,0,0,-76,,,,
049965,0,0,0,946,,,,
049969,0,0,0,-1,,,,
049971,0,0,0,14,,,,
049972,0,0,0,5,,,,
049973,0,0,0,65,,,,
049974,0,0,0,-421,,,,
049975,0,0,0,1,,,,
049976,0,0,0,64,,,,
049978,0,0,0,-348,,,,
049979,0,0,0,10,,,,
049980,0,0,0,38,,,,
049982,0,0,0,-824,,,,
049983,0,0,0,-10,,,,
049986,0,0,0,-130,,,,
049988,0,0,0,8,,,,
049990,0,0,0,10,,,,
049992,0,0,0,-24,,,,
049995,0,0,0,50,,,,
049996,0,0,0,2,,,,
049997,0,0,0,49,,,,
049998,0,0,0,477,,,,
049999,0,0,0,-314,,,,
050000,0,0,0,20,,,,
050001,0,0,0,-39,,,,
050002,0,0,0,32,,,,
050006,0,0,0,-219,,,,
05000U,0,0,0,-8,,,,
050012,0,0,0,-10,,,,
050014,0,0,0,1,,,,
050015,0,0,0,4,,,,
050016,0,0,0,9,,,,
050017,0,0,0,1,,,,
050019,0,0,0,7,,,,
050020,0,0,0,50,,,,
050024,0,0,0,101,,,,
050026,0,0,0,25,,,,
050028,0,0,0,-10,,,,
050030,0,0,0,9,,,,
050034,0,0,0,-626,,,,
050036,0,0,0,-48,,,,
050037,0,0,0,-821,,,,
050038,0,0,0,11,,,,
050040,0,0,0,-4,,,,
050041,0,0,0,30,,,,
050044,0,0,0,7,,,,
050048,0,0,0,217,,,,
050051,0,0,0,1,,,,
050052,0,0,0,-188,,,,
050053,0,0,0,178,,,,
050056,0,0,0,480,,,,
050057,0,0,0,92,,,,
050058,0,0,0,4,,,,
050063,0,0,0,-2,,,,
050064,0,0,0,25,,,,
050065,0,0,0,2,,,,
050067,0,0,0,23,,,,
050068,0,0,0,-3,,,,
050070,0,0,0,-133,,,,
050071,0,0,0,186,,,,
050073,0,0,0,8,,,,
050075,0,0,0,0,,,,
050077,0,0,0,-526,,,,
050080,0,0,0,-141,,,,
050081,0,0,0,109,,,,
050083,0,0,0,0,,,,
050086,0,0,0,6,,,,
050090,0,0,0,503,,,,
050091,0,0,0,-2,,,,
050092,0,0,0,151,,,,
050093,0,0,0,-11,,,,
050097,0,0,0,22,,,,
050101,0,0,0,74,,,,
050102,0,0,0,12,,,,
050104,0,0,0,-47,,,,
050105,0,0,0,1,,,,
050110,0,0,0,2,,,,
050111,0,0,0,-3,,,,
050118,0,0,0,-11,,,,
050119,0,0,0,-8,,,,
050121,0,0,0,1,,,,
050122,0,0,0,20,,,,
050131,0,0,0,-10,,,,
050132,0,0,0,50,,,,
050134,0,0,0,-6,,,,
050144,0,0,0,1,,,,
050146,0,0,0,-10,,,,
050148,0,0,0,57,,,,
050152,0,0,0,4,,,,
050154,0,0,0,2,,,,
050158,0,0,0,-843,,,,
050160,0,0,0,128,,,,
050161,0,0,0,330,,,,
050163,0,0,0,-45,,,,
050164,0,0,0,-274,,,,
050167,0,0,0,243,,,,
050168,0,0,0,10,,,,
050169,0,0,0,-250,,,,
050170,0,0,0,27,,,,
050174,0,0,0,30,,,,
050176,0,0,0,-48,,,,
050178,0,0,0,-109,,,,
050179,0,0,0,-15,,,,
050181,0,0,0,20,,,,
050182,0,0,0,-2,,,,
050183,0,0,0,-366,,,,
050185,0,0,0,156,,,,
050187,0,0,0,69,,,,
050188,0,0,0,-70,,,,
050189,0,0,0,12,,,,
050190,0,0,0,-1,,,,
050191,0,0,0,511,,,,
050194,0,0,0,1,,,,
050204,0,0,0,23,,,,
050205,0,0,0,10,,,,
050213,0,0,0,-181,,,,
050214,0,0,0,-194,,,,
050215,0,0,0,55,,,,
050217,0,0,0,-50,,,,
050224,0,0,0,-141,,,,
050225,0,0,0,7,,,,
050227,0,0,0,14,,,,
050228,0,0,0,-1,,,,
050230,0,0,0,-9,,,,
050236,0,0,0,0,,,,
050238,0,0,0,4,,,,
050241,0,0,0,25,,,,
050243,0,0,0,-21,,,,
050244,0,0,0,202,,,,
050245,0,0,0,91,,,,
050247,0,0,0,-1,,,,
050248,0,0,0,72,,,,
050249,0,0,0,31,,,,
050250,0,0,0,6,,,,
050251,0,0,0,-5,,,,
050252,0,0,0,428,,,,
050256,0,0,0,-1,,,,
050257,0,0,0,-12,,,,
050258,0,0,0,6,,,,
050259,0,0,0,-100,,,,
050260,0,0,0,-44,,,,
050261,0,0,0,-16,,,,
050262,0,0,0,68,,,,
050263,0,0,0,-70,,,,
050267,0,0,0,257,,,,
050268,0,0,0,30,,,,
050269,0,0,0,35,,,,
050273,0,0,0,-6,,,,
050274,0,0,0,-60,,,,
050276,0,0,0,6,,,,
050277,0,0,0,1,,,,
050278,0,0,0,1,,,,
050279,0,0,0,91,,,,
050284,0,0,0,-26,,,,
050292,0,0,0,288,,,,
050293,0,0,0,50,,,,
050294,0,0,0,1,,,,
050295,0,0,0,55,,,,
050296,0,0,0,60,,,,
050302,0,0,0,1,,,,
050304,0,0,0,40,,,,
050307,0,0,0,-79,,,,
050308,0,0,0,37,,,,
050309,0,0,0,30,,,,
050311,0,0,0,35,,,,
050312,0,0,0,-76,,,,
050315,0,0,0,61,,,,
050318,0,0,0,25,,,,
050319,0,0,0,20,,,,
050320,0,0,0,-53,,,,
050321,0,0,0,3,,,,
050326,0,0,0,-41,,,,
050331,0,0,0,8,,,,
050333,0,0,0,10,,,,
050337,0,0,0,50,,,,
050338,0,0,0,-80,,,,
050341,0,0,0,5,,,,
050343,0,0,0,5,,,,
050344,0,0,0,-24,,,,
050349,0,0,0,-129,,,,
050351,0,0,0,-1052,,,,
050355,0,0,0,-1,,,,
050363,0,0,0,32,,,,
050364,0,0,0,-36,,,,
050365,0,0,0,-215,,,,
050366,0,0,0,1,,,,
050367,0,0,0,693,,,,
050369,0,0,0,-1,,,,
050373,0,0,0,3,,,,
050376,0,0,0,76,,,,
050377,0,0,0,12,,,,
050378,0,0,0,-22,,,,
050379,0,0,0,-97,,,,
050385,0,0,0,-1,,,,
050390,0,0,0,8,,,,
050391,0,0,0,18,,,,
050393,0,0,0,-11,,,,
050395,0,0,0,13,,,,
050400,0,0,0,5,,,,
050406,0,0,0,48,,,,
050407,0,0,0,75,,,,
050413,0,0,0,10,,,,
050419,0,0,0,-839,,,,
050421,0,0,0,1,,,,
050423,0,0,0,16,,,,
050424,0,0,0,54,,,,
050428,0,0,0,-5,,,,
050429,0,0,0,-719,,,,
050432,0,0,0,-25,,,,
050433,0,0,0,29,,,,
050434,0,0,0,-415,,,,
050436,0,0,0,362,,,,
050437,0,0,0,-575,,,,
050439,0,0,0,19,,,,
050440,0,0,0,31,,,,
050442,0,0,0,-867,,,,
050445,0,0,0,331,,,,
050446,0,0,0,0,,,,
050449,0,0,0,112,,,,
050451,0,0,0,20,,,,
050453,0,0,0,12,,,,
050454,0,0,0,1,,,,
050455,0,0,0,140,,,,
050456,0,0,0,50,,,,
050457,0,0,0,43,,,,
050458,0,0,0,14,,,,
050459,0,0,0,-138,,,,
050460,0,0,0,50,,,,
050465,0,0,0,-15,,,,
050469,0,0,0,18,,,,
050470,0,0,0,280,,,,
050471,0,0,0,9,,,,
050472,0,0,0,-41,,,,
050479,0,0,0,2,,,,
050485,0,0,0,-95,,,,
050486,0,0,0,17,,,,
050489,0,0,0,1,,,,
050491,0,0,0,-37,,,,
050494,0,0,0,250,,,,
050495,0,0,0,43,,,,
050496,0,0,0,32,,,,
050497,0,0,0,-1,,,,
050498,0,0,0,464,,,,
050499,0,0,0,248,,,,
050501,0,0,0,-120,,,,
050502,0,0,0,-10,,,,
050504,0,0,0,-30,,,,
050507,0,0,0,3,,,,
050508,0,0,0,-30,,,,
050511,0,0,0,1,,,,
050513,0,0,0,1,,,,
050518,0,0,0,106,,,,
050519,0,0,0,0,,,,
050520,0,0,0,-10,,,,
050521,0,0,0,166,,,,
050522,0,0,0,74,,,,
050523,0,0,0,52,,,,
050524,0,0,0,26,,,,
050525,0,0,0,27,,,,
050526,0,0,0,25,,,,
050533,0,0,0,-11,,,,
050535,0,0,0,44,,,,
050536,0,0,0,1,,,,
050538,0,0,0,-30,,,,
050539,0,0,0,0,,,,
050540,0,0,0,100,,,,
050542,0,0,0,3,,,,
050543,0,0,0,-5,,,,
050549,0,0,0,98,,,,
050553,0,0,0,6,,,,
050554,0,0,0,21,,,,
050555,0,0,0,-14,,,,
050556,0,0,0,0,,,,
050558,0,0,0,-34,,,,
050560,0,0,0,-45,,,,
050561,0,0,0,25,,,,
050562,0,0,0,100,,,,
050563,0,0,0,2,,,,
050565,0,0,0,1,,,,
050567,0,0,0,-7,,,,
050569,0,0,0,-26,,,,
050570,0,0,0,-24,,,,
050575,0,0,0,252,,,,
050576,0,0,0,30,,,,
050577,0,0,0,31,,,,
050578,0,0,0,20,,,,
050579,0,0,0,2,,,,
050580,0,0,0,-10,,,,
050584,0,0,0,54,,,,
050586,0,0,0,118,,,,
050587,0,0,0,-9,,,,
050588,0,0,0,0,,,,
050590,0,0,0,153,,,,
050591,0,0,0,1,,,,
050592,0,0,0,12,,,,
050593,0,0,0,35,,,,
050594,0,0,0,24,,,,
050595,0,0,0,-96,,,,
050597,0,0,0,-40,,,,
050599,0,0,0,38,,,,
050600,0,0,0,-10,,,,
050601,0,0,0,5,,,,
050607,0,0,0,56,,,,
050610,0,0,0,-215,,,,
050611,0,0,0,-199,,,,
050612,0,0,0,6,,,,
050619,0,0,0,10,,,,
050620,0,0,0,-5,,,,
050621,0,0,0,27,,,,
050622,0,0,0,490,,,,
050624,0,0,0,-21,,,,
050625,0,0,0,172,,,,
050626,0,0,0,59,,,,
050627,0,0,0,-30,,,,
050628,0,0,0,1685,,,,
050629,0,0,0,-72,,,,
050630,0,0,0,-13,,,,
050631,0,0,0,-151,,,,
050633,0,0,0,-159,,,,
050635,0,0,0,40,,,,
050636,0,0,0,103,,,,
050637,0,0,0,716,,,,
050638,0,0,0,35,,,,
050639,0,0,0,15,,,,
050640,0,0,0,105,,,,
050641,0,0,0,17,,,,
050644,0,0,0,607,,,,
050645,0,0,0,30,,,,
050646,0,0,0,-17,,,,
050647,0,0,0,4,,,,
050648,0,0,0,508,,,,
050649,0,0,0,-7,,,,
050650,0,0,0,-863,,,,
050652,0,0,0,-3,,,,
050654,0,0,0,-98,,,,
050655,0,0,0,-377,,,,
050658,0,0,0,1,,,,
050659,0,0,0,4,,,,
050660,0,0,0,-52,,,,
050662,0,0,0,13,,,,
050663,0,0,0,-30,,,,
050665,0,0,0,-26,,,,
050666,0,0,0,50,,,,
050668,0,0,0,-2,,,,
050671,0,0,0,211,,,,
050672,0,0,0,9,,,,
050675,0,0,0,-250,,,,
050682,0,0,0,1,,,,
050685,0,0,0,5,,,,
050686,0,0,0,-183,,,,
050693,0,0,0,0,,,,
050702,0,0,0,-31,,,,
050704,0,0,0,-10,,,,
050705,0,0,0,-118,,,,
050706,0,0,0,3,,,,
050707,0,0,0,-133,,,,
050708,0,0,0,28,,,,
050710,0,0,0,-2,,,,
050711,0,0,0,-20,,,,
050712,0,0,0,-9,,,,
050715,0,0,0,50,,,,
050716,0,0,0,-100,,,,
050718,0,0,0,0,,,,
050720,0,0,0,1,,,,
050721,0,0,0,1831,,,,
050722,0,0,0,2,,,,
050723,0,0,0,5,,,,
050728,0,0,0,58,,,,
050729,0,0,0,-77,,,,
050731,0,0,0,1,,,,
050737,0,0,0,5,,,,
050738,0,0,0,3,,,,
050739,0,0,0,1,,,,
050742,0,0,0,-117,,,,
050743,0,0,0,199,,,,
050746,0,0,0,55,,,,
050750,0,0,0,38,,,,
050751,0,0,0,-937,,,,
050762,0,0,0,-60,,,,
050763,0,0,0,-16,,,,
050765,0,0,0,4,,,,
050767,0,0,0,269,,,,
050770,0,0,0,-44,,,,
050771,0,0,0,0,,,,
050776,0,0,0,540,,,,
050777,0,0,0,1090,,,,
050780,0,0,0,309,,,,
050781,0,0,0,-265,,,,
050788,0,0,0,50,,,,
050789,0,0,0,-8,,,,
050791,0,0,0,10,,,,
050795,0,0,0,30,,,,
050797,0,0,0,-12,,,,
050798,0,0,0,195,,,,
050799,0,0,0,79,,,,
050800,0,0,0,81,,,,
050802,0,0,0,10,,,,
050804,0,0,0,0,,,,
050805,0,0,0,-3,,,,
050810,0,0,0,10,,,,
050812,0,0,0,5,,,,
050813,0,0,0,147,,,,
050824,0,0,0,6,,,,
050825,0,0,0,334,,,,
050827,0,0,0,-9,,,,
050828,0,0,0,-238,,,,
050831,0,0,0,187,,,,
050832,0,0,0,-140,,,,
050833,0,0,0,-299,,,,
050836,0,0,0,8,,,,
050837,0,0,0,492,,,,
050839,0,0,0,-72,,,,
050840,0,0,0,-358,,,,
050841,0,0,0,-406,,,,
050846,0,0,0,241,,,,
050847,0,0,0,-412,,,,
050850,0,0,0,-290,,,,
050851,0,0,0,-669,,,,
050852,0,0,0,-188,,,,
050858,0,0,0,-10,,,,
050861,0,0,0,1,,,,
050865,0,0,0,3,,,,
050866,0,0,0,17,,,,
050867,0,0,0,39,,,,
050868,0,0,0,-155,,,,
050873,0,0,0,-10,,,,
050877,0,0,0,-30,,,,
050881,0,0,0,159,,,,
050882,0,0,0,-33,,,,
050884,0,0,0,-1,,,,
050887,0,0,0,-344,,,,
050889,0,0,0,26,,,,
050890,0,0,0,8,,,,
050891,0,0,0,-38,,,,
050892,0,0,0,-5,,,,
050893,0,0,0,11,,,,
050897,0,0,0,38,,,,
050898,0,0,0,-47,,,,
050899,0,0,0,66,,,,
050902,0,0,0,119,,,,
050903,0,0,0,7,,,,
050904,0,0,0,-70,,,,
050906,0,0,0,22,,,,
050909,0,0,0,-10,,,,
050911,0,0,0,100,,,,
050912,0,0,0,-579,,,,
050914,0,0,0,-103,,,,
050918,0,0,0,38,,,,
050922,0,0,0,10,,,,
050923,0,0,0,10,,,,
050926,0,0,0,37,,,,
050930,0,0,0,-1,,,,
050931,0,0,0,180,,,,
050936,0,0,0,7,,,,
050937,0,0,0,-6,,,,
050939,0,0,0,5,,,,
050946,0,0,0,1,,,,
050947,0,0,0,2,,,,
050951,0,0,0,716,,,,
050953,0,0,0,-175,,,,
050954,0,0,0,-615,,,,
050955,0,0,0,1713,,,,
050957,0,0,0,99,,,,
050958,0,0,0,0,,,,
050959,0,0,0,-1,,,,
050960,0,0,0,16,,,,
050961,0,0,0,2,,,,
050962,0,0,0,121,,,,
050963,0,0,0,534,,,,
050964,0,0,0,349,,,,
050965,0,0,0,-91,,,,
050971,0,0,0,-1,,,,
050972,0,0,0,102,,,,
050973,0,0,0,35,,,,
050974,0,0,0,-40,,,,
050975,0,0,0,-4,,,,
050980,0,0,0,0,,,,
050981,0,0,0,-5,,,,
050985,0,0,0,1,,,,
050988,0,0,0,-19,,,,
050991,0,0,0,134,,,,
050992,0,0,0,1,,,,
050996,0,0,0,-50,,,,
051001,0,0,0,23,,,,
051003,0,0,0,-50,,,,
051006,0,0,0,30,,,,
051007,0,0,0,10,,,,
051009,0,0,0,-37,,,,
051010,0,0,0,5,,,,
051011,0,0,0,19,,,,
051012,0,0,0,-50,,,,
051013,0,0,0,-72,,,,
051014,0,0,0,-11,,,,
051016,0,0,0,16,,,,
051018,0,0,0,2,,,,
051019,0,0,0,-45,,,,
051020,0,0,0,-90,,,,
051023,0,0,0,31,,,,
051024,0,0,0,11,,,,
051025,0,0,0,-344,,,,
051026,0,0,0,10,,,,
051027,0,0,0,-11,,,,
051032,0,0,0,-6,,,,
051037,0,0,0,1,,,,
051038,0,0,0,-30,,,,
051042,0,0,0,-40,,,,
051043,0,0,0,55,,,,
051052,0,0,0,55,,,,
051055,0,0,0,11,,,,
051056,0,0,0,668,,,,
051059,0,0,0,-20,,,,
051060,0,0,0,-16,,,,
051061,0,0,0,-16,,,,
051062,0,0,0,38,,,,
051067,0,0,0,2,,,,
051068,0,0,0,184,,,,
051071,0,0,0,-12,,,,
051073,0,0,0,-2,,,,
051075,0,0,0,-184,,,,
051079,0,0,0,2,,,,
051082,0,0,0,-15,,,,
051083,0,0,0,-41,,,,
051085,0,0,0,-28,,,,
051087,0,0,0,71,,,,
051088,0,0,0,8,,,,
051089,0,0,0,-28,,,,
051091,0,0,0,10,,,,
051092,0,0,0,19,,,,
051093,0,0,0,-24,,,,
051094,0,0,0,-65,,,,
051095,0,0,0,17,,,,
051096,0,0,0,5,,,,
051097,0,0,0,9,,,,
051098,0,0,0,1,,,,
051100,0,0,0,14,,,,
051102,0,0,0,1,,,,
051103,0,0,0,2,,,,
051104,0,0,0,-10,,,,
051105,0,0,0,63,,,,
051108,0,0,0,4,,,,
051109,0,0,0,4,,,,
051110,0,0,0,47,,,,
051111,0,0,0,8,,,,
051115,0,0,0,-5,,,,
051117,0,0,0,5,,,,
051123,0,0,0,2,,,,
051124,0,0,0,20,,,,
051125,0,0,0,16,,,,
051126,0,0,0,331,,,,
051128,0,0,0,240,,,,
051129,0,0,0,11,,,,
051130,0,0,0,1,,,,
051135,0,0,0,10,,,,
051137,0,0,0,-10,,,,
051145,0,0,0,30,,,,
051148,0,0,0,11,,,,
051152,0,0,0,60,,,,
051153,0,0,0,-1,,,,
051154,0,0,0,0,,,,
051155,0,0,0,28,,,,
051156,0,0,0,71,,,,
051158,0,0,0,-4,,,,
051159,0,0,0,12,,,,
051160,0,0,0,20,,,,
051161,0,0,0,61,,,,
051163,0,0,0,4,,,,
051164,0,0,0,-15,,,,
051166,0,0,0,20,,,,
051167,0,0,0,-99,,,,
051168,0,0,0,-197,,,,
051170,0,0,0,5,,,,
051172,0,0,0,-5,,,,
051174,0,0,0,4,,,,
051175,0,0,0,-2,,,,
051178,0,0,0,6,,,,
051182,0,0,0,13,,,,
051184,0,0,0,420,,,,
051185,0,0,0,-5,,,,
051186,0,0,0,13,,,,
051187,0,0,0,-10,,,,
051188,0,0,0,2,,,,
051189,0,0,0,-3,,,,
051190,-1,0,0,20,,,,
051191,0,0,0,-181,,,,
051193,0,0,0,40,,,,
051194,0,0,0,-923,,,,
051195,0,0,0,31,,,,
051196,0,0,0,51,,,,
051197,0,0,0,1,,,,
051199,0,0,0,15,,,,
051201,0,0,0,-48,,,,
051202,-4,0,0,564,,,,
051207,0,0,0,-10,,,,
051208,0,0,0,271,,,,
051209,0,0,0,2,,,,
051210,0,0,0,-122,,,,
051211,0,0,0,143,,,,
051213,0,0,0,121,,,,
051215,0,0,0,151,,,,
051217,0,0,0,55,,,,
051218,0,0,0,392,,,,
051220,0,0,0,-42,,,,
051222,0,0,0,13,,,,
051225,0,0,0,314,,,,
051229,0,0,0,-1,,,,
051231,0,0,0,8,,,,
051232,0,0,0,-62,,,,
051234,0,0,0,512,,,,
051235,0,0,0,0,,,,
051236,0,0,0,216,,,,
051237,0,0,0,11,,,,
051238,0,0,0,-15,,,,
051239,0,0,0,-65,,,,
051240,0,0,0,4,,,,
051241,0,0,0,1046,,,,
051242,0,0,0,75,,,,
051243,0,0,0,79,,,,
051245,0,0,0,15,,,,
051247,0,0,0,10,,,,
051248,0,0,0,-13,,,,
051249,0,0,0,92,,,,
051250,0,0,0,-104,,,,
051251,0,0,0,10,,,,
051252,0,0,0,-1574,,,,
051255,0,0,0,10,,,,
051256,0,0,0,4,,,,
051257,0,0,0,1390,,,,
051258,0,0,0,242,,,,
051259,0,0,0,1245,,,,
051260,0,0,0,-11,,,,
051261,0,0,0,31,,,,
051262,0,0,0,256,,,,
051265,0,0,0,50,,,,
051266,0,0,0,-17,,,,
051267,0,0,0,101,,,,
051269,0,0,0,-288,,,,
051271,0,0,0,-141,,,,
051272,0,0,0,1,,,,
051273,0,0,0,-206,,,,
051274,0,0,0,12,,,,
051275,0,0,0,-157,,,,
051276,33,0,0,95,,,,
051277,0,0,0,4,,,,
051278,0,0,0,3,,,,
051279,0,0,0,-4,,,,
051280,0,0,0,-319,,,,
051282,0,0,0,-421,,,,
051283,0,0,0,-414,,,,
051287,0,0,0,-1058,,,,
051288,0,0,0,724,,,,
051289,0,0,0,-275,,,,
051290,2,0,0,167,,,,
051291,0,0,0,125,,,,
051292,-1,0,0,6,,,,
051299,0,0,0,195,,,,
051304,0,0,0,25,,,,
051306,0,0,0,-85,,,,
051307,0,0,0,3,,,,
051308,0,0,0,267,,,,
051309,0,0,0,6,,,,
051312,0,0,0,200,,,,
051313,0,0,0,-80,,,,
051315,0,0,0,-801,,,,
051317,0,0,0,122,,,,
051318,0,0,0,-110,,,,
051319,0,0,0,167,,,,
051322,0,0,0,447,,,,
051323,0,0,0,144,,,,
051324,0,0,0,242,,,,
051325,0,0,0,-79,,,,
051326,0,0,0,-66,,,,
051330,0,0,0,80,,,,
051331,0,0,0,-48,,,,
051333,0,0,0,3,,,,
051334,0,0,0,298,,,,
051335,0,0,0,60,,,,
051336,0,0,0,-7,,,,
051337,0,0,0,142,,,,
051339,0,0,0,0,,,,
051343,0,0,0,18,,,,
051346,0,0,0,-574,,,,
051349,0,0,0,-125,,,,
051354,0,0,0,-25,,,,
051355,0,0,0,-32,,,,
051356,0,0,0,33,,,,
051357,0,0,0,122,,,,
051358,0,0,0,15,,,,
051359,0,0,0,23,,,,
051360,0,0,0,-827,,,,
051361,0,0,0,-6,,,,
051363,0,0,0,4,,,,
051364,0,0,0,10,,,,
051365,0,0,0,12,,,,
051366,0,0,0,146,,,,
051367,0,0,0,4,,,,
051370,0,0,0,1,,,,
051371,0,0,0,4,,,,
051372,0,0,0,102,,,,
051374,0,0,0,-275,,,,
051376,0,0,0,82,,,,
051380,0,0,0,633,,,,
051382,0,0,0,-115,,,,
051383,0,0,0,1,,,,
051385,0,0,0,-10,,,,
051388,0,0,0,49,,,,
051391,0,0,0,-41,,,,
051393,0,0,0,-56,,,,
051394,0,0,0,31,,,,
051395,0,0,0,-190,,,,
051397,0,0,0,40,,,,
051398,0,0,0,0,,,,
051401,0,0,0,91,,,,
051402,0,0,0,-248,,,,
051403,0,0,0,10,,,,
051405,0,0,0,-15,,,,
051406,0,0,0,-81,,,,
051407,0,0,0,3,,,,
051412,0,0,0,-116,,,,
051416,0,0,0,-10,,,,
051418,0,0,0,-5,,,,
051422,0,0,0,3,,,,
051423,0,0,0,3,,,,
051424,0,0,0,5,,,,
051429,0,0,0,-40,,,,
051431,0,0,0,110,,,,
051432,0,0,0,196,,,,
051436,0,0,0,5,,,,
051438,0,0,0,40,,,,
051439,0,0,0,-12,,,,
05143U,0,0,0,10,,,,
051440,0,0,0,846,,,,
051441,0,0,0,17,,,,
051442,0,0,0,-1029,,,,
051443,0,0,0,-283,,,,
051445,0,0,0,-88,,,,
051447,0,0,0,3,,,,
051448,0,0,0,-20,,,,
051450,0,0,0,10,,,,
051451,0,0,0,-14,,,,
051452,0,0,0,-117,,,,
051454,0,0,0,960,,,,
051455,0,0,0,-20,,,,
051456,0,0,0,-19,,,,
05145U,0,0,0,21,,,,
051460,0,0,0,39,,,,
051461,0,0,0,65,,,,
051463,0,0,0,72,,,,
051467,0,0,0,-48,,,,
051469,0,0,0,-205,,,,
051471,0,0,0,345,,,,
051477,0,0,0,-89,,,,
051478,0,0,0,644,,,,
051479,0,0,0,100,,,,
051480,0,0,0,-171,,,,
051481,0,0,0,-13,,,,
051482,0,0,0,-213,,,,
051483,0,0,0,-119,,,,
051484,0,0,0,-271,,,,
051489,0,0,0,10,,,,
051491,0,0,0,72,,,,
051492,0,0,0,-250,,,,
051498,0,0,0,705,,,,
051500,0,0,0,-47,,,,
051501,0,0,0,605,,,,
051502,0,0,0,750,,,,
051503,0,0,0,129,,,,
051504,0,0,0,-124,,,,
051505,0,0,0,-117,,,,
051507,0,0,0,-781,,,,
051508,0,0,0,161,,,,
051509,0,0,0,-88,,,,
051510,0,0,0,594,,,,
051511,4,0,0,44,,,,
051512,0,0,0,40,,,,
051513,0,0,0,2,,,,
051514,0,0,0,-4,,,,
051516,0,0,0,-5,,,,
051519,0,0,0,-3,,,,
051520,0,0,0,-434,,,,
051521,0,0,0,-105,,,,
051523,0,0,0,3,,,,
051524,0,0,0,76,,,,
051525,0,0,0,-134,,,,
051526,0,0,0,266,,,,
051527,0,0,0,345,,,,
051528,0,0,0,0,,,,
051530,0,0,0,317,,,,
051531,0,0,0,-22,,,,
051532,0,0,0,49,,,,
051533,0,0,0,2,,,,
051535,0,0,0,4,,,,
051537,0,0,0,59,,,,
051538,0,0,0,-162,,,,
051539,0,0,0,-130,,,,
051541,0,0,0,509,,,,
051542,0,0,0,4,,,,
051543,0,0,0,11,,,,
051544,0,0,0,39,,,,
051545,0,0,0,-33,,,,
051547,0,0,0,2,,,,
051549,0,0,0,-30,,,,
051550,0,0,0,10,,,,
051552,0,0,0,-100,,,,
051553,0,0,0,14,,,,
051556,0,0,0,-6,,,,
051561,0,0,0,10,,,,
051562,0,0,0,1,,,,
051563,0,0,0,-4,,,,
051564,0,0,0,-11,,,,
051565,0,0,0,-5,,,,
051566,0,0,0,9,,,,
051569,0,0,0,148,,,,
051571,0,0,0,287,,,,
051574,0,0,0,-31,,,,
051575,0,0,0,9,,,,
051576,0,0,0,10,,,,
051577,0,0,0,6,,,,
051581,0,0,0,125,,,,
051583,0,0,0,-340,,,,
051584,0,0,0,-398,,,,
051585,0,0,0,-35,,,,
051586,0,0,0,-71,,,,
051588,0,0,0,9,,,,
051589,0,0,0,50,,,,
051592,0,0,0,-38,,,,
051600,0,0,0,425,,,,
051601,0,0,0,-468,,,,
051607,0,0,0,-1,,,,
051610,0,0,0,10,,,,
051618,0,0,0,1,,,,
051619,0,0,0,-476,,,,
051620,0,0,0,-148,,,,
051621,0,0,0,2,,,,
051623,0,0,0,6,,,,
051625,0,0,0,7,,,,
051626,0,0,0,9,,,,
051627,0,0,0,-23,,,,
051628,0,0,0,4,,,,
051629,0,0,0,0,,,,
051630,0,0,0,8,,,,
051633,0,0,0,-3,,,,
051634,0,0,0,6,,,,
051635,0,0,0,30,,,,
051636,0,0,0,131,,,,
051637,0,0,0,124,,,,
051638,0,0,0,14,,,,
051639,0,0,0,0,,,,
051643,0,0,0,-19,,,,
051645,0,0,0,-31,,,,
051646,0,0,0,-138,,,,
051647,0,0,0,0,,,,
051649,0,0,0,1,,,,
051650,0,0,0,109,,,,
051651,0,0,0,304,,,,
051652,0,0,0,8,,,,
051657,0,0,0,-42,,,,
051659,0,0,0,59,,,,
051660,0,0,0,60,,,,
051661,0,0,0,-201,,,,
051662,0,0,0,-334,,,,
051663,0,0,0,2,,,,
051666,0,0,0,2075,,,,
051668,0,0,0,18,,,,
051670,0,0,0,28,,,,
051671,0,0,0,940,,,,
051672,0,0,0,-20,,,,
051673,0,0,0,1059,,,,
051674,0,0,0,194,,,,
051675,0,0,0,-46,,,,
051676,0,0,0,37,,,,
051677,0,0,0,-92,,,,
051680,0,0,0,360,,,,
051681,0,0,0,292,,,,
051682,0,0,0,-165,,,,
051683,0,0,0,19,,,,
051685,0,0,0,1,,,,
051686,0,0,0,10,,,,
051687,0,0,0,-10,,,,
051688,0,0,0,199,,,,
051689,0,0,0,-586,,,,
051690,0,0,0,40,,,,
051691,0,0,0,312,,,,
051692,0,0,0,416,,,,
051694,0,0,0,231,,,,
051695,0,0,0,398,,,,
051696,0,0,0,67,,,,
051697,0,0,0,-69,,,,
051705,0,0,0,10,,,,
051708,0,0,0,-1,,,,
051709,0,0,0,-1590,,,,
051711,0,0,0,29,,,,
051712,0,0,0,-20,,,,
051715,0,0,0,133,,,,
051716,0,0,0,139,,,,
051717,0,0,0,-41,,,,
051719,0,0,0,-15,,,,
051720,0,0,0,-42,,,,
051721,0,0,0,-145,,,,
051723,0,0,0,-70,,,,
051725,0,0,0,12,,,,
051733,0,0,0,-1,,,,
051736,0,0,0,272,,,,
051737,0,0,0,1,,,,
051738,0,0,0,1,,,,
051739,0,0,0,-8,,,,
051740,0,0,0,20,,,,
051741,0,0,0,-26,,,,
051744,0,0,0,2,,,,
051749,0,0,0,55,,,,
051750,0,0,0,-10,,,,
051751,0,0,0,1,,,,
051754,0,0,0,5,,,,
051758,0,0,0,2,,,,
051759,0,0,0,75,,,,
051763,0,0,0,1,,,,
051764,0,0,0,2,,,,
051765,0,0,0,1,,,,
051767,0,0,0,-8,,,,
051769,0,0,0,10,,,,
051774,0,0,0,9,,,,
051778,0,0,0,-4,,,,
051779,0,0,0,0,,,,
051780,0,0,0,-6,,,,
051781,0,0,0,-28,,,,
051782,0,0,0,-74,,,,
051785,0,0,0,-15,,,,
051787,0,0,0,123,,,,
051790,0,0,0,24,,,,
051793,0,0,0,-491,,,,
051794,0,0,0,-231,,,,
051795,0,0,0,-10,,,,
051797,0,0,0,8,,,,
051798,0,0,0,1,,,,
051800,0,0,0,-3,,,,
051801,0,0,0,204,,,,
051804,0,0,0,-184,,,,
051805,0,0,0,424,,,,
051806,0,0,0,-32,,,,
051809,0,0,0,-272,,,,
051811,0,0,0,50,,,,
051812,0,0,0,202,,,,
051813,0,0,0,-22,,,,
051814,0,0,0,3,,,,
051817,0,0,0,-15,,,,
051818,0,0,0,20,,,,
051819,0,0,0,330,,,,
051824,0,0,0,-40,,,,
051830,0,0,0,188,,,,
051831,0,0,0,-48,,,,
051832,0,0,0,65,,,,
051833,0,0,0,-483,,,,
051834,0,0,0,992,,,,
051835,0,0,0,1,,,,
051836,0,0,0,-366,,,,
051838,0,0,0,28,,,,
051839,0,0,0,3,,,,
051840,0,0,0,90,,,,
051841,0,0,0,-5,,,,
051843,0,0,0,45,,,,
051844,0,0,0,-266,,,,
051845,0,0,0,-79,,,,
051846,0,0,0,10,,,,
051847,0,0,0,508,,,,
051848,0,0,0,32,,,,
051851,0,0,0,1,,,,
051852,0,0,0,291,,,,
051853,0,0,0,65,,,,
051854,0,0,0,-5,,,,
051857,0,0,0,190,,,,
051859,0,0,0,-1,,,,
051861,0,0,0,8,,,,
051864,0,0,0,1,,,,
051866,0,0,0,317,,,,
051870,0,0,0,19,,,,
051871,0,0,0,-20,,,,
051874,0,0,0,40,,,,
051876,0,0,0,82,,,,
051878,0,0,0,58,,,,
051879,0,0,0,16,,,,
051880,0,0,0,-33,,,,
051881,0,0,0,17,,,,
051883,0,0,0,-51,,,,
051885,0,0,0,109,,,,
051886,0,0,0,269,,,,
051887,0,0,0,-170,,,,
051891,0,0,0,50,,,,
051895,0,0,0,103,,,,
051898,0,0,0,-172,,,,
051899,0,0,0,-172,,,,
051900,0,0,0,-22,,,,
051903,0,0,0,-20,,,,
051904,0,0,0,6,,,,
051906,0,0,0,5,,,,
051907,0,0,0,10,,,,
051908,0,0,0,-29,,,,
051909,0,0,0,229,,,,
051910,0,0,0,-94,,,,
051911,0,0,0,35,,,,
051913,0,0,0,4,,,,
051914,0,0,0,12,,,,
051915,0,0,0,269,,,,
051916,0,0,0,-199,,,,
051917,0,0,0,-13,,,,
051918,0,0,0,-18,,,,
051919,0,0,0,30,,,,
051920,0,0,0,-70,,,,
051921,0,0,0,2,,,,
051922,0,0,0,-855,,,,
051924,0,0,0,-4,,,,
051925,0,0,0,-129,,,,
051927,0,0,0,1,,,,
051929,0,0,0,51,,,,
051931,0,0,0,-1,,,,
051938,0,0,0,46,,,,
051940,0,0,0,-36,,,,
051941,0,0,0,-62,,,,
051942,0,0,0,-45,,,,
051947,0,0,0,-316,,,,
051948,0,0,0,290,,,,
051950,0,0,0,-25,,,,
051952,0,0,0,1,,,,
051954,0,0,0,5,,,,
051955,0,0,0,-801,,,,
051956,0,0,0,-1495,,,,
051957,0,0,0,-215,,,,
051958,0,0,0,15,,,,
051959,0,0,0,54,,,,
051960,0,0,0,4,,,,
051963,0,0,0,-193,,,,
051968,0,0,0,171,,,,
051969,0,0,0,95,,,,
051970,0,0,0,-31,,,,
051971,0,0,0,99,,,,
051973,0,0,0,-135,,,,
051974,0,0,0,2,,,,
051975,-2,0,0,32,,,,
051978,0,0,0,493,,,,
051979,0,0,0,104,,,,
051980,0,0,0,-61,,,,
051981,0,0,0,12,,,,
051983,0,0,0,182,,,,
051984,0,0,0,53,,,,
051985,0,0,0,3,,,,
051989,0,0,0,-126,,,,
051990,0,0,0,12,,,,
051993,0,0,0,-20,,,,
051994,0,0,0,-75,,,,
051995,0,0,0,-37,,,,
051997,0,0,0,51,,,,
052000,0,0,0,2,,,,
052003,0,0,0,18,,,,
052006,0,0,0,13,,,,
052007,0,0,0,458,,,,
052008,0,0,0,-15,,,,
052009,0,0,0,15,,,,
052011,0,0,0,-10,,,,
052016,0,0,0,617,,,,
052017,0,0,0,5,,,,
052018,0,0,0,5,,,,
052019,0,0,0,30,,,,
052021,0,0,0,3,,,,
052022,0,0,0,1180,,,,
052023,0,0,0,443,,,,
052024,0,0,0,-84,,,,
052025,0,0,0,-244,,,,
052026,0,0,0,-36,,,,
052027,0,0,0,22,,,,
052028,0,0,0,-7,,,,
052029,0,0,0,115,,,,
052030,0,0,0,1120,,,,
052031,0,0,0,-236,,,,
052032,0,0,0,215,,,,
052033,0,0,0,1496,,,,
052034,0,0,0,0,,,,
052036,0,0,0,135,,,,
052037,0,0,0,-150,,,,
052038,0,0,0,-35,,,,
052039,0,0,0,5,,,,
052040,0,0,0,-10,,,,
052042,0,0,0,-800,,,,
052043,0,0,0,-57,,,,
052044,0,0,0,20,,,,
052045,0,0,0,4,,,,
052046,0,0,0,241,,,,
052047,0,0,0,3,,,,
052048,0,0,0,321,,,,
052049,-1,0,0,1,,,,
052050,0,0,0,-268,,,,
052051,0,0,0,-14,,,,
052052,0,0,0,-35,,,,
052053,0,0,0,456,,,,
052054,0,0,0,3,,,,
052055,0,0,0,16,,,,
052056,0,0,0,-16,,,,
052058,0,0,0,-36,,,,
052062,0,0,0,1,,,,
052063,0,0,0,-55,,,,
052067,0,0,0,105,,,,
052068,0,0,0,-24,,,,
052069,0,0,0,-78,,,,
052070,0,0,0,-54,,,,
052074,0,0,0,1,,,,
052075,0,0,0,-4,,,,
052076,0,0,0,-45,,,,
052079,0,0,0,64,,,,
052083,0,0,0,200,,,,
052084,0,0,0,-36,,,,
052086,0,0,0,-32,,,,
052087,0,0,0,13,,,,
052089,2,0,0,12,,,,
052090,0,0,0,357,,,,
052091,0,0,0,20,,,,
052092,0,0,0,-592,,,,
052094,0,0,0,130,,,,
052095,0,0,0,8,,,,
052098,0,0,0,36,,,,
052099,-3,0,0,-174,,,,
052100,0,0,0,-138,,,,
052103,0,0,0,-642,,,,
052104,0,0,0,-539,,,,
052105,0,0,0,33,,,,
052106,0,0,0,131,,,,
052109,0,0,0,682,,,,
052111,0,0,0,20,,,,
052112,0,0,0,0,,,,
052116,0,0,0,30,,,,
052119,0,0,0,390,,,,
052121,0,0,0,-3,,,,
052122,0,0,0,13,,,,
052125,0,0,0,10,,,,
052126,0,0,0,-66,,,,
052127,0,0,0,45,,,,
052128,0,0,0,25,,,,
052129,0,0,0,713,,,,
052130,0,0,0,-10,,,,
052131,0,0,0,-38,,,,
052132,0,0,0,58,,,,
052134,0,0,0,-780,,,,
052135,0,0,0,-1,,,,
052136,0,0,0,200,,,,
052137,0,0,0,486,,,,
052138,0,0,0,-94,,,,
052139,0,0,0,661,,,,
052140,0,0,0,-144,,,,
052141,0,0,0,461,,,,
052142,0,0,0,379,,,,
052143,0,0,0,1,,,,
052147,0,0,0,30,,,,
052149,0,0,0,0,,,,
052150,0,0,0,19,,,,
052153,0,0,0,2,,,,
052154,0,0,0,50,,,,
052155,0,0,0,30,,,,
052157,0,0,0,-148,,,,
052161,0,0,0,-46,,,,
052163,0,0,0,-268,,,,
052165,0,0,0,0,,,,
052166,0,0,0,-20,,,,
052168,0,0,0,3,,,,
052169,0,0,0,-627,,,,
052170,0,0,0,-1015,,,,
052171,0,0,0,26,,,,
052175,0,0,0,43,,,,
052176,0,0,0,9,,,,
052177,0,0,0,-4,,,,
052178,0,0,0,10,,,,
052179,0,0,0,16,,,,
052180,0,0,0,12,,,,
052181,0,0,0,-112,,,,
052182,0,0,0,-5,,,,
052184,0,0,0,-20,,,,
052185,0,0,0,-7,,,,
052186,0,0,0,-69,,,,
052187,0,0,0,-137,,,,
052188,0,0,0,-39,,,,
052189,0,0,0,82,,,,
052190,0,0,0,654,,,,
052191,0,0,0,67,,,,
052192,0,0,0,-147,,,,
052193,0,0,0,6,,,,
052195,0,0,0,50,,,,
052196,0,0,0,-15,,,,
052197,0,0,0,35,,,,
052198,0,0,0,-270,,,,
052199,0,0,0,-452,,,,
052201,0,0,0,23,,,,
052202,0,0,0,-14,,,,
052203,0,0,0,179,,,,
052204,0,0,0,115,,,,
052205,0,0,0,126,,,,
052206,0,0,0,-7,,,,
052207,0,0,0,-124,,,,
052208,0,0,0,50,,,,
052209,0,0,0,30,,,,
052210,0,0,0,456,,,,
052211,0,0,0,-10,,,,
052212,0,0,0,-49,,,,
052214,0,0,0,-22,,,,
052215,0,0,0,-267,,,,
052216,0,0,0,-7,,,,
052217,0,0,0,-55,,,,
052218,0,0,0,-698,,,,
052219,0,0,0,58,,,,
052220,0,0,0,285,,,,
052221,0,0,0,-3,,,,
052227,0,0,0,-2,,,,
052228,0,0,0,-60,,,,
052230,0,0,0,97,,,,
052231,0,0,0,218,,,,
052233,0,0,0,110,,,,
052234,0,0,0,-36,,,,
052235,0,0,0,-10,,,,
052238,0,0,0,9,,,,
052240,0,0,0,-273,,,,
052241,0,0,0,916,,,,
052243,0,0,0,-9,,,,
052244,0,0,0,1,,,,
052247,0,0,0,103,,,,
052248,0,0,0,-20,,,,
052251,0,0,0,100,,,,
052252,0,0,0,-30,,,,
052258,0,0,0,60,,,,
052261,0,0,0,60,,,,
052262,0,0,0,-30,,,,
052263,0,0,0,19,,,,
052264,0,0,0,-75,,,,
052266,0,0,0,-42,,,,
052267,0,0,0,-204,,,,
052268,0,0,0,-27,,,,
052271,0,0,0,-4,,,,
052272,0,0,0,903,,,,
052273,0,0,0,-789,,,,
052274,0,0,0,-21,,,,
052275,0,0,0,-221,,,,
052276,0,0,0,2,,,,
052277,0,0,0,-2,,,,
052278,0,0,0,5,,,,
052279,0,0,0,300,,,,
052281,0,0,0,47,,,,
052282,0,0,0,-69,,,,
052283,0,0,0,-1,,,,
052287,0,0,0,-53,,,,
052288,0,0,0,-14,,,,
052289,0,0,0,0,,,,
052292,0,0,0,-325,,,,
052294,0,0,0,60,,,,
052297,0,0,0,-10,,,,
052302,0,0,0,-21,,,,
052303,0,0,0,-10,,,,
052304,0,0,0,-312,,,,
052305,0,0,0,-36,,,,
052306,0,0,0,24,,,,
052309,0,0,0,312,,,,
052312,0,0,0,66,,,,
052313,0,0,0,20,,,,
052314,0,0,0,80,,,,
052317,0,0,0,145,,,,
05231U,0,0,0,-107,,,,
052320,0,0,0,-84,,,,
052323,0,0,0,50,,,,
052325,0,0,0,531,,,,
052327,0,0,0,2,,,,
052330,0,0,0,10,,,,
052331,0,0,0,-308,,,,
052334,0,0,0,-21,,,,
052335,0,0,0,2,,,,
052336,0,0,0,91,,,,
052341,0,0,0,5,,,,
052342,0,0,0,-5,,,,
052351,0,0,0,73,,,,
052352,0,0,0,-130,,,,
052354,0,0,0,-8,,,,
052355,0,0,0,144,,,,
052357,0,0,0,-1145,,,,
052358,0,0,0,52,,,,
052359,0,0,0,3,,,,
052360,0,0,0,2,,,,
052366,0,0,0,875,,,,
052368,0,0,0,30,,,,
052369,0,0,0,254,,,,
052371,0,0,0,213,,,,
052378,0,0,0,1836,,,,
052379,-70,0,0,82,,,,
052381,0,0,0,1,,,,
052382,0,0,0,73,,,,
052383,0,0,0,2805,,,,
052384,0,0,0,-179,,,,
052385,0,0,0,153,,,,
052386,0,0,0,1,,,,
052387,0,0,0,-1627,,,,
052388,0,0,0,19,,,,
052390,0,0,0,89,,,,
052391,0,0,0,4,,,,
052392,0,0,0,92,,,,
052394,0,0,0,1,,,,
052395,0,0,0,-61,,,,
052396,0,0,0,4,,,,
052401,0,0,0,546,,,,
052403,0,0,0,45,,,,
052404,0,0,0,-268,,,,
052405,0,0,0,619,,,,
052406,0,0,0,106,,,,
052410,0,0,0,1,,,,
052411,0,0,0,6,,,,
052412,0,0,0,200,,,,
052414,0,0,0,4,,,,
052415,0,0,0,-3,,,,
052416,0,0,0,308,,,,
052417,0,0,0,3,,,,
052418,0,0,0,-100,,,,
052419,0,0,0,-2066,,,,
052420,0,0,0,7,,,,
052422,0,0,0,3,,,,
052424,0,0,0,2,,,,
052425,0,0,0,14,,,,
052429,0,0,0,11,,,,
052431,0,0,0,-5,,,,
052433,0,0,0,-46,,,,
052434,0,0,0,11,,,,
052437,0,0,0,38,,,,
052438,0,0,0,31,,,,
052439,0,0,0,3,,,,
052444,0,0,0,1,,,,
052445,0,0,0,-20,,,,
052446,0,0,0,-171,,,,
052449,0,0,0,3,,,,
052455,0,0,0,-18,,,,
052456,0,0,0,-10,,,,
052457,0,0,0,100,,,,
052460,0,0,0,14,,,,
052464,0,0,0,-10,,,,
052465,0,0,0,1,,,,
052466,0,0,0,5,,,,
052468,0,0,0,-8,,,,
052470,0,0,0,-47,,,,
052471,0,0,0,-56,,,,
052474,0,0,0,-5,,,,
052476,0,0,0,-105,,,,
052478,0,0,0,-50,,,,
052479,0,0,0,-350,,,,
052480,0,0,0,10,,,,
052481,0,0,0,2,,,,
052483,0,0,0,-140,,,,
052484,0,0,0,18,,,,
052485,0,0,0,-31,,,,
052486,0,0,0,-95,,,,
052489,0,0,0,-57,,,,
052490,0,0,0,-45,,,,
052492,0,0,0,6,,,,
052496,0,0,0,-2,,,,
052497,0,0,0,-10,,,,
052499,0,0,0,-20,,,,
052500,0,0,0,-105,,,,
052503,0,0,0,-10,,,,
052507,0,0,0,-5,,,,
052510,0,0,0,-142,,,,
052511,0,0,0,-183,,,,
052521,0,0,0,-288,,,,
052522,0,0,0,11,,,,
052525,0,0,0,226,,,,
052526,0,0,0,8,,,,
052527,0,0,0,72,,,,
052528,0,0,0,-29,,,,
052529,0,0,0,0,,,,
052535,0,0,0,30,,,,
052536,0,0,0,180,,,,
052537,0,0,0,6,,,,
052538,0,0,0,35,,,,
052544,0,0,0,-4,,,,
052548,0,0,0,166,,,,
052549,0,0,0,-695,,,,
052550,0,0,0,-103,,,,
052551,0,0,0,43,,,,
052552,0,0,0,36,,,,
052555,0,0,0,-26,,,,
052556,0,0,0,-432,,,,
052558,0,0,0,-268,,,,
052559,0,0,0,-37,,,,
052560,0,0,0,242,,,,
052561,0,0,0,32,,,,
052562,0,0,0,1152,,,,
052568,0,0,0,-15,,,,
052574,0,0,0,-115,,,,
052576,0,0,0,-7,,,,
052579,0,0,0,5,,,,
052581,0,0,0,1,,,,
052588,0,0,0,-20,,,,
052589,0,0,0,-499,,,,
052590,0,0,0,145,,,,
052591,0,0,0,32,,,,
052592,0,0,0,53,,,,
052594,0,0,0,20,,,,
052596,0,0,0,-109,,,,
052597,0,0,0,2,,,,
052599,0,0,0,300,,,,
052604,0,0,0,14,,,,
052605,0,0,0,10,,,,
052613,0,0,0,10,,,,
052614,0,0,0,10,,,,
052615,0,0,0,-1,,,,
052616,0,0,0,14,,,,
05261U,0,0,0,6,,,,
052622,0,0,0,0,,,,
052626,0,0,0,1442,,,,
052638,0,0,0,0,,,,
052639,0,0,0,-1,,,,
052640,0,0,0,233,,,,
052641,0,0,0,85,,,,
052642,0,0,0,313,,,,
052643,0,0,0,-9,,,,
052645,0,0,0,0,,,,
052646,0,0,0,2,,,,
052647,0,0,0,-14,,,,
052649,0,0,0,-69,,,,
052651,0,0,0,24,,,,
052652,0,0,0,4,,,,
052653,0,0,0,100,,,,
052654,0,0,0,-12,,,,
052655,0,0,0,-27,,,,
052656,0,0,0,304,,,,
052657,0,0,0,143,,,,
052658,0,0,0,92,,,,
052659,0,0,0,28,,,,
052662,0,0,0,19,,,,
052664,0,0,0,-7,,,,
052665,0,0,0,4,,,,
052666,0,0,0,-373,,,,
052667,0,0,0,-28,,,,
052670,0,0,0,34,,,,
052673,0,0,0,-3,,,,
052674,0,0,0,245,,,,
052675,0,0,0,29,,,,
052677,0,0,0,57,,,,
052678,0,0,0,102,,,,
052679,0,0,0,137,,,,
052680,0,0,0,42,,,,
052681,0,0,0,-4,,,,
052682,0,0,0,-125,,,,
052683,0,0,0,52,,,,
052684,0,0,0,-6,,,,
052685,0,0,0,-100,,,,
052686,0,0,0,39,,,,
052687,0,0,0,-151,,,,
052688,0,0,0,-54,,,,
052689,0,0,0,290,,,,
052691,0,0,0,-251,,,,
052692,0,0,0,-152,,,,
052693,0,0,0,0,,,,
052694,0,0,0,53,,,,
052695,0,0,0,-139,,,,
052697,0,0,0,-2,,,,
052698,0,0,0,4,,,,
052706,0,0,0,6,,,,
052707,0,0,0,-367,,,,
052708,0,0,0,104,,,,
052711,0,0,0,-99,,,,
052712,0,0,0,-132,,,,
052714,0,0,0,-167,,,,
052716,0,0,0,-10,,,,
052719,0,0,0,-627,,,,
052723,0,0,0,44,,,,
052740,0,0,0,255,,,,
052741,0,0,0,-50,,,,
052747,0,0,0,184,,,,
052751,0,0,0,285,,,,
052752,0,0,0,9,,,,
052753,0,0,0,2,,,,
052754,0,0,0,67,,,,
052755,0,0,0,13,,,,
052757,0,0,0,118,,,,
052763,0,0,0,-23,,,,
052764,0,0,0,2,,,,
052768,0,0,0,-1,,,,
052771,0,0,0,482,,,,
052772,0,0,0,53,,,,
052774,0,0,0,-11,,,,
052775,0,0,0,61,,,,
052777,0,0,0,1,,,,
052779,0,0,0,3,,,,
052781,0,0,0,121,,,,
052782,0,0,0,-21,,,,
052783,0,0,0,-434,,,,
052786,0,0,0,-29,,,,
052787,0,0,0,11,,,,
052788,0,0,0,-27,,,,
052789,0,0,0,-5,,,,
052791,0,0,0,6,,,,
052792,0,0,0,991,,,,
052794,0,0,0,32,,,,
052795,0,0,0,169,,,,
052796,0,0,0,-10,,,,
052797,0,0,0,22,,,,
052798,0,0,0,10,,,,
052799,0,0,0,148,,,,
052800,0,0,0,302,,,,
052801,0,0,0,-112,,,,
052802,0,0,0,10,,,,
052803,0,0,0,13,,,,
052804,0,0,0,192,,,,
052806,0,0,0,-20,,,,
052809,0,0,0,-238,,,,
052810,0,0,0,-18,,,,
052811,0,0,0,-66,,,,
052813,0,0,0,50,,,,
052819,0,0,0,-80,,,,
052821,0,0,0,-7,,,,
052822,0,0,0,21,,,,
052825,0,0,0,10,,,,
052826,0,0,0,101,,,,
052827,0,0,0,-1,,,,
052828,0,0,0,55,,,,
052830,0,0,0,-5,,,,
052831,0,0,0,5,,,,
052832,0,0,0,38,,,,
052833,0,0,0,5,,,,
052834,0,0,0,-5,,,,
052835,0,0,0,75,,,,
052836,0,0,0,51,,,,
052837,0,0,0,1,,,,
052838,0,0,0,-20,,,,
052839,0,0,0,1171,,,,
052840,0,0,0,0,,,,
052841,0,0,0,-10,,,,
052842,0,0,0,-50,,,,
052845,0,0,0,176,,,,
052846,0,0,0,0,,,,
052848,0,0,0,555,,,,
052850,0,0,0,55,,,,
052855,0,0,0,-236,,,,
052856,0,0,0,-29,,,,
052858,0,0,0,12,,,,
052859,0,0,0,5,,,,
052860,0,0,0,158,,,,
052861,0,0,0,-58,,,,
052863,0,0,0,67,,,,
052866,0,0,0,2,,,,
052867,0,0,0,205,,,,
052868,0,0,0,29,,,,
052869,0,0,0,240,,,,
052871,0,0,0,-7,,,,
052874,0,0,0,181,,,,
052875,0,0,0,-270,,,,
052877,0,0,0,72,,,,
052878,0,0,0,15,,,,
052879,0,0,0,54,,,,
052880,0,0,0,-10,,,,
052881,0,0,0,246,,,,
052884,0,0,0,-4,,,,
052885,0,0,0,494,,,,
052886,0,0,0,-168,,,,
052887,0,0,0,186,,,,
052889,0,0,0,50,,,,
052893,0,0,0,0,,,,
052894,0,0,0,-38,,,,
052895,0,0,0,-8,,,,
052896,0,0,0,-649,,,,
052899,0,0,0,5,,,,
052901,0,0,0,1,,,,
052902,0,0,0,-416,,,,
052905,0,0,0,1,,,,
052909,0,0,0,-1,,,,
052910,0,0,0,-10,,,,
052912,0,0,0,24,,,,
052921,0,0,0,-2,,,,
052924,0,0,0,-128,,,,
052926,0,0,0,46,,,,
052927,0,0,0,10,,,,
052929,0,0,0,-323,,,,
052930,0,0,0,-35,,,,
052932,0,0,0,-13,,,,
052935,0,0,0,-21,,,,
052936,0,0,0,31,,,,
052937,0,0,0,1,,,,
052938,0,0,0,48,,,,
052941,0,0,0,-4,,,,
052942,0,0,0,326,,,,
052943,0,0,0,38,,,,
052944,0,0,0,-18,,,,
052945,0,0,0,54,,,,
052946,0,0,0,102,,,,
052949,0,0,0,-20,,,,
052950,0,0,0,81,,,,
052951,0,0,0,-51,,,,
052952,0,0,0,-7,,,,
052953,0,0,0,-36,,,,
052957,0,0,0,3,,,,
052958,0,0,0,-125,,,,
052959,0,0,0,-1256,,,,
052960,0,0,0,-183,,,,
052961,0,0,0,19,,,,
052966,0,0,0,30,,,,
052968,0,0,0,81,,,,
052969,0,0,0,273,,,,
052970,0,0,0,-247,,,,
052971,0,0,0,-132,,,,
052972,0,0,0,11,,,,
052973,0,0,0,-500,,,,
052974,0,0,0,-9,,,,
052975,0,0,0,-35,,,,
052978,0,0,0,-10,,,,
052980,0,0,0,-81,,,,
052981,0,0,0,-24,,,,
052982,0,0,0,860,,,,
052983,0,0,0,271,,,,
052985,0,0,0,20,,,,
052986,0,0,0,-7,,,,
052987,0,0,0,25,,,,
052989,0,0,0,-274,,,,
052997,0,0,0,10,,,,
052999,0,0,0,-92,,,,
053000,0,0,0,143,,,,
053002,0,0,0,1,,,,
053004,0,0,0,-42,,,,
053005,0,0,0,-52,,,,
053007,0,0,0,-19,,,,
053014,0,0,0,-395,,,,
053015,0,0,0,179,,,,
053018,0,0,0,-16,,,,
053019,0,0,0,63,,,,
053020,0,0,0,151,,,,
053021,0,0,0,-19,,,,
053023,0,0,0,-200,,,,
053025,0,0,0,-4,,,,
053026,0,0,0,676,,,,
053027,0,0,0,-17,,,,
053029,0,0,0,2,,,,
053030,0,0,0,-202,,,,
053031,0,0,0,-260,,,,
053032,0,0,0,265,,,,
053033,0,0,0,2463,,,,
053034,0,0,0,800,,,,
053036,0,0,0,2,,,,
053037,0,0,0,2,,,,
053038,0,0,0,-59,,,,
053039,0,0,0,1078,,,,
053041,0,0,0,-21,,,,
053042,0,0,0,224,,,,
053046,0,0,0,150,,,,
053047,0,0,0,62,,,,
053048,0,0,0,0,,,,
053051,0,0,0,-8,,,,
053053,0,0,0,-5,,,,
053054,0,0,0,10,,,,
053056,0,0,0,-31,,,,
053060,0,0,0,-2,,,,
053061,0,0,0,51,,,,
053062,0,0,0,52,,,,
053063,0,0,0,-9,,,,
053067,0,0,0,5,,,,
053070,0,0,0,10,,,,
053071,0,0,0,199,,,,
053078,0,0,0,-8,,,,
053084,0,0,0,1,,,,
053085,0,0,0,49,,,,
053086,0,0,0,97,,,,
053088,0,0,0,-275,,,,
053090,0,0,0,-79,,,,
053091,0,0,0,17,,,,
053092,0,0,0,296,,,,
053093,0,0,0,-1130,,,,
053094,0,0,0,241,,,,
053096,0,0,0,-275,,,,
053097,0,0,0,42,,,,
053099,0,0,0,-55,,,,
053100,0,0,0,60,,,,
053101,0,0,0,75,,,,
053102,0,0,0,53,,,,
053104,0,0,0,-41,,,,
053105,0,0,0,1,,,,
053111,0,0,0,2,,,,
053112,0,0,0,0,,,,
053113,0,0,0,-230,,,,
053114,0,0,0,-210,,,,
053116,0,0,0,20,,,,
053117,0,0,0,-15,,,,
053118,0,0,0,-11,,,,
053119,0,0,0,-29,,,,
053121,0,0,0,299,,,,
053124,0,0,0,-20,,,,
053125,0,0,0,-18,,,,
053127,0,0,0,5,,,,
053128,0,0,0,-104,,,,
053132,0,0,0,58,,,,
053137,0,0,0,4,,,,
053142,0,0,0,-30,,,,
053143,0,0,0,-120,,,,
053145,0,0,0,30,,,,
053148,0,0,0,-60,,,,
053149,0,0,0,2,,,,
053152,0,0,0,11,,,,
053153,0,0,0,26,,,,
053154,0,0,0,-18,,,,
053158,0,0,0,-2,,,,
053159,0,0,0,35,,,,
053160,0,0,0,130,,,,
053161,0,0,0,-9,,,,
053163,0,0,0,-8,,,,
053164,0,0,0,30,,,,
053165,0,0,0,-4,,,,
053166,0,0,0,425,,,,
053171,0,0,0,-2,,,,
053177,0,0,0,-1,,,,
053180,0,0,0,-10,,,,
053181,0,0,0,172,,,,
053182,0,0,0,-36,,,,
053184,0,0,0,-4,,,,
053186,0,0,0,10,,,,
053188,0,0,0,-110,,,,
053191,0,0,0,-7,,,,
053192,0,0,0,52,,,,
053195,0,0,0,-205,,,,
053197,0,0,0,9,,,,
053198,0,0,0,3,,,,
053201,0,0,0,396,,,,
053202,0,0,0,167,,,,
053205,0,0,0,-39,,,,
053206,0,0,0,-13,,,,
053207,0,0,0,487,,,,
053211,0,0,0,-82,,,,
053214,0,0,0,-4,,,,
053216,0,0,0,-20,,,,
053219,0,0,0,69,,,,
053220,3,0,0,220,,,,
053221,0,0,0,11,,,,
053223,0,0,0,-79,,,,
053224,0,0,0,1,,,,
053225,0,0,0,-34,,,,
053226,0,0,0,514,,,,
053227,0,0,0,-30,,,,
053228,0,0,0,2,,,,
053236,0,0,0,351,,,,
053237,0,0,0,-66,,,,
053239,0,0,0,-87,,,,
053240,0,0,0,5,,,,
053241,0,0,0,324,,,,
053242,0,0,0,59,,,,
053244,0,0,0,1,,,,
053245,0,0,0,0,,,,
053247,0,0,0,105,,,,
053250,0,0,0,0,,,,
053253,0,0,0,80,,,,
053258,0,0,0,652,,,,
053259,0,0,0,103,,,,
053260,0,0,0,-54,,,,
053261,0,0,0,494,,,,
053262,0,0,0,-242,,,,
053263,0,0,0,-20,,,,
053264,0,0,0,-160,,,,
053265,0,0,0,-13,,,,
053266,0,0,0,203,,,,
053267,0,0,0,-425,,,,
053268,0,0,0,40,,,,
053269,0,0,0,-102,,,,
053270,0,0,0,-11,,,,
053275,0,0,0,-68,,,,
053279,0,0,0,1194,,,,
053280,0,0,0,-3,,,,
053282,0,0,0,521,,,,
053283,0,0,0,-18,,,,
053284,0,0,0,-289,,,,
053285,0,0,0,-20,,,,
053286,0,0,0,30,,,,
053289,0,0,0,-10,,,,
053295,0,0,0,-11,,,,
053296,0,0,0,-172,,,,
053297,0,0,0,-54,,,,
053298,0,0,0,20,,,,
053302,0,0,0,-58,,,,
053303,0,0,0,20,,,,
053304,0,0,0,-193,,,,
053305,0,0,0,54,,,,
053306,0,0,0,41,,,,
053309,0,0,0,8,,,,
053311,0,0,0,60,,,,
053313,0,0,0,-32,,,,
053314,0,0,0,10,,,,
053317,0,0,0,-56,,,,
053323,0,0,0,12,,,,
053324,0,0,0,-20,,,,
053327,0,0,0,5,,,,
053332,0,0,0,20,,,,
053333,0,0,0,35,,,,
053334,0,0,0,115,,,,
053335,0,0,0,206,,,,
053336,0,0,0,12,,,,
053338,0,0,0,20,,,,
053340,0,0,0,-100,,,,
053341,0,0,0,6,,,,
053342,0,0,0,45,,,,
053346,0,0,0,1,,,,
053349,0,0,0,10,,,,
053350,0,0,0,-2,,,,
053351,0,0,0,-22,,,,
053353,0,0,0,22,,,,
053354,0,0,0,677,,,,
053356,0,0,0,-9,,,,
053358,0,0,0,10,,,,
053359,0,0,0,-39,,,,
053360,0,0,0,-200,,,,
053361,0,0,0,-430,,,,
053362,0,0,0,19,,,,
053363,0,0,0,121,,,,
053364,0,0,0,80,,,,
053367,0,0,0,-22,,,,
053371,0,0,0,193,,,,
053372,0,0,0,20,,,,
053374,0,0,0,-3,,,,
053375,0,0,0,-100,,,,
053376,0,0,0,-390,,,,
053377,0,0,0,393,,,,
053379,0,0,0,62,,,,
053380,0,0,0,61,,,,
053382,0,0,0,-70,,,,
053383,0,0,0,293,,,,
053384,0,0,0,-147,,,,
053386,0,0,0,-10,,,,
053387,0,0,0,-336,,,,
053388,0,0,0,100,,,,
053389,0,0,0,8,,,,
053390,0,0,0,-114,,,,
053391,0,0,0,-1101,,,,
053392,0,0,0,-189,,,,
053393,0,0,0,-97,,,,
053395,0,0,0,32,,,,
053397,0,0,0,-100,,,,
053400,0,0,0,-16,,,,
053402,0,0,0,-198,,,,
053403,0,0,0,-85,,,,
053404,0,0,0,346,,,,
053407,0,0,0,81,,,,
053408,0,0,0,6,,,,
053412,0,0,0,-146,,,,
053413,0,0,0,32,,,,
053414,0,0,0,-175,,,,
053416,0,0,0,172,,,,
053419,0,0,0,380,,,,
053420,0,0,0,-13,,,,
053422,0,0,0,4,,,,
053424,0,0,0,168,,,,
053427,0,0,0,9,,,,
053429,0,0,0,14,,,,
053432,0,0,0,-259,,,,
053434,0,0,0,5,,,,
053435,0,0,0,54,,,,
053436,0,0,0,-323,,,,
053437,0,0,0,65,,,,
053438,0,0,0,374,,,,
053439,0,0,0,125,,,,
053442,0,0,0,153,,,,
053443,0,0,0,432,,,,
053444,0,0,0,25,,,,
053445,0,0,0,58,,,,
053447,0,0,0,6,,,,
053448,0,0,0,1,,,,
053449,0,0,0,647,,,,
053450,0,0,0,-110,,,,
053451,0,0,0,1,,,,
053452,0,0,0,6,,,,
053453,0,0,0,127,,,,
053454,0,0,0,-89,,,,
053455,0,0,0,-455,,,,
053456,0,0,0,628,,,,
053457,0,0,0,-110,,,,
053458,0,0,0,121,,,,
053459,0,0,0,5,,,,
053460,0,0,0,210,,,,
053464,0,0,0,5,,,,
053468,0,0,0,149,,,,
053469,0,0,0,5,,,,
053474,0,0,0,20,,,,
053475,0,0,0,270,,,,
053476,0,0,0,87,,,,
053477,0,0,0,82,,,,
053483,0,0,0,47,,,,
053484,0,0,0,-4,,,,
053485,0,0,0,-6,,,,
053486,0,0,0,6,,,,
053487,0,0,0,-3,,,,
053488,0,0,0,-1,,,,
053489,0,0,0,-20,,,,
053490,0,0,0,46,,,,
053492,0,0,0,11,,,,
053495,0,0,0,10,,,,
053496,0,0,0,-47,,,,
053497,0,0,0,65,,,,
053498,0,0,0,-40,,,,
053499,0,0,0,86,,,,
053502,0,0,0,20,,,,
053503,0,0,0,20,,,,
053504,0,0,0,-518,,,,
053505,0,0,0,-18,,,,
053506,0,0,0,-424,,,,
053507,0,0,0,80,,,,
053508,0,0,0,-3,,,,
053510,0,0,0,225,,,,
053511,0,0,0,48,,,,
053512,0,0,0,315,,,,
053514,0,0,0,519,,,,
053515,0,0,0,623,,,,
053516,0,0,0,106,,,,
053517,0,0,0,17,,,,
053518,0,0,0,180,,,,
053521,0,0,0,-171,,,,
053522,0,0,0,35,,,,
053523,0,0,0,120,,,,
053524,0,0,0,-1297,,,,
053525,0,0,0,345,,,,
053528,0,0,0,-22,,,,
053529,0,0,0,108,,,,
053530,0,0,0,604,,,,
053531,0,0,0,84,,,,
053532,0,0,0,-18,,,,
053533,0,0,0,-60,,,,
053534,0,0,0,-418,,,,
053539,0,0,0,354,,,,
053544,0,0,0,-332,,,,
053546,0,0,0,6,,,,
053547,0,0,0,-13,,,,
053548,0,0,0,0,,,,
053549,0,0,0,-92,,,,
053553,0,0,0,402,,,,
053554,0,0,0,-16,,,,
053555,0,0,0,10,,,,
053556,0,0,0,-377,,,,
053557,0,0,0,-251,,,,
053559,0,0,0,4,,,,
053561,0,0,0,2,,,,
053562,0,0,0,83,,,,
053563,0,0,0,0,,,,
053569,0,0,0,-1,,,,
053570,0,0,0,-5,,,,
053573,0,0,0,7,,,,
053574,0,0,0,-20,,,,
053576,0,0,0,-548,,,,
053577,0,0,0,-301,,,,
053578,0,0,0,289,,,,
053579,0,0,0,718,,,,
053580,0,0,0,175,,,,
053581,0,0,0,949,,,,
053582,0,0,0,-90,,,,
053583,0,0,0,83,,,,
053585,0,0,0,-35,,,,
053586,0,0,0,-509,,,,
053587,0,0,0,193,,,,
053588,0,0,0,-653,,,,
053589,0,0,0,52,,,,
053591,0,0,0,110,,,,
053592,0,0,0,82,,,,
053594,0,0,0,144,,,,
053595,0,0,0,1518,,,,
053597,0,0,0,-261,,,,
053599,0,0,0,71,,,,
053600,0,0,0,3,,,,
053602,0,0,0,-297,,,,
053606,0,0,0,191,,,,
053607,0,0,0,472,,,,
053608,0,0,0,-2,,,,
053609,0,0,0,19,,,,
053611,0,0,0,1,,,,
053612,0,0,0,386,,,,
053614,0,0,0,-15,,,,
053619,0,0,0,109,,,,
053620,0,0,0,-5,,,,
053621,0,0,0,0,,,,
053626,0,0,0,-125,,,,
053627,0,0,0,-147,,,,
053628,0,0,0,-36,,,,
053629,0,0,0,-262,,,,
053630,0,0,0,-20,,,,
053633,0,0,0,306,,,,
053634,0,0,0,-188,,,,
053636,0,0,0,-468,,,,
053639,0,0,0,16,,,,
053640,0,0,0,-10,,,,
053641,0,0,0,-120,,,,
053642,0,0,0,-10,,,,
053643,0,0,0,-48,,,,
053644,0,0,0,265,,,,
053645,0,0,0,106,,,,
053646,0,0,0,7,,,,
053649,0,0,0,5,,,,
053650,0,0,0,-13,,,,
053652,0,0,0,196,,,,
053653,0,0,0,382,,,,
053655,0,0,0,-2,,,,
053656,0,0,0,-85,,,,
053657,0,0,0,-289,,,,
053658,0,0,0,-42,,,,
053659,0,0,0,277,,,,
053660,0,0,0,27,,,,
053661,0,0,0,-53,,,,
053666,0,0,0,-24,,,,
053667,0,0,0,68,,,,
053668,0,0,0,794,,,,
053669,0,0,0,325,,,,
053670,0,0,0,68,,,,
053672,0,0,0,-5,,,,
053673,0,0,0,2,,,,
053674,0,0,0,298,,,,
053675,0,0,0,669,,,,
053678,0,0,0,5,,,,
053680,0,0,0,90,,,,
053682,0,0,0,-50,,,,
053683,0,0,0,-290,,,,
053684,0,0,0,-90,,,,
053685,0,0,0,-333,,,,
053686,0,0,0,505,,,,
053687,0,0,0,43,,,,
053689,0,0,0,-23,,,,
053690,0,0,0,271,,,,
053691,0,0,0,-146,,,,
053692,0,0,0,28,,,,
053693,0,0,0,113,,,,
053694,0,0,0,-53,,,,
053695,0,0,0,31,,,,
053697,0,0,0,-538,,,,
053698,0,0,0,10,,,,
053700,0,0,0,-59,,,,
053701,0,0,0,14,,,,
053704,0,0,0,50,,,,
053705,0,0,0,0,,,,
053706,0,0,0,-309,,,,
053707,0,0,0,-163,,,,
053708,0,0,0,396,,,,
053709,0,0,0,60,,,,
053711,0,0,0,-1,,,,
053715,0,0,0,10,,,,
053717,0,0,0,121,,,,
053720,0,0,0,-40,,,,
053721,0,0,0,-5,,,,
053723,0,0,0,0,,,,
053726,0,0,0,95,,,,
053727,0,0,0,10,,,,
053728,0,0,0,-10,,,,
053732,0,0,0,-50,,,,
053743,0,0,0,127,,,,
053746,0,0,0,25,,,,
053747,0,0,0,0,,,,
053748,0,0,0,-92,,,,
053749,0,0,0,-219,,,,
053753,0,0,0,45,,,,
053754,0,0,0,6,,,,
053757,0,0,0,10,,,,
053758,0,0,0,40,,,,
053760,0,0,0,1,,,,
053761,0,0,0,25,,,,
053763,0,0,0,261,,,,
053766,0,0,0,-160,,,,
053767,0,0,0,-300,,,,
053769,0,0,0,-10,,,,
053770,0,0,0,-4,,,,
053771,0,0,0,-24,,,,
053772,0,0,0,-6,,,,
053773,0,0,0,59,,,,
053774,0,0,0,16,,,,
053777,0,0,0,-130,,,,
053778,0,0,0,240,,,,
053779,0,0,0,2460,,,,
053781,0,0,0,-466,,,,
053783,0,0,0,-26,,,,
053784,0,0,0,-2436,,,,
053786,0,0,0,0,,,,
053787,0,0,0,-758,,,,
053792,0,0,0,262,,,,
053793,0,0,0,254,,,,
053795,0,0,0,403,,,,
053796,0,0,0,28,,,,
053797,0,0,0,-260,,,,
053798,0,0,0,-16,,,,
053799,0,0,0,-22,,,,
053800,0,0,0,453,,,,
053801,0,0,0,58,,,,
053802,0,0,0,29,,,,
053803,0,0,0,-30,,,,
053807,0,0,0,5,,,,
053808,0,0,0,11,,,,
053811,0,0,0,14,,,,
053812,0,0,0,-781,,,,
053814,0,0,0,-91,,,,
053815,2,0,0,232,,,,
053816,0,0,0,22,,,,
053817,0,0,0,15,,,,
053818,0,0,0,385,,,,
053819,0,0,0,11,,,,
053820,0,0,0,-198,,,,
053821,0,0,0,-273,,,,
053824,0,0,0,240,,,,
053828,0,0,0,6,,,,
053829,0,0,0,1,,,,
053830,0,0,0,15,,,,
053831,0,0,0,-74,,,,
053832,0,0,0,-41,,,,
053833,0,0,0,-82,,,,
053834,0,0,0,-215,,,,
053835,0,0,0,1,,,,
053837,0,0,0,-72,,,,
053838,0,0,0,15,,,,
053839,0,0,0,2,,,,
053841,0,0,0,25,,,,
053844,0,0,0,229,,,,
053850,0,0,0,24,,,,
053852,0,0,0,-36,,,,
053853,0,0,0,30,,,,
053854,0,0,0,1,,,,
053856,0,0,0,336,,,,
053857,0,0,0,-458,,,,
053858,0,0,0,-245,,,,
053859,0,0,0,57,,,,
053860,0,0,0,109,,,,
053861,0,0,0,-3,,,,
053863,0,0,0,-234,,,,
053866,0,0,0,-4,,,,
053867,0,0,0,126,,,,
053868,0,0,0,-10,,,,
053869,0,0,0,14,,,,
053870,0,0,0,100,,,,
053871,0,0,0,0,,,,
053872,0,0,0,22,,,,
053873,0,0,0,-209,,,,
053875,0,0,0,397,,,,
053876,0,0,0,1,,,,
053877,0,0,0,30,,,,
053878,0,0,0,218,,,,
053879,0,0,0,-40,,,,
05387U,0,0,0,-1,,,,
053881,0,0,0,68,,,,
053885,0,0,0,74,,,,
053889,0,0,0,2,,,,
053893,0,0,0,-37,,,,
053899,0,0,0,14,,,,
053900,0,0,0,5,,,,
053901,0,0,0,5,,,,
053904,0,0,0,54,,,,
053909,0,0,0,-68,,,,
053910,0,0,0,34,,,,
053911,0,0,0,10,,,,
053912,0,0,0,8,,,,
053913,0,0,0,228,,,,
053914,0,0,0,-389,,,,
053915,0,0,0,-10,,,,
053916,0,0,0,-13,,,,
053919,0,0,0,-1,,,,
053921,0,0,0,98,,,,
053925,0,0,0,1,,,,
053926,0,0,0,-50,,,,
053927,0,0,0,-499,,,,
053928,0,0,0,-759,,,,
053929,0,0,0,-5,,,,
05392U,0,0,0,-538,,,,
053934,0,0,0,-114,,,,
053935,0,0,75,-109,,,,
053938,0,0,0,-10,,,,
053941,0,0,0,2,,,,
053943,0,0,0,-10,,,,
053944,0,0,0,24,,,,
053945,0,0,0,21,,,,
053946,0,0,0,101,,,,
053947,0,0,0,-23,,,,
053949,0,0,0,44,,,,
053950,0,0,0,1,,,,
053953,0,0,0,-130,,,,
053954,0,0,0,1,,,,
053957,0,0,0,13,,,,
053960,0,0,0,1,,,,
053961,0,0,0,47,,,,
053963,0,0,0,-43,,,,
053964,0,0,0,-30,,,,
053965,0,0,0,-10,,,,
053966,0,0,0,-603,,,,
053968,0,0,0,8,,,,
053969,0,0,0,-2,,,,
053971,0,0,0,-23,,,,
053972,0,0,0,8,,,,
053974,0,0,0,-2,,,,
053977,0,0,0,-10,,,,
053978,0,0,0,-20,,,,
053979,0,0,0,126,,,,
053980,0,0,0,-20,,,,
053981,0,0,0,1684,,,,
053982,0,0,0,-957,,,,
053983,0,0,0,869,,,,
053986,0,0,0,-81,,,,
053987,0,0,0,-19,,,,
053988,0,0,0,-151,,,,
053989,0,0,0,744,,,,
053990,0,0,0,24,,,,
053992,0,0,0,39,,,,
053994,0,0,0,-281,,,,
053995,0,0,0,-82,,,,
053996,0,0,0,-137,,,,
053997,0,0,0,6,,,,
053998,0,0,0,273,,,,
053999,0,0,0,-610,,,,
054001,0,0,0,5,,,,
054002,0,0,0,40,,,,
054004,0,0,0,265,,,,
054005,0,0,0,133,,,,
054006,0,0,0,-1,,,,
054007,0,0,0,60,,,,
054010,0,0,0,0,,,,
054011,0,0,0,-405,,,,
054012,0,0,0,48,,,,
054013,0,0,0,-200,,,,
054014,0,0,0,-60,,,,
054015,0,0,0,-19,,,,
054016,0,0,0,112,,,,
054017,0,0,0,-1930,,,,
054018,0,0,0,-131,,,,
054020,0,0,0,249,,,,
054022,0,0,0,-240,,,,
054023,0,0,0,61,,,,
054024,0,0,0,-119,,,,
054025,0,0,0,9,,,,
054026,0,0,0,53,,,,
054028,0,0,0,268,,,,
054030,0,0,0,-130,,,,
054032,0,0,0,-288,,,,
054033,0,0,0,-73,,,,
054036,0,0,0,-99,,,,
054037,0,0,0,22,,,,
054038,0,0,0,-204,,,,
054040,0,0,0,-10,,,,
054041,0,0,0,761,,,,
054042,0,0,0,-787,,,,
054043,0,0,0,-182,,,,
054044,0,0,0,-114,,,,
054045,0,0,0,40,,,,
054046,0,0,0,-84,,,,
054047,0,0,0,-23,,,,
054049,0,0,0,-2,,,,
054051,0,0,0,-100,,,,
054053,0,0,0,-20,,,,
054056,-2,0,0,128,,,,
054060,0,0,0,226,,,,
054062,0,0,0,-260,,,,
054064,0,0,0,272,,,,
054067,0,0,0,-10,,,,
054068,0,0,0,-25,,,,
05406U,0,0,0,-48,,,,
054072,0,0,0,5,,,,
054076,0,0,0,-26,,,,
054079,0,0,0,185,,,,
054082,0,0,0,35,,,,
054083,0,0,0,112,,,,
054085,0,0,0,-152,,,,
054087,0,0,0,-180,,,,
054088,0,0,0,67,,,,
054090,0,0,0,-3,,,,
054093,0,0,0,-473,,,,
054095,0,0,0,0,,,,
054096,0,0,0,225,,,,
054098,0,0,0,1,,,,
054100,0,0,0,-4,,,,
054103,0,0,0,134,,,,
054107,0,0,0,-110,,,,
054112,0,0,0,350,,,,
054113,0,0,0,-170,,,,
054115,0,0,0,10,,,,
054117,0,0,0,-389,,,,
054118,0,0,0,20,,,,
054119,0,0,0,101,,,,
054124,0,0,0,-10,,,,
054125,0,0,0,-427,,,,
054127,0,0,0,-406,,,,
054129,0,0,0,-667,,,,
054133,0,0,0,14,,,,
054137,0,0,0,-250,,,,
054138,-1,0,0,34,,,,
054139,0,0,0,-2,,,,
054140,0,0,0,-117,,,,
054141,0,0,0,-97,,,,
054143,0,0,0,31,,,,
054145,0,0,0,-198,,,,
054147,0,0,0,14,,,,
054149,0,0,0,848,,,,
054150,0,0,0,0,,,,
054151,0,0,0,100,,,,
054153,-1,0,0,2,,,,
054154,0,0,0,3,,,,
054155,0,0,0,241,,,,
054157,0,0,0,-638,,,,
054158,0,0,0,1487,,,,
054159,0,0,0,583,,,,
054160,0,0,0,-524,,,,
054161,0,0,0,-292,,,,
054162,0,0,0,40,,,,
054163,0,0,0,-90,,,,
054165,0,0,0,227,,,,
054166,0,0,0,131,,,,
054167,0,0,0,365,,,,
054168,0,0,0,487,,,,
054171,0,0,0,-2,,,,
054172,0,0,0,413,,,,
054173,0,0,0,492,,,,
054175,0,0,0,90,,,,
054177,0,0,0,-7,,,,
054178,0,0,0,8,,,,
054182,0,0,0,0,,,,
054183,0,0,0,-75,,,,
054184,0,0,0,-3,,,,
054186,0,0,0,10,,,,
054189,0,0,0,-338,,,,
054190,0,0,0,-434,,,,
054191,0,0,0,-397,,,,
054192,0,0,0,11,,,,
054193,0,0,0,-10,,,,
054195,0,0,0,10,,,,
054196,0,0,0,-18,,,,
054197,0,0,0,144,,,,
054200,0,0,0,-70,,,,
054202,0,0,0,-23,,,,
054203,0,0,0,198,,,,
054204,0,0,0,11,,,,
054206,0,0,0,-18,,,,
054209,0,0,0,-13,,,,
054210,0,0,0,2,,,,
054211,0,0,0,30,,,,
054212,0,0,0,-42,,,,
054213,0,0,0,315,,,,
054215,0,0,0,3,,,,
054216,0,0,0,309,,,,
054220,0,0,0,5,,,,
054221,0,0,0,-292,,,,
054222,0,0,0,-42,,,,
054230,0,0,0,-84,,,,
054232,0,0,0,9,,,,
054234,0,0,0,-117,,,,
054237,0,0,0,14,,,,
054238,0,0,0,-85,,,,
054245,0,0,0,-640,,,,
054249,0,0,0,110,,,,
054250,0,0,0,9,,,,
054253,0,0,0,-4,,,,
054255,0,0,0,6,,,,
054256,0,0,0,37,,,,
054257,0,0,0,25,,,,
054261,0,0,0,-257,,,,
054266,0,0,0,179,,,,
054267,0,0,0,-120,,,,
054271,0,0,0,-50,,,,
054272,0,0,0,4,,,,
054273,0,0,0,-16,,,,
054276,0,0,0,20,,,,
054279,0,0,0,-120,,,,
054280,0,0,0,145,,,,
054281,0,0,0,-9,,,,
054283,0,0,0,35,,,,
054285,0,0,0,10,,,,
054286,0,0,0,212,,,,
054288,0,0,0,215,,,,
054290,0,0,0,-21,,,,
054293,0,0,0,-25,,,,
054295,0,0,0,7,,,,
054299,0,0,0,-220,,,,
054302,0,0,0,29,,,,
054304,0,0,0,4,,,,
054307,0,0,0,74,,,,
054309,0,0,0,2,,,,
054312,0,0,0,-3,,,,
054315,0,0,0,-80,,,,
054317,0,0,0,-28,,,,
054319,0,0,0,205,,,,
054321,0,0,0,-23,,,,
054322,0,0,0,-203,,,,
054323,0,0,0,-27,,,,
054325,0,0,0,288,,,,
054327,0,0,0,-515,,,,
054328,0,0,0,145,,,,
054331,0,0,0,-10,,,,
054332,0,0,0,13,,,,
054334,0,0,0,171,,,,
054335,0,0,0,1,,,,
054336,0,0,0,92,,,,
054338,0,0,0,21,,,,
054347,0,0,0,30,,,,
054351,0,0,0,15,,,,
054352,0,0,0,499,,,,
054353,0,0,0,-2171,,,,
054357,0,0,0,38,,,,
054358,0,0,0,6,,,,
054359,0,0,0,1,,,,
054360,0,0,0,-109,,,,
054361,0,0,0,-79,,,,
054362,0,0,0,2214,,,,
054363,0,0,0,78,,,,
054364,0,0,0,17,,,,
054365,0,0,0,-15,,,,
054366,0,0,0,2,,,,
054367,0,0,0,414,,,,
054369,0,0,0,-277,,,,
054370,0,0,0,-169,,,,
054372,0,0,0,61,,,,
054373,0,0,0,-48,,,,
054379,0,0,0,62,,,,
054380,0,0,0,-394,,,,
054381,0,0,0,38,,,,
054382,0,0,0,361,,,,
054383,0,0,0,153,,,,
054384,0,0,0,-68,,,,
054385,0,0,0,21,,,,
054386,0,0,0,0,,,,
054387,0,0,0,590,,,,
054388,0,0,0,-15,,,,
054389,0,0,0,-63,,,,
054390,0,0,0,-24,,,,
054391,0,0,0,113,,,,
054392,0,0,0,49,,,,
054393,0,0,0,150,,,,
054394,0,0,0,-68,,,,
054396,0,0,0,11,,,,
054397,0,0,0,-50,,,,
054402,0,0,0,-5,,,,
054403,0,0,0,-29,,,,
054404,0,0,0,-420,,,,
054405,0,0,0,1,,,,
054406,0,0,0,-4,,,,
054407,0,0,0,-5,,,,
054408,0,0,0,0,,,,
054409,0,0,0,-110,,,,
054410,0,0,0,20,,,,
054414,0,0,0,-30,,,,
054418,0,0,0,30,,,,
054419,0,0,0,15,,,,
054420,0,0,0,-38,,,,
054422,0,0,0,45,,,,
054423,0,0,0,108,,,,
054424,0,0,0,42,,,,
054427,0,0,0,-794,,,,
054430,0,0,0,-1,,,,
054432,0,0,0,3,,,,
054433,0,0,0,15,,,,
054434,0,0,0,23,,,,
054435,0,0,0,-5,,,,
054437,0,0,0,1,,,,
054438,0,0,0,50,,,,
054440,0,0,0,31,,,,
054441,0,0,0,308,,,,
054442,0,0,0,-1,,,,
054443,0,0,0,275,,,,
054447,0,0,0,10,,,,
054448,0,0,0,51,,,,
054450,0,0,0,-100,,,,
054454,0,0,0,-40,,,,
054455,0,0,0,-10,,,,
054457,0,0,0,1,,,,
054458,0,0,0,117,,,,
054459,0,0,0,-504,,,,
054460,5,0,0,-960,,,,
054462,0,0,0,12,,,,
054464,0,0,0,-6,,,,
054465,0,0,0,-10,,,,
054467,0,0,0,-411,,,,
054468,0,0,0,20,,,,
054469,0,0,0,620,,,,
054471,0,0,0,-45,,,,
054474,0,0,0,-365,,,,
054475,0,0,0,-219,,,,
054478,0,0,0,-10,,,,
054479,0,0,0,-86,,,,
054481,0,0,0,-2,,,,
054483,0,0,0,-1118,,,,
054484,0,0,0,12,,,,
054487,0,0,0,515,,,,
054488,0,0,0,108,,,,
054489,0,0,0,-468,,,,
054490,0,0,0,118,,,,
054491,0,0,0,-385,,,,
054492,0,0,0,190,,,,
054493,0,0,0,-100,,,,
054494,0,0,0,-439,,,,
054496,0,0,0,-157,,,,
054497,0,0,0,287,,,,
054498,0,0,0,-342,,,,
054499,0,0,0,171,,,,
054500,0,0,0,-8,,,,
054501,0,0,0,273,,,,
054502,0,0,0,30,,,,
054503,0,0,0,13,,,,
054506,0,0,0,23,,,,
054507,0,0,0,60,,,,
054508,0,0,0,57,,,,
054511,0,0,0,40,,,,
054512,0,0,0,53,,,,
054514,0,0,0,-30,,,,
054515,0,0,0,-107,,,,
054517,0,0,0,14,,,,
054518,0,0,0,15,,,,
054519,0,0,0,-9,,,,
054521,0,0,0,57,,,,
054522,0,0,0,30,,,,
054523,0,0,0,-10,,,,
054524,0,0,0,-5,,,,
054525,0,0,0,41,,,,
054526,0,0,0,304,,,,
054527,0,0,0,476,,,,
054528,0,0,0,-5,,,,
054529,0,0,0,2,,,,
054530,0,0,0,-152,,,,
054531,0,0,0,-75,,,,
054532,0,0,0,7,,,,
054533,0,0,0,1,,,,
054534,0,0,0,21,,,,
054539,0,0,0,99,,,,
054540,0,0,0,3,,,,
054541,0,0,0,-343,,,,
054542,0,0,0,-39,,,,
054548,0,0,0,-159,,,,
054549,0,0,0,-549,,,,
054551,0,0,0,527,,,,
054554,0,0,0,1,,,,
054555,0,0,0,-1085,,,,
054556,0,0,0,53,,,,
054558,0,0,0,-41,,,,
054559,0,0,0,-471,,,,
054560,0,0,0,-397,,,,
054561,0,0,0,-113,,,,
054563,0,0,0,-66,,,,
054565,0,0,0,63,,,,
054567,0,0,0,10,,,,
054568,0,0,0,838,,,,
054570,0,0,0,-57,,,,
054571,0,0,0,32,,,,
054572,0,0,0,-1,,,,
054580,0,0,0,18,,,,
054581,0,0,0,40,,,,
054582,0,0,0,-13,,,,
054584,0,0,0,30,,,,
054585,0,0,0,-138,,,,
054586,0,0,0,292,,,,
054587,0,0,0,215,,,,
054588,0,0,0,-66,,,,
054590,0,0,0,416,,,,
054592,0,0,0,20,,,,
054594,0,0,0,-22,,,,
054597,0,0,0,-4,,,,
054598,0,0,0,-2,,,,
054600,0,0,0,83,,,,
054601,0,0,0,-1090,,,,
054602,0,0,0,56,,,,
054605,0,0,0,22,,,,
054607,0,0,0,1,,,,
054608,0,0,0,-58,,,,
054609,0,0,0,-42,,,,
054612,0,0,0,-90,,,,
054613,0,0,0,4,,,,
054614,0,0,0,-10,,,,
054618,0,0,0,-351,,,,
054619,0,0,0,33,,,,
054622,0,0,0,6,,,,
054625,0,0,0,-6,,,,
054626,0,0,0,-11,,,,
054627,0,0,0,-1541,,,,
054628,0,0,0,15,,,,
054630,0,0,0,52,,,,
054631,0,0,0,432,,,,
054632,0,0,0,105,,,,
054634,0,0,0,16,,,,
054637,0,0,0,-96,,,,
054640,0,0,0,0,,,,
054642,0,0,0,-155,,,,
054646,0,0,0,-1,,,,
054647,0,0,0,5,,,,
054650,0,0,0,21,,,,
054652,0,0,0,4,,,,
054655,0,0,0,-529,,,,
054656,0,0,0,10,,,,
054657,0,0,0,-352,,,,
054658,0,0,0,1364,,,,
054660,0,0,0,-157,,,,
054661,0,0,0,-2088,,,,
054663,0,0,0,-86,,,,
054664,0,0,0,-784,,,,
054665,0,0,0,-158,,,,
054666,0,0,0,-174,,,,
054668,0,0,0,-12,,,,
054669,0,0,0,12,,,,
054672,0,0,0,180,,,,
054674,0,0,0,-321,,,,
054675,0,0,0,1357,,,,
054676,0,0,0,-51,,,,
054677,0,0,0,34,,,,
054678,0,0,0,9,,,,
054680,0,0,0,6,,,,
054681,0,0,0,146,,,,
054682,0,0,0,161,,,,
054684,0,0,0,1,,,,
054685,0,0,0,590,,,,
054686,0,0,0,3,,,,
054688,0,0,0,1,,,,
054689,0,0,0,203,,,,
054691,0,0,0,-333,,,,
054692,0,0,0,106,,,,
054693,0,0,0,327,,,,
054694,0,0,0,147,,,,
054695,0,0,0,191,,,,
054696,0,0,0,-62,,,,
054697,0,0,0,0,,,,
054699,0,0,0,-10,,,,
054700,0,0,0,261,,,,
054701,0,0,0,-6,,,,
054702,0,0,0,233,,,,
054703,0,0,0,31,,,,
054704,0,0,0,-1,,,,
054705,0,0,0,-234,,,,
054706,0,0,0,-222,,,,
054709,0,0,0,-93,,,,
054711,0,0,0,224,,,,
054712,0,0,0,59,,,,
054713,0,0,0,-1,,,,
054715,0,0,0,12,,,,
054716,0,0,0,-17,,,,
054720,0,0,0,64,,,,
054725,0,0,0,16,,,,
054727,0,0,0,-110,,,,
054728,0,0,0,1,,,,
054729,0,0,0,187,,,,
054731,0,0,0,-122,,,,
054732,0,0,0,95,,,,
054733,0,0,0,-49,,,,
054735,0,0,0,-10,,,,
054737,0,0,0,4,,,,
054738,0,0,0,10,,,,
054740,0,0,0,-151,,,,
054742,0,0,0,-10,,,,
054744,0,0,0,0,,,,
054748,0,0,0,-295,,,,
054749,0,0,0,-39,,,,
054750,0,0,0,-7,,,,
054751,0,0,0,-16,,,,
054752,0,0,0,-17,,,,
054754,0,0,0,14,,,,
054755,0,0,0,16,,,,
054756,0,0,0,-6,,,,
054759,0,0,0,5,,,,
054761,0,0,0,15,,,,
054762,0,0,0,-20,,,,
054763,0,0,0,3,,,,
054765,0,0,0,-19,,,,
054766,0,0,0,95,,,,
054768,0,0,0,-1,,,,
054770,0,0,0,-10,,,,
054771,0,0,0,-55,,,,
054772,0,0,0,5,,,,
054773,0,0,0,1,,,,
054774,0,0,0,19,,,,
054775,0,0,0,-18,,,,
054777,0,0,0,312,,,,
054778,0,0,0,21,,,,
054781,0,0,0,38,,,,
054782,0,0,0,-141,,,,
054783,0,0,0,384,,,,
054784,0,0,0,-127,,,,
054785,0,0,0,-325,,,,
054789,0,0,0,89,,,,
054792,0,0,0,0,,,,
054793,0,0,0,77,,,,
054794,0,0,0,11,,,,
054796,0,0,0,1,,,,
054797,0,0,0,29,,,,
054799,0,0,0,-5,,,,
05479U,0,0,100,0,,,,
054800,0,0,0,20,,,,
054801,0,0,0,-10,,,,
054802,0,0,0,-499,,,,
054803,0,0,0,-1318,,,,
054807,0,0,0,23,,,,
054810,0,0,0,0,,,,
054812,0,0,0,18,,,,
054813,0,0,0,-51,,,,
054814,0,0,0,113,,,,
054815,0,0,0,50,,,,
054818,0,0,0,-228,,,,
054821,0,0,0,-990,,,,
054822,0,0,0,-79,,,,
054824,0,0,0,-101,,,,
054827,0,0,0,1,,,,
054828,0,0,0,1314,,,,
054829,0,0,0,10,,,,
054830,0,0,0,147,,,,
054831,0,0,0,-505,,,,
054832,0,0,0,36,,,,
054834,0,0,0,95,,,,
054835,0,0,0,350,,,,
054836,0,0,0,86,,,,
054839,0,0,0,-6,,,,
054840,0,0,0,-45,,,,
054842,0,0,0,-61,,,,
054843,0,0,0,2,,,,
054845,0,0,0,453,,,,
054847,0,0,0,-1108,,,,
054848,0,0,0,0,,,,
054849,0,0,0,-11,,,,
054851,0,0,0,14,,,,
054852,0,0,0,195,,,,
054853,0,0,0,-2,,,,
054854,0,0,0,-89,,,,
054855,0,0,0,61,,,,
054856,0,0,0,-542,,,,
054858,0,0,0,-835,,,,
054859,0,0,0,-8,,,,
054860,0,0,0,-40,,,,
054862,0,0,0,-4,,,,
054863,0,0,0,107,,,,
054864,0,0,0,-133,,,,
054865,0,0,0,-93,,,,
054866,0,0,0,-116,,,,
054868,0,0,0,-679,,,,
054869,0,0,0,5,,,,
054870,0,0,0,420,,,,
054871,0,0,0,546,,,,
054872,0,0,0,-40,,,,
054873,0,0,0,-251,,,,
054874,0,0,0,1,,,,
054876,0,0,0,105,,,,
054877,0,0,0,60,,,,
054878,0,0,0,338,,,,
054879,0,0,0,2,,,,
054881,0,0,0,-147,,,,
054882,0,0,0,1104,,,,
054883,0,0,0,-1,,,,
054885,0,0,0,49,,,,
054886,0,0,0,-163,,,,
054887,0,0,0,15,,,,
054889,0,0,0,10,,,,
054894,0,0,0,-14,,,,
054895,0,0,0,-15,,,,
054897,0,0,0,-170,,,,
054898,0,0,0,-40,,,,
054899,0,0,0,-46,,,,
054902,0,0,0,7,,,,
054905,0,0,0,33,,,,
054906,0,0,0,9,,,,
054908,0,0,0,10,,,,
054909,0,0,0,0,,,,
054910,0,0,0,-48,,,,
054911,0,0,0,-10,,,,
054915,0,0,0,-22,,,,
054917,0,0,0,0,,,,
054919,0,0,0,262,,,,
054920,0,0,0,-4,,,,
054921,0,0,0,81,,,,
054922,0,0,0,-65,,,,
054924,0,0,0,3,,,,
054925,0,0,0,30,,,,
054928,0,0,0,-250,,,,
054929,0,0,0,40,,,,
054930,0,0,0,-100,,,,
054935,0,0,0,-207,,,,
054937,0,0,0,80,,,,
054938,0,0,0,-323,,,,
054939,0,0,0,-31,,,,
054941,0,0,0,-13,,,,
054942,0,0,0,6,,,,
054943,0,0,0,-156,,,,
054946,0,0,0,-38,,,,
054947,0,0,0,-45,,,,
054948,0,0,0,-11,,,,
054950,0,0,0,195,,,,
054952,0,0,0,-373,,,,
054953,0,0,0,-4,,,,
054954,0,0,0,-58,,,,
054956,0,0,0,-13,,,,
054957,0,0,0,40,,,,
054958,0,0,0,-385,,,,
054959,0,0,0,-2,,,,
054961,0,0,0,-102,,,,
054962,0,0,0,147,,,,
054963,0,0,0,-100,,,,
054964,0,0,0,-200,,,,
054966,0,0,0,-28,,,,
054968,0,0,0,-256,,,,
054971,0,0,0,163,,,,
054973,0,0,0,1,,,,
054976,0,0,0,0,,,,
054978,0,0,0,-38,,,,
054979,0,0,0,-6,,,,
054981,0,0,0,1,,,,
054982,0,0,0,-2,,,,
054984,0,0,0,130,,,,
054985,0,0,0,5,,,,
054986,0,0,0,85,,,,
054989,0,0,0,13,,,,
054991,0,0,0,-15,,,,
054992,0,0,0,-3,,,,
054993,0,0,0,1,,,,
054994,0,0,0,161,,,,
054995,0,0,0,336,,,,
054997,0,0,0,-305,,,,
054998,0,0,0,-370,,,,
054999,0,0,0,-216,,,,
055000,0,0,0,-1529,,,,
055001,0,0,0,325,,,,
055002,0,0,0,-13,,,,
055006,0,0,0,-250,,,,
055007,0,0,0,103,,,,
055010,0,0,0,1,,,,
055011,0,0,0,173,,,,
055012,0,0,0,50,,,,
055015,0,0,0,741,,,,
055017,0,0,0,100,,,,
055019,0,0,0,320,,,,
055020,0,0,0,30,,,,
055023,0,0,0,241,,,,
055024,0,0,0,-56,,,,
055027,0,0,0,806,,,,
055028,0,0,0,-499,,,,
055029,0,0,0,-1170,,,,
055030,0,0,0,-20,,,,
055032,0,0,0,20,,,,
055033,0,0,0,-56,,,,
055034,0,0,0,303,,,,
055035,0,0,0,36,,,,
055038,0,0,0,4,,,,
055040,0,0,0,-150,,,,
055042,0,0,0,1,,,,
055045,0,0,0,21,,,,
055046,0,0,0,-6,,,,
055048,0,0,0,-5,,,,
055050,0,0,0,-3,,,,
055051,0,0,0,180,,,,
055052,0,0,0,120,,,,
055053,0,0,0,-848,,,,
055054,0,0,0,-2,,,,
055055,0,0,0,58,,,,
055056,0,0,0,-36,,,,
055057,0,0,0,12,,,,
055059,0,0,0,5,,,,
055060,0,0,0,40,,,,
055061,0,0,0,-144,,,,
055063,0,0,0,-1,,,,
055065,0,0,0,-35,,,,
055066,0,0,0,-50,,,,
055067,0,0,0,-120,,,,
055069,0,0,0,2,,,,
055072,0,0,0,106,,,,
055073,0,0,0,82,,,,
055074,0,0,0,27,,,,
055075,0,0,0,0,,,,
055076,0,0,0,-100,,,,
055081,0,0,0,4,,,,
055083,0,0,0,286,,,,
055088,0,0,0,1,,,,
055089,0,0,0,1,,,,
055090,0,0,0,20,,,,
055093,0,0,0,48,,,,
055094,0,0,0,-4,,,,
055095,0,0,0,-20,,,,
055097,0,0,0,-10,,,,
055099,0,0,0,990,,,,
055100,0,0,0,-708,,,,
055101,0,0,0,-2,,,,
055105,0,0,0,-1,,,,
055107,0,0,0,-85,,,,
055108,0,0,0,-10,,,,
055109,0,0,0,-10,,,,
055112,0,0,0,-44,,,,
055113,0,0,0,-125,,,,
055114,0,0,0,1,,,,
055115,0,0,0,-10,,,,
055117,0,0,0,9,,,,
055118,0,0,0,-333,,,,
055119,0,0,0,-25,,,,
055120,0,0,0,106,,,,
055124,0,0,0,-1061,,,,
055128,0,0,0,132,,,,
05512U,0,0,0,2,,,,
055131,0,0,0,-687,,,,
055132,0,0,0,-124,,,,
055133,0,0,0,149,,,,
055134,0,0,0,-161,,,,
055137,0,0,0,-1,,,,
055138,0,0,0,-8,,,,
055139,0,0,0,81,,,,
055141,0,0,0,-63,,,,
055142,0,0,0,-17,,,,
055143,0,0,0,198,,,,
055144,0,0,0,-131,,,,
055145,-2,0,0,636,,,,
055146,0,0,0,454,,,,
055147,0,0,0,831,,,,
055148,0,0,0,-735,,,,
055149,0,0,0,409,,,,
055150,0,0,0,80,,,,
055151,0,0,0,-5287,,,,
055152,0,0,0,35,,,,
055153,0,0,0,5,,,,
055156,0,0,0,4,,,,
055157,0,0,0,14,,,,
055158,0,0,0,1,,,,
055159,0,0,0,32,,,,
055160,0,0,0,25,,,,
055161,0,0,0,30,,,,
055162,0,0,0,-12,,,,
055163,0,0,0,221,,,,
055166,0,0,0,-496,,,,
055167,0,0,0,-351,,,,
055169,0,0,0,-144,,,,
055170,0,0,0,-383,,,,
055171,0,0,0,37,,,,
055174,0,0,0,13,,,,
055176,0,0,0,11,,,,
055178,0,0,0,-70,,,,
055179,0,0,0,-10,,,,
055180,0,0,0,15,,,,
055181,0,0,0,-6,,,,
055182,0,0,0,199,,,,
055183,0,0,0,150,,,,
055186,0,0,0,-5,,,,
055189,0,0,0,-195,,,,
055190,0,0,0,1,,,,
055191,0,0,0,46,,,,
055192,0,0,0,-19,,,,
055196,0,0,0,9,,,,
055197,0,0,0,-2,,,,
055198,0,0,0,60,,,,
055199,0,0,0,1,,,,
055201,0,0,0,10,,,,
055202,0,0,0,-34,,,,
055203,0,0,0,60,,,,
055204,1,0,0,-167,,,,
055205,0,0,0,38,,,,
055207,0,0,0,-35,,,,
055208,0,0,0,32,,,,
055209,0,0,0,-5,,,,
055210,0,0,0,-10,,,,
055212,0,0,0,-39,,,,
055213,0,0,0,-2,,,,
055214,0,0,0,5,,,,
055215,0,0,0,-4,,,,
055216,0,0,0,78,,,,
055217,0,0,0,160,,,,
055218,0,0,0,-174,,,,
055222,0,0,0,439,,,,
055224,0,0,0,31,,,,
055225,0,0,0,4,,,,
055232,0,0,0,-4,,,,
055234,0,0,0,242,,,,
055236,0,0,0,-1,,,,
055242,0,0,0,-9,,,,
055243,0,0,0,1,,,,
055246,0,0,0,-190,,,,
055247,0,0,0,-200,,,,
055248,0,0,0,-167,,,,
055249,0,0,0,507,,,,
055250,0,0,0,-8,,,,
055251,0,0,0,-203,,,,
055252,0,0,0,-283,,,,
055257,0,0,0,10,,,,
055258,0,0,0,-140,,,,
055259,0,0,0,420,,,,
055260,-5,0,0,936,,,,
055261,0,0,0,-128,,,,
055263,0,0,0,-16,,,,
055264,0,0,0,-404,,,,
055265,0,0,0,-446,,,,
055266,0,0,0,19,,,,
055267,0,0,0,157,,,,
055268,0,0,0,-11,,,,
055270,0,0,0,-519,,,,
055271,0,0,0,-355,,,,
055272,0,0,0,29,,,,
055273,0,0,0,67,,,,
055275,0,0,0,-782,,,,
055276,0,0,0,1,,,,
055278,0,0,0,-65,,,,
055279,0,0,0,-286,,,,
055280,0,0,0,-372,,,,
055281,0,0,0,-218,,,,
055282,0,0,0,-1,,,,
055285,0,0,0,319,,,,
055286,0,0,0,299,,,,
055287,0,0,0,19,,,,
055288,0,0,0,56,,,,
055290,0,0,0,11,,,,
055293,0,0,0,-2,,,,
055299,0,0,0,-4,,,,
055300,0,0,0,40,,,,
055302,0,0,0,-20,,,,
055303,0,0,0,-25,,,,
055306,0,0,0,29,,,,
055307,0,0,0,32,,,,
055308,0,0,0,0,,,,
055309,0,0,0,-74,,,,
055311,0,0,0,30,,,,
055312,0,0,0,-179,,,,
055318,0,0,0,41,,,,
055320,0,0,0,8,,,,
055325,0,0,0,-3,,,,
055331,0,0,0,-86,,,,
055334,0,0,0,1,,,,
055336,0,0,0,30,,,,
055337,0,0,0,49,,,,
055338,0,0,0,-1,,,,
055339,0,0,0,50,,,,
055341,0,0,0,101,,,,
055343,0,0,0,1,,,,
055344,0,0,0,21,,,,
055345,0,0,0,-10,,,,
055348,0,0,0,29,,,,
055349,0,0,0,-164,,,,
055350,0,0,0,1,,,,
055351,0,0,0,-34,,,,
055352,0,0,0,282,,,,
055353,0,0,0,289,,,,
055354,0,0,0,70,,,,
055356,0,0,0,1,,,,
055357,0,0,0,41,,,,
055358,0,0,0,-29,,,,
055361,0,0,0,-1,,,,
055362,0,0,0,-52,,,,
055363,0,0,0,-472,,,,
055364,0,0,0,-487,,,,
055365,0,0,0,-1,,,,
055366,0,0,0,-1,,,,
055369,0,0,0,-8,,,,
055370,0,0,0,-28,,,,
055371,0,0,0,15,,,,
055372,0,0,0,-56,,,,
055375,0,0,0,81,,,,
055376,0,0,0,-30,,,,
055379,0,0,0,3,,,,
055381,0,0,0,5,,,,
055384,0,0,0,-693,,,,
055385,0,0,0,-459,,,,
055386,0,0,0,-245,,,,
055387,0,0,0,77,,,,
055388,0,0,0,-290,,,,
055391,0,0,0,-78,,,,
055393,0,0,0,-126,,,,
055394,0,0,0,-186,,,,
055395,0,0,0,-791,,,,
055396,0,0,0,-32,,,,
055397,0,0,0,-10,,,,
055399,0,0,0,1,,,,
055400,0,0,0,-117,,,,
055401,0,0,0,-494,,,,
055402,0,0,0,1,,,,
055404,0,0,0,734,,,,
055405,0,0,0,-325,,,,
055406,20,0,0,207,,,,
055407,0,0,0,-197,,,,
055408,0,0,0,870,,,,
055410,0,0,0,-160,,,,
055412,0,0,0,-1,,,,
055413,0,0,0,77,,,,
055414,0,0,0,566,,,,
055417,0,0,0,-230,,,,
055419,0,0,0,165,,,,
055421,0,0,0,20,,,,
055422,0,0,0,-654,,,,
055424,0,0,0,-21,,,,
055425,0,0,0,-8,,,,
055430,0,0,0,-24,,,,
055431,0,0,0,5,,,,
055432,0,0,0,60,,,,
055433,0,0,0,-2,,,,
055434,0,0,0,225,,,,
055435,0,0,0,-20,,,,
05543U,0,0,0,5,,,,
055443,0,0,0,-23,,,,
055445,0,0,0,470,,,,
055452,0,0,0,-5,,,,
055454,0,0,0,-3,,,,
055458,0,0,0,-230,,,,
055459,0,0,0,176,,,,
055460,0,0,0,-59,,,,
055463,0,0,0,113,,,,
055464,0,0,0,-237,,,,
055466,0,0,0,-11,,,,
055470,0,0,0,-169,,,,
055471,0,0,0,-2,,,,
055472,0,0,0,-505,,,,
055473,0,0,0,358,,,,
055474,0,0,0,871,,,,
055476,0,0,0,1415,,,,
055477,0,0,0,100,,,,
055478,0,0,0,-10,,,,
055480,0,0,0,-78,,,,
055481,0,0,0,338,,,,
055482,0,0,0,197,,,,
055484,0,0,0,109,,,,
055485,0,0,0,19,,,,
055486,0,0,0,20,,,,
055487,0,0,0,503,,,,
055489,0,0,0,133,,,,
055490,0,0,0,-229,,,,
055492,0,0,0,-9,,,,
055493,0,0,0,-31,,,,
055495,0,0,0,14,,,,
055496,0,0,0,-1,,,,
055498,0,0,0,65,,,,
055499,0,0,0,35,,,,
055500,0,0,0,757,,,,
055501,0,0,0,27,,,,
055503,0,0,0,-3,,,,
055506,0,0,0,11,,,,
055508,0,0,0,-350,,,,
055510,0,0,0,1,,,,
055512,0,0,0,12,,,,
055513,0,0,0,-2,,,,
055516,0,0,0,-85,,,,
055518,0,0,0,-8,,,,
055519,0,0,0,-622,,,,
055523,0,0,0,98,,,,
055525,0,0,0,-29,,,,
055529,0,0,0,-50,,,,
055536,0,0,0,7,,,,
055537,0,0,0,45,,,,
055544,0,0,0,-1,,,,
055546,0,0,0,-14,,,,
055547,0,0,0,-16,,,,
055548,0,0,0,-18,,,,
055551,0,0,0,-6,,,,
055552,0,0,0,-27,,,,
055555,0,0,0,65,,,,
055559,0,0,0,-8,,,,
055560,0,0,0,37,,,,
055562,0,0,0,18,,,,
055563,0,0,0,12,,,,
055564,0,0,0,12,,,,
055567,0,0,0,-5,,,,
055568,0,0,0,113,,,,
055570,0,0,0,-34,,,,
055572,0,0,0,187,,,,
055576,0,0,0,-3,,,,
055579,0,0,0,1,,,,
055581,0,0,0,150,,,,
055584,0,0,0,1,,,,
055585,0,0,0,-2,,,,
055586,0,0,0,8,,,,
055587,0,0,0,7,,,,
055593,0,0,0,-1,,,,
055596,0,0,0,177,,,,
055597,0,0,0,-7,,,,
055602,0,0,0,-11,,,,
055605,0,0,0,1,,,,
055608,0,0,0,7,,,,
055609,0,0,0,12,,,,
055610,0,0,0,-10,,,,
055614,0,0,0,-84,,,,
055617,0,0,0,-310,,,,
055622,0,0,0,3,,,,
055624,0,0,0,-105,,,,
055625,0,0,0,-6,,,,
055626,0,0,0,-6,,,,
055627,0,0,0,-300,,,,
055628,0,0,0,15,,,,
055629,0,0,0,6,,,,
055633,0,0,0,-7,,,,
055634,0,0,0,4,,,,
055636,0,0,0,6,,,,
055640,0,0,0,-2,,,,
055642,0,0,0,-17,,,,
055644,0,0,0,220,,,,
055645,0,0,0,372,,,,
055646,0,0,0,-27,,,,
055647,0,0,0,122,,,,
055649,0,0,0,59,,,,
055650,0,0,0,-359,,,,
055651,0,0,0,195,,,,
055652,0,0,0,1,,,,
055655,0,0,0,152,,,,
055656,0,0,0,-269,,,,
055658,0,0,0,-115,,,,
055659,0,0,0,-215,,,,
055660,0,0,0,-47,,,,
055661,0,0,0,-25,,,,
055662,0,0,0,-308,,,,
055663,0,0,0,142,,,,
055664,0,0,0,0,,,,
055666,0,0,0,41,,,,
055667,0,0,0,-7,,,,
055668,0,0,0,43,,,,
055669,0,0,0,55,,,,
055670,0,0,0,-6,,,,
055671,0,0,0,616,,,,
055672,0,0,0,54,,,,
055673,0,0,0,-110,,,,
055674,0,0,0,54,,,,
055676,0,0,0,22,,,,
055677,0,0,0,-1,,,,
055678,0,0,0,-20,,,,
055680,0,0,0,7,,,,
055681,0,0,0,-336,,,,
055682,0,0,0,270,,,,
055683,0,0,0,12,,,,
055684,0,0,0,-283,,,,
055685,0,0,0,-23,,,,
055686,0,0,0,-33,,,,
055687,0,0,0,30,,,,
055688,0,0,0,-114,,,,
055689,0,0,0,-150,,,,
055690,0,0,0,-170,,,,
055691,0,0,0,-75,,,,
055692,0,0,0,-2,,,,
055693,0,0,0,-27,,,,
055695,0,0,0,34,,,,
055696,0,0,0,83,,,,
055698,0,0,0,-200,,,,
055700,0,0,0,10,,,,
055702,0,0,0,124,,,,
055703,0,0,0,-1,,,,
055704,0,0,0,-22,,,,
055707,0,0,0,3,,,,
055708,0,0,0,1,,,,
055709,0,0,0,266,,,,
055710,0,0,0,179,,,,
055711,0,0,0,464,,,,
055712,0,0,0,-20,,,,
055713,0,0,0,221,,,,
055715,0,0,0,44,,,,
055718,0,0,0,85,,,,
055719,0,0,0,-25,,,,
055720,0,0,0,-6,,,,
055721,0,0,0,47,,,,
055722,0,0,0,-8,,,,
055723,0,0,0,30,,,,
055725,0,0,0,250,,,,
055726,0,0,0,203,,,,
055727,0,0,0,1,,,,
055728,0,0,0,-519,,,,
055729,0,0,0,11,,,,
055731,0,0,0,-717,,,,
055732,0,0,0,-6,,,,
055733,0,0,0,-6,,,,
055735,0,0,0,-93,,,,
055736,0,0,0,-343,,,,
055737,0,0,0,36,,,,
055740,0,0,0,-555,,,,
055741,0,0,0,13,,,,
055743,0,0,0,-167,,,,
055744,0,0,0,-110,,,,
055745,0,0,0,-140,,,,
055746,0,0,0,27,,,,
055747,0,0,0,3,,,,
055748,0,0,0,15,,,,
055752,0,0,0,10,,,,
055753,0,0,0,-606,,,,
055754,0,0,0,-140,,,,
055758,-79,0,0,77,,,,
055759,0,0,0,-29,,,,
055761,0,0,0,-87,,,,
055765,0,0,0,11,,,,
055768,0,0,0,-10,,,,
055770,0,0,0,47,,,,
055772,0,0,0,-34,,,,
055773,0,0,0,-13,,,,
055774,0,0,0,41,,,,
055775,0,0,0,17,,,,
055776,0,0,0,-33,,,,
055777,0,0,0,-920,,,,
055785,0,0,0,6,,,,
055786,0,0,0,50,,,,
055787,0,0,0,-4,,,,
055789,0,0,0,-21,,,,
055790,0,0,0,-106,,,,
055791,0,0,0,-2,,,,
055794,0,0,0,-70,,,,
055795,0,0,0,29,,,,
055796,0,0,0,-112,,,,
055797,0,0,0,-88,,,,
055799,0,0,0,6,,,,
055801,0,0,0,-17,,,,
055802,0,0,0,-12,,,,
055803,0,0,0,4,,,,
055804,0,0,0,142,,,,
055809,0,0,0,-40,,,,
055812,0,0,0,4,,,,
055813,0,0,0,11,,,,
055818,0,0,0,15,,,,
055821,0,0,0,-25,,,,
055822,0,0,0,-680,,,,
055823,0,0,0,285,,,,
055824,0,0,0,-61,,,,
055825,0,0,0,-785,,,,
055826,0,0,0,-599,,,,
055827,0,0,0,-1194,,,,
055828,0,0,0,-9,,,,
055830,0,0,0,2759,,,,
055831,0,0,0,-122,,,,
055832,0,0,0,18,,,,
055833,0,0,0,332,,,,
055834,0,0,0,390,,,,
055835,0,0,0,87,,,,
055836,0,0,0,-68,,,,
055837,0,0,0,-10,,,,
055838,0,0,0,-301,,,,
055839,0,0,0,3,,,,
055840,0,0,0,-722,,,,
055841,0,0,0,-85,,,,
055842,0,0,0,-73,,,,
055844,0,0,0,-2,,,,
055851,0,0,0,-15,,,,
055853,0,0,0,-15,,,,
055854,0,0,0,1,,,,
055855,0,0,0,-64,,,,
055856,0,0,0,35,,,,
055857,0,0,0,37,,,,
055858,0,0,0,109,,,,
055859,0,0,0,-2,,,,
055862,0,0,0,-40,,,,
055863,2,0,0,56,,,,
055866,0,0,0,12,,,,
055869,0,0,0,-1,,,,
055870,0,0,0,-12,,,,
055872,0,0,0,52,,,,
055873,0,0,0,-50,,,,
055874,0,0,0,-7,,,,
055875,0,0,0,206,,,,
055876,0,0,0,-1,,,,
055877,0,0,0,192,,,,
055879,0,0,0,48,,,,
055880,0,0,0,262,,,,
055881,0,0,0,277,,,,
055883,0,0,0,-100,,,,
055886,0,0,0,-349,,,,
055888,0,0,0,-392,,,,
055889,0,0,0,-444,,,,
055890,0,0,0,-764,,,,
055891,0,0,0,571,,,,
055892,0,0,0,-17,,,,
055893,0,0,0,33,,,,
055895,0,0,0,-230,,,,
055898,0,0,0,-486,,,,
055899,0,0,0,25,,,,
055900,0,0,0,-19,,,,
055901,0,0,0,58,,,,
055902,0,0,0,-10,,,,
055903,0,0,0,-33,,,,
055904,0,0,0,-18,,,,
055905,0,0,0,-1253,,,,
055908,0,0,0,0,,,,
055909,0,0,0,-111,,,,
055910,0,0,0,-30,,,,
055911,0,0,0,5,,,,
055912,0,0,0,-437,,,,
055913,0,0,0,-6,,,,
055915,0,0,0,-5,,,,
055916,0,0,0,-50,,,,
055918,0,0,0,3,,,,
055920,0,0,0,-1,,,,
055924,0,0,0,-13,,,,
055930,0,0,0,-6,,,,
055931,0,0,0,7,,,,
055935,0,0,0,439,,,,
055937,0,0,0,-8,,,,
055938,0,0,0,-21,,,,
055939,0,0,0,-1,,,,
055943,0,0,0,214,,,,
055945,0,0,0,5,,,,
055946,0,0,0,32,,,,
055947,0,0,0,-457,,,,
055948,0,0,0,-173,,,,
055949,0,0,0,1,,,,
05594U,0,0,0,-30,,,,
055950,0,0,0,257,,,,
055951,0,0,0,8,,,,
055952,0,0,0,-89,,,,
055953,0,0,0,-16,,,,
055954,0,0,0,-12,,,,
055955,0,0,0,-625,,,,
055956,0,0,0,6,,,,
055957,0,0,0,27,,,,
055959,0,0,0,2,,,,
055967,0,0,0,15,,,,
055971,0,0,0,6,,,,
055972,0,0,0,103,,,,
055973,0,0,0,10,,,,
055974,0,0,0,140,,,,
055976,0,0,0,-68,,,,
055977,0,0,0,-16,,,,
055978,0,0,0,-1,,,,
055979,0,0,0,-493,,,,
055980,0,0,0,275,,,,
055981,0,0,0,374,,,,
055982,0,0,0,21,,,,
055984,0,0,0,0,,,,
055987,0,0,0,16,,,,
055989,0,0,0,0,,,,
055990,0,0,0,-22,,,,
055991,0,0,0,743,,,,
055992,0,0,0,-92,,,,
055993,0,0,0,-83,,,,
055994,0,0,0,84,,,,
055995,0,0,0,1,,,,
055998,0,0,0,5,,,,
055999,0,0,0,25,,,,
056001,0,0,0,-20,,,,
056004,0,0,0,-74,,,,
056005,0,0,0,-1,,,,
056009,0,0,0,-1,,,,
056010,0,0,0,-74,,,,
056011,0,0,0,56,,,,
056013,0,0,0,-14,,,,
056014,0,0,0,-9,,,,
056015,0,0,0,-25,,,,
056019,0,0,0,-56,,,,
056021,0,0,0,-18,,,,
056022,0,0,0,7,,,,
056023,0,0,0,0,,,,
056024,0,0,0,-22,,,,
056025,0,0,0,4,,,,
056026,0,0,0,200,,,,
056027,0,0,0,48,,,,
056028,0,0,0,57,,,,
056029,0,0,0,23,,,,
056031,0,0,0,92,,,,
056032,0,0,0,10,,,,
056033,0,0,0,61,,,,
056035,0,0,0,18,,,,
056036,0,0,0,-19,,,,
056037,0,0,0,-5,,,,
056038,0,0,0,8,,,,
056039,0,0,0,0,,,,
056041,0,0,0,23,,,,
056044,0,0,0,4,,,,
056046,0,0,0,-75,,,,
056048,0,0,0,5,,,,
056049,0,0,0,0,,,,
056051,0,0,0,2,,,,
056052,0,0,0,0,,,,
056053,0,0,0,-56,,,,
056054,0,0,0,49,,,,
056055,0,0,0,25,,,,
056056,0,0,0,-24,,,,
056057,0,0,0,36,,,,
056058,0,0,0,-109,,,,
056059,0,0,0,200,,,,
056060,0,0,0,-9,,,,
056061,0,0,0,1,,,,
056062,0,0,0,209,,,,
056064,0,0,0,460,,,,
056065,0,0,0,-29,,,,
056066,0,0,0,-527,,,,
056067,0,0,0,1,,,,
056068,0,0,0,4,,,,
056070,0,0,0,1485,,,,
056071,0,0,0,-113,,,,
056072,0,0,0,-86,,,,
056074,3,0,0,-40,,,,
056075,0,0,0,-67,,,,
056076,0,0,0,-7,,,,
056077,0,0,0,-123,,,,
056079,0,0,0,-21,,,,
056080,0,0,0,-33,,,,
056081,0,0,0,-10,,,,
056083,0,0,0,-57,,,,
056084,0,0,0,46,,,,
056086,0,0,0,17,,,,
056087,0,0,0,23,,,,
056088,0,0,0,-40,,,,
056090,0,0,0,5,,,,
056091,0,0,0,97,,,,
056092,0,0,0,-24,,,,
056093,0,0,0,29,,,,
056094,0,0,0,17,,,,
056095,0,0,0,-10,,,,
056096,0,0,0,34,,,,
056097,0,0,0,-1014,,,,
056098,0,0,0,102,,,,
056099,0,0,0,-623,,,,
056100,0,0,0,-3,,,,
056101,0,0,0,-289,,,,
056102,0,0,0,-20,,,,
056103,0,0,0,-20,,,,
056105,0,0,0,4,,,,
056106,0,0,0,859,,,,
056109,0,0,0,120,,,,
056110,0,0,0,40,,,,
056111,0,0,0,-704,,,,
056112,0,0,0,518,,,,
056114,0,0,0,1,,,,
056115,0,0,0,0,,,,
056117,0,0,0,446,,,,
056118,0,0,0,-527,,,,
056119,0,0,0,-848,,,,
056120,0,0,0,2,,,,
056121,0,0,0,-15,,,,
056122,0,0,0,1053,,,,
056124,0,0,0,414,,,,
056125,0,0,0,15,,,,
056127,0,0,0,-55,,,,
056128,0,0,0,-711,,,,
056129,0,0,0,-20,,,,
056130,0,0,0,-3,,,,
056136,0,0,0,1,,,,
056139,0,0,0,1,,,,
056140,0,0,0,80,,,,
056141,0,0,0,189,,,,
056142,0,0,0,94,,,,
056143,0,0,0,5,,,,
056144,0,0,0,-1,,,,
056145,0,0,0,27,,,,
056146,0,0,0,76,,,,
056147,0,0,0,-13,,,,
056149,0,0,0,15,,,,
056150,0,0,0,1,,,,
056152,0,0,0,-118,,,,
056155,0,0,0,-3,,,,
056156,0,0,0,-52,,,,
056157,0,0,0,-1,,,,
056160,0,0,0,-1007,,,,
056165,0,0,0,0,,,,
056166,0,0,0,155,,,,
056167,0,0,0,200,,,,
056168,0,0,0,393,,,,
056169,0,0,0,-12,,,,
056172,0,0,0,38,,,,
056175,0,0,0,20,,,,
056176,0,0,0,-600,,,,
056177,0,0,0,49,,,,
056179,0,0,0,-7,,,,
056183,0,0,0,173,,,,
056185,0,0,0,14,,,,
056186,0,0,0,-4,,,,
056191,0,0,0,5,,,,
056193,0,0,0,-544,,,,
056196,0,0,0,-414,,,,
056198,0,0,0,45,,,,
056201,0,0,0,-120,,,,
056206,0,0,0,-38,,,,
056207,0,0,0,24,,,,
056209,0,0,0,30,,,,
056210,0,0,0,10,,,,
056213,0,0,0,-41,,,,
056214,0,0,0,10,,,,
056217,0,0,0,225,,,,
056218,0,0,0,0,,,,
056219,0,0,0,82,,,,
056224,0,0,0,10,,,,
056228,0,0,0,39,,,,
056229,0,0,0,-50,,,,
056230,0,0,0,1,,,,
056232,0,0,0,-3,,,,
056233,0,0,0,23,,,,
056234,0,0,0,12,,,,
056237,0,0,0,-37,,,,
056238,0,0,0,78,,,,
056241,0,0,0,-50,,,,
056242,0,0,0,4,,,,
056244,0,0,0,-44,,,,
056246,0,0,0,174,,,,
056247,0,0,0,-19,,,,
056248,0,0,0,99,,,,
056250,0,0,0,-20,,,,
056251,0,0,0,-53,,,,
056252,0,0,0,30,,,,
056253,0,0,0,67,,,,
056254,0,0,0,871,,,,
056255,0,0,0,405,,,,
056256,0,0,0,11,,,,
056257,0,0,0,515,,,,
056258,0,0,0,4,,,,
056260,0,0,0,1,,,,
056261,0,0,0,-11,,,,
056262,0,0,0,150,,,,
056263,0,0,0,-48,,,,
056265,0,0,0,13,,,,
056266,0,0,0,1080,,,,
056268,0,0,0,125,,,,
056269,0,0,0,3,,,,
056270,0,0,0,32,,,,
056274,0,0,0,-4,,,,
056276,0,0,0,5,,,,
056277,0,0,0,163,,,,
056278,0,0,0,113,,,,
056279,0,0,0,61,,,,
056280,0,0,0,250,,,,
056282,0,0,0,-124,,,,
056283,0,0,0,-9,,,,
056284,0,0,0,364,,,,
056285,0,0,0,221,,,,
056286,0,0,0,-857,,,,
056287,0,0,0,51,,,,
056288,0,0,0,-5,,,,
056290,0,0,0,-89,,,,
056292,0,0,0,-50,,,,
056293,0,0,0,-19,,,,
056294,0,0,0,-32,,,,
056295,0,0,0,1246,,,,
056296,0,0,0,99,,,,
056302,0,0,0,-10,,,,
056307,0,0,0,-2,,,,
056308,0,0,0,1,,,,
056309,0,0,0,136,,,,
056312,0,0,0,19,,,,
056313,0,0,0,-5,,,,
056314,0,0,0,584,,,,
056315,0,0,0,-712,,,,
056316,0,0,0,-12,,,,
056317,0,0,0,45,,,,
056319,0,0,0,-10,,,,
056320,0,0,0,2,,,,
056321,0,0,0,8,,,,
056322,0,0,0,3,,,,
056325,0,0,0,-50,,,,
056327,0,0,0,10,,,,
056330,0,0,0,-16,,,,
056334,0,0,0,55,,,,
056338,0,0,0,247,,,,
056339,0,0,0,-2,,,,
056342,0,0,0,96,,,,
056344,0,0,0,140,,,,
056345,0,0,0,42,,,,
056347,0,0,0,3,,,,
056348,0,0,0,-10,,,,
056349,0,0,0,-20,,,,
056350,0,0,0,-30,,,,
056351,0,0,0,75,,,,
056352,0,0,0,-35,,,,
056353,0,0,0,26,,,,
056354,0,0,0,0,,,,
056355,0,0,0,-20,,,,
056357,0,0,0,1,,,,
056359,0,0,0,-40,,,,
056360,0,0,0,-11,,,,
056361,0,0,0,22,,,,
056366,0,0,0,5,,,,
056367,0,0,0,-2,,,,
056369,0,0,0,-196,,,,
056370,0,0,0,-63,,,,
056372,0,0,0,14,,,,
056375,0,0,0,-47,,,,
056376,0,0,0,-2,,,,
056377,0,0,0,-121,,,,
056378,0,0,0,-55,,,,
056379,0,0,0,-21,,,,
056384,0,0,0,127,,,,
056386,0,0,0,6,,,,
056389,0,0,0,8,,,,
056390,0,0,0,-13,,,,
056395,0,0,0,51,,,,
056396,0,0,0,-1,,,,
056397,0,0,0,-154,,,,
056398,0,0,0,-23,,,,
056399,0,0,0,-39,,,,
056400,0,0,0,25,,,,
056401,0,0,0,77,,,,
056402,0,0,0,-14,,,,
056403,0,0,0,-6,,,,
056404,0,0,0,-76,,,,
056405,0,0,0,61,,,,
056406,0,0,0,57,,,,
056409,0,0,0,-39,,,,
056410,0,0,0,-30,,,,
056411,0,0,0,-20,,,,
056412,0,0,0,-16,,,,
056413,0,0,0,-16,,,,
056415,0,0,0,-524,,,,
056416,0,0,0,-15,,,,
056418,0,0,0,10,,,,
056419,0,0,0,20,,,,
056421,0,0,0,5,,,,
056423,0,0,0,-37,,,,
056424,0,0,0,92,,,,
056425,0,0,0,-160,,,,
056427,0,0,0,-280,,,,
056429,0,0,0,-142,,,,
056431,0,0,0,-55,,,,
056432,0,0,0,51,,,,
056433,0,0,0,27,,,,
056434,0,0,0,-1024,,,,
056435,0,0,0,1,,,,
056436,0,0,0,-115,,,,
056438,0,0,0,3,,,,
056439,0,0,0,7,,,,
05643U,0,0,0,-2,,,,
056440,0,0,0,-40,,,,
056441,0,0,0,-2,,,,
056442,0,0,0,-5,,,,
056443,0,0,0,-11,,,,
056444,0,0,0,394,,,,
056446,0,0,0,47,,,,
056447,0,0,0,99,,,,
056448,0,0,0,52,,,,
056450,0,0,0,46,,,,
056451,0,0,0,37,,,,
056452,0,0,0,26,,,,
056453,0,0,0,5,,,,
056454,0,0,0,0,,,,
056455,0,0,0,-201,,,,
056456,0,0,0,144,,,,
056457,0,0,0,51,,,,
056458,0,0,0,-5,,,,
056461,0,0,0,-40,,,,
056462,0,0,0,-77,,,,
056463,0,0,0,-2,,,,
056464,0,0,0,-97,,,,
056465,0,0,0,-25,,,,
056466,0,0,0,-114,,,,
056467,0,0,0,12,,,,
056468,0,0,0,3,,,,
056471,0,0,0,-167,,,,
056472,0,0,0,-2,,,,
056473,0,0,0,-1,,,,
056474,0,0,0,42,,,,
056475,0,0,0,-2,,,,
056476,0,0,0,2,,,,
056478,0,0,0,-4,,,,
056479,0,0,0,-23,,,,
056480,0,0,0,-95,,,,
056481,0,0,0,-4,,,,
056482,0,0,0,112,,,,
056483,0,0,0,4,,,,
056484,0,0,0,253,,,,
056485,0,0,0,448,,,,
056486,0,0,0,34,,,,
056487,0,0,0,17,,,,
056488,0,0,0,-70,,,,
056489,0,0,0,10,,,,
056490,0,0,0,-54,,,,
056491,0,0,0,-217,,,,
056492,0,0,0,-174,,,,
056493,0,0,0,-50,,,,
056494,0,0,0,-349,,,,
056500,0,0,0,-50,,,,
056502,0,0,0,-34,,,,
056504,0,0,0,27,,,,
056505,0,0,0,4,,,,
056506,0,0,0,-10,,,,
056507,0,0,0,-8,,,,
056511,0,0,0,16,,,,
056512,0,0,0,-7,,,,
056513,0,0,0,-25,,,,
056515,0,0,0,10,,,,
056516,0,0,0,2,,,,
056517,0,0,0,-5,,,,
056518,0,0,0,-139,,,,
056521,0,0,0,65,,,,
056523,0,0,0,83,,,,
056524,0,0,0,9,,,,
056527,0,0,0,2,,,,
056528,0,0,0,-50,,,,
056533,0,0,0,100,,,,
056534,0,0,0,6,,,,
056535,0,0,0,-1,,,,
056536,0,0,0,-120,,,,
056537,0,0,0,-323,,,,
056539,0,0,0,77,,,,
056540,0,0,0,91,,,,
056541,0,0,0,173,,,,
056542,0,0,0,19,,,,
056544,0,0,0,89,,,,
056545,0,0,0,65,,,,
056546,0,0,0,272,,,,
056549,0,0,0,-174,,,,
056550,0,0,0,180,,,,
056551,0,0,0,-349,,,,
056552,0,0,0,2162,,,,
056553,0,0,0,-51,,,,
056555,0,0,0,30,,,,
056556,0,0,0,31,,,,
056557,0,0,0,45,,,,
056558,0,0,0,-110,,,,
056559,0,0,0,-111,,,,
056560,0,0,0,-2099,,,,
056561,0,0,0,-129,,,,
056562,0,0,0,43,,,,
056567,0,0,0,-192,,,,
056568,0,0,0,318,,,,
056569,0,0,0,45,,,,
056570,0,0,0,240,,,,
056571,0,0,0,32,,,,
056572,0,0,0,29,,,,
056573,0,0,0,-79,,,,
056574,0,0,0,28,,,,
056575,0,0,0,13,,,,
056576,0,0,0,39,,,,
056578,0,0,0,8,,,,
056579,0,0,0,431,,,,
056583,0,0,0,-4,,,,
056587,0,0,0,-3,,,,
056588,0,0,0,-71,,,,
056590,0,0,0,30,,,,
056591,0,0,0,28,,,,
056595,0,0,0,-297,,,,
056598,0,0,0,1,,,,
056599,0,0,0,5,,,,
056600,0,0,0,272,,,,
056601,0,0,0,93,,,,
056603,0,0,0,484,,,,
056604,0,0,0,-24,,,,
056605,0,0,0,116,,,,
056606,0,0,0,-77,,,,
056607,0,0,0,382,,,,
056608,0,0,0,190,,,,
056609,0,0,0,61,,,,
056611,0,0,0,0,,,,
056613,0,0,0,10,,,,
056614,0,0,0,-9,,,,
056615,0,0,0,-10,,,,
056617,0,0,0,1,,,,
056619,0,0,0,-13,,,,
056620,0,0,0,-12,,,,
056621,0,0,0,257,,,,
056623,0,0,0,-249,,,,
056624,0,0,0,169,,,,
056628,0,0,0,-111,,,,
056629,0,0,0,-22,,,,
056630,0,0,0,184,,,,
056631,0,0,0,2,,,,
056633,0,0,0,9,,,,
056634,0,0,0,-10,,,,
056635,0,0,0,257,,,,
056636,0,0,0,0,,,,
056637,0,0,0,-579,,,,
056638,0,0,0,-8,,,,
056639,0,0,0,186,,,,
056640,0,0,0,151,,,,
056641,0,0,0,-18,,,,
056642,0,0,0,6,,,,
056643,0,0,0,-56,,,,
056644,0,0,0,7,,,,
056645,0,0,0,-23,,,,
056646,0,0,0,-20,,,,
056647,0,0,0,-1678,,,,
056648,0,0,0,-377,,,,
056649,0,0,0,-514,,,,
056651,0,0,0,5,,,,
056654,0,0,0,10,,,,
056655,0,0,0,10,,,,
056657,0,0,0,-10,,,,
056658,0,0,0,-124,,,,
056659,0,0,0,-545,,,,
056660,0,0,0,-50,,,,
056661,0,0,0,30,,,,
056662,0,0,0,13,,,,
056663,0,0,0,20,,,,
056666,0,0,0,18,,,,
056667,0,0,0,1,,,,
056668,0,0,0,-90,,,,
056669,0,0,0,40,,,,
056670,0,0,0,-5,,,,
056671,0,0,0,25,,,,
056673,0,0,0,-5,,,,
056674,0,0,0,33,,,,
056677,0,0,0,-4,,,,
056678,0,0,0,149,,,,
056680,0,0,0,-193,,,,
056681,0,0,0,841,,,,
056682,0,0,0,1,,,,
056683,0,0,0,-10,,,,
056685,0,0,0,-100,,,,
056688,0,0,0,-20,,,,
056689,0,0,0,175,,,,
056690,0,0,0,2,,,,
056691,0,0,0,87,,,,
056692,0,0,0,-9,,,,
056693,0,0,0,8,,,,
056694,0,0,0,286,,,,
056695,0,0,0,-24,,,,
056696,0,0,0,-1,,,,
056697,0,0,0,-13,,,,
056699,0,0,0,500,,,,
056701,0,0,0,104,,,,
056702,0,0,0,5,,,,
056703,0,0,0,16,,,,
056704,0,0,0,49,,,,
056709,0,0,0,1,,,,
056710,0,0,0,-38,,,,
056712,0,0,0,-30,,,,
056717,0,0,0,-1,,,,
056720,0,0,0,25,,,,
056722,0,0,0,-119,,,,
056723,0,0,0,7,,,,
056727,0,0,0,75,,,,
056729,0,0,0,-141,,,,
056730,0,0,0,64,,,,
056734,0,0,0,-5,,,,
056735,0,0,0,-39,,,,
056736,0,0,0,-177,,,,
056737,0,0,0,419,,,,
056738,0,0,0,-108,,,,
056740,0,0,0,1,,,,
056741,0,0,0,80,,,,
056743,0,0,0,-1503,,,,
056745,0,0,0,33,,,,
056746,0,0,0,-114,,,,
056747,0,0,0,23,,,,
056749,0,0,0,-32,,,,
056750,0,0,0,-84,,,,
056753,0,0,0,1,,,,
056757,0,0,0,-50,,,,
056758,0,0,0,-25,,,,
056759,0,0,0,269,,,,
056762,0,0,0,-40,,,,
056763,0,0,0,188,,,,
056764,0,0,0,-31,,,,
056765,0,0,0,-345,,,,
056766,0,0,0,194,,,,
056768,0,0,0,10,,,,
056769,0,0,0,2,,,,
056772,0,0,0,155,,,,
056773,0,0,0,-300,,,,
056774,0,0,0,196,,,,
056775,0,0,0,-13,,,,
056776,0,0,0,699,,,,
056777,0,0,0,-9,,,,
056779,0,0,0,42,,,,
056780,0,0,0,-10,,,,
056781,0,0,0,23,,,,
056782,0,0,0,-22,,,,
056783,0,0,0,11,,,,
056784,0,0,0,-16,,,,
056785,0,0,0,157,,,,
056786,0,0,0,10,,,,
056787,0,0,0,29,,,,
056789,0,0,0,234,,,,
05678U,0,0,0,-50,,,,
056790,0,0,0,-200,,,,
056791,0,0,0,5,,,,
056798,0,0,0,86,,,,
056799,0,0,0,80,,,,
056800,0,0,0,-1,,,,
056801,0,0,0,-6,,,,
056802,0,0,0,-3,,,,
056803,0,0,0,285,,,,
056805,0,0,0,7,,,,
056806,0,0,0,70,,,,
056808,0,0,0,183,,,,
056809,0,0,0,342,,,,
056810,0,0,0,1119,,,,
056813,0,0,0,-77,,,,
056814,0,0,0,8,,,,
056815,0,0,0,-21,,,,
056816,0,0,0,20,,,,
056817,0,0,0,780,,,,
056819,0,0,0,-68,,,,
056820,0,0,0,-40,,,,
056821,0,0,0,-64,,,,
056822,0,0,0,44,,,,
056824,0,0,0,-12,,,,
056825,0,0,0,-41,,,,
056826,0,0,0,31,,,,
056827,0,0,0,12,,,,
056828,0,0,0,-29,,,,
056830,0,0,0,-147,,,,
056831,0,0,0,-25,,,,
056832,0,0,0,150,,,,
056833,0,0,0,-6,,,,
056834,0,0,0,33,,,,
056835,0,0,0,-15,,,,
056837,0,0,0,-24,,,,
056838,0,0,0,-3,,,,
056840,0,0,0,228,,,,
056841,0,0,0,1138,,,,
056842,0,0,0,348,,,,
056843,0,0,0,559,,,,
056844,0,0,0,1,,,,
056845,0,0,0,61,,,,
056846,0,0,0,-10,,,,
056847,0,0,0,-40,,,,
056848,0,0,0,-295,,,,
056849,0,0,0,-145,,,,
056850,0,0,0,-13,,,,
056851,0,0,0,161,,,,
056852,0,0,0,21,,,,
056853,0,0,0,-62,,,,
056854,0,0,0,0,,,,
056855,0,0,0,-17,,,,
056856,0,0,0,-141,,,,
056857,0,0,0,-768,,,,
056858,0,0,0,15,,,,
056860,0,0,0,1,,,,
056861,0,0,0,62,,,,
056863,0,0,0,19,,,,
056864,0,0,0,-4,,,,
056865,0,0,0,606,,,,
056866,0,0,0,60,,,,
056868,0,0,0,-14,,,,
056869,0,0,0,-17,,,,
056870,0,0,0,-72,,,,
056872,0,0,0,10,,,,
056873,0,0,0,-20,,,,
056875,0,0,0,-3,,,,
056877,0,0,0,-130,,,,
056878,0,0,0,-40,,,,
056879,0,0,0,20,,,,
056885,0,0,0,-89,,,,
056886,0,0,0,-136,,,,
056888,0,0,0,-39,,,,
056890,0,0,0,16,,,,
056891,0,0,0,-102,,,,
056892,0,0,0,519,,,,
056893,0,0,0,29,,,,
056894,0,0,0,-5,,,,
056895,0,0,0,-200,,,,
056896,0,0,0,25,,,,
056897,0,0,0,-120,,,,
056901,0,0,0,-7,,,,
056902,0,0,0,28,,,,
056903,0,0,0,71,,,,
056906,0,0,0,41,,,,
056912,0,0,0,8,,,,
056913,0,0,0,33,,,,
056916,0,0,0,29,,,,
056918,0,0,0,91,,,,
056919,0,0,0,129,,,,
056920,0,0,0,8,,,,
056921,0,0,0,27,,,,
056922,0,0,0,51,,,,
056923,0,0,0,-20,,,,
056925,0,0,0,1,,,,
056926,0,0,0,0,,,,
056929,0,0,0,-39,,,,
056930,0,0,0,-46,,,,
056931,0,0,0,104,,,,
056932,0,0,0,379,,,,
056933,0,0,0,15,,,,
056934,0,0,0,-8,,,,
056935,0,0,0,-3,,,,
056937,0,0,0,-7,,,,
056938,0,0,0,-106,,,,
056939,0,0,0,74,,,,
056940,0,0,0,-199,,,,
056941,0,0,0,-175,,,,
056942,0,0,0,363,,,,
056943,0,0,0,42,,,,
056944,0,0,0,455,,,,
056945,0,0,0,-1079,,,,
056946,0,0,0,-14,,,,
056947,0,0,0,-429,,,,
056948,0,0,0,-30,,,,
056949,0,0,0,-3,,,,
056950,0,0,0,-46,,,,
056951,0,0,0,2,,,,
056953,0,0,0,10,,,,
056958,0,0,0,10,,,,
056959,0,0,0,-34,,,,
056960,0,0,0,4,,,,
056961,0,0,0,36,,,,
056962,0,0,0,49,,,,
056963,0,0,0,-100,,,,
056965,0,0,0,3,,,,
056966,0,0,0,-5,,,,
056967,0,0,0,7,,,,
056968,0,0,0,8,,,,
056971,0,0,0,-17,,,,
056975,0,0,0,-125,,,,
056976,0,0,0,66,,,,
056977,0,0,0,2,,,,
056979,0,0,0,-4,,,,
056981,0,0,0,-68,,,,
056982,0,0,0,-23,,,,
056983,0,0,0,-64,,,,
056985,0,0,0,-150,,,,
056986,0,0,0,-25,,,,
056988,0,0,0,46,,,,
056989,0,0,0,0,,,,
056990,0,0,0,-55,,,,
056998,0,0,0,3,,,,
057000,0,0,0,0,,,,
057001,0,0,0,9,,,,
057003,0,0,0,-26,,,,
057004,0,0,0,40,,,,
057005,0,0,0,2,,,,
057006,0,0,0,-273,,,,
057007,0,0,0,-223,,,,
057008,0,0,0,-139,,,,
057009,0,0,0,-69,,,,
057010,0,0,0,-11,,,,
057011,0,0,0,-162,,,,
057014,0,0,0,734,,,,
057015,0,0,0,-39,,,,
057016,0,0,0,2,,,,
057018,0,0,0,-2,,,,
057019,0,0,0,-5,,,,
057020,0,0,0,8,,,,
057022,0,0,0,-15,,,,
057023,0,0,0,2,,,,
057024,0,0,0,159,,,,
057025,0,0,0,-145,,,,
057026,0,0,0,-290,,,,
057027,0,0,0,65,,,,
057028,0,0,0,98,,,,
057029,0,0,0,-223,,,,
057030,0,0,0,303,,,,
057031,0,0,0,92,,,,
057032,0,0,0,148,,,,
057033,0,0,0,5,,,,
057034,0,0,0,79,,,,
057035,0,0,0,647,,,,
057036,0,0,0,-538,,,,
057037,0,0,0,-80,,,,
057038,0,0,0,10,,,,
057039,0,0,0,111,,,,
057041,0,0,0,-10,,,,
057042,0,0,0,585,,,,
057044,0,0,0,-147,,,,
057045,0,0,0,-1,,,,
057048,0,0,0,-25,,,,
057050,0,0,0,-24,,,,
057051,0,0,0,-7,,,,
057052,0,0,0,1,,,,
057055,0,0,0,-5,,,,
057056,0,0,0,11,,,,
057057,0,0,0,-23,,,,
057058,0,0,0,-501,,,,
057059,0,0,0,126,,,,
057061,0,0,0,-3,,,,
057062,0,0,0,34,,,,
057063,0,0,0,-79,,,,
057064,0,0,0,-3,,,,
057065,0,0,0,-38,,,,
057066,0,0,0,1,,,,
057068,0,0,0,12,,,,
057069,0,0,0,-302,,,,
057070,0,0,0,1,,,,
057072,-10,0,0,18,,,,
057073,0,0,0,47,,,,
057074,0,0,0,-5,,,,
057075,0,0,0,48,,,,
057076,0,0,0,3,,,,
057077,0,0,0,0,,,,
057078,0,0,0,26,,,,
057079,0,0,0,-1,,,,
057082,0,0,0,520,,,,
057083,0,0,0,-107,,,,
057084,-1,0,0,48,,,,
057085,0,0,0,-210,,,,
057086,0,0,0,42,,,,
057087,0,0,0,36,,,,
057091,0,0,0,3,,,,
057092,0,0,0,-213,,,,
057093,0,0,0,-161,,,,
057094,0,0,0,14,,,,
057095,0,0,0,15,,,,
057096,0,0,0,15,,,,
057098,0,0,0,99,,,,
057099,0,0,0,97,,,,
057100,0,0,0,113,,,,
057101,0,0,0,84,,,,
057102,0,0,0,-2,,,,
057103,0,0,0,96,,,,
057104,0,0,0,246,,,,
057105,0,0,0,-171,,,,
057106,0,0,0,-14,,,,
057107,0,0,0,-308,,,,
057108,0,0,0,-556,,,,
057109,0,0,0,-13,,,,
057110,0,0,0,35,,,,
057111,0,0,0,-25,,,,
057112,0,0,0,44,,,,
057113,0,0,0,-11,,,,
057114,0,0,0,-4,,,,
057115,0,0,0,4,,,,
057116,0,0,0,35,,,,
057117,0,0,0,12,,,,
057118,0,0,0,70,,,,
057119,0,0,0,-57,,,,
057120,0,0,0,-15,,,,
057121,0,0,0,340,,,,
057122,0,0,0,47,,,,
057123,0,0,0,-1,,,,
057124,0,0,0,-290,,,,
057125,0,0,0,1795,,,,
057126,0,0,0,214,,,,
057127,0,0,0,-1124,,,,
057128,0,0,0,4,,,,
057129,0,0,0,-98,,,,
057138,0,0,0,41,,,,
057140,0,0,0,26,,,,
057141,0,0,0,-2,,,,
057142,0,0,0,16,,,,
057146,0,0,0,194,,,,
057148,0,0,0,40,,,,
057149,0,0,0,180,,,,
057151,0,0,0,94,,,,
057153,0,0,0,-591,,,,
057154,0,0,0,-480,,,,
057155,0,0,0,-586,,,,
057156,0,0,0,-410,,,,
057158,0,0,0,-42,,,,
057159,0,0,0,-209,,,,
057162,0,0,0,97,,,,
057163,0,0,0,679,,,,
057164,0,0,0,-21,,,,
057167,0,0,0,11,,,,
057168,0,0,0,-200,,,,
057169,0,0,0,-186,,,,
057170,0,0,0,202,,,,
057171,0,0,0,-234,,,,
057172,0,0,0,-85,,,,
057173,0,0,0,-20,,,,
057174,0,0,0,246,,,,
057175,0,0,0,-1208,,,,
057176,0,0,0,-79,,,,
057177,0,0,0,-129,,,,
057178,0,0,0,55,,,,
057179,0,0,0,-20,,,,
057180,0,0,0,69,,,,
057182,0,0,0,-307,,,,
057183,0,0,0,-11,,,,
057184,0,0,0,19,,,,
057186,0,0,0,833,,,,
057187,0,0,0,468,,,,
057188,0,0,0,-85,,,,
057189,0,0,0,117,,,,
057190,0,0,0,-21,,,,
057191,0,0,0,75,,,,
057192,0,0,0,-18,,,,
057193,0,0,0,-57,,,,
057195,0,0,0,-100,,,,
057196,0,0,0,-546,,,,
057198,0,0,0,47,,,,
057199,0,0,0,-59,,,,
057200,0,0,0,-849,,,,
057201,0,0,0,90,,,,
057202,0,0,0,5,,,,
057203,0,0,0,-865,,,,
057204,0,0,0,-434,,,,
057206,0,0,0,320,,,,
057207,0,0,0,63,,,,
057208,0,0,0,385,,,,
057209,0,0,0,-250,,,,
057210,0,0,0,-54,,,,
057211,0,0,0,50,,,,
057212,0,0,0,-74,,,,
057213,0,0,0,28,,,,
057214,0,0,0,54,,,,
057215,0,0,0,-18,,,,
057216,0,0,0,219,,,,
057219,0,0,0,3,,,,
057221,0,0,0,51,,,,
057222,0,0,0,32,,,,
057223,0,0,0,10,,,,
057224,0,0,0,-70,,,,
057225,0,0,0,8,,,,
057226,0,0,0,-3,,,,
057227,0,0,0,10,,,,
057228,0,0,0,1,,,,
057229,0,0,0,8,,,,
057230,0,0,0,-40,,,,
057231,0,0,0,16,,,,
057233,0,0,0,4,,,,
057235,0,0,0,-96,,,,
057238,0,0,0,-125,,,,
057239,0,0,0,59,,,,
057240,0,0,0,199,,,,
057241,0,0,0,74,,,,
057242,0,0,0,-4,,,,
057247,0,0,0,20,,,,
057248,0,0,0,66,,,,
057250,0,0,0,30,,,,
057251,0,0,0,5,,,,
057252,0,0,0,-30,,,,
057253,0,0,0,2463,,,,
057254,0,0,0,114,,,,
057256,0,0,0,-135,,,,
057257,0,0,0,-1,,,,
057258,0,0,0,215,,,,
057259,0,0,0,0,,,,
057260,0,0,0,-9,,,,
057261,0,0,0,-18,,,,
057263,0,0,0,100,,,,
057264,0,0,0,75,,,,
057265,0,0,0,-190,,,,
057270,0,0,0,222,,,,
057271,0,0,0,105,,,,
057273,0,0,0,-7,,,,
057274,0,0,0,-48,,,,
057275,0,0,0,5,,,,
057276,0,0,0,-1,,,,
057279,0,0,0,-25,,,,
057280,0,0,0,-10,,,,
057282,0,0,0,-10,,,,
057283,0,0,0,63,,,,
057285,0,0,0,90,,,,
057286,0,0,0,530,,,,
057287,0,0,0,10,,,,
057288,0,0,0,-20,,,,
057289,0,0,0,50,,,,
057290,0,0,0,229,,,,
057291,0,0,0,85,,,,
057292,0,0,0,-80,,,,
057293,0,0,0,168,,,,
057295,0,0,0,-284,,,,
057298,0,0,0,4,,,,
057299,0,0,0,978,,,,
057301,0,0,0,-236,,,,
057302,0,0,0,-469,,,,
057304,0,0,0,4636,,,,
057305,0,0,0,-28,,,,
057306,0,0,0,14,,,,
057311,0,0,0,-9,,,,
057312,0,0,0,33,,,,
057313,0,0,0,50,,,,
057314,0,0,0,67,,,,
057315,0,0,0,29,,,,
057316,0,0,0,94,,,,
057317,0,0,0,-34,,,,
057318,0,0,0,63,,,,
057323,0,0,0,1,,,,
057326,0,0,0,54,,,,
057327,0,0,0,298,,,,
057328,0,0,0,158,,,,
057330,0,0,0,-1996,,,,
057332,0,0,0,546,,,,
057333,0,0,0,30,,,,
057334,0,0,0,545,,,,
057335,0,0,0,-15,,,,
057336,0,0,0,125,,,,
057337,0,0,0,-17,,,,
057339,0,0,0,21,,,,
057340,0,0,0,-20,,,,
057341,0,0,0,46,,,,
057343,0,0,0,512,,,,
057344,0,0,0,-107,,,,
057346,0,0,0,68,,,,
057348,0,0,0,9,,,,
057349,0,0,0,-688,,,,
057350,0,0,0,108,,,,
057351,0,0,0,76,,,,
057352,0,0,0,246,,,,
057353,0,0,0,128,,,,
057355,0,0,0,-301,,,,
057356,0,0,0,-17,,,,
057357,0,0,0,-16,,,,
057358,0,0,0,-48,,,,
057362,0,0,0,132,,,,
057364,0,0,0,316,,,,
057365,0,0,0,310,,,,
057366,0,0,0,46,,,,
057367,0,0,0,157,,,,
057368,0,0,0,23,,,,
057370,0,0,0,-21,,,,
057372,0,0,0,-159,,,,
057374,0,0,0,29,,,,
057377,0,0,0,2,,,,
057383,0,0,0,138,,,,
057384,0,0,0,-158,,,,
057385,0,0,0,783,,,,
057387,0,0,0,-1020,,,,
057388,0,0,0,-10,,,,
057389,0,0,0,-2,,,,
057391,0,0,0,2,,,,
057392,0,0,0,55,,,,
057393,0,0,0,134,,,,
057395,0,0,0,9,,,,
057396,0,0,0,29,,,,
057397,0,0,0,23,,,,
057398,0,0,0,154,,,,
057402,0,0,0,-4,,,,
057404,0,0,0,0,,,,
057405,0,0,0,1,,,,
057406,0,0,0,12,,,,
057407,0,0,0,0,,,,
057410,0,0,0,302,,,,
057411,0,0,0,495,,,,
057412,0,0,0,2,,,,
057413,0,0,0,22,,,,
057414,-1,0,0,26,,,,
057415,0,0,0,1,,,,
057417,0,0,0,-20,,,,
057418,0,0,0,39,,,,
057419,0,0,0,-457,,,,
057420,0,0,0,30,,,,
057424,0,0,0,36,,,,
057425,0,0,0,75,,,,
057426,0,0,0,4,,,,
057427,0,0,0,-7,,,,
057428,0,0,0,119,,,,
057429,0,0,0,276,,,,
057430,0,0,0,-104,,,,
057432,0,0,0,135,,,,
057433,0,0,0,-96,,,,
057434,0,0,0,-553,,,,
057435,0,0,0,50,,,,
057436,0,0,0,-213,,,,
057437,0,0,0,84,,,,
057438,0,0,0,-150,,,,
057439,0,0,0,-13,,,,
057441,0,0,0,5,,,,
057442,0,0,0,15,,,,
057444,0,0,0,-177,,,,
057445,0,0,0,-72,,,,
057446,0,0,0,-386,,,,
057447,0,0,0,-159,,,,
057448,0,0,0,111,,,,
057449,0,0,0,-451,,,,
057450,0,0,0,-582,,,,
057451,0,0,0,120,,,,
057452,0,0,0,1,,,,
057455,0,0,0,-41,,,,
057456,0,0,0,-23,,,,
057457,0,0,0,18,,,,
057459,0,0,0,70,,,,
057460,0,0,0,-305,,,,
057461,0,0,0,0,,,,
057462,0,0,0,-41,,,,
057464,0,0,0,-6,,,,
057466,0,0,0,-10,,,,
057467,0,0,0,-51,,,,
057469,0,0,0,-1,,,,
057470,0,0,0,20,,,,
057471,0,0,0,14,,,,
057472,0,0,0,10,,,,
057473,0,0,0,-681,,,,
057475,0,0,0,-97,,,,
057476,0,0,0,-10,,,,
057477,0,0,0,-15,,,,
057478,0,0,0,-247,,,,
057479,0,0,0,-153,,,,
057481,0,0,0,1,,,,
057482,0,0,0,-97,,,,
057483,0,0,0,8,,,,
057484,0,0,0,547,,,,
057485,0,0,0,355,,,,
057486,0,0,0,-268,,,,
057487,0,0,0,50,,,,
057488,0,0,0,-81,,,,
057489,0,0,0,67,,,,
057490,0,0,0,36,,,,
057491,0,0,0,15,,,,
057492,0,0,0,60,,,,
057493,0,0,0,478,,,,
057494,0,0,0,252,,,,
057495,0,0,0,53,,,,
057496,0,0,0,3,,,,
057497,0,0,0,-22,,,,
057500,0,0,0,-30,,,,
057501,0,0,0,25,,,,
057502,0,0,0,-20,,,,
057504,0,0,0,53,,,,
057506,0,0,0,-113,,,,
057509,0,0,0,-335,,,,
057510,0,0,0,-566,,,,
057511,0,0,0,246,,,,
057514,0,0,0,261,,,,
057515,0,0,0,48,,,,
057516,0,0,0,262,,,,
057517,0,0,0,-99,,,,
057518,0,0,0,-530,,,,
057519,0,0,0,-10,,,,
057520,0,0,0,-10,,,,
057521,0,0,0,-299,,,,
057522,0,0,0,7,,,,
057523,0,0,0,-24,,,,
057524,0,0,0,59,,,,
057526,0,0,0,-526,,,,
057527,0,0,0,31,,,,
057528,0,0,0,116,,,,
057529,0,0,0,9,,,,
057530,0,0,0,31,,,,
057531,0,0,0,890,,,,
057533,0,0,0,914,,,,
057534,0,0,0,-84,,,,
057535,0,0,0,-19,,,,
057536,0,0,0,186,,,,
057537,0,0,0,34,,,,
057538,0,0,0,-20,,,,
057539,0,0,0,146,,,,
057540,0,0,0,-85,,,,
057541,0,0,0,-25,,,,
057542,0,0,0,3,,,,
057543,0,0,0,-297,,,,
057544,0,0,0,-1036,,,,
057545,0,0,0,-42,,,,
057546,0,0,0,-647,,,,
057547,0,0,0,-85,,,,
057548,0,0,0,40,,,,
057551,0,0,0,-18,,,,
057552,0,0,0,-1,,,,
057554,0,0,0,13,,,,
057555,0,0,0,596,,,,
057556,0,0,0,13,,,,
057557,0,0,0,247,,,,
057560,0,0,0,-34,,,,
057562,0,0,0,-27,,,,
057563,0,0,0,-17,,,,
057564,0,0,0,1,,,,
057567,0,0,0,2,,,,
057568,0,0,0,-16,,,,
057570,0,0,0,69,,,,
057571,0,0,0,262,,,,
057572,0,0,0,9,,,,
057573,0,0,0,-18,,,,
057574,0,0,0,-146,,,,
057575,0,0,0,29,,,,
057576,0,0,0,-59,,,,
057579,0,0,0,8,,,,
057580,0,0,0,-3,,,,
057581,0,0,0,12,,,,
057582,0,0,0,-89,,,,
057583,0,0,0,125,,,,
057584,0,0,0,94,,,,
057585,0,0,0,-21,,,,
057587,0,0,0,-257,,,,
057588,0,0,0,-110,,,,
057589,0,0,0,10,,,,
057591,0,0,0,0,,,,
057592,0,0,0,25,,,,
057594,0,0,0,21,,,,
057595,0,0,0,-2,,,,
057596,0,0,0,-24,,,,
057598,0,0,0,289,,,,
057599,0,0,0,-144,,,,
057600,0,0,0,22,,,,
057603,0,0,0,10,,,,
057604,0,0,0,100,,,,
057605,0,0,0,18,,,,
057608,0,0,0,3,,,,
057609,0,0,0,13,,,,
057610,0,0,0,106,,,,
057612,0,0,0,43,,,,
057613,0,0,0,-4,,,,
057616,0,0,0,20,,,,
057620,0,0,0,186,,,,
057621,0,0,0,1,,,,
057623,0,0,0,238,,,,
057624,0,0,0,103,,,,
057625,0,0,0,-1050,,,,
057626,0,0,0,13,,,,
057627,0,0,0,4,,,,
057628,0,0,0,36,,,,
057629,0,0,0,35,,,,
057630,0,0,0,-48,,,,
057631,0,0,0,-289,,,,
057632,0,0,0,-225,,,,
057633,0,0,0,-44,,,,
057634,0,0,0,-108,,,,
057635,0,0,0,1384,,,,
057636,0,0,0,-31,,,,
057637,0,0,0,2,,,,
057638,0,0,0,-44,,,,
057639,0,0,0,185,,,,
057640,0,0,0,125,,,,
057641,0,0,0,-377,,,,
057642,0,0,0,-229,,,,
057643,0,0,0,260,,,,
057644,0,0,0,-1142,,,,
057645,0,0,0,220,,,,
057646,0,0,0,116,,,,
057647,0,0,0,49,,,,
057648,0,0,0,91,,,,
057650,0,0,0,-1,,,,
057651,0,0,0,-27,,,,
057652,0,0,0,230,,,,
057654,0,0,0,-19,,,,
057656,0,0,0,2,,,,
057657,0,0,0,34,,,,
057658,0,0,0,121,,,,
057659,0,0,0,1050,,,,
057660,0,0,0,-544,,,,
057661,0,0,0,-1154,,,,
057663,0,0,0,195,,,,
057664,0,0,0,152,,,,
057665,0,0,0,3,,,,
057666,0,0,0,210,,,,
057667,0,0,0,-4,,,,
057668,0,0,0,18,,,,
057671,0,0,0,-36,,,,
057672,0,0,0,-2,,,,
057675,0,0,0,-12,,,,
057676,0,0,0,5,,,,
057677,0,0,0,-17,,,,
057678,0,0,0,6,,,,
057681,0,0,0,14,,,,
057682,0,0,0,10,,,,
057683,0,0,0,0,,,,
057684,0,0,0,3,,,,
057685,0,0,0,61,,,,
057689,0,0,0,149,,,,
057690,0,0,0,6,,,,
057691,0,0,0,-89,,,,
057692,0,0,0,94,,,,
057693,0,0,0,3,,,,
057695,0,0,0,5,,,,
057697,0,0,0,70,,,,
057698,0,0,0,27,,,,
057700,0,0,0,4,,,,
057701,0,0,0,10,,,,
057702,0,0,0,-8,,,,
057703,0,0,0,34,,,,
057705,0,0,0,232,,,,
057706,0,0,0,300,,,,
057707,0,0,0,12,,,,
057708,0,0,0,219,,,,
057709,0,0,0,-818,,,,
057710,0,0,0,-18,,,,
057711,0,0,0,139,,,,
057712,0,0,0,-119,,,,
057713,0,0,0,224,,,,
057714,0,0,0,-167,,,,
057717,0,0,0,340,,,,
057718,0,0,0,26,,,,
057719,0,0,0,36,,,,
057721,0,0,0,40,,,,
057723,0,0,0,28,,,,
057724,0,0,0,-54,,,,
057725,0,0,0,0,,,,
057726,0,0,0,-42,,,,
057727,0,0,0,-21,,,,
057728,0,0,0,15,,,,
057730,0,0,0,9,,,,
057731,0,0,0,27,,,,
057732,0,0,0,-24,,,,
057733,0,0,0,473,,,,
057734,0,0,0,119,,,,
057735,0,0,0,195,,,,
057736,0,0,0,-17,,,,
057737,0,0,0,79,,,,
057738,0,0,0,-659,,,,
057739,0,0,0,-40,,,,
057740,0,0,0,-211,,,,
057742,0,0,0,38,,,,
057745,0,0,0,16,,,,
057746,0,0,0,-33,,,,
057748,0,0,0,874,,,,
057749,0,0,0,102,,,,
057750,0,0,0,-4,,,,
057752,0,0,0,96,,,,
057753,0,0,0,-138,,,,
057754,0,0,0,-33,,,,
057755,0,0,0,263,,,,
057756,0,0,0,35,,,,
057757,0,0,0,-60,,,,
057759,0,0,0,17,,,,
057761,0,0,0,-18,,,,
057765,0,0,0,-29,,,,
057766,0,0,0,-33,,,,
057767,0,0,0,-9,,,,
057770,0,0,0,-5,,,,
057773,0,0,0,-77,,,,
057774,0,0,0,3,,,,
057775,0,0,0,-602,,,,
057776,0,0,0,-32,,,,
057777,0,0,0,-426,,,,
057778,0,0,0,43,,,,
057779,0,0,0,1222,,,,
057780,0,0,0,-36,,,,
057781,0,0,0,300,,,,
057782,0,0,0,112,,,,
057784,0,0,0,45,,,,
057785,0,0,0,-222,,,,
057786,0,0,0,539,,,,
057787,0,0,0,-36,,,,
057788,0,0,0,-213,,,,
057789,0,0,0,-575,,,,
057790,0,0,0,427,,,,
057792,0,0,0,-7,,,,
057793,0,0,0,227,,,,
057794,0,0,0,104,,,,
057795,0,0,0,-299,,,,
057798,0,0,0,-3,,,,
057799,0,0,0,-5,,,,
057801,0,0,0,-49,,,,
057802,0,0,0,-37,,,,
057803,15,0,0,-15,,,,
057804,0,0,0,-40,,,,
057805,0,0,0,-37,,,,
057806,0,0,0,174,,,,
057807,0,0,0,-172,,,,
057808,0,0,0,-336,,,,
057809,0,0,0,18,,,,
057810,0,0,0,114,,,,
057811,0,0,0,-123,,,,
057812,0,0,0,16,,,,
057813,0,0,0,58,,,,
057814,0,0,0,53,,,,
057815,0,0,0,-201,,,,
057817,0,0,0,-1,,,,
057819,0,0,0,11,,,,
057820,0,0,0,20,,,,
057821,0,0,0,1,,,,
057823,0,0,0,-120,,,,
057824,0,0,0,340,,,,
057825,0,0,0,-13,,,,
057826,0,0,0,-31,,,,
057829,0,0,0,-491,,,,
057830,0,0,0,38,,,,
057831,0,0,0,-51,,,,
057832,0,0,0,287,,,,
057833,0,0,0,65,,,,
057834,0,0,0,-772,,,,
057835,0,0,0,20,,,,
057836,0,0,0,481,,,,
057837,0,0,0,4,,,,
057839,0,0,0,-120,,,,
057841,0,0,0,-502,,,,
057842,0,0,0,-35,,,,
057843,0,0,0,-448,,,,
057845,0,0,0,-90,,,,
057846,0,0,0,-690,,,,
057847,0,0,0,-2387,,,,
057848,0,0,0,-465,,,,
057849,0,0,0,-489,,,,
057850,0,0,0,-121,,,,
057851,0,0,0,13,,,,
057853,0,0,0,-70,,,,
057854,0,0,0,-249,,,,
057855,0,0,0,-569,,,,
057856,0,0,0,-10,,,,
057857,0,0,0,-1727,,,,
057858,0,0,0,7,,,,
057859,0,0,0,-96,,,,
057860,0,0,0,-67,,,,
057862,0,0,0,-159,,,,
057863,0,0,0,-54,,,,
057864,0,0,0,-2,,,,
057865,0,0,0,-22,,,,
057866,0,0,0,258,,,,
057867,0,0,0,4,,,,
057869,0,0,0,133,,,,
057870,0,0,0,15,,,,
057871,0,0,0,-363,,,,
057872,0,0,0,1032,,,,
057873,0,0,0,56,,,,
057874,0,0,0,493,,,,
057876,0,0,0,-8,,,,
05787U,0,0,0,-95,,,,
057881,0,0,0,82,,,,
057882,0,0,0,-2,,,,
057883,0,0,0,90,,,,
057884,0,0,0,-25,,,,
057885,0,0,0,23,,,,
057886,0,0,0,40,,,,
057887,0,0,0,210,,,,
057888,0,0,0,67,,,,
057889,0,0,0,827,,,,
057891,0,0,0,-58,,,,
057892,0,0,0,93,,,,
057893,0,0,0,-10,,,,
057894,0,0,0,9,,,,
057895,0,0,0,-2,,,,
057898,0,0,0,9,,,,
057899,0,0,0,10,,,,
057900,0,0,0,65,,,,
057901,0,0,0,-7,,,,
057903,0,0,0,-1,,,,
057904,0,0,0,1,,,,
057905,0,0,0,-77,,,,
057906,0,0,0,35,,,,
057907,0,0,0,26,,,,
057908,0,0,0,0,,,,
057909,0,0,0,550,,,,
057910,0,0,0,31,,,,
057911,0,0,0,20,,,,
057912,0,0,0,63,,,,
057913,0,0,0,151,,,,
057915,0,0,0,-6,,,,
057916,0,0,0,-20,,,,
057917,0,0,0,-3,,,,
057919,0,0,0,-50,,,,
057920,0,0,0,-4,,,,
057921,0,0,0,-20,,,,
057922,0,0,0,33,,,,
057923,0,0,0,-24,,,,
057924,0,0,0,-60,,,,
057927,0,0,0,1,,,,
057928,0,0,0,-11,,,,
057929,0,0,0,0,,,,
057931,0,0,0,68,,,,
057933,0,0,0,232,,,,
057934,0,0,0,-7,,,,
057935,0,0,0,5,,,,
057936,0,0,0,103,,,,
057937,0,0,0,-30,,,,
057938,0,0,0,27,,,,
057939,0,0,0,-13,,,,
057943,0,0,0,-116,,,,
057945,0,0,0,10,,,,
057946,0,0,0,-20,,,,
057949,0,0,0,-112,,,,
057950,0,0,0,-3,,,,
057951,0,0,0,4,,,,
057952,0,0,0,-4,,,,
057953,0,0,0,-1,,,,
057955,0,0,0,10,,,,
057956,0,0,0,-10,,,,
057957,0,0,0,21,,,,
057958,0,0,0,53,,,,
057959,0,0,0,-80,,,,
057960,0,0,0,191,,,,
057962,0,0,0,0,,,,
057963,0,0,0,2,,,,
057964,0,0,0,-83,,,,
057965,0,0,0,68,,,,
057967,0,0,0,-92,,,,
057968,0,0,0,-14,,,,
057969,0,0,0,37,,,,
057971,0,0,0,14,,,,
057972,0,0,0,16,,,,
057975,0,0,0,351,,,,
057976,0,0,0,626,,,,
057977,0,0,0,54,,,,
057979,0,0,0,41,,,,
057982,0,0,0,-203,,,,
057983,0,0,0,54,,,,
057984,0,0,0,25,,,,
057985,0,0,0,-71,,,,
057987,0,0,0,4,,,,
057988,0,0,0,129,,,,
057989,0,0,0,-1,,,,
057990,0,0,0,10,,,,
057991,0,0,0,-434,,,,
057992,5,0,0,-753,,,,
057993,0,0,0,61,,,,
057994,0,0,0,-11,,,,
057995,0,0,0,-11,,,,
057996,0,0,0,-60,,,,
057998,0,0,0,-24,,,,
057999,0,0,0,-24,,,,
058000,0,0,0,-50,,,,
058001,0,0,0,-80,,,,
058002,0,0,0,10,,,,
058003,0,0,0,140,,,,
058004,0,0,0,-7,,,,
058005,0,0,0,167,,,,
058006,0,0,0,-485,,,,
058007,0,0,0,325,,,,
058008,0,0,0,1,,,,
058009,0,0,0,701,,,,
058010,0,0,0,13,,,,
058011,0,0,0,325,,,,
058012,0,0,0,-215,,,,
058013,0,0,0,544,,,,
058014,0,0,0,248,,,,
058015,0,0,0,176,,,,
058016,0,0,0,1016,,,,
058017,0,0,0,2363,,,,
058018,0,0,0,-57,,,,
058019,0,0,0,5,,,,
058020,0,0,0,-555,,,,
058023,0,0,0,-100,,,,
058024,0,0,0,374,,,,
058026,0,0,0,-1,,,,
058027,0,0,0,-5,,,,
058028,0,0,0,0,,,,
058029,0,0,0,-21,,,,
058030,0,0,0,-15,,,,
058033,0,0,0,76,,,,
058034,0,0,0,63,,,,
058035,0,0,0,-60,,,,
058036,0,0,0,2,,,,
058041,0,0,0,259,,,,
058042,0,0,0,201,,,,
058043,0,0,0,28,,,,
058044,0,0,0,-405,,,,
058046,0,0,0,-4,,,,
058049,0,0,0,64,,,,
058050,0,0,0,-85,,,,
058052,0,0,0,-9,,,,
058053,0,0,0,51,,,,
058054,0,0,0,-30,,,,
058056,0,0,0,-45,,,,
058057,0,0,0,10,,,,
058058,0,0,0,1,,,,
058059,0,0,0,30,,,,
058060,0,0,0,-42,,,,
058061,0,0,0,585,,,,
058065,0,0,0,2,,,,
058066,0,0,0,-3,,,,
058067,0,0,0,0,,,,
058070,0,0,0,-3,,,,
058071,0,0,0,-29,,,,
058072,0,0,0,-6,,,,
058073,0,0,0,-180,,,,
058075,0,0,0,63,,,,
058077,0,0,0,82,,,,
058078,0,0,0,-15,,,,
058079,0,0,0,-170,,,,
058081,0,0,0,-2,,,,
058082,0,0,0,123,,,,
058085,0,0,0,2,,,,
058087,0,0,0,-15,,,,
058090,0,0,0,-4,,,,
058091,0,0,0,5,,,,
058092,0,0,0,0,,,,
058093,0,0,0,7,,,,
058094,0,0,0,102,,,,
058095,0,0,0,100,,,,
058096,0,0,0,4,,,,
058097,0,0,0,312,,,,
058099,0,0,0,69,,,,
058102,0,0,0,-2,,,,
058103,0,0,0,-33,,,,
058104,0,0,0,-166,,,,
058105,0,0,0,6,,,,
058106,0,0,0,-12,,,,
058107,0,0,0,80,,,,
058108,0,0,0,-83,,,,
058109,0,0,0,-3,,,,
058112,0,0,0,-97,,,,
058113,0,0,0,83,,,,
058115,0,0,0,-41,,,,
058116,0,0,0,-46,,,,
058123,0,0,0,-81,,,,
058124,0,0,0,0,,,,
058125,0,0,0,140,,,,
058126,0,0,0,247,,,,
058127,0,0,0,14,,,,
058128,0,0,0,-32,,,,
058129,0,0,0,10,,,,
058130,0,0,0,-133,,,,
058134,0,0,0,10,,,,
058135,0,0,0,-7,,,,
058137,0,0,0,-17,,,,
058138,0,0,0,123,,,,
058139,0,0,0,-2,,,,
058140,0,0,0,409,,,,
058141,0,0,0,98,,,,
058142,0,0,0,-52,,,,
058144,0,0,0,219,,,,
058145,0,0,0,42,,,,
058146,0,0,0,132,,,,
058147,0,0,0,10,,,,
058149,0,0,0,1,,,,
058150,0,0,0,5,,,,
058154,0,0,0,366,,,,
058155,0,0,0,103,,,,
058156,0,0,0,-496,,,,
058157,0,0,0,-1949,,,,
058158,0,0,0,70,,,,
058159,0,0,0,-167,,,,
058160,0,0,0,164,,,,
058161,0,0,0,-1924,,,,
058162,0,0,0,-5,,,,
058163,0,0,0,-40,,,,
058164,0,0,0,1,,,,
058165,0,0,0,258,,,,
058166,0,0,0,-46,,,,
058167,0,0,0,-204,,,,
058168,0,0,0,-70,,,,
058169,0,0,0,5,,,,
058172,0,0,0,28,,,,
058173,0,0,0,209,,,,
058174,0,0,0,31,,,,
058175,0,0,0,-17,,,,
058176,0,0,0,-9,,,,
058177,0,0,0,-10,,,,
058178,0,0,0,24,,,,
058179,0,0,0,-238,,,,
058180,0,0,0,98,,,,
058181,0,0,0,242,,,,
058182,0,0,0,226,,,,
058183,0,0,0,14,,,,
058184,0,0,0,-2424,,,,
058185,0,0,0,-2,,,,
058186,0,0,0,6,,,,
058187,0,0,0,-22,,,,
058188,0,0,0,34,,,,
058189,0,0,0,294,,,,
058190,0,0,0,3,,,,
058191,0,0,0,-131,,,,
058192,0,0,0,21,,,,
058193,-6,0,0,146,,,,
058194,0,0,0,34,,,,
058197,0,0,0,624,,,,
058198,0,0,0,-70,,,,
058199,0,0,0,39,,,,
058200,0,0,0,-322,,,,
058201,0,0,0,-170,,,,
058202,0,0,0,660,,,,
058203,0,0,0,162,,,,
058204,0,0,0,-132,,,,
058205,0,0,0,-12,,,,
058206,0,0,0,-333,,,,
058208,0,0,0,2,,,,
058214,0,0,0,3,,,,
058215,0,0,0,17,,,,
058217,0,0,0,-20,,,,
058218,0,0,0,-5,,,,
058220,0,0,0,95,,,,
058221,0,0,0,-146,,,,
058223,0,0,0,-27,,,,
058225,0,0,0,24,,,,
058226,0,0,0,-100,,,,
058227,0,0,0,-16,,,,
058228,0,0,0,97,,,,
058229,0,0,0,351,,,,
058231,0,0,0,12,,,,
058233,0,0,0,-6,,,,
058237,0,0,0,0,,,,
058239,0,0,0,-331,,,,
058240,0,0,0,15,,,,
058241,0,0,0,81,,,,
058245,0,0,0,-10,,,,
058246,0,0,0,10,,,,
058247,0,0,0,11,,,,
058248,0,0,0,-182,,,,
058250,0,0,0,0,,,,
058251,0,0,0,-52,,,,
058254,0,0,0,-116,,,,
058255,0,0,0,-63,,,,
058258,0,0,0,57,,,,
058259,0,0,0,1,,,,
058261,0,0,0,-2,,,,
058264,0,0,0,38,,,,
058265,0,0,0,-35,,,,
058268,0,0,0,-271,,,,
058270,0,0,0,1,,,,
058271,0,0,0,-318,,,,
058272,0,0,0,-15,,,,
058275,0,0,0,14,,,,
058277,0,0,0,-3,,,,
058278,0,0,0,12,,,,
058280,0,0,0,61,,,,
058282,0,0,0,27,,,,
058284,0,0,0,12,,,,
058285,0,0,0,-65,,,,
058286,0,0,0,10,,,,
058288,0,0,0,0,,,,
058289,0,0,0,37,,,,
058290,0,0,0,76,,,,
058291,0,0,0,90,,,,
058292,0,0,0,-10,,,,
058293,0,0,0,-14,,,,
058295,0,0,0,25,,,,
058296,0,0,0,67,,,,
058297,0,0,0,-5,,,,
058298,0,0,0,-30,,,,
058301,0,0,0,134,,,,
058302,0,0,0,-92,,,,
058303,0,0,0,122,,,,
058305,0,0,0,178,,,,
058307,0,0,0,590,,,,
058308,0,0,0,-155,,,,
058309,0,0,0,-10,,,,
058310,0,0,0,-317,,,,
058311,0,0,0,300,,,,
058312,0,0,0,40,,,,
058313,0,0,0,301,,,,
058315,0,0,0,-65,,,,
058316,0,0,0,-292,,,,
058317,0,0,0,59,,,,
058319,0,0,0,220,,,,
058320,0,0,0,158,,,,
058321,0,0,0,-226,,,,
058322,0,0,0,-304,,,,
058323,0,0,0,-85,,,,
058324,0,0,0,-430,,,,
058327,0,0,0,82,,,,
058328,0,0,0,-409,,,,
058329,0,0,0,94,,,,
058331,0,0,0,98,,,,
058332,0,0,0,0,,,,
058333,0,0,0,177,,,,
058334,0,0,0,140,,,,
058335,0,0,0,-58,,,,
058336,0,0,0,54,,,,
058338,0,0,0,-33,,,,
058344,0,0,0,-10,,,,
058345,0,0,0,121,,,,
058347,0,0,0,1,,,,
058350,0,0,0,4,,,,
058351,0,0,0,4,,,,
058355,0,0,0,-2,,,,
058358,0,0,0,10,,,,
058359,0,0,0,5,,,,
058361,0,0,0,56,,,,
058362,0,0,0,-11,,,,
058363,0,0,0,-61,,,,
058365,0,0,0,-11,,,,
058366,0,0,0,9,,,,
058370,0,0,0,23,,,,
058371,0,0,0,-9,,,,
058372,0,0,0,35,,,,
058373,0,0,0,34,,,,
058375,0,0,0,72,,,,
058376,0,0,0,63,,,,
058379,0,0,0,-8,,,,
058380,0,0,0,-12,,,,
058381,0,0,0,-5,,,,
058382,0,0,0,27,,,,
058384,0,0,0,32,,,,
058385,0,0,0,10,,,,
058386,0,0,0,223,,,,
058387,0,0,0,41,,,,
058388,0,0,0,102,,,,
058390,0,0,0,-44,,,,
058391,0,0,0,0,,,,
058392,0,0,0,-36,,,,
058394,0,0,0,2,,,,
058395,0,0,0,119,,,,
058396,0,0,0,50,,,,
058397,0,0,0,36,,,,
058398,0,0,0,1,,,,
058399,0,0,0,230,,,,
05839U,0,0,0,0,,,,
058400,0,0,0,324,,,,
058401,0,0,0,-118,,,,
058402,0,0,0,-224,,,,
058403,0,0,0,-219,,,,
058404,0,0,0,-106,,,,
058405,0,0,0,28,,,,
058406,0,0,0,68,,,,
058408,0,0,0,-198,,,,
058409,0,0,0,27,,,,
058410,0,0,0,50,,,,
058415,0,0,0,-24,,,,
058416,0,0,0,7,,,,
058417,0,0,0,207,,,,
058418,0,0,0,-15,,,,
058419,0,0,0,3,,,,
058420,0,0,0,144,,,,
058421,0,0,0,0,,,,
058422,0,0,0,591,,,,
058423,0,0,0,85,,,,
058425,0,0,0,-56,,,,
058428,0,0,0,7,,,,
058430,0,0,0,75,,,,
058431,0,0,0,205,,,,
058432,0,0,0,31,,,,
058435,0,0,0,283,,,,
058436,0,0,0,-87,,,,
058437,0,0,0,-127,,,,
058439,0,0,0,-120,,,,
058440,0,0,0,111,,,,
058441,0,0,0,350,,,,
058442,0,0,0,-1369,,,,
058443,0,0,0,42,,,,
058444,0,0,0,14,,,,
058446,0,0,0,10,,,,
058447,0,0,0,-150,,,,
058452,0,0,0,1,,,,
058453,0,0,0,20,,,,
058454,0,0,0,49,,,,
058456,0,0,0,15,,,,
058457,0,0,0,13,,,,
058458,0,0,0,44,,,,
058459,0,0,0,0,,,,
058464,0,0,0,-103,,,,
058465,0,0,0,44,,,,
058466,0,0,0,396,,,,
058467,0,0,0,32,,,,
058468,0,0,0,295,,,,
058469,0,0,0,66,,,,
058470,0,0,0,99,,,,
058471,0,0,0,-13,,,,
058472,0,0,0,-20,,,,
058473,0,0,0,2,,,,
058474,0,0,0,0,,,,
058476,0,0,0,-50,,,,
058477,0,0,0,-29,,,,
058478,0,0,0,0,,,,
058484,0,0,0,-22,,,,
058486,0,0,0,-4,,,,
058487,0,0,0,72,,,,
058488,0,0,0,-56,,,,
058489,0,0,0,-25,,,,
058492,0,0,0,30,,,,
058493,0,0,0,3,,,,
058494,0,0,0,-23,,,,
058495,0,0,0,114,,,,
058497,0,0,0,39,,,,
058498,0,0,0,57,,,,
058499,0,0,0,84,,,,
058501,0,0,0,-43,,,,
058502,0,0,0,-34,,,,
058503,0,0,0,-1354,,,,
058504,0,0,0,0,,,,
058505,0,0,0,-75,,,,
058506,0,0,0,-1,,,,
058507,0,0,0,-317,,,,
058508,0,0,0,-12,,,,
058510,0,0,0,-42,,,,
058511,0,0,0,0,,,,
058512,0,0,0,30,,,,
058513,-15,0,0,572,,,,
058514,0,0,0,57,,,,
058516,0,0,0,128,,,,
058517,0,0,0,-2,,,,
058519,0,0,0,-169,,,,
058520,0,0,0,-2,,,,
058521,0,0,0,-119,,,,
058523,0,0,0,-100,,,,
058524,0,0,0,-3,,,,
058525,0,0,0,-23,,,,
058527,0,0,0,-4,,,,
058528,0,0,0,15,,,,
058530,0,0,0,2,,,,
058531,0,0,0,6,,,,
058535,0,0,0,-5,,,,
058537,0,0,0,415,,,,
058538,0,0,0,172,,,,
058539,0,0,0,27,,,,
058540,0,0,0,74,,,,
058541,0,0,0,87,,,,
058542,0,0,0,159,,,,
058543,0,0,0,-25,,,,
058544,0,0,0,-17,,,,
058545,0,0,0,419,,,,
058546,0,0,0,-157,,,,
058549,0,0,0,124,,,,
058552,0,0,0,182,,,,
058553,0,0,0,-33,,,,
058554,0,0,0,-11,,,,
058555,0,0,0,28,,,,
058556,0,0,0,-101,,,,
058557,0,0,0,-96,,,,
058558,0,0,0,40,,,,
058559,0,0,0,-171,,,,
058560,0,0,0,-19,,,,
058561,0,0,0,3,,,,
058563,0,0,0,163,,,,
058564,0,0,0,-32,,,,
058565,0,0,0,-3,,,,
058566,0,0,0,185,,,,
058567,0,0,0,-6,,,,
058569,0,0,0,4,,,,
058570,0,0,0,-14,,,,
058571,0,0,0,-25,,,,
058572,0,0,0,-19,,,,
058574,0,0,0,-1,,,,
058575,0,0,0,-11,,,,
058577,0,0,0,10,,,,
058582,0,0,0,15,,,,
058583,0,0,0,35,,,,
058584,0,0,0,38,,,,
058585,0,0,0,-20,,,,
058586,0,0,0,-8,,,,
058587,0,0,0,16,,,,
058588,0,0,0,7,,,,
058589,0,0,0,20,,,,
058590,0,0,0,-56,,,,
058591,0,0,0,0,,,,
058593,0,0,0,90,,,,
058594,0,0,0,-2,,,,
058595,0,0,0,11,,,,
058597,0,0,0,4,,,,
058598,0,0,0,34,,,,
058599,0,0,0,7,,,,
058600,0,0,0,2,,,,
058601,0,0,0,-4,,,,
058602,0,0,0,-56,,,,
058603,0,0,0,-5,,,,
058604,0,0,0,-1,,,,
058605,0,0,0,211,,,,
058606,0,0,0,181,,,,
058607,0,0,0,5,,,,
058608,0,0,0,-304,,,,
058610,0,0,0,-15,,,,
058611,0,0,0,-50,,,,
058612,0,0,0,176,,,,
058613,0,0,0,-21,,,,
058614,0,0,0,-81,,,,
058615,0,0,0,-165,,,,
058616,0,0,0,-159,,,,
058617,0,0,0,-1,,,,
058618,0,0,0,66,,,,
058619,0,0,0,135,,,,
058620,0,0,0,-3,,,,
058623,0,0,0,-248,,,,
058625,0,0,0,10,,,,
058629,0,0,0,3,,,,
058633,0,0,0,22,,,,
058634,0,0,0,-346,,,,
058635,0,0,0,-110,,,,
058636,0,0,0,2,,,,
058637,0,0,0,2,,,,
058638,0,0,0,28,,,,
058639,0,0,0,-146,,,,
058641,0,0,0,485,,,,
058643,0,0,0,0,,,,
058646,0,0,0,11,,,,
058647,0,0,0,6,,,,
058648,0,0,0,-14,,,,
058649,0,0,0,-100,,,,
058650,0,0,0,0,,,,
058651,0,0,0,101,,,,
058652,0,0,0,510,,,,
058653,0,0,0,-169,,,,
058654,0,0,0,-186,,,,
058655,0,0,0,-27,,,,
058656,0,0,0,-48,,,,
058657,0,0,0,-170,,,,
058658,0,0,0,-404,,,,
058659,0,0,0,337,,,,
058660,0,0,0,176,,,,
058661,0,0,0,-86,,,,
058662,0,0,0,292,,,,
058663,0,0,0,-54,,,,
058664,0,0,0,10,,,,
058665,0,0,0,-228,,,,
058666,0,0,0,827,,,,
058667,0,0,0,1780,,,,
058668,0,0,0,40,,,,
058669,0,0,0,-14,,,,
058672,0,0,0,-56,,,,
058673,0,0,0,-4,,,,
058674,0,0,0,-32,,,,
058676,0,0,0,-339,,,,
058677,0,0,0,57,,,,
058678,0,0,0,121,,,,
058679,0,0,0,-7,,,,
058680,0,0,0,-58,,,,
058681,0,0,0,368,,,,
058683,0,0,0,-20,,,,
058684,0,0,0,-9,,,,
058686,0,0,0,354,,,,
058687,0,0,0,30,,,,
058688,0,0,0,0,,,,
058689,0,0,0,48,,,,
058690,0,0,0,19,,,,
058691,0,0,0,186,,,,
058694,0,0,0,13,,,,
058696,0,0,0,-14,,,,
058698,0,0,0,27,,,,
058699,0,0,0,0,,,,
058700,0,0,0,-51,,,,
058702,0,0,0,15,,,,
058703,0,0,0,-279,,,,
058704,0,0,0,-220,,,,
058707,0,0,0,2,,,,
058708,0,0,0,32,,,,
058709,0,0,0,0,,,,
058711,0,0,0,-339,,,,
058713,0,0,0,-33,,,,
058714,0,0,0,3,,,,
058716,0,0,0,65,,,,
058717,0,0,0,-6,,,,
058722,0,0,0,10,,,,
058723,0,0,0,12,,,,
058724,0,0,0,-15,,,,
058725,0,0,0,-227,,,,
058726,0,0,0,0,,,,
058727,0,0,0,1,,,,
058728,0,0,0,-31,,,,
058730,0,0,0,-206,,,,
058732,0,0,0,-29,,,,
058735,0,0,0,-54,,,,
058737,0,0,0,579,,,,
058739,0,0,0,-2,,,,
058740,0,0,0,5,,,,
058742,0,0,0,0,,,,
058743,0,0,0,8,,,,
058744,0,0,0,10,,,,
058745,0,0,0,103,,,,
058746,0,0,0,-28,,,,
058748,0,0,0,-90,,,,
058749,0,0,0,436,,,,
058750,0,0,0,1,,,,
058751,0,0,0,-177,,,,
058752,0,0,0,-39,,,,
058753,0,0,0,-387,,,,
058754,0,0,0,-10,,,,
058755,0,0,0,-43,,,,
058756,0,0,0,467,,,,
058757,0,0,0,6,,,,
058759,0,0,0,1,,,,
058760,0,0,0,-6,,,,
058761,0,0,0,20,,,,
058762,0,0,0,-364,,,,
058763,0,0,0,-308,,,,
058764,0,0,0,-377,,,,
058765,0,0,0,-88,,,,
058766,0,0,0,-77,,,,
058767,0,0,0,15,,,,
058768,0,0,0,93,,,,
058770,0,0,0,-831,,,,
058771,0,0,0,-150,,,,
058773,0,0,0,346,,,,
058774,0,0,0,198,,,,
058777,0,0,0,5,,,,
058778,0,0,0,25,,,,
058779,0,0,0,229,,,,
058780,0,0,0,7,,,,
058781,0,0,0,-105,,,,
058782,0,0,0,326,,,,
058784,0,0,0,0,,,,
058785,0,0,0,-125,,,,
058786,0,0,0,-51,,,,
058787,0,0,0,-74,,,,
058790,0,0,0,51,,,,
058791,0,0,0,293,,,,
058794,0,0,0,0,,,,
058796,0,0,0,-5,,,,
058798,0,0,0,20,,,,
058800,0,0,0,-127,,,,
058801,0,0,0,-28,,,,
058802,0,0,0,-186,,,,
058804,0,0,0,68,,,,
058805,0,0,0,-65,,,,
058806,0,0,0,5,,,,
058807,0,0,0,-376,,,,
058811,0,0,0,-208,,,,
058812,0,0,0,-40,,,,
058813,0,0,0,128,,,,
058814,0,0,0,0,,,,
058815,0,0,0,15,,,,
058816,0,0,0,16,,,,
058817,0,0,0,-4,,,,
058818,0,0,0,9,,,,
058819,0,0,0,-15,,,,
058821,0,0,0,-182,,,,
058822,0,0,0,2,,,,
058825,0,0,0,5,,,,
058826,0,0,0,-16,,,,
058827,0,0,0,-9,,,,
058829,0,0,0,3,,,,
058830,0,0,0,-271,,,,
058831,0,0,0,-61,,,,
058832,0,0,0,-100,,,,
058833,0,0,0,-28,,,,
058834,0,0,0,278,,,,
058836,0,0,0,-116,,,,
058837,0,0,0,95,,,,
058842,0,0,0,-273,,,,
058843,0,0,0,-178,,,,
058844,0,0,0,-2,,,,
058847,0,0,0,-245,,,,
058850,0,0,0,-22,,,,
058851,0,0,0,163,,,,
058853,0,0,0,-131,,,,
058854,0,0,0,94,,,,
058855,0,0,0,320,,,,
058857,0,0,0,-397,,,,
058858,0,0,0,400,,,,
058862,0,0,0,2,,,,
058863,0,0,0,-445,,,,
058864,0,0,0,-58,,,,
058865,0,0,0,92,,,,
058866,0,0,0,-92,,,,
058867,0,0,0,117,,,,
058868,0,0,0,-205,,,,
058869,0,0,0,202,,,,
058870,0,0,0,35,,,,
058871,0,0,0,-19,,,,
058872,0,0,-9,91,,,,
058873,0,0,0,348,,,,
058874,0,0,0,-9,,,,
058875,0,0,0,-84,,,,
058876,0,0,0,-181,,,,
058877,0,0,0,70,,,,
058878,0,0,0,-136,,,,
058879,0,0,0,-116,,,,
058880,0,0,0,-97,,,,
058881,0,0,0,51,,,,
058882,0,0,0,-162,,,,
058883,0,0,0,158,,,,
058884,0,0,0,75,,,,
058886,0,0,0,224,,,,
058887,0,0,0,1,,,,
058888,0,0,0,-1,,,,
058889,0,0,0,-32,,,,
058890,0,0,0,33,,,,
058891,0,0,0,661,,,,
058892,0,0,0,27,,,,
058893,0,0,0,30,,,,
058894,0,0,0,-294,,,,
058895,0,0,0,-7,,,,
058896,0,0,0,234,,,,
058897,0,0,0,-236,,,,
058898,0,0,0,177,,,,
058899,0,0,0,-249,,,,
058900,0,0,0,-87,,,,
058901,0,0,0,-96,,,,
058902,0,0,0,12,,,,
058903,0,0,0,-135,,,,
058904,0,0,0,-181,,,,
058905,0,0,0,52,,,,
058906,0,0,0,-300,,,,
058908,0,0,0,-170,,,,
058909,0,0,0,-181,,,,
058910,0,0,0,-242,,,,
058911,0,0,0,1617,,,,
058912,0,0,0,-12,,,,
058913,0,0,0,-233,,,,
058914,0,0,0,197,,,,
058915,0,0,0,-86,,,,
058916,0,0,0,-50,,,,
058917,0,0,0,-4,,,,
058918,0,0,0,-58,,,,
058919,0,0,0,-52,,,,
058921,0,0,0,-5,,,,
058922,0,0,0,-414,,,,
058923,0,0,0,-4,,,,
058924,0,0,0,-188,,,,
058925,0,0,0,-2,,,,
058926,0,0,0,50,,,,
058927,0,0,0,7,,,,
058928,0,0,0,-20,,,,
058929,0,0,0,-68,,,,
058931,0,0,0,-38,,,,
058932,0,0,0,-403,,,,
058935,0,0,0,32,,,,
058936,0,0,0,-421,,,,
058937,0,0,0,-2,,,,
058938,0,0,0,897,,,,
058939,0,0,0,-195,,,,
058940,0,0,0,479,,,,
058941,0,0,0,1278,,,,
058942,0,0,0,1959,,,,
058943,0,0,0,50,,,,
058944,0,0,0,2,,,,
058945,0,0,0,-18,,,,
058946,0,0,0,63,,,,
058947,0,0,0,68,,,,
058948,0,0,0,0,,,,
058951,0,0,0,1,,,,
058952,0,0,0,-118,,,,
058953,0,0,0,-26,,,,
058954,0,0,0,-73,,,,
058955,0,0,0,-4,,,,
058956,0,0,0,-9,,,,
058958,0,0,0,-1131,,,,
058959,0,0,0,4,,,,
058962,0,0,0,3568,,,,
058964,0,0,0,-50,,,,
058967,0,0,0,-42,,,,
058968,0,0,0,-5,,,,
058973,0,0,0,-46,,,,
058975,0,0,0,-92,,,,
058976,0,0,0,0,,,,
058977,0,0,0,19,,,,
058978,0,0,0,9,,,,
058980,0,0,0,-265,,,,
058982,0,0,0,0,,,,
058983,0,0,0,0,,,,
058984,0,0,0,-200,,,,
058985,0,0,0,-340,,,,
058986,0,0,0,-294,,,,
058987,0,0,0,15,,,,
058989,0,0,0,107,,,,
058990,0,0,0,124,,,,
058991,0,0,0,-30,,,,
058992,0,0,0,-3,,,,
058995,0,0,0,-3,,,,
058996,0,0,0,-47,,,,
058999,0,0,0,38,,,,
059000,0,0,0,21,,,,
059001,0,0,0,1,,,,
059002,0,0,0,158,,,,
059004,0,0,0,-130,,,,
059005,0,0,0,120,,,,
059006,0,0,0,341,,,,
059007,0,0,0,-31,,,,
059008,0,0,0,-87,,,,
059009,0,0,0,-48,,,,
059012,0,0,0,-1,,,,
059013,0,0,0,37,,,,
059014,0,0,0,30,,,,
059015,0,0,0,-41,,,,
059017,0,0,0,-96,,,,
059020,0,0,0,-5,,,,
059021,0,0,0,9,,,,
059022,0,0,0,-15,,,,
059023,0,0,0,-17,,,,
059024,0,0,0,100,,,,
059025,0,0,0,116,,,,
059026,0,0,0,-44,,,,
059028,0,0,0,16,,,,
059032,0,0,0,65,,,,
059033,0,0,0,-209,,,,
059034,0,0,0,302,,,,
059035,0,0,0,-27,,,,
059036,0,0,0,36,,,,
059037,0,0,0,463,,,,
059039,0,0,0,35,,,,
059040,0,0,0,-10,,,,
059041,0,0,0,-10,,,,
059043,0,0,0,-120,,,,
059044,0,0,0,3,,,,
059045,0,0,0,-1,,,,
059046,0,0,0,35,,,,
059047,0,0,0,-155,,,,
059048,0,0,0,-147,,,,
059049,0,0,0,-204,,,,
059050,0,0,0,3,,,,
059052,0,0,0,-158,,,,
059053,0,0,0,94,,,,
059054,0,0,0,-5,,,,
059058,0,0,0,265,,,,
059059,0,0,0,-240,,,,
059060,0,0,0,24,,,,
059061,0,0,0,-39,,,,
059062,0,0,0,-219,,,,
059063,0,0,0,55,,,,
059064,0,0,0,15,,,,
059065,0,0,0,-41,,,,
059066,0,0,0,-43,,,,
059067,0,0,0,-107,,,,
059068,0,0,0,23,,,,
059069,0,0,0,1683,,,,
059070,0,0,0,-5,,,,
059072,0,0,0,2,,,,
059073,0,0,0,-427,,,,
059074,0,0,0,-21,,,,
059075,0,0,0,-170,,,,
059076,0,0,0,-60,,,,
059077,0,0,0,5,,,,
059078,0,0,0,8,,,,
059079,0,0,0,192,,,,
059080,0,0,0,-60,,,,
059081,0,0,0,-28,,,,
059082,0,0,0,14,,,,
059083,0,0,0,-13,,,,
059084,0,0,0,-132,,,,
059085,0,0,0,-59,,,,
059087,0,0,0,0,,,,
059088,0,0,0,60,,,,
059089,0,0,0,-9,,,,
059090,0,0,0,112,,,,
059091,0,0,0,-20,,,,
059092,0,0,0,109,,,,
059093,0,0,0,30,,,,
059094,0,0,0,30,,,,
059096,0,0,0,98,,,,
059097,0,0,0,40,,,,
059098,0,0,0,-17,,,,
059099,0,0,0,196,,,,
059100,0,0,0,-47,,,,
059101,0,0,0,0,,,,
059102,0,0,0,36,,,,
059103,0,0,0,-150,,,,
059104,0,0,0,-104,,,,
059105,0,0,0,-800,,,,
059107,0,0,0,55,,,,
059108,0,0,0,50,,,,
059109,0,0,0,0,,,,
059110,0,0,0,0,,,,
059111,0,0,0,-24,,,,
059112,0,0,0,96,,,,
059114,0,0,0,30,,,,
059115,0,0,0,-15,,,,
059116,0,0,0,0,,,,
059117,0,0,0,-3,,,,
059118,0,0,0,5,,,,
059119,0,0,0,-9,,,,
059120,0,0,0,77,,,,
059121,0,0,0,320,,,,
059122,0,0,0,0,,,,
059123,0,0,0,-49,,,,
059124,0,0,0,2,,,,
059125,0,0,0,47,,,,
059126,0,0,0,-120,,,,
059127,0,0,0,5,,,,
059128,0,0,0,-2,,,,
059130,0,0,0,109,,,,
059135,0,0,0,110,,,,
059136,0,0,0,126,,,,
059137,0,0,0,51,,,,
059138,0,0,0,13,,,,
059141,0,0,0,40,,,,
059142,0,0,0,11,,,,
059143,0,0,0,-6,,,,
059145,0,0,0,-25,,,,
059146,0,0,0,-41,,,,
059148,0,0,0,50,,,,
059149,0,0,0,-393,,,,
059150,0,0,0,380,,,,
059151,0,0,0,0,,,,
059153,0,0,0,-233,,,,
059154,0,0,0,3,,,,
059156,0,0,0,-64,,,,
059157,0,0,0,0,,,,
059158,0,0,0,24,,,,
059159,0,0,0,10,,,,
059160,0,0,0,-39,,,,
059161,0,0,0,-5,,,,
059162,0,0,0,52,,,,
059163,0,0,0,42,,,,
059164,0,0,0,3,,,,
059166,0,0,0,30,,,,
059167,0,0,0,10,,,,
059168,0,0,0,2046,,,,
059169,0,0,0,-15,,,,
059170,0,0,0,-1,,,,
059171,0,0,0,-173,,,,
059172,0,0,0,111,,,,
059174,0,0,0,-26,,,,
059175,0,0,0,0,,,,
059177,0,0,0,-14,,,,
059178,0,0,0,-753,,,,
059179,0,0,0,1153,,,,
059180,0,0,0,-319,,,,
059181,0,0,0,-166,,,,
059184,0,0,0,-861,,,,
059185,0,0,0,92,,,,
059186,0,0,0,-12,,,,
059187,0,0,0,-259,,,,
059189,0,0,0,-20,,,,
059190,0,0,0,-177,,,,
059191,0,0,0,-131,,,,
059192,0,0,0,-22,,,,
059193,0,0,0,-45,,,,
059194,0,0,0,-712,,,,
059195,0,0,0,-1167,,,,
059196,0,0,0,-181,,,,
059197,0,0,0,50,,,,
059198,0,0,0,-37,,,,
059199,0,0,0,12,,,,
059200,0,0,0,11,,,,
059202,0,0,0,557,,,,
059206,0,0,0,-78,,,,
059207,0,0,0,-38,,,,
059208,0,0,0,197,,,,
059209,0,0,0,518,,,,
059210,0,0,0,102,,,,
059211,0,0,0,460,,,,
059212,0,0,0,809,,,,
059214,0,0,0,148,,,,
059215,0,0,0,1,,,,
059217,0,0,0,-18,,,,
059218,0,0,0,-11,,,,
059221,0,0,0,5,,,,
059222,0,0,0,127,,,,
059223,0,0,0,-99,,,,
059224,0,0,0,-5,,,,
059225,0,0,0,68,,,,
059226,0,0,0,-20,,,,
059227,0,0,0,27,,,,
059228,0,0,0,-37,,,,
059232,0,0,0,-573,,,,
059233,0,0,0,-10,,,,
059235,0,0,0,135,,,,
059236,0,0,0,-10,,,,
059237,0,0,0,0,,,,
059238,0,0,0,50,,,,
059239,0,0,0,-50,,,,
059243,0,0,0,-6,,,,
059244,0,0,0,-7,,,,
059245,0,0,0,-20,,,,
059246,0,0,0,-308,,,,
059248,0,0,0,3,,,,
059249,0,0,0,-7,,,,
059250,0,0,0,5,,,,
059251,0,0,0,31,,,,
059252,0,0,0,1,,,,
059256,0,0,0,0,,,,
059257,0,0,0,-4,,,,
059258,0,0,0,14,,,,
059259,0,0,0,14,,,,
059260,0,0,0,39,,,,
059261,0,0,0,1,,,,
059262,0,0,0,0,,,,
059263,0,0,0,55,,,,
059264,0,0,0,-2,,,,
059265,0,0,0,232,,,,
059266,0,0,0,39,,,,
059269,0,0,0,-100,,,,
059270,0,0,0,2,,,,
059271,0,0,0,-20,,,,
059272,0,0,0,-11,,,,
059273,0,0,0,2,,,,
059274,0,0,0,10,,,,
059275,0,0,0,41,,,,
059278,0,0,0,15,,,,
059279,0,0,0,-1,,,,
059280,0,0,0,-5,,,,
059281,0,0,0,365,,,,
059282,0,0,0,-24,,,,
059283,0,0,0,-1,,,,
059284,0,0,0,29,,,,
059285,0,0,0,12,,,,
059286,0,0,0,-6,,,,
059287,0,0,0,5,,,,
059288,0,0,0,197,,,,
059290,0,0,0,100,,,,
059291,0,0,0,-63,,,,
059292,0,0,0,265,,,,
059293,0,0,0,168,,,,
059294,0,0,0,-15,,,,
059295,0,0,0,-27,,,,
059296,0,0,0,-31,,,,
059297,0,0,0,349,,,,
059298,0,0,0,509,,,,
059299,0,0,0,-102,,,,
059300,0,0,0,252,,,,
059301,0,0,0,4,,,,
059302,0,0,0,8,,,,
059303,0,0,0,-1087,,,,
059304,0,0,0,-19,,,,
059305,0,0,0,-14,,,,
059310,0,0,0,-44,,,,
059311,0,0,0,10,,,,
059312,0,0,0,-15,,,,
059313,0,0,0,-11,,,,
059314,0,0,0,46,,,,
059315,0,0,0,-13,,,,
059316,0,0,0,5,,,,
059317,0,0,0,215,,,,
059318,0,0,0,112,,,,
059320,0,0,0,40,,,,
059321,0,0,0,146,,,,
059322,0,0,0,30,,,,
059324,0,0,0,35,,,,
059325,0,0,0,7,,,,
059327,0,0,0,97,,,,
059328,0,0,0,117,,,,
059329,0,0,0,14,,,,
059330,0,0,0,130,,,,
059331,0,0,0,42,,,,
059332,0,0,0,64,,,,
059333,0,0,0,514,,,,
059334,0,0,0,281,,,,
059335,0,0,0,341,,,,
059339,0,0,0,-22,,,,
059340,0,0,0,-1,,,,
059343,0,0,0,10,,,,
059344,0,0,0,-4,,,,
059345,0,0,0,33,,,,
059347,0,0,0,-2,,,,
059351,0,0,0,10,,,,
059352,0,0,0,-188,,,,
059357,0,0,0,34,,,,
059361,0,0,0,1,,,,
059363,0,0,0,-18,,,,
059366,0,0,0,-20,,,,
059369,0,0,0,-80,,,,
059370,0,0,0,-9,,,,
059371,0,0,0,-323,,,,
059372,0,0,0,82,,,,
059373,0,0,0,-68,,,,
059374,0,0,0,-51,,,,
059375,0,0,0,20,,,,
059376,0,0,0,1,,,,
059377,0,0,0,12,,,,
059378,0,0,0,230,,,,
059379,0,0,0,-3,,,,
059380,0,0,0,-51,,,,
059381,0,0,0,-259,,,,
059382,0,0,0,92,,,,
059383,0,0,0,-3,,,,
059384,0,0,0,11,,,,
059385,0,0,0,302,,,,
059386,0,0,0,-711,,,,
059387,0,0,0,-137,,,,
059388,0,0,0,-317,,,,
059389,0,0,0,108,,,,
059390,0,0,0,4,,,,
059391,0,0,0,-1,,,,
059392,0,0,0,-25,,,,
059393,0,0,0,10,,,,
059394,0,0,0,-105,,,,
059395,0,0,0,51,,,,
059396,0,0,0,30,,,,
059399,0,0,0,0,,,,
059408,0,0,0,47,,,,
059409,0,0,0,1,,,,
059411,0,0,0,15,,,,
059412,0,0,0,-2,,,,
059413,0,0,0,1,,,,
059414,0,0,0,14,,,,
059415,0,0,0,-139,,,,
059416,0,0,0,64,,,,
059417,0,0,0,-54,,,,
059418,0,0,0,-22,,,,
059419,0,0,0,273,,,,
059420,0,0,0,-25,,,,
059421,0,0,0,-5,,,,
059422,0,0,0,-55,,,,
059423,0,0,0,-61,,,,
059424,0,0,0,34,,,,
059425,0,0,0,-45,,,,
059426,0,0,0,2,,,,
059427,0,0,0,-1,,,,
059428,0,0,0,-657,,,,
059429,0,0,0,-9,,,,
059430,0,0,0,-273,,,,
059431,0,0,0,0,,,,
059434,0,0,0,15,,,,
059435,0,0,0,95,,,,
059437,0,0,0,17,,,,
059438,0,0,0,-26,,,,
059439,0,0,0,65,,,,
059440,0,0,0,128,,,,
059441,0,0,0,257,,,,
059442,0,0,0,-11,,,,
059443,0,0,0,-494,,,,
059444,0,0,0,-302,,,,
059445,0,0,0,445,,,,
059446,-3,0,0,-164,,,,
059448,0,0,0,-193,,,,
059449,0,0,0,-33,,,,
059450,0,0,0,346,,,,
059451,0,0,0,15,,,,
059452,0,0,0,-185,,,,
059453,0,0,0,-36,,,,
059454,0,0,0,3,,,,
059455,0,0,0,-42,,,,
059456,0,0,0,283,,,,
059457,0,0,0,-325,,,,
059458,0,0,0,-18,,,,
059460,0,0,0,23,,,,
059461,0,0,0,48,,,,
059462,0,0,0,97,,,,
059464,0,0,0,366,,,,
059465,0,0,0,22,,,,
059466,0,0,0,33,,,,
059467,0,0,0,-6,,,,
059468,0,0,0,352,,,,
059469,0,0,0,17,,,,
059470,0,0,0,-23,,,,
059472,0,0,0,183,,,,
059474,0,0,0,0,,,,
059475,0,0,0,385,,,,
059476,0,0,0,309,,,,
059477,0,0,0,-374,,,,
059478,0,0,0,187,,,,
059479,0,0,0,313,,,,
059480,0,0,0,-1,,,,
059481,0,0,0,-50,,,,
059482,0,0,0,-4,,,,
059484,0,0,0,338,,,,
059485,0,0,0,35,,,,
059486,0,0,0,-1,,,,
059487,0,0,0,-10,,,,
059488,0,0,0,-109,,,,
059489,0,0,0,-14,,,,
059490,0,0,0,-14,,,,
059491,0,0,0,1,,,,
059492,0,0,0,-219,,,,
059493,0,0,0,-20,,,,
059497,0,0,0,-184,,,,
059498,0,0,0,56,,,,
059499,0,0,0,-504,,,,
059502,0,0,0,2,,,,
059504,0,0,0,-50,,,,
059505,0,0,0,62,,,,
059506,0,0,0,2,,,,
059507,0,0,0,-12,,,,
059508,0,0,0,129,,,,
059509,0,0,0,-9,,,,
059510,0,0,0,133,,,,
059511,0,0,0,-42,,,,
059513,0,0,0,290,,,,
059514,0,0,0,-23,,,,
059515,0,0,0,-37,,,,
059518,0,0,0,54,,,,
059520,0,0,0,-101,,,,
059521,0,0,0,53,,,,
059526,0,0,0,-64,,,,
059527,0,0,0,465,,,,
059528,0,0,0,-15,,,,
059531,0,0,0,-98,,,,
059532,0,0,0,-282,,,,
059533,0,0,0,-621,,,,
059534,0,0,0,5,,,,
059535,0,0,0,30,,,,
059538,0,0,0,54,,,,
059541,0,0,0,319,,,,
059542,0,0,0,-71,,,,
059543,0,0,0,23,,,,
059544,0,0,0,0,,,,
059545,0,0,0,5,,,,
059547,0,0,0,5,,,,
059549,0,0,0,30,,,,
059552,0,0,0,-1,,,,
059553,0,0,0,-90,,,,
059554,0,0,0,144,,,,
059555,0,0,0,0,,,,
059556,0,0,0,-130,,,,
059557,0,0,0,5,,,,
059558,0,0,0,-19,,,,
059560,0,0,0,-14,,,,
059561,0,0,0,0,,,,
059562,0,0,0,-96,,,,
059566,0,0,0,46,,,,
059567,0,0,0,-11,,,,
059568,0,0,0,1,,,,
059569,0,0,0,55,,,,
059570,0,0,0,-18,,,,
059571,0,0,0,0,,,,
059573,0,0,0,27,,,,
059574,0,0,0,31,,,,
059575,0,0,0,-24,,,,
059576,0,0,0,-5,,,,
059577,0,0,0,-24,,,,
059578,0,0,0,-11,,,,
059579,0,0,0,564,,,,
059580,0,0,0,344,,,,
059581,0,0,0,-170,,,,
059582,0,0,0,9,,,,
059584,0,0,0,2,,,,
059585,0,0,0,-21,,,,
059586,0,0,0,0,,,,
059589,0,0,0,-32,,,,
059590,0,0,0,-206,,,,
059592,0,0,0,-85,,,,
059593,0,0,0,-426,,,,
059594,0,0,0,1,,,,
059595,0,0,0,21,,,,
059598,0,0,0,-189,,,,
059599,0,0,0,-100,,,,
059600,0,0,0,23,,,,
059601,0,0,0,-887,,,,
059602,0,0,0,-23,,,,
059603,0,0,0,-20,,,,
059604,0,0,0,-38,,,,
059605,0,0,0,-1,,,,
059607,0,0,0,-10,,,,
059610,0,0,0,-39,,,,
059612,0,0,0,-43,,,,
059613,0,0,0,-85,,,,
059614,0,0,0,195,,,,
059615,0,0,0,-27,,,,
059616,0,0,0,-53,,,,
059618,0,0,0,30,,,,
059619,0,0,0,-127,,,,
059620,0,0,0,-35,,,,
059622,0,0,0,5,,,,
059623,0,0,0,31,,,,
059624,0,0,0,-25,,,,
059625,0,0,0,-20,,,,
059626,0,0,0,8,,,,
059627,0,0,0,-4,,,,
05962U,0,0,0,-39,,,,
059630,0,0,0,-78,,,,
059631,0,0,0,23,,,,
059632,0,0,0,27,,,,
059633,0,0,0,-423,,,,
059634,0,0,0,-46,,,,
059636,0,0,0,-683,,,,
059637,0,0,0,-234,,,,
059638,0,0,0,-560,,,,
059639,0,0,0,10,,,,
059641,0,0,0,-50,,,,
059643,0,0,0,-57,,,,
059644,0,0,0,14,,,,
059646,0,0,0,-3,,,,
059647,0,0,0,-2,,,,
059648,0,0,0,-7,,,,
059649,0,0,0,6,,,,
059650,0,0,0,-124,,,,
059651,0,0,0,62,,,,
059653,0,0,0,-64,,,,
059654,0,0,0,-168,,,,
059655,0,0,0,-6676,,,,
059656,0,0,0,-404,,,,
059657,0,0,0,-135,,,,
059658,0,0,0,-76,,,,
059659,0,0,0,-62,,,,
059660,0,0,0,178,,,,
059661,0,0,0,-28,,,,
059662,0,0,0,-5,,,,
059663,0,0,0,-6,,,,
059664,0,0,0,-118,,,,
059665,0,0,0,-23,,,,
059666,0,0,0,-32,,,,
059667,0,0,0,14,,,,
059668,0,0,0,-40,,,,
059669,0,0,0,38,,,,
059670,0,0,0,-124,,,,
059672,0,0,0,-43,,,,
059673,0,0,0,-165,,,,
059674,0,0,0,0,,,,
059675,0,0,0,-91,,,,
059676,0,0,0,-30,,,,
059679,0,0,0,-40,,,,
059680,0,0,0,139,,,,
059681,0,0,0,15,,,,
059682,0,0,0,16,,,,
059683,0,0,0,94,,,,
059684,0,0,0,4,,,,
059685,0,0,0,-9,,,,
059686,0,0,0,-100,,,,
059687,0,0,0,71,,,,
059688,0,0,0,-19,,,,
059689,0,0,0,-46,,,,
059693,0,0,0,-32,,,,
059695,0,0,0,11,,,,
059696,0,0,0,-33,,,,
059697,0,0,0,512,,,,
059698,0,0,0,-7,,,,
059699,0,0,0,0,,,,
059700,0,0,0,525,,,,
059701,0,0,0,-49,,,,
059703,0,0,0,0,,,,
059704,0,0,0,-188,,,,
059705,0,0,0,-159,,,,
059706,0,0,0,-469,,,,
059707,0,0,0,63,,,,
059710,0,0,0,-22,,,,
059711,0,0,0,-62,,,,
059712,0,0,0,-190,,,,
059713,0,0,0,45,,,,
059714,0,0,0,-797,,,,
059715,0,0,0,594,,,,
059716,0,0,0,-44,,,,
059717,0,0,0,-66,,,,
059718,0,0,0,47,,,,
059719,0,0,0,-60,,,,
059721,0,0,0,8,,,,
059724,0,0,0,656,,,,
059725,0,0,0,15,,,,
059726,0,0,0,42,,,,
059727,0,0,0,-3,,,,
059729,0,0,0,45,,,,
05972U,0,0,0,15,,,,
059731,0,0,0,406,,,,
059732,0,0,0,-13,,,,
059733,0,0,0,15,,,,
059734,0,0,0,-14,,,,
059735,0,0,0,22,,,,
059737,0,0,0,-306,,,,
059738,0,0,0,-750,,,,
059739,0,0,0,-165,,,,
059740,0,0,0,-44,,,,
059741,0,0,0,-403,,,,
059742,0,0,0,-27,,,,
059744,0,0,0,-16,,,,
059748,0,0,0,5,,,,
059749,0,0,0,-131,,,,
059750,0,0,0,-5,,,,
059752,0,0,0,-76,,,,
059753,0,0,0,-1,,,,
059754,0,0,0,-26,,,,
059755,0,0,0,-17,,,,
059756,0,0,0,89,,,,
059757,0,0,0,-23,,,,
059758,0,0,0,98,,,,
059759,0,0,0,35,,,,
059760,0,0,0,5,,,,
059763,0,0,0,32,,,,
059764,0,0,0,-180,,,,
059765,0,0,0,-443,,,,
059766,0,0,0,-70,,,,
059769,0,0,0,-42,,,,
059770,0,0,0,-203,,,,
059771,0,0,0,-54,,,,
059772,0,0,0,-12,,,,
059773,0,0,0,2,,,,
059774,0,0,0,104,,,,
059775,0,0,0,42,,,,
059776,0,0,0,-12,,,,
059777,0,0,0,-39,,,,
059778,0,0,0,-25,,,,
059780,0,0,0,27,,,,
059781,0,0,0,-13,,,,
059782,0,0,0,-46,,,,
059783,0,0,0,-362,,,,
059784,0,0,0,64,,,,
059785,0,0,0,91,,,,
059786,0,0,0,0,,,,
059789,0,0,0,20,,,,
059791,0,0,0,22,,,,
059792,0,0,0,-61,,,,
059793,0,0,0,-17,,,,
059794,0,0,0,-11,,,,
059796,0,0,0,-47,,,,
059797,0,0,0,-34,,,,
059798,0,0,0,19,,,,
059800,0,0,0,-50,,,,
059801,0,0,0,-2,,,,
059802,0,0,0,-5,,,,
059804,0,0,0,16,,,,
059805,0,0,0,-47,,,,
059808,0,0,0,-3,,,,
059809,0,0,0,0,,,,
059810,0,0,0,10,,,,
059811,0,0,0,5,,,,
059813,0,0,0,-1,,,,
059814,0,0,0,42,,,,
059816,0,0,0,-68,,,,
059818,0,0,0,53,,,,
059822,0,0,0,89,,,,
059823,0,0,0,-276,,,,
059824,0,0,0,5,,,,
059825,0,0,0,-24,,,,
059826,0,0,0,-14,,,,
059827,0,0,0,70,,,,
059829,0,0,0,-33,,,,
059831,0,0,0,13,,,,
059832,0,0,0,-16,,,,
059833,0,0,0,15,,,,
059834,0,0,0,224,,,,
059835,0,0,0,-701,,,,
059836,0,0,0,-111,,,,
059837,0,0,0,-18,,,,
059838,0,0,0,43,,,,
059839,0,0,0,-4,,,,
059840,0,0,0,45,,,,
059841,0,0,0,22,,,,
059842,0,0,0,-12,,,,
059843,0,0,0,-299,,,,
059844,0,0,0,78,,,,
059845,0,0,0,60,,,,
059846,0,0,0,36,,,,
059847,0,0,0,213,,,,
059848,0,0,0,-10,,,,
059849,0,0,0,124,,,,
059850,0,0,0,4,,,,
059851,0,0,0,-284,,,,
059852,0,0,0,-200,,,,
059853,0,0,0,-83,,,,
059854,0,0,0,328,,,,
059855,0,0,0,328,,,,
059857,0,0,0,86,,,,
059858,0,0,0,-139,,,,
059859,0,0,0,-449,,,,
059860,0,0,0,-1364,,,,
059863,0,0,0,12,,,,
059864,0,0,0,-16,,,,
059865,0,0,0,-28,,,,
059866,0,0,0,17,,,,
059867,0,0,0,24,,,,
059868,0,0,0,5,,,,
059869,0,0,0,21,,,,
059870,0,0,0,-139,,,,
059871,0,0,0,74,,,,
059872,0,0,0,-7,,,,
059873,0,0,0,201,,,,
059874,0,0,0,-7,,,,
059875,0,0,0,-125,,,,
059876,0,0,0,162,,,,
059877,0,0,0,-3,,,,
059879,0,0,0,90,,,,
059880,0,0,0,-83,,,,
059881,0,0,0,-10,,,,
059882,0,0,0,8,,,,
059883,0,0,0,232,,,,
059884,0,0,0,-60,,,,
059885,0,0,0,-42,,,,
059886,0,0,0,-914,,,,
059887,0,0,0,-575,,,,
059888,0,0,0,-686,,,,
059889,0,0,0,-180,,,,
059890,0,0,0,-50,,,,
059892,0,0,0,-59,,,,
059893,0,0,0,245,,,,
059894,0,0,0,-51,,,,
059895,0,0,0,-34,,,,
059896,0,0,0,-44,,,,
059897,0,0,0,19,,,,
059898,3,0,0,254,,,,
059899,0,0,0,193,,,,
059900,0,0,0,-137,,,,
059901,0,0,0,255,,,,
059902,0,0,0,11,,,,
059903,0,0,0,1,,,,
059904,0,0,0,-420,,,,
059905,0,0,0,-32,,,,
059907,0,0,0,2,,,,
059908,-25,0,0,176,,,,
059909,0,0,0,-1,,,,
059910,0,0,0,250,,,,
059911,0,0,0,255,,,,
059912,0,0,0,71,,,,
059913,0,0,0,1,,,,
059914,0,0,0,-185,,,,
059915,0,0,0,25,,,,
059916,0,0,0,55,,,,
059917,0,0,0,130,,,,
059920,0,0,0,6,,,,
059923,0,0,0,-5,,,,
059930,0,0,0,-4,,,,
059931,0,0,0,-42,,,,
059932,0,0,0,9,,,,
059933,0,0,0,-148,,,,
059934,0,0,0,-9,,,,
059935,0,0,0,75,,,,
059937,0,0,0,37,,,,
059938,0,0,0,177,,,,
059940,0,0,0,0,,,,
059941,0,0,0,193,,,,
059942,0,0,0,51,,,,
059946,0,0,0,-34,,,,
059948,0,0,0,0,,,,
059949,0,0,0,-7,,,,
059950,0,0,0,7,,,,
059951,0,0,0,0,,,,
059952,0,0,0,-18,,,,
059955,0,0,0,11,,,,
059956,0,0,0,-575,,,,
059957,0,0,0,-272,,,,
059958,0,0,0,-237,,,,
059960,0,0,0,83,,,,
059961,0,0,0,-464,,,,
059962,0,0,0,-11,,,,
059963,0,0,0,-775,,,,
059964,0,0,0,321,,,,
059965,0,0,0,-10,,,,
059966,0,0,0,0,,,,
059967,0,0,0,57,,,,
059968,0,0,0,-81,,,,
059969,0,0,0,-79,,,,
059973,0,0,0,-40,,,,
059975,0,0,0,-7,,,,
059979,0,0,0,-4,,,,
059981,0,0,0,100,,,,
059982,0,0,0,100,,,,
059983,0,0,0,30,,,,
059984,0,0,0,-376,,,,
059985,0,0,0,158,,,,
059986,0,0,0,-104,,,,
059987,0,0,0,9,,,,
059988,0,0,0,-170,,,,
059989,0,0,0,-221,,,,
059991,0,0,0,0,,,,
059993,0,0,0,1,,,,
059994,0,0,0,-338,,,,
059995,0,0,0,1,,,,
059998,0,0,0,10,,,,
059999,0,0,0,-34,,,,
060001,0,0,0,70,,,,
060002,0,0,0,30,,,,
060004,0,0,0,-380,,,,
060005,0,0,0,-9,,,,
060006,0,0,0,-3,,,,
060008,0,0,0,12,,,,
060009,0,0,0,59,,,,
060011,0,0,0,-14,,,,
060012,0,0,0,54,,,,
060013,0,0,0,15,,,,
060014,0,0,0,-18,,,,
060015,0,0,0,2,,,,
060016,0,0,0,129,,,,
060017,0,0,0,0,,,,
060018,0,0,0,13,,,,
060020,0,0,0,5,,,,
060021,0,0,0,4,,,,
060022,0,0,0,-7,,,,
060023,0,0,0,-327,,,,
060025,0,0,0,-15,,,,
060026,0,0,0,-25,,,,
060027,0,0,0,-40,,,,
060028,0,0,0,-35,,,,
060029,0,0,0,0,,,,
060030,0,0,0,-12,,,,
060031,0,0,0,-74,,,,
060032,0,0,0,55,,,,
060033,0,0,0,-10,,,,
060034,0,0,0,2,,,,
060035,0,0,0,-1555,,,,
060036,0,0,0,19,,,,
060037,0,0,0,-303,,,,
060038,0,0,0,15,,,,
060039,0,0,0,-116,,,,
060040,0,0,0,-2,,,,
060041,0,0,0,-53,,,,
060042,0,0,0,1,,,,
060044,0,0,0,51,,,,
060045,0,0,0,-139,,,,
060046,0,0,0,-25,,,,
060047,0,0,0,-250,,,,
060048,0,0,0,59,,,,
060049,0,0,0,30,,,,
060050,0,0,0,-11,,,,
060051,0,0,0,183,,,,
060053,0,0,0,-2,,,,
060054,0,0,0,-94,,,,
060055,0,0,0,-66,,,,
060056,0,0,0,-70,,,,
060058,0,0,0,-1,,,,
06005U,0,0,0,-100,,,,
060060,0,0,0,0,,,,
060061,0,0,0,-126,,,,
060062,0,0,0,-25,,,,
060063,0,0,0,15,,,,
060064,0,0,0,-477,,,,
060065,0,0,0,-110,,,,
060066,0,0,0,4,,,,
060067,0,0,0,101,,,,
060068,0,0,0,2,,,,
060069,0,0,0,113,,,,
060072,0,0,0,-54,,,,
060073,0,0,0,8,,,,
060075,0,0,0,50,,,,
060076,0,0,0,0,,,,
060078,0,0,0,308,,,,
060079,0,0,0,61,,,,
060080,0,0,0,-109,,,,
060081,0,0,0,-130,,,,
060082,0,0,0,0,,,,
060083,0,0,0,-523,,,,
060086,0,0,0,383,,,,
060088,0,0,0,145,,,,
060091,0,0,0,5,,,,
060092,0,0,0,67,,,,
060093,0,0,0,143,,,,
060094,0,0,0,6,,,,
060095,0,0,0,-63,,,,
060096,0,0,0,30,,,,
060097,0,0,0,214,,,,
060098,0,0,0,74,,,,
060099,0,0,0,-312,,,,
060100,0,0,0,-5,,,,
060102,0,0,0,15,,,,
060103,0,0,0,11,,,,
060104,0,0,0,-56,,,,
060106,0,0,0,-53,,,,
060107,0,0,0,-37,,,,
060109,0,0,0,-14,,,,
060110,0,0,0,-39,,,,
060111,0,0,0,8,,,,
060112,0,0,0,11,,,,
060113,0,0,0,353,,,,
060114,0,0,0,68,,,,
060116,0,0,0,200,,,,
060118,0,0,0,-131,,,,
060119,0,0,0,682,,,,
060120,0,0,0,0,,,,
060121,0,0,0,99,,,,
060122,0,0,0,-1374,,,,
060124,0,0,0,-55,,,,
060125,0,0,0,8,,,,
060126,0,0,0,30,,,,
060127,0,0,0,-38,,,,
060128,0,0,0,10,,,,
060129,0,0,0,216,,,,
060130,0,0,0,11,,,,
060131,0,0,0,-59,,,,
060132,0,0,0,83,,,,
060133,0,0,0,4,,,,
060135,0,0,0,17,,,,
060136,0,0,0,66,,,,
060137,0,0,0,-8,,,,
060138,0,0,0,-48,,,,
060139,0,0,0,56,,,,
060140,0,0,0,7,,,,
060142,0,0,0,0,,,,
060143,0,0,0,14,,,,
060144,0,0,0,359,,,,
060145,0,0,0,-54,,,,
060147,0,0,0,17,,,,
060148,0,0,0,14,,,,
060149,0,0,0,-7,,,,
060151,0,0,0,-8,,,,
060152,0,0,0,-12,,,,
060153,0,0,0,-25,,,,
060154,0,0,0,11,,,,
060155,0,0,0,3,,,,
060157,0,0,0,-244,,,,
060158,0,0,0,59,,,,
060159,0,0,0,77,,,,
060160,0,0,0,39,,,,
060161,0,0,0,12,,,,
060162,0,0,0,58,,,,
060163,0,0,0,35,,,,
060164,0,0,0,449,,,,
060165,0,0,0,-238,,,,
060166,0,0,0,78,,,,
060167,0,0,0,-300,,,,
060168,0,0,0,-651,,,,
060169,0,0,0,-44,,,,
060173,0,0,0,-68,,,,
060174,0,0,0,-253,,,,
060176,0,0,0,23,,,,
060177,0,0,0,-147,,,,
060179,0,0,0,6,,,,
060181,0,0,0,-1,,,,
060182,0,0,0,-25,,,,
060183,0,0,0,29,,,,
060184,0,0,0,33,,,,
060185,0,0,0,132,,,,
060186,0,0,0,-97,,,,
060187,0,0,0,-69,,,,
060188,0,0,0,-90,,,,
060189,0,0,0,4,,,,
060191,0,0,0,36,,,,
060193,0,0,0,145,,,,
060195,0,0,0,-14,,,,
060196,0,0,0,-332,,,,
060198,0,0,0,-75,,,,
060201,0,0,0,-1144,,,,
060202,0,0,0,-2,,,,
060203,0,0,0,72,,,,
060204,0,0,0,-540,,,,
060205,0,0,0,-386,,,,
060206,0,0,0,-73,,,,
060207,0,0,0,37,,,,
060208,0,0,0,0,,,,
060209,0,0,0,272,,,,
060210,0,0,0,9,,,,
060211,0,0,0,-53,,,,
060212,0,0,0,15,,,,
060213,0,0,0,-9,,,,
060214,0,0,0,2,,,,
060215,0,0,0,509,,,,
060216,0,0,0,-44,,,,
060217,0,0,0,126,,,,
060218,0,0,0,-29,,,,
060219,0,0,0,9,,,,
060220,0,0,0,-26,,,,
060221,0,0,0,-31,,,,
060222,0,0,0,30,,,,
060224,0,0,0,-2,,,,
060225,0,0,0,45,,,,
060229,0,0,0,-43,,,,
060231,0,0,0,-24,,,,
060232,0,0,0,-240,,,,
060233,0,0,0,-16,,,,
060234,0,0,0,-685,,,,
060235,0,0,0,11,,,,
060236,0,0,0,-180,,,,
060237,0,0,0,170,,,,
060239,0,0,0,85,,,,
06023U,0,0,0,5,,,,
060241,0,0,0,-507,,,,
060243,0,0,0,1,,,,
060244,0,0,0,20,,,,
060245,0,0,0,49,,,,
060246,0,0,0,-134,,,,
060247,0,0,0,-20,,,,
060248,0,0,0,-77,,,,
060249,0,0,0,-35,,,,
060251,0,0,0,121,,,,
060252,0,0,0,73,,,,
060253,0,0,0,10,,,,
060254,0,0,0,-10,,,,
060255,0,0,0,5,,,,
060257,0,0,0,-21,,,,
060258,0,0,0,-20,,,,
060260,0,0,0,-160,,,,
060261,0,0,0,185,,,,
060262,0,0,0,0,,,,
060264,0,0,0,63,,,,
060265,0,0,0,90,,,,
060268,0,0,0,340,,,,
060269,0,0,0,5,,,,
060270,0,0,0,50,,,,
060271,0,0,0,-18,,,,
060272,0,0,0,-56,,,,
060274,0,0,0,7,,,,
060275,0,0,0,1,,,,
060276,0,0,0,145,,,,
060278,0,0,0,-9,,,,
060280,0,0,0,2,,,,
060281,0,0,0,-86,,,,
060282,0,0,0,-6,,,,
060283,0,0,0,-52,,,,
060284,0,0,0,-54,,,,
060285,0,0,0,-9,,,,
060286,0,0,0,0,,,,
060287,0,0,0,-58,,,,
060288,0,0,0,225,,,,
060289,0,0,0,130,,,,
060290,0,0,0,64,,,,
060291,0,0,0,113,,,,
060292,0,0,0,104,,,,
060294,0,0,0,-34,,,,
060296,0,0,0,29,,,,
060297,0,0,0,10,,,,
060298,0,0,0,-22,,,,
060299,0,0,0,-12,,,,
060300,0,0,0,-49,,,,
060301,0,0,0,-8,,,,
060307,0,0,0,-50,,,,
060309,0,0,0,-4,,,,
060310,0,0,0,-93,,,,
060312,0,0,0,124,,,,
060313,0,0,0,-16,,,,
060314,0,0,0,100,,,,
060315,0,0,0,90,,,,
060316,0,0,0,-3115,,,,
060317,0,0,0,-8,,,,
060318,0,0,0,-13,,,,
060323,0,0,0,1,,,,
060324,0,0,0,163,,,,
060328,0,0,0,3,,,,
060331,0,0,0,-12,,,,
060332,0,0,0,-341,,,,
060333,0,0,0,-40,,,,
060336,0,0,0,81,,,,
060337,0,0,0,64,,,,
060338,0,0,0,308,,,,
060339,0,0,0,69,,,,
060340,0,0,0,-95,,,,
060341,0,0,0,-9,,,,
060342,0,0,0,-7,,,,
060343,0,0,0,-4,,,,
060344,0,0,0,-14,,,,
060345,0,0,0,-24,,,,
060346,0,0,0,-95,,,,
060347,0,0,0,194,,,,
060348,0,0,0,-50,,,,
060349,0,0,0,-180,,,,
060350,0,0,0,39,,,,
060351,0,0,0,48,,,,
060352,0,0,0,70,,,,
060353,0,0,0,-34,,,,
060354,0,0,0,46,,,,
060355,0,0,0,-86,,,,
060356,0,0,0,-59,,,,
060357,0,0,0,311,,,,
060358,0,0,0,41,,,,
060359,0,0,0,-20,,,,
060360,0,0,0,57,,,,
060361,0,0,0,0,,,,
060362,0,0,0,4,,,,
060363,0,0,0,0,,,,
060364,0,0,0,274,,,,
060365,0,0,0,-2,,,,
060367,0,0,0,-83,,,,
060368,0,0,0,63,,,,
060369,0,0,0,0,,,,
060370,0,0,0,89,,,,
060371,0,0,0,-13,,,,
060373,0,0,0,1,,,,
060374,0,0,0,1,,,,
060375,0,0,0,11,,,,
060376,0,0,0,44,,,,
060377,0,0,0,9,,,,
060378,0,0,0,-22,,,,
060379,0,0,0,11,,,,
060380,0,0,0,35,,,,
060381,0,0,0,260,,,,
060382,0,0,0,129,,,,
060383,0,0,0,-19,,,,
060384,0,0,0,166,,,,
060385,0,0,0,202,,,,
060386,0,0,0,94,,,,
060388,0,0,0,0,,,,
060389,0,0,0,1,,,,
060390,0,0,0,13,,,,
060391,0,0,0,3,,,,
060392,0,0,0,997,,,,
060394,0,0,0,133,,,,
060395,0,0,0,-10,,,,
060397,0,0,0,-2,,,,
060399,0,0,0,32,,,,
060400,0,0,0,-55,,,,
060401,0,0,0,24,,,,
060402,0,0,0,-12,,,,
060403,0,0,0,13,,,,
060404,0,0,0,-14,,,,
060406,0,0,0,0,,,,
060407,0,0,0,-21,,,,
060408,0,0,0,5,,,,
060412,0,0,0,20,,,,
060413,0,0,0,164,,,,
060414,0,0,0,20,,,,
060415,0,0,0,3,,,,
060416,0,0,0,-24,,,,
060417,0,0,0,-249,,,,
060419,0,0,0,77,,,,
060421,0,0,0,-58,,,,
060422,0,0,0,-2,,,,
060423,0,0,0,249,,,,
060425,0,0,0,-13,,,,
060426,-1114,0,0,1087,,,,
060427,0,0,0,200,,,,
060428,0,0,0,79,,,,
060433,0,0,0,-225,,,,
060434,0,0,0,35,,,,
060435,0,0,0,230,,,,
060436,0,0,0,-212,,,,
060437,0,0,0,43,,,,
060438,0,0,0,-256,,,,
060439,0,0,0,-623,,,,
060440,0,0,0,48,,,,
060441,0,0,0,50,,,,
060442,0,0,0,10,,,,
060443,0,0,0,22,,,,
060444,0,0,0,-108,,,,
060447,0,0,0,-13,,,,
060448,0,0,0,6,,,,
060449,0,0,0,-6,,,,
060450,0,0,0,40,,,,
060451,0,0,0,24,,,,
060452,0,0,0,42,,,,
060454,0,0,0,14,,,,
060456,0,0,0,31,,,,
060457,0,0,0,588,,,,
060459,0,0,0,46,,,,
060461,0,0,0,-15,,,,
060462,0,0,0,46,,,,
060463,0,0,0,0,,,,
060464,0,0,0,-1130,,,,
060466,0,0,0,2,,,,
060467,0,0,0,-1,,,,
060468,0,0,0,1,,,,
060469,0,0,0,41,,,,
060470,0,0,0,-74,,,,
060471,0,0,0,44,,,,
060472,0,0,0,-149,,,,
060473,0,0,0,714,,,,
060474,0,0,0,127,,,,
060475,0,0,0,24,,,,
060476,0,0,0,374,,,,
060479,0,0,0,7,,,,
060481,0,0,0,-74,,,,
060482,0,0,0,-321,,,,
060484,0,0,0,-10,,,,
060485,0,0,0,-48,,,,
060488,0,0,0,20,,,,
060493,0,0,0,-1474,,,,
060494,0,0,0,-10,,,,
060495,0,0,0,-27,,,,
060496,0,0,0,-4,,,,
060497,0,0,0,-5,,,,
060498,0,0,0,13,,,,
060499,0,0,0,98,,,,
060500,0,0,0,35,,,,
060501,0,0,0,248,,,,
060503,0,0,0,16,,,,
060504,0,0,0,-126,,,,
060505,0,0,0,-47,,,,
060507,0,0,0,-34,,,,
060508,0,0,0,-46,,,,
060512,0,0,0,-8,,,,
060513,0,0,0,-2,,,,
060514,0,0,0,1,,,,
060515,1,0,0,19,,,,
060518,0,0,0,90,,,,
060519,0,0,0,572,,,,
060520,0,0,0,-225,,,,
060522,0,0,0,-117,,,,
060524,0,0,0,-224,,,,
060525,0,0,0,-10,,,,
060526,0,0,0,0,,,,
060527,0,0,0,10,,,,
060528,0,0,0,36,,,,
060530,0,0,0,-18,,,,
060531,0,0,0,-28,,,,
060532,0,0,0,-18,,,,
060533,0,0,0,-18,,,,
060534,0,0,0,23,,,,
060535,0,0,0,50,,,,
060536,0,0,0,-6,,,,
060538,0,0,0,1,,,,
060540,0,0,0,6,,,,
060541,0,0,0,1317,,,,
060542,0,0,0,-101,,,,
060543,0,0,0,-256,,,,
060544,0,0,0,-230,,,,
060545,0,0,0,-183,,,,
060546,0,0,0,-72,,,,
060547,0,0,0,-2,,,,
060549,0,0,0,77,,,,
060550,0,0,0,43,,,,
060551,0,0,0,124,,,,
060552,0,0,0,-17,,,,
060553,0,0,0,-86,,,,
060554,0,0,0,-2,,,,
060556,0,0,0,98,,,,
060557,0,0,0,0,,,,
060558,0,0,0,0,,,,
060559,0,0,0,-329,,,,
060560,0,0,0,-13,,,,
060562,0,0,0,10,,,,
060563,0,0,0,3,,,,
060565,0,0,0,94,,,,
060566,0,0,0,754,,,,
060567,0,0,0,-70,,,,
060568,0,0,0,-17,,,,
060569,0,0,0,-4,,,,
060570,0,0,0,-87,,,,
060571,0,0,0,-47,,,,
060572,0,0,0,0,,,,
060573,0,0,0,119,,,,
060575,0,0,0,-773,,,,
060576,0,0,0,-313,,,,
060577,0,0,0,-41,,,,
060579,0,0,0,-23,,,,
060580,0,0,0,-17,,,,
060581,0,0,0,-35,,,,
060582,0,0,0,-126,,,,
060584,0,0,0,74,,,,
060585,0,0,0,-153,,,,
060586,0,0,0,-132,,,,
060587,0,0,0,15,,,,
060588,0,0,0,-17,,,,
060589,0,0,0,-69,,,,
060591,0,0,0,-273,,,,
060592,0,0,0,8,,,,
060593,0,0,0,50,,,,
060594,0,0,0,-4,,,,
060597,0,0,0,-100,,,,
060598,0,0,0,-5,,,,
060599,0,0,0,8,,,,
060600,0,0,0,2,,,,
060601,0,0,0,2,,,,
060603,0,0,0,35,,,,
060605,0,0,0,-43,,,,
060606,0,0,0,46,,,,
060607,0,0,0,-6,,,,
060608,0,0,0,-4,,,,
060609,0,0,0,4,,,,
060611,0,0,0,-59,,,,
060615,0,0,0,-16,,,,
060617,0,0,0,5,,,,
060618,0,0,0,-22,,,,
060619,0,0,0,64,,,,
060620,0,0,0,4,,,,
060621,0,0,0,-12,,,,
060622,0,0,0,-1,,,,
060623,0,0,0,-92,,,,
060624,0,0,0,4,,,,
060625,0,0,0,-9,,,,
060626,0,0,0,5,,,,
060627,0,0,0,-2,,,,
060628,0,0,0,-49,,,,
060629,0,0,0,-14,,,,
060630,0,0,0,-10,,,,
060631,0,0,0,-34,,,,
060632,0,0,0,-13,,,,
060633,0,0,0,0,,,,
060634,0,0,0,-437,,,,
060635,0,0,0,-30,,,,
060636,0,0,0,-12,,,,
060637,0,0,0,514,,,,
060638,0,0,0,237,,,,
060641,0,0,0,-2,,,,
060644,0,0,0,-108,,,,
060646,0,0,0,-278,,,,
060647,0,0,0,-4,,,,
060648,0,0,0,-36,,,,
060650,0,0,0,14,,,,
060651,0,0,0,16,,,,
060652,0,0,0,53,,,,
060653,0,0,0,0,,,,
060654,0,0,0,151,,,,
060655,0,0,0,50,,,,
060656,0,0,0,-16,,,,
060657,0,0,0,-10,,,,
060658,0,0,0,3,,,,
060660,0,0,0,40,,,,
060661,0,0,0,-120,,,,
060662,0,0,0,25,,,,
060663,0,0,0,-28,,,,
060664,0,0,0,12,,,,
060665,0,0,0,-1,,,,
060667,0,0,0,-58,,,,
060668,0,0,0,32,,,,
060669,0,0,0,-145,,,,
060670,0,0,0,178,,,,
060672,0,0,0,246,,,,
060673,0,0,0,464,,,,
060674,0,0,0,2,,,,
060676,0,0,0,59,,,,
060677,0,0,0,49,,,,
060679,0,0,0,197,,,,
060680,0,0,0,32,,,,
060682,0,0,0,6,,,,
060683,0,0,0,-91,,,,
060684,0,0,0,-3,,,,
060685,0,0,0,-514,,,,
060687,0,0,0,57,,,,
060688,0,0,0,-23,,,,
060689,0,0,0,286,,,,
060691,0,0,0,-40,,,,
060692,0,0,0,32,,,,
060694,0,0,0,1,,,,
060695,0,0,0,-42,,,,
060696,0,0,0,-293,,,,
060697,0,0,0,11,,,,
060698,0,0,0,-42,,,,
060699,0,0,0,-35,,,,
060700,0,0,0,298,,,,
060706,0,0,0,-52,,,,
060707,0,0,0,2,,,,
060708,0,0,0,-12,,,,
060709,0,0,0,80,,,,
060712,0,0,0,-95,,,,
060713,0,0,0,-74,,,,
060714,0,0,0,25,,,,
060716,0,0,0,207,,,,
060717,0,0,0,318,,,,
060718,0,0,0,42,,,,
060719,0,0,0,125,,,,
060720,0,0,0,-6,,,,
060721,0,0,0,-20,,,,
060722,0,0,0,-21,,,,
060723,0,0,0,-188,,,,
060724,0,0,0,34,,,,
060725,0,0,0,54,,,,
060726,0,0,0,-149,,,,
060727,0,0,0,-495,,,,
060728,0,0,0,85,,,,
060731,0,0,0,-152,,,,
060732,0,0,0,469,,,,
060734,0,0,0,380,,,,
060735,0,0,0,7,,,,
060736,0,0,0,-346,,,,
060737,0,0,0,159,,,,
060738,0,0,0,15,,,,
060739,0,0,0,-188,,,,
060741,0,0,0,5,,,,
060742,0,0,0,-883,,,,
060743,0,0,0,60,,,,
060744,0,0,0,-31,,,,
060745,0,0,0,20,,,,
060746,0,0,0,-23,,,,
060747,0,0,0,42,,,,
060749,0,0,0,12,,,,
060750,0,0,0,-18,,,,
060751,0,0,0,-55,,,,
060752,0,0,0,-93,,,,
060753,0,0,0,25,,,,
060754,0,0,0,0,,,,
060755,0,0,0,0,,,,
060756,0,0,0,8,,,,
060757,0,0,0,80,,,,
060759,0,0,0,-74,,,,
060761,0,0,0,32,,,,
060762,0,0,0,-30,,,,
060763,0,0,0,28,,,,
060764,0,0,0,-13,,,,
060765,0,0,0,25,,,,
060768,0,0,0,61,,,,
060769,0,0,0,-148,,,,
060770,0,0,0,143,,,,
060773,0,0,0,345,,,,
060775,0,0,0,169,,,,
060776,0,0,0,-78,,,,
060777,0,0,0,24,,,,
060778,0,0,0,-27,,,,
060780,0,0,0,290,,,,
060782,0,0,0,5,,,,
060783,0,0,0,2,,,,
060785,0,0,0,72,,,,
060786,0,0,0,4,,,,
060789,0,0,0,-167,,,,
060790,0,0,0,3,,,,
060791,0,0,0,-334,,,,
060792,0,0,0,-144,,,,
060793,0,0,0,3,,,,
060794,0,0,0,845,,,,
060795,0,0,0,-87,,,,
060796,0,0,0,29,,,,
060797,0,0,0,-194,,,,
060798,0,0,0,-42,,,,
060799,0,0,0,-145,,,,
06079U,0,0,0,62,,,,
060800,0,0,0,42,,,,
060801,0,0,0,160,,,,
060802,0,0,0,30,,,,
060804,0,0,0,1,,,,
060805,0,0,0,23,,,,
060806,0,0,0,68,,,,
060807,0,0,0,-81,,,,
060809,0,0,0,14,,,,
060810,0,0,0,15,,,,
060812,0,0,0,701,,,,
060815,0,0,0,-78,,,,
060816,0,0,0,130,,,,
060818,0,0,0,-6,,,,
060819,0,0,0,40,,,,
060820,0,0,0,-137,,,,
060821,0,0,0,-10,,,,
060822,0,0,0,-7,,,,
060823,0,0,0,80,,,,
060824,0,0,0,-144,,,,
060826,0,0,0,4,,,,
060827,0,0,0,-40,,,,
060828,0,0,0,-100,,,,
060829,0,0,0,-96,,,,
060830,0,0,0,-75,,,,
060832,0,0,0,-15,,,,
060833,0,0,0,52,,,,
060834,0,0,0,4,,,,
060838,0,0,0,0,,,,
060839,0,0,0,-25,,,,
060840,0,0,0,203,,,,
060841,0,0,0,7,,,,
060846,0,0,0,-30,,,,
060848,0,0,0,142,,,,
060849,0,0,0,182,,,,
060850,0,0,0,1,,,,
060851,0,0,0,11,,,,
060852,0,0,0,4,,,,
060854,0,0,0,-79,,,,
060855,0,0,0,115,,,,
060856,0,0,0,193,,,,
060857,0,0,0,-81,,,,
060858,0,0,0,-27,,,,
060859,0,0,0,25,,,,
060860,0,0,0,85,,,,
060861,0,0,0,17,,,,
060862,0,0,0,-17,,,,
060864,0,0,0,22,,,,
060865,0,0,0,-50,,,,
060866,0,0,0,-166,,,,
060868,0,0,0,-81,,,,
060869,0,0,0,214,,,,
060870,0,0,0,2,,,,
060871,0,0,0,-7,,,,
060872,0,0,0,0,,,,
060873,0,0,0,368,,,,
060874,0,0,0,-5,,,,
060875,0,0,0,-18,,,,
060877,0,0,0,-16,,,,
060878,0,0,0,-23,,,,
060879,0,0,0,48,,,,
060884,0,0,0,2,,,,
060885,0,0,0,1,,,,
060886,0,0,0,-8,,,,
060887,0,0,0,-29,,,,
060888,0,0,0,1,,,,
060889,0,0,0,4,,,,
060890,0,0,0,72,,,,
060891,0,0,0,209,,,,
060892,0,0,0,-24,,,,
060893,0,0,0,38,,,,
060894,0,0,0,-5,,,,
060895,0,0,0,0,,,,
060896,0,0,0,-163,,,,
060897,0,0,0,-4,,,,
060898,0,0,0,-3,,,,
060899,0,0,0,100,,,,
060900,0,0,0,-10,,,,
060901,0,0,0,56,,,,
060902,0,0,0,-560,,,,
060904,0,0,0,61,,,,
060905,0,0,0,2,,,,
060906,0,0,0,-47,,,,
060907,0,0,0,-8,,,,
060908,0,0,0,-84,,,,
060909,0,0,0,-5,,,,
060911,0,0,0,6,,,,
060913,0,0,0,-14,,,,
060914,0,0,0,-17,,,,
060915,0,0,0,-5,,,,
060916,0,0,0,31,,,,
060917,0,0,0,-1,,,,
060919,0,0,0,-13,,,,
060922,0,0,0,71,,,,
060923,0,0,0,-8,,,,
060924,0,0,0,20,,,,
060925,0,0,0,-54,,,,
060926,0,0,0,-214,,,,
060927,0,0,0,83,,,,
060929,0,0,0,388,,,,
060930,0,0,0,41,,,,
060931,0,0,0,33,,,,
060934,0,0,0,-6,,,,
060935,0,0,0,-214,,,,
060936,0,0,0,-83,,,,
060937,0,0,0,84,,,,
060938,0,0,0,98,,,,
060939,0,0,0,-18,,,,
060940,0,0,0,117,,,,
060942,0,0,0,26,,,,
060943,0,0,0,-60,,,,
060944,0,0,0,-69,,,,
060945,0,0,0,28,,,,
060946,0,0,0,37,,,,
060947,0,0,0,-172,,,,
060948,0,0,0,-120,,,,
060950,0,0,0,-35,,,,
060952,0,0,0,4,,,,
060956,0,0,0,-10,,,,
060957,0,0,0,-70,,,,
060958,0,0,0,51,,,,
060959,0,0,0,2,,,,
060960,0,0,0,21,,,,
060965,0,0,0,-26,,,,
060967,0,0,0,-103,,,,
060968,0,0,0,128,,,,
060970,0,0,0,-8,,,,
060973,0,0,0,-35,,,,
060974,0,0,0,-145,,,,
060976,0,0,0,520,,,,
060977,0,0,0,569,,,,
060978,0,0,0,-318,,,,
060979,0,0,0,23,,,,
060980,0,0,0,161,,,,
060981,0,0,0,10,,,,
060983,0,0,0,135,,,,
060984,0,0,0,-1,,,,
060985,0,0,0,3,,,,
060986,0,0,0,-190,,,,
060987,0,0,0,15,,,,
060988,0,0,0,76,,,,
060990,0,0,0,-2,,,,
060991,0,0,0,246,,,,
060992,0,0,0,-4,,,,
060993,0,0,0,-50,,,,
060994,0,0,0,-65,,,,
060995,0,0,0,-451,,,,
060996,0,0,0,5,,,,
060997,0,0,0,4,,,,
060998,0,0,0,50,,,,
060999,0,0,0,0,,,,
061000,0,0,0,-120,,,,
061003,0,0,0,350,,,,
061005,0,0,0,64,,,,
061010,0,0,0,44,,,,
061011,0,0,0,213,,,,
061012,0,0,0,246,,,,
061013,0,0,0,-73,,,,
061014,0,0,0,-50,,,,
061015,0,0,0,-18,,,,
061017,0,0,0,-1,,,,
061019,0,0,0,36,,,,
061020,0,0,0,371,,,,
061021,0,0,0,-35,,,,
061022,0,0,0,213,,,,
061023,0,0,0,200,,,,
061024,0,0,0,180,,,,
061025,0,0,0,-431,,,,
061026,0,0,0,24,,,,
061027,0,0,0,102,,,,
061028,0,0,0,9,,,,
061029,0,0,0,809,,,,
061031,0,0,0,56,,,,
061032,0,0,0,48,,,,
061033,0,0,0,-161,,,,
061036,0,0,0,-50,,,,
061037,0,0,0,75,,,,
061038,0,0,0,-89,,,,
061039,0,0,0,-315,,,,
061040,0,0,0,-588,,,,
061041,0,0,0,-149,,,,
061042,0,0,0,-170,,,,
061043,0,0,0,-677,,,,
061044,0,0,0,-465,,,,
061045,0,0,0,-31,,,,
061046,0,0,0,55,,,,
061047,0,0,0,-597,,,,
061048,0,0,0,134,,,,
061049,0,0,0,-18,,,,
061050,0,0,0,181,,,,
061051,0,0,0,0,,,,
061052,0,0,0,779,,,,
061053,0,0,0,127,,,,
061054,0,0,0,21,,,,
061055,0,0,0,273,,,,
061057,0,0,0,-9,,,,
061058,0,0,0,15,,,,
061059,0,0,0,447,,,,
061061,0,0,0,87,,,,
061062,0,0,0,19,,,,
061067,0,0,0,49,,,,
061069,0,0,0,100,,,,
061071,0,0,0,105,,,,
061073,0,0,0,-77,,,,
061074,0,0,0,26,,,,
061075,0,0,0,-85,,,,
061076,0,0,0,-1,,,,
061077,0,0,0,114,,,,
061078,0,0,0,-110,,,,
061079,0,0,0,0,,,,
061080,0,0,0,0,,,,
061081,0,0,0,1,,,,
061082,0,0,0,-30,,,,
061084,0,0,0,-39,,,,
061086,0,0,0,26,,,,
061088,0,0,0,379,,,,
061089,0,0,0,1537,,,,
061090,0,0,0,696,,,,
061091,0,0,0,219,,,,
061092,0,0,0,-18,,,,
061093,0,0,0,0,,,,
061094,0,0,0,-1,,,,
061095,0,0,0,-18,,,,
061096,0,0,0,-25,,,,
061097,0,0,0,-186,,,,
061102,0,0,0,-1283,,,,
061103,0,0,0,16,,,,
061104,0,0,0,3,,,,
061106,-10,0,0,59,,,,
061107,0,0,0,6,,,,
061108,0,0,0,5,,,,
061109,0,0,0,-10,,,,
061110,0,0,0,0,,,,
061115,0,0,0,44,,,,
061116,0,0,0,33,,,,
061117,0,0,0,32,,,,
061118,0,0,0,60,,,,
061119,0,0,0,-3,,,,
061120,0,0,0,28,,,,
061122,0,0,0,-65,,,,
061123,0,0,0,-204,,,,
061124,0,0,0,40,,,,
061125,0,0,0,25,,,,
061126,0,0,0,40,,,,
061127,0,0,0,46,,,,
061130,0,0,0,4,,,,
061131,0,0,0,-35,,,,
061135,0,0,0,89,,,,
061136,0,0,0,-25,,,,
061137,0,0,0,48,,,,
061138,0,0,0,-31,,,,
061139,0,0,0,59,,,,
061141,0,0,0,-333,,,,
061143,0,0,0,1,,,,
061144,0,0,0,18,,,,
061148,0,0,0,296,,,,
061151,0,0,0,-96,,,,
061152,0,0,0,-413,,,,
061154,0,0,0,7,,,,
061155,0,0,0,56,,,,
061156,0,0,0,-50,,,,
061157,0,0,0,36,,,,
061158,0,0,0,-10,,,,
061159,0,0,0,-284,,,,
061161,0,0,0,-52,,,,
061162,0,0,0,645,,,,
061163,0,0,0,-555,,,,
061164,0,0,0,40,,,,
061165,0,0,0,11,,,,
061166,0,0,0,20,,,,
061167,0,0,0,-330,,,,
061168,0,0,0,48,,,,
061170,0,0,0,-39,,,,
061171,0,0,0,-147,,,,
061172,0,0,0,-129,,,,
061173,0,0,0,-150,,,,
061174,0,0,0,200,,,,
061175,0,0,0,-56,,,,
061176,0,0,0,-208,,,,
061177,0,0,0,-390,,,,
061178,0,0,0,-32,,,,
061179,0,0,0,-221,,,,
061180,0,0,0,-382,,,,
061181,0,0,0,42,,,,
061182,0,0,0,-73,,,,
061183,0,0,0,170,,,,
061184,0,0,0,108,,,,
061185,0,0,0,10,,,,
061186,0,0,0,-23,,,,
061187,0,0,0,174,,,,
061188,0,0,0,173,,,,
061189,0,0,0,8,,,,
061190,0,0,0,9,,,,
061191,0,0,0,-230,,,,
061192,0,0,0,-350,,,,
061193,0,0,0,48,,,,
061195,0,0,0,21,,,,
061196,0,0,0,-47,,,,
061197,0,0,0,-32,,,,
061198,0,0,0,-20,,,,
061199,0,0,0,-134,,,,
061200,0,0,0,-5,,,,
061205,0,0,0,-20,,,,
061206,0,0,0,20,,,,
061207,0,0,0,27,,,,
061208,20,0,0,39,,,,
061212,0,0,0,0,,,,
061213,0,0,0,75,,,,
061214,0,0,0,-67,,,,
061215,0,0,0,20,,,,
061217,0,0,0,0,,,,
061218,0,0,0,-108,,,,
061219,0,0,0,69,,,,
061221,0,0,0,259,,,,
061223,0,0,0,40,,,,
061224,0,0,0,45,,,,
061226,0,0,0,72,,,,
061228,0,0,0,122,,,,
061229,0,0,0,381,,,,
061230,0,0,0,-34,,,,
061231,0,0,0,-22,,,,
061232,0,0,0,-11,,,,
061234,0,0,0,-165,,,,
061237,0,0,0,-76,,,,
061238,0,0,0,0,,,,
061239,0,0,0,-72,,,,
061240,0,0,0,-124,,,,
061242,0,0,0,-100,,,,
061243,0,0,0,-94,,,,
061244,0,0,0,1,,,,
061245,0,0,0,19,,,,
061246,0,0,0,10,,,,
061247,0,0,0,-27,,,,
061248,0,0,0,4,,,,
061249,0,0,0,51,,,,
061250,0,0,0,5,,,,
061251,0,0,0,-185,,,,
061254,0,0,0,-188,,,,
061257,0,0,0,-4,,,,
061258,0,0,0,-20,,,,
061259,0,0,0,282,,,,
061260,0,0,0,-157,,,,
061264,0,0,0,-154,,,,
061265,0,0,0,81,,,,
061266,0,0,0,87,,,,
061267,0,0,0,65,,,,
061268,0,0,0,-302,,,,
061269,0,0,0,-46,,,,
061270,0,0,0,24,,,,
061271,0,0,0,-339,,,,
061272,0,0,0,-863,,,,
061273,0,0,0,-105,,,,
061274,0,0,0,21,,,,
061275,0,0,0,-16,,,,
061277,0,0,0,54,,,,
061279,0,0,0,7,,,,
061280,0,0,0,-45,,,,
061281,0,0,0,0,,,,
061282,0,0,0,-27,,,,
061283,0,0,0,60,,,,
061284,0,0,0,-141,,,,
061285,0,0,0,-4,,,,
061290,0,0,0,2,,,,
061292,0,0,0,-79,,,,
061293,0,0,0,222,,,,
061294,0,0,0,11,,,,
061295,0,0,0,6,,,,
061296,0,0,0,240,,,,
061297,0,0,0,-41,,,,
061298,0,0,0,113,,,,
061299,0,0,0,-19,,,,
061300,0,0,0,1678,,,,
061301,0,0,0,1887,,,,
061302,0,0,0,-601,,,,
061303,0,0,0,-40,,,,
061305,0,0,0,-63,,,,
061306,0,0,0,-20,,,,
061309,0,0,0,-16,,,,
061310,0,0,0,-57,,,,
061311,0,0,0,90,,,,
061312,0,0,0,-57,,,,
061313,0,0,0,-58,,,,
061315,0,0,0,-20,,,,
061316,0,0,0,0,,,,
061317,0,0,0,225,,,,
061318,0,0,0,-10,,,,
061319,0,0,0,-21,,,,
061320,0,0,0,-20,,,,
061321,0,0,0,200,,,,
061322,0,0,0,2,,,,
061323,0,0,0,52,,,,
061324,0,0,0,-808,,,,
061326,-1,0,0,284,,,,
061327,0,0,0,27,,,,
061328,0,0,0,52,,,,
061329,0,0,0,215,,,,
061330,0,0,0,-10,,,,
061331,0,0,0,-175,,,,
061332,0,0,0,-596,,,,
061333,0,0,0,33,,,,
061334,0,0,0,32,,,,
061335,0,0,0,72,,,,
061337,0,0,0,-30,,,,
061339,0,0,0,-42,,,,
061340,0,0,0,227,,,,
061341,0,0,0,3,,,,
061342,0,0,0,90,,,,
061343,0,0,0,2,,,,
061344,0,0,0,-12,,,,
061346,0,0,0,-10,,,,
061347,0,0,0,192,,,,
061350,0,0,0,-4,,,,
061351,0,0,0,-39,,,,
061352,0,0,0,525,,,,
061353,0,0,0,83,,,,
061354,0,0,0,-172,,,,
061355,0,0,0,10,,,,
061356,0,0,0,12,,,,
061357,0,0,0,0,,,,
061359,0,0,0,-60,,,,
061360,0,0,0,-1,,,,
061361,0,0,0,-1,,,,
061362,0,0,0,42,,,,
061364,0,0,0,-10,,,,
061365,0,0,0,20,,,,
061366,0,0,0,711,,,,
061367,0,0,0,32,,,,
061369,0,0,0,-891,,,,
06136U,0,0,0,10,,,,
061370,0,0,0,-122,,,,
061371,0,0,0,55,,,,
061372,0,0,0,-270,,,,
061373,0,0,0,-91,,,,
061376,0,0,0,-25,,,,
061377,0,0,0,31,,,,
061378,0,0,0,-21,,,,
061381,0,0,0,57,,,,
061386,0,0,0,-4,,,,
061387,0,0,0,-5,,,,
061388,0,0,0,-271,,,,
061389,0,0,0,-252,,,,
061390,0,0,0,0,,,,
061391,0,0,0,11,,,,
061392,0,0,0,-322,,,,
061393,0,0,0,-179,,,,
061396,0,0,0,-43,,,,
061400,0,0,0,48,,,,
061401,0,0,0,417,,,,
061402,0,0,0,7,,,,
061403,0,0,0,-90,,,,
061405,0,0,0,32,,,,
061407,0,0,0,-90,,,,
061408,0,0,0,1,,,,
061409,0,0,0,-27,,,,
061411,0,0,0,-10,,,,
061412,0,0,0,-390,,,,
061413,0,0,0,-150,,,,
061414,0,0,0,221,,,,
061415,0,0,0,-10,,,,
061416,0,0,0,72,,,,
061418,0,0,0,-60,,,,
061420,0,0,0,-565,,,,
061421,0,0,0,-505,,,,
061422,0,0,0,-221,,,,
061423,0,0,0,-53,,,,
061424,0,0,0,370,,,,
061425,0,0,0,-87,,,,
061426,60,0,0,-187,,,,
061427,0,0,0,55,,,,
061428,0,0,0,-1178,,,,
061429,0,0,0,316,,,,
061430,0,0,0,-80,,,,
061431,0,0,0,-24,,,,
061432,0,0,0,-58,,,,
061433,0,0,0,0,,,,
061435,0,0,0,-2,,,,
061436,0,0,0,-34,,,,
061437,0,0,0,62,,,,
061439,0,0,0,20,,,,
061440,0,0,0,3,,,,
061442,0,0,0,33,,,,
061444,0,0,0,-20,,,,
061445,0,0,0,-33,,,,
061446,0,0,0,1,,,,
061447,0,0,0,-31,,,,
061449,0,0,0,-18,,,,
061450,0,0,0,-19,,,,
061451,0,0,0,40,,,,
061452,0,0,0,28,,,,
061453,0,0,0,30,,,,
061454,0,0,0,35,,,,
061455,0,0,0,-74,,,,
061456,0,0,0,-385,,,,
061458,0,0,0,-247,,,,
061459,0,0,0,-1,,,,
061460,0,0,0,-17,,,,
061462,0,0,0,-6,,,,
061463,0,0,0,30,,,,
061465,0,0,0,367,,,,
061466,0,0,0,-128,,,,
061467,0,0,0,4,,,,
061468,0,0,0,309,,,,
061469,0,0,0,44,,,,
061470,0,0,0,987,,,,
061471,0,0,0,-188,,,,
061473,0,0,0,-10,,,,
061475,0,0,0,-1198,,,,
061476,0,0,0,-6,,,,
061477,0,0,0,-12,,,,
061479,0,0,0,-14,,,,
061480,0,0,0,24,,,,
061481,0,0,0,74,,,,
061482,0,0,0,92,,,,
061483,0,0,0,-100,,,,
061484,0,0,0,7,,,,
061485,0,0,0,-20,,,,
061486,0,0,0,30,,,,
061490,0,0,0,-61,,,,
061491,0,0,0,-84,,,,
061492,0,0,0,-21,,,,
061493,0,0,0,1,,,,
061494,0,0,0,-58,,,,
061496,0,0,0,-958,,,,
061497,0,0,0,51,,,,
061498,0,0,0,-21,,,,
061499,0,0,0,-41,,,,
061500,0,0,0,-18,,,,
061501,0,0,0,17,,,,
061502,0,0,0,0,,,,
061503,0,0,0,0,,,,
061504,0,0,0,0,,,,
061505,0,0,0,0,,,,
061507,0,0,0,-19,,,,
061509,0,0,0,1175,,,,
061510,0,0,0,-368,,,,
061511,0,0,0,-66,,,,
061512,0,0,0,-182,,,,
061513,0,0,0,-58,,,,
061514,0,0,0,0,,,,
061515,0,0,0,125,,,,
061516,0,0,0,-90,,,,
061517,0,0,0,93,,,,
061521,0,0,0,-199,,,,
061522,0,0,0,-219,,,,
061523,0,0,0,-28,,,,
061524,0,0,0,94,,,,
061526,0,0,0,49,,,,
061527,0,0,0,406,,,,
061528,0,0,0,240,,,,
061529,0,0,0,20,,,,
061530,0,0,0,-68,,,,
061531,0,0,0,-283,,,,
061532,0,0,0,12,,,,
061533,0,0,0,-5,,,,
061534,0,0,0,-29,,,,
061535,0,0,0,-6,,,,
061536,0,0,0,150,,,,
061537,0,0,0,3,,,,
061538,0,0,0,80,,,,
061539,0,0,0,-5,,,,
061540,0,0,0,27,,,,
061541,0,0,0,11,,,,
061542,0,0,0,205,,,,
061543,0,0,0,4,,,,
061544,0,0,0,301,,,,
061545,0,0,0,-174,,,,
061546,0,0,0,19,,,,
061547,0,0,0,148,,,,
061548,0,0,0,341,,,,
061549,0,0,0,190,,,,
061550,0,0,0,19,,,,
061551,0,0,0,94,,,,
061552,0,0,0,-2,,,,
061555,0,0,0,-10,,,,
061556,0,0,0,-256,,,,
061557,0,0,0,-24,,,,
061559,0,0,0,89,,,,
061560,0,0,0,-5441,,,,
061561,0,0,0,-11,,,,
061564,0,0,0,0,,,,
061565,0,0,0,97,,,,
061566,0,0,0,-52,,,,
061567,0,0,0,110,,,,
061568,0,0,0,-68,,,,
061569,0,0,0,-317,,,,
061570,0,0,0,166,,,,
061571,0,0,0,57,,,,
061572,0,0,0,-21,,,,
061575,0,0,0,98,,,,
061576,0,0,0,83,,,,
061577,0,0,0,-7,,,,
061578,0,0,0,-10,,,,
061579,0,0,0,0,,,,
061580,0,0,0,-30,,,,
061581,0,0,0,44,,,,
061582,0,0,0,-66,,,,
061583,0,0,0,-12,,,,
061584,0,0,0,241,,,,
061586,0,0,0,96,,,,
061587,0,0,0,-1,,,,
061588,0,0,0,-10,,,,
061589,0,0,0,-62,,,,
061590,0,0,0,-190,,,,
061591,0,0,0,-146,,,,
061592,0,0,0,32,,,,
061593,0,0,0,-240,,,,
061594,0,0,0,-15,,,,
061595,0,0,0,203,,,,
061596,0,0,0,23,,,,
061598,0,0,0,330,,,,
061599,0,0,0,16,,,,
061600,0,0,0,49,,,,
061601,0,0,0,-615,,,,
061602,0,0,0,274,,,,
061603,0,0,0,-63,,,,
061606,0,0,0,0,,,,
061607,0,0,0,20,,,,
061608,0,0,0,-229,,,,
061610,0,0,0,1,,,,
061612,0,0,0,218,,,,
061613,0,0,0,2,,,,
061615,0,0,0,-1,,,,
061616,0,0,0,34,,,,
061617,0,0,0,43,,,,
061618,0,0,0,-30,,,,
061619,0,0,0,9,,,,
061620,0,0,0,0,,,,
061621,0,0,0,-210,,,,
061622,0,0,0,53,,,,
061623,0,0,0,146,,,,
061624,0,0,0,-21,,,,
061625,0,0,0,474,,,,
061626,0,0,0,169,,,,
061627,0,0,0,33,,,,
061628,0,0,0,-136,,,,
061630,0,0,0,4,,,,
061631,0,0,0,70,,,,
061632,0,0,0,170,,,,
061633,0,0,0,-312,,,,
061634,0,0,0,165,,,,
061636,0,0,0,-90,,,,
061637,0,0,0,10,,,,
061638,0,0,0,775,,,,
061639,0,0,0,-10,,,,
061640,0,0,0,352,,,,
061641,0,0,0,48,,,,
061643,0,0,0,-619,,,,
061644,0,0,0,329,,,,
061645,0,0,0,-192,,,,
061646,0,0,0,35,,,,
061647,0,0,0,333,,,,
061648,0,0,0,468,,,,
061649,0,0,0,53,,,,
061650,0,0,0,3,,,,
061652,0,0,0,1,,,,
061654,0,0,0,-153,,,,
061655,0,0,0,349,,,,
061656,0,0,0,5,,,,
061657,0,0,0,11,,,,
061659,0,0,0,153,,,,
061662,0,0,0,-2,,,,
061664,0,0,0,2,,,,
061667,0,0,0,0,,,,
061669,0,0,0,0,,,,
061670,0,0,0,-145,,,,
061672,0,0,0,35,,,,
061673,0,0,0,10,,,,
061676,0,0,0,51,,,,
061677,0,0,0,-78,,,,
061678,0,0,0,-17,,,,
061679,0,0,0,20,,,,
061681,0,0,0,-61,,,,
061682,0,0,0,70,,,,
061684,0,0,0,30,,,,
061687,0,0,0,256,,,,
061688,0,0,0,-2,,,,
061691,0,0,0,-1,,,,
061692,0,0,0,60,,,,
061693,0,0,0,-46,,,,
061694,0,0,0,45,,,,
061695,0,0,0,90,,,,
061696,0,0,0,61,,,,
061697,0,0,0,1,,,,
061698,0,0,0,-20,,,,
061699,0,0,0,235,,,,
061701,0,0,0,6,,,,
061703,0,0,0,-24,,,,
061705,0,0,0,44,,,,
061707,0,0,0,-106,,,,
061708,0,0,0,-34,,,,
061710,0,0,0,-26,,,,
061711,0,0,0,-32,,,,
061712,0,0,0,-76,,,,
061714,0,0,0,-30,,,,
061715,0,0,0,157,,,,
061717,0,0,0,0,,,,
061719,0,0,0,28,,,,
061720,0,0,0,0,,,,
061723,0,0,0,0,,,,
061724,0,0,0,-34,,,,
061725,0,0,0,28,,,,
061727,0,0,0,-254,,,,
061728,0,0,0,6,,,,
061729,0,0,0,-4,,,,
061730,0,0,0,-44,,,,
061732,0,0,0,57,,,,
061733,0,0,0,14,,,,
061734,0,0,0,-53,,,,
061736,0,0,0,50,,,,
061738,0,0,0,-692,,,,
061739,0,0,0,-18,,,,
061740,0,0,0,-10,,,,
061742,0,0,0,-216,,,,
061746,0,0,0,32,,,,
061748,0,0,0,20,,,,
061749,0,0,0,-169,,,,
06174U,0,0,0,100,,,,
061750,0,0,0,-683,,,,
061751,0,0,0,8,,,,
061753,0,0,0,-4,,,,
061754,0,0,0,0,,,,
061756,0,0,0,-536,,,,
061757,0,0,0,6,,,,
061758,0,0,0,278,,,,
061759,0,0,0,-34,,,,
061760,0,0,0,70,,,,
061761,0,0,0,273,,,,
061763,0,0,0,-590,,,,
061764,0,0,0,-837,,,,
061765,0,0,0,-147,,,,
061766,0,0,0,366,,,,
061767,0,0,0,71,,,,
061769,0,0,0,292,,,,
061770,0,0,0,10,,,,
061771,0,0,0,-15,,,,
061772,0,0,0,-10,,,,
061773,0,0,0,-10,,,,
061775,0,0,0,-2,,,,
061776,0,0,0,15,,,,
061777,0,0,0,13,,,,
061779,0,0,0,-13,,,,
06177U,0,0,0,100,,,,
061781,0,0,0,-93,,,,
061782,0,0,0,-2,,,,
061787,0,0,0,9,,,,
061788,0,0,0,-91,,,,
061789,0,0,0,-31,,,,
06178U,0,0,0,27,,,,
061790,0,0,0,-80,,,,
061791,0,0,0,0,,,,
061792,0,0,0,-99,,,,
061794,0,0,0,-8,,,,
061795,0,0,0,50,,,,
061797,0,0,0,-160,,,,
061799,0,0,0,51,,,,
06179U,0,0,0,-20,,,,
061800,0,0,0,164,,,,
061801,0,0,0,-62,,,,
061804,0,0,0,-1,,,,
061805,0,0,0,-50,,,,
061807,0,0,0,-60,,,,
061808,0,0,0,-21,,,,
061809,0,0,0,6,,,,
061810,0,0,0,-7,,,,
061811,0,0,0,-10,,,,
061812,0,0,0,1,,,,
061817,0,0,0,-25,,,,
061818,0,0,0,269,,,,
061819,0,0,0,1,,,,
061820,0,0,0,-95,,,,
061822,0,0,0,15,,,,
061823,0,0,0,37,,,,
061824,0,0,0,8,,,,
061825,0,0,0,73,,,,
061826,0,0,0,-2,,,,
061828,0,0,0,9,,,,
061829,0,0,0,4,,,,
061830,0,0,0,-11,,,,
061831,0,0,0,-10,,,,
061832,0,0,0,-3,,,,
061834,0,0,0,11,,,,
061836,0,0,0,65,,,,
061837,0,0,0,-265,,,,
061839,0,0,0,54,,,,
061840,0,0,0,517,,,,
061841,0,0,0,34,,,,
061842,0,0,0,335,,,,
061843,0,0,0,17,,,,
061844,0,0,0,18,,,,
061845,0,0,0,-5,,,,
061846,0,0,0,-55,,,,
061847,0,0,0,14,,,,
061848,0,0,0,0,,,,
061849,0,0,0,-170,,,,
061850,0,0,0,53,,,,
061851,0,0,0,-37,,,,
061852,0,0,0,-23,,,,
061853,0,0,0,-70,,,,
061855,0,0,0,-55,,,,
061856,0,0,0,-8,,,,
061857,0,0,0,0,,,,
061859,0,0,0,-26,,,,
061860,0,0,0,81,,,,
061861,0,0,0,10,,,,
061862,0,0,0,-350,,,,
061864,0,0,0,-181,,,,
061865,0,0,0,20,,,,
061866,0,0,0,5,,,,
061867,0,0,0,0,,,,
061868,0,0,0,20,,,,
061869,0,0,0,4,,,,
061874,0,0,0,-7,,,,
061875,0,0,0,12,,,,
061876,0,0,0,1,,,,
061878,0,0,0,80,,,,
061879,0,0,0,-308,,,,
061880,0,0,0,11,,,,
061881,0,0,0,-3,,,,
061882,0,0,0,49,,,,
061884,0,0,0,211,,,,
061885,0,0,0,0,,,,
061886,0,0,0,33,,,,
061888,0,0,0,15,,,,
061889,0,0,0,-19,,,,
061891,0,0,0,5,,,,
061892,0,0,0,-33,,,,
061894,0,0,0,17,,,,
061898,0,0,0,1403,,,,
061901,0,0,0,-3012,,,,
061903,0,0,0,184,,,,
061905,0,0,0,-39,,,,
061906,0,0,0,-12,,,,
061907,0,0,0,-159,,,,
061908,0,0,0,-48,,,,
061909,0,0,0,79,,,,
061910,0,0,0,-1675,,,,
061911,0,0,0,-260,,,,
061912,0,0,0,-89,,,,
061913,0,0,0,628,,,,
061914,0,0,0,-132,,,,
061916,0,0,0,111,,,,
061917,0,0,0,-36,,,,
061918,0,0,0,-56,,,,
061919,0,0,0,-11,,,,
061920,0,0,0,-221,,,,
061921,0,0,0,-33,,,,
061922,0,0,0,-289,,,,
061923,0,0,0,-108,,,,
061924,0,0,0,-195,,,,
061925,0,0,0,-76,,,,
061926,0,0,0,20,,,,
061927,0,0,0,-206,,,,
061928,0,0,0,14,,,,
061929,0,0,0,-14,,,,
061930,0,0,0,16,,,,
061931,0,0,0,23,,,,
061932,0,0,0,30,,,,
061933,0,0,0,20,,,,
061934,0,0,0,16,,,,
061935,0,0,0,6,,,,
061936,0,0,0,-32,,,,
061937,0,0,0,45,,,,
061938,0,0,0,76,,,,
061939,0,0,0,-9,,,,
061940,0,0,0,0,,,,
061941,0,0,0,20,,,,
061942,0,0,0,-154,,,,
061944,0,0,0,413,,,,
061945,0,0,0,-188,,,,
061946,0,0,0,-161,,,,
061947,0,0,0,-140,,,,
061948,0,0,0,-46,,,,
061949,0,0,0,19,,,,
061950,0,0,0,91,,,,
061951,0,0,0,-3014,,,,
061952,0,0,0,210,,,,
061953,0,0,0,496,,,,
061954,0,0,0,312,,,,
061955,0,0,0,248,,,,
061956,0,0,0,-84,,,,
061957,0,0,0,-171,,,,
061958,0,0,0,213,,,,
061959,0,0,0,-87,,,,
061961,0,0,0,167,,,,
061962,0,0,0,299,,,,
061963,0,0,0,-285,,,,
061964,0,0,0,47,,,,
061965,0,0,0,359,,,,
061967,0,0,0,12,,,,
061968,0,0,0,14,,,,
061969,0,0,0,21,,,,
06196U,0,0,0,-2,,,,
061971,0,0,0,24,,,,
061973,0,0,0,-13,,,,
061976,0,0,0,-28,,,,
061977,0,0,0,-17,,,,
061978,0,0,0,-5,,,,
061979,0,0,0,8,,,,
061980,0,0,0,-15,,,,
061981,0,0,0,131,,,,
061983,0,0,0,509,,,,
061984,0,0,0,0,,,,
061985,0,0,0,0,,,,
061987,0,0,0,10,,,,
061988,0,0,0,-30,,,,
061989,0,0,0,1,,,,
061991,0,0,0,-22,,,,
061992,0,0,0,-23,,,,
061993,0,0,0,31,,,,
061994,0,0,0,-63,,,,
061995,0,0,0,0,,,,
061996,0,0,0,-34,,,,
061997,0,0,0,11,,,,
061998,0,0,0,-40,,,,
061999,0,0,0,58,,,,
062000,0,0,0,-166,,,,
062002,0,0,0,79,,,,
062003,0,0,0,95,,,,
062004,0,0,0,39,,,,
062005,0,0,0,107,,,,
062006,0,0,0,18,,,,
062007,0,0,0,60,,,,
062008,0,0,0,-6,,,,
062009,0,0,0,12,,,,
062010,0,0,0,12,,,,
062011,0,0,0,37,,,,
062012,0,0,0,-100,,,,
062015,0,0,0,-55,,,,
062017,0,0,0,44,,,,
062018,0,0,0,-2,,,,
06201U,0,0,0,-10,,,,
062020,0,0,0,-4,,,,
062021,0,0,0,20,,,,
062022,0,0,0,-1,,,,
062023,0,0,0,644,,,,
062024,0,0,0,-27,,,,
062025,0,0,0,-12,,,,
062026,0,0,0,10,,,,
062027,0,0,0,3,,,,
062028,0,0,0,-5,,,,
062029,0,0,0,241,,,,
062030,0,0,0,10,,,,
062033,0,0,0,-54,,,,
062034,0,0,0,-3,,,,
062035,0,0,0,3,,,,
062036,0,0,0,276,,,,
062037,0,0,0,185,,,,
062038,0,0,0,92,,,,
062039,0,0,0,69,,,,
062040,0,0,0,-1,,,,
062041,0,0,0,40,,,,
062042,0,0,0,-6,,,,
062045,0,0,0,-51,,,,
062046,0,0,0,285,,,,
062047,0,0,0,294,,,,
062048,0,0,0,-60,,,,
062049,0,0,0,-6,,,,
062050,0,0,0,-37,,,,
062051,0,0,0,161,,,,
062052,0,0,0,7,,,,
062054,0,0,0,-105,,,,
062055,0,0,0,100,,,,
062056,0,0,0,76,,,,
062057,0,0,0,-543,,,,
062058,0,0,0,328,,,,
062059,0,0,0,-63,,,,
062060,0,0,0,-220,,,,
062061,0,0,0,550,,,,
062062,0,0,0,265,,,,
062063,0,0,0,308,,,,
062064,0,0,0,-36,,,,
062065,0,0,0,-193,,,,
062066,0,0,0,320,,,,
062067,0,0,0,-338,,,,
062068,0,0,0,-122,,,,
062069,0,0,0,308,,,,
062070,0,0,0,-66,,,,
062071,0,0,0,-36,,,,
062072,0,0,0,85,,,,
062073,0,0,0,-241,,,,
062075,0,0,0,0,,,,
062076,0,0,0,-271,,,,
062077,0,0,0,-71,,,,
062078,0,0,0,-643,,,,
062079,0,0,0,323,,,,
06207U,0,0,0,27,,,,
062080,0,0,0,225,,,,
062081,0,0,0,11,,,,
062082,0,0,0,-8,,,,
062083,15,0,0,-168,,,,
062084,0,0,0,276,,,,
062085,0,0,0,-163,,,,
062086,0,0,0,66,,,,
062087,0,0,0,-23,,,,
062088,0,0,0,233,,,,
062089,0,0,0,303,,,,
062090,0,0,0,-27,,,,
062091,0,0,0,54,,,,
062095,0,0,0,345,,,,
062096,0,0,0,-10,,,,
062097,0,0,0,-10,,,,
062098,0,0,0,7,,,,
062100,0,0,0,33,,,,
062101,0,0,0,9,,,,
062103,0,0,0,-20,,,,
062104,0,0,0,-11,,,,
062105,0,0,0,42,,,,
062106,0,0,0,5,,,,
062107,0,0,0,-75,,,,
062108,0,0,0,32,,,,
062109,0,0,0,75,,,,
062110,0,0,0,-13,,,,
062111,0,0,0,-7,,,,
062112,0,0,0,-2,,,,
062113,0,0,0,1,,,,
062115,0,0,0,-1,,,,
062116,0,0,0,11,,,,
062117,0,0,0,80,,,,
062118,0,0,0,8,,,,
062119,0,0,0,-11,,,,
06211U,0,0,0,10,,,,
062120,0,0,0,22,,,,
062121,0,0,0,-4,,,,
062123,0,0,0,2,,,,
062124,0,0,0,-5,,,,
062125,0,0,0,-155,,,,
062126,0,0,0,-2,,,,
062127,0,0,0,-745,,,,
062128,0,0,0,0,,,,
062129,0,0,0,6,,,,
062131,0,0,0,-460,,,,
062132,0,0,0,-166,,,,
062133,0,0,0,-18,,,,
062134,0,0,0,432,,,,
062136,0,0,0,-46,,,,
062137,0,0,0,30,,,,
062138,0,0,0,42,,,,
062139,0,0,0,378,,,,
062140,0,0,0,-72,,,,
062141,0,0,0,1419,,,,
062142,0,0,0,116,,,,
062143,0,0,0,16,,,,
062144,0,0,0,-83,,,,
062145,0,0,0,-1,,,,
062147,0,0,0,0,,,,
062148,0,0,0,-2,,,,
062149,0,0,0,-211,,,,
062150,0,0,0,-30,,,,
062153,0,0,0,-9,,,,
062154,0,0,0,100,,,,
062155,0,0,0,163,,,,
062157,0,0,0,34,,,,
062158,0,0,0,-1597,,,,
062159,0,0,0,-10,,,,
062160,0,0,0,-14,,,,
062161,0,0,0,9,,,,
062162,0,0,0,-105,,,,
062163,0,0,0,57,,,,
062164,0,0,0,-12,,,,
062165,0,0,0,-227,,,,
062166,0,0,0,-160,,,,
062167,0,0,0,-215,,,,
062168,0,0,0,69,,,,
062169,0,0,0,14,,,,
062171,0,0,0,-95,,,,
062173,0,0,0,-74,,,,
062174,0,0,0,184,,,,
062177,0,0,0,555,,,,
062179,0,0,0,226,,,,
062180,0,0,0,5,,,,
062183,0,0,0,-11,,,,
062184,0,0,0,-21,,,,
062185,0,0,0,7,,,,
062186,0,0,0,10,,,,
062187,0,0,0,7,,,,
062189,0,0,0,-22,,,,
06218U,0,0,0,-1,,,,
062190,0,0,0,525,,,,
062194,0,0,0,-26,,,,
062195,0,0,0,35,,,,
062196,0,0,0,109,,,,
062198,0,0,0,-93,,,,
062199,0,0,0,-25,,,,
062200,0,0,0,-17,,,,
062201,0,0,0,9,,,,
062203,0,0,0,1211,,,,
062204,0,0,0,-53,,,,
062207,0,0,0,134,,,,
062208,0,0,0,6,,,,
062209,0,0,0,20,,,,
062210,0,0,0,-2,,,,
062211,0,0,0,-45,,,,
062212,0,0,0,-65,,,,
062214,0,0,0,-44,,,,
062216,0,0,0,-30,,,,
062217,0,0,0,104,,,,
062218,0,0,0,7,,,,
062219,0,0,0,-10,,,,
062220,0,0,0,70,,,,
062222,0,0,0,12,,,,
062223,0,0,0,0,,,,
062224,0,0,0,121,,,,
062225,0,0,0,394,,,,
062226,0,0,0,-175,,,,
062227,0,0,0,579,,,,
062228,0,0,0,-7,,,,
062231,0,0,0,36,,,,
062232,0,0,0,59,,,,
062233,0,0,0,35,,,,
062234,0,0,0,-39,,,,
062235,0,0,0,-6,,,,
062237,0,0,0,164,,,,
062238,0,0,0,24,,,,
062239,0,0,0,15,,,,
062240,0,0,0,-13,,,,
062241,0,0,0,96,,,,
062243,0,0,0,-4,,,,
062244,0,0,0,60,,,,
062247,0,0,0,-16,,,,
062248,0,0,0,-203,,,,
062249,0,0,0,-128,,,,
062250,0,0,0,31,,,,
062251,0,0,0,-27,,,,
062252,0,0,0,-361,,,,
062253,0,0,0,0,,,,
062254,0,0,0,-222,,,,
062255,0,0,0,252,,,,
062256,0,0,0,2,,,,
062257,0,0,0,-88,,,,
062258,0,0,0,138,,,,
062259,0,0,0,-178,,,,
062260,0,0,0,-100,,,,
062263,0,0,0,-32,,,,
062264,0,0,0,-7,,,,
062265,0,0,0,-50,,,,
062266,0,0,0,18,,,,
062267,0,0,0,-4,,,,
062268,0,0,0,5,,,,
062269,0,0,0,90,,,,
062270,0,0,0,98,,,,
062271,0,0,0,-419,,,,
062273,0,0,0,0,,,,
062274,0,0,0,48,,,,
062276,0,0,0,25,,,,
062277,0,0,0,-14,,,,
062280,0,0,0,10,,,,
062281,0,0,0,15,,,,
062282,0,0,0,-20,,,,
062284,998,0,0,-1346,,,,
062285,0,0,0,4,,,,
062286,0,0,0,176,,,,
062287,0,0,0,152,,,,
062288,0,0,0,-185,,,,
062289,0,0,0,-357,,,,
062290,0,0,0,-103,,,,
062291,0,0,0,690,,,,
062292,0,0,0,94,,,,
062293,0,0,0,-321,,,,
062294,0,0,0,4,,,,
062295,0,0,0,62,,,,
062296,0,0,0,-108,,,,
062297,0,0,0,62,,,,
062298,0,0,0,-9,,,,
062299,0,0,0,306,,,,
062300,0,0,0,12,,,,
062301,0,0,0,495,,,,
062303,0,0,0,-4,,,,
062304,0,0,0,46,,,,
062305,0,0,0,77,,,,
062306,0,0,0,98,,,,
062307,0,0,0,100,,,,
062308,0,0,0,32,,,,
062309,0,0,0,88,,,,
062312,0,0,0,127,,,,
062313,0,0,0,7,,,,
062314,0,0,0,-1,,,,
062315,0,0,0,-39,,,,
062316,0,0,0,-221,,,,
062317,0,0,0,-132,,,,
062318,0,0,0,-178,,,,
062319,0,0,0,-111,,,,
062320,0,0,0,12,,,,
062321,0,0,0,-97,,,,
062322,0,0,0,66,,,,
062323,0,0,0,124,,,,
062324,0,0,0,38,,,,
062325,0,0,0,-14,,,,
062326,0,0,0,703,,,,
062327,0,0,0,-2259,,,,
062328,0,0,0,-60,,,,
062329,0,0,0,-380,,,,
062330,0,0,0,31,,,,
062334,0,0,0,-2,,,,
062335,0,0,0,41,,,,
062337,0,0,0,12,,,,
062338,0,0,0,-10,,,,
062339,0,0,0,-48,,,,
062340,0,0,0,-311,,,,
062342,0,0,0,21,,,,
062343,0,0,0,-458,,,,
062344,0,0,0,66,,,,
062345,0,0,0,71,,,,
062347,0,0,0,0,,,,
062348,0,0,0,-2,,,,
062349,0,0,0,5,,,,
062350,0,0,0,-21,,,,
062351,0,0,0,3,,,,
062352,0,0,0,-6,,,,
062353,0,0,0,-35,,,,
062354,0,0,0,-256,,,,
062355,21,0,0,-92,,,,
062356,0,0,0,99,,,,
062357,0,0,0,58,,,,
062358,0,0,0,169,,,,
06235U,0,0,0,-108,,,,
062361,0,0,0,45,,,,
062362,0,0,0,23,,,,
062365,0,0,0,-269,,,,
062367,0,0,0,-27,,,,
062368,0,0,0,-1,,,,
06236U,0,0,0,-5,,,,
062370,0,0,0,1,,,,
062371,0,0,0,-8,,,,
062372,0,0,0,-82,,,,
062373,0,0,0,50,,,,
062374,0,0,0,-88,,,,
062375,0,0,0,-47,,,,
062378,0,0,0,-119,,,,
062379,0,0,0,10,,,,
062381,0,0,0,-2,,,,
062386,0,0,0,40,,,,
062387,0,0,0,-2,,,,
062388,0,0,0,-21,,,,
06238U,0,0,0,-2876,,,,
062390,0,0,0,-80,,,,
062391,0,0,0,2,,,,
062392,0,0,0,-3,,,,
062393,0,0,0,-3,,,,
062395,0,0,0,10,,,,
062396,0,0,0,-58,,,,
062397,0,0,0,-55,,,,
062399,0,0,0,-564,,,,
062400,0,0,0,-1,,,,
062401,0,0,0,-38,,,,
062402,0,0,0,-4,,,,
062403,0,0,0,-32,,,,
062404,0,0,0,-43,,,,
062405,0,0,0,-156,,,,
062406,0,0,0,5,,,,
062407,0,0,0,-5,,,,
062408,0,0,0,23,,,,
062409,0,0,0,1,,,,
062410,0,0,0,-10,,,,
062414,0,0,0,-125,,,,
062415,0,0,0,-10,,,,
062417,0,0,0,23,,,,
062418,0,0,0,-268,,,,
062419,0,0,0,-112,,,,
062420,0,0,0,-10,,,,
062421,0,0,0,652,,,,
062422,0,0,0,1,,,,
062424,0,0,0,-59,,,,
062426,0,0,0,8,,,,
062428,0,0,0,-67,,,,
062429,0,0,0,-23,,,,
062430,0,0,0,-6,,,,
062431,0,0,0,2,,,,
062433,0,0,0,44,,,,
062435,0,0,0,-25,,,,
062436,0,0,0,-37,,,,
062437,0,0,0,-31,,,,
062438,0,0,0,-287,,,,
062439,0,0,0,305,,,,
062440,0,0,0,28,,,,
062441,0,0,0,-255,,,,
062442,0,0,0,-347,,,,
062444,0,0,0,28,,,,
062446,0,0,0,102,,,,
062447,0,0,0,32,,,,
062448,0,0,0,21,,,,
062449,0,0,0,-61,,,,
062450,0,0,0,-1,,,,
062452,0,0,0,18,,,,
062453,0,0,0,-12,,,,
062454,0,0,0,9,,,,
062458,0,0,0,-23,,,,
062460,0,0,0,3,,,,
062463,0,0,0,25,,,,
062464,0,0,0,50,,,,
062465,0,0,0,-9,,,,
062466,0,0,0,-102,,,,
062467,0,0,0,-78,,,,
062468,0,0,0,-313,,,,
062469,0,0,0,-40,,,,
062470,0,0,0,-76,,,,
062471,0,0,0,159,,,,
062472,0,0,0,-297,,,,
062473,0,0,0,-107,,,,
062474,0,0,0,1,,,,
062476,0,0,0,-12,,,,
062477,0,0,0,-492,,,,
062478,0,0,0,-26,,,,
062479,0,0,0,100,,,,
062480,0,0,0,-166,,,,
062481,0,0,0,18,,,,
062482,0,0,0,-108,,,,
062483,0,0,0,-247,,,,
062484,0,0,0,-12,,,,
062485,0,0,0,30,,,,
062486,0,0,0,-57,,,,
062491,0,0,0,-30,,,,
062493,0,0,0,24,,,,
062495,0,0,0,32,,,,
062496,0,0,0,19,,,,
062497,0,0,0,5,,,,
062498,0,0,0,-1015,,,,
062499,0,0,0,-32,,,,
062500,0,0,0,42,,,,
062501,0,0,0,7,,,,
062502,0,0,0,-110,,,,
062503,0,0,0,-49,,,,
062504,0,0,0,51,,,,
062505,0,0,0,-10,,,,
062506,0,0,0,-585,,,,
062507,0,0,0,-7,,,,
062508,0,0,0,37,,,,
062509,0,0,0,-167,,,,
062510,0,0,0,-14,,,,
062511,0,0,0,50,,,,
062512,0,0,0,-307,,,,
062513,0,0,0,-177,,,,
062514,0,0,0,551,,,,
062515,0,0,0,461,,,,
062516,0,0,0,18,,,,
062517,0,0,0,-87,,,,
062518,0,0,0,168,,,,
062519,0,0,0,-21,,,,
062520,0,0,0,-36,,,,
062521,0,0,0,115,,,,
062523,0,0,0,-499,,,,
062526,0,0,0,0,,,,
062528,0,0,0,-22,,,,
062530,0,0,0,11,,,,
062532,0,0,0,35,,,,
062533,0,0,0,9,,,,
062534,0,0,0,-10,,,,
062536,0,0,0,-91,,,,
062537,0,0,0,8,,,,
062538,0,0,0,38,,,,
062540,0,0,0,-86,,,,
062541,0,0,0,-41,,,,
062542,0,0,0,-1,,,,
062544,0,0,0,0,,,,
062546,0,0,0,0,,,,
062547,0,0,0,-10,,,,
062549,0,0,0,-29,,,,
062550,0,0,0,71,,,,
062551,0,0,0,-1,,,,
062553,0,0,0,135,,,,
062557,0,0,0,-10,,,,
062559,0,0,0,-2,,,,
062560,0,0,0,5,,,,
062561,0,0,0,114,,,,
062562,0,0,0,-411,,,,
062564,0,0,0,0,,,,
062566,0,0,0,-2,,,,
062567,0,0,0,-70,,,,
062568,0,0,0,-10,,,,
062569,0,0,0,98,,,,
062570,0,0,0,116,,,,
062571,0,0,0,3,,,,
062572,0,0,0,23,,,,
062573,0,0,0,-4,,,,
062574,0,0,0,10,,,,
062575,0,0,0,2,,,,
062576,0,0,0,89,,,,
062577,0,0,0,-11,,,,
062578,0,0,0,19,,,,
062579,0,0,0,-26,,,,
06257U,0,0,0,-70,,,,
062581,0,0,0,-88,,,,
062582,0,0,0,195,,,,
062584,0,0,0,-30,,,,
062585,0,0,0,-8,,,,
062586,200,0,0,-162,,,,
062588,0,0,0,-110,,,,
062589,0,0,0,-17,,,,
062590,0,0,0,-298,,,,
062591,0,0,0,-20,,,,
062594,0,0,0,137,,,,
062596,0,0,0,18,,,,
062598,0,0,0,-48,,,,
062599,0,0,0,-1105,,,,
062600,0,0,0,-11,,,,
062601,0,0,0,-10,,,,
062602,0,0,0,-16,,,,
062603,0,0,0,-50,,,,
062605,0,0,0,-36,,,,
062606,0,0,0,-108,,,,
062607,0,0,0,100,,,,
062608,0,0,0,-662,,,,
062609,0,0,0,0,,,,
062610,0,0,0,-7,,,,
062611,0,0,0,-544,,,,
062612,0,0,0,12,,,,
062613,0,0,0,-35,,,,
062614,0,0,0,159,,,,
062615,0,0,0,-135,,,,
062616,0,0,0,140,,,,
062617,0,0,0,62,,,,
062618,0,0,0,-456,,,,
062619,0,0,0,-118,,,,
062621,0,0,0,12,,,,
062622,0,0,0,-161,,,,
062623,0,0,0,12,,,,
062624,0,0,0,6,,,,
062625,0,0,0,3,,,,
062626,0,0,0,135,,,,
062627,0,0,0,-7,,,,
062628,0,0,0,-303,,,,
062629,0,0,0,-78,,,,
062630,0,0,0,-26,,,,
062631,0,0,0,-147,,,,
062632,0,0,0,-51,,,,
062633,0,0,0,52,,,,
062634,0,0,0,-36,,,,
062636,0,0,0,-3,,,,
062637,0,0,0,102,,,,
062638,0,0,0,23,,,,
062639,0,0,0,-154,,,,
062640,0,0,0,-8,,,,
062641,0,0,0,-2,,,,
062642,0,0,0,-18,,,,
062643,0,0,0,28,,,,
062644,0,0,0,-32,,,,
062645,0,0,0,49,,,,
062646,0,0,0,-73,,,,
062647,0,0,0,132,,,,
062648,0,0,0,424,,,,
062649,0,0,0,26,,,,
062650,0,0,0,31,,,,
062651,0,0,0,-13,,,,
062652,0,0,0,-153,,,,
062653,0,0,0,-292,,,,
062655,0,0,0,95,,,,
062656,0,0,0,100,,,,
062658,0,0,0,-84,,,,
062659,0,0,0,-94,,,,
062660,0,0,0,39,,,,
062661,0,0,0,-10,,,,
062662,0,0,0,-18,,,,
062663,0,0,0,-43,,,,
062664,0,0,0,24,,,,
062665,0,0,0,204,,,,
062666,0,0,0,-24,,,,
062667,0,0,0,130,,,,
062668,0,0,0,157,,,,
062669,0,0,0,158,,,,
062670,0,0,0,-10,,,,
062671,0,0,0,27,,,,
062672,0,0,0,-209,,,,
062673,0,0,0,-18,,,,
062674,0,0,0,-143,,,,
062675,0,0,0,-176,,,,
062678,0,0,0,-30,,,,
062680,0,0,0,-133,,,,
062681,0,0,0,26,,,,
062682,0,0,0,211,,,,
062683,0,0,0,485,,,,
062685,0,0,0,-2,,,,
062686,0,0,0,-66,,,,
062687,0,0,0,2,,,,
062688,0,0,0,4,,,,
062689,0,0,0,2,,,,
062690,0,0,0,-94,,,,
062691,0,0,0,-120,,,,
062693,0,0,0,15,,,,
062694,0,0,0,-26,,,,
062695,0,0,0,-95,,,,
062696,0,0,0,74,,,,
062698,0,0,0,76,,,,
062699,0,0,0,6,,,,
062702,0,0,0,122,,,,
062704,0,0,0,361,,,,
062705,0,0,0,-30,,,,
062706,0,0,0,-108,,,,
062707,0,0,0,0,,,,
062709,0,0,0,-323,,,,
062710,0,0,0,1,,,,
062711,0,0,0,88,,,,
062713,0,0,0,20,,,,
062714,0,0,0,-747,,,,
062715,0,0,0,2,,,,
062716,0,0,0,-2,,,,
062717,0,0,0,-15,,,,
062719,0,0,0,18,,,,
062720,0,0,0,-13,,,,
062722,0,0,0,-65,,,,
062725,0,0,0,-63,,,,
062726,0,0,0,18,,,,
062727,0,0,0,100,,,,
062728,0,0,0,-186,,,,
062729,0,0,0,-201,,,,
062731,0,0,0,-10,,,,
062735,0,0,0,-15,,,,
062738,0,0,0,-5,,,,
062740,0,0,0,-4,,,,
062741,0,0,0,42,,,,
062742,0,0,0,-10,,,,
062744,0,0,0,-28,,,,
062747,0,0,0,693,,,,
062749,0,0,0,50,,,,
062750,0,0,0,28,,,,
062751,0,0,0,-299,,,,
062752,0,0,0,-241,,,,
062753,0,0,0,51,,,,
062756,0,0,0,-35,,,,
062759,0,0,0,7,,,,
062760,0,0,0,38,,,,
062761,0,0,0,-32,,,,
062762,0,0,0,-37,,,,
062764,0,0,0,-383,,,,
062765,0,0,0,1,,,,
062766,0,0,0,97,,,,
062767,0,0,0,43,,,,
062768,0,0,0,0,,,,
062770,0,0,0,10,,,,
062771,0,0,0,-5,,,,
062772,0,0,0,5,,,,
062773,0,0,0,66,,,,
062774,0,0,0,-50,,,,
062776,0,0,0,-344,,,,
062777,0,0,0,4,,,,
062778,0,0,0,-11,,,,
062779,0,0,0,-55,,,,
062784,0,0,0,-150,,,,
062785,0,0,0,75,,,,
062789,0,0,0,45,,,,
06278U,0,0,0,-59,,,,
062792,0,0,0,-356,,,,
062793,0,0,0,-25,,,,
062794,0,0,0,144,,,,
062796,0,0,0,118,,,,
062797,0,0,0,-3,,,,
062799,0,0,0,10,,,,
062800,0,0,0,80,,,,
062801,0,0,0,-27,,,,
062803,0,0,0,-11,,,,
062804,0,0,0,-519,,,,
062805,0,0,0,10,,,,
062807,0,0,0,200,,,,
062810,0,0,0,-90,,,,
062811,0,0,0,-141,,,,
062812,0,0,0,-387,,,,
062813,0,0,0,-242,,,,
062815,0,0,0,-268,,,,
062816,0,0,0,2,,,,
062817,0,0,0,-216,,,,
062818,0,0,0,-50,,,,
062819,0,0,0,-1040,,,,
062820,0,0,0,-261,,,,
062821,0,0,0,-25,,,,
062822,0,0,0,3,,,,
062823,0,0,0,-384,,,,
062824,0,0,0,-241,,,,
062825,0,0,0,-212,,,,
062826,0,0,0,277,,,,
062827,0,0,0,-279,,,,
062828,0,0,0,283,,,,
062829,0,0,0,-235,,,,
062830,0,0,0,57,,,,
062831,0,0,0,355,,,,
062832,0,0,0,-7,,,,
062833,0,0,0,-221,,,,
062834,0,0,0,-1704,,,,
062835,0,0,0,-555,,,,
062836,0,0,0,-7,,,,
062837,0,0,0,-60,,,,
062838,0,0,0,-26,,,,
062839,0,0,0,-16,,,,
062840,0,0,0,10,,,,
062841,0,0,0,-30,,,,
062842,0,0,0,-79,,,,
062843,0,0,0,-71,,,,
062844,0,0,0,14,,,,
062845,0,0,0,7,,,,
062846,0,0,0,61,,,,
062847,0,0,0,-235,,,,
062848,0,0,0,216,,,,
062849,0,0,0,-482,,,,
062850,0,0,0,-516,,,,
062851,0,0,0,-418,,,,
062852,0,0,0,164,,,,
062853,0,0,0,-65,,,,
062854,0,0,0,1088,,,,
062855,0,0,0,1309,,,,
062856,0,0,0,234,,,,
062857,0,0,0,157,,,,
062858,0,0,0,82,,,,
062859,0,0,0,348,,,,
062861,0,0,0,767,,,,
062862,0,0,0,11,,,,
062863,0,0,0,2,,,,
062864,0,0,0,-191,,,,
062865,0,0,0,-223,,,,
062866,0,0,0,-10,,,,
062867,0,0,0,-84,,,,
062868,0,0,0,3,,,,
062869,0,0,0,-93,,,,
06286U,0,0,0,-150,,,,
062871,0,0,0,14,,,,
062872,0,0,0,-161,,,,
062873,0,0,0,446,,,,
062874,0,0,0,20,,,,
062875,0,0,0,-19,,,,
062877,0,0,0,-3,,,,
062878,0,0,0,-48,,,,
062879,0,0,0,-191,,,,
062880,0,0,0,-6,,,,
062881,0,0,0,-46,,,,
062882,0,0,0,3,,,,
062883,0,0,0,19,,,,
062884,0,0,0,13,,,,
062885,0,0,0,-50,,,,
062886,0,0,0,13,,,,
062887,0,0,0,23,,,,
062888,0,0,0,-95,,,,
062889,0,0,0,-70,,,,
062891,0,0,0,5,,,,
062895,0,0,0,-80,,,,
062896,0,0,0,-368,,,,
062898,0,0,0,-5,,,,
062899,0,0,0,21,,,,
062900,0,0,0,225,,,,
062901,0,0,0,-717,,,,
062903,0,0,0,-5,,,,
062904,0,0,0,0,,,,
062906,0,0,0,274,,,,
062908,0,0,0,95,,,,
062911,0,0,0,1,,,,
062913,0,0,0,-133,,,,
062914,0,0,0,-68,,,,
062915,0,0,0,-28,,,,
062916,0,0,0,-50,,,,
062919,0,0,0,25,,,,
062920,0,0,0,-23,,,,
062922,0,0,0,14,,,,
062923,0,0,0,23,,,,
062924,0,0,0,-368,,,,
062925,0,0,0,-328,,,,
062926,0,0,0,-3,,,,
062927,0,0,0,-1947,,,,
062928,0,0,0,-137,,,,
062929,0,0,0,1,,,,
062930,0,0,0,-201,,,,
062932,0,0,0,-10,,,,
062933,0,0,0,0,,,,
062934,0,0,0,-473,,,,
062935,0,0,0,-75,,,,
062936,0,0,0,90,,,,
062937,0,0,0,166,,,,
062938,0,0,0,112,,,,
062939,0,0,0,-185,,,,
06293U,0,0,0,-8,,,,
062940,0,0,0,-97,,,,
062945,0,0,0,-49,,,,
062946,0,0,0,-22,,,,
062948,0,0,0,24,,,,
062949,0,0,0,-3,,,,
062956,0,0,0,0,,,,
062958,0,0,0,6,,,,
062959,0,0,0,50,,,,
062962,0,0,0,-55,,,,
062963,0,0,0,-17,,,,
062964,0,0,0,23,,,,
062965,0,0,0,-86,,,,
062966,0,0,0,1,,,,
062967,0,0,0,65,,,,
062970,0,0,0,-289,,,,
062971,0,0,0,-304,,,,
062972,0,0,0,65,,,,
062974,0,0,0,-9,,,,
062975,0,0,0,55,,,,
062976,0,0,0,-39,,,,
062978,0,0,0,-34,,,,
062979,0,0,0,-50,,,,
062981,0,0,0,-6,,,,
062982,0,0,0,-40,,,,
062983,0,0,0,-21,,,,
062986,0,0,0,-22,,,,
062987,0,0,0,-476,,,,
062988,0,0,0,224,,,,
062989,0,0,0,14,,,,
062990,0,0,0,-22,,,,
062991,0,0,0,164,,,,
062992,0,0,0,-197,,,,
062994,0,0,0,72,,,,
062995,0,0,0,-75,,,,
062996,0,0,0,89,,,,
062997,0,0,0,-156,,,,
062998,0,0,0,-260,,,,
06299U,0,0,0,119,,,,
063002,0,0,0,0,,,,
063003,0,0,0,11,,,,
063004,0,0,0,19,,,,
063007,0,0,0,-59,,,,
063008,0,0,0,-551,,,,
063009,0,0,0,42,,,,
063010,0,0,0,-300,,,,
063011,0,0,0,12,,,,
063012,0,0,0,0,,,,
063013,0,0,0,-10,,,,
063014,0,0,0,26,,,,
063015,0,0,0,136,,,,
063016,0,0,0,-105,,,,
063017,0,0,0,-76,,,,
063018,0,0,0,-40,,,,
063019,0,0,0,-33,,,,
063020,0,0,0,-36,,,,
063021,0,0,0,-11,,,,
063022,0,0,0,-116,,,,
063023,0,0,0,-69,,,,
063024,0,0,0,8,,,,
063025,0,0,0,-301,,,,
063026,0,0,0,842,,,,
063027,0,0,0,-2387,,,,
063028,0,0,0,537,,,,
063029,0,0,0,176,,,,
063030,0,0,0,147,,,,
063031,0,0,0,-14,,,,
063032,0,0,0,-265,,,,
063033,0,0,0,8,,,,
063034,0,0,0,20,,,,
063035,0,0,0,514,,,,
063036,0,0,0,286,,,,
063037,0,0,0,-19,,,,
063038,0,0,0,-5,,,,
063040,0,0,0,-245,,,,
063041,0,0,0,-2829,,,,
063042,0,0,0,-173,,,,
063043,0,0,0,-8,,,,
063044,0,0,0,140,,,,
063045,0,0,0,-37,,,,
063046,0,0,0,-12,,,,
063047,0,0,0,5,,,,
063048,0,0,0,103,,,,
063049,0,0,0,-190,,,,
063050,0,0,0,168,,,,
063051,0,0,0,696,,,,
063052,0,0,0,1,,,,
063053,0,0,0,-111,,,,
063055,0,0,0,36,,,,
063056,0,0,0,-77,,,,
063057,0,0,0,13,,,,
063058,0,0,0,-121,,,,
063059,0,0,0,298,,,,
063063,0,0,0,-115,,,,
063064,0,0,0,-55,,,,
063067,0,0,0,3,,,,
063068,0,0,0,49,,,,
063071,0,0,0,-478,,,,
063073,0,0,0,800,,,,
063075,0,0,0,-17,,,,
063079,0,0,0,378,,,,
06307U,0,0,0,101,,,,
063080,0,0,0,-1,,,,
063081,0,0,0,10,,,,
063083,0,0,0,-31,,,,
063084,0,0,0,-135,,,,
063088,0,0,0,-100,,,,
063090,0,0,0,-100,,,,
063092,0,0,0,-245,,,,
063093,0,0,0,-133,,,,
063097,0,0,0,-28,,,,
063098,0,0,0,-86,,,,
063100,0,0,0,-260,,,,
063101,0,0,0,-1,,,,
063104,0,0,0,-10,,,,
063106,0,0,0,-20,,,,
063109,0,0,0,-10,,,,
063110,0,0,0,-129,,,,
063111,0,0,0,-20,,,,
063114,0,0,0,-83,,,,
063116,0,0,0,-10,,,,
063118,0,0,0,-107,,,,
063125,0,0,0,-130,,,,
063126,0,0,0,-6,,,,
063127,0,0,0,-1,,,,
063128,0,0,0,1,,,,
063129,0,0,0,-100,,,,
063130,0,0,0,-4,,,,
063131,0,0,0,-75,,,,
063132,0,0,0,-50,,,,
063133,0,0,0,-30,,,,
063136,0,0,0,-10,,,,
063137,0,0,0,-23,,,,
063139,0,0,0,-7,,,,
063142,0,0,0,-31,,,,
063143,0,0,0,-8,,,,
063144,0,0,0,-38,,,,
063145,0,0,0,-759,,,,
063149,0,0,0,-2,,,,
063151,0,0,0,386,,,,
063152,0,0,0,-172,,,,
063153,0,0,0,9,,,,
063154,0,0,0,-98,,,,
063155,0,0,0,-64,,,,
063156,0,0,0,-8,,,,
063157,0,0,0,-305,,,,
063159,0,0,0,-21,,,,
063164,0,0,0,-32,,,,
063166,0,0,0,-40,,,,
063167,0,0,0,-358,,,,
063168,0,0,0,77,,,,
063171,0,0,0,-60,,,,
063172,0,0,0,-24,,,,
063175,0,0,0,-22,,,,
063176,0,0,0,-124,,,,
063177,0,0,0,90,,,,
063178,0,0,0,23,,,,
063179,0,0,0,-1575,,,,
063180,0,0,0,-48,,,,
063181,0,0,0,-4,,,,
063182,0,0,0,-30,,,,
063183,0,0,0,-31,,,,
063184,0,0,0,-4,,,,
063186,0,0,0,0,,,,
063189,0,0,0,-23,,,,
063192,0,0,0,54,,,,
063193,0,0,0,-30,,,,
063194,0,0,0,5,,,,
063195,0,0,0,0,,,,
063196,0,0,0,-110,,,,
063197,0,0,0,0,,,,
063204,0,0,0,-41,,,,
063206,0,0,0,-452,,,,
063208,0,0,0,-926,,,,
063209,0,0,0,2,,,,
063210,0,0,0,-31,,,,
063211,0,0,0,-4,,,,
063212,0,0,0,-21,,,,
063218,0,0,0,-100,,,,
063219,0,0,0,-59,,,,
063220,0,0,0,234,,,,
063222,0,0,0,-22,,,,
063223,0,0,0,-44,,,,
063224,0,0,0,5,,,,
063225,0,0,0,137,,,,
063226,0,0,0,-1,,,,
063227,0,0,0,-13,,,,
063228,0,0,0,42,,,,
063229,0,0,0,8,,,,
063230,0,0,0,-440,,,,
063231,0,0,0,-188,,,,
063232,0,0,0,-16,,,,
063233,0,0,0,9,,,,
063236,0,0,0,-12,,,,
063237,0,0,0,-67,,,,
063238,0,0,0,0,,,,
063239,0,0,0,1,,,,
063241,0,0,0,3,,,,
063243,0,0,0,6,,,,
063244,0,0,0,18,,,,
063245,0,0,0,-183,,,,
063246,0,0,0,131,,,,
063247,0,0,0,-94,,,,
063248,0,0,0,-6,,,,
063249,0,0,0,-365,,,,
063250,0,0,0,-8,,,,
063251,0,0,0,0,,,,
063252,0,0,0,-273,,,,
063253,0,0,0,-87,,,,
063254,0,0,0,502,,,,
063255,0,0,0,832,,,,
063257,0,0,0,67,,,,
063258,0,0,0,464,,,,
063259,0,0,0,-20,,,,
063260,0,0,0,-44,,,,
063261,0,0,0,92,,,,
063262,0,0,0,50,,,,
063263,0,0,0,31,,,,
063266,0,0,0,1,,,,
063267,0,0,0,9,,,,
063268,0,0,0,-14,,,,
063269,-10,0,0,26,,,,
063270,0,0,0,-109,,,,
063271,0,0,0,-3,,,,
063272,0,0,0,-1163,,,,
063273,0,0,0,-34,,,,
063274,0,0,0,-13,,,,
063275,0,0,0,-540,,,,
063276,0,0,0,-126,,,,
063278,0,0,0,-204,,,,
063279,0,0,0,-32,,,,
063280,0,0,0,-4,,,,
063283,0,0,0,-20,,,,
06328U,0,0,0,20,,,,
063290,0,0,0,-6,,,,
063293,0,0,0,-20,,,,
063294,0,0,0,-1,,,,
063295,0,0,0,-10,,,,
063296,0,0,0,-124,,,,
063297,0,0,0,-305,,,,
063298,0,0,0,-9,,,,
063301,0,0,0,-41,,,,
063304,0,0,0,-3,,,,
063305,0,0,0,-120,,,,
063306,0,0,0,5,,,,
063310,0,0,0,-8,,,,
063311,0,0,0,45,,,,
063312,0,0,0,-115,,,,
063314,0,0,0,-1246,,,,
063315,0,0,0,19,,,,
063317,0,0,0,-47,,,,
063318,0,0,0,-20,,,,
063319,0,0,0,-9,,,,
063321,0,0,0,-2,,,,
063323,0,0,0,-10,,,,
063324,0,0,0,17,,,,
063325,0,0,0,-3,,,,
063326,0,0,0,0,,,,
063328,0,0,0,44,,,,
063329,0,0,0,0,,,,
063333,0,0,0,-71,,,,
063335,0,0,0,-20,,,,
063336,0,0,0,50,,,,
063337,0,0,0,-5,,,,
063339,0,0,0,-3,,,,
063340,2,0,0,-541,,,,
063341,0,0,0,-68,,,,
063344,0,0,0,20,,,,
063346,0,0,0,-7,,,,
063347,0,0,0,-20,,,,
063348,0,0,0,-50,,,,
063349,0,0,0,9,,,,
063352,0,0,0,-15,,,,
063354,0,0,0,-207,,,,
063356,0,0,0,-35,,,,
063357,0,0,0,-24,,,,
063358,0,0,0,-26,,,,
063359,0,0,0,-133,,,,
063361,0,0,0,0,,,,
063362,0,0,0,-57,,,,
063363,0,0,0,-63,,,,
063368,0,0,0,-17,,,,
063369,0,0,0,0,,,,
063370,0,0,0,-90,,,,
063373,0,0,0,-29,,,,
063374,0,0,0,-11,,,,
063377,0,0,0,-15,,,,
063378,0,0,0,-6,,,,
063379,0,0,0,-6,,,,
063380,0,0,0,-45,,,,
063384,0,0,0,-102,,,,
063386,0,0,0,-10,,,,
063392,0,0,0,-51,,,,
063393,0,0,0,-300,,,,
063394,0,0,0,-998,,,,
063397,0,0,0,-5,,,,
063398,0,0,0,9,,,,
063402,0,0,0,-233,,,,
063405,0,0,0,840,,,,
063406,0,0,0,2670,,,,
063407,0,0,0,-1044,,,,
063408,0,0,0,690,,,,
063409,0,0,0,1114,,,,
063410,0,0,0,56,,,,
063411,0,0,0,528,,,,
063412,0,0,0,15,,,,
063413,0,0,0,326,,,,
063414,0,0,0,40,,,,
063415,0,0,0,-661,,,,
063416,0,0,0,2134,,,,
063417,0,0,0,-16,,,,
063418,0,0,0,-12,,,,
063420,0,0,0,-12,,,,
063421,0,0,0,19,,,,
063422,0,0,0,19,,,,
063423,0,0,0,-6,,,,
063424,0,0,0,-3,,,,
063425,0,0,0,-1,,,,
063426,0,0,0,-42,,,,
063427,0,0,0,-188,,,,
063428,0,0,0,-34,,,,
063429,0,0,0,-129,,,,
063430,0,0,0,-1,,,,
063433,0,0,0,23,,,,
063435,0,0,0,-334,,,,
063436,0,0,0,-59,,,,
063437,0,0,0,-1352,,,,
063438,0,0,0,0,,,,
063439,0,0,0,6,,,,
063440,0,0,0,-81,,,,
063441,0,0,0,-331,,,,
063442,0,0,0,-469,,,,
063443,0,0,0,-31,,,,
063445,0,0,0,-672,,,,
063446,0,0,0,1,,,,
063447,0,0,0,-722,,,,
063449,0,0,0,-78,,,,
063450,0,0,0,40,,,,
063451,0,0,0,-47,,,,
063453,0,0,0,-299,,,,
063455,0,0,0,-43,,,,
063456,0,0,0,-90,,,,
063457,0,0,0,-34,,,,
063458,0,0,0,-375,,,,
063459,0,0,0,-157,,,,
063461,0,0,0,-39,,,,
063462,0,0,0,-4,,,,
063463,0,0,0,-6,,,,
063464,0,0,0,-211,,,,
063466,0,0,0,-10,,,,
063471,0,0,0,-641,,,,
063472,0,0,0,-23,,,,
063473,0,0,0,-2,,,,
063478,0,0,0,-45,,,,
063480,0,0,0,-30,,,,
063481,0,0,0,-15,,,,
063484,0,0,0,-287,,,,
063490,0,0,0,-200,,,,
063491,0,0,0,-434,,,,
063493,0,0,0,-9,,,,
063496,0,0,0,-1,,,,
063497,0,0,0,-35,,,,
063498,0,0,0,-26,,,,
063499,0,0,0,-84,,,,
063503,0,0,0,-3,,,,
063505,0,0,0,-39,,,,
063507,0,0,0,-16,,,,
063510,0,0,0,-7,,,,
063518,0,0,0,-10,,,,
063519,0,0,0,-10,,,,
063520,0,0,0,-250,,,,
063526,0,0,0,-32,,,,
063527,0,0,0,-11,,,,
063530,0,0,0,-650,,,,
063532,0,0,0,-20,,,,
063537,0,0,0,-1,,,,
063542,0,0,0,-8,,,,
063548,0,0,0,-3,,,,
063552,0,0,0,-1,,,,
063554,0,0,0,-15,,,,
063556,0,0,0,-26,,,,
063559,0,0,0,-27,,,,
063560,0,0,0,-4,,,,
063561,0,0,0,-17,,,,
063565,0,0,0,-20,,,,
063569,0,0,0,-47,,,,
063571,0,0,0,-108,,,,
063575,0,0,0,-10,,,,
063576,0,0,0,-28,,,,
063578,0,0,0,-155,,,,
063579,0,0,0,-1,,,,
063580,0,0,0,-20,,,,
063583,0,0,0,-123,,,,
063584,0,0,0,-499,,,,
063585,0,0,0,-499,,,,
063586,0,0,0,-519,,,,
063589,0,0,0,-49,,,,
063603,0,0,0,-10,,,,
063609,0,0,0,-250,,,,
063610,0,0,0,-20,,,,
063614,0,0,0,-250,,,,
063617,0,0,0,-50,,,,
063619,0,0,0,-223,,,,
063622,0,0,0,-66,,,,
063625,0,0,0,-10,,,,
063627,0,0,0,-50,,,,
063628,0,0,0,-400,,,,
063633,0,0,0,-1,,,,
063634,0,0,0,-30,,,,
063641,0,0,0,-156,,,,
063642,0,0,0,-411,,,,
063644,0,0,0,-164,,,,
063647,0,0,0,-287,,,,
063648,0,0,0,-16,,,,
063649,0,0,0,-127,,,,
063650,0,0,0,-582,,,,
063700,0,0,0,200,,,,
063708,0,0,0,-13,,,,
063712,0,0,0,-1,,,,
063716,0,0,0,72,,,,
06371U,0,0,0,-60,,,,
063760,0,0,0,-180,,,,
063840,0,0,0,-9,,,,
063841,0,0,0,-11,,,,
06386U,0,0,0,-10,,,,
06396U,0,0,0,15,,,,
06418U,0,0,0,201,,,,
06419U,0,0,0,40,,,,
06420U,0,0,0,24,,,,
06443U,0,0,0,23,,,,
06459U,0,0,0,-5,,,,
064608,0,0,0,-5,,,,
06464U,0,0,0,-547,,,,
06469U,0,0,0,-16,,,,
06478U,0,0,0,21,,,,
064828,0,0,0,1,,,,
06496U,0,0,0,96,,,,
064987,0,0,0,-30,,,,
06506U,0,0,0,-199,,,,
06509U,0,0,0,299,,,,
06510U,0,0,0,-50,,,,
06511U,0,0,0,-50,,,,
06512U,0,0,0,1374,,,,
06524U,0,0,0,6,,,,
065309,0,0,0,41,,,,
065310,0,0,0,302,,,,
065323,0,0,0,12,,,,
065338,0,0,0,187,,,,
065340,0,0,0,15,,,,
06537U,0,0,0,-10,,,,
06545U,0,0,0,-10,,,,
06553U,0,0,0,-10,,,,
06557U,0,0,0,11,,,,
06563U,0,0,0,25,,,,
06567U,0,0,0,-1,,,,
06568U,0,0,0,1,,,,
06569U,0,0,0,-10,,,,
06572U,0,0,0,0,,,,
06580U,0,0,0,5,,,,
06589U,0,0,0,-115,,,,
06590U,0,0,0,10,,,,
066097,0,0,0,-73,,,,
066129,0,0,0,-1,,,,
066141,0,0,0,281,,,,
066152,0,0,0,13,,,,
06625U,0,0,0,2,,,,
06635U,0,0,0,50,,,,
066420,0,0,0,24,,,,
066423,0,0,0,31,,,,
066435,0,0,0,59,,,,
06643U,0,0,0,210,,,,
066440,0,0,0,12,,,,
06658U,0,0,0,20,,,,
066645,0,0,0,-1,,,,
066739,0,0,0,20,,,,
066740,0,0,0,15,,,,
06679U,0,0,0,81,,,,
066815,0,0,0,42,,,,
06685U,0,0,0,14,,,,
066872,0,0,0,20,,,,
067027,0,0,0,-5,,,,
06721U,0,0,0,-3,,,,
06728U,0,0,0,100,,,,
06758U,0,0,0,-17,,,,
067616,0,0,0,131,,,,
06763U,0,0,0,-15,,,,
06779U,0,0,0,17,,,,
06780U,0,0,0,-50,,,,
067895,0,0,0,20,,,,
067896,0,0,0,14,,,,
067897,0,0,0,-975,,,,
067898,0,0,0,30,,,,
068055,0,0,0,5,,,,
068056,0,0,0,-98,,,,
068058,0,0,0,-1,,,,
068075,0,0,0,60,,,,
06822U,0,0,0,61,,,,
06827U,0,0,0,4,,,,
068381,0,0,0,-101,,,,
068382,0,0,0,107,,,,
068386,0,0,0,12,,,,
068388,0,0,0,-10,,,,
068391,0,0,0,-25,,,,
068393,0,0,0,-101,,,,
068408,0,0,0,22,,,,
06840U,0,0,0,40,,,,
06862U,0,0,0,17,,,,
068645,0,0,0,-10,,,,
068647,0,0,0,-35,,,,
068672,0,0,0,1,,,,
06880U,0,0,0,70,,,,
068837,-1,0,0,449,,,,
068846,0,0,0,-10,,,,
06884U,0,0,0,-3,,,,
06887U,0,0,0,-20,,,,
06890U,0,0,0,200,,,,
06893U,0,0,0,20,,,,
06914U,0,0,0,15,,,,
069175,0,0,0,-110,,,,
069185,0,0,0,4,,,,
069285,0,0,0,-17,,,,
069338,0,0,0,-33,,,,
069339,0,0,0,6,,,,
06934U,0,0,0,110,,,,
069391,0,0,0,332,,,,
06939U,0,0,0,25,,,,
069402,0,0,0,-188,,,,
06940U,0,0,0,2,,,,
069420,0,0,0,149,,,,
06945U,0,0,0,-100,,,,
06947U,0,0,0,-70,,,,
069576,0,0,0,10,,,,
06957U,0,0,0,-30,,,,
069586,0,0,0,3,,,,
069588,0,0,0,360,,,,
069599,0,0,0,-10,,,,
069605,0,0,0,-100,,,,
069611,0,0,0,50,,,,
069620,0,0,0,10,,,,
069799,0,0,0,-498,,,,
069832,0,0,0,-10,,,,
069834,0,0,0,-598,,,,
06986U,0,0,0,50,,,,
06987U,0,0,0,-1,,,,
06990U,0,0,0,-30,,,,
070013,0,0,0,9,,,,
07001U,0,0,0,95,,,,
07005U,0,0,0,-21,,,,
07016U,0,0,0,219,,,,
07024U,0,0,0,196,,,,
07030U,0,0,0,295,,,,
07033U,0,0,0,10,,,,
07037U,0,0,0,2,,,,
07046U,0,0,0,247,,,,
070490,0,0,0,10,,,,
070492,0,0,0,-1,,,,
070501,0,0,0,192,,,,
070530,0,0,0,2,,,,
07055U,0,0,0,-6,,,,
07063U,0,0,0,208,,,,
07064U,0,0,0,6,,,,
07067U,0,0,0,10,,,,
07072U,0,0,0,-4,,,,
07078U,0,0,0,100,,,,
070844,0,0,0,-4694,,,,
07102U,0,0,0,48,,,,
071039,0,0,0,-150,,,,
071040,0,0,0,-31,,,,
071061,0,0,0,1416,,,,
07114U,0,0,0,-75,,,,
07124U,0,0,0,-50,,,,
07129U,0,0,0,-18,,,,
071314,0,0,0,20,,,,
071315,0,0,0,1,,,,
071318,0,0,0,115,,,,
071336,0,0,0,-781,,,,
071338,0,0,0,109,,,,
071339,0,0,0,-353,,,,
07137U,0,0,0,-3,,,,
071465,0,0,0,1,,,,
071466,0,0,0,1,,,,
07149U,0,0,0,11,,,,
07158U,0,0,0,25,,,,
07160U,0,0,0,-2,,,,
07161U,0,0,0,-3,,,,
07164U,0,0,0,-2,,,,
07167U,0,0,0,-31,,,,
071722,0,0,0,21,,,,
07184U,0,0,0,14,,,,
07188U,0,0,0,100,,,,
071901,0,0,0,2,,,,
07194U,0,0,0,-10,,,,
07196U,0,0,0,58,,,,
07201U,0,0,0,-20,,,,
07202U,0,0,0,91,,,,
07205U,0,0,0,-548,,,,
072108,0,0,0,-480,,,,
072123,0,0,0,10,,,,
072125,0,0,0,-343,,,,
072129,0,0,0,10,,,,
07225U,0,0,0,0,,,,
07226U,0,0,0,-10,,,,
072285,0,0,0,0,,,,
072295,0,0,0,-10,,,,
072339,0,0,0,-539,,,,
072376,0,0,0,33,,,,
07243U,0,0,0,-125,,,,
07244U,0,0,0,-100,,,,
07245U,0,0,0,3,,,,
07247U,0,0,0,-100,,,,
07250U,0,0,0,-42,,,,
07251U,0,0,0,-100,,,,
072637,0,0,0,200,,,,
07268U,0,0,0,71,,,,
07288U,0,0,0,-411,,,,
07289U,0,0,0,-10,,,,
07291U,0,0,0,-74,,,,
07293U,0,0,0,-100,,,,
072966,0,0,0,26,,,,
07307U,0,0,0,-10,,,,
07312U,0,0,0,8,,,,
073148,0,0,0,5,,,,
07315U,0,0,0,14,,,,
07316U,0,0,0,-110,,,,
07317U,0,0,0,620,,,,
073181,0,0,0,-10,,,,
073188,0,0,0,-1,,,,
07318U,0,0,0,0,,,,
073279,0,0,0,2,,,,
07328U,0,0,0,-27,,,,
073321,0,0,0,6,,,,
073324,0,0,0,7,,,,
073328,0,0,0,12,,,,
073441,0,0,0,690,,,,
073450,0,0,0,13,,,,
073455,0,0,0,-505,,,,
07365U,0,0,0,-30,,,,
073731,0,0,0,-4,,,,
073738,0,0,0,-180,,,,
07373U,0,0,0,-13,,,,
073756,0,0,0,6,,,,
07375U,0,0,0,29,,,,
073770,0,0,0,19,,,,
07378U,0,0,0,35,,,,
073798,0,0,0,2,,,,
07379U,0,0,0,71,,,,
07384U,0,0,0,-1,,,,
07392U,0,0,0,-2,,,,
07394U,0,0,0,-30,,,,
07396U,0,0,0,-90,,,,
07399U,0,0,0,5,,,,
07402U,0,0,0,-103,,,,
074056,0,0,0,-25,,,,
07405U,0,0,0,58,,,,
074067,0,0,0,1,,,,
07428U,0,0,0,-86,,,,
07429U,0,0,0,-1,,,,
07435U,0,0,0,101,,,,
07438U,0,0,0,35,,,,
07441U,0,0,0,1,,,,
07442U,0,0,0,2,,,,
074539,0,0,0,-30,,,,
07453U,0,0,0,5,,,,
07456U,0,0,0,-3,,,,
07457U,0,0,0,70,,,,
07460U,0,0,0,-1,,,,
074623,0,0,0,-3,,,,
07462U,0,0,0,16,,,,
07464U,0,0,0,20,,,,
07465U,0,0,0,-41,,,,
07468U,0,0,0,-26,,,,
074754,0,0,0,-53,,,,
07476U,0,0,0,-5,,,,
074860,0,0,0,3,,,,
074862,0,0,0,-5,,,,
07494U,0,0,0,-69,,,,
07495U,0,0,0,-20,,,,
07499U,0,0,0,-50,,,,
07503U,0,0,0,65,,,,
07505U,0,0,0,-5,,,,
075108,0,0,0,0,,,,
075111,0,0,0,1,,,,
07511U,0,0,0,32,,,,
07515U,0,0,0,80,,,,
07520U,0,0,0,-26,,,,
07521U,0,0,0,-15,,,,
07523U,0,0,0,-4,,,,
07537U,0,0,0,200,,,,
07538U,0,0,0,311,,,,
07539U,0,0,0,241,,,,
07542U,0,0,0,-7,,,,
07549U,0,0,0,42,,,,
075507,0,0,0,102,,,,
07550U,0,0,0,-72,,,,
07551U,0,0,0,18,,,,
07555U,0,0,0,4,,,,
07557U,0,0,0,-40,,,,
07558U,0,0,0,-10,,,,
075625,0,0,0,-13,,,,
07562U,0,0,0,-1,,,,
07563U,0,0,0,-10,,,,
07564U,0,0,0,10,,,,
07567U,0,0,0,30,,,,
07569U,0,0,0,-50,,,,
075708,0,0,0,2,,,,
075733,0,0,0,-1,,,,
075865,0,0,0,124,,,,
07591U,0,0,0,-35,,,,
07597U,0,0,0,-1,,,,
07599U,0,0,0,10,,,,
07605U,0,0,0,-484,,,,
076073,0,0,0,50,,,,
076075,0,0,0,-20,,,,
07607U,0,0,0,20,,,,
07608U,0,0,0,-1,,,,
07612U,0,0,0,-400,,,,
076131,0,0,0,1,,,,
07614U,0,0,0,49,,,,
07617U,0,0,0,-40,,,,
07619U,0,0,0,53,,,,
07621U,0,0,0,8,,,,
07623U,0,0,0,14,,,,
07625U,0,0,0,-12,,,,
07626U,0,0,0,43,,,,
07627U,0,0,0,40,,,,
07629U,0,0,0,-2,,,,
07630U,0,0,0,-371,,,,
076316,0,0,0,-6,,,,
07631U,0,0,0,20,,,,
07640U,0,0,0,14,,,,
07643U,0,0,0,-6,,,,
07644U,0,0,0,10,,,,
076504,0,0,0,-5,,,,
07653U,0,0,0,-5,,,,
07655U,0,0,0,-100,,,,
07658U,0,0,0,-8,,,,
07661U,0,0,0,-372,,,,
07662U,0,0,0,88,,,,
07664U,0,0,0,-4,,,,
07665U,0,0,0,-2,,,,
07666U,0,0,0,-49,,,,
07679U,0,0,0,10,,,,
07681U,0,0,0,867,,,,
07683U,0,0,10,-10,,,,
076842,0,0,0,-50,,,,
07684U,0,0,0,124,,,,
07685U,0,0,0,-14,,,,
07687U,0,0,0,1,,,,
07690U,0,0,0,50,,,,
07696U,0,0,0,10,,,,
076987,0,0,0,-50,,,,
07701U,0,0,0,1,,,,
07703U,0,0,0,10,,,,
07706U,0,0,0,-20,,,,
07710U,0,0,0,-102,,,,
07713U,0,0,0,-89,,,,
07716U,0,0,0,-180,,,,
07721U,0,0,0,759,,,,
077226,0,0,0,18,,,,
07728U,0,0,0,70,,,,
07731U,0,0,0,5,,,,
07736U,0,0,0,-4,,,,
07739U,0,0,0,-30,,,,
07740U,0,0,0,-1,,,,
077413,0,0,0,-175,,,,
077415,0,0,0,10,,,,
07741U,0,0,0,-49,,,,
07742U,0,0,0,24,,,,
07743U,0,0,0,2,,,,
07747U,0,0,0,1,,,,
07755U,0,0,0,50,,,,
07763U,0,0,0,-122,,,,
07766U,0,0,0,-1,,,,
07770U,0,0,0,-6,,,,
077727,0,0,0,1,,,,
077729,0,0,0,13,,,,
077733,0,0,0,30,,,,
077753,0,0,0,2,,,,
077754,0,0,0,1,,,,
07778U,2,0,0,-2,,,,
07794U,0,0,0,-30,,,,
07795U,0,0,0,0,,,,
07797U,0,0,0,158,,,,
07798U,0,0,0,173,,,,
078006,0,0,0,9,,,,
078009,0,0,0,1,,,,
07800U,0,0,0,29,,,,
07802U,0,0,0,-40,,,,
07804U,0,0,0,-33,,,,
07805U,0,0,0,12,,,,
07807U,0,0,0,-10,,,,
07808U,0,0,0,299,,,,
078145,0,0,0,0,,,,
078146,0,0,0,0,,,,
07814U,0,0,0,340,,,,
07831U,0,0,0,2,,,,
07833U,0,0,0,-10,,,,
078354,0,0,0,1,,,,
07839U,0,0,0,1,,,,
07841U,0,0,0,27,,,,
07842U,0,0,0,78,,,,
07845U,0,0,0,363,,,,
07846U,20,0,0,-420,,,,
07847U,0,0,0,-205,,,,
07849U,0,0,0,-479,,,,
07850U,0,0,0,-73,,,,
07852U,0,0,0,-395,,,,
07853U,0,0,0,-534,,,,
07862U,0,0,0,3,,,,
07863U,0,0,0,15,,,,
07866U,0,0,0,-130,,,,
07867U,0,0,520,-509,,,,
078683,0,0,0,20,,,,
078689,0,0,0,2,,,,
07869U,0,0,0,-6,,,,
07874U,0,0,0,9,,,,
07876U,0,0,0,8,,,,
07878U,0,0,0,-234,,,,
07879U,0,0,0,-240,,,,
078809,0,0,0,-750,,,,
07880U,0,0,0,101,,,,
078839,0,0,0,100,,,,
07886U,0,0,0,-144,,,,
07900U,0,0,0,-170,,,,
07901U,0,0,0,-201,,,,
07903U,0,0,0,2,,,,
07904U,0,0,0,-40,,,,
07905U,0,0,0,-20,,,,
07906U,0,0,0,2,,,,
079096,0,0,0,0,,,,
07909U,0,0,0,-1,,,,
079106,0,0,0,-60,,,,
079116,0,0,0,25,,,,
07912U,0,0,0,-237,,,,
07915U,0,0,0,20,,,,
079179,0,0,0,35,,,,
07918U,0,0,0,10,,,,
07919U,0,0,0,-169,,,,
07921U,0,0,0,-395,,,,
07924U,0,0,0,38,,,,
07925U,0,0,0,-630,,,,
07932U,0,0,0,3,,,,
07933U,0,0,0,-1,,,,
079349,0,0,0,-30,,,,
07934U,0,0,0,-20,,,,
079368,0,0,0,33,,,,
07937U,0,0,0,6,,,,
07938U,0,0,0,4,,,,
07939U,0,0,0,-13,,,,
07940U,0,0,0,13,,,,
07943U,0,0,0,255,,,,
079457,0,0,0,2,,,,
07947U,0,0,0,4,,,,
07949U,0,0,0,0,,,,
07959U,0,0,0,-5,,,,
07964U,0,0,0,-1,,,,
07965U,0,0,0,40,,,,
07966U,0,0,0,8,,,,
07967U,0,0,0,-365,,,,
07968U,0,0,0,227,,,,
07970U,0,0,0,6,,,,
07972U,0,0,0,-4,,,,
07973U,0,0,0,-91,,,,
079744,0,0,0,-105,,,,
079766,0,0,0,1,,,,
07977U,0,0,0,179,,,,
07978U,0,0,0,521,,,,
07979U,0,0,0,-393,,,,
07982U,0,0,0,50,,,,
079835,0,0,0,93,,,,
07983U,0,0,0,110,,,,
07984U,0,0,0,-261,,,,
07986U,0,0,0,-37,,,,
079887,0,0,0,11,,,,
07991U,0,0,0,-4,,,,
079920,0,0,0,5,,,,
07992U,0,0,0,-17,,,,
07993U,0,0,0,-103,,,,
07995U,0,0,0,344,,,,
079966,0,0,0,28,,,,
07996U,0,0,0,19,,,,
07998U,0,0,0,-150,,,,
08000U,0,0,0,60,,,,
08003U,0,0,0,53,,,,
080062,0,0,0,2,,,,
080082,0,0,0,-4,,,,
080084,0,0,0,60,,,,
080095,0,0,0,127,,,,
08013U,0,0,0,-2,,,,
080156,0,0,0,60,,,,
080159,0,0,0,30,,,,
08016U,0,0,0,5,,,,
08018U,0,0,0,-9,,,,
080216,0,0,0,0,,,,
080221,0,0,0,2,,,,
080222,0,0,0,17,,,,
08022U,0,0,0,13,,,,
08029U,0,0,0,27,,,,
08030U,0,0,0,-2,,,,
08032U,0,0,0,10,,,,
080335,0,0,0,108,,,,
08033U,0,0,0,10,,,,
080340,0,0,0,400,,,,
080341,0,0,0,917,,,,
080343,0,0,0,3,,,,
08034U,0,0,0,15,,,,
080377,0,0,0,0,,,,
08037U,0,0,0,-71,,,,
08039U,0,0,0,-6,,,,
080414,0,0,0,248,,,,
080415,0,0,0,425,,,,
080416,0,0,0,298,,,,
08041U,0,0,0,-30,,,,
08043U,0,0,0,-30,,,,
08044U,0,0,0,23,,,,
08046U,0,0,0,9,,,,
08048U,0,0,0,-50,,,,
080509,0,0,0,-177,,,,
08050U,0,0,0,292,,,,
080510,0,0,0,-327,,,,
080518,0,0,0,4,,,,
08052U,0,0,0,0,,,,
08053U,0,0,0,100,,,,
08057U,0,0,0,-13,,,,
08063U,0,0,0,-4,,,,
08066U,0,0,0,-67,,,,
080672,0,0,0,8,,,,
08068U,0,0,0,135,,,,
08069U,0,0,0,5,,,,
08070U,0,0,0,59,,,,
08071U,0,0,0,198,,,,
080723,0,0,0,-13,,,,
080747,0,0,0,68,,,,
08074U,0,0,0,-2,,,,
080755,0,0,0,51,,,,
08083U,0,0,0,-38,,,,
080845,0,0,0,-6,,,,
080847,0,0,0,13,,,,
080848,0,0,0,30,,,,
080850,0,0,0,-1058,,,,
08087U,0,0,0,-6,,,,
08089U,0,0,0,-131,,,,
08090U,0,0,0,-81,,,,
08091U,0,0,0,301,,,,
08092U,0,0,0,-232,,,,
08093U,0,0,0,-310,,,,
08095U,0,0,0,20,,,,
080968,0,0,0,41,,,,
080969,0,0,0,-20,,,,
08096U,0,0,0,-447,,,,
081024,0,0,0,-3,,,,
08105U,0,0,0,0,,,,
081102,0,0,0,285,,,,
081104,0,0,0,-73,,,,
081116,0,0,0,27,,,,
081119,0,0,0,2,,,,
08111U,0,0,0,-39,,,,
081122,0,0,0,-103,,,,
081125,0,0,0,20,,,,
081126,0,0,0,8,,,,
081128,0,0,0,-10,,,,
08112U,0,0,0,5,,,,
08115U,0,0,0,68,,,,
08116U,0,0,0,250,,,,
08117U,0,0,0,-93,,,,
081208,0,0,0,-1,,,,
08121U,0,0,0,-10,,,,
08125U,0,0,0,62,,,,
08126U,0,0,0,-211,,,,
08128U,0,0,0,-253,,,,
08129U,0,0,0,0,,,,
08131U,0,0,0,3,,,,
08132U,0,0,0,-19,,,,
081340,0,0,0,3,,,,
081349,0,0,0,495,,,,
08134U,0,0,0,6,,,,
081353,0,0,0,1,,,,
081358,0,0,0,13,,,,
081359,0,0,0,-20,,,,
081360,0,0,0,151,,,,
081366,0,0,0,-146,,,,
081369,0,0,0,25,,,,
08137U,0,0,0,-50,,,,
08138U,0,0,0,-511,,,,
081420,0,0,0,135,,,,
08142U,0,0,0,-19,,,,
08144U,0,0,0,11,,,,
08146U,0,0,0,-20,,,,
081479,0,0,0,10,,,,
081485,0,0,0,-10,,,,
081486,0,0,0,931,,,,
081495,0,0,0,10,,,,
08151U,0,0,0,400,,,,
08153U,0,0,0,-13,,,,
08156U,0,0,0,-7,,,,
08157U,0,0,0,-242,,,,
08158U,0,0,0,-49,,,,
08159U,0,0,0,2,,,,
08160U,0,0,0,-10,,,,
081614,0,0,0,0,,,,
081616,0,0,0,735,,,,
081618,0,0,0,7,,,,
08161U,0,0,0,40,,,,
081626,0,0,0,-7,,,,
081627,0,0,0,2,,,,
08163U,0,0,0,-5,,,,
08168U,0,0,0,3,,,,
08169U,0,0,0,-12,,,,
08170U,0,0,0,-15,,,,
08173U,0,0,0,-97,,,,
081740,0,0,0,10,,,,
08174U,0,0,0,-105,,,,
08180U,0,0,0,75,,,,
08181U,0,0,0,0,,,,
08182U,0,0,0,9,,,,
081835,0,0,0,80,,,,
081836,0,0,0,2,,,,
08184U,0,0,0,9,,,,
08186U,0,0,0,0,,,,
081879,0,0,0,-3,,,,
08187U,0,0,0,-146,,,,
081886,0,0,0,0,,,,
081890,0,0,0,-32,,,,
08189U,0,0,0,14,,,,
08191U,0,0,0,1,,,,
08192U,0,0,0,0,,,,
08195U,0,0,0,-164,,,,
08197U,0,0,0,-2,,,,
081997,0,0,0,-10,,,,
08200U,0,0,0,119,,,,
08201U,0,0,0,-30,,,,
082023,0,0,0,30,,,,
08202U,0,0,0,-6,,,,
082032,0,0,0,100,,,,
08203U,0,0,0,44,,,,
08206U,0,0,0,-70,,,,
08207U,0,0,0,0,,,,
082096,0,0,0,92,,,,
082098,0,0,0,2,,,,
082103,0,0,0,8,,,,
08210U,0,0,0,-38,,,,
08211U,0,0,0,-203,,,,
08212U,0,0,0,89,,,,
08215U,0,0,0,10,,,,
08216U,0,0,0,124,,,,
082171,0,0,0,112,,,,
08217U,0,0,0,6,,,,
08219U,0,0,0,-34,,,,
082222,0,0,0,17,,,,
082224,0,0,0,-18,,,,
082231,0,0,0,-10,,,,
08224U,0,0,0,-15,,,,
08225U,0,0,0,1,,,,
082267,0,0,0,2,,,,
082275,0,0,0,648,,,,
082276,0,0,0,4,,,,
08227U,0,0,0,-25,,,,
08229U,0,0,0,91,,,,
08231U,0,0,0,-6,,,,
08232U,0,0,0,10,,,,
08233U,0,0,0,55,,,,
08234U,0,0,0,7,,,,
08235U,0,0,0,-269,,,,
08236U,0,0,0,-1,,,,
08237U,0,0,0,-20,,,,
08238U,0,0,0,-247,,,,
082397,0,0,0,4,,,,
08240U,0,0,0,-51,,,,
08241U,0,0,0,-34,,,,
082488,0,0,0,3,,,,
082490,0,0,0,-10,,,,
08250U,0,0,0,36,,,,
082515,0,0,0,-19,,,,
082517,0,0,0,8,,,,
08251U,0,0,0,-7,,,,
08253U,0,0,0,25,,,,
082556,0,0,0,-4,,,,
08258U,0,0,0,161,,,,
08260U,0,0,0,-26,,,,
082620,0,0,0,-20,,,,
08262U,0,0,0,-2,,,,
082645,0,0,0,60,,,,
08269U,0,0,0,5,,,,
08270U,0,0,0,-5,,,,
082726,0,0,0,-19,,,,
08272U,0,0,0,285,,,,
082769,0,0,0,10,,,,
08281U,0,0,0,0,,,,
08282U,0,0,0,65,,,,
08285U,0,0,0,-130,,,,
08286U,0,0,0,-11,,,,
08288U,0,0,0,-2,,,,
08290U,0,0,0,-320,,,,
082918,0,0,0,1,,,,
08291U,0,0,0,-3,,,,
082931,0,0,0,8,,,,
08294U,0,0,0,-1,,,,
08296U,0,0,0,178,,,,
08298U,0,0,0,12,,,,
08299U,0,0,0,74,,,,
08306U,0,0,0,4,,,,
083076,0,0,0,71,,,,
083078,0,0,0,-179,,,,
083081,0,0,0,1,,,,
083088,0,0,0,-28,,,,
08308U,0,0,0,-23,,,,
08313U,0,0,0,-3,,,,
08315U,0,0,0,5,,,,
083178,0,0,0,3,,,,
083180,0,0,0,10,,,,
08318U,0,0,0,117,,,,
083190,0,0,0,-30,,,,
083195,0,0,0,13,,,,
083199,0,0,0,1,,,,
08319U,0,0,0,77,,,,
083200,0,0,0,4,,,,
083201,0,0,0,-40,,,,
083202,0,0,0,100,,,,
083335,0,0,0,20,,,,
083336,0,0,0,21,,,,
083348,0,0,0,-1,,,,
08336U,0,0,0,-90,,,,
083381,0,0,0,-2,,,,
08339U,0,0,0,-4,,,,
08340U,0,0,0,-15,,,,
08342U,0,0,0,-256,,,,
08344U,0,0,0,0,,,,
08346U,0,0,0,0,,,,
08348U,0,0,0,-435,,,,
083507,0,0,0,-10,,,,
083545,0,0,0,-235,,,,
08354U,0,0,0,50,,,,
08357U,0,0,0,-1,,,,
08358U,0,0,0,-127,,,,
08360U,0,0,0,101,,,,
08361U,0,0,0,-6,,,,
083622,0,0,0,71,,,,
08362U,0,0,0,-21,,,,
083632,0,0,0,175,,,,
083636,0,0,0,-10,,,,
083638,0,0,0,6,,,,
083639,0,0,0,2,,,,
08363U,0,0,0,190,,,,
08365U,0,0,0,-178,,,,
083673,0,0,0,-40,,,,
083677,0,0,0,1,,,,
08372U,0,0,0,-307,,,,
08373U,0,0,0,-6,,,,
08375U,0,0,0,302,,,,
08376U,0,0,0,22,,,,
08379U,0,0,0,-100,,,,
08380U,0,0,0,140,,,,
083822,0,0,0,0,,,,
083828,0,0,0,160,,,,
083830,0,0,0,-30,,,,
083832,0,0,0,15,,,,
08384U,0,0,0,25,,,,
08386U,0,0,0,5,,,,
08387U,0,0,0,265,,,,
08389U,0,0,0,-5,,,,
083901,0,0,0,12,,,,
083960,0,0,0,10,,,,
08396U,0,0,0,131,,,,
08397U,0,0,0,-423,,,,
08398U,0,0,0,-155,,,,
08400U,0,0,0,-236,,,,
084012,0,0,0,-62,,,,
084016,0,0,0,47,,,,
084019,0,0,0,-1,,,,
084021,0,0,0,30,,,,
084023,0,0,0,15,,,,
084025,0,0,0,12,,,,
08403U,0,0,0,-175,,,,
084055,0,0,0,10,,,,
08406U,0,0,0,-182,,,,
08407U,0,0,0,-410,,,,
08408U,0,0,0,-4,,,,
08409U,0,0,0,-21,,,,
08410U,0,0,0,24,,,,
08411U,0,0,0,9,,,,
08412U,0,0,0,10,,,,
08414U,0,0,0,-4,,,,
084157,0,0,0,730,,,,
08415U,0,0,0,43,,,,
084197,0,0,0,-32,,,,
08420U,0,0,0,5,,,,
084212,0,0,0,10,,,,
08421U,0,0,0,20,,,,
084229,0,0,0,10,,,,
08422U,0,0,0,38,,,,
08423U,0,0,0,-19,,,,
084240,0,0,0,-90,,,,
084241,0,0,0,-2,,,,
084242,0,0,0,6,,,,
084244,0,0,0,196,,,,
08424U,0,0,0,-10,,,,
084266,0,0,0,5,,,,
08426U,0,0,0,-6,,,,
08427U,0,0,0,-91,,,,
08429U,0,0,0,51,,,,
08431U,0,0,0,-11,,,,
08432U,0,0,0,-49,,,,
08436U,0,0,0,53,,,,
08437U,0,0,0,10,,,,
084389,0,0,0,2,,,,
08438U,0,0,0,22,,,,
08439U,0,0,0,10,,,,
08440U,0,0,0,38,,,,
08441U,0,0,0,62,,,,
08442U,0,0,0,-1,,,,
08444U,0,0,0,57,,,,
08447U,0,0,0,-23,,,,
08448U,0,0,0,-502,,,,
084507,0,0,0,0,,,,
084508,0,0,0,-69,,,,
08450U,0,0,0,10,,,,
084511,0,0,0,26,,,,
084512,0,0,0,502,,,,
084515,0,0,0,4,,,,
08451U,0,0,0,1,,,,
08452U,0,0,0,-62,,,,
08453U,0,0,0,-188,,,,
084548,0,0,0,3,,,,
08454U,0,0,0,139,,,,
084550,0,0,0,2,,,,
084551,0,0,0,-100,,,,
084552,0,0,0,3,,,,
08455U,0,0,0,56,,,,
08456U,0,0,0,43,,,,
08457U,0,0,0,106,,,,
084587,0,0,0,2,,,,
08458U,0,0,0,65,,,,
08459U,0,0,0,-52,,,,
08460U,0,0,0,347,,,,
084614,0,0,0,21,,,,
08461U,0,0,0,58,,,,
08462U,0,0,0,2169,,,,
08463U,0,0,0,280,,,,
084641,0,0,0,7,,,,
08464U,0,0,0,91,,,,
08465U,0,0,0,37,,,,
08466U,0,0,0,-50,,,,
08467U,0,0,0,30,,,,
08468U,0,0,0,-106,,,,
08471U,0,0,0,87,,,,
08472U,0,0,0,-19,,,,
084736,0,0,0,134,,,,
08473U,0,0,0,4,,,,
08474U,0,0,0,163,,,,
08475U,0,0,0,88,,,,
084764,0,0,0,-12,,,,
08476U,0,0,0,430,,,,
08477U,0,0,0,7,,,,
08479U,0,0,0,50,,,,
08480U,0,0,0,-1,,,,
08482U,0,0,0,15,,,,
08483U,0,0,0,20,,,,
084843,0,0,0,10,,,,
08484U,0,0,0,78,,,,
08485U,0,0,0,90,,,,
08487U,0,0,0,49,,,,
084885,0,0,0,-10,,,,
084888,0,0,0,-100,,,,
084889,0,0,0,-10,,,,
08488U,0,0,0,305,,,,
084892,0,0,0,5,,,,
084893,0,0,0,5,,,,
08489U,0,0,0,22,,,,
08490U,0,0,0,0,,,,
08491U,0,0,0,-5,,,,
08492U,0,0,0,-338,,,,
08493U,0,0,0,5,,,,
08494U,0,0,0,5,,,,
08495U,0,0,0,-6,,,,
08496U,0,0,0,-31,,,,
08498U,0,0,0,-10,,,,
08499U,0,0,0,-179,,,,
08500U,0,0,0,-15,,,,
085011,0,0,0,100,,,,
085012,0,0,0,3,,,,
08501U,0,0,0,120,,,,
08503U,0,0,0,-128,,,,
08505U,0,0,0,-22,,,,
08508U,0,0,0,-121,,,,
085102,0,0,0,-1,,,,
085105,0,0,0,0,,,,
085109,0,0,0,-41,,,,
08511U,0,0,0,-203,,,,
085124,0,0,0,7,,,,
08512U,0,0,0,25,,,,
08513U,0,0,0,-24,,,,
08514U,0,0,0,-94,,,,
08515U,0,0,0,-3581,,,,
08516U,0,0,0,1,,,,
08517U,0,0,0,1,,,,
08518U,0,0,0,5,,,,
08519U,0,0,0,12,,,,
08520U,0,0,0,-9,,,,
08522U,0,0,0,10,,,,
08524U,0,0,0,170,,,,
08525U,0,0,0,-3,,,,
085277,0,0,0,202,,,,
085278,0,0,0,50,,,,
085280,0,0,0,-5,,,,
085281,0,0,0,-217,,,,
085284,0,0,0,7,,,,
08528U,0,0,0,-123,,,,
085290,0,0,0,6,,,,
08529U,0,0,0,97,,,,
08530U,0,0,0,147,,,,
08532U,0,0,0,99,,,,
08533U,0,0,0,-165,,,,
08536U,0,0,0,11,,,,
08543U,0,0,0,6,,,,
08545U,0,0,0,-5,,,,
085466,0,0,0,-282,,,,
08546U,0,0,0,3,,,,
085473,0,0,0,9,,,,
085474,0,0,0,415,,,,
08547U,0,0,0,87,,,,
08549U,0,0,0,-29,,,,
08551U,0,0,0,1400,,,,
08552U,0,0,0,-2,,,,
08553U,0,0,0,-78,,,,
085542,0,0,0,20,,,,
08555U,0,0,0,-25,,,,
085565,0,0,0,4,,,,
085572,0,0,0,-92,,,,
08558U,0,0,0,-2,,,,
08561U,0,0,0,72,,,,
085629,0,0,0,300,,,,
08562U,0,0,0,-149,,,,
085631,0,0,0,-22,,,,
085632,0,0,0,6,,,,
085637,0,0,0,15,,,,
085638,0,0,0,-10,,,,
085639,0,0,0,-1,,,,
085641,0,0,0,-4,,,,
085670,0,0,0,-1,,,,
08568U,0,0,0,167,,,,
08569U,0,0,0,-303,,,,
085710,0,0,0,19,,,,
085715,0,0,0,0,,,,
085721,0,0,0,41,,,,
08572U,0,0,0,3,,,,
085745,0,0,0,50,,,,
085749,0,0,0,-178,,,,
08576U,0,0,0,82,,,,
085775,0,0,0,-204,,,,
085785,0,0,0,105,,,,
085786,0,0,0,-167,,,,
085787,0,0,0,130,,,,
08578U,0,0,0,-102,,,,
08579U,0,0,0,199,,,,
08580U,0,0,0,-658,,,,
08581U,0,0,0,-115,,,,
08582U,0,0,0,-17,,,,
08583U,0,0,0,-293,,,,
085847,0,0,0,-16,,,,
08584U,0,0,0,0,,,,
08585U,0,0,0,5,,,,
08587U,0,0,0,20,,,,
08589U,0,0,0,6,,,,
08590U,0,0,0,-14,,,,
085913,0,0,0,66,,,,
08591U,0,0,0,-146,,,,
08592U,0,0,0,2,,,,
08593U,0,0,0,-38,,,,
08594U,0,0,0,-25,,,,
08596U,0,0,0,6,,,,
085975,0,0,0,-10,,,,
085976,0,0,0,-100,,,,
085977,0,0,0,-134,,,,
085978,0,0,0,12,,,,
085979,0,0,0,-50,,,,
08597U,0,0,0,125,,,,
085981,0,0,0,353,,,,
086000,0,0,0,-1,,,,
086002,0,0,0,-19,,,,
086009,0,0,0,-5,,,,
08603U,0,0,0,-102,,,,
08607U,0,0,0,-98,,,,
086080,0,0,0,14,,,,
08608U,0,0,0,210,,,,
086109,0,0,0,-440,,,,
08610U,0,0,0,-89,,,,
08611U,0,0,0,28,,,,
08612U,0,0,0,2,,,,
08613U,0,0,0,-10,,,,
08614U,0,0,0,161,,,,
08616U,0,0,0,-24,,,,
08617U,0,0,0,-429,,,,
08618U,0,0,0,2,,,,
08619U,0,0,0,5,,,,
086205,0,0,0,-29,,,,
086206,0,0,0,13,,,,
08620U,0,0,0,63,,,,
086210,0,0,0,-10,,,,
086211,0,0,0,-404,,,,
086212,0,0,0,-35,,,,
086213,0,0,0,13,,,,
086214,0,0,0,1,,,,
086215,0,0,0,0,,,,
086217,0,0,0,-100,,,,
086219,0,0,0,-10,,,,
086221,0,0,0,44,,,,
086222,0,0,0,84,,,,
08622U,0,0,0,-3397,,,,
08623U,0,0,0,-265,,,,
08624U,0,0,0,242,,,,
086259,0,0,0,-3,,,,
08625U,0,0,0,47,,,,
08626U,0,0,0,5,,,,
08629U,0,0,0,-370,,,,
086304,0,0,0,23,,,,
08630U,0,0,0,0,,,,
086328,0,0,0,-66,,,,
08632U,0,0,0,45,,,,
086338,0,0,0,72,,,,
08633U,0,0,0,-1,,,,
08634U,0,0,0,123,,,,
086350,0,0,0,-3,,,,
08635U,0,0,0,-3,,,,
08637U,0,0,0,-10,,,,
086394,0,0,0,10,,,,
086403,0,0,0,80,,,,
08640U,0,0,0,20,,,,
086444,0,0,0,-1,,,,
086446,0,0,0,-3,,,,
086448,0,0,0,288,,,,
086450,0,0,0,-96,,,,
086451,0,0,0,50,,,,
086457,0,0,0,-50,,,,
086458,0,0,0,130,,,,
08645U,0,0,0,-9,,,,
086460,0,0,0,-271,,,,
086462,0,0,0,40,,,,
086463,0,0,0,-521,,,,
086464,0,0,0,-10,,,,
086465,0,0,0,-119,,,,
086466,0,0,0,-62,,,,
086468,0,0,0,519,,,,
086469,0,0,0,-400,,,,
086472,0,0,0,-1,,,,
08647U,0,0,0,-50,,,,
086496,0,0,0,22,,,,
08649U,0,0,0,-161,,,,
08651U,0,0,0,301,,,,
08652U,0,0,0,-12,,,,
086536,0,0,0,-35,,,,
08655U,0,0,0,-37,,,,
08656U,0,0,0,-5,,,,
08658U,0,0,0,-73,,,,
08659U,0,0,0,1,,,,
08661U,0,0,0,-20,,,,
08662U,0,0,0,13,,,,
086635,0,0,0,2,,,,
086647,0,0,0,109,,,,
08664U,0,0,0,-25,,,,
086663,0,0,0,-100,,,,
086669,0,0,0,11,,,,
086671,0,0,0,-12,,,,
086672,0,0,0,7,,,,
086673,0,0,0,-225,,,,
086674,0,0,0,-45,,,,
086675,0,0,0,100,,,,
086676,0,0,0,-758,,,,
086679,0,0,0,-8,,,,
08667U,0,0,0,-10,,,,
086692,0,0,0,-349,,,,
08669U,0,0,0,-6,,,,
08670U,0,0,0,2,,,,
08671U,0,0,0,-76,,,,
08673U,0,0,0,-10,,,,
08674U,0,0,0,0,,,,
08675U,0,0,0,-14,,,,
08676U,0,0,0,42,,,,
08677U,0,0,0,-65,,,,
08678U,0,0,0,34,,,,
086790,0,0,0,-38,,,,
08679U,0,0,0,8,,,,
08680U,0,0,0,20,,,,
08681U,0,0,0,1,,,,
086820,0,0,0,-256,,,,
086828,0,0,0,28,,,,
08684U,0,0,0,-15,,,,
08685U,0,0,0,45,,,,
086862,0,0,0,-10,,,,
08686U,0,0,0,82,,,,
08687U,0,0,0,161,,,,
086894,0,0,0,942,,,,
086895,0,0,0,-102,,,,
086904,0,0,0,46,,,,
086907,0,0,0,-4,,,,
086908,0,0,0,243,,,,
08690U,0,0,0,65,,,,
086938,0,0,0,56,,,,
08693U,0,0,0,-1,,,,
086941,0,0,0,469,,,,
08694U,0,0,0,-194,,,,
08695U,0,0,0,-3,,,,
086963,0,0,0,145,,,,
08697U,0,0,0,-5,,,,
086980,0,0,0,-58,,,,
086981,0,0,0,5,,,,
086985,0,0,0,0,,,,
086986,0,0,0,49,,,,
086987,0,0,0,3,,,,
086989,0,0,0,1,,,,
08698U,0,0,0,4,,,,
086993,0,0,0,3,,,,
086999,0,0,0,46,,,,
087002,0,0,0,10,,,,
08701U,0,0,0,35,,,,
08702U,0,0,0,53,,,,
08705U,0,0,0,-25,,,,
08708U,0,0,0,-69,,,,
087091,0,0,0,29,,,,
087108,0,0,0,50,,,,
08712U,0,0,0,-59,,,,
08713U,0,0,0,8,,,,
08714U,0,0,0,-24,,,,
087157,0,0,0,38,,,,
08715U,0,0,0,-3,,,,
087166,0,0,0,1,,,,
087168,0,0,0,-8,,,,
08716U,0,0,0,-40,,,,
08717U,0,0,0,-427,,,,
08718U,0,0,0,-43,,,,
087192,0,0,0,-891,,,,
087193,0,0,0,100,,,,
08720U,0,0,0,-58,,,,
08721U,0,0,0,12,,,,
08723U,0,0,0,17,,,,
08725U,0,0,0,-166,,,,
08726U,0,0,0,2,,,,
08727U,0,0,0,-6,,,,
08728U,0,0,0,-20,,,,
08730U,0,0,0,-10,,,,
087313,0,0,0,-22,,,,
087318,0,0,0,20,,,,
08731U,0,0,0,-71,,,,
08732U,0,0,0,-10,,,,
08733U,0,0,0,-3,,,,
087356,0,0,0,-10,,,,
08735U,0,0,0,-17,,,,
087361,0,0,0,8,,,,
087365,0,0,0,-20,,,,
087386,0,0,0,100,,,,
08740U,0,0,0,-1,,,,
08741U,0,0,0,-13,,,,
087428,0,0,0,5,,,,
08742U,0,0,0,21,,,,
08743U,0,0,0,-3,,,,
08745U,0,0,0,-61,,,,
08747U,0,0,0,0,,,,
087484,0,0,0,98,,,,
087485,0,0,0,61,,,,
087488,0,0,0,-1,,,,
087489,0,0,0,-85,,,,
087491,0,0,0,1,,,,
087498,0,0,0,-37,,,,
087507,0,0,0,1,,,,
08750U,0,0,0,-48,,,,
08751U,0,0,0,11,,,,
08752U,0,0,0,-239,,,,
08753U,0,0,0,-2,,,,
08754U,0,0,0,-58,,,,
08755U,0,0,0,4,,,,
087567,0,0,0,298,,,,
08758U,0,0,0,-1,,,,
087608,0,0,0,22,,,,
08760U,0,0,0,-41,,,,
08761U,0,0,0,1,,,,
08762U,0,0,0,-30,,,,
08764U,0,0,0,-111,,,,
087656,0,0,0,2,,,,
08765U,0,0,0,55,,,,
087678,0,0,0,-10,,,,
08767U,0,0,0,988,,,,
087680,0,0,0,5,,,,
087686,0,0,0,244,,,,
087688,0,0,0,-10,,,,
087689,0,0,0,42,,,,
087691,0,0,0,-1,,,,
087692,0,0,0,551,,,,
087694,0,0,0,-1775,,,,
08769U,0,0,0,-101,,,,
08771U,0,0,0,68,,,,
08772U,0,0,0,-3,,,,
087755,0,0,0,-73,,,,
08777U,0,0,0,30,,,,
08778U,0,0,0,386,,,,
087800,0,0,0,38,,,,
08781U,0,0,0,-31,,,,
08785U,0,0,0,-2,,,,
08789U,0,0,0,2,,,,
087903,0,0,0,108,,,,
087904,0,0,0,179,,,,
08790U,0,0,0,-3,,,,
087912,0,0,0,-254,,,,
08791U,0,0,0,25,,,,
087956,0,0,0,44,,,,
087957,0,0,0,121,,,,
08795U,0,0,0,-41,,,,
087960,0,0,0,708,,,,
087961,0,0,0,-532,,,,
087966,0,0,0,50,,,,
08796U,0,0,0,7,,,,
08799U,0,0,0,2,,,,
08800U,0,0,0,-1,,,,
08802U,0,0,0,80,,,,
088030,0,0,0,-475,,,,
088031,0,0,0,-350,,,,
088033,0,0,0,-9,,,,
08803U,0,0,0,62,,,,
08804U,0,0,0,-5,,,,
08805U,0,0,0,-18,,,,
08806U,0,0,0,-33,,,,
08808U,0,0,0,12,,,,
08809U,0,0,0,84,,,,
088104,0,0,0,10,,,,
088140,0,0,0,1,,,,
08814U,0,0,0,-133,,,,
08815U,0,0,0,787,,,,
08816U,0,0,0,-3,,,,
08818U,0,0,0,-491,,,,
088190,0,0,0,-25,,,,
088193,0,0,0,-8,,,,
08819U,0,0,0,-100,,,,
08820U,0,0,0,167,,,,
08821U,0,0,0,0,,,,
08822U,0,0,0,-549,,,,
08824U,0,0,0,-1,,,,
088255,0,0,0,100,,,,
08825U,0,0,0,28,,,,
088261,0,0,0,-2,,,,
08826U,0,0,0,74,,,,
088295,0,0,0,-504,,,,
088298,0,0,0,100,,,,
08831U,0,0,0,30,,,,
088324,0,0,0,17,,,,
088329,0,0,0,56,,,,
08833U,0,0,0,-11,,,,
08835U,0,0,0,14,,,,
088378,0,0,0,5,,,,
08837U,0,0,0,21,,,,
08839U,0,0,0,-10,,,,
088412,0,0,0,-77,,,,
088414,0,0,0,3,,,,
088418,0,0,0,-50,,,,
08841U,0,0,0,5,,,,
088422,0,0,0,-4,,,,
08842U,0,0,0,4,,,,
088434,0,0,0,10,,,,
08843U,0,0,0,-17,,,,
088466,0,0,0,1,,,,
08846U,0,0,0,-1,,,,
088476,0,0,0,-108,,,,
08847U,0,0,0,-20,,,,
08848U,0,0,0,-2,,,,
088493,0,0,0,2,,,,
08850U,0,0,0,24,,,,
088517,0,0,0,-20,,,,
08851U,0,0,0,1,,,,
08854U,0,0,0,-25,,,,
088558,0,0,0,-216,,,,
08855U,0,0,0,-121,,,,
088560,0,0,0,225,,,,
088561,0,0,0,120,,,,
088565,0,0,0,-44,,,,
088566,0,0,0,6,,,,
088567,0,0,0,129,,,,
088568,0,0,0,83,,,,
088570,0,0,0,253,,,,
088572,0,0,0,30,,,,
088573,0,0,0,-40,,,,
088579,0,0,0,-161,,,,
08857U,0,0,0,11,,,,
088580,0,0,0,12,,,,
088581,0,0,0,-134,,,,
088582,0,0,0,-1,,,,
088583,0,0,0,-41,,,,
088584,0,0,0,536,,,,
088586,0,0,0,4,,,,
088589,0,0,0,-70,,,,
088614,0,0,0,1,,,,
088616,0,0,0,22,,,,
088619,0,0,0,5,,,,
088622,0,0,0,-2,,,,
088635,0,0,0,500,,,,
088637,0,0,0,15,,,,
088638,0,0,0,-161,,,,
08863U,0,0,0,50,,,,
088647,0,0,0,42,,,,
08865U,0,0,0,1,,,,
08866U,0,0,0,-16,,,,
08867U,0,0,0,2,,,,
08868U,0,0,0,-15,,,,
088694,0,0,0,-10,,,,
088696,0,0,0,-75,,,,
08869U,0,0,0,-25,,,,
08871U,0,0,0,-29,,,,
088725,0,0,0,300,,,,
088753,0,0,0,-290,,,,
088755,0,0,0,-46,,,,
088761,0,0,0,-27,,,,
08876U,0,0,0,30,,,,
08877U,0,0,0,-8,,,,
088791,0,0,0,-3,,,,
088800,0,0,0,40,,,,
088807,0,0,0,300,,,,
08882U,0,0,0,-3,,,,
088838,0,0,0,102,,,,
08883U,0,0,0,24,,,,
08884U,0,0,0,-17,,,,
088857,0,0,0,-29,,,,
08885U,0,0,0,-3,,,,
088879,0,0,0,2,,,,
08887U,0,0,0,73,,,,
08889U,0,0,0,24,,,,
08890U,0,0,0,58,,,,
088915,0,0,0,200,,,,
08891U,0,0,0,-1,,,,
08892U,0,0,0,320,,,,
08893U,0,0,0,11,,,,
088964,0,0,0,36,,,,
088991,0,0,0,-30,,,,
08899U,0,0,0,-2695,,,,
08900U,0,0,0,-37,,,,
089010,0,0,0,10,,,,
08902U,0,0,0,-2,,,,
089037,0,0,0,4,,,,
08903U,0,0,0,-9,,,,
08904U,0,0,0,-20,,,,
089050,0,0,0,42,,,,
08905U,0,0,0,40,,,,
089065,0,0,0,362,,,,
08906U,0,0,0,-1,,,,
08907U,0,0,0,-15,,,,
089092,0,0,0,-134,,,,
08911U,0,0,0,27,,,,
08912U,0,0,0,2,,,,
089138,0,0,0,0,,,,
089141,0,0,0,-24,,,,
08914U,0,0,0,-2,,,,
089152,0,0,0,8,,,,
08916U,0,0,0,18,,,,
08917U,0,0,0,24,,,,
08919U,0,0,0,-36,,,,
08920U,0,0,0,-93,,,,
08922U,0,0,0,-17,,,,
089249,0,0,0,0,,,,
08924U,0,0,0,-1,,,,
08926U,0,0,0,5,,,,
089288,0,0,0,25,,,,
089289,0,0,0,16,,,,
089290,0,0,0,15,,,,
089292,0,0,0,-234,,,,
089293,0,0,0,-203,,,,
089297,0,0,0,21,,,,
08929U,0,0,0,10,,,,
08931U,0,0,0,-7,,,,
08933U,0,0,0,-101,,,,
089345,0,0,0,11,,,,
08934U,0,0,0,-10,,,,
089378,0,0,0,-100,,,,
08937U,0,0,0,-60,,,,
08938U,0,0,0,-118,,,,
08939U,0,0,0,-40,,,,
089408,0,0,0,16,,,,
08942U,0,0,0,-60,,,,
08946U,0,0,0,70,,,,
089472,0,0,0,-30,,,,
089473,0,0,0,95,,,,
089482,0,0,0,15,,,,
08948U,0,0,0,-2,,,,
089493,0,0,0,-35,,,,
089497,0,0,0,25,,,,
08951U,0,0,0,-10,,,,
089540,0,0,0,56,,,,
08954U,0,0,0,-163,,,,
08955U,0,0,0,-6,,,,
08956U,0,0,0,-155,,,,
08957U,0,0,0,-25,,,,
08958U,0,0,0,-101,,,,
089590,0,0,0,8,,,,
08960U,0,0,0,-12,,,,
08961U,0,0,0,-15,,,,
089624,0,0,0,2,,,,
08963U,0,0,0,-139,,,,
08964U,0,0,0,-35,,,,
08965U,0,0,0,-60,,,,
089661,0,0,0,477,,,,
08966U,0,0,0,-100,,,,
089670,0,0,0,-210,,,,
08968U,0,0,0,-4,,,,
089699,0,0,0,9,,,,
089705,0,0,0,-5,,,,
08971U,0,0,0,-5,,,,
08975U,0,0,0,-120,,,,
089774,0,0,0,174,,,,
089785,0,0,0,-1,,,,
089792,0,0,0,1,,,,
089842,0,0,0,5,,,,
089844,0,0,0,-1,,,,
089846,0,0,0,-77,,,,
089848,0,0,0,38,,,,
089850,0,0,0,-57,,,,
089852,0,0,0,-21,,,,
089864,0,0,0,50,,,,
089898,0,0,0,30,,,,
089903,0,0,0,-50,,,,
089927,0,0,0,28,,,,
1101,-105.379,-32,-10,234.68,30308,31745,149,150
1101B,0,0,-70,0,,,,
1102,-1733.971,-1556.972,-48.525,-169,1445,1429,0,1
1103,104,0,6,0,3787,3785,0,0
1104,-775,0,10.567,0,973,960,0,0
1108,57,0,4,0,1061,1065,0,0
1109,69,0,3,0,486,486,0,0
1110,58,0,6,0,2749,2776,0,0
1201,-14,0,-0.941,0,1459,1435,33,33
1203,38,0,1,0,11,12,0,0
1210,-1102.8,-81,-31.016,-3,979,963,17,21
1213,,,,,0,0,0,0
1215,-483,-305,268.774,1,564,411,0,0
1216,2158.439,-1797.57,-34,-204.409,1160,1179,26,24
1217,197,0,6,0,2080,2128,0,0
1218,-259,0,14,0,1642,1637,0,0
1219,-28,0,4,0,553,573,0,0
1220,-5,0,1,0,1050,1049,0,0
1225,129,0,4,-3,4655,4474,0,0
1227,-523,18,23.889,0,1287,1253,0,0
1229,-229.1,0,14.617,12,2477,2482,0,3
1231,-94.99,0,4.521,0,258,264,1,1
1232,11,0,3.149,0,5,5,0,0
1233,6,0,1,0,61,61,0,0
1234,73,0,5,0.983,21,23,0,0
1235,36,0,2,0,829,830,0,0
1236,-4,0,1,0,155,148,0,0
1240,0,0,0,0,25,25,0,0
1256,7,0,1,0,308,310,0,0
1259,1.01,0,-0.042,0,53,53,0,0
1264,-16,0,0,0,0,0,0,0
1268,3,0,0,0,56,56,0,0
1294,5,0,0,0,150,152,0,0
1295,19,0,0,-0.04,113,117,0,0
1301,62667.781,-2.338,131.698,512.75,16725,19178,607,344
1303,35893.992,1006.43,-128.575,-243.973,51996,55383,3321,2399
1304,-37,0,91,45.25,14521,14040,668,681
1305,2243.14,0,23.284,-25.126,8517,8884,464,305
1307,118,-1,1.724,4.22,2107,2129,33,30
1308,-1163.089,0,26.901,-21.523,9428,9090,315,325
1309,-1315.225,0,11.544,0,11207,10908,1363,1376
1310,3369,0,15.09,0,13478,13138,84,65
1312,13327,0,133.836,185.226,14773,13912,315,265
1312A,4,0,0,0,,,,
1313,4613.5,0,21.506,97.597,11333,11481,85,35
1314,665.1,0,45.619,14,47061,46726,482,479
1315,6,0,0,0,85,85,0,0
1316,-254.072,0,54.541,0,11070,10870,13,19
1319,-74,-328.524,-72.171,-37.92,5406,5209,0,0
1321,43,0,3,0,7578,7587,0,0
1323,29,0,7,0,134,152,1,2
1324,10,0,1,0,1811,1851,0,1
1325,-59,0,0,0,2456,2447,20,21
1326,59406.391,314,-276.327,-130.359,13549,16740,611,301
1336,7,0,0,0,2722,2711,0,10
1337,-111.168,0,3,0,21229,21218,0,0
1338,-2,0,3,0,2058,2046,6,16
1339,1.94,0,2.144,0,560,559,0,0
1340,12,0,1,0,952,952,0,0
1341,1,0,0.016,0,,,,
1342,41,0,1,0,444,441,0,0
1402,-4146.344,48.517,-154.369,317.923,11045,11132,3,1
1409,2734,-4,12,2.295,11186,11710,37,38
1410,6,0,-1,0,312,312,0,0
1413,21,0,1,0,0,0,0,0
1414,-7.999,0,2,0,960,1028,0,0
1416,30,0,1,0,3858,3740,0,0
1417,48,0,2,0,1371,1363,3,2
1418,11,0,3,0,728,728,0,0
1419,42,0,2.993,0.142,1276,1275,0,0
1423,6,0,1,0,111,114,0,0
1432,4,0,1,0,30,6,0,0
1434,962,32,14,-8,2717,2792,0,0
1435,,,,,0,0,0,0
1436,48,-1,3,0,932,933,1,1
1437,22,0,2,0,2065,2073,0,0
1438,7,0,1,0,111,112,0,0
1439,17,0,2,0,1186,1186,0,0
1440,2294,0,9.2,0,4159,4115,0,0
1441,8,0,0,0,0,0,0,0
1442,-18,0,4.289,0,2034,2025,0,0
1443,23,0,1,0,32,32,0,0
1444,445,0,8,0,1270,1294,0,0
1445,20,0,0,0,1318,1318,8,8
1446,22,0,3,0,2393,2380,0,0
1447,449,0,40,0,3127,3210,0,0
1449,-77,0,1.083,0,4285,3784,29,36
1451,56,0,2,0,683,711,0,0
1452,42,0,1,0,116,116,0,0
1453,42,0,1,0,1315,1315,0,0
1454,10,0,-1,0,1690,1690,0,0
1455,162,0,6,0,3279,3306,0,0
1456,19,0,2,0,345,346,0,0
1457,19,0,7,0,473,473,0,0
1459,98,0,3,0,458,438,0,0
1460,-175,0,6,0,0,0,0,0
1463,222,0,1,0,242,373,0,0
1464,208,0,33,0,1629,1629,0,0
1465,4.92,0,2,0,3432,3407,0,0
1466,-72,0,2,0,4641,4600,0,0
1467,67.9,0,3,0,4489,4320,0,0
1468,35,0,-7,0,0,0,0,0
1470,8,0,0,0,6,6,0,0
1471,-59,0,2,0,0,0,0,0
1472,-5,0,0,0,4204,4201,0,0
1473,15,0,1,0,917,921,6,6
1474,27,0,1,0,3367,3365,0,0
1475,-1,0,1,0,464,451,0,0
1476,212.261,-37.649,38,3.782,649,681,3,5
1477,323,-223.186,-28,-20.546,549,544,6,6
1503,-23.996,0,3.179,8.577,2596,2669,0,0
1504,-1376.822,-52,36,97.847,24186,23529,98,101
1506,37,0,1,0,0,0,0,0
1512,37,0,-2,0,0,0,0,0
1513,-385.792,-207,-6.757,-21.273,7803,7719,9,10
1514,59.495,0,2.156,-16.27,6377,6417,5,15
1515,110,0,1.603,0,1672,1671,5,5
1516,-1,0,0,0,18,18,0,0
1517,69,0,-14.017,0,1425,1422,0,0
1519,61.6,32,44.601,23.709,2679,2706,1,1
1521,9,0,2,0,377,377,0,0
1522,-67,-11.015,2.506,2,4500,4468,0,0
1524,104.001,0,74.074,0,4771,4729,0,0
1525,3,0,1,0.759,230,230,0,0
1526,35,0,1,0,853,853,0,0
1527,42,0,2,0,576,532,0,0
1528,1399,0,4.76,0,13332,12251,1099,1141
1529,22,0,0.425,0,3446,3403,9,9
1530,11,0,0,0,136,136,0,0
1531,13.77,0,2,0,2164,2171,0,0
1532,3,-16.723,4,0,2528,2567,0,0
1533,-19,0,1,0,682,670,0,0
1535,27,0,2,0,46,47,0,0
1536,61,0,-26.431,-28.195,8383,8436,36,45
1537,-1,0,1,0,29,29,0,0
1538,,,,,0,0,0,0
1539,20,0,0,0,1230,1241,0,0
1540,113,0,0,0,2048,2033,0,0
1541,14,0,-1,0,183,188,0,0
1558,13,-0.192,1,-0.104,311,312,0,0
1560,-453.973,1,22,-43.699,1949,1783,73,114
1563,211,0,-0.001,0,871,781,0,0
1565,-21.2,0,-0.002,0,1058,1061,0,0
1568,41,0,1,0,1118,1121,0,0
1569,-3,0,0,-0.225,13802,13815,89,106
1570,7,0,0,-0.045,2425,2602,0,0
1580,-3,0,0,0,18,18,0,0
1582,-647.991,0,34.733,-41.447,6859,8119,39,58
1583,18,0,-1,0,24,28,0,0
1584,-60,0,-40,-3.32,6767,6731,18,18
1586,-7,0,0,0,14255,14228,0,0
1587,-5,0,2,0,3685,3661,6,9
1589,,,,,1973,1973,0,0
1590,-12.851,0,7,6.696,173,138,0,0
1591,274,0,0,-0.45,1517,1784,13,6
1593,3,0,0,0,146,145,0,0
1595,-38,0,0,-8.952,2743,1886,0,0
1597,104,0,-326.286,0,6042,5400,75,62
1598,-9,0,2,0,2249,2254,0,0
1599,-4,0,0,0,374,374,0,0
1603,-25,0,2,0,2496,2509,0,0
1604,63.001,0,-98,0,312,306,0,0
1605,6681.78,2.245,220,140.774,45589,46463,246,249
1608,29,-2,7,1.696,7840,7898,0,0
1609,-25.058,0,4.755,51.586,12322,12048,18,17
1611,10.032,0,2.987,0,3578,3688,75,118
1612,-191,0,7.46,0.161,1602,1547,1,1
1614,39,0,3,0,325,325,0,0
1615,23,0,3,0,130,128,0,0
1616,-33,0,1,0,3410,3417,0,0
1617,15,0,1.921,0,1094,1076,0,0
1618,-28,0,1.599,-0.649,3663,3661,3,3
1623,26,0,1,0,,,,
1626,29,0,2,0,2664,2640,0,0
1702,84,-10.601,1.798,0,446,432,0,0
1707,28,0,-30,2.956,296,294,0,0
1708,-61.5,-1,6.001,-12.948,6984,7344,56,60
1709,-447,0,3,0,2685,2692,2,2
1710,477,0,-3.174,0.069,8346,8315,37,37
1711,-13091.217,30,-93.134,-123.777,28070,28018,366,426
1712,-163,0,28.875,0,599,599,0,0
1713,53,0,-3,0,3008,2885,0,0
1714,1874.75,0,-5,-2.22,8171,8266,2,0
1717,843.842,347,-1616.454,-79.97,30178,31220,1165,1221
1718,-787,0,-87.534,4.675,12837,12799,1,0
1720,-46,0,4,0,384,384,0,0
1721,839.511,0,27.111,0,507,512,0,0
1722,-161.764,0,-25.075,-2,2224,2269,6,6
1723,296.993,0,-12.255,3.624,1317,1407,1,1
1725,85,0,5,0,241,245,0,0
1726,-2,0,1,0,0,0,0,0
1727,2117,0,-67,0,7386,7835,132,124
1730,2,0,0,-0.045,5,5,0,0
1731,16,0,1,0,200,200,0,0
1732,36,0,4,0,493,492,0,0
1733,36,0,1,0,3908,3916,0,1
1734,7.001,0,7,0,572,570,0,0
1735,64,0,-4.919,0,1054,1147,16,48
1736,20.496,-35,2.048,0,2052,2078,2,3
1737,33,0,3.045,0,65,65,0,0
1742,0,0,0,0,3756,3729,0,0
1752,16,0,1,0,567,567,0,0
1760,-109,0,20,0,1047,1051,0,0
1762,18,0,-4.487,0,860,826,2,2
1773,388.4,-1,3,-7.126,1542,1479,0,0
1776,1,0,4,0,671,667,2,2
1777,0,0,0,0,35,35,0,0
1781,-7,0,0,-0.007,0,0,0,0
1783,-25.9,0,2,0,1340,1340,0,0
1784,-117,0,0,16.931,2019,2029,1,0
1785,-303.47,0,-155,148.027,40398,39005,937,920
1786,112,0,0,11.053,5882,5901,1,21
1788,,,,,0,0,0,0
1789,128,0,7,0,3230,3239,0,0
1795,-2220.595,4,-23,-19.892,9297,8996,0,0
1796,6,0,0,-0.002,328,330,0,0
1799,44,0,-7.151,0,0,0,0,0
1802,58273.782,22,924.221,1436.039,72887,70129,1796,1146
1805,31,0,3,0,1258,1302,0,0
1806,-86.2,0,4,0,2730,2730,0,0
1808,-369,0,1,0,5559,5512,0,0
1809,-219.75,0,3,0,6310,6433,36,40
1810,181,0,4.677,0,18191,18205,1,1
1813,5,0,0,0,46,46,0,0
1815,-8203.847,-1426.979,406,97.64,67154,66495,840,952
1817,9,0,0,0,17,17,0,0
1903,38.242,0,2.144,0,3192,3217,0,0
1904,-374,0,-6,0,2947,2751,5,4
1905,-384.885,0,48,0,19367,19092,0,0
1906,14,0,1.912,0,7129,7153,0,0
1907,391,0,14,0,24122,24156,0,0
1909,-281,0,-10,0,8577,8589,1,1
2002,34918.288,93.437,634,481.436,29481,30050,328,265
2006,-44,1,-74.946,-46.71,780,771,0,0
2007,103,0,4,0,183,183,0,0
2008,39,0,2,0,238,238,0,0
2009,-56.369,0,-33.503,4.774,5427,5166,21,30
2010,-2,0,4.118,0,1619,1553,0,0
2012,30,0,3,0,64,64,0,0
2013,-29,0,3.196,0.074,1454,1451,0,0
2014,1190.9,0,495,-19,2216,2224,0,0
2015,51,0,4,0,41,42,0,0
2017,-206,0,6,0,7019,7041,10,10
2020,-209,0,1.133,0,682,674,0,0
2022,-341,0,-1,0,875,829,0,0
2023,-157,0,48.999,0,3784,3758,3,3
2024,14,0,1,0,45,45,0,0
2025,36,0,3,0,0,0,0,0
2027,-2046.9,0,594.508,433.25,39962,40597,0,0
2028,118,0,3,0,891,893,0,0
2029,103,0,4,0,402,406,0,0
2030,275,0,0,0,2468,2471,1,0
2031,275,-2,14,0,1468,1436,3,3
2032,93,0,-1,0,2758,2750,0,0
2033,19,0,2,0,4225,4222,0,0
2034,154,0,11,-7.909,4593,4592,0,0
2035,,,,,0,0,0,0
2038,87,0,1,0,5094,5069,0,0
2049,-926.155,6,95.2,269.241,8552,5493,112,49
2059,-157.459,-53.64,2.734,19.809,573,541,4,4
2061,-25,0,0,-0.569,3503,3450,0,0
2062,209,0,11,0,2131,2109,1,6
2063,7,0,0,0,88,87,0,0
2064,-2,0,0,0,42,39,0,0
2065,2.997,0,-5,-0.39,584,569,3,3
2066,-8,0,0,0,3943,3992,0,0
2067,-2,0,0,-0.001,0,0,0,0
2069,-8,0,-12,0,617,600,0,0
2070,22,0,-7,0.005,1891,1888,0,0
2072,-181,50,0,0,,,,
2101,-170.717,0,47,-26,27514,27531,2,3
2102,-198,0,12,0,4599,4555,0,0
2103,1250,0,7.982,43.004,11510,11299,3,5
2104,1341,0,3,0,20638,20600,33,31
2105,86.421,-48.515,-11.009,-207.808,11033,11226,21,15
2106,269,0,10,0,2715,2717,28,28
2107,31,0,3,0,205,200,0,0
2108,258,0,5,0,2129,2143,10,6
2109,44,0,3,0,771,848,0,0
2114,3,0,1,0,68,68,0,0
2115,15,0,1,0,659,660,0,0
2201,847.44,0,127,0.373,11392,11419,33,27
2204,-368,-38.527,4.955,0,3951,3873,0,0
2206,-311,-1,6.981,-1,24050,24007,31,31
2207,111.874,-2.089,0.034,4.341,69,74,0,0
2208,52.062,-3,49.863,0,0,0,0,0
2211,7,-15.98,3.976,0,525,493,0,0
2221,-9,0,0,0,191,178,0,0
2227,40,0,3,0,,,,
2228,4,0,-2.327,0,2082,2089,3,3
2230,36,0,0,-5.182,4254,4269,5,5
2231,-107,0,-4,0,5790,5911,103,99
2233,122.85,0,1.256,52.719,6776,6696,13,12
2235,,,,,38,40,0,0
2236,-189,0,-2.048,0,12300,12087,32,29
2239,22,0,1,0,1557,1554,0,0
2241,67,0,-3.305,0,2599,2633,0,0
2243,34,0,3.967,0,327,316,0,0
2247,-14,-10,1,0,139,139,1,1
2248,5,0,0,0,134,130,1,1
2250,30,0,0.984,0,1296,1298,0,0
2254,2,0,0,0,2551,2539,0,0
2258,413,0,17,3.204,,,,
2301,5573.496,-850.513,25,79.988,16711,17406,93,86
2302,3,0,0,0,2545,2493,1,1
2303,-12751.197,-4018.428,301.332,-784.392,76274,77480,420,503
2305,-2606,0,-8.631,0,2579,3030,40,33
2308,-2178.418,-158.931,73.453,20.326,5020,4858,93,106
2312,3797,-477,73,-2.39,39965,39717,64,55
2313,-20541.586,-4222,-775.676,-366.173,37738,35343,481,963
2314,-11,0,0,0,0,0,0,0
2316,-5.2,-1,-0.175,255.665,6130,5366,167,77
2317,17772.411,-75.779,838,598.304,60516,61675,287,271
2321,,,,,0,0,0,0
2323,738,0,16,0.511,27912,27809,9,9
2324,13706.297,-5036.568,-103.148,462.373,34702,34349,242,210
2327,10187.93,3707.827,637.016,363.674,34367,35708,605,535
2328,973,0,35,15.88,19175,19158,13,15
2329,1524.83,0,-215.832,483.353,24683,27843,217,232
2330,18954.661,615.13,240.9,412.589,27299,28141,71,53
2331,192.98,0,3,0,10451,10434,12,13
2332,119,0,41.285,-0.581,21165,21011,23,22
2337,26657.32,3874,1016.004,548.215,143440,144607,950,560
2338,860,0,30.894,11.31,7184,7077,0,0
2340,1919.5,0,136.113,192.726,7218,6912,63,69
2342,207,0,2,0,3909,3944,19,14
2344,-4310.56,-2641.983,13.998,-49.178,128923,130858,2015,2107
2345,-142.455,195.543,-3.398,-14.488,1502,1632,26,25
2347,646.375,-49.028,171,-86.996,545,586,6,6
2348,-48,0,3,0.401,1761,1765,0,0
2348A,0,0,-3,0,,,,
2349,641.001,0,0,0,0,0,0,0
2351,-858.9,0,-23.93,2.331,12140,12479,1945,2389
2352,1287.05,0,7,24.632,13683,13663,7,6
2353,3164.021,-103.77,-76,305.358,28299,28637,39,29
2354,1667.249,-3,28,16.057,24469,24585,28,28
2355,724,-19.051,-132.694,-121.594,19121,19558,166,194
2356,6801.506,-2547.062,315,-183.425,23622,23752,74,71
2357,-728.812,-49.644,34,-35.596,2578,2616,25,23
2359,154.4,0,1.087,6.188,6119,6006,16,3
2360,-831.014,72.269,-10.536,28.02,1955,1954,7,14
2362,-10.059,0,5.933,0,2586,2543,8,8
2363,1678.85,-5,-3,95.999,18892,19166,49,47
2364,9,0,0,0,1010,990,1,1
2365,192,0,2.303,61.67,9871,9993,0,0
2367,-3887.131,0,-647.962,-65.329,37422,37794,0,0
2368,770.518,452.06,-61,-24.619,4788,5052,219,197
2369,104.754,0,8,35.763,14539,14668,122,162
2371,2192.412,-18,-329,-22.074,73417,71801,179,158
2373,32,0,2,1,55,55,0,0
2374,-175.71,0,3.856,61.735,18778,18637,55,59
2375,-1119,0,-21.028,68.787,5129,5053,36,49
2376,262.36,7.548,42.1,-5.872,9869,9203,117,121
2377,-957.867,4,2,-58.89,15254,15056,23,23
2379,499.027,-290.102,-4,-16.821,3263,3229,24,11
2380,-1,0,0,0,0,0,0,0
2382,2849.283,-709.567,155.648,-80.74,9139,9760,925,730
2383,490.562,-72.819,46.034,7.756,1843,1920,44,37
2385,-454.297,-27.422,-385.663,-37.557,2269,2221,1,0
2387,-308,0,-152,0,1811,1722,51,51
2388,2821.328,-1,79.96,-40.565,13616,14766,0,0
2390,-4,0,2,0,2400,2378,0,0
2392,296.57,0,6.491,7.442,5903,5907,10,14
2393,124,-227.472,45,-4.396,1676,1772,0,0
2395,841.529,-354.147,16,25.244,2057,2030,9,9
2397,8,0,1,0,1271,1274,2,1
2399,-1927,0,-21,0,9655,9613,0,0
2401,1959.001,-2,18.829,16.61,11784,11887,0,0
2402,8583.138,2337,-574.679,120.251,18764,22641,0,0
2404,-1292.37,-506,-14.141,-1.088,4007,3839,10,18
2405,458,0,3,0,8297,8505,2,2
2406,1768,0,8.494,0,14430,14687,1057,1048
2408,-41590.897,119.743,-2142.001,-715.478,114809,112312,1249,1318
2409,111487.654,-9.335,2625,7807.421,206312,186027,6299,3704
2412,2003.184,-1345.854,-13,67.687,557,581,11,11
2413,-44,0,1.119,0,5371,5771,0,0
2414,2,0,13,0,233,257,0,0
2415,16,0,-1,0,2364,2377,10,10
2417,361,0,49.126,0,4607,4546,6,6
2419,361,0,5,-116.581,7841,7871,72,116
2420,-80,0,2,0,566,559,0,0
2421,274.292,-1,4.853,34.803,7297,7426,23,22
2423,-77,-8,1,0,208,189,0,0
2424,-8,0,1,0,0,0,0,0
2425,-318.999,0,8.874,0,2081,2013,0,0
2426,-3043.99,0,691.091,0,19283,19405,2155,1108
2427,73,0,28,0,5587,5590,10,10
2428,-1176.585,0,-5.342,27.872,2601,2702,4,5
2429,77,0,-0.108,0,5153,5153,0,0
2430,18,0,2,0,34,34,0,0
2431,218,0,1,0,2814,2867,0,0
2432,17,0,2,-6,374,414,0,0
2433,14,0,1,0,9,9,0,0
2434,2,0,0,0,25,24,0,0
2436,-623,38,-3,101.6,5858,5417,16,16
2438,3,0,2,0,0,0,0,0
2439,47,-141.201,33.349,-6.022,2980,2944,0,0
2440,-17,0,5,0,60,48,0,0
2441,-3819,166,-140.228,-111.023,25684,26787,11,270
2442,-652,0,0,0,12079,12501,0,2
2444,64,0,3,0,0,0,0,0
2449,-717.56,-467.864,171.255,-104.236,13151,13064,261,277
2450,-11,0,5,0,89,89,0,0
2451,727.217,-1033.393,5.309,83.511,5114,5005,0,0
2453,-47,0,1,0,2558,2553,2,1
2454,121.19,143.063,3.2,138.761,7296,6674,29,11
2455,-1013.832,0,259,106.28,10174,10772,532,807
2457,-392,0,-49.803,21.869,12659,12570,23,16
2458,1413.404,-168.912,-165.781,142.721,4592,4508,34,38
2459,8,0,0,0,44,44,0,0
2460,-480,0,57,0,476,477,0,0
2461,42,0,1,0,3201,3327,9,14
2462,47,0,1.06,0,1958,1971,0,0
2464,821.95,0,-76.997,409.083,8438,8113,88,44
2465,-242.216,0,-19,0,423,263,0,0
2466,76,0,-4.045,0,5232,5552,60,52
2467,-21.266,111,-52.081,-25.704,3265,3280,1349,1066
2468,-29,0,1,0,3540,3526,6,6
2471,-47,0,3,0,1435,1437,0,0
2472,101,0,-7.979,115,7978,8207,56,52
2474,611.419,-215.021,-27,53.672,2079,1598,21,18
2476,1665,0,-30.328,99.55,16757,15884,46,11
2477,59,0,2,0,1456,1471,0,0
2478,679,-1,2,73.468,2441,2452,2,2
2480,-136,-1,0.379,0,456,470,0,0
2481,-1052.888,-1376,-99.059,-91.111,13397,13526,0,0
2482,37,0,1,0,1833,1840,0,0
2483,28,0,2,0,319,320,0,0
2484,-119.1,0,-36.71,0,10434,10684,30,34
2485,-5447.101,12,-1578.384,-41.459,18760,19745,2810,1589
2486,1543.907,38,-19.159,-27.827,21130,21427,948,541
2488,84,0,1,0,620,620,0,0
2489,-8838.875,0,-1239.43,-675.643,58901,62756,2039,1206
2491,13,0,1,0,1536,1518,17,17
2492,7323.24,8,253.226,102.782,11428,12862,99,38
2493,1020.043,0,-12.272,-9.309,8241,8094,24,14
2495,1291.133,0,32.578,162.215,10123,9227,287,65
2496,1,0,0,0,117,120,0,0
2497,649,0,4.972,7,2451,2310,0,0
2498,1669.2,-2,23.79,27.624,30397,30431,0,0
2501,1880.9,24,4,0,5739,5803,2,2
2504,-1455,-46.072,-69,0,3314,3320,0,0
2505,-55,0,3,0,2408,2410,0,0
2506,88,0,9,0,2020,2027,0,0
2509,57,0,2,0,662,658,0,0
2511,339,0,25,0,3419,3362,0,0
2514,87,0,2.996,0,15223,15216,0,0
2515,-682,0,28.613,0,28163,27899,57,55
2516,58,0,2,0,0,0,0,0
2520,290,-4,9.216,0.927,4494,4508,29,29
2524,48,0,3,0,3272,3286,13,13
2527,366,-0.323,-2.647,0,3075,3058,0,0
2528,59.83,-12,3,0,4967,4770,41,42
2530,180,0,15,110,4422,4413,3,4
2534,-72.93,0,3.809,0,12379,12353,0,0
2535,84,0,1,0,350,382,1,1
2536,30,0,9,0,7189,7192,0,0
2537,-27,0,0,0,3568,3574,0,0
2538,119.003,0,10,0,2653,2851,0,0
2539,-40.616,-1,11.051,-2.625,2830,2834,0,0
2540,481,0,3,0,2949,3005,33,33
2542,-3252.9,-228,82,-34.875,8656,8439,0,0
2543,-18,0,4,-3.386,14180,14212,0,0
2545,72,0,3,0,2690,2720,0,0
2546,-2.001,0,2,0,76,76,0,0
2547,-165,-7,47,0,17557,17750,0,0
2548,580,0,-66.839,4.5,1319,1315,9,9
2596,-43,0,0,0,1833,1836,0,0
2597,-166.336,-2,1.999,0,507,500,11,10
2601,299,0,5,0,1670,1699,0,0
2603,3164.286,-579.346,26,-85.429,13786,13803,18,21
2605,151.762,0,-179.993,-262.312,13942,13676,93,115
2606,-336.555,-11.554,12.418,15.093,4066,3947,9,9
2607,103.5,0,5,0,735,824,1,0
2608,31,0,7,-0.032,1246,1235,0,0
2609,-5089.83,-164.242,-152.357,-32.949,35764,35703,125,127
2610,-848,750,-476,908.29,49828,50362,2146,2730
2611,58,0,2,0,2236,2252,17,26
2612,-16.156,0,2,-1.948,2154,2124,0,0
2613,40,0,13,0,2321,2324,3,3
2614,-134,0,17.412,0,6203,6225,2,2
2615,146.073,-119.198,-30,-124.178,23467,23405,182,184
2616,-32.999,0,0.318,0,523,530,0,0
2617,137,-259,12.749,0.048,2040,1971,1,0
2618,2709.084,-1509.662,-24,-269.976,38806,38940,240,214
2630,201,0,2,52.429,6270,6320,0,0
2633,-664,-10,22.685,20.255,2490,2463,1,2
2634,24,-3,4,4.504,22024,21954,32,48
2636,11,0,6.933,0,817,809,0,0
2637,-132.985,0.355,6.028,-13.338,4919,4787,52,52
2640,-27,0,-2.074,0,468,476,0,0
2641,131.972,0,-7,0,10044,10064,23,23
2642,15.2,0,0,0,524,525,3,0
2643,-14,0,0,0,86,86,0,0
2645,179,-4,0.692,3.351,3520,3571,2,2
2646,958.008,0,-164,-1,3032,3042,31,32
2701,56,0,4,0,1216,1255,0,0
2702,73,0,3,0,399,398,9,7
2704,-1,0,3,0,240,279,0,0
2705,8,0,-1,0,441,461,1,2
2706,109,0,4,0,974,976,0,0
2707,-53,0,2.861,0.585,161,145,0,0
2712,10,0,0,0,56,60,0,0
2718,-2,0,0,0,324,323,0,0
2719,2,0,0,-40,78,73,0,0
2722,10,0,-1,0,390,376,0,0
2723,-80.954,0,2.189,0,2578,2589,4,5
2724,0,0,-0.019,0,0,0,0,0
2726,-7,0,0,0,401,387,0,0
2727,-131,0,1.876,0,510,509,0,0
2729,-2,0,0,0,68,68,0,0
2731,-854,1,-0.13,-2,1128,1241,22,22
2732,-11,0,0,0,188,188,0,0
2734,-83,0,-5,-6.628,548,520,1,4
2736,-42,0,3,-1.94,620,750,0,0
2739,-65,0,-8,0,1014,963,18,1
2743,-59,0,-1,-8.448,1009,881,17,15
2745,-100,0,0,-0.045,1252,1293,0,0
2748,-51,0,-20.257,0,1337,1294,1,6
2751,4,0,0,0,5,5,0,0
2752,0,0,0,0,,,,
2753,-37,0,5,0,975,941,0,0
2754,2,0,0,0,169,169,0,1
2755,-4,0,0,0,77,77,1,1
2756,4,0,0,0,190,189,0,0
2762,8,0,1.03,0,141,142,0,0
2801,3483.277,-1251,170,88,10813,10914,0,0
2812,-7718.6,-16,56,-5.474,5311,5272,0,0
2816,-139,0,4,0,308,302,0,0
2820,496.5,32,26,0,870,828,0,0
2832,-18,0,-6,-1,384,384,0,0
2834,5194.963,-33,91,13,5102,5349,0,0
2836,-201,0,17,0,4424,4424,3,3
2838,258,0,34,0,626,615,4,4
2845,2971,-24,406,141,5913,5989,34,34
2849,236,0,17,0,85,85,0,0
2850,152,4,2,0,165,164,0,0
2851,-233,16,252,0,1017,1081,15,0
2852,90,-10.127,3,0,355,358,0,0
2855,2155.03,-2,0,0,4874,4972,37,37
2867,12894,0,591,-165,0,0,0,0
2880,9617.924,-829.967,-4.667,-586.105,548,532,0,0
2881,3646.039,-2809.096,3,162.755,7384,7534,7,5
2881B,2,0,1,0,,,,
2881C,9,0,0,0,,,,
2882,1628.611,-2789.752,256,175.265,4640,4715,60,60
2882A,-1,0,0,0,,,,
2883,-25200.139,-390.752,102.201,-491.171,14056,10649,20,10
2883B,-306,0,80,0,,,,
2884,12433,-1454.303,-16,-419.693,3473,3555,5,4
2885,8350.032,-4113.976,23.75,-136.377,1383,1458,1,0
2886,1120.544,-1606.505,4,-323.785,1149,1123,0,0
2887,16133.734,-4764.242,174,-358.084,48353,48703,6,0
2887E,-15,0,0,0,,,,
2887G,0.223,0,0,0,,,,
2887H,-16,0,0,0,,,,
2887I,-700.7,0,0,0,,,,
2889,-51,0,33.171,23,1053,1042,11,11
2890,13676.723,-2322.065,3,-383.576,1621,1496,18,14
2891,-7777.216,-4958.675,44,-331.463,3822,3483,27,25
2891B,0,0,2,0,,,,
2891C,0,0,2,0,,,,
2892,1607.5,-1055.365,3,137.71,9055,9069,0,0
2897,912,53,26,0,2786,2677,1,1
2901,11,0,0,0,563,563,0,0
2903,-275,24,13,0,1669,1674,0,0
2904,19,0,0,0,20,20,0,0
2905,511,0,17.016,0,8972,9003,0,0
2906,53,0,2,0,524,539,0,0
2908,71,0,4,0,12921,12827,0,0
2910,23,0,1,0,3,3,0,0
2911,0,0,0.274,0,0,0,0,0
2912,348.191,-127,-18,8.086,646,665,3,3
2913,905,0,8,0,6616,6593,0,0
2915,-654,-809,8.465,2,8445,8370,44,41
2916,0,0,0,0,342,347,0,0
2923,232,0,7.002,0,,,,
2924,,,,,5,5,0,0
2926,,,,,3,3,0,0
2929,21,0,1,0,1305,1293,0,0
2937,0,0,0,0,,,,
2939,3,0,1.001,0,346,346,0,0
2941,1,0,0,0,,,,
2945,5,0,1,0,,,,
2949,1,0,0,0,,,,
3002,63,0,1.178,0,2626,2601,13,11
3003,-336,0,-8.374,0,3357,3347,4,3
3004,-85.581,0,1,-0.174,2404,2407,0,1
3005,-463.8,-335,-215.434,14.452,3904,3826,38,41
3006,-452.746,-3,-205.1,84.651,20216,20273,170,175
3008,737.814,-154.031,20,206.281,1042,836,8,3
3010,-667,-0.5,5.467,-8.296,1506,1473,3,5
3011,149,0,1,0,4951,4846,11,11
3013,11.01,0,2,30.054,12516,12613,3,2
3014,118,-6.885,1,0,2458,2475,0,0
3015,70,-7.68,2,0,1535,1535,0,0
3016,905,0,12.917,122.176,4537,4286,43,22
3017,663.682,63.343,39,25.203,3521,3546,33,17
3018,,,,,6,6,0,0
3019,-99,0,8.545,81.878,13083,12885,82,56
3021,-26,0,-3,0,843,844,0,0
3022,132.99,-1,2,28.424,4322,4403,1,1
3023,265,-145,-0.193,-17.033,1732,1725,13,14
3024,-367,0,2,0,9649,9391,0,0
3025,-66,0,4.542,0,2795,2798,7,14
3026,-258.722,-1,95,-49.032,18082,14200,333,390
3027,79,0,1,0,4830,4828,26,26
3028,1279.1,0,12.374,127.847,3044,2979,17,1
3029,196.395,0,-91,2.139,3033,3022,13,15
3030,-391.841,-1,-15.084,-52.975,9701,9764,165,169
3031,-1524,0,-23.806,0,6476,6331,369,531
3032,-153.222,0,0.214,1,6511,6467,20,20
3033,1715,-3.115,-190,41.563,4588,4467,0,0
3034,590.721,-137.285,9.4,15.702,4019,4108,9,8
3035,91,0,10.356,8.419,15774,15692,57,52
3036,3591.808,-3572.473,58,42.159,3840,3799,1192,1209
3037,1312.076,-2224,1082.161,433.392,35232,35843,229,430
3038,168,-0.479,12.477,0,1570,1364,4,0
3040,38,0,1,0,13830,13738,21,17
3041,-117,0,1.099,0,3033,3023,17,17
3042,-1959.831,-171,-47.576,658.636,15289,11799,118,149
3043,9,0,3,0,1362,1359,0,0
3044,842.362,-110.755,58.806,9.107,6207,6226,16,15
3045,4502.168,-149.467,-15,-142.257,564,565,66,68
3046,7,0,1,0,1062,1064,7,7
3047,108,0,2.431,0,7351,7361,0,0
3048,-195.454,0,-5.55,89.96,5829,6094,27,17
3049,536.5,0,16,-6.275,88,88,0,0
3050,161,0,1,0,3917,3860,0,0
3051,401,0,2,0,2777,2761,1,1
3052,-25,0,4,0,1522,1521,0,0
3054,-28.942,0,1.6,0,977,957,4,6
3055,-7,0,1.008,0.212,5289,5308,6,13
3056,197,0,2,0.445,4714,4737,34,34
3057,40.912,0,0.351,0,0,0,0,0
3058,-153,0,2,0,25,25,0,0
3059,277,0,0.81,1.248,11987,12103,33,29
3060,426.001,0,6.423,0,6812,6826,0,0
3062,-1172.101,0,3.045,-215.206,12967,13305,279,294
3064,,,,,0,0,0,0
3066,-166,0,0,-0.206,650,593,0,0
3067,0,0,0,0,,,,
3071,-180,0,0,0.299,3458,3386,0,0
3073,42,0,0,-0.165,799,785,6,0
3078,-111,-6,2,-1.497,6331,6321,14,14
3081,-508.379,-409.225,37.654,66.68,4143,3984,153,206
3083,8,0,0,-0.947,1285,1283,0,0
3085,,,,,0,0,0,0
3086,,,,,1012,1012,0,0
3088,-364.5,0,-1,-0.868,3245,3192,2,6
3090,2566.1,-5.454,1.804,149.5,6471,6320,25,22
3092,79.875,0,12.942,0,2701,2731,16,9
3093,-133,0,40,3.006,8741,9959,0,0
3094,-13,0,0.82,0,1800,1797,1,1
3095,-2,0,0,0,28,27,0,0
3105,-1057.116,125.105,-415.258,59.306,39645,40542,1277,1126
3114,-5,0,0,0,379,370,0,0
3115,0,0,0.003,0,,,,
3118,1,0,0,0,26,27,0,0
3122,-2,0,0,0.007,324,324,0,0
3128,8,0,0,0.235,2000,2009,1,0
3130,-15,0,0,0,4,4,0,0
3131,-242.664,-10,-14.782,-5.244,554,567,0,0
3135,75.8,0,33.291,25,,,,
3138,-172.492,0,0.969,0,4026,4062,78,91
3141,40,0,0,0.546,3958,3940,8,6
3147,10,0,0,-0.012,1385,1390,0,2
3149,908.543,0,0.502,0,27858,28089,17,13
3150,8,0,0,0.988,155,144,0,0
3152,91,0,-6,24.931,1665,1674,5,5
3158,-1,0,0,0,,,,
3162,-247.16,0,0,0,5992,5979,46,37
3163,153.178,-55,-31.179,26.5,6070,6305,0,0
3164,6,0,2,0,284,284,0,0
3167,203.976,15,-12,-3,9211,9458,577,620
3168,11,0,0,0,23,35,0,0
3169,90,0,0,0.655,981,985,0,0
3171,-65,0,0,0,289,306,0,0
3176,-104,0,0,0.501,524,554,0,0
3178,41,0,0,0,1036,1013,2,2
3188,-22,0,0,-0.718,1850,1778,65,70
3189,3093.474,-2023.114,129,91.675,18562,18734,136,106
3191,0,0,0.002,0,0,0,0,0
3205,190,0,0,0,1434,1462,39,39
3206,128,0,0,-1,699,682,1,1
3207,-31,0,0,10.042,6810,6808,8,8
3209,-144,-1.48,7.862,7.149,4789,4392,2,2
3211,-413.606,-2279.238,-62.566,-2.35,6179,5610,14,13
3213,31.925,0,0,0.507,2162,2184,1,1
3217,-54,8,20,0.712,1849,1844,0,0
3218,16,0,0,-0.836,658,663,0,0
3219,-38,0,0,-0.808,1091,1082,9,9
3221,665.9,0,135,8.974,3959,3740,82,171
3224,23,0,0,0,8841,8841,1,1
3226,-1,0,0,0,9,9,0,0
3227,179.173,2.574,-4,10.743,4110,4142,5,6
3228,66,0,0,0.33,0,0,0,0
3229,-282,0,77.185,0,0,0,0,0
3230,18,0,0,-0.175,6252,6247,3,3
3231,11633.002,-820.784,224.363,-79.908,54616,54666,328,314
3232,1,0,0,0,2769,2768,0,0
3234,-681.566,0,6,-1.183,0,0,0,0
3236,605,0,-4,-20.095,3789,4225,25,56
3252,0,0,0,0,12374,12376,0,0
3257,62,0,1,0,2602,2573,4,4
3259,-1,0,0,0,0,0,0,0
3260,3859.471,64.716,66.095,10.269,17862,18882,710,947
3264,-2809.564,241.864,-296.123,-5.648,15605,15863,84,114
3265,-1776.45,0,0,-233.466,3730,4107,36,35
3266,58,0,4,0,519,520,0,0
3268,-93,0,0,0.386,903,973,1,1
3272,20,0,0,0,1015,1010,20,20
3276,-44,0,0,0,850,864,0,0
3284,-36,0,0,0,1040,1047,0,0
3285,1,0,0,0,149,152,0,0
3287,6,0,0,-0.1,2071,2073,0,0
3288,0,0,0,-0.048,0,0,0,0
3289,471,0,8,98.932,11134,11259,45,28
3290,1018,0,23,-3.395,9118,9181,16,5
3293,57.299,-224,2.8,-30.288,3316,3333,3,6
3294,-16,0,0,1.492,7446,7420,56,53
3296,14,0,-1,0,1806,1805,0,0
3297,-94,0,0,0.574,1169,1176,9,12
3303,-24,0,0,-0.065,1183,1178,0,0
3305,-493,0,1,-172.544,8584,8859,54,62
3306,33,0,0,0,1062,1065,0,0
3308,-15,0,0.22,0,617,613,4,3
3310,2,0,0,0,2856,2850,2,2
3311,-52,0,-3.662,0,3253,3210,0,0
3312,-75.079,0,1.726,0,5812,5699,0,0
3313,5,0,0,-0.718,1503,1503,0,0
3317,-91,0,0,-1.254,3141,3238,18,18
3321,28,0,3,0,0,0,0,0
3322,77.262,0,0,0,10885,10862,0,0
3323,-38.94,0,0,0.61,6430,6425,66,66
3324,1205.493,-60.454,-36.213,61.118,6382,6512,137,141
3325,-209,0,0,-0.618,1227,1244,0,0
3332,-5,0,0,0,198,190,0,0
3338,-87,0,2.636,0,3361,3245,3,1
3339,-186.6,0,0,-13.128,5812,5828,0,0
3346,191,0,4,0,3043,2991,0,0
3349,27,0,0,0,,,,
3354,0,0,0,-0.16,1469,1545,24,29
3356,8,0,3.172,0,2100,2143,1,0
3357,568.088,0,-1,4.121,2868,2899,22,18
3360,-33,0,0,0.776,2783,2799,10,10
3362,-597,0,18,6.492,4854,4841,22,16
3363,-166.441,-2,-3,-14.251,6500,6497,119,99
3372,-220,0,0,-0.001,11,11,0,0
3373,0,0,0,0,890,889,2,2
3374,1719,-39.084,-23,204.839,8682,9026,227,29
3376,-579.775,35,-65.166,-3.334,13499,13843,15,9
3379,11,0,0,0.518,2353,2382,62,67
3380,-1226.705,0,51.798,17.485,6251,6081,20,38
3388,-34,0,0,-0.502,573,425,0,1
3390,296,0,0,-4.669,3316,3658,0,0
3402,61.8,0,0,-0.24,1600,1622,0,0
3406,1320.344,577,58.45,80.041,2246,2055,31,26
3413,131,-75,51,21.858,4196,3877,7,7
3416,-31,0,90.925,27.037,1152,1219,9,8
3419,163,0,0,0,1703,1721,0,0
3430,-231,0,0,-9.787,2059,2164,7,0
3432,2,0,1,0,0,0,0,0
3434,23,0,0,0.148,1881,1882,0,0
3437,-263,0,3,0,3443,2952,43,45
3438,84,0,0,0,934,951,1,1
3441,-311,0,0,0.001,1235,1175,8,8
3443,187.533,135.399,11.9,-0.584,2972,2720,162,98
3444,294,0,0,-0.274,952,876,0,0
3447,48,0,1,0,2805,2812,1,1
3450,2630.28,793,-507.859,-191.165,14535,15234,385,388
3455,-70.955,0,35,0.158,4095,4062,136,156
3465,1,0,0,0,509,497,0,0
3466,50.63,0,0,-0.142,11397,11431,0,0
3467,-21,0,1.693,0,272,234,0,0
3479,8,0,0,-0.218,1055,1005,1,1
3481,79239.813,2705.385,1370,2261.349,319832,321867,8350,3769
3483,-216.36,0,0,111.009,4872,4616,13,10
3484,-15,0,0,-0.279,1785,1767,6,16
3489,-35,0,0,0,1760,1707,0,0
3490,-355,0,-5,0.47,1998,2060,11,4
3491,-159.405,-30.741,-48.04,-3.137,3114,3124,49,57
3492,1,0,0,0,728,724,0,0
3494,16,0,0,0,0,0,0,0
3498,-428,0,0,128.499,3599,3496,29,32
3499,7.001,0,0,-0.535,0,0,0,0
3501,39,0,1.152,0,872,872,0,0
3504,-339,0,-1.475,0,1804,1759,22,13
3508,-12,0,0,0,0,0,0,0
3511,46,0,0,0.163,2289,2274,0,0
3512,5,0,0,0,482,482,0,0
3515,-34,0,1,2.249,2403,2389,14,14
3516,-1,0,0,0,8689,8607,0,0
3518,112,0,1,0,2572,2571,5,5
3520,-39,0,0,0,2464,2441,0,0
3521,-3,0,0,0.083,1140,1092,0,0
3522,-10,0,0,0.008,0,0,0,0
3523,-7,0,0,0,0,0,0,0
3526,-71,0,14,-1.588,864,863,0,0
3527,92,0,0,0.746,1161,1135,0,0
3528,94,0,4.337,0,1513,1526,0,0
3529,-55.087,254.519,-10.14,-13.137,1395,1390,13,10
3530,6,0,3,0,1291,1281,0,0
3531,,,,,81,81,0,0
3532,1335.724,831,-27.667,-112.423,4351,5755,74,121
3533,-14.527,-37,-4,-3.054,818,817,0,0
3535,-817.3,0,2.001,0,7313,7642,246,296
3537,-20,0,0,-0.874,917,918,0,2
3540,-94,0,0,-0.131,1057,1036,0,0
3541,5,0,0,0.006,424,424,0,0
3543,-246,0,-0.206,3,10294,10281,43,63
3545,317,-1,2,2.357,4942,5162,34,35
3546,21.783,0,0,2.434,2321,2323,3,3
3548,-13,0,0,88.113,3834,4305,0,0
3550,572.001,0,1.717,0,12927,12886,0,0
3551,624,-60,0,87.454,1983,1928,10,7
3552,13.88,0,-8,-0.044,1546,1570,12,18
3555,-117.94,0,-4.729,0,1018,1013,7,7
3556,-127,0,7,-0.1,435,469,0,0
3557,-1,0,0,0,416,421,0,0
3558,54,0,0,1.096,1711,1700,1,6
3563,-562.7,-26,-49,-17.704,7934,7790,28,28
3564,94,0,0,0,775,850,0,0
3567,-1,0,0,0,705,696,0,0
3570,2,0,0,0,41,39,0,0
3576,2874.16,0,17,0,0,0,0,0
3577,-38,0,2,1.497,1535,1554,0,0
3580,-322.15,0,3,-0.555,2909,2936,8,16
3581,-39,0,-1,14.01,2975,2853,29,26
3583,31.17,0,-9.6,19.915,2355,2331,611,631
3587,-93.156,-12,-71.876,-94.284,3751,3968,0,0
3588,210,0,-0.284,0,1187,1242,16,16
3591,364,0,1.401,0,19018,19030,12,12
3592,-81,-2.277,1,-10.134,995,992,1,1
3593,2,0,0,0,0,0,0,0
3594,54,0,0,-0.592,4642,4616,26,26
3596,-208.926,2,-220.609,3.617,1015,983,18,18
3597,-2,0,0,0,1282,1278,0,0
3605,136,0,2,57.073,7178,7322,13,16
3607,96,0,1,0,2677,2606,0,0
3609,5,0,0,0,1292,1298,0,0
3611,-14,0,0,0,160,150,0,0
3615,290,0,0,-0.754,4764,4726,22,18
3617,62.623,0,0,-0.099,1828,1814,0,0
3622,-67,-1,0.889,0.098,1787,1801,0,0
3623,9,0,0,0.85,497,497,0,0
3624,641,0,0,-6.636,4479,4802,0,0
3625,115,0,0,-0.033,0,0,0,0
3628,-6.043,0,0,1.221,1494,1491,1,2
3630,-124,0,0,-0.108,3445,3420,0,0
3631,-35,0,0,0,745,737,0,0
3632,,,,,0,0,0,0
3645,1822.05,0,-119.39,-108.038,12140,11472,358,760
3646,5,0,0,0,1147,1137,0,0
3652,12,0,0,0,946,945,0,0
3653,-168.339,-6.827,-1.7,6.488,1855,1841,4,5
3661,395.774,85.485,-13.6,26.54,5781,5882,48,52
3663,224,0,0,-58.788,4218,4409,0,0
3664,-20,0,0,0,0,0,0,0
3665,-467.493,346.071,-9.205,5.342,2799,2785,58,72
3666,-28,0,0,0,822,821,0,0
3669,-104,0,9.895,0,1037,1062,3,3
3672,,,,,0,0,0,0
3673,381,0,31.575,182.718,18768,16569,380,365
3675,20.45,0,0,-0.693,1492,1481,11,11
3679,9,0,0,0,139,136,0,0
3680,-429.999,-413.337,74.364,85.874,2122,2016,8,9
3684,27,0,0,0.001,432,429,0,0
3685,45,0,0.123,0,65,65,0,0
3686,39,0,1,0,0,0,0,0
3687,-9,0,0,-0.349,1109,1192,0,0
3689,958,0,-90,-185.045,7250,7773,123,122
3691,211,0,2,3.35,2924,2177,56,10
3693,54.012,29,105.387,-37.13,6837,6717,57,84
3694,-218,0,1.874,-8.547,6758,6469,0,0
3701,1033,0,14.26,0,9290,7556,41,39
3702,7967.548,-4753,-452,133.932,4536,4226,857,580
3703,61,0,6,0,1271,1277,0,0
3704,770,-1,9,0,7115,7376,0,0
3705,-63,0,1.826,0.889,471,469,0,0
3706,1585.02,-2,-35,104.212,35122,35385,106,182
3707,989,0,0,39.09,12765,12962,54,9
3708,-13,0,0,-3,5085,5085,253,252
3709,3087.995,0,0,-92.918,7094,7237,30,20
3710,-4,0,0,0,0,0,0,0
3711,-2525.747,288.642,24.19,-185.733,4933,5330,340,376
3712,353,0,2.393,0,2869,2978,5,14
3713,13,0,2.177,0,,,,
3714,-366,0,27.939,0,26537,25953,810,730
3715,-2983.954,-99,40,-102.472,35248,34844,475,495
3716,-74,0,3.32,0,722,715,0,0
3717,147,0,6,0,8253,8725,413,434
4102,8,0,0,0,188,188,0,0
4104,-42.415,0,5,0,127,126,0,0
4105,-334,0,-20,-0.634,790,781,0,0
4106,12.975,0,0.75,0,438,439,0,0
4107,-10,0,0,0,240,269,0,0
4108,6.92,0,1,0,0,0,0,0
4109,-45,0,0,0.519,3786,3775,0,0
4111,0,0,0,0,814,804,0,0
4113,-37,0,0,0,10663,10614,1,2
4114,-134,0,0,0,2647,2698,1,1
4116,-1,0,0,0,219,219,0,0
4119,-11,0,1,-0.02,515,514,0,0
4120,-1.05,0,0,0,606,606,0,0
4121,-8,0,0,0,5361,5371,13,13
4123,-162.498,5,87.51,1.677,12935,12891,140,113
4126,-17,0,0,0,773,773,0,0
4127,-5,0,-0.018,0,474,465,3,4
4128,-118.15,0,0,0,7378,7357,60,60
4129,41,0,0,-0.072,1367,1346,0,0
4130,-170,0,0,2.396,3071,3019,35,37
4131,2,0,0,0,,,,
4133,5,0,1,0,969,969,0,0
4137,4.819,0,1,0,1033,1033,0,0
4138,0,0,0,0,37,34,0,0
4139,1,0,0.002,0,1311,1311,0,0
4142,-472,0,7.308,0,6488,6261,0,0
4147,-501,0,0.102,-0.002,8799,8789,23,23
4148,7,0,1,0,606,606,0,0
4153,-4,0,0,0,260,257,0,0
4155,2.956,0,2,0,718,713,0,0
4157,513.83,0,0,-0.482,8040,8038,28,43
4160,-3.022,0,0,0,126,124,0,0
4161,-6,0,0,0.004,858,850,0,0
4162,-66,0,0,-0.964,3040,3033,2,2
4163,-10,0,0,0,86,65,0,0
4164,-196,0,1.637,0,7151,7149,0,0
4166,44,0,0,0,143,128,0,0
4167,-497.999,0,0,2.982,10871,10872,0,0
4168,18,0,0,0.903,244,246,0,0
4169,-20,0,0,0,,,,
4171,6,0,0,0.252,837,834,0,0
4173,-19,0,0,0,471,471,0,0
4174,86,0,0,0,957,947,0,0
4175,0,0,0,0,31,31,0,0
4188,-4,0,0,0,,,,
4190,11,0,1,0,329,329,0,0
4192,-0.002,0,0,0,,,,
4205,0,0,0,0,4,4,0,0
4207,-66,0,0,0,794,821,0,0
4303,-158,0,0,-0.228,8720,8701,31,31
4304,3,0,0.001,0,0,0,0,0
4305,,,,,1,1,0,0
4306,370,0,37,0,3636,3818,0,0
4401,0,0,0,0,878,878,0,0
4402,4,0,0,0,,,,
4406,-1,0,0,0,368,368,0,0
4413,,,,,380,379,0,0
4414,7,0,0,0,672,676,7,7
4416,0,0,0,0,254,257,20,20
4417,-67,0,0,0,228,227,0,0
4420,-27,0,0,0,156,157,0,0
4426,67,0,1,0,1269,1269,0,0
4430,,,,,113,113,0,0
4432,-3,0,0,0,376,376,0,0
4433,-1,0,0,0,167,167,0,0
4438,50,0,-0.017,0,670,662,0,0
4439,0,0,1,0,271,271,0,0
4440,10,0,1,0,174,172,0,0
4441,3,0,1,0,86,85,0,0
4442,-2,0,0,0,28,46,2,2
4502,5,0,0,0,856,856,0,0
4503,-63.8,0,0,0,2320,2323,77,77
4506,20,0,0,0,3,2,0,0
4510,-52,0,0,32.864,6743,6498,227,79
4513,29,0,0,0.885,2342,2327,0,0
4523,-47,0,0,-0.09,1477,1508,0,0
4526,-84.999,0,2,-11.347,7304,7390,0,0
4527,0,0,0,-3,173,173,0,0
4528,2,0,0,0,127,126,0,0
4529,,,,,0,0,0,0
4530,-2,0,0,0,3,3,0,0
4532,-723,-16.897,-65.953,-8.218,2923,2882,0,0
4533,86,0,0,90.96,8838,8594,144,99
4534,-428,0,0,-0.454,0,0,0,0
4535,,,,,129,129,0,0
4536,78,-44,0.333,0,535,558,0,0
4538,-1,0,0,0,392,385,0,0
4540,2435,0,8.884,0,5950,5320,72,58
4541,127,0,-3,0.768,4161,4173,12,11
4542,-54.896,0,0,0.127,4733,4735,197,187
4543,162,0,0,-0.367,920,895,7,3
4545,-5,0,1,0,1167,1174,0,0
4549,14,0,0,-0.415,1021,1026,10,10
4550,0,0,0,0,139,139,0,0
4551,15,0,23,12.878,2253,2304,3,3
4552,47,0,0,0,1969,1970,0,0
4554,-3,0,-1,0,48,35,0,0
4555,-495,0,0.194,0,2358,2296,7,7
4556,11,0,0,0,648,649,0,0
4557,15,0,2,0,520,523,0,0
4558,-9,0,0,-0.943,395,391,0,0
4560,19,0,1,0,267,271,0,0
4561,39,0,0,0.032,1555,1488,0,0
4562,-12,0,7.652,0,2571,2562,26,22
4563,29,0,0,-2.085,1151,1151,0,0
4564,2,0,5,0,12620,12572,30,40
4566,696,0,-0.306,-3.088,6111,6031,59,48
4568,0,0,0,0,56,56,0,0
4569,43,0,-1.533,0,714,737,0,0
4571,-13,0,2,1,1401,1374,0,1
4572,9,0,0,0,321,320,0,0
4576,-10.662,0,36.121,121.782,5926,4738,321,325
4577,-17,0,-10,-65.863,2182,2418,101,111
4580,-5,0,0,0,132,131,0,0
4581,8,0,0,0,67,67,0,0
4583,-54.732,0,6,1.817,3267,3171,24,24
4585,57.86,0,21.023,13.987,102,61,0,0
4588,-19,0,0.004,0,390,377,0,0
4590,11,0,0,-0.406,,,,
4609,,,,,0,0,0,0
4702,2,0,0,0,1941,1981,0,0
4706,,,,,128,117,0,0
4707,380,0,0,1.44,5258,5172,3,2
4711,13,0,0,0,217,212,0,0
4714,164,0,0,-0.066,7074,7048,10,10
4716,96,0,0,-6.491,9913,9982,90,90
4720,-1002,-0.501,53,0,4220,3699,3,5
4721,86,0,0,-37.259,1932,2013,2,3
4722,466,0,-45.735,98.137,14431,14030,47,41
4726,-8,0,0,0.773,464,464,0,0
4728,,,,,1815,1815,0,0
4729,14,0,0,0.821,2128,2151,0,0
4735,1,0,0,0,229,229,0,0
4736,18,0,2,0,253,254,0,0
4737,23,0,3,-2,986,982,0,0
4739,443.1,0,-2,-84.048,4082,4152,49,30
4741,16,0,0,0,1627,1757,90,139
4743,19.05,0,0,0.161,12154,12104,65,75
4744,-103,0,-2,-0.843,3784,3935,4,4
4745,-425,0,0,0,599,604,0,0
4746,-169,0,5,-1.359,2267,2241,1,1
4747,-1,0,0,0,1425,1424,0,0
4749,-230.947,9.156,13.548,-24.518,3665,3631,16,10
4754,-1,0,0,0,103,103,0,0
4755,-31,0,1,0,1710,1765,2,2
4760,-15.985,0,2,-17.678,1548,1660,22,21
4763,267.453,-403,7,33.112,43664,43469,117,119
4764,-14,0,234.299,0.1,6619,6461,158,153
4766,-264,0,-30.25,3.707,1373,1437,10,12
4767,4,0,0,0,13,15,0,0
4768,-828.85,0,0,-1.528,4671,4421,37,44
4770,-38,0,0.971,-1.915,1330,1332,0,0
4771,0,0,2,0,466,469,0,0
4772,-238.1,-40,6,-26.278,3804,3759,14,14
4804,,,,,0,0,0,0
4806,,,,,0,0,0,0
4807,11,0,-21,0,463,487,0,0
4903,-356,0,0,0.275,5540,5646,60,87
4904,986.057,-785.791,66,114.933,79,77,0,0
4905,1.026,0,0,0,67,68,1,0
4906,-4242.74,-17.076,-725.854,-620.867,31064,33261,1892,1988
4907,-9,0,0,0,324,319,0,0
4908,1171.223,0,2,-14.503,4769,5218,110,226
4909,1583,0,0,19.431,6484,6191,317,319
4911,3,0,0,0,189,189,0,0
4912,114,0,1,0,3788,3817,0,0
4915,-675,-272.44,2.59,-1,3011,2929,12,12
4916,-121.07,0,0.968,-11.343,10172,10125,14,13
4919,6039.873,-1,-20.921,91.724,17378,14315,524,339
4923,-4,0,0,0,495,493,97,97
4924,14,0,-0.128,0,61,24,0,0
4927,3471.08,0,21.139,0,32399,33624,554,447
4930,31,0,1,0,3303,3214,0,0
4931,-684,0,0,-21.899,8861,8926,68,83
4933,-36,0,0,35.513,1079,1073,5,5
4934,14.12,0,10,0,0,0,0,0
4935,55,0,2,0,495,521,0,0
4938,3655.983,-477.766,-91,-46.404,5040,5112,33,23
4939,255.79,0,-4,3,4569,4698,29,27
4942,23.05,0,1,0,770,771,0,0
4943,,,,,0,0,0,0
4946,16,0,0,0,,,,
4949,-888.769,0,-64.898,0,5262,4861,327,512
4950,2,0,0,0,,,,
4951,-63,0,0,-0.265,828,865,0,0
4952,31,0,0.802,0,1470,1475,0,0
4953,-14,0,0,0.001,718,718,0,0
4956,857,0,66.555,0,8085,7739,287,172
4958,-4131.387,-418.151,-304,-113.528,22435,22793,184,208
4960,-4368.9,0,-91.844,0,19816,21586,556,702
4961,4.251,-4,1,-0.824,2416,2429,7,7
4966,-134.745,-3,0.699,24.3,4849,4895,0,0
4967,25.9,0,-24.965,3.158,9262,9358,1665,1703
4968,289.012,-1,1,-1.588,5961,5995,38,38
4971,169,0,-31,-16,5075,5102,193,206
4972,-10,0,0,0,91,91,0,0
4973,-948,0,0,-130.03,3264,3131,0,0
4974,68,0,0,0.98,1325,1325,0,0
4976,161,0,0,0,4789,4755,28,18
4977,-1170.68,0,4.289,-63.56,9017,8975,37,45
4979,-579.048,-6,-4,-69.167,10442,8470,281,217
4987,-2,0,0,0,3,3,0,0
4989,3103,0,186.573,0,26090,21232,848,718
4991,345.091,260,-34,-191.67,8751,8452,473,44
4994,-2,0,1,0,2215,2211,0,0
4995,-1,0,0,0,2051,2039,0,0
4999,-7.8,0,0.221,0,346,358,0,0
5007,40.541,0,2,0,13,13,0,0
5009,27,-6,58.798,-0.061,7040,7018,8,8
5011,89,0,0,0,3460,3659,0,0
5013,-3,0,0,0,2,2,0,0
5014,9,0,0,-0.05,1975,2036,0,0
5015,-11,0,0,0,131,127,0,0
5016,-3,0,0,0,312,300,0,0
5201,0.86,0,0,0.69,7657,7640,0,0
5202,2,0,0,-0.12,2475,2483,0,0
5203,15,0,0.843,0,1454,1466,0,0
5206,-2,0,0,0,836,831,0,0
5209,-20,0,0,0,28,26,0,0
5210,1,0,0,0,0,0,0,0
5211,0,0,0,0,284,279,0,0
5212,0,0,0,0,92,93,0,0
5213,-290,0,0,0,3804,3781,0,0
5215,11,0,0,0,723,735,0,0
5220,-28,0,0,0,254,261,0,0
5222,10.219,0,0.221,44.66,2447,2543,0,0
5223,-3,0,0,0,292,296,0,0
5225,5,0,1,0,1756,1761,8,8
5227,24.101,0,0,0,311,313,0,0
5228,152,0,4,-0.755,808,757,0,0
5230,-28,0,0,0,1103,1098,0,0
5234,52,0,16.141,-21.983,1996,2168,28,28
5236,37,0,1,0.56,442,462,5,5
5243,156.8,0,-3,234,13143,12827,115,149
5244,-140,0,1,0,2795,2761,38,36
5245,27,0,0,0,812,839,7,7
5251,-14,0,0,-0.349,1968,1974,47,47
5258,20,0,2,0,4515,4519,7,7
5263,13,0,6,0.807,5511,5554,0,0
5269,-1.331,-1,4,33.286,2357,2329,0,0
5272,15,0,0,0,947,953,0,0
5274,-47.609,41.192,-0.785,4.103,105,116,1,1
5278,135,0,0,1,1702,1707,5,5
5283,1,0,-2,0,117,123,0,0
5284,-684.96,0,15.94,-87.932,5140,4958,0,0
5285,-28,0,1,0,3972,3920,0,0
5287,-14.277,0,0,0,149,143,0,0
5288,-3,0,32.886,0,2378,2221,2,2
5289,-377.565,241.435,0.943,19.012,4175,4039,6,8
5291,-635,0,0,-0.25,5813,5846,44,63
5292,172,0,0.02,5.232,1210,1185,6,6
5299,-2,0,0,0,267,267,0,0
5301,,,,,0,0,0,0
5302,-1,0,0,0,0,0,0,0
5306,50,0,1,0,477,476,0,0
5309,379.01,-22,0,108.955,14518,14505,119,128
5310,-2,0,0,0,0,0,0,0
5312,-1,0,0,0,672,673,0,0
5314,159,0,-4,-6.303,18524,18448,100,103
5315,-92,0,0,0,2788,2797,1,1
5321,1.05,0,0,-6,1365,1361,10,14
5324,23,0,0,0,0,0,0,0
5328,-2250.95,0,0,24.203,5238,5812,69,71
5340,-155.329,0,40,13.85,6976,6791,177,177
5344,,,,,0,0,0,0
5345,,,,,0,0,0,0
5347,2152.67,-2247.962,6.461,-20.226,13622,13929,588,596
5351,-1635.52,0,-1,0.244,15070,14829,148,204
5353,0,0,0,0,1291,1286,0,0
5355,3,0,0,-0.001,0,0,0,0
5356,-9,0,0,0,5479,5444,0,0
5364,-9,0,0,-0.198,1044,1069,0,0
5371,812,-80,14,-93.402,20803,21005,16,12
5381,-241.7,0,0,0.773,84,29,0,0
5386,123.9,0,-2,0.2,1219,1217,10,4
5388,-1543,0,-530.025,-35.139,6178,5794,5,3
5392,-415.104,0,0,45.099,8619,8437,1,2
5398,-3,0,0,-0.001,3613,3616,0,0
5403,5,0,0,0,65,60,0,0
5410,4,0,0,-0.022,1865,1899,3,3
5425,571.001,0,20.348,23.579,7553,7612,0,0
5426,32,0,0,-0.64,3638,3648,2,2
5432,5,0,0,-0.329,766,764,0,0
5434,593.383,3,2.799,-16.91,599,622,23,23
5438,-49,0,0,-0.054,1765,1768,0,0
5439,16.498,2106,17,-74.409,9408,10509,0,0
5443,252.912,135,-378,129.027,6399,7212,92,96
5450,8,0,0,0,1467,1458,2,2
5452,-672,0,0,-9.764,5376,5253,0,0
5455,,,,,60,61,0,0
5457,-249.247,0,23.78,10.724,4548,4489,0,0
5460,,,,,1161,1168,0,0
5464,-37,0,0,0,447,455,0,0
5465,17,0,0,0.639,1484,1491,11,11
5468,-2,0,0,0,0,0,0,0
5469,576,-156,-4.584,57.977,15405,14691,0,0
5471,228,0,7,0,3142,3110,0,0
5474,-70,0,0,-0.793,1322,1312,0,0
5475,976.624,0,8,37.447,0,0,0,0
5478,2.001,0,0,-0.997,456,436,0,0
5481,-11,0,0,0,6908,6892,0,0
5483,3887.405,-63.047,3,58.809,8286,8795,29,17
5484,30,0,1,0,0,0,0,0
5487,,,,,1594,1600,0,0
5488,-62,0,0,-0.024,1174,1155,0,0
5489,-13,0,0,0,933,935,0,0
5490,-58.999,0,0,-0.125,1791,1797,0,0
5493,-5,0,0,0.246,2124,2116,5,5
5498,723.911,0,0,-26.278,4509,4611,0,0
5508,68,-2,0,-0.124,3134,3127,14,14
5511,-40,0,-1,0,686,695,0,0
5512,-273,0,0,0,4084,4184,0,0
5514,0,0,0.186,0,59,59,0,0
5515,525,0,3.751,15.864,1648,1779,5,13
5516,3.411,0,0,0,136,136,0,0
5519,19,0,5.177,0,357,358,0,0
5520,-1,0,0,0,7,7,0,0
5521,1203.9,0,-4.02,0,16803,16896,3,12
5522,-763,0,-31.922,0,999,1345,1,2
5523,-1,0,0,0,3,3,0,0
5525,61,0,3.011,0,349,348,0,0
5529,1,0,0,0,1478,1478,0,0
5530,31.05,0,0,0,3709,3756,1,0
5531,26,0,8,0,2842,2826,0,0
5533,54,0,2,0,607,606,0,0
5534,-157,0,-17,4.479,3183,3121,14,14
5536,902.514,19.713,13.084,38.131,2204,2288,16,13
5538,22,0,1,0,33,35,0,0
5543,-2,0,0,0,0,0,0,0
5546,-3,0,1,0,23,23,0,0
5547,-1,0,0,0,,,,
5548,-1,0,0,0,97,96,0,0
5601,,,,,0,0,0,0
5603,13,0,0,0,4626,4633,0,0
5604,5,0,0,0,60,68,0,0
5607,49,0,-0.656,0,1585,1562,0,0
5608,-332,0,3,0,5241,5245,3,3
5609,-46,0,-1,0,97,97,0,0
5701,,,,,0,0,0,0
5703,1,0,0,0,0,0,0,0
5704,-6,0,-8,0,141,145,0,0
5706,-191,0,-133.9,0,964,812,1,4
5864,1271,0,0,0,9265,8973,99,117
5871,3738.258,-457.924,-51,45.707,5345,5354,41,31
5876,-609,-569,-116.352,-230,895,962,0,0
5880,111.757,-107.335,3,190.506,1387,1387,0,0
5902,,,,,5753,5726,0,0
5903,-3,0,6,0,21,20,0,0
5904,-20.99,1.15,0,-4.015,191,195,0,0
5905,-289,0,11,-6.837,3235,3513,0,4
5906,-1,0,1,0,246,246,0,0
5907,77,0,1,0,5619,5640,0,0
6005,-10046.007,-287.37,0,0,4561,4262,1386,1412
6015,224,0,0,0,5553,5384,0,0
6016,-54,0,0,0,9526,9574,4,4
6020,-1,0,0,0,101,101,0,0
6021,27,0,0,0,410,346,0,0
6023,-32,6,0,0,224,224,0,0
6024,-93.07,81,0,0,291,250,0,0
6026,119,0,0,0,1844,1777,4,4
6101,-10,0,0,0,5956,5957,0,0
6103,0,0,0,0,19,23,0,0
6104,-101,0,0,1.152,5460,5527,14,11
6108,215,0,-8.861,0,888,914,0,0
6109,-9,0,0,0.496,134,135,0,0
6111,14,0,0,4.097,2806,2814,10,11
6112,246,0,1,4.257,3496,3472,3,3
6113,72,0,0,-0.307,1639,1647,0,0
6114,,,,,1124,1122,0,0
6115,28,0,3,0.298,86,66,0,0
6116,10539.29,0,426,608.853,31482,31448,101,72
6117,-242,0,-12.324,-12,3727,3721,4,2
6118,-25,0,0,0,2355,2335,14,14
6120,-748.999,0,27,313.055,9341,8646,0,0
6121,-26,-47.629,-1.148,-0.475,359,365,0,0
6122,85,0,0,-0.009,1621,1629,16,16
6123,-21,0,0,0,246,238,0,0
6124,10.94,0,0,0.04,458,456,0,0
6125,181,0,0,6.026,9090,9110,42,41
6126,125,0,0,-0.41,3092,3104,36,36
6127,6374.011,0,41,402.585,6919,6748,274,209
6128,66,0,1,0,117,114,0,0
6129,-3,0,0,-0.299,152,152,0,0
6130,-19,0,0,-0.252,3130,3144,6,13
6133,349,0,10.82,0,4058,3838,12,9
6134,75,0,0,-0.632,3904,3852,27,27
6136,35,0,-1,0,2229,2229,0,0
6138,57,-93,0,1.02,943,955,3,3
6139,1324.498,-21,-26.7,40.562,4346,4779,67,51
6140,30,0,0,0,1491,1497,11,11
6141,7,0,1,0,109,109,0,0
6142,-66,0,2,0,0,0,0,0
6143,-192,94,78,1.055,6786,6756,9,13
6144,3,0,0,0,0,0,0,0
6146,-41,0,7,0.189,462,412,2,2
6147,-2340.443,2732.851,167.963,652.451,42232,42654,741,1023
6148,37,0,0,0.209,2822,2835,4,4
6150,2.001,0,0,-0.898,1911,1895,0,0
6151,82,0,0,0,1376,1383,6,4
6152,-380,0,5,0,0,0,0,0
6153,-343,0,18.659,0,10285,10185,204,134
6154,9,0,0,0,244,244,0,0
6155,-604.34,0,-12.868,0,2606,2539,39,35
6156,-85,0,0,-0.489,6392,6443,0,0
6158,0,0,0,0,1251,1252,0,0
6160,-11,0,0,0.015,776,777,0,0
6161,-6,0,0,0.049,552,559,4,4
6163,-397,0,0,-14.586,24454,24401,240,267
6164,58,0,1,0,4057,4069,1,1
6165,-145,0,1,0,15089,15089,0,0
6166,281,0,37.332,132.843,5308,3523,0,0
6167,286,0,0,0,3372,3991,0,0
6168,-288,0,6,0,4916,5081,80,95
6169,-13,0,-0.023,0,76,55,0,0
6170,-41,0,0,0,3135,3134,3,3
6171,-2,0,0,0,280,278,0,0
6173,542.03,0,196,97.837,8686,7949,150,141
6174,-148,0,0,-0.17,420,457,0,0
6175,842,0,-34.584,92.892,4729,6450,0,0
6176,-651,-256.272,0.428,-29.733,3119,3026,18,17
6177,-221.939,0,35.934,-0.857,3396,3416,0,0
6179,-48,0,0,-1.838,15030,15024,16,17
6180,-148.95,-0.867,2,0.276,1616,1599,22,23
6182,5360.002,0,145,157.883,14842,15121,0,0
6183,26,0,2,0.833,10,10,0,0
6184,24,0,2,0,547,547,0,0
6185,-83,0,0,-0.678,1236,1242,0,0
6186,42,0,0,0,1255,1278,0,0
6187,-222.5,0.434,-2.329,25.464,1980,1963,109,132
6188,351,-131,15,5.55,8107,7953,22,21
6189,197.595,-5,0,0,2438,2440,7,7
6190,-2874.92,0,-45,-312.881,10657,10946,1694,1723
6191,4486.25,82,33.949,246.365,20826,21386,0,0
6192,-6,0,-1,0,760,733,0,0
6194,2,0,0,0.164,1730,1732,0,0
6195,-1.12,0,0,0,24,24,0,0
6196,645.09,-1,-13.376,55.455,1790,2010,61,49
6197,-968,0,0.974,5.189,4839,4765,13,13
6198,4,0,0,0,,,,
6199,31,0,-0.474,4.644,2646,2594,7,3
6201,17,0,1,0,60,60,0,0
6202,-81,-1,2.138,-0.965,4591,4770,12,22
6203,-23,0,0,-0.011,717,717,0,0
6204,-6,0,0,-0.762,759,766,4,3
6205,-722,0,-2.144,0,4025,3421,15,9
6206,63,-3.869,1,1.858,3042,3056,0,0
6207,87,0,0,-6.331,3906,3973,70,65
6208,-2,0,0,132.979,864,878,17,5
6209,35,0,9.189,335.257,14148,13718,0,0
6210,4,0,0,0,75,74,0,0
6212,,,,,17,19,0,0
6213,3759.033,0,192,236.729,15082,13331,794,656
6214,441,0,7.983,2.2,1289,1301,5,5
6215,-221.5,0,0,68.886,5970,5802,40,35
6216,42,0,1,0,750,753,3,3
6217,-276.025,0,1,45.805,20951,22189,403,1155
6218,-30,0,15,-0.128,2516,2636,18,47
6219,-91,0,0,0,5781,5711,0,0
6220,-169,0,0,-0.682,2389,2356,0,0
6221,-13.997,0,0,0,3850,3783,0,0
6222,0,0,0,0,45,46,0,0
6223,-43.944,24.809,2.406,1.523,1027,1046,0,0
6224,51,0,4.015,0,1201,751,0,0
6225,,,,,0,0,0,0
6226,-485,0,0.865,0,0,0,0,0
6227,90,0,0,0.63,3111,3197,21,21
6228,0,0,0,0,75,75,0,0
6229,0,0,0,1.501,858,793,0,0
6230,-1,0,1.102,1,473,468,0,0
6231,-91,0,0,-17.332,3069,3170,22,20
6233,59,0,0,0,3358,3461,1,0
6234,-62,0,0,77.172,3643,3408,12,9
6235,192,0,2,0,4772,4778,14,13
6237,48,0,0,0.072,3515,3517,8,7
6239,-12994.361,-1248,-68.02,-215.185,9865,8069,90,98
6240,-5,0,0,0,700,694,0,0
6241,1,0,0,0,0,0,0,0
6243,10.001,0,-0.005,0,1807,1809,0,0
6244,1460.701,0,0,80.607,13873,13866,0,0
6245,-238,0,4,2.62,2850,2675,0,0
6246,-1,0,0,0,439,443,0,0
6248,-20,0,0,0.032,897,894,0,0
6257,-1779.822,-91,101.359,-228.961,12796,13512,177,162
6259,2,0,-1.104,0,547,440,0,0
6261,-329,0,0,-25.338,3128,3517,9,8
6263,-36,0,0,0,173,179,0,0
6264,,,,,0,0,0,0
6265,-162,0,0,0.268,7428,7385,142,158
6266,-37,0,0,-0.707,1086,1081,0,0
6269,-374,0,6.695,-7.292,4642,4654,115,123
6270,15,0,0,0,1773,1792,4,4
6271,397.57,0,74.656,-27.939,8578,8387,85,81
6272,-29,0,1,0,,,,
6274,429.933,256.113,-459.918,-6.105,7407,7439,0,0
6275,-8.878,0,0,-0.118,1827,1786,5,5
6276,3,0,0,0.039,495,497,24,24
6277,75,0,-1.648,3.7,711,732,0,0
6278,5561.404,-2745.851,-365.911,50.621,13425,7219,0,0
6279,-105.3,-22,10,0.835,3422,3417,16,16
6281,15,0,1,0,69,69,0,0
6282,4038.2,0,395.175,770.014,35325,32171,332,139
6283,104,0,0.982,0,1993,1954,1,1
6284,312,0,0,9.515,4076,4139,4,4
6285,-8498.743,-162,-387.971,-562.735,20230,20694,321,646
6290,1913.4,50,-88,28.862,14443,15056,70,98
6291,-178.797,0,-64,-57.339,2729,2635,24,53
6292,-30,0,0,0,251,246,1,1
6294,-6,0,0,0,82,82,0,0
6405,188.7,0,-1,0,5194,5145,40,40
6409,71.317,-0.722,0.447,5.302,1815,1845,8,8
6411,54,0,0,0.011,1217,1222,1,1
6412,-624,-4.203,3.313,-14.059,1971,1939,3,9
6414,737,-69,-17.975,21.393,1311,1337,236,196
6415,-292.179,-221,4,15.559,6205,5849,62,70
6416,29,0,1,0,3421,3412,0,0
6417,13,0,0,0,2286,2290,7,7
6418,-2,0,0,0.065,989,1027,6,6
6419,0,0,0,21.345,329,335,2,0
6423,14,0,0,0,346,340,1,1
6425,74,0,0,-26.623,4836,4780,83,64
6426,-211.855,0,-139.623,-40,4160,4074,91,124
6431,28,0,0,0,0,0,0,0
6432,431.003,0,0,-51.006,1537,1647,60,54
6435,77,0,0,-13.028,1399,1466,0,0
6438,-250.58,0,1.186,-54.11,6176,5980,18,18
6441,1,0,0,0,895,889,1,0
6442,-791.826,-283,-23.423,-0.898,4144,4010,75,97
6443,5434.96,0,145.491,24,28128,28640,13151,14013
6446,-93.789,-139,0.167,5,7048,7091,1,3
6449,-88.89,0,-7.574,-10.061,2406,2401,15,14
6451,-360.712,4,-15.975,-44.21,13702,13488,2524,2053
6456,-144,0,114.386,21,10272,9107,134,90
6461,-6,0,0,0,0,0,0,0
6462,-16.99,0,0,2.576,4660,4652,127,137
6464,15,0,1,0,0,0,0,0
6465,-149,0,0,0,207,74,0,0
6469,-296.051,0,0,-0.435,749,734,6,5
6470,20,0,0,-0.146,266,266,0,0
6472,223.656,-25,7,-0.506,3980,3989,15,13
6477,121,0,1,0,3977,4004,0,7
6482,4,0,0,0,53,52,0,0
6485,-24.999,0,0,0.168,3290,3296,0,0
6486,-136,0,0,-0.147,392,398,0,0
6488,689.711,39.027,-49.4,-12.151,3566,3750,67,70
6491,211,-1,4,0.509,681,686,2,2
6492,13,0,0,-0.04,199,199,0,0
6494,-68,0,28,-0.693,849,872,1,1
6496,,,,,36,36,0,0
6498,6,0,0,-3,96,93,0,0
6499,-175,0,0,0.201,7181,7156,0,0
6504,6,0,7,0,106,107,0,0
6505,6116.821,-25.38,-209.469,774.057,13619,14255,69,67
6506,0,0,0,0,218,195,0,0
6508,11,0,0,0,409,410,0,0
6509,-367.6,0,0,-58.613,6603,6480,34,83
6510,108,-222.203,15.966,-1.172,519,500,4,5
6512,-0.093,0,0,0,,,,
6515,-26.864,9,-13.382,0.386,287,289,0,0
6516,-1,0,0,0,875,889,0,0
6517,-14,0,0,-0.105,1686,1728,0,0
6523,-53,0,0,0,61,58,0,0
6525,39,-1,1,0,670,694,0,0
6526,105.966,-2,11.952,8.659,1233,1209,2,2
6530,-321,0,0,0.16,3569,3712,17,25
6531,851.249,209,45,73.902,8820,7289,224,175
6532,-88,0,0,0,2786,2762,3,3
6533,-3.8,0,0,10.062,2316,2254,6,5
6534,11,0,2,-3.968,4594,4511,1,1
6535,55.025,0,0,0,,,,
6538,9,-0.153,0,0.019,691,692,1,1
6541,-64,0,1.932,0,3059,3056,11,11
6542,2,0,0,0,137,143,0,0
6546,-33,0,0,-5.297,4736,4845,5,5
6547,-1602.8,0,-34,-202.487,8528,8242,774,1052
6548,-1280,0,0,-9.465,9280,8889,22,20
6550,232,0,21,0,0,0,0,0
6552,-60,0,0,0,1456,1443,2,1
6556,1,0,0,0,,,,
6558,-54,0,1,0,3905,3870,17,17
6560,-7,0,0,0,237,234,0,0
6561,9,0,0,0.237,328,337,0,0
6568,-464.15,0,0,-88.736,2004,2045,7,8
6569,4,0,0,0,280,281,0,0
6570,-3,0,0,0.003,440,434,0,0
6573,30,0,1,0,0,0,0,0
6574,-1,0,0,0,,,,
6576,-16,0,0,0.001,,,,
6577,-10,0,0,0,94,94,0,0
6578,1,0,0,0,721,724,0,0
6579,80,0,2,0,587,599,0,0
6581,31,0,1,0,19,19,0,0
6582,20,0,0,0,391,394,0,0
6584,-16,55,-15.563,32,783,802,4,3
6585,15,0,0,0,2159,2162,1,1
6588,-206,0,0,0,3539,3597,182,180
6589,-62,0,2,0,3649,3589,40,40
6591,41,0,0,0.664,2577,2697,10,9
6592,132,0,6.431,0,751,702,0,0
6593,-8,0,0,0,859,859,0,0
6596,-239,0,0,-0.836,1043,1050,10,12
6597,2,0,0,0,,,,
6598,-29,0,-2,0,0,0,0,0
6603,60,0,0,0.196,5951,5862,0,0
6605,-167,0,0.393,-0.14,1981,1978,0,0
6606,15,0,2,0,572,572,0,0
6609,85,0,0,0.22,1957,1943,0,0
6612,-1,0,0,0,450,451,0,0
6613,-88.9,-2.632,0,-4.76,767,690,0,0
6614,42,0,-14,0,,,,
6615,,,,,1,1,0,0
6616,2,0,0,0,1274,1268,0,0
6617,-15,0,0,0,158,156,0,0
6620,-3.386,0,0,0,,,,
6624,5,0,0,0,264,262,0,0
6625,-54,0,-14,0,1207,1210,0,0
6629,-2,0,0,0.027,1328,1315,1,3
6637,2,0,0,0,38,39,0,0
6640,-47.88,109,-17,0.941,899,1081,23,25
6641,13,0,1.033,0,133,131,0,0
6642,-14,0,0,0,1217,1215,0,0
6643,396,0,9,66.156,2660,2685,26,24
6645,26,0,1,-1,16,16,0,0
6649,-5,0,0,0.013,1316,1314,0,0
6651,-39,0,0,0,856,817,0,0
6654,-3,0,0,0,2723,2729,1,1
6655,3,0,1,0,0,0,0,0
6657,22,0,1,0,2483,2504,0,0
6658,-73,0,12.466,0,2860,2860,12,7
6664,-404.17,0,-1,18.958,2184,2302,8,13
6666,3,0,1,0,247,245,0,0
6667,193.966,0,0,1.655,1939,1987,7,6
6668,94,0,1,0,2815,2805,0,0
6669,103.266,134.472,-55.2,-45.847,2603,2734,11,8
6670,49,-3.388,39.453,-0.054,491,489,6,6
6671,-2,0,1,-0.006,31,31,0,0
6672,-1108.137,0,1,5.529,4373,4149,0,0
6674,4,0,4,0,300,301,0,0
6679,-12.1,0,0,17.491,4231,4178,2,2
6680,-3,0,0,0,,,,
6683,18,0,18.1,0.8,2315,2393,73,104
6684,31,0,0,0.403,1061,1074,6,6
6689,-31,0,1.742,0,1638,1597,0,1
6690,-6,0,0,0,94,92,0,0
6691,291.079,-11,1.929,7.801,2032,2081,10,10
6692,-4,0,0,0,394,404,0,0
6693,-114,0,3,-6.63,2921,2984,0,0
6695,71,0,1.472,0,2512,2519,2,2
6697,2,0,0,0,59,58,0,0
6698,25,0,1,0,1689,1677,0,0
6703,-6,0,0,0,85,84,0,0
6706,-455.945,0,0.98,-60.171,8875,9488,120,141
6708,1,0,0,0,,,,
6712,-23,0,0.542,0.776,990,988,0,0
6715,-292.982,0,-55.182,5,5828,5716,83,101
6716,-62,0,0,0,387,457,0,2
6719,82,0,0,-0.083,1072,1081,9,9
6720,9,0,0,1.73,1226,1226,1,1
6722,4,0,1,0,,,,
6725,89.3,0,-0.886,-3.321,,,,
6727,-135.005,0,0,30.929,2628,2594,20,22
6728,1,0,0,0,172,171,0,0
6730,-1,0,0,0,,,,
6732,73,0,-0.037,-0.453,631,665,0,0
6733,90,0,0,0.071,,,,
6735,55,0,0,0,938,993,3,3
6739,-161.784,38,-8,0.581,1531,1521,10,8
6741,-170,0,10,0,1872,1843,1,1
6742,173,0,1,0,2346,2387,13,13
6743,119,0,4,0,823,827,0,0
6751,5,0,0,0,160,155,0,0
6752,23,0,0,0,494,501,0,0
6753,233,0,-7.139,41.657,5016,4972,3,2
6754,-5,-0.069,1,0,138,139,0,0
6756,49,0,1,0,692,681,0,0
6757,-220.961,0,2,-0.427,3339,3311,882,884
6761,132.03,0,-4,-55.576,4135,4461,40,40
6763,-20.8,0,0,2.475,1917,1896,4,3
6768,102,-3.508,4.783,-6,1611,1613,6,7
6770,707.298,-9,376,-75.908,126543,126909,2880,2781
6771,11,0,0,-1,57,67,0,0
6776,111,0,0.047,0,1469,1495,2,2
6781,-46.289,-14,5,-10.604,2768,2805,6,6
6782,-33,0,3,-1.171,452,438,0,0
6785,-18,0,0,1.278,1219,1225,3,3
6788,833.7,0,-1,81.408,3655,3404,9,5
6789,301.089,10,135,-222.479,14897,14007,105,49
6790,83,0,2,-0.056,332,336,0,0
6791,13,0,0,-0.3,103,77,0,0
6792,4,0,0,0,295,278,0,0
6794,-7,0,1,0,163,163,0,0
6796,-1,0,0,0,345,343,0,0
6799,-33,0,-0.307,0,2106,2107,0,0
6803,-37,0,0,0,20,20,0,0
6804,5,0,0,0,227,223,0,0
6805,28.735,-483,-3,3.845,2022,1858,5,5
6806,-0.084,0,0,0,2986,3164,952,961
6807,1,0,0,0,148,148,0,0
6811,19,0,0,1,341,345,0,0
6821,-13.003,0,0,-0.296,1851,1887,97,81
6823,-54,0,-0.53,0,532,592,0,1
6829,268,0,12,11.769,1472,1477,38,18
6830,13,0,0,6.869,4770,4874,118,62
6831,-75.6,-60,5,-0.768,,,,
6834,607,0,94.856,0,1485,1489,6,2
6835,77,0,1,0,752,880,0,0
6838,26,0,1,0,2935,2939,14,14
6840,-34,0,0.059,0,340,306,2,2
6841,28,0,0,0.17,1898,1916,1,1
6843,,,,,80,80,0,0
6846,1,0,0,0,,,,
6854,329.75,0,2,-0.79,3919,3863,0,0
6855,1,0,0,0,,,,
6859,12,0,0,0,707,707,0,0
6861,-120.97,0,1,1.315,2600,2282,12,11
6862,218.79,0,5.852,59.022,1518,1575,3,4
6863,-51.5,0,-0.371,0,1117,1126,9,9
6865,0,0,0,0,415,417,0,0
6869,96.623,0,1,0.161,2910,2910,11,9
6870,-7,0,0,0.052,609,608,0,0
6872,-8,0,0,0,,,,
6873,187,0,0.382,2.359,4024,4055,4,5
6874,11,0,-1,0,275,271,0,0
6875,15,0,0,-0.099,,,,
6877,-18,0,0,27.02,8108,8120,36,36
6884,-1,0,0,0,,,,
6885,-4,0,1,0,2322,2313,0,0
6887,2,0,0,0,1080,1080,0,0
6890,92.714,0,-9,1.847,2133,2134,0,0
6894,-87.99,0,-4,-1.184,783,798,0,0
6895,-35,0,0,-2.109,1067,1062,0,0
6899,2,0,0,0,85,87,0,0
6901,196,0,28,0,2234,2208,0,0
6902,2,0,-1,0,435,431,0,0
6903,-760.99,0,1.17,-15.833,1837,1824,45,30
6904,1,0,0,-0.005,,,,
6906,9,0,-0.647,0,633,637,0,0
6907,-43.1,0,0,0,,,,
6908,2,0,0,2,,,,
6909,352,0,2.538,0,2111,2015,5,4
6910,16,0,0,0,,,,
6913,89,0,0,-3.685,1612,1721,8,11
6914,-8,0,1,0,369,340,0,0
6916,22,0,0,0,587,608,0,2
6918,9,0,2,0,32,36,0,0
6919,-594.996,1.247,-0.288,100.096,,,,
6921,18,0,0,-3.018,,,,
6922,11,0,0,1.028,155,149,0,0
6923,51.99,0,1,0.004,1825,1824,0,0
6924,3,0,0,0,,,,
6925,7,0,0,-0.725,126,137,0,0
6928,59,0,1,0,876,878,0,0
6931,2,0,2,0,155,108,0,0
6933,-72.05,0,-28.041,15.57,737,771,14,4
6934,3,0,0,0,,,,
6936,2,0,1,0,232,232,0,0
6937,-239,0,-37.955,-4.715,2249,2111,23,19
6944,-91.75,-1,5.347,-11.617,1498,1548,5,5
6949,225.221,0,2,-3.606,4557,4668,0,0
6951,9,0,1,-3,6,6,0,0
6952,3,0,0,0,24,24,0,0
6953,27,0,-0.332,0,217,235,4,4
6955,2,0,0,-1,,,,
6957,14,0,0,-0.28,1110,1153,0,0
6958,100,0,7,0,362,281,0,0
6958A,8,0,0,0,,,,
6961,-2,0,0,0,,,,
6962,486,-6,4,15.569,9662,9820,0,0
6965,28,0,1,0,45,45,0,0
6967,-81,0,0,0,238,242,0,0
6968,4,0,0,0,252,252,0,0
6969,39,0,-1,-12,,,,
6971,12,0,0,0,5,0,0,0
6982,-155,0,0,0,268,259,6,4
6988,3,0,1,-3,,,,
6994,96,0,-1,-0.038,2381,2408,36,13
6996,42,0,0,0.748,151,98,0,0
7402,10,0,0,-9.951,3891,3861,7,6
7547,-30,0,0,0,289,280,1,1
7556,0,0,0,20.192,155,155,2,1
7584,1,0,0,0,36,36,0,0
7610,-75.001,0,1,-12.176,,,,
7631,19,0,1,-5.3,,,,
7642,0,0,0.185,0,48,48,0,0
7703,237,0,7.719,-0.343,605,687,2,2
7704,-55,0,-1.563,0,410,378,4,2
7705,-2,0,1,0,98,98,0,0
7709,10,0,0,0,736,729,5,8
7711,-474,0,-26.439,0,,,,
7712,-53,0,0,0,1135,1184,0,0
7714,12,0,0,0,346,351,0,0
7715,6,0,0,0,324,328,0,0
7717,-95.6,0,-40,3,,,,
7718,,,,,54,55,0,0
7721,38.85,0,1.838,0,1086,1005,58,59
7722,27.881,0,1,0.168,562,567,4,4
7723,-16,0,0,0,86,85,0,0
7728,33.8,0,-7.054,-0.087,803,772,0,0
7730,14.1,0,1,-9,,,,
7732,12,0,0,0,46,44,0,0
7734,30.44,-4,-18,-0.1,895,865,0,0
7736,3,0,3,0,46,46,0,0
7738,2,0,0,0,,,,
7740,17,0,-18.034,0.014,512,506,0,0
7744,11,0,0,0.25,,,,
7747,2,0,0,0,,,,
7749,75,0,1.15,3.056,587,597,0,0
7750,24.17,14,4,5.024,336,240,0,0
7751,-29.025,73,-7.982,-0.639,,,,
7753,0,0,0,0,11,11,0,0
7765,26,0,0,0,24,33,0,0
7769,426.551,-357.307,-9.812,5.961,,,,
7770,0,0,-1,0,,,,
7777,92,0,2.846,3.016,,,,
7780,185,0,7,-40.861,,,,
7782,0,0,0,0,,,,
7786,-82,0,5,0,,,,
7788,21,0,0.751,0,,,,
7791,-2,0,1,0,,,,
7792,20,0,0,6.782,,,,
7795,-119,0,-8.847,0,,,,
7799,108,0,2,-0.914,264,207,0,0
7805,-25,0,0,1.38,,,,
7810,-59,0,0,-0.566,,,,
7811,-2,0,-13,0,,,,
7822,-29.55,0,-8,0,,,,
7823,16,0,0,-4,,,,
8011,-159,0,1,0,3970,3937,8,8
8016,109,-46.981,1,2.313,1370,1372,1,1
8021,-1622.054,-90,-165,-52.106,12276,11060,809,863
8024,-1,0,0,0,196,196,0,0
8027,278.78,0,0,11.698,9330,9656,0,0
8028,-3202.815,0,29,-128.698,14101,14175,814,851
8032,-41,0,0,0,836,897,0,0
8033,944.02,0,-0.123,-23,7684,7577,49,41
8034,8,0,0,0,3534,3511,21,21
8038,-73,0,-1,-0.088,,,,
8039,160.195,4,258.984,-74.999,15448,15409,270,260
8040,-366,0,0,-6.015,1220,974,6,6
8042,-1207.95,0,7,153.443,4441,3559,28,10
8043,-1493,0,0,33.43,4493,3703,78,62
8044,83,0,0,0.568,2581,2574,0,0
8045,78,0,1.097,1.999,4756,4763,3,3
8046,-1280.728,-74,-200.99,-21.278,8160,8125,478,523
8047,-64,0,0,-0.004,7,7,0,0
8048,216,0,0,1.29,3010,3017,0,0
8049,6,0,0,-0.095,382,370,0,0
8050,-47,0,0,0.939,3201,3168,12,12
8054,-86,-1,0,-0.742,8025,8029,38,46
8059,-114,0,0,-1.001,0,0,0,0
8064,-7525.919,0,2.965,-149.048,12217,12545,144,201
8066,-3,0,0,0,513,513,0,0
8068,-6,0,0,-0.905,1844,1834,0,0
8069,328.154,116.257,-27.927,-31.86,9805,9730,43,41
8070,1991,12,5,13.074,6172,6511,636,636
8071,55,0,0,-0.102,2927,2935,3,4
8072,1,0,3,0,1968,1969,0,0
8074,1731,0,1,-10.663,4262,4438,117,117
8076,-83,0,0,-7.672,9177,9170,6,6
8080,5,0,0,0,0,0,0,0
8081,-93,-1,1.881,-0.684,786,797,0,0
8083,-12,0,0,0,37,37,0,0
8084,-48,0,0,0,,,,
8085,0.002,0,0,0,1773,1785,0,0
8086,-349.98,0,-8,-64.288,7235,7061,629,645
8087,-25,0,-0.533,0,96,73,0,0
8088,-21,0,0,0.345,5632,5638,2,2
8089,56,0,0,0.008,2671,2659,0,0
8091,26,0,0,-5.458,1153,1190,0,0
8092,-26,0,0,0,,,,
8093,0,0,0,0.701,0,0,0,0
8096,-2.108,0,0,17.346,26962,27180,582,584
8097,-32,0,0,-7.05,10188,10183,3,6
8099,-49,0,-1,2,11076,10989,13,17
8101,0,0,0.6,0,0,0,0,0
8103,220.72,0,0,88.692,3828,3869,0,0
8104,230,0,1.19,0,4932,4310,7,4
8105,1804,0,24,0,5752,5582,21,47
8107,-1,0,0,0.085,2155,2178,0,0
8109,15,0,1,0,250,270,0,0
8110,1767.4,-1,7,119.665,20157,20373,0,0
8111,1281,0,0,60.889,12387,11994,68,56
8112,2778.074,6.943,108.975,550.085,14918,15305,75,74
8114,8.45,0,0.5,0.822,1278,1285,7,7
8121,26,0,0,-1.394,0,0,0,0
8131,-889,0,4.542,20.016,8734,8745,59,78
8147,-44,0,-5,-59.025,1759,1683,2,0
8150,1866.832,15,-59.506,-226.709,12146,11961,163,180
8155,559,0,15,-14.048,4528,4244,247,117
8162,-52,0,1,0.283,526,485,0,0
8163,-182,-11.42,4.01,-0.116,1837,1819,3,3
8171,-27,0,0,0,8178,8181,13,22
8176,,,,,0,0,0,0
8182,11,0,5.319,0,1566,1672,0,0
8183,124,0,0,-2.992,1993,2050,0,0
8201,7,0,0,0,0,0,0,0
8210,24.58,742,4,49.776,3671,3790,37,55
8213,308.5,0,2,29.432,2432,2474,1,1
8215,551,0,8,1.789,3232,3120,10,9
8222,7,0,1,0,3953,3913,2,2
8227,54,0,0,0.928,2356,2366,0,0
8234,-62.4,0,0,5.979,4482,4453,20,37
8240,624.807,0,16,-0.327,1939,1946,47,16
8249,-108,0,0,-0.003,4935,4917,6,3
8255,29,0,0.332,2.577,1728,1742,2,2
8261,-314.95,0,-0.001,-12.454,5627,5592,22,25
8271,387,0,22.979,186.095,5521,5508,29,35
8277,4,0,0,-0.013,0,0,0,0
8279,0,0,0,0,92,92,0,0
8284,-3,0,0,0,14,14,0,0
8289,356,0,-1.846,0,3445,3578,14,25
8291,0,0,0.07,0,,,,
8299,-393.534,199.622,215.837,28.49,14029,13889,44,41
8341,-5,0,0.778,0,361,360,0,0
8342,,,,,2,2,0,0
8349,-21,0,0,0,1930,1943,0,0
8354,-9,0,0,0,4465,4451,0,0
8358,2699.859,-240,62.658,272.905,24976,23796,1109,664
8367,23,0,1.003,0,39,40,0,0
8374,72,0,10.669,16.485,1882,1930,54,46
8383,-694,0,0,56.141,2613,2151,17,16
8390,63,0,-0.23,5.91,2190,2166,24,24
8401,22,0,0,0,310,321,0,0
8403,0,0,0,0,657,577,0,0
8404,79,0,2,0,3835,3828,3,3
8410,1,0,0,0,1548,1548,0,0
8411,34,0,3,0,53,29,0,0
8415,49,6,-81,0,806,816,0,0
8421,-1,0,0,0,325,339,0,0
8422,-558.669,-20,10,-3.362,32587,33523,53,13
8423,0,0,0,0,526,527,0,0
8424,-1,0,0,0,2,2,0,0
8426,-1,0,0,0,929,929,0,0
8429,96,0,2,0,12721,12685,10,15
8431,409,0,0,-4.418,4805,4492,0,0
8432,-2,0,0,0,170,169,0,0
8433,-11,0,0,0,259,259,0,0
8435,-1,0,0,0,3,3,0,0
8436,-110,-5.7,0,-0.068,1140,1141,0,0
8437,39,0,0,0,484,488,0,0
8438,-552.062,0,-0.202,0,6026,5495,99,100
8440,32,0,0,0.05,919,924,0,0
8442,-5,0,-1.237,0,746,746,0,0
8443,16,0,1,0,46,49,0,0
8444,-25,0,0,0,284,284,0,0
8446,-176,0,10,0,248,249,0,0
8450,0.775,0,0,0,154,154,0,0
8454,147,0.556,-22,0,866,883,2,2
8462,15,0,1.008,0,1011,1007,1,1
8463,46,0,-0.06,0,184,186,0,0
8464,214.424,0,-8,5.16,150,202,0,0
8466,18,0,1,0,991,996,0,0
8467,43,0,1,-0.4,319,317,0,0
8472,2,0,0,0,83,80,0,0
8473,-268,0,3.129,0,1918,1896,0,0
8476,-91,0,2,0,9256,9175,0,0
8477,5,0,0,0,0,0,0,0
8478,-59,0,-1,0.849,965,946,1,1
8481,3,0,1,0,8,6,0,0
8482,8,0,1,0,188,188,0,0
8487,2,0,1,0,16,17,0,0
8488,9,0,-7,0,37,19,0,0
8489,16,0,-4,0,2843,2784,5,5
8499,37,0,0,1.591,415,447,7,7
8905,,,,,29,29,0,1
8906,1,0,0,0,63,63,0,0
8908,7,0,0,0,347,352,0,0
8916,-6,0,0,0,133,133,0,0
8917,-3,0,0,0,54,55,0,0
8923,,,,,433,433,0,0
8924,26,0,0,0.417,344,344,0,0
8926,12.046,0,6.867,0,1748,1814,194,193
8927,13,0,0,0,4067,4064,2,3
8928,-7,0,0,0,598,598,0,0
8929,2.953,0,0,0,267,267,2,2
8930,-2,0,0,0,703,703,0,0
8931,-2,0,0,0,5897,5896,0,0
8932,-660.25,0,0,100.034,48097,47444,14,11
8933,-21.3,0,0,0,0,0,0,0
8935,125,0,0,-0.454,0,0,0,0
8936,-1182,0,10,22.332,11385,11424,2,3
8937,-43,0,0,-25.659,24018,24115,0,0
8938,-141,0,-0.154,0,626,593,1,1
8940,9,0,2,0,39,39,0,0
8941,1,0,0,0,19,19,0,0
8942,4,0,6.212,0,780,622,1,1
8996,-223.675,273,-22.855,0.466,4947,4914,258,260
9103,284,0,0,0,4059,4032,5,5
910322,8,0,0,0,0,0,0,0
9105,-35,0,0,-0.492,54063,53775,0,0
910861,-19,0,0,0,0,0,0,0
911868,-10,0,0,0,0,0,0,0
912000,-1,0,0,0,7930,7900,0,0
9136,380,0,0,0,11676,11701,380,299
9802,113,0,2.246,-0.005,2228,2216,18,21
9902,16,0,1,0,3126,3128,0,0
9904,-1332,-1472.275,-2.009,-148.052,10404,10497,41,40
9905,75,0,2,0,143,143,0,0
9906,8,0,8,0,414,414,0,0
9907,-1959.096,1.938,12,0,4634,4565,2,0
9908,-32,0,3.991,0,652,682,0,0
9910,-965.368,9,9.413,3,1144,1079,34,34
9911,54,0,0,0,399,402,0,0
9912,8,0,2,0,0,0,0,0
9914,127,0,4.661,0.529,3061,3032,16,26
9917,73.22,1,5,0,47,47,0,0
9918,45,0,2,0,244,271,0,2
9919,-69,0,2,0,9123,9415,0,0
9921,359.279,0,-3,17.318,1753,1767,0,0
9924,-12,-0.442,1,0,688,692,0,0
9925,1,0,3,0,4,4,0,0
9926,35,0,2,0,94,116,0,0
9927,-6,0,1,0,103,103,0,0
9928,0,0,1,0,277,276,0,0
9929,25,0,-9.842,0,0,0,0,0
9930,21,0,3.093,0.385,13,13,0,0
9931,24,0,1,0,234,245,3,3
9933,-1596.547,0,-52.476,0,5320,5279,92,96
9934,-11,0,4,0,3929,3938,0,0
9935,-16,0,2,0,1158,1186,0,0
9937,42,0,5,-1.953,165,166,0,0
9938,-85,0,2,0.001,3281,3241,4,4
9939,1075.01,2,35.559,0,744,737,0,0
9940,40,0,6,0,741,722,0,0
9941,313,-1,10,4,1683,1673,18,18
9942,38.33,0,1,0,84,78,0,0
9943,7,0,3,0,76,75,0,0
9944,17,0,8,0,5874,5879,0,0
9945,-1878.194,-7,22.539,15,19284,19222,15,15
9946,77,0,5,0,1758,1735,0,0
9949,-32,0,0.239,0,7274,6927,3,0
9950,0,0,214,0,0,0,0,0
9951,-11,0,0,-0.55,252,251,0,0
9955,74,0,-1,0,1420,1359,27,24
9958,-122.954,0,-0.39,10,9363,9282,30,28
9960,-16,0,0,0,519,498,0,0
9962,4,0,0,0,368,379,0,0
