code,fgn,inv,dlrSelf,dlrHedge,mgn,mgnPrev,shrt,shrtPrev
00400A,-5176.8,0,15,53.132,,,,
00401A,-2051,0,0,1351.942,,,,
00402A,-1336.074,0,0,-104.801,,,,
00403A,-15973.48,0,0,4895.154,,,,
00404A,143,0,1026,-778.816,,,,
00405A,-4440.52,0,61,-7617.929,,,,
00406A,-7982.587,0,0,-115518.044,,,,
00407A,-1540.78,0,0,-225.87,,,,
00408A,0,0,0,-152.323,,,,
00410A,-206,0,0,-218.026,,,,
0050,-19904.562,1400,706.829,-346.085,,,,
0051,-0.498,0,0,2.897,,,,
0052,-669.237,0,-293.019,121.879,,,,
0053,1.006,0,0,-33.621,,,,
0055,-56,0,0,-12.017,,,,
0056,-1427.505,260,0,-52.336,,,,
0057,0.001,0,0,-13.145,,,,
0061,-139,0,0,32.417,,,,
006201,-0.989,60,0,-76.062,168,187,11,11
006203,0,0,0,1.229,,,,
006204,-3,0,0,2,,,,
006205,-24,0,0,4.881,,,,
006206,0,0,0,0.301,,,,
006207,28.1,0,0,-34.357,,,,
006208,-212.642,0,0,-226.789,,,,
00631L,-4310.766,0,0,-8429.589,,,,
00632R,412,0,-5784,43821.403,,,,
00633L,-123,0,0,-1806.789,,,,
00634R,-999,0,0,492.09,,,,
00635U,-152.581,0,8,-2046.392,,,,
00636,1,0,0,-65.962,,,,
00636K,0,0,0,0,,,,
00637L,-1916,0,-50,-13435.372,,,,
00638R,0,0,0,54.995,,,,
00639,10,0,0,-427.757,,,,
00640L,-89,0,0,169.71,,,,
00641R,0,0,0,-589.1,,,,
00642U,9.405,0,0,1152.963,,,,
00643,39,0,0,-368.86,,,,
00645,0.124,0,0,14.536,,,,
00646,2.962,160,0,-561.895,,,,
00647L,0,0,0,6.502,,,,
00648R,0,0,0,-522.2,,,,
00650L,-94,0,0,-366.294,,,,
00651R,0,0,0,164.815,,,,
00652,-1,0,-8,72.459,,,,
00653L,5,0,0,-13.795,,,,
00654R,0,0,0,-3,,,,
00655L,-18,0,0,-453.53,,,,
00656R,0,0,0,-3,,,,
00657,0,0,0,-2.481,,,,
00657K,0,0,0,0,,,,
00660,0,0,0,1,,,,
00661,-1,0,0,-10.081,,,,
00662,399.075,0,0,-1691.936,,,,
00663L,-196,0,0,40.916,,,,
00664R,0,0,-899,-7168.592,,,,
00665L,-1798,0,0,-1616.394,,,,
00666R,0,0,0,48.235,,,,
00668,0.15,0,0,0.799,,,,
00668K,0,0,0,0,,,,
00669R,3,0,0,-292.87,,,,
00670L,-5,0,0,-58.943,,,,
00671R,0,0,0,-500.3,,,,
00673R,0,0,0,-8439.376,,,,
00674R,1,0,0,-86.332,,,,
00675L,-33,0,0,67.478,,,,
00676R,70,0,0,1051.944,,,,
00678,338.145,0,0,-391.991,,,,
00679B,432.4,0,0,2745.421,4261,4253,0,0
00680L,0,0,100,1997.361,,,,
00681R,0,0,0,0,,,,
00682U,0,0,0,-0.19,,,,
00683L,0,0,0,-7,,,,
00684R,0,0,0,4,,,,
00685L,-3685.799,0,-434,-20352.391,,,,
00686R,0,0,0,703,,,,
00687B,182,0,0,1822.633,4688,4672,5,112
00687C,0,0,0,0,,,,
00688L,-501,0,0,511.992,,,,
00689R,0,0,0,21.97,,,,
00690,0,0,0,-61.67,,,,
00692,118.11,0,0,-174.769,,,,
00693U,-259,0,0,199.561,,,,
00694B,0,0,0,-2.008,0,0,0,0
00695B,1,0,0,-2.026,0,0,0,0
00696B,-28,0,0,182.043,139,139,0,0
00697B,1,0,0,-63.711,5,5,0,0
00700,115,0,0,-20.789,,,,
00701,-46,0,0,-37.483,,,,
00702,0,0,0,6,,,,
00703,0,0,0,-8.316,,,,
00706L,4,0,0,-20.962,,,,
00708L,115,0,0,-2199.897,,,,
00709,0,0,0,107,,,,
00710B,-34,0,0,26.081,,,,
00711B,-1,0,0,1.056,,,,
00712,-4060,0,0,-3278.81,,,,
00713,262.346,0,0,3389.468,,,,
00714,1,0,0,-3.584,,,,
00715L,2612.9,0,0,1612.782,,,,
00717,12,0,0,1,,,,
00719B,-150,0,0,-1395.908,102,101,0,0
00720B,884,0,0,2547.067,1591,1591,0,0
00722B,212,0,-47,-203.326,87,87,0,0
00723B,0,0,0,-6.247,125,125,0,0
00724B,78,0,0,-19.189,23,23,0,0
00725B,1177.5,0,90,-182.521,526,528,0,0
00726B,0,0,0,0.146,3,3,0,0
00727B,-10,0,0,-6.331,3,0,0,0
00728,1,0,0,7.694,,,,
00730,0,0,0,39.256,,,,
00731,3,0,0,-5.575,,,,
00733,14,0,0,7.262,,,,
00734B,0,0,0,0,0,0,0,0
00735,-105.601,0,0,128.061,,,,
00736,0,0,0,-1,,,,
00737,-6,0,0,-7.69,,,,
00738U,-266.346,0,0,-1719.581,,,,
00739,-11,0,0,-27.746,,,,
00740B,216,0,-30,-159.189,50,50,0,0
00741B,-14,0,0,-1,3,3,0,0
00746B,75,0,0,-72.528,0,0,0,0
00749B,-76,0,0,91,0,0,0,0
00750B,-1,0,0,1,0,0,0,0
00751B,-166.25,0,0,-3224.889,1916,1916,0,0
00752,-437.94,0,0,74.829,,,,
00753L,-625,0,0,-5992.677,,,,
00754B,0,0,0,24.71,0,0,0,0
00755B,0,0,0,1.001,0,0,0,0
00756B,-11,0,0,26.907,21,21,0,0
00757,288.044,0,-13,617.596,,,,
00758B,0,0,0,0,0,0,0,0
00759B,0,0,0,0,0,0,0,0
00760B,0,0,0,-1.812,3,3,0,0
00761B,25,0,0,-3.365,31,31,0,0
00762,-111,0,0,106.275,,,,
00763U,0,0,0,-156.172,,,,
00764B,-2,0,0,133.384,37,37,0,0
00768B,-6,0,0,37.311,287,277,0,0
00770,-5,0,0,-88.453,,,,
00771,0,0,0,-22.03,,,,
00772B,93,0,0,569.815,863,863,0,0
00773B,49,0,0,79.868,4,4,0,0
00775B,-26,0,0,26.146,,,,
00777B,-2,0,0,0,0,0,0,0
00778B,2,0,0,-4,0,0,0,0
00779B,0,0,0,-1,0,0,0,0
00780B,-1,0,0,-4.229,0,0,0,0
00781B,0,0,0,-15.983,30,30,0,0
00782B,0,0,0,-15,12,12,0,0
00783,-37,0,0,33.111,,,,
00785B,5,0,0,0.861,1,1,0,0
00786B,1,0,0,53.467,8,8,0,0
00787B,0,0,0,0,0,0,0,0
00788B,1,0,0,33.969,0,0,0,0
00789B,0,0,0,10,0,0,0,0
00791B,0,0,0,0,0,0,0,0
00792B,0,0,0,1.82,0,0,0,0
00793B,-20,0,0,22.403,0,0,0,0
00795B,292,0,-20,533.85,1176,1176,0,0
00799B,-52,0,0,52.244,14,14,0,0
00830,-2393.598,0,22,-1999.233,,,,
00834B,0,0,0,0,0,0,0,0
00836B,19,0,0,-19,0,0,0,0
00840B,0,0,0,-3,0,0,0,0
00841B,0,0,0,0,0,0,0,0
00842B,21,0,0,3,0,0,0,0
00844B,-22,0,0,22,0,0,0,0
00845B,-16,0,0,16,0,0,0,0
00846B,0,0,0,0.012,0,0,0,0
00847B,-11,0,0,11.9,0,0,0,0
00848B,-1,0,0,-0.001,0,0,0,0
00849B,-1,0,0,0.623,0,0,0,0
00850,32,20,0,-13.314,,,,
00851,0,0,0,-2,,,,
00852L,0,0,0,87,,,,
00853B,0,0,0,-0.069,0,0,0,0
00856B,0,0,0,-7.08,0,0,0,0
00857B,225,0,0,-50.133,107,107,0,0
00858,-31.9,0,0,16.944,53,53,0,0
00859B,-109,0,0,-175.929,0,0,0,0
00860B,0,0,0,-6.381,0,0,0,0
00861,-9.99,0,0,-25.641,,,,
00862B,0,0,0,-2.972,11,11,0,0
00863B,8,0,0,-9,0,0,0,0
00864B,24,0,0,-126.099,26,26,0,0
00865B,59,0,0,-3103.341,,,,
00867B,-1,0,0,0.056,0,0,0,0
00870B,-20,0,0,32.267,0,0,0,0
00875,0,0,0,-29.44,,,,
00876,-24.872,0,0,-214.78,,,,
00877,4,0,20,-3014.155,7164,7112,29,38
00878,6146.185,0,0,-2381.369,,,,
00881,-438.219,0,-1278,-9855.606,,,,
00882,1046,0,0,243.067,,,,
00884B,0,0,0,11.663,0,0,0,0
00885,1971.843,0,19,445.234,,,,
00886,0,0,0,-0.517,0,0,0,0
00887,-599,0,10,-5289.237,20299,18996,126,135
00888,-47.82,0,0,1416.854,3302,3419,42,35
00890B,-1,0,0,-2,6,6,0,0
00891,-693.835,0,0,-1673.589,,,,
00892,-42.625,0,0,-47.407,,,,
00893,333.016,0,0,-243.314,,,,
00894,-134,0,0,-231.24,,,,
00895,440.02,0,0,-425.763,,,,
00896,-491.85,0,0,162.476,,,,
00897,-120,0,0,-76.244,,,,
00898,141,0,0,518.454,,,,
00899,0,0,0,23.846,,,,
00900,741,2500,0,-973.552,,,,
00901,12,0,0,-2.635,,,,
00902,138,0,0,152.807,,,,
00903,0,0,0,13.872,,,,
00904,-136.976,0,0,226.023,,,,
00905,-207,0,0,133.443,,,,
00907,-584,0,0,-1443.159,,,,
00908,-1,0,0,-68.007,,,,
00909,-795,0,47,384.991,,,,
00910,27.047,0,0,-16.444,,,,
00911,35.213,0,0,-617.889,,,,
00912,24.03,0,0,8.38,,,,
00913,-73,0,-152,171.686,,,,
00915,71,0,0,164.852,,,,
00916,-1,0,0,24.438,,,,
00917,2,0,0,3.622,,,,
00918,-1316.8,0,1,-1258.567,,,,
00919,-9642.657,3726,15,-14032.559,,,,
00920,-1.962,0,0,-0.85,,,,
00921,-2,0,0,0.514,,,,
00922,175.245,0,0,-558.096,,,,
00923,-311.975,0,0,-562.674,,,,
00924,-42.71,0,0,-344.829,,,,
00926,-8.75,0,0,-138.349,,,,
00927,600.215,0,0,774.442,,,,
00928,-5.2,0,0,-156.033,491,517,7,7
00929,930.983,0,0,-490.403,,,,
00930,15.02,0,0,-18.538,,,,
00931B,3,0,0,295.526,2866,2862,0,0
00932,96,0,0,13.64,,,,
00933B,798.5,0,0,1629.229,134,134,0,0
00934,199,0,0,-68.093,,,,
00935,-331.85,331,0,438.821,,,,
00936,129,0,0,133.12,,,,
00937B,9027.5,0,390,6921.089,24175,24194,0,116
00938,-197,0,0,-868.345,,,,
00939,385,0,0,-624.152,,,,
00940,939,0,-50,6586.294,,,,
00941,-598.089,0,0,458.572,,,,
00942B,301,0,0,-238.802,6,6,0,0
00943,0,0,0,26.266,,,,
00944,-97.953,0,0,128.099,,,,
00945B,-9,0,238,-421.458,,,,
00946,481,0,0,3.878,,,,
00947,-52.014,0,0,204.634,,,,
00948B,918,0,0,316.957,599,599,0,0
00949,15.045,0,0,-16.986,,,,
00950B,430,0,0,744.826,244,250,0,0
00951,447,0,0,-146.597,,,,
00952,-4.974,0,0,74.227,,,,
00953B,-117.003,0,0,-22964.74,,,,
00954,-40,0,0,163.223,,,,
00955,283,0,125,2715.774,1394,1397,0,0
00956,32,0,0,17.38,,,,
00957B,1,0,0,20.747,4,9,0,0
00958B,-248,0,0,616.116,12,3,0,0
00959B,-45,0,0,765.557,716,716,0,0
00960,-40.971,0,0,-572.611,,,,
00961,-565,0,0,-4622.094,,,,
00962,328,0,0,-360.676,,,,
00963,-6,0,0,-248,,,,
00964,0,0,0,286.118,,,,
00965,9,0,0,-39.259,,,,
00966B,0,0,0,136.931,66,66,0,0
00967B,4,0,0,23,5,5,0,0
00968B,4,0,0,59.222,43,43,0,0
00969B,-223,0,0,489.75,112,92,0,0
00970B,0,0,0,84.632,174,176,0,0
00971,0,0,0,19.619,,,,
00972,5.086,0,0,12.733,,,,
009800,-50,0,0,-163.372,,,,
009801,-2,0,0,-47.354,,,,
009802,-8,0,0,-441.398,,,,
009803,-73,0,0,68.095,,,,
009804,-10,0,0,-1.346,,,,
009805,-4,0,50,-4136.417,,,,
009806,0,0,0,15.848,0,1,0,0
009807,0,0,0,-0.195,3,3,0,0
009808,9,0,0,-24.762,,,,
009809,0,0,0,2.574,,,,
00980A,-804,543,-8,1064.233,,,,
00980B,0,0,0,27,1,1,0,0
00980D,-19,0,0,40.496,259,255,0,0
00980T,-1,0,0,30.604,7,7,0,0
009810,-1,0,0,-101.823,,,,
009811,0,0,0,-410.434,,,,
009812,-5,0,0,173.75,,,,
009813,0.1,0,0,52.999,,,,
009814,-16.5,0,0,-955.764,19,8,0,0
009815,-5.95,0,0,-233.427,1015,962,1,1
009816,-10563.328,0,-3914,-7397.538,,,,
009817,230,0,60,-108.127,,,,
009818,-1,0,0,27.89,,,,
009819,-1444.8,0,0,-2754.924,,,,
00981A,-9391.498,-1300,298,-6229.068,,,,
00981B,833,0,0,-10366.527,11066,10732,0,0
00981D,-288,0,0,-163.331,3480,3353,0,0
00981T,7,0,0,-378.054,,,,
009820,-4352,0,0,2871.403,,,,
009821,2630,0,0,15792.452,,,,
009822,5,0,0,328.402,3,11,0,0
009823,0.1,0,0,477.636,261,313,0,0
009824,-344,0,0,-848.074,,,,
009825,0,0,0,1322.354,38,228,0,0
009826,11.492,0,0,-15252.425,,,,
009829,36,0,100,-39072.385,,,,
00982A,5939,0,-240,-3044.593,,,,
00982B,0,0,0,-1,101,101,0,0
00982D,5,0,0,47,,,,
00982T,0,0,0,32.729,,,,
00983A,528,0,158,1011.527,,,,
00983B,0,0,0,104.127,52,52,0,0
00983D,-1,0,0,-120.842,,,,
00984A,-508,0,0,503.695,,,,
00984B,9,0,0,367.473,353,356,0,0
00984D,0,0,0,-22913.125,,,,
00985A,-14,0,-75,-352.2,,,,
00985B,0,0,0,-1890.678,,,,
00985D,144,0,0,-33.805,36,36,0,0
00986A,-15,0,0,-24.084,,,,
00986B,0,0,0,-0.578,0,0,0,0
00986D,-1,0,0,-171.715,0,0,0,0
00987A,16,0,0,-291.077,,,,
00987B,-3,0,0,114.383,8,8,0,0
00988A,-7117.298,-2000,-88,895,,,,
00988B,53,0,0,-973.354,4427,4394,0,0
00989A,-7,0,0,36,,,,
00989B,-250,0,0,913.638,242,240,0,0
00990A,-4443.5,0,2,-387.17,,,,
00990B,0,0,0,-541.303,258,256,0,0
00991A,-7520.457,0,1481,4875.1,,,,
00991B,0,0,0,8.852,,,,
00992A,3719.701,0,-550,-4452.393,,,,
00993A,-132,0,0,479.471,,,,
00994A,-73.9,0,0,427.166,,,,
00995A,86.1,0,0,181.45,,,,
00996A,26,0,0,66.876,,,,
00997A,-766.8,0,0,-964.131,,,,
00998A,-19,0,0,-1305.798,1090,812,0,0
00999A,-152,0,0,887.611,,,,
01002T,-2,0,0,0,,,,
01007T,-29,0,0,0,,,,
020000,0,0,0,2,,,,
02001L,0,0,0,36,,,,
020028,0,0,0,38,,,,
020029,0,0,0,11,,,,
020030,0,0,0,1,,,,
020031,0,0,0,0,,,,
020033,0,0,0,-25,,,,
020034,0,0,0,8,,,,
020035,0,0,0,1330,,,,
020037,0,0,0,-2,,,,
020038,0,0,0,16,,,,
020039,0,0,0,16,,,,
020040,0,0,0,874,,,,
020041,0,0,0,10,,,,
03005T,0,0,0,-1,,,,
03006T,0,0,0,50,,,,
03014T,0,0,0,-10,,,,
03017T,0,0,0,-33,,,,
03021T,0,0,0,0,,,,
030241,0,0,0,-15,,,,
030242,0,0,0,-1,,,,
030245,0,0,0,7,,,,
030251,0,0,0,0,,,,
03026T,0,0,0,-1,,,,
03035T,0,0,0,-1,,,,
03045T,0,0,0,200,,,,
03048T,0,0,0,2,,,,
03050T,0,0,0,542,,,,
03051T,0,0,0,140,,,,
03052T,0,0,0,-889,,,,
03055T,0,0,0,-101,,,,
03056T,0,0,0,-98,,,,
030573,1,0,0,-20,,,,
030576,0,0,0,107,,,,
030578,0,0,0,0,,,,
030580,0,0,0,1,,,,
030591,0,0,0,-5,,,,
030592,0,0,0,-5,,,,
03059T,0,0,0,-234,,,,
030608,0,0,0,-6,,,,
030609,0,0,0,334,,,,
03063T,0,0,0,-35,,,,
03068T,0,0,0,0,,,,
03073T,0,0,0,-20,,,,
03075T,0,0,0,100,,,,
03076T,0,0,0,-193,,,,
03085T,0,0,0,-10,,,,
03089T,0,0,0,-46,,,,
03091T,0,0,0,60,,,,
03094T,0,0,0,6,,,,
03095T,0,0,0,2,,,,
030967,0,0,0,-36,,,,
03096T,0,0,0,-312,,,,
03098T,0,0,0,-8,,,,
03105T,0,0,0,10,,,,
03106T,0,0,0,-10,,,,
031074,0,0,0,-1,,,,
03107T,0,0,0,-20,,,,
03110T,0,0,0,65,,,,
03116T,0,0,0,-7,,,,
03118T,0,0,0,5,,,,
03119T,0,0,0,-599,,,,
03120T,0,0,0,-140,,,,
03121T,0,0,0,-10,,,,
03124T,0,0,0,-10,,,,
031266,0,0,0,-20,,,,
031273,0,0,0,-34,,,,
031274,0,0,0,-7,,,,
031286,0,0,0,-4,,,,
03128T,0,0,0,2,,,,
03129T,0,0,0,5,,,,
031308,0,0,0,28,,,,
03130T,0,0,0,-998,,,,
031316,0,0,0,-95,,,,
03131T,0,0,0,-2,,,,
031321,0,0,0,-2,,,,
03134T,0,0,0,183,,,,
03137T,0,0,0,0,,,,
03139T,0,0,0,1,,,,
03140T,0,0,0,-3,,,,
03142T,0,0,0,-611,,,,
03148T,0,0,0,-1,,,,
03149T,0,0,0,-1,,,,
031526,0,0,0,-32,,,,
03155T,0,0,0,-4,,,,
03157T,0,0,0,-10,,,,
03159T,0,0,0,-305,,,,
03160T,0,0,0,4,,,,
03162T,0,0,0,-310,,,,
03163T,0,0,0,1,,,,
03164T,0,0,0,759,,,,
03166T,0,0,0,73,,,,
03167T,0,0,0,-2495,,,,
03168T,0,0,0,6,,,,
03171T,0,0,0,-12,,,,
03172T,0,0,0,-50,,,,
03173T,0,0,0,-10,,,,
03175T,0,0,0,-2,,,,
03176T,0,0,0,60,,,,
03177T,0,0,0,-254,,,,
03178T,0,0,0,-41,,,,
03179T,0,0,0,-499,,,,
03184T,0,0,0,-435,,,,
03185T,0,0,0,-5,,,,
03188T,0,0,0,-291,,,,
03190T,0,0,0,-200,,,,
03191T,0,0,0,123,,,,
03192T,0,0,0,91,,,,
03193T,0,0,0,-92,,,,
03194T,0,0,0,20,,,,
03195T,0,0,0,1,,,,
03196T,0,0,0,-1,,,,
03200T,0,0,0,6,,,,
03201T,0,0,0,-10,,,,
03204T,0,0,0,-40,,,,
03205T,0,0,0,-145,,,,
032075,0,0,0,-20,,,,
03207T,0,0,0,40,,,,
03209T,0,0,0,-94,,,,
03210T,0,0,0,40,,,,
03211T,0,0,0,-211,,,,
03214T,0,0,0,-510,,,,
03215T,0,0,0,-4,,,,
03217T,0,0,0,5,,,,
03218T,0,0,0,-128,,,,
03219T,0,0,0,-10,,,,
03220T,0,0,0,-2,,,,
03222T,0,0,0,8,,,,
03227T,0,0,0,-30,,,,
03228T,0,0,0,-10,,,,
03229T,0,0,0,41,,,,
03230T,0,0,0,89,,,,
03231T,0,0,0,-115,,,,
03232T,0,0,0,-50,,,,
03234T,0,0,0,-105,,,,
03236T,0,0,0,-1,,,,
03237T,0,0,0,195,,,,
03238T,0,0,0,-101,,,,
03239T,0,0,0,201,,,,
03240T,0,0,0,0,,,,
03245T,0,0,0,-5,,,,
03247T,0,0,0,-10,,,,
03248T,0,0,0,-8,,,,
03249T,0,0,0,-1,,,,
03250T,0,0,0,-201,,,,
03253T,0,0,0,-5,,,,
03255T,0,0,0,-45,,,,
03256T,0,0,0,-73,,,,
03257T,0,0,0,9,,,,
03264T,0,0,0,-39,,,,
03265T,0,0,0,-361,,,,
03266T,0,0,0,50,,,,
03268T,0,0,0,-19,,,,
03269T,0,0,0,582,,,,
03271T,0,0,0,-6,,,,
03273T,0,0,0,-219,,,,
03275T,0,0,0,55,,,,
03276T,0,0,0,-98,,,,
03277T,0,0,0,-1,,,,
03279T,0,0,0,-8,,,,
03283T,0,0,0,-13,,,,
03284T,0,0,0,15,,,,
03288T,0,0,0,-5,,,,
03289T,0,0,0,7,,,,
03292T,0,0,0,-10,,,,
03293T,0,0,0,-13,,,,
032942,0,0,0,-20,,,,
032944,0,0,0,-16,,,,
032956,0,0,0,396,,,,
032957,0,0,0,-11,,,,
032958,0,0,0,-8,,,,
03295T,0,0,0,224,,,,
032960,0,0,0,-10,,,,
03296T,0,0,0,-1150,,,,
03298T,0,0,0,154,,,,
03302T,0,0,0,-1,,,,
03304T,0,0,0,1,,,,
03305T,0,0,0,-65,,,,
03307T,0,0,0,50,,,,
03309T,0,0,0,40,,,,
03312T,0,0,0,7,,,,
03321T,0,0,0,4,,,,
03322T,0,0,0,85,,,,
03324T,0,0,0,25,,,,
03326T,0,0,0,-357,,,,
03327T,0,0,0,1,,,,
03328T,0,0,0,-22,,,,
03330T,0,0,0,-3,,,,
03333T,0,0,0,20,,,,
03334T,0,0,0,-1123,,,,
03335T,0,0,0,-520,,,,
03336T,0,0,0,-187,,,,
03337T,0,0,0,10,,,,
03338T,0,0,0,-99,,,,
03339T,0,0,0,115,,,,
03341T,0,0,0,-255,,,,
03342T,0,0,0,1,,,,
03343T,0,0,0,203,,,,
03345T,0,0,0,-30,,,,
03346T,0,0,0,1,,,,
03347T,0,0,0,88,,,,
03348T,0,0,0,-110,,,,
03349T,0,0,0,-2,,,,
03350T,0,0,0,-28,,,,
03351T,0,0,0,-57,,,,
03353T,0,0,0,-30,,,,
033550,0,0,0,-10,,,,
033551,0,0,0,-18,,,,
033552,0,0,0,140,,,,
033555,0,0,0,-2,,,,
03355T,0,0,0,-20,,,,
033567,0,0,0,4,,,,
03356T,0,0,0,4,,,,
033588,0,0,0,-40,,,,
033592,0,0,0,1,,,,
03361T,0,0,0,2,,,,
033639,0,0,0,136,,,,
033642,0,0,0,713,,,,
033644,0,0,0,100,,,,
03364T,0,0,0,20,,,,
033652,0,0,0,194,,,,
033656,0,0,0,4,,,,
033663,0,0,0,6,,,,
033665,0,0,0,100,,,,
03366T,0,0,0,-120,,,,
03370T,0,0,0,-2,,,,
03371T,0,0,0,-93,,,,
03372T,0,0,0,-72,,,,
03373T,0,0,0,-91,,,,
03374T,0,0,0,4,,,,
03375T,0,0,0,2,,,,
03377T,0,0,0,20,,,,
03379T,0,0,0,-12,,,,
03380T,0,0,0,-30,,,,
033845,0,0,0,30,,,,
033849,0,0,0,0,,,,
03386T,0,0,0,-1,,,,
03387T,0,0,0,-60,,,,
03389T,0,0,0,15,,,,
033908,0,0,0,14,,,,
03390T,0,0,0,1,,,,
03393T,0,0,0,-1880,,,,
033942,0,0,0,36,,,,
033944,0,0,0,11,,,,
033951,0,0,0,53,,,,
033954,0,0,0,-3,,,,
033958,0,0,0,-10,,,,
03395T,0,0,0,-1,,,,
033962,0,0,0,-2,,,,
033966,0,0,0,-689,,,,
03396T,0,0,0,-45,,,,
033970,0,0,0,1,,,,
033973,0,0,0,-5,,,,
03397T,0,0,0,-18,,,,
03399T,0,0,0,-2,,,,
03402T,0,0,0,76,,,,
03403T,0,0,0,-344,,,,
03404T,0,0,0,-573,,,,
03405T,0,0,0,-20,,,,
034074,0,0,0,0,,,,
03410T,0,0,0,52,,,,
03411T,0,0,0,-84,,,,
03413T,0,0,0,94,,,,
03415T,0,0,0,-16,,,,
03417T,0,0,0,-30,,,,
03418T,0,0,0,515,,,,
03419T,0,0,0,-49,,,,
03421T,0,0,0,-908,,,,
03422T,0,0,0,2,,,,
03423T,0,0,0,-176,,,,
034247,0,0,0,80,,,,
03424T,0,0,0,-15,,,,
03425T,0,0,0,-44,,,,
03427T,0,0,0,120,,,,
03428T,0,0,0,0,,,,
03429T,0,0,0,38,,,,
03431T,0,0,0,-15,,,,
03432T,0,0,0,38,,,,
03434T,0,0,0,-20,,,,
03438T,0,0,0,184,,,,
03439T,0,0,0,-3,,,,
03440T,0,0,0,1,,,,
03441T,0,0,0,-35,,,,
03442T,0,0,0,-4,,,,
03444T,0,0,0,-156,,,,
03445T,0,0,0,6,,,,
03446T,0,0,0,2,,,,
03447T,0,0,0,-1,,,,
03448T,0,0,0,192,,,,
03449T,0,0,0,-5,,,,
03450T,0,0,0,-2,,,,
03453T,0,0,0,-101,,,,
03456T,0,0,0,-234,,,,
034573,0,0,0,1,,,,
034597,0,0,0,1,,,,
034599,0,0,0,2,,,,
03460T,0,0,0,-10,,,,
03463T,0,0,0,-4,,,,
03464T,0,0,0,0,,,,
03465T,0,0,0,-700,,,,
03466T,0,0,0,-208,,,,
03467T,0,0,0,8,,,,
03468T,0,0,0,67,,,,
03470T,0,0,0,-2,,,,
03473T,0,0,0,8,,,,
03474T,0,0,0,-6,,,,
03475T,0,0,0,-9,,,,
03476T,0,0,0,-1040,,,,
03477T,0,0,0,-10,,,,
034786,0,0,0,0,,,,
03478T,0,0,0,10,,,,
03480T,0,0,0,10,,,,
034819,0,0,0,0,,,,
03482T,0,0,0,0,,,,
03483T,0,0,0,-5,,,,
034857,0,0,0,1,,,,
03486T,0,0,0,-24,,,,
03489T,0,0,0,-92,,,,
034901,0,0,0,3,,,,
03490T,0,0,0,-13,,,,
03491T,0,0,0,-10,,,,
03492T,0,0,0,-2303,,,,
03493T,0,0,0,-132,,,,
03494T,0,0,0,-2,,,,
03495T,0,0,0,484,,,,
034994,0,0,0,-10,,,,
03499T,0,0,0,-104,,,,
03501T,0,0,0,-2,,,,
03502T,0,0,0,-115,,,,
035047,0,0,0,0,,,,
035057,0,0,0,2,,,,
035061,0,0,0,2,,,,
035062,0,0,0,10,,,,
035080,0,0,0,1,,,,
035081,0,0,0,-464,,,,
03508T,0,0,0,-20,,,,
035098,0,0,0,0,,,,
03510T,0,0,0,17,,,,
03511T,0,0,0,0,,,,
03513T,0,0,0,-5,,,,
03518T,0,0,0,-210,,,,
03521T,0,0,0,-20,,,,
035245,0,0,0,0,,,,
03524T,0,0,0,9,,,,
03525T,0,0,0,36,,,,
03526T,0,0,0,-15,,,,
03530T,0,0,0,-149,,,,
035325,0,0,0,31,,,,
03532T,0,0,0,20,,,,
035338,0,0,0,-1,,,,
03533T,0,0,0,-6,,,,
035349,0,0,0,0,,,,
03535T,0,0,0,-493,,,,
035369,0,0,0,83,,,,
03536T,0,0,0,117,,,,
03537T,0,0,0,-97,,,,
035409,0,0,0,164,,,,
03540T,0,0,0,9,,,,
03541T,0,0,0,-127,,,,
03542T,0,0,0,-30,,,,
03543T,0,0,0,6,,,,
03544T,0,0,0,10,,,,
03546T,0,0,0,-11,,,,
03547T,0,0,0,-74,,,,
03552T,0,0,0,1,,,,
03553T,0,0,0,163,,,,
03554T,0,0,0,-4,,,,
03555T,0,0,0,-32,,,,
03556T,0,0,0,-230,,,,
03558T,0,0,0,-1205,,,,
03559T,0,0,0,-300,,,,
03560T,0,0,0,-200,,,,
03561T,0,0,0,-190,,,,
03563T,0,0,0,-50,,,,
03564T,0,0,0,-86,,,,
03566T,0,0,0,3,,,,
035682,0,0,0,90,,,,
03568T,0,0,0,100,,,,
03569T,0,0,0,-28,,,,
03570T,0,0,0,90,,,,
03571T,0,0,0,188,,,,
035737,0,0,0,214,,,,
035740,0,0,0,8,,,,
035742,0,0,0,45,,,,
035766,0,0,0,-5,,,,
035768,0,0,0,-11,,,,
03579T,0,0,0,26,,,,
03580T,0,0,0,-88,,,,
03584T,0,0,0,22,,,,
03586T,0,0,0,-398,,,,
03587T,0,0,0,-105,,,,
035897,0,0,0,35,,,,
03593T,0,0,0,10,,,,
035948,0,0,0,-2,,,,
03597T,0,0,0,-5,,,,
03599T,0,0,0,51,,,,
03602T,0,0,0,9,,,,
036038,0,0,0,0,,,,
03604T,0,0,0,1,,,,
03605T,0,0,0,-517,,,,
03606T,0,0,0,-7,,,,
03609T,0,0,0,-5,,,,
03610T,0,0,0,-3,,,,
03613T,0,0,0,30,,,,
03615T,0,0,0,1,,,,
03616T,0,0,0,2,,,,
03617T,0,0,0,-1,,,,
03618T,0,0,0,-185,,,,
03619T,0,0,0,19,,,,
03620T,0,0,0,-674,,,,
03621T,0,0,0,6,,,,
03624T,0,0,0,-30,,,,
03626T,0,0,0,20,,,,
03627T,0,0,0,-42,,,,
03628T,0,0,0,-61,,,,
036295,0,0,0,10,,,,
036299,0,0,0,69,,,,
036306,0,0,0,5,,,,
03630T,0,0,0,-1,,,,
03631T,0,0,0,-100,,,,
03632T,0,0,0,14,,,,
036339,0,0,0,1,,,,
036346,0,0,0,-62,,,,
03635T,0,0,0,-20,,,,
03636T,0,0,0,290,,,,
03637T,0,0,0,-2,,,,
03638T,0,0,0,-2,,,,
03640T,0,0,0,9,,,,
03641T,0,0,0,-63,,,,
03642T,0,0,0,-2,,,,
03643T,0,0,0,-12,,,,
03644T,0,0,0,-5,,,,
036450,0,0,0,6,,,,
036451,0,0,0,67,,,,
036457,0,0,0,14,,,,
03645T,0,0,0,197,,,,
03648T,0,0,0,-2,,,,
036493,0,0,0,28,,,,
036498,0,0,0,11,,,,
03651T,0,0,0,3,,,,
03652T,0,0,0,10,,,,
03653T,2,0,0,51,,,,
03658T,0,0,0,5,,,,
03659T,0,0,0,8,,,,
03661T,0,0,0,-15,,,,
03662T,0,0,0,-1199,,,,
03663T,0,0,0,-774,,,,
03665T,0,0,0,-39,,,,
03669T,0,0,0,29,,,,
03670T,0,0,0,1008,,,,
03672T,0,0,0,-50,,,,
03675T,0,0,0,-20,,,,
03676T,0,0,0,-98,,,,
03677T,0,0,0,50,,,,
03679T,0,0,0,-103,,,,
036805,0,0,0,4,,,,
03680T,0,0,0,-11,,,,
036815,0,0,0,-70,,,,
03681T,0,0,0,10,,,,
036843,0,0,0,5,,,,
036845,0,0,0,-17,,,,
036852,0,0,0,-66,,,,
036855,0,0,0,-8,,,,
03685T,0,0,0,25,,,,
036860,0,0,0,-10,,,,
036865,0,0,0,-32,,,,
036869,0,0,0,10,,,,
03686T,0,0,0,-20,,,,
03687T,0,0,0,-10,,,,
03688T,0,0,0,-3,,,,
03690T,0,0,0,-12,,,,
03691T,0,0,0,-2,,,,
036930,0,0,0,3,,,,
03693T,0,0,0,-9,,,,
03696T,0,0,0,27,,,,
03700T,0,0,0,-10,,,,
037022,0,0,0,16,,,,
037031,0,0,0,-9,,,,
03703T,0,0,0,-21,,,,
037041,0,0,0,20,,,,
037044,0,0,0,14,,,,
037045,0,0,0,10,,,,
037048,0,0,0,-10,,,,
037049,0,0,0,2,,,,
03704T,0,0,0,40,,,,
037052,0,0,0,20,,,,
037053,0,0,0,-8,,,,
037056,0,0,0,20,,,,
037061,0,0,0,1,,,,
03707T,0,0,0,0,,,,
037091,0,0,0,-16,,,,
03711T,0,0,0,220,,,,
03713T,0,0,0,40,,,,
03714T,0,0,0,-107,,,,
03715T,0,0,0,140,,,,
03716T,0,0,0,-40,,,,
03718T,0,0,0,-2,,,,
03720T,0,0,0,-7,,,,
03721T,0,0,0,-30,,,,
03723T,0,0,0,-15,,,,
037254,0,0,0,225,,,,
03725T,0,0,0,80,,,,
03726B,0,0,0,27,,,,
03730T,0,0,0,100,,,,
03731T,0,0,0,47,,,,
03732B,0,0,0,-743,,,,
03733B,0,0,0,188,,,,
03733T,0,0,0,-10,,,,
03734B,0,0,0,264,,,,
03734T,0,0,0,-37,,,,
03735B,0,0,0,1139,,,,
03735T,0,0,0,10,,,,
03736B,0,0,0,518,,,,
03736T,0,0,0,-2,,,,
03737B,0,0,0,-20,,,,
03738B,0,0,0,649,,,,
03739B,0,0,0,-32,,,,
03741B,0,0,0,-49,,,,
03742B,0,0,0,-2,,,,
03743B,0,0,0,19,,,,
03743T,0,0,0,-21,,,,
037442,0,0,0,-11,,,,
03746T,0,0,0,-20,,,,
03747T,0,0,0,12,,,,
03748T,0,0,0,30,,,,
037494,0,0,0,-61,,,,
037495,0,0,0,4,,,,
037496,0,0,0,-22,,,,
037497,0,0,0,63,,,,
03749T,0,0,0,30,,,,
03750T,0,0,0,280,,,,
037520,0,0,0,0,,,,
03752T,0,0,0,2,,,,
037533,0,0,0,1,,,,
03755T,0,0,0,-40,,,,
03758T,0,0,0,10,,,,
03759T,0,0,0,-53,,,,
03760T,0,0,0,-10,,,,
03762T,0,0,0,-104,,,,
037648,0,0,0,-73,,,,
03764T,0,0,0,362,,,,
03767T,0,0,0,-39,,,,
03771T,0,0,0,325,,,,
03773T,0,0,0,-2,,,,
03774T,0,0,0,4,,,,
037755,0,0,0,-10,,,,
03776T,0,0,0,-100,,,,
03777T,0,0,0,40,,,,
03778T,0,0,0,0,,,,
03780T,0,0,0,-11,,,,
03781T,0,0,0,-11,,,,
03782T,0,0,0,-3,,,,
03786T,0,0,0,-10,,,,
03787T,0,0,0,16,,,,
03788T,0,0,0,-1,,,,
03790T,0,0,0,355,,,,
03792T,0,0,0,7,,,,
03795T,0,0,0,10,,,,
03796T,0,0,0,-5,,,,
03797T,0,0,0,39,,,,
037988,0,0,0,8,,,,
037989,0,0,0,0,,,,
03801T,0,0,0,62,,,,
03802T,0,0,0,-29,,,,
03803T,0,0,0,25,,,,
03806T,0,0,0,242,,,,
03808T,0,0,0,-20,,,,
03809T,0,0,0,-10,,,,
03810T,0,0,0,-1,,,,
03811T,0,0,0,-2,,,,
03812T,0,0,0,-10,,,,
03813T,0,0,0,-26,,,,
03814T,0,0,0,-15,,,,
03815T,0,0,0,-50,,,,
03816T,0,0,0,-39,,,,
03821T,-50,0,0,320,,,,
03823T,0,0,0,-64,,,,
03824T,0,0,0,8,,,,
03825T,0,0,0,-7,,,,
03826T,0,0,0,-2,,,,
03828T,0,0,0,2,,,,
03829T,0,0,0,-25,,,,
03830T,0,0,0,-160,,,,
038313,0,0,0,-30,,,,
038315,0,0,0,1,,,,
038317,0,0,0,-10,,,,
038318,0,0,0,45,,,,
03831T,0,0,0,26,,,,
038320,0,0,0,10,,,,
038321,0,0,0,-10,,,,
03832T,0,0,0,-75,,,,
03833T,0,0,0,31,,,,
03834T,0,0,0,2,,,,
03835T,0,0,0,4,,,,
03836T,0,0,0,2,,,,
03837T,0,0,0,410,,,,
03840T,0,0,0,-3,,,,
03841T,0,0,0,20,,,,
03845T,0,0,0,-341,,,,
03846T,0,0,0,-749,,,,
03847T,0,0,0,-324,,,,
03851T,0,0,0,-56,,,,
038529,0,0,0,3,,,,
03852T,0,0,0,5,,,,
038531,0,0,0,10,,,,
038567,0,0,0,-70,,,,
038571,0,0,0,2,,,,
03857T,0,0,0,-29,,,,
038581,0,0,0,-20,,,,
03861T,0,0,0,-10,,,,
03862T,0,0,0,-7,,,,
03863T,0,0,0,6,,,,
038660,0,0,0,5,,,,
03867T,0,0,0,10,,,,
03871T,0,0,0,4,,,,
03873T,0,0,0,-4,,,,
03874T,0,0,0,-5,,,,
03875T,0,0,0,2,,,,
03876T,0,0,0,-1,,,,
03877T,0,0,0,-112,,,,
038782,0,0,0,26,,,,
03878T,0,0,0,0,,,,
038795,0,0,0,-10,,,,
03879T,0,0,0,30,,,,
038808,0,0,0,-15,,,,
03880T,0,0,0,-10,,,,
038812,0,0,0,2,,,,
038813,0,0,0,20,,,,
038816,0,0,0,0,,,,
03881T,0,0,0,10,,,,
038822,0,0,0,1,,,,
038824,0,0,0,8,,,,
038825,0,0,0,0,,,,
038828,0,0,0,-20,,,,
03882T,0,0,0,-125,,,,
038838,0,0,0,-10,,,,
038841,0,0,0,1,,,,
038844,0,0,0,-2,,,,
038847,0,0,0,235,,,,
038848,0,0,0,-48,,,,
038851,0,0,0,-20,,,,
038853,0,0,0,-10,,,,
038856,0,0,0,115,,,,
038857,0,0,0,-30,,,,
03885T,0,0,0,-114,,,,
038860,0,0,0,5,,,,
038862,0,0,0,28,,,,
038864,0,0,0,-13,,,,
038865,0,0,0,-1,,,,
038877,0,0,0,14,,,,
03888T,0,0,0,-2,,,,
03889T,0,0,0,3,,,,
03890T,0,0,0,70,,,,
03893T,0,0,0,22,,,,
038960,0,0,0,-83,,,,
03896T,0,0,0,0,,,,
03897T,0,0,0,-440,,,,
038987,0,0,0,680,,,,
03898T,0,0,0,-3,,,,
038996,0,0,0,0,,,,
038997,0,0,0,0,,,,
03899T,0,0,0,-11,,,,
039001,0,0,0,-20,,,,
039008,0,0,0,-26,,,,
03900T,0,0,0,75,,,,
03901T,0,0,0,-15,,,,
039025,0,0,0,258,,,,
039027,0,0,0,-10,,,,
039028,0,0,0,3,,,,
039032,0,0,0,-11,,,,
039034,0,0,0,-10,,,,
039035,0,0,0,9,,,,
039036,0,0,0,-2,,,,
039037,0,0,0,1,,,,
039038,0,0,0,-34,,,,
03903T,0,0,0,46,,,,
03906T,0,0,0,10,,,,
03908T,0,0,0,22,,,,
03909T,0,0,0,5,,,,
03910T,0,0,0,-10,,,,
03912T,0,0,0,-2,,,,
03916T,0,0,0,-10,,,,
03917T,0,0,0,1,,,,
039195,0,0,0,-1,,,,
03920T,0,0,0,-30,,,,
03921T,0,0,0,36,,,,
03922T,0,0,0,-28,,,,
03924T,0,0,0,-20,,,,
03926T,0,0,0,-15,,,,
03928T,0,0,0,1,,,,
03929T,0,0,0,13,,,,
03930T,0,0,0,-6,,,,
03931T,0,0,0,107,,,,
039328,0,0,0,0,,,,
03933T,0,0,0,-9,,,,
03936T,0,0,0,30,,,,
03937T,0,0,0,1,,,,
03938T,0,0,0,40,,,,
03942T,0,0,0,21,,,,
039438,0,0,0,-120,,,,
039440,0,0,0,-1,,,,
039441,0,0,0,40,,,,
039443,0,0,0,156,,,,
039445,0,0,0,-142,,,,
039449,0,0,0,166,,,,
03944T,200,0,0,-67,,,,
039450,0,0,0,44,,,,
039451,0,0,0,6,,,,
039454,0,0,0,-1,,,,
039455,0,0,0,15,,,,
039456,0,0,0,-50,,,,
039458,0,0,0,-70,,,,
03945T,0,0,0,1,,,,
039463,0,0,0,-10,,,,
039464,0,0,0,-5,,,,
039468,0,0,0,-108,,,,
039469,0,0,0,103,,,,
039470,0,0,0,-240,,,,
039472,0,0,0,-38,,,,
039475,0,0,0,-25,,,,
039477,0,0,0,0,,,,
03947T,0,0,0,10,,,,
03948T,0,0,0,-1,,,,
03949T,0,0,0,-185,,,,
03950T,0,0,0,101,,,,
03951T,0,0,0,38,,,,
03953T,0,0,0,75,,,,
03955T,0,0,0,11,,,,
03956T,0,0,0,58,,,,
03957T,0,0,0,4,,,,
03959T,0,0,0,-10,,,,
039603,0,0,0,-3,,,,
039606,0,0,0,35,,,,
039607,0,0,0,61,,,,
039618,0,0,0,3,,,,
03961T,0,0,0,-1018,,,,
039623,0,0,0,-10,,,,
03965T,0,0,0,-11,,,,
03970T,0,0,0,3,,,,
03972T,0,0,0,10,,,,
03976T,0,0,0,-3,,,,
03977T,0,0,0,-20,,,,
039788,0,0,0,1,,,,
03979T,0,0,0,2,,,,
03980T,0,0,0,-4,,,,
039820,0,0,0,50,,,,
03982T,0,0,0,0,,,,
03983T,0,0,0,10,,,,
03984T,0,0,0,-15,,,,
03986T,0,0,0,-120,,,,
039871,0,0,0,-33,,,,
03987T,0,0,0,441,,,,
03988T,0,0,0,5,,,,
03991T,0,0,0,-50,,,,
03992T,0,0,0,20,,,,
03993T,0,0,0,-10,,,,
03995T,0,0,0,-20,,,,
03997T,0,0,0,-85,,,,
03998T,0,0,0,58,,,,
03999T,0,0,0,2,,,,
040002,0,0,0,0,,,,
04000T,0,0,0,-21,,,,
040024,0,0,0,5,,,,
04003T,0,0,0,-10,,,,
040041,0,0,0,0,,,,
04005T,0,0,0,22,,,,
040075,0,0,0,9,,,,
04007T,0,0,0,-17,,,,
04008C,0,0,0,5,,,,
04008T,0,0,0,-56,,,,
04009T,0,0,0,35,,,,
04011T,0,0,0,0,,,,
04012T,0,0,0,-7,,,,
040136,0,0,0,1,,,,
04013T,0,0,0,-4,,,,
04014C,0,0,0,-3,,,,
04015C,0,0,0,4,,,,
04016C,0,0,0,-634,,,,
04016T,0,0,0,-1,,,,
04018C,0,0,0,-183,,,,
04019C,0,0,0,229,,,,
040200,0,0,0,-80,,,,
04020C,0,0,0,79,,,,
04020T,0,0,0,-1,,,,
04023T,0,0,0,5,,,,
04025T,0,0,0,-542,,,,
04026C,0,0,0,16,,,,
04026T,0,0,0,-502,,,,
04028C,0,0,0,-5,,,,
04028T,0,0,0,1,,,,
040296,0,0,0,10,,,,
04029T,0,0,0,-2,,,,
040334,0,0,0,1,,,,
04036T,0,0,0,13,,,,
04037T,0,0,0,-45,,,,
04038T,0,0,0,-15,,,,
04039T,0,0,0,-140,,,,
04040T,0,0,0,-3,,,,
040414,0,0,0,-1,,,,
040420,0,0,0,12,,,,
04048T,0,0,0,50,,,,
04049T,0,0,0,2,,,,
04050T,0,0,0,50,,,,
040517,0,0,0,52,,,,
04051T,0,0,0,-3,,,,
040520,0,0,0,-5,,,,
04052T,0,0,0,-4,,,,
04056T,0,0,0,100,,,,
04058T,0,0,0,0,,,,
040609,0,0,0,4,,,,
04060T,0,0,0,0,,,,
040613,0,0,0,100,,,,
040617,0,0,0,-6,,,,
040618,0,0,0,95,,,,
040619,0,0,0,122,,,,
04061T,0,0,0,103,,,,
040621,0,0,0,-30,,,,
040623,0,0,0,113,,,,
040628,0,0,0,-25,,,,
04062T,0,0,0,250,,,,
040630,0,0,0,-39,,,,
040631,0,0,0,80,,,,
040637,0,0,0,0,,,,
040639,0,0,0,19,,,,
04063T,0,0,0,0,,,,
040647,0,0,0,18,,,,
040648,0,0,0,-1,,,,
04064T,0,0,0,-30,,,,
04065T,0,0,0,8,,,,
04067T,0,0,0,-3,,,,
040691,0,0,0,-53,,,,
04072T,0,0,0,155,,,,
04074T,0,0,0,-25,,,,
04075T,0,0,0,69,,,,
040764,0,0,0,20,,,,
04076T,0,0,0,-1,,,,
040793,0,0,0,0,,,,
04080T,0,0,0,-34,,,,
04081T,0,0,0,-2,,,,
040826,0,0,0,-2,,,,
04084T,0,0,0,-3,,,,
04088T,0,0,0,3,,,,
04089T,0,0,0,-10,,,,
04090T,0,0,0,-10,,,,
04091T,0,0,0,-10,,,,
040939,0,0,0,15,,,,
04093T,0,0,0,-6,,,,
040969,0,0,0,7,,,,
040971,0,0,0,-15,,,,
040973,0,0,0,10,,,,
040975,0,0,0,-87,,,,
040979,0,0,0,-1,,,,
040981,0,0,0,-10,,,,
040991,0,0,0,41,,,,
04102T,0,0,0,-13,,,,
04103T,0,0,0,9,,,,
041043,0,0,0,-1,,,,
041059,0,0,0,-6,,,,
04105T,0,0,0,54,,,,
04109T,0,0,0,1,,,,
041109,0,0,0,-34,,,,
04111T,0,0,0,-300,,,,
04115T,0,0,0,-1,,,,
041165,0,0,0,25,,,,
04117T,0,0,0,-2,,,,
04120T,0,0,0,80,,,,
041210,0,0,0,-10,,,,
041216,0,0,0,30,,,,
041232,0,0,0,-55,,,,
04124T,0,0,0,3,,,,
04127T,0,0,0,51,,,,
041284,0,0,0,-8,,,,
04129T,0,0,0,-1,,,,
04130T,0,0,0,2,,,,
041320,0,0,0,3,,,,
04132T,0,0,0,-5,,,,
04133T,0,0,0,5,,,,
04134T,0,0,0,-7,,,,
04135T,0,0,0,-10,,,,
04137T,0,0,0,83,,,,
04138T,0,0,0,30,,,,
04140T,0,0,0,-40,,,,
04141T,0,0,0,-1,,,,
04142T,0,0,0,1,,,,
041433,0,0,0,7,,,,
04143T,0,0,0,-12,,,,
041448,0,0,0,-11,,,,
041451,0,0,0,9,,,,
04145T,0,0,0,-28,,,,
04146T,0,0,0,-1,,,,
041482,0,0,0,15,,,,
04148T,0,0,0,-16,,,,
041511,0,0,0,123,,,,
04151T,0,0,0,4,,,,
04153T,0,0,0,-3,,,,
041542,0,0,0,0,,,,
04154T,0,0,0,-20,,,,
04157T,0,0,0,-20,,,,
04158T,0,0,0,-54,,,,
04159T,0,0,0,19,,,,
041609,0,0,0,3,,,,
041613,0,0,0,-183,,,,
041614,0,0,0,100,,,,
04161T,0,0,0,10,,,,
041643,0,0,0,-1,,,,
04164T,0,0,0,-16,,,,
041660,0,0,0,-73,,,,
041669,0,0,0,-2,,,,
04167T,0,0,0,-50,,,,
04169T,0,0,0,-53,,,,
04172T,0,0,0,5,,,,
041740,0,0,0,-1,,,,
04177T,0,0,0,-44,,,,
041803,0,0,0,135,,,,
04181T,0,0,0,-26,,,,
04184T,0,0,0,0,,,,
041861,0,0,0,0,,,,
04186T,0,0,0,189,,,,
04189T,10,0,0,-2,,,,
04190T,0,0,0,-138,,,,
04193T,0,0,0,-2,,,,
04194T,0,0,0,-7,,,,
04196T,0,0,0,-2,,,,
04199T,0,0,0,-42,,,,
042004,0,0,0,134,,,,
04200T,0,0,0,-527,,,,
04201T,0,0,0,-20,,,,
042038,0,0,0,-2,,,,
04203T,0,0,0,-13,,,,
04206T,0,0,0,-20,,,,
04209T,0,0,0,-10,,,,
04214T,0,0,0,-6,,,,
042187,0,0,0,-13,,,,
04218T,0,0,0,-2,,,,
042195,0,0,0,190,,,,
04219T,0,0,0,2,,,,
042207,0,0,0,370,,,,
04221T,0,0,0,2,,,,
04222T,0,0,0,-40,,,,
04223T,0,0,0,-4,,,,
04225T,0,0,0,-30,,,,
04226T,0,0,0,-6,,,,
04227T,0,0,0,-1,,,,
04233T,0,0,0,8,,,,
04234T,0,0,0,-21,,,,
04235T,0,0,0,-10,,,,
042373,0,0,0,0,,,,
042387,0,0,0,2,,,,
04238T,0,0,0,-1,,,,
04239T,0,0,0,-2,,,,
042406,0,0,0,-7,,,,
04241T,2,0,0,-709,,,,
04244T,0,0,0,-1,,,,
04246T,0,0,0,-80,,,,
042551,0,0,0,7,,,,
042626,0,0,0,0,,,,
042636,0,0,0,12,,,,
042661,0,0,0,18,,,,
042662,0,0,0,-100,,,,
042677,0,0,0,-104,,,,
042709,0,0,0,-2,,,,
042710,0,0,0,12,,,,
042717,0,0,0,50,,,,
042747,0,0,0,96,,,,
042929,0,0,0,10,,,,
042958,0,0,0,13,,,,
042976,0,0,0,8,,,,
043067,0,0,0,26,,,,
043072,0,0,0,1,,,,
043125,0,0,0,-40,,,,
043180,0,0,0,4,,,,
043218,0,0,0,2,,,,
043289,0,0,0,2,,,,
043355,0,0,0,-141,,,,
043431,0,0,0,17,,,,
043450,0,0,0,-25,,,,
043466,0,0,0,20,,,,
043499,0,0,0,-2,,,,
043522,0,0,0,15,,,,
043536,0,0,0,-5,,,,
043614,0,0,0,5,,,,
043643,0,0,0,0,,,,
043656,0,0,0,10,,,,
043658,0,0,0,2,,,,
043668,0,0,0,-70,,,,
043675,0,0,0,-2,,,,
043676,0,0,0,4,,,,
043697,0,0,0,1996,,,,
043720,0,0,0,10,,,,
043871,0,0,0,24,,,,
043889,0,0,0,-9,,,,
043890,0,0,0,41,,,,
043892,0,0,0,-10,,,,
043894,0,0,0,5,,,,
043898,0,0,0,-10,,,,
043899,0,0,0,20,,,,
043900,0,0,0,-217,,,,
043902,0,0,0,-1,,,,
043903,0,0,0,-71,,,,
043929,0,0,0,-10,,,,
043937,0,0,0,1497,,,,
043938,0,0,0,-125,,,,
043965,0,0,0,-405,,,,
043992,0,0,0,1,,,,
044138,0,0,0,2,,,,
044169,0,0,0,-200,,,,
044175,0,0,0,-10,,,,
044180,0,0,0,-319,,,,
044181,0,0,0,-104,,,,
044268,0,0,0,-36,,,,
044274,0,0,0,1426,,,,
044277,0,0,0,19,,,,
044292,0,0,0,49,,,,
044320,0,0,0,8,,,,
044349,0,0,0,4,,,,
044355,0,0,0,-60,,,,
044357,0,0,0,-19,,,,
044399,0,0,0,-4,,,,
044400,0,0,0,29,,,,
044401,0,0,0,52,,,,
044402,0,0,0,49,,,,
044403,0,0,0,74,,,,
044404,0,0,0,-11,,,,
044405,0,0,0,-388,,,,
044421,0,0,0,234,,,,
044533,0,0,0,702,,,,
044575,0,0,0,-6,,,,
044593,0,0,0,26,,,,
044609,0,0,0,-10,,,,
044610,0,0,0,-5,,,,
044611,0,0,0,-3,,,,
044612,0,0,0,252,,,,
044613,0,0,0,-243,,,,
044644,0,0,0,529,,,,
044712,0,0,0,31,,,,
044788,0,0,0,-10,,,,
044789,0,0,0,5,,,,
044790,0,0,0,-1,,,,
044791,0,0,0,-93,,,,
044792,0,0,0,-27,,,,
044793,0,0,0,-7,,,,
044795,0,0,0,-1,,,,
044796,0,0,0,369,,,,
044802,0,0,0,-163,,,,
044803,0,0,0,-692,,,,
044816,0,0,0,206,,,,
044906,0,0,0,-16,,,,
044942,0,0,0,30,,,,
044969,0,0,0,-105,,,,
045087,0,0,0,-153,,,,
045104,0,0,0,-510,,,,
045120,0,0,0,13,,,,
045122,0,0,0,271,,,,
045137,0,0,0,3,,,,
045188,0,0,0,1,,,,
045189,0,0,0,-143,,,,
045190,0,0,0,70,,,,
045197,0,0,0,3,,,,
045224,0,0,0,10,,,,
045258,0,0,0,55,,,,
045278,0,0,0,25,,,,
045414,0,0,0,-1,,,,
045431,0,0,0,1,,,,
045439,0,0,0,79,,,,
045463,0,0,0,15,,,,
045827,0,0,0,-5,,,,
045956,0,0,0,15,,,,
045962,0,0,0,-30,,,,
046072,0,0,0,19,,,,
046167,0,0,0,325,,,,
046168,0,0,0,-9,,,,
046192,0,0,0,-34,,,,
046331,0,0,0,1,,,,
046348,0,0,0,1,,,,
046370,0,0,0,-16,,,,
046417,0,0,0,41,,,,
046545,0,0,0,30,,,,
046560,0,0,0,10,,,,
046564,0,0,0,60,,,,
046592,0,0,0,14,,,,
046614,0,0,0,3,,,,
046630,0,0,0,0,,,,
046801,0,0,0,6,,,,
046814,0,0,0,-20,,,,
046855,0,0,0,-30,,,,
046914,0,0,0,5,,,,
047036,0,0,0,0,,,,
047042,0,0,0,5,,,,
047223,0,0,0,25,,,,
047224,0,0,0,5,,,,
047279,0,0,0,-433,,,,
047294,0,0,0,2,,,,
047312,0,0,0,135,,,,
047326,0,0,0,229,,,,
047358,0,0,0,-10,,,,
047431,0,0,0,0,,,,
047482,0,0,0,63,,,,
047491,0,0,0,-13,,,,
047502,0,0,0,50,,,,
047519,0,0,0,2,,,,
047531,0,0,0,10,,,,
047553,0,0,0,-73,,,,
047585,0,0,0,-110,,,,
047611,0,0,0,-55,,,,
047670,0,0,0,5,,,,
047676,0,0,0,18,,,,
047690,0,0,0,1,,,,
047700,0,0,0,-18,,,,
047714,0,0,0,0,,,,
047716,0,0,0,-20,,,,
047757,0,0,0,20,,,,
047767,0,0,0,-2,,,,
047815,0,0,0,0,,,,
047826,0,0,0,-19,,,,
047870,0,0,0,-10,,,,
047873,0,0,0,10,,,,
047881,0,0,0,6,,,,
047943,0,0,0,-45,,,,
047972,0,0,0,2,,,,
048030,0,0,0,-10,,,,
048094,0,0,0,140,,,,
048097,0,0,0,-2,,,,
048099,0,0,0,-2,,,,
048177,0,0,0,-6,,,,
048239,0,0,0,4,,,,
048273,0,0,0,-24,,,,
048333,0,0,0,-10,,,,
048356,0,0,0,1,,,,
048371,0,0,0,80,,,,
048451,0,0,0,5,,,,
048469,0,0,0,150,,,,
048494,0,0,0,44,,,,
048519,0,0,0,-17,,,,
048521,0,0,0,0,,,,
048557,0,0,0,-15,,,,
048631,0,0,0,-52,,,,
048675,0,0,0,-16,,,,
048803,0,0,0,2,,,,
048846,0,0,0,-100,,,,
048852,0,0,0,13,,,,
048932,0,0,0,2,,,,
049020,0,0,0,137,,,,
049108,0,0,0,100,,,,
049133,0,0,0,-10,,,,
049149,0,0,0,-61,,,,
049263,0,0,0,18,,,,
049264,0,0,0,-40,,,,
049270,0,0,0,6,,,,
049288,0,0,0,1382,,,,
049303,0,0,0,-188,,,,
049325,0,0,0,20,,,,
049365,0,0,0,0,,,,
049381,0,0,0,32,,,,
049414,0,0,0,5,,,,
049429,0,0,0,13,,,,
049432,0,0,0,3,,,,
049464,0,0,0,64,,,,
049507,0,0,0,-57,,,,
049584,0,0,0,19,,,,
049623,0,0,0,-205,,,,
049629,0,0,0,-93,,,,
049636,0,0,0,-10,,,,
049650,0,0,0,-60,,,,
049653,0,0,0,-40,,,,
049677,0,0,0,1,,,,
049687,0,0,0,1,,,,
049713,0,0,0,-100,,,,
049747,0,0,0,-10,,,,
049785,0,0,0,0,,,,
049787,0,0,0,203,,,,
049834,0,0,0,20,,,,
049842,0,0,0,211,,,,
049847,0,0,0,3,,,,
049899,0,0,0,-10,,,,
049904,0,0,0,-25,,,,
049910,0,0,0,113,,,,
049911,0,0,0,2,,,,
049929,0,0,0,-340,,,,
049937,0,0,0,-31,,,,
049939,0,0,0,-144,,,,
049941,0,0,0,-202,,,,
049978,0,0,0,5,,,,
050007,0,0,0,55,,,,
050056,0,0,0,-2,,,,
050073,0,0,0,10,,,,
050081,0,0,0,46,,,,
050085,0,0,0,10,,,,
050097,0,0,0,1,,,,
050170,0,0,0,-12,,,,
050193,0,0,0,2,,,,
050195,0,0,0,1,,,,
050198,0,0,0,0,,,,
050206,0,0,0,13,,,,
050249,0,0,0,3,,,,
050253,0,0,0,3,,,,
050268,0,0,0,14,,,,
050278,0,0,0,10,,,,
050282,0,0,0,15,,,,
050284,0,0,0,-10,,,,
050315,0,0,0,32,,,,
050347,0,0,0,34,,,,
050351,0,0,0,100,,,,
050368,0,0,0,7,,,,
050376,0,0,0,19,,,,
050407,0,0,0,17,,,,
050485,0,0,0,-107,,,,
050489,0,0,0,-85,,,,
050497,0,0,0,4,,,,
050498,0,0,0,4,,,,
050499,0,0,0,-1,,,,
050508,0,0,0,20,,,,
050523,0,0,0,23,,,,
050541,0,0,0,50,,,,
050570,0,0,0,25,,,,
050575,0,0,0,-15,,,,
050590,0,0,0,10,,,,
050628,0,0,0,205,,,,
050686,0,0,0,10,,,,
050702,0,0,0,1,,,,
050707,0,0,0,0,,,,
050721,0,0,0,-20,,,,
050727,0,0,0,9,,,,
050729,0,0,0,5,,,,
050731,0,0,0,0,,,,
050767,0,0,0,-31,,,,
050791,0,0,0,100,,,,
050792,0,0,0,-5,,,,
050803,0,0,0,0,,,,
050804,0,0,0,-110,,,,
050883,0,0,0,-598,,,,
050889,0,0,0,-1,,,,
050900,0,0,0,121,,,,
051027,0,0,0,-65,,,,
051030,0,0,0,120,,,,
051031,0,0,0,55,,,,
051032,0,0,0,-2,,,,
051058,0,0,0,32,,,,
051065,0,0,0,55,,,,
051071,0,0,0,1,,,,
051089,0,0,0,12,,,,
051092,0,0,0,56,,,,
051095,0,0,0,0,,,,
051104,0,0,0,-128,,,,
051148,0,0,0,-1,,,,
051150,0,0,0,6,,,,
051164,0,0,0,499,,,,
051185,0,0,0,-2,,,,
051186,0,0,0,300,,,,
051197,0,0,0,-6,,,,
051201,0,0,0,-34,,,,
051219,0,0,0,-87,,,,
051220,0,0,0,1,,,,
051222,0,0,0,-10,,,,
051224,0,0,0,-20,,,,
051226,0,0,0,-100,,,,
051237,0,0,0,-1,,,,
051239,0,0,0,0,,,,
051242,0,0,0,-10,,,,
051243,0,0,0,-10,,,,
051245,0,0,0,0,,,,
051248,0,0,0,-1,,,,
051252,0,0,0,14,,,,
051256,0,0,0,1,,,,
051257,0,0,0,90,,,,
051258,0,0,0,-3,,,,
051259,0,0,0,-44,,,,
051263,0,0,0,-1,,,,
051264,0,0,0,-5,,,,
051265,0,0,0,-119,,,,
051270,0,0,0,89,,,,
051272,0,0,0,3,,,,
051275,0,0,0,-3,,,,
051276,0,0,0,19,,,,
051281,0,0,0,110,,,,
051283,0,0,0,0,,,,
051284,0,0,0,10,,,,
051285,0,0,0,10,,,,
051286,0,0,0,-120,,,,
051291,0,0,0,-4,,,,
051340,0,0,0,-18,,,,
051374,0,0,0,-10,,,,
051388,0,0,0,-99,,,,
051389,0,0,0,10,,,,
051437,0,0,0,10,,,,
051441,0,0,0,-10,,,,
051442,0,0,0,29,,,,
051444,0,0,0,5,,,,
051445,0,0,0,7,,,,
051480,0,0,0,-5,,,,
051498,0,0,0,0,,,,
051520,0,0,0,-8,,,,
051525,0,0,0,-169,,,,
051538,0,0,0,5,,,,
051540,0,0,0,0,,,,
051542,0,0,0,10,,,,
051545,0,0,0,0,,,,
051583,0,0,0,1761,,,,
051607,0,0,0,2,,,,
051619,0,0,0,-162,,,,
051632,0,0,0,-16,,,,
051633,0,0,0,-1,,,,
051666,0,0,0,87,,,,
051688,0,0,0,10,,,,
051692,0,0,0,5,,,,
051698,0,0,0,5,,,,
051705,0,0,0,1,,,,
051717,0,0,0,0,,,,
051736,0,0,0,10,,,,
051741,0,0,0,4,,,,
051779,0,0,0,0,,,,
051780,0,0,0,2,,,,
051781,0,0,0,-8,,,,
051782,0,0,0,13,,,,
051793,0,0,0,-5,,,,
051801,0,0,0,-1,,,,
051815,0,0,0,20,,,,
051844,0,0,0,-51,,,,
051902,0,0,0,0,,,,
051909,0,0,0,13,,,,
051918,0,0,0,0,,,,
051923,0,0,0,10,,,,
051924,0,0,0,-135,,,,
051937,0,0,0,96,,,,
051938,0,0,0,-79,,,,
051993,0,0,0,-292,,,,
051994,0,0,0,-245,,,,
052016,0,0,0,1,,,,
052029,0,0,0,-9,,,,
052036,0,0,0,1,,,,
052050,0,0,0,-2,,,,
052064,0,0,0,0,,,,
052068,0,0,0,-11,,,,
052089,0,0,0,120,,,,
052099,0,0,0,-10,,,,
052101,0,0,0,12,,,,
052105,0,0,0,104,,,,
052120,0,0,0,-271,,,,
052121,0,0,0,-11,,,,
052139,0,0,0,10,,,,
052161,0,0,0,50,,,,
052172,0,0,0,0,,,,
052174,0,0,0,-8,,,,
052176,0,0,0,-35,,,,
052177,0,0,0,4,,,,
052178,0,0,0,-3,,,,
052179,0,0,0,20,,,,
052180,0,0,0,-7,,,,
052181,0,0,0,27,,,,
052186,0,0,0,0,,,,
052187,0,0,0,89,,,,
052188,0,0,0,17,,,,
052189,0,0,0,-2,,,,
052190,0,0,0,42,,,,
052191,0,0,0,78,,,,
052192,0,0,0,-20,,,,
052194,0,0,0,84,,,,
052195,0,0,0,-8,,,,
052197,0,0,0,-5,,,,
052200,0,0,0,0,,,,
052202,0,0,0,1,,,,
052204,0,0,0,33,,,,
052206,0,0,0,-102,,,,
052207,0,0,0,30,,,,
052211,0,0,0,-3,,,,
052213,0,0,0,0,,,,
052214,0,0,0,-1,,,,
052218,0,0,0,2,,,,
052221,0,0,0,54,,,,
052238,0,0,0,-5,,,,
052240,0,0,0,12,,,,
052243,0,0,0,-30,,,,
052245,0,0,0,-181,,,,
052279,0,0,0,24,,,,
052314,0,0,0,18,,,,
052321,0,0,0,0,,,,
052322,0,0,0,93,,,,
052323,0,0,0,2,,,,
052331,0,0,0,55,,,,
052341,0,0,0,-1,,,,
052349,0,0,0,-50,,,,
052353,0,0,0,-2,,,,
052379,0,0,0,0,,,,
052388,0,0,0,-16,,,,
052397,0,0,0,0,,,,
052425,0,0,0,2,,,,
052479,0,0,0,1,,,,
052488,0,0,0,-3,,,,
052525,0,0,0,-11,,,,
052526,0,0,0,2,,,,
052561,0,0,0,-10,,,,
052565,0,0,0,-5,,,,
052612,0,0,0,-3,,,,
052640,0,0,0,-70,,,,
052648,0,0,0,56,,,,
052649,0,0,0,307,,,,
052655,0,0,0,5,,,,
052664,0,0,0,11,,,,
052665,0,0,0,4,,,,
052668,0,0,0,-4,,,,
052670,0,0,0,-1,,,,
052672,0,0,0,-15,,,,
052676,0,0,0,-50,,,,
052681,0,0,0,0,,,,
052684,0,0,0,-10,,,,
052685,0,0,0,-61,,,,
052686,0,0,0,-20,,,,
052687,0,0,0,-7,,,,
052688,0,0,0,-10,,,,
052689,0,0,0,0,,,,
052691,0,0,0,10,,,,
052692,0,0,0,99,,,,
052700,0,0,0,-51,,,,
052701,0,0,0,2,,,,
052703,0,0,0,-11,,,,
052705,0,0,0,2,,,,
052707,0,0,0,-12,,,,
052708,0,0,0,1,,,,
052712,0,0,0,2,,,,
052716,0,0,0,3,,,,
052718,0,0,0,10,,,,
052721,0,0,0,1,,,,
052774,0,0,0,-20,,,,
052776,0,0,0,-13,,,,
052779,0,0,0,-30,,,,
052782,0,0,0,-103,,,,
052786,0,0,0,9,,,,
052787,0,0,0,15,,,,
052788,0,0,0,-53,,,,
052789,0,0,0,1,,,,
052792,0,0,0,-10,,,,
052796,0,0,0,10,,,,
052797,0,0,0,-20,,,,
052799,0,0,0,-10,,,,
052802,0,0,0,509,,,,
052803,0,0,0,-2,,,,
052806,0,0,0,1,,,,
052807,0,0,0,-3,,,,
052808,0,0,0,-11,,,,
052809,0,0,0,-107,,,,
052811,0,0,0,-93,,,,
052815,0,0,0,-10,,,,
052820,0,0,0,-71,,,,
052824,0,0,0,-2,,,,
052825,0,0,0,-10,,,,
052840,0,0,0,4,,,,
052859,0,0,0,-7,,,,
052881,0,0,0,-85,,,,
052887,0,0,0,-12,,,,
052942,0,0,0,-1,,,,
052950,0,0,0,20,,,,
052952,0,0,0,-41,,,,
052953,0,0,0,11,,,,
052954,0,0,0,-124,,,,
052955,0,0,0,1,,,,
052956,0,0,0,10,,,,
052959,0,0,0,-5,,,,
052965,0,0,0,22,,,,
052966,0,0,0,-34,,,,
052974,0,0,0,1,,,,
052980,0,0,0,90,,,,
052981,0,0,0,-10,,,,
052984,0,0,0,5,,,,
052986,0,0,0,37,,,,
052987,0,0,0,-174,,,,
052990,0,0,0,-1,,,,
052992,0,0,0,-7,,,,
053023,0,0,0,-46,,,,
053027,0,0,0,-5,,,,
053033,0,0,0,-281,,,,
053038,0,0,0,-270,,,,
053159,0,0,0,5,,,,
053205,0,0,0,40,,,,
053208,0,0,0,-170,,,,
053212,0,0,0,-10,,,,
053220,0,0,0,-15,,,,
053236,0,0,0,2,,,,
053257,0,0,0,1965,,,,
053258,0,0,0,-110,,,,
053260,0,0,0,30,,,,
053266,2,0,0,100,,,,
053267,0,0,0,246,,,,
053268,0,0,0,-6,,,,
053278,0,0,0,-14,,,,
053280,0,0,0,-138,,,,
053281,0,0,0,85,,,,
053282,0,0,0,0,,,,
053283,0,0,0,-3,,,,
053295,0,0,0,-20,,,,
053306,0,0,0,3,,,,
053313,0,0,0,-69,,,,
053315,0,0,0,245,,,,
053316,0,0,0,-35,,,,
053321,0,0,0,70,,,,
053341,0,0,0,4,,,,
053354,0,0,0,0,,,,
053359,0,0,0,-100,,,,
053382,0,0,0,5,,,,
053404,0,0,0,18,,,,
053417,0,0,0,6,,,,
053427,0,0,0,108,,,,
053435,0,0,0,12,,,,
053436,0,0,0,69,,,,
053441,0,0,0,-25,,,,
053450,0,0,0,16,,,,
053453,0,0,0,200,,,,
053455,0,0,0,-9,,,,
053473,0,0,0,934,,,,
053485,0,0,0,-2,,,,
053488,0,0,0,130,,,,
053503,0,0,0,362,,,,
053505,0,0,0,-10,,,,
053506,0,0,0,1,,,,
053514,0,0,0,30,,,,
053516,0,0,0,-261,,,,
053518,0,0,0,-81,,,,
053522,0,0,0,-20,,,,
053524,0,0,0,99,,,,
053525,0,0,0,-66,,,,
053526,0,0,0,-325,,,,
053528,0,0,0,-20,,,,
053529,0,0,0,-22,,,,
053532,0,0,0,11,,,,
053534,0,0,0,3,,,,
053540,0,0,0,10,,,,
053541,0,0,0,80,,,,
053543,0,0,0,179,,,,
053544,0,0,0,-10,,,,
053548,0,0,0,0,,,,
053558,0,0,0,8,,,,
053600,0,0,0,1,,,,
053629,0,0,0,0,,,,
053640,0,0,0,-20,,,,
053644,0,0,0,-10,,,,
053652,0,0,0,-1,,,,
053654,0,0,0,-8,,,,
053664,0,0,0,-1,,,,
053665,0,0,0,-5,,,,
053667,0,0,0,-10,,,,
053669,0,0,0,8,,,,
053675,0,0,0,0,,,,
053678,0,0,0,140,,,,
053715,0,0,0,-100,,,,
053735,0,0,0,6,,,,
053783,0,0,0,10,,,,
053784,0,0,0,-10,,,,
053793,0,0,0,-15,,,,
053796,0,0,0,10,,,,
053826,0,0,0,0,,,,
053838,0,0,0,-19,,,,
053855,0,0,0,-1,,,,
053856,0,0,0,30,,,,
053859,0,0,0,5,,,,
053860,0,0,0,0,,,,
053861,0,0,0,-106,,,,
053914,0,0,0,5,,,,
053916,0,0,0,12,,,,
053928,0,0,0,2,,,,
053935,0,0,0,-10,,,,
053954,0,0,0,310,,,,
053971,0,0,0,-90,,,,
053977,0,0,0,14,,,,
053999,0,0,0,-60,,,,
054001,0,0,0,-44,,,,
054015,0,0,0,-9,,,,
054017,0,0,0,-10,,,,
054040,0,0,0,-49,,,,
054043,0,0,0,-21,,,,
054050,0,0,0,-500,,,,
054066,0,0,0,-10,,,,
054087,0,0,0,-10,,,,
054112,0,0,0,30,,,,
054160,0,0,0,15,,,,
054172,0,0,0,-20,,,,
054190,0,0,0,0,,,,
054206,0,0,0,0,,,,
054209,0,0,0,0,,,,
054210,0,0,0,0,,,,
054213,0,0,0,40,,,,
054216,0,0,0,-10,,,,
054221,0,0,0,42,,,,
054229,0,0,0,-529,,,,
054234,0,0,0,50,,,,
054251,0,0,0,20,,,,
054252,0,0,0,-57,,,,
054256,0,0,0,0,,,,
054290,0,0,0,-210,,,,
054291,0,0,0,-50,,,,
054294,0,0,0,1,,,,
054295,0,0,0,54,,,,
054297,0,0,0,2,,,,
054331,0,0,0,14,,,,
054335,0,0,0,113,,,,
054346,0,0,0,184,,,,
054353,0,0,0,-1,,,,
054360,0,0,0,9,,,,
054386,0,0,0,59,,,,
054387,0,0,0,1,,,,
054396,0,0,0,-20,,,,
054403,0,0,0,1,,,,
054411,0,0,0,20,,,,
054417,0,0,0,7,,,,
054454,0,0,0,1,,,,
054455,0,0,0,-10,,,,
054456,0,0,0,-10,,,,
054457,0,0,0,-5,,,,
054459,0,0,0,-9,,,,
054462,0,0,0,-35,,,,
054463,0,0,0,-10,,,,
054469,0,0,0,-4,,,,
054473,0,0,0,12,,,,
054474,0,0,0,-5,,,,
054476,0,0,0,-121,,,,
054478,0,0,0,-10,,,,
054480,0,0,0,-144,,,,
054481,0,0,0,-10,,,,
054483,0,0,0,6,,,,
054487,0,0,0,28,,,,
054491,0,0,0,1,,,,
054492,0,0,0,-10,,,,
054495,0,0,0,-146,,,,
054496,0,0,0,-10,,,,
054499,0,0,0,-7,,,,
054503,0,0,0,-5,,,,
054510,0,0,0,-10,,,,
054513,0,0,0,4,,,,
054535,0,0,0,90,,,,
054550,0,0,0,-30,,,,
054552,0,0,0,5,,,,
054554,0,0,0,208,,,,
054560,0,0,0,5,,,,
054563,0,0,0,-10,,,,
054584,0,0,0,-3,,,,
054587,0,0,0,-47,,,,
054592,0,0,0,5,,,,
054609,0,0,0,6,,,,
054634,0,0,0,-1,,,,
054647,0,0,0,5,,,,
054657,0,0,0,-1,,,,
054658,0,0,0,-10,,,,
054660,0,0,0,3,,,,
054675,0,0,0,1,,,,
054679,0,0,0,0,,,,
054702,0,0,0,30,,,,
054703,0,0,0,-1,,,,
054704,0,0,0,1,,,,
054705,0,0,0,-42,,,,
054706,0,0,0,10,,,,
054707,0,0,0,0,,,,
054708,0,0,0,4,,,,
054709,0,0,0,-10,,,,
054711,0,0,0,32,,,,
054724,0,0,0,-25,,,,
054727,0,0,0,100,,,,
054730,0,0,0,37,,,,
054742,0,0,0,-110,,,,
054750,0,0,0,2,,,,
054754,0,0,0,10,,,,
054781,0,0,0,872,,,,
054791,0,0,0,20,,,,
054800,0,0,0,94,,,,
054821,0,0,0,-10,,,,
054843,0,0,0,31,,,,
054853,0,0,0,10,,,,
054856,0,0,0,234,,,,
054865,0,0,0,1,,,,
054872,0,0,0,11,,,,
054873,0,0,0,10,,,,
054882,0,0,0,8,,,,
054897,0,0,0,160,,,,
054902,0,0,0,49,,,,
054919,0,0,0,-40,,,,
054933,0,0,0,3,,,,
054934,0,0,0,230,,,,
054939,0,0,0,2,,,,
054941,0,0,0,4,,,,
054945,0,0,0,-2,,,,
054952,0,0,0,80,,,,
054954,0,0,0,-1735,,,,
054959,0,0,0,497,,,,
054965,0,0,0,-270,,,,
054966,0,0,0,-15,,,,
054979,0,0,0,2,,,,
055041,0,0,0,-4,,,,
055045,0,0,0,-3,,,,
055078,0,0,0,-13,,,,
055081,0,0,0,2094,,,,
055086,0,0,0,-19,,,,
055088,0,0,0,-250,,,,
055097,0,0,0,2295,,,,
055124,0,0,0,69,,,,
055134,0,0,0,-7,,,,
055151,0,0,0,49,,,,
055172,0,0,0,-5,,,,
055173,0,0,0,-12,,,,
055179,0,0,0,-10,,,,
055204,0,0,0,-7,,,,
055218,0,0,0,0,,,,
055224,0,0,0,3,,,,
055229,0,0,0,9,,,,
055230,0,0,0,-101,,,,
055232,0,0,0,13,,,,
055236,0,0,0,-216,,,,
055242,0,0,0,1,,,,
055272,0,0,0,293,,,,
055273,0,0,0,-140,,,,
055289,0,0,0,1,,,,
055293,0,0,0,-6,,,,
055326,0,0,0,-50,,,,
055330,0,0,0,-5,,,,
055345,0,0,0,10,,,,
055352,0,0,0,1,,,,
055361,0,0,0,-4,,,,
055365,0,0,0,-7,,,,
055370,0,0,0,150,,,,
055371,0,0,0,-12,,,,
055372,0,0,0,-41,,,,
055378,0,0,0,30,,,,
055379,0,0,0,-99,,,,
055381,0,0,0,-34,,,,
055383,0,0,0,-30,,,,
055384,0,0,0,396,,,,
055387,0,0,0,137,,,,
055388,0,0,0,195,,,,
055391,0,0,0,262,,,,
055392,0,0,0,3,,,,
055401,0,0,0,-5,,,,
055406,0,0,0,-1,,,,
055407,0,0,0,78,,,,
055412,0,0,0,2,,,,
055415,0,0,0,88,,,,
055417,0,0,0,-120,,,,
055434,0,0,0,1,,,,
055435,0,0,0,1,,,,
055465,0,0,0,40,,,,
055468,0,0,0,-20,,,,
055481,0,0,0,20,,,,
055485,0,0,0,-336,,,,
055494,0,0,0,5,,,,
055495,0,0,0,40,,,,
055497,0,0,0,50,,,,
055500,0,0,0,-637,,,,
055503,0,0,0,10,,,,
055505,0,0,0,-15,,,,
055506,0,0,0,-101,,,,
055507,0,0,0,-20,,,,
055563,0,0,0,10,,,,
055612,0,0,0,-5,,,,
055613,0,0,0,-504,,,,
055627,0,0,0,-20,,,,
055632,0,0,0,-540,,,,
055633,0,0,0,-1,,,,
055634,0,0,0,179,,,,
055641,0,0,0,-2,,,,
055642,0,0,0,20,,,,
055644,0,0,0,660,,,,
055645,0,0,0,0,,,,
055646,0,0,0,100,,,,
055648,0,0,0,-4,,,,
055650,0,0,0,10,,,,
055651,0,0,0,-10,,,,
055655,0,0,0,11,,,,
055658,0,0,0,1,,,,
055661,0,0,0,1,,,,
055662,0,0,0,-5,,,,
055666,0,0,0,-16,,,,
055667,0,0,0,1,,,,
055668,0,0,0,-22,,,,
055670,0,0,0,106,,,,
055678,0,0,0,3,,,,
055681,0,0,0,12,,,,
055682,0,0,0,-2,,,,
055684,0,0,0,-100,,,,
055686,0,0,0,49,,,,
055687,0,0,0,-43,,,,
055689,0,0,0,-10,,,,
055769,0,0,0,60,,,,
055772,0,0,0,200,,,,
055785,0,0,0,150,,,,
055795,0,0,0,28,,,,
055805,0,0,0,-5,,,,
055808,0,0,0,15,,,,
055817,0,0,0,10,,,,
055818,0,0,0,-198,,,,
055820,0,0,0,-52,,,,
055821,0,0,0,-140,,,,
055822,0,0,0,-31,,,,
055823,0,0,0,-18,,,,
055825,0,0,0,-1,,,,
055829,0,0,0,65,,,,
055832,0,0,0,-200,,,,
055834,0,0,0,4,,,,
055836,0,0,0,-497,,,,
055837,0,0,0,-250,,,,
055838,0,0,0,-1,,,,
055839,0,0,0,3,,,,
055846,0,0,0,-40,,,,
055849,0,0,0,30,,,,
055866,0,0,0,100,,,,
055887,0,0,0,10,,,,
055931,0,0,0,5,,,,
055943,0,0,0,0,,,,
055948,0,0,0,-447,,,,
055952,0,0,0,0,,,,
055953,0,0,0,30,,,,
055962,0,0,0,-4,,,,
055966,0,0,0,-4,,,,
055985,0,0,0,-32,,,,
055999,0,0,0,20,,,,
056013,0,0,0,1,,,,
056024,0,0,0,-13,,,,
056025,0,0,0,6,,,,
056029,0,0,0,6,,,,
056042,0,0,0,10,,,,
056053,0,0,0,-158,,,,
056055,0,0,0,233,,,,
056056,0,0,0,11,,,,
056057,0,0,0,-10,,,,
056058,0,0,0,1,,,,
056061,0,0,0,0,,,,
056066,0,0,0,-6,,,,
056067,-2,0,0,-69,,,,
056068,0,0,0,210,,,,
056069,0,0,0,-20,,,,
056073,0,0,0,0,,,,
056074,0,0,0,-1,,,,
056077,0,0,0,-20,,,,
056079,0,0,0,-29,,,,
056080,0,0,0,-10,,,,
056082,0,0,0,186,,,,
056083,0,0,0,-20,,,,
056087,0,0,0,-10,,,,
056088,0,0,0,-10,,,,
056090,0,0,0,2,,,,
056095,0,0,0,-10,,,,
056097,-2,0,0,-44,,,,
056106,0,0,0,34,,,,
056111,0,0,0,23,,,,
056114,0,0,0,46,,,,
056119,0,0,0,-2,,,,
056129,0,0,0,20,,,,
056135,0,0,0,21,,,,
056155,0,0,0,224,,,,
056157,0,0,0,-15,,,,
056164,0,0,0,-20,,,,
056168,0,0,0,-31,,,,
056182,0,0,0,276,,,,
056191,0,0,0,1,,,,
056194,0,0,0,287,,,,
056231,0,0,0,-66,,,,
056232,0,0,0,-20,,,,
056244,0,0,0,278,,,,
056246,0,0,0,-3,,,,
056247,0,0,0,-193,,,,
056249,0,0,0,-16,,,,
056251,0,0,0,-100,,,,
056252,0,0,0,-437,,,,
056255,0,0,0,28,,,,
056256,0,0,0,30,,,,
056257,0,0,0,-270,,,,
056259,0,0,0,-1,,,,
056260,0,0,0,-10,,,,
056262,0,0,0,12,,,,
056269,0,0,0,15,,,,
056271,0,0,0,0,,,,
056272,0,0,0,5,,,,
056287,0,0,0,1,,,,
056311,0,0,0,-20,,,,
056332,0,0,0,63,,,,
056361,0,0,0,395,,,,
056373,0,0,0,-35,,,,
056390,0,0,0,-85,,,,
056391,0,0,0,0,,,,
056412,0,0,0,-1,,,,
056415,0,0,0,-4,,,,
056429,0,0,0,14,,,,
056431,0,0,0,46,,,,
056433,0,0,0,-4,,,,
056443,0,0,0,-63,,,,
056444,0,0,0,12,,,,
056477,0,0,0,2495,,,,
056478,0,0,0,-1,,,,
056479,0,0,0,-18,,,,
056480,0,0,0,-46,,,,
056481,0,0,0,20,,,,
056484,0,0,0,-22,,,,
056487,0,0,0,85,,,,
056488,0,0,0,43,,,,
056492,0,0,0,-10,,,,
056493,0,0,0,132,,,,
056500,0,0,0,138,,,,
056520,0,0,0,340,,,,
056531,0,0,0,-100,,,,
056535,0,0,0,-16,,,,
056569,0,0,0,-55,,,,
056578,0,0,0,46,,,,
056596,0,0,0,-22,,,,
056607,0,0,0,-40,,,,
056608,0,0,0,-3,,,,
056613,0,0,0,34,,,,
056620,0,0,0,-11,,,,
056621,0,0,0,100,,,,
056625,0,0,0,75,,,,
056626,0,0,0,263,,,,
056630,0,0,0,-86,,,,
056631,0,0,0,-1,,,,
056633,0,0,0,16,,,,
056635,0,0,0,197,,,,
056636,0,0,0,15,,,,
056638,0,0,0,1,,,,
056639,0,0,0,159,,,,
056646,0,0,0,40,,,,
056647,0,0,0,58,,,,
056648,0,0,0,5,,,,
056649,0,0,0,12,,,,
056654,0,0,0,5,,,,
056675,0,0,0,565,,,,
056678,0,0,0,-5,,,,
056683,0,0,0,7,,,,
056691,0,0,0,-4,,,,
056696,0,0,0,-4,,,,
056734,0,0,0,122,,,,
056737,0,0,0,30,,,,
056738,0,0,0,0,,,,
056760,0,0,0,38,,,,
056769,0,0,0,15,,,,
056773,0,0,0,25,,,,
056779,0,0,0,1802,,,,
056807,0,0,0,281,,,,
056816,0,0,0,-1,,,,
056821,0,0,0,-4,,,,
056822,0,0,0,200,,,,
056828,0,0,0,0,,,,
056842,0,0,0,-83,,,,
056845,0,0,0,-47,,,,
056846,0,0,0,-10,,,,
056847,0,0,0,-1,,,,
056854,0,0,0,22,,,,
056857,0,0,0,-1,,,,
056859,0,0,0,-9,,,,
056861,0,0,0,-2,,,,
056862,0,0,0,1,,,,
056863,0,0,0,-73,,,,
056864,0,0,0,-202,,,,
056867,0,0,0,1,,,,
056868,0,0,0,-10,,,,
056870,0,0,0,-2,,,,
056873,0,0,0,121,,,,
056875,0,0,0,-489,,,,
056876,0,0,0,100,,,,
056879,0,0,0,10,,,,
056883,0,0,0,388,,,,
056894,0,0,0,-13,,,,
056896,0,0,0,-49,,,,
056923,0,0,0,-6,,,,
056932,0,0,0,-10,,,,
056934,0,0,0,-3,,,,
056972,0,0,0,10,,,,
056974,0,0,0,266,,,,
056980,0,0,0,20,,,,
056983,0,0,0,-11,,,,
056999,0,0,0,50,,,,
057005,0,0,0,-24,,,,
057008,0,0,0,59,,,,
057009,0,0,0,-5,,,,
057011,0,0,0,-112,,,,
057013,0,0,0,-12,,,,
057014,0,0,0,2,,,,
057020,0,0,0,-12,,,,
057025,0,0,0,10,,,,
057026,0,0,0,3,,,,
057027,0,0,0,-63,,,,
057030,0,0,0,-20,,,,
057031,0,0,0,-136,,,,
057034,0,0,0,-50,,,,
057036,0,0,0,-8,,,,
057048,0,0,0,-100,,,,
057057,0,0,0,-1,,,,
057066,0,0,0,-5,,,,
057070,0,0,0,0,,,,
057072,0,0,0,-65,,,,
057074,0,0,0,-5,,,,
057079,0,0,0,189,,,,
057101,0,0,0,37,,,,
057102,0,0,0,152,,,,
057103,0,0,0,119,,,,
057125,0,0,0,37,,,,
057149,0,0,0,94,,,,
057150,0,0,0,-31,,,,
057151,0,0,0,159,,,,
057154,0,0,0,525,,,,
057155,0,0,0,-96,,,,
057156,0,0,0,32,,,,
057157,0,0,0,5,,,,
057159,0,0,0,-4,,,,
057161,0,0,0,-60,,,,
057164,0,0,0,-795,,,,
057167,0,0,0,1,,,,
057168,0,0,0,191,,,,
057169,0,0,0,-12,,,,
057170,0,0,0,-40,,,,
057173,0,0,0,-16,,,,
057174,3,0,0,7,,,,
057175,0,0,0,4,,,,
057180,0,0,0,-124,,,,
057182,0,0,0,-88,,,,
057185,0,0,0,-50,,,,
057187,0,0,0,-39,,,,
057189,0,0,0,207,,,,
057190,0,0,0,-22,,,,
057196,0,0,0,70,,,,
057197,0,0,0,10,,,,
057198,0,0,0,0,,,,
057199,0,0,0,1,,,,
057209,0,0,0,85,,,,
057213,0,0,0,-21,,,,
057215,0,0,0,0,,,,
057233,0,0,0,-15,,,,
057236,0,0,0,-96,,,,
057241,0,0,0,-21,,,,
057255,0,0,0,-174,,,,
057269,0,0,0,1,,,,
057276,0,0,0,-33,,,,
057278,0,0,0,-181,,,,
057287,0,0,0,-16,,,,
057289,0,0,0,-939,,,,
057291,0,0,0,477,,,,
057293,0,0,0,7,,,,
057297,0,0,0,10,,,,
057315,0,0,0,-10,,,,
057334,0,0,0,-310,,,,
057339,0,0,0,4,,,,
057343,0,0,0,-1,,,,
057367,0,0,0,8,,,,
057372,0,0,0,10,,,,
057374,0,0,0,10,,,,
057377,0,0,0,-10,,,,
057387,0,0,0,82,,,,
057409,0,0,0,-10,,,,
057429,0,0,0,-13,,,,
057432,0,0,0,25,,,,
057433,0,0,0,48,,,,
057434,0,0,0,87,,,,
057445,0,0,0,12,,,,
057446,0,0,0,4,,,,
057448,0,0,0,666,,,,
057456,0,0,0,-182,,,,
057476,0,0,0,0,,,,
057477,0,0,0,24,,,,
057478,0,0,0,-6,,,,
057479,0,0,0,32,,,,
057488,0,0,0,5,,,,
057489,0,0,0,-1188,,,,
057490,0,0,0,33,,,,
057492,0,0,0,5,,,,
057493,0,0,0,284,,,,
057497,0,0,0,20,,,,
057500,0,0,0,-10,,,,
057502,0,0,0,150,,,,
057503,0,0,0,-90,,,,
057504,0,0,0,-233,,,,
057505,0,0,0,-2,,,,
057506,0,0,0,3,,,,
057507,0,0,0,14,,,,
057508,0,0,0,5,,,,
057509,0,0,0,-10,,,,
057511,0,0,0,-48,,,,
057516,0,0,0,201,,,,
057517,0,0,0,64,,,,
057518,0,0,0,-3,,,,
057523,0,0,0,-4,,,,
057524,0,0,0,23,,,,
057525,0,0,0,-10,,,,
057528,0,0,0,7,,,,
057532,0,0,0,-162,,,,
057535,0,0,0,-29,,,,
057537,0,0,0,-1,,,,
057538,0,0,0,7,,,,
057539,0,0,0,5,,,,
057544,0,0,0,-27,,,,
057547,0,0,0,-191,,,,
057548,0,0,0,15,,,,
057549,0,0,0,10,,,,
057552,0,0,0,-4,,,,
057555,0,0,0,30,,,,
057557,0,0,0,-13,,,,
057559,0,0,0,70,,,,
057565,0,0,0,1,,,,
057569,0,0,0,-10,,,,
057573,0,0,0,20,,,,
057577,0,0,0,22,,,,
057580,0,0,0,30,,,,
057583,0,0,0,5,,,,
057592,0,0,0,13,,,,
057596,0,0,0,9,,,,
057600,0,0,0,-20,,,,
057601,0,0,0,-30,,,,
057605,0,0,0,2,,,,
057614,0,0,0,0,,,,
057623,0,0,0,16,,,,
057630,0,0,0,-8,,,,
057631,0,0,0,-163,,,,
057634,0,0,0,4,,,,
057644,0,0,0,122,,,,
057650,0,0,0,7,,,,
057654,0,0,0,10,,,,
057667,0,0,0,1,,,,
057668,0,0,0,20,,,,
057672,0,0,0,10,,,,
057673,0,0,0,20,,,,
057675,0,0,0,456,,,,
057678,0,0,0,4,,,,
057679,0,0,0,19,,,,
057695,0,0,0,2,,,,
057710,0,0,0,6,,,,
057727,0,0,0,-10,,,,
057728,0,0,0,-250,,,,
057736,0,0,0,-1,,,,
057742,0,0,0,38,,,,
057745,0,0,0,90,,,,
057746,0,0,0,7,,,,
057749,0,0,0,158,,,,
057752,0,0,0,30,,,,
057754,0,0,0,-10,,,,
057757,0,0,0,59,,,,
057758,0,0,0,-11,,,,
057763,0,0,0,1,,,,
057764,0,0,0,-2,,,,
057765,0,0,0,2,,,,
057767,0,0,0,30,,,,
057774,0,0,0,54,,,,
057776,0,0,0,-75,,,,
057779,0,0,0,-196,,,,
057782,0,0,0,-10,,,,
057783,0,0,0,-87,,,,
057787,0,0,0,256,,,,
057788,0,0,0,30,,,,
057790,0,0,0,2,,,,
057793,0,0,0,1,,,,
057794,0,0,0,2,,,,
057795,0,0,0,0,,,,
057799,0,0,0,-493,,,,
057803,0,0,0,-18,,,,
057804,0,0,0,100,,,,
057805,0,0,0,-3,,,,
057811,0,0,0,49,,,,
057814,0,0,0,2,,,,
057819,0,0,0,60,,,,
057825,0,0,0,-10,,,,
057836,0,0,0,366,,,,
057846,0,0,0,5,,,,
057848,0,0,0,-38,,,,
057850,0,0,0,2,,,,
057854,0,0,0,241,,,,
057860,0,0,0,-8,,,,
057865,0,0,0,-30,,,,
057878,0,0,0,-49,,,,
057884,0,0,0,10,,,,
057886,0,0,0,-1,,,,
057887,0,0,0,-50,,,,
057889,0,0,0,3,,,,
057891,0,0,0,10,,,,
057893,0,0,0,11,,,,
057900,0,0,0,4,,,,
057903,0,0,0,-6,,,,
057905,0,0,0,224,,,,
057911,0,0,0,-300,,,,
057912,0,0,0,37,,,,
057924,0,0,0,8,,,,
057929,0,0,0,-45,,,,
057930,0,0,0,465,,,,
057932,0,0,0,-10,,,,
057933,0,0,0,10,,,,
057934,0,0,0,-1,,,,
057938,0,0,0,1,,,,
057941,0,0,0,-2493,,,,
057946,0,0,0,21,,,,
057948,0,0,0,1,,,,
057950,0,0,0,1,,,,
057952,0,0,0,6,,,,
057958,0,0,0,1,,,,
057962,0,0,0,60,,,,
057970,0,0,0,6012,,,,
057972,0,0,0,209,,,,
057973,0,0,0,-94,,,,
057974,0,0,0,7,,,,
057986,0,0,0,1,,,,
057987,0,0,0,283,,,,
057996,0,0,0,-188,,,,
057998,0,0,0,5,,,,
057999,0,0,0,-30,,,,
058004,0,0,0,2,,,,
058005,0,0,0,-20,,,,
058011,0,0,0,0,,,,
058019,0,0,0,7,,,,
058029,0,0,0,869,,,,
058030,0,0,0,0,,,,
058038,0,0,0,-2,,,,
058045,0,0,0,180,,,,
058058,0,0,0,-30,,,,
058070,0,0,0,2,,,,
058081,0,0,0,-5,,,,
058082,0,0,0,2,,,,
058083,0,0,0,-20,,,,
058085,0,0,0,150,,,,
058088,0,0,0,10,,,,
058090,0,0,0,-15,,,,
058091,0,0,0,29,,,,
058092,0,0,0,93,,,,
058093,0,0,0,10,,,,
058095,0,0,0,6,,,,
058096,0,0,0,-5,,,,
058102,0,0,0,42,,,,
058107,0,0,0,9,,,,
058109,0,0,0,101,,,,
058111,0,0,0,90,,,,
058112,0,0,0,66,,,,
058115,0,0,0,10,,,,
058118,0,0,0,50,,,,
058125,0,0,0,67,,,,
058126,0,0,0,0,,,,
058128,0,0,0,-28,,,,
058130,0,0,0,1,,,,
058132,0,0,0,25,,,,
058143,0,0,0,1828,,,,
058145,0,0,0,0,,,,
058154,0,0,0,166,,,,
058157,0,0,0,-50,,,,
058159,0,0,0,-5,,,,
058169,0,0,0,5,,,,
058170,0,0,0,-4,,,,
058175,0,0,0,4,,,,
058184,0,0,0,12,,,,
058202,0,0,0,20,,,,
058208,0,0,0,-9,,,,
058209,0,0,0,11,,,,
058210,0,0,0,1,,,,
058217,0,0,0,67,,,,
058221,0,0,0,5,,,,
058231,0,0,0,1,,,,
058236,0,0,0,14,,,,
058247,0,0,0,52,,,,
058260,0,0,0,-100,,,,
058268,0,0,0,-2,,,,
058271,0,0,0,60,,,,
058272,0,0,0,3,,,,
058273,0,0,0,0,,,,
058274,0,0,0,-61,,,,
058277,0,0,0,-10,,,,
058283,0,0,0,11,,,,
058293,0,0,0,-40,,,,
058298,0,0,0,117,,,,
058301,0,0,0,-21,,,,
058303,0,0,0,120,,,,
058305,0,0,0,-4,,,,
058308,0,0,0,15,,,,
058309,0,0,0,117,,,,
058310,0,0,0,-10,,,,
058312,0,0,0,-47,,,,
058313,0,0,0,505,,,,
058315,0,0,0,-96,,,,
058321,0,0,0,-10,,,,
058322,0,0,0,-10,,,,
058323,0,0,0,-185,,,,
058325,0,0,0,-354,,,,
058329,0,0,0,-1,,,,
058330,0,0,0,-438,,,,
058337,0,0,0,46,,,,
058338,0,0,0,34,,,,
058340,0,0,0,22,,,,
058341,0,0,0,143,,,,
058342,0,0,0,5,,,,
058343,0,0,0,88,,,,
058344,0,0,0,239,,,,
058348,0,0,0,-32,,,,
058359,0,0,0,-1,,,,
058360,0,0,0,18,,,,
058362,0,0,0,-6,,,,
058367,0,0,0,-2,,,,
058379,0,0,0,267,,,,
058383,0,0,0,10,,,,
058389,0,0,0,-5,,,,
058390,0,0,0,10,,,,
058393,0,0,0,5431,,,,
058394,0,0,0,24,,,,
058396,0,0,0,-12,,,,
058399,0,0,0,-10,,,,
058403,0,0,0,20,,,,
058404,0,0,0,48,,,,
058405,0,0,0,-502,,,,
058410,0,0,0,9,,,,
058411,0,0,0,38,,,,
058412,0,0,0,1,,,,
058413,0,0,0,-186,,,,
058414,0,0,0,-911,,,,
058416,0,0,0,1,,,,
058437,0,0,0,68,,,,
058441,0,0,0,13,,,,
058442,0,0,0,514,,,,
058443,0,0,0,50,,,,
058444,0,0,0,311,,,,
058451,0,0,0,20,,,,
058456,0,0,0,41,,,,
058461,0,0,0,1,,,,
058463,0,0,0,35,,,,
058464,0,0,0,1,,,,
058467,0,0,0,-31,,,,
058472,0,0,0,7,,,,
058484,0,0,0,1559,,,,
058485,0,0,0,-232,,,,
058489,0,0,0,-57,,,,
058492,0,0,0,0,,,,
058495,0,0,0,20,,,,
058496,0,0,0,-6,,,,
058497,0,0,0,-43,,,,
058498,0,0,0,-3,,,,
058499,0,0,0,36,,,,
058500,0,0,0,12,,,,
058508,0,0,0,86,,,,
058509,0,0,0,6,,,,
058515,0,0,0,4,,,,
058527,0,0,0,1,,,,
058530,0,0,0,-10,,,,
058533,0,0,0,-392,,,,
058534,0,0,0,273,,,,
058539,0,0,0,55,,,,
058548,0,0,0,-10,,,,
058554,0,0,0,-10,,,,
058557,0,0,0,-4,,,,
058560,0,0,0,-14,,,,
058561,0,0,0,155,,,,
058562,0,0,0,29,,,,
058567,0,0,0,-50,,,,
058574,0,0,0,21,,,,
058584,0,0,0,15,,,,
058591,0,0,0,50,,,,
058592,0,0,0,18,,,,
058605,0,0,0,9,,,,
058606,0,0,0,-146,,,,
058607,0,0,0,-4,,,,
058610,0,0,0,24,,,,
058611,0,0,0,-50,,,,
058612,0,0,0,-18,,,,
058613,0,0,0,-15,,,,
058614,0,0,0,69,,,,
058615,0,0,0,87,,,,
058616,0,0,0,2,,,,
058618,0,0,0,5,,,,
058620,0,0,0,-94,,,,
058621,0,0,0,88,,,,
058622,0,0,0,34,,,,
058623,0,0,0,13,,,,
058624,0,0,0,60,,,,
058625,0,0,0,178,,,,
058626,0,0,0,271,,,,
058628,0,0,0,345,,,,
058629,0,0,0,840,,,,
058630,0,0,0,448,,,,
058631,0,0,0,422,,,,
058632,0,0,0,-20,,,,
058636,0,0,0,20,,,,
058637,0,0,0,-10,,,,
058638,0,0,0,229,,,,
058640,0,0,0,-300,,,,
058641,0,0,0,-10,,,,
058642,0,0,0,-37,,,,
058646,0,0,0,181,,,,
058647,0,0,0,2,,,,
058649,0,0,0,6,,,,
058651,0,0,0,10,,,,
058657,0,0,0,25,,,,
058661,0,0,0,0,,,,
058665,0,0,0,33,,,,
058670,0,0,0,-168,,,,
058671,0,0,0,308,,,,
058679,0,0,0,-224,,,,
058695,0,0,0,898,,,,
058700,0,0,0,13,,,,
058701,0,0,0,13,,,,
058713,0,0,0,10,,,,
058718,0,0,0,21,,,,
058719,0,0,0,61,,,,
058725,0,0,0,-10,,,,
058726,0,0,0,-1,,,,
058727,0,0,0,-2,,,,
058728,0,0,0,-5,,,,
058731,0,0,0,-295,,,,
058733,0,0,0,115,,,,
058734,0,0,0,20,,,,
058736,0,0,0,15,,,,
058742,0,0,0,-10,,,,
058746,0,0,0,10,,,,
058750,0,0,0,-5,,,,
058752,0,0,0,739,,,,
058756,0,0,0,9,,,,
058764,0,0,0,6,,,,
058772,0,0,0,50,,,,
058774,0,0,0,-400,,,,
058775,0,0,0,-42,,,,
058778,0,0,0,10,,,,
058780,0,0,0,1,,,,
058786,0,0,0,142,,,,
058787,0,0,0,2,,,,
058789,0,0,0,50,,,,
058792,0,0,0,-1,,,,
058793,0,0,0,-45,,,,
058810,0,0,0,68,,,,
058811,0,0,0,1,,,,
058813,0,0,0,-20,,,,
058822,0,0,0,-9,,,,
058831,0,0,0,222,,,,
058833,0,0,0,143,,,,
058836,0,0,0,-17,,,,
058837,0,0,0,5,,,,
058839,0,0,0,-20,,,,
058840,0,0,0,-16,,,,
058842,0,0,0,8,,,,
058843,0,0,0,167,,,,
058844,0,0,0,126,,,,
058846,0,0,0,197,,,,
058847,0,0,0,48,,,,
058848,0,0,0,70,,,,
058849,0,0,0,-15,,,,
058851,0,0,0,-60,,,,
058853,0,0,0,-1,,,,
058855,0,0,0,-37,,,,
058856,0,0,0,-70,,,,
058859,0,0,0,100,,,,
058861,0,0,0,5,,,,
058862,0,0,0,-6,,,,
058863,0,0,0,632,,,,
058864,0,0,0,33,,,,
058865,0,0,0,22,,,,
058866,0,0,0,-6,,,,
058869,0,0,0,-47,,,,
058872,0,0,0,0,,,,
058876,0,0,0,0,,,,
058879,0,0,0,250,,,,
058880,0,0,0,-2,,,,
058882,0,0,0,31,,,,
058884,0,0,0,-1992,,,,
058885,0,0,0,-56,,,,
058886,0,0,0,0,,,,
058892,0,0,0,2,,,,
058895,0,0,0,8,,,,
058904,0,0,0,3,,,,
058909,0,0,0,54,,,,
058912,0,0,0,12,,,,
058913,0,0,0,17,,,,
058914,0,0,0,135,,,,
058915,0,0,0,-10,,,,
058924,0,0,0,9,,,,
058936,0,0,0,-15,,,,
058960,0,0,0,100,,,,
058967,0,0,0,-1,,,,
058991,0,0,0,-15,,,,
058994,0,0,0,1,,,,
058999,0,0,0,1,,,,
059004,0,0,0,118,,,,
059006,0,0,0,96,,,,
059007,0,0,0,2214,,,,
059010,0,0,0,-20,,,,
059013,0,0,0,-50,,,,
059014,0,0,0,16,,,,
059017,0,0,0,115,,,,
059018,0,0,0,-21,,,,
059020,0,0,0,5,,,,
059021,0,0,0,20,,,,
059022,0,0,0,25,,,,
059023,0,0,0,-1,,,,
059028,0,0,0,-64,,,,
059030,0,0,0,171,,,,
059034,0,0,0,115,,,,
059035,0,0,0,94,,,,
059036,0,0,0,76,,,,
059037,0,0,0,20,,,,
059040,0,0,0,366,,,,
059058,0,0,0,-364,,,,
059059,0,0,0,89,,,,
059060,0,0,0,-1,,,,
059062,0,0,0,31,,,,
059063,0,0,0,20,,,,
059064,0,0,0,6,,,,
059065,0,0,0,147,,,,
059066,0,0,0,147,,,,
059067,0,0,0,-276,,,,
059068,0,0,0,-42,,,,
059070,0,0,0,-278,,,,
059073,0,0,0,-2204,,,,
059074,0,0,0,1,,,,
059076,0,0,0,10,,,,
059078,0,0,0,-5,,,,
059081,0,0,0,12,,,,
059082,0,0,0,-16,,,,
059083,0,0,0,14,,,,
059088,0,0,0,6,,,,
059089,0,0,0,-4,,,,
059103,0,0,0,-50,,,,
059109,0,0,0,-3,,,,
059114,0,0,0,-37,,,,
059119,0,0,0,12,,,,
059121,0,0,0,-14,,,,
059122,0,0,0,3482,,,,
059128,0,0,0,2,,,,
059135,0,0,0,20,,,,
059136,0,0,0,16,,,,
059141,0,0,0,30,,,,
059160,0,0,0,10,,,,
059164,0,0,0,11,,,,
059183,0,0,0,135,,,,
059187,0,0,0,248,,,,
059188,0,0,0,-202,,,,
059190,0,0,0,-20,,,,
059193,0,0,0,-5,,,,
059194,0,0,0,-10,,,,
059196,0,0,0,-12,,,,
059197,0,0,0,-177,,,,
059212,0,0,0,-347,,,,
059213,0,0,0,-20,,,,
059216,0,0,0,3,,,,
059221,0,0,0,62,,,,
059222,0,0,0,0,,,,
059223,0,0,0,-5,,,,
059229,0,0,0,11,,,,
059230,0,0,0,157,,,,
059237,0,0,0,30,,,,
059238,0,0,0,39,,,,
059242,0,0,0,-40,,,,
059246,0,0,0,10,,,,
059253,0,0,0,41,,,,
059254,0,0,0,-99,,,,
059262,0,0,0,24,,,,
059268,0,0,0,-519,,,,
059269,0,0,0,-51,,,,
059270,0,0,0,429,,,,
059271,0,0,0,0,,,,
059274,0,0,0,2953,,,,
059285,0,0,0,-50,,,,
059287,0,0,0,2,,,,
059288,0,0,0,4,,,,
059293,0,0,0,91,,,,
059297,0,0,0,50,,,,
059305,0,0,0,8,,,,
059307,0,0,0,-140,,,,
059308,0,0,0,-671,,,,
059309,0,0,0,302,,,,
059310,0,0,0,21,,,,
059321,0,0,0,-200,,,,
059333,0,0,0,45,,,,
059339,0,0,0,97,,,,
059344,0,0,0,16,,,,
059347,0,0,0,-10,,,,
059348,0,0,0,1,,,,
059349,0,0,0,47,,,,
059350,0,0,0,548,,,,
059356,0,0,0,-30,,,,
059365,0,0,0,8,,,,
059372,0,0,0,-2,,,,
059373,0,0,0,998,,,,
059380,0,0,0,-78,,,,
059381,0,0,0,-20,,,,
059382,0,0,0,56,,,,
059385,0,0,0,232,,,,
059387,0,0,0,3,,,,
059389,0,0,0,-232,,,,
059390,0,0,0,19,,,,
059391,0,0,0,20,,,,
059398,0,0,0,0,,,,
059399,0,0,0,106,,,,
059400,0,0,0,51,,,,
059413,0,0,0,182,,,,
059415,0,0,0,21,,,,
059416,0,0,0,25,,,,
059422,0,0,0,23,,,,
059425,0,0,0,183,,,,
059426,0,0,0,4,,,,
059434,0,0,0,-17,,,,
059436,0,0,0,-1,,,,
059438,0,0,0,34,,,,
059442,0,0,0,10,,,,
059447,0,0,0,13,,,,
059450,0,0,0,-4,,,,
059451,0,0,0,15,,,,
059453,0,0,0,39,,,,
059456,0,0,0,11,,,,
059458,0,0,0,0,,,,
059461,0,0,0,-4,,,,
059465,0,0,0,8,,,,
059476,0,0,0,27,,,,
059478,0,0,0,6,,,,
059480,0,0,0,10,,,,
059484,0,0,0,-20,,,,
059492,0,0,0,80,,,,
059493,0,0,0,20,,,,
059494,0,0,0,797,,,,
059495,0,0,0,67,,,,
059496,0,0,0,35,,,,
059500,0,0,0,138,,,,
059505,0,0,0,18,,,,
059521,0,0,0,0,,,,
059526,0,0,0,20,,,,
059534,0,0,0,10,,,,
059535,0,0,0,-15,,,,
059537,0,0,0,-10,,,,
059540,0,0,0,-46,,,,
059542,0,0,0,10,,,,
059552,0,0,0,-2,,,,
059553,0,0,0,6,,,,
059557,0,0,0,-61,,,,
059566,0,0,0,50,,,,
059569,0,0,0,-40,,,,
059574,0,0,0,19,,,,
059578,0,0,0,-58,,,,
059580,0,0,0,-389,,,,
059582,0,0,0,0,,,,
059583,0,0,0,-3,,,,
059587,0,0,0,-17,,,,
059590,0,0,0,-110,,,,
059599,0,0,0,13,,,,
059605,0,0,0,-30,,,,
059607,0,0,0,10,,,,
059611,0,0,0,-30,,,,
059613,0,0,0,31,,,,
059615,0,0,0,-3,,,,
059618,0,0,0,20,,,,
059626,0,0,0,40,,,,
059630,0,0,0,5,,,,
059633,0,0,0,137,,,,
059634,0,0,0,41,,,,
059635,0,0,0,1,,,,
059637,0,0,0,-4,,,,
059638,0,0,0,10,,,,
059640,0,0,0,-11,,,,
059641,0,0,0,8,,,,
059642,0,0,0,-30,,,,
059647,0,0,0,-10,,,,
059648,0,0,0,-1,,,,
059652,0,0,0,4,,,,
059658,0,0,0,24,,,,
059660,0,0,0,-122,,,,
059661,0,0,0,-30,,,,
059663,0,0,0,450,,,,
059668,0,0,0,22,,,,
059670,0,0,0,75,,,,
059675,0,0,0,14,,,,
059679,0,0,0,-10,,,,
059686,0,0,0,42,,,,
059688,0,0,0,-64,,,,
059689,0,0,0,978,,,,
059695,0,0,0,48,,,,
059706,0,0,0,20,,,,
059707,0,0,0,23,,,,
059709,0,0,0,10,,,,
059711,0,0,0,17,,,,
059712,0,0,0,5,,,,
059738,0,0,0,190,,,,
059747,0,0,0,-42,,,,
059748,0,0,0,60,,,,
059750,0,0,0,-30,,,,
059753,0,0,0,-34,,,,
059759,0,0,0,32,,,,
059761,0,0,0,-685,,,,
059763,0,0,0,10,,,,
059767,0,0,0,-183,,,,
059769,0,0,0,1,,,,
059776,0,0,0,-10,,,,
059777,0,0,0,47,,,,
059778,0,0,0,31,,,,
059783,0,0,0,0,,,,
059785,0,0,0,70,,,,
059794,0,0,0,901,,,,
059798,0,0,0,5,,,,
059802,0,0,0,-100,,,,
059803,0,0,0,3,,,,
059815,0,0,0,36,,,,
059817,0,0,0,-30,,,,
059819,0,0,0,0,,,,
059826,0,0,0,3,,,,
059830,0,0,0,-1,,,,
059834,0,0,0,-14,,,,
059835,0,0,0,16,,,,
059836,0,0,0,-147,,,,
059837,0,0,0,102,,,,
059838,0,0,0,55,,,,
059848,20,0,0,-231,,,,
059852,0,0,0,50,,,,
059857,0,0,0,-11,,,,
059858,0,0,0,83,,,,
059860,0,0,0,-1,,,,
059867,0,0,0,-51,,,,
059869,0,0,0,5,,,,
059870,0,0,0,-54,,,,
059873,0,0,0,20,,,,
059880,0,0,0,44,,,,
059881,0,0,0,20,,,,
059882,0,0,0,-1,,,,
059883,0,0,0,16,,,,
059886,0,0,0,570,,,,
059887,0,0,0,70,,,,
059893,0,0,0,41,,,,
059897,0,0,0,45,,,,
059921,0,0,0,-477,,,,
059922,0,0,0,-20,,,,
059926,0,0,0,-11,,,,
059927,0,0,0,-16,,,,
059936,0,0,0,59,,,,
059945,0,0,0,590,,,,
059947,0,0,0,-60,,,,
059960,0,0,0,64,,,,
059962,0,0,0,32,,,,
059965,0,0,0,50,,,,
059975,0,0,0,19,,,,
059991,0,0,0,669,,,,
059995,0,0,0,-5,,,,
059997,0,0,0,-1,,,,
060001,0,0,0,-5,,,,
060004,0,0,0,50,,,,
060010,0,0,0,-205,,,,
060016,0,0,0,4,,,,
060017,0,0,0,50,,,,
060018,0,0,0,0,,,,
060024,0,0,0,-111,,,,
060032,0,0,0,-12,,,,
060034,0,0,0,-5,,,,
060036,0,0,0,-19,,,,
060037,0,0,0,-1193,,,,
060040,0,0,0,40,,,,
060046,0,0,0,-31,,,,
060054,0,0,0,-75,,,,
060057,0,0,0,-1,,,,
060067,0,0,0,256,,,,
060072,0,0,0,-5,,,,
060094,0,0,0,63,,,,
060097,0,0,0,11,,,,
060100,0,0,0,5,,,,
060102,0,0,0,938,,,,
060103,0,0,0,777,,,,
060105,0,0,0,-1,,,,
060106,0,0,0,0,,,,
060114,0,0,0,5,,,,
060116,0,0,0,-30,,,,
060122,0,0,0,-126,,,,
060135,0,0,0,-17,,,,
060140,0,0,0,10,,,,
060157,0,0,0,2,,,,
060168,0,0,0,-10,,,,
060169,0,0,0,-26,,,,
060172,0,0,0,4,,,,
060175,0,0,0,53,,,,
060179,0,0,0,9,,,,
060182,0,0,0,-10,,,,
060185,0,0,0,-211,,,,
060186,0,0,0,83,,,,
060187,0,0,0,151,,,,
060188,0,0,0,13,,,,
060192,0,0,0,-18,,,,
060195,0,0,0,-124,,,,
060198,0,0,0,-267,,,,
060200,0,0,0,-10,,,,
060202,0,0,0,68,,,,
060203,0,0,0,21,,,,
060204,0,0,0,98,,,,
060205,0,0,0,-51,,,,
060210,0,0,0,141,,,,
060212,0,0,0,-10,,,,
060213,0,0,0,-259,,,,
060215,0,0,0,-100,,,,
060218,0,0,0,1,,,,
060220,0,0,0,0,,,,
060221,0,0,0,-100,,,,
060222,0,0,0,2,,,,
060224,0,0,0,-12,,,,
060231,0,0,0,-219,,,,
060232,0,0,0,-1,,,,
060234,0,0,0,-10,,,,
060235,0,0,0,163,,,,
060236,0,0,0,31,,,,
060240,0,0,0,-7,,,,
060243,0,0,0,-196,,,,
060245,0,0,0,10,,,,
060246,0,0,0,7,,,,
060247,0,0,0,-30,,,,
060249,0,0,0,300,,,,
060254,0,0,0,-84,,,,
060256,0,0,0,200,,,,
060262,0,0,0,-31,,,,
060263,0,0,0,-667,,,,
060274,0,0,0,-42,,,,
060279,0,0,0,20,,,,
060280,0,0,0,-28,,,,
060281,0,0,0,-10,,,,
060283,0,0,0,-80,,,,
060284,0,0,0,251,,,,
060286,0,0,0,2,,,,
060288,0,0,0,5,,,,
060293,0,0,0,480,,,,
060296,0,0,0,13,,,,
060297,0,0,0,-52,,,,
060304,0,0,0,-39,,,,
060307,0,0,0,112,,,,
060309,0,0,0,-38,,,,
060311,0,0,0,40,,,,
060312,0,0,0,-50,,,,
060313,0,0,0,1,,,,
060314,0,0,0,-96,,,,
060317,0,0,0,-4,,,,
060319,0,0,0,3,,,,
060330,0,0,0,-10,,,,
060331,0,0,0,-33,,,,
060332,0,0,0,40,,,,
060333,0,0,0,165,,,,
060334,0,0,0,11,,,,
060341,0,0,0,8,,,,
060347,0,0,0,7,,,,
060349,0,0,0,6,,,,
060350,0,0,0,18,,,,
060355,0,0,0,-10,,,,
060359,0,0,0,250,,,,
060360,0,0,0,-2,,,,
060364,0,0,0,90,,,,
060389,0,0,0,-9,,,,
060391,0,0,0,-20,,,,
060393,0,0,0,1,,,,
060398,0,0,0,-46,,,,
060400,0,0,0,1,,,,
060401,0,0,0,-40,,,,
060402,0,0,0,7,,,,
060404,0,0,0,5,,,,
060417,0,0,0,78,,,,
060425,0,0,0,27,,,,
060428,0,0,0,10,,,,
060432,0,0,0,-4,,,,
060435,0,0,0,45,,,,
060445,0,0,0,23,,,,
060446,0,0,0,5,,,,
060449,0,0,0,-11,,,,
060452,0,0,0,-19,,,,
060454,0,0,0,1,,,,
060455,0,0,0,-22,,,,
060458,0,0,0,60,,,,
060459,0,0,0,3,,,,
060461,0,0,0,-40,,,,
060464,0,0,0,-9,,,,
060470,0,0,0,15,,,,
060474,0,0,0,-10,,,,
060475,0,0,0,-1,,,,
060477,0,0,0,50,,,,
060478,0,0,0,60,,,,
060479,0,0,0,-40,,,,
060482,0,0,0,2704,,,,
060483,0,0,0,111,,,,
060491,0,0,0,-1,,,,
060495,0,0,0,-15,,,,
060498,0,0,0,-1,,,,
060502,0,0,0,81,,,,
060504,0,0,0,-10,,,,
060507,0,0,0,2,,,,
060513,0,0,0,204,,,,
060521,0,0,0,-4,,,,
060525,0,0,0,-201,,,,
060527,0,0,0,-144,,,,
060531,0,0,0,12,,,,
060544,0,0,0,60,,,,
060546,0,0,0,10,,,,
060548,0,0,0,-10,,,,
060549,0,0,0,0,,,,
060552,0,0,0,-12,,,,
060553,0,0,0,0,,,,
060562,0,0,0,456,,,,
060564,0,0,0,-21,,,,
060566,0,0,0,10,,,,
060571,0,0,0,5,,,,
060575,0,0,0,-2,,,,
060578,0,0,0,10,,,,
060580,0,0,0,-66,,,,
060583,0,0,0,12,,,,
060587,0,0,0,5,,,,
060588,0,0,0,-1,,,,
060589,0,0,0,-10,,,,
060593,0,0,0,156,,,,
060595,0,0,0,100,,,,
060596,0,0,0,-15,,,,
060597,0,0,0,241,,,,
060604,0,0,0,191,,,,
060606,0,0,0,3,,,,
060609,0,0,0,1,,,,
060610,0,0,0,-21,,,,
060611,0,0,0,-830,,,,
060615,0,0,0,-5,,,,
060617,0,0,0,180,,,,
060619,0,0,0,0,,,,
060625,0,0,0,25,,,,
060634,0,0,0,6,,,,
060638,0,0,0,157,,,,
060641,0,0,0,342,,,,
060643,0,0,0,353,,,,
060644,0,0,0,1143,,,,
060646,0,0,0,5,,,,
060661,0,0,0,-10,,,,
060666,0,0,0,7,,,,
060668,0,0,0,10,,,,
060671,0,0,0,90,,,,
060673,0,0,0,0,,,,
060674,0,0,0,32,,,,
060675,0,0,0,-20,,,,
060676,0,0,0,-109,,,,
060679,0,0,0,-25,,,,
060681,0,0,0,-31,,,,
060684,0,0,0,397,,,,
060686,0,0,0,2,,,,
060687,0,0,0,-498,,,,
060688,0,0,0,30,,,,
060689,0,0,0,5,,,,
060693,0,0,0,4,,,,
060698,0,0,0,10,,,,
060700,0,0,0,58,,,,
060711,0,0,0,191,,,,
060717,0,0,0,-20,,,,
060719,0,0,0,2290,,,,
060722,0,0,0,-5,,,,
060723,0,0,0,-130,,,,
060725,0,0,0,-177,,,,
060729,0,0,0,93,,,,
060730,0,0,0,11,,,,
060731,0,0,0,-3,,,,
060732,0,0,0,-96,,,,
060733,0,0,0,-10,,,,
060734,0,0,0,8,,,,
060735,0,0,0,-37,,,,
060739,0,0,0,8,,,,
060741,0,0,0,10,,,,
060742,0,0,0,390,,,,
060743,0,0,0,-80,,,,
060744,0,0,0,61,,,,
060745,0,0,0,35,,,,
060749,0,0,0,82,,,,
060750,0,0,0,-148,,,,
060760,0,0,0,2,,,,
060766,0,0,0,2,,,,
060767,0,0,0,300,,,,
060768,0,0,0,-232,,,,
060769,0,0,0,5,,,,
060772,0,0,0,-75,,,,
060774,0,0,0,17,,,,
060787,0,0,0,-5,,,,
060789,0,0,0,199,,,,
060790,0,0,0,256,,,,
060793,0,0,0,10,,,,
060815,0,0,0,10,,,,
060819,0,0,0,-125,,,,
060822,0,0,0,-69,,,,
060824,0,0,0,-7,,,,
060825,0,0,0,20,,,,
060829,0,0,0,-39,,,,
060831,0,0,0,-17,,,,
060832,0,0,0,720,,,,
060834,0,0,0,-154,,,,
060835,0,0,0,1,,,,
060838,0,0,0,0,,,,
060841,0,0,0,9,,,,
060846,0,0,0,-370,,,,
060853,0,0,0,3,,,,
060855,0,0,0,10,,,,
060859,0,0,0,-3,,,,
060860,0,0,0,40,,,,
060862,0,0,0,-140,,,,
060870,0,0,0,-110,,,,
060871,0,0,0,-138,,,,
060877,0,0,0,242,,,,
060886,0,0,0,-2,,,,
060893,0,0,0,7,,,,
060898,0,0,0,10,,,,
060899,0,0,0,-22,,,,
060901,0,0,0,-39,,,,
060904,0,0,0,-1,,,,
060907,0,0,0,-2,,,,
060908,0,0,0,22,,,,
060912,0,0,0,-7,,,,
060919,0,0,0,-220,,,,
060922,0,0,0,266,,,,
060923,0,0,0,-28,,,,
060924,0,0,0,150,,,,
060925,0,0,0,470,,,,
060926,0,0,0,524,,,,
060930,0,0,0,30,,,,
060938,0,0,0,439,,,,
060943,0,0,0,-90,,,,
060944,0,0,0,83,,,,
060947,0,0,0,-53,,,,
060951,0,0,0,15,,,,
060954,0,0,0,0,,,,
060958,0,0,0,-7,,,,
060965,0,0,0,-40,,,,
060968,0,0,0,-10,,,,
060969,0,0,0,-20,,,,
060972,0,0,0,31,,,,
060973,0,0,0,50,,,,
060974,0,0,0,48,,,,
060975,0,0,0,3,,,,
060981,0,0,0,-30,,,,
060985,0,0,0,22,,,,
060987,0,0,0,0,,,,
060992,0,0,0,-63,,,,
061000,0,0,0,30,,,,
061002,0,0,0,-36,,,,
061003,0,0,0,10,,,,
061004,0,0,0,-6,,,,
061007,0,0,0,10,,,,
061008,0,0,0,93,,,,
061009,0,0,0,-30,,,,
061013,0,0,0,-177,,,,
061014,0,0,0,10,,,,
061015,0,0,0,18,,,,
061016,0,0,0,118,,,,
061018,0,0,0,-63,,,,
061019,0,0,0,185,,,,
061020,0,0,0,10,,,,
061029,0,0,0,-16,,,,
061030,0,0,0,-36,,,,
061032,0,0,0,-7,,,,
061033,0,0,0,7,,,,
061035,0,0,0,-138,,,,
061039,0,0,0,-351,,,,
061040,0,0,0,-129,,,,
061041,0,0,0,-394,,,,
061042,0,0,0,-104,,,,
061043,0,0,0,-469,,,,
061044,0,0,0,-81,,,,
061045,0,0,0,-716,,,,
061046,0,0,0,-20,,,,
061047,0,0,0,-270,,,,
061060,0,0,0,20,,,,
061063,0,0,0,41,,,,
061064,0,0,0,-18,,,,
061065,0,0,0,65,,,,
061067,0,0,0,10,,,,
061068,0,0,0,-2,,,,
061074,0,0,0,55,,,,
061075,0,0,0,20,,,,
061078,0,0,0,60,,,,
061080,0,0,0,90,,,,
061084,0,0,0,3,,,,
061086,0,0,0,8,,,,
061087,0,0,0,550,,,,
061089,0,0,0,-1,,,,
061090,0,0,0,-5,,,,
061097,0,0,0,-8,,,,
061102,0,0,0,1,,,,
061105,0,0,0,-20,,,,
061118,0,0,0,7,,,,
061132,0,0,0,592,,,,
061138,0,0,0,0,,,,
061139,0,0,0,224,,,,
061140,0,0,0,45,,,,
061141,0,0,0,25,,,,
061142,0,0,0,-20,,,,
061144,0,0,0,50,,,,
061145,0,0,0,-24,,,,
061153,0,0,0,-30,,,,
061156,0,0,0,-65,,,,
061158,0,0,0,-53,,,,
061160,0,0,0,-343,,,,
061161,0,0,0,-1,,,,
061162,0,0,0,-43,,,,
061168,0,0,0,150,,,,
061184,0,0,0,-51,,,,
061185,0,0,0,-365,,,,
061186,0,0,0,-57,,,,
061187,0,0,0,-10,,,,
061193,0,0,0,0,,,,
061195,0,0,0,100,,,,
061210,0,0,0,98,,,,
061211,0,0,0,13,,,,
061220,0,0,0,-10,,,,
061229,0,0,0,-14,,,,
061231,0,0,0,264,,,,
061237,0,0,0,5,,,,
061238,0,0,0,359,,,,
061254,0,0,0,-72,,,,
061259,3,0,0,84,,,,
061260,0,0,0,-15,,,,
061264,0,0,0,-229,,,,
061266,0,0,0,0,,,,
061268,0,0,0,8,,,,
061270,0,0,0,24,,,,
061271,0,0,0,-1397,,,,
061274,0,0,0,45,,,,
061278,0,0,0,-2,,,,
061279,0,0,0,1,,,,
061280,0,0,0,0,,,,
061283,0,0,0,467,,,,
061295,0,0,0,-2,,,,
061297,0,0,0,228,,,,
061301,0,0,0,20,,,,
061303,0,0,0,-15,,,,
061308,0,0,0,-20,,,,
061311,0,0,0,-77,,,,
061328,0,0,0,29,,,,
061332,0,0,0,-10,,,,
061338,0,0,0,-18,,,,
061342,0,0,0,-18,,,,
061344,0,0,0,-24,,,,
061345,0,0,0,-5,,,,
061346,0,0,0,-199,,,,
061350,0,0,0,-99,,,,
061355,0,0,0,-88,,,,
061359,0,0,0,30,,,,
061360,0,0,0,-20,,,,
061363,0,0,0,-15,,,,
061364,0,0,0,-2,,,,
061369,0,0,0,2,,,,
061372,0,0,0,0,,,,
061373,0,0,0,-20,,,,
061378,0,0,0,0,,,,
061382,0,0,0,-1,,,,
061383,0,0,0,-51,,,,
061387,0,0,0,43,,,,
061391,0,0,0,-73,,,,
061392,0,0,0,-110,,,,
061393,0,0,0,-22,,,,
061394,0,0,0,-125,,,,
061397,0,0,0,-300,,,,
061416,0,0,0,-6,,,,
061421,0,0,0,127,,,,
061423,0,0,0,189,,,,
061427,0,0,0,12,,,,
061432,0,0,0,572,,,,
061437,0,0,0,-59,,,,
061438,0,0,0,-326,,,,
061445,0,0,0,1,,,,
061448,0,0,0,-2,,,,
061449,0,0,0,1,,,,
061452,0,0,0,-10,,,,
061453,0,0,0,16,,,,
061456,0,0,0,0,,,,
061461,0,0,0,-12,,,,
061462,0,0,0,-189,,,,
061464,0,0,0,0,,,,
061466,0,0,0,-115,,,,
061472,0,0,0,-9,,,,
061474,0,0,0,0,,,,
061477,0,0,0,1,,,,
061483,0,0,0,-55,,,,
061485,0,0,0,10,,,,
061488,0,0,0,80,,,,
061489,0,0,0,30,,,,
061493,0,0,0,-29,,,,
061494,0,0,0,-50,,,,
061496,0,0,0,33,,,,
061497,0,0,0,18,,,,
061499,0,0,0,2,,,,
061502,0,0,0,-56,,,,
061503,0,0,0,-1,,,,
061505,0,0,0,-91,,,,
061506,0,0,0,-3,,,,
061507,0,0,0,0,,,,
061509,0,0,0,-4,,,,
061515,0,0,0,269,,,,
061516,0,0,0,105,,,,
061538,0,0,0,-29,,,,
061541,0,0,0,-4,,,,
061542,0,0,0,2,,,,
061546,0,0,0,-42,,,,
061547,0,0,0,10,,,,
061551,0,0,0,0,,,,
061556,0,0,0,-198,,,,
061561,0,0,0,-632,,,,
061565,0,0,0,45,,,,
061566,0,0,0,-1,,,,
061567,0,0,0,-31,,,,
061568,0,0,0,34,,,,
061569,0,0,0,7,,,,
061571,0,0,0,-140,,,,
061572,0,0,0,-39,,,,
061573,0,0,0,15,,,,
061578,0,0,0,2,,,,
061580,0,0,0,-250,,,,
061584,0,0,0,-396,,,,
061587,0,0,0,-10,,,,
061588,0,0,0,10,,,,
061591,0,0,0,0,,,,
061599,0,0,0,-70,,,,
061601,0,0,0,30,,,,
061603,0,0,0,-359,,,,
061604,0,0,0,949,,,,
061605,0,0,0,-71,,,,
061608,0,0,0,-625,,,,
061609,0,0,0,-49,,,,
061610,0,0,0,2,,,,
061622,0,0,0,-28,,,,
061624,0,0,0,181,,,,
061625,0,0,0,136,,,,
061629,0,0,0,108,,,,
061630,0,0,0,5,,,,
061632,0,0,0,101,,,,
061633,0,0,0,-20,,,,
061634,0,0,0,-10,,,,
061636,0,0,0,5,,,,
061637,0,0,0,10,,,,
061645,0,0,0,0,,,,
061649,0,0,0,-64,,,,
061650,0,0,0,-5,,,,
061651,0,0,0,1,,,,
061653,0,0,0,-108,,,,
061654,0,0,0,-16,,,,
061659,0,0,0,-196,,,,
061663,0,0,0,0,,,,
061669,0,0,0,-48,,,,
061670,0,0,0,2,,,,
061678,0,0,0,-62,,,,
061681,0,0,0,-10,,,,
061683,0,0,0,-20,,,,
061688,0,0,0,-46,,,,
061705,0,0,0,11,,,,
061720,0,0,0,218,,,,
061725,0,0,0,2,,,,
061726,0,0,0,20,,,,
061728,0,0,0,-499,,,,
061731,0,0,0,-20,,,,
061734,0,0,0,-50,,,,
061736,0,0,0,-1,,,,
061744,0,0,0,-56,,,,
061752,0,0,0,58,,,,
061755,0,0,0,-7,,,,
061756,0,0,0,-210,,,,
061759,0,0,0,-2,,,,
061762,0,0,0,11,,,,
061763,0,0,0,50,,,,
061765,0,0,0,-10,,,,
061766,0,0,0,-270,,,,
061768,0,0,0,-3,,,,
061769,0,0,0,-42,,,,
061774,0,0,0,142,,,,
061776,0,0,0,82,,,,
061777,0,0,0,-172,,,,
061780,0,0,0,-20,,,,
061781,0,0,0,-2,,,,
061784,0,0,0,3,,,,
061788,0,0,0,-346,,,,
061798,0,0,0,-281,,,,
061800,0,0,0,30,,,,
061803,0,0,0,19,,,,
061814,0,0,0,-84,,,,
061820,0,0,0,3,,,,
061823,0,0,0,-6,,,,
061827,0,0,0,10,,,,
061842,0,0,0,11,,,,
061843,0,0,0,1,,,,
061844,0,0,0,12,,,,
061845,0,0,0,-3,,,,
061846,0,0,0,1,,,,
061849,0,0,0,112,,,,
061852,0,0,0,-7,,,,
061864,0,0,0,80,,,,
061869,0,0,0,0,,,,
061870,0,0,0,87,,,,
061874,0,0,0,-35,,,,
061877,0,0,0,-209,,,,
061882,0,0,0,16,,,,
061885,0,0,0,10,,,,
061891,0,0,0,281,,,,
061892,0,0,0,96,,,,
061898,0,0,0,-3,,,,
061907,0,0,0,20,,,,
061908,0,0,0,5,,,,
061909,0,0,0,-93,,,,
061912,0,0,0,-7,,,,
061915,0,0,0,2,,,,
061923,0,0,0,-70,,,,
061929,0,0,0,25,,,,
061938,0,0,0,138,,,,
061942,0,0,0,-391,,,,
061944,0,0,0,-63,,,,
061945,0,0,0,-10,,,,
061946,0,0,0,-10,,,,
061949,0,0,0,195,,,,
061950,0,0,0,-1,,,,
061952,0,0,0,-10,,,,
061953,0,0,0,2194,,,,
061954,0,0,0,1,,,,
061958,0,0,0,149,,,,
061963,0,0,0,-55,,,,
061964,0,0,0,-97,,,,
061976,0,0,0,290,,,,
061985,0,0,0,-10,,,,
061986,0,0,0,500,,,,
061994,0,0,0,564,,,,
061999,0,0,0,10,,,,
062001,0,0,0,12,,,,
062004,0,0,0,55,,,,
062008,0,0,0,17,,,,
062010,0,0,0,-17,,,,
062011,0,0,0,-3,,,,
062013,0,0,0,6,,,,
062014,0,0,0,-1,,,,
062015,0,0,0,14,,,,
062017,0,0,0,-62,,,,
062018,0,0,0,34,,,,
062022,0,0,0,-12,,,,
062027,0,0,0,-10,,,,
062033,0,0,0,1,,,,
062036,0,0,0,-383,,,,
062037,0,0,0,-3,,,,
062038,0,0,0,-69,,,,
062040,0,0,0,-15,,,,
062041,0,0,0,-27,,,,
062044,0,0,0,55,,,,
062048,0,0,0,125,,,,
062050,0,0,0,6,,,,
062057,0,0,0,3,,,,
062061,0,0,0,-264,,,,
062062,0,0,0,-376,,,,
062064,0,0,0,-10,,,,
062069,0,0,0,-83,,,,
062075,0,0,0,5,,,,
062079,0,0,0,30,,,,
062080,0,0,0,-13,,,,
062081,0,0,0,-17,,,,
062085,0,0,0,1,,,,
062088,0,0,0,7,,,,
062096,0,0,0,-132,,,,
062106,0,0,0,-100,,,,
062107,0,0,0,9,,,,
062108,0,0,0,327,,,,
062109,0,0,0,83,,,,
062110,0,0,0,20,,,,
062115,0,0,0,-30,,,,
062117,0,0,0,346,,,,
062120,0,0,0,16,,,,
062127,0,0,0,-10,,,,
062128,0,0,0,-10,,,,
062131,0,0,0,-10,,,,
062132,0,0,0,20,,,,
062133,0,0,0,50,,,,
062140,0,0,0,-51,,,,
062149,0,0,0,4,,,,
062151,0,0,0,40,,,,
062156,0,0,0,10,,,,
062158,0,0,0,30,,,,
062161,0,0,0,250,,,,
062167,0,0,0,11,,,,
062169,0,0,0,-10,,,,
062170,0,0,0,88,,,,
062175,0,0,0,50,,,,
062178,0,0,0,-43,,,,
062179,0,0,0,7,,,,
062183,0,0,0,200,,,,
062184,0,0,0,20,,,,
062185,0,0,0,293,,,,
062186,0,0,0,-75,,,,
062187,0,0,0,-47,,,,
062188,0,0,0,-25,,,,
06218U,0,0,0,-2,,,,
062194,0,0,0,-13,,,,
062197,0,0,0,10,,,,
062204,0,0,0,3,,,,
062207,0,0,0,2,,,,
062211,0,0,0,-370,,,,
062217,0,0,0,-5,,,,
062220,0,0,0,78,,,,
062223,0,0,0,-423,,,,
062226,0,0,0,1,,,,
062228,0,0,0,2,,,,
062231,0,0,0,-30,,,,
062235,0,0,0,-648,,,,
062236,0,0,0,-10,,,,
062238,0,0,0,94,,,,
062240,0,0,0,-20,,,,
062242,0,0,0,-211,,,,
062244,0,0,0,-2,,,,
062249,0,0,0,17,,,,
062253,0,0,0,10,,,,
062264,0,0,0,5,,,,
062273,0,0,0,31,,,,
062280,0,0,0,2,,,,
062294,0,0,0,-38,,,,
062301,0,0,0,155,,,,
062304,0,0,0,20,,,,
062318,0,0,0,10,,,,
062319,0,0,0,20,,,,
062325,0,0,0,-64,,,,
062326,0,0,0,-64,,,,
062330,0,0,0,-85,,,,
062335,0,0,0,176,,,,
062338,0,0,0,44,,,,
062339,0,0,0,-59,,,,
062340,0,0,0,-131,,,,
062342,0,0,0,-133,,,,
062343,0,0,0,-1184,,,,
062344,0,0,0,-10,,,,
062347,0,0,0,-1,,,,
062350,0,0,0,-10,,,,
062352,0,0,0,-96,,,,
062355,0,0,0,0,,,,
062356,0,0,0,-349,,,,
062359,0,0,0,3,,,,
062360,0,0,0,10,,,,
062361,0,0,0,-20,,,,
062364,0,0,0,5,,,,
062365,0,0,0,4,,,,
062367,0,0,0,-400,,,,
062371,0,0,0,-5,,,,
062374,0,0,0,22,,,,
062375,0,0,0,-11,,,,
062381,0,0,0,251,,,,
062383,0,0,0,5,,,,
062385,0,0,0,-443,,,,
062391,0,0,0,-49,,,,
062392,0,0,0,3,,,,
062395,0,0,0,20,,,,
062397,0,0,0,-80,,,,
062401,0,0,0,2,,,,
062404,0,0,0,-2,,,,
062410,0,0,0,-1,,,,
062414,0,0,0,20,,,,
062415,0,0,0,1,,,,
062419,0,0,0,340,,,,
062421,0,0,0,20,,,,
062424,0,0,0,0,,,,
062425,0,0,0,314,,,,
062427,0,0,0,-11,,,,
062438,0,0,0,1,,,,
062440,0,0,0,-20,,,,
062444,0,0,0,-9,,,,
062453,0,0,0,5,,,,
062465,0,0,0,97,,,,
062469,0,0,0,1,,,,
062475,0,0,0,-3,,,,
062482,0,0,0,-1,,,,
062503,0,0,0,-240,,,,
062509,0,0,0,-1,,,,
062512,0,0,0,0,,,,
062513,0,0,0,-10,,,,
062514,0,0,0,-2,,,,
062515,0,0,0,-120,,,,
062516,0,0,0,26,,,,
062519,0,0,0,20,,,,
062537,0,0,0,100,,,,
062541,0,0,0,19,,,,
062543,0,0,0,0,,,,
062555,0,0,0,-269,,,,
062557,0,0,0,54,,,,
062558,0,0,0,-10,,,,
062567,0,0,0,100,,,,
062587,0,0,0,1,,,,
062591,0,0,0,400,,,,
062593,0,0,0,24,,,,
062595,0,0,0,-15,,,,
062597,0,0,0,-232,,,,
062602,0,0,0,2,,,,
062605,0,0,0,12,,,,
062606,0,0,0,29,,,,
062610,0,0,0,-13,,,,
062618,0,0,0,-167,,,,
062619,0,0,0,-1844,,,,
062620,0,0,0,-7,,,,
062622,0,0,0,5,,,,
062623,0,0,0,-2,,,,
062626,0,0,0,2,,,,
062629,0,0,0,-117,,,,
062630,0,0,0,-11,,,,
062635,0,0,0,65,,,,
062636,0,0,0,-3,,,,
062639,0,0,0,129,,,,
062647,0,0,0,-248,,,,
062649,0,0,0,-20,,,,
062650,0,0,0,-326,,,,
062651,0,0,0,-79,,,,
062652,0,0,0,89,,,,
062653,0,0,0,-10,,,,
062654,0,0,0,-26,,,,
062655,0,0,0,-1,,,,
062658,0,0,0,51,,,,
062659,0,0,0,39,,,,
062665,0,0,0,-80,,,,
062666,0,0,0,27,,,,
062670,0,0,0,300,,,,
062672,0,0,0,-636,,,,
062677,0,0,0,-21,,,,
062678,0,0,0,6,,,,
062679,0,0,0,20,,,,
062681,0,0,0,42,,,,
062685,0,0,0,10,,,,
062686,0,0,0,388,,,,
062688,0,0,0,-36,,,,
062689,0,0,0,39,,,,
062693,0,0,0,-11,,,,
062694,0,0,0,217,,,,
062702,0,0,0,-1308,,,,
062703,0,0,0,34,,,,
062706,0,0,0,-1,,,,
062708,0,0,0,2,,,,
062714,0,0,0,-25,,,,
062723,0,0,0,20,,,,
062724,0,0,0,11,,,,
062726,0,0,0,16,,,,
062727,0,0,0,-440,,,,
062728,0,0,0,-11,,,,
062731,0,0,0,-40,,,,
062735,0,0,0,-1,,,,
062736,0,0,0,1,,,,
062737,0,0,0,80,,,,
062740,0,0,0,20,,,,
062741,0,0,0,1,,,,
062742,0,0,0,21,,,,
062750,0,0,0,-2,,,,
062752,0,0,0,238,,,,
062753,0,0,0,-1,,,,
062763,0,0,0,60,,,,
062769,0,0,0,6,,,,
062775,0,0,0,10,,,,
062776,0,0,0,66,,,,
062785,0,0,0,80,,,,
062787,0,0,0,33,,,,
062797,0,0,0,-35,,,,
062798,0,0,0,-349,,,,
062801,0,0,0,12,,,,
062803,0,0,0,29,,,,
062804,0,0,0,-46,,,,
062813,0,0,0,100,,,,
062814,0,0,0,-11,,,,
062816,0,0,0,50,,,,
062824,0,0,0,-3,,,,
062833,0,0,0,12,,,,
062836,0,0,0,-234,,,,
062838,0,0,0,10,,,,
062840,0,0,0,-22,,,,
062846,0,0,0,-31,,,,
062847,0,0,0,110,,,,
062851,0,0,0,-10,,,,
062855,0,0,0,-4,,,,
062863,0,0,0,-269,,,,
062864,0,0,0,200,,,,
062869,0,0,0,-90,,,,
062872,0,0,0,-36,,,,
062874,0,0,0,-47,,,,
062877,0,0,0,-25,,,,
062882,0,0,0,0,,,,
062884,0,0,0,-4,,,,
062885,0,0,0,-21,,,,
062886,0,0,0,24,,,,
062888,0,0,0,-85,,,,
062896,0,0,0,208,,,,
062897,0,0,0,-19,,,,
062901,0,0,0,-29,,,,
062904,0,0,0,36,,,,
062910,0,0,0,181,,,,
062911,-5,0,0,5,,,,
062912,0,0,0,-5,,,,
062914,0,0,0,-20,,,,
062918,0,0,0,6,,,,
062923,0,0,0,-4,,,,
062924,0,0,0,66,,,,
062926,0,0,0,55,,,,
062928,0,0,0,-23,,,,
062930,0,0,0,72,,,,
062932,0,0,0,1494,,,,
062934,0,0,0,5,,,,
062937,0,0,0,-30,,,,
062941,0,0,0,-14,,,,
062953,0,0,0,10,,,,
062954,0,0,0,180,,,,
062955,0,0,0,20,,,,
062960,0,0,0,-16,,,,
062961,0,0,0,-8,,,,
062967,0,0,0,-90,,,,
062978,0,0,0,80,,,,
062981,0,0,0,10,,,,
062983,0,0,0,0,,,,
062985,0,0,0,3,,,,
062987,0,0,0,321,,,,
062988,0,0,0,20,,,,
062989,0,0,0,216,,,,
062994,0,0,0,59,,,,
062997,0,0,0,-93,,,,
062998,0,0,0,-5,,,,
063001,0,0,0,-3,,,,
063003,0,0,0,-32,,,,
063004,0,0,0,-35,,,,
063005,0,0,0,8,,,,
063006,0,0,0,-1,,,,
063008,0,0,0,-2,,,,
063015,0,0,0,-15,,,,
063016,0,0,0,6,,,,
063020,0,0,0,62,,,,
063022,0,0,0,-344,,,,
063023,0,0,0,-1169,,,,
063029,0,0,0,-17,,,,
063031,0,0,0,-99,,,,
063032,0,0,0,-20,,,,
063037,0,0,0,3,,,,
063039,0,0,0,-21,,,,
063042,0,0,0,-520,,,,
063044,0,0,0,4,,,,
063045,0,0,0,-9,,,,
063056,0,0,0,-10,,,,
063058,0,0,0,-168,,,,
063059,0,0,0,-104,,,,
063075,0,0,0,20,,,,
063076,0,0,0,-20,,,,
063080,0,0,0,26,,,,
063081,0,0,0,-360,,,,
063082,0,0,0,-93,,,,
063084,0,0,0,-43,,,,
063093,0,0,0,6,,,,
063099,0,0,0,20,,,,
063101,0,0,0,20,,,,
063104,0,0,0,15,,,,
063106,0,0,0,5,,,,
063109,0,0,0,167,,,,
063110,0,0,0,-94,,,,
063112,0,0,0,2,,,,
063114,0,0,0,-20,,,,
063120,0,0,0,268,,,,
063121,0,0,0,-10,,,,
063122,0,0,0,-31,,,,
063126,0,0,0,-1,,,,
063127,0,0,0,-477,,,,
063128,0,0,0,-25,,,,
063130,0,0,0,-20,,,,
063139,0,0,0,-19,,,,
063140,0,0,0,-1,,,,
063144,0,0,0,-33,,,,
063145,0,0,0,-10,,,,
063153,0,0,0,4,,,,
063159,0,0,0,9,,,,
063160,0,0,0,-6,,,,
063161,0,0,0,-10,,,,
063162,0,0,0,68,,,,
063164,0,0,0,117,,,,
063165,0,0,0,-21,,,,
063169,0,0,0,75,,,,
063171,0,0,0,1,,,,
063174,0,0,0,-154,,,,
063175,0,0,0,10,,,,
063182,0,0,0,15,,,,
063183,0,0,0,41,,,,
063190,0,0,0,-170,,,,
063197,0,0,0,2,,,,
063198,0,0,0,20,,,,
063201,0,0,0,26,,,,
063208,0,0,0,-5,,,,
063212,0,0,0,-119,,,,
063213,0,0,0,-4,,,,
063218,0,0,0,-20,,,,
063219,0,0,0,-530,,,,
063220,0,0,0,969,,,,
063221,0,0,0,-15,,,,
063222,0,0,0,72,,,,
063223,0,0,0,-13,,,,
063224,0,0,0,25,,,,
063225,0,0,0,-39,,,,
063226,0,0,0,-147,,,,
063227,0,0,0,-24,,,,
063228,0,0,0,-100,,,,
063229,0,0,0,2,,,,
063230,0,0,0,-6,,,,
063232,0,0,0,-7,,,,
063235,0,0,0,-10,,,,
063236,0,0,0,250,,,,
063243,0,0,0,4,,,,
063244,0,0,0,-43,,,,
063245,0,0,0,-27,,,,
063248,0,0,0,1,,,,
063251,0,0,0,-11,,,,
063252,0,0,0,235,,,,
063254,0,0,0,-1249,,,,
063264,0,0,0,-42,,,,
063267,0,0,0,177,,,,
063279,0,0,0,-112,,,,
063286,0,0,0,-1127,,,,
063287,0,0,0,15,,,,
063288,0,0,0,-166,,,,
063292,0,0,0,-20,,,,
063294,0,0,0,-1,,,,
063295,0,0,0,62,,,,
063296,0,0,0,8,,,,
063299,0,0,0,4,,,,
063300,0,0,0,-20,,,,
063302,0,0,0,-58,,,,
063304,0,0,0,-13,,,,
063306,0,0,0,1,,,,
063307,0,0,0,5,,,,
063311,0,0,0,2,,,,
063319,0,0,0,-3,,,,
063322,0,0,0,30,,,,
063325,0,0,0,-22,,,,
063326,0,0,0,2,,,,
063327,0,0,0,-41,,,,
063329,0,0,0,-20,,,,
063330,0,0,0,300,,,,
063332,0,0,0,60,,,,
063335,0,0,0,49,,,,
063336,0,0,0,-40,,,,
063339,0,0,0,6,,,,
063341,0,0,0,-20,,,,
063344,0,0,0,-2067,,,,
063345,0,0,0,-626,,,,
063346,0,0,0,43,,,,
063349,0,0,0,7,,,,
063350,0,0,0,26,,,,
063351,0,0,0,-4,,,,
063352,0,0,0,549,,,,
063353,0,0,0,0,,,,
063355,0,0,0,-110,,,,
063356,0,0,0,25,,,,
063362,0,0,0,-52,,,,
063364,0,0,0,16,,,,
063369,0,0,0,-12,,,,
063370,0,0,0,-1,,,,
063371,0,0,0,15,,,,
063374,0,0,0,6,,,,
063378,0,0,0,32,,,,
063379,0,0,0,99,,,,
063380,0,0,0,-1,,,,
063383,0,0,0,-35,,,,
063388,0,0,0,-59,,,,
063389,0,0,0,-23,,,,
063395,0,0,0,-12,,,,
063397,0,0,0,-4,,,,
063398,0,0,0,79,,,,
063399,0,0,0,-870,,,,
063401,0,0,0,5,,,,
063407,0,0,0,-10,,,,
063415,0,0,0,5,,,,
063416,0,0,0,14,,,,
063419,0,0,0,-590,,,,
063424,0,0,0,-64,,,,
063427,0,0,0,-2,,,,
063432,0,0,0,287,,,,
063435,0,0,0,53,,,,
063437,0,0,0,-20,,,,
063438,0,0,0,209,,,,
063441,0,0,0,1,,,,
063444,0,0,0,-19,,,,
063446,0,0,0,294,,,,
063448,0,0,0,31,,,,
063450,0,0,0,-164,,,,
063451,0,0,0,-62,,,,
063452,0,0,0,-10,,,,
063457,0,0,0,-2,,,,
063461,0,0,0,-109,,,,
063464,0,0,0,-30,,,,
063465,0,0,0,9,,,,
063466,0,0,0,-5,,,,
063467,0,0,0,-66,,,,
063468,0,0,0,10,,,,
063469,0,0,0,26,,,,
063471,0,0,0,18,,,,
063474,0,0,0,41,,,,
063475,0,0,0,160,,,,
063476,0,0,0,36,,,,
063478,0,0,0,-14,,,,
063479,0,0,0,44,,,,
063482,0,0,0,-5,,,,
063484,0,0,0,-30,,,,
063487,0,0,0,32,,,,
063488,0,0,0,-10,,,,
063491,0,0,0,-16,,,,
063492,0,0,0,-204,,,,
063499,0,0,0,0,,,,
063502,0,0,0,-1,,,,
063505,0,0,0,-82,,,,
063506,0,0,0,-4,,,,
063508,0,0,0,-142,,,,
063509,0,0,0,71,,,,
063511,0,0,0,9,,,,
063512,0,0,0,-50,,,,
063517,0,0,0,-5,,,,
063518,0,0,0,-20,,,,
063520,0,0,0,-10,,,,
063522,0,0,0,162,,,,
063523,0,0,0,-5,,,,
063526,0,0,0,-22,,,,
063527,0,0,0,-181,,,,
063528,0,0,0,-235,,,,
063530,0,0,0,-2077,,,,
063531,0,0,0,-870,,,,
063532,0,0,0,49,,,,
063533,0,0,0,311,,,,
063538,0,0,0,-100,,,,
063542,0,0,0,-7,,,,
063547,0,0,0,0,,,,
063550,0,0,0,20,,,,
063554,0,0,0,26,,,,
063559,0,0,0,42,,,,
063560,0,0,0,-52,,,,
063561,0,0,0,2,,,,
063562,0,0,0,14,,,,
063563,0,0,0,-30,,,,
063564,0,0,0,1,,,,
063565,0,0,0,-346,,,,
063573,0,0,0,-73,,,,
063574,0,0,0,-120,,,,
063575,0,0,0,-8,,,,
063578,0,0,0,-35,,,,
063579,0,0,0,-199,,,,
063581,0,0,0,-132,,,,
063583,0,0,0,5,,,,
063584,0,0,0,-10,,,,
063585,0,0,0,10,,,,
063586,0,0,0,10,,,,
063587,0,0,0,168,,,,
063588,0,0,0,-92,,,,
063589,0,0,0,-54,,,,
063590,0,0,0,55,,,,
063591,0,0,0,48,,,,
063593,0,0,0,84,,,,
063594,0,0,0,-100,,,,
063597,0,0,0,10,,,,
063598,-3,0,0,12,,,,
063599,0,0,0,-51,,,,
063601,0,0,0,-10,,,,
063602,0,0,0,4,,,,
063603,0,0,0,-12,,,,
063606,0,0,0,20,,,,
063609,0,0,0,-19,,,,
063610,0,0,0,108,,,,
063611,0,0,0,9,,,,
063615,0,0,0,-42,,,,
063616,0,0,0,-85,,,,
063621,0,0,0,-1,,,,
063626,0,0,0,-25,,,,
063627,0,0,0,-25,,,,
063631,0,0,0,-29,,,,
063632,0,0,0,-57,,,,
063636,0,0,0,20,,,,
063639,0,0,0,6,,,,
063642,0,0,0,45,,,,
063643,0,0,0,18,,,,
063645,0,0,0,-33,,,,
063646,0,0,0,-1,,,,
063648,0,0,0,-40,,,,
063654,0,0,0,18,,,,
063655,0,0,0,-6,,,,
063658,0,0,0,-3,,,,
063661,0,0,0,30,,,,
063664,0,0,0,10,,,,
063665,0,0,0,70,,,,
063668,0,0,0,16,,,,
063669,0,0,0,73,,,,
063670,0,0,0,20,,,,
063678,0,0,0,-10,,,,
063679,0,0,0,-6,,,,
063682,0,0,0,8,,,,
063685,0,0,0,5,,,,
063686,0,0,0,5,,,,
063692,0,0,0,5,,,,
063693,0,0,0,10,,,,
063694,0,0,0,-40,,,,
063697,0,0,0,-20,,,,
063699,0,0,0,29,,,,
063703,0,0,0,-2,,,,
063707,0,0,0,-483,,,,
063711,0,0,0,13,,,,
063712,0,0,0,390,,,,
063714,0,0,0,2,,,,
063715,0,0,0,0,,,,
063720,0,0,0,7,,,,
063727,0,0,0,-15,,,,
063728,0,0,0,1,,,,
063731,0,0,0,3,,,,
063732,0,0,0,120,,,,
063733,0,0,0,-15,,,,
063739,0,0,0,170,,,,
063740,0,0,0,93,,,,
063741,0,0,0,91,,,,
063742,0,0,0,-1,,,,
063751,0,0,0,0,,,,
063757,0,0,0,-88,,,,
063758,0,0,0,53,,,,
063761,0,0,0,-195,,,,
063763,0,0,0,3,,,,
063766,0,0,0,-268,,,,
063768,0,0,0,-3,,,,
063771,0,0,0,-53,,,,
063776,0,0,0,1,,,,
063778,0,0,0,-10,,,,
063779,0,0,0,-18,,,,
063783,0,0,0,-69,,,,
063786,0,0,0,-31,,,,
063787,0,0,0,-81,,,,
063790,0,0,0,40,,,,
063793,0,0,0,-20,,,,
063794,0,0,0,-10,,,,
063795,0,0,0,-5,,,,
063796,0,0,0,-82,,,,
063797,0,0,0,-23,,,,
063800,0,0,0,0,,,,
063804,0,0,0,1,,,,
063805,0,0,0,10,,,,
063806,0,0,0,-10,,,,
063808,0,0,0,163,,,,
063809,0,0,0,459,,,,
063810,0,0,0,-104,,,,
063811,0,0,0,-31,,,,
063815,0,0,0,-40,,,,
063816,0,0,0,-50,,,,
063817,0,0,0,12,,,,
063823,0,0,0,-2,,,,
063826,0,0,0,3,,,,
063827,0,0,0,18,,,,
063828,0,0,0,24,,,,
063829,0,0,0,0,,,,
063830,0,0,0,10,,,,
063834,0,0,0,4,,,,
063835,0,0,0,-1019,,,,
063839,0,0,0,-54,,,,
063843,0,0,0,180,,,,
063848,0,0,0,3,,,,
063850,0,0,0,-30,,,,
063851,0,0,0,11,,,,
063853,0,0,0,250,,,,
063855,0,0,0,1,,,,
063856,0,0,0,255,,,,
063859,0,0,0,10,,,,
063863,0,0,0,25,,,,
063865,0,0,0,1,,,,
063868,0,0,0,15,,,,
063869,0,0,0,105,,,,
063870,0,0,0,21,,,,
063871,0,0,0,-63,,,,
063872,0,0,0,-33,,,,
063873,0,0,0,998,,,,
063874,0,0,0,-1,,,,
063879,0,0,0,0,,,,
063882,0,0,0,0,,,,
063884,0,0,0,80,,,,
063885,0,0,0,13,,,,
063889,0,0,0,-20,,,,
063890,0,0,0,63,,,,
063892,0,0,0,106,,,,
063894,0,0,0,-140,,,,
063897,0,0,0,-7,,,,
063898,0,0,0,30,,,,
063900,0,0,0,-31,,,,
063903,0,0,0,63,,,,
063905,0,0,0,-38,,,,
063908,0,0,0,-10,,,,
063914,0,0,0,1,,,,
063915,0,0,0,7,,,,
063917,0,0,0,25,,,,
063920,0,0,0,-10,,,,
063921,0,0,0,2,,,,
063925,0,0,0,1,,,,
063926,0,0,0,-10,,,,
063927,0,0,0,-150,,,,
063930,0,0,0,-3,,,,
063934,0,0,0,2255,,,,
063941,0,0,0,-39,,,,
063943,0,0,0,-10,,,,
063944,0,0,0,-100,,,,
063945,0,0,0,-120,,,,
063951,0,0,0,37,,,,
063955,0,0,0,-3,,,,
063958,0,0,0,10,,,,
063959,0,0,0,-23,,,,
063960,0,0,0,-12,,,,
063964,0,0,0,60,,,,
063968,0,0,0,-20,,,,
063970,0,0,0,-19,,,,
063973,0,0,0,159,,,,
063981,0,0,0,10,,,,
063985,0,0,0,-57,,,,
063986,0,0,0,16,,,,
063988,0,0,0,7,,,,
063995,0,0,0,28,,,,
063998,0,0,0,10,,,,
064001,0,0,0,25,,,,
064003,0,0,0,533,,,,
064006,0,0,0,170,,,,
064009,0,0,0,-83,,,,
064011,0,0,0,4,,,,
064017,0,0,0,185,,,,
064018,0,0,0,0,,,,
064022,0,0,0,80,,,,
064027,0,0,0,-21,,,,
064028,0,0,0,-10,,,,
064031,0,0,0,30,,,,
064036,0,0,0,-8,,,,
064038,0,0,0,-1,,,,
064039,0,0,0,30,,,,
064041,0,0,0,-155,,,,
064042,0,0,0,7,,,,
064043,0,0,0,30,,,,
064044,0,0,0,-10,,,,
064047,0,0,0,10,,,,
064048,0,0,0,2,,,,
064050,0,0,0,69,,,,
064051,0,0,0,2,,,,
064053,0,0,0,-20,,,,
064058,0,0,0,65,,,,
064062,0,0,0,3,,,,
064065,0,0,0,0,,,,
064069,0,0,0,-1,,,,
064070,0,0,0,357,,,,
064071,0,0,0,475,,,,
064076,0,0,0,-279,,,,
064077,0,0,0,-972,,,,
064078,0,0,0,7,,,,
064081,0,0,0,12,,,,
064082,0,0,0,-228,,,,
064083,0,0,0,17,,,,
064084,0,0,0,114,,,,
064090,0,0,0,1,,,,
064093,0,0,0,305,,,,
064098,0,0,0,-30,,,,
064100,0,0,0,20,,,,
064104,0,0,0,90,,,,
064107,0,0,0,-20,,,,
064111,0,0,0,-200,,,,
064115,0,0,0,-112,,,,
064117,0,0,0,0,,,,
064122,0,0,0,-78,,,,
064128,0,0,0,-85,,,,
064130,0,0,0,-9,,,,
064138,0,0,0,-272,,,,
064142,0,0,0,157,,,,
064144,0,0,0,-21,,,,
064145,0,0,0,-6,,,,
064146,0,0,0,-58,,,,
064147,0,0,0,-4,,,,
064148,0,0,0,-1,,,,
064149,0,0,0,-34,,,,
064150,0,0,0,193,,,,
064151,0,0,0,-43,,,,
064154,2,0,0,-91,,,,
064156,0,0,0,5,,,,
064157,0,0,0,146,,,,
064158,0,0,0,123,,,,
064159,0,0,0,262,,,,
064160,0,0,0,-149,,,,
064161,0,0,0,-699,,,,
064162,136,0,0,-164,,,,
064163,0,0,0,21,,,,
064164,0,0,0,-19,,,,
064168,0,0,0,196,,,,
064169,0,0,0,-10,,,,
064170,0,0,0,-5,,,,
064172,0,0,0,42,,,,
064177,0,0,0,111,,,,
064179,0,0,0,-1,,,,
064183,0,0,0,30,,,,
064184,0,0,0,116,,,,
064185,0,0,0,29,,,,
064194,0,0,0,-20,,,,
064204,0,0,0,5,,,,
064207,0,0,0,5,,,,
064210,0,0,0,10,,,,
064211,0,0,0,-10,,,,
064212,0,0,0,36,,,,
064215,0,0,0,-100,,,,
064216,0,0,0,-24,,,,
064221,0,0,0,203,,,,
064227,0,0,0,-4,,,,
064235,0,0,0,5,,,,
064237,0,0,0,182,,,,
064238,0,0,0,1587,,,,
064239,0,0,0,25,,,,
064252,0,0,0,1,,,,
064255,0,0,0,-10,,,,
064256,0,0,0,-26,,,,
064257,0,0,0,-10,,,,
064266,0,0,0,-4,,,,
064273,0,0,0,2,,,,
064275,0,0,0,-1,,,,
064277,0,0,0,-15,,,,
064280,0,0,0,-1,,,,
064286,0,0,0,-6,,,,
064290,0,0,0,140,,,,
064291,0,0,0,6,,,,
064292,0,0,0,1,,,,
064294,0,0,0,42,,,,
064299,0,0,0,-170,,,,
064306,0,0,0,12,,,,
064312,0,0,0,30,,,,
064314,0,0,0,83,,,,
064315,0,0,0,-34,,,,
064316,0,0,0,-22,,,,
064320,0,0,0,0,,,,
064321,0,0,0,-10,,,,
064325,0,0,0,-295,,,,
064327,0,0,0,-9,,,,
064328,0,0,0,-195,,,,
064333,0,0,0,123,,,,
064334,0,0,0,0,,,,
064335,0,0,0,3,,,,
064336,0,0,0,675,,,,
064339,0,0,0,-2,,,,
064340,0,0,0,-14,,,,
064342,0,0,0,-54,,,,
064346,0,0,0,40,,,,
064348,0,0,0,-24,,,,
064351,0,0,0,-56,,,,
064352,0,0,0,166,,,,
064357,0,0,0,-45,,,,
064359,0,0,0,20,,,,
064365,0,0,0,771,,,,
064367,0,0,0,-137,,,,
064368,0,0,0,-592,,,,
064369,0,0,0,424,,,,
064370,0,0,0,100,,,,
064371,0,0,0,-15,,,,
064378,0,0,0,-21,,,,
064379,0,0,0,44,,,,
064380,0,0,0,-54,,,,
064384,0,0,0,-115,,,,
064388,0,0,0,-8,,,,
064390,0,0,0,-20,,,,
064393,0,0,0,-97,,,,
064401,0,0,0,2,,,,
064404,0,0,0,10,,,,
064406,0,0,0,5,,,,
064410,0,0,0,1,,,,
064411,0,0,0,-196,,,,
064412,0,0,0,-32,,,,
064416,0,0,0,-10,,,,
064419,0,0,0,-208,,,,
064420,0,0,0,45,,,,
064421,0,0,0,-1,,,,
064422,0,0,0,41,,,,
064423,0,0,0,3,,,,
064424,0,0,0,-106,,,,
064425,0,0,0,-5,,,,
064427,0,0,0,-2,,,,
064428,0,0,0,-612,,,,
064429,0,0,0,5,,,,
064430,0,0,0,9,,,,
064431,0,0,0,19,,,,
064432,0,0,0,18,,,,
064433,0,0,0,-526,,,,
064437,0,0,0,-5,,,,
064438,0,0,0,-204,,,,
064439,0,0,0,0,,,,
064440,0,0,0,-20,,,,
064441,0,0,0,2,,,,
064442,0,0,0,-80,,,,
064443,0,0,0,0,,,,
064444,0,0,0,-10,,,,
064447,0,0,0,0,,,,
064448,0,0,0,-79,,,,
064453,0,0,0,46,,,,
064467,0,0,0,-1,,,,
064470,0,0,0,8,,,,
064471,0,0,0,-69,,,,
064472,0,0,0,-64,,,,
064474,0,0,0,-46,,,,
064477,0,0,0,-263,,,,
064479,0,0,0,90,,,,
064481,0,0,0,-47,,,,
064489,0,0,0,2,,,,
064491,0,0,0,-5,,,,
064493,0,0,0,48,,,,
064495,0,0,0,8,,,,
064497,0,0,0,18,,,,
064502,0,0,0,1,,,,
064511,0,0,0,34,,,,
064514,0,0,0,280,,,,
064515,0,0,0,1,,,,
064516,0,0,0,-60,,,,
064518,0,0,0,-10,,,,
064522,0,0,0,2,,,,
064524,0,0,0,162,,,,
064526,0,0,0,-40,,,,
064528,0,0,0,-154,,,,
064529,0,0,0,36,,,,
064533,0,0,0,180,,,,
064534,0,0,0,2,,,,
064535,0,0,0,114,,,,
064537,0,0,0,-7,,,,
064541,0,0,0,-365,,,,
064542,0,0,0,-231,,,,
064543,0,0,0,-676,,,,
064545,0,0,0,-164,,,,
064549,0,0,0,-1,,,,
064551,0,0,0,2,,,,
064554,0,0,0,-20,,,,
064561,0,0,0,5,,,,
064567,0,0,0,266,,,,
064570,0,0,0,807,,,,
064571,0,0,0,15,,,,
064572,0,0,0,46,,,,
064574,0,0,0,-505,,,,
064577,0,0,0,-1,,,,
064583,0,0,0,0,,,,
064585,0,0,0,6,,,,
064592,0,0,0,-8,,,,
064593,0,0,0,105,,,,
064595,0,0,0,-137,,,,
064596,0,0,0,-22,,,,
064599,0,0,0,1253,,,,
064600,0,0,0,-417,,,,
064601,0,0,0,7,,,,
064602,0,0,0,-10,,,,
064604,0,0,0,-64,,,,
064606,0,0,0,-355,,,,
064607,0,0,0,0,,,,
064611,0,0,0,231,,,,
064612,0,0,0,-40,,,,
064615,0,0,0,32,,,,
064616,0,0,0,5,,,,
064617,0,0,0,1,,,,
064618,0,0,0,1,,,,
064619,0,0,0,83,,,,
064620,0,0,0,-11,,,,
064622,0,0,0,-3,,,,
064629,0,0,0,-1,,,,
064630,0,0,0,4,,,,
064636,0,0,0,316,,,,
064639,0,0,0,3,,,,
064641,0,0,0,-1,,,,
064642,0,0,0,1,,,,
064645,0,0,0,51,,,,
064647,0,0,0,50,,,,
064648,0,0,0,0,,,,
064650,0,0,0,220,,,,
064651,0,0,0,-61,,,,
064654,0,0,0,10,,,,
064659,0,0,0,36,,,,
064660,0,0,0,28,,,,
064662,0,0,0,-2,,,,
064668,0,0,0,50,,,,
064670,0,0,0,3,,,,
064677,0,0,0,-144,,,,
064679,0,0,0,70,,,,
064681,0,0,0,-10,,,,
064682,0,0,0,-143,,,,
064683,0,0,0,-8,,,,
064684,0,0,0,-18,,,,
064685,0,0,0,-10,,,,
064686,0,0,0,31,,,,
064688,0,0,0,-134,,,,
064690,0,0,0,-10,,,,
064691,0,0,0,13,,,,
064693,0,0,0,-30,,,,
064703,0,0,0,-16,,,,
064712,0,0,0,-35,,,,
064718,0,0,0,1,,,,
064720,0,0,0,-70,,,,
064721,0,0,0,800,,,,
064727,0,0,0,58,,,,
064731,0,0,0,10,,,,
064732,0,0,0,20,,,,
064734,0,0,0,-1627,,,,
064739,0,0,0,130,,,,
064745,0,0,0,152,,,,
064746,0,0,0,1,,,,
064748,0,0,0,-10,,,,
064752,0,0,0,10,,,,
064753,0,0,0,10,,,,
064754,0,0,0,-40,,,,
064760,0,0,0,1,,,,
064761,0,0,0,77,,,,
064763,0,0,0,1,,,,
064766,0,0,0,90,,,,
064768,0,0,0,-10,,,,
064772,0,0,0,10,,,,
064774,0,0,0,-14,,,,
064775,0,0,0,-1479,,,,
064777,0,0,0,-787,,,,
064778,0,0,0,1,,,,
064781,0,0,0,-73,,,,
064786,0,0,0,-642,,,,
064787,0,0,0,-466,,,,
064793,0,0,0,32,,,,
064794,0,0,0,-172,,,,
064796,0,0,0,-30,,,,
064797,0,0,0,20,,,,
064801,0,0,0,-492,,,,
064803,0,0,0,45,,,,
064805,0,0,0,-55,,,,
064806,0,0,0,438,,,,
064808,0,0,0,-31,,,,
064811,0,0,0,-5,,,,
064812,0,0,0,8,,,,
064814,0,0,0,-20,,,,
064816,0,0,0,-19,,,,
064822,0,0,0,182,,,,
064824,0,0,0,-2,,,,
064825,0,0,0,-23,,,,
064826,0,0,0,-12,,,,
064831,0,0,0,-180,,,,
064832,0,0,0,6,,,,
064838,0,0,0,-20,,,,
064839,0,0,0,1,,,,
064840,0,0,0,15,,,,
064841,0,0,0,15,,,,
064850,0,0,0,3,,,,
064852,0,0,0,2,,,,
064856,0,0,0,2,,,,
064857,0,0,0,16,,,,
064860,0,0,0,-3,,,,
064866,0,0,0,-21,,,,
064867,0,0,0,-5,,,,
064868,0,0,0,-3,,,,
064871,0,0,0,-6,,,,
064872,0,0,0,-3,,,,
064873,0,0,0,0,,,,
064875,0,0,0,-1,,,,
064877,0,0,0,-2,,,,
064878,0,0,0,29,,,,
064881,0,0,0,-8,,,,
064883,0,0,0,-66,,,,
064888,0,0,0,1016,,,,
064891,0,0,0,-109,,,,
064894,0,0,0,-16,,,,
064897,0,0,0,-45,,,,
064899,0,0,0,-56,,,,
064901,0,0,0,-10,,,,
064903,0,0,0,1,,,,
064905,0,0,0,-38,,,,
064913,0,0,0,-110,,,,
064914,0,0,0,46,,,,
064915,0,0,0,20,,,,
064920,0,0,0,-389,,,,
064921,0,0,0,10,,,,
064924,0,0,0,-1,,,,
064926,0,0,0,-10,,,,
064930,0,0,0,-150,,,,
064937,0,0,0,1,,,,
064944,0,0,0,2,,,,
064947,0,0,0,-1,,,,
064948,0,0,0,2,,,,
064951,0,0,0,-20,,,,
064952,0,0,0,-39,,,,
064955,0,0,0,807,,,,
064966,0,0,0,-10,,,,
064967,0,0,0,5,,,,
064969,0,0,0,-5,,,,
064970,0,0,0,-10,,,,
064971,0,0,0,11,,,,
064976,0,0,0,-62,,,,
064981,0,0,0,-20,,,,
064983,0,0,0,-5,,,,
064985,0,0,0,-61,,,,
064987,0,0,0,-64,,,,
064988,0,0,0,-30,,,,
064989,0,0,0,5,,,,
064993,0,0,0,-42,,,,
064995,0,0,0,1,,,,
064996,0,0,0,205,,,,
064997,0,0,0,1,,,,
064999,0,0,0,1,,,,
065002,0,0,0,-484,,,,
065005,0,0,0,1596,,,,
065006,0,0,0,-33,,,,
065007,0,0,0,-757,,,,
065008,0,0,0,-7,,,,
065009,0,0,0,-1189,,,,
065011,0,0,0,39,,,,
065013,0,0,0,-1,,,,
065015,0,0,0,-10,,,,
065016,0,0,0,20,,,,
065025,0,0,0,15,,,,
065026,0,0,0,-201,,,,
065031,0,0,0,-182,,,,
065032,0,0,0,47,,,,
065033,0,0,0,7,,,,
065036,0,0,0,-97,,,,
065037,0,0,0,309,,,,
065040,0,0,0,20,,,,
065045,0,0,0,50,,,,
065046,0,0,0,5,,,,
065050,0,0,0,81,,,,
065051,0,0,0,-464,,,,
065052,0,0,0,33,,,,
065053,0,0,0,100,,,,
065054,0,0,0,148,,,,
065055,0,0,0,-138,,,,
065057,0,0,0,19,,,,
065060,0,0,0,-20,,,,
065061,0,0,0,102,,,,
065067,0,0,0,-54,,,,
065068,0,0,0,-164,,,,
065070,0,0,0,1,,,,
065072,0,0,0,-1,,,,
065073,0,0,0,-6,,,,
065078,0,0,0,9,,,,
065080,0,0,0,15,,,,
065082,0,0,0,50,,,,
065090,0,0,0,-10,,,,
065096,0,0,0,215,,,,
065098,0,0,0,220,,,,
065099,0,0,0,-27,,,,
065101,0,0,0,-145,,,,
065102,0,0,0,-2,,,,
065103,0,0,0,-392,,,,
065104,0,0,0,-128,,,,
065106,0,0,0,150,,,,
065107,0,0,0,219,,,,
065111,0,0,0,4,,,,
065116,0,0,0,-10,,,,
065119,0,0,0,-1238,,,,
065120,0,0,0,5,,,,
065121,0,0,0,-5,,,,
065131,0,0,0,-78,,,,
065135,0,0,0,1,,,,
065136,0,0,0,-84,,,,
065137,0,0,0,0,,,,
065140,0,0,0,-62,,,,
065141,0,0,0,-100,,,,
065144,0,0,0,1,,,,
065146,0,0,0,2,,,,
065153,0,0,0,63,,,,
065154,0,0,0,-20,,,,
065155,0,0,0,-10,,,,
065156,0,0,0,99,,,,
065161,0,0,0,214,,,,
065164,0,0,0,-1,,,,
065165,0,0,0,20,,,,
065167,0,0,0,-40,,,,
065169,0,0,0,-27,,,,
065170,0,0,0,-2,,,,
065171,0,0,0,32,,,,
065172,0,0,0,-9,,,,
065175,0,0,0,10,,,,
065177,0,0,0,-244,,,,
065178,0,0,0,1,,,,
065180,0,0,0,-5,,,,
065183,0,0,0,-99,,,,
065185,0,0,0,-10,,,,
065187,0,0,0,1,,,,
065189,0,0,0,-150,,,,
065190,0,0,0,111,,,,
065191,0,0,0,-1,,,,
065193,0,0,0,-3,,,,
065194,0,0,0,-288,,,,
065195,0,0,0,5,,,,
065196,0,0,0,-1,,,,
065204,0,0,0,-206,,,,
065205,0,0,0,75,,,,
065212,0,0,0,36,,,,
065213,0,0,0,-20,,,,
065215,0,0,0,42,,,,
065216,0,0,0,-109,,,,
065220,0,0,0,-10,,,,
065223,0,0,0,-30,,,,
065224,0,0,0,-15,,,,
065226,0,0,0,150,,,,
065230,0,0,0,10,,,,
065231,0,0,0,62,,,,
065233,0,0,0,91,,,,
065234,0,0,0,30,,,,
065235,0,0,0,75,,,,
065238,0,0,0,93,,,,
065239,0,0,0,-26,,,,
065241,0,0,0,31,,,,
065242,0,0,0,-1,,,,
065243,0,0,0,-10,,,,
065244,0,0,0,43,,,,
065246,0,0,0,-5,,,,
065247,0,0,0,-20,,,,
065250,0,0,0,3,,,,
065261,0,0,0,407,,,,
065264,0,0,0,2,,,,
065271,0,0,0,-30,,,,
065273,0,0,0,-22,,,,
065275,0,0,0,1,,,,
065281,0,0,0,-28,,,,
065282,0,0,0,14,,,,
065283,0,0,0,-18,,,,
065285,0,0,0,-105,,,,
065286,0,0,0,-609,,,,
065287,0,0,0,-152,,,,
065296,0,0,0,-50,,,,
065307,0,0,0,2,,,,
065313,0,0,0,11,,,,
065314,0,0,0,335,,,,
065322,0,0,0,-20,,,,
065324,0,0,0,40,,,,
065325,0,0,0,-42,,,,
065327,0,0,0,5,,,,
065341,0,0,0,0,,,,
065345,0,0,0,2,,,,
065349,0,0,0,-164,,,,
065350,0,0,0,-24,,,,
065351,0,0,0,1,,,,
065352,0,0,0,-154,,,,
065353,0,0,0,1,,,,
065354,0,0,0,116,,,,
065355,0,0,0,-50,,,,
065356,0,0,0,4,,,,
065358,0,0,0,-115,,,,
065362,0,0,0,10,,,,
065371,0,0,0,60,,,,
065373,0,0,0,60,,,,
065376,0,0,0,-31,,,,
065377,0,0,0,50,,,,
065378,0,0,0,5,,,,
065380,0,0,0,-42,,,,
065382,0,0,0,44,,,,
065383,0,0,0,0,,,,
065385,0,0,0,-2,,,,
065386,0,0,0,21,,,,
065396,0,0,0,-59,,,,
065401,0,0,0,-1,,,,
065402,0,0,0,-148,,,,
065403,0,0,0,-69,,,,
065406,0,0,0,64,,,,
065408,0,0,0,-16,,,,
065410,0,0,0,-2,,,,
065411,0,0,0,967,,,,
065414,0,0,0,-53,,,,
065416,0,0,0,166,,,,
065417,0,0,0,48,,,,
065418,0,0,0,11,,,,
065419,0,0,0,-1,,,,
065421,0,0,0,-90,,,,
065422,0,0,0,-73,,,,
065423,112,0,0,-2068,,,,
065424,0,0,0,6,,,,
065428,0,0,0,-11,,,,
065430,0,0,0,38,,,,
065433,0,0,0,165,,,,
065441,0,0,0,-20,,,,
065442,0,0,0,-1,,,,
065449,0,0,0,3,,,,
065450,0,0,0,-137,,,,
065451,0,0,0,-251,,,,
065452,0,0,0,657,,,,
065454,0,0,0,-250,,,,
065455,0,0,0,-59,,,,
065456,0,0,0,-35,,,,
065457,0,0,0,244,,,,
065458,0,0,0,316,,,,
065459,0,0,0,-591,,,,
065460,0,0,0,50,,,,
065461,0,0,0,-548,,,,
065462,0,0,0,-39,,,,
065463,0,0,0,-175,,,,
065467,0,0,0,0,,,,
065468,0,0,0,196,,,,
065469,0,0,0,-2,,,,
065470,0,0,0,-45,,,,
065471,0,0,0,10,,,,
065472,0,0,0,-14,,,,
065478,0,0,0,-5,,,,
065480,0,0,0,7,,,,
065481,0,0,0,19,,,,
065482,0,0,0,-29,,,,
065484,0,0,0,-70,,,,
065485,0,0,0,10,,,,
065491,0,0,0,-20,,,,
065493,0,0,0,9,,,,
065494,0,0,0,-7,,,,
065497,0,0,0,-66,,,,
065509,0,0,0,24,,,,
065510,0,0,0,-126,,,,
065511,0,0,0,-1,,,,
065517,0,0,0,1,,,,
065526,0,0,0,-22,,,,
065529,0,0,0,201,,,,
065532,0,0,0,-696,,,,
065533,0,0,0,0,,,,
065538,0,0,0,14,,,,
065540,0,0,0,-11,,,,
065548,0,0,0,14,,,,
065551,0,0,0,0,,,,
065552,0,0,0,163,,,,
065554,0,0,0,24,,,,
065556,0,0,0,2,,,,
065562,0,0,0,-10,,,,
065563,0,0,0,-2,,,,
065566,0,0,0,-30,,,,
065569,0,0,0,-50,,,,
065574,0,0,0,0,,,,
065576,0,0,0,-7,,,,
065578,0,0,0,2,,,,
065581,0,0,0,-5,,,,
065584,0,0,0,-16,,,,
065585,0,0,0,-10,,,,
065588,0,0,0,-408,,,,
065594,0,0,0,-3,,,,
065595,0,0,0,6,,,,
065596,0,0,0,-6,,,,
065598,0,0,0,5,,,,
065603,0,0,0,10,,,,
065604,0,0,0,-3,,,,
065605,0,0,0,-158,,,,
065609,0,0,0,-769,,,,
065612,0,0,0,16,,,,
065615,0,0,0,290,,,,
065617,0,0,0,0,,,,
065619,0,0,0,-13,,,,
065621,0,0,0,-8,,,,
065623,0,0,0,0,,,,
065627,0,0,0,-212,,,,
065629,0,0,0,-25,,,,
065630,0,0,0,-83,,,,
065634,0,0,0,5,,,,
065639,0,0,0,195,,,,
065641,0,0,0,12,,,,
065642,0,0,0,-6,,,,
065643,0,0,0,-120,,,,
065645,0,0,0,60,,,,
065650,0,0,0,-25,,,,
065651,0,0,0,71,,,,
065654,0,0,0,23,,,,
065657,0,0,0,20,,,,
065658,0,0,0,255,,,,
065659,0,0,0,-9,,,,
065670,0,0,0,122,,,,
065673,0,0,0,4,,,,
065679,0,0,0,-10,,,,
065680,0,0,0,-13,,,,
065682,0,0,0,-10,,,,
065685,0,0,0,120,,,,
065686,0,0,0,30,,,,
065693,0,0,0,0,,,,
065695,0,0,0,-30,,,,
065696,0,0,0,252,,,,
065697,0,0,0,59,,,,
065699,0,0,0,-40,,,,
065700,0,0,0,3,,,,
065702,0,0,0,-51,,,,
065703,0,0,0,170,,,,
065705,0,0,0,-243,,,,
065706,0,0,0,-7,,,,
065708,0,0,0,10,,,,
065709,0,0,0,17,,,,
065710,0,0,0,-3,,,,
065712,0,0,0,-52,,,,
065716,0,0,0,-29,,,,
065718,0,0,0,-226,,,,
065719,0,0,0,-29,,,,
065722,0,0,0,-30,,,,
065724,0,0,0,200,,,,
065729,0,0,0,12,,,,
065730,0,0,0,44,,,,
065732,0,0,0,30,,,,
065734,0,0,0,16,,,,
065736,0,0,0,-48,,,,
065739,0,0,0,123,,,,
065740,0,0,0,250,,,,
065741,0,0,0,5,,,,
065743,0,0,0,-1,,,,
065745,0,0,0,-70,,,,
065748,0,0,0,1,,,,
065750,0,0,0,-2,,,,
065752,0,0,0,-329,,,,
065756,0,0,0,34,,,,
065757,0,0,0,-308,,,,
065758,0,0,0,-37,,,,
065759,0,0,0,-15,,,,
065761,0,0,0,-11,,,,
065762,0,0,0,2,,,,
065768,0,0,0,5,,,,
065770,0,0,0,-62,,,,
065771,0,0,0,-77,,,,
065774,0,0,0,12,,,,
065775,0,0,0,47,,,,
065776,0,0,0,200,,,,
065783,0,0,0,-58,,,,
065784,0,0,0,-10,,,,
065787,0,0,0,10,,,,
065790,0,0,0,-20,,,,
065791,0,0,0,25,,,,
065792,0,0,0,-60,,,,
065794,0,0,0,-389,,,,
065797,0,0,0,-10,,,,
065799,0,0,0,6,,,,
065807,0,0,0,-140,,,,
065812,0,0,0,180,,,,
065813,0,0,0,0,,,,
065815,0,0,0,-514,,,,
065816,0,0,0,-14,,,,
065818,0,0,0,8,,,,
065819,0,0,0,24,,,,
065823,0,0,0,-15,,,,
065830,0,0,0,-8,,,,
065831,0,0,0,-27,,,,
065833,0,0,0,-10,,,,
065835,0,0,0,0,,,,
065837,0,0,0,-3,,,,
065840,0,0,0,-42,,,,
065841,0,0,0,11,,,,
065846,0,0,0,30,,,,
065850,0,0,0,-11,,,,
065853,0,0,0,-10,,,,
065856,0,0,0,0,,,,
065857,0,0,0,597,,,,
065858,0,0,0,15,,,,
065862,0,0,0,-159,,,,
065864,0,0,0,29,,,,
065865,0,0,0,-94,,,,
065866,0,0,0,-1,,,,
065867,0,0,0,-96,,,,
065868,0,0,0,-1,,,,
065869,0,0,0,78,,,,
065871,0,0,0,10,,,,
065875,0,0,0,-1,,,,
065878,0,0,0,50,,,,
065879,0,0,0,-150,,,,
065880,0,0,0,-100,,,,
065885,0,0,0,23,,,,
065886,0,0,0,-17,,,,
065887,0,0,0,-2238,,,,
065888,0,0,0,730,,,,
065890,0,0,0,-216,,,,
065891,0,0,0,80,,,,
065894,0,0,0,-1,,,,
065896,0,0,0,-9,,,,
065897,0,0,0,77,,,,
065900,0,0,0,-38,,,,
065901,0,0,0,124,,,,
065902,0,0,0,-1,,,,
065904,0,0,0,-39,,,,
065905,0,0,0,-20,,,,
065909,0,0,0,-80,,,,
065911,0,0,0,-10,,,,
065917,0,0,0,-56,,,,
065918,0,0,0,25,,,,
065921,0,0,0,-495,,,,
065928,0,0,0,3,,,,
065929,0,0,0,-10,,,,
065930,0,0,0,69,,,,
065931,0,0,0,-1,,,,
065932,0,0,0,-10,,,,
065933,0,0,0,7,,,,
065934,0,0,0,-20,,,,
065935,0,0,0,1,,,,
065940,0,0,0,-91,,,,
065941,0,0,0,1,,,,
065942,0,0,0,-445,,,,
065943,0,0,0,10,,,,
065945,0,0,0,-3,,,,
065948,0,0,0,-5,,,,
065949,0,0,0,384,,,,
065951,0,0,0,5,,,,
065952,0,0,0,3,,,,
065958,0,0,0,-78,,,,
065960,0,0,0,-7,,,,
065962,0,0,0,154,,,,
065963,0,0,0,99,,,,
065964,0,0,0,288,,,,
065965,0,0,0,10,,,,
065967,0,0,0,6,,,,
065968,0,0,0,-82,,,,
065971,0,0,0,60,,,,
065972,0,0,0,-5,,,,
065975,0,0,0,-199,,,,
065977,0,0,0,-40,,,,
065979,0,0,0,43,,,,
065980,0,0,0,5,,,,
065981,0,0,0,20,,,,
065983,0,0,0,-200,,,,
065986,0,0,0,160,,,,
065990,0,0,0,-30,,,,
065992,0,0,0,23,,,,
065994,0,0,0,3,,,,
066001,0,0,0,-1,,,,
066003,0,0,0,-1,,,,
066004,0,0,0,-19,,,,
066010,0,0,0,95,,,,
066012,0,0,0,34,,,,
066014,0,0,0,-50,,,,
066015,0,0,0,-2,,,,
066017,0,0,0,2,,,,
066024,0,0,0,0,,,,
066025,0,0,0,5,,,,
066026,0,0,0,4,,,,
066033,0,0,0,-625,,,,
066037,0,0,0,40,,,,
066038,0,0,0,-45,,,,
066040,0,0,0,-10,,,,
066041,0,0,0,368,,,,
066043,0,0,0,1,,,,
066045,0,0,0,7,,,,
066046,0,0,0,12,,,,
066047,0,0,0,-18,,,,
066048,0,0,0,20,,,,
066057,0,0,0,1,,,,
066058,0,0,0,7,,,,
066060,0,0,0,36,,,,
066061,0,0,0,-10,,,,
066063,0,0,0,4,,,,
066064,0,0,0,-30,,,,
066065,0,0,0,-5,,,,
066067,0,0,0,-3,,,,
066068,0,0,0,6142,,,,
066069,0,0,0,5,,,,
066070,0,0,0,14,,,,
066072,0,0,0,56,,,,
066073,0,0,0,590,,,,
066075,0,0,0,-10,,,,
066077,0,0,0,329,,,,
066079,0,0,0,-10,,,,
066080,0,0,0,752,,,,
066083,0,0,0,75,,,,
066084,0,0,0,26,,,,
066085,0,0,0,3,,,,
066087,0,0,0,-29,,,,
066089,0,0,0,1,,,,
066095,0,0,0,8,,,,
066100,0,0,0,-68,,,,
066101,0,0,0,19,,,,
066102,0,0,0,0,,,,
066107,0,0,0,21,,,,
066110,0,0,0,-6276,,,,
066111,0,0,0,-42,,,,
066112,0,0,0,-129,,,,
066121,0,0,0,-9,,,,
066124,0,0,0,-3,,,,
066125,0,0,0,-185,,,,
066131,0,0,0,366,,,,
066132,0,0,0,1,,,,
066133,0,0,0,160,,,,
066144,0,0,0,129,,,,
066145,0,0,0,806,,,,
066146,0,0,0,119,,,,
066147,0,0,0,16,,,,
066150,0,0,0,22,,,,
066153,0,0,0,12,,,,
066157,0,0,0,-1,,,,
066158,0,0,0,1,,,,
066159,0,0,0,-4,,,,
066160,0,0,0,-136,,,,
066167,0,0,0,-10,,,,
066168,0,0,0,-37,,,,
066171,0,0,0,-10,,,,
066173,0,0,0,153,,,,
066174,0,0,0,75,,,,
066175,0,0,0,194,,,,
066177,0,0,0,116,,,,
066178,0,0,0,32,,,,
066179,0,0,0,30,,,,
066180,0,0,0,-23,,,,
066182,0,0,0,-10,,,,
066183,0,0,0,432,,,,
066189,0,0,0,10,,,,
066190,0,0,0,469,,,,
066192,0,0,0,-10,,,,
066193,0,0,0,24,,,,
066197,0,0,0,-33,,,,
066200,0,0,0,-10,,,,
066208,0,0,0,9,,,,
066209,0,0,0,1,,,,
066212,0,0,0,121,,,,
066213,0,0,0,0,,,,
066216,0,0,0,21,,,,
066218,0,0,0,31,,,,
066222,0,0,0,45,,,,
066225,0,0,0,-10,,,,
066226,0,0,0,260,,,,
066227,0,0,0,3,,,,
066229,0,0,0,5,,,,
066231,0,0,0,-81,,,,
066232,0,0,0,10,,,,
066233,0,0,0,60,,,,
066234,0,0,0,24,,,,
066235,0,0,0,-15,,,,
066236,0,0,0,-17,,,,
066237,0,0,0,-2,,,,
066238,0,0,0,105,,,,
066241,0,0,0,-11,,,,
066243,0,0,0,84,,,,
066244,0,0,0,677,,,,
066249,0,0,0,10,,,,
066251,0,0,0,-79,,,,
066253,0,0,0,-1,,,,
066255,0,0,0,-7,,,,
066259,0,0,0,5,,,,
066263,0,0,0,23,,,,
066264,0,0,0,-1,,,,
066267,0,0,0,-10,,,,
066270,0,0,0,0,,,,
066271,0,0,0,28,,,,
066274,0,0,0,1,,,,
066275,0,0,0,-200,,,,
066278,0,0,0,10,,,,
066279,0,0,0,59,,,,
066280,0,0,0,-311,,,,
066286,0,0,0,113,,,,
066287,0,0,0,82,,,,
066290,0,0,0,170,,,,
066291,0,0,0,-10,,,,
066292,0,0,0,-4,,,,
066294,0,0,0,-104,,,,
066297,0,0,0,-42,,,,
066298,0,0,0,-116,,,,
066299,0,0,0,0,,,,
066300,0,0,0,141,,,,
066304,0,0,0,-1,,,,
066305,0,0,0,100,,,,
066307,0,0,0,-858,,,,
066309,0,0,0,185,,,,
066312,0,0,0,116,,,,
066319,0,0,0,924,,,,
066321,0,0,0,8,,,,
066322,0,0,0,-150,,,,
066323,0,0,0,9,,,,
066324,0,0,0,-2,,,,
066325,0,0,0,-7,,,,
066331,0,0,0,-105,,,,
066333,0,0,0,10,,,,
066334,0,0,0,5,,,,
066336,0,0,0,-79,,,,
066340,0,0,0,-33,,,,
066343,0,0,0,-20,,,,
066345,0,0,0,5,,,,
066349,0,0,0,15,,,,
066354,0,0,0,150,,,,
066355,0,0,0,-29,,,,
066357,0,0,0,-10,,,,
066360,0,0,0,-8,,,,
066365,0,0,0,17,,,,
066368,0,0,0,143,,,,
066369,0,0,0,0,,,,
066373,0,0,0,174,,,,
066374,0,0,0,10,,,,
066377,0,0,0,6,,,,
066378,0,0,0,172,,,,
066379,0,0,0,-50,,,,
066380,0,0,0,-35,,,,
066382,0,0,0,649,,,,
066383,0,0,0,-49,,,,
066384,0,0,0,30,,,,
066385,0,0,0,28,,,,
066386,0,0,0,261,,,,
066388,0,0,0,-120,,,,
066392,0,0,0,-10,,,,
066394,0,0,0,1,,,,
066396,0,0,0,19,,,,
066399,0,0,0,18,,,,
066406,0,0,0,100,,,,
066407,0,0,0,90,,,,
066410,0,0,0,-173,,,,
066411,0,0,0,5,,,,
066413,0,0,0,-20,,,,
066415,0,0,0,2,,,,
066417,0,0,0,35,,,,
066421,0,0,0,3,,,,
066422,0,0,0,3,,,,
066428,0,0,0,-4,,,,
066433,0,0,0,5,,,,
066444,0,0,0,-10,,,,
066448,0,0,0,92,,,,
066449,0,0,0,10,,,,
066450,0,0,0,-37,,,,
066453,0,0,0,31,,,,
066454,0,0,0,-10,,,,
066460,0,0,0,0,,,,
066462,0,0,0,2,,,,
066464,0,0,0,1,,,,
066465,0,0,0,33,,,,
066467,0,0,0,-13,,,,
066468,0,0,0,-21,,,,
066471,0,0,0,-40,,,,
066472,0,0,0,108,,,,
066473,0,0,0,56,,,,
066478,0,0,0,-10,,,,
066479,0,0,0,-2,,,,
066483,0,0,0,-20,,,,
066488,0,0,0,8,,,,
066489,0,0,0,-10,,,,
066490,0,0,0,14,,,,
066492,0,0,0,10,,,,
066496,0,0,0,-181,,,,
066499,0,0,0,128,,,,
066500,0,0,0,-1014,,,,
066503,0,0,0,13,,,,
066505,0,0,0,-515,,,,
066508,0,0,0,-12,,,,
066510,0,0,0,-116,,,,
066513,0,0,0,20,,,,
066515,0,0,0,500,,,,
066516,0,0,0,44,,,,
066517,0,0,0,-40,,,,
066519,0,0,0,-14,,,,
066520,0,0,0,-20,,,,
066523,0,0,0,-749,,,,
066524,0,0,0,1949,,,,
066525,0,0,0,111,,,,
066527,0,0,0,-2,,,,
066529,0,0,0,1,,,,
066530,0,0,0,-3,,,,
066534,0,0,0,51,,,,
066535,0,0,0,30,,,,
066540,0,0,0,-18,,,,
066541,0,0,0,0,,,,
066544,0,0,0,-75,,,,
066545,0,0,0,-50,,,,
066546,0,0,0,-26,,,,
066549,0,0,0,-162,,,,
066550,0,0,0,205,,,,
066555,0,0,0,-1,,,,
066556,0,0,0,0,,,,
066557,0,0,0,19,,,,
066558,0,0,0,-213,,,,
066561,0,0,0,-5,,,,
066564,0,0,0,40,,,,
066566,0,0,0,-10,,,,
066568,0,0,0,61,,,,
066570,0,0,0,-20,,,,
066572,0,0,0,19,,,,
066573,0,0,0,-7,,,,
066577,0,0,0,-8,,,,
066579,0,0,0,10,,,,
066584,0,0,0,-19,,,,
066585,0,0,0,-7,,,,
066587,0,0,0,226,,,,
066588,0,0,0,-16,,,,
066589,0,0,0,95,,,,
066590,0,0,0,72,,,,
066591,0,0,0,10,,,,
066592,0,0,0,60,,,,
066593,0,0,0,5,,,,
066596,0,0,0,-797,,,,
066600,0,0,0,-13,,,,
066601,0,0,0,77,,,,
066605,0,0,0,12,,,,
066608,0,0,0,-778,,,,
066609,0,0,0,-191,,,,
066610,0,0,0,-15,,,,
066611,0,0,0,882,,,,
066612,0,0,0,1355,,,,
066615,0,0,0,-103,,,,
066618,0,0,0,-43,,,,
066619,0,0,0,11,,,,
066620,0,0,0,-9,,,,
066621,0,0,0,-9,,,,
066623,0,0,0,-105,,,,
066631,0,0,0,-16,,,,
066632,0,0,0,0,,,,
066633,0,0,0,64,,,,
066634,0,0,0,-181,,,,
066635,0,0,0,-131,,,,
066636,0,0,0,-21,,,,
066637,0,0,0,-66,,,,
066638,0,0,0,-2,,,,
066640,0,0,0,1621,,,,
066642,0,0,0,176,,,,
066644,0,0,0,-10,,,,
066645,0,0,0,0,,,,
066646,0,0,0,2,,,,
066648,0,0,0,2,,,,
066650,0,0,0,5,,,,
066651,0,0,0,10,,,,
066652,0,0,0,-118,,,,
066653,0,0,0,4,,,,
066656,0,0,0,20,,,,
066660,0,0,0,-10,,,,
066661,0,0,0,-2,,,,
066662,0,0,0,1,,,,
066665,0,0,0,-9,,,,
066666,0,0,0,3,,,,
066667,0,0,0,-11,,,,
066669,0,0,0,-30,,,,
066670,0,0,0,-100,,,,
066671,0,0,0,-2,,,,
066675,0,0,0,-67,,,,
066677,0,0,0,160,,,,
066682,0,0,0,2,,,,
066683,0,0,0,-829,,,,
066684,0,0,0,-4,,,,
066686,0,0,0,-5,,,,
066687,0,0,0,-257,,,,
066690,0,0,0,-9,,,,
066691,0,0,0,-27,,,,
066694,0,0,0,0,,,,
066696,0,0,0,-45,,,,
066698,0,0,0,3,,,,
066700,0,0,0,7,,,,
066701,0,0,0,202,,,,
066704,0,0,0,-909,,,,
066708,0,0,0,1,,,,
066709,0,0,0,1,,,,
066711,0,0,0,60,,,,
066713,0,0,0,-5,,,,
066714,0,0,0,-164,,,,
066715,0,0,0,3,,,,
066716,0,0,0,-160,,,,
066717,0,0,0,-174,,,,
066718,0,0,0,-92,,,,
066719,0,0,0,-138,,,,
066721,0,0,0,32,,,,
066722,0,0,0,20,,,,
066723,0,0,0,-2,,,,
066725,0,0,0,589,,,,
066727,0,0,0,-13,,,,
066728,0,0,0,21,,,,
066729,0,0,0,301,,,,
066730,0,0,0,173,,,,
066732,0,0,0,-110,,,,
066733,0,0,0,-133,,,,
066735,0,0,0,16,,,,
066737,0,0,0,-549,,,,
066743,0,0,0,18,,,,
066744,0,0,0,0,,,,
066746,0,0,0,-150,,,,
066750,0,0,0,-14,,,,
066757,0,0,0,-20,,,,
066758,0,0,0,-2,,,,
066760,0,0,0,168,,,,
066761,0,0,0,20,,,,
066762,0,0,0,6,,,,
066763,0,0,0,209,,,,
066764,0,0,0,26,,,,
066766,0,0,0,38,,,,
066768,0,0,0,34,,,,
066770,0,0,0,-10,,,,
066776,0,0,0,0,,,,
066777,0,0,0,-79,,,,
066778,0,0,0,200,,,,
066779,0,0,0,-40,,,,
066780,0,0,0,-400,,,,
066782,0,0,0,6,,,,
066784,0,0,0,20,,,,
066785,0,0,0,-26,,,,
066786,0,0,0,47,,,,
066787,0,0,0,-10,,,,
066788,0,0,0,-125,,,,
066791,0,0,0,100,,,,
066795,0,0,0,869,,,,
066796,0,0,0,7,,,,
066797,0,0,0,-8,,,,
066798,0,0,0,330,,,,
066801,0,0,0,-5,,,,
066802,0,0,0,-26,,,,
066803,0,0,0,-33,,,,
066804,0,0,0,-9,,,,
066806,0,0,0,1,,,,
066810,0,0,0,5,,,,
066812,0,0,0,-120,,,,
066818,0,0,0,13,,,,
066821,0,0,0,7,,,,
066822,0,0,0,-3,,,,
066823,0,0,0,10,,,,
066826,0,0,0,249,,,,
066828,0,0,0,98,,,,
066829,0,0,0,-90,,,,
066831,0,0,0,5,,,,
066832,0,0,0,-107,,,,
066837,0,0,0,-520,,,,
066838,0,0,0,-3,,,,
066839,0,0,0,-91,,,,
066842,0,0,0,177,,,,
066843,0,0,0,12,,,,
066845,0,0,0,-358,,,,
066846,0,0,0,157,,,,
066850,0,0,0,139,,,,
066851,0,0,0,20,,,,
066853,0,0,0,1,,,,
066854,0,0,0,25,,,,
066855,0,0,0,-4,,,,
066857,0,0,0,499,,,,
066858,0,0,0,-126,,,,
066859,0,0,0,-63,,,,
06685U,0,0,0,-30,,,,
066860,0,0,0,-28,,,,
066861,0,0,0,-185,,,,
066863,0,0,0,-25,,,,
066873,0,0,0,-10,,,,
066875,0,0,0,-377,,,,
066883,0,0,0,10,,,,
066886,0,0,0,-8,,,,
066887,0,0,0,-36,,,,
066888,0,0,0,-44,,,,
066891,0,0,0,3,,,,
066892,0,0,0,-50,,,,
066893,0,0,0,631,,,,
066897,0,0,0,16,,,,
066900,0,0,0,-55,,,,
066901,0,0,0,-199,,,,
066903,0,0,0,334,,,,
066905,0,0,0,-10,,,,
066912,0,0,0,118,,,,
066913,0,0,0,-33,,,,
066915,0,0,0,-7,,,,
066916,0,0,0,21,,,,
066922,0,0,0,98,,,,
066924,0,0,0,536,,,,
066925,0,0,0,6,,,,
066926,0,0,0,-67,,,,
066928,0,0,0,38,,,,
066930,0,0,0,-92,,,,
066931,0,0,0,-8,,,,
066932,0,0,0,-220,,,,
066935,0,0,0,-189,,,,
066937,0,0,0,27,,,,
066938,0,0,0,-28,,,,
066940,0,0,0,-27,,,,
066942,0,0,0,15,,,,
066943,0,0,0,164,,,,
066945,0,0,0,-22,,,,
066946,0,0,0,1,,,,
066948,0,0,0,21,,,,
066950,0,0,0,172,,,,
066952,0,0,0,58,,,,
066953,0,0,0,-203,,,,
066954,0,0,0,5,,,,
066955,0,0,0,-236,,,,
066957,0,0,0,-65,,,,
066958,0,0,0,20,,,,
066959,0,0,0,-1,,,,
066960,0,0,0,10,,,,
066964,0,0,0,-76,,,,
066965,0,0,0,-23,,,,
066968,0,0,0,2,,,,
066971,0,0,0,-30,,,,
066973,0,0,0,3,,,,
066974,0,0,0,38,,,,
066977,0,0,0,-19,,,,
066978,0,0,0,-31,,,,
066979,0,0,0,-284,,,,
066980,0,0,0,-48,,,,
066982,0,0,0,6,,,,
066983,0,0,0,16,,,,
066988,0,0,0,-45,,,,
066992,0,0,0,7,,,,
066993,0,0,0,160,,,,
066994,0,0,0,-47,,,,
066997,0,0,0,-39,,,,
066999,0,0,0,-2,,,,
067000,0,0,0,4,,,,
067002,0,0,0,-12,,,,
067004,0,0,0,-16,,,,
067007,0,0,0,1,,,,
067010,0,0,0,53,,,,
067011,0,0,0,-221,,,,
067013,0,0,0,-3,,,,
067015,0,0,0,-40,,,,
067021,0,0,0,-10,,,,
067026,3,0,0,7,,,,
067029,0,0,0,211,,,,
067031,0,0,0,15,,,,
067034,0,0,0,-6,,,,
067036,0,0,0,56,,,,
067037,0,0,0,128,,,,
067038,0,0,0,-131,,,,
067041,0,0,0,10,,,,
067048,0,0,0,5,,,,
067050,0,0,0,-1,,,,
067051,0,0,0,15,,,,
067052,0,0,0,10,,,,
067054,0,0,0,-5,,,,
067058,0,0,0,56,,,,
067060,0,0,0,0,,,,
067061,0,0,0,-45,,,,
067069,0,0,0,-104,,,,
067070,0,0,0,-30,,,,
067071,0,0,0,25,,,,
067072,0,0,0,-10,,,,
067073,0,0,0,-276,,,,
067074,0,0,0,5,,,,
067075,0,0,0,-68,,,,
067077,0,0,0,-15,,,,
067078,0,0,0,-81,,,,
067079,0,0,0,-19,,,,
067081,0,0,0,-15,,,,
067083,0,0,0,-221,,,,
067084,0,0,0,213,,,,
067085,0,0,0,-4,,,,
067086,0,0,0,-68,,,,
067091,0,0,0,-1,,,,
067092,0,0,0,7,,,,
067094,0,0,0,40,,,,
067096,0,0,0,9,,,,
067100,0,0,0,-3,,,,
067101,0,0,0,-1,,,,
067103,0,0,0,17,,,,
067104,0,0,0,-8,,,,
067105,0,0,0,-169,,,,
067110,0,0,0,466,,,,
067111,0,0,0,-138,,,,
067113,0,0,0,-6,,,,
067117,0,0,0,6,,,,
067118,0,0,0,33,,,,
067119,0,0,0,57,,,,
067121,0,0,0,-1,,,,
067122,0,0,0,336,,,,
067126,0,0,0,1,,,,
067127,0,0,0,11,,,,
067133,0,0,0,-16,,,,
067134,0,0,0,-21,,,,
067137,0,0,0,2,,,,
067140,0,0,0,-47,,,,
067142,0,0,0,-94,,,,
067143,0,0,0,-11,,,,
067145,0,0,0,-86,,,,
067147,0,0,0,-100,,,,
067148,0,0,0,4,,,,
067152,0,0,0,-15,,,,
067156,0,0,0,20,,,,
067160,0,0,0,-386,,,,
067161,0,0,0,-36,,,,
067162,0,0,0,0,,,,
067164,0,0,0,-71,,,,
067165,0,0,0,2,,,,
067167,0,0,0,-206,,,,
067168,0,0,0,140,,,,
067170,0,0,0,-11,,,,
067171,0,0,0,-32,,,,
067176,0,0,0,-29,,,,
067178,0,0,0,482,,,,
067179,0,0,0,-172,,,,
067183,0,0,0,-4,,,,
067184,0,0,0,132,,,,
067185,0,0,0,232,,,,
067186,0,0,0,-10,,,,
067191,0,0,0,-27,,,,
067193,0,0,0,-100,,,,
067194,0,0,0,-4,,,,
067195,0,0,0,-38,,,,
067197,0,0,0,-117,,,,
067198,0,0,0,-40,,,,
067199,0,0,0,-9,,,,
067200,0,0,0,26,,,,
067202,0,0,0,16,,,,
067204,0,0,0,25,,,,
067205,0,0,0,12,,,,
067206,0,0,0,-96,,,,
067207,0,0,0,-532,,,,
067208,0,0,0,478,,,,
067209,0,0,0,37,,,,
067210,0,0,0,-146,,,,
067211,0,0,0,-53,,,,
067212,0,0,0,-3,,,,
067213,0,0,0,7,,,,
067214,0,0,0,-206,,,,
067216,0,0,0,96,,,,
067219,0,0,0,31,,,,
067221,0,0,0,581,,,,
067222,0,0,0,218,,,,
067224,0,0,0,11,,,,
067225,0,0,0,-366,,,,
067226,0,0,0,-256,,,,
067227,0,0,0,140,,,,
067229,0,0,0,-158,,,,
067230,0,0,0,-234,,,,
067233,0,0,0,-36,,,,
067234,0,0,0,1,,,,
067235,0,0,0,1581,,,,
067236,0,0,0,57,,,,
067240,0,0,0,13,,,,
067242,0,0,0,-256,,,,
067243,0,0,0,-8,,,,
067244,0,0,0,-36,,,,
067245,0,0,0,10,,,,
067246,0,0,0,-154,,,,
067248,0,0,0,-20,,,,
067249,0,0,0,-31,,,,
067251,0,0,0,-6,,,,
067252,0,0,0,-12,,,,
067253,0,0,0,-169,,,,
067255,0,0,0,44,,,,
067257,0,0,0,-5,,,,
067260,0,0,0,726,,,,
067264,0,0,500,-1766,,,,
067266,0,0,0,5,,,,
067267,0,0,0,-10,,,,
067269,0,0,0,20,,,,
067270,0,0,0,10,,,,
067271,0,0,0,-31,,,,
067272,0,0,0,1,,,,
067273,0,0,0,3,,,,
067274,0,0,0,-5,,,,
067276,0,0,0,-10,,,,
067278,0,0,0,105,,,,
067279,0,0,0,24,,,,
067282,0,0,0,0,,,,
067285,0,0,0,-170,,,,
067286,0,0,0,120,,,,
067287,0,0,0,270,,,,
067291,0,0,0,-1,,,,
067296,0,0,0,-10,,,,
067297,0,0,0,-1,,,,
067300,0,0,0,361,,,,
067302,0,0,0,-900,,,,
067305,0,0,0,-3,,,,
067306,0,0,0,-10,,,,
067311,0,0,0,30,,,,
067313,0,0,0,-30,,,,
067315,0,0,0,-13,,,,
067316,0,0,0,280,,,,
067317,0,0,0,-14,,,,
067319,0,0,0,-30,,,,
067323,0,0,0,2,,,,
067324,0,0,0,30,,,,
067326,0,0,0,30,,,,
067327,0,0,0,39,,,,
067331,0,0,0,-171,,,,
067333,0,0,0,-106,,,,
067334,0,0,0,805,,,,
067335,0,0,0,1,,,,
067337,0,0,0,-1,,,,
067339,0,0,0,-10,,,,
067340,0,0,0,40,,,,
067341,0,0,0,-86,,,,
067342,0,0,0,-10,,,,
067345,0,0,0,7,,,,
067346,0,0,0,18,,,,
067347,0,0,0,-15,,,,
067348,0,0,0,91,,,,
067349,0,0,0,41,,,,
067350,0,0,0,81,,,,
067351,0,0,0,83,,,,
067353,0,0,0,-3,,,,
067354,0,0,0,-28,,,,
067358,0,0,0,-191,,,,
067359,0,0,0,-19,,,,
067362,0,0,0,-5,,,,
067363,0,0,0,2,,,,
067365,0,0,0,20,,,,
067366,0,0,0,43,,,,
067369,0,0,0,-56,,,,
067370,0,0,0,-242,,,,
067372,0,0,0,6,,,,
067374,0,0,0,1,,,,
067377,0,0,0,4,,,,
067381,0,0,0,-265,,,,
067384,0,0,0,-12,,,,
067385,0,0,0,3,,,,
067386,0,0,0,-16,,,,
067387,0,0,0,1,,,,
067388,0,0,0,-5,,,,
067389,0,0,0,5,,,,
067391,0,0,0,77,,,,
067393,0,0,0,31,,,,
067398,0,0,0,-397,,,,
067399,0,0,0,20,,,,
067401,0,0,0,-18,,,,
067405,0,0,0,-1096,,,,
067406,0,0,0,-22,,,,
067409,0,0,0,-1045,,,,
067410,0,0,0,-100,,,,
067411,0,0,0,7908,,,,
067413,0,0,0,597,,,,
067414,0,0,0,1809,,,,
067415,0,0,0,351,,,,
067416,0,0,0,-362,,,,
067417,0,0,0,-124,,,,
067418,0,0,0,107,,,,
067419,0,0,0,-5,,,,
067420,0,0,0,56,,,,
067423,0,0,0,3,,,,
067425,0,0,0,-16,,,,
067426,0,0,0,10,,,,
067427,0,0,0,-135,,,,
067428,0,0,0,-5,,,,
067429,0,0,0,17,,,,
067431,0,0,0,-1,,,,
067433,0,0,0,47,,,,
067434,0,0,0,475,,,,
067435,0,0,0,302,,,,
067436,0,0,0,-10,,,,
067437,0,0,0,415,,,,
067439,0,0,0,180,,,,
067441,0,0,0,-323,,,,
067443,0,0,0,-178,,,,
067444,0,0,0,-2,,,,
067445,0,0,0,-97,,,,
067446,0,0,0,-30,,,,
067447,0,0,0,-231,,,,
067448,0,0,0,-761,,,,
067449,0,0,0,-767,,,,
067450,0,0,0,20,,,,
067452,0,0,0,-52,,,,
067454,0,0,0,-4,,,,
067456,0,0,0,-36,,,,
067457,0,0,0,22,,,,
067459,0,0,0,-1,,,,
067460,0,0,0,-9,,,,
067461,0,0,0,-150,,,,
067462,0,0,0,-5,,,,
067464,0,0,0,1,,,,
067467,0,0,0,7,,,,
067468,0,0,0,3,,,,
067470,0,0,0,-25,,,,
067472,0,0,0,-84,,,,
067473,0,0,0,-2,,,,
067474,0,0,0,2,,,,
067475,0,0,0,-11,,,,
067477,0,0,0,45,,,,
067481,0,0,0,-4,,,,
067482,0,0,0,45,,,,
067484,0,0,0,102,,,,
067487,0,0,0,55,,,,
067488,0,0,0,-3,,,,
067489,0,0,0,42,,,,
067492,0,0,0,10,,,,
067496,0,0,0,0,,,,
067498,0,0,0,3,,,,
067500,0,0,0,20,,,,
067502,0,0,0,-202,,,,
067503,0,0,0,150,,,,
067509,0,0,0,120,,,,
067512,0,0,0,-20,,,,
067516,0,0,0,-1,,,,
067519,0,0,0,-45,,,,
067520,0,0,0,-207,,,,
067523,0,0,0,60,,,,
067524,0,0,0,-202,,,,
067529,0,0,0,-150,,,,
067530,0,0,0,20,,,,
067533,0,0,0,7,,,,
067534,0,0,0,475,,,,
067535,0,0,0,-284,,,,
067537,0,0,0,-59,,,,
067538,0,0,0,2,,,,
067540,0,0,0,-105,,,,
067543,0,0,0,-2,,,,
067544,0,0,0,85,,,,
067545,0,0,0,-65,,,,
067546,0,0,0,36,,,,
067548,0,0,0,-11,,,,
067549,0,0,0,2,,,,
067550,0,0,0,72,,,,
067551,0,0,0,-32,,,,
067554,0,0,0,5,,,,
067555,0,0,0,-40,,,,
067556,0,0,0,5,,,,
067559,0,0,0,3,,,,
067560,0,0,0,-10,,,,
067564,0,0,0,20,,,,
067565,0,0,0,-150,,,,
067566,0,0,0,30,,,,
067570,0,0,0,2,,,,
067571,0,0,0,-10,,,,
067572,0,0,0,-58,,,,
067573,0,0,0,-1,,,,
067574,0,0,0,269,,,,
067575,0,0,0,125,,,,
067583,0,0,0,-32,,,,
067584,0,0,0,-2683,,,,
067586,0,0,0,-105,,,,
067587,0,0,0,-62,,,,
067590,0,0,0,-41,,,,
067591,0,0,0,-16,,,,
067592,0,0,0,210,,,,
067593,0,0,0,66,,,,
067597,0,0,0,100,,,,
067598,0,0,0,78,,,,
067599,0,0,0,1215,,,,
067601,0,0,0,32,,,,
067602,0,0,0,-35,,,,
067604,0,0,0,63,,,,
067605,0,0,0,27,,,,
067606,0,0,0,-15,,,,
067607,0,0,0,152,,,,
067608,0,0,0,45,,,,
067609,0,0,0,126,,,,
067610,0,0,0,-49,,,,
067611,0,0,0,785,,,,
067613,0,0,0,-131,,,,
067618,0,0,0,-102,,,,
067620,0,0,0,-2,,,,
067622,0,0,0,-15,,,,
067623,0,0,0,-181,,,,
067624,0,0,0,-14,,,,
067625,0,0,0,-1,,,,
067627,0,0,0,-349,,,,
067631,0,0,0,-44,,,,
067634,0,0,0,190,,,,
067635,0,0,0,335,,,,
067636,0,0,0,-222,,,,
067638,0,0,0,367,,,,
067639,0,0,0,-63,,,,
06763U,0,0,0,-110,,,,
067642,0,0,0,270,,,,
067643,0,0,0,-149,,,,
067644,0,0,0,4,,,,
067648,0,0,0,2,,,,
067650,0,0,0,5,,,,
067651,0,0,0,-30,,,,
067652,0,0,0,1,,,,
067653,0,0,0,-7,,,,
067654,0,0,0,115,,,,
067655,0,0,0,91,,,,
067656,0,0,0,118,,,,
067657,0,0,0,6,,,,
067658,0,0,0,30,,,,
067660,0,0,0,8,,,,
067664,0,0,0,245,,,,
067665,0,0,0,0,,,,
067672,0,0,0,-400,,,,
067673,0,0,0,14,,,,
067676,0,0,0,16,,,,
067677,0,0,0,-150,,,,
067679,0,0,0,-14,,,,
067680,0,0,0,100,,,,
067681,0,0,0,49,,,,
067682,0,0,0,1,,,,
067683,0,0,0,-10,,,,
067684,0,0,0,-57,,,,
067685,0,0,0,198,,,,
067686,0,0,0,8,,,,
067688,0,0,0,8,,,,
067690,0,0,0,13,,,,
067691,0,0,0,-92,,,,
067693,0,0,0,-41,,,,
067694,0,0,0,-19,,,,
067696,0,0,0,-58,,,,
067697,0,0,0,29,,,,
067699,0,0,0,1,,,,
067701,0,0,0,-41,,,,
067702,0,0,0,-40,,,,
067703,0,0,0,-499,,,,
067706,0,0,0,-7,,,,
067709,0,0,0,3,,,,
067711,0,0,0,-10,,,,
067714,0,0,0,190,,,,
067716,0,0,0,39,,,,
067722,0,0,0,4,,,,
067725,0,0,0,-5,,,,
067726,0,0,0,1,,,,
067727,0,0,0,45,,,,
067728,0,0,0,116,,,,
067729,0,0,0,30,,,,
067732,0,0,0,-40,,,,
067733,0,0,0,-164,,,,
067738,0,0,0,0,,,,
067739,0,0,0,-3,,,,
067740,0,0,0,1,,,,
067741,0,0,0,-90,,,,
067743,0,0,0,63,,,,
067745,0,0,0,-10,,,,
067747,0,0,0,0,,,,
067753,0,0,0,5,,,,
067754,0,0,0,-10,,,,
067755,0,0,0,420,,,,
067756,0,0,0,-3,,,,
067759,0,0,0,669,,,,
067760,0,0,0,-23,,,,
067763,0,0,0,32,,,,
067764,0,0,0,1,,,,
067766,0,0,0,10,,,,
067767,0,0,0,3,,,,
067768,0,0,0,145,,,,
067770,0,0,0,0,,,,
067772,0,0,0,1093,,,,
067773,0,0,0,-50,,,,
067775,0,0,0,1,,,,
067781,0,0,0,-200,,,,
067782,0,0,0,-405,,,,
067784,0,0,0,-49,,,,
067785,0,0,0,12,,,,
067789,0,0,0,91,,,,
067790,0,0,0,-635,,,,
067791,0,0,0,1832,,,,
067792,0,0,0,-9,,,,
067798,0,0,0,40,,,,
067799,0,0,0,34,,,,
067800,0,0,0,11,,,,
067801,0,0,0,-8,,,,
067804,0,0,0,-20,,,,
067806,0,0,0,9,,,,
067808,0,0,0,-100,,,,
067813,0,0,0,-5,,,,
067814,0,0,0,-270,,,,
067817,0,0,0,-384,,,,
067818,0,0,0,-35,,,,
067819,0,0,0,8,,,,
067823,0,0,0,-82,,,,
067824,0,0,0,18,,,,
067825,0,0,0,26,,,,
067826,0,0,0,-315,,,,
067827,0,0,0,180,,,,
067828,0,0,0,532,,,,
067831,0,0,0,-5,,,,
067832,0,0,0,59,,,,
067833,0,0,0,20,,,,
067835,0,0,0,-380,,,,
067838,0,0,0,-111,,,,
067840,0,0,0,-27,,,,
067841,0,0,0,198,,,,
067842,0,0,0,-2,,,,
067844,0,0,0,42,,,,
067845,0,0,0,648,,,,
067846,0,0,0,210,,,,
067848,0,0,0,30,,,,
067849,0,0,0,56,,,,
067850,0,0,0,268,,,,
067855,0,0,0,2,,,,
067856,0,0,0,33,,,,
067858,0,0,0,-186,,,,
067859,0,0,0,-56,,,,
067860,0,0,0,-273,,,,
067861,0,0,0,-45,,,,
067862,0,0,0,25,,,,
067863,0,0,0,-33,,,,
067865,0,0,0,63,,,,
067868,0,0,0,-10,,,,
067870,0,0,0,-81,,,,
067871,0,0,0,-143,,,,
067874,0,0,0,50,,,,
067876,0,0,0,-2,,,,
067878,0,0,0,220,,,,
067879,0,0,0,1,,,,
067880,0,0,0,20,,,,
067884,0,0,0,101,,,,
067886,0,0,0,30,,,,
067887,0,0,0,12,,,,
067891,0,0,0,0,,,,
067892,0,0,0,-210,,,,
067893,0,0,0,-30,,,,
067899,0,0,0,-98,,,,
067901,0,0,0,-100,,,,
067906,0,0,0,-43,,,,
067911,0,0,0,30,,,,
067914,0,0,0,-90,,,,
067917,0,0,0,-182,,,,
067918,0,0,0,-1,,,,
067919,0,0,0,3,,,,
067925,0,0,0,16,,,,
067926,0,0,0,-3,,,,
067928,0,0,0,189,,,,
067930,0,0,0,-121,,,,
067931,0,0,0,-1,,,,
067932,0,0,0,-15,,,,
067935,0,0,0,-11,,,,
067936,0,0,0,-82,,,,
067937,0,0,0,-3,,,,
067938,0,0,0,219,,,,
067942,0,0,0,33,,,,
067943,0,0,0,62,,,,
067944,0,0,0,291,,,,
067945,0,0,0,32,,,,
067946,0,0,0,-112,,,,
067948,0,0,0,-50,,,,
067950,0,0,0,-23,,,,
067951,0,0,0,-36,,,,
067952,0,0,0,-6,,,,
067953,0,0,0,94,,,,
067955,0,0,0,-4,,,,
067956,0,0,0,29,,,,
067957,0,0,0,20,,,,
067958,0,0,0,-15,,,,
067966,0,0,0,-14,,,,
067967,0,0,0,-337,,,,
067968,0,0,0,35,,,,
067971,0,0,0,312,,,,
067975,0,0,0,3,,,,
067977,0,0,0,-11,,,,
067978,0,0,0,-4,,,,
067979,0,0,0,1557,,,,
067980,0,0,0,-484,,,,
067981,0,0,0,-357,,,,
067983,0,0,0,400,,,,
067984,0,0,0,241,,,,
067985,0,0,0,463,,,,
067986,0,0,0,-316,,,,
067987,0,0,0,129,,,,
067989,0,0,0,10,,,,
067992,0,0,0,132,,,,
067993,0,0,0,-646,,,,
067994,0,0,0,-119,,,,
067997,0,0,0,-586,,,,
067998,0,0,0,-69,,,,
067999,0,0,0,51,,,,
068000,0,0,0,-35,,,,
068001,0,0,0,30,,,,
068002,0,0,0,-80,,,,
068003,0,0,0,202,,,,
068004,0,0,0,124,,,,
068006,0,0,0,-159,,,,
068008,0,0,0,46,,,,
068009,0,0,0,146,,,,
068010,0,0,0,8,,,,
068011,0,0,0,38,,,,
068012,0,0,0,578,,,,
068013,0,0,0,-74,,,,
068014,0,0,0,1144,,,,
068015,0,0,0,18,,,,
068016,0,0,0,-19,,,,
068019,0,0,0,-1,,,,
068020,0,0,0,-40,,,,
068021,0,0,0,-20,,,,
068022,0,0,0,6,,,,
068023,0,0,0,7,,,,
068024,0,0,0,0,,,,
068025,0,0,0,13,,,,
068026,0,0,0,-5,,,,
068028,0,0,0,-544,,,,
068030,0,0,0,292,,,,
068031,0,0,0,55,,,,
068032,0,0,0,-135,,,,
068033,0,0,0,-629,,,,
068034,0,0,0,230,,,,
068035,0,0,0,12,,,,
068038,0,0,0,-83,,,,
068040,0,0,0,-345,,,,
068041,0,0,0,-2,,,,
068042,0,0,0,125,,,,
068043,0,0,0,-925,,,,
068044,0,0,0,-250,,,,
068047,0,0,0,120,,,,
068048,0,0,0,-58,,,,
068049,0,0,0,-1,,,,
068050,0,0,0,-3,,,,
068051,0,0,0,-41,,,,
068053,0,0,0,-8,,,,
068054,0,0,0,47,,,,
068060,0,0,0,-33,,,,
068061,0,0,0,200,,,,
068063,0,0,0,-23,,,,
068064,0,0,0,247,,,,
068065,0,0,0,43,,,,
068066,0,0,0,1922,,,,
068069,0,0,0,-20,,,,
068070,0,0,0,97,,,,
068071,0,0,0,-13,,,,
068072,0,0,0,-46,,,,
068073,0,0,0,-168,,,,
068074,0,0,0,-151,,,,
068079,0,0,0,-1141,,,,
068081,0,0,0,13,,,,
068084,0,0,0,-174,,,,
068085,0,0,0,128,,,,
068086,0,0,0,-4,,,,
068087,0,0,0,25,,,,
068088,0,0,0,-226,,,,
068089,0,0,0,8,,,,
068090,0,0,0,-35,,,,
068092,0,0,0,-89,,,,
068093,0,0,0,129,,,,
068094,0,0,0,-30,,,,
068095,0,0,0,20,,,,
068096,0,0,0,22,,,,
068097,0,0,0,-79,,,,
068099,0,0,0,-78,,,,
068100,0,0,0,3,,,,
068101,0,0,0,-139,,,,
068102,0,0,0,1,,,,
068107,0,0,0,87,,,,
068109,0,0,0,-48,,,,
068110,0,0,0,40,,,,
068111,0,0,0,-420,,,,
068113,0,0,0,-3,,,,
068114,0,0,0,17,,,,
068116,0,0,0,-632,,,,
068118,0,0,0,204,,,,
068120,0,0,0,1,,,,
068121,0,0,0,15,,,,
068124,0,0,0,15,,,,
068126,0,0,0,-7,,,,
068127,0,0,0,54,,,,
068132,0,0,0,397,,,,
068133,0,0,0,200,,,,
068134,0,0,0,-33,,,,
068136,0,0,0,36,,,,
068139,0,0,0,498,,,,
068140,0,0,0,-549,,,,
068144,0,0,0,1,,,,
068146,0,0,0,-68,,,,
068147,0,0,0,-44,,,,
068151,0,0,0,-1,,,,
068152,0,0,0,831,,,,
068154,0,0,0,-12,,,,
068156,0,0,0,15,,,,
068157,0,0,0,-10,,,,
068159,0,0,0,1,,,,
068160,0,0,0,12,,,,
068162,0,0,0,-132,,,,
068165,0,0,0,13,,,,
068168,0,0,0,-25,,,,
068180,0,0,0,85,,,,
068184,0,0,0,-20,,,,
068188,0,0,0,5,,,,
068189,0,0,0,-45,,,,
068191,0,0,0,23,,,,
068192,0,0,0,61,,,,
068194,0,0,0,8,,,,
068195,0,0,0,0,,,,
068199,0,0,0,-20,,,,
068200,0,0,0,-1272,,,,
068205,0,0,0,13,,,,
068211,0,0,0,-104,,,,
068212,0,0,0,-176,,,,
068216,0,0,0,-2155,,,,
068218,0,0,0,-1,,,,
068220,0,0,0,6,,,,
068223,0,0,0,-343,,,,
068224,0,0,0,-70,,,,
068226,0,0,0,-191,,,,
068227,0,0,0,23,,,,
068229,0,0,0,-30,,,,
068234,0,0,0,324,,,,
068235,0,0,0,10,,,,
068238,0,0,0,187,,,,
068239,0,0,0,-10,,,,
068240,0,0,0,11,,,,
068242,0,0,0,64,,,,
068243,0,0,0,498,,,,
068245,0,0,0,119,,,,
068247,0,0,0,-9,,,,
068249,0,0,0,1,,,,
068252,0,0,0,-160,,,,
068256,0,0,0,-35,,,,
068258,0,0,0,161,,,,
068261,0,0,0,5,,,,
068263,0,0,0,12,,,,
068265,0,0,0,-179,,,,
068266,0,0,0,-100,,,,
068270,0,0,0,3,,,,
068271,0,0,0,416,,,,
068272,0,0,0,161,,,,
068273,0,0,0,-10,,,,
068274,0,0,0,20,,,,
068276,0,0,0,140,,,,
068278,0,0,0,-10,,,,
068279,0,0,0,2,,,,
068280,0,0,0,-9,,,,
068281,0,0,0,42,,,,
068285,0,0,0,-66,,,,
068287,0,0,0,92,,,,
068288,0,0,0,5,,,,
068289,0,0,0,-1,,,,
068290,0,0,0,-535,,,,
068291,0,0,0,-200,,,,
068294,0,0,0,150,,,,
068295,0,0,0,0,,,,
068296,0,0,0,-145,,,,
068299,0,0,0,195,,,,
068300,0,0,0,55,,,,
068301,0,0,0,-90,,,,
068302,0,0,0,-170,,,,
068303,0,0,0,91,,,,
068304,0,0,0,-4,,,,
068307,0,0,0,-106,,,,
068308,0,0,0,101,,,,
068310,0,0,0,35,,,,
068311,0,0,0,-151,,,,
068312,0,0,0,1204,,,,
068313,0,0,0,-52,,,,
068314,0,0,0,-50,,,,
068317,0,0,0,-121,,,,
068318,0,0,0,-132,,,,
068319,0,0,0,-78,,,,
068322,0,0,0,19,,,,
068325,0,0,0,-1528,,,,
068326,0,0,0,-200,,,,
068330,0,0,0,-235,,,,
068332,0,0,0,-5,,,,
068334,0,0,0,399,,,,
068338,0,0,0,10,,,,
068339,0,0,0,105,,,,
068340,0,0,0,0,,,,
068342,0,0,0,-46,,,,
068345,0,0,0,2,,,,
068347,0,0,0,72,,,,
068349,0,0,0,-151,,,,
068350,0,0,0,21,,,,
068351,0,0,0,-60,,,,
068355,0,0,0,0,,,,
068358,0,0,0,183,,,,
068359,0,0,0,-4,,,,
068360,0,0,0,-6,,,,
068362,0,0,0,-114,,,,
068364,0,0,0,-30,,,,
068365,0,0,0,-1,,,,
068366,0,0,0,-3,,,,
068368,0,0,0,-159,,,,
068369,0,0,0,-5,,,,
068370,0,0,0,3,,,,
068372,0,0,0,49,,,,
068378,0,0,0,10,,,,
068379,0,0,0,8,,,,
068381,0,0,0,-10,,,,
068385,0,0,0,-69,,,,
068388,0,0,0,1288,,,,
068389,0,0,0,9,,,,
068390,0,0,0,-47,,,,
068391,0,0,0,244,,,,
068393,0,0,0,73,,,,
068396,0,0,0,-66,,,,
068397,0,0,0,-101,,,,
068400,0,0,0,74,,,,
068403,0,0,0,20,,,,
068405,0,0,0,-73,,,,
068406,0,0,0,36,,,,
068410,0,0,0,10,,,,
068412,0,0,0,0,,,,
068413,0,0,0,-11,,,,
068414,0,0,0,-59,,,,
068415,0,0,0,396,,,,
068416,0,0,0,-10,,,,
068418,0,0,0,-100,,,,
068420,0,0,0,-20,,,,
068422,0,0,0,-6,,,,
068424,0,0,0,40,,,,
068425,0,0,0,1,,,,
068426,0,0,0,-101,,,,
068427,0,0,0,-30,,,,
068432,0,0,0,-32,,,,
068435,0,0,0,9,,,,
068437,0,0,0,-73,,,,
068438,0,0,0,5,,,,
068439,0,0,0,491,,,,
068440,0,0,0,329,,,,
068441,0,0,0,55,,,,
068444,0,0,0,223,,,,
068445,0,0,0,89,,,,
068446,0,0,0,46,,,,
068447,0,0,0,-276,,,,
068448,0,0,0,-16,,,,
068451,0,0,0,-4,,,,
068452,0,0,0,466,,,,
068453,0,0,0,5,,,,
068455,0,0,0,70,,,,
068456,0,0,0,-39,,,,
068458,0,0,0,5,,,,
068459,0,0,0,-38,,,,
068462,0,0,0,13,,,,
068463,0,0,0,514,,,,
068464,0,0,0,7,,,,
068465,0,0,0,10,,,,
068467,0,0,0,184,,,,
068468,0,0,0,20,,,,
068469,0,0,0,-341,,,,
068470,0,0,0,2,,,,
068472,0,0,0,18,,,,
068475,0,0,0,-40,,,,
068478,0,0,0,70,,,,
068479,0,0,0,-33,,,,
068480,0,0,0,100,,,,
068481,0,0,0,-139,,,,
068482,0,0,0,-36,,,,
068483,0,0,0,-100,,,,
068487,0,0,0,48,,,,
068491,0,0,0,9,,,,
068493,0,0,0,0,,,,
068497,0,0,0,-2,,,,
068498,0,0,0,6,,,,
068502,0,0,0,1,,,,
068504,0,0,0,0,,,,
068506,0,0,0,-53,,,,
068507,0,0,0,499,,,,
068508,0,0,0,-10,,,,
068509,0,0,0,0,,,,
068512,0,0,0,-95,,,,
068516,0,0,0,-14,,,,
068517,0,0,0,-63,,,,
068520,0,0,0,171,,,,
068521,0,0,0,-351,,,,
068525,0,0,0,0,,,,
068526,0,0,0,99,,,,
068528,0,0,0,5,,,,
068529,0,0,0,162,,,,
068530,0,0,0,32,,,,
068531,0,0,0,-574,,,,
068532,0,0,0,-4,,,,
068535,0,0,0,1,,,,
068537,0,0,0,120,,,,
068538,0,0,0,400,,,,
068540,0,0,0,34,,,,
068541,0,0,0,18,,,,
068542,0,0,0,22,,,,
068543,0,0,0,-19,,,,
068544,0,0,0,31,,,,
068545,0,0,0,36,,,,
068546,0,0,0,-67,,,,
068547,0,0,0,-64,,,,
068550,0,0,0,53,,,,
068551,0,0,0,-18,,,,
068552,0,0,0,20,,,,
068553,0,0,0,10,,,,
068556,0,0,0,165,,,,
068558,0,0,0,647,,,,
068559,0,0,0,9,,,,
068562,0,0,0,-774,,,,
068566,0,0,0,62,,,,
068569,0,0,0,-55,,,,
068570,0,0,0,-106,,,,
068572,0,0,0,-102,,,,
068573,0,0,0,-10,,,,
068575,0,0,0,-9,,,,
068576,0,0,0,40,,,,
068577,0,0,0,10,,,,
068578,0,0,0,10,,,,
068580,0,0,0,-14,,,,
068584,0,0,0,10,,,,
068585,0,0,0,-56,,,,
068586,0,0,0,1,,,,
068587,0,0,0,-5,,,,
068588,0,0,0,-174,,,,
068590,0,0,0,5,,,,
068591,0,0,0,167,,,,
068592,0,0,0,16,,,,
068595,0,0,0,-9,,,,
068596,0,0,0,20,,,,
068597,0,0,0,55,,,,
068599,0,0,0,40,,,,
068600,0,0,0,49,,,,
068604,0,0,0,-96,,,,
068607,0,0,0,7,,,,
068608,0,0,0,35,,,,
068611,0,0,0,475,,,,
068613,0,0,0,-182,,,,
068615,0,0,0,-229,,,,
068616,0,0,0,-30,,,,
068617,0,0,0,24,,,,
068618,0,0,0,-41,,,,
068620,0,0,0,-97,,,,
068622,0,0,0,-3,,,,
068623,0,0,0,123,,,,
068624,0,0,0,-235,,,,
068628,0,0,0,-7,,,,
068629,0,0,0,524,,,,
068630,0,0,0,19,,,,
068633,0,0,0,-69,,,,
068634,-20,0,0,387,,,,
068635,0,0,0,-152,,,,
068636,0,0,0,-332,,,,
068638,0,0,0,40,,,,
068649,0,0,0,-498,,,,
068653,0,0,0,-82,,,,
068654,0,0,0,-111,,,,
068657,0,0,0,-4,,,,
068659,0,0,0,-20,,,,
068664,0,0,0,17,,,,
068665,0,0,0,75,,,,
068666,0,0,0,13,,,,
068667,0,0,0,45,,,,
068668,0,0,0,-20,,,,
068670,0,0,0,-10,,,,
068671,0,0,0,13,,,,
068674,10,0,0,-10,,,,
068675,0,0,0,0,,,,
068676,0,0,0,-64,,,,
068677,0,0,0,-25,,,,
068678,0,0,0,-30,,,,
068679,0,0,0,-34,,,,
068680,0,0,0,58,,,,
068681,0,0,0,85,,,,
068682,0,0,0,8,,,,
068686,0,0,0,-20,,,,
068688,0,0,0,-200,,,,
068689,0,0,0,2,,,,
068690,0,0,0,28,,,,
068692,0,0,0,17,,,,
068695,0,0,0,138,,,,
068700,0,0,0,159,,,,
068701,0,0,0,-52,,,,
068703,0,0,0,-44,,,,
068707,0,0,0,27,,,,
068709,0,0,0,65,,,,
068711,0,0,0,-23,,,,
068712,0,0,0,-31,,,,
068716,0,0,0,-40,,,,
068720,0,0,0,485,,,,
068723,0,0,0,-47,,,,
068724,0,0,0,-22,,,,
068726,0,0,0,-60,,,,
068728,0,0,0,-544,,,,
068729,0,0,0,340,,,,
068730,0,0,0,5,,,,
068731,0,0,0,-20,,,,
068734,0,0,0,-496,,,,
068736,0,0,0,-789,,,,
068737,0,0,0,-141,,,,
068738,0,0,0,-20,,,,
068739,0,0,0,17,,,,
068740,0,0,0,-40,,,,
068746,0,0,0,-33,,,,
068747,0,0,0,-160,,,,
068749,0,0,0,-3,,,,
068750,0,0,0,52,,,,
068751,0,0,0,-9,,,,
068753,0,0,0,-5,,,,
068754,0,0,0,156,,,,
068755,0,0,0,-200,,,,
068756,0,0,0,1,,,,
068761,0,0,0,-10,,,,
068763,0,0,0,-30,,,,
068765,0,0,0,-171,,,,
068767,0,0,0,-6,,,,
068768,0,0,0,-26,,,,
068769,0,0,0,-160,,,,
068770,0,0,0,33,,,,
068771,0,0,0,-244,,,,
068773,0,0,0,-9,,,,
068775,0,0,0,0,,,,
068777,0,0,0,-1,,,,
068782,0,0,0,-2,,,,
068784,0,0,0,-96,,,,
068787,0,0,0,270,,,,
068788,0,0,0,-44,,,,
068789,0,0,0,-110,,,,
068792,0,0,0,-8,,,,
068793,0,0,0,295,,,,
068794,0,0,0,70,,,,
068795,0,0,0,23,,,,
068796,0,0,0,101,,,,
068797,0,0,0,45,,,,
068800,0,0,0,84,,,,
068803,0,0,0,74,,,,
068809,0,0,0,634,,,,
068810,0,0,0,-10,,,,
068811,0,0,0,100,,,,
068816,0,0,0,176,,,,
068821,0,0,0,-203,,,,
068824,0,0,0,6,,,,
068825,0,0,0,56,,,,
068826,0,0,0,79,,,,
068827,0,0,0,-61,,,,
068829,0,0,0,-10,,,,
068830,0,0,0,323,,,,
068832,0,0,0,675,,,,
068833,0,0,0,-6,,,,
068838,0,0,0,-77,,,,
068840,0,0,0,-100,,,,
068841,0,0,0,-184,,,,
068842,0,0,0,45,,,,
068848,0,0,0,-10,,,,
068851,0,0,0,-47,,,,
068852,0,0,0,-46,,,,
068853,0,0,0,-35,,,,
068856,0,0,0,-22,,,,
068867,0,0,0,-464,,,,
068868,0,0,0,-181,,,,
068870,0,0,0,-2,,,,
068871,0,0,0,-1,,,,
068872,0,0,0,184,,,,
068873,0,0,0,1065,,,,
068880,0,0,0,40,,,,
068881,0,0,0,10,,,,
068882,0,0,0,-370,,,,
068883,0,0,0,98,,,,
068884,0,0,0,-72,,,,
068885,0,0,0,-14,,,,
068886,0,0,0,1,,,,
068887,0,0,0,0,,,,
068892,0,0,0,20,,,,
068895,0,0,0,411,,,,
068897,0,0,0,485,,,,
068898,0,0,0,-26,,,,
068899,0,0,0,5,,,,
068900,0,0,0,55,,,,
068901,0,0,0,-23,,,,
068902,0,0,0,84,,,,
068903,0,0,0,-19,,,,
068904,0,0,0,-80,,,,
068905,0,0,0,-60,,,,
068906,0,0,0,-71,,,,
068907,0,0,0,25,,,,
068909,0,0,0,-50,,,,
068912,40,0,0,-134,,,,
068913,0,0,0,-7,,,,
068915,0,0,0,-20,,,,
068922,0,0,0,-10,,,,
068923,0,0,0,-10,,,,
068924,0,0,0,120,,,,
068925,0,0,0,70,,,,
068926,0,0,0,1325,,,,
068927,0,0,0,604,,,,
068928,0,0,0,9,,,,
068930,0,0,0,25,,,,
068931,0,0,0,2,,,,
068932,0,0,0,160,,,,
068933,0,0,0,10,,,,
068937,0,0,0,-982,,,,
068938,0,0,0,-42,,,,
068939,0,0,0,-150,,,,
068941,0,0,0,-294,,,,
068942,0,0,0,10,,,,
068950,0,0,0,21,,,,
068952,0,0,0,-50,,,,
068953,0,0,0,-102,,,,
068957,0,0,0,-29,,,,
068959,0,0,0,141,,,,
068961,0,0,0,-132,,,,
068962,0,0,0,13,,,,
068963,0,0,0,82,,,,
068966,0,0,0,1,,,,
068967,0,0,0,-63,,,,
068970,0,0,0,15,,,,
068971,0,0,0,139,,,,
068972,0,0,0,-9,,,,
068973,0,0,0,-200,,,,
068974,0,0,0,779,,,,
068977,0,0,0,50,,,,
068979,0,0,0,-590,,,,
068980,0,0,0,-72,,,,
068981,0,0,0,-100,,,,
068989,0,0,0,-15,,,,
068991,0,0,0,-19,,,,
068992,0,0,0,156,,,,
068993,0,0,0,-24,,,,
068994,0,0,0,-40,,,,
068996,0,0,0,10,,,,
068998,0,0,0,30,,,,
069002,0,0,0,-388,,,,
069012,0,0,0,0,,,,
069013,0,0,0,-39,,,,
069014,0,0,0,13,,,,
069016,0,0,0,-40,,,,
069017,0,0,0,-2,,,,
069018,0,0,0,-66,,,,
069020,0,0,0,458,,,,
069021,0,0,0,-23,,,,
069023,0,0,0,20,,,,
069026,0,0,0,1,,,,
069029,0,0,0,118,,,,
069032,0,0,0,-24,,,,
069036,0,0,0,-151,,,,
069039,0,0,0,-55,,,,
069040,0,0,0,-415,,,,
069043,0,0,0,-2,,,,
069046,0,0,0,546,,,,
069047,0,0,0,-648,,,,
069050,0,0,0,-224,,,,
069051,0,0,0,-17,,,,
069052,0,0,0,1,,,,
069053,0,0,0,159,,,,
069055,0,0,0,1,,,,
069056,0,0,0,-240,,,,
069058,0,0,0,-35,,,,
069059,0,0,0,-22,,,,
069060,0,0,0,999,,,,
069061,0,0,0,-164,,,,
069062,0,0,0,-5,,,,
069063,0,0,0,25,,,,
069066,0,0,0,-85,,,,
069067,0,0,0,-10,,,,
069068,0,0,0,-59,,,,
069069,0,0,0,-629,,,,
069070,0,0,0,-200,,,,
069071,0,0,0,-1,,,,
069073,0,0,0,-16,,,,
069074,0,0,0,145,,,,
069078,0,0,0,-76,,,,
069079,0,0,0,-80,,,,
069083,0,0,0,26,,,,
069085,0,0,0,-30,,,,
069087,0,0,0,40,,,,
069088,0,0,0,19,,,,
069092,0,0,0,-161,,,,
069095,0,0,0,176,,,,
069097,0,0,0,30,,,,
069099,0,0,0,11,,,,
069100,0,0,0,40,,,,
069101,0,0,0,-1369,,,,
069102,0,0,0,-41,,,,
069103,0,0,0,-36,,,,
069105,0,0,0,120,,,,
069107,0,0,0,-294,,,,
069108,0,0,0,279,,,,
069109,0,0,0,95,,,,
069112,0,0,0,-86,,,,
069114,0,0,0,-496,,,,
069117,0,0,0,-226,,,,
069119,0,0,0,-30,,,,
069120,0,0,0,200,,,,
069125,0,0,0,5,,,,
069126,0,0,0,210,,,,
069129,0,0,0,-116,,,,
069133,0,0,0,-200,,,,
069135,0,0,0,-3,,,,
069136,0,0,0,1,,,,
069138,0,0,0,55,,,,
069145,0,0,0,-320,,,,
069146,0,0,0,-20,,,,
069148,0,0,0,250,,,,
069149,0,0,0,-100,,,,
069151,0,0,0,-1025,,,,
069152,0,0,0,-4976,,,,
069153,0,0,0,-99,,,,
069155,0,0,0,-780,,,,
069156,0,0,0,20,,,,
069163,0,0,0,19,,,,
069168,0,0,0,8,,,,
069172,0,0,0,-25,,,,
069177,0,0,0,-91,,,,
069179,0,0,0,3436,,,,
069180,0,0,0,79,,,,
069181,0,0,0,-113,,,,
069184,0,0,0,-17,,,,
069186,0,0,0,-564,,,,
069188,0,0,0,-1,,,,
069189,0,0,0,-71,,,,
069190,0,0,0,9,,,,
069191,0,0,0,-8,,,,
069192,0,0,0,10,,,,
069193,0,0,0,-10,,,,
069194,0,0,0,-85,,,,
069196,0,0,0,-932,,,,
069197,0,0,0,-40,,,,
069198,0,0,0,100,,,,
069200,0,0,0,-45,,,,
069203,0,0,0,-177,,,,
069205,0,0,0,427,,,,
069209,0,0,0,-21,,,,
069210,0,0,0,-310,,,,
069214,0,0,0,-10,,,,
069215,0,0,0,-50,,,,
069218,0,0,0,-5,,,,
069219,0,0,0,-160,,,,
069222,0,0,0,7,,,,
069223,0,0,0,74,,,,
069224,0,0,0,-5,,,,
069227,0,0,0,-5,,,,
069229,0,0,0,0,,,,
069231,0,0,0,-24,,,,
069232,0,0,0,-1,,,,
069237,0,0,0,-7,,,,
069239,0,0,0,-1,,,,
069240,0,0,0,10,,,,
069241,0,0,0,-24,,,,
069242,0,0,0,499,,,,
069245,0,0,0,-176,,,,
069246,0,0,0,200,,,,
069247,0,0,0,-20,,,,
069248,0,0,0,-10,,,,
069251,0,0,0,-10,,,,
069252,0,0,0,22,,,,
069253,0,0,0,0,,,,
069255,0,0,0,-28,,,,
069257,0,0,0,-42,,,,
069263,0,0,0,-379,,,,
069266,0,0,0,-210,,,,
069270,0,0,0,-10,,,,
069272,0,0,0,-2,,,,
069273,0,0,0,-265,,,,
069274,0,0,0,-2,,,,
069275,0,0,0,95,,,,
069276,0,0,0,-20,,,,
069277,0,0,0,30,,,,
069278,0,0,0,93,,,,
069279,0,0,0,5,,,,
069280,0,0,0,-20,,,,
069282,0,0,0,19,,,,
069283,0,0,0,-30,,,,
069284,0,0,0,-30,,,,
069286,0,0,0,-69,,,,
069287,0,0,0,-397,,,,
069288,0,0,0,-23,,,,
069289,0,0,0,-207,,,,
069290,0,0,0,-140,,,,
069291,0,0,0,10,,,,
069292,0,0,0,-205,,,,
069294,0,0,0,-36,,,,
069297,0,0,0,2,,,,
069301,0,0,0,23,,,,
069305,0,0,0,0,,,,
069306,0,0,0,-126,,,,
069308,0,0,0,-110,,,,
069310,0,0,0,-321,,,,
069311,0,0,0,3,,,,
069312,0,0,0,-621,,,,
069313,0,0,0,-2662,,,,
069314,0,0,0,-28,,,,
069315,0,0,0,-10,,,,
069316,0,0,0,78,,,,
069317,0,0,0,188,,,,
069325,0,0,0,5,,,,
069328,0,0,0,-20,,,,
069330,0,0,0,-305,,,,
069331,0,0,0,-15,,,,
069332,0,0,0,-77,,,,
069333,0,0,0,-75,,,,
069334,0,0,0,-150,,,,
069336,0,0,0,-309,,,,
069338,0,0,0,1,,,,
069341,0,0,0,21,,,,
069344,0,0,0,277,,,,
069345,0,0,0,-369,,,,
069346,0,0,0,1,,,,
069347,0,0,0,30,,,,
069348,0,0,0,2,,,,
069350,0,0,0,2,,,,
069352,0,0,0,119,,,,
069354,0,0,0,234,,,,
069358,0,0,0,-5,,,,
069359,0,0,0,-96,,,,
069360,0,0,0,-3,,,,
069361,0,0,0,151,,,,
069363,0,0,0,42,,,,
069364,0,0,0,10,,,,
069365,0,0,0,65,,,,
069367,0,0,0,15,,,,
069369,0,0,0,4,,,,
069370,0,0,0,59,,,,
069371,0,0,0,-136,,,,
069372,0,0,0,-10,,,,
069373,0,0,0,-10,,,,
069374,0,0,0,3,,,,
069375,0,0,0,-57,,,,
069376,0,0,0,961,,,,
069377,0,0,0,-272,,,,
069378,0,0,0,-7,,,,
069379,0,0,0,140,,,,
069382,0,0,0,-547,,,,
069383,0,0,0,499,,,,
069384,0,0,0,-74,,,,
069385,0,0,0,-48,,,,
069386,0,0,0,-186,,,,
069390,0,0,0,-5,,,,
069391,0,0,0,-9,,,,
069394,0,0,0,-37,,,,
069395,0,0,0,-17,,,,
069396,0,0,0,484,,,,
069398,0,0,0,-80,,,,
069402,0,0,0,-10,,,,
069404,0,0,0,-5,,,,
069405,0,0,0,-2,,,,
069407,0,0,0,26,,,,
069417,0,0,0,10,,,,
069418,0,0,0,-1,,,,
069424,0,0,0,-20,,,,
069425,0,0,0,-48,,,,
069426,0,0,0,33,,,,
069429,0,0,0,-2,,,,
069430,0,0,0,-112,,,,
069432,0,0,0,5,,,,
069434,0,0,0,102,,,,
069435,0,0,0,9,,,,
069436,0,0,0,330,,,,
069438,0,0,0,80,,,,
069439,0,0,0,336,,,,
069440,0,0,0,221,,,,
069445,0,0,0,-5,,,,
069446,0,0,0,33,,,,
069447,0,0,0,-87,,,,
069448,0,0,0,53,,,,
069449,0,0,0,-383,,,,
069450,0,0,0,-521,,,,
069451,1,0,0,-284,,,,
069453,0,0,0,994,,,,
069454,0,0,0,-290,,,,
069455,0,0,0,-35,,,,
069456,0,0,0,-148,,,,
069457,0,0,0,660,,,,
069458,0,0,0,436,,,,
069460,0,0,0,-30,,,,
069461,0,0,0,-10,,,,
069462,0,0,0,-495,,,,
069463,0,0,0,-5,,,,
069464,0,0,0,15,,,,
069465,0,0,0,-120,,,,
069468,0,0,0,-118,,,,
069469,0,0,0,401,,,,
069470,0,0,0,-2,,,,
069472,0,0,0,-7,,,,
069474,0,0,0,-72,,,,
069475,0,0,0,94,,,,
069477,0,0,0,-20,,,,
069481,0,0,0,115,,,,
069482,0,0,0,-312,,,,
069484,0,0,0,-596,,,,
069486,0,0,0,-20,,,,
069488,0,0,0,30,,,,
069491,0,0,0,36,,,,
069496,0,0,0,-5,,,,
069498,0,0,0,80,,,,
069499,0,0,0,-200,,,,
069501,0,0,0,-1,,,,
069503,0,0,0,193,,,,
069505,0,0,0,-10,,,,
069507,0,0,0,495,,,,
069509,0,0,0,-1,,,,
069510,0,0,0,-10,,,,
069512,0,0,0,-94,,,,
069515,0,0,0,28,,,,
069517,0,0,0,4306,,,,
069518,0,0,0,-468,,,,
069522,0,0,0,-322,,,,
069523,0,0,0,169,,,,
069524,0,0,0,-23,,,,
069525,0,0,0,-41,,,,
069526,0,0,0,47,,,,
069527,0,0,0,113,,,,
069531,0,0,0,-1,,,,
069537,0,0,0,1,,,,
069538,0,0,0,-12,,,,
069542,0,0,0,-194,,,,
069547,0,0,0,-64,,,,
069550,0,0,0,-2,,,,
069552,0,0,0,-627,,,,
069553,0,0,0,-11,,,,
069554,0,0,0,-160,,,,
069556,0,0,0,264,,,,
069559,0,0,0,145,,,,
069560,0,0,0,-102,,,,
069563,0,0,0,-15,,,,
069564,0,0,0,38,,,,
069565,0,0,0,-14,,,,
069567,0,0,0,-667,,,,
069568,0,0,0,74,,,,
069569,0,0,0,34,,,,
069570,0,0,0,379,,,,
069578,0,0,0,-42,,,,
069579,0,0,0,-121,,,,
069581,0,0,0,10,,,,
069585,0,0,0,6,,,,
069587,0,0,0,5,,,,
069590,0,0,0,-17,,,,
069591,0,0,0,-393,,,,
069594,0,0,0,33,,,,
069596,0,0,0,99,,,,
069598,0,0,0,0,,,,
069600,0,0,0,-5,,,,
069601,0,0,0,6,,,,
069602,0,0,0,-47,,,,
069604,0,0,0,58,,,,
069606,0,0,0,-90,,,,
069608,0,0,0,-39,,,,
069612,0,0,0,0,,,,
069613,0,0,0,223,,,,
069614,0,0,0,-1038,,,,
069616,0,0,0,41,,,,
069617,0,0,0,-23,,,,
069618,0,0,0,20,,,,
069620,0,0,0,-50,,,,
069622,0,0,0,24,,,,
069625,0,0,0,590,,,,
069627,0,0,0,93,,,,
069628,0,0,0,29,,,,
069629,0,0,0,-387,,,,
069630,0,0,0,-235,,,,
069631,0,0,0,-3,,,,
069632,0,0,0,10,,,,
069634,0,0,0,-395,,,,
069635,0,0,0,101,,,,
069637,0,0,0,-1,,,,
069638,0,0,0,13,,,,
069639,0,0,0,-70,,,,
069640,0,0,0,2,,,,
069641,0,0,0,-5,,,,
069648,0,0,0,-175,,,,
069649,0,0,0,-270,,,,
069654,0,0,0,43,,,,
069655,0,0,0,-10,,,,
069656,0,0,0,-48,,,,
069657,0,0,0,-38,,,,
069661,0,0,0,348,,,,
069662,0,0,0,123,,,,
069663,0,0,0,-218,,,,
069664,0,0,0,441,,,,
069665,0,0,0,-44,,,,
069666,0,0,0,-202,,,,
069667,0,0,0,-442,,,,
069668,0,0,0,-65,,,,
069669,0,0,0,-446,,,,
069673,0,0,0,-712,,,,
069674,0,0,0,29,,,,
069675,0,0,0,-157,,,,
069676,0,0,0,-2,,,,
069677,0,0,0,-10,,,,
069678,0,0,0,-5,,,,
069680,0,0,0,-56,,,,
069681,0,0,0,58,,,,
069682,0,0,0,-80,,,,
069683,0,0,0,-461,,,,
069684,0,0,0,-96,,,,
069685,0,0,0,-47,,,,
069686,0,0,0,10,,,,
069687,0,0,0,-108,,,,
069688,0,0,0,-66,,,,
069689,0,0,0,40,,,,
069692,0,0,0,-56,,,,
069694,0,0,0,9,,,,
069695,0,0,0,2,,,,
069697,0,0,0,-51,,,,
069698,0,0,0,224,,,,
069699,0,0,0,-20,,,,
069700,0,0,0,-36,,,,
069701,0,0,0,-2,,,,
069702,0,0,0,55,,,,
069704,0,0,0,-7,,,,
069705,0,0,0,-2,,,,
069706,0,0,0,-1,,,,
069707,0,0,0,-1,,,,
069709,0,0,0,7,,,,
069710,0,0,0,-1,,,,
069711,0,0,0,20,,,,
069712,0,0,0,-180,,,,
069714,0,0,0,-15,,,,
069720,0,0,0,50,,,,
069721,0,0,0,-177,,,,
069722,0,0,0,-1873,,,,
069724,0,0,0,-61,,,,
069725,0,0,0,83,,,,
069726,0,0,0,25,,,,
069727,0,0,0,-2,,,,
069728,0,0,0,400,,,,
069729,0,0,0,-45,,,,
069731,0,0,0,-51,,,,
069739,0,0,0,-529,,,,
069741,0,0,0,1,,,,
069742,0,0,0,-5,,,,
069748,0,0,0,-506,,,,
069749,0,0,0,2,,,,
069753,0,0,0,2,,,,
069755,0,0,0,19,,,,
069756,0,0,0,-22,,,,
069757,0,0,0,-9,,,,
069759,0,0,0,-32,,,,
069763,0,0,0,-60,,,,
069767,0,0,0,15,,,,
069768,0,0,0,31,,,,
069775,0,0,0,-35,,,,
069776,0,0,0,-26,,,,
069777,0,0,0,35,,,,
069779,0,0,0,-124,,,,
069785,0,0,0,42,,,,
069786,0,0,0,-63,,,,
069787,0,0,0,12,,,,
069790,0,0,0,-28,,,,
069792,0,0,0,101,,,,
069793,0,0,0,-65,,,,
069798,0,0,0,82,,,,
069801,0,0,0,5,,,,
069802,0,0,0,105,,,,
069806,0,0,0,168,,,,
069807,0,0,0,169,,,,
069808,0,0,0,89,,,,
069809,0,0,0,-179,,,,
069813,0,0,0,30,,,,
069816,0,0,0,311,,,,
069818,0,0,0,74,,,,
069819,0,0,0,10,,,,
069820,0,0,0,-80,,,,
069822,0,0,0,-186,,,,
069824,0,0,0,-120,,,,
069826,0,0,0,10,,,,
069829,0,0,0,-30,,,,
069836,0,0,0,-332,,,,
069840,0,0,0,-602,,,,
069841,0,0,0,45,,,,
069851,0,0,0,-60,,,,
069853,0,0,0,190,,,,
069857,0,0,0,0,,,,
069858,0,0,0,150,,,,
069859,0,0,0,-20,,,,
069862,0,0,0,-303,,,,
069863,0,0,0,20,,,,
069864,0,0,0,59,,,,
069867,0,0,0,80,,,,
069868,0,0,0,0,,,,
069870,0,0,0,-5,,,,
069871,0,0,0,-3,,,,
069873,0,0,0,82,,,,
069874,0,0,0,-50,,,,
069877,0,0,0,-81,,,,
069878,0,0,0,80,,,,
069879,0,0,0,146,,,,
069881,0,0,0,30,,,,
069882,0,0,0,229,,,,
069883,0,0,0,-82,,,,
069886,0,0,0,-30,,,,
069887,0,0,0,44,,,,
069888,0,0,0,-3,,,,
069889,0,0,0,-52,,,,
069891,0,0,0,-229,,,,
069893,0,0,0,-164,,,,
069895,0,0,0,1,,,,
069896,0,0,0,20,,,,
069897,0,0,0,-134,,,,
069898,0,0,0,0,,,,
069900,0,0,0,-150,,,,
069901,0,0,0,-300,,,,
069902,0,0,0,47,,,,
069904,0,0,0,-3,,,,
069906,0,0,0,-1,,,,
069909,0,0,0,12,,,,
069911,0,0,0,26,,,,
069915,0,0,0,-132,,,,
069916,0,0,0,2,,,,
069920,0,0,0,45,,,,
069922,0,0,0,128,,,,
069923,0,0,0,25,,,,
069924,0,0,0,131,,,,
069925,0,0,0,40,,,,
069926,0,0,0,-10,,,,
069929,0,0,0,-15,,,,
069933,0,0,0,-19,,,,
069935,0,0,0,73,,,,
069936,0,0,0,-37,,,,
069937,0,0,0,-20,,,,
069940,0,0,0,-10,,,,
069941,0,0,0,115,,,,
069944,0,0,0,-8,,,,
069945,0,0,0,-1,,,,
069947,0,0,0,-10,,,,
069948,0,0,0,10,,,,
069949,0,0,0,20,,,,
069950,0,0,0,-47,,,,
069953,0,0,0,197,,,,
069954,0,0,0,586,,,,
069956,0,0,0,4,,,,
069957,0,0,0,10,,,,
069959,0,0,0,-20,,,,
069961,0,0,0,74,,,,
069963,0,0,0,251,,,,
069964,0,0,0,-36,,,,
069965,0,0,0,-55,,,,
069966,0,0,0,-77,,,,
069967,0,0,0,-47,,,,
069969,0,0,0,-161,,,,
069970,0,0,0,113,,,,
069973,0,0,0,-20,,,,
069975,0,0,0,15,,,,
069978,0,0,0,171,,,,
069979,0,0,0,12,,,,
069982,0,0,0,217,,,,
069983,0,0,0,-41,,,,
069984,0,0,0,307,,,,
069985,0,0,0,320,,,,
069988,0,0,0,-110,,,,
069992,0,0,0,-1423,,,,
069993,0,0,0,-2,,,,
069995,0,0,0,-10,,,,
069997,0,0,0,-26,,,,
070000,0,0,0,-39,,,,
070002,0,0,0,19,,,,
070004,0,0,0,-1,,,,
070005,0,0,0,-12,,,,
070006,0,0,0,-14,,,,
070007,0,0,0,-10,,,,
070009,0,0,0,-66,,,,
070012,0,0,0,109,,,,
070015,0,0,0,-20,,,,
070016,0,0,0,-27,,,,
070017,0,0,0,313,,,,
070018,0,0,0,79,,,,
070022,0,0,0,-433,,,,
070025,0,0,0,23,,,,
070028,0,0,0,-10,,,,
070029,0,0,0,-41,,,,
070031,0,0,0,-17,,,,
070032,0,0,0,-348,,,,
070036,0,0,0,-84,,,,
070037,0,0,0,10,,,,
070038,0,0,0,-20,,,,
070039,0,0,0,-299,,,,
070041,0,0,0,93,,,,
070043,0,0,0,300,,,,
070046,0,0,0,-328,,,,
070047,0,0,0,-186,,,,
070048,0,0,0,24,,,,
070049,0,0,0,122,,,,
070050,0,0,0,2,,,,
070052,0,0,0,-122,,,,
070054,0,0,0,9,,,,
070056,0,0,0,-12,,,,
070058,0,0,0,27,,,,
070059,0,0,0,26,,,,
070060,0,0,0,-312,,,,
070061,0,0,0,200,,,,
070062,0,0,0,186,,,,
070064,0,0,0,-142,,,,
070065,0,0,0,2,,,,
070067,0,0,0,-10,,,,
070068,0,0,0,-479,,,,
070069,0,0,0,-91,,,,
070070,0,0,0,-100,,,,
070074,0,0,0,88,,,,
070075,0,0,0,475,,,,
070079,0,0,0,-144,,,,
070080,0,0,0,-199,,,,
070088,0,0,0,150,,,,
070089,0,0,0,-11,,,,
070090,0,0,0,-113,,,,
070092,0,0,0,17,,,,
070093,0,0,0,64,,,,
070094,0,0,0,-549,,,,
070096,0,0,0,-120,,,,
070097,0,0,0,-65,,,,
070098,0,0,0,-395,,,,
070100,0,0,0,-34,,,,
070102,0,0,0,-92,,,,
070104,0,0,0,567,,,,
070107,0,0,0,2,,,,
070108,0,0,0,7,,,,
070109,0,0,0,-61,,,,
070113,0,0,0,40,,,,
070114,0,0,0,-40,,,,
070125,0,0,0,-100,,,,
070127,0,0,0,170,,,,
070129,0,0,0,3,,,,
070131,0,0,0,-1,,,,
070132,0,0,0,-10,,,,
070133,0,0,0,-28,,,,
070136,0,0,0,28,,,,
070144,0,0,0,11,,,,
070150,0,0,0,2,,,,
070152,0,0,0,-108,,,,
070154,0,0,0,-7,,,,
070156,0,0,0,-30,,,,
070158,0,0,0,13,,,,
070159,0,0,0,-4,,,,
070161,0,0,0,-413,,,,
070162,0,0,0,-416,,,,
070163,0,0,0,2388,,,,
070165,0,0,0,23,,,,
070167,0,0,0,-7,,,,
070170,0,0,0,-333,,,,
070172,0,0,0,-20,,,,
070173,0,0,0,154,,,,
070174,0,0,0,27,,,,
070175,0,0,0,32,,,,
070177,0,0,0,191,,,,
070178,0,0,0,-46,,,,
070184,0,0,0,-26,,,,
070187,0,0,0,75,,,,
070190,0,0,0,-10,,,,
070191,0,0,0,-20,,,,
070192,0,0,0,-418,,,,
070194,0,0,0,267,,,,
070195,0,0,0,-5,,,,
070201,0,0,0,3,,,,
070203,0,0,0,-35,,,,
070204,0,0,0,45,,,,
070206,0,0,0,24,,,,
070208,0,0,0,-1075,,,,
070209,0,0,0,42,,,,
070212,0,0,0,-3,,,,
070215,0,0,0,7,,,,
070216,0,0,0,32,,,,
070217,0,0,0,82,,,,
070218,0,0,0,27,,,,
070220,0,0,0,70,,,,
070221,0,0,0,9,,,,
070222,0,0,0,-65,,,,
070224,0,0,0,-158,,,,
070226,0,0,0,-28,,,,
070231,0,0,0,-197,,,,
070232,0,0,0,-1,,,,
070233,0,0,0,-15,,,,
070234,0,0,0,12,,,,
070235,0,0,0,58,,,,
070236,0,0,0,-5,,,,
070237,0,0,0,44,,,,
070240,0,0,0,62,,,,
070241,0,0,0,-3,,,,
070242,0,0,0,-22,,,,
070244,0,0,0,8,,,,
070246,0,0,0,-20,,,,
070247,0,0,0,-42,,,,
070248,0,0,0,-50,,,,
070249,0,0,0,-499,,,,
070252,0,0,0,-40,,,,
070253,0,0,0,-1280,,,,
070254,0,0,0,10,,,,
070256,0,0,0,342,,,,
070259,0,0,0,55,,,,
070260,0,0,0,24,,,,
070263,0,0,0,1,,,,
070265,0,0,0,-568,,,,
070266,0,0,0,25,,,,
070267,0,0,0,12,,,,
070268,0,0,0,-1068,,,,
070270,0,0,0,1,,,,
070271,0,0,0,5,,,,
070272,0,0,0,-4,,,,
070273,0,0,0,12,,,,
070280,0,0,0,30,,,,
070281,0,0,0,-5,,,,
070282,0,0,0,59,,,,
070283,0,0,0,260,,,,
070284,0,0,0,-61,,,,
070286,0,0,0,-37,,,,
070287,0,0,0,415,,,,
070288,0,0,0,-76,,,,
070290,0,0,0,-73,,,,
070291,0,0,0,10,,,,
070293,0,0,0,-396,,,,
070294,0,0,0,496,,,,
070295,0,0,0,57,,,,
070298,0,0,0,495,,,,
070299,0,0,0,-496,,,,
070300,0,0,0,-181,,,,
070301,0,0,0,-766,,,,
070302,0,0,0,-71,,,,
070303,0,0,0,-501,,,,
070304,0,0,0,-281,,,,
070305,0,0,0,407,,,,
070306,0,0,0,523,,,,
070310,0,0,0,54,,,,
070312,0,0,0,-68,,,,
070314,0,0,0,-7,,,,
070315,0,0,0,-190,,,,
070316,0,0,0,-10,,,,
070317,0,0,0,-14,,,,
070319,0,0,0,-157,,,,
070321,0,0,0,-34,,,,
070322,0,0,0,-8,,,,
070323,0,0,0,-60,,,,
070328,0,0,0,-737,,,,
070329,0,0,0,9,,,,
070331,0,0,0,-235,,,,
070332,0,0,0,136,,,,
070333,0,0,0,-179,,,,
070334,0,0,0,-6,,,,
070337,0,0,0,-10,,,,
070338,0,0,0,11,,,,
070339,0,0,0,395,,,,
070343,0,0,0,384,,,,
070344,0,0,0,-98,,,,
070346,0,0,0,2239,,,,
070347,0,0,0,20,,,,
070350,0,0,0,65,,,,
070352,0,0,0,-54,,,,
070356,0,0,0,-468,,,,
070359,0,0,0,69,,,,
070363,0,0,0,3,,,,
070364,0,0,0,0,,,,
070365,0,0,0,50,,,,
070366,0,0,0,137,,,,
070367,0,0,0,-135,,,,
070370,0,0,0,29,,,,
070373,0,0,0,10,,,,
070374,0,0,0,-65,,,,
070375,0,0,0,-20,,,,
070376,0,0,0,0,,,,
070377,0,0,0,-31,,,,
070383,0,0,0,-127,,,,
070384,0,0,0,-30,,,,
070388,0,0,0,15,,,,
070394,0,0,0,39,,,,
070395,0,0,0,-1089,,,,
070396,0,0,0,-8,,,,
070402,0,0,0,21,,,,
070408,0,0,0,40,,,,
070417,0,0,0,86,,,,
070419,0,0,0,48,,,,
070422,0,0,0,-61,,,,
070423,0,0,0,164,,,,
070424,0,0,0,-121,,,,
070425,0,0,0,10,,,,
070426,0,0,0,5,,,,
070427,0,0,0,-7,,,,
070428,0,0,0,10,,,,
070429,0,0,0,-9,,,,
070431,0,0,0,-100,,,,
070434,0,0,0,-650,,,,
070435,0,0,0,-5,,,,
070437,0,0,0,1,,,,
070438,0,0,0,-5,,,,
070439,0,0,0,204,,,,
070440,0,0,0,-2,,,,
070441,0,0,0,-13,,,,
070442,0,0,0,1,,,,
070443,0,0,0,70,,,,
070444,0,0,0,54,,,,
070445,0,0,0,63,,,,
070449,0,0,0,-290,,,,
070450,0,0,0,-1,,,,
070451,0,0,0,-104,,,,
070452,0,0,0,519,,,,
070453,0,0,0,46,,,,
070454,0,0,0,0,,,,
070455,0,0,0,146,,,,
070458,0,0,0,134,,,,
070460,0,0,0,-421,,,,
070461,0,0,0,-490,,,,
070463,0,0,0,606,,,,
070464,0,0,0,-3,,,,
070465,0,0,0,-699,,,,
070466,0,0,0,418,,,,
070467,0,0,0,-115,,,,
070468,0,0,0,14,,,,
070470,0,0,0,-49,,,,
070471,0,0,0,-89,,,,
070472,0,0,0,-27,,,,
070473,0,0,0,-127,,,,
070474,0,0,0,-132,,,,
070475,0,0,0,70,,,,
070477,0,0,0,-164,,,,
070480,0,0,0,10,,,,
070482,0,0,0,131,,,,
070483,0,0,0,-105,,,,
070484,0,0,0,-67,,,,
070485,0,0,0,-40,,,,
070488,0,0,0,40,,,,
070489,0,0,0,-596,,,,
070495,0,0,0,-379,,,,
070497,0,0,0,7,,,,
070499,0,0,0,-415,,,,
070503,0,0,0,-11,,,,
070506,0,0,0,301,,,,
070507,0,0,0,-894,,,,
070509,0,0,0,-235,,,,
070511,0,0,0,-60,,,,
070512,0,0,0,-231,,,,
070514,0,0,0,-3,,,,
070516,0,0,0,-22,,,,
070517,0,0,0,-304,,,,
070518,0,0,0,-414,,,,
070520,0,0,0,10,,,,
070521,0,0,0,-42,,,,
070528,0,0,0,63,,,,
070531,0,0,0,216,,,,
070532,0,0,0,729,,,,
070533,0,0,0,6,,,,
070534,0,0,0,9,,,,
070539,0,0,0,-4,,,,
070540,0,0,0,56,,,,
070541,0,0,0,13,,,,
070545,0,0,0,873,,,,
070547,0,0,0,-14,,,,
070548,0,0,0,25,,,,
070549,0,0,0,82,,,,
070550,0,0,0,82,,,,
070551,0,0,0,-18,,,,
070555,0,0,0,8,,,,
070556,0,0,0,100,,,,
070557,0,0,0,1,,,,
070559,0,0,0,20,,,,
070561,0,0,0,62,,,,
070563,0,0,0,0,,,,
070570,0,0,0,135,,,,
070571,0,0,0,4,,,,
070572,0,0,0,-50,,,,
070579,0,0,0,-20,,,,
070581,0,0,0,0,,,,
070582,0,0,0,-70,,,,
070583,0,0,0,-87,,,,
070585,0,0,0,0,,,,
070586,0,0,0,-10,,,,
070587,0,0,0,-155,,,,
070588,0,0,0,-30,,,,
070589,0,0,0,304,,,,
070590,0,0,0,-3,,,,
070591,0,0,0,0,,,,
070595,0,0,0,-154,,,,
070597,0,0,0,-105,,,,
070599,0,0,0,19,,,,
070600,0,0,0,10,,,,
070601,0,0,0,8,,,,
070602,0,0,0,-12,,,,
070603,0,0,0,-41,,,,
070604,0,0,0,620,,,,
070607,0,0,0,-62,,,,
070608,0,0,0,7,,,,
070609,0,0,0,10,,,,
070610,0,0,0,-60,,,,
070615,0,0,0,-166,,,,
070616,0,0,0,-188,,,,
070620,0,0,0,-163,,,,
070622,0,0,0,-60,,,,
070623,0,0,0,8,,,,
070624,0,0,0,40,,,,
070625,0,0,0,-89,,,,
070626,0,0,0,-14,,,,
070627,0,0,0,-61,,,,
070629,0,0,0,75,,,,
070630,0,0,0,133,,,,
070631,0,0,0,68,,,,
070633,0,0,0,-50,,,,
070637,0,0,0,-9,,,,
070638,0,0,0,-30,,,,
070641,0,0,0,-118,,,,
070643,0,0,0,-55,,,,
070644,0,0,0,15,,,,
070645,0,0,0,464,,,,
070647,0,0,0,15,,,,
070651,0,0,0,-108,,,,
070652,0,0,0,4,,,,
070654,0,0,0,-30,,,,
070657,0,0,0,98,,,,
070658,0,0,0,99,,,,
070659,0,0,0,-287,,,,
070660,0,0,0,163,,,,
070663,0,0,0,370,,,,
070664,0,0,0,-1,,,,
070668,0,0,0,9,,,,
070669,0,0,0,787,,,,
070672,0,0,0,229,,,,
070679,0,0,0,18,,,,
070680,0,0,0,-1169,,,,
070682,0,0,0,130,,,,
070687,0,0,0,2,,,,
070689,0,0,0,-54,,,,
070690,0,0,0,86,,,,
070695,0,0,0,-17,,,,
070696,0,0,0,-2,,,,
070699,0,0,0,-20,,,,
070701,0,0,0,12,,,,
070704,0,0,0,70,,,,
070705,0,0,0,-10,,,,
070710,0,0,0,30,,,,
070711,0,0,0,60,,,,
070715,0,0,0,-15,,,,
070716,0,0,0,-12,,,,
070722,0,0,0,-575,,,,
070724,0,0,0,19,,,,
070725,0,0,0,176,,,,
070726,0,0,0,380,,,,
070728,0,0,0,329,,,,
070730,0,0,0,266,,,,
070733,0,0,0,499,,,,
070737,0,0,0,319,,,,
070738,0,0,0,89,,,,
070739,0,0,0,15,,,,
070741,0,0,0,8,,,,
070742,0,0,0,482,,,,
070743,0,0,0,-29,,,,
070744,0,0,0,442,,,,
070745,0,0,0,-402,,,,
070747,0,0,0,64,,,,
070748,0,0,0,79,,,,
070749,0,0,0,489,,,,
070750,0,0,0,547,,,,
070751,0,0,0,1,,,,
070752,0,0,0,-152,,,,
070753,0,0,0,-80,,,,
070754,0,0,0,-699,,,,
070755,0,0,0,-815,,,,
070756,0,0,0,-33,,,,
070760,0,0,0,-561,,,,
070761,0,0,0,-32,,,,
070762,0,0,0,-95,,,,
070763,0,0,0,-168,,,,
070764,0,0,0,12,,,,
070765,0,0,0,-78,,,,
070768,0,0,0,191,,,,
070769,0,0,0,240,,,,
070774,0,0,0,192,,,,
070776,0,0,0,-175,,,,
070777,0,0,0,-22,,,,
070778,0,0,0,650,,,,
070779,0,0,0,-133,,,,
070780,0,0,0,-120,,,,
070781,0,0,0,-1,,,,
070782,0,0,0,-116,,,,
070786,0,0,0,-10,,,,
070787,0,0,0,731,,,,
070788,0,0,0,0,,,,
070789,0,0,0,18,,,,
070790,0,0,0,-346,,,,
070791,0,0,0,176,,,,
070792,0,0,0,-326,,,,
070795,0,0,0,92,,,,
070796,0,0,0,-2,,,,
070798,0,0,0,-72,,,,
070800,0,0,0,-19,,,,
070802,0,0,0,28,,,,
070804,0,0,0,13,,,,
070808,0,0,0,-34,,,,
070809,0,0,0,-3,,,,
070811,0,0,0,-23,,,,
070813,0,0,0,-53,,,,
070815,0,0,0,20,,,,
070816,0,0,0,-230,,,,
070818,0,0,0,-44,,,,
070820,0,0,0,0,,,,
070821,0,0,0,-10,,,,
070823,0,0,0,90,,,,
070824,0,0,0,25,,,,
070829,0,0,0,-10,,,,
070830,0,0,0,-100,,,,
070831,0,0,0,-395,,,,
070833,0,0,0,398,,,,
070839,0,0,0,120,,,,
070841,0,0,0,30,,,,
070842,0,0,0,-8,,,,
070843,0,0,0,-5,,,,
070845,0,0,0,-1,,,,
070846,0,0,0,-60,,,,
070848,0,0,0,-61,,,,
070849,0,0,0,-1,,,,
070850,0,0,0,-20,,,,
070852,0,0,0,2,,,,
070854,0,0,0,59,,,,
070855,0,0,0,113,,,,
070858,0,0,0,110,,,,
070859,0,0,0,10,,,,
070861,0,0,0,0,,,,
070862,0,0,0,-436,,,,
070863,0,0,0,79,,,,
070864,0,0,0,93,,,,
070866,0,0,0,1,,,,
070869,0,0,0,-48,,,,
070874,0,0,0,433,,,,
070875,0,0,0,513,,,,
070877,0,0,0,-172,,,,
070878,0,0,0,-39,,,,
070890,0,0,0,818,,,,
070894,0,0,0,561,,,,
070895,0,0,0,-117,,,,
070898,0,0,0,192,,,,
070899,0,0,0,71,,,,
070900,0,0,0,-18,,,,
070901,0,0,0,-55,,,,
070902,0,0,0,-20,,,,
070905,0,0,0,-26,,,,
070908,0,0,0,5,,,,
070910,0,0,0,-20,,,,
070913,0,0,0,-105,,,,
070917,0,0,0,-16,,,,
070918,0,0,0,18,,,,
070919,0,0,0,18,,,,
070920,0,0,0,138,,,,
070921,0,0,0,3,,,,
070925,0,0,0,180,,,,
070929,0,0,0,-12,,,,
070930,0,0,0,41,,,,
070931,0,0,0,200,,,,
070932,0,0,0,-303,,,,
070933,0,0,0,0,,,,
070934,0,0,0,0,,,,
070935,0,0,0,-54,,,,
070938,0,0,0,-28,,,,
070942,0,0,0,22,,,,
070946,0,0,0,301,,,,
070947,0,0,0,138,,,,
070948,0,0,0,-17,,,,
070949,0,0,0,2,,,,
070950,0,0,0,87,,,,
070951,0,0,0,12,,,,
070952,0,0,0,232,,,,
070953,0,0,0,124,,,,
070954,0,0,0,13,,,,
070955,0,0,0,-157,,,,
070956,0,0,0,-93,,,,
070957,0,0,0,-212,,,,
070959,0,0,0,47,,,,
070961,0,0,0,-110,,,,
070962,0,0,0,984,,,,
070963,0,0,0,179,,,,
070964,0,0,0,-82,,,,
070965,0,0,0,2,,,,
070966,0,0,0,176,,,,
070967,0,0,0,176,,,,
070968,0,0,0,-500,,,,
070969,0,0,0,-449,,,,
070970,0,0,0,-4,,,,
070972,0,0,0,-192,,,,
070973,0,0,0,202,,,,
070974,0,0,0,227,,,,
070975,0,0,0,350,,,,
070976,0,0,0,-217,,,,
070978,0,0,0,-80,,,,
070982,0,0,0,-51,,,,
070983,0,0,0,-170,,,,
070984,0,0,0,-113,,,,
070986,0,0,0,-46,,,,
070987,0,0,0,-911,,,,
070988,0,0,0,129,,,,
070989,0,0,0,-11,,,,
070990,0,0,0,371,,,,
070993,0,0,0,110,,,,
070994,0,0,0,30,,,,
070995,0,0,0,19,,,,
070996,0,0,0,-46,,,,
070999,0,0,0,-1,,,,
071002,0,0,0,-1,,,,
071004,0,0,0,-493,,,,
071007,0,0,0,-986,,,,
071010,0,0,0,-272,,,,
071011,0,0,0,-4,,,,
071012,0,0,0,36,,,,
071013,0,0,0,20,,,,
071014,0,0,0,-9,,,,
071015,0,0,0,1225,,,,
071016,0,0,0,-1,,,,
071017,0,0,0,72,,,,
071018,0,0,0,-1,,,,
071019,0,0,0,105,,,,
071020,0,0,0,25,,,,
071021,0,0,0,162,,,,
071023,0,0,0,-22,,,,
071026,0,0,0,50,,,,
071027,0,0,0,46,,,,
071031,0,0,0,0,,,,
071033,0,0,0,446,,,,
071034,0,0,0,-61,,,,
071035,0,0,0,-2,,,,
071037,0,0,0,2,,,,
071038,0,0,0,-96,,,,
071042,0,0,0,-439,,,,
071043,0,0,0,-119,,,,
071044,0,0,0,-42,,,,
071048,0,0,0,-47,,,,
071056,0,0,0,78,,,,
071057,0,0,0,83,,,,
071058,0,0,0,-132,,,,
071060,0,0,0,182,,,,
071061,0,0,0,0,,,,
071068,0,0,0,21,,,,
071071,0,0,0,37,,,,
071074,0,0,0,427,,,,
071075,0,0,0,80,,,,
071078,0,0,0,869,,,,
071080,0,0,0,-1,,,,
071081,0,0,0,-30,,,,
071082,0,0,0,-391,,,,
071083,0,0,0,-628,,,,
071085,0,0,0,-50,,,,
071088,0,0,0,-50,,,,
071094,0,0,0,41,,,,
071096,0,0,0,196,,,,
071097,0,0,0,201,,,,
071098,0,0,0,-486,,,,
071101,0,0,0,-10,,,,
071102,0,0,0,9,,,,
071103,0,0,0,2,,,,
071104,0,0,0,5,,,,
071105,0,0,0,2769,,,,
071107,0,0,0,33,,,,
071108,0,0,0,-85,,,,
071110,0,0,0,-10,,,,
071111,0,0,0,208,,,,
071112,0,0,0,34,,,,
071113,0,0,0,14,,,,
071114,0,0,0,0,,,,
071115,0,0,0,-5,,,,
071117,0,0,0,109,,,,
071119,0,0,0,83,,,,
071120,0,0,0,-438,,,,
071121,0,0,0,16,,,,
071123,0,0,0,-31,,,,
071124,0,0,0,-60,,,,
071130,0,0,0,-242,,,,
071131,0,0,0,59,,,,
071132,0,0,0,0,,,,
071133,0,0,0,-247,,,,
071134,0,0,0,-9,,,,
071135,0,0,0,0,,,,
071136,0,0,0,-10,,,,
071137,0,0,0,232,,,,
071139,0,0,0,14,,,,
071140,0,0,0,2,,,,
071141,0,0,0,19,,,,
071144,0,0,0,-28,,,,
071146,0,0,0,-1,,,,
071147,0,0,0,367,,,,
071148,0,0,0,-79,,,,
071149,0,0,0,217,,,,
071150,0,0,0,101,,,,
071152,0,0,0,316,,,,
071153,0,0,0,102,,,,
071154,0,0,0,-168,,,,
071160,0,0,0,-261,,,,
071161,0,0,0,-27,,,,
071162,0,0,0,82,,,,
071163,0,0,0,-20,,,,
071164,0,0,0,19,,,,
071165,0,0,0,-100,,,,
071167,0,0,0,3,,,,
071169,0,0,0,-4,,,,
071170,0,0,0,-1,,,,
071173,0,0,0,95,,,,
071174,0,0,0,16,,,,
071178,0,0,0,15,,,,
071181,0,0,0,-18,,,,
071184,0,0,0,-246,,,,
071185,0,0,0,-126,,,,
071188,0,0,0,-55,,,,
071190,0,0,0,1778,,,,
071191,0,0,0,-7,,,,
071194,0,0,0,-76,,,,
071197,0,0,0,-48,,,,
071198,0,0,0,122,,,,
071201,0,0,0,89,,,,
071202,0,0,0,75,,,,
071203,0,0,0,45,,,,
071204,0,0,0,-24,,,,
071205,0,0,0,8,,,,
071206,0,0,0,-198,,,,
071207,0,0,0,131,,,,
071210,0,0,0,-210,,,,
071211,0,0,0,-20,,,,
071212,0,0,0,1,,,,
071215,0,0,0,-53,,,,
071217,0,0,0,-1,,,,
071218,0,0,0,-2,,,,
071219,0,0,0,33,,,,
071220,0,0,0,38,,,,
071223,0,0,0,-49,,,,
071224,0,0,0,-3,,,,
071225,0,0,0,5,,,,
071229,0,0,0,216,,,,
071230,0,0,0,-185,,,,
071238,0,0,0,20,,,,
071239,0,0,0,-8,,,,
071243,0,0,0,-75,,,,
071244,0,0,0,199,,,,
071245,0,0,0,-5,,,,
071246,0,0,0,65,,,,
071247,0,0,0,-22,,,,
071248,0,0,0,-23,,,,
071249,0,0,0,-366,,,,
071250,0,0,0,-271,,,,
071251,0,0,0,350,,,,
071253,0,0,0,16,,,,
071254,0,0,0,126,,,,
071255,0,0,0,-56,,,,
071256,0,0,0,-21,,,,
071257,0,0,0,-7,,,,
071258,0,0,0,73,,,,
071259,0,0,0,-1,,,,
071260,0,0,0,-262,,,,
071261,0,0,0,-101,,,,
071263,0,0,0,13,,,,
071265,0,0,0,-60,,,,
071266,0,0,0,-133,,,,
071267,0,0,0,194,,,,
071268,0,0,0,50,,,,
071270,0,0,0,-53,,,,
071271,0,0,0,-82,,,,
071272,0,0,0,-1,,,,
071273,0,0,0,-90,,,,
071274,0,0,0,21,,,,
071276,0,0,0,-524,,,,
071279,0,0,0,54,,,,
071280,0,0,0,-5,,,,
071283,0,0,0,-10,,,,
071284,0,0,0,-26,,,,
071285,0,0,0,-47,,,,
071286,0,0,0,-9,,,,
071287,0,0,0,-98,,,,
071291,0,0,0,10,,,,
071294,0,0,0,1,,,,
071295,0,0,0,-1,,,,
071297,0,0,0,66,,,,
071298,0,0,0,7,,,,
071299,0,0,0,41,,,,
071300,0,0,0,-80,,,,
071301,0,0,0,40,,,,
071303,0,0,0,-366,,,,
071304,0,0,0,87,,,,
071305,0,0,0,-10,,,,
071307,0,0,0,-3,,,,
071309,0,0,0,184,,,,
071310,0,0,0,58,,,,
071311,0,0,0,2,,,,
071312,0,0,0,-17,,,,
071316,0,0,0,-6,,,,
071319,0,0,0,23,,,,
071320,0,0,0,69,,,,
071321,0,0,0,-2,,,,
071325,0,0,0,18,,,,
071327,0,0,0,-10,,,,
071334,0,0,0,103,,,,
071339,0,0,0,-18,,,,
071340,0,0,0,-6,,,,
071342,0,0,0,89,,,,
071344,0,0,0,285,,,,
071345,0,0,0,8,,,,
071346,0,0,0,43,,,,
071348,0,0,0,-61,,,,
071355,0,0,0,-30,,,,
071356,0,0,0,-636,,,,
071359,0,0,0,120,,,,
071360,0,0,0,-120,,,,
071363,0,0,0,15,,,,
071364,0,0,0,22,,,,
071365,0,0,0,-14,,,,
071374,0,0,0,9,,,,
071375,0,0,0,-5,,,,
071376,0,0,0,411,,,,
071377,0,0,0,-69,,,,
071378,0,0,0,92,,,,
071380,0,0,0,-35,,,,
071383,0,0,0,-162,,,,
071384,0,0,0,64,,,,
071385,0,0,0,-76,,,,
071386,0,0,0,80,,,,
071387,0,0,0,-2,,,,
071388,0,0,0,-1,,,,
071393,0,0,0,6,,,,
071394,0,0,0,-165,,,,
071395,0,0,0,-32,,,,
071396,0,0,0,31,,,,
071401,0,0,0,200,,,,
071405,0,0,0,103,,,,
071406,0,0,0,10,,,,
071408,0,0,0,-24,,,,
071412,0,0,0,-3,,,,
071413,0,0,0,-20,,,,
071414,0,0,0,71,,,,
071415,0,0,0,10,,,,
071418,0,0,0,42,,,,
071419,0,0,0,-133,,,,
071420,0,0,0,366,,,,
071427,0,0,0,-34,,,,
071432,0,0,0,-30,,,,
071433,0,0,0,163,,,,
071434,0,0,0,-483,,,,
071436,0,0,0,59,,,,
071437,0,0,0,-29,,,,
071438,0,0,0,-116,,,,
071440,0,0,0,-70,,,,
071443,0,0,0,2,,,,
071444,0,0,0,4,,,,
071445,0,0,0,-79,,,,
071446,0,0,0,-138,,,,
071448,0,0,0,-1,,,,
071450,0,0,0,-10,,,,
071453,0,0,0,237,,,,
071459,0,0,0,10,,,,
071463,0,0,0,-114,,,,
071466,0,0,0,427,,,,
071467,0,0,0,-26,,,,
071468,0,0,0,9,,,,
071471,0,0,0,-70,,,,
071472,0,0,0,-14,,,,
071476,0,0,0,-92,,,,
071477,0,0,0,169,,,,
071478,0,0,0,-149,,,,
071479,0,0,0,-84,,,,
071480,0,0,0,-521,,,,
071481,0,0,0,-7,,,,
071482,0,0,0,53,,,,
071484,0,0,0,-50,,,,
071485,0,0,0,-35,,,,
071486,0,0,0,-574,,,,
071487,0,0,0,120,,,,
071488,0,0,0,-89,,,,
071489,0,0,0,24,,,,
071491,0,0,0,23,,,,
071492,0,0,0,-448,,,,
071494,0,0,0,-188,,,,
071495,0,0,0,20,,,,
071498,0,0,0,23,,,,
071500,0,0,0,56,,,,
071501,0,0,0,-60,,,,
071504,0,0,0,-98,,,,
071506,0,0,0,-158,,,,
071507,0,0,0,-46,,,,
071508,0,0,0,-37,,,,
071510,0,0,0,400,,,,
071511,0,0,0,17,,,,
071512,0,0,0,34,,,,
071513,0,0,0,-312,,,,
071514,0,0,0,-2,,,,
071516,0,0,0,2,,,,
071517,0,0,0,-1,,,,
071518,0,0,0,-7,,,,
071519,0,0,0,1,,,,
071520,0,0,0,77,,,,
071521,0,0,0,9,,,,
071523,0,0,0,473,,,,
071524,0,0,0,67,,,,
071525,0,0,0,50,,,,
071526,0,0,0,50,,,,
071527,0,0,0,5,,,,
071530,0,0,0,1,,,,
071531,0,0,0,-138,,,,
071532,0,0,0,55,,,,
071533,0,0,0,-1110,,,,
071538,0,0,0,320,,,,
071539,0,0,0,-170,,,,
071545,0,0,0,43,,,,
071547,0,0,0,-492,,,,
071548,0,0,0,-2836,,,,
071549,0,0,0,-30,,,,
071550,0,0,0,-1018,,,,
071551,0,0,0,-100,,,,
071552,0,0,0,-37,,,,
071553,0,0,0,-45,,,,
071555,0,0,0,2495,,,,
071558,0,0,0,1,,,,
071559,0,0,0,26,,,,
071561,0,0,0,179,,,,
071562,0,0,0,-65,,,,
071565,0,0,0,96,,,,
071569,0,0,0,-272,,,,
071571,0,0,0,12,,,,
071573,0,0,0,102,,,,
071574,0,0,0,5,,,,
071575,0,0,0,96,,,,
071577,0,0,0,-79,,,,
071578,0,0,0,-76,,,,
071579,0,0,0,30,,,,
071580,0,0,0,-760,,,,
071581,0,0,0,-35,,,,
071582,0,0,0,-1,,,,
071585,0,0,0,-124,,,,
071587,0,0,0,-124,,,,
071589,0,0,0,192,,,,
071590,0,0,0,-52,,,,
071591,0,0,0,-10,,,,
071594,0,0,0,-10,,,,
071596,0,0,0,75,,,,
071600,-10,0,0,10,,,,
071602,0,0,0,152,,,,
071603,0,0,0,-38,,,,
071604,0,0,0,-277,,,,
071605,0,0,0,2,,,,
071611,0,0,0,1,,,,
071612,0,0,0,-31,,,,
071613,0,0,0,-200,,,,
071618,0,0,0,25,,,,
071622,0,0,0,-16,,,,
071623,0,0,0,36,,,,
071624,0,0,0,20,,,,
071627,0,0,0,3,,,,
071628,0,0,0,-30,,,,
071636,0,0,0,55,,,,
071639,0,0,0,10,,,,
071641,0,0,0,74,,,,
071642,0,0,0,-103,,,,
071643,0,0,0,3,,,,
071645,0,0,0,-21,,,,
071646,0,0,0,-8,,,,
071647,0,0,0,-19,,,,
071651,0,0,0,138,,,,
071653,0,0,0,73,,,,
071654,0,0,0,60,,,,
071655,0,0,0,20,,,,
071656,0,0,0,314,,,,
071657,0,0,0,183,,,,
071659,0,0,0,-17,,,,
071661,0,0,0,-263,,,,
071663,0,0,0,-62,,,,
071664,0,0,0,21,,,,
071666,0,0,0,-1,,,,
071668,0,0,0,-60,,,,
071669,0,0,0,-100,,,,
071674,0,0,0,11,,,,
071675,0,0,0,-16,,,,
071676,0,0,0,-48,,,,
071677,0,0,0,-26,,,,
071679,0,0,0,15,,,,
071680,0,0,0,61,,,,
071687,0,0,0,36,,,,
071688,0,0,0,-5,,,,
071689,0,0,0,40,,,,
071690,0,0,0,-21,,,,
071691,0,0,0,29,,,,
071694,0,0,0,-10,,,,
071698,0,0,0,-20,,,,
071700,0,0,0,-12,,,,
071705,0,0,0,-2,,,,
071710,0,0,0,66,,,,
071712,0,0,0,27,,,,
071714,0,0,0,11,,,,
071715,0,0,0,28,,,,
071716,0,0,0,31,,,,
071717,0,0,0,-20,,,,
071718,0,0,0,-261,,,,
071724,0,0,0,10,,,,
071725,0,0,0,5,,,,
071728,0,0,0,-4,,,,
071731,0,0,0,-10,,,,
071738,0,0,0,10,,,,
07173U,0,0,0,-5,,,,
071742,0,0,0,-205,,,,
071743,0,0,0,4,,,,
071745,0,0,0,-80,,,,
071747,0,0,0,-17,,,,
071748,0,0,0,640,,,,
071750,0,0,0,25,,,,
071751,0,0,0,-51,,,,
071752,0,0,0,-9,,,,
071754,0,0,0,451,,,,
071756,0,0,0,34,,,,
071757,0,0,0,-5,,,,
071759,0,0,0,-280,,,,
071763,0,0,0,-20,,,,
071770,0,0,0,-87,,,,
071776,0,0,0,4,,,,
071778,0,0,0,74,,,,
071779,0,0,0,-260,,,,
071781,0,0,0,15,,,,
071783,-10,0,0,10,,,,
071784,0,0,0,-42,,,,
071791,0,0,0,-820,,,,
071792,0,0,0,128,,,,
071793,0,0,0,-158,,,,
071800,0,0,0,187,,,,
071801,0,0,0,27,,,,
071803,0,0,0,7,,,,
071805,0,0,0,10,,,,
071807,0,0,0,44,,,,
071810,-17,0,0,17,,,,
071811,0,0,0,1,,,,
071814,0,0,0,242,,,,
071815,0,0,0,19,,,,
071820,0,0,0,326,,,,
071822,0,0,0,-2,,,,
071823,0,0,0,125,,,,
071827,0,0,0,-270,,,,
071828,0,0,0,-145,,,,
071830,0,0,0,-28,,,,
071832,0,0,0,-572,,,,
071833,0,0,0,46,,,,
071834,0,0,0,-252,,,,
071839,0,0,0,-46,,,,
071841,0,0,0,-21,,,,
071842,0,0,0,-105,,,,
071843,0,0,0,10,,,,
071845,0,0,0,-48,,,,
071848,0,0,0,-23,,,,
071851,0,0,0,-30,,,,
071858,0,0,0,-83,,,,
071860,0,0,0,23,,,,
071861,0,0,0,-37,,,,
071862,0,0,0,42,,,,
071865,0,0,0,15,,,,
071868,0,0,0,-40,,,,
071875,0,0,0,10,,,,
071877,0,0,0,-5,,,,
071881,0,0,0,82,,,,
071882,0,0,0,2401,,,,
071884,0,0,0,452,,,,
071885,0,0,0,3,,,,
071887,0,0,0,3,,,,
071889,0,0,0,-373,,,,
071892,0,0,0,-307,,,,
071893,0,0,0,-14,,,,
071894,0,0,0,-103,,,,
071896,0,0,0,353,,,,
071897,0,0,0,-3,,,,
071899,0,0,0,126,,,,
071900,0,0,0,-499,,,,
071902,0,0,0,143,,,,
071903,0,0,0,-6,,,,
071905,0,0,0,-13,,,,
071908,0,0,0,-15,,,,
071910,0,0,0,-93,,,,
071911,0,0,0,-19,,,,
071912,0,0,0,-8,,,,
071913,0,0,0,-14,,,,
071915,0,0,0,61,,,,
071916,0,0,0,-42,,,,
071919,0,0,0,64,,,,
071921,0,0,0,-397,,,,
071924,0,0,0,-71,,,,
071926,0,0,0,546,,,,
071927,0,0,0,648,,,,
071928,0,0,0,219,,,,
071930,0,0,0,-61,,,,
071931,0,0,0,354,,,,
071932,0,0,0,-50,,,,
071936,0,0,0,-15,,,,
071937,0,0,0,-5,,,,
071939,0,0,0,300,,,,
071941,0,0,0,-19,,,,
071948,0,0,0,58,,,,
071952,0,0,0,206,,,,
071955,0,0,0,117,,,,
071958,0,0,0,197,,,,
071959,0,0,0,56,,,,
071964,0,0,0,-25,,,,
071968,0,0,0,-40,,,,
071971,0,0,0,23,,,,
071972,0,0,0,129,,,,
071973,0,0,0,5,,,,
071976,0,0,0,50,,,,
071981,0,0,0,123,,,,
071983,0,0,0,-603,,,,
071984,0,0,0,-1,,,,
071986,0,0,0,-30,,,,
071987,0,0,0,-526,,,,
071988,0,0,0,194,,,,
071992,0,0,0,100,,,,
071996,0,0,0,-219,,,,
071997,0,0,0,232,,,,
071998,0,0,0,-66,,,,
071999,0,0,0,52,,,,
072000,0,0,0,-208,,,,
072001,0,0,0,4,,,,
072002,0,0,0,0,,,,
072003,0,0,0,-333,,,,
072004,0,0,0,30,,,,
072005,0,0,0,35,,,,
072007,0,0,0,60,,,,
072009,0,0,0,461,,,,
072011,0,0,0,10,,,,
072014,0,0,0,37,,,,
072015,0,0,0,47,,,,
072021,0,0,0,173,,,,
072022,0,0,0,1,,,,
072026,0,0,0,-10,,,,
072028,0,0,0,323,,,,
072030,0,0,0,1,,,,
072031,0,0,0,-103,,,,
072032,0,0,0,2,,,,
072034,0,0,0,-135,,,,
072037,0,0,0,20,,,,
072038,0,0,0,-6,,,,
072039,0,0,0,44,,,,
072040,0,0,0,591,,,,
072042,0,0,0,20,,,,
072043,0,0,0,-5,,,,
072047,0,0,0,-10,,,,
072049,0,0,0,-11,,,,
072052,0,0,0,-65,,,,
072057,0,0,0,3,,,,
072058,0,0,0,-314,,,,
072059,0,0,0,-20,,,,
072062,0,0,0,-311,,,,
072064,0,0,0,-10,,,,
072066,0,0,0,-22,,,,
072068,0,0,0,-50,,,,
072070,0,0,0,-180,,,,
072071,0,0,0,-5,,,,
072072,0,0,0,25,,,,
072073,0,0,0,-11,,,,
072075,0,0,0,100,,,,
072078,0,0,0,-10,,,,
072082,0,0,0,100,,,,
072084,0,0,0,8,,,,
072085,0,0,0,-24,,,,
072089,0,0,0,16,,,,
072093,0,0,0,25,,,,
072095,0,0,0,10,,,,
072096,0,0,0,-120,,,,
072097,0,0,0,-55,,,,
072098,0,0,0,1,,,,
072101,0,0,0,0,,,,
072102,0,0,0,10,,,,
072105,0,0,0,19,,,,
072106,0,0,0,60,,,,
072109,0,0,0,66,,,,
072111,0,0,0,-20,,,,
072112,0,0,0,-102,,,,
072113,0,0,0,85,,,,
072115,0,0,0,-18,,,,
072116,0,0,0,185,,,,
072118,0,0,0,241,,,,
072124,0,0,0,-45,,,,
072126,0,0,0,30,,,,
072127,0,0,0,-204,,,,
072131,0,0,0,-94,,,,
072133,0,0,0,15,,,,
072136,0,0,0,19,,,,
072140,0,0,0,-1,,,,
072143,0,0,0,-98,,,,
072144,0,0,0,129,,,,
072146,0,0,0,191,,,,
072149,0,0,0,-177,,,,
072150,0,0,0,-154,,,,
072151,0,0,0,57,,,,
072152,0,0,0,-109,,,,
072153,0,0,0,-192,,,,
072154,0,0,0,-1,,,,
072156,0,0,0,104,,,,
072157,0,0,0,-338,,,,
072160,0,0,0,-7,,,,
072167,0,0,0,194,,,,
072168,0,0,0,35,,,,
072169,0,0,0,-20,,,,
072172,0,0,0,-333,,,,
072173,0,0,0,12,,,,
072174,0,0,0,10,,,,
072176,0,0,0,-53,,,,
072180,0,0,0,18,,,,
072181,0,0,0,-15,,,,
072183,0,0,0,100,,,,
072184,0,0,0,-26,,,,
072186,0,0,0,64,,,,
072187,0,0,0,19,,,,
072188,0,0,0,49,,,,
072189,0,0,0,-10,,,,
072190,0,0,0,-74,,,,
072192,0,0,0,-37,,,,
072193,0,0,0,677,,,,
072194,0,0,0,160,,,,
072195,0,0,0,-83,,,,
072197,0,0,0,45,,,,
072198,0,0,0,20,,,,
072199,0,0,0,-27,,,,
072200,0,0,0,-977,,,,
072201,0,0,0,65,,,,
072202,0,0,0,-21,,,,
072203,0,0,0,-20,,,,
072206,0,0,0,-10,,,,
072207,0,0,0,9,,,,
072208,0,0,0,-30,,,,
072210,0,0,0,-10,,,,
072212,0,0,0,30,,,,
072214,0,0,0,-171,,,,
072215,0,0,0,-24,,,,
072217,0,0,0,-148,,,,
072220,0,0,0,-1,,,,
072221,0,0,0,-2,,,,
072224,0,0,0,22,,,,
072225,0,0,0,-858,,,,
072226,0,0,0,-20,,,,
072228,0,0,0,-385,,,,
072229,0,0,0,-10,,,,
072230,0,0,0,32,,,,
072231,0,0,0,423,,,,
072232,0,0,0,-4,,,,
072234,0,0,0,496,,,,
072235,0,0,0,-10,,,,
072236,0,0,0,-599,,,,
072237,0,0,0,-487,,,,
072238,0,0,0,-12,,,,
072241,0,0,0,85,,,,
072245,0,0,0,0,,,,
072247,0,0,0,60,,,,
072249,0,0,0,-2,,,,
072250,0,0,0,11,,,,
072254,0,0,0,30,,,,
072255,0,0,0,-100,,,,
072256,0,0,0,530,,,,
072257,0,0,0,-545,,,,
072259,0,0,0,82,,,,
072261,0,0,0,1,,,,
072262,0,0,0,2,,,,
072263,0,0,0,-115,,,,
072266,0,0,0,38,,,,
072268,0,0,0,-35,,,,
072271,0,0,0,22,,,,
072274,0,0,0,32,,,,
072275,0,0,0,103,,,,
072276,0,0,0,214,,,,
072279,0,0,0,6,,,,
072280,0,0,0,-29,,,,
072281,0,0,0,-132,,,,
072283,0,0,0,226,,,,
072284,0,0,0,8,,,,
072291,0,0,0,2,,,,
072293,0,0,0,12,,,,
072297,0,0,0,-6,,,,
072300,0,0,0,0,,,,
072303,0,0,0,186,,,,
072305,0,0,0,672,,,,
072306,0,0,0,-33,,,,
072307,0,0,0,74,,,,
072308,0,0,0,-150,,,,
072310,0,0,0,137,,,,
072311,0,0,0,2,,,,
072314,0,0,0,-1,,,,
072318,0,0,0,-9,,,,
072319,0,0,0,-66,,,,
072321,0,0,0,-10,,,,
072323,0,0,0,0,,,,
072324,0,0,0,36,,,,
072326,0,0,0,-220,,,,
072330,0,0,0,-26,,,,
072333,0,0,0,-30,,,,
072335,0,0,0,172,,,,
072348,0,0,0,11,,,,
072349,0,0,0,532,,,,
072350,0,0,0,-5,,,,
072351,0,0,0,443,,,,
072352,0,0,0,-5,,,,
072353,0,0,0,-20,,,,
072355,0,0,0,132,,,,
072356,0,0,0,33,,,,
072357,0,0,0,30,,,,
072358,0,0,0,-7,,,,
072360,0,0,0,-90,,,,
072361,0,0,0,281,,,,
072362,0,0,0,16,,,,
072363,0,0,0,-15,,,,
072364,0,0,0,-269,,,,
072365,0,0,0,9,,,,
072367,0,0,0,-50,,,,
072370,0,0,0,-1,,,,
072371,0,0,0,-66,,,,
072379,0,0,0,10,,,,
072381,0,0,0,0,,,,
072382,0,0,0,-335,,,,
072386,0,0,0,-206,,,,
072388,0,0,0,-9,,,,
072389,0,0,0,106,,,,
072390,0,0,0,36,,,,
072391,0,0,0,-801,,,,
072392,0,0,0,-169,,,,
072393,0,0,0,-38,,,,
072394,0,0,0,31,,,,
072395,0,0,0,521,,,,
072402,0,0,0,90,,,,
072404,0,0,0,50,,,,
072405,0,0,0,1996,,,,
072411,0,0,0,97,,,,
072412,0,0,0,-269,,,,
072415,0,0,0,-20,,,,
072419,0,0,0,28,,,,
072420,0,0,0,-30,,,,
072425,0,0,0,-60,,,,
072426,0,0,0,35,,,,
072429,0,0,0,17,,,,
072431,0,0,0,38,,,,
072432,0,0,0,10,,,,
072433,0,0,0,-83,,,,
072439,0,0,0,570,,,,
072441,0,0,0,40,,,,
072442,0,0,0,73,,,,
072444,0,0,0,24,,,,
072446,0,0,0,1,,,,
072448,0,0,0,56,,,,
072452,0,0,0,-50,,,,
072455,0,0,0,-30,,,,
072457,0,0,0,-10,,,,
072460,0,0,0,-22,,,,
072461,0,0,0,1,,,,
072463,0,0,0,-100,,,,
072466,0,0,0,61,,,,
072467,0,0,0,136,,,,
072468,0,0,0,185,,,,
072469,0,0,0,418,,,,
072470,0,0,0,6,,,,
072471,0,0,0,10,,,,
072472,0,0,0,-13,,,,
072475,0,0,0,2423,,,,
072479,0,0,0,-27,,,,
072480,0,0,0,-100,,,,
072482,0,0,0,-15,,,,
072484,0,0,0,-67,,,,
072485,0,0,0,-55,,,,
072486,0,0,0,-267,,,,
072491,0,0,0,554,,,,
072492,0,0,0,15,,,,
072494,0,0,0,-12,,,,
072495,0,0,0,43,,,,
072499,0,0,0,-150,,,,
072500,0,0,0,-50,,,,
072501,0,0,0,2,,,,
072503,0,0,0,-223,,,,
072507,0,0,0,14,,,,
072508,0,0,0,-58,,,,
072512,0,0,0,-5,,,,
072515,0,0,0,-10,,,,
072517,0,0,0,17,,,,
072520,0,0,0,-100,,,,
072521,0,0,0,-10,,,,
072522,0,0,0,-15,,,,
072525,0,0,0,3743,,,,
072529,0,0,0,-100,,,,
072530,0,0,0,-100,,,,
072531,0,0,0,-2,,,,
072532,0,0,0,1,,,,
072535,0,0,0,-53,,,,
072536,0,0,0,456,,,,
072539,0,0,0,-738,,,,
072542,0,0,0,-161,,,,
072543,0,0,0,-7,,,,
072544,0,0,0,52,,,,
072545,0,0,0,2,,,,
072546,0,0,0,20,,,,
072548,0,0,0,34,,,,
072550,0,0,0,32,,,,
072551,0,0,0,-266,,,,
072552,0,0,0,55,,,,
072555,0,0,0,16,,,,
072556,0,0,0,50,,,,
072558,0,0,0,0,,,,
072559,0,0,0,26,,,,
072560,0,0,0,77,,,,
072561,0,0,0,0,,,,
072562,0,0,0,-14,,,,
072563,0,0,0,-65,,,,
072565,0,0,0,-2,,,,
072568,0,0,0,-51,,,,
072569,0,0,0,-299,,,,
072570,0,0,0,-106,,,,
072574,0,0,0,-8,,,,
072576,0,0,0,1,,,,
072578,0,0,0,-158,,,,
072579,0,0,0,-2,,,,
072580,0,0,0,40,,,,
072581,0,0,0,-1,,,,
072591,0,0,0,-33,,,,
072592,0,0,0,-43,,,,
072594,0,0,0,-60,,,,
072596,0,0,0,-17,,,,
072597,0,0,0,149,,,,
072600,0,0,0,15,,,,
072602,0,0,0,149,,,,
072605,0,0,0,10,,,,
072607,0,0,0,26,,,,
072608,0,0,0,-20,,,,
072609,0,0,0,250,,,,
072610,0,0,0,-13,,,,
072611,0,0,0,-3,,,,
072615,0,0,0,-2,,,,
072616,0,0,0,229,,,,
072617,0,0,0,34,,,,
072619,0,0,0,-25,,,,
072622,0,0,0,-26,,,,
072623,0,0,0,-319,,,,
072624,0,0,0,-52,,,,
072626,0,0,0,-40,,,,
072631,0,0,0,-20,,,,
072632,0,0,0,417,,,,
072634,0,0,0,-292,,,,
072636,0,0,0,-164,,,,
072642,0,0,0,2,,,,
072647,0,0,0,326,,,,
072648,0,0,0,-64,,,,
072651,0,0,0,20,,,,
072652,0,0,0,58,,,,
072655,0,0,0,73,,,,
072657,0,0,0,120,,,,
072661,0,0,0,280,,,,
072663,0,0,0,-12,,,,
072667,0,0,0,-5,,,,
072668,0,0,0,-190,,,,
072669,0,0,0,-501,,,,
072670,0,0,0,70,,,,
072671,0,0,0,33,,,,
072672,0,0,0,498,,,,
072673,0,0,0,-18,,,,
072674,0,0,0,-1599,,,,
072675,0,0,0,20,,,,
072679,0,0,0,495,,,,
072680,0,0,0,-562,,,,
072681,0,0,0,-5,,,,
072682,0,0,0,-61,,,,
072683,0,0,0,33,,,,
072684,0,0,0,1,,,,
072689,0,0,0,-193,,,,
072690,0,0,0,-3,,,,
072694,0,0,0,15,,,,
072703,0,0,0,-3,,,,
072710,0,0,0,-13,,,,
072711,0,0,0,14,,,,
072712,0,0,0,473,,,,
072713,0,0,0,-94,,,,
072714,0,0,0,2,,,,
072716,0,0,0,-8,,,,
072717,0,0,0,-1,,,,
072718,0,0,0,-68,,,,
072719,0,0,0,31,,,,
072724,0,0,0,-360,,,,
072730,0,0,0,116,,,,
072734,0,0,0,-11,,,,
072735,0,0,0,1,,,,
072736,0,0,0,3,,,,
072737,0,0,0,-72,,,,
072742,0,0,0,4,,,,
072744,0,0,0,-31,,,,
072748,0,0,0,-2,,,,
072749,0,0,0,154,,,,
072750,0,0,0,-12,,,,
072751,0,0,0,10,,,,
072753,0,0,0,3,,,,
072756,0,0,0,-6595,,,,
072757,0,0,0,114,,,,
072759,0,0,0,51,,,,
072760,0,0,0,-33,,,,
072761,0,0,0,29,,,,
072762,0,0,0,5,,,,
072763,0,0,0,42,,,,
072766,0,0,0,-170,,,,
072767,0,0,0,-58,,,,
072768,0,0,0,-5,,,,
072769,0,0,0,76,,,,
072772,0,0,0,10,,,,
072773,0,0,0,5,,,,
072776,0,0,0,5,,,,
072780,0,0,0,-5,,,,
072781,0,0,0,33,,,,
072789,0,0,0,-81,,,,
072794,0,0,0,30,,,,
072797,0,0,0,8,,,,
072800,0,0,0,-4,,,,
072804,0,0,0,-62,,,,
072805,0,0,0,-34,,,,
072807,0,0,0,-48,,,,
072808,0,0,0,-71,,,,
072810,0,0,0,82,,,,
072811,0,0,0,2,,,,
072813,0,0,0,-83,,,,
072814,0,0,0,-24,,,,
072815,0,0,0,-51,,,,
072816,0,0,0,-10,,,,
072818,0,0,0,-40,,,,
072819,0,0,0,4,,,,
072825,0,0,0,-2607,,,,
072826,0,0,0,-75,,,,
072832,0,0,0,5,,,,
072836,0,0,0,110,,,,
072837,0,0,0,87,,,,
072841,0,0,0,-20,,,,
072845,0,0,0,68,,,,
072847,0,0,0,-20,,,,
072850,0,0,0,-1,,,,
072851,0,0,0,3,,,,
072852,0,0,0,50,,,,
072855,0,0,0,4,,,,
072858,0,0,0,-1023,,,,
072860,0,0,0,-3,,,,
072861,0,0,0,5,,,,
072862,0,0,0,-514,,,,
072865,0,0,0,4,,,,
072867,0,0,0,-90,,,,
072872,0,0,0,10,,,,
072875,0,0,0,100,,,,
072876,0,0,0,355,,,,
072877,0,0,0,489,,,,
072878,0,0,0,-24,,,,
072879,0,0,0,21,,,,
072884,0,0,0,4,,,,
072898,0,0,0,-10,,,,
072901,0,0,0,4,,,,
072902,0,0,0,-101,,,,
072903,0,0,0,-247,,,,
072904,0,0,0,354,,,,
072905,0,0,0,-318,,,,
072906,0,0,0,50,,,,
072907,0,0,0,288,,,,
072908,0,0,0,-825,,,,
072910,0,0,0,184,,,,
072911,0,0,0,50,,,,
072912,0,0,0,604,,,,
072915,0,0,0,2,,,,
072916,0,0,0,-90,,,,
072917,0,0,0,499,,,,
072918,0,0,0,10,,,,
072919,0,0,0,-272,,,,
072920,0,0,0,-93,,,,
072921,0,0,0,-553,,,,
072922,0,0,0,547,,,,
072923,0,0,0,499,,,,
072926,0,0,0,10,,,,
072927,0,0,0,-1,,,,
072928,0,0,0,18,,,,
072929,0,0,0,-294,,,,
072930,0,0,0,118,,,,
072931,0,0,0,-27,,,,
072934,0,0,0,3,,,,
072936,0,0,0,-20,,,,
072937,0,0,0,-422,,,,
072940,0,0,0,-8,,,,
072942,0,0,0,-15,,,,
072948,0,0,0,57,,,,
072955,0,0,0,15,,,,
072956,0,0,0,200,,,,
072964,0,0,0,44,,,,
072966,0,0,0,5,,,,
072967,0,0,0,11,,,,
072970,0,0,0,-10,,,,
072973,0,0,0,-43,,,,
072978,0,0,0,-8,,,,
072981,0,0,0,-129,,,,
072982,0,0,0,-285,,,,
072983,0,0,0,-25,,,,
072984,0,0,0,-28,,,,
072985,0,0,0,-61,,,,
072987,0,0,0,-42,,,,
072989,0,0,0,-2,,,,
072991,0,0,0,90,,,,
072992,0,0,0,0,,,,
072993,0,0,0,-14,,,,
072995,0,0,0,25,,,,
072996,0,0,0,661,,,,
073001,0,0,0,3,,,,
073002,0,0,0,-7,,,,
073004,0,0,0,5,,,,
073011,0,0,0,576,,,,
073012,0,0,0,50,,,,
073013,0,0,0,23,,,,
073014,0,0,0,-100,,,,
073018,0,0,0,55,,,,
073023,0,0,0,1497,,,,
073031,0,0,0,360,,,,
073035,0,0,0,95,,,,
073038,0,0,0,2,,,,
073039,0,0,0,-1,,,,
073040,0,0,0,60,,,,
073044,0,0,0,-10,,,,
073060,0,0,0,-4,,,,
073061,0,0,0,11,,,,
073063,0,0,0,47,,,,
073065,0,0,0,-21,,,,
073066,0,0,0,49,,,,
073070,0,0,0,0,,,,
073076,0,0,0,516,,,,
073079,0,0,0,0,,,,
073080,0,0,0,12,,,,
073085,0,0,0,176,,,,
073088,0,0,0,-30,,,,
073091,0,0,0,1,,,,
073093,0,0,0,46,,,,
073094,0,0,0,-24,,,,
073096,0,0,0,185,,,,
073097,0,0,0,-179,,,,
073100,0,0,0,-501,,,,
073104,0,0,0,-2,,,,
073105,0,0,0,465,,,,
073106,0,0,0,-99,,,,
073108,0,0,0,6263,,,,
073111,0,0,0,-806,,,,
073112,0,0,0,1497,,,,
073113,0,0,0,267,,,,
073114,0,0,0,7,,,,
073115,0,0,0,-90,,,,
073117,0,0,0,-946,,,,
073119,0,0,0,-60,,,,
073121,0,0,0,-366,,,,
073122,0,0,0,21,,,,
073123,0,0,0,268,,,,
073125,0,0,0,140,,,,
073127,0,0,0,476,,,,
073128,0,0,0,-674,,,,
073129,0,0,0,-70,,,,
07312U,0,0,0,1,,,,
073130,0,0,0,1549,,,,
073132,0,0,0,2,,,,
073133,0,0,0,214,,,,
073134,0,0,0,309,,,,
073136,0,0,0,-25,,,,
073141,0,0,0,-216,,,,
073142,0,0,0,145,,,,
073143,0,0,0,199,,,,
073149,0,0,0,-10,,,,
073151,0,0,0,-1,,,,
073153,0,0,0,-20,,,,
073154,0,0,0,10,,,,
073158,0,0,0,87,,,,
073160,0,0,0,-2,,,,
073164,0,0,0,6,,,,
073165,0,0,0,0,,,,
073168,0,0,0,-10,,,,
073170,0,0,0,243,,,,
073172,0,0,0,20,,,,
073173,0,0,0,154,,,,
073179,0,0,0,-59,,,,
073182,0,0,0,17,,,,
073183,0,0,0,21,,,,
073190,0,0,0,-12,,,,
073191,0,0,0,63,,,,
073192,0,0,0,24,,,,
073199,0,0,0,-37,,,,
073200,0,0,0,14,,,,
073201,0,0,0,5,,,,
073202,0,0,0,-2,,,,
073203,0,0,0,-69,,,,
073206,0,0,0,-557,,,,
073208,0,0,0,998,,,,
073215,0,0,0,165,,,,
073216,0,0,0,5,,,,
073219,0,0,0,1,,,,
073220,0,0,0,-4,,,,
073221,0,0,0,20,,,,
073225,0,0,0,-4,,,,
073226,0,0,0,-18,,,,
073232,0,0,0,252,,,,
073233,0,0,0,-3,,,,
073234,0,0,0,96,,,,
073235,0,0,0,103,,,,
073236,0,0,0,33,,,,
073237,0,0,0,32,,,,
073238,0,0,0,27,,,,
073239,0,0,0,365,,,,
073240,0,0,0,-10,,,,
073242,0,0,0,-1497,,,,
073248,0,0,0,-232,,,,
073249,0,0,0,-316,,,,
073250,0,0,0,3,,,,
073251,0,0,0,-567,,,,
073253,0,0,0,-160,,,,
073254,0,0,0,-14,,,,
073255,0,0,0,1358,,,,
073256,0,0,0,-34,,,,
073257,0,0,0,-275,,,,
073261,0,0,0,549,,,,
073263,0,0,0,-508,,,,
073265,0,0,0,1,,,,
073280,0,0,0,-94,,,,
073281,0,0,0,197,,,,
073283,0,0,0,72,,,,
073285,0,0,0,25,,,,
073287,0,0,0,-10,,,,
073288,0,0,0,-378,,,,
073289,0,0,0,109,,,,
073290,0,0,0,18,,,,
073293,0,0,0,1,,,,
073294,0,0,0,12,,,,
073296,0,0,0,-2,,,,
073297,0,0,0,100,,,,
073299,0,0,0,79,,,,
073301,0,0,0,-62,,,,
073302,0,0,0,22,,,,
073303,0,0,0,-8,,,,
073304,0,0,0,-85,,,,
073313,0,0,0,-1,,,,
073314,0,0,0,-55,,,,
073315,0,0,0,-20,,,,
073318,0,0,0,-2,,,,
073325,0,0,0,209,,,,
073326,0,0,0,38,,,,
073332,0,0,0,311,,,,
073334,0,0,0,-30,,,,
073335,0,0,0,47,,,,
073336,0,0,0,-6,,,,
073337,0,0,0,-104,,,,
073339,0,0,0,-20,,,,
073341,0,0,0,60,,,,
073343,0,0,0,35,,,,
073344,0,0,0,-18,,,,
073346,0,0,0,10,,,,
073347,0,0,0,0,,,,
073348,0,0,0,0,,,,
073352,0,0,0,23,,,,
073353,0,0,0,-29,,,,
073357,0,0,0,1,,,,
073364,0,0,0,5,,,,
073365,0,0,0,-668,,,,
073368,0,0,0,-78,,,,
073370,0,0,0,-211,,,,
073372,0,0,0,-59,,,,
073373,0,0,0,-10,,,,
073375,0,0,0,-37,,,,
073376,0,0,0,-11,,,,
073379,0,0,0,3990,,,,
073382,0,0,0,-12,,,,
073393,0,0,0,-10,,,,
073397,0,0,0,45,,,,
073398,0,0,0,135,,,,
073399,0,0,0,-11,,,,
073402,0,0,0,-18,,,,
073403,0,0,0,4,,,,
073414,0,0,0,20,,,,
073415,0,0,0,126,,,,
073416,0,0,0,-99,,,,
073418,0,0,0,1,,,,
073419,0,0,0,200,,,,
073420,0,0,0,378,,,,
073421,0,0,0,34,,,,
073426,0,0,0,8,,,,
073429,0,0,0,10,,,,
073436,0,0,0,188,,,,
073444,0,0,0,-1,,,,
073446,0,0,0,-62,,,,
073448,0,0,0,10,,,,
073453,0,0,0,94,,,,
073472,0,0,0,-85,,,,
073475,0,0,0,-32,,,,
073476,0,0,0,200,,,,
073486,0,0,0,12,,,,
073487,0,0,0,-60,,,,
073489,0,0,0,-54,,,,
073491,0,0,0,-249,,,,
073492,0,0,0,105,,,,
073493,0,0,0,-14,,,,
073494,0,0,0,-194,,,,
073495,0,0,0,-116,,,,
073497,0,0,0,10,,,,
073503,0,0,0,10,,,,
073509,0,0,0,20,,,,
073510,0,0,0,-78,,,,
073511,0,0,0,53,,,,
073512,0,0,0,139,,,,
073513,0,0,0,36,,,,
073517,0,0,0,4,,,,
073518,0,0,0,-10,,,,
073521,0,0,0,-383,,,,
073522,0,0,0,189,,,,
073523,0,0,0,55,,,,
073526,0,0,0,558,,,,
073528,0,0,0,-10,,,,
073529,0,0,0,-39,,,,
073533,0,0,0,-21,,,,
073534,0,0,0,-228,,,,
073535,0,0,0,20,,,,
073536,0,0,0,-258,,,,
073537,0,0,0,-5,,,,
073538,0,0,0,-84,,,,
073539,0,0,0,107,,,,
073540,0,0,0,-34,,,,
073542,0,0,0,121,,,,
073543,0,0,0,-93,,,,
073544,0,0,0,-1,,,,
073545,0,0,0,-28,,,,
073547,0,0,0,54,,,,
073549,0,0,0,85,,,,
073550,0,0,0,-560,,,,
073551,0,0,0,31,,,,
073554,0,0,0,45,,,,
073555,0,0,0,24,,,,
073556,0,0,0,-49,,,,
073559,0,0,0,-66,,,,
073560,0,0,0,-1,,,,
073562,0,0,0,5,,,,
073564,0,0,0,-100,,,,
073565,0,0,0,178,,,,
073566,0,0,0,-242,,,,
073568,0,0,0,-3,,,,
073572,0,0,0,50,,,,
073573,0,0,0,-612,,,,
073575,0,0,0,-19,,,,
073576,0,0,0,23,,,,
073580,0,0,0,5,,,,
073582,0,0,0,-48,,,,
073585,0,0,0,1912,,,,
073587,0,0,0,-5,,,,
073589,0,0,0,5,,,,
073590,0,0,0,63,,,,
073591,0,0,0,8,,,,
073594,0,0,0,-100,,,,
073597,0,0,0,10,,,,
073599,0,0,0,15,,,,
073602,0,0,0,20,,,,
073607,0,0,0,2,,,,
073611,0,0,0,-2,,,,
073618,0,0,0,-39,,,,
073622,0,0,0,67,,,,
073624,0,0,0,5,,,,
073627,0,0,0,-24,,,,
073629,0,0,0,43,,,,
073630,0,0,0,60,,,,
073631,0,0,0,-32,,,,
073632,0,0,0,-252,,,,
073633,0,0,0,-23,,,,
073634,0,0,0,-103,,,,
073635,0,0,0,10,,,,
073637,0,0,0,-90,,,,
073638,0,0,0,120,,,,
073645,0,0,0,-58,,,,
073646,0,0,0,-28,,,,
073648,0,0,0,-15,,,,
073652,0,0,0,-10,,,,
073656,0,0,0,-22,,,,
073658,0,0,0,-91,,,,
073659,0,0,0,20,,,,
073660,0,0,0,-41,,,,
073666,0,0,0,24,,,,
073667,0,0,-30,-41,,,,
073670,0,0,0,-486,,,,
073672,0,0,0,-400,,,,
073673,0,0,0,15,,,,
073674,0,0,0,-1,,,,
073675,0,0,0,7,,,,
073677,0,0,0,-87,,,,
073680,0,0,0,21,,,,
073682,0,0,0,-30,,,,
073683,0,0,0,-17,,,,
073687,0,0,0,-44,,,,
073688,0,0,0,143,,,,
073689,0,0,0,50,,,,
073690,0,0,0,-205,,,,
073692,0,0,0,10,,,,
073693,0,0,0,-2083,,,,
073694,0,0,0,134,,,,
073695,0,0,0,-36,,,,
073696,0,0,0,-200,,,,
073698,0,0,0,127,,,,
073700,0,0,0,-10,,,,
073701,0,0,0,-499,,,,
073702,0,0,0,213,,,,
073704,0,0,0,190,,,,
073713,0,0,0,-90,,,,
073714,0,0,0,-100,,,,
073716,0,0,0,20,,,,
073717,0,0,0,20,,,,
073719,0,0,0,202,,,,
073720,0,0,0,-85,,,,
073724,0,0,0,-9,,,,
073725,0,0,0,85,,,,
073727,0,0,0,156,,,,
073728,0,0,0,191,,,,
073730,0,0,0,-46,,,,
073733,0,0,0,-20,,,,
073734,0,0,0,-59,,,,
073737,0,0,0,-2,,,,
073741,0,0,0,10,,,,
073742,0,0,0,-540,,,,
073746,0,0,0,3,,,,
073749,0,0,0,-19,,,,
073754,0,0,0,-100,,,,
073755,0,0,0,3,,,,
073762,0,0,0,38,,,,
073763,0,0,0,42,,,,
073764,0,0,0,57,,,,
073767,0,0,0,923,,,,
073768,0,0,0,21,,,,
073769,0,0,0,-61,,,,
073770,0,0,0,69,,,,
073771,0,0,0,30,,,,
073777,0,0,0,-38,,,,
073778,0,0,0,76,,,,
073783,0,0,0,145,,,,
073785,0,0,0,-13,,,,
073788,0,0,0,8,,,,
073789,0,0,0,-10,,,,
073792,0,0,0,-61,,,,
073793,0,0,0,430,,,,
073797,0,0,0,11,,,,
073802,0,0,0,177,,,,
073803,0,0,0,-68,,,,
073804,0,0,0,-16,,,,
073805,0,0,0,170,,,,
073808,0,0,0,-14,,,,
073810,0,0,0,130,,,,
073811,0,0,0,0,,,,
073813,0,0,0,-27,,,,
073821,0,0,0,-8,,,,
073822,0,0,0,20,,,,
073823,0,0,0,-3,,,,
073824,0,0,0,6,,,,
073826,0,0,0,-10,,,,
073827,0,0,0,42,,,,
073828,0,0,0,-292,,,,
073829,0,0,0,-50,,,,
073832,0,0,0,10,,,,
073836,0,0,0,4,,,,
073837,0,0,0,240,,,,
073838,0,0,0,-97,,,,
073839,0,0,0,92,,,,
073841,0,0,0,2,,,,
073845,0,0,0,-86,,,,
073846,0,0,0,39,,,,
073847,0,0,0,252,,,,
073848,0,0,0,-299,,,,
073849,0,0,0,-60,,,,
073850,0,0,0,-212,,,,
073851,0,0,0,0,,,,
073852,0,0,0,7,,,,
073853,0,0,0,-18,,,,
073854,0,0,0,-110,,,,
073855,0,0,0,252,,,,
073856,0,0,0,-134,,,,
073857,0,0,0,-172,,,,
073858,0,0,0,-52,,,,
073863,0,0,0,10,,,,
073864,0,0,0,-321,,,,
073865,0,0,0,-10,,,,
073866,0,0,0,0,,,,
073867,0,0,0,-18,,,,
073869,0,0,0,160,,,,
073870,0,0,0,69,,,,
073873,0,0,0,51,,,,
073874,0,0,0,-113,,,,
073875,0,0,0,-42,,,,
073877,0,0,0,-10,,,,
073878,0,0,0,-108,,,,
073879,0,0,0,-99,,,,
073883,0,0,0,40,,,,
073884,0,0,0,-5,,,,
073887,0,0,0,43,,,,
073890,0,0,0,0,,,,
073897,0,0,0,-40,,,,
073898,0,0,0,-2,,,,
073901,0,0,0,41,,,,
073908,0,0,0,20,,,,
073909,0,0,0,-1,,,,
073911,0,0,0,-166,,,,
073912,0,0,0,3,,,,
073913,0,0,0,-35,,,,
073914,0,0,0,255,,,,
073915,0,0,0,149,,,,
073916,0,0,0,100,,,,
073918,0,0,0,-621,,,,
073919,0,0,0,-162,,,,
073920,0,0,0,591,,,,
073921,0,0,0,66,,,,
073923,0,0,0,10,,,,
073926,0,0,0,52,,,,
073927,0,0,0,21,,,,
073930,0,0,0,521,,,,
073932,0,0,0,30,,,,
073934,0,0,0,-157,,,,
073936,0,0,0,154,,,,
073937,0,0,0,380,,,,
073938,0,0,0,-16,,,,
073939,0,0,0,11,,,,
073944,0,0,0,-30,,,,
073945,0,0,0,-438,,,,
073946,0,0,0,-173,,,,
073949,0,0,0,-17,,,,
073951,0,0,0,-214,,,,
073953,0,0,0,64,,,,
073954,0,0,0,-10,,,,
073955,0,0,0,110,,,,
073956,0,0,0,753,,,,
073963,0,0,0,-47,,,,
073966,0,0,0,-10,,,,
073970,0,0,0,-6,,,,
073971,0,0,0,-31,,,,
073972,0,0,0,-83,,,,
073973,0,0,0,100,,,,
073974,0,0,0,-28,,,,
073975,0,0,0,641,,,,
073976,0,0,0,223,,,,
073978,0,0,0,22,,,,
073979,0,0,0,903,,,,
073981,0,0,0,1,,,,
073984,0,0,0,103,,,,
073993,0,0,0,215,,,,
073994,0,0,0,-17,,,,
073997,0,0,0,-4,,,,
073998,0,0,0,-16,,,,
074000,0,0,0,375,,,,
074003,0,0,0,-50,,,,
074008,0,0,0,-21,,,,
074012,0,0,0,72,,,,
074013,0,0,0,5,,,,
074015,0,0,0,-160,,,,
074016,0,0,0,-86,,,,
074020,0,0,0,0,,,,
074026,0,0,0,10,,,,
074027,0,0,0,-100,,,,
07402U,0,0,0,-1,,,,
074030,0,0,0,79,,,,
074032,0,0,0,23,,,,
074034,0,0,0,-8,,,,
074036,0,0,0,-46,,,,
074042,0,0,0,153,,,,
074044,0,0,0,-119,,,,
074045,0,0,0,-24,,,,
074046,0,0,0,-64,,,,
074050,0,0,0,-60,,,,
074052,0,0,0,159,,,,
074055,0,0,0,-669,,,,
074060,0,0,0,-69,,,,
074064,0,0,0,54,,,,
074067,0,0,0,-3,,,,
074070,0,0,0,19,,,,
074074,0,0,0,103,,,,
074075,0,0,0,1,,,,
074078,0,0,0,490,,,,
074079,0,0,0,-25,,,,
074080,0,0,0,5,,,,
074084,0,0,0,-28,,,,
074085,0,0,0,-108,,,,
074086,0,0,0,-5,,,,
074087,0,0,0,-29,,,,
074089,0,0,0,100,,,,
074090,0,0,0,1,,,,
074091,0,0,0,-350,,,,
074097,0,0,0,-2,,,,
074099,0,0,0,-19,,,,
074101,0,0,0,-10,,,,
074102,0,0,0,80,,,,
074103,0,0,0,-38,,,,
074105,0,0,0,-5,,,,
074107,0,0,0,-61,,,,
074108,0,0,0,31,,,,
074110,0,0,0,-50,,,,
074113,0,0,0,-10,,,,
074117,0,0,0,65,,,,
074119,0,0,0,16,,,,
074128,0,0,0,3,,,,
074129,0,0,0,81,,,,
074131,0,0,0,-21,,,,
074132,0,0,0,-33,,,,
074136,0,0,0,-3,,,,
074137,0,0,0,55,,,,
074140,0,0,0,5,,,,
074143,0,0,0,-10,,,,
074146,0,0,0,12,,,,
074152,0,0,0,12,,,,
074153,0,0,0,15,,,,
074154,0,0,0,501,,,,
074155,0,0,0,0,,,,
074157,0,0,0,0,,,,
074159,0,0,0,-300,,,,
074166,0,0,0,30,,,,
074168,0,0,0,-10,,,,
074169,0,0,0,232,,,,
074171,0,0,0,-148,,,,
074176,0,0,0,-43,,,,
074177,0,0,0,-14,,,,
074179,0,0,0,420,,,,
074181,0,0,0,-149,,,,
074182,0,0,0,-15,,,,
074183,0,0,0,34,,,,
074184,0,0,0,166,,,,
074185,0,0,0,104,,,,
074186,0,0,0,78,,,,
074187,-3000,0,0,3290,,,,
074190,0,0,0,-69,,,,
074191,0,0,0,73,,,,
074193,0,0,0,-47,,,,
074194,0,0,0,1,,,,
074195,0,0,0,287,,,,
074196,0,0,0,442,,,,
074197,0,0,0,-219,,,,
074198,0,0,0,55,,,,
074199,0,0,0,-95,,,,
074200,0,0,0,-342,,,,
074201,0,0,0,3,,,,
074202,0,0,0,71,,,,
074203,0,0,0,64,,,,
074211,0,0,0,-135,,,,
074215,0,0,0,-30,,,,
074216,0,0,0,492,,,,
074218,0,0,0,56,,,,
074220,0,0,0,-99,,,,
074221,0,0,0,-53,,,,
074223,0,0,0,0,,,,
074224,0,0,0,-496,,,,
074225,0,0,0,-48,,,,
074229,0,0,0,243,,,,
074230,0,0,0,-362,,,,
074231,0,0,0,14,,,,
074236,0,0,0,306,,,,
074238,0,0,0,26,,,,
074239,0,0,0,-7,,,,
074240,0,0,0,-57,,,,
074246,0,0,0,60,,,,
074247,0,0,0,-6,,,,
074248,0,0,0,16,,,,
074249,0,0,0,-10,,,,
074252,0,0,0,97,,,,
074253,0,0,0,-15,,,,
074255,0,0,0,-104,,,,
074256,0,0,0,-2,,,,
074260,0,0,0,12,,,,
074261,0,0,0,-148,,,,
074262,0,0,0,-20,,,,
074264,0,0,0,72,,,,
074265,0,0,0,-235,,,,
074266,0,0,0,25,,,,
074267,0,0,0,-30,,,,
074268,0,0,0,-2,,,,
074270,0,0,0,52,,,,
074273,0,0,0,-157,,,,
074274,0,0,0,103,,,,
074275,0,0,0,6,,,,
074279,0,0,0,-13,,,,
074280,0,0,0,-99,,,,
074281,0,0,0,-20,,,,
074282,0,0,0,115,,,,
074294,0,0,0,-45,,,,
074295,0,0,0,-81,,,,
074296,0,0,0,186,,,,
074297,0,0,0,763,,,,
074298,0,0,0,215,,,,
074299,0,0,0,104,,,,
074301,0,0,0,-28,,,,
074303,0,0,0,-46,,,,
074307,0,0,0,125,,,,
074308,0,0,0,-99,,,,
074309,0,0,0,336,,,,
074310,0,0,0,-180,,,,
074312,0,0,0,12,,,,
074318,0,0,0,28,,,,
074319,0,0,0,2,,,,
074321,0,0,0,-180,,,,
074325,0,0,0,2796,,,,
074327,0,0,0,45,,,,
074330,0,0,0,12,,,,
074331,0,0,0,-3804,,,,
074333,0,0,0,-131,,,,
074334,0,0,0,17,,,,
074335,0,0,0,-77,,,,
074336,0,0,0,39,,,,
074338,0,0,0,-10,,,,
074342,0,0,0,-54,,,,
074344,0,0,0,-120,,,,
074345,0,0,0,303,,,,
074350,0,0,0,73,,,,
074351,0,0,0,-281,,,,
074354,0,0,0,-221,,,,
074355,0,0,0,-122,,,,
074356,0,0,0,-15,,,,
074358,0,0,0,-10,,,,
074359,0,0,0,-23,,,,
074364,0,0,0,-115,,,,
074365,0,0,0,21,,,,
074366,0,0,0,841,,,,
074367,0,0,0,-495,,,,
074372,0,0,0,-13,,,,
074373,0,0,0,-100,,,,
074375,0,0,0,-1,,,,
074377,0,0,0,5,,,,
074378,0,0,0,41,,,,
074379,0,0,0,-350,,,,
074380,0,0,0,-12,,,,
074382,0,0,0,-39,,,,
074385,0,0,0,-1161,,,,
074391,0,0,0,3,,,,
074392,0,0,0,-80,,,,
074395,0,0,0,323,,,,
074397,0,0,0,-59,,,,
074400,0,0,0,-1,,,,
074402,0,0,0,-6,,,,
074403,0,0,0,156,,,,
074404,0,0,0,47,,,,
074405,0,0,0,193,,,,
074406,0,0,0,-136,,,,
074407,0,0,0,-734,,,,
074408,0,0,0,144,,,,
074411,0,0,0,-74,,,,
074413,0,0,0,477,,,,
074414,0,0,0,-46,,,,
074415,0,0,0,-163,,,,
074416,0,0,0,-130,,,,
074417,0,0,0,322,,,,
074418,0,0,0,190,,,,
074420,0,0,0,486,,,,
074421,0,0,0,-105,,,,
074425,0,0,0,250,,,,
074426,0,0,0,-145,,,,
074428,0,0,0,-895,,,,
074429,0,0,0,-674,,,,
074438,0,0,0,8,,,,
074443,0,0,0,13,,,,
074444,0,0,0,-29,,,,
074446,0,0,0,3,,,,
074448,0,0,0,0,,,,
074452,0,0,0,10,,,,
074455,0,0,0,159,,,,
074457,0,0,0,16,,,,
074458,0,0,0,-56,,,,
074459,0,0,0,-3451,,,,
074460,0,0,0,-1,,,,
074462,0,0,0,5,,,,
074463,0,0,0,-19,,,,
074464,0,0,0,-126,,,,
074465,0,0,0,-150,,,,
074467,0,0,0,2,,,,
074468,0,0,0,-19,,,,
074469,0,0,0,59,,,,
074470,0,0,0,-21,,,,
074474,0,0,0,10,,,,
074475,0,0,0,-10,,,,
074476,0,0,0,-28,,,,
074477,0,0,0,94,,,,
074478,0,0,0,-57,,,,
074479,0,0,0,-2343,,,,
074480,0,0,0,-94,,,,
074481,0,0,0,-50,,,,
074486,0,0,0,-46,,,,
074490,0,0,0,8,,,,
074491,0,0,0,163,,,,
074494,0,0,0,138,,,,
074495,0,0,0,15,,,,
074496,0,0,0,-10,,,,
074497,0,0,0,-50,,,,
074500,0,0,0,20,,,,
074501,0,0,0,-66,,,,
074509,0,0,0,5,,,,
074510,0,0,0,46,,,,
074511,0,0,0,191,,,,
074513,0,0,0,9,,,,
074519,0,0,0,28,,,,
074521,0,0,0,-2,,,,
074522,0,0,0,-15,,,,
074528,0,0,0,-121,,,,
074529,0,0,0,91,,,,
074530,0,0,0,-9,,,,
074531,0,0,0,-35,,,,
074532,0,0,0,-14,,,,
074535,0,0,0,-10,,,,
074536,0,0,0,-400,,,,
074538,0,0,0,-31,,,,
074541,0,0,0,-14,,,,
074542,0,0,0,-92,,,,
074543,0,0,0,-6,,,,
074546,0,0,0,-2,,,,
074548,0,0,0,-6,,,,
074554,0,0,0,-65,,,,
074556,0,0,0,-8,,,,
074557,0,0,0,-39,,,,
074558,0,0,0,-56,,,,
074559,0,0,0,38,,,,
074560,0,0,0,16,,,,
074561,0,0,0,60,,,,
074562,0,0,0,40,,,,
074563,0,0,0,183,,,,
074564,0,0,0,9,,,,
074567,0,0,0,-71,,,,
074568,0,0,0,-334,,,,
074569,0,0,0,10,,,,
074570,0,0,0,-30,,,,
074571,0,0,0,-10,,,,
074574,0,0,0,-70,,,,
074577,0,0,0,-42,,,,
074584,0,0,0,50,,,,
074585,0,0,0,34,,,,
074587,0,0,0,-2900,,,,
074588,0,0,0,66,,,,
074589,0,0,0,72,,,,
074591,0,0,0,6,,,,
074592,0,0,0,0,,,,
074594,0,0,0,-1920,,,,
074595,0,0,0,7,,,,
074596,0,0,0,-5,,,,
074600,0,0,0,0,,,,
074610,0,0,0,2,,,,
074611,0,0,0,150,,,,
074613,0,0,0,100,,,,
074614,0,0,0,5,,,,
074615,0,0,0,-146,,,,
074616,0,0,0,-11,,,,
074619,0,0,0,34,,,,
074622,0,0,0,-14,,,,
074624,0,0,0,-61,,,,
074625,0,0,0,-50,,,,
074627,0,0,0,184,,,,
074628,0,0,0,-226,,,,
074629,0,0,0,258,,,,
074630,0,0,0,398,,,,
074631,0,0,0,14,,,,
074634,0,0,0,903,,,,
074637,0,0,0,-30,,,,
074639,0,0,0,-349,,,,
074644,0,0,0,-3,,,,
074645,0,0,0,-50,,,,
074646,0,0,0,121,,,,
074647,0,0,0,113,,,,
074649,0,0,0,1,,,,
074650,0,0,0,-10,,,,
074655,0,0,0,-100,,,,
074656,0,0,0,35,,,,
074657,0,0,0,-4,,,,
074658,0,0,0,20,,,,
074660,0,0,0,19,,,,
074669,0,0,0,-170,,,,
074670,0,0,0,-11,,,,
074671,0,0,0,86,,,,
074672,0,0,0,-43,,,,
074673,0,0,0,144,,,,
074674,0,0,0,145,,,,
074675,0,0,0,882,,,,
074676,0,0,0,-5,,,,
074678,0,0,0,156,,,,
074679,0,0,0,-284,,,,
074680,0,0,0,-268,,,,
074681,0,0,0,179,,,,
074682,0,0,0,227,,,,
074684,0,0,0,-132,,,,
074685,0,0,0,155,,,,
074687,0,0,0,-9,,,,
074689,0,0,0,-8,,,,
074690,0,0,0,109,,,,
074691,0,0,0,28,,,,
074693,0,0,0,135,,,,
074694,0,0,0,190,,,,
074695,0,0,0,-121,,,,
074697,0,0,0,-806,,,,
074698,0,0,0,98,,,,
074699,0,0,0,-433,,,,
074700,0,0,0,-68,,,,
074701,0,0,0,111,,,,
074702,0,0,0,-30,,,,
074711,0,0,0,-10,,,,
074713,0,0,0,-317,,,,
074718,0,0,0,-30,,,,
074723,0,0,0,226,,,,
074724,0,0,0,-29,,,,
074725,0,0,0,226,,,,
074727,0,0,0,0,,,,
074728,0,0,0,2,,,,
074731,0,0,0,-96,,,,
074732,0,0,0,-75,,,,
074734,0,0,0,-40,,,,
074737,0,0,0,-40,,,,
074738,0,0,0,24,,,,
074739,0,0,0,1,,,,
074742,0,0,0,20,,,,
074745,0,0,0,34,,,,
074746,0,0,0,-3,,,,
074749,0,0,0,-100,,,,
074755,0,0,0,196,,,,
074757,0,0,0,-2,,,,
074758,0,0,0,-74,,,,
074760,0,0,0,10,,,,
074763,0,0,0,-56,,,,
074766,0,0,0,-28,,,,
074769,0,0,0,-50,,,,
074772,0,0,0,22,,,,
074778,0,0,0,-250,,,,
074780,0,0,0,31,,,,
074782,0,0,0,40,,,,
074783,0,0,0,211,,,,
074786,0,0,0,254,,,,
074787,0,0,0,68,,,,
074788,0,0,0,-63,,,,
074789,0,0,0,8,,,,
074790,0,0,0,204,,,,
074791,0,0,0,30,,,,
074792,0,0,0,458,,,,
074793,0,0,0,16,,,,
074796,0,0,0,-166,,,,
074797,0,0,0,-203,,,,
074798,0,0,0,238,,,,
074801,0,0,0,179,,,,
074802,0,0,0,408,,,,
074803,0,0,0,434,,,,
074804,0,0,0,66,,,,
074805,0,0,0,10,,,,
074806,0,0,0,-2506,,,,
074808,0,0,0,-74,,,,
074811,0,0,0,-8,,,,
074812,0,0,0,-499,,,,
074813,0,0,0,-664,,,,
074814,0,0,0,-398,,,,
074815,0,0,0,177,,,,
074816,0,0,0,-215,,,,
074819,0,0,0,-20,,,,
074821,0,0,0,5,,,,
074832,0,0,0,-165,,,,
074833,0,0,0,83,,,,
074836,0,0,0,91,,,,
074842,0,0,0,-5,,,,
074845,0,0,0,-1,,,,
074847,0,0,0,-1,,,,
074849,0,0,0,-100,,,,
074855,0,0,0,127,,,,
074856,0,0,0,136,,,,
074860,0,0,0,2,,,,
074867,0,0,0,259,,,,
074875,0,0,0,-1,,,,
074876,0,0,0,36,,,,
074877,0,0,0,20,,,,
074878,0,0,0,187,,,,
074880,0,0,0,-2,,,,
074881,0,0,0,20,,,,
074882,0,0,0,10,,,,
074883,0,0,0,25,,,,
074884,0,0,0,74,,,,
074885,0,0,0,-20,,,,
074888,0,0,0,-180,,,,
074894,0,0,0,11,,,,
074898,0,0,0,11,,,,
074899,0,0,0,-68,,,,
074901,0,0,0,-117,,,,
074902,0,0,0,-30,,,,
074903,0,0,0,-10,,,,
074906,0,0,0,298,,,,
074907,0,0,0,103,,,,
074908,0,0,0,127,,,,
074909,0,0,0,172,,,,
074911,0,0,0,-51,,,,
074914,0,0,0,-10,,,,
074917,0,0,0,-41,,,,
074918,0,0,0,-69,,,,
074919,0,0,0,150,,,,
074922,0,0,0,42,,,,
074923,0,0,0,0,,,,
074924,0,0,0,10,,,,
074925,0,0,0,-79,,,,
074931,0,0,0,-1,,,,
074932,0,0,0,107,,,,
074933,0,0,0,-48,,,,
074934,0,0,0,-10,,,,
074937,0,0,0,3,,,,
074938,0,0,0,38,,,,
074942,0,0,0,-35,,,,
074943,0,0,0,-10,,,,
074944,0,0,0,99,,,,
074945,0,0,0,19,,,,
074946,0,0,0,140,,,,
074950,0,0,0,-113,,,,
074951,0,0,0,4,,,,
074952,0,0,0,101,,,,
074954,0,0,0,-3,,,,
074957,-3,0,0,78,,,,
074960,0,0,0,-21,,,,
074961,0,0,0,30,,,,
074966,0,0,0,10,,,,
074967,0,0,0,70,,,,
074968,0,0,0,106,,,,
074970,0,0,0,-176,,,,
074971,0,0,0,229,,,,
074972,0,0,0,48,,,,
074975,0,0,0,4,,,,
074976,0,0,0,-30,,,,
074980,0,0,0,205,,,,
074983,0,0,0,182,,,,
074984,0,0,0,159,,,,
074985,0,0,0,-30,,,,
074986,0,0,0,-25,,,,
074987,0,0,0,-104,,,,
074988,0,0,0,-495,,,,
074993,0,0,0,-73,,,,
074995,0,0,0,-2,,,,
074996,0,0,0,100,,,,
074997,0,0,0,-228,,,,
074998,0,0,0,53,,,,
074999,0,0,0,30,,,,
075000,0,0,0,15,,,,
075002,0,0,0,-597,,,,
075003,0,0,0,416,,,,
075007,0,0,0,-135,,,,
075008,0,0,0,-18,,,,
075010,0,0,0,286,,,,
075012,0,0,0,90,,,,
075013,0,0,0,52,,,,
075014,0,0,0,84,,,,
075016,0,0,0,-326,,,,
075020,0,0,0,56,,,,
075021,0,0,0,-80,,,,
075022,0,0,0,13,,,,
075023,0,0,0,-50,,,,
075024,0,0,0,261,,,,
075025,0,0,0,-219,,,,
075026,0,0,0,134,,,,
075028,0,0,0,-23,,,,
075029,0,0,0,-14,,,,
075030,0,0,0,-20,,,,
075031,0,0,0,17,,,,
075032,0,0,0,-33,,,,
075034,0,0,0,-116,,,,
075037,0,0,0,1,,,,
075044,0,0,0,28,,,,
075046,0,0,0,117,,,,
075050,0,0,0,-10,,,,
075053,0,0,0,20,,,,
075054,0,0,0,-218,,,,
075056,0,0,0,-328,,,,
075057,0,0,0,-39,,,,
075058,0,0,0,31,,,,
075063,0,0,0,39,,,,
075066,0,0,0,172,,,,
075067,0,0,0,-22,,,,
075068,0,0,0,-59,,,,
075069,0,0,0,-2,,,,
075071,0,0,0,-45,,,,
075073,0,0,0,-25,,,,
075077,0,0,0,30,,,,
075078,0,0,0,15,,,,
075080,0,0,0,-62,,,,
075082,0,0,0,-65,,,,
075084,0,0,0,-17,,,,
075087,0,0,0,0,,,,
075089,0,0,0,-25,,,,
075090,0,0,0,14,,,,
075092,0,0,0,207,,,,
075093,0,0,0,-1,,,,
075094,0,0,0,-63,,,,
075095,0,0,0,-1,,,,
075098,0,0,0,0,,,,
075103,0,0,0,60,,,,
075104,0,0,0,-366,,,,
075105,0,0,0,-20,,,,
075106,0,0,0,9,,,,
075107,0,0,0,-277,,,,
075110,0,0,0,-35,,,,
075120,0,0,0,-10,,,,
075121,0,0,0,-20,,,,
075124,0,0,0,-10,,,,
075125,0,0,0,47,,,,
075126,0,0,0,38,,,,
075127,0,0,0,-199,,,,
075128,0,0,0,-9,,,,
075129,0,0,0,32,,,,
075130,0,0,0,-240,,,,
075131,0,0,0,4,,,,
075132,0,0,0,-5,,,,
075133,0,0,0,-214,,,,
075135,0,0,0,721,,,,
075138,0,0,0,-263,,,,
075139,0,0,0,6,,,,
075140,0,0,0,7,,,,
075141,0,0,0,1,,,,
075146,0,0,0,502,,,,
075148,0,0,0,-19,,,,
075151,0,0,0,-80,,,,
075156,0,0,0,-7,,,,
075158,0,0,0,70,,,,
075160,0,0,0,0,,,,
075165,0,0,0,28,,,,
075166,0,0,0,-70,,,,
075167,0,0,0,155,,,,
075168,0,0,0,-560,,,,
075170,0,0,0,10,,,,
075171,0,0,0,113,,,,
075173,0,0,0,-35,,,,
075174,0,0,0,-150,,,,
075175,0,0,0,10,,,,
075176,0,0,0,-16,,,,
075178,0,0,0,11,,,,
075180,0,0,0,-10,,,,
075181,0,0,0,-822,,,,
075183,0,0,0,-29,,,,
075187,0,0,0,35,,,,
075191,0,0,0,-10,,,,
075193,0,0,0,0,,,,
075194,0,0,0,1000,,,,
075195,0,0,0,-25,,,,
075196,0,0,0,0,,,,
075198,0,0,0,-136,,,,
075202,0,0,0,-13,,,,
075203,0,0,0,18,,,,
075205,0,0,0,2,,,,
075206,0,0,0,-20,,,,
075207,0,0,0,-10,,,,
075208,0,0,0,-168,,,,
075209,0,0,0,20,,,,
075210,0,0,0,-5,,,,
075211,0,0,0,-2,,,,
075213,0,0,0,-326,,,,
075214,0,0,0,51,,,,
075218,0,0,0,10,,,,
075220,0,0,0,0,,,,
075221,0,0,0,-70,,,,
075227,0,0,0,-149,,,,
075230,0,0,0,150,,,,
075233,0,0,0,200,,,,
075238,0,0,0,30,,,,
075239,0,0,0,-23,,,,
075240,0,0,0,100,,,,
075242,0,0,0,25,,,,
075243,0,0,0,11,,,,
075245,0,0,0,25,,,,
075253,0,0,0,390,,,,
075255,0,0,0,-100,,,,
075256,0,0,0,-14,,,,
075257,0,0,0,-30,,,,
075258,0,0,0,-111,,,,
075259,0,0,0,-68,,,,
075260,0,0,0,74,,,,
075261,0,0,0,487,,,,
075263,0,0,0,180,,,,
075265,0,0,0,417,,,,
075266,0,0,0,275,,,,
075267,0,0,0,-78,,,,
075269,0,0,0,543,,,,
075270,0,0,0,581,,,,
075272,0,0,0,-44,,,,
075276,0,0,0,-293,,,,
075277,0,0,0,-205,,,,
075278,0,0,0,-82,,,,
075279,0,0,0,54,,,,
075281,0,0,0,70,,,,
075283,0,0,0,349,,,,
075285,0,0,0,-60,,,,
075287,0,0,0,661,,,,
075288,0,0,0,-10,,,,
075289,0,0,0,-704,,,,
075290,0,0,0,-86,,,,
075291,0,0,0,137,,,,
075294,0,0,0,-318,,,,
075295,0,0,0,659,,,,
075296,0,0,0,-28,,,,
075297,0,0,0,5,,,,
075298,-10,0,0,72,,,,
075301,0,0,0,-1,,,,
075302,0,0,0,-9,,,,
075304,0,0,0,2,,,,
075305,0,0,0,36,,,,
075307,0,0,0,-924,,,,
075308,0,0,0,20,,,,
075309,0,0,0,-50,,,,
075314,0,0,0,-73,,,,
075315,0,0,0,7,,,,
075318,0,0,0,38,,,,
075319,0,0,0,-54,,,,
075320,0,0,0,288,,,,
075322,0,0,0,-30,,,,
075323,0,0,0,8,,,,
075324,0,0,0,-35,,,,
075333,0,0,0,-74,,,,
075336,0,0,0,0,,,,
075337,0,0,0,6,,,,
075339,0,0,0,-35,,,,
075340,0,0,0,-300,,,,
075344,0,0,0,0,,,,
075345,0,0,0,88,,,,
075346,0,0,0,-10,,,,
075348,0,0,0,-203,,,,
075352,0,0,0,-83,,,,
075353,0,0,0,-18,,,,
075355,0,0,0,108,,,,
075356,0,0,0,-2,,,,
075363,0,0,0,-182,,,,
075364,0,0,0,-207,,,,
075366,0,0,0,10,,,,
075374,0,0,0,-5,,,,
075378,0,0,0,26,,,,
075380,0,0,0,-65,,,,
075381,0,0,0,-37,,,,
075382,0,0,0,1,,,,
075383,0,0,0,20,,,,
075385,0,0,0,-2,,,,
075386,0,0,0,5,,,,
075388,0,0,0,-30,,,,
075389,0,0,0,-3,,,,
075390,0,0,0,-188,,,,
075392,0,0,0,-260,,,,
075393,0,0,0,100,,,,
075394,0,0,0,13,,,,
075395,0,0,0,-16,,,,
075396,0,0,0,-12,,,,
075397,0,0,0,-10,,,,
075398,0,0,0,20,,,,
075405,0,0,0,-20,,,,
075406,0,0,0,-77,,,,
075413,0,0,0,307,,,,
075415,0,0,0,1,,,,
075416,0,0,0,2,,,,
075417,0,0,0,-22,,,,
075430,0,0,0,23,,,,
075432,0,0,0,99,,,,
075433,0,0,0,47,,,,
075438,0,0,0,12,,,,
075444,0,0,0,-5,,,,
075445,0,0,0,6,,,,
075446,0,0,0,-143,,,,
075447,0,0,0,8,,,,
075448,0,0,0,-10,,,,
075451,0,0,0,-76,,,,
075453,0,0,0,-26,,,,
075454,0,0,0,5,,,,
075455,0,0,0,-10,,,,
075457,0,0,0,121,,,,
075459,0,0,0,2,,,,
075461,0,0,0,-22,,,,
075465,0,0,0,160,,,,
075466,0,0,0,-53,,,,
075468,0,0,0,25,,,,
075471,0,0,0,-252,,,,
075473,0,0,0,-123,,,,
075474,0,0,0,182,,,,
075479,0,0,0,-10,,,,
075481,0,0,0,75,,,,
075482,0,0,0,-188,,,,
075483,0,0,0,-360,,,,
075484,0,0,0,40,,,,
075485,0,0,0,-67,,,,
075486,0,0,0,17,,,,
075487,0,0,0,-105,,,,
075488,0,0,0,189,,,,
075492,0,0,0,152,,,,
075493,0,0,0,136,,,,
075494,0,0,0,183,,,,
075495,0,0,0,40,,,,
075496,0,0,0,58,,,,
075497,0,0,0,-59,,,,
075498,0,0,0,331,,,,
075499,0,0,0,-300,,,,
075500,0,0,0,77,,,,
075501,0,0,0,-184,,,,
075504,0,0,0,406,,,,
075509,0,0,0,2,,,,
075510,0,0,0,10,,,,
075512,0,0,0,129,,,,
075513,0,0,0,108,,,,
075514,0,0,0,-9,,,,
075515,0,0,0,-48,,,,
075516,0,0,0,-12,,,,
075517,0,0,0,750,,,,
075518,0,0,0,-24,,,,
075519,0,0,0,8,,,,
075520,0,0,0,-317,,,,
075521,0,0,0,350,,,,
075523,0,0,0,-19,,,,
075524,0,0,0,-228,,,,
075526,0,0,0,78,,,,
075527,0,0,0,37,,,,
075528,0,0,0,-76,,,,
075530,0,0,0,470,,,,
075531,0,0,0,-37,,,,
075533,0,0,0,-323,,,,
075534,0,0,0,-167,,,,
075537,0,0,0,-451,,,,
075538,0,0,0,-227,,,,
075540,0,0,0,56,,,,
075541,0,0,0,-77,,,,
075543,0,0,0,30,,,,
075549,0,0,0,80,,,,
075550,0,0,0,12,,,,
075551,0,0,0,15,,,,
075553,0,0,0,-15,,,,
075554,0,0,0,8,,,,
075558,0,0,0,30,,,,
075559,0,0,0,85,,,,
075561,0,0,0,74,,,,
075563,0,0,0,-11,,,,
075570,0,0,0,-36,,,,
075573,0,0,0,-64,,,,
075574,0,0,0,-46,,,,
075575,0,0,0,215,,,,
075576,0,0,0,-5,,,,
075578,0,0,0,272,,,,
075579,0,0,0,10,,,,
075580,0,0,0,-67,,,,
075582,0,0,0,-100,,,,
075584,0,0,0,-137,,,,
075590,0,0,0,-59,,,,
075591,0,0,0,-21,,,,
075593,0,0,0,20,,,,
075596,0,0,0,-2,,,,
075598,0,0,0,-24,,,,
075600,0,0,0,100,,,,
075602,0,0,0,-5,,,,
075603,0,0,0,31,,,,
075605,0,0,0,-12,,,,
075608,0,0,0,-10,,,,
075610,0,0,0,31,,,,
075612,0,0,0,40,,,,
075616,0,0,0,-50,,,,
075617,0,0,0,0,,,,
075618,0,0,0,-378,,,,
075619,0,0,0,-48,,,,
075620,0,0,0,139,,,,
075621,0,0,0,60,,,,
075624,0,0,0,-24,,,,
075625,0,0,0,2,,,,
075627,0,0,0,47,,,,
075628,0,0,0,-154,,,,
075629,0,0,0,6,,,,
075630,0,0,0,-80,,,,
075631,0,0,0,-10,,,,
075632,0,0,0,-1461,,,,
075635,0,0,0,-237,,,,
075636,0,0,0,-2,,,,
075637,0,0,0,-184,,,,
075640,0,0,0,13,,,,
075648,0,0,0,-50,,,,
075649,0,0,0,278,,,,
075650,0,0,0,-28,,,,
075652,0,0,0,4,,,,
075655,0,0,0,0,,,,
075663,0,0,0,-20,,,,
075664,0,0,0,-5,,,,
075665,0,0,0,-168,,,,
075670,0,0,0,10,,,,
075672,0,0,0,-70,,,,
075673,0,0,0,66,,,,
075674,0,0,0,-2,,,,
075676,0,0,0,-1,,,,
075678,0,0,0,-12,,,,
075680,0,0,0,-81,,,,
075686,0,0,0,-118,,,,
075687,0,0,0,-178,,,,
075688,0,0,0,-380,,,,
075691,0,0,0,171,,,,
075696,0,0,0,12,,,,
075698,0,0,0,-82,,,,
075700,0,0,0,124,,,,
075702,0,0,0,-60,,,,
075704,0,0,0,-80,,,,
075705,0,0,0,-4,,,,
075706,0,0,0,-101,,,,
075709,0,0,0,-10,,,,
075710,0,0,0,22,,,,
075711,0,0,0,-2,,,,
075712,0,0,0,-15,,,,
075715,0,0,0,-20,,,,
075716,0,0,0,542,,,,
075717,0,0,0,499,,,,
075718,0,0,0,31,,,,
075719,0,0,0,-497,,,,
075722,0,0,0,6,,,,
075724,0,0,0,-27,,,,
075726,0,0,0,-7,,,,
075727,0,0,0,2,,,,
075728,0,0,0,-228,,,,
075730,0,0,0,-79,,,,
075731,0,0,0,469,,,,
075732,0,0,0,130,,,,
075734,0,0,0,79,,,,
075735,0,0,0,44,,,,
075736,0,0,0,1,,,,
075737,0,0,0,103,,,,
075738,0,0,0,39,,,,
075739,0,0,0,50,,,,
075742,0,0,0,499,,,,
075743,0,0,0,10,,,,
075745,0,0,0,10,,,,
075746,0,0,0,14,,,,
075748,0,0,0,-50,,,,
075750,0,0,0,-287,,,,
075751,0,0,0,-46,,,,
075754,0,0,0,2994,,,,
075756,0,0,0,-70,,,,
075757,0,0,0,4,,,,
075758,0,0,0,-44,,,,
075761,0,0,0,107,,,,
075763,0,0,0,78,,,,
075764,0,0,0,17,,,,
075765,0,0,0,-102,,,,
075767,0,0,0,43,,,,
075768,0,0,0,-4,,,,
075770,0,0,0,63,,,,
075771,0,0,0,-71,,,,
075772,0,0,0,34,,,,
075774,0,0,0,261,,,,
075776,0,0,0,-81,,,,
075780,0,0,0,1,,,,
075783,0,0,0,64,,,,
075785,0,0,0,-1,,,,
075786,0,0,0,116,,,,
075791,0,0,0,-172,,,,
075792,0,0,0,-610,,,,
075793,0,0,0,5,,,,
075794,0,0,0,247,,,,
075795,0,0,0,133,,,,
075796,0,0,0,-49,,,,
075797,0,0,0,-75,,,,
075798,0,0,0,61,,,,
075799,0,0,0,-5,,,,
075800,0,0,0,-95,,,,
075801,0,0,0,231,,,,
075803,0,0,0,17,,,,
075804,0,0,0,-193,,,,
075805,0,0,0,555,,,,
075806,0,0,0,0,,,,
075807,0,0,0,71,,,,
075808,0,0,0,-148,,,,
075810,0,0,0,50,,,,
075812,0,0,0,-170,,,,
075813,0,0,0,-140,,,,
075814,0,0,0,-32,,,,
075816,0,0,0,-39,,,,
075817,0,0,0,-167,,,,
075819,0,0,0,-496,,,,
075820,0,0,0,-362,,,,
075821,0,0,0,106,,,,
075822,0,0,0,53,,,,
075823,0,0,0,-105,,,,
075824,0,0,0,-178,,,,
075825,0,0,0,23,,,,
075826,0,0,0,0,,,,
075827,0,0,0,20,,,,
075828,0,0,0,1,,,,
075829,0,0,0,966,,,,
075832,0,0,0,-29,,,,
075833,0,0,0,-168,,,,
075834,0,0,0,-12,,,,
075835,0,0,0,-178,,,,
075836,0,0,0,167,,,,
075837,0,0,0,-27,,,,
075839,0,0,0,296,,,,
075840,0,0,0,116,,,,
075841,0,0,0,64,,,,
075842,0,0,0,-3,,,,
075843,0,0,0,-8,,,,
075844,0,0,0,194,,,,
075847,0,0,0,-3,,,,
075849,0,0,0,-120,,,,
075850,0,0,0,74,,,,
075855,0,0,0,10,,,,
075858,0,0,0,244,,,,
075859,0,0,0,289,,,,
075862,0,0,0,12,,,,
075866,0,0,0,82,,,,
075867,0,0,0,-253,,,,
075868,0,0,0,-33,,,,
075869,0,0,0,-399,,,,
075870,0,0,0,-14,,,,
075872,0,0,0,-84,,,,
075873,0,0,0,-256,,,,
075875,0,0,0,3,,,,
075877,0,0,0,22,,,,
075879,0,0,0,-125,,,,
075881,0,0,0,2011,,,,
075882,0,0,0,-138,,,,
075884,0,0,0,64,,,,
075889,0,0,0,648,,,,
075890,0,0,0,-55,,,,
075891,0,0,0,-60,,,,
075893,0,0,0,-3,,,,
075897,0,0,0,16,,,,
075901,0,0,0,-50,,,,
075902,0,0,0,134,,,,
075903,0,0,0,316,,,,
075905,0,0,0,-70,,,,
075909,0,0,0,-191,,,,
075910,0,0,0,-80,,,,
075911,0,0,0,-143,,,,
075915,0,0,0,-43,,,,
075918,0,0,0,-46,,,,
075919,0,0,0,-28,,,,
075920,0,0,0,-3,,,,
075921,0,0,0,-5,,,,
075923,0,0,0,-100,,,,
075924,0,0,0,1,,,,
075925,0,0,0,90,,,,
075927,0,0,0,32,,,,
075928,0,0,0,19,,,,
075932,0,0,0,24,,,,
075933,0,0,0,-290,,,,
075934,0,0,0,-2,,,,
075935,0,0,0,282,,,,
075936,0,0,0,6,,,,
075940,0,0,0,-59,,,,
075942,0,0,0,-49,,,,
075943,0,0,0,357,,,,
075944,0,0,0,-62,,,,
075945,0,0,0,-38,,,,
075946,0,0,0,12,,,,
075947,0,0,0,-14,,,,
075948,0,0,0,-69,,,,
075950,0,0,0,1,,,,
075953,0,0,0,7,,,,
075956,0,0,0,-16,,,,
075957,0,0,0,11,,,,
075958,0,0,0,-101,,,,
075959,0,0,0,20,,,,
075960,0,0,0,10,,,,
075966,0,0,0,-29,,,,
075968,0,0,0,-21,,,,
075971,0,0,0,1,,,,
075983,0,0,0,6,,,,
075984,0,0,0,479,,,,
075986,0,0,0,-139,,,,
075987,0,0,0,-18,,,,
075989,0,0,0,-13,,,,
075991,0,0,0,-206,,,,
075993,0,0,0,-39,,,,
075994,0,0,0,137,,,,
075995,0,0,0,-94,,,,
075996,0,0,0,433,,,,
075997,0,0,0,66,,,,
075999,0,0,0,64,,,,
076000,0,0,0,61,,,,
076003,0,0,0,-6,,,,
076004,0,0,0,133,,,,
076006,0,0,0,-41,,,,
076007,0,0,0,-28,,,,
076008,0,0,0,-100,,,,
076010,0,0,0,14,,,,
076011,0,0,0,57,,,,
076015,0,0,0,70,,,,
076019,0,0,0,-26,,,,
076020,0,0,0,-44,,,,
076022,0,0,0,-57,,,,
076024,0,0,0,-9,,,,
076026,0,0,0,-6,,,,
076028,0,0,0,176,,,,
076029,0,0,0,-2,,,,
076030,0,0,0,4,,,,
076031,0,0,0,6,,,,
076032,0,0,0,175,,,,
076033,0,0,0,-1,,,,
076034,0,0,0,-199,,,,
076035,0,0,0,12,,,,
076036,0,0,0,-55,,,,
076038,0,0,0,200,,,,
076041,0,0,0,5,,,,
076042,0,0,0,-47,,,,
076043,0,0,0,-194,,,,
076044,0,0,0,40,,,,
076045,0,0,0,-496,,,,
076046,0,0,0,13,,,,
076047,0,0,0,-322,,,,
076048,0,0,0,60,,,,
076049,0,0,0,-80,,,,
076050,0,0,0,-45,,,,
076051,0,0,0,-320,,,,
076052,0,0,0,326,,,,
076053,0,0,0,244,,,,
076054,0,0,0,4,,,,
076055,0,0,0,-2,,,,
076056,0,0,0,-10,,,,
076059,0,0,0,9,,,,
076060,0,0,0,0,,,,
076062,0,0,0,10,,,,
076064,0,0,0,-32,,,,
076065,0,0,0,117,,,,
076066,0,0,0,14,,,,
076067,0,0,0,-35,,,,
076072,0,0,0,-11,,,,
076076,0,0,0,-51,,,,
076078,0,0,0,-15,,,,
076080,0,0,0,3,,,,
076081,0,0,0,6,,,,
076083,0,0,0,-27,,,,
076084,0,0,0,-26,,,,
076085,0,0,0,14,,,,
076088,0,0,0,-650,,,,
076089,0,0,0,-32,,,,
076091,0,0,0,33,,,,
076094,0,0,0,-10,,,,
076096,0,0,0,-2,,,,
076098,0,0,0,-100,,,,
076101,0,0,0,22,,,,
076102,0,0,0,-28,,,,
076103,0,0,0,8,,,,
076106,0,0,0,0,,,,
076107,0,0,0,59,,,,
076108,0,0,0,-41,,,,
076109,0,0,0,-3,,,,
076112,0,0,0,-64,,,,
076113,0,0,0,4,,,,
076115,0,0,0,3,,,,
076118,0,0,0,-7,,,,
076120,0,0,0,-125,,,,
076121,0,0,0,-1,,,,
076124,0,0,0,-20,,,,
076128,0,0,0,47,,,,
076130,0,0,0,10,,,,
076134,0,0,0,9,,,,
076135,0,0,0,-6,,,,
076136,0,0,0,77,,,,
076137,0,0,0,-30,,,,
076143,0,0,0,-100,,,,
076146,0,0,0,40,,,,
076147,0,0,0,-1,,,,
076148,0,0,0,10,,,,
076151,0,0,0,12,,,,
076153,0,0,0,-176,,,,
076154,0,0,0,284,,,,
076155,0,0,0,412,,,,
076159,0,0,0,420,,,,
076161,0,0,0,191,,,,
076162,0,0,0,131,,,,
076163,0,0,0,-216,,,,
076164,0,0,0,-178,,,,
076165,0,0,0,76,,,,
076169,0,0,0,-19,,,,
076171,0,0,0,3,,,,
076173,0,0,0,51,,,,
076174,0,0,0,114,,,,
076175,0,0,0,-161,,,,
076176,0,0,0,64,,,,
076177,0,0,0,115,,,,
076178,0,0,0,144,,,,
076179,0,0,0,-10,,,,
076180,0,0,0,-10,,,,
076182,0,0,0,-47,,,,
076185,0,0,0,-143,,,,
076187,0,0,0,981,,,,
076188,0,0,0,44,,,,
076189,0,0,0,-17,,,,
076190,0,0,0,49,,,,
076191,0,0,0,-266,,,,
076192,0,0,0,-1,,,,
076195,0,0,0,-11,,,,
076196,0,0,0,4,,,,
076198,0,0,0,414,,,,
076200,0,0,0,-43,,,,
076201,0,0,0,-1,,,,
076204,0,0,0,-50,,,,
076206,0,0,0,-8,,,,
076207,0,0,0,-10,,,,
076208,0,0,0,61,,,,
076209,0,0,0,10,,,,
076210,0,0,0,-14,,,,
076212,0,0,0,17,,,,
076213,0,0,0,-188,,,,
076214,0,0,0,496,,,,
076215,0,0,0,-237,,,,
076216,0,0,0,-31,,,,
076217,0,0,0,15,,,,
076218,0,0,0,-13,,,,
076220,0,0,0,2,,,,
076221,0,0,0,-12,,,,
076222,0,0,0,1,,,,
076223,0,0,0,106,,,,
076225,0,0,0,-68,,,,
076226,0,0,0,-57,,,,
076227,0,0,0,-51,,,,
076228,0,0,0,-144,,,,
076229,0,0,0,11,,,,
076230,0,0,0,-22,,,,
076232,0,0,0,1,,,,
076233,0,0,0,18,,,,
076235,0,0,0,-193,,,,
076236,0,0,0,59,,,,
076237,0,0,0,-105,,,,
076238,0,0,0,-4,,,,
076239,0,0,0,-34,,,,
076247,0,0,0,-75,,,,
076249,0,0,0,8,,,,
076250,0,0,0,7,,,,
076253,0,0,0,-68,,,,
076255,0,0,0,5,,,,
076257,0,0,0,11,,,,
076258,0,0,0,195,,,,
076259,0,0,0,2,,,,
076260,0,0,0,-5,,,,
076262,0,0,0,15,,,,
076264,0,0,0,-283,,,,
076265,0,0,0,-7,,,,
076267,0,0,0,10,,,,
076269,0,0,0,-67,,,,
076270,0,0,0,-335,,,,
076272,0,0,0,-14,,,,
076273,0,0,0,-32,,,,
076277,0,0,0,10,,,,
076280,0,0,0,-302,,,,
076281,0,0,0,-146,,,,
076286,0,0,0,50,,,,
076292,0,0,0,73,,,,
076295,0,0,0,11,,,,
076297,0,0,0,-3,,,,
076298,0,0,0,76,,,,
07629U,0,0,0,1,,,,
076300,0,0,0,152,,,,
076301,0,0,0,10,,,,
076303,0,0,0,698,,,,
076304,0,0,0,7,,,,
076305,0,0,0,75,,,,
076306,0,0,0,171,,,,
076307,0,0,0,10,,,,
076308,0,0,0,69,,,,
076309,0,0,0,1,,,,
076310,0,0,0,-429,,,,
076311,0,0,0,-405,,,,
076317,0,0,0,1688,,,,
076318,0,0,0,11,,,,
076321,0,0,0,-67,,,,
076322,0,0,0,6,,,,
076323,0,0,0,-209,,,,
076324,0,0,0,470,,,,
076328,0,0,0,3,,,,
076332,0,0,0,-23,,,,
076333,0,0,0,-39,,,,
076334,0,0,0,-44,,,,
076335,0,0,0,-22,,,,
076336,0,0,0,-10,,,,
076339,0,0,0,50,,,,
076342,0,0,0,24,,,,
076344,0,0,0,34,,,,
076346,0,0,0,-21,,,,
076347,0,0,0,16,,,,
076348,0,0,0,-84,,,,
076351,0,0,0,252,,,,
076353,0,0,0,-27,,,,
076354,0,0,0,-15,,,,
076356,20,0,0,-797,,,,
076357,0,0,0,91,,,,
076359,0,0,0,-91,,,,
076367,0,0,0,53,,,,
076368,0,0,0,12,,,,
076370,0,0,0,101,,,,
076371,0,0,0,11,,,,
076372,0,0,0,-90,,,,
076373,0,0,0,-28,,,,
076375,0,0,0,445,,,,
076376,0,0,0,-13,,,,
076377,0,0,0,-65,,,,
076378,0,0,0,-47,,,,
076379,0,0,0,-153,,,,
076380,0,0,0,8,,,,
076381,0,0,0,33,,,,
076382,0,0,0,962,,,,
076388,0,0,0,1691,,,,
076389,0,0,0,-78,,,,
076390,0,0,0,-322,,,,
076391,0,0,0,-76,,,,
076392,0,0,0,2,,,,
076401,0,0,0,37,,,,
076402,0,0,0,10,,,,
076403,0,0,0,118,,,,
076404,0,0,0,-114,,,,
076405,0,0,0,-897,,,,
076406,0,0,0,3013,,,,
076408,0,0,0,-51,,,,
076409,0,0,0,132,,,,
07640U,0,0,0,-9,,,,
076412,0,0,0,44,,,,
076413,0,0,0,-13,,,,
076414,0,0,0,-1,,,,
076415,0,0,0,13,,,,
076416,0,0,0,-70,,,,
076417,0,0,0,-6,,,,
076419,0,0,0,250,,,,
076421,0,0,0,-337,,,,
076422,0,0,0,31,,,,
076423,0,0,0,115,,,,
076424,0,0,0,-154,,,,
076425,0,0,0,26,,,,
076426,0,0,0,2,,,,
076427,0,0,0,-61,,,,
076428,0,0,0,-10,,,,
076429,0,0,0,-57,,,,
076430,0,0,0,2,,,,
076431,0,0,0,-350,,,,
076432,0,0,0,-174,,,,
076433,0,0,0,162,,,,
076434,0,0,0,246,,,,
076435,0,0,0,5,,,,
076436,0,0,0,-77,,,,
076437,0,0,0,-67,,,,
076438,0,0,0,-498,,,,
076440,0,0,0,-136,,,,
076441,0,0,0,-241,,,,
076442,0,0,0,359,,,,
076443,0,0,0,386,,,,
076444,0,0,0,1791,,,,
076445,0,0,0,117,,,,
076446,0,0,0,-1456,,,,
076447,0,0,0,-6,,,,
076448,0,0,0,8,,,,
076449,0,0,0,14,,,,
076452,0,0,0,-1,,,,
076453,0,0,0,-1,,,,
076455,0,0,0,-127,,,,
076457,0,0,0,95,,,,
076458,0,0,0,-108,,,,
076459,0,0,0,10,,,,
076460,0,0,0,-69,,,,
076461,0,0,0,-15,,,,
076462,0,0,0,-23,,,,
076463,0,0,0,100,,,,
076465,0,0,0,-10,,,,
076469,0,0,0,-12,,,,
076473,0,0,0,-167,,,,
076475,0,0,0,6,,,,
076476,0,0,0,47,,,,
076477,0,0,0,-15,,,,
076478,0,0,0,-26,,,,
076479,0,0,0,-66,,,,
076481,0,0,0,5,,,,
076483,0,0,0,20,,,,
076484,0,0,0,-78,,,,
076485,0,0,0,-46,,,,
076487,0,0,0,10,,,,
076489,0,0,0,-109,,,,
076490,0,0,0,-27,,,,
076491,0,0,0,-14,,,,
076492,0,0,0,-158,,,,
076493,0,0,0,-163,,,,
076494,0,0,0,-115,,,,
076495,0,0,0,52,,,,
076496,0,0,0,20,,,,
076500,0,0,0,-10,,,,
076501,0,0,0,94,,,,
076506,0,0,0,-28,,,,
076508,0,0,0,-25,,,,
076511,0,0,0,-32,,,,
076512,0,0,0,70,,,,
076514,0,0,0,49,,,,
076515,0,0,0,2,,,,
076516,0,0,0,64,,,,
076517,0,0,0,10,,,,
076518,0,0,0,8,,,,
076520,0,0,0,39,,,,
076522,0,0,0,4,,,,
076525,0,0,0,7,,,,
076526,0,0,0,137,,,,
076527,0,0,0,-100,,,,
076528,0,0,0,-36,,,,
076531,0,0,0,-3,,,,
076532,0,0,0,-92,,,,
076534,0,0,0,20,,,,
076535,0,0,0,-4,,,,
076540,0,0,0,-2,,,,
076541,0,0,0,-6,,,,
076543,0,0,0,160,,,,
076544,0,0,0,-392,,,,
076545,0,0,0,-228,,,,
076549,0,0,0,-200,,,,
076555,0,0,0,11,,,,
076560,0,0,0,63,,,,
076561,0,0,0,-2,,,,
076563,0,0,0,-126,,,,
076566,0,0,0,-2,,,,
076567,0,0,0,-73,,,,
076570,0,0,0,7,,,,
076571,0,0,0,-115,,,,
076572,0,0,0,-4,,,,
076576,0,0,0,162,,,,
076579,0,0,0,407,,,,
076580,0,0,0,-1,,,,
076583,0,0,0,93,,,,
076584,0,0,0,-19,,,,
076586,0,0,0,11,,,,
076587,0,0,0,342,,,,
076591,0,0,0,-2,,,,
076592,0,0,0,-47,,,,
076593,0,0,0,-95,,,,
076594,0,0,0,-209,,,,
076595,0,0,0,198,,,,
076596,0,0,0,53,,,,
076597,0,0,0,87,,,,
076598,0,0,0,8,,,,
076599,0,0,0,-574,,,,
076600,0,0,0,41,,,,
076601,0,0,0,-350,,,,
076603,0,0,0,45,,,,
076604,0,0,0,57,,,,
076605,0,0,0,-56,,,,
076606,0,0,0,-116,,,,
076607,0,0,0,932,,,,
076609,0,0,0,-15,,,,
076610,0,0,0,10,,,,
076611,0,0,0,71,,,,
076612,0,0,0,-50,,,,
076614,0,0,0,-75,,,,
076615,0,0,0,-188,,,,
076617,0,0,0,-95,,,,
076618,0,0,0,68,,,,
076620,0,0,0,6,,,,
076623,0,0,0,-266,,,,
076624,0,0,0,-164,,,,
076625,0,0,0,-16,,,,
076628,0,0,0,449,,,,
076633,0,0,0,88,,,,
076634,0,0,0,-25,,,,
076637,0,0,0,-43,,,,
076639,0,0,0,25,,,,
076640,0,0,0,-83,,,,
076642,0,0,0,-136,,,,
076643,0,0,0,-20,,,,
076644,0,0,0,16,,,,
076645,0,0,0,-200,,,,
076646,0,0,0,21,,,,
076647,0,0,0,-11,,,,
076648,0,0,0,375,,,,
076649,0,0,0,10,,,,
076651,0,0,0,16,,,,
076652,0,0,0,102,,,,
076653,0,0,0,8,,,,
076654,0,0,0,-97,,,,
076655,0,0,0,-15,,,,
076656,0,0,0,19,,,,
076657,0,0,0,-791,,,,
076658,0,0,0,459,,,,
076660,0,0,0,-10,,,,
076661,0,0,0,-2,,,,
076662,0,0,0,83,,,,
076663,0,0,0,3,,,,
076664,0,0,0,-106,,,,
076666,0,0,0,-42,,,,
076667,0,0,0,-44,,,,
076668,0,0,0,40,,,,
076670,0,0,0,-8,,,,
076671,0,0,0,178,,,,
076675,0,0,0,-24,,,,
076676,0,0,0,-197,,,,
076677,0,0,0,4,,,,
076681,0,0,0,48,,,,
076683,0,0,0,-83,,,,
076685,0,0,0,-54,,,,
076686,0,0,0,257,,,,
076687,0,0,0,-99,,,,
076688,0,0,0,0,,,,
076690,0,0,0,-41,,,,
076692,0,0,0,-94,,,,
076694,0,0,0,-2,,,,
076696,0,0,0,1,,,,
076697,0,0,0,-115,,,,
076699,0,0,0,230,,,,
076700,0,0,0,9,,,,
076701,0,0,0,-94,,,,
076704,0,0,0,0,,,,
076705,0,0,0,8,,,,
076708,0,0,0,-50,,,,
076709,0,0,0,-1,,,,
076711,0,0,0,-49,,,,
076712,0,0,0,10,,,,
076713,0,0,0,-58,,,,
076714,0,0,0,-174,,,,
076716,0,0,0,-21,,,,
076717,0,0,0,151,,,,
076718,0,0,0,-80,,,,
076721,0,0,0,-2,,,,
076722,0,0,0,10,,,,
076723,0,0,0,-44,,,,
076725,0,0,0,23,,,,
076727,0,0,0,10,,,,
07672U,0,0,0,300,,,,
076730,0,0,0,4,,,,
076732,0,0,0,-10,,,,
076733,0,0,0,148,,,,
076735,0,0,0,-1,,,,
076736,0,0,0,-70,,,,
076738,0,0,0,-1,,,,
076740,0,0,0,63,,,,
076742,0,0,0,12,,,,
076744,0,0,0,-6,,,,
076745,0,0,0,-2,,,,
076746,0,0,0,-3,,,,
076748,0,0,0,-47,,,,
076749,0,0,0,100,,,,
076753,0,0,0,-80,,,,
076754,0,0,0,5,,,,
076755,0,0,0,31,,,,
076756,0,0,0,-326,,,,
076757,0,0,0,-544,,,,
076758,0,0,0,-37,,,,
076759,0,0,0,64,,,,
076761,0,0,0,-379,,,,
076763,0,0,0,-107,,,,
076765,0,0,0,21,,,,
076766,0,0,0,5,,,,
076767,0,0,0,182,,,,
076770,0,0,0,-33,,,,
076771,0,0,0,131,,,,
076772,0,0,0,14,,,,
076773,0,0,0,-10,,,,
076774,0,0,0,-1,,,,
076776,0,0,0,271,,,,
076778,0,0,0,-271,,,,
076779,0,0,0,-20,,,,
076780,0,0,0,-9,,,,
076781,0,0,0,66,,,,
076786,0,0,0,-2,,,,
076787,0,0,0,-10,,,,
076788,0,0,0,183,,,,
076789,0,0,0,2,,,,
076792,0,0,0,44,,,,
076796,0,0,0,-67,,,,
076800,0,0,0,59,,,,
076802,0,0,0,-56,,,,
076803,0,0,0,-17,,,,
076805,0,0,0,-47,,,,
076806,0,0,0,23,,,,
076809,0,0,0,140,,,,
076811,0,0,0,-6,,,,
076812,0,0,0,-44,,,,
076817,0,0,0,31,,,,
076819,0,0,0,-47,,,,
076820,0,0,0,-123,,,,
076821,0,0,0,44,,,,
076822,0,0,0,33,,,,
076824,0,0,0,69,,,,
076826,0,0,0,10,,,,
076827,0,0,0,-72,,,,
076829,0,0,0,4,,,,
076830,0,0,0,-4,,,,
076831,0,0,0,0,,,,
076835,0,0,0,-5,,,,
076837,0,0,0,-27,,,,
076838,0,0,0,2,,,,
076840,0,0,0,-49,,,,
076841,0,0,0,-13,,,,
076846,0,0,0,7,,,,
076848,0,0,0,-4,,,,
076853,0,0,0,33,,,,
076856,0,0,0,-2118,,,,
076858,0,0,0,108,,,,
076859,0,0,0,56,,,,
076862,0,0,0,8,,,,
076865,0,0,0,-32,,,,
076866,0,0,0,-10,,,,
076869,0,0,0,10,,,,
076870,0,0,0,0,,,,
076872,0,0,0,12,,,,
076876,0,0,0,-1,,,,
076878,0,0,0,212,,,,
076880,0,0,0,16,,,,
076881,0,0,0,96,,,,
076882,0,0,0,-81,,,,
076884,0,0,0,-13,,,,
076886,0,0,0,1,,,,
076887,0,0,0,-50,,,,
076888,0,0,0,-27,,,,
076890,0,0,0,-32,,,,
076892,0,0,0,8,,,,
076899,0,0,0,90,,,,
076901,0,0,0,114,,,,
076902,0,0,0,331,,,,
076903,0,0,0,-34,,,,
076904,0,0,0,-108,,,,
076905,0,0,0,29,,,,
076906,0,0,0,-4,,,,
076907,0,0,0,60,,,,
076908,0,0,0,-59,,,,
076910,0,0,0,-95,,,,
076911,0,0,0,-26,,,,
076912,0,0,0,-102,,,,
076913,0,0,0,228,,,,
076915,0,0,0,117,,,,
076918,0,0,0,84,,,,
076919,0,0,0,-10,,,,
076921,0,0,0,-186,,,,
076922,0,0,0,1,,,,
076923,0,0,0,-29,,,,
076927,0,0,0,-1,,,,
076928,0,0,0,16,,,,
076931,0,0,0,-19,,,,
076932,0,0,0,-81,,,,
076933,0,0,0,-13,,,,
076936,0,0,0,8,,,,
076937,0,0,0,-85,,,,
076940,0,0,0,-45,,,,
076942,0,0,0,-23,,,,
076943,0,0,0,-6,,,,
076944,0,0,0,-4,,,,
076947,0,0,0,5,,,,
076949,0,0,0,20,,,,
076950,0,0,0,-5,,,,
076953,0,0,0,3,,,,
076955,0,0,0,-8,,,,
076956,0,0,0,-132,,,,
076957,0,0,0,-55,,,,
076959,0,0,0,-24,,,,
076962,0,0,0,-6,,,,
076964,0,0,0,-50,,,,
076974,0,0,0,10,,,,
076976,0,0,0,13,,,,
076978,0,0,0,-43,,,,
076979,0,0,0,20,,,,
076980,0,0,0,-30,,,,
076981,0,0,0,-228,,,,
076982,0,0,0,15,,,,
076985,0,0,0,-65,,,,
076986,0,0,0,-254,,,,
076991,0,0,0,-279,,,,
076992,0,0,0,-33,,,,
076993,0,0,0,-70,,,,
076995,0,0,0,-63,,,,
076997,0,0,0,62,,,,
076998,0,0,0,-57,,,,
076999,0,0,0,2,,,,
077001,0,0,0,-49,,,,
077002,0,0,0,6,,,,
077003,0,0,0,516,,,,
077005,0,0,0,15,,,,
077006,0,0,0,-97,,,,
077007,0,0,0,626,,,,
077010,0,0,0,-317,,,,
077012,0,0,0,191,,,,
077013,0,0,0,-14,,,,
077014,0,0,0,0,,,,
077016,0,0,0,-144,,,,
077017,0,0,0,-142,,,,
077019,0,0,0,-49,,,,
077020,0,0,0,261,,,,
077021,0,0,0,3,,,,
077022,0,0,0,166,,,,
077023,0,0,0,321,,,,
077025,0,0,0,5,,,,
077027,0,0,0,144,,,,
077030,0,0,0,0,,,,
077031,0,0,0,-139,,,,
077032,0,0,0,-412,,,,
077035,0,0,0,-165,,,,
077037,0,0,0,-5,,,,
077038,0,0,0,-229,,,,
077039,0,0,0,18,,,,
077040,0,0,0,-122,,,,
077042,0,0,0,-108,,,,
077044,0,0,0,64,,,,
077046,0,0,0,-10,,,,
077047,0,0,0,793,,,,
077048,0,0,0,134,,,,
077049,0,0,0,0,,,,
077051,0,0,0,-60,,,,
077053,0,0,0,46,,,,
077054,0,0,0,112,,,,
077055,0,0,0,-13,,,,
077056,0,0,0,-643,,,,
077058,0,0,0,136,,,,
077059,0,0,0,-13,,,,
077062,0,0,0,-105,,,,
077064,0,0,0,40,,,,
077068,0,0,0,237,,,,
077070,0,0,0,120,,,,
077071,0,0,0,-17,,,,
077074,0,0,0,12,,,,
077075,0,0,0,12,,,,
077076,0,0,0,-60,,,,
077077,0,0,0,58,,,,
077078,0,0,0,-81,,,,
077079,0,0,0,-43,,,,
077080,0,0,0,-187,,,,
077081,0,0,0,-15,,,,
077083,0,0,0,-4,,,,
077084,0,0,0,25,,,,
077086,0,0,0,-18,,,,
077087,0,0,0,435,,,,
077090,0,0,0,-18,,,,
077093,0,0,0,-64,,,,
077095,0,0,0,-110,,,,
077096,0,0,0,-63,,,,
077097,0,0,0,-7,,,,
077103,0,0,0,-34,,,,
077104,0,0,0,-93,,,,
077105,0,0,0,-2,,,,
077108,0,0,0,10,,,,
077110,0,0,0,28,,,,
077111,0,0,0,-12,,,,
077112,0,0,0,6,,,,
077116,0,0,0,-36,,,,
077117,0,0,0,-52,,,,
077118,0,0,0,-99,,,,
077119,0,0,0,198,,,,
077120,0,0,0,0,,,,
077122,0,0,0,216,,,,
077123,0,0,0,16,,,,
077126,0,0,0,-26,,,,
077129,0,0,0,10,,,,
077130,0,0,0,-345,,,,
077131,0,0,0,64,,,,
077132,0,0,0,4,,,,
077133,0,0,0,-10,,,,
077140,0,0,0,20,,,,
077141,0,0,0,5,,,,
077142,0,0,0,-102,,,,
077144,0,0,0,-6,,,,
077148,0,0,0,0,,,,
077149,0,0,0,-16,,,,
077152,0,0,0,-105,,,,
077153,0,0,0,20,,,,
077154,0,0,0,-55,,,,
077155,0,0,0,-591,,,,
077156,0,0,0,231,,,,
077157,0,0,0,86,,,,
077162,0,0,0,-47,,,,
077163,0,0,0,0,,,,
077164,0,0,0,0,,,,
077165,0,0,0,-46,,,,
077166,0,0,0,20,,,,
077167,0,0,0,-20,,,,
077168,0,0,0,7,,,,
077172,0,0,0,5,,,,
077173,0,0,0,43,,,,
077174,0,0,0,-23,,,,
077175,0,0,0,20,,,,
077176,0,0,0,-134,,,,
077179,0,0,0,30,,,,
077180,0,0,0,5,,,,
077183,0,0,0,32,,,,
077184,0,0,0,4,,,,
077185,0,0,0,80,,,,
077186,0,0,0,-3,,,,
077189,0,0,0,-144,,,,
077190,0,0,0,0,,,,
077191,0,0,0,-21,,,,
077192,0,0,0,-8,,,,
077193,0,0,0,-90,,,,
077195,0,0,0,-15,,,,
077196,0,0,0,-8,,,,
077199,0,0,0,-40,,,,
077200,0,0,0,83,,,,
077201,0,0,0,1,,,,
077203,0,0,0,12,,,,
077209,0,0,0,-20,,,,
077210,0,0,0,-38,,,,
077211,0,0,0,8,,,,
077212,0,0,0,-150,,,,
077213,0,0,0,-46,,,,
077214,0,0,0,-29,,,,
077216,0,0,0,10,,,,
077219,0,0,0,-5,,,,
077221,0,0,0,85,,,,
077222,0,0,0,43,,,,
077223,0,0,0,-133,,,,
077226,0,0,0,0,,,,
077231,0,0,0,-299,,,,
077232,0,0,0,1,,,,
077234,0,0,0,4,,,,
077236,0,0,0,4,,,,
077239,0,0,0,67,,,,
077240,0,0,0,-2,,,,
077241,0,0,0,156,,,,
077242,0,0,0,49,,,,
077243,0,0,0,1,,,,
077246,0,0,0,52,,,,
077247,0,0,0,-96,,,,
077248,0,0,0,-52,,,,
077250,0,0,0,68,,,,
077251,0,0,0,-469,,,,
077252,0,0,0,-264,,,,
077253,0,0,0,-31,,,,
077254,0,0,0,-168,,,,
077257,0,0,0,-269,,,,
077258,0,0,0,-390,,,,
077259,0,0,0,-3,,,,
077260,0,0,0,-13,,,,
077262,0,0,0,117,,,,
077266,0,0,0,-101,,,,
077267,0,0,0,4,,,,
077268,0,0,0,124,,,,
077269,0,0,0,-233,,,,
077270,0,0,0,-9,,,,
077271,0,0,0,-449,,,,
077272,0,0,0,-612,,,,
077273,0,0,0,-1,,,,
077274,0,0,0,-106,,,,
077275,0,0,0,342,,,,
077276,0,0,0,10,,,,
077277,0,0,0,-36,,,,
077278,0,0,0,4,,,,
077279,0,0,0,194,,,,
077280,0,0,0,-173,,,,
077282,0,0,0,-65,,,,
077283,0,0,0,20,,,,
077285,0,0,0,328,,,,
077286,0,0,0,-300,,,,
077290,0,0,0,-2,,,,
077294,0,0,0,355,,,,
077295,0,0,0,-56,,,,
077296,0,0,0,-319,,,,
077297,0,0,0,-211,,,,
077298,0,0,0,-150,,,,
077301,0,0,0,2,,,,
077302,0,0,0,-2,,,,
077303,0,0,0,-10,,,,
077304,0,0,0,18,,,,
077307,0,0,0,22,,,,
077309,0,0,0,6,,,,
077310,0,0,0,405,,,,
077311,0,0,0,133,,,,
077312,0,0,0,154,,,,
077316,0,0,0,30,,,,
077317,0,0,0,37,,,,
077322,0,0,0,19,,,,
077323,0,0,0,40,,,,
077324,0,0,0,69,,,,
077325,0,0,0,-5,,,,
077326,0,0,0,-30,,,,
077328,0,0,0,-325,,,,
077329,0,0,0,-308,,,,
077331,0,0,0,-59,,,,
077334,0,0,0,-21,,,,
077337,0,0,0,-23,,,,
077338,0,0,0,71,,,,
077339,0,0,0,-21,,,,
077340,0,0,0,1,,,,
077342,0,0,0,-6,,,,
077343,0,0,0,-56,,,,
077344,0,0,0,45,,,,
077345,0,0,0,-313,,,,
077347,0,0,0,-15,,,,
077351,0,0,0,8,,,,
077353,0,0,0,-20,,,,
077354,0,0,0,43,,,,
077358,0,0,0,-97,,,,
077359,0,0,0,7,,,,
077360,0,0,0,-50,,,,
077361,0,0,0,76,,,,
077362,0,0,0,-170,,,,
077365,0,0,0,58,,,,
077366,0,0,0,730,,,,
077367,0,0,0,-812,,,,
077368,0,0,0,-150,,,,
077370,0,0,0,1,,,,
077372,0,0,0,4,,,,
077373,0,0,0,20,,,,
077374,0,0,0,-34,,,,
077375,0,0,0,25,,,,
077376,0,0,0,65,,,,
077377,0,0,0,9,,,,
077379,0,0,0,40,,,,
077380,0,0,0,-14,,,,
077381,0,0,0,40,,,,
077382,0,0,0,40,,,,
077384,0,0,0,80,,,,
077386,0,0,0,-19,,,,
077391,0,0,0,33,,,,
077392,0,0,0,8,,,,
077393,0,0,0,87,,,,
077394,0,0,0,12,,,,
077395,0,0,0,-6,,,,
077400,0,0,0,-156,,,,
077401,0,0,0,10,,,,
077404,0,0,0,-9,,,,
077407,0,0,0,120,,,,
077408,0,0,0,15,,,,
077410,0,0,0,-14,,,,
077411,0,0,0,536,,,,
077412,0,0,0,-23,,,,
077416,0,0,0,-101,,,,
077420,0,0,0,-4,,,,
077421,0,0,0,19,,,,
077423,0,0,0,1,,,,
077425,0,0,0,7,,,,
077426,0,0,0,59,,,,
077428,0,0,0,50,,,,
077429,0,0,0,136,,,,
077433,0,0,0,-8,,,,
077434,0,0,0,10,,,,
077436,0,0,0,0,,,,
077437,0,0,0,1810,,,,
077438,0,0,0,8,,,,
077440,0,0,0,-28,,,,
077441,0,0,0,593,,,,
077442,0,0,0,27,,,,
077443,0,0,0,10,,,,
077446,0,0,0,12,,,,
077449,0,0,0,57,,,,
077450,0,0,0,42,,,,
077451,0,0,0,-268,,,,
077452,0,0,0,-499,,,,
077453,0,0,0,-487,,,,
077454,0,0,0,-48,,,,
077456,0,0,0,-30,,,,
077457,0,0,0,-428,,,,
077458,0,0,0,-319,,,,
077460,0,0,0,0,,,,
077461,0,0,0,9,,,,
077462,0,0,0,11,,,,
077463,0,0,0,45,,,,
077464,0,0,0,-3,,,,
077465,0,0,0,113,,,,
077466,0,0,0,61,,,,
077467,0,0,0,100,,,,
077468,0,0,0,-172,,,,
077472,0,0,0,-58,,,,
077473,0,0,0,-158,,,,
077474,0,0,0,38,,,,
077475,0,0,0,-30,,,,
077476,0,0,0,499,,,,
077477,0,0,0,11,,,,
077478,0,0,0,53,,,,
077479,0,0,0,-45,,,,
077480,0,0,0,68,,,,
077481,0,0,0,-237,,,,
077482,0,0,0,3,,,,
077483,0,0,0,434,,,,
077484,0,0,0,1012,,,,
077486,0,0,0,-9,,,,
077487,0,0,0,-30,,,,
077488,0,0,0,0,,,,
077489,0,0,0,0,,,,
077490,0,0,0,-30,,,,
077491,0,0,0,-157,,,,
077494,0,0,0,-71,,,,
077495,0,0,0,34,,,,
077496,0,0,0,73,,,,
077499,0,0,0,-4,,,,
077500,0,0,0,0,,,,
077502,0,0,0,32,,,,
077503,0,0,0,-38,,,,
077506,0,0,0,-109,,,,
077507,0,0,0,4,,,,
077508,0,0,0,237,,,,
077509,0,0,0,7,,,,
077516,0,0,0,16,,,,
077517,0,0,0,93,,,,
077519,0,0,0,-57,,,,
077521,0,0,0,-11,,,,
077523,0,0,0,30,,,,
077524,0,0,0,-11,,,,
077526,0,0,0,-75,,,,
077531,0,0,0,-21,,,,
077532,0,0,0,2,,,,
077533,0,0,0,-10,,,,
077534,0,0,0,-56,,,,
077535,0,0,0,-77,,,,
077536,0,0,0,-2,,,,
077537,0,0,0,8,,,,
077539,0,0,0,-86,,,,
077540,0,0,0,4,,,,
077541,0,0,0,-32,,,,
077542,0,0,0,-167,,,,
077543,0,0,0,-113,,,,
077544,0,0,0,-66,,,,
077546,0,0,0,27,,,,
077547,0,0,0,-17,,,,
077548,0,0,0,40,,,,
077549,0,0,0,0,,,,
077550,0,0,0,-115,,,,
077551,0,0,0,-41,,,,
077553,0,0,0,-10,,,,
077554,0,0,0,98,,,,
077555,0,0,0,-4,,,,
077556,0,0,0,-30,,,,
077557,0,0,0,-20,,,,
077560,0,0,0,91,,,,
077562,0,0,0,33,,,,
077563,0,0,0,-168,,,,
077564,0,0,0,-112,,,,
077565,0,0,0,22,,,,
077566,0,0,0,3,,,,
077567,0,0,0,167,,,,
077568,0,0,0,2,,,,
077569,0,0,0,-100,,,,
077571,0,0,0,-10,,,,
077573,0,0,0,-120,,,,
077574,0,0,0,-5,,,,
077575,0,0,0,-68,,,,
077576,0,0,0,309,,,,
077577,0,0,0,-304,,,,
077579,0,0,0,25,,,,
077580,0,0,0,-256,,,,
077581,0,0,0,62,,,,
077582,0,0,0,-57,,,,
077583,0,0,0,10,,,,
077584,0,0,0,-78,,,,
077585,0,0,0,-34,,,,
077587,0,0,0,48,,,,
077589,0,0,0,20,,,,
077590,0,0,0,-46,,,,
077591,0,0,0,89,,,,
077592,0,0,0,90,,,,
077593,0,0,0,9,,,,
077594,0,0,0,-3,,,,
077596,0,0,0,-20,,,,
077598,0,0,0,-10,,,,
077599,0,0,0,151,,,,
077600,0,0,0,29,,,,
077601,0,0,0,-10,,,,
077602,0,0,0,-30,,,,
077603,0,0,0,-20,,,,
077604,0,0,0,-219,,,,
077605,0,0,0,-634,,,,
077606,0,0,0,-1,,,,
077607,0,0,0,-40,,,,
077608,0,0,0,-35,,,,
077610,0,0,0,-130,,,,
077611,0,0,0,0,,,,
077612,0,0,0,-12,,,,
077615,0,0,0,200,,,,
077616,0,0,0,7,,,,
077618,0,0,0,-12,,,,
077619,0,0,0,115,,,,
077620,0,0,0,4,,,,
077624,0,0,0,-10,,,,
077625,0,0,0,-26,,,,
077626,0,0,0,1,,,,
077627,0,0,0,-85,,,,
077628,0,0,0,-238,,,,
077629,0,0,0,-256,,,,
077630,0,0,0,-530,,,,
077631,0,0,0,41,,,,
077633,0,0,0,-1,,,,
077635,0,0,0,-1,,,,
077637,0,0,0,45,,,,
077641,0,0,0,194,,,,
077644,0,0,0,-1,,,,
077645,0,0,0,57,,,,
077646,0,0,0,101,,,,
077647,0,0,0,1,,,,
077648,0,0,0,101,,,,
077649,0,0,0,-61,,,,
077651,0,0,0,-7,,,,
077652,0,0,0,-393,,,,
077654,0,0,0,-13,,,,
077655,0,0,0,100,,,,
077656,0,0,0,-59,,,,
077657,0,0,0,-76,,,,
077659,0,0,0,-20,,,,
077661,0,0,0,-28,,,,
077662,0,0,0,41,,,,
077664,0,0,0,-5,,,,
077666,0,0,0,-80,,,,
077667,0,0,0,-61,,,,
077670,0,0,0,-1,,,,
077671,0,0,0,0,,,,
077672,0,0,0,11,,,,
077673,0,0,0,1,,,,
077674,0,0,0,-32,,,,
077675,0,0,0,-50,,,,
077676,0,0,0,-10,,,,
077677,0,0,0,16,,,,
077678,0,0,0,8,,,,
077680,0,0,0,315,,,,
077681,0,0,0,-33,,,,
077682,0,0,0,-30,,,,
077683,0,0,0,59,,,,
077684,0,0,0,-49,,,,
077685,0,0,0,14,,,,
077686,0,0,0,-26,,,,
077687,0,0,0,-158,,,,
077689,0,0,0,3,,,,
077690,0,0,0,10,,,,
077692,0,0,0,227,,,,
077694,0,0,0,33,,,,
077695,0,0,0,89,,,,
077696,0,0,0,54,,,,
077697,0,0,0,10,,,,
077698,0,0,0,14,,,,
077699,0,0,0,-271,,,,
077700,0,0,0,-499,,,,
077701,0,0,0,-37,,,,
077702,0,0,0,-198,,,,
077703,0,0,0,10,,,,
077704,0,0,0,-24,,,,
077705,0,0,0,415,,,,
077706,0,0,0,-50,,,,
077707,0,0,0,-229,,,,
077708,0,0,0,-213,,,,
077709,0,0,0,-248,,,,
077710,0,0,0,50,,,,
077711,0,0,0,-20,,,,
077712,0,0,0,22,,,,
077713,0,0,0,95,,,,
077715,0,0,0,-5,,,,
077716,0,0,0,-82,,,,
077717,0,0,0,176,,,,
077719,0,0,0,357,,,,
077721,0,0,0,-209,,,,
077722,0,0,0,-627,,,,
077723,0,0,0,-216,,,,
077724,0,0,0,-150,,,,
077726,0,0,0,-54,,,,
077727,0,0,0,1,,,,
077728,0,0,0,-4,,,,
077731,0,0,0,-5,,,,
077732,0,0,0,-107,,,,
077734,0,0,0,387,,,,
077736,0,0,0,168,,,,
077737,0,0,0,-5,,,,
077738,0,0,0,159,,,,
077739,0,0,0,3,,,,
077740,0,0,0,22,,,,
077741,0,0,0,39,,,,
077742,0,0,0,-10,,,,
077744,0,0,0,-41,,,,
077745,0,0,0,313,,,,
077746,0,0,0,-2,,,,
077747,0,0,0,52,,,,
077748,0,0,0,39,,,,
077749,0,0,0,175,,,,
077750,0,0,0,-27,,,,
077751,0,0,0,31,,,,
077752,0,0,0,139,,,,
077755,0,0,0,26,,,,
077756,0,0,0,-20,,,,
077758,0,0,0,28,,,,
077759,0,0,0,-558,,,,
077760,0,0,0,-10,,,,
077764,0,0,0,5,,,,
077765,0,0,0,-13,,,,
077767,0,0,0,100,,,,
077768,0,0,0,-35,,,,
077770,0,0,0,504,,,,
077771,0,0,0,32,,,,
077772,0,0,0,-4,,,,
077774,0,0,0,82,,,,
077775,0,0,0,-105,,,,
077776,0,0,0,3,,,,
077777,0,0,0,-564,,,,
077778,0,0,0,-200,,,,
077779,0,0,0,40,,,,
077780,0,0,0,-87,,,,
077782,0,0,0,-20,,,,
077783,0,0,0,20,,,,
077786,0,0,0,13,,,,
077787,0,0,0,-6,,,,
077788,0,0,0,-82,,,,
077793,0,0,0,80,,,,
077794,0,0,0,182,,,,
077796,0,0,0,32,,,,
077797,0,0,0,-15,,,,
077798,0,0,0,-206,,,,
077799,0,0,0,-21,,,,
077800,0,0,0,28,,,,
077802,0,0,0,-13,,,,
077803,0,0,0,-1,,,,
077804,0,0,0,-40,,,,
077806,0,0,0,127,,,,
077807,0,0,0,1,,,,
077808,0,0,0,-169,,,,
077812,0,0,0,273,,,,
077813,0,0,0,-100,,,,
077814,0,0,0,-419,,,,
077815,0,0,0,-2,,,,
077817,0,0,0,-581,,,,
077818,0,0,0,-200,,,,
077820,0,0,0,-70,,,,
077821,0,0,0,-27,,,,
077822,0,0,0,7,,,,
077824,0,0,0,143,,,,
077825,0,0,0,-2,,,,
077828,0,0,0,19,,,,
077829,0,0,0,40,,,,
077831,0,0,0,-80,,,,
077832,0,0,0,-149,,,,
077833,0,0,0,10,,,,
077834,0,0,0,91,,,,
077835,0,0,0,18,,,,
077836,0,0,0,-62,,,,
077837,0,0,0,-25,,,,
077838,0,0,0,-178,,,,
077839,0,0,0,27,,,,
077840,0,0,0,443,,,,
077841,0,0,0,1,,,,
077842,0,0,0,-33,,,,
077846,0,0,0,-42,,,,
077847,0,0,0,-1,,,,
077849,0,0,0,-25,,,,
077850,0,0,0,16,,,,
077853,0,0,0,0,,,,
077855,0,0,0,84,,,,
077856,0,0,0,-191,,,,
077857,-2,0,0,-557,,,,
077860,0,0,0,177,,,,
077862,0,0,0,-29,,,,
077863,0,0,0,40,,,,
077864,0,0,0,72,,,,
077865,0,0,0,-31,,,,
077867,0,0,0,-18,,,,
077868,0,0,0,-150,,,,
077869,0,0,0,51,,,,
077870,0,0,0,85,,,,
077873,0,0,0,19,,,,
077874,0,0,0,50,,,,
077875,0,0,0,-97,,,,
077877,0,0,0,-9,,,,
077878,0,0,0,-105,,,,
077882,0,0,0,141,,,,
077883,0,0,0,-28,,,,
077884,0,0,0,0,,,,
077887,0,0,0,0,,,,
077888,0,0,0,-80,,,,
077889,0,0,0,-14,,,,
077890,0,0,0,140,,,,
077891,0,0,0,88,,,,
077892,0,0,0,20,,,,
077893,0,0,0,-51,,,,
077894,0,0,0,-98,,,,
077895,0,0,0,-48,,,,
077900,0,0,0,34,,,,
077901,0,0,0,70,,,,
077902,0,0,0,65,,,,
077903,0,0,0,-39,,,,
077904,0,0,0,160,,,,
077905,0,0,0,-37,,,,
077906,0,0,0,25,,,,
077908,0,0,0,30,,,,
077909,0,0,0,0,,,,
077911,0,0,0,15,,,,
077912,0,0,0,69,,,,
077913,0,0,0,86,,,,
077914,0,0,0,44,,,,
077915,0,0,0,276,,,,
077916,0,0,0,164,,,,
077917,0,0,0,-33,,,,
077918,0,0,0,-350,,,,
077919,0,0,0,65,,,,
077920,0,0,0,251,,,,
077922,0,0,0,-3,,,,
077923,0,0,0,4,,,,
077924,0,0,0,54,,,,
077925,0,0,0,-344,,,,
077927,0,0,0,-2,,,,
077928,0,0,0,-6,,,,
077929,0,0,0,6,,,,
077930,0,0,0,184,,,,
077931,0,0,0,-23,,,,
077932,0,0,0,-2,,,,
077933,0,0,0,-164,,,,
077934,0,0,0,9,,,,
077935,0,0,0,-161,,,,
077936,0,0,0,-43,,,,
077937,0,0,0,-19,,,,
077938,0,0,0,998,,,,
077939,0,0,0,90,,,,
077940,0,0,0,33,,,,
077941,0,0,0,-76,,,,
077942,0,0,0,-29,,,,
077943,0,0,0,-13,,,,
077944,0,0,0,3,,,,
077945,0,0,0,-5,,,,
077946,0,0,0,-11,,,,
077947,0,0,0,90,,,,
077949,0,0,0,-123,,,,
077950,0,0,0,499,,,,
077951,0,0,0,-2,,,,
077952,0,0,0,29,,,,
077953,0,0,0,-223,,,,
077954,0,0,0,-10,,,,
077955,0,0,0,-140,,,,
077956,0,0,0,-298,,,,
077957,0,0,0,57,,,,
077958,0,0,0,-4,,,,
077962,0,0,0,7,,,,
077963,0,0,0,-140,,,,
077964,0,0,0,-153,,,,
077966,0,0,0,0,,,,
077967,0,0,0,95,,,,
077968,0,0,0,369,,,,
077969,0,0,0,-24,,,,
077970,0,0,0,10,,,,
077972,0,0,0,11,,,,
077973,0,0,0,31,,,,
077974,0,0,0,-21,,,,
077976,0,0,0,41,,,,
077977,0,0,0,8,,,,
077980,0,0,0,-95,,,,
077982,0,0,0,-2,,,,
077984,0,0,0,23,,,,
077985,0,0,0,8,,,,
077988,0,0,0,-60,,,,
077989,0,0,0,-280,,,,
077990,0,0,0,-154,,,,
077991,0,0,0,-89,,,,
077993,0,0,0,6,,,,
077994,0,0,0,-129,,,,
077995,0,0,0,5,,,,
077996,0,0,0,-480,,,,
077998,0,0,0,-109,,,,
077999,0,0,0,195,,,,
078001,0,0,0,-4,,,,
078003,0,0,0,-466,,,,
078008,0,0,0,-1256,,,,
078010,0,0,0,11,,,,
078012,0,0,0,-1,,,,
078013,0,0,0,0,,,,
078015,0,0,0,-25,,,,
078016,0,0,0,8,,,,
078017,0,0,0,89,,,,
078018,0,0,0,-20,,,,
078019,0,0,0,-1,,,,
078021,0,0,0,-338,,,,
078022,0,0,0,-92,,,,
078023,0,0,0,-2,,,,
078024,0,0,0,-222,,,,
078025,0,0,0,-3,,,,
078026,0,0,0,-23,,,,
078028,0,0,0,-81,,,,
078029,0,0,0,-227,,,,
078030,0,0,0,-7,,,,
078031,0,0,0,-26,,,,
078032,0,0,0,-20,,,,
078033,0,0,0,-55,,,,
078034,0,0,0,-66,,,,
078036,0,0,0,10,,,,
078037,0,0,0,22,,,,
078038,0,0,0,-117,,,,
078039,0,0,0,-10,,,,
078040,0,0,0,10,,,,
078041,0,0,0,0,,,,
078043,0,0,0,198,,,,
078044,0,0,0,140,,,,
078045,0,0,0,-19,,,,
078046,0,0,0,0,,,,
078047,-10,0,0,-3,,,,
078049,0,0,0,6,,,,
078051,0,0,0,92,,,,
078052,0,0,0,-13,,,,
078053,0,0,0,-36,,,,
078054,0,0,0,-5,,,,
078055,0,0,0,1,,,,
078056,0,0,0,-10,,,,
078059,0,0,0,105,,,,
078060,0,0,0,2,,,,
078061,0,0,0,-34,,,,
078062,0,0,0,25,,,,
078063,0,0,0,-260,,,,
078066,0,0,0,-28,,,,
078067,0,0,0,-42,,,,
078069,0,0,0,-10,,,,
078070,0,0,0,-39,,,,
078073,0,0,0,16,,,,
078075,0,0,0,-24,,,,
078076,0,0,0,52,,,,
078077,0,0,0,-19,,,,
078079,0,0,0,-23,,,,
078080,0,0,0,155,,,,
078081,0,0,0,10,,,,
078083,0,0,0,-10,,,,
078085,0,0,0,-44,,,,
078087,0,0,0,460,,,,
078088,0,0,0,10,,,,
078089,0,0,0,541,,,,
078091,0,0,0,-27,,,,
078094,0,0,0,-2,,,,
078096,0,0,0,40,,,,
078097,0,0,0,-32,,,,
078099,0,0,0,16,,,,
078101,0,0,0,-19,,,,
078105,0,0,0,2,,,,
078106,0,0,0,-10,,,,
078109,0,0,0,61,,,,
078110,0,0,0,-47,,,,
078114,0,0,0,-40,,,,
078118,0,0,0,2,,,,
078120,0,0,0,-341,,,,
078121,0,0,0,0,,,,
078123,0,0,0,24,,,,
078125,0,0,0,8,,,,
078126,0,0,0,30,,,,
078127,0,0,0,30,,,,
078128,0,0,0,-49,,,,
078129,0,0,0,-209,,,,
078131,0,0,0,-16,,,,
078132,0,0,0,16,,,,
078135,0,0,0,-109,,,,
078136,0,0,0,-39,,,,
078137,0,0,0,16,,,,
078138,0,0,0,24,,,,
078139,0,0,0,137,,,,
078140,0,0,0,139,,,,
078143,0,0,0,-36,,,,
078144,0,0,0,-87,,,,
078147,0,0,0,-453,,,,
078148,0,0,0,2,,,,
078149,0,0,0,-100,,,,
078150,0,0,0,-143,,,,
078153,0,0,0,-21,,,,
078156,0,0,0,13,,,,
078157,0,0,0,-115,,,,
078158,0,0,0,-74,,,,
078159,0,0,0,-87,,,,
078162,0,0,0,100,,,,
078163,0,0,0,-2,,,,
078164,0,0,0,2,,,,
078165,0,0,0,1,,,,
078166,0,0,0,5,,,,
078167,0,0,0,-23,,,,
078168,0,0,0,-69,,,,
078170,0,0,0,-4,,,,
078171,0,0,0,206,,,,
078172,0,0,0,4,,,,
078173,0,0,0,-43,,,,
078174,0,0,0,9,,,,
078175,0,0,0,0,,,,
078176,0,0,0,2,,,,
078177,0,0,0,-12,,,,
078178,0,0,0,-3,,,,
078180,0,0,0,50,,,,
078181,0,0,0,-1,,,,
078183,0,0,0,1,,,,
078184,0,0,0,-78,,,,
078185,0,0,0,384,,,,
078186,0,0,0,52,,,,
078187,0,0,0,-5,,,,
078188,0,0,0,-257,,,,
078189,0,0,0,-501,,,,
078190,0,0,0,-10,,,,
078191,0,0,0,79,,,,
078192,0,0,0,229,,,,
078193,0,0,0,60,,,,
078194,0,0,0,14,,,,
078195,0,0,0,-12,,,,
078196,0,0,0,318,,,,
078197,0,0,0,10,,,,
078199,0,0,0,15,,,,
078200,0,0,0,-375,,,,
078201,0,0,0,-29,,,,
078202,0,0,0,-3,,,,
078203,0,0,0,-23,,,,
078205,0,0,0,-142,,,,
078206,0,0,0,-68,,,,
078207,0,0,0,-181,,,,
078209,0,0,0,-235,,,,
078211,0,0,0,-47,,,,
078213,0,0,0,-181,,,,
078214,0,0,0,-50,,,,
078215,0,0,0,-10,,,,
078216,0,0,0,-413,,,,
078217,0,0,0,-6,,,,
078218,0,0,0,-298,,,,
078219,0,0,0,72,,,,
078220,0,0,0,-106,,,,
078221,0,0,0,-4,,,,
078222,0,0,0,-10,,,,
078223,0,0,0,-62,,,,
078225,0,0,0,197,,,,
078226,0,0,0,105,,,,
078228,0,0,0,50,,,,
078229,0,0,0,119,,,,
078231,0,0,0,-26,,,,
078232,0,0,0,-16,,,,
078233,0,0,0,102,,,,
078236,0,0,0,-125,,,,
078238,0,0,0,336,,,,
078239,0,0,0,0,,,,
078244,0,0,0,-50,,,,
078246,0,0,0,18,,,,
078249,0,0,0,2,,,,
078250,0,0,0,-32,,,,
078251,0,0,0,235,,,,
078253,0,0,0,30,,,,
078256,0,0,0,-21,,,,
078258,0,0,0,-10,,,,
078259,0,0,0,-21,,,,
078260,0,0,0,-40,,,,
078268,0,0,0,72,,,,
078269,0,0,0,5,,,,
078270,0,0,0,409,,,,
078271,0,0,0,-20,,,,
078272,0,0,0,-91,,,,
078273,0,0,0,-62,,,,
078274,0,0,0,-21,,,,
078275,0,0,0,-23,,,,
078276,0,0,0,110,,,,
078277,0,0,0,5,,,,
07827U,0,0,0,50,,,,
078280,0,0,0,21,,,,
078281,0,0,0,11,,,,
078282,0,0,0,308,,,,
078283,0,0,0,569,,,,
078285,0,0,0,-5,,,,
078286,0,0,0,371,,,,
078287,0,0,0,27,,,,
078291,0,0,0,-26,,,,
078292,0,0,0,-6,,,,
078293,0,0,0,6,,,,
078294,0,0,0,96,,,,
078295,0,0,0,17,,,,
078296,0,0,0,75,,,,
078297,0,0,0,-135,,,,
078298,0,0,0,-13,,,,
078299,0,0,0,2,,,,
078300,0,0,0,-8,,,,
078301,0,0,0,-225,,,,
078302,0,0,0,-128,,,,
078303,0,0,0,36,,,,
078304,0,0,0,410,,,,
078305,0,0,0,-86,,,,
078307,0,0,0,329,,,,
078308,0,0,0,-158,,,,
078309,0,0,0,5,,,,
078310,0,0,0,-8,,,,
078311,0,0,0,-46,,,,
078312,0,0,0,90,,,,
078313,0,0,0,-5,,,,
078314,0,0,0,-20,,,,
078315,0,0,0,-1,,,,
078320,0,0,0,0,,,,
078321,0,0,0,-41,,,,
078322,0,0,0,175,,,,
078325,0,0,0,-10,,,,
078326,0,0,0,-5,,,,
078327,0,0,0,42,,,,
078328,0,0,0,5,,,,
078329,0,0,0,-1,,,,
078330,0,0,0,-1,,,,
078331,0,0,0,26,,,,
078333,0,0,0,-30,,,,
078336,0,0,0,19,,,,
078341,0,0,0,157,,,,
078344,0,0,0,0,,,,
078345,0,0,0,200,,,,
078346,0,0,0,-25,,,,
078347,0,0,0,35,,,,
078348,0,0,0,2,,,,
078350,0,0,0,-1,,,,
078351,0,0,0,20,,,,
078352,0,0,0,-6,,,,
078356,0,0,0,-51,,,,
078360,0,0,0,-5,,,,
078361,0,0,0,-15,,,,
078365,0,0,0,-60,,,,
078368,0,0,0,-36,,,,
078371,0,0,0,-20,,,,
078372,0,0,0,95,,,,
078374,0,0,0,-20,,,,
078375,0,0,0,-20,,,,
078377,0,0,0,38,,,,
078378,0,0,0,14,,,,
078379,0,0,0,-10,,,,
078380,0,0,0,-224,,,,
078381,0,0,0,-1,,,,
078382,0,0,0,156,,,,
078383,0,0,0,-1,,,,
078384,0,0,0,-70,,,,
078389,0,0,0,-92,,,,
078390,0,0,0,-214,,,,
078391,0,0,0,10,,,,
078392,0,0,0,-25,,,,
078393,0,0,0,21,,,,
078397,0,0,0,-158,,,,
078398,0,0,0,351,,,,
078399,0,0,0,236,,,,
078401,0,0,0,251,,,,
078402,0,0,0,-830,,,,
078403,0,0,0,-162,,,,
078408,0,0,0,-7,,,,
078409,0,0,0,118,,,,
078411,0,0,0,43,,,,
078412,0,0,0,15,,,,
078415,0,0,0,-14,,,,
078416,0,0,0,-76,,,,
078417,0,0,0,8,,,,
078418,0,0,0,534,,,,
078419,0,0,0,148,,,,
07841U,0,0,0,55,,,,
078420,0,0,0,-8,,,,
078421,0,0,0,69,,,,
078422,0,0,0,-14,,,,
078423,0,0,0,-33,,,,
078424,0,0,0,15,,,,
078425,0,0,0,46,,,,
078426,0,0,0,-6,,,,
078427,0,0,0,18,,,,
078429,0,0,0,29,,,,
078430,0,0,0,-2,,,,
078432,0,0,0,7,,,,
078433,0,0,0,-18,,,,
078436,1,0,0,-1,,,,
078439,0,0,0,-1,,,,
078440,0,0,0,62,,,,
078443,0,0,0,1,,,,
078444,0,0,0,399,,,,
078445,0,0,0,43,,,,
078448,0,0,0,-634,,,,
078450,0,0,0,-187,,,,
078451,0,0,0,-370,,,,
078453,0,0,0,18,,,,
078456,0,0,0,-173,,,,
078457,0,0,0,85,,,,
078458,0,0,0,80,,,,
078461,0,0,0,-40,,,,
078462,0,0,0,80,,,,
078463,0,0,0,498,,,,
078465,0,0,0,59,,,,
078466,0,0,0,-17,,,,
078467,0,0,0,-52,,,,
078468,0,0,0,-63,,,,
078470,0,0,0,-135,,,,
078471,0,0,0,80,,,,
078472,0,0,0,95,,,,
078473,0,0,0,3,,,,
078474,0,0,0,-29,,,,
078475,0,0,0,-5,,,,
078476,0,0,0,-40,,,,
078479,0,0,0,-41,,,,
078480,0,0,0,-90,,,,
078481,0,0,0,60,,,,
078483,0,0,0,-105,,,,
078485,0,0,0,51,,,,
078486,0,0,0,-5,,,,
078487,0,0,0,-94,,,,
078488,30,0,0,111,,,,
078489,0,0,0,67,,,,
078491,0,0,0,-36,,,,
078492,0,0,0,1,,,,
078496,0,0,0,-9,,,,
078497,0,0,0,-118,,,,
078499,0,0,0,54,,,,
078500,0,0,0,-97,,,,
078501,0,0,0,-5,,,,
078502,0,0,0,-3,,,,
078506,0,0,0,97,,,,
078508,0,0,0,-39,,,,
078509,0,0,0,40,,,,
078510,0,0,0,-86,,,,
078513,0,0,0,0,,,,
078514,0,0,0,-21,,,,
078515,0,0,0,-10,,,,
078516,0,0,0,3,,,,
078517,0,0,0,-13,,,,
078518,0,0,0,-19,,,,
078521,0,0,0,-77,,,,
078522,0,0,0,528,,,,
078524,0,0,0,60,,,,
078525,0,0,0,-416,,,,
078526,0,0,0,127,,,,
078530,0,0,0,-1,,,,
078536,0,0,0,-10,,,,
078537,0,0,0,10,,,,
078538,0,0,0,-6,,,,
078539,0,0,0,153,,,,
078542,0,0,0,-5,,,,
078543,0,0,0,33,,,,
078545,0,0,0,-11,,,,
078546,0,0,0,-14,,,,
078547,0,0,0,17,,,,
078548,0,0,0,-20,,,,
078549,0,0,0,51,,,,
078550,0,0,0,-142,,,,
078551,0,0,0,0,,,,
078552,0,0,0,-20,,,,
078553,0,0,0,16,,,,
078554,0,0,0,-38,,,,
078556,0,0,0,-39,,,,
078557,0,0,0,-7,,,,
078563,0,0,0,-65,,,,
078565,0,0,0,0,,,,
078567,0,0,0,-50,,,,
078568,0,0,0,55,,,,
078570,0,0,0,11,,,,
078571,0,0,0,-25,,,,
078572,0,0,0,-778,,,,
078573,0,0,0,-5,,,,
078575,0,0,0,33,,,,
078579,0,0,0,59,,,,
078582,0,0,0,-50,,,,
078583,0,0,0,-234,,,,
078585,0,0,0,-10,,,,
078586,0,0,0,0,,,,
078587,0,0,0,109,,,,
078588,0,0,0,0,,,,
078589,0,0,0,-25,,,,
078590,0,0,0,494,,,,
078591,0,0,0,1,,,,
078592,0,0,0,10,,,,
078593,0,0,0,62,,,,
078594,0,0,0,2,,,,
078596,0,0,0,-3,,,,
078597,0,0,0,-10,,,,
078599,0,0,0,-30,,,,
078600,0,0,0,-143,,,,
078601,0,0,0,-82,,,,
078602,0,0,0,33,,,,
078603,0,0,0,-80,,,,
078604,0,0,0,109,,,,
078606,0,0,0,-46,,,,
078607,0,0,0,-136,,,,
078608,0,0,0,-20,,,,
078609,0,0,0,-139,,,,
078610,0,0,0,-93,,,,
078611,0,0,0,-485,,,,
078612,0,0,0,181,,,,
078614,0,0,0,253,,,,
078615,0,0,0,232,,,,
078616,0,0,0,67,,,,
078617,0,0,0,-6,,,,
078618,0,0,0,32,,,,
078619,0,0,0,-1,,,,
078620,0,0,0,-406,,,,
078621,0,0,0,-22,,,,
078624,0,0,0,-90,,,,
078625,0,0,0,-77,,,,
078626,0,0,0,3,,,,
078627,0,0,0,-93,,,,
078628,0,0,0,89,,,,
078629,0,0,0,43,,,,
078631,0,0,0,53,,,,
078632,0,0,0,-90,,,,
078633,0,0,0,-331,,,,
078634,0,0,0,-123,,,,
078635,0,0,0,328,,,,
078636,0,0,0,8,,,,
078640,0,0,0,2,,,,
078641,0,0,0,-208,,,,
078642,0,0,0,-497,,,,
078643,0,0,0,16,,,,
078646,0,0,0,-125,,,,
078647,0,0,0,-105,,,,
078648,0,0,0,-32,,,,
078649,0,0,0,-111,,,,
078651,0,0,0,-9,,,,
078652,0,0,0,-9,,,,
078656,0,0,0,3,,,,
078658,0,0,0,86,,,,
078659,0,0,0,334,,,,
078665,0,0,0,49,,,,
078666,0,0,0,41,,,,
078667,0,0,0,-53,,,,
078669,0,0,0,-40,,,,
078670,0,0,0,-24,,,,
078671,0,0,0,-64,,,,
078672,0,0,0,-73,,,,
078674,0,0,0,83,,,,
078675,0,0,0,-28,,,,
078677,0,0,0,103,,,,
078678,0,0,0,-14,,,,
078680,0,0,0,-71,,,,
078681,0,0,0,2,,,,
078682,0,0,0,-47,,,,
078683,0,0,0,-91,,,,
078684,0,0,0,60,,,,
078686,0,0,0,-68,,,,
078687,0,0,0,94,,,,
078688,0,0,0,158,,,,
078690,0,0,0,63,,,,
078691,0,0,0,-77,,,,
078692,0,0,0,-4,,,,
078693,0,0,0,-58,,,,
078694,0,0,0,-28,,,,
078695,0,0,0,-5,,,,
078696,0,0,0,58,,,,
078698,0,0,0,-84,,,,
078699,0,0,0,-15,,,,
078700,0,0,0,-33,,,,
078701,0,0,0,12,,,,
078702,0,0,0,249,,,,
078703,0,0,0,-279,,,,
078705,0,0,0,-68,,,,
078707,0,0,0,-78,,,,
078710,0,0,0,197,,,,
078713,0,0,0,-23,,,,
078716,0,0,0,-5,,,,
078717,8,0,0,95,,,,
078718,0,0,0,-72,,,,
078720,0,0,0,-8,,,,
078721,0,0,0,-1,,,,
078722,0,0,0,-83,,,,
078723,0,0,0,-10,,,,
078725,0,0,0,-28,,,,
078726,0,0,0,-80,,,,
078727,0,0,0,117,,,,
078728,0,0,0,-102,,,,
078729,0,0,0,-15,,,,
078730,0,0,0,-46,,,,
078735,0,0,0,-1,,,,
078739,0,0,0,-30,,,,
078741,0,0,0,30,,,,
078743,0,0,0,-9,,,,
078744,0,0,0,25,,,,
078745,0,0,0,-28,,,,
078746,0,0,0,15,,,,
078748,0,0,0,30,,,,
078749,0,0,0,23,,,,
078750,0,0,0,29,,,,
078751,0,0,0,-61,,,,
078753,0,0,0,37,,,,
078757,0,0,0,305,,,,
078758,0,0,0,-104,,,,
078760,0,0,0,-21,,,,
078763,0,0,0,-122,,,,
078764,0,0,0,-85,,,,
078766,0,0,0,0,,,,
078767,0,0,0,10,,,,
078768,0,0,0,18,,,,
078771,0,0,0,-89,,,,
078772,0,0,0,-29,,,,
078773,0,0,0,4,,,,
078774,0,0,0,-20,,,,
078775,0,0,0,10,,,,
078777,0,0,0,-4,,,,
078780,0,0,0,-18,,,,
078782,0,0,0,92,,,,
078785,0,0,0,79,,,,
078786,0,0,0,-79,,,,
078787,0,0,0,-10,,,,
078788,0,0,0,3,,,,
078790,0,0,0,-12,,,,
078791,0,0,0,5,,,,
078794,0,0,0,-276,,,,
078795,0,0,0,-100,,,,
078796,0,0,0,-35,,,,
078805,0,0,0,-35,,,,
078807,0,0,0,-146,,,,
078809,0,0,0,-46,,,,
078810,0,0,0,-20,,,,
078813,0,0,0,5,,,,
078816,0,0,0,-17,,,,
078817,0,0,0,4,,,,
078820,0,0,0,30,,,,
078821,0,0,0,-35,,,,
078822,0,0,0,164,,,,
078823,0,0,0,929,,,,
078824,0,0,0,80,,,,
078825,0,0,0,-10,,,,
078829,0,0,0,10,,,,
078830,0,0,0,-5,,,,
078831,0,0,0,-21,,,,
078832,0,0,0,-7,,,,
078834,0,0,0,29,,,,
078836,0,0,0,-20,,,,
078837,0,0,0,121,,,,
078838,0,0,0,-5,,,,
078840,0,0,0,-100,,,,
078841,0,0,0,-12,,,,
078842,0,0,0,-18,,,,
078843,0,0,0,-132,,,,
078844,0,0,0,-5,,,,
078847,0,0,0,-172,,,,
078848,0,0,0,-2,,,,
078850,0,0,0,-11,,,,
078851,0,0,0,21,,,,
078853,0,0,0,60,,,,
078854,0,0,0,54,,,,
078855,0,0,0,-6,,,,
078856,0,0,0,13,,,,
078857,0,0,0,107,,,,
078858,0,0,0,20,,,,
078860,0,0,0,-21,,,,
078861,0,0,0,-28,,,,
078863,0,0,0,3,,,,
078865,0,0,0,0,,,,
078867,0,0,0,-1,,,,
078868,0,0,0,20,,,,
078869,0,0,0,-3,,,,
078870,0,0,0,-51,,,,
078871,0,0,0,14,,,,
078872,0,0,0,-24,,,,
078873,0,0,0,-57,,,,
078874,0,0,0,-9,,,,
078875,0,0,0,-71,,,,
078876,0,0,0,-104,,,,
078877,0,0,0,-19,,,,
078878,0,0,0,-20,,,,
078882,0,0,0,-43,,,,
078886,0,0,0,-129,,,,
078887,0,0,0,188,,,,
078888,0,0,0,251,,,,
078889,0,0,0,178,,,,
078890,0,0,0,42,,,,
078891,0,0,0,-15,,,,
078892,0,0,0,5,,,,
078895,0,0,0,-39,,,,
078897,0,0,0,894,,,,
078898,0,0,0,5,,,,
078900,0,0,0,-120,,,,
078902,0,0,0,-57,,,,
078907,0,0,0,-440,,,,
078908,0,0,0,-423,,,,
078909,0,0,0,-63,,,,
078910,0,0,0,15,,,,
078914,0,0,0,-8,,,,
078915,0,0,0,-10,,,,
078916,0,0,0,-7,,,,
078919,0,0,0,12,,,,
078920,0,0,0,-220,,,,
078923,0,0,0,10,,,,
078925,0,0,0,0,,,,
078926,0,0,0,21,,,,
078929,0,0,0,-11,,,,
078932,0,0,0,-5,,,,
078934,0,0,0,-51,,,,
078935,0,0,0,67,,,,
078936,0,0,0,8,,,,
078937,0,0,0,30,,,,
078939,0,0,0,-13,,,,
078940,0,0,0,-62,,,,
078941,0,0,0,-24,,,,
078942,0,0,0,4,,,,
078943,0,0,0,-90,,,,
078944,0,0,0,206,,,,
078947,0,0,0,-119,,,,
078952,0,0,0,-10,,,,
078954,0,0,0,4,,,,
078955,0,0,0,-53,,,,
078956,0,0,0,-90,,,,
078959,0,0,0,-28,,,,
078961,0,0,0,-55,,,,
078962,0,0,0,-20,,,,
078966,0,0,0,-10,,,,
078968,0,0,0,-71,,,,
078969,0,0,0,25,,,,
078972,0,0,0,-51,,,,
078973,0,0,0,4,,,,
078974,0,0,0,20,,,,
078975,0,0,0,47,,,,
078976,0,0,0,-13,,,,
078977,0,0,0,-132,,,,
078978,0,0,0,-53,,,,
078979,0,0,0,21,,,,
078980,0,0,0,-70,,,,
078981,0,0,0,-22,,,,
078982,0,0,0,0,,,,
078983,0,0,0,0,,,,
078986,0,0,0,5,,,,
078987,0,0,0,-35,,,,
078988,0,0,0,-1353,,,,
078989,0,0,0,1137,,,,
078991,0,0,0,-2,,,,
078992,0,0,0,-45,,,,
078993,0,0,0,-5,,,,
078995,0,0,0,50,,,,
078998,0,0,0,0,,,,
079000,0,0,0,-175,,,,
079001,0,0,0,-31,,,,
079002,0,0,0,-69,,,,
079003,0,0,0,48,,,,
079004,0,0,0,-10,,,,
079005,0,0,0,-30,,,,
079007,0,0,0,45,,,,
079010,0,0,0,13,,,,
079011,0,0,0,17,,,,
079012,0,0,0,-23,,,,
079013,0,0,0,96,,,,
079014,0,0,0,50,,,,
079016,0,0,0,-21,,,,
079017,0,0,0,43,,,,
079021,0,0,0,190,,,,
079023,0,0,0,125,,,,
079024,0,0,0,-30,,,,
079026,0,0,0,294,,,,
079027,0,0,0,-5,,,,
079028,0,0,0,-20,,,,
079029,0,0,0,277,,,,
079030,0,0,0,-238,,,,
079032,0,0,0,-8,,,,
079033,0,0,0,-516,,,,
079035,0,0,0,-45,,,,
079036,0,0,0,-196,,,,
079038,0,0,0,1,,,,
079040,0,0,0,-1,,,,
079043,0,0,0,-63,,,,
079044,0,0,0,-26,,,,
079045,0,0,0,71,,,,
079047,0,0,0,9,,,,
079048,0,0,0,-51,,,,
079049,0,0,0,-46,,,,
079050,0,0,0,-27,,,,
079051,0,0,0,5,,,,
079052,0,0,0,61,,,,
079053,0,0,0,-13,,,,
079054,0,0,0,190,,,,
079055,0,0,0,-100,,,,
079057,0,0,0,-228,,,,
079058,0,0,0,-10,,,,
079060,0,0,0,-44,,,,
079062,0,0,0,1,,,,
079068,0,0,0,121,,,,
079069,0,0,0,51,,,,
079071,0,0,0,9,,,,
079072,0,0,0,-13,,,,
079073,0,0,0,-207,,,,
079075,0,0,0,-273,,,,
079077,0,0,0,-112,,,,
079080,0,0,0,-48,,,,
079082,0,0,0,10,,,,
079084,0,0,0,-4,,,,
079086,0,0,0,-18,,,,
079087,0,0,0,-21,,,,
079089,0,0,0,-27,,,,
079093,0,0,0,-40,,,,
079095,0,0,0,-10,,,,
079098,0,0,0,0,,,,
079100,0,0,0,-42,,,,
079102,0,0,0,12,,,,
079103,0,0,0,64,,,,
079104,0,0,0,754,,,,
079106,0,0,0,225,,,,
079107,0,0,0,22,,,,
079109,0,0,0,-14,,,,
079115,0,0,0,-21,,,,
079116,0,0,0,-103,,,,
079117,0,0,0,91,,,,
079118,0,0,0,-1,,,,
079119,0,0,0,-40,,,,
079120,0,0,0,-1063,,,,
079121,0,0,0,5,,,,
079122,0,0,0,-29,,,,
079123,0,0,0,125,,,,
079124,0,0,0,214,,,,
079125,0,0,0,-16,,,,
079127,0,0,0,99,,,,
079128,0,0,0,-63,,,,
079129,0,0,0,-38,,,,
079130,0,0,0,-20,,,,
079131,0,0,0,-76,,,,
079132,0,0,0,2,,,,
079137,0,0,0,96,,,,
079139,0,0,0,-295,,,,
079140,0,0,0,48,,,,
079141,0,0,0,-21,,,,
079146,0,0,0,-41,,,,
079147,0,0,0,-32,,,,
079148,0,0,0,146,,,,
079149,0,0,0,80,,,,
079152,0,0,0,58,,,,
079153,0,0,0,-5,,,,
079154,0,0,0,-55,,,,
079157,0,0,0,-7,,,,
079158,0,0,0,-102,,,,
079159,0,0,0,-862,,,,
079160,0,0,0,8,,,,
079161,0,0,0,-64,,,,
079163,0,0,0,-249,,,,
079164,0,0,0,36,,,,
079167,0,0,0,67,,,,
079169,0,0,0,4,,,,
079170,0,0,0,-10,,,,
079176,0,0,0,-45,,,,
079177,0,0,0,-6,,,,
079179,0,0,0,20,,,,
079180,0,0,0,-107,,,,
079181,0,0,0,-40,,,,
079183,0,0,0,12,,,,
079185,0,0,0,-3,,,,
079186,0,0,0,-317,,,,
079187,0,0,0,49,,,,
079188,0,0,0,988,,,,
079189,0,0,0,46,,,,
079190,0,0,0,4,,,,
079191,0,0,0,-507,,,,
079192,0,0,0,-181,,,,
079194,0,0,0,32,,,,
079195,0,0,0,-91,,,,
079196,0,0,0,482,,,,
079197,0,0,0,-879,,,,
079198,0,0,0,-1,,,,
079199,0,0,0,-455,,,,
079200,0,0,0,-18,,,,
079201,0,0,0,6,,,,
079203,0,0,0,-453,,,,
079204,0,0,0,-152,,,,
079205,0,0,0,678,,,,
079206,0,0,0,10,,,,
079207,0,0,0,-217,,,,
079208,0,0,0,-2,,,,
079210,0,0,0,-100,,,,
079211,0,0,0,-272,,,,
079212,0,0,0,1,,,,
079213,0,0,0,-151,,,,
079214,0,0,0,-256,,,,
079215,0,0,0,-203,,,,
079216,0,0,0,200,,,,
079218,0,0,0,20,,,,
079219,0,0,0,-419,,,,
079220,0,0,0,208,,,,
079221,0,0,0,-84,,,,
079222,0,0,0,-315,,,,
079223,0,0,0,-190,,,,
079224,0,0,0,-202,,,,
079225,0,0,0,39,,,,
079226,0,0,0,-77,,,,
079228,0,0,0,-35,,,,
079229,0,0,0,-235,,,,
079230,0,0,0,499,,,,
079232,0,0,0,-164,,,,
079233,0,0,0,3,,,,
079234,0,0,0,-10,,,,
079235,0,0,0,102,,,,
079236,0,0,0,38,,,,
079237,0,0,0,-38,,,,
079238,0,0,0,66,,,,
079239,0,0,0,35,,,,
079241,0,0,0,-38,,,,
079242,0,0,0,-58,,,,
079244,0,0,0,-101,,,,
079246,0,0,0,-34,,,,
079249,0,0,0,34,,,,
079250,0,0,0,-92,,,,
079251,0,0,0,-5,,,,
079252,0,0,0,-152,,,,
079253,0,0,0,804,,,,
079256,0,0,0,-27,,,,
079257,0,0,0,-31,,,,
079258,0,0,0,66,,,,
079260,0,0,0,-95,,,,
079262,0,0,0,10,,,,
079263,0,0,0,10,,,,
079264,0,0,0,32,,,,
079265,0,0,0,59,,,,
079266,0,0,0,-43,,,,
079268,0,0,0,2,,,,
079269,0,0,0,-21,,,,
079270,0,0,0,78,,,,
079271,0,0,0,7,,,,
079275,0,0,0,-20,,,,
079278,0,0,0,-16,,,,
079279,0,0,0,-2,,,,
079281,0,0,0,-36,,,,
079283,0,0,0,48,,,,
079285,0,0,0,-2,,,,
079288,0,0,0,-161,,,,
079290,0,0,0,-29,,,,
079296,0,0,0,-97,,,,
079297,0,0,0,152,,,,
079298,0,0,0,40,,,,
079299,0,0,0,11,,,,
079300,0,0,0,-39,,,,
079301,0,0,0,30,,,,
079302,0,0,0,50,,,,
079304,0,0,0,-8,,,,
079307,0,0,0,18,,,,
079309,0,0,0,-19,,,,
079312,0,0,0,-21,,,,
079313,0,0,0,-3,,,,
079314,0,0,0,364,,,,
079319,0,0,0,277,,,,
079320,0,0,0,6,,,,
079323,0,0,0,152,,,,
079324,0,0,0,-99,,,,
079325,0,0,0,-15,,,,
079326,0,0,0,-180,,,,
079327,0,0,0,-378,,,,
079328,0,0,0,-251,,,,
079329,0,0,0,-379,,,,
079330,0,0,0,98,,,,
079333,0,0,0,240,,,,
079335,0,0,0,-7,,,,
079336,0,0,0,31,,,,
079337,0,0,0,109,,,,
079338,0,0,0,137,,,,
079339,0,0,0,-66,,,,
079340,0,0,0,8,,,,
079341,0,0,0,101,,,,
079342,0,0,0,115,,,,
079343,0,0,0,-34,,,,
079344,0,0,0,-201,,,,
079345,0,0,0,20,,,,
079347,0,0,0,-15,,,,
079349,0,0,0,-28,,,,
079350,0,0,0,-26,,,,
079351,0,0,0,-17,,,,
079352,0,0,0,-30,,,,
079354,0,0,0,-72,,,,
079355,0,0,0,-20,,,,
079358,0,0,0,-6,,,,
079359,0,0,0,-75,,,,
079360,0,0,0,-29,,,,
079361,0,0,0,20,,,,
079364,0,0,0,120,,,,
079367,0,0,0,-8,,,,
079368,0,0,0,-14,,,,
079374,0,0,0,-10,,,,
079375,0,0,0,-1,,,,
079377,0,0,0,150,,,,
079378,0,0,0,-49,,,,
079379,0,0,0,50,,,,
079380,0,0,0,-128,,,,
079381,0,0,0,-11,,,,
079383,0,0,0,-95,,,,
079384,0,0,0,-113,,,,
079385,0,0,0,-119,,,,
079386,0,0,0,-334,,,,
079387,0,0,0,-295,,,,
079388,0,0,0,-234,,,,
079390,0,0,0,12,,,,
079391,0,0,0,-1,,,,
079393,0,0,0,80,,,,
079395,0,0,0,-5,,,,
079397,0,0,0,-28,,,,
079399,0,0,0,-30,,,,
079401,0,0,0,-34,,,,
079402,0,0,0,-33,,,,
079403,0,0,0,-20,,,,
079404,0,0,0,3,,,,
079406,0,0,0,-71,,,,
079408,0,0,0,-10,,,,
079409,0,0,0,12,,,,
079412,0,0,0,5,,,,
079413,0,0,0,31,,,,
079414,0,0,0,100,,,,
079416,0,0,0,-149,,,,
079417,0,0,0,-8,,,,
079418,0,0,0,-150,,,,
079421,0,0,0,-159,,,,
079423,0,0,0,-205,,,,
079425,0,0,0,-166,,,,
079427,0,0,0,24,,,,
079428,0,0,0,-7,,,,
079429,0,0,0,4,,,,
079430,0,0,0,-25,,,,
079432,0,0,0,5,,,,
079433,0,0,0,8,,,,
079435,0,0,0,30,,,,
079436,0,0,0,-4,,,,
079437,0,0,0,173,,,,
079438,0,0,0,78,,,,
079439,0,0,0,-105,,,,
079440,0,0,0,-48,,,,
079444,0,0,0,-87,,,,
079447,0,0,0,-581,,,,
079448,0,0,0,28,,,,
079449,0,0,0,-86,,,,
079452,0,0,0,-16,,,,
079453,0,0,0,-10,,,,
079458,0,0,0,-517,,,,
079460,0,0,0,-12,,,,
079461,0,0,0,-100,,,,
079465,0,0,0,-84,,,,
079467,0,0,0,20,,,,
079469,0,0,0,-71,,,,
079471,0,0,0,54,,,,
079474,0,0,0,-18,,,,
079475,0,0,0,-11,,,,
079476,0,0,0,-98,,,,
079477,0,0,0,2,,,,
079479,0,0,0,63,,,,
079480,0,0,0,37,,,,
079482,0,0,0,-45,,,,
079484,0,0,0,-23,,,,
079485,0,0,0,-10,,,,
079486,0,0,0,-289,,,,
079490,0,0,0,-20,,,,
079491,0,0,0,-43,,,,
079492,0,0,0,-399,,,,
079495,0,0,0,120,,,,
079496,0,0,0,-31,,,,
079498,0,0,0,-65,,,,
079499,0,0,0,-1118,,,,
079500,0,0,0,-115,,,,
079501,0,0,0,148,,,,
079502,0,0,0,222,,,,
079505,0,0,0,21,,,,
079506,0,0,0,0,,,,
079507,0,0,0,-1425,,,,
079508,0,0,0,-1,,,,
079509,0,0,0,196,,,,
079510,0,0,0,-37,,,,
079511,0,0,0,23,,,,
079516,0,0,0,127,,,,
079517,0,0,0,50,,,,
079520,0,0,0,20,,,,
079521,0,0,0,-85,,,,
079522,0,0,0,211,,,,
079523,0,0,0,25,,,,
079526,0,0,0,30,,,,
079528,0,0,0,109,,,,
079529,0,0,0,-42,,,,
079530,0,0,0,-10,,,,
079531,0,0,0,-10,,,,
079532,0,0,0,-207,,,,
079534,0,0,0,-5,,,,
079535,0,0,0,-38,,,,
079536,0,0,0,1,,,,
079537,0,0,0,74,,,,
079538,0,0,0,-103,,,,
079539,0,0,0,2,,,,
079540,0,0,0,-23,,,,
079541,0,0,0,-23,,,,
079544,0,0,0,-58,,,,
079546,0,0,0,-278,,,,
079547,0,0,0,-20,,,,
079548,0,0,0,-16,,,,
079549,0,0,0,-8,,,,
079551,0,0,0,-16,,,,
079552,0,0,0,-63,,,,
079553,0,0,0,143,,,,
079554,0,0,0,50,,,,
079555,0,0,0,79,,,,
079556,0,0,0,-6,,,,
079558,0,0,0,6,,,,
079559,0,0,0,200,,,,
079560,0,0,0,-20,,,,
079561,0,0,0,-44,,,,
079562,0,0,0,-473,,,,
079563,0,0,0,367,,,,
079564,0,0,0,83,,,,
079565,0,0,0,63,,,,
079566,0,0,0,19,,,,
079569,0,0,0,-294,,,,
079570,0,0,0,-110,,,,
079572,0,0,0,-52,,,,
079573,0,0,0,-298,,,,
079574,0,0,0,277,,,,
079575,0,0,0,94,,,,
079577,0,0,0,315,,,,
079578,0,0,0,96,,,,
079579,0,0,0,12,,,,
079580,0,0,0,-235,,,,
079581,0,0,0,-153,,,,
079582,0,0,0,-34,,,,
079583,0,0,0,499,,,,
079584,0,0,0,-39,,,,
079585,0,0,0,-529,,,,
079586,0,0,0,-236,,,,
079587,0,0,0,-163,,,,
079589,0,0,0,-379,,,,
079590,0,0,0,-4,,,,
079591,0,0,0,239,,,,
079592,0,0,0,136,,,,
079593,0,0,0,3,,,,
079594,0,0,0,-712,,,,
079595,0,0,0,-77,,,,
079596,0,0,0,100,,,,
079597,0,0,0,-235,,,,
079598,0,0,0,-503,,,,
079599,0,0,0,52,,,,
079600,0,0,0,327,,,,
079601,0,0,0,-256,,,,
079602,0,0,0,-14,,,,
079603,0,0,0,121,,,,
079604,0,0,0,28,,,,
079605,0,0,0,-22,,,,
079606,0,0,0,-487,,,,
079607,0,0,0,-154,,,,
079608,0,0,0,-74,,,,
079609,0,0,0,-299,,,,
079610,0,0,0,-69,,,,
079612,0,0,0,-303,,,,
079613,0,0,0,5,,,,
079620,0,0,0,-10,,,,
079622,0,0,0,71,,,,
079623,0,0,0,248,,,,
079624,0,0,0,127,,,,
079625,0,0,0,4,,,,
079626,0,0,0,-7,,,,
079628,0,0,0,-56,,,,
079631,0,0,0,-3,,,,
079634,0,0,0,-8,,,,
079635,0,0,0,112,,,,
079636,0,0,0,2,,,,
079637,0,0,0,30,,,,
079639,0,0,0,-15,,,,
079641,0,0,0,3,,,,
079642,0,0,0,-21,,,,
079643,0,0,0,24,,,,
079644,0,0,0,-95,,,,
079647,0,0,0,107,,,,
079648,0,0,0,130,,,,
079649,0,0,0,-8,,,,
079650,0,0,0,-198,,,,
079652,0,0,0,169,,,,
079655,0,0,0,1,,,,
079656,0,0,0,-55,,,,
079658,0,0,0,0,,,,
079659,0,0,0,-6,,,,
079661,0,0,0,-5,,,,
079662,0,0,0,-6,,,,
079667,0,0,0,8,,,,
079668,0,0,0,0,,,,
079669,0,0,0,0,,,,
079670,0,0,0,-110,,,,
079671,0,0,0,60,,,,
079672,0,0,0,-2,,,,
079673,0,0,0,30,,,,
079674,0,0,0,-50,,,,
079675,0,0,0,144,,,,
079676,0,0,0,-7,,,,
079680,0,0,0,-136,,,,
079683,0,0,0,-751,,,,
079684,0,0,0,-1,,,,
079685,0,0,0,609,,,,
079686,0,0,0,-255,,,,
079687,0,0,0,45,,,,
079688,0,0,0,52,,,,
079691,0,0,0,-37,,,,
079692,0,0,0,31,,,,
079694,0,0,0,268,,,,
079696,0,0,0,19,,,,
079698,0,0,0,8,,,,
079700,0,0,0,22,,,,
079702,0,0,0,-57,,,,
079703,0,0,0,30,,,,
079704,0,0,0,88,,,,
079707,0,0,0,-2,,,,
079708,0,0,0,-14,,,,
079709,0,0,0,-511,,,,
079712,0,0,0,4,,,,
079713,0,0,0,-53,,,,
079714,0,0,0,-1,,,,
079715,0,0,0,-442,,,,
079716,0,0,0,35,,,,
079718,0,0,0,-233,,,,
079719,0,0,0,-232,,,,
079720,0,0,0,-499,,,,
079721,0,0,0,180,,,,
079722,0,0,0,-217,,,,
079723,0,0,0,352,,,,
079724,0,0,0,667,,,,
079725,0,0,0,136,,,,
079726,0,0,0,-119,,,,
079727,0,0,0,22,,,,
079728,0,0,0,578,,,,
079729,0,0,0,170,,,,
079730,0,0,0,418,,,,
079731,0,0,0,22,,,,
079733,0,0,0,-8,,,,
079734,0,0,0,-10,,,,
079735,0,0,0,-194,,,,
079737,0,0,0,494,,,,
079738,0,0,0,319,,,,
079739,0,0,0,-1286,,,,
079740,0,0,0,-626,,,,
079741,0,0,0,-251,,,,
079742,0,0,0,801,,,,
079743,0,0,0,150,,,,
079745,0,0,0,-322,,,,
079746,0,0,0,-216,,,,
079747,0,0,0,-452,,,,
079748,0,0,0,291,,,,
079749,0,0,0,-421,,,,
079751,0,0,0,-100,,,,
079755,0,0,0,-210,,,,
079757,0,0,0,35,,,,
079758,0,0,0,-157,,,,
079759,0,0,0,-51,,,,
079761,0,0,0,372,,,,
079762,0,0,0,-186,,,,
079763,0,0,0,165,,,,
079764,0,0,0,-267,,,,
079765,0,0,0,-45,,,,
079766,0,0,0,-36,,,,
079768,0,0,0,-701,,,,
079770,0,0,0,-49,,,,
079771,0,0,0,322,,,,
079772,0,0,0,-394,,,,
079773,0,0,0,15,,,,
079774,0,0,0,28,,,,
079776,0,0,0,-10,,,,
079779,0,0,0,-24,,,,
079780,0,0,0,-95,,,,
079781,0,0,0,-12,,,,
079785,0,0,0,20,,,,
079786,0,0,0,-41,,,,
079789,0,0,0,347,,,,
079790,0,0,0,8,,,,
079791,0,0,0,9,,,,
079792,0,0,0,9,,,,
079793,0,0,0,-14,,,,
079795,0,0,0,-36,,,,
079796,0,0,0,8,,,,
079798,0,0,0,-57,,,,
079800,0,0,0,-150,,,,
079801,0,0,0,-356,,,,
079802,0,0,0,-48,,,,
079804,0,0,0,37,,,,
079805,0,0,0,-9,,,,
079806,0,0,0,13,,,,
079807,0,0,0,-5,,,,
079808,0,0,0,-262,,,,
079809,0,0,0,-132,,,,
079812,0,0,0,-17,,,,
079813,0,0,0,-1,,,,
079814,0,0,0,-274,,,,
079815,0,0,0,-44,,,,
079816,0,0,0,588,,,,
079817,0,0,0,103,,,,
079818,0,0,0,-19,,,,
079819,0,0,0,-2,,,,
079820,0,0,0,573,,,,
079826,0,0,0,0,,,,
079829,0,0,0,-10,,,,
079830,0,0,0,-28,,,,
079831,0,0,0,12,,,,
079833,0,0,0,-6,,,,
079834,0,0,0,-12,,,,
079836,0,0,0,-10,,,,
079837,0,0,0,1334,,,,
079839,0,0,0,-5,,,,
079840,0,0,0,9,,,,
079841,0,0,0,-192,,,,
079842,0,0,0,12,,,,
079843,0,0,0,-53,,,,
079845,0,0,0,-12,,,,
079846,0,0,0,-13,,,,
079847,0,0,0,5,,,,
079850,0,0,0,20,,,,
079851,0,0,0,-16,,,,
079852,0,0,0,-230,,,,
079853,0,0,0,-6,,,,
079856,0,0,0,49,,,,
079857,0,0,0,-167,,,,
079860,0,0,0,-29,,,,
079864,0,0,0,-6,,,,
079865,0,0,0,734,,,,
079867,0,0,0,2,,,,
079868,0,0,0,-5,,,,
079869,0,0,0,-74,,,,
079870,0,0,0,50,,,,
079871,0,0,0,163,,,,
079872,0,0,0,32,,,,
079873,0,0,0,254,,,,
079874,0,0,0,57,,,,
079875,0,0,0,109,,,,
079876,0,0,0,20,,,,
079877,0,0,0,138,,,,
079878,0,0,0,320,,,,
079880,0,0,0,73,,,,
079881,0,0,0,73,,,,
079882,0,0,0,62,,,,
079883,0,0,0,87,,,,
079884,0,0,0,-76,,,,
079885,0,0,0,-14,,,,
079886,0,0,0,-157,,,,
079887,0,0,0,-44,,,,
079888,0,0,0,-58,,,,
079889,0,0,0,-10,,,,
079890,0,0,0,-66,,,,
079892,0,0,0,-31,,,,
079893,0,0,0,57,,,,
079894,0,0,0,-474,,,,
079897,0,0,0,90,,,,
079899,0,0,0,242,,,,
079900,0,0,0,141,,,,
079901,0,0,0,9,,,,
079902,0,0,0,324,,,,
079903,0,0,0,231,,,,
079904,0,0,0,-213,,,,
079905,0,0,0,74,,,,
079906,0,0,0,475,,,,
079907,0,0,0,21,,,,
079908,0,0,0,807,,,,
079909,0,0,0,692,,,,
079910,0,0,0,-38,,,,
079911,0,0,0,33,,,,
079912,0,0,0,-1,,,,
079913,0,0,0,155,,,,
079914,0,0,0,-53,,,,
079915,0,0,0,-60,,,,
079916,0,0,0,28,,,,
079917,0,0,0,527,,,,
079918,0,0,0,-73,,,,
079919,0,0,0,-243,,,,
079921,0,0,0,20,,,,
079922,0,0,0,-2,,,,
079923,0,0,0,-2,,,,
079924,0,0,0,96,,,,
079925,0,0,0,278,,,,
079927,0,0,0,20,,,,
079928,0,0,0,59,,,,
079929,0,0,0,-5,,,,
079930,0,0,0,154,,,,
079931,0,0,0,88,,,,
079934,0,0,0,-66,,,,
079936,0,0,0,20,,,,
079937,0,0,0,0,,,,
079938,0,0,0,-447,,,,
079939,0,0,0,-6,,,,
079940,0,0,0,15,,,,
079941,0,0,0,351,,,,
079942,0,0,0,54,,,,
079943,0,0,0,-316,,,,
079944,0,0,0,-13,,,,
079945,0,0,0,165,,,,
079946,0,0,0,9,,,,
079948,0,0,0,99,,,,
079950,0,0,0,-24,,,,
079953,0,0,0,-60,,,,
079954,0,0,0,0,,,,
079955,0,0,0,0,,,,
079957,0,0,0,20,,,,
079958,0,0,0,6,,,,
079960,0,0,0,1,,,,
079961,0,0,0,12,,,,
079963,0,0,0,9,,,,
079964,0,0,0,-43,,,,
079966,0,0,0,30,,,,
079970,0,0,0,5,,,,
079971,0,0,0,-77,,,,
079974,0,0,0,-9,,,,
079975,0,0,0,-1,,,,
079976,0,0,0,-8,,,,
079977,0,0,0,-15,,,,
079978,0,0,0,70,,,,
079979,52,0,0,-184,,,,
079981,0,0,0,202,,,,
079982,0,0,0,-179,,,,
079983,0,0,0,-405,,,,
079985,0,0,0,-13,,,,
079986,0,0,0,-6,,,,
079987,0,0,0,31,,,,
079988,0,0,0,-20,,,,
079990,0,0,0,41,,,,
079996,0,0,0,157,,,,
079997,0,0,0,38,,,,
079998,0,0,0,166,,,,
079999,0,0,0,13,,,,
080000,0,0,0,-107,,,,
080001,0,0,0,20,,,,
080002,0,0,0,-55,,,,
080003,0,0,0,-76,,,,
080006,0,0,0,20,,,,
080007,0,0,0,-21,,,,
080008,0,0,0,-5,,,,
080009,0,0,0,-5,,,,
080010,0,0,0,10,,,,
080011,0,0,0,-254,,,,
080012,0,0,0,-91,,,,
080014,0,0,0,-103,,,,
080017,0,0,0,-29,,,,
080018,0,0,0,100,,,,
080019,0,0,0,-1,,,,
080021,0,0,0,-59,,,,
080022,0,0,0,74,,,,
080024,0,0,0,19,,,,
080027,0,0,0,91,,,,
080028,0,0,0,2,,,,
080030,0,0,0,1,,,,
080031,0,0,0,167,,,,
080032,0,0,0,7,,,,
080034,0,0,0,-470,,,,
080037,0,0,0,1,,,,
080040,0,0,0,-338,,,,
080042,0,0,0,-316,,,,
080043,0,0,0,-100,,,,
080044,0,0,0,-58,,,,
080045,0,0,0,468,,,,
080046,0,0,0,-20,,,,
080048,0,0,0,81,,,,
080049,0,0,0,-53,,,,
080050,0,0,0,-6,,,,
080051,0,0,0,-125,,,,
080052,0,0,0,-79,,,,
080053,0,0,0,-209,,,,
080054,0,0,0,-205,,,,
080062,0,0,0,32,,,,
080063,0,0,0,93,,,,
080064,0,0,0,40,,,,
080065,0,0,0,-5,,,,
080066,0,0,0,44,,,,
080067,0,0,0,0,,,,
080068,0,0,0,-23,,,,
080070,0,0,0,-1,,,,
080071,0,0,0,45,,,,
080072,0,0,0,8,,,,
080073,0,0,0,-30,,,,
080074,0,0,0,6,,,,
080075,0,0,0,0,,,,
080076,0,0,0,53,,,,
080077,0,0,0,-20,,,,
080080,0,0,0,-75,,,,
080081,0,0,0,-40,,,,
080083,0,0,0,2,,,,
080090,5,0,0,-50,,,,
080092,0,0,0,126,,,,
080093,0,0,0,-10,,,,
080094,0,0,0,3,,,,
080096,0,0,0,17,,,,
080098,0,0,0,0,,,,
080099,0,0,0,292,,,,
080100,0,0,0,-107,,,,
080101,0,0,0,26,,,,
080102,0,0,0,-18,,,,
080103,0,0,0,-4117,,,,
080104,0,0,0,-49,,,,
080105,0,0,0,-62,,,,
080106,0,0,0,-22,,,,
080107,0,0,0,52,,,,
080108,0,0,0,8,,,,
080109,0,0,0,294,,,,
080111,0,0,0,99,,,,
080112,0,0,0,-24,,,,
080113,0,0,0,-215,,,,
080114,0,0,0,-24,,,,
080115,0,0,0,15,,,,
080116,0,0,0,-10,,,,
080117,0,0,0,84,,,,
080122,0,0,0,-20,,,,
080123,0,0,0,-126,,,,
080126,0,0,0,-59,,,,
080127,0,0,0,-35,,,,
080128,0,0,0,-9,,,,
080129,0,0,0,-50,,,,
080132,0,0,0,-100,,,,
080133,0,0,0,-206,,,,
080135,0,0,0,-30,,,,
080136,0,0,0,-28,,,,
080137,0,0,0,32,,,,
080138,0,0,0,-73,,,,
080141,0,0,0,-10,,,,
080145,0,0,0,-161,,,,
080146,0,0,0,-7,,,,
080147,0,0,0,-30,,,,
080148,0,0,0,-60,,,,
080150,0,0,0,6,,,,
080151,0,0,0,84,,,,
080152,0,0,0,192,,,,
080154,0,0,0,940,,,,
080155,0,0,0,221,,,,
080156,0,0,0,70,,,,
080157,0,0,0,30,,,,
080158,0,0,0,-5,,,,
080159,0,0,0,24,,,,
080160,0,0,0,-157,,,,
080162,0,0,0,-15,,,,
080163,0,0,0,-437,,,,
080166,0,0,0,-109,,,,
080167,0,0,0,-69,,,,
080168,0,0,0,11,,,,
080169,0,0,0,-30,,,,
080172,0,0,0,-21,,,,
080173,0,0,0,-240,,,,
080174,0,0,0,-499,,,,
080175,0,0,0,-48,,,,
080176,0,0,0,119,,,,
080177,0,0,0,-198,,,,
080178,0,0,0,-100,,,,
080179,0,0,0,153,,,,
080180,0,0,0,-2,,,,
080181,0,0,0,-55,,,,
080182,0,0,0,-251,,,,
080184,0,0,0,-402,,,,
080185,0,0,0,229,,,,
080187,0,0,0,-506,,,,
080188,0,0,0,-240,,,,
080190,0,0,0,5,,,,
080191,0,0,0,56,,,,
080197,0,0,0,147,,,,
080198,0,0,0,-10,,,,
080199,0,0,0,-1,,,,
080200,0,0,0,-83,,,,
080205,0,0,0,-2,,,,
080206,0,0,0,7,,,,
080207,0,0,0,-6,,,,
080208,0,0,0,7,,,,
080209,0,0,0,-31,,,,
080210,0,0,0,0,,,,
080211,0,0,0,0,,,,
080213,0,0,0,24,,,,
080214,0,0,0,-97,,,,
080220,0,0,0,2,,,,
080221,0,0,0,-77,,,,
080222,0,0,0,-56,,,,
080223,0,0,0,27,,,,
080224,0,0,0,30,,,,
080225,0,0,0,30,,,,
080226,0,0,0,-50,,,,
080228,0,0,0,37,,,,
080229,0,0,0,-46,,,,
080230,0,0,0,41,,,,
080232,0,0,0,0,,,,
080233,0,0,0,20,,,,
080234,0,0,0,16,,,,
080235,0,0,0,-67,,,,
080236,0,0,0,-130,,,,
080237,0,0,0,-20,,,,
080238,0,0,0,-29,,,,
080239,0,0,0,1,,,,
080240,0,0,0,-46,,,,
080242,0,0,0,-64,,,,
080244,0,0,0,0,,,,
080245,0,0,0,0,,,,
080246,0,0,0,-14,,,,
080247,0,0,0,-5,,,,
080249,0,0,0,5,,,,
080254,0,0,0,-49,,,,
080255,0,0,0,50,,,,
080256,0,0,0,291,,,,
080257,0,0,0,1,,,,
080258,0,0,0,40,,,,
080259,0,0,0,19,,,,
080260,0,0,0,97,,,,
080263,0,0,0,5,,,,
080265,0,0,0,26,,,,
080266,0,0,0,-208,,,,
080268,0,0,0,-5,,,,
080269,0,0,0,-47,,,,
080270,0,0,0,127,,,,
080272,0,0,0,-166,,,,
080273,0,0,0,-3,,,,
080274,0,0,0,-10,,,,
080277,0,0,0,50,,,,
080279,0,0,0,65,,,,
080281,0,0,0,-181,,,,
080282,0,0,0,88,,,,
080283,0,0,0,34,,,,
080284,0,0,0,-78,,,,
080285,0,0,0,-19,,,,
080289,0,0,0,-12,,,,
080292,0,0,0,-146,,,,
080293,0,0,0,10,,,,
080294,0,0,0,-29,,,,
080296,0,0,0,-20,,,,
080298,0,0,0,-5,,,,
080299,0,0,0,40,,,,
080300,0,0,0,54,,,,
080301,0,0,0,1,,,,
080302,0,0,0,-175,,,,
080305,0,0,0,-12,,,,
080306,0,0,0,-6,,,,
080307,0,0,0,-88,,,,
080308,0,0,0,65,,,,
080310,0,0,0,-22,,,,
080311,0,0,0,-11,,,,
080312,0,0,0,433,,,,
080313,0,0,0,-104,,,,
080314,0,0,0,-4,,,,
080315,0,0,0,295,,,,
080316,0,0,0,106,,,,
080318,0,0,0,-66,,,,
080319,0,0,0,-10,,,,
080320,0,0,0,-43,,,,
080321,0,0,0,-1,,,,
080323,0,0,0,-44,,,,
080324,0,0,0,-49,,,,
080325,0,0,0,33,,,,
080326,0,0,0,59,,,,
080327,0,0,0,8,,,,
080328,0,0,0,-3,,,,
080332,0,0,0,-21,,,,
080333,0,0,0,7,,,,
080334,0,0,0,22,,,,
080336,0,0,0,23,,,,
080337,0,0,0,68,,,,
080338,0,0,0,-20,,,,
080339,0,0,0,-28,,,,
080343,0,0,0,62,,,,
080344,0,0,0,-40,,,,
080345,0,0,0,-4,,,,
080348,0,0,0,87,,,,
080349,0,0,0,31,,,,
080350,0,0,0,-4,,,,
080351,0,0,0,-20,,,,
080352,0,0,0,10,,,,
080354,0,0,0,-7,,,,
080355,0,0,0,12,,,,
080359,0,0,0,-31,,,,
080362,0,0,0,-8,,,,
080363,0,0,0,-8,,,,
080366,0,0,0,-3,,,,
080368,0,0,0,-36,,,,
080369,0,0,0,-16,,,,
080371,0,0,0,-15,,,,
080372,0,0,0,25,,,,
080373,0,0,0,-2,,,,
080374,0,0,0,-2,,,,
080375,0,0,0,20,,,,
080376,0,0,0,-49,,,,
080377,0,0,0,-10,,,,
080378,0,0,0,20,,,,
080380,0,0,0,-35,,,,
080381,0,0,0,10,,,,
080382,0,0,0,14,,,,
080383,0,0,0,-31,,,,
080384,0,0,0,-18,,,,
080385,0,0,0,69,,,,
080386,0,0,0,140,,,,
080387,0,0,0,163,,,,
080388,0,0,0,-85,,,,
080389,0,0,0,-200,,,,
080391,0,0,0,185,,,,
080394,0,0,0,-258,,,,
080395,0,0,0,-27,,,,
080396,0,0,0,100,,,,
080397,0,0,0,-396,,,,
080398,0,0,0,187,,,,
080399,0,0,0,5,,,,
080400,0,0,0,65,,,,
080402,0,0,0,-572,,,,
080403,0,0,0,-989,,,,
080405,0,0,0,-12,,,,
080407,0,0,0,-4,,,,
080408,0,0,0,-22,,,,
080409,0,0,0,100,,,,
080412,0,0,0,8,,,,
080413,0,0,0,5,,,,
080414,0,0,0,29,,,,
080418,0,0,0,10,,,,
080420,0,0,0,10,,,,
080422,0,0,0,-10,,,,
080423,0,0,0,-33,,,,
080424,0,0,0,83,,,,
080425,0,0,0,0,,,,
080426,0,0,0,0,,,,
080429,0,0,0,0,,,,
080431,0,0,0,-47,,,,
080435,0,0,0,148,,,,
080437,0,0,0,42,,,,
080438,0,0,0,58,,,,
080439,0,0,0,10,,,,
080440,0,0,0,0,,,,
080441,0,0,0,0,,,,
080442,0,0,0,0,,,,
080443,0,0,0,0,,,,
080445,0,0,0,27,,,,
080446,0,0,0,3003,,,,
080449,0,0,0,-3,,,,
080453,0,0,0,-38,,,,
080454,0,0,0,-201,,,,
080455,0,0,0,-47,,,,
080460,0,0,0,-108,,,,
080462,0,0,0,-1,,,,
080463,0,0,0,11,,,,
080464,0,0,0,-6,,,,
080465,0,0,0,18,,,,
080467,0,0,0,5,,,,
080469,0,0,0,81,,,,
080471,0,0,0,48,,,,
080472,0,0,0,-28,,,,
080473,0,0,0,-45,,,,
080474,0,0,0,305,,,,
080475,0,0,0,-130,,,,
080476,0,0,0,-3,,,,
080477,0,0,0,0,,,,
080478,0,0,0,10,,,,
080483,0,0,0,175,,,,
080484,0,0,0,43,,,,
080485,0,0,0,-80,,,,
080487,0,0,0,27,,,,
080489,0,0,0,71,,,,
080491,0,0,0,-19,,,,
080493,0,0,0,-15,,,,
080494,0,0,0,-48,,,,
080496,0,0,0,-240,,,,
080497,0,0,0,-63,,,,
080498,0,0,0,-100,,,,
080499,0,0,0,43,,,,
080502,0,0,0,-202,,,,
080503,0,0,0,-32,,,,
080504,0,0,0,-32,,,,
080505,0,0,0,-143,,,,
080506,0,0,0,433,,,,
080507,0,0,0,210,,,,
080508,0,0,0,-57,,,,
080512,0,0,0,-72,,,,
080513,0,0,0,-157,,,,
080514,0,0,0,-15,,,,
080515,0,0,0,25,,,,
080517,0,0,0,53,,,,
080518,0,0,0,-50,,,,
080519,0,0,0,491,,,,
080520,0,0,0,-11,,,,
080521,0,0,0,108,,,,
080522,0,0,0,-454,,,,
080523,0,0,0,8,,,,
080524,0,0,0,-493,,,,
080525,0,0,0,-156,,,,
080526,0,0,0,-15,,,,
080527,0,0,0,603,,,,
080528,0,0,0,29,,,,
080530,0,0,0,-409,,,,
080531,0,0,0,169,,,,
080532,0,0,0,34,,,,
080533,0,0,0,-524,,,,
080534,0,0,0,-221,,,,
080535,0,0,0,33,,,,
080537,0,0,0,2,,,,
080538,0,0,0,-36,,,,
080539,0,0,0,-69,,,,
080540,0,0,0,281,,,,
080543,0,0,0,-352,,,,
080544,0,0,0,-48,,,,
080546,0,0,0,-99,,,,
080548,0,0,0,-180,,,,
080549,0,0,0,20,,,,
080550,0,0,0,-3,,,,
080551,0,0,0,-176,,,,
080552,0,0,0,10,,,,
080554,0,0,0,-100,,,,
080555,0,0,0,-1380,,,,
080556,0,0,0,-21,,,,
080557,0,0,0,-16,,,,
080558,0,0,0,16,,,,
080561,0,0,0,18,,,,
080563,0,0,0,-81,,,,
080564,0,0,0,-75,,,,
080567,0,0,0,-150,,,,
080569,0,0,0,10,,,,
080570,0,0,0,118,,,,
080574,0,0,0,-98,,,,
080577,0,0,0,-313,,,,
080578,0,0,0,-157,,,,
080579,0,0,0,-112,,,,
080580,0,0,0,-113,,,,
080581,0,0,0,19,,,,
080583,0,0,0,-46,,,,
080584,0,0,0,-80,,,,
080592,0,0,0,20,,,,
080593,0,0,0,-32,,,,
080594,0,0,0,-43,,,,
080595,0,0,0,6,,,,
080598,0,0,0,-41,,,,
080600,0,0,0,0,,,,
080602,0,0,0,232,,,,
080603,0,0,0,60,,,,
080604,0,0,0,10,,,,
080605,0,0,0,-4,,,,
080606,0,0,0,-39,,,,
080608,0,0,0,-331,,,,
080611,0,0,0,0,,,,
080612,0,0,0,3,,,,
080614,0,0,0,-10,,,,
080615,0,0,0,-35,,,,
080617,0,0,0,55,,,,
080618,0,0,0,-66,,,,
080619,0,0,0,-20,,,,
080620,0,0,0,-36,,,,
080621,0,0,0,-59,,,,
080622,0,0,0,64,,,,
080623,0,0,0,0,,,,
080624,0,0,0,-41,,,,
080625,0,0,0,-100,,,,
080626,0,0,0,-21,,,,
080628,0,0,0,-300,,,,
080629,0,0,0,-10,,,,
080630,0,0,0,-49,,,,
080632,0,0,0,-354,,,,
080635,0,0,0,10,,,,
080636,0,0,0,3,,,,
080639,0,0,0,-15,,,,
080641,0,0,0,-5,,,,
080643,0,0,0,-18,,,,
080644,0,0,0,0,,,,
080645,0,0,0,-20,,,,
080647,0,0,0,13,,,,
080648,0,0,0,191,,,,
080649,0,0,0,50,,,,
080650,0,0,0,-97,,,,
080652,0,0,0,-63,,,,
080653,0,0,0,-10,,,,
080657,0,0,0,-32,,,,
080658,0,0,0,-179,,,,
080659,0,0,0,-79,,,,
080660,0,0,0,36,,,,
080663,0,0,0,6,,,,
080664,0,0,0,-314,,,,
080665,0,0,0,40,,,,
080666,0,0,0,-3,,,,
080670,0,0,0,-30,,,,
080671,0,0,0,-1,,,,
080673,0,0,0,-17,,,,
080676,0,0,0,-79,,,,
080681,0,0,0,225,,,,
080682,0,0,0,-79,,,,
080684,0,0,0,-2561,,,,
080685,0,0,0,-100,,,,
080686,0,0,0,-97,,,,
080687,0,0,0,-182,,,,
080688,0,0,0,-40,,,,
080689,0,0,0,-158,,,,
080690,0,0,0,-164,,,,
080691,0,0,0,-292,,,,
080693,0,0,0,-54,,,,
080694,0,0,0,-82,,,,
080695,0,0,0,-225,,,,
080696,0,0,0,9,,,,
080699,0,0,0,12,,,,
080703,0,0,0,-12,,,,
080706,0,0,0,-6,,,,
080708,0,0,0,-57,,,,
080711,0,0,0,-82,,,,
080713,0,0,0,4,,,,
080714,0,0,0,-110,,,,
080716,0,0,0,36,,,,
080718,0,0,0,106,,,,
080719,0,0,0,27,,,,
080720,0,0,0,-21,,,,
080721,0,0,0,-3,,,,
080725,0,0,0,-216,,,,
080726,0,0,0,3,,,,
080727,0,0,0,-60,,,,
080729,0,0,0,115,,,,
080731,0,0,0,-88,,,,
080732,0,0,0,-313,,,,
080733,0,0,0,-14,,,,
080735,0,0,0,13,,,,
080736,0,0,0,-31,,,,
080737,0,0,0,-21,,,,
080740,0,0,0,186,,,,
080741,0,0,0,168,,,,
080743,0,0,0,1,,,,
080744,0,0,0,296,,,,
080745,0,0,0,176,,,,
080746,0,0,0,-44,,,,
080749,0,0,0,139,,,,
080750,0,0,0,33,,,,
080752,0,0,0,-20,,,,
080754,0,0,0,-87,,,,
080755,0,0,0,-570,,,,
080756,0,0,0,1,,,,
080757,0,0,0,-501,,,,
080758,0,0,0,-221,,,,
080759,0,0,0,18,,,,
080760,0,0,0,-912,,,,
080762,0,0,0,27,,,,
080763,0,0,0,-10,,,,
080764,0,0,0,126,,,,
080765,0,0,0,480,,,,
080766,0,0,0,273,,,,
080767,0,0,0,207,,,,
080769,0,0,0,-599,,,,
080770,0,0,0,74,,,,
080771,0,0,0,857,,,,
080772,0,0,0,2,,,,
080773,0,0,0,-1,,,,
080774,0,0,0,173,,,,
080775,0,0,0,-1055,,,,
080778,0,0,0,-90,,,,
080779,0,0,0,-60,,,,
080780,0,0,0,95,,,,
080781,0,0,0,-746,,,,
080782,0,0,0,-730,,,,
080783,0,0,0,147,,,,
080784,0,0,0,-230,,,,
080785,0,0,0,6,,,,
080787,0,0,0,-110,,,,
080788,0,0,0,273,,,,
080790,0,0,0,0,,,,
080791,0,0,0,0,,,,
080793,0,0,0,-7,,,,
080803,0,0,0,172,,,,
080805,0,0,0,8,,,,
080806,0,0,0,-14,,,,
080808,0,0,0,-8,,,,
080810,0,0,0,-1,,,,
080812,0,0,0,121,,,,
080816,0,0,0,199,,,,
080817,0,0,0,0,,,,
080818,0,0,0,-23,,,,
080825,0,0,0,-5,,,,
080826,0,0,0,-7,,,,
080828,0,0,0,-30,,,,
080829,0,0,0,-33,,,,
080830,0,0,0,-17,,,,
080834,0,0,0,17,,,,
080835,0,0,0,41,,,,
080836,0,0,0,12,,,,
080837,0,0,0,1,,,,
080838,0,0,0,-20,,,,
080843,0,0,0,34,,,,
080844,0,0,0,-15,,,,
080848,0,0,0,43,,,,
080849,0,0,0,-11,,,,
080853,0,0,0,-523,,,,
080856,0,0,0,-2,,,,
080858,0,0,0,83,,,,
080860,0,0,0,-37,,,,
080861,0,0,0,-10,,,,
080865,0,0,0,16,,,,
080867,0,0,0,149,,,,
080868,0,0,0,0,,,,
08086U,0,0,0,-150,,,,
080870,0,0,0,51,,,,
080872,0,0,0,250,,,,
080874,0,0,0,0,,,,
080875,0,0,0,-14,,,,
080877,0,0,0,-1,,,,
080878,0,0,0,-70,,,,
080879,0,0,0,-96,,,,
080881,0,0,0,-2,,,,
080884,0,0,0,70,,,,
080886,0,0,0,24,,,,
080892,0,0,0,-63,,,,
080894,0,0,0,-17,,,,
080895,0,0,0,20,,,,
080896,0,0,0,97,,,,
080897,0,0,0,118,,,,
08089U,0,0,0,-5,,,,
080900,0,0,0,-66,,,,
080901,0,0,0,-30,,,,
080902,0,0,0,-380,,,,
080903,0,0,0,10,,,,
080904,0,0,0,394,,,,
080905,0,0,0,-387,,,,
080906,0,0,0,30,,,,
080908,0,0,0,64,,,,
080909,0,0,0,-10,,,,
080910,0,0,0,83,,,,
080911,0,0,0,164,,,,
080912,0,0,0,354,,,,
080913,0,0,0,186,,,,
080914,0,0,0,-354,,,,
080915,0,0,0,166,,,,
080916,0,0,0,-49,,,,
080917,0,0,0,-41,,,,
080918,0,0,0,7,,,,
080919,0,0,0,-192,,,,
080920,0,0,0,19,,,,
080921,0,0,0,25,,,,
080924,0,0,0,392,,,,
080925,0,0,0,-25,,,,
080926,0,0,0,-10,,,,
080929,0,0,0,-4,,,,
080930,0,0,0,106,,,,
080933,0,0,0,7,,,,
080934,0,0,0,-218,,,,
080935,0,0,0,-71,,,,
080938,0,0,0,-10,,,,
080940,0,0,0,-17,,,,
080942,0,0,0,28,,,,
080943,0,0,0,42,,,,
080944,0,0,0,1,,,,
080947,0,0,0,-32,,,,
080949,0,0,0,0,,,,
080950,0,0,0,-60,,,,
080951,0,0,0,-14,,,,
080952,0,0,0,0,,,,
080953,0,0,0,-1,,,,
080954,0,0,0,0,,,,
080957,0,0,0,-20,,,,
080959,0,0,0,19,,,,
080960,0,0,0,-10,,,,
080961,0,0,0,-342,,,,
080974,0,0,0,0,,,,
080975,0,0,0,62,,,,
080978,0,0,0,-31,,,,
080979,0,0,0,-43,,,,
080980,0,0,0,47,,,,
080981,0,0,0,-3,,,,
080982,0,0,0,-36,,,,
080984,0,0,0,79,,,,
080987,0,0,0,-30,,,,
080988,0,0,0,-10,,,,
080989,0,0,0,-10,,,,
080990,0,0,0,-60,,,,
080993,0,0,0,-187,,,,
080994,0,0,0,-18,,,,
080995,0,0,0,-16,,,,
080996,0,0,0,-24,,,,
080997,0,0,0,0,,,,
081001,0,0,0,-82,,,,
081003,0,0,0,33,,,,
081004,0,0,0,-52,,,,
081012,0,0,0,2,,,,
081015,0,0,0,-30,,,,
081019,0,0,0,49,,,,
081020,0,0,0,8,,,,
081022,0,0,0,-25,,,,
081027,0,0,0,-25,,,,
081029,0,0,0,14,,,,
081030,0,0,0,46,,,,
081032,0,0,0,30,,,,
081033,0,0,0,-2,,,,
081035,0,0,0,-84,,,,
081037,0,0,0,-20,,,,
081039,0,0,0,72,,,,
081040,0,0,0,18,,,,
081041,0,0,0,40,,,,
081043,0,0,0,23,,,,
081044,0,0,0,-50,,,,
081047,0,0,0,-100,,,,
081050,0,0,0,-90,,,,
081051,0,0,0,-82,,,,
081052,0,0,0,-2,,,,
081053,0,0,0,0,,,,
081054,0,0,0,-5,,,,
081055,0,0,0,42,,,,
081056,0,0,0,31,,,,
081057,0,0,0,-132,,,,
081058,0,0,0,-184,,,,
081059,0,0,0,14,,,,
081060,0,0,0,-134,,,,
081063,0,0,0,10,,,,
081064,0,0,0,-1143,,,,
081065,0,0,0,-10,,,,
081067,0,0,0,-35,,,,
081068,0,0,0,140,,,,
081070,0,0,0,-64,,,,
081072,0,0,0,52,,,,
081073,0,0,0,-19,,,,
081075,0,0,0,-11,,,,
081076,0,0,0,19,,,,
081077,0,0,0,-20,,,,
081078,0,0,0,46,,,,
081079,0,0,0,-12,,,,
081080,0,0,0,-10,,,,
081083,0,0,0,692,,,,
081084,0,0,0,-18,,,,
081085,0,0,0,-8,,,,
081086,0,0,0,-14,,,,
081087,0,0,0,19,,,,
081088,0,0,0,-57,,,,
081090,0,0,0,71,,,,
081095,0,0,0,-401,,,,
081096,0,0,0,12,,,,
081097,0,0,0,-305,,,,
081107,0,0,0,242,,,,
081108,0,0,0,259,,,,
081109,0,0,0,-31,,,,
081111,0,0,0,50,,,,
081114,0,0,0,52,,,,
081116,0,0,0,79,,,,
081117,0,0,0,-306,,,,
081122,0,0,0,-15,,,,
081124,0,0,0,-69,,,,
081127,0,0,0,-88,,,,
081130,0,0,0,-95,,,,
081132,0,0,0,-41,,,,
081133,0,0,0,-45,,,,
081134,0,0,0,-53,,,,
081139,0,0,0,-30,,,,
081141,0,0,0,-51,,,,
081142,0,0,0,-69,,,,
081143,0,0,0,9,,,,
081145,0,0,0,-138,,,,
081148,0,0,0,-4,,,,
081151,0,0,0,24,,,,
081152,0,0,0,240,,,,
081155,0,0,0,17,,,,
081156,0,0,0,5,,,,
081157,0,0,0,9,,,,
081160,0,0,0,0,,,,
081164,0,0,0,-10,,,,
081166,0,0,0,-1,,,,
081167,0,0,0,0,,,,
081168,0,0,0,0,,,,
081170,0,0,0,-43,,,,
081171,0,0,0,0,,,,
081173,0,0,0,-25,,,,
081175,0,0,0,3,,,,
081177,0,0,0,-28,,,,
081179,0,0,0,3,,,,
08117U,0,0,0,10,,,,
081180,0,0,0,-4,,,,
081181,0,0,0,-20,,,,
081182,0,0,0,-11,,,,
081183,0,0,0,-5,,,,
081185,0,0,0,-32,,,,
081186,0,0,0,23,,,,
081189,0,0,0,2,,,,
081190,0,0,0,49,,,,
081191,0,0,0,-79,,,,
081192,0,0,0,38,,,,
081194,0,0,0,-46,,,,
081198,0,0,0,105,,,,
081199,0,0,0,23,,,,
081203,0,0,0,139,,,,
081204,0,0,0,-79,,,,
081206,0,0,0,10,,,,
081210,0,0,0,-48,,,,
081212,0,0,0,-18,,,,
081214,0,0,0,96,,,,
081217,0,0,0,4,,,,
081219,0,0,0,651,,,,
081220,0,0,0,-17,,,,
081221,0,0,0,91,,,,
081222,0,0,0,180,,,,
081223,0,0,0,-19,,,,
081224,0,0,0,-61,,,,
081225,0,0,0,-5,,,,
081226,0,0,0,210,,,,
081229,0,0,0,2021,,,,
081230,0,0,0,-99,,,,
081232,0,0,0,40,,,,
081233,0,0,0,-15,,,,
081234,0,0,0,-176,,,,
081235,0,0,0,20,,,,
081236,0,0,0,136,,,,
081238,0,0,0,688,,,,
081239,0,0,0,482,,,,
081240,0,0,0,7,,,,
081243,0,0,0,186,,,,
081245,0,0,0,-4,,,,
081246,0,0,0,946,,,,
081247,0,0,0,1,,,,
081250,0,0,0,-98,,,,
081251,0,0,0,-83,,,,
081252,0,0,0,90,,,,
081254,0,0,0,0,,,,
081255,0,0,0,-190,,,,
081256,0,0,0,-55,,,,
081258,0,0,0,-97,,,,
081260,0,0,0,3,,,,
081261,0,0,0,6,,,,
081262,0,0,0,464,,,,
081263,0,0,0,164,,,,
081264,0,0,0,5,,,,
081265,0,0,0,56,,,,
081266,0,0,0,-1094,,,,
081267,0,0,0,-204,,,,
081268,0,0,0,36,,,,
081271,0,0,0,-31,,,,
081273,0,0,0,-15,,,,
081274,0,0,0,-321,,,,
081275,0,0,0,5,,,,
081277,0,0,0,-50,,,,
081278,0,0,0,-22,,,,
081279,0,0,0,-2,,,,
081280,0,0,0,-48,,,,
081281,0,0,0,18,,,,
081282,0,0,0,12,,,,
081284,0,0,0,19,,,,
081285,0,0,0,-16,,,,
081286,0,0,0,-8,,,,
081289,0,0,0,23,,,,
081290,0,0,0,20,,,,
081292,0,0,0,-20,,,,
081294,0,0,0,-23,,,,
081298,0,0,0,-50,,,,
081299,0,0,0,-20,,,,
081303,0,0,0,-3,,,,
081307,0,0,0,-40,,,,
081313,0,0,0,-233,,,,
081314,0,0,0,15,,,,
081315,0,0,0,-45,,,,
081317,0,0,0,-83,,,,
081319,0,0,0,51,,,,
081320,0,0,0,-96,,,,
081322,0,0,0,-20,,,,
081323,0,0,0,-20,,,,
081324,0,0,0,7,,,,
081326,0,0,0,-10,,,,
081327,0,0,0,10,,,,
081331,0,0,0,-20,,,,
081336,0,0,0,100,,,,
081337,0,0,0,-137,,,,
081338,0,0,0,-49,,,,
081339,0,0,0,-61,,,,
081340,0,0,0,74,,,,
081341,0,0,0,-309,,,,
081342,0,0,0,-19,,,,
081343,0,0,0,-76,,,,
081344,0,0,0,-84,,,,
081346,0,0,0,2,,,,
081347,0,0,0,-61,,,,
081348,0,0,0,3,,,,
081349,0,0,0,-30,,,,
081350,0,0,0,-103,,,,
081351,0,0,0,-184,,,,
081352,0,0,0,-50,,,,
081353,0,0,0,-20,,,,
081354,0,0,0,-164,,,,
081355,0,0,0,-96,,,,
081356,0,0,0,-21,,,,
081357,0,0,0,-26,,,,
081358,0,0,0,-40,,,,
081359,0,0,0,-39,,,,
081362,0,0,0,-32,,,,
081365,0,0,0,-37,,,,
081367,0,0,0,-39,,,,
081368,0,0,0,-54,,,,
081372,0,0,0,-44,,,,
081373,0,0,0,38,,,,
081374,0,0,0,1845,,,,
081376,0,0,0,67,,,,
081377,0,0,0,40,,,,
081380,0,0,0,27,,,,
081381,0,0,0,-37,,,,
081382,0,0,0,-35,,,,
081383,0,0,0,-21,,,,
081385,0,0,0,-112,,,,
081386,0,0,0,-2,,,,
081389,0,0,0,-1,,,,
081391,0,0,0,-45,,,,
081392,0,0,0,-7,,,,
081393,0,0,0,-20,,,,
081394,0,0,0,-50,,,,
081396,0,0,0,-15,,,,
081397,0,0,0,-2,,,,
081398,0,0,0,25,,,,
081399,0,0,0,-42,,,,
081401,0,0,0,35,,,,
081402,0,0,0,-22,,,,
081403,0,0,0,102,,,,
081406,0,0,0,-37,,,,
081409,0,0,0,400,,,,
081416,0,0,0,-21,,,,
081417,0,0,0,-13,,,,
081418,0,0,0,-17,,,,
081420,0,0,0,753,,,,
081421,0,0,0,-45,,,,
081423,0,0,0,-208,,,,
081425,0,0,0,-50,,,,
081426,0,0,0,10,,,,
081427,0,0,0,268,,,,
081428,0,0,0,-82,,,,
081429,0,0,0,4,,,,
081430,0,0,0,-120,,,,
081431,0,0,0,12,,,,
081432,0,0,0,-19,,,,
081433,0,0,0,-10,,,,
081434,0,0,0,-101,,,,
081435,0,0,0,5,,,,
081436,0,0,0,-25,,,,
081438,0,0,0,432,,,,
081439,0,0,0,957,,,,
081440,0,0,0,-61,,,,
081441,0,0,0,-65,,,,
081442,0,0,0,-14,,,,
081443,0,0,0,-44,,,,
081444,0,0,0,-88,,,,
081445,0,0,0,-65,,,,
081446,0,0,0,12,,,,
081448,0,0,0,-16,,,,
081449,0,0,0,-49,,,,
081451,0,0,0,-50,,,,
081453,0,0,0,-499,,,,
081455,0,0,0,-59,,,,
081457,0,0,0,-29,,,,
081458,0,0,0,-153,,,,
081459,0,0,0,-21,,,,
081460,0,0,0,-51,,,,
081463,0,0,0,-45,,,,
081465,0,0,0,-3,,,,
081466,0,0,0,-40,,,,
081467,0,0,0,-26,,,,
081468,0,0,0,20,,,,
081471,0,0,0,-17,,,,
081472,0,0,0,-65,,,,
081473,0,0,0,-6,,,,
081474,0,0,0,0,,,,
081476,0,0,0,-51,,,,
081477,0,0,0,-64,,,,
081483,0,0,0,-40,,,,
081484,0,0,0,0,,,,
081486,0,0,0,-23,,,,
081487,0,0,0,0,,,,
081488,0,0,0,-66,,,,
081489,0,0,0,101,,,,
081491,0,0,0,-1,,,,
081492,0,0,0,-40,,,,
081494,0,0,0,-195,,,,
081496,0,0,0,52,,,,
081497,0,0,0,0,,,,
081498,0,0,0,0,,,,
081500,0,0,0,0,,,,
081501,0,0,0,0,,,,
081502,0,0,0,0,,,,
081503,0,0,0,0,,,,
081504,0,0,0,10,,,,
081507,0,0,0,-41,,,,
081509,0,0,0,-150,,,,
081512,0,0,0,-5,,,,
081514,0,0,0,-59,,,,
081515,0,0,0,-190,,,,
081517,0,0,0,-2,,,,
081518,0,0,0,-5,,,,
081521,0,0,0,26,,,,
081522,0,0,0,6,,,,
081523,0,0,0,-10,,,,
081524,0,0,0,-136,,,,
081525,0,0,0,-73,,,,
081526,0,0,0,8,,,,
081527,0,0,0,-14,,,,
081529,0,0,0,-221,,,,
08152U,0,0,0,4,,,,
081530,0,0,0,-294,,,,
081531,0,0,0,-308,,,,
081532,0,0,0,-381,,,,
081533,0,0,0,13,,,,
081534,0,0,0,-14,,,,
081535,0,0,0,6,,,,
081541,0,0,0,-10,,,,
081544,0,0,0,-192,,,,
081545,0,0,0,-100,,,,
081546,0,0,0,-7,,,,
081547,0,0,0,-80,,,,
081548,0,0,0,-3,,,,
081549,0,0,0,-20,,,,
081550,0,0,0,-135,,,,
081551,0,0,0,-420,,,,
081553,0,0,0,-59,,,,
081554,0,0,0,-166,,,,
081555,0,0,0,-42,,,,
081556,0,0,0,-64,,,,
081557,0,0,0,10,,,,
081558,0,0,0,-84,,,,
081564,0,0,0,1,,,,
081565,0,0,0,-3,,,,
081566,0,0,0,-3,,,,
081572,0,0,0,-21,,,,
081573,0,0,0,-784,,,,
081574,0,0,0,-76,,,,
081576,0,0,0,-425,,,,
081577,0,0,0,-49,,,,
081579,0,0,0,-20,,,,
081580,0,0,0,-101,,,,
081583,0,0,0,-95,,,,
081585,0,0,0,-11,,,,
081591,0,0,0,-105,,,,
081592,0,0,0,-100,,,,
081595,0,0,0,4,,,,
081597,0,0,0,-2,,,,
081599,0,0,0,9,,,,
081604,0,0,0,-10,,,,
081605,0,0,0,-581,,,,
081606,0,0,0,-393,,,,
081608,0,0,0,8,,,,
081609,0,0,0,-20,,,,
081610,0,0,0,-159,,,,
081611,0,0,0,-202,,,,
081620,0,0,0,-10,,,,
081621,0,0,0,222,,,,
081622,0,0,0,-43,,,,
081624,0,0,0,260,,,,
081625,0,0,0,-34,,,,
081626,0,0,0,118,,,,
081627,0,0,0,-5,,,,
081628,0,0,0,10,,,,
081629,0,0,0,-1,,,,
081632,0,0,0,-27,,,,
081633,0,0,0,-65,,,,
081639,0,0,0,-220,,,,
081641,0,0,0,-11,,,,
081647,0,0,0,768,,,,
081648,0,0,0,129,,,,
081649,0,0,0,1132,,,,
081650,0,0,0,-7,,,,
081651,0,0,0,-87,,,,
081652,0,0,0,-30,,,,
081653,0,0,0,18,,,,
081654,0,0,0,9,,,,
081656,0,0,0,-15,,,,
081657,0,0,0,-6,,,,
081658,0,0,0,-11,,,,
081659,0,0,0,-2,,,,
081660,0,0,0,-60,,,,
081663,0,0,0,-24,,,,
081665,0,0,0,2,,,,
081671,0,0,0,-3,,,,
081672,0,0,0,98,,,,
081676,0,0,0,-39,,,,
081681,0,0,0,-116,,,,
081682,0,0,0,-10,,,,
081683,0,0,0,-48,,,,
081686,0,0,0,-3,,,,
081687,0,0,0,-10,,,,
081688,0,0,0,0,,,,
081692,0,0,0,-108,,,,
081694,0,0,0,5,,,,
081699,0,0,0,-5,,,,
081701,0,0,0,-100,,,,
081702,0,0,0,-18,,,,
081704,0,0,0,0,,,,
081705,0,0,0,2,,,,
081711,0,0,0,48,,,,
081712,0,0,0,-13,,,,
081718,0,0,0,-20,,,,
081719,0,0,0,-37,,,,
081722,0,0,0,-7,,,,
081726,0,0,0,-10,,,,
081727,0,0,0,-25,,,,
081730,0,0,0,5,,,,
081734,0,0,0,-5,,,,
081735,0,0,0,-10,,,,
081736,0,0,0,-1,,,,
081739,0,0,0,-76,,,,
081740,0,0,0,0,,,,
081742,0,0,0,0,,,,
081743,0,0,0,-350,,,,
081746,0,0,0,-7,,,,
081750,0,0,0,107,,,,
081752,0,0,0,-58,,,,
081755,0,0,0,-5,,,,
081760,0,0,0,-10,,,,
081779,0,0,0,-17,,,,
081780,0,0,0,-10,,,,
081781,0,0,0,-164,,,,
081782,0,0,0,-50,,,,
081784,0,0,0,-53,,,,
081786,0,0,0,-2,,,,
081787,0,0,0,-4,,,,
081788,0,0,0,-5,,,,
081790,0,0,0,-1,,,,
081794,0,0,0,-90,,,,
081798,0,0,0,-24,,,,
081800,0,0,0,-86,,,,
081801,0,0,0,-37,,,,
081802,0,0,0,-438,,,,
081803,0,0,0,-434,,,,
081804,0,0,0,-1061,,,,
081807,0,0,0,-10,,,,
081809,0,0,0,-20,,,,
081814,0,0,0,-9,,,,
081816,0,0,0,-60,,,,
081817,0,0,0,-137,,,,
081824,0,0,0,-3,,,,
081829,0,0,0,-10,,,,
081830,0,0,0,-20,,,,
081831,0,0,0,-6,,,,
081832,0,0,0,-32,,,,
081833,0,0,0,-14,,,,
081836,0,0,0,-22,,,,
081838,0,0,0,-30,,,,
081841,0,0,0,-20,,,,
081846,0,0,0,-190,,,,
08184U,0,0,0,-10,,,,
081851,0,0,0,-4,,,,
081858,0,0,0,-516,,,,
081862,0,0,0,-10,,,,
081866,0,0,0,-12,,,,
081867,0,0,0,-2,,,,
081870,0,0,0,-4,,,,
081878,0,0,0,-3,,,,
081879,0,0,0,56,,,,
081881,0,0,0,-1,,,,
081886,0,0,0,-10,,,,
081893,0,0,0,-4,,,,
081897,0,0,0,-25,,,,
081904,0,0,0,-10,,,,
081905,0,0,0,0,,,,
081913,0,0,0,-10,,,,
081921,0,0,0,-2,,,,
081922,0,0,0,-8,,,,
081925,0,0,0,-131,,,,
081930,0,0,0,-170,,,,
081945,0,0,0,-3,,,,
081952,0,0,0,-236,,,,
081953,0,0,0,-14,,,,
081957,0,0,0,-4,,,,
081959,0,0,0,-31,,,,
081960,0,0,0,-20,,,,
081964,0,0,0,-40,,,,
081969,0,0,0,-1235,,,,
081972,0,0,0,-2,,,,
081974,0,0,0,-10,,,,
081976,0,0,0,-10,,,,
081977,0,0,0,-13,,,,
081986,0,0,0,-20,,,,
081987,0,0,0,-40,,,,
08254U,0,0,0,-2,,,,
082619,0,0,0,-2,,,,
08262U,0,0,0,-30,,,,
08264U,0,0,0,-2,,,,
08276U,0,0,0,-5,,,,
08278U,0,0,0,-8,,,,
083190,0,0,0,0,,,,
083192,0,0,0,1,,,,
083200,0,0,0,10,,,,
08320U,0,0,0,6,,,,
08321U,0,0,0,-50,,,,
083642,0,0,0,-10,,,,
08388U,0,0,0,-15,,,,
08397U,0,0,0,11,,,,
084012,0,0,0,416,,,,
084021,0,0,0,16,,,,
08433U,0,0,0,-5,,,,
08437U,0,0,0,25,,,,
08438U,0,0,0,-78,,,,
08442U,0,0,0,5,,,,
08445U,0,0,0,-10,,,,
08473U,0,0,0,5,,,,
08477U,0,0,0,-10,,,,
084891,0,0,0,13,,,,
08490U,0,0,0,10,,,,
08498U,0,0,0,-5,,,,
085105,0,0,0,-5,,,,
08516U,0,0,0,62,,,,
08519U,0,0,0,-1,,,,
08520U,0,0,0,-10,,,,
085281,0,0,0,-10,,,,
08528U,0,0,0,-145,,,,
08541U,0,0,0,-350,,,,
08557U,0,0,0,3,,,,
08588U,0,0,0,-1305,,,,
08603U,0,0,0,-3,,,,
08619U,0,0,0,-3,,,,
086206,0,0,0,58,,,,
086448,0,0,0,1,,,,
086458,0,0,0,-10,,,,
086460,0,0,0,-26,,,,
086466,0,0,0,50,,,,
086470,0,0,0,50,,,,
08676U,0,0,0,149,,,,
08678U,0,0,0,-7,,,,
08680U,0,0,0,-9,,,,
08693U,0,0,0,33,,,,
086980,0,0,0,-253,,,,
08726U,0,0,0,-15,,,,
08727U,0,0,0,-195,,,,
08732U,0,0,0,-31,,,,
08735U,0,0,0,0,,,,
08748U,0,0,0,268,,,,
08751U,0,0,0,5,,,,
08752U,0,0,0,-10,,,,
08757U,0,0,0,-3,,,,
08767U,0,0,0,24,,,,
087680,0,0,0,-3,,,,
087686,0,0,0,-11,,,,
08772U,0,0,0,-3,,,,
08773U,0,0,0,-55,,,,
08775U,0,0,0,2,,,,
08776U,0,0,0,-20,,,,
08777U,0,0,0,-10,,,,
08792U,0,0,0,-487,,,,
087956,0,0,0,0,,,,
087960,0,0,0,1,,,,
08796U,0,0,0,-52,,,,
08797U,0,0,0,67,,,,
08801U,0,0,0,-2,,,,
08816U,0,0,0,1,,,,
08817U,0,0,0,11,,,,
08820U,0,0,0,138,,,,
08822U,0,0,0,20,,,,
08830U,0,0,0,-3,,,,
08833U,0,0,0,-21,,,,
08836U,0,0,0,34,,,,
08840U,0,0,0,20,,,,
088412,0,0,0,74,,,,
088418,0,0,0,10,,,,
08842U,0,0,0,-1,,,,
08845U,0,0,0,261,,,,
08847U,0,0,0,-1,,,,
08848U,0,0,0,-72,,,,
08855U,0,0,0,-255,,,,
088561,0,0,0,6,,,,
088571,0,0,0,-10,,,,
088586,0,0,0,10,,,,
088639,0,0,0,10,,,,
08863U,0,0,0,-10,,,,
088758,0,0,0,-1,,,,
08875U,0,0,0,50,,,,
08877U,0,0,0,126,,,,
08881U,0,0,0,-2,,,,
08886U,0,0,0,-10,,,,
08889U,0,0,0,-40,,,,
08892U,0,0,0,1,,,,
088964,0,0,0,0,,,,
08900U,0,0,0,3,,,,
08902U,0,0,0,40,,,,
08903U,0,0,0,-253,,,,
08904U,0,0,0,0,,,,
08908U,0,0,0,5,,,,
08914U,0,0,0,-13,,,,
08917U,0,0,0,-15,,,,
089289,0,0,0,-4,,,,
089291,0,0,0,800,,,,
08939U,0,0,0,-7,,,,
089497,0,0,0,5,,,,
08949U,0,0,0,6,,,,
089591,0,0,0,-1,,,,
08961U,0,0,0,280,,,,
08963U,0,0,0,100,,,,
08974U,0,0,0,60,,,,
08979U,0,0,0,-52,,,,
08980U,0,0,0,-45,,,,
089864,0,0,0,2,,,,
089927,0,0,0,0,,,,
08992U,0,0,0,25,,,,
1101,-1895.911,0,10,-72.363,38761,38157,94,94
1102,461.357,31,-154,-0.234,908,1087,28,28
1103,-117.797,0,4,0,4218,4218,0,0
1104,-232,0,0.8,0,1695,1701,0,0
1108,-8,0,0,0,396,396,44,44
1109,-34,0,-0.155,0,281,278,0,0
1110,0,0,0,0,2558,2558,0,0
1201,-90,0,0,0,1401,1402,0,0
1203,-1,0,0,0,22,22,0,0
1210,292.203,-328,-225.423,-0.001,647,640,1,2
1213,-1,0,0,0,0,0,0,0
1215,-572.48,43,0.257,0,497,464,2,1
1216,4808.11,-98.907,85,-118.852,900,822,5,3
1217,175,0,0,0,1859,1794,18,17
1218,97,0,-7.161,0,1782,1769,11,11
1219,-12.545,0,0,0,213,213,1,1
1220,0.693,0,-1,0.085,807,807,18,18
1225,-4,0,0,0,6772,6772,0,0
1227,-42.536,0,-0.147,0,1079,1072,1,1
1229,310.583,0,-0.064,-1.012,2994,2952,17,17
1231,-117.9,0,-0.168,0,293,292,1,1
1232,-2.991,0,0,0,165,162,0,0
1233,-2,0,0,0,74,75,0,0
1234,-12,0,0,-0.084,10,10,0,0
1235,-6,0,0,0,1162,1161,0,0
1236,1,0,0,0,162,162,0,0
1240,-1,0,0,0,19,19,0,0
1256,-13.88,0,0,0,332,326,1,1
1259,3,0,1,0,44,44,0,0
1264,-24,0,0,-0.345,5,5,0,0
1268,-2.277,0,0,0,20,19,0,0
1294,2,0,0,0,152,156,0,0
1295,5,0,-4,0,153,152,0,0
1301,-21392.024,0,-191.999,-499.771,20034,20166,240,302
1303,-28429.625,72.359,-431,-287.176,45751,44360,1827,2215
1304,-1473.619,0,-3,-82.484,9950,9826,66,69
1305,-969.491,0,-13,-21.724,6648,6231,21,25
1307,-116,0,-6,-20.717,1362,1323,0,0
1308,-474.634,0,0,-5.633,6263,6163,11,13
1309,-811.619,0,0,-5.995,7619,7434,90,71
1310,-2094.068,0,0.251,0,11251,11259,91,89
1312,-1334.634,0,-64,-39.901,38280,38211,38,38
1313,-733.07,0,0,-8.938,10963,10667,20,22
1314,-13732.997,0,-274,0,69896,69445,59,73
1315,-2,0,0,0,33,33,0,0
1316,-2154.985,0,-0.175,0,10309,9491,104,52
1319,404.516,0,24,-2,6989,7008,11,11
1321,25,0,0,0,7244,7248,1,1
1323,0,0,0,0,79,79,0,0
1324,-1,0,0,0,1262,1262,0,0
1325,-3,0,0,0,2205,2220,44,44
1326,-18204.61,500,-175.028,-1114.196,31793,30673,163,246
1336,10.558,0,0,0,2698,2697,11,11
1337,26.52,0,0,0,21458,21443,0,0
1338,-3,0,0,0,4108,4098,1,1
1339,10,0,-0.794,0,941,939,0,0
1340,15,0,0,0,1027,1024,0,0
1342,-20.753,0,0,0,519,531,3,3
1402,-8518.631,9128,-234,-473.968,7527,7536,119,162
1409,231.254,0,36,-19.061,21955,22268,0,3
1410,-8,0,0,0,247,246,0,0
1413,1,0,-1,0,0,0,0,0
1414,62,0,0,0,1148,1265,0,0
1416,-21.712,0,0,0,5858,5624,49,49
1417,-15.803,0,0,0,2032,2032,0,0
1418,2,0,0,0,772,772,0,0
1419,-15.96,0,-1,0,1220,1223,0,0
1423,0,0,0,0,86,86,0,0
1432,1.999,0,0,0,123,123,0,0
1434,692.999,0,-18.056,0,4530,7065,0,0
1435,1,0,0,0,0,0,0,0
1436,15.086,0,0,0,940,955,2,2
1437,-31.7,0,0,0,3262,3245,0,0
1438,9,0,0,0,142,139,0,0
1439,-1,0,0,0,1000,1007,5,5
1440,-601.103,0,-157,0.603,5221,5108,2,3
1441,-2,0,0,0,0,0,0,0
1442,-5.185,0,0,0,2637,2642,8,8
1443,-2,0,0,0,8,8,0,0
1444,-1104.791,0,0,0,723,510,0,0
1445,5,0,1,0,1366,1364,1,1
1446,4,0,0,0,1489,1471,0,0
1447,-483.79,0,0,0,656,656,0,0
1449,162.406,0,0,-0.784,3027,3073,5,5
1451,-91,0,0,0,575,575,0,0
1452,-14,0,0,0,108,108,0,0
1453,1,0,0,0,829,836,1,1
1454,2,0,0,0,2165,2165,0,0
1455,-80.283,0,28,0,3318,3279,2,2
1456,8,0,0,0,814,812,0,0
1457,9,0,0,0,662,662,1,1
1459,-1,0,4,0,244,242,0,0
1460,-36,0,0,0,0,0,0,0
1463,1.999,0,1,0,499,497,0,0
1464,23.186,0,0,0,1970,1974,0,0
1465,-2,0,0,0,3057,3066,0,0
1466,13.667,0,2,0,2970,2964,4,4
1467,-73.327,0,0,0,6955,6939,1,1
1468,2,0,1,0,0,0,0,0
1470,2,0,0,0,4,4,0,0
1471,-364,0,4.971,0,0,0,0,0
1472,,,,,3759,3797,3,3
1473,3,0,0,0,823,823,2,2
1474,2,0,0,0,3317,3317,0,0
1475,,,,,464,464,0,0
1476,45.252,3,-22.487,-10.521,1343,1364,20,25
1477,-124.708,3,-1.238,-21.436,1670,1670,7,6
1503,31.713,0,1,-15.988,2868,2866,25,26
1504,-2354.985,0,-54,-102.199,27604,27967,110,105
1506,17.906,0,0,0,0,0,0,0
1512,8,0,0,0,0,0,0,0
1513,-226.934,-71,-20.253,-32.952,6997,7006,43,46
1514,-148.982,0,10,-22.403,6182,6132,66,68
1515,-230.154,0,-2,0.554,2858,2883,53,52
1516,-4,0,0,0,2,2,0,0
1517,-57.875,0,0,0,1920,1975,4,3
1519,-511.332,0,0.247,-8.713,2924,2969,12,11
1521,-1,0,0,0,448,450,0,0
1522,155.125,0,0,0,3680,3679,3,2
1524,91.312,0,0,0,3810,3798,3,3
1525,5,0,0,0,232,235,0,0
1526,-10.49,0,0,0,713,708,10,13
1527,-95.145,0,0,0,501,505,0,0
1528,24.661,0,0,0,5541,5536,33,33
1529,-11.726,0,0,0,2798,2801,683,683
1530,-9,0,0.946,0,254,255,0,0
1531,16.848,0,0,0,1644,1673,4,4
1532,-28.609,0,0,0,2777,2776,0,0
1533,-23,0,-3,0,531,538,2,2
1535,-9,0,-1,0,56,56,0,0
1536,28.14,0,2,5.131,6490,6531,153,154
1537,-37,0,0,0,60,60,0,0
1538,,,,,0,0,0,0
1539,-3,0,-1,0,1210,1221,0,0
1540,28,0,-1,0,1491,1491,1,1
1541,1,0,0,0,105,105,0,0
1558,5.787,0,0,-1,163,163,0,0
1560,-16.207,0,-7,3.03,1364,1371,89,99
1563,227.189,0,-1,0.004,4440,5092,0,0
1565,4,0,0,-0.563,1089,1088,0,0
1568,-30,0,1,0,2049,2051,1,1
1569,103,0,0,0.056,10729,10771,34,32
1570,4,0,0,-0.354,1764,1765,2,2
1580,-5.029,0,0,-0.018,28,28,0,0
1582,-31.346,0,0,-1.116,3627,3608,3,4
1583,8,0,1,0,95,94,0,0
1584,-89,0,0,-0.036,5707,5720,24,24
1586,176.272,0,0,0,17440,17494,0,0
1587,-20,0,0,0,1661,1659,26,26
1589,,,,,647,647,0,0
1590,152.89,0,-1,-0.7,152,154,0,0
1591,-35.316,0,0,0,1211,1217,1,1
1593,,,,,124,124,0,0
1595,-34.979,0,0,0.298,4350,4348,39,43
1597,-139.709,0,0,-0.394,2450,2434,4,4
1598,385.398,0,-2,0,2123,2141,0,0
1599,-2,0,0,0,284,279,0,0
1603,91,0,7,0,2020,2034,1,1
1604,-13.045,0,-25,0,200,200,0,0
1605,4880.699,0,15,567.813,40983,40403,1171,673
1608,1636.202,0,6,16.502,7182,7247,51,55
1609,334.756,0,-4,17.708,11767,11767,16,14
1611,-146.965,0,-0.001,0,3145,3147,129,4
1612,222.634,0,0,0.001,1842,1891,1,4
1614,2,0,0,0,301,301,0,0
1615,3,0,0,0,129,138,0,0
1616,184.986,0,-0.003,0,2604,2623,3,3
1617,11.005,0,0.054,0,1544,1526,2,2
1618,34.637,0,0,0.765,3205,3195,0,1
1623,-38.167,0,0,0,113,113,0,0
1626,-7,0,0,0,1629,1639,0,0
1702,24,0,-0.092,0,261,261,0,0
1707,-111.381,0,0,-0.983,339,338,20,20
1708,-1251.198,0,0,0.109,6785,6907,63,83
1709,-1412.147,0,21,-1.006,28748,27979,1,61
1710,-2415.036,0,0,-41.664,12400,11638,57,68
1711,-193.006,0,5,104.19,16710,15392,281,240
1712,123.511,0,0,0,478,463,0,0
1713,-71,0,0,0,2932,2910,0,0
1714,-610.796,0,3,-256.588,18708,19097,5,10
1717,-512.09,0,-4,56.697,15992,16331,551,539
1718,191.995,0,27,107.173,19879,20104,201,189
1720,60,0,-0.038,0,294,292,0,0
1721,-30.484,0,0,0,125,125,0,0
1722,-1620.616,0,-8,-2.906,2871,2795,0,0
1723,38.556,0,0,-11.104,799,759,3,3
1725,7,0,-1,0,251,251,0,0
1726,-2.115,0,0,0,24,24,0,0
1727,-275.539,0,0,-32.147,7100,7077,245,241
1730,,,,,6,6,0,0
1731,-9.133,0,0,0,280,279,0,0
1732,32,0,0,0,735,726,7,7
1733,-60.061,0,-3,0,2397,2394,6,6
1734,-20.821,0,0,0,291,289,0,0
1735,-1,0,0,-0.058,689,691,0,0
1736,-112.934,0,10,0,1760,1745,12,13
1737,-335,0,0,0,82,93,0,0
1742,1,0,0,0,4165,4173,0,0
1752,8.263,0,0,0,320,320,0,0
1760,-17.984,0,0,0,1003,1000,0,0
1762,-47.798,0,0,0,854,846,1,1
1773,11.214,0,-0.836,6.927,1122,1108,1,1
1776,-6,0,0,0,643,656,1,1
1777,5,0,0,-0.017,52,57,0,0
1780,-20,0,0,0,,,,
1781,-4,0,0,0,0,0,0,0
1783,-11,0,1,0,494,496,0,0
1784,6.739,0,0,-1.684,1170,1176,0,0
1785,-215.666,0,0,-0.128,26298,26350,101,106
1786,2,0,0,-0.595,4939,4937,0,0
1788,-2.375,0,0,-0.092,1,2,0,0
1789,-100.154,0,0,0,3274,3258,5,6
1795,-342.834,0,-10,-13.385,8390,8344,6,15
1796,-1,0,0,0,353,343,1,1
1799,-14,0,0,-0.035,373,373,0,0
1802,5.307,0,-66,171.489,35109,35434,1654,1554
1805,14,0,0,0,1430,1429,0,0
1806,104,0,0,0,2566,2576,0,85
1808,-1522.276,0,-22.404,0,5604,5423,21,5
1809,-162.08,0,0,-1.12,5505,5474,40,43
1810,-268.341,0,2,0.616,22314,22414,119,122
1813,17,0,0,0,16,16,0,0
1815,-2595.391,5306,104,-643.234,51061,51712,2121,2624
1817,1,0,0,0,15,16,0,0
1903,-27,0,-1,0,2357,2354,0,0
1904,414.779,0,0,-0.195,4933,4845,33,33
1905,-443.921,0,-32,-0.629,12218,12193,20,20
1906,8.993,0,0,0,7266,7276,1,1
1907,135.183,0,36,0,23994,23998,5,5
1909,-1077.932,0,-6.866,0,11306,10905,22,74
2002,-209.844,-15,-1812,-247.356,45213,44990,186,214
2006,-651.261,0,6,67.518,1288,1191,8,7
2007,13,0,0,0,5,5,0,0
2008,1,0,0,0,92,92,0,0
2009,3108.016,0,0,7.69,6520,6649,159,49
2010,167,0,0,6,2041,2166,0,0
2012,8,0,0,0,202,202,0,0
2013,-3,0,0,0,1406,1407,0,0
2014,142.895,0,0,0,1020,1020,0,0
2015,23.763,0,-7,0,35,35,0,0
2017,-56.522,0,0,0,8180,8160,0,0
2020,66,0,0,0,675,678,0,0
2022,57.12,0,-11,0,2078,2097,0,0
2023,-157.16,0,0,0,2662,2642,15,27
2024,1,0,0,0,66,66,0,0
2025,-119.021,0,-1,0,70,0,0,0
2027,1865.366,-3,3,152.25,24973,24955,495,505
2028,14,0,0,0,1140,1159,0,0
2029,297.474,0,45,0,604,473,0,0
2030,1500.283,0,9,0,4986,4882,115,96
2031,-4.517,0,12,-17.766,2417,2184,28,28
2032,108.695,0,0,0,2509,2583,0,0
2033,159.087,0,0,0,3158,3159,58,68
2034,547.787,0,-3,-3.283,3094,3117,82,81
2035,,,,,0,0,0,0
2038,37.851,0,0,0,3496,3510,0,0
2049,59.005,0,1,-33.397,3612,3585,134,101
2059,36.571,85.64,-0.017,-3.558,609,626,0,0
2061,-8.95,0,-3,19.826,5727,5659,22,22
2062,28,0,0.718,0,1278,1266,1,1
2063,0,0,0,2,126,127,0,0
2064,-2,0,0,0,54,51,0,0
2065,2,0,0,0,73,77,0,0
2066,-3,0,0,0,3792,3793,0,0
2067,,,,,0,0,0,0
2069,85.482,0,0,0,493,472,9,9
2070,-80.084,0,2,-0.171,1897,1915,0,0
2072,-222.338,0,-1,0,,,,
2101,687.589,0,0,-3.807,19527,19542,0,13
2102,-82,0,0,0,3467,3466,118,4
2103,-298.835,0,11,-55.698,14795,14530,179,186
2104,-962.117,0,-55,-15.788,19511,19418,47,51
2105,298.828,29,2.921,-60.599,9639,9561,11,11
2106,-402,0,0,0,2974,2980,1,1
2107,28.209,0,6,0,114,140,0,0
2108,-409.36,0,0,-124.575,2247,2222,50,57
2109,7,0,0,0,684,690,0,0
2114,4,0,0,0,6,6,0,0
2115,-18,0,0,0,473,475,3,3
2201,-309.836,0,30,20.276,10232,10203,0,0
2204,-173.841,0,-4,-1.11,1239,1252,1,1
2206,51.73,0,-8,0,3741,3742,1,1
2207,13.782,1,3.94,0,64,72,0,0
2208,-594.048,0,0,0,0,0,0,0
2211,12.797,0,-30.085,0,683,681,0,0
2221,90.501,0,0,5.214,1229,813,6,4
2227,-1.547,0,0,0,,,,
2228,-69,0,0,0,1507,1505,27,6
2230,-6,0,0,-1.989,3464,3462,31,31
2231,-104.028,0,0,2.149,2629,2649,115,118
2233,236.849,0,0,-1.131,3856,3917,13,11
2235,-1,0,0,0,30,30,0,0
2236,3.961,0,0,-2.003,11438,11445,4,4
2237,-1,0,0,0,,,,
2239,1,0,0,0,1605,1603,0,0
2241,-398.774,0,-0.001,0,8128,8111,12,15
2243,-29.242,0,0,0,1315,1310,8,8
2247,0.749,0,0,0,111,111,1,1
2248,-37.993,0,-2,0,580,530,0,0
2250,9,0,0,0,1110,1112,0,2
2254,-4,0,0,3,2512,2510,0,0
2258,-148,0,0,6.213,,,,
2301,8748.267,111.641,106,626.885,15263,15947,336,68
2302,115.898,0,3,0.009,4190,4129,157,152
2303,2257.407,11914.022,1550.948,529.943,162424,152200,3287,2499
2305,304.557,0,0,-0.192,6692,6732,90,92
2308,-359.526,44.196,28.744,12.769,8210,8191,35,37
2312,3669.414,0,84,156.315,44099,44655,345,348
2313,-903.104,817,-142,20.232,31316,31460,1287,1272
2314,-9,0,0,0,0,0,0,0
2316,-186.334,0,0,-49.588,3903,3956,48,44
2317,-7545.249,20.39,90.501,-198.578,52733,52288,522,505
2321,,,,,0,0,0,0
2323,-1071.862,0,50,-63.123,30114,30051,17,23
2324,28426.511,1408,-558.971,646.451,54937,58224,1440,1044
2327,-377.348,-68.254,72.1,6.926,38284,38215,390,501
2328,-106.567,0,2,-15.349,16174,16205,116,126
2329,455.576,0,2,104.861,13691,13703,286,289
2330,-1620.725,157.389,-6.14,-17.291,27902,27798,31,45
2331,-2.055,0,17,-12.962,9850,9836,61,61
2332,-260.045,0,48,0.176,28542,28216,284,361
2337,7830.527,0,142,274.097,93353,94175,2629,2510
2338,-20.26,0,0,-2.626,4967,4937,22,22
2340,1315.354,0,77,49.081,7663,7628,72,60
2342,120.539,0,0.052,0.675,3753,3773,40,45
2344,-4145.723,-30.568,-302.21,-360.622,120382,121686,4927,5067
2345,399.27,-471.924,21.691,11.058,1838,1812,31,45
2347,119.924,33,5.665,-14.03,772,794,11,11
2348,-101.633,0,0,0,2308,2330,16,18
2348A,0,0,-5,0,,,,
2349,-157.209,0,0,0,0,0,0,0
2351,2090.948,0,-9.553,17.798,12913,12679,454,338
2352,-300.907,0,2,-3.02,15553,15524,19,19
2353,7345.719,22,39,155.052,37808,38398,2445,2429
2354,402.673,-1,-4,38.825,26572,26722,94,95
2355,-106.369,0,-46,-11.889,8496,8486,37,38
2356,1703.31,-115,30,181.513,27237,27262,440,442
2357,366.408,-27.124,-1,37.959,1671,1669,37,40
2359,-382.51,0,6.114,-77.5,7109,7138,412,448
2360,70.116,-29.098,-2.4,-1.05,1263,1318,12,14
2362,579.67,0,0,-0.553,2934,2909,15,7
2363,-762.495,0,-19,70.109,17032,16877,21,21
2364,-7.729,0,-2.618,0,872,900,0,1
2365,-297.007,0,0,-2,7950,7977,71,68
2367,37.781,0,-32,4.29,23893,23849,411,412
2368,-228.554,-248.063,-17.686,24.777,7032,6874,78,91
2369,1078.698,0,-6,9.627,13006,12972,140,120
2371,-865.528,0,-10,25.015,46174,46037,747,746
2373,2,0,0,0,46,46,0,0
2374,-970.963,0,0,-38.847,15710,15681,40,32
2375,8.3,0,1,-48.035,5785,5814,555,585
2376,-454.245,0,-44.1,-13.992,7031,6930,135,134
2377,1954.622,-53,-4.588,138.293,15374,15518,34,28
2379,302.901,-11,-0.4,-1.242,2628,2650,28,28
2380,5,0,0,0,0,0,0,0
2382,1178.657,107.415,-9.302,82.92,15576,15760,61,58
2383,147.567,-195.38,16.704,24.579,1686,1874,0,58
2385,217.819,3,0,2,2749,2750,4,4
2387,-23,0,-0.023,0,1244,1250,0,0
2388,-890.22,0,-21.173,-9.204,9988,9918,144,167
2390,-191.022,0,-2,0,2091,2090,0,0
2392,1364.896,0,85.138,354.02,4316,4260,63,39
2393,751.486,-369,-160,-4.801,2099,2105,28,29
2395,256.14,-7.085,-7.887,-4.438,1721,1730,40,39
2397,-66,0,0,0,1631,1630,2,2
2399,638.807,0,0,77.872,11347,10969,514,315
2401,-796.184,0,38,2.834,7868,7762,98,98
2402,-166.688,0,1.82,11.301,11752,11759,68,70
2404,-48.253,-2,-1.214,1.258,2158,2158,6,6
2405,86,0,0,0,7498,7562,39,39
2406,-740.016,0,0,-11.598,12643,12563,243,248
2408,-11488.857,887.791,-354.971,-193.57,67982,70307,2749,2891
2409,-9051.136,0,-22,-117.346,229925,229287,10906,9140
2412,-1510.985,-0.7,27,1,1675,1678,27,27
2413,-121.273,0,5,0.311,4188,4156,0,0
2414,-111,0,-11,0,284,283,0,0
2415,26,0,0,0,2455,2490,0,0
2417,50.728,0,2,0,3182,3218,14,17
2419,-10.974,0,0,1.999,5844,5942,2,2
2420,-213.1,0,-5,-0.601,483,482,0,0
2421,177.4,0,-2,14.026,4291,4193,23,24
2423,-62,0,0,0,506,505,1,1
2424,-2,0,0,0,0,0,0,0
2425,119.328,0,2.344,0,5989,6004,13,20
2426,13702.617,0,29,56.393,17922,25108,1302,1029
2427,50,0,0,0,5359,5398,18,27
2428,-272.679,0,3.294,-2.878,2575,2572,0,0
2429,38.022,0,0,0,318,318,0,0
2430,2,0,0,0,59,89,1,1
2431,12.997,0,0,0,1363,1368,0,0
2432,-1,0,-2,0,307,307,0,0
2433,3,0,0,0,24,24,0,0
2434,136.389,0,1.419,0,442,430,6,6
2436,-137.288,0,-16,45.789,6507,6470,1835,1896
2438,-5,0,1,0,0,0,0,0
2439,107.405,0,1.869,-14.669,3771,3791,0,0
2440,-55.987,0,-5,0,1599,1591,10,10
2441,-851.095,496,-1,16.887,7265,7276,0,0
2442,-1237.241,0,0,0,3821,3764,4,4
2444,-6,0,2,0,0,0,0,0
2449,3722.519,-683.109,-54.758,26.626,20272,20438,202,138
2450,-4,0,0,0,81,84,0,0
2451,-402.842,75,-138.309,-3.824,6266,6253,431,423
2453,-17.769,0,0,0,2304,2308,1,1
2454,-132.183,-95.353,2.258,-6.736,9460,9502,39,41
2455,107.2,-5,169,232.457,10469,11771,572,859
2457,68.006,0,0,-5.619,11907,11915,82,82
2458,-129.942,-75,-20,-5.181,3621,3601,21,1
2459,-10,0,-3,0,91,89,0,0
2460,51.934,0,0,0,207,207,0,0
2461,942.351,0,13,0,8042,8042,8,8
2462,86,0,0,-0.535,2295,2292,0,0
2464,1336.938,180,6,204.743,18171,18739,884,893
2465,850.874,0,-4,0,4426,4486,67,57
2466,-703.373,0,-11.371,0,6076,5909,383,402
2467,-238.667,0,0,-6.038,1655,1641,31,40
2468,-36.465,0,0,0,3391,3375,6,0
2471,16,0,0,0,1282,1283,2,2
2472,123.544,0,0,6.053,5067,5105,6,14
2474,230.684,7,0,-38.931,8279,8443,9,9
2476,-213.89,0,0,21.22,42206,42128,21,24
2477,-4,0,0,0,1234,1242,3,3
2478,-172.994,0,2,-23.65,9330,9534,31,39
2480,70.589,0,0.058,-1,447,445,0,0
2481,1899.915,0,52.803,-44.822,16636,16838,730,702
2482,-7,0,0.496,0,1874,1861,0,0
2483,81.805,0,1,0,1964,1955,7,10
2484,-3769.71,0,-103.571,-13.859,14736,14084,79,0
2485,-309.111,0,-5.932,16.392,10720,10622,223,232
2486,-1035.324,59,-94.79,4.39,22241,21968,565,531
2488,-54.492,0,-1,0,446,429,0,0
2489,-3485.03,272,483,-120.482,30433,31256,748,646
2491,-201,0,-7.002,0,1404,1516,28,16
2492,-172.78,0,-46.125,3.784,16538,16655,569,582
2493,-199.386,0,-2.893,-13.262,9951,9932,14,19
2495,310.039,0,-21,-18.276,7746,7709,11,14
2496,-3,0,0,0,34,34,0,0
2497,-35,0,0,0.862,1794,1777,3,3
2498,-653.651,0,-8,-45.198,28068,28140,225,241
2501,-4,0,0,5,4522,4479,0,0
2504,801.145,0,10,0,4694,4668,11,2
2505,-85,0,0,0,3366,3366,0,0
2506,-59,0,0,0,1849,1847,0,0
2509,-1,0,-12,0,652,652,1,1
2511,-13.604,0,-4,0,2472,2487,1,1
2514,-36,0,-0.698,0,18222,18223,1,1
2515,3522.221,0,2,51,29072,29121,45,45
2516,-22,0,1,0,0,0,0,0
2520,-44.4,0,-0.309,1.9,2117,2154,0,0
2524,12,0,0,0,3188,3187,0,0
2527,-172,0,-0.021,3.244,4704,4680,0,0
2528,51,0,0,0,6303,6303,0,0
2530,-290,0,10,0,6795,6778,8,8
2534,85.006,0,0,0,8556,8537,1,1
2535,-49.781,0,-0.003,0,272,273,3,3
2536,-231,0,0,0,5118,5231,0,0
2537,-64.697,0,0,-0.016,3646,3657,12,12
2538,130,0,0,0,2566,2547,0,0
2539,-714,-1,-6,0,1448,1420,32,32
2540,-37.41,0,0,0,2881,2871,16,18
2542,-899.015,111,182,-212.034,3797,3544,21,16
2543,3.243,0,0,3.004,9061,9126,16,16
2545,10,0,0,0,2744,2749,2,0
2546,114.051,0,8,0,250,258,0,0
2547,-76,0,-43,0,9904,9854,0,0
2548,-106.647,3.7,-6.842,2.254,2029,2042,8,6
2596,13,0,0,0,2308,2300,0,0
2597,37,0,-0.741,0,159,149,0,0
2601,-866.753,0,-59.148,0,348,354,0,0
2603,9343.268,12.801,137,314.307,12117,12561,569,555
2605,103.377,0,-193,-388.37,14232,15324,239,242
2606,1986.235,-71,32.382,-101.849,4278,3463,75,68
2607,59.798,0,0,-0.001,757,771,7,20
2608,70,0,0,0.039,1127,1121,1,1
2609,30651.418,27,-1123.281,-350.26,35612,37454,3288,2776
2610,8379.769,190,322,263.184,48242,47479,219,233
2611,-576.903,0,0,0,3340,2984,13,22
2612,474.204,0,3,-9.923,1761,1735,21,6
2613,-1165.57,0,-14,0,2532,2177,17,14
2614,-234.979,0,0,0,5490,5408,10,10
2615,11518.471,12,61.813,-543.582,16649,17159,2543,2823
2616,-6,0,0.863,0,425,425,0,0
2617,839.504,0,-50,7.869,2098,2089,4,5
2618,6462.699,-112,53,152.131,22942,23083,822,767
2630,-80,0,0,-56.543,5775,5805,41,44
2633,345.906,115,0,0,1696,1698,26,26
2634,-232.049,-2,220,3.093,25237,25406,523,756
2636,-801.168,0,-1.473,0,1073,728,1,1
2637,5544.206,-5556.7,12.141,-44.58,4058,4303,146,265
2640,6,0,0,0,505,503,0,0
2641,1154.072,0,-40,11.477,11440,11741,443,277
2642,-5,0,2,0,596,602,5,5
2643,-5,0,0,0,113,114,0,0
2645,-1103.881,-2,-0.269,-18.215,5445,5485,4,4
2646,905.689,0,0,4,3632,3724,37,37
2701,1,0,0,0,372,376,0,0
2702,0,0,0,0,431,431,0,0
2704,-51,0,0,0,110,116,0,0
2705,1,0,2,0,542,554,0,0
2706,-11,0,0,0,654,662,0,0
2707,-44,0,0,0,130,130,0,0
2712,,,,,6,6,0,0
2718,-20,0,0,-0.03,280,215,0,0
2719,-9,0,0,-0.06,117,113,10,10
2722,-2,0,0,0,354,355,1,0
2723,418.704,0,-23.108,0,1527,1552,11,8
2724,0,0,0,0.634,0,0,0,0
2726,0,0,0,-0.2,283,283,0,0
2727,57.59,-65,0,-0.343,290,289,3,3
2729,29,0,0,0,12,13,0,0
2731,-33,0,-1.929,-1,864,863,6,6
2732,7,0,0,-0.021,288,286,0,0
2734,46,0,0,-0.464,586,589,1,0
2736,23,0,0,-0.029,542,548,0,0
2739,-47,0,6,0,939,945,1,0
2743,-19,0,22,-0.233,587,589,2,2
2745,-33,0,0,0.34,520,516,14,14
2748,-23,0,0,0,506,510,0,0
2751,5,0,0,0,2,2,0,0
2753,103.811,0,0,0.357,524,544,0,0
2754,-3,0,0,-0.035,327,327,0,0
2755,-1,0,0,0,34,34,1,1
2756,0,0,0,0.099,336,330,0,0
2762,-1,0,-4,0,196,196,0,0
2801,-1172.031,-226,65,1.946,8290,7998,52,52
2812,7127.28,-6,0,0,2757,2556,21,21
2816,73.15,0,2,0,1096,928,5,0
2820,352,0,0,0,490,485,1,1
2832,16.497,0,0,1.3,636,647,0,0
2834,-14495.768,-13,-30,-9,26389,26154,26,26
2836,120.369,0,0,0,6297,6302,4,4
2838,-287,0,0,1.127,743,749,1,1
2845,-2364.009,1523,790,0,3588,3557,20,20
2849,-4,0,-2,0,294,294,0,0
2850,-74.453,0,-0.263,0,284,284,0,0
2851,-4011.677,0,-50,-93.005,3302,2986,29,59
2852,188.02,0,0,0,1486,1466,0,0
2855,-2749.561,1324,0,0,4758,4706,159,156
2867,,,,,1289,1289,0,0
2880,2438.98,-3166.704,60.987,-30.825,2304,2127,31,36
2881,-1826.698,7.47,67,89.18,6145,5986,220,236
2881B,0,0,1,0,,,,
2882,-4970.454,2.25,23,-36.697,5686,4219,216,218
2883,-5532.945,945.11,0.047,31.803,10733,9640,64,63
2883B,147.518,0,14,0,,,,
2884,-900.763,437,-9.628,75.971,4886,5255,760,639
2885,-9455.026,-728.104,12.017,0.698,2916,2689,1,1
2886,12920.029,-3622.169,40.957,-83,2173,2152,13,13
2887,-13423.857,-723.3,59.219,386.103,40635,39988,185,243
2887E,-2,0,0,0,,,,
2887I,-121,0,0,0,,,,
2889,-304.956,0,2,0,2706,2680,3,3
2890,-7556.246,-1126.404,39.308,-18.97,3065,2189,101,101
2891,-8107.904,-73.246,120.406,-12.735,3621,3441,92,52
2891B,0,0,0,0,,,,
2892,12784.114,-4483.055,18.207,-12.493,2210,2318,14,15
2897,642.185,0,0,0,1607,1664,34,4
2901,2,0,0,0,474,474,0,0
2903,641.074,0,0,0,1526,1529,4,4
2904,0,0,0,0,9,9,0,0
2905,-186.714,0,2.734,0,7003,7064,1,1
2906,-33,0,0,0,578,602,0,0
2908,36,0,0,0,14538,14628,0,0
2910,1,0,-1,0,44,44,0,0
2911,1,0,0,0,174,177,0,0
2912,206.862,-5,0,-59.993,569,569,1,0
2913,354,0,2,0,6807,6767,2,2
2915,113.948,-1,11,-1.832,9262,9198,29,43
2916,-6,0,0,0,104,104,0,0
2923,-22,0,4,0,,,,
2924,,,,,4,4,0,0
2926,-1,0,0,0,4,4,0,0
2929,-6.001,0,0,0,2041,2038,0,0
2937,-2,0,0,0,,,,
2939,-5,0,0,0,241,241,1,1
2945,-1,0,0,0,,,,
2947,-1,0,0,0,,,,
2949,2,0,0,0,,,,
3002,21,0,-1,0,1843,1833,17,17
3003,-65.958,0,-9.243,1.302,2299,2301,11,13
3004,-39.58,0,0,-1.733,1968,1959,2,2
3005,-316.768,0,-0.151,-16.221,8713,8683,51,54
3006,3789.454,0,-63,156.259,17815,15945,598,480
3008,-269.876,168.883,-31.349,-20.795,2900,2981,41,49
3010,39.453,0,9,1.489,1321,1327,5,5
3011,-84,0,0,0,2698,2748,0,0
3013,65.816,0,0,7.431,8420,8433,41,43
3014,48.245,-1.2,0,2.772,2672,2679,20,20
3015,9.4,0,4.23,-0.164,2351,2344,2,2
3016,-15.052,0,-8,44.806,7503,7492,0,3
3017,384.959,46.836,-1,29.409,4196,4216,11,9
3018,0,0,0,0,0,0,0,0
3019,-430.776,0,-32.702,-14.73,10474,10438,34,40
3021,5,0,0,0,596,599,0,0
3022,529.501,0,-5,7.087,5829,6010,23,20
3023,67.384,0,-23.554,0.153,1135,1157,7,7
3024,414.231,0,-3,0,9904,10083,24,20
3025,-103,0,0,-0.13,1604,1601,0,0
3026,-235.946,1328,24,1.21,9694,9890,331,528
3027,41,0,-0.025,0,4604,4604,2,2
3028,48,-6,7,0.008,2871,2938,37,34
3029,423.105,0,0.11,39,2896,2815,14,11
3030,-63.854,0,1.648,-43.487,10049,10048,11,10
3031,-587.607,0,-5.711,0,5273,5271,5,35
3032,-13.93,0,0,-2.002,8175,8180,7,7
3033,2082,0,-141,-262.2,8964,9092,1037,744
3034,1838.05,-44,36.9,194.142,2655,2678,239,241
3035,170.327,0,22,26.64,10345,10333,340,354
3036,-1879.122,-26,29,-11.287,11596,11457,41,40
3037,546.44,-172.316,1,-16.447,36000,36111,916,815
3038,12,0,0,0,1626,1626,0,0
3040,9.999,0,0,0,10063,10098,1,2
3041,2.795,0,0,0,3481,3482,39,39
3042,-3513.923,0,-1.393,-223.281,13880,13366,328,384
3043,9.999,0,3,0,837,842,0,0
3044,-716.187,114,1.381,-21.956,6185,6266,17,22
3045,5735.361,12.741,-13,0,606,635,400,415
3046,10.364,0,6,0,1081,1084,9,9
3047,24,0,-0.22,0,6390,6398,10,10
3048,127.1,0,0,-151.869,6353,6318,34,34
3049,69.095,0,3.996,-6.713,669,0,0,0
3050,10.053,0,0,0,3257,3277,0,0
3051,96.008,0,-5.001,0,4040,4044,1,1
3052,162,0,2,0,1812,1828,0,0
3054,-18,0,1,0,999,1012,0,0
3055,-18.895,0,0,-0.047,6311,6314,30,35
3056,-173,0,-0.003,0,3457,3456,2,2
3057,-46.084,0,8,0,0,0,0,0
3058,-91,0,0,0,0,0,0,0
3059,57.863,0,0,-3.218,11114,11136,27,28
3060,-157.591,0,0,0.038,8391,8376,13,19
3062,54,0,3,3.491,9655,9612,53,53
3064,,,,,0,0,0,0
3066,-83.19,0,0,-0.147,1410,1431,1,1
3071,-24.08,0,0,-0.293,3925,3908,1,1
3073,-4,0,0,0.219,652,648,2,1
3078,-323.01,0,180,-1.781,5566,5554,10,15
3081,-309.494,-25.188,69.494,20.6,5647,5613,176,195
3083,-3,0,0,0.434,1216,1216,11,11
3085,,,,,0,0,0,0
3086,-2,0,0,0.265,6785,6793,12,12
3088,-155.204,0,0,-0.29,2410,2390,177,194
3090,-260.94,0,-12.977,-15.856,7003,7056,61,127
3092,14.999,0,0,0,3600,3609,4,5
3093,15.1,0,0,-1.091,5946,5976,7,7
3094,774.356,0,2.972,0,2862,2915,123,90
3095,,,,,411,411,0,0
3105,-2165.821,3,-154.607,-64.377,44932,45338,1079,909
3114,-37.971,0,0,-0.004,1106,1111,0,0
3118,1,0,0,2.859,27,27,0,0
3122,-11.397,0,0,0.022,53,53,0,0
3128,-14,0,0,0.032,1760,1754,0,0
3130,-6.851,0,0,0,10,10,0,0
3131,61.211,0,-0.956,4.968,323,322,20,19
3135,-149.375,-30,-1.76,21.729,2834,2689,51,102
3138,14.986,0,0,-0.222,2017,2020,18,17
3141,62.11,0,5,-1.702,5500,5497,124,119
3147,1,0,0,-7.225,1394,1392,0,0
3149,-630.061,0,0,0.488,22701,22749,90,108
3150,-10,0,1,0,251,247,0,0
3152,-271.19,0,0.041,-10.927,730,687,0,4
3162,-60.5,0,0,-1.593,5782,5802,0,0
3163,-692.049,-5,-7,0.699,7262,7447,297,319
3164,1,0,0,0,305,305,8,8
3167,-611.827,0,-6.454,2.133,7881,8113,24,57
3168,1,0,0,0,30,30,0,0
3169,-27.742,0,0,-1.039,1039,1037,0,0
3171,0,0,0,-0.025,71,71,0,0
3176,92.382,0,0,-0.08,791,753,2,1
3178,-5,0,-0.01,0.133,1088,1086,1,2
3188,-35,0,0,0,2767,2763,5,5
3189,-2391.959,-246,-35.9,-33.344,19918,19621,307,324
3191,0,0,0,0,0,0,0,0
3205,9,0,0,-0.075,1617,1627,5,5
3206,-3,0,0,0,800,791,0,0
3207,-17,0,0,-1.324,4410,4406,5,5
3209,23,0,11,0.636,4869,4886,7,8
3211,488.549,-2123,-0.286,-34.459,10778,11098,91,90
3213,-36.76,0,0,-2.406,1318,1318,0,0
3217,-77.545,0,0,-3.811,1744,1748,21,21
3218,-47,0,-1.05,-0.041,652,653,0,0
3219,96,0,0,68.247,1385,1392,143,42
3221,-295,0,0,-25.047,3323,3309,152,164
3224,2,0,0,0,7843,7845,0,0
3226,-1,0,0,0,1,9,0,0
3227,-36.84,-300,0,-9.16,2804,2821,35,43
3228,-4,0,0,-8.017,0,0,0,0
3229,-799.942,0,0,0,289,0,0,0
3230,-307,0,0,-0.041,3759,3775,48,52
3231,-4107.603,23.446,6,0.765,39149,39189,682,691
3232,0,0,0,0,2948,2961,0,0
3234,440.004,0,-4,1.175,0,0,0,0
3236,-70.98,0,0,-0.883,3611,3608,0,0
3252,0,0,0,0,12285,12285,0,0
3257,-40,0,-3,0,2436,2458,48,48
3259,,,,,0,0,0,0
3260,10273.772,148,-27,92.641,18035,19026,902,929
3264,655.474,-688,6,-10.246,5390,5462,126,95
3265,-61,0,0,-4.509,4171,4212,59,65
3266,-4,0,0,0,356,346,0,0
3268,-5,0,0,0,1873,1871,0,0
3272,1,0,0,0,1057,1063,9,9
3276,-37.001,0,0,-0.123,1494,1477,0,0
3284,9.02,0,0,0.06,962,962,16,16
3285,-2,0,0,0.086,351,351,0,0
3287,85.036,0,0,0,1872,1870,0,0
3288,-12,0,0,-0.222,0,0,0,0
3289,11,0,0,-1.431,7345,7385,20,20
3290,-52,0,0,-16.141,9245,9188,18,21
3293,241.724,-918,-3.522,-3.935,2326,2236,11,12
3294,-15.198,0,0,-2.418,6293,6300,25,25
3296,-6,0,0,0,1832,1827,5,4
3297,1,0,0,-0.334,670,671,2,2
3303,-24.22,0,-4,-0.199,1917,1909,1,2
3305,-74.811,0,4,-12.917,7055,6978,47,47
3306,0.283,0,0,5,860,861,0,0
3308,-4,0,-1.984,0,708,705,0,0
3310,-1,0,0,0,2524,2524,0,0
3311,3,0,0,0,2914,2911,0,0
3312,-56.007,0,0.032,-2,5065,5035,46,50
3313,-13,0,0,-0.399,639,639,0,0
3317,-9.2,0,0,-2.244,3928,3950,0,0
3321,0,0,1,0,0,0,0,0
3322,-31,0,0,-0.228,9559,9557,2,3
3323,-16,0,0,-2.38,5629,5603,30,33
3324,786.31,130,16.5,116.896,5004,5172,39,34
3325,-1,0,0,0.678,543,545,0,0
3332,,,,,115,115,0,0
3338,-3.003,0,-0.29,0,3426,3427,8,8
3339,-1.431,0,0,0,6490,6522,47,47
3346,-50,0,0.399,0,2878,2882,8,8
3349,-28,0,0,0,,,,
3354,7,0,-3,-0.228,1129,1126,1,1
3356,-66.237,0,1.597,0,1588,1625,11,11
3357,25.124,0,0,1.512,3696,3713,50,56
3360,-8.8,0,0,0,2686,2700,17,17
3362,-418.954,0,0,-4.643,5757,5469,492,470
3363,-509.65,0,-9,0.935,5839,5836,268,307
3372,-22.141,0,-20,-0.528,0,0,0,0
3373,-4,0,0,0.009,830,834,0,5
3374,223.802,0,-31,-16.129,29212,29329,232,279
3376,368.47,0,116,32.481,11405,11349,41,34
3379,29.1,0,0,0.161,1786,1798,11,11
3380,-205,0,-40,0.317,5266,5306,11,5
3388,137,0,-4,-0.601,3058,3133,756,773
3390,-55,0,0,0,2368,2367,0,0
3402,-18,0,0,-1.533,1269,1265,1,1
3406,-440.012,0,-142.7,-16.592,4700,4345,120,116
3413,-184.046,0,0,-3.894,3691,3674,4,3
3416,-53,0,0,2,821,821,4,4
3419,-7,0,-1,0,1004,1006,0,0
3430,-14.14,0,0,-5.907,1863,1876,10,10
3432,1,0,0,0,0,0,0,0
3434,6,0,0,0.032,1527,1532,0,0
3437,-124,0,0,0,2651,2620,37,34
3438,9,0,0,0.66,960,959,10,10
3441,-417.821,0,1,-0.207,4776,5102,1105,1176
3443,-48.115,208.231,-5.4,17.945,4982,5058,147,105
3444,-26.069,0,0,0.301,969,947,7,1
3447,-14,0,0,0,1923,1917,26,27
3450,-764.903,-306,-100.202,-55.449,13557,13981,399,446
3455,41.005,0,0,4.101,4645,4706,38,104
3465,9,0,-16,0,742,742,0,0
3466,28,0,0,0,10704,10687,5,6
3467,-4,0,0,0,163,162,0,0
3479,-90.5,0,0,-0.133,3294,3290,178,179
3481,-23066.017,-6,63,-179.077,308357,306817,4938,5243
3483,30.97,0,0,8.25,4736,4748,7,7
3484,-42.012,0,0,0.73,1796,1795,17,17
3485,-25.247,0,-3,-0.31,,,,
3489,145,0,0,0,270,199,0,0
3490,194.06,0,-1,20,3749,3432,411,403
3491,-90.418,27,0.115,-0.23,3028,3068,27,29
3492,-9,0,0,4.919,721,730,0,0
3494,-3,0,0,0,0,0,0,0
3498,185,0,18,-31.775,4784,5061,622,729
3499,0,0,0,-0.133,0,0,0,0
3501,61,0,0,0,1174,1174,0,0
3504,-194.828,0,1,3.006,3337,3325,293,301
3508,-4,0,0,0,0,0,0,0
3511,-29,0,0,0,2634,2633,2,2
3512,1,0,0,-0.67,693,693,3,3
3515,114.517,0,0,-1.423,1538,1546,0,1
3516,2,0,0,-0.275,9235,9236,1,5
3518,36,0,0,0,4229,4213,59,59
3520,-234.526,0,0,0,2332,2324,7,7
3521,-4,0,0,0.045,2272,2270,0,0
3522,3,0,0,-0.2,0,0,0,0
3523,-4,0,0,0,0,0,0,0
3526,-136.899,-1,-1,-0.692,1930,1919,9,9
3527,-13,0,0,0,1121,1108,0,0
3528,-23.176,0,1.021,0,1918,1924,0,0
3529,-75.071,-1,-8,-3.345,1486,1484,4,4
3530,6,0,-0.196,0,1260,1262,0,0
3531,0,0,0,0,35,35,0,0
3532,889.737,1008,128,28.858,8497,8551,427,378
3533,-82.27,-1,1.6,2.941,1606,1591,1,0
3535,-32.5,0,0,-1.556,3865,3834,59,63
3537,-0.802,0,0,0.824,1456,1460,0,0
3540,-588,0,0,-4.481,2162,2213,35,43
3541,1,0,0,-0.5,287,284,0,0
3543,-1360.838,0,-1.103,0,4777,4537,209,196
3545,130.557,0,0,0.131,4354,4349,24,22
3546,-4.457,0,0,-0.007,1877,1877,5,4
3548,22,0,0,1.253,3166,3190,15,14
3550,58.257,0,5.796,0,14075,13910,12,12
3551,-19,0,0,-21.503,1413,1410,3,3
3552,-6,0,0,0.817,1461,1468,0,0
3555,-3,0,0,0.029,719,720,1,1
3556,-179.244,0,0,-2.023,1125,1140,1,1
3557,-8,0,0,0,368,372,0,0
3558,0.384,0,0,1.137,1376,1376,0,0
3563,-79.847,-4,0,-11.233,5826,5753,1,3
3564,-13,0,0,0.305,548,565,0,0
3567,6,0,0,0,678,677,0,0
3570,-1.2,0,0,0,104,108,0,0
3576,-544.438,0,1,0,0,0,0,0
3577,-90.017,0,2,-1.435,878,869,6,7
3580,-57.074,0,0,-0.322,2475,2477,12,20
3581,13.862,0,0,0.081,1375,1368,23,21
3583,-87.847,0,1,1.488,1920,1907,23,23
3587,-13.994,0,0,-1.947,2918,2929,5,6
3588,-24.55,0,0,-0.364,1698,1695,1,2
3591,39,0,-6,0,27418,27442,33,33
3592,49.977,-1,0,1,985,1011,0,0
3593,,,,,0,0,0,0
3594,-99,0,0,33.662,3538,3492,0,0
3596,-381.788,0,-0.278,0,1923,1849,5,5
3597,1,0,0,-0.005,957,960,1,1
3605,-2948.029,1128,-24,240.909,14230,14181,1085,1133
3607,-25,0,-4,0,1975,1969,1,1
3609,-7,0,0,-0.074,4176,4216,0,0
3611,-3,0,0,0,196,200,0,0
3615,-15,0,0,0.552,3254,3241,39,40
3617,-163.049,0,-5.888,2.077,2018,2046,14,14
3622,114,0,-1,-0.563,1417,1413,7,20
3623,-1,0,0,0,645,647,5,5
3624,-321.33,0,-30,-18.148,7052,6936,84,87
3625,76.109,0,0,0.517,0,0,0,0
3628,-14,0,0,-0.425,906,905,2,2
3630,-13,0,0,-0.625,4247,4235,68,68
3631,-4,0,0,0,1377,1349,0,1
3632,,,,,0,0,0,0
3645,31.057,0,0,-1.493,5082,5090,93,95
3646,4,0,0,0,1172,1163,0,0
3652,-34,0,0,0,579,627,0,0
3653,556.61,-4.748,15.634,-12.071,2984,3089,49,52
3661,-27.969,-1.014,-5.6,-1.031,6184,6194,31,32
3663,-1.82,0,0,0.089,2868,2868,7,7
3664,,,,,0,0,0,0
3665,-1582.327,-456.033,46.1,14.452,3132,2819,212,17
3666,1,0,0,0.005,2006,2002,0,0
3669,-40,0,-1,0,779,785,0,1
3672,,,,,0,0,0,0
3673,-1804.06,0,-16,-79.665,14655,14622,73,103
3675,111.105,0,-0.406,1.459,1789,1810,14,14
3679,7,0,0,0,97,97,0,0
3680,-147.674,0,-6.6,-15.669,3157,3156,61,64
3684,2,0,0,-0.765,435,444,0,0
3685,2,0,0,0,11,11,0,0
3686,-17,0,0,0,0,0,0,0
3687,0,0,0,-0.8,1102,1105,1,1
3689,-83,0,0,-0.431,5013,4964,1,1
3691,-54.004,0,-6,-7.36,2579,2595,239,258
3693,180.175,0,8,12.013,4077,4026,0,0
3694,-17,0,0,0,7290,7196,22,34
3701,17.033,0,0,9.865,5950,5983,60,61
3702,-1033.848,1280,208,1.87,8572,8509,0,0
3703,311,0,0,0.816,1393,1428,2,1
3704,-42.273,0,0,9.49,8978,8952,27,27
3705,-34.3,0,0,0,367,367,0,0
3706,3241.595,1197,73,70.032,27230,27827,152,163
3707,37.681,0,0,-20.017,11544,11629,299,303
3708,-41.8,0,0,8.723,2977,2975,610,684
3709,-80.786,0,-2.01,-3.348,4328,4303,4,4
3710,-135,0,0,0,0,0,0,0
3711,563.72,1011.247,-70.57,-72.835,11713,12019,203,200
3712,213,0,0,0,2244,2249,16,19
3713,1,0,0,0,,,,
3714,77.544,0,38,-0.598,23276,23544,160,155
3715,-147.434,0,0,13.206,20677,20699,518,597
3716,-248.405,0,0,-5,698,713,0,0
3717,-215.121,0,21,0.852,12435,12480,526,526
4102,-6,0,0,0,67,69,0,0
4104,4,0,-0.013,0,106,105,1,1
4105,3.758,0,0,0,900,897,0,0
4106,-20,0,-4,0,671,673,0,0
4107,-23,0,0,0.011,38,40,0,0
4108,-11,0,3,0,0,0,0,0
4109,-15,0,0,0,3559,3556,0,0
4111,-42,0,0,-0.434,567,554,0,0
4113,7,0,0,-0.327,10566,10571,3,3
4114,15.848,0,0,-1.809,2436,2428,17,20
4116,6,0,0,0,377,380,0,0
4119,1,0,0,-0.127,502,515,54,54
4120,-20.03,0,0,0.005,831,830,0,2
4121,0,0,0,0,5206,5206,1,1
4123,-623,0,-16.066,-22.313,9937,9921,30,33
4126,0,0,0,0,728,728,0,0
4127,-270,0,0,0.602,1034,1002,1,2
4128,-608.549,0,-10,0.445,8184,8163,49,54
4129,-33,0,0,0.297,1176,1175,0,0
4133,6,0,0,0,1267,1268,0,0
4137,-195,0,-4.309,0,1105,1099,1,1
4138,15,0,0,0.452,44,44,0,0
4139,1,0,0,0,1272,1282,0,0
4142,-263.563,0,-1,-0.05,6698,6692,19,13
4147,223.5,0,-0.083,0.066,12821,13004,29,29
4148,-2,0,0,0,353,393,0,0
4153,-1,0,0,0,364,364,0,0
4154,1,0,0,0,,,,
4155,-39,0,10,0,913,911,0,0
4157,5.101,0,0,5.544,8173,8158,26,26
4160,2,0,0,-0.127,167,167,0,0
4161,,,,,1213,1213,0,0
4162,-57,0,-10,0.238,2535,2525,0,0
4163,-5,0,-4,0.323,199,213,0,0
4164,-31,0,-0.04,0,5488,5515,0,0
4166,13,0,0,0,1441,1441,0,0
4167,139.486,0,-56,-31.169,10077,10109,1,21
4168,-2,0,0,-0.357,81,84,0,0
4169,-21.963,0,0,0,,,,
4171,-1,0,0,0,915,925,0,0
4173,18,0,0,0.115,427,427,20,20
4174,-88,0,0,0,1089,1078,0,0
4175,,,,,20,20,0,0
4178,-4,0,0,0,,,,
4188,2,0,0,0.815,,,,
4190,2,0,0,0,280,280,0,0
4195,-2,0,0,-0.614,,,,
4205,14,0,0,0.238,5,4,0,0
4207,9,0,0,0,579,582,0,0
4303,-433,0,0,55.608,6958,6815,0,0
4304,6,0,-22,0,0,0,0,0
4305,,,,,1,1,0,0
4306,-108.416,0,0,0,5314,5327,0,0
4401,-1,0,0,0,767,769,0,0
4402,0,0,0,0.001,,,,
4406,1,0,0,0,332,332,0,0
4413,-1,0,0,0,481,491,1,1
4414,25,0,5,0,743,743,0,0
4416,248,0,0,0,898,573,22,16
4417,-1,0,0,0,136,136,0,0
4419,1,0,0,0,,,,
4420,3,0,0,0.644,631,628,0,0
4426,-37,0,0,0,1116,1128,0,0
4430,2,0,0,0,43,43,0,0
4432,-1,0,0,0,458,455,0,0
4433,-10,0,0,-0.63,235,235,0,0
4438,-2,0,7,0,611,621,0,0
4439,1,0,0,0,249,252,59,59
4440,3,0,0,0,106,113,0,0
4441,-29,0,0,0,217,209,0,0
4442,-7,0,0,-0.4,149,149,6,5
4502,0,0,0,0.01,474,474,0,0
4503,33,0,0,0,1652,1654,14,15
4506,22.05,0,0,0,1,1,0,0
4510,59,0,0,-0.388,4398,4406,478,481
4513,2,0,0,0,2277,2275,0,0
4523,-1,0,0,-0.01,932,934,0,0
4526,-109.42,0,0,-6.743,5296,5289,68,76
4527,1,0,0,0,86,86,0,0
4528,,,,,199,199,0,0
4529,,,,,0,0,0,0
4530,-1,0,0,0,12,12,0,0
4532,-140,0,0,0,2347,2354,1,1
4533,133.309,0,-1,-0.118,8957,9147,4,4
4534,-60,0,5,0.302,0,0,0,0
4535,1,0,0,0,207,207,0,0
4536,-1.719,0,0,0,577,570,0,0
4538,-1,0,0,0,499,499,0,0
4540,185.931,0,-0.519,0,4070,4135,267,282
4541,5.908,0,0,-0.402,3972,4058,59,63
4542,-121.713,0,2,-0.574,5010,4979,66,65
4543,-11,0,0,0,951,946,0,0
4545,3,0,0,0,1167,1167,0,0
4549,6,0,0,0,587,595,2,2
4550,-1,0,0,-0.045,161,160,0,0
4551,19.25,-85,-5,-4.309,2904,2920,3,4
4552,7,0,0,0,2461,2440,12,12
4554,-2,0,0,-0.718,77,71,0,0
4555,-6.976,0,-3.792,0,2134,2151,44,44
4556,-24,0,0,-0.549,635,626,12,12
4557,-1,0,0,0,433,433,0,0
4558,12,0,0,0,241,241,0,0
4560,29,0,-2,0,249,286,0,0
4561,55.025,0,0,0.219,954,988,17,16
4562,39,0,0,0,1787,1782,34,33
4563,7.999,0,0,0.013,765,779,0,0
4564,-31,0,0,0.443,10457,10449,69,69
4566,-615.708,0,0,0.397,4294,4250,47,51
4568,4,0,0,0,43,43,0,0
4569,1,0,0,0,749,752,0,0
4571,-3,0,0,-0.241,1059,1056,2,2
4572,-1,0,0,0,327,327,1,1
4576,-202.932,0,3.02,-11.088,2304,2357,30,35
4577,-37.085,0,0,0.266,963,954,5,4
4580,-19,0,0,-0.009,81,81,0,0
4581,1,0,0,0,16,20,0,0
4582,29,0,0,-1,,,,
4583,-4.997,0,0,0,2717,2715,3,3
4585,-20.653,0,0,-4.034,659,665,55,54
4588,3,0,-1,0,384,387,2,2
4590,-220.044,0,0,0.372,189,168,0,0
4609,,,,,0,0,0,0
4702,0,0,0,-0.1,974,989,0,0
4706,-5,0,0,0,40,39,0,0
4707,478.5,0,0,22.599,14691,14476,0,0
4711,-1,0,0,0,538,538,0,0
4714,-331.695,0,0,0.086,6115,5955,3,3
4716,121.271,0,0,0,11623,11585,113,105
4720,-68.96,0,0,0.419,3192,3195,0,1
4721,-0.042,0,0,-1.427,1960,1952,10,7
4722,-82.458,0,0,-13.003,11400,11395,108,111
4726,-5,0,0,-0.835,63,63,0,0
4728,6,0,0,0,1797,1789,0,0
4729,22,0,0,-0.107,1167,1177,0,0
4735,-16,0,-9,-0.086,346,299,0,0
4736,-112,0,4,0,262,259,0,0
4737,5,0,0,0,1609,1609,0,0
4739,-117,0,0,-4.09,8021,8010,145,148
4741,13,0,-7,0.038,1396,1394,1,1
4743,-1254.66,0,-74,0.161,13410,13159,114,99
4744,0,0,0,0,2768,2769,0,0
4745,-6,0,0,0.881,114,114,0,0
4746,-558,0,-30,0,2099,2070,0,0
4747,,,,,1572,1572,0,0
4749,-34.305,0,0,-10.911,3978,3980,43,43
4754,0,0,0,0,65,63,0,0
4755,-68,0,-1,0,966,962,0,0
4760,-28.11,0,11,-1.551,2229,2209,4,4
4763,-4153.6,0,29,-272.112,41243,41146,25,24
4764,-43,0,-0.305,-10.615,4201,4213,185,208
4766,49.893,0,0,11.749,1065,1074,1,1
4767,2,0,0,0,5,5,0,0
4768,-91.955,0,0,2.037,2626,2635,0,0
4770,-47,0,0,-14.633,988,966,9,9
4771,27.907,0,7,0.318,454,437,0,0
4772,80.947,0,0,41.91,3739,3669,22,19
4804,,,,,0,0,0,0
4806,,,,,0,0,0,0
4807,-23,0,0,0,1153,1151,31,15
4903,29.918,0,0,0,4461,4455,32,32
4904,1222.794,-613.326,12,-6.305,987,940,14,15
4905,6,0,0,-1,102,101,0,0
4906,-470.226,0,-7,-38.255,27555,27557,99,160
4907,39,0,0,0.004,959,938,0,0
4908,-90.381,0,0,-20.39,2611,2627,1,7
4909,-24,0,0,2.882,3939,3951,157,158
4911,0,0,0,0,205,206,0,0
4912,-220,0,-2,0,3730,3578,1,1
4915,-504.468,0,-0.681,0,4638,4588,44,42
4916,-99.363,0,0,-1.266,7906,7941,115,125
4919,132.424,-2,-2,90.285,12433,12462,1031,1031
4923,24.999,0,-15,0.158,2074,2081,11,11
4924,-1,0,-2,0,1310,1309,0,0
4927,119.506,0,-2.93,0,23171,23023,318,386
4930,-14,0,-2,0,3826,3826,0,0
4931,-1289.165,0,-7,-97.301,9871,9841,772,560
4933,-7,0,0,0.303,1112,1108,6,6
4934,-118.56,0,0,0,0,0,0,0
4935,-25.431,0,0,0,624,626,0,0
4938,1348.101,-24,-0.169,7.344,5210,5696,28,28
4939,-2764.83,0,0,260.999,6997,7186,468,333
4942,-73,0,0.06,0,592,576,0,0
4943,,,,,0,0,0,0
4946,-14,0,0,-0.993,35,41,0,0
4949,-2,0,0,0,2801,2811,35,38
4950,1,0,0,0,,,,
4951,-22.987,0,0,-0.3,836,835,1,1
4952,21.069,0,-1,0.592,1436,1453,11,11
4953,-28,0,0,-0.124,965,977,5,5
4956,-294,0,-2,5.158,6268,5373,160,43
4958,680.866,-757.14,-12,-52.289,33238,33603,285,300
4960,190.196,0,-2.404,0.301,15488,15495,101,103
4961,13.76,0,0,-0.021,1150,1154,8,8
4966,-246.419,0,0,-8.184,3743,3709,0,0
4967,-76.998,0,-22,82.647,8076,7633,2066,2080
4968,-22.87,0,-0.419,-1.243,5213,5230,31,30
4971,-448.596,0,-1,0.639,4340,4390,424,269
4972,0,0,0,-0.075,110,113,0,0
4973,-419.808,0,-27,-5.77,3152,3052,98,96
4974,29,0,0,0.612,650,655,0,0
4976,-544,0,0,0.03,5057,4991,312,313
4977,-201.898,0,0,-4.861,6640,6652,81,134
4979,-1007.537,919,-19,-1.661,11046,11114,267,251
4989,-287.34,0,-30,-4.47,14875,14861,97,110
4991,-751.555,-1,-6,-0.205,7890,7799,62,63
4994,-1,0,0,0,1765,1763,2,4
4995,1,0,0,0,2002,2002,0,0
4999,-9,0,0,0,398,402,0,0
5007,-5,0,0,0,7,7,0,0
5009,-647.959,0,7.979,-131.562,8330,8223,197,245
5011,17,0,0,0,8403,8403,2,2
5013,-1,0,0,0,7,7,0,0
5014,-32,0,0,0,2344,2335,0,0
5015,1,0,0,0,133,133,0,0
5016,2,0,0,0,264,264,0,0
5201,0,0,0,0,6577,6600,0,0
5202,12,0,0,-0.085,2002,2027,0,1
5203,-14,0,-1.483,0,957,963,2,2
5206,86,0,0,0,1088,1139,90,90
5209,-52,0,-5,-0.527,19,19,0,7
5210,9,0,0,0,5267,5257,0,0
5211,-9,0,0,0.163,333,332,0,0
5212,4,0,0,0,79,79,0,0
5213,8,0,0,0,2837,2839,0,0
5215,-22,0,0,0,701,687,0,0
5220,-3,0,0,0.001,298,302,0,0
5222,-51.002,-1,0,-0.561,1888,1882,11,11
5223,1,0,0,0,267,266,0,0
5225,3.86,0,0,0,1288,1288,117,117
5227,25.97,0,0,0.825,17,17,0,0
5228,-2,0,-4,0.303,481,483,3,3
5230,13,0,0,0,944,931,3,3
5234,-44,-20,0,0.109,1436,1438,12,17
5236,-18.105,0,0,-0.005,252,251,4,4
5243,207.812,0,-4,-2.144,9054,9073,19,19
5244,32,0,0,0,2312,2319,4,4
5245,4,0,0,0.019,928,933,0,0
5251,6,0,0,-0.293,1607,1610,2,2
5258,74.005,0,-3.257,0,3420,3511,3,3
5263,-45,0,-30,-0.252,4596,4568,110,131
5269,-33.687,0,-3.4,-4.454,1877,1872,69,75
5272,3,0,0,0,704,704,0,0
5274,38.129,-35,-0.094,2.435,143,142,0,0
5276,-3,0,0,0,,,,
5278,11,0,0,0.004,1242,1242,3,3
5283,73.28,0,0,0,45,42,0,0
5284,-96.93,0,6.45,-10.226,3814,3787,0,0
5285,245.156,0,9,0,4637,4638,39,40
5287,-29.893,0,0,0.077,240,221,0,0
5288,15,5,0,0,2649,2649,0,0
5289,420.525,33,10,-2.893,4122,4258,0,0
5291,69.014,0,0,0.258,4185,4259,96,98
5292,-227.96,0,0,27.758,828,818,3,4
5299,-29.84,0,0,0.958,875,879,21,21
5301,,,,,0,0,0,0
5302,-50,0,0,-0.221,0,0,0,0
5306,-30,0,-11,0,597,596,0,0
5309,-18.948,0,0,2.911,9472,9478,67,70
5310,1,0,0,0,5,0,0,0
5312,8,0,0,0.18,449,449,0,0
5314,-1,0,0,237.999,12826,12635,3524,2747
5315,-6,0,0,0,2540,2547,2,3
5321,33,0,0,15,2563,2472,27,22
5324,2,0,0,0.001,0,0,0,0
5328,411.501,0,0,4.454,7272,7429,560,551
5340,-113.11,0,-11,-2.281,4987,5223,93,86
5344,-2,0,0,0.122,0,0,0,0
5345,-1,0,-1,0.019,0,0,0,0
5347,206.889,752,-3,116.729,12652,11982,200,233
5351,-4992.058,0,0,-0.914,11311,11183,1362,1492
5353,-12,0,0,0,1369,1369,1,1
5355,2,0,0,0,0,0,0,0
5356,4,0,0,0,5493,5493,0,0
5364,-3,0,0,0,1317,1316,0,0
5371,,,,,15760,15760,0,0
5381,64.801,0,0,0,3835,3835,1,1
5386,48.382,0,0,1.493,1817,1833,59,56
5388,-1034.7,0,2.319,-1.467,7999,7967,10,11
5392,-12.62,0,0,-2.916,8586,8584,29,57
5398,0,0,0,0.467,3260,3261,20,25
5403,4.077,0,0,0,64,64,0,0
5410,35.001,0,0,0.335,1957,1931,5,5
5425,-419.488,0,-151,-278.561,12747,13138,155,176
5426,109.061,0,0,6.38,2756,2733,8,4
5432,-72,0,3,-0.389,713,738,2,3
5434,110.464,-40,-4.058,-0.876,878,903,1,2
5438,-6,0,0,-0.327,980,978,2,2
5439,163.899,-132,7,0.173,7585,7476,52,49
5443,-194.13,0,0,-26.73,4514,4495,79,88
5450,-16,0,0,-0.098,485,491,0,0
5452,-45.99,0,0,-3,3352,3319,7,8
5455,,,,,113,113,0,0
5457,-53,0,-6.535,-1.305,5349,5340,0,1
5460,-5,0,0,-0.001,959,957,0,0
5464,84,0,0,-0.296,8546,8664,3104,3098
5465,1,0,0,0,1313,1307,0,0
5468,-3,0,0,-0.031,0,0,0,0
5469,-290,0,0.932,-0.999,13407,13387,43,42
5471,29.412,0,11.116,1,4549,4562,30,30
5474,11.986,0,0,-1.323,1094,1091,5,5
5475,-44.3,0,18,0,0,0,0,0
5478,-19.108,0,0,-2.012,374,374,0,0
5481,56,0,0,0.774,4885,4970,0,0
5483,991.474,201,14.01,77.75,18773,18395,253,301
5484,28,0,0,0,0,0,0,0
5487,-9,0,0,0,1732,1743,0,0
5488,-36.172,0,0,-0.143,2969,2966,2,2
5489,-16,0,0,-0.188,567,561,0,0
5490,-31.756,0,0,-0.082,2888,2921,0,0
5493,-13,0,0,0.972,2431,2433,4,4
5498,478.02,0,0,8.59,4933,4937,56,51
5508,-3.64,0,0,-0.02,2792,2789,1,1
5511,9.97,0,0,0,528,526,8,8
5512,-133.788,0,0,-1.112,4255,4223,0,0
5514,-5,0,0,0,42,42,0,0
5515,90.892,0,7.254,-1.016,2392,2550,31,31
5516,-5,0,0,0,0,0,0,0
5519,-23,0,0,0,854,843,33,33
5520,,,,,3,3,0,0
5521,198.758,0,-0.002,0,13067,13132,11,11
5522,-102.068,0,1,0,947,928,4,4
5523,,,,,3,3,0,0
5525,-25,0,0,0,315,316,0,0
5529,-6,0,0,0,1780,1780,0,0
5530,117.007,0,0,0,2049,2048,4,4
5531,-149,0,0,0,4355,4354,11,11
5533,-64,0,0,0,466,466,1,1
5534,-508.9,313,268.314,-1.995,3582,3257,0,0
5536,-177.118,0,1,-3.867,1005,1021,3,4
5538,-4,0,0,0,70,65,0,0
5543,,,,,0,0,0,0
5546,7,0,2,0,22,22,0,0
5547,1,0,0,0,49,47,0,0
5548,-2,0,0,0,29,29,0,0
5601,,,,,1,1,0,0
5603,-32.985,0,0,0.008,2825,2875,0,0
5604,1,0,0,0,14,15,0,0
5607,426.302,0,34,0,2290,2298,19,14
5608,-2899.221,0,-17.999,0,10147,9100,1003,750
5609,32.659,0,12,1.302,108,106,0,0
5701,,,,,0,0,0,0
5703,,,,,0,0,0,0
5704,5,0,0,0,47,46,0,0
5706,-24,0,-0.51,0,687,687,20,20
5864,-789.245,0,0,0,9214,9126,109,112
5871,2386.023,8,4,-123.066,3917,3938,20,25
5876,-359.259,75,-10.241,4.126,709,675,6,6
5878,1,0,0,0,,,,
5880,1710.486,-12.969,56.22,0.619,2086,2218,16,20
5902,,,,,6355,6377,0,0
5903,6,0,0,0,8,8,0,0
5904,823.951,-261,-18.2,46.908,6717,6708,43,60
5905,-98,0,0,0,1942,1956,0,0
5906,,,,,20,20,0,0
5907,21,0,0,0,5497,5508,4,4
6005,-1750.226,-10,0,0,5750,5867,29,39
6015,-269.06,0,0,0,5647,5669,33,33
6016,-423,0,0,0,5240,5193,12,12
6020,-1,0,0,0,427,426,0,0
6021,52,0,0,0,534,554,1,1
6023,-22,0,0,0,583,587,37,29
6024,-63.492,0,0,0,263,236,0,0
6026,44,0,0,0,3254,3239,69,69
6028,1,0,0,0,,,,
6101,-31,0,0,0.001,8039,8037,89,99
6103,1,0,0,0,8,8,0,0
6104,382.327,0,0,6.959,4327,4452,19,19
6108,-455,0,-58,0,1802,1655,244,80
6109,0,0,0,-0.244,4,4,0,0
6111,41,0,0,-3.002,2358,2352,0,0
6112,13.17,0,0,-2.068,2647,2659,2,2
6113,3,0,0,0.112,974,966,2,2
6114,0,0,0,0,1118,1119,0,0
6115,-73,0,0,0,30,30,0,0
6116,11124.292,0,1,423.25,34778,35196,7792,8094
6117,-29,0,0.25,-3,2333,2329,26,27
6118,23,0,0,0,2173,2179,0,0
6120,136.778,0,32,0.001,8037,8208,53,57
6121,52.051,-82,-5.814,-3.772,510,509,0,0
6122,137.302,0,0,1.394,1219,1230,7,7
6123,2,0,0,-0.207,273,273,0,0
6124,2.01,0,0,-0.073,344,343,0,0
6125,-416.923,0,0,-62.577,7051,7099,51,73
6126,-25.114,0,-1,0,2659,2651,32,32
6127,35.157,0,0,1.372,4387,4338,59,72
6128,1,0,0,0,1514,1514,0,0
6129,-174.537,0,0,0.596,45,45,0,0
6130,-8.97,0,0,0,3945,3940,0,0
6133,204.89,0,0,0,2909,2911,1,0
6134,9,0,0,-2.786,4926,4927,0,0
6136,-9.842,0,0,0,2434,2436,0,0
6138,104,-186,0.553,-5.583,1679,1667,7,16
6139,-144.891,-8,17.8,12.961,8606,8644,19,20
6140,-2,0,0,0.019,786,800,0,0
6141,-235.695,0,-4,0,32,32,0,0
6142,-122,0,0,0,0,0,0,0
6143,-28,0,0,-0.172,3150,3142,5,5
6144,0,0,0,-0.333,0,0,0,0
6146,70.18,0,45,-4.911,651,654,0,0
6147,952.167,1907,28.9,44.34,30554,32294,293,297
6148,-3,0,0,-0.1,2488,2483,57,67
6150,-41.061,0,0,0.321,2418,2394,0,0
6151,-5.04,0,0,-0.006,1470,1473,0,0
6152,-27.9,0,-24,0,0,0,0,0
6153,-462.345,0,-0.145,-0.593,13218,13160,144,146
6154,,,,,355,355,0,0
6155,38.03,0,0,-5,3326,3335,37,38
6156,-15,0,0,0.209,4662,4680,6,6
6158,2,0,0,0,1508,1508,10,10
6160,2,0,0,0.06,388,388,0,0
6161,-28.826,0,0,-0.501,746,766,0,0
6163,26,0,0,-0.24,17017,17064,44,45
6164,-28.096,0,0,0,3912,3929,2,2
6165,37,0,0,0,13440,13362,0,0
6166,-47.483,0,-40,-0.934,3006,2991,42,55
6167,-1,0,0,-0.006,3218,3202,0,0
6168,-154,0,-2,0.465,4382,4114,79,55
6169,0,0,0,-0.009,31,31,0,0
6170,7,0,-26,-0.006,2006,2005,2,2
6171,5,0,0,0,276,267,0,0
6173,-668.737,0,39.409,-4.411,9297,9580,420,625
6174,-135.613,0,0,0.278,1170,1154,15,18
6175,-44.93,0,3,-0.519,3625,3619,26,25
6176,-974.821,0,36,-45.932,4304,4382,7,0
6177,-394.348,0,65,0,2642,2352,4,25
6179,85.014,0,0,7.8,18285,18255,122,122
6180,26,0,0,0.103,2311,2326,18,16
6182,-2159.804,0,125.775,-25.192,65129,64109,1412,1360
6183,1,0,0,0,9,9,0,0
6184,-1,0,0,0,485,485,0,0
6185,57,0,0,-0.879,1186,1207,10,10
6186,-38,0,0,-0.499,1147,1092,0,0
6187,163.117,-1,-3,8.937,3063,3053,22,21
6188,-51.85,0,-22.08,0.161,7846,7843,11,15
6189,375,0,-1,2.253,2250,2301,10,8
6190,-397.8,0,0,0.206,7827,7833,52,56
6191,-323.528,0,0,-20.184,18727,18685,114,114
6192,2.029,0,-0.433,0,774,788,0,0
6194,,,,,1610,1614,0,0
6195,0,0,1,0,19,17,0,0
6196,130.033,0,2,-13.571,1494,1512,18,18
6197,-18.858,0,-2.05,0.578,5751,5736,62,57
6198,2,0,0,0,,,,
6199,-7,0,-4,-0.891,6276,6281,3,4
6201,-3,0,0,0,37,38,0,0
6202,134.001,0,0,0.483,4689,4744,17,19
6203,-11,0,0,-0.147,557,559,2,2
6204,-31,0,0,-0.026,728,727,4,5
6205,9,0,0,0.923,3643,3650,5,5
6206,114.481,0,3,25.592,2373,2319,18,19
6207,-5.598,0,0,-11.442,4419,4426,225,252
6208,6.083,0,0,1.632,1673,1670,1,1
6209,-905.12,0,0,36.573,13092,12923,97,77
6210,0,0,0,-0.168,30,30,0,0
6212,,,,,11,11,0,0
6213,2202.71,-1285,24.025,30.178,16169,17468,1340,1398
6214,641.653,0,-3,-14.39,1049,1232,50,52
6215,-88.98,0,0,-13.53,5107,5124,90,95
6216,9,0,-0.248,0,670,690,0,0
6217,-73.305,0,10,-0.79,13715,13753,192,194
6218,0.788,0,0,0,1563,1464,20,20
6219,3,0,0,-0.631,7452,7443,1,1
6220,2,0,0,-0.724,2476,2463,20,20
6221,-4,0,0,-0.272,7497,7496,0,0
6222,,,,,31,31,0,0
6223,-6.145,47.157,-3.988,-9.701,1007,1032,13,13
6224,54.99,0,0,0,2393,2271,89,68
6225,,,,,0,0,0,0
6226,2919.981,0,-9.847,0,4999,4239,313,190
6227,-53.244,0,0,0.378,1571,1545,0,0
6228,0,0,0,0.083,55,57,0,0
6229,7,0,0,-0.21,1216,1218,0,0
6230,4,0,0,0,471,472,1,1
6231,-21,0,0,-0.757,2319,2339,1,1
6233,18,0,0,0.071,2809,2809,5,5
6234,31.99,0,0,0.445,2855,2866,4,4
6235,-67,0,0,1.206,4480,4469,11,11
6237,-8.972,0,0,-0.038,3300,3305,7,6
6239,255.533,-12,273.782,-46.309,21970,22071,119,118
6240,5,0,0,0.001,649,607,0,0
6241,,,,,0,0,0,0
6243,4,0,0,-0.293,1699,1687,73,72
6244,-319.718,0,0,-2.246,10969,10926,70,67
6245,-69,0,-6,-0.662,2497,2482,1,1
6246,-5,0,0,0,577,577,1,1
6248,-67,0,0,0,632,634,0,0
6257,-609.502,-2,3,16.373,11598,11412,119,107
6259,-31.864,0,0,-0.335,762,798,0,0
6261,62.363,0,0,-0.078,3460,3447,0,0
6263,11.743,0,0,0.065,464,458,0,0
6264,,,,,0,0,0,0
6265,2180.107,0,0,76.074,5740,5973,147,133
6266,12,0,0,-0.323,1124,1124,0,0
6269,-207.755,0,-2,-8.621,10200,10218,149,152
6270,-12,0,0,0.332,2186,2186,2,2
6271,59.647,0,7.593,108.986,7166,7205,66,65
6272,7,0,0,0,48,48,0,0
6274,-149.357,-43,25.101,2.717,10563,10783,124,125
6275,-32,0,0,0.307,1853,1851,5,5
6276,3,0,0,-0.109,263,263,7,7
6277,-9,0,0,-0.055,465,468,9,9
6278,-2963.283,456,8,-62.106,9410,9344,99,97
6279,-111.708,0,28,0.223,2753,2740,13,13
6281,4,0,0,0,17,17,0,0
6282,-750.18,0,-94,5.738,24141,24205,35,63
6283,-36,0,0,0,2258,2248,1,1
6284,-85.962,0,0,-9.348,5124,5121,6,6
6285,71.664,-6,-2,-11.713,14584,14408,85,90
6290,1223.049,0,-67.754,43.401,12218,12037,25,20
6291,-172,0,1,-8.974,1565,1550,9,11
6292,-2.5,0,0,0,386,388,0,2
6294,-1,0,0,0,119,119,0,0
6405,34.012,0,0,-0.646,5331,5472,11,10
6409,56.187,14,0,5.702,1090,1125,0,0
6411,-10.637,0,0,-0.41,2074,2090,4,4
6412,-63,0,0,-1.318,2798,2807,4,4
6414,13.507,0,-10.788,-6.815,1980,1975,16,17
6415,65.894,0,13,19.8,4410,4473,73,71
6416,-2.9,0,0,0,3820,3821,2,2
6417,-5.996,0,-1,0,2619,2619,5,5
6418,-31,0,0,0,861,860,2,2
6419,-21.186,0,2,0.126,445,413,9,10
6423,19,0,0,0,666,667,0,0
6425,45,0,0,0.541,2081,2095,0,0
6426,19.484,0,0,-1.283,3046,3098,45,75
6431,0,0,0,0,0,0,0,0
6432,-63.92,0,0,-0.096,1873,1910,9,27
6435,79.191,-66,0,2.808,1107,1103,5,5
6438,39.518,0,0,-3.055,3684,3700,15,15
6441,0,0,0,0.006,922,922,0,0
6442,112.559,0,-6.955,-5.416,4173,4245,35,38
6443,123.284,0,5.002,0,7427,7455,351,351
6446,87.897,-1,22.645,1.794,9209,9107,37,36
6449,-45.001,0,1,-1.98,2111,2113,8,8
6451,141.894,0,0,-14.261,8585,8873,382,341
6456,-989.98,0,0,-36.259,16000,15942,208,280
6461,-68,0,0,-0.12,0,0,0,0
6462,-89.576,0,0,-12.823,3993,3989,10,9
6464,-7,0,0,0,2,2,0,0
6465,-58.969,0,0,0.485,1344,1335,44,44
6469,-166,0,0.124,0.293,722,722,10,10
6470,2,0,0,0,160,160,0,0
6472,-605.73,258,5.13,-19.035,3280,3483,67,70
6474,-20,0,0,0,279,259,0,0
6477,-165.325,0,0.888,0,4248,4242,153,150
6482,3,0,0,-0.04,91,89,0,0
6485,-3,0,0,1.002,2378,2384,4,5
6486,1,0,0,-0.068,178,181,0,0
6488,1213.73,398.358,12.33,77.427,11283,11421,260,171
6491,-11.95,0,0,-0.883,493,507,1,1
6492,119.145,0,-60,-0.362,102,102,0,0
6494,-31,0,0,-0.113,789,782,3,4
6496,,,,,63,63,0,0
6498,-29,0,0,-0.003,515,504,0,0
6499,-7.52,0,0,0,5595,5594,7,7
6504,-4,0,0,0,115,115,0,0
6505,-19167.85,-0.211,141.513,-376.874,13167,12711,181,252
6506,-17,0,0,0,290,283,0,0
6508,-0.99,0,0,0.14,212,210,0,0
6509,-246,0,0,-8.138,2832,2870,26,26
6510,-11.038,0,5,0.289,735,742,5,5
6512,0,0,0,-0.01,,,,
6515,-21.599,10.397,-0.43,-0.023,525,517,6,7
6516,-2,0,0,-0.2,880,879,0,0
6517,-75.714,0,0,-0.287,2024,2020,1,1
6523,-1,0,0,0,70,70,0,0
6525,-7.698,0,0.136,3.829,2640,2629,23,29
6526,49.297,-1,0,-0.974,1249,1248,2,2
6527,-2,0,0,0,6,6,0,0
6530,-143.554,0,0,0.832,2331,2305,54,59
6531,1085.211,-1036,-10,-42.531,5504,5594,49,66
6532,34.215,0,0,44.734,3142,3225,4,2
6533,-51.11,0,0.168,-0.9,2100,2103,41,35
6534,-6.98,0,0,0,1804,1798,0,0
6535,-97,-40,0,-0.353,,,,
6538,175.272,0,-9,-2.922,8497,8487,664,642
6541,2.004,0,0,0,3895,3880,1,1
6542,-1,0,0,0,215,213,0,0
6546,-41,0,0,2.678,2702,2702,11,11
6547,49.252,0,-335,-46.308,11695,11653,2801,2416
6548,60.12,0,0,91.749,6678,6659,88,97
6550,-2719,0,3.878,0,0,0,0,0
6552,57,0,0,0,1081,1090,6,6
6558,-10,0,0,0,2520,2531,3,3
6560,,,,,412,412,0,0
6561,2,0,-0.022,0.659,138,141,0,0
6568,-9.991,0,0,-1.889,763,762,2,2
6569,-14,0,-2,-0.481,301,300,2,4
6570,-11,0,0,0,572,584,0,0
6573,-42,0,0,0,0,0,0,0
6574,-4.065,0,-2,-0.181,,,,
6576,1,0,0,0,,,,
6577,31,0,0,-3.039,166,166,0,0
6578,6,0,0,0.001,1762,1740,0,0
6579,-146,0,-0.24,0,1349,1335,0,0
6581,0,0,0,0,5,5,0,0
6582,0,0,1,0,400,388,0,0
6584,-4.847,0,4,-0.1,1914,1934,5,6
6585,-115,0,0,0.631,1586,1578,53,55
6588,-27.091,0,-1.1,0.649,2746,2698,139,194
6589,0,0,0,0.46,2662,2727,7,11
6591,32,0,1,0,1757,1763,1,1
6592,21.67,0,0.298,0,724,723,1,1
6593,-1,0,0,0,1603,1602,0,0
6596,71.876,0,0,0.355,616,620,0,0
6598,-89,0,-2,0,0,0,0,0
6603,-25.717,0,0,-37.516,8727,8784,40,53
6605,-39.55,0,2.424,0,2236,2211,5,9
6606,-27,0,0,0,620,619,0,0
6609,53.15,0,0,0,1636,1642,4,4
6612,4,0,0,0,523,520,0,0
6613,-17,0,-3,-0.356,669,670,0,0
6614,-2,0,0,0,74,74,0,0
6615,-2,0,0,0,2,1,0,0
6616,,,,,980,980,1,1
6617,136.294,0,0,-0.647,1186,1142,4,7
6620,48.939,0,0,5.227,1850,1830,7,7
6624,,,,,158,158,0,0
6625,30,0,0,0,794,802,0,0
6629,,,,,1235,1234,1,1
6637,6,0,0,0,113,104,0,0
6640,-134.014,7,-1,-25.089,675,668,5,5
6641,0,0,0,0,132,132,0,0
6642,-84.116,0,-6,0,880,879,0,0
6643,-29.675,0,0,-0.811,1957,1960,44,43
6645,1,0,0,-1,11,11,0,0
6649,0,0,0,-0.001,1174,1182,0,0
6651,-45,0,-12,-3.168,1489,1481,0,0
6654,6,0,0,-0.304,3336,3333,3,3
6655,1,0,0,0,1,1,0,0
6657,-18,0,0,0,1201,1201,0,0
6658,-38.9,0,0,-0.605,1483,1476,1,4
6664,-309.98,0,0,14.374,1503,1645,3,5
6666,10,0,-1,0,287,292,0,0
6667,4,0,0,0.031,1272,1271,0,0
6668,-156.9,0,0,0,2840,2860,15,16
6669,-147.942,38.281,12.3,48.136,1311,1329,16,13
6670,-23.868,0,-0.531,0,378,374,1,1
6671,1,0,0,0,90,90,0,0
6672,-162.737,0,0,-38.529,5952,5959,44,94
6674,5,0,0,0,226,231,2,2
6679,26,0,0,0.878,1119,1130,0,0
6680,0,0,0,0,,,,
6683,-58,-1,2.243,-6.254,1874,1861,6,5
6684,12,0,0,-0.093,1624,1625,9,9
6689,-8,0,-12,0,1232,1228,0,0
6690,13.243,0,0,-0.56,83,84,0,0
6691,-52.529,0,3,11.422,1786,1812,0,0
6692,1,0,0,0,403,403,0,0
6693,-72.945,0,0,-13.828,3876,3897,3,7
6695,-45.601,0,0,-0.094,3418,3426,29,29
6697,4,0,0,0,65,65,0,0
6698,-17,0,0,0,2002,1998,33,33
6703,-3.005,0,0,-0.025,41,41,0,0
6706,-47.775,0,0,-6.879,7885,7888,158,150
6708,-1,0,0,0,20,23,0,0
6712,-256.01,0,-0.071,5.227,1493,1405,2,2
6715,-3.057,0,0,-5.13,6979,7051,60,72
6716,188.634,0,0,-0.51,1106,1183,26,32
6719,-60.808,0,0,-0.866,3861,3812,3,3
6720,-2,0,0,2.899,1674,1676,0,0
6721,1,0,0,0,,,,
6722,2,0,0,0,106,102,0,0
6725,-15,0,0,-1.307,283,281,0,0
6727,56.998,0,0,1.532,4863,4894,13,12
6728,-2,0,0,0,108,107,0,0
6730,,,,,9,9,0,0
6732,-26,0,0,-1.421,709,701,3,3
6733,-37,0,0,0.239,,,,
6735,-3,0,0,-0.244,609,608,0,0
6739,4,0,0,1.447,855,850,0,0
6741,51.06,0,0,0.178,1302,1289,0,0
6742,-113,0,0.604,0,1962,1937,3,3
6743,-28.76,0,0,0,550,550,0,0
6751,0,0,0,-0.01,81,85,0,0
6752,2,0,0,0,418,418,0,0
6753,-34.795,0,-1,-194.578,5650,5669,9,12
6754,-1,0,0,0,117,117,0,0
6756,-9,0,0,0,602,595,0,0
6757,225.224,0,1,-1.191,3281,3257,6,6
6761,-30,0,0,-9.075,3221,3251,14,15
6763,-12,0,0,-0.172,1928,1928,0,0
6768,171.15,0,0,-0.018,1178,1188,2,18
6770,38095.597,0,634,1374.109,138248,143986,0,45
6771,-2,0,0,0.104,88,95,0,0
6776,34,0,-1,0,636,636,0,0
6781,2.253,0,-1,0.03,2264,2274,3,3
6782,91.509,0,36,11.944,438,413,0,0
6785,-6,0,0,-0.079,836,836,0,0
6788,35.1,-1,0,2.239,2501,2526,2,2
6789,-86.054,0,0,-5.74,4745,4766,27,28
6790,-17.359,0,0,0.524,585,586,0,0
6791,1,0,0,0,143,142,0,0
6792,-1,0,1,0,269,270,7,7
6794,3,0,0,0,287,278,0,0
6796,-35,0,0,0,598,591,1,1
6799,-36,0,-1.027,0,2021,2020,0,0
6803,0.862,0,-1,0.29,28,28,0,0
6804,6,0,0,0,350,356,1,1
6805,-241.902,30,-7.2,-10.852,2845,2781,6,8
6807,0,0,0,0,152,154,0,0
6811,7.096,0,0,0.438,623,626,1,1
6821,-17,0,0,-0.215,1127,1128,0,0
6823,-2,0,0,-0.01,834,831,0,0
6829,63.851,0,0,-2.522,1102,1122,7,20
6830,-1075.371,130,-2,13.87,4050,3930,67,97
6831,-8.624,-118,-4,-1.51,1322,1235,40,39
6834,167,0,0,1.284,4111,4223,75,83
6835,6,0,0,0,781,781,0,0
6838,-6,0,0,0,2506,2506,0,0
6840,29,0,-6,-0.503,1906,1905,90,113
6841,-0.772,0,0,-2.362,1639,1635,1,1
6843,-1,0,0,-0.002,109,109,0,0
6846,-1,0,0,0,,,,
6854,37.719,0,-1,-1.102,2285,2322,7,7
6855,2,0,0,0,,,,
6856,-1,0,0,0,,,,
6859,-21,0,0,1.006,583,584,1,3
6861,78.161,0,4,-0.282,1785,1785,4,3
6862,-2.63,0,0,-1.778,877,872,8,8
6863,-23.632,0,-0.519,0,1293,1286,0,1
6865,1,0,0,0,76,76,0,0
6869,26.98,0,-0.545,0.24,2884,2918,8,14
6870,-1,0,0,0.019,1325,1323,29,37
6872,-2,0,0,0,,,,
6873,122.024,0,1,7.078,3227,3220,0,0
6874,3,0,0,-0.216,139,139,0,0
6875,-12,0,0,0,,,,
6877,-4.822,0,0,-1,8038,8039,6,10
6881,0,0,0,0,,,,
6885,51,0,0,0,2367,2360,20,20
6887,-3,0,0,0,1068,1052,0,0
6890,21.801,0,0,0.173,816,819,0,0
6894,-3,0,0,-0.008,447,444,0,0
6895,-15,0,0,-0.235,941,940,19,19
6899,-4,0,0,0.05,213,213,0,0
6901,-1067,0,0,0,7098,6929,42,29
6902,1,0,0,0,616,609,0,0
6903,-43,0,-1.99,-2.364,1527,1525,9,7
6904,1,0,0,0,,,,
6906,8,0,-0.02,0,483,484,0,0
6907,-84,0,-5,-16.314,1632,1574,5,8
6908,-1,0,0,-3,,,,
6909,18,0,0,0,1474,1476,4,4
6910,-5,0,0,0,21,22,0,0
6913,-24.562,0,0,-6.213,938,944,3,3
6914,-7.141,0,0,0,383,376,0,0
6916,-1,0,0,0,384,384,0,0
6918,-4,0,0,0,86,87,0,0
6919,-1500.315,0,0,-27.815,0,0,0,0
6921,-5,0,0,0.986,,,,
6922,2.088,0,20,-1.1,406,388,0,0
6923,1,0,0,-1,1655,1655,0,0
6924,-2,0,0,0,,,,
6925,1,0,0,0,255,255,0,0
6928,-8,0,0,0,717,718,8,10
6929,-1,0,0,0,,,,
6931,-5,0,0,0,125,125,0,0
6933,112.109,0,0,0.127,1020,1022,5,5
6934,-5,0,0,0,35,34,0,0
6936,-2,0,0,0,245,245,0,0
6937,-20.896,0,0,-0.833,1502,1522,4,5
6944,-41.718,0,0,5.575,937,932,34,35
6945,52.91,0,0,0,,,,
6947,-19,0,0,0,,,,
6949,122.798,0,-1,-38.673,5420,5426,0,0
6951,2,0,0,-1.062,77,77,0,0
6952,0,0,0,0,62,62,0,0
6953,4,0,0,-0.213,241,246,0,0
6955,-2,0,0,-1.783,,,,
6957,4.3,0,-2,0,1535,1540,23,23
6958,0,0,1,0,117,117,0,0
6961,-1.008,0,0,0,1,1,0,0
6962,150.185,0,0,1.306,8832,8858,4,4
6965,1,0,0,0,42,42,0,0
6967,1,0,0,0,379,378,78,78
6968,-5,0,0,-0.59,279,280,0,0
6969,-34,0,0,0.172,,,,
6971,-11,0,0,0,80,80,0,0
6982,-1,0,0,0,313,313,0,0
6983,-1,0,0,-1.972,,,,
6986,2,0,0,0,,,,
6988,-21,0,0,0.577,,,,
6994,-19,0,-1,-0.2,3001,3029,63,64
6996,-20,0,0,0.609,332,333,0,0
7402,-21.98,0,0,0.448,2317,2312,40,42
7547,0,0,0,0,299,299,0,0
7556,-0.549,0,0,2.469,544,543,32,28
7584,,,,,26,26,0,0
7610,-82,0,-0.116,-17.543,,,,
7631,-2,0,0,3.837,340,338,0,0
7642,-1,0,0,0,79,79,0,0
7689,83,0,-52,0,,,,
7703,10,0,0,0.307,510,488,0,0
7704,3,0,0,0,670,673,0,0
7705,8,0,7,0,95,95,0,0
7709,-1,0,0,0,274,274,0,0
7711,367.92,0,4.919,17.716,1646,1510,44,37
7712,99,0,0,3.825,1102,1081,5,1
7713,1,0,0,0,,,,
7714,-66.989,0,0,-1.651,644,631,1,1
7715,-5,0,0,0,523,523,1,1
7717,17.02,0,0,-0.273,383,382,0,0
7718,0,0,0,-0.02,113,114,0,0
7721,-39,0,-1,0,1106,1110,0,0
7722,-17.313,0,0,-0.486,396,399,0,0
7723,-4,0,0,0,206,213,7,7
7728,5.5,0,0,0,571,576,0,0
7730,18,0,0,-0.886,468,491,0,1
7732,0,0,-3,0,76,76,0,0
7734,-27.372,0,-4,-1.437,676,684,0,0
7736,7,0,0,0,70,70,0,0
7738,10,0,0,0,89,90,0,0
7740,-13,0,-0.03,-0.088,1963,1950,1,1
7744,-13.528,0,0,0.404,102,107,0,0
7749,34,0,7.065,0,1087,1096,0,0
7750,11.131,0,-4.431,-0.652,687,687,1,4
7751,99.629,15,-51.161,0.105,527,517,0,1
7753,2,0,0,0,81,81,0,0
7757,5,0,0,0,11,12,0,0
7760,6,0,0,0,,,,
7765,-1,0,0,0,462,462,0,0
7767,17,0,0,0,6,5,0,0
7768,-66,0,0,0,,,,
7769,-31.912,4.99,0,-0.935,320,315,0,1
7770,5,0,-1,0,,,,
7772,20,0,0,0,,,,
7777,-1624,0,0,-47.635,2404,2217,0,0
7780,-377,0,0,-5.155,353,344,1,1
7782,,,,,44,44,0,0
7786,-14.335,0,-69,0,272,251,0,0
7788,-26.744,0,2,-8.855,2053,2057,13,11
7791,-2,0,0,0,17,20,0,0
7792,-16.413,0,0,1.59,693,653,3,3
7795,45.13,0,11,0,2111,2084,12,8
7799,-39.562,0,4,0,1269,1266,5,5
7803,2,0,-1,0,,,,
7805,-143,0,0,-15.601,98,91,0,0
7810,-14.95,0,0,5.485,53,56,0,0
7811,0,0,1,0,,,,
7814,-1,0,0,0,,,,
7818,15,0,0,0,,,,
7819,4,0,0,0,,,,
7820,0,0,0,0,,,,
7821,-7,0,0,0,,,,
7822,-3.995,0,0,2.669,,,,
7823,0,0,0,-0.209,1,1,0,0
7827,2,0,-3,0.05,,,,
7828,-18.606,0,-4,0,,,,
7835,-3,0,0,0,,,,
7839,6,0,-1,0,,,,
7842,-11.91,0,0,0,,,,
7855,5,0,0,0,,,,
8011,84,0,-1,0,3193,3200,2,1
8016,27.922,-14,0.173,-0.44,1370,1383,3,4
8021,-499.656,0,-1.915,0,10374,10314,134,152
8024,0,0,0,-0.022,45,45,0,0
8027,69.002,0,-4,-35.338,7208,7195,111,130
8028,-151.915,0,0,2.913,5202,5205,64,61
8032,0,0,0,-0.011,647,649,0,0
8033,79,0,0,-2,7259,7321,120,119
8034,8,0,0,0,3584,3586,0,0
8038,-24,0,0,0.558,,,,
8039,-5416.786,1119,-256.056,-57.988,25593,26709,2327,2641
8040,37,0,0,-1.165,3077,3076,11,11
8042,-82.385,0,-0.6,0.118,4760,4812,60,91
8043,-286,0,0,-5.753,4752,4704,130,150
8044,-35,0,0,-0.1,3489,3469,219,136
8045,-3.97,0,0.049,0,4895,4882,1,1
8046,89.896,44.961,5.8,-55.455,10297,10392,572,571
8047,-2,0,-1,0,1,1,0,0
8048,-13,0,0,-0.478,2969,2965,0,0
8049,-34,0,0,-0.533,277,305,0,0
8050,146.432,0,-2,4.13,4762,4868,17,19
8054,-55.885,0,0,-0.797,6723,6711,132,132
8059,32,0,0,-0.147,0,0,0,0
8064,-40,0,-0.005,-2.194,5791,5796,150,143
8066,0,0,0,-0.101,549,549,0,0
8068,-6,0,0,0.669,2175,2173,0,0
8069,-1102.902,0,-1.598,-75.14,10644,10576,359,374
8070,443.05,0,0,-6.208,5899,5924,22,26
8071,58.144,0,0,-0.07,1974,1970,18,18
8072,-16,0,0,0,1716,1715,0,0
8074,40.265,0,-3,-1.683,3459,3480,24,23
8076,-16,0,0,-0.242,9337,9392,7,7
8080,0,0,0,0.039,0,0,0,0
8081,16.56,-1.4,3,-2.177,1615,1631,1,3
8083,-7,0,0,0,19,19,0,0
8084,-20,0,0,0.122,,,,
8085,230,0,0,-0.406,681,682,0,0
8086,-92.999,0,-80.19,3.537,10414,10523,15,40
8087,-3,0,0,-0.002,107,107,0,0
8088,-83,0,0,1.084,3580,3556,26,24
8089,17,0,0,0,1776,1755,1,1
8091,33,0,0,-9.992,2059,2060,14,14
8093,-1,0,-3.495,0,0,0,0,0
8096,-155.49,0,-7,4.319,24435,24362,75,77
8097,12,0,0,0,9026,8988,3,11
8099,16,0,0,0.835,12373,12395,11,11
8101,-0.15,0,0,0,0,0,0,0
8102,,,,,13,13,0,0
8103,151.008,0,17.812,-106.411,5868,5325,144,95
8104,74,0,-1,0,3382,3393,9,9
8105,,,,,6863,6863,3,3
8107,1,0,0,0,1793,1797,0,0
8109,-59,0,0,1.828,897,886,5,5
8110,21,0,0,-14.38,14613,14731,231,226
8111,10.372,0,0,-67.33,10545,10795,426,489
8112,7547.962,0,-302.797,514.014,15035,16175,2716,2677
8114,-134.13,0,-0.302,0,1355,1336,9,9
8121,-5.05,0,-29,-1.168,0,0,0,0
8131,-97.95,0,0,-2.676,4473,4456,81,84
8147,-14.782,0,0,-1.952,1250,1239,0,0
8150,2799.117,0,-17,104.524,20234,20852,304,309
8155,39.18,0,-32,12.728,3052,3057,109,112
8162,-37.6,0,0,-0.952,1809,1764,0,0
8163,-10.999,0,0.064,-1.013,2348,2347,14,14
8171,22,0,0,0,8150,8130,1,1
8176,8,0,0,0,0,0,0,0
8182,-204.95,0,0,-2.528,1699,1708,38,42
8183,-13,0,0,8.006,2606,2588,21,21
8201,0,0,1,0,0,0,0,0
8210,179.807,-146,-1,18.947,3339,3366,37,75
8213,-99,0,0,-0.591,3438,3459,1,1
8215,79.36,0,0,-1.16,3080,3079,32,32
8222,28.568,0,0,0,3348,3419,16,15
8227,-97,0,0,-3.121,2076,2083,4,5
8234,94.219,0,0,-2.913,4171,4193,6,6
8240,-23,0,0,0.601,1772,1773,3,3
8249,7,0,0,0,3829,3832,10,19
8255,26.1,0,-0.008,0.869,2406,2420,2,2
8261,355.566,0,40,11.527,7174,7256,29,32
8271,2500.331,0,-37,55.356,6036,6120,582,599
8277,,,,,0,0,0,0
8279,-10,0,0,0,130,135,5,5
8284,0,0,0,0,11,11,0,0
8289,-76.137,0,0,0.022,3235,3238,36,49
8291,-1,0,0,0,,,,
8299,1222.196,22,-26.739,45.703,11405,11643,43,50
8341,30.042,0,-9,0,371,372,0,0
8342,,,,,0,0,0,0
8349,-4,0,0,0,1971,1969,0,0
8354,-4,0,0,-0.637,2767,2690,0,0
8358,-2043.861,16,-526.581,0.661,23102,22949,644,474
8367,6,0,0,0,14,12,0,0
8374,33,0,0,-3.641,1544,1561,21,27
8383,-127.046,0,-22,-5.294,2343,2340,12,12
8390,-179.977,0,-0.186,16.962,2255,2243,22,19
8401,-2,0,0,-0.003,280,280,0,0
8403,20,0,0,0,542,538,0,0
8404,35.001,0,0,0,3525,3537,0,0
8410,2,0,0,0,888,891,0,0
8411,7,0,0,0,53,53,0,0
8415,15,0,0,-0.183,979,990,2,2
8416,-2,0,0,0,,,,
8421,10,0,0,-0.525,527,531,93,90
8422,2410.921,0,0,-0.916,24277,24279,98,124
8423,,,,,436,436,0,0
8424,,,,,3,3,0,0
8426,-4,0,0,0,862,861,0,0
8429,10,0,0,0,14413,14421,0,0
8431,-22,0,0,0,2639,2637,18,20
8432,0,0,0,-0.005,100,101,0,0
8433,2,0,0,0,200,200,0,0
8435,-1,0,0,0,134,134,0,0
8436,-183,55.001,-2,-2.457,1761,1794,3,3
8437,6,0,0,0,475,474,0,0
8438,-4,0,0,0.021,3410,3410,0,0
8440,68.999,0,0,-0.565,1238,1241,1,1
8442,84,0,0,0,613,629,0,0
8443,,,,,28,28,0,0
8444,,,,,1,1,0,0
8446,9,0,0,-0.039,244,244,0,0
8450,-1,0,0,-0.068,47,47,0,0
8454,27.371,0,0,-2.205,1540,1530,44,42
8462,-1.672,0,0,0,1082,1075,5,5
8463,1,0,0,0,86,86,0,0
8464,-63.924,0,-0.164,-1.068,95,79,0,0
8466,0,0,0,0,1296,1296,0,0
8467,-2,0,0,0,184,183,0,0
8472,,,,,304,304,0,0
8473,-435.062,0,0.682,-0.181,3468,3401,33,34
8476,46.011,0,0,0,18306,18335,150,159
8477,,,,,0,0,0,0
8478,-19.829,0,1,-1,949,951,3,3
8481,-5,0,-1,0,5,5,0,0
8482,-2,0,0,0,162,161,0,0
8487,1,0,0,0,39,39,0,0
8488,-1,0,-4,0,23,23,0,0
8489,17,0,0,0,2855,2863,1,1
8499,1,0,0,0.37,592,592,0,0
8905,2,0,0,0.805,15,15,0,0
8906,6,0,0,0,112,110,0,0
8908,3,0,0,-0.049,83,83,0,0
8916,2,0,0,0,197,199,0,0
8917,,,,,13,13,0,0
8923,,,,,357,357,0,0
8924,-0.98,0,0,-0.605,675,675,0,0
8926,-548.99,0,-0.698,0.444,6593,6566,35,38
8927,38,0,0,0,2252,2253,0,0
8928,2,0,0,0,566,565,0,0
8929,1,0,0,0.64,119,118,0,0
8930,5,0,0,0.036,756,755,0,0
8931,,,,,5330,5330,0,0
8932,180.364,0,-5.02,-147.864,57505,57358,0,2
8933,4,0,0,0,0,0,0,0
8935,51,0,0,-0.001,0,0,0,0
8936,18,0,0,-0.531,9431,9507,22,22
8937,-43,0,-1,0.04,19314,19324,11,11
8938,4.02,0,-0.494,0.198,640,642,10,10
8940,5,0,0,0,95,95,0,0
8941,,,,,29,29,0,0
8942,16.626,0,0,1.71,553,559,0,0
8996,-861.697,508,98.013,-6,5541,5503,86,84
9103,-599,0,0,0,3573,3541,64,284
910322,12,0,0,0,0,0,0,0
9105,1244,0,0,-107.03,47862,47673,161,325
910861,-2,0,0,0,0,0,0,0
911868,-2,0,0,0,0,0,0,0
912000,26,0,0,0,16680,16678,0,0
9136,30,0,0,0,11682,11968,50,0
9802,105.138,0,0.668,0,2100,2116,6,6
9902,8,0,11,0,3181,3189,1,1
9904,-118.207,-84,-0.313,14,26702,26375,6,6
9905,52,0,0,0,31,31,0,0
9906,4,0,-2,0,409,404,0,0
9907,253,0,0,0,3906,3900,2,2
9908,14,0,0,0,115,115,0,0
9910,365.379,14,-0.093,2.403,1961,1990,0,0
9911,-8.542,0,0,0,392,392,0,0
9912,-1,0,0,0,0,0,0,0
9914,-682.15,0,-6,-13.659,2011,2034,19,23
9917,-15.971,0,-9.059,0,62,62,0,0
9918,-1,0,0,0,50,50,0,0
9919,85,0,0,0,8110,8110,5,13
9921,607.467,0,-72.801,-35.339,1314,1498,0,0
9924,30,0,0,0,758,758,0,0
9925,57.999,0,0,0,2,2,0,0
9926,-2,0,0,0,6,6,0,0
9927,4,0,0,0,60,61,0,0
9928,0,0,1,0,482,507,3,0
9929,1,0,0,0,0,0,0,0
9930,9,0,0,0.534,19,19,0,0
9931,8,0,0,0,64,64,0,0
9933,-503.324,0,0,0,4261,4253,33,33
9934,-117,0,1,0,5956,5936,6,9
9935,40,0,0,0,1374,1362,0,0
9937,2,0,0,0,134,134,0,0
9938,39.96,0,16,0.203,3069,3098,2,2
9939,158.873,-266,57.84,-1,1233,1254,0,0
9940,-79.725,0,0,-1.06,1228,1219,0,0
9941,119,101,70.945,-0.289,802,812,1,3
9942,-11,0,0,0,26,26,0,0
9943,4,0,0,0,76,76,0,0
9944,1,0,0,0,5533,5533,0,0
9945,816.609,-1189,0.454,-55.902,20608,20353,26,38
9946,-34,0,0,0,864,876,0,0
9949,10,0,0,0,5962,5972,0,0
9950,,,,,0,0,0,0
9951,8,0,11,0,199,201,0,0
9955,-41,0,0,0,1157,1132,90,85
9958,-1360.98,-201,0,84.366,8423,8368,1535,0
9960,,,,,791,791,0,0
9962,-9,0,0,0,374,374,0,0
