code,fgn,inv,dlrSelf,dlrHedge,mgn,mgnPrev,shrt,shrtPrev
0050,884.588,0,-1686.863,-10625.87,,,,
0051,2,0,0,27.969,,,,
0052,1316.164,10000,998.302,-15391.334,,,,
0053,3.981,0,0,4.149,,,,
0055,7,0,0,100.98,,,,
0056,-15987.936,-185,-738.261,-5900.599,,,,
0057,0,0,0,-0.858,,,,
0061,-19,0,0,324.201,,,,
006201,-2,0,0,-56.619,37,47,0,0
006203,1,0,0,-1,,,,
006204,0,0,0,0.001,,,,
006205,-19,0,0,126.718,,,,
006206,-1,0,0,9.089,,,,
006207,0,0,0,26.705,,,,
006208,3234.384,0,7.303,4468.867,,,,
00631L,547.965,0,0,202.169,,,,
00632R,639,0,-595,-15245.921,,,,
00633L,136,0,0,57.443,,,,
00634R,0,0,0,104.2,,,,
00635U,30.327,0,625,-534.154,,,,
00636,-5,0,0,-17.37,,,,
00636K,0,0,0,0,,,,
00637L,-2026,0,0,-797.961,,,,
00638R,0,0,0,54.015,,,,
00639,-0.26,0,0,506.012,,,,
00640L,0,0,0,-15.561,,,,
00641R,0,0,0,561.796,,,,
00642U,10,0,0,-1764.068,,,,
00643,-103,0,0,77.193,,,,
00645,-1,0,0,-516.073,,,,
00646,-20.276,110,0,-1337.052,,,,
00647L,4,0,0,8.861,,,,
00648R,0,0,0,107.004,,,,
00650L,-1040,0,0,-2159.112,,,,
00651R,0,0,0,360.17,,,,
00652,2,0,10,-36,,,,
00653L,0,0,0,14.253,,,,
00654R,0,0,0,0,,,,
00655L,-110,0,0,-245.256,,,,
00656R,0,0,0,20.02,,,,
00657,77,0,0,-124.81,,,,
00657K,0,0,0,0,,,,
00660,0.31,0,0,8,,,,
00661,-2.82,0,0,-43.462,,,,
00662,-132.7,0,0,-413.578,,,,
00663L,458.939,0,0,1562.746,,,,
00664R,0,0,0,-692.203,,,,
00665L,-2950,0,0,-7119.628,,,,
00666R,0,0,0,38.479,,,,
00668,-1,0,0,32.779,,,,
00668K,0,0,0,0,,,,
00669R,0,0,0,619.51,,,,
00670L,-9,0,0,781.264,,,,
00671R,0,0,884,398.5,,,,
00673R,-2,0,0,1104.011,,,,
00674R,-100,0,312,-440.489,,,,
00675L,16,0,-6,781.755,,,,
00676R,0,0,0,-540.113,,,,
00678,6,0,0,34.458,,,,
00679B,17181.94,0,-40,9279.123,13544,14086,71,71
00680L,0,0,-141,15384.859,,,,
00681R,0,0,0,80,,,,
00682U,0,0,0,20.951,,,,
00683L,3,0,0,45.268,,,,
00684R,0,0,0,124,,,,
00685L,-12,0,1,277.389,,,,
00686R,0,0,0,32,,,,
00687B,38586.5,0,-760,8011.13,16574,16805,30,30
00687C,0,0,0,0,,,,
00688L,328,0,318,7093.562,,,,
00689R,0,0,0,-0.013,,,,
00690,1,0,0,28.614,,,,
00692,240.02,0,-1,-399.737,,,,
00693U,299,0,0,-484.992,,,,
00694B,161,0,0,-140.467,0,0,0,0
00695B,84,0,0,-88.329,5,5,0,0
00696B,88749,0,-300,-2908.198,306,302,0,0
00697B,3,0,0,-201.83,20,20,0,0
00700,-17,0,30,-51.792,,,,
00701,265,0,0,1001.709,,,,
00702,0.05,0,0,-4.247,,,,
00703,0,0,0,-1.919,,,,
00706L,4,0,0,225.561,,,,
00708L,38.12,0,50,851.599,,,,
00709,-5,0,0,-6,,,,
00710B,418,0,0,23.369,,,,
00711B,8,0,0,2,,,,
00712,4332.177,0,25,1719.1,,,,
00713,2109.096,-191,0,6120.153,,,,
00714,2,0,0,3.784,,,,
00715L,2855,0,0,8421.906,,,,
00717,203,0,0,44.016,,,,
00719B,594.155,0,0,-852.926,71,71,0,0
00720B,3361,0,0,871.691,3478,3486,48,48
00722B,343,0,0,162.009,125,125,0,0
00723B,-2,0,0,40,114,114,0,0
00724B,39,0,0,198.184,36,36,0,0
00725B,4288,1270,98,-651.894,1264,1268,0,0
00726B,0,0,0,89.341,1,1,0,0
00727B,-2,0,0,6.125,2,2,0,0
00728,-30,0,0,3.694,,,,
00730,31,0,0,26.855,,,,
00731,82.945,0,0,99.981,,,,
00733,190,0,109.341,141.724,,,,
00734B,0,0,0,2,0,0,0,0
00735,18,0,0,-919,,,,
00736,0,0,0,-1,,,,
00737,66,0,0,24.257,,,,
00738U,-81.477,0,0,1423.953,,,,
00739,-2,0,0,71.444,,,,
00740B,245,0,0,-306.382,96,106,0,0
00741B,0,0,0,27.001,16,18,0,0
00746B,92,0,0,-68.945,1,1,0,0
00749B,0,0,0,0,0,0,0,0
00750B,0,0,0,0,0,0,0,0
00751B,2195,-900,0,2837.97,4039,4039,0,0
00752,4.052,0,0,315.291,,,,
00753L,-1790,0,0,-1316.666,,,,
00754B,-20,0,0,48.717,0,0,0,0
00755B,4,0,0,1.076,0,0,0,0
00756B,42,0,0,20,21,21,0,0
00757,92.05,0,-3,-147.753,,,,
00758B,0,0,0,0,0,0,0,0
00759B,-2,0,0,0,0,0,0,0
00760B,1,0,0,32.4,3,3,0,0
00761B,19,0,0,96.362,31,31,0,0
00762,21,0,0,646.118,,,,
00763U,78,0,0,-639.72,,,,
00764B,3232,0,0,-1847.244,66,104,0,0
00768B,278,0,0,-83.767,12,10,0,0
00770,61,0,0,48.626,,,,
00771,0,0,0,21.406,,,,
00772B,3183,0,0,-817.23,2188,2189,0,0
00773B,368,0,0,366.882,301,301,0,0
00775B,0,0,0,0,,,,
00777B,6,0,0,0,0,0,0,0
00778B,-10,0,0,12,0,0,0,0
00779B,300,0,0,-43,0,0,0,0
00780B,6,0,0,25.999,0,0,0,0
00781B,6,0,0,-1.97,21,21,0,0
00782B,0,0,0,-89,19,19,0,0
00783,0,0,0,-5.142,,,,
00785B,0,0,0,0,0,0,0,0
00786B,-364,0,0,439,15,15,0,0
00787B,0,0,0,105.026,0,0,0,0
00788B,-843,0,0,928,0,0,0,0
00789B,0,0,0,-0.068,0,0,0,0
00791B,0,0,0,0,0,0,0,0
00792B,-25,0,0,45.253,0,0,0,0
00793B,-2,0,0,10,0,0,0,0
00795B,11045,0,0,-2879.248,4373,4374,2,2
00799B,18,0,0,18,13,13,0,0
00830,-775.575,0,0,-13276.251,,,,
00834B,0,0,0,5,0,0,0,0
00836B,66,0,0,14,0,0,0,0
00840B,0,0,0,0,0,0,0,0
00841B,0,0,0,2,0,0,0,0
00842B,0,0,0,-3,0,0,0,0
00844B,4,0,0,3,1,1,0,0
00845B,0,0,0,0.3,0,0,0,0
00846B,0,0,0,0,0,0,0,0
00847B,0,0,0,3,0,0,0,0
00848B,10,0,0,-10,0,0,0,0
00849B,0,0,0,1.964,0,0,0,0
00850,562,-50,13,738.691,,,,
00851,2,0,0,10,,,,
00852L,0,0,1,-87.877,,,,
00853B,130,0,0,32.781,2,2,0,0
00856B,0,0,0,5.7,0,0,0,0
00857B,5156,0,0,-2183.712,877,901,0,0
00858,7,0,0,87.498,224,216,0,0
00859B,200,0,0,-698.535,2,2,0,0
00860B,0,0,0,36.91,0,0,0,0
00861,30,0,0,85.293,,,,
00862B,9,0,0,144.269,10,10,0,0
00863B,-1,0,0,1,0,0,0,0
00864B,621,0,30,-228,1,1,0,0
00865B,977,0,0,-1800.06,,,,
00867B,40,0,0,-40,0,0,0,0
00870B,0,0,0,-2.034,0,0,0,0
00875,89,0,0,-50.604,,,,
00876,-7.995,0,0,29.612,,,,
00877,144,0,19,304.722,7827,8250,451,450
00878,3176.936,0,-255.681,19760.33,,,,
00881,-3646.526,0,1880,-16702.096,,,,
00882,0,0,0,1657.006,,,,
00883B,5005,0,0,1.503,0,0,0,0
00884B,0,0,0,0.018,0,0,0,0
00885,4339.64,0,-143,4267.267,,,,
00886,0,0,0,0.224,1,1,0,0
00887,4320,0,0,2973.25,24536,25836,999,1007
00888,118,0,0,-549.395,89,99,0,0
00890B,10,0,0,5,2,2,0,0
00891,-482.902,0,0,-2573.478,,,,
00892,242.931,0,0,-37.815,,,,
00893,298,0,0,152.697,,,,
00894,252,0,16,-757.752,,,,
00895,-1,0,0,222.783,,,,
00896,708,0,0,1065.749,,,,
00897,364,0,0,295.963,,,,
00898,625,0,0,217.951,,,,
00899,-1,0,0,143.793,,,,
00900,3410.5,0,0,8437.565,,,,
00901,398,0,7,-121.615,,,,
00902,338,0,0,910.96,,,,
00903,0,0,0,97.201,,,,
00904,240.1,0,0,-2065.662,,,,
00905,37.157,0,28,-61.975,,,,
00907,115,0,0,1017.365,,,,
00908,68,0,20,25.37,,,,
00909,701.302,0,27,156.238,,,,
00910,203.613,0,0,171.452,,,,
00911,-5.014,0,0,-66.252,,,,
00912,-33,0,0,-346.189,,,,
00913,0,0,0,-13.534,,,,
00915,75.2,0,0,2915.574,,,,
00916,8,0,0,149.554,,,,
00917,-26,0,0,-1745.739,,,,
00918,1966,0,-46.582,-6095.381,,,,
00919,31828.889,0,791.626,44091.284,,,,
00920,-7,0,0,-31.268,,,,
00921,121,0,0,619.673,,,,
00922,5566.366,0,-11,-2928.644,,,,
00923,149.1,0,97,-236.326,,,,
00924,586,0,0,-1626.13,,,,
00926,24,0,0,186.229,,,,
00927,-1430.208,0,0,-33189.89,,,,
00928,56,0,0,191.02,27,30,6,6
00929,-8320.299,0,-83.719,11681.337,,,,
00930,199,0,0,527.492,,,,
00931B,-92890,0,0,-605.491,4868,4907,0,0
00932,-55,0,0,634.561,,,,
00933B,6860,0,0,2224.547,1703,1706,0,0
00934,283,0,0,-1367.206,,,,
00935,145.49,0,29,-1260.338,,,,
00936,101,0,0,7739.366,,,,
00937B,40310,0,-150,17747.1,18198,18194,0,0
00938,0,0,0,242.495,,,,
00939,6955,0,0,17817.517,,,,
00940,-174.75,0,0,15164.257,,,,
00941,-23,0,0,1153.593,,,,
00942B,55,0,0,1648.235,240,245,0,0
00943,4,0,0,-12.293,,,,
00944,99,0,0,495.834,,,,
00945B,244,0,0,-1143.026,,,,
00946,1428,0,-397,-3963.55,,,,
00947,43,0,-234,-309.466,,,,
00948B,7101.002,0,0,2594.203,1134,1139,0,0
00949,-290,0,0,172.89,,,,
00950B,4945,0,0,-547.79,1408,1408,0,0
00951,192,0,0,567.117,,,,
00952,814,0,0,-706.666,,,,
00953B,104,-4580,-2,3013.274,,,,
00954,-479,0,254,-724.796,,,,
00955,97,0,35,-3104.197,1474,1343,16,16
00956,-18,0,0,1.736,,,,
00957B,16,0,0,812.395,259,263,0,0
00958B,-2,0,0,930.018,18,18,0,0
00959B,2157,0,0,949.626,1344,1450,0,0
00960,3,0,0,4039.894,,,,
00961,390,0,0,2843.658,,,,
00962,-4,0,0,-18.468,,,,
00963,0,0,0,32.242,,,,
00964,17,0,0,-493.243,,,,
00965,4140.615,-2700,-111,623.32,,,,
00966B,0,0,0,438.641,130,130,0,0
00967B,113,0,0,734.026,18,18,0,0
00968B,2373,0,0,1092.07,73,90,0,0
00969B,290,0,0,707.527,425,425,0,0
00970B,1286,0,0,923.863,281,281,0,0
00971,-2,0,0,819.147,,,,
00972,30,0,0,2.578,,,,
009800,12.005,0,0,627.924,,,,
009801,210,0,0,1728.215,,,,
009802,462,0,0,191.214,,,,
009803,381,0,211,-45.1,,,,
009804,263,0,0,-619.852,,,,
009805,-35,0,95,-4808.172,,,,
009806,1,0,0,-15.172,1,1,0,0
009807,0,0,0,72.469,35,35,0,0
009808,237,0,119,-301.658,,,,
009809,-2,0,40,22.425,,,,
00980A,122.08,0,2085,-1325.813,,,,
00980B,0,0,0,657.868,4,4,0,0
00980D,390,0,0,1036.795,237,237,0,0
00980T,233,0,0,319.095,102,101,0,0
009810,1,0,0,10.102,,,,
009811,294,0,0,1281.648,,,,
009812,-36,0,95,-419.578,,,,
009813,-197,0,0,-1734.028,,,,
009814,231,0,0,2634,64,54,0,0
00981A,4095.95,0,18,-19076.223,,,,
00981B,2526,1901,0,-2145,22158,21863,0,0
00981D,238,0,0,-6797.759,7532,6855,0,0
00981T,18,0,50,433.293,,,,
00982A,2255.25,0,2,2891.041,,,,
00982B,-4,0,0,403.519,228,228,0,0
00982D,4989,0,0,-3328,,,,
00982T,-5,0,0,-667.742,,,,
00983A,299,0,293,2175.025,,,,
00983B,0,0,0,58.941,4,4,0,0
00983D,105,0,0,-87.326,,,,
00984A,242,0,45,-5464.902,,,,
00984B,1384,0,0,-27.032,1038,1173,0,0
00985A,-164.97,0,2218,-2096.876,,,,
00985B,5185,0,0,3549,,,,
00986A,461,0,0,-12.074,,,,
00986B,0,0,0,44,0,0,0,0
00987A,-2011.8,0,50,-6484.867,,,,
00988A,-310,0,0,5161,,,,
00989A,996,0,-1006,1843,,,,
00990A,1421.9,0,500,5182.416,,,,
00991A,-95.801,0,90,1214.03,,,,
00992A,267,0,588,-9820.951,,,,
00994A,74,0,-2432,-4694.334,,,,
01002T,-5,0,0,0,,,,
01007T,10,0,0,0,,,,
020000,0,0,0,-1,,,,
02001L,0,0,0,-12,,,,
02001R,0,0,0,10,,,,
020020,0,0,0,-13,,,,
020025,0,0,0,-30,,,,
020027,0,0,0,14,,,,
020028,0,0,0,2,,,,
020029,0,0,0,7,,,,
020030,0,0,0,-31,,,,
020031,0,0,0,133,,,,
020032,0,0,0,-4,,,,
020034,0,0,0,71,,,,
020035,0,0,0,-2,,,,
020038,0,0,0,8,,,,
020039,0,0,0,-64,,,,
020040,0,0,0,0,,,,
030002,0,0,0,35,,,,
030003,0,0,0,11,,,,
030005,0,0,0,-36,,,,
030008,0,0,0,10,,,,
030009,0,0,0,20,,,,
030012,0,0,0,-220,,,,
030020,0,0,0,-2,,,,
030021,0,0,0,10,,,,
030024,0,0,0,5,,,,
030025,0,0,0,-573,,,,
030026,0,0,0,6,,,,
030028,0,0,0,-30,,,,
030029,0,0,0,-31,,,,
030035,0,0,0,40,,,,
030037,0,0,0,-2,,,,
03003U,0,0,0,-200,,,,
030040,0,0,0,24,,,,
030047,0,0,0,-258,,,,
030048,0,0,0,4,,,,
030049,0,0,0,-4,,,,
030050,0,0,0,-174,,,,
030052,0,0,0,-2,,,,
030053,0,0,0,22,,,,
030054,0,0,0,-370,,,,
030055,0,0,0,-3,,,,
030056,0,0,0,93,,,,
030060,0,0,0,-29,,,,
030062,0,0,0,5,,,,
030063,0,0,0,10,,,,
030064,0,0,0,-1,,,,
030066,0,0,0,2,,,,
030067,0,0,0,-6,,,,
030068,0,0,0,10,,,,
030071,0,0,0,-17,,,,
030072,0,0,0,577,,,,
030073,0,0,0,0,,,,
030076,0,0,0,-10,,,,
030077,0,0,0,87,,,,
030078,0,0,0,13,,,,
030079,0,0,0,508,,,,
030080,0,0,0,-46,,,,
030081,0,0,0,-9,,,,
030082,0,0,0,2,,,,
030083,0,0,0,-2,,,,
030084,0,0,0,-3,,,,
030085,0,0,0,-1,,,,
030086,0,0,0,-50,,,,
030087,0,0,0,-33,,,,
030088,0,0,0,-43,,,,
030090,0,0,0,-292,,,,
030091,0,0,0,-15,,,,
030092,0,0,0,-110,,,,
030093,0,0,0,-50,,,,
030095,0,0,0,9,,,,
030097,0,0,0,-319,,,,
030103,0,0,0,-9,,,,
030105,0,0,0,7,,,,
030108,0,0,0,2,,,,
030109,0,0,0,-88,,,,
030112,0,0,0,-3,,,,
030115,0,0,0,-10,,,,
030116,0,0,0,7,,,,
030119,0,0,0,14,,,,
030121,0,0,0,1,,,,
030123,0,0,0,39,,,,
030124,0,0,0,3,,,,
030128,0,0,0,18,,,,
030129,0,0,0,-1,,,,
030130,0,0,0,-2,,,,
030131,0,0,0,20,,,,
030138,0,0,0,14,,,,
030145,0,0,0,42,,,,
030151,0,0,0,-10,,,,
030159,0,0,0,-10,,,,
03015X,0,0,0,-2,,,,
030163,0,0,0,26,,,,
030169,0,0,0,46,,,,
030171,0,0,0,99,,,,
030174,0,0,0,-146,,,,
030176,0,0,0,5,,,,
030177,0,0,0,0,,,,
030178,0,0,0,-32,,,,
030179,0,0,0,138,,,,
030180,0,0,0,5,,,,
030181,0,0,0,0,,,,
030184,0,0,0,-10,,,,
030190,0,0,0,-160,,,,
030193,0,0,0,-1,,,,
030198,0,0,0,208,,,,
030200,0,0,0,1,,,,
030201,0,0,0,117,,,,
030202,0,0,0,20,,,,
030203,0,0,0,-10,,,,
030204,0,0,0,28,,,,
030205,0,0,0,13,,,,
030209,0,0,0,100,,,,
030211,0,0,0,-89,,,,
030212,0,0,0,-381,,,,
030214,0,0,0,-6,,,,
030220,0,0,0,-13,,,,
030224,0,0,0,-348,,,,
030225,0,0,0,-1069,,,,
030227,0,0,0,-4,,,,
030228,0,0,0,2,,,,
030229,0,0,0,56,,,,
030231,0,0,0,-115,,,,
030234,0,0,0,-234,,,,
030235,0,0,0,18,,,,
030236,0,0,0,31,,,,
030237,0,0,0,-2,,,,
030238,0,0,0,1,,,,
030239,0,0,0,-11,,,,
030240,0,0,0,247,,,,
030241,100,0,0,762,,,,
030242,0,0,0,-26,,,,
030243,0,0,0,-162,,,,
030244,0,0,0,-82,,,,
030245,0,0,0,-25,,,,
030246,0,0,0,-117,,,,
030247,0,0,0,-18,,,,
030248,0,0,0,60,,,,
030250,0,0,0,-68,,,,
030251,0,0,0,38,,,,
030252,0,0,0,1,,,,
030254,0,0,0,292,,,,
030256,0,0,0,248,,,,
030257,0,0,0,-100,,,,
030259,0,0,0,9,,,,
030261,0,0,0,-100,,,,
030267,0,0,0,2,,,,
030270,0,0,0,-1,,,,
030271,0,0,0,6,,,,
030276,0,0,0,-57,,,,
030277,0,0,0,5,,,,
030278,0,0,0,13,,,,
030279,0,0,0,15,,,,
030280,0,0,0,2,,,,
030281,0,0,0,3,,,,
030283,0,0,0,1,,,,
030284,0,0,0,-5,,,,
030285,0,0,0,-205,,,,
030286,0,0,0,0,,,,
030289,0,0,0,-44,,,,
030291,0,0,0,4,,,,
030292,0,0,0,135,,,,
030293,0,0,0,355,,,,
030297,0,0,0,300,,,,
030298,0,0,0,60,,,,
030299,0,0,0,-347,,,,
03029U,0,0,0,-171,,,,
030300,0,0,0,20,,,,
030301,0,0,0,66,,,,
030302,0,0,0,-1,,,,
030303,0,0,0,43,,,,
030304,0,0,0,-15,,,,
030308,0,0,0,-261,,,,
030309,0,0,0,-55,,,,
030310,0,0,0,7,,,,
030311,0,0,0,-75,,,,
030312,0,0,0,4,,,,
030313,0,0,0,9,,,,
030320,0,0,0,-51,,,,
030321,0,0,0,-105,,,,
030323,0,0,0,33,,,,
030324,0,0,0,2,,,,
030325,0,0,0,12,,,,
030327,0,0,0,21,,,,
030328,0,0,0,-1,,,,
030331,0,0,0,-21,,,,
030333,0,0,0,203,,,,
030337,0,0,0,-14,,,,
030342,0,0,0,0,,,,
030343,0,0,0,-154,,,,
030344,0,0,0,30,,,,
030348,0,0,0,-227,,,,
030349,0,0,0,447,,,,
030350,0,0,0,-47,,,,
030355,0,0,0,4,,,,
030356,0,0,0,15,,,,
030357,0,0,0,18,,,,
030358,0,0,0,-20,,,,
030360,0,0,0,5,,,,
030362,0,0,0,38,,,,
030365,0,0,0,12,,,,
030366,0,0,0,425,,,,
030370,0,0,0,-767,,,,
030375,0,0,0,50,,,,
030376,0,0,0,83,,,,
030378,0,0,0,298,,,,
030382,0,0,0,50,,,,
030384,0,0,0,-85,,,,
030388,0,0,0,-14,,,,
030391,0,0,0,30,,,,
030393,0,0,0,8,,,,
030396,0,0,0,142,,,,
030403,0,0,0,2,,,,
030409,0,0,0,-235,,,,
030412,0,0,0,-15,,,,
030414,0,0,0,97,,,,
030415,0,0,0,0,,,,
030418,0,0,0,20,,,,
030419,0,0,0,-215,,,,
030421,0,0,0,-10,,,,
030422,0,0,0,5,,,,
030423,0,0,0,287,,,,
030426,0,0,0,-85,,,,
030427,0,0,0,106,,,,
030428,0,0,0,2,,,,
030433,0,0,0,-200,,,,
030435,0,0,0,31,,,,
030439,0,0,0,192,,,,
030440,0,0,0,45,,,,
030443,0,0,0,10,,,,
030446,0,0,0,-42,,,,
030455,0,0,0,50,,,,
030459,0,0,0,-115,,,,
030460,0,0,0,-346,,,,
030461,0,0,0,-1,,,,
030463,0,0,0,4,,,,
030464,0,0,0,-13,,,,
030468,0,0,0,-115,,,,
030469,0,0,0,-642,,,,
030470,0,0,0,9,,,,
030471,0,0,0,21,,,,
030473,0,0,0,9,,,,
030474,0,0,0,-155,,,,
03047X,0,0,0,2,,,,
030484,0,0,0,-93,,,,
030489,0,0,0,0,,,,
030490,0,0,0,-4,,,,
030497,0,0,0,-10,,,,
030499,0,0,0,-2,,,,
030501,0,0,0,6,,,,
030503,0,0,0,-690,,,,
030504,0,0,0,132,,,,
030510,0,0,0,-27,,,,
030511,0,0,0,360,,,,
030512,0,0,0,-452,,,,
030513,0,0,0,-20,,,,
030515,0,0,0,10,,,,
030516,0,0,0,41,,,,
030517,0,0,0,-20,,,,
030520,0,0,0,50,,,,
030521,0,0,0,-30,,,,
030522,0,0,0,-80,,,,
030524,0,0,0,-96,,,,
030526,0,0,0,-301,,,,
030527,0,0,0,35,,,,
030530,0,0,0,82,,,,
030531,0,0,0,-6,,,,
030532,0,0,0,-6,,,,
030533,0,0,0,-2,,,,
030534,0,0,0,20,,,,
030535,0,0,0,20,,,,
030537,0,0,0,-7,,,,
030544,0,0,0,34,,,,
030545,0,0,0,0,,,,
030548,0,0,0,-79,,,,
03054U,0,0,0,-151,,,,
030551,0,0,0,247,,,,
030552,0,0,0,1953,,,,
030554,0,0,0,71,,,,
030555,0,0,0,-501,,,,
030556,0,0,0,-414,,,,
030557,0,0,0,64,,,,
030558,0,0,0,3,,,,
030559,0,0,0,1,,,,
030560,0,0,0,15,,,,
030561,0,0,0,46,,,,
030562,0,0,0,-68,,,,
030563,0,0,0,399,,,,
030564,0,0,0,91,,,,
030565,0,0,0,-20,,,,
030566,0,0,0,-70,,,,
030567,0,0,0,-90,,,,
030569,0,0,0,-17,,,,
030570,0,0,0,369,,,,
030571,0,0,0,355,,,,
030572,0,0,0,-364,,,,
030573,0,0,0,628,,,,
030574,85,0,0,131,,,,
030575,-40,0,0,39,,,,
030576,0,0,0,-1343,,,,
030577,0,0,0,185,,,,
030578,0,0,0,-306,,,,
030579,0,0,0,-78,,,,
030580,-80,0,0,-70,,,,
030581,0,0,0,-1,,,,
030582,0,0,0,-54,,,,
030583,0,0,0,326,,,,
030584,0,0,0,-20,,,,
030585,0,0,0,-1,,,,
030586,0,0,0,4,,,,
030587,0,0,0,-17,,,,
030588,0,0,0,94,,,,
030589,0,0,0,13,,,,
030590,0,0,0,55,,,,
030591,0,0,0,-33,,,,
030592,0,0,0,-40,,,,
030594,0,0,0,-38,,,,
030595,0,0,0,3,,,,
030597,0,0,0,17,,,,
030599,0,0,0,-5,,,,
030600,0,0,0,49,,,,
030601,0,0,0,-171,,,,
030602,0,0,0,-10,,,,
030603,0,0,0,10,,,,
030604,0,0,0,285,,,,
030606,0,0,0,-170,,,,
030607,0,0,0,-48,,,,
030608,0,0,0,59,,,,
030609,0,0,0,-59,,,,
030610,0,0,0,-32,,,,
030611,0,0,0,-707,,,,
030613,0,0,0,2385,,,,
030618,0,0,0,-83,,,,
030621,0,0,0,144,,,,
030622,0,0,0,-1,,,,
030623,0,0,0,11,,,,
030624,0,0,0,3,,,,
030625,0,0,0,92,,,,
030626,0,0,0,238,,,,
030631,0,0,0,-162,,,,
030632,0,0,0,222,,,,
030633,0,0,0,-7,,,,
030636,0,0,0,43,,,,
030637,0,0,0,-373,,,,
030639,0,0,0,-46,,,,
030643,0,0,0,67,,,,
030644,0,0,0,-122,,,,
030646,0,0,0,-42,,,,
030649,0,0,0,50,,,,
030650,0,0,0,110,,,,
030652,0,0,0,-220,,,,
030653,0,0,0,-44,,,,
030654,0,0,0,-555,,,,
030655,0,0,0,10,,,,
030656,0,0,0,340,,,,
030657,0,0,0,-501,,,,
030661,0,0,0,-10,,,,
030662,0,0,0,6,,,,
030665,0,0,0,32,,,,
030668,0,0,0,130,,,,
030669,0,0,0,45,,,,
030671,0,0,0,-15,,,,
030673,0,0,0,17,,,,
030674,0,0,0,-6,,,,
030675,0,0,0,165,,,,
030677,0,0,0,-9,,,,
030678,0,0,0,40,,,,
030679,0,0,0,0,,,,
030684,0,0,0,5,,,,
030686,0,0,0,291,,,,
030687,0,0,0,-39,,,,
030695,0,0,0,-492,,,,
030697,0,0,0,-227,,,,
030699,0,0,0,9,,,,
030702,0,0,0,-5,,,,
030704,0,0,0,0,,,,
030705,0,0,0,1,,,,
030713,0,0,0,2,,,,
030720,0,0,0,10,,,,
030722,0,0,0,-2,,,,
030723,0,0,0,-104,,,,
030725,0,0,0,53,,,,
030726,0,0,0,-5,,,,
030728,0,0,0,-61,,,,
030733,0,0,0,-127,,,,
030735,0,0,0,2,,,,
030743,0,0,0,1,,,,
030744,0,0,0,-1,,,,
030745,0,0,0,-15,,,,
030746,0,0,0,7,,,,
030755,0,0,0,17,,,,
030757,0,0,0,641,,,,
030758,0,0,0,478,,,,
030759,0,0,0,-226,,,,
030760,0,0,0,-612,,,,
030761,0,0,0,67,,,,
030762,0,0,0,-265,,,,
030763,0,0,0,220,,,,
030764,0,0,0,-147,,,,
030765,0,0,0,-70,,,,
030766,0,0,0,-28,,,,
030767,0,0,0,-200,,,,
030768,0,0,0,-5,,,,
030769,0,0,0,15,,,,
030773,0,0,0,237,,,,
030774,0,0,0,-50,,,,
030778,0,0,0,21,,,,
030779,0,0,0,-84,,,,
030783,0,0,0,-76,,,,
030784,0,0,0,-1,,,,
030785,0,0,0,-100,,,,
030787,0,0,0,151,,,,
030788,0,0,0,20,,,,
030790,0,0,0,-1,,,,
030791,0,0,0,-16,,,,
030796,0,0,0,1,,,,
030801,0,0,0,21,,,,
030803,0,0,0,-80,,,,
030804,0,0,0,110,,,,
030811,0,0,0,-12,,,,
030812,0,0,0,-34,,,,
030813,0,0,0,0,,,,
030814,0,0,0,-14,,,,
030815,0,0,0,2,,,,
030817,0,0,0,-4,,,,
030818,0,0,0,1,,,,
030820,0,0,0,-25,,,,
030822,0,0,0,4,,,,
030823,0,0,0,-158,,,,
030826,0,0,0,417,,,,
030827,-10,0,0,896,,,,
030830,0,0,0,3,,,,
030832,0,0,0,-17,,,,
030838,0,0,0,79,,,,
030842,0,0,0,-4,,,,
030843,0,0,0,-166,,,,
030844,0,0,0,-728,,,,
030845,0,0,0,-91,,,,
030850,0,0,0,40,,,,
030852,0,0,0,10,,,,
030853,0,0,0,-398,,,,
030854,0,0,0,-103,,,,
030855,0,0,0,-677,,,,
030856,0,0,0,-705,,,,
030857,0,0,0,-601,,,,
030858,0,0,0,-97,,,,
030863,0,0,0,0,,,,
030864,0,0,0,10,,,,
030869,0,0,0,-1,,,,
030875,0,0,0,-14,,,,
030877,0,0,0,-14,,,,
030882,0,0,0,46,,,,
030883,0,0,0,30,,,,
030887,0,0,0,39,,,,
030891,0,0,0,86,,,,
030896,0,0,0,111,,,,
030899,0,0,0,102,,,,
030904,0,0,0,-7,,,,
030906,0,0,0,5,,,,
030908,0,0,0,-45,,,,
030910,0,0,0,-10,,,,
030915,0,0,0,-20,,,,
030918,0,0,0,-20,,,,
030919,0,0,0,171,,,,
030920,0,0,0,55,,,,
030923,0,0,0,-84,,,,
030924,0,0,0,-10,,,,
030926,0,0,0,95,,,,
030927,0,0,0,55,,,,
030928,0,0,0,-926,,,,
030929,0,0,0,-137,,,,
030930,0,0,0,3,,,,
030931,0,0,0,124,,,,
030933,0,0,0,3,,,,
030935,0,0,0,-803,,,,
030938,0,0,0,-100,,,,
030939,0,0,0,-4,,,,
030942,0,0,0,5,,,,
030943,0,0,0,-20,,,,
030944,0,0,0,-274,,,,
030945,0,0,0,-403,,,,
030946,0,0,0,26,,,,
030948,0,0,0,0,,,,
030952,0,0,0,19,,,,
030954,0,0,0,-4,,,,
030955,0,0,0,-3,,,,
030957,0,0,0,132,,,,
030961,0,0,0,5,,,,
030962,0,0,0,-33,,,,
030963,0,0,0,-30,,,,
030964,0,0,0,26,,,,
030965,0,0,0,28,,,,
030966,0,0,0,3,,,,
030968,0,0,0,94,,,,
030971,0,0,0,-30,,,,
030975,0,0,0,-10,,,,
030978,0,0,0,-149,,,,
030981,0,0,0,1,,,,
030987,0,0,0,-5,,,,
030989,0,0,0,-139,,,,
030990,0,0,0,95,,,,
030992,0,0,0,-92,,,,
030993,0,0,0,10,,,,
030995,0,0,0,-314,,,,
030996,0,0,0,1053,,,,
030997,0,0,0,0,,,,
031000,0,0,0,-25,,,,
031001,0,0,0,-35,,,,
031002,0,0,0,6,,,,
031003,0,0,0,-20,,,,
031006,0,0,0,-137,,,,
031007,0,0,0,-756,,,,
031010,0,0,0,13,,,,
031014,0,0,0,-395,,,,
031017,0,0,0,-123,,,,
031021,0,0,0,24,,,,
031026,0,0,0,29,,,,
031027,0,0,0,-3,,,,
031031,0,0,0,-35,,,,
031032,0,0,0,9,,,,
031033,0,0,0,-66,,,,
031036,0,0,0,19,,,,
031044,0,0,0,-39,,,,
031045,0,0,0,-14,,,,
031046,0,0,0,-17,,,,
031047,0,0,0,-18,,,,
031050,0,0,0,92,,,,
031052,0,0,0,39,,,,
031054,0,0,0,2,,,,
031055,0,0,0,100,,,,
031060,0,0,0,5,,,,
031061,0,0,0,9,,,,
031062,0,0,0,-130,,,,
031063,0,0,0,-100,,,,
031064,0,0,0,220,,,,
031066,0,0,0,10,,,,
031070,0,0,0,-260,,,,
031072,0,0,0,205,,,,
031075,0,0,0,-1,,,,
031076,0,0,0,-14,,,,
031082,0,0,0,62,,,,
031091,0,0,0,23,,,,
031098,0,0,0,0,,,,
031103,0,0,0,-16,,,,
031106,0,0,0,-30,,,,
031111,0,0,0,17,,,,
031114,0,0,0,-433,,,,
031116,0,0,0,-6,,,,
031118,0,0,0,1,,,,
031119,0,0,0,5,,,,
031122,0,0,0,26,,,,
031123,0,0,0,79,,,,
031127,0,0,0,359,,,,
031128,0,0,0,-55,,,,
031134,0,0,0,43,,,,
031142,0,0,0,10,,,,
031144,0,0,0,-130,,,,
031145,0,0,0,5,,,,
031146,0,0,0,4,,,,
031149,0,0,0,-713,,,,
031150,0,0,0,213,,,,
031152,0,0,0,-20,,,,
031153,0,0,0,-64,,,,
031155,0,0,0,20,,,,
031156,0,0,0,-4,,,,
031157,0,0,0,67,,,,
031159,0,0,0,-11,,,,
031162,0,0,0,14,,,,
031163,0,0,0,9,,,,
031164,0,0,0,10,,,,
031165,0,0,0,-127,,,,
031172,0,0,0,30,,,,
031174,0,0,0,57,,,,
031178,0,0,0,5,,,,
031181,0,0,0,10,,,,
031182,0,0,0,-2,,,,
031187,0,0,0,3,,,,
031190,0,0,0,35,,,,
031191,0,0,0,-1,,,,
031196,0,0,0,-44,,,,
031199,0,0,0,-148,,,,
031200,0,0,0,26,,,,
031201,0,0,0,-119,,,,
031202,0,0,0,285,,,,
031203,0,0,0,60,,,,
031206,0,0,0,80,,,,
031207,0,0,0,-11,,,,
031212,0,0,0,-79,,,,
031218,0,0,0,53,,,,
031221,0,0,0,16,,,,
031222,0,0,0,583,,,,
031223,0,0,0,20,,,,
031224,0,0,0,-36,,,,
031225,0,0,0,0,,,,
031229,0,0,0,55,,,,
031232,0,0,0,36,,,,
031234,0,0,0,4,,,,
031235,0,0,0,182,,,,
031236,0,0,0,430,,,,
031237,0,0,0,0,,,,
031238,0,0,0,4,,,,
031241,0,0,0,12,,,,
031244,0,0,0,-120,,,,
031248,0,0,0,8,,,,
031254,0,0,0,-50,,,,
031256,0,0,0,6,,,,
031260,0,0,0,-50,,,,
031261,-10,0,0,-102,,,,
031262,0,0,0,1,,,,
031263,0,0,0,-240,,,,
031264,0,0,0,-229,,,,
031266,0,0,0,-411,,,,
031267,0,0,0,0,,,,
031268,0,0,0,-113,,,,
031269,0,0,0,-31,,,,
031270,0,0,0,-20,,,,
031271,0,0,0,2,,,,
031272,0,0,0,-241,,,,
031273,0,0,0,-870,,,,
031275,0,0,0,2,,,,
031276,0,0,0,-100,,,,
031277,0,0,0,2,,,,
031278,0,0,0,25,,,,
031279,0,0,0,5,,,,
031281,0,0,0,-50,,,,
031282,0,0,0,20,,,,
031286,0,0,0,-10,,,,
031287,0,0,0,-222,,,,
031288,0,0,0,-269,,,,
031289,0,0,0,-93,,,,
031290,0,0,0,-178,,,,
031291,0,0,0,-10,,,,
031292,0,0,0,-1593,,,,
031293,0,0,0,419,,,,
031296,0,0,0,106,,,,
031298,0,0,0,-506,,,,
031300,0,0,0,-24,,,,
031301,0,0,0,328,,,,
031302,0,0,0,0,,,,
031303,0,0,0,-207,,,,
031304,0,0,0,188,,,,
031306,0,0,0,-1064,,,,
031311,0,0,0,-20,,,,
031312,0,0,0,214,,,,
031313,0,0,0,2,,,,
031314,0,0,0,5,,,,
031316,0,0,0,-230,,,,
031317,0,0,0,5,,,,
031318,0,0,0,53,,,,
031319,0,0,0,3,,,,
031321,0,0,0,-307,,,,
031322,0,0,0,-1,,,,
031329,0,0,0,3,,,,
031330,0,0,0,-50,,,,
031331,0,0,0,50,,,,
031334,0,0,0,114,,,,
031336,0,0,0,207,,,,
031337,0,0,0,52,,,,
031340,0,0,0,278,,,,
031346,0,0,0,1231,,,,
031349,0,0,0,0,,,,
031351,0,0,0,100,,,,
031353,0,0,0,6,,,,
031355,0,0,0,-16,,,,
031361,0,0,0,-93,,,,
031363,0,0,0,490,,,,
031364,0,0,0,-38,,,,
031365,0,0,0,-341,,,,
031367,0,0,0,-200,,,,
031376,0,0,0,1,,,,
031377,0,0,0,96,,,,
031379,0,0,0,-2,,,,
031380,0,0,0,-16,,,,
031383,0,0,0,136,,,,
031385,0,0,0,-22,,,,
031386,0,0,0,-1,,,,
031389,0,0,0,40,,,,
031390,0,0,0,197,,,,
031395,0,0,0,54,,,,
031399,0,0,0,119,,,,
031400,0,0,0,73,,,,
031401,0,0,0,23,,,,
031403,0,0,0,37,,,,
031404,0,0,0,-337,,,,
031405,0,0,0,-20,,,,
031406,0,0,0,-4,,,,
031408,0,0,0,45,,,,
031409,0,0,0,32,,,,
031411,0,0,0,332,,,,
031412,0,0,0,23,,,,
031413,0,0,0,-30,,,,
031416,0,0,0,25,,,,
031417,0,0,0,-262,,,,
031419,0,0,0,22,,,,
031420,0,0,0,-25,,,,
031421,0,0,0,40,,,,
031422,0,0,0,283,,,,
031423,0,0,0,48,,,,
031425,0,0,0,-611,,,,
031426,0,0,0,190,,,,
031427,0,0,0,-65,,,,
031432,0,0,0,-1,,,,
031436,0,0,0,-10,,,,
031437,0,0,0,-176,,,,
031438,0,0,0,15,,,,
031439,0,0,0,68,,,,
031440,0,0,0,160,,,,
031441,0,0,0,-103,,,,
031449,0,0,0,101,,,,
031451,0,0,0,42,,,,
031452,0,0,0,-26,,,,
031453,0,0,0,-76,,,,
031455,0,0,0,16,,,,
031457,0,0,0,114,,,,
031459,0,0,0,5,,,,
031461,0,0,0,-1299,,,,
031463,0,0,0,-6,,,,
031464,0,0,0,1,,,,
031465,0,0,0,30,,,,
031468,0,0,0,167,,,,
031470,0,0,0,179,,,,
031471,0,0,0,-110,,,,
031473,0,0,0,-3,,,,
031474,0,0,0,-64,,,,
031476,0,0,0,-431,,,,
031477,0,0,0,-1,,,,
031479,0,0,0,1,,,,
031480,0,0,0,21,,,,
031482,0,0,0,5,,,,
031483,0,0,0,-150,,,,
031488,0,0,0,0,,,,
031492,0,0,0,-50,,,,
031493,0,0,0,1,,,,
031495,0,0,0,3,,,,
031497,0,0,0,6,,,,
031498,0,0,0,1,,,,
031503,0,0,0,-448,,,,
031509,0,0,0,356,,,,
031510,0,0,0,-2,,,,
031512,0,0,0,-273,,,,
031514,0,0,0,-10,,,,
031515,0,0,0,-10,,,,
031516,0,0,0,130,,,,
031518,0,0,0,-74,,,,
031528,0,0,0,0,,,,
031531,0,0,0,5,,,,
031533,0,0,0,5,,,,
031535,0,0,0,57,,,,
031536,0,0,0,2,,,,
031537,0,0,0,-12,,,,
031538,0,0,0,0,,,,
031539,0,0,0,0,,,,
031540,0,0,0,453,,,,
031541,0,0,0,62,,,,
031542,0,0,0,5,,,,
031543,0,0,0,-169,,,,
031545,0,0,0,1,,,,
031549,0,0,0,53,,,,
031555,0,0,0,10,,,,
031556,0,0,0,220,,,,
031557,0,0,0,-6,,,,
031560,0,0,0,30,,,,
031561,0,0,0,-50,,,,
031562,0,0,0,40,,,,
031563,0,0,0,655,,,,
031570,0,0,0,-60,,,,
031572,0,0,0,162,,,,
031578,0,0,0,234,,,,
031580,0,0,0,-3,,,,
031586,0,0,0,199,,,,
031588,0,0,0,10,,,,
031589,0,0,0,37,,,,
031590,0,0,0,-5,,,,
031591,0,0,0,19,,,,
031592,0,0,0,10,,,,
031593,0,0,0,8,,,,
031595,0,0,0,-17,,,,
031597,0,0,0,10,,,,
031598,0,0,0,-22,,,,
031604,0,0,0,-328,,,,
031607,0,0,0,-50,,,,
031610,0,0,0,-1,,,,
031611,0,0,0,-8,,,,
031614,0,0,0,-2,,,,
031616,0,0,0,2,,,,
031618,0,0,0,-20,,,,
031622,0,0,0,20,,,,
031624,0,0,0,-48,,,,
031628,0,0,0,-167,,,,
031632,0,0,0,-10,,,,
031634,0,0,0,-2,,,,
031635,0,0,0,-1,,,,
031636,0,0,0,1,,,,
031638,0,0,0,219,,,,
031640,0,0,0,-40,,,,
031641,0,0,0,-2,,,,
031642,0,0,0,-33,,,,
031643,0,0,0,-139,,,,
031644,0,0,0,39,,,,
031645,0,0,0,-201,,,,
031646,0,0,0,15,,,,
031649,0,0,0,-1,,,,
031650,0,0,0,-10,,,,
031652,0,0,0,-4,,,,
031654,0,0,0,1,,,,
031659,0,0,0,31,,,,
031665,0,0,0,-3344,,,,
031666,0,0,0,-842,,,,
031667,0,0,0,5,,,,
031668,0,0,0,2,,,,
031669,0,0,0,-212,,,,
031670,0,0,0,-10,,,,
031676,0,0,0,-93,,,,
031677,0,0,0,-4,,,,
031678,0,0,0,20,,,,
031681,0,0,0,-100,,,,
031684,0,0,0,71,,,,
031685,0,0,0,-49,,,,
031686,0,0,0,90,,,,
031687,0,0,0,-183,,,,
031694,0,0,0,-4,,,,
031695,0,0,0,82,,,,
031698,0,0,0,341,,,,
031699,0,0,0,18,,,,
031700,0,0,0,19,,,,
031701,0,0,0,-50,,,,
031702,0,0,0,28,,,,
031707,0,0,0,-45,,,,
031708,0,0,0,49,,,,
031709,0,0,0,-191,,,,
031712,0,0,0,-46,,,,
031713,0,0,0,62,,,,
031715,0,0,0,1,,,,
031720,0,0,0,-65,,,,
031724,0,0,0,75,,,,
031732,0,0,0,-15,,,,
031736,0,0,0,283,,,,
031738,0,0,0,0,,,,
03173U,0,0,0,25,,,,
031740,0,0,0,73,,,,
031741,0,0,0,-20,,,,
031744,0,0,0,290,,,,
031745,0,0,0,20,,,,
031748,0,0,0,5,,,,
031757,0,0,0,38,,,,
031758,0,0,0,991,,,,
031760,0,0,0,100,,,,
031761,0,0,0,-134,,,,
031762,0,0,0,-16,,,,
031764,0,0,0,-33,,,,
031765,0,0,0,-422,,,,
031766,0,0,0,5,,,,
031774,0,0,0,1,,,,
031775,0,0,0,489,,,,
031776,0,0,0,100,,,,
031778,0,0,0,6,,,,
031780,0,0,0,6,,,,
031781,0,0,0,-252,,,,
031783,0,0,0,-1779,,,,
031788,0,0,0,42,,,,
031790,0,0,0,82,,,,
031792,0,0,0,-136,,,,
031793,0,0,0,450,,,,
031794,0,0,0,-4,,,,
031796,0,0,0,-15,,,,
031798,0,0,0,29,,,,
031799,0,0,0,631,,,,
031800,0,0,0,-105,,,,
031803,0,0,0,-1,,,,
031804,0,0,0,19,,,,
031805,0,0,0,-92,,,,
031806,0,0,0,-130,,,,
031807,0,0,0,2,,,,
031809,0,0,0,-339,,,,
031810,0,0,0,30,,,,
031812,0,0,0,0,,,,
031814,0,0,0,-2,,,,
031815,0,0,0,-20,,,,
031819,0,0,0,-123,,,,
031821,0,0,0,-1,,,,
031822,0,0,0,2238,,,,
031823,0,0,0,398,,,,
031824,0,0,0,369,,,,
031827,0,0,0,-70,,,,
031834,0,0,0,-59,,,,
031837,0,0,0,3,,,,
031841,0,0,0,10,,,,
031844,-2,0,0,1078,,,,
031845,0,0,0,-115,,,,
031846,0,0,0,-5,,,,
031849,0,0,0,-5,,,,
031852,0,0,0,100,,,,
031853,0,0,0,-10,,,,
031857,0,0,0,0,,,,
031860,0,0,0,-200,,,,
031863,0,0,0,4,,,,
031867,0,0,0,-431,,,,
031868,0,0,0,-43,,,,
031870,0,0,0,-120,,,,
031871,0,0,0,550,,,,
031874,0,0,0,-104,,,,
031876,0,0,0,25,,,,
031879,0,0,0,-40,,,,
031883,0,0,0,-1102,,,,
031885,0,0,0,-10,,,,
031888,0,0,0,21,,,,
031891,0,0,0,7,,,,
031893,0,0,0,193,,,,
031904,0,0,0,-10,,,,
031905,0,0,0,-88,,,,
031906,0,0,0,-1038,,,,
031908,0,0,0,0,,,,
031911,0,0,0,2,,,,
031912,0,0,0,150,,,,
031914,0,0,0,-1059,,,,
031915,0,0,0,-6,,,,
031917,0,0,0,6,,,,
031918,0,0,0,-159,,,,
031920,0,0,0,21,,,,
031924,0,0,0,195,,,,
031927,0,0,0,5,,,,
031928,0,0,0,0,,,,
031929,0,0,0,6,,,,
031932,0,0,0,4,,,,
031939,0,0,0,-65,,,,
031942,0,0,0,-180,,,,
031943,0,0,0,90,,,,
031944,0,0,0,-100,,,,
031945,0,0,0,-17,,,,
031946,0,0,0,100,,,,
031949,0,0,0,-6,,,,
031953,0,0,0,0,,,,
031955,0,0,0,-663,,,,
031956,0,0,0,22,,,,
031957,0,0,0,-62,,,,
031958,0,0,0,-40,,,,
031959,0,0,0,-107,,,,
031960,0,0,0,-5,,,,
031961,0,0,0,0,,,,
031965,0,0,0,-24,,,,
031966,0,0,0,-10,,,,
031968,0,0,0,-405,,,,
031969,0,0,0,-571,,,,
031970,0,0,0,-457,,,,
031973,0,0,0,-2,,,,
031974,0,0,0,-22,,,,
031976,0,0,0,-247,,,,
031977,0,0,0,115,,,,
031978,0,0,0,-17,,,,
031979,0,0,0,1,,,,
031980,0,0,0,-61,,,,
031983,0,0,0,-3,,,,
031985,0,0,0,-20,,,,
031986,0,0,0,-60,,,,
031987,0,0,0,-99,,,,
031988,0,0,0,-18,,,,
031989,0,0,0,-164,,,,
031990,0,0,0,109,,,,
031991,0,0,0,-63,,,,
031994,0,0,0,10,,,,
031997,0,0,0,62,,,,
031998,0,0,0,26,,,,
032002,0,0,0,40,,,,
032004,0,0,0,-80,,,,
032005,0,0,0,544,,,,
032007,0,0,0,-39,,,,
032009,0,0,0,-68,,,,
032011,0,0,0,-10,,,,
032014,0,0,0,5,,,,
032018,0,0,0,100,,,,
032023,0,0,0,4,,,,
032025,0,0,0,-10,,,,
032026,0,0,0,-101,,,,
032030,0,0,0,7,,,,
032031,0,0,0,13,,,,
032032,0,0,0,90,,,,
032033,0,0,0,595,,,,
032040,0,0,0,-38,,,,
032049,0,0,0,0,,,,
032050,0,0,0,11,,,,
032051,0,0,0,-12,,,,
032054,0,0,0,-2,,,,
032059,0,0,0,8,,,,
032062,0,0,0,-140,,,,
032066,0,0,0,10,,,,
032067,0,0,0,-10,,,,
032070,0,0,0,-1,,,,
032071,0,0,0,-1,,,,
032072,0,0,0,8,,,,
032073,0,0,0,-572,,,,
032075,0,0,0,-222,,,,
032078,0,0,0,-56,,,,
032079,0,0,0,10,,,,
032081,0,0,0,-356,,,,
032082,0,0,0,-5,,,,
032083,0,0,0,-100,,,,
032086,0,0,0,-20,,,,
032087,0,0,0,1,,,,
032088,0,0,0,-150,,,,
032092,0,0,0,-8,,,,
032094,0,0,0,33,,,,
032095,0,0,0,-16,,,,
032096,0,0,0,-46,,,,
032097,0,0,0,-22,,,,
032100,0,0,0,6,,,,
032103,0,0,0,-17,,,,
032104,0,0,0,-41,,,,
032107,0,0,0,142,,,,
032108,0,0,0,-131,,,,
032109,218,0,0,1818,,,,
032112,0,0,0,-470,,,,
032113,0,0,0,-13,,,,
032117,0,0,0,131,,,,
032118,0,0,0,23,,,,
032120,0,0,0,-537,,,,
032121,0,0,0,2,,,,
032122,0,0,0,-59,,,,
032123,0,0,0,-36,,,,
032124,0,0,0,2,,,,
032125,0,0,0,-3,,,,
032126,0,0,0,-75,,,,
032128,0,0,0,10,,,,
032130,0,0,0,53,,,,
032131,0,0,0,-59,,,,
032136,0,0,0,520,,,,
032137,0,0,0,-12,,,,
032140,0,0,0,155,,,,
032142,0,0,0,135,,,,
032143,0,0,0,-14,,,,
032144,0,0,0,-3,,,,
032146,0,0,0,-79,,,,
032147,0,0,0,10,,,,
032149,0,0,0,2326,,,,
032152,0,0,0,-501,,,,
032153,0,0,0,49,,,,
032155,0,0,0,-673,,,,
032156,0,0,0,18,,,,
032159,0,0,0,-80,,,,
032161,0,0,0,100,,,,
032162,0,0,0,-40,,,,
032164,0,0,0,-188,,,,
032167,0,0,0,-417,,,,
032168,0,0,0,-369,,,,
032172,0,0,0,-4,,,,
032173,0,0,0,-22,,,,
032174,0,0,0,-9,,,,
032175,0,0,0,52,,,,
032179,0,0,0,1,,,,
032182,0,0,0,-173,,,,
032185,0,0,0,-168,,,,
032187,0,0,0,-2,,,,
032191,0,0,0,-10,,,,
032192,0,0,0,-10,,,,
032193,0,0,0,-1,,,,
032195,0,0,0,65,,,,
032199,0,0,0,2,,,,
032201,0,0,0,-7,,,,
032202,0,0,0,-37,,,,
032206,0,0,0,-207,,,,
032210,0,0,0,40,,,,
032214,0,0,0,-10,,,,
032215,0,0,0,425,,,,
032223,0,0,0,-18,,,,
032229,0,0,0,10,,,,
032230,0,0,0,542,,,,
032234,0,0,0,121,,,,
032235,0,0,0,17,,,,
032238,0,0,0,-148,,,,
032240,0,0,0,-612,,,,
032241,0,0,0,-57,,,,
032245,0,0,0,160,,,,
032246,0,0,0,574,,,,
032247,0,0,0,-173,,,,
032248,0,0,0,-578,,,,
032249,0,0,0,-80,,,,
032250,0,0,0,-85,,,,
032251,0,0,0,279,,,,
032252,0,0,0,30,,,,
032253,0,0,0,-122,,,,
032254,0,0,0,250,,,,
032255,0,0,0,696,,,,
032256,0,0,0,0,,,,
032257,0,0,0,56,,,,
032260,0,0,0,-339,,,,
032261,0,0,0,0,,,,
032266,0,0,0,236,,,,
032267,0,0,0,30,,,,
032268,0,0,0,322,,,,
032269,0,0,0,2,,,,
032270,0,0,0,91,,,,
032272,0,0,0,-5,,,,
032273,0,0,0,-167,,,,
032274,0,0,0,-672,,,,
032275,0,0,0,-40,,,,
032276,0,0,0,-108,,,,
032277,0,0,0,8,,,,
032279,0,0,0,100,,,,
032282,0,0,0,-203,,,,
032283,0,0,0,46,,,,
032284,0,0,0,30,,,,
032285,0,0,0,-167,,,,
032286,0,0,0,5,,,,
032289,0,0,0,5,,,,
032290,0,0,0,-169,,,,
032291,0,0,0,-30,,,,
032297,0,0,0,-2545,,,,
032300,0,0,0,71,,,,
032301,0,0,0,88,,,,
032303,0,0,0,-15,,,,
032310,0,0,0,-416,,,,
032312,0,0,0,-212,,,,
032314,0,0,0,6,,,,
032315,0,0,0,18,,,,
032316,0,0,0,58,,,,
032322,0,0,0,-33,,,,
032325,0,0,0,-424,,,,
032326,0,0,0,-217,,,,
032327,0,0,0,0,,,,
032329,0,0,0,29,,,,
032330,0,0,0,118,,,,
032331,0,0,0,1,,,,
032332,0,0,0,-4,,,,
032333,0,0,0,5,,,,
032334,0,0,0,49,,,,
032335,0,0,0,90,,,,
032336,0,0,0,-135,,,,
032338,0,0,0,-55,,,,
032339,0,0,0,-84,,,,
032342,0,0,0,73,,,,
032343,0,0,0,-500,,,,
032344,0,0,0,20,,,,
032350,0,0,0,-4,,,,
032352,0,0,0,-4,,,,
032353,0,0,0,-16,,,,
032354,0,0,0,-300,,,,
032355,0,0,0,-83,,,,
032356,0,0,0,40,,,,
032357,0,0,0,215,,,,
032359,0,0,0,-15,,,,
032364,0,0,0,-128,,,,
032365,0,0,0,1,,,,
032368,0,0,0,37,,,,
032370,0,0,0,2,,,,
032371,0,0,0,-227,,,,
032375,0,0,0,-70,,,,
032380,0,0,0,37,,,,
032381,0,0,0,7,,,,
032382,0,0,0,-138,,,,
032383,0,0,0,-18,,,,
032385,0,0,0,-63,,,,
032386,0,0,0,98,,,,
032388,0,0,0,11,,,,
032390,0,0,0,-10,,,,
032392,0,0,0,44,,,,
032393,0,0,0,20,,,,
032395,0,0,0,-276,,,,
032396,0,0,0,29,,,,
032397,0,0,0,-141,,,,
032401,0,0,0,282,,,,
032402,0,0,0,100,,,,
032403,0,0,0,10,,,,
032404,0,0,0,-30,,,,
032406,0,0,0,1,,,,
032408,0,0,0,97,,,,
03240U,0,0,0,-25,,,,
032415,0,0,0,57,,,,
032418,0,0,0,5,,,,
032420,0,0,0,300,,,,
032421,0,0,0,0,,,,
032422,0,0,0,-50,,,,
032423,0,0,0,-91,,,,
032426,0,0,0,39,,,,
032427,0,0,0,-60,,,,
032431,0,0,0,20,,,,
032432,0,0,0,84,,,,
032433,0,0,0,-458,,,,
032439,0,0,0,15,,,,
032441,0,0,0,-4,,,,
032442,0,0,0,18,,,,
032444,0,0,0,30,,,,
032445,0,0,0,65,,,,
032446,0,0,0,-17,,,,
032447,0,0,0,-89,,,,
032448,0,0,0,3,,,,
032449,0,0,0,269,,,,
032450,0,0,0,238,,,,
032455,0,0,0,4,,,,
032457,0,0,0,-51,,,,
032458,0,0,0,5,,,,
032461,0,0,0,-2,,,,
032463,0,0,0,-250,,,,
032465,0,0,0,17,,,,
032466,0,0,0,175,,,,
032467,0,0,0,-10,,,,
032468,0,0,0,10,,,,
032469,0,0,0,-2168,,,,
032470,0,0,0,33,,,,
032480,0,0,0,-1000,,,,
032485,0,0,0,-166,,,,
032486,0,0,0,-20,,,,
032487,0,0,0,-16,,,,
032488,0,0,0,75,,,,
032490,0,0,0,-500,,,,
032491,0,0,0,277,,,,
032492,0,0,0,-3,,,,
032493,0,0,0,72,,,,
032496,0,0,0,-100,,,,
032497,0,0,0,-150,,,,
032499,0,0,0,50,,,,
032502,0,0,0,-370,,,,
032505,0,0,0,-69,,,,
032509,0,0,0,-144,,,,
032510,0,0,0,-2,,,,
032511,0,0,0,290,,,,
032513,0,0,0,100,,,,
032514,0,0,0,24,,,,
032515,0,0,0,37,,,,
032516,0,0,0,-31,,,,
032517,0,0,0,-599,,,,
032518,0,0,0,-5,,,,
032519,0,0,0,-104,,,,
032520,0,0,0,102,,,,
032522,0,0,0,-709,,,,
032524,0,0,0,-21,,,,
032527,0,0,0,668,,,,
032529,0,0,0,-500,,,,
032530,0,0,0,-150,,,,
032531,0,0,0,-3,,,,
032532,0,0,0,-188,,,,
032534,0,0,0,0,,,,
032536,0,0,0,-1,,,,
032537,0,0,0,-6,,,,
032538,0,0,0,285,,,,
032539,0,0,0,-2,,,,
032546,0,0,0,1346,,,,
032549,0,0,0,-26,,,,
032555,0,0,0,-1,,,,
032556,0,0,0,30,,,,
032557,0,0,0,-299,,,,
032558,0,0,0,-263,,,,
032559,0,0,0,-14,,,,
032560,0,0,0,-8,,,,
032562,0,0,0,-43,,,,
032564,0,0,0,-21,,,,
032566,0,0,0,6,,,,
032567,0,0,0,8,,,,
032568,0,0,0,-22,,,,
032569,0,0,0,30,,,,
032570,0,0,0,-17,,,,
032571,0,0,0,0,,,,
032572,0,0,0,1543,,,,
032574,0,0,0,-50,,,,
032575,0,0,0,-27,,,,
032578,0,0,0,-1088,,,,
032579,0,0,0,52,,,,
032580,0,0,0,-193,,,,
032582,0,0,0,62,,,,
032586,0,0,0,10,,,,
032589,0,0,0,-1,,,,
032591,0,0,0,-20,,,,
032595,0,0,0,390,,,,
032596,0,0,0,52,,,,
032597,0,0,0,117,,,,
032598,0,0,0,289,,,,
032599,0,0,0,-1741,,,,
032601,0,0,0,32,,,,
032602,0,0,0,10,,,,
032603,0,0,0,1,,,,
032605,0,0,0,61,,,,
032606,0,0,0,86,,,,
032607,0,0,0,-2,,,,
032608,0,0,0,-18,,,,
032610,0,0,0,10,,,,
032615,0,0,0,1,,,,
032616,0,0,0,64,,,,
032618,0,0,0,-442,,,,
032623,0,0,0,-320,,,,
032626,0,0,0,-100,,,,
032630,0,0,0,-850,,,,
032631,0,0,0,33,,,,
032636,0,0,0,35,,,,
032638,0,0,0,-10,,,,
032639,0,0,0,208,,,,
032641,0,0,0,460,,,,
032644,0,0,0,-30,,,,
032645,0,0,0,-68,,,,
032646,0,0,0,-22,,,,
032648,0,0,0,-247,,,,
032649,0,0,0,6,,,,
032650,0,0,0,37,,,,
032651,0,0,0,2356,,,,
032652,0,0,0,30,,,,
032653,0,0,0,-12,,,,
032654,0,0,0,38,,,,
032656,0,0,0,545,,,,
032657,0,0,0,93,,,,
032659,0,0,0,-92,,,,
032661,0,0,0,-20,,,,
032664,0,0,0,-22,,,,
032668,0,0,0,-23,,,,
032670,0,0,0,-31,,,,
032673,0,0,0,54,,,,
032678,0,0,0,0,,,,
032679,0,0,0,0,,,,
032685,0,0,0,-137,,,,
032686,0,0,0,-34,,,,
032687,0,0,0,90,,,,
032688,0,0,0,140,,,,
032689,0,0,0,88,,,,
032690,0,0,0,109,,,,
032692,0,0,0,-30,,,,
032693,0,0,0,-50,,,,
032695,0,0,0,-34,,,,
032696,0,0,0,42,,,,
032697,0,0,0,154,,,,
032699,0,0,0,-480,,,,
032700,0,0,0,4,,,,
032701,0,0,0,-10,,,,
032704,0,0,0,78,,,,
032707,0,0,0,-6,,,,
032708,0,0,0,-46,,,,
032710,0,0,0,20,,,,
032713,0,0,0,15,,,,
032715,0,0,0,10,,,,
032716,0,0,0,10,,,,
032718,0,0,0,34,,,,
032720,0,0,0,-10,,,,
032721,0,0,0,-8,,,,
032723,0,0,0,-30,,,,
032725,0,0,0,46,,,,
032727,0,0,0,172,,,,
032728,0,0,0,5,,,,
032729,0,0,0,-299,,,,
032730,0,0,0,-4,,,,
032731,0,0,0,55,,,,
032733,0,0,0,50,,,,
032735,0,0,0,-297,,,,
032736,0,0,0,-84,,,,
032737,0,0,0,0,,,,
032738,0,0,0,1,,,,
032739,0,0,0,311,,,,
032742,0,0,0,-161,,,,
032746,0,0,0,-12,,,,
032747,0,0,0,343,,,,
032748,0,0,0,-56,,,,
032749,0,0,0,-153,,,,
032751,0,0,0,-1622,,,,
032753,0,0,0,10,,,,
032756,0,0,0,1365,,,,
032757,0,0,0,-31,,,,
032759,0,0,0,-125,,,,
032760,0,0,0,203,,,,
032761,0,0,0,-201,,,,
032762,0,0,0,-1231,,,,
032763,0,0,0,-576,,,,
032764,0,0,0,-193,,,,
032766,0,0,0,189,,,,
032768,-8,0,0,149,,,,
032769,0,0,0,339,,,,
032770,0,0,0,-50,,,,
032771,0,0,0,6,,,,
032776,0,0,0,625,,,,
032779,0,0,0,-27,,,,
032781,0,0,0,-25,,,,
032785,0,0,0,-9,,,,
032790,0,0,0,70,,,,
032791,0,0,0,294,,,,
032792,0,0,0,2,,,,
032793,0,0,0,-45,,,,
032794,0,0,0,-20,,,,
032796,0,0,0,-80,,,,
032799,0,0,0,627,,,,
032803,0,0,0,-175,,,,
032805,0,0,0,15,,,,
032808,0,0,0,8,,,,
032809,0,0,0,-10,,,,
032812,0,0,0,-210,,,,
032813,0,0,0,-93,,,,
032814,0,0,0,-50,,,,
032817,0,0,0,-30,,,,
032818,0,0,0,-1,,,,
032819,0,0,0,25,,,,
032824,0,0,0,-50,,,,
032825,0,0,0,103,,,,
032826,0,0,0,-50,,,,
032827,0,0,0,-20,,,,
032831,0,0,0,-165,,,,
032833,0,0,0,-452,,,,
032839,0,0,0,184,,,,
032840,0,0,0,-11,,,,
032842,0,0,0,846,,,,
032844,0,0,0,58,,,,
032845,0,0,0,-10,,,,
032846,0,0,0,50,,,,
032848,0,0,0,-103,,,,
032852,0,0,0,-6,,,,
032853,0,0,0,1,,,,
032855,0,0,0,14,,,,
032857,0,0,0,-30,,,,
032858,0,0,0,-201,,,,
032860,0,0,0,-27,,,,
032861,0,0,0,0,,,,
032863,0,0,0,45,,,,
032864,0,0,0,292,,,,
032868,0,0,0,-277,,,,
032869,0,0,0,-14,,,,
032870,0,0,0,-5,,,,
032871,0,0,0,-10,,,,
032872,0,0,0,-15,,,,
032873,0,0,0,-200,,,,
032874,0,0,0,-59,,,,
032877,0,0,0,-186,,,,
032878,0,0,0,2,,,,
032879,0,0,0,42,,,,
032882,0,0,0,400,,,,
032883,0,0,0,-141,,,,
032886,0,0,0,50,,,,
032887,0,0,0,-15,,,,
032889,0,0,0,-20,,,,
032890,0,0,0,-2,,,,
032893,0,0,0,-599,,,,
032894,0,0,0,1,,,,
032897,0,0,0,9,,,,
032901,0,0,0,-76,,,,
032903,0,0,0,-90,,,,
032906,0,0,0,410,,,,
032907,0,0,0,3,,,,
032908,0,0,0,597,,,,
032910,0,0,0,440,,,,
032911,0,0,0,10,,,,
032916,0,0,0,-10,,,,
032936,0,0,0,-22,,,,
032938,0,0,0,6,,,,
032940,0,0,0,-166,,,,
032942,0,0,0,-743,,,,
032943,0,0,0,-798,,,,
032944,0,0,0,95,,,,
032945,0,0,0,103,,,,
032946,0,0,0,6,,,,
032951,0,0,0,-50,,,,
032952,0,0,0,-114,,,,
032954,0,0,0,148,,,,
032956,0,0,0,304,,,,
032957,0,0,0,-154,,,,
032958,0,0,0,-135,,,,
032959,0,0,0,126,,,,
032960,0,0,0,-262,,,,
032963,0,0,0,10,,,,
032964,0,0,0,513,,,,
032965,0,0,0,142,,,,
032967,0,0,0,96,,,,
032970,0,0,0,-1052,,,,
032972,0,0,0,-31,,,,
032975,0,0,0,-11,,,,
032977,0,0,0,168,,,,
032983,0,0,0,-151,,,,
032986,0,0,0,245,,,,
032987,0,0,0,-30,,,,
032989,0,0,0,-220,,,,
032991,0,0,0,-50,,,,
032996,0,0,0,-24,,,,
032997,0,0,0,-200,,,,
032998,0,0,0,60,,,,
032999,0,0,0,261,,,,
033001,0,0,0,264,,,,
033002,0,0,0,440,,,,
033003,0,0,0,-4,,,,
033006,0,0,0,-234,,,,
033007,0,0,0,-21,,,,
033008,0,0,0,24,,,,
033011,0,0,0,159,,,,
033013,0,0,0,3,,,,
033014,0,0,0,70,,,,
033016,0,0,0,18,,,,
033017,0,0,0,-23,,,,
033018,0,0,0,-10,,,,
033020,0,0,0,95,,,,
033028,0,0,0,-16,,,,
033033,0,0,0,2,,,,
033035,0,0,0,-73,,,,
033037,0,0,0,898,,,,
033038,0,0,0,28,,,,
033039,0,0,0,-1,,,,
033040,0,0,0,-88,,,,
033041,0,0,0,-4,,,,
033042,0,0,0,43,,,,
033045,0,0,0,125,,,,
033046,0,0,0,5,,,,
033052,0,0,0,-300,,,,
033054,0,0,0,849,,,,
033055,0,0,0,5,,,,
033058,0,0,0,55,,,,
033059,0,0,0,-10,,,,
033061,0,0,0,-3,,,,
033062,0,0,0,-40,,,,
033065,0,0,0,-151,,,,
033066,0,0,0,-214,,,,
033068,0,0,0,15,,,,
033072,0,0,0,43,,,,
033077,0,0,0,-56,,,,
033078,0,0,0,6,,,,
033081,0,0,0,-20,,,,
033084,0,0,0,-1,,,,
033085,10,0,0,-8,,,,
033086,0,0,0,0,,,,
033088,0,0,0,-248,,,,
033089,0,0,0,0,,,,
033093,0,0,0,-166,,,,
033097,0,0,0,14,,,,
033098,0,0,0,9,,,,
033101,0,0,0,1,,,,
033102,0,0,0,29,,,,
033104,0,0,0,-106,,,,
033107,0,0,0,-220,,,,
033108,0,0,0,2,,,,
033120,0,0,0,5,,,,
033122,0,0,0,-128,,,,
033123,0,0,0,-8,,,,
033126,0,0,0,18,,,,
033127,0,0,0,3,,,,
033128,0,0,0,-50,,,,
033129,0,0,0,9,,,,
033133,0,0,0,-41,,,,
033136,0,0,0,294,,,,
033137,0,0,0,-17,,,,
033140,0,0,0,-6,,,,
033142,0,0,0,-10,,,,
033144,0,0,0,-267,,,,
033145,0,0,0,-317,,,,
033148,0,0,0,14,,,,
033150,0,0,0,-46,,,,
033151,0,0,0,-104,,,,
033153,0,0,0,-712,,,,
033154,0,0,0,-12,,,,
033163,0,0,0,81,,,,
033164,0,0,0,3,,,,
033168,0,0,0,28,,,,
033169,0,0,0,-10,,,,
033172,0,0,0,-20,,,,
033174,0,0,0,397,,,,
033175,0,0,0,-240,,,,
033176,0,0,0,-30,,,,
033177,0,0,0,39,,,,
033178,0,0,0,265,,,,
033181,0,0,0,-2,,,,
033184,0,0,0,-66,,,,
033185,0,0,0,-21,,,,
033186,0,0,0,4,,,,
033188,0,0,0,-100,,,,
033189,0,0,0,-90,,,,
033190,0,0,0,-2,,,,
033191,0,0,0,188,,,,
033192,0,0,0,302,,,,
033193,0,0,0,150,,,,
033195,0,0,0,-10,,,,
033196,0,0,0,1272,,,,
033198,0,0,0,-475,,,,
033199,0,0,0,-229,,,,
033200,0,0,0,311,,,,
033203,0,0,0,1,,,,
033205,0,0,0,455,,,,
033207,0,0,0,-602,,,,
033211,0,0,0,116,,,,
033214,0,0,0,-39,,,,
033215,0,0,0,36,,,,
033220,0,0,0,1,,,,
033221,0,0,0,-7,,,,
033222,0,0,0,2,,,,
033223,0,0,0,137,,,,
033225,0,0,0,-61,,,,
033229,0,0,0,-8,,,,
033230,0,0,0,50,,,,
033233,0,0,0,20,,,,
033238,0,0,0,-184,,,,
033243,0,0,0,-2,,,,
033248,0,0,0,14,,,,
033251,0,0,0,158,,,,
033252,0,0,0,-1188,,,,
033253,0,0,0,-499,,,,
033254,0,0,0,1506,,,,
033255,0,0,0,-21,,,,
033258,0,0,0,10,,,,
033259,0,0,0,-126,,,,
033261,0,0,0,225,,,,
033262,0,0,0,-20,,,,
033270,0,0,0,73,,,,
033272,0,0,0,38,,,,
033273,0,0,0,-68,,,,
033274,0,0,0,-142,,,,
033275,0,0,0,5,,,,
033276,0,0,0,415,,,,
033277,0,0,0,594,,,,
033278,0,0,0,36,,,,
033279,0,0,0,222,,,,
033280,0,0,0,474,,,,
033282,0,0,0,1,,,,
033283,0,0,0,-38,,,,
033284,0,0,0,-13,,,,
033285,0,0,0,279,,,,
033286,0,0,0,91,,,,
033287,0,0,0,181,,,,
033288,0,0,0,-10,,,,
033289,0,0,0,-49,,,,
033291,0,0,0,-1123,,,,
033293,0,0,0,-2,,,,
033294,0,0,0,1,,,,
033295,0,0,0,54,,,,
033296,0,0,0,100,,,,
033297,0,0,0,2,,,,
033298,0,0,0,208,,,,
033299,0,0,0,265,,,,
033301,0,0,0,25,,,,
033303,0,0,0,426,,,,
033306,0,0,0,-17,,,,
033307,0,0,0,10,,,,
033308,0,0,0,-130,,,,
033309,0,0,0,-97,,,,
033310,0,0,0,1,,,,
033311,0,0,0,7,,,,
033319,0,0,0,-2,,,,
033322,0,0,0,60,,,,
033323,0,0,0,20,,,,
033324,0,0,0,-7,,,,
033326,0,0,0,91,,,,
033328,0,0,0,-60,,,,
033329,0,0,0,-14,,,,
033331,0,0,0,23,,,,
033332,0,0,0,5,,,,
033334,0,0,0,-40,,,,
033335,0,0,0,0,,,,
033338,0,0,0,54,,,,
033339,0,0,0,33,,,,
033340,0,0,0,-10,,,,
033343,0,0,0,48,,,,
033345,0,0,0,-92,,,,
033346,0,0,0,8,,,,
033348,0,0,0,1,,,,
033352,0,0,0,39,,,,
033353,0,0,0,26,,,,
033359,0,0,0,104,,,,
033366,0,0,0,-21,,,,
033367,0,0,0,-20,,,,
033368,0,0,0,224,,,,
033369,0,0,0,45,,,,
033372,0,0,0,28,,,,
033378,0,0,0,-184,,,,
033381,0,0,0,94,,,,
033383,0,0,0,90,,,,
033398,0,0,0,27,,,,
033401,0,0,0,90,,,,
033402,0,0,0,2,,,,
033403,0,0,0,-3,,,,
033407,0,0,0,490,,,,
033408,0,0,0,35,,,,
033412,0,0,0,-29,,,,
033414,0,0,0,-1,,,,
033416,0,0,0,50,,,,
033417,0,0,0,15,,,,
033418,0,0,0,-178,,,,
033419,0,0,0,15,,,,
033420,0,0,0,50,,,,
033422,0,0,0,98,,,,
033424,0,0,0,-315,,,,
033425,0,0,0,-82,,,,
033426,0,0,0,-9,,,,
033431,0,0,0,-319,,,,
033432,0,0,0,-10,,,,
033434,0,0,0,-36,,,,
033435,0,0,0,40,,,,
033436,0,0,0,5,,,,
033439,0,0,0,-10,,,,
033440,0,0,0,48,,,,
033441,0,0,0,-70,,,,
033442,0,0,0,-66,,,,
033449,0,0,0,3,,,,
033450,0,0,0,17,,,,
033451,0,0,0,2,,,,
033454,0,0,0,30,,,,
033456,0,0,0,-10,,,,
033457,0,0,0,5,,,,
033462,0,0,0,-25,,,,
033463,0,0,0,56,,,,
033466,0,0,0,60,,,,
033468,0,0,0,-28,,,,
033469,0,0,0,-208,,,,
033470,0,0,0,41,,,,
033471,0,0,0,269,,,,
033472,0,0,0,3,,,,
033474,0,0,0,-16,,,,
033475,0,0,0,-19,,,,
033477,0,0,0,-16,,,,
033480,0,0,0,-30,,,,
033481,0,0,0,2,,,,
033483,0,0,0,130,,,,
033484,0,0,0,198,,,,
033485,0,0,0,765,,,,
033486,0,0,0,25,,,,
033489,0,0,0,-3,,,,
033494,0,0,0,-156,,,,
033497,0,0,0,107,,,,
033498,0,0,0,121,,,,
033499,0,0,0,-1,,,,
033500,0,0,0,588,,,,
033501,0,0,0,1,,,,
033502,0,0,0,400,,,,
033505,0,0,0,23,,,,
033506,0,0,0,0,,,,
033508,0,0,0,59,,,,
033509,0,0,0,-37,,,,
033510,0,0,0,1,,,,
033513,0,0,0,51,,,,
033521,0,0,0,-45,,,,
033523,0,0,0,-1,,,,
033524,0,0,0,-479,,,,
033525,0,0,0,-44,,,,
033526,0,0,0,294,,,,
033530,0,0,0,202,,,,
033531,0,0,0,5,,,,
033535,0,0,0,122,,,,
033542,0,0,0,195,,,,
033543,0,0,0,44,,,,
033544,0,0,0,7,,,,
033545,0,0,0,30,,,,
033546,0,0,0,25,,,,
033547,0,0,0,525,,,,
033548,0,0,0,293,,,,
033549,0,0,0,266,,,,
033550,0,0,0,337,,,,
033551,0,0,0,-2,,,,
033552,-86,0,0,-304,,,,
033555,0,0,0,-246,,,,
033556,0,0,0,81,,,,
033558,0,0,0,62,,,,
033559,0,0,0,710,,,,
033560,0,0,0,137,,,,
033561,0,0,0,-68,,,,
033562,0,0,0,475,,,,
033564,0,0,0,-35,,,,
033566,0,0,0,-50,,,,
033568,0,0,0,-32,,,,
033569,0,0,0,-9,,,,
033570,0,0,0,511,,,,
033571,0,0,0,-72,,,,
033574,0,0,0,-10,,,,
033575,0,0,0,-2,,,,
033576,0,0,0,40,,,,
033578,0,0,0,69,,,,
033579,0,0,0,-384,,,,
033580,0,0,0,130,,,,
033581,0,0,0,-4,,,,
033582,0,0,0,308,,,,
033584,0,0,0,252,,,,
033585,0,0,0,-109,,,,
033586,0,0,0,-505,,,,
033588,0,0,0,-20,,,,
033590,0,0,0,52,,,,
033591,0,0,0,42,,,,
033592,0,0,0,-184,,,,
033593,0,0,0,32,,,,
033594,0,0,0,-44,,,,
033595,0,0,0,-10,,,,
033597,0,0,0,-233,,,,
033598,0,0,0,-1,,,,
033599,0,0,0,5,,,,
033600,0,0,0,0,,,,
033602,0,0,0,-16,,,,
033603,0,0,0,-51,,,,
033608,0,0,0,1,,,,
033609,0,0,0,35,,,,
033610,0,0,0,-27,,,,
033611,0,0,0,-223,,,,
033612,0,0,0,-33,,,,
033618,0,0,0,-48,,,,
033619,0,0,0,121,,,,
033621,0,0,0,100,,,,
033626,0,0,0,-281,,,,
033631,0,0,0,-286,,,,
033634,0,0,0,-115,,,,
033635,0,0,0,43,,,,
033636,0,0,0,174,,,,
033638,0,0,0,7,,,,
033639,0,0,0,-100,,,,
033643,0,0,0,147,,,,
033644,0,0,0,-193,,,,
033645,0,0,0,17,,,,
033646,0,0,0,-4,,,,
033648,0,0,0,94,,,,
033649,0,0,0,107,,,,
033650,0,0,0,65,,,,
033651,0,0,0,-10,,,,
033652,0,0,0,-715,,,,
033656,0,0,0,-563,,,,
033659,0,0,0,-10,,,,
033660,0,0,0,-129,,,,
033661,0,0,0,0,,,,
033662,0,0,0,-1,,,,
033663,0,0,0,261,,,,
033665,0,0,0,-367,,,,
033668,0,0,0,-100,,,,
033671,0,0,0,11,,,,
033675,0,0,0,-349,,,,
033676,0,0,0,-45,,,,
033679,0,0,0,3,,,,
033680,0,0,0,-1,,,,
033681,0,0,0,5,,,,
033683,0,0,0,45,,,,
033684,0,0,0,10,,,,
033687,0,0,0,290,,,,
033688,0,0,0,1,,,,
033691,0,0,0,-269,,,,
033694,0,0,0,-176,,,,
033697,0,0,0,15,,,,
033704,0,0,0,-30,,,,
033705,0,0,0,-9,,,,
033707,0,0,0,-1175,,,,
033709,0,0,0,-310,,,,
033720,0,0,0,40,,,,
033723,0,0,0,103,,,,
033724,0,0,0,25,,,,
033727,0,0,0,10,,,,
033728,0,0,0,-20,,,,
033729,0,0,0,-110,,,,
033731,6,0,0,-1,,,,
033733,0,0,0,0,,,,
033735,0,0,0,30,,,,
033737,0,0,0,2,,,,
033738,0,0,0,53,,,,
033740,0,0,0,-361,,,,
033741,0,0,0,155,,,,
033742,0,0,0,-45,,,,
033743,0,0,0,-2,,,,
033744,0,0,0,-1,,,,
033749,0,0,0,351,,,,
033751,0,0,0,-499,,,,
033752,0,0,0,106,,,,
033758,0,0,0,-53,,,,
033761,0,0,0,100,,,,
033762,0,0,0,-1,,,,
033764,0,0,0,60,,,,
033767,0,0,0,145,,,,
033771,0,0,0,55,,,,
033773,0,0,0,9,,,,
033775,0,0,0,-537,,,,
033777,0,0,0,-29,,,,
033781,0,0,0,1,,,,
033784,0,0,0,99,,,,
033785,0,0,0,-209,,,,
033786,0,0,0,3,,,,
033788,0,0,0,120,,,,
033789,0,0,0,6,,,,
033790,0,0,0,-18,,,,
033793,0,0,0,6,,,,
033795,0,0,0,5,,,,
033796,0,0,0,-305,,,,
033802,0,0,0,100,,,,
033804,0,0,0,-227,,,,
033811,0,0,0,30,,,,
033813,0,0,0,60,,,,
033824,0,0,0,-2,,,,
033829,0,0,0,30,,,,
033830,0,0,0,5,,,,
033831,0,0,0,50,,,,
033836,0,0,0,957,,,,
033837,0,0,0,131,,,,
033839,0,0,0,-1,,,,
033840,0,0,0,29,,,,
033842,0,0,0,-30,,,,
033843,0,0,0,-25,,,,
033844,0,0,0,811,,,,
033845,0,0,0,-2,,,,
033846,0,0,0,-47,,,,
033847,0,0,0,42,,,,
033849,0,0,0,-8,,,,
033851,0,0,0,47,,,,
033853,0,0,0,184,,,,
033854,0,0,0,-24,,,,
033855,0,0,0,-4,,,,
033856,0,0,0,-2,,,,
033862,0,0,0,29,,,,
033863,0,0,0,127,,,,
033866,0,0,0,14,,,,
033867,0,0,0,125,,,,
033869,0,0,0,530,,,,
033872,0,0,0,132,,,,
033876,0,0,0,14,,,,
033878,0,0,0,119,,,,
033886,0,0,0,-78,,,,
033891,0,0,0,-23,,,,
033892,0,0,0,-204,,,,
033893,0,0,0,25,,,,
033894,0,0,0,-86,,,,
033895,0,0,0,-25,,,,
033898,0,0,0,-2,,,,
033900,0,0,0,0,,,,
033901,0,0,0,-4,,,,
033906,0,0,0,1,,,,
033908,0,0,0,0,,,,
033910,0,0,0,-42,,,,
033915,0,0,0,9,,,,
033916,0,0,0,-50,,,,
033926,0,0,0,-15,,,,
033927,0,0,0,47,,,,
033934,0,0,0,-24,,,,
033935,0,0,0,-100,,,,
033937,0,0,0,11,,,,
033938,0,0,0,-10,,,,
033939,0,0,0,11,,,,
033941,0,0,0,43,,,,
033942,0,0,0,-303,,,,
033943,0,0,0,759,,,,
033944,0,0,0,-120,,,,
033945,0,0,0,-36,,,,
033946,0,0,0,-425,,,,
033947,0,0,0,-38,,,,
033948,0,0,0,387,,,,
033949,0,0,0,-123,,,,
033950,0,0,0,-20,,,,
033951,0,0,0,25,,,,
033952,0,0,0,-12,,,,
033953,0,0,0,-1,,,,
033955,0,0,0,36,,,,
033956,0,0,0,24,,,,
033958,0,0,0,98,,,,
033959,0,0,0,-418,,,,
033961,0,0,0,315,,,,
033962,0,0,0,-558,,,,
033964,0,0,0,39,,,,
033965,0,0,0,49,,,,
033966,0,0,0,20,,,,
033967,0,0,0,29,,,,
033968,0,0,0,132,,,,
033969,0,0,0,50,,,,
033970,0,0,0,10,,,,
033972,0,0,0,-444,,,,
033973,0,0,0,-456,,,,
033976,0,0,0,85,,,,
033977,0,0,0,754,,,,
033979,0,0,0,4,,,,
033980,0,0,0,1,,,,
033981,0,0,0,-29,,,,
033983,0,0,0,-22,,,,
033984,0,0,0,-43,,,,
033985,0,0,0,60,,,,
033987,0,0,0,60,,,,
033989,0,0,0,-24,,,,
033990,0,0,0,94,,,,
033994,0,0,0,826,,,,
033996,0,0,0,104,,,,
033997,0,0,0,2,,,,
033998,0,0,0,7,,,,
034001,0,0,0,15,,,,
034002,0,0,0,2,,,,
034003,0,0,0,-1,,,,
034004,0,0,0,150,,,,
034005,0,0,0,232,,,,
034010,0,0,0,-20,,,,
034011,0,0,0,-168,,,,
034013,0,0,0,-86,,,,
034015,0,0,0,-390,,,,
034016,0,0,0,-77,,,,
034021,0,0,0,35,,,,
034022,0,0,0,63,,,,
034026,0,0,0,112,,,,
034028,0,0,0,0,,,,
034029,0,0,0,-120,,,,
034030,0,0,0,-538,,,,
034033,0,0,0,20,,,,
034035,0,0,0,4,,,,
034036,0,0,0,-779,,,,
034037,0,0,0,-189,,,,
034039,0,0,0,-114,,,,
034043,0,0,0,-19,,,,
034046,0,0,0,-10,,,,
034048,0,0,0,-150,,,,
034049,0,0,0,1,,,,
034051,0,0,0,-15,,,,
034052,0,0,0,4,,,,
034055,0,0,0,37,,,,
034058,0,0,0,301,,,,
034059,0,0,0,-135,,,,
034060,0,0,0,120,,,,
034061,0,0,0,40,,,,
034066,0,0,0,50,,,,
034069,0,0,0,-29,,,,
034073,0,0,0,745,,,,
034074,0,0,0,-63,,,,
034078,0,0,0,-40,,,,
034080,0,0,0,-111,,,,
034082,0,0,0,153,,,,
034083,0,0,0,-65,,,,
034084,0,0,0,-35,,,,
034085,0,0,0,965,,,,
034096,0,0,0,-199,,,,
034102,0,0,0,-23,,,,
034105,0,0,0,-1,,,,
034106,0,0,0,-1,,,,
034115,0,0,0,0,,,,
034116,0,0,0,-13,,,,
034117,0,0,0,18,,,,
034119,0,0,0,-370,,,,
034120,0,0,0,-2,,,,
034123,0,0,0,-100,,,,
034127,0,0,0,104,,,,
034134,0,0,0,10,,,,
034137,0,0,0,-20,,,,
034140,0,0,0,2,,,,
034141,0,0,0,-58,,,,
034146,0,0,0,111,,,,
034148,0,0,0,12,,,,
034151,0,0,0,-35,,,,
034153,0,0,0,-100,,,,
034160,0,0,0,-50,,,,
034162,0,0,0,-94,,,,
034163,0,0,0,47,,,,
034164,0,0,0,42,,,,
034165,0,0,0,-136,,,,
034166,0,0,0,-362,,,,
034167,0,0,0,-10,,,,
034170,0,0,0,103,,,,
034173,0,0,0,-14,,,,
034174,0,0,0,-1,,,,
034178,0,0,0,75,,,,
034179,0,0,0,1,,,,
034180,0,0,0,335,,,,
034181,0,0,0,430,,,,
034182,0,0,0,340,,,,
034183,0,0,0,-6,,,,
034189,0,0,0,-307,,,,
034190,0,0,0,-62,,,,
034192,0,0,0,348,,,,
034196,0,0,0,-349,,,,
034197,0,0,0,57,,,,
034198,0,0,0,10,,,,
034199,0,0,0,53,,,,
034201,0,0,0,-16,,,,
034203,0,0,0,1330,,,,
034206,0,0,0,-5,,,,
034212,0,0,0,-166,,,,
034213,0,0,0,-29,,,,
034215,0,0,0,74,,,,
034219,0,0,0,80,,,,
034221,0,0,0,17,,,,
034222,0,0,0,-5,,,,
034223,0,0,0,-10,,,,
034224,0,0,0,10,,,,
034225,0,0,0,-76,,,,
034226,0,0,0,-5,,,,
034227,0,0,0,225,,,,
034231,0,0,0,-998,,,,
034232,0,0,0,-26,,,,
034234,0,0,0,2,,,,
034237,0,0,0,-2,,,,
034238,0,0,0,144,,,,
034239,0,0,0,-47,,,,
034240,0,0,0,26,,,,
034242,0,0,0,5,,,,
034244,0,0,0,0,,,,
034245,0,0,0,499,,,,
034246,0,0,0,-200,,,,
034247,37,0,0,-351,,,,
034248,0,0,0,-103,,,,
034249,0,0,0,-557,,,,
034251,0,0,0,3,,,,
034253,0,0,0,1741,,,,
034256,0,0,0,-50,,,,
034258,0,0,0,-15,,,,
034259,0,0,0,-360,,,,
034260,0,0,0,-2,,,,
034261,0,0,0,202,,,,
034264,0,0,0,17,,,,
034265,0,0,0,33,,,,
034266,0,0,0,-164,,,,
034268,0,0,0,3,,,,
034269,0,0,0,-1,,,,
034273,0,0,0,1,,,,
034274,0,0,0,-7,,,,
034276,0,0,0,-20,,,,
034278,0,0,0,82,,,,
034279,0,0,0,21,,,,
034280,0,0,0,-547,,,,
034282,0,0,0,0,,,,
034283,0,0,0,-9,,,,
034284,0,0,0,-3,,,,
034287,0,0,0,-20,,,,
034288,0,0,0,-310,,,,
034293,0,0,0,15,,,,
034296,0,0,0,108,,,,
034300,0,0,0,-120,,,,
034301,0,0,0,-33,,,,
034303,0,0,0,5,,,,
034305,0,0,0,2,,,,
034306,0,0,0,-20,,,,
034307,0,0,0,100,,,,
034308,0,0,0,-25,,,,
034314,0,0,0,-15,,,,
034318,0,0,0,0,,,,
034320,0,0,0,72,,,,
034322,0,0,0,-1,,,,
034323,0,0,0,102,,,,
034325,0,0,0,-330,,,,
034326,0,0,0,-392,,,,
034327,0,0,0,-479,,,,
034329,0,0,0,-10,,,,
034332,0,0,0,2,,,,
034333,0,0,0,411,,,,
034338,0,0,0,-580,,,,
034340,0,0,0,-67,,,,
034341,0,0,0,-100,,,,
034343,0,0,0,80,,,,
034344,0,0,0,98,,,,
034347,0,0,0,-9,,,,
034348,0,0,0,260,,,,
034349,0,0,0,35,,,,
034352,0,0,0,-15,,,,
034354,0,0,0,14,,,,
034356,0,0,0,-36,,,,
034357,0,0,0,0,,,,
034360,0,0,0,-60,,,,
034362,0,0,0,-12,,,,
034367,0,0,0,50,,,,
034368,0,0,0,-50,,,,
034371,0,0,0,-37,,,,
034373,0,0,0,-127,,,,
034374,0,0,0,-200,,,,
034375,0,0,0,9,,,,
034376,0,0,0,25,,,,
034377,0,0,0,-7,,,,
034378,0,0,0,70,,,,
034384,0,0,0,11,,,,
034386,0,0,0,34,,,,
034389,0,0,0,0,,,,
034392,0,0,0,-9,,,,
034395,0,0,0,134,,,,
034396,0,0,0,5,,,,
034398,0,0,0,943,,,,
034399,0,0,0,-64,,,,
034400,0,0,0,10,,,,
034402,0,0,0,-66,,,,
034403,0,0,0,-47,,,,
034409,1,0,0,-1,,,,
034411,0,0,0,-78,,,,
034415,0,0,0,91,,,,
034416,0,0,0,-45,,,,
034417,0,0,0,-20,,,,
034418,0,0,0,-228,,,,
034420,0,0,0,25,,,,
034421,0,0,0,-31,,,,
034422,0,0,0,0,,,,
034423,0,0,0,-50,,,,
034425,0,0,0,-50,,,,
034426,0,0,0,-100,,,,
034427,0,0,0,-42,,,,
034428,0,0,0,30,,,,
034429,0,0,0,-8,,,,
034430,0,0,0,-10,,,,
034431,0,0,0,-110,,,,
034432,0,0,0,53,,,,
034433,0,0,0,6,,,,
034434,0,0,0,28,,,,
034437,0,0,0,82,,,,
034439,0,0,0,-246,,,,
034440,0,0,0,19,,,,
034441,0,0,0,484,,,,
034442,0,0,0,78,,,,
034447,0,0,0,-199,,,,
034448,0,0,0,100,,,,
034452,0,0,0,3,,,,
034453,0,0,0,-182,,,,
034455,0,0,0,-91,,,,
034456,0,0,0,165,,,,
034457,0,0,0,-10,,,,
034458,0,0,0,9,,,,
034460,0,0,0,1,,,,
034461,0,0,0,110,,,,
034463,0,0,0,-106,,,,
034468,0,0,0,122,,,,
034469,0,0,0,133,,,,
034472,0,0,0,-271,,,,
034473,0,0,0,-348,,,,
034474,0,0,0,-321,,,,
034479,0,0,0,-10,,,,
034481,0,0,0,59,,,,
034482,0,0,0,40,,,,
034485,0,0,0,-1,,,,
034487,0,0,0,-10,,,,
034488,0,0,0,-10,,,,
034489,0,0,0,60,,,,
034493,0,0,0,-1099,,,,
034495,0,0,0,53,,,,
034497,0,0,0,-12,,,,
034498,0,0,0,-35,,,,
034500,0,0,0,-309,,,,
034502,0,0,0,-1,,,,
034503,0,0,0,101,,,,
034504,0,0,0,-29,,,,
034505,0,0,0,-105,,,,
034510,0,0,0,15,,,,
034517,0,0,0,-42,,,,
034528,0,0,0,-1,,,,
034529,0,0,0,1,,,,
034530,0,0,0,168,,,,
034531,0,0,0,-3,,,,
034534,0,0,0,-16,,,,
034535,0,0,0,-11,,,,
034540,0,0,0,-32,,,,
034541,0,0,0,-600,,,,
034542,0,0,0,295,,,,
034544,0,0,0,-499,,,,
034546,0,0,0,-15,,,,
034548,0,0,0,67,,,,
034550,0,0,0,-499,,,,
034553,0,0,0,5,,,,
034556,0,0,0,22,,,,
034562,0,0,0,67,,,,
034564,0,0,0,10,,,,
034571,0,0,0,-23,,,,
034572,0,0,0,-9,,,,
034573,0,0,0,208,,,,
034574,0,0,0,254,,,,
034575,0,0,0,6,,,,
034582,0,0,0,33,,,,
034583,0,0,0,-2,,,,
034588,0,0,0,-573,,,,
034589,0,0,0,-1,,,,
034591,0,0,0,49,,,,
034592,0,0,0,10,,,,
034593,0,0,0,-187,,,,
034594,0,0,0,-102,,,,
034595,0,0,0,-22,,,,
034596,0,0,0,-899,,,,
034597,0,0,0,3,,,,
034598,0,0,0,-188,,,,
034599,-10,0,0,13,,,,
034602,0,0,0,102,,,,
034604,0,0,0,819,,,,
034605,0,0,0,74,,,,
034606,0,0,0,76,,,,
034607,0,0,0,-22,,,,
034608,0,0,0,23,,,,
034609,0,0,0,3,,,,
034611,0,0,0,18,,,,
034614,0,0,0,10,,,,
034616,0,0,0,55,,,,
034618,0,0,0,0,,,,
034620,0,0,0,45,,,,
034623,0,0,0,25,,,,
034624,0,0,0,1937,,,,
034626,0,0,0,-407,,,,
034627,0,0,0,-840,,,,
034629,0,0,0,-944,,,,
034634,0,0,0,2,,,,
034635,0,0,0,10,,,,
034636,0,0,0,-1,,,,
034638,0,0,0,30,,,,
034639,0,0,0,2,,,,
034640,0,0,0,-24,,,,
034644,0,0,0,1,,,,
034646,0,0,0,-111,,,,
034649,0,0,0,-10,,,,
034650,0,0,0,-270,,,,
034656,0,0,0,-44,,,,
034657,0,0,0,-10,,,,
034658,0,0,0,-16,,,,
034662,0,0,0,-74,,,,
034663,0,0,0,38,,,,
034667,0,0,0,-5,,,,
034668,0,0,0,320,,,,
034669,0,0,0,-13,,,,
034670,0,0,0,-2,,,,
034672,0,0,0,-260,,,,
034675,0,0,0,-50,,,,
034676,0,0,0,-20,,,,
034680,0,0,0,-5,,,,
034681,0,0,0,100,,,,
034683,0,0,0,190,,,,
034684,0,0,0,270,,,,
034688,0,0,0,31,,,,
034689,0,0,0,-69,,,,
034692,0,0,0,4,,,,
034693,0,0,0,104,,,,
034706,0,0,0,5,,,,
034712,0,0,0,20,,,,
034737,0,0,0,-30,,,,
034739,0,0,0,-50,,,,
034741,0,0,0,42,,,,
034743,0,0,0,15,,,,
034744,0,0,0,1750,,,,
034747,0,0,0,-30,,,,
034748,0,0,0,-227,,,,
034750,0,0,0,-135,,,,
034754,0,0,0,58,,,,
034755,0,0,0,-99,,,,
034756,0,0,0,-8,,,,
034757,0,0,0,-59,,,,
034758,0,0,0,-30,,,,
034759,0,0,0,-109,,,,
034760,0,0,0,-6,,,,
034764,0,0,0,-5,,,,
034765,0,0,0,39,,,,
034766,0,0,0,-23,,,,
034767,0,0,0,13,,,,
034768,0,0,0,4,,,,
034769,0,0,0,-166,,,,
034772,0,0,0,603,,,,
034773,0,0,0,10,,,,
034775,0,0,0,-188,,,,
034776,0,0,0,6,,,,
034778,0,0,0,15,,,,
034779,0,0,0,52,,,,
034781,0,0,0,-33,,,,
034782,0,0,0,20,,,,
034783,0,0,0,3,,,,
034785,0,0,0,104,,,,
034786,0,0,0,104,,,,
034787,0,0,0,-1,,,,
034788,0,0,0,37,,,,
034796,0,0,0,650,,,,
034797,0,0,0,147,,,,
034798,0,0,0,163,,,,
034799,0,0,0,326,,,,
034800,0,0,0,-3,,,,
034805,0,0,0,8,,,,
034806,0,0,0,45,,,,
034807,0,0,0,-20,,,,
034809,0,0,0,180,,,,
034811,0,0,0,45,,,,
034814,0,0,0,-24,,,,
034816,0,0,0,-8,,,,
034822,0,0,0,242,,,,
034823,0,0,0,51,,,,
034824,0,0,0,-23,,,,
034825,0,0,0,-115,,,,
034828,20,0,0,13,,,,
034833,0,0,0,2449,,,,
034835,0,0,0,-100,,,,
034838,0,0,0,23,,,,
034842,0,0,0,-68,,,,
034845,0,0,0,-170,,,,
034846,0,0,0,0,,,,
034847,0,0,0,50,,,,
034849,0,0,0,-60,,,,
034850,0,0,0,136,,,,
034851,0,0,0,3,,,,
034854,0,0,0,-143,,,,
034855,0,0,0,12,,,,
034859,20,0,0,-873,,,,
034860,0,0,0,-3,,,,
034861,0,0,0,69,,,,
034862,0,0,0,2,,,,
034863,0,0,0,63,,,,
034864,0,0,0,-119,,,,
034866,0,0,0,5,,,,
034870,0,0,0,2,,,,
034872,0,0,0,-19,,,,
034873,0,0,0,-4,,,,
034875,0,0,0,-86,,,,
034876,0,0,0,12,,,,
034881,0,0,0,2,,,,
034882,0,0,0,152,,,,
034884,0,0,0,394,,,,
034887,0,0,0,-100,,,,
034888,0,0,0,143,,,,
034891,0,0,0,590,,,,
034895,0,0,0,16,,,,
034896,0,0,0,-268,,,,
034897,0,0,0,-206,,,,
034899,0,0,0,-10,,,,
034900,0,0,0,12,,,,
034901,0,0,0,-258,,,,
034904,0,0,0,-19,,,,
034905,0,0,0,5,,,,
034909,0,0,0,0,,,,
034910,0,0,0,1016,,,,
034914,0,0,0,7,,,,
034919,0,0,0,-20,,,,
034923,0,0,0,0,,,,
034924,0,0,0,1,,,,
034929,0,0,0,-10,,,,
034930,0,0,0,-3,,,,
034932,0,0,0,12,,,,
034934,0,0,0,-60,,,,
034939,0,0,0,30,,,,
034942,0,0,0,-16,,,,
034943,0,0,0,8,,,,
034947,0,0,0,5,,,,
034948,0,0,0,-30,,,,
034952,0,0,0,-24,,,,
034956,0,0,0,-300,,,,
034958,0,0,0,-1,,,,
034959,0,0,0,0,,,,
034962,0,0,0,-16,,,,
034963,0,0,0,5,,,,
034964,0,0,0,1,,,,
034973,0,0,0,-30,,,,
034979,0,0,0,-300,,,,
034984,0,0,0,63,,,,
034985,0,0,0,9,,,,
034988,0,0,0,40,,,,
034991,0,0,0,-41,,,,
034993,0,0,0,-3,,,,
034994,0,0,0,-471,,,,
034995,0,0,0,20,,,,
034996,0,0,0,-1,,,,
034997,0,0,0,-27,,,,
034998,0,0,0,245,,,,
034999,0,0,0,296,,,,
035002,0,0,0,100,,,,
035003,0,0,0,-14,,,,
035004,0,0,0,682,,,,
035006,0,0,0,-253,,,,
035007,0,0,0,-2,,,,
035008,0,0,0,-1707,,,,
035009,0,0,0,-295,,,,
035010,0,0,0,100,,,,
035013,0,0,0,196,,,,
035016,0,0,0,-21,,,,
035017,0,0,0,24,,,,
035018,0,0,0,-90,,,,
035019,0,0,0,1,,,,
035020,0,0,0,12,,,,
035022,0,0,0,15,,,,
035024,0,0,0,203,,,,
035026,0,0,0,-154,,,,
035029,0,0,0,76,,,,
035030,0,0,0,-3,,,,
035031,0,0,0,-89,,,,
035035,0,0,0,-79,,,,
035041,0,0,0,51,,,,
035042,0,0,0,9,,,,
035044,0,0,0,29,,,,
035046,0,0,0,-103,,,,
035047,0,0,0,-69,,,,
035050,0,0,0,-30,,,,
035051,0,0,0,10,,,,
035052,0,0,0,57,,,,
035053,0,0,0,1,,,,
035054,0,0,0,7,,,,
035055,7,0,0,76,,,,
035056,0,0,0,-15,,,,
035057,0,0,0,5,,,,
035058,0,0,0,433,,,,
035059,0,0,0,275,,,,
035060,0,0,0,27,,,,
035062,0,0,0,14,,,,
035064,0,0,0,100,,,,
035067,0,0,0,490,,,,
035068,0,0,0,21,,,,
035069,0,0,0,-3,,,,
035075,0,0,0,-1,,,,
035076,0,0,0,52,,,,
035078,0,0,0,-271,,,,
035079,0,0,0,10,,,,
035080,0,0,0,15,,,,
035087,0,0,0,-8,,,,
035088,0,0,0,-44,,,,
035089,0,0,0,15,,,,
035090,0,0,0,30,,,,
035091,0,0,0,-79,,,,
035092,0,0,0,10,,,,
035093,0,0,0,133,,,,
035095,0,0,0,85,,,,
035098,0,0,0,-342,,,,
035103,0,0,0,29,,,,
035104,0,0,0,22,,,,
035108,0,0,0,-3,,,,
035109,0,0,0,101,,,,
035110,0,0,0,0,,,,
035111,0,0,0,-184,,,,
035114,0,0,0,-105,,,,
035115,0,0,0,-10,,,,
035116,0,0,0,11,,,,
035122,0,0,0,11,,,,
035129,0,0,0,3,,,,
035131,0,0,0,-2,,,,
035132,0,0,0,-88,,,,
035134,0,0,0,6,,,,
035136,0,0,0,-76,,,,
035141,0,0,0,-12,,,,
035145,0,0,0,5,,,,
035146,0,0,0,-10,,,,
035147,0,0,0,-2,,,,
035148,0,0,0,4,,,,
035149,0,0,0,207,,,,
035150,0,0,0,-50,,,,
035151,0,0,0,-1,,,,
035152,0,0,0,58,,,,
035153,0,0,0,111,,,,
035154,0,0,0,200,,,,
035155,0,0,0,18,,,,
035156,0,0,0,-3,,,,
035159,0,0,0,308,,,,
035160,0,0,0,151,,,,
035162,0,0,0,-265,,,,
035164,0,0,0,-30,,,,
035166,0,0,0,59,,,,
035168,0,0,0,5,,,,
035169,0,0,0,-4,,,,
035170,0,0,0,-27,,,,
035173,0,0,0,8,,,,
035174,0,0,0,314,,,,
035175,0,0,0,-5,,,,
035178,0,0,0,68,,,,
035179,0,0,0,44,,,,
035180,0,0,0,-13,,,,
035185,0,0,0,-369,,,,
035186,0,0,0,-20,,,,
035187,0,0,0,-7,,,,
035188,0,0,0,-373,,,,
035189,0,0,0,10,,,,
035194,0,0,0,-10,,,,
035196,0,0,0,749,,,,
035202,0,0,0,-10,,,,
035204,0,0,0,-88,,,,
035207,0,0,0,-77,,,,
035212,0,0,0,-2,,,,
035213,0,0,0,1,,,,
035214,0,0,0,-140,,,,
035215,0,0,0,3,,,,
035216,0,0,0,51,,,,
035217,0,0,0,11,,,,
035218,0,0,0,-43,,,,
035224,0,0,0,59,,,,
035228,0,0,0,-40,,,,
035231,0,0,0,301,,,,
035232,0,0,0,-70,,,,
035235,0,0,0,6,,,,
035241,0,0,0,9,,,,
035244,0,0,0,21,,,,
035245,0,0,0,118,,,,
035248,0,0,0,1,,,,
035249,0,0,0,3,,,,
035252,0,0,0,-37,,,,
035259,0,0,0,234,,,,
035261,0,0,0,3275,,,,
035266,0,0,0,22,,,,
035267,0,0,0,-5,,,,
035269,0,0,0,31,,,,
035273,0,0,0,-3,,,,
035275,0,0,0,-187,,,,
035276,0,0,0,-344,,,,
035281,0,0,0,10,,,,
035289,0,0,0,10,,,,
035291,0,0,0,3,,,,
035295,0,0,0,497,,,,
035296,0,0,0,20,,,,
035298,0,0,0,-757,,,,
035300,0,0,0,-62,,,,
035302,0,0,0,-53,,,,
035303,0,0,0,0,,,,
035306,0,0,0,-13,,,,
035311,0,0,0,-5,,,,
035313,0,0,0,-70,,,,
035315,0,0,0,-9,,,,
035316,0,0,0,-129,,,,
035318,0,0,0,-45,,,,
035319,0,0,0,-236,,,,
035321,0,0,0,10,,,,
035323,0,0,0,-1,,,,
035325,0,0,0,-118,,,,
035326,0,0,0,167,,,,
035327,0,0,0,-4,,,,
035328,0,0,0,388,,,,
035329,0,0,0,454,,,,
035330,0,0,0,-40,,,,
035331,0,0,0,15,,,,
035332,0,0,0,-143,,,,
035335,0,0,0,88,,,,
035336,0,0,0,50,,,,
035337,0,0,0,-7,,,,
035338,0,0,0,8,,,,
035340,0,0,0,35,,,,
035342,0,0,0,-37,,,,
035343,0,0,0,-56,,,,
035344,0,0,0,12,,,,
035348,0,0,0,-1,,,,
035349,0,0,0,99,,,,
035357,0,0,0,4,,,,
035359,0,0,0,-75,,,,
035361,0,0,0,-9,,,,
035365,0,0,0,-120,,,,
035368,0,0,0,-10,,,,
035371,0,0,0,-11,,,,
035376,0,0,0,-2,,,,
035377,0,0,0,4,,,,
035378,0,0,0,44,,,,
035379,0,0,0,-249,,,,
035380,0,0,0,-62,,,,
035382,0,0,0,-21,,,,
035384,0,0,0,324,,,,
035385,0,0,0,797,,,,
035387,0,0,0,-239,,,,
035388,0,0,0,-312,,,,
035390,0,0,0,35,,,,
035392,0,0,0,19,,,,
035393,0,0,0,3,,,,
035396,0,0,0,145,,,,
035397,0,0,0,-134,,,,
035399,0,0,0,-169,,,,
035400,0,0,0,93,,,,
035401,0,0,0,-370,,,,
035405,0,0,0,-5,,,,
035406,0,0,0,480,,,,
035407,0,0,0,-40,,,,
035408,0,0,0,-532,,,,
035409,0,0,0,-955,,,,
035412,0,0,0,6,,,,
035415,0,0,0,258,,,,
035416,0,0,0,203,,,,
035418,0,0,0,-50,,,,
035420,0,0,0,-173,,,,
035421,0,0,0,276,,,,
035422,0,0,0,145,,,,
035423,0,0,0,7,,,,
035424,0,0,0,13,,,,
035425,0,0,0,67,,,,
035426,0,0,0,210,,,,
035427,0,0,0,-126,,,,
035428,0,0,0,3,,,,
035430,0,0,0,128,,,,
035431,0,0,0,38,,,,
035433,0,0,0,370,,,,
035436,0,0,0,211,,,,
035439,0,0,0,-100,,,,
035440,0,0,0,-986,,,,
035441,0,0,0,-542,,,,
035451,0,0,0,-10,,,,
035453,0,0,0,-20,,,,
035454,0,0,0,32,,,,
035458,0,0,0,-42,,,,
035460,0,0,0,-94,,,,
035461,0,0,0,-98,,,,
035463,0,0,0,-412,,,,
035464,0,0,0,-156,,,,
035465,0,0,0,15,,,,
035467,0,0,0,20,,,,
035470,0,0,0,-22,,,,
035471,0,0,0,-26,,,,
035472,0,0,0,-7,,,,
035475,0,0,0,-160,,,,
035477,0,0,0,-2,,,,
035481,0,0,0,0,,,,
035482,0,0,0,-280,,,,
035483,0,0,0,49,,,,
035484,0,0,0,-76,,,,
035487,0,0,0,179,,,,
035488,0,0,0,0,,,,
035489,0,0,0,180,,,,
035490,0,0,0,-50,,,,
035492,0,0,0,100,,,,
035493,0,0,0,211,,,,
035495,0,0,0,-29,,,,
035496,0,0,0,-1,,,,
035499,0,0,0,2,,,,
035503,0,0,0,25,,,,
035504,0,0,0,-116,,,,
035508,0,0,0,-102,,,,
035511,0,0,0,-212,,,,
035512,0,0,0,101,,,,
035514,0,0,0,-9,,,,
035521,0,0,0,-21,,,,
035522,0,0,0,-10,,,,
035524,0,0,0,-203,,,,
035525,0,0,0,24,,,,
035527,0,0,0,44,,,,
035528,0,0,0,7,,,,
035532,0,0,0,-21,,,,
035536,0,0,0,-10,,,,
035537,0,0,0,25,,,,
035538,0,0,0,2,,,,
035539,0,0,0,214,,,,
035540,0,0,0,-187,,,,
035541,0,0,0,-14,,,,
035542,0,0,0,-20,,,,
035544,0,0,0,-40,,,,
035545,0,0,0,10,,,,
035546,0,0,0,-2,,,,
035547,0,0,0,-140,,,,
035549,0,0,0,-30,,,,
035551,0,0,0,1,,,,
035555,0,0,0,-12,,,,
035556,0,0,0,-21,,,,
035560,0,0,0,-1,,,,
035561,0,0,0,0,,,,
035564,0,0,0,-2,,,,
035565,0,0,0,139,,,,
035566,0,0,0,170,,,,
035567,0,0,0,16,,,,
035572,0,0,0,8,,,,
035573,0,0,0,13,,,,
035574,0,0,0,-5,,,,
035576,0,0,0,-30,,,,
035579,0,0,0,288,,,,
035580,0,0,0,58,,,,
035581,0,0,0,44,,,,
035584,0,0,0,-520,,,,
035585,0,0,0,-428,,,,
035586,0,0,0,972,,,,
035590,0,0,0,11,,,,
035591,0,0,0,8,,,,
035594,0,0,0,43,,,,
035600,0,0,0,1,,,,
035603,0,0,0,-49,,,,
035604,0,0,0,-163,,,,
035606,0,0,0,-525,,,,
035608,0,0,0,-77,,,,
035609,0,0,0,-41,,,,
035610,0,0,0,-190,,,,
035615,0,0,0,400,,,,
035616,0,0,0,96,,,,
035617,0,0,0,50,,,,
035618,0,0,0,56,,,,
035619,0,0,0,-190,,,,
035620,0,0,0,0,,,,
035621,0,0,0,-14,,,,
035623,0,0,0,-22,,,,
035624,0,0,0,127,,,,
035625,0,0,0,19,,,,
035631,0,0,0,-20,,,,
035633,0,0,0,56,,,,
035636,0,0,0,50,,,,
035638,0,0,0,-8,,,,
035639,0,0,0,-197,,,,
035640,0,0,0,-77,,,,
035654,0,0,0,8,,,,
035655,0,0,0,100,,,,
035656,0,0,0,-10,,,,
035658,0,0,0,2,,,,
035660,0,0,0,2,,,,
035661,0,0,0,-30,,,,
035662,0,0,0,-106,,,,
035672,0,0,0,-45,,,,
035675,0,0,0,33,,,,
035676,0,0,0,0,,,,
035680,0,0,0,522,,,,
035681,0,0,0,20,,,,
035682,0,0,0,75,,,,
035683,0,0,0,5,,,,
035688,0,0,0,-14,,,,
035689,0,0,0,15,,,,
035691,0,0,0,7,,,,
035692,0,0,0,1,,,,
035694,0,0,0,-14,,,,
035698,0,0,0,1,,,,
035700,0,0,0,1,,,,
035701,0,0,0,54,,,,
035704,0,0,0,2,,,,
035709,0,0,0,-7,,,,
035710,0,0,0,-2,,,,
035713,0,0,0,-10,,,,
035714,0,0,0,-20,,,,
035715,0,0,0,25,,,,
035716,0,0,0,13,,,,
035719,0,0,0,62,,,,
035721,0,0,0,0,,,,
035724,0,0,0,-50,,,,
035727,0,0,0,300,,,,
035728,0,0,0,19,,,,
035731,0,0,0,-309,,,,
035733,0,0,0,-30,,,,
035735,0,0,0,-115,,,,
035737,0,0,0,-170,,,,
035738,0,0,0,31,,,,
035739,0,0,0,360,,,,
035740,0,0,0,208,,,,
035741,0,0,0,-67,,,,
035742,0,0,0,41,,,,
035745,0,0,0,194,,,,
035746,0,0,0,-12,,,,
035748,0,0,0,497,,,,
035749,0,0,0,142,,,,
035753,0,0,0,-31,,,,
035755,0,0,0,8,,,,
035756,0,0,0,-25,,,,
035760,0,0,0,4,,,,
035761,0,0,0,2,,,,
035762,0,0,0,-51,,,,
035764,0,0,0,257,,,,
035765,0,0,0,92,,,,
035768,0,0,0,23,,,,
035772,0,0,0,-2,,,,
035776,0,0,0,-23,,,,
035780,0,0,0,-50,,,,
035781,0,0,0,250,,,,
035782,0,0,0,-98,,,,
035786,0,0,0,-50,,,,
035787,0,0,0,0,,,,
035788,0,0,0,-60,,,,
035794,0,0,0,5,,,,
035795,0,0,0,40,,,,
035796,0,0,0,-3,,,,
035797,0,0,0,-26,,,,
035799,0,0,0,661,,,,
035800,0,0,0,-105,,,,
035802,0,0,0,-200,,,,
035806,0,0,0,65,,,,
035809,0,0,0,85,,,,
035810,0,0,0,-3,,,,
035812,0,0,0,448,,,,
035815,0,0,0,279,,,,
035816,0,0,0,-80,,,,
035817,0,0,0,-7,,,,
035819,0,0,0,76,,,,
035821,0,0,0,581,,,,
035823,0,0,0,200,,,,
035825,0,0,0,6,,,,
035826,0,0,0,96,,,,
035827,0,0,0,57,,,,
035828,0,0,0,-1027,,,,
035829,0,0,0,-50,,,,
035830,0,0,0,568,,,,
035834,0,0,0,-5,,,,
035835,0,0,0,43,,,,
035837,0,0,0,16,,,,
035838,0,0,0,-132,,,,
035840,0,0,0,50,,,,
035841,0,0,0,-975,,,,
035842,0,0,0,2,,,,
035844,0,0,0,158,,,,
035846,0,0,0,-8,,,,
035847,0,0,0,43,,,,
035848,0,0,0,-8,,,,
035849,0,0,0,1290,,,,
035850,0,0,0,4,,,,
035851,0,0,0,19,,,,
035852,0,0,0,49,,,,
035854,0,0,0,-226,,,,
035856,0,0,0,-290,,,,
035857,0,0,0,44,,,,
035861,0,0,0,10,,,,
035862,0,0,0,0,,,,
035863,0,0,0,-4,,,,
035866,0,0,0,150,,,,
035867,0,0,0,-80,,,,
035868,0,0,0,-4,,,,
035869,0,0,0,48,,,,
035871,0,0,0,47,,,,
035873,0,0,0,-46,,,,
035875,0,0,0,36,,,,
035876,0,0,0,-81,,,,
035878,0,0,0,40,,,,
035889,0,0,0,-1,,,,
035892,0,0,0,-1,,,,
035894,0,0,0,25,,,,
035896,0,0,0,-6,,,,
035897,0,0,0,25,,,,
035898,0,0,0,-72,,,,
035900,0,0,0,-10,,,,
035902,0,0,0,-1,,,,
035903,0,0,0,37,,,,
035904,0,0,0,-33,,,,
035906,0,0,0,7,,,,
035907,0,0,0,-196,,,,
035909,0,0,0,-12,,,,
035912,0,0,0,83,,,,
035914,0,0,0,150,,,,
035915,0,0,0,-36,,,,
035918,0,0,0,6,,,,
035920,0,0,0,2,,,,
035921,0,0,0,-10,,,,
035922,0,0,0,-10,,,,
035923,0,0,0,-4,,,,
035926,0,0,0,0,,,,
035927,0,0,0,60,,,,
035931,0,0,0,13,,,,
035932,0,0,0,-9,,,,
035935,0,0,0,-1062,,,,
035936,0,0,0,-84,,,,
035941,0,0,0,-20,,,,
035942,0,0,0,303,,,,
035943,0,0,0,-2,,,,
035945,0,0,0,139,,,,
035946,0,0,0,-57,,,,
035949,0,0,0,7,,,,
035951,0,0,0,1,,,,
035952,0,0,0,22,,,,
035956,0,0,0,-3,,,,
035957,0,0,0,-10,,,,
035958,0,0,0,100,,,,
035962,0,0,0,30,,,,
035965,0,0,0,10,,,,
035968,0,0,0,-118,,,,
035969,0,0,0,-5,,,,
035972,0,0,0,102,,,,
035976,0,0,0,-168,,,,
035980,0,0,0,3,,,,
035989,0,0,0,-5,,,,
035990,0,0,0,9,,,,
035992,0,0,0,-23,,,,
035996,0,0,0,-362,,,,
035997,0,0,0,3,,,,
035998,0,0,0,-335,,,,
036003,0,0,0,-18,,,,
036004,0,0,0,-113,,,,
036005,0,0,0,64,,,,
036006,0,0,0,194,,,,
036007,0,0,0,212,,,,
036008,0,0,0,50,,,,
036009,0,0,0,-13,,,,
036010,0,0,0,-7,,,,
036011,0,0,0,94,,,,
036012,0,0,0,49,,,,
036016,0,0,0,-209,,,,
036019,0,0,0,13,,,,
036021,0,0,0,20,,,,
036022,-50,0,0,-28,,,,
036023,0,0,0,-1236,,,,
036027,0,0,0,-185,,,,
036028,0,0,0,94,,,,
036030,0,0,0,21,,,,
036031,0,0,0,19,,,,
036037,0,0,0,-21,,,,
036038,0,0,0,-8,,,,
036039,0,0,0,4,,,,
036042,0,0,0,5,,,,
036045,0,0,0,237,,,,
036046,0,0,0,917,,,,
036056,0,0,0,14,,,,
036061,0,0,0,60,,,,
036067,0,0,0,49,,,,
036071,0,0,0,60,,,,
036072,0,0,0,11,,,,
036075,0,0,0,2,,,,
036076,0,0,0,-10,,,,
036077,0,0,0,182,,,,
036078,0,0,0,-100,,,,
036080,0,0,0,56,,,,
036081,0,0,0,17,,,,
036082,0,0,0,0,,,,
036083,0,0,0,2,,,,
036084,0,0,0,43,,,,
036085,0,0,0,100,,,,
036088,0,0,0,-234,,,,
036089,0,0,0,50,,,,
036090,0,0,0,98,,,,
036091,0,0,0,38,,,,
036093,0,0,0,5,,,,
036094,0,0,0,-84,,,,
036095,0,0,0,111,,,,
036096,0,0,0,30,,,,
036097,0,0,0,178,,,,
036101,0,0,0,-18,,,,
036102,0,0,0,-103,,,,
036103,0,0,0,-12,,,,
036106,0,0,0,3,,,,
036107,0,0,0,389,,,,
036108,0,0,0,50,,,,
036110,0,0,0,7,,,,
036114,0,0,0,30,,,,
036118,0,0,0,20,,,,
036119,0,0,0,385,,,,
036125,0,0,0,-10,,,,
036126,0,0,0,-10,,,,
036127,0,0,0,-100,,,,
036128,0,0,0,8,,,,
036129,0,0,0,58,,,,
036130,0,0,0,-37,,,,
036131,0,0,0,-10,,,,
036133,0,0,0,208,,,,
036135,0,0,0,-257,,,,
036136,0,0,0,11,,,,
036138,0,0,0,-5,,,,
036139,0,0,0,-8,,,,
036141,0,0,0,-150,,,,
036146,0,0,0,25,,,,
036151,0,0,0,0,,,,
036160,0,0,0,-74,,,,
036163,0,0,0,0,,,,
036164,0,0,0,37,,,,
036167,0,0,0,-10,,,,
036168,0,0,0,-47,,,,
036170,0,0,0,0,,,,
036171,0,0,0,-260,,,,
036172,0,0,0,496,,,,
036173,0,0,0,5,,,,
036174,0,0,0,-18,,,,
036177,0,0,0,180,,,,
036179,0,0,0,-10,,,,
036180,0,0,0,-20,,,,
036186,0,0,0,-30,,,,
036187,0,0,0,1,,,,
036189,0,0,0,-298,,,,
036190,0,0,0,-5,,,,
036191,0,0,0,-3,,,,
036192,0,0,0,-5,,,,
036193,0,0,0,-15,,,,
036202,0,0,0,-20,,,,
036204,0,0,0,-30,,,,
036207,0,0,0,267,,,,
036208,0,0,0,20,,,,
036209,0,0,0,862,,,,
036215,0,0,0,-114,,,,
036219,0,0,0,230,,,,
036222,0,0,0,-15,,,,
036224,0,0,0,1580,,,,
036226,0,0,0,-81,,,,
036228,0,0,0,-68,,,,
036229,0,0,0,0,,,,
036231,0,0,0,-340,,,,
036232,0,0,0,190,,,,
036233,0,0,0,-10,,,,
036235,0,0,0,30,,,,
036236,0,0,0,43,,,,
036242,0,0,0,4,,,,
036244,0,0,0,-10,,,,
036246,0,0,0,25,,,,
036249,0,0,0,-569,,,,
036250,0,0,0,169,,,,
036251,0,0,0,-10,,,,
036252,0,0,0,-1189,,,,
036253,0,0,0,8,,,,
036254,0,0,0,952,,,,
036255,0,0,0,127,,,,
036265,0,0,0,25,,,,
036267,0,0,0,-389,,,,
036268,0,0,0,242,,,,
036269,0,0,0,-62,,,,
036270,0,0,0,-50,,,,
036271,0,0,0,30,,,,
036272,0,0,0,21,,,,
036273,0,0,0,350,,,,
036274,0,0,0,-724,,,,
036275,0,0,0,113,,,,
036276,0,0,0,-38,,,,
036280,0,0,0,-496,,,,
036281,0,0,0,-67,,,,
036282,0,0,0,-681,,,,
036283,0,0,0,10,,,,
036284,0,0,0,-390,,,,
036285,0,0,0,24,,,,
036287,0,0,0,46,,,,
036293,0,0,0,-20,,,,
036295,0,0,0,-317,,,,
036297,0,0,0,-18,,,,
036298,0,0,0,53,,,,
036299,0,0,0,-55,,,,
036303,0,0,0,-144,,,,
036304,0,0,0,-545,,,,
036305,0,0,0,-798,,,,
036306,0,0,0,-460,,,,
036307,0,0,0,-188,,,,
036308,0,0,0,93,,,,
036311,0,0,0,150,,,,
036312,0,0,0,-18,,,,
036313,0,0,0,157,,,,
036314,0,0,0,-15,,,,
036315,0,0,0,-140,,,,
036316,0,0,0,-137,,,,
036319,0,0,0,-68,,,,
036321,0,0,0,15,,,,
036328,0,0,0,-12,,,,
036329,0,0,0,-1,,,,
036331,0,0,0,21,,,,
036332,2,0,0,477,,,,
036334,0,0,0,97,,,,
036335,0,0,0,-63,,,,
036339,0,0,0,-23,,,,
036340,0,0,0,7,,,,
036345,0,0,0,-100,,,,
036346,0,0,0,395,,,,
036347,0,0,0,-66,,,,
036352,0,0,0,-10,,,,
036355,0,0,0,-40,,,,
036358,0,0,0,270,,,,
036360,0,0,0,10,,,,
036361,0,0,0,160,,,,
036362,0,0,0,-60,,,,
036363,0,0,0,1,,,,
036364,0,0,0,-1512,,,,
036365,0,0,0,2,,,,
036366,-20,0,0,-116,,,,
036367,0,0,0,-160,,,,
036368,0,0,0,50,,,,
036370,0,0,0,-5,,,,
036374,0,0,0,-268,,,,
036375,0,0,0,-7,,,,
036376,0,0,0,40,,,,
036377,0,0,0,1,,,,
036379,0,0,0,86,,,,
036383,0,0,0,-1969,,,,
036384,0,0,0,-445,,,,
036385,0,0,0,-344,,,,
036386,0,0,0,-16,,,,
036389,0,0,0,58,,,,
036390,0,0,0,-50,,,,
036391,0,0,0,-52,,,,
036394,0,0,0,139,,,,
036396,0,0,0,-80,,,,
036399,0,0,0,-100,,,,
036401,0,0,0,-10,,,,
036405,0,0,0,108,,,,
036406,0,0,0,-25,,,,
036410,0,0,0,-10,,,,
036412,0,0,0,-1024,,,,
036413,0,0,0,-3230,,,,
036414,0,0,0,-46,,,,
036416,0,0,0,5,,,,
036417,0,0,0,407,,,,
036419,0,0,0,-50,,,,
036420,0,0,0,-12,,,,
036424,0,0,0,-220,,,,
036425,0,0,0,40,,,,
036426,0,0,0,67,,,,
036428,0,0,0,-15,,,,
036430,0,0,0,21,,,,
036432,0,0,0,-100,,,,
036438,0,0,0,-1525,,,,
036439,0,0,0,-53,,,,
036440,0,0,0,0,,,,
036443,0,0,0,2,,,,
036446,0,0,0,116,,,,
036447,0,0,0,-3,,,,
036450,0,0,0,-142,,,,
036451,0,0,0,-100,,,,
036453,0,0,0,-31,,,,
036454,0,0,0,-238,,,,
036455,0,0,0,0,,,,
036456,0,0,0,53,,,,
036457,0,0,0,-1,,,,
036458,0,0,0,-563,,,,
036459,0,0,0,-150,,,,
036462,0,0,0,-263,,,,
036463,0,0,0,86,,,,
036464,0,0,0,-2,,,,
036465,0,0,0,-36,,,,
036467,0,0,0,-23,,,,
036468,0,0,0,-107,,,,
036471,0,0,0,-79,,,,
036472,0,0,0,15,,,,
036474,0,0,0,-15,,,,
036475,0,0,0,-33,,,,
036476,0,0,0,179,,,,
036479,0,0,0,-35,,,,
036480,0,0,0,-103,,,,
036481,0,0,0,-8,,,,
036482,0,0,0,-90,,,,
036485,0,0,0,-1202,,,,
036487,0,0,0,14,,,,
036489,0,0,0,-129,,,,
036490,0,0,0,-599,,,,
036492,0,0,0,-18,,,,
036493,0,0,0,569,,,,
036495,0,0,0,27,,,,
036497,0,0,0,-2,,,,
036498,0,0,0,-120,,,,
036499,0,0,0,-22,,,,
036500,0,0,0,-41,,,,
036501,0,0,0,49,,,,
036506,0,0,0,156,,,,
036507,0,0,0,15,,,,
036511,0,0,0,-43,,,,
036512,0,0,0,70,,,,
036513,0,0,0,-40,,,,
036514,0,0,0,-36,,,,
036519,0,0,0,-41,,,,
036521,0,0,0,1,,,,
036522,0,0,0,-67,,,,
036524,0,0,0,-200,,,,
036529,1,0,0,0,,,,
036531,0,0,0,-25,,,,
036535,0,0,0,-22,,,,
036538,0,0,0,-10,,,,
036539,0,0,0,-499,,,,
036541,0,0,0,258,,,,
036542,0,0,0,30,,,,
036543,0,0,0,821,,,,
036546,0,0,0,-87,,,,
036547,0,0,0,-431,,,,
036549,0,0,0,-2,,,,
036550,0,0,0,2,,,,
036551,0,0,0,8,,,,
036552,0,0,0,72,,,,
036556,0,0,0,-68,,,,
036557,0,0,0,10,,,,
036558,0,0,0,422,,,,
036559,0,0,0,819,,,,
036560,0,0,0,-1,,,,
036561,0,0,0,-116,,,,
036566,0,0,0,-477,,,,
036567,0,0,0,-34,,,,
036568,0,0,0,-10,,,,
036570,0,0,0,780,,,,
036571,0,0,0,7,,,,
036572,0,0,0,-65,,,,
036573,0,0,0,-200,,,,
036574,0,0,0,-30,,,,
036578,0,0,0,-85,,,,
036583,0,0,0,-23,,,,
036586,0,0,0,-116,,,,
036587,0,0,0,-21,,,,
036588,0,0,0,2,,,,
03658U,0,0,0,-9,,,,
036590,0,0,0,54,,,,
036591,0,0,0,45,,,,
036592,0,0,0,0,,,,
036597,0,0,0,-1860,,,,
036599,0,0,0,-9,,,,
036602,0,0,0,-108,,,,
036604,0,0,0,6,,,,
036605,0,0,0,0,,,,
036606,0,0,0,52,,,,
036610,0,0,0,10,,,,
036611,0,0,0,2,,,,
036614,0,0,0,292,,,,
036617,0,0,0,-9,,,,
036623,0,0,0,9,,,,
036624,0,0,0,-5,,,,
036625,0,0,0,0,,,,
036626,0,0,0,6,,,,
036627,0,0,0,-31,,,,
036632,0,0,0,-11,,,,
036635,0,0,0,0,,,,
036636,0,0,0,-16,,,,
036637,0,0,0,18,,,,
036639,0,0,0,203,,,,
036640,0,0,0,-8,,,,
036641,0,0,0,152,,,,
036645,0,0,0,54,,,,
036646,0,0,0,15,,,,
036647,0,0,0,50,,,,
036648,0,0,0,-123,,,,
036650,0,0,0,-57,,,,
036651,0,0,0,-20,,,,
036655,0,0,0,0,,,,
036659,0,0,0,6,,,,
036661,0,0,0,-19,,,,
036663,0,0,0,40,,,,
036665,0,0,0,-4,,,,
036671,0,0,0,90,,,,
036673,0,0,0,-88,,,,
036677,0,0,0,51,,,,
036681,0,0,0,-11,,,,
036689,0,0,0,50,,,,
036691,0,0,0,-104,,,,
036695,0,0,0,334,,,,
036700,0,0,0,-4,,,,
036701,0,0,0,-6,,,,
036705,0,0,0,20,,,,
036707,0,0,0,-41,,,,
036708,0,0,0,-3,,,,
036709,0,0,0,50,,,,
036713,0,0,0,-64,,,,
036715,0,0,0,34,,,,
036716,0,0,0,230,,,,
036718,0,0,0,-17,,,,
036720,0,0,0,-5,,,,
036721,0,0,0,8,,,,
036722,0,0,0,-165,,,,
036724,0,0,0,33,,,,
036731,0,0,0,-4,,,,
036737,0,0,0,-70,,,,
036738,0,0,0,51,,,,
036740,0,0,0,-289,,,,
036741,0,0,0,20,,,,
036744,0,0,0,254,,,,
036749,0,0,0,106,,,,
036752,0,0,0,-5,,,,
036753,0,0,0,-103,,,,
036754,0,0,0,19,,,,
036758,0,0,0,15,,,,
036765,0,0,0,-100,,,,
036770,0,0,0,-4,,,,
036771,0,0,0,-64,,,,
036772,0,0,0,-193,,,,
036773,0,0,0,120,,,,
036774,0,0,0,128,,,,
036776,0,0,0,0,,,,
036777,0,0,0,72,,,,
036779,0,0,0,70,,,,
036783,0,0,0,25,,,,
036784,0,0,0,-185,,,,
036785,0,0,0,11,,,,
036787,0,0,0,-1,,,,
036791,0,0,0,80,,,,
036792,0,0,0,-10,,,,
036794,0,0,0,105,,,,
036795,0,0,0,-78,,,,
036797,0,0,0,-51,,,,
036800,0,0,0,5,,,,
036805,0,0,0,35,,,,
036807,0,0,0,-135,,,,
036808,0,0,0,-147,,,,
036809,0,0,0,744,,,,
036810,0,0,0,491,,,,
036813,0,0,0,28,,,,
036814,0,0,0,2,,,,
036815,0,0,0,-310,,,,
036817,0,0,0,83,,,,
036818,0,0,0,-34,,,,
036820,0,0,0,1,,,,
036821,0,0,0,26,,,,
036823,0,0,0,-10,,,,
036825,0,0,0,-872,,,,
036826,0,0,0,20,,,,
036828,0,0,0,-50,,,,
036831,0,0,0,316,,,,
036832,0,0,0,31,,,,
036833,0,0,0,258,,,,
036839,0,0,0,-100,,,,
036841,0,0,0,-10,,,,
036842,0,0,0,-131,,,,
036844,0,0,0,-301,,,,
036845,0,0,0,-128,,,,
036846,-3,0,0,1318,,,,
036847,0,0,0,7,,,,
036848,0,0,0,-292,,,,
036852,0,0,0,84,,,,
036853,0,0,0,28,,,,
036854,0,0,0,4,,,,
036855,0,0,0,-3,,,,
036856,0,0,0,3,,,,
036857,0,0,0,-1,,,,
036860,0,0,0,-1038,,,,
036861,0,0,0,62,,,,
036863,0,0,0,481,,,,
036865,0,0,0,50,,,,
036867,0,0,0,18,,,,
036868,0,0,0,605,,,,
036870,0,0,0,167,,,,
036871,0,0,0,230,,,,
036872,0,0,0,11,,,,
036873,0,0,0,236,,,,
036874,0,0,0,-143,,,,
036875,0,0,0,-358,,,,
036876,0,0,0,161,,,,
036877,0,0,0,317,,,,
036878,0,0,0,85,,,,
036879,0,0,0,59,,,,
036880,0,0,0,-200,,,,
036881,0,0,0,-216,,,,
036883,0,0,0,-53,,,,
036889,0,0,0,-174,,,,
036892,0,0,0,3,,,,
036893,0,0,0,638,,,,
036894,0,0,0,283,,,,
036895,0,0,0,4,,,,
036896,0,0,0,-88,,,,
036897,0,0,0,13,,,,
036898,0,0,0,-22,,,,
036900,0,0,0,1,,,,
036904,0,0,0,20,,,,
036906,0,0,0,188,,,,
036907,0,0,0,1250,,,,
036909,0,0,0,-183,,,,
036910,0,0,0,-496,,,,
036911,0,0,0,0,,,,
036912,0,0,0,19,,,,
036916,0,0,0,55,,,,
036918,0,0,0,50,,,,
036920,0,0,0,-2,,,,
036922,0,0,0,0,,,,
036924,0,0,0,32,,,,
036926,0,0,0,11,,,,
036927,0,0,0,-1103,,,,
036929,0,0,0,-2,,,,
036930,0,0,0,42,,,,
036931,0,0,0,-224,,,,
036932,0,0,0,-200,,,,
036938,0,0,0,-35,,,,
036940,0,0,0,-26,,,,
036941,0,0,0,0,,,,
036942,0,0,0,9,,,,
036943,0,0,0,44,,,,
036947,0,0,0,-55,,,,
036953,0,0,0,-41,,,,
036954,0,0,0,249,,,,
036957,0,0,0,-2,,,,
036959,0,0,0,22,,,,
036960,0,0,0,47,,,,
036965,0,0,0,40,,,,
036966,0,0,0,1,,,,
036970,0,0,0,-10,,,,
036971,0,0,0,7,,,,
036973,0,0,0,-101,,,,
036974,0,0,0,0,,,,
036976,0,0,0,77,,,,
036978,0,0,0,-16,,,,
036979,0,0,0,-234,,,,
036983,0,0,0,-232,,,,
036985,0,0,0,-5,,,,
036986,0,0,0,-15,,,,
036987,0,0,0,0,,,,
036988,0,0,0,10,,,,
03698B,0,0,0,-27,,,,
036990,0,0,0,219,,,,
036993,0,0,0,-307,,,,
036995,0,0,0,-52,,,,
036996,0,0,0,-179,,,,
036997,0,0,0,42,,,,
03699B,0,0,0,-22,,,,
037001,0,0,0,174,,,,
037002,0,0,0,-707,,,,
037003,0,0,0,25,,,,
037004,0,0,0,33,,,,
037005,0,0,0,60,,,,
037006,0,0,0,20,,,,
037007,0,0,0,-15,,,,
037009,0,0,0,32,,,,
037010,0,0,0,113,,,,
037011,0,0,0,-6,,,,
037013,0,0,0,33,,,,
037016,0,0,0,10,,,,
037017,0,0,0,262,,,,
037018,0,0,0,10,,,,
037019,0,0,0,157,,,,
03701B,0,0,0,-657,,,,
037020,0,0,0,33,,,,
037022,0,0,0,-10,,,,
037023,0,0,0,-268,,,,
037024,0,0,0,-61,,,,
037025,0,0,0,28,,,,
037026,0,0,0,-43,,,,
037027,0,0,0,-9,,,,
037028,0,0,0,32,,,,
037029,0,0,0,-34,,,,
03702B,0,0,0,-51,,,,
037033,0,0,0,6,,,,
037035,0,0,0,-251,,,,
037036,0,0,0,53,,,,
037037,0,0,0,17,,,,
03703B,0,0,0,-318,,,,
037040,0,0,0,10,,,,
037041,0,0,0,2,,,,
037044,-10,0,0,-9,,,,
037045,0,0,0,124,,,,
037046,0,0,0,-105,,,,
037049,0,0,0,-5,,,,
03704B,0,0,0,-555,,,,
037050,0,0,0,5,,,,
037052,0,0,0,-308,,,,
037053,0,0,0,4,,,,
037054,0,0,0,-170,,,,
037055,0,0,0,45,,,,
037056,0,0,0,-66,,,,
037057,0,0,0,82,,,,
037058,0,0,0,177,,,,
037059,0,0,0,2,,,,
03705B,0,0,0,-90,,,,
037062,0,0,0,10,,,,
037063,0,0,0,-61,,,,
037064,0,0,0,86,,,,
037065,0,0,0,5,,,,
037066,0,0,0,-117,,,,
037069,0,0,0,-68,,,,
03706U,0,0,0,2,,,,
037071,0,0,0,801,,,,
037073,0,0,0,37,,,,
037075,0,0,0,58,,,,
037076,0,0,0,25,,,,
037078,0,0,0,13,,,,
037079,0,0,0,25,,,,
037084,0,0,0,1,,,,
037085,0,0,0,-3,,,,
037094,0,0,0,-26,,,,
037095,0,0,0,-375,,,,
037098,0,0,0,-30,,,,
03709U,0,0,0,-201,,,,
037104,0,0,0,6,,,,
037109,0,0,0,-2,,,,
037111,0,0,0,-20,,,,
037113,0,0,0,18,,,,
037114,0,0,0,-35,,,,
037116,0,0,0,10,,,,
037118,0,0,0,5,,,,
037120,0,0,0,-106,,,,
037121,0,0,0,5,,,,
037125,0,0,0,4,,,,
037128,0,0,0,-42,,,,
037132,0,0,0,148,,,,
037133,0,0,0,4,,,,
037134,0,0,0,14,,,,
037136,0,0,0,-54,,,,
037138,0,0,0,37,,,,
037140,0,0,0,130,,,,
037141,0,0,0,-358,,,,
037142,0,0,0,20,,,,
037143,0,0,0,1,,,,
037145,0,0,0,-15,,,,
037146,0,0,0,-54,,,,
037147,0,0,0,50,,,,
037149,0,0,0,32,,,,
037150,0,0,0,2,,,,
037153,0,0,0,59,,,,
037154,0,0,0,-1995,,,,
037155,0,0,0,-1004,,,,
037156,0,0,0,-42,,,,
037163,0,0,0,-267,,,,
037164,0,0,0,-36,,,,
037165,0,0,0,379,,,,
037169,0,0,0,-5,,,,
037171,0,0,0,159,,,,
037173,0,0,0,-34,,,,
037177,0,0,0,-17,,,,
037180,0,0,0,10,,,,
037183,0,0,0,-2,,,,
037184,0,0,0,158,,,,
037185,0,0,0,-30,,,,
037188,0,0,0,211,,,,
037191,0,0,0,1,,,,
037192,0,0,0,-5,,,,
037195,0,0,0,20,,,,
037200,0,0,0,-63,,,,
037201,0,0,0,-57,,,,
037202,0,0,0,11,,,,
037203,0,0,0,-2,,,,
037210,0,0,0,98,,,,
037213,0,0,0,20,,,,
037214,0,0,0,10,,,,
037218,0,0,0,9,,,,
037219,0,0,0,136,,,,
03721U,0,0,0,-3,,,,
037221,0,0,0,44,,,,
037223,0,0,0,0,,,,
037224,0,0,0,123,,,,
037226,0,0,0,0,,,,
037234,0,0,0,198,,,,
037239,0,0,0,406,,,,
037242,0,0,0,107,,,,
037244,0,0,0,11,,,,
037245,0,0,0,-8,,,,
037247,0,0,0,2,,,,
037248,0,0,0,2,,,,
037249,0,0,0,-21,,,,
037250,0,0,0,-20,,,,
037252,0,0,0,-6,,,,
037253,0,0,0,-118,,,,
037254,0,0,0,76,,,,
037255,0,0,0,-2,,,,
037257,0,0,0,-85,,,,
037258,0,0,0,0,,,,
037259,0,0,0,-34,,,,
037260,0,0,0,-15,,,,
037262,0,0,0,-60,,,,
037263,0,0,0,20,,,,
037268,0,0,0,88,,,,
037269,0,0,0,-3,,,,
037273,0,0,0,-2,,,,
037276,0,0,0,18,,,,
037278,0,0,0,18,,,,
037279,0,0,0,-20,,,,
037280,0,0,0,-75,,,,
037282,0,0,0,40,,,,
037284,0,0,0,2,,,,
037285,0,0,0,-20,,,,
037287,0,0,0,4,,,,
037289,0,0,0,20,,,,
037290,0,0,0,-42,,,,
037291,0,0,0,3,,,,
037294,0,0,0,-50,,,,
037295,0,0,0,18,,,,
037299,0,0,0,-9,,,,
037301,0,0,0,-41,,,,
037302,0,0,0,-138,,,,
037305,0,0,0,20,,,,
037307,0,0,0,15,,,,
037308,0,0,0,-1124,,,,
037309,0,0,0,6,,,,
037312,0,0,0,37,,,,
037313,0,0,0,417,,,,
037314,0,0,0,-16,,,,
037315,0,0,0,11,,,,
037318,0,0,0,-80,,,,
037321,0,0,0,0,,,,
037323,0,0,0,0,,,,
037324,0,0,0,-14,,,,
037325,0,0,0,21,,,,
037327,0,0,0,0,,,,
037337,0,0,0,1,,,,
037339,0,0,0,-8,,,,
037345,0,0,0,11,,,,
037349,0,0,0,-31,,,,
037353,0,0,0,1,,,,
037356,0,0,0,103,,,,
037357,0,0,0,166,,,,
037358,0,0,0,2,,,,
037359,0,0,0,24,,,,
037360,0,0,0,-3,,,,
037361,0,0,0,-65,,,,
037363,0,0,0,5,,,,
037366,0,0,0,-217,,,,
037367,0,0,0,-10,,,,
037368,0,0,0,-8,,,,
037370,0,0,0,548,,,,
037371,0,0,0,0,,,,
037372,0,0,0,4,,,,
037374,0,0,0,-90,,,,
037375,0,0,0,-71,,,,
037380,0,0,0,0,,,,
037382,0,0,0,-12,,,,
037383,0,0,0,2,,,,
037385,0,0,0,10,,,,
037386,0,0,0,0,,,,
037391,0,0,0,-26,,,,
037400,0,0,0,11,,,,
037401,0,0,0,76,,,,
037403,0,0,0,239,,,,
037404,0,0,0,5,,,,
037408,0,0,0,-350,,,,
037410,0,0,0,-3,,,,
037413,0,0,0,200,,,,
037415,0,0,0,-1,,,,
037418,0,0,0,-63,,,,
037420,0,0,0,-10,,,,
037422,0,0,0,5,,,,
037423,0,0,0,-1,,,,
037424,0,0,0,-80,,,,
037426,0,0,0,0,,,,
037430,0,0,0,107,,,,
037431,0,0,0,-296,,,,
037432,0,0,0,-3,,,,
037436,0,0,0,-155,,,,
037437,0,0,0,110,,,,
037438,0,0,0,20,,,,
037439,0,0,0,-499,,,,
037440,0,0,0,-143,,,,
037441,0,0,0,390,,,,
037442,0,0,0,-98,,,,
037445,0,0,0,1,,,,
037450,0,0,0,38,,,,
037452,0,0,0,26,,,,
037455,0,0,0,64,,,,
037457,0,0,0,-10,,,,
037459,0,0,0,4,,,,
03746U,0,0,0,-13,,,,
037472,0,0,0,-17,,,,
037476,0,0,0,70,,,,
037479,0,0,0,20,,,,
037488,0,0,0,-1,,,,
037489,0,0,0,-112,,,,
037493,0,0,0,121,,,,
037494,0,0,0,6,,,,
037495,0,0,0,-106,,,,
037496,0,0,0,-1,,,,
037497,0,0,0,-58,,,,
037498,0,0,0,-86,,,,
037503,0,0,0,164,,,,
037504,0,0,0,20,,,,
037507,0,0,0,40,,,,
03750U,0,0,0,-13,,,,
037512,0,0,0,-125,,,,
037516,0,0,0,129,,,,
037517,0,0,0,-96,,,,
037518,0,0,0,3,,,,
037519,0,0,0,25,,,,
037520,0,0,0,299,,,,
037521,0,0,0,8,,,,
037524,0,0,0,-1,,,,
037525,0,0,0,3,,,,
037527,0,0,0,1,,,,
037530,0,0,0,-12,,,,
037531,0,0,0,5,,,,
037535,0,0,0,-5,,,,
037537,0,0,0,22,,,,
037539,0,0,0,1,,,,
037546,0,0,0,-6,,,,
037547,0,0,0,8,,,,
037548,0,0,0,-300,,,,
037550,0,0,0,-28,,,,
037551,0,0,0,51,,,,
037553,0,0,0,-49,,,,
037557,0,0,0,-1,,,,
037559,0,0,0,-201,,,,
037560,0,0,0,85,,,,
037561,0,0,0,220,,,,
037562,0,0,0,-95,,,,
037563,0,0,0,-28,,,,
037564,0,0,0,5,,,,
037565,0,0,0,15,,,,
037566,0,0,0,-5,,,,
037567,0,0,0,3,,,,
037569,0,0,0,42,,,,
037570,0,0,0,251,,,,
037571,0,0,0,3,,,,
037572,0,0,0,74,,,,
037573,0,0,0,3,,,,
037574,0,0,0,-38,,,,
037577,0,0,0,45,,,,
037579,0,0,0,-654,,,,
037583,0,0,0,21,,,,
037587,0,0,0,127,,,,
037589,0,0,0,1,,,,
037590,0,0,0,-169,,,,
037592,0,0,0,6,,,,
037593,0,0,0,-45,,,,
037594,0,0,0,23,,,,
037599,0,0,0,-272,,,,
037600,0,0,0,5,,,,
037601,0,0,0,10,,,,
037604,0,0,0,-380,,,,
037606,0,0,0,-9,,,,
037611,0,0,0,8,,,,
037612,0,0,0,1,,,,
037613,0,0,0,11,,,,
037614,0,0,0,-110,,,,
037615,0,0,0,-150,,,,
037616,0,0,0,55,,,,
037618,0,0,0,-27,,,,
037619,0,0,0,1399,,,,
037620,0,0,0,-18,,,,
037621,0,0,0,3,,,,
037622,0,0,0,-10,,,,
037623,0,0,0,340,,,,
037630,0,0,0,100,,,,
037632,0,0,0,-6,,,,
037634,0,0,0,-37,,,,
037638,0,0,0,-20,,,,
037641,0,0,0,-19,,,,
037643,0,0,0,-203,,,,
037645,0,0,0,507,,,,
037646,0,0,0,-344,,,,
037648,0,0,0,54,,,,
037649,0,0,0,1,,,,
037650,0,0,0,-598,,,,
037651,0,0,0,-3,,,,
037655,0,0,0,-10,,,,
037656,0,0,0,16,,,,
037657,0,0,0,-46,,,,
037658,0,0,0,178,,,,
037659,0,0,0,43,,,,
037660,0,0,0,-15,,,,
037661,0,0,0,10,,,,
037662,0,0,0,1,,,,
037664,0,0,0,110,,,,
037665,0,0,0,-398,,,,
037666,0,0,0,-171,,,,
037667,0,0,0,-246,,,,
037668,0,0,0,-260,,,,
037669,0,0,0,-1116,,,,
037672,0,0,0,2,,,,
037673,0,0,0,75,,,,
037674,0,0,0,443,,,,
037680,0,0,0,21,,,,
037682,0,0,0,-10,,,,
037683,0,0,0,-150,,,,
037686,0,0,0,-21,,,,
037688,0,0,0,-297,,,,
037689,0,0,0,-2,,,,
037693,0,0,0,-50,,,,
037694,0,0,0,82,,,,
037695,0,0,0,129,,,,
037696,0,0,0,18,,,,
037698,0,0,0,73,,,,
037700,0,0,0,22,,,,
037702,0,0,0,-10,,,,
037703,0,0,0,-50,,,,
037707,0,0,0,-90,,,,
037708,0,0,0,-25,,,,
037709,0,0,0,166,,,,
037712,0,0,0,16,,,,
037715,0,0,0,215,,,,
037716,0,0,0,1,,,,
037718,0,0,0,157,,,,
037719,0,0,0,-45,,,,
037721,0,0,0,-12,,,,
037722,0,0,0,-618,,,,
037724,0,0,0,-10,,,,
037725,0,0,0,-179,,,,
037726,0,0,0,1,,,,
037727,0,0,0,278,,,,
037731,0,0,0,88,,,,
037733,0,0,0,1,,,,
037734,0,0,0,-676,,,,
037735,0,0,0,-4,,,,
037736,0,0,0,8,,,,
037738,0,0,0,279,,,,
037739,0,0,0,107,,,,
037743,0,0,0,-102,,,,
037748,0,0,0,326,,,,
037749,0,0,0,4,,,,
037750,0,0,0,-80,,,,
037752,0,0,0,2,,,,
037753,0,0,0,-10,,,,
037754,0,0,0,115,,,,
037755,0,0,0,228,,,,
037756,0,0,0,6,,,,
037757,0,0,0,63,,,,
037758,0,0,0,-120,,,,
037759,0,0,0,-40,,,,
03775U,0,0,0,2,,,,
037760,0,0,0,-286,,,,
037761,0,0,0,-10,,,,
037763,0,0,0,160,,,,
037764,0,0,0,30,,,,
037766,0,0,0,20,,,,
037767,0,0,0,200,,,,
037770,0,0,0,-60,,,,
037773,0,0,0,324,,,,
037774,0,0,0,368,,,,
037775,0,0,0,3,,,,
037776,0,0,0,262,,,,
037778,0,0,0,-1630,,,,
037779,0,0,0,0,,,,
037780,0,0,0,226,,,,
037783,0,0,0,-1267,,,,
037784,0,0,0,5,,,,
037785,0,0,0,-291,,,,
037787,0,0,0,-2,,,,
037788,0,0,0,38,,,,
037789,0,0,0,80,,,,
037791,0,0,0,-3,,,,
037795,0,0,0,364,,,,
037796,0,0,0,-460,,,,
037797,0,0,0,15,,,,
03779U,0,0,0,-5,,,,
037802,0,0,0,-473,,,,
037803,0,0,0,3,,,,
037805,0,0,0,5,,,,
037809,0,0,0,11,,,,
03780U,0,0,0,-25,,,,
037810,0,0,0,60,,,,
037812,0,0,0,10,,,,
037815,0,0,0,-6,,,,
037816,0,0,0,-1945,,,,
037817,0,0,0,3,,,,
037822,0,0,0,-10,,,,
037825,0,0,0,-1,,,,
037828,0,0,0,30,,,,
037829,0,0,0,0,,,,
037830,0,0,0,1,,,,
037831,0,0,0,10,,,,
037832,0,0,0,0,,,,
037833,0,0,0,-26,,,,
037837,0,0,0,-5,,,,
037838,0,0,0,-13,,,,
037839,0,0,0,-23,,,,
037840,0,0,0,-305,,,,
037841,0,0,0,-1062,,,,
037843,0,0,0,0,,,,
037847,0,0,0,10,,,,
037848,0,0,0,24,,,,
037850,0,0,0,40,,,,
037851,0,0,0,-18,,,,
037853,0,0,0,8,,,,
037860,0,0,0,15,,,,
037861,0,0,0,20,,,,
037864,0,0,0,13,,,,
037865,0,0,0,-6,,,,
037866,0,0,0,-118,,,,
037867,0,0,0,-20,,,,
037868,0,0,0,-26,,,,
037872,0,0,0,18,,,,
037875,0,0,0,-2,,,,
037876,0,0,0,-331,,,,
037877,0,0,0,273,,,,
037878,0,0,0,-3,,,,
037879,0,0,0,-63,,,,
037886,0,0,0,-22,,,,
037888,0,0,0,15,,,,
037889,0,0,0,20,,,,
037891,0,0,0,-100,,,,
037893,0,0,0,-80,,,,
037894,0,0,0,-197,,,,
037895,0,0,0,0,,,,
037898,0,0,0,-102,,,,
037899,0,0,0,341,,,,
037902,0,0,0,-505,,,,
037904,0,0,0,20,,,,
037906,0,0,0,20,,,,
037907,0,0,0,37,,,,
037911,0,0,0,4,,,,
037912,0,0,0,-290,,,,
037913,0,0,0,-30,,,,
037916,0,0,0,-124,,,,
037918,0,0,0,132,,,,
037922,0,0,0,-346,,,,
037923,0,0,0,19,,,,
037926,0,0,0,-10,,,,
037927,0,0,0,-9,,,,
037928,0,0,0,2,,,,
037930,0,0,0,-42,,,,
037932,0,0,0,-85,,,,
037934,0,0,0,1,,,,
037935,0,0,0,350,,,,
037936,0,0,0,172,,,,
037937,0,0,0,-20,,,,
037940,0,0,0,16,,,,
037941,0,0,0,-61,,,,
037942,0,0,0,3,,,,
037943,0,0,0,-70,,,,
037944,0,0,0,8,,,,
037948,0,0,0,37,,,,
037949,0,0,0,-65,,,,
037954,0,0,0,-289,,,,
037956,0,0,0,174,,,,
037957,0,0,0,1,,,,
037958,0,0,0,28,,,,
037963,0,0,0,305,,,,
037964,0,0,0,145,,,,
037965,0,0,0,0,,,,
037973,0,0,0,-920,,,,
037976,0,0,0,19,,,,
037977,0,0,0,27,,,,
037979,0,0,0,5,,,,
037980,0,0,0,41,,,,
037981,0,0,0,-100,,,,
037985,0,0,0,10,,,,
037986,0,0,0,105,,,,
037988,0,0,0,-11,,,,
037990,0,0,0,-89,,,,
037991,0,0,0,-47,,,,
037992,0,0,0,60,,,,
037993,0,0,0,537,,,,
037994,0,0,0,-7,,,,
037996,0,0,0,389,,,,
037997,0,0,0,417,,,,
037998,0,0,0,37,,,,
037999,0,0,0,368,,,,
038000,0,0,0,-423,,,,
038001,0,0,0,-85,,,,
038002,0,0,0,-63,,,,
038003,0,0,0,190,,,,
038004,0,0,0,-313,,,,
038005,0,0,0,-30,,,,
038006,0,0,0,3,,,,
038009,0,0,0,-4,,,,
038012,0,0,0,-5,,,,
038013,0,0,0,-3,,,,
038018,0,0,0,-77,,,,
038021,0,0,0,-6,,,,
038023,0,0,0,1,,,,
038031,0,0,0,-385,,,,
038032,0,0,0,57,,,,
038035,0,0,0,0,,,,
038036,0,0,0,-6,,,,
038039,0,0,0,-31,,,,
038040,0,0,0,107,,,,
038041,0,0,0,103,,,,
038042,0,0,0,86,,,,
038043,0,0,0,5,,,,
038048,0,0,0,2,,,,
038052,0,0,0,-10,,,,
038053,0,0,0,1,,,,
038054,0,0,0,-1,,,,
038055,0,0,0,15,,,,
038056,0,0,0,0,,,,
038064,0,0,0,72,,,,
038065,0,0,0,-97,,,,
038066,0,0,0,61,,,,
038067,0,0,0,10,,,,
038068,0,0,0,1,,,,
038071,0,0,0,279,,,,
038072,0,0,0,0,,,,
038074,0,0,0,8,,,,
038076,0,0,0,46,,,,
038077,0,0,0,-46,,,,
038078,0,0,0,161,,,,
038079,0,0,0,-24,,,,
038081,0,0,0,-2,,,,
038082,0,0,0,652,,,,
038083,0,0,0,-100,,,,
038084,0,0,0,2,,,,
038085,0,0,0,-20,,,,
038086,0,0,0,-194,,,,
038087,0,0,0,43,,,,
038088,0,0,0,134,,,,
038089,0,0,0,279,,,,
038090,0,0,0,1760,,,,
038091,0,0,0,9,,,,
038093,0,0,0,15,,,,
038095,0,0,0,10,,,,
038098,0,0,0,0,,,,
038102,0,0,0,-1,,,,
038103,0,0,0,-61,,,,
038104,0,0,0,-117,,,,
038105,0,0,0,-1,,,,
038106,0,0,0,-59,,,,
038107,0,0,0,436,,,,
038108,0,0,0,-56,,,,
038110,0,0,0,-30,,,,
038112,0,0,0,-30,,,,
038115,0,0,0,482,,,,
038116,0,0,0,-573,,,,
038117,0,0,0,100,,,,
038124,0,0,0,-1467,,,,
038127,0,0,0,1450,,,,
038130,0,0,0,-217,,,,
038133,0,0,0,-13,,,,
038135,0,0,0,5,,,,
038136,0,0,0,28,,,,
038139,0,0,0,1,,,,
038141,0,0,0,-60,,,,
038143,0,0,0,-605,,,,
038144,0,0,0,1,,,,
038145,0,0,0,-12,,,,
038146,0,0,0,120,,,,
038147,0,0,0,-219,,,,
038148,0,0,0,-10,,,,
038149,0,0,0,-158,,,,
038151,0,0,0,-2,,,,
038152,0,0,0,136,,,,
038153,0,0,0,-9,,,,
038157,0,0,0,5,,,,
038158,0,0,0,72,,,,
038159,0,0,0,1671,,,,
038160,0,0,0,245,,,,
038161,0,0,0,266,,,,
038162,0,0,0,125,,,,
038165,0,0,0,-6,,,,
038166,0,0,0,-29,,,,
038167,0,0,0,0,,,,
038172,0,0,0,20,,,,
038173,0,0,0,1,,,,
038178,0,0,0,1,,,,
038179,0,0,0,-91,,,,
038186,0,0,0,5,,,,
038187,0,0,0,-130,,,,
038188,0,0,0,-36,,,,
038189,0,0,0,-5,,,,
038192,0,0,0,31,,,,
038194,0,0,0,100,,,,
038200,0,0,0,-2764,,,,
038201,0,0,0,-52,,,,
038202,0,0,0,32,,,,
038203,0,0,0,59,,,,
038207,0,0,0,-20,,,,
038208,0,0,0,316,,,,
038209,0,0,0,12,,,,
038210,0,0,0,-200,,,,
038212,0,0,0,79,,,,
038214,0,0,0,0,,,,
038216,0,0,0,195,,,,
038221,0,0,0,14,,,,
038222,0,0,0,-3,,,,
038224,0,0,0,275,,,,
038225,0,0,0,-40,,,,
038227,0,0,0,-30,,,,
038230,0,0,0,59,,,,
038231,0,0,0,1,,,,
038234,0,0,0,8,,,,
038235,0,0,0,-2,,,,
038237,0,0,0,-61,,,,
038238,0,0,0,10,,,,
038239,0,0,0,40,,,,
03823U,0,0,0,-1,,,,
038240,0,0,0,-10,,,,
038242,0,0,0,367,,,,
038243,0,0,0,322,,,,
038245,0,0,0,62,,,,
038248,0,0,0,-188,,,,
038249,0,0,0,-319,,,,
038250,0,0,0,-44,,,,
038252,0,0,0,3,,,,
038253,0,0,0,-5,,,,
038254,0,0,0,-10,,,,
038256,0,0,0,-436,,,,
03825U,0,0,0,-50,,,,
038261,0,0,0,-3,,,,
038263,0,0,0,-6,,,,
038264,0,0,0,503,,,,
038265,0,0,0,-337,,,,
038269,0,0,0,-1,,,,
038271,0,0,0,317,,,,
038272,0,0,0,139,,,,
038273,0,0,0,-534,,,,
038274,0,0,0,0,,,,
038276,0,0,0,-244,,,,
038277,0,0,0,-5,,,,
038278,0,0,0,-288,,,,
038280,0,0,0,-23,,,,
038281,0,0,0,38,,,,
038284,0,0,0,15,,,,
038286,0,0,0,-8,,,,
038287,0,0,0,-29,,,,
038288,0,0,0,-16,,,,
03828U,0,0,0,-100,,,,
038290,0,0,0,7,,,,
038298,0,0,0,78,,,,
038301,0,0,0,40,,,,
038302,0,0,0,-67,,,,
038308,0,0,0,55,,,,
038310,0,0,0,10,,,,
038311,0,0,0,-19,,,,
038312,0,0,0,155,,,,
038313,0,0,0,-14,,,,
038314,0,0,0,-4,,,,
038315,0,0,0,919,,,,
038316,0,0,0,63,,,,
038317,0,0,0,1078,,,,
038318,0,0,0,85,,,,
038320,0,0,0,-50,,,,
038321,0,0,0,-130,,,,
038322,0,0,0,94,,,,
038323,0,0,0,-234,,,,
038324,0,0,0,-104,,,,
038326,0,0,0,-151,,,,
038328,0,0,0,88,,,,
038329,0,0,0,-676,,,,
038331,0,0,0,-20,,,,
038332,0,0,0,74,,,,
038335,0,0,0,-33,,,,
038336,0,0,0,-114,,,,
038339,0,0,0,187,,,,
038340,0,0,0,90,,,,
038341,0,0,0,12,,,,
038342,0,0,0,362,,,,
038344,0,0,0,-14,,,,
038347,0,0,0,-366,,,,
038349,0,0,0,46,,,,
038350,0,0,0,-5,,,,
038352,0,0,0,98,,,,
038353,0,0,0,-52,,,,
038356,0,0,0,106,,,,
038357,0,0,0,39,,,,
038358,0,0,0,0,,,,
038360,0,0,0,1,,,,
038361,0,0,0,-10,,,,
038362,0,0,0,-19,,,,
038363,0,0,0,-1,,,,
038367,0,0,0,1,,,,
038369,0,0,0,-716,,,,
038370,0,0,0,-11,,,,
038371,0,0,0,-94,,,,
038372,0,0,0,152,,,,
038373,0,0,0,-87,,,,
038374,0,0,0,-7,,,,
038375,0,0,0,116,,,,
038376,0,0,0,21,,,,
038377,0,0,0,82,,,,
038378,0,0,0,81,,,,
038385,0,0,0,1,,,,
038388,0,0,0,0,,,,
038389,0,0,0,38,,,,
038395,0,0,0,-2,,,,
038397,0,0,0,7,,,,
038398,0,0,0,165,,,,
038399,0,0,0,782,,,,
038400,0,0,0,-355,,,,
038401,0,0,0,35,,,,
038402,0,0,0,22,,,,
038403,0,0,0,-87,,,,
038404,0,0,0,-13,,,,
038407,0,0,0,-6,,,,
038408,0,0,0,-32,,,,
038409,0,0,0,-635,,,,
038410,0,0,0,101,,,,
038411,0,0,0,-10,,,,
038412,0,0,0,63,,,,
038413,0,0,0,15,,,,
038415,0,0,0,76,,,,
038417,0,0,0,21,,,,
038418,0,0,0,25,,,,
038419,0,0,0,5,,,,
038420,0,0,0,26,,,,
038422,0,0,0,1,,,,
038423,0,0,0,1818,,,,
038424,0,0,0,-345,,,,
038425,0,0,0,55,,,,
038427,0,0,0,133,,,,
038428,0,0,0,34,,,,
038430,0,0,0,-10,,,,
038433,0,0,0,2,,,,
038435,0,0,0,10,,,,
038436,0,0,0,48,,,,
038437,0,0,0,0,,,,
038439,0,0,0,-51,,,,
038441,0,0,0,20,,,,
038444,0,0,0,1,,,,
038445,0,0,0,74,,,,
038446,0,0,0,93,,,,
038447,0,0,0,-91,,,,
038449,0,0,0,-106,,,,
038454,0,0,0,96,,,,
038456,0,0,0,10,,,,
038459,0,0,0,-5,,,,
038460,0,0,0,41,,,,
038463,0,0,0,155,,,,
038464,0,0,0,-432,,,,
038466,0,0,0,-747,,,,
038467,0,0,0,7,,,,
038468,0,0,0,18,,,,
038469,0,0,0,5,,,,
038473,0,0,0,9,,,,
038474,0,0,0,-35,,,,
038477,0,0,0,6,,,,
038479,0,0,0,-6,,,,
038480,0,0,0,5,,,,
038482,0,0,0,0,,,,
038483,0,0,0,-460,,,,
038485,0,0,0,27,,,,
038487,0,0,0,7,,,,
038488,0,0,0,-100,,,,
038489,0,0,0,-23,,,,
038492,0,0,0,-3,,,,
038493,0,0,0,-58,,,,
038494,0,0,0,-297,,,,
038496,0,0,0,9,,,,
038497,0,0,0,-3377,,,,
038499,0,0,0,0,,,,
038501,0,0,0,551,,,,
038502,0,0,0,-50,,,,
038503,0,0,0,1,,,,
038504,0,0,0,49,,,,
038505,0,0,0,15,,,,
038506,0,0,0,-20,,,,
038508,0,0,0,5,,,,
038509,0,0,0,1,,,,
038511,0,0,0,26,,,,
038512,0,0,0,-50,,,,
038513,0,0,0,77,,,,
038516,0,0,0,-2,,,,
038517,0,0,0,423,,,,
038518,0,0,0,-627,,,,
038521,0,0,0,-64,,,,
038524,0,0,0,399,,,,
038525,0,0,0,-76,,,,
038526,0,0,0,-22,,,,
038527,0,0,0,140,,,,
038528,0,0,0,18,,,,
038529,0,0,0,653,,,,
038530,0,0,0,-48,,,,
038531,0,0,0,-53,,,,
038532,0,0,0,-31,,,,
038533,0,0,0,-331,,,,
038534,0,0,0,-310,,,,
038535,0,0,0,-5,,,,
038537,0,0,0,29,,,,
038538,0,0,0,-345,,,,
038539,0,0,0,-341,,,,
038540,0,0,0,-115,,,,
038542,0,0,0,-169,,,,
038543,0,0,0,5,,,,
038546,0,0,0,1,,,,
038547,0,0,0,8,,,,
03854U,0,0,0,5,,,,
038556,0,0,0,-11,,,,
038557,0,0,0,-22,,,,
038558,0,0,0,2,,,,
038559,0,0,0,131,,,,
038560,0,0,0,11,,,,
038561,0,0,0,71,,,,
038562,0,0,0,-101,,,,
038564,0,0,0,28,,,,
038566,0,0,0,-50,,,,
038567,0,0,0,-24,,,,
038569,0,0,0,-84,,,,
038570,0,0,0,-10,,,,
038571,0,0,0,10,,,,
038573,0,0,0,-14,,,,
038574,0,0,0,16,,,,
038576,0,0,0,577,,,,
038580,0,0,0,27,,,,
038581,0,0,0,12,,,,
038583,0,0,0,2,,,,
038586,0,0,0,14,,,,
038587,0,0,0,100,,,,
038589,0,0,0,56,,,,
038590,0,0,0,58,,,,
038593,0,0,0,-30,,,,
038594,0,0,0,5,,,,
038595,0,0,0,-6,,,,
038596,0,0,0,-10,,,,
038597,0,0,0,-10,,,,
038599,0,0,0,20,,,,
038600,0,0,0,-212,,,,
038601,0,0,0,-17,,,,
038602,0,0,0,-1,,,,
038603,0,0,0,6,,,,
038606,0,0,0,-46,,,,
038607,0,0,0,-905,,,,
038608,0,0,0,10,,,,
038609,0,0,0,-100,,,,
038611,0,0,0,33,,,,
038612,0,0,0,8,,,,
038613,0,0,0,17,,,,
038616,0,0,0,-100,,,,
038618,0,0,0,38,,,,
038623,0,0,0,-10,,,,
038626,0,0,0,-12,,,,
038630,0,0,0,-60,,,,
038634,0,0,0,25,,,,
038635,0,0,0,-57,,,,
038637,0,0,0,836,,,,
038640,0,0,0,8,,,,
038641,0,0,0,-750,,,,
038644,0,0,0,-16,,,,
038646,0,0,0,6,,,,
038652,0,0,0,30,,,,
038653,0,0,0,-276,,,,
038654,0,0,0,0,,,,
038655,0,0,0,0,,,,
038657,0,0,0,108,,,,
038658,0,0,0,-17,,,,
038661,0,0,0,89,,,,
038662,0,0,0,147,,,,
038663,0,0,0,30,,,,
038664,0,0,0,0,,,,
038665,0,0,0,40,,,,
038666,0,0,0,10,,,,
038667,0,0,0,-1,,,,
038668,0,0,0,48,,,,
038670,0,0,0,-10,,,,
038671,0,0,0,239,,,,
038674,0,0,0,69,,,,
038677,0,0,0,51,,,,
038678,0,0,0,36,,,,
038679,0,0,0,58,,,,
038680,0,0,0,-155,,,,
038681,0,0,0,-369,,,,
038682,0,0,0,-55,,,,
038683,0,0,0,75,,,,
038684,0,0,0,-159,,,,
038689,0,0,0,56,,,,
038690,0,0,0,-44,,,,
038692,0,0,0,-609,,,,
038693,0,0,0,-521,,,,
038695,0,0,0,35,,,,
038696,0,0,0,30,,,,
038699,0,0,0,-35,,,,
038701,0,0,0,-18,,,,
038702,0,0,0,-10,,,,
038704,0,0,0,-10,,,,
038705,0,0,0,-2,,,,
038706,0,0,0,27,,,,
038707,0,0,0,34,,,,
038709,0,0,0,2,,,,
038710,0,0,0,-18,,,,
038711,0,0,0,65,,,,
038712,0,0,0,-29,,,,
038715,0,0,0,-104,,,,
038717,0,0,0,-69,,,,
038720,0,0,0,-83,,,,
038721,0,0,0,-56,,,,
038724,0,0,0,127,,,,
038726,0,0,0,-250,,,,
038728,0,0,0,-30,,,,
038729,0,0,0,-111,,,,
038730,0,0,0,1,,,,
038732,0,0,0,-6,,,,
038736,0,0,0,7,,,,
038737,0,0,0,-160,,,,
038738,0,0,0,-285,,,,
038739,0,0,0,302,,,,
038740,0,0,0,-17,,,,
038741,0,0,0,-40,,,,
038742,0,0,0,11,,,,
038744,0,0,0,-86,,,,
038745,0,0,0,-3,,,,
038746,0,0,0,-359,,,,
038747,0,0,0,3,,,,
038748,0,0,0,3,,,,
038749,0,0,0,111,,,,
038750,0,0,0,269,,,,
038751,0,0,0,-28,,,,
038753,0,0,0,-506,,,,
038755,0,0,0,1,,,,
038757,0,0,0,-100,,,,
038758,0,0,0,-24,,,,
038759,0,0,0,1,,,,
038760,0,0,0,398,,,,
038762,0,0,0,82,,,,
038763,0,0,0,-20,,,,
038764,0,0,0,76,,,,
038765,0,0,0,244,,,,
038767,0,0,0,-36,,,,
038768,0,0,0,-956,,,,
038769,0,0,0,-50,,,,
038770,0,0,0,236,,,,
038771,0,0,0,5,,,,
038772,0,0,0,28,,,,
038776,0,0,0,23,,,,
038778,0,0,0,1,,,,
038779,0,0,0,259,,,,
038785,0,0,0,-5,,,,
038786,0,0,0,-156,,,,
038787,0,0,0,13,,,,
038788,0,0,0,-22,,,,
038789,0,0,0,152,,,,
038790,0,0,0,221,,,,
038791,0,0,0,-829,,,,
038793,0,0,0,0,,,,
038794,0,0,0,-10,,,,
038795,0,0,0,-6,,,,
038796,0,0,0,-161,,,,
038797,0,0,0,-2,,,,
038802,0,0,0,-14,,,,
038803,0,0,0,-127,,,,
038805,0,0,0,-18,,,,
038806,0,0,0,-20,,,,
038808,0,0,0,-179,,,,
038810,0,0,0,-253,,,,
038811,0,0,0,152,,,,
038812,0,0,0,5,,,,
038813,0,0,0,100,,,,
038814,0,0,0,-2948,,,,
038815,0,0,0,-1015,,,,
038816,0,0,0,-457,,,,
038817,0,0,0,26,,,,
038818,0,0,0,159,,,,
038819,0,0,0,47,,,,
038821,0,0,0,1537,,,,
038822,0,0,0,-170,,,,
038823,0,0,0,-10,,,,
038824,0,0,0,-9,,,,
038825,0,0,0,-135,,,,
038826,0,0,0,-9,,,,
038828,0,0,0,-15,,,,
038831,0,0,0,-74,,,,
038832,0,0,0,1547,,,,
038833,0,0,0,78,,,,
038839,0,0,0,-1,,,,
038841,0,0,0,-378,,,,
038842,0,0,0,-10,,,,
038843,0,0,0,145,,,,
038844,0,0,0,41,,,,
038845,0,0,0,15,,,,
038846,0,0,0,103,,,,
038847,0,0,0,-263,,,,
038848,47,0,0,-14,,,,
038849,0,0,0,0,,,,
038850,0,0,0,-128,,,,
038854,0,0,0,-1531,,,,
038856,0,0,0,-64,,,,
038858,0,0,0,-2,,,,
038860,0,0,0,185,,,,
038862,0,0,0,317,,,,
038867,0,0,0,25,,,,
038868,0,0,0,73,,,,
038870,0,0,0,-60,,,,
038872,0,0,0,-445,,,,
038873,0,0,0,-938,,,,
038874,0,0,0,12,,,,
038875,0,0,0,51,,,,
038877,0,0,0,37,,,,
038878,0,0,0,-1978,,,,
038879,0,0,0,102,,,,
038880,0,0,0,-1014,,,,
038885,0,0,0,16,,,,
038886,0,0,0,8,,,,
038888,0,0,0,71,,,,
038889,0,0,0,-430,,,,
038892,0,0,0,-220,,,,
038893,0,0,0,3,,,,
038894,0,0,0,-118,,,,
038895,0,0,0,112,,,,
038896,0,0,0,-76,,,,
038897,0,0,0,42,,,,
038899,0,0,0,-1,,,,
038902,0,0,0,114,,,,
038903,0,0,0,75,,,,
038904,0,0,0,10,,,,
038905,0,0,0,-103,,,,
038906,0,0,0,276,,,,
038909,0,0,0,286,,,,
038912,0,0,0,-100,,,,
038914,0,0,0,-12,,,,
038916,0,0,0,1,,,,
038920,0,0,0,23,,,,
038921,0,0,0,-31,,,,
038923,0,0,0,77,,,,
038924,0,0,0,9,,,,
038925,0,0,0,-106,,,,
038927,0,0,0,-1,,,,
038930,0,0,0,-33,,,,
038931,0,0,0,20,,,,
038933,0,0,0,-50,,,,
038935,0,0,0,28,,,,
038936,0,0,0,-35,,,,
038938,0,0,0,5,,,,
038939,0,0,0,-154,,,,
038942,0,0,0,-32,,,,
038945,0,0,0,75,,,,
038947,0,0,0,-20,,,,
038948,0,0,0,12,,,,
038949,0,0,0,-14,,,,
038951,0,0,0,-258,,,,
038953,0,0,0,10,,,,
038954,0,0,0,-481,,,,
038955,0,0,0,40,,,,
038956,0,0,0,-1,,,,
038957,0,0,0,40,,,,
038959,0,0,0,-200,,,,
038963,0,0,0,5,,,,
038966,0,0,0,10,,,,
038967,0,0,0,50,,,,
038969,0,0,0,90,,,,
038971,0,0,0,-47,,,,
038972,0,0,0,31,,,,
038973,0,0,0,13,,,,
038974,0,0,0,25,,,,
038976,0,0,0,-31,,,,
038977,0,0,0,281,,,,
038979,0,0,0,-503,,,,
038980,0,0,0,-50,,,,
038981,0,0,0,-120,,,,
038982,0,0,0,-127,,,,
038984,0,0,0,-100,,,,
038987,0,0,0,-54,,,,
038991,0,0,0,-52,,,,
038992,0,0,0,81,,,,
038994,0,0,0,75,,,,
038996,0,0,0,4,,,,
038997,0,0,0,0,,,,
038998,0,0,0,-166,,,,
038999,0,0,0,-1,,,,
039000,0,0,0,26,,,,
039004,0,0,0,-16,,,,
039005,0,0,0,-374,,,,
039006,0,0,0,24,,,,
039007,0,0,0,-225,,,,
039008,0,0,0,-6,,,,
039009,0,0,0,-748,,,,
039010,0,0,0,2,,,,
039011,0,0,0,216,,,,
039012,0,0,0,-4,,,,
039014,0,0,0,-12,,,,
039015,0,0,0,208,,,,
039016,0,0,0,262,,,,
039017,0,0,0,149,,,,
039018,0,0,0,-292,,,,
039019,0,0,0,39,,,,
039020,0,0,0,25,,,,
039023,0,0,0,-31,,,,
039024,0,0,0,200,,,,
039026,0,0,0,56,,,,
039028,0,0,0,2,,,,
039029,0,0,0,-234,,,,
039031,0,0,0,4,,,,
039032,0,0,0,118,,,,
039033,0,0,0,94,,,,
039034,0,0,0,2,,,,
039035,10,0,0,-20,,,,
039036,0,0,0,-147,,,,
039042,0,0,0,11,,,,
039043,0,0,0,139,,,,
039044,0,0,0,-199,,,,
039045,0,0,0,-26,,,,
039046,0,0,0,50,,,,
039048,0,0,0,-29,,,,
039050,0,0,0,-32,,,,
039051,0,0,0,112,,,,
039052,0,0,0,12,,,,
039053,0,0,0,-60,,,,
039055,0,0,0,-15,,,,
039056,0,0,0,78,,,,
039057,0,0,0,11,,,,
039060,0,0,0,20,,,,
039061,0,0,0,-10,,,,
039062,0,0,0,18,,,,
039063,0,0,0,141,,,,
039064,0,0,0,-10,,,,
039065,0,0,0,15,,,,
039066,0,0,0,-492,,,,
039067,0,0,0,21,,,,
039068,0,0,0,403,,,,
039069,0,0,0,15,,,,
039070,0,0,0,13,,,,
039071,0,0,0,193,,,,
039072,0,0,0,20,,,,
039073,0,0,0,38,,,,
039074,0,0,0,-100,,,,
039077,0,0,0,7,,,,
039078,0,0,0,-71,,,,
039079,0,0,0,93,,,,
039081,0,0,0,784,,,,
039082,0,0,0,0,,,,
039084,0,0,0,-10,,,,
039085,0,0,0,92,,,,
039087,0,0,0,-584,,,,
039088,0,0,0,12,,,,
039089,0,0,0,30,,,,
039091,0,0,0,23,,,,
039093,0,0,0,5,,,,
039095,0,0,0,-40,,,,
039097,0,0,0,10,,,,
039099,0,0,0,15,,,,
039102,0,0,0,0,,,,
039103,0,0,0,0,,,,
039104,0,0,0,53,,,,
039105,0,0,0,5,,,,
039109,0,0,0,48,,,,
039111,0,0,0,-485,,,,
039113,0,0,0,-446,,,,
039115,0,0,0,-5,,,,
039118,0,0,0,1,,,,
039119,0,0,0,-3,,,,
039120,0,0,0,-4,,,,
039121,0,0,0,2,,,,
039122,0,0,0,610,,,,
039124,0,0,0,23,,,,
039126,0,0,0,5,,,,
039128,0,0,0,54,,,,
039132,0,0,0,360,,,,
039133,0,0,0,7,,,,
039134,0,0,0,-76,,,,
039135,0,0,0,-109,,,,
039136,0,0,0,-10,,,,
039137,0,0,0,-122,,,,
039138,0,0,0,-22,,,,
039141,0,0,0,65,,,,
039142,0,0,0,445,,,,
039143,0,0,0,2,,,,
039144,0,0,0,-359,,,,
039146,0,0,0,-173,,,,
039148,0,0,0,-100,,,,
039150,0,0,0,-25,,,,
039154,0,0,0,-30,,,,
039156,0,0,0,18,,,,
039157,0,0,0,124,,,,
039158,0,0,0,-90,,,,
039160,0,0,0,240,,,,
039161,0,0,0,-30,,,,
039162,0,0,0,-76,,,,
039163,0,0,0,83,,,,
039164,0,0,0,-158,,,,
039165,0,0,0,122,,,,
039166,0,0,0,-133,,,,
039167,0,0,0,-417,,,,
039172,0,0,0,-100,,,,
039174,0,0,0,-554,,,,
039175,0,0,0,-85,,,,
039178,0,0,0,-321,,,,
039179,0,0,0,-163,,,,
039181,0,0,0,-124,,,,
039182,0,0,0,-25,,,,
039184,0,0,0,-40,,,,
039185,0,0,0,39,,,,
039186,0,0,0,-315,,,,
039187,0,0,0,4,,,,
039191,0,0,0,20,,,,
039194,0,0,0,106,,,,
039195,0,0,0,129,,,,
039198,0,0,0,-130,,,,
039199,0,0,0,-4,,,,
039200,0,0,0,34,,,,
039205,0,0,0,3598,,,,
039208,0,0,0,9,,,,
039212,0,0,0,-10,,,,
039215,0,0,0,-45,,,,
039216,0,0,0,5,,,,
039217,0,0,0,375,,,,
039218,0,0,0,340,,,,
039224,0,0,0,5,,,,
039225,0,0,0,-2,,,,
039227,0,0,0,-13,,,,
039229,0,0,0,-42,,,,
03922U,0,0,0,5,,,,
039231,0,0,0,14,,,,
039232,0,0,0,0,,,,
039234,0,0,0,12,,,,
039236,0,0,0,42,,,,
039237,0,0,0,-31,,,,
039238,0,0,0,65,,,,
039240,0,0,0,9,,,,
039241,0,0,0,219,,,,
039242,0,0,0,-95,,,,
039244,0,0,0,-20,,,,
039245,0,0,0,-246,,,,
039246,0,0,0,-76,,,,
039247,0,0,0,29,,,,
039251,0,0,0,19,,,,
039252,0,0,0,-73,,,,
039254,0,0,0,-327,,,,
039255,0,0,0,-35,,,,
039257,0,0,0,34,,,,
039258,0,0,0,-415,,,,
039259,0,0,0,40,,,,
039260,0,0,0,-450,,,,
039263,0,0,0,100,,,,
039264,0,0,0,-12,,,,
039265,0,0,0,732,,,,
039266,0,0,0,-4,,,,
039268,0,0,0,-20,,,,
039269,0,0,0,-212,,,,
039270,0,0,0,69,,,,
039271,0,0,0,1140,,,,
039273,0,0,0,200,,,,
039276,0,0,0,350,,,,
039279,0,0,0,69,,,,
03927U,0,0,0,-34,,,,
039280,0,0,0,165,,,,
039281,0,0,0,-19,,,,
039282,0,0,0,454,,,,
039287,0,0,0,-678,,,,
039289,0,0,0,554,,,,
039291,0,0,0,12,,,,
039292,0,0,0,-170,,,,
039293,0,0,0,0,,,,
039295,0,0,0,2,,,,
039297,0,0,0,-3,,,,
039298,0,0,0,30,,,,
039299,0,0,0,-10,,,,
039300,0,0,0,49,,,,
039301,0,0,0,0,,,,
039302,0,0,0,-35,,,,
039305,0,0,0,-105,,,,
039306,0,0,0,328,,,,
039307,0,0,0,56,,,,
039309,0,0,0,-881,,,,
039310,0,0,0,312,,,,
039312,0,0,0,-3,,,,
039313,0,0,0,-93,,,,
039314,0,0,0,284,,,,
039317,0,0,0,-567,,,,
039321,0,0,0,10,,,,
039322,0,0,0,1,,,,
039325,0,0,0,-1,,,,
039326,0,0,0,29,,,,
039328,0,0,0,-60,,,,
039331,0,0,0,4,,,,
039332,0,0,0,607,,,,
039334,0,0,0,3,,,,
039335,0,0,0,0,,,,
039336,0,0,0,12,,,,
039337,0,0,0,-3,,,,
039338,0,0,0,76,,,,
039339,0,0,0,-145,,,,
039340,0,0,0,8,,,,
039341,0,0,0,-46,,,,
039343,0,0,0,-179,,,,
039344,0,0,0,166,,,,
039345,0,0,0,12,,,,
039346,0,0,0,-75,,,,
039347,0,0,0,-8,,,,
039348,0,0,0,1,,,,
039349,0,0,0,-10,,,,
039352,0,0,0,77,,,,
039354,0,0,0,-29,,,,
039355,0,0,0,-122,,,,
039356,0,0,0,10,,,,
039357,0,0,0,-116,,,,
039358,0,0,0,-124,,,,
039359,0,0,0,11,,,,
039362,0,0,0,0,,,,
039364,0,0,0,-140,,,,
039365,0,0,0,-21,,,,
039366,0,0,0,6,,,,
039367,0,0,0,12,,,,
039369,0,0,0,-93,,,,
039370,0,0,0,-121,,,,
039371,0,0,0,344,,,,
039372,0,0,0,-54,,,,
039377,0,0,0,215,,,,
039378,0,0,0,40,,,,
039380,0,0,0,45,,,,
039381,0,0,0,25,,,,
039383,0,0,0,219,,,,
039385,0,0,0,51,,,,
039386,0,0,0,-38,,,,
039388,0,0,0,-190,,,,
039389,0,0,0,-44,,,,
039390,0,0,0,5,,,,
039392,0,0,0,50,,,,
039394,0,0,0,-106,,,,
039396,0,0,0,10,,,,
039397,0,0,0,-22,,,,
039398,0,0,0,-100,,,,
039401,0,0,0,61,,,,
039407,0,0,0,50,,,,
039408,0,0,0,-93,,,,
039410,0,0,0,-10,,,,
039412,0,0,0,120,,,,
039414,0,0,0,-635,,,,
039415,0,0,0,24,,,,
039417,0,0,0,-38,,,,
039418,0,0,0,-20,,,,
039419,0,0,0,-15,,,,
039420,0,0,0,-22,,,,
039421,0,0,0,-118,,,,
039422,0,0,0,131,,,,
039423,0,0,0,-56,,,,
039424,0,0,0,-506,,,,
039425,0,0,0,-1,,,,
039427,0,0,0,50,,,,
039429,0,0,0,120,,,,
039430,0,0,0,10,,,,
039432,1,0,0,-1,,,,
039433,0,0,0,3,,,,
039434,0,0,0,3,,,,
039435,0,0,0,24,,,,
039436,0,0,0,70,,,,
039437,0,0,0,-10,,,,
039439,0,0,0,-1,,,,
039440,0,0,0,-48,,,,
039444,0,0,0,-50,,,,
039445,0,0,0,156,,,,
039447,0,0,0,-58,,,,
039448,0,0,0,14,,,,
039449,0,0,0,50,,,,
039450,0,0,0,41,,,,
039452,0,0,0,-105,,,,
039453,0,0,0,50,,,,
039454,0,0,0,-57,,,,
039456,0,0,0,63,,,,
039458,0,0,0,21,,,,
039459,0,0,0,-36,,,,
039460,0,0,0,-186,,,,
039461,0,0,0,-26,,,,
039467,0,0,0,410,,,,
039471,0,0,0,-435,,,,
039473,0,0,0,-217,,,,
039475,0,0,0,-1,,,,
039477,0,0,0,-279,,,,
039478,0,0,0,-17,,,,
039479,0,0,0,144,,,,
039480,0,0,0,-7,,,,
039483,0,0,0,-10,,,,
039484,0,0,0,-55,,,,
039488,0,0,0,-85,,,,
039489,0,0,0,6,,,,
039490,0,0,0,91,,,,
039492,0,0,0,4,,,,
039493,0,0,0,-28,,,,
039494,0,0,0,64,,,,
039495,0,0,0,-162,,,,
039497,0,0,0,1959,,,,
039499,0,0,0,2,,,,
03949U,0,0,0,43,,,,
039503,0,0,0,92,,,,
039505,0,0,0,7,,,,
039509,0,0,0,226,,,,
039510,0,0,0,-421,,,,
039511,0,0,0,-770,,,,
039513,0,0,0,-194,,,,
039514,0,0,0,77,,,,
039515,0,0,0,148,,,,
039518,0,0,0,557,,,,
039520,0,0,0,-11,,,,
039524,0,0,0,-92,,,,
039525,0,0,0,5,,,,
039526,0,0,0,0,,,,
039527,0,0,0,8,,,,
039528,0,0,0,8,,,,
039529,0,0,0,1292,,,,
039534,0,0,0,19,,,,
039536,0,0,0,295,,,,
039538,0,0,0,16,,,,
039539,0,0,0,-943,,,,
039540,0,0,0,247,,,,
039541,0,0,0,331,,,,
039542,0,0,0,49,,,,
039545,0,0,0,-1,,,,
039547,0,0,0,-180,,,,
039551,0,0,0,-100,,,,
039556,0,0,0,142,,,,
039557,0,0,0,36,,,,
039558,0,0,0,248,,,,
039559,0,0,0,237,,,,
039560,0,0,0,467,,,,
039563,0,0,0,-12,,,,
039564,0,0,0,115,,,,
039566,0,0,0,-50,,,,
039567,0,0,0,-596,,,,
039570,0,0,0,1,,,,
039571,0,0,0,1,,,,
039572,0,0,0,105,,,,
039573,0,0,0,-9,,,,
039574,0,0,0,-89,,,,
039576,0,0,0,3,,,,
039577,0,0,0,-124,,,,
039578,0,0,0,-77,,,,
039579,0,0,0,-90,,,,
039580,0,0,0,1,,,,
039582,0,0,0,8,,,,
039583,0,0,0,-2,,,,
039584,0,0,0,20,,,,
039585,0,0,0,38,,,,
039586,0,0,0,241,,,,
039587,0,0,0,103,,,,
039588,0,0,0,18,,,,
03958C,0,0,0,152,,,,
039590,0,0,0,376,,,,
039591,0,0,0,-10,,,,
039592,0,0,0,-53,,,,
039593,0,0,0,-19,,,,
039594,0,0,0,-18,,,,
039595,0,0,0,-47,,,,
039597,0,0,0,-27,,,,
039599,0,0,0,6,,,,
03959U,0,0,0,125,,,,
039601,0,0,0,2,,,,
039604,0,0,0,1,,,,
039606,0,0,0,30,,,,
039607,0,0,0,-32,,,,
039608,0,0,0,140,,,,
039610,0,0,0,12,,,,
039611,0,0,0,82,,,,
039612,0,0,0,455,,,,
039613,0,0,0,381,,,,
039614,0,0,0,2,,,,
039615,0,0,0,-330,,,,
039616,0,0,0,-154,,,,
039618,0,0,0,-16,,,,
039624,0,0,0,18,,,,
039625,0,0,0,-22,,,,
039626,0,0,0,-50,,,,
039627,0,0,0,-98,,,,
039629,0,0,0,-2,,,,
039636,0,0,0,2,,,,
039637,0,0,0,-270,,,,
039638,0,0,0,16,,,,
039640,0,0,0,-19,,,,
039642,0,0,0,-3,,,,
039644,0,0,0,106,,,,
039645,0,0,0,17,,,,
039648,0,0,0,-100,,,,
039652,0,0,0,231,,,,
039653,0,0,0,298,,,,
039656,0,0,0,-260,,,,
039657,0,0,0,-248,,,,
039658,0,0,0,315,,,,
039661,0,0,0,10,,,,
039662,0,0,0,50,,,,
039669,0,0,0,-6,,,,
039671,0,0,0,-100,,,,
039673,0,0,0,-7,,,,
039674,0,0,0,-15,,,,
039675,0,0,0,54,,,,
039676,0,0,0,175,,,,
039679,2,0,0,-992,,,,
039684,0,0,0,23,,,,
039686,0,0,0,2,,,,
039687,0,0,0,-27,,,,
039688,0,0,0,-843,,,,
039689,0,0,0,496,,,,
039690,0,0,0,179,,,,
039692,0,0,0,257,,,,
039693,0,0,0,63,,,,
039695,0,0,0,-50,,,,
039697,0,0,0,-421,,,,
039698,0,0,0,-100,,,,
039699,0,0,0,206,,,,
039701,0,0,0,-352,,,,
039702,0,0,0,-9,,,,
039703,0,0,0,0,,,,
039704,0,0,0,0,,,,
039705,0,0,0,7,,,,
039706,0,0,0,-67,,,,
039715,0,0,0,-268,,,,
039719,0,0,0,4,,,,
039722,0,0,0,218,,,,
039723,0,0,0,20,,,,
039724,0,0,0,590,,,,
039725,0,0,0,39,,,,
03972C,0,0,0,219,,,,
039733,0,0,0,45,,,,
039735,0,0,0,25,,,,
039736,0,0,0,8,,,,
039738,0,0,0,341,,,,
039739,0,0,0,23,,,,
03973C,0,0,0,-20,,,,
03973U,0,0,0,150,,,,
039742,0,0,0,-106,,,,
039743,0,0,0,-1398,,,,
039744,0,0,0,-235,,,,
039745,0,0,0,-2,,,,
039746,0,0,0,183,,,,
039747,0,0,0,-38,,,,
039748,0,0,0,-251,,,,
039750,0,0,0,6,,,,
039751,0,0,0,-59,,,,
039752,0,0,0,-10,,,,
039755,0,0,0,-140,,,,
039756,0,0,0,100,,,,
039758,0,0,0,13,,,,
039759,0,0,0,5,,,,
03975C,0,0,0,27,,,,
039760,0,0,0,260,,,,
039761,0,0,0,307,,,,
039762,0,0,0,144,,,,
039763,0,0,0,-224,,,,
039764,0,0,0,1,,,,
039765,0,0,0,-16,,,,
039766,0,0,0,193,,,,
039768,0,0,0,-59,,,,
039769,0,0,0,-52,,,,
03976C,0,0,0,1,,,,
039771,0,0,0,43,,,,
039773,0,0,0,107,,,,
039774,0,0,0,0,,,,
039776,0,0,0,46,,,,
039777,0,0,0,952,,,,
039779,0,0,0,-10,,,,
039780,0,0,0,13,,,,
039784,0,0,0,80,,,,
039785,0,0,0,0,,,,
039788,0,0,0,60,,,,
039791,0,0,0,111,,,,
039792,0,0,0,19,,,,
039793,0,0,0,45,,,,
039794,0,0,0,839,,,,
039798,0,0,0,45,,,,
039799,0,0,0,40,,,,
039800,0,0,0,-5,,,,
039803,0,0,0,23,,,,
039804,0,0,0,-48,,,,
039805,0,0,0,100,,,,
039806,0,0,0,-7,,,,
039807,0,0,0,-17,,,,
039809,0,0,0,1,,,,
03980C,0,0,0,-1,,,,
039811,0,0,0,3,,,,
039812,0,0,0,-20,,,,
039813,0,0,0,-184,,,,
039814,0,0,0,12,,,,
039815,0,0,0,-117,,,,
039816,0,0,0,-965,,,,
039818,0,0,0,-22,,,,
039820,0,0,0,-110,,,,
039821,0,0,0,-170,,,,
039822,0,0,0,38,,,,
039823,0,0,0,180,,,,
039825,0,0,0,34,,,,
039826,0,0,0,391,,,,
039828,0,0,0,109,,,,
039829,0,0,0,3,,,,
039831,0,0,0,3,,,,
039833,0,0,0,-806,,,,
039834,0,0,0,59,,,,
039835,0,0,0,124,,,,
039837,0,0,0,-35,,,,
039841,0,0,0,80,,,,
039842,0,0,0,137,,,,
039844,0,0,0,9,,,,
039848,0,0,0,-431,,,,
039849,0,0,0,-149,,,,
039850,0,0,0,1,,,,
039851,0,0,0,41,,,,
039852,0,0,0,46,,,,
039853,0,0,0,11,,,,
039855,0,0,0,-689,,,,
039857,0,0,0,-100,,,,
039860,0,0,0,5,,,,
039862,0,0,0,-59,,,,
039863,0,0,0,164,,,,
039865,0,0,0,-37,,,,
039866,0,0,0,510,,,,
03986C,0,0,0,-3,,,,
039870,0,0,0,5,,,,
039871,0,0,0,-5,,,,
039873,0,0,0,998,,,,
039875,0,0,0,265,,,,
039876,0,0,0,-76,,,,
039877,0,0,0,347,,,,
039878,0,0,0,-90,,,,
03987C,0,0,0,300,,,,
039880,0,0,0,-12,,,,
039881,0,0,0,1,,,,
039882,0,0,0,4,,,,
039883,0,0,0,4,,,,
039884,0,0,0,1,,,,
039885,0,0,0,7,,,,
039887,0,0,0,208,,,,
039888,0,0,0,-827,,,,
039889,0,0,0,310,,,,
039890,0,0,0,-20,,,,
039891,0,0,0,20,,,,
039893,0,0,0,24,,,,
039894,0,0,0,110,,,,
039895,0,0,0,150,,,,
03989C,0,0,0,-2,,,,
039902,0,0,0,64,,,,
039903,0,0,0,52,,,,
039904,0,0,0,-88,,,,
039905,0,0,0,48,,,,
039906,0,0,0,135,,,,
039909,0,0,0,54,,,,
039910,0,0,0,763,,,,
039911,0,0,0,390,,,,
039912,0,0,0,458,,,,
039913,0,0,0,574,,,,
039915,0,0,0,7,,,,
039916,0,0,0,5,,,,
039917,0,0,0,107,,,,
039923,0,0,0,-67,,,,
039924,0,0,0,143,,,,
039925,0,0,0,-61,,,,
039927,0,0,0,-636,,,,
039928,0,0,0,-10,,,,
039929,0,0,0,-12,,,,
03992C,0,0,0,49,,,,
03992U,0,0,0,-231,,,,
039930,0,0,0,-40,,,,
039931,0,0,0,-130,,,,
039933,0,0,0,41,,,,
039934,0,0,0,50,,,,
039937,0,0,0,-1983,,,,
039938,0,0,0,-28,,,,
039939,0,0,0,-20,,,,
03993C,0,0,0,-300,,,,
039940,0,0,0,550,,,,
039943,0,0,0,0,,,,
039945,0,0,0,92,,,,
039946,0,0,0,51,,,,
039947,0,0,0,399,,,,
039948,0,0,0,-169,,,,
039951,0,0,0,30,,,,
039953,0,0,0,11,,,,
039954,0,0,0,-439,,,,
039958,0,0,0,-6,,,,
039959,0,0,0,-5,,,,
03995C,0,0,0,453,,,,
039960,0,0,0,30,,,,
039961,0,0,0,90,,,,
039962,0,0,0,1421,,,,
039963,0,0,0,26,,,,
039964,0,0,0,26,,,,
039966,0,0,0,-2,,,,
039967,0,0,0,1,,,,
039968,0,0,0,6,,,,
039969,0,0,0,-1,,,,
03996C,0,0,0,-4,,,,
039970,0,0,0,-62,,,,
039971,0,0,0,-29,,,,
039972,0,0,0,43,,,,
039974,0,0,0,107,,,,
039979,0,0,0,20,,,,
03997C,0,0,0,-1,,,,
039980,0,0,0,-703,,,,
039981,0,0,0,-31,,,,
039983,0,0,0,70,,,,
039984,0,0,0,18,,,,
039987,0,0,0,7,,,,
039992,0,0,0,460,,,,
039994,0,0,0,6,,,,
039995,0,0,0,91,,,,
039996,0,0,0,91,,,,
039998,0,0,0,-78,,,,
039999,0,0,0,-6,,,,
03999C,0,0,0,137,,,,
040000,0,0,0,-68,,,,
040002,0,0,0,-235,,,,
040003,0,0,0,64,,,,
040004,0,0,0,-5,,,,
040006,0,0,0,70,,,,
040008,0,0,0,-188,,,,
040009,0,0,0,42,,,,
04000C,0,0,0,1,,,,
04000U,0,0,0,-3,,,,
040010,0,0,0,25,,,,
040011,0,0,0,-552,,,,
040012,0,0,0,-28,,,,
040013,0,0,0,12,,,,
040014,0,0,0,89,,,,
040015,0,0,0,11,,,,
040016,0,0,0,-87,,,,
040018,0,0,0,161,,,,
040022,0,0,0,7,,,,
040023,0,0,0,-38,,,,
040024,0,0,0,-301,,,,
040030,0,0,0,-4,,,,
040031,0,0,0,-10,,,,
040033,0,0,0,96,,,,
040034,0,0,0,2,,,,
040037,0,0,0,5,,,,
040038,0,0,0,-103,,,,
040040,0,0,0,-70,,,,
040041,0,0,0,455,,,,
040042,0,0,0,54,,,,
040043,0,0,0,19,,,,
040045,0,0,0,264,,,,
040049,0,0,0,-25,,,,
040050,0,0,0,-180,,,,
040051,0,0,0,14,,,,
040052,0,0,0,-15,,,,
040057,0,0,0,-9,,,,
040058,0,0,0,-271,,,,
040060,0,0,0,-450,,,,
040061,0,0,0,2,,,,
040062,0,0,0,9,,,,
040063,0,0,0,-2,,,,
040064,0,0,0,42,,,,
040065,0,0,0,57,,,,
040066,0,0,0,184,,,,
040067,0,0,0,-12,,,,
040068,0,0,0,141,,,,
040069,0,0,0,-1,,,,
040071,0,0,0,1,,,,
040072,0,0,0,4,,,,
040073,0,0,0,-275,,,,
040075,0,0,0,341,,,,
040076,0,0,0,57,,,,
040079,0,0,0,10,,,,
040080,0,0,0,-114,,,,
040083,0,0,0,-403,,,,
040084,0,0,0,10,,,,
040085,0,0,0,1,,,,
040088,0,0,0,-28,,,,
040089,0,0,0,176,,,,
040090,0,0,0,288,,,,
040094,0,0,0,-117,,,,
040096,0,0,0,-275,,,,
040097,0,0,0,-262,,,,
040098,0,0,0,-451,,,,
040099,0,0,0,-200,,,,
040100,0,0,0,-27,,,,
040103,0,0,0,26,,,,
040107,0,0,0,23,,,,
040109,0,0,0,-5,,,,
040112,0,0,0,42,,,,
040116,0,0,0,8,,,,
040117,0,0,0,135,,,,
040118,0,0,0,388,,,,
040119,0,0,0,-66,,,,
040120,0,0,0,-66,,,,
040121,0,0,0,-289,,,,
040122,0,0,0,-5,,,,
040124,0,0,0,-94,,,,
040125,0,0,0,155,,,,
040126,0,0,0,30,,,,
040129,0,0,0,2,,,,
040130,0,0,0,40,,,,
040134,0,0,0,14,,,,
040135,0,0,0,-86,,,,
040136,0,0,0,4,,,,
040137,0,0,0,168,,,,
040138,0,0,0,182,,,,
040139,0,0,0,134,,,,
040140,0,0,0,20,,,,
040141,0,0,0,-1413,,,,
040142,0,0,0,18,,,,
040144,0,0,0,-16,,,,
040148,0,0,0,34,,,,
040152,0,0,0,-285,,,,
040153,0,0,0,-25,,,,
040156,0,0,0,2,,,,
040157,0,0,0,-139,,,,
040158,0,0,0,5,,,,
040159,0,0,0,-51,,,,
040160,0,0,0,0,,,,
040161,0,0,0,23,,,,
040162,0,0,0,9,,,,
040164,0,0,0,-5,,,,
040166,0,0,0,-20,,,,
040169,0,0,0,-160,,,,
040170,0,0,0,175,,,,
040172,0,0,0,-34,,,,
040173,0,0,0,47,,,,
040174,0,0,0,-67,,,,
040175,0,0,0,12,,,,
040178,0,0,0,5,,,,
040179,0,0,0,-123,,,,
040180,0,0,0,21,,,,
040181,0,0,0,3,,,,
040182,0,0,0,8,,,,
040183,0,0,0,53,,,,
040184,0,0,0,-1,,,,
040187,0,0,0,-25,,,,
040188,0,0,0,-65,,,,
040189,0,0,0,-60,,,,
040190,0,0,0,-6,,,,
040191,0,0,0,40,,,,
040194,0,0,0,-18,,,,
040195,0,0,0,-25,,,,
040196,0,0,0,10,,,,
040198,0,0,0,-10,,,,
040199,0,0,0,92,,,,
040201,0,0,0,-53,,,,
040202,0,0,0,150,,,,
040203,0,0,0,64,,,,
040204,0,0,0,0,,,,
040206,0,0,0,6,,,,
040207,0,0,0,-40,,,,
040208,0,0,0,5,,,,
040210,0,0,0,-199,,,,
040211,0,0,0,-197,,,,
040212,0,0,0,4,,,,
040213,0,0,0,11,,,,
040214,0,0,0,120,,,,
040217,0,0,0,33,,,,
040219,0,0,0,78,,,,
040220,0,0,0,297,,,,
040221,0,0,0,-40,,,,
040222,0,0,0,90,,,,
040223,0,0,0,178,,,,
040225,0,0,0,-5,,,,
040229,0,0,0,-166,,,,
040230,0,0,0,0,,,,
040235,0,0,0,-157,,,,
040238,0,0,0,48,,,,
040239,0,0,0,55,,,,
040242,0,0,0,37,,,,
040245,0,0,0,-454,,,,
040247,0,0,0,92,,,,
040248,0,0,0,0,,,,
040249,0,0,0,616,,,,
040250,0,0,0,5,,,,
040251,0,0,0,129,,,,
040253,0,0,0,98,,,,
040254,0,0,0,-25,,,,
040255,0,0,0,-5,,,,
040256,0,0,0,-191,,,,
040257,0,0,0,-213,,,,
040258,0,0,0,225,,,,
040260,0,0,0,-774,,,,
040261,0,0,0,-411,,,,
040262,0,0,0,-93,,,,
040264,0,0,0,68,,,,
040265,0,0,0,197,,,,
040268,0,0,0,-40,,,,
040269,0,0,0,-5,,,,
040271,0,0,0,-21,,,,
040272,0,0,0,-77,,,,
040274,0,0,0,-5,,,,
040275,0,0,0,-62,,,,
040281,0,0,0,8,,,,
040282,0,0,0,71,,,,
040283,0,0,0,-34,,,,
040285,0,0,0,-297,,,,
040286,0,0,0,0,,,,
040287,0,0,0,-21,,,,
040288,0,0,0,82,,,,
040289,0,0,0,10,,,,
040290,0,0,0,-29,,,,
040293,0,0,0,72,,,,
040294,0,0,0,-37,,,,
040295,0,0,0,-172,,,,
040296,0,0,0,117,,,,
040297,0,0,0,-105,,,,
040298,0,0,0,50,,,,
040299,0,0,0,-59,,,,
040300,0,0,0,-35,,,,
040301,0,0,0,0,,,,
040302,0,0,0,34,,,,
040304,0,0,0,17,,,,
040305,0,0,0,23,,,,
040306,0,0,0,-17,,,,
040307,0,0,0,13,,,,
040309,0,0,0,151,,,,
040311,0,0,0,74,,,,
040313,0,0,0,-470,,,,
040315,0,0,0,0,,,,
040316,0,0,0,-7,,,,
040317,0,0,0,523,,,,
040318,0,0,0,-551,,,,
040323,0,0,0,-160,,,,
040324,0,0,0,-84,,,,
040327,0,0,0,-23,,,,
040328,0,0,0,12,,,,
040329,0,0,0,-205,,,,
040331,0,0,0,-50,,,,
040332,0,0,0,-82,,,,
040334,0,0,0,43,,,,
040337,0,0,0,47,,,,
040338,0,0,0,255,,,,
040339,0,0,0,95,,,,
040344,0,0,0,6,,,,
040345,0,0,0,877,,,,
040346,0,0,0,-86,,,,
040347,0,0,0,-22,,,,
040349,0,0,0,-40,,,,
040353,0,0,0,-9,,,,
040354,0,0,0,4,,,,
040356,0,0,0,-40,,,,
040357,0,0,0,-59,,,,
040358,0,0,0,10,,,,
040360,0,0,0,221,,,,
040364,0,0,0,22,,,,
040369,0,0,0,30,,,,
040370,0,0,0,20,,,,
040371,0,0,0,-48,,,,
040372,0,0,0,4,,,,
040373,0,0,0,1300,,,,
040374,0,0,0,-2,,,,
040375,0,0,0,-167,,,,
040376,0,0,0,15,,,,
040380,0,0,0,-5,,,,
040381,0,0,0,-20,,,,
040382,0,0,0,-28,,,,
040383,0,0,0,-78,,,,
040384,0,0,0,6,,,,
040385,0,0,0,31,,,,
040386,0,0,0,-146,,,,
040388,0,0,0,0,,,,
040389,0,0,0,334,,,,
040390,0,0,0,-45,,,,
040391,0,0,0,368,,,,
040392,0,0,0,-10,,,,
040393,0,0,0,-2,,,,
040395,0,0,0,-11,,,,
040396,0,0,0,55,,,,
040397,0,0,0,0,,,,
040399,0,0,0,7,,,,
040402,0,0,0,-1,,,,
040405,0,0,0,399,,,,
040406,0,0,0,0,,,,
040407,0,0,0,110,,,,
040408,0,0,0,5,,,,
040409,0,0,0,79,,,,
040412,0,0,0,43,,,,
040413,0,0,0,5,,,,
040414,0,0,0,-10,,,,
040415,0,0,0,-1,,,,
040417,0,0,0,150,,,,
040420,0,0,0,-50,,,,
040421,0,0,0,-20,,,,
040422,0,0,0,-19,,,,
040423,0,0,0,-59,,,,
040427,0,0,0,0,,,,
040428,0,0,0,386,,,,
040430,0,0,0,541,,,,
040431,10,0,0,-189,,,,
040434,0,0,0,-3,,,,
040437,0,0,0,5,,,,
040440,0,0,0,-1,,,,
040441,0,0,0,19,,,,
040442,0,0,0,57,,,,
040443,0,0,0,81,,,,
040444,0,0,0,241,,,,
040447,0,0,0,-20,,,,
040448,0,0,0,-1382,,,,
040449,0,0,0,447,,,,
040451,0,0,0,-5,,,,
040457,0,0,0,107,,,,
040458,0,0,0,455,,,,
040459,0,0,0,-193,,,,
040461,0,0,0,-141,,,,
040462,0,0,0,-1,,,,
040463,0,0,0,434,,,,
040464,0,0,0,-119,,,,
040465,0,0,0,17,,,,
040466,0,0,0,-14,,,,
040467,0,0,0,-4,,,,
040468,0,0,0,-110,,,,
040469,0,0,0,-24,,,,
040470,0,0,0,-28,,,,
040471,0,0,0,27,,,,
040473,0,0,0,-23,,,,
040474,0,0,0,-9,,,,
040475,0,0,0,304,,,,
040476,0,0,0,75,,,,
040477,0,0,0,215,,,,
040478,0,0,0,1,,,,
040479,0,0,0,-6,,,,
040480,0,0,0,-23,,,,
040482,0,0,0,10,,,,
040483,0,0,0,-96,,,,
040485,0,0,0,7,,,,
040488,1,0,0,-255,,,,
040489,0,0,0,-5,,,,
040491,0,0,0,-15,,,,
040492,0,0,0,-6,,,,
040493,0,0,0,-50,,,,
040494,0,0,0,-419,,,,
040495,0,0,0,-107,,,,
040496,0,0,0,-9,,,,
040499,0,0,0,15,,,,
040500,0,0,0,4,,,,
040501,0,0,0,0,,,,
040503,0,0,0,78,,,,
040506,0,0,0,-6,,,,
040508,0,0,0,5,,,,
040509,0,0,0,-36,,,,
040512,0,0,0,-46,,,,
040513,0,0,0,999,,,,
040515,0,0,0,1,,,,
040517,0,0,0,324,,,,
040518,0,0,0,320,,,,
040519,0,0,0,-1,,,,
040520,0,0,0,36,,,,
040521,0,0,0,104,,,,
040522,0,0,0,15,,,,
040523,0,0,0,5,,,,
040525,0,0,0,86,,,,
040526,0,0,0,66,,,,
040528,0,0,0,-63,,,,
040529,0,0,0,8,,,,
040530,0,0,0,57,,,,
040531,0,0,0,1,,,,
040532,0,0,0,6,,,,
040535,0,0,0,-77,,,,
040544,0,0,0,199,,,,
040545,0,0,0,197,,,,
040546,0,0,0,341,,,,
040550,0,0,0,-90,,,,
040551,0,0,0,92,,,,
040552,0,0,0,-1,,,,
040556,0,0,0,9,,,,
040557,0,0,0,70,,,,
040559,0,0,0,-1,,,,
040560,0,0,0,1,,,,
040563,0,0,0,-52,,,,
040566,0,0,0,7,,,,
040567,0,0,0,1,,,,
040569,0,0,0,6,,,,
040570,0,0,0,10,,,,
040576,0,0,0,-1246,,,,
040578,0,0,0,-7,,,,
040580,0,0,0,25,,,,
040582,0,0,0,28,,,,
040584,0,0,0,-1,,,,
040598,0,0,0,3,,,,
040599,0,0,0,22,,,,
040600,0,0,0,166,,,,
040601,0,0,0,9,,,,
040602,0,0,0,-11,,,,
040604,0,0,0,0,,,,
040605,0,0,0,549,,,,
040607,0,0,0,433,,,,
040608,0,0,0,698,,,,
040609,0,0,0,-25,,,,
040610,0,0,0,384,,,,
040612,0,0,0,-170,,,,
040614,0,0,0,155,,,,
040616,0,0,0,330,,,,
040617,0,0,0,509,,,,
040619,0,0,0,32,,,,
040620,0,0,0,-459,,,,
040622,0,0,0,345,,,,
040624,0,0,0,16,,,,
040625,0,0,0,-243,,,,
040626,0,0,0,798,,,,
040627,0,0,0,-303,,,,
040628,0,0,0,-20,,,,
040629,0,0,0,42,,,,
040630,0,0,0,-3,,,,
040632,0,0,0,362,,,,
040633,0,0,0,22,,,,
040637,0,0,0,-20,,,,
040639,0,0,0,-125,,,,
040640,0,0,0,-141,,,,
040642,0,0,0,-155,,,,
040643,0,0,0,-2,,,,
040644,0,0,0,46,,,,
040645,0,0,0,8,,,,
040646,0,0,0,-1,,,,
040647,0,0,0,60,,,,
040649,0,0,0,356,,,,
040651,0,0,0,10,,,,
040654,0,0,0,-51,,,,
040657,0,0,0,12,,,,
040658,0,0,0,88,,,,
040659,0,0,0,5,,,,
040660,0,0,0,-69,,,,
040662,0,0,0,1,,,,
040663,0,0,0,-50,,,,
040664,0,0,0,18,,,,
040665,0,0,0,162,,,,
040668,0,0,0,-20,,,,
040670,0,0,0,-20,,,,
040672,0,0,0,80,,,,
040677,0,0,0,181,,,,
040679,0,0,0,-251,,,,
040680,0,0,0,25,,,,
040681,0,0,0,32,,,,
040682,0,0,0,42,,,,
040683,0,0,0,-2,,,,
040684,0,0,0,104,,,,
040685,0,0,0,-332,,,,
040686,0,0,0,1,,,,
040688,0,0,0,15,,,,
040691,0,0,0,176,,,,
040692,0,0,0,-212,,,,
040693,0,0,0,-810,,,,
040695,0,0,0,-499,,,,
040696,0,0,0,-86,,,,
040699,0,0,0,28,,,,
040700,0,0,0,22,,,,
040701,0,0,0,-177,,,,
040703,0,0,0,-52,,,,
040704,0,0,0,13,,,,
040705,0,0,0,15,,,,
040706,0,0,0,4686,,,,
040707,0,0,0,8,,,,
040708,0,0,0,16,,,,
040709,0,0,0,2,,,,
040711,0,0,0,-94,,,,
040712,0,0,0,1,,,,
040713,0,0,0,81,,,,
040714,0,0,0,75,,,,
040718,0,0,0,63,,,,
040720,0,0,0,68,,,,
040724,0,0,0,-56,,,,
040725,0,0,0,-5,,,,
040726,0,0,0,-15,,,,
040727,0,0,0,-4,,,,
040728,0,0,0,4,,,,
040729,0,0,0,-71,,,,
040730,0,0,0,164,,,,
040731,0,0,0,49,,,,
040732,0,0,0,260,,,,
040733,0,0,0,-10,,,,
040735,0,0,0,-5,,,,
040736,0,0,0,-9,,,,
040738,0,0,0,-1,,,,
040743,0,0,0,1,,,,
040746,0,0,0,20,,,,
040747,0,0,0,5,,,,
040749,0,0,0,-34,,,,
040750,0,0,0,290,,,,
040751,0,0,0,-20,,,,
040754,0,0,0,-162,,,,
040755,0,0,0,87,,,,
040757,0,0,0,10,,,,
040758,0,0,0,-43,,,,
040759,0,0,0,85,,,,
040764,0,0,0,-32,,,,
040766,0,0,0,-226,,,,
040768,0,0,0,140,,,,
040769,0,0,0,79,,,,
040770,0,0,0,103,,,,
040771,0,0,0,-82,,,,
040772,0,0,0,299,,,,
040773,0,0,0,-158,,,,
040774,0,0,0,2,,,,
040775,0,0,0,-19,,,,
040776,0,0,0,-65,,,,
040777,0,0,0,19,,,,
040778,0,0,0,-12,,,,
040780,0,0,0,-41,,,,
040781,0,0,0,145,,,,
040784,0,0,0,92,,,,
040786,0,0,0,-73,,,,
040787,0,0,0,-19,,,,
040788,0,0,0,-60,,,,
040789,0,0,0,-5,,,,
040790,0,0,0,-1,,,,
040791,0,0,0,-186,,,,
040792,0,0,0,-86,,,,
040793,0,0,0,27,,,,
040796,0,0,0,198,,,,
040798,0,0,0,-8,,,,
040801,0,0,0,11,,,,
040804,0,0,0,6,,,,
040805,0,0,0,206,,,,
040806,0,0,0,-50,,,,
040807,0,0,0,0,,,,
040810,0,0,0,152,,,,
040812,0,0,0,-130,,,,
040813,0,0,0,-5,,,,
040814,0,0,0,14,,,,
040817,0,0,0,99,,,,
040818,0,0,0,84,,,,
040820,0,0,0,3,,,,
040823,0,0,0,5,,,,
040824,0,0,0,100,,,,
040825,0,0,0,20,,,,
040826,0,0,0,389,,,,
040829,0,0,0,7,,,,
040830,0,0,0,3,,,,
040831,0,0,0,4,,,,
040832,0,0,0,15,,,,
040833,0,0,0,-252,,,,
040834,0,0,0,-15,,,,
040840,0,0,0,16,,,,
040841,0,0,0,-255,,,,
040842,0,0,0,13,,,,
040844,0,0,0,-60,,,,
040846,0,0,0,-208,,,,
040847,0,0,0,-276,,,,
040848,0,0,0,-100,,,,
040849,0,0,0,-110,,,,
040850,0,0,0,-152,,,,
040851,0,0,0,0,,,,
040852,0,0,0,0,,,,
040853,0,0,0,100,,,,
040854,0,0,0,-82,,,,
040855,0,0,0,7,,,,
040857,0,0,0,-417,,,,
040860,0,0,0,-38,,,,
040862,0,0,0,45,,,,
040865,0,0,0,50,,,,
040866,0,0,0,-321,,,,
040867,0,0,0,-8,,,,
040868,0,0,0,10,,,,
040871,0,0,0,4,,,,
040872,0,0,0,2,,,,
040875,0,0,0,-2,,,,
040876,0,0,0,36,,,,
040877,0,0,0,-2,,,,
040879,0,0,0,-468,,,,
040880,0,0,0,13,,,,
040882,0,0,0,-27,,,,
040883,0,0,0,14,,,,
040889,0,0,0,-40,,,,
040890,0,0,0,4,,,,
040891,0,0,0,25,,,,
040892,0,0,0,5,,,,
040893,0,0,0,-5,,,,
040894,0,0,0,0,,,,
040895,0,0,0,-12,,,,
040896,0,0,0,27,,,,
040898,0,0,0,16,,,,
040899,0,0,0,-27,,,,
040900,0,0,0,7,,,,
040901,0,0,0,-4,,,,
040902,0,0,0,20,,,,
040903,0,0,0,-16,,,,
040904,0,0,0,468,,,,
040905,0,0,0,137,,,,
040906,0,0,0,-75,,,,
040908,0,0,0,-29,,,,
040914,0,0,0,0,,,,
040915,0,0,0,-10,,,,
040916,0,0,0,5,,,,
040918,0,0,0,1,,,,
040919,0,0,0,-2,,,,
040920,0,0,0,-230,,,,
040921,0,0,0,71,,,,
040922,0,0,0,-7,,,,
040923,0,0,0,-6,,,,
040924,0,0,0,0,,,,
040928,0,0,0,2,,,,
040929,0,0,0,-11,,,,
040930,0,0,0,-25,,,,
040931,0,0,0,83,,,,
040934,0,0,0,23,,,,
040937,0,0,0,471,,,,
040939,0,0,0,-90,,,,
040940,0,0,0,54,,,,
040944,0,0,0,262,,,,
040946,0,0,0,0,,,,
040948,0,0,0,17,,,,
040949,0,0,0,32,,,,
040950,0,0,0,20,,,,
040951,0,0,0,-9,,,,
040952,0,0,0,35,,,,
040954,0,0,0,20,,,,
040955,0,0,0,178,,,,
040956,0,0,0,8,,,,
040957,0,0,0,-16,,,,
040958,0,0,0,-174,,,,
040959,0,0,0,-10,,,,
040963,0,0,0,-77,,,,
040964,0,0,0,30,,,,
040967,0,0,0,-1,,,,
040968,0,0,0,-19,,,,
040969,0,0,0,10,,,,
040973,0,0,0,10,,,,
040976,0,0,0,152,,,,
040978,0,0,0,919,,,,
040979,0,0,0,-10,,,,
040980,0,0,0,-304,,,,
040981,0,0,0,-1,,,,
040983,0,0,0,738,,,,
040984,0,0,0,-5,,,,
040985,0,0,0,-933,,,,
040986,0,0,0,3,,,,
040987,0,0,0,-50,,,,
040988,0,0,0,-107,,,,
040989,0,0,0,14,,,,
040990,0,0,0,25,,,,
040991,0,0,0,-40,,,,
040993,0,0,0,13,,,,
040994,0,0,0,222,,,,
040995,0,0,0,-233,,,,
040997,0,0,0,125,,,,
041000,0,0,0,30,,,,
041003,0,0,0,-20,,,,
041005,0,0,0,-58,,,,
041006,0,0,0,101,,,,
041009,0,0,0,23,,,,
041010,0,0,0,15,,,,
041012,0,0,0,51,,,,
041013,0,0,0,-25,,,,
041014,0,0,0,-40,,,,
041015,0,0,0,11,,,,
041016,0,0,0,244,,,,
041017,0,0,0,184,,,,
041018,0,0,0,25,,,,
041019,0,0,0,53,,,,
041020,0,0,0,28,,,,
041021,0,0,0,32,,,,
041022,0,0,0,-44,,,,
041023,0,0,0,-168,,,,
041024,0,0,0,1,,,,
041026,0,0,0,-29,,,,
041027,0,0,0,0,,,,
041028,0,0,0,4,,,,
041032,0,0,0,34,,,,
041033,0,0,0,-25,,,,
041034,0,0,0,0,,,,
041035,0,0,0,-111,,,,
041036,0,0,0,50,,,,
041037,0,0,0,-10,,,,
041039,0,0,0,27,,,,
041040,0,0,0,-284,,,,
041041,0,0,0,-128,,,,
041043,0,0,0,316,,,,
041044,0,0,0,179,,,,
041047,0,0,0,8,,,,
041048,0,0,0,0,,,,
041049,0,0,0,-2,,,,
041050,0,0,0,123,,,,
041051,0,0,0,275,,,,
041052,0,0,0,-25,,,,
041053,0,0,0,-62,,,,
041054,0,0,0,-14,,,,
041055,0,0,0,-540,,,,
041056,0,0,0,114,,,,
041057,0,0,0,340,,,,
041058,0,0,0,5,,,,
041059,0,0,0,-184,,,,
041061,0,0,0,-278,,,,
041062,0,0,0,-239,,,,
041063,0,0,0,-47,,,,
041064,0,0,0,62,,,,
041065,0,0,0,-469,,,,
041066,0,0,0,-87,,,,
041067,0,0,0,-40,,,,
041071,0,0,0,16,,,,
041072,0,0,0,20,,,,
041073,0,0,0,-1,,,,
041074,0,0,0,-107,,,,
041075,0,0,0,190,,,,
041076,0,0,0,48,,,,
041077,0,0,0,20,,,,
041078,0,0,0,-732,,,,
041079,0,0,0,0,,,,
041080,0,0,0,33,,,,
041081,0,0,0,-52,,,,
041084,0,0,0,23,,,,
041085,0,0,0,-3,,,,
041086,0,0,0,-11,,,,
041087,0,0,0,905,,,,
041089,0,0,0,-35,,,,
041090,0,0,0,147,,,,
041091,0,0,0,-112,,,,
041092,0,0,0,-1492,,,,
041093,0,0,0,-108,,,,
041095,0,0,0,253,,,,
041096,0,0,0,-286,,,,
041097,0,0,0,1697,,,,
041098,0,0,0,-123,,,,
041099,0,0,0,7,,,,
041100,0,0,0,388,,,,
041103,0,0,0,66,,,,
041104,0,0,0,11,,,,
041106,0,0,0,3,,,,
041107,0,0,0,-35,,,,
041108,0,0,0,-1398,,,,
041109,0,0,0,-1,,,,
041110,0,0,0,-58,,,,
041111,0,0,0,2,,,,
041112,0,0,0,20,,,,
041115,0,0,0,-159,,,,
041116,0,0,0,234,,,,
041119,0,0,0,13,,,,
041120,0,0,0,-47,,,,
041123,0,0,0,5,,,,
041126,0,0,0,254,,,,
041127,0,0,0,8,,,,
041136,0,0,0,9,,,,
041140,0,0,0,0,,,,
041141,0,0,0,30,,,,
041143,0,0,0,20,,,,
041146,0,0,0,10,,,,
041148,0,0,0,-10,,,,
041149,0,0,0,304,,,,
041151,0,0,0,205,,,,
041152,0,0,0,165,,,,
041154,0,0,0,-47,,,,
041155,0,0,0,396,,,,
041157,0,0,0,15,,,,
041158,0,0,0,-48,,,,
041160,0,0,0,10,,,,
041162,0,0,0,0,,,,
041163,0,0,0,75,,,,
041165,0,0,0,376,,,,
041166,0,0,0,-13,,,,
041167,0,0,0,-133,,,,
041168,0,0,0,2,,,,
041169,0,0,0,50,,,,
041170,0,0,0,-8,,,,
041171,0,0,0,-150,,,,
041172,0,0,0,-444,,,,
041173,0,0,0,38,,,,
041175,0,0,0,4,,,,
041176,0,0,0,-95,,,,
041177,0,0,0,-1,,,,
041178,0,0,0,-104,,,,
041179,0,0,0,140,,,,
041180,0,0,0,6,,,,
041181,0,0,0,-10,,,,
041183,0,0,0,13,,,,
041185,0,0,0,40,,,,
041186,0,0,0,-17,,,,
041188,0,0,0,689,,,,
041191,0,0,0,-41,,,,
041192,0,0,0,27,,,,
041193,0,0,0,-115,,,,
041196,0,0,0,-13,,,,
041197,0,0,0,10,,,,
041198,0,0,0,294,,,,
041199,0,0,0,454,,,,
041200,0,0,0,-54,,,,
041202,0,0,0,694,,,,
041206,0,0,0,-42,,,,
041207,0,0,0,80,,,,
041209,0,0,0,746,,,,
041211,0,0,0,191,,,,
041213,0,0,0,-19,,,,
041214,0,0,0,224,,,,
041215,0,0,0,-56,,,,
041216,0,0,0,20,,,,
041219,0,0,0,-1,,,,
041220,0,0,0,-10,,,,
041221,0,0,0,-18,,,,
041224,0,0,0,-40,,,,
041226,0,0,0,-90,,,,
041227,0,0,0,32,,,,
041228,0,0,0,59,,,,
041230,0,0,0,14,,,,
041231,0,0,0,25,,,,
041232,0,0,0,-8,,,,
041233,0,0,0,-1,,,,
041234,0,0,0,16,,,,
041235,0,0,0,13,,,,
041236,0,0,0,158,,,,
041239,0,0,0,-10,,,,
041240,0,0,0,8,,,,
041241,0,0,0,-4,,,,
041242,0,0,0,-49,,,,
041243,0,0,0,-18,,,,
041246,0,0,0,100,,,,
041247,0,0,0,192,,,,
041248,0,0,0,70,,,,
041250,0,0,0,20,,,,
041251,0,0,0,-3,,,,
041253,0,0,0,2,,,,
041254,0,0,0,141,,,,
041256,0,0,0,-7,,,,
041257,0,0,0,56,,,,
041258,0,0,0,32,,,,
041261,0,0,0,96,,,,
041264,0,0,0,5,,,,
041265,0,0,0,-10,,,,
041266,0,0,0,-33,,,,
041267,0,0,0,-1,,,,
041268,0,0,0,44,,,,
041269,0,0,0,48,,,,
041270,0,0,0,200,,,,
041271,0,0,0,70,,,,
041276,0,0,0,-26,,,,
041279,0,0,0,499,,,,
041280,0,0,0,-235,,,,
041281,0,0,0,278,,,,
041282,0,0,0,-40,,,,
041286,0,0,0,41,,,,
041287,0,0,0,255,,,,
041288,0,0,0,-110,,,,
041289,0,0,0,-3,,,,
041290,0,0,0,-28,,,,
041292,0,0,0,161,,,,
041293,0,0,0,-48,,,,
041294,0,0,0,2,,,,
041296,0,0,0,3,,,,
041297,0,0,0,269,,,,
041298,0,0,0,0,,,,
041300,0,0,0,198,,,,
041301,0,0,0,-278,,,,
041302,0,0,0,1,,,,
041305,0,0,0,-56,,,,
041306,0,0,0,-93,,,,
041307,0,0,0,-147,,,,
041313,0,0,0,1,,,,
041314,0,0,0,0,,,,
041315,0,0,0,-40,,,,
041316,0,0,0,1,,,,
041319,0,0,0,2,,,,
041320,0,0,0,0,,,,
041321,0,0,0,-100,,,,
041322,0,0,0,-21,,,,
041323,0,0,0,2,,,,
041324,0,0,0,-43,,,,
041326,0,0,0,139,,,,
041327,0,0,0,105,,,,
041328,0,0,0,30,,,,
041330,0,0,0,-1033,,,,
041331,0,0,0,-353,,,,
041332,0,0,0,-22,,,,
041335,0,0,0,-10,,,,
041336,0,0,0,5,,,,
041338,0,0,0,91,,,,
041339,0,0,0,19,,,,
041340,0,0,0,59,,,,
041344,0,0,0,-11,,,,
041345,0,0,0,-1,,,,
041346,0,0,0,-180,,,,
041347,0,0,0,-309,,,,
041348,0,0,0,57,,,,
041349,0,0,0,47,,,,
041350,0,0,0,-30,,,,
041351,0,0,0,-367,,,,
041353,0,0,0,20,,,,
041354,0,0,0,-4,,,,
041355,0,0,0,17,,,,
041356,0,0,0,47,,,,
041357,0,0,0,20,,,,
041359,0,0,0,-73,,,,
041360,0,0,0,42,,,,
041361,0,0,0,49,,,,
041362,0,0,0,20,,,,
041364,0,0,0,-3,,,,
041365,0,0,0,-74,,,,
041367,0,0,0,87,,,,
041369,0,0,0,6,,,,
041370,0,0,0,82,,,,
041371,0,0,0,14,,,,
041372,0,0,0,11,,,,
041374,0,0,0,-60,,,,
041375,0,0,0,-14,,,,
041376,0,0,0,-10,,,,
041377,0,0,0,-52,,,,
041378,0,0,0,-40,,,,
041380,0,0,0,-6,,,,
041381,0,0,0,-142,,,,
041382,0,0,0,77,,,,
041384,0,0,0,-1049,,,,
041385,0,0,0,-23,,,,
041387,0,0,0,20,,,,
041389,0,0,0,-10,,,,
041392,0,0,0,0,,,,
041393,0,0,0,-20,,,,
041396,0,0,0,-17,,,,
041397,0,0,0,-1,,,,
041398,0,0,0,-6,,,,
041399,0,0,0,40,,,,
041401,0,0,0,-5,,,,
041403,0,0,0,98,,,,
041404,0,0,0,134,,,,
041406,0,0,0,13,,,,
041407,0,0,0,2,,,,
041409,0,0,0,47,,,,
041410,0,0,0,116,,,,
041411,0,0,0,155,,,,
041414,0,0,0,0,,,,
041415,0,0,0,312,,,,
041416,0,0,0,-2,,,,
041417,0,0,0,101,,,,
041418,0,0,0,86,,,,
041420,0,0,0,-104,,,,
041421,0,0,0,0,,,,
041423,0,0,0,-75,,,,
041425,0,0,0,26,,,,
041426,0,0,0,151,,,,
041428,0,0,0,1,,,,
041429,0,0,0,-9,,,,
041430,0,0,0,-35,,,,
041433,0,0,0,21,,,,
041434,0,0,0,-201,,,,
041435,0,0,0,455,,,,
041436,0,0,0,473,,,,
041437,0,0,0,790,,,,
041438,0,0,0,-1433,,,,
041439,0,0,0,-25,,,,
041440,0,0,0,-38,,,,
041443,0,0,0,17,,,,
041444,0,0,0,14,,,,
041445,0,0,0,-311,,,,
041446,0,0,0,8,,,,
041448,0,0,0,7,,,,
041450,0,0,0,-51,,,,
041453,0,0,0,53,,,,
041454,0,0,0,59,,,,
041455,0,0,0,-58,,,,
041456,0,0,0,20,,,,
041457,0,0,0,-109,,,,
041460,0,0,0,-14,,,,
041461,0,0,0,58,,,,
041464,0,0,0,98,,,,
041465,0,0,0,-2,,,,
041466,0,0,0,-287,,,,
041467,0,0,0,3,,,,
041470,0,0,0,-25,,,,
041471,0,0,0,64,,,,
041475,0,0,0,-355,,,,
041476,0,0,0,-208,,,,
041479,0,0,0,16,,,,
041481,0,0,0,10,,,,
041482,0,0,0,-20,,,,
041485,0,0,0,210,,,,
041488,0,0,0,107,,,,
041490,0,0,0,5,,,,
041491,0,0,0,-240,,,,
041492,0,0,0,10,,,,
041494,0,0,0,1,,,,
041496,0,0,0,0,,,,
041497,0,0,0,13,,,,
041499,0,0,0,0,,,,
041500,0,0,0,23,,,,
041503,0,0,0,18,,,,
041504,0,0,0,-554,,,,
041505,0,0,0,-3,,,,
041507,0,0,0,50,,,,
041508,0,0,0,16,,,,
041509,0,0,0,134,,,,
041510,0,0,0,506,,,,
041511,0,0,0,-4,,,,
041512,0,0,0,3,,,,
041513,0,0,0,-10,,,,
041514,0,0,0,37,,,,
041515,0,0,0,314,,,,
041517,0,0,0,49,,,,
041519,0,0,0,-6,,,,
041520,0,0,0,7,,,,
041521,0,0,0,4,,,,
041522,0,0,0,155,,,,
041523,0,0,0,185,,,,
041524,0,0,0,5,,,,
041525,0,0,0,-234,,,,
041527,0,0,0,4,,,,
041528,0,0,0,-573,,,,
041529,0,0,0,199,,,,
041530,0,0,0,162,,,,
041532,0,0,0,66,,,,
041533,0,0,0,417,,,,
041536,0,0,0,1,,,,
041538,0,0,0,85,,,,
041539,0,0,0,-142,,,,
041540,0,0,0,-77,,,,
041541,0,0,0,-5,,,,
041542,0,0,0,-35,,,,
041543,0,0,0,1,,,,
041545,0,0,0,2,,,,
041546,0,0,0,-162,,,,
041547,0,0,0,-101,,,,
041548,0,0,0,593,,,,
041549,0,0,0,172,,,,
041551,0,0,0,409,,,,
041552,0,0,0,311,,,,
041554,0,0,0,-427,,,,
041555,0,0,0,-75,,,,
041556,0,0,0,-235,,,,
041558,0,0,0,-272,,,,
041559,0,0,0,1,,,,
041560,0,0,0,-1204,,,,
041561,0,0,0,38,,,,
041562,0,0,0,38,,,,
041563,0,0,0,159,,,,
041564,0,0,0,-22,,,,
041565,0,0,0,852,,,,
041566,0,0,0,-359,,,,
041567,0,0,0,31,,,,
041568,0,0,0,130,,,,
041569,0,0,0,-2,,,,
041570,0,0,0,31,,,,
041571,0,0,0,768,,,,
041572,0,0,0,513,,,,
041573,0,0,0,61,,,,
041574,0,0,0,-356,,,,
041575,0,0,0,-85,,,,
041576,0,0,0,-353,,,,
041578,0,0,0,-208,,,,
041579,0,0,0,-23,,,,
041583,0,0,0,21,,,,
041587,0,0,0,-8,,,,
041588,0,0,0,-1127,,,,
041589,0,0,0,-2,,,,
041590,0,0,0,106,,,,
041593,0,0,0,50,,,,
041594,0,0,0,2,,,,
041595,0,0,0,-227,,,,
041596,0,0,0,-109,,,,
041597,0,0,0,0,,,,
041598,0,0,0,492,,,,
041599,0,0,0,-2,,,,
041600,0,0,0,40,,,,
041601,0,0,0,0,,,,
041602,0,0,0,-22,,,,
041604,0,0,0,286,,,,
041605,0,0,0,650,,,,
041606,0,0,0,20,,,,
041607,0,0,0,227,,,,
041610,0,0,0,-41,,,,
041611,0,0,0,5,,,,
041612,0,0,0,-214,,,,
041617,0,0,0,-1,,,,
041618,0,0,0,-1,,,,
041619,0,0,0,456,,,,
041620,0,0,0,31,,,,
041622,0,0,0,2,,,,
041623,0,0,0,141,,,,
041624,0,0,0,278,,,,
041625,0,0,0,-61,,,,
041627,0,0,0,101,,,,
041629,0,0,0,-356,,,,
041630,0,0,0,26,,,,
041631,0,0,0,-10,,,,
041632,0,0,0,249,,,,
041633,0,0,0,125,,,,
041634,0,0,0,-76,,,,
041635,0,0,0,141,,,,
041636,0,0,0,10,,,,
041637,0,0,0,247,,,,
041638,0,0,0,-99,,,,
041639,0,0,0,35,,,,
041640,0,0,0,144,,,,
041641,0,0,0,87,,,,
041643,0,0,0,-286,,,,
041645,0,0,0,87,,,,
041646,0,0,0,377,,,,
041647,0,0,0,-130,,,,
041648,0,0,0,10,,,,
041652,0,0,0,6,,,,
041653,0,0,0,79,,,,
041654,0,0,0,-31,,,,
041655,0,0,0,-30,,,,
041656,0,0,0,132,,,,
041657,0,0,0,-28,,,,
041658,0,0,0,1636,,,,
041659,0,0,0,285,,,,
041660,0,0,0,3,,,,
041661,0,0,0,67,,,,
041662,0,0,0,13,,,,
041664,0,0,0,15,,,,
041665,0,0,0,235,,,,
041667,0,0,0,119,,,,
041668,0,0,0,372,,,,
041669,0,0,0,16,,,,
041670,0,0,0,335,,,,
041673,0,0,0,11,,,,
041675,0,0,0,-10,,,,
041677,0,0,0,-3,,,,
041678,0,0,0,-359,,,,
041679,0,0,0,5,,,,
041680,0,0,0,-15,,,,
041682,0,0,0,30,,,,
041683,0,0,0,0,,,,
041684,0,0,0,-6,,,,
041685,0,0,0,3,,,,
041686,0,0,0,51,,,,
041688,0,0,0,-66,,,,
041689,0,0,0,82,,,,
041690,0,0,0,-6,,,,
041692,0,0,0,32,,,,
041693,0,0,0,9,,,,
041694,0,0,0,1,,,,
041695,0,0,0,-174,,,,
041696,0,0,0,0,,,,
041697,0,0,0,32,,,,
041698,0,0,0,-345,,,,
041699,0,0,0,-172,,,,
041701,0,0,0,0,,,,
041702,0,0,0,10,,,,
041703,0,0,0,-100,,,,
041704,0,0,0,0,,,,
041706,0,0,0,62,,,,
041707,0,0,0,-2,,,,
041710,0,0,0,-19,,,,
041711,0,0,0,-3,,,,
041713,0,0,0,28,,,,
041714,0,0,0,-100,,,,
041716,0,0,0,-12,,,,
041717,0,0,0,55,,,,
041718,0,0,0,88,,,,
041719,0,0,0,23,,,,
041721,0,0,0,1,,,,
041722,0,0,0,265,,,,
041726,0,0,0,15,,,,
041727,0,0,0,2,,,,
041730,0,0,0,1117,,,,
041732,0,0,0,-7,,,,
041733,0,0,0,-376,,,,
041734,0,0,0,-50,,,,
041735,0,0,0,46,,,,
041736,0,0,0,-10,,,,
041737,0,0,0,75,,,,
041738,0,0,0,0,,,,
041740,0,0,0,5,,,,
041743,0,0,0,87,,,,
041744,0,0,0,24,,,,
041745,0,0,0,18,,,,
041746,0,0,0,-20,,,,
041747,0,0,0,-130,,,,
041748,0,0,0,156,,,,
041751,0,0,0,38,,,,
041754,0,0,0,-278,,,,
041755,0,0,0,167,,,,
041758,0,0,0,33,,,,
041759,0,0,0,-385,,,,
041760,0,0,0,277,,,,
041761,0,0,0,226,,,,
041766,0,0,0,20,,,,
041767,0,0,0,250,,,,
041768,0,0,0,-249,,,,
041771,0,0,0,-86,,,,
041772,0,0,0,-5,,,,
041773,0,0,0,20,,,,
041774,0,0,0,-30,,,,
041775,0,0,0,248,,,,
041776,0,0,0,15,,,,
041778,0,0,0,20,,,,
041779,0,0,0,1990,,,,
041780,0,0,0,647,,,,
041781,0,0,0,-60,,,,
041783,0,0,0,10,,,,
041784,0,0,0,-6,,,,
041786,0,0,0,-66,,,,
041787,0,0,0,40,,,,
041788,0,0,0,-25,,,,
041789,0,0,0,101,,,,
041790,0,0,0,82,,,,
041791,-4,0,0,399,,,,
041793,0,0,0,448,,,,
041794,0,0,0,-226,,,,
041795,0,0,0,-86,,,,
041798,0,0,0,20,,,,
041799,0,0,0,2,,,,
041800,0,0,0,13,,,,
041803,0,0,0,14,,,,
041806,0,0,0,-39,,,,
041808,0,0,0,20,,,,
041809,0,0,0,99,,,,
041810,0,0,0,-18,,,,
041813,0,0,0,-20,,,,
041815,0,0,0,4,,,,
041817,0,0,0,10,,,,
041818,0,0,0,33,,,,
041819,0,0,0,181,,,,
041820,0,0,0,1,,,,
041822,0,0,0,-15,,,,
041824,0,0,0,-1688,,,,
041825,0,0,0,100,,,,
041827,0,0,0,16,,,,
041828,0,0,0,116,,,,
041829,0,0,0,354,,,,
041832,0,0,0,181,,,,
041833,0,0,0,-18,,,,
041836,0,0,0,470,,,,
041838,0,0,0,73,,,,
041839,0,0,0,225,,,,
041840,0,0,0,141,,,,
041841,0,0,0,-12,,,,
041842,0,0,0,114,,,,
041843,0,0,0,585,,,,
041844,0,0,0,-1,,,,
041853,0,0,0,575,,,,
041854,0,0,0,-5,,,,
041855,0,0,0,-6,,,,
041856,0,0,0,7,,,,
041858,0,0,0,8,,,,
041860,0,0,0,85,,,,
041861,0,0,0,2,,,,
041863,0,0,0,283,,,,
041866,0,0,0,-11,,,,
041867,0,0,0,46,,,,
041868,0,0,0,-5,,,,
041869,0,0,0,1,,,,
041871,0,0,0,180,,,,
041872,0,0,0,0,,,,
041873,0,0,0,220,,,,
041876,0,0,0,3,,,,
041878,0,0,0,10,,,,
041880,0,0,0,-397,,,,
041882,0,0,0,0,,,,
041883,0,0,0,-20,,,,
041885,0,0,0,-30,,,,
041887,0,0,0,154,,,,
041888,0,0,0,-13,,,,
041889,0,0,0,-46,,,,
041891,0,0,0,50,,,,
041893,0,0,0,-366,,,,
041894,0,0,0,15,,,,
041895,0,0,0,58,,,,
041896,0,0,0,17,,,,
041897,0,0,0,-14,,,,
041899,0,0,0,-10,,,,
041900,0,0,0,44,,,,
041903,0,0,0,-20,,,,
041905,0,0,0,8,,,,
041906,0,0,0,40,,,,
041909,0,0,0,9,,,,
041910,0,0,0,89,,,,
041912,0,0,0,264,,,,
041913,0,0,0,-117,,,,
041914,0,0,0,10,,,,
041915,0,0,0,0,,,,
041916,0,0,0,-18,,,,
041917,0,0,0,13,,,,
041918,0,0,0,-5,,,,
041919,0,0,0,131,,,,
041921,0,0,0,32,,,,
041922,0,0,0,1,,,,
041924,0,0,0,13,,,,
041927,0,0,0,1,,,,
041928,0,0,0,-78,,,,
041930,0,0,0,80,,,,
041932,0,0,0,105,,,,
041934,0,0,0,100,,,,
041935,0,0,0,47,,,,
041936,0,0,0,35,,,,
041937,0,0,0,-25,,,,
041938,0,0,0,60,,,,
041939,0,0,0,1,,,,
041942,0,0,0,-4,,,,
041943,0,0,0,43,,,,
041945,0,0,0,0,,,,
041946,0,0,0,6,,,,
041947,0,0,0,-70,,,,
041948,0,0,0,10,,,,
041949,0,0,0,2,,,,
041951,0,0,0,1,,,,
041952,0,0,0,109,,,,
041955,0,0,0,38,,,,
041956,0,0,0,5,,,,
041957,0,0,0,-1,,,,
041958,0,0,0,3,,,,
041959,0,0,0,208,,,,
041960,0,0,0,311,,,,
041962,0,0,0,53,,,,
041963,0,0,0,0,,,,
041964,0,0,0,10,,,,
041966,0,0,0,27,,,,
041970,0,0,0,-90,,,,
041972,0,0,0,264,,,,
041975,0,0,0,8,,,,
041976,0,0,0,83,,,,
041978,0,0,0,278,,,,
041979,0,0,0,77,,,,
041980,0,0,0,-14,,,,
041981,0,0,0,4,,,,
041982,0,0,0,-18,,,,
041983,0,0,0,-60,,,,
041984,0,0,0,-27,,,,
041985,0,0,0,82,,,,
041987,0,0,0,-808,,,,
041989,0,0,0,69,,,,
041990,0,0,0,-25,,,,
041993,0,0,0,-28,,,,
041994,0,0,0,-701,,,,
041995,0,0,0,-11,,,,
041996,0,0,0,-5,,,,
041998,0,0,0,77,,,,
041999,0,0,0,-237,,,,
042000,0,0,0,-301,,,,
042001,0,0,0,-22,,,,
042003,0,0,0,19,,,,
042004,0,0,0,173,,,,
042005,0,0,0,-298,,,,
042006,0,0,0,0,,,,
042007,0,0,0,-250,,,,
042008,0,0,0,-208,,,,
042009,0,0,0,-112,,,,
042013,0,0,0,-68,,,,
042014,0,0,0,485,,,,
042015,0,0,0,10,,,,
042016,0,0,0,-187,,,,
042017,0,0,0,-50,,,,
042018,0,0,0,69,,,,
042019,0,0,0,-374,,,,
042020,0,0,0,-45,,,,
042021,0,0,0,1,,,,
042022,0,0,0,-10,,,,
042023,0,0,0,275,,,,
042025,0,0,0,344,,,,
042026,0,0,0,-295,,,,
042027,0,0,0,-1,,,,
042030,0,0,0,47,,,,
042032,0,0,0,271,,,,
042033,0,0,0,196,,,,
042034,0,0,0,782,,,,
042035,0,0,0,25,,,,
042036,0,0,0,111,,,,
042038,0,0,0,-9,,,,
042039,0,0,0,16,,,,
04203U,0,0,0,15,,,,
042041,0,0,0,-15,,,,
042042,0,0,0,-4,,,,
042043,0,0,0,6,,,,
042045,0,0,0,-79,,,,
042047,0,0,0,-15,,,,
042054,0,0,0,122,,,,
042055,0,0,0,23,,,,
042056,0,0,0,67,,,,
042057,0,0,0,28,,,,
042059,0,0,0,821,,,,
042061,0,0,0,10,,,,
042062,0,0,0,-11,,,,
042064,0,0,0,132,,,,
042065,0,0,0,44,,,,
042066,0,0,0,99,,,,
042067,0,0,0,95,,,,
042068,0,0,0,45,,,,
042070,0,0,0,5,,,,
042072,0,0,0,-4,,,,
042076,0,0,0,4,,,,
042077,0,0,0,18,,,,
042078,0,0,0,1,,,,
042079,0,0,0,-90,,,,
04207U,0,0,0,-1,,,,
042080,0,0,0,-2,,,,
042081,0,0,0,122,,,,
042083,0,0,0,50,,,,
042084,0,0,0,50,,,,
042085,0,0,0,110,,,,
042086,0,0,0,-107,,,,
042088,0,0,0,7,,,,
042089,0,0,0,408,,,,
042090,0,0,0,54,,,,
042092,0,0,0,513,,,,
042093,0,0,0,-102,,,,
042094,0,0,0,-99,,,,
042097,0,0,0,-10,,,,
042098,0,0,0,10,,,,
042099,0,0,0,141,,,,
042101,0,0,0,118,,,,
042104,0,0,0,75,,,,
042105,0,0,0,997,,,,
042109,0,0,0,-6,,,,
042110,0,0,0,-30,,,,
042111,0,0,0,11,,,,
042112,0,0,0,130,,,,
042113,0,0,0,-569,,,,
042116,0,0,0,0,,,,
042118,0,0,0,2199,,,,
042121,0,0,0,3,,,,
042122,0,0,0,3,,,,
042123,0,0,0,5,,,,
042125,0,0,0,45,,,,
042127,0,0,0,12,,,,
042128,0,0,0,13,,,,
042130,0,0,0,21,,,,
042131,0,0,0,-3,,,,
042133,0,0,0,13,,,,
042134,0,0,0,-349,,,,
042135,0,0,0,-78,,,,
042136,0,0,0,66,,,,
042137,0,0,0,0,,,,
042139,0,0,0,-19,,,,
042140,0,0,0,17,,,,
042141,0,0,0,-34,,,,
042142,0,0,0,64,,,,
042143,0,0,0,-20,,,,
042146,0,0,0,-4,,,,
042147,0,0,0,-29,,,,
042148,0,0,0,-10,,,,
042149,0,0,0,235,,,,
042151,0,0,0,-1,,,,
042152,0,0,0,-103,,,,
042154,0,0,0,-25,,,,
042155,0,0,0,14,,,,
042156,0,0,0,-17,,,,
042157,0,0,0,75,,,,
042160,0,0,0,-19,,,,
042161,0,0,0,83,,,,
042162,0,0,0,96,,,,
042163,0,0,0,9,,,,
042164,0,0,0,4,,,,
042165,0,0,0,119,,,,
042169,0,0,0,-322,,,,
042172,0,0,0,97,,,,
042173,0,0,0,27,,,,
042174,0,0,0,-61,,,,
042175,0,0,0,68,,,,
042176,0,0,0,-5,,,,
042177,0,0,0,-1,,,,
042178,0,0,0,65,,,,
042180,0,0,0,5,,,,
042181,0,0,0,-100,,,,
042187,0,0,0,10,,,,
042188,0,0,0,-373,,,,
042189,0,0,0,31,,,,
042190,0,0,0,-50,,,,
042191,0,0,0,16,,,,
042194,0,0,0,-40,,,,
042195,0,0,0,27,,,,
042196,0,0,0,26,,,,
042197,0,0,0,-2,,,,
042198,0,0,0,755,,,,
042199,0,0,0,-154,,,,
042200,0,0,0,-140,,,,
042201,0,0,0,244,,,,
042202,0,0,0,265,,,,
042203,0,0,0,50,,,,
042204,0,0,0,0,,,,
042205,0,0,0,12,,,,
042208,0,0,0,-98,,,,
042209,0,0,0,250,,,,
042210,0,0,0,-169,,,,
042212,0,0,0,-146,,,,
042213,0,0,0,-25,,,,
042214,0,0,0,-94,,,,
042215,0,0,0,-503,,,,
042218,0,0,0,-868,,,,
042220,0,0,0,-53,,,,
042221,0,0,0,-1432,,,,
042224,0,0,0,-179,,,,
042225,0,0,0,44,,,,
042227,0,0,0,0,,,,
042228,0,0,0,264,,,,
042230,0,0,0,-14,,,,
042231,0,0,0,-530,,,,
042232,0,0,0,22,,,,
042233,0,0,0,-4,,,,
042238,0,0,0,0,,,,
042239,0,0,0,-24,,,,
042243,0,0,0,3,,,,
042245,0,0,0,74,,,,
042246,0,0,0,-300,,,,
042248,0,0,0,5,,,,
042249,0,0,0,63,,,,
042251,0,0,0,179,,,,
042258,0,0,0,19,,,,
042259,0,0,0,31,,,,
042260,0,0,0,45,,,,
042261,0,0,0,-27,,,,
042262,0,0,0,-12,,,,
042263,0,0,0,2,,,,
042264,0,0,0,415,,,,
042265,0,0,0,-330,,,,
042267,0,0,0,-53,,,,
042268,0,0,0,-78,,,,
042269,0,0,0,1,,,,
042270,0,0,0,-60,,,,
042271,0,0,0,34,,,,
042276,0,0,0,-20,,,,
042277,0,0,0,325,,,,
042278,0,0,0,143,,,,
042279,0,0,0,358,,,,
042280,0,0,0,-45,,,,
042281,0,0,0,23,,,,
042282,0,0,0,861,,,,
042283,0,0,0,-333,,,,
042284,0,0,0,23,,,,
042285,0,0,0,0,,,,
042287,0,0,0,5,,,,
042290,0,0,0,1030,,,,
042295,0,0,0,-1133,,,,
042297,0,0,0,-1,,,,
042298,0,0,0,553,,,,
042299,0,0,0,-70,,,,
042300,0,0,0,81,,,,
042303,0,0,0,0,,,,
042305,0,0,0,-803,,,,
042307,0,0,0,7,,,,
042308,0,0,0,-2,,,,
042310,0,0,0,-50,,,,
042311,0,0,0,-48,,,,
042313,0,0,0,-23,,,,
042314,0,0,0,-33,,,,
042315,0,0,0,-123,,,,
042316,0,0,0,10,,,,
042317,0,0,0,-121,,,,
042319,0,0,0,424,,,,
042320,0,0,0,-33,,,,
042321,0,0,0,-80,,,,
042322,0,0,0,-11,,,,
042324,0,0,0,-1,,,,
042325,0,0,0,-200,,,,
042326,0,0,0,187,,,,
042327,0,0,0,273,,,,
042328,0,0,0,-29,,,,
042330,0,0,0,100,,,,
042332,0,0,0,150,,,,
042334,0,0,0,-1730,,,,
042335,0,0,0,60,,,,
042336,0,0,0,17,,,,
042337,0,0,0,336,,,,
042338,0,0,0,-1023,,,,
042339,0,0,0,19,,,,
042340,0,0,0,25,,,,
042342,0,0,0,30,,,,
042343,0,0,0,-20,,,,
042346,0,0,0,135,,,,
042347,0,0,0,-60,,,,
042348,0,0,0,30,,,,
042349,0,0,0,33,,,,
042350,0,0,0,-70,,,,
042351,0,0,0,-407,,,,
042352,0,0,0,2,,,,
042356,0,0,0,13,,,,
042357,0,0,0,-12,,,,
042359,0,0,0,250,,,,
042361,0,0,0,-192,,,,
042362,0,0,0,-90,,,,
042363,0,0,0,-102,,,,
042365,0,0,0,9,,,,
042366,0,0,0,-20,,,,
042367,0,0,0,-166,,,,
042368,0,0,0,278,,,,
042369,0,0,0,-3,,,,
042370,0,0,0,-118,,,,
042371,0,0,0,329,,,,
042372,0,0,0,309,,,,
042373,0,0,0,298,,,,
042374,0,0,0,-65,,,,
042376,0,0,0,712,,,,
042377,0,0,0,-322,,,,
042378,0,0,0,-148,,,,
04237U,0,0,0,150,,,,
042380,0,0,0,10,,,,
042381,0,0,0,-201,,,,
042383,10,0,0,64,,,,
042384,0,0,0,-1413,,,,
042385,0,0,0,15,,,,
042386,0,0,0,-1015,,,,
042387,0,0,0,21,,,,
042388,0,0,0,-18,,,,
042390,0,0,0,1,,,,
042391,0,0,0,-254,,,,
042392,0,0,0,2,,,,
042393,0,0,0,-16,,,,
042396,0,0,0,-200,,,,
042400,0,0,0,-165,,,,
042401,0,0,0,52,,,,
042404,0,0,0,-2,,,,
042406,0,0,0,-42,,,,
042408,0,0,0,-270,,,,
042409,0,0,0,100,,,,
042410,0,0,0,-210,,,,
042411,0,0,0,54,,,,
042412,0,0,0,37,,,,
042413,0,0,0,44,,,,
042415,0,0,0,-1,,,,
042417,0,0,0,-125,,,,
042418,0,0,0,-4,,,,
042419,0,0,0,-399,,,,
042420,0,0,0,0,,,,
042421,0,0,0,10,,,,
042422,0,0,0,271,,,,
042424,0,0,0,108,,,,
042425,0,0,0,-3,,,,
042427,0,0,0,289,,,,
042428,0,0,0,277,,,,
042429,0,0,0,-60,,,,
042430,0,0,0,354,,,,
042431,0,0,0,106,,,,
042433,0,0,0,8,,,,
042435,0,0,0,-161,,,,
042436,0,0,0,199,,,,
042439,0,0,0,44,,,,
042440,0,0,0,-175,,,,
042441,0,0,0,-8,,,,
042442,0,0,0,159,,,,
042445,0,0,0,24,,,,
042446,0,0,0,55,,,,
042447,0,0,0,-65,,,,
042448,0,0,0,11,,,,
042449,0,0,0,24,,,,
042450,0,0,0,7,,,,
042451,0,0,0,-325,,,,
042452,0,0,0,-35,,,,
042453,0,0,0,21,,,,
042454,0,0,0,-246,,,,
042455,0,0,0,-3,,,,
042456,0,0,0,-50,,,,
042457,0,0,0,210,,,,
042460,0,0,0,282,,,,
042464,0,0,0,1,,,,
042465,0,0,0,101,,,,
042467,0,0,0,7,,,,
042468,0,0,0,6,,,,
042469,0,0,0,124,,,,
042470,0,0,0,-24,,,,
042471,0,0,0,-113,,,,
042473,0,0,0,91,,,,
042474,0,0,0,19,,,,
042475,0,0,0,125,,,,
042476,0,0,0,3,,,,
042478,0,0,0,-21,,,,
042479,0,0,0,1,,,,
042480,0,0,0,-60,,,,
042484,0,0,0,-1,,,,
042485,0,0,0,-90,,,,
042488,0,0,0,-246,,,,
042489,0,0,0,531,,,,
042490,0,0,0,-86,,,,
042491,0,0,0,-101,,,,
042492,0,0,0,10,,,,
042493,0,0,0,-88,,,,
042494,0,0,0,-30,,,,
042495,0,0,0,-1,,,,
042497,0,0,0,13,,,,
042498,0,0,0,10,,,,
042499,0,0,0,173,,,,
042500,0,0,0,0,,,,
042501,0,0,0,-24,,,,
042502,0,0,0,-9,,,,
042503,0,0,0,9,,,,
042505,0,0,0,-336,,,,
042506,0,0,0,-20,,,,
042511,0,0,0,12,,,,
042517,0,0,0,239,,,,
042518,0,0,0,25,,,,
042519,0,0,0,-387,,,,
042522,0,0,0,-100,,,,
042526,0,0,0,1,,,,
042527,0,0,0,-19,,,,
042529,0,0,0,128,,,,
042532,0,0,0,-39,,,,
042533,0,0,0,228,,,,
042534,0,0,0,1021,,,,
042535,0,0,0,2,,,,
042536,0,0,0,586,,,,
042538,0,0,0,-89,,,,
042539,0,0,0,58,,,,
042540,0,0,0,-17,,,,
042541,0,0,0,65,,,,
042542,0,0,0,373,,,,
042543,0,0,0,-39,,,,
042545,0,0,0,-379,,,,
042548,0,0,0,-320,,,,
042550,0,0,0,132,,,,
042551,0,0,0,-102,,,,
042552,0,0,0,-164,,,,
042554,0,0,0,-200,,,,
042555,0,0,0,-156,,,,
042556,0,0,0,270,,,,
042557,0,0,0,8,,,,
042559,0,0,0,-57,,,,
042560,0,0,0,-58,,,,
042561,0,0,0,318,,,,
042564,0,0,0,0,,,,
042565,0,0,0,-185,,,,
042566,0,0,0,-11,,,,
042570,0,0,0,11,,,,
042571,0,0,0,-5,,,,
042572,0,0,0,0,,,,
042573,0,0,0,88,,,,
042574,0,0,0,-200,,,,
042575,0,0,0,-14,,,,
042578,0,0,0,4,,,,
042579,0,0,0,25,,,,
042580,0,0,0,73,,,,
042581,0,0,0,32,,,,
042584,0,0,0,15,,,,
042585,0,0,0,0,,,,
042587,0,0,0,156,,,,
042591,0,0,0,-163,,,,
042592,0,0,0,27,,,,
042594,0,0,0,-17,,,,
042595,0,0,0,-8,,,,
042596,0,0,0,4,,,,
042597,0,0,0,-99,,,,
042600,0,0,0,77,,,,
042602,0,0,0,691,,,,
042603,0,0,0,100,,,,
042604,0,0,0,32,,,,
042606,0,0,0,-2,,,,
042607,0,0,0,10,,,,
042608,0,0,0,-2,,,,
042610,0,0,0,-1300,,,,
042611,0,0,0,95,,,,
042612,0,0,0,-5,,,,
042614,0,0,0,-5,,,,
042615,0,0,0,29,,,,
042616,0,0,0,495,,,,
042617,0,0,0,-8,,,,
042618,0,0,0,-13,,,,
042620,0,0,0,4,,,,
042622,0,0,0,-20,,,,
042623,0,0,0,50,,,,
042624,0,0,0,53,,,,
042625,0,0,0,-14,,,,
042626,0,0,0,36,,,,
042627,0,0,0,-54,,,,
042628,0,0,0,-73,,,,
042629,0,0,0,16,,,,
042632,0,0,0,924,,,,
042634,0,0,0,-998,,,,
042636,0,0,0,222,,,,
042637,0,0,0,3,,,,
042639,0,0,0,-309,,,,
042640,0,0,0,296,,,,
042641,0,0,0,706,,,,
042642,0,0,0,-68,,,,
042643,0,0,0,27,,,,
042645,0,0,0,-41,,,,
042646,0,0,0,-8,,,,
042648,0,0,0,-1,,,,
042650,0,0,0,-330,,,,
042653,0,0,0,20,,,,
042655,0,0,0,0,,,,
042656,0,0,0,-21,,,,
042657,0,0,0,-30,,,,
042659,0,0,0,-30,,,,
04265U,0,0,0,-20,,,,
042661,0,0,0,-25,,,,
042666,0,0,0,499,,,,
042667,0,0,0,-26,,,,
042668,0,0,0,7,,,,
042669,0,0,0,68,,,,
042670,0,0,0,-90,,,,
042671,0,0,0,-14,,,,
042672,0,0,0,8,,,,
042673,0,0,0,14,,,,
042675,0,0,0,-1,,,,
042678,0,0,0,-91,,,,
042679,0,0,0,0,,,,
042680,0,0,0,150,,,,
042684,0,0,0,28,,,,
042686,0,0,0,-6,,,,
042687,0,0,0,62,,,,
042692,0,0,0,-191,,,,
042693,0,0,0,-68,,,,
042694,0,0,0,53,,,,
042695,0,0,0,264,,,,
042700,0,0,0,0,,,,
042701,0,0,0,7,,,,
042702,0,0,0,10,,,,
042704,0,0,0,1,,,,
042705,0,0,0,-201,,,,
042708,0,0,0,180,,,,
042715,0,0,0,509,,,,
042716,0,0,0,173,,,,
042717,0,0,0,19,,,,
042719,0,0,0,-70,,,,
042722,0,0,0,10,,,,
042724,0,0,0,308,,,,
042725,0,0,0,-241,,,,
042726,0,0,0,-284,,,,
042727,0,0,0,50,,,,
042728,0,0,0,-150,,,,
042733,0,0,0,29,,,,
042734,0,0,0,-734,,,,
042736,0,0,0,-24,,,,
042737,0,0,0,59,,,,
042739,0,0,0,-33,,,,
042740,0,0,0,-213,,,,
042745,0,0,0,121,,,,
042747,0,0,0,-409,,,,
042748,0,0,0,1861,,,,
042749,0,0,0,755,,,,
042750,0,0,0,-1,,,,
042751,0,0,0,149,,,,
042752,0,0,0,-149,,,,
042753,0,0,0,-116,,,,
042754,0,0,0,40,,,,
042756,0,0,0,-30,,,,
042757,0,0,0,11,,,,
042759,0,0,0,-105,,,,
042760,0,0,0,23,,,,
042761,0,0,0,561,,,,
042762,0,0,0,30,,,,
042764,0,0,0,751,,,,
042765,0,0,0,-14,,,,
042766,0,0,0,43,,,,
042767,0,0,0,-182,,,,
042768,0,0,0,32,,,,
042769,0,0,0,84,,,,
042771,0,0,0,-1,,,,
042772,0,0,0,142,,,,
042773,0,0,0,95,,,,
042774,-100,0,0,304,,,,
042775,0,0,0,4,,,,
042776,0,0,0,-35,,,,
042778,0,0,0,50,,,,
042779,0,0,0,2,,,,
042780,0,0,0,-843,,,,
042781,0,0,0,-780,,,,
042782,0,0,0,-190,,,,
042784,0,0,0,120,,,,
042785,0,0,0,-168,,,,
042786,0,0,0,282,,,,
042787,0,0,0,-16,,,,
042788,0,0,0,1540,,,,
042792,0,0,0,-27,,,,
042793,0,0,0,-51,,,,
042799,0,0,0,-489,,,,
042801,0,0,0,-228,,,,
042802,0,0,0,-110,,,,
042803,0,0,0,-101,,,,
042804,0,0,0,27,,,,
042806,0,0,0,-42,,,,
042807,0,0,0,-84,,,,
042808,0,0,0,55,,,,
042810,0,0,0,-2,,,,
042811,0,0,0,-30,,,,
042815,0,0,0,-20,,,,
042816,0,0,0,0,,,,
042817,0,0,0,1,,,,
042819,0,0,0,-30,,,,
042820,0,0,0,40,,,,
042824,0,0,0,10,,,,
042827,0,0,0,-8,,,,
042829,0,0,0,-103,,,,
042830,0,0,0,-2,,,,
042832,0,0,0,176,,,,
042833,0,0,0,-100,,,,
042835,0,0,0,16,,,,
042838,0,0,0,-36,,,,
042839,0,0,0,-93,,,,
042840,0,0,0,22,,,,
042841,0,0,0,-127,,,,
042842,0,0,0,-134,,,,
042843,0,0,0,494,,,,
042845,0,0,0,63,,,,
042848,0,0,0,-199,,,,
042849,0,0,0,-379,,,,
042850,0,0,0,266,,,,
042851,0,0,0,735,,,,
042852,0,0,0,31,,,,
042853,0,0,0,-144,,,,
042857,0,0,0,-558,,,,
042858,0,0,0,121,,,,
042862,0,0,0,-295,,,,
042863,0,0,0,130,,,,
042869,0,0,0,-10,,,,
04286U,0,0,0,-27,,,,
042872,0,0,0,-93,,,,
042873,0,0,0,49,,,,
042874,0,0,0,-71,,,,
042876,0,0,0,-182,,,,
042879,0,0,0,-52,,,,
042882,0,0,0,-10,,,,
042884,0,0,0,53,,,,
042889,0,0,0,-47,,,,
042890,0,0,0,58,,,,
042900,0,0,0,-390,,,,
042901,0,0,0,-7,,,,
042903,0,0,0,-606,,,,
042905,0,0,0,-527,,,,
042906,0,0,0,-5,,,,
042910,0,0,0,-30,,,,
042911,0,0,0,-365,,,,
042912,0,0,0,154,,,,
042913,0,0,0,-1,,,,
042914,0,0,0,2,,,,
042915,0,0,0,-331,,,,
042916,0,0,0,-617,,,,
042917,0,0,0,89,,,,
042919,0,0,0,-46,,,,
042920,0,0,0,75,,,,
042921,0,0,0,-667,,,,
042922,0,0,0,-59,,,,
042923,0,0,0,27,,,,
042924,0,0,0,15,,,,
042925,0,0,0,8,,,,
042926,0,0,0,-2,,,,
042927,0,0,0,58,,,,
042928,0,0,0,-3,,,,
042929,0,0,0,15,,,,
04292U,0,0,0,-5,,,,
042930,0,0,0,-677,,,,
042934,0,0,0,-117,,,,
042935,0,0,0,22,,,,
042936,0,0,0,9,,,,
042940,0,0,0,93,,,,
042941,0,0,0,130,,,,
042942,0,0,0,-208,,,,
042943,0,0,0,250,,,,
042944,0,0,0,-132,,,,
042946,0,0,0,54,,,,
042947,0,0,0,39,,,,
042949,0,0,0,165,,,,
04294U,0,0,0,-25,,,,
042950,0,0,0,27,,,,
042952,0,0,0,-87,,,,
042953,0,0,0,-127,,,,
042954,0,0,0,106,,,,
042955,0,0,0,-30,,,,
042956,0,0,0,215,,,,
042957,0,0,0,643,,,,
042958,0,0,0,120,,,,
042959,0,0,0,-149,,,,
042960,0,0,0,-23,,,,
042964,0,0,0,1,,,,
042966,0,0,0,39,,,,
042967,0,0,0,-15,,,,
042968,0,0,0,-20,,,,
042969,0,0,0,-6,,,,
042970,0,0,0,-10,,,,
042971,0,0,0,-15,,,,
042972,0,0,0,358,,,,
042973,0,0,0,-118,,,,
042976,0,0,0,85,,,,
042978,0,0,0,0,,,,
042981,0,0,0,12,,,,
042983,0,0,0,-394,,,,
042985,0,0,0,114,,,,
042987,0,0,0,-477,,,,
042990,0,0,0,-2,,,,
042991,0,0,0,28,,,,
042995,0,0,0,9,,,,
042996,0,0,0,5,,,,
042997,0,0,0,36,,,,
042998,0,0,0,-1,,,,
043003,0,0,0,-11,,,,
043004,0,0,0,554,,,,
043005,0,0,0,-49,,,,
043006,0,0,0,44,,,,
043008,0,0,0,340,,,,
043009,0,0,0,5,,,,
043010,0,0,0,-5,,,,
043011,0,0,0,-75,,,,
043012,0,0,0,-1,,,,
043014,0,0,0,26,,,,
043016,0,0,0,-5,,,,
043017,0,0,0,46,,,,
043018,0,0,0,115,,,,
043019,0,0,0,105,,,,
043020,0,0,0,1,,,,
043022,0,0,0,3,,,,
043023,0,0,0,25,,,,
043026,0,0,0,130,,,,
043028,0,0,0,179,,,,
043029,0,0,0,310,,,,
043030,0,0,0,-211,,,,
043031,0,0,0,19,,,,
043033,0,0,0,87,,,,
043034,0,0,0,-3,,,,
043035,0,0,0,-12,,,,
043037,0,0,0,96,,,,
043038,0,0,0,6,,,,
043039,0,0,0,-36,,,,
04303U,0,0,0,-9,,,,
043041,0,0,0,54,,,,
043042,0,0,0,-27,,,,
043045,0,0,0,299,,,,
043046,0,0,0,10,,,,
043047,0,0,0,-123,,,,
04304U,0,0,0,2,,,,
043051,0,0,0,-20,,,,
043052,0,0,0,-125,,,,
043053,0,0,0,177,,,,
043054,0,0,0,-250,,,,
043055,0,0,0,-171,,,,
043056,0,0,0,84,,,,
043058,0,0,0,-22,,,,
043059,0,0,0,105,,,,
043060,0,0,0,-238,,,,
043061,0,0,0,-65,,,,
043062,0,0,0,-15,,,,
043064,0,0,0,168,,,,
043065,0,0,0,1043,,,,
043066,0,0,0,-5,,,,
043067,0,0,0,37,,,,
043069,0,0,0,10,,,,
043070,0,0,0,-20,,,,
043071,0,0,0,68,,,,
043072,0,0,0,-77,,,,
043073,0,0,0,90,,,,
043075,0,0,0,-120,,,,
043076,0,0,0,-38,,,,
043077,0,0,0,-1,,,,
043079,0,0,0,-45,,,,
043081,0,0,0,435,,,,
043082,0,0,0,-191,,,,
043083,0,0,0,851,,,,
043084,0,0,0,3,,,,
043086,100,0,0,180,,,,
043088,0,0,0,32,,,,
043091,0,0,0,-220,,,,
043093,0,0,0,-19,,,,
043095,0,0,0,-5,,,,
043096,0,0,0,1,,,,
043098,0,0,0,62,,,,
043099,0,0,0,-10,,,,
043101,0,0,0,11,,,,
043103,0,0,0,-186,,,,
043104,0,0,0,133,,,,
043106,0,0,0,-1,,,,
043107,0,0,0,67,,,,
043108,0,0,0,-7,,,,
043110,0,0,0,117,,,,
043111,0,0,0,-72,,,,
043113,0,0,0,-43,,,,
043114,0,0,0,-153,,,,
043115,0,0,0,40,,,,
043116,0,0,0,-124,,,,
043118,0,0,0,-23,,,,
043122,0,0,0,-10,,,,
043123,0,0,0,114,,,,
043125,0,0,0,-10,,,,
043126,0,0,0,37,,,,
043127,0,0,0,-180,,,,
043128,0,0,0,1,,,,
043130,0,0,0,46,,,,
043131,0,0,0,130,,,,
043134,0,0,0,-25,,,,
043135,0,0,0,-6,,,,
043140,0,0,0,5,,,,
043141,0,0,0,-199,,,,
043142,0,0,0,177,,,,
043143,0,0,0,-2,,,,
043144,0,0,0,591,,,,
043145,0,0,0,58,,,,
043148,0,0,0,-10,,,,
043149,0,0,0,-40,,,,
043150,0,0,0,20,,,,
043152,0,0,0,2,,,,
043153,0,0,0,4,,,,
043154,0,0,0,36,,,,
043155,0,0,0,0,,,,
043156,0,0,0,-10,,,,
043158,0,0,0,23,,,,
04315U,0,0,0,160,,,,
043162,0,0,0,10,,,,
043164,0,0,0,0,,,,
043165,0,0,0,-11,,,,
043166,0,0,0,56,,,,
043167,0,0,0,-1,,,,
043168,0,0,0,-21,,,,
043169,0,0,0,31,,,,
043170,0,0,0,-39,,,,
043171,0,0,0,-2,,,,
043172,0,0,0,193,,,,
043173,0,0,0,-13,,,,
043174,0,0,0,0,,,,
043176,0,0,0,-22,,,,
043177,0,0,0,-134,,,,
043178,0,0,0,146,,,,
043180,0,0,0,40,,,,
043181,0,0,0,50,,,,
043182,0,0,0,3,,,,
043183,0,0,0,-135,,,,
043184,0,0,0,16,,,,
043186,0,0,0,-39,,,,
043187,0,0,0,-219,,,,
043189,0,0,0,21,,,,
043191,0,0,0,11,,,,
043192,0,0,0,74,,,,
043195,0,0,0,-30,,,,
043199,0,0,0,-426,,,,
043200,0,0,0,1,,,,
043201,0,0,0,2,,,,
043203,0,0,0,-76,,,,
043204,0,0,0,-10,,,,
043205,0,0,0,239,,,,
043208,0,0,0,-2,,,,
04320U,0,0,0,-1,,,,
043213,0,0,0,25,,,,
043218,0,0,0,-60,,,,
043219,0,0,0,-32,,,,
043225,0,0,0,-2,,,,
043231,0,0,0,-502,,,,
043232,0,0,0,8,,,,
043233,0,0,0,0,,,,
043234,0,0,0,-1,,,,
043236,0,0,0,27,,,,
043237,0,0,0,-110,,,,
043238,0,0,0,-92,,,,
043239,0,0,0,-99,,,,
043240,0,0,0,-17,,,,
043241,0,0,0,19,,,,
043242,0,0,0,348,,,,
043245,0,0,0,24,,,,
043246,0,0,0,-22,,,,
043247,0,0,0,10,,,,
043248,0,0,0,210,,,,
043250,0,0,0,24,,,,
043251,0,0,0,-29,,,,
043254,0,0,0,-25,,,,
043256,0,0,0,340,,,,
043258,0,0,0,12,,,,
043259,0,0,0,-54,,,,
043260,0,0,0,-32,,,,
043262,0,0,0,-2,,,,
043265,0,0,0,107,,,,
043266,0,0,0,-10,,,,
043269,0,0,0,5,,,,
043270,0,0,0,67,,,,
043271,0,0,0,1,,,,
043272,0,0,0,241,,,,
043273,0,0,0,8,,,,
043276,0,0,0,154,,,,
043277,6,0,0,74,,,,
043278,0,0,0,-259,,,,
043279,0,0,0,203,,,,
043280,0,0,0,7,,,,
043282,0,0,0,15,,,,
043283,0,0,0,65,,,,
043286,0,0,0,-13,,,,
043288,0,0,0,0,,,,
043289,0,0,0,34,,,,
043290,0,0,0,16,,,,
043292,0,0,0,69,,,,
043294,0,0,0,-15,,,,
043295,0,0,0,157,,,,
043296,0,0,0,-71,,,,
043298,0,0,0,150,,,,
043301,0,0,0,-31,,,,
043302,0,0,0,-95,,,,
043303,0,0,0,50,,,,
043304,0,0,0,-7,,,,
043306,0,0,0,11,,,,
043307,0,0,0,708,,,,
043308,0,0,0,-3,,,,
043309,0,0,0,-33,,,,
043310,0,0,0,-97,,,,
043311,0,0,0,15,,,,
043318,0,0,0,-1405,,,,
043319,0,0,0,-10,,,,
043321,0,0,0,30,,,,
043323,0,0,0,-105,,,,
043324,0,0,0,8,,,,
043326,0,0,0,0,,,,
043327,0,0,0,0,,,,
043332,0,0,0,73,,,,
043333,0,0,0,3,,,,
043337,0,0,0,81,,,,
043338,0,0,0,-20,,,,
043347,0,0,0,56,,,,
043348,0,0,0,55,,,,
043350,0,0,0,5,,,,
043351,0,0,0,-5,,,,
043353,0,0,0,-1,,,,
043355,0,0,0,-174,,,,
043356,0,0,0,338,,,,
043357,0,0,0,-20,,,,
043358,0,0,0,148,,,,
043359,0,0,0,-500,,,,
043361,0,0,0,257,,,,
043362,0,0,0,120,,,,
043363,0,0,0,28,,,,
043364,0,0,0,193,,,,
043365,0,0,0,118,,,,
043366,0,0,0,-887,,,,
043367,0,0,0,-65,,,,
043368,0,0,0,162,,,,
043369,0,0,0,351,,,,
043370,0,0,0,694,,,,
043372,0,0,0,23,,,,
043373,0,0,0,-77,,,,
043374,0,0,0,-151,,,,
043375,0,0,0,-7,,,,
043376,0,0,0,10,,,,
043377,25,0,0,-525,,,,
043378,0,0,0,132,,,,
043380,0,0,0,250,,,,
043381,0,0,0,-69,,,,
043382,0,0,0,-1,,,,
043383,0,0,0,-433,,,,
043384,0,0,0,-190,,,,
043385,0,0,0,-1,,,,
043386,0,0,0,-393,,,,
043387,0,0,0,-679,,,,
043388,0,0,0,-59,,,,
043390,0,0,0,376,,,,
043391,0,0,0,46,,,,
043392,0,0,0,50,,,,
043393,0,0,0,-197,,,,
043394,0,0,0,-617,,,,
043396,0,0,0,-194,,,,
043397,0,0,0,152,,,,
043398,0,0,0,-1755,,,,
043399,0,0,0,0,,,,
043400,0,0,0,6,,,,
043402,0,0,0,245,,,,
043403,0,0,0,282,,,,
043407,0,0,0,34,,,,
043410,0,0,0,-34,,,,
043412,0,0,0,0,,,,
043413,0,0,0,37,,,,
043416,0,0,0,26,,,,
043417,0,0,0,0,,,,
043418,0,0,0,-2,,,,
043419,0,0,0,516,,,,
043420,0,0,0,31,,,,
043423,0,0,0,-2,,,,
043425,0,0,0,6,,,,
043426,0,0,0,18,,,,
043431,0,0,0,16,,,,
043434,0,0,0,-7,,,,
043436,0,0,0,51,,,,
043438,0,0,0,41,,,,
043439,0,0,0,145,,,,
043441,0,0,0,27,,,,
043442,0,0,0,-74,,,,
043443,0,0,-2,2,,,,
043444,0,0,0,28,,,,
043445,0,0,0,-17,,,,
043446,0,0,0,134,,,,
043447,0,0,0,-201,,,,
043448,0,0,0,-2,,,,
043449,0,0,0,-5,,,,
043450,0,0,0,5,,,,
043451,0,0,0,-16,,,,
043453,0,0,0,140,,,,
043455,0,0,0,-223,,,,
043456,0,0,0,-2004,,,,
043457,0,0,0,-43,,,,
043458,0,0,0,31,,,,
043459,0,0,0,-58,,,,
043461,0,0,0,61,,,,
043463,0,0,0,818,,,,
043464,0,0,0,-11,,,,
043466,0,0,0,2,,,,
043469,0,0,0,50,,,,
043470,0,0,0,5,,,,
043471,0,0,0,51,,,,
043472,0,0,0,-6,,,,
043474,0,0,0,989,,,,
043477,0,0,0,-6,,,,
043478,0,0,0,-7,,,,
043479,0,0,0,-5,,,,
043480,0,0,0,-37,,,,
043481,0,0,0,-38,,,,
043482,0,0,0,-2,,,,
043485,0,0,0,248,,,,
043486,0,0,0,48,,,,
043487,0,0,0,0,,,,
043488,0,0,0,10,,,,
043490,0,0,0,3,,,,
043491,0,0,0,0,,,,
043492,0,0,0,-15,,,,
043495,0,0,0,-319,,,,
043496,0,0,0,-163,,,,
043497,0,0,0,123,,,,
043499,0,0,0,529,,,,
043502,0,0,0,-25,,,,
043504,0,0,0,6,,,,
043505,0,0,0,10,,,,
043506,0,0,0,-248,,,,
043507,0,0,0,6,,,,
043509,0,0,0,-20,,,,
043510,0,0,0,135,,,,
043511,0,0,0,315,,,,
043512,0,0,0,0,,,,
043513,0,0,0,749,,,,
043514,0,0,0,-178,,,,
043515,0,0,0,24,,,,
043516,0,0,0,230,,,,
043517,0,0,0,165,,,,
043518,0,0,0,172,,,,
043519,0,0,0,6,,,,
043520,0,0,0,-25,,,,
043521,0,0,0,152,,,,
043523,0,0,0,35,,,,
043524,0,0,0,403,,,,
043525,0,0,0,1734,,,,
043527,0,0,0,-291,,,,
043528,0,0,0,-179,,,,
043529,0,0,0,-1951,,,,
043530,0,0,0,-422,,,,
043531,0,0,0,256,,,,
043532,0,0,0,-190,,,,
043533,0,0,0,122,,,,
043534,0,0,0,-3,,,,
043535,0,0,0,136,,,,
043536,0,0,0,-66,,,,
043538,0,0,0,-412,,,,
043539,0,0,0,9,,,,
043540,0,0,0,-949,,,,
043542,0,0,0,401,,,,
043545,0,0,0,20,,,,
043546,0,0,0,30,,,,
043550,0,0,0,60,,,,
043551,0,0,0,1,,,,
043553,0,0,0,-105,,,,
043554,0,0,0,-49,,,,
043555,0,0,0,30,,,,
043557,0,0,0,395,,,,
043559,0,0,0,-120,,,,
04355U,0,0,0,12,,,,
043560,0,0,0,-10,,,,
043561,0,0,0,19,,,,
043563,0,0,0,0,,,,
043564,0,0,0,8,,,,
043566,0,0,0,-273,,,,
043567,0,0,0,206,,,,
043571,0,0,0,-16,,,,
043576,0,0,0,19,,,,
043577,0,0,0,0,,,,
043578,0,0,0,-41,,,,
043579,0,0,0,34,,,,
043580,0,0,0,0,,,,
043581,0,0,0,43,,,,
043582,0,0,0,1,,,,
043585,0,0,0,0,,,,
043586,0,0,0,0,,,,
043587,0,0,0,7,,,,
043588,0,0,0,6,,,,
043590,0,0,0,393,,,,
043591,0,0,0,10,,,,
043592,0,0,0,25,,,,
043594,0,0,0,7,,,,
043595,0,0,0,210,,,,
043596,0,0,0,-100,,,,
043597,0,0,0,269,,,,
043598,0,0,0,-17,,,,
043599,0,0,0,-5,,,,
043602,0,0,0,3,,,,
043603,0,0,0,0,,,,
043605,0,0,0,76,,,,
043606,0,0,0,79,,,,
043607,0,0,0,10,,,,
043609,0,0,0,35,,,,
043610,0,0,0,336,,,,
043611,0,0,0,-59,,,,
043613,0,0,0,-169,,,,
043614,0,0,0,483,,,,
043616,0,0,0,71,,,,
043617,0,0,0,49,,,,
043619,0,0,0,2,,,,
043621,0,0,0,50,,,,
043623,0,0,0,-129,,,,
043624,0,0,0,-7,,,,
043626,0,0,0,9,,,,
043627,0,0,0,30,,,,
043628,0,0,0,-4,,,,
043630,0,0,0,-36,,,,
043631,0,0,0,-3,,,,
043632,0,0,0,-64,,,,
043633,0,0,0,24,,,,
043634,0,0,0,15,,,,
043635,0,0,0,45,,,,
043636,0,0,0,-32,,,,
043637,0,0,0,14,,,,
043638,0,0,0,14,,,,
043640,0,0,0,8,,,,
043641,0,0,0,23,,,,
043642,0,0,0,86,,,,
043643,0,0,0,709,,,,
043644,0,0,0,0,,,,
043645,0,0,0,-200,,,,
043646,0,0,0,-56,,,,
043647,0,0,0,0,,,,
043648,0,0,0,-52,,,,
043649,0,0,0,199,,,,
043650,0,0,0,10,,,,
043651,0,0,0,7,,,,
043652,0,0,0,0,,,,
043653,0,0,0,6,,,,
043654,0,0,0,131,,,,
043655,0,0,0,36,,,,
043656,0,0,0,7,,,,
043657,0,0,0,-3,,,,
043658,0,0,0,62,,,,
043659,0,0,0,-20,,,,
043662,0,0,0,107,,,,
043663,0,0,0,-24,,,,
043664,0,0,0,302,,,,
043665,0,0,0,-104,,,,
043666,0,0,0,-113,,,,
043669,0,0,0,54,,,,
043671,0,0,0,-58,,,,
043672,0,0,0,40,,,,
043673,0,0,0,-90,,,,
043674,0,0,0,-3,,,,
043675,0,0,0,297,,,,
043676,0,0,0,4,,,,
043679,0,0,0,10,,,,
043683,0,0,0,25,,,,
043684,0,0,0,90,,,,
043686,0,0,0,173,,,,
043687,0,0,0,-1,,,,
043688,0,0,0,339,,,,
043689,0,0,0,0,,,,
043690,0,0,0,-2,,,,
043691,0,0,0,-96,,,,
043692,0,0,0,134,,,,
043693,0,0,0,165,,,,
043694,0,0,0,50,,,,
043695,0,0,0,24,,,,
043696,0,0,0,16,,,,
043697,0,0,0,-9,,,,
043698,0,0,0,0,,,,
043699,0,0,0,96,,,,
043700,0,0,0,-687,,,,
043701,0,0,0,-70,,,,
043703,0,0,0,39,,,,
043704,0,0,0,87,,,,
043708,0,0,0,12,,,,
043709,0,0,0,-192,,,,
043710,0,0,0,11,,,,
043711,0,0,0,-1723,,,,
043713,0,0,0,240,,,,
043716,0,0,0,5,,,,
043717,0,0,0,10,,,,
043718,0,0,0,-99,,,,
043720,0,0,0,0,,,,
043721,0,0,0,120,,,,
043722,0,0,0,342,,,,
043723,0,0,0,-52,,,,
043724,0,0,0,-668,,,,
043725,0,0,0,229,,,,
043726,0,0,0,-19,,,,
043727,0,0,0,-179,,,,
043728,0,0,0,-69,,,,
043729,0,0,0,1882,,,,
043730,0,0,0,128,,,,
043732,0,0,0,7,,,,
043733,0,0,0,-17,,,,
043735,0,0,0,-274,,,,
043736,0,0,0,-42,,,,
043740,0,0,0,13,,,,
043741,0,0,0,-4,,,,
043743,0,0,0,-1004,,,,
043744,0,0,0,8,,,,
043747,0,0,0,40,,,,
043748,0,0,0,9,,,,
043756,0,0,0,1,,,,
043757,0,0,0,5,,,,
043758,0,0,0,60,,,,
043759,0,0,0,-1,,,,
043761,0,0,0,2,,,,
043762,0,0,0,-78,,,,
043768,0,0,0,7,,,,
043774,0,0,0,100,,,,
043776,0,0,0,0,,,,
043779,0,0,0,-34,,,,
043780,0,0,0,9,,,,
043782,0,0,0,167,,,,
043783,0,0,0,-42,,,,
043784,0,0,0,-23,,,,
043785,0,0,0,-131,,,,
043786,0,0,0,50,,,,
043788,0,0,0,14,,,,
043789,0,0,0,30,,,,
043790,0,0,0,1,,,,
043792,0,0,0,-80,,,,
043794,0,0,0,12,,,,
043795,0,0,0,-912,,,,
043796,0,0,0,-81,,,,
043797,0,0,0,-38,,,,
043798,0,0,0,-100,,,,
043799,0,0,0,-384,,,,
04379U,0,0,0,0,,,,
043801,0,0,0,94,,,,
043802,0,0,0,-1,,,,
043803,0,0,0,4,,,,
043804,0,0,0,292,,,,
043805,0,0,0,23,,,,
043808,0,0,0,-1,,,,
043812,0,0,0,25,,,,
043814,0,0,0,-30,,,,
043815,0,0,0,-1,,,,
043817,0,0,0,142,,,,
043818,0,0,0,-16,,,,
043819,0,0,0,103,,,,
043820,0,0,0,4,,,,
043821,0,0,0,1,,,,
043822,0,0,0,7,,,,
043823,0,0,0,108,,,,
043824,0,0,0,53,,,,
043825,0,0,0,-966,,,,
043826,0,0,0,-2,,,,
043827,0,0,0,68,,,,
043829,0,0,0,-297,,,,
043831,0,0,0,-66,,,,
043832,0,0,0,93,,,,
043833,0,0,0,189,,,,
043834,0,0,0,4,,,,
043835,0,0,0,8,,,,
043836,0,0,0,-19,,,,
043838,0,0,0,-495,,,,
043839,0,0,0,47,,,,
043841,0,0,0,-103,,,,
043842,0,0,0,36,,,,
043844,0,0,0,-2,,,,
043845,0,0,0,-60,,,,
043847,0,0,0,171,,,,
043848,0,0,0,412,,,,
043850,0,0,0,-12,,,,
043851,0,0,0,-2,,,,
043852,0,0,0,-354,,,,
043853,0,0,0,-606,,,,
043854,0,0,0,-5,,,,
043856,0,0,0,39,,,,
043860,0,0,0,17,,,,
043861,0,0,0,66,,,,
043863,0,0,0,60,,,,
043864,0,0,0,-82,,,,
043865,0,0,0,92,,,,
043866,0,0,0,66,,,,
043868,0,0,0,-113,,,,
043870,0,0,0,100,,,,
043873,0,0,0,0,,,,
043876,0,0,0,47,,,,
043877,0,0,0,1,,,,
043878,0,0,0,6,,,,
043879,0,0,0,0,,,,
043880,0,0,0,-48,,,,
043881,0,0,0,-5,,,,
043882,0,0,0,92,,,,
043883,0,0,0,-40,,,,
043884,0,0,0,-70,,,,
043885,0,0,0,-42,,,,
043886,0,0,0,-132,,,,
043887,0,0,0,83,,,,
043888,0,0,0,16,,,,
043889,0,0,0,-10,,,,
043890,0,0,0,1322,,,,
043891,0,0,0,-717,,,,
043892,0,0,0,-29,,,,
043893,0,0,0,-2,,,,
043895,0,0,0,-632,,,,
043896,0,0,0,100,,,,
043897,0,0,0,-116,,,,
043898,20,0,0,-30,,,,
043899,0,0,0,-35,,,,
043901,0,0,0,81,,,,
043902,0,0,0,56,,,,
043904,0,0,0,82,,,,
043905,0,0,0,-48,,,,
043907,0,0,0,-137,,,,
043909,0,0,0,417,,,,
043910,0,0,0,13,,,,
043912,0,0,0,2,,,,
043913,0,0,0,625,,,,
043914,0,0,0,-710,,,,
043915,0,0,0,40,,,,
043916,0,0,0,-379,,,,
043917,0,0,0,-153,,,,
043918,0,0,0,-132,,,,
043919,0,0,0,-2469,,,,
043920,0,0,0,151,,,,
043921,0,0,0,-258,,,,
043923,0,0,0,170,,,,
043924,0,0,0,-12,,,,
043926,0,0,0,200,,,,
043927,0,0,0,-6,,,,
043928,0,0,0,189,,,,
043929,0,0,0,115,,,,
043930,0,0,0,35,,,,
043931,0,0,0,-4,,,,
043932,0,0,0,892,,,,
043933,0,0,0,-5,,,,
043934,0,0,0,40,,,,
043935,0,0,0,45,,,,
043936,0,0,0,-268,,,,
043937,0,0,0,178,,,,
043938,0,0,0,-97,,,,
043940,0,0,0,294,,,,
043941,0,0,0,-39,,,,
043942,0,0,0,165,,,,
043944,0,0,0,-120,,,,
043946,0,0,0,1,,,,
043948,0,0,0,-232,,,,
043950,0,0,0,116,,,,
043951,0,0,0,729,,,,
043952,0,0,0,-15,,,,
043953,0,0,0,15,,,,
043954,0,0,0,-532,,,,
043955,0,0,0,60,,,,
043956,0,0,0,3,,,,
043957,0,0,0,27,,,,
043959,0,0,0,-159,,,,
043960,0,0,0,-675,,,,
043961,0,0,0,219,,,,
043962,0,0,0,-7,,,,
043963,0,0,0,69,,,,
043964,0,0,0,-1,,,,
043965,0,0,0,84,,,,
043967,0,0,0,117,,,,
043968,0,0,0,456,,,,
043969,0,0,0,237,,,,
043970,0,0,0,1,,,,
043973,0,0,0,1,,,,
043974,0,0,0,-86,,,,
043975,0,0,0,42,,,,
043976,0,0,0,12,,,,
043977,0,0,0,-225,,,,
043979,0,0,0,152,,,,
043980,0,0,0,96,,,,
043981,0,0,0,69,,,,
043983,0,0,0,-156,,,,
043984,0,0,0,96,,,,
043985,0,0,0,86,,,,
043986,0,0,0,191,,,,
043989,0,0,0,-8,,,,
043990,0,0,0,1187,,,,
043994,0,0,0,10,,,,
043995,0,0,0,-55,,,,
044000,0,0,0,89,,,,
044001,0,0,0,11,,,,
044002,0,0,0,86,,,,
044003,0,0,0,-93,,,,
044006,0,0,0,10,,,,
044008,0,0,0,-32,,,,
044009,0,0,0,149,,,,
044013,0,0,0,26,,,,
044014,0,0,0,63,,,,
044017,0,0,0,88,,,,
044018,0,0,0,-29,,,,
044020,0,0,0,-6,,,,
044021,0,0,0,-26,,,,
044022,0,0,0,5,,,,
044023,0,0,0,0,,,,
044024,0,0,0,-3,,,,
044026,0,0,0,-38,,,,
044027,0,0,0,-35,,,,
044028,0,0,0,145,,,,
044029,0,0,0,16,,,,
04402U,0,0,0,-227,,,,
044030,0,0,0,-5,,,,
044031,0,0,0,10,,,,
044032,0,0,0,-25,,,,
044034,0,0,0,19,,,,
044036,0,0,0,31,,,,
044040,0,0,0,32,,,,
044041,0,0,0,132,,,,
044042,0,0,0,200,,,,
044045,0,0,0,17,,,,
044047,0,0,0,-40,,,,
044048,0,0,0,20,,,,
044050,0,0,0,-15,,,,
044051,0,0,0,-1,,,,
044052,0,0,0,-8,,,,
044053,0,0,0,5,,,,
044054,0,0,0,-1,,,,
044055,0,0,0,58,,,,
044056,0,0,0,-25,,,,
044057,0,0,0,41,,,,
044060,0,0,0,17,,,,
044061,0,0,0,23,,,,
044063,0,0,0,258,,,,
044064,0,0,0,-10,,,,
044065,0,0,0,319,,,,
044066,0,0,0,211,,,,
04406U,0,0,0,1,,,,
044070,0,0,0,40,,,,
044073,0,0,0,27,,,,
044074,0,0,0,-193,,,,
044077,0,0,0,25,,,,
044078,0,0,0,-1470,,,,
044081,0,0,0,-2,,,,
044084,0,0,0,-7,,,,
044085,0,0,0,36,,,,
044087,0,0,0,5,,,,
044088,0,0,0,1,,,,
044089,0,0,0,38,,,,
044091,0,0,0,-202,,,,
044092,0,0,0,-1172,,,,
044096,0,0,0,51,,,,
044098,0,0,0,-15,,,,
044099,0,0,0,-17,,,,
044100,0,0,0,-10,,,,
044102,0,0,0,12,,,,
044103,0,0,0,0,,,,
044104,0,0,0,56,,,,
044105,0,0,0,-24,,,,
044106,0,0,0,0,,,,
044108,0,0,0,29,,,,
044109,0,0,0,9,,,,
044110,0,0,0,-87,,,,
044111,0,0,0,291,,,,
044112,0,0,0,-38,,,,
044113,0,0,0,-3,,,,
044114,0,0,0,-18,,,,
044115,0,0,0,-118,,,,
044116,0,0,0,139,,,,
044119,0,0,0,4,,,,
044122,0,0,0,-329,,,,
044124,0,0,0,-10,,,,
044125,0,0,0,3,,,,
044126,0,0,0,2,,,,
044127,0,0,0,181,,,,
044128,0,0,0,802,,,,
044129,0,0,0,118,,,,
044130,0,0,0,-177,,,,
044131,0,0,0,13,,,,
044132,0,0,0,-268,,,,
044133,0,0,0,-255,,,,
044134,0,0,0,121,,,,
044136,0,0,0,-76,,,,
044137,0,0,0,514,,,,
044140,0,0,0,-8,,,,
044141,0,0,0,80,,,,
044142,0,0,0,-349,,,,
044143,0,0,0,142,,,,
044144,0,0,0,156,,,,
044145,0,0,0,769,,,,
044146,0,0,0,76,,,,
044147,0,0,0,-25,,,,
044148,0,0,0,30,,,,
044149,0,0,0,-171,,,,
044150,0,0,0,40,,,,
044151,0,0,0,-21,,,,
044152,0,0,0,619,,,,
044155,0,0,0,-796,,,,
044156,0,0,0,17,,,,
044157,0,0,0,2,,,,
044158,0,0,0,-23,,,,
044160,0,0,0,39,,,,
044161,0,0,0,-47,,,,
044163,0,0,0,-5,,,,
044165,0,0,0,1,,,,
044166,0,0,0,30,,,,
044168,0,0,0,73,,,,
044169,0,0,0,-24,,,,
044170,0,0,0,-797,,,,
044171,0,0,0,-824,,,,
044172,0,0,0,-22,,,,
044175,0,0,0,-138,,,,
044178,0,0,0,111,,,,
044181,0,0,0,54,,,,
044182,0,0,0,77,,,,
044183,0,0,0,61,,,,
044184,0,0,0,9,,,,
044185,0,0,0,25,,,,
044186,0,0,0,105,,,,
044187,0,0,0,-20,,,,
044190,0,0,0,-54,,,,
044191,0,0,0,-180,,,,
044192,0,0,0,21,,,,
044193,0,0,0,81,,,,
044194,0,0,0,-25,,,,
044195,0,0,0,-130,,,,
044196,0,0,0,-26,,,,
044199,0,0,0,-132,,,,
044200,0,0,0,-50,,,,
044203,0,0,0,23,,,,
044204,0,0,0,-25,,,,
044206,0,0,0,22,,,,
044208,0,0,0,1,,,,
044209,0,0,0,38,,,,
044210,0,0,0,-45,,,,
044212,0,0,0,69,,,,
044214,0,0,0,20,,,,
044216,0,0,0,-52,,,,
044218,0,0,0,20,,,,
044219,0,0,0,9,,,,
044220,0,0,0,545,,,,
044221,0,0,0,-9,,,,
044223,0,0,0,-60,,,,
044224,0,0,0,18,,,,
044227,0,0,0,219,,,,
044228,0,0,0,6,,,,
044229,0,0,0,160,,,,
044230,0,0,0,6,,,,
044231,0,0,0,129,,,,
044232,0,0,0,60,,,,
044233,0,0,0,472,,,,
044234,0,0,0,2,,,,
044235,0,0,0,45,,,,
044236,0,0,0,0,,,,
044238,0,0,0,18,,,,
044241,0,0,0,1,,,,
044242,0,0,0,81,,,,
044243,0,0,0,-75,,,,
044244,0,0,0,-47,,,,
044248,0,0,0,143,,,,
044250,0,0,0,31,,,,
044252,0,0,0,-90,,,,
044253,0,0,0,12,,,,
044254,0,0,0,-21,,,,
044255,0,0,0,-15,,,,
044256,0,0,0,70,,,,
044258,0,0,0,150,,,,
044259,0,0,0,71,,,,
044260,0,0,0,17,,,,
044261,0,0,0,279,,,,
044263,0,0,0,-82,,,,
044264,0,0,0,-8,,,,
044265,0,0,0,-13,,,,
044266,0,0,0,4,,,,
044267,0,0,0,91,,,,
044268,0,0,0,163,,,,
04426U,0,0,0,20,,,,
044277,0,0,0,-129,,,,
044278,0,0,0,100,,,,
044279,0,0,0,860,,,,
044281,0,0,0,-44,,,,
044282,0,0,0,-10,,,,
044286,0,0,0,-119,,,,
044288,0,0,0,27,,,,
044289,0,0,0,429,,,,
044291,0,0,0,40,,,,
044292,0,0,0,5,,,,
044294,0,0,0,11,,,,
044295,0,0,0,341,,,,
044296,0,0,0,254,,,,
044299,0,0,0,80,,,,
044301,0,0,0,4,,,,
044302,0,0,0,99,,,,
044304,0,0,0,50,,,,
044305,0,0,0,450,,,,
044306,0,0,0,41,,,,
044307,0,0,0,74,,,,
044308,0,0,0,57,,,,
044309,0,0,0,-91,,,,
044310,0,0,0,-161,,,,
044311,0,0,0,20,,,,
044314,0,0,0,-1,,,,
044315,0,0,0,43,,,,
044317,0,0,0,184,,,,
044318,0,0,0,-1370,,,,
044319,0,0,0,837,,,,
044320,0,0,0,-27,,,,
044321,0,0,0,-3,,,,
044322,0,0,0,706,,,,
044325,0,0,0,248,,,,
044326,0,0,0,8,,,,
044328,0,0,0,0,,,,
044329,0,0,0,0,,,,
044332,0,0,0,-94,,,,
044333,0,0,0,-250,,,,
044334,0,0,0,236,,,,
044335,0,0,0,557,,,,
044336,0,0,0,-3,,,,
044338,0,0,0,56,,,,
044340,0,0,0,24,,,,
044341,0,0,0,-4,,,,
044343,0,0,0,70,,,,
044344,0,0,0,440,,,,
044345,0,0,0,105,,,,
044348,0,0,0,19,,,,
044349,0,0,0,216,,,,
044350,0,0,0,-240,,,,
044351,0,0,0,235,,,,
044352,0,0,0,275,,,,
044353,0,0,0,-11,,,,
044354,0,0,0,-150,,,,
044355,0,0,0,-565,,,,
044356,0,0,0,2,,,,
044357,0,0,0,1196,,,,
044358,0,0,0,-81,,,,
044359,0,0,0,0,,,,
044360,0,0,0,157,,,,
044362,0,0,0,-20,,,,
044363,0,0,0,-162,,,,
044364,0,0,0,-33,,,,
044367,0,0,0,-9,,,,
044370,0,0,0,-1,,,,
044371,0,0,0,35,,,,
044372,0,0,0,-996,,,,
044373,0,0,0,111,,,,
044374,0,0,0,247,,,,
044375,0,0,0,42,,,,
044376,0,0,0,-27,,,,
044377,0,0,0,-20,,,,
044378,0,0,0,317,,,,
044379,0,0,0,90,,,,
044380,0,0,0,109,,,,
044381,0,0,0,-5,,,,
044382,0,0,0,121,,,,
044383,0,0,0,-67,,,,
044384,0,0,0,5,,,,
044385,0,0,0,5,,,,
044386,0,0,0,59,,,,
044387,0,0,0,20,,,,
044388,0,0,0,-421,,,,
044389,0,0,0,30,,,,
044390,0,0,0,-27,,,,
044391,0,0,0,7,,,,
044392,0,0,0,-24,,,,
044393,0,0,0,-482,,,,
044394,0,0,0,12,,,,
044395,0,0,0,0,,,,
044397,0,0,0,-14,,,,
044398,0,0,0,810,,,,
044399,0,0,0,-645,,,,
044400,0,0,0,2604,,,,
044401,0,0,0,-88,,,,
044402,0,0,0,-205,,,,
044403,0,0,0,-1116,,,,
044404,0,0,0,-402,,,,
044405,0,0,0,1,,,,
044406,0,0,0,269,,,,
044407,0,0,0,-82,,,,
044408,0,0,0,46,,,,
044411,0,0,0,-9,,,,
044412,0,0,0,268,,,,
044413,0,0,0,20,,,,
044414,0,0,0,2,,,,
044415,0,0,0,5,,,,
044417,0,0,0,337,,,,
044418,0,0,0,2,,,,
044419,0,0,0,32,,,,
044420,0,0,0,-322,,,,
044421,0,0,0,17,,,,
044424,0,0,0,-8,,,,
044425,0,0,0,87,,,,
044426,0,0,0,100,,,,
044427,0,0,0,241,,,,
044428,0,0,0,207,,,,
044431,0,0,0,-61,,,,
044433,0,0,0,-337,,,,
044434,0,0,0,-617,,,,
044435,0,0,0,-1108,,,,
044436,0,0,0,101,,,,
044437,0,0,0,48,,,,
044438,0,0,0,14,,,,
044439,0,0,0,19,,,,
044441,0,0,0,-12,,,,
044444,0,0,0,5,,,,
044446,0,0,0,-263,,,,
044447,0,0,0,74,,,,
044449,0,0,0,-212,,,,
044451,0,0,0,10,,,,
044452,0,0,0,-92,,,,
044454,0,0,0,365,,,,
044455,0,0,0,50,,,,
044458,0,0,0,13,,,,
044460,0,0,0,193,,,,
044461,0,0,0,0,,,,
044462,0,0,0,-159,,,,
044464,0,0,0,-647,,,,
044465,0,0,0,-319,,,,
044466,0,0,0,4,,,,
044467,0,0,0,35,,,,
044468,0,0,0,-64,,,,
044470,0,0,0,22,,,,
044473,0,0,0,-90,,,,
044474,0,0,0,-7,,,,
044475,0,0,0,7,,,,
044477,0,0,0,-14,,,,
044478,0,0,0,-20,,,,
044480,0,0,0,2585,,,,
044481,0,0,0,-209,,,,
044482,0,0,0,-69,,,,
044483,0,0,0,9,,,,
044484,0,0,0,46,,,,
044485,0,0,0,20,,,,
044486,0,0,0,584,,,,
044487,0,0,0,230,,,,
044489,0,0,0,-25,,,,
044490,0,0,0,-4,,,,
044494,0,0,0,8,,,,
044495,0,0,0,-10,,,,
044496,0,0,0,-131,,,,
044497,0,0,0,22,,,,
044498,0,0,0,236,,,,
044500,0,0,0,-90,,,,
044501,0,0,0,41,,,,
044502,0,0,0,-231,,,,
044504,0,0,0,-120,,,,
044505,0,0,0,23,,,,
044507,0,0,0,0,,,,
044508,0,0,0,20,,,,
044509,0,0,0,42,,,,
044510,0,0,0,6,,,,
044511,0,0,0,-48,,,,
044512,0,0,0,23,,,,
044513,0,0,0,43,,,,
044514,0,0,0,-40,,,,
044515,0,0,0,-64,,,,
044516,0,0,0,-33,,,,
044517,0,0,0,-8,,,,
044518,0,0,0,-5,,,,
044519,0,0,0,23,,,,
044520,0,0,0,-1,,,,
044522,0,0,0,-713,,,,
044523,0,0,0,217,,,,
044524,0,0,0,-1,,,,
044525,0,0,0,266,,,,
044527,0,0,0,8,,,,
044532,0,0,0,0,,,,
044533,0,0,0,-46,,,,
044534,0,0,0,31,,,,
044537,0,0,0,-10,,,,
044539,0,0,0,-136,,,,
044541,0,0,0,4,,,,
044542,0,0,0,132,,,,
044545,0,0,0,-2,,,,
044546,0,0,0,0,,,,
044549,0,0,0,33,,,,
044550,0,0,0,-157,,,,
044551,0,0,0,-52,,,,
044556,0,0,0,233,,,,
044557,0,0,0,-4,,,,
044558,0,0,0,-11,,,,
044559,0,0,0,194,,,,
044561,0,0,0,-3,,,,
044562,0,0,0,85,,,,
044565,0,0,0,-15,,,,
044566,0,0,0,100,,,,
044569,0,0,0,-22,,,,
044573,0,0,0,-1385,,,,
044576,0,0,0,-53,,,,
044578,0,0,0,99,,,,
044580,0,0,0,-5,,,,
044581,0,0,0,566,,,,
044588,0,0,0,1,,,,
044589,0,0,0,5,,,,
044590,0,0,0,839,,,,
044591,0,0,0,-108,,,,
044592,0,0,0,-187,,,,
044593,0,0,0,254,,,,
044594,0,0,0,10,,,,
044595,0,0,0,-19,,,,
044597,0,0,0,164,,,,
044599,0,0,0,3,,,,
044601,0,0,0,54,,,,
044603,0,0,0,103,,,,
044604,0,0,0,0,,,,
044605,0,0,0,103,,,,
044606,0,0,0,-46,,,,
044607,0,0,0,-27,,,,
044608,0,0,0,104,,,,
044612,0,0,0,-329,,,,
044613,0,0,0,563,,,,
044615,0,0,0,-311,,,,
044616,0,0,0,-1315,,,,
044617,0,0,0,82,,,,
044618,0,0,0,25,,,,
044619,0,0,0,-3,,,,
044620,0,0,0,24,,,,
044621,0,0,0,-35,,,,
044622,0,0,0,23,,,,
044623,0,0,0,1,,,,
044625,0,0,0,26,,,,
044626,0,0,0,129,,,,
044627,0,0,0,-53,,,,
044629,0,0,0,-38,,,,
044630,0,0,0,-101,,,,
044631,0,0,0,63,,,,
044632,0,0,0,-61,,,,
044633,0,0,0,73,,,,
044634,0,0,0,12,,,,
044635,0,0,0,8,,,,
044636,0,0,0,-120,,,,
044638,0,0,0,-168,,,,
044639,0,0,0,-4,,,,
044640,0,0,0,-24,,,,
044642,0,0,0,65,,,,
044643,0,0,0,-14,,,,
044644,0,0,0,177,,,,
044645,0,0,0,-8,,,,
044646,0,0,0,-127,,,,
044647,0,0,0,-215,,,,
044648,0,0,0,-39,,,,
044650,0,0,0,-311,,,,
044652,0,0,0,-50,,,,
044653,0,0,0,1,,,,
044656,0,0,0,-18,,,,
044659,0,0,0,-694,,,,
044661,0,0,0,-30,,,,
044662,0,0,0,252,,,,
044665,0,0,0,205,,,,
044666,0,0,0,242,,,,
044667,0,0,0,0,,,,
044672,0,0,0,4,,,,
044674,0,0,0,41,,,,
044675,0,0,0,-1717,,,,
044677,0,0,0,62,,,,
044678,0,0,0,3207,,,,
044679,0,0,0,3,,,,
04467U,1,0,0,-26,,,,
044681,0,0,0,6,,,,
044683,0,0,0,0,,,,
044684,0,0,0,-88,,,,
044687,0,0,0,123,,,,
044688,0,0,0,18,,,,
044689,0,0,0,0,,,,
044692,0,0,0,15,,,,
044693,0,0,0,-10,,,,
044695,0,0,0,50,,,,
044696,0,0,0,-21,,,,
044697,0,0,0,-180,,,,
044698,0,0,0,-90,,,,
044699,0,0,0,-52,,,,
044700,0,0,0,178,,,,
044701,0,0,0,-33,,,,
044702,0,0,0,-60,,,,
044703,0,0,0,-684,,,,
044705,0,0,0,-228,,,,
044706,0,0,0,-2,,,,
044707,0,0,0,-21,,,,
044708,0,0,0,80,,,,
04470U,0,0,0,121,,,,
044710,0,0,0,26,,,,
044711,0,0,0,187,,,,
044713,0,0,0,85,,,,
044714,0,0,0,20,,,,
044715,0,0,0,809,,,,
044716,0,0,0,67,,,,
044718,0,0,0,-34,,,,
044719,0,0,0,10,,,,
044720,-40,0,0,211,,,,
044723,0,0,0,2,,,,
044728,0,0,0,70,,,,
044729,0,0,0,500,,,,
044730,0,0,0,-50,,,,
044731,0,0,0,54,,,,
044732,0,0,0,36,,,,
044734,0,0,0,-752,,,,
044735,0,0,0,-10,,,,
044736,0,0,0,18,,,,
044737,0,0,0,132,,,,
044741,0,0,0,4,,,,
044742,0,0,0,134,,,,
044743,0,0,0,49,,,,
044744,0,0,0,-559,,,,
044745,-10,0,0,209,,,,
044746,0,0,0,1,,,,
044747,0,0,0,2,,,,
044748,0,0,0,1,,,,
04474U,0,0,0,-1,,,,
044750,0,0,0,31,,,,
044751,0,0,0,157,,,,
044753,0,0,0,525,,,,
044754,0,0,0,136,,,,
044756,0,0,0,-27,,,,
044757,0,0,0,-67,,,,
044759,0,0,0,-9,,,,
044760,0,0,0,-49,,,,
044761,0,0,0,-1,,,,
044763,0,0,0,-12,,,,
044764,0,0,0,-21,,,,
044769,0,0,0,99,,,,
044771,0,0,0,-34,,,,
044773,0,0,0,5,,,,
044775,0,0,0,-10,,,,
044776,0,0,0,142,,,,
044777,0,0,0,-80,,,,
044780,0,0,0,-42,,,,
044783,0,0,0,-12,,,,
044784,0,0,0,-125,,,,
044785,0,0,0,-10,,,,
044786,0,0,0,-68,,,,
044787,0,0,0,-2,,,,
044788,0,0,0,-273,,,,
044789,0,0,0,124,,,,
044790,0,0,0,-71,,,,
044791,0,0,0,-154,,,,
044792,0,0,0,12,,,,
044793,0,0,0,-137,,,,
044796,0,0,0,21,,,,
044797,0,0,0,-9,,,,
044798,0,0,0,4,,,,
044799,0,0,0,-30,,,,
044803,0,0,0,-17,,,,
044805,0,0,0,-67,,,,
044806,0,0,0,33,,,,
044807,0,0,0,14,,,,
044808,0,0,0,65,,,,
044809,0,0,0,66,,,,
044812,0,0,0,98,,,,
044813,0,0,0,-61,,,,
044814,0,0,0,262,,,,
044815,0,0,0,-138,,,,
044817,0,0,0,796,,,,
044818,0,0,0,82,,,,
044819,0,0,0,2,,,,
044820,0,0,0,-5,,,,
044821,0,0,0,57,,,,
044822,0,0,0,268,,,,
044824,0,0,0,212,,,,
044826,0,0,0,2,,,,
044827,0,0,0,-50,,,,
044828,0,0,0,51,,,,
044829,0,0,0,-5,,,,
044830,0,0,0,112,,,,
044832,0,0,0,187,,,,
044833,0,0,0,45,,,,
044834,0,0,0,-6,,,,
044835,0,0,0,121,,,,
044836,0,0,0,50,,,,
044837,0,0,0,93,,,,
044838,0,0,0,178,,,,
044839,0,0,0,183,,,,
044840,0,0,0,279,,,,
044841,0,0,0,-431,,,,
044844,0,0,0,28,,,,
044845,0,0,0,-15,,,,
044846,0,0,0,33,,,,
044848,0,0,0,63,,,,
044849,0,0,0,60,,,,
044850,0,0,0,-10,,,,
044853,0,0,0,-20,,,,
044854,0,0,0,0,,,,
044855,0,0,0,-91,,,,
044858,0,0,0,7,,,,
044859,0,0,0,0,,,,
044860,0,0,0,10,,,,
044862,0,0,0,8,,,,
044863,0,0,0,23,,,,
044864,0,0,0,-10,,,,
044865,0,0,0,-84,,,,
044867,0,0,0,0,,,,
044869,0,0,0,52,,,,
044871,0,0,0,-1,,,,
044872,0,0,0,6,,,,
044873,0,0,0,13,,,,
044874,0,0,0,5,,,,
044875,0,0,0,-148,,,,
044876,0,0,0,-245,,,,
044878,0,0,0,-29,,,,
044879,0,0,0,196,,,,
044880,0,0,0,0,,,,
044881,0,0,0,28,,,,
044882,0,0,0,179,,,,
044884,0,0,0,24,,,,
044885,0,0,0,22,,,,
044888,0,0,0,-482,,,,
044889,0,0,0,30,,,,
044891,0,0,0,5159,,,,
044892,0,0,0,197,,,,
044893,0,0,0,-98,,,,
044895,0,0,0,74,,,,
044898,0,0,0,-1100,,,,
044899,0,0,0,2,,,,
04489U,0,0,0,-6,,,,
044905,0,0,0,-548,,,,
044906,0,0,0,3,,,,
044907,0,0,0,11,,,,
044908,0,0,0,20,,,,
044910,0,0,0,0,,,,
044914,0,0,0,543,,,,
044916,0,0,0,-44,,,,
044917,0,0,0,-349,,,,
044920,0,0,0,-10,,,,
044922,0,0,0,146,,,,
044924,0,0,0,-249,,,,
044925,0,0,0,-515,,,,
044927,0,0,0,11,,,,
044931,0,0,0,485,,,,
044933,0,0,0,-67,,,,
044934,0,0,0,430,,,,
044936,0,0,0,21,,,,
044940,0,0,0,126,,,,
044941,0,0,0,529,,,,
044942,0,0,0,29,,,,
044943,0,0,0,-21,,,,
044944,0,0,0,160,,,,
044945,0,0,0,53,,,,
044946,0,0,0,28,,,,
044947,0,0,0,32,,,,
044948,0,0,0,104,,,,
044949,0,0,0,-1,,,,
044950,0,0,0,-251,,,,
044951,0,0,0,915,,,,
044952,0,0,0,-964,,,,
044953,0,0,0,-14,,,,
044954,0,0,0,-10,,,,
044955,0,0,0,407,,,,
044956,0,0,0,1451,,,,
044957,0,0,0,1687,,,,
044958,0,0,0,-116,,,,
044959,0,0,0,1353,,,,
044960,0,0,0,-8,,,,
044961,0,0,0,-1201,,,,
044962,0,0,0,-814,,,,
044963,0,0,0,-983,,,,
044966,0,0,0,-14,,,,
044967,0,0,0,-42,,,,
044968,0,0,0,-40,,,,
044969,0,0,0,-129,,,,
044970,0,0,0,766,,,,
044971,0,0,0,21,,,,
044972,0,0,0,77,,,,
044973,0,0,0,2336,,,,
044974,0,0,0,104,,,,
044975,0,0,0,5,,,,
044977,0,0,0,38,,,,
044980,0,0,0,-3,,,,
044982,0,0,0,46,,,,
044983,0,0,0,99,,,,
044985,0,0,0,0,,,,
044987,0,0,0,-296,,,,
044989,0,0,0,-31,,,,
044990,0,0,0,-9,,,,
044991,0,0,0,-113,,,,
044992,0,0,0,-55,,,,
044993,0,0,0,-538,,,,
044994,0,0,0,-25,,,,
044996,0,0,0,-5,,,,
044997,0,0,0,-5,,,,
044998,0,0,0,-17,,,,
045001,0,0,0,92,,,,
045002,0,0,0,5,,,,
045003,0,0,0,145,,,,
045004,0,0,0,474,,,,
045006,0,0,0,-80,,,,
045007,0,0,0,1153,,,,
045008,0,0,0,9,,,,
045012,0,0,0,50,,,,
045013,0,0,0,-10,,,,
045014,0,0,0,60,,,,
045015,0,0,0,-317,,,,
045016,0,0,0,133,,,,
045017,0,0,0,367,,,,
045018,0,0,0,272,,,,
045019,0,0,0,235,,,,
045020,0,0,0,-30,,,,
045021,0,0,0,348,,,,
045022,0,0,0,-32,,,,
045023,0,0,0,-2,,,,
045024,0,0,0,-40,,,,
045025,0,0,0,-15,,,,
045026,0,0,0,213,,,,
045027,0,0,0,542,,,,
045028,0,0,0,-113,,,,
045029,0,0,0,-25,,,,
045030,0,0,0,-243,,,,
045031,0,0,0,123,,,,
045032,0,0,0,896,,,,
045033,0,0,0,-151,,,,
045034,0,0,0,-101,,,,
045035,0,0,0,-341,,,,
045038,0,0,0,-7,,,,
045039,0,0,0,-96,,,,
045040,0,0,0,-601,,,,
045041,0,0,0,126,,,,
045042,0,0,0,1412,,,,
045043,0,0,0,-116,,,,
045044,0,0,0,26,,,,
045045,0,0,0,-4,,,,
045046,0,0,0,-115,,,,
045048,0,0,0,-50,,,,
045049,0,0,0,0,,,,
045051,0,0,0,5,,,,
045055,0,0,0,12,,,,
045056,0,0,0,-55,,,,
045057,0,0,0,0,,,,
045058,0,0,0,34,,,,
045059,0,0,0,-2,,,,
045061,0,0,0,22,,,,
045062,0,0,0,-30,,,,
045064,0,0,0,42,,,,
045065,0,0,0,106,,,,
045067,0,0,0,-30,,,,
045068,0,0,0,-60,,,,
045069,0,0,0,-10,,,,
045070,0,0,0,0,,,,
045071,0,0,0,-20,,,,
045073,0,0,0,0,,,,
045074,0,0,0,10,,,,
045075,0,0,0,48,,,,
045076,0,0,0,-96,,,,
045077,0,0,0,56,,,,
045079,0,0,0,-1,,,,
045082,0,0,0,3,,,,
045085,0,0,0,-2,,,,
045086,0,0,0,0,,,,
045088,0,0,0,-48,,,,
045090,0,0,0,34,,,,
045091,0,0,0,91,,,,
045092,0,0,0,4,,,,
045095,0,0,0,-16,,,,
045096,0,0,0,66,,,,
045097,0,0,0,-19,,,,
045098,0,0,0,-19,,,,
045099,0,0,0,-11,,,,
045102,0,0,0,-67,,,,
045103,0,0,0,-613,,,,
045104,0,0,0,-58,,,,
045105,0,0,0,-83,,,,
045107,0,0,0,140,,,,
045108,0,0,0,30,,,,
045109,0,0,0,250,,,,
045110,0,0,0,0,,,,
045113,0,0,0,185,,,,
045114,0,0,0,150,,,,
045115,0,0,0,0,,,,
045118,0,0,0,-516,,,,
045119,0,0,0,250,,,,
045120,0,0,0,-201,,,,
045121,0,0,0,47,,,,
045122,0,0,0,-5,,,,
045124,0,0,0,-20,,,,
045127,0,0,0,2,,,,
045132,0,0,0,-130,,,,
045134,0,0,0,9,,,,
045135,0,0,0,3,,,,
045136,0,0,0,809,,,,
045137,0,0,0,-130,,,,
045138,0,0,0,-44,,,,
045139,0,0,0,151,,,,
045140,0,0,0,-168,,,,
045142,0,0,0,-490,,,,
045144,0,0,0,8,,,,
045145,0,0,0,-16,,,,
045146,0,0,0,3066,,,,
045149,0,0,0,-30,,,,
045151,0,0,0,460,,,,
045152,0,0,0,36,,,,
045153,0,0,0,19,,,,
045154,0,0,0,-187,,,,
045155,0,0,0,72,,,,
045156,0,0,0,-40,,,,
045157,0,0,0,316,,,,
045159,0,0,0,9,,,,
045160,0,0,0,-144,,,,
045162,0,0,0,-26,,,,
045164,0,0,0,1,,,,
045165,0,0,0,64,,,,
045166,0,0,0,70,,,,
045168,0,0,0,-20,,,,
045170,0,0,0,226,,,,
045171,0,0,0,16,,,,
045172,0,0,0,-1,,,,
045173,0,0,0,-431,,,,
045178,0,0,0,-77,,,,
045179,0,0,0,2,,,,
045181,0,0,0,-3,,,,
045182,0,0,0,4,,,,
045183,0,0,0,61,,,,
045185,0,0,0,194,,,,
045187,0,0,0,-157,,,,
045188,0,0,0,62,,,,
045189,0,0,0,-36,,,,
045190,0,0,0,-11,,,,
045191,0,0,0,-400,,,,
045193,0,0,0,-8,,,,
045194,0,0,0,91,,,,
045195,0,0,0,4,,,,
045196,0,0,0,-149,,,,
045197,0,0,0,2,,,,
045198,0,0,0,110,,,,
045199,0,0,0,249,,,,
045200,0,0,0,-61,,,,
045201,0,0,0,-33,,,,
045203,0,0,0,40,,,,
045204,0,0,0,-2,,,,
045205,0,0,0,0,,,,
045206,0,0,0,-30,,,,
045207,0,0,0,17,,,,
045209,0,0,0,-34,,,,
045210,0,0,0,4,,,,
045211,0,0,0,14,,,,
045212,0,0,0,-103,,,,
045214,0,0,0,-136,,,,
045216,0,0,0,-6,,,,
045217,0,0,0,-88,,,,
045219,0,0,0,117,,,,
045220,0,0,0,-30,,,,
045221,0,0,0,342,,,,
045222,0,0,0,10,,,,
045223,0,0,0,4,,,,
045224,0,0,0,43,,,,
045225,0,0,0,-26,,,,
045226,0,0,0,-32,,,,
045227,0,0,0,-837,,,,
045228,0,0,0,260,,,,
045229,0,0,0,370,,,,
045230,0,0,0,441,,,,
045231,0,0,0,393,,,,
045235,0,0,0,-132,,,,
045236,0,0,0,13,,,,
045237,0,0,0,0,,,,
045238,0,0,0,15,,,,
045241,0,0,0,58,,,,
045244,0,0,0,544,,,,
045245,0,0,0,357,,,,
045247,0,0,0,-44,,,,
045248,0,0,0,362,,,,
045251,0,0,0,-149,,,,
045252,0,0,0,-202,,,,
045253,0,0,0,91,,,,
045255,0,0,0,200,,,,
045256,0,0,0,-92,,,,
045257,0,0,0,-8,,,,
045258,0,0,0,-34,,,,
045260,0,0,0,372,,,,
045261,0,0,0,490,,,,
045264,0,0,0,80,,,,
045265,0,0,0,0,,,,
045266,0,0,0,-21,,,,
045267,0,0,0,-4,,,,
045269,0,0,0,774,,,,
045271,0,0,0,-188,,,,
045272,0,0,0,1,,,,
045273,0,0,0,1,,,,
045274,0,0,0,26,,,,
045275,0,0,0,19,,,,
045276,0,0,0,181,,,,
045277,0,0,0,2,,,,
045278,0,0,0,51,,,,
045280,0,0,0,478,,,,
045286,0,0,0,174,,,,
045289,0,0,0,49,,,,
045290,0,0,0,88,,,,
045292,0,0,0,265,,,,
045293,0,0,0,457,,,,
045294,0,0,0,-228,,,,
045295,0,0,0,152,,,,
045296,0,0,0,81,,,,
045299,0,0,0,-3,,,,
045300,0,0,0,9,,,,
045301,0,0,0,-20,,,,
045304,0,0,0,599,,,,
045305,0,0,0,130,,,,
045306,0,0,0,-322,,,,
045307,0,0,0,-342,,,,
045315,0,0,0,-150,,,,
045317,0,0,0,131,,,,
045318,0,0,0,-303,,,,
045319,0,0,0,-53,,,,
045320,0,0,0,-44,,,,
045323,0,0,0,10,,,,
045325,0,0,0,-15,,,,
045326,0,0,0,32,,,,
045328,0,0,0,1,,,,
045332,0,0,0,72,,,,
045333,0,0,0,-6,,,,
045334,0,0,0,50,,,,
045335,0,0,0,0,,,,
045338,0,0,0,85,,,,
045341,0,0,0,35,,,,
045342,0,0,0,-142,,,,
045343,0,0,0,-10,,,,
045344,0,0,0,-40,,,,
045347,0,0,0,2,,,,
045348,0,0,0,34,,,,
045350,0,0,0,14,,,,
045351,0,0,0,71,,,,
045352,0,0,0,-1,,,,
045353,0,0,0,8,,,,
045354,0,0,0,-1,,,,
045355,0,0,0,-20,,,,
045356,0,0,0,17,,,,
045357,0,0,0,73,,,,
045359,0,0,0,0,,,,
045360,0,0,0,0,,,,
045361,0,0,0,122,,,,
045363,0,0,0,4,,,,
045364,0,0,0,131,,,,
045365,0,0,0,0,,,,
045367,0,0,0,3,,,,
045369,0,0,0,-200,,,,
045371,0,0,0,11,,,,
045373,0,0,0,0,,,,
045374,0,0,0,-21,,,,
045376,0,0,0,-3,,,,
045377,0,0,0,400,,,,
045381,0,0,0,-568,,,,
045383,0,0,0,-50,,,,
045384,0,0,0,19,,,,
045387,0,0,0,73,,,,
045388,0,0,0,-38,,,,
045391,0,0,0,-155,,,,
045392,0,0,0,99,,,,
045393,0,0,0,249,,,,
045396,0,0,0,-28,,,,
045398,0,0,0,-1,,,,
045401,0,0,0,-5,,,,
045402,0,0,0,38,,,,
045403,0,0,0,80,,,,
045404,0,0,0,35,,,,
045405,0,0,0,0,,,,
045406,0,0,0,19,,,,
045409,0,0,0,2,,,,
045411,0,0,0,-1,,,,
045413,0,0,0,1,,,,
045415,0,0,0,-1,,,,
045418,0,0,0,7,,,,
045419,0,0,0,87,,,,
045420,0,0,0,-3,,,,
045424,0,0,0,-10,,,,
045425,0,0,0,39,,,,
045426,0,0,0,117,,,,
045427,0,0,0,-111,,,,
045429,0,0,0,-9,,,,
045430,0,0,0,0,,,,
045431,0,0,0,-42,,,,
045432,0,0,0,8,,,,
045433,0,0,0,21,,,,
045437,0,0,0,552,,,,
045438,0,0,0,-2,,,,
045439,0,0,0,269,,,,
045440,0,0,0,522,,,,
045444,0,0,0,277,,,,
045445,0,0,0,8,,,,
045446,0,0,0,-251,,,,
045447,0,0,0,-342,,,,
045448,0,0,0,-10,,,,
045449,0,0,0,-43,,,,
045450,0,0,0,-20,,,,
045451,0,0,0,-48,,,,
045452,0,0,0,-1,,,,
045454,0,0,0,1157,,,,
045455,0,0,0,-49,,,,
045456,0,0,0,-204,,,,
045457,0,0,0,-119,,,,
045458,0,0,0,-168,,,,
045459,0,0,0,-650,,,,
045460,0,0,0,-44,,,,
045463,0,0,0,18,,,,
045464,0,0,0,-11,,,,
045465,0,0,0,-5,,,,
045467,0,0,0,-5,,,,
045469,0,0,0,18,,,,
045470,0,0,0,137,,,,
045471,0,0,0,-1033,,,,
045472,0,0,0,-42,,,,
045473,0,0,0,-3,,,,
045474,0,0,0,2,,,,
045476,0,0,0,321,,,,
045483,0,0,0,18,,,,
045484,0,0,0,255,,,,
045486,0,0,0,-4,,,,
045487,0,0,0,8,,,,
045488,0,0,0,99,,,,
045489,0,0,0,198,,,,
045490,0,0,0,395,,,,
045491,0,0,0,28,,,,
045492,0,0,0,19,,,,
045493,0,0,0,-4,,,,
045495,0,0,0,-1,,,,
045496,0,0,0,0,,,,
045497,0,0,0,5,,,,
045498,0,0,0,12,,,,
045499,0,0,0,3,,,,
045500,0,0,0,-59,,,,
045501,0,0,0,47,,,,
045502,0,0,0,770,,,,
045503,0,0,0,-13,,,,
045504,0,0,0,100,,,,
045506,0,0,0,0,,,,
045507,0,0,0,57,,,,
045508,0,0,0,0,,,,
045509,0,0,0,6,,,,
045510,0,0,0,134,,,,
045511,0,0,0,-1,,,,
045512,0,0,0,53,,,,
045513,0,0,0,-20,,,,
045514,10,0,0,-21,,,,
045515,0,0,0,-6,,,,
045517,0,0,0,18,,,,
045520,0,0,0,25,,,,
045523,0,0,0,-21,,,,
045524,0,0,0,235,,,,
045525,0,0,0,629,,,,
045531,0,0,0,100,,,,
045532,0,0,0,-2,,,,
045533,0,0,0,16,,,,
045535,0,0,0,40,,,,
045536,0,0,0,-5,,,,
045539,0,0,0,3,,,,
045542,0,0,0,66,,,,
045543,0,0,0,32,,,,
045544,0,0,0,-448,,,,
045547,0,0,0,0,,,,
045548,0,0,0,28,,,,
045549,0,0,0,45,,,,
045550,0,0,0,-66,,,,
045552,0,0,0,270,,,,
045555,0,0,0,-137,,,,
045556,0,0,0,45,,,,
045557,0,0,0,11,,,,
045559,0,0,0,13,,,,
045561,0,0,0,-50,,,,
045562,0,0,0,26,,,,
045564,0,0,0,48,,,,
045566,0,0,0,0,,,,
045567,0,0,0,37,,,,
045568,0,0,0,-22,,,,
045569,0,0,0,1,,,,
045570,0,0,0,-9,,,,
045571,0,0,0,-5,,,,
045572,0,0,0,28,,,,
045573,0,0,0,33,,,,
045574,0,0,0,-207,,,,
045575,0,0,0,97,,,,
045581,0,0,0,3397,,,,
045582,0,0,0,1713,,,,
045584,0,0,0,-605,,,,
045585,0,0,0,501,,,,
045588,0,0,0,36,,,,
045589,0,0,0,100,,,,
045590,0,0,0,-30,,,,
045591,0,0,0,-7,,,,
045595,0,0,0,-10,,,,
045596,0,0,0,10,,,,
045597,0,0,0,-8,,,,
045598,0,0,0,-13,,,,
045599,0,0,0,22,,,,
045602,0,0,0,151,,,,
045603,0,0,0,109,,,,
045604,0,0,0,45,,,,
045607,0,0,0,-76,,,,
045608,0,0,0,379,,,,
04560U,0,0,0,-10,,,,
045613,0,0,0,-667,,,,
045614,0,0,0,-22,,,,
045615,0,0,0,1,,,,
045616,0,0,0,79,,,,
045618,0,0,0,-146,,,,
045620,0,0,0,-24,,,,
045622,0,0,0,448,,,,
045624,0,0,0,-30,,,,
045625,0,0,0,-101,,,,
045626,0,0,0,761,,,,
045628,0,0,0,1038,,,,
045631,0,0,0,-5,,,,
045632,0,0,0,820,,,,
045633,0,0,0,547,,,,
045635,0,0,0,-31,,,,
045636,0,0,0,2,,,,
045639,0,0,0,3,,,,
045640,0,0,0,86,,,,
045641,0,0,0,124,,,,
045642,0,0,0,13,,,,
045643,0,0,0,-73,,,,
045644,0,0,0,425,,,,
045645,0,0,0,20,,,,
045647,0,0,0,304,,,,
045649,0,0,0,15,,,,
045656,-10,0,0,-15,,,,
045658,0,0,0,-11,,,,
045660,0,0,0,-5,,,,
045662,0,0,0,3,,,,
045663,0,0,0,-121,,,,
045664,0,0,0,333,,,,
045667,0,0,0,18,,,,
045668,0,0,0,-15,,,,
045671,0,0,0,5,,,,
045673,0,0,0,27,,,,
045674,0,0,0,-27,,,,
045676,0,0,0,-45,,,,
045677,0,0,0,-25,,,,
045678,0,0,0,-148,,,,
045679,0,0,0,135,,,,
045684,0,0,0,6,,,,
045685,0,0,0,0,,,,
045686,0,0,0,109,,,,
045688,0,0,0,143,,,,
045689,0,0,0,269,,,,
045690,0,0,0,-20,,,,
045691,0,0,0,-96,,,,
045692,0,0,0,338,,,,
045693,0,0,0,161,,,,
045694,0,0,0,131,,,,
045695,0,0,0,5,,,,
045696,0,0,0,-54,,,,
045697,0,0,0,-40,,,,
045698,0,0,0,28,,,,
045700,0,0,0,-25,,,,
045704,0,0,0,-17,,,,
045705,0,0,0,-14,,,,
045706,0,0,0,0,,,,
045708,0,0,0,9,,,,
045709,0,0,0,34,,,,
04570U,0,0,0,-20,,,,
045710,0,0,0,95,,,,
045711,0,0,0,4,,,,
045712,0,0,0,-1,,,,
045713,0,0,0,8,,,,
045714,0,0,0,-5,,,,
045715,0,0,0,150,,,,
045717,0,0,0,9,,,,
045718,0,0,0,0,,,,
045720,0,0,0,162,,,,
045721,0,0,0,15,,,,
045722,0,0,0,114,,,,
045724,0,0,0,48,,,,
045727,0,0,0,-2,,,,
045730,0,0,0,9,,,,
045731,0,0,0,-30,,,,
045733,0,0,0,-21,,,,
045734,0,0,0,-70,,,,
045739,0,0,0,11,,,,
045740,0,0,0,0,,,,
045741,0,0,0,-6,,,,
045742,0,0,0,191,,,,
045743,0,0,0,4,,,,
045745,0,0,0,74,,,,
045746,0,0,0,105,,,,
045747,0,0,0,10,,,,
045748,0,0,0,8,,,,
045750,0,0,0,33,,,,
045751,0,0,0,245,,,,
045754,0,0,0,-60,,,,
045757,0,0,0,255,,,,
045758,0,0,0,243,,,,
045760,0,0,0,10,,,,
045762,0,0,0,-3,,,,
045763,0,0,0,-1,,,,
045764,0,0,0,-5,,,,
045765,0,0,0,12,,,,
045766,0,0,0,11,,,,
045770,0,0,0,1,,,,
045771,0,0,0,-9,,,,
045772,0,0,0,24,,,,
045773,0,0,0,-20,,,,
045775,0,0,0,-5,,,,
045776,0,0,0,4,,,,
045780,0,0,0,-188,,,,
045781,0,0,0,208,,,,
045782,0,0,0,24,,,,
045783,0,0,0,-53,,,,
045784,0,0,0,52,,,,
045785,0,0,0,-122,,,,
045787,0,0,0,-3,,,,
045788,0,0,0,25,,,,
045789,0,0,0,1576,,,,
045790,0,0,0,-501,,,,
045791,0,0,0,485,,,,
045792,0,0,0,392,,,,
045793,0,0,0,37,,,,
045795,0,0,0,-700,,,,
045797,0,0,0,-1,,,,
045800,0,0,0,-147,,,,
045801,0,0,0,-4,,,,
045802,0,0,0,220,,,,
045803,0,0,0,4449,,,,
045805,0,0,0,58,,,,
045806,0,0,0,6,,,,
045807,0,0,0,0,,,,
045809,0,0,0,-17,,,,
045813,0,0,0,40,,,,
045814,0,0,0,0,,,,
045815,0,0,0,32,,,,
045817,0,0,0,0,,,,
045818,0,0,0,21,,,,
045820,0,0,0,4,,,,
045823,0,0,0,0,,,,
045824,0,0,0,11,,,,
045825,0,0,0,-111,,,,
045826,0,0,0,0,,,,
045827,0,0,0,-167,,,,
04582U,0,0,0,8,,,,
045830,0,0,0,468,,,,
045831,0,0,0,-31,,,,
045833,0,0,0,-80,,,,
045834,0,0,0,5,,,,
045835,0,0,0,10,,,,
045836,0,0,0,35,,,,
045839,0,0,0,0,,,,
045840,0,0,0,-23,,,,
045842,0,0,0,296,,,,
045849,0,0,0,0,,,,
045850,0,0,0,14,,,,
045851,0,0,0,-10,,,,
045853,0,0,0,125,,,,
045855,0,0,0,-7,,,,
045856,0,0,0,65,,,,
045857,0,0,0,-5,,,,
045858,0,0,0,-3,,,,
045859,0,0,0,115,,,,
045860,0,0,0,139,,,,
045861,0,0,0,-3,,,,
045862,0,0,0,-5,,,,
045865,0,0,0,-20,,,,
045866,0,0,0,15,,,,
045867,0,0,0,-12,,,,
045868,0,0,0,0,,,,
045873,0,0,0,30,,,,
045874,0,0,0,-32,,,,
045877,0,0,0,-120,,,,
045879,0,0,0,41,,,,
045881,0,0,0,-40,,,,
045884,0,0,0,111,,,,
045886,0,0,0,-10,,,,
045889,0,0,0,42,,,,
045891,0,0,0,-21,,,,
045892,0,0,0,120,,,,
045893,0,0,0,35,,,,
045894,0,0,0,6,,,,
045895,0,0,0,-30,,,,
045896,0,0,0,-2,,,,
045897,0,0,0,124,,,,
045898,0,0,0,-26,,,,
045903,0,0,0,-16,,,,
045904,0,0,0,28,,,,
045907,0,0,0,417,,,,
045908,0,0,0,29,,,,
045909,0,0,0,-15,,,,
045911,0,0,0,351,,,,
045912,0,0,0,29,,,,
045913,0,0,0,185,,,,
045914,0,0,0,48,,,,
045916,0,0,0,-25,,,,
045917,0,0,0,2,,,,
045918,0,0,0,-11,,,,
045920,0,0,0,-40,,,,
045921,0,0,0,-5,,,,
045926,0,0,0,414,,,,
045927,0,0,0,0,,,,
045928,0,0,0,172,,,,
045930,0,0,0,-12,,,,
045931,0,0,0,-42,,,,
045932,0,0,0,-109,,,,
045933,0,0,0,2,,,,
045936,0,0,0,62,,,,
045937,0,0,0,-30,,,,
045939,0,0,0,81,,,,
045940,0,0,0,-117,,,,
045941,0,0,0,580,,,,
045942,0,0,0,61,,,,
045943,0,0,0,45,,,,
045944,0,0,0,35,,,,
045945,0,0,0,-148,,,,
045946,0,0,0,-29,,,,
045947,0,0,0,-14,,,,
045948,0,0,0,-2,,,,
045949,0,0,0,-40,,,,
045950,0,0,0,13,,,,
045951,0,0,0,-108,,,,
045952,0,0,0,-23,,,,
045953,0,0,0,334,,,,
045954,0,0,0,-276,,,,
045955,0,0,0,365,,,,
045958,0,0,0,-821,,,,
045959,0,0,0,100,,,,
045960,0,0,0,6,,,,
045961,0,0,0,-4,,,,
045962,0,0,0,60,,,,
045964,0,0,0,84,,,,
045969,0,0,0,-118,,,,
045970,0,0,0,0,,,,
045971,0,0,0,20,,,,
045972,0,0,0,-14,,,,
045973,0,0,0,-50,,,,
045976,0,0,0,1247,,,,
045977,0,0,0,-57,,,,
045980,0,0,0,-26,,,,
045982,0,0,0,-20,,,,
045984,0,0,0,-265,,,,
045985,0,0,0,2,,,,
045986,0,0,0,-27,,,,
045990,0,0,0,52,,,,
045995,0,0,0,-46,,,,
045996,0,0,0,10,,,,
045997,0,0,0,3,,,,
045998,0,0,0,24,,,,
045999,0,0,0,43,,,,
046002,0,0,0,-41,,,,
046003,0,0,0,0,,,,
046005,0,0,0,31,,,,
046006,0,0,0,-4,,,,
046010,0,0,0,4,,,,
046011,0,0,0,20,,,,
046012,0,0,0,28,,,,
046013,0,0,0,22,,,,
046014,0,0,0,44,,,,
046015,0,0,0,-250,,,,
046016,0,0,0,-42,,,,
046019,0,0,0,254,,,,
046021,0,0,0,12,,,,
046024,0,0,0,-118,,,,
046025,0,0,0,32,,,,
046027,0,0,0,-15,,,,
046028,0,0,0,-2,,,,
046029,0,0,0,330,,,,
046031,0,0,0,215,,,,
046034,0,0,0,-2,,,,
046036,0,0,0,-238,,,,
046039,0,0,0,-9,,,,
046040,0,0,0,155,,,,
046041,0,0,0,348,,,,
046042,0,0,0,1293,,,,
046044,0,0,0,257,,,,
046045,0,0,0,-96,,,,
046046,0,0,0,-82,,,,
046047,0,0,0,285,,,,
046048,0,0,0,-780,,,,
046049,0,0,0,80,,,,
046050,0,0,0,-19,,,,
046052,0,0,0,87,,,,
046054,0,0,0,13,,,,
046055,0,0,0,-17,,,,
046057,0,0,0,36,,,,
046058,0,0,0,0,,,,
046059,0,0,0,1,,,,
046060,0,0,0,-18,,,,
046061,0,0,0,-73,,,,
046063,0,0,0,33,,,,
046064,0,0,0,50,,,,
046067,0,0,0,-50,,,,
046068,0,0,0,40,,,,
046069,0,0,0,97,,,,
046070,0,0,0,0,,,,
046073,0,0,0,-22,,,,
046074,0,0,0,10,,,,
046075,0,0,0,-8,,,,
046076,0,0,0,314,,,,
046077,0,0,0,0,,,,
046078,0,0,0,529,,,,
046079,0,0,0,31,,,,
046080,0,0,0,45,,,,
046081,0,0,0,-19,,,,
046082,0,0,0,77,,,,
046085,0,0,0,34,,,,
046086,0,0,0,10,,,,
046087,0,0,0,29,,,,
046089,0,0,0,-20,,,,
046090,0,0,0,-2,,,,
046091,0,0,0,142,,,,
046092,0,0,0,-153,,,,
046093,0,0,0,-20,,,,
046094,0,0,0,-25,,,,
046095,0,0,0,0,,,,
046096,0,0,0,0,,,,
046097,0,0,0,-24,,,,
046098,0,0,0,142,,,,
046099,0,0,0,-15,,,,
046100,0,0,0,-103,,,,
046101,0,0,0,10,,,,
046102,0,0,0,1,,,,
046104,0,0,0,9,,,,
046105,0,0,0,-12,,,,
046106,0,0,0,-1,,,,
046107,0,0,0,45,,,,
046108,0,0,0,-2,,,,
046109,0,0,0,221,,,,
046110,0,0,0,-116,,,,
046111,0,0,0,41,,,,
046112,0,0,0,118,,,,
046114,0,0,0,144,,,,
046117,0,0,0,0,,,,
046118,0,0,0,1,,,,
046119,0,0,0,3,,,,
046120,0,0,0,127,,,,
046121,0,0,0,-16,,,,
046122,0,0,0,39,,,,
046125,0,0,0,-159,,,,
046126,0,0,0,-450,,,,
046127,0,0,0,5,,,,
046128,0,0,0,106,,,,
046129,0,0,0,82,,,,
046130,0,0,0,128,,,,
046131,0,0,0,-135,,,,
046133,0,0,0,-9,,,,
046134,0,0,0,-20,,,,
046136,0,0,0,-50,,,,
046140,0,0,0,24,,,,
046141,0,0,0,-391,,,,
046143,0,0,0,9,,,,
046144,0,0,0,-7,,,,
046145,0,0,0,-97,,,,
046148,0,0,0,-34,,,,
046150,0,0,0,113,,,,
046151,0,0,0,15,,,,
046153,0,0,0,-158,,,,
046156,0,0,0,203,,,,
046157,0,0,0,-64,,,,
046159,0,0,0,0,,,,
046160,0,0,0,-29,,,,
046161,0,0,0,-37,,,,
046162,0,0,0,52,,,,
046163,0,0,0,896,,,,
046164,0,0,0,183,,,,
046171,0,0,0,481,,,,
046172,0,0,0,6,,,,
046173,0,0,0,-18,,,,
046174,0,0,0,-5,,,,
046175,0,0,0,52,,,,
046178,0,0,0,10,,,,
046181,0,0,0,99,,,,
046182,0,0,0,-30,,,,
046184,0,0,0,49,,,,
046185,0,0,0,34,,,,
046186,0,0,0,-29,,,,
046188,0,0,0,-20,,,,
046189,0,0,0,-1,,,,
046192,0,0,0,284,,,,
046193,0,0,0,-27,,,,
046196,0,0,0,87,,,,
046197,0,0,0,157,,,,
046198,0,0,0,275,,,,
046199,0,0,0,195,,,,
046200,0,0,0,-3,,,,
046201,0,0,0,-41,,,,
046202,0,0,0,90,,,,
046209,0,0,0,64,,,,
046210,0,0,0,27,,,,
046211,0,0,0,254,,,,
046212,0,0,0,134,,,,
046213,0,0,0,-39,,,,
046214,0,0,0,-104,,,,
046218,0,0,0,317,,,,
046219,0,0,0,71,,,,
046220,0,0,0,-72,,,,
046222,0,0,0,190,,,,
046223,0,0,0,14,,,,
046224,0,0,0,-81,,,,
046225,0,0,0,50,,,,
046227,0,0,0,80,,,,
046228,0,0,0,-1,,,,
046229,0,0,0,6,,,,
046230,0,0,0,0,,,,
046232,0,0,0,6,,,,
046234,0,0,0,-17,,,,
046235,0,0,0,2,,,,
046236,0,0,0,120,,,,
046241,0,0,0,-31,,,,
046242,0,0,0,-88,,,,
046243,0,0,0,-23,,,,
046249,0,0,0,140,,,,
046250,0,0,0,-42,,,,
046252,0,0,0,-638,,,,
046253,0,0,0,103,,,,
046255,0,0,0,60,,,,
046256,0,0,0,28,,,,
046257,0,0,0,98,,,,
046258,0,0,0,71,,,,
046259,0,0,0,116,,,,
046260,0,0,0,22,,,,
046261,0,0,0,-24,,,,
046262,0,0,0,0,,,,
046265,0,0,0,10,,,,
046266,0,0,0,235,,,,
046268,0,0,0,-14,,,,
046269,0,0,0,-15,,,,
04626U,0,0,0,1,,,,
046270,0,0,0,-2120,,,,
046278,0,0,0,-295,,,,
046279,0,0,0,4,,,,
046280,0,0,0,-196,,,,
046281,0,0,0,-50,,,,
046282,0,0,0,-10,,,,
046283,0,0,0,-14,,,,
046285,0,0,0,111,,,,
046286,0,0,0,-46,,,,
046287,0,0,0,48,,,,
046288,0,0,0,61,,,,
046289,0,0,0,-3,,,,
046290,0,0,0,181,,,,
046292,0,0,0,-7,,,,
046293,0,0,0,-22,,,,
046294,0,0,0,-161,,,,
046295,0,0,0,-1,,,,
046296,0,0,0,391,,,,
046297,0,0,0,483,,,,
046298,0,0,0,-169,,,,
046300,0,0,0,0,,,,
046301,0,0,0,-40,,,,
046303,0,0,0,84,,,,
046305,0,0,0,-220,,,,
046306,0,0,0,38,,,,
046307,0,0,0,104,,,,
046308,0,0,0,-10,,,,
046309,0,0,0,-51,,,,
046312,0,0,0,-43,,,,
046313,0,0,0,1358,,,,
046314,0,0,0,116,,,,
046315,0,0,0,-22,,,,
046319,0,0,0,-1,,,,
046320,0,0,0,0,,,,
046321,0,0,0,1,,,,
046322,0,0,0,15,,,,
046323,0,0,0,20,,,,
046325,0,0,0,9,,,,
046326,0,0,0,64,,,,
046328,0,0,0,-79,,,,
046329,0,0,0,9,,,,
046330,0,0,0,40,,,,
046332,0,0,0,13,,,,
046333,0,0,0,6,,,,
046334,0,0,0,23,,,,
046335,0,0,0,-721,,,,
046336,0,0,0,-22,,,,
046338,0,0,0,18,,,,
046339,0,0,0,360,,,,
046340,0,0,0,-3,,,,
046341,0,0,0,-43,,,,
046344,0,0,0,-26,,,,
046345,0,0,0,0,,,,
046347,0,0,0,1,,,,
046349,0,0,0,-3,,,,
046350,0,0,0,0,,,,
046351,0,0,0,47,,,,
046353,0,0,0,382,,,,
046355,0,0,0,-35,,,,
046356,0,0,0,5,,,,
046357,0,0,0,296,,,,
046358,0,0,0,35,,,,
046359,0,0,0,51,,,,
046360,0,0,0,-24,,,,
046361,0,0,0,50,,,,
046362,0,0,0,-398,,,,
046363,0,0,0,-61,,,,
046364,0,0,0,-29,,,,
046365,0,0,0,33,,,,
046366,0,0,0,48,,,,
046367,0,0,0,124,,,,
046368,0,0,0,11,,,,
046369,0,0,0,-19,,,,
046370,0,0,0,40,,,,
046371,0,0,0,-161,,,,
046374,0,0,0,72,,,,
046375,0,0,0,-10,,,,
046376,0,0,0,110,,,,
046377,0,0,0,-45,,,,
046378,0,0,0,-50,,,,
046379,0,0,0,40,,,,
046380,0,0,0,257,,,,
046381,0,0,0,-50,,,,
046382,0,0,0,203,,,,
046384,0,0,0,-55,,,,
046386,0,0,0,58,,,,
046388,0,0,0,-3,,,,
04638U,0,0,0,20,,,,
046390,0,0,0,0,,,,
046392,0,0,0,-7,,,,
046393,0,0,0,-2,,,,
046394,0,0,0,49,,,,
046395,0,0,0,-10,,,,
046396,0,0,0,5,,,,
046397,0,0,0,28,,,,
046398,0,0,0,8,,,,
046400,0,0,0,0,,,,
046401,0,0,0,-2,,,,
046403,0,0,0,-1,,,,
046404,0,0,0,10,,,,
046405,0,0,0,-1,,,,
046407,0,0,0,11,,,,
046408,0,0,0,122,,,,
046409,0,0,0,57,,,,
046410,0,0,0,-22,,,,
046412,0,0,0,-43,,,,
046415,0,0,0,0,,,,
046416,0,0,0,-3,,,,
046417,0,0,0,180,,,,
046419,0,0,0,63,,,,
046420,0,0,0,22,,,,
046421,0,0,0,5,,,,
046422,0,0,0,27,,,,
046423,0,0,0,55,,,,
046428,0,0,0,-6,,,,
046429,0,0,0,-40,,,,
046430,0,0,0,-97,,,,
046435,0,0,0,25,,,,
046436,0,0,0,-14,,,,
046437,0,0,0,60,,,,
046438,0,0,0,5,,,,
046441,0,0,0,60,,,,
046442,0,0,0,-1,,,,
046443,0,0,0,-39,,,,
046451,0,0,0,47,,,,
046453,0,0,0,-52,,,,
046458,0,0,0,8,,,,
046464,0,0,0,-10,,,,
046465,0,0,0,198,,,,
046466,0,0,0,56,,,,
046468,0,0,0,8,,,,
046471,0,0,0,-16,,,,
046472,0,0,0,82,,,,
046473,0,0,0,-17,,,,
046474,0,0,0,-86,,,,
046477,0,0,0,-108,,,,
046478,0,0,0,1,,,,
046479,0,0,0,10,,,,
046480,0,0,0,-64,,,,
046481,0,0,0,-5,,,,
046484,0,0,0,-52,,,,
046485,0,0,0,5,,,,
046486,0,0,0,165,,,,
046487,0,0,0,42,,,,
046488,0,0,0,-2,,,,
046489,0,0,0,65,,,,
046491,0,0,0,326,,,,
046492,0,0,0,215,,,,
046493,0,0,0,-166,,,,
046494,0,0,0,-792,,,,
046495,0,0,0,86,,,,
046499,0,0,0,-408,,,,
046500,0,0,0,57,,,,
046502,0,0,0,0,,,,
046505,0,0,0,0,,,,
046506,0,0,0,-14,,,,
046507,0,0,0,0,,,,
046508,0,0,0,-56,,,,
046510,0,0,0,-215,,,,
046514,0,0,0,-21,,,,
046515,0,0,0,1,,,,
046516,0,0,0,-242,,,,
046517,0,0,0,23,,,,
046518,0,0,0,-9,,,,
046519,0,0,0,-3,,,,
046520,0,0,0,237,,,,
046521,0,0,0,-53,,,,
046522,0,0,0,56,,,,
046523,0,0,0,-201,,,,
046524,0,0,0,273,,,,
046525,0,0,0,40,,,,
046527,0,0,0,-21,,,,
046528,0,0,0,310,,,,
046529,0,0,0,-157,,,,
046530,0,0,0,55,,,,
046531,0,0,0,5,,,,
046532,0,0,0,-1,,,,
046534,0,0,0,-7,,,,
046535,0,0,0,-119,,,,
046537,0,0,0,81,,,,
046538,0,0,0,40,,,,
046539,0,0,0,114,,,,
046540,0,0,0,-10,,,,
046541,0,0,0,800,,,,
046542,0,0,0,820,,,,
046543,0,0,0,-169,,,,
046544,0,0,0,17,,,,
046545,0,0,0,-805,,,,
046547,0,0,0,-718,,,,
046548,0,0,0,-77,,,,
046549,0,0,0,-125,,,,
046550,0,0,0,58,,,,
046551,0,0,0,-698,,,,
046552,0,0,0,296,,,,
046553,0,0,0,-844,,,,
046554,0,0,0,9,,,,
046555,0,0,0,240,,,,
046556,0,0,0,-966,,,,
046559,0,0,0,84,,,,
046560,0,0,0,98,,,,
046561,0,0,0,25,,,,
046562,0,0,0,46,,,,
046564,0,0,0,89,,,,
046565,0,0,0,-193,,,,
046566,0,0,0,37,,,,
046567,0,0,0,5,,,,
046568,0,0,0,10,,,,
046569,0,0,0,-15,,,,
046570,0,0,0,227,,,,
046571,0,0,0,-5,,,,
046573,0,0,0,-47,,,,
046574,0,0,0,30,,,,
046576,0,0,0,-26,,,,
046577,0,0,0,64,,,,
046578,0,0,0,1002,,,,
046579,0,0,0,-86,,,,
046580,0,0,0,-5,,,,
046581,0,0,0,-4,,,,
046582,0,0,0,89,,,,
046584,0,0,0,16,,,,
046585,0,0,0,172,,,,
046586,0,0,0,3,,,,
046587,0,0,0,7,,,,
046588,0,0,0,-66,,,,
046589,0,0,0,10,,,,
046590,0,0,0,0,,,,
046591,0,0,0,-20,,,,
046593,0,0,0,36,,,,
046595,0,0,0,17,,,,
046596,0,0,0,20,,,,
046598,0,0,0,20,,,,
046599,0,0,0,22,,,,
046600,0,0,0,188,,,,
046601,0,0,0,-11,,,,
046607,0,0,0,1,,,,
046608,0,0,0,166,,,,
046611,0,0,0,-60,,,,
046612,0,0,0,0,,,,
046613,0,0,0,16,,,,
046614,0,0,0,129,,,,
046616,0,0,0,-30,,,,
046618,0,0,0,0,,,,
046619,0,0,0,-21,,,,
046620,0,0,0,24,,,,
046621,0,0,0,200,,,,
046622,0,0,0,1,,,,
046623,0,0,0,0,,,,
046624,0,0,0,-11,,,,
046625,0,0,0,95,,,,
046626,0,0,0,7,,,,
046627,0,0,0,12,,,,
046628,0,0,0,1011,,,,
046630,0,0,0,1,,,,
046631,0,0,0,27,,,,
046632,0,0,0,-24,,,,
046633,0,0,0,0,,,,
046634,0,0,0,115,,,,
046635,0,0,0,-64,,,,
046636,0,0,0,53,,,,
046638,0,0,0,-7,,,,
046639,0,0,0,7,,,,
046641,0,0,0,82,,,,
046642,0,0,0,-299,,,,
046644,0,0,0,-771,,,,
046645,0,0,0,0,,,,
046646,0,0,0,66,,,,
046648,0,0,0,-58,,,,
046652,0,0,0,-10,,,,
046653,0,0,0,-405,,,,
046655,0,0,0,-86,,,,
046656,0,0,0,-5,,,,
046657,0,0,0,383,,,,
046658,0,0,0,2,,,,
046660,0,0,0,6,,,,
046662,0,0,0,150,,,,
046666,0,0,0,62,,,,
046667,0,0,0,25,,,,
046668,0,0,0,-368,,,,
046669,0,0,0,37,,,,
046670,0,0,0,2,,,,
046676,0,0,0,-60,,,,
046679,0,0,0,24,,,,
046680,0,0,0,144,,,,
046681,0,0,0,344,,,,
046682,0,0,0,25,,,,
046683,0,0,0,-50,,,,
046684,0,0,0,-3,,,,
046685,0,0,0,-2,,,,
046686,0,0,0,-71,,,,
046687,0,0,0,135,,,,
046688,0,0,0,-1,,,,
046689,0,0,0,303,,,,
046693,0,0,0,-84,,,,
046697,0,0,0,-2,,,,
046699,0,0,0,-268,,,,
046701,0,0,0,26,,,,
046702,0,0,0,-31,,,,
046703,0,0,0,637,,,,
046704,0,0,0,-11,,,,
046707,0,0,0,8,,,,
046708,0,0,0,390,,,,
046709,0,0,0,-29,,,,
046710,0,0,0,-56,,,,
046711,0,0,0,70,,,,
046712,0,0,0,0,,,,
046714,0,0,0,1,,,,
046715,0,0,0,-242,,,,
046720,0,0,0,-6,,,,
046722,0,0,0,41,,,,
046725,0,0,0,14,,,,
046726,0,0,0,36,,,,
046727,0,0,0,-23,,,,
04672U,0,0,0,2,,,,
046732,0,0,0,100,,,,
046734,0,0,0,-17,,,,
046736,0,0,0,65,,,,
046741,0,0,0,219,,,,
046742,0,0,0,13,,,,
046743,0,0,0,5,,,,
046744,0,0,0,-229,,,,
046747,0,0,0,-47,,,,
046748,0,0,0,-101,,,,
046749,0,0,0,66,,,,
046751,0,0,0,15,,,,
046753,0,0,0,177,,,,
046754,0,0,0,-1,,,,
046755,0,0,0,-50,,,,
046756,0,0,0,-45,,,,
046758,0,0,0,-268,,,,
046759,0,0,0,-17,,,,
04675U,0,0,0,-95,,,,
046760,0,0,0,-2041,,,,
046761,0,0,0,-3,,,,
046762,0,0,0,-188,,,,
046763,0,0,0,48,,,,
046764,0,0,0,-10,,,,
046765,0,0,0,153,,,,
046766,0,0,0,-44,,,,
046767,0,0,0,75,,,,
046768,0,0,0,120,,,,
046770,0,0,0,-73,,,,
046774,0,0,0,-47,,,,
046775,0,0,0,142,,,,
046776,0,0,0,269,,,,
046777,0,0,0,-1,,,,
046779,0,0,0,-30,,,,
046780,0,0,0,24,,,,
046781,0,0,0,-168,,,,
046782,0,0,0,-251,,,,
046783,0,0,0,-72,,,,
046785,0,0,0,-99,,,,
046786,0,0,0,438,,,,
046787,0,0,0,171,,,,
046788,0,0,0,2,,,,
046789,0,0,0,-64,,,,
046790,0,0,0,-4,,,,
046791,0,0,0,10,,,,
046792,0,0,0,42,,,,
046794,0,0,0,-91,,,,
046795,0,0,0,-50,,,,
046796,0,0,0,-46,,,,
046797,0,0,0,1,,,,
046798,0,0,0,-83,,,,
046799,0,0,0,43,,,,
046800,0,0,0,-49,,,,
046803,0,0,0,-164,,,,
046804,0,0,0,168,,,,
046805,0,0,0,178,,,,
046806,0,0,0,-30,,,,
046807,0,0,0,31,,,,
046808,0,0,0,-52,,,,
046809,0,0,0,22,,,,
046810,0,0,0,-19,,,,
046811,0,0,0,-94,,,,
046812,0,0,0,-32,,,,
046813,0,0,0,-334,,,,
046814,0,0,0,51,,,,
046815,0,0,0,171,,,,
046816,0,0,0,98,,,,
046817,0,0,0,-126,,,,
046818,0,0,0,-5,,,,
046820,0,0,0,84,,,,
046821,0,0,0,164,,,,
046824,0,0,0,-19,,,,
046825,0,0,0,22,,,,
046826,0,0,0,0,,,,
046827,0,0,0,0,,,,
046829,0,0,0,-2,,,,
046830,0,0,0,177,,,,
046831,0,0,0,0,,,,
046832,0,0,0,-2,,,,
046833,-200,0,0,328,,,,
046834,0,0,0,-40,,,,
046835,0,0,0,0,,,,
046836,0,0,0,-11,,,,
046838,0,0,0,-80,,,,
046839,0,0,0,-73,,,,
046841,0,0,0,67,,,,
046844,0,0,0,-51,,,,
046846,0,0,0,85,,,,
046847,0,0,0,-2,,,,
046848,0,0,0,197,,,,
046849,0,0,0,10,,,,
046851,0,0,0,39,,,,
046854,0,0,0,62,,,,
046855,0,0,0,39,,,,
046858,0,0,0,101,,,,
046861,0,0,0,-48,,,,
046862,0,0,0,41,,,,
046864,0,0,0,-62,,,,
046865,0,0,0,-84,,,,
046866,0,0,0,49,,,,
046869,0,0,0,-26,,,,
046870,0,0,0,45,,,,
046871,0,0,0,110,,,,
046873,0,0,0,35,,,,
046875,0,0,0,-7,,,,
046877,0,0,0,30,,,,
046878,0,0,0,300,,,,
046883,0,0,0,34,,,,
046884,0,0,0,69,,,,
046885,0,0,0,166,,,,
046886,0,0,0,10,,,,
046887,0,0,0,20,,,,
046888,0,0,0,0,,,,
04688U,0,0,0,-78,,,,
046891,0,0,0,412,,,,
046892,0,0,0,-5,,,,
046893,0,0,0,166,,,,
046894,0,0,0,69,,,,
046896,0,0,0,0,,,,
046898,0,0,0,1048,,,,
04689U,0,0,0,-78,,,,
046901,0,0,0,-25,,,,
046906,0,0,0,100,,,,
046910,0,0,0,0,,,,
046911,0,0,0,30,,,,
046912,0,0,0,25,,,,
046913,0,0,0,93,,,,
046914,0,0,0,128,,,,
046916,0,0,0,111,,,,
046918,0,0,0,166,,,,
046919,0,0,0,-433,,,,
046920,0,0,0,-122,,,,
046921,0,0,0,-107,,,,
046923,0,0,0,-100,,,,
046925,0,0,0,-515,,,,
046926,0,0,0,879,,,,
046928,0,0,0,-66,,,,
046929,0,0,0,12,,,,
046930,0,0,0,-17,,,,
046931,0,0,0,10,,,,
046933,0,0,0,37,,,,
046934,0,0,0,-446,,,,
046936,0,0,0,-18,,,,
046938,0,0,0,-68,,,,
046939,0,0,0,-38,,,,
046940,0,0,0,903,,,,
046941,0,0,0,-2086,,,,
046942,0,0,0,271,,,,
046945,0,0,0,200,,,,
046946,0,0,0,265,,,,
046947,0,0,0,-10,,,,
046948,0,0,0,-5,,,,
046949,0,0,0,-31,,,,
046950,0,0,0,7,,,,
046951,0,0,0,-169,,,,
046953,0,0,0,-502,,,,
046954,0,0,0,33,,,,
046955,0,0,0,19,,,,
046956,0,0,0,2,,,,
046957,0,0,0,-25,,,,
046958,0,0,0,-150,,,,
046959,0,0,0,-1,,,,
046960,0,0,0,-32,,,,
046961,0,0,0,-313,,,,
046962,0,0,0,52,,,,
046963,0,0,0,-270,,,,
046965,0,0,0,-103,,,,
046966,0,0,0,127,,,,
046967,0,0,0,-162,,,,
046968,0,0,0,-105,,,,
046969,0,0,0,-98,,,,
046972,0,0,0,-116,,,,
046975,0,0,0,-4,,,,
046977,0,0,0,2,,,,
046978,0,0,0,19,,,,
046979,0,0,0,-11,,,,
046980,0,0,0,57,,,,
046981,0,0,0,-20,,,,
046983,0,0,0,30,,,,
046984,0,0,0,115,,,,
046985,0,0,0,-46,,,,
046986,0,0,0,2,,,,
046987,0,0,0,-47,,,,
046988,0,0,0,74,,,,
046989,-30,0,0,-25,,,,
046991,0,0,0,-23,,,,
046992,0,0,0,183,,,,
046993,0,0,0,423,,,,
046994,0,0,0,-110,,,,
046995,0,0,0,-46,,,,
046996,0,0,0,0,,,,
046997,0,0,0,0,,,,
046998,0,0,0,41,,,,
047000,0,0,0,-26,,,,
047001,0,0,0,42,,,,
047002,0,0,0,-19,,,,
047003,0,0,0,-60,,,,
047004,0,0,0,13,,,,
047005,0,0,0,-21,,,,
047007,0,0,0,0,,,,
047008,0,0,0,2,,,,
047009,0,0,0,-4,,,,
047010,0,0,0,4,,,,
047011,0,0,0,-28,,,,
047012,0,0,0,23,,,,
047014,0,0,0,-16,,,,
047015,0,0,0,-182,,,,
047016,0,0,0,3,,,,
047017,0,0,0,-10,,,,
047018,0,0,0,-132,,,,
047019,0,0,0,22,,,,
047020,0,0,0,-104,,,,
047021,0,0,0,-31,,,,
047023,0,0,0,188,,,,
047024,0,0,0,-494,,,,
047025,0,0,0,25,,,,
047032,0,0,0,-50,,,,
047033,0,0,0,19,,,,
047037,0,0,0,1,,,,
047039,0,0,0,3,,,,
047041,0,0,0,-103,,,,
047042,0,0,0,758,,,,
047043,0,0,0,782,,,,
047044,0,0,0,381,,,,
047045,0,0,0,20,,,,
047046,0,0,0,10,,,,
047047,0,0,0,-522,,,,
047048,0,0,0,31,,,,
047049,0,0,0,34,,,,
047050,0,0,0,145,,,,
047053,0,0,0,34,,,,
047056,0,0,0,250,,,,
047057,0,0,0,476,,,,
047058,0,0,0,42,,,,
047060,0,0,0,-322,,,,
047062,0,0,0,40,,,,
047063,0,0,0,159,,,,
047064,0,0,0,16,,,,
047065,0,0,0,-6,,,,
047066,0,0,0,140,,,,
047068,0,0,0,-13,,,,
047069,0,0,0,-260,,,,
047070,0,0,0,-21,,,,
047071,0,0,0,6,,,,
047072,0,0,0,-101,,,,
047073,0,0,0,-1184,,,,
047074,0,0,0,-373,,,,
047075,0,0,0,244,,,,
047076,0,0,0,29,,,,
047078,0,0,0,241,,,,
047079,0,0,0,186,,,,
047081,0,0,0,11,,,,
047082,0,0,0,334,,,,
047083,0,0,0,-5,,,,
047084,0,0,0,82,,,,
047086,0,0,0,31,,,,
047087,0,0,0,-2,,,,
047091,0,0,0,2,,,,
047092,0,0,0,-15,,,,
047093,0,0,0,-24,,,,
047095,0,0,0,-1,,,,
047096,0,0,0,-1,,,,
047098,0,0,0,-12,,,,
047099,0,0,0,-69,,,,
04709U,0,0,0,-6,,,,
047100,0,0,0,-2,,,,
047102,0,0,0,-85,,,,
047103,0,0,0,29,,,,
047106,0,0,0,0,,,,
047109,0,0,0,27,,,,
047110,0,0,0,-208,,,,
047111,0,0,0,-20,,,,
047112,0,0,0,40,,,,
047114,0,0,0,-38,,,,
047116,0,0,0,156,,,,
047117,0,0,0,0,,,,
047121,0,0,0,-8,,,,
047123,0,0,0,-110,,,,
047125,0,0,0,0,,,,
047126,0,0,0,-147,,,,
047128,0,0,0,10,,,,
047130,0,0,0,-71,,,,
047132,0,0,0,-37,,,,
047133,0,0,0,-14,,,,
047134,0,0,0,70,,,,
047135,0,0,0,60,,,,
047136,0,0,0,-10,,,,
047137,0,0,0,53,,,,
047138,0,0,0,38,,,,
04713U,0,0,0,0,,,,
047141,0,0,0,50,,,,
047142,0,0,0,-26,,,,
047143,0,0,0,288,,,,
047145,0,0,0,-285,,,,
047146,0,0,0,24,,,,
047147,0,0,0,3,,,,
047149,0,0,0,-5,,,,
047150,0,0,0,15,,,,
047152,0,0,0,46,,,,
047153,0,0,0,50,,,,
047155,0,0,0,78,,,,
047156,0,0,0,60,,,,
047157,0,0,0,-94,,,,
047158,0,0,0,27,,,,
047160,0,0,0,387,,,,
047161,0,0,0,15,,,,
047162,0,0,0,67,,,,
047163,0,0,0,91,,,,
047164,0,0,0,187,,,,
047165,0,0,0,1376,,,,
047166,0,0,0,1328,,,,
047171,0,0,0,70,,,,
047172,0,0,0,38,,,,
047173,0,0,0,1,,,,
047174,0,0,0,-6,,,,
047175,0,0,0,-20,,,,
047176,0,0,0,-78,,,,
047178,0,0,0,-350,,,,
047179,0,0,0,10,,,,
047180,0,0,0,424,,,,
047181,0,0,0,215,,,,
047183,0,0,0,-8,,,,
047188,0,0,0,16,,,,
047189,0,0,0,0,,,,
047190,0,0,0,-11,,,,
047191,0,0,0,1,,,,
047193,0,0,0,5,,,,
047194,0,0,0,17,,,,
047196,0,0,0,-250,,,,
047197,0,0,0,-22,,,,
047198,0,0,0,207,,,,
047199,0,0,0,-1,,,,
047200,0,0,0,-176,,,,
047201,0,0,0,-168,,,,
047202,0,0,0,-422,,,,
047206,0,0,0,-58,,,,
047207,0,0,0,-164,,,,
047208,0,0,0,-46,,,,
047209,0,0,0,472,,,,
047210,0,0,0,28,,,,
047211,0,0,0,208,,,,
047212,0,0,0,-279,,,,
047213,0,0,0,-40,,,,
047215,0,0,0,378,,,,
047216,0,0,0,214,,,,
047217,0,0,0,252,,,,
047218,0,0,0,0,,,,
047219,0,0,0,-3,,,,
047222,0,0,0,-7,,,,
047223,0,0,0,150,,,,
047224,0,0,0,398,,,,
047225,0,0,0,-39,,,,
047226,0,0,0,-51,,,,
047227,0,0,0,-116,,,,
047228,0,0,0,38,,,,
047229,0,0,0,120,,,,
047230,0,0,0,885,,,,
047231,0,0,0,84,,,,
047232,0,0,0,1272,,,,
047234,0,0,0,-56,,,,
047235,0,0,0,-711,,,,
047236,0,0,0,-2,,,,
047237,0,0,0,-107,,,,
047238,0,0,0,-137,,,,
047239,0,0,0,-9,,,,
047240,0,0,0,4,,,,
047241,0,0,0,35,,,,
047242,0,0,0,-17,,,,
047247,0,0,0,23,,,,
047248,0,0,0,0,,,,
047252,0,0,0,-17,,,,
047256,0,0,0,12,,,,
047258,0,0,0,0,,,,
047261,0,0,0,3,,,,
047263,0,0,0,-20,,,,
047264,0,0,0,4,,,,
047266,0,0,0,5,,,,
047268,0,0,0,-5,,,,
047272,0,0,0,10,,,,
047273,0,0,0,0,,,,
047275,0,0,0,158,,,,
047276,0,0,0,15,,,,
047277,0,0,0,0,,,,
047278,0,0,0,0,,,,
047279,0,0,0,26,,,,
047280,0,0,0,11,,,,
047282,0,0,0,-30,,,,
047285,0,0,0,65,,,,
047286,0,0,0,-130,,,,
047287,0,0,0,-4,,,,
047292,0,0,0,12,,,,
047293,0,0,0,5,,,,
047294,0,0,0,-27,,,,
047295,0,0,0,7,,,,
047296,0,0,0,-8,,,,
047297,0,0,0,909,,,,
047298,0,0,0,200,,,,
047299,0,0,0,-235,,,,
047300,0,0,0,-10,,,,
047303,0,0,0,0,,,,
047304,0,0,0,0,,,,
047305,0,0,0,22,,,,
047307,0,0,0,50,,,,
047308,0,0,0,18,,,,
047310,0,0,0,114,,,,
047312,0,0,0,-30,,,,
047314,0,0,0,1106,,,,
047315,0,0,0,367,,,,
047317,0,0,0,98,,,,
047319,0,0,0,-250,,,,
047321,0,0,0,-348,,,,
047322,0,0,0,253,,,,
047323,0,0,0,3,,,,
047324,0,0,0,-50,,,,
047326,0,0,0,120,,,,
047327,0,0,0,94,,,,
047328,0,0,0,90,,,,
047331,0,0,0,-8,,,,
047332,0,0,0,51,,,,
047334,0,0,0,-107,,,,
047335,0,0,0,392,,,,
047336,0,0,0,8,,,,
047337,0,0,0,-53,,,,
047338,0,0,0,80,,,,
047339,0,0,0,-24,,,,
047340,0,0,0,70,,,,
047341,0,0,0,-8,,,,
047342,0,0,0,-7,,,,
047344,0,0,0,-220,,,,
047345,0,0,0,0,,,,
047346,0,0,0,-5,,,,
047347,0,0,0,39,,,,
047348,0,0,0,9,,,,
047349,0,0,0,-4,,,,
047350,0,0,0,-26,,,,
047351,0,0,0,196,,,,
047352,0,0,0,619,,,,
047353,0,0,0,2,,,,
047354,0,0,0,847,,,,
047355,0,0,0,0,,,,
047356,0,0,0,-3,,,,
047357,0,0,0,215,,,,
047358,0,0,0,-1,,,,
047359,0,0,0,32,,,,
047361,0,0,0,31,,,,
047362,0,0,0,-214,,,,
047363,0,0,0,81,,,,
047364,0,0,0,-10,,,,
047365,0,0,0,-3,,,,
047366,0,0,0,-2,,,,
047369,0,0,0,-31,,,,
047370,0,0,0,-1264,,,,
047371,0,0,0,138,,,,
047372,0,0,0,50,,,,
047373,0,0,0,339,,,,
047374,0,0,0,5,,,,
047375,0,0,0,-316,,,,
047376,0,0,0,-92,,,,
047377,0,0,0,-4,,,,
047379,0,0,0,296,,,,
047380,0,0,0,-30,,,,
047381,0,0,0,-437,,,,
047382,0,0,0,-52,,,,
047383,0,0,0,-336,,,,
047384,0,0,0,-7,,,,
047385,0,0,0,3,,,,
047387,0,0,0,0,,,,
047389,0,0,0,-38,,,,
047394,0,0,0,2,,,,
047396,0,0,0,12,,,,
047397,0,0,0,-6,,,,
047398,0,0,0,1,,,,
047399,0,0,0,0,,,,
047400,0,0,0,-47,,,,
047403,0,0,0,-22,,,,
047404,0,0,0,-3,,,,
047406,0,0,0,25,,,,
047407,0,0,0,-15,,,,
047410,0,0,0,29,,,,
047411,0,0,0,-121,,,,
047412,0,0,0,22,,,,
047413,0,0,0,632,,,,
047414,0,0,0,-15,,,,
047415,0,0,0,-25,,,,
047417,0,0,0,-190,,,,
047418,0,0,0,0,,,,
047421,0,0,0,30,,,,
047422,0,0,0,-9,,,,
047423,0,0,0,-543,,,,
047424,0,0,0,18,,,,
047425,0,0,0,105,,,,
047426,0,0,0,156,,,,
047427,0,0,0,54,,,,
047429,0,0,0,-20,,,,
047431,0,0,0,41,,,,
047433,0,0,0,303,,,,
047434,0,0,0,-55,,,,
047436,0,0,0,-16,,,,
047437,0,0,0,-121,,,,
047438,0,0,0,27,,,,
047439,0,0,0,1,,,,
047443,0,0,0,-200,,,,
047444,0,0,0,-375,,,,
047445,0,0,0,100,,,,
047448,0,0,0,308,,,,
047450,0,0,0,0,,,,
047451,0,0,0,-48,,,,
047453,0,0,0,-1,,,,
047454,0,0,0,4,,,,
047455,0,0,0,100,,,,
047456,0,0,0,-61,,,,
047457,0,0,0,-20,,,,
047458,0,0,0,-80,,,,
047459,0,0,0,7,,,,
047460,0,0,0,17,,,,
047461,0,0,0,0,,,,
047462,0,0,0,40,,,,
047463,0,0,0,14,,,,
047464,0,0,0,-12,,,,
047466,0,0,0,369,,,,
047467,0,0,0,-49,,,,
047468,0,0,0,-23,,,,
047469,0,0,0,8,,,,
047472,0,0,0,14,,,,
047477,0,0,0,20,,,,
047479,0,0,0,9,,,,
047480,0,0,0,-50,,,,
047481,0,0,0,-80,,,,
047482,0,0,0,40,,,,
047483,0,0,0,434,,,,
047485,0,0,0,228,,,,
047488,0,0,0,-218,,,,
047489,0,0,0,-50,,,,
047490,0,0,0,-285,,,,
047491,0,0,0,-191,,,,
047492,0,0,0,176,,,,
047493,0,0,0,-12,,,,
047494,0,0,0,0,,,,
047497,0,0,0,-52,,,,
047499,0,0,0,-234,,,,
047501,0,0,0,45,,,,
047502,0,0,0,4,,,,
047504,0,0,0,1,,,,
047505,0,0,0,-198,,,,
047506,0,0,0,11,,,,
047507,0,0,0,-10,,,,
047508,0,0,0,165,,,,
047509,0,0,0,80,,,,
047510,0,0,0,51,,,,
047517,0,0,0,8,,,,
047518,0,0,0,-4,,,,
047519,0,0,0,12,,,,
047520,0,0,0,2,,,,
047523,0,0,0,24,,,,
047524,0,0,0,-10,,,,
047525,0,0,0,-51,,,,
047526,10,0,0,439,,,,
047527,0,0,0,0,,,,
047528,0,0,0,-11,,,,
047529,0,0,0,25,,,,
047530,0,0,0,-50,,,,
047531,0,0,0,-6,,,,
047532,0,0,0,-93,,,,
047533,0,0,0,-293,,,,
047535,0,0,0,0,,,,
047536,0,0,0,0,,,,
047539,0,0,0,-179,,,,
047540,0,0,0,-33,,,,
047541,0,0,0,-3,,,,
047542,0,0,0,-32,,,,
047543,0,0,0,8,,,,
047545,0,0,0,177,,,,
047546,0,0,0,-34,,,,
047548,0,0,0,-11,,,,
047549,0,0,0,0,,,,
047551,0,0,0,66,,,,
047552,0,0,0,0,,,,
047553,0,0,0,10,,,,
047554,0,0,0,-620,,,,
047555,0,0,0,-118,,,,
047556,0,0,0,-44,,,,
047557,0,0,0,-4,,,,
047558,0,0,0,-14,,,,
047559,0,0,0,1,,,,
047560,0,0,0,77,,,,
047561,0,0,0,64,,,,
047562,0,0,0,-15,,,,
047563,0,0,0,-12,,,,
047564,0,0,0,112,,,,
047565,0,0,0,-164,,,,
047566,0,0,0,-96,,,,
047567,0,0,0,-57,,,,
047568,0,0,0,-128,,,,
047569,0,0,0,-437,,,,
047570,0,0,0,90,,,,
047571,0,0,0,-40,,,,
047572,0,0,0,20,,,,
047574,0,0,0,96,,,,
047576,0,0,0,-10,,,,
047577,0,0,0,777,,,,
047581,0,0,0,5,,,,
047582,0,0,0,4,,,,
047583,0,0,0,207,,,,
047584,0,0,0,-99,,,,
047585,0,0,0,-2,,,,
047587,0,0,0,22,,,,
04758U,0,0,0,92,,,,
047590,0,0,0,87,,,,
047591,0,0,0,204,,,,
047593,0,0,0,69,,,,
047594,0,0,0,30,,,,
047595,0,0,0,-1036,,,,
047596,0,0,0,-204,,,,
047598,0,0,0,43,,,,
047601,0,0,0,-74,,,,
047602,0,0,0,8,,,,
047606,0,0,0,-46,,,,
047609,0,0,0,-222,,,,
047611,0,0,0,-25,,,,
047612,0,0,0,-3,,,,
047614,0,0,0,22,,,,
047617,0,0,0,-23,,,,
047618,0,0,0,-73,,,,
047620,0,0,0,4,,,,
047621,0,0,0,-2,,,,
047622,0,0,0,52,,,,
047623,0,0,0,0,,,,
047624,0,0,0,9,,,,
047625,0,0,0,4,,,,
047626,0,0,0,-7,,,,
047627,0,0,0,159,,,,
047628,0,0,0,98,,,,
047629,0,0,0,37,,,,
047631,0,0,0,10,,,,
047632,0,0,0,-29,,,,
047634,0,0,0,-21,,,,
047635,0,0,0,-22,,,,
047636,0,0,0,0,,,,
047638,0,0,0,-8,,,,
047639,0,0,0,6,,,,
047640,0,0,0,-116,,,,
047641,0,0,0,-375,,,,
047642,0,0,0,0,,,,
047644,0,0,0,-64,,,,
047645,0,0,0,0,,,,
047647,0,0,0,5,,,,
047648,0,0,0,25,,,,
047649,0,0,0,-8,,,,
047650,0,0,0,4,,,,
047651,0,0,0,-20,,,,
047652,0,0,0,-100,,,,
047654,0,0,0,-5,,,,
047655,0,0,0,1,,,,
047657,0,0,0,25,,,,
047658,0,0,0,-6,,,,
047659,0,0,0,-110,,,,
047660,0,0,0,90,,,,
047661,0,0,0,30,,,,
047662,0,0,0,-25,,,,
047663,0,0,0,0,,,,
047664,0,0,0,104,,,,
047665,0,0,0,397,,,,
047666,0,0,0,53,,,,
047667,0,0,0,-36,,,,
047670,0,0,0,47,,,,
047672,0,0,0,-68,,,,
047673,0,0,0,-234,,,,
047674,0,0,0,1,,,,
047676,0,0,0,-10,,,,
047678,0,0,0,158,,,,
047679,0,0,0,0,,,,
047681,0,0,0,-167,,,,
047682,0,0,0,-11,,,,
047683,0,0,0,295,,,,
047685,0,0,0,37,,,,
047686,0,0,0,209,,,,
047688,0,0,0,-13,,,,
047689,0,0,0,74,,,,
047690,0,0,0,57,,,,
047691,0,0,0,-155,,,,
047692,0,0,0,-235,,,,
047696,0,0,0,250,,,,
047697,0,0,0,208,,,,
047699,0,0,0,15,,,,
047700,0,0,0,-67,,,,
047701,0,0,0,14,,,,
047703,0,0,0,371,,,,
047707,0,0,0,222,,,,
047708,0,0,0,285,,,,
04770U,0,0,0,-5,,,,
047711,0,0,0,-2,,,,
047712,0,0,0,-69,,,,
047713,0,0,0,51,,,,
047714,0,0,0,-476,,,,
047716,0,0,0,-10,,,,
047717,0,0,0,250,,,,
047718,0,0,0,-114,,,,
047719,0,0,0,-27,,,,
047721,0,0,0,-384,,,,
047724,0,0,0,-234,,,,
047727,0,0,0,216,,,,
047729,0,0,0,-12,,,,
047730,0,0,0,-4,,,,
047733,0,0,0,-135,,,,
047734,0,0,0,-28,,,,
047736,0,0,0,12,,,,
047737,0,0,0,16,,,,
047739,0,0,0,39,,,,
047740,0,0,0,-140,,,,
047743,0,0,0,1,,,,
047744,0,0,0,12,,,,
047746,0,0,0,60,,,,
047748,0,0,0,10,,,,
047749,0,0,0,-102,,,,
047750,0,0,0,-198,,,,
047751,0,0,0,186,,,,
047752,0,0,0,-595,,,,
047753,0,0,0,22,,,,
047754,0,0,0,52,,,,
047755,0,0,0,-152,,,,
047756,0,0,0,-48,,,,
047757,0,0,0,10,,,,
047758,0,0,0,-50,,,,
047760,0,0,0,-118,,,,
047766,0,0,0,-6,,,,
047768,0,0,0,2,,,,
047769,0,0,0,-67,,,,
047770,0,0,0,131,,,,
047771,0,0,0,17,,,,
047772,0,0,0,-20,,,,
047773,0,0,0,-3,,,,
047774,0,0,0,4,,,,
047775,0,0,0,-22,,,,
047776,0,0,0,159,,,,
047777,0,0,0,-10,,,,
047781,0,0,0,50,,,,
047785,0,0,0,162,,,,
047786,0,0,0,6,,,,
047787,0,0,0,-5,,,,
047788,0,0,0,-11,,,,
047789,0,0,0,-60,,,,
047790,0,0,0,20,,,,
047791,0,0,0,-140,,,,
047792,0,0,0,33,,,,
047794,0,0,0,-67,,,,
047795,0,0,0,-22,,,,
047796,0,0,0,-36,,,,
047797,0,0,0,354,,,,
047798,0,0,0,80,,,,
047799,0,0,0,8,,,,
047802,0,0,0,44,,,,
047803,0,0,0,34,,,,
047804,0,0,0,46,,,,
047805,0,0,0,5,,,,
047806,0,0,0,-201,,,,
047807,0,0,0,0,,,,
047808,0,0,0,0,,,,
047809,0,0,0,245,,,,
047810,0,0,0,0,,,,
047812,0,0,0,0,,,,
047813,0,0,0,-5,,,,
047814,0,0,0,3,,,,
047815,0,0,0,5,,,,
047816,0,0,0,3,,,,
047817,0,0,0,106,,,,
047818,0,0,0,-18,,,,
047819,0,0,0,43,,,,
047820,0,0,0,0,,,,
047821,0,0,0,-415,,,,
047823,0,0,0,-10,,,,
047824,0,0,0,-24,,,,
047825,0,0,0,-124,,,,
047826,0,0,0,81,,,,
047828,0,0,0,-6,,,,
047829,0,0,0,121,,,,
047830,0,0,0,0,,,,
047832,0,0,0,5,,,,
047833,0,0,0,5,,,,
047834,0,0,0,43,,,,
047835,0,0,0,-1288,,,,
047837,0,0,0,-20,,,,
047838,0,0,0,-7,,,,
047839,0,0,0,-3,,,,
047841,0,0,0,86,,,,
047842,0,0,0,133,,,,
047844,0,0,0,2,,,,
047845,0,0,0,-6,,,,
047847,0,0,0,15,,,,
047848,0,0,0,-688,,,,
047851,0,0,0,-350,,,,
047852,0,0,0,90,,,,
047853,0,0,0,2,,,,
047854,0,0,0,-1,,,,
047855,0,0,0,-5,,,,
047856,0,0,0,-46,,,,
047857,0,0,0,11,,,,
047858,0,0,0,50,,,,
047859,0,0,0,24,,,,
047860,0,0,0,-377,,,,
047861,0,0,0,192,,,,
047866,0,0,0,-5,,,,
047867,0,0,0,-9,,,,
047869,0,0,0,-24,,,,
047870,0,0,0,46,,,,
047874,0,0,0,209,,,,
047875,0,0,0,179,,,,
047876,0,0,0,-10,,,,
047878,0,0,0,-167,,,,
047879,0,0,0,-336,,,,
047880,0,0,0,-4,,,,
047881,0,0,0,-10,,,,
047882,0,0,0,-59,,,,
047884,0,0,0,-50,,,,
047885,0,0,0,-41,,,,
047889,0,0,0,-29,,,,
047890,0,0,0,0,,,,
047892,0,0,0,241,,,,
047893,0,0,0,11,,,,
047894,0,0,0,-259,,,,
047895,0,0,0,-50,,,,
047896,0,0,0,3,,,,
047897,0,0,0,57,,,,
047898,0,0,0,23,,,,
047899,0,0,0,10,,,,
047900,0,0,0,36,,,,
047902,0,0,0,1,,,,
047903,0,0,0,54,,,,
047904,0,0,0,75,,,,
047905,0,0,0,-123,,,,
047906,0,0,0,60,,,,
047908,0,0,0,-23,,,,
047910,0,0,0,16,,,,
047911,0,0,0,1,,,,
047912,0,0,0,-5,,,,
047913,0,0,0,-27,,,,
047914,0,0,0,-79,,,,
047915,0,0,0,61,,,,
047916,0,0,0,61,,,,
047920,0,0,0,-5,,,,
047922,0,0,0,333,,,,
047923,0,0,0,4,,,,
047924,0,0,0,25,,,,
047925,0,0,0,127,,,,
047926,0,0,0,-4,,,,
047927,0,0,0,0,,,,
047928,0,0,0,-308,,,,
047930,0,0,0,-2,,,,
047931,0,0,0,10,,,,
047933,0,0,0,-294,,,,
047935,0,0,0,-14,,,,
047936,0,0,0,739,,,,
047937,0,0,0,-340,,,,
047938,0,0,0,10,,,,
047939,0,0,0,-107,,,,
047940,0,0,0,0,,,,
047941,0,0,0,-12,,,,
047943,0,0,0,0,,,,
047945,0,0,0,-119,,,,
047946,0,0,0,62,,,,
047947,0,0,0,-11,,,,
047948,0,0,0,250,,,,
047950,0,0,0,25,,,,
047951,0,0,0,-2,,,,
047952,0,0,0,-1000,,,,
047953,0,0,0,490,,,,
047954,0,0,0,-47,,,,
047955,0,0,0,4,,,,
047957,0,0,0,-5,,,,
047958,0,0,0,-25,,,,
047959,0,0,0,336,,,,
047961,0,0,0,-16,,,,
047962,0,0,0,0,,,,
047963,0,0,0,20,,,,
047964,0,0,0,6,,,,
047965,0,0,0,12,,,,
047966,0,0,0,73,,,,
047967,0,0,0,6,,,,
047969,0,0,0,1,,,,
047972,0,0,0,47,,,,
047973,0,0,0,36,,,,
047974,0,0,0,2,,,,
047975,0,0,0,32,,,,
047978,0,0,0,82,,,,
047979,0,0,0,-136,,,,
04797U,0,0,0,-160,,,,
047982,0,0,0,40,,,,
047983,0,0,0,36,,,,
047984,0,0,0,10,,,,
047985,0,0,0,-6,,,,
047986,0,0,0,-4,,,,
047987,0,0,0,12,,,,
047988,0,0,0,56,,,,
047989,0,0,0,-30,,,,
047990,0,0,0,73,,,,
047991,0,0,0,20,,,,
047992,0,0,0,0,,,,
047993,0,0,0,68,,,,
047994,0,0,0,-6,,,,
047997,0,0,0,0,,,,
047999,0,0,0,-9,,,,
048000,0,0,0,1,,,,
048001,0,0,0,-36,,,,
048002,0,0,0,358,,,,
048003,0,0,0,-100,,,,
048004,0,0,0,1848,,,,
048005,0,0,0,206,,,,
048006,0,0,0,10,,,,
048007,0,0,0,-265,,,,
048008,0,0,0,-39,,,,
048009,0,0,0,80,,,,
04800U,0,0,0,-114,,,,
048015,0,0,0,-221,,,,
048016,0,0,0,-199,,,,
048017,0,0,0,-105,,,,
048018,0,0,0,-50,,,,
048019,0,0,0,50,,,,
048020,0,0,0,-44,,,,
048021,0,0,0,-13,,,,
048022,0,0,0,-2,,,,
048023,0,0,0,293,,,,
048024,0,0,0,-1,,,,
048027,0,0,0,18,,,,
048028,0,0,0,64,,,,
048030,0,0,0,98,,,,
048031,0,0,0,-14,,,,
048032,0,0,0,-7,,,,
048033,0,0,0,-5,,,,
048034,0,0,0,-169,,,,
048035,0,0,0,10,,,,
048036,0,0,0,-38,,,,
048037,0,0,0,-5,,,,
048039,0,0,0,-1,,,,
048040,0,0,0,-19,,,,
048041,0,0,0,-11,,,,
048046,0,0,0,-1,,,,
048047,0,0,0,-40,,,,
048050,0,0,0,64,,,,
048051,0,0,0,325,,,,
048054,0,0,0,54,,,,
048055,0,0,0,0,,,,
048056,0,0,0,-25,,,,
048060,0,0,0,60,,,,
048061,0,0,0,-7,,,,
048062,0,0,0,440,,,,
048063,0,0,0,95,,,,
048070,0,0,0,-4,,,,
048074,0,0,0,-85,,,,
048077,0,0,0,0,,,,
048079,0,0,0,-71,,,,
048083,0,0,0,-29,,,,
048085,0,0,0,-31,,,,
048087,0,0,0,305,,,,
048088,0,0,0,-11,,,,
048089,0,0,0,-325,,,,
048090,0,0,0,-6,,,,
048091,0,0,0,-1302,,,,
048092,0,0,0,-35,,,,
048093,0,0,0,2574,,,,
048094,0,0,0,-491,,,,
048095,0,0,0,-1,,,,
048097,0,0,0,420,,,,
048100,0,0,0,28,,,,
048101,0,0,0,-135,,,,
048102,0,0,0,-62,,,,
048103,0,0,0,-152,,,,
048104,0,0,0,203,,,,
048105,0,0,0,105,,,,
048106,0,0,0,-30,,,,
048107,0,0,0,-85,,,,
048108,0,0,0,-31,,,,
048109,0,0,0,-20,,,,
048111,0,0,0,-11,,,,
048112,0,0,0,-39,,,,
048113,0,0,0,-96,,,,
048114,0,0,0,500,,,,
048116,0,0,0,-48,,,,
048118,0,0,0,0,,,,
048119,0,0,0,-28,,,,
048120,0,0,0,378,,,,
048121,0,0,0,12,,,,
048122,0,0,0,-81,,,,
048123,0,0,0,112,,,,
048124,0,0,0,-30,,,,
048126,0,0,0,-37,,,,
048127,0,0,0,20,,,,
048128,0,0,0,36,,,,
048129,0,0,0,1,,,,
048130,0,0,0,283,,,,
048131,0,0,0,-89,,,,
048132,0,0,0,0,,,,
048133,0,0,0,20,,,,
048134,0,0,0,-2,,,,
048137,0,0,0,117,,,,
048138,0,0,0,0,,,,
048139,0,0,0,-23,,,,
048141,0,0,0,41,,,,
048143,0,0,0,-27,,,,
048145,0,0,0,87,,,,
048146,0,0,0,-157,,,,
048147,0,0,0,-465,,,,
048148,0,0,0,-29,,,,
048149,0,0,0,14,,,,
048150,0,0,0,-1,,,,
048151,0,0,0,58,,,,
048152,0,0,0,-17,,,,
048153,0,0,0,80,,,,
048154,0,0,0,-86,,,,
048155,0,0,0,100,,,,
048156,0,0,0,8,,,,
048157,0,0,0,-50,,,,
048158,0,0,0,-5,,,,
04815U,0,0,0,-100,,,,
048160,0,0,0,18,,,,
048162,0,0,0,-62,,,,
048163,0,0,0,26,,,,
048164,0,0,0,146,,,,
048166,0,0,0,0,,,,
048167,0,0,0,8,,,,
048168,0,0,0,112,,,,
048169,0,0,0,76,,,,
048170,0,0,0,-45,,,,
048172,0,0,0,44,,,,
048173,0,0,0,17,,,,
048174,0,0,0,-10,,,,
048175,0,0,0,-19,,,,
048176,0,0,0,0,,,,
048177,0,0,0,9,,,,
048178,0,0,0,0,,,,
048179,0,0,0,64,,,,
048180,0,0,0,25,,,,
048181,0,0,0,-15,,,,
048182,0,0,0,-60,,,,
048183,0,0,0,-40,,,,
048184,0,0,0,-1,,,,
048186,0,0,0,44,,,,
048187,0,0,0,-2,,,,
048188,0,0,0,-15,,,,
048189,0,0,0,51,,,,
04818U,0,0,0,0,,,,
048190,0,0,0,9,,,,
048191,0,0,0,-17,,,,
048192,0,0,0,0,,,,
048193,0,0,0,59,,,,
048194,0,0,0,24,,,,
048195,0,0,0,-5,,,,
048196,0,0,0,27,,,,
048197,0,0,0,4,,,,
048199,0,0,0,14,,,,
048201,0,0,0,0,,,,
048203,0,0,0,98,,,,
048204,0,0,0,-32,,,,
048205,0,0,0,184,,,,
048206,0,0,0,34,,,,
048208,0,0,0,-20,,,,
048211,0,0,0,-480,,,,
048212,0,0,0,8,,,,
048214,0,0,0,265,,,,
048216,0,0,0,-1,,,,
048217,0,0,0,8,,,,
048218,22,0,0,-513,,,,
048219,0,0,0,-120,,,,
048220,0,0,0,-113,,,,
048224,0,0,0,403,,,,
048225,0,0,0,-31,,,,
048226,0,0,0,98,,,,
048229,0,0,0,-437,,,,
048230,0,0,0,384,,,,
048231,0,0,0,63,,,,
048233,0,0,0,-5,,,,
048234,0,0,0,247,,,,
048236,0,0,0,-428,,,,
048238,0,0,0,75,,,,
048239,0,0,0,-79,,,,
048240,0,0,0,12,,,,
048241,0,0,0,-500,,,,
048244,0,0,0,-10,,,,
048245,0,0,0,20,,,,
048246,0,0,0,678,,,,
048248,0,0,0,2,,,,
048249,0,0,0,7,,,,
048250,0,0,0,-60,,,,
048251,0,0,0,-10,,,,
048253,0,0,0,-191,,,,
048254,0,0,0,-483,,,,
048255,0,0,0,14,,,,
048256,0,0,0,-587,,,,
048257,0,0,0,0,,,,
048259,0,0,0,-122,,,,
048260,0,0,0,43,,,,
048261,0,0,0,99,,,,
048262,0,0,0,-33,,,,
048263,0,0,0,-3,,,,
048264,0,0,0,311,,,,
048265,0,0,0,-25,,,,
048266,0,0,0,-56,,,,
048269,0,0,0,-148,,,,
048270,0,0,0,45,,,,
048271,0,0,0,-79,,,,
048272,0,0,0,-84,,,,
048274,0,0,0,16,,,,
048275,0,0,0,14,,,,
048276,0,0,0,-47,,,,
048278,0,0,0,-108,,,,
048279,0,0,0,-23,,,,
048280,0,0,0,-55,,,,
048281,0,0,0,38,,,,
048282,0,0,0,35,,,,
048283,0,0,0,-12,,,,
048285,0,0,0,-19,,,,
048286,0,0,0,-15,,,,
048287,0,0,0,30,,,,
048288,0,0,0,17,,,,
048290,0,0,0,350,,,,
048292,0,0,0,-8,,,,
048293,0,0,0,10,,,,
048294,0,0,0,-18,,,,
048295,0,0,0,31,,,,
048296,0,0,0,14,,,,
048299,0,0,0,5,,,,
048300,0,0,0,-178,,,,
048301,0,0,0,14,,,,
048302,0,0,0,-3,,,,
048303,0,0,0,736,,,,
048304,0,0,0,-18,,,,
048305,0,0,0,-2,,,,
048306,0,0,0,1,,,,
048307,0,0,0,-20,,,,
048308,0,0,0,196,,,,
048309,0,0,0,-222,,,,
048310,0,0,0,-37,,,,
048311,0,0,0,10,,,,
048312,0,0,0,9,,,,
048313,0,0,0,-8,,,,
048315,0,0,0,-2,,,,
048316,0,0,0,-556,,,,
048317,0,0,0,17,,,,
048318,0,0,0,16,,,,
048319,0,0,0,-8,,,,
048320,0,0,0,-1,,,,
048321,0,0,0,-1,,,,
048322,0,0,0,-60,,,,
048323,0,0,0,153,,,,
048324,0,0,0,32,,,,
048325,0,0,0,79,,,,
048329,0,0,0,0,,,,
048330,0,0,0,-304,,,,
048332,0,0,0,-287,,,,
048333,0,0,0,-11,,,,
048334,0,0,0,-242,,,,
048335,0,0,0,538,,,,
048336,0,0,0,75,,,,
048337,0,0,0,17,,,,
048338,0,0,0,-51,,,,
048339,0,0,0,0,,,,
048341,0,0,0,7,,,,
048344,0,0,0,-66,,,,
048347,0,0,0,-737,,,,
048348,0,0,0,15,,,,
048349,0,0,0,-239,,,,
048350,0,0,0,0,,,,
048351,0,0,0,-149,,,,
048353,0,0,0,95,,,,
048354,0,0,0,-94,,,,
048355,0,0,0,532,,,,
048357,0,0,0,0,,,,
048359,0,0,0,265,,,,
048360,0,0,0,183,,,,
048361,0,0,0,595,,,,
048362,0,0,0,-95,,,,
048363,0,0,0,1490,,,,
048364,0,0,0,-29,,,,
048365,0,0,0,-73,,,,
048366,0,0,0,7,,,,
048368,0,0,0,267,,,,
04836U,0,0,0,-60,,,,
048371,0,0,0,109,,,,
048373,0,0,0,838,,,,
048374,0,0,0,74,,,,
048377,0,0,0,1,,,,
048378,0,0,0,77,,,,
048379,0,0,0,-193,,,,
048381,0,0,0,-73,,,,
048382,0,0,0,-2,,,,
048383,0,0,0,-57,,,,
048384,0,0,0,2273,,,,
048385,0,0,0,69,,,,
048388,0,0,0,-6,,,,
048389,0,0,0,97,,,,
048390,0,0,0,-100,,,,
048393,0,0,0,-260,,,,
048396,0,0,0,-105,,,,
048397,0,0,0,-5,,,,
048399,0,0,0,-14,,,,
048400,0,0,0,-1139,,,,
048401,0,0,0,-152,,,,
048402,0,0,0,25,,,,
048403,0,0,0,-73,,,,
048404,0,0,0,69,,,,
048405,0,0,0,207,,,,
048407,0,0,0,-11,,,,
048412,0,0,0,-1398,,,,
048413,0,0,0,0,,,,
048414,0,0,0,43,,,,
048415,0,0,0,74,,,,
048416,0,0,0,1,,,,
048418,0,0,0,-29,,,,
048419,0,0,0,-13,,,,
048420,0,0,0,28,,,,
048421,0,0,0,30,,,,
048423,0,0,0,-225,,,,
048424,0,0,0,8,,,,
048425,0,0,0,20,,,,
048426,0,0,0,0,,,,
048427,0,0,0,10,,,,
048429,0,0,0,0,,,,
04842U,0,0,0,1,,,,
048430,0,0,0,-3,,,,
048431,0,0,0,-10,,,,
048432,0,0,0,0,,,,
048433,0,0,0,148,,,,
048435,0,0,0,-568,,,,
048436,0,0,0,11,,,,
048437,0,0,0,-5,,,,
048438,0,0,0,59,,,,
048439,0,0,0,-2,,,,
048440,0,0,0,-68,,,,
048442,0,0,0,-138,,,,
048443,0,0,0,0,,,,
048444,0,0,0,-50,,,,
048445,0,0,0,-5,,,,
048446,0,0,0,-73,,,,
048447,0,0,0,0,,,,
048450,0,0,0,70,,,,
048451,0,0,0,5,,,,
048452,0,0,0,5,,,,
048453,0,0,0,-20,,,,
048454,0,0,0,-153,,,,
048456,0,0,0,51,,,,
048457,0,0,0,94,,,,
048459,0,0,0,-74,,,,
048460,0,0,0,-118,,,,
048461,0,0,0,-17,,,,
048462,0,0,0,56,,,,
048463,0,0,0,-25,,,,
048464,0,0,0,-12,,,,
048465,0,0,0,-12,,,,
048467,0,0,0,180,,,,
048468,0,0,0,-6,,,,
048469,0,0,0,135,,,,
048470,0,0,0,-11,,,,
048471,0,0,0,32,,,,
048472,0,0,0,-91,,,,
048474,0,0,0,63,,,,
048476,0,0,0,-39,,,,
048477,0,0,0,24,,,,
048479,0,0,0,3,,,,
048480,0,0,0,6,,,,
048483,0,0,0,30,,,,
048484,0,0,0,0,,,,
048485,0,0,0,213,,,,
048486,0,0,0,371,,,,
048487,0,0,0,308,,,,
048488,0,0,0,-161,,,,
048490,0,0,0,37,,,,
048491,0,0,0,-70,,,,
048492,0,0,0,-9,,,,
048494,0,0,0,218,,,,
048495,0,0,0,2,,,,
048496,0,0,0,150,,,,
048498,0,0,0,7,,,,
048500,0,0,0,-341,,,,
048501,0,0,0,-44,,,,
048502,0,0,0,-432,,,,
048503,0,0,0,-151,,,,
048504,0,0,0,-25,,,,
048505,0,0,0,-205,,,,
048507,0,0,0,72,,,,
048509,0,0,0,-6,,,,
048511,0,0,0,182,,,,
048512,0,0,0,-45,,,,
048513,0,0,0,-12,,,,
048516,0,0,0,-3,,,,
048517,0,0,0,0,,,,
048519,0,0,0,0,,,,
048521,0,0,0,-10,,,,
048523,0,0,0,-113,,,,
048524,0,0,0,12,,,,
048526,0,0,0,24,,,,
048527,0,0,0,8,,,,
048528,0,0,0,9,,,,
048529,0,0,0,0,,,,
048530,0,0,0,5,,,,
048532,0,0,0,329,,,,
048533,0,0,0,-33,,,,
048534,0,0,0,-32,,,,
048535,0,0,0,29,,,,
048536,0,0,0,-517,,,,
048537,0,0,0,25,,,,
048538,0,0,0,24,,,,
048539,0,0,0,0,,,,
048540,0,0,0,17,,,,
048541,0,0,0,0,,,,
048542,0,0,0,13,,,,
048543,0,0,0,-26,,,,
048544,0,0,0,-7,,,,
048545,0,0,0,-10,,,,
048546,0,0,0,2,,,,
048547,0,0,0,-149,,,,
048549,0,0,0,-34,,,,
048550,0,0,0,-31,,,,
048554,0,0,0,5,,,,
048558,0,0,0,236,,,,
048559,0,0,0,6,,,,
048560,0,0,0,-57,,,,
048562,0,0,0,143,,,,
048563,0,0,0,120,,,,
048565,0,0,0,-23,,,,
048566,0,0,0,-22,,,,
048568,0,0,0,-10,,,,
048569,0,0,0,115,,,,
048570,0,0,0,152,,,,
048571,0,0,0,1271,,,,
048572,0,0,0,1165,,,,
048573,0,0,0,30,,,,
048574,0,0,0,-169,,,,
048575,0,0,0,177,,,,
048576,0,0,0,-2498,,,,
048579,0,0,0,79,,,,
048580,0,0,0,-7,,,,
048581,0,0,0,3,,,,
048582,0,0,0,25,,,,
048583,0,0,0,-213,,,,
048584,0,0,0,-250,,,,
048585,0,0,0,973,,,,
048588,0,0,0,555,,,,
048589,0,0,0,3,,,,
048590,0,0,0,253,,,,
048591,0,0,0,-28,,,,
048592,0,0,0,100,,,,
048595,0,0,0,-20,,,,
048598,0,0,0,673,,,,
048599,0,0,0,885,,,,
048600,0,0,0,130,,,,
048602,0,0,0,18,,,,
048603,0,0,0,-63,,,,
048605,0,0,0,-3,,,,
048606,0,0,0,-5,,,,
048607,0,0,0,0,,,,
048608,0,0,0,206,,,,
048611,0,0,0,-40,,,,
048612,0,0,0,-1,,,,
048613,0,0,0,0,,,,
048614,0,0,0,-16,,,,
048615,0,0,0,0,,,,
048616,0,0,0,-10,,,,
048623,0,0,0,-85,,,,
048624,0,0,0,695,,,,
048625,0,0,0,-450,,,,
048626,0,0,0,213,,,,
048628,0,0,0,-19,,,,
048629,0,0,0,-126,,,,
048630,0,0,0,23,,,,
048631,0,0,0,-282,,,,
048633,0,0,0,17,,,,
048634,0,0,0,188,,,,
048636,0,0,0,80,,,,
048638,0,0,0,127,,,,
048639,0,0,0,-7,,,,
048640,0,0,0,-5,,,,
048643,0,0,0,13,,,,
048645,0,0,0,15,,,,
048655,0,0,0,-127,,,,
048656,0,0,0,-38,,,,
048657,0,0,0,111,,,,
048658,0,0,0,4,,,,
048659,0,0,0,33,,,,
048661,0,0,0,-59,,,,
048663,0,0,0,-42,,,,
048665,0,0,0,-40,,,,
048666,0,0,0,-100,,,,
048668,0,0,0,-53,,,,
048669,0,0,0,0,,,,
048670,0,0,0,-7,,,,
048671,0,0,0,-77,,,,
048672,0,0,0,312,,,,
048673,0,0,0,-1,,,,
048675,0,0,0,-137,,,,
048676,-50,0,0,37,,,,
048678,0,0,0,-125,,,,
048679,0,0,0,-58,,,,
048680,0,0,0,-64,,,,
048681,0,0,0,-26,,,,
048683,0,0,0,-30,,,,
048684,0,0,0,6,,,,
048685,0,0,0,49,,,,
048686,0,0,0,39,,,,
048688,0,0,0,173,,,,
048689,0,0,0,26,,,,
048690,0,0,0,12,,,,
048691,0,0,0,-164,,,,
048692,0,0,0,3,,,,
048694,0,0,0,-9,,,,
048695,0,0,0,10,,,,
048696,0,0,0,-124,,,,
048698,0,0,0,0,,,,
048700,0,0,0,-5,,,,
048701,0,0,0,50,,,,
048702,0,0,0,-3,,,,
048704,0,0,0,2,,,,
048705,0,0,0,27,,,,
048706,0,0,0,0,,,,
048707,0,0,0,-3,,,,
048709,0,0,0,-2,,,,
048710,0,0,0,-30,,,,
048711,0,0,0,-26,,,,
048712,0,0,0,-1,,,,
048715,0,0,0,-8,,,,
048716,0,0,0,81,,,,
048717,0,0,0,474,,,,
048718,0,0,0,62,,,,
048721,0,0,0,-5,,,,
048722,0,0,0,-66,,,,
048723,0,0,0,-7,,,,
048724,0,0,0,-504,,,,
048726,0,0,0,0,,,,
048727,0,0,0,0,,,,
048728,0,0,0,0,,,,
048730,0,0,0,75,,,,
048731,-500,0,0,1195,,,,
048732,0,0,0,-404,,,,
048733,0,0,0,-104,,,,
048734,0,0,0,-127,,,,
048735,0,0,0,22,,,,
048736,0,0,0,-7,,,,
048737,0,0,0,-10,,,,
048738,5,0,0,-20,,,,
048742,0,0,0,1,,,,
048744,0,0,0,17,,,,
048746,0,0,0,0,,,,
048747,0,0,0,-250,,,,
048749,0,0,0,-20,,,,
048750,0,0,0,11,,,,
048752,0,0,0,-185,,,,
048753,0,0,0,25,,,,
048754,0,0,0,215,,,,
048755,0,0,0,682,,,,
048756,0,0,0,17,,,,
048757,0,0,0,-193,,,,
048759,0,0,0,-5,,,,
048761,0,0,0,-223,,,,
048764,0,0,0,94,,,,
048766,0,0,0,-22,,,,
048767,0,0,0,88,,,,
048773,0,0,0,293,,,,
048774,0,0,0,-280,,,,
048776,0,0,0,-675,,,,
048779,0,0,0,0,,,,
048780,0,0,0,-125,,,,
048781,0,0,0,-426,,,,
048782,0,0,0,-241,,,,
048783,0,0,0,-17,,,,
048785,0,0,0,170,,,,
048790,0,0,0,210,,,,
048792,0,0,0,21,,,,
048793,0,0,0,143,,,,
048794,0,0,0,-790,,,,
048795,0,0,0,-56,,,,
048796,0,0,0,-742,,,,
048797,0,0,0,1,,,,
048798,0,0,0,9,,,,
048799,0,0,0,4,,,,
048800,0,0,0,-85,,,,
048801,0,0,0,33,,,,
048802,0,0,0,6,,,,
048803,0,0,0,-34,,,,
048804,0,0,0,21,,,,
048805,0,0,0,1,,,,
048806,0,0,0,-294,,,,
048807,0,0,0,28,,,,
048808,0,0,0,-56,,,,
048812,0,0,0,-102,,,,
048813,0,0,0,0,,,,
048814,0,0,0,-13,,,,
048815,0,0,0,0,,,,
048816,0,0,0,-39,,,,
048821,0,0,0,17,,,,
048822,0,0,0,5,,,,
048823,0,0,0,1492,,,,
048824,0,0,0,-5,,,,
048826,0,0,0,-30,,,,
048828,0,0,0,-30,,,,
048831,0,0,0,5,,,,
048832,0,0,0,-14,,,,
048833,0,0,0,44,,,,
048834,0,0,0,-66,,,,
048835,0,0,0,11,,,,
048836,0,0,0,61,,,,
048837,0,0,0,-5,,,,
048841,0,0,0,81,,,,
048843,0,0,0,1,,,,
048844,0,0,0,1,,,,
048845,0,0,0,-51,,,,
048846,0,0,0,-9,,,,
048847,0,0,0,98,,,,
048848,0,0,0,-3,,,,
048849,0,0,0,56,,,,
048850,0,0,0,-10,,,,
048851,0,0,0,32,,,,
048852,0,0,0,-97,,,,
048853,0,0,0,-1,,,,
048854,0,0,0,0,,,,
048855,0,0,0,0,,,,
048856,0,0,0,-90,,,,
048858,0,0,0,236,,,,
048859,0,0,0,30,,,,
048860,0,0,0,53,,,,
048861,0,0,0,-48,,,,
048862,0,0,0,-83,,,,
048863,0,0,0,117,,,,
048864,0,0,0,-2,,,,
048865,0,0,0,86,,,,
048866,0,0,0,-95,,,,
048868,0,0,0,-6,,,,
048869,0,0,0,15,,,,
048870,0,0,0,24,,,,
048871,0,0,0,-929,,,,
048872,0,0,0,-38,,,,
048874,0,0,0,-87,,,,
048875,0,0,0,87,,,,
048876,0,0,0,729,,,,
048877,0,0,0,-241,,,,
048879,0,0,0,39,,,,
048880,0,0,0,220,,,,
048882,0,0,0,111,,,,
048883,0,0,0,-6,,,,
048886,0,0,0,-3,,,,
048887,0,0,0,-10,,,,
048888,0,0,0,-117,,,,
048889,0,0,0,-93,,,,
048890,0,0,0,-101,,,,
048893,0,0,0,-19,,,,
048894,0,0,0,-165,,,,
048896,0,0,0,15,,,,
048900,0,0,0,0,,,,
048901,0,0,0,-47,,,,
048902,0,0,0,-158,,,,
048904,0,0,0,109,,,,
048906,0,0,0,-20,,,,
048909,0,0,0,-242,,,,
048913,0,0,0,10,,,,
048915,0,0,0,69,,,,
048917,0,0,0,10,,,,
048919,0,0,0,18,,,,
048920,0,0,0,18,,,,
048921,0,0,0,154,,,,
048922,0,0,0,23,,,,
048923,0,0,0,0,,,,
048924,0,0,0,46,,,,
048925,0,0,0,1,,,,
048926,0,0,0,16,,,,
048927,0,0,0,-100,,,,
048928,0,0,0,0,,,,
048929,0,0,0,2,,,,
048931,0,0,0,47,,,,
048933,0,0,0,-194,,,,
048934,0,0,0,-84,,,,
048935,0,0,0,23,,,,
048936,0,0,0,21,,,,
048937,0,0,0,-46,,,,
048938,0,0,0,29,,,,
048939,0,0,0,0,,,,
048941,0,0,0,15,,,,
048942,0,0,0,0,,,,
048943,0,0,0,3,,,,
048944,0,0,0,26,,,,
048945,0,0,0,0,,,,
048946,0,0,0,-31,,,,
048947,0,0,0,-3,,,,
048948,0,0,0,-88,,,,
048950,0,0,0,-33,,,,
048951,0,0,0,-8,,,,
048952,0,0,0,35,,,,
048954,0,0,0,0,,,,
048955,0,0,0,-23,,,,
048956,0,0,0,4,,,,
048957,0,0,0,0,,,,
048958,0,0,0,-6,,,,
048959,0,0,0,0,,,,
048960,0,0,0,0,,,,
048964,0,0,0,-283,,,,
048965,0,0,0,775,,,,
048966,0,0,0,-445,,,,
048967,0,0,0,224,,,,
048968,0,0,0,-185,,,,
048969,0,0,0,-273,,,,
048970,0,0,0,1334,,,,
048971,0,0,0,0,,,,
048972,0,0,0,60,,,,
048974,0,0,0,13,,,,
048977,0,0,0,65,,,,
048978,0,0,0,-57,,,,
048979,0,0,0,77,,,,
048980,0,0,0,-133,,,,
048985,0,0,0,-64,,,,
048986,0,0,0,-141,,,,
048987,0,0,0,120,,,,
048988,0,0,0,-92,,,,
048989,0,0,0,-240,,,,
048990,0,0,0,-6,,,,
048991,0,0,0,0,,,,
048992,0,0,0,-85,,,,
048993,0,0,0,57,,,,
048994,0,0,0,114,,,,
048997,0,0,0,39,,,,
048998,0,0,0,5,,,,
048999,0,0,0,-11,,,,
04899U,0,0,0,-2,,,,
049001,0,0,0,-45,,,,
049003,0,0,0,-394,,,,
049004,0,0,0,-120,,,,
049005,0,0,0,151,,,,
049006,0,0,0,157,,,,
049007,0,0,0,3,,,,
049008,0,0,0,-283,,,,
04900U,0,0,0,0,,,,
049010,0,0,0,-43,,,,
049011,0,0,0,-179,,,,
049014,0,0,0,27,,,,
049018,0,0,0,215,,,,
049019,0,0,0,71,,,,
049020,0,0,0,8,,,,
049021,0,0,0,103,,,,
049022,0,0,0,-297,,,,
049023,0,0,0,0,,,,
049024,0,0,0,-8,,,,
049025,0,0,0,219,,,,
049026,0,0,0,142,,,,
049027,0,0,0,0,,,,
049028,0,0,0,12,,,,
049034,0,0,0,2497,,,,
049036,0,0,0,3,,,,
049041,0,0,0,2493,,,,
049043,0,0,0,11,,,,
049044,0,0,0,369,,,,
049045,0,0,0,-384,,,,
049046,0,0,0,18,,,,
049047,0,0,0,24,,,,
049048,0,0,0,30,,,,
049049,0,0,0,-63,,,,
04904U,0,0,0,1,,,,
049051,0,0,0,-12,,,,
049052,0,0,0,25,,,,
049053,0,0,0,-234,,,,
049054,0,0,0,-124,,,,
049055,0,0,0,16,,,,
049056,0,0,0,25,,,,
049057,0,0,0,88,,,,
049058,0,0,0,-79,,,,
049059,0,0,0,166,,,,
049061,0,0,0,9,,,,
049063,0,0,0,-13,,,,
049064,0,0,0,77,,,,
049065,0,0,0,71,,,,
049066,0,0,0,1,,,,
049068,0,0,0,-103,,,,
049069,0,0,0,53,,,,
049071,0,0,0,7,,,,
049072,0,0,1,13,,,,
049073,0,0,0,8,,,,
049077,0,0,0,-30,,,,
049078,0,0,0,-165,,,,
049079,0,0,0,42,,,,
049081,0,0,0,0,,,,
049082,0,0,0,-282,,,,
049083,0,0,0,-126,,,,
049087,0,0,0,0,,,,
049088,0,0,0,-178,,,,
049089,0,0,0,-3,,,,
049090,0,0,0,-343,,,,
049092,0,0,0,0,,,,
049093,0,0,0,3,,,,
049096,0,0,0,-20,,,,
049097,0,0,0,23,,,,
049098,0,0,0,180,,,,
049100,0,0,0,-325,,,,
049101,0,0,0,-3,,,,
049102,0,0,0,-92,,,,
049103,0,0,0,0,,,,
049105,0,0,0,-19,,,,
049106,0,0,0,9,,,,
049107,0,0,0,-14,,,,
049108,0,0,0,-328,,,,
049109,0,0,0,306,,,,
049110,0,0,0,-75,,,,
049112,0,0,0,566,,,,
049114,0,0,0,-24,,,,
049115,0,0,0,-527,,,,
049119,0,0,0,-2,,,,
049121,0,0,0,194,,,,
049122,0,0,0,3,,,,
049123,0,0,0,-451,,,,
049125,0,0,0,-24,,,,
049128,0,0,0,-10,,,,
049129,0,0,0,0,,,,
049130,0,0,0,-9,,,,
049131,0,0,0,7,,,,
049132,0,0,0,-46,,,,
049133,0,0,0,24,,,,
049134,0,0,0,118,,,,
049135,0,0,0,0,,,,
049137,0,0,0,-257,,,,
049138,0,0,0,325,,,,
049139,0,0,0,9,,,,
049140,0,0,0,250,,,,
049141,0,0,0,20,,,,
049142,0,0,0,1,,,,
049143,0,0,0,-35,,,,
049144,0,0,0,94,,,,
049145,0,0,0,6,,,,
049146,0,0,0,-1025,,,,
049147,0,0,0,-215,,,,
049148,0,0,0,-589,,,,
049149,0,0,0,423,,,,
049150,0,0,0,418,,,,
049153,0,0,0,-50,,,,
049154,0,0,0,-29,,,,
049155,0,0,0,10,,,,
049156,0,0,0,-106,,,,
049160,0,0,0,17,,,,
049161,0,0,0,28,,,,
049162,0,0,0,-10,,,,
049163,0,0,0,56,,,,
049164,0,0,0,-18,,,,
049165,0,0,0,20,,,,
049166,0,0,0,0,,,,
049167,0,0,0,160,,,,
049169,0,0,0,0,,,,
049170,0,0,0,180,,,,
049171,0,0,0,0,,,,
049172,0,0,0,0,,,,
049177,0,0,0,5,,,,
049179,0,0,0,-189,,,,
049180,0,0,0,-34,,,,
049181,0,0,0,-4,,,,
049183,0,0,0,0,,,,
049184,0,0,0,-4,,,,
049185,0,0,0,151,,,,
049186,0,0,0,41,,,,
049187,0,0,0,-8,,,,
049188,0,0,0,92,,,,
049189,0,0,0,36,,,,
049190,0,0,0,3,,,,
049192,0,0,0,-6,,,,
049193,0,0,0,-20,,,,
049194,0,0,0,3,,,,
049195,0,0,0,38,,,,
049198,0,0,0,-4,,,,
049200,0,0,0,-63,,,,
049201,0,0,0,-305,,,,
049202,0,0,0,58,,,,
049204,0,0,0,-54,,,,
049206,0,0,0,-2,,,,
049207,0,0,0,29,,,,
049208,0,0,0,0,,,,
049209,0,0,0,75,,,,
049212,0,0,0,2510,,,,
049214,0,0,0,8,,,,
049215,0,0,0,-29,,,,
049217,0,0,0,956,,,,
049218,0,0,0,10,,,,
049219,0,0,0,25,,,,
049220,0,0,0,8,,,,
049221,0,0,0,-147,,,,
049222,0,0,0,79,,,,
049223,0,0,0,10,,,,
049224,0,0,0,10,,,,
049225,15,0,0,-89,,,,
049226,0,0,0,8,,,,
049227,0,0,0,-90,,,,
049228,0,0,0,-696,,,,
049230,0,0,0,-22,,,,
049232,0,0,0,-9,,,,
049233,0,0,0,253,,,,
049234,0,0,0,111,,,,
049235,0,0,0,-758,,,,
049236,0,0,0,16,,,,
049237,0,0,0,10,,,,
049239,0,0,0,-6,,,,
049242,0,0,0,28,,,,
049243,0,0,0,82,,,,
049247,0,0,0,43,,,,
049250,0,0,0,-113,,,,
049251,0,0,0,-1,,,,
049252,0,0,0,-72,,,,
049253,0,0,0,0,,,,
049254,0,0,0,0,,,,
049255,0,0,0,-3,,,,
049256,0,0,0,-11,,,,
049257,0,0,0,12,,,,
049258,0,0,0,2,,,,
049259,0,0,0,0,,,,
049261,0,0,0,74,,,,
049262,0,0,0,0,,,,
049264,0,0,0,0,,,,
049265,0,0,0,9,,,,
049266,0,0,0,-36,,,,
049267,0,0,0,-17,,,,
049268,0,0,0,-11,,,,
049269,0,0,0,0,,,,
04926U,0,0,0,-20,,,,
049270,0,0,0,25,,,,
049271,0,0,0,-21,,,,
049272,0,0,0,12,,,,
049273,0,0,0,-75,,,,
049274,0,0,0,12,,,,
049275,0,0,0,6,,,,
049277,0,0,0,186,,,,
049278,0,0,0,393,,,,
04927U,0,0,0,10,,,,
049280,0,0,0,-14,,,,
049281,0,0,0,17,,,,
049282,0,0,0,14,,,,
049284,0,0,0,-55,,,,
049285,0,0,0,12,,,,
049286,0,0,0,-185,,,,
049287,0,0,0,323,,,,
049288,0,0,0,136,,,,
049289,0,0,0,-204,,,,
049290,0,0,0,-6,,,,
049291,0,0,0,-53,,,,
049293,0,0,0,-83,,,,
049294,0,0,0,613,,,,
049295,0,0,0,-28,,,,
049296,0,0,0,-226,,,,
049297,0,0,0,-2,,,,
049299,0,0,0,37,,,,
049301,0,0,0,438,,,,
049302,0,0,0,-332,,,,
049303,0,0,0,75,,,,
049304,0,0,0,-156,,,,
049305,0,0,0,-32,,,,
049308,0,0,0,236,,,,
049309,0,0,0,118,,,,
049310,0,0,0,167,,,,
049311,0,0,0,5,,,,
049312,0,0,0,-11,,,,
049316,0,0,0,-1,,,,
049317,0,0,0,97,,,,
049318,0,0,0,341,,,,
049319,0,0,0,-116,,,,
04931U,0,0,0,38,,,,
049320,0,0,0,-20,,,,
049322,0,0,0,-9,,,,
049323,0,0,0,-29,,,,
049324,0,0,0,19,,,,
049325,0,0,0,-344,,,,
049326,0,0,0,-66,,,,
049327,0,0,0,35,,,,
049328,0,0,0,105,,,,
049329,0,0,0,-70,,,,
049330,0,0,0,-3,,,,
049332,0,0,0,-2,,,,
049333,0,0,0,-64,,,,
049337,0,0,0,-3,,,,
049338,0,0,0,0,,,,
049343,0,0,0,83,,,,
049344,0,0,0,10,,,,
049345,0,0,0,79,,,,
049346,0,0,0,-100,,,,
049347,0,0,0,626,,,,
049348,0,0,0,211,,,,
049349,0,0,0,1,,,,
049350,0,0,0,-50,,,,
049353,0,0,0,74,,,,
049354,0,0,0,450,,,,
049356,0,0,0,-14,,,,
049357,0,0,0,759,,,,
049358,0,0,0,0,,,,
049359,0,0,0,-1,,,,
049360,0,0,0,22,,,,
049361,0,0,0,14,,,,
049362,0,0,0,177,,,,
049363,0,0,0,0,,,,
049364,0,0,0,1,,,,
049365,0,0,0,61,,,,
049367,0,0,0,-698,,,,
049368,0,0,0,5,,,,
04936U,0,0,0,59,,,,
049370,0,0,0,232,,,,
049371,0,0,0,-165,,,,
049372,0,0,0,62,,,,
049373,0,0,0,-32,,,,
049374,0,0,0,188,,,,
049375,0,0,0,5,,,,
049376,0,0,0,6,,,,
049377,0,0,0,20,,,,
049378,0,0,0,80,,,,
049379,0,0,0,2,,,,
049380,0,0,0,110,,,,
049381,0,0,0,-1290,,,,
049383,0,0,0,104,,,,
049384,0,0,0,140,,,,
049385,0,0,0,2,,,,
049386,0,0,0,-214,,,,
049389,0,0,0,-197,,,,
049390,0,0,0,-5,,,,
049391,0,0,0,36,,,,
049392,0,0,0,-8,,,,
049393,0,0,0,-268,,,,
049394,0,0,0,-5,,,,
049395,0,0,0,71,,,,
049396,0,0,0,121,,,,
049397,0,0,0,-189,,,,
049398,0,0,0,1264,,,,
049399,0,0,0,-20,,,,
049400,0,0,0,332,,,,
049401,0,0,0,-83,,,,
049402,0,0,0,-150,,,,
049405,0,0,0,-135,,,,
049406,0,0,0,-1,,,,
049407,0,0,0,4,,,,
049408,0,0,0,161,,,,
049409,0,0,0,57,,,,
049410,0,0,0,1,,,,
049412,0,0,0,-70,,,,
049413,0,0,0,-134,,,,
049414,0,0,0,227,,,,
049415,0,0,0,0,,,,
049417,0,0,0,224,,,,
049418,0,0,0,-322,,,,
049419,0,0,0,600,,,,
049420,0,0,0,63,,,,
049421,0,0,0,256,,,,
049422,0,0,0,4,,,,
049423,0,0,0,-110,,,,
049424,0,0,0,330,,,,
049425,0,0,0,238,,,,
049427,0,0,0,-10,,,,
049429,0,0,0,292,,,,
049430,0,0,0,-188,,,,
049431,0,0,0,-206,,,,
049432,0,0,0,0,,,,
049433,0,0,0,396,,,,
049434,0,0,0,-300,,,,
049435,0,0,0,-56,,,,
049436,0,0,0,-30,,,,
049437,0,0,0,213,,,,
049439,0,0,0,-53,,,,
049441,0,0,0,13,,,,
049442,0,0,0,25,,,,
049443,0,0,0,218,,,,
049444,0,0,0,2,,,,
049445,0,0,0,1,,,,
049446,0,0,0,37,,,,
049447,0,0,0,112,,,,
049448,0,0,0,-55,,,,
049449,0,0,0,-9,,,,
049450,0,0,0,44,,,,
049451,0,0,0,1,,,,
049452,0,0,0,-80,,,,
049454,0,0,0,-403,,,,
049455,0,0,0,21,,,,
049456,0,0,0,-170,,,,
049457,0,0,0,22,,,,
049458,0,0,0,51,,,,
049459,0,0,0,-156,,,,
049460,0,0,0,-9,,,,
049461,0,0,0,23,,,,
049462,0,0,0,-69,,,,
049463,0,0,0,89,,,,
049464,0,0,0,93,,,,
049466,0,0,0,0,,,,
049467,0,0,0,1,,,,
049468,0,0,0,158,,,,
049470,0,0,0,7,,,,
049473,0,0,0,-20,,,,
049474,0,0,0,-459,,,,
049480,0,0,0,74,,,,
049481,0,0,0,3,,,,
049482,0,0,0,37,,,,
049483,0,0,0,30,,,,
049484,0,0,0,5,,,,
049485,0,0,0,-1,,,,
049486,0,0,0,14,,,,
049487,0,0,0,22,,,,
049488,0,0,0,-22,,,,
049489,0,0,0,23,,,,
049490,0,0,0,-52,,,,
049491,0,0,0,-10,,,,
049492,0,0,0,-26,,,,
049493,0,0,0,-13,,,,
049494,0,0,0,-5,,,,
049495,0,0,0,8,,,,
049498,0,0,0,-66,,,,
049500,0,0,0,45,,,,
049502,0,0,0,48,,,,
049503,0,0,0,-18,,,,
049504,0,0,0,3,,,,
049505,0,0,0,-30,,,,
049506,0,0,0,-28,,,,
049507,0,0,0,-3,,,,
049508,0,0,0,-28,,,,
049509,0,0,0,33,,,,
049511,0,0,0,-20,,,,
049512,0,0,0,276,,,,
049513,0,0,0,-4,,,,
049514,0,0,0,0,,,,
049516,0,0,0,42,,,,
049517,0,0,0,84,,,,
049519,0,0,0,-17,,,,
049520,0,0,0,-24,,,,
049521,0,0,0,46,,,,
049523,0,0,0,6,,,,
049524,0,0,0,5,,,,
049525,0,0,0,18,,,,
049528,0,0,0,-15,,,,
049530,0,0,0,0,,,,
049531,0,0,0,36,,,,
049532,0,0,0,-34,,,,
049534,0,0,0,-39,,,,
049535,0,0,0,-71,,,,
049536,0,0,0,31,,,,
049537,0,0,0,196,,,,
049538,0,0,0,-21,,,,
049539,0,0,0,-95,,,,
049541,0,0,0,-163,,,,
049542,0,0,0,286,,,,
049543,0,0,0,-46,,,,
049544,0,0,0,0,,,,
049546,0,0,0,-1,,,,
049548,0,0,0,3,,,,
049549,0,0,0,-20,,,,
049550,0,0,0,-6,,,,
049551,0,0,0,0,,,,
049552,0,0,0,0,,,,
049554,0,0,0,500,,,,
049557,0,0,0,31,,,,
049558,0,0,0,0,,,,
049559,0,0,0,-37,,,,
049560,0,0,0,62,,,,
049562,0,0,0,93,,,,
049563,0,0,0,0,,,,
049564,0,0,0,0,,,,
049565,0,0,0,25,,,,
049566,0,0,0,1,,,,
049568,0,0,0,-937,,,,
049569,0,0,0,3,,,,
049570,0,0,0,-32,,,,
049571,0,0,0,-10,,,,
049572,0,0,0,-20,,,,
049574,0,0,0,24,,,,
049575,-10,0,0,14,,,,
049576,0,0,0,84,,,,
049580,0,0,0,5,,,,
049581,0,0,0,-34,,,,
049583,0,0,0,250,,,,
049584,0,0,0,185,,,,
049585,0,0,0,143,,,,
049586,0,0,0,1624,,,,
049588,0,0,0,-16,,,,
049589,0,0,0,-39,,,,
049592,0,0,0,-250,,,,
049593,0,0,0,0,,,,
049595,0,0,0,-26,,,,
049596,0,0,0,-263,,,,
049597,0,0,0,20,,,,
049599,0,0,0,-121,,,,
04959U,0,0,0,0,,,,
049600,0,0,0,-71,,,,
049601,0,0,0,-93,,,,
049602,0,0,0,-21,,,,
049603,0,0,0,-21,,,,
049605,0,0,0,-169,,,,
049606,0,0,0,-172,,,,
049607,0,0,0,791,,,,
049608,0,0,0,978,,,,
049609,0,0,0,351,,,,
049610,0,0,0,-39,,,,
049611,0,0,0,-130,,,,
049612,0,0,0,-1,,,,
049613,0,0,0,-5,,,,
049614,0,0,0,-238,,,,
049616,0,0,0,37,,,,
049617,0,0,0,187,,,,
049618,0,0,0,-39,,,,
049619,0,0,0,24,,,,
049620,0,0,0,70,,,,
049621,0,0,0,-3,,,,
049622,0,0,0,-14,,,,
049623,0,0,0,-37,,,,
049624,0,0,0,-67,,,,
049625,0,0,0,58,,,,
049626,0,0,0,-43,,,,
049627,0,0,0,-51,,,,
049629,0,0,0,-5,,,,
049630,0,0,0,1,,,,
049631,0,0,0,56,,,,
049633,0,0,0,-5,,,,
049634,0,0,0,-60,,,,
049635,0,0,0,52,,,,
049636,0,0,0,-530,,,,
049639,0,0,0,-2,,,,
049640,0,0,0,1,,,,
049643,0,0,0,-8,,,,
049644,0,0,0,51,,,,
049645,0,0,0,-2,,,,
049646,0,0,0,-126,,,,
049647,0,0,0,83,,,,
049648,0,0,0,118,,,,
049649,0,0,0,-399,,,,
049651,0,0,0,1,,,,
049652,0,0,0,-100,,,,
049653,0,0,0,-2,,,,
049655,0,0,0,22,,,,
049656,0,0,0,-12,,,,
049657,0,0,0,-60,,,,
049658,0,0,0,0,,,,
049659,0,0,0,54,,,,
049660,0,0,0,-7,,,,
049662,0,0,0,36,,,,
049663,0,0,0,113,,,,
049665,0,0,0,63,,,,
049666,0,0,0,-125,,,,
049667,0,0,0,-184,,,,
049668,0,0,0,19,,,,
049669,0,0,0,-447,,,,
049670,0,0,0,-99,,,,
049671,0,0,0,-10,,,,
049674,0,0,0,1,,,,
049675,0,0,0,-101,,,,
049676,0,0,0,-10,,,,
049677,0,0,0,65,,,,
049678,0,0,0,3,,,,
049679,0,0,0,-169,,,,
049680,0,0,0,29,,,,
049683,0,0,0,-39,,,,
049684,0,0,0,0,,,,
049685,0,0,0,94,,,,
049686,0,0,0,-4,,,,
049687,0,0,0,0,,,,
049690,0,0,0,47,,,,
049691,0,0,0,-28,,,,
049693,0,0,0,31,,,,
049694,0,0,0,15,,,,
049695,0,0,0,0,,,,
049696,0,0,0,-126,,,,
049697,0,0,0,-7,,,,
049698,0,0,0,46,,,,
049699,0,0,0,-11,,,,
049700,0,0,0,-4,,,,
049701,0,0,0,-45,,,,
049702,0,0,0,-4,,,,
049703,0,0,0,241,,,,
049704,0,0,0,-5,,,,
049707,0,0,0,-20,,,,
049709,0,0,0,40,,,,
04970U,0,0,0,50,,,,
049711,0,0,0,87,,,,
049712,0,0,0,158,,,,
049714,0,0,0,-40,,,,
049715,0,0,0,-164,,,,
049717,0,0,0,8,,,,
049718,0,0,0,-1,,,,
049720,0,0,0,-130,,,,
049721,0,0,0,40,,,,
049722,0,0,0,-204,,,,
049723,0,0,0,-97,,,,
049724,0,0,0,38,,,,
049727,0,0,0,146,,,,
049729,0,0,0,-250,,,,
049730,0,0,0,-150,,,,
049731,0,0,0,-312,,,,
049734,0,0,0,-264,,,,
049736,0,0,0,-918,,,,
049737,0,0,0,100,,,,
049738,0,0,0,-210,,,,
049739,0,0,0,-10,,,,
04973U,0,0,0,-200,,,,
049740,0,0,0,-189,,,,
049741,0,0,0,-234,,,,
049742,0,0,0,-10,,,,
049744,0,0,0,-57,,,,
049745,0,0,0,160,,,,
049746,0,0,0,-200,,,,
049747,0,0,0,130,,,,
049748,0,0,0,710,,,,
049749,0,0,0,-390,,,,
049750,0,0,0,10,,,,
049751,0,0,0,14,,,,
049752,0,0,0,0,,,,
049754,0,0,0,-1,,,,
049755,0,0,0,-653,,,,
049756,0,0,0,-298,,,,
049757,0,0,0,-12,,,,
049758,0,0,0,4,,,,
049759,0,0,0,173,,,,
049761,0,0,0,5,,,,
049767,0,0,0,50,,,,
049768,0,0,0,-146,,,,
049771,0,0,0,22,,,,
049772,0,0,0,-224,,,,
049776,0,0,0,-36,,,,
049777,0,0,0,-20,,,,
049779,0,0,0,-42,,,,
049780,0,0,0,-105,,,,
049781,0,0,0,0,,,,
049782,0,0,0,-18,,,,
049783,0,0,0,-7,,,,
049785,0,0,0,-1,,,,
049787,0,0,0,30,,,,
049788,0,0,0,63,,,,
049789,0,0,0,0,,,,
049792,0,0,0,-70,,,,
049793,0,0,0,5,,,,
049794,0,0,0,-93,,,,
049795,0,0,0,10,,,,
049797,0,0,0,3,,,,
049799,0,0,0,10,,,,
049800,0,0,0,12,,,,
049802,0,0,0,207,,,,
049803,0,0,0,-145,,,,
049804,0,0,0,-3,,,,
049805,0,0,0,-4,,,,
049806,0,0,0,194,,,,
049807,0,0,0,-10,,,,
049809,0,0,0,-76,,,,
049810,0,0,0,-41,,,,
049811,0,0,0,7,,,,
049812,0,0,0,10,,,,
049813,0,0,0,159,,,,
049815,0,0,0,0,,,,
049817,0,0,0,8,,,,
049819,0,0,0,-65,,,,
049820,0,0,0,-12,,,,
049821,0,0,0,-5,,,,
049822,0,0,0,-71,,,,
049823,0,0,0,-155,,,,
049824,0,0,0,119,,,,
049825,0,0,0,-2,,,,
049826,0,0,0,226,,,,
049827,0,0,0,357,,,,
049828,0,0,0,81,,,,
049829,0,0,0,1458,,,,
049830,0,0,0,-269,,,,
049831,0,0,0,92,,,,
049833,0,0,0,-30,,,,
049834,0,0,0,-10,,,,
049835,0,0,0,-578,,,,
049836,0,0,0,884,,,,
049837,0,0,0,109,,,,
049838,0,0,0,4,,,,
049839,0,0,0,254,,,,
04983U,0,0,0,-10,,,,
049842,0,0,0,-191,,,,
049844,0,0,0,4,,,,
049845,0,0,0,-14,,,,
049846,0,0,0,-600,,,,
049847,0,0,0,-3,,,,
049848,0,0,0,-138,,,,
049849,0,0,0,-20,,,,
049851,0,0,0,11,,,,
049853,0,0,0,21,,,,
049856,0,0,0,165,,,,
049857,0,0,0,92,,,,
049859,0,0,0,2,,,,
049860,0,0,0,-74,,,,
049861,0,0,0,-20,,,,
049862,0,0,0,-4,,,,
049863,0,0,0,-100,,,,
049864,0,0,0,230,,,,
049867,0,0,0,148,,,,
049868,0,0,0,52,,,,
049871,0,0,0,62,,,,
049874,0,0,0,299,,,,
049875,0,0,0,-100,,,,
049876,0,0,0,93,,,,
049877,0,0,0,165,,,,
049879,0,0,0,44,,,,
049880,0,0,0,4,,,,
049882,0,0,0,-63,,,,
049884,0,0,0,-44,,,,
049885,0,0,0,-66,,,,
049886,0,0,0,-114,,,,
049887,0,0,0,10,,,,
049889,0,0,0,32,,,,
049890,0,0,0,221,,,,
049892,0,0,0,34,,,,
049894,0,0,0,-55,,,,
049899,0,0,0,-55,,,,
049900,0,0,0,0,,,,
049902,0,0,0,35,,,,
049903,0,0,0,20,,,,
049905,0,0,0,-10,,,,
049906,0,0,0,-20,,,,
049908,0,0,0,-3,,,,
049910,0,0,0,22,,,,
049914,0,0,0,4,,,,
049915,0,0,0,0,,,,
049916,0,0,0,5,,,,
049918,0,0,0,-4,,,,
049919,0,0,0,-10,,,,
049920,0,0,0,42,,,,
049921,0,0,0,12,,,,
049922,0,0,0,154,,,,
049923,0,0,0,184,,,,
049924,0,0,0,-32,,,,
049925,0,0,0,16,,,,
049926,0,0,0,31,,,,
049927,0,0,0,-117,,,,
049928,0,0,0,-4,,,,
049929,0,0,0,-27,,,,
049930,0,0,0,18,,,,
049933,0,0,0,2,,,,
049935,0,0,0,-81,,,,
049936,0,0,0,-61,,,,
049938,0,0,0,3,,,,
049941,0,0,0,1,,,,
049942,0,0,0,-270,,,,
049946,0,0,0,-14,,,,
049947,0,0,0,-109,,,,
049948,0,0,0,665,,,,
049949,0,0,0,694,,,,
049954,0,0,0,-3,,,,
049955,0,0,0,117,,,,
049958,0,0,0,161,,,,
049962,0,0,0,-267,,,,
049963,0,0,0,136,,,,
049964,0,0,0,-6,,,,
049965,0,0,0,-202,,,,
049966,0,0,0,9,,,,
049969,0,0,0,-7,,,,
049971,0,0,0,-257,,,,
049972,0,0,0,146,,,,
049973,0,0,0,187,,,,
049974,0,0,0,125,,,,
049975,0,0,0,-231,,,,
049976,0,0,0,3,,,,
049977,0,0,0,0,,,,
049978,0,0,0,-38,,,,
049979,0,0,0,168,,,,
049982,0,0,0,-33,,,,
049983,0,0,0,25,,,,
049984,0,0,0,-119,,,,
049985,0,0,0,408,,,,
049986,0,0,0,49,,,,
049987,0,0,0,24,,,,
049988,0,0,0,-120,,,,
049990,0,0,0,0,,,,
049991,0,0,0,169,,,,
049992,0,0,0,-30,,,,
049993,0,0,0,10,,,,
049995,0,0,0,-186,,,,
049996,0,0,0,-22,,,,
049999,0,0,0,14,,,,
050000,0,0,0,1,,,,
050001,0,0,0,-22,,,,
050002,0,0,0,-77,,,,
050003,0,0,0,-61,,,,
050004,0,0,0,-39,,,,
050006,0,0,0,-2675,,,,
050007,0,0,0,315,,,,
050008,0,0,0,-1,,,,
050013,0,0,0,-5,,,,
050014,0,0,0,-57,,,,
050016,0,0,0,5,,,,
050017,0,0,0,27,,,,
050018,0,0,0,0,,,,
050021,0,0,0,59,,,,
050022,0,0,0,0,,,,
050023,0,0,0,329,,,,
050024,0,0,0,0,,,,
050025,0,0,0,3,,,,
050028,0,0,0,-22,,,,
050029,0,0,0,-32,,,,
050030,0,0,0,750,,,,
050031,0,0,0,0,,,,
050032,0,0,0,2,,,,
050033,0,0,0,0,,,,
050035,0,0,0,102,,,,
050036,0,0,0,-188,,,,
050037,0,0,0,-17,,,,
050038,0,0,0,-15,,,,
050039,0,0,0,-33,,,,
050040,0,0,0,6,,,,
050042,0,0,0,180,,,,
050043,0,0,0,-1630,,,,
050044,0,0,0,0,,,,
050045,0,0,0,22,,,,
050046,0,0,0,40,,,,
050047,0,0,0,194,,,,
050050,0,0,0,-116,,,,
050051,0,0,0,-59,,,,
050052,0,0,0,117,,,,
050053,0,0,0,50,,,,
050054,0,0,0,10,,,,
050055,0,0,0,375,,,,
050056,0,0,0,-5,,,,
050057,0,0,0,44,,,,
050059,0,0,0,5,,,,
05005U,0,0,0,-12,,,,
050060,0,0,0,-225,,,,
050061,0,0,0,-42,,,,
050062,0,0,0,-6,,,,
050065,0,0,0,-30,,,,
050067,0,0,0,39,,,,
050068,0,0,0,41,,,,
050069,0,0,0,-23,,,,
050070,0,0,0,-348,,,,
050071,0,0,0,-19,,,,
050072,0,0,0,-482,,,,
050073,0,0,0,-435,,,,
050074,0,0,0,-90,,,,
050075,0,0,0,264,,,,
050076,0,0,0,-235,,,,
050077,0,0,0,-249,,,,
050079,0,0,0,-3,,,,
05007U,0,0,0,2,,,,
050080,0,0,0,-701,,,,
050081,0,0,0,-262,,,,
050082,0,0,0,8,,,,
050083,0,0,0,-80,,,,
050084,0,0,0,31,,,,
050086,0,0,0,25,,,,
050087,0,0,0,-70,,,,
050088,0,0,0,-1,,,,
050089,0,0,0,-426,,,,
05008U,0,0,0,-512,,,,
050090,0,0,0,20,,,,
050091,0,0,0,17,,,,
050092,0,0,0,-83,,,,
050093,0,0,0,5,,,,
050095,0,0,0,188,,,,
050096,0,0,0,14,,,,
050097,0,0,0,10,,,,
050099,0,0,0,627,,,,
050100,0,0,0,14,,,,
050101,0,0,0,57,,,,
050102,0,0,0,2,,,,
050103,0,0,0,207,,,,
050104,0,0,0,43,,,,
050105,0,0,0,-19,,,,
050107,0,0,0,-30,,,,
050110,0,0,0,-14,,,,
050111,0,0,0,116,,,,
050112,0,0,0,504,,,,
050113,0,0,0,-333,,,,
050114,0,0,0,-2,,,,
050115,0,0,0,78,,,,
050116,0,0,0,-108,,,,
050120,0,0,0,-18,,,,
050121,0,0,0,20,,,,
050122,0,0,0,-133,,,,
050123,0,0,0,-53,,,,
050126,0,0,0,-7,,,,
050127,0,0,0,-3,,,,
050128,0,0,0,-3,,,,
050129,0,0,0,8,,,,
050130,0,0,0,3,,,,
050131,0,0,0,24,,,,
050132,0,0,0,21,,,,
050133,0,0,0,-1,,,,
050134,0,0,0,-4,,,,
050135,0,0,0,-1,,,,
050136,0,0,0,-14,,,,
050137,0,0,0,6,,,,
050138,0,0,0,-216,,,,
050140,0,0,0,-9,,,,
050142,0,0,0,-217,,,,
050145,0,0,0,19,,,,
050146,0,0,0,222,,,,
050147,0,0,0,-61,,,,
050148,0,0,0,20,,,,
050149,0,0,0,-918,,,,
050150,0,0,0,349,,,,
050151,0,0,0,-983,,,,
050152,0,0,0,0,,,,
050153,0,0,0,53,,,,
050154,0,0,0,-26,,,,
050158,0,0,0,90,,,,
050162,0,0,0,-265,,,,
050164,0,0,0,-250,,,,
050165,0,0,0,0,,,,
050166,0,0,0,-64,,,,
050167,0,0,0,-336,,,,
050168,0,0,0,-307,,,,
050169,0,0,0,-30,,,,
050170,0,0,0,-119,,,,
050171,0,0,0,4,,,,
050172,0,0,0,-30,,,,
050173,0,0,0,-16,,,,
050174,0,0,0,-88,,,,
050175,0,0,0,-83,,,,
050177,0,0,0,-41,,,,
050178,0,0,0,101,,,,
050179,0,0,0,202,,,,
050180,0,0,0,13,,,,
050181,0,0,0,-13,,,,
050182,0,0,0,8,,,,
050183,0,0,0,110,,,,
050184,0,0,0,-368,,,,
050185,0,0,0,-169,,,,
050186,0,0,0,121,,,,
050187,0,0,0,143,,,,
050188,0,0,0,11,,,,
050189,0,0,0,112,,,,
050190,0,0,0,300,,,,
050191,0,0,0,54,,,,
050194,0,0,0,-584,,,,
050196,0,0,0,-220,,,,
050197,0,0,0,340,,,,
050198,0,0,0,145,,,,
050201,0,0,0,0,,,,
050204,0,0,0,6,,,,
050205,0,0,0,0,,,,
050208,0,0,0,-2,,,,
050209,0,0,0,49,,,,
050211,0,0,0,-7,,,,
050213,0,0,0,-62,,,,
050214,0,0,0,0,,,,
050217,0,0,0,4,,,,
050218,0,0,0,13,,,,
050220,0,0,0,-16,,,,
050222,0,0,0,71,,,,
050224,0,0,0,-10,,,,
050225,0,0,0,-8,,,,
050226,0,0,0,19,,,,
050227,0,0,0,-1,,,,
050228,0,0,0,-5,,,,
050229,0,0,0,101,,,,
050230,0,0,0,33,,,,
050231,0,0,0,-198,,,,
050232,0,0,0,32,,,,
050233,0,0,0,0,,,,
050234,0,0,0,3768,,,,
050235,0,0,0,0,,,,
050236,0,0,0,-293,,,,
050237,0,0,0,-545,,,,
050238,0,0,0,-381,,,,
050239,0,0,0,-227,,,,
050240,0,0,0,-10,,,,
050241,0,0,0,2,,,,
050242,0,0,0,67,,,,
050243,0,0,0,-3,,,,
050245,0,0,0,0,,,,
050246,0,0,0,0,,,,
050247,0,0,0,21,,,,
050248,0,0,0,0,,,,
050249,0,0,0,-65,,,,
050250,0,0,0,-6,,,,
050251,0,0,0,29,,,,
050252,0,0,0,341,,,,
050253,0,0,0,0,,,,
050254,0,0,0,-2,,,,
050256,0,0,0,-1,,,,
050257,0,0,0,-17,,,,
050259,0,0,0,38,,,,
050260,0,0,0,10,,,,
050263,0,0,0,-50,,,,
050264,0,0,0,15,,,,
050265,0,0,0,-384,,,,
050266,0,0,0,-171,,,,
050267,0,0,0,-10,,,,
050268,0,0,0,76,,,,
050269,0,0,0,-127,,,,
050270,0,0,0,-6,,,,
050271,0,0,0,3,,,,
050273,0,0,0,-363,,,,
050274,0,0,0,18,,,,
050276,0,0,0,-33,,,,
050277,0,0,0,10,,,,
050279,0,0,0,-470,,,,
050280,0,0,0,-91,,,,
050282,0,0,0,21,,,,
050283,0,0,0,-10,,,,
050285,0,0,0,81,,,,
050286,0,0,0,-1,,,,
050287,0,0,0,184,,,,
050288,0,0,0,-4,,,,
050289,0,0,0,-27,,,,
050290,0,0,0,0,,,,
050291,0,0,0,-149,,,,
050292,0,0,0,-159,,,,
050293,0,0,0,-199,,,,
050294,0,0,0,-3,,,,
050296,0,0,0,-105,,,,
050297,0,0,0,-1298,,,,
050300,0,0,0,-3,,,,
050301,0,0,0,25,,,,
050302,0,0,0,-257,,,,
050303,0,0,0,-64,,,,
050304,0,0,0,-38,,,,
050305,0,0,0,-99,,,,
050306,0,0,0,1,,,,
050307,0,0,0,20,,,,
050308,0,0,0,-10,,,,
050309,0,0,0,-40,,,,
050311,0,0,0,0,,,,
050312,0,0,0,-171,,,,
050314,0,0,0,-12,,,,
050315,0,0,0,24,,,,
050317,0,0,0,-119,,,,
050318,0,0,0,0,,,,
050319,0,0,0,161,,,,
050320,0,0,0,0,,,,
050321,0,0,0,-10,,,,
050324,0,0,0,-62,,,,
050326,0,0,0,0,,,,
050327,0,0,0,-191,,,,
050328,0,0,0,-20,,,,
050329,0,0,0,33,,,,
05032U,0,0,0,-9,,,,
050330,0,0,0,-3,,,,
050331,0,0,0,9,,,,
050332,0,0,0,23,,,,
050333,0,0,0,33,,,,
050334,0,0,0,4,,,,
050335,0,0,0,-79,,,,
050337,0,0,0,-28,,,,
050338,0,0,0,18,,,,
050339,0,0,0,7,,,,
050340,0,0,0,440,,,,
050341,0,0,0,-56,,,,
050342,0,0,0,48,,,,
050343,0,0,0,152,,,,
050344,0,0,0,5,,,,
050347,-2,0,0,-36,,,,
050348,0,0,0,234,,,,
050349,0,0,0,375,,,,
050350,0,0,0,609,,,,
050351,0,0,0,-5,,,,
050352,0,0,0,0,,,,
050353,0,0,0,-33,,,,
050354,0,0,0,-672,,,,
050355,0,0,0,30,,,,
050356,0,0,0,86,,,,
050357,0,0,0,263,,,,
050358,0,0,0,-8,,,,
050359,0,0,0,-97,,,,
050360,0,0,0,146,,,,
050362,0,0,0,-24,,,,
050363,0,0,0,-250,,,,
050364,0,0,0,-163,,,,
050366,0,0,0,-40,,,,
050367,0,0,0,262,,,,
050368,0,0,0,5,,,,
050369,0,0,0,100,,,,
050370,0,0,0,69,,,,
050371,0,0,0,962,,,,
050372,0,0,0,-228,,,,
050373,0,0,0,-92,,,,
050374,0,0,0,-122,,,,
050375,0,0,0,-489,,,,
050376,0,0,0,321,,,,
050377,0,0,0,-236,,,,
050378,0,0,0,151,,,,
050379,0,0,0,-85,,,,
050380,0,0,0,307,,,,
050381,0,0,0,-5,,,,
050382,0,0,0,37,,,,
050384,0,0,0,10,,,,
050385,0,0,0,-43,,,,
050387,0,0,0,0,,,,
050388,0,0,0,6,,,,
050389,0,0,0,-50,,,,
050390,0,0,0,0,,,,
050391,0,0,0,0,,,,
050393,0,0,0,-5,,,,
050395,0,0,0,52,,,,
050397,0,0,0,0,,,,
050398,0,0,0,0,,,,
050399,0,0,0,3,,,,
05039U,0,0,0,-10,,,,
050400,0,0,0,-165,,,,
050401,0,0,0,412,,,,
050403,0,0,0,-80,,,,
050404,0,0,0,8,,,,
050406,0,0,0,149,,,,
050407,0,0,0,265,,,,
050408,0,0,0,-10,,,,
050409,0,0,0,-3,,,,
050410,0,0,0,168,,,,
050411,0,0,0,0,,,,
050412,0,0,0,-30,,,,
050413,0,0,0,87,,,,
050414,0,0,0,-315,,,,
050415,0,0,0,-39,,,,
050416,0,0,0,-56,,,,
050419,0,0,0,-300,,,,
050420,0,0,0,-20,,,,
050423,0,0,0,-270,,,,
050430,0,0,0,-20,,,,
050431,0,0,0,-424,,,,
050432,0,0,0,-54,,,,
050433,0,0,0,-907,,,,
050434,0,0,0,4,,,,
050435,0,0,0,-6,,,,
050436,0,0,0,253,,,,
050437,0,0,0,-232,,,,
050439,0,0,0,-80,,,,
050441,0,0,0,-10,,,,
050442,0,0,0,229,,,,
050443,0,0,0,-236,,,,
050444,0,0,0,-283,,,,
050445,0,0,0,0,,,,
050446,0,0,0,84,,,,
050448,0,0,0,-54,,,,
050449,0,0,0,0,,,,
050450,0,0,0,-5,,,,
050451,0,0,0,31,,,,
050452,0,0,0,-5,,,,
050453,0,0,0,-43,,,,
050454,0,0,0,0,,,,
050455,0,0,0,2,,,,
050456,0,0,0,2,,,,
050457,0,0,0,601,,,,
050458,0,0,0,173,,,,
050459,0,0,0,8,,,,
05045U,0,0,0,20,,,,
050460,0,0,0,-38,,,,
050461,0,0,0,-30,,,,
050463,0,0,0,0,,,,
050464,0,0,0,37,,,,
050465,0,0,0,-11,,,,
050466,0,0,0,1,,,,
050467,0,0,0,21,,,,
050468,0,0,0,0,,,,
050469,0,0,0,26,,,,
050471,0,0,0,13,,,,
050472,0,0,0,-10,,,,
050473,0,0,0,-17,,,,
050474,0,0,0,-20,,,,
050475,0,0,0,0,,,,
050476,0,0,0,23,,,,
050477,0,0,0,0,,,,
050478,0,0,0,1,,,,
050479,0,0,0,13,,,,
050480,0,0,0,9,,,,
050481,0,0,0,-15,,,,
050482,0,0,0,153,,,,
050483,0,0,0,-43,,,,
050485,0,0,0,-7,,,,
050487,0,0,0,-152,,,,
050488,0,0,0,147,,,,
050489,0,0,0,-75,,,,
050490,0,0,0,-62,,,,
050491,0,0,0,-547,,,,
050492,0,0,0,0,,,,
050493,0,0,0,-122,,,,
050494,0,0,0,-272,,,,
050495,0,0,0,12,,,,
050496,0,0,0,-13,,,,
050497,0,0,0,33,,,,
050498,0,0,0,-116,,,,
050500,0,0,0,47,,,,
050501,0,0,0,-42,,,,
050502,0,0,0,-451,,,,
050503,0,0,0,-285,,,,
050504,0,0,0,-1,,,,
050506,0,0,0,-100,,,,
050507,0,0,0,-3,,,,
050508,0,0,0,0,,,,
05050U,0,0,0,30,,,,
050511,0,0,0,8,,,,
050513,0,0,0,1,,,,
050514,0,0,0,-80,,,,
050515,0,0,0,-2,,,,
050516,0,0,0,-57,,,,
050518,10,0,0,6,,,,
050520,0,0,0,61,,,,
050522,0,0,0,-22,,,,
050523,0,0,0,-21,,,,
050524,0,0,0,-56,,,,
050525,0,0,0,-29,,,,
050526,0,0,0,-86,,,,
050527,0,0,0,-10,,,,
050528,0,0,0,20,,,,
050529,0,0,0,341,,,,
050530,0,0,0,-7,,,,
050531,0,0,0,-22,,,,
050532,0,0,0,-3,,,,
050533,0,0,0,119,,,,
050534,0,0,0,15,,,,
050535,0,0,0,-2,,,,
050536,0,0,0,110,,,,
050539,0,0,0,-318,,,,
050540,0,0,0,-20,,,,
050543,0,0,0,-7,,,,
050544,0,0,0,53,,,,
050545,0,0,0,10,,,,
050546,0,0,0,-50,,,,
050547,0,0,0,5,,,,
050548,0,0,0,34,,,,
050549,0,0,0,10,,,,
050550,0,0,0,8,,,,
050551,0,0,0,-15,,,,
050552,0,0,0,-19,,,,
050553,0,0,0,48,,,,
050554,0,0,0,25,,,,
050555,0,0,0,42,,,,
050556,0,0,0,0,,,,
050557,0,0,0,390,,,,
050558,0,0,0,-32,,,,
050559,0,0,0,2,,,,
050560,0,0,0,57,,,,
050561,0,0,0,122,,,,
050563,0,0,0,-23,,,,
050564,0,0,0,91,,,,
050565,0,0,0,108,,,,
050568,0,0,0,-191,,,,
050569,0,0,0,4,,,,
050571,0,0,0,-4,,,,
050572,0,0,0,0,,,,
050573,0,0,0,-1,,,,
050574,0,0,0,5,,,,
050575,0,0,0,0,,,,
050576,0,0,0,-10,,,,
050577,0,0,0,193,,,,
050578,0,0,0,8,,,,
050581,0,0,0,-341,,,,
050582,0,0,0,132,,,,
050583,0,0,0,81,,,,
050584,0,0,0,117,,,,
050585,0,0,0,107,,,,
050588,0,0,0,-65,,,,
050589,0,0,0,27,,,,
050591,0,0,0,2,,,,
050592,0,0,0,103,,,,
050594,0,0,0,53,,,,
050595,0,0,0,-1,,,,
050598,0,0,0,76,,,,
050599,0,0,0,-3,,,,
050600,0,0,0,1,,,,
050601,0,0,0,168,,,,
050602,0,0,0,137,,,,
050603,0,0,0,-57,,,,
050604,0,0,0,348,,,,
050605,0,0,0,-142,,,,
050606,0,0,0,-61,,,,
050608,0,0,0,149,,,,
050609,0,0,0,-62,,,,
050610,0,0,0,546,,,,
050611,0,0,0,5,,,,
050612,0,0,0,240,,,,
050613,0,0,0,-270,,,,
050614,0,0,0,-1348,,,,
050615,0,0,0,20,,,,
050616,0,0,0,88,,,,
050617,0,0,0,-114,,,,
050621,0,0,0,1,,,,
050624,0,0,0,-169,,,,
050626,0,0,0,271,,,,
050627,0,0,0,14,,,,
050630,0,0,0,-250,,,,
050633,0,0,0,-321,,,,
050635,0,0,0,-100,,,,
050636,0,0,0,378,,,,
050637,0,0,0,16,,,,
050638,0,0,0,31,,,,
050639,0,0,0,-197,,,,
050640,0,0,0,-20,,,,
050641,0,0,0,-284,,,,
050642,0,0,0,15,,,,
050643,-5,0,0,0,,,,
050644,0,0,0,236,,,,
050645,0,0,0,-192,,,,
050646,0,0,0,5,,,,
050647,0,0,0,-87,,,,
050649,0,0,0,-2,,,,
05064U,0,0,0,10,,,,
050650,0,0,0,-51,,,,
050651,0,0,0,-100,,,,
050652,0,0,0,19,,,,
050653,0,0,0,-371,,,,
050654,0,0,0,117,,,,
050655,0,0,0,4,,,,
050656,0,0,0,-250,,,,
050658,0,0,0,-200,,,,
050659,0,0,0,254,,,,
050660,0,0,0,338,,,,
050661,0,0,0,3,,,,
050663,0,0,0,-132,,,,
050664,0,0,0,148,,,,
050665,0,0,0,0,,,,
050666,0,0,0,-4,,,,
050668,0,0,0,0,,,,
050669,0,0,0,0,,,,
050674,0,0,0,0,,,,
050675,0,0,0,-1,,,,
050676,0,0,0,-73,,,,
050677,0,0,0,-62,,,,
050680,0,0,0,4,,,,
050681,0,0,0,53,,,,
050682,0,0,0,-54,,,,
050683,0,0,0,7,,,,
050684,0,0,0,186,,,,
050685,0,0,0,-5,,,,
050687,0,0,0,824,,,,
050689,0,0,0,-53,,,,
050693,0,0,0,17,,,,
050695,0,0,0,0,,,,
050696,0,0,0,14,,,,
050698,0,0,0,0,,,,
050700,0,0,0,45,,,,
050701,0,0,0,-11,,,,
050702,0,0,0,0,,,,
050703,0,0,0,8,,,,
050704,0,0,0,-23,,,,
050705,0,0,0,70,,,,
050706,0,0,0,34,,,,
050707,0,0,0,0,,,,
050709,0,0,0,-51,,,,
050710,0,0,0,92,,,,
050711,0,0,0,-2,,,,
050712,0,0,0,51,,,,
050713,0,0,0,2,,,,
050714,0,0,0,-94,,,,
050715,0,0,0,48,,,,
050717,0,0,0,100,,,,
050718,0,0,0,-2,,,,
050720,0,0,0,28,,,,
050721,0,0,0,-6,,,,
050722,0,0,0,-100,,,,
050723,0,0,0,163,,,,
050724,0,0,0,618,,,,
050726,0,0,0,30,,,,
050728,0,0,0,-66,,,,
050729,0,0,0,133,,,,
050730,0,0,0,-248,,,,
050731,0,0,0,-30,,,,
050732,0,0,0,-1,,,,
050735,0,0,0,246,,,,
050736,0,0,0,-5,,,,
050737,0,0,0,25,,,,
050740,0,0,0,43,,,,
050741,0,0,0,0,,,,
050742,0,0,0,-30,,,,
050743,0,0,0,4,,,,
050747,0,0,0,95,,,,
050748,0,0,0,5,,,,
050749,0,0,0,-30,,,,
050752,0,0,0,141,,,,
050755,0,0,0,-1,,,,
050758,0,0,0,16,,,,
050759,0,0,0,14,,,,
050762,0,0,0,-25,,,,
050765,0,0,0,-57,,,,
050766,0,0,0,-652,,,,
050768,0,0,0,610,,,,
050771,0,0,0,1,,,,
050772,0,0,0,-64,,,,
050773,0,0,0,-10,,,,
050776,0,0,0,46,,,,
050777,0,0,0,0,,,,
050778,0,0,0,0,,,,
050779,0,0,0,-17,,,,
050780,0,0,0,10,,,,
050781,0,0,0,-1,,,,
050785,0,0,0,0,,,,
050786,0,0,0,-2,,,,
050787,0,0,0,0,,,,
050788,0,0,0,-173,,,,
050789,0,0,0,0,,,,
050790,0,0,0,4,,,,
050791,0,0,0,40,,,,
050792,0,0,0,49,,,,
050795,0,0,0,-15,,,,
050796,0,0,0,7,,,,
050797,0,0,0,-18,,,,
050798,0,0,0,-3,,,,
050799,0,0,0,36,,,,
050802,0,0,0,113,,,,
050803,0,0,0,37,,,,
050806,0,0,0,90,,,,
050807,0,0,0,-317,,,,
050808,0,0,0,-25,,,,
050810,0,0,0,-6,,,,
050811,0,0,0,168,,,,
050812,0,0,0,1158,,,,
050813,0,0,0,152,,,,
050814,0,0,0,-285,,,,
050815,0,0,0,8,,,,
050816,0,0,0,731,,,,
050817,0,0,0,-63,,,,
050818,0,0,0,-1558,,,,
050819,-100,0,0,214,,,,
050820,0,0,0,10,,,,
050821,0,0,0,100,,,,
050823,0,0,0,-10,,,,
050824,0,0,0,-350,,,,
050826,0,0,0,168,,,,
050829,0,0,0,-105,,,,
050830,0,0,0,7,,,,
050832,0,0,0,-245,,,,
050833,0,0,0,-30,,,,
050835,0,0,0,247,,,,
050839,0,0,0,25,,,,
050840,0,0,0,-3,,,,
050841,0,0,0,146,,,,
050842,0,0,0,-5,,,,
050843,0,0,0,0,,,,
050844,0,0,0,36,,,,
050845,0,0,0,172,,,,
050846,0,0,0,-137,,,,
050847,0,0,0,-59,,,,
050849,0,0,0,-25,,,,
050850,0,0,0,-15,,,,
050851,0,0,0,324,,,,
050852,0,0,0,14,,,,
050853,0,0,0,14,,,,
050854,0,0,0,-5,,,,
050859,0,0,0,-1,,,,
050861,0,0,0,-128,,,,
050863,0,0,0,12,,,,
050865,0,0,0,-36,,,,
050866,0,0,0,4,,,,
050867,0,0,0,-1,,,,
050868,0,0,0,-10,,,,
050870,0,0,0,77,,,,
050871,0,0,0,0,,,,
050872,0,0,0,-35,,,,
050873,0,0,0,-35,,,,
050874,0,0,0,86,,,,
050875,0,0,0,12,,,,
050877,0,0,0,-4,,,,
050878,0,0,0,-20,,,,
050879,0,0,0,67,,,,
050881,0,0,0,-3,,,,
050882,0,0,0,26,,,,
050883,0,0,0,3,,,,
050884,0,0,0,-7,,,,
050885,0,0,0,-23,,,,
050886,0,0,0,137,,,,
050887,0,0,0,-74,,,,
050888,0,0,0,571,,,,
050889,0,0,0,127,,,,
050890,0,0,0,-45,,,,
050891,0,0,0,-38,,,,
050892,0,0,0,118,,,,
050893,0,0,0,-2,,,,
050894,0,0,0,10,,,,
050895,0,0,0,24,,,,
050897,0,0,0,-79,,,,
050898,0,0,0,6,,,,
050902,0,0,0,-112,,,,
050904,0,0,0,17,,,,
050905,0,0,0,108,,,,
050906,0,0,0,7,,,,
050907,0,0,0,164,,,,
050908,0,0,0,-84,,,,
050911,0,0,0,-25,,,,
050912,0,0,0,-50,,,,
050913,0,0,0,-67,,,,
050914,0,0,0,-425,,,,
050916,0,0,0,-3,,,,
050917,0,0,0,-307,,,,
050918,0,0,0,0,,,,
050920,0,0,0,28,,,,
050921,0,0,0,28,,,,
050923,0,0,0,0,,,,
050924,0,0,0,-1087,,,,
050926,0,0,0,18,,,,
050927,0,0,0,-7,,,,
050931,0,0,0,93,,,,
050937,0,0,0,2,,,,
050938,10,0,0,-640,,,,
05093U,0,0,0,-80,,,,
050941,0,0,0,-8,,,,
050943,0,0,0,20,,,,
050945,0,0,0,7,,,,
050946,0,0,0,-6,,,,
050947,0,0,0,-121,,,,
050948,0,0,0,26,,,,
050949,0,0,0,232,,,,
050950,0,0,0,17,,,,
050951,0,0,0,-100,,,,
050952,0,0,0,-14,,,,
050954,0,0,0,-1042,,,,
050955,0,0,0,150,,,,
050956,0,0,0,-21,,,,
050957,0,0,0,498,,,,
050958,0,0,0,5,,,,
050961,0,0,0,-23,,,,
050962,0,0,0,-56,,,,
050963,0,0,0,-417,,,,
050964,0,0,0,-66,,,,
050965,0,0,0,45,,,,
050967,0,0,0,-6,,,,
050968,0,0,0,-66,,,,
050970,0,0,0,23,,,,
050971,0,0,0,47,,,,
050972,0,0,0,-107,,,,
050973,0,0,0,3,,,,
050974,0,0,0,-274,,,,
050975,0,0,0,-33,,,,
050977,0,0,0,-21,,,,
050978,0,0,0,-46,,,,
050979,0,0,0,-90,,,,
050980,0,0,0,-46,,,,
050981,0,0,0,-76,,,,
050982,0,0,0,-84,,,,
050983,0,0,0,-121,,,,
050984,0,0,0,-1894,,,,
050986,0,0,0,-115,,,,
050988,0,0,0,0,,,,
050989,0,0,0,255,,,,
050991,0,0,0,82,,,,
050992,0,0,0,-21,,,,
050993,0,0,0,0,,,,
050994,0,0,0,-4,,,,
050995,0,0,0,-4,,,,
050996,0,0,0,-14,,,,
050997,0,0,0,-494,,,,
050999,0,0,0,3,,,,
05099U,0,0,0,1,,,,
051005,0,0,0,0,,,,
051007,0,0,0,-141,,,,
051008,0,0,0,-74,,,,
051010,0,0,0,-13,,,,
051013,0,0,0,355,,,,
051014,0,0,0,1,,,,
051015,0,0,0,11,,,,
051016,0,0,0,70,,,,
051017,0,0,0,23,,,,
051018,0,0,0,15,,,,
051020,0,0,0,3,,,,
051022,0,0,0,-12,,,,
051023,0,0,0,209,,,,
051024,0,0,0,5,,,,
051025,0,0,0,20,,,,
051026,0,0,0,39,,,,
051027,0,0,0,-13,,,,
051029,0,0,0,-7,,,,
051030,0,0,0,-3,,,,
051032,0,0,0,-10,,,,
051033,0,0,0,-50,,,,
051034,0,0,0,-5,,,,
051035,0,0,0,-3,,,,
051038,0,0,0,-73,,,,
051039,0,0,0,-2,,,,
051040,0,0,0,-4,,,,
051041,0,0,0,56,,,,
051043,0,0,0,4,,,,
051044,0,0,0,-68,,,,
051045,0,0,0,22,,,,
051046,0,0,0,6,,,,
051047,0,0,0,15,,,,
051048,0,0,0,-49,,,,
051050,0,0,0,-3,,,,
051054,0,0,0,3,,,,
051055,0,0,0,53,,,,
051056,0,0,0,-37,,,,
051057,0,0,0,0,,,,
051060,0,0,0,183,,,,
051061,0,0,0,-44,,,,
051062,0,0,0,-204,,,,
051063,0,0,0,38,,,,
051064,0,0,0,14,,,,
051069,0,0,0,0,,,,
051070,0,0,0,1065,,,,
051071,0,0,0,6,,,,
051072,0,0,0,-11,,,,
051074,0,0,0,-78,,,,
051075,0,0,0,13,,,,
051076,0,0,0,1387,,,,
051077,0,0,0,-3,,,,
051079,0,0,0,10,,,,
051083,0,0,0,21,,,,
051085,0,0,0,2,,,,
051088,0,0,0,-3,,,,
051089,0,0,0,-3,,,,
051093,0,0,0,-121,,,,
051094,0,0,0,-13,,,,
051097,0,0,0,18,,,,
051099,0,0,0,66,,,,
051100,0,0,0,-10,,,,
051101,0,0,0,-95,,,,
051102,0,0,0,-52,,,,
051103,0,0,0,-167,,,,
051105,0,0,0,-441,,,,
051106,0,0,0,524,,,,
051108,0,0,0,22,,,,
051109,0,0,0,3,,,,
05110U,0,0,0,-65,,,,
051110,0,0,0,-427,,,,
051111,0,0,0,-28,,,,
051114,0,0,0,0,,,,
051115,0,0,0,0,,,,
051116,0,0,0,3,,,,
051118,0,0,0,3,,,,
051120,0,0,0,42,,,,
051122,0,0,0,-454,,,,
051124,0,0,0,-11,,,,
051125,0,0,0,-33,,,,
051126,0,0,0,0,,,,
051128,0,0,0,-203,,,,
051131,0,0,0,390,,,,
051132,0,0,0,-3,,,,
051133,0,0,0,0,,,,
051134,0,0,0,5,,,,
051138,0,0,0,-369,,,,
051139,0,0,0,0,,,,
05113U,0,0,0,-404,,,,
051146,0,0,0,97,,,,
051147,0,0,0,-20,,,,
051148,0,0,0,51,,,,
051149,0,0,0,0,,,,
051153,0,0,0,-76,,,,
051154,0,0,0,28,,,,
051155,0,0,0,-365,,,,
051156,0,0,0,38,,,,
051157,0,0,0,10,,,,
051158,0,0,0,-242,,,,
051160,0,0,0,2,,,,
051161,0,0,0,-14,,,,
051165,0,0,0,8,,,,
051166,0,0,0,-40,,,,
051167,0,0,0,-77,,,,
051168,0,0,0,-24,,,,
051169,0,0,0,-160,,,,
051170,0,0,0,-3,,,,
051171,0,0,0,-7,,,,
051172,0,0,0,-38,,,,
051174,0,0,0,5,,,,
051175,0,0,0,-2,,,,
051176,0,0,0,0,,,,
051177,0,0,0,-15,,,,
051179,0,0,0,-40,,,,
051181,0,0,0,0,,,,
051183,0,0,0,-46,,,,
051184,0,0,0,19,,,,
051185,0,0,0,36,,,,
051186,0,0,0,-98,,,,
051187,0,0,0,11,,,,
051188,0,0,0,16,,,,
051189,0,0,0,-4,,,,
051190,0,0,0,-1,,,,
051192,0,0,0,2,,,,
051196,0,0,0,9,,,,
051199,0,0,0,-499,,,,
05119U,0,0,0,-1,,,,
051202,-3,0,0,-12,,,,
051203,0,0,0,0,,,,
051204,0,0,0,0,,,,
051209,0,0,0,-2,,,,
051210,0,0,0,-50,,,,
051213,0,0,0,-25,,,,
051214,0,0,0,16,,,,
051218,0,0,0,-125,,,,
051219,0,0,0,104,,,,
051220,0,0,0,93,,,,
051221,0,0,0,-26,,,,
051222,0,0,0,90,,,,
051223,0,0,0,-102,,,,
051224,0,0,0,-131,,,,
051225,0,0,0,-215,,,,
051226,0,0,0,27,,,,
051227,0,0,0,-23,,,,
051228,0,0,0,150,,,,
051229,0,0,0,63,,,,
05122U,0,0,0,73,,,,
051230,0,0,0,69,,,,
051231,0,0,0,-158,,,,
051232,0,0,0,-806,,,,
051233,0,0,0,-118,,,,
051234,0,0,0,-52,,,,
051238,0,0,0,-95,,,,
051239,0,0,0,-938,,,,
05123U,0,0,0,3,,,,
051243,0,0,0,-128,,,,
051244,0,0,0,71,,,,
051246,0,0,0,-3,,,,
051248,0,0,0,-64,,,,
051249,0,0,0,92,,,,
051250,0,0,0,20,,,,
051251,0,0,0,236,,,,
051252,0,0,0,98,,,,
051253,0,0,0,25,,,,
051254,0,0,0,0,,,,
051255,0,0,0,42,,,,
051256,0,0,0,7,,,,
051257,0,0,0,-112,,,,
051258,0,0,0,-205,,,,
051259,0,0,0,31,,,,
051260,0,0,0,-10,,,,
051261,0,0,0,23,,,,
051262,0,0,0,-7,,,,
051263,0,0,0,-261,,,,
051264,0,0,0,-192,,,,
051266,0,0,0,200,,,,
051269,0,0,0,-181,,,,
051270,0,0,0,-26,,,,
051271,0,0,0,-48,,,,
051273,0,0,0,67,,,,
051276,0,0,0,15,,,,
051278,0,0,0,178,,,,
051279,0,0,0,39,,,,
051281,0,0,0,79,,,,
051282,0,0,0,-36,,,,
051284,0,0,0,-59,,,,
051285,0,0,0,-49,,,,
051286,0,0,0,-12,,,,
051288,0,0,0,-63,,,,
051289,0,0,0,-38,,,,
05128U,0,0,0,-20,,,,
051290,0,0,0,-18,,,,
051291,0,0,0,-10,,,,
051292,0,0,0,-80,,,,
051293,0,0,0,-49,,,,
051294,0,0,0,-79,,,,
051295,0,0,0,-48,,,,
051296,0,0,0,-18,,,,
051298,0,0,0,-25,,,,
051299,0,0,0,270,,,,
051300,0,0,0,-5,,,,
051301,0,0,0,-449,,,,
051303,0,0,0,37,,,,
051306,0,0,0,-112,,,,
051307,0,0,0,-6,,,,
051308,0,0,0,50,,,,
051309,0,0,0,-4,,,,
051310,0,0,0,-13,,,,
051312,0,0,0,-3,,,,
051313,0,0,0,30,,,,
051314,0,0,0,0,,,,
051315,0,0,0,-42,,,,
051316,0,0,0,-9,,,,
051319,0,0,0,453,,,,
05131U,0,0,0,-35,,,,
051320,0,0,0,1,,,,
051321,0,0,0,1,,,,
051322,0,0,0,20,,,,
051323,0,0,0,35,,,,
051324,0,0,0,-4,,,,
051325,0,0,0,-156,,,,
051326,0,0,0,-109,,,,
051327,0,0,0,-390,,,,
051328,0,0,0,-50,,,,
051329,0,0,0,-134,,,,
05132U,0,0,0,-609,,,,
051330,0,0,0,-552,,,,
051331,0,0,0,18,,,,
051332,0,0,0,0,,,,
051334,0,0,0,-12,,,,
051335,0,0,0,0,,,,
051337,0,0,0,-352,,,,
051338,0,0,0,-216,,,,
051340,0,0,0,0,,,,
051341,0,0,0,-204,,,,
051342,0,0,0,22,,,,
051343,0,0,0,0,,,,
051345,0,0,0,-10,,,,
051346,0,0,0,240,,,,
051348,0,0,0,-80,,,,
051349,0,0,0,0,,,,
051350,0,0,0,0,,,,
051352,0,0,0,-10,,,,
051356,0,0,0,-15,,,,
051357,0,0,0,-2,,,,
051358,0,0,0,-7,,,,
051359,0,0,0,100,,,,
051360,0,0,0,-2,,,,
051361,0,0,0,-23,,,,
051362,0,0,0,0,,,,
051363,0,0,0,-40,,,,
051364,0,0,0,0,,,,
051367,0,0,0,-161,,,,
051368,0,0,0,-21,,,,
051371,0,0,0,99,,,,
051372,0,0,0,-20,,,,
051373,0,0,0,-37,,,,
051375,0,0,0,-15,,,,
051379,0,0,0,1,,,,
051381,0,0,0,30,,,,
051382,0,0,0,-15,,,,
051383,0,0,0,-20,,,,
051385,0,0,0,-710,,,,
051386,0,0,0,-37,,,,
051390,0,0,0,-111,,,,
051391,0,0,0,-76,,,,
051392,0,0,0,-59,,,,
051393,0,0,0,0,,,,
051396,0,0,0,-30,,,,
051397,0,0,0,0,,,,
051402,0,0,0,-62,,,,
051405,0,0,0,-20,,,,
051407,0,0,0,3,,,,
051408,0,0,0,-3,,,,
051409,0,0,0,-1140,,,,
051412,0,0,0,-3,,,,
051414,0,0,0,-247,,,,
051415,0,0,0,-721,,,,
051416,0,0,0,-16,,,,
051419,0,0,0,0,,,,
051420,0,0,0,-546,,,,
051433,0,0,0,55,,,,
051434,0,0,0,10,,,,
051435,0,0,0,-5,,,,
051437,0,0,0,-31,,,,
051438,0,0,0,-46,,,,
051439,0,0,0,-194,,,,
051441,0,0,0,-98,,,,
051444,0,0,0,-205,,,,
051445,0,0,0,-554,,,,
051446,0,0,0,-345,,,,
051449,0,0,0,-27,,,,
05144U,0,0,0,-14,,,,
051454,0,0,0,-14,,,,
051455,0,0,0,-306,,,,
051459,0,0,0,-60,,,,
05145U,0,0,0,3,,,,
051460,0,0,0,-25,,,,
051462,0,0,0,-1,,,,
051465,0,0,0,-150,,,,
051466,0,0,0,-10,,,,
051468,0,0,0,10,,,,
051470,0,0,0,10,,,,
051471,0,0,0,-1219,,,,
051472,0,0,0,25,,,,
051473,0,0,0,8,,,,
051474,0,0,0,-496,,,,
051475,0,0,0,-15,,,,
051476,0,0,0,-48,,,,
051478,0,0,0,1,,,,
051480,0,0,0,570,,,,
051481,0,0,0,-40,,,,
051483,0,0,0,-5,,,,
051484,0,0,0,-105,,,,
051485,0,0,0,-1407,,,,
051486,0,0,0,0,,,,
051487,0,0,0,-5,,,,
051488,0,0,0,0,,,,
051489,0,0,0,33,,,,
05148U,0,0,0,-5,,,,
051490,0,0,0,84,,,,
051491,0,0,0,-511,,,,
051492,0,0,0,-5,,,,
051497,0,0,0,-126,,,,
051498,0,0,0,204,,,,
051500,0,0,0,-25,,,,
051501,0,0,0,0,,,,
051502,0,0,0,0,,,,
051503,0,0,0,-72,,,,
051504,0,0,0,-10,,,,
051505,0,0,0,26,,,,
051506,0,0,0,0,,,,
051507,0,0,0,-101,,,,
051509,0,0,0,89,,,,
051514,0,0,0,-7,,,,
051517,0,0,0,-340,,,,
051521,0,0,0,-36,,,,
051522,0,0,0,-21,,,,
051525,0,0,0,-20,,,,
051526,0,0,0,76,,,,
051529,0,0,0,-5,,,,
051530,0,0,0,-20,,,,
051531,0,0,0,-161,,,,
051532,0,0,0,-1019,,,,
051535,0,0,0,-38,,,,
05153U,0,0,0,-183,,,,
051540,0,0,0,-1,,,,
051542,0,0,0,-5,,,,
051544,0,0,0,-30,,,,
051559,0,0,0,-173,,,,
051560,0,0,0,-15,,,,
051561,0,0,0,-45,,,,
051562,0,0,0,-112,,,,
051564,0,0,0,-104,,,,
051567,0,0,0,-100,,,,
05156U,0,0,0,-10,,,,
051573,0,0,0,-5,,,,
051579,0,0,0,-5,,,,
051581,0,0,0,-60,,,,
051583,0,0,0,-5,,,,
051586,0,0,0,-281,,,,
051587,0,0,0,-29,,,,
051588,0,0,0,-36,,,,
051591,0,0,0,-460,,,,
051592,0,0,0,-42,,,,
051595,0,0,0,-110,,,,
051600,0,0,0,-250,,,,
051602,0,0,0,-5,,,,
051604,0,0,0,-40,,,,
051611,0,0,0,-166,,,,
051618,0,0,0,-3,,,,
05161U,0,0,0,137,,,,
051620,0,0,0,-38,,,,
051623,0,0,0,-5,,,,
051624,0,0,0,-220,,,,
05171U,0,0,0,-280,,,,
05174U,0,0,0,5,,,,
05179U,0,0,0,24,,,,
05182U,0,0,0,-34,,,,
05188U,0,0,0,-40,,,,
051939,0,0,0,97,,,,
05194U,0,0,0,-13,,,,
05195U,0,0,0,-23,,,,
05197U,0,0,0,-5,,,,
05211U,0,0,0,-4,,,,
052122,0,0,0,82,,,,
05213U,0,0,0,175,,,,
05214U,0,0,0,5,,,,
05215U,0,0,0,-15,,,,
05223U,0,0,0,27,,,,
05224U,0,0,0,1,,,,
05225U,0,0,0,24,,,,
05227U,0,0,0,-20,,,,
05229U,0,0,0,5,,,,
05230U,0,0,0,-18,,,,
05233U,0,0,0,-152,,,,
05248U,0,0,0,25,,,,
052516,0,0,0,33,,,,
052517,0,0,0,-14,,,,
05253U,0,0,0,50,,,,
05258U,0,0,0,24,,,,
05259U,0,0,0,-11,,,,
05260U,0,0,0,100,,,,
05262U,0,0,0,35,,,,
05264U,0,0,0,9,,,,
05271U,0,0,0,-50,,,,
052741,0,0,0,-50,,,,
05276U,0,0,0,-107,,,,
05277U,0,0,0,50,,,,
05278U,0,0,0,-26,,,,
052794,0,0,0,13,,,,
052795,0,0,0,1,,,,
05280U,0,0,0,64,,,,
05281U,0,0,0,-10,,,,
05286U,0,0,0,-1,,,,
05290U,0,0,0,-3,,,,
05291U,0,0,0,26,,,,
05299U,0,0,0,-5,,,,
053006,0,0,0,6,,,,
053013,0,0,0,10,,,,
05301U,0,0,0,24,,,,
05302U,0,0,0,24,,,,
05303U,0,0,0,-16,,,,
05306U,0,0,0,10,,,,
05311U,0,0,0,64,,,,
05317U,0,0,0,100,,,,
053203,0,0,0,-40,,,,
05322U,0,0,0,10,,,,
05323U,0,0,0,-5,,,,
05325U,0,0,0,-28,,,,
05327U,0,0,0,13,,,,
05330U,0,0,0,-10,,,,
05332U,0,0,0,250,,,,
053356,0,0,0,-21,,,,
053357,0,0,0,6,,,,
053358,0,0,0,30,,,,
05335U,0,0,0,-10,,,,
053365,0,0,0,7,,,,
05339U,0,0,0,0,,,,
053433,0,0,0,50,,,,
05343U,0,0,0,-24,,,,
05344U,0,0,0,1,,,,
05355U,0,0,0,-30,,,,
05361U,0,0,0,-10,,,,
05364U,0,0,0,300,,,,
05365U,0,0,0,80,,,,
053666,0,0,0,-77,,,,
053730,0,0,0,156,,,,
05378U,0,0,0,55,,,,
05381U,0,0,0,5,,,,
05386U,0,0,0,-4,,,,
05387U,0,0,0,-3,,,,
05391U,0,0,0,-66,,,,
05400U,0,0,0,5915,,,,
05408U,0,0,0,-78,,,,
05409U,0,0,0,94,,,,
05410U,0,0,0,-1,,,,
054247,-2,0,0,0,,,,
05427U,0,0,0,1,,,,
054298,0,0,0,10,,,,
05430U,0,0,0,12,,,,
05432U,0,0,0,-11,,,,
054366,0,0,0,-3,,,,
054367,0,0,0,-623,,,,
05437U,0,0,0,5,,,,
05439U,0,0,0,587,,,,
05440U,0,0,0,-190,,,,
05444U,0,0,0,5,,,,
05445U,0,0,0,30,,,,
05446U,0,0,0,255,,,,
05449U,0,0,0,-20,,,,
05450U,0,0,0,-132,,,,
05455U,0,0,0,82,,,,
05456U,0,0,0,-7,,,,
05459U,0,0,0,-160,,,,
05462U,0,0,0,-79,,,,
054641,0,0,0,10,,,,
05468U,0,0,0,433,,,,
054717,0,0,0,-22,,,,
05472U,0,0,0,-200,,,,
05474U,0,0,0,10,,,,
05483U,0,0,0,-1,,,,
05485U,0,0,0,-81,,,,
05487U,0,0,0,-10,,,,
054897,0,0,0,20,,,,
05489U,0,0,0,-30,,,,
054902,0,0,0,-31,,,,
05490U,0,0,0,-40,,,,
05494U,0,0,0,-20,,,,
05495U,0,0,0,-10,,,,
05500U,0,0,0,1,,,,
05504U,0,0,0,-25,,,,
05506U,0,0,0,156,,,,
05507U,0,0,0,-100,,,,
05512U,0,0,0,1,,,,
05515U,0,0,0,-17,,,,
05517U,0,0,0,-12,,,,
05521U,0,0,0,5,,,,
05523U,0,0,0,0,,,,
05527U,0,0,0,-10,,,,
05528U,0,0,0,3,,,,
05530U,0,0,0,-100,,,,
05531U,0,0,0,55,,,,
05532U,0,0,0,-10,,,,
05535U,0,0,0,-255,,,,
055399,0,0,0,1,,,,
05540U,0,0,0,24,,,,
055437,0,0,0,10,,,,
055438,0,0,0,5,,,,
055441,0,0,0,38,,,,
05549U,0,0,0,350,,,,
05550U,0,0,0,32,,,,
055568,0,0,0,-56,,,,
05559U,0,0,0,-50,,,,
05564U,0,0,0,-20,,,,
05577U,0,0,0,180,,,,
05578U,0,0,0,100,,,,
05582U,0,0,0,-10,,,,
05584U,0,0,0,-40,,,,
05592U,0,0,0,-10,,,,
05593U,0,0,0,-30,,,,
05594U,0,0,0,34,,,,
05599U,0,0,0,-2,,,,
05600U,0,0,0,9,,,,
05601U,0,0,0,-5,,,,
05602U,0,0,0,-40,,,,
05603U,0,0,0,10,,,,
05604U,0,0,0,-2,,,,
05611U,0,0,0,-1,,,,
05612U,0,0,0,-12,,,,
056138,0,0,0,0,,,,
05613U,0,0,0,-20,,,,
05615U,0,0,0,40,,,,
05617U,0,0,0,24,,,,
05618U,0,0,0,-224,,,,
05619U,0,0,0,-24,,,,
05628U,0,0,0,1,,,,
05629U,0,0,0,-4,,,,
05642U,0,0,0,-80,,,,
056439,0,0,0,5,,,,
05643U,0,0,0,-5,,,,
05645U,0,0,0,19,,,,
05650U,0,0,0,-2,,,,
05652U,0,0,0,45,,,,
05653U,0,0,0,3,,,,
05654U,0,0,0,30,,,,
05656U,0,0,0,-1,,,,
056632,0,0,0,-77,,,,
05668U,0,0,0,-92,,,,
056821,0,0,0,34,,,,
05682U,0,0,0,151,,,,
05683U,0,0,0,24,,,,
05695U,0,0,0,1,,,,
05696U,0,0,0,-50,,,,
05700U,0,0,0,140,,,,
05702U,0,0,0,-66,,,,
05709U,0,0,0,10,,,,
05716U,0,0,0,2,,,,
05718U,0,0,0,15,,,,
05721U,0,0,0,-10,,,,
05728U,0,0,0,0,,,,
05742U,0,0,0,-41,,,,
05746U,0,0,0,24,,,,
057474,0,0,0,999,,,,
05755U,0,0,0,-39,,,,
05757U,0,0,0,100,,,,
05758U,0,0,0,-170,,,,
057674,0,0,0,10,,,,
057676,0,0,0,10,,,,
057688,0,0,0,-61,,,,
05768U,0,0,0,90,,,,
05769U,0,0,0,-182,,,,
05777U,0,0,0,-34,,,,
05790U,0,0,0,-10,,,,
057918,0,0,0,-246,,,,
05791U,0,0,0,1,,,,
057922,0,0,0,139,,,,
05798U,0,0,0,67,,,,
05801U,0,0,0,-6,,,,
05812U,0,0,0,1,,,,
05816U,0,0,0,111,,,,
05817U,0,0,0,-3,,,,
05819U,0,0,0,-1,,,,
05820U,0,0,0,-50,,,,
05824U,0,0,0,-20,,,,
058318,0,0,0,-29,,,,
05835U,0,0,0,-1,,,,
058370,0,0,0,44,,,,
058378,0,0,0,627,,,,
05838U,0,0,0,2,,,,
05840U,0,0,0,-22,,,,
05841U,0,0,0,20,,,,
058424,0,0,0,-80,,,,
058427,0,0,0,20,,,,
058434,0,0,0,2,,,,
05854U,0,0,0,-10,,,,
05857U,0,0,0,30,,,,
05859U,0,0,0,-1,,,,
05860U,0,0,0,-102,,,,
05875U,0,0,0,331,,,,
05882U,0,0,0,-282,,,,
05886U,0,0,0,249,,,,
05888U,0,0,0,45,,,,
05894U,0,0,0,-54,,,,
05897U,0,0,0,-7,,,,
05903U,0,0,0,0,,,,
05904U,0,0,0,-100,,,,
059057,0,0,0,-357,,,,
05905U,0,0,0,-100,,,,
05913U,0,0,0,-10,,,,
05919U,0,0,0,30,,,,
059245,0,0,0,-41,,,,
05937U,0,0,0,42,,,,
05940U,0,0,0,-60,,,,
05945U,0,0,0,1,,,,
05948U,0,0,0,-2,,,,
059523,0,0,0,-190,,,,
059525,0,0,0,2,,,,
059623,0,0,0,260,,,,
05963U,0,0,0,-31,,,,
05966U,0,0,0,-2,,,,
05967U,0,0,0,3,,,,
05969U,0,0,0,-163,,,,
05971U,0,0,0,6,,,,
05973U,0,0,0,-2,,,,
05974U,0,0,0,34,,,,
05977U,0,0,0,-236,,,,
05980U,0,0,0,6,,,,
05982U,0,0,0,-623,,,,
05983U,0,0,0,-1,,,,
06005U,0,0,0,-40,,,,
06006U,0,0,0,8,,,,
06013U,0,0,0,-88,,,,
06019U,0,0,0,389,,,,
060208,0,0,0,5,,,,
06023U,0,0,0,-1,,,,
06027U,0,0,0,-58,,,,
06028U,0,0,0,113,,,,
06031U,0,0,0,-277,,,,
060325,0,0,0,-245,,,,
06037U,0,0,0,-65,,,,
06043U,0,0,0,-100,,,,
06044U,0,0,0,-133,,,,
06049U,0,0,0,-210,,,,
06052U,0,0,0,-35,,,,
06054U,0,0,0,123,,,,
06055U,0,0,0,-100,,,,
06057U,0,0,0,105,,,,
06060U,0,0,0,14,,,,
06062U,0,0,0,10,,,,
06067U,0,0,0,250,,,,
060703,0,0,0,126,,,,
06075U,0,0,0,-210,,,,
06082U,0,0,0,-1,,,,
06086U,0,0,0,-20,,,,
06087U,0,0,0,-5,,,,
06091U,0,0,0,1,,,,
06093U,0,0,0,-140,,,,
060964,0,0,0,0,,,,
06103U,0,0,0,-100,,,,
06104U,0,0,0,140,,,,
06107U,0,0,0,-5,,,,
06121U,0,0,0,68,,,,
06124U,0,0,0,-33,,,,
06126U,0,0,0,60,,,,
06127U,0,0,0,-10,,,,
06133U,0,0,0,0,,,,
06134U,0,0,0,-2,,,,
06140U,0,0,0,517,,,,
061431,0,0,0,10,,,,
06144U,0,0,0,203,,,,
06146U,0,0,0,-172,,,,
06149U,0,0,0,10,,,,
061518,0,0,0,227,,,,
061519,0,0,0,0,,,,
06151U,0,0,0,-35,,,,
06164U,0,0,0,-65,,,,
061674,0,0,0,5,,,,
06169U,0,0,0,0,,,,
06171U,0,0,0,-2,,,,
06174U,0,0,0,6,,,,
06177P,0,0,0,-3,,,,
06179U,0,0,0,-8,,,,
06182U,0,0,0,19,,,,
06185U,0,0,0,20,,,,
06188U,0,0,0,190,,,,
06196U,0,0,0,-11,,,,
06201U,0,0,0,-2,,,,
06205U,0,0,0,533,,,,
06207U,0,0,0,-20,,,,
06208U,0,0,0,-22,,,,
06212U,0,0,0,10,,,,
06213U,0,0,0,-48,,,,
06215U,0,0,0,-63,,,,
06223U,0,0,0,-37,,,,
06229U,0,0,0,-145,,,,
062311,0,0,0,-16,,,,
06231U,0,0,0,-30,,,,
06232U,0,0,0,-47,,,,
06234U,0,0,0,-20,,,,
06235U,0,0,0,-10,,,,
06239U,0,0,0,-897,,,,
062452,0,0,0,-1,,,,
062453,0,0,0,-6,,,,
062456,0,0,0,10,,,,
06246U,0,0,0,-20,,,,
062488,0,0,0,-10,,,,
06248U,0,0,0,-1,,,,
062490,0,0,0,14,,,,
062491,0,0,0,-11,,,,
06249U,0,0,0,-5,,,,
06252U,0,0,0,-13,,,,
06254U,0,0,0,-10,,,,
06257U,0,0,0,5,,,,
06260U,0,0,0,2,,,,
06263U,0,0,0,0,,,,
06266U,0,0,0,25,,,,
06267U,0,0,0,17,,,,
06268U,0,0,0,-147,,,,
06269U,0,0,0,-5,,,,
06271U,0,0,0,2,,,,
06272U,0,0,0,200,,,,
062791,0,0,0,155,,,,
06280U,0,0,0,60,,,,
06285U,0,0,0,-22,,,,
062870,0,0,0,-1,,,,
062871,0,0,0,685,,,,
062891,0,0,0,10,,,,
062907,0,0,0,-41,,,,
06291U,0,0,0,100,,,,
06293U,0,0,0,-19,,,,
06295U,0,0,0,-25,,,,
06297U,0,0,0,-69,,,,
06299U,0,0,0,-23,,,,
06301U,0,0,0,88,,,,
06305U,0,0,0,-66,,,,
06306U,0,0,0,-237,,,,
063076,0,0,0,40,,,,
063077,0,0,0,-6,,,,
063079,0,0,0,50,,,,
06311U,0,0,0,40,,,,
06314U,0,0,0,4,,,,
06315U,0,0,0,-1,,,,
06320U,0,0,0,-100,,,,
06327U,0,0,0,9,,,,
063283,0,0,0,-580,,,,
063284,0,0,0,-119,,,,
06328U,0,0,0,73,,,,
06330U,0,0,0,-40,,,,
06331U,0,0,0,16,,,,
06333U,0,0,0,-4,,,,
06337U,0,0,0,47,,,,
06340U,0,0,0,-15,,,,
06341U,0,0,0,-4,,,,
06342U,0,0,0,-10,,,,
06345U,0,0,0,30,,,,
06348U,0,0,0,17,,,,
063503,0,0,0,18,,,,
06352U,0,0,0,-20,,,,
06354U,0,0,0,-448,,,,
063569,0,0,0,-5,,,,
06356U,0,0,0,180,,,,
06358U,0,0,0,-80,,,,
06360U,0,0,0,20,,,,
063613,0,0,0,10,,,,
06361U,0,0,0,60,,,,
06365U,0,0,0,-100,,,,
06369U,0,0,0,6,,,,
063700,0,0,0,141,,,,
063712,0,0,0,29,,,,
06372U,0,0,0,50,,,,
06373U,0,0,0,-55,,,,
06374U,0,0,0,-15,,,,
06376U,0,0,0,20,,,,
06378U,0,0,0,25,,,,
06379U,0,0,0,-130,,,,
06382U,0,0,0,290,,,,
06383U,0,0,0,3,,,,
063841,0,0,0,18,,,,
06386U,0,0,0,22,,,,
06387U,0,0,0,-8,,,,
06388U,0,0,0,149,,,,
06394U,0,0,0,2,,,,
06395U,0,0,0,101,,,,
063963,0,0,0,220,,,,
06399U,0,0,0,-25,,,,
06402U,0,0,0,1,,,,
06403U,0,0,0,235,,,,
06404U,0,0,0,-158,,,,
06406U,0,0,0,68,,,,
06408U,0,0,0,-69,,,,
06410U,0,0,0,2,,,,
06411U,0,0,0,-21,,,,
06412U,0,0,0,1,,,,
06413U,0,0,0,-10,,,,
06414U,0,0,0,-40,,,,
06415U,0,0,0,-37,,,,
064180,0,0,0,-100,,,,
064181,0,0,0,158,,,,
06418U,0,0,0,10,,,,
06420U,0,0,0,40,,,,
06421U,0,0,0,1,,,,
06422U,0,0,0,-15,,,,
06423U,0,0,0,-15,,,,
06424U,0,0,0,88,,,,
06426U,0,0,0,41,,,,
06427U,0,0,0,10,,,,
06432U,0,0,0,-10,,,,
06434U,0,0,0,1,,,,
06435U,0,0,0,-402,,,,
06436U,0,0,0,-391,,,,
06438U,0,0,0,635,,,,
06439U,0,0,0,-1,,,,
06443U,0,0,0,-2,,,,
06444U,0,0,0,34,,,,
06448U,0,0,0,-11,,,,
06451U,0,0,0,-106,,,,
06452U,0,0,0,-10,,,,
06455U,0,0,0,-10,,,,
06459U,0,0,0,-3,,,,
064608,0,0,0,-50,,,,
06462U,0,0,0,328,,,,
06466U,0,0,0,-2,,,,
06468U,0,0,0,-22,,,,
06469U,0,0,0,-84,,,,
06471U,0,0,0,-25,,,,
06474U,0,0,0,-20,,,,
06479U,0,0,0,-140,,,,
06480U,0,0,0,-30,,,,
06481U,0,0,0,100,,,,
064828,0,0,0,24,,,,
06482U,0,0,0,-5,,,,
06484U,0,0,0,65,,,,
06496U,0,0,0,-8,,,,
06497U,0,0,0,81,,,,
064987,0,0,0,227,,,,
06499U,0,0,0,-12,,,,
06502U,0,0,0,1,,,,
06505U,0,0,0,-10,,,,
06506U,0,0,0,270,,,,
06507U,0,0,0,-1,,,,
06508U,0,0,0,30,,,,
06512U,0,0,0,819,,,,
06514U,0,0,0,-5,,,,
06515U,0,0,0,-1037,,,,
06516U,0,0,0,-45,,,,
06518U,0,0,0,-100,,,,
06519U,0,0,0,250,,,,
06520U,0,0,0,65,,,,
06524U,0,0,0,-78,,,,
065262,0,0,0,1996,,,,
065263,2,0,0,0,,,,
065267,0,0,0,-100,,,,
06529U,0,0,0,-3,,,,
065309,0,0,0,13,,,,
06530U,0,0,0,-147,,,,
065310,0,0,0,166,,,,
065323,0,0,0,-94,,,,
065330,0,0,0,-10,,,,
065334,0,0,0,15,,,,
06533U,0,0,0,780,,,,
06534U,0,0,0,2,,,,
06536U,0,0,0,124,,,,
06538U,0,0,0,-160,,,,
06539U,0,0,0,-39,,,,
06544U,0,0,0,1,,,,
06545U,0,0,0,5,,,,
06548U,0,0,0,-7,,,,
06553U,0,0,0,-35,,,,
06554U,0,0,0,-200,,,,
06555U,0,0,0,12,,,,
06556U,0,0,0,-40,,,,
06561U,0,0,0,5,,,,
06563U,0,0,0,-3,,,,
06565U,0,0,0,-100,,,,
06566U,0,0,0,100,,,,
06567U,0,0,0,-43,,,,
06570U,0,0,0,-12,,,,
06571U,0,0,0,-10,,,,
06575U,0,0,0,-88,,,,
06576U,0,0,0,81,,,,
06578U,0,0,0,114,,,,
06580U,0,0,0,-31,,,,
06581U,0,0,0,-24,,,,
065848,0,0,0,70,,,,
06586U,0,0,0,-25,,,,
06590U,0,0,0,-7,,,,
06596U,0,0,0,-3,,,,
06597U,0,0,0,-220,,,,
06598U,0,0,0,-15,,,,
06600U,0,0,0,-201,,,,
06603U,0,0,0,-20,,,,
06605U,0,0,0,-122,,,,
06606U,0,0,0,-1,,,,
066097,0,0,0,-56,,,,
066141,0,0,0,-201,,,,
06616U,0,0,0,200,,,,
06618U,0,0,0,-25,,,,
06621U,0,0,0,-80,,,,
06622U,0,0,0,44,,,,
06625U,0,0,0,-5,,,,
06627U,0,0,0,-350,,,,
06629U,0,0,0,1,,,,
06631U,0,0,0,25,,,,
06632U,0,0,0,126,,,,
06636U,0,0,0,-65,,,,
06638U,0,0,0,58,,,,
06640U,0,0,0,2,,,,
066420,0,0,0,0,,,,
066423,0,0,0,-3,,,,
06642U,0,0,0,-6,,,,
066435,0,0,0,-28,,,,
06643U,0,0,0,-1,,,,
066440,0,0,0,-125,,,,
06644U,0,0,0,-32,,,,
06646U,0,0,0,-15,,,,
06648U,0,0,0,2,,,,
06649U,0,0,0,-1810,,,,
06651U,0,0,0,46,,,,
066538,0,0,0,-3,,,,
06653U,0,0,0,-50,,,,
066578,0,0,0,-9,,,,
06657U,0,0,0,29,,,,
06661U,0,0,0,-380,,,,
066630,0,0,0,-10,,,,
06663U,0,0,0,0,,,,
066645,0,0,0,-6,,,,
066646,0,0,0,0,,,,
066648,0,0,0,1,,,,
06664U,0,0,0,4,,,,
066654,0,0,0,-741,,,,
06665U,0,0,0,80,,,,
066726,0,0,0,0,,,,
066739,0,0,0,5,,,,
06673U,0,0,0,-20,,,,
06674U,0,0,0,-20,,,,
066752,0,0,0,70,,,,
06676U,0,0,0,40,,,,
06677U,0,0,0,45,,,,
06678U,0,0,0,44,,,,
066792,0,0,0,-220,,,,
066806,0,0,0,-9,,,,
066808,0,0,0,50,,,,
066820,0,0,0,1,,,,
06683U,0,0,0,-25,,,,
06685U,0,0,0,62,,,,
06686U,0,0,0,-4,,,,
066872,0,0,0,61,,,,
066896,0,0,0,156,,,,
06689U,0,0,0,-5,,,,
06690U,0,0,0,-16,,,,
06692U,0,0,0,219,,,,
066949,0,0,0,-20,,,,
06695U,0,0,0,-5,,,,
06696U,0,0,0,-21,,,,
06698U,0,0,0,-20,,,,
06699U,0,0,0,-1,,,,
06700U,0,0,0,246,,,,
06701U,0,0,0,-20,,,,
067021,0,0,0,50,,,,
067028,0,0,0,5,,,,
06704U,0,0,0,-25,,,,
067055,0,0,0,-15,,,,
067060,0,0,0,-2,,,,
06706U,0,0,0,-10,,,,
06709U,0,0,0,-2,,,,
06711U,0,0,0,206,,,,
06712U,0,0,0,-31,,,,
06713U,0,0,0,12,,,,
06714U,0,0,0,34,,,,
06715U,0,0,0,-23,,,,
06716U,0,0,0,-1,,,,
067189,0,0,0,10,,,,
06718U,0,0,0,-157,,,,
06719U,0,0,0,-10,,,,
06721U,0,0,0,51,,,,
067224,0,0,0,2,,,,
06724U,0,0,0,-30,,,,
06725U,0,0,0,16,,,,
06726U,0,0,0,-60,,,,
06727U,0,0,0,-74,,,,
06728U,0,0,0,200,,,,
06729U,0,0,0,116,,,,
06730U,0,0,0,10,,,,
06731U,0,0,0,-59,,,,
06732U,0,0,0,100,,,,
06733U,0,0,0,-75,,,,
06735U,0,0,0,-100,,,,
06739U,0,0,0,-8,,,,
067406,0,0,0,0,,,,
06742U,0,0,0,20,,,,
06743U,0,0,0,15,,,,
06744U,0,0,0,-194,,,,
06745U,0,0,0,-190,,,,
06746U,0,0,0,-50,,,,
06747U,0,0,0,63,,,,
06748U,0,0,0,10,,,,
06749U,0,0,0,1,,,,
06753U,0,0,0,-7,,,,
06756U,0,0,0,460,,,,
067589,0,0,0,-1,,,,
06758U,0,0,0,-1,,,,
06760U,0,0,0,210,,,,
067615,0,0,0,10,,,,
067616,-105,0,0,103,,,,
067617,0,0,0,50,,,,
067618,0,0,0,-10,,,,
067620,0,0,0,20,,,,
067621,0,0,0,0,,,,
06763U,0,0,0,6,,,,
06764U,0,0,0,-11,,,,
06768U,0,0,0,-197,,,,
06772U,0,0,0,-40,,,,
06773U,0,0,0,-3,,,,
06776U,0,0,0,5,,,,
06778P,0,0,0,-34,,,,
06780U,0,0,0,-9,,,,
06782U,0,0,0,-71,,,,
06783U,0,0,0,-15,,,,
06785U,0,0,0,8,,,,
06786U,0,0,0,104,,,,
06788U,0,0,0,-4,,,,
067896,0,0,0,-1,,,,
06790U,0,0,0,13,,,,
06793U,0,0,0,115,,,,
06797U,0,0,0,-3,,,,
06798U,0,0,0,-12,,,,
067993,0,0,0,-88,,,,
06801U,0,0,0,-10,,,,
06802U,0,0,0,-5,,,,
06804U,0,0,0,-45,,,,
06806U,0,0,0,-5,,,,
068075,0,0,0,23,,,,
06807U,0,0,0,-10,,,,
06810U,0,0,0,85,,,,
06812U,0,0,0,-30,,,,
06813U,0,0,0,-10,,,,
068148,0,0,0,100,,,,
06814U,0,0,0,-151,,,,
068150,0,0,0,8,,,,
068151,0,0,0,3,,,,
068158,0,0,0,-25,,,,
068167,0,0,0,-15,,,,
068168,0,0,0,20,,,,
068169,0,0,0,6,,,,
068173,0,0,0,-967,,,,
06817U,0,0,0,-20,,,,
06818U,0,0,0,3,,,,
06819U,0,0,0,-1,,,,
06822U,0,0,0,-5,,,,
06823U,0,0,0,-310,,,,
06824U,0,0,0,-234,,,,
06825U,0,0,0,76,,,,
068263,0,0,0,5,,,,
06826U,0,0,0,10,,,,
06828U,0,0,0,-89,,,,
06829U,0,0,0,-5,,,,
06830U,0,0,0,-2,,,,
06833U,0,0,0,-100,,,,
068344,0,0,0,142,,,,
06836U,0,0,0,290,,,,
068377,0,0,0,20,,,,
06837U,0,0,0,-3,,,,
068381,0,0,0,-45,,,,
068382,0,0,0,-33,,,,
068386,0,0,0,-75,,,,
068387,0,0,0,-199,,,,
068388,0,0,0,190,,,,
06838U,0,0,0,0,,,,
068393,0,0,0,10,,,,
06839U,0,0,0,5,,,,
068403,0,0,0,-10,,,,
068404,0,0,0,150,,,,
06840U,0,0,0,-1,,,,
06841U,0,0,0,5,,,,
06842U,0,0,0,4,,,,
06843U,0,0,0,-202,,,,
06844U,0,0,0,20,,,,
06847U,0,0,0,-87,,,,
06849U,0,0,0,109,,,,
06851U,0,0,0,3,,,,
06852U,0,0,0,73,,,,
06856U,0,0,0,-9,,,,
06857U,0,0,0,-12,,,,
06858U,0,0,0,-42,,,,
06859U,0,0,0,-76,,,,
06860U,0,0,0,-39,,,,
06861U,0,0,0,-26,,,,
06862U,0,0,0,-20,,,,
068638,0,0,0,-8,,,,
06863U,0,0,0,-15,,,,
068642,0,0,0,37,,,,
068643,0,0,0,383,,,,
068645,0,0,0,12,,,,
068649,0,0,0,-10,,,,
06865U,0,0,0,-3,,,,
068661,0,0,0,150,,,,
06866U,0,0,0,-59,,,,
068672,0,0,0,-109,,,,
06867U,0,0,0,-704,,,,
068696,0,0,0,31,,,,
06869U,0,0,0,5,,,,
06870U,0,0,0,-259,,,,
06871U,0,0,0,-100,,,,
06872U,0,0,0,-1309,,,,
06873U,0,0,0,4,,,,
06874U,0,0,0,-1,,,,
06875U,0,0,0,-38,,,,
06877U,0,0,0,-35,,,,
06879U,0,0,0,-695,,,,
06880U,0,0,0,8,,,,
06881U,0,0,0,-31,,,,
06882U,0,0,0,-25,,,,
068838,0,0,0,-10,,,,
06883U,0,0,0,20,,,,
068840,0,0,0,-33,,,,
068845,0,0,0,51,,,,
068849,0,0,0,83,,,,
06884U,0,0,0,25,,,,
068850,0,0,0,140,,,,
06885U,0,0,0,-120,,,,
06886U,0,0,0,20,,,,
06887U,0,0,0,32,,,,
06888U,0,0,0,-20,,,,
06890U,0,0,0,-69,,,,
068925,0,0,0,111,,,,
06892U,0,0,0,-90,,,,
06894U,0,0,0,-270,,,,
06895U,0,0,0,65,,,,
06897U,0,0,0,-408,,,,
068981,0,0,0,12,,,,
06900U,0,0,0,-14,,,,
06902U,0,0,0,60,,,,
06904U,0,0,0,-61,,,,
06905U,0,0,0,-219,,,,
06906U,0,0,0,-76,,,,
06907U,0,0,0,-81,,,,
06908U,0,0,0,-620,,,,
06909U,0,0,0,-5,,,,
06910U,0,0,0,51,,,,
06912U,0,0,0,-50,,,,
069137,0,0,0,-10,,,,
06913U,0,0,0,-43,,,,
06914U,0,0,0,5,,,,
069164,0,0,0,-234,,,,
06916U,0,0,0,101,,,,
069170,0,0,0,-311,,,,
069173,0,0,0,31,,,,
069174,0,0,0,253,,,,
069175,0,0,0,-10,,,,
069178,0,0,0,12,,,,
069179,0,0,0,21,,,,
06917U,0,0,0,-2,,,,
069185,0,0,0,133,,,,
069190,0,0,0,-10,,,,
069194,0,0,0,6,,,,
069195,0,0,0,6,,,,
06919U,0,0,0,24,,,,
069200,0,0,0,-50,,,,
069212,0,0,0,19,,,,
069221,0,0,0,150,,,,
06922U,0,0,0,0,,,,
06923U,0,0,0,22,,,,
06925U,0,0,0,-817,,,,
06926U,0,0,0,-14,,,,
06927U,0,0,0,77,,,,
06928U,0,0,0,-224,,,,
06929U,0,0,0,-1,,,,
06932U,0,0,0,211,,,,
069338,0,0,0,-20,,,,
069339,0,0,0,-105,,,,
06933U,0,0,0,-4,,,,
06935U,0,0,0,20,,,,
06937U,0,0,0,-40,,,,
069387,0,0,0,30,,,,
069389,0,0,0,2,,,,
06938U,0,0,0,15,,,,
069391,0,0,0,-20,,,,
069397,0,0,0,-10,,,,
069400,0,0,0,-200,,,,
069402,0,0,0,-171,,,,
069403,0,0,0,-14,,,,
069405,0,0,0,-12,,,,
069408,0,0,0,8,,,,
069417,0,0,0,1,,,,
06941U,0,0,0,-1,,,,
06942U,0,0,0,-113,,,,
06944U,0,0,0,1,,,,
06945U,0,0,0,-61,,,,
06947U,0,0,0,-10,,,,
06949U,0,0,0,-329,,,,
06950U,0,0,0,-85,,,,
06953U,0,0,0,21,,,,
06954U,0,0,0,-151,,,,
06955U,0,0,0,-34,,,,
06956U,0,0,0,-5,,,,
06957U,0,0,0,-11,,,,
069583,0,0,0,129,,,,
069586,0,0,0,51,,,,
069587,0,0,0,15,,,,
069588,0,0,0,-140,,,,
06958U,0,0,0,-55,,,,
06959U,0,0,0,-45,,,,
069601,0,0,0,80,,,,
069604,0,0,0,-50,,,,
069605,0,0,0,2,,,,
069611,0,0,0,150,,,,
06961U,0,0,0,-39,,,,
06963U,0,0,0,-1,,,,
06964U,0,0,0,43,,,,
06965U,0,0,0,-170,,,,
06966U,0,0,0,128,,,,
06967U,0,0,0,-91,,,,
06968U,0,0,0,201,,,,
06970U,0,0,0,20,,,,
06971U,0,0,0,-10,,,,
06972U,0,0,0,-3,,,,
06973U,0,0,0,-1046,,,,
06974U,0,0,0,-311,,,,
069750,0,0,0,1,,,,
06976U,0,0,0,-2,,,,
06977U,0,0,0,-68,,,,
069783,0,0,0,-1,,,,
06978U,0,0,0,-132,,,,
06979U,0,0,0,0,,,,
069808,0,0,0,19,,,,
069811,0,0,0,77,,,,
069812,0,0,0,51,,,,
06981U,0,0,0,25,,,,
06982U,0,0,0,29,,,,
069834,0,0,0,-117,,,,
06983U,0,0,0,-10,,,,
06985U,0,0,0,-140,,,,
06986U,0,0,0,-180,,,,
06988U,0,0,0,-232,,,,
06990U,0,0,0,-30,,,,
06991U,0,0,0,-1,,,,
06993U,0,0,0,-5,,,,
06994U,0,0,0,47,,,,
06995U,0,0,0,50,,,,
069967,0,0,0,80,,,,
069968,0,0,0,182,,,,
069969,0,0,0,-1,,,,
069973,0,0,0,86,,,,
069979,0,0,0,792,,,,
069982,0,0,0,5,,,,
06998U,0,0,0,-17,,,,
069997,0,0,0,220,,,,
07001U,0,0,0,31,,,,
070024,0,0,0,-5,,,,
07002U,0,0,0,134,,,,
07003U,0,0,0,422,,,,
07005U,0,0,0,-1,,,,
07010U,0,0,0,75,,,,
07013U,0,0,0,31,,,,
07014U,0,0,0,-55,,,,
07017U,0,0,0,1,,,,
070188,0,0,0,-11,,,,
07019U,0,0,0,-4,,,,
07020U,0,0,0,-19,,,,
07021U,0,0,0,18,,,,
070227,0,0,0,7,,,,
07022U,0,0,0,-110,,,,
07024U,0,0,0,-15,,,,
070259,0,0,0,-196,,,,
07025U,0,0,0,-239,,,,
07026U,0,0,0,-65,,,,
07029U,0,0,0,40,,,,
07030U,0,0,0,225,,,,
07031U,0,0,0,15,,,,
07033U,0,0,0,-8,,,,
07035U,0,0,0,-1092,,,,
07036U,0,0,0,-89,,,,
07037U,0,0,0,28,,,,
07038U,0,0,0,-179,,,,
070404,0,0,0,75,,,,
07041U,0,0,0,-100,,,,
07042U,14,0,0,-14,,,,
07043U,0,0,0,815,,,,
07044U,0,0,0,-20,,,,
070493,0,0,0,1,,,,
07049U,0,0,0,-439,,,,
070501,0,0,0,-540,,,,
070505,0,0,0,-2,,,,
070506,0,0,0,0,,,,
070507,0,0,0,-13,,,,
070508,0,0,0,23,,,,
07050P,0,0,0,-200,,,,
07050U,0,0,0,-11,,,,
07051U,0,0,0,-729,,,,
070529,0,0,0,130,,,,
07054U,0,0,0,-175,,,,
070551,0,0,0,-10,,,,
07055U,0,0,0,-381,,,,
070568,0,0,0,150,,,,
070581,0,0,0,-10,,,,
070599,0,0,0,-498,,,,
07059U,0,0,0,22,,,,
07060U,0,0,0,40,,,,
07063U,0,0,0,-142,,,,
07064U,0,0,0,777,,,,
070671,0,0,0,1,,,,
070675,0,0,0,337,,,,
070676,0,0,0,21,,,,
07067U,0,0,0,-21,,,,
070681,0,0,0,0,,,,
070689,0,0,0,74,,,,
07068U,0,0,0,-5,,,,
070697,0,0,0,-49,,,,
070698,0,0,0,-10,,,,
070706,0,0,0,-50,,,,
07072U,0,0,0,10,,,,
07073U,0,0,0,-10,,,,
07074U,0,0,0,-324,,,,
07076U,0,0,0,-76,,,,
07077U,0,0,0,92,,,,
07078U,0,0,0,-281,,,,
07079U,0,0,0,-258,,,,
07080U,0,0,0,-156,,,,
07081U,0,0,0,-296,,,,
07082U,0,0,0,-146,,,,
07084U,0,0,0,-10,,,,
07085U,0,0,0,-369,,,,
07086U,0,0,0,-20,,,,
070875,0,0,0,-51,,,,
07088U,0,0,0,-1230,,,,
07090U,0,0,0,-28,,,,
07094U,0,0,0,70,,,,
07096U,0,0,0,11,,,,
07098U,0,0,0,50,,,,
070995,0,0,0,163,,,,
07099U,0,0,0,-3,,,,
071005,0,0,0,25,,,,
07100U,0,0,0,50,,,,
071017,0,0,0,-1,,,,
071020,0,0,0,10,,,,
071026,0,0,0,0,,,,
07102U,0,0,0,-9,,,,
071033,0,0,0,-10,,,,
071034,0,0,0,-1,,,,
071037,0,0,0,8,,,,
071038,0,0,0,-10,,,,
071039,0,0,0,-526,,,,
071040,0,0,0,130,,,,
07104U,0,0,0,8,,,,
07105U,0,0,0,-80,,,,
071061,0,0,0,1254,,,,
07106U,0,0,0,1,,,,
07107U,0,0,0,-122,,,,
07108U,0,0,0,-403,,,,
07109U,0,0,0,-83,,,,
07110U,0,0,0,-70,,,,
07114U,0,0,0,-18,,,,
07116U,0,0,0,-49,,,,
07117U,0,0,0,8,,,,
07118U,0,0,0,-13,,,,
071193,0,0,0,16,,,,
07119U,0,0,0,-11,,,,
07120U,0,0,0,308,,,,
07121U,0,0,0,-435,,,,
07123U,0,0,0,-410,,,,
071242,0,0,0,79,,,,
07124U,0,0,0,-128,,,,
071255,0,0,0,-30,,,,
07125U,0,0,0,-41,,,,
07126U,0,0,0,-30,,,,
07127U,0,0,0,1,,,,
07128U,0,0,0,-20,,,,
07129U,0,0,0,0,,,,
071314,0,0,0,172,,,,
071315,0,0,0,-41,,,,
071316,0,0,0,-30,,,,
071328,0,0,0,-10,,,,
071329,0,0,0,70,,,,
07132U,0,0,0,-22,,,,
071330,0,0,0,1,,,,
071331,0,0,0,-2,,,,
07133U,0,0,0,-71,,,,
071340,0,0,0,-399,,,,
07134U,0,0,0,20,,,,
07135U,0,0,0,-20,,,,
071374,0,0,0,30,,,,
07140U,0,0,0,-17,,,,
07141U,0,0,0,-64,,,,
071443,0,0,0,786,,,,
07144U,0,0,0,-100,,,,
071459,0,0,0,30,,,,
07145P,0,0,0,1,,,,
07145U,0,0,0,-3,,,,
071461,0,0,0,60,,,,
071465,0,0,0,-1,,,,
071473,0,0,0,2,,,,
07147U,0,0,0,73,,,,
07148U,0,0,0,-1,,,,
07150U,0,0,0,1,,,,
07151U,0,0,0,-10,,,,
07152U,0,0,0,0,,,,
07153U,0,0,0,-46,,,,
071540,0,0,0,15,,,,
071560,0,0,0,-15,,,,
07158U,0,0,0,414,,,,
07159U,0,0,0,-104,,,,
07160U,0,0,0,-5,,,,
07161U,0,0,0,31,,,,
07162U,0,0,0,-107,,,,
07168U,0,0,0,2,,,,
07170U,0,0,0,-20,,,,
07171U,0,0,0,-17,,,,
071722,0,0,0,16,,,,
07172U,0,0,0,-4,,,,
07173U,0,0,0,7,,,,
071742,0,0,0,-1,,,,
071743,0,0,0,-47,,,,
07174U,0,0,0,-12,,,,
071756,0,0,0,11,,,,
071763,0,0,0,5,,,,
071780,0,0,0,11,,,,
07179U,0,0,0,10,,,,
07181U,0,0,0,-34,,,,
07182U,0,0,0,-70,,,,
07183U,0,0,0,-46,,,,
07184U,0,0,0,-3,,,,
07187U,0,0,0,-20,,,,
071891,0,0,0,-1,,,,
07189U,0,0,0,-103,,,,
071901,0,0,0,31,,,,
071902,0,0,0,0,,,,
071904,0,0,0,0,,,,
071908,0,0,0,20,,,,
071919,0,0,0,2906,,,,
071925,0,0,0,18,,,,
071926,0,0,0,-87,,,,
07195U,0,0,0,-10,,,,
07196U,0,0,0,25,,,,
07199U,0,0,0,-7,,,,
07200U,0,0,0,7,,,,
072047,0,0,0,2,,,,
07205U,0,0,0,65,,,,
07206U,0,0,0,14,,,,
07207U,0,0,0,15,,,,
072117,0,0,0,70,,,,
07211U,0,0,0,-4,,,,
072125,0,0,0,-283,,,,
072128,0,0,0,5,,,,
07212U,0,0,0,-19,,,,
072141,0,0,0,-60,,,,
072143,0,0,0,-10,,,,
07215U,0,0,0,-155,,,,
07219U,0,0,0,-15,,,,
072213,0,0,0,336,,,,
07221U,0,0,0,-200,,,,
07222U,0,0,0,-3,,,,
07223U,0,0,0,-150,,,,
072246,0,0,0,20,,,,
07224U,0,0,0,2,,,,
07225U,0,0,0,156,,,,
072262,0,0,0,326,,,,
072285,0,0,0,163,,,,
072302,0,0,0,48,,,,
072339,0,0,0,100,,,,
072341,0,0,0,30,,,,
072354,0,0,0,15,,,,
072355,4,0,0,-1,,,,
07235U,0,0,0,-20,,,,
072371,0,0,0,-2,,,,
072376,0,0,0,-2013,,,,
072385,0,0,0,5,,,,
07240U,0,0,0,-40,,,,
07241U,0,0,0,-6,,,,
07244U,0,0,0,190,,,,
072489,0,0,0,-226,,,,
07250U,0,0,0,5,,,,
07251U,0,0,0,-18,,,,
07253U,0,0,0,30,,,,
07255U,0,0,0,-30,,,,
07256U,0,0,0,-100,,,,
07257U,0,0,0,-20,,,,
07259U,0,0,0,306,,,,
07260U,0,0,0,-16,,,,
072643,0,0,0,50,,,,
07265U,0,0,0,50,,,,
07267U,0,0,0,28,,,,
07268U,0,0,0,1,,,,
072691,0,0,0,600,,,,
07269U,0,0,0,25,,,,
07270U,0,0,0,-20,,,,
07271U,0,0,0,-11,,,,
07272U,0,0,0,-2,,,,
07273U,0,0,0,-4,,,,
07275U,0,0,0,10,,,,
07276U,0,0,0,-30,,,,
072773,0,0,0,53,,,,
07278U,0,0,0,0,,,,
07279U,0,0,0,-400,,,,
072860,0,0,0,18,,,,
072863,0,0,0,189,,,,
072869,0,0,0,316,,,,
07286U,0,0,0,180,,,,
07287U,0,0,0,194,,,,
07288U,0,0,0,5,,,,
072897,0,0,0,50,,,,
072898,0,0,0,60,,,,
07289U,0,0,0,17,,,,
07290U,0,0,0,-100,,,,
07291P,0,0,0,1,,,,
07291U,0,0,0,5,,,,
07293U,0,0,0,-11,,,,
07295U,0,0,0,-45,,,,
072965,0,0,0,23,,,,
072966,0,0,0,0,,,,
072971,0,0,0,-448,,,,
07297U,0,0,0,1,,,,
07304U,0,0,0,-176,,,,
07308U,0,0,0,-70,,,,
073105,0,0,0,2,,,,
07311U,0,0,0,-15,,,,
07312U,0,0,0,-18,,,,
07313U,0,0,0,-4,,,,
07314U,0,0,0,-550,,,,
07315U,0,0,0,-10,,,,
07316U,0,0,0,-5,,,,
073181,0,0,0,-7,,,,
073188,0,0,0,-1,,,,
07320U,0,0,0,-31,,,,
07321U,0,0,0,-1,,,,
07322U,0,0,0,-21,,,,
07325U,0,0,0,-247,,,,
07327U,0,0,0,74,,,,
073288,0,0,0,-80,,,,
07329U,0,0,0,-6,,,,
073300,0,0,0,0,,,,
07330U,0,0,0,-120,,,,
07331U,0,0,0,-781,,,,
073321,100,0,0,-100,,,,
073328,0,0,0,66,,,,
073329,0,0,0,50,,,,
07332U,0,0,0,20,,,,
07333U,0,0,0,-300,,,,
07334U,0,0,0,-1,,,,
07336U,0,0,0,-32,,,,
07340U,0,0,0,-25,,,,
07341U,0,0,0,-4,,,,
073441,0,0,0,27,,,,
073450,0,0,0,8,,,,
073458,0,0,0,-255,,,,
07345U,0,0,0,0,,,,
073500,0,0,0,50,,,,
07351U,0,0,0,5,,,,
07352U,0,0,0,0,,,,
07353U,0,0,0,26,,,,
07354U,0,0,0,7,,,,
07360U,0,0,0,-20,,,,
07361U,0,0,0,30,,,,
07364U,0,0,0,0,,,,
07368U,0,0,0,-5,,,,
07369U,0,0,0,-30,,,,
073708,0,0,0,50,,,,
07370U,0,0,0,551,,,,
073731,0,0,0,1,,,,
073748,0,0,0,-10,,,,
073756,0,0,0,-62,,,,
073770,0,0,0,36,,,,
07378U,0,0,0,-7,,,,
07381U,0,0,0,29,,,,
073878,0,0,0,-299,,,,
07389U,0,0,0,-517,,,,
07392U,0,0,0,10,,,,
07393U,0,0,0,5,,,,
07398U,0,0,0,42,,,,
073995,0,0,0,-10,,,,
07399U,0,0,0,12,,,,
074000,0,0,0,-122,,,,
074007,0,0,0,2,,,,
07401U,0,0,0,-925,,,,
07402U,0,0,0,40,,,,
074039,0,0,0,-51,,,,
074059,0,0,0,-295,,,,
07405U,0,0,0,-10,,,,
074067,0,0,0,-10,,,,
07406U,0,0,0,-25,,,,
074092,0,0,0,6,,,,
07412U,0,0,0,-3,,,,
074142,0,0,0,12,,,,
07414U,0,0,0,-20,,,,
07415U,0,0,0,-10,,,,
07416U,0,0,0,-2,,,,
074187,0,0,0,-3,,,,
07418U,0,0,0,-60,,,,
07419U,0,0,0,23,,,,
07424U,0,0,0,0,,,,
07426U,0,0,0,1,,,,
07427U,0,0,0,85,,,,
07432U,0,0,0,-25,,,,
074332,0,0,0,4,,,,
07433U,0,0,0,-20,,,,
07434U,0,0,0,-24,,,,
07435U,0,0,0,-1,,,,
074371,0,0,0,1,,,,
07437U,0,0,0,0,,,,
07438U,0,0,0,-12,,,,
07439U,0,0,0,-10,,,,
07440U,0,0,0,79,,,,
07441U,0,0,0,79,,,,
074433,0,0,0,0,,,,
07443U,0,0,0,-225,,,,
07445U,0,0,0,-178,,,,
07446U,0,0,0,-21,,,,
07447U,0,0,0,13,,,,
07448U,0,0,0,4,,,,
07450U,0,0,0,40,,,,
07451U,0,0,0,-1,,,,
074539,0,0,0,13,,,,
07454U,0,0,0,75,,,,
07455U,0,0,0,-50,,,,
07457U,0,0,0,-210,,,,
07458U,0,0,0,20,,,,
07459U,0,0,0,-3,,,,
07460U,0,0,0,40,,,,
074623,0,0,0,-7,,,,
07462U,0,0,0,-40,,,,
07463U,0,0,0,-5,,,,
07465U,0,0,0,26,,,,
07466U,0,0,0,-100,,,,
07469U,0,0,0,-43,,,,
07470U,0,0,0,-10,,,,
07471U,0,0,0,2,,,,
07472U,0,0,0,72,,,,
07473U,0,0,0,-53,,,,
074747,0,0,0,-10,,,,
074750,0,0,0,-69,,,,
07476U,0,0,0,-20,,,,
07477U,0,0,0,61,,,,
07478U,0,0,0,-10,,,,
07479U,0,0,0,20,,,,
07481U,0,0,0,50,,,,
07482U,0,0,0,-1,,,,
07483U,0,0,0,21,,,,
07484U,0,0,0,15,,,,
07485U,0,0,0,-18,,,,
074860,0,0,0,48,,,,
07486U,0,0,0,4,,,,
07488U,0,0,0,-54,,,,
07490U,0,0,0,4,,,,
07491U,0,0,0,-115,,,,
074926,0,0,0,10,,,,
07492U,0,0,0,1,,,,
074939,0,0,0,0,,,,
074946,0,0,0,125,,,,
07494U,0,0,0,8,,,,
074967,0,0,0,0,,,,
07496U,0,0,0,3,,,,
074974,0,0,0,0,,,,
07497U,0,0,0,76,,,,
07498U,0,0,0,-14,,,,
07499U,0,0,0,5,,,,
07500U,0,0,0,-3,,,,
07505U,0,0,0,5,,,,
07507U,0,0,0,1,,,,
07508U,0,0,0,-29,,,,
07509U,0,0,0,-40,,,,
075108,0,0,0,2,,,,
075109,0,0,0,453,,,,
075111,0,0,0,71,,,,
07511U,0,0,0,40,,,,
07513U,0,0,0,-4,,,,
07514U,0,0,0,0,,,,
07517U,0,0,0,-1,,,,
07518U,0,0,0,73,,,,
07520U,0,0,0,8,,,,
075227,0,0,0,39,,,,
07522U,0,0,0,-5,,,,
07523U,0,0,0,-32,,,,
07524U,0,0,0,-80,,,,
075264,0,0,0,2,,,,
075268,0,0,0,-20,,,,
07527U,0,0,0,-45,,,,
07528U,0,0,0,-495,,,,
075299,0,0,0,103,,,,
07529U,0,0,0,1,,,,
07530U,0,0,0,-63,,,,
07531U,0,0,0,-25,,,,
07533U,0,0,0,15,,,,
07535U,0,0,0,-59,,,,
07537U,0,0,0,-10,,,,
07538U,0,0,0,7,,,,
075390,0,0,0,-15,,,,
07542U,0,0,0,8,,,,
07544U,0,0,0,-25,,,,
07545U,0,0,0,0,,,,
07547U,0,0,0,-37,,,,
07548U,0,0,0,20,,,,
075507,0,0,0,-57,,,,
075510,0,0,0,-3,,,,
07553U,0,0,0,-26,,,,
07556U,0,0,0,75,,,,
07557U,0,0,0,-2,,,,
07558U,0,0,0,25,,,,
075592,0,0,0,158,,,,
07560P,0,0,0,50,,,,
07560U,0,0,0,10,,,,
075619,0,0,0,57,,,,
075625,0,0,0,-36,,,,
07562U,0,0,0,479,,,,
07563P,0,0,0,-21,,,,
07563U,0,0,0,-71,,,,
07564U,0,0,0,20,,,,
07566U,0,0,0,96,,,,
07568U,0,0,0,0,,,,
07569U,0,0,0,29,,,,
07570U,0,0,0,-340,,,,
07571U,0,0,0,25,,,,
07573U,0,0,0,40,,,,
075748,0,0,0,11,,,,
07574U,0,0,0,73,,,,
07578U,0,0,0,-20,,,,
07582U,0,0,0,-5,,,,
075834,0,0,0,-1,,,,
07584U,0,0,0,-13,,,,
07585U,0,0,0,-22,,,,
075865,0,0,0,-21,,,,
07586U,0,0,0,-5,,,,
07587U,0,0,0,-25,,,,
07588U,0,0,0,70,,,,
07589U,0,0,0,1,,,,
075900,0,0,0,1,,,,
075906,0,0,0,-508,,,,
075907,0,0,0,-52,,,,
07590U,0,0,0,25,,,,
07591U,0,0,0,-1,,,,
07594U,0,0,0,61,,,,
07595U,0,0,0,66,,,,
07596U,0,0,0,-6,,,,
07597U,0,0,0,10,,,,
07598U,0,0,0,-3,,,,
07599U,0,0,0,-57,,,,
07600U,0,0,0,1,,,,
07601U,0,0,0,-10,,,,
076022,0,0,0,1,,,,
07602U,0,0,0,-20,,,,
07603U,0,0,0,-222,,,,
076067,0,0,0,-30,,,,
07606U,0,0,0,-10,,,,
076070,0,0,0,-2,,,,
076073,0,0,0,25,,,,
076075,0,0,0,17,,,,
07607U,0,0,0,18,,,,
076097,0,0,0,3,,,,
07609U,0,0,0,-22,,,,
07611U,0,0,0,65,,,,
076131,0,0,0,-2,,,,
076170,0,0,0,25,,,,
07618U,0,0,0,76,,,,
076199,0,0,0,0,,,,
07619U,0,0,0,316,,,,
07620U,0,0,0,-9,,,,
07621U,0,0,0,-12,,,,
07624U,0,0,0,-65,,,,
07625U,0,0,0,-20,,,,
07626U,0,0,0,68,,,,
07627U,0,0,0,-3,,,,
07629U,0,0,0,-2,,,,
076309,0,0,0,305,,,,
076310,0,0,0,300,,,,
076312,0,0,0,-53,,,,
076314,0,0,0,50,,,,
076315,0,0,0,-134,,,,
076316,0,0,0,5,,,,
07631U,0,0,0,1,,,,
07632U,0,0,0,-9,,,,
07633U,0,0,0,-30,,,,
07634U,0,0,0,-1,,,,
07635U,0,0,0,18,,,,
076360,0,0,0,-20,,,,
076364,0,0,0,30,,,,
07636U,0,0,0,-32,,,,
07637U,0,0,0,-25,,,,
076392,0,0,0,-4,,,,
07641U,0,0,0,-12,,,,
076438,0,0,0,-53,,,,
07643U,0,0,0,15,,,,
07644U,0,0,0,-7,,,,
07645U,0,0,0,-20,,,,
076467,0,0,0,0,,,,
07646U,0,0,0,144,,,,
07647U,0,0,0,23,,,,
07648U,0,0,0,73,,,,
07649U,0,0,0,-10,,,,
07650U,0,0,0,138,,,,
07658U,0,0,0,20,,,,
076597,0,0,0,-40,,,,
076609,0,0,0,17,,,,
07660U,0,0,0,-10,,,,
07661U,0,0,0,2,,,,
076629,0,0,0,-25,,,,
07662U,0,0,0,-1,,,,
076630,0,0,0,-339,,,,
076631,0,0,0,-380,,,,
076634,0,0,0,-466,,,,
076635,0,0,0,-159,,,,
076636,0,0,0,-50,,,,
07665U,0,0,0,-4,,,,
07666U,0,0,0,-5,,,,
07667U,0,0,0,13,,,,
07668U,0,0,0,-80,,,,
076698,0,0,0,12,,,,
07670U,0,0,0,-104,,,,
076713,0,0,0,1,,,,
07671U,0,0,0,-37,,,,
07673U,0,0,0,-10,,,,
076747,0,0,0,3,,,,
07674U,0,0,0,109,,,,
07676U,0,0,0,-12,,,,
07677U,0,0,0,-15,,,,
07678U,0,0,0,79,,,,
07679U,0,0,0,-26,,,,
07681U,0,0,0,-100,,,,
076832,0,0,0,-1,,,,
07683U,0,0,0,-11,,,,
076842,0,0,0,-81,,,,
076844,0,0,0,-3,,,,
07686U,0,0,0,-5,,,,
076874,0,0,0,409,,,,
076875,0,0,0,-123,,,,
07687U,0,0,0,-2,,,,
076883,0,0,0,-143,,,,
07689U,0,0,0,-30,,,,
07690U,0,0,0,-50,,,,
07691U,0,0,0,-12,,,,
07692U,0,0,0,-1326,,,,
07695U,0,0,0,79,,,,
07697U,0,0,0,-45,,,,
076987,0,0,0,12,,,,
076988,0,0,0,-100,,,,
07698U,0,0,0,53,,,,
077004,0,0,0,20,,,,
077006,0,0,0,-78,,,,
07700U,0,0,0,-15,,,,
077011,0,0,0,26,,,,
07701U,0,0,0,-20,,,,
07702U,0,0,0,-17,,,,
07703U,0,0,0,20,,,,
077065,0,0,0,1,,,,
077085,0,0,0,-61,,,,
077101,0,0,0,104,,,,
07710U,0,0,0,-606,,,,
077114,0,0,0,1,,,,
07711U,0,0,0,-302,,,,
07712U,0,0,0,-1,,,,
077131,0,0,0,-4,,,,
07713U,0,0,0,-230,,,,
07714U,0,0,0,11,,,,
07715U,0,0,0,-9,,,,
077172,0,0,0,0,,,,
077173,0,0,0,14,,,,
077175,0,0,0,-3,,,,
077184,0,0,0,0,,,,
077199,0,0,0,-3,,,,
07719U,0,0,0,-14,,,,
07721U,0,0,0,384,,,,
077226,0,0,0,-3,,,,
07722U,0,0,0,-56,,,,
07723U,0,0,0,-65,,,,
07725U,0,0,0,61,,,,
077266,0,0,0,5,,,,
07726U,0,0,0,59,,,,
07729U,0,0,0,-60,,,,
07730U,0,0,0,-15,,,,
07731U,0,0,0,20,,,,
07732U,0,0,0,10,,,,
07733U,0,0,0,-179,,,,
077359,0,0,0,305,,,,
07737U,0,0,0,181,,,,
07738U,0,0,0,-25,,,,
077399,0,0,0,30,,,,
077400,0,0,0,-10,,,,
077401,0,0,0,391,,,,
07744U,0,0,0,-74,,,,
07745U,0,0,0,-86,,,,
07746U,0,0,0,16,,,,
07747U,0,0,0,-2,,,,
077488,0,0,0,98,,,,
07748U,0,0,0,-713,,,,
07750U,0,0,0,-50,,,,
07751U,0,0,0,20,,,,
077531,0,0,0,1,,,,
077547,0,0,0,-3,,,,
07754U,0,0,0,-200,,,,
07755U,0,0,0,-129,,,,
07756U,0,0,0,-11,,,,
07759U,0,0,0,19,,,,
077607,0,0,0,262,,,,
07760U,0,0,0,-100,,,,
07762U,0,0,0,36,,,,
07765U,0,0,0,-10,,,,
07770U,0,0,0,-57,,,,
07771U,0,0,0,18,,,,
077726,0,0,0,-1200,,,,
077727,0,0,0,85,,,,
077728,0,0,0,-12,,,,
07772U,0,0,0,-2,,,,
077730,0,0,0,-10,,,,
077733,0,0,0,-207,,,,
07774U,0,0,0,-132,,,,
077753,0,0,0,5,,,,
077758,0,0,0,2,,,,
07776U,0,0,0,-49,,,,
07778U,0,0,0,-20,,,,
07780U,0,0,0,-4,,,,
07782U,0,0,0,-10,,,,
077834,0,0,0,650,,,,
077837,0,0,0,-39,,,,
077839,0,0,0,2,,,,
07783U,0,0,0,-53,,,,
07784P,0,0,0,-10,,,,
07784U,0,0,0,-1,,,,
077855,0,0,0,50,,,,
07791U,0,0,0,107,,,,
07793U,0,0,0,-42,,,,
07794U,0,0,0,-9,,,,
077965,0,0,0,-100,,,,
077970,0,0,0,150,,,,
07798U,0,0,0,-111,,,,
07802U,0,0,0,-10,,,,
07803U,0,0,0,52,,,,
078041,0,0,0,-10,,,,
07804U,0,0,0,10,,,,
078057,0,0,0,20,,,,
07806U,0,0,0,2,,,,
07807U,0,0,0,-12,,,,
07808U,0,0,0,75,,,,
07810U,0,0,0,12,,,,
07811U,0,0,0,-172,,,,
07813U,0,0,0,-102,,,,
07814U,0,0,0,-35,,,,
07815U,0,0,0,-341,,,,
07817U,0,0,0,-15,,,,
07818U,0,0,0,-328,,,,
078200,0,0,0,50,,,,
07821U,0,0,0,85,,,,
07822U,0,0,0,3,,,,
07824U,0,0,0,-103,,,,
07825U,0,0,0,20,,,,
07826U,0,0,0,-1,,,,
07827U,0,0,0,-17,,,,
07828U,0,0,0,-6,,,,
07829U,0,0,0,-101,,,,
07830U,0,0,0,-57,,,,
07832U,0,0,0,-3,,,,
078354,0,0,0,1,,,,
078384,0,0,0,33,,,,
07839U,0,0,0,-10,,,,
07840U,0,0,0,-230,,,,
07841U,0,0,0,75,,,,
07842U,0,0,0,-3,,,,
07843U,0,0,0,-20,,,,
07844U,0,0,0,20,,,,
07848U,0,0,0,-1,,,,
078491,0,0,0,1,,,,
07849P,0,0,0,-88,,,,
078505,-20,0,0,19,,,,
078526,0,0,0,16,,,,
078528,0,0,0,25,,,,
07852U,0,0,0,-24,,,,
078531,0,0,0,-6,,,,
078537,0,0,0,-3,,,,
078539,0,0,0,83,,,,
07857U,0,0,0,100,,,,
078584,0,0,0,-477,,,,
07858U,0,0,0,74,,,,
07859U,0,0,0,-38,,,,
07863U,0,0,0,6,,,,
07864U,0,0,0,-3,,,,
078654,0,0,0,11,,,,
07865U,0,0,0,-479,,,,
07866U,0,0,0,-15,,,,
07867U,0,0,0,16,,,,
078689,0,0,0,20,,,,
07869U,0,0,0,-76,,,,
07872U,0,0,0,-791,,,,
07874U,0,0,-5,17,,,,
07875U,0,0,0,-1,,,,
07876U,0,0,0,-28,,,,
07877U,0,0,0,144,,,,
07879U,0,0,0,295,,,,
07880U,3,0,0,-60,,,,
07885U,0,0,0,-1,,,,
078891,0,0,0,499,,,,
07890U,0,0,0,-12,,,,
07891U,0,0,0,-323,,,,
07892U,0,0,0,-428,,,,
078933,0,0,0,299,,,,
078950,0,0,0,1,,,,
078959,0,0,0,34,,,,
07895U,0,0,0,-100,,,,
078960,0,0,0,65,,,,
078967,0,0,0,116,,,,
07896U,0,0,0,-100,,,,
07897U,0,0,0,-720,,,,
07898U,0,0,0,-2,,,,
078997,0,0,0,-5,,,,
07901P,0,0,0,-10,,,,
07902U,0,0,0,-13,,,,
079038,0,0,0,91,,,,
079039,0,0,0,105,,,,
07904U,0,0,0,-161,,,,
07905U,0,0,0,-964,,,,
079073,0,0,0,330,,,,
07907U,0,0,0,558,,,,
07908U,0,0,0,99,,,,
07909U,0,0,0,-330,,,,
079106,0,0,0,142,,,,
07910U,0,0,0,21,,,,
07911U,0,0,0,-2,,,,
079127,0,0,0,25,,,,
07912U,0,0,0,-58,,,,
07913U,0,0,0,-23,,,,
07915U,0,0,0,-5,,,,
07916U,0,0,0,-2,,,,
079179,0,0,0,20,,,,
07917U,0,0,0,-12,,,,
07918U,0,0,0,208,,,,
07922U,0,0,0,2,,,,
07923U,0,0,0,-150,,,,
079241,0,0,0,10,,,,
07924U,0,0,0,33,,,,
079255,0,0,0,30,,,,
07925U,0,0,0,6,,,,
07926U,0,0,0,-30,,,,
079272,0,0,0,-10,,,,
07927U,0,0,0,-326,,,,
079293,0,0,0,-10,,,,
079295,0,0,0,-100,,,,
079309,0,0,0,11,,,,
07930U,0,0,0,441,,,,
07931U,0,0,0,-18,,,,
07933U,0,0,0,-10,,,,
079344,0,0,0,1637,,,,
079349,0,0,0,-4,,,,
07934U,0,0,0,-50,,,,
07935U,0,0,0,-31,,,,
079364,0,0,0,20,,,,
079368,0,0,0,99,,,,
07936U,0,0,0,-20,,,,
079371,0,0,0,30,,,,
07937U,0,0,0,-124,,,,
079393,0,0,0,-10,,,,
07939U,0,0,0,-23,,,,
07940U,0,0,0,-18,,,,
079423,0,0,0,0,,,,
07943U,0,0,0,-200,,,,
07944U,0,0,0,-373,,,,
079457,0,0,0,8,,,,
07945U,0,0,0,-10,,,,
079460,0,0,0,17,,,,
07946U,0,0,0,-29,,,,
079473,0,0,0,-5,,,,
079500,0,0,0,12,,,,
079505,0,0,0,1,,,,
079514,0,0,0,-347,,,,
079521,0,0,0,25,,,,
079522,0,0,0,-55,,,,
079558,0,0,0,1341,,,,
079575,0,0,0,-4,,,,
079577,0,0,0,10,,,,
079633,0,0,0,2,,,,
079645,0,0,0,19,,,,
079728,0,0,0,47,,,,
079729,0,0,0,5,,,,
079743,0,0,0,461,,,,
079745,0,0,0,-3,,,,
079835,0,0,0,0,,,,
079890,0,0,0,-288,,,,
079899,0,0,0,2,,,,
079902,0,0,0,200,,,,
079920,0,0,0,1,,,,
079922,0,0,0,2,,,,
079976,0,0,0,10,,,,
079992,0,0,0,32,,,,
079993,0,0,0,24,,,,
079999,0,0,0,0,,,,
080052,0,0,0,-10,,,,
080062,0,0,0,-5,,,,
080068,0,0,0,-50,,,,
080080,0,0,0,-100,,,,
080084,0,0,0,42,,,,
080095,0,0,0,135,,,,
080096,0,0,0,24,,,,
080115,0,0,0,3,,,,
080145,0,0,0,1,,,,
080157,0,0,0,-20,,,,
080216,0,0,0,-18,,,,
080218,0,0,0,-8,,,,
080219,0,0,0,138,,,,
080221,0,0,0,43,,,,
080222,0,0,0,778,,,,
080224,0,0,0,42,,,,
080225,0,0,0,-117,,,,
080297,0,0,0,0,,,,
080302,0,0,0,35,,,,
080303,0,0,0,189,,,,
080325,0,0,0,-40,,,,
080335,0,0,0,-115,,,,
080336,0,0,0,157,,,,
080338,0,0,0,-2,,,,
080339,0,0,0,-10,,,,
080340,0,0,0,-57,,,,
080342,0,0,0,-1,,,,
080343,0,0,0,19,,,,
080344,0,0,0,-1,,,,
080360,0,0,0,7,,,,
080378,0,0,0,-10,,,,
08038P,0,0,0,384,,,,
080412,0,0,0,25,,,,
080414,0,0,0,10,,,,
080415,0,0,0,-9,,,,
080416,0,0,0,-10,,,,
080432,0,0,0,2,,,,
080461,0,0,0,13,,,,
080509,0,0,0,-64,,,,
080510,0,0,0,-4,,,,
080513,0,0,0,-104,,,,
080518,0,0,0,129,,,,
08051P,0,0,0,-151,,,,
080592,0,0,0,20,,,,
080599,0,0,0,8,,,,
080603,0,0,0,4,,,,
080642,0,0,0,22,,,,
080723,0,0,0,14,,,,
080739,0,0,0,10,,,,
080742,0,0,0,-4,,,,
080744,0,0,0,10,,,,
080745,0,0,0,-33,,,,
080747,0,0,0,225,,,,
080748,0,0,0,51,,,,
080755,0,0,0,-5,,,,
080762,0,0,0,-1504,,,,
080802,0,0,0,-230,,,,
080816,0,0,0,-170,,,,
080822,0,0,0,-1,,,,
080843,0,0,0,-130,,,,
080844,0,0,0,358,,,,
080845,0,0,0,-64,,,,
080846,0,0,0,2,,,,
080847,0,0,0,-161,,,,
080848,0,0,0,-19,,,,
080849,-20,0,0,0,,,,
080850,0,0,0,49,,,,
080888,0,0,0,20,,,,
080907,0,0,0,-1,,,,
080908,0,0,0,2,,,,
080914,0,0,0,-10,,,,
080925,0,0,0,13,,,,
080949,0,0,0,238,,,,
080966,0,0,0,4,,,,
080971,0,0,0,-5,,,,
080973,0,0,0,145,,,,
080975,0,0,0,35,,,,
080979,0,0,0,-178,,,,
081002,0,0,0,-17,,,,
081046,0,0,0,78,,,,
081064,0,0,0,77,,,,
081072,0,0,0,-75,,,,
081104,0,0,0,4,,,,
081105,0,0,0,-38,,,,
081108,0,0,0,15,,,,
081116,0,0,0,-5,,,,
081119,0,0,0,-190,,,,
081125,0,0,0,-71,,,,
081129,0,0,0,-50,,,,
081140,0,0,0,10,,,,
081157,0,0,0,1209,,,,
081198,0,0,0,2,,,,
081199,0,0,0,2,,,,
081204,0,0,0,-1,,,,
081208,0,0,0,-20,,,,
081229,0,0,0,20,,,,
081237,0,0,0,-48,,,,
081244,0,0,0,-217,,,,
081307,0,0,0,20,,,,
081314,0,0,0,1,,,,
081331,0,0,0,96,,,,
081349,0,0,0,-6,,,,
081355,0,0,0,21,,,,
081356,0,0,0,250,,,,
081357,0,0,0,30,,,,
081359,0,0,0,-137,,,,
081361,0,0,0,-100,,,,
081362,0,0,0,-30,,,,
081367,0,0,0,-131,,,,
081369,0,0,0,-670,,,,
081370,0,0,0,14,,,,
081371,0,0,0,14,,,,
081372,0,0,0,-1,,,,
081386,0,0,0,73,,,,
081387,0,0,0,-1054,,,,
081394,0,0,0,1,,,,
081398,0,0,0,-10,,,,
081400,0,0,0,-5,,,,
081416,0,0,0,-3,,,,
081467,0,0,0,-9,,,,
081476,0,0,0,-269,,,,
081479,0,0,0,-2,,,,
081483,0,0,0,38,,,,
081486,0,0,0,-63,,,,
081487,0,0,0,-10,,,,
081488,0,0,0,-450,,,,
081493,0,0,0,-7,,,,
081495,0,0,0,-107,,,,
081497,0,0,0,-414,,,,
081500,0,0,0,-12,,,,
081558,0,0,0,0,,,,
081565,0,0,0,-36,,,,
081597,0,0,0,1,,,,
081612,0,0,0,17,,,,
081614,0,0,0,-173,,,,
081618,0,0,0,30,,,,
081621,0,0,0,-10,,,,
081626,0,0,0,-21,,,,
081628,0,0,0,-612,,,,
081645,0,0,0,2,,,,
081674,0,0,0,40,,,,
081717,0,0,0,77,,,,
081720,0,0,0,0,,,,
081732,0,0,0,88,,,,
081738,0,0,0,14,,,,
081740,0,0,0,-10,,,,
081760,0,0,0,13,,,,
081768,0,0,0,34,,,,
081770,0,0,0,-3,,,,
081806,0,0,0,270,,,,
081818,0,0,0,-70,,,,
081859,0,0,0,-10,,,,
081867,0,0,0,0,,,,
081879,0,0,0,22,,,,
081886,0,0,0,-156,,,,
081909,0,0,0,-516,,,,
081912,0,0,0,-629,,,,
081921,0,0,0,-10,,,,
081943,0,0,0,110,,,,
081954,0,0,0,-14,,,,
081958,0,0,0,510,,,,
081982,0,0,0,60,,,,
081993,0,0,0,10,,,,
081997,0,0,0,-176,,,,
081998,0,0,0,104,,,,
082022,0,0,0,-10,,,,
082028,0,0,0,18,,,,
082031,0,0,0,-16,,,,
082032,0,0,0,6,,,,
082036,0,0,0,57,,,,
082044,0,0,0,-10,,,,
082051,0,0,0,-27,,,,
082059,0,0,0,-120,,,,
082063,0,0,0,-10,,,,
082083,0,0,0,-79,,,,
082091,0,0,0,74,,,,
082094,0,0,0,128,,,,
082098,0,0,0,-262,,,,
082103,0,0,0,10,,,,
082112,0,0,0,-100,,,,
082150,0,0,0,-489,,,,
082171,0,0,0,-1,,,,
082172,0,0,0,-24,,,,
082212,0,0,0,1,,,,
082213,0,0,0,131,,,,
082222,0,0,0,-21,,,,
082223,0,0,0,58,,,,
082225,0,0,0,26,,,,
082233,0,0,0,26,,,,
082253,0,0,0,-29,,,,
082259,0,0,0,78,,,,
082262,0,0,0,21,,,,
082264,0,0,0,1,,,,
082273,0,0,0,148,,,,
082274,0,0,0,-66,,,,
082275,0,0,0,-22,,,,
082276,0,0,0,10,,,,
082278,0,0,0,-221,,,,
082280,0,0,0,25,,,,
082312,0,0,0,2,,,,
082316,0,0,0,-511,,,,
082394,0,0,0,-9,,,,
082400,0,0,0,-60,,,,
082404,0,0,0,-479,,,,
082414,0,0,0,100,,,,
082425,0,0,0,2,,,,
082473,0,0,0,-2,,,,
082485,0,0,0,6,,,,
082492,0,0,0,-10,,,,
082500,0,0,0,-20,,,,
082501,0,0,0,2,,,,
082505,0,0,0,-95,,,,
08250P,0,0,0,-11,,,,
082515,0,0,0,14,,,,
082516,0,0,0,62,,,,
082517,0,0,0,546,,,,
082519,0,0,0,8,,,,
082521,0,0,0,-1,,,,
082527,0,0,0,-58,,,,
082530,0,0,0,200,,,,
082533,0,0,0,21,,,,
082537,0,0,0,-52,,,,
082549,0,0,0,-300,,,,
082556,0,0,0,59,,,,
082570,0,0,0,2,,,,
082577,0,0,0,20,,,,
082614,0,0,0,-20,,,,
082618,0,0,0,-1,,,,
082619,0,0,0,-37,,,,
082627,0,0,0,368,,,,
082629,0,0,0,1562,,,,
082632,0,0,0,-497,,,,
082638,0,0,0,-49,,,,
082697,0,0,0,171,,,,
082726,0,0,0,91,,,,
082728,0,0,0,85,,,,
082745,0,0,0,28,,,,
082771,0,0,0,106,,,,
082772,0,0,0,492,,,,
082810,0,0,0,1,,,,
082820,0,0,0,-24,,,,
082852,0,0,0,-1,,,,
082874,0,0,0,-20,,,,
082881,0,0,0,8,,,,
082885,0,0,0,3,,,,
082886,0,0,0,8,,,,
082888,0,0,0,-449,,,,
082890,0,0,0,50,,,,
082893,0,0,0,432,,,,
082899,0,0,0,-10,,,,
082907,0,0,0,0,,,,
082909,0,0,0,-1,,,,
082918,0,0,0,68,,,,
082930,0,0,0,10,,,,
083032,0,0,0,60,,,,
083042,0,0,0,26,,,,
083046,0,0,0,-1,,,,
083066,0,0,0,61,,,,
083069,0,0,0,-20,,,,
083072,0,0,0,19,,,,
083076,0,0,0,-46,,,,
083077,0,0,0,-27,,,,
083078,0,0,0,-804,,,,
083079,0,0,0,-12,,,,
083086,0,0,0,4,,,,
083088,0,0,0,76,,,,
083091,0,0,0,-1,,,,
083137,0,0,0,-1,,,,
083175,0,0,0,2,,,,
083178,0,0,0,-6,,,,
083180,0,0,0,-72,,,,
083181,0,0,0,751,,,,
083190,0,0,0,-8,,,,
083191,0,0,0,50,,,,
083193,0,0,0,-17,,,,
083195,0,0,0,5,,,,
083196,0,0,0,-286,,,,
083197,0,0,0,70,,,,
083198,0,0,0,15,,,,
083201,0,0,0,-120,,,,
083202,0,0,0,20,,,,
083234,0,0,0,-10,,,,
083271,0,0,0,290,,,,
083272,0,0,0,-34,,,,
083276,0,0,0,12,,,,
083309,0,0,0,4,,,,
083316,0,0,0,-9,,,,
083329,0,0,0,-14,,,,
083330,0,0,0,-5,,,,
083332,0,0,0,10,,,,
083335,0,0,0,25,,,,
083336,0,0,0,999,,,,
083342,0,0,0,-26,,,,
083343,0,0,0,-50,,,,
083346,0,0,0,144,,,,
083347,0,0,0,118,,,,
083348,0,0,0,56,,,,
083350,0,0,0,-13,,,,
083366,0,0,0,50,,,,
083381,0,0,0,-141,,,,
083399,0,0,0,5,,,,
083409,0,0,0,450,,,,
083417,0,0,0,100,,,,
083429,0,0,0,-45,,,,
08342P,0,0,0,-100,,,,
083455,0,0,0,10,,,,
083469,0,0,0,8,,,,
083488,0,0,0,-1,,,,
083494,0,0,0,-1,,,,
083503,0,0,0,-20,,,,
083504,0,0,0,-2,,,,
083506,0,0,0,306,,,,
083508,0,0,0,40,,,,
083512,0,0,0,-315,,,,
083515,0,0,0,110,,,,
083545,0,0,0,-38,,,,
083573,0,0,0,-29,,,,
083595,0,0,0,213,,,,
083627,0,0,0,1,,,,
083630,0,0,0,323,,,,
083632,0,0,0,57,,,,
083635,0,0,0,-231,,,,
083636,0,0,0,-10,,,,
083639,0,0,0,150,,,,
083652,0,0,0,100,,,,
083675,0,0,0,200,,,,
083680,0,0,0,118,,,,
083681,0,0,0,27,,,,
083688,0,0,0,-169,,,,
083771,0,0,0,-8,,,,
083774,0,0,0,-38,,,,
083802,0,0,0,-10,,,,
083808,0,0,0,12,,,,
083810,0,0,0,-10,,,,
083811,0,0,0,-113,,,,
083812,0,0,0,24,,,,
083822,0,0,0,-35,,,,
083823,0,0,0,-370,,,,
083826,0,0,0,-597,,,,
083828,0,0,0,17,,,,
083830,0,0,0,-5,,,,
083831,0,0,0,-101,,,,
083833,0,0,0,2,,,,
083858,0,0,0,5,,,,
083884,0,0,0,3,,,,
083888,0,0,0,10,,,,
083901,0,0,0,-41,,,,
083929,0,0,0,30,,,,
083930,0,0,0,-30,,,,
083940,0,0,0,1,,,,
083956,0,0,0,-118,,,,
083959,0,0,0,10,,,,
083960,0,0,0,10,,,,
083972,0,0,0,-60,,,,
083974,0,0,0,-983,,,,
083998,0,0,0,10,,,,
084012,0,0,0,21,,,,
084016,0,0,0,88,,,,
084017,0,0,0,20,,,,
084021,0,0,0,-5,,,,
084022,0,0,0,428,,,,
084023,0,0,0,-48,,,,
084025,0,0,0,-20,,,,
084055,0,0,0,746,,,,
084058,0,0,0,-99,,,,
084062,0,0,0,8,,,,
084070,0,0,0,-190,,,,
084073,0,0,0,3,,,,
084078,-110,0,0,98,,,,
084089,0,0,0,6,,,,
084090,0,0,0,220,,,,
084106,0,0,0,5,,,,
084107,0,0,0,-56,,,,
084113,0,0,0,5,,,,
084140,0,0,0,-135,,,,
084143,0,0,0,-7,,,,
084145,0,0,0,880,,,,
084157,0,0,0,67,,,,
084164,0,0,0,-50,,,,
084179,0,0,0,-16,,,,
084197,0,0,0,-9,,,,
08419P,0,0,0,-5,,,,
084204,0,0,0,-10,,,,
08420P,0,0,0,-9,,,,
084213,0,0,0,-95,,,,
084219,0,0,0,-2,,,,
084224,0,0,0,-15,,,,
084225,0,0,0,1,,,,
084227,0,0,0,17,,,,
084229,0,0,0,55,,,,
084230,0,0,0,9,,,,
084240,0,0,0,-83,,,,
084241,0,0,0,-101,,,,
084244,0,0,0,-10,,,,
084264,0,0,0,-6,,,,
084284,0,0,0,139,,,,
084293,0,0,0,20,,,,
084295,0,0,0,-135,,,,
084301,0,0,0,30,,,,
084306,0,0,0,-417,,,,
084308,0,0,0,2,,,,
084328,0,0,0,9,,,,
084389,0,0,0,-46,,,,
084456,0,0,0,-77,,,,
084493,0,0,0,-5,,,,
084495,0,0,0,85,,,,
084506,0,0,0,-100,,,,
084507,0,0,0,-4,,,,
084510,0,0,0,3,,,,
084511,0,0,0,-109,,,,
084550,0,0,0,-14,,,,
084562,0,0,0,138,,,,
084563,0,0,0,14,,,,
084569,0,0,0,-1,,,,
084579,0,0,0,210,,,,
084586,0,0,0,5,,,,
084602,0,0,0,-1,,,,
084608,5,0,0,-6,,,,
084614,0,0,0,28,,,,
084625,0,0,0,0,,,,
084641,0,0,0,-110,,,,
084668,0,0,0,0,,,,
084699,0,0,0,-48,,,,
084702,0,0,0,-81,,,,
084706,0,0,0,-4,,,,
084735,0,0,0,240,,,,
084736,0,0,0,-323,,,,
084761,0,0,0,37,,,,
084767,0,0,0,-6,,,,
084800,0,0,0,1,,,,
084802,0,0,0,1,,,,
084810,0,0,0,11,,,,
084846,0,0,0,6,,,,
084875,0,0,0,-100,,,,
084879,0,0,0,535,,,,
084880,0,0,0,-98,,,,
084885,0,0,0,6,,,,
084887,0,0,0,8,,,,
084889,0,0,0,12,,,,
084891,0,0,0,224,,,,
084892,0,0,0,5,,,,
084893,0,0,0,-138,,,,
084904,0,0,0,-203,,,,
084908,0,0,0,-50,,,,
084909,0,0,0,-90,,,,
084943,0,0,0,25,,,,
084947,0,0,0,-31,,,,
085012,0,0,0,5,,,,
085013,0,0,0,-404,,,,
085022,0,0,0,-57,,,,
085027,0,0,0,-489,,,,
085044,0,0,0,-100,,,,
085048,0,0,0,-72,,,,
085066,0,0,0,-91,,,,
085093,0,0,0,100,,,,
085098,0,0,0,-40,,,,
085101,0,0,0,-119,,,,
085102,0,0,0,20,,,,
085109,0,0,0,652,,,,
085111,0,0,0,34,,,,
085112,0,0,0,23,,,,
085114,0,0,0,4,,,,
085115,0,0,0,-28,,,,
085124,0,0,0,-35,,,,
085128,0,0,0,10,,,,
085136,0,0,0,25,,,,
085169,0,0,0,43,,,,
085171,0,0,0,5,,,,
085210,0,0,0,15,,,,
085215,0,0,0,10,,,,
085226,0,0,0,-407,,,,
085241,0,0,0,1026,,,,
085244,0,0,0,-396,,,,
085245,0,0,0,20,,,,
085275,0,0,0,40,,,,
085277,0,0,0,95,,,,
085278,0,0,0,770,,,,
085279,0,0,0,50,,,,
085280,0,0,0,65,,,,
085281,0,0,0,-4,,,,
085291,0,0,0,-100,,,,
085293,0,0,0,0,,,,
085318,0,0,0,-125,,,,
085329,0,0,0,-32,,,,
085372,0,0,0,-67,,,,
085386,0,0,0,-65,,,,
085443,0,0,0,-6,,,,
085446,0,0,0,-3,,,,
085460,0,0,0,686,,,,
085462,0,0,0,10,,,,
085465,0,0,0,4,,,,
085466,0,0,0,-50,,,,
085467,0,0,0,-53,,,,
085470,0,0,0,9,,,,
085482,0,0,0,56,,,,
085512,0,0,0,8,,,,
085519,0,0,0,20,,,,
085535,0,0,0,1,,,,
085563,0,0,0,256,,,,
085565,0,0,0,-633,,,,
085568,0,0,0,-250,,,,
085572,0,0,0,5,,,,
085614,0,0,0,-62,,,,
085616,0,0,0,22,,,,
085620,0,0,0,310,,,,
085629,0,0,0,-44,,,,
085631,0,0,0,14,,,,
085632,0,0,0,-70,,,,
085636,0,0,0,4,,,,
085638,0,0,0,-20,,,,
085639,0,0,0,41,,,,
085640,0,0,0,-243,,,,
085642,0,0,0,25,,,,
085644,0,0,0,122,,,,
085645,0,0,0,5,,,,
085664,0,0,0,-3,,,,
085670,0,0,0,103,,,,
085678,0,0,0,74,,,,
085680,0,0,0,21,,,,
085687,0,0,0,-60,,,,
085689,0,0,0,-10,,,,
085705,0,0,0,-29,,,,
085710,0,0,0,10,,,,
085719,0,0,0,151,,,,
085721,0,0,0,1,,,,
085724,0,0,0,7,,,,
085727,0,0,0,-50,,,,
085733,0,0,0,250,,,,
085739,0,0,0,96,,,,
085744,0,0,0,-329,,,,
085748,0,0,0,0,,,,
085754,0,0,0,-5,,,,
085774,0,0,0,-25,,,,
085775,0,0,0,-10,,,,
085779,0,0,0,10,,,,
085780,0,0,0,15,,,,
085785,0,0,0,144,,,,
085786,0,0,0,-58,,,,
085787,0,0,0,-75,,,,
085790,0,0,0,-16,,,,
085794,0,0,0,-75,,,,
085805,0,0,0,-42,,,,
085812,0,0,0,3,,,,
085825,0,0,0,10,,,,
085834,0,0,0,122,,,,
085836,0,0,0,33,,,,
085842,0,0,0,3,,,,
085861,0,0,0,-5,,,,
085900,0,0,0,303,,,,
085901,0,0,0,629,,,,
085904,0,0,0,-9,,,,
085908,0,0,0,-4,,,,
08590P,0,0,0,-10,,,,
085937,0,0,0,216,,,,
085957,0,0,0,437,,,,
085958,0,0,0,-13,,,,
085959,0,0,0,3,,,,
085961,0,0,0,18,,,,
085963,0,0,0,-256,,,,
085967,0,0,0,755,,,,
085968,0,0,0,-20,,,,
085974,0,0,0,1,,,,
085977,0,0,0,10,,,,
085978,0,0,0,20,,,,
085979,0,0,0,40,,,,
085988,0,0,0,42,,,,
085989,0,0,0,-29,,,,
085990,0,0,0,-250,,,,
085991,0,0,0,-1,,,,
085996,0,0,0,6,,,,
085998,0,0,0,-3,,,,
085999,0,0,0,-4,,,,
086000,0,0,0,120,,,,
086002,0,0,0,129,,,,
086008,0,0,0,5,,,,
086012,0,0,0,-752,,,,
086020,0,0,0,-30,,,,
086022,0,0,0,-7,,,,
086027,0,0,0,919,,,,
086031,0,0,0,-50,,,,
086038,0,0,0,-21,,,,
086039,0,0,0,10,,,,
086042,0,0,0,-33,,,,
086043,0,0,0,40,,,,
086047,0,0,0,-291,,,,
086050,0,0,0,-39,,,,
086055,0,0,0,4,,,,
086078,0,0,0,231,,,,
086080,0,0,0,-169,,,,
086082,0,0,0,-156,,,,
086089,0,0,0,746,,,,
086103,0,0,0,-435,,,,
086104,0,0,0,-26,,,,
086116,0,0,0,0,,,,
086128,0,0,0,10,,,,
086133,0,0,0,-23,,,,
086135,0,0,0,11,,,,
086142,0,0,0,28,,,,
086144,0,0,0,105,,,,
086145,0,0,0,1,,,,
086148,0,0,0,20,,,,
086158,0,0,0,-40,,,,
086160,0,0,0,25,,,,
086164,0,0,0,10,,,,
086169,0,0,0,-10,,,,
086170,0,0,0,19,,,,
086179,0,0,0,1,,,,
086200,0,0,0,-3,,,,
086201,0,0,0,1462,,,,
086205,0,0,0,420,,,,
086206,0,0,0,-135,,,,
086208,0,0,0,-10,,,,
086210,0,0,0,-10,,,,
086211,0,0,0,-204,,,,
086212,0,0,0,-49,,,,
086215,0,0,0,-4,,,,
086217,0,0,0,-44,,,,
086219,0,0,0,30,,,,
086221,0,0,0,71,,,,
086222,0,0,0,46,,,,
086230,0,0,0,2,,,,
086234,0,0,0,30,,,,
086235,0,0,0,139,,,,
086236,0,0,0,-821,,,,
086243,0,0,0,-15,,,,
086244,0,0,0,-106,,,,
086246,0,0,0,10,,,,
086256,0,0,0,-30,,,,
086259,0,0,0,25,,,,
086263,0,0,0,1,,,,
086266,0,0,0,125,,,,
086267,0,0,0,3,,,,
086268,0,0,0,310,,,,
086275,0,0,0,60,,,,
086280,0,0,0,35,,,,
086302,0,0,0,1,,,,
086304,0,0,0,-29,,,,
086327,0,0,0,11,,,,
086328,0,0,0,24,,,,
086332,0,0,0,-10,,,,
086338,0,0,0,-47,,,,
086343,0,0,0,128,,,,
086350,0,0,0,-107,,,,
086361,0,0,0,5,,,,
086364,0,0,0,-10,,,,
086394,0,0,0,-46,,,,
086400,0,0,0,-4,,,,
086424,0,0,0,1,,,,
086432,0,0,0,-187,,,,
086441,0,0,0,-50,,,,
086442,0,0,0,-30,,,,
086443,0,0,0,-13,,,,
086445,0,0,0,-17,,,,
086446,0,0,0,208,,,,
086448,0,0,0,-12,,,,
086450,0,0,0,-5,,,,
086451,0,0,0,911,,,,
086452,0,0,0,210,,,,
086454,0,0,0,-24,,,,
086455,0,0,0,9,,,,
086457,0,0,0,-30,,,,
086458,0,0,0,-90,,,,
086459,0,0,0,-72,,,,
086460,0,0,0,-55,,,,
086461,0,0,0,-30,,,,
086462,0,0,0,41,,,,
086463,0,0,0,-150,,,,
086475,0,0,0,8,,,,
086477,0,0,0,-50,,,,
086493,0,0,0,8,,,,
086496,0,0,0,225,,,,
086498,0,0,0,3,,,,
086502,0,0,0,116,,,,
086503,0,0,0,20,,,,
086511,0,0,0,-5,,,,
086513,0,0,0,-16,,,,
086520,0,0,0,-7,,,,
086526,0,0,0,-272,,,,
086536,0,0,0,322,,,,
086574,0,0,0,-211,,,,
086602,0,0,0,32,,,,
086604,0,0,0,-4,,,,
086608,0,0,0,-10,,,,
086611,0,0,0,-70,,,,
086618,0,0,0,-10,,,,
086635,0,0,0,-15,,,,
086646,0,0,0,-23,,,,
086647,0,0,0,-15,,,,
086648,0,0,0,0,,,,
086652,0,0,0,-2,,,,
086653,0,0,0,1,,,,
086657,0,0,0,516,,,,
086658,0,0,0,156,,,,
086659,0,0,0,0,,,,
086660,0,0,0,-96,,,,
086663,0,0,0,-34,,,,
086664,0,0,0,-10,,,,
086667,0,0,0,184,,,,
086668,0,0,0,318,,,,
086669,0,0,0,-5,,,,
086670,0,0,0,-27,,,,
086671,0,0,0,-20,,,,
086676,0,0,0,-1050,,,,
086677,0,0,0,85,,,,
086678,0,0,0,13,,,,
086679,0,0,0,12,,,,
086680,0,0,0,155,,,,
086682,0,0,0,-22,,,,
086687,0,0,0,0,,,,
086692,0,0,0,16,,,,
086702,0,0,0,-2,,,,
086704,0,0,0,-75,,,,
086709,0,0,0,-184,,,,
086715,0,0,0,100,,,,
086735,0,0,0,27,,,,
086736,0,0,0,-20,,,,
086737,0,0,0,-2,,,,
086739,0,0,0,-438,,,,
086746,0,0,0,131,,,,
086749,0,0,0,20,,,,
086753,0,0,0,128,,,,
086758,0,0,0,-220,,,,
086766,0,0,0,15,,,,
086773,0,0,0,-6,,,,
086777,0,0,0,-92,,,,
086786,0,0,0,14,,,,
086790,0,0,0,0,,,,
086804,0,0,0,23,,,,
086805,0,0,0,8,,,,
086822,0,0,0,0,,,,
086823,0,0,0,-40,,,,
086834,0,0,0,-80,,,,
086862,0,0,0,-20,,,,
086877,0,0,0,11,,,,
086894,0,0,0,-67,,,,
086896,0,0,0,-50,,,,
086897,0,0,0,-10,,,,
086899,0,0,0,-4,,,,
086901,0,0,0,-15,,,,
086907,0,0,0,15,,,,
086908,0,0,0,-15,,,,
086921,0,0,0,-8,,,,
086923,0,0,0,-48,,,,
086924,0,0,0,22,,,,
086933,0,0,0,77,,,,
086934,0,0,0,-20,,,,
086935,0,0,0,-496,,,,
086936,0,0,0,-172,,,,
086937,0,0,0,-23,,,,
086938,0,0,0,-129,,,,
086941,0,0,0,0,,,,
086950,0,0,0,300,,,,
086963,0,0,0,-879,,,,
086964,0,0,0,194,,,,
086967,0,0,0,-1035,,,,
086970,0,0,0,-20,,,,
086972,0,0,0,-128,,,,
086973,0,0,0,-252,,,,
086974,0,0,0,190,,,,
086976,0,0,0,100,,,,
086979,0,0,0,-11,,,,
086980,0,0,0,-366,,,,
086981,0,0,0,181,,,,
086982,0,0,0,40,,,,
086985,0,0,0,95,,,,
086986,0,0,0,65,,,,
086987,0,0,0,-8,,,,
086989,0,0,0,139,,,,
086990,0,0,0,229,,,,
086991,0,0,0,433,,,,
086992,0,0,0,397,,,,
086993,0,0,0,462,,,,
086994,0,0,0,-281,,,,
086997,0,0,0,46,,,,
086999,0,0,0,106,,,,
087002,0,0,0,7,,,,
087003,0,0,0,-1,,,,
087008,0,0,0,0,,,,
087015,0,0,0,171,,,,
087058,0,0,0,-10,,,,
087059,0,0,0,10,,,,
087064,0,0,0,20,,,,
087079,0,0,0,1,,,,
087091,0,0,0,28,,,,
087108,0,0,0,-37,,,,
087118,0,0,0,8,,,,
087122,0,0,0,0,,,,
087131,0,0,0,1,,,,
087139,0,0,0,-1,,,,
087140,0,0,0,2,,,,
087148,0,0,0,-27,,,,
087149,0,0,0,0,,,,
087154,0,0,0,-1,,,,
087155,0,0,0,11,,,,
087156,0,0,0,-18,,,,
087157,0,0,0,-1,,,,
087158,0,0,0,10,,,,
087166,0,0,0,20,,,,
087168,0,0,0,33,,,,
087171,0,0,0,-9,,,,
087172,0,0,0,10,,,,
087174,0,0,0,-30,,,,
087175,0,0,0,19,,,,
087191,0,0,0,54,,,,
087192,0,0,0,3,,,,
087194,0,0,0,-53,,,,
087197,0,0,0,19,,,,
087198,0,0,0,321,,,,
087199,0,0,0,-50,,,,
087201,0,0,0,55,,,,
087228,0,0,0,-1,,,,
087231,0,0,0,21,,,,
087251,0,0,0,38,,,,
087261,0,0,0,74,,,,
087270,0,0,0,-400,,,,
087293,0,0,0,-30,,,,
087296,0,0,0,-54,,,,
087299,0,0,0,487,,,,
087304,0,0,0,16,,,,
087308,0,0,0,-10,,,,
087313,0,0,0,-39,,,,
087318,0,0,0,-159,,,,
087327,0,0,0,24,,,,
087331,0,0,0,8,,,,
087342,0,0,0,167,,,,
087359,0,0,0,13,,,,
087361,0,0,0,192,,,,
087362,0,0,0,48,,,,
087365,0,0,0,-68,,,,
087366,0,0,0,11,,,,
087368,0,0,0,10,,,,
087372,0,0,0,-65,,,,
087381,0,0,0,2,,,,
087384,0,0,0,70,,,,
087386,0,0,0,504,,,,
087400,0,0,0,250,,,,
087401,0,0,0,25,,,,
087405,0,0,0,18,,,,
087406,0,0,0,10,,,,
087426,0,0,0,-50,,,,
087428,0,0,0,28,,,,
087429,0,0,0,-1,,,,
087432,0,0,0,78,,,,
087433,0,0,0,-15,,,,
087434,0,0,0,-38,,,,
087446,0,0,0,-122,,,,
087452,0,0,0,10,,,,
087461,0,0,0,-74,,,,
087464,0,0,0,261,,,,
087465,0,0,0,-39,,,,
087471,0,0,0,1,,,,
087475,0,0,0,159,,,,
087483,0,0,0,25,,,,
087484,0,0,0,31,,,,
087485,0,0,0,-250,,,,
087487,0,0,0,0,,,,
087488,0,0,0,8,,,,
087489,0,0,0,-223,,,,
087491,0,0,0,-64,,,,
087496,0,0,0,362,,,,
087497,0,0,0,-6,,,,
087498,0,0,0,-1,,,,
087502,0,0,0,-39,,,,
087504,0,0,0,10,,,,
087507,0,0,0,7,,,,
087509,0,0,0,200,,,,
087522,0,0,0,33,,,,
087524,0,0,0,423,,,,
087526,0,0,0,-27,,,,
087527,0,0,0,-372,,,,
087530,0,0,0,132,,,,
087546,0,0,0,-51,,,,
087547,0,0,0,90,,,,
087548,0,0,0,-4,,,,
087550,0,0,0,19,,,,
087551,0,0,0,-81,,,,
087555,0,0,0,3,,,,
087556,0,0,0,69,,,,
087562,0,0,0,-263,,,,
087567,0,0,0,13,,,,
087568,0,0,0,2,,,,
087575,0,0,0,10,,,,
087576,0,0,0,63,,,,
087577,0,0,0,6,,,,
087578,0,0,0,30,,,,
087580,0,0,0,19,,,,
087584,0,0,0,260,,,,
087585,0,0,0,31,,,,
087608,0,0,0,7,,,,
087617,0,0,0,-4,,,,
087618,0,0,0,13,,,,
087622,0,0,0,-40,,,,
087627,0,0,0,-24,,,,
087643,0,0,0,0,,,,
087644,0,0,0,-10,,,,
087647,0,0,0,-1,,,,
087660,0,0,0,2,,,,
087661,0,0,0,-273,,,,
087666,0,0,0,-80,,,,
087677,0,0,0,9,,,,
087680,0,0,0,1,,,,
087681,0,0,0,195,,,,
087682,0,0,0,0,,,,
087684,0,0,0,240,,,,
087686,0,0,0,-95,,,,
087687,0,0,0,1,,,,
087688,0,0,0,-1075,,,,
087689,0,0,0,25,,,,
087690,0,0,0,-120,,,,
087691,0,0,0,-317,,,,
087692,0,0,0,-77,,,,
087694,0,0,0,-33,,,,
087699,0,0,0,57,,,,
087703,0,0,0,-19,,,,
087707,0,0,0,121,,,,
087715,0,0,0,-20,,,,
087719,0,0,0,40,,,,
087723,0,0,0,445,,,,
087747,0,0,0,-150,,,,
087755,0,0,0,48,,,,
087757,0,0,0,2,,,,
087765,0,0,0,5,,,,
087768,0,0,0,499,,,,
087770,0,0,0,5,,,,
087777,0,0,0,-5,,,,
087789,0,0,0,2,,,,
087796,0,0,0,-42,,,,
087800,0,0,0,-229,,,,
087813,0,0,0,98,,,,
087819,0,0,0,1,,,,
087825,0,0,0,29,,,,
087830,0,0,0,727,,,,
087831,0,0,0,-430,,,,
087832,0,0,0,-19,,,,
087833,0,0,0,-17,,,,
087837,0,0,0,50,,,,
087838,0,0,0,99,,,,
087844,0,0,0,1,,,,
087857,0,0,0,-10,,,,
087859,0,0,0,4,,,,
087861,0,0,0,2,,,,
087865,0,0,0,1,,,,
087872,0,0,0,61,,,,
087874,0,0,0,227,,,,
087875,0,0,0,1,,,,
087880,0,0,0,20,,,,
087882,0,0,0,-5,,,,
087886,0,0,0,-5,,,,
087894,0,0,0,-36,,,,
087896,0,0,0,8,,,,
087903,0,0,0,-67,,,,
087904,0,0,0,-98,,,,
087906,0,0,0,-40,,,,
087909,0,0,0,10,,,,
087912,0,0,0,-300,,,,
087913,0,0,0,61,,,,
087914,0,0,0,-10,,,,
087917,0,0,0,70,,,,
087920,0,0,0,28,,,,
087921,0,0,0,65,,,,
087922,0,0,0,19,,,,
087924,0,0,0,-20,,,,
087929,0,0,0,-7,,,,
087932,0,0,0,0,,,,
087934,0,0,0,9,,,,
087937,0,0,0,10,,,,
087941,0,0,0,-3,,,,
087950,0,0,0,540,,,,
087953,0,0,0,50,,,,
087956,0,0,0,-401,,,,
087957,0,0,0,-370,,,,
087959,0,0,0,-12,,,,
087960,0,0,0,-75,,,,
087963,0,0,0,-47,,,,
087966,0,0,0,21,,,,
087971,0,0,0,-5,,,,
087972,0,0,0,63,,,,
087979,0,0,0,11,,,,
087983,0,0,0,148,,,,
088000,0,0,0,6,,,,
088018,0,0,0,-157,,,,
088019,0,0,0,-276,,,,
088020,0,0,0,-91,,,,
088022,0,0,0,426,,,,
088023,0,0,0,0,,,,
088031,0,0,0,-3,,,,
088032,0,0,0,-7,,,,
088036,0,0,0,131,,,,
088043,0,0,0,-36,,,,
088045,0,0,0,67,,,,
088047,0,0,0,60,,,,
088048,0,0,0,2,,,,
088053,1,0,0,4,,,,
088054,0,0,0,35,,,,
088062,0,0,0,5,,,,
088067,0,0,0,197,,,,
088070,0,0,0,-10,,,,
088081,0,0,0,50,,,,
088085,0,0,0,421,,,,
088087,0,0,0,55,,,,
088091,0,0,0,102,,,,
088092,0,0,0,-559,,,,
088103,0,0,0,79,,,,
088104,0,0,0,19,,,,
088109,0,0,0,19,,,,
088123,0,0,0,-9,,,,
088140,0,0,0,17,,,,
088146,0,0,0,58,,,,
088159,0,0,0,-1,,,,
088160,0,0,0,80,,,,
088162,0,0,0,40,,,,
088165,0,0,0,33,,,,
088168,0,0,0,-61,,,,
088169,0,0,0,8,,,,
088171,0,0,0,-70,,,,
088177,0,0,0,-66,,,,
088179,0,0,0,5,,,,
088184,0,0,0,5,,,,
088188,0,0,0,-120,,,,
088190,0,0,0,260,,,,
088196,0,0,0,0,,,,
088202,0,0,0,0,,,,
088212,0,0,0,14,,,,
088220,0,0,0,-7,,,,
088227,0,0,0,8,,,,
088229,0,0,0,5,,,,
088230,0,0,0,-4,,,,
088233,0,0,0,130,,,,
088240,0,0,0,849,,,,
088241,0,0,0,-143,,,,
088242,0,0,0,37,,,,
088244,0,0,0,53,,,,
088245,0,0,0,479,,,,
088254,0,0,0,462,,,,
088255,0,0,0,30,,,,
088256,0,0,0,-6,,,,
088259,0,0,0,29,,,,
088261,0,0,0,10,,,,
088263,0,0,0,-20,,,,
088276,0,0,0,-19,,,,
088277,0,0,0,435,,,,
088279,0,0,0,2,,,,
088283,0,0,0,-39,,,,
088286,0,0,0,-92,,,,
088290,0,0,0,24,,,,
088291,0,0,0,16,,,,
088299,0,0,0,250,,,,
088300,0,0,0,0,,,,
088301,0,0,0,-2,,,,
088307,0,0,0,13,,,,
088308,0,0,0,11,,,,
088318,0,0,0,3,,,,
088322,0,0,0,-106,,,,
088326,0,0,0,0,,,,
088327,0,0,0,15,,,,
088328,0,0,0,0,,,,
088333,0,0,0,15,,,,
088347,0,0,0,0,,,,
088351,0,0,0,43,,,,
088360,0,0,0,-38,,,,
088361,0,0,0,575,,,,
088369,0,0,0,5,,,,
088370,0,0,0,70,,,,
088375,0,0,0,-151,,,,
088376,0,0,0,-51,,,,
088377,0,0,0,-50,,,,
088378,0,0,0,-25,,,,
088379,0,0,0,22,,,,
088384,0,0,0,6,,,,
088385,0,0,0,-196,,,,
088386,0,0,0,20,,,,
088388,0,0,0,6,,,,
088389,0,0,0,207,,,,
088390,0,0,0,-31,,,,
088393,0,0,0,-961,,,,
088400,0,0,0,189,,,,
088402,0,0,0,3,,,,
088404,0,0,0,25,,,,
088412,0,0,0,22,,,,
088413,0,0,0,-9,,,,
088414,0,0,0,-10,,,,
088416,0,0,0,100,,,,
088417,0,0,0,124,,,,
088418,0,0,0,-7,,,,
088421,0,0,0,0,,,,
088422,0,0,0,148,,,,
088424,0,0,0,-284,,,,
088427,0,0,0,1,,,,
088428,0,0,0,100,,,,
088430,0,0,0,-6,,,,
088434,0,0,0,-10,,,,
088439,0,0,0,66,,,,
088440,0,0,0,-52,,,,
088441,0,0,0,315,,,,
088442,0,0,0,8,,,,
088451,0,0,0,-30,,,,
088457,0,0,0,24,,,,
088465,0,0,0,-792,,,,
088466,0,0,0,-97,,,,
088468,0,0,0,0,,,,
088473,0,0,0,19,,,,
088489,0,0,0,391,,,,
088493,0,0,0,11,,,,
088499,0,0,0,7,,,,
088503,0,0,0,7,,,,
088506,0,0,0,18,,,,
088507,0,0,0,10,,,,
088508,0,0,0,-155,,,,
088513,0,0,0,17,,,,
088516,0,0,0,-204,,,,
088517,0,0,0,12,,,,
088525,0,0,0,-268,,,,
088528,0,0,0,-20,,,,
088532,0,0,0,0,,,,
088538,0,0,0,448,,,,
088545,0,0,0,-60,,,,
088556,0,0,0,-8,,,,
088557,0,0,0,-12,,,,
088558,0,0,0,5,,,,
088559,0,0,0,296,,,,
088560,0,0,0,29,,,,
088561,0,0,0,-130,,,,
088564,0,0,0,-410,,,,
088568,0,0,0,-162,,,,
088570,0,0,0,-20,,,,
088571,0,0,0,-1111,,,,
088574,0,0,0,-20,,,,
088575,0,0,0,27,,,,
088577,0,0,0,-6,,,,
088578,0,0,0,-50,,,,
088579,0,0,0,8,,,,
088580,0,0,0,104,,,,
088581,0,0,0,22,,,,
088582,0,0,0,-7,,,,
088583,0,0,0,-31,,,,
088584,0,0,0,-35,,,,
088585,0,0,0,-636,,,,
088586,0,0,0,75,,,,
088589,0,0,0,45,,,,
088596,0,0,0,10,,,,
088598,0,0,0,1,,,,
088607,0,0,0,219,,,,
088610,0,0,0,-5,,,,
088614,0,0,0,21,,,,
088616,0,0,0,-16,,,,
088619,0,0,0,-17,,,,
088632,0,0,0,-6,,,,
088635,0,0,0,75,,,,
088636,0,0,0,-51,,,,
088637,0,0,0,-130,,,,
088638,0,0,0,-46,,,,
088639,0,0,0,-107,,,,
088651,0,0,0,-1,,,,
088652,0,0,0,50,,,,
088654,0,0,0,-10,,,,
088657,0,0,0,11,,,,
088661,0,0,0,584,,,,
088669,0,0,0,-28,,,,
088675,0,0,0,25,,,,
088678,0,0,0,-30,,,,
088684,0,0,0,4,,,,
088694,0,0,0,25,,,,
088696,0,0,0,55,,,,
088705,0,0,0,-37,,,,
088714,0,0,0,5,,,,
088715,0,0,0,40,,,,
088721,0,0,0,-338,,,,
088724,0,0,0,200,,,,
088725,0,0,0,-532,,,,
088729,0,0,0,15,,,,
088730,0,0,0,10,,,,
088738,0,0,0,-110,,,,
088741,0,0,0,-8,,,,
088743,0,0,0,-219,,,,
088753,0,0,0,320,,,,
088754,0,0,0,-3,,,,
088755,0,0,0,-849,,,,
088757,0,0,0,225,,,,
088760,0,0,0,-222,,,,
088761,0,0,0,-72,,,,
088767,0,0,0,208,,,,
088768,0,0,0,10,,,,
088769,0,0,0,2,,,,
088791,0,0,0,829,,,,
088795,0,0,0,37,,,,
088797,0,0,0,-65,,,,
088798,0,0,0,-60,,,,
088799,0,0,0,0,,,,
088800,0,0,0,77,,,,
088803,0,0,0,3,,,,
088807,0,0,0,127,,,,
088808,0,0,0,46,,,,
088829,0,0,0,445,,,,
088835,0,0,0,46,,,,
088836,0,0,0,12,,,,
088838,0,0,0,317,,,,
088842,0,0,0,0,,,,
088845,0,0,0,-26,,,,
088846,0,0,0,2,,,,
088847,0,0,0,2,,,,
088850,0,0,0,203,,,,
088851,0,0,0,-20,,,,
088857,0,0,0,26,,,,
088858,0,0,0,406,,,,
088859,0,0,0,164,,,,
088860,0,0,0,-300,,,,
088869,0,0,0,0,,,,
088870,0,0,0,10,,,,
088874,0,0,0,-2,,,,
088879,0,0,0,-47,,,,
088881,0,0,0,-210,,,,
088882,0,0,0,27,,,,
088888,0,0,0,6,,,,
088890,0,0,0,-542,,,,
088891,0,0,0,-10,,,,
088892,0,0,0,2,,,,
088898,0,0,0,0,,,,
088904,0,0,0,6,,,,
088914,0,0,0,7,,,,
088916,0,0,0,30,,,,
088917,0,0,0,31,,,,
088925,0,0,0,104,,,,
088926,0,0,0,19,,,,
088929,0,0,0,2,,,,
088931,0,0,0,-250,,,,
088935,0,0,0,-21,,,,
088960,0,0,0,-1215,,,,
088961,0,0,0,5,,,,
088964,0,0,0,100,,,,
088965,0,0,0,8,,,,
088967,0,0,0,168,,,,
088971,0,0,0,228,,,,
088972,0,0,0,-69,,,,
088974,0,0,0,-113,,,,
088981,0,0,0,5,,,,
088982,0,0,0,100,,,,
088983,0,0,0,15,,,,
088984,0,0,0,-15,,,,
088987,0,0,0,4,,,,
088991,0,0,0,222,,,,
088993,0,0,0,-144,,,,
088997,0,0,0,50,,,,
088998,0,0,0,10,,,,
089003,0,0,0,-47,,,,
089010,0,0,0,9,,,,
089012,0,0,0,3,,,,
089014,0,0,0,-1,,,,
089015,0,0,0,-5,,,,
089019,0,0,0,21,,,,
089020,0,0,0,-38,,,,
089024,0,0,0,-6,,,,
089030,0,0,0,-5,,,,
089043,0,0,0,8,,,,
089044,0,0,0,8,,,,
089050,0,0,0,4,,,,
089052,0,0,0,0,,,,
089053,0,0,0,30,,,,
089056,0,0,0,10,,,,
089065,0,0,0,-263,,,,
089067,0,0,0,200,,,,
089077,0,0,0,5,,,,
089078,0,0,0,10,,,,
089079,0,0,0,-50,,,,
089081,0,0,0,135,,,,
089085,0,0,0,-5,,,,
089088,0,0,0,-504,,,,
089089,0,0,0,295,,,,
089092,0,0,0,78,,,,
089093,0,0,0,-249,,,,
089095,0,0,0,-39,,,,
089098,0,0,0,12,,,,
089114,0,0,0,-38,,,,
089121,0,0,0,5,,,,
089125,0,0,0,25,,,,
089128,0,0,0,6,,,,
089129,0,0,0,-15,,,,
089132,0,0,0,-299,,,,
089136,0,0,0,-36,,,,
089137,0,0,0,1,,,,
089138,0,0,0,1,,,,
089141,0,0,0,90,,,,
089147,0,0,0,-29,,,,
089148,0,0,0,-460,,,,
089150,0,0,0,-79,,,,
089152,0,0,0,-4,,,,
089153,0,0,0,57,,,,
089160,0,0,0,64,,,,
089162,0,0,0,5,,,,
089168,0,0,0,0,,,,
089170,0,0,0,-10,,,,
089172,0,0,0,226,,,,
089173,0,0,0,0,,,,
089175,0,0,0,40,,,,
089176,0,0,0,5,,,,
089185,0,0,0,160,,,,
089202,0,0,0,100,,,,
089222,0,0,0,-30,,,,
089232,0,0,0,1,,,,
089236,0,0,0,-10,,,,
089241,0,0,0,-74,,,,
089247,0,0,0,164,,,,
089248,0,0,0,362,,,,
089249,0,0,0,43,,,,
089250,0,0,0,200,,,,
089254,0,0,0,95,,,,
089255,0,0,0,-307,,,,
089256,0,0,0,-285,,,,
089272,0,0,0,50,,,,
089274,0,0,0,160,,,,
089284,0,0,0,-133,,,,
089285,0,0,0,6,,,,
089289,0,0,0,-33,,,,
089290,0,0,0,594,,,,
089291,0,0,0,-1,,,,
089292,0,0,0,-80,,,,
089293,0,0,0,287,,,,
089294,0,0,0,46,,,,
089297,0,0,0,45,,,,
089303,0,0,0,54,,,,
089305,0,0,0,-1,,,,
089310,0,0,0,78,,,,
089318,0,0,0,-15,,,,
089323,0,0,0,2,,,,
089325,0,0,0,100,,,,
089341,0,0,0,10,,,,
089345,0,0,0,113,,,,
089347,0,0,0,-3,,,,
089348,0,0,0,201,,,,
089353,0,0,0,-162,,,,
08935P,0,0,0,7,,,,
089371,0,0,0,0,,,,
089374,0,0,0,-6,,,,
089377,0,0,0,-23,,,,
089378,0,0,0,19,,,,
089382,0,0,0,-992,,,,
089386,0,0,0,5,,,,
089391,0,0,0,4,,,,
089393,0,0,0,38,,,,
089395,0,0,0,131,,,,
089396,0,0,0,-10,,,,
089397,0,0,0,87,,,,
089398,0,0,0,-9,,,,
089399,0,0,0,-2,,,,
089400,0,0,0,-3,,,,
089405,0,0,0,-100,,,,
089406,0,0,0,-31,,,,
089408,0,0,0,11,,,,
089416,0,0,0,-81,,,,
089423,0,0,0,425,,,,
089424,0,0,0,123,,,,
089425,0,0,0,-50,,,,
089429,0,0,0,9,,,,
089431,0,0,0,-19,,,,
089432,0,0,0,-7,,,,
089440,0,0,0,5,,,,
089444,0,0,0,12,,,,
089455,0,0,0,111,,,,
089464,0,0,0,1,,,,
089468,0,0,0,164,,,,
089472,0,0,0,143,,,,
089473,0,0,0,-244,,,,
089482,0,0,0,1,,,,
089487,0,0,0,-6,,,,
089489,0,0,0,-5,,,,
089493,0,0,0,11,,,,
089497,0,0,0,55,,,,
089498,0,0,0,-10,,,,
089504,0,0,0,290,,,,
089506,0,0,0,-698,,,,
089508,0,0,0,-245,,,,
089511,0,0,0,39,,,,
089513,0,0,0,2,,,,
089515,0,0,0,6,,,,
089526,0,0,0,9,,,,
089530,0,0,0,2,,,,
089533,0,0,0,-2,,,,
089539,0,0,0,-263,,,,
089540,0,0,0,-73,,,,
089543,0,0,0,70,,,,
089545,0,0,0,0,,,,
089548,0,0,0,-171,,,,
089550,0,0,0,50,,,,
089551,0,0,0,1,,,,
089552,0,0,0,50,,,,
089555,0,0,0,1,,,,
089559,0,0,0,2,,,,
089560,0,0,0,5,,,,
089563,0,0,0,-50,,,,
089571,0,0,0,-10,,,,
089574,0,0,0,5,,,,
089575,0,0,0,15,,,,
089578,0,0,0,-41,,,,
089585,0,0,0,-6,,,,
089586,0,0,0,-53,,,,
089590,0,0,0,2,,,,
089592,0,0,0,-70,,,,
089600,0,0,0,2,,,,
089606,0,0,0,139,,,,
089608,0,0,0,215,,,,
089613,0,0,0,-66,,,,
089621,0,0,0,1,,,,
089624,0,0,0,69,,,,
089627,0,0,0,10,,,,
089638,0,0,0,-299,,,,
089650,0,0,0,531,,,,
089656,0,0,0,64,,,,
089659,0,0,0,150,,,,
089662,0,0,0,138,,,,
089668,0,0,0,-3,,,,
089669,0,0,0,-64,,,,
089670,0,0,0,29,,,,
089671,0,0,0,-28,,,,
089673,0,0,0,25,,,,
089676,0,0,0,2,,,,
089680,0,0,0,85,,,,
089688,0,0,0,12,,,,
089694,0,0,0,-15,,,,
089698,0,0,0,0,,,,
089699,0,0,0,20,,,,
089700,0,0,0,243,,,,
089701,0,0,0,20,,,,
089705,0,0,0,-37,,,,
089707,0,0,0,172,,,,
089713,0,0,0,-9,,,,
089714,0,0,0,34,,,,
089715,0,0,0,-300,,,,
089728,0,0,0,-8,,,,
089729,0,0,0,-289,,,,
08972P,0,0,0,36,,,,
089732,0,0,0,6,,,,
089745,0,0,0,245,,,,
089761,0,0,0,52,,,,
089763,0,0,0,-33,,,,
089764,0,0,0,-20,,,,
089766,0,0,0,-48,,,,
089771,0,0,0,304,,,,
089773,0,0,0,345,,,,
089774,0,0,0,60,,,,
089775,0,0,0,-849,,,,
089776,0,0,0,27,,,,
089781,0,0,0,125,,,,
089782,0,0,0,233,,,,
089786,0,0,0,-30,,,,
089801,0,0,0,-506,,,,
089805,0,0,0,30,,,,
089806,0,0,0,-640,,,,
089808,0,0,0,-281,,,,
089820,0,0,0,-20,,,,
089828,0,0,0,-297,,,,
089837,0,0,0,17,,,,
089838,0,0,0,0,,,,
089842,0,0,0,-51,,,,
089845,0,0,0,-409,,,,
089846,0,0,0,10,,,,
089849,0,0,0,-216,,,,
089851,0,0,0,46,,,,
089852,0,0,0,61,,,,
089853,0,0,0,30,,,,
089854,0,0,0,-13,,,,
089859,0,0,0,95,,,,
089860,0,0,0,-4,,,,
089861,0,0,0,108,,,,
089862,0,0,0,-1,,,,
089864,0,0,0,-27,,,,
089869,0,0,0,108,,,,
089872,0,0,0,0,,,,
089873,0,0,0,-198,,,,
089877,0,0,0,66,,,,
089881,0,0,0,22,,,,
089889,0,0,0,2,,,,
089894,0,0,0,139,,,,
089896,0,0,0,-91,,,,
089900,0,0,0,-205,,,,
089903,0,0,0,-39,,,,
089905,0,0,0,-7,,,,
089907,0,0,0,43,,,,
089909,0,0,0,-40,,,,
089912,0,0,0,70,,,,
089913,0,0,0,13,,,,
089915,0,0,0,10,,,,
089922,0,0,0,-10,,,,
089923,0,0,0,24,,,,
089927,0,0,0,-83,,,,
089933,0,0,0,34,,,,
089934,0,0,0,0,,,,
089943,0,0,0,5,,,,
089946,0,0,0,40,,,,
089951,0,0,0,17,,,,
089952,0,0,0,483,,,,
089953,0,0,0,22,,,,
089956,0,0,0,20,,,,
089958,0,0,0,-130,,,,
089964,0,0,0,1,,,,
089973,0,0,0,110,,,,
089974,0,0,0,0,,,,
089982,0,0,0,54,,,,
089984,0,0,0,100,,,,
089985,0,0,0,-100,,,,
089988,0,0,0,-31,,,,
089991,0,0,0,-13,,,,
089993,0,0,0,-5,,,,
089995,0,0,0,-50,,,,
089999,0,0,0,-1,,,,
1101,-2845.083,169,-43,-382.527,33615,33761,222,221
1101B,0,0,1,0,,,,
1102,828.803,-105.931,-38.089,8,1484,1565,11,11
1103,85.24,0,0,0,3918,3828,2,2
1104,250,0,25,0,1653,1934,1,1
1108,-8,0,0,0,692,683,0,0
1109,4,0,0.257,0,643,641,0,0
1110,-20,0,0,0,2999,3000,0,0
1201,169,0,0,0,1310,1306,0,0
1203,2,0,0,0,11,11,0,0
1210,226,-197,-4,0,1413,1416,2,2
1213,,,,,0,0,0,0
1215,-322,254,-0.76,3.314,572,501,12,12
1216,1825.078,-5138.076,48,226.914,1190,1259,13,13
1217,40,0,0,0,1250,1249,0,0
1218,171,0,1,0,1458,1465,0,0
1219,53,0,0,0,882,882,0,0
1220,3,0,0,0,993,994,0,0
1225,-11.155,0,0,-3,3896,3896,0,0
1227,-239,0,0.225,0,2145,2145,2,1
1229,-215,0,-0.76,0,1998,1968,21,21
1231,55.01,0,-0.302,0,413,415,4,4
1232,-2,0,0,0,8,8,0,0
1233,0,0,14,0,63,63,0,0
1234,-3,0,0,0.054,94,94,0,0
1235,2,0,0,0,982,982,0,0
1236,6,0,0,0,138,135,0,0
1240,-1,0,0,0,38,52,0,0
1256,0,0,0,0,229,224,0,0
1259,-1,0,0,0,39,39,0,0
1264,4,0,0,0,0,0,0,0
1268,-2,0,0,0,102,102,0,0
1294,-5,0,0,0,26,25,0,0
1295,23,0,0,-0.021,29,30,0,0
1301,19606.949,-24,1262.599,-374.956,23183,24985,1122,675
1303,49342.672,43.326,-316.686,-3341.731,44029,54187,3833,3796
1304,-34,0,17.836,417.353,6017,5929,35,34
1305,128,0,3.699,0,3739,3274,391,287
1307,218,0,6,-79.188,1733,1688,0,0
1308,705,0,13.218,0,3898,4199,23,26
1309,-113,0,0,0,4549,4525,21,21
1310,-526.006,0,-0.404,0,4590,4656,5,4
1312,321,0,-149,-40.503,13047,13322,169,167
1313,267,0,-2,0,9153,9259,113,113
1314,-1903,0,4,0,48822,48722,86,97
1315,0,0,0,0,81,81,0,0
1316,-154,-3,1,0,12337,12328,157,157
1319,710,-5.114,-31,13.434,4822,4871,47,47
1321,8,0,0,0,6859,6839,6,6
1323,6,0,0,0,59,60,0,0
1324,-26,0,0,0,1957,1966,0,0
1325,22,0,0,0,2284,2295,152,152
1326,7011.253,0,-7.076,-96.467,20133,20303,870,845
1336,9,0,0,-0.148,2593,2578,1,1
1337,86,0,0,0,21604,21608,0,0
1338,-4,0,0,0,2118,2111,0,0
1339,18,0,0.695,0,797,798,0,0
1340,-28,0,0,0,1014,1013,0,0
1342,20,0,-6,-0.042,365,383,0,0
1402,2537.157,-222,11,-22,2041,2161,61,61
1409,-756,0,1.532,8.302,12520,12358,102,98
1410,1,0,0,0,232,232,0,0
1413,0,0,1,0,0,0,0,0
1414,,,,,1122,1122,0,0
1416,26,0,1,0,4181,4125,0,0
1417,33,0,0,0,1100,1081,0,0
1418,-2,0,0,0,712,716,0,0
1419,248,0,5,6.145,1736,1737,19,19
1423,0.002,0,0,0,28,28,0,0
1432,-33,0,0,0,0,0,0,0
1434,1317,-800,16.868,0,3263,4949,0,0
1435,,,,,0,0,0,0
1436,-23,0,1,-1.487,888,886,5,5
1437,39,0,0,0,2056,2054,0,0
1438,2,0,0,0,264,264,0,0
1439,-11,0,0,0,1065,1063,0,0
1440,-4,0,-0.097,0,3233,3212,0,0
1441,,,,,0,0,0,0
1442,-138,0,0,-0.056,2144,2168,30,21
1443,,,,,102,102,0,0
1444,1004.696,0,4.953,0,3714,3762,0,32
1445,-9,0,2,0,1711,1760,0,0
1446,21,0,1,0,2611,2610,2,2
1447,38,0,0,0,5218,5259,0,0
1449,-338,0,-0.003,0,4840,4745,40,41
1451,3,0,0,0,1262,1270,0,0
1452,-2,0,0,0,183,183,0,0
1453,3,0,-3,0,1276,1270,1,1
1454,2,0,0,0,1763,1788,0,0
1455,9,0,-0.954,0,2819,2859,5,0
1456,1,0,-3,0,228,220,0,0
1457,33,0,0,0,362,357,4,4
1459,3,0,0,0,271,300,0,0
1460,31.39,0,-199,0,0,0,0,0
1463,0,0,0,0,508,509,0,0
1464,85.824,0,0,0,1642,1640,6,6
1465,39,0,0,0,3512,3505,0,0
1466,-4,0,0,0,3533,3556,31,20
1467,-106,0,-2.882,0,4619,4729,1,0
1468,9,0,1,0,0,0,0,0
1470,,,,,5,5,0,0
1471,-264,0,-9,0,0,0,0,0
1472,-40,0,-6,0,4315,4210,0,0
1473,18,0,0,0,764,765,0,0
1474,4,0,3,0,3171,3322,0,0
1475,6,0,-1,0,607,606,0,0
1476,859.756,-1.886,16,13.858,432,504,4,2
1477,55.01,-58.224,-8.858,-17.224,317,314,9,9
1503,127.228,-3.16,79.967,-4.661,3838,3868,38,37
1504,-833.125,-27.451,-6,23.367,24132,24403,459,568
1506,-23,0,0,0,0,0,0,0
1512,2,0,-3,0,0,0,0,0
1513,-592.991,-449.409,5.848,-74.307,8522,8509,29,32
1514,-529.92,0,-2.028,-0.989,6479,6492,134,132
1515,-7,0,-0.051,0,1982,1978,2,2
1516,0,0,-7,0,146,146,0,0
1517,-2,0,-0.187,0,1139,1141,32,32
1519,-1286.778,11.23,-6,-56.577,4081,3970,200,213
1521,0,0,2,0,345,345,0,0
1522,-212,-12.009,-0.108,-9.856,6494,6488,24,24
1524,1264,0,-7,0,5719,6028,18,17
1525,-1,0,0,0,230,230,0,0
1526,-2,0,0,0,1043,1049,0,0
1527,13,0,0,0,495,495,0,0
1528,-156,0,92,191,11273,11688,937,978
1529,-28,0,0,0,3019,3008,0,0
1530,1,0,0,0,81,78,0,0
1531,2,0,1,0,2025,2024,0,0
1532,-59,-15.796,-0.322,0,3403,3377,38,38
1533,-51,0,0,0,776,790,5,0
1535,5,0,0,0,48,48,0,0
1536,-1346,0,7.582,-25.506,8804,8791,2821,2804
1537,-3,0,-0.633,0,49,49,0,0
1538,-0.509,0,0,0,0,0,0,0
1539,2,0,0,0,1426,1426,0,0
1540,-83,0,0,0,2514,2514,2,2
1541,0,0,0,0,98,99,0,0
1558,16,-0.777,1,0,380,374,0,0
1560,431.88,-17,-29,-63.162,3356,3419,307,326
1563,49,0,0,0,551,585,0,0
1565,11,0,0,-0.001,1007,1010,7,7
1568,1,0,0,0,1140,1139,0,0
1569,65,0,0,4.219,14894,14977,419,453
1570,-43,0,0,0,1772,1770,19,19
1580,7,0,0,0,27,27,0,0
1582,-187,0,0.569,0,2662,2666,6,6
1583,0,0,1,0,34,34,2,2
1584,305.507,0,0,-1.148,7919,7984,17,17
1586,546,0,3.973,0,14104,14486,24,2
1587,-177,0,-6.383,0,3717,3503,108,109
1589,-70,0,2.196,0,3665,3662,33,33
1590,104.5,0,-3,-1.792,168,171,1,1
1591,86,0,0,-0.239,1975,1986,4,4
1593,-2,0,0,0,144,144,0,0
1595,13,0,1,-0.222,1888,1904,4,7
1597,-14,0,-0.469,-0.426,3007,3020,12,12
1598,-82,0,0.305,0,2289,2295,0,0
1599,7,0,0,0,390,390,0,0
1603,21,-1,0,0,2250,2251,22,22
1604,-42,0,-1,0,350,350,0,0
1605,10261.913,936.038,-207,-3859.041,59681,68949,2131,2897
1608,-7485,-15.82,-49,-297.216,11114,10130,151,160
1609,-1727.728,-7,-12,-69.254,15833,15857,48,51
1611,125,0,0.992,0,3763,3765,3,3
1612,-109,0,0.639,0,1843,1898,1,1
1614,-4,0,0,0,390,393,3,3
1615,-30,0,0,0,179,179,0,0
1616,-692,0,0.813,-5.741,3984,4050,10,7
1617,8,0,2.583,0,1778,1840,0,0
1618,-893,0,0.895,-11.34,4951,4900,14,3
1626,3,0,-3.998,0,3341,3329,0,0
1702,80,-7.157,1,0,409,409,0,0
1707,-2.073,0,0,-0.106,348,347,0,0
1708,598,0,0,2.971,2947,2947,4,4
1709,36,0,-1,0,2568,2572,0,0
1710,-50,0,33.624,-0.1,4428,4568,79,73
1711,-2172,0,2.91,-529.777,13964,14339,206,275
1712,140,0,-2,0,674,670,1,1
1713,-107,0,0,0,3632,3572,22,14
1714,1197,0,44.3,0,7835,5348,11,0
1717,-6469.109,400,-594.939,-269.494,27810,26106,552,2042
1718,703,0,-5.9,0,13270,13604,56,52
1720,65,0,0,0,365,369,0,0
1721,-107.2,0,1.765,0,1173,1178,1,1
1722,-7,0,-0.491,0,1908,2187,1,0
1723,-57,0,0,0,550,545,45,45
1725,26,0,3,0,224,240,0,1
1726,1,0,0,0,0,0,0,0
1727,-3432.03,0,3.411,0,6048,8988,925,743
1730,-12,0,0,-0.166,6,6,0,0
1731,3,0,0,0,156,156,0,0
1732,-30,0,1,0,574,573,0,0
1733,30,-1,0,0,4252,4254,6,6
1734,15,0,0,0,937,960,0,0
1735,-7,0,1.275,0,777,777,1,3
1736,-2,0,4.722,0,2366,2354,12,12
1737,-9,0,0,0,76,76,0,0
1742,0,0,0,0,2652,2639,10,10
1752,-6,0,0,0,616,616,8,8
1760,58,0,0,0,877,879,2,2
1762,0,0,0,0,970,961,10,10
1773,829.618,0,-5,-1.041,2049,1991,5,5
1776,,,,,735,748,0,0
1777,-6,0,0,0,43,43,0,0
1781,0,0,0,-0.004,0,0,0,0
1783,2,0,-1,0,1326,1313,0,0
1784,-130,0,0,90.879,2494,2511,11,9
1785,-1423.98,0,-371,-12.034,27912,29354,207,258
1786,-102,0,0,-0.294,6475,6451,1,2
1788,1,0,0,0,1,1,0,0
1789,-57,0,6.169,0,2182,1993,25,21
1795,1125.998,-1.91,-118,82.996,8045,8226,77,72
1796,,,,,274,274,0,0
1799,12,0,-2,0,0,0,0,0
1802,1286.87,-3356,325.137,-152.1,58502,57502,7195,7445
1805,-28,0,2.008,0,641,637,1,1
1806,85,0,0,0,3109,3289,0,0
1808,27.85,0,5,0,4765,4715,22,22
1809,-414,0,0,0,4180,4020,50,45
1810,-1581.604,-31.454,13.493,0,19088,18925,69,44
1813,,,,,65,64,0,0
1815,-2677.102,26,30,-1116.423,81835,79799,3046,2900
1817,-4,0,0,-0.39,35,35,0,0
1903,266,0,0,0,3849,3839,4,4
1904,101,0,0,0,1826,1834,3,3
1905,533,0,3.999,0,6839,6951,22,22
1906,5,0,-0.125,0,6772,6773,0,0
1907,-36.97,-20,-2.663,0,23914,23776,3,2
1909,-865,0,-2.442,0,6123,6173,14,14
2002,-23664.1,145,1460,-573.508,28934,25791,256,272
2006,-1464.37,-142.486,9,0,767,838,1,1
2007,-79,0,2,0,314,319,0,0
2008,2,0,0,0,318,319,0,0
2009,-4532.9,0,-27.045,-470.953,7369,7230,1086,1267
2010,10,0,0,0,1389,1367,5,5
2012,1,0,0,0,124,128,0,0
2013,-20,0,0.623,3.562,1523,1537,0,0
2014,-5915,0,258,-139.558,4549,4557,226,226
2015,74,-59,0,-0.044,65,66,0,0
2017,-696,0,-4,0,3768,3856,4,4
2020,-7,0,0,0,755,739,3,3
2022,-570,0,-10,0,1612,1635,0,0
2023,153,0,0,0,2553,2519,2,2
2024,-3,0,0,0,44,60,0,0
2025,-39,0,99.128,0,0,0,0,0
2027,-11907.886,0,346.719,-709.436,34770,34311,58,214
2028,-36,0,-1,0,1021,1108,16,16
2029,-79,0,-1.028,0,382,384,0,0
2030,-299,0,-3.011,0,2223,2483,10,10
2031,-913,0,-0.365,-26,2205,2073,9,9
2032,-333,0,-8.014,0,2705,2454,7,2
2033,-7,0,0,0,6472,6756,2,0
2034,-1127,0,-0.57,-165.366,4791,4547,29,53
2035,,,,,1,1,0,0
2038,-165,0,-4,0,4612,4910,0,2
2049,-562.43,-0.282,-18.146,-18.486,5588,5598,32,33
2059,171.581,-294.535,11.751,-12.108,828,808,6,4
2061,-8,0,0,0,3695,3683,0,0
2062,25,0,0,0,2409,2402,1,1
2063,2,0,0,0,124,128,0,0
2064,0,0,0,0,32,32,0,0
2065,4,0,0,0,148,150,0,0
2066,11,0,0,0,4250,4256,0,0
2067,63,0,0,0,0,0,0,0
2069,-112,0,-3,0,633,737,0,3
2070,-6,0,10,0,1935,1956,0,3
2101,-235,0,0,5,32154,32248,24,24
2102,275,0,1,0,4775,4884,8,3
2103,-188,0,10.11,0,5720,5605,25,24
2104,113,0,1,0,15492,15471,22,18
2105,-729,-1886.415,82.038,239.423,7111,6299,30,25
2106,41,0,-0.123,0,2709,2710,0,1
2107,49,0,0,0,286,264,0,0
2108,-167,0,-1.853,0,2052,2122,26,26
2109,35,0,0,0,873,879,3,3
2114,2,0,0,0,60,60,0,0
2115,-5,0,0,0,551,557,0,0
2201,-942.99,0,-207,26.829,11378,11294,57,57
2204,-357.94,-14.331,0,-1.007,3960,4005,83,83
2206,304,-152.674,0,0,25936,25960,5,5
2207,-41.759,-17,0.189,-1.831,111,108,0,0
2208,1529.296,-3,0,0,0,0,0,0
2211,78,-33.687,-1,0,1102,1081,2,5
2221,0,0,0,0,111,108,0,0
2227,1,0,0,0,,,,
2228,-25,0,-0.002,2,2874,2650,115,115
2230,56,0,0,9.144,5027,5011,47,37
2231,-55,0,-30.166,2.765,5789,5752,127,147
2233,-104,0,0.061,0,5963,5937,49,47
2235,,,,,38,37,0,0
2236,-15.65,0,-50,98.123,10577,10432,4,4
2239,-48,0,3,0,1450,1457,13,6
2241,1,0,0,0,4278,4736,56,61
2243,-17,0,-1,0,680,681,0,0
2247,-21,0,0,0,250,252,0,0
2248,-1,0,0,0,22,22,0,0
2250,3,0,0,0,1558,1583,0,0
2254,1,0,0,52,4858,4918,0,0
2258,83,0,0,-1.583,,,,
2301,58.458,-35.061,-4.749,-10.893,20073,20381,455,451
2302,-126,-1,2,0,2860,2845,34,34
2303,59002.932,13413.985,1067.306,4160.476,64645,51299,1003,1107
2305,122,0,-9,0,2086,2127,16,8
2308,1843.635,-49.059,-165.81,-233.084,7244,8036,769,770
2312,-7241.95,-717,-120,-2381.972,48528,47889,400,472
2313,-4001.129,509,-738.222,-1570.608,34763,34023,1347,1650
2314,-37.231,0,0,0,0,0,0,0
2316,-485,0,-2,-49.077,5511,5478,1066,1076
2317,-34484.787,-270.964,-517.978,-1297.692,62822,64210,2082,2171
2321,,,,,0,0,0,0
2323,-9812,0,-226,27,30855,29343,188,248
2324,-8128.345,-1798,-29.363,-297.09,32033,32231,572,609
2327,-7127.033,435.47,-664.1,-1383.313,43227,44536,310,402
2328,530,0,7,-34.222,22414,22391,718,739
2329,732.15,0,-102,133.367,16474,16322,853,849
2330,-4178.145,566.782,-16.8,-181.139,22682,23106,435,360
2331,-754,300,-134.978,-282.117,11050,10895,125,121
2332,-342.98,0,-24.219,4.058,21353,21337,124,124
2337,-3656.132,7105,3630.16,688.341,123886,126254,22791,18887
2338,-556.788,0,-66.1,-12.277,6037,6081,234,245
2340,-1738.429,0,-46.92,103.234,7632,7808,324,417
2342,-105,0,-92.844,0,6009,6446,141,234
2344,43428.357,-1230.562,-1019.366,-615.28,140202,150734,32535,31635
2345,1518.373,19.264,-72.18,27.585,2894,3161,162,160
2347,2663.6,-1066.745,-3.848,51.026,2050,2152,11,10
2348,-21,0,1,-0.926,1709,1710,43,43
2349,-3794,0,-92,0,0,0,0,0
2351,-604.5,0,0.932,-16.089,6034,6015,53,49
2352,-1181,-12,0,-26.826,15195,14911,70,71
2353,-14617.953,1415.746,-78,-398.898,30127,29433,370,391
2354,-5960.224,9,-66.358,-40.797,29566,29237,31,22
2355,-1662,-8.136,-2.382,-0.138,6085,5991,45,45
2356,-4980.381,966,-77.794,-42.578,25056,24834,528,527
2357,-3341.77,-136.531,18.666,-34.111,2191,2003,23,17
2359,-77.005,0,-0.882,-2.892,7457,7416,735,756
2360,476.643,40.947,-29.77,-33.741,1152,1251,47,48
2362,-473,0,-0.083,0,3155,3147,9,9
2363,-1785,10,4.187,101.596,22968,22444,65,58
2364,-20,0,-1,0,1017,1015,17,17
2365,-293,0,-0.093,-3.524,11856,11901,192,202
2367,-7850.7,0,-1598,-1388.456,33847,35937,544,758
2368,-880.698,-662.161,-74,-39.481,6718,6434,1497,1507
2369,-8306,0,-121.248,-763.24,10047,13647,320,379
2371,1351.649,-1848.931,-44,-179.674,76131,76401,206,247
2373,-2,0,0,0,69,69,0,0
2374,-437.97,-3,-0.763,-114.862,18026,18073,167,181
2375,-1181.94,0,-0.465,-73.777,5191,5198,247,300
2376,-128.409,38,1,-2.423,6768,6717,303,301
2377,-2421.001,-2.34,2.909,0.509,13555,12859,200,212
2379,1156.698,20,10.3,2.87,2482,2494,10,10
2380,,,,,0,0,0,0
2382,-6399.447,-70.971,-230.42,-43.46,16781,16574,406,400
2383,511.577,-604.694,5.709,-31.049,2744,2605,73,78
2385,199.045,-829.635,-9.032,30,3448,3451,4,4
2387,-111,0,-1.146,0,3212,3213,8,8
2388,-903.753,1,-53.957,-42.797,14921,14750,65,197
2390,15,0,-3,0,1910,1906,3,3
2392,-979.729,0,3.905,-8.916,7141,7073,25,26
2393,-1130,-11.964,-8,16.949,2648,2566,24,24
2395,-12.885,-3,3,6.753,2248,2220,6,7
2397,-57,0,1,0,1571,1670,0,0
2399,-16,0,2.451,0,8468,8591,115,146
2401,-1188,2,-3.266,-8.293,12704,12696,30,24
2402,-146.935,0,46.41,-150.083,27122,29497,333,372
2404,734.214,30.915,5.098,25.583,2339,2553,162,62
2405,-1645,0,-87,0,10607,10537,24,24
2406,-3028,0,-103.347,0,15326,15018,446,432
2408,8678.234,1600.407,-957,-366.624,144805,152948,17217,16457
2409,-85096.029,419.544,-866,-9056.022,150285,140641,10109,10969
2412,-1428.82,-48,16,40.459,494,515,20,20
2413,99,0,0,103,6818,6842,665,683
2414,-24,0,0,0,255,255,0,0
2415,14,0,0.247,0,2308,2297,0,0
2417,-109.5,0,0.999,0,4480,4486,38,76
2419,236.82,0,0.314,351.304,5754,5197,57,42
2420,-59,0,1,0,674,686,0,0
2421,-542.2,0,-2.634,-48.238,4805,4779,110,119
2423,-7,0,0,0,144,150,1,1
2424,2.031,0,0,0,0,0,0,0
2425,-18,0,1,0,2757,2799,7,8
2426,-80,0,1.701,0,5094,5067,26,27
2427,-108,0,0,0,5913,5703,377,358
2428,-272,-1,0.41,-23.595,2729,2704,2,2
2429,-117,0,-5.808,0,6185,6195,173,180
2430,8,0,5,0,81,81,0,0
2431,-189,0,0,0,3521,3547,14,17
2432,-9,0,0,21.8,370,366,0,0
2433,-12,0,6,0,4,4,0,0
2434,-5,0,0,0,30,29,0,0
2436,-1686,4,-79,-34.796,4406,4265,42,44
2438,0,0,0,0,0,0,0,0
2439,2713.7,-11.356,12,52.888,3064,3317,18,13
2440,3,0,0,0,0,0,0,0
2441,2043.33,-78,-97.688,-3,14954,16027,60,67
2442,37,0,39.727,0,19450,19418,257,103
2444,28,0,0,0,0,0,0,0
2449,3916.909,-1737.56,-329.635,-137.726,15107,16475,1679,1695
2450,-7,0,0,0,94,95,0,0
2451,1350.074,32.709,1.121,-27.095,7475,8317,292,263
2453,16,0,0,0,2753,2799,0,0
2454,-1171.649,17.789,-195.085,-330.887,6794,6877,9,22
2455,-2387,716,-30.442,-167.574,7558,7206,243,254
2457,-123.9,0,-14,43.868,14456,14684,191,191
2458,-792.909,0.893,-5.627,-55.321,2617,2666,31,32
2459,-5,0,0,0,76,75,0,0
2460,-146,0,1.577,0,1114,1120,0,0
2461,41,0,0,0,3205,3257,9,7
2462,-70.41,0,-0.561,0,2658,2651,19,19
2464,-364.5,0,1,-80.576,9620,9681,219,244
2465,-14,0,0,0,154,171,0,0
2466,282,0,0,0,6123,6133,139,151
2467,797.1,-82,-43.586,-2.437,3024,3065,265,200
2468,-29,0,0,0,4250,4248,28,28
2471,59,0,0,0,1618,1624,0,0
2472,-453,0,-2.055,-85.983,7965,7911,73,87
2474,-2270.496,-834.517,-66,-14.733,1945,2014,16,8
2476,-551,0,-4,-5.955,16590,16573,3,3
2477,33,0,0,0,1613,1614,0,0
2478,303,0,-1,-10,3287,3451,48,48
2480,-5,0,-0.081,1.001,389,359,0,0
2481,-1040.682,488,-31.74,-309.427,18960,19241,410,419
2482,-51,0,0,0,1918,1944,5,5
2483,-1,0,0,0,676,676,2,2
2484,-138,0,1.15,0,1868,1900,1,1
2485,-2957.7,0,-145.355,6.91,13020,13613,1276,1247
2486,-271,0,-1.734,-37.214,23580,23696,963,1090
2488,-9,0,0,0,801,798,0,0
2489,-1591.749,0,-40,-4,13847,13456,33,47
2491,-33,0,1,0,1502,1516,37,37
2492,-880.815,0,-170,-697.038,12220,12187,371,465
2493,-302,0,-1,24.138,7503,7469,54,32
2495,-1910,0,-0.401,53.249,9782,11615,390,344
2496,-2,0,0,0,187,187,0,0
2497,96.989,0,-0.084,-6,3340,3440,34,36
2498,-1912.2,0,-98,-253.553,33799,34434,1658,2256
2501,1962,-7,36,-1,6777,6796,96,97
2504,-951,-583.427,26.836,-5.422,3621,3355,9,24
2505,-1,0,-10,0,3655,3671,0,0
2506,8,0,0,0,1886,1872,0,0
2509,21,0,5,0,641,594,1,1
2511,1119,0,-111,0,2992,2955,3,3
2514,2,0,0,0,15510,15513,0,0
2515,-1106.278,0,-8,0,33852,33449,51,61
2516,-2,0,-2,0,0,0,0,0
2520,765,-800,1,-1.382,8820,8901,28,28
2524,20,0,-3,0,3585,3597,24,25
2527,-13,-1.31,0,0,982,953,1,1
2528,100,0,5,0,2579,2777,0,0
2530,-280,300,130,-3,2916,2936,21,21
2534,20.5,0,-1,0,10430,10401,0,0
2535,68,0,5.999,0,148,129,1,1
2536,-53,0,0,0,5986,5984,0,0
2537,158,0,-1,0,5627,5611,40,40
2538,103,0,0,0,3182,3176,15,15
2539,101,-11.088,-1.198,0,2851,2880,7,7
2540,-136,-3,0,0,3157,3114,105,101
2542,1482,-127,0,14.368,10248,10311,287,258
2543,-283,0,0,-21,15574,15565,143,138
2545,60,0,-0.271,0,2626,2631,1,1
2546,35,0,0,0,83,85,0,0
2547,117,0,0,0,26567,26613,10,10
2548,-167,0,9.083,9.661,2074,2007,46,45
2596,13,0,0,0,1749,1754,0,0
2597,481.72,-1,0,0,341,320,2,2
2601,-57,0,-4,0,3681,3703,1,1
2603,-1391.169,-618.068,-4,-274.33,17479,17618,318,320
2605,436,510,7,-290.084,11214,11443,303,302
2606,3619.5,-1955.1,-6,-61.785,7856,8046,171,164
2607,420,-405,-0.5,0,1300,1331,1,1
2608,-5,0,0,0,837,837,7,7
2609,-2659.292,-388.02,-319.488,-444.066,33786,33112,1204,1221
2610,-5381.491,-1384.66,345,-211.191,52103,51576,496,507
2611,-3.2,0,0,0,2291,2360,4,4
2612,-280,0,-2,14.165,3205,3195,15,16
2613,22,0,2,0,2613,2619,9,7
2614,145,-4,0,0,7890,7814,35,34
2615,-2613.912,-87.779,-8.615,-63.295,23532,23223,2432,2451
2616,-2,0,0,0,144,144,0,0
2617,676,0,2,0,2158,2082,2,2
2618,-4175.627,-943.022,-87,280.846,46476,46421,252,250
2630,-717.9,0,-20.73,130.108,6923,6443,102,103
2633,-2555.713,-18.686,0.736,0,2121,1990,1,1
2634,8496.19,-3,687,1355.013,25303,25222,327,361
2636,83.275,0,-0.148,0,938,938,3,3
2637,3095.5,-710.486,2.021,16.566,6944,7481,260,249
2640,4,-15,0,0,69,68,0,0
2641,-1211,0,-48,-43.145,11141,11903,1710,1710
2642,2,0,0,0,532,536,0,0
2643,3,0,-2,0,122,118,0,0
2645,536.315,23,42.91,109.341,5417,5314,151,90
2646,-557,0,0,-7,2575,2560,19,19
2701,1,0,0,0,1063,1043,0,0
2702,4,0,0,0,455,452,0,0
2704,-43,0,-1,0,284,285,0,0
2705,-2,0,-2,0,608,612,0,0
2706,2,0,0,0,762,762,0,0
2707,44,0,1,0,230,239,0,0
2712,,,,,13,13,0,0
2718,11,0,0,0,249,257,0,0
2719,5,0,0,0,88,88,0,0
2722,-6,0,0,0,409,407,0,0
2723,87,0,1,0,2726,2745,23,23
2724,,,,,0,0,0,0
2726,2,0,0,0,310,306,0,0
2727,13.242,-2.506,0,0.616,547,547,1,1
2729,2,0,0,0,11,10,0,0
2731,105,0,255,-2,1264,1317,50,50
2732,3,0,0,0,274,272,0,0
2734,4,0,0,0,591,597,1,1
2736,-13,0,0,0,899,867,32,32
2739,8,0,0,0,1089,1091,0,0
2740,-2,0,0,0,,,,
2743,34,0,0,0.558,936,945,21,21
2745,22,0,0,-0.283,1287,1306,2,2
2748,28.683,0,0,0,1343,1359,0,0
2751,0,0,0,0,1,1,0,0
2752,-1,0,0,0,,,,
2753,5,0,0,12.348,713,697,0,0
2754,-1,0,0,0,210,203,0,0
2755,-1.788,0,0,0,78,78,2,2
2756,8,0,0,-0.066,196,217,7,9
2762,-8,0,1,0,148,149,0,0
2801,-38.167,-844.348,25,-100,8213,8097,53,54
2812,-1444.9,-19.877,19.719,0,3576,3561,1,1
2816,6,0,2,0,390,394,0,0
2820,-198,0,0,0,432,429,2,2
2832,31,-2,0,0,531,536,0,0
2834,-462.33,-30.782,20,0,3925,4096,34,34
2836,-119.05,0,-2,0,4795,4826,0,0
2838,-952,-42,10.306,0,327,336,22,87
2845,-802,-14,10,-2,6301,6308,34,34
2849,3,0,2,0,110,106,0,0
2850,64,-57,0.536,0,136,131,2,2
2851,917,0,0,0,687,679,0,0
2852,62,-4.564,2,0,348,348,2,2
2855,5036,-19,0,0,3909,2997,124,131
2867,3524,0,99,87,0,0,0,0
2880,2527.908,-1945,15,265,440,437,45,43
2881,2975.455,-780.656,6,115.88,7163,7485,449,443
2881B,0,0,3,0,,,,
2882,6468.658,-1008.8,345,96.363,4017,3990,845,844
2882B,0,0,8,0,,,,
2883,15809.71,-941,22,18.174,18688,18889,134,133
2883B,199,0,62,0,,,,
2884,-10627.65,-2373.094,42,679.985,6067,6367,353,352
2885,7745.407,-574.633,2214.056,638.49,1151,642,28,21
2886,-1489.886,-2342.035,73.459,306.606,1196,1121,32,32
2887,1061.905,-3092,-273,536.883,77084,77404,3704,3694
2887E,9,0,0,0,,,,
2887F,0,1,0,0,,,,
2887I,-593,0,-100,0,,,,
2889,2903.859,-13,7.974,0,1037,1232,11,10
2890,5599.443,-430.594,11,-78.291,2482,2500,129,114
2891,4226.838,-3428.372,166,313.997,3452,3422,395,394
2891B,0,0,2,0,,,,
2892,-850.46,-104,99.99,415,7962,7199,54,54
2897,316,-10,-5,0,2845,2868,1,1
2901,,,,,605,605,0,0
2903,977,-197,15,0,3165,3215,32,32
2904,-1,0,0,0,8,8,0,0
2905,178,0,0,0,9765,9725,11,11
2906,-44,0,0,0,638,638,0,0
2908,-7,0,0,0,10408,10364,0,0
2910,4,0,0,0,20,20,0,0
2911,,,,,0,0,0,0
2912,-375.169,-717.143,6,-6.885,731,741,2,2
2913,23,0,-20,0,8192,8135,7,7
2915,-2059,-602,-159.846,-10,11387,11249,14,9
2916,-14,0,0,0,279,281,0,0
2923,5,0,0,0,,,,
2924,,,,,5,5,0,0
2926,9,0,0,0,26,33,0,0
2929,55,0,0,0,1050,1045,0,0
2939,-5,0,0,0,475,473,0,0
2945,1,0,0,0,,,,
2947,0,0,1,0,,,,
3002,-56,0,2,0,2627,2672,49,55
3003,-117,0,-0.147,-0.106,3958,3945,11,11
3004,81.516,0,-4,-1.111,2172,2250,31,33
3005,-760,200,6,-0.043,2394,2348,445,444
3006,1237.9,6,14.02,36,11172,10741,3227,2899
3008,-324.35,34.689,-11.15,-22.494,1357,1334,30,33
3010,89.864,-95.038,-0.197,-13.063,1831,1900,4,3
3011,-135,0,-1,0,3594,3582,41,41
3013,-352.97,-103,5,-68.431,13132,13223,170,165
3014,-569,21.968,-1.542,-2,2006,2023,3,3
3015,-197,-7.185,-0.791,-1.07,1861,1883,21,21
3016,748,0,-32.738,-91.93,4926,4654,404,394
3017,227.668,-441.364,118.241,146.136,5873,5937,363,448
3018,,,,,6,6,0,0
3019,-1506,0,-17.625,-145.563,13420,13260,100,107
3021,5,0,0,0,937,941,0,0
3022,-140,0,0,41.521,5234,5217,11,7
3023,-493,-13.109,-9.453,-2,3045,2997,11,11
3024,-210,0,0,0,11100,11034,1,1
3025,1879,0,-393.984,0,3139,2948,86,111
3026,5.6,-2,0,-27.786,3207,3331,10,10
3027,-1,0,-3.997,0,5036,4945,35,31
3028,-1429,0,-11,0,3629,3659,10,51
3029,-33,-4.796,19,1.477,3474,3541,18,19
3030,-512.77,0,-53.609,-68.253,6937,6960,109,117
3031,-112,0,1.12,0,2596,2581,2,2
3032,-278,0,2.627,4.141,7449,7400,49,53
3033,-1228,-9.571,-5,-35.137,5343,5696,157,188
3034,-3275.185,33.118,-23.559,-92.975,4625,4539,16,20
3035,-1967.8,6,-123,-248.132,17144,16939,606,613
3036,-888.03,756.49,-8,-47.578,2364,2466,111,115
3037,1556.278,-436,-572,-232.039,33045,33433,2177,2043
3038,-90,-1.941,-0.024,0,1391,1398,0,0
3040,12,0,0,0,13438,13530,75,75
3041,-248,0,0,0,2995,2982,26,25
3042,-396,-171,-0.054,-9.23,3893,3808,28,26
3043,-8,0,0,0,1123,1116,0,0
3044,378.2,-31,-21,34.11,6363,6204,66,67
3045,333.612,-1899,28,185.615,1220,1166,29,29
3046,187,0,-8.143,0,1524,1313,10,8
3047,-447,0,0,0,9913,9774,57,65
3048,40.13,0,1.358,-25.016,7791,7950,137,156
3049,-2443.5,0,-16,-14.341,1688,1689,0,0
3050,-101,0,0,0,4692,4798,57,82
3051,-839,0,-5.928,0,2271,2263,8,3
3052,89,0,0,0,1120,1097,0,0
3054,8,0,5,0,299,294,0,0
3055,-33.643,0,1.316,-1.34,5811,5828,128,132
3056,224,0,0,0,5997,5994,42,42
3057,18,0,0,0,0,0,0,0
3058,251.1,0,-1,0,1317,1349,0,0
3059,-940,0,-0.415,-13.515,12735,12648,39,46
3060,-2417.539,0,-166.745,0,13250,11806,423,476
3062,-938,0,0.252,-6.102,13762,13769,178,178
3064,,,,,0,0,0,0
3066,-1,0,0,0.028,555,551,0,0
3071,-74,0,0,0,1344,1350,2,2
3073,-1,0,0,0,772,770,9,9
3078,-693,0,0,-10.119,5663,5798,14,14
3081,24,-40,30,16.091,6290,6384,486,487
3083,4,0,0,0,1362,1341,1,1
3085,,,,,0,0,0,0
3086,-30,0,0,-1.199,855,843,25,26
3088,-107.718,0,0,0.196,3041,3004,1,1
3090,1013.9,-1730.682,0.16,-253.807,6720,7252,99,122
3092,-52.06,0,78,9,1686,1728,270,249
3093,-5,0,0,0,1434,1442,0,0
3094,-28.88,0,0.959,0,1449,1513,1,3
3095,0,0,0,0.284,5,5,0,0
3105,7164.509,906,176.335,228.145,29443,27670,1230,877
3114,-21,0,0,0,521,520,0,0
3118,,,,,46,46,0,0
3122,-4,0,0,-0.175,629,631,1,1
3128,-190,0,0,0,2345,2400,5,11
3130,-22.999,0,0,0.1,13,13,0,0
3131,127,-49,-5.94,-45.625,642,628,13,12
3135,-680,0,-32.209,0,,,,
3138,206,0,43.887,0,1761,1331,16,5
3141,-274,0,0,-4.12,4324,4426,12,20
3147,14,0,0,-0.994,1440,1436,1,2
3149,1278,0,0.83,0,22668,22197,208,190
3150,4,0,1,3,67,67,0,0
3152,-51,0,-8,-5.27,1085,1101,32,36
3162,-245,0,0,-0.085,7064,7017,9,10
3163,108,0,3,7.414,10759,11050,1668,1648
3164,19,0,0,0,211,198,0,0
3167,-1169.865,-545,-48.453,42,6791,6622,633,659
3168,-9,0,0,0,37,37,0,0
3169,-89,-8,0,1.434,982,970,0,1
3171,-2,0,0,0.216,480,480,0,0
3176,127,0,0,0,764,755,0,0
3178,7,0,0,0,921,918,2,2
3188,77,0,0,0,2561,2554,39,41
3189,-641.055,23,-384.611,-699.774,20391,23012,863,986
3191,-6,0,0.001,0,0,0,0,0
3205,28,0,0,0,1196,1190,79,79
3206,9,0,0,0.212,267,322,0,0
3207,-65,0,0,23.412,6400,6327,44,53
3209,-89,-5.996,1,0,2004,2039,0,0
3211,623.312,-1209,-0.15,-59.375,4632,4755,441,489
3213,-36,0,0,0.985,2149,2131,6,7
3217,-155,0,0,-4.247,1844,1867,2,2
3218,10,0,-2,-0.258,600,583,0,0
3219,71,0,-3,14.394,1615,1698,29,36
3221,-30,0,0,0,1785,1784,9,10
3224,-7,0,0,0,9139,9213,1,1
3226,0,0,0,0,19,19,0,0
3227,-178,77,-27.878,-8.771,4810,4771,24,26
3228,-34,0,0,-3.729,0,0,0,0
3229,1,0,1,0,0,0,0,0
3230,57,0,0,-0.212,10736,10758,75,68
3231,-17093.087,-273.536,-710.572,-876.011,49599,51234,1699,1891
3232,0,0,0,0,2651,2666,0,0
3234,-32,0,0,0.453,0,0,0,0
3236,-545,0,-7,-0.103,4021,4267,315,338
3252,-1,0,0,0.003,12278,12278,0,0
3257,-62,0,-3,0,3317,3316,102,99
3259,-4,0,0,0,0,0,0,0
3260,142.795,75.85,34,178.085,10232,10488,2461,2567
3264,537.1,-76.547,-78,-134.592,14726,15083,766,878
3265,283,330,6,-44.335,3805,3949,96,97
3266,2,0,0,0,547,548,0,0
3268,-1,0,0,-0.01,1017,1014,0,0
3272,-4,0,0,0,1331,1332,3,3
3276,-19,0,0,0,722,701,1,1
3284,17,0,0,0,1080,1098,2,2
3285,-1,0,0,0,212,213,0,0
3287,1,0,0,0,1980,1978,0,0
3288,,,,,0,0,0,0
3289,-80.946,20,0,-9.77,5439,5460,12,13
3290,-168,0,0,-46.89,12148,12123,5,5
3293,485.488,-164,-0.3,11.793,3980,3998,6,4
3294,-457.9,0,0,-0.056,8938,8920,305,338
3296,-8,0,0,0,2123,2139,7,10
3297,32,0,2,0.303,1498,1508,220,229
3303,-6,0,0,0,1562,1564,1,1
3305,-369.1,0,196,-23.482,10542,11206,183,210
3306,-110,0,0,0.062,1630,1626,4,4
3308,-5,0,0,0,569,541,35,39
3310,0,0,0,-10,2375,2357,0,0
3311,-9,0,0,0,4771,4774,0,0
3312,-174,0,0,1,6864,6768,63,36
3313,58,0,0,0,2114,2132,161,161
3317,-270,0,0,-0.815,3501,3459,27,33
3321,80.001,0,0,0,0,0,0,0
3322,-89,0,0,0,9171,9115,27,26
3323,-134.95,0,1,-22.962,7757,7732,171,175
3324,201.405,0,-29.639,0.921,4483,4837,539,559
3325,-40,0,0,-0.396,2147,2169,0,0
3332,4,0,0,0,234,241,0,0
3338,-83,0,0.106,0,2774,2774,3,1
3339,-32,0,0,0,6233,6238,75,75
3346,-46.051,0,0,0,2056,2093,0,0
3349,-113,0,0,0,,,,
3354,-8,0,0,0,1572,1636,79,80
3356,-68,0,3,0,2409,2404,2,3
3357,-647,0,6,-41.006,2492,2529,1082,1155
3360,-90,0,0,-0.001,3125,3135,21,28
3362,-336,0,0,-1.957,5438,5440,34,39
3363,315,19,3,0.647,6995,7121,1016,1078
3372,163,0,0,-10.816,386,388,0,0
3373,-2,0,0,0,908,908,3,3
3374,-794.885,3314,-539.988,83.284,9724,10485,199,132
3376,1090.6,100,-168.379,-2.014,12441,13224,243,233
3379,-48,0,0,-0.797,2694,2731,85,75
3380,-308,0,-5,-31.169,5245,5260,19,26
3388,0,0,0,0,153,153,0,0
3390,26,0,0,-0.301,3905,3961,17,17
3402,-335,0,0,97.174,2162,2125,8,12
3406,524.17,-24,5.2,-19.511,2841,2823,37,40
3413,-874.7,41,0,-107.296,3928,3923,13,13
3416,-22,0,-11.955,27.902,1442,1443,10,10
3419,9,0,1,0,2799,2799,0,0
3430,222,0,0,18.069,2152,1818,30,10
3432,,,,,0,0,0,0
3434,15,0,0,0,2147,2141,2,2
3437,-653,0,-7,0,2345,2247,47,25
3438,-18,0,0,0,1082,1081,5,5
3441,-34,0,0,-0.001,2206,2221,32,31
3443,379.135,2.956,-105.8,-30.924,4937,5098,266,269
3444,5,0,53,2,1149,1185,69,63
3447,66,0,-0.094,0,3696,3719,13,12
3450,-366.56,-2,8.997,169.015,19276,19377,628,675
3454,-15,0,0,0,380,383,3,3
3455,197,0,0,0.72,3804,3974,90,89
3465,,,,,354,353,0,0
3466,8,0,0,0,11391,11441,216,223
3467,6,0,0,0,126,123,0,0
3479,-153,0,0,-1.417,1142,1140,0,0
3481,20009.881,503.98,3590,-3837.595,211561,207473,17914,23133
3483,-143.45,-8,0,35.205,5157,5222,36,31
3484,-38,0,0,0.296,1948,1935,16,16
3489,1,0,0,0,1086,1087,0,0
3490,-88,0,0,0,1749,1771,4,4
3491,219,0,-13.003,-63.592,3911,3879,340,340
3492,-7,0,0,-0.018,770,782,0,0
3494,-80,0,0,0,0,0,0,0
3498,468.99,0,0,96.381,2318,2226,178,133
3499,-43,0,0,-0.53,0,0,0,0
3501,-29,0,0.78,0,439,440,0,0
3504,-48,0,0,0,1909,1944,116,124
3508,-4,0,0,-0.001,0,0,0,0
3511,-153,0,0,-0.408,2586,2593,12,12
3512,,,,,496,497,0,0
3515,-815.401,-1,0,2.473,1874,1662,18,19
3516,2,0,0,0,8552,8553,0,0
3518,17,0,0,0,3729,3757,43,43
3520,-40,0,0,0,2495,2485,1,1
3521,-8,0,0,-0.291,556,517,0,0
3522,-32,0,0,0,0,0,0,0
3523,2,0,0,0,0,0,0,0
3526,91,0,-5,-2.718,1324,1295,30,19
3527,7,0,0,0,1307,1313,0,0
3528,42,0,2,0,1869,1900,19,19
3529,-186.48,-45,21.8,-12.493,1700,1644,11,11
3530,-138,0,1.658,0,1629,1637,36,47
3531,,,,,106,105,0,0
3532,189.467,0,-44,-52.94,3935,4073,61,254
3533,233.383,215.3,-7.416,4.207,1232,1216,10,10
3535,699,0,0,0,10419,10505,1851,1823
3537,-139,0,0,-0.001,1546,1544,31,44
3540,-30.976,0,0,0,1179,1095,0,0
3541,1,0,0,-0.792,519,525,0,0
3543,-156,0,0,0,5558,5370,242,109
3545,-244.938,1,0,-0.616,4772,4783,86,97
3546,7,0,0,14.276,3430,3353,8,8
3548,2,0,0,-0.643,4695,4709,29,29
3550,-280,0,-1,0,13310,12917,57,57
3551,118,0,-37,-23.034,1845,1899,33,35
3552,-10,0,0,-0.056,1158,1161,7,7
3555,58,0,0,0,674,678,0,0
3556,15,0,0,0.009,328,329,0,0
3557,9,0,0,0,499,500,0,0
3558,-46,-8,0,-0.805,1735,1738,1,1
3563,-190.2,0,2,-13.433,5873,5927,35,31
3564,-30,0,0,-4.003,1162,1148,2,2
3567,-4,0,-1,0,792,789,0,0
3570,2,0,0,0,29,29,0,0
3576,6654.3,0,-44.948,0,0,0,0,0
3577,-9,0,0,-2.267,1513,1512,2,2
3580,-454.985,0,0,-0.246,3237,3225,47,54
3581,-68.975,0,0,0.356,3316,3304,98,130
3583,-163,0,-15,-9.557,2462,2495,7,11
3587,-28,0,-0.127,-9.484,2161,2168,8,8
3588,359,0,11.179,0,1265,1333,29,11
3591,-31,0,-1.156,0,21619,21553,0,0
3592,-270,73.878,1,-1.018,1369,1330,6,7
3593,,,,,0,0,0,0
3594,-31,0,0,-1.143,3646,3681,4,4
3596,-604.221,0,1.102,-1,942,901,6,3
3597,-4,0,0,0,1529,1541,0,0
3605,-117,0,2,-3.492,7127,7148,23,25
3607,-58,0,0,0,2909,2888,1,1
3609,-14,0,0,0,967,966,0,0
3611,-4,0,0,0,205,204,0,0
3615,-91,0,-2,0.208,3357,3345,41,30
3617,-196,-365,1.823,-7.886,1769,1736,11,5
3622,166,0,-0.024,-2,1744,1779,4,4
3623,44,0,0,0,668,649,8,11
3624,246,0,-41,-23.923,6599,6736,230,344
3625,-218.949,0,0,0.93,0,0,0,0
3628,10,0,0,0.271,1686,1713,29,32
3630,-636,0,0,1.081,4254,4180,54,46
3631,0,0,0,0,994,988,0,0
3632,,,,,0,0,0,0
3645,-205,0,0,-5.876,8699,8659,51,50
3646,7,0,0,0,1439,1436,0,0
3652,3,0,1,0,1153,1174,2,2
3653,292.909,-102.552,-12,-17.63,2472,2561,81,78
3661,-133.617,2.2,-30,-22.37,5508,5537,68,68
3663,356.92,0,0,-65.134,4197,4388,94,107
3664,0,0,0,0.21,0,0,0,0
3665,245.928,-626.065,9.378,-7.01,3273,3296,148,149
3666,-23,0,0,0,1344,1295,0,0
3669,-48,0,-36.992,0,943,956,2,10
3672,5,0,0,0,0,0,0,0
3673,33,0,-6,-18.01,10197,10167,47,45
3675,-70,0,0,-5.002,1850,1822,10,10
3679,-19,0,0,0,187,176,0,0
3680,-270.5,0,-4.35,41.299,2665,2536,60,64
3684,1,0,-5,0,306,293,0,0
3685,-22,0,0,0,74,74,0,0
3686,-56,0,1,0,0,0,0,0
3687,-8,0,-1,-0.235,1315,1292,160,160
3689,-373,0,-14,74.38,9223,8977,143,143
3691,-66,0,0,-3,1573,1578,87,89
3693,-50,0,0,52.98,2428,2413,49,37
3694,-244.6,0,-0.306,-10.609,6481,6551,10,11
3701,229,0,0,0,8625,8608,409,457
3702,4359.098,419,-152.028,44.64,5046,4984,122,105
3703,158,0,44.517,0,1694,1686,8,8
3704,-283,0,-0.009,0,7189,7485,149,151
3705,244,0,0,3.405,712,705,3,3
3706,3607.564,11,136.739,206.516,41525,40928,788,693
3707,-425,0,-32,-115.14,14827,14211,1953,2246
3708,-132,-2,0,-34.03,8117,8030,101,106
3709,635,0,-11,-126.839,7746,7833,88,78
3710,-25.415,0,0,0,0,0,0,0
3711,895.753,-555.652,-259,-816.85,7401,7913,571,578
3712,-183,0,0.434,-4,4036,4021,67,62
3713,2,0,0,0,,,,
3714,-1148.97,0,-11.066,0,15096,15360,206,139
3715,14608.017,576,33,1573.412,38723,39433,503,138
3716,-2,0,0,0,751,757,0,0
3717,-357,0,-5,0,7105,6807,8,8
4102,-3,0,0,0.044,179,179,0,0
4104,-67.852,0,-0.057,0,113,112,6,0
4105,130,-2,0,-2.42,899,888,2,2
4106,9,0,2.101,0,475,463,0,0
4107,-16,0,0,0,225,233,0,0
4108,-7,0,3,0,0,0,0,0
4109,15,0,0,-0.105,4041,4030,0,0
4111,17,0,2,0,908,907,0,0
4113,29,0,0,-0.333,13638,13638,22,20
4114,198,0,0,-5.824,2300,2369,1,1
4116,2,0,0,0,229,228,0,0
4119,109,0,0,0.011,469,453,6,6
4120,-1,0,0,0,776,775,0,0
4121,13,0,0,0,5393,5396,1,1
4123,607,0,8.52,6,7953,7941,268,267
4126,-5,0,0,0,788,781,0,0
4127,1,0,0,0,317,285,4,4
4128,829,0,30,-0.218,7941,8091,3,3
4129,50.54,0,0,-11.789,905,899,3,4
4130,-840,0,2,0,3339,5267,0,30
4131,13,0,0,0,,,,
4133,20,0,0,0,745,741,0,0
4137,82,0,0.042,0,1135,1137,0,0
4138,1,0,0,0.016,56,58,0,0
4139,,,,,1296,1296,0,0
4142,632.678,0,0,0,6273,6520,45,45
4147,292,0,0.33,0,9467,9529,36,36
4148,-2,0,5,0,466,467,0,0
4153,-2,0,0,0,3493,3507,0,0
4155,-27,0,0,0,592,592,0,0
4157,1888,0,-8,-0.887,6834,6517,93,74
4160,7,0,0,0.032,69,68,0,0
4161,5,0,0,0,973,975,0,0
4162,499,0,-2,0.949,3205,3215,3,3
4163,-1,0,0,0,40,39,0,0
4164,242,0,-20.753,0,6437,6262,0,5
4166,63,0,0,0,,,,
4167,-135,0,0,-0.736,8595,8435,4,0
4168,58.619,0,0,0,423,429,0,0
4171,4,0,0,0,762,767,37,37
4173,65,0,0,0,510,495,0,0
4174,203,0,0,0,3456,3467,12,12
4175,1,0,0,0,36,36,0,0
4188,-1,0,0,0,,,,
4190,-11,0,0,0,368,375,0,0
4205,3,0,0,0,22,22,0,0
4207,-7,0,0,0,758,748,1,1
4303,-427.6,0,0,35.775,8948,8847,38,37
4304,1,0,0,0,0,0,0,0
4305,,,,,4,4,0,0
4306,176,0,0,0,4079,4005,1,1
4401,-3,0,0,0,997,1016,0,0
4402,-1,0,0,0.045,,,,
4406,,,,,457,457,1,1
4413,0,0,0.007,0,200,197,0,0
4414,28,0,0,0,573,561,45,45
4416,6,0,0,0,300,240,0,0
4417,8,0,0,-0.158,224,225,0,0
4419,0,0,0.002,0,,,,
4420,6.2,0,0,0,174,174,0,0
4426,18,0,0,0,1060,1056,0,0
4430,,,,,115,115,0,0
4432,4,0,1,0,509,509,0,0
4433,2,0,0,0,157,158,0,0
4438,67,0,3,0,653,651,6,6
4439,-2,0,0,0,455,454,15,15
4440,10,0,-2,0,314,322,0,0
4441,4.1,0,0,0,,,,
4442,,,,,109,108,1,1
4502,3,0,0,0,868,865,0,0
4503,12,0,0,-0.179,2666,2689,7,7
4506,8,0,0,0,4,4,0,0
4510,-117,0,0,-12.442,7323,7344,619,643
4513,32.39,0,0,-0.358,3012,3060,17,17
4523,-34,0,0,-0.164,1237,1232,0,0
4526,-7,0,0,-0.704,8662,8620,203,208
4527,0,0,0,0.126,217,216,0,0
4528,-1,0,0,0,150,150,0,0
4529,,,,,0,0,0,0
4530,,,,,0,0,0,0
4532,436,-11.407,0,0.001,4378,4403,7,27
4533,-11,0,0,5.565,8173,8090,13,13
4534,35,0,0,0.294,0,0,0,0
4535,2,0,0,0,133,133,0,0
4536,39,0,0,0.02,520,549,0,0
4538,-1,0,0,0,329,329,0,0
4540,-309,0,0.268,0,4636,4650,36,55
4541,227,0,17,2.011,5067,5020,18,14
4542,34,0,0,0.558,3494,3234,255,186
4543,-11,0,0,0.55,1454,1460,4,7
4545,0,0,1,0,1762,1732,18,11
4549,53,0,0,0.243,1249,1243,0,0
4550,2,0,0,0,218,250,0,0
4551,-86,0,1.37,-3.219,2253,2250,14,15
4552,3,0,0,0,1593,1595,4,4
4554,-1,0,0,0.007,13,13,0,0
4555,10,0,0,0,3077,3069,233,233
4556,0,0,0,0,500,500,0,0
4557,7,0,0,0,689,686,0,0
4558,0,0,0,0,406,404,0,0
4560,19,0,0,0,123,123,0,0
4561,6,0,0,-0.254,2136,2135,26,28
4562,-134,0,-1.51,0,3481,3495,220,282
4563,-21,0,0,-3.742,2379,2374,24,24
4564,124,0,0,0,7826,7801,33,33
4566,-65,0,-6.88,-0.33,5775,5815,6,4
4568,0,0,0,0,44,44,0,0
4569,8,0,0,0,773,780,0,0
4571,29,0,0,0.25,1921,1931,2,2
4572,31,0,0,0,324,330,2,2
4576,-168,0,2.478,-4.697,3287,3257,39,43
4577,-110,0,0,0.003,1742,1773,59,84
4580,2,0,0,0,181,182,0,0
4581,0,0,0,0,66,66,0,0
4583,242.132,0,7.797,14.338,2558,2487,111,90
4585,-21.93,0,1,0.234,,,,
4588,1,0,0,0,279,272,0,0
4609,,,,,0,0,0,0
4702,-9,0,0,-0.389,2681,2679,0,0
4706,,,,,208,208,0,0
4707,50,0,0,0,2477,2508,0,0
4711,1,0,0,-0.474,310,313,0,0
4714,8,0,0,-0.075,7504,7624,5,5
4716,-42,0,0,0.33,7983,8849,231,254
4720,-561,-2.031,2,0,3887,3634,50,40
4721,-56,0,0,2.264,1664,1636,1,1
4722,-51.27,-1,-22.157,0,17015,17279,531,636
4726,44,0,0,0.262,888,905,0,0
4728,,,,,1830,1830,0,0
4729,-52,0,0,0,2500,2501,78,81
4735,,,,,227,227,0,0
4736,26,0,0,0,250,254,0,0
4737,31,0,0,0,614,618,15,0
4739,-421,-2,-2,-15.209,1482,1384,56,55
4741,3,0,0,0,653,622,4,4
4743,1147.6,0,-3.078,-0.543,10557,10454,171,183
4744,146,0,0,0,4057,4066,4,4
4745,30,0,0,0,744,798,1,1
4746,131,0,3,-0.534,2286,2299,0,0
4747,-8,0,0,0,1286,1287,0,0
4749,-161.334,-35,-12.455,-101.442,2935,2864,142,131
4754,-1,0,0,0,120,120,0,0
4755,10,0,10,0,690,698,0,0
4760,-47,0,20,-23.605,1462,1577,12,13
4763,-2529.906,-168.783,0,-5.372,47190,46509,772,773
4764,-229,0,-13.111,0,4336,4346,190,261
4766,-50.1,-40,1,-0.231,1311,1324,0,0
4767,0,0,0,0,13,15,0,0
4768,-508.07,0,-3,-5.683,3474,3588,654,706
4770,-184.81,0,16.482,3.941,1250,1211,12,11
4771,30,0,0,0,532,570,0,0
4772,152.205,-5,-28,-99.008,4054,4059,86,81
4804,,,,,0,0,0,0
4806,,,,,0,0,0,0
4807,-1,0,0,0,519,518,1,1
4903,-179,0,-4,0.064,3936,4132,79,102
4904,411.223,-1083,20,32.465,167,167,1,1
4905,0,0,0,0,74,74,0,0
4906,-1282,-10.854,44.793,-183.775,13651,13500,126,125
4907,1,0,0,0,238,233,0,0
4908,-32,0,0,-2.847,3451,3452,29,31
4909,248,0,0,-11.305,6074,6027,2816,2898
4911,20,0,0,0,206,206,0,0
4912,141.1,0,2,0,3636,3623,5,8
4915,-2741,-152.673,-5.623,-8.487,2287,2235,5,9
4916,626,-5,40,256.866,11486,11295,258,223
4919,-2209.9,0,-121.733,22.832,6897,6297,71,56
4923,-5,0,0,0,378,388,0,0
4924,,,,,0,0,0,0
4927,958,0,-17.418,0,33492,34292,1728,1553
4930,1,0,0,0,3287,3287,0,0
4931,-192,-34,-7,242,8964,9529,1348,1475
4933,-7,0,0,-0.973,1083,1080,4,4
4934,133.2,0,1,0,0,0,0,0
4935,4,0,-1,0,689,685,1,1
4938,1290.788,103.082,54,70.444,6732,6773,17,9
4939,-264,0,0,-0.242,6038,6133,585,659
4942,4,0,-6,0,1060,1060,0,0
4943,,,,,0,0,0,0
4946,0,0,0,0,,,,
4949,48,0,1,0,3293,3329,34,37
4950,0,0,0,0,,,,
4951,-26,0,0,-0.406,735,742,0,0
4952,-59,0,-0.375,0,1418,1431,0,0
4953,357,0,1,-13.974,942,981,2,2
4956,-188,0,1,0,6002,5932,74,76
4958,-2679.947,45,-31.754,-133.409,12103,11802,102,117
4960,-125,0,0,0,11860,11781,1,1
4961,-462,111,0,-2.209,2297,2244,24,36
4966,-9.235,288,9,25.823,4468,4427,50,50
4967,8081.23,-1,29,35.944,10566,12535,1939,1940
4968,-62,2,-0.647,-8.047,5958,5922,50,48
4971,23.975,0,-30,8.719,6447,6595,670,722
4972,-4,0,0,0,101,101,0,0
4973,1706,0,67,3.683,3972,3908,320,92
4974,-30,0,0,-0.767,1679,1691,0,0
4976,25,0,0,0,4637,4667,27,35
4977,-238,0,39.973,11.009,9438,9490,179,195
4979,-1364.17,15,47,238.357,17642,14956,1613,1485
4987,1,0,0,-0.468,181,177,0,0
4989,-1300,0,-0.764,0,12347,12169,862,1019
4991,-178,0,0,27,10621,10733,226,376
4994,0,0,0,0,1754,1756,0,0
4995,-4,0,0,0,1859,1860,0,0
4999,3,0,-2.982,0,329,330,0,0
5007,-15,0,4,0,1,1,0,0
5009,-657.967,0,4.573,33.498,6488,6552,84,81
5011,-64,0,0,0,3751,3867,0,0
5013,1,0,0,0,5,5,0,0
5014,-210,0,0,-2.006,3471,3778,11,1
5015,,,,,306,306,0,0
5016,,,,,130,128,0,0
5201,-8,0,0,0,7286,7260,9,11
5202,14,0,0,0,2510,2507,1,1
5203,-36,0,0.984,0.6,1858,1890,0,0
5206,5,0,0,0,727,740,0,0
5209,-32,0,0,0.051,46,41,0,0
5210,-13,0,0,-0.001,0,0,0,0
5211,,,,,258,254,0,0
5212,1,0,0,0,55,56,0,0
5213,177,0,3.115,0,3126,2985,46,45
5215,7,0,-0.012,0,835,841,0,0
5220,-2,0,0,0,230,262,0,0
5222,-62,-121,-0.724,26.667,1994,1813,20,20
5223,8,0,0,0,242,144,0,0
5225,21.03,0,-1,0,2017,2016,40,40
5227,35,0,0,2.5,115,66,0,0
5228,-15,0,0,0,320,323,0,0
5230,21,0,0,-0.107,1711,1787,1,0
5234,-96,-1,68.632,53.531,2639,2510,200,189
5236,-37,0,0,0.358,545,487,5,5
5243,-1413,0,0.645,-49.119,12825,12669,57,46
5244,-27,0,0,0,2499,2562,149,161
5245,-3,0,0,0.117,1183,1165,52,65
5251,-34.943,0,0,-0.269,2583,2584,139,153
5258,-164,0,1.573,-3.704,5574,5553,9,9
5263,59,0,1,-1,4006,3985,28,30
5269,-896.88,270,-1.5,-39.277,2194,2198,17,20
5272,-13,0,0,-0.576,748,753,0,0
5274,-40.762,-0.015,-7.884,-6.132,111,108,13,13
5278,10,0,0,0,1592,1596,0,0
5283,-68,0,0,0,91,81,0,0
5284,134.983,0,0.35,38.461,4831,4909,73,71
5285,-120,0,1,0,2385,2379,0,0
5287,-1,0,0,0,97,96,0,0
5288,-73,0,0,0,1466,1440,0,0
5289,104.58,106,0,-71.755,3453,3643,179,164
5291,-9.96,0,0,0,4926,5005,20,20
5292,90,0,0,0,623,653,2,2
5299,-15,0,0,0,269,266,0,0
5301,2,0,0,0,0,0,0,0
5302,46,0,0.916,0,0,0,0,0
5306,16,0,-1,0,419,420,0,0
5309,-703,-3,-34,-42.398,17568,17537,1472,1565
5310,,,,,0,0,0,0
5312,-19,0,0,-1,633,632,0,0
5314,1721,0,32,42.933,20140,19793,182,124
5315,-44,0,0,0,2312,2333,1,1
5321,-4,0,0,0,1355,1371,24,24
5324,-23,0,0,0,0,0,0,0
5328,-1432,0,0,-1.501,5565,5500,486,516
5340,-1182,0,0,65.623,5557,5886,263,314
5344,,,,,0,0,0,0
5345,,,,,0,0,0,0
5347,22511.186,762.474,234.092,108.503,15838,8263,220,112
5351,1684,7,40,0,12542,12838,927,972
5353,1,0,0,0,1281,1299,17,17
5355,-33,0,0,-0.003,0,0,0,0
5356,-2,0,0,0,5303,5304,0,0
5364,1,0,0,0,438,439,0,0
5371,-1894.938,0,377,119.401,33264,32055,354,350
5381,-299,0,0,0,0,0,0,0
5386,153.02,0,0,-0.025,2515,2544,49,55
5388,-961,0,2.82,-3.95,3560,3541,52,53
5392,-68.9,0,0,-47.877,9235,9263,161,268
5398,-51,0,0,-0.001,3781,3842,1,1
5403,10,0,0,0,67,67,0,0
5410,-11,0,0,-0.189,2406,2398,0,0
5425,-365.79,0,-152,45.038,7913,7476,34,37
5426,-79,0,0,0.585,3685,3672,2,2
5432,69,0,-0.5,0.632,785,785,60,65
5434,-50.47,-31,2.725,3.158,831,822,3,3
5438,-22,0,0,-0.245,1631,1617,6,6
5439,278,244,-4,-14.822,10336,10717,499,499
5443,-640.15,0,0,135.534,7425,7264,113,102
5450,1,0,0,0,1228,1223,4,4
5452,244,0,0,-0.923,5246,5296,40,51
5455,0,0,0,-0.001,30,30,0,0
5457,-169.95,-3,0,-4.364,4245,4122,0,1
5460,4,0,0,0,1310,1324,0,0
5464,-4,0,0,0,377,377,0,2
5465,-111,0,0,0.782,1679,1557,8,8
5468,18,0,0,0,0,0,0,0
5469,-691.895,0,-0.111,-126.383,21676,22018,344,342
5471,42,0,-0.492,0,2073,2058,1,1
5474,-29,0,-8,-0.977,1294,1245,2,0
5475,-1843,0,10,-0.301,0,0,0,0
5478,25,0,0,-0.426,477,476,0,10
5481,463,0,0,0,7022,7028,41,17
5483,-938.854,-47.89,-88.867,-148.707,10370,10476,2,0
5484,71,0,0,0,0,0,0,0
5487,5,0,0,0,1531,1530,0,0
5488,,,,,1601,1610,0,0
5489,10,0,0,0,1216,1213,0,0
5490,-229,0,0,-0.759,1950,1990,2,2
5493,-147.9,0,-4,8.96,1821,1815,13,22
5498,-540,0,0,26,649,649,0,0
5508,-140,0,0,-9.67,3143,3133,112,122
5511,95,0,0,0,540,564,2,2
5512,181,0,0,0,5676,5714,0,0
5514,,,,,79,78,0,0
5515,30.75,80,22,0,1736,1737,29,29
5516,4,0,0,0,284,362,0,0
5519,-22,0,0.664,0,1295,1299,6,6
5520,,,,,2,2,0,0
5521,-2393,0,432.259,0,21943,20125,873,1057
5522,139,-200,12,-3.427,1925,1990,25,25
5523,1,0,0,0,5,6,0,0
5525,18,0,0,0,332,334,0,0
5529,-1,0,0,0,1807,1804,0,0
5530,-54,0,0,-1.366,3849,3846,16,16
5531,156,0,0,0,3651,3651,0,0
5533,2,0,0,0,1000,1001,0,0
5534,112,0,-1,-8.683,3058,3048,32,32
5536,-376.876,46,0,17.959,2757,2799,24,32
5538,0,0,0,0,68,68,0,0
5543,-3,0,0,0,4,9,0,0
5546,3,0,0,0,23,23,0,0
5548,1,0,0,0,50,50,0,0
5601,,,,,0,0,0,0
5603,-16,0,0,0,5076,5092,0,0
5604,,,,,110,110,0,0
5607,143.099,0,2,0,1355,1393,2,2
5608,107,0,1,382.05,6245,6269,259,259
5609,35,0,0,0,93,95,0,1
5701,,,,,0,0,0,0
5703,,,,,0,0,0,0
5704,3,0,0,0,116,116,1,1
5706,38,0,1.151,0,872,873,0,0
5864,-1368,0,0,0,7218,6939,6,29
5871,3013.517,-661.845,10,33.312,6794,6727,83,83
5876,2117.437,44.074,-5.329,7,1731,2009,37,37
5880,-3105.903,-110.423,25,19,1227,1195,2,2
5902,0,0,0,0,5890,5875,0,0
5903,11,-40,10,0,23,22,0,0
5904,-5,-1,2,-1.552,209,214,3,3
5905,288,0,0,-0.5,4369,4300,0,0
5906,,,,,278,278,0,0
5907,-3,0,0,0,3392,3398,0,0
6005,15015.8,302.669,0,0,4333,1902,145,142
6015,99,0,0,0,4008,1858,69,31
6016,1736.8,0,0,0,7317,1837,32,17
6020,0,0,0,0,103,84,0,0
6021,87,0,0,0,580,472,0,0
6023,43,0,0,0,263,279,0,0
6024,391,0,0,0,194,247,1,1
6026,571,0,0,0,2783,2367,0,0
6101,-1,0,0,0,8532,8532,0,0
6103,,,,,0,0,0,0
6104,-483.9,2,0,4.724,5976,5994,85,79
6108,-55,0,0,0,1340,1376,18,18
6109,0,0,0,0.129,218,218,0,0
6111,41,0,0,-1.426,2742,2765,27,25
6112,-32,0,0,-0.525,3687,3686,11,11
6113,106,0,0,-0.222,1908,1891,12,10
6114,3,0,0,0,1253,1250,2,0
6115,-21,0,0,0.897,22,23,0,0
6116,9286.315,0,-1682.823,-59.623,35420,53639,5400,2244
6117,-10,0,0,0,4613,4628,224,264
6118,-109,0,0,0,2527,2518,10,11
6120,-1768,0,0.201,0.003,8461,8193,188,128
6121,-137.026,89.157,-2,0.776,400,411,6,2
6122,241,0,16,0,1317,1288,30,30
6123,1,0,0,0,265,271,0,0
6124,14,0,0,0,305,306,1,1
6125,-837.98,0,0,-209.838,13102,13217,209,211
6126,-1354.9,0,18,-111.462,3307,3060,117,49
6127,-342,0,0,-0.321,4925,5424,305,329
6128,-32,0,0,0,82,82,0,0
6129,-380,0,0,0.801,358,358,0,0
6130,-46,0,0,0,2667,2665,2,0
6133,-314,0,1,0,2942,2840,61,82
6134,18,0,0,0,3847,3883,25,45
6136,-4,0,0,0,2897,2930,0,0
6138,19,1,-0.003,-12.006,1103,1251,19,19
6139,219.674,-42.08,18.431,52.788,4446,4935,234,150
6140,-1,0,0,0.085,2436,2442,11,11
6141,-58,0,0.353,0,792,796,0,0
6142,-14,0,0,0,0,0,0,0
6143,-113,0,20,-14.862,12877,12670,90,88
6144,,,,,0,0,0,0
6146,30,0,0,0,336,343,1,1
6147,-1131.025,371.524,-12,-14.144,4243,4304,19,18
6148,1,0,0,-1.141,3294,3309,124,115
6150,-75,0,0,0.346,1941,1928,39,40
6151,-33,0,0,0,1322,1302,0,0
6152,-366,0,-3,0,0,0,0,0
6153,-2083,0,-20.333,0,13455,13264,537,620
6154,0,0,0,0,229,215,0,0
6155,-114,0,6,0,2741,2897,179,210
6156,-196,0,0,0,6428,6512,1,4
6158,,,,,965,961,0,0
6160,13,0,0,-0.207,934,954,0,0
6161,-29,0,0,0.003,734,730,0,0
6163,-1012,0,-20,58.85,26526,25867,2340,2167
6164,-133,0,2,0,4448,4421,35,50
6165,-189,0,1,0,15968,15973,6,6
6166,-1396,0,-13.496,-0.031,3560,3498,25,20
6167,10,0,0,0,2791,2872,1,2
6168,-128,0,2,0,2272,2263,13,15
6169,-2,0,0,0,35,32,0,0
6170,3,0,0,0,3907,3901,9,9
6171,1,0,0,0,172,172,0,0
6173,-751,0,-165,-97.317,6597,6851,1048,970
6174,2,0,0,0,370,374,0,0
6175,-61,0,1,-24.153,4563,4596,109,147
6176,-694,418.062,-2.061,13.137,2201,2194,9,8
6177,2308.45,0,3,75.481,4175,4198,458,425
6179,-19,0,0,-1.18,12892,12915,187,187
6180,95,-253.512,0,-0.218,1430,1396,113,113
6182,770,0,-217,-630.009,12976,13005,1446,1468
6183,-7,0,0,0,16,16,0,0
6184,10,0,0,0,575,570,4,4
6185,-2,0,0,-0.001,1377,1362,0,0
6186,-31,0,0,-1.249,1158,1160,0,0
6187,353.885,0,-22,6.129,3262,3411,147,141
6188,-1758.8,0,-487,-211.555,7806,8351,57,52
6189,1.598,0,-4.061,-3,2814,2836,21,21
6190,-87.85,0,-9,63.272,10671,10363,219,250
6191,-1564.774,3,40,-184.333,24019,23882,683,707
6192,19.785,0,-2,0,795,808,0,0
6194,-21,0,0,0.009,2158,2173,3,3
6195,,,,,47,47,0,0
6196,-342.245,-60,-79,-183.021,4555,4705,115,118
6197,182,0,46.717,-21.061,4729,4726,19,21
6198,-1,0,0,0,,,,
6199,8,0,3,0.701,2141,2185,35,35
6201,-1,0,0,0,29,29,0,0
6202,80,2,-0.567,0.182,3625,3644,39,37
6203,-12,0,0,-0.381,1124,1136,0,0
6204,-108,0,2,0,795,769,15,18
6205,-61.896,0,33,66,3371,3300,101,101
6206,-164,-2.612,0,4.888,3289,3223,14,14
6207,-174,0,2,-1.38,4366,4435,166,188
6208,7,0,0,0.334,900,897,0,0
6209,688.1,0,-35.665,-9,15836,16310,3397,3418
6210,,,,,141,145,0,0
6212,,,,,25,25,0,0
6213,562.8,-1230,5.588,-40.544,20237,20399,531,517
6214,-326,0,-0.26,1.003,4565,4556,8,8
6215,-125,0,0,-0.949,5947,5980,409,426
6216,18,0,0.405,0,703,696,10,10
6217,-126,0,-8,-4.378,10807,10809,188,203
6218,-20.995,0,0,0,1330,1349,19,21
6219,-32.97,0,0,0.008,5116,5109,0,0
6220,1,0,0,0,845,858,14,14
6221,-171.15,0,0,0,3012,2974,5,6
6222,4,0,0,0,52,52,0,0
6223,13.196,-40,-4.875,-0.051,1327,1328,138,138
6224,-26,0,0,0,762,763,0,0
6225,,,,,0,0,0,0
6226,3,0,0,0,0,0,0,0
6227,8,0,0,0.574,3173,3192,18,18
6228,0,0,0,0.056,152,152,7,7
6229,-2,0,-8,0.643,797,810,1,1
6230,-5,0,0,0,372,371,1,1
6231,30.8,0,0,-21.085,3078,3096,5,5
6233,67,0,0,0,3554,3634,52,70
6234,-492,0,4,-0.443,2943,2762,64,74
6235,-5,-1,0.251,-11.408,5350,5416,70,69
6237,-55,0,0,-0.98,3717,3699,20,20
6239,3800.856,-87,-19,-51.997,12182,13044,234,234
6240,,,,,1040,1040,0,0
6241,9,0,0,0,0,0,0,0
6242,1,0,0,0,,,,
6243,-8,0,0.733,0,1813,1837,32,33
6244,-928,0,0,-98.46,10769,11003,456,393
6245,47.52,0,2,49.986,2682,2693,3,3
6246,1,0,0,-0.824,686,686,0,0
6248,-5,0,0,-0.001,1177,1184,0,0
6257,2084.043,8,-24.004,-255.286,10251,11298,208,220
6259,0,0,0,0,464,471,0,0
6261,95,0,-3,0,1732,1745,2,2
6263,14,0,0,0.004,222,231,0,0
6264,1,0,0,0,0,0,0,0
6265,148.03,0,-6,32,7875,7982,1189,1273
6266,-37.294,0,0,0.611,810,810,3,3
6269,-1029.96,0,-40.302,-23.404,4205,3998,209,199
6270,-86,0,0,0,1797,1782,7,7
6271,174.75,5,-192.472,-73.81,5158,5221,23,18
6272,-38,0,0,0,,,,
6274,41.13,226,-64.441,20.377,8654,8629,1709,1717
6275,197,0,-13,-6.975,1807,1857,18,18
6276,-9,0,0,0.095,504,507,0,0
6277,-11,0,0,-2.777,279,279,0,0
6278,-168,-91.6,0,-3.198,3370,3487,32,32
6279,-234,-219.45,0,-0.393,3546,3516,5,6
6281,-39,0,-14,0,6,6,0,0
6282,-430.595,-7,-321.744,-140.979,30520,30383,476,538
6283,-82,0,0,0,2563,2542,12,13
6284,-15,0,0,-11.525,4853,4760,43,55
6285,-2921.392,2,5.26,-24.95,9345,9296,24,32
6290,-338.99,0,0,-39.943,14915,16173,293,319
6291,-46,0,0,-2.519,2705,2768,55,53
6292,-7,0,0,0,124,123,0,0
6294,-3,0,0,0.002,137,132,0,0
6405,9,0,1.405,0,3217,3244,37,125
6409,-77.295,-0.036,0.586,3.513,1471,1491,3,9
6411,-34.98,0,0,-0.808,1757,1772,7,7
6412,39.009,-2.837,-0.282,0,1526,1528,7,6
6414,133,171,1.462,2.141,1490,1445,56,54
6415,-534.957,2021,18,-156.278,6609,7437,42,110
6416,-14,0,0,-41,2857,2796,1,1
6417,29,0,0,0,2664,2670,2,1
6418,-159,0,0,-0.669,1695,1655,67,64
6419,27,0,0,0,348,361,0,0
6423,-7,0,0,3,98,92,5,0
6425,-58,0,0,-0.11,5043,5121,407,418
6426,17,0,0.299,0,2383,2383,75,79
6431,129,0,0,0,0,0,0,0
6432,-113,0,-0.005,0,1634,1640,182,205
6435,124,0,0,-13.778,837,893,1,0
6438,-10,0,-5,-29.175,4745,4859,25,31
6441,-14,0,0,-0.003,997,976,2,1
6442,278.93,11.966,25.72,-0.792,5014,5043,374,371
6443,6426.9,0,283.696,53.427,22591,25389,3554,3068
6446,1349.954,-3,38.028,-3,7532,7586,28,20
6449,-92.975,0,-0.484,-13.665,2715,2750,81,80
6451,-153,0,-0.085,-6.92,4839,4839,31,37
6456,-424,0,9.777,-4.802,3899,3909,19,21
6461,-31,0,0,0,0,0,0,0
6462,458,1,40,57.327,5535,5629,308,301
6464,0,0,0,0,1,1,0,0
6465,-56,0,0,-5.497,0,0,0,0
6469,29,0,-0.03,0,610,610,26,25
6470,57,0,0,0,1164,1105,0,0
6472,-342.531,0,37.682,73.599,4171,3764,64,60
6474,1,0,-9,0,,,,
6477,-171,0,-0.335,0,3635,3643,153,158
6482,0,0,0,-0.987,29,28,0,0
6485,2212.008,0,-5,27.094,3840,3181,173,158
6486,-16,0,0,0,364,396,0,0
6488,-1416.54,787.872,-114,-377.509,5175,4936,111,99
6491,53,0,7,5.998,721,773,0,0
6492,105,0,0,0,947,962,4,4
6494,-7,0,0,0,849,850,0,0
6496,,,,,24,27,0,0
6498,12,0,0,0,95,93,0,0
6499,41.726,0,0,0.366,7515,7524,24,19
6504,0,0,0,0,39,40,0,0
6505,-1005.9,-17.861,32.677,114.332,5272,5355,159,149
6506,3,0,0,0,382,382,0,0
6508,0,0,0,0,86,86,0,0
6509,2,-5,0,0,3114,3085,26,26
6510,-95,-10.35,-6.94,-15.775,359,325,39,41
6515,-110.757,-178,-3,-2.193,728,635,157,160
6516,-8,0,0,0,798,790,0,0
6517,15,0,0,0.678,2366,2370,14,14
6523,-3,0,0,0,74,74,0,0
6525,-35,0,-1,0,876,876,1,1
6526,-55.131,0,0,2.712,1103,1106,0,0
6530,-21,0,0,-0.217,2792,2832,28,29
6531,620.436,-6,0,76.201,6532,7085,347,357
6532,0,0,0,0,1987,1995,1,1
6533,-112.045,1,0.666,47.619,2090,2084,14,18
6534,-12,0,1,-0.095,2549,2550,0,0
6535,56,0,0,0.789,,,,
6538,-6,-0.621,0,-0.473,770,767,1,1
6541,-111,0,0.803,0,3620,3594,0,0
6542,1,0,0,0,99,99,0,0
6546,-86,0,0,-1.059,4959,4954,5,7
6547,-100.044,0,-2,4.242,6102,6114,59,57
6548,963,-4,11,6.372,6893,7309,43,64
6550,85,0,0,0,0,0,0,0
6552,-9,0,0,0,1406,1444,0,0
6556,-1,0,0,0,,,,
6558,-216,0,0,0.789,4488,4515,141,144
6560,5,0,0,0.022,117,130,0,0
6561,-66,0,0,-0.859,487,485,0,0
6568,-45.857,0,0,-7.583,1016,1015,18,18
6569,6,0,0,0,289,284,0,0
6570,4,0,0,0,649,661,0,0
6573,-126,0,0,0,0,0,0,0
6576,6,0,0,0,,,,
6577,-6,0,0,0,145,146,0,0
6578,-20,0,0,0,798,795,5,5
6579,-22,0,-0.396,0,566,572,0,0
6581,-2,0,0,0,23,23,0,0
6582,4,0,0,0,373,371,0,0
6584,-266,0,-15,-23.981,1837,1759,194,202
6585,15,0,0,-0.639,1459,1435,3,2
6588,-37,0,0,0,2228,2244,46,40
6589,128,0,-0.074,0,3389,3383,72,71
6590,0,0,0,0,,,,
6591,-125,0,0.212,0,2615,2635,17,18
6592,334,0,0.293,0,598,615,0,0
6592A,0,1,0,0,,,,
6592B,0,-3,0,0,,,,
6593,3,0,0,-0.101,626,635,0,0
6596,64,0,13,0,1255,1227,31,31
6598,2,0,-1,0,0,0,0,0
6603,929,0,-15,26.079,7786,6698,268,179
6605,91,0,-0.537,-1.19,2017,2047,2,2
6606,1,0,0,0,676,679,0,0
6609,-51.9,0,0,0.148,2022,2009,7,8
6612,-8,0,0,0,381,383,0,0
6613,105,-2.535,0,2.709,427,432,0,0
6614,36,0,-1,0,,,,
6615,-2,0,0,0,,,,
6616,4,0,0,0,448,386,0,0
6617,35,0,0,0,98,96,0,0
6620,-32,0,0,0,,,,
6624,6,0,-2,0,337,333,68,83
6625,-32,0,0,0,1510,1496,5,5
6629,-4,0,0,0.086,1737,1754,0,0
6637,-11,0,0,0,27,10,0,0
6640,185,-18,4,32.737,411,290,11,0
6641,5,0,0,0,158,156,0,0
6642,-8,0,0,0,1410,1405,0,0
6643,-116.598,0,5,-37.733,2547,2553,75,97
6645,-14,0,0,14,18,18,0,0
6649,-24,0,0,0,1480,1480,33,33
6651,-84.89,0,0,0,1474,1382,0,0
6654,,,,,2504,2503,0,0
6655,-1,0,0,0,0,0,0,0
6657,46,0,0,0,1903,1903,0,0
6658,-22,0,0.935,0,2541,2618,19,32
6664,81.036,0,0,-10.533,1277,1392,7,6
6666,0,0,0,0,220,220,0,0
6667,-173.683,0,-3,-3.286,2147,2178,9,9
6668,47,0,0,0,3337,3366,23,15
6669,435.829,2.241,5.1,-10.199,1898,1997,80,74
6670,197,-105.205,9,0.154,609,609,30,31
6671,,,,,32,32,0,0
6672,-47,0,0.039,0,3604,3712,5,5
6674,24,0,-2,0,311,309,0,0
6679,-24,0,1,1.049,1365,1363,5,5
6680,0,0,1,0,,,,
6683,8.075,0,6,-23.811,631,675,2,2
6684,-2,0,0,0,1825,1853,29,29
6689,28,0,0,0,1670,1676,1,0
6690,14.054,0,0,0,70,75,0,0
6691,201.542,-5,24,103.376,2499,2647,12,8
6692,-2,0,0,0,397,397,0,0
6693,118,0,4,0,2174,2175,16,16
6695,-83,0,0,0,3103,3086,9,9
6697,-1,0,0,0,44,38,0,0
6698,63,0,-0.113,0,1880,1911,33,32
6703,5,0,0,0,212,214,0,0
6706,-95.93,0,40.035,-13.749,13140,12953,858,900
6712,6,0,0,-12.009,1027,1029,4,4
6715,-2,0,0,0,3126,3139,2,2
6716,4,0,0,0,217,216,0,0
6719,-79,-1,3,0.199,1205,1184,25,25
6720,-11,0,0,0,365,363,0,0
6725,46,0,11,-0.612,,,,
6727,-25,0,4,0,,,,
6728,-2,0,0,0,243,244,0,0
6732,-28,0,0,-2.763,584,574,16,16
6733,4,0,0,-0.275,,,,
6735,-20,0,0,0,652,652,0,0
6739,-3.015,0,-6.508,-6.551,,,,
6741,3,0,0,0,1809,1815,1,1
6742,-7,0,0,0,2303,2303,22,25
6743,22.91,0,2,0,1013,999,5,6
6751,13,0,0,0,34,32,0,0
6752,-25,0,-3,-0.539,626,633,0,0
6753,-272,0,87.525,95.26,6049,5970,63,62
6754,0,-0.281,0,0,159,159,0,0
6756,-115,0,1,0,750,734,5,17
6757,200.1,0,-12,2.556,5107,5360,367,428
6761,-248,0,0,-15.604,2352,2448,11,17
6762,0,0,0,-0.06,,,,
6763,149,0,0,-7.974,2735,2753,0,0
6767,1,0,0,0,,,,
6768,306,-302.368,-0.259,-1.758,2805,2793,84,84
6770,17557.087,589,1619.839,-125.914,109135,112414,21219,19911
6771,3,0,0,0,95,95,0,0
6776,147.876,0,30,0,681,799,25,19
6781,-85.229,-134,-3.794,22.923,2379,2368,21,24
6782,79,0,0,0.53,699,687,0,0
6785,-7,0,0,-2.068,1709,1708,9,10
6788,128,0,-1,-27.185,3710,4188,270,320
6789,81.576,-1,0,-2.771,11361,11292,73,79
6790,8,0,0,0,371,369,0,0
6791,-1,0,0,0,48,47,0,0
6792,-3,0,0,0,283,282,0,0
6794,28,0,0,0,155,165,0,0
6796,-28,0,-1,-10,220,207,31,29
6799,-24.5,0,0.033,0,2450,2478,0,1
6803,-7,0,20,0,46,52,0,0
6804,-1,0,0,0,282,281,67,67
6805,364.77,-575.5,6.333,5.813,2320,2190,108,104
6806,-206,0,-0.719,0,5285,5327,505,502
6807,1,0,-1,0,185,184,0,0
6811,-38,0,0,1.302,390,370,0,0
6821,-1,0,0,0,386,388,0,0
6823,-41,0,0,0,,,,
6829,63,0,0,1.362,1099,1100,3,3
6830,123,0,-14,16.285,2247,2220,51,51
6831,103.05,0,0,0,,,,
6834,11,0,8,0,1704,1663,0,0
6835,-5,0,0,0,747,747,0,0
6838,88,0,-1,0,1643,1668,10,10
6840,3,0,0,0,208,205,0,0
6841,52,0,0,-0.427,2099,2147,1,1
6843,,,,,405,405,0,0
6846,8,0,0,0,,,,
6854,-45,0,0,5,5170,5231,7,5
6859,3,0,0,-0.23,852,865,3,3
6861,9,0,3,0.095,576,595,0,1
6862,-153.1,0,1,-29.356,1129,1080,4,2
6863,4,0,0.603,0,1227,1227,0,1
6865,-1,0,0,-2,758,758,0,0
6869,-34,0,-0.223,-1,3274,3269,41,40
6870,-8.99,0,2,-1.996,549,533,14,14
6873,35.852,0,0,13.797,4047,4041,25,25
6874,0,0,0,0,3,3,0,0
6875,-1,0,0,0.557,,,,
6877,90.1,0,0,2.134,6048,5867,10,9
6885,88,0,3,0,2179,2221,1,1
6887,0,0,0,0,349,347,0,0
6890,53,-21,-5,-1.013,3727,3789,73,67
6894,-11,0,0,0.01,66,74,0,0
6895,43,0,0,-6.6,1227,1263,215,205
6899,,,,,82,82,0,0
6901,217,0,0,0,2538,2457,8,6
6902,-1,0,0,0,368,366,0,0
6903,-36,0,-2,-1.953,1935,1875,22,37
6906,19,0,0,0,631,616,2,2
6909,-78,0,0,0,882,863,1,0
6910,-26,0,0,0,,,,
6913,33,-10,0,-2.058,1217,1223,5,9
6914,10,0,0,0,403,401,0,0
6916,-2,0,3,0,768,795,0,0
6918,4,0,0,0,9,8,0,0
6919,-32.85,-1,0,-13,,,,
6921,2,0,0,-3,,,,
6922,-15,0,0,-1.388,29,28,0,0
6923,-109,0,0.459,0.651,2601,2619,2,2
6924,4,0,-1,1,,,,
6925,-14,0,0,0,101,100,0,0
6928,-13,0,-1.2,0,990,970,11,11
6931,-3,0,0,0,285,274,0,0
6933,-18,0,0,0,669,655,6,6
6936,2,0,0,0,101,77,0,0
6937,-41,-1,0,-1.657,1542,1543,3,13
6944,159.164,-0.833,4,-0.559,1205,1156,6,5
6949,-15,0,0,51.983,3342,3356,340,312
6951,4,0,0,0,2,4,0,0
6952,2,0,0,0,38,38,0,0
6953,2,0,2,0,114,113,0,0
6955,0,0,0,1,,,,
6957,-38,0,0,45,1958,1954,4,4
6958,-3,0,0,0,69,69,0,0
6958A,0,0,-40,0,,,,
6962,-288,1,0,-12.296,8929,9057,99,89
6965,-8,0,0,0,66,63,0,0
6967,-30,0,0,0,276,279,2,2
6968,1,0,0,0,199,199,0,0
6971,7,0,0,0,,,,
6982,4,0,0,0,363,365,28,28
6988,1,0,-1,-2,,,,
6994,-97,0,-0.01,-4.142,1709,1716,97,97
6996,79,0,0,0,214,211,0,0
7402,22.008,120,0,-60.639,4803,4646,80,55
7547,14,0,0,0,,,,
7556,-3,0,0,0,38,43,0,0
7584,,,,,0,0,0,0
7610,19,0,0,-0.037,,,,
7631,0,0,0,-1,,,,
7642,16,0,0,0,13,14,0,0
7703,15,0,-0.462,-1.001,446,430,0,0
7704,-1,0,0,0,50,46,0,0
7705,6,0,1,0,100,105,0,0
7708,-1,0,0,0,,,,
7711,65,0,1,0,,,,
7712,-142,0,0,0,565,496,0,0
7713,-1,0,0,0,,,,
7714,-20,0,0.033,0,478,412,3,1
7715,2,0,0,0,91,90,0,0
7716,1,0,0,0,,,,
7717,-1,0,0,0,,,,
7718,-1,0,0,0,9,9,0,0
7721,-24,0,0,0,,,,
7722,20.611,0,0,0.954,587,585,0,0
7723,-22,0,0,0,79,79,0,0
7728,1,0,0,0,626,629,64,64
7730,15,0,0,-3,,,,
7732,,,,,4,4,0,0
7734,-1,0,0,-0.511,82,85,0,1
7736,-4,0,0,0,8,8,0,0
7738,46,0,0,0,,,,
7740,-6,0,0,1,165,151,1,1
7743,-1,0,0,0,,,,
7744,-6,0,0,-0.293,,,,
7749,43,0,0,-17.814,432,408,0,0
7750,28,0,0,0,,,,
7751,63,0,-3,2.039,,,,
7753,-1,0,0,0,,,,
7757,2,0,0,0,,,,
7765,-2,-1.913,0,0,,,,
7769,16.47,-96.152,0.872,-2,,,,
7770,-1,0,0,0,,,,
7777,130,0,0,-1.989,,,,
7780,32,0,0,0,,,,
7786,297,0,8.297,0,,,,
7788,-15,0,1,0,,,,
7791,15,0,0,0,,,,
7799,-22.9,0,5,0,,,,
7805,-7,0,0,0,,,,
7810,50.503,0,0,0,,,,
8011,-276,0,6,0,5238,5222,8,8
8016,-412.526,81.663,-6.581,0.185,1829,1784,3,2
8021,1948.841,344,132.942,0,14846,15607,0,90
8024,,,,,324,324,0,0
8027,-206.045,0,0,71.461,6928,7642,1017,1017
8028,672.057,208,36,-37.585,9373,9322,1364,1976
8032,-3,0,-6,-0.084,852,852,0,0
8033,2600.56,0,253.146,-6.485,11034,10495,982,790
8034,-450.975,0,-17,0,4107,4128,138,162
8038,66.037,0,0,-0.376,,,,
8039,-1741.05,-2,-141.057,-397.619,16824,16834,850,885
8040,16,0,0,0,812,811,6,6
8042,-203.2,0,19,-72.656,3740,3819,396,482
8043,207.5,0,-5,0.091,4188,4197,1842,1856
8044,115,0,0,-0.733,2839,2875,86,86
8045,-28,0,0.847,-0.514,5000,4995,3,5
8046,-592.195,203,-271.401,-176.512,12523,12549,1255,1276
8047,-3,0,0,0,17,17,0,0
8048,67,0,0,0,3014,3055,19,23
8049,-50,0,0,-0.003,419,494,0,0
8050,-78,0,0,-0.001,2992,2990,46,49
8054,-92.99,2,0,26.613,10428,10467,504,547
8059,-748,0,0,-2.984,0,0,0,0
8064,949,0,-3.839,14.045,6542,6671,387,501
8066,-3,0,0,-0.048,521,521,0,0
8068,-30,0,0,4,1797,1811,24,24
8069,-2051.79,-4.452,-18.997,62.967,7375,7120,91,70
8070,1373,-127,0,107.123,7692,7737,7,5
8071,-55.507,0,0,-0.419,2885,2894,11,10
8072,-52,0,0,0,2070,2076,2,2
8074,550,0,64,33.012,5944,5810,481,361
8076,-67,0,0,-4.091,9813,9886,2,2
8080,,,,,0,0,0,0
8081,-146,72,0,-4.928,1172,1172,1,0
8083,24,0,0,0,36,36,0,0
8084,-17,0,0,0,,,,
8085,-6,0,0,-0.001,2643,2694,57,57
8086,395,0,61.339,-3.517,3597,3852,83,81
8087,3,0,0,0,12,13,0,0
8088,3896.76,0,-32,37.105,6072,5704,540,313
8089,-32,0,0,0,3374,3361,360,345
8091,28,0,0,-0.002,535,545,1,1
8092,0,0,0,0,,,,
8093,,,,,0,0,0,0
8096,-1242.867,0,0,-322.543,13443,13729,139,154
8097,-16,0,0,0.003,10129,10125,163,163
8099,-27,0,0,0,9360,9353,14,14
8101,,,,,0,0,0,0
8103,480.535,0,84.679,0,6298,5911,37,23
8104,-29,0,0,0,4094,4096,14,15
8105,-214.1,0,-12,0,10689,10835,2415,2385
8107,1,0,0,-0.001,2507,2516,8,8
8109,30,0,0,0,662,678,0,0
8110,2213.05,0,-1.917,-330.832,19381,19737,7366,7615
8111,-60.09,0,0,-29.666,12334,12241,431,527
8112,-218.57,-140.162,-302.488,-1123.558,26884,26090,930,1082
8112A,0,1,0,0,,,,
8114,-522.12,0,0.175,4.733,1269,1179,7,7
8121,-63,0,0,1.309,0,0,0,0
8131,-15.71,0,9.393,28.292,7866,8769,670,651
8147,-14,0,-4,-12.019,794,813,0,0
8150,393.005,0,-31.435,-244.797,13009,13634,356,393
8155,-386,0,76,-0.406,5251,5186,870,903
8162,11,0,0,0.855,59,59,0,0
8163,-206,-7.71,1.851,0,1591,1626,2,2
8171,97,0,0,0,8418,8420,80,81
8176,0,0,0,-0.029,0,0,0,0
8182,0,0,0,0,762,758,3,3
8183,-207,0,0,-1.617,2110,2074,2,2
8201,-2,0,-1,0,0,0,0,0
8210,-545.971,-118,0,10.537,2030,2384,226,246
8213,-195,0,3,0,2581,2559,9,9
8215,-433,0,-6,0,1624,1879,22,42
8222,24.998,0,0,0,4665,4574,14,15
8227,-99,-5,0,-8.57,2532,2511,1,2
8234,-279,0,0,-1.981,4979,4992,98,102
8240,105,0,0,1.907,2756,2404,37,68
8249,-323,0,0,-0.126,4560,4515,33,37
8255,26,0,-0.04,-1.576,1839,1808,1,1
8261,-595.5,1,-68.253,-5.237,4728,4671,35,62
8271,1530.539,-1,3.195,-5.594,7026,7888,627,526
8277,1,0,0,-0.58,0,0,0,0
8279,-4,0,0,0,73,70,0,0
8284,,,,,17,17,0,0
8289,0,0,0,0,2047,2051,0,0
8299,37.801,14,29.98,33.439,12922,13108,319,404
8341,33,0,-0.646,0,273,273,0,0
8342,0,0,0,0,0,0,0,0
8349,-34,0,0,0,1612,1582,3,3
8354,5,0,0,0,4044,3969,0,0
8358,-2479.718,350,-807.35,-509.664,22577,22249,4590,4373
8367,3,0,1,0,52,53,0,0
8374,-29.99,0,11,-3.677,2331,2325,137,167
8383,32,0,0,-0.431,2255,2246,1,1
8390,-149,0,-0.108,-27.063,2889,2892,63,65
8401,0,0,0,0,243,254,0,0
8403,12,0,0,0,720,734,2,2
8404,181,-2,0,0,4398,4386,113,113
8409,0,0,0,0,,,,
8410,-11,0,0,0,1482,1470,6,6
8411,0,0,0,0,38,38,0,0
8415,-40,0,-17,-0.17,828,833,0,0
8421,-7,0,0,0,625,621,0,0
8422,-33683.255,-1214,-768,30.293,39875,52802,24115,23998
8423,-1,0,-0.009,0,406,406,0,0
8424,,,,,0,0,0,0
8426,-4,0,0,0,900,885,0,0
8429,0,0,0,0,10752,10712,1,1
8431,900,0,14,-0.389,6973,6990,510,483
8432,14,0,0,0,127,99,0,0
8433,-1,0,0,0,177,177,0,0
8435,-2,0,0,0,30,30,0,0
8436,34,73.326,16,14.924,1730,1744,1,1
8437,3,0,0,0,440,436,2,2
8438,29,0,0,0,3514,3215,306,208
8440,1,0,0,0.028,1026,1037,0,0
8442,-6,0,2,0,1068,1068,0,0
8443,-2,0,0,0,62,62,0,0
8444,1,0,0,0,346,346,0,0
8446,33,0,0,0,261,258,0,0
8450,1,0,0,0,299,299,1,1
8454,-162.827,0,0,0,819,784,9,10
8462,65,0,0,0,898,896,9,8
8463,2,0,0,0,431,420,0,0
8464,161.61,-1.834,7,-6.386,164,169,5,5
8466,11,0,0,0,1353,1355,0,0
8467,-7,0,0,-0.01,541,544,3,2
8472,0,0,0,0.105,,,,
8473,-3,0,1,0,1993,1984,3,3
8476,55,0,-1,0,7647,7648,0,0
8477,,,,,0,0,0,0
8478,10,0,0,-2,1161,1174,21,21
8481,4,0,0,0,5,5,0,0
8482,1,0,0,0,229,229,0,0
8487,1,0,0,0.123,0,0,0,0
8488,,,,,18,18,0,0
8489,-16,0,0,0.113,3673,3654,85,85
8499,-20,0,0.825,2.191,589,598,8,9
8905,1,0,0,0,21,16,0,0
8906,-5,0,0,0,217,216,0,0
8908,1,0,0,0,56,56,0,0
8916,25,0,-18,0,122,126,0,0
8917,,,,,3,3,0,0
8923,,,,,308,308,0,0
8924,5,0,0,0.008,342,340,0,0
8926,104,0,-0.2,0,2115,2146,1,1
8927,146,0,0,0,5590,5605,22,12
8928,-5,0,0,0,628,629,0,0
8929,0,0,0,0,327,327,0,0
8930,3,0,0,0.051,771,789,0,0
8931,-2,0,0,0,5893,5891,1,0
8932,160.015,0,0,-20.357,17509,17496,26,26
8933,5,0,0,0.475,0,0,0,0
8935,-76,0,0,-0.064,0,0,0,0
8936,-154,0,-13,0.683,11943,11995,4,6
8937,24,0,0,-3,6963,6961,50,50
8938,102,0,-0.503,0,753,746,2,2
8940,1,0,0,0,70,75,0,0
8941,0,0,0,0,21,21,0,0
8942,-11,0,0,0,496,493,9,9
8996,838.189,1,108.889,16,6892,7114,568,572
9103,132,0,0,0,3145,3184,10,10
910322,-4,0,0,0,0,0,0,0
9105,-7649,0,0,-0.846,54763,54198,492,1409
910861,11,0,0,0,0,0,0,0
911868,107,0,0,0,0,0,0,0
912000,205,0,0,0,5931,5896,4,1
9136,-46,0,0,0,9365,9245,50,67
9802,-345,-100,-0.495,30.587,3314,3246,27,27
9902,112,0,-0.001,0,3035,3034,7,2
9904,217.577,-1155.994,-73.065,-18.344,15493,15680,89,90
9905,0,0,0,0,112,112,0,0
9906,41.588,0,0,0,508,523,46,46
9907,3041,401.43,-2,-4,5288,5509,1,1
9908,-17,0,0,0,39,40,0,0
9910,737.741,-14.358,-45.797,-1,559,592,10,26
9911,-30,-1,0.481,0,388,388,0,0
9912,-9,0,0,0,0,0,0,0
9914,606,0,-2.359,10.518,3496,3482,124,110
9917,271.76,-60,15,0,95,103,0,0
9918,2,0,0,0,123,123,0,0
9919,68,0,0,0,9749,9690,29,29
9921,-66.58,0,-0.017,1.285,1526,1525,167,168
9924,-28,-1.789,7,0,612,612,0,0
9925,0,0,2,0,14,14,0,0
9926,1,0,0,0,1,1,0,0
9927,3,0,0,0,72,77,0,0
9928,0,0,-1,0,347,394,0,0
9929,,,,,0,0,0,0
9930,6,0,0,0,20,20,0,0
9931,,,,,17,16,0,0
9933,357,-9,-3.093,0,5010,5013,21,18
9934,32,0,0,0,4717,4774,4,4
9935,-6.523,0,0,0,1328,1357,4,5
9937,-18,0,-1,0,402,401,0,0
9938,353,-400,8,18.55,3430,3381,9,9
9939,122,-75,39.484,40,747,722,4,4
9940,74,0,0,0,714,715,0,0
9941,-453,-42,0.338,1,1179,1165,4,11
9942,19,0,0,0,142,146,0,0
9943,10,0,0,0,89,89,0,0
9944,,,,,5815,5815,0,0
9945,-4565.2,0,-20.21,-6.121,24486,23914,11,11
9946,5,0,0,0,2337,2339,0,0
9949,8,0,0,0,4801,4773,3,3
9950,0,0,0,0,0,0,0,0
9951,8,0,0,-0.003,290,290,0,0
9955,-362,0,0,0,1429,1398,74,90
9958,-246,-2,24.562,-9.176,13995,14100,66,65
9960,15,0,0,0.112,109,129,0,0
9962,-3,0,-3,0,462,480,0,0
