code,fgn,inv,dlrSelf,dlrHedge,mgn,mgnPrev,shrt,shrtPrev
00400A,15966.4,0,-150,-6048.345,,,,
00401A,1174,0,0,983.355,,,,
00402A,-59.985,0,0,8478.178,,,,
00403A,150917.57,0,0,159715.415,,,,
00404A,9274,0,198,10173.842,,,,
00405A,72355.49,0,-200,62682.154,,,,
00406A,128492.101,0,0,-1921.363,,,,
00407A,25745.371,0,0,28874.087,,,,
00408A,-32,0,0,2130.3,,,,
00409A,19343,0,0,6939.108,,,,
00410A,2723,0,-14,-1765.749,,,,
00411A,1388,0,0,-99.585,,,,
0050,19566.308,2100,-150.657,2539.67,,,,
0051,0,0,1,41.193,,,,
0052,5241.583,0,-868,-2636.592,,,,
0053,2,0,0,-61.09,,,,
0055,-65.676,0,-47,-211.739,,,,
0056,-5745.023,210,4000,-8050.977,,,,
0057,0.003,0,0,2.516,,,,
0061,23,0,0,-90.879,,,,
006201,-1.006,0,0,-26.142,,,,
006203,0,0,0,13.744,,,,
006204,0,0,0,0.188,,,,
006205,-2,103,0,-114.748,,,,
006206,0,0,0,-0.848,,,,
006207,3.428,0,0,-17.573,,,,
006208,583.006,-522,137,258.268,,,,
00631L,1971.467,0,1957.032,105593.053,,,,
00632R,56,0,600,-57987.764,,,,
00633L,0,0,0,-397.619,,,,
00634R,0,0,0,73,,,,
00635U,-258.495,0,22,-1971.158,,,,
00636,-1,0,0,21.802,,,,
00637L,-113,0,0,-1929.28,,,,
00638R,0,0,0,131.4,,,,
00639,8,0,0,-58.933,,,,
00640L,1,0,0,31.042,,,,
00641R,0,0,0,114.1,,,,
00642U,44.045,0,0,-658.972,,,,
00643,-11,0,0,-31.704,,,,
00645,0.016,68,0,-55.452,,,,
00646,-0.965,261,0,-1195.615,,,,
00647L,-1,0,0,-29.281,,,,
00648R,0,0,0,5037.8,,,,
00650L,-154,0,0,-940.46,,,,
00651R,2,0,0,14.4,,,,
00652,-18,0,5,-41.503,,,,
00653L,27,0,0,-78.128,,,,
00654R,0,0,0,82,,,,
00655L,-27,0,0,-155.207,,,,
00656R,-2,0,0,8.2,,,,
00657,0,0,0,8.098,,,,
00660,0,0,0,0,,,,
00661,0,0,0,35.1,,,,
00662,-470.573,64,-371,-4394.784,,,,
00663L,408.09,0,0,4082.081,,,,
00664R,10,0,80,-2195.262,,,,
00665L,931,0,0,-2065.005,,,,
00666R,-1,0,0,55,,,,
00668,0,0,0,-18.52,,,,
00669R,0,0,0,-542.1,,,,
00670L,-5.005,0,0,-0.792,,,,
00671R,0,0,0,1713.848,,,,
00673R,67,0,0,10126.143,,,,
00674R,0,0,0,79.92,,,,
00675L,1.01,0,651,123.49,,,,
00676R,77,0,0,-498.471,,,,
00678,-3,0,0,-28.383,,,,
00679B,-2025.75,0,-1300,-6075.854,,,,
00680L,1022,0,200,-1854.86,,,,
00681R,650,0,0,-373.09,,,,
00682U,0,0,0,0.977,,,,
00683L,43,0,0,13.087,,,,
00684R,0,0,0,3.67,,,,
00685L,730.7,0,-737,81124.025,,,,
00686R,10,0,0,206.5,,,,
00687B,274.7,0,-250,-1936.474,,,,
00687C,0,0,0,0,,,,
00688L,1,0,0,1474.032,,,,
00689R,0,0,0,-0.12,,,,
00690,-3,0,0,275.906,,,,
00692,294.012,0,0,-70.037,,,,
00693U,-20,0,0,700.018,,,,
00694B,-13,553,0,-611.348,,,,
00695B,1,0,0,-183.793,,,,
00696B,8,757,-250,-912.031,,,,
00697B,-11,0,0,-963.213,,,,
00700,-455.94,0,0,516.399,,,,
00701,154.255,0,0,-224.124,,,,
00702,0.053,0,0,-2.65,,,,
00703,0,0,0,6.511,,,,
00706L,0,0,0,22.085,,,,
00707R,0,0,0,2,,,,
00708L,-172.9,0,0,-3152.838,,,,
00709,0,0,0,-16.885,,,,
00710B,1,0,0,-26.877,,,,
00711B,-8,0,0,11.018,,,,
00712,9740.342,0,21,-18925.515,,,,
00713,297.576,135,0,-1085.005,,,,
00714,-0.9,0,0,2.489,,,,
00715L,187,0,0,-87.049,,,,
00717,16,0,0,0,,,,
00719B,-396.93,0,0,-2548.641,,,,
00720B,18.199,0,0,-1018.343,,,,
00722B,-39,0,5,-1057.577,,,,
00723B,-1,0,0,-39,,,,
00724B,-55,0,0,-328.404,,,,
00725B,35,0,0,-1919.428,,,,
00726B,0,0,0,-40.47,,,,
00727B,0,0,0,-26.694,,,,
00728,201,0,0,-147.283,,,,
00730,65,0,0,60.817,,,,
00731,11,0,0,12.774,,,,
00733,136.08,0,0,117.697,,,,
00734B,-1,0,0,0,,,,
00735,768.1,0,0,485.901,,,,
00736,0,0,0,-3,,,,
00737,0,0,0,-51.121,,,,
00738U,41.061,0,0,307.636,,,,
00739,-1,0,0,5.871,,,,
00740B,-9,0,10,-273.676,,,,
00741B,0,0,0,66.05,,,,
00746B,3,0,0,-62.184,,,,
00749B,-1,0,0,1,,,,
00750B,0,0,0,0,,,,
00751B,-197.003,0,0,-2317.347,,,,
00752,-44,0,14,-123.452,,,,
00753L,-2642,0,0,-11948.602,,,,
00754B,0,0,0,-42.032,,,,
00755B,1,0,0,-3.491,,,,
00756B,-100,0,0,42.172,,,,
00757,-21.412,0,-1,-184.146,,,,
00758B,0,0,0,0,,,,
00759B,0,0,0,-0.08,,,,
00760B,-5,0,0,-1.579,,,,
00761B,0,0,0,-33.198,,,,
00762,-10,0,50,-114.868,,,,
00763U,-10,0,0,-161.601,,,,
00764B,-368,0,0,359.771,,,,
00768B,179,0,0,168.96,,,,
00770,0,0,0,25.081,,,,
00771,0,0,0,-3.077,,,,
00772B,-26,0,0,135.386,,,,
00773B,13,0,0,9.846,,,,
00775B,0,0,0,-3,,,,
00777B,0,0,0,-11,,,,
00778B,0,0,0,-3,,,,
00779B,0,0,0,52,,,,
00780B,2,0,0,-2.221,,,,
00781B,0,0,0,-30.768,,,,
00782B,5,0,0,-384.64,,,,
00783,0,0,0,-0.958,,,,
00785B,0,0,0,-1.303,,,,
00786B,-1,0,0,59.509,,,,
00787B,0,0,0,-1.516,,,,
00788B,0,0,0,-0.032,,,,
00789B,0,0,0,-0.13,,,,
00791B,0,0,0,0,,,,
00792B,0,0,0,-10.5,,,,
00795B,201.08,0,-284,-1104.986,,,,
00799B,2,0,0,-49.683,,,,
00830,1432.744,0,-194,-159.353,,,,
00834B,0,0,0,0,,,,
00836B,0,0,0,-2,,,,
00840B,0,0,0,0,,,,
00841B,0,0,0,1,,,,
00842B,0,0,0,-134,,,,
00844B,0,0,0,-0.15,,,,
00845B,0,0,0,-1.169,,,,
00846B,0,0,0,-4.17,,,,
00848B,0,0,0,3.974,,,,
00849B,8,0,0,-6.069,,,,
00850,55,0,0,220.86,,,,
00851,-1,0,0,0,,,,
00852L,0,0,0,-89.499,,,,
00853B,0,0,0,-4.14,,,,
00856B,-1,0,0,-9,,,,
00857B,27,0,0,249.485,,,,
00858,3,0,0,-42.668,,,,
00859B,-156,0,0,-367.628,,,,
00860B,0,0,0,-1.178,,,,
00861,188,0,0,0.256,,,,
00862B,0,0,0,-8.052,,,,
00863B,0,0,0,-5.299,,,,
00864B,-341,0,0,-374.883,,,,
00865B,-2630.3,0,0,-3777.069,,,,
00867B,0,0,0,-1.559,,,,
00870B,-45,0,0,40,,,,
00875,-1.996,0,0,-25.539,,,,
00876,219,0,90,38.576,,,,
00877,27,0,5,-393.305,,,,
00878,564.797,0,0,-3139.358,,,,
00881,17528.59,0,-999,7049.018,,,,
00882,1.068,0,9,533.708,,,,
00884B,-11,0,0,10.858,,,,
00885,-140,0,0,-216.227,,,,
00886,0,0,0,-0.309,,,,
00887,64,0,0,719.182,,,,
00888,487.52,0,-111.344,678.612,,,,
00890B,0,0,0,-4,,,,
00891,2306,0,37,-1673.614,,,,
00892,544.1,0,67,1871.844,,,,
00893,114.01,0,-10,491.272,,,,
00894,678.191,0,0,106.583,,,,
00895,110.973,0,0,53.303,,,,
00896,10582.7,0,0,5739.523,,,,
00897,-104,0,0,-320.323,,,,
00898,-6,0,0,48.585,,,,
00899,0,0,0,21.57,,,,
00900,3282.215,0,0,1369.84,,,,
00901,672,0,0,-600.805,,,,
00902,220,0,0,-278.62,,,,
00903,0,0,0,75.026,,,,
00904,28,0,-91,-2207.985,,,,
00905,666,0,0,1462.068,,,,
00907,58.107,0,0,-664.217,,,,
00908,-34,0,0,42.328,,,,
00909,105.02,0,41,-582.601,,,,
00910,97,0,0,181,,,,
00911,-0.015,0,0,156.198,,,,
00912,13.04,0,0,-781.587,,,,
00913,-44.268,0,0,-90.981,,,,
00915,837,0,0,-400.011,,,,
00916,-9,0,0,128.608,,,,
00917,-69.955,0,0,-1111.996,,,,
00918,3433.45,0,0,-1244.498,,,,
00919,-263.499,0,-780,-18251.364,,,,
00920,5.039,0,0,104.751,,,,
00921,60,0,0,337.355,,,,
00922,1222.611,0,-402.648,108.851,,,,
00923,2952,1000,62,3257.911,,,,
00924,-4.788,0,0,-286.942,,,,
00926,0.045,0,0,52.146,,,,
00927,-2305.43,0,-208,-36086.094,,,,
00928,-54.1,0,0,660.73,,,,
00929,480.629,0,0,-442.658,,,,
00930,323,0,0,1346.852,,,,
00931B,12,0,0,-261.223,,,,
00932,14,0,0,352.491,,,,
00933B,83.052,0,0,-2153.166,,,,
00934,-715,0,0,-4607.203,,,,
00935,1081.734,-432,0,4227.758,,,,
00936,293,0,0,23.901,,,,
00937B,-12435.339,0,0,-7385.561,,,,
00938,-8,0,0,166.964,,,,
00939,869,0,-100,1164.345,,,,
00940,2600.071,0,0,4747.858,,,,
00941,153,0,0,868.64,,,,
00942B,0,0,0,184.874,,,,
00943,-695.5,0,0,-974.407,,,,
00944,-49,0,0,22.629,,,,
00945B,-1.604,0,0,-502.154,,,,
00946,205,0,0,653.138,,,,
00947,4548.186,-6950,0,2227.666,,,,
00948B,-10,0,0,-312.11,,,,
00949,-17,0,0,245.522,,,,
00950B,-2,0,0,-2687.846,,,,
00951,275.049,0,0,1448.751,,,,
00952,195.5,0,0,609.512,,,,
00953B,26,0,0,-25732.675,,,,
00954,-10,0,0,-2715.739,,,,
00955,18,0,0,690.366,,,,
00956,20,0,0,-264.598,,,,
00957B,2,0,0,-12.203,,,,
00958B,0,0,0,-164.951,,,,
00959B,-20,0,0,-472.142,,,,
00960,108.015,0,0,-109.252,,,,
00961,13980.3,0,0,20104,,,,
00962,-38.349,0,0,-6311.403,,,,
00963,336,0,0,-1720.682,,,,
00964,78,0,0,-1753.124,,,,
00965,181,0,0,734.282,,,,
00966B,-3,0,0,104.524,,,,
00967B,0,0,0,233.816,,,,
00968B,-9,0,0,-40.936,,,,
00969B,-114,0,0,211.398,,,,
00970B,15,0,0,-95.354,,,,
00971,0,0,0,-90.645,,,,
00972,0,0,0,-18.901,,,,
009800,-22.791,0,0,-404.807,,,,
009801,-2,0,0,367.478,,,,
009802,-49,0,-31,4704.811,,,,
009803,1373.75,0,0,1875.567,,,,
009804,1458,0,6,1108.993,,,,
009805,-1016.086,0,20,-3207.469,,,,
009806,0,0,0,-2.754,,,,
009807,0,0,0,46.297,,,,
009808,48,0,0,41.551,,,,
009809,-1,0,0,-11.05,,,,
00980A,9035.05,0,107,-5871.314,,,,
00980B,0,0,0,-240.029,,,,
00980D,1,0,0,9.14,,,,
00980T,0,0,0,30.047,,,,
009810,-1,0,0,20.423,,,,
009811,21,0,0,244.614,,,,
009812,-5,0,0,91.196,,,,
009813,8.52,0,0,1127,,,,
009814,-3,40,0,-940.86,,,,
009815,27.7,0,0,-315.586,,,,
009816,13753.833,0,479,443.581,,,,
009817,-486,0,0,-558.851,,,,
009818,-2,0,0,-22.047,,,,
009819,2843,0,0,-1459.804,,,,
00981A,110265.075,550,-507,53056.399,,,,
00981B,20.127,0,0,304.336,,,,
00981D,42,0,0,1896.321,,,,
00981T,24,0,0,-449.719,,,,
009820,-81.552,0,0,7838.968,,,,
009821,-71,0,0,-4572.735,,,,
009822,0,0,0,-13.144,,,,
009823,-34,0,0,-656.097,,,,
009824,-288,0,0,514.146,,,,
009825,-2,0,0,201.785,,,,
009826,-0.85,0,0,-6518.057,,,,
009827,33,0,0,699,,,,
009828,-7168.969,0,250,-24153.193,,,,
009829,3350,0,-20,-1489.304,,,,
00982A,15886.05,0,135,10530.079,,,,
00982B,0,0,0,-0.1,,,,
00982D,0,0,0,225.406,,,,
00982T,0,0,0,449.596,,,,
00983A,1524,0,0,-1090.298,,,,
00983B,-8,0,0,352.457,,,,
00983D,6,0,0,-160.65,,,,
00984A,2441,0,-107,2831.203,,,,
00984B,-19,0,0,-10.049,,,,
00984D,-669,0,0,-5676,,,,
00985A,369.252,0,-10,-42792.737,,,,
00985B,-97,0,0,-12393.15,,,,
00985D,-13,0,0,-1243.632,,,,
00986A,25,0,0,144.154,,,,
00986B,0,0,0,-17.004,,,,
00986D,-13,0,0,110.822,,,,
00987A,2338,0,0,2048.508,,,,
00987B,18,0,0,-251.544,,,,
00987D,0,0,0,-137.503,,,,
00988A,17564.945,0,0,9580,,,,
00988B,-1,0,0,169.424,,,,
00989A,1,0,0,738.475,,,,
00989B,36,0,0,-535.589,,,,
00990A,3083.67,0,0,6872.314,,,,
00990B,-1,0,0,-1234.199,,,,
00991A,87616.021,0,554,33381.073,,,,
00991B,0,0,0,-84.889,,,,
00992A,5485.768,300,140,-2854.311,,,,
00993A,6072,0,0,2487.93,,,,
00994A,10139.483,0,0,463.802,,,,
00995A,3921.1,0,0,-1029.654,,,,
00996A,-5180,0,-249,-4219.281,,,,
00997A,4711.05,0,0,3732.542,,,,
00998A,328.65,0,0,-8243.375,,,,
00999A,14443,0,0,3808.607,,,,
01007T,-1,0,0,0,,,,
01009T,11,0,0,0,,,,
01010T,-2,0,0,0,,,,
02001L,0,0,0,24,,,,
020020,0,0,0,4,,,,
020025,0,0,0,217,,,,
020028,0,0,0,46,,,,
020029,0,0,0,3,,,,
020030,0,0,0,31,,,,
020031,0,0,0,40,,,,
020033,0,0,0,-16,,,,
020034,0,0,0,45,,,,
020035,0,0,0,1,,,,
020036,0,0,0,-1,,,,
020037,0,0,0,-28,,,,
020038,0,0,0,1,,,,
020039,0,0,0,8,,,,
020041,0,0,0,121,,,,
030001,0,0,0,-160,,,,
030005,0,0,0,-4,,,,
030015,0,0,0,-20,,,,
030018,0,0,0,-17,,,,
030019,0,0,0,-5,,,,
030021,0,0,0,-72,,,,
030023,0,0,0,-192,,,,
030024,0,0,0,-185,,,,
030026,0,0,0,-10,,,,
030027,0,0,0,-22,,,,
030028,0,0,0,-4,,,,
030032,0,0,0,-78,,,,
030037,0,0,0,-84,,,,
030038,0,0,0,-130,,,,
030039,0,0,0,-25,,,,
030042,0,0,0,-1,,,,
030043,0,0,0,-10,,,,
030044,0,0,0,-1,,,,
030045,0,0,0,-10,,,,
030051,0,0,0,-50,,,,
030052,0,0,0,-1,,,,
030053,0,0,0,-5,,,,
030056,0,0,0,-100,,,,
030058,0,0,0,-18,,,,
030061,0,0,0,-90,,,,
030062,0,0,0,-46,,,,
030064,0,0,0,-10,,,,
030065,0,0,0,-31,,,,
030069,0,0,0,-1,,,,
03006T,0,0,0,2,,,,
030077,0,0,0,-5,,,,
030093,0,0,0,-5,,,,
030096,0,0,0,-10,,,,
030100,0,0,0,-5,,,,
030103,0,0,0,-17,,,,
030104,0,0,0,-2,,,,
03011T,0,0,0,-4,,,,
030169,0,0,0,1,,,,
030174,0,0,0,13,,,,
03024T,0,0,0,-41,,,,
030251,0,0,0,40,,,,
03026T,0,0,0,70,,,,
03045T,0,0,0,-7,,,,
03050T,-10,0,0,308,,,,
03055T,0,0,0,-105,,,,
03056T,0,0,0,112,,,,
030573,4,0,0,-19,,,,
03057T,0,0,0,-5,,,,
030580,0,0,0,3,,,,
030609,0,0,0,5,,,,
03069T,0,0,0,10,,,,
03074T,0,0,0,503,,,,
03077T,0,0,0,-5,,,,
030793,0,0,0,-4,,,,
03092T,0,0,0,-7,,,,
03094T,0,0,0,-20,,,,
030967,0,0,0,2,,,,
03098T,0,0,0,-10,,,,
03101T,0,0,0,-1,,,,
031074,0,0,0,12,,,,
03115T,0,0,0,-10,,,,
03116T,0,0,0,-465,,,,
03118T,0,0,0,30,,,,
03121T,0,0,0,12,,,,
03125T,0,0,0,67,,,,
031266,0,0,0,15,,,,
031272,0,0,0,1,,,,
031273,0,0,0,-3,,,,
031274,0,0,0,-10,,,,
031288,0,0,0,11,,,,
031289,0,0,0,3,,,,
031308,0,0,0,99,,,,
03130T,0,0,0,-50,,,,
031316,0,0,0,5,,,,
031321,0,0,0,12,,,,
03132T,0,0,0,29,,,,
03148T,0,0,0,-191,,,,
03149T,0,0,0,-1,,,,
031526,0,0,0,1,,,,
03159T,0,0,0,-53,,,,
03160T,0,0,0,14,,,,
03161T,0,0,0,-2,,,,
03163T,0,0,0,0,,,,
031643,0,0,0,-890,,,,
03170T,0,0,0,1,,,,
03172T,0,0,0,918,,,,
031730,0,0,0,1,,,,
03173T,0,0,0,-20,,,,
03176T,0,0,0,1,,,,
03177T,0,0,0,-100,,,,
03178T,0,0,0,585,,,,
03179T,0,0,0,-215,,,,
03180T,0,0,0,1,,,,
03181T,0,0,0,440,,,,
031834,0,0,0,1,,,,
03183T,0,0,0,-100,,,,
03185T,0,0,0,-21,,,,
03188T,0,0,0,-85,,,,
03191T,0,0,0,130,,,,
03193T,0,0,0,-220,,,,
03194T,0,0,0,-1,,,,
03195T,0,0,0,101,,,,
03198T,0,0,0,-41,,,,
03206T,0,0,0,-208,,,,
032075,0,0,0,226,,,,
03211T,0,0,0,0,,,,
03212T,0,0,0,1,,,,
03213T,0,0,0,-74,,,,
03214T,0,0,0,125,,,,
03218T,0,0,0,770,,,,
03221T,0,0,0,10,,,,
03227T,0,0,0,-29,,,,
03228T,0,0,0,-3,,,,
03229T,0,0,0,-2,,,,
03230T,0,0,0,44,,,,
03232T,0,0,0,-10,,,,
03233T,0,0,0,0,,,,
03234T,0,0,0,-4,,,,
03235T,0,0,4,6,,,,
032388,0,0,0,46,,,,
03238T,0,0,0,0,,,,
03240T,0,0,0,10,,,,
03248T,0,0,0,110,,,,
03250T,0,0,0,30,,,,
03255T,0,0,0,-10,,,,
032566,0,0,0,11,,,,
03256T,0,0,0,-1,,,,
03257T,0,0,0,195,,,,
03259T,0,0,0,2,,,,
03262T,0,0,0,2,,,,
03264T,0,0,0,381,,,,
03265T,0,0,0,-1277,,,,
03268T,0,0,0,25,,,,
03269T,0,0,0,32,,,,
03270T,0,0,0,1001,,,,
03275T,0,0,0,-43,,,,
03276T,0,0,0,-10,,,,
03277T,0,0,0,20,,,,
03285T,0,0,0,-6,,,,
032908,0,0,0,-11,,,,
032910,0,0,0,2,,,,
03291T,0,0,0,-70,,,,
03292T,0,0,0,55,,,,
03293T,0,0,0,10,,,,
032942,-60,0,0,-202,,,,
032944,0,0,0,1614,,,,
032951,0,0,0,131,,,,
032956,0,0,0,37,,,,
032958,0,0,0,-19,,,,
032960,0,0,0,-10,,,,
03301T,0,0,0,20,,,,
03304T,0,0,0,-203,,,,
03305T,0,0,0,89,,,,
03312T,0,0,0,1,,,,
03319T,0,0,0,-1,,,,
03322T,0,0,0,-10,,,,
03328T,0,0,0,6,,,,
03336T,0,0,0,25,,,,
03338T,0,0,0,107,,,,
03339T,0,0,0,-101,,,,
03342T,0,0,0,1,,,,
03351T,0,0,0,100,,,,
03352T,0,0,0,1,,,,
03353T,0,0,0,94,,,,
033550,0,0,0,10,,,,
033552,0,0,0,103,,,,
033555,0,0,0,-13,,,,
033556,0,0,0,13,,,,
033569,0,0,0,-601,,,,
03356T,0,0,0,-11,,,,
033571,0,0,0,5,,,,
033588,0,0,0,-2,,,,
03358T,0,0,0,-20,,,,
033592,0,0,0,6,,,,
033593,0,0,0,54,,,,
03360T,0,0,0,363,,,,
033611,0,0,0,1,,,,
03361T,0,0,0,-501,,,,
03362T,0,0,0,-26,,,,
033635,0,0,0,100,,,,
03364T,0,0,0,170,,,,
033656,0,0,0,13,,,,
03370T,0,0,0,-101,,,,
03371T,0,0,0,6,,,,
03372T,0,0,0,-10,,,,
03373T,0,0,0,180,,,,
03374T,0,0,0,-2,,,,
03375T,0,0,0,-74,,,,
03379T,0,0,0,10,,,,
033853,0,0,0,0,,,,
03388T,0,0,0,2,,,,
03389T,0,0,0,28,,,,
033942,0,0,0,20,,,,
033943,0,0,0,1,,,,
033944,0,0,0,-1,,,,
033950,0,0,0,40,,,,
033953,0,0,0,-50,,,,
03395T,0,0,0,-3,,,,
033969,0,0,0,78,,,,
03396T,0,0,0,-46,,,,
033970,0,0,0,4,,,,
03399T,0,0,0,90,,,,
03401T,0,0,0,-77,,,,
03403T,0,0,0,2,,,,
03410T,0,0,0,-70,,,,
03411T,0,0,0,245,,,,
03415T,0,0,0,-5,,,,
03417T,0,0,0,21,,,,
03418T,0,0,0,305,,,,
03419T,0,0,0,3,,,,
03421T,0,0,0,-81,,,,
03424T,0,0,0,64,,,,
03427T,0,0,0,36,,,,
03428T,0,0,0,56,,,,
03429T,0,0,0,-200,,,,
03430T,0,0,0,-100,,,,
03431T,0,0,0,-398,,,,
03432T,0,0,0,54,,,,
03434T,0,0,0,-2,,,,
03444T,0,0,0,-14,,,,
03445T,0,0,0,130,,,,
03446T,0,0,0,-6,,,,
03449T,0,0,0,-555,,,,
03450T,0,0,0,-70,,,,
03453T,0,0,0,60,,,,
03455T,0,0,0,10,,,,
03456T,0,0,0,-148,,,,
03457T,0,0,0,98,,,,
03460T,0,0,0,-20,,,,
03464T,0,0,0,-4,,,,
03465T,0,0,0,458,,,,
03466T,0,0,0,-509,,,,
03467T,0,0,0,-10,,,,
03468T,0,0,0,-20,,,,
03469T,0,0,0,-20,,,,
03470T,0,0,0,-50,,,,
03471T,0,0,0,-10,,,,
03472T,0,0,0,23,,,,
03474T,0,0,0,-58,,,,
03475T,0,0,0,30,,,,
03476T,0,0,0,-7,,,,
03478T,0,0,0,-314,,,,
03479T,0,0,0,16,,,,
03480T,0,0,0,8,,,,
03481T,0,0,0,8,,,,
03483T,0,0,0,126,,,,
03486T,0,0,0,10,,,,
03489T,0,0,0,-4,,,,
03490T,0,0,0,1,,,,
03495T,0,0,0,35,,,,
03501T,0,0,0,4,,,,
03503T,0,0,0,-20,,,,
035081,0,0,0,-5,,,,
03508T,0,0,0,1,,,,
035098,0,0,0,3,,,,
03509T,0,0,0,8,,,,
03510T,0,0,0,-10,,,,
03511T,0,0,0,-50,,,,
03515T,0,0,0,-66,,,,
03518T,0,0,0,-2,,,,
03519T,0,0,0,-7,,,,
03520T,0,0,0,215,,,,
03521T,0,0,0,-96,,,,
03525T,0,0,0,18,,,,
03528T,0,0,0,-15,,,,
03530T,0,0,0,-450,,,,
035325,0,0,0,55,,,,
035347,0,0,0,-11,,,,
03537T,0,0,0,-524,,,,
035382,0,0,0,-100,,,,
03539T,0,0,0,-100,,,,
03540T,0,0,0,-100,,,,
03541T,0,0,0,-26,,,,
03542T,0,0,0,-40,,,,
03548T,0,0,0,-224,,,,
03552T,0,0,0,129,,,,
03553T,0,0,0,-31,,,,
03554T,0,0,0,-2,,,,
03558T,0,0,0,-499,,,,
03560T,0,0,0,-1,,,,
03562T,0,0,0,56,,,,
03563T,0,0,0,14,,,,
03564T,0,0,0,60,,,,
03566T,0,0,0,-20,,,,
03568T,0,0,0,-100,,,,
03570T,0,0,0,83,,,,
03572T,0,0,0,-5,,,,
035742,0,0,0,21,,,,
035744,0,0,0,8,,,,
035748,0,0,0,50,,,,
035767,0,0,0,3,,,,
035768,0,0,0,-10,,,,
03578T,0,0,0,130,,,,
03579T,0,0,0,1,,,,
03580T,0,0,0,413,,,,
03584T,0,0,0,103,,,,
03587T,0,0,0,-8,,,,
03597T,0,0,0,-7,,,,
03598T,0,0,0,2,,,,
03599T,0,0,0,-12,,,,
03601T,0,0,0,8,,,,
03602T,0,0,0,-10,,,,
03604T,0,0,0,10,,,,
03605T,0,0,0,20,,,,
03609T,0,0,0,-20,,,,
03611T,0,0,0,-2,,,,
03616T,0,0,0,-50,,,,
03618T,0,0,0,7,,,,
03620T,0,0,0,-444,,,,
03621T,0,0,0,-76,,,,
03623T,0,0,0,1,,,,
03624T,0,0,0,6,,,,
03626T,0,0,0,1,,,,
03627T,0,0,0,-50,,,,
03631T,0,0,0,-180,,,,
036339,0,0,0,2,,,,
036346,0,0,0,10,,,,
03636T,0,0,0,7,,,,
03637T,0,0,0,-20,,,,
03638T,0,0,0,14,,,,
03639T,0,0,0,8,,,,
03643T,0,0,0,-72,,,,
03645T,-1,0,0,1,,,,
03646T,0,0,0,-5,,,,
03647T,0,0,0,27,,,,
03648T,0,0,0,20,,,,
03649T,0,0,0,8,,,,
03653T,0,0,0,-543,,,,
03654T,0,0,0,-184,,,,
03655T,0,0,0,10,,,,
03656T,0,0,0,-68,,,,
03657T,0,0,0,31,,,,
03660T,0,0,0,4,,,,
03661T,0,0,0,80,,,,
03662T,0,0,0,-3,,,,
03664T,0,0,0,64,,,,
03665T,0,0,0,11,,,,
03667T,0,0,0,-409,,,,
03676T,0,0,0,9,,,,
03679T,0,0,0,-55,,,,
036815,0,0,0,-51,,,,
036845,0,0,0,92,,,,
036860,0,0,0,-200,,,,
036868,0,0,0,6,,,,
036872,0,0,0,-2,,,,
036875,0,0,0,36,,,,
036879,0,0,0,-2,,,,
03688T,0,0,0,10,,,,
03694T,0,0,0,-15,,,,
03696T,0,0,0,-272,,,,
03699T,0,0,0,20,,,,
03703T,0,0,0,20,,,,
037041,0,0,0,3,,,,
03704T,0,0,0,1,,,,
037052,0,0,0,8,,,,
037060,0,0,0,-62,,,,
03708T,0,0,0,-90,,,,
03711T,0,0,0,-10,,,,
03712T,0,0,0,-1,,,,
03713T,0,0,0,2,,,,
03714T,0,0,0,-1,,,,
03715T,0,0,0,-10,,,,
03717T,0,0,0,-1,,,,
03718T,0,0,0,-25,,,,
03720T,0,0,0,18,,,,
03721T,0,0,0,9,,,,
03722T,0,0,0,1,,,,
03723T,0,0,0,16,,,,
037249,0,0,0,20,,,,
037251,0,0,0,1,,,,
037254,0,0,0,15,,,,
03725T,0,0,0,6,,,,
03726B,0,0,0,-83,,,,
03733B,0,0,0,1056,,,,
03733T,0,0,0,39,,,,
03734B,0,0,0,-1463,,,,
03734T,0,0,0,70,,,,
03735B,50,0,0,19721,,,,
03735T,0,0,0,-1,,,,
03736B,0,0,0,-2207,,,,
03737B,0,0,0,-509,,,,
03737T,0,0,0,8,,,,
03739B,0,0,0,1478,,,,
03739T,0,0,0,0,,,,
03740T,0,0,0,-92,,,,
03741T,0,0,0,-15,,,,
03742B,0,0,0,349,,,,
03743B,0,0,0,-173,,,,
03743T,0,0,0,-5,,,,
037442,0,0,0,15,,,,
03744B,0,0,0,-210,,,,
03745B,0,0,0,-445,,,,
03746B,0,0,0,-194,,,,
03746T,0,0,0,-5,,,,
03747T,0,0,0,-278,,,,
037494,0,0,0,4,,,,
037497,0,0,0,53,,,,
03749T,0,0,0,60,,,,
03751T,0,0,0,-15,,,,
03752T,0,0,0,-24,,,,
03754T,0,0,0,12,,,,
03755T,0,0,0,-30,,,,
03756T,0,0,0,-10,,,,
03758T,0,0,0,125,,,,
03759T,0,0,0,-160,,,,
03762T,0,0,0,-19,,,,
037648,0,0,0,10,,,,
037649,0,0,0,1023,,,,
03764T,0,0,0,-529,,,,
03765T,0,0,0,45,,,,
03766T,0,0,0,-259,,,,
03767T,0,0,0,-6,,,,
03768T,0,0,0,-2,,,,
03770T,0,0,0,-4,,,,
03773T,0,0,0,6,,,,
03776T,0,0,0,-50,,,,
03777T,0,0,0,2,,,,
03782T,0,0,0,109,,,,
03785T,0,0,0,17,,,,
03787T,0,0,0,169,,,,
03788T,0,0,0,-6,,,,
03789T,0,0,0,-2,,,,
03790T,0,0,0,-45,,,,
03792T,0,0,0,-194,,,,
03793T,0,0,0,-10,,,,
03795T,0,0,0,-13,,,,
03796T,0,0,0,-50,,,,
03797T,0,0,0,-135,,,,
03799T,0,0,0,-16,,,,
03801T,0,0,0,0,,,,
03802T,0,0,0,-18,,,,
03803T,0,0,0,-501,,,,
03806T,0,0,0,40,,,,
03807T,0,0,0,-12,,,,
03809T,0,0,0,-273,,,,
03810T,0,0,0,-843,,,,
03811T,0,0,0,27,,,,
03812T,0,0,0,223,,,,
03815T,0,0,0,20,,,,
03816T,0,0,0,81,,,,
03819T,0,0,0,16,,,,
038209,0,0,0,1,,,,
03821T,0,0,0,80,,,,
03822T,0,0,0,-288,,,,
03823T,0,0,0,-3,,,,
03824T,0,0,0,-1,,,,
03827T,0,0,0,-53,,,,
03828T,0,0,0,30,,,,
03830T,0,0,0,92,,,,
038313,0,0,0,-10,,,,
038317,0,0,0,-10,,,,
038318,0,0,0,395,,,,
03831T,0,0,0,-88,,,,
038321,0,0,0,10,,,,
038323,0,0,0,16,,,,
038327,0,0,0,2,,,,
03832T,0,0,0,69,,,,
03833T,0,0,0,-54,,,,
03837T,0,0,0,-25,,,,
03839T,0,0,0,-34,,,,
038404,0,0,0,36,,,,
03840T,0,0,0,10,,,,
03841T,0,0,0,-114,,,,
03845T,0,0,0,-20,,,,
03849T,0,0,0,-180,,,,
03850T,0,0,0,-1,,,,
03851T,0,0,0,-20,,,,
03852T,0,0,0,-8,,,,
038532,0,0,0,16,,,,
038539,0,0,0,1,,,,
03855T,0,0,0,-197,,,,
03856T,0,0,0,-100,,,,
03857T,0,0,0,-18,,,,
03860T,0,0,0,-75,,,,
03861T,0,0,0,-30,,,,
03864T,0,0,0,-17,,,,
03871T,0,0,0,7,,,,
03872T,0,0,0,-5,,,,
03874T,0,0,0,235,,,,
038795,0,0,0,41,,,,
03880T,0,0,0,43,,,,
038817,0,0,0,80,,,,
038824,0,0,0,1,,,,
038825,0,0,0,8,,,,
038830,0,0,0,2,,,,
038838,0,0,0,-10,,,,
038848,0,0,0,-10,,,,
038851,0,0,0,10,,,,
038857,0,0,0,-273,,,,
038858,0,0,0,16,,,,
038862,0,0,0,-53,,,,
038866,0,0,0,2,,,,
03886T,0,0,0,11,,,,
03889T,0,0,0,-2,,,,
03896T,0,0,0,26,,,,
038987,0,0,0,-7,,,,
03898T,0,0,0,-25,,,,
038992,0,0,0,-10,,,,
039004,0,0,0,-75,,,,
039008,0,0,0,5,,,,
039009,0,0,0,-1,,,,
039012,0,0,0,8,,,,
039015,0,0,0,-30,,,,
03901T,0,0,0,-2,,,,
039020,0,0,0,-5,,,,
039021,0,0,0,140,,,,
039025,0,0,0,9,,,,
039027,0,0,0,-11,,,,
03902T,0,0,0,-3,,,,
039032,0,0,0,0,,,,
039034,0,0,0,-12,,,,
039035,0,0,0,-229,,,,
039036,0,0,0,2,,,,
039038,0,0,0,-130,,,,
03903T,0,0,0,461,,,,
03905T,0,0,0,-1,,,,
03907T,0,0,0,-20,,,,
03908T,0,0,0,-798,,,,
03909T,0,0,0,50,,,,
03912T,0,0,0,-1,,,,
03913T,0,0,0,-80,,,,
03914T,0,0,0,-100,,,,
03920T,0,0,0,-70,,,,
03921T,0,0,0,-160,,,,
03922T,0,0,0,52,,,,
03925T,0,0,0,-10,,,,
03929T,0,0,0,-30,,,,
03931T,0,0,0,-5,,,,
03932T,0,0,0,-9,,,,
039355,0,0,0,5,,,,
03935T,0,0,0,-70,,,,
03937T,0,0,0,-33,,,,
039385,0,0,0,2,,,,
03940T,0,0,0,-76,,,,
03941T,0,0,0,58,,,,
03942T,0,0,0,-3,,,,
039438,0,0,0,-112,,,,
039439,0,0,0,115,,,,
039440,0,0,0,210,,,,
039443,0,0,0,167,,,,
039445,0,0,0,77,,,,
039446,0,0,0,10,,,,
039449,0,0,0,163,,,,
03944T,0,0,0,-50,,,,
039450,0,0,0,43,,,,
039452,0,0,0,66,,,,
039453,0,0,0,10,,,,
039455,0,0,0,7,,,,
039456,0,0,0,-63,,,,
03945T,0,0,0,-38,,,,
039462,0,0,0,-135,,,,
039463,0,0,0,-10,,,,
039464,0,0,0,800,,,,
039465,0,0,0,-10,,,,
039467,0,0,0,-10,,,,
039468,0,0,0,-51,,,,
039469,0,0,0,50,,,,
03946T,0,0,0,-200,,,,
039472,0,0,0,-10,,,,
039474,0,0,0,2,,,,
039475,0,0,0,-10,,,,
039477,0,0,0,20,,,,
039478,0,0,0,-10,,,,
03947T,0,0,0,-1,,,,
039481,0,0,0,1,,,,
03950T,0,0,0,352,,,,
039514,0,0,0,5,,,,
03953T,0,0,0,-10,,,,
03955T,0,0,0,-61,,,,
03959T,0,0,0,-46,,,,
039603,0,0,0,7,,,,
039605,0,0,0,50,,,,
039606,0,0,0,10,,,,
039613,0,0,0,14,,,,
039616,0,0,0,1,,,,
039623,0,0,0,-10,,,,
03962T,0,0,0,-100,,,,
03966T,0,0,0,73,,,,
03968T,0,0,0,-3,,,,
03970T,0,0,0,-1,,,,
03971T,0,0,0,60,,,,
03972T,0,0,0,5,,,,
03974T,0,0,0,-14,,,,
03977T,0,0,0,-21,,,,
039785,0,0,0,5,,,,
03980T,0,0,0,2,,,,
03982T,0,0,0,-15,,,,
03983T,0,0,0,-9,,,,
039871,0,0,0,-2,,,,
03987T,0,0,0,-67,,,,
03989T,0,0,0,-15,,,,
03990T,0,0,0,-5,,,,
03993T,0,0,0,1,,,,
03994T,0,0,0,-35,,,,
03995T,0,0,0,66,,,,
03997T,0,0,0,-95,,,,
040024,0,0,0,3,,,,
04002T,0,0,0,2000,,,,
04003T,0,0,0,88,,,,
040046,0,0,0,3,,,,
04005C,0,0,0,10,,,,
040072,0,0,0,6,,,,
04008C,-4,0,0,12,,,,
04009C,0,0,0,0,,,,
04010C,0,0,0,1,,,,
04010T,0,0,0,-86,,,,
04012C,0,0,0,2,,,,
04012T,0,0,0,-7,,,,
04013T,0,0,0,-61,,,,
04014C,0,0,0,3,,,,
04015C,0,0,0,6,,,,
04016C,0,0,0,282,,,,
04018C,0,0,0,33,,,,
04018T,0,0,0,-70,,,,
04019C,0,0,0,-112,,,,
04026C,0,0,0,501,,,,
04026T,0,0,0,1,,,,
04027C,0,0,0,3,,,,
04028C,0,0,0,-182,,,,
04029T,0,0,0,-20,,,,
04030C,0,0,0,-43,,,,
04038T,0,0,0,-25,,,,
040393,0,0,0,2,,,,
040397,0,0,0,6,,,,
040413,0,0,0,10,,,,
040414,0,0,0,8,,,,
040415,0,0,0,3,,,,
04041T,0,0,0,-10,,,,
040420,0,0,0,30,,,,
04044T,0,0,0,-45,,,,
04050T,0,0,0,2,,,,
040517,0,0,0,2,,,,
04051T,0,0,0,-2,,,,
040520,0,0,0,8,,,,
040554,0,0,0,1,,,,
04057T,0,0,0,-100,,,,
04058T,0,0,0,-76,,,,
04059T,0,0,0,-5,,,,
040617,0,0,0,-7,,,,
040619,0,0,0,-105,,,,
04061T,0,0,0,-40,,,,
040628,0,0,0,30,,,,
04062T,0,0,0,-235,,,,
040630,0,0,0,76,,,,
040632,0,0,0,-5,,,,
040639,0,0,0,10,,,,
04063T,0,0,0,-20,,,,
040647,0,0,0,-3,,,,
040648,0,0,0,-35,,,,
04068T,0,0,0,96,,,,
04070T,0,0,0,-50,,,,
04073T,0,0,0,-153,,,,
04075T,0,0,0,-51,,,,
04076T,0,0,0,10,,,,
040772,0,0,0,6,,,,
040799,0,0,0,11,,,,
04080T,0,0,0,-50,,,,
040826,0,0,0,1,,,,
040875,0,0,0,-100,,,,
04089T,0,0,0,-100,,,,
04090T,0,0,0,20,,,,
04091T,0,0,0,-1,,,,
04092T,0,0,0,5,,,,
04093T,0,0,0,-19,,,,
040973,0,0,0,5,,,,
040978,0,0,0,69,,,,
040979,0,0,0,1,,,,
04097T,0,0,0,-80,,,,
040981,0,0,0,215,,,,
040982,0,0,0,73,,,,
040983,0,0,0,6,,,,
040991,0,0,0,5,,,,
04101T,0,0,0,-11,,,,
04102T,0,0,0,10,,,,
04105T,0,0,0,-51,,,,
04107T,0,0,0,5,,,,
041086,0,0,0,1,,,,
041093,0,0,0,0,,,,
04112T,0,0,0,-20,,,,
04115T,0,0,0,5,,,,
04116T,0,0,0,-5,,,,
04117T,0,0,0,-32,,,,
04118T,0,0,0,-500,,,,
041197,0,0,0,4,,,,
041208,0,0,0,-1,,,,
041211,0,0,0,1,,,,
041214,0,0,0,10,,,,
04122T,0,0,0,-210,,,,
04123T,0,0,0,40,,,,
04129T,0,0,0,-3,,,,
041320,0,0,0,3,,,,
04132T,0,0,0,7,,,,
04133T,0,0,0,-56,,,,
04136T,0,0,0,1,,,,
04137T,0,0,0,-50,,,,
04139T,0,0,0,-10,,,,
04140T,0,0,0,-4,,,,
04141T,0,0,0,4,,,,
041434,0,0,0,101,,,,
041448,0,0,0,1,,,,
041449,0,0,0,200,,,,
041451,0,0,0,1,,,,
041511,0,0,0,13,,,,
04151T,0,0,0,980,,,,
04153T,0,0,0,-25,,,,
04156T,0,0,0,2,,,,
04157T,0,0,0,-7,,,,
04159T,0,0,0,5,,,,
041605,0,0,0,3,,,,
041607,0,0,0,1,,,,
041611,0,0,0,30,,,,
041613,0,0,0,-64,,,,
04162T,0,0,0,-22,,,,
041636,0,0,0,0,,,,
04163T,0,0,0,-499,,,,
04164T,0,0,0,25,,,,
04165T,0,0,0,8,,,,
041669,0,0,0,60,,,,
04166T,0,0,0,-1,,,,
04167T,0,0,0,-74,,,,
04168T,0,0,0,-12,,,,
04169T,0,0,0,420,,,,
04172T,0,0,0,30,,,,
04173T,0,0,0,-26,,,,
041740,0,0,0,1,,,,
04174T,0,0,0,-20,,,,
04175T,0,0,0,45,,,,
04176T,0,0,0,-15,,,,
041780,0,0,0,21,,,,
04178T,0,0,0,-3,,,,
04179T,0,0,0,45,,,,
04187T,0,0,0,-40,,,,
04189T,0,0,0,-15,,,,
04191T,0,0,0,699,,,,
04192T,0,0,0,10,,,,
04193T,0,0,0,50,,,,
04194T,0,0,0,-11,,,,
04196T,0,0,0,74,,,,
04198T,0,0,0,-18,,,,
042004,0,0,0,-2,,,,
04200T,0,0,0,10,,,,
04201T,0,0,0,-63,,,,
04203T,0,0,0,-386,,,,
04204T,0,0,0,-40,,,,
04205T,0,0,0,3,,,,
04208T,0,0,0,76,,,,
04209T,0,0,0,-23,,,,
04210T,0,0,0,38,,,,
04212T,0,0,0,-41,,,,
04219T,0,0,0,28,,,,
042207,0,0,0,-20,,,,
04220T,0,0,0,0,,,,
04221T,0,0,0,199,,,,
04222T,0,0,0,-2,,,,
04223T,0,0,0,-1,,,,
04225T,0,0,0,-250,,,,
04229T,0,0,0,9,,,,
04230T,0,0,0,-3,,,,
04232T,0,0,0,29,,,,
04233T,0,0,0,-1019,,,,
04234T,0,0,0,171,,,,
04235T,0,0,0,-19,,,,
04236T,0,0,0,-3,,,,
04239T,0,0,0,10,,,,
042406,0,0,0,370,,,,
04241T,0,0,0,35,,,,
042439,0,0,0,2,,,,
042447,0,0,0,1,,,,
04244T,0,0,0,-4,,,,
04246T,0,0,0,2,,,,
04248T,0,0,0,-9,,,,
04251T,0,0,0,-50,,,,
04253T,0,0,0,-9,,,,
04254T,0,0,0,110,,,,
04256T,0,0,0,-206,,,,
04257T,0,0,0,-50,,,,
04261T,0,0,0,-35,,,,
042622,0,0,0,1,,,,
042627,0,0,0,0,,,,
042633,0,0,0,56,,,,
042636,0,0,0,-230,,,,
04263T,0,0,0,-208,,,,
04267T,0,0,0,20,,,,
04268T,0,0,0,29,,,,
04269T,0,0,0,-280,,,,
04271T,0,0,0,-47,,,,
04273T,0,0,0,-8,,,,
042747,0,0,0,5,,,,
04280T,0,0,0,-18,,,,
04282T,0,0,0,-15,,,,
042837,0,0,0,1,,,,
04283T,0,0,0,-50,,,,
04285T,0,0,0,15,,,,
04286T,0,0,0,1,,,,
04287T,0,0,0,-25,,,,
04295T,0,0,0,-130,,,,
04296T,0,0,0,-10,,,,
04297T,0,0,0,-100,,,,
04298T,0,0,0,-1326,,,,
04300T,0,0,0,-115,,,,
04303T,0,0,0,-25,,,,
04307T,0,0,0,-53,,,,
04309T,0,0,0,30,,,,
04310T,0,0,0,1,,,,
043114,0,0,0,2,,,,
043125,0,0,0,96,,,,
04315T,0,0,0,-6,,,,
04317T,0,0,0,-10,,,,
04318T,0,0,0,-2,,,,
04321T,0,0,0,-2,,,,
043258,0,0,0,-11,,,,
04325T,0,0,0,-75,,,,
04326T,0,0,0,-11,,,,
04327T,0,0,0,5,,,,
043287,0,0,0,56,,,,
043301,0,0,0,25,,,,
04330T,0,0,0,-5,,,,
04333T,0,0,0,-121,,,,
04334T,0,0,0,6,,,,
043355,0,0,0,60,,,,
04338T,0,0,0,18,,,,
04343T,0,0,0,23,,,,
04344T,0,0,0,-6,,,,
043450,0,0,0,3,,,,
04347T,0,0,0,161,,,,
04348T,0,0,0,-181,,,,
04349T,0,0,0,-1,,,,
04350T,0,0,0,55,,,,
04351T,0,0,0,-5,,,,
043522,0,0,0,110,,,,
04353T,0,0,0,-10,,,,
04354T,0,0,0,-1061,,,,
04357T,0,0,0,-19,,,,
04359T,0,0,0,-33,,,,
04362T,0,0,0,-5,,,,
04363T,0,0,0,22,,,,
04365T,0,0,0,10,,,,
043669,0,0,0,1,,,,
043670,0,0,0,15,,,,
043674,0,0,0,3,,,,
04367T,0,0,0,112,,,,
043697,0,0,0,22,,,,
043717,0,0,0,23,,,,
04371T,0,0,0,150,,,,
04373T,0,0,0,-92,,,,
04375T,0,0,0,12,,,,
04379T,0,0,0,-2,,,,
04380T,0,0,0,-66,,,,
04381T,0,0,0,-6,,,,
04386T,0,0,0,-34,,,,
043878,0,0,0,0,,,,
043888,0,0,0,-66,,,,
043889,0,0,0,40,,,,
043891,0,0,0,9,,,,
043893,0,0,0,-10,,,,
043896,0,0,0,15,,,,
043899,-10,0,0,25,,,,
04389T,0,0,0,-285,,,,
043900,0,0,0,25,,,,
043901,0,0,0,7,,,,
043902,0,0,0,-99,,,,
043903,0,0,0,66,,,,
043904,0,0,0,-182,,,,
04390T,0,0,0,-23,,,,
043929,0,0,0,7,,,,
043937,0,0,0,612,,,,
043938,0,0,0,828,,,,
04393T,0,0,0,-76,,,,
04394T,0,0,0,-76,,,,
04395T,0,0,0,1,,,,
043972,0,0,0,25,,,,
04397T,0,0,0,207,,,,
043985,0,0,0,235,,,,
04398T,0,0,0,-1,,,,
04399T,0,0,0,5,,,,
04400T,0,0,0,98,,,,
04401T,0,0,0,494,,,,
04404T,0,0,0,-3,,,,
04406T,0,0,0,-65,,,,
04407T,0,0,0,-37,,,,
04408T,0,0,0,-60,,,,
044094,0,0,0,-16,,,,
04410T,0,0,0,2,,,,
04411T,0,0,0,-707,,,,
044122,0,0,0,524,,,,
044129,0,0,0,2,,,,
044145,0,0,0,2,,,,
04414T,0,0,0,6,,,,
044174,0,0,0,-6,,,,
04417T,0,0,0,0,,,,
044180,0,0,0,10,,,,
044181,0,0,0,-170,,,,
044185,0,0,0,-4,,,,
04419T,0,0,0,-116,,,,
04420T,0,0,0,-9,,,,
04421T,0,0,0,-75,,,,
04422T,0,0,0,-6,,,,
04424T,0,0,0,-25,,,,
04426T,0,0,0,40,,,,
04428T,0,0,0,-4,,,,
04430T,0,0,0,-9,,,,
04431T,0,0,0,10,,,,
04432T,0,0,0,-30,,,,
044355,0,0,0,-230,,,,
044357,0,0,0,49,,,,
04435T,0,0,0,-54,,,,
04436T,0,0,0,-2,,,,
04437T,0,0,0,-199,,,,
044383,0,0,0,-30,,,,
044398,0,0,0,2,,,,
044399,0,0,0,295,,,,
044402,0,0,0,3,,,,
044403,0,0,0,3,,,,
04441T,0,0,0,-20,,,,
044437,0,0,0,3,,,,
04443T,0,0,0,10,,,,
04445T,0,0,0,83,,,,
04446T,0,0,0,43,,,,
04447T,0,0,0,110,,,,
04452T,0,0,0,-60,,,,
04453T,0,0,0,-10,,,,
04454T,0,0,0,3,,,,
04455T,0,0,0,-200,,,,
044575,0,0,0,50,,,,
04458T,0,0,0,2,,,,
044608,0,0,0,27,,,,
044609,0,0,0,10,,,,
04460T,0,0,0,-42,,,,
044610,0,0,0,4,,,,
044611,0,0,0,205,,,,
044613,0,0,0,30,,,,
044615,0,0,0,70,,,,
044618,0,0,0,6,,,,
04462T,0,0,0,68,,,,
044644,0,0,0,-41,,,,
04468T,0,0,0,1,,,,
04469T,0,0,0,-2,,,,
04470T,0,0,0,2,,,,
04471T,0,0,0,5,,,,
04477T,0,0,0,-371,,,,
044788,0,0,0,0,,,,
04478T,0,0,0,-120,,,,
044791,0,0,0,-80,,,,
044793,0,0,0,-9,,,,
044795,0,0,0,23,,,,
044796,0,0,0,419,,,,
044798,0,0,0,-10,,,,
044799,0,0,0,35,,,,
04479T,0,0,0,-20,,,,
044801,0,0,0,79,,,,
044802,0,0,0,25,,,,
044803,0,0,0,-5,,,,
04480T,0,0,0,-30,,,,
044816,0,0,0,0,,,,
04481T,0,0,0,320,,,,
04484T,0,0,0,-32,,,,
04486T,0,0,0,81,,,,
04487T,0,0,0,36,,,,
04488T,0,0,0,-30,,,,
044906,0,0,0,1,,,,
04490T,0,0,0,-3,,,,
04493T,0,0,0,-590,,,,
04494T,0,0,0,40,,,,
04495T,0,0,0,-20,,,,
044969,0,0,0,10,,,,
04497T,0,0,0,-2,,,,
04498T,0,0,0,-224,,,,
04499T,0,0,0,66,,,,
04508T,0,0,0,-10,,,,
04509T,0,0,0,-20,,,,
045104,0,0,0,127,,,,
04511T,0,0,0,-45,,,,
045122,0,0,0,0,,,,
04512T,0,0,0,-3,,,,
04514T,0,0,0,-23,,,,
04516T,0,0,0,30,,,,
045188,0,0,0,101,,,,
045189,0,0,0,-24,,,,
04518T,0,0,0,-37,,,,
04519T,0,0,0,-25,,,,
04520T,0,0,0,-5,,,,
04521T,0,0,0,80,,,,
04522T,0,0,0,-156,,,,
04523T,0,0,0,-17,,,,
04525T,0,0,0,-40,,,,
045278,0,0,0,0,,,,
04531T,0,0,0,-80,,,,
045320,0,0,0,1,,,,
04535T,0,0,0,-10,,,,
04538T,0,0,0,-33,,,,
045413,0,0,0,4,,,,
04542T,0,0,0,-2,,,,
04543T,0,0,0,-60,,,,
04544T,0,0,0,80,,,,
045458,0,0,0,54,,,,
045464,0,0,0,1,,,,
04548T,0,0,0,27,,,,
04552T,0,0,0,-10,,,,
04553T,0,0,0,5,,,,
045553,0,0,0,1,,,,
04555T,0,0,0,50,,,,
04556T,0,0,0,64,,,,
04557T,0,0,0,-2,,,,
04558T,0,0,0,-1,,,,
04559T,0,0,0,3,,,,
04560T,0,0,0,0,,,,
04561T,0,0,0,-21,,,,
045631,0,0,0,20,,,,
04566T,0,0,0,24,,,,
04569T,0,0,0,-55,,,,
04570T,0,0,0,159,,,,
04572T,0,0,0,-113,,,,
04573T,0,0,0,-10,,,,
04575T,0,0,0,-53,,,,
04578T,0,0,0,-37,,,,
04579T,0,0,0,-9,,,,
04582T,0,0,0,19,,,,
04584T,0,0,0,17,,,,
04586T,0,0,0,-35,,,,
04587T,0,0,0,8,,,,
04592T,0,0,0,95,,,,
045962,0,0,0,5,,,,
04599T,0,0,0,-60,,,,
04603T,0,0,0,22,,,,
04605T,0,0,0,7,,,,
04606T,0,0,0,2,,,,
04608T,0,0,0,-10,,,,
04609T,0,0,0,-104,,,,
04610T,0,0,0,-64,,,,
04612T,0,0,0,20,,,,
04613T,0,0,0,-304,,,,
046168,0,0,0,13,,,,
046174,0,0,0,0,,,,
04617T,0,0,0,-146,,,,
04618T,0,0,0,-74,,,,
046192,0,0,0,-2,,,,
04620T,0,0,0,-6,,,,
04621T,0,0,0,-76,,,,
04622T,0,0,0,-3,,,,
04623T,0,0,0,-1,,,,
04625T,0,0,0,10,,,,
04626T,0,0,0,-6,,,,
046294,0,0,0,1,,,,
04629T,0,0,0,81,,,,
046331,0,0,0,4,,,,
046370,0,0,0,-153,,,,
046379,0,0,0,-198,,,,
04639T,0,0,0,-35,,,,
04643T,0,0,0,-41,,,,
04644T,0,0,0,-125,,,,
04645T,0,0,0,6,,,,
04647T,0,0,0,-54,,,,
04649T,0,0,0,-5,,,,
04650T,0,0,0,-1,,,,
04651T,0,0,0,-44,,,,
04654T,0,0,0,-10,,,,
04655T,0,0,0,-21,,,,
046561,0,0,0,-31,,,,
04656T,0,0,0,-78,,,,
04657T,0,0,0,-13,,,,
046612,0,0,0,3,,,,
04663T,0,0,0,-30,,,,
04664T,0,0,0,7,,,,
04665T,0,0,0,-519,,,,
04666T,0,0,0,-138,,,,
04668T,0,0,0,-12,,,,
04674T,0,0,0,-21,,,,
04675T,0,0,0,-10,,,,
04677T,0,0,0,-36,,,,
046781,0,0,0,-73,,,,
04680T,0,0,0,-66,,,,
046812,0,0,0,16,,,,
046814,0,0,0,10,,,,
046816,0,0,0,1,,,,
04681T,0,0,0,-18,,,,
04682T,0,0,0,18,,,,
04683T,0,0,0,-18,,,,
04684T,0,0,0,-3,,,,
046855,0,0,0,24,,,,
04686T,0,0,0,-81,,,,
04687T,0,0,0,51,,,,
04688T,0,0,0,20,,,,
04689T,0,0,0,-24,,,,
04690T,0,0,0,-111,,,,
046944,0,0,0,20,,,,
04694T,0,0,0,-5,,,,
04695T,0,0,0,-53,,,,
046961,0,0,0,1,,,,
046967,0,0,0,24,,,,
04696T,0,0,0,-23,,,,
04699T,0,0,0,-56,,,,
04701T,0,0,0,31,,,,
04702T,0,0,0,-85,,,,
04703T,0,0,0,0,,,,
047046,0,0,0,1,,,,
04704T,0,0,0,3,,,,
04705T,0,0,0,-334,,,,
047069,0,0,0,2,,,,
047073,0,0,0,5,,,,
04710T,0,0,0,-426,,,,
04711T,0,0,0,-1,,,,
04714T,0,0,0,-1,,,,
04715T,0,0,0,-9,,,,
04716T,0,0,0,-13,,,,
04717T,0,0,0,-16,,,,
04718T,0,0,0,-11,,,,
04719T,0,0,0,-5,,,,
047203,0,0,0,1,,,,
047205,0,0,0,-512,,,,
04720T,0,0,0,42,,,,
04722T,0,0,0,16,,,,
04725T,0,0,0,-45,,,,
04726T,0,0,0,0,,,,
04727T,0,0,0,-75,,,,
04728T,0,0,0,-195,,,,
04729T,0,0,0,-49,,,,
04730T,0,0,0,-10,,,,
04731T,0,0,0,-32,,,,
04732T,0,0,0,-8,,,,
04733T,0,0,0,-6,,,,
047358,0,0,0,1,,,,
04736T,0,0,0,-5,,,,
047371,0,0,0,0,,,,
04738T,0,0,0,-11,,,,
04739T,0,0,0,-86,,,,
04741T,0,0,0,4,,,,
047421,0,0,0,1,,,,
047425,0,0,0,0,,,,
047427,-20,0,0,20,,,,
047431,0,0,0,10,,,,
04743T,0,0,0,-1,,,,
04745T,0,0,0,135,,,,
047466,0,0,0,7,,,,
04746T,0,0,0,17,,,,
04747T,0,0,0,-23,,,,
047491,0,0,0,44,,,,
04749T,0,0,0,-14,,,,
047519,0,0,0,36,,,,
047553,0,0,0,-5,,,,
04756T,0,0,0,-37,,,,
04757T,0,0,0,-89,,,,
047585,0,0,0,-70,,,,
047611,0,0,0,15,,,,
047619,0,0,0,1,,,,
04762T,0,0,0,-414,,,,
04763T,0,0,0,-24,,,,
04764T,0,0,0,-158,,,,
04765T,0,0,0,-10,,,,
04766T,0,0,0,-10,,,,
04768T,0,0,0,-10,,,,
04769T,0,0,0,-49,,,,
047700,0,0,0,-5,,,,
047702,0,0,0,109,,,,
047714,0,0,0,170,,,,
047756,0,0,0,1,,,,
047757,0,0,0,-10,,,,
047767,0,0,0,2,,,,
047792,0,0,0,30,,,,
047826,0,0,0,256,,,,
047870,0,0,0,1,,,,
047873,0,0,0,1,,,,
047881,0,0,0,70,,,,
047908,0,0,0,6,,,,
047938,0,0,0,-54,,,,
047943,0,0,0,-151,,,,
048030,0,0,0,100,,,,
048039,0,0,0,-325,,,,
048095,0,0,0,-100,,,,
048162,0,0,0,1,,,,
048261,0,0,0,24,,,,
048349,0,0,0,168,,,,
048356,0,0,0,-7,,,,
048363,0,0,0,6,,,,
048391,0,0,0,12,,,,
048455,0,0,0,10,,,,
048519,0,0,0,-47,,,,
048521,0,0,0,2,,,,
048557,0,0,0,2,,,,
048581,0,0,0,-49,,,,
048631,0,0,0,24,,,,
048673,0,0,0,1,,,,
048682,0,0,0,-128,,,,
048803,0,0,0,12,,,,
048825,0,0,0,-1,,,,
048849,0,0,0,-50,,,,
048852,0,0,0,-1000,,,,
048859,0,0,0,1,,,,
048861,0,0,0,487,,,,
048862,0,0,0,3,,,,
048923,0,0,0,1,,,,
048929,0,0,0,6,,,,
048997,0,0,0,8,,,,
049133,0,0,0,2,,,,
049177,0,0,0,1,,,,
049224,0,0,0,0,,,,
049225,0,0,0,1,,,,
049235,0,0,0,2,,,,
049251,0,0,0,-1,,,,
049256,0,0,0,112,,,,
049270,0,0,0,2,,,,
049414,0,0,0,185,,,,
049489,0,0,0,-10,,,,
049520,0,0,0,1,,,,
049623,0,0,0,-229,,,,
049636,0,0,0,15,,,,
049637,0,0,0,-20,,,,
049638,0,0,0,35,,,,
049683,0,0,0,-67,,,,
049693,0,0,0,118,,,,
049747,0,0,0,-503,,,,
049787,0,0,0,-21,,,,
049832,1,0,0,0,,,,
049842,0,0,0,78,,,,
049848,0,0,0,0,,,,
049903,0,0,0,196,,,,
049904,0,0,0,-10,,,,
049910,0,0,0,1,,,,
049937,0,0,0,61,,,,
049941,0,0,0,86,,,,
049978,0,0,0,5,,,,
050056,0,0,0,24,,,,
050092,0,0,0,18,,,,
050103,0,0,0,26,,,,
050108,0,0,0,-40,,,,
050138,0,0,0,1,,,,
050170,0,0,0,-14,,,,
050191,0,0,0,-47,,,,
050198,0,0,0,16,,,,
050206,0,0,0,28,,,,
050253,0,0,0,20,,,,
050321,0,0,0,2,,,,
050489,0,0,0,87,,,,
050498,0,0,0,1,,,,
050503,0,0,0,10,,,,
050564,0,0,0,1,,,,
050565,0,0,0,11,,,,
050575,0,0,0,-1313,,,,
050628,0,0,0,5,,,,
050707,0,0,0,0,,,,
050721,0,0,0,5,,,,
050729,0,0,0,1,,,,
050762,0,0,0,1,,,,
050798,0,0,0,3,,,,
050804,0,0,0,-6,,,,
050916,0,0,0,3,,,,
051062,0,0,0,17,,,,
051101,0,0,0,2,,,,
051104,0,0,0,20,,,,
051148,0,0,0,-51,,,,
051155,0,0,0,1,,,,
051184,0,0,0,7,,,,
051193,0,0,0,225,,,,
051210,0,0,0,1,,,,
051220,0,0,0,-10,,,,
051221,0,0,0,-20,,,,
051222,0,0,0,2,,,,
051226,0,0,0,509,,,,
051238,0,0,0,2,,,,
051241,0,0,0,15,,,,
051242,0,0,0,1,,,,
051243,0,0,0,-20,,,,
051245,0,0,0,-7,,,,
051247,0,0,0,0,,,,
051250,0,0,0,1,,,,
051251,0,0,0,0,,,,
051252,0,0,0,-31,,,,
051256,0,0,0,5,,,,
051257,0,0,0,78,,,,
051258,0,0,0,42,,,,
051259,0,0,0,94,,,,
051260,0,0,0,-10,,,,
051262,0,0,0,11,,,,
051263,0,0,0,1,,,,
051264,0,0,0,-6,,,,
051265,0,0,0,-45,,,,
051271,0,0,0,5,,,,
051272,0,0,0,172,,,,
051273,0,0,0,5,,,,
051275,0,0,0,-105,,,,
051276,0,0,0,1,,,,
051277,0,0,0,-20,,,,
051279,0,0,0,7,,,,
051282,0,0,0,6,,,,
051286,0,0,0,57,,,,
051291,0,0,0,75,,,,
051340,0,0,0,-55,,,,
051388,0,0,0,-10,,,,
051393,0,0,0,25,,,,
051438,0,0,0,1,,,,
051439,0,0,0,98,,,,
051440,0,0,0,-55,,,,
051441,0,0,0,3258,,,,
051442,0,0,0,1,,,,
051444,0,0,0,58,,,,
051445,0,0,0,-10,,,,
051498,0,0,0,-60,,,,
051538,0,0,0,1,,,,
051561,0,0,0,11,,,,
051563,0,0,0,50,,,,
051586,0,0,0,184,,,,
051588,0,0,0,12,,,,
051591,0,0,0,11,,,,
051601,0,0,0,102,,,,
051604,0,0,0,338,,,,
051618,0,0,0,18,,,,
051619,0,0,0,4,,,,
051632,0,0,0,-100,,,,
051637,0,0,0,39,,,,
051652,0,0,0,1,,,,
051666,0,0,0,1203,,,,
051688,0,0,0,102,,,,
051692,0,0,0,22,,,,
051694,0,0,0,7,,,,
051705,0,0,0,-64,,,,
051715,0,0,0,6,,,,
051736,0,0,0,-65,,,,
051787,0,0,0,-10,,,,
051793,0,0,0,11,,,,
051812,0,0,0,138,,,,
051815,0,0,0,77,,,,
051817,0,0,0,2,,,,
051859,0,0,0,70,,,,
051900,0,0,0,-10,,,,
051909,0,0,0,154,,,,
051918,0,0,0,1,,,,
051924,0,0,0,-134,,,,
051938,0,0,0,100,,,,
051950,0,0,0,16,,,,
051959,0,0,0,0,,,,
051970,0,0,0,-8,,,,
051980,0,0,0,2,,,,
051993,0,0,0,-16,,,,
051994,0,0,0,338,,,,
052016,0,0,0,60,,,,
052022,0,0,0,10,,,,
052033,0,0,0,1,,,,
052036,0,0,0,2,,,,
052045,0,0,0,-8,,,,
052064,0,0,0,0,,,,
052089,0,0,0,-10,,,,
052091,0,0,0,-50,,,,
052099,0,0,0,-24,,,,
052100,0,0,0,-52,,,,
052116,0,0,0,4,,,,
052134,0,0,0,1,,,,
052137,0,0,0,3,,,,
052139,0,0,0,193,,,,
052143,0,0,0,6,,,,
052147,0,0,0,1,,,,
052172,0,0,0,5,,,,
052174,0,0,0,-8,,,,
052176,0,0,0,-23,,,,
052181,0,0,0,107,,,,
052184,0,0,0,10,,,,
052186,0,0,0,25,,,,
052187,0,0,0,5,,,,
052190,0,0,0,62,,,,
052191,-25,0,0,1512,,,,
052192,0,0,0,-51,,,,
052193,0,0,0,31,,,,
052194,0,0,0,-54,,,,
052195,0,0,0,-609,,,,
052196,0,0,0,-86,,,,
052197,0,0,0,1,,,,
052198,0,0,0,-1,,,,
052201,0,0,0,0,,,,
052202,0,0,0,1,,,,
052205,0,0,0,-409,,,,
052206,0,0,0,43,,,,
052209,0,0,0,39,,,,
052210,0,0,0,0,,,,
052211,0,0,0,-2,,,,
052213,0,0,0,39,,,,
052214,0,0,0,-282,,,,
052217,0,0,0,15,,,,
052218,0,0,0,0,,,,
052219,0,0,0,12,,,,
052220,0,0,0,51,,,,
052221,0,0,0,-5,,,,
052222,0,0,0,15,,,,
052223,0,0,0,72,,,,
052235,0,0,0,2,,,,
052238,0,0,0,-1,,,,
052241,0,0,0,5988,,,,
052245,0,0,0,-1160,,,,
052247,0,0,0,10,,,,
052287,0,0,0,-14,,,,
052340,0,0,0,31,,,,
052341,0,0,0,340,,,,
052352,0,0,0,-10,,,,
052353,0,0,0,131,,,,
052379,0,0,0,10,,,,
052381,0,0,0,40,,,,
052383,0,0,0,7,,,,
052387,0,0,0,98,,,,
052391,0,0,0,1,,,,
052404,0,0,0,10,,,,
052448,0,0,0,-5,,,,
052481,0,0,0,-10,,,,
052484,0,0,0,0,,,,
052485,0,0,0,4,,,,
052496,0,0,0,-7,,,,
052525,0,0,0,114,,,,
052526,0,0,0,-301,,,,
052527,0,0,0,-169,,,,
052555,0,0,0,1,,,,
052561,0,0,0,12,,,,
052562,0,0,0,1,,,,
052574,0,0,0,1,,,,
052615,0,0,0,1,,,,
052616,0,0,0,2,,,,
052641,0,0,0,-4,,,,
052645,0,0,0,5,,,,
052648,0,0,0,-125,,,,
052650,0,0,0,1,,,,
052651,0,0,0,2,,,,
052653,0,0,0,4,,,,
052654,0,0,0,-15,,,,
052655,0,0,0,31,,,,
052656,0,0,0,16,,,,
052657,0,0,0,-11,,,,
052658,0,0,0,-311,,,,
052664,0,0,0,-6,,,,
052665,0,0,0,-15,,,,
052672,0,0,0,-1,,,,
052675,0,0,0,-83,,,,
052676,0,0,0,2863,,,,
052680,0,0,0,-1,,,,
052681,0,0,0,261,,,,
052684,0,0,0,-15,,,,
052685,0,0,0,5,,,,
052686,0,0,0,-277,,,,
052687,0,0,0,-37,,,,
052688,0,0,0,14,,,,
052689,0,0,0,13,,,,
052690,0,0,0,-125,,,,
052692,0,0,0,-20,,,,
052698,0,0,0,1,,,,
052700,0,0,0,14,,,,
052701,0,0,0,73,,,,
052702,0,0,0,15,,,,
052703,0,0,0,-25,,,,
052716,0,0,0,8,,,,
052763,0,0,0,-25,,,,
052771,0,0,0,12,,,,
052772,0,0,0,4,,,,
052779,0,0,0,-20,,,,
052781,0,0,0,-246,,,,
052782,0,0,0,97,,,,
052783,0,0,0,6,,,,
052786,0,0,0,344,,,,
052788,0,0,0,0,,,,
052791,0,0,0,-10,,,,
052792,0,0,0,8,,,,
052793,0,0,0,-30,,,,
052797,0,0,0,2,,,,
052802,0,0,0,-154,,,,
052804,0,0,0,-1,,,,
052805,0,0,0,-132,,,,
052806,0,0,0,-210,,,,
052808,0,0,0,14,,,,
052810,0,0,0,-102,,,,
052811,0,0,0,-10,,,,
052815,0,0,0,-50,,,,
052824,0,0,0,80,,,,
052825,0,0,0,-10,,,,
052879,0,0,0,-51,,,,
052894,0,0,0,-178,,,,
052899,0,0,0,1,,,,
052924,0,0,0,30,,,,
052932,0,0,0,425,,,,
052942,0,0,0,-10,,,,
052944,0,0,0,10,,,,
052945,0,0,0,8,,,,
052946,0,0,0,5,,,,
052947,0,0,0,-3,,,,
052948,0,0,0,-32,,,,
052953,0,0,0,-10,,,,
052954,0,0,0,-34,,,,
052955,0,0,0,40,,,,
052957,0,0,0,24,,,,
052959,0,0,0,-1,,,,
052960,0,0,0,111,,,,
052961,0,0,0,-310,,,,
052963,0,0,0,-2,,,,
052964,0,0,0,-194,,,,
052965,0,0,0,-917,,,,
052966,0,0,0,-12,,,,
052970,0,0,0,-1,,,,
052972,0,0,0,-26,,,,
052974,0,0,0,2,,,,
052976,0,0,0,-20,,,,
052980,0,0,0,-926,,,,
052981,0,0,0,-224,,,,
052982,0,0,0,-280,,,,
052983,0,0,0,162,,,,
052986,0,0,0,1,,,,
052987,0,0,0,-134,,,,
052988,0,0,0,-169,,,,
052990,0,0,0,136,,,,
052999,0,0,0,-36,,,,
053007,0,0,0,1,,,,
053023,0,0,0,-50,,,,
053026,0,0,0,-10,,,,
053029,0,0,0,-10,,,,
053030,0,0,0,-43,,,,
053033,0,0,0,-568,,,,
053034,0,0,0,-1,,,,
053037,0,0,0,10,,,,
053038,0,0,0,-64,,,,
053085,0,0,0,1,,,,
053122,0,0,0,50,,,,
053156,0,0,0,10,,,,
053184,0,0,0,2,,,,
053185,0,0,0,15,,,,
053233,0,0,0,10,,,,
053241,0,0,0,-175,,,,
053257,0,0,0,-100,,,,
053259,0,0,0,-10,,,,
053260,0,0,0,93,,,,
053261,0,0,0,5,,,,
053264,0,0,0,-80,,,,
053265,0,0,0,-1,,,,
053266,0,0,0,-35,,,,
053267,0,0,0,-5,,,,
053268,0,0,0,2,,,,
053270,0,0,0,-11,,,,
053276,0,0,0,10,,,,
053277,0,0,0,-201,,,,
053278,0,0,0,-36,,,,
053279,0,0,0,-10,,,,
053281,0,0,0,-427,,,,
053306,0,0,0,3,,,,
053316,0,0,0,-30,,,,
053358,0,0,0,103,,,,
053359,0,0,0,4,,,,
053382,0,0,0,10,,,,
053384,0,0,0,20,,,,
053392,0,0,0,-48,,,,
053403,0,0,0,-32,,,,
053405,0,0,0,55,,,,
053412,0,0,0,143,,,,
053413,0,0,0,256,,,,
053437,0,0,0,-20,,,,
053443,0,0,0,-164,,,,
053448,0,0,0,1,,,,
053452,0,0,0,1,,,,
053456,0,0,0,260,,,,
053486,0,0,0,86,,,,
053488,0,0,0,-126,,,,
053505,0,0,0,61,,,,
053507,0,0,0,9,,,,
053508,0,0,0,1412,,,,
053513,0,0,0,5,,,,
053514,0,0,0,5,,,,
053515,0,0,0,-64,,,,
053516,0,0,0,126,,,,
053517,0,0,0,-4,,,,
053518,0,0,0,452,,,,
053520,0,0,0,-40,,,,
053521,0,0,0,-10,,,,
053524,0,0,0,-6,,,,
053525,0,0,0,-13,,,,
053526,0,0,0,576,,,,
053527,0,0,0,-1,,,,
053528,0,0,0,1,,,,
053529,0,0,0,-73,,,,
053531,0,0,0,3,,,,
053534,0,0,0,-90,,,,
053540,0,0,0,10,,,,
053541,0,0,0,-90,,,,
053562,0,0,0,3,,,,
053594,0,0,0,18,,,,
053595,0,0,0,14,,,,
053597,0,0,0,20,,,,
053600,0,0,0,13,,,,
053609,0,0,0,15,,,,
053640,0,0,0,-10,,,,
053641,0,0,0,4,,,,
053644,0,0,0,-1,,,,
053645,0,0,0,-10,,,,
053647,0,0,0,100,,,,
053648,0,0,0,-27,,,,
053649,0,0,0,2,,,,
053651,0,0,0,-3,,,,
053655,0,0,0,-189,,,,
053656,0,0,0,-49,,,,
053658,0,0,0,21,,,,
053663,0,0,0,-2,,,,
053665,0,0,0,46,,,,
053666,0,0,0,0,,,,
053667,0,0,0,4,,,,
053668,0,0,0,15,,,,
053669,0,0,0,15,,,,
053670,0,0,0,20,,,,
053683,0,0,0,111,,,,
053684,0,0,0,544,,,,
053690,0,0,0,20,,,,
053691,0,0,0,-4,,,,
053711,0,0,0,0,,,,
053735,0,0,0,-643,,,,
053761,0,0,0,-9,,,,
053779,0,0,0,21,,,,
053784,0,0,0,6,,,,
053793,0,0,0,-63,,,,
053810,0,0,0,1,,,,
053845,0,0,0,5,,,,
053855,0,0,0,1,,,,
053856,0,0,0,10,,,,
053858,0,0,0,0,,,,
053860,0,0,0,32,,,,
053881,0,0,0,1,,,,
053901,0,0,0,-54,,,,
053914,0,0,0,-110,,,,
053977,0,0,0,-10,,,,
054017,0,0,0,-710,,,,
054030,0,0,0,-65,,,,
054033,0,0,0,2,,,,
054040,0,0,0,-20,,,,
054050,0,0,0,110,,,,
054051,0,0,0,2,,,,
054053,0,0,0,20,,,,
054087,0,0,0,-10,,,,
054157,0,0,0,40,,,,
054172,0,0,0,37,,,,
054186,0,0,0,32,,,,
054190,0,0,0,1166,,,,
054206,0,0,0,1,,,,
054207,0,0,0,-105,,,,
054251,0,0,0,-594,,,,
054252,0,0,0,86,,,,
054278,0,0,0,-24,,,,
054346,0,0,0,-5,,,,
054361,0,0,0,-20,,,,
054367,0,0,0,8,,,,
054386,0,0,0,20,,,,
054396,0,0,0,22,,,,
054447,0,0,0,-30,,,,
054449,0,0,0,30,,,,
054452,0,0,0,11,,,,
054457,0,0,0,-67,,,,
054458,0,0,0,49,,,,
054459,0,0,0,62,,,,
054460,0,0,0,-9,,,,
054461,0,0,0,-5,,,,
054462,0,0,0,-10,,,,
054463,0,0,0,222,,,,
054468,0,0,0,-13,,,,
054473,0,0,0,1227,,,,
054474,0,0,0,1,,,,
054475,0,0,0,-76,,,,
054476,0,0,0,120,,,,
054477,0,0,0,60,,,,
054478,0,0,0,-4,,,,
054483,0,0,0,71,,,,
054484,0,0,0,1,,,,
054487,0,0,0,7,,,,
054488,0,0,0,8,,,,
054489,0,0,0,136,,,,
054490,0,0,0,-8,,,,
054491,0,0,0,3,,,,
054492,0,0,0,7,,,,
054495,0,0,0,4,,,,
054498,0,0,0,-135,,,,
054499,0,0,0,-26,,,,
054513,0,0,0,1,,,,
054515,0,0,0,290,,,,
054528,0,0,0,1302,,,,
054530,0,0,0,506,,,,
054532,0,0,0,-97,,,,
054550,0,0,0,0,,,,
054554,0,0,0,2,,,,
054560,0,0,0,5,,,,
054563,0,0,0,1,,,,
054584,0,0,0,2,,,,
054592,0,0,0,-40,,,,
054609,0,0,0,2,,,,
054634,0,0,0,11,,,,
054658,0,0,0,-5,,,,
054673,0,0,0,5,,,,
054675,0,0,0,410,,,,
054702,0,0,0,16,,,,
054704,0,0,0,-7,,,,
054705,0,0,0,270,,,,
054706,0,0,0,53,,,,
054707,0,0,0,5,,,,
054708,0,0,0,-1,,,,
054709,0,0,0,-2514,,,,
054710,0,0,0,10,,,,
054730,0,0,0,-5,,,,
054741,0,0,0,4,,,,
054760,0,0,0,3,,,,
054777,0,0,0,2,,,,
054806,0,0,0,-15,,,,
054821,0,0,0,-5,,,,
054830,0,0,0,6,,,,
054842,0,0,0,-109,,,,
054854,0,0,0,4,,,,
054859,0,0,0,20,,,,
054864,0,0,0,-17,,,,
054865,0,0,0,-90,,,,
054873,0,0,0,1,,,,
054882,0,0,0,-68,,,,
054884,0,0,0,0,,,,
054886,0,0,0,24,,,,
054921,0,0,0,25,,,,
054924,0,0,0,-53,,,,
054935,0,0,0,142,,,,
054945,0,0,0,2,,,,
054954,0,0,0,130,,,,
054965,0,0,0,1,,,,
054966,0,0,0,-15,,,,
055041,0,0,0,4,,,,
055052,0,0,0,8,,,,
055066,0,0,0,-195,,,,
055072,0,0,0,19,,,,
055075,0,0,0,5,,,,
055086,0,0,0,-71,,,,
055088,0,0,0,35,,,,
055115,0,0,0,5,,,,
055134,0,0,0,4,,,,
055146,0,0,0,49,,,,
055162,0,0,0,-1,,,,
055204,0,0,0,10,,,,
055218,0,0,0,-64,,,,
055260,-4,0,0,8,,,,
055272,0,0,0,-39,,,,
055273,0,0,0,51,,,,
055293,0,0,0,65,,,,
055341,0,0,0,3,,,,
055342,0,0,0,-4,,,,
055344,0,0,0,-4,,,,
055345,0,0,0,-7,,,,
055352,0,0,0,7,,,,
055361,0,0,0,-15,,,,
055365,0,0,0,26,,,,
055372,0,0,0,-165,,,,
055379,0,0,0,-10,,,,
055381,0,0,0,-1,,,,
055384,0,0,0,-218,,,,
055387,0,0,0,-30,,,,
055388,0,0,0,273,,,,
055391,0,0,0,-48,,,,
055392,0,0,0,-555,,,,
055394,0,0,0,1,,,,
055412,0,0,0,1,,,,
055417,0,0,0,8,,,,
055424,0,0,0,10,,,,
055473,0,0,0,-8,,,,
055474,0,0,0,13,,,,
055485,0,0,0,-114,,,,
055495,0,0,0,-20,,,,
055500,0,0,0,2,,,,
055507,0,0,0,100,,,,
055616,0,0,0,192,,,,
055623,0,0,0,2,,,,
055626,0,0,0,30,,,,
055647,0,0,0,-110,,,,
055648,0,0,0,-72,,,,
055650,0,0,0,-10,,,,
055651,0,0,0,23,,,,
055655,0,0,0,499,,,,
055657,0,0,0,241,,,,
055658,0,0,0,26,,,,
055659,0,0,0,5,,,,
055660,0,0,0,-2,,,,
055661,0,0,0,-119,,,,
055662,0,0,0,64,,,,
055666,0,0,0,49,,,,
055671,0,0,0,64,,,,
055673,0,0,0,5,,,,
055674,0,0,0,-112,,,,
055676,0,0,0,-120,,,,
055678,0,0,0,1,,,,
055681,0,0,0,-1,,,,
055682,0,0,0,33,,,,
055683,0,0,0,11,,,,
055684,0,0,0,3,,,,
055685,0,0,0,1,,,,
055686,0,0,0,-187,,,,
055689,0,0,0,-5,,,,
055690,0,0,0,13,,,,
055692,0,0,0,35,,,,
055694,0,0,0,-131,,,,
055696,0,0,0,1,,,,
055769,0,0,0,-45,,,,
055771,0,0,0,733,,,,
055806,0,0,0,-327,,,,
055817,0,0,0,-30,,,,
055818,0,0,0,10,,,,
055821,0,0,0,1,,,,
055822,0,0,0,1,,,,
055824,0,0,0,1,,,,
055825,0,0,0,30,,,,
055826,0,0,0,19,,,,
055827,0,0,0,179,,,,
055829,0,0,0,-150,,,,
055834,0,0,0,5,,,,
055836,0,0,0,-3,,,,
055837,0,0,0,99,,,,
055838,0,0,0,-1,,,,
055931,0,0,0,-19,,,,
055948,0,0,0,80,,,,
055966,0,0,0,4,,,,
055972,0,0,0,296,,,,
055985,0,0,0,312,,,,
055987,0,0,0,-75,,,,
055992,0,0,0,160,,,,
056029,0,0,0,110,,,,
056031,0,0,0,0,,,,
056053,0,0,0,-3,,,,
056055,0,0,0,-15,,,,
056057,0,0,0,1,,,,
056058,0,0,0,-214,,,,
056061,0,0,0,-104,,,,
056062,0,0,0,5,,,,
056064,0,0,0,18,,,,
056065,0,0,0,154,,,,
056066,0,0,0,10,,,,
056067,0,0,0,569,,,,
056068,0,0,0,391,,,,
056071,0,0,0,11,,,,
056072,0,0,0,-47,,,,
056074,-20,0,0,-137,,,,
056075,0,0,0,132,,,,
056077,0,0,0,4,,,,
056079,0,0,0,19,,,,
056080,0,0,0,-5,,,,
056082,0,0,0,-138,,,,
056083,0,0,0,-7,,,,
056084,0,0,0,-5,,,,
056085,0,0,0,15,,,,
056086,0,0,0,2,,,,
056087,0,0,0,-10,,,,
056090,0,0,0,10,,,,
056091,0,0,0,-40,,,,
056094,0,0,0,1,,,,
056095,0,0,0,10,,,,
056096,0,0,0,2,,,,
056097,0,0,0,-87,,,,
056111,0,0,0,-29,,,,
056114,0,0,0,-45,,,,
056122,0,0,0,6,,,,
056135,0,0,0,5,,,,
056174,0,0,0,7,,,,
056231,0,0,0,220,,,,
056244,0,0,0,89,,,,
056246,0,0,0,8,,,,
056248,0,0,0,10,,,,
056250,0,0,0,8,,,,
056252,0,0,0,-307,,,,
056253,0,0,0,130,,,,
056255,0,0,0,90,,,,
056257,0,0,0,173,,,,
056259,0,0,0,-189,,,,
056275,0,0,0,25,,,,
056307,0,0,0,1,,,,
056311,0,0,0,-308,,,,
056349,0,0,0,3,,,,
056361,0,0,0,-15,,,,
056372,0,0,0,-10,,,,
056391,0,0,0,33,,,,
056394,0,0,0,20,,,,
056400,0,0,0,290,,,,
056424,0,0,0,3,,,,
056432,0,0,0,1,,,,
056439,0,0,0,11,,,,
056470,0,0,0,0,,,,
056479,0,0,0,-10,,,,
056480,0,0,0,-60,,,,
056482,0,0,0,33,,,,
056483,0,0,0,-16,,,,
056484,0,0,0,14,,,,
056487,0,0,0,180,,,,
056488,0,0,0,-19,,,,
056489,0,0,0,4,,,,
056490,0,0,0,65,,,,
056492,0,0,0,3,,,,
056493,0,0,0,-422,,,,
056502,0,0,0,2,,,,
056509,0,0,0,-50,,,,
056528,0,0,0,-8,,,,
056535,0,0,0,2,,,,
056549,0,0,0,-10,,,,
056552,0,0,0,3,,,,
056572,0,0,0,4,,,,
056591,0,0,0,0,,,,
056596,0,0,0,400,,,,
056600,0,0,0,0,,,,
056605,0,0,0,2,,,,
056607,0,0,0,-1,,,,
056613,0,0,0,-339,,,,
056619,0,0,0,-2,,,,
056624,0,0,0,-5,,,,
056625,0,0,0,-73,,,,
056626,0,0,0,-469,,,,
056629,0,0,0,280,,,,
056630,0,0,0,595,,,,
056631,0,0,0,70,,,,
056635,0,0,0,2,,,,
056636,0,0,0,-65,,,,
056638,0,0,0,17,,,,
056639,0,0,0,1054,,,,
056658,0,0,0,-13,,,,
056673,0,0,0,131,,,,
056678,0,0,0,1,,,,
056683,0,0,0,232,,,,
056691,0,0,0,217,,,,
056716,0,0,0,-15,,,,
056727,0,0,0,20,,,,
056737,0,0,0,-1125,,,,
056769,0,0,0,-31,,,,
056773,0,0,0,-85,,,,
056779,0,0,0,-112,,,,
056821,0,0,0,7,,,,
056838,0,0,0,12,,,,
056840,0,0,0,1,,,,
056842,0,0,0,-1228,,,,
056844,0,0,0,-10,,,,
056846,0,0,0,-10,,,,
056847,0,0,0,-19,,,,
056848,0,0,0,-101,,,,
056849,0,0,0,-302,,,,
056850,0,0,0,2,,,,
056852,0,0,0,9,,,,
056854,0,0,0,15,,,,
056855,0,0,0,-2,,,,
056857,0,0,0,16,,,,
056859,0,0,0,18,,,,
056863,0,0,0,1395,,,,
056867,0,0,0,-2,,,,
056868,0,0,0,110,,,,
056872,0,0,0,20,,,,
056875,0,0,0,-14,,,,
056879,0,0,0,50,,,,
056894,0,0,0,-29,,,,
056896,0,0,0,-1982,,,,
056923,0,0,0,13,,,,
056932,0,0,0,-15,,,,
056934,0,0,0,-161,,,,
056945,0,0,0,-105,,,,
056949,0,0,0,2,,,,
056972,0,0,0,-50,,,,
056974,0,0,0,-12,,,,
056982,0,0,0,20,,,,
056983,0,0,0,187,,,,
056994,0,0,0,2,,,,
056996,0,0,0,-294,,,,
057005,0,0,0,387,,,,
057006,0,0,0,-5,,,,
057008,0,0,0,100,,,,
057009,0,0,0,7,,,,
057010,0,0,0,5,,,,
057011,0,0,0,68,,,,
057013,0,0,0,10,,,,
057014,0,0,0,19,,,,
057015,0,0,0,-17,,,,
057018,0,0,0,2,,,,
057020,0,0,0,-127,,,,
057026,0,0,0,-3,,,,
057027,0,0,0,-47,,,,
057029,0,0,0,170,,,,
057030,0,0,0,5,,,,
057031,0,0,0,-12,,,,
057042,0,0,0,3,,,,
057056,0,0,0,-11,,,,
057059,0,0,0,-5,,,,
057072,0,0,0,-46,,,,
057074,0,0,0,-10,,,,
057079,0,0,0,503,,,,
057101,0,0,0,2,,,,
057102,0,0,0,-2,,,,
057103,0,0,0,15,,,,
057113,0,0,0,57,,,,
057114,0,0,0,-10,,,,
057116,0,0,0,10,,,,
057152,0,0,0,57,,,,
057153,0,0,0,-503,,,,
057154,0,0,0,-36,,,,
057155,0,0,0,-12,,,,
057156,0,0,0,-37,,,,
057157,0,0,0,-23,,,,
057159,0,0,0,-1,,,,
057162,0,0,0,10,,,,
057163,0,0,0,9,,,,
057164,0,0,0,222,,,,
057168,0,0,0,565,,,,
057170,0,0,0,40,,,,
057171,0,0,0,10,,,,
057174,0,0,0,-78,,,,
057178,0,0,0,21,,,,
057180,0,0,0,11,,,,
057181,0,0,0,389,,,,
057186,0,0,0,-523,,,,
057187,0,0,0,-599,,,,
057188,0,0,0,-143,,,,
057189,0,0,0,-127,,,,
057190,0,0,0,-21,,,,
057191,0,0,0,-253,,,,
057192,0,0,0,-130,,,,
057193,0,0,0,14,,,,
057194,0,0,0,-146,,,,
057196,0,0,0,180,,,,
057197,0,0,0,3,,,,
057199,0,0,0,1,,,,
057200,0,0,0,65,,,,
057201,0,0,0,1,,,,
057205,0,0,0,10,,,,
057206,0,0,0,5,,,,
057208,0,0,0,-297,,,,
057214,0,0,0,531,,,,
057226,0,0,0,0,,,,
057234,0,0,0,5,,,,
057236,0,0,0,30,,,,
057239,0,0,0,3,,,,
057241,0,0,0,-3,,,,
057255,0,0,0,-3,,,,
057262,0,0,0,45,,,,
057268,0,0,0,-1,,,,
057269,0,0,0,7,,,,
057276,0,0,0,61,,,,
057289,0,0,0,257,,,,
057290,0,0,0,44,,,,
057291,0,0,0,5,,,,
057315,0,0,0,176,,,,
057334,0,0,0,522,,,,
057339,0,0,0,11,,,,
057340,0,0,0,10,,,,
057343,0,0,0,11,,,,
057352,0,0,0,1,,,,
057360,0,0,0,9,,,,
057361,0,0,0,278,,,,
057366,0,0,0,-281,,,,
057367,0,0,0,-30,,,,
057387,0,0,0,112,,,,
057407,0,0,0,-19,,,,
057408,0,0,0,2,,,,
057409,0,0,0,2,,,,
057431,0,0,0,7,,,,
057432,0,0,0,100,,,,
057433,0,0,0,-282,,,,
057434,0,0,0,-284,,,,
057435,0,0,0,1,,,,
057438,0,0,0,-259,,,,
057445,0,0,0,-89,,,,
057451,0,0,0,0,,,,
057456,0,0,0,69,,,,
057459,0,0,0,6,,,,
057483,0,0,0,16,,,,
057492,0,0,0,3,,,,
057500,0,0,0,-112,,,,
057502,0,0,0,104,,,,
057503,0,0,0,46,,,,
057507,0,0,0,-1,,,,
057508,0,0,0,-10,,,,
057509,0,0,0,5,,,,
057510,0,0,0,98,,,,
057511,0,0,0,37,,,,
057513,0,0,0,80,,,,
057514,0,0,0,20,,,,
057517,0,0,0,-108,,,,
057519,0,0,0,50,,,,
057520,0,0,0,-1,,,,
057522,0,0,0,97,,,,
057523,0,0,0,-88,,,,
057524,0,0,0,209,,,,
057525,0,0,0,171,,,,
057527,0,0,0,-10,,,,
057528,0,0,0,27,,,,
057531,0,0,0,-104,,,,
057533,0,0,0,14,,,,
057535,0,0,0,-6,,,,
057538,0,0,0,128,,,,
057539,0,0,0,-104,,,,
057540,0,0,0,-7,,,,
057541,0,0,0,-140,,,,
057543,0,0,0,105,,,,
057544,0,0,0,6,,,,
057546,0,0,0,43,,,,
057547,0,0,0,-102,,,,
057549,0,0,0,-84,,,,
057552,0,0,0,30,,,,
057554,0,0,0,-5,,,,
057555,0,0,0,3,,,,
057557,0,0,0,-295,,,,
057559,0,0,0,40,,,,
057566,0,0,0,1,,,,
057576,0,0,0,25,,,,
057577,0,0,0,10,,,,
057580,0,0,0,236,,,,
057585,0,0,0,-9,,,,
057594,0,0,0,0,,,,
057595,0,0,0,10,,,,
057596,0,0,0,20,,,,
057600,0,0,0,94,,,,
057601,0,0,0,74,,,,
057608,0,0,0,14,,,,
057609,0,0,0,-64,,,,
057614,0,0,0,-214,,,,
057622,0,0,0,2,,,,
057631,0,0,0,-29,,,,
057638,0,0,0,9,,,,
057648,0,0,0,1,,,,
057672,0,0,0,14,,,,
057675,0,0,0,-150,,,,
057680,0,0,0,-50,,,,
057683,0,0,0,-13,,,,
057685,0,0,0,10,,,,
057688,0,0,0,25,,,,
057693,0,0,0,651,,,,
057695,0,0,0,-1,,,,
057710,0,0,0,-31,,,,
057728,0,0,0,55,,,,
057737,0,0,0,2,,,,
057745,0,0,0,0,,,,
057746,0,0,0,-111,,,,
057748,0,0,0,811,,,,
057749,0,0,0,223,,,,
057757,0,0,0,-308,,,,
057759,0,0,0,-129,,,,
057761,0,0,0,1,,,,
057764,0,0,0,4,,,,
057765,0,0,0,106,,,,
057775,0,0,0,-25,,,,
057776,0,0,0,-4,,,,
057778,0,0,0,1,,,,
057779,0,0,0,148,,,,
057782,0,0,0,15,,,,
057783,0,0,0,-10,,,,
057787,0,0,0,4,,,,
057788,0,0,0,10,,,,
057793,0,0,0,1,,,,
057799,0,0,0,-44,,,,
057802,0,0,0,1,,,,
057807,0,0,0,-60,,,,
057810,0,0,0,-42,,,,
057811,0,0,0,-111,,,,
057817,0,0,0,2,,,,
057821,0,0,0,-95,,,,
057825,0,0,0,16,,,,
057829,0,0,0,1,,,,
057831,0,0,0,33,,,,
057835,0,0,0,1,,,,
057843,0,0,0,-10,,,,
057846,1,0,0,-8,,,,
057856,0,0,0,1,,,,
057857,0,0,0,23,,,,
057880,0,0,0,-164,,,,
057886,0,0,0,10,,,,
057898,0,0,0,10,,,,
057900,0,0,0,7,,,,
057904,0,0,0,10,,,,
057907,0,0,0,2,,,,
057916,0,0,0,80,,,,
057933,0,0,0,2,,,,
057936,0,0,0,0,,,,
057941,0,0,0,246,,,,
057973,0,0,0,133,,,,
057988,0,0,0,3,,,,
057997,0,0,0,1,,,,
058002,0,0,0,130,,,,
058011,0,0,0,20,,,,
058017,0,0,0,-236,,,,
058038,0,0,0,-1,,,,
058059,0,0,0,-1,,,,
058091,0,0,0,26,,,,
058094,0,0,0,17,,,,
058095,0,0,0,8,,,,
058097,0,0,0,10,,,,
058099,0,0,0,200,,,,
058102,0,0,0,-96,,,,
058112,0,0,0,10,,,,
058141,0,0,0,3,,,,
058155,0,0,0,212,,,,
058158,0,0,0,51,,,,
058159,0,0,0,-20,,,,
058161,0,0,0,742,,,,
058170,0,0,0,-215,,,,
058175,0,0,0,-53,,,,
058186,0,0,0,150,,,,
058187,0,0,0,-133,,,,
058197,0,0,0,-137,,,,
058236,0,0,0,0,,,,
058238,0,0,0,-147,,,,
058253,0,0,0,-29,,,,
058268,0,0,0,-33,,,,
058274,0,0,0,10,,,,
058288,0,0,0,-8,,,,
058289,0,0,0,38,,,,
058293,0,0,0,-69,,,,
058304,0,0,0,30,,,,
058305,0,0,0,-29,,,,
058308,0,0,0,90,,,,
058312,0,0,0,-207,,,,
058313,0,0,0,-27,,,,
058315,0,0,0,5,,,,
058316,0,0,0,-448,,,,
058321,0,0,0,13,,,,
058322,0,0,0,-557,,,,
058323,0,0,0,522,,,,
058324,0,0,0,-1340,,,,
058325,0,0,0,30,,,,
058329,0,0,0,515,,,,
058330,0,0,0,51,,,,
058337,0,0,0,20,,,,
058340,0,0,0,72,,,,
058344,0,0,0,-89,,,,
058357,0,0,0,-9,,,,
058362,0,0,0,23,,,,
058363,0,0,0,-20,,,,
058371,0,0,0,123,,,,
058379,0,0,0,10,,,,
058380,0,0,0,33,,,,
058396,0,0,0,3,,,,
058397,0,0,0,2,,,,
058404,0,0,0,3,,,,
058405,0,0,0,-1162,,,,
058406,0,0,0,1,,,,
058431,0,0,0,10,,,,
058435,0,0,0,81,,,,
058437,0,0,0,-110,,,,
058441,0,0,0,27,,,,
058442,0,0,0,464,,,,
058451,0,0,0,5,,,,
058456,0,0,0,2,,,,
058458,0,0,0,-11,,,,
058489,0,0,0,57,,,,
058495,0,0,0,-1,,,,
058499,0,0,0,2,,,,
058500,0,0,0,121,,,,
058534,0,0,0,-243,,,,
058545,0,0,0,5,,,,
058548,0,0,0,250,,,,
058549,0,0,0,3,,,,
058554,0,0,0,-4,,,,
058555,0,0,0,3,,,,
058557,0,0,0,13,,,,
058560,0,0,0,335,,,,
058562,0,0,0,-1,,,,
058563,0,0,0,41,,,,
058567,0,0,0,-13,,,,
058584,0,0,0,8,,,,
058602,0,0,0,6,,,,
058603,0,0,0,2,,,,
058605,0,0,0,25,,,,
058606,0,0,0,21,,,,
058607,0,0,0,-264,,,,
058608,0,0,0,57,,,,
058609,0,0,0,-598,,,,
058610,0,0,0,-26,,,,
058611,0,0,0,-1,,,,
058612,0,0,0,22,,,,
058613,0,0,0,-1,,,,
058615,0,0,0,340,,,,
058616,0,0,0,5,,,,
058618,0,0,0,-34,,,,
058619,0,0,0,455,,,,
058620,0,0,0,-59,,,,
058621,0,0,0,88,,,,
058623,0,0,0,-100,,,,
058625,0,0,0,93,,,,
058626,0,0,0,32,,,,
058628,0,0,0,728,,,,
058631,0,0,0,-5,,,,
058632,0,0,0,-28,,,,
058633,0,0,0,125,,,,
058636,0,0,0,24,,,,
058637,0,0,0,12,,,,
058638,0,0,0,7,,,,
058639,0,0,0,124,,,,
058640,0,0,0,-585,,,,
058642,0,0,0,131,,,,
058646,0,0,0,250,,,,
058657,0,0,0,-59,,,,
058665,0,0,0,-176,,,,
058671,0,0,0,109,,,,
058679,0,0,0,135,,,,
058701,0,0,0,-561,,,,
058713,0,0,0,7,,,,
058719,0,0,0,0,,,,
058724,0,0,0,32,,,,
058726,0,0,0,-328,,,,
058735,0,0,0,6,,,,
058736,0,0,0,-430,,,,
058738,0,0,0,119,,,,
058762,0,0,0,25,,,,
058768,0,0,0,-6,,,,
058772,0,0,0,-1,,,,
058775,0,0,0,-12,,,,
058780,0,0,0,35,,,,
058787,0,0,0,1,,,,
058788,0,0,0,100,,,,
058789,0,0,0,1,,,,
058790,0,0,0,535,,,,
058793,0,0,0,-8,,,,
058794,0,0,0,-60,,,,
058795,0,0,0,1,,,,
058812,0,0,0,15,,,,
058830,0,0,0,-2,,,,
058831,0,0,0,129,,,,
058833,0,0,0,-30,,,,
058836,0,0,0,2,,,,
058839,0,0,0,-260,,,,
058840,0,0,0,48,,,,
058843,0,0,0,-52,,,,
058844,0,0,0,-74,,,,
058845,0,0,0,-49,,,,
058851,0,0,0,37,,,,
058855,0,0,0,119,,,,
058856,0,0,0,-22,,,,
058860,0,0,0,16,,,,
058861,0,0,0,222,,,,
058862,0,0,0,-66,,,,
058863,0,0,0,123,,,,
058864,0,0,0,6,,,,
058865,0,0,0,-38,,,,
058866,0,0,0,-28,,,,
058867,0,0,0,-10,,,,
058869,0,0,0,-20,,,,
058870,0,0,0,-131,,,,
058871,0,0,0,-24,,,,
058876,0,0,0,-5,,,,
058880,0,0,0,7,,,,
058882,0,0,0,-138,,,,
058884,0,0,0,-200,,,,
058886,0,0,0,200,,,,
058888,0,0,0,5,,,,
058899,0,0,0,-50,,,,
058902,0,0,0,400,,,,
058906,0,0,0,24,,,,
058913,0,0,0,66,,,,
058914,0,0,0,154,,,,
058936,0,0,0,-95,,,,
058942,0,0,0,9,,,,
058967,0,0,0,-5,,,,
059004,0,0,0,-119,,,,
059007,0,0,0,34,,,,
059012,0,0,0,-1,,,,
059013,0,0,0,519,,,,
059014,0,0,0,-28,,,,
059017,0,0,0,-141,,,,
059018,0,0,0,-29,,,,
059019,0,0,0,10,,,,
059021,0,0,0,22,,,,
059022,0,0,0,25,,,,
059028,0,0,0,4,,,,
059030,0,0,0,5,,,,
059034,0,0,0,-497,,,,
059035,0,0,0,51,,,,
059036,0,0,0,51,,,,
059037,0,0,0,-10,,,,
059039,0,0,0,1,,,,
059040,0,0,0,-637,,,,
059041,0,0,0,140,,,,
059043,0,0,0,34,,,,
059044,0,0,0,130,,,,
059045,0,0,0,-57,,,,
059049,3,0,0,77,,,,
059050,0,0,0,169,,,,
059051,0,0,0,185,,,,
059053,0,0,0,200,,,,
059058,0,0,0,158,,,,
059059,0,0,0,107,,,,
059060,0,0,0,30,,,,
059061,0,0,0,7,,,,
059062,0,0,0,5,,,,
059063,0,0,0,56,,,,
059064,0,0,0,-8,,,,
059065,0,0,0,14,,,,
059066,0,0,0,97,,,,
059068,0,0,0,2267,,,,
059069,0,0,0,-10,,,,
059070,0,0,0,20,,,,
059071,0,0,0,10,,,,
059074,0,0,0,50,,,,
059080,0,0,0,20,,,,
059081,0,0,0,65,,,,
059082,0,0,0,12,,,,
059083,0,0,0,2,,,,
059114,0,0,0,-5,,,,
059121,0,0,0,59,,,,
059122,0,0,0,47,,,,
059128,0,0,0,21,,,,
059130,0,0,0,1,,,,
059133,0,0,0,-100,,,,
059148,0,0,0,-2,,,,
059160,0,0,0,18,,,,
059177,0,0,0,-109,,,,
059184,0,0,0,1,,,,
059187,0,0,0,-62,,,,
059190,0,0,0,13,,,,
059194,0,0,0,48,,,,
059196,0,0,0,2,,,,
059197,0,0,0,-33,,,,
059200,0,0,0,91,,,,
059212,0,0,0,-5,,,,
059213,0,0,0,83,,,,
059220,0,0,0,-30,,,,
059221,0,0,0,-76,,,,
059223,0,0,0,-3,,,,
059225,0,0,0,13,,,,
059229,0,0,0,-5,,,,
059237,0,0,0,129,,,,
059238,-5,0,0,5,,,,
059242,0,0,0,-47,,,,
059248,0,0,0,37,,,,
059254,0,0,0,-10,,,,
059262,0,0,0,60,,,,
059268,0,0,0,2,,,,
059269,0,0,0,148,,,,
059271,0,0,0,2,,,,
059298,0,0,0,132,,,,
059299,0,0,0,-452,,,,
059310,0,0,0,0,,,,
059316,0,0,0,1,,,,
059321,0,0,0,-2,,,,
059333,0,0,0,-30,,,,
059339,0,0,0,46,,,,
059340,0,0,0,-1,,,,
059345,0,0,0,1,,,,
059348,0,0,0,-70,,,,
059356,0,0,0,10,,,,
059365,0,0,0,102,,,,
059366,0,0,0,75,,,,
059372,0,0,0,-2,,,,
059380,0,0,0,596,,,,
059381,0,0,0,-147,,,,
059382,0,0,0,666,,,,
059385,0,0,0,-14,,,,
059390,0,0,0,3,,,,
059391,0,0,0,-10,,,,
059399,0,0,0,95,,,,
059413,0,0,0,-177,,,,
059414,0,0,0,2,,,,
059415,0,0,0,51,,,,
059416,0,0,0,-108,,,,
059417,0,0,0,-2,,,,
059418,0,0,0,9,,,,
059419,0,0,0,1,,,,
059421,0,0,0,22,,,,
059422,0,0,0,-10,,,,
059425,0,0,0,-106,,,,
059430,0,0,0,5,,,,
059438,0,0,0,-11,,,,
059445,0,0,0,29,,,,
059451,0,0,0,1,,,,
059453,0,0,0,27,,,,
059457,0,0,0,10,,,,
059459,0,0,0,91,,,,
059472,0,0,0,7,,,,
059490,0,0,0,11,,,,
059503,0,0,0,-10,,,,
059552,0,0,0,-41,,,,
059563,0,0,0,163,,,,
059565,0,0,0,10,,,,
059567,0,0,0,251,,,,
059569,0,0,0,-15,,,,
059573,0,0,0,46,,,,
059574,0,0,0,-27,,,,
059577,0,0,0,1,,,,
059578,0,0,0,-3,,,,
059580,0,0,0,100,,,,
059587,0,0,0,5,,,,
059588,0,0,0,8,,,,
059589,0,0,0,62,,,,
059597,0,0,0,-36,,,,
059602,0,0,0,10,,,,
059614,0,0,0,-206,,,,
059615,0,0,0,303,,,,
059618,0,0,0,21,,,,
059623,0,0,0,30,,,,
059630,0,0,0,306,,,,
059631,0,0,0,-218,,,,
059633,0,0,0,-148,,,,
059635,0,0,0,10,,,,
059636,0,0,0,582,,,,
059637,0,0,0,-10,,,,
059639,0,0,0,46,,,,
059640,0,0,0,5,,,,
059641,0,0,0,-5,,,,
059643,0,0,0,1,,,,
059644,0,0,0,49,,,,
059646,0,0,0,133,,,,
059647,0,0,0,120,,,,
059651,0,0,0,-3,,,,
059652,0,0,0,89,,,,
059653,0,0,0,31,,,,
059655,0,0,0,31,,,,
059656,0,0,0,-10,,,,
059658,0,0,0,-59,,,,
059659,0,0,0,71,,,,
059660,0,0,0,-224,,,,
059661,0,0,0,-68,,,,
059662,0,0,0,1,,,,
059663,0,0,0,35,,,,
059665,0,0,0,22,,,,
059668,0,0,0,13,,,,
059669,0,0,0,-94,,,,
059670,0,0,0,280,,,,
059671,0,0,0,-20,,,,
059675,0,0,0,1,,,,
059679,0,0,0,26,,,,
059680,0,0,0,-7,,,,
059681,0,0,0,11,,,,
059695,0,0,0,6,,,,
059705,0,0,0,15,,,,
059707,0,0,0,4,,,,
059714,0,0,0,70,,,,
059715,0,0,0,-48,,,,
059726,0,0,0,5,,,,
059731,0,0,0,14,,,,
059739,0,0,0,88,,,,
059750,0,0,0,-3,,,,
059754,0,0,0,2,,,,
059759,0,0,0,5,,,,
059761,0,0,0,290,,,,
059769,0,0,0,30,,,,
059772,0,0,0,2,,,,
059773,0,0,0,39,,,,
059777,0,0,0,23,,,,
059782,0,0,0,200,,,,
059791,0,0,0,13,,,,
059805,0,0,0,-92,,,,
059813,0,0,0,-21,,,,
059833,0,0,0,10,,,,
059835,0,0,0,2,,,,
059837,0,0,0,209,,,,
059842,0,0,0,2,,,,
059845,0,0,0,-37,,,,
059857,0,0,0,31,,,,
059859,0,0,0,6,,,,
059860,0,0,0,68,,,,
059866,0,0,0,23,,,,
059867,0,0,0,75,,,,
059870,0,0,0,56,,,,
059874,0,0,0,0,,,,
059875,0,0,0,-103,,,,
059876,0,0,0,35,,,,
059879,0,0,0,5,,,,
059880,0,0,0,150,,,,
059881,0,0,0,-11,,,,
059893,0,0,0,133,,,,
059921,0,0,0,-75,,,,
059922,0,0,0,-255,,,,
059926,0,0,0,163,,,,
059936,0,0,0,-2,,,,
059940,0,0,0,-2,,,,
059941,0,0,0,-1,,,,
059942,0,0,0,-139,,,,
059945,0,0,0,-1,,,,
059954,0,0,0,-1,,,,
059959,0,0,0,-10,,,,
059970,0,0,0,-6,,,,
059975,0,0,0,0,,,,
059976,0,0,0,5,,,,
059982,0,0,0,10,,,,
059991,0,0,0,61,,,,
059993,0,0,0,-102,,,,
059995,0,0,0,-21,,,,
059999,0,0,0,-10,,,,
060001,0,0,0,92,,,,
060009,0,0,0,26,,,,
060010,0,0,0,60,,,,
060016,0,0,0,50,,,,
060020,0,0,0,70,,,,
060026,0,0,0,5,,,,
060032,0,0,0,-42,,,,
060036,0,0,0,40,,,,
060037,0,0,0,101,,,,
060052,0,0,0,64,,,,
060055,0,0,0,400,,,,
060057,0,0,0,45,,,,
060067,0,0,0,-14,,,,
060072,0,0,0,-16,,,,
060073,0,0,0,38,,,,
060079,0,0,0,69,,,,
060086,0,0,0,3,,,,
060090,0,0,0,191,,,,
060094,0,0,0,-2,,,,
060095,0,0,0,610,,,,
060098,0,0,0,3,,,,
060100,0,0,0,1457,,,,
060103,0,0,0,36,,,,
060135,0,0,0,6,,,,
060146,0,0,0,-57,,,,
060159,0,0,0,-1,,,,
060168,0,0,0,192,,,,
060169,0,0,0,13,,,,
060177,0,0,0,-403,,,,
060178,0,0,0,47,,,,
060179,0,0,0,3,,,,
060180,0,0,0,255,,,,
060181,0,0,0,-64,,,,
060182,0,0,0,-42,,,,
060185,0,0,0,-48,,,,
060188,0,0,0,5,,,,
060192,0,0,0,55,,,,
060193,0,0,0,7,,,,
060194,0,0,0,83,,,,
060198,0,0,0,92,,,,
060199,0,0,0,81,,,,
060201,0,0,0,30,,,,
060202,0,0,0,1656,,,,
060204,0,0,0,-245,,,,
060211,0,0,0,50,,,,
060212,0,0,0,-230,,,,
060213,0,0,0,5,,,,
060215,0,0,0,198,,,,
060216,0,0,0,38,,,,
060222,0,0,0,2,,,,
060227,0,0,0,30,,,,
060231,0,0,0,-176,,,,
060232,0,0,0,1,,,,
060233,0,0,0,233,,,,
060234,0,0,0,55,,,,
060235,0,0,0,9,,,,
060236,0,0,0,305,,,,
060238,0,0,0,-19,,,,
060241,0,0,0,30,,,,
060243,0,0,0,64,,,,
060252,0,0,0,-10,,,,
060254,0,0,0,-29,,,,
060263,0,0,0,253,,,,
060266,0,0,0,100,,,,
060277,0,0,0,20,,,,
060279,0,0,0,-33,,,,
060280,0,0,0,-117,,,,
060283,0,0,0,12,,,,
060284,0,0,0,274,,,,
060295,0,0,0,-95,,,,
060297,0,0,0,196,,,,
060304,0,0,0,-3,,,,
060308,0,0,0,3,,,,
060312,0,0,0,3,,,,
060314,0,0,0,182,,,,
060331,0,0,0,78,,,,
060340,0,0,0,11,,,,
060341,0,0,0,-2,,,,
060348,0,0,0,-309,,,,
060355,0,0,0,116,,,,
060389,0,0,0,4,,,,
060399,0,0,0,5,,,,
060400,0,0,0,11,,,,
060401,0,0,0,-56,,,,
060402,0,0,0,1,,,,
060412,0,0,0,2,,,,
060413,0,0,0,-8,,,,
060421,0,0,0,19,,,,
060423,0,0,0,785,,,,
060428,0,0,0,1,,,,
060433,0,0,0,1,,,,
060435,0,0,0,2,,,,
060442,0,0,0,50,,,,
060449,0,0,0,3,,,,
060450,0,0,0,297,,,,
060452,0,0,0,1,,,,
060456,0,0,0,20,,,,
060458,0,0,0,23,,,,
060459,0,0,0,-22,,,,
060460,0,0,0,40,,,,
060461,0,0,0,42,,,,
060465,0,0,0,51,,,,
060472,0,0,0,5,,,,
060478,0,0,0,264,,,,
060482,0,0,0,50,,,,
060491,0,0,0,158,,,,
060495,0,0,0,9,,,,
060496,0,0,0,16,,,,
060519,0,0,0,7,,,,
060521,0,0,0,2,,,,
060522,0,0,0,20,,,,
060523,0,0,0,-70,,,,
060527,0,0,0,-50,,,,
060531,0,0,0,4,,,,
060546,0,0,0,-24,,,,
060547,0,0,0,47,,,,
060553,0,0,0,-118,,,,
060580,0,0,0,8,,,,
060582,0,0,0,1,,,,
060586,0,0,0,-2,,,,
060587,0,0,0,100,,,,
060588,0,0,0,10,,,,
060594,0,0,0,-1,,,,
060610,0,0,0,0,,,,
060611,0,0,0,450,,,,
060619,0,0,0,50,,,,
060622,0,0,0,4,,,,
060666,0,0,0,30,,,,
060676,0,0,0,-1460,,,,
060678,0,0,0,71,,,,
060681,0,0,0,-87,,,,
060684,0,0,0,-8,,,,
060687,0,0,0,10,,,,
060688,0,0,0,55,,,,
060689,0,0,0,-767,,,,
060695,0,0,0,5,,,,
060697,0,0,0,23,,,,
060700,0,0,0,-9,,,,
060707,0,0,0,-58,,,,
060708,0,0,0,5,,,,
060715,0,0,0,-69,,,,
060718,0,0,0,3,,,,
060723,0,0,0,85,,,,
060724,0,0,0,151,,,,
060725,0,0,0,8,,,,
060728,0,0,0,-100,,,,
060729,0,0,0,288,,,,
060730,0,0,0,503,,,,
060731,0,0,0,17,,,,
060733,0,0,0,-15,,,,
060735,0,0,0,115,,,,
060739,0,0,0,-48,,,,
060743,0,0,0,262,,,,
060744,0,0,0,197,,,,
060745,0,0,0,220,,,,
060749,0,0,0,7,,,,
060750,0,0,0,49,,,,
060755,0,0,0,4,,,,
060760,0,0,0,39,,,,
060768,0,0,0,110,,,,
060772,0,0,0,54,,,,
060785,0,0,0,10,,,,
060810,0,0,0,-13,,,,
060819,0,0,0,901,,,,
060820,0,0,0,1,,,,
060825,0,0,0,472,,,,
060834,0,0,0,1087,,,,
060853,0,0,0,-9,,,,
060875,0,0,0,1,,,,
060879,0,0,0,81,,,,
060899,0,0,0,-22,,,,
060906,0,0,0,1379,,,,
060911,0,0,0,65,,,,
060912,0,0,0,-103,,,,
060915,0,0,0,-4,,,,
060922,0,0,0,-10,,,,
060923,0,0,0,-212,,,,
060925,0,0,0,148,,,,
060926,0,0,0,456,,,,
060930,0,0,0,-285,,,,
060940,0,0,0,495,,,,
060944,0,0,0,20,,,,
060951,0,0,0,-997,,,,
060956,0,0,0,318,,,,
060958,0,0,0,32,,,,
060959,0,0,0,19,,,,
060965,0,0,0,-26,,,,
060968,0,0,0,-2,,,,
060973,0,0,0,15,,,,
060974,0,0,0,110,,,,
060980,0,0,0,5,,,,
060985,0,0,0,11,,,,
060986,0,0,0,65,,,,
060990,0,0,0,0,,,,
060999,0,0,0,50,,,,
061002,0,0,0,-47,,,,
061015,0,0,0,-10,,,,
061019,0,0,0,36,,,,
061033,0,0,0,-390,,,,
061063,0,0,0,31,,,,
061064,0,0,0,4,,,,
061066,0,0,0,-7,,,,
061067,0,0,0,10,,,,
061070,0,0,0,-10,,,,
061073,0,0,0,270,,,,
061078,0,0,0,183,,,,
061080,0,0,0,-90,,,,
061083,0,0,0,2,,,,
061085,0,0,0,1,,,,
061086,0,0,0,-2,,,,
061087,0,0,0,-96,,,,
061089,0,0,0,-50,,,,
061090,0,0,0,107,,,,
061091,0,0,0,-605,,,,
061107,0,0,0,10,,,,
061124,0,0,0,31,,,,
061139,0,0,0,33,,,,
061143,0,0,0,2,,,,
061144,0,0,0,-20,,,,
061145,0,0,0,-3,,,,
061151,0,0,0,-1,,,,
061152,0,0,0,2,,,,
061154,0,0,0,7,,,,
061156,0,0,0,-188,,,,
061158,0,0,0,2,,,,
061160,0,0,0,4,,,,
061161,0,0,0,-31,,,,
061162,0,0,0,-61,,,,
061168,0,0,0,-86,,,,
061182,0,0,0,6,,,,
061183,0,0,0,55,,,,
061237,0,0,0,-21,,,,
061246,0,0,0,1,,,,
061264,0,0,0,604,,,,
061265,0,0,0,3,,,,
061270,0,0,0,261,,,,
061271,0,0,0,38,,,,
061274,0,0,0,1,,,,
061292,0,0,0,2,,,,
061295,0,0,0,51,,,,
061303,0,0,0,63,,,,
061311,0,0,0,34,,,,
061313,0,0,0,-70,,,,
061320,0,0,0,20,,,,
061324,0,0,0,10,,,,
061327,0,0,0,1,,,,
061334,-1,0,0,1,,,,
061348,0,0,0,205,,,,
061391,0,0,0,-148,,,,
061394,0,0,0,-10,,,,
061399,0,0,0,-50,,,,
061402,0,0,0,21,,,,
061416,0,0,0,9,,,,
061419,0,0,0,-15,,,,
061421,0,0,0,23,,,,
061423,0,0,0,20,,,,
061424,0,0,0,4,,,,
061425,0,0,0,200,,,,
061427,0,0,0,467,,,,
061428,0,0,0,507,,,,
061432,0,0,0,282,,,,
061455,0,0,0,48,,,,
061461,0,0,0,13,,,,
061466,0,0,0,-273,,,,
061473,0,0,0,3,,,,
061474,0,0,0,-98,,,,
061492,0,0,0,-1,,,,
061493,0,0,0,18,,,,
061494,0,0,0,48,,,,
061507,0,0,0,30,,,,
061515,0,0,0,10,,,,
061523,0,0,0,-100,,,,
061534,0,0,0,4,,,,
061538,0,0,0,-394,,,,
061544,0,0,0,72,,,,
061556,0,0,0,17,,,,
061561,0,0,0,-140,,,,
061563,0,0,0,60,,,,
061564,0,0,0,30,,,,
061565,0,0,0,10,,,,
061566,0,0,0,-10,,,,
061567,0,0,0,-128,,,,
061569,0,0,0,32,,,,
061572,0,0,0,6,,,,
061578,0,0,0,-53,,,,
061579,0,0,0,1,,,,
061580,0,0,0,-15,,,,
061584,0,0,0,-744,,,,
061586,0,0,0,3,,,,
061590,0,0,0,15,,,,
061591,0,0,0,73,,,,
061600,0,0,0,-194,,,,
061603,0,0,0,24,,,,
061605,0,0,0,-28,,,,
061606,0,0,0,-31,,,,
061607,0,0,0,-50,,,,
061608,0,0,0,295,,,,
061622,0,0,0,10,,,,
061640,0,0,0,40,,,,
061647,0,0,0,7,,,,
061649,0,0,0,109,,,,
061654,0,0,0,-40,,,,
061668,0,0,0,260,,,,
061670,0,0,0,2,,,,
061673,0,0,0,-80,,,,
061678,0,0,0,10,,,,
061680,0,0,0,127,,,,
061683,0,0,0,6,,,,
061685,0,0,0,-51,,,,
061707,0,0,0,-12,,,,
061719,0,0,0,11,,,,
061720,0,0,0,4,,,,
061725,0,0,0,7,,,,
061731,0,0,0,1,,,,
061733,0,0,0,30,,,,
061736,0,0,0,90,,,,
061740,0,0,0,3,,,,
061747,0,0,0,30,,,,
061750,0,0,0,130,,,,
061752,0,0,0,81,,,,
061756,0,0,0,-67,,,,
061759,0,0,0,15,,,,
061760,0,0,0,239,,,,
061762,0,0,0,1293,,,,
061763,0,0,0,5,,,,
061768,0,0,0,129,,,,
061769,0,0,0,45,,,,
061777,0,0,0,689,,,,
061778,0,0,0,-4,,,,
061779,0,0,0,10,,,,
061782,0,0,0,1,,,,
061783,0,0,0,3,,,,
061784,0,0,0,1118,,,,
061790,0,0,0,1,,,,
061791,0,0,0,155,,,,
061808,0,0,0,10,,,,
061811,0,0,0,-6,,,,
061816,0,0,0,361,,,,
061821,0,0,0,240,,,,
061827,0,0,0,8,,,,
061844,0,0,0,0,,,,
061846,0,0,0,1,,,,
061849,0,0,0,100,,,,
061850,0,0,0,-15,,,,
061858,0,0,0,20,,,,
061862,0,0,0,24,,,,
061864,0,0,0,-604,,,,
061866,0,0,0,-366,,,,
061876,0,0,0,12,,,,
061877,0,0,0,4,,,,
061895,0,0,0,-5,,,,
061923,0,0,0,-32,,,,
061929,0,0,0,53,,,,
061938,0,0,0,78,,,,
061944,0,0,0,799,,,,
061945,-2524,0,0,1028,,,,
061946,0,0,0,-1720,,,,
061947,0,0,0,20,,,,
061949,0,0,0,181,,,,
061952,0,0,0,-98,,,,
061954,0,0,0,1516,,,,
061955,0,0,0,46,,,,
061956,0,0,0,135,,,,
061958,0,0,0,100,,,,
061962,0,0,0,487,,,,
061963,0,0,0,-250,,,,
061964,0,0,0,1,,,,
061985,0,0,0,2,,,,
061988,0,0,0,5,,,,
061994,0,0,0,1115,,,,
062006,0,0,0,60,,,,
062008,0,0,0,-1,,,,
062011,0,0,0,-10,,,,
062014,0,0,0,28,,,,
062015,0,0,0,1,,,,
062017,0,0,0,0,,,,
062018,0,0,0,-107,,,,
062022,0,0,0,63,,,,
062027,0,0,0,-422,,,,
062036,0,0,0,516,,,,
062037,0,0,0,-72,,,,
062038,0,0,0,23,,,,
062039,0,0,0,5,,,,
062040,0,0,0,10,,,,
062041,0,0,0,-20,,,,
062044,0,0,0,1,,,,
062045,0,0,0,-998,,,,
062046,0,0,0,29,,,,
062053,0,0,0,10,,,,
062067,0,0,0,37,,,,
062071,0,0,0,3,,,,
062088,0,0,0,12,,,,
062094,0,0,0,71,,,,
062095,0,0,0,440,,,,
062096,0,0,0,10,,,,
062115,0,0,0,527,,,,
062126,0,0,0,-2,,,,
062127,0,0,0,30,,,,
062128,0,0,0,-10,,,,
062131,0,0,0,-190,,,,
062146,0,0,0,-111,,,,
062151,0,0,0,21,,,,
062162,0,0,0,25,,,,
062163,0,0,0,-53,,,,
062169,0,0,0,-20,,,,
062170,0,0,0,46,,,,
062175,0,0,0,632,,,,
062178,0,0,0,61,,,,
062179,0,0,0,3,,,,
062181,0,0,0,-90,,,,
062182,0,0,0,5,,,,
062185,0,0,0,-105,,,,
062186,0,0,0,-1,,,,
062187,0,0,0,185,,,,
062188,0,0,0,-160,,,,
062199,0,0,0,-2,,,,
062200,0,0,0,-3,,,,
062207,0,0,0,20,,,,
062211,0,0,0,42,,,,
062235,0,0,0,-25,,,,
062236,0,0,0,2000,,,,
062270,0,0,0,39,,,,
062273,0,0,0,70,,,,
062286,0,0,0,70,,,,
062287,0,0,0,29,,,,
062292,0,0,0,10,,,,
062296,0,0,0,-35,,,,
062316,0,0,0,365,,,,
062318,0,0,0,18,,,,
062326,0,0,0,-3,,,,
062330,0,0,0,206,,,,
062335,0,0,0,56,,,,
062339,0,0,0,-32,,,,
062340,0,0,0,60,,,,
062341,0,0,0,210,,,,
062342,0,0,0,161,,,,
062343,0,0,0,175,,,,
062349,0,0,0,-4,,,,
062352,0,0,0,-40,,,,
062354,0,0,0,279,,,,
062355,0,0,0,55,,,,
062356,0,0,0,76,,,,
062358,0,0,0,1,,,,
062364,0,0,0,-5,,,,
062365,0,0,0,-208,,,,
062366,0,0,0,1105,,,,
062368,0,0,0,3,,,,
062371,0,0,0,27,,,,
062372,0,0,0,3,,,,
062373,0,0,0,42,,,,
062374,0,0,0,21,,,,
062375,0,0,0,-15,,,,
062377,0,0,0,3,,,,
062381,0,0,0,8,,,,
062393,0,0,0,210,,,,
062394,0,0,0,15,,,,
062397,0,0,0,-1,,,,
062401,0,0,0,-18,,,,
062404,0,0,0,4,,,,
062405,0,0,0,5,,,,
062410,0,0,0,-4,,,,
062414,0,0,0,-619,,,,
062422,0,0,0,30,,,,
062425,0,0,0,79,,,,
062427,0,0,0,35,,,,
062433,0,0,0,1,,,,
062439,0,0,0,-40,,,,
062440,0,0,0,1044,,,,
062442,0,0,0,4,,,,
062465,0,0,0,4,,,,
062469,0,0,0,-28,,,,
062472,0,0,0,5,,,,
062486,0,0,0,-8,,,,
062513,0,0,0,10,,,,
062516,0,0,0,-5,,,,
062518,0,0,0,1,,,,
062521,0,0,0,-1534,,,,
062546,0,0,0,-10,,,,
062557,0,0,0,127,,,,
062584,0,0,0,10,,,,
062594,0,0,0,4,,,,
062595,0,0,0,73,,,,
062596,0,0,0,10,,,,
062598,0,0,0,-1,,,,
062600,0,0,0,-200,,,,
062607,0,0,0,25,,,,
062610,0,0,0,2,,,,
062618,0,0,0,-461,,,,
062620,0,0,0,59,,,,
062621,0,0,0,1,,,,
062626,0,0,0,-12,,,,
062628,0,0,0,1,,,,
062629,0,0,0,345,,,,
062634,0,0,0,163,,,,
062635,0,0,0,-30,,,,
062636,0,0,0,81,,,,
062641,0,0,0,-121,,,,
062647,0,0,0,329,,,,
062648,0,0,0,184,,,,
062649,0,0,0,46,,,,
062650,0,0,0,1217,,,,
062651,0,0,0,-345,,,,
062652,0,0,0,559,,,,
062653,0,0,0,38,,,,
062654,0,0,0,-27,,,,
062655,0,0,0,18,,,,
062656,0,0,0,-39,,,,
062658,0,0,0,-2,,,,
062659,0,0,0,58,,,,
062662,0,0,0,50,,,,
062663,0,0,0,40,,,,
062664,0,0,0,18,,,,
062665,0,0,0,51,,,,
062666,0,0,0,40,,,,
062670,0,0,0,81,,,,
062671,0,0,0,-30,,,,
062672,0,0,0,219,,,,
062675,0,0,0,-21,,,,
062677,0,0,0,-9,,,,
062678,0,0,0,-73,,,,
062679,0,0,0,-1,,,,
062683,0,0,0,39,,,,
062690,0,0,0,15,,,,
062693,0,0,0,-504,,,,
062697,0,0,0,-10,,,,
062701,0,0,0,-10,,,,
062702,0,0,0,-54,,,,
062704,0,0,0,-5,,,,
062706,0,0,0,18,,,,
062709,0,0,0,56,,,,
062713,0,0,0,130,,,,
062717,0,0,0,1,,,,
062723,0,0,0,10,,,,
062726,0,0,0,113,,,,
062728,0,0,0,37,,,,
062731,0,0,0,20,,,,
062738,0,0,0,-22,,,,
062741,0,0,0,210,,,,
062742,0,0,0,-149,,,,
062749,0,0,0,27,,,,
062766,0,0,0,-10,,,,
062767,0,0,0,30,,,,
062769,0,0,0,63,,,,
062772,0,0,0,23,,,,
062775,0,0,0,-19,,,,
062776,-24,0,0,50,,,,
062778,0,0,0,90,,,,
062784,0,0,0,24,,,,
062788,0,0,0,10,,,,
062789,0,0,0,25,,,,
062792,0,0,0,2,,,,
062793,0,0,0,642,,,,
062794,0,0,0,10,,,,
062796,0,0,0,9,,,,
062804,0,0,0,110,,,,
062824,0,0,0,-35,,,,
062828,0,0,0,20,,,,
062829,0,0,0,-17,,,,
062833,0,0,0,101,,,,
062834,0,0,0,35,,,,
062836,0,0,0,-58,,,,
062840,0,0,0,46,,,,
062842,0,0,0,114,,,,
062846,0,0,0,42,,,,
062849,0,0,0,504,,,,
062855,0,0,0,-181,,,,
062858,0,0,0,22,,,,
062859,0,0,0,-579,,,,
062861,0,0,0,103,,,,
062863,0,0,0,-61,,,,
062865,0,0,0,-8,,,,
062869,0,0,0,48,,,,
062872,0,0,0,54,,,,
062873,0,0,0,5,,,,
062874,0,0,0,-18,,,,
062877,0,0,0,-5,,,,
062882,0,0,0,-51,,,,
062885,0,0,0,-455,,,,
062888,0,0,0,-245,,,,
062889,0,0,0,-200,,,,
062890,0,0,0,6,,,,
062896,0,0,0,-30,,,,
062898,0,0,0,-5290,,,,
062899,0,0,0,4,,,,
062901,0,0,0,-5,,,,
062904,0,0,0,-3,,,,
062905,0,0,0,-2,,,,
062910,0,0,0,99,,,,
062911,0,0,0,-6,,,,
062912,0,0,0,857,,,,
062913,0,0,0,0,,,,
062914,0,0,0,513,,,,
062917,0,0,0,18,,,,
062918,0,0,0,5,,,,
062922,0,0,0,-10,,,,
062923,0,0,0,312,,,,
062928,0,0,0,106,,,,
062929,0,0,0,-3,,,,
062930,0,0,0,336,,,,
062932,0,0,0,-271,,,,
062934,0,0,0,84,,,,
062935,0,0,0,60,,,,
062938,0,0,0,139,,,,
062940,0,0,0,134,,,,
062941,0,0,0,18,,,,
062945,0,0,0,54,,,,
062950,0,0,0,-7,,,,
062951,0,0,0,10,,,,
062952,0,0,0,-2,,,,
062954,0,0,0,115,,,,
062960,0,0,0,1,,,,
062961,0,0,0,20,,,,
062965,0,0,0,5,,,,
062971,0,0,0,55,,,,
062972,0,0,0,2,,,,
062974,0,0,0,-13,,,,
062981,0,0,0,46,,,,
062982,0,0,0,17,,,,
062984,0,0,0,497,,,,
062990,0,0,0,1500,,,,
062991,0,0,0,-20,,,,
062994,0,0,0,4,,,,
062995,0,0,0,5,,,,
062997,0,0,0,7,,,,
063001,0,0,0,3,,,,
063004,0,0,0,112,,,,
063005,0,0,0,1917,,,,
063006,0,0,0,-58,,,,
063008,0,0,0,9,,,,
063020,0,0,0,5,,,,
063022,0,0,0,-113,,,,
063023,0,0,0,452,,,,
063025,0,0,0,100,,,,
063027,0,0,0,15,,,,
063028,0,0,0,135,,,,
063031,0,0,0,58,,,,
063032,0,0,0,41,,,,
063038,0,0,0,10,,,,
063042,0,0,0,230,,,,
063044,0,0,0,-12,,,,
063046,0,0,0,-10,,,,
063051,0,0,0,37,,,,
063053,0,0,0,5,,,,
063058,0,0,0,286,,,,
063071,0,0,0,-58,,,,
063075,0,0,0,30,,,,
063076,0,0,0,-31,,,,
063080,0,0,0,9,,,,
063081,0,0,0,20,,,,
063082,0,0,0,-25,,,,
063084,0,0,0,-558,,,,
063089,0,0,0,92,,,,
063094,0,0,0,-15,,,,
063095,0,0,0,-5,,,,
063098,0,0,0,550,,,,
063099,0,0,0,-10,,,,
063100,0,0,0,20,,,,
063103,0,0,0,-20,,,,
063104,0,0,0,55,,,,
063106,0,0,0,50,,,,
063107,0,0,0,4,,,,
063108,0,0,0,5,,,,
063110,0,0,0,-171,,,,
063112,0,0,0,4,,,,
063113,0,0,0,1,,,,
063122,0,0,0,96,,,,
063124,0,0,0,-5,,,,
063126,0,0,0,14,,,,
063127,0,0,0,239,,,,
063130,0,0,0,8,,,,
063139,0,0,0,91,,,,
063142,0,0,0,42,,,,
063144,0,0,0,59,,,,
063145,0,0,0,6,,,,
063149,0,0,0,10,,,,
063154,0,0,0,10,,,,
063157,0,0,0,-10,,,,
063159,0,0,0,50,,,,
063160,0,0,0,67,,,,
063164,0,0,0,99,,,,
063169,0,0,0,365,,,,
063170,0,0,0,-992,,,,
063174,0,0,0,15,,,,
063175,0,0,0,10,,,,
063178,0,0,0,21,,,,
063179,0,0,0,0,,,,
063180,0,0,0,1,,,,
063181,0,0,0,32,,,,
063183,0,0,0,-95,,,,
063188,0,0,0,-8,,,,
063193,0,0,0,50,,,,
063197,0,0,0,-1,,,,
063201,0,0,0,8,,,,
063206,0,0,0,-7,,,,
063207,0,0,0,30,,,,
063208,0,0,0,3,,,,
063210,0,0,0,24,,,,
063212,0,0,0,2,,,,
063213,0,0,0,-10,,,,
063215,0,0,0,30,,,,
063217,0,0,0,10,,,,
063219,0,0,0,-29,,,,
063220,0,0,0,-64,,,,
063221,0,0,0,-14,,,,
063222,0,0,0,76,,,,
063223,0,0,0,-310,,,,
063224,0,0,0,1,,,,
063225,0,0,0,2,,,,
063226,0,0,0,762,,,,
063227,0,0,0,-127,,,,
063229,0,0,0,-34,,,,
063230,0,0,0,1,,,,
063232,0,0,0,30,,,,
063238,0,0,0,2,,,,
063245,0,0,0,-365,,,,
063246,0,0,0,-496,,,,
063248,0,0,0,-20,,,,
063251,0,0,0,123,,,,
063252,0,0,0,63,,,,
063254,0,0,0,186,,,,
063257,0,0,0,10,,,,
063258,0,0,0,1,,,,
063262,0,0,0,40,,,,
063267,0,0,0,59,,,,
063268,0,0,0,-273,,,,
063275,0,0,0,6,,,,
063276,0,0,0,220,,,,
063278,0,0,0,165,,,,
063279,0,0,0,3,,,,
063280,0,0,0,0,,,,
063286,0,0,0,-1501,,,,
063287,0,0,0,153,,,,
063288,0,0,0,2400,,,,
063294,0,0,0,-3793,,,,
063295,0,0,0,110,,,,
063296,0,0,0,10,,,,
063298,0,0,0,174,,,,
063301,0,0,0,30,,,,
063302,0,0,0,100,,,,
063305,0,0,0,-100,,,,
063306,0,0,0,1,,,,
063307,0,0,0,80,,,,
063309,0,0,0,1,,,,
063310,0,0,0,2681,,,,
063312,0,0,0,33,,,,
063314,0,0,0,3,,,,
063317,0,0,0,32,,,,
063319,0,0,0,-2,,,,
063323,0,0,0,75,,,,
063325,0,0,0,254,,,,
063326,0,0,0,1,,,,
063328,0,0,0,56,,,,
063329,0,0,0,-101,,,,
063332,0,0,0,45,,,,
063335,0,0,0,-1,,,,
063336,0,0,0,-10,,,,
063340,0,0,0,-12,,,,
063341,0,0,0,2,,,,
063344,-610,0,0,3609,,,,
063345,0,0,0,261,,,,
063346,0,0,0,17,,,,
063347,0,0,0,-83,,,,
063348,0,0,0,4,,,,
063349,0,0,0,2,,,,
063350,0,0,0,2,,,,
063351,-630,0,0,792,,,,
063353,0,0,0,2,,,,
063358,0,0,0,79,,,,
063360,0,0,0,-4,,,,
063362,0,0,0,34,,,,
063364,0,0,0,-79,,,,
063367,0,0,0,-6,,,,
063369,0,0,0,1,,,,
063370,0,0,0,-70,,,,
063371,0,0,0,-10,,,,
063373,0,0,0,134,,,,
063374,0,0,0,37,,,,
063375,0,0,0,-75,,,,
063380,0,0,0,-752,,,,
063383,0,0,0,106,,,,
063386,0,0,0,-10,,,,
063389,0,0,0,-108,,,,
063390,0,0,0,55,,,,
063392,0,0,0,-36,,,,
063398,0,0,0,47,,,,
063399,0,0,0,71,,,,
063400,0,0,0,37,,,,
063401,0,0,0,133,,,,
063402,0,0,0,10,,,,
063403,0,0,0,88,,,,
063404,0,0,0,427,,,,
063405,0,0,0,-482,,,,
063406,0,0,0,229,,,,
063407,0,0,0,-619,,,,
063410,0,0,0,173,,,,
063413,0,0,0,10,,,,
063422,0,0,0,2,,,,
063424,0,0,0,67,,,,
063425,0,0,0,137,,,,
063429,0,0,0,-166,,,,
063431,0,0,0,8,,,,
063432,0,0,0,-521,,,,
063435,0,0,0,6,,,,
063436,0,0,0,-140,,,,
063437,0,0,0,0,,,,
063438,0,0,0,110,,,,
063439,0,0,0,-112,,,,
063440,0,0,0,68,,,,
063441,0,0,0,127,,,,
063442,0,0,0,213,,,,
063446,0,0,0,393,,,,
063448,0,0,0,-122,,,,
063450,0,0,0,5,,,,
063451,0,0,0,624,,,,
063452,0,0,0,-80,,,,
063460,0,0,0,1,,,,
063461,0,0,0,-32,,,,
063463,0,0,0,-122,,,,
063464,0,0,0,-10,,,,
063465,0,0,0,-10,,,,
063466,40,0,0,51,,,,
063467,0,0,0,-30,,,,
063468,0,0,0,-1,,,,
063470,0,0,0,332,,,,
063472,0,0,0,-1,,,,
063473,0,0,0,-25,,,,
063474,0,0,0,-2,,,,
063476,0,0,0,-40,,,,
063477,0,0,0,-143,,,,
063478,0,0,0,67,,,,
063479,0,0,0,-164,,,,
063480,0,0,0,30,,,,
063484,0,0,0,-67,,,,
063487,0,0,0,2,,,,
063490,0,0,0,-5,,,,
063491,0,0,0,86,,,,
063492,0,0,0,-371,,,,
063493,0,0,0,35,,,,
063495,0,0,0,120,,,,
063496,0,0,0,18,,,,
063498,0,0,0,-6,,,,
063499,0,0,0,8,,,,
063502,0,0,0,254,,,,
063504,0,0,0,-443,,,,
063505,0,0,0,-2,,,,
063508,0,0,0,-19,,,,
063509,0,0,0,-2,,,,
063513,0,0,0,-20,,,,
063516,0,0,0,89,,,,
063518,0,0,0,-10,,,,
063520,0,0,0,3,,,,
063526,0,0,0,-11,,,,
063527,0,0,0,148,,,,
063528,0,0,0,314,,,,
063530,0,0,0,653,,,,
063531,0,0,0,288,,,,
063541,0,0,0,74,,,,
063543,0,0,0,10,,,,
063544,0,0,0,1,,,,
063545,0,0,0,10,,,,
063546,0,0,0,-220,,,,
063548,0,0,0,8,,,,
063549,0,0,0,167,,,,
063550,0,0,0,300,,,,
063554,0,0,0,-80,,,,
063555,3,0,0,14,,,,
063556,0,0,0,-4,,,,
063559,0,0,0,2,,,,
063561,0,0,0,5,,,,
063562,0,0,0,51,,,,
063563,0,0,0,-100,,,,
063565,0,0,0,-362,,,,
063566,0,0,0,-11,,,,
063569,0,0,0,61,,,,
063570,0,0,0,2941,,,,
063571,0,0,0,-31,,,,
063572,0,0,0,881,,,,
063574,0,0,0,-10,,,,
063575,0,0,0,35,,,,
063578,0,0,0,231,,,,
063579,0,0,0,71,,,,
063581,0,0,0,-58,,,,
063582,0,0,0,-26,,,,
063583,0,0,0,-30,,,,
063584,0,0,0,-27,,,,
063585,0,0,0,158,,,,
063586,0,0,0,1443,,,,
063587,0,0,0,272,,,,
063588,0,0,0,173,,,,
063589,0,0,0,50,,,,
063590,0,0,0,-10,,,,
063591,0,0,0,63,,,,
063592,0,0,0,12,,,,
063593,0,0,0,56,,,,
063594,0,0,0,5,,,,
063598,1,0,0,225,,,,
063599,0,0,0,-5,,,,
063600,0,0,0,166,,,,
063609,0,0,0,8,,,,
063610,0,0,0,7,,,,
063611,0,0,0,-31,,,,
063614,0,0,0,-1,,,,
063615,0,0,0,32,,,,
063617,0,0,0,-726,,,,
063619,0,0,0,-236,,,,
063621,0,0,0,0,,,,
063625,0,0,0,13,,,,
063626,0,0,0,32,,,,
063627,0,0,0,6,,,,
063632,0,0,0,-7,,,,
063633,0,0,0,-76,,,,
063634,0,0,0,1,,,,
063639,0,0,0,20,,,,
063641,0,0,0,135,,,,
063642,0,0,0,12,,,,
063643,0,0,0,16,,,,
063644,0,0,0,4,,,,
063646,0,0,0,9,,,,
063647,0,0,0,39,,,,
063648,0,0,0,-30,,,,
063649,0,0,0,-928,,,,
063650,0,0,0,-139,,,,
063652,0,0,0,-51,,,,
063654,0,0,0,0,,,,
063655,0,0,0,94,,,,
063656,0,0,0,6,,,,
063658,0,0,0,3972,,,,
063663,0,0,0,-60,,,,
063665,0,0,0,36,,,,
063668,0,0,0,-173,,,,
063672,0,0,0,5,,,,
063673,0,0,0,100,,,,
063674,0,0,0,-23,,,,
063678,0,0,0,-20,,,,
063679,0,0,0,-47,,,,
063680,0,0,0,12,,,,
063682,0,0,0,1,,,,
063683,0,0,0,18,,,,
063686,0,0,0,10,,,,
063692,0,0,0,217,,,,
063693,0,0,0,5,,,,
063694,0,0,0,12,,,,
063696,0,0,0,1,,,,
063697,0,0,0,2,,,,
063699,0,0,0,21,,,,
063703,0,0,0,2,,,,
063704,0,0,0,-35,,,,
063707,0,0,0,97,,,,
063712,0,0,0,-328,,,,
063714,0,0,0,1,,,,
063727,0,0,0,-4,,,,
063729,0,0,0,-68,,,,
063730,0,0,0,2,,,,
063739,0,0,0,21,,,,
063740,0,0,0,138,,,,
063741,0,0,0,-31,,,,
063742,0,0,0,317,,,,
063744,0,0,0,166,,,,
063745,0,0,0,21,,,,
063751,0,0,0,2,,,,
063761,0,0,0,5,,,,
063764,0,0,0,23,,,,
063765,0,0,0,-700,,,,
063766,0,0,0,-620,,,,
063767,0,0,0,15,,,,
063768,0,0,0,6,,,,
063772,0,0,0,18,,,,
063776,0,0,0,66,,,,
063778,0,0,0,1,,,,
063779,0,0,0,2,,,,
063780,0,0,0,-20,,,,
063781,0,0,0,-376,,,,
063783,0,0,0,-3,,,,
063786,0,0,0,-23,,,,
063787,0,0,0,-5,,,,
063788,0,0,0,23,,,,
063789,0,0,0,10,,,,
063790,0,0,0,15,,,,
063791,0,0,0,-100,,,,
063794,0,0,0,95,,,,
063795,0,0,0,23,,,,
063796,0,0,0,490,,,,
063797,0,0,0,18,,,,
063799,0,0,0,-1,,,,
063800,0,0,0,65,,,,
063803,0,0,0,-100,,,,
063805,0,0,0,176,,,,
063806,0,0,0,-14,,,,
063808,0,0,0,978,,,,
063809,0,0,0,465,,,,
063810,0,0,0,-95,,,,
063811,0,0,0,-1,,,,
063812,0,0,0,415,,,,
063815,0,0,0,-455,,,,
063816,0,0,0,11,,,,
063817,0,0,0,117,,,,
063818,0,0,0,27,,,,
063819,0,0,0,-77,,,,
063820,0,0,0,1,,,,
063822,0,0,0,-20,,,,
063823,0,0,0,129,,,,
063824,0,0,0,31,,,,
063826,0,0,0,-160,,,,
063827,0,0,0,196,,,,
063828,0,0,0,-2,,,,
063829,0,0,0,7,,,,
063831,0,0,0,-1370,,,,
063833,0,0,0,0,,,,
063835,0,0,0,16,,,,
063836,0,0,0,-15,,,,
063841,0,0,0,-5,,,,
063843,0,0,0,190,,,,
063845,0,0,0,10,,,,
063846,0,0,0,142,,,,
063848,0,0,0,6,,,,
063849,0,0,0,-25,,,,
063851,0,0,0,41,,,,
063854,0,0,0,4,,,,
063856,0,0,0,-22,,,,
063859,0,0,0,30,,,,
063863,0,0,0,10,,,,
063865,0,0,0,287,,,,
063866,0,0,0,5,,,,
063869,0,0,0,24,,,,
063870,0,0,0,5,,,,
063872,0,0,0,-15,,,,
063875,0,0,0,6,,,,
063880,0,0,0,2,,,,
063882,0,0,0,137,,,,
063883,0,0,0,-40,,,,
063885,0,0,0,1,,,,
063891,0,0,0,1,,,,
063892,0,0,0,-10,,,,
063897,0,0,0,-10,,,,
063900,0,0,0,41,,,,
063901,0,0,0,10,,,,
063903,0,0,0,5481,,,,
063906,0,0,0,1,,,,
063908,0,0,0,-20,,,,
063910,0,0,0,-506,,,,
063914,0,0,0,-116,,,,
063917,0,0,0,6,,,,
063919,0,0,0,-13,,,,
063922,0,0,0,10,,,,
063926,0,0,0,27,,,,
063927,0,0,0,35,,,,
063928,0,0,0,2,,,,
063930,0,0,0,-50,,,,
063931,0,0,0,86,,,,
063934,0,0,0,792,,,,
063938,0,0,0,-1,,,,
063941,0,0,0,-30,,,,
063945,0,0,0,40,,,,
063950,0,0,0,-17,,,,
063951,0,0,0,0,,,,
063952,0,0,0,-37,,,,
063955,0,0,0,2,,,,
063956,0,0,0,-9,,,,
063958,0,0,0,23,,,,
063959,0,0,0,-100,,,,
063961,0,0,0,-103,,,,
063964,0,0,0,-22,,,,
063971,0,0,0,5,,,,
063972,0,0,0,25,,,,
063978,0,0,0,195,,,,
063979,0,0,0,308,,,,
063980,0,0,0,10,,,,
063981,0,0,0,10,,,,
063985,0,0,0,7,,,,
063988,0,0,0,18,,,,
063992,0,0,0,1,,,,
063993,0,0,0,35,,,,
063994,0,0,0,-1,,,,
063999,0,0,0,-6,,,,
064003,0,0,0,464,,,,
064004,0,0,0,-4,,,,
064005,0,0,0,14,,,,
064006,0,0,0,538,,,,
064007,0,0,0,-100,,,,
064009,0,0,0,475,,,,
064010,0,0,0,-20,,,,
064011,0,0,0,-5,,,,
064016,0,0,0,448,,,,
064017,0,0,0,7,,,,
064018,0,0,0,6,,,,
064020,0,0,0,20,,,,
064021,0,0,0,129,,,,
064022,0,0,0,46,,,,
064023,0,0,0,50,,,,
064027,0,0,0,-68,,,,
064029,0,0,0,-5,,,,
064030,0,0,0,175,,,,
064031,0,0,0,100,,,,
064033,0,0,0,-307,,,,
064035,0,0,0,13,,,,
064036,0,0,0,42,,,,
064040,0,0,0,51,,,,
064041,0,0,0,-518,,,,
064042,0,0,0,-62,,,,
064048,0,0,0,1,,,,
064050,0,0,0,-80,,,,
064055,0,0,0,18,,,,
064064,0,0,0,76,,,,
064068,0,0,0,5,,,,
064069,0,0,0,57,,,,
064070,0,0,0,208,,,,
064071,0,0,0,-1,,,,
064076,0,0,0,-77,,,,
064077,0,0,0,397,,,,
064078,0,0,0,10,,,,
064079,0,0,0,5,,,,
064082,0,0,0,588,,,,
064083,0,0,0,85,,,,
064085,0,0,0,-6,,,,
064086,0,0,0,29,,,,
064090,0,0,0,15,,,,
064091,0,0,0,10,,,,
064093,0,0,0,37,,,,
064097,0,0,0,2,,,,
064099,0,0,0,-28,,,,
064101,0,0,0,2,,,,
064103,0,0,0,10,,,,
064107,0,0,0,-1567,,,,
064114,0,0,0,2,,,,
064115,0,0,0,74,,,,
064116,0,0,0,10,,,,
064117,0,0,0,-195,,,,
064118,0,0,0,-40,,,,
064119,0,0,0,100,,,,
064120,0,0,0,20,,,,
064122,0,0,0,303,,,,
064124,0,0,0,1,,,,
064128,0,0,0,-17,,,,
064133,0,0,0,10,,,,
064134,0,0,0,82,,,,
064135,0,0,0,1,,,,
064136,0,0,0,5,,,,
064137,0,0,0,3,,,,
064141,0,0,0,7,,,,
064142,0,0,0,28,,,,
064144,0,0,0,8,,,,
064145,0,0,0,4,,,,
064146,0,0,0,-70,,,,
064147,0,0,0,-24,,,,
064148,0,0,0,6,,,,
064149,0,0,0,-237,,,,
064150,0,0,0,89,,,,
064151,0,0,0,40,,,,
064154,0,0,0,276,,,,
064156,0,0,0,1706,,,,
064157,0,0,0,1441,,,,
064158,0,0,0,-178,,,,
064160,0,0,0,-20,,,,
064161,0,0,0,27,,,,
064163,0,0,0,17,,,,
064164,0,0,0,209,,,,
064165,0,0,0,84,,,,
064166,0,0,0,5,,,,
064169,0,0,0,728,,,,
064170,0,0,0,10,,,,
064171,0,0,0,250,,,,
064172,0,0,0,4,,,,
064177,0,0,0,1118,,,,
064179,0,0,0,30,,,,
064182,0,0,0,1,,,,
064184,0,0,0,100,,,,
064185,0,0,0,-15,,,,
064187,0,0,0,10,,,,
064188,0,0,0,104,,,,
064194,0,0,0,5,,,,
064199,0,0,0,126,,,,
064204,0,0,0,1,,,,
064206,0,0,0,-1,,,,
064207,0,0,0,50,,,,
064210,0,0,0,55,,,,
064211,0,0,0,0,,,,
064212,0,0,0,20,,,,
064220,0,0,0,659,,,,
064221,0,0,0,21,,,,
064222,0,0,0,36,,,,
064223,0,0,0,6,,,,
064224,0,0,0,-100,,,,
064227,0,0,0,79,,,,
064234,0,0,0,116,,,,
064235,0,0,0,1,,,,
064237,0,0,0,284,,,,
064238,0,0,0,1200,,,,
064241,0,0,0,30,,,,
064244,0,0,0,1,,,,
064245,0,0,0,16,,,,
064246,0,0,0,-10,,,,
064249,0,0,0,1,,,,
064250,0,0,0,10,,,,
064251,0,0,0,58,,,,
064252,0,0,0,25,,,,
064254,0,0,0,35,,,,
064255,0,0,0,5,,,,
064258,0,0,0,1,,,,
064263,0,0,0,5,,,,
064265,0,0,0,10,,,,
064267,0,0,0,-3,,,,
064268,0,0,0,160,,,,
064274,0,0,0,1,,,,
064275,0,0,0,25,,,,
064277,0,0,0,-1,,,,
064278,0,0,0,-10,,,,
064282,0,0,0,134,,,,
064283,0,0,0,7,,,,
064284,0,0,0,47,,,,
064285,0,0,0,-421,,,,
064286,0,0,0,81,,,,
064290,0,0,0,0,,,,
064292,0,0,0,3,,,,
064294,0,0,0,-95,,,,
064295,0,0,0,5,,,,
064299,0,0,0,100,,,,
064301,0,0,0,148,,,,
064305,0,0,0,1,,,,
064306,0,0,0,8,,,,
064312,0,0,0,362,,,,
064314,0,0,0,374,,,,
064316,0,0,0,449,,,,
064320,0,0,0,5,,,,
064325,0,0,0,-188,,,,
064327,0,0,0,-16,,,,
064328,0,0,0,331,,,,
064333,0,0,0,39,,,,
064336,0,0,0,0,,,,
064340,0,0,0,148,,,,
064343,0,0,0,-10,,,,
064344,0,0,0,1,,,,
064348,0,0,0,16,,,,
064351,0,0,0,-2,,,,
064352,0,0,0,10,,,,
064356,0,0,0,6,,,,
064360,0,0,0,-50,,,,
064362,0,0,0,2,,,,
064367,0,0,0,-16,,,,
064368,0,0,0,-20,,,,
064369,0,0,0,540,,,,
064370,0,0,0,6,,,,
064371,0,0,0,8,,,,
064372,0,0,0,15,,,,
064377,0,0,0,1,,,,
064378,0,0,0,30,,,,
064379,0,0,0,-3,,,,
064380,0,0,0,28,,,,
064381,0,0,0,24,,,,
064382,0,0,0,5,,,,
064388,0,0,0,5,,,,
064393,0,0,0,-2,,,,
064416,0,0,0,35,,,,
064418,0,0,0,47,,,,
064419,0,0,0,10,,,,
064420,0,0,0,-162,,,,
064421,0,0,0,374,,,,
064422,0,0,0,4,,,,
064423,0,0,0,1275,,,,
064424,0,0,0,101,,,,
064425,0,0,0,41,,,,
064428,0,0,0,297,,,,
064429,0,0,0,30,,,,
064430,0,0,0,57,,,,
064431,0,0,0,839,,,,
064432,0,0,0,-20,,,,
064433,0,0,0,716,,,,
064434,0,0,0,-5,,,,
064435,0,0,0,20,,,,
064436,0,0,0,-76,,,,
064440,0,0,0,5,,,,
064441,0,0,0,-8,,,,
064442,0,0,0,0,,,,
064443,0,0,0,3,,,,
064444,0,0,0,22,,,,
064446,0,0,0,-1,,,,
064448,0,0,0,99,,,,
064451,0,0,0,40,,,,
064458,0,0,0,-383,,,,
064459,0,0,0,19,,,,
064460,0,0,0,76,,,,
064462,0,0,0,2,,,,
064468,0,0,0,49,,,,
064470,0,0,0,1,,,,
064476,0,0,0,3,,,,
064477,0,0,0,-3,,,,
064478,0,0,0,-45,,,,
064482,0,0,0,100,,,,
064483,0,0,0,1,,,,
064491,0,0,0,129,,,,
064493,0,0,0,-4,,,,
064494,0,0,0,205,,,,
064495,0,0,0,-430,,,,
064496,0,0,0,1025,,,,
064498,0,0,0,70,,,,
064501,0,0,0,-19,,,,
064502,0,0,0,3,,,,
064508,-3,0,0,4,,,,
064509,0,0,0,16,,,,
064510,0,0,0,59,,,,
064511,0,0,0,45,,,,
064512,0,0,0,26,,,,
064513,0,0,0,-18,,,,
064514,0,0,0,671,,,,
064520,0,0,0,153,,,,
064528,0,0,0,-10,,,,
064529,0,0,0,8,,,,
064533,0,0,0,10,,,,
064535,0,0,0,-89,,,,
064537,0,0,0,-90,,,,
064539,0,0,0,11,,,,
064541,6,0,0,948,,,,
064542,0,0,0,161,,,,
064543,0,0,0,-196,,,,
064546,0,0,0,86,,,,
064547,0,0,0,217,,,,
064549,0,0,0,-371,,,,
064550,0,0,0,0,,,,
064551,0,0,0,1,,,,
064554,0,0,0,10,,,,
064555,0,0,0,1,,,,
064560,0,0,0,1,,,,
064561,0,0,0,-5,,,,
064563,0,0,0,35,,,,
064565,0,0,0,5,,,,
064571,0,0,0,422,,,,
064572,0,0,0,-21,,,,
064573,0,0,0,17,,,,
064577,0,0,0,-2,,,,
064580,0,0,0,203,,,,
064583,0,0,0,2,,,,
064584,0,0,0,19,,,,
064588,0,0,0,-1,,,,
064591,0,0,0,10,,,,
064593,0,0,0,20,,,,
064594,0,0,0,25,,,,
064597,0,0,0,5,,,,
064601,0,0,0,81,,,,
064603,0,0,0,-1,,,,
064604,0,0,0,-247,,,,
064610,0,0,0,-1,,,,
064612,0,0,0,100,,,,
064614,0,0,0,120,,,,
064617,0,0,0,20,,,,
064618,0,0,0,90,,,,
064619,0,0,0,233,,,,
064620,0,0,0,197,,,,
064630,0,0,0,117,,,,
064631,0,0,0,3,,,,
064633,0,0,0,78,,,,
064635,0,0,0,2,,,,
064642,0,0,0,1,,,,
064648,0,0,0,21,,,,
064649,0,0,0,10,,,,
064651,0,0,0,-52,,,,
064654,0,0,0,13,,,,
064656,0,0,0,160,,,,
064659,0,0,0,16,,,,
064662,0,0,0,-454,,,,
064668,0,0,0,1,,,,
064670,0,0,0,4,,,,
064678,0,0,0,16,,,,
064679,0,0,0,25,,,,
064680,5,0,0,-185,,,,
064682,0,0,0,-117,,,,
064684,0,0,0,116,,,,
064686,0,0,0,2,,,,
064687,0,0,0,988,,,,
064688,0,0,0,261,,,,
064689,0,0,0,-4,,,,
064690,0,0,0,-23,,,,
064691,0,0,0,-55,,,,
064692,0,0,0,48,,,,
064693,0,0,0,-356,,,,
064701,0,0,0,1,,,,
064707,0,0,0,145,,,,
064712,0,0,0,-254,,,,
064715,0,0,0,1,,,,
064716,0,0,0,9,,,,
064717,0,0,0,2,,,,
064719,0,0,0,2,,,,
064721,0,0,0,1,,,,
064726,0,0,0,-8,,,,
064727,0,0,0,-22,,,,
064731,0,0,0,-504,,,,
064732,0,0,0,10,,,,
064734,0,0,0,-526,,,,
064735,0,0,0,10,,,,
064741,0,0,0,355,,,,
064743,0,0,0,-1,,,,
064745,0,0,0,-145,,,,
064746,0,0,0,150,,,,
064748,0,0,0,247,,,,
064750,0,0,0,-60,,,,
064752,0,0,0,1,,,,
064756,0,0,0,29,,,,
064757,0,0,0,42,,,,
064758,0,0,0,4,,,,
064761,0,0,0,56,,,,
064762,0,0,0,174,,,,
064772,0,0,0,5,,,,
064774,0,0,0,-7,,,,
064775,-5,0,0,-511,,,,
064777,0,0,0,-70,,,,
064778,0,0,0,9,,,,
064781,0,0,0,-55,,,,
064786,0,0,0,281,,,,
064788,0,0,0,-47,,,,
064791,0,0,0,103,,,,
064794,0,0,0,-454,,,,
064797,0,0,0,1096,,,,
064799,0,0,0,5,,,,
064801,0,0,0,5,,,,
064803,0,0,0,21,,,,
064804,0,0,0,-11,,,,
064805,0,0,0,-335,,,,
064807,0,0,0,-485,,,,
064808,0,0,0,30,,,,
064812,0,0,0,5,,,,
064813,0,0,0,7,,,,
064822,0,0,0,122,,,,
064823,0,0,0,20,,,,
064824,0,0,0,10,,,,
064825,0,0,0,12,,,,
064826,0,0,0,450,,,,
064830,0,0,0,77,,,,
064836,0,0,0,4,,,,
064843,0,0,0,38,,,,
064849,0,0,0,4,,,,
064850,0,0,0,61,,,,
064851,0,0,0,20,,,,
064856,0,0,0,1,,,,
064858,0,0,0,10,,,,
064859,0,0,0,25,,,,
064861,0,0,0,61,,,,
064862,0,0,0,1399,,,,
064863,0,0,0,120,,,,
064865,0,0,0,-50,,,,
064867,0,0,0,-60,,,,
064868,0,0,0,14,,,,
064869,0,0,0,-7,,,,
064872,0,0,0,10,,,,
064874,0,0,0,1,,,,
064885,0,0,0,5,,,,
064890,0,0,0,5,,,,
064891,0,0,0,4,,,,
064895,0,0,0,1,,,,
064897,0,0,0,-225,,,,
064899,0,0,0,144,,,,
064902,0,0,0,-38,,,,
064904,0,0,0,164,,,,
064906,0,0,0,5,,,,
064910,0,0,0,23,,,,
064912,0,0,0,1,,,,
064915,0,0,0,40,,,,
064920,0,0,0,53,,,,
064922,0,0,0,40,,,,
064923,0,0,0,37,,,,
064924,0,0,0,-81,,,,
064925,0,0,0,17,,,,
064928,0,0,0,11,,,,
064934,0,0,0,879,,,,
064937,0,0,0,1,,,,
064942,0,0,0,24,,,,
064943,0,0,0,50,,,,
064944,0,0,0,-118,,,,
064945,0,0,0,80,,,,
064951,0,0,0,125,,,,
064953,0,0,0,2,,,,
064961,0,0,0,50,,,,
064962,0,0,0,30,,,,
064965,0,0,0,-8,,,,
064966,0,0,0,12,,,,
064968,0,0,0,-19,,,,
064969,0,0,0,-205,,,,
064971,0,0,0,10,,,,
064973,0,0,0,10,,,,
064974,0,0,0,7,,,,
064977,0,0,0,1,,,,
064978,0,0,0,-1,,,,
064984,0,0,0,10,,,,
064986,0,0,0,0,,,,
064988,0,0,0,3,,,,
064992,0,0,0,-10,,,,
064993,0,0,0,25,,,,
064994,0,0,0,150,,,,
064996,0,0,0,-1,,,,
064997,0,0,0,100,,,,
065002,0,0,0,75,,,,
065004,0,0,0,3,,,,
065005,0,0,0,629,,,,
065007,0,0,0,829,,,,
065008,0,0,0,0,,,,
065009,0,0,0,-127,,,,
065010,0,0,0,354,,,,
065011,0,0,0,-6,,,,
065012,0,0,0,-23,,,,
065013,0,0,0,-3,,,,
065014,0,0,0,-50,,,,
065018,0,0,0,-27,,,,
065020,0,0,0,110,,,,
065022,0,0,0,40,,,,
065028,0,0,0,10,,,,
065030,0,0,0,15,,,,
065031,0,0,0,316,,,,
065033,0,0,0,30,,,,
065034,0,0,0,7,,,,
065035,0,0,0,-804,,,,
065036,0,0,0,116,,,,
065037,0,0,0,920,,,,
065039,0,0,0,65,,,,
065040,0,0,0,5,,,,
065042,0,0,0,7,,,,
065043,0,0,0,1,,,,
065046,0,0,0,17,,,,
065050,0,0,0,480,,,,
065051,0,0,0,-118,,,,
065052,0,0,0,30,,,,
065053,0,0,0,69,,,,
065054,0,0,0,-20,,,,
065055,0,0,0,78,,,,
065056,0,0,0,183,,,,
065057,0,0,0,78,,,,
065058,0,0,0,12,,,,
065059,0,0,0,-695,,,,
065060,0,0,0,80,,,,
065061,0,0,0,1,,,,
065062,0,0,0,-34,,,,
065067,0,0,0,32,,,,
065068,0,0,0,228,,,,
065069,0,0,0,114,,,,
065071,0,0,0,-5,,,,
065072,0,0,0,14,,,,
065073,0,0,0,-20,,,,
065074,0,0,0,11,,,,
065077,0,0,0,74,,,,
065078,0,0,0,1,,,,
065080,0,0,0,-30,,,,
065081,0,0,0,20,,,,
065086,0,0,0,10,,,,
065091,0,0,0,2,,,,
065092,0,0,0,-7,,,,
065093,0,0,0,-6,,,,
065095,0,0,0,9,,,,
065097,0,0,0,10,,,,
065099,0,0,0,235,,,,
065100,0,0,0,40,,,,
065101,0,0,0,24,,,,
065102,0,0,0,443,,,,
065103,0,0,0,50,,,,
065105,0,0,0,20,,,,
065106,0,0,0,53,,,,
065114,0,0,0,11,,,,
065119,0,0,0,100,,,,
065121,0,0,0,25,,,,
065125,0,0,0,20,,,,
065130,0,0,0,18,,,,
065134,0,0,0,122,,,,
065137,0,0,0,29,,,,
065140,0,0,0,14,,,,
065141,0,0,0,70,,,,
065146,0,0,0,1,,,,
065149,0,0,0,62,,,,
065150,0,0,0,32,,,,
065153,0,0,0,2,,,,
065154,0,0,0,45,,,,
065156,0,0,0,-2,,,,
065161,-290,0,0,439,,,,
065162,0,0,0,122,,,,
065163,0,0,0,75,,,,
065165,0,0,0,161,,,,
065166,0,0,0,52,,,,
065167,0,0,0,-310,,,,
065169,0,0,0,6,,,,
065170,0,0,0,30,,,,
065171,0,0,0,10,,,,
065174,0,0,0,291,,,,
065178,0,0,0,1,,,,
065181,0,0,0,-50,,,,
065183,0,0,0,5,,,,
065185,0,0,0,10,,,,
065186,0,0,0,0,,,,
065188,0,0,0,2,,,,
065189,0,0,0,136,,,,
065190,0,0,0,-242,,,,
065191,0,0,0,61,,,,
065193,0,0,0,-143,,,,
065194,0,0,0,39,,,,
065196,0,0,0,-3,,,,
065197,0,0,0,1,,,,
065198,0,0,0,8,,,,
065200,0,0,0,5,,,,
065201,0,0,0,1,,,,
065202,0,0,0,6,,,,
065204,0,0,0,-79,,,,
065205,0,0,0,0,,,,
065210,0,0,0,9,,,,
065211,0,0,0,3,,,,
065212,0,0,0,19,,,,
065213,0,0,0,54,,,,
065215,0,0,0,103,,,,
065216,0,0,0,7,,,,
065219,0,0,0,10,,,,
065225,0,0,0,408,,,,
065228,0,0,0,30,,,,
065229,0,0,0,5,,,,
065231,0,0,0,252,,,,
065233,0,0,0,-39,,,,
065235,0,0,0,7,,,,
065238,0,0,0,20,,,,
065239,0,0,0,124,,,,
065241,0,0,0,-499,,,,
065243,0,0,0,-991,,,,
065244,0,0,0,127,,,,
065245,0,0,0,-16,,,,
065258,0,0,0,-20,,,,
065261,0,0,0,-34,,,,
065265,0,0,0,7,,,,
065269,0,0,0,12,,,,
065271,0,0,0,445,,,,
065272,0,0,0,1,,,,
065273,0,0,0,4,,,,
065274,0,0,0,10,,,,
065275,0,0,0,273,,,,
065280,0,0,0,157,,,,
065281,0,0,0,-19,,,,
065282,0,0,0,5,,,,
065286,0,0,0,-843,,,,
065287,0,0,0,30,,,,
065288,0,0,0,-100,,,,
065291,0,0,0,5,,,,
065295,0,0,0,-1,,,,
065296,0,0,0,-20,,,,
065306,0,0,0,-354,,,,
065313,0,0,0,4,,,,
065314,0,0,0,9,,,,
065316,0,0,0,0,,,,
065318,0,0,0,-10,,,,
065319,0,0,0,501,,,,
065320,0,0,0,-50,,,,
065322,0,0,0,-26,,,,
065326,0,0,0,-45,,,,
065327,0,0,0,10,,,,
065342,0,0,0,1,,,,
065344,0,0,0,6,,,,
065349,0,0,0,3,,,,
065350,0,0,0,-210,,,,
065352,0,0,0,-60,,,,
065355,0,0,0,-152,,,,
065356,0,0,0,30,,,,
065358,0,0,0,15,,,,
065360,0,0,0,7,,,,
065371,0,0,0,87,,,,
065373,0,0,0,10,,,,
065374,0,0,0,270,,,,
065377,0,0,0,-11,,,,
065380,0,0,0,37,,,,
065381,0,0,0,-7,,,,
065382,0,0,0,-691,,,,
065383,0,0,0,49,,,,
065386,0,0,0,-75,,,,
065387,0,0,0,-10,,,,
065388,0,0,0,1,,,,
065389,0,0,0,-70,,,,
065396,0,0,0,9,,,,
065400,0,0,0,16,,,,
065401,0,0,0,7,,,,
065402,0,0,0,347,,,,
065403,0,0,0,-8,,,,
065407,0,0,0,159,,,,
065411,0,0,0,-21,,,,
065414,0,0,0,-95,,,,
065416,0,0,0,184,,,,
065417,0,0,0,10,,,,
065419,0,0,0,-921,,,,
065420,0,0,0,2,,,,
065422,0,0,0,102,,,,
065423,0,0,0,8585,,,,
065424,0,0,0,182,,,,
065426,0,0,0,282,,,,
065429,0,0,0,22,,,,
065434,0,0,0,-118,,,,
065435,0,0,0,60,,,,
065436,0,0,0,75,,,,
065437,0,0,0,625,,,,
065441,0,0,0,-20,,,,
065446,0,0,0,-46,,,,
065451,-2,0,0,822,,,,
065452,0,0,0,949,,,,
065453,0,0,0,-499,,,,
065454,0,0,0,757,,,,
065455,0,0,0,-80,,,,
065456,0,0,0,5,,,,
065457,0,0,0,391,,,,
065458,0,0,0,20,,,,
065459,0,0,0,318,,,,
065461,0,0,0,365,,,,
065462,0,0,0,70,,,,
065466,0,0,0,250,,,,
065467,0,0,0,10,,,,
065469,0,0,0,-7,,,,
065470,0,0,0,738,,,,
065471,0,0,0,-28,,,,
065473,0,0,0,-5,,,,
065474,0,0,0,109,,,,
065476,0,0,0,-22,,,,
065480,0,0,0,17,,,,
065482,0,0,0,-17,,,,
065484,0,0,0,90,,,,
065485,0,0,0,1,,,,
065488,0,0,0,69,,,,
065490,0,0,0,-10,,,,
065497,0,0,0,20,,,,
065499,0,0,0,22,,,,
065500,0,0,0,1,,,,
065502,0,0,0,249,,,,
065503,0,0,0,3,,,,
065513,0,0,0,2,,,,
065514,0,0,0,-699,,,,
065517,0,0,0,16,,,,
065520,2,0,0,336,,,,
065524,0,0,0,86,,,,
065526,0,0,0,5,,,,
065532,0,0,0,-5,,,,
065533,0,0,0,4,,,,
065534,-400,0,0,400,,,,
065535,0,0,0,-5,,,,
065546,0,0,0,10,,,,
065548,0,0,0,1,,,,
065552,0,0,0,2,,,,
065554,0,0,0,40,,,,
065555,0,0,0,0,,,,
065559,0,0,0,110,,,,
065563,0,0,0,-91,,,,
065568,0,0,0,-50,,,,
065569,0,0,0,-260,,,,
065570,0,0,0,18,,,,
065571,0,0,0,32,,,,
065572,0,0,0,1,,,,
065573,0,0,0,1,,,,
065574,0,0,0,-196,,,,
065576,0,0,0,-66,,,,
065578,0,0,0,-58,,,,
065579,0,0,0,2,,,,
065581,0,0,0,10,,,,
065584,0,0,0,56,,,,
065585,0,0,0,5,,,,
065586,0,0,0,299,,,,
065588,0,0,0,4,,,,
065596,0,0,0,92,,,,
065598,0,0,0,2,,,,
065603,0,0,0,-43,,,,
065604,0,0,0,475,,,,
065605,0,0,0,1160,,,,
065606,0,0,0,-308,,,,
065609,0,0,0,735,,,,
065611,0,0,0,30,,,,
065612,0,0,0,57,,,,
065613,0,0,0,519,,,,
065614,0,0,0,378,,,,
065615,0,0,0,129,,,,
065617,0,0,0,246,,,,
065620,0,0,0,2,,,,
065621,0,0,0,597,,,,
065625,0,0,0,-71,,,,
065627,0,0,0,-11,,,,
065628,0,0,0,-10,,,,
065631,0,0,0,50,,,,
065633,0,0,0,2,,,,
065634,0,0,0,58,,,,
065636,0,0,0,14,,,,
065639,0,0,0,-29,,,,
065642,0,0,0,12,,,,
065643,0,0,0,-68,,,,
065644,0,0,0,-4,,,,
065650,0,0,0,90,,,,
065651,0,0,0,-1,,,,
065654,0,0,0,113,,,,
065655,0,0,0,7,,,,
065656,0,0,0,0,,,,
065657,0,0,0,101,,,,
065658,0,0,0,570,,,,
065659,0,0,0,128,,,,
065660,0,0,0,429,,,,
065661,0,0,0,18,,,,
065666,0,0,0,381,,,,
065667,0,0,0,6,,,,
065670,0,0,0,2,,,,
065671,0,0,0,10,,,,
065673,0,0,0,10,,,,
065674,0,0,0,-30,,,,
065680,0,0,0,0,,,,
065682,0,0,0,10,,,,
065683,0,0,0,-34,,,,
065686,0,0,0,-53,,,,
065687,0,0,0,91,,,,
065689,0,0,0,30,,,,
065691,0,0,0,-673,,,,
065693,0,0,0,-10,,,,
065695,0,0,0,36,,,,
065696,0,0,0,-9,,,,
065697,0,0,0,43,,,,
065699,0,0,0,41,,,,
065701,0,0,0,-106,,,,
065703,0,0,0,-102,,,,
065705,0,0,0,-840,,,,
065707,0,0,0,-1,,,,
065709,0,0,0,-165,,,,
065710,0,0,0,1,,,,
065715,0,0,0,30,,,,
065720,0,0,0,10,,,,
065721,0,0,0,29,,,,
065722,0,0,0,10,,,,
065725,0,0,0,-5,,,,
065726,0,0,0,2,,,,
065729,0,0,0,-44,,,,
065731,0,0,0,213,,,,
065732,0,0,0,372,,,,
065735,0,0,0,-13,,,,
065739,0,0,0,-317,,,,
065741,0,0,0,25,,,,
065743,0,0,0,219,,,,
065744,0,0,0,130,,,,
065745,0,0,0,-96,,,,
065746,0,0,0,-160,,,,
065748,0,0,0,13,,,,
065750,0,0,0,-71,,,,
065751,0,0,0,45,,,,
065752,0,0,0,-105,,,,
065754,0,0,0,60,,,,
065760,0,0,0,74,,,,
065761,0,0,0,331,,,,
065763,0,0,0,-145,,,,
065764,0,0,0,117,,,,
065766,0,0,0,2,,,,
065770,0,0,0,8,,,,
065771,0,0,0,139,,,,
065772,0,0,0,-35,,,,
065774,0,0,0,-5,,,,
065775,0,0,0,220,,,,
065783,0,0,0,35,,,,
065784,0,0,0,-1,,,,
065786,0,0,0,-18,,,,
065791,0,0,0,2,,,,
065792,0,0,0,507,,,,
065793,0,0,0,-241,,,,
065796,0,0,0,-20,,,,
065797,0,0,0,1,,,,
065799,0,0,0,30,,,,
065802,0,0,0,10,,,,
065805,0,0,0,0,,,,
065807,0,0,0,20,,,,
065808,0,0,0,-10,,,,
065811,0,0,0,-20,,,,
065813,0,0,0,100,,,,
065814,0,0,0,50,,,,
065816,0,0,0,-53,,,,
065817,0,0,0,300,,,,
065819,0,0,0,0,,,,
065820,0,0,0,252,,,,
065823,0,0,0,61,,,,
065826,0,0,0,8,,,,
065827,0,0,0,229,,,,
065831,0,0,0,277,,,,
065833,0,0,0,-155,,,,
065835,45,0,0,-445,,,,
065837,0,0,0,-2,,,,
065838,0,0,0,5,,,,
065840,0,0,0,1,,,,
065841,0,0,0,130,,,,
065843,0,0,0,-14,,,,
065846,0,0,0,-20,,,,
065853,0,0,0,5,,,,
065854,0,0,0,18,,,,
065855,0,0,0,8,,,,
065856,0,0,0,-2,,,,
065857,0,0,0,15,,,,
065858,0,0,0,-239,,,,
065859,0,0,0,47,,,,
065861,0,0,0,18,,,,
065862,0,0,0,100,,,,
065863,0,0,0,-5,,,,
065865,0,0,0,5,,,,
065866,0,0,0,-55,,,,
065867,0,0,0,77,,,,
065868,0,0,0,25,,,,
065874,0,0,0,-430,,,,
065877,0,0,0,-18,,,,
065880,0,0,0,30,,,,
065883,0,0,0,8,,,,
065884,0,0,0,10,,,,
065886,0,0,0,16,,,,
065889,0,0,0,60,,,,
065890,0,0,0,271,,,,
065894,0,0,0,-69,,,,
065896,0,0,0,21,,,,
065897,0,0,0,34,,,,
065900,0,0,0,-51,,,,
065902,0,0,0,-1484,,,,
065904,0,0,0,-41,,,,
065906,0,0,0,100,,,,
065908,0,0,0,0,,,,
065911,0,0,0,410,,,,
065918,0,0,0,255,,,,
065920,0,0,0,496,,,,
065921,0,0,0,7,,,,
065929,0,0,0,2,,,,
065930,0,0,0,5,,,,
065931,0,0,0,-145,,,,
065932,0,0,0,-168,,,,
065934,0,0,0,0,,,,
065940,0,0,0,7,,,,
065941,0,0,0,54,,,,
065942,0,0,0,10,,,,
065947,0,0,0,-631,,,,
065948,0,0,0,316,,,,
065949,0,0,0,66,,,,
065952,0,0,0,287,,,,
065954,0,0,0,57,,,,
065955,0,0,0,-173,,,,
065956,0,0,0,23,,,,
065958,0,0,0,138,,,,
065964,0,0,0,5,,,,
065965,0,0,0,90,,,,
065968,0,0,0,-46,,,,
065969,0,0,0,-49,,,,
065970,0,0,0,400,,,,
065971,0,0,0,-30,,,,
065972,0,0,0,1,,,,
065979,0,0,0,-39,,,,
065980,0,0,0,-14,,,,
065983,0,0,0,155,,,,
065984,0,0,0,19,,,,
065985,0,0,0,44,,,,
065986,0,0,0,41,,,,
065996,0,0,0,12,,,,
065997,0,0,0,-2,,,,
066004,0,0,0,-1,,,,
066005,0,0,0,132,,,,
066006,0,0,0,2,,,,
066007,0,0,0,-61,,,,
066008,0,0,0,-42,,,,
066014,0,0,0,560,,,,
066015,0,0,0,4,,,,
066018,0,0,0,228,,,,
066020,0,0,0,-200,,,,
066021,0,0,0,3,,,,
066022,0,0,0,1,,,,
066029,0,0,0,-112,,,,
066033,0,0,0,-1,,,,
066037,0,0,0,144,,,,
066039,0,0,0,15,,,,
066041,0,0,0,-639,,,,
066042,0,0,0,1,,,,
066043,0,0,0,10,,,,
066044,0,0,0,2,,,,
066045,0,0,0,1,,,,
066046,0,0,0,-16,,,,
066047,0,0,0,54,,,,
066048,0,0,0,15,,,,
066049,0,0,0,-10,,,,
066050,0,0,0,720,,,,
066051,0,0,0,-10,,,,
066052,0,0,0,5,,,,
066054,0,0,0,-5,,,,
066055,0,0,0,6,,,,
066058,0,0,0,-25,,,,
066060,0,0,0,19,,,,
066061,0,0,0,3,,,,
066063,0,0,0,40,,,,
066065,0,0,0,0,,,,
066068,0,0,0,20,,,,
066070,0,0,0,-190,,,,
066072,0,0,0,198,,,,
066073,0,0,0,-8,,,,
066075,0,0,0,-500,,,,
066076,0,0,0,10,,,,
066078,0,0,0,8,,,,
066079,0,0,0,2,,,,
066080,0,0,0,110,,,,
066081,0,0,0,-1,,,,
066082,0,0,0,51,,,,
066083,0,0,0,329,,,,
066084,0,0,0,39,,,,
066085,0,0,0,2,,,,
066086,0,0,0,200,,,,
066087,0,0,0,3,,,,
066092,0,0,0,19,,,,
066093,0,0,0,70,,,,
066097,0,0,0,42,,,,
066098,0,0,0,3,,,,
066100,0,0,0,125,,,,
066101,0,0,0,13,,,,
066102,0,0,0,11,,,,
066103,0,0,0,7,,,,
066104,0,0,0,43,,,,
066105,0,0,0,-10,,,,
066107,0,0,0,451,,,,
066109,0,0,0,-377,,,,
066110,0,0,0,-900,,,,
066111,0,0,0,114,,,,
066112,0,0,0,99,,,,
066113,0,0,0,-3,,,,
066114,0,0,0,174,,,,
066115,0,0,0,10,,,,
066116,0,0,0,3,,,,
066117,0,0,0,-62,,,,
066121,0,0,0,3,,,,
066125,0,0,0,13,,,,
066131,0,0,0,429,,,,
066132,0,0,0,6,,,,
066140,0,0,0,10,,,,
066141,0,0,0,4,,,,
066144,0,0,0,73,,,,
066145,0,0,0,-208,,,,
066146,0,0,0,2,,,,
066147,0,0,0,356,,,,
066150,0,0,0,8,,,,
066151,0,0,0,17,,,,
066153,0,0,0,-20,,,,
066157,0,0,0,242,,,,
066158,0,0,0,142,,,,
066159,0,0,0,153,,,,
066160,0,0,0,48,,,,
066161,0,0,0,397,,,,
066165,0,0,0,5,,,,
066166,0,0,0,44,,,,
066167,0,0,0,300,,,,
066169,0,0,0,4,,,,
066172,0,0,0,91,,,,
066173,0,0,0,22,,,,
066175,0,0,0,127,,,,
066176,0,0,0,-20,,,,
066177,0,0,0,0,,,,
066178,0,0,0,61,,,,
066179,0,0,0,-29,,,,
066180,0,0,0,306,,,,
066181,0,0,0,815,,,,
066182,0,0,0,-160,,,,
066183,0,0,0,-1096,,,,
066184,0,0,0,-1323,,,,
066185,3,0,0,-1541,,,,
066186,-3,0,0,468,,,,
066188,0,0,0,82,,,,
066189,0,0,0,-1,,,,
066190,0,0,0,290,,,,
066191,0,0,0,14,,,,
066193,0,0,0,70,,,,
066195,0,0,0,340,,,,
066197,0,0,0,20,,,,
066200,0,0,0,-10,,,,
066201,0,0,0,4,,,,
066202,0,0,0,44,,,,
066203,0,0,0,11,,,,
066204,0,0,0,4,,,,
066210,0,0,0,-174,,,,
066212,0,0,0,200,,,,
066213,0,0,0,-6,,,,
066215,0,0,0,21,,,,
066216,0,0,0,370,,,,
066219,0,0,0,1130,,,,
066220,0,0,0,11,,,,
066222,0,0,0,-20,,,,
066225,0,0,0,23,,,,
066226,0,0,0,46,,,,
066227,0,0,0,-42,,,,
066229,0,0,0,10,,,,
066230,0,0,0,-1,,,,
066231,0,0,0,-988,,,,
066232,0,0,0,41,,,,
066233,0,0,0,20,,,,
066234,0,0,0,32,,,,
066235,-20,0,0,433,,,,
066236,0,0,0,75,,,,
066237,0,0,0,110,,,,
066241,0,0,0,50,,,,
066243,0,0,0,15,,,,
066244,0,0,0,-185,,,,
066249,0,0,0,20,,,,
066250,0,0,0,31,,,,
066251,0,0,0,362,,,,
066254,0,0,0,-29,,,,
066255,0,0,0,68,,,,
066258,0,0,0,2,,,,
066267,0,0,0,-55,,,,
066268,0,0,0,131,,,,
066269,0,0,0,120,,,,
066270,0,0,0,-10,,,,
066272,0,0,0,580,,,,
066274,0,0,0,1,,,,
066279,0,0,0,652,,,,
066280,0,0,0,3318,,,,
066286,0,0,0,44,,,,
066287,0,0,0,-2,,,,
066288,0,0,0,-37,,,,
066290,0,0,0,229,,,,
066291,0,0,0,-3,,,,
066297,0,0,0,48,,,,
066299,0,0,0,-260,,,,
066306,0,0,0,10,,,,
066307,0,0,0,120,,,,
066309,0,0,0,115,,,,
066310,0,0,0,-16,,,,
066312,0,0,0,-100,,,,
066314,0,0,0,-10,,,,
066319,0,0,0,27,,,,
066322,0,0,0,2,,,,
066324,0,0,0,30,,,,
066325,0,0,0,56,,,,
066331,0,0,0,1856,,,,
066334,0,0,0,310,,,,
066336,0,0,0,97,,,,
066337,0,0,0,673,,,,
066340,0,0,0,60,,,,
066343,0,0,0,8,,,,
066345,0,0,0,-20,,,,
066348,0,0,0,-3,,,,
066352,0,0,0,-10,,,,
066354,0,0,0,37,,,,
066355,0,0,0,5,,,,
066356,0,0,0,-38,,,,
066357,0,0,0,83,,,,
066360,0,0,0,10,,,,
066361,0,0,0,5,,,,
066363,0,0,0,1258,,,,
066365,0,0,0,20,,,,
066368,0,0,0,-6,,,,
066374,0,0,0,0,,,,
066376,0,0,0,-35,,,,
066377,0,0,0,8,,,,
066378,0,0,0,5,,,,
066380,0,0,0,0,,,,
066382,0,0,0,2,,,,
066383,0,0,0,9,,,,
066384,0,0,0,18,,,,
066386,0,0,0,15,,,,
066391,0,0,0,170,,,,
066392,0,0,0,-287,,,,
066393,0,0,0,1199,,,,
066394,0,0,0,10,,,,
066399,0,0,0,19,,,,
066400,0,0,0,-164,,,,
066401,0,0,0,10,,,,
066402,0,0,0,7,,,,
066406,0,0,0,11,,,,
066407,0,0,0,15,,,,
066408,0,0,0,165,,,,
066410,0,0,0,165,,,,
066411,0,0,0,34,,,,
066412,0,0,0,-484,,,,
066413,0,0,0,-8,,,,
066415,0,0,0,1,,,,
066422,0,0,0,56,,,,
066423,0,0,0,1,,,,
066424,0,0,0,26,,,,
066428,0,0,0,-20,,,,
066430,0,0,0,7,,,,
066432,0,0,0,61,,,,
066433,0,0,0,-16,,,,
066435,0,0,0,2,,,,
066437,0,0,0,5,,,,
066441,0,0,0,-10,,,,
066442,0,0,0,4442,,,,
066443,0,0,0,121,,,,
066444,0,0,0,132,,,,
066446,0,0,0,70,,,,
066448,0,0,0,273,,,,
066450,0,0,0,-67,,,,
066452,0,0,0,-5,,,,
066453,0,0,0,180,,,,
066456,0,0,0,10,,,,
066457,0,0,0,-12,,,,
066459,0,0,0,-1,,,,
066460,0,0,0,2,,,,
066463,0,0,0,1,,,,
066466,0,0,0,2,,,,
066467,0,0,0,77,,,,
066468,0,0,0,1,,,,
066469,0,0,0,121,,,,
066471,0,0,0,0,,,,
066472,0,0,0,38,,,,
066475,0,0,0,-3,,,,
066476,0,0,0,3,,,,
066477,0,0,0,-75,,,,
066478,0,0,0,1479,,,,
066479,0,0,0,-94,,,,
066480,0,0,0,310,,,,
066485,0,0,0,35,,,,
066492,0,0,0,2540,,,,
066493,0,0,0,-461,,,,
066494,0,0,0,-4,,,,
066495,0,0,0,-265,,,,
066496,0,0,0,122,,,,
066497,0,0,0,-92,,,,
066498,0,0,0,-9,,,,
066499,0,0,0,2,,,,
066503,0,0,0,5,,,,
066504,0,0,0,4,,,,
066505,0,0,0,10,,,,
066508,0,0,0,-1,,,,
066510,0,0,0,67,,,,
066511,0,0,0,30,,,,
066512,0,0,0,25,,,,
066513,0,0,0,63,,,,
066514,0,0,0,-28,,,,
066515,0,0,0,-7,,,,
066516,0,0,0,-1,,,,
066517,0,0,0,-230,,,,
066519,0,0,0,-519,,,,
066520,0,0,0,-1099,,,,
066521,0,0,0,195,,,,
066523,0,0,0,3,,,,
066524,0,0,0,591,,,,
066525,0,0,0,1302,,,,
066526,0,0,0,90,,,,
066527,0,0,0,-157,,,,
066528,0,0,0,3,,,,
066529,0,0,0,6,,,,
066530,0,0,0,93,,,,
066532,0,0,0,199,,,,
066535,0,0,0,6,,,,
066536,0,0,0,-160,,,,
066539,0,0,0,95,,,,
066546,0,0,0,-20,,,,
066547,0,0,0,60,,,,
066548,0,0,0,10,,,,
066549,0,0,0,-25,,,,
066550,0,0,0,61,,,,
066551,0,0,0,-44,,,,
066555,0,0,0,1,,,,
066556,0,0,0,225,,,,
066557,0,0,0,-74,,,,
066564,0,0,0,-888,,,,
066565,0,0,0,-513,,,,
066566,0,0,0,-246,,,,
066568,0,0,0,50,,,,
066570,0,0,0,1,,,,
066573,0,0,0,18,,,,
066577,0,0,0,-2,,,,
066580,0,0,0,5,,,,
066581,0,0,0,14,,,,
066583,0,0,0,18,,,,
066584,0,0,0,180,,,,
066585,0,0,0,-22,,,,
066587,0,0,0,-30,,,,
066589,0,0,0,152,,,,
066590,0,0,0,479,,,,
066591,0,0,0,3420,,,,
066592,0,0,0,158,,,,
066593,0,0,0,20,,,,
066596,0,0,0,562,,,,
066597,0,0,0,58,,,,
066598,0,0,0,20,,,,
066601,0,0,0,-22,,,,
066605,0,0,0,1,,,,
066607,0,0,0,65,,,,
066608,0,0,0,-119,,,,
066609,0,0,0,-5,,,,
066611,0,0,0,770,,,,
066612,0,0,0,56,,,,
066613,0,0,0,117,,,,
066614,0,0,0,10,,,,
066618,0,0,0,20,,,,
066623,0,0,0,1,,,,
066626,0,0,0,164,,,,
066632,0,0,0,-43,,,,
066633,0,0,0,1,,,,
066635,0,0,0,148,,,,
066636,0,0,0,135,,,,
066637,0,0,0,-36,,,,
066638,0,0,0,-10,,,,
066642,0,0,0,63,,,,
066643,0,0,0,1411,,,,
066644,0,0,0,1580,,,,
066646,0,0,0,-94,,,,
066647,0,0,0,-109,,,,
066648,0,0,0,1490,,,,
066651,0,0,0,570,,,,
066652,0,0,0,40,,,,
066655,0,0,0,2,,,,
066656,0,0,0,15,,,,
066657,0,0,0,117,,,,
066659,0,0,0,8,,,,
066660,0,0,0,271,,,,
066661,0,0,0,38,,,,
066662,0,0,0,-103,,,,
066664,0,0,0,-5,,,,
066665,0,0,0,3,,,,
066666,0,0,0,24,,,,
066667,0,0,0,-80,,,,
066669,-80,0,0,22,,,,
066670,0,0,0,116,,,,
066671,0,0,0,263,,,,
066674,0,0,0,3,,,,
066676,0,0,0,2,,,,
066678,0,0,0,-10,,,,
066679,0,0,0,-5,,,,
066681,0,0,0,20,,,,
066682,0,0,0,-133,,,,
066683,0,0,0,3,,,,
066685,0,0,0,-24,,,,
066687,0,0,0,172,,,,
066688,0,0,0,316,,,,
066691,0,0,0,73,,,,
066695,0,0,0,41,,,,
066696,0,0,0,0,,,,
066697,0,0,0,-12,,,,
066701,0,0,0,39,,,,
066703,0,0,0,40,,,,
066704,0,0,0,-2,,,,
066705,0,0,0,-80,,,,
066706,0,0,0,115,,,,
066707,0,0,0,1,,,,
066709,0,0,0,-22,,,,
066711,0,0,0,-91,,,,
066713,0,0,0,10,,,,
066714,0,0,0,-37,,,,
066716,0,0,0,68,,,,
066718,0,0,0,2,,,,
066719,0,0,0,-137,,,,
066720,0,0,0,-30,,,,
066721,0,0,0,-3,,,,
066722,0,0,0,-799,,,,
066723,0,0,0,1,,,,
066724,0,0,0,-10,,,,
066725,0,0,0,640,,,,
066728,0,0,0,-451,,,,
066729,0,0,0,534,,,,
066730,0,0,0,507,,,,
066733,0,0,0,80,,,,
066736,0,0,0,-43,,,,
066737,0,0,0,5,,,,
066738,0,0,0,1,,,,
066748,0,0,0,0,,,,
066753,0,0,0,-10,,,,
066754,0,0,0,39,,,,
066755,0,0,0,21,,,,
066757,0,0,0,-7,,,,
066759,0,0,0,-14,,,,
066761,0,0,0,-160,,,,
066762,0,0,0,-108,,,,
066763,0,0,0,499,,,,
066768,0,0,0,-80,,,,
066769,0,0,0,19,,,,
066778,0,0,0,-26,,,,
066779,0,0,0,-8,,,,
066781,0,0,0,-20,,,,
066782,0,0,0,119,,,,
066784,0,0,0,104,,,,
066785,0,0,0,-2,,,,
066786,0,0,0,-10,,,,
066795,0,0,0,189,,,,
066796,0,0,0,13,,,,
066797,0,0,0,1,,,,
066798,0,0,0,6,,,,
066806,0,0,0,1,,,,
066818,0,0,0,2,,,,
066819,0,0,0,1,,,,
066821,0,0,0,37,,,,
066822,0,0,0,-1,,,,
066823,0,0,0,7,,,,
066824,0,0,0,17,,,,
066826,0,0,0,-22,,,,
066827,0,0,0,1,,,,
066829,0,0,0,41,,,,
066830,0,0,0,10,,,,
066835,0,0,0,350,,,,
066836,0,0,0,20,,,,
066837,0,0,0,-87,,,,
066838,0,0,0,-160,,,,
066839,0,0,0,-20,,,,
066840,0,0,0,-220,,,,
066841,0,0,0,142,,,,
066842,0,0,0,-120,,,,
066843,0,0,0,-68,,,,
066849,0,0,0,5,,,,
066851,0,0,0,18,,,,
066854,0,0,0,-37,,,,
066855,0,0,0,1,,,,
066856,0,0,0,37,,,,
066858,0,0,0,179,,,,
066859,0,0,0,241,,,,
066860,0,0,0,-1,,,,
066861,0,0,0,5,,,,
066863,0,0,0,-933,,,,
066865,0,0,0,-46,,,,
066866,0,0,0,-50,,,,
066874,0,0,0,49,,,,
066875,0,0,0,-80,,,,
066883,0,0,0,6,,,,
066887,0,0,0,-57,,,,
066888,0,0,0,-61,,,,
066894,0,0,0,30,,,,
066895,0,0,0,363,,,,
066897,0,0,0,-46,,,,
066900,0,0,0,-496,,,,
066901,0,0,0,-211,,,,
066902,0,0,0,1,,,,
066903,0,0,0,0,,,,
066906,0,0,0,-17,,,,
066907,0,0,0,5,,,,
066909,0,0,0,361,,,,
066910,0,0,0,-169,,,,
066912,0,0,0,5,,,,
066914,0,0,0,2,,,,
066916,0,0,0,25,,,,
066918,0,0,0,102,,,,
066921,0,0,0,-20,,,,
066924,0,0,0,-38,,,,
066925,0,0,0,-517,,,,
066926,0,0,0,1,,,,
066929,0,0,0,335,,,,
066931,0,0,0,836,,,,
066932,-15,0,0,444,,,,
066937,0,0,0,-117,,,,
066938,0,0,0,142,,,,
066940,0,0,0,10,,,,
066942,0,0,0,4,,,,
066943,0,0,0,400,,,,
066944,0,0,0,5,,,,
066945,0,0,0,-73,,,,
066947,0,0,0,-50,,,,
066948,0,0,0,19,,,,
066950,0,0,0,-16,,,,
066951,0,0,0,165,,,,
066952,0,0,0,-200,,,,
066955,0,0,0,-747,,,,
066957,0,0,0,42,,,,
066959,0,0,0,30,,,,
066961,0,0,0,-5,,,,
066962,0,0,0,-2,,,,
066964,0,0,0,-11,,,,
066966,0,0,0,-40,,,,
066968,0,0,0,-1,,,,
066969,0,0,0,40,,,,
066971,0,0,0,1,,,,
066975,0,0,0,0,,,,
066977,0,0,0,60,,,,
066979,0,0,0,76,,,,
066980,0,0,0,2,,,,
066983,0,0,0,-8,,,,
066988,0,0,0,172,,,,
066989,0,0,0,82,,,,
066990,0,0,0,10,,,,
066991,0,0,0,-20,,,,
066994,0,0,0,11,,,,
066996,0,0,0,-259,,,,
066997,0,0,0,-1,,,,
067000,0,0,0,10,,,,
067011,-60,0,0,485,,,,
067012,0,0,0,19,,,,
067013,0,0,0,-334,,,,
067014,0,0,0,3,,,,
067017,0,0,0,-123,,,,
067019,0,0,0,-86,,,,
067021,0,0,0,407,,,,
067023,1,0,0,10,,,,
067024,0,0,0,-59,,,,
067025,0,0,0,52,,,,
067030,0,0,0,1,,,,
067031,0,0,0,-289,,,,
067032,0,0,0,-2,,,,
067034,0,0,0,24,,,,
067035,0,0,0,1,,,,
067037,0,0,0,496,,,,
067038,0,0,0,4,,,,
067039,0,0,0,153,,,,
067040,0,0,0,-17,,,,
067046,0,0,0,-20,,,,
067050,0,0,0,-49,,,,
067051,0,0,0,0,,,,
067052,0,0,0,-38,,,,
067053,0,0,0,375,,,,
067054,0,0,0,20,,,,
067056,0,0,0,-330,,,,
067057,0,0,0,-35,,,,
067058,0,0,0,545,,,,
067060,0,0,0,-3,,,,
067061,0,0,0,972,,,,
067063,0,0,0,60,,,,
067065,0,0,0,2,,,,
067066,0,0,0,4,,,,
067069,0,0,0,95,,,,
067070,0,0,0,1020,,,,
067071,0,0,0,15,,,,
067072,0,0,0,-83,,,,
067073,0,0,0,2060,,,,
067074,0,0,0,30,,,,
067075,0,0,0,10,,,,
067076,0,0,0,-3,,,,
067077,0,0,0,-77,,,,
067078,0,0,0,-258,,,,
067079,0,0,0,131,,,,
067080,0,0,0,-152,,,,
067081,0,0,0,1270,,,,
067083,0,0,0,-80,,,,
067084,0,0,0,-1,,,,
067085,0,0,0,242,,,,
067086,0,0,0,118,,,,
067087,0,0,0,5,,,,
067089,0,0,0,-8,,,,
067090,0,0,0,-97,,,,
067091,0,0,0,-34,,,,
067092,0,0,0,-55,,,,
067093,0,0,0,-33,,,,
067094,0,0,0,-31,,,,
067095,0,0,0,-146,,,,
067096,0,0,0,-27,,,,
067097,0,0,0,9,,,,
067100,0,0,0,162,,,,
067101,0,0,0,435,,,,
067102,0,0,0,-189,,,,
067104,0,0,0,30,,,,
067105,0,0,0,-361,,,,
067108,0,0,0,26,,,,
067111,0,0,0,-139,,,,
067112,0,0,0,65,,,,
067113,0,0,0,23,,,,
067115,0,0,0,5,,,,
067117,0,0,0,-8,,,,
067118,0,0,0,404,,,,
067119,0,0,0,363,,,,
067120,0,0,0,436,,,,
067121,0,0,0,81,,,,
067127,0,0,0,-65,,,,
067129,0,0,0,139,,,,
067131,0,0,0,122,,,,
067132,0,0,0,-390,,,,
067133,0,0,0,-64,,,,
067138,0,0,0,2,,,,
067142,0,0,0,3103,,,,
067143,0,0,0,-1,,,,
067144,0,0,0,124,,,,
067145,0,0,0,-282,,,,
067147,0,0,0,-2,,,,
067148,0,0,0,495,,,,
067149,0,0,0,-61,,,,
067150,0,0,0,952,,,,
067151,0,0,0,185,,,,
067152,0,0,0,-5,,,,
067155,0,0,0,-1045,,,,
067157,0,0,0,5,,,,
067159,0,0,0,2,,,,
067161,0,0,0,1,,,,
067162,0,0,0,10,,,,
067163,0,0,0,-50,,,,
067164,0,0,0,6,,,,
067165,0,0,0,13,,,,
067167,0,0,0,416,,,,
067168,0,0,0,13,,,,
067170,0,0,0,423,,,,
067176,0,0,0,47,,,,
067178,0,0,0,-49,,,,
067179,0,0,0,-1003,,,,
067180,0,0,0,130,,,,
067181,0,0,0,38,,,,
067183,0,0,0,-40,,,,
067184,0,0,0,40,,,,
067185,0,0,0,2,,,,
067186,0,0,0,891,,,,
067187,0,0,0,1,,,,
067191,0,0,0,-20,,,,
067193,0,0,0,202,,,,
067194,0,0,0,30,,,,
067195,0,0,0,126,,,,
067197,0,0,0,-73,,,,
067198,0,0,0,-80,,,,
067199,0,0,0,6,,,,
067200,0,0,0,150,,,,
067202,0,0,0,781,,,,
067204,0,0,0,-413,,,,
067206,0,0,0,4,,,,
067207,0,0,0,139,,,,
067208,0,0,0,531,,,,
067211,0,0,0,-597,,,,
067212,0,0,0,0,,,,
067214,0,0,0,104,,,,
067215,0,0,0,1478,,,,
067216,0,0,0,-75,,,,
067219,0,0,0,-35,,,,
067220,0,0,0,200,,,,
067221,0,0,0,851,,,,
067222,0,0,0,512,,,,
067224,0,0,0,1,,,,
067225,0,0,0,-34,,,,
067226,0,0,0,-558,,,,
067227,0,0,0,-40,,,,
067228,0,0,0,-19,,,,
067230,0,0,0,30,,,,
067232,0,0,0,8,,,,
067233,0,0,0,-20,,,,
067235,0,0,0,-38,,,,
067240,0,0,0,-620,,,,
067242,0,0,0,-88,,,,
067243,0,0,0,-34,,,,
067244,0,0,0,-3,,,,
067245,0,0,0,16,,,,
067246,0,0,0,-160,,,,
067247,0,0,0,-15,,,,
067250,0,0,0,10,,,,
067251,0,0,0,381,,,,
067253,0,0,0,-84,,,,
067254,0,0,0,143,,,,
067255,0,0,0,-75,,,,
067256,0,0,0,30,,,,
067257,0,0,0,77,,,,
067259,0,0,0,24,,,,
067260,0,0,0,1135,,,,
067263,0,0,0,-94,,,,
067264,0,0,0,1240,,,,
067266,0,0,0,45,,,,
067269,0,0,0,-1721,,,,
067270,0,0,0,70,,,,
067271,0,0,0,6,,,,
067272,0,0,0,-236,,,,
067274,0,0,0,138,,,,
067275,0,0,0,6,,,,
067278,0,0,0,127,,,,
067279,0,0,0,4,,,,
067280,0,0,0,53,,,,
067281,0,0,0,123,,,,
067282,0,0,0,14,,,,
067283,0,0,0,161,,,,
067284,0,0,0,20,,,,
067286,0,0,0,130,,,,
067288,0,0,0,-10,,,,
067289,0,0,0,35,,,,
067292,0,0,0,19,,,,
067294,0,0,0,-120,,,,
067297,0,0,0,4,,,,
067298,0,0,0,274,,,,
067299,0,0,0,1,,,,
067303,0,0,0,-120,,,,
067309,0,0,0,-10,,,,
067311,0,0,0,1,,,,
067312,0,0,0,10,,,,
067314,0,0,0,-12,,,,
067315,0,0,0,-3,,,,
067323,0,0,0,615,,,,
067324,0,0,0,19,,,,
067325,0,0,0,1,,,,
067331,0,0,0,182,,,,
067332,0,0,0,-3,,,,
067333,0,0,0,-849,,,,
067334,0,0,0,-10,,,,
067336,0,0,0,219,,,,
067337,0,0,0,12,,,,
067340,0,0,0,-7,,,,
067342,0,0,0,-30,,,,
067346,0,0,0,701,,,,
067348,0,0,0,-24,,,,
067349,0,0,0,21,,,,
067350,0,0,0,1,,,,
067351,0,0,0,178,,,,
067353,0,0,0,37,,,,
067354,0,0,0,19,,,,
067355,0,0,0,15,,,,
067357,0,0,0,200,,,,
067358,0,0,0,390,,,,
067359,0,0,0,-17,,,,
067360,0,0,0,3,,,,
067361,0,0,0,-2,,,,
067362,0,0,0,-42,,,,
067363,0,0,0,351,,,,
067370,0,0,0,-28,,,,
067371,0,0,0,-36,,,,
067372,0,0,0,-156,,,,
067373,0,0,0,-184,,,,
067374,0,0,0,1,,,,
067377,0,0,0,21,,,,
067378,0,0,0,208,,,,
067379,0,0,0,7,,,,
067382,0,0,0,60,,,,
067386,0,0,0,20,,,,
067387,0,0,0,31,,,,
067388,0,0,0,1,,,,
067389,0,0,0,168,,,,
067390,0,0,0,223,,,,
067391,-2,0,0,227,,,,
067396,0,0,0,8,,,,
067397,0,0,0,1,,,,
067398,0,0,0,-1,,,,
067400,0,0,0,20,,,,
067401,0,0,0,8,,,,
067403,0,0,0,20,,,,
067404,0,0,0,496,,,,
067405,0,0,0,10,,,,
067409,0,0,0,-1187,,,,
067411,0,0,0,1613,,,,
067413,0,0,0,-250,,,,
067414,0,0,0,-208,,,,
067415,0,0,0,104,,,,
067416,0,0,0,787,,,,
067417,0,0,0,678,,,,
067418,0,0,0,1750,,,,
067419,0,0,0,28,,,,
067420,0,0,0,-78,,,,
067421,0,0,0,148,,,,
067423,0,0,0,7,,,,
067424,0,0,0,-214,,,,
067425,0,0,0,113,,,,
067426,0,0,0,1,,,,
067427,0,0,0,20,,,,
067428,0,0,0,-10,,,,
067430,0,0,0,-35,,,,
067433,0,0,0,9,,,,
067435,0,0,0,88,,,,
067437,0,0,0,20,,,,
067439,0,0,0,-304,,,,
067440,0,0,0,72,,,,
067441,0,0,0,806,,,,
067443,0,0,0,138,,,,
067444,0,0,0,370,,,,
067445,0,0,0,13,,,,
067448,0,0,0,-208,,,,
067449,0,0,0,-127,,,,
067450,0,0,0,-199,,,,
067451,0,0,0,20,,,,
067452,0,0,0,3,,,,
067454,0,0,0,81,,,,
067455,0,0,0,-80,,,,
067456,0,0,0,203,,,,
067457,0,0,0,-110,,,,
067458,0,0,0,-32,,,,
067459,0,0,0,7,,,,
067460,0,0,0,-42,,,,
067461,0,0,0,5,,,,
067462,0,0,0,-27,,,,
067464,0,0,0,31,,,,
067468,0,0,0,8,,,,
067470,0,0,0,-139,,,,
067471,0,0,0,109,,,,
067472,0,0,0,-119,,,,
067474,0,0,0,100,,,,
067475,0,0,0,42,,,,
067476,0,0,0,-30,,,,
067480,0,0,0,-27,,,,
067481,0,0,0,1,,,,
067482,0,0,0,-817,,,,
067487,0,0,0,-11,,,,
067488,0,0,0,56,,,,
067489,0,0,0,4,,,,
067492,0,0,0,-363,,,,
067493,0,0,0,1,,,,
067496,0,0,0,-99,,,,
067497,0,0,0,150,,,,
067498,0,0,0,10,,,,
067501,0,0,0,-51,,,,
067503,0,0,0,-247,,,,
067504,0,0,0,4,,,,
067506,0,0,0,30,,,,
067509,0,0,0,-333,,,,
067510,0,0,0,-36,,,,
067511,0,0,0,1,,,,
067516,0,0,0,475,,,,
067517,0,0,0,241,,,,
067519,0,0,0,2,,,,
067520,0,0,0,68,,,,
067525,0,0,0,59,,,,
067527,0,0,0,-530,,,,
067528,0,0,0,-37,,,,
067529,0,0,0,-141,,,,
067531,0,0,0,192,,,,
067532,0,0,0,-34,,,,
067533,0,0,0,121,,,,
067537,0,0,0,-35,,,,
067538,0,0,0,-25,,,,
067540,0,0,0,-129,,,,
067541,0,0,0,-329,,,,
067542,0,0,0,9,,,,
067543,0,0,0,61,,,,
067544,0,0,0,44,,,,
067545,0,0,0,-5,,,,
067546,0,0,0,272,,,,
067548,0,0,0,5,,,,
067550,0,0,0,1,,,,
067551,0,0,0,-160,,,,
067567,0,0,0,-56,,,,
067570,0,0,0,10,,,,
067572,0,0,0,-319,,,,
067573,0,0,0,293,,,,
067574,0,0,0,169,,,,
067583,0,0,0,2094,,,,
067584,0,0,0,5,,,,
067586,0,0,0,269,,,,
067587,0,0,0,-167,,,,
067588,0,0,0,134,,,,
067590,0,0,0,-49,,,,
067591,0,0,0,-43,,,,
067592,0,0,0,5,,,,
067593,0,0,0,12,,,,
067596,0,0,0,2,,,,
067598,0,0,0,211,,,,
067599,0,0,0,112,,,,
067601,0,0,0,66,,,,
067602,0,0,0,74,,,,
067604,0,0,0,-1,,,,
067605,0,0,0,73,,,,
067606,0,0,0,668,,,,
067607,0,0,0,326,,,,
067608,0,0,0,123,,,,
067609,0,0,0,14,,,,
067610,0,0,0,143,,,,
067611,0,0,0,-472,,,,
067612,0,0,0,3,,,,
067613,0,0,0,-11,,,,
067614,0,0,0,-15,,,,
067616,0,0,0,-40,,,,
067617,0,0,0,-66,,,,
067618,0,0,0,50,,,,
067620,0,0,0,763,,,,
067622,0,0,0,-20,,,,
067623,0,0,0,10,,,,
067624,0,0,0,17,,,,
067625,0,0,0,6,,,,
067627,0,0,0,535,,,,
067628,0,0,0,266,,,,
067629,0,0,0,310,,,,
067631,0,0,0,57,,,,
067633,0,0,0,-2,,,,
067634,0,0,0,-3,,,,
067635,0,0,0,-1582,,,,
067636,0,0,0,1,,,,
067638,0,0,0,276,,,,
067639,0,0,0,21,,,,
067642,0,0,0,-53,,,,
067644,0,0,0,550,,,,
067646,0,0,0,148,,,,
067647,0,0,0,51,,,,
067648,0,0,0,-99,,,,
067649,0,0,0,-25,,,,
067651,0,0,0,-10,,,,
067654,0,0,0,-10,,,,
067655,0,0,0,-665,,,,
067661,0,0,0,56,,,,
067662,0,0,0,-16,,,,
067664,0,0,0,373,,,,
067665,0,0,0,146,,,,
067668,0,0,0,1,,,,
067673,0,0,0,-8,,,,
067675,0,0,0,-12,,,,
067676,0,0,0,7,,,,
067679,0,0,0,76,,,,
067682,0,0,0,200,,,,
067685,0,0,0,-9,,,,
067686,0,0,0,1,,,,
067690,0,0,0,-209,,,,
067692,0,0,0,12,,,,
067693,0,0,0,10,,,,
067694,0,0,0,484,,,,
067695,0,0,0,35,,,,
067696,0,0,0,1,,,,
067697,0,0,0,38,,,,
067699,0,0,0,-8,,,,
067701,0,0,0,-112,,,,
067703,0,0,0,40,,,,
067705,0,0,0,178,,,,
067706,0,0,0,569,,,,
067707,0,0,0,9,,,,
067708,0,0,0,61,,,,
067711,0,0,0,-53,,,,
067714,0,0,0,734,,,,
067715,0,0,0,1200,,,,
067716,0,0,0,-1125,,,,
067718,0,0,0,8,,,,
067719,0,0,0,526,,,,
067723,0,0,0,2,,,,
067726,0,0,0,5,,,,
067728,0,0,0,3,,,,
067729,0,0,0,20,,,,
067733,0,0,0,-120,,,,
067734,0,0,0,185,,,,
067735,0,0,0,264,,,,
067736,0,0,0,12,,,,
067737,0,0,0,-49,,,,
067738,0,0,0,-86,,,,
067739,0,0,0,23,,,,
067741,0,0,0,-168,,,,
067742,0,0,0,-358,,,,
067743,0,0,0,1096,,,,
067753,0,0,0,-29,,,,
067756,0,0,0,140,,,,
067758,0,0,0,50,,,,
067759,0,0,0,236,,,,
067764,0,0,0,-166,,,,
067767,0,0,0,7,,,,
067769,0,0,0,5,,,,
067771,0,0,0,11,,,,
067774,0,0,0,-10,,,,
067777,0,0,0,10,,,,
067778,0,0,0,-88,,,,
067779,0,0,0,-64,,,,
067780,0,0,0,144,,,,
067781,0,0,0,0,,,,
067782,0,0,0,278,,,,
067783,0,0,0,10,,,,
067784,0,0,0,535,,,,
067786,0,0,0,15,,,,
067787,0,0,0,1601,,,,
067789,0,0,0,388,,,,
067790,0,0,0,9,,,,
067791,0,0,0,137,,,,
067792,0,0,0,-180,,,,
067795,0,0,0,6,,,,
067796,0,0,0,-763,,,,
067798,0,0,0,1,,,,
067799,0,0,0,11,,,,
067800,0,0,0,5,,,,
067801,0,0,0,-10,,,,
067804,0,0,0,10,,,,
067805,0,0,0,-5,,,,
067806,0,0,0,-18,,,,
067808,0,0,0,-40,,,,
067809,0,0,0,19,,,,
067810,0,0,0,-1,,,,
067813,0,0,0,275,,,,
067814,0,0,0,1475,,,,
067817,0,0,0,9,,,,
067818,0,0,0,7,,,,
067819,0,0,0,-190,,,,
067826,0,0,0,143,,,,
067827,0,0,0,1073,,,,
067832,0,0,0,5,,,,
067833,0,0,0,1,,,,
067834,0,0,0,-50,,,,
067835,0,0,0,432,,,,
067838,0,0,0,15,,,,
067840,0,0,0,545,,,,
067843,0,0,0,-23,,,,
067844,0,0,0,15,,,,
067847,0,0,0,100,,,,
067849,0,0,0,11,,,,
067850,0,0,0,-124,,,,
067851,0,0,0,-98,,,,
067852,0,0,0,-321,,,,
067855,0,0,0,-354,,,,
067857,0,0,0,132,,,,
067858,0,0,0,140,,,,
067859,0,0,0,-18,,,,
067860,0,0,0,100,,,,
067861,0,0,0,10,,,,
067862,0,0,0,1,,,,
067864,0,0,0,30,,,,
067869,0,0,0,55,,,,
067870,0,0,0,17,,,,
067873,0,0,0,-65,,,,
067874,0,0,0,255,,,,
067875,0,0,0,265,,,,
067876,0,0,0,32,,,,
067878,0,0,0,-2,,,,
067879,0,0,0,159,,,,
067880,0,0,0,1,,,,
067881,0,0,0,-48,,,,
067885,0,0,0,1212,,,,
067886,0,0,0,286,,,,
067887,0,0,0,213,,,,
067888,0,0,0,236,,,,
067890,0,0,0,20,,,,
067892,0,0,0,-11,,,,
067893,0,0,0,233,,,,
067899,0,0,0,-55,,,,
067901,0,0,0,-122,,,,
067902,0,0,0,4,,,,
067906,0,0,0,49,,,,
067908,0,0,0,-285,,,,
067911,0,0,0,10,,,,
067916,0,0,0,2,,,,
067918,0,0,0,1,,,,
067919,0,0,0,100,,,,
067921,0,0,0,-28,,,,
067922,0,0,0,-142,,,,
067925,0,0,0,10,,,,
067926,0,0,0,-71,,,,
067929,0,0,0,3,,,,
067930,0,0,0,-60,,,,
067931,0,0,0,183,,,,
067932,0,0,0,-144,,,,
067936,0,0,0,501,,,,
067937,0,0,0,15,,,,
067938,0,0,0,8,,,,
067942,0,0,0,213,,,,
067943,0,0,0,-795,,,,
067944,0,0,0,256,,,,
067945,0,0,0,-1808,,,,
067946,0,0,0,1480,,,,
067948,0,0,0,-133,,,,
067949,0,0,0,-164,,,,
067953,0,0,0,-19,,,,
067954,0,0,0,2,,,,
067955,0,0,0,200,,,,
067956,0,0,0,110,,,,
067957,0,0,0,18,,,,
067958,0,0,0,7,,,,
067959,0,0,0,-10,,,,
067960,0,0,0,135,,,,
067961,0,0,0,15,,,,
067966,0,0,0,3,,,,
067967,0,0,0,-99,,,,
067968,0,0,0,179,,,,
067972,0,0,0,6,,,,
067975,0,0,0,-1,,,,
067977,0,0,0,-1,,,,
067978,0,0,0,-40,,,,
067979,0,0,0,74,,,,
067980,0,0,0,4,,,,
067981,0,0,0,-356,,,,
067983,0,0,0,42,,,,
067984,0,0,0,174,,,,
067985,0,0,0,175,,,,
067986,0,0,0,13,,,,
067987,0,0,0,2838,,,,
067989,0,0,0,-21,,,,
067991,0,0,0,55,,,,
067992,0,0,0,-165,,,,
067993,0,0,0,99,,,,
067994,0,0,0,-9,,,,
067995,0,0,0,106,,,,
067996,0,0,0,-1495,,,,
067997,0,0,0,595,,,,
067998,0,0,0,695,,,,
067999,0,0,0,597,,,,
068000,0,0,0,-720,,,,
068001,0,0,0,907,,,,
068002,0,0,0,2390,,,,
068003,0,0,0,232,,,,
068004,0,0,0,-299,,,,
068006,0,0,0,451,,,,
068008,0,0,0,9,,,,
068009,0,0,0,184,,,,
068010,0,0,0,-745,,,,
068011,0,0,0,-229,,,,
068012,0,0,0,-6,,,,
068013,0,0,0,-150,,,,
068014,0,0,0,340,,,,
068015,0,0,0,-484,,,,
068016,0,0,0,270,,,,
068019,0,0,0,69,,,,
068020,0,0,0,1,,,,
068022,0,0,0,-1,,,,
068023,0,0,0,-48,,,,
068024,0,0,0,-23,,,,
068025,0,0,0,-1,,,,
068026,0,0,0,-546,,,,
068027,0,0,0,-70,,,,
068028,0,0,0,630,,,,
068029,0,0,0,973,,,,
068030,0,0,0,-7,,,,
068033,0,0,0,-446,,,,
068034,0,0,0,-28,,,,
068035,0,0,0,-71,,,,
068039,0,0,0,-908,,,,
068040,0,0,0,-266,,,,
068042,0,0,0,440,,,,
068043,0,0,0,-577,,,,
068046,0,0,0,-90,,,,
068047,0,0,0,-11,,,,
068049,0,0,0,207,,,,
068050,0,0,0,-99,,,,
068051,0,0,0,1077,,,,
068052,0,0,0,398,,,,
068053,0,0,0,376,,,,
068054,0,0,0,164,,,,
068060,0,0,0,490,,,,
068065,0,0,0,-367,,,,
068066,0,0,0,160,,,,
068067,0,0,0,349,,,,
068068,0,0,0,29,,,,
068069,0,0,0,97,,,,
068070,0,0,0,-3,,,,
068071,0,0,0,23,,,,
068072,0,0,0,1176,,,,
068073,0,0,0,958,,,,
068078,0,0,0,-187,,,,
068079,0,0,0,-180,,,,
068080,0,0,0,-2,,,,
068081,0,0,0,-62,,,,
068082,0,0,0,33,,,,
068083,0,0,0,-5,,,,
068084,0,0,0,-80,,,,
068085,0,0,0,-452,,,,
068086,0,0,0,-81,,,,
068087,0,0,0,-295,,,,
068088,0,0,0,215,,,,
068090,0,0,0,-75,,,,
068091,0,0,0,-121,,,,
068092,0,0,0,207,,,,
068093,0,0,0,240,,,,
068094,0,0,0,-53,,,,
068095,0,0,0,45,,,,
068096,0,0,0,-2935,,,,
068097,0,0,0,-219,,,,
068099,0,0,0,8,,,,
068100,0,0,0,64,,,,
068101,0,0,0,283,,,,
068102,0,0,0,407,,,,
068104,0,0,0,-33,,,,
068107,0,0,0,45,,,,
068109,0,0,0,-20,,,,
068110,0,0,0,890,,,,
068111,0,0,0,1425,,,,
068112,0,0,0,396,,,,
068113,0,0,0,-80,,,,
068114,0,0,0,-272,,,,
068115,0,0,0,50,,,,
068116,0,0,0,110,,,,
068119,0,0,0,104,,,,
068120,0,0,0,200,,,,
068121,0,0,0,-44,,,,
068122,0,0,0,-521,,,,
068124,0,0,0,183,,,,
068125,0,0,0,285,,,,
068127,0,0,0,-4,,,,
068129,0,0,0,1,,,,
068130,0,0,0,-45,,,,
068131,0,0,0,10,,,,
068132,0,0,0,-76,,,,
068135,0,0,0,-29,,,,
068139,0,0,0,-45,,,,
068140,0,0,0,22,,,,
068144,0,0,0,106,,,,
068152,0,0,0,-324,,,,
068157,0,0,0,3,,,,
068159,0,0,0,583,,,,
068160,0,0,0,141,,,,
068164,0,0,0,-11,,,,
068165,0,0,0,476,,,,
068166,0,0,0,3,,,,
068168,0,0,0,-19,,,,
068174,0,0,0,41,,,,
068175,0,0,0,93,,,,
068181,0,0,0,10,,,,
068182,0,0,0,18,,,,
068184,0,0,0,-130,,,,
068187,0,0,0,-136,,,,
068188,0,0,0,-1088,,,,
068189,0,0,0,-3,,,,
068190,0,0,0,143,,,,
068192,0,0,0,-222,,,,
068193,0,0,0,22,,,,
068194,0,0,0,-685,,,,
068200,0,0,0,330,,,,
068202,0,0,0,-30,,,,
068204,0,0,0,31,,,,
068205,0,0,0,10,,,,
068207,0,0,0,200,,,,
068210,0,0,0,-46,,,,
068211,0,0,0,246,,,,
068212,0,0,0,5,,,,
068214,0,0,0,203,,,,
068218,0,0,0,-506,,,,
068221,0,0,0,34,,,,
068223,0,0,0,-162,,,,
068224,0,0,0,131,,,,
068225,0,0,0,5,,,,
068226,0,0,0,-3,,,,
068227,0,0,0,479,,,,
068229,0,0,0,-390,,,,
068235,0,0,0,-50,,,,
068239,0,0,0,405,,,,
068242,0,0,0,-1,,,,
068243,0,0,0,-10,,,,
068244,0,0,0,1,,,,
068245,0,0,0,36,,,,
068247,0,0,0,784,,,,
068249,0,0,0,244,,,,
068252,0,0,0,90,,,,
068254,0,0,0,40,,,,
068255,0,0,0,-48,,,,
068256,0,0,0,25,,,,
068257,0,0,0,100,,,,
068258,0,0,0,-42,,,,
068259,0,0,0,-106,,,,
068263,0,0,0,55,,,,
068265,0,0,0,112,,,,
068267,0,0,0,-38,,,,
068268,0,0,0,-1,,,,
068269,0,0,0,-30,,,,
068270,0,0,0,-42,,,,
068271,0,0,0,571,,,,
068272,0,0,0,-565,,,,
068274,0,0,0,42,,,,
068276,0,0,0,-74,,,,
068278,0,0,0,-2,,,,
068279,0,0,0,-114,,,,
068280,0,0,0,-20,,,,
068281,0,0,0,-100,,,,
068282,0,0,0,1,,,,
068285,0,0,0,7,,,,
068286,0,0,0,-50,,,,
068287,0,0,0,-12,,,,
068288,-150,0,0,882,,,,
068289,0,0,0,-29,,,,
068290,0,0,0,-269,,,,
068292,0,0,0,375,,,,
068293,0,0,0,-460,,,,
068294,0,0,0,836,,,,
068296,0,0,0,149,,,,
068299,0,0,0,15,,,,
068301,0,0,0,69,,,,
068302,0,0,0,279,,,,
068303,0,0,0,831,,,,
068304,0,0,0,-15,,,,
068305,0,0,0,-99,,,,
068306,0,0,0,-264,,,,
068307,0,0,0,-135,,,,
068308,0,0,0,-25,,,,
068309,0,0,0,-310,,,,
068310,0,0,0,581,,,,
068311,0,0,0,1081,,,,
068312,0,0,0,151,,,,
068314,0,0,0,48,,,,
068318,0,0,0,2,,,,
068319,0,0,0,12,,,,
068322,0,0,0,238,,,,
068324,0,0,0,36,,,,
068325,0,0,0,232,,,,
068328,0,0,0,10,,,,
068332,0,0,0,341,,,,
068333,0,0,0,2,,,,
068335,0,0,0,-4,,,,
068340,0,0,0,-8,,,,
068342,0,0,0,10,,,,
068345,0,0,0,1,,,,
068346,0,0,0,30,,,,
068347,0,0,0,5,,,,
068350,0,0,0,10,,,,
068351,0,0,0,-13,,,,
068358,0,0,0,-315,,,,
068360,0,0,0,10,,,,
068361,0,0,0,27,,,,
068362,0,0,0,132,,,,
068364,0,0,0,10,,,,
068365,0,0,0,5,,,,
068366,0,0,0,1,,,,
068368,0,0,0,-53,,,,
068369,0,0,0,139,,,,
068370,0,0,0,-4,,,,
068371,0,0,0,-5,,,,
068372,0,0,0,-53,,,,
068374,0,0,0,18,,,,
068375,0,0,0,-417,,,,
068381,0,0,0,108,,,,
068382,0,0,0,-6,,,,
068383,0,0,0,1,,,,
068385,0,0,0,34,,,,
068386,0,0,0,1,,,,
068388,0,0,0,-20,,,,
068391,0,0,0,-10,,,,
068393,0,0,0,26,,,,
068395,0,0,0,239,,,,
068396,0,0,0,-24,,,,
068400,0,0,0,220,,,,
068406,0,0,0,10,,,,
068410,0,0,0,15,,,,
068411,0,0,0,125,,,,
068413,0,0,0,30,,,,
068414,0,0,0,8,,,,
068415,0,0,0,53,,,,
068418,0,0,0,199,,,,
068419,0,0,0,2,,,,
068424,0,0,0,92,,,,
068426,0,0,0,-10,,,,
068427,0,0,0,-32,,,,
068432,0,0,0,-27,,,,
068435,0,0,0,-5,,,,
068437,0,0,0,60,,,,
068439,0,0,0,-47,,,,
068440,0,0,0,324,,,,
068441,0,0,0,-2,,,,
068442,0,0,0,-12,,,,
068444,0,0,0,52,,,,
068445,0,0,0,50,,,,
068446,0,0,0,-180,,,,
068447,0,0,0,-476,,,,
068448,0,0,0,-89,,,,
068449,0,0,0,100,,,,
068451,0,0,0,-28,,,,
068452,0,0,0,110,,,,
068453,0,0,0,1,,,,
068455,130,0,0,-128,,,,
068456,0,0,0,8,,,,
068458,0,0,0,-10,,,,
068459,0,0,0,-7,,,,
068460,0,0,0,10,,,,
068462,0,0,0,-108,,,,
068464,0,0,0,5,,,,
068465,0,0,0,-86,,,,
068467,0,0,0,768,,,,
068468,0,0,0,4,,,,
068469,0,0,0,-1296,,,,
068471,0,0,0,83,,,,
068473,0,0,0,-58,,,,
068474,0,0,0,262,,,,
068475,0,0,0,108,,,,
068476,0,0,0,-86,,,,
068477,0,0,0,-1,,,,
068478,0,0,0,-327,,,,
068479,0,0,0,-18,,,,
068480,0,0,0,-29,,,,
068481,0,0,0,1417,,,,
068482,0,0,0,-2,,,,
068484,0,0,0,-123,,,,
068486,0,0,0,-10,,,,
068487,0,0,0,-44,,,,
068491,0,0,0,21,,,,
068492,0,0,0,-835,,,,
068494,0,0,0,-615,,,,
068498,0,0,0,55,,,,
068499,0,0,0,-31,,,,
068502,0,0,0,108,,,,
068506,0,0,0,0,,,,
068507,0,0,0,-327,,,,
068508,0,0,0,-40,,,,
068509,0,0,0,5,,,,
068512,0,0,0,114,,,,
068514,0,0,0,-423,,,,
068515,0,0,0,22,,,,
068516,0,0,0,85,,,,
068522,0,0,0,1,,,,
068523,0,0,0,-30,,,,
068528,0,0,0,-125,,,,
068529,0,0,0,-4,,,,
068531,0,0,0,-1,,,,
068539,0,0,0,1113,,,,
068540,0,0,0,34,,,,
068541,0,0,0,7,,,,
068546,0,0,0,83,,,,
068547,0,0,0,-22,,,,
068550,0,0,0,-90,,,,
068551,0,0,0,28,,,,
068553,0,0,0,15,,,,
068554,0,0,0,4,,,,
068556,0,0,0,-65,,,,
068559,0,0,0,903,,,,
068560,0,0,0,-82,,,,
068561,0,0,0,-36,,,,
068562,0,0,0,62,,,,
068563,0,0,0,-25,,,,
068566,0,0,0,-2,,,,
068567,0,0,0,10,,,,
068568,0,0,0,7,,,,
068569,0,0,0,274,,,,
068570,0,0,0,-1,,,,
068574,0,0,0,-276,,,,
068576,0,0,0,-39,,,,
068580,0,0,0,1010,,,,
068581,0,0,0,5,,,,
068582,0,0,0,80,,,,
068583,0,0,0,-13,,,,
068584,0,0,0,-63,,,,
068585,0,0,0,500,,,,
068587,0,0,0,8,,,,
068588,0,0,0,21,,,,
068589,0,0,0,129,,,,
068590,0,0,0,-954,,,,
068591,0,0,0,11,,,,
068592,0,0,0,-1,,,,
068593,0,0,0,3,,,,
068595,0,0,0,129,,,,
068596,0,0,0,540,,,,
068597,0,0,0,-69,,,,
068600,0,0,0,-15,,,,
068601,0,0,0,13,,,,
068602,0,0,0,-30,,,,
068604,0,0,0,-8,,,,
068608,0,0,0,263,,,,
068611,0,0,0,-797,,,,
068613,0,0,0,48,,,,
068615,0,0,0,-12,,,,
068616,0,0,0,9,,,,
068618,0,0,0,1,,,,
068619,0,0,0,-239,,,,
068621,0,0,0,-1,,,,
068623,0,0,0,-214,,,,
068632,0,0,0,111,,,,
068633,0,0,0,-46,,,,
068634,0,0,0,-203,,,,
068635,0,0,0,-97,,,,
068636,0,0,0,357,,,,
068642,0,0,0,14,,,,
068649,0,0,0,-192,,,,
068651,0,0,0,-9,,,,
068654,0,0,0,70,,,,
068655,0,0,0,248,,,,
068657,0,0,0,-44,,,,
068658,0,0,0,-50,,,,
068659,0,0,0,23,,,,
068663,0,0,0,1,,,,
068664,0,0,0,87,,,,
068665,0,0,0,-946,,,,
068666,0,0,0,-344,,,,
068667,0,0,0,185,,,,
068668,0,0,0,-98,,,,
068670,0,0,0,499,,,,
068671,0,0,0,-368,,,,
068673,0,0,0,-200,,,,
068674,0,0,0,-257,,,,
068676,0,0,0,-110,,,,
068677,0,0,0,-50,,,,
068680,0,0,0,-8,,,,
068681,0,0,0,-54,,,,
068682,0,0,0,-60,,,,
068684,0,0,0,-10,,,,
068686,0,0,0,-410,,,,
068687,0,0,0,250,,,,
068688,0,0,0,30,,,,
068692,0,0,0,0,,,,
068693,0,0,0,-100,,,,
068694,0,0,0,135,,,,
068695,0,0,0,-1,,,,
068697,0,0,0,17,,,,
068700,0,0,0,-892,,,,
068701,0,0,0,-590,,,,
068703,0,0,0,-70,,,,
068707,0,0,0,-8,,,,
068712,0,0,0,-55,,,,
068713,0,0,0,36,,,,
068714,0,0,0,-4,,,,
068715,0,0,0,66,,,,
068716,0,0,0,16,,,,
068718,0,0,0,122,,,,
068720,0,0,0,-70,,,,
068723,0,0,0,-1,,,,
068724,0,0,0,2,,,,
068726,0,0,0,-6,,,,
068727,0,0,0,-6,,,,
068728,0,0,0,-188,,,,
068729,0,0,0,205,,,,
068730,0,0,0,-4,,,,
068732,0,0,0,-60,,,,
068733,0,0,0,20,,,,
068736,0,0,0,-2,,,,
068737,0,0,0,-1709,,,,
068740,0,0,0,110,,,,
068741,0,0,0,20,,,,
068744,0,0,0,-52,,,,
068745,0,0,0,4,,,,
068746,0,0,0,-39,,,,
068749,0,0,0,-6,,,,
068751,0,0,0,-192,,,,
068753,0,0,0,159,,,,
068754,-15,0,0,-10,,,,
068755,0,0,0,126,,,,
068757,0,0,0,-15,,,,
068758,0,0,0,-354,,,,
068764,0,0,0,-615,,,,
068765,0,0,0,113,,,,
068766,0,0,0,5,,,,
068768,0,0,0,15,,,,
068770,0,0,0,20,,,,
068771,0,0,0,8,,,,
068772,0,0,0,-20,,,,
068775,0,0,0,-15,,,,
068778,0,0,0,-1,,,,
068780,250,0,0,-250,,,,
068782,0,0,0,-58,,,,
068784,0,0,0,128,,,,
068785,0,0,0,10,,,,
068788,0,0,0,-538,,,,
068789,0,0,0,1,,,,
068790,0,0,0,216,,,,
068793,0,0,0,32,,,,
068794,0,0,0,-166,,,,
068795,0,0,0,-89,,,,
068796,0,0,0,-10,,,,
068797,0,0,0,14,,,,
068798,0,0,0,-121,,,,
068801,0,0,0,90,,,,
068802,0,0,0,50,,,,
068803,0,0,0,22,,,,
068804,0,0,0,-20,,,,
068809,0,0,0,-473,,,,
068812,0,0,0,-1,,,,
068813,0,0,0,-181,,,,
068814,0,0,0,362,,,,
068815,0,0,0,-10,,,,
068816,0,0,0,168,,,,
068817,0,0,0,-75,,,,
068819,0,0,0,-10,,,,
068820,0,0,0,-202,,,,
068821,0,0,0,-237,,,,
068822,0,0,0,-44,,,,
068824,0,0,0,13,,,,
068825,0,0,0,22,,,,
068826,0,0,0,171,,,,
068827,0,0,0,-188,,,,
068829,0,0,0,-20,,,,
068830,0,0,0,1,,,,
068832,0,0,0,0,,,,
068833,0,0,0,24,,,,
068838,0,0,0,70,,,,
068841,0,0,0,-45,,,,
068843,0,0,0,3,,,,
068844,0,0,0,1,,,,
068851,0,0,0,154,,,,
068852,0,0,0,-38,,,,
068853,0,0,0,8,,,,
068854,0,0,0,-3,,,,
068855,0,0,0,-28,,,,
068858,0,0,0,-135,,,,
068864,0,0,0,6,,,,
068866,0,0,0,1,,,,
068868,0,0,0,351,,,,
068870,0,0,0,155,,,,
068871,0,0,0,1,,,,
068873,0,0,0,10,,,,
068879,0,0,0,1,,,,
068880,0,0,0,1,,,,
068881,0,0,0,26,,,,
068882,0,0,0,-24,,,,
068883,0,0,0,-2103,,,,
068884,0,0,0,4,,,,
068885,0,0,0,-4,,,,
068886,0,0,0,-100,,,,
068889,0,0,0,-324,,,,
068890,0,0,0,-100,,,,
068893,0,0,0,-4,,,,
068896,0,0,0,2,,,,
068897,0,0,0,261,,,,
068898,0,0,0,86,,,,
068901,0,0,0,10,,,,
068904,0,0,0,17,,,,
068905,0,0,0,-56,,,,
068906,0,0,0,154,,,,
068907,0,0,0,61,,,,
068910,0,0,0,600,,,,
068911,0,0,0,3,,,,
068912,0,0,0,40,,,,
068917,0,0,0,231,,,,
068918,0,0,0,1844,,,,
068920,0,0,0,-104,,,,
068922,0,0,0,39,,,,
068923,0,0,0,-33,,,,
068924,0,0,0,-8,,,,
068926,0,0,0,-1128,,,,
068927,0,0,0,301,,,,
068928,0,0,0,2,,,,
068929,0,0,0,-39,,,,
068930,0,0,0,-101,,,,
068931,0,0,0,300,,,,
068932,0,0,0,-90,,,,
068933,0,0,0,-30,,,,
068937,0,0,0,-90,,,,
068938,0,0,0,-293,,,,
068940,0,0,0,186,,,,
068941,0,0,0,66,,,,
068943,0,0,0,50,,,,
068945,0,0,0,18,,,,
068946,0,0,0,-10,,,,
068949,0,0,0,3,,,,
068950,0,0,0,56,,,,
068952,0,0,0,0,,,,
068953,-5,0,0,-294,,,,
068957,0,0,0,2,,,,
068958,0,0,0,-23,,,,
068959,0,0,0,197,,,,
068968,0,0,0,-9,,,,
068971,0,0,0,-2558,,,,
068973,0,0,0,-9,,,,
068974,0,0,0,1089,,,,
068975,0,0,0,-21,,,,
068977,0,0,0,500,,,,
068978,0,0,0,300,,,,
068979,0,0,0,92,,,,
068980,0,0,0,168,,,,
068983,0,0,0,-4,,,,
068985,0,0,0,60,,,,
068986,0,0,0,-19,,,,
068987,0,0,0,1,,,,
068989,0,0,0,2,,,,
068990,0,0,0,-9,,,,
068992,0,0,0,105,,,,
068993,0,0,0,258,,,,
068995,0,0,0,-4,,,,
068996,0,0,0,132,,,,
068997,0,0,0,209,,,,
069000,0,0,0,65,,,,
069001,0,0,0,86,,,,
069002,0,0,0,38,,,,
069003,0,0,0,-61,,,,
069005,0,0,0,45,,,,
069006,0,0,0,32,,,,
069008,0,0,0,-52,,,,
069009,0,0,0,8,,,,
069010,0,0,0,2,,,,
069012,0,0,0,259,,,,
069013,0,0,0,719,,,,
069014,0,0,0,127,,,,
069018,0,0,0,124,,,,
069019,0,0,0,10,,,,
069020,0,0,0,5,,,,
069021,0,0,0,-50,,,,
069022,0,0,0,-196,,,,
069023,0,0,0,-2,,,,
069024,0,0,0,-12,,,,
069025,0,0,0,-91,,,,
069026,0,0,0,24,,,,
069027,0,0,0,-25,,,,
069028,0,0,0,6,,,,
069029,0,0,0,-355,,,,
069031,0,0,0,-146,,,,
069032,0,0,0,-3,,,,
069033,0,0,0,-11,,,,
069034,0,0,0,-168,,,,
069036,0,0,0,-288,,,,
069037,0,0,0,89,,,,
069038,0,0,0,240,,,,
069039,0,0,0,-48,,,,
069041,0,0,0,-5,,,,
069043,0,0,0,152,,,,
069045,0,0,0,-1,,,,
069048,0,0,0,12,,,,
069049,0,0,0,-119,,,,
069051,0,0,0,-59,,,,
069052,0,0,0,290,,,,
069054,0,0,0,9,,,,
069055,0,0,0,-48,,,,
069056,0,0,0,0,,,,
069058,0,0,0,71,,,,
069060,0,0,0,20,,,,
069061,0,0,0,-43,,,,
069062,0,0,0,20,,,,
069063,0,0,0,30,,,,
069064,0,0,0,35,,,,
069066,0,0,0,26,,,,
069067,0,0,0,40,,,,
069068,0,0,0,-267,,,,
069069,0,0,0,-19,,,,
069070,0,0,0,15,,,,
069073,0,0,0,13,,,,
069074,0,0,0,24,,,,
069075,0,0,0,-2702,,,,
069077,0,0,0,1,,,,
069078,0,0,0,70,,,,
069079,0,0,0,37,,,,
069083,0,0,0,-93,,,,
069084,0,0,0,50,,,,
069085,0,0,0,45,,,,
069088,-7,0,0,11,,,,
069090,0,0,0,30,,,,
069091,0,0,0,1,,,,
069092,0,0,0,-60,,,,
069098,0,0,0,20,,,,
069099,0,0,0,-57,,,,
069100,0,0,0,-76,,,,
069101,0,0,0,-219,,,,
069102,0,0,0,100,,,,
069103,0,0,0,-111,,,,
069104,0,0,0,-100,,,,
069105,0,0,0,-35,,,,
069108,0,0,0,-60,,,,
069109,0,0,0,24,,,,
069110,0,0,0,-38,,,,
069113,0,0,0,1,,,,
069115,0,0,0,-96,,,,
069116,0,0,0,-267,,,,
069117,0,0,0,-526,,,,
069118,0,0,0,-120,,,,
069119,0,0,0,40,,,,
069120,0,0,0,50,,,,
069124,0,0,0,10,,,,
069126,0,0,0,-45,,,,
069127,0,0,0,3,,,,
069129,0,0,0,139,,,,
069132,0,0,0,18,,,,
069135,0,0,0,100,,,,
069136,0,0,0,223,,,,
069137,0,0,0,-14,,,,
069138,0,0,0,170,,,,
069139,0,0,0,-156,,,,
069144,0,0,0,-305,,,,
069146,0,0,0,65,,,,
069147,0,0,0,139,,,,
069148,0,0,0,-216,,,,
06914U,0,0,0,5,,,,
069152,0,0,0,10,,,,
069153,0,0,0,299,,,,
069154,0,0,0,260,,,,
069156,0,0,0,520,,,,
069157,0,0,0,84,,,,
06915U,0,0,0,156,,,,
069163,0,0,0,-680,,,,
069165,0,0,0,5,,,,
069169,0,0,0,7,,,,
069170,0,0,0,-55,,,,
069172,0,0,0,10,,,,
069176,0,0,0,-4691,,,,
069178,0,0,0,-15,,,,
069179,0,0,0,10,,,,
069181,0,0,0,6495,,,,
069183,0,0,0,-40,,,,
069184,0,0,0,-21,,,,
069186,0,0,0,-351,,,,
069188,0,0,0,-1,,,,
069189,0,0,0,300,,,,
069190,0,0,0,-2420,,,,
069191,0,0,0,214,,,,
069192,0,0,0,-29,,,,
069193,0,0,0,214,,,,
069195,0,0,0,700,,,,
069196,0,0,0,-145,,,,
069197,0,0,0,-63,,,,
069200,0,0,0,79,,,,
069203,0,0,0,-302,,,,
069204,0,0,0,4,,,,
069209,0,0,0,-10,,,,
069210,0,0,0,280,,,,
069215,0,0,0,50,,,,
069217,0,0,0,-20,,,,
069218,0,0,0,1866,,,,
069219,0,0,0,0,,,,
069222,0,0,0,-18,,,,
069223,0,0,0,135,,,,
069224,0,0,0,10,,,,
069225,0,0,0,-10,,,,
069227,0,0,0,-1,,,,
069229,0,0,0,28,,,,
069231,0,0,0,16,,,,
069232,0,0,0,190,,,,
069234,0,0,0,0,,,,
069237,0,0,0,-13,,,,
069240,0,0,0,-7,,,,
069241,0,0,0,-15,,,,
069243,0,0,0,39,,,,
069245,0,0,0,1,,,,
069246,0,0,0,-50,,,,
069251,0,0,0,-325,,,,
069253,0,0,0,-29,,,,
069255,0,0,0,-7,,,,
069256,0,0,0,92,,,,
069257,0,0,0,14,,,,
069259,0,0,0,-2795,,,,
069262,0,0,0,73,,,,
069263,0,0,0,282,,,,
069264,0,0,0,-34,,,,
069267,0,0,0,-89,,,,
069268,0,0,0,-84,,,,
069269,0,0,0,101,,,,
069270,0,0,0,-50,,,,
069271,0,0,0,-10,,,,
069272,0,0,0,-326,,,,
069273,0,0,0,-25,,,,
069274,0,0,0,-3,,,,
069275,0,0,0,-199,,,,
069276,0,0,0,-50,,,,
069277,0,0,0,0,,,,
069278,0,0,0,-13,,,,
069280,0,0,0,71,,,,
069281,0,0,0,4,,,,
069282,0,0,0,412,,,,
069283,0,0,0,-39,,,,
069284,0,0,0,-110,,,,
069286,0,0,0,-249,,,,
069287,0,0,0,-950,,,,
069288,0,0,0,269,,,,
069289,0,0,0,299,,,,
069290,0,0,0,7755,,,,
069291,0,0,0,8,,,,
069292,0,0,0,110,,,,
069294,0,0,0,127,,,,
069295,0,0,0,10,,,,
069305,0,0,0,49,,,,
069306,0,0,0,2,,,,
069307,0,0,0,0,,,,
069308,0,0,0,-161,,,,
069309,0,0,0,0,,,,
069311,0,0,0,45,,,,
069312,0,0,0,17,,,,
069314,0,0,0,0,,,,
069316,0,0,0,-83,,,,
069320,0,0,0,77,,,,
069323,0,0,0,-499,,,,
069325,0,0,0,40,,,,
069327,0,0,0,-20,,,,
069328,0,0,0,4,,,,
069329,0,0,0,-28,,,,
069331,0,0,0,101,,,,
069332,0,0,0,734,,,,
069333,0,0,0,-2,,,,
069334,0,0,0,7520,,,,
069336,0,0,0,351,,,,
069338,0,0,0,1,,,,
069339,0,0,0,-106,,,,
069342,0,0,0,-40,,,,
069344,0,0,0,-211,,,,
069345,0,0,0,-201,,,,
069346,0,0,0,-1,,,,
069347,0,0,0,56,,,,
069351,0,0,0,-298,,,,
069352,0,0,0,73,,,,
069354,0,0,0,-68,,,,
069359,0,0,0,62,,,,
069361,0,0,0,-582,,,,
069363,0,0,0,-29,,,,
069364,0,0,0,29,,,,
069367,0,0,0,-56,,,,
069369,0,0,0,-220,,,,
069370,0,0,0,511,,,,
069371,0,0,0,30,,,,
069372,0,0,0,773,,,,
069373,0,0,0,-230,,,,
069374,0,0,0,160,,,,
069375,0,0,0,-202,,,,
069377,0,0,0,-692,,,,
069379,0,0,0,14,,,,
069380,0,0,0,12,,,,
069381,0,0,0,-1,,,,
069382,0,0,0,-332,,,,
069383,0,0,0,-489,,,,
069384,0,0,0,-128,,,,
069385,0,0,0,-46,,,,
069386,0,0,0,254,,,,
069387,0,0,0,-12,,,,
069390,0,0,0,40,,,,
069391,0,0,0,158,,,,
069392,0,0,0,106,,,,
069394,0,0,0,419,,,,
069395,0,0,0,-56,,,,
069396,0,0,0,-103,,,,
069397,0,0,0,168,,,,
069398,0,0,0,-67,,,,
069401,0,0,0,388,,,,
069402,0,0,0,-50,,,,
069403,0,0,0,11,,,,
069404,0,0,0,-1800,,,,
069405,0,0,0,57,,,,
069406,0,0,0,-53,,,,
069407,0,0,0,1112,,,,
069418,0,0,0,-13,,,,
069424,0,0,0,-498,,,,
069425,0,0,0,32,,,,
069426,0,0,0,45,,,,
069427,0,0,0,17,,,,
069429,0,0,0,-150,,,,
069430,0,0,0,5458,,,,
069432,0,0,0,2,,,,
069434,0,0,0,-17,,,,
069435,0,0,0,-70,,,,
069436,0,0,0,-42,,,,
069439,0,0,0,1,,,,
069440,0,0,0,14,,,,
069446,0,0,0,78,,,,
069448,0,0,0,-204,,,,
069449,0,0,0,195,,,,
069450,50,0,0,128,,,,
069451,0,0,0,-380,,,,
069453,0,0,0,97,,,,
069454,0,0,0,6,,,,
069455,0,0,0,-10,,,,
069456,0,0,0,-5,,,,
069457,0,0,0,-50,,,,
069458,0,0,0,-16,,,,
069459,0,0,0,-1,,,,
069460,0,0,0,-2,,,,
069461,0,0,0,236,,,,
069462,0,0,0,1747,,,,
069463,0,0,0,96,,,,
069464,0,0,0,6,,,,
069467,0,0,0,198,,,,
069468,0,0,0,-10,,,,
069469,0,0,0,6,,,,
069470,0,0,0,-5,,,,
069472,0,0,0,-47,,,,
069474,0,0,0,55,,,,
069475,0,0,0,153,,,,
069480,0,0,0,-100,,,,
069482,0,0,0,43,,,,
069483,0,0,0,55,,,,
069484,0,0,0,181,,,,
069488,0,0,0,-490,,,,
069491,0,0,0,-80,,,,
069493,0,0,0,5,,,,
069497,0,0,0,7,,,,
069498,0,0,0,120,,,,
069499,0,0,0,-12,,,,
069500,0,0,0,8,,,,
069501,0,0,0,20,,,,
069502,0,0,0,260,,,,
069503,0,0,0,10,,,,
069504,0,0,0,-371,,,,
069505,0,0,0,-20,,,,
069507,0,0,0,22,,,,
069513,0,0,0,288,,,,
069515,0,0,0,1,,,,
069517,0,0,0,411,,,,
069518,0,0,0,-80,,,,
069519,0,0,0,-1,,,,
069523,0,0,0,692,,,,
069524,0,0,0,487,,,,
069525,0,0,0,10,,,,
069526,0,0,0,-343,,,,
069527,0,0,0,-123,,,,
069528,0,0,0,388,,,,
069530,0,0,0,4,,,,
069531,0,0,0,-20,,,,
069532,0,0,0,0,,,,
069533,0,0,0,75,,,,
069534,0,0,0,-505,,,,
069535,0,0,0,-59,,,,
069537,0,0,0,-70,,,,
069539,0,0,0,-38,,,,
069540,0,0,0,597,,,,
069542,0,0,0,-5,,,,
069543,0,0,0,15,,,,
069547,0,0,0,62,,,,
069548,0,0,0,-796,,,,
069549,0,0,0,57,,,,
069550,0,0,0,397,,,,
069551,0,0,0,1,,,,
069552,0,0,0,13,,,,
069553,0,0,0,120,,,,
069556,0,0,0,-20,,,,
069559,0,0,0,548,,,,
069560,0,0,0,77,,,,
069565,0,0,0,-28,,,,
069566,0,0,0,25,,,,
069567,0,0,0,185,,,,
069571,0,0,0,-2,,,,
069577,0,0,0,5,,,,
069578,0,0,0,42,,,,
069579,0,0,0,227,,,,
069584,0,0,0,174,,,,
069585,0,0,0,-20,,,,
069591,0,0,0,72,,,,
069592,0,0,0,81,,,,
069595,0,0,0,10,,,,
069598,0,0,0,530,,,,
069600,0,0,0,-6,,,,
069601,0,0,0,145,,,,
069602,0,0,0,5,,,,
069604,0,0,0,10,,,,
069606,0,0,0,44,,,,
069608,0,0,0,-1,,,,
069613,0,0,0,313,,,,
069614,0,0,0,-61,,,,
069616,0,0,0,-200,,,,
069618,0,0,0,94,,,,
069619,0,0,0,960,,,,
069620,0,0,0,20,,,,
069621,0,0,0,-20,,,,
069622,0,0,0,169,,,,
069625,0,0,0,1337,,,,
069628,0,0,0,222,,,,
069629,0,0,0,311,,,,
069630,0,0,0,-165,,,,
069631,0,0,0,-483,,,,
069632,0,0,0,-28,,,,
069634,0,0,0,10,,,,
069635,0,0,0,-100,,,,
069638,0,0,0,-2,,,,
069639,0,0,0,50,,,,
069640,0,0,0,-139,,,,
069641,0,0,0,50,,,,
069643,0,0,0,261,,,,
069644,0,0,0,150,,,,
069648,0,0,0,-1154,,,,
069649,0,0,0,-54,,,,
069652,0,0,0,88,,,,
069654,0,0,0,1,,,,
069655,0,0,0,16,,,,
069656,0,0,0,843,,,,
069657,0,0,0,-44,,,,
069661,0,0,0,-211,,,,
069662,0,0,0,82,,,,
069663,0,0,0,-316,,,,
069665,0,0,0,-12,,,,
069666,0,0,0,-405,,,,
069667,0,0,0,29,,,,
069668,0,0,0,-30,,,,
069669,0,0,0,-15,,,,
069670,0,0,0,50,,,,
069671,0,0,0,-100,,,,
069673,0,0,0,191,,,,
069675,0,0,0,-260,,,,
069676,0,0,0,-5,,,,
069678,0,0,0,399,,,,
069680,0,0,0,448,,,,
069681,0,0,0,9,,,,
069683,0,0,0,193,,,,
069684,0,0,0,135,,,,
069685,0,0,0,100,,,,
069686,0,0,0,-47,,,,
069687,0,0,0,187,,,,
069688,0,0,0,14,,,,
069689,0,0,0,-88,,,,
069690,0,0,0,-247,,,,
069693,0,0,0,-116,,,,
069694,0,0,0,-38,,,,
069695,0,0,0,1,,,,
069696,0,0,0,-68,,,,
069697,0,0,0,-90,,,,
069698,0,0,0,819,,,,
069699,0,0,0,-284,,,,
069700,0,0,0,-40,,,,
069701,0,0,0,1,,,,
069704,0,0,0,985,,,,
069707,0,0,0,27,,,,
069709,0,0,0,100,,,,
069711,0,0,0,528,,,,
069714,0,0,0,74,,,,
069717,0,0,0,2,,,,
069718,0,0,0,-229,,,,
069720,0,0,0,-32,,,,
069721,0,0,0,-484,,,,
069722,0,0,0,10,,,,
069724,0,0,0,69,,,,
069725,0,0,0,-146,,,,
069726,0,0,0,-96,,,,
069727,0,0,0,4,,,,
069728,0,0,0,-62,,,,
069729,0,0,0,-17,,,,
069730,0,0,0,-479,,,,
069731,0,0,0,355,,,,
069735,0,0,0,-185,,,,
069738,0,0,0,156,,,,
069740,0,0,0,-1996,,,,
069743,0,0,0,80,,,,
069746,0,0,0,-23,,,,
069749,0,0,0,496,,,,
069751,0,0,0,39,,,,
069753,0,0,0,-117,,,,
069755,0,0,0,-304,,,,
069756,0,0,0,65,,,,
069757,0,0,0,32,,,,
069758,0,0,0,60,,,,
069759,0,0,0,80,,,,
069760,0,0,0,37,,,,
069765,0,0,0,-10,,,,
069767,0,0,0,1,,,,
069768,0,0,0,-140,,,,
069772,0,0,0,-229,,,,
069774,0,0,0,-15,,,,
069775,0,0,0,91,,,,
069776,0,0,0,-93,,,,
069777,0,0,0,-580,,,,
069778,0,0,0,2,,,,
069780,0,0,0,-50,,,,
069785,0,0,0,1,,,,
069787,0,0,0,127,,,,
069789,0,0,0,80,,,,
069791,0,0,0,152,,,,
069792,0,0,0,88,,,,
069795,0,0,0,-11,,,,
069796,0,0,0,-12,,,,
069798,0,0,0,-60,,,,
069801,0,0,0,60,,,,
069802,0,0,0,10,,,,
069806,0,0,0,30,,,,
069807,0,0,0,32,,,,
069808,0,0,0,82,,,,
069810,0,0,0,-48,,,,
069814,0,0,0,-482,,,,
069815,0,0,0,51,,,,
069816,0,0,0,-11,,,,
069818,0,0,0,849,,,,
069820,0,0,0,-30,,,,
069821,0,0,0,1,,,,
069822,0,0,0,12,,,,
069825,0,0,0,-10,,,,
069826,0,0,0,110,,,,
069829,0,0,0,-52,,,,
069835,0,0,0,124,,,,
069836,0,0,0,-204,,,,
069838,0,0,0,304,,,,
069840,0,0,0,20,,,,
069842,0,0,0,4,,,,
069846,0,0,0,-601,,,,
069848,0,0,0,56,,,,
069852,0,0,0,-1005,,,,
069856,0,0,0,-22,,,,
069857,0,0,0,-20,,,,
069858,0,0,0,-37,,,,
069860,0,0,0,4,,,,
069863,0,0,0,178,,,,
069864,0,0,0,-12,,,,
069868,0,0,0,-24,,,,
069871,0,0,0,165,,,,
069876,0,0,0,-156,,,,
069877,0,0,0,-73,,,,
069879,0,0,0,-1313,,,,
069882,0,0,0,17,,,,
069883,0,0,0,-50,,,,
069884,0,0,0,-46,,,,
069885,0,0,0,120,,,,
069886,0,0,0,10,,,,
069887,0,0,0,-13,,,,
069888,0,0,0,23,,,,
069889,0,0,0,239,,,,
069892,0,0,0,-27,,,,
069893,0,0,0,14,,,,
069895,0,0,0,-163,,,,
069897,0,0,0,34,,,,
069898,0,0,0,-75,,,,
069901,0,0,0,-223,,,,
069902,0,0,0,-50,,,,
069904,0,0,0,780,,,,
069905,0,0,0,-176,,,,
069907,0,0,0,100,,,,
069908,0,0,0,-1349,,,,
069909,0,0,0,5,,,,
069911,0,0,0,15,,,,
069912,0,0,0,-382,,,,
069913,0,0,0,1502,,,,
069914,0,0,0,-24,,,,
069915,0,0,0,-2,,,,
069917,0,0,0,367,,,,
069918,0,0,0,160,,,,
069919,0,0,0,2,,,,
069920,0,0,0,159,,,,
069922,0,0,0,2,,,,
069923,0,0,0,-50,,,,
069925,0,0,0,150,,,,
069926,0,0,0,-107,,,,
069927,0,0,0,224,,,,
069928,0,0,0,25,,,,
069929,0,0,0,7,,,,
069930,0,0,0,-84,,,,
069931,0,0,0,675,,,,
069932,0,0,0,663,,,,
069933,0,0,0,40,,,,
069934,0,0,0,60,,,,
069935,0,0,0,9,,,,
069938,0,0,0,-41,,,,
069940,0,0,0,-60,,,,
069941,0,0,0,-62,,,,
069942,0,0,0,0,,,,
069943,0,0,0,-9,,,,
069944,0,0,0,53,,,,
069945,0,0,0,-142,,,,
069947,0,0,0,7,,,,
069948,0,0,0,-762,,,,
069949,0,0,0,5102,,,,
069950,0,0,0,-271,,,,
069953,0,0,0,-5,,,,
069954,0,0,0,-1263,,,,
069956,0,0,0,10,,,,
069957,0,0,0,13,,,,
069958,0,0,0,30,,,,
069959,0,0,0,37,,,,
069960,0,0,0,39,,,,
069963,0,0,0,-20,,,,
069964,0,0,0,28,,,,
069965,0,0,0,15,,,,
069967,0,0,0,-26,,,,
069969,0,0,0,1298,,,,
069970,0,0,0,-93,,,,
069974,0,0,0,-10,,,,
069977,0,0,0,-63,,,,
069978,0,0,0,-569,,,,
069979,0,0,0,-139,,,,
069982,0,0,0,-234,,,,
069984,0,0,0,33,,,,
069985,0,0,0,10,,,,
069988,0,0,0,-22,,,,
069991,0,0,0,-72,,,,
069992,0,0,0,-187,,,,
069993,0,0,0,0,,,,
069995,0,0,0,1,,,,
069997,0,0,0,327,,,,
070002,0,0,0,510,,,,
070004,0,0,0,-103,,,,
070006,0,0,0,-19,,,,
070007,0,0,0,-135,,,,
070009,0,0,0,1,,,,
070012,0,0,0,-250,,,,
070017,0,0,0,-176,,,,
070018,0,0,0,-37,,,,
070022,0,0,0,-34,,,,
070025,0,0,0,-285,,,,
070027,0,0,0,-149,,,,
070032,0,0,0,-182,,,,
070034,0,0,0,22,,,,
070036,0,0,0,2,,,,
070037,0,0,0,19,,,,
070038,0,0,0,-60,,,,
070044,0,0,0,100,,,,
070045,0,0,0,-50,,,,
070046,0,0,0,25,,,,
070047,0,0,0,231,,,,
070048,0,0,0,5,,,,
070049,0,0,0,15,,,,
070050,0,0,0,-20,,,,
070051,0,0,0,152,,,,
070052,0,0,0,86,,,,
070053,0,0,0,-96,,,,
070055,0,0,0,-3,,,,
070057,0,0,0,60,,,,
070058,0,0,0,-18,,,,
070059,0,0,0,2,,,,
070062,0,0,0,-27,,,,
070063,0,0,0,10,,,,
070065,0,0,0,-496,,,,
070066,0,0,0,105,,,,
070067,0,0,0,-300,,,,
070068,0,0,0,31,,,,
070070,0,0,0,-300,,,,
070073,0,0,0,6,,,,
070077,0,0,0,104,,,,
070079,0,0,0,-173,,,,
070080,0,0,0,-119,,,,
070081,0,0,0,6,,,,
070083,0,0,0,139,,,,
070084,0,0,0,-10,,,,
070087,0,0,0,15,,,,
070089,0,0,0,164,,,,
070090,0,0,0,-108,,,,
070091,0,0,0,19,,,,
070092,0,0,0,205,,,,
070093,0,0,0,-16,,,,
070094,0,0,0,-572,,,,
070097,0,0,0,23,,,,
070098,0,0,0,45,,,,
070100,0,0,0,4,,,,
070102,0,0,0,-108,,,,
070103,0,0,0,165,,,,
070104,0,0,0,246,,,,
070105,0,0,0,233,,,,
070108,0,0,0,68,,,,
070109,0,0,0,-485,,,,
070111,0,0,0,19,,,,
070113,0,0,0,17,,,,
070115,0,0,0,26,,,,
070123,0,0,0,-1,,,,
070129,0,0,0,2,,,,
070130,0,0,0,-100,,,,
070131,0,0,0,-35,,,,
070132,0,0,0,7,,,,
070135,0,0,0,266,,,,
070136,0,0,0,276,,,,
070137,0,0,0,-100,,,,
070140,0,0,0,-3184,,,,
070144,0,0,0,-9,,,,
070148,0,0,0,-82,,,,
070149,0,0,0,405,,,,
070150,0,0,0,-33,,,,
070152,0,0,0,46,,,,
070153,0,0,0,-117,,,,
070155,0,0,0,-134,,,,
070157,0,0,0,-10,,,,
070159,0,0,0,-2,,,,
070162,0,0,0,-20,,,,
070163,0,0,0,371,,,,
070165,0,0,0,-153,,,,
070166,0,0,0,-15,,,,
070167,0,0,0,59,,,,
070170,-20,0,0,2376,,,,
070173,0,0,0,103,,,,
070174,0,0,0,-350,,,,
070175,0,0,0,-31,,,,
070176,0,0,0,-18,,,,
070178,0,0,0,-336,,,,
070179,0,0,0,279,,,,
070180,0,0,0,5,,,,
070186,0,0,0,9,,,,
070192,0,0,0,-428,,,,
070193,0,0,0,12,,,,
070194,0,0,0,-10,,,,
070199,0,0,0,23,,,,
070201,0,0,0,85,,,,
070203,0,0,0,-45,,,,
070209,0,0,0,4,,,,
070211,0,0,0,190,,,,
070212,0,0,0,20,,,,
070213,0,0,0,-400,,,,
070215,0,0,0,189,,,,
070217,0,0,0,-82,,,,
070218,0,0,0,288,,,,
070220,0,0,0,169,,,,
070221,0,0,0,325,,,,
070223,0,0,0,350,,,,
070226,0,0,0,1,,,,
070232,0,0,0,150,,,,
070233,0,0,0,132,,,,
070234,0,0,0,18,,,,
070235,0,0,0,337,,,,
070237,0,0,0,5,,,,
070238,0,0,0,-89,,,,
070240,0,0,0,-3,,,,
070242,0,0,0,1,,,,
070246,0,0,0,-249,,,,
070247,0,0,0,-5,,,,
070248,0,0,0,138,,,,
070249,0,0,0,-1012,,,,
070253,0,0,0,-49,,,,
070254,0,0,0,10,,,,
070255,0,0,0,-5,,,,
070256,0,0,0,-21,,,,
070257,0,0,0,1,,,,
070260,0,0,0,-2,,,,
070264,0,0,0,3,,,,
070265,0,0,0,300,,,,
070267,0,0,0,28,,,,
070270,0,0,0,5,,,,
070271,0,0,0,-100,,,,
070272,0,0,0,-110,,,,
070273,0,0,0,-17,,,,
070274,0,0,0,-69,,,,
070277,0,0,0,-60,,,,
070281,0,0,0,-140,,,,
070284,0,0,0,960,,,,
070285,0,0,0,-91,,,,
070287,0,0,0,1,,,,
070288,0,0,0,-6,,,,
070291,0,0,0,10,,,,
070292,0,0,0,73,,,,
070293,0,0,0,-168,,,,
070295,0,0,0,502,,,,
070297,0,0,0,-85,,,,
070298,0,0,0,300,,,,
070299,0,0,0,-39,,,,
070300,0,0,0,-175,,,,
070301,0,0,0,-356,,,,
070302,0,0,0,-135,,,,
070303,0,0,0,1291,,,,
070304,0,0,0,-199,,,,
070305,0,0,0,-9,,,,
070306,0,0,0,240,,,,
070307,0,0,0,714,,,,
070308,0,0,0,-95,,,,
070309,0,0,0,-153,,,,
070310,0,0,0,-40,,,,
070312,0,0,0,-343,,,,
070313,0,0,0,15,,,,
070314,0,0,0,4,,,,
070316,0,0,0,-96,,,,
070319,0,0,0,43,,,,
070322,0,0,0,-70,,,,
070323,0,0,0,-1,,,,
070324,0,0,0,-11,,,,
070328,0,0,0,-78,,,,
070329,0,0,0,13,,,,
070330,0,0,0,63,,,,
070331,0,0,0,67,,,,
070332,0,0,0,-103,,,,
070333,0,0,0,-118,,,,
070334,0,0,0,-118,,,,
070335,0,0,0,-90,,,,
070336,0,0,0,62,,,,
070337,0,0,0,287,,,,
070338,0,0,0,84,,,,
070339,0,0,0,311,,,,
070341,0,0,0,2,,,,
070343,0,0,0,10,,,,
070344,0,0,0,-80,,,,
070346,0,0,0,99,,,,
070348,0,0,0,-48,,,,
070349,0,0,0,0,,,,
070354,0,0,0,6,,,,
070355,0,0,0,55,,,,
070357,0,0,0,111,,,,
070361,0,0,0,-294,,,,
070364,0,0,0,20,,,,
070367,0,0,0,-15,,,,
070370,0,0,0,57,,,,
070373,0,0,0,-953,,,,
070374,0,0,0,-101,,,,
070375,0,0,0,-3603,,,,
070377,0,0,0,0,,,,
070383,0,0,0,-80,,,,
070388,0,0,0,-5,,,,
070389,0,0,0,4,,,,
070390,0,0,0,-10,,,,
070394,0,0,0,-2,,,,
070395,0,0,0,-83,,,,
070396,0,0,0,-221,,,,
070402,0,0,0,50,,,,
070404,0,0,0,5,,,,
070405,0,0,0,17,,,,
070407,0,0,0,985,,,,
070410,0,0,0,-33,,,,
070411,0,0,0,20,,,,
070412,0,0,0,2,,,,
070417,0,0,0,-48,,,,
070419,0,0,0,-154,,,,
070422,0,0,0,-62,,,,
070423,0,0,0,237,,,,
070424,0,0,0,-15,,,,
070426,0,0,0,-58,,,,
070427,0,0,0,-5,,,,
070428,0,0,0,-190,,,,
070430,0,0,0,-200,,,,
070431,0,0,0,-748,,,,
070432,0,0,0,8,,,,
070433,0,0,0,213,,,,
070434,0,0,0,-219,,,,
070435,0,0,0,-483,,,,
070438,0,0,0,328,,,,
070439,0,0,0,19,,,,
070441,0,0,0,5,,,,
070442,0,0,0,25,,,,
070443,0,0,0,-50,,,,
070444,0,0,0,2,,,,
070449,0,0,0,-760,,,,
070450,0,0,0,-10,,,,
070452,0,0,0,466,,,,
070453,0,0,0,205,,,,
070455,0,0,0,-16,,,,
070457,0,0,0,3,,,,
070458,0,0,0,-30,,,,
070460,0,0,0,-299,,,,
070461,0,0,0,-558,,,,
070462,0,0,0,50,,,,
070463,0,0,0,365,,,,
070464,0,0,0,-481,,,,
070465,0,0,0,327,,,,
070466,0,0,0,31,,,,
070468,0,0,0,63,,,,
070471,0,0,0,-60,,,,
070472,0,0,0,-74,,,,
070473,0,0,0,-463,,,,
070474,0,0,0,-31,,,,
070475,0,0,0,41,,,,
070476,0,0,0,63,,,,
070477,0,0,0,70,,,,
070482,0,0,0,79,,,,
070483,0,0,0,380,,,,
070484,0,0,0,5,,,,
070485,0,0,0,463,,,,
070486,0,0,0,15,,,,
070488,0,0,0,-200,,,,
070489,0,0,0,-407,,,,
070497,0,0,0,100,,,,
070499,0,0,0,-69,,,,
070503,0,0,0,-224,,,,
070504,0,0,0,6,,,,
070505,0,0,0,5,,,,
070507,0,0,0,-20,,,,
070511,0,0,0,-42,,,,
070512,0,0,0,-79,,,,
070516,0,0,0,953,,,,
070517,0,0,0,-1126,,,,
070518,0,0,0,-242,,,,
070519,0,0,0,200,,,,
070521,0,0,0,-83,,,,
070525,0,0,0,-2,,,,
070528,0,0,0,-210,,,,
070531,0,0,0,5,,,,
070532,0,0,0,20,,,,
070535,0,0,0,-15,,,,
070538,0,0,0,-100,,,,
070539,0,0,0,-22,,,,
070540,0,0,0,-4,,,,
070541,0,0,0,29,,,,
070545,0,0,0,60,,,,
070547,0,0,0,129,,,,
070548,0,0,0,-107,,,,
070549,0,0,0,125,,,,
070550,0,0,0,-53,,,,
070551,0,0,0,799,,,,
070553,0,0,0,8,,,,
070555,0,0,0,-7,,,,
070559,0,0,0,20,,,,
070560,0,0,0,24,,,,
070561,0,0,0,-155,,,,
070563,0,0,0,356,,,,
070570,0,0,0,-110,,,,
070571,0,0,0,380,,,,
070572,0,0,0,1106,,,,
070574,0,0,0,60,,,,
070576,0,0,0,-7,,,,
070582,0,0,0,25,,,,
070584,0,0,0,-2006,,,,
070585,20,0,0,-337,,,,
070586,0,0,0,-1,,,,
070587,0,0,0,-882,,,,
070588,0,0,0,-119,,,,
070589,0,0,0,2,,,,
070590,0,0,0,30,,,,
070592,0,0,0,10,,,,
070595,0,0,0,9,,,,
070596,0,0,0,-83,,,,
070597,0,0,0,-130,,,,
070598,0,0,0,9,,,,
070599,0,0,0,24,,,,
070600,0,0,0,5,,,,
070601,0,0,0,10,,,,
070603,0,0,0,164,,,,
070604,0,0,0,-68,,,,
070606,0,0,0,50,,,,
070608,0,0,0,180,,,,
070614,0,0,0,-100,,,,
070615,0,0,0,-3,,,,
070617,0,0,0,1,,,,
070620,0,0,0,7,,,,
070623,0,0,0,-25,,,,
070624,0,0,0,15,,,,
070627,0,0,0,-121,,,,
070630,0,0,0,-37,,,,
070631,0,0,0,140,,,,
070633,0,0,0,-80,,,,
070638,0,0,0,1,,,,
070640,0,0,0,0,,,,
070641,0,0,0,45,,,,
070642,0,0,0,-19,,,,
070644,0,0,0,25,,,,
070647,0,0,0,-312,,,,
070651,0,0,0,-52,,,,
070654,0,0,0,-5,,,,
070655,0,0,0,2,,,,
070656,0,0,0,490,,,,
070657,0,0,0,374,,,,
070658,0,0,0,-73,,,,
070660,0,0,0,-21,,,,
070661,0,0,0,16,,,,
070663,0,0,0,-934,,,,
070665,0,0,0,4,,,,
070668,0,0,0,-9,,,,
070669,0,0,0,-293,,,,
070671,0,0,0,5,,,,
070673,0,0,0,0,,,,
070674,0,0,0,-80,,,,
070679,0,0,0,-50,,,,
070680,0,0,0,87,,,,
070682,0,0,0,30,,,,
070684,0,0,0,1240,,,,
070685,0,0,0,4,,,,
070687,0,0,0,589,,,,
070688,0,0,0,-80,,,,
070689,0,0,0,-40,,,,
070690,0,0,0,51,,,,
070696,0,0,0,-20,,,,
070704,0,0,0,51,,,,
070705,0,0,0,-9,,,,
070707,0,0,0,-110,,,,
070708,0,0,0,-279,,,,
070710,0,0,0,2,,,,
070711,0,0,0,-1,,,,
070721,0,0,0,5,,,,
070722,0,0,0,60,,,,
070723,0,0,0,-1,,,,
070724,0,0,0,25,,,,
070731,0,0,0,469,,,,
070732,0,0,0,-100,,,,
070737,0,0,0,91,,,,
070738,0,0,0,-17,,,,
070739,0,0,0,-151,,,,
070740,0,0,0,-650,,,,
070741,0,0,0,60,,,,
070742,0,0,0,30,,,,
070744,0,0,0,0,,,,
070745,0,0,0,152,,,,
070747,0,0,0,-29,,,,
070749,0,0,0,-92,,,,
070751,0,0,0,172,,,,
070752,0,0,0,105,,,,
070753,0,0,0,104,,,,
070754,0,0,0,-474,,,,
070755,0,0,0,287,,,,
070756,0,0,0,50,,,,
070759,0,0,0,-152,,,,
070760,0,0,0,-33,,,,
070761,0,0,0,-301,,,,
070762,0,0,0,-48,,,,
070763,0,0,0,-459,,,,
070764,0,0,0,50,,,,
070765,0,0,0,94,,,,
070768,0,0,0,434,,,,
070769,0,0,0,-69,,,,
070771,0,0,0,-77,,,,
070772,0,0,0,-226,,,,
070773,0,0,0,1,,,,
070774,0,0,0,-222,,,,
070776,0,0,0,5,,,,
070778,0,0,0,92,,,,
070779,0,0,0,-50,,,,
070780,0,0,0,70,,,,
070781,0,0,0,41,,,,
070782,0,0,0,7,,,,
070787,0,0,0,142,,,,
070788,0,0,0,29,,,,
070789,0,0,0,-17,,,,
070790,0,0,0,28,,,,
070791,0,0,0,-10,,,,
070792,0,0,0,-296,,,,
070793,0,0,0,-51,,,,
070795,0,0,0,24,,,,
070798,0,0,0,-205,,,,
070800,0,0,0,71,,,,
070801,0,0,0,-1,,,,
070802,0,0,0,3,,,,
070803,0,0,0,42,,,,
070804,0,0,0,5,,,,
070806,0,0,0,30,,,,
070809,0,0,0,-592,,,,
070811,0,0,0,27,,,,
070812,0,0,0,50,,,,
070813,0,0,0,-271,,,,
070815,0,0,0,-20,,,,
070816,0,0,0,1,,,,
070817,0,0,0,4,,,,
070818,0,0,0,100,,,,
070820,0,0,0,-116,,,,
070821,0,0,0,-221,,,,
070824,0,0,0,80,,,,
070826,0,0,0,-258,,,,
070829,0,0,0,1,,,,
070831,0,0,0,-14,,,,
070833,0,0,0,0,,,,
070838,0,0,0,-446,,,,
070839,0,0,0,-1088,,,,
070840,0,0,0,-294,,,,
070841,0,0,0,-53,,,,
070842,0,0,0,-40,,,,
070843,0,0,0,-119,,,,
070845,0,0,0,103,,,,
070848,0,0,0,48,,,,
070849,0,0,0,319,,,,
070850,0,0,0,0,,,,
070854,0,0,0,249,,,,
070857,0,0,0,-431,,,,
070859,0,0,0,-20,,,,
070861,0,0,0,0,,,,
070862,0,0,0,305,,,,
070863,0,0,0,56,,,,
070864,0,0,0,32,,,,
070871,0,0,0,90,,,,
070873,0,0,0,60,,,,
070874,0,0,0,-289,,,,
070875,0,0,0,2,,,,
070876,0,0,0,-130,,,,
070885,0,0,0,-116,,,,
070886,0,0,0,30,,,,
070893,0,0,0,-43,,,,
070894,0,0,0,7,,,,
070895,0,0,0,11,,,,
070896,0,0,0,17,,,,
070898,0,0,0,53,,,,
070899,0,0,0,4,,,,
070902,0,0,0,-20,,,,
070908,0,0,0,249,,,,
070910,0,0,0,1,,,,
070913,0,0,0,1,,,,
070914,0,0,0,-83,,,,
070915,0,0,0,-1452,,,,
070917,0,0,0,325,,,,
070918,0,0,0,29,,,,
070919,0,0,0,28,,,,
070921,0,0,0,-25,,,,
070923,0,0,0,5,,,,
070924,0,0,0,-313,,,,
070925,0,0,0,40,,,,
070930,0,0,0,1432,,,,
070933,0,0,0,39,,,,
070934,0,0,0,-20,,,,
070940,0,0,0,-10,,,,
070941,0,0,0,1205,,,,
070942,0,0,0,-607,,,,
070944,0,0,0,-40,,,,
070945,0,0,0,-18,,,,
070946,0,0,0,102,,,,
070947,0,0,0,91,,,,
070950,0,0,0,291,,,,
070951,0,0,0,383,,,,
070952,0,0,0,168,,,,
070953,0,0,0,-32,,,,
070954,0,0,0,129,,,,
070955,0,0,0,5,,,,
070956,0,0,0,25,,,,
070959,0,0,0,-117,,,,
070960,0,0,0,-44,,,,
070962,0,0,0,2311,,,,
070963,0,0,0,-1799,,,,
070965,0,0,0,-20,,,,
070966,0,0,0,-42,,,,
070967,0,0,0,1,,,,
070968,0,0,0,-3,,,,
070969,0,0,0,-11,,,,
070970,0,0,0,-32,,,,
070972,0,0,0,27,,,,
070974,0,0,0,-32,,,,
070975,0,0,0,-52,,,,
070977,0,0,0,37,,,,
070978,0,0,0,-29,,,,
070981,0,0,0,-52,,,,
070982,0,0,0,-42,,,,
070983,0,0,0,-69,,,,
070985,0,0,0,18,,,,
070987,0,0,0,-827,,,,
070988,0,0,0,1491,,,,
070989,0,0,0,0,,,,
070990,0,0,0,100,,,,
070993,0,0,0,-187,,,,
070994,0,0,0,30,,,,
070995,0,0,0,-516,,,,
070996,0,0,0,8,,,,
070997,0,0,0,15,,,,
070998,0,0,0,10,,,,
070999,0,0,0,-170,,,,
071000,0,0,0,161,,,,
071001,0,0,0,-190,,,,
071002,0,0,0,-109,,,,
071004,0,0,0,-95,,,,
071006,0,0,0,-629,,,,
071007,0,0,0,-291,,,,
071008,0,0,0,13,,,,
071010,0,0,0,-100,,,,
071012,0,0,0,74,,,,
071013,0,0,0,2,,,,
071014,0,0,0,0,,,,
071015,0,0,0,443,,,,
071016,0,0,0,108,,,,
071017,0,0,0,1100,,,,
071018,0,0,0,-6,,,,
071019,0,0,0,102,,,,
071020,0,0,0,5,,,,
071021,0,0,0,-190,,,,
071023,0,0,0,418,,,,
071025,0,0,0,-344,,,,
071026,0,0,0,1,,,,
071032,0,0,0,100,,,,
071033,0,0,0,1179,,,,
071038,0,0,0,-71,,,,
071043,0,0,0,7,,,,
071044,0,0,0,275,,,,
071048,0,0,0,1,,,,
071049,0,0,0,-184,,,,
071051,0,0,0,-5,,,,
071055,0,0,0,-96,,,,
071056,0,0,0,-248,,,,
071057,0,0,0,-10,,,,
071058,0,0,0,-18,,,,
071059,0,0,0,1557,,,,
071061,0,0,0,6,,,,
071066,0,0,0,1,,,,
071067,0,0,0,1,,,,
071068,0,0,0,-157,,,,
071073,0,0,0,-59,,,,
071077,0,0,0,11,,,,
071078,0,0,0,12,,,,
071081,0,0,0,-1,,,,
071082,0,0,0,173,,,,
071083,0,0,0,-160,,,,
071088,0,0,0,5,,,,
071093,0,0,0,-131,,,,
071094,0,0,0,3,,,,
071096,0,0,0,-16,,,,
071097,0,0,0,489,,,,
071098,0,0,0,-10,,,,
071099,0,0,0,32,,,,
071100,0,0,0,-11,,,,
071101,0,0,0,136,,,,
071102,0,0,0,841,,,,
071103,0,0,0,-38,,,,
071104,0,0,0,184,,,,
071105,0,0,0,-27,,,,
071106,0,0,0,225,,,,
071107,0,0,0,469,,,,
071110,0,0,0,-150,,,,
071111,0,0,0,-69,,,,
071112,0,0,0,-87,,,,
071113,0,0,0,-146,,,,
071114,0,0,0,6,,,,
071116,0,0,0,2,,,,
071117,0,0,0,-92,,,,
071119,0,0,0,21,,,,
071122,0,0,0,62,,,,
071124,0,0,0,9,,,,
071127,0,0,0,-44,,,,
071128,0,0,0,72,,,,
071129,0,0,0,33,,,,
071131,0,0,0,15,,,,
071132,0,0,0,-29,,,,
071133,0,0,0,-50,,,,
071134,0,0,0,-4,,,,
071135,0,0,0,0,,,,
071136,0,0,0,-5,,,,
071137,0,0,0,56,,,,
071138,0,0,0,1544,,,,
071141,0,0,0,5,,,,
071143,0,0,0,-1,,,,
071146,0,0,0,1,,,,
071147,0,0,0,166,,,,
071148,0,0,0,40,,,,
071149,0,0,0,101,,,,
071151,0,0,0,-499,,,,
071154,0,0,0,170,,,,
071157,0,0,0,-994,,,,
071158,0,0,0,2,,,,
071160,0,0,0,-1,,,,
071161,0,0,0,83,,,,
071163,0,0,0,-86,,,,
071166,0,0,0,-20,,,,
071167,0,0,0,-70,,,,
071168,0,0,0,100,,,,
071169,0,0,0,50,,,,
071171,0,0,0,-17,,,,
071172,0,0,0,120,,,,
071174,0,0,0,-30,,,,
071178,0,0,0,131,,,,
071183,0,0,0,95,,,,
071184,0,0,0,-3,,,,
071185,0,0,0,236,,,,
071187,0,0,0,180,,,,
071188,0,0,0,-130,,,,
071190,0,0,0,170,,,,
071191,0,0,0,19,,,,
071194,0,0,0,-227,,,,
071196,0,0,0,-950,,,,
071197,0,0,0,5,,,,
071198,0,0,0,-2,,,,
071201,0,0,0,17,,,,
071202,0,0,0,21,,,,
071203,0,0,0,15,,,,
071204,0,0,0,-1,,,,
071206,0,0,0,1,,,,
071207,0,0,0,74,,,,
071208,0,0,0,696,,,,
071210,0,0,0,2,,,,
071212,0,0,0,51,,,,
071214,0,0,0,-70,,,,
071215,0,0,0,-37,,,,
071218,0,0,0,-63,,,,
071220,0,0,0,1606,,,,
071222,0,0,0,-20,,,,
071224,0,0,0,-3,,,,
071225,0,0,0,-3,,,,
071228,0,0,0,-252,,,,
071229,0,0,0,256,,,,
071230,0,0,0,-175,,,,
071231,0,0,0,40,,,,
071234,0,0,0,-10,,,,
071237,0,0,0,20,,,,
071238,0,0,0,-30,,,,
071242,0,0,0,8,,,,
071247,0,0,0,-73,,,,
071248,0,0,0,-87,,,,
071249,0,0,0,446,,,,
071250,0,0,0,-66,,,,
071251,0,0,0,-197,,,,
071254,0,0,0,129,,,,
071256,0,0,0,-146,,,,
071257,0,0,0,-25,,,,
071258,0,0,0,-4,,,,
071260,0,0,0,-424,,,,
071261,0,0,0,-10,,,,
071262,0,0,0,10,,,,
071265,0,0,0,188,,,,
071266,0,0,0,121,,,,
071267,0,0,0,94,,,,
071268,0,0,0,-48,,,,
071269,0,0,0,14,,,,
071270,0,0,0,-55,,,,
071271,0,0,0,6,,,,
071272,0,0,0,504,,,,
071273,0,0,0,-17,,,,
071274,0,0,0,2,,,,
071276,0,0,0,272,,,,
071277,0,0,0,1,,,,
071279,0,0,0,-62,,,,
071280,0,0,0,-49,,,,
071282,0,0,0,-306,,,,
071283,0,0,0,-17,,,,
071284,0,0,0,210,,,,
071285,0,0,0,-6,,,,
071292,0,0,0,-258,,,,
071293,0,0,0,90,,,,
071295,0,0,0,-2223,,,,
071297,0,0,0,10,,,,
071302,0,0,0,-10,,,,
071303,0,0,0,0,,,,
071304,0,0,0,-7,,,,
071305,0,0,0,-39,,,,
071308,0,0,0,-10,,,,
071309,0,0,0,-97,,,,
071311,0,0,0,71,,,,
071312,0,0,0,199,,,,
071313,0,0,0,41,,,,
071319,0,0,0,20,,,,
071327,0,0,0,-11,,,,
071333,0,0,0,-50,,,,
071334,0,0,0,-107,,,,
071335,0,0,0,-30,,,,
071339,0,0,0,-274,,,,
071340,0,0,0,-244,,,,
071341,0,0,0,10,,,,
071342,0,0,0,21,,,,
071344,0,0,0,78,,,,
071345,0,0,0,116,,,,
071347,0,0,0,-198,,,,
071348,0,0,0,7,,,,
071349,0,0,0,40,,,,
071350,0,0,0,0,,,,
071352,0,0,0,50,,,,
071354,0,0,0,30,,,,
071356,0,0,0,225,,,,
071359,0,0,0,105,,,,
071360,0,0,0,20,,,,
071361,0,0,0,10,,,,
071363,0,0,0,-888,,,,
071364,0,0,0,-45,,,,
071366,0,0,0,1,,,,
071367,0,0,0,-4,,,,
071369,0,0,0,-1490,,,,
071370,0,0,0,-55,,,,
071372,0,0,0,-10,,,,
071374,0,0,0,1,,,,
071376,0,0,0,-79,,,,
071377,0,0,0,-91,,,,
071380,0,0,0,-5,,,,
071383,0,0,0,6,,,,
071384,0,0,0,-485,,,,
071385,0,0,0,30,,,,
071386,0,0,0,39,,,,
071387,0,0,0,223,,,,
071388,0,0,0,-96,,,,
071389,0,0,0,88,,,,
071392,0,0,0,-123,,,,
071393,0,0,0,35,,,,
071394,0,0,0,-13,,,,
071403,0,0,0,22,,,,
071404,0,0,0,-10,,,,
071405,0,0,0,27,,,,
071406,0,0,0,1087,,,,
071408,0,0,0,-6,,,,
071409,0,0,0,-726,,,,
071410,0,0,0,-17,,,,
071412,0,0,0,-695,,,,
071413,0,0,0,45,,,,
071415,0,0,0,10,,,,
071416,0,0,0,-20,,,,
071417,0,0,0,328,,,,
071418,0,0,0,-235,,,,
071419,0,0,0,54,,,,
071420,0,0,0,-725,,,,
071421,0,0,0,500,,,,
071422,0,0,0,124,,,,
071423,0,0,0,50,,,,
071425,0,0,0,-5,,,,
071427,0,0,0,-30,,,,
071429,0,0,0,-1352,,,,
071430,0,0,0,257,,,,
071432,0,0,0,33,,,,
071433,0,0,0,4,,,,
071434,0,0,0,788,,,,
071435,0,0,0,132,,,,
071436,0,0,0,13,,,,
071437,0,0,0,11,,,,
071438,0,0,0,-413,,,,
071440,0,0,0,-220,,,,
071443,0,0,0,-2022,,,,
071444,0,0,0,-2432,,,,
071445,0,0,0,3,,,,
071446,0,0,0,50,,,,
071447,0,0,0,-85,,,,
071450,0,0,0,-124,,,,
071453,0,0,0,-26,,,,
071454,0,0,0,110,,,,
071455,0,0,0,117,,,,
071456,0,0,0,-240,,,,
071457,0,0,0,-184,,,,
071459,0,0,0,189,,,,
071465,0,0,0,76,,,,
071466,0,0,0,1,,,,
071471,0,0,0,126,,,,
071472,0,0,0,1,,,,
071476,0,0,0,-10,,,,
071477,0,0,0,46,,,,
071478,0,0,0,48,,,,
071480,0,0,0,150,,,,
071484,0,0,0,-10,,,,
071486,0,0,0,-310,,,,
071487,0,0,0,78,,,,
071488,0,0,0,19,,,,
071489,0,0,0,-432,,,,
071490,0,0,0,-9,,,,
071491,0,0,0,-73,,,,
071493,0,0,0,11,,,,
071494,0,0,0,-13,,,,
071496,0,0,0,-330,,,,
071498,0,0,0,3,,,,
071499,0,0,0,5,,,,
071500,0,0,0,165,,,,
071501,0,0,0,-25,,,,
071502,0,0,0,157,,,,
071504,0,0,0,172,,,,
071506,0,0,0,75,,,,
071507,0,0,0,-57,,,,
071508,0,0,0,-346,,,,
071509,0,0,0,70,,,,
071510,0,0,0,-64,,,,
071511,0,0,0,-75,,,,
071513,0,0,0,-10,,,,
071514,0,0,0,-141,,,,
071519,0,0,0,-277,,,,
071520,0,0,0,946,,,,
071521,0,0,0,-26,,,,
071523,0,0,0,415,,,,
071524,0,0,0,2,,,,
071525,0,0,0,-10,,,,
071526,0,0,0,-16,,,,
071528,0,0,0,4,,,,
071531,0,0,0,41,,,,
071532,0,0,0,20,,,,
071534,0,0,0,95,,,,
071538,0,0,0,-21,,,,
071539,0,0,0,97,,,,
071540,0,0,0,22,,,,
071542,0,0,0,2,,,,
071543,0,0,0,-200,,,,
071544,0,0,0,4,,,,
071545,0,0,0,37,,,,
071547,0,0,0,-832,,,,
071548,0,0,0,659,,,,
071550,0,0,0,-64,,,,
071551,0,0,0,-13,,,,
071552,0,0,0,720,,,,
071553,0,0,0,2953,,,,
071554,0,0,0,-80,,,,
071555,0,0,0,3024,,,,
071556,0,0,0,-100,,,,
071559,0,0,0,-10,,,,
071560,0,0,0,102,,,,
071561,0,0,0,159,,,,
071564,0,0,0,40,,,,
071565,0,0,0,0,,,,
071566,0,0,0,29,,,,
071567,0,0,0,0,,,,
071569,0,0,0,325,,,,
071573,0,0,0,-40,,,,
071574,0,0,0,28,,,,
071575,0,0,0,-97,,,,
071576,0,0,0,-138,,,,
071578,0,0,0,-110,,,,
071580,0,0,0,4,,,,
071585,0,0,0,37,,,,
071589,0,0,0,490,,,,
071590,0,0,0,132,,,,
071601,0,0,0,30,,,,
071602,0,0,0,-10,,,,
071605,0,0,0,7,,,,
071607,0,0,0,15,,,,
071608,0,0,0,1,,,,
071611,0,0,0,-95,,,,
071612,0,0,0,280,,,,
071613,0,0,0,-62,,,,
071614,0,0,0,20,,,,
071616,0,0,0,25,,,,
071621,0,0,0,37,,,,
071626,0,0,0,3,,,,
071627,0,0,0,10,,,,
071629,0,0,0,-16,,,,
071631,0,0,0,-18,,,,
071632,0,0,0,32,,,,
071635,0,0,0,30,,,,
071636,0,0,0,-53,,,,
071639,0,0,0,-207,,,,
071642,0,0,0,0,,,,
071644,0,0,0,-51,,,,
071645,0,0,0,10,,,,
071646,0,0,0,-2,,,,
071647,0,0,0,3,,,,
071648,0,0,0,1,,,,
071651,0,0,0,56,,,,
071653,0,0,0,-17,,,,
071654,0,0,0,-155,,,,
071655,0,0,0,-94,,,,
071656,0,0,0,-34,,,,
071657,0,0,0,163,,,,
071659,0,0,0,60,,,,
071661,0,0,0,96,,,,
071662,0,0,0,-114,,,,
071663,0,0,0,60,,,,
071666,0,0,0,3,,,,
071669,0,0,0,29,,,,
071670,0,0,0,47,,,,
071675,0,0,0,-10,,,,
071676,0,0,0,1,,,,
071678,0,0,0,30,,,,
071680,0,0,0,-1,,,,
071682,0,0,0,-40,,,,
071683,0,0,0,93,,,,
071685,0,0,0,217,,,,
071690,0,0,0,-20,,,,
071691,0,0,0,-14,,,,
071692,0,0,0,7,,,,
071694,0,0,0,87,,,,
071696,0,0,0,25,,,,
071697,0,0,0,11,,,,
071699,0,0,0,253,,,,
071703,0,0,0,-1,,,,
071705,0,0,0,-317,,,,
071709,0,0,0,-27,,,,
071711,0,0,0,9,,,,
071712,0,0,0,-1,,,,
071715,0,0,0,-20,,,,
071716,0,0,0,-17,,,,
071717,0,0,0,-68,,,,
071725,0,0,0,-5,,,,
071728,0,0,0,20,,,,
071736,0,0,0,13,,,,
071738,0,0,0,3,,,,
071739,0,0,0,1,,,,
071741,0,0,0,9,,,,
071742,0,0,0,-8,,,,
071745,0,0,0,77,,,,
071747,0,0,0,1,,,,
071748,0,0,0,-100,,,,
071749,0,0,0,-51,,,,
071750,0,0,0,-373,,,,
071751,0,0,0,1,,,,
071752,0,0,0,-6,,,,
071753,0,0,0,-186,,,,
071754,0,0,0,122,,,,
071755,0,0,0,15,,,,
071759,0,0,0,5,,,,
071761,0,0,0,10,,,,
071763,0,0,0,7,,,,
071767,0,0,0,43,,,,
071769,0,0,0,-10,,,,
071770,0,0,0,5,,,,
071771,0,0,0,-10,,,,
071772,0,0,0,30,,,,
071773,0,0,0,-1,,,,
071775,0,0,0,0,,,,
071776,0,0,0,-137,,,,
071778,0,0,0,-78,,,,
071779,10,0,0,105,,,,
071781,0,0,0,-504,,,,
071784,0,0,0,190,,,,
071785,0,0,0,379,,,,
071786,0,0,0,76,,,,
071787,0,0,0,604,,,,
071788,0,0,0,246,,,,
071791,0,0,0,-11,,,,
071793,0,0,0,20,,,,
071795,0,0,0,12,,,,
071798,0,0,0,-1,,,,
071800,0,0,0,-24,,,,
071801,0,0,0,-123,,,,
071803,0,0,0,-15,,,,
071806,0,0,0,-135,,,,
071808,-20,0,0,792,,,,
071809,0,0,0,1350,,,,
071810,0,0,0,-33,,,,
071814,0,0,0,-11,,,,
071815,0,0,0,60,,,,
071817,0,0,0,-20,,,,
071819,0,0,0,123,,,,
071822,0,0,0,-70,,,,
071823,0,0,0,-5,,,,
071831,0,0,0,-33,,,,
071832,0,0,0,-2540,,,,
071833,0,0,0,-305,,,,
071835,0,0,0,1,,,,
071842,0,0,0,-389,,,,
071843,0,0,0,-89,,,,
071845,0,0,0,-51,,,,
071848,0,0,0,-35,,,,
071850,0,0,0,64,,,,
071851,0,0,0,-41,,,,
071856,0,0,0,-2,,,,
071858,0,0,0,-10,,,,
071860,0,0,0,-55,,,,
071862,0,0,0,76,,,,
071863,0,0,0,-10,,,,
071865,0,0,0,6,,,,
071868,0,0,0,10,,,,
071869,0,0,0,-2,,,,
071870,0,0,0,5,,,,
071875,0,0,0,11,,,,
071877,0,0,0,13,,,,
071878,0,0,0,-20,,,,
071879,0,0,0,96,,,,
071882,0,0,0,219,,,,
071883,0,0,0,-6,,,,
071884,0,0,0,-229,,,,
071885,0,0,0,-29,,,,
071886,0,0,0,-495,,,,
071887,0,0,0,517,,,,
071889,0,0,0,-53,,,,
071892,0,0,0,-580,,,,
071894,0,0,0,-9,,,,
071896,0,0,0,-9,,,,
071898,0,0,0,-499,,,,
071899,0,0,0,16,,,,
071902,0,0,0,91,,,,
071903,0,0,0,-1,,,,
071908,0,0,0,-2,,,,
071909,0,0,0,-59,,,,
071910,0,0,0,44,,,,
071911,0,0,0,154,,,,
071913,0,0,0,62,,,,
071915,0,0,0,30,,,,
071916,0,0,0,-36,,,,
071917,0,0,0,-497,,,,
071918,0,0,0,21,,,,
071919,0,0,0,288,,,,
071921,0,0,0,-28,,,,
071926,0,0,0,29,,,,
071927,0,0,0,124,,,,
071928,0,0,0,11,,,,
071930,0,0,0,520,,,,
071931,0,0,0,879,,,,
071932,0,0,0,-20,,,,
071934,0,0,0,54,,,,
071935,0,0,0,539,,,,
071936,0,0,0,-289,,,,
071937,0,0,0,-20,,,,
071939,0,0,0,40,,,,
071944,0,0,0,-51,,,,
071945,0,0,0,59,,,,
071947,0,0,0,-4,,,,
071948,0,0,0,28,,,,
071949,0,0,0,-208,,,,
071950,0,0,0,-186,,,,
071951,0,0,0,3,,,,
071954,0,0,0,-482,,,,
071957,0,0,0,-73,,,,
071958,0,0,0,64,,,,
071959,0,0,0,-1,,,,
071960,0,0,0,-119,,,,
071962,0,0,0,588,,,,
071965,0,0,0,67,,,,
071967,0,0,0,5,,,,
071968,0,0,0,49,,,,
071969,0,0,0,-10,,,,
071971,0,0,0,205,,,,
071972,0,0,0,-10,,,,
071973,0,0,0,497,,,,
071974,0,0,0,370,,,,
071975,0,0,0,-312,,,,
071976,0,0,0,-1,,,,
071978,0,0,0,2,,,,
071979,0,0,0,2,,,,
071982,0,0,0,-175,,,,
071983,0,0,0,119,,,,
071985,0,0,0,54,,,,
071986,0,0,0,-50,,,,
071987,0,0,0,86,,,,
071988,0,0,0,16,,,,
071989,0,0,0,7,,,,
071990,0,0,0,-750,,,,
071991,0,0,0,139,,,,
071994,0,0,0,-729,,,,
071996,0,0,0,-1,,,,
071997,0,0,0,-75,,,,
071998,0,0,0,-163,,,,
071999,0,0,0,400,,,,
072001,0,0,0,45,,,,
072002,0,0,0,-54,,,,
072003,0,0,0,95,,,,
072004,0,0,0,71,,,,
072005,0,0,0,33,,,,
072007,0,0,0,10,,,,
072009,0,0,0,73,,,,
072010,0,0,0,-378,,,,
072014,0,0,0,78,,,,
072019,0,0,0,-40,,,,
072020,0,0,0,10,,,,
072023,0,0,0,-222,,,,
072024,0,0,0,-25,,,,
072026,0,0,0,-445,,,,
072027,0,0,0,-330,,,,
072028,0,0,0,21,,,,
072029,0,0,0,146,,,,
072030,0,0,0,-117,,,,
072032,0,0,0,-60,,,,
072033,0,0,0,-30,,,,
072034,0,0,0,85,,,,
072037,0,0,0,22,,,,
072038,0,0,0,-56,,,,
072039,0,0,0,11,,,,
072040,0,0,0,-99,,,,
072043,0,0,0,-8,,,,
072044,0,0,0,-432,,,,
072052,0,0,0,-60,,,,
072055,0,0,0,-6,,,,
072057,0,0,0,-3,,,,
072058,0,0,0,0,,,,
072062,0,0,0,180,,,,
072065,0,0,0,188,,,,
072071,0,0,0,14,,,,
072075,0,0,0,-739,,,,
072076,0,0,0,-282,,,,
072077,0,0,0,65,,,,
072080,0,0,0,-36,,,,
072082,0,0,0,20,,,,
072083,0,0,0,324,,,,
072084,0,0,0,42,,,,
072085,0,0,0,2,,,,
072089,0,0,0,27,,,,
072093,0,0,0,-5,,,,
072095,0,0,0,1,,,,
072096,0,0,0,375,,,,
072098,0,0,0,926,,,,
072101,0,0,0,150,,,,
072104,0,0,0,-848,,,,
072105,0,0,0,100,,,,
072106,0,0,0,8,,,,
072110,0,0,0,-21,,,,
072112,0,0,0,-101,,,,
072114,0,0,0,37,,,,
072116,0,0,0,318,,,,
072118,0,0,0,211,,,,
072124,0,0,0,-130,,,,
072126,0,0,0,10,,,,
072127,0,0,0,-130,,,,
072131,0,0,0,-41,,,,
072133,0,0,0,14,,,,
072137,0,0,0,-66,,,,
072139,0,0,0,650,,,,
072140,0,0,0,187,,,,
072143,0,0,0,300,,,,
072144,0,0,0,95,,,,
072145,0,0,0,34,,,,
072146,0,0,0,23,,,,
072148,0,0,0,-179,,,,
072152,0,0,0,554,,,,
072153,0,0,0,-314,,,,
072155,0,0,0,-48,,,,
072156,0,0,0,-7,,,,
072157,0,0,0,159,,,,
072160,0,0,0,93,,,,
072161,0,0,0,-775,,,,
072166,0,0,0,-10,,,,
072169,0,0,0,5,,,,
072171,0,0,0,1294,,,,
072172,0,0,0,13,,,,
072173,0,0,0,-735,,,,
072178,0,0,0,3,,,,
072179,0,0,0,10,,,,
072180,0,0,0,8,,,,
072182,0,0,0,-20,,,,
072183,0,0,0,-74,,,,
072184,0,0,0,-31,,,,
072185,0,0,0,72,,,,
072186,0,0,0,-14,,,,
072187,0,0,0,-9,,,,
072188,0,0,0,-34,,,,
072189,0,0,0,20,,,,
072190,0,0,0,2,,,,
072191,0,0,0,-17,,,,
072194,0,0,0,-20,,,,
072196,0,0,0,152,,,,
072200,0,0,0,49,,,,
072201,0,0,0,6,,,,
072203,0,0,0,9,,,,
072204,0,0,0,85,,,,
072205,0,0,0,68,,,,
072206,0,0,0,23,,,,
072207,0,0,0,-360,,,,
072210,0,0,0,-216,,,,
072211,0,0,0,-7,,,,
072212,0,0,0,-113,,,,
072214,0,0,0,-10,,,,
072215,0,0,0,-40,,,,
072216,0,0,0,157,,,,
072217,0,0,0,144,,,,
072223,0,0,0,10,,,,
072224,0,0,0,238,,,,
072228,0,0,0,-20,,,,
072229,0,0,0,-40,,,,
072230,0,0,0,1650,,,,
072231,0,0,0,-546,,,,
072232,0,0,0,-30,,,,
072233,0,0,0,523,,,,
072234,0,0,0,-32,,,,
072235,0,0,0,270,,,,
072236,0,0,0,-100,,,,
072238,0,0,0,60,,,,
072239,0,0,0,19,,,,
072240,0,0,0,-5,,,,
072241,0,0,0,-190,,,,
072244,0,0,0,-74,,,,
072245,0,0,0,10,,,,
072247,0,0,0,-57,,,,
072249,0,0,0,50,,,,
072250,0,0,0,-1,,,,
072251,0,0,0,2,,,,
072254,0,0,0,-7,,,,
072255,0,0,0,80,,,,
072256,0,0,0,12,,,,
072257,0,0,0,-69,,,,
072259,0,0,0,27,,,,
072260,0,0,0,32,,,,
072261,0,0,0,-11,,,,
072262,0,0,0,-18,,,,
072263,0,0,0,-1,,,,
072266,0,0,0,31,,,,
072267,0,0,0,80,,,,
072268,0,0,0,-101,,,,
072274,0,0,0,33,,,,
072275,0,0,0,65,,,,
072280,0,0,0,-19,,,,
072282,0,0,0,74,,,,
072283,0,0,0,10,,,,
072292,0,0,0,-5,,,,
072293,0,0,0,20,,,,
072294,0,0,0,30,,,,
072296,0,0,0,15,,,,
072297,0,0,0,-5,,,,
072300,0,0,0,-60,,,,
072303,0,0,0,-22,,,,
072304,0,0,0,25,,,,
072305,0,0,0,1,,,,
072306,0,0,0,1,,,,
072307,0,0,0,122,,,,
072308,0,0,0,-5,,,,
072310,0,0,0,5,,,,
072311,0,0,0,-90,,,,
072317,0,0,0,-2450,,,,
072318,0,0,0,-58,,,,
072319,0,0,0,-67,,,,
072321,0,0,0,-61,,,,
072324,0,0,0,-6,,,,
072328,0,0,0,-21,,,,
072330,0,0,0,20,,,,
072331,0,0,0,-32,,,,
072333,0,0,0,60,,,,
072338,0,0,0,2,,,,
072340,0,0,0,-100,,,,
072341,0,0,0,38,,,,
072344,0,0,0,32,,,,
072348,0,0,0,-624,,,,
072349,0,0,0,29,,,,
072350,0,0,0,200,,,,
072351,0,0,0,87,,,,
072354,0,0,0,-2,,,,
072355,0,0,0,100,,,,
072358,0,0,0,24,,,,
072360,0,0,0,12,,,,
072364,0,0,0,-53,,,,
072371,0,0,0,71,,,,
072379,0,0,0,171,,,,
072381,0,0,0,-1,,,,
072382,0,0,0,1,,,,
072383,0,0,0,37,,,,
072384,0,0,0,28,,,,
072386,0,0,0,-140,,,,
072388,0,0,0,-16,,,,
072389,0,0,0,42,,,,
072390,0,0,0,182,,,,
072391,0,0,0,-25,,,,
072392,0,0,0,-86,,,,
072394,0,0,0,251,,,,
072395,0,0,0,-143,,,,
072397,0,0,0,18,,,,
072398,0,0,0,-489,,,,
072399,0,0,0,100,,,,
072402,0,0,0,38,,,,
072403,0,0,0,6,,,,
072405,0,0,0,1946,,,,
072406,0,0,0,-18,,,,
072408,0,0,0,-30,,,,
072412,0,0,0,-77,,,,
072415,0,0,0,50,,,,
072416,0,0,0,20,,,,
072421,0,0,0,53,,,,
072422,0,0,0,-42,,,,
072424,0,0,0,-1,,,,
072425,0,0,0,-10,,,,
072426,0,0,0,-24,,,,
072428,0,0,0,1,,,,
072429,0,0,0,100,,,,
072430,0,0,0,202,,,,
072431,0,0,0,-15,,,,
072433,0,0,0,-208,,,,
072434,0,0,0,-16,,,,
072436,0,0,0,7,,,,
072437,0,0,0,-3,,,,
072439,0,0,0,46,,,,
072440,0,0,0,24,,,,
072442,0,0,0,82,,,,
072443,0,0,0,-5,,,,
072444,0,0,0,-270,,,,
072448,0,0,0,6,,,,
072450,0,0,0,241,,,,
072451,0,0,0,60,,,,
072452,0,0,0,29,,,,
072455,0,0,0,50,,,,
072459,0,0,0,-40,,,,
072460,0,0,0,10,,,,
072461,0,0,0,-2,,,,
072463,0,0,0,-5,,,,
072464,0,0,0,10,,,,
072469,0,0,0,-17,,,,
072471,0,0,0,10,,,,
072475,0,0,0,-489,,,,
072477,0,0,0,80,,,,
072481,0,0,0,198,,,,
072482,0,0,0,28,,,,
072483,0,0,0,-3,,,,
072484,0,0,0,-5,,,,
072485,0,0,0,-83,,,,
072486,0,0,0,-112,,,,
072487,0,0,0,1821,,,,
072488,0,0,0,-24,,,,
072491,0,0,0,11,,,,
072493,0,0,0,134,,,,
072494,0,0,0,-35,,,,
072500,0,0,0,1,,,,
072501,0,0,0,-6,,,,
072502,0,0,0,12,,,,
072503,0,0,0,11,,,,
072504,0,0,0,152,,,,
072506,0,0,0,10,,,,
072507,0,0,0,-75,,,,
072508,0,0,0,-63,,,,
072512,0,0,0,1,,,,
072513,0,0,0,-138,,,,
072518,0,0,0,46,,,,
072521,0,0,0,-499,,,,
072522,0,0,0,-12,,,,
072525,0,0,0,180,,,,
072526,0,0,0,-9,,,,
072529,0,0,0,26,,,,
072531,0,0,0,12,,,,
072532,0,0,0,23,,,,
072534,0,0,0,7,,,,
072537,0,0,0,30,,,,
072538,0,0,0,-309,,,,
072540,0,0,0,87,,,,
072541,0,0,0,-642,,,,
072542,0,0,0,-73,,,,
072543,0,0,0,-57,,,,
072544,0,0,0,-122,,,,
072546,0,0,0,5,,,,
072547,0,0,0,34,,,,
072548,0,0,0,2,,,,
072549,0,0,0,1,,,,
072551,0,0,0,912,,,,
072552,0,0,0,-6,,,,
072554,0,0,0,-499,,,,
072557,0,0,0,-13,,,,
072558,0,0,0,0,,,,
072559,0,0,0,200,,,,
072560,0,0,0,23,,,,
072564,0,0,0,-154,,,,
072565,0,0,0,-10,,,,
072566,0,0,0,-13,,,,
072567,0,0,0,3,,,,
072568,0,0,0,50,,,,
072569,0,0,0,65,,,,
072570,0,0,0,182,,,,
072572,0,0,0,-2,,,,
072574,0,0,0,58,,,,
072577,0,0,0,-14,,,,
072580,0,0,0,-60,,,,
072581,0,0,0,1,,,,
072582,0,0,0,12,,,,
072586,0,0,0,-25,,,,
072588,0,0,0,-87,,,,
072590,0,0,0,8,,,,
072591,0,0,0,-28,,,,
072593,0,0,0,-10,,,,
072595,0,0,0,-10,,,,
072597,0,0,0,5,,,,
072600,0,0,0,68,,,,
072601,0,0,0,-10,,,,
072602,0,0,0,6,,,,
072607,20,0,0,-37,,,,
072608,0,0,0,-57,,,,
072610,0,0,0,2,,,,
072611,0,0,0,35,,,,
072615,0,0,0,-36,,,,
072616,0,0,0,-41,,,,
072619,0,0,0,-4,,,,
072623,0,0,0,-43,,,,
072626,0,0,0,-17,,,,
072631,0,0,0,-24,,,,
072632,0,0,0,11,,,,
072634,0,0,0,0,,,,
072636,0,0,0,66,,,,
072638,0,0,0,-58,,,,
072640,0,0,0,-53,,,,
072641,0,0,0,85,,,,
072645,0,0,0,1,,,,
072647,0,0,0,242,,,,
072648,0,0,0,189,,,,
072650,0,0,0,1,,,,
072651,0,0,0,332,,,,
072652,0,0,0,32,,,,
072655,0,0,0,-127,,,,
072656,0,0,0,-1216,,,,
072657,0,0,0,298,,,,
072661,0,0,0,104,,,,
072663,0,0,0,-1,,,,
072665,0,0,0,-551,,,,
072666,0,0,0,22,,,,
072667,0,0,0,-222,,,,
072668,0,0,0,334,,,,
072669,0,0,0,169,,,,
072670,0,0,0,90,,,,
072672,0,0,0,20,,,,
072673,0,0,0,121,,,,
072674,0,0,0,147,,,,
072675,0,0,0,-50,,,,
072677,0,0,0,110,,,,
072678,0,0,0,100,,,,
072680,0,0,0,-36,,,,
072682,0,0,0,-179,,,,
072683,0,0,0,-1,,,,
072684,0,0,0,-2021,,,,
072685,0,0,0,12,,,,
072686,0,0,0,430,,,,
072687,0,0,0,422,,,,
072696,0,0,0,-10,,,,
072698,0,0,0,400,,,,
072699,0,0,0,93,,,,
072701,0,0,0,11,,,,
072703,0,0,0,-1,,,,
072706,0,0,0,4,,,,
072710,0,0,0,-56,,,,
072711,0,0,0,11,,,,
072712,0,0,0,13,,,,
072714,0,0,0,-146,,,,
072716,0,0,0,38,,,,
072723,0,0,0,5,,,,
072729,0,0,0,-322,,,,
072730,0,0,0,-28,,,,
072731,0,0,0,-96,,,,
072736,0,0,0,138,,,,
072739,0,0,0,-336,,,,
072741,0,0,0,-499,,,,
072742,0,0,0,-1,,,,
072747,0,0,0,-108,,,,
072748,0,0,0,-10,,,,
072749,0,0,0,0,,,,
072750,0,0,0,-122,,,,
072753,0,0,0,4,,,,
072755,0,0,0,60,,,,
072756,130,0,0,2726,,,,
072757,0,0,0,26,,,,
072759,0,0,0,-43,,,,
072760,0,0,0,-25,,,,
072761,0,0,0,5,,,,
072763,0,0,0,-4,,,,
072766,0,0,0,-8,,,,
072767,0,0,0,-23,,,,
072771,0,0,0,-5,,,,
072772,0,0,0,0,,,,
072773,0,0,0,-130,,,,
072774,0,0,0,5,,,,
072785,0,0,0,10,,,,
072786,0,0,0,3,,,,
072792,0,0,0,3,,,,
072796,0,0,0,-2,,,,
072798,0,0,0,218,,,,
072800,0,0,0,-573,,,,
072802,0,0,0,1,,,,
072804,0,0,0,300,,,,
072805,0,0,0,-15,,,,
072807,0,0,0,74,,,,
072808,0,0,0,10,,,,
072813,0,0,0,63,,,,
072814,0,0,0,-19,,,,
072815,0,0,0,-71,,,,
072818,0,0,0,-1,,,,
072820,0,0,0,59,,,,
072823,0,0,0,74,,,,
072824,0,0,0,79,,,,
072825,0,0,0,-2106,,,,
072826,0,0,0,271,,,,
072828,0,0,0,-369,,,,
072830,0,0,0,40,,,,
072831,0,0,0,70,,,,
072832,0,0,0,40,,,,
072836,0,0,0,1,,,,
072837,0,0,0,-125,,,,
072838,0,0,0,-173,,,,
072841,0,0,0,-2,,,,
072843,0,0,0,-9,,,,
072845,0,0,0,-11,,,,
072846,0,0,0,-22,,,,
072847,0,0,0,-22,,,,
072848,0,0,0,4,,,,
072849,0,0,0,37,,,,
072850,0,0,0,-41,,,,
072852,0,0,0,72,,,,
072853,0,0,0,-54,,,,
072854,0,0,0,68,,,,
072861,0,0,0,-31,,,,
072862,0,0,0,25,,,,
072865,0,0,0,1,,,,
072867,0,0,0,108,,,,
072873,0,0,0,-1,,,,
072874,0,0,0,1,,,,
072875,0,0,0,1080,,,,
072876,0,0,0,690,,,,
072878,0,0,0,38,,,,
072882,0,0,0,10,,,,
072883,0,0,0,-1,,,,
072884,0,0,0,-60,,,,
072889,0,0,0,0,,,,
072891,0,0,0,5,,,,
072894,0,0,0,5,,,,
072896,0,0,0,-155,,,,
072898,0,0,0,584,,,,
072901,0,0,0,20,,,,
072902,-13,0,0,509,,,,
072904,0,0,0,-20,,,,
072905,0,0,0,52,,,,
072907,0,0,0,-16,,,,
072908,0,0,0,-139,,,,
072909,0,0,0,-113,,,,
072912,0,0,0,-29,,,,
072913,0,0,0,20,,,,
072914,0,0,0,371,,,,
072916,0,0,0,122,,,,
072920,0,0,0,30,,,,
072922,0,0,0,-20,,,,
072924,0,0,0,19,,,,
072925,0,0,0,33,,,,
072926,0,0,0,190,,,,
072927,0,0,0,-20,,,,
072929,0,0,0,46,,,,
072930,0,0,0,-40,,,,
072931,0,0,0,-85,,,,
072932,0,0,0,178,,,,
072933,0,0,0,330,,,,
072936,0,0,0,92,,,,
072937,0,0,0,-12,,,,
072938,0,0,0,257,,,,
072939,0,0,0,253,,,,
072941,0,0,0,184,,,,
072942,0,0,0,89,,,,
072943,0,0,0,250,,,,
072944,0,0,0,20,,,,
072947,0,0,0,62,,,,
072948,0,0,0,10,,,,
072951,0,0,0,-170,,,,
072953,0,0,0,3,,,,
072955,0,0,0,-95,,,,
072956,0,0,0,-58,,,,
072957,0,0,0,-46,,,,
072959,0,0,0,-100,,,,
072961,0,0,0,67,,,,
072962,0,0,0,16,,,,
072963,0,0,0,-27,,,,
072967,0,0,0,34,,,,
072969,0,0,0,-597,,,,
072970,0,0,0,-81,,,,
072972,0,0,0,-70,,,,
072973,0,0,0,-38,,,,
072974,0,0,0,-425,,,,
072975,0,0,0,-111,,,,
072977,0,0,0,-19,,,,
072981,0,0,0,100,,,,
072982,0,0,0,3,,,,
072984,0,0,0,-31,,,,
072987,0,0,0,-119,,,,
072989,0,0,0,111,,,,
072991,0,0,0,-107,,,,
072996,0,0,0,105,,,,
072998,0,0,0,3,,,,
073000,0,0,0,-43,,,,
073001,0,0,0,28,,,,
073002,0,0,0,20,,,,
073004,0,0,0,-36,,,,
073006,0,0,0,-55,,,,
073008,0,0,0,-82,,,,
073009,0,0,0,484,,,,
073015,0,0,0,-468,,,,
073018,0,0,0,47,,,,
073024,0,0,0,997,,,,
073025,0,0,0,40,,,,
073027,0,0,0,39,,,,
073032,0,0,0,1,,,,
073033,0,0,0,-108,,,,
073034,0,0,0,5,,,,
073035,0,0,0,-173,,,,
073037,0,0,0,-40,,,,
073039,0,0,0,900,,,,
073040,0,0,0,463,,,,
073041,0,0,0,20,,,,
073044,0,0,0,4,,,,
073045,0,0,0,-135,,,,
073048,0,0,0,47,,,,
073050,0,0,0,21,,,,
073051,0,0,0,6,,,,
073052,0,0,0,10,,,,
073057,0,0,0,33,,,,
073059,0,0,0,-50,,,,
073060,0,0,0,43,,,,
073063,0,0,0,-34,,,,
073065,0,0,0,18,,,,
073069,0,0,0,-10,,,,
073070,0,0,0,0,,,,
073072,0,0,0,-90,,,,
073073,0,0,0,20,,,,
073074,0,0,0,465,,,,
073075,0,0,0,-3,,,,
073076,0,0,0,50,,,,
073079,0,0,0,11,,,,
073080,0,0,0,-11,,,,
073081,0,0,0,-33,,,,
073082,0,0,0,-100,,,,
073083,0,0,0,36,,,,
073088,0,0,0,2,,,,
073093,0,0,0,9,,,,
073094,0,0,0,12,,,,
073096,0,0,0,252,,,,
073102,0,0,0,25,,,,
073104,0,0,0,22,,,,
073106,0,0,0,116,,,,
073108,0,0,0,11,,,,
073112,0,0,0,129,,,,
073113,0,0,0,-429,,,,
073115,0,0,0,256,,,,
073116,0,0,0,30,,,,
073117,0,0,0,-482,,,,
073118,0,0,0,-573,,,,
073119,0,0,0,-213,,,,
073121,0,0,0,96,,,,
073122,0,0,0,-10,,,,
073123,0,0,0,24,,,,
073124,0,0,0,3,,,,
073125,0,0,0,-1291,,,,
073126,0,0,0,100,,,,
073127,0,0,0,419,,,,
073129,0,0,0,-1435,,,,
073130,0,0,0,-83,,,,
073131,0,0,0,15,,,,
073132,0,0,0,12,,,,
073133,0,0,0,299,,,,
073134,0,0,0,-50,,,,
073138,0,0,0,18,,,,
073139,0,0,0,56,,,,
073140,0,0,0,440,,,,
073141,0,0,0,992,,,,
073143,0,0,0,-93,,,,
073146,0,0,0,25,,,,
073150,0,0,0,0,,,,
073151,0,0,0,0,,,,
073154,0,0,0,-247,,,,
073158,0,0,0,-6,,,,
073159,0,0,0,13,,,,
073163,0,0,0,-17,,,,
073165,0,0,0,0,,,,
073169,0,0,0,1,,,,
073170,0,0,0,69,,,,
073171,0,0,0,-176,,,,
073172,0,0,0,71,,,,
073173,0,0,0,20,,,,
073174,0,0,0,3,,,,
073175,0,0,0,202,,,,
073176,0,0,0,-49,,,,
073177,0,0,0,-78,,,,
073185,0,0,0,-28,,,,
073190,0,0,0,39,,,,
073191,0,0,0,23,,,,
073192,0,0,0,67,,,,
073198,0,0,0,70,,,,
073199,0,0,0,24,,,,
073201,0,0,0,33,,,,
073202,0,0,0,-6,,,,
073205,0,0,0,-90,,,,
073206,0,0,0,4,,,,
073208,0,0,0,262,,,,
073209,0,0,0,1867,,,,
073210,0,0,0,-167,,,,
073211,0,0,0,7,,,,
073212,0,0,0,-240,,,,
073215,0,0,0,9,,,,
073218,0,0,0,-10,,,,
073219,0,0,0,-418,,,,
073220,0,0,0,81,,,,
073221,0,0,0,2,,,,
073222,0,0,0,-2051,,,,
073223,0,0,0,5,,,,
073225,0,0,0,2,,,,
073226,0,0,0,10,,,,
073230,0,0,0,200,,,,
073231,0,0,0,7,,,,
073232,0,0,0,-141,,,,
073233,0,0,0,-26,,,,
073234,0,0,0,3,,,,
073235,0,0,0,-15,,,,
073236,0,0,0,55,,,,
073237,0,0,0,61,,,,
073238,0,0,0,250,,,,
073239,0,0,0,100,,,,
073240,0,0,0,-284,,,,
073242,0,0,0,185,,,,
073243,0,0,0,66,,,,
073244,0,0,0,11,,,,
073245,0,0,0,-554,,,,
073246,0,0,0,853,,,,
073248,0,0,0,-65,,,,
073249,0,0,0,-42,,,,
073250,0,0,0,100,,,,
073254,0,0,0,-30,,,,
073255,0,0,0,45,,,,
073256,0,0,0,177,,,,
073257,0,0,0,-24,,,,
073258,0,0,0,589,,,,
073259,0,0,0,168,,,,
073260,0,0,0,1626,,,,
073261,0,0,0,139,,,,
073265,0,0,0,24,,,,
073272,0,0,0,-12,,,,
073273,0,0,0,-2,,,,
073279,0,0,0,8,,,,
073280,0,0,0,-72,,,,
073281,0,0,0,5,,,,
073282,0,0,0,178,,,,
073283,0,0,0,3,,,,
073287,0,0,0,-100,,,,
073288,0,0,0,72,,,,
073291,0,0,0,-15,,,,
073293,0,0,0,1,,,,
073294,0,0,0,20,,,,
073297,0,0,0,-499,,,,
073299,0,0,0,-53,,,,
073301,0,0,0,67,,,,
073302,0,0,0,-25,,,,
073304,0,0,0,3,,,,
073305,0,0,0,155,,,,
073309,0,0,0,29,,,,
073312,0,0,0,-91,,,,
073313,0,0,0,28,,,,
073314,0,0,0,-2,,,,
073316,0,0,0,-375,,,,
073323,0,0,0,22,,,,
073325,10,0,0,63,,,,
073326,0,0,0,-272,,,,
073330,0,0,0,40,,,,
073332,0,0,0,-92,,,,
073337,0,0,0,110,,,,
073342,0,0,0,28,,,,
073344,0,0,0,1,,,,
073348,0,0,0,-18,,,,
073351,0,0,0,25,,,,
073353,0,0,0,-86,,,,
073354,0,0,0,-56,,,,
073357,0,0,0,3,,,,
073358,0,0,0,-4,,,,
073359,0,0,0,1,,,,
073363,0,0,0,-1,,,,
073364,0,0,0,0,,,,
073365,0,0,0,422,,,,
073366,0,0,0,91,,,,
073368,0,0,0,-46,,,,
073370,0,0,0,10,,,,
073372,0,0,0,-30,,,,
073375,0,0,0,-20,,,,
073376,0,0,0,-211,,,,
073377,0,0,0,-42,,,,
073380,0,0,0,-8,,,,
073382,0,0,0,-19,,,,
073383,0,0,0,-35,,,,
073385,0,0,0,60,,,,
073386,0,0,0,-9,,,,
073387,0,0,0,-200,,,,
073390,0,0,0,20,,,,
073391,0,0,0,-46,,,,
073392,0,0,0,100,,,,
073396,0,0,0,15,,,,
073398,0,0,0,28,,,,
073399,0,0,0,12,,,,
073407,0,0,0,-288,,,,
073408,0,0,0,40,,,,
073412,0,0,0,33,,,,
073417,0,0,0,22,,,,
073419,0,0,0,-10,,,,
073420,0,0,0,97,,,,
073426,0,0,0,102,,,,
073428,0,0,0,57,,,,
073429,0,0,0,20,,,,
073433,0,0,0,-9,,,,
073437,0,0,0,-69,,,,
073439,0,0,0,-137,,,,
073440,0,0,0,-139,,,,
073442,0,0,0,-82,,,,
073444,0,0,0,3,,,,
073447,0,0,0,-8,,,,
073453,0,0,0,-10,,,,
073454,0,0,0,30,,,,
073469,0,0,0,1,,,,
073471,0,0,0,2588,,,,
073472,0,0,0,1,,,,
073475,0,0,0,-44,,,,
073476,0,0,0,-201,,,,
073478,0,0,0,96,,,,
073479,0,0,0,-23,,,,
073482,0,0,0,51,,,,
073486,0,0,0,18,,,,
073489,0,0,0,133,,,,
073491,0,0,0,140,,,,
073492,0,0,0,-5,,,,
073493,0,0,0,-114,,,,
073494,0,0,0,-20,,,,
073496,0,0,0,624,,,,
073497,0,0,0,-798,,,,
073498,0,0,0,19,,,,
073504,0,0,0,-352,,,,
073509,0,0,0,51,,,,
073510,0,0,0,-36,,,,
073512,0,0,0,2,,,,
073513,0,0,0,53,,,,
073515,0,0,0,-316,,,,
073516,0,0,0,-41,,,,
073517,0,0,0,200,,,,
073518,0,0,0,-25,,,,
073519,0,0,0,-25,,,,
073521,0,0,0,5,,,,
073522,0,0,0,18,,,,
073523,0,0,0,-103,,,,
073525,0,0,0,217,,,,
073529,0,0,0,20,,,,
073531,0,0,0,1200,,,,
073533,0,0,0,36,,,,
073535,0,0,0,-23,,,,
073536,0,0,0,-311,,,,
073537,0,0,0,40,,,,
073538,0,0,0,3,,,,
073539,0,0,0,72,,,,
073540,0,0,0,50,,,,
073542,0,0,0,-69,,,,
073543,0,0,0,174,,,,
073544,0,0,0,6,,,,
073545,0,0,0,-255,,,,
073547,0,0,0,10,,,,
073549,0,0,0,144,,,,
073550,0,0,0,22,,,,
073551,0,0,0,31,,,,
073552,0,0,0,19,,,,
073553,0,0,0,-2,,,,
073554,0,0,0,-57,,,,
073557,0,0,0,-9,,,,
073561,0,0,0,23,,,,
073562,0,0,0,-494,,,,
073564,0,0,0,-18,,,,
073565,0,0,0,-512,,,,
073566,0,0,0,-605,,,,
073568,0,0,0,2,,,,
073570,0,0,0,146,,,,
073573,0,0,0,-218,,,,
073575,0,0,0,-5,,,,
073576,0,0,0,12,,,,
073578,0,0,0,19,,,,
073579,0,0,0,-1,,,,
073580,0,0,0,20,,,,
073581,0,0,0,-44,,,,
073582,0,0,0,1,,,,
073585,0,0,0,73,,,,
073588,0,0,0,1,,,,
073590,0,0,0,-153,,,,
073592,0,0,0,84,,,,
073595,0,0,0,2,,,,
073598,0,0,0,15,,,,
073603,0,0,0,5,,,,
073604,0,0,0,-245,,,,
073607,0,0,0,10,,,,
073618,0,0,0,1,,,,
073619,0,0,0,-79,,,,
073621,0,0,0,-40,,,,
073622,0,0,0,-2,,,,
073623,0,0,0,-14,,,,
073625,0,0,0,105,,,,
073626,0,0,0,-133,,,,
073627,0,0,0,-5,,,,
073628,0,0,0,242,,,,
073631,0,0,0,-134,,,,
073633,0,0,0,-94,,,,
073634,0,0,0,8,,,,
073635,0,0,0,-121,,,,
073636,0,0,0,29,,,,
073637,0,0,0,300,,,,
073638,0,0,0,-137,,,,
073640,0,0,0,19,,,,
073645,0,0,0,-580,,,,
073647,0,0,0,-5,,,,
073648,0,0,0,-32,,,,
073649,0,0,0,-62,,,,
073653,0,0,0,-10,,,,
073657,0,0,0,-88,,,,
073658,0,0,0,3,,,,
073659,0,0,0,173,,,,
073661,0,0,0,10,,,,
073662,0,0,0,-10,,,,
073664,0,0,0,-410,,,,
073667,0,0,0,0,,,,
073668,0,0,0,79,,,,
073669,0,0,0,4,,,,
073670,0,0,0,-910,,,,
073675,0,0,0,-5,,,,
073676,0,0,0,-280,,,,
073677,0,0,0,3,,,,
073678,0,0,0,27,,,,
073679,0,0,0,1171,,,,
073680,0,0,0,86,,,,
073681,0,0,0,0,,,,
073682,0,0,0,456,,,,
073683,0,0,0,0,,,,
073684,0,0,0,-30,,,,
073686,0,0,0,10,,,,
073687,0,0,0,25,,,,
073688,0,0,0,-31,,,,
073689,0,0,0,-54,,,,
073690,0,0,0,75,,,,
073691,0,0,0,47,,,,
073692,0,0,0,-128,,,,
073693,0,0,0,135,,,,
073694,0,0,0,-70,,,,
073695,0,0,0,-20,,,,
073696,0,0,0,0,,,,
073697,0,0,0,10,,,,
073698,0,0,0,109,,,,
073699,0,0,0,331,,,,
073701,0,0,0,411,,,,
073702,0,0,0,23,,,,
073703,0,0,0,275,,,,
073711,0,0,0,64,,,,
073712,0,0,0,25,,,,
073713,0,0,0,96,,,,
073715,0,0,0,46,,,,
073716,0,0,0,-4,,,,
073719,0,0,0,-489,,,,
073722,0,0,0,-10,,,,
073724,0,0,0,-194,,,,
073725,0,0,0,-20,,,,
073726,0,0,0,-2,,,,
073727,0,0,0,203,,,,
073729,0,0,0,-66,,,,
073731,0,0,0,1,,,,
073732,0,0,0,-10,,,,
073733,0,0,0,133,,,,
073736,0,0,0,43,,,,
073740,0,0,0,-3,,,,
073741,0,0,0,-731,,,,
073744,0,0,0,-50,,,,
073745,0,0,0,70,,,,
073748,0,0,0,-80,,,,
073749,0,0,0,-89,,,,
073753,0,0,0,-21,,,,
073754,0,0,0,-30,,,,
073762,0,0,0,214,,,,
073763,0,0,0,33,,,,
073764,0,0,0,50,,,,
073766,0,0,0,-20,,,,
073767,0,0,0,16,,,,
073768,0,0,0,-371,,,,
073769,0,0,0,32,,,,
073771,0,0,0,-4,,,,
073780,0,0,0,350,,,,
073781,0,0,0,209,,,,
073783,0,0,0,13,,,,
073784,0,0,0,60,,,,
073788,0,0,0,-32,,,,
073789,0,0,0,13,,,,
073793,0,0,0,3,,,,
073794,0,0,0,-32,,,,
073799,0,0,0,-51,,,,
073800,0,0,0,144,,,,
073801,0,0,0,31,,,,
073802,0,0,0,-90,,,,
073803,0,0,0,398,,,,
073804,0,0,0,-30,,,,
073805,0,0,0,-104,,,,
073812,0,0,0,50,,,,
073814,0,0,0,3,,,,
073824,0,0,0,9,,,,
073826,0,0,0,-905,,,,
073828,0,0,0,-10,,,,
073831,0,0,0,-125,,,,
073832,0,0,0,380,,,,
073836,0,0,0,-7,,,,
073837,0,0,0,205,,,,
073838,0,0,0,14,,,,
073839,0,0,0,31,,,,
073840,0,0,0,-1,,,,
073841,0,0,0,-23,,,,
073843,0,0,0,-96,,,,
073845,0,0,0,-367,,,,
073846,0,0,0,-4,,,,
073847,0,0,0,8,,,,
073848,0,0,0,49,,,,
073849,0,0,0,-383,,,,
073850,0,0,0,-9,,,,
073851,0,0,0,-16,,,,
073853,0,0,0,340,,,,
073854,0,0,0,-201,,,,
073855,0,0,0,-300,,,,
073858,0,0,0,-154,,,,
073859,0,0,0,1,,,,
073863,0,0,0,54,,,,
073864,0,0,0,-7,,,,
073866,0,0,0,-27,,,,
073867,0,0,0,7,,,,
073870,0,0,0,-97,,,,
073871,0,0,0,261,,,,
073872,0,0,0,57,,,,
073873,0,0,0,77,,,,
073874,0,0,0,1,,,,
073875,0,0,0,62,,,,
073877,0,0,0,-10,,,,
073878,0,0,0,-32,,,,
073880,0,0,0,-125,,,,
073881,0,0,0,47,,,,
073883,0,0,0,158,,,,
073884,0,0,0,-5,,,,
073885,0,0,0,70,,,,
073886,0,0,0,0,,,,
073889,0,0,0,6,,,,
073890,0,0,0,-1,,,,
073893,0,0,0,-108,,,,
073894,0,0,0,400,,,,
073895,0,0,0,203,,,,
073897,0,0,0,-229,,,,
073900,0,0,0,68,,,,
073901,0,0,0,-33,,,,
073904,0,0,0,183,,,,
073911,0,0,0,35,,,,
073912,0,0,0,-370,,,,
073913,0,0,0,-168,,,,
073914,0,0,0,440,,,,
073915,0,0,0,41,,,,
073916,0,0,0,-402,,,,
073917,0,0,0,1,,,,
073918,0,0,0,20,,,,
073919,0,0,0,-52,,,,
073921,0,0,0,-36,,,,
073922,0,0,0,-50,,,,
073923,0,0,0,-113,,,,
073924,0,0,0,119,,,,
073927,0,0,0,-37,,,,
073928,0,0,0,225,,,,
073929,0,0,0,72,,,,
073930,0,0,0,130,,,,
073933,0,0,0,-1,,,,
073934,0,0,0,-580,,,,
073936,0,0,0,-60,,,,
073937,0,0,0,65,,,,
073938,0,0,0,29,,,,
073940,0,0,0,10,,,,
073943,0,0,0,27,,,,
073944,0,0,0,212,,,,
073945,0,0,0,-188,,,,
073946,0,0,0,15,,,,
073948,0,0,0,196,,,,
073949,0,0,0,-73,,,,
073950,0,0,0,10,,,,
073951,0,0,0,-3,,,,
073953,0,0,0,-105,,,,
073957,0,0,0,-252,,,,
073958,0,0,0,22,,,,
073962,0,0,0,6,,,,
073963,0,0,0,93,,,,
073965,0,0,0,13,,,,
073966,0,0,0,50,,,,
073968,0,0,0,30,,,,
073970,0,0,0,-2,,,,
073973,0,0,0,-10,,,,
073975,0,0,0,-280,,,,
073976,0,0,0,2,,,,
073977,0,0,0,380,,,,
073978,0,0,0,-60,,,,
073979,0,0,0,-4,,,,
073981,0,0,0,-48,,,,
073982,0,0,0,55,,,,
073984,0,0,0,-1,,,,
073985,0,0,0,-509,,,,
073986,0,0,0,-499,,,,
073988,0,0,0,-4,,,,
073989,0,0,0,-192,,,,
073990,0,0,0,-141,,,,
073993,0,0,0,93,,,,
073994,0,0,0,20,,,,
073997,0,0,0,-12,,,,
073998,0,0,0,100,,,,
074005,0,0,0,-50,,,,
074011,0,0,0,2,,,,
074014,0,0,0,107,,,,
074019,0,0,0,100,,,,
074021,0,0,0,-31,,,,
074025,0,0,0,-289,,,,
074027,0,0,0,-141,,,,
074028,0,0,0,-116,,,,
074030,0,0,0,355,,,,
074032,0,0,0,2,,,,
074034,0,0,0,-74,,,,
074037,0,0,0,21,,,,
074038,0,0,0,165,,,,
074044,0,0,0,-15,,,,
074046,0,0,0,-73,,,,
074049,0,0,0,-109,,,,
074052,0,0,0,55,,,,
074054,0,0,0,-506,,,,
074059,0,0,0,0,,,,
074060,0,0,0,60,,,,
074062,0,0,0,50,,,,
074068,0,0,0,50,,,,
074069,0,0,0,-10,,,,
074070,0,0,0,-8,,,,
074074,0,0,0,-12,,,,
074078,0,0,0,3,,,,
074079,0,0,0,-10,,,,
074080,0,0,0,-5,,,,
074081,0,0,0,20,,,,
074082,0,0,0,-20,,,,
074084,0,0,0,99,,,,
074085,0,0,0,-7,,,,
074086,0,0,0,-5,,,,
074088,0,0,0,-38,,,,
074092,0,0,0,-14,,,,
074093,0,0,0,-80,,,,
074095,0,0,0,34,,,,
074096,0,0,0,78,,,,
074097,0,0,0,-543,,,,
074099,0,0,0,492,,,,
074100,0,0,0,-10,,,,
074105,0,0,0,-9,,,,
074107,0,0,0,-188,,,,
074108,0,0,0,-236,,,,
074111,0,0,0,-60,,,,
074112,0,0,0,-14,,,,
074123,0,0,0,10,,,,
074125,0,0,0,10,,,,
074130,0,0,0,0,,,,
074131,0,0,0,-2,,,,
074137,0,0,0,165,,,,
074138,0,0,0,-409,,,,
074141,0,0,0,-26,,,,
074144,0,0,0,109,,,,
074148,70,0,0,-5989,,,,
074154,0,0,0,-942,,,,
074155,0,0,0,420,,,,
074157,0,0,0,49,,,,
074158,0,0,0,0,,,,
074159,0,0,0,-200,,,,
074165,0,0,0,4,,,,
074166,0,0,0,20,,,,
074169,0,0,0,-5,,,,
074170,0,0,0,100,,,,
074178,0,0,0,7,,,,
074179,0,0,0,153,,,,
074180,0,0,0,296,,,,
074183,0,0,0,4,,,,
074184,0,0,0,141,,,,
074185,0,0,0,20,,,,
074186,0,0,0,183,,,,
074187,0,0,0,-114,,,,
074188,0,0,0,355,,,,
074193,0,0,0,-123,,,,
074194,0,0,0,21,,,,
074195,0,0,0,0,,,,
074196,0,0,0,-752,,,,
074197,0,0,0,-181,,,,
074198,0,0,0,-3,,,,
074199,0,0,0,-1,,,,
074200,0,0,0,185,,,,
074201,0,0,0,-1,,,,
074202,-6,0,0,25,,,,
074203,0,0,0,-456,,,,
074207,0,0,0,40,,,,
074210,0,0,0,-50,,,,
074211,0,0,0,-16,,,,
074212,0,0,0,-108,,,,
074213,0,0,0,190,,,,
074215,0,0,0,-90,,,,
074216,0,0,0,166,,,,
074217,0,0,0,1,,,,
074218,0,0,0,-1,,,,
074220,0,0,0,-16,,,,
074221,0,0,0,-15,,,,
074223,0,0,0,5,,,,
074224,0,0,0,1,,,,
074225,-10,0,0,30,,,,
074227,0,0,0,50,,,,
074228,0,0,0,1,,,,
074230,0,0,0,-1473,,,,
074231,0,0,0,331,,,,
074234,0,0,0,30,,,,
074235,0,0,0,103,,,,
074240,0,0,0,-498,,,,
074242,0,0,0,-10,,,,
074245,0,0,0,30,,,,
074246,0,0,0,3,,,,
074247,0,0,0,35,,,,
074252,0,0,0,99,,,,
074253,0,0,0,9,,,,
074254,0,0,0,-89,,,,
074255,0,0,0,-10,,,,
074256,0,0,0,-8,,,,
074257,0,0,0,-8,,,,
074259,0,0,0,24,,,,
074260,0,0,0,-70,,,,
074261,0,0,0,-3,,,,
074262,0,0,0,95,,,,
074263,0,0,0,56,,,,
074264,0,0,0,333,,,,
074265,0,0,0,1,,,,
074266,0,0,0,76,,,,
074268,0,0,0,4,,,,
074270,0,0,0,40,,,,
074271,0,0,0,2,,,,
074272,0,0,0,102,,,,
074273,0,0,0,50,,,,
074274,0,0,0,-103,,,,
074276,0,0,0,-10,,,,
074277,0,0,0,-5,,,,
074280,0,0,0,-85,,,,
074281,0,0,0,5,,,,
074282,0,0,0,225,,,,
074283,0,0,0,149,,,,
074291,0,0,0,237,,,,
074294,0,0,0,21,,,,
074295,0,0,0,210,,,,
074296,0,0,0,7,,,,
074298,0,0,0,80,,,,
074301,0,0,0,30,,,,
074303,0,0,0,2,,,,
074304,0,0,0,-213,,,,
074305,0,0,0,-246,,,,
074306,0,0,0,-5,,,,
074307,0,0,0,473,,,,
074308,0,0,0,9,,,,
074309,0,0,0,1,,,,
074310,0,0,0,8,,,,
074312,0,0,0,-4,,,,
074316,0,0,0,343,,,,
074318,0,0,0,-15,,,,
074319,0,0,0,-262,,,,
074320,0,0,0,-12,,,,
074322,0,0,0,-1,,,,
074324,0,0,0,10,,,,
074327,0,0,0,-20,,,,
074329,0,0,0,-310,,,,
074330,0,0,0,-490,,,,
074333,0,0,0,-10,,,,
074334,0,0,0,0,,,,
074335,0,0,0,337,,,,
074336,0,0,0,50,,,,
074337,0,0,0,-149,,,,
074338,0,0,0,46,,,,
074339,0,0,0,-361,,,,
074341,0,0,0,-20,,,,
074345,0,0,0,5,,,,
074349,0,0,0,-64,,,,
074350,0,0,0,-30,,,,
074352,0,0,0,-179,,,,
074354,0,0,0,-4,,,,
074355,0,0,0,82,,,,
074358,0,0,0,31,,,,
074366,0,0,0,13,,,,
074367,0,0,0,-15,,,,
074368,0,0,0,-311,,,,
074371,0,0,0,-10,,,,
074372,0,0,0,-5,,,,
074373,0,0,0,-3,,,,
074377,0,0,0,-30,,,,
074378,0,0,0,-1,,,,
074385,0,0,0,6,,,,
074390,0,0,0,15,,,,
074392,0,0,0,-3,,,,
074399,0,0,0,-40,,,,
074400,0,0,0,-2,,,,
074402,0,0,0,-3,,,,
074404,0,0,0,9,,,,
074405,0,0,0,-62,,,,
074406,0,0,0,50,,,,
074408,0,0,0,-109,,,,
074409,0,0,0,110,,,,
074411,0,0,0,99,,,,
074413,0,0,0,149,,,,
074414,0,0,0,480,,,,
074415,0,0,0,-67,,,,
074416,0,0,0,151,,,,
074417,0,0,0,97,,,,
074418,0,0,0,-233,,,,
074419,0,0,0,191,,,,
074420,0,0,0,263,,,,
074424,0,0,0,15,,,,
074426,0,0,0,-705,,,,
074429,0,0,0,54,,,,
074438,0,0,0,1000,,,,
074440,0,0,0,-5,,,,
074441,0,0,0,18,,,,
074443,0,0,0,-23,,,,
074444,0,0,0,-23,,,,
074446,0,0,0,-3,,,,
074448,0,0,0,-290,,,,
074451,0,0,0,-51,,,,
074455,0,0,0,99,,,,
074457,0,0,0,44,,,,
074458,0,0,0,-37,,,,
074459,0,0,0,54,,,,
074460,0,0,0,-100,,,,
074462,0,0,0,-30,,,,
074465,0,0,0,-5,,,,
074466,0,0,0,5,,,,
074467,0,0,0,-30,,,,
074468,0,0,0,31,,,,
074469,0,0,0,-28,,,,
074473,0,0,0,47,,,,
074474,0,0,0,258,,,,
074481,30,0,0,-680,,,,
074482,0,0,0,-168,,,,
074487,0,0,0,-358,,,,
074489,0,0,0,8,,,,
074491,0,0,0,-101,,,,
074492,0,0,0,-174,,,,
074493,0,0,0,13,,,,
074494,0,0,0,-192,,,,
074495,0,0,0,30,,,,
074496,0,0,0,30,,,,
074497,0,0,0,73,,,,
074500,0,0,0,30,,,,
074502,0,0,0,-3,,,,
074503,0,0,0,-6,,,,
074504,0,0,0,-93,,,,
074505,0,0,0,-361,,,,
074508,0,0,0,-167,,,,
074509,0,0,0,65,,,,
074510,0,0,0,42,,,,
074512,0,0,0,-197,,,,
074515,0,0,0,-101,,,,
074520,0,0,0,33,,,,
074521,0,0,0,-11,,,,
074526,0,0,0,60,,,,
074527,0,0,0,-192,,,,
074528,0,0,0,-157,,,,
074529,0,0,0,10,,,,
074533,0,0,0,210,,,,
074534,0,0,0,748,,,,
074535,0,0,0,90,,,,
074536,0,0,0,60,,,,
074537,0,0,0,30,,,,
074538,0,0,0,-125,,,,
074539,0,0,0,0,,,,
074541,0,0,0,161,,,,
074542,0,0,0,27,,,,
074543,0,0,0,10,,,,
074545,0,0,0,-30,,,,
074547,0,0,0,-100,,,,
074549,0,0,0,10,,,,
074551,0,0,0,-200,,,,
074552,0,0,0,-2,,,,
074554,0,0,0,-1,,,,
074556,0,0,0,-209,,,,
074557,0,0,0,6,,,,
074558,0,0,0,-196,,,,
074559,0,0,0,-1574,,,,
074560,0,0,0,-61,,,,
074561,0,0,0,44,,,,
074563,0,0,0,2,,,,
074567,0,0,0,-27,,,,
074568,0,0,0,3,,,,
074569,0,0,0,-3,,,,
074571,0,0,0,-50,,,,
074574,-100,0,0,0,,,,
074577,0,0,0,50,,,,
074583,0,0,0,-17,,,,
074585,0,0,0,37,,,,
074586,0,0,0,108,,,,
074587,0,0,0,21,,,,
074588,0,0,0,79,,,,
074591,0,0,0,4,,,,
074592,0,0,0,10,,,,
074593,0,0,0,221,,,,
074594,0,0,0,789,,,,
074595,0,0,0,-486,,,,
074598,0,0,0,20,,,,
074599,0,0,0,100,,,,
074600,0,0,0,-45,,,,
074604,0,0,0,-64,,,,
074610,0,0,0,-216,,,,
074612,0,0,0,-15,,,,
074614,0,0,0,33,,,,
074615,0,0,0,-35,,,,
074616,0,0,0,5,,,,
074618,0,0,0,7,,,,
074619,0,0,0,31,,,,
074624,0,0,0,-8,,,,
074626,0,0,0,-59,,,,
074628,0,0,0,-3,,,,
074629,0,0,0,0,,,,
074630,0,0,0,29,,,,
074634,0,0,0,663,,,,
074635,0,0,0,-287,,,,
074637,0,0,0,-20,,,,
074638,0,0,0,-5,,,,
074639,0,0,0,52,,,,
074645,0,0,0,3,,,,
074647,0,0,0,2,,,,
074648,0,0,0,25,,,,
074649,0,0,0,6,,,,
074655,0,0,0,51,,,,
074656,0,0,0,5,,,,
074657,0,0,0,-1,,,,
074658,0,0,0,10,,,,
074660,0,0,0,1031,,,,
074661,0,0,0,32,,,,
074663,0,0,0,80,,,,
074665,0,0,0,-98,,,,
074667,0,0,0,-195,,,,
074673,0,0,0,1,,,,
074674,0,0,0,1,,,,
074677,0,0,0,207,,,,
074678,0,0,0,-139,,,,
074679,0,0,0,69,,,,
074680,0,0,0,0,,,,
074681,0,0,0,-88,,,,
074683,0,0,0,-545,,,,
074684,0,0,0,-4,,,,
074685,0,0,0,-491,,,,
074688,0,0,0,406,,,,
074689,0,0,0,36,,,,
074690,0,0,0,-33,,,,
074691,0,0,0,-54,,,,
074694,0,0,0,-61,,,,
074695,0,0,0,33,,,,
074696,0,0,0,-7,,,,
074698,0,0,0,10,,,,
074699,0,0,0,113,,,,
074700,0,0,0,-420,,,,
074701,0,0,0,-2,,,,
074702,0,0,0,340,,,,
074707,0,0,0,23,,,,
074709,0,0,0,252,,,,
074718,0,0,0,-15,,,,
074726,0,0,0,207,,,,
074728,0,0,0,12,,,,
074729,0,0,0,-38,,,,
074730,0,0,0,521,,,,
074731,0,0,0,100,,,,
074732,0,0,0,-111,,,,
074733,0,0,0,-90,,,,
074734,0,0,0,130,,,,
074738,0,0,0,-50,,,,
074741,0,0,0,0,,,,
074743,0,0,0,85,,,,
074744,0,0,0,-82,,,,
074745,0,0,0,-56,,,,
074751,0,0,0,-27,,,,
074759,0,0,0,10,,,,
074760,0,0,0,-5,,,,
074766,0,0,0,1720,,,,
074772,0,0,0,-10,,,,
074777,0,0,0,-7,,,,
074778,0,0,0,151,,,,
074779,0,0,0,10,,,,
074780,0,0,0,-334,,,,
074783,0,0,0,10,,,,
074784,0,0,0,10,,,,
074785,0,0,0,-1011,,,,
074786,0,0,0,912,,,,
074787,0,0,0,-88,,,,
074789,0,0,0,5,,,,
074791,0,0,0,302,,,,
074792,0,0,0,241,,,,
074793,0,0,0,30,,,,
074795,0,0,0,384,,,,
074796,0,0,0,-24,,,,
074797,0,0,0,-88,,,,
074798,0,0,0,125,,,,
074800,0,0,0,50,,,,
074801,0,0,0,234,,,,
074802,0,0,0,278,,,,
074803,0,0,0,11,,,,
074804,0,0,0,-145,,,,
074806,0,0,0,-255,,,,
074808,0,0,0,-62,,,,
074809,0,0,0,472,,,,
074810,0,0,0,7,,,,
074811,0,0,0,-5,,,,
074813,0,0,0,-33,,,,
074814,0,0,0,28,,,,
074815,0,0,0,-260,,,,
074816,0,0,0,49,,,,
074820,0,0,0,63,,,,
074821,0,0,0,143,,,,
074830,0,0,0,9,,,,
074832,0,0,0,-11,,,,
074833,0,0,0,-20,,,,
074834,0,0,0,1,,,,
074837,0,0,0,110,,,,
074839,0,0,0,-20,,,,
074840,0,0,0,-50,,,,
074841,0,0,0,-20,,,,
074842,0,0,0,10,,,,
074843,0,0,0,2,,,,
074847,0,0,0,-108,,,,
074848,0,0,0,80,,,,
074849,0,0,0,-20,,,,
074850,0,0,0,70,,,,
074852,0,0,0,5,,,,
074853,0,0,0,-13,,,,
074855,0,0,0,-250,,,,
074856,0,0,0,-283,,,,
074857,0,0,0,17,,,,
074859,0,0,0,114,,,,
074860,0,0,0,-3,,,,
074867,0,0,0,2,,,,
074871,0,0,0,50,,,,
074876,0,0,0,11,,,,
074877,0,0,0,3,,,,
074878,0,0,0,-40,,,,
074881,0,0,0,133,,,,
074883,0,0,0,4,,,,
074884,0,0,0,781,,,,
074886,0,0,0,38,,,,
074888,0,0,0,-60,,,,
074891,0,0,0,-10,,,,
074892,0,0,0,124,,,,
074894,0,0,0,31,,,,
074898,0,0,0,-32,,,,
074900,0,0,0,29,,,,
074901,0,0,0,-23,,,,
074903,0,0,0,-9,,,,
074906,0,0,0,-147,,,,
074908,0,0,0,48,,,,
074909,0,0,0,-165,,,,
074913,0,0,0,245,,,,
074915,0,0,0,50,,,,
074916,0,0,0,-7,,,,
074917,0,0,0,-499,,,,
074918,0,0,0,60,,,,
074919,0,0,0,-7,,,,
074920,0,0,0,-88,,,,
074921,0,0,0,-22,,,,
074922,0,0,0,181,,,,
074924,0,0,0,-20,,,,
074928,0,0,0,-300,,,,
074930,0,0,0,-1,,,,
074931,0,0,0,-15,,,,
074932,0,0,0,-1,,,,
074933,0,0,0,-46,,,,
074937,0,0,0,25,,,,
074940,0,0,0,109,,,,
074944,0,0,0,-6,,,,
074946,0,0,0,8,,,,
074947,0,0,0,-34,,,,
074948,0,0,0,124,,,,
074950,0,0,0,-32,,,,
074951,0,0,0,-7,,,,
074954,0,0,0,-23,,,,
074960,0,0,0,122,,,,
074964,0,0,0,-1,,,,
074965,0,0,0,1,,,,
074967,0,0,0,-134,,,,
074971,0,0,0,-378,,,,
074972,0,0,0,-100,,,,
074974,0,0,0,20,,,,
074975,0,0,0,-142,,,,
074976,0,0,0,-16,,,,
074977,0,0,0,-10,,,,
074978,0,0,0,-50,,,,
074979,0,0,0,-10,,,,
074983,0,0,0,-5,,,,
074984,0,0,0,145,,,,
074985,0,0,0,5,,,,
074988,0,0,0,201,,,,
074993,0,0,0,-198,,,,
074994,0,0,0,10,,,,
074995,0,0,0,311,,,,
074996,0,0,0,10,,,,
074997,0,0,0,-1794,,,,
074998,0,0,0,-128,,,,
074999,0,0,0,-126,,,,
075002,0,0,0,500,,,,
075003,0,0,0,142,,,,
075004,0,0,0,162,,,,
075005,0,0,0,247,,,,
075008,0,0,0,-14,,,,
075009,0,0,0,-3,,,,
075011,0,0,0,263,,,,
075012,0,0,0,-27,,,,
075014,0,0,0,173,,,,
075015,0,0,0,-32,,,,
075016,0,0,0,-312,,,,
075018,0,0,0,-9,,,,
075021,0,0,0,65,,,,
075023,0,0,0,1325,,,,
075026,0,0,0,262,,,,
075027,0,0,0,35,,,,
075028,0,0,0,-5,,,,
075029,0,0,0,-15,,,,
075030,0,0,0,20,,,,
075031,0,0,0,-52,,,,
075032,0,0,0,-40,,,,
075034,0,0,0,12,,,,
075036,0,0,0,-6,,,,
075037,0,0,0,-6,,,,
075039,0,0,0,6,,,,
075041,0,0,0,-5,,,,
075042,0,0,0,8,,,,
075048,0,0,0,-25,,,,
075049,0,0,0,40,,,,
075050,0,0,0,70,,,,
075053,0,0,0,12,,,,
075054,0,0,0,-56,,,,
075055,0,0,0,-66,,,,
075056,0,0,0,56,,,,
075057,0,0,0,-575,,,,
075058,0,0,0,-162,,,,
075059,0,0,0,-98,,,,
075068,0,0,0,2,,,,
075069,0,0,0,-9,,,,
075070,0,0,0,51,,,,
075071,0,0,0,-150,,,,
075072,0,0,0,-51,,,,
075073,0,0,0,-20,,,,
075075,0,0,0,3,,,,
075077,0,0,0,519,,,,
075080,0,0,0,0,,,,
075082,0,0,0,0,,,,
075083,0,0,0,-133,,,,
075085,0,0,0,0,,,,
075087,0,0,0,0,,,,
075089,0,0,0,-8,,,,
075090,0,0,0,35,,,,
075092,0,0,0,5,,,,
075094,0,0,0,-363,,,,
075095,0,0,0,8,,,,
075096,0,0,0,887,,,,
075099,0,0,0,-1,,,,
075100,0,0,0,-2,,,,
075102,0,0,0,-69,,,,
075103,0,0,0,3,,,,
075104,0,0,0,10,,,,
075109,0,0,0,1,,,,
075110,0,0,0,73,,,,
075112,0,0,0,-6,,,,
075114,0,0,0,42,,,,
075115,0,0,0,-65,,,,
075116,0,0,0,21,,,,
075118,0,0,0,-7,,,,
075120,0,0,0,-41,,,,
075127,0,0,0,25,,,,
075128,0,0,0,-5,,,,
075131,0,0,0,-3,,,,
075132,0,0,0,-98,,,,
075133,0,0,0,4,,,,
075135,0,0,0,-10,,,,
075136,0,0,0,-34,,,,
075137,0,0,0,-9,,,,
075139,0,0,0,-53,,,,
075141,0,0,0,7,,,,
075144,0,0,0,-100,,,,
075146,0,0,0,-19,,,,
075147,0,0,0,-84,,,,
075148,0,0,0,-2,,,,
075150,0,0,0,20,,,,
075151,0,0,0,-42,,,,
075154,0,0,0,26,,,,
075162,0,0,0,-2,,,,
075166,0,0,0,10,,,,
075167,0,0,0,26,,,,
075173,0,0,0,710,,,,
075174,0,0,0,-315,,,,
075176,0,0,0,20,,,,
075178,0,0,0,-13,,,,
075180,0,0,0,25,,,,
075181,0,0,0,58,,,,
075183,0,0,0,-11,,,,
075184,0,0,0,87,,,,
075185,0,0,0,33,,,,
075186,0,0,0,-140,,,,
075191,0,0,0,-110,,,,
075192,0,0,0,43,,,,
075198,0,0,0,-267,,,,
075200,0,0,0,-64,,,,
075202,0,0,0,-150,,,,
075203,0,0,0,132,,,,
075205,0,0,0,-2,,,,
075206,0,0,0,-30,,,,
075207,0,0,0,10,,,,
075208,0,0,0,128,,,,
075209,0,0,0,-104,,,,
075210,0,0,0,20,,,,
075211,0,0,0,114,,,,
075214,0,0,0,-94,,,,
075221,0,0,0,533,,,,
075222,0,0,0,212,,,,
075226,0,0,0,-32,,,,
075227,0,0,0,-27,,,,
075229,0,0,0,-7,,,,
075230,0,0,0,-77,,,,
075232,0,0,0,-214,,,,
075233,0,0,0,391,,,,
075239,0,0,0,15,,,,
075240,0,0,0,-3,,,,
075242,0,0,0,-5,,,,
075243,0,0,0,-133,,,,
075244,0,0,0,-1,,,,
075245,0,0,0,222,,,,
075246,0,0,0,-14,,,,
075248,0,0,0,70,,,,
075249,0,0,0,-20,,,,
075253,0,0,0,129,,,,
075254,0,0,0,392,,,,
075255,0,0,0,101,,,,
075260,0,0,0,325,,,,
075261,0,0,0,2,,,,
075263,0,0,0,-2,,,,
075265,0,0,0,55,,,,
075266,0,0,0,15,,,,
075269,0,0,0,-15,,,,
075270,0,0,0,939,,,,
075271,0,0,0,97,,,,
075272,0,0,0,18,,,,
075273,0,0,0,-33,,,,
075274,0,0,0,-80,,,,
075275,0,0,0,10,,,,
075276,0,0,0,301,,,,
075277,0,0,0,-198,,,,
075278,0,0,0,300,,,,
075279,0,0,0,7,,,,
075281,0,0,0,-250,,,,
075282,0,0,0,1,,,,
075283,0,0,0,4,,,,
075285,0,0,0,-109,,,,
075286,0,0,0,-421,,,,
075289,0,0,0,-100,,,,
075290,0,0,0,167,,,,
075292,0,0,0,22,,,,
075293,0,0,0,-34,,,,
075294,0,0,0,1,,,,
075295,0,0,0,10,,,,
075296,0,0,0,-22,,,,
075297,0,0,0,-208,,,,
075298,0,0,0,7,,,,
075301,0,0,0,116,,,,
075302,0,0,0,232,,,,
075304,0,0,0,-131,,,,
075305,0,0,0,-236,,,,
075306,0,0,0,-119,,,,
075307,0,0,0,17,,,,
075309,0,0,0,63,,,,
075312,0,0,0,-38,,,,
075314,0,0,0,-14,,,,
075315,0,0,0,31,,,,
075318,0,0,0,-15,,,,
075319,0,0,0,99,,,,
075322,0,0,0,200,,,,
075323,0,0,0,-235,,,,
075324,0,0,0,-2,,,,
075325,0,0,0,-122,,,,
075326,0,0,0,312,,,,
075327,0,0,0,16,,,,
075331,0,0,0,-39,,,,
075332,0,0,0,1,,,,
075333,0,0,0,45,,,,
075335,0,0,0,2,,,,
075337,0,0,0,22,,,,
075338,0,0,0,-114,,,,
075339,0,0,0,90,,,,
075340,0,0,0,-183,,,,
075341,0,0,0,1,,,,
075343,0,0,0,50,,,,
075345,0,0,0,94,,,,
075346,0,0,0,10,,,,
075347,0,0,0,-4,,,,
075348,0,0,0,10,,,,
075349,0,0,0,-95,,,,
075351,0,0,0,23,,,,
075352,0,0,0,-99,,,,
075353,0,0,0,160,,,,
075358,0,0,0,-254,,,,
075359,0,0,0,50,,,,
075360,0,0,0,40,,,,
075364,0,0,0,22,,,,
075366,0,0,0,-10,,,,
075375,0,0,0,-300,,,,
075378,0,0,0,-11,,,,
075379,0,0,0,7,,,,
075380,0,0,0,352,,,,
075382,0,0,0,195,,,,
075383,0,0,0,-92,,,,
075385,0,0,0,56,,,,
075386,0,0,0,-86,,,,
075389,0,0,0,-7,,,,
075390,0,0,0,14,,,,
075392,0,0,0,-30,,,,
075394,0,0,0,21,,,,
075395,0,0,0,302,,,,
075396,0,0,0,-11,,,,
075397,0,0,0,-1,,,,
075398,0,0,0,5,,,,
075401,0,0,0,-118,,,,
075406,0,0,0,-165,,,,
075408,0,0,0,49,,,,
075409,0,0,0,95,,,,
075413,0,0,0,-412,,,,
075414,0,0,0,12,,,,
075417,0,0,0,265,,,,
075424,0,0,0,110,,,,
075425,0,0,0,137,,,,
075426,0,0,0,31,,,,
075429,0,0,0,-110,,,,
075430,0,0,0,-60,,,,
075431,0,0,0,-23,,,,
075432,0,0,0,87,,,,
075433,0,0,0,-43,,,,
075435,0,0,0,30,,,,
075436,0,0,0,-10,,,,
075437,0,0,0,2,,,,
075438,0,0,0,1009,,,,
075439,0,0,0,170,,,,
075443,0,0,0,-5,,,,
075445,0,0,0,553,,,,
075447,0,0,0,9,,,,
075451,0,0,0,71,,,,
075455,0,0,0,-8,,,,
075456,0,0,0,-59,,,,
075457,0,0,0,43,,,,
075461,0,0,0,-21,,,,
075463,0,0,0,-10,,,,
075465,0,0,0,-267,,,,
075466,0,0,0,-25,,,,
075467,0,0,0,125,,,,
075468,0,0,0,-1,,,,
075469,0,0,0,17,,,,
075470,0,0,0,10,,,,
075471,0,0,0,38,,,,
075473,0,0,0,-424,,,,
075474,0,0,0,-88,,,,
075475,0,0,0,1,,,,
075477,0,0,0,5,,,,
075478,0,0,0,-58,,,,
075479,0,0,0,50,,,,
075481,0,0,0,-10,,,,
075484,0,0,0,303,,,,
075485,0,0,0,-31,,,,
075486,0,0,0,-222,,,,
075487,0,0,0,-20,,,,
075489,0,0,0,-48,,,,
075490,0,0,0,-226,,,,
075491,0,0,0,6,,,,
075493,0,0,0,-32,,,,
075495,0,0,0,91,,,,
075496,0,0,0,-62,,,,
075497,0,0,0,107,,,,
075501,0,0,0,-435,,,,
075502,0,0,0,11,,,,
075504,0,0,0,-36,,,,
075506,0,0,0,-54,,,,
075510,0,0,0,-28,,,,
075511,0,0,0,1,,,,
075512,0,0,0,-385,,,,
075513,0,0,0,-81,,,,
075515,0,0,0,130,,,,
075516,0,0,0,-150,,,,
075518,0,0,0,46,,,,
075519,0,0,0,279,,,,
075520,0,0,0,40,,,,
075521,0,0,0,-81,,,,
075522,0,0,0,-650,,,,
075523,0,0,0,-61,,,,
075524,0,0,0,-57,,,,
075525,0,0,0,206,,,,
075526,0,0,0,178,,,,
075527,0,0,0,-318,,,,
075530,0,0,0,-23,,,,
075531,0,0,0,-8,,,,
075537,0,0,0,17,,,,
075538,0,0,0,-107,,,,
075539,0,0,0,79,,,,
075540,0,0,0,250,,,,
075542,0,0,0,102,,,,
075543,0,0,0,15,,,,
075547,0,0,0,81,,,,
075548,0,0,0,79,,,,
075550,0,0,0,-202,,,,
075553,0,0,0,135,,,,
075554,0,0,0,-64,,,,
075555,0,0,0,15,,,,
075558,0,0,0,4,,,,
075561,0,0,0,34,,,,
075562,0,0,0,165,,,,
075563,0,0,0,-19,,,,
075564,0,0,0,50,,,,
075565,0,0,0,45,,,,
075566,0,0,0,19,,,,
075567,0,0,0,-30,,,,
075571,0,0,0,35,,,,
075572,0,0,0,222,,,,
075573,0,0,0,-7,,,,
075574,0,0,0,-36,,,,
075575,0,0,0,227,,,,
075576,0,0,0,-5,,,,
075577,0,0,0,59,,,,
075581,0,0,0,30,,,,
075586,0,0,0,45,,,,
075587,0,0,0,40,,,,
075588,0,0,0,16,,,,
075589,0,0,0,8,,,,
075590,0,0,0,16,,,,
075591,0,0,0,-174,,,,
075593,0,0,0,1,,,,
075594,0,0,0,350,,,,
075596,0,0,0,-21,,,,
075600,0,0,0,6,,,,
075601,0,0,0,12,,,,
075602,0,0,0,40,,,,
075603,0,0,0,100,,,,
075604,0,0,0,141,,,,
075605,0,0,0,78,,,,
075606,0,0,0,-51,,,,
075608,0,0,0,44,,,,
075609,0,0,0,38,,,,
075610,0,0,0,32,,,,
075612,0,0,0,5,,,,
075613,0,0,0,479,,,,
075614,0,0,0,155,,,,
075617,0,0,0,-1,,,,
075618,0,0,0,-74,,,,
075620,0,0,0,881,,,,
075621,0,0,0,10,,,,
075623,0,0,0,5,,,,
075624,0,0,0,29,,,,
075626,0,0,0,-1,,,,
075627,0,0,0,-15,,,,
075629,0,0,0,45,,,,
075630,0,0,0,2,,,,
075631,0,0,0,-118,,,,
075632,0,0,0,53,,,,
075633,0,0,0,-488,,,,
075634,0,0,0,-410,,,,
075635,0,0,0,-100,,,,
075636,0,0,0,-185,,,,
075643,0,0,0,112,,,,
075646,0,0,0,40,,,,
075648,0,0,0,-15,,,,
075649,0,0,0,-45,,,,
075651,0,0,0,165,,,,
075652,0,0,0,-10,,,,
075653,0,0,0,100,,,,
075654,0,0,0,24,,,,
075655,0,0,0,-141,,,,
075656,0,0,0,34,,,,
075658,0,0,0,148,,,,
075659,0,0,0,-499,,,,
075661,0,0,0,29,,,,
075662,0,0,0,-10,,,,
075663,12,0,0,-25,,,,
075664,0,0,0,99,,,,
075665,0,0,0,398,,,,
075666,0,0,0,-46,,,,
075667,0,0,0,-47,,,,
075670,0,0,0,-10,,,,
075672,0,0,0,-20,,,,
075673,0,0,0,-340,,,,
075674,0,0,0,153,,,,
075675,0,0,0,-50,,,,
075676,0,0,0,1,,,,
075677,0,0,0,-100,,,,
075678,0,0,0,34,,,,
075679,0,0,0,-188,,,,
075681,0,0,0,-1271,,,,
075683,0,0,0,-170,,,,
075684,0,0,0,3,,,,
075685,0,0,0,39,,,,
075686,0,0,0,149,,,,
075687,0,0,0,-1,,,,
075688,0,0,0,19,,,,
075690,0,0,0,-1,,,,
075692,0,0,0,227,,,,
075693,0,0,0,1129,,,,
075694,0,0,0,557,,,,
075695,0,0,0,9,,,,
075696,0,0,0,51,,,,
075697,0,0,0,-50,,,,
075698,0,0,0,361,,,,
075699,0,0,0,54,,,,
075700,0,0,0,-3,,,,
075701,0,0,0,11,,,,
075702,0,0,0,70,,,,
075704,0,0,0,-30,,,,
075705,0,0,0,-2,,,,
075709,0,0,0,0,,,,
075710,0,0,0,10,,,,
075712,0,0,0,-24,,,,
075713,0,0,0,-22,,,,
075714,0,0,0,468,,,,
075716,0,0,0,-152,,,,
075717,0,0,0,13,,,,
075718,0,0,0,52,,,,
075722,0,0,0,-22,,,,
075724,0,0,0,-11,,,,
075725,0,0,0,-83,,,,
075728,0,0,0,102,,,,
075729,0,0,0,-30,,,,
075730,0,0,0,496,,,,
075732,0,0,0,-11,,,,
075734,0,0,0,-120,,,,
075735,0,0,0,313,,,,
075736,0,0,0,-24,,,,
075737,0,0,0,-504,,,,
075739,0,0,0,10,,,,
075740,0,0,0,100,,,,
075741,0,0,0,347,,,,
075742,0,0,0,20,,,,
075745,0,0,0,3,,,,
075746,0,0,0,60,,,,
075747,0,0,0,-32,,,,
075749,0,0,0,11,,,,
075750,0,0,0,-135,,,,
075751,0,0,0,50,,,,
075753,0,0,0,100,,,,
075754,0,0,0,345,,,,
075755,0,0,0,-250,,,,
075756,0,0,0,1,,,,
075757,0,0,0,-112,,,,
075758,0,0,0,-382,,,,
075759,0,0,0,80,,,,
075761,0,0,0,231,,,,
075762,0,0,0,-20,,,,
075763,0,0,0,-227,,,,
075765,0,0,0,-12,,,,
075766,0,0,0,-138,,,,
075767,0,0,0,14,,,,
075771,0,0,0,39,,,,
075774,0,0,0,14,,,,
075777,0,0,0,8,,,,
075781,0,0,0,18,,,,
075786,0,0,0,9,,,,
075787,0,0,0,3496,,,,
075789,0,0,0,-11,,,,
075791,0,0,0,-260,,,,
075792,0,0,0,-273,,,,
075793,0,0,0,78,,,,
075795,0,0,0,-8,,,,
075797,0,0,0,-1,,,,
075798,0,0,0,-18,,,,
075799,0,0,0,-345,,,,
075800,0,0,0,60,,,,
075801,0,0,0,-403,,,,
075802,0,0,0,-10,,,,
075803,0,0,0,10,,,,
075804,0,0,0,-28,,,,
075805,0,0,0,-98,,,,
075806,0,0,0,5,,,,
075807,0,0,0,54,,,,
075808,0,0,0,46,,,,
075810,0,0,0,-71,,,,
075811,0,0,0,257,,,,
075812,0,0,0,65,,,,
075813,0,0,0,-30,,,,
075814,0,0,0,-234,,,,
075815,0,0,0,250,,,,
075816,0,0,0,-50,,,,
075817,0,0,0,-10,,,,
075819,0,0,0,194,,,,
075820,0,0,0,-142,,,,
075821,0,0,0,-87,,,,
075824,0,0,0,54,,,,
075825,0,0,0,-2,,,,
075826,0,0,0,282,,,,
075827,0,0,0,-32,,,,
075829,0,0,0,-7,,,,
075831,0,0,0,-44,,,,
075832,0,0,0,34,,,,
075833,0,0,0,435,,,,
075834,0,0,0,25,,,,
075835,0,0,0,-7,,,,
075836,0,0,0,177,,,,
075838,0,0,0,190,,,,
075839,0,0,0,458,,,,
075840,0,0,0,42,,,,
075841,0,0,0,-149,,,,
075842,0,0,0,-260,,,,
075843,0,0,0,-44,,,,
075844,0,0,0,150,,,,
075845,0,0,0,-28,,,,
075846,0,0,0,-199,,,,
075848,0,0,0,-8,,,,
075849,0,0,0,-4,,,,
075851,0,0,0,449,,,,
075853,0,0,0,12,,,,
075855,0,0,0,7,,,,
075856,0,0,0,-13,,,,
075858,0,0,0,-32,,,,
075859,0,0,0,-437,,,,
075862,0,0,0,0,,,,
075864,0,0,0,1,,,,
075865,0,0,0,3,,,,
075866,0,0,0,-110,,,,
075867,0,0,0,1,,,,
075869,0,0,0,-21,,,,
075870,0,0,0,115,,,,
075872,0,0,0,11,,,,
075874,0,0,0,3,,,,
075875,0,0,0,251,,,,
075877,0,0,0,159,,,,
075878,0,0,0,10,,,,
075881,0,0,0,155,,,,
075882,0,0,0,-62,,,,
075883,0,0,0,30,,,,
075884,0,0,0,79,,,,
075886,0,0,0,2,,,,
075887,0,0,0,30,,,,
075888,0,0,0,455,,,,
075889,0,0,0,69,,,,
075890,0,0,0,10,,,,
075892,0,0,0,-80,,,,
075897,0,0,0,-10,,,,
075899,0,0,0,2,,,,
075901,0,0,0,30,,,,
075902,0,0,0,-344,,,,
075904,0,0,0,303,,,,
075906,0,0,0,10,,,,
075908,0,0,0,-547,,,,
075910,0,0,0,-106,,,,
075911,0,0,0,56,,,,
075913,0,0,0,404,,,,
075914,0,0,0,-345,,,,
075915,0,0,0,10,,,,
075916,0,0,0,-286,,,,
075918,0,0,0,-30,,,,
075919,0,0,0,-38,,,,
075920,0,0,0,5,,,,
075921,0,0,0,50,,,,
075923,0,0,0,-10,,,,
075925,0,0,0,87,,,,
075927,0,0,0,-20,,,,
075928,0,0,0,44,,,,
075929,0,0,0,-35,,,,
075932,0,0,0,169,,,,
075933,0,0,0,-113,,,,
075934,0,0,0,-325,,,,
075936,0,0,0,-65,,,,
075937,0,0,0,-1,,,,
075940,0,0,0,-35,,,,
075941,0,0,0,-100,,,,
075942,0,0,0,-67,,,,
075944,0,0,0,296,,,,
075945,0,0,0,-519,,,,
075946,0,0,0,-9,,,,
075948,0,0,0,-45,,,,
075949,0,0,0,70,,,,
075953,0,0,0,-5,,,,
075954,0,0,0,38,,,,
075956,0,0,0,41,,,,
075957,0,0,0,-30,,,,
075958,0,0,0,64,,,,
075959,0,0,0,-130,,,,
075960,0,0,0,-136,,,,
075961,0,0,0,30,,,,
075962,0,0,0,203,,,,
075963,0,0,0,-1,,,,
075965,0,0,0,-35,,,,
075966,0,0,0,43,,,,
075967,0,0,0,188,,,,
075971,0,0,0,-76,,,,
075976,0,0,0,-41,,,,
075978,0,0,0,-14,,,,
075979,0,0,0,-1,,,,
075982,0,0,0,47,,,,
075983,0,0,0,-2,,,,
075985,0,0,0,-40,,,,
075989,0,0,0,-24,,,,
075991,0,0,0,1,,,,
075992,0,0,0,-10,,,,
075995,0,0,0,87,,,,
075996,0,0,0,100,,,,
075997,0,0,0,43,,,,
075999,0,0,0,-60,,,,
076000,0,0,0,98,,,,
076003,0,0,0,-86,,,,
076004,0,0,0,36,,,,
076006,0,0,0,-25,,,,
076009,0,0,0,-53,,,,
076011,0,0,0,-175,,,,
076014,0,0,0,-10,,,,
076018,0,0,0,-891,,,,
076020,0,0,0,16,,,,
076022,0,0,0,39,,,,
076024,0,0,0,2,,,,
076025,0,0,0,10,,,,
076026,0,0,0,129,,,,
076027,0,0,0,-24,,,,
076028,0,0,0,166,,,,
076029,0,0,0,58,,,,
076032,0,0,0,225,,,,
076033,0,0,0,132,,,,
076034,0,0,0,-32,,,,
076037,0,0,0,-82,,,,
076039,0,0,0,10,,,,
076041,0,0,0,136,,,,
076042,0,0,0,303,,,,
076043,0,0,0,157,,,,
076045,0,0,0,224,,,,
076046,0,0,0,40,,,,
076047,0,0,0,-100,,,,
076048,0,0,0,77,,,,
076049,0,0,0,144,,,,
076050,0,0,0,16,,,,
076051,0,0,0,62,,,,
076053,0,0,0,5,,,,
076054,0,0,0,91,,,,
076056,0,0,0,696,,,,
076059,0,0,0,157,,,,
076060,0,0,0,20,,,,
076064,0,0,0,-30,,,,
076065,0,0,0,44,,,,
076067,0,0,0,-2006,,,,
076070,0,0,0,-100,,,,
076072,0,0,0,10,,,,
076075,0,0,0,-2,,,,
076076,0,0,0,-48,,,,
076077,0,0,0,-44,,,,
076078,0,0,0,12,,,,
076079,0,0,0,44,,,,
076080,0,0,0,0,,,,
076081,0,0,0,247,,,,
076083,0,0,0,740,,,,
076084,0,0,0,0,,,,
076086,0,0,0,38,,,,
076087,0,0,0,30,,,,
076088,0,0,0,-325,,,,
076089,0,0,0,-215,,,,
076090,0,0,0,-1,,,,
076093,0,0,0,-23,,,,
076096,0,0,0,5,,,,
076097,0,0,0,60,,,,
076098,0,0,0,-13,,,,
076099,0,0,0,5,,,,
076101,0,0,0,-6,,,,
076105,0,0,0,35,,,,
076106,0,0,0,33,,,,
076107,0,0,0,155,,,,
076109,0,0,0,-599,,,,
076110,0,0,0,-71,,,,
076112,0,0,0,15,,,,
076113,0,0,0,90,,,,
076114,0,0,0,-3,,,,
076115,0,0,0,-21,,,,
076116,0,0,0,10,,,,
076121,0,0,0,-13,,,,
076124,0,0,0,63,,,,
076126,0,0,0,-115,,,,
076134,0,0,0,69,,,,
076135,0,0,0,-285,,,,
076136,0,0,0,76,,,,
076138,0,0,0,-67,,,,
076140,0,0,0,19,,,,
076143,0,0,0,2,,,,
076144,0,0,0,203,,,,
076145,0,0,0,-10,,,,
076147,0,0,0,448,,,,
076148,0,0,0,84,,,,
076149,0,0,0,365,,,,
076151,0,0,0,22,,,,
076153,0,0,0,-197,,,,
076154,0,0,0,-541,,,,
076155,0,0,0,-158,,,,
076157,0,0,0,-20,,,,
076158,0,0,0,184,,,,
076160,0,0,0,-157,,,,
076163,0,0,0,5,,,,
076164,0,0,0,5,,,,
076165,0,0,0,13,,,,
076171,0,0,0,4,,,,
076173,0,0,0,42,,,,
076174,0,0,0,-3,,,,
076175,0,0,0,-3,,,,
076176,0,0,0,69,,,,
076177,0,0,0,427,,,,
076179,0,0,0,223,,,,
076180,0,0,0,20,,,,
076181,0,0,0,4,,,,
076182,0,0,0,45,,,,
076183,0,0,0,327,,,,
076184,0,0,0,-9,,,,
076185,0,0,0,46,,,,
076186,0,0,0,0,,,,
076187,0,0,0,100,,,,
076188,0,0,0,-81,,,,
076189,0,0,0,10,,,,
076190,0,0,0,-5,,,,
076191,0,0,0,-1570,,,,
076192,0,0,0,187,,,,
076195,0,0,0,-30,,,,
076196,0,0,0,-70,,,,
076197,0,0,0,10,,,,
076198,0,0,0,28,,,,
076199,0,0,0,3,,,,
076200,0,0,0,-459,,,,
076201,0,0,0,9,,,,
076204,0,0,0,-95,,,,
076206,0,0,0,2,,,,
076207,0,0,0,-1,,,,
076208,0,0,0,73,,,,
076209,0,0,0,-60,,,,
076210,0,0,0,-15,,,,
076211,0,0,0,16,,,,
076212,0,0,0,-17,,,,
076213,0,0,0,-20,,,,
076214,0,0,0,-308,,,,
076215,0,0,0,33,,,,
076216,0,0,0,-200,,,,
076217,0,0,0,-44,,,,
076218,0,0,0,-50,,,,
076220,0,0,0,103,,,,
076221,0,0,0,-54,,,,
076223,0,0,0,-88,,,,
076224,0,0,0,93,,,,
076225,0,0,0,-12,,,,
076226,0,0,0,863,,,,
076227,0,0,0,27,,,,
076228,0,0,0,13,,,,
076229,0,0,0,-3,,,,
076230,0,0,0,-25,,,,
076231,0,0,0,-5,,,,
076232,0,0,0,-6,,,,
076235,0,0,0,1,,,,
076236,0,0,0,10,,,,
076237,0,0,0,69,,,,
076238,0,0,0,-49,,,,
076239,0,0,0,83,,,,
076241,0,0,0,127,,,,
076242,0,0,0,-53,,,,
076244,0,0,0,116,,,,
076245,0,0,0,70,,,,
076246,0,0,0,-42,,,,
076248,0,0,0,-150,,,,
076249,0,0,0,-30,,,,
076250,0,0,0,-455,,,,
076258,0,0,0,28,,,,
076260,0,0,0,-110,,,,
076261,0,0,0,16,,,,
076265,0,0,0,16,,,,
076266,0,0,0,-5,,,,
076268,0,0,0,-2,,,,
076269,0,0,0,409,,,,
076270,0,0,0,151,,,,
076273,0,0,0,-54,,,,
076274,0,0,0,-15,,,,
076275,0,0,0,-498,,,,
076276,0,0,0,-1,,,,
076280,0,0,0,-397,,,,
076282,0,0,0,10,,,,
076283,0,0,0,10,,,,
076284,0,0,0,20,,,,
076286,0,0,0,-1226,,,,
076289,0,0,0,-122,,,,
076290,0,0,0,-10,,,,
076292,0,0,0,-136,,,,
076293,0,0,0,-1066,,,,
076298,0,0,0,222,,,,
076303,0,0,0,-4137,,,,
076304,0,0,0,-18,,,,
076305,0,0,0,0,,,,
076308,0,0,0,151,,,,
076309,0,0,0,-15,,,,
076310,0,0,0,-2011,,,,
076311,0,0,0,2081,,,,
076312,0,0,0,13,,,,
076313,0,0,0,-520,,,,
076316,0,0,0,41,,,,
076317,-5,0,0,319,,,,
076318,0,0,0,-28,,,,
076319,0,0,0,-4,,,,
076320,0,0,0,134,,,,
076322,0,0,0,-33,,,,
076323,0,0,0,13,,,,
076324,0,0,0,110,,,,
076325,0,0,0,-168,,,,
076326,0,0,0,43,,,,
076327,0,0,0,-59,,,,
076328,0,0,0,83,,,,
076329,0,0,0,7,,,,
076331,0,0,0,100,,,,
076332,0,0,0,-91,,,,
076334,0,0,0,32,,,,
076335,0,0,0,42,,,,
076336,0,0,0,57,,,,
076337,0,0,0,-193,,,,
076338,0,0,0,-120,,,,
076340,0,0,0,49,,,,
076341,0,0,0,-1014,,,,
076343,0,0,0,-1,,,,
076344,0,0,0,-20,,,,
076347,0,0,0,-128,,,,
076348,0,0,0,-27,,,,
076353,0,0,0,50,,,,
076354,0,0,0,49,,,,
076355,0,0,0,-184,,,,
076356,0,0,0,-23,,,,
076357,0,0,0,23,,,,
076358,0,0,0,3,,,,
076359,0,0,0,301,,,,
076361,0,0,0,97,,,,
076362,0,0,0,20,,,,
076364,0,0,0,-6,,,,
076365,0,0,0,9,,,,
076367,0,0,0,-1,,,,
076368,0,0,0,123,,,,
076370,0,0,0,384,,,,
076371,0,0,0,-291,,,,
076373,0,0,0,-19,,,,
076375,0,0,0,-60,,,,
076379,0,0,0,-10,,,,
076382,0,0,0,2,,,,
076383,5,0,0,-45,,,,
076385,0,0,0,-5,,,,
076387,0,0,0,40,,,,
076388,0,0,0,117,,,,
076390,0,0,0,-110,,,,
076394,0,0,0,-100,,,,
076395,0,0,0,-29,,,,
076400,0,0,0,42,,,,
076402,0,0,0,165,,,,
076403,0,0,0,-6,,,,
076404,0,0,0,209,,,,
076405,0,0,0,-91,,,,
076406,0,0,0,13,,,,
076407,0,0,0,-67,,,,
076408,0,0,0,85,,,,
076409,0,0,0,31,,,,
076411,0,0,0,24,,,,
076413,0,0,0,37,,,,
076414,0,0,0,1,,,,
076415,0,0,0,1,,,,
076417,0,0,0,-114,,,,
076421,0,0,0,10,,,,
076422,0,0,0,4,,,,
076423,0,0,0,153,,,,
076424,0,0,0,803,,,,
076426,0,0,0,84,,,,
076427,0,0,0,38,,,,
076428,0,0,0,-208,,,,
076429,0,0,0,-91,,,,
076430,0,0,0,-277,,,,
076431,0,0,0,-17,,,,
076432,0,0,0,-31,,,,
076433,0,0,0,140,,,,
076434,0,0,0,-25,,,,
076435,0,0,0,-45,,,,
076436,0,0,0,-491,,,,
076437,0,0,0,-135,,,,
076438,0,0,0,12,,,,
076439,0,0,0,30,,,,
076440,0,0,0,16,,,,
076441,0,0,0,30,,,,
076442,0,0,0,8,,,,
076443,0,0,0,15,,,,
076444,0,0,0,37,,,,
076445,0,0,0,156,,,,
076446,0,0,0,-65,,,,
076448,0,0,0,-77,,,,
076450,0,0,0,296,,,,
076451,0,0,0,5,,,,
076452,0,0,0,357,,,,
076453,0,0,0,12,,,,
076454,0,0,0,288,,,,
076455,0,0,0,-282,,,,
076457,0,0,0,-2,,,,
076459,0,0,0,45,,,,
076461,0,0,0,-50,,,,
076463,0,0,0,297,,,,
076465,0,0,0,-27,,,,
076466,0,0,0,-92,,,,
076467,0,0,0,-550,,,,
076471,0,0,0,92,,,,
076474,0,0,0,-88,,,,
076477,0,0,0,5,,,,
076478,0,0,0,3,,,,
076479,0,0,0,66,,,,
076480,0,0,0,-105,,,,
076481,0,0,0,102,,,,
076482,0,0,0,62,,,,
076483,0,0,0,-303,,,,
076484,0,0,0,95,,,,
076485,0,0,0,-46,,,,
076486,0,0,0,190,,,,
076487,0,0,0,-51,,,,
076488,0,0,0,16,,,,
076489,0,0,0,-22,,,,
076490,0,0,0,70,,,,
076491,0,0,0,-78,,,,
076492,0,0,0,50,,,,
076493,0,0,0,60,,,,
076494,0,0,0,61,,,,
076495,0,0,0,-2,,,,
076496,0,0,0,34,,,,
076500,0,0,0,-24,,,,
076501,0,0,0,-27,,,,
076502,0,0,0,-44,,,,
076504,0,0,0,-358,,,,
076505,0,0,0,21,,,,
076506,0,0,0,0,,,,
076507,0,0,0,-121,,,,
076508,0,0,0,-2,,,,
076509,0,0,0,66,,,,
076510,0,0,0,37,,,,
076511,0,0,0,112,,,,
076512,0,0,0,-121,,,,
076514,0,0,0,7,,,,
076516,0,0,0,19,,,,
076517,0,0,0,-21,,,,
076518,0,0,0,29,,,,
076519,0,0,0,-11,,,,
076520,0,0,0,-6,,,,
076524,0,0,0,8,,,,
076526,0,0,0,239,,,,
076527,0,0,0,3,,,,
076528,0,0,0,-25,,,,
076530,0,0,0,10,,,,
076531,0,0,0,11,,,,
076532,0,0,0,376,,,,
076533,0,0,0,179,,,,
076534,0,0,0,-11,,,,
076536,0,0,0,100,,,,
076537,0,0,0,54,,,,
076538,0,0,0,-154,,,,
076539,0,0,0,9,,,,
076540,0,0,0,47,,,,
076541,0,0,0,113,,,,
076543,0,0,0,5,,,,
076545,0,0,0,64,,,,
076549,0,0,0,20,,,,
076550,0,0,0,0,,,,
076556,0,0,0,-2,,,,
076558,0,0,0,533,,,,
076559,0,0,0,39,,,,
076561,0,0,0,-618,,,,
076566,0,0,0,70,,,,
076568,0,0,0,6,,,,
076570,0,0,0,26,,,,
076571,0,0,0,-11,,,,
076572,0,0,0,-1062,,,,
076573,0,0,0,-38,,,,
076574,0,0,0,-300,,,,
076575,0,0,0,54,,,,
076576,0,0,0,-303,,,,
076578,0,0,0,2,,,,
076579,0,0,0,27,,,,
076580,0,0,0,-100,,,,
076581,0,0,0,20,,,,
076582,0,0,0,-59,,,,
076583,0,0,0,235,,,,
076584,0,0,0,40,,,,
076585,0,0,0,19,,,,
076586,0,0,0,53,,,,
076588,0,0,0,41,,,,
076589,0,0,0,24,,,,
076590,0,0,0,0,,,,
076591,0,0,0,-337,,,,
076592,0,0,0,78,,,,
076593,0,0,0,2,,,,
076594,0,0,0,5,,,,
076595,0,0,0,-883,,,,
076597,0,0,0,143,,,,
076598,0,0,0,92,,,,
076603,0,0,0,-372,,,,
076604,0,0,0,14,,,,
076605,0,0,0,-330,,,,
076606,0,0,0,-118,,,,
076607,0,0,0,276,,,,
076608,0,0,0,42,,,,
076613,0,0,0,-85,,,,
076615,0,0,0,-177,,,,
076616,0,0,0,400,,,,
076617,0,0,0,-20,,,,
076618,0,0,0,4,,,,
076622,0,0,0,-344,,,,
076623,0,0,0,3262,,,,
076624,-110,0,0,617,,,,
076626,0,0,0,9,,,,
076628,0,0,0,86,,,,
076631,0,0,0,30,,,,
076633,0,0,0,-78,,,,
076634,0,0,0,6,,,,
076635,0,0,0,-122,,,,
076636,0,0,0,-105,,,,
076637,0,0,0,30,,,,
076639,0,0,0,50,,,,
076640,0,0,0,46,,,,
076641,0,0,0,-23,,,,
076642,0,0,0,-5,,,,
076644,0,0,0,25,,,,
076646,0,0,0,-4,,,,
076647,0,0,0,37,,,,
076648,0,0,0,56,,,,
076649,0,0,0,-58,,,,
076650,0,0,0,2,,,,
076651,0,0,0,1,,,,
076652,0,0,0,60,,,,
076653,0,0,0,-172,,,,
076654,0,0,0,3,,,,
076655,0,0,0,-14,,,,
076658,0,0,0,411,,,,
076661,0,0,0,-111,,,,
076662,0,0,0,97,,,,
076663,0,0,0,50,,,,
076664,0,0,0,-41,,,,
076665,0,0,0,73,,,,
076666,0,0,0,-2,,,,
076667,0,0,0,89,,,,
076668,0,0,0,-38,,,,
076669,0,0,0,-406,,,,
076670,0,0,0,15,,,,
076672,0,0,0,-27,,,,
076673,0,0,0,211,,,,
076675,0,0,0,45,,,,
076676,0,0,0,440,,,,
076677,0,0,0,-669,,,,
076678,0,0,0,54,,,,
076679,0,0,0,88,,,,
076680,0,0,0,77,,,,
076681,0,0,0,41,,,,
076683,0,0,0,-97,,,,
076684,0,0,0,-16,,,,
076685,0,0,0,-20,,,,
076686,0,0,0,-50,,,,
076687,0,0,0,-20,,,,
076691,0,0,0,0,,,,
076692,0,0,0,94,,,,
076693,0,0,0,75,,,,
076694,0,0,0,-6,,,,
076695,0,0,0,-51,,,,
076696,0,0,0,657,,,,
076697,0,0,0,10,,,,
076700,0,0,0,50,,,,
076701,0,0,0,77,,,,
076703,0,0,0,0,,,,
076704,0,0,0,-195,,,,
076705,0,0,0,10,,,,
076706,0,0,0,13,,,,
076708,0,0,0,94,,,,
076711,0,0,0,2,,,,
076712,0,0,0,1,,,,
076713,0,0,0,-2,,,,
076714,0,0,0,-25,,,,
076715,0,0,0,47,,,,
076716,0,0,0,73,,,,
076718,0,0,0,-39,,,,
076720,0,0,0,283,,,,
076723,0,0,0,-340,,,,
076725,0,0,0,14,,,,
076726,0,0,0,85,,,,
076727,0,0,0,5,,,,
076729,0,0,0,-10,,,,
076731,0,0,0,300,,,,
076732,0,0,0,50,,,,
076734,0,0,0,-14,,,,
076735,0,0,0,58,,,,
076736,0,0,0,5,,,,
076737,0,0,0,0,,,,
076738,0,0,0,-23,,,,
076739,5,0,0,88,,,,
076740,0,0,0,-38,,,,
076742,0,0,0,-96,,,,
076744,0,0,0,-411,,,,
076745,0,0,0,-30,,,,
076746,0,0,0,25,,,,
076750,0,0,0,15,,,,
076751,0,0,0,11,,,,
076752,0,0,0,-491,,,,
076753,0,0,0,-200,,,,
076755,0,0,0,-50,,,,
076756,0,0,0,171,,,,
076757,0,0,0,7,,,,
076758,0,0,0,599,,,,
076759,0,0,0,-40,,,,
076761,0,0,0,32,,,,
076762,0,0,0,80,,,,
076763,0,0,0,24,,,,
076764,0,0,0,-230,,,,
076765,0,0,0,-759,,,,
076766,0,0,0,-431,,,,
076768,0,0,0,122,,,,
076773,0,0,0,-1,,,,
076774,0,0,0,-1,,,,
076776,0,0,0,-2,,,,
076778,0,0,0,-20,,,,
076779,0,0,0,38,,,,
076781,0,0,0,-5,,,,
076786,0,0,0,7,,,,
076787,0,0,0,-32,,,,
076788,0,0,0,78,,,,
076791,0,0,0,376,,,,
076792,0,0,0,19,,,,
076793,0,0,0,-300,,,,
076794,0,0,0,-102,,,,
076795,0,0,0,-30,,,,
076797,0,0,0,48,,,,
076801,0,0,0,9,,,,
076803,0,0,0,-14,,,,
076804,0,0,0,-112,,,,
076805,0,0,0,-15,,,,
076806,0,0,0,-302,,,,
076807,0,0,0,-84,,,,
076808,0,0,0,-151,,,,
076809,0,0,0,2,,,,
076811,0,0,0,10,,,,
076813,0,0,0,90,,,,
076816,0,0,0,16,,,,
076817,0,0,0,385,,,,
076818,0,0,0,15,,,,
076819,0,0,0,-1,,,,
076820,0,0,0,20,,,,
076821,0,0,0,-5,,,,
076822,0,0,0,23,,,,
076826,0,0,0,-364,,,,
076828,0,0,0,-456,,,,
076830,0,0,0,32,,,,
076831,0,0,0,-31,,,,
076832,0,0,0,20,,,,
076834,0,0,0,148,,,,
076835,0,0,0,-16,,,,
076837,0,0,0,-10,,,,
076840,0,0,0,18,,,,
076841,0,0,0,-1,,,,
076845,0,0,0,-6,,,,
076846,0,0,0,-260,,,,
076847,0,0,0,-6,,,,
076848,0,0,0,72,,,,
076855,0,0,0,-50,,,,
076856,0,0,0,10,,,,
076858,0,0,0,20,,,,
076859,0,0,0,114,,,,
076860,0,0,0,30,,,,
076864,0,0,0,10,,,,
076866,0,0,0,32,,,,
076868,0,0,0,-60,,,,
076869,0,0,0,10,,,,
076871,0,0,0,110,,,,
076873,0,0,0,-20,,,,
076874,0,0,0,-10,,,,
076877,0,0,0,10,,,,
076878,0,0,0,-5,,,,
076879,0,0,0,-508,,,,
076880,0,0,0,-10,,,,
076882,0,0,0,-3,,,,
076883,0,0,0,14,,,,
076884,0,0,0,-6,,,,
076885,0,0,0,-11,,,,
076886,0,0,0,-21,,,,
076888,0,0,0,-63,,,,
076889,0,0,0,73,,,,
076890,0,0,0,-46,,,,
076891,0,0,0,-57,,,,
076892,0,0,0,1,,,,
076900,0,0,0,7,,,,
076901,0,0,0,-65,,,,
076903,0,0,0,-21,,,,
076904,0,0,0,-3,,,,
076907,0,0,0,-18,,,,
076908,0,0,0,2,,,,
076909,0,0,0,4,,,,
076910,0,0,0,-38,,,,
076912,0,0,0,17,,,,
076913,0,0,0,69,,,,
076917,0,0,0,30,,,,
076918,0,0,0,-18,,,,
076921,0,0,0,51,,,,
076922,0,0,0,-7,,,,
076923,0,0,0,-1,,,,
076924,0,0,0,100,,,,
076925,0,0,0,-23,,,,
076927,0,0,0,-300,,,,
076931,0,0,0,-39,,,,
076932,0,0,0,20,,,,
076936,0,0,0,-9,,,,
076937,0,0,0,-35,,,,
076940,0,0,0,134,,,,
076941,0,0,0,25,,,,
076942,0,0,0,9,,,,
076943,0,0,0,0,,,,
076944,0,0,0,-1,,,,
076945,0,0,0,51,,,,
076946,0,0,0,-11,,,,
076950,0,0,0,2,,,,
076952,0,0,0,3,,,,
076953,0,0,0,15,,,,
076954,0,0,0,-55,,,,
076958,0,0,0,115,,,,
076961,0,0,0,50,,,,
076968,0,0,0,25,,,,
076973,0,0,0,-18,,,,
076974,0,0,0,-30,,,,
076975,0,0,0,2,,,,
076976,0,0,0,-4,,,,
076977,0,0,0,15,,,,
076985,0,0,0,-457,,,,
076990,0,0,0,-34,,,,
076991,0,0,0,126,,,,
076992,0,0,0,-12,,,,
076993,0,0,0,-6,,,,
076994,0,0,0,-26,,,,
076998,0,0,0,20,,,,
076999,0,0,0,140,,,,
077001,0,0,0,404,,,,
077002,0,0,0,-268,,,,
077003,0,0,0,250,,,,
077005,0,0,0,71,,,,
077007,0,0,0,78,,,,
077008,0,0,0,47,,,,
077009,0,0,0,-99,,,,
077010,0,0,0,5,,,,
077013,0,0,0,-54,,,,
077016,0,0,0,-22,,,,
077017,0,0,0,-39,,,,
077018,0,0,0,54,,,,
077019,0,0,0,-18,,,,
077020,0,0,0,-100,,,,
077021,0,0,0,1,,,,
077022,0,0,0,70,,,,
077024,0,0,0,-52,,,,
077025,0,0,0,-204,,,,
077026,0,0,0,-206,,,,
077027,0,0,0,-614,,,,
077028,0,0,0,215,,,,
077029,0,0,0,83,,,,
077030,0,0,0,120,,,,
077031,0,0,0,42,,,,
077032,0,0,0,-9,,,,
077033,0,0,0,-200,,,,
077034,0,0,0,84,,,,
077035,0,0,0,-213,,,,
077038,0,0,0,35,,,,
077040,0,0,0,280,,,,
077041,0,0,0,161,,,,
077045,0,0,0,182,,,,
077047,0,0,0,335,,,,
077048,0,0,0,-297,,,,
077050,0,0,0,-352,,,,
077051,0,0,0,522,,,,
077053,0,0,0,-210,,,,
077055,0,0,0,252,,,,
077056,0,0,0,-395,,,,
077057,0,0,0,-114,,,,
077058,0,0,0,8,,,,
077062,0,0,0,23,,,,
077063,0,0,0,5,,,,
077064,0,0,0,-110,,,,
077066,0,0,0,-5,,,,
077067,0,0,0,-73,,,,
077068,0,0,0,46,,,,
077069,0,0,0,-137,,,,
077070,0,0,0,41,,,,
077075,0,0,0,-10,,,,
077076,0,0,0,-40,,,,
077077,0,0,0,109,,,,
077078,0,0,0,-74,,,,
077079,0,0,0,-25,,,,
077080,0,0,0,-10,,,,
077082,0,0,0,350,,,,
077083,0,0,0,4,,,,
077084,0,0,0,24,,,,
077086,0,0,0,56,,,,
077087,0,0,0,-75,,,,
077088,0,0,0,-499,,,,
077089,0,0,0,-102,,,,
077090,0,0,0,-105,,,,
077091,0,0,0,-10,,,,
077095,0,0,0,70,,,,
077096,0,0,0,65,,,,
077097,0,0,0,255,,,,
077099,0,0,0,76,,,,
077100,0,0,0,-394,,,,
077101,0,0,0,98,,,,
077103,0,0,0,25,,,,
077107,0,0,0,-73,,,,
077108,0,0,0,10,,,,
077109,0,0,0,36,,,,
077111,0,0,0,10,,,,
077112,0,0,0,85,,,,
077113,0,0,0,-161,,,,
077114,0,0,0,29,,,,
077115,0,0,0,-119,,,,
077117,0,0,0,24,,,,
077118,0,0,0,56,,,,
077121,0,0,0,2,,,,
077125,0,0,0,66,,,,
077126,0,0,0,-32,,,,
077127,0,0,0,-201,,,,
077128,0,0,0,92,,,,
077129,0,0,0,-57,,,,
077130,0,0,0,-17,,,,
077131,0,0,0,-4,,,,
077132,0,0,0,4,,,,
077133,0,0,0,-47,,,,
077136,0,0,0,10,,,,
077137,0,0,0,-1,,,,
077138,0,0,0,-144,,,,
077139,0,0,0,-48,,,,
077141,0,0,0,1071,,,,
077142,0,0,0,545,,,,
077145,0,0,0,-300,,,,
077152,0,0,0,275,,,,
077153,0,0,0,403,,,,
077154,0,0,0,-34,,,,
077162,0,0,0,21,,,,
077163,0,0,0,4,,,,
077165,0,0,0,42,,,,
077166,0,0,0,-29,,,,
077168,0,0,0,-159,,,,
077170,0,0,0,6,,,,
077171,0,0,0,6,,,,
077172,0,0,0,96,,,,
077173,0,0,0,0,,,,
077174,0,0,0,326,,,,
077175,0,0,0,0,,,,
077178,0,0,0,98,,,,
077179,0,0,0,-7,,,,
077180,0,0,0,18,,,,
077181,0,0,0,-10,,,,
077182,0,0,0,57,,,,
077185,0,0,0,-5,,,,
077186,0,0,0,7,,,,
077188,0,0,0,17,,,,
077189,0,0,0,21,,,,
077190,0,0,0,10,,,,
077191,0,0,0,-13,,,,
077193,0,0,0,-9,,,,
077194,0,0,0,34,,,,
077198,0,0,0,-8,,,,
077199,0,0,0,3,,,,
077200,0,0,0,10,,,,
077201,0,0,0,-123,,,,
077204,0,0,0,-330,,,,
077207,0,0,0,-52,,,,
077209,0,0,0,-20,,,,
077211,0,0,0,61,,,,
077213,0,0,0,3,,,,
077215,0,0,0,60,,,,
077216,0,0,0,-138,,,,
077217,0,0,0,-368,,,,
077218,0,0,0,114,,,,
077221,0,0,0,-98,,,,
077227,0,0,0,34,,,,
077228,0,0,0,89,,,,
077230,0,0,0,-180,,,,
077231,0,0,0,-10,,,,
077234,0,0,0,43,,,,
077236,0,0,0,-10,,,,
077238,0,0,0,50,,,,
077240,0,0,0,-54,,,,
077241,0,0,0,146,,,,
077244,0,0,0,2,,,,
077247,0,0,0,-163,,,,
077248,0,0,0,-99,,,,
077250,0,0,0,-197,,,,
077252,0,0,0,29,,,,
077253,0,0,0,210,,,,
077257,0,0,0,-14,,,,
077259,0,0,0,-10,,,,
077261,0,0,0,-1,,,,
077262,0,0,0,-62,,,,
077263,0,0,0,1,,,,
077264,0,0,0,-20,,,,
077265,0,0,0,7,,,,
077266,0,0,0,-20,,,,
077267,0,0,0,23,,,,
077268,0,0,0,9,,,,
077270,0,0,0,-5,,,,
077271,0,0,0,-214,,,,
077272,0,0,0,-395,,,,
077273,0,0,0,-9,,,,
077274,0,0,0,-737,,,,
077275,0,0,0,-496,,,,
077276,0,0,0,-26,,,,
077277,0,0,0,-51,,,,
077278,0,0,0,-21,,,,
077279,0,0,0,4,,,,
077280,0,0,0,-27,,,,
077282,0,0,0,-42,,,,
077284,0,0,0,-5,,,,
077285,0,0,0,464,,,,
077286,0,0,0,-83,,,,
077290,0,0,0,-227,,,,
077293,0,0,0,-76,,,,
077294,0,0,0,69,,,,
077296,0,0,0,108,,,,
077297,0,0,0,155,,,,
077298,0,0,0,-50,,,,
077299,0,0,0,5,,,,
077300,0,0,0,-26,,,,
077301,0,0,0,-50,,,,
077306,0,0,0,-7,,,,
077307,0,0,0,90,,,,
077308,0,0,0,53,,,,
077309,0,0,0,1744,,,,
077310,0,0,0,63,,,,
077312,0,0,0,52,,,,
077317,0,0,0,30,,,,
077318,0,0,0,15,,,,
077321,0,0,0,3,,,,
077322,0,0,0,149,,,,
077323,0,0,0,63,,,,
077324,0,0,0,5,,,,
077326,0,0,0,-46,,,,
077329,0,0,0,-26,,,,
077330,0,0,0,-237,,,,
077331,0,0,0,20,,,,
077332,0,0,0,-162,,,,
077333,0,0,0,-14,,,,
077334,0,0,0,2059,,,,
077335,0,0,0,3,,,,
077336,0,0,0,10,,,,
077338,0,0,0,-16,,,,
077339,0,0,0,-12,,,,
077340,0,0,0,-68,,,,
077341,0,0,0,-67,,,,
077342,0,0,0,1,,,,
077343,0,0,0,70,,,,
077344,0,0,0,-175,,,,
077345,0,0,0,-110,,,,
077346,0,0,0,-203,,,,
077347,0,0,0,-355,,,,
077349,0,0,0,-24,,,,
077350,0,0,0,-384,,,,
077351,0,0,0,30,,,,
077352,0,0,0,-90,,,,
077353,0,0,0,2,,,,
077358,0,0,0,399,,,,
077359,0,0,0,112,,,,
077360,0,0,0,-455,,,,
077361,0,0,0,-16,,,,
077362,0,0,0,-20,,,,
077365,0,0,0,-604,,,,
077366,0,0,0,-2,,,,
077367,0,0,0,-85,,,,
077368,0,0,0,64,,,,
077370,0,0,0,-1,,,,
077371,0,0,0,-64,,,,
077377,0,0,0,34,,,,
077378,0,0,0,1,,,,
077379,0,0,0,-21,,,,
077380,0,0,0,-81,,,,
077382,0,0,0,-79,,,,
077384,0,0,0,-73,,,,
077386,0,0,0,80,,,,
077387,0,0,0,-81,,,,
077388,0,0,0,-323,,,,
077389,0,0,0,-63,,,,
077390,0,0,0,-151,,,,
077391,0,0,0,26,,,,
077393,0,0,0,33,,,,
077395,0,0,0,-19,,,,
077396,0,0,0,-300,,,,
077398,0,0,0,15,,,,
077399,0,0,0,-155,,,,
077400,0,0,0,-59,,,,
077402,0,0,0,13,,,,
077403,0,0,0,8,,,,
077405,0,0,0,-33,,,,
077407,0,0,0,17,,,,
077408,0,0,0,54,,,,
077409,0,0,0,289,,,,
077410,0,0,0,75,,,,
077411,0,0,0,429,,,,
077412,0,0,0,190,,,,
077416,0,0,0,-6,,,,
077417,0,0,0,22,,,,
077418,0,0,0,7,,,,
077419,0,0,0,30,,,,
077420,0,0,0,-62,,,,
077421,0,0,0,47,,,,
077423,0,0,0,-64,,,,
077425,0,0,0,-2,,,,
077426,0,0,0,-10,,,,
077427,0,0,0,-22,,,,
077428,0,0,0,-30,,,,
077429,0,0,0,-333,,,,
077433,0,0,0,-26,,,,
077434,0,0,0,-50,,,,
077435,0,0,0,-19,,,,
077436,0,0,0,529,,,,
077437,0,0,0,55,,,,
077438,0,0,0,-6,,,,
077441,0,0,0,249,,,,
077443,0,0,0,-28,,,,
077444,0,0,0,72,,,,
077446,0,0,0,-350,,,,
077451,0,0,0,4,,,,
077452,0,0,0,6,,,,
077453,0,0,0,140,,,,
077455,0,0,0,-18,,,,
077456,0,0,0,-391,,,,
077457,0,0,0,-38,,,,
077459,0,0,0,-320,,,,
077460,0,0,0,-66,,,,
077461,0,0,0,-161,,,,
077462,0,0,0,-59,,,,
077463,0,0,0,2,,,,
077464,0,0,0,57,,,,
077466,0,0,0,-53,,,,
077467,0,0,0,446,,,,
077468,0,0,0,30,,,,
077470,0,0,0,121,,,,
077472,0,0,0,128,,,,
077473,0,0,0,10,,,,
077474,0,0,0,20,,,,
077475,0,0,0,-23,,,,
077476,0,0,0,851,,,,
077477,0,0,0,404,,,,
077478,0,0,0,64,,,,
077479,0,0,0,170,,,,
077480,0,0,0,-5,,,,
077481,0,0,0,10,,,,
077484,0,0,0,1,,,,
077485,0,0,0,39,,,,
077486,0,0,0,-137,,,,
077488,0,0,0,-89,,,,
077492,0,0,0,-155,,,,
077494,0,0,0,5,,,,
077495,0,0,0,-31,,,,
077496,0,0,0,-92,,,,
077498,0,0,0,0,,,,
077499,0,0,0,31,,,,
077500,0,0,0,97,,,,
077501,0,0,0,-2056,,,,
077502,0,0,0,100,,,,
077503,0,0,0,-10,,,,
077504,0,0,0,-1088,,,,
077506,0,0,0,-20,,,,
077508,0,0,0,400,,,,
077510,0,0,0,584,,,,
077512,0,0,0,-76,,,,
077513,0,0,0,-22,,,,
077515,0,0,0,53,,,,
077516,0,0,0,-77,,,,
077517,0,0,0,-341,,,,
077518,0,0,0,-10,,,,
077519,0,0,0,1131,,,,
077520,0,0,0,21,,,,
077521,0,0,0,-31,,,,
077523,0,0,0,55,,,,
077526,0,0,0,63,,,,
077527,0,0,0,10,,,,
077528,0,0,0,2,,,,
077531,0,0,0,4,,,,
077533,0,0,0,-31,,,,
077535,0,0,0,-41,,,,
077540,0,0,0,93,,,,
077541,0,0,0,-23,,,,
077542,0,0,0,177,,,,
077544,0,0,0,36,,,,
077545,0,0,0,-36,,,,
077546,0,0,0,207,,,,
077547,0,0,0,6,,,,
077550,0,0,0,-4,,,,
077552,0,0,0,176,,,,
077554,0,0,0,35,,,,
077555,0,0,0,-44,,,,
077556,0,0,0,-16,,,,
077561,0,0,0,-21,,,,
077562,0,0,0,-204,,,,
077563,0,0,0,114,,,,
077564,0,0,0,-81,,,,
077565,0,0,0,-40,,,,
077566,0,0,0,-94,,,,
077567,0,0,0,38,,,,
077568,0,0,0,478,,,,
077569,0,0,0,-300,,,,
077576,0,0,0,-11,,,,
077577,0,0,0,-131,,,,
077578,0,0,0,-67,,,,
077579,0,0,0,56,,,,
077580,0,0,0,302,,,,
077581,0,0,0,392,,,,
077582,0,0,0,-68,,,,
077583,0,0,0,-129,,,,
077584,0,0,0,-156,,,,
077585,0,0,0,-133,,,,
077586,0,0,0,-3,,,,
077587,0,0,0,-37,,,,
077590,0,0,0,-1,,,,
077591,0,0,0,-88,,,,
077592,0,0,0,-243,,,,
077593,0,0,0,-38,,,,
077594,0,0,0,-60,,,,
077596,0,0,0,38,,,,
077597,0,0,0,-82,,,,
077598,0,0,0,-52,,,,
077599,0,0,0,-1,,,,
077600,0,0,0,156,,,,
077601,0,0,0,-18,,,,
077603,0,0,0,9,,,,
077604,0,0,0,-4,,,,
077607,0,0,0,-20,,,,
077608,0,0,0,28,,,,
077609,0,0,0,5,,,,
077610,0,0,0,-42,,,,
077611,0,0,0,-3,,,,
077612,0,0,0,20,,,,
077614,0,0,0,79,,,,
077615,0,0,0,-63,,,,
077616,0,0,0,106,,,,
077617,0,0,0,297,,,,
077618,0,0,0,-30,,,,
077620,0,0,0,-346,,,,
077624,0,0,0,-135,,,,
077625,0,0,0,-16,,,,
077626,0,0,0,-10,,,,
077629,0,0,0,-9,,,,
077630,0,0,0,984,,,,
077636,0,0,0,14,,,,
077637,0,0,0,-43,,,,
077638,0,0,0,162,,,,
077640,0,0,0,-9,,,,
077642,0,0,0,-45,,,,
077643,0,0,0,-12,,,,
077644,0,0,0,-50,,,,
077646,0,0,0,-100,,,,
077649,0,0,0,38,,,,
077651,0,0,0,-11,,,,
077652,0,0,0,19,,,,
077653,0,0,0,-96,,,,
077654,0,0,0,-5,,,,
077655,0,0,0,124,,,,
077656,0,0,0,162,,,,
077658,0,0,0,-21,,,,
077659,0,0,0,33,,,,
077660,0,0,0,27,,,,
077662,0,0,0,212,,,,
077663,0,0,0,-2,,,,
077664,0,0,0,-4,,,,
077665,0,0,0,5,,,,
077666,0,0,0,-35,,,,
077668,0,0,0,12,,,,
077672,0,0,0,-23,,,,
077673,0,0,0,50,,,,
077674,0,0,0,153,,,,
077676,0,0,0,-20,,,,
077677,0,0,0,-172,,,,
077678,0,0,0,-934,,,,
077679,0,0,0,-581,,,,
077684,0,0,0,14,,,,
077687,0,0,0,-527,,,,
077692,0,0,0,6,,,,
077693,0,0,0,-102,,,,
077695,0,0,0,-52,,,,
077698,0,0,0,-29,,,,
077699,0,0,0,11,,,,
077701,0,0,0,1,,,,
077702,0,0,0,-299,,,,
077703,0,0,0,-18,,,,
077704,0,0,0,-195,,,,
077707,0,0,0,2,,,,
077708,0,0,0,132,,,,
077709,0,0,0,78,,,,
077710,0,0,0,-7,,,,
077711,0,0,0,73,,,,
077712,0,0,0,442,,,,
077713,0,0,0,67,,,,
077714,0,0,0,-114,,,,
077715,0,0,0,80,,,,
077716,0,0,0,3,,,,
077717,0,0,0,17,,,,
077718,0,0,0,-534,,,,
077719,0,0,0,40,,,,
077720,0,0,0,14,,,,
077722,0,0,0,-496,,,,
077723,0,0,0,-749,,,,
077726,0,0,0,-17,,,,
077732,0,0,0,90,,,,
077733,0,0,0,100,,,,
077734,0,0,0,44,,,,
077737,0,0,0,-15,,,,
077739,0,0,0,-50,,,,
077741,0,0,0,112,,,,
077742,0,0,0,-194,,,,
077743,0,0,0,-7,,,,
077745,0,0,0,-141,,,,
077746,0,0,0,-100,,,,
077751,0,0,0,33,,,,
077752,0,0,0,0,,,,
077755,0,0,0,107,,,,
077756,0,0,0,-17,,,,
077758,0,0,0,1,,,,
077760,0,0,0,-25,,,,
077762,0,0,0,30,,,,
077763,0,0,0,-23,,,,
077764,0,0,0,15,,,,
077766,0,0,0,113,,,,
077768,0,0,0,30,,,,
077769,0,0,0,-3,,,,
077772,0,0,0,35,,,,
077773,0,0,0,-20,,,,
077774,0,0,0,-3,,,,
077775,0,0,0,-23,,,,
077784,0,0,0,0,,,,
077785,-1,0,0,1,,,,
077787,0,0,0,34,,,,
077789,0,0,0,27,,,,
077790,0,0,0,-100,,,,
077793,0,0,0,30,,,,
077794,0,0,0,-179,,,,
077795,0,0,0,49,,,,
077797,0,0,0,298,,,,
077798,0,0,0,200,,,,
077799,0,0,0,-19,,,,
077800,0,0,0,16,,,,
077801,0,0,0,10,,,,
077803,0,0,0,-48,,,,
077804,0,0,0,10,,,,
077807,0,0,0,-59,,,,
077808,0,0,0,-158,,,,
077811,0,0,0,-10,,,,
077812,0,0,0,-10,,,,
077813,0,0,0,233,,,,
077814,0,0,0,744,,,,
077815,0,0,0,-667,,,,
077816,0,0,0,50,,,,
077817,0,0,0,117,,,,
077818,0,0,0,-4061,,,,
077819,0,0,0,-3947,,,,
077820,0,0,0,5,,,,
077821,0,0,0,1,,,,
077824,0,0,0,48,,,,
077825,0,0,0,1,,,,
077826,0,0,0,256,,,,
077827,0,0,0,-22,,,,
077828,0,0,0,-266,,,,
077829,0,0,0,-5,,,,
077830,0,0,0,100,,,,
077831,0,0,0,5,,,,
077832,0,0,0,626,,,,
077833,0,0,0,10,,,,
077834,0,0,0,-41,,,,
077835,0,0,0,-82,,,,
077836,0,0,0,-25,,,,
077838,0,0,0,5,,,,
077840,0,0,0,66,,,,
077841,0,0,0,-36,,,,
077846,0,0,0,75,,,,
077849,0,0,0,19,,,,
077852,0,0,0,25,,,,
077853,0,0,0,200,,,,
077856,0,0,0,-15,,,,
077857,0,0,0,39,,,,
077860,0,0,0,32,,,,
077861,0,0,0,-1,,,,
077864,0,0,0,-85,,,,
077865,0,0,0,3,,,,
077866,0,0,0,-29,,,,
077867,0,0,0,-100,,,,
077868,0,0,0,-290,,,,
077869,0,0,0,-3,,,,
077870,0,0,0,-24,,,,
077873,0,0,0,10,,,,
077876,0,0,0,-43,,,,
077877,0,0,0,-39,,,,
077878,0,0,0,19,,,,
077879,0,0,0,-11,,,,
077881,0,0,0,-100,,,,
077882,0,0,0,-40,,,,
077884,0,0,0,-277,,,,
077886,0,0,0,-3,,,,
077888,0,0,0,41,,,,
077889,0,0,0,33,,,,
077890,0,0,0,5,,,,
077891,0,0,0,136,,,,
077893,0,0,0,5,,,,
077894,0,0,0,2,,,,
077895,0,0,0,3,,,,
077896,0,0,0,-565,,,,
077897,0,0,0,-35,,,,
077898,0,0,0,-45,,,,
077899,0,0,0,-8,,,,
077900,0,0,0,-15,,,,
077902,0,0,0,30,,,,
077903,0,0,0,27,,,,
077904,0,0,0,579,,,,
077906,0,0,0,-21,,,,
077907,0,0,0,25,,,,
077908,0,0,0,30,,,,
077913,0,0,0,165,,,,
077914,0,0,0,-62,,,,
077915,0,0,0,55,,,,
077916,0,0,0,17,,,,
077917,0,0,0,-35,,,,
077919,0,0,0,-15,,,,
077920,0,0,0,-17,,,,
077921,0,0,0,18,,,,
077922,0,0,0,-19,,,,
077923,0,0,0,11,,,,
077924,0,0,0,-122,,,,
077925,0,0,0,-14,,,,
077926,0,0,0,-20,,,,
077927,0,0,0,-20,,,,
077929,0,0,0,-118,,,,
077930,0,0,0,-153,,,,
077932,0,0,0,-187,,,,
077933,0,0,0,220,,,,
077934,0,0,0,9,,,,
077935,0,0,0,60,,,,
077936,0,0,0,112,,,,
077937,0,0,0,66,,,,
077939,0,0,0,-143,,,,
077940,0,0,0,90,,,,
077941,0,0,0,-11,,,,
077942,0,0,0,-62,,,,
077943,0,0,0,-99,,,,
077946,0,0,0,69,,,,
077947,0,0,0,79,,,,
077948,0,0,0,322,,,,
077949,0,0,0,43,,,,
077950,0,0,0,-495,,,,
077952,0,0,0,-173,,,,
077953,0,0,0,-15,,,,
077954,0,0,0,-42,,,,
077956,0,0,0,80,,,,
077957,0,0,0,77,,,,
077960,0,0,0,4,,,,
077964,0,0,0,-3,,,,
077966,0,0,0,50,,,,
077968,0,0,0,-40,,,,
077972,0,0,0,60,,,,
077976,0,0,0,107,,,,
077977,0,0,0,-106,,,,
077978,0,0,0,-2,,,,
077980,0,0,0,-252,,,,
077981,0,0,0,184,,,,
077982,0,0,0,10,,,,
077983,0,0,0,-45,,,,
077985,0,0,0,-20,,,,
077988,0,0,0,-10,,,,
077990,0,0,0,82,,,,
077991,0,0,0,127,,,,
077993,0,0,0,-102,,,,
077996,0,0,0,-8,,,,
077997,0,0,0,-98,,,,
077998,0,0,0,-217,,,,
078000,0,0,0,53,,,,
078001,0,0,0,-1,,,,
078002,0,0,0,-10,,,,
078004,0,0,0,-50,,,,
078007,0,0,0,-95,,,,
078008,0,0,0,-10,,,,
078010,0,0,0,-40,,,,
078011,0,0,0,5,,,,
078012,0,0,0,47,,,,
078017,0,0,0,25,,,,
078018,0,0,0,18,,,,
078019,0,0,0,-424,,,,
078020,0,0,0,7,,,,
078021,0,0,0,-27,,,,
078022,0,0,0,-451,,,,
078023,0,0,0,-80,,,,
078024,0,0,0,281,,,,
078025,0,0,0,-51,,,,
078027,0,0,0,3,,,,
078028,0,0,0,10,,,,
078030,0,0,0,9,,,,
078031,0,0,0,20,,,,
078032,0,0,0,5,,,,
078033,0,0,0,70,,,,
078034,0,0,0,-48,,,,
078036,0,0,0,2,,,,
078037,0,0,0,2,,,,
078038,0,0,0,0,,,,
078039,0,0,0,84,,,,
078041,0,0,0,2,,,,
078043,0,0,0,33,,,,
078046,0,0,0,20,,,,
078051,0,0,0,-20,,,,
078052,0,0,0,-20,,,,
078053,0,0,0,-10,,,,
078056,0,0,0,-84,,,,
078058,0,0,0,-159,,,,
078060,0,0,0,60,,,,
078067,0,0,0,-13,,,,
078068,0,0,0,14,,,,
078069,0,0,-1,1,,,,
078071,0,0,0,-48,,,,
078072,0,0,0,-10,,,,
078073,0,0,0,-35,,,,
078075,0,0,0,0,,,,
078076,0,0,0,8,,,,
078077,0,0,0,-420,,,,
078080,0,0,0,3,,,,
078081,0,0,0,10,,,,
078082,0,0,0,-8,,,,
078083,0,0,0,-3,,,,
078085,0,0,0,9,,,,
078086,0,0,0,37,,,,
078087,0,0,0,20,,,,
078088,0,0,0,-3,,,,
078089,0,0,0,6,,,,
078092,0,0,0,7,,,,
078094,0,0,0,-86,,,,
078095,0,0,0,37,,,,
078096,0,0,0,-5,,,,
078097,0,0,0,-2,,,,
078098,0,0,0,3,,,,
078099,0,0,0,197,,,,
078100,0,0,0,-124,,,,
078105,0,0,0,-1160,,,,
078106,0,0,0,-1109,,,,
078107,0,0,0,4,,,,
078108,0,0,0,20,,,,
078114,0,0,0,-29,,,,
078115,0,0,0,-132,,,,
078117,0,0,0,-30,,,,
078118,0,0,0,-92,,,,
078119,0,0,0,4,,,,
078120,0,0,0,-31,,,,
078123,0,0,0,9,,,,
078124,0,0,0,-10,,,,
078125,0,0,0,27,,,,
078126,0,0,0,-10,,,,
078127,0,0,0,-61,,,,
078130,0,0,0,308,,,,
078131,0,0,0,-71,,,,
078132,0,0,0,-83,,,,
078135,0,0,0,60,,,,
078137,0,0,0,-10,,,,
078138,0,0,0,-96,,,,
078139,0,0,0,-23,,,,
078144,0,0,0,-82,,,,
078147,0,0,0,-30,,,,
078149,0,0,0,-437,,,,
078150,0,0,0,-374,,,,
078151,0,0,0,40,,,,
078152,0,0,0,-248,,,,
078153,0,0,0,-251,,,,
078155,0,0,0,25,,,,
078156,0,0,0,86,,,,
078157,0,0,0,11,,,,
078158,0,0,0,-63,,,,
078162,0,0,0,-10,,,,
078163,0,0,0,50,,,,
078166,0,0,0,4,,,,
078169,0,0,0,2,,,,
078172,0,0,0,165,,,,
078173,0,0,0,69,,,,
078174,0,0,0,-5,,,,
078177,0,0,0,3,,,,
078178,0,0,0,-58,,,,
078179,0,0,0,-258,,,,
078180,0,0,0,-200,,,,
078181,0,0,0,-305,,,,
078182,0,0,0,-10,,,,
078183,0,0,0,81,,,,
078184,0,0,0,-268,,,,
078185,0,0,0,418,,,,
078186,0,0,0,-129,,,,
078187,0,0,0,169,,,,
078189,0,0,0,-399,,,,
078190,0,0,0,-6,,,,
078191,0,0,0,13,,,,
078194,0,0,0,-45,,,,
078195,0,0,0,-109,,,,
078196,0,0,0,10,,,,
078197,0,0,0,60,,,,
078198,0,0,0,252,,,,
078199,0,0,0,19,,,,
078200,0,0,0,-157,,,,
078201,0,0,0,-9,,,,
078202,0,0,0,-55,,,,
078203,0,0,0,29,,,,
078206,0,0,0,107,,,,
078207,0,0,0,25,,,,
078208,0,0,0,37,,,,
078209,0,0,0,133,,,,
078210,0,0,0,75,,,,
078211,0,0,0,164,,,,
078220,0,0,0,237,,,,
078221,0,0,0,451,,,,
078224,0,0,0,-16,,,,
078225,0,0,0,20,,,,
078227,0,0,0,-45,,,,
078228,0,0,0,697,,,,
078229,0,0,0,-5,,,,
078231,0,0,0,-4,,,,
078232,0,0,0,-197,,,,
078233,0,0,0,152,,,,
078236,0,0,0,1,,,,
078237,0,0,0,281,,,,
078238,0,0,0,0,,,,
078239,0,0,0,85,,,,
078241,0,0,0,-3,,,,
078243,0,0,0,-86,,,,
078244,0,0,0,36,,,,
078245,0,0,0,-40,,,,
078246,0,0,0,0,,,,
078247,0,0,0,-54,,,,
078249,0,0,0,-8,,,,
078250,0,0,0,-1,,,,
078251,0,0,0,6,,,,
078252,0,0,0,20,,,,
078253,0,0,0,13,,,,
078254,0,0,0,-7,,,,
078256,0,0,0,1,,,,
078258,0,0,0,37,,,,
078260,0,0,0,10,,,,
078261,0,0,0,-530,,,,
078268,0,0,0,-3,,,,
078272,0,0,0,-20,,,,
078273,0,0,0,-10,,,,
078274,0,0,0,-29,,,,
078275,0,0,0,112,,,,
078276,0,0,0,-7,,,,
078277,0,0,0,-75,,,,
078278,0,0,0,-31,,,,
078279,0,0,0,-120,,,,
078280,0,0,0,-38,,,,
078281,0,0,0,-212,,,,
078283,0,0,0,90,,,,
078285,0,0,0,-120,,,,
078286,0,0,0,844,,,,
078289,0,0,0,43,,,,
078290,0,0,0,-44,,,,
078292,0,0,0,5,,,,
078293,0,0,0,-100,,,,
078294,0,0,0,-22,,,,
078296,0,0,0,4,,,,
078297,0,0,0,5,,,,
078299,0,0,0,10,,,,
078300,0,0,0,128,,,,
078302,0,0,0,97,,,,
078305,0,0,0,-63,,,,
078306,0,0,0,-51,,,,
078307,0,0,0,430,,,,
078308,0,0,0,-183,,,,
078309,0,0,0,-452,,,,
078310,0,0,0,109,,,,
078311,0,0,0,12,,,,
078315,0,0,0,2,,,,
078316,0,0,0,47,,,,
078320,0,0,0,16,,,,
078321,0,0,0,61,,,,
078325,0,0,0,-4,,,,
078326,0,0,0,-150,,,,
078328,0,0,0,-10,,,,
078330,0,0,0,5,,,,
078332,0,0,0,-16,,,,
078333,0,0,0,-186,,,,
078334,0,0,0,-2,,,,
078335,0,0,0,-10,,,,
078336,0,0,0,-30,,,,
078339,0,0,0,87,,,,
078340,0,0,0,4,,,,
078341,0,0,0,-224,,,,
078342,0,0,0,5,,,,
078343,0,0,0,-87,,,,
078344,0,0,0,-21,,,,
078346,0,0,0,91,,,,
078347,0,0,0,23,,,,
078348,0,0,0,1,,,,
078350,0,0,0,-3,,,,
078352,0,0,0,-1,,,,
078354,0,0,0,5,,,,
078356,0,0,0,-71,,,,
078359,0,0,0,-2,,,,
078360,0,0,0,-14,,,,
078361,0,0,0,-5,,,,
078365,0,0,0,38,,,,
078367,0,0,0,10,,,,
078368,0,0,0,-1,,,,
078372,0,0,0,-50,,,,
078374,0,0,0,-7,,,,
078375,0,0,0,-8,,,,
078378,0,0,0,-24,,,,
078379,0,0,0,10,,,,
078380,0,0,0,-69,,,,
078389,0,0,0,5,,,,
078390,0,0,0,114,,,,
078392,0,0,0,-135,,,,
078393,0,0,0,9,,,,
078395,0,0,0,139,,,,
078397,0,0,0,10,,,,
078399,0,0,0,195,,,,
078402,0,0,0,20,,,,
078403,0,0,0,88,,,,
078408,0,0,0,110,,,,
078409,0,0,0,-105,,,,
078410,0,0,0,-104,,,,
078411,0,0,0,83,,,,
078412,0,0,0,-280,,,,
078416,0,0,0,-4,,,,
078418,0,0,0,-25,,,,
078419,0,0,0,-202,,,,
078420,0,0,0,-9,,,,
078424,0,0,0,143,,,,
078426,0,0,0,123,,,,
078436,0,0,0,2,,,,
078437,0,0,0,100,,,,
078438,0,0,0,82,,,,
078439,0,0,0,45,,,,
078442,0,0,0,50,,,,
078443,0,0,0,-18,,,,
078444,80,0,0,-330,,,,
078445,0,0,0,12,,,,
078446,0,0,0,25,,,,
078447,0,0,0,51,,,,
078448,0,0,0,6,,,,
078450,0,0,0,-409,,,,
078451,0,0,0,-209,,,,
078452,0,0,0,7,,,,
078454,0,0,0,-72,,,,
078455,0,0,0,2,,,,
078459,0,0,0,-6,,,,
078461,0,0,0,1259,,,,
078462,0,0,0,-31,,,,
078463,0,0,0,226,,,,
078464,0,0,0,218,,,,
078465,0,0,0,-40,,,,
078466,0,0,0,-36,,,,
078467,0,0,0,-177,,,,
078470,0,0,0,5,,,,
078473,0,0,0,183,,,,
078475,0,0,0,1,,,,
078476,0,0,0,-28,,,,
078477,0,0,0,-573,,,,
078478,0,0,0,-220,,,,
078479,0,0,0,119,,,,
078480,0,0,0,114,,,,
078481,0,0,0,224,,,,
078482,0,0,0,315,,,,
078483,0,0,0,35,,,,
078484,0,0,0,32,,,,
078485,0,0,0,39,,,,
078486,0,0,0,100,,,,
078487,0,0,0,29,,,,
078488,0,0,0,-37,,,,
078489,0,0,0,566,,,,
078490,0,0,0,-182,,,,
078491,0,0,0,7,,,,
078492,0,0,0,55,,,,
078493,0,0,0,90,,,,
078494,0,0,0,122,,,,
078497,0,0,0,69,,,,
078501,0,0,0,30,,,,
078502,0,0,0,666,,,,
078503,0,0,0,88,,,,
078504,0,0,0,25,,,,
078506,0,0,0,49,,,,
078507,0,0,0,-61,,,,
078508,0,0,0,-19,,,,
078513,0,0,0,10,,,,
078514,0,0,0,167,,,,
078515,0,0,0,68,,,,
078516,0,0,0,-24,,,,
078517,0,0,0,11,,,,
078523,0,0,0,-44,,,,
078524,0,0,0,45,,,,
078525,0,0,0,-847,,,,
078526,0,0,0,86,,,,
078527,0,0,0,-250,,,,
078528,0,0,0,-7,,,,
078530,0,0,0,-25,,,,
078531,0,0,0,-5,,,,
078539,0,0,0,-41,,,,
078540,0,0,0,12,,,,
078541,0,0,0,38,,,,
078542,0,0,0,-214,,,,
078543,0,0,0,-13,,,,
078544,0,0,0,2,,,,
078545,0,0,0,5,,,,
078546,0,0,0,-34,,,,
078547,0,0,0,55,,,,
078548,0,0,0,-10,,,,
078550,0,0,0,4,,,,
078552,0,0,0,27,,,,
078553,0,0,0,10,,,,
078554,0,0,0,34,,,,
078556,0,0,0,-7,,,,
078557,0,0,0,-64,,,,
078558,0,0,0,10,,,,
078559,0,0,0,7,,,,
078563,0,0,0,0,,,,
078564,0,0,0,81,,,,
078570,0,0,0,-58,,,,
078572,0,0,0,40,,,,
078574,0,0,0,0,,,,
078575,0,0,0,-65,,,,
078576,1,0,0,-143,,,,
078577,0,0,0,-17,,,,
078578,0,0,0,8,,,,
078582,0,0,0,2,,,,
078583,0,0,0,-21,,,,
078585,0,0,0,-16,,,,
078587,0,0,0,-26,,,,
078592,0,0,0,-22,,,,
078593,0,0,0,54,,,,
078594,0,0,0,123,,,,
078595,0,0,0,12,,,,
078596,0,0,0,137,,,,
078597,0,0,0,-4,,,,
078599,0,0,0,-401,,,,
078603,0,0,0,-10,,,,
078604,0,0,0,5,,,,
078606,0,0,0,-10,,,,
078607,0,0,0,18,,,,
078608,0,0,0,326,,,,
078609,0,0,0,47,,,,
078610,0,0,0,63,,,,
078611,0,0,0,499,,,,
078612,0,0,0,100,,,,
078614,0,0,0,-173,,,,
078615,0,0,0,20,,,,
078616,0,0,0,-12,,,,
078618,0,0,0,-10,,,,
078619,0,0,0,-140,,,,
078620,0,0,0,11,,,,
078623,0,0,0,-1059,,,,
078624,0,0,0,1,,,,
078625,0,0,0,712,,,,
078626,0,0,0,-20,,,,
078627,0,0,0,296,,,,
078628,0,0,0,347,,,,
078629,0,0,0,-844,,,,
078631,0,0,0,-44,,,,
078632,0,0,0,90,,,,
078633,0,0,0,41,,,,
078634,0,0,0,74,,,,
078635,0,0,0,0,,,,
078636,0,0,0,-1,,,,
078638,0,0,0,-25,,,,
078639,0,0,0,198,,,,
078640,0,0,0,10,,,,
078641,0,0,0,-68,,,,
078642,0,0,0,853,,,,
078643,0,0,0,-256,,,,
078645,0,0,0,-414,,,,
078646,0,0,0,-370,,,,
078647,0,0,0,189,,,,
078648,0,0,0,70,,,,
078649,0,0,0,498,,,,
078650,0,0,0,10,,,,
078656,0,0,0,125,,,,
078658,0,0,0,-83,,,,
078666,0,0,0,13,,,,
078667,0,0,0,-47,,,,
078668,0,0,0,-85,,,,
078669,0,0,0,-21,,,,
078670,0,0,0,-499,,,,
078671,0,0,0,-50,,,,
078672,0,0,0,84,,,,
078673,0,0,0,366,,,,
078674,0,0,0,9,,,,
078675,0,0,0,-20,,,,
078676,0,0,0,83,,,,
078677,0,0,0,5,,,,
078678,0,0,0,2,,,,
078680,0,0,0,117,,,,
078681,0,0,0,-657,,,,
078683,0,0,0,126,,,,
078684,0,0,0,47,,,,
078686,0,0,0,265,,,,
078687,0,0,0,16,,,,
078688,0,0,0,61,,,,
078689,0,0,0,-190,,,,
078690,0,0,0,7,,,,
078691,0,0,0,20,,,,
078696,0,0,0,18,,,,
078697,0,0,0,192,,,,
078698,0,0,0,82,,,,
078699,0,0,0,15,,,,
078700,0,0,0,154,,,,
078701,0,0,0,-1,,,,
078703,0,0,0,39,,,,
078704,0,0,0,-32,,,,
078705,0,0,0,125,,,,
078706,0,0,0,-10,,,,
078707,0,0,0,-50,,,,
078708,0,0,0,-39,,,,
078711,0,0,0,11,,,,
078713,0,0,0,10,,,,
078714,0,0,0,-5,,,,
078716,0,0,0,1046,,,,
078722,0,0,0,-44,,,,
078723,0,0,0,-48,,,,
078725,0,0,0,0,,,,
078726,0,0,0,-90,,,,
078728,0,0,0,51,,,,
078729,0,0,0,-8,,,,
078730,0,0,0,-14,,,,
078731,0,0,0,1,,,,
078732,0,0,0,-132,,,,
078733,0,0,0,28,,,,
078734,0,0,0,20,,,,
078735,0,0,0,71,,,,
078737,0,0,0,225,,,,
078738,0,0,0,6,,,,
078739,0,0,0,36,,,,
078741,0,0,0,-41,,,,
078742,0,0,0,-44,,,,
078743,0,0,0,52,,,,
078745,0,0,0,173,,,,
078746,0,0,0,-13,,,,
078749,0,0,0,11,,,,
078751,0,0,0,0,,,,
078756,0,0,0,-50,,,,
078757,0,0,0,5,,,,
078758,0,0,0,-213,,,,
078759,0,0,0,10,,,,
078760,0,0,0,-48,,,,
078761,0,0,0,-25,,,,
078763,0,0,0,-89,,,,
078764,0,0,0,-62,,,,
078766,0,0,0,12,,,,
078767,0,0,0,0,,,,
078768,0,0,0,-12,,,,
078771,0,0,0,-33,,,,
078772,0,0,0,28,,,,
078773,0,0,0,4,,,,
078774,0,0,0,-7,,,,
078775,0,0,0,2,,,,
078776,0,0,0,-55,,,,
078777,0,0,0,0,,,,
078778,0,0,0,0,,,,
078779,0,0,0,29,,,,
078781,0,0,0,28,,,,
078782,0,0,0,3,,,,
078783,0,0,0,-41,,,,
078784,0,0,0,-182,,,,
078785,0,0,0,7,,,,
078786,0,0,0,48,,,,
078787,0,0,0,-25,,,,
078788,0,0,0,-116,,,,
078789,0,0,0,75,,,,
078793,0,0,0,-35,,,,
078794,0,0,0,20,,,,
078796,0,0,0,-50,,,,
078797,0,0,0,1,,,,
078798,0,0,0,20,,,,
078799,0,0,0,35,,,,
078800,0,0,0,-3,,,,
078801,0,0,0,8,,,,
078802,0,0,0,15,,,,
078803,0,0,0,24,,,,
078807,0,0,0,43,,,,
078808,0,0,0,41,,,,
078809,0,0,0,-122,,,,
078810,0,0,0,-14,,,,
078815,0,0,0,-2,,,,
078816,0,0,0,-3,,,,
078817,0,0,0,-101,,,,
078818,0,0,0,255,,,,
078822,0,0,0,94,,,,
078823,0,0,0,-102,,,,
078824,0,0,0,-30,,,,
078825,0,0,0,-43,,,,
078826,0,0,0,-31,,,,
078828,0,0,0,-1,,,,
078831,0,0,0,11,,,,
078832,0,0,0,-195,,,,
078833,0,0,0,-253,,,,
078836,0,0,0,-20,,,,
078837,0,0,0,-477,,,,
078838,0,0,0,-507,,,,
078841,0,0,0,-56,,,,
078842,0,0,0,-109,,,,
078843,0,0,0,-21,,,,
078844,0,0,0,168,,,,
078846,0,0,0,6,,,,
078847,0,0,0,-15,,,,
078848,0,0,0,199,,,,
078849,0,0,0,-2,,,,
078850,0,0,0,-27,,,,
078851,0,0,0,21,,,,
078852,0,0,0,44,,,,
078854,0,0,0,157,,,,
078855,0,0,0,30,,,,
078858,0,0,0,21,,,,
078859,0,0,0,31,,,,
078860,0,0,0,-21,,,,
078861,0,0,0,32,,,,
078862,0,0,0,-121,,,,
078863,0,0,0,68,,,,
078865,0,0,0,-50,,,,
078866,0,0,0,-180,,,,
078867,0,0,0,0,,,,
078868,0,0,0,-149,,,,
078870,0,0,0,140,,,,
078873,0,0,0,65,,,,
078874,0,0,0,-152,,,,
078875,0,0,0,-35,,,,
078876,0,0,0,479,,,,
078877,0,0,0,-17,,,,
078878,0,0,0,110,,,,
078879,0,0,0,-91,,,,
078880,0,0,0,67,,,,
078882,0,0,0,-301,,,,
078883,0,0,0,-167,,,,
078884,0,0,0,8,,,,
078885,0,0,0,3,,,,
078886,0,0,0,140,,,,
078887,0,0,0,-440,,,,
078888,0,0,0,186,,,,
078889,0,0,0,-90,,,,
078890,0,0,0,-116,,,,
078891,0,0,0,11,,,,
078893,0,0,0,15,,,,
078896,0,0,0,-599,,,,
078897,0,0,0,47,,,,
078898,0,0,0,-181,,,,
078902,0,0,0,-33,,,,
078905,0,0,0,-23,,,,
078906,0,0,0,1,,,,
078907,0,0,0,-76,,,,
078908,0,0,0,75,,,,
078909,0,0,0,104,,,,
078912,0,0,0,-15,,,,
078916,0,0,0,-60,,,,
078917,0,0,0,-177,,,,
078922,0,0,0,-21,,,,
078923,0,0,0,-41,,,,
078925,0,0,0,6,,,,
078926,0,0,0,-44,,,,
078927,0,0,0,-472,,,,
078929,0,0,0,-25,,,,
078930,0,0,0,-3,,,,
078931,0,0,0,-8,,,,
078932,0,0,0,3,,,,
078934,0,0,0,-16,,,,
078937,0,0,0,-5,,,,
078938,0,0,0,5,,,,
078940,0,0,0,18,,,,
078941,0,0,0,35,,,,
078942,0,0,0,-14,,,,
078946,0,0,0,4,,,,
078947,0,0,0,304,,,,
078948,0,0,0,-30,,,,
078949,0,0,0,-17,,,,
078951,0,0,0,-145,,,,
078952,0,0,0,39,,,,
078953,0,0,0,-9,,,,
078954,0,0,0,7,,,,
078956,0,0,0,-220,,,,
078957,0,0,0,258,,,,
078958,0,0,0,13,,,,
078960,0,0,0,-74,,,,
078962,0,0,0,-126,,,,
078964,0,0,0,6,,,,
078966,0,0,0,10,,,,
078968,0,0,0,49,,,,
078969,0,0,0,-28,,,,
078972,0,0,0,20,,,,
078974,0,0,0,-9,,,,
078975,0,0,0,20,,,,
078976,0,0,0,68,,,,
078977,0,0,0,-281,,,,
078978,0,0,0,-106,,,,
078979,0,0,0,8,,,,
078983,0,0,0,32,,,,
078984,0,0,0,-100,,,,
078986,0,0,0,3,,,,
078988,0,0,0,4,,,,
078989,0,0,0,718,,,,
078991,0,0,0,175,,,,
078992,0,0,0,10,,,,
078993,0,0,0,-12,,,,
078995,0,0,0,4,,,,
078996,0,0,0,-1,,,,
078997,0,0,0,-67,,,,
078998,0,0,0,-68,,,,
078999,0,0,0,107,,,,
079000,0,0,0,571,,,,
079004,0,0,0,-87,,,,
079007,0,0,0,12,,,,
079011,0,0,0,-42,,,,
079013,0,0,0,182,,,,
079015,0,0,0,-279,,,,
079016,0,0,0,-19,,,,
079017,0,0,0,-84,,,,
079018,0,0,0,10,,,,
079019,0,0,0,-30,,,,
079021,0,0,0,-83,,,,
079023,0,0,0,-160,,,,
079024,0,0,0,-9,,,,
079025,0,0,0,101,,,,
079026,0,0,0,-30,,,,
079027,0,0,0,-4,,,,
079028,0,0,0,-5,,,,
079030,0,0,0,-206,,,,
079031,0,0,0,486,,,,
079032,0,0,0,119,,,,
079034,0,0,0,-10,,,,
079035,0,0,0,35,,,,
079036,0,0,0,148,,,,
079037,0,0,0,-156,,,,
079038,0,0,0,-111,,,,
079039,0,0,0,31,,,,
079040,0,0,0,332,,,,
079041,0,0,0,-115,,,,
079042,0,0,0,200,,,,
079043,0,0,0,-33,,,,
079046,0,0,0,-73,,,,
079047,0,0,0,481,,,,
079048,0,0,0,163,,,,
079049,0,0,0,16,,,,
079051,0,0,0,-123,,,,
079052,0,0,0,-222,,,,
079053,0,0,0,20,,,,
079055,0,0,0,-152,,,,
079056,0,0,0,1,,,,
079057,0,0,0,19,,,,
079059,0,0,0,123,,,,
079060,0,0,0,27,,,,
079061,0,0,0,-213,,,,
079064,0,0,0,6,,,,
079065,0,0,0,32,,,,
079067,0,0,0,-1,,,,
079069,0,0,0,0,,,,
079071,0,0,0,220,,,,
079073,0,0,0,68,,,,
079076,0,0,0,-35,,,,
079078,0,0,0,-26,,,,
079079,0,0,0,-66,,,,
079080,0,0,0,141,,,,
079081,-183,0,0,128,,,,
079082,0,0,0,-34,,,,
079084,0,0,0,-35,,,,
079086,0,0,0,-129,,,,
079088,0,0,0,-16,,,,
079089,0,0,0,7,,,,
079090,0,0,0,148,,,,
079093,0,0,0,30,,,,
079097,0,0,0,-100,,,,
079098,0,0,0,-88,,,,
079100,0,0,0,28,,,,
079102,0,0,0,10,,,,
079103,0,0,0,73,,,,
079104,0,0,0,-331,,,,
079105,0,0,0,30,,,,
079107,0,0,0,-10,,,,
079109,0,0,0,20,,,,
079110,0,0,0,70,,,,
079111,0,0,0,0,,,,
079112,0,0,0,-2260,,,,
079114,0,0,0,76,,,,
079115,0,0,0,-43,,,,
079116,0,0,0,0,,,,
079117,0,0,0,55,,,,
079118,0,0,0,43,,,,
079120,0,0,0,118,,,,
079121,0,0,0,320,,,,
079123,0,0,0,-3,,,,
079124,0,0,0,21,,,,
079125,0,0,0,-51,,,,
079126,0,0,0,60,,,,
079127,0,0,0,-18,,,,
079128,0,0,0,-65,,,,
079129,0,0,0,57,,,,
079132,0,0,0,7,,,,
079134,0,0,0,124,,,,
079135,0,0,0,20,,,,
079136,0,0,0,-15,,,,
079137,0,0,0,-69,,,,
079138,0,0,0,-6,,,,
079139,0,0,0,-171,,,,
079140,0,0,0,63,,,,
079141,0,0,0,-6,,,,
079142,0,0,0,-100,,,,
079146,0,0,0,100,,,,
079147,0,0,0,-36,,,,
079148,0,0,0,-186,,,,
079149,0,0,0,-51,,,,
079153,0,0,0,-126,,,,
079154,0,0,0,61,,,,
079155,0,0,0,-108,,,,
079162,0,0,0,-60,,,,
079163,0,0,0,36,,,,
079165,0,0,0,41,,,,
079167,0,0,0,30,,,,
079168,0,0,0,-18,,,,
079169,0,0,0,6,,,,
079170,0,0,0,63,,,,
079171,0,0,0,-41,,,,
079173,0,0,0,-46,,,,
079174,0,0,0,-170,,,,
079176,0,0,0,-266,,,,
079178,0,0,0,-24,,,,
079179,0,0,0,78,,,,
079180,0,0,0,-9,,,,
079181,0,0,0,47,,,,
079182,0,0,0,-250,,,,
079185,0,0,0,1,,,,
079186,0,0,0,3,,,,
079187,0,0,0,-33,,,,
079188,0,0,0,-3,,,,
079189,0,0,0,26,,,,
079190,0,0,0,15,,,,
079191,0,0,0,-50,,,,
079192,0,0,0,-242,,,,
079193,0,0,0,13,,,,
079195,0,0,0,-85,,,,
079196,0,0,0,859,,,,
079197,0,0,0,-183,,,,
079198,0,0,0,-69,,,,
079199,0,0,0,-168,,,,
079200,0,0,0,1,,,,
079201,0,0,0,-9,,,,
079202,0,0,0,-168,,,,
079203,0,0,0,66,,,,
079206,0,0,0,-36,,,,
079209,0,0,0,-488,,,,
079210,0,0,0,586,,,,
079211,0,0,0,796,,,,
079212,0,0,0,105,,,,
079214,0,0,0,168,,,,
079215,0,0,0,220,,,,
079216,0,0,0,-224,,,,
079218,0,0,0,-58,,,,
079219,0,0,0,22,,,,
079220,0,0,0,157,,,,
079221,0,0,0,162,,,,
079222,0,0,0,-31,,,,
079223,0,0,0,711,,,,
079224,0,0,0,37,,,,
079227,0,0,0,-23,,,,
079228,0,0,0,-21,,,,
079229,0,0,0,15,,,,
079230,0,0,0,-154,,,,
079232,0,0,0,-28,,,,
079233,0,0,0,-342,,,,
079235,0,0,0,-13,,,,
079237,0,0,0,-147,,,,
079238,0,0,0,-11,,,,
079240,0,0,0,-28,,,,
079243,0,0,0,-90,,,,
079244,0,0,0,0,,,,
079246,0,0,0,11,,,,
079247,0,0,0,-484,,,,
079248,0,0,0,1,,,,
079250,0,0,0,-15,,,,
079253,0,0,0,183,,,,
079254,0,0,0,72,,,,
079255,0,0,0,-292,,,,
079256,0,0,0,-37,,,,
079257,0,0,0,-1,,,,
079258,0,0,0,16,,,,
079259,0,0,0,0,,,,
079260,0,0,0,-15,,,,
079261,0,0,0,50,,,,
079262,0,0,0,26,,,,
079263,0,0,0,30,,,,
079264,0,0,0,63,,,,
079265,0,0,0,51,,,,
079266,0,0,0,15,,,,
079267,0,0,0,323,,,,
079271,0,0,0,-12,,,,
079272,0,0,0,3,,,,
079273,0,0,0,-23,,,,
079275,0,0,0,2,,,,
079278,0,0,0,1,,,,
079279,0,0,0,13,,,,
079281,0,0,0,-20,,,,
079284,0,0,0,-17,,,,
079285,0,0,0,-36,,,,
079286,0,0,0,-2,,,,
079290,0,0,0,10,,,,
079291,0,0,0,33,,,,
079293,0,0,0,1,,,,
079294,0,0,0,-22,,,,
079295,0,0,0,-10,,,,
079296,0,0,0,-31,,,,
079297,0,0,0,0,,,,
079299,0,0,0,-25,,,,
079300,0,0,0,1,,,,
079301,0,0,0,27,,,,
079302,0,0,0,11,,,,
079304,0,0,0,-3,,,,
079306,0,0,0,30,,,,
079310,0,0,0,6,,,,
079311,0,0,0,28,,,,
079312,0,0,0,9,,,,
079314,0,0,0,3,,,,
079316,0,0,0,-229,,,,
079317,0,0,0,-155,,,,
079318,0,0,0,-12,,,,
079319,0,0,0,2079,,,,
079320,0,0,0,62,,,,
079322,0,0,0,364,,,,
079324,0,0,0,-100,,,,
079326,0,0,0,-54,,,,
079327,0,0,0,-58,,,,
079328,0,0,0,-498,,,,
079329,0,0,0,-394,,,,
07932U,0,0,0,10,,,,
079330,0,0,0,114,,,,
079331,0,0,0,-1766,,,,
079332,0,0,0,-148,,,,
079335,0,0,0,0,,,,
079336,0,0,0,10,,,,
079337,0,0,0,86,,,,
079339,0,0,0,40,,,,
079340,0,0,0,0,,,,
079341,0,0,0,6,,,,
079342,0,0,0,103,,,,
079343,0,0,0,-177,,,,
079345,0,0,0,-8,,,,
079346,0,0,0,-22,,,,
079347,0,0,0,50,,,,
079348,0,0,0,7,,,,
079349,0,0,0,-14,,,,
079353,0,0,0,63,,,,
079355,0,0,0,-33,,,,
079359,0,0,0,-117,,,,
079363,0,0,0,-12,,,,
079364,0,0,0,175,,,,
079365,0,0,0,17,,,,
079367,0,0,0,13,,,,
079369,0,0,0,-42,,,,
079370,0,0,0,-19,,,,
079372,0,0,0,-19,,,,
079374,0,0,0,-5,,,,
079375,0,0,0,-77,,,,
079378,0,0,0,-227,,,,
079379,0,0,0,-70,,,,
079380,0,0,0,137,,,,
079382,0,0,0,-2,,,,
079383,0,0,0,113,,,,
079384,0,0,0,31,,,,
079385,0,0,0,638,,,,
079386,0,0,0,-86,,,,
079388,0,0,0,11,,,,
079390,0,0,0,0,,,,
079391,0,0,0,80,,,,
079393,0,0,0,3,,,,
079395,0,0,0,-6,,,,
079396,0,0,0,-262,,,,
079397,0,0,0,641,,,,
079399,0,0,0,20,,,,
079400,0,0,0,-232,,,,
079402,0,0,0,55,,,,
079403,0,0,0,-13,,,,
079404,0,0,0,-31,,,,
079405,0,0,0,49,,,,
079406,0,0,0,0,,,,
079407,0,0,0,48,,,,
079411,0,0,0,86,,,,
079412,0,0,0,29,,,,
079414,0,0,0,-251,,,,
079417,0,0,0,-77,,,,
079419,0,0,0,-28,,,,
079420,0,0,0,10,,,,
079422,0,0,0,-10,,,,
079423,0,0,0,-5,,,,
079429,2,0,0,114,,,,
079432,0,0,0,43,,,,
079433,0,0,0,-310,,,,
079436,0,0,0,-107,,,,
079437,0,0,0,23,,,,
079438,0,0,0,33,,,,
079439,0,0,0,-28,,,,
079440,0,0,0,20,,,,
079441,0,0,0,-269,,,,
079442,0,0,0,-10,,,,
079443,0,0,0,-250,,,,
079444,0,0,0,10,,,,
079445,0,0,0,-55,,,,
079446,0,0,0,63,,,,
079447,0,0,0,16,,,,
079449,0,0,0,-227,,,,
079450,0,0,0,-566,,,,
079452,0,0,0,-33,,,,
079453,0,0,0,-23,,,,
079456,0,0,0,-59,,,,
079457,0,0,0,-95,,,,
079458,0,0,0,1,,,,
079462,0,0,0,-239,,,,
079464,0,0,0,40,,,,
079468,0,0,0,-33,,,,
079471,0,0,0,-80,,,,
079472,0,0,0,-16,,,,
079474,0,0,0,-16,,,,
079475,0,0,0,30,,,,
079477,0,0,0,-4,,,,
079479,0,0,0,-141,,,,
079480,0,0,0,111,,,,
079481,0,0,0,57,,,,
079482,0,0,0,120,,,,
079483,0,0,0,35,,,,
079484,0,0,0,-26,,,,
079486,0,0,0,-5,,,,
079487,0,0,0,-33,,,,
079488,0,0,0,-56,,,,
079489,0,0,0,-9,,,,
079490,0,0,0,-143,,,,
079492,0,0,0,-41,,,,
079493,0,0,0,10,,,,
079494,0,0,0,369,,,,
079495,0,0,0,431,,,,
079497,0,0,0,26,,,,
079499,0,0,0,-3,,,,
079500,0,0,0,271,,,,
079501,0,0,0,-155,,,,
079503,0,0,0,1,,,,
079505,0,0,0,-76,,,,
079506,0,0,0,24,,,,
079507,0,0,0,384,,,,
079508,0,0,0,501,,,,
079509,0,0,0,43,,,,
079510,0,0,0,-162,,,,
079512,0,0,0,8,,,,
079513,0,0,0,21,,,,
079514,0,0,0,5,,,,
079517,0,0,0,71,,,,
079521,0,0,0,-31,,,,
079522,0,0,0,-60,,,,
079523,0,0,0,-16,,,,
079524,0,0,0,16,,,,
079525,0,0,0,-24,,,,
079527,0,0,0,-12,,,,
079529,0,0,0,-233,,,,
079532,0,0,0,18,,,,
079533,0,0,0,-66,,,,
079534,0,0,0,-326,,,,
079535,0,0,0,-15,,,,
079537,0,0,0,78,,,,
079538,0,0,0,1,,,,
079540,0,0,0,3,,,,
079542,0,0,0,-28,,,,
079543,0,0,0,-144,,,,
079544,0,0,0,632,,,,
079545,0,0,0,41,,,,
079546,0,0,0,129,,,,
079549,0,0,0,25,,,,
079550,0,0,0,-8,,,,
079552,0,0,0,-20,,,,
079553,0,0,0,-102,,,,
079554,0,0,0,-209,,,,
079555,0,0,0,-74,,,,
079556,0,0,0,0,,,,
079563,0,0,0,-5,,,,
079565,0,0,0,-20,,,,
079566,0,0,0,-1,,,,
079567,0,0,0,190,,,,
079568,0,0,0,365,,,,
079569,0,0,0,-198,,,,
079570,0,0,0,6,,,,
079573,0,0,0,-10,,,,
079574,0,0,0,182,,,,
079575,0,0,0,203,,,,
079576,0,0,0,137,,,,
079577,0,0,0,-15,,,,
079578,0,0,0,107,,,,
079579,0,0,0,-1063,,,,
079580,0,0,0,7,,,,
079581,0,0,0,-62,,,,
079582,0,0,0,0,,,,
079583,0,0,0,-335,,,,
079584,0,0,0,79,,,,
079585,0,0,0,10,,,,
079587,0,0,0,-100,,,,
079591,0,0,0,3,,,,
079592,0,0,0,114,,,,
079593,0,0,0,12,,,,
079594,0,0,0,1,,,,
079595,0,0,0,393,,,,
079596,0,0,0,353,,,,
079597,0,0,0,-243,,,,
079598,0,0,0,-2,,,,
079602,0,0,0,-1217,,,,
079604,0,0,0,-1052,,,,
079605,0,0,0,-443,,,,
079606,0,0,0,61,,,,
079607,0,0,0,-3,,,,
079610,0,0,0,-6,,,,
079611,0,0,0,-61,,,,
079612,0,0,0,-101,,,,
079615,0,0,0,-176,,,,
079616,0,0,0,-116,,,,
079617,0,0,0,8,,,,
079618,0,0,0,-100,,,,
079620,0,0,0,721,,,,
079621,0,0,0,59,,,,
079622,0,0,0,-271,,,,
079623,0,0,0,-399,,,,
079624,0,0,0,-778,,,,
079625,0,0,0,-42,,,,
079626,0,0,0,-16,,,,
079627,0,0,0,93,,,,
079628,0,0,0,-143,,,,
079629,0,0,0,-358,,,,
079630,0,0,0,30,,,,
079631,0,0,0,-281,,,,
079634,0,0,0,111,,,,
079635,0,0,0,79,,,,
079636,0,0,0,-8,,,,
079637,0,0,0,-54,,,,
079638,0,0,0,-107,,,,
079640,0,0,0,248,,,,
079641,0,0,0,102,,,,
079643,0,0,0,14,,,,
079645,0,0,0,267,,,,
079647,0,0,0,10,,,,
079648,0,0,0,-118,,,,
079650,0,0,0,-15,,,,
079655,0,0,0,43,,,,
079659,0,0,0,-144,,,,
079660,0,0,0,-61,,,,
079662,0,0,0,8,,,,
079663,0,0,0,10,,,,
079664,0,0,0,83,,,,
079666,0,0,0,-36,,,,
079668,0,0,0,10,,,,
079669,0,0,0,-113,,,,
079670,0,0,0,-10,,,,
079672,0,0,0,8,,,,
079673,0,0,0,-8,,,,
079674,0,0,0,-60,,,,
079675,0,0,0,-12,,,,
079676,0,0,0,-1,,,,
079678,0,0,0,-112,,,,
079679,0,0,0,-30,,,,
079681,0,0,0,-1,,,,
079683,0,0,0,-5,,,,
079684,0,0,0,-57,,,,
079685,0,0,0,43,,,,
079686,0,0,0,103,,,,
079687,0,0,0,-48,,,,
079688,0,0,0,2,,,,
079689,0,0,0,-10,,,,
079692,0,0,0,-49,,,,
079693,0,0,0,-32,,,,
079694,0,0,0,-10,,,,
079698,0,0,0,-401,,,,
079701,0,0,0,-95,,,,
079702,0,0,0,1,,,,
079703,0,0,0,4,,,,
079704,0,0,0,-27,,,,
079705,0,0,0,461,,,,
079707,0,0,0,-309,,,,
079709,0,0,0,158,,,,
079711,0,0,0,-130,,,,
079712,0,0,0,59,,,,
079714,0,0,0,-18,,,,
079715,0,0,0,-4,,,,
079716,0,0,0,-6,,,,
079717,0,0,0,-87,,,,
079718,0,0,0,-363,,,,
079719,0,0,0,-46,,,,
079721,0,0,0,-119,,,,
079722,0,0,0,-109,,,,
079723,0,0,0,-20,,,,
079724,0,0,0,2,,,,
079725,0,0,0,-46,,,,
079726,0,0,0,-3,,,,
079728,0,0,0,-6,,,,
079730,0,0,0,-358,,,,
079731,0,0,0,-709,,,,
079732,0,0,0,168,,,,
079733,0,0,0,-21,,,,
079734,0,0,0,-417,,,,
079735,0,0,0,-25,,,,
079736,0,0,0,-661,,,,
079737,0,0,0,123,,,,
079738,0,0,0,24,,,,
079739,0,0,0,-16,,,,
079740,0,0,0,0,,,,
079741,0,0,0,5,,,,
079745,0,0,0,-122,,,,
079746,0,0,0,-16,,,,
079747,0,0,0,-8,,,,
079749,0,0,0,-324,,,,
079751,0,0,0,-28,,,,
079752,0,0,0,456,,,,
079754,0,0,0,90,,,,
079756,0,0,0,236,,,,
079757,0,0,0,-12,,,,
079758,0,0,0,-64,,,,
079759,0,0,0,529,,,,
079761,0,0,0,17,,,,
079762,0,0,0,10,,,,
079763,0,0,0,-14,,,,
079764,0,0,0,-339,,,,
079766,0,0,0,8,,,,
079767,0,0,0,143,,,,
079768,0,0,0,-121,,,,
079769,0,0,0,-61,,,,
079770,0,0,0,-195,,,,
079771,0,0,0,0,,,,
079772,0,0,0,-59,,,,
079773,0,0,0,176,,,,
079774,0,0,0,61,,,,
079775,0,0,0,211,,,,
079776,0,0,0,53,,,,
079778,0,0,0,5,,,,
079779,0,0,0,68,,,,
079780,0,0,0,80,,,,
079783,0,0,0,39,,,,
079785,0,0,0,-2,,,,
079786,0,0,0,-73,,,,
079787,0,0,0,25,,,,
079788,0,0,0,30,,,,
079789,0,0,0,25,,,,
079790,0,0,0,-20,,,,
079791,0,0,0,10,,,,
079793,0,0,0,-4,,,,
079795,0,0,0,1,,,,
079796,0,0,0,-811,,,,
079797,0,0,0,-15,,,,
079798,0,0,0,-57,,,,
079799,0,0,0,-79,,,,
079800,0,0,0,37,,,,
079801,0,0,0,256,,,,
079804,0,0,0,12,,,,
079805,0,0,0,15,,,,
079806,0,0,0,281,,,,
079808,0,0,0,30,,,,
079809,0,0,0,30,,,,
079811,0,0,0,25,,,,
079812,0,0,0,42,,,,
079813,0,0,0,-15,,,,
079814,0,0,0,1,,,,
079815,0,0,0,-712,,,,
079818,0,0,0,-36,,,,
079819,0,0,0,1,,,,
079820,0,0,0,2,,,,
079822,0,0,0,-55,,,,
079823,0,0,0,-29,,,,
079824,0,0,0,-47,,,,
079825,0,0,0,0,,,,
079826,0,0,0,-24,,,,
079829,0,0,0,-419,,,,
079832,0,0,0,14,,,,
079833,0,0,0,-11,,,,
079834,0,0,0,-145,,,,
079836,0,0,0,-29,,,,
079837,0,0,0,26,,,,
079840,0,0,0,80,,,,
079841,0,0,0,-29,,,,
079843,0,0,0,5,,,,
079844,0,0,0,30,,,,
079845,0,0,0,8,,,,
079846,0,0,0,-105,,,,
079848,0,0,0,-91,,,,
079850,0,0,0,23,,,,
079853,0,0,0,13,,,,
079854,0,0,0,-293,,,,
079855,0,0,0,-312,,,,
079857,0,0,0,231,,,,
079859,0,0,0,-51,,,,
079861,0,0,0,-50,,,,
079862,0,0,0,-250,,,,
079865,0,0,0,37,,,,
079867,0,0,0,-22,,,,
079868,0,0,0,-4,,,,
079869,0,0,0,39,,,,
079870,0,0,0,-129,,,,
079871,0,0,0,66,,,,
079872,0,0,0,-258,,,,
079875,0,0,0,30,,,,
079876,0,0,0,12,,,,
079877,0,0,0,-20,,,,
079878,0,0,0,5,,,,
079879,0,0,0,-86,,,,
079880,0,0,0,-417,,,,
079881,0,0,0,1,,,,
079884,0,0,0,-39,,,,
079888,0,0,0,-37,,,,
079889,0,0,0,-76,,,,
079890,0,0,0,-38,,,,
079892,0,0,0,18,,,,
079893,0,0,0,69,,,,
079894,0,0,0,80,,,,
079895,0,0,0,20,,,,
079896,0,0,0,-6,,,,
079899,0,0,0,229,,,,
079900,0,0,0,-80,,,,
079901,0,0,0,-18,,,,
079902,0,0,0,-56,,,,
079903,0,0,0,-43,,,,
079904,0,0,0,-190,,,,
079905,0,0,0,-3,,,,
079907,0,0,0,-20,,,,
079908,0,0,0,-2,,,,
079910,0,0,0,-251,,,,
079912,0,0,0,-184,,,,
079913,0,0,0,0,,,,
079914,0,0,0,0,,,,
079915,0,0,0,-168,,,,
079920,0,0,0,11,,,,
079922,0,0,0,-292,,,,
079923,0,0,0,-22,,,,
079925,0,0,0,2,,,,
079926,0,0,0,-457,,,,
079927,0,0,0,-389,,,,
079928,0,0,0,-1073,,,,
079930,0,0,0,-3,,,,
079931,0,0,0,139,,,,
079932,0,0,0,-95,,,,
079934,0,0,0,-30,,,,
079935,0,0,0,244,,,,
079936,0,0,0,73,,,,
079939,0,0,0,58,,,,
079940,0,0,0,139,,,,
079941,0,0,0,-39,,,,
079943,0,0,0,-93,,,,
079944,0,0,0,238,,,,
079945,0,0,0,249,,,,
079946,0,0,0,-40,,,,
079948,0,0,0,-137,,,,
079949,0,0,0,0,,,,
079950,0,0,0,-21,,,,
079953,0,0,0,-42,,,,
079954,0,0,0,51,,,,
079955,0,0,0,68,,,,
079957,0,0,0,25,,,,
079961,0,0,0,-5,,,,
079962,0,0,0,-309,,,,
079963,0,0,0,20,,,,
079964,0,0,0,-18,,,,
079965,0,0,0,75,,,,
079966,0,0,0,-60,,,,
079968,0,0,0,-10,,,,
079970,0,0,0,-141,,,,
079971,0,0,0,-63,,,,
079972,0,0,0,-174,,,,
079974,0,0,0,0,,,,
079975,0,0,0,-41,,,,
079976,0,0,0,-9,,,,
079977,0,0,0,-3,,,,
079978,0,0,0,44,,,,
079979,0,0,0,-83,,,,
079980,0,0,0,30,,,,
079983,0,0,0,-5,,,,
079984,0,0,0,-139,,,,
079985,0,0,0,79,,,,
079989,0,0,0,1,,,,
079990,0,0,0,0,,,,
079991,0,0,0,68,,,,
079994,0,0,0,-1,,,,
079996,0,0,0,57,,,,
079997,0,0,0,-85,,,,
080000,0,0,0,20,,,,
080001,0,0,0,-20,,,,
080002,0,0,0,-3,,,,
080003,0,0,0,-94,,,,
080004,0,0,0,31,,,,
080006,0,0,0,73,,,,
080007,0,0,0,51,,,,
080010,0,0,0,-555,,,,
080011,0,0,0,-54,,,,
080012,0,0,0,-597,,,,
080013,0,0,0,-83,,,,
080014,0,0,0,-123,,,,
080015,0,0,0,-180,,,,
080016,0,0,0,-1,,,,
080018,0,0,0,21,,,,
080019,0,0,0,237,,,,
080020,0,0,0,-28,,,,
080021,0,0,0,106,,,,
080022,0,0,0,13,,,,
080023,0,0,0,239,,,,
080025,0,0,0,163,,,,
080026,0,0,0,-2,,,,
080027,0,0,0,-28,,,,
080028,0,0,0,-31,,,,
080029,0,0,0,5,,,,
080031,0,0,0,9,,,,
080032,0,0,0,100,,,,
080033,0,0,0,-14,,,,
080034,0,0,0,-32,,,,
080035,0,0,0,26,,,,
080036,0,0,0,2,,,,
080039,0,0,0,66,,,,
080040,0,0,0,-43,,,,
080044,0,0,0,25,,,,
080045,-40,0,0,290,,,,
080046,0,0,0,154,,,,
080047,0,0,0,-53,,,,
080048,0,0,0,-259,,,,
080049,0,0,0,-69,,,,
080050,0,0,0,55,,,,
080051,0,0,0,5,,,,
080053,0,0,0,1,,,,
080054,0,0,0,-32,,,,
080055,0,0,0,-93,,,,
080057,0,0,0,-134,,,,
080059,0,0,0,299,,,,
080060,0,0,0,212,,,,
080062,0,0,0,49,,,,
080063,0,0,0,33,,,,
080064,0,0,0,-97,,,,
080066,0,0,0,153,,,,
080067,0,0,0,33,,,,
080068,0,0,0,-121,,,,
080069,0,0,0,3,,,,
080070,0,0,0,-10,,,,
080071,0,0,0,-17,,,,
080072,0,0,0,39,,,,
080073,0,0,0,49,,,,
080074,0,0,0,-4,,,,
080075,0,0,0,40,,,,
080077,0,0,0,32,,,,
080079,0,0,0,462,,,,
080080,0,0,0,-257,,,,
080081,0,0,0,-232,,,,
080083,0,0,0,-83,,,,
080085,0,0,0,-302,,,,
080086,0,0,0,-42,,,,
080087,0,0,0,17,,,,
080088,0,0,0,42,,,,
080089,-5,0,0,-23,,,,
080091,0,0,0,-402,,,,
080092,0,0,0,-26,,,,
080093,0,0,0,10,,,,
080095,0,0,0,10,,,,
080096,0,0,0,55,,,,
080097,0,0,0,136,,,,
080099,0,0,0,112,,,,
080100,0,0,0,-80,,,,
080101,-39,0,0,-45,,,,
080102,0,0,0,213,,,,
080103,-30,0,0,-762,,,,
080104,0,0,0,48,,,,
080105,0,0,0,-5,,,,
080106,0,0,0,-184,,,,
080108,0,0,0,-120,,,,
080109,0,0,0,5,,,,
080110,0,0,0,10,,,,
080111,0,0,0,151,,,,
080113,0,0,0,7,,,,
080114,0,0,0,44,,,,
080115,0,0,0,-119,,,,
080117,0,0,0,-41,,,,
080118,0,0,0,17,,,,
080119,0,0,0,10,,,,
080120,0,0,0,-5,,,,
080122,0,0,0,-791,,,,
080123,0,0,0,-13,,,,
080125,0,0,0,100,,,,
080126,0,0,0,-22,,,,
080127,0,0,0,394,,,,
080128,0,0,0,10,,,,
080129,0,0,0,141,,,,
080131,0,0,0,-28,,,,
080134,0,0,0,-80,,,,
080135,0,0,0,147,,,,
080136,0,0,0,398,,,,
080137,0,0,0,18,,,,
080138,0,0,0,45,,,,
080139,0,0,0,-27,,,,
080140,0,0,0,-52,,,,
080141,0,0,0,146,,,,
080142,0,0,0,-64,,,,
080143,0,0,0,37,,,,
080144,0,0,0,120,,,,
080145,0,0,0,-10,,,,
080150,0,0,0,-100,,,,
080151,0,0,0,-276,,,,
080152,0,0,0,424,,,,
080153,0,0,0,631,,,,
080157,0,0,0,-1251,,,,
080159,0,0,0,-20,,,,
080160,0,0,0,-76,,,,
080162,0,0,0,322,,,,
080164,0,0,0,7,,,,
080166,0,0,0,51,,,,
080167,0,0,0,-242,,,,
080168,0,0,0,1,,,,
080169,0,0,0,-23,,,,
080174,0,0,0,-44,,,,
080175,0,0,0,-162,,,,
080176,0,0,0,164,,,,
080178,0,0,0,-22,,,,
080179,0,0,0,-13,,,,
080181,0,0,0,-1,,,,
080183,0,0,0,50,,,,
080184,0,0,0,-5,,,,
080186,0,0,0,-183,,,,
080187,0,0,0,-314,,,,
080188,0,0,0,-112,,,,
080189,0,0,0,-166,,,,
080190,0,0,0,-55,,,,
080191,0,0,0,5,,,,
080194,0,0,0,180,,,,
080195,0,0,0,393,,,,
080196,0,0,0,-1,,,,
080197,0,0,0,125,,,,
080199,0,0,0,50,,,,
080200,0,0,0,8,,,,
080201,0,0,0,-99,,,,
080202,0,0,0,-89,,,,
080203,0,0,0,-47,,,,
080205,0,0,0,-100,,,,
080206,0,0,0,-9,,,,
080207,0,0,0,-1,,,,
080208,0,0,0,-39,,,,
080209,0,0,0,-24,,,,
080210,0,0,0,1,,,,
080213,0,0,0,7,,,,
080214,0,0,0,-19,,,,
080219,0,0,0,0,,,,
080220,0,0,0,9,,,,
080222,0,0,0,-166,,,,
080223,0,0,0,0,,,,
080224,0,0,0,407,,,,
080226,0,0,0,189,,,,
080227,0,0,0,-21,,,,
080229,0,0,0,80,,,,
080230,0,0,0,-9,,,,
080232,0,0,0,48,,,,
080233,0,0,0,-59,,,,
080235,0,0,0,20,,,,
080237,0,0,0,63,,,,
080238,0,0,0,-32,,,,
080239,0,0,0,-501,,,,
080240,0,0,0,80,,,,
080242,0,0,0,9,,,,
080243,0,0,0,0,,,,
080244,0,0,0,25,,,,
080245,0,0,0,0,,,,
080247,0,0,0,104,,,,
080248,0,0,0,68,,,,
080249,0,0,0,75,,,,
080251,0,0,0,-33,,,,
080252,0,0,0,-34,,,,
080253,0,0,0,-68,,,,
080254,0,0,0,-1296,,,,
080255,0,0,0,-49,,,,
080258,0,0,0,475,,,,
080261,0,0,0,53,,,,
080263,0,0,0,-216,,,,
080265,0,0,0,-20,,,,
080266,0,0,0,-24,,,,
080268,0,0,0,-43,,,,
080269,0,0,0,1,,,,
080271,0,0,0,-300,,,,
080272,0,0,0,7,,,,
080273,0,0,0,-184,,,,
080276,0,0,0,2,,,,
080281,0,0,0,30,,,,
080282,0,0,0,-84,,,,
080283,0,0,0,40,,,,
080284,0,0,0,-70,,,,
080285,0,0,0,155,,,,
080286,0,0,0,-126,,,,
080287,0,0,0,58,,,,
080288,0,0,0,15,,,,
080290,0,0,0,-8,,,,
080291,0,0,0,26,,,,
080292,0,0,0,-43,,,,
080294,0,0,0,180,,,,
080295,0,0,0,14,,,,
080297,0,0,0,1,,,,
080301,0,0,0,48,,,,
080302,0,0,0,217,,,,
080303,0,0,0,112,,,,
080304,0,0,0,44,,,,
080306,0,0,0,1,,,,
080307,0,0,0,55,,,,
080310,0,0,0,-32,,,,
080311,0,0,0,49,,,,
080313,0,0,0,38,,,,
080316,0,0,0,-40,,,,
080317,0,0,0,61,,,,
080319,0,0,0,41,,,,
080320,0,0,0,296,,,,
080321,0,0,0,275,,,,
080325,0,0,0,13,,,,
080328,0,0,0,51,,,,
080329,0,0,0,48,,,,
080331,0,0,0,99,,,,
080333,0,0,0,-145,,,,
080337,0,0,0,-5,,,,
080338,0,0,0,50,,,,
080339,0,0,0,-24,,,,
080342,0,0,0,-322,,,,
080343,0,0,0,-24,,,,
080344,0,0,0,-21,,,,
080345,0,0,0,8,,,,
080347,0,0,0,23,,,,
080350,0,0,0,-553,,,,
080352,0,0,0,-5,,,,
080353,0,0,0,35,,,,
080354,0,0,0,11,,,,
080355,0,0,0,10,,,,
080356,0,0,0,-7,,,,
080357,0,0,0,0,,,,
080359,0,0,0,20,,,,
080362,0,0,0,118,,,,
080364,0,0,0,-109,,,,
080366,0,0,0,391,,,,
080367,0,0,0,-44,,,,
080368,0,0,0,28,,,,
080369,0,0,0,149,,,,
080370,0,0,0,-15,,,,
080371,0,0,0,-28,,,,
080372,0,0,0,-141,,,,
080373,0,0,0,-14,,,,
080374,0,0,0,21,,,,
080376,0,0,0,-195,,,,
080377,0,0,0,42,,,,
080379,0,0,0,-29,,,,
080380,0,0,0,-8,,,,
080381,0,0,0,27,,,,
080382,0,0,0,4,,,,
080383,0,0,0,158,,,,
080384,0,0,0,-92,,,,
080385,0,0,0,28,,,,
080386,0,0,0,-39,,,,
080388,0,0,0,-38,,,,
080389,0,0,0,-10,,,,
080390,0,0,0,-11,,,,
080391,0,0,0,-37,,,,
080392,0,0,0,4,,,,
080393,0,0,0,-92,,,,
080394,0,0,0,-70,,,,
080395,0,0,0,-142,,,,
080396,0,0,0,127,,,,
080398,0,0,0,342,,,,
080399,0,0,0,-10,,,,
080400,0,0,0,20,,,,
080401,0,0,0,687,,,,
080402,0,0,0,-365,,,,
080403,0,0,0,130,,,,
080405,0,0,0,15,,,,
080407,0,0,0,-10,,,,
080408,0,0,0,0,,,,
080409,0,0,0,-80,,,,
080411,0,0,0,3,,,,
080413,0,0,0,-4,,,,
080414,0,0,0,-22,,,,
080418,0,0,0,52,,,,
080420,0,0,0,30,,,,
080421,0,0,0,-27,,,,
080422,0,0,0,-40,,,,
080423,0,0,0,50,,,,
080424,0,0,0,100,,,,
080425,0,0,0,34,,,,
080427,0,0,0,14,,,,
080428,0,0,0,124,,,,
080429,0,0,0,157,,,,
080430,0,0,0,24,,,,
080431,0,0,0,9,,,,
080432,0,0,0,60,,,,
080435,0,0,0,10,,,,
080437,0,0,0,-1,,,,
080438,0,0,0,382,,,,
080439,0,0,0,-58,,,,
080440,0,0,0,-17,,,,
080441,0,0,0,-48,,,,
080444,0,0,0,36,,,,
080445,0,0,0,75,,,,
080446,0,0,0,0,,,,
080448,0,0,0,44,,,,
080451,0,0,0,-29,,,,
080452,0,0,0,0,,,,
080455,0,0,0,0,,,,
080456,0,0,0,-10,,,,
080457,0,0,0,98,,,,
080458,0,0,0,161,,,,
080459,0,0,0,358,,,,
080464,0,0,0,3,,,,
080465,0,0,0,-35,,,,
080467,0,0,0,-194,,,,
080468,0,0,0,-25,,,,
080470,0,0,0,22,,,,
080471,0,0,0,23,,,,
080473,0,0,0,-55,,,,
080474,0,0,0,-5,,,,
080475,0,0,0,43,,,,
080478,0,0,0,23,,,,
080479,0,0,0,-155,,,,
080480,0,0,0,-10,,,,
080483,0,0,0,-95,,,,
080484,0,0,0,17,,,,
080485,0,0,0,-32,,,,
080486,0,0,0,33,,,,
080487,0,0,0,45,,,,
080489,0,0,0,607,,,,
08048U,0,0,0,-10,,,,
080490,0,0,0,-77,,,,
080491,0,0,0,-89,,,,
080492,0,0,0,-449,,,,
080494,0,0,0,-74,,,,
080495,0,0,0,-48,,,,
080496,0,0,0,541,,,,
080498,0,0,0,-20,,,,
080500,0,0,0,80,,,,
080501,0,0,0,-65,,,,
080506,0,0,0,68,,,,
080507,0,0,0,187,,,,
080508,0,0,0,253,,,,
080510,0,0,0,27,,,,
080512,0,0,0,-285,,,,
080514,0,0,0,-39,,,,
080515,0,0,0,99,,,,
080516,0,0,0,-121,,,,
080518,0,0,0,-60,,,,
080519,0,0,0,10,,,,
080520,0,0,0,-49,,,,
080522,0,0,0,-1,,,,
080523,0,0,0,-3,,,,
080524,0,0,0,250,,,,
080525,0,0,0,15,,,,
080526,0,0,0,3,,,,
080527,0,0,0,-5,,,,
080528,0,0,0,-10,,,,
080529,0,0,0,-1,,,,
080530,0,0,0,884,,,,
080531,0,0,0,23,,,,
080532,0,0,0,31,,,,
080533,0,0,0,-23,,,,
080535,0,0,0,-204,,,,
080536,0,0,0,106,,,,
080537,0,0,0,-174,,,,
080538,0,0,0,-177,,,,
080540,0,0,0,154,,,,
080541,0,0,0,-143,,,,
080542,0,0,0,178,,,,
080543,0,0,0,-376,,,,
080544,0,0,0,-272,,,,
080546,0,0,0,16,,,,
080547,0,0,0,352,,,,
080548,0,0,0,-170,,,,
080549,0,0,0,-151,,,,
080550,0,0,0,-11,,,,
080551,0,0,0,-33,,,,
080552,0,0,0,68,,,,
080553,0,0,0,25,,,,
080554,0,0,0,8,,,,
080555,0,0,0,74,,,,
080556,0,0,0,444,,,,
080561,0,0,0,-16,,,,
080563,0,0,0,3,,,,
080564,0,0,0,-20,,,,
080565,0,0,0,49,,,,
080567,0,0,0,-242,,,,
080568,0,0,0,-8,,,,
080570,0,0,0,96,,,,
080571,0,0,0,-70,,,,
080573,0,0,0,49,,,,
080574,0,0,0,74,,,,
080577,0,0,0,-47,,,,
080578,0,0,0,-153,,,,
080579,0,0,0,-322,,,,
080580,0,0,0,-11,,,,
080581,0,0,0,402,,,,
080583,0,0,0,-21,,,,
080584,0,0,0,-230,,,,
080585,0,0,0,-147,,,,
080586,0,0,0,-56,,,,
080589,0,0,0,-269,,,,
080591,0,0,0,-89,,,,
080595,0,0,0,75,,,,
080596,0,0,0,-20,,,,
080597,0,0,0,36,,,,
080598,0,0,0,35,,,,
080599,0,0,0,76,,,,
080600,0,0,0,8,,,,
080602,0,0,0,32,,,,
080603,0,0,0,78,,,,
080606,0,0,0,10,,,,
080607,0,0,0,-79,,,,
080610,0,0,0,46,,,,
080611,0,0,0,-97,,,,
080612,0,0,0,-18,,,,
080613,0,0,0,119,,,,
080615,0,0,0,4,,,,
080617,0,0,0,70,,,,
080618,0,0,0,20,,,,
080620,0,0,0,-21,,,,
080621,0,0,0,17,,,,
080622,0,0,0,17,,,,
080623,0,0,0,-70,,,,
080624,0,0,0,-51,,,,
080626,0,0,0,42,,,,
080627,0,0,0,0,,,,
080629,0,0,0,10,,,,
080631,0,0,0,55,,,,
080633,0,0,0,-39,,,,
080634,0,0,0,-98,,,,
080635,0,0,0,0,,,,
080636,0,0,0,-93,,,,
080641,0,0,0,-45,,,,
080642,0,0,0,48,,,,
080643,0,0,0,-38,,,,
080649,0,0,0,10,,,,
080651,0,0,0,5,,,,
080653,0,0,0,11,,,,
080654,0,0,0,-18,,,,
080655,0,0,0,20,,,,
080656,0,0,0,-41,,,,
080658,0,0,0,2,,,,
080659,0,0,0,13,,,,
080661,0,0,0,-20,,,,
080663,0,0,0,-128,,,,
080664,0,0,0,-44,,,,
080665,0,0,0,-17,,,,
080666,0,0,0,122,,,,
080667,0,0,0,20,,,,
080668,0,0,0,307,,,,
080671,0,0,0,60,,,,
080672,0,0,0,4,,,,
080673,0,0,0,-54,,,,
080674,0,0,0,-275,,,,
080675,0,0,0,-119,,,,
080677,0,0,0,-6,,,,
080682,0,0,0,5,,,,
080683,0,0,0,-20,,,,
080684,0,0,0,4199,,,,
080685,0,0,0,-98,,,,
080686,0,0,0,75,,,,
080687,0,0,0,-118,,,,
080688,0,0,0,294,,,,
080689,0,0,0,-733,,,,
080690,0,0,0,-78,,,,
080692,0,0,0,-10,,,,
080694,0,0,0,-1023,,,,
080695,0,0,0,177,,,,
080696,0,0,0,117,,,,
080697,0,0,0,340,,,,
080698,0,0,0,-93,,,,
080699,0,0,0,-7,,,,
080702,0,0,0,-12,,,,
080703,0,0,0,-135,,,,
080705,0,0,0,84,,,,
080706,0,0,0,-1,,,,
080707,0,0,0,5,,,,
080708,0,0,0,127,,,,
080710,0,0,0,56,,,,
080711,0,0,0,-98,,,,
080713,0,0,0,122,,,,
080714,0,0,0,-23,,,,
080715,0,0,0,153,,,,
080716,0,0,0,62,,,,
080717,1,0,0,-518,,,,
080721,0,0,0,-16,,,,
080722,0,0,0,-80,,,,
080724,0,0,0,-63,,,,
080725,0,0,0,30,,,,
080726,0,0,0,77,,,,
080728,0,0,0,12,,,,
080729,0,0,0,-254,,,,
080730,0,0,0,-15,,,,
080732,0,0,0,2,,,,
080734,0,0,0,85,,,,
080735,0,0,0,-29,,,,
080737,0,0,0,17,,,,
080740,0,0,0,125,,,,
080741,0,0,0,398,,,,
080744,0,0,0,-90,,,,
080746,0,0,0,-5,,,,
080753,0,0,0,0,,,,
080754,0,0,0,-85,,,,
080755,0,0,0,26,,,,
080757,0,0,0,-232,,,,
080758,0,0,0,14,,,,
080759,0,0,0,2971,,,,
080760,0,0,0,-50,,,,
080761,0,0,0,-321,,,,
080763,0,0,0,-100,,,,
080764,0,0,0,228,,,,
080765,0,0,0,227,,,,
080766,0,0,0,-8,,,,
080767,0,0,0,59,,,,
080768,0,0,0,104,,,,
080769,0,0,0,-64,,,,
080770,0,0,0,40,,,,
080772,0,0,0,-980,,,,
080773,0,0,0,-244,,,,
080774,0,0,0,463,,,,
080775,0,0,0,4,,,,
080776,0,0,0,-6,,,,
080777,0,0,0,505,,,,
080778,0,0,0,-4,,,,
080779,0,0,0,-310,,,,
080780,0,0,0,23,,,,
080782,0,0,0,-5,,,,
080784,0,0,0,5,,,,
080785,0,0,0,-225,,,,
080786,0,0,0,-31,,,,
080788,0,0,0,167,,,,
080790,0,0,0,-30,,,,
080791,0,0,0,-37,,,,
080792,0,0,0,28,,,,
080794,0,0,0,27,,,,
080796,0,0,0,44,,,,
080797,0,0,0,29,,,,
080798,0,0,0,1,,,,
080799,0,0,0,-411,,,,
080800,0,0,0,-1,,,,
080801,0,0,0,12,,,,
080802,0,0,0,-20,,,,
080803,0,0,0,119,,,,
080804,0,0,0,5,,,,
080808,0,0,0,30,,,,
080813,0,0,0,18,,,,
080815,0,0,0,-9,,,,
080816,0,0,0,-59,,,,
080817,0,0,0,-125,,,,
080818,0,0,0,2,,,,
080819,0,0,0,-30,,,,
080821,0,0,0,-167,,,,
080825,0,0,0,91,,,,
080826,0,0,0,-187,,,,
080833,0,0,0,-132,,,,
080840,0,0,0,350,,,,
080841,0,0,0,-14,,,,
080842,0,0,0,-145,,,,
080843,0,0,0,81,,,,
080844,0,0,0,-1,,,,
080846,0,0,0,-3,,,,
080848,0,0,0,41,,,,
080849,0,0,0,-21,,,,
080850,0,0,0,1,,,,
080852,0,0,0,-292,,,,
080853,0,0,0,20,,,,
080857,0,0,0,22,,,,
080858,0,0,0,701,,,,
080860,0,0,0,142,,,,
080861,0,0,0,-131,,,,
080865,0,0,0,-352,,,,
080866,0,0,0,33,,,,
080868,0,0,0,92,,,,
080869,0,0,0,-14,,,,
080870,0,0,0,71,,,,
080872,0,0,0,-7,,,,
080873,0,0,0,13,,,,
080874,0,0,0,13,,,,
080875,0,0,0,16,,,,
080876,0,0,0,-30,,,,
080878,0,0,0,26,,,,
080879,0,0,0,26,,,,
080882,0,0,0,-30,,,,
080885,0,0,0,-31,,,,
080886,0,0,0,-203,,,,
080887,0,0,0,17,,,,
080888,0,0,0,-51,,,,
080889,0,0,0,190,,,,
080890,0,0,0,-59,,,,
080891,0,0,0,110,,,,
080892,0,0,0,78,,,,
080893,0,0,0,10,,,,
080896,0,0,0,36,,,,
080897,0,0,0,-156,,,,
080902,0,0,0,-477,,,,
080904,0,0,0,-167,,,,
080905,0,0,0,750,,,,
080906,0,0,0,-108,,,,
080907,0,0,0,-165,,,,
080909,0,0,0,-23,,,,
080910,0,0,0,2,,,,
080911,0,0,0,47,,,,
080912,0,0,0,433,,,,
080913,0,0,0,-74,,,,
080914,0,0,0,-1,,,,
080915,0,0,0,-4,,,,
080917,0,0,0,-141,,,,
080918,0,0,0,83,,,,
080919,0,0,0,-10,,,,
080920,0,0,0,-9,,,,
080921,0,0,0,-19,,,,
080922,0,0,0,-238,,,,
080923,0,0,0,-2,,,,
080924,0,0,0,-716,,,,
080925,0,0,0,-71,,,,
080926,0,0,0,-423,,,,
080930,0,0,0,257,,,,
080931,0,0,0,178,,,,
080932,0,0,0,2,,,,
080933,0,0,0,41,,,,
080934,0,0,0,299,,,,
080936,0,0,0,-64,,,,
080937,0,0,0,823,,,,
080938,0,0,0,134,,,,
080939,0,0,0,-246,,,,
080940,0,0,0,27,,,,
080941,0,0,0,200,,,,
080942,0,0,0,2,,,,
080943,0,0,0,58,,,,
080946,0,0,0,-70,,,,
080947,0,0,0,-12,,,,
080948,0,0,0,-94,,,,
080949,0,0,0,-132,,,,
080951,5,0,0,104,,,,
080953,0,0,0,143,,,,
080954,0,0,0,0,,,,
080955,0,0,0,-60,,,,
080956,0,0,0,166,,,,
080958,0,0,0,108,,,,
080959,0,0,0,24,,,,
080967,0,0,0,1,,,,
080968,0,0,0,-10,,,,
080969,0,0,0,5,,,,
080972,0,0,0,1,,,,
080974,0,0,0,74,,,,
080978,0,0,0,-200,,,,
080980,0,0,0,2,,,,
080981,0,0,0,-1,,,,
080984,0,0,0,49,,,,
080985,0,0,0,262,,,,
080986,0,0,0,-119,,,,
080987,0,0,0,-20,,,,
080988,0,0,0,1,,,,
080992,0,0,0,-530,,,,
080993,0,0,0,36,,,,
080997,0,0,0,-13,,,,
080998,0,0,0,47,,,,
080999,0,0,0,-42,,,,
081000,0,0,0,-18,,,,
081002,0,0,0,-2,,,,
081004,0,0,0,150,,,,
081005,0,0,0,-67,,,,
081009,0,0,0,-96,,,,
081010,0,0,0,47,,,,
081013,0,0,0,24,,,,
081014,0,0,0,32,,,,
081015,0,0,0,-15,,,,
081016,0,0,0,194,,,,
081017,0,0,0,199,,,,
081018,0,0,0,-130,,,,
081020,0,0,0,-203,,,,
081026,0,0,0,-10,,,,
081027,0,0,0,603,,,,
081028,0,0,0,-4,,,,
081029,0,0,0,-5,,,,
081033,0,0,0,76,,,,
081034,3,0,0,-190,,,,
081035,0,0,0,-45,,,,
081036,0,0,0,-48,,,,
081037,0,0,0,-27,,,,
081040,0,0,0,650,,,,
081041,0,0,0,-95,,,,
081042,-100,0,0,813,,,,
081043,0,0,0,162,,,,
081044,0,0,0,120,,,,
081045,0,0,0,323,,,,
081047,0,0,0,557,,,,
081048,-9,0,0,25,,,,
081049,0,0,0,-210,,,,
081050,0,0,0,-1256,,,,
081051,0,0,0,-322,,,,
081056,0,0,0,181,,,,
081057,0,0,0,103,,,,
081058,0,0,0,94,,,,
081059,0,0,0,155,,,,
081060,0,0,0,115,,,,
081061,0,0,0,-168,,,,
081062,0,0,0,-5,,,,
081064,0,0,0,-3,,,,
081065,0,0,0,-8,,,,
081067,0,0,0,-1,,,,
081068,0,0,0,278,,,,
081069,0,0,0,8,,,,
081070,0,0,0,-5,,,,
081071,0,0,0,142,,,,
081072,0,0,0,260,,,,
081073,0,0,0,387,,,,
081074,0,0,0,76,,,,
081077,0,0,0,22,,,,
081079,0,0,0,-3,,,,
081080,0,0,0,-25,,,,
081081,0,0,0,-10,,,,
081083,0,0,0,11,,,,
081084,0,0,0,795,,,,
081086,0,0,0,-76,,,,
081087,0,0,0,-28,,,,
081088,0,0,0,-8,,,,
081089,0,0,0,-10,,,,
081091,0,0,0,-21,,,,
081092,0,0,0,-27,,,,
081094,0,0,0,148,,,,
081095,0,0,0,-20,,,,
081096,0,0,0,57,,,,
081097,0,0,0,180,,,,
081098,0,0,0,51,,,,
081099,0,0,0,20,,,,
081100,0,0,0,623,,,,
081103,0,0,0,15,,,,
081105,0,0,0,-1847,,,,
081107,0,0,0,-179,,,,
081108,0,0,0,-84,,,,
081109,0,0,0,-7,,,,
081110,0,0,0,-12,,,,
081111,0,0,0,102,,,,
081114,0,0,0,80,,,,
081115,0,0,0,-362,,,,
081116,0,0,0,29,,,,
081118,0,0,0,-2,,,,
081120,0,0,0,5,,,,
081124,0,0,0,-5,,,,
081127,0,0,0,-92,,,,
081130,0,0,0,-96,,,,
081131,0,0,0,-31,,,,
081132,0,0,0,-22,,,,
081133,0,0,0,-51,,,,
081136,0,0,0,-171,,,,
081138,0,0,0,-1104,,,,
081139,0,0,0,-64,,,,
081140,0,0,0,-518,,,,
081141,0,0,0,225,,,,
081142,0,0,0,15,,,,
081143,0,0,0,30,,,,
081148,0,0,0,-135,,,,
081149,0,0,0,1,,,,
081150,0,0,0,22,,,,
081151,0,0,0,42,,,,
081152,0,0,0,58,,,,
081154,0,0,0,1,,,,
081155,0,0,0,-4,,,,
081157,0,0,0,-6,,,,
081160,0,0,0,0,,,,
081163,0,0,0,23,,,,
081165,0,0,0,78,,,,
081166,0,0,0,-2,,,,
081168,0,0,0,-183,,,,
081173,0,0,0,-10,,,,
081174,0,0,0,-329,,,,
081175,0,0,0,-267,,,,
081176,0,0,0,-152,,,,
081178,0,0,0,332,,,,
081179,0,0,0,-10,,,,
081180,0,0,0,110,,,,
081182,0,0,0,22,,,,
081187,0,0,0,7,,,,
081188,0,0,0,10,,,,
081191,0,0,0,-545,,,,
081194,0,0,0,6,,,,
081195,0,0,0,-112,,,,
081197,0,0,0,-5,,,,
081199,0,0,0,-1,,,,
081201,0,0,0,50,,,,
081203,0,0,0,50,,,,
081205,0,0,0,-36,,,,
081206,0,0,0,33,,,,
081210,0,0,0,-11,,,,
081211,0,0,0,15,,,,
081212,0,0,0,39,,,,
081215,0,0,0,-40,,,,
081216,0,0,0,37,,,,
081219,0,0,0,20,,,,
081220,0,0,0,-32,,,,
081221,0,0,0,169,,,,
081222,0,0,0,-194,,,,
081223,0,0,0,-380,,,,
081225,0,0,0,172,,,,
081226,0,0,0,-820,,,,
081227,0,0,0,165,,,,
081230,0,0,0,99,,,,
081232,0,0,0,10,,,,
081233,0,0,0,-9,,,,
081234,0,0,0,1,,,,
081235,0,0,0,-62,,,,
081238,0,0,0,10,,,,
081239,0,0,0,30,,,,
081240,0,0,0,-136,,,,
081241,0,0,0,-495,,,,
081242,0,0,0,-634,,,,
081243,0,0,0,-14,,,,
081246,0,0,0,-3373,,,,
081247,0,0,0,186,,,,
081248,0,0,0,-71,,,,
081250,0,0,0,43,,,,
081251,0,0,0,40,,,,
081252,0,0,0,-353,,,,
081255,0,0,0,-494,,,,
081256,0,0,0,-54,,,,
081257,0,0,0,167,,,,
081258,0,0,0,194,,,,
081259,0,0,0,-300,,,,
081260,0,0,0,173,,,,
081261,0,0,0,692,,,,
081262,0,0,0,23,,,,
081266,0,0,0,388,,,,
081267,0,0,0,-1138,,,,
081268,0,0,0,-3,,,,
081269,0,0,0,-259,,,,
081270,0,0,0,10,,,,
081271,0,0,0,-2,,,,
081273,0,0,0,-50,,,,
081274,0,0,0,-11,,,,
081275,0,0,0,-247,,,,
081276,0,0,0,-12,,,,
081277,0,0,0,-23,,,,
081281,0,0,0,15,,,,
081282,0,0,0,43,,,,
081283,0,0,0,1,,,,
081284,0,0,0,-81,,,,
081285,0,0,0,25,,,,
081286,0,0,0,102,,,,
081289,0,0,0,135,,,,
081290,0,0,0,-48,,,,
081292,0,0,0,14,,,,
081293,0,0,0,-37,,,,
081294,0,0,0,750,,,,
081295,0,0,0,3,,,,
081296,0,0,0,-27,,,,
081299,0,0,0,72,,,,
081301,0,0,0,788,,,,
081304,0,0,0,-17,,,,
081305,0,0,0,128,,,,
081306,0,0,0,5,,,,
081307,0,0,0,220,,,,
081309,0,0,0,-62,,,,
081311,0,0,0,924,,,,
081312,0,0,0,-66,,,,
081313,45,0,0,-790,,,,
081314,0,0,0,10,,,,
081315,0,0,0,157,,,,
081316,0,0,0,254,,,,
081317,0,0,0,51,,,,
081318,0,0,0,338,,,,
081319,0,0,0,258,,,,
081320,0,0,0,540,,,,
081322,0,0,0,241,,,,
081325,0,0,0,178,,,,
081327,0,0,0,-84,,,,
081329,0,0,0,-245,,,,
081335,0,0,0,94,,,,
081336,0,0,0,109,,,,
081337,0,0,0,80,,,,
081338,0,0,0,51,,,,
081339,0,0,0,137,,,,
081341,0,0,0,20,,,,
081344,0,0,0,-27,,,,
081345,0,0,0,-201,,,,
081346,0,0,0,-14,,,,
081347,0,0,0,86,,,,
081348,0,0,0,24,,,,
081349,0,0,0,-2,,,,
081351,0,0,0,-17,,,,
081352,0,0,0,37,,,,
081353,0,0,0,36,,,,
081354,0,0,0,-57,,,,
081355,0,0,0,1,,,,
081358,0,0,0,-5,,,,
081361,0,0,0,-9,,,,
081362,0,0,0,31,,,,
081363,0,0,0,13,,,,
081364,0,0,0,-130,,,,
081365,0,0,0,-19,,,,
081366,0,0,0,1,,,,
081368,0,0,0,-81,,,,
081370,0,0,0,-80,,,,
081371,0,0,0,-258,,,,
081373,0,0,0,6,,,,
081374,0,0,0,-625,,,,
081375,0,0,0,-73,,,,
081376,0,0,0,82,,,,
081377,0,0,0,49,,,,
081378,0,0,0,3,,,,
081379,0,0,0,131,,,,
081381,0,0,0,-56,,,,
081384,0,0,0,85,,,,
081385,0,0,0,-69,,,,
081386,0,0,0,-15,,,,
081388,0,0,0,74,,,,
081389,0,0,0,17,,,,
081392,0,0,0,1467,,,,
081393,0,0,0,-270,,,,
081396,0,0,0,4,,,,
081399,0,0,0,11,,,,
081401,0,0,0,-14,,,,
081404,0,0,0,0,,,,
081405,0,0,0,5,,,,
081408,0,0,0,-56,,,,
081409,0,0,0,-192,,,,
081411,0,0,0,10,,,,
081412,0,0,0,-7,,,,
081415,0,0,0,-7,,,,
081416,0,0,0,82,,,,
081417,0,0,0,-22,,,,
081418,0,0,0,139,,,,
081419,0,0,0,50,,,,
081420,0,0,0,60,,,,
081421,0,0,0,-283,,,,
081422,0,0,0,-53,,,,
081423,0,0,0,118,,,,
081425,0,0,0,-230,,,,
081426,0,0,0,-206,,,,
081430,0,0,0,-30,,,,
081431,0,0,0,-140,,,,
081433,0,0,0,-163,,,,
081434,0,0,0,-10,,,,
081437,0,0,0,257,,,,
081438,0,0,0,10,,,,
081440,0,0,0,-183,,,,
081441,0,0,0,518,,,,
081442,0,0,0,447,,,,
081443,0,0,0,18,,,,
081444,0,0,0,374,,,,
081445,0,0,0,225,,,,
081447,0,0,0,311,,,,
081448,0,0,0,42,,,,
081449,0,0,0,165,,,,
081450,0,0,0,-323,,,,
081451,0,0,0,97,,,,
081453,0,0,0,-340,,,,
081455,0,0,0,130,,,,
081456,0,0,0,98,,,,
081458,0,0,0,23,,,,
081459,0,0,0,310,,,,
081460,0,0,0,100,,,,
081461,0,0,0,30,,,,
081462,0,0,0,0,,,,
081463,0,0,0,107,,,,
081467,0,0,0,35,,,,
081469,0,0,0,35,,,,
081471,0,0,0,293,,,,
081472,0,0,0,-10,,,,
081473,0,0,0,20,,,,
081474,0,0,0,295,,,,
081475,0,0,0,-35,,,,
081476,0,0,0,63,,,,
081477,0,0,0,52,,,,
081480,0,0,0,1,,,,
081483,0,0,0,-100,,,,
081486,0,0,0,18,,,,
081487,0,0,0,13,,,,
081490,0,0,0,-42,,,,
081492,0,0,0,-300,,,,
081493,0,0,0,-256,,,,
081494,0,0,0,85,,,,
081496,0,0,0,-87,,,,
081497,0,0,0,-1,,,,
081498,0,0,0,21,,,,
081500,0,0,0,-10,,,,
081501,0,0,0,-10,,,,
081502,0,0,0,-10,,,,
081503,0,0,0,25,,,,
081505,0,0,0,-147,,,,
081506,0,0,0,-54,,,,
081507,0,0,0,-1,,,,
081508,0,0,0,-2,,,,
081509,0,0,0,179,,,,
081510,0,0,0,1,,,,
081514,0,0,0,23,,,,
081515,0,0,0,14,,,,
081516,0,0,0,25,,,,
081517,0,0,0,-20,,,,
081520,0,0,0,2,,,,
081521,0,0,0,88,,,,
081522,0,0,0,34,,,,
081523,0,0,0,-20,,,,
081526,0,0,0,442,,,,
081527,0,0,0,-36,,,,
081528,0,0,0,-36,,,,
081529,0,0,0,26,,,,
081530,0,0,0,102,,,,
081531,0,0,0,-59,,,,
081532,0,0,0,13,,,,
081533,0,0,0,50,,,,
081534,0,0,0,-58,,,,
081535,0,0,0,-731,,,,
081537,0,0,0,-23,,,,
081538,0,0,0,-8,,,,
081539,0,0,0,-57,,,,
081541,0,0,0,10,,,,
081542,0,0,0,-73,,,,
081543,0,0,0,14,,,,
081544,0,0,0,-236,,,,
081545,0,0,0,-50,,,,
081546,0,0,0,19,,,,
081547,0,0,0,-35,,,,
081548,0,0,0,-139,,,,
081552,0,0,0,35,,,,
081553,0,0,0,-57,,,,
081555,0,0,0,62,,,,
081557,0,0,0,16,,,,
081559,0,0,0,0,,,,
081560,0,0,0,0,,,,
081561,0,0,0,-16,,,,
081562,0,0,0,9,,,,
081563,0,0,0,1,,,,
081565,0,0,0,262,,,,
081566,0,0,0,98,,,,
081567,0,0,0,-112,,,,
081570,0,0,0,1318,,,,
081571,0,0,0,-35,,,,
081572,0,0,0,161,,,,
081573,0,0,0,-347,,,,
081575,0,0,0,94,,,,
081576,0,0,0,71,,,,
081577,0,0,0,453,,,,
081578,0,0,0,392,,,,
081579,0,0,0,-680,,,,
081580,0,0,0,-30,,,,
081581,0,0,0,-3,,,,
081583,0,0,0,222,,,,
081584,0,0,0,173,,,,
081586,0,0,0,-271,,,,
081587,0,0,0,39,,,,
081588,0,0,0,-399,,,,
081589,0,0,0,113,,,,
081591,0,0,0,-23,,,,
081592,0,0,0,135,,,,
081596,0,0,0,18,,,,
081598,0,0,0,6,,,,
081603,0,0,0,-32,,,,
081604,0,0,0,24,,,,
081605,0,0,0,-19,,,,
081606,0,0,0,86,,,,
081607,0,0,0,-859,,,,
081608,0,0,0,49,,,,
081609,0,0,0,59,,,,
081610,0,0,0,18,,,,
081611,0,0,0,-67,,,,
081613,0,0,0,-109,,,,
081614,0,0,0,-52,,,,
081615,0,0,0,46,,,,
081616,0,0,0,1,,,,
081618,0,0,0,4,,,,
081619,0,0,0,894,,,,
081621,0,0,0,-85,,,,
081622,0,0,0,28,,,,
081624,0,0,0,-10,,,,
081626,0,0,0,-10,,,,
081628,0,0,0,3,,,,
081629,0,0,0,169,,,,
081632,0,0,0,16,,,,
081633,0,0,0,-25,,,,
081634,0,0,0,40,,,,
081635,0,0,0,-168,,,,
081638,0,0,0,-10,,,,
081639,0,0,0,995,,,,
081640,0,0,0,-175,,,,
081641,0,0,0,331,,,,
081643,0,0,0,121,,,,
081644,0,0,0,1,,,,
081647,0,0,0,247,,,,
081648,0,0,0,-590,,,,
081649,0,0,0,-1,,,,
081650,0,0,0,11,,,,
081651,0,0,0,609,,,,
081652,0,0,0,-7,,,,
081653,0,0,0,184,,,,
081654,0,0,0,-285,,,,
081655,0,0,0,-163,,,,
081656,0,0,0,292,,,,
081657,0,0,0,145,,,,
081658,0,0,0,568,,,,
081659,0,0,0,-3,,,,
081660,0,0,0,38,,,,
081661,0,0,0,2,,,,
081663,0,0,0,50,,,,
081664,0,0,0,100,,,,
081665,0,0,0,-202,,,,
081666,0,0,0,103,,,,
081667,0,0,0,36,,,,
081668,0,0,0,0,,,,
081669,0,0,0,408,,,,
081670,0,0,0,86,,,,
081671,0,0,0,-637,,,,
081672,0,0,0,338,,,,
081673,0,0,0,30,,,,
081674,0,0,0,130,,,,
081675,0,0,0,234,,,,
081676,0,0,0,35,,,,
081677,0,0,0,-11,,,,
081678,0,0,0,-229,,,,
081679,0,0,0,-70,,,,
081680,0,0,0,-767,,,,
081681,0,0,0,95,,,,
081682,0,0,0,160,,,,
081683,0,0,0,23,,,,
081684,0,0,0,445,,,,
081685,0,0,0,31,,,,
081687,0,0,0,47,,,,
081688,0,0,0,-64,,,,
081691,0,0,0,18,,,,
081693,0,0,0,-43,,,,
081694,0,0,0,-9,,,,
081695,0,0,0,-5,,,,
081696,0,0,0,-558,,,,
081697,0,0,0,20,,,,
081698,0,0,0,6,,,,
081699,0,0,0,50,,,,
081703,0,0,0,32,,,,
081704,0,0,0,7,,,,
081708,0,0,0,-26,,,,
081710,0,0,0,20,,,,
081711,0,0,0,22,,,,
081712,0,0,0,-8,,,,
081716,0,0,0,-44,,,,
081717,0,0,0,30,,,,
081720,0,0,0,-101,,,,
081722,0,0,0,171,,,,
081726,0,0,0,1,,,,
081728,0,0,0,-60,,,,
081729,0,0,0,37,,,,
081732,0,0,0,-194,,,,
081733,0,0,0,101,,,,
081734,0,0,0,40,,,,
081735,0,0,0,-7,,,,
081736,0,0,0,2,,,,
081737,0,0,0,0,,,,
081738,0,0,0,-120,,,,
081739,0,0,0,-4,,,,
081740,0,0,0,123,,,,
081741,0,0,0,-104,,,,
081742,0,0,0,-10,,,,
081743,0,0,0,34,,,,
081744,0,0,0,-32,,,,
081745,0,0,0,-28,,,,
081747,0,0,0,34,,,,
081749,0,0,0,84,,,,
081750,0,0,0,171,,,,
081751,0,0,0,0,,,,
081755,0,0,0,7,,,,
081756,0,0,0,-3,,,,
081757,0,0,0,-10,,,,
081758,0,0,0,-9,,,,
081759,0,0,0,96,,,,
081762,0,0,0,17,,,,
081763,0,0,0,-6,,,,
081764,0,0,0,-43,,,,
081769,0,0,0,26,,,,
081770,0,0,0,-8,,,,
081773,0,0,0,15,,,,
081774,0,0,0,-43,,,,
081775,0,0,0,46,,,,
081777,0,0,0,-83,,,,
081778,0,0,0,331,,,,
081779,0,0,0,-92,,,,
081780,0,0,0,-78,,,,
081781,0,0,0,91,,,,
081782,0,0,0,70,,,,
081783,0,0,0,-38,,,,
081785,0,0,0,-55,,,,
081787,0,0,0,5,,,,
081788,0,0,0,-10,,,,
081790,0,0,0,105,,,,
081791,0,0,0,-534,,,,
081793,0,0,0,-163,,,,
081795,0,0,0,304,,,,
081796,0,0,0,161,,,,
081797,0,0,0,-1,,,,
081798,0,0,0,30,,,,
081799,0,0,0,16,,,,
081800,0,0,0,-1,,,,
081801,0,0,0,27,,,,
081802,0,0,0,77,,,,
081803,0,0,0,-94,,,,
081804,0,0,0,-1049,,,,
081805,0,0,0,-27,,,,
081806,0,0,0,275,,,,
081807,0,0,0,65,,,,
081809,0,0,0,-16,,,,
081810,0,0,0,31,,,,
081811,0,0,0,-327,,,,
081812,0,0,0,-332,,,,
081813,0,0,0,-311,,,,
081814,0,0,0,23,,,,
081815,0,0,0,-10,,,,
081816,0,0,0,-62,,,,
081817,0,0,0,89,,,,
081818,0,0,0,70,,,,
081819,0,0,0,-309,,,,
081821,0,0,0,382,,,,
081822,0,0,0,207,,,,
081823,0,0,0,-1000,,,,
081824,0,0,0,-23,,,,
081826,0,0,0,-473,,,,
081827,0,0,0,265,,,,
081828,0,0,0,361,,,,
081829,0,0,0,-115,,,,
081830,0,0,0,141,,,,
081831,0,0,0,-11,,,,
081832,0,0,0,82,,,,
081833,0,0,0,43,,,,
081834,0,0,0,-58,,,,
081835,0,0,0,-25,,,,
081836,0,0,0,-4,,,,
081837,0,0,0,84,,,,
081838,0,0,0,14,,,,
081839,0,0,0,-56,,,,
081840,0,0,0,63,,,,
081844,0,0,0,102,,,,
081845,0,0,0,-10,,,,
081846,0,0,0,30,,,,
081849,0,0,0,-10,,,,
081850,0,0,0,53,,,,
081852,0,0,0,231,,,,
081853,0,0,0,-231,,,,
081854,0,0,0,9,,,,
081855,0,0,0,117,,,,
081856,0,0,0,60,,,,
081858,0,0,0,0,,,,
081859,0,0,0,-47,,,,
081861,0,0,0,292,,,,
081862,0,0,0,-1359,,,,
081863,0,0,0,-249,,,,
081864,0,0,0,-9,,,,
081865,0,0,0,187,,,,
081866,0,0,0,-12,,,,
081867,0,0,0,21,,,,
081868,0,0,0,-346,,,,
081870,0,0,0,-45,,,,
081872,0,0,0,20,,,,
081874,0,0,0,-828,,,,
081876,0,0,0,7,,,,
081877,0,0,0,19,,,,
081878,0,0,0,80,,,,
081880,0,0,0,1,,,,
081882,0,0,0,-74,,,,
081883,0,0,0,14,,,,
081884,0,0,0,398,,,,
081888,0,0,0,20,,,,
081890,0,0,0,10,,,,
081898,0,0,0,2,,,,
081899,0,0,0,45,,,,
081900,0,0,0,16,,,,
081903,0,0,0,-1018,,,,
081906,0,0,0,3,,,,
081907,0,0,0,-1,,,,
081910,0,0,0,-894,,,,
081911,0,0,0,-71,,,,
081912,0,0,0,1007,,,,
081913,0,0,0,28,,,,
081914,0,0,0,162,,,,
081916,0,0,0,79,,,,
081918,0,0,0,-1,,,,
081919,0,0,0,-69,,,,
081920,0,0,0,0,,,,
081921,0,0,0,-2,,,,
081922,0,0,0,20,,,,
081923,0,0,0,-17,,,,
081924,0,0,0,-1,,,,
081925,0,0,0,235,,,,
081927,0,0,0,10,,,,
081928,0,0,0,-357,,,,
081930,0,0,0,16,,,,
081931,0,0,0,70,,,,
081932,0,0,0,-309,,,,
081933,0,0,0,-63,,,,
081935,0,0,0,-100,,,,
081936,0,0,0,10,,,,
081937,0,0,0,15,,,,
081938,0,0,0,-21,,,,
081939,0,0,0,-46,,,,
081940,0,0,0,0,,,,
081941,0,0,0,-44,,,,
081942,0,0,0,-30,,,,
081943,0,0,0,55,,,,
081944,0,0,0,0,,,,
081945,0,0,0,-21,,,,
081946,0,0,0,12,,,,
081947,0,0,0,-22,,,,
081949,0,0,0,91,,,,
081950,0,0,0,134,,,,
081951,0,0,0,26,,,,
081952,0,0,0,-20,,,,
081953,0,0,0,-20,,,,
081954,0,0,0,-1,,,,
081956,0,0,0,56,,,,
081959,0,0,0,237,,,,
081960,0,0,0,-304,,,,
081961,0,0,0,27,,,,
081962,0,0,0,10,,,,
081963,0,0,0,11,,,,
081964,0,0,0,-280,,,,
081965,0,0,0,32,,,,
081966,0,0,0,12,,,,
081967,0,0,0,-53,,,,
081968,0,0,0,-2,,,,
081969,0,0,0,25,,,,
081970,0,0,0,1,,,,
081971,0,0,0,5,,,,
081972,0,0,0,-10,,,,
081975,0,0,0,-20,,,,
081977,0,0,0,51,,,,
081978,0,0,0,-8,,,,
081979,0,0,0,-34,,,,
081980,0,0,0,0,,,,
081981,0,0,0,-190,,,,
081982,0,0,0,121,,,,
081983,0,0,0,-66,,,,
081984,0,0,0,0,,,,
081985,0,0,0,61,,,,
081986,0,0,0,0,,,,
081988,0,0,0,42,,,,
081989,0,0,0,12,,,,
081990,0,0,0,-1821,,,,
081991,0,0,0,-143,,,,
081992,0,0,0,-15,,,,
081993,0,0,0,-305,,,,
081996,0,0,0,-75,,,,
081997,0,0,0,-142,,,,
081998,0,0,0,-105,,,,
081999,0,0,0,514,,,,
082001,0,0,0,-29,,,,
082002,0,0,0,-11,,,,
082003,0,0,0,-10,,,,
082004,0,0,0,-29,,,,
082006,0,0,0,22,,,,
082007,0,0,0,10,,,,
082008,0,0,0,-1,,,,
082009,0,0,0,-351,,,,
082011,0,0,0,10,,,,
082012,0,0,0,-200,,,,
082016,0,0,0,28,,,,
082017,0,0,0,-23,,,,
082018,0,0,0,94,,,,
082019,0,0,0,-70,,,,
082021,0,0,0,117,,,,
082022,0,0,0,94,,,,
082023,0,0,0,11,,,,
082024,0,0,0,150,,,,
082025,0,0,0,101,,,,
082026,0,0,0,217,,,,
082027,0,0,0,-208,,,,
082028,0,0,0,-233,,,,
082029,0,0,0,-37,,,,
082030,0,0,0,13,,,,
082031,0,0,0,61,,,,
082032,0,0,0,2,,,,
082033,0,0,0,-119,,,,
082034,0,0,0,-225,,,,
082035,0,0,0,73,,,,
082038,0,0,0,-15,,,,
082039,0,0,0,231,,,,
082041,0,0,0,-120,,,,
082043,0,0,0,2,,,,
082044,0,0,0,-390,,,,
082046,0,0,0,-745,,,,
082048,0,0,0,-336,,,,
082049,0,0,0,173,,,,
082050,0,0,0,-495,,,,
082051,0,0,0,20,,,,
082052,0,0,0,-10,,,,
082054,0,0,0,42,,,,
082055,0,0,0,-8,,,,
082057,0,0,0,-10,,,,
082058,0,0,0,20,,,,
082059,0,0,0,-15,,,,
082060,0,0,0,-494,,,,
082061,0,0,0,-551,,,,
082062,0,0,0,183,,,,
082063,0,0,0,361,,,,
082064,0,0,0,20,,,,
082066,0,0,0,-49,,,,
082067,0,0,0,0,,,,
082068,0,0,0,60,,,,
082069,0,0,0,43,,,,
082070,0,0,0,3,,,,
082071,0,0,0,55,,,,
082072,0,0,0,54,,,,
082073,0,0,0,-2,,,,
082076,0,0,0,30,,,,
082077,0,0,0,61,,,,
082078,0,0,0,-5,,,,
082079,0,0,0,-137,,,,
082081,0,0,0,-1,,,,
082083,0,0,0,-5,,,,
082086,0,0,0,3,,,,
082088,0,0,0,-194,,,,
082089,0,0,0,-61,,,,
082094,0,0,0,3,,,,
082095,0,0,0,44,,,,
082096,0,0,0,-16,,,,
082098,0,0,0,-25,,,,
082099,0,0,0,-94,,,,
082101,0,0,0,-148,,,,
082102,0,0,0,-69,,,,
082103,0,0,0,50,,,,
082104,0,0,0,-107,,,,
082106,0,0,0,36,,,,
082107,0,0,0,131,,,,
082109,0,0,0,2,,,,
082111,0,0,0,-96,,,,
082112,0,0,0,345,,,,
082113,0,0,0,-31,,,,
082114,0,0,0,4,,,,
082115,0,0,0,63,,,,
082116,0,0,0,650,,,,
082117,0,0,0,323,,,,
082118,0,0,0,154,,,,
082119,0,0,0,-412,,,,
082120,0,0,0,-972,,,,
082122,0,0,0,-61,,,,
082123,0,0,0,-114,,,,
082124,0,0,0,-11,,,,
082125,0,0,0,60,,,,
082127,0,0,0,98,,,,
082128,0,0,0,-54,,,,
082129,0,0,0,-70,,,,
082130,0,0,0,-71,,,,
082131,0,0,0,-33,,,,
082132,0,0,0,-37,,,,
082133,0,0,0,-15,,,,
082135,0,0,0,-100,,,,
082137,0,0,0,-3,,,,
082139,0,0,0,83,,,,
082141,0,0,0,-20,,,,
082145,0,0,0,486,,,,
082146,0,0,0,5,,,,
082147,0,0,0,10,,,,
082148,0,0,0,-11,,,,
082150,0,0,0,-9,,,,
082151,0,0,0,30,,,,
082155,0,0,0,69,,,,
082156,0,0,0,35,,,,
082159,0,0,0,9,,,,
082161,0,0,0,74,,,,
082162,0,0,0,-314,,,,
082164,0,0,0,14,,,,
082168,0,0,0,-16,,,,
082169,0,0,0,9,,,,
082171,0,0,0,102,,,,
082174,0,0,0,37,,,,
082176,0,0,0,11,,,,
082179,0,0,0,13,,,,
082180,0,0,0,13,,,,
082183,0,0,0,35,,,,
082185,0,0,0,156,,,,
082186,0,0,0,-76,,,,
082187,0,0,0,0,,,,
082189,0,0,0,5,,,,
082190,0,0,0,-75,,,,
082192,0,0,0,-15,,,,
082193,0,0,0,16,,,,
082194,0,0,0,-6,,,,
082195,0,0,0,-675,,,,
082198,0,0,0,-38,,,,
082199,0,0,0,-140,,,,
082201,0,0,0,20,,,,
082202,0,0,0,-130,,,,
082203,0,0,0,-77,,,,
082204,0,0,0,-17,,,,
082206,0,0,0,-425,,,,
082207,0,0,0,71,,,,
082208,0,0,0,22,,,,
082209,0,0,0,806,,,,
082210,0,0,0,-10,,,,
082211,0,0,0,11,,,,
082212,0,0,0,6,,,,
082213,0,0,0,12,,,,
082214,0,0,0,-211,,,,
082215,0,0,0,-11,,,,
082216,0,0,0,-2,,,,
082217,0,0,0,16,,,,
082220,0,0,0,32,,,,
082221,0,0,0,-4,,,,
082225,0,0,0,30,,,,
082226,0,0,0,-4,,,,
082227,0,0,0,70,,,,
082229,0,0,0,-328,,,,
082230,0,0,0,-24,,,,
082231,0,0,0,-32,,,,
082232,0,0,0,25,,,,
082233,0,0,0,-404,,,,
082234,0,0,0,-4,,,,
082235,0,0,0,17,,,,
082236,0,0,0,-264,,,,
082237,0,0,0,-106,,,,
082238,0,0,0,4,,,,
082242,0,0,0,-4,,,,
082243,0,0,0,229,,,,
082245,0,0,0,26,,,,
082246,0,0,0,10,,,,
082247,0,0,0,-222,,,,
082248,0,0,0,-61,,,,
082249,0,0,0,-59,,,,
082251,0,0,0,-126,,,,
082252,0,0,0,-67,,,,
082254,0,0,0,20,,,,
082255,0,0,0,-233,,,,
082256,0,0,0,44,,,,
082257,0,0,0,-237,,,,
082259,0,0,0,-10,,,,
082260,0,0,0,47,,,,
082261,0,0,0,0,,,,
082262,0,0,0,-33,,,,
082263,0,0,0,-7,,,,
082265,0,0,0,-16,,,,
082266,0,0,0,-35,,,,
082267,0,0,0,-4,,,,
082268,0,0,0,-551,,,,
082270,0,0,0,22,,,,
082271,0,0,0,-10,,,,
082273,0,0,0,-9,,,,
082274,0,0,0,60,,,,
082275,0,0,0,41,,,,
082277,0,0,0,-16,,,,
082279,0,0,0,-191,,,,
082281,0,0,0,102,,,,
082283,0,0,0,-67,,,,
082284,0,0,0,-23,,,,
082285,0,0,0,59,,,,
082287,0,0,0,54,,,,
082292,0,0,0,50,,,,
082297,0,0,0,88,,,,
082298,0,0,0,65,,,,
082301,0,0,0,-5,,,,
082302,0,0,0,10,,,,
082303,0,0,0,544,,,,
082305,0,0,0,-351,,,,
082306,0,0,0,-34,,,,
082307,0,0,0,-287,,,,
082309,0,0,0,-48,,,,
082313,0,0,0,29,,,,
082315,0,0,0,93,,,,
082318,0,0,0,22,,,,
082320,0,0,0,-1,,,,
082321,0,0,0,36,,,,
082322,0,0,0,8,,,,
082323,0,0,0,-173,,,,
082330,0,0,0,-55,,,,
082331,0,0,0,43,,,,
082333,0,0,0,-2,,,,
082334,0,0,0,-2934,,,,
082335,0,0,0,-2804,,,,
082336,0,0,0,6,,,,
082338,0,0,0,100,,,,
082339,0,0,0,132,,,,
082340,0,0,0,-200,,,,
082341,0,0,0,649,,,,
082343,0,0,0,21,,,,
082344,0,0,0,-590,,,,
082345,0,0,0,1150,,,,
082346,0,0,0,194,,,,
082347,0,0,0,-750,,,,
082348,0,0,0,-321,,,,
082349,0,0,0,-901,,,,
082350,0,0,0,-100,,,,
082352,0,0,0,40,,,,
082354,0,0,0,-658,,,,
082357,0,0,0,-70,,,,
082360,0,0,0,7,,,,
082361,0,0,0,-192,,,,
082362,0,0,0,191,,,,
082364,0,0,0,58,,,,
082366,0,0,0,58,,,,
082367,0,0,0,-102,,,,
082368,0,0,0,487,,,,
082369,0,0,0,485,,,,
082370,0,0,0,320,,,,
082371,0,0,0,-20,,,,
082374,0,0,0,522,,,,
082376,0,0,0,-421,,,,
082377,0,0,0,32,,,,
082378,0,0,0,-191,,,,
082380,0,0,0,21,,,,
082382,0,0,0,-16,,,,
082383,0,0,0,119,,,,
082384,0,0,0,-64,,,,
082385,0,0,0,85,,,,
082386,0,0,0,-5,,,,
082390,0,0,0,29,,,,
082391,0,0,0,55,,,,
082393,0,0,0,40,,,,
082394,0,0,0,-100,,,,
082397,0,0,0,40,,,,
082399,0,0,0,106,,,,
082400,0,0,0,5,,,,
082401,0,0,0,11,,,,
082406,0,0,0,-20,,,,
082407,0,0,0,11,,,,
082408,0,0,0,-3,,,,
082410,0,0,0,-12,,,,
082412,0,0,0,-449,,,,
082413,0,0,0,86,,,,
082414,0,0,0,40,,,,
082415,0,0,0,-128,,,,
082416,0,0,0,14,,,,
082417,0,0,0,-158,,,,
082418,0,0,0,642,,,,
082420,0,0,0,-218,,,,
082421,0,0,0,-273,,,,
082423,0,0,0,-122,,,,
082424,0,0,0,10,,,,
082425,0,0,0,227,,,,
082427,0,0,0,-30,,,,
082428,0,0,0,-1,,,,
082429,0,0,0,-20,,,,
082430,0,0,0,-29,,,,
082432,0,0,0,-13,,,,
082434,0,0,0,-28,,,,
082435,0,0,0,-10,,,,
082436,0,0,0,369,,,,
082438,0,0,0,-304,,,,
082441,0,0,0,-10,,,,
082442,0,0,0,-12,,,,
082443,0,0,0,-10,,,,
082444,0,0,0,-60,,,,
082445,0,0,0,-20,,,,
082447,0,0,0,-61,,,,
082449,0,0,0,47,,,,
082451,0,0,0,-10,,,,
082453,0,0,0,12,,,,
082454,0,0,0,9,,,,
082457,0,0,0,0,,,,
082458,0,0,0,-100,,,,
082459,0,0,0,-71,,,,
082460,0,0,0,2,,,,
082462,0,0,0,-28,,,,
082463,0,0,0,-40,,,,
082464,0,0,0,30,,,,
082466,0,0,0,102,,,,
082467,0,0,0,0,,,,
082469,0,0,0,40,,,,
082470,0,0,0,-47,,,,
082471,0,0,0,80,,,,
082472,0,0,0,-120,,,,
082474,0,0,0,35,,,,
082475,0,0,0,13,,,,
082477,0,0,0,-221,,,,
082478,0,0,0,-26,,,,
082479,0,0,0,-96,,,,
082480,0,0,0,283,,,,
082482,0,0,0,184,,,,
082483,0,0,0,1,,,,
082484,0,0,0,33,,,,
082485,0,0,0,72,,,,
082487,0,0,0,267,,,,
082488,0,0,0,-28,,,,
082489,0,0,0,51,,,,
082490,0,0,0,-170,,,,
082493,0,0,0,-2,,,,
082495,0,0,0,54,,,,
082496,0,0,0,48,,,,
082497,0,0,0,46,,,,
082498,0,0,0,22,,,,
082499,0,0,0,10,,,,
082500,0,0,0,-11,,,,
082501,0,0,0,-32,,,,
082502,0,0,0,15,,,,
082503,0,0,0,24,,,,
082505,0,0,0,53,,,,
082507,0,0,0,-45,,,,
082508,0,0,0,-41,,,,
082510,0,0,0,40,,,,
082512,0,0,0,1,,,,
082514,0,0,0,81,,,,
082516,0,0,0,36,,,,
082521,0,0,0,-38,,,,
082522,0,0,0,-43,,,,
082523,0,0,0,-127,,,,
082524,0,0,0,-35,,,,
082526,0,0,0,-57,,,,
082527,0,0,0,77,,,,
082528,0,0,0,-147,,,,
082529,0,0,0,-94,,,,
082531,0,0,0,-77,,,,
082533,0,0,0,0,,,,
082534,0,0,0,4,,,,
082538,0,0,0,-49,,,,
082539,0,0,0,0,,,,
082540,0,0,0,9,,,,
082541,0,0,0,61,,,,
082542,0,0,0,105,,,,
082543,0,0,0,-25,,,,
082544,0,0,0,14,,,,
082545,0,0,0,41,,,,
082546,0,0,0,25,,,,
082547,0,0,0,129,,,,
082549,0,0,0,0,,,,
082552,0,0,0,51,,,,
082553,0,0,0,-164,,,,
082554,0,0,0,-8,,,,
082555,0,0,0,55,,,,
082556,0,0,0,-20,,,,
082557,0,0,0,13,,,,
082558,0,0,0,123,,,,
082559,0,0,0,18,,,,
082560,0,0,0,38,,,,
082561,0,0,0,-53,,,,
082562,0,0,0,48,,,,
082564,0,0,0,-1,,,,
082565,0,0,0,15,,,,
082566,0,0,0,27,,,,
082567,0,0,0,0,,,,
082568,0,0,0,-35,,,,
082571,0,0,0,9,,,,
082572,0,0,0,-11,,,,
082573,0,0,0,-40,,,,
082575,0,0,0,157,,,,
082577,0,0,0,-499,,,,
082578,0,0,0,-300,,,,
082581,0,0,0,32,,,,
082582,0,0,0,391,,,,
082584,0,0,0,-245,,,,
082585,5,0,0,-544,,,,
082587,0,0,0,9,,,,
082588,0,0,0,-191,,,,
082589,0,0,0,791,,,,
082590,0,0,0,155,,,,
082591,0,0,0,2774,,,,
082592,0,0,0,60,,,,
082593,0,0,0,-8,,,,
082595,0,0,0,-11,,,,
082596,0,0,0,70,,,,
082597,0,0,0,-54,,,,
082603,0,0,0,-1014,,,,
082605,0,0,0,41,,,,
082607,0,0,0,1,,,,
082610,0,0,0,-159,,,,
082611,0,0,0,330,,,,
082612,0,0,0,233,,,,
082613,0,0,0,100,,,,
082614,0,0,0,-744,,,,
082615,0,0,0,-549,,,,
082616,0,0,0,34,,,,
082617,0,0,0,-657,,,,
082618,0,0,0,0,,,,
082619,0,0,0,9,,,,
082622,0,0,0,-656,,,,
082625,0,0,0,-145,,,,
082626,0,0,0,-416,,,,
082627,0,0,0,-45,,,,
082628,0,0,0,169,,,,
082629,0,0,0,69,,,,
082630,0,0,0,307,,,,
082631,0,0,0,449,,,,
082632,0,0,0,-305,,,,
082634,0,0,0,166,,,,
082636,0,0,0,174,,,,
082637,0,0,0,63,,,,
082638,0,0,0,111,,,,
082643,0,0,0,106,,,,
082644,0,0,0,52,,,,
082645,0,0,0,-186,,,,
082646,0,0,0,556,,,,
082647,0,0,0,-721,,,,
082648,0,0,0,16,,,,
082649,0,0,0,130,,,,
082650,0,0,0,1,,,,
082653,0,0,0,86,,,,
082654,0,0,0,189,,,,
082655,0,0,0,148,,,,
082656,0,0,0,38,,,,
082658,0,0,0,-10,,,,
082660,0,0,0,4,,,,
082662,0,0,0,199,,,,
082663,0,0,0,1,,,,
082664,0,0,0,-72,,,,
082666,0,0,0,3,,,,
082667,0,0,0,440,,,,
082674,0,0,0,-19,,,,
082675,0,0,0,-10,,,,
082676,0,0,0,1,,,,
082677,0,0,0,-51,,,,
082678,0,0,0,-5,,,,
082679,0,0,0,58,,,,
082680,0,0,0,13,,,,
082681,0,0,0,336,,,,
082683,0,0,0,5,,,,
082684,0,0,0,-13,,,,
082685,0,0,0,5,,,,
082686,0,0,0,-34,,,,
082687,0,0,0,5,,,,
082688,0,0,0,-5,,,,
082689,0,0,0,1,,,,
082690,0,0,0,-48,,,,
082691,0,0,0,-10,,,,
082692,0,0,0,-21,,,,
082693,0,0,0,-6,,,,
082694,0,0,0,-19,,,,
082695,0,0,0,15,,,,
082696,0,0,0,-10,,,,
082697,0,0,0,27,,,,
082698,0,0,0,-2,,,,
082699,0,0,0,25,,,,
082700,0,0,0,78,,,,
082701,0,0,0,-23,,,,
082705,0,0,0,-55,,,,
082706,0,0,0,28,,,,
082707,0,0,0,195,,,,
082708,0,0,0,-608,,,,
082709,0,0,0,-58,,,,
082711,0,0,0,-1,,,,
082714,0,0,0,8,,,,
082715,0,0,0,1,,,,
082716,0,0,0,2,,,,
082717,0,0,0,-28,,,,
082718,0,0,0,-36,,,,
082719,0,0,0,14,,,,
082720,0,0,0,54,,,,
082721,0,0,0,-46,,,,
082722,0,0,0,45,,,,
082724,0,0,0,11,,,,
082725,0,0,0,18,,,,
082727,0,0,0,11,,,,
082728,0,0,0,16,,,,
082729,0,0,0,0,,,,
082730,0,0,0,51,,,,
082731,0,0,0,1,,,,
082732,0,0,0,0,,,,
082733,0,0,0,47,,,,
082735,0,0,0,-100,,,,
082736,0,0,0,219,,,,
082737,0,0,0,-3,,,,
082738,0,0,0,-1,,,,
082739,0,0,0,-140,,,,
082740,0,0,0,-95,,,,
082741,0,0,0,-4,,,,
082742,0,0,0,-14,,,,
082743,0,0,0,10,,,,
082745,0,0,0,10,,,,
082746,0,0,0,33,,,,
082748,0,0,0,143,,,,
082749,0,0,0,-57,,,,
082750,0,0,0,22,,,,
082752,0,0,0,2393,,,,
082753,0,0,0,101,,,,
082754,0,0,0,353,,,,
082755,0,0,0,1,,,,
082756,0,0,0,-2,,,,
082757,0,0,0,11,,,,
082758,0,0,0,16,,,,
082760,0,0,0,20,,,,
082761,0,0,0,25,,,,
082762,0,0,0,104,,,,
082764,0,0,0,-41,,,,
082765,0,0,0,-169,,,,
082766,0,0,0,-152,,,,
082767,0,0,0,20,,,,
082768,0,0,0,439,,,,
082769,0,0,0,3,,,,
082770,0,0,0,790,,,,
082771,0,0,0,106,,,,
082772,0,0,0,-45,,,,
082773,0,0,0,-212,,,,
082774,0,0,0,-40,,,,
082775,0,0,0,-59,,,,
082777,0,0,0,-8,,,,
082778,0,0,0,33,,,,
082781,0,0,0,15,,,,
082783,0,0,0,-2455,,,,
082784,0,0,0,-8,,,,
082785,0,0,0,53,,,,
082787,0,0,0,10,,,,
082789,0,0,0,-375,,,,
08278U,0,0,0,3,,,,
082790,0,0,0,-107,,,,
082791,0,0,0,281,,,,
082792,0,0,0,165,,,,
082794,0,0,0,-21,,,,
082795,0,0,0,-156,,,,
082796,0,0,0,30,,,,
082798,0,0,0,101,,,,
082799,0,0,0,56,,,,
082802,0,0,0,123,,,,
082803,0,0,0,88,,,,
082804,0,0,0,-16,,,,
082806,3,0,0,1,,,,
082807,0,0,0,-43,,,,
082808,0,0,0,-6,,,,
082809,0,0,0,-53,,,,
082810,0,0,0,2,,,,
082812,0,0,0,347,,,,
082813,0,0,10,176,,,,
082814,0,0,0,-4,,,,
082815,0,0,0,-3,,,,
082816,0,0,0,-9,,,,
082817,0,0,0,208,,,,
082818,0,0,0,29,,,,
082820,0,0,0,184,,,,
082822,0,0,0,3,,,,
082823,0,0,0,-42,,,,
082825,0,0,0,36,,,,
082827,0,0,0,-112,,,,
082828,0,0,0,9,,,,
082829,0,0,0,22,,,,
082830,0,0,0,73,,,,
082832,0,0,0,-275,,,,
082833,0,0,0,55,,,,
082834,0,0,0,13,,,,
082838,0,0,0,2446,,,,
082839,0,0,0,-338,,,,
082840,0,0,0,200,,,,
082841,0,0,0,0,,,,
082842,0,0,0,-4,,,,
082843,0,0,0,0,,,,
082844,0,0,0,51,,,,
082848,0,0,0,-51,,,,
082849,0,0,0,-6,,,,
082850,0,0,0,34,,,,
082851,0,0,0,-32,,,,
082853,0,0,0,42,,,,
082854,0,0,0,-102,,,,
082855,0,0,0,-136,,,,
082856,0,0,0,1,,,,
082857,0,0,0,-80,,,,
082860,0,0,0,-96,,,,
082861,0,0,0,-3,,,,
082862,0,0,0,2,,,,
082863,0,0,0,-33,,,,
082864,0,0,0,-10,,,,
082866,0,0,0,-294,,,,
082868,0,0,0,62,,,,
082871,0,0,0,1,,,,
082873,0,0,0,-7,,,,
082875,0,0,0,1,,,,
082876,0,0,0,-10,,,,
082877,0,0,0,-40,,,,
082878,0,0,0,38,,,,
082880,0,0,0,-161,,,,
082882,0,0,0,13,,,,
082883,0,0,0,-268,,,,
082884,0,0,0,31,,,,
082885,0,0,0,26,,,,
082894,0,0,0,1,,,,
082895,0,0,0,19,,,,
082897,0,0,0,-43,,,,
082898,0,0,0,-18,,,,
082899,0,0,0,30,,,,
082900,0,0,0,118,,,,
082901,0,0,0,64,,,,
082902,0,0,0,176,,,,
082903,0,0,0,172,,,,
082904,0,0,0,166,,,,
082905,0,0,0,-154,,,,
082907,0,0,0,-15,,,,
082908,0,0,0,-13,,,,
082909,0,0,0,10,,,,
082910,0,0,0,32,,,,
082911,0,0,0,-1,,,,
082912,0,0,0,0,,,,
082913,0,0,0,122,,,,
082914,0,0,0,-1,,,,
082917,0,0,0,-58,,,,
082919,0,0,0,-5,,,,
082920,0,0,0,17,,,,
082922,0,0,0,73,,,,
082924,0,0,0,1,,,,
082925,0,0,0,7,,,,
082928,0,0,0,11,,,,
082930,0,0,0,21,,,,
082932,0,0,0,-76,,,,
082933,0,0,0,73,,,,
082934,0,0,0,503,,,,
082935,0,0,0,7,,,,
082936,0,0,0,160,,,,
082940,0,0,0,-89,,,,
082943,0,0,0,1,,,,
082944,0,0,0,-30,,,,
082945,0,0,0,-1018,,,,
082953,0,0,0,-31,,,,
082954,0,0,0,24,,,,
082955,0,0,0,-30,,,,
082957,0,0,0,1,,,,
082958,0,0,0,-16,,,,
082959,0,0,0,-4,,,,
082960,0,0,0,-67,,,,
082961,0,0,0,-2,,,,
082963,0,0,0,204,,,,
082964,0,0,0,17,,,,
082965,0,0,0,14,,,,
082967,0,0,0,50,,,,
082968,0,0,0,-1,,,,
082969,0,0,0,52,,,,
082971,0,0,0,32,,,,
082972,0,0,0,-26,,,,
082973,0,0,0,-124,,,,
082974,0,0,0,-478,,,,
082975,0,0,0,-57,,,,
082976,0,0,0,-126,,,,
082977,0,0,0,124,,,,
082978,0,0,0,-114,,,,
082979,0,0,0,-229,,,,
082980,0,0,0,-22,,,,
082982,0,0,0,6,,,,
082983,0,0,0,-41,,,,
082984,0,0,0,-45,,,,
082985,0,0,0,-35,,,,
082986,0,0,0,7,,,,
082987,0,0,0,4,,,,
082988,0,0,0,409,,,,
082989,0,0,0,32,,,,
082990,0,0,0,-118,,,,
082991,0,0,0,-185,,,,
082992,0,0,0,-648,,,,
082994,0,0,0,807,,,,
082995,0,0,0,-5,,,,
082997,0,0,0,165,,,,
082999,0,0,0,29,,,,
083003,0,0,0,0,,,,
083004,0,0,0,-77,,,,
083006,0,0,0,-100,,,,
083007,0,0,0,-102,,,,
083008,0,0,0,149,,,,
083009,0,0,0,61,,,,
083010,0,0,0,213,,,,
083011,0,0,0,382,,,,
083014,0,0,0,1,,,,
083015,0,0,0,91,,,,
083016,0,0,0,86,,,,
083018,0,0,0,17,,,,
083019,0,0,0,-27,,,,
083020,0,0,0,34,,,,
083021,0,0,0,-1,,,,
083022,0,0,0,136,,,,
083025,0,0,0,0,,,,
083026,0,0,0,34,,,,
083027,0,0,0,125,,,,
083028,0,0,0,1,,,,
083029,0,0,0,-8,,,,
083030,0,0,0,-23,,,,
083032,0,0,0,85,,,,
083033,0,0,0,-322,,,,
083034,0,0,0,-432,,,,
083035,0,0,0,-126,,,,
083036,0,0,0,-230,,,,
083039,0,0,0,-8,,,,
083040,0,0,0,-37,,,,
083041,0,0,0,2,,,,
083042,0,0,0,2,,,,
083043,0,0,0,46,,,,
083045,0,0,0,-15,,,,
083048,0,0,0,-258,,,,
083049,0,0,0,-166,,,,
083051,0,0,0,-72,,,,
083052,0,0,0,-33,,,,
083053,0,0,0,115,,,,
083054,0,0,0,10,,,,
083056,0,0,0,-335,,,,
083057,0,0,0,-255,,,,
083058,0,0,0,-15,,,,
083060,0,0,0,-97,,,,
083061,0,0,0,-113,,,,
083062,0,0,0,-93,,,,
083063,0,0,0,-93,,,,
083064,0,0,0,-65,,,,
083065,0,0,0,44,,,,
083066,0,0,0,223,,,,
083067,0,0,0,-28,,,,
083068,0,0,0,306,,,,
083069,0,0,0,-71,,,,
083070,0,0,0,-20,,,,
083073,0,0,0,-93,,,,
083074,0,0,0,-29,,,,
083075,0,0,0,-458,,,,
083076,0,0,0,-334,,,,
083077,0,0,0,-87,,,,
083081,0,0,0,353,,,,
083083,0,0,0,-50,,,,
083084,0,0,0,152,,,,
083086,0,0,0,-35,,,,
083087,0,0,0,-181,,,,
083088,0,0,0,37,,,,
083089,0,0,0,71,,,,
083090,0,0,0,-72,,,,
083091,5,0,0,-165,,,,
083092,0,0,0,-557,,,,
083093,0,0,0,-241,,,,
083094,0,0,0,-114,,,,
083095,0,0,0,-3,,,,
083098,0,0,0,-44,,,,
083099,0,0,0,7,,,,
083100,0,0,0,-11,,,,
083101,0,0,0,-401,,,,
083102,0,0,0,192,,,,
083103,0,0,0,-69,,,,
083104,0,0,0,-34,,,,
083105,0,0,0,-30,,,,
083106,0,0,0,-9,,,,
083107,0,0,0,474,,,,
083108,0,0,0,-3,,,,
083110,0,0,0,184,,,,
083111,0,0,0,1,,,,
083113,0,0,0,-31,,,,
083115,0,0,0,-83,,,,
083116,0,0,0,-1,,,,
083117,0,0,0,-48,,,,
083121,0,0,0,41,,,,
083122,0,0,0,8,,,,
083123,0,0,0,-26,,,,
083124,0,0,0,-1,,,,
083125,0,0,0,29,,,,
083127,0,0,0,54,,,,
083128,0,0,0,-8,,,,
083129,0,0,0,-135,,,,
083130,0,0,0,100,,,,
083131,0,0,0,141,,,,
083132,0,0,0,200,,,,
083133,0,0,0,463,,,,
083135,0,0,0,1,,,,
083136,0,0,0,51,,,,
083138,0,0,0,-5,,,,
083139,0,0,0,8,,,,
083141,0,0,0,1,,,,
083142,0,0,0,-21,,,,
083143,0,0,0,22,,,,
083146,0,0,0,-116,,,,
083147,0,0,0,-1,,,,
083149,0,0,0,24,,,,
083150,0,0,0,-258,,,,
083151,0,0,0,35,,,,
083153,0,0,0,-13,,,,
083154,0,0,0,-10,,,,
083155,0,0,0,-95,,,,
083157,0,0,0,-9,,,,
083158,0,0,0,120,,,,
083160,0,0,0,10,,,,
083161,0,0,0,-44,,,,
083164,0,0,0,-379,,,,
083166,0,0,0,-56,,,,
083168,0,0,0,-1,,,,
083169,0,0,0,-390,,,,
083172,0,0,0,6,,,,
083173,0,0,0,138,,,,
083174,0,0,0,-670,,,,
083176,10,0,0,-249,,,,
083177,0,0,0,35,,,,
083182,0,0,0,-319,,,,
083183,0,0,0,-10,,,,
083184,0,0,0,-236,,,,
083185,0,0,0,-10,,,,
083187,0,0,0,-42,,,,
083188,0,0,0,-306,,,,
083191,0,0,0,1,,,,
083193,0,0,0,-266,,,,
083194,0,0,0,112,,,,
083195,0,0,0,-818,,,,
083196,0,0,0,274,,,,
083198,0,0,0,280,,,,
083199,0,0,0,210,,,,
083201,0,0,0,1,,,,
083203,0,0,0,92,,,,
083204,0,0,0,325,,,,
083206,0,0,0,4,,,,
083207,0,0,0,-33,,,,
083208,0,0,0,86,,,,
083209,0,0,0,167,,,,
083210,0,0,0,-16,,,,
083211,0,0,0,-23,,,,
083212,0,0,0,-37,,,,
083213,0,0,0,5,,,,
083214,0,0,0,200,,,,
083215,0,0,0,-289,,,,
083216,0,0,0,175,,,,
083217,0,0,0,-7,,,,
083219,0,0,0,29,,,,
083220,0,0,0,22,,,,
083224,0,0,0,-23,,,,
083226,0,0,0,-52,,,,
083227,0,0,0,5,,,,
083228,0,0,0,56,,,,
083229,0,0,0,49,,,,
083232,0,0,0,65,,,,
083234,0,0,0,0,,,,
083235,0,0,0,-5,,,,
083236,0,0,0,0,,,,
083237,0,0,0,20,,,,
083238,0,0,0,-31,,,,
083239,0,0,0,0,,,,
083241,0,0,0,-550,,,,
083243,0,0,0,18,,,,
083244,0,0,0,-11,,,,
083245,0,0,0,-9,,,,
083247,0,0,0,-113,,,,
083248,0,0,0,-83,,,,
083249,0,0,0,-38,,,,
083253,0,0,0,98,,,,
083254,0,0,0,74,,,,
083255,0,0,0,2,,,,
083256,0,0,0,-136,,,,
083257,0,0,0,54,,,,
083258,0,0,0,43,,,,
083259,0,0,0,-10,,,,
083260,0,0,0,-10,,,,
083261,0,0,0,-113,,,,
083262,0,0,0,-105,,,,
083263,0,0,0,-8,,,,
083264,0,0,0,-40,,,,
083265,0,0,0,-75,,,,
083266,0,0,0,10,,,,
083267,0,0,0,15,,,,
083268,0,0,0,-34,,,,
083273,0,0,0,-26,,,,
083274,0,0,0,-11,,,,
083276,0,0,0,-10,,,,
083277,0,0,0,-20,,,,
083278,0,0,0,102,,,,
083279,0,0,0,140,,,,
083280,0,0,0,-64,,,,
083281,0,0,0,-310,,,,
083282,0,0,0,-1040,,,,
083283,0,0,0,217,,,,
083284,0,0,0,-88,,,,
083285,0,0,0,-1,,,,
083286,0,0,0,-125,,,,
083287,0,0,0,0,,,,
083288,0,0,0,128,,,,
083289,0,0,0,188,,,,
083290,0,0,0,-4,,,,
083291,0,0,0,-17,,,,
083292,0,0,0,-41,,,,
083293,0,0,0,-7,,,,
083294,0,0,0,-36,,,,
083295,0,0,0,-98,,,,
083296,0,0,0,-4,,,,
083297,0,0,0,-179,,,,
083298,0,0,0,-32,,,,
083299,0,0,0,-225,,,,
083300,0,0,0,-37,,,,
083301,0,0,0,661,,,,
083302,0,0,0,20,,,,
083303,0,0,0,63,,,,
083306,0,0,0,-103,,,,
083307,-899,0,0,726,,,,
083308,0,0,0,47,,,,
083312,0,0,0,263,,,,
083314,0,0,0,-6,,,,
083320,0,0,0,22,,,,
083322,0,0,0,37,,,,
083323,200,0,0,-200,,,,
083326,0,0,0,36,,,,
083327,0,0,0,38,,,,
083328,0,0,0,-10,,,,
083329,0,0,0,45,,,,
083330,0,0,0,16,,,,
083331,0,0,0,-26,,,,
083332,0,0,0,-28,,,,
083333,0,0,0,-33,,,,
083337,0,0,0,953,,,,
083338,0,0,0,21,,,,
083340,0,0,0,-78,,,,
083342,0,0,0,-491,,,,
083343,0,0,0,147,,,,
083344,0,0,0,129,,,,
083345,0,0,0,136,,,,
083346,0,0,0,859,,,,
083347,0,0,0,-48,,,,
083348,0,0,0,75,,,,
083349,0,0,0,-38,,,,
083350,0,0,0,130,,,,
083352,-19,0,0,-20,,,,
083353,0,0,0,1,,,,
083354,0,0,0,-578,,,,
083356,0,0,0,-218,,,,
083358,0,0,0,-53,,,,
083359,0,0,0,77,,,,
083360,0,0,0,-6,,,,
083361,0,0,0,-10,,,,
083362,0,0,0,-405,,,,
083363,0,0,0,-45,,,,
083365,0,0,0,172,,,,
083366,0,0,0,-30,,,,
083367,0,0,0,-27,,,,
083370,0,0,0,42,,,,
083371,0,0,0,-290,,,,
083372,0,0,0,-24,,,,
083375,0,0,0,-20,,,,
083376,0,0,0,-203,,,,
083377,0,0,0,-148,,,,
083378,0,0,0,-238,,,,
083379,0,0,0,398,,,,
083380,0,0,0,11,,,,
083381,0,0,0,-152,,,,
083382,0,0,0,-211,,,,
083383,0,0,0,70,,,,
083384,0,0,0,505,,,,
083385,0,0,0,20,,,,
083386,0,0,0,73,,,,
083387,0,0,0,8,,,,
083388,0,0,0,21,,,,
083390,0,0,0,51,,,,
083391,0,0,0,-6,,,,
083392,0,0,0,-3,,,,
083394,0,0,0,-6,,,,
083397,0,0,0,-5,,,,
083401,0,0,0,-119,,,,
083402,0,0,0,-23,,,,
083403,0,0,0,-42,,,,
083404,0,0,0,-2418,,,,
083405,0,0,0,364,,,,
083406,0,0,0,256,,,,
083407,0,0,0,37,,,,
083408,0,0,0,-27,,,,
083411,0,0,0,117,,,,
083412,0,0,0,133,,,,
083413,0,0,0,49,,,,
083414,0,0,0,61,,,,
083415,0,0,0,256,,,,
083416,0,0,0,10,,,,
083418,0,0,0,-102,,,,
083419,0,0,0,-185,,,,
083420,0,0,0,-93,,,,
083421,0,0,0,210,,,,
083425,0,0,0,-380,,,,
083426,0,0,0,-138,,,,
083427,0,0,0,-5,,,,
083428,0,0,0,-48,,,,
083429,0,0,0,-27,,,,
083430,0,0,0,98,,,,
083431,0,0,0,-118,,,,
083432,0,0,0,-481,,,,
083433,0,0,0,231,,,,
083434,0,0,0,25,,,,
083435,0,0,0,-11,,,,
083436,0,0,0,-238,,,,
083437,0,0,0,69,,,,
083438,0,0,0,-27,,,,
083441,0,0,0,187,,,,
083443,0,0,0,12,,,,
083445,0,0,0,-23,,,,
083446,0,0,0,-74,,,,
083447,0,0,0,12,,,,
083448,0,0,0,-96,,,,
083449,0,0,0,66,,,,
083450,0,0,0,536,,,,
083453,0,0,0,-175,,,,
083454,0,0,0,39,,,,
083455,0,0,0,321,,,,
083456,0,0,0,20,,,,
083460,0,0,0,10,,,,
083464,0,0,0,-119,,,,
083465,0,0,0,-35,,,,
083466,0,0,0,0,,,,
083468,0,0,0,-160,,,,
083469,0,0,0,-2,,,,
083470,0,0,0,117,,,,
083471,0,0,0,-19,,,,
083472,0,0,0,-4,,,,
083473,0,0,0,-48,,,,
083474,0,0,0,17,,,,
083475,0,0,0,-175,,,,
083476,0,0,0,-204,,,,
083478,0,0,0,48,,,,
083479,0,0,0,332,,,,
083480,0,0,0,443,,,,
083482,0,0,0,41,,,,
083483,0,0,0,137,,,,
083486,0,0,0,39,,,,
083487,0,0,0,11,,,,
083488,0,0,0,24,,,,
083489,0,0,0,23,,,,
083490,0,0,0,513,,,,
083491,0,0,0,63,,,,
083492,0,0,0,32,,,,
083495,0,0,0,15,,,,
083496,0,0,0,110,,,,
083497,0,0,0,-5,,,,
083498,0,0,0,28,,,,
083499,0,0,0,-48,,,,
083501,0,0,0,-20,,,,
083502,0,0,0,14,,,,
083505,0,0,0,12,,,,
083507,0,0,0,-113,,,,
083508,0,0,0,206,,,,
083510,0,0,0,57,,,,
083511,0,0,0,30,,,,
083513,0,0,0,113,,,,
083514,0,0,0,-76,,,,
083515,0,0,0,-48,,,,
083516,0,0,0,-124,,,,
083518,0,0,0,-74,,,,
083519,0,0,0,-20,,,,
083521,0,0,0,12,,,,
083523,0,0,0,52,,,,
083524,0,0,0,4,,,,
083525,0,0,0,92,,,,
083526,0,0,0,2,,,,
083527,0,0,0,-19,,,,
083528,0,0,0,59,,,,
083530,0,0,0,56,,,,
083531,0,0,0,2,,,,
083532,0,0,0,-146,,,,
083533,0,0,0,0,,,,
083534,0,0,0,-37,,,,
083536,0,0,0,-104,,,,
083537,0,0,0,-10,,,,
083538,0,0,0,135,,,,
083539,0,0,0,-2,,,,
083540,0,0,0,-971,,,,
083541,0,0,0,-3338,,,,
083542,0,0,0,2,,,,
083543,0,0,0,7,,,,
083544,0,0,0,39,,,,
083545,0,0,0,-271,,,,
083546,0,0,0,32,,,,
083547,0,0,0,15,,,,
083550,0,0,0,-20,,,,
083553,0,0,0,101,,,,
083554,0,0,0,66,,,,
083555,0,0,0,11,,,,
083556,0,0,0,31,,,,
083557,0,0,0,100,,,,
083558,0,0,0,31,,,,
083560,0,0,0,-15,,,,
083561,0,0,0,-146,,,,
083562,0,0,0,0,,,,
083565,0,0,0,8,,,,
083566,0,0,0,-22,,,,
083568,0,0,0,19,,,,
083569,0,0,0,-30,,,,
083570,0,0,0,-21,,,,
083571,0,0,0,23,,,,
083572,0,0,0,-2,,,,
083573,0,0,0,0,,,,
083574,0,0,0,-262,,,,
083576,0,0,0,88,,,,
083577,0,0,0,-17,,,,
083578,0,0,0,0,,,,
083580,0,0,0,-451,,,,
083581,0,0,0,4,,,,
083582,0,0,0,-66,,,,
083583,0,0,0,-507,,,,
083584,0,0,0,129,,,,
083585,0,0,0,0,,,,
083586,0,0,0,98,,,,
083587,0,0,0,23,,,,
083588,0,0,0,-369,,,,
083589,0,0,0,58,,,,
083590,0,0,0,134,,,,
083591,0,0,0,119,,,,
083592,0,0,0,128,,,,
083593,0,0,0,0,,,,
083594,0,0,0,0,,,,
083595,0,0,0,47,,,,
083597,0,0,0,30,,,,
083598,0,0,0,19,,,,
083599,0,0,0,6,,,,
083600,0,0,0,-325,,,,
083601,0,0,0,-84,,,,
083602,0,0,0,10,,,,
083603,0,0,0,36,,,,
083605,0,0,0,70,,,,
083606,0,0,0,67,,,,
083608,0,0,0,-35,,,,
083609,0,0,0,-16,,,,
083610,0,0,0,12,,,,
083612,0,0,0,-126,,,,
083613,0,0,0,0,,,,
083616,0,0,0,153,,,,
083617,0,0,0,13,,,,
083618,0,0,0,80,,,,
083619,0,0,0,76,,,,
083620,0,0,0,13,,,,
083621,0,0,0,39,,,,
083623,0,0,0,-64,,,,
083624,0,0,0,-297,,,,
083625,0,0,0,6,,,,
083626,0,0,0,1,,,,
083631,0,0,0,82,,,,
083632,0,0,0,100,,,,
083633,0,0,0,2259,,,,
083635,0,0,0,500,,,,
083636,0,0,0,-65,,,,
083637,0,0,0,27,,,,
083638,0,0,0,-134,,,,
083639,0,0,0,45,,,,
083641,0,0,0,-228,,,,
083645,0,0,0,289,,,,
083649,0,0,0,-2082,,,,
083650,0,0,0,-297,,,,
083651,0,0,0,-10,,,,
083652,0,0,0,-29,,,,
083653,0,0,0,10,,,,
083654,0,0,0,152,,,,
083655,0,0,0,174,,,,
083657,0,0,0,-135,,,,
083659,0,0,0,-31,,,,
083660,0,0,0,-213,,,,
083661,0,0,0,156,,,,
083662,0,0,0,-40,,,,
083663,0,0,0,-50,,,,
083665,0,0,0,-427,,,,
083666,0,0,0,9,,,,
083667,0,0,0,122,,,,
083668,0,0,0,-16,,,,
083669,0,0,0,-23,,,,
083670,0,0,0,-5,,,,
083672,0,0,0,-681,,,,
083674,0,0,0,79,,,,
083675,0,0,0,10,,,,
083677,0,0,0,-127,,,,
083679,0,0,0,86,,,,
083680,0,0,0,27,,,,
083681,0,0,0,10,,,,
083682,0,0,0,119,,,,
083683,0,0,0,30,,,,
083684,0,0,0,88,,,,
083685,0,0,0,-71,,,,
083686,0,0,0,-415,,,,
083687,0,0,0,47,,,,
083689,0,0,0,-131,,,,
083690,0,0,0,81,,,,
083691,0,0,0,168,,,,
083692,0,0,0,-95,,,,
083693,0,0,0,30,,,,
083694,0,0,0,-116,,,,
083695,0,0,0,-71,,,,
083697,0,0,0,-57,,,,
083698,0,0,0,-41,,,,
083699,0,0,0,121,,,,
083700,0,0,0,-65,,,,
083705,0,0,0,-302,,,,
083706,0,0,0,-501,,,,
083707,0,0,0,40,,,,
083709,0,0,0,-90,,,,
083711,0,0,0,-4,,,,
083713,0,0,0,26,,,,
083714,0,0,0,-524,,,,
083715,0,0,0,-53,,,,
083716,0,0,0,-47,,,,
083717,0,0,0,10,,,,
083718,0,0,0,100,,,,
083719,0,0,0,-20,,,,
083720,0,0,0,35,,,,
083721,0,0,0,4,,,,
083722,0,0,0,42,,,,
083724,0,0,0,128,,,,
083725,0,0,0,-343,,,,
083726,0,0,0,-140,,,,
083727,0,0,0,-69,,,,
083728,0,0,0,381,,,,
083729,0,0,0,59,,,,
083730,0,0,0,372,,,,
083731,0,0,0,-26,,,,
083732,0,0,0,-12,,,,
083733,0,0,0,13,,,,
083734,0,0,0,-41,,,,
083735,0,0,0,-888,,,,
083736,0,0,0,-4,,,,
083737,0,0,0,-444,,,,
083738,0,0,0,-137,,,,
083739,0,0,0,320,,,,
083741,0,0,0,-583,,,,
083742,0,0,0,677,,,,
083743,0,0,0,-10,,,,
083744,0,0,0,-57,,,,
083745,0,0,0,-497,,,,
083746,0,0,0,-496,,,,
083747,0,0,0,24,,,,
083748,0,0,0,-875,,,,
083751,0,0,0,9,,,,
083752,0,0,0,15,,,,
083753,0,0,0,-345,,,,
083754,0,0,0,-105,,,,
083755,0,0,0,0,,,,
083756,0,0,0,195,,,,
083758,0,0,0,133,,,,
083759,0,0,0,277,,,,
083760,0,0,0,-157,,,,
083764,0,0,0,-145,,,,
083765,0,0,0,-10,,,,
083766,0,0,0,-14,,,,
083767,0,0,0,57,,,,
083768,0,0,0,-159,,,,
083769,0,0,0,29,,,,
083770,0,0,0,-165,,,,
083771,0,0,0,-21,,,,
083772,0,0,0,-19,,,,
083773,0,0,0,0,,,,
083774,0,0,0,556,,,,
083776,0,0,0,-8,,,,
083777,0,0,0,-6,,,,
083778,0,0,0,0,,,,
083779,0,0,0,-728,,,,
083780,0,0,0,-398,,,,
083781,0,0,0,103,,,,
083782,0,0,0,-1152,,,,
083783,0,0,0,94,,,,
083785,0,0,0,20,,,,
083787,0,0,0,108,,,,
083788,0,0,0,0,,,,
083789,0,0,0,17,,,,
083790,0,0,0,-30,,,,
083791,0,0,0,-88,,,,
083792,0,0,0,-30,,,,
083793,0,0,0,307,,,,
083794,0,0,0,-43,,,,
083795,0,0,0,94,,,,
083797,0,0,0,-30,,,,
083798,0,0,0,-33,,,,
083799,0,0,0,-262,,,,
083802,0,0,0,-495,,,,
083805,0,0,0,-15,,,,
083806,0,0,0,462,,,,
083807,0,0,0,15,,,,
083808,0,0,0,-717,,,,
083809,0,0,0,-24,,,,
083810,0,0,0,-163,,,,
083811,0,0,0,8,,,,
083812,0,0,0,-3973,,,,
083813,0,0,0,-119,,,,
083814,0,0,0,15,,,,
083817,0,0,0,-156,,,,
083818,0,0,0,-18,,,,
083820,0,0,0,-10,,,,
083821,0,0,0,-53,,,,
083822,0,0,0,79,,,,
083823,0,0,0,17,,,,
083824,0,0,0,72,,,,
083827,0,0,0,32,,,,
083829,0,0,0,-146,,,,
083830,0,0,0,0,,,,
083831,0,0,0,-6,,,,
083832,0,0,0,112,,,,
083835,0,0,0,54,,,,
083836,0,0,0,19,,,,
083837,0,0,0,0,,,,
083838,0,0,0,-28,,,,
083840,0,0,0,59,,,,
083841,0,0,0,-40,,,,
083842,0,0,0,-44,,,,
083843,0,0,0,43,,,,
083844,0,0,0,140,,,,
083845,0,0,0,-75,,,,
083846,0,0,0,152,,,,
083850,0,0,0,-122,,,,
083851,0,0,0,-170,,,,
083852,0,0,0,-70,,,,
083853,0,0,0,-70,,,,
083854,0,0,0,10,,,,
083855,0,0,0,-4,,,,
083856,0,0,0,-76,,,,
083860,0,0,0,2,,,,
083861,0,0,0,-155,,,,
083862,0,0,0,46,,,,
083863,0,0,0,-48,,,,
083864,0,0,0,270,,,,
083865,0,0,0,3,,,,
083866,0,0,0,-103,,,,
083867,0,0,0,81,,,,
083868,0,0,0,-37,,,,
083870,0,0,0,20,,,,
083871,0,0,0,80,,,,
083872,0,0,0,110,,,,
083873,0,0,0,201,,,,
083874,0,0,0,-31,,,,
083876,0,0,0,-67,,,,
083877,0,0,0,-93,,,,
083878,0,0,0,189,,,,
083879,0,0,0,-293,,,,
083880,0,0,0,-103,,,,
083881,0,0,0,-483,,,,
083883,0,0,0,-385,,,,
083884,0,0,0,-129,,,,
083885,0,0,0,-496,,,,
083887,0,0,0,-40,,,,
083889,0,0,0,-11,,,,
083890,0,0,0,3,,,,
083891,0,0,0,53,,,,
083892,0,0,0,-3,,,,
083893,0,0,0,-6,,,,
083895,0,0,0,-73,,,,
083899,0,0,0,-35,,,,
083900,0,0,0,-38,,,,
083901,0,0,0,280,,,,
083903,0,0,0,-63,,,,
083905,0,0,0,10,,,,
083906,0,0,0,277,,,,
083908,0,0,0,-437,,,,
083911,0,0,0,-26,,,,
083912,0,0,0,-18,,,,
083913,0,0,0,0,,,,
083915,0,0,0,-4,,,,
083917,0,0,0,28,,,,
083918,0,0,0,17,,,,
083919,0,0,0,-71,,,,
083920,0,0,0,-221,,,,
083921,0,0,0,49,,,,
083922,0,0,0,-16,,,,
083923,0,0,0,-7,,,,
083924,0,0,0,-6,,,,
083925,0,0,0,-54,,,,
083926,0,0,0,236,,,,
083927,0,0,0,11,,,,
083928,0,0,0,4,,,,
083932,0,0,0,26,,,,
083933,0,0,0,7,,,,
083934,0,0,0,6,,,,
083936,0,0,0,5,,,,
083937,0,0,0,-26,,,,
083938,0,0,0,90,,,,
083939,0,0,0,-4,,,,
083940,0,0,0,20,,,,
083941,0,0,0,-56,,,,
083943,0,0,0,130,,,,
083944,0,0,0,270,,,,
083945,0,0,0,191,,,,
083946,0,0,0,-110,,,,
083949,0,0,0,-121,,,,
083950,0,0,0,297,,,,
083951,0,0,0,-121,,,,
083952,0,0,0,-102,,,,
083953,0,0,0,98,,,,
083954,0,0,0,85,,,,
083955,0,0,0,119,,,,
083956,0,0,0,-8,,,,
083957,0,0,0,-826,,,,
083958,0,0,0,-297,,,,
083960,0,0,0,-55,,,,
083961,0,0,0,102,,,,
083964,0,0,0,-5,,,,
083965,0,0,0,-4,,,,
083967,0,0,0,-66,,,,
083968,0,0,0,416,,,,
083969,0,0,0,107,,,,
083970,0,0,0,-89,,,,
083971,0,0,0,0,,,,
083972,0,0,0,31,,,,
083973,0,0,0,-60,,,,
083976,0,0,0,-81,,,,
083977,0,0,0,116,,,,
083979,0,0,0,69,,,,
083980,0,0,0,-96,,,,
083981,0,0,0,1858,,,,
083982,0,0,0,120,,,,
083983,0,0,0,-49,,,,
083986,0,0,0,15,,,,
083987,0,0,0,-63,,,,
083988,0,0,0,-1042,,,,
083989,0,0,0,23,,,,
083990,0,0,0,629,,,,
083991,0,0,0,4,,,,
083992,0,0,0,160,,,,
083993,0,0,0,1,,,,
083997,0,0,0,-20,,,,
083998,0,0,0,-85,,,,
083999,0,0,0,-20,,,,
084000,0,0,0,-11,,,,
084001,0,0,0,0,,,,
084002,0,0,0,-67,,,,
084003,0,0,0,-2,,,,
084004,0,0,0,-48,,,,
084005,0,0,0,22,,,,
084006,0,0,0,329,,,,
084007,0,0,0,-499,,,,
084008,0,0,0,511,,,,
084009,0,0,0,235,,,,
084010,0,0,0,129,,,,
084013,0,0,0,81,,,,
084014,0,0,0,16,,,,
084015,0,0,0,-1,,,,
084017,0,0,0,-42,,,,
084018,0,0,0,-142,,,,
084020,0,0,0,178,,,,
084022,0,0,0,120,,,,
084023,0,0,0,113,,,,
084025,0,0,0,-65,,,,
084026,0,0,0,554,,,,
084027,0,0,0,-1272,,,,
084028,0,0,0,-433,,,,
084029,0,0,0,-1100,,,,
084030,0,0,0,-362,,,,
084031,0,0,0,-932,,,,
084032,0,0,0,-5,,,,
084033,0,0,0,32,,,,
084035,0,0,0,43,,,,
084036,0,0,0,-104,,,,
084037,0,0,0,447,,,,
084038,0,0,0,-6,,,,
084039,0,0,0,-33,,,,
084040,0,0,0,-97,,,,
084041,0,0,0,32,,,,
084045,0,0,0,-343,,,,
084046,0,0,0,-97,,,,
084048,0,0,0,-492,,,,
084049,0,0,0,-124,,,,
084050,0,0,0,-503,,,,
084051,0,0,0,184,,,,
084052,0,0,0,-136,,,,
084053,0,0,0,-2107,,,,
084057,0,0,0,-4,,,,
084058,0,0,0,-50,,,,
084060,0,0,0,-415,,,,
084062,0,0,0,-64,,,,
084064,0,0,0,1,,,,
084067,0,0,0,-60,,,,
084068,0,0,0,72,,,,
084070,0,0,0,-62,,,,
084071,0,0,0,65,,,,
084072,0,0,0,-81,,,,
084074,0,0,0,20,,,,
084075,0,0,0,27,,,,
084076,0,0,0,-33,,,,
084077,0,0,0,86,,,,
084079,0,0,0,206,,,,
084080,0,0,0,192,,,,
084081,0,0,0,59,,,,
084082,0,0,0,-150,,,,
084083,0,0,0,-90,,,,
084084,0,0,0,37,,,,
084085,0,0,0,108,,,,
084086,0,0,0,12,,,,
084087,0,0,0,1,,,,
084089,0,0,0,9,,,,
084092,0,0,0,-225,,,,
084093,0,0,0,34,,,,
084094,0,0,0,-10,,,,
084095,0,0,0,154,,,,
084096,0,0,0,-391,,,,
084098,0,0,0,-2,,,,
084101,0,0,0,13,,,,
084102,0,0,0,44,,,,
084103,0,0,0,499,,,,
084104,0,0,0,-16,,,,
084105,0,0,0,25,,,,
084106,0,0,0,2101,,,,
084107,0,0,0,606,,,,
084108,0,0,0,0,,,,
084111,0,0,0,79,,,,
084112,0,0,0,-42,,,,
084115,0,0,0,28,,,,
084116,0,0,0,-52,,,,
084117,0,0,0,18,,,,
084118,0,0,0,20,,,,
084119,0,0,0,0,,,,
084120,0,0,0,495,,,,
084122,0,0,0,80,,,,
084124,0,0,0,22,,,,
084125,0,0,0,-9,,,,
084126,0,0,0,46,,,,
084127,0,0,0,25,,,,
084128,0,0,0,-124,,,,
084129,0,0,0,276,,,,
084130,0,0,0,-466,,,,
084131,0,0,0,32,,,,
084132,0,0,0,-12,,,,
084133,0,0,0,-5,,,,
084134,0,0,0,1,,,,
084135,0,0,0,-70,,,,
084136,0,0,0,-70,,,,
084137,0,0,0,39,,,,
084139,0,0,0,-7,,,,
084140,0,0,0,30,,,,
084142,0,0,0,1,,,,
084143,0,0,0,-36,,,,
084144,0,0,0,-998,,,,
084145,0,0,0,0,,,,
084146,0,0,0,0,,,,
084147,0,0,0,-121,,,,
084148,0,0,0,-8,,,,
084149,0,0,0,-30,,,,
084150,0,0,0,9,,,,
084151,0,0,0,-38,,,,
084152,0,0,0,98,,,,
084154,0,0,0,-2,,,,
084155,0,0,0,302,,,,
084156,0,0,0,-108,,,,
084157,0,0,0,39,,,,
084159,0,0,0,-10,,,,
084160,0,0,0,64,,,,
084161,0,0,0,-10,,,,
084163,0,0,0,-25,,,,
084164,0,0,0,-150,,,,
084165,0,0,0,-3,,,,
084166,0,0,0,10,,,,
084168,0,0,0,-10,,,,
084169,0,0,0,65,,,,
084170,0,0,0,136,,,,
084172,0,0,0,-49,,,,
084173,0,0,0,78,,,,
084175,0,0,0,4,,,,
084176,0,0,0,51,,,,
084177,0,0,0,-28,,,,
084178,0,0,0,-13,,,,
084179,0,0,0,-30,,,,
084180,0,0,0,-22,,,,
084181,0,0,0,-78,,,,
084182,0,0,0,-283,,,,
084184,0,0,0,-33,,,,
084185,0,0,0,17,,,,
084186,0,0,0,-9,,,,
084187,0,0,0,53,,,,
084188,0,0,0,-11,,,,
084189,0,0,0,200,,,,
084194,0,0,0,139,,,,
084195,0,0,0,-6,,,,
084199,0,0,0,5,,,,
084203,0,0,0,-20,,,,
084205,0,0,0,8,,,,
084206,0,0,0,-11,,,,
084208,0,0,0,-7,,,,
084210,0,0,0,-1,,,,
084212,0,0,0,111,,,,
084213,0,0,0,36,,,,
084214,0,0,0,1,,,,
084216,0,0,0,-3,,,,
084217,0,0,0,-9,,,,
084220,0,0,0,-10,,,,
084222,0,0,0,-65,,,,
084224,0,0,0,449,,,,
084225,0,0,0,-34,,,,
084226,0,0,0,-10,,,,
084227,0,0,0,21,,,,
084228,0,0,0,-94,,,,
084231,0,0,0,23,,,,
084233,0,0,0,16,,,,
084234,0,0,0,71,,,,
084237,0,0,0,100,,,,
084239,0,0,0,-76,,,,
084244,0,0,0,-239,,,,
084245,0,0,0,16,,,,
084249,0,0,0,-193,,,,
084250,0,0,0,462,,,,
084251,0,0,0,87,,,,
084252,0,0,0,15,,,,
084254,0,0,0,33,,,,
084255,0,0,0,75,,,,
084256,0,0,0,17,,,,
084257,0,0,0,-4,,,,
084258,0,0,0,-15,,,,
084259,0,0,0,38,,,,
084260,0,0,0,1962,,,,
084261,0,0,0,28,,,,
084262,0,0,0,-190,,,,
084264,0,0,0,10,,,,
084265,0,0,0,-48,,,,
084266,0,0,0,19,,,,
084267,0,0,0,11,,,,
084268,0,0,0,-2,,,,
084270,0,0,0,16,,,,
084271,0,0,0,34,,,,
084274,0,0,0,22,,,,
084275,0,0,0,-9,,,,
084276,0,0,0,-55,,,,
084278,0,0,0,-2,,,,
084279,0,0,0,-1,,,,
084281,0,0,0,292,,,,
084283,0,0,0,-24,,,,
084284,0,0,0,33,,,,
084287,0,0,0,-20,,,,
084288,0,0,0,-36,,,,
084290,0,0,0,-4,,,,
084291,0,0,0,114,,,,
084292,0,0,0,110,,,,
084293,0,0,0,54,,,,
084297,0,0,0,-24,,,,
084299,0,0,0,-140,,,,
084301,0,0,0,-141,,,,
084304,0,0,0,-68,,,,
084305,0,0,0,0,,,,
084308,0,0,0,2,,,,
084309,0,0,0,32,,,,
08430U,0,0,0,-30,,,,
084310,0,0,0,-46,,,,
084311,0,0,0,0,,,,
084312,0,0,0,1020,,,,
084313,0,0,0,47,,,,
084314,0,0,0,20,,,,
084315,0,0,0,610,,,,
084316,0,0,0,65,,,,
084317,0,0,0,53,,,,
084318,0,0,0,1,,,,
084319,0,0,0,23,,,,
084320,0,0,0,-778,,,,
084321,0,0,0,25,,,,
084323,0,0,0,55,,,,
084325,0,0,0,213,,,,
084326,0,0,0,-390,,,,
084327,0,0,0,-25,,,,
084328,0,0,0,-20,,,,
084330,0,0,0,-25,,,,
084331,0,0,0,-20,,,,
084333,0,0,0,37,,,,
084334,0,0,0,-71,,,,
084335,0,0,0,-6,,,,
084336,0,0,0,52,,,,
084337,0,0,0,-56,,,,
084338,0,0,0,12,,,,
084339,0,0,0,51,,,,
084340,0,0,0,10,,,,
084341,0,0,0,-45,,,,
084344,0,0,0,-51,,,,
084345,0,0,0,-150,,,,
084346,0,0,0,142,,,,
084347,0,0,0,10,,,,
084353,0,0,0,-15,,,,
084354,0,0,0,91,,,,
084355,0,0,0,129,,,,
084356,0,0,0,-168,,,,
084357,0,0,0,6,,,,
084358,0,0,0,-251,,,,
084359,0,0,0,32,,,,
084360,0,0,0,1,,,,
084361,0,0,0,-545,,,,
084363,0,0,0,73,,,,
084364,0,0,0,40,,,,
084365,0,0,0,103,,,,
084366,0,0,0,-18,,,,
084367,0,0,0,159,,,,
084368,0,0,0,41,,,,
084369,0,0,0,-176,,,,
084370,0,0,0,-59,,,,
084372,0,0,0,-9,,,,
084373,0,0,0,3,,,,
084374,0,0,0,6,,,,
084375,0,0,0,25,,,,
084376,0,0,0,26,,,,
084377,0,0,0,10,,,,
084378,0,0,0,-76,,,,
084379,0,0,0,-30,,,,
08437U,0,0,0,70,,,,
084381,0,0,0,-40,,,,
084382,0,0,0,5,,,,
084383,0,0,0,-7,,,,
084384,0,0,0,-23,,,,
084385,0,0,0,-37,,,,
084386,0,0,0,10,,,,
084389,0,0,0,-217,,,,
084391,0,0,0,23,,,,
084392,0,0,0,-12,,,,
084393,0,0,0,-30,,,,
084399,0,0,0,30,,,,
084402,0,0,0,-34,,,,
084405,0,0,0,-55,,,,
084407,0,0,0,759,,,,
084409,0,0,0,106,,,,
084411,0,0,0,59,,,,
084412,0,0,0,-327,,,,
084413,0,0,0,790,,,,
084414,0,0,0,1284,,,,
084415,0,0,0,-3,,,,
084416,0,0,0,49,,,,
084417,0,0,0,160,,,,
084418,0,0,0,397,,,,
084419,0,0,0,125,,,,
084420,0,0,0,83,,,,
084421,0,0,0,18,,,,
084422,0,0,0,15,,,,
084424,0,0,0,6,,,,
084425,0,0,0,70,,,,
084426,0,0,0,-86,,,,
084427,0,0,0,-29,,,,
084428,0,0,0,-11,,,,
084429,0,0,0,22,,,,
084431,0,0,0,-25,,,,
084432,0,0,0,-67,,,,
084433,0,0,0,-15,,,,
084435,0,0,0,40,,,,
084436,0,0,0,2529,,,,
084437,0,0,0,50,,,,
084438,0,0,0,-164,,,,
084441,0,0,0,14,,,,
084442,0,0,0,344,,,,
084443,0,0,0,-14,,,,
084446,0,0,0,77,,,,
084447,0,0,0,-521,,,,
084448,0,0,0,-5,,,,
084449,0,0,0,-76,,,,
084450,0,0,0,1,,,,
084451,0,0,0,-67,,,,
084454,0,0,0,-112,,,,
084456,0,0,0,-120,,,,
084457,0,0,0,-3,,,,
084458,0,0,0,64,,,,
084459,0,0,0,-1,,,,
084460,0,0,0,-660,,,,
084461,0,0,0,-9,,,,
084462,0,0,0,-153,,,,
084463,0,0,0,67,,,,
084464,0,0,0,-10,,,,
084465,0,0,0,388,,,,
084466,0,0,0,2,,,,
084467,0,0,0,-162,,,,
084468,0,0,0,36,,,,
084469,0,0,0,-572,,,,
084470,0,0,0,-20,,,,
084471,0,0,0,1285,,,,
084472,0,0,0,-22,,,,
084474,0,0,0,39,,,,
084475,0,0,0,11,,,,
084476,0,0,0,29,,,,
084477,0,0,0,-229,,,,
084478,0,0,0,465,,,,
084479,0,0,0,-2,,,,
084481,0,0,0,367,,,,
084482,0,0,0,446,,,,
084484,0,0,0,103,,,,
084485,0,0,0,140,,,,
084486,0,0,0,-41,,,,
084487,0,0,0,-201,,,,
084488,0,0,0,81,,,,
084489,0,0,0,0,,,,
084491,0,0,0,-10,,,,
084492,0,0,0,91,,,,
084493,0,0,0,692,,,,
084497,0,0,0,20,,,,
084498,0,0,0,18,,,,
084499,0,0,0,-120,,,,
084500,0,0,0,279,,,,
084501,0,0,0,-600,,,,
084503,0,0,0,79,,,,
084504,0,0,0,-401,,,,
084505,0,0,0,-102,,,,
084506,0,0,0,5,,,,
084507,0,0,0,-6,,,,
084509,0,0,0,-41,,,,
084510,0,0,0,3,,,,
084512,0,0,0,50,,,,
084513,0,0,0,-71,,,,
084517,0,0,0,115,,,,
084518,0,0,0,-157,,,,
084519,0,0,0,4,,,,
084521,0,0,0,284,,,,
084522,0,0,0,-103,,,,
084526,0,0,0,-10,,,,
084528,0,0,0,6,,,,
084529,0,0,0,4,,,,
084530,0,0,0,-46,,,,
084531,0,0,0,-20,,,,
084532,0,0,0,-11,,,,
084533,0,0,0,1,,,,
084534,0,0,0,-2,,,,
084536,0,0,0,-10,,,,
084537,0,0,0,68,,,,
084538,0,0,0,-79,,,,
084539,0,0,0,24,,,,
084540,0,0,0,-135,,,,
084542,0,0,0,1523,,,,
084545,0,0,0,-5,,,,
084546,0,0,0,-38,,,,
084547,0,0,0,35,,,,
084549,0,0,0,44,,,,
084550,0,0,0,113,,,,
084551,0,0,0,-46,,,,
084552,0,0,0,4,,,,
084554,0,0,0,10,,,,
084556,0,0,0,51,,,,
084557,0,0,0,126,,,,
084558,0,0,0,66,,,,
084564,0,0,0,7,,,,
084565,0,0,0,25,,,,
084567,0,0,0,44,,,,
084568,0,0,0,-23,,,,
084569,0,0,0,-20,,,,
084570,0,0,0,-10,,,,
084571,0,0,0,-43,,,,
084572,0,0,0,197,,,,
084573,0,0,0,-9,,,,
084575,0,0,0,-268,,,,
084578,0,0,0,33,,,,
084580,0,0,0,29,,,,
084581,0,0,0,60,,,,
084586,0,0,0,199,,,,
084587,0,0,0,295,,,,
084589,0,0,0,-3,,,,
084590,0,0,0,-9,,,,
084592,0,0,0,-80,,,,
084597,0,0,0,-133,,,,
084598,0,0,0,0,,,,
084599,0,0,0,50,,,,
084600,0,0,0,-52,,,,
084601,0,0,0,281,,,,
084602,0,0,0,469,,,,
084603,0,0,0,3,,,,
084604,0,0,0,-106,,,,
084605,0,0,0,-13,,,,
084607,0,0,0,-15,,,,
084608,0,0,0,321,,,,
084609,0,0,0,21,,,,
084612,0,0,0,45,,,,
084613,0,0,0,9,,,,
084614,0,0,0,12,,,,
084616,0,0,0,200,,,,
084617,0,0,0,-30,,,,
084619,0,0,0,21,,,,
084620,0,0,0,138,,,,
084622,0,0,0,-42,,,,
084625,0,0,0,2,,,,
084626,0,0,0,2,,,,
084627,0,0,0,-100,,,,
084628,0,0,0,-96,,,,
084630,0,0,0,38,,,,
084632,0,0,0,300,,,,
084633,0,0,0,174,,,,
084634,0,0,0,-26,,,,
084635,0,0,0,-170,,,,
084637,0,0,0,303,,,,
084638,0,0,0,-622,,,,
084639,0,0,0,3,,,,
084641,0,0,0,-10,,,,
084642,0,0,0,-33,,,,
084643,0,0,0,-246,,,,
084645,0,0,0,-163,,,,
084647,0,0,0,-20,,,,
084648,0,0,0,-34,,,,
084649,0,0,0,-82,,,,
084651,0,0,0,437,,,,
084652,0,0,0,-30,,,,
084653,0,0,0,-107,,,,
084655,0,0,0,-61,,,,
084657,0,0,0,-253,,,,
084658,0,0,0,5,,,,
084659,0,0,0,-45,,,,
084660,0,0,0,-366,,,,
084661,0,0,0,-790,,,,
084665,0,0,0,495,,,,
084666,0,0,0,-7,,,,
084667,0,0,0,5,,,,
084669,0,0,0,-128,,,,
084670,0,0,0,447,,,,
084672,0,0,0,17,,,,
084673,0,0,0,-117,,,,
084674,0,0,0,30,,,,
084675,0,0,0,4,,,,
084676,0,0,0,802,,,,
084677,0,0,0,20,,,,
084678,0,0,0,-168,,,,
084681,0,0,0,4,,,,
084682,0,0,0,19,,,,
084684,0,0,0,78,,,,
084685,0,0,0,-49,,,,
084686,0,0,0,-57,,,,
084687,0,0,0,-9,,,,
084688,0,0,0,158,,,,
084690,0,0,0,38,,,,
084692,0,0,0,0,,,,
084693,0,0,0,-38,,,,
084694,0,0,0,-27,,,,
084695,0,0,0,-9,,,,
084697,0,0,0,-227,,,,
084698,0,0,0,109,,,,
084699,0,0,0,78,,,,
084700,0,0,0,-242,,,,
084701,0,0,0,-8,,,,
084702,0,0,0,46,,,,
084703,0,0,0,110,,,,
084704,0,0,0,828,,,,
084705,0,0,0,-502,,,,
084706,0,0,0,422,,,,
084707,0,0,0,252,,,,
084708,0,0,0,15,,,,
084710,0,0,0,181,,,,
084711,0,0,0,-26,,,,
084712,0,0,0,-58,,,,
084713,0,0,0,-35,,,,
084714,0,0,0,511,,,,
084715,0,0,0,-16,,,,
084717,0,0,0,3,,,,
084720,0,0,0,-40,,,,
084721,0,0,0,-60,,,,
084722,0,0,0,-13,,,,
084723,0,0,0,-57,,,,
084724,0,0,0,0,,,,
084727,0,0,0,796,,,,
084728,0,0,0,34,,,,
084729,0,0,0,-115,,,,
084730,0,0,0,12,,,,
084732,0,0,0,-140,,,,
084733,0,0,0,-9,,,,
084734,0,0,0,-60,,,,
084737,0,0,0,45,,,,
084738,0,0,0,-55,,,,
084739,0,0,0,-21,,,,
084740,0,0,0,56,,,,
084741,0,0,0,2,,,,
084744,0,0,0,80,,,,
084745,0,0,0,-70,,,,
084747,0,0,0,-54,,,,
084748,0,0,0,-10,,,,
084749,0,0,0,1,,,,
084751,0,0,0,-217,,,,
084752,0,0,0,31,,,,
084754,0,0,0,-4,,,,
084755,0,0,0,52,,,,
084757,0,0,0,31,,,,
084758,0,0,0,-32,,,,
084759,0,0,0,102,,,,
084760,0,0,0,15,,,,
084761,0,0,0,-37,,,,
084762,0,0,0,-271,,,,
084763,0,0,0,-21,,,,
084764,0,0,0,-133,,,,
084765,0,0,0,-102,,,,
084767,0,0,0,35,,,,
084770,0,0,0,0,,,,
084771,0,0,0,-123,,,,
084772,0,0,0,-40,,,,
084773,0,0,0,-10,,,,
084775,0,0,0,-23,,,,
084777,0,0,0,-32,,,,
084778,0,0,0,278,,,,
084779,0,0,0,35,,,,
084780,0,0,0,50,,,,
084781,0,0,0,-9,,,,
084782,0,0,0,-91,,,,
084783,0,0,0,102,,,,
084784,0,0,0,21,,,,
084785,0,0,0,52,,,,
084786,0,0,0,-32,,,,
084787,0,0,0,-499,,,,
084788,0,0,0,196,,,,
084789,0,0,0,82,,,,
084790,0,0,0,42,,,,
084791,0,0,0,-22,,,,
084793,0,0,0,1,,,,
084794,0,0,0,-748,,,,
084795,0,0,0,-182,,,,
084797,0,0,0,-25,,,,
084798,0,0,0,-5,,,,
084799,4,0,0,14,,,,
084800,0,0,0,-25,,,,
084801,0,0,0,-22,,,,
084802,0,0,0,-134,,,,
084803,0,0,0,-35,,,,
084804,0,0,0,-1158,,,,
084805,0,0,0,-1558,,,,
084806,0,0,0,-730,,,,
084809,0,0,0,-41,,,,
084810,0,0,0,20,,,,
084815,0,0,0,483,,,,
084821,0,0,0,946,,,,
084822,0,0,0,-366,,,,
084823,0,0,0,-87,,,,
084825,0,0,0,165,,,,
084826,0,0,0,21,,,,
084827,0,0,0,-24,,,,
084828,0,0,0,-82,,,,
084829,0,0,0,447,,,,
084830,0,0,0,-17,,,,
084832,0,0,0,-153,,,,
084835,0,0,0,45,,,,
084838,0,0,0,285,,,,
084839,0,0,0,90,,,,
084840,0,0,0,98,,,,
084842,0,0,0,-1,,,,
084843,0,0,0,-16,,,,
084844,0,0,0,236,,,,
084845,0,0,0,47,,,,
084846,0,0,0,78,,,,
084847,0,0,0,26,,,,
084848,0,0,0,-546,,,,
084849,0,0,0,198,,,,
084853,0,0,0,-41,,,,
084854,0,0,0,-32,,,,
084855,0,0,0,-65,,,,
084856,0,0,0,-69,,,,
084857,0,0,0,16,,,,
084858,0,0,0,-267,,,,
084862,0,0,0,124,,,,
084863,0,0,0,173,,,,
084864,0,0,0,46,,,,
084865,0,0,0,-152,,,,
084866,0,0,0,-40,,,,
084867,0,0,0,38,,,,
084868,0,0,0,509,,,,
084870,0,0,0,423,,,,
084872,0,0,0,0,,,,
084873,0,0,0,-14,,,,
084874,0,0,0,45,,,,
084875,0,0,0,238,,,,
084876,0,0,0,50,,,,
084877,0,0,0,-51,,,,
084878,0,0,0,-7,,,,
084879,0,0,0,-417,,,,
084880,0,0,0,183,,,,
084881,0,0,0,-3,,,,
084882,0,0,0,25,,,,
084883,0,0,0,9,,,,
084885,0,0,0,-60,,,,
084886,0,0,0,75,,,,
084887,0,0,0,-30,,,,
084888,0,0,0,4,,,,
084890,0,0,0,114,,,,
084893,0,0,0,74,,,,
084894,0,0,0,248,,,,
084895,0,0,0,17,,,,
084896,0,0,0,-372,,,,
084897,0,0,0,46,,,,
084898,0,0,0,-24,,,,
084899,0,0,0,232,,,,
084900,0,0,0,-309,,,,
084901,0,0,0,-6,,,,
084902,0,0,0,-2,,,,
084903,0,0,0,7,,,,
084904,0,0,0,-31,,,,
084905,0,0,0,-298,,,,
084906,0,0,0,2,,,,
084907,0,0,0,60,,,,
084908,0,0,0,-38,,,,
084909,0,0,0,479,,,,
084910,0,0,0,-124,,,,
084912,0,0,0,30,,,,
084913,0,0,0,-57,,,,
084915,0,0,0,-44,,,,
084916,0,0,0,31,,,,
084918,0,0,0,-90,,,,
084919,0,0,0,82,,,,
084920,0,0,0,-38,,,,
084921,0,0,0,-122,,,,
084923,0,0,0,0,,,,
084924,0,0,0,-10,,,,
084926,0,0,0,-10,,,,
084927,0,0,0,-32,,,,
084928,0,0,0,8,,,,
084929,0,0,0,-19,,,,
084930,0,0,0,111,,,,
084931,0,0,0,-20,,,,
084932,0,0,0,-40,,,,
084935,0,0,0,-5,,,,
084936,0,0,0,15,,,,
084939,0,0,0,76,,,,
084941,0,0,0,78,,,,
084943,0,0,0,110,,,,
084944,0,0,0,2,,,,
084945,0,0,0,-10,,,,
084946,0,0,0,1,,,,
084947,0,0,0,-22,,,,
084948,0,0,0,-128,,,,
084949,0,0,0,-43,,,,
084950,0,0,0,49,,,,
084951,0,0,0,76,,,,
084952,0,0,0,-23,,,,
084953,0,0,0,41,,,,
084954,0,0,0,18,,,,
084955,0,0,0,26,,,,
084958,0,0,0,-189,,,,
084959,0,0,0,-30,,,,
084960,0,0,0,10,,,,
084961,0,0,0,-20,,,,
084962,0,0,0,8,,,,
084963,0,0,0,59,,,,
084964,0,0,0,-24,,,,
084965,0,0,0,-11,,,,
084966,0,0,0,-504,,,,
084967,0,0,0,-120,,,,
084969,0,0,0,-105,,,,
084970,0,0,0,100,,,,
084971,0,0,0,27,,,,
084972,0,0,0,-19,,,,
084973,0,0,0,-8,,,,
084975,0,0,0,-59,,,,
084976,0,0,0,62,,,,
084977,0,0,0,108,,,,
084981,0,0,0,-50,,,,
084982,0,0,0,3,,,,
084983,0,0,0,40,,,,
084984,0,0,0,-139,,,,
084985,0,0,0,-47,,,,
084986,0,0,0,16,,,,
084988,0,0,0,-67,,,,
084990,0,0,0,-34,,,,
084991,0,0,0,10,,,,
084992,0,0,0,-20,,,,
084993,0,0,0,-9,,,,
084996,0,0,0,10,,,,
084997,-50,0,0,212,,,,
084998,0,0,0,137,,,,
084999,0,0,0,402,,,,
085000,0,0,0,-219,,,,
085001,0,0,0,77,,,,
085002,0,0,0,-54,,,,
085004,0,0,0,-110,,,,
085005,0,0,0,-2,,,,
085006,0,0,0,15,,,,
085007,0,0,0,152,,,,
085008,0,0,0,-1099,,,,
085010,0,0,0,5,,,,
085011,0,0,0,-20,,,,
085012,0,0,0,43,,,,
085015,0,0,0,-1,,,,
085016,0,0,0,0,,,,
085019,0,0,0,-14,,,,
085020,0,0,0,52,,,,
085021,0,0,0,-37,,,,
085022,0,0,0,-105,,,,
085023,0,0,0,-372,,,,
085024,0,0,0,280,,,,
085025,0,0,0,-50,,,,
085026,0,0,0,211,,,,
085027,0,0,0,198,,,,
085028,0,0,0,-58,,,,
085029,0,0,0,-5,,,,
085030,0,0,0,51,,,,
085031,0,0,0,77,,,,
085032,0,0,0,117,,,,
085033,0,0,0,75,,,,
085034,0,0,0,4,,,,
085035,0,0,0,-405,,,,
085036,0,0,0,84,,,,
085040,0,0,0,150,,,,
085041,0,0,0,447,,,,
085042,0,0,0,-473,,,,
085043,0,0,0,-33,,,,
085044,0,0,0,10,,,,
085046,0,0,0,136,,,,
085047,0,0,0,67,,,,
085048,0,0,0,45,,,,
085049,0,0,0,-38,,,,
085050,0,0,0,-225,,,,
085052,0,0,0,28,,,,
085055,0,0,0,-16,,,,
085056,0,0,0,-12,,,,
085059,0,0,0,9,,,,
085060,0,0,0,-30,,,,
085061,0,0,0,13,,,,
085062,0,0,0,-39,,,,
085063,0,0,0,-240,,,,
085064,0,0,0,-35,,,,
085065,0,0,0,29,,,,
085066,0,0,0,195,,,,
085067,0,0,0,9,,,,
085069,0,0,0,-197,,,,
085070,0,0,0,10,,,,
085075,0,0,0,-247,,,,
085076,0,0,0,4,,,,
085078,0,0,0,91,,,,
085079,0,0,0,34,,,,
085080,0,0,0,10,,,,
085083,0,0,0,-24,,,,
085084,0,0,0,-8,,,,
085085,0,0,0,-18,,,,
085086,0,0,0,-149,,,,
085087,0,0,0,41,,,,
085089,0,0,0,136,,,,
085090,0,0,0,75,,,,
085091,0,0,0,14,,,,
085092,0,0,0,2,,,,
085093,0,0,0,277,,,,
085094,0,0,0,-828,,,,
085095,0,0,0,17,,,,
085096,0,0,0,-1,,,,
085099,0,0,0,-156,,,,
085100,0,0,0,94,,,,
085101,0,0,0,1,,,,
085102,0,0,0,38,,,,
085103,0,0,0,-128,,,,
085104,0,0,0,-5,,,,
085105,0,0,0,5,,,,
085107,0,0,0,27,,,,
085108,0,0,0,3,,,,
085110,0,0,0,736,,,,
085111,0,0,0,333,,,,
085113,0,0,0,-57,,,,
085115,0,0,0,-90,,,,
085116,0,0,0,-41,,,,
085120,0,0,0,-204,,,,
085121,0,0,0,-357,,,,
085122,0,0,0,412,,,,
085123,0,0,0,-13,,,,
085124,0,0,0,7,,,,
085125,0,0,0,139,,,,
085126,0,0,0,20,,,,
085127,0,0,0,139,,,,
085128,0,0,0,26,,,,
085129,0,0,0,47,,,,
085130,0,0,0,428,,,,
085132,0,0,0,-393,,,,
085133,0,0,0,-28,,,,
085135,0,0,0,-146,,,,
085136,0,0,0,-18,,,,
085138,0,0,0,-331,,,,
085139,0,0,0,-704,,,,
085140,0,0,0,-207,,,,
085141,0,0,0,-81,,,,
085142,0,0,0,-92,,,,
085144,0,0,0,-33,,,,
085146,0,0,0,-32,,,,
085147,0,0,0,-60,,,,
085148,0,0,0,-351,,,,
085149,0,0,0,-59,,,,
085150,0,0,0,-171,,,,
085151,0,0,0,160,,,,
085154,0,0,0,-53,,,,
085155,0,0,0,-72,,,,
085156,0,0,0,-10,,,,
085157,0,0,0,-67,,,,
085159,0,0,0,87,,,,
085160,0,0,0,45,,,,
085161,0,0,0,4,,,,
085162,0,0,0,-65,,,,
085163,0,0,0,-20,,,,
085164,0,0,0,3,,,,
085165,0,0,0,92,,,,
085166,0,0,0,-45,,,,
085167,0,0,0,0,,,,
085168,0,0,0,-14,,,,
085169,0,0,0,-15,,,,
08516U,0,0,0,-46,,,,
085170,0,0,0,-90,,,,
085172,0,0,0,-5,,,,
085173,0,0,0,-9,,,,
085174,0,0,0,17,,,,
085175,0,0,0,-195,,,,
085176,0,0,0,42,,,,
085177,0,0,0,-86,,,,
085179,0,0,0,-10,,,,
085180,0,0,0,62,,,,
085181,0,0,0,38,,,,
085182,0,0,0,214,,,,
085185,0,0,0,-241,,,,
085186,0,0,0,-20,,,,
085189,0,0,0,62,,,,
085190,0,0,0,-137,,,,
085192,0,0,0,-5,,,,
085193,0,0,0,13,,,,
085196,0,0,0,62,,,,
085197,0,0,0,-74,,,,
085199,0,0,0,41,,,,
085200,0,0,0,193,,,,
085201,0,0,0,-3,,,,
085202,0,0,0,-20,,,,
085204,0,0,0,49,,,,
085205,0,0,0,-170,,,,
085206,0,0,0,14,,,,
085207,0,0,0,10,,,,
085209,0,0,0,13,,,,
085212,0,0,0,-426,,,,
085213,0,0,0,-532,,,,
085215,0,0,0,-60,,,,
085217,0,0,0,35,,,,
085218,0,0,0,-197,,,,
085219,0,0,0,-5,,,,
085220,0,0,0,-65,,,,
085221,0,0,0,325,,,,
085222,0,0,0,2,,,,
085225,0,0,0,-2,,,,
085226,0,0,0,83,,,,
085227,0,0,0,56,,,,
085228,0,0,0,-57,,,,
085231,0,0,0,-159,,,,
085232,0,0,0,9,,,,
085234,0,0,0,-19,,,,
085235,0,0,0,-10,,,,
085238,0,0,0,-30,,,,
085239,0,0,0,-18,,,,
085240,0,0,0,-14,,,,
085242,0,0,0,-100,,,,
085243,0,0,0,-29,,,,
085244,0,0,0,43,,,,
085246,0,0,0,13,,,,
085247,0,0,0,2,,,,
085248,0,0,0,-8,,,,
085249,0,0,0,-11,,,,
085251,0,0,0,8,,,,
085252,0,0,0,-35,,,,
085253,0,0,0,8,,,,
085254,0,0,0,-19,,,,
085255,0,0,0,-245,,,,
085256,0,0,0,27,,,,
085257,0,0,0,492,,,,
085259,0,0,0,-55,,,,
085261,0,0,0,13,,,,
085263,0,0,0,2,,,,
085264,0,0,0,-29,,,,
085265,0,0,0,-5,,,,
085266,0,0,0,-2,,,,
085269,0,0,0,100,,,,
085270,0,0,0,-70,,,,
085272,0,0,0,-1,,,,
085274,0,0,0,6,,,,
085275,0,0,0,-7,,,,
085276,0,0,0,29,,,,
085277,0,0,0,-9,,,,
085279,0,0,0,-99,,,,
085282,0,0,0,-200,,,,
085284,0,0,0,-74,,,,
085287,0,0,0,44,,,,
085288,0,0,0,51,,,,
085289,0,0,0,-57,,,,
085290,0,0,0,-59,,,,
085291,0,0,0,-52,,,,
085292,0,0,0,-13,,,,
085293,0,0,0,22,,,,
085294,0,0,0,25,,,,
085298,0,0,0,0,,,,
085299,0,0,0,0,,,,
085300,0,0,0,10,,,,
085302,0,0,0,-14,,,,
085303,0,0,0,-42,,,,
085304,0,0,0,21,,,,
085307,0,0,0,6,,,,
085308,0,0,0,1,,,,
085309,0,0,0,-10,,,,
085310,0,0,0,9,,,,
085311,0,0,0,-123,,,,
085313,0,0,0,84,,,,
085315,0,0,0,26,,,,
085316,0,0,0,-44,,,,
085317,0,0,0,-125,,,,
085318,0,0,0,-5,,,,
085319,0,0,0,3,,,,
085320,0,0,0,-24,,,,
085321,0,0,0,-38,,,,
085323,0,0,0,-16,,,,
085326,0,0,0,-98,,,,
085328,0,0,0,-4,,,,
085329,0,0,0,-73,,,,
085330,0,0,0,-151,,,,
085331,0,0,0,15,,,,
085333,0,0,0,-69,,,,
085334,0,0,0,19,,,,
085336,0,0,0,-146,,,,
085337,0,0,0,452,,,,
085338,0,0,0,-118,,,,
085339,0,0,0,487,,,,
085340,0,0,0,-15,,,,
085342,0,0,0,-25,,,,
085344,0,0,0,-13,,,,
085345,0,0,0,280,,,,
085346,0,0,0,4,,,,
085347,0,0,0,-377,,,,
085348,0,0,0,-69,,,,
085349,0,0,0,-55,,,,
085350,0,0,0,-744,,,,
085351,0,0,0,-136,,,,
085352,0,0,0,-301,,,,
085353,0,0,0,-10,,,,
085354,0,0,0,9,,,,
085355,0,0,0,-239,,,,
085356,0,0,0,-10,,,,
085357,0,0,0,-326,,,,
085358,0,0,0,-59,,,,
085359,0,0,0,196,,,,
085361,0,0,0,-66,,,,
085362,0,0,0,-205,,,,
085363,0,0,0,-103,,,,
085364,0,0,0,-25,,,,
085366,0,0,0,138,,,,
085368,0,0,0,3,,,,
085369,0,0,0,-176,,,,
085370,0,0,0,-95,,,,
085371,0,0,0,254,,,,
085373,0,0,0,-29,,,,
085374,0,0,0,-10,,,,
085375,0,0,0,-1,,,,
085377,0,0,0,23,,,,
085378,0,0,0,-80,,,,
085379,0,0,0,20,,,,
085380,0,0,0,41,,,,
085382,0,0,0,-110,,,,
085383,0,0,0,-60,,,,
085387,0,0,0,110,,,,
085388,0,0,0,60,,,,
085389,0,0,0,-60,,,,
085392,0,0,0,-42,,,,
085393,0,0,0,322,,,,
085396,0,0,0,35,,,,
085400,0,0,0,-69,,,,
085401,0,0,0,-5,,,,
085402,0,0,0,7,,,,
085403,0,0,0,-1,,,,
085404,0,0,0,9,,,,
085405,0,0,0,-20,,,,
085407,0,0,0,97,,,,
085408,0,0,0,72,,,,
085409,0,0,0,113,,,,
085410,0,0,0,214,,,,
085411,0,0,0,-244,,,,
085412,0,0,0,-161,,,,
085413,0,0,0,-498,,,,
085414,0,0,0,-36,,,,
085415,0,0,0,21,,,,
085417,0,0,0,383,,,,
085418,0,0,0,-544,,,,
085419,0,0,0,-33,,,,
085420,0,0,0,-280,,,,
085421,0,0,0,73,,,,
085422,0,0,0,150,,,,
085423,0,0,0,76,,,,
085425,0,0,0,11,,,,
085426,0,0,0,15,,,,
085427,0,0,0,1,,,,
085428,0,0,0,-682,,,,
085429,0,0,0,1,,,,
085431,0,0,0,2,,,,
085432,0,0,0,558,,,,
085433,0,0,0,123,,,,
085434,0,0,0,209,,,,
085436,0,0,0,440,,,,
085437,0,0,0,3,,,,
085442,0,0,0,-11,,,,
085443,0,0,0,10,,,,
085446,0,0,0,0,,,,
085447,0,0,0,-43,,,,
085448,0,0,0,99,,,,
085449,0,0,0,-816,,,,
085450,0,0,0,-816,,,,
085451,0,0,0,-496,,,,
085452,0,0,0,-840,,,,
085453,0,0,0,150,,,,
085454,0,0,0,896,,,,
085455,0,0,0,-700,,,,
085456,0,0,0,-372,,,,
085457,0,0,0,-569,,,,
085458,0,0,0,-200,,,,
085459,0,0,0,-1072,,,,
085460,2,0,0,5,,,,
085463,0,0,0,-104,,,,
085466,0,0,0,-220,,,,
085467,0,0,0,177,,,,
085469,0,0,0,88,,,,
085470,0,0,0,-36,,,,
085471,0,0,0,-54,,,,
085472,0,0,0,240,,,,
085474,0,0,0,-132,,,,
085476,0,0,0,149,,,,
085478,0,0,0,-52,,,,
085479,0,0,0,29,,,,
085481,0,0,0,-402,,,,
085483,0,0,0,-10,,,,
085484,0,0,0,304,,,,
085485,0,0,0,-5,,,,
085487,0,0,0,-51,,,,
085488,0,0,0,-252,,,,
085489,0,0,0,-289,,,,
085490,0,0,0,55,,,,
085491,0,0,0,-2,,,,
085494,0,0,0,190,,,,
085495,0,0,0,24,,,,
085496,0,0,0,-6,,,,
085497,0,0,0,570,,,,
085498,0,0,0,-101,,,,
085499,0,0,0,108,,,,
085501,0,0,0,-1,,,,
085503,0,0,0,5,,,,
085504,0,0,0,-61,,,,
085506,0,0,0,0,,,,
085507,0,0,0,-12,,,,
085508,0,0,0,544,,,,
085509,0,0,0,-104,,,,
085510,0,0,0,0,,,,
085511,0,0,0,-2,,,,
085512,0,0,0,26,,,,
085514,0,0,0,-10,,,,
085515,0,0,0,11,,,,
085516,0,0,0,-3,,,,
085517,0,0,0,0,,,,
085518,0,0,0,-40,,,,
085519,0,0,0,0,,,,
085520,0,0,0,-601,,,,
085521,0,0,0,87,,,,
085522,0,0,0,21,,,,
085523,0,0,0,27,,,,
085524,0,0,0,269,,,,
085525,0,0,0,-131,,,,
085526,0,0,0,-10,,,,
085527,0,0,0,88,,,,
085528,0,0,0,-120,,,,
085529,0,0,0,96,,,,
085530,0,0,0,8,,,,
085531,0,0,0,13,,,,
085532,0,0,0,57,,,,
085533,0,0,0,321,,,,
085535,0,0,0,-300,,,,
085536,0,0,0,1,,,,
085537,0,0,0,213,,,,
085538,0,0,0,-8,,,,
085539,0,0,0,-373,,,,
085541,0,0,0,-68,,,,
085543,0,0,0,-470,,,,
085545,0,0,0,21,,,,
085548,0,0,0,137,,,,
085549,0,0,0,170,,,,
085550,0,0,0,45,,,,
085551,0,0,0,-35,,,,
085552,0,0,0,-176,,,,
085553,0,0,0,-193,,,,
085554,0,0,0,-16,,,,
085555,0,0,0,-60,,,,
085556,0,0,0,-122,,,,
085557,0,0,0,18,,,,
085558,0,0,0,27,,,,
085559,0,0,0,-2,,,,
085561,0,0,0,-12,,,,
085566,0,0,0,44,,,,
085567,0,0,0,51,,,,
085568,0,0,0,-249,,,,
085569,0,0,0,105,,,,
085571,0,0,0,-15,,,,
085572,0,0,0,-21,,,,
085573,0,0,0,-37,,,,
085574,0,0,0,15,,,,
085575,0,0,0,77,,,,
085576,0,0,0,135,,,,
085577,0,0,0,-132,,,,
085578,0,0,0,-259,,,,
085580,0,0,0,-788,,,,
085581,0,0,0,-637,,,,
085582,0,0,0,-902,,,,
085584,0,0,0,-35,,,,
085587,0,0,0,219,,,,
085588,0,0,0,-240,,,,
085589,0,0,0,180,,,,
08558U,0,0,0,-22,,,,
085590,0,0,0,-1,,,,
085591,0,0,0,-35,,,,
085592,0,0,0,-1792,,,,
085593,0,0,0,53,,,,
085594,0,0,0,-226,,,,
085595,0,0,0,-146,,,,
085596,0,0,0,43,,,,
085597,0,0,0,-31,,,,
085598,0,0,0,21,,,,
085599,0,0,0,-15,,,,
085601,0,0,0,-222,,,,
085603,0,0,0,117,,,,
085604,0,0,0,34,,,,
085605,0,0,0,1340,,,,
085606,0,0,0,29,,,,
085607,0,0,0,44,,,,
085608,0,0,0,-49,,,,
085609,0,0,0,-504,,,,
085610,0,0,0,72,,,,
085611,0,0,0,-82,,,,
085612,0,0,0,-214,,,,
085614,0,0,0,-115,,,,
085615,0,0,0,45,,,,
085616,0,0,0,-84,,,,
085617,0,0,0,-50,,,,
085618,0,0,0,2,,,,
085619,0,0,0,56,,,,
085620,0,0,0,-125,,,,
085621,0,0,0,376,,,,
085622,0,0,0,794,,,,
085623,0,0,0,-10,,,,
085624,0,0,0,66,,,,
085625,0,0,0,333,,,,
085626,0,0,0,-632,,,,
085627,0,0,0,137,,,,
085630,0,0,0,50,,,,
085631,0,0,0,-39,,,,
085633,0,0,0,18,,,,
085634,0,0,0,9,,,,
085635,0,0,0,142,,,,
085638,0,0,0,-191,,,,
085640,0,0,0,-11,,,,
085642,0,0,0,146,,,,
085644,0,0,0,-16,,,,
085645,0,0,0,35,,,,
085646,0,0,0,-33,,,,
085647,0,0,0,-491,,,,
085648,0,0,0,1400,,,,
085649,0,0,0,89,,,,
085650,0,0,0,103,,,,
085653,0,0,0,-54,,,,
085654,0,0,0,123,,,,
085656,0,0,0,-179,,,,
085657,0,0,0,1,,,,
085659,0,0,0,327,,,,
085660,0,0,0,-32,,,,
085661,0,0,0,202,,,,
085663,0,0,0,-567,,,,
085664,0,0,0,-30,,,,
085665,0,0,0,-91,,,,
085666,0,0,0,-2,,,,
085667,0,0,0,23,,,,
085669,0,0,0,-40,,,,
085671,0,0,0,-10,,,,
085672,0,0,0,66,,,,
085673,0,0,0,-18,,,,
085674,0,0,0,-10,,,,
085675,0,0,0,122,,,,
085676,0,0,0,-25,,,,
085677,0,0,0,-30,,,,
085678,0,0,0,47,,,,
085679,0,0,0,-438,,,,
085680,0,0,0,-12,,,,
085682,0,0,0,-2,,,,
085683,0,0,0,38,,,,
085684,0,0,0,11,,,,
085685,0,0,0,43,,,,
085686,0,0,0,-465,,,,
085687,0,0,0,-77,,,,
085688,0,0,0,221,,,,
08568U,0,0,0,-2,,,,
085692,0,0,0,-221,,,,
085693,0,0,0,134,,,,
085694,0,0,0,0,,,,
085695,0,0,0,508,,,,
085696,0,0,0,278,,,,
085697,0,0,0,55,,,,
085698,0,0,0,90,,,,
085699,0,0,0,-11,,,,
085700,0,0,0,-18,,,,
085701,0,0,0,159,,,,
085703,0,0,0,21,,,,
085704,0,0,0,115,,,,
085705,0,0,0,-390,,,,
085706,0,0,0,1711,,,,
085707,0,0,0,-574,,,,
085709,0,0,0,-159,,,,
085711,0,0,0,-268,,,,
085712,0,0,0,65,,,,
085713,0,0,0,14,,,,
085714,0,0,0,110,,,,
085715,0,0,0,-133,,,,
085716,0,0,0,-24,,,,
085717,0,0,0,0,,,,
085718,0,0,0,-70,,,,
085719,0,0,0,5,,,,
085720,0,0,0,9,,,,
085721,0,0,0,-7,,,,
085722,0,0,0,-5,,,,
085723,0,0,0,401,,,,
085724,0,0,0,-389,,,,
085725,0,0,0,-8,,,,
085726,0,0,0,187,,,,
085728,0,0,0,19,,,,
085729,0,0,0,33,,,,
085730,0,0,0,-81,,,,
085731,0,0,0,-72,,,,
085732,0,0,0,214,,,,
085733,0,0,0,-598,,,,
085734,0,0,0,-9,,,,
085735,0,0,0,-519,,,,
085736,0,0,0,-210,,,,
085737,0,0,0,-229,,,,
085738,0,0,0,29,,,,
085741,0,0,0,-24,,,,
085742,0,0,0,305,,,,
085743,0,0,0,-10,,,,
085744,0,0,0,16,,,,
085745,0,0,0,74,,,,
085749,0,0,0,-636,,,,
085750,0,0,0,23,,,,
085752,0,0,0,-2,,,,
085755,0,0,0,-971,,,,
085756,0,0,0,-810,,,,
085757,0,0,0,-868,,,,
085758,0,0,0,-313,,,,
085759,0,0,0,-612,,,,
085760,0,0,0,12,,,,
085761,0,0,0,296,,,,
085762,0,0,0,-10,,,,
085763,0,0,0,379,,,,
085764,0,0,0,-125,,,,
085765,0,0,0,-1,,,,
085766,0,0,0,18,,,,
085767,0,0,0,84,,,,
085769,0,0,0,2,,,,
085770,0,0,0,-117,,,,
085771,0,0,0,143,,,,
085772,0,0,0,4,,,,
085773,0,0,0,65,,,,
085774,0,0,0,-32,,,,
085775,0,0,0,0,,,,
085776,0,0,0,-16,,,,
085780,0,0,0,106,,,,
085781,0,0,0,-13,,,,
085783,0,0,0,0,,,,
085784,0,0,0,40,,,,
085785,0,0,0,48,,,,
085786,0,0,0,-51,,,,
085787,0,0,0,45,,,,
085789,0,0,0,-66,,,,
085791,0,0,0,550,,,,
085792,0,0,0,66,,,,
085793,0,0,0,-1,,,,
085794,0,0,0,-6,,,,
085795,0,0,0,227,,,,
085796,0,0,0,48,,,,
085797,0,0,0,68,,,,
085798,0,0,0,32,,,,
085799,0,0,0,-118,,,,
085800,0,0,0,90,,,,
085801,0,0,0,-30,,,,
085802,0,0,0,0,,,,
085804,0,0,0,57,,,,
085806,0,0,0,-424,,,,
085807,0,0,0,14,,,,
085808,0,0,0,-2,,,,
085809,0,0,0,271,,,,
08580U,0,0,0,-5,,,,
085811,0,0,0,58,,,,
085812,0,0,0,-169,,,,
085813,0,0,0,-1,,,,
085814,0,0,0,24,,,,
085816,0,0,0,-213,,,,
085817,0,0,0,-10,,,,
085818,0,0,0,-75,,,,
085820,0,0,0,-24,,,,
085821,0,0,0,-23,,,,
085822,0,0,0,-51,,,,
085824,0,0,0,-67,,,,
085825,1,0,0,-28,,,,
085826,0,0,0,15,,,,
085827,0,0,0,37,,,,
085829,0,0,0,-68,,,,
085830,0,0,0,-66,,,,
085831,0,0,0,-23,,,,
085832,0,0,0,59,,,,
085833,0,0,0,-13,,,,
085834,0,0,0,392,,,,
085837,0,0,0,-23,,,,
085838,0,0,0,65,,,,
085842,0,0,0,-6,,,,
085843,0,0,0,14,,,,
085845,0,0,0,68,,,,
085846,0,0,0,15,,,,
085847,0,0,0,12,,,,
085849,0,0,0,-50,,,,
08584U,0,0,0,-10,,,,
085851,0,0,0,-79,,,,
085852,0,0,0,-5,,,,
085853,0,0,0,255,,,,
085854,0,0,0,19,,,,
085856,0,0,0,2,,,,
085857,0,0,0,23,,,,
085858,0,0,0,1645,,,,
085859,0,0,0,-33,,,,
085860,0,0,0,-42,,,,
085861,0,0,0,68,,,,
085863,0,0,0,0,,,,
085864,0,0,0,-28,,,,
085865,0,0,0,8,,,,
085866,0,0,0,132,,,,
085867,0,0,0,-24,,,,
085868,0,0,0,35,,,,
085869,0,0,0,-21,,,,
085870,0,0,0,86,,,,
085871,0,0,0,66,,,,
085872,0,0,0,-15,,,,
085873,0,0,0,21,,,,
085875,0,0,0,-1184,,,,
085876,0,0,0,-55,,,,
085877,0,0,0,-1372,,,,
085878,0,0,0,-48,,,,
085879,0,0,0,-3,,,,
085881,0,0,0,-136,,,,
085882,0,0,0,-105,,,,
085883,0,0,0,330,,,,
085884,0,0,0,-2,,,,
085885,0,0,0,68,,,,
085886,0,0,0,-63,,,,
085889,0,0,0,0,,,,
08588U,0,0,0,373,,,,
085891,0,0,0,21,,,,
085892,0,0,0,784,,,,
085893,0,0,0,-19,,,,
085894,0,0,0,2,,,,
085895,0,0,0,-10,,,,
085896,0,0,0,526,,,,
085897,0,0,0,-140,,,,
085898,0,0,0,-8,,,,
085899,0,0,0,-503,,,,
085900,0,0,0,-121,,,,
085901,0,0,0,-534,,,,
085902,0,0,0,115,,,,
085903,0,0,0,70,,,,
085904,0,0,0,72,,,,
085905,0,0,0,-5,,,,
085906,0,0,0,-52,,,,
085907,0,0,0,-29,,,,
085908,0,0,0,42,,,,
085909,0,0,0,8,,,,
085910,0,0,0,-35,,,,
085913,0,0,0,-96,,,,
085914,0,0,0,-46,,,,
085916,0,0,0,54,,,,
085917,0,0,0,0,,,,
085918,0,0,0,8,,,,
085920,0,0,0,103,,,,
085921,0,0,0,25,,,,
085922,0,0,0,30,,,,
085923,0,0,0,-89,,,,
085924,0,0,0,0,,,,
085925,0,0,0,-170,,,,
085926,0,0,0,146,,,,
085927,0,0,0,-6,,,,
085928,0,0,0,-114,,,,
085929,0,0,0,105,,,,
085930,0,0,0,-4,,,,
085931,0,0,0,-24,,,,
085932,0,0,0,97,,,,
085934,0,0,0,-16,,,,
085937,0,0,0,-144,,,,
085938,0,0,0,-114,,,,
085939,0,0,0,-493,,,,
085940,0,0,0,9,,,,
085941,0,0,0,222,,,,
085942,0,0,0,39,,,,
085943,0,0,0,-43,,,,
085944,0,0,0,11,,,,
085945,0,0,0,31,,,,
085947,0,0,0,-54,,,,
085948,0,0,0,-377,,,,
085949,0,0,0,74,,,,
085950,0,0,0,-406,,,,
085951,0,0,0,218,,,,
085954,0,0,0,-120,,,,
085956,0,0,0,331,,,,
085957,0,0,0,-31,,,,
085958,0,0,0,-421,,,,
085959,0,0,0,330,,,,
085960,0,0,0,-135,,,,
085961,0,0,0,13,,,,
085962,0,0,0,598,,,,
085963,0,0,0,530,,,,
085965,0,0,0,98,,,,
085966,0,0,0,223,,,,
085967,0,0,0,-150,,,,
085969,0,0,0,-192,,,,
085970,0,0,0,29,,,,
085971,0,0,0,142,,,,
085972,0,0,0,109,,,,
085973,0,0,0,3,,,,
085974,0,0,0,130,,,,
085975,0,0,0,109,,,,
085976,0,0,0,65,,,,
085977,0,0,0,0,,,,
085979,0,0,0,10,,,,
08597U,0,0,0,-30,,,,
085981,0,0,0,50,,,,
085982,0,0,0,24,,,,
085986,0,0,0,266,,,,
085987,0,0,0,64,,,,
085988,0,0,0,-108,,,,
085989,0,0,0,93,,,,
085990,0,0,0,-60,,,,
085991,0,0,0,-314,,,,
085992,0,0,0,100,,,,
085993,0,0,0,156,,,,
085994,0,0,0,-476,,,,
085995,0,0,0,-622,,,,
085996,0,0,0,-293,,,,
085997,0,0,0,-440,,,,
085998,0,0,0,660,,,,
085999,0,0,0,17,,,,
086001,0,0,0,273,,,,
086002,0,0,0,-501,,,,
086005,0,0,0,-5,,,,
086006,0,0,0,-39,,,,
086007,2,0,0,-96,,,,
086009,0,0,0,15,,,,
086010,0,0,0,-114,,,,
086011,0,0,0,-338,,,,
086012,0,0,0,-80,,,,
086014,0,0,0,-3,,,,
086015,0,0,0,-45,,,,
086016,0,0,0,-511,,,,
086017,0,0,0,-55,,,,
086018,0,0,0,-38,,,,
086020,0,0,0,35,,,,
086021,0,0,0,-70,,,,
086022,0,0,0,-178,,,,
086023,0,0,0,932,,,,
086024,0,0,0,285,,,,
086025,0,0,0,299,,,,
086026,0,0,0,20,,,,
086027,0,0,0,39,,,,
086029,0,0,0,-82,,,,
086030,0,0,0,311,,,,
086031,0,0,0,67,,,,
086033,0,0,0,5,,,,
086034,0,0,0,50,,,,
086035,0,0,0,-188,,,,
086036,0,0,0,-49,,,,
086038,0,0,0,0,,,,
086039,0,0,0,-39,,,,
08603U,0,0,0,-6,,,,
086040,0,0,0,533,,,,
086041,0,0,0,14,,,,
086042,0,0,0,-130,,,,
086043,0,0,0,-12,,,,
086044,0,0,0,183,,,,
086045,0,0,0,-23,,,,
086047,0,0,0,23,,,,
086048,0,0,0,-61,,,,
086049,0,0,0,-272,,,,
086050,0,0,0,343,,,,
086051,0,0,0,79,,,,
086052,0,0,0,10,,,,
086053,0,0,0,-29,,,,
086054,0,0,0,-83,,,,
086055,0,0,0,-213,,,,
086056,0,0,0,-56,,,,
086057,0,0,0,791,,,,
086058,0,0,0,-354,,,,
086059,0,0,0,-1,,,,
086061,0,0,0,0,,,,
086062,0,0,0,-15,,,,
086063,0,0,0,-7,,,,
086064,0,0,0,209,,,,
086067,0,0,0,-254,,,,
086068,0,0,0,-161,,,,
086069,0,0,0,-10,,,,
086070,0,0,0,-27,,,,
086071,0,0,0,4,,,,
086072,0,0,0,0,,,,
086073,0,0,0,98,,,,
086074,0,0,0,-227,,,,
086075,0,0,0,13,,,,
086076,0,0,0,40,,,,
086078,0,0,0,10,,,,
086079,0,0,0,-27,,,,
086080,0,0,0,-26,,,,
086082,0,0,0,-153,,,,
086086,0,0,0,1482,,,,
086087,0,0,0,114,,,,
086088,0,0,0,-503,,,,
086089,0,0,0,253,,,,
086090,0,0,0,96,,,,
086091,0,0,0,50,,,,
086092,0,0,0,15,,,,
086093,0,0,0,10,,,,
086096,0,0,0,-72,,,,
086097,0,0,0,16,,,,
086098,0,0,0,39,,,,
086099,0,0,0,27,,,,
08609U,0,0,0,259,,,,
086100,0,0,0,3,,,,
086101,0,0,0,8,,,,
086102,0,0,0,-12,,,,
086103,0,0,0,30,,,,
086104,0,0,0,-15,,,,
086105,0,0,0,-40,,,,
086106,0,0,0,43,,,,
086107,0,0,0,-8,,,,
086108,0,0,0,-76,,,,
086109,0,0,0,-32,,,,
08610U,0,0,0,-52,,,,
086110,0,0,0,34,,,,
086111,0,0,0,152,,,,
086112,0,0,0,-9,,,,
086113,0,0,0,-548,,,,
086115,0,0,0,14,,,,
086117,0,0,0,-21,,,,
086118,0,0,0,30,,,,
086119,0,0,0,42,,,,
086120,0,0,0,13,,,,
086122,0,0,0,-200,,,,
086125,0,0,0,29,,,,
086126,0,0,0,54,,,,
086127,0,0,0,-18,,,,
086128,0,0,0,145,,,,
086129,0,0,0,-43,,,,
086130,0,0,0,22,,,,
086132,0,0,0,-54,,,,
086133,0,0,0,-24,,,,
086135,0,0,0,-51,,,,
086136,0,0,0,-18,,,,
086138,0,0,0,-85,,,,
086139,0,0,0,-97,,,,
086140,0,0,0,20,,,,
086141,0,0,0,-4,,,,
086145,0,0,0,218,,,,
086146,0,0,0,177,,,,
086147,0,0,0,-3,,,,
086149,0,0,0,25,,,,
086150,0,0,0,-59,,,,
086152,0,0,0,-20,,,,
086153,0,0,0,-47,,,,
086154,0,0,0,72,,,,
086155,0,0,0,292,,,,
086156,0,0,0,9,,,,
086157,0,0,0,11,,,,
086158,0,0,0,-76,,,,
086159,0,0,0,107,,,,
086160,0,0,0,69,,,,
086161,0,0,0,-370,,,,
086162,0,0,0,-111,,,,
086163,0,0,0,-3,,,,
086165,0,0,0,-88,,,,
086166,0,0,0,27,,,,
086167,0,0,0,67,,,,
086168,0,0,0,-5,,,,
086169,0,0,0,-116,,,,
086170,0,0,0,-6,,,,
086172,0,0,0,13,,,,
086174,0,0,0,299,,,,
086176,0,0,0,170,,,,
086177,0,0,0,2,,,,
086178,0,0,0,-14,,,,
086179,0,0,0,331,,,,
086180,0,0,0,-100,,,,
086182,0,0,0,-368,,,,
086183,0,0,0,1,,,,
086186,0,0,0,-3,,,,
086187,0,0,0,-349,,,,
086188,0,0,0,10,,,,
086189,0,0,0,-23,,,,
086192,0,0,0,-138,,,,
086193,0,0,0,10,,,,
086195,0,0,0,76,,,,
086196,0,0,0,450,,,,
086197,0,0,0,26,,,,
086198,0,0,0,34,,,,
086199,0,0,0,-32,,,,
086200,0,0,0,-136,,,,
086201,0,0,0,-363,,,,
086202,0,0,0,272,,,,
086203,0,0,0,16,,,,
086204,0,0,0,17,,,,
086207,0,0,0,500,,,,
086210,0,0,0,-43,,,,
086213,0,0,0,-105,,,,
086214,0,0,0,-22,,,,
086215,0,0,0,268,,,,
086216,0,0,0,-113,,,,
086217,0,0,0,-46,,,,
086219,0,0,0,-61,,,,
086224,0,0,0,-168,,,,
086225,0,0,0,215,,,,
086226,0,0,0,-16,,,,
086227,0,0,0,-43,,,,
086228,0,0,0,-55,,,,
086229,0,0,0,-339,,,,
086230,0,0,0,-336,,,,
086231,0,0,0,105,,,,
086232,0,0,0,-81,,,,
086233,0,0,0,-30,,,,
086234,2,0,0,295,,,,
086235,0,0,0,55,,,,
086236,0,0,0,-238,,,,
086237,0,0,0,406,,,,
086238,0,0,0,-98,,,,
086239,0,0,0,70,,,,
086241,0,0,0,280,,,,
086242,0,0,0,183,,,,
086243,0,0,0,155,,,,
086244,0,0,0,49,,,,
086245,0,0,0,-4,,,,
086246,0,0,0,494,,,,
086250,0,0,0,-36,,,,
086251,0,0,0,2,,,,
086252,0,0,0,-201,,,,
086253,0,0,0,-134,,,,
086254,0,0,0,-45,,,,
086255,0,0,0,5,,,,
086256,0,0,0,-52,,,,
086257,0,0,0,-48,,,,
086258,0,0,0,106,,,,
086259,0,0,0,-7,,,,
086260,0,0,0,-161,,,,
086261,0,0,0,-10,,,,
086262,0,0,0,63,,,,
086263,0,0,0,-3161,,,,
086264,0,0,0,-78,,,,
086265,0,0,0,101,,,,
086266,0,0,0,-30,,,,
086267,0,0,0,2,,,,
086268,0,0,0,16,,,,
086269,0,0,0,-130,,,,
086270,0,0,0,-18,,,,
086274,0,0,0,200,,,,
086275,0,0,0,-112,,,,
086276,0,0,0,-51,,,,
086277,0,0,0,4,,,,
086279,0,0,0,-96,,,,
086281,0,0,0,-15,,,,
086283,0,0,0,-55,,,,
086284,0,0,0,-45,,,,
086285,0,0,0,-94,,,,
086286,0,0,0,-31,,,,
086287,0,0,0,-47,,,,
086288,0,0,0,-64,,,,
086289,0,0,0,-68,,,,
086290,0,0,0,-17,,,,
086291,0,0,0,-3,,,,
086292,0,0,0,-16,,,,
086293,0,0,0,34,,,,
086294,0,0,0,3,,,,
086295,0,0,0,-5,,,,
086296,0,0,0,-50,,,,
086297,0,0,0,48,,,,
086299,0,0,0,-75,,,,
086300,0,0,0,1,,,,
086302,0,0,0,220,,,,
086303,0,0,0,-6,,,,
086304,0,0,0,179,,,,
086305,0,0,0,54,,,,
086306,0,0,0,272,,,,
086307,0,0,0,83,,,,
086309,0,0,0,-20,,,,
086310,0,0,0,-45,,,,
086311,0,0,0,-84,,,,
086312,0,0,0,285,,,,
086313,0,0,0,37,,,,
086315,0,0,0,-14,,,,
086316,0,0,0,-410,,,,
086317,0,0,0,54,,,,
086318,0,0,0,17,,,,
086319,0,0,0,-98,,,,
086320,0,0,0,158,,,,
086321,0,0,0,-7,,,,
086322,0,0,0,-10,,,,
086324,0,0,0,24,,,,
086325,0,0,0,21,,,,
086327,0,0,0,13,,,,
086328,0,0,0,110,,,,
086330,0,0,0,140,,,,
086332,0,0,0,25,,,,
086333,0,0,0,4426,,,,
086334,0,0,0,-34,,,,
086335,0,0,0,-664,,,,
086337,0,0,0,36,,,,
086338,0,0,0,-246,,,,
086339,0,0,0,-30,,,,
086340,0,0,0,-20,,,,
086341,0,0,0,-2,,,,
086342,0,0,0,866,,,,
086343,0,0,0,519,,,,
086344,0,0,0,46,,,,
086345,0,0,0,-52,,,,
086348,0,0,0,104,,,,
086349,0,0,0,-230,,,,
086350,0,0,0,1063,,,,
086351,0,0,0,-11,,,,
086352,0,0,0,91,,,,
086353,0,0,0,-42,,,,
086354,0,0,0,-258,,,,
086355,0,0,0,-59,,,,
086356,0,0,0,-224,,,,
086357,0,0,0,-69,,,,
086358,0,0,0,-189,,,,
086361,0,0,0,-217,,,,
086362,0,0,0,-35,,,,
086364,0,0,0,1,,,,
086365,0,0,0,156,,,,
086366,0,0,0,-20,,,,
086367,0,0,0,162,,,,
086369,0,0,0,13,,,,
086370,0,0,0,55,,,,
086371,0,0,0,50,,,,
086372,0,0,0,115,,,,
086373,0,0,0,-54,,,,
086376,0,0,0,440,,,,
086378,0,0,0,-71,,,,
086379,0,0,0,25,,,,
086380,0,0,0,-71,,,,
086381,0,0,0,58,,,,
086382,0,0,0,-15,,,,
086383,0,0,0,51,,,,
086384,0,0,0,26,,,,
086385,0,0,0,-45,,,,
086386,0,0,0,372,,,,
086387,0,0,0,9,,,,
086388,0,0,0,-31,,,,
086389,0,0,0,-14,,,,
086390,0,0,0,-37,,,,
086391,0,0,0,-102,,,,
086392,0,0,0,-127,,,,
086393,0,0,0,10,,,,
086395,0,0,0,1,,,,
086396,0,0,0,-18,,,,
086397,0,0,0,-62,,,,
086398,0,0,0,-28,,,,
086404,0,0,0,-29,,,,
086406,0,0,0,49,,,,
086407,0,0,0,-20,,,,
086408,0,0,0,1405,,,,
086409,0,0,0,1,,,,
086410,0,0,0,-56,,,,
086411,0,0,0,-74,,,,
086413,0,0,0,-306,,,,
086415,0,0,0,-164,,,,
086416,0,0,0,-134,,,,
086417,0,0,0,47,,,,
086418,0,0,0,23,,,,
086421,0,0,0,62,,,,
086423,0,0,0,-18,,,,
086424,0,0,0,-7,,,,
086426,0,0,0,-5,,,,
086429,0,0,0,8,,,,
086430,0,0,0,0,,,,
086432,0,0,0,102,,,,
086433,0,0,0,0,,,,
086434,0,0,0,-6,,,,
086435,0,0,0,240,,,,
086436,0,0,0,48,,,,
086437,0,0,0,8,,,,
086438,0,0,0,1115,,,,
086439,0,0,0,-217,,,,
08643U,0,0,0,-20,,,,
086440,0,0,0,-315,,,,
086441,0,0,0,-775,,,,
086442,0,0,0,199,,,,
086443,0,0,0,16,,,,
086444,0,0,0,50,,,,
086445,0,0,0,20,,,,
086447,0,0,0,50,,,,
086448,0,0,0,-10,,,,
086449,0,0,0,-34,,,,
086451,0,0,0,-45,,,,
086452,0,0,0,2,,,,
086455,0,0,0,10,,,,
086456,0,0,0,-37,,,,
086458,0,0,0,20,,,,
086460,0,0,0,-20,,,,
086464,0,0,0,-5,,,,
086466,0,0,0,177,,,,
086467,0,0,0,-10,,,,
086468,0,0,0,-20,,,,
086469,0,0,0,-28,,,,
086471,0,0,0,-6,,,,
086472,0,0,0,180,,,,
086474,0,0,0,192,,,,
086475,0,0,0,-242,,,,
086476,0,0,0,-293,,,,
086478,0,0,0,55,,,,
086479,0,0,0,-5,,,,
086480,0,0,0,74,,,,
086481,0,0,0,-40,,,,
086484,0,0,0,50,,,,
086485,0,0,0,42,,,,
086486,0,0,0,239,,,,
086487,0,0,0,-4,,,,
086489,0,0,0,0,,,,
086490,0,0,0,74,,,,
086491,0,0,0,-3,,,,
086492,0,0,0,0,,,,
086493,0,0,0,123,,,,
086494,0,0,0,32,,,,
086495,0,0,0,-123,,,,
086497,0,0,0,-73,,,,
086498,0,0,0,-92,,,,
086499,0,0,0,26,,,,
086500,0,0,0,83,,,,
086501,0,0,0,246,,,,
086502,0,0,0,50,,,,
086503,0,0,0,38,,,,
086504,0,0,0,-19,,,,
086506,0,0,0,-45,,,,
086507,0,0,0,-685,,,,
086508,0,0,0,139,,,,
086509,0,0,0,-30,,,,
086512,0,0,0,82,,,,
086513,0,0,0,-37,,,,
086514,0,0,0,-18,,,,
086516,0,0,0,-239,,,,
086517,0,0,0,-221,,,,
086518,0,0,0,-93,,,,
086519,0,0,0,10,,,,
086520,0,0,0,94,,,,
086521,0,0,0,15,,,,
086522,0,0,0,107,,,,
086523,0,0,0,31,,,,
086524,0,0,0,11,,,,
086525,0,0,0,484,,,,
086526,0,0,0,158,,,,
086527,0,0,0,255,,,,
086529,0,0,0,-33,,,,
086530,0,0,0,-11,,,,
086531,0,0,0,-454,,,,
086532,0,0,0,-429,,,,
086533,0,0,0,-14,,,,
086534,0,0,0,-39,,,,
086535,0,0,0,150,,,,
086536,0,0,0,85,,,,
086537,0,0,0,244,,,,
086538,0,0,0,898,,,,
086539,0,0,0,234,,,,
086540,0,0,0,96,,,,
086541,0,0,0,-925,,,,
086543,0,0,0,-19,,,,
086544,0,0,0,-18,,,,
086545,0,0,0,-4,,,,
086546,0,0,0,-146,,,,
086547,0,0,0,35,,,,
086548,0,0,0,123,,,,
086549,0,0,0,-5,,,,
086551,0,0,0,-76,,,,
086552,0,0,0,8,,,,
086553,0,0,0,31,,,,
086555,0,0,0,23,,,,
086556,0,0,0,69,,,,
086557,0,0,0,-12,,,,
086559,0,0,0,4,,,,
086560,0,0,0,28,,,,
086561,0,0,0,-36,,,,
086563,0,0,0,-16,,,,
086565,0,0,0,-67,,,,
086567,0,0,0,-15,,,,
086568,0,0,0,6,,,,
086569,0,0,0,60,,,,
086570,0,0,0,65,,,,
086571,0,0,0,-206,,,,
086572,0,0,0,-141,,,,
086574,0,0,0,2,,,,
086576,0,0,0,144,,,,
086577,0,0,0,27,,,,
086579,0,0,0,9,,,,
086580,0,0,0,-33,,,,
086581,0,0,0,0,,,,
086582,0,0,0,13,,,,
086584,0,0,0,366,,,,
086585,0,0,0,53,,,,
086586,0,0,0,-50,,,,
086587,0,0,0,25,,,,
086588,0,0,0,-187,,,,
086590,0,0,0,66,,,,
086591,0,0,0,-9,,,,
086592,0,0,0,-13,,,,
086593,0,0,0,7,,,,
086594,0,0,0,-10,,,,
086595,0,0,0,-2,,,,
086596,0,0,0,-8,,,,
086597,0,0,0,-1,,,,
086598,0,0,0,33,,,,
086599,0,0,0,-36,,,,
086602,0,0,0,1026,,,,
086603,0,0,0,-185,,,,
086604,0,0,0,120,,,,
086605,0,0,0,94,,,,
086608,0,0,0,177,,,,
086609,0,0,0,-74,,,,
086610,0,0,0,-268,,,,
086611,0,0,0,-113,,,,
086612,0,0,0,160,,,,
086614,0,0,0,-94,,,,
086615,0,0,0,66,,,,
086616,0,0,0,-23,,,,
086617,0,0,0,17,,,,
086618,0,0,0,-160,,,,
086619,0,0,0,26,,,,
086620,0,0,0,-20,,,,
086621,0,0,0,-250,,,,
086622,0,0,0,-503,,,,
086623,0,0,0,65,,,,
086625,0,0,0,-151,,,,
086628,0,0,0,-58,,,,
086630,0,0,0,-70,,,,
086632,0,0,0,65,,,,
086633,0,0,0,76,,,,
086634,0,0,0,218,,,,
086635,0,0,0,65,,,,
086636,0,0,0,242,,,,
086637,0,0,0,-158,,,,
086639,0,0,0,-548,,,,
086640,0,0,0,-146,,,,
086641,0,0,0,12,,,,
086642,0,0,0,-23,,,,
086643,0,0,0,-200,,,,
086644,0,0,0,36,,,,
086645,0,0,0,-84,,,,
086646,0,0,0,-168,,,,
086647,0,0,0,-5,,,,
086648,0,0,0,-329,,,,
086649,0,0,0,-397,,,,
086651,0,0,0,-370,,,,
086652,0,0,0,85,,,,
086653,0,0,0,57,,,,
086654,0,0,0,24,,,,
086655,0,0,0,78,,,,
086656,0,0,0,-10,,,,
086657,0,0,0,-4,,,,
086658,0,0,0,50,,,,
086659,0,0,0,-120,,,,
086661,0,0,0,86,,,,
086662,0,0,0,-285,,,,
086663,0,0,0,-41,,,,
086664,0,0,0,-176,,,,
086665,0,0,0,93,,,,
086666,0,0,0,179,,,,
086667,0,0,0,-242,,,,
086668,0,0,0,-12,,,,
086669,0,0,0,112,,,,
086674,0,0,0,-8,,,,
086676,0,0,0,14,,,,
086677,0,0,0,-224,,,,
086679,0,0,0,-214,,,,
086680,0,0,0,-164,,,,
086681,0,0,0,-219,,,,
086682,0,0,0,-89,,,,
086683,0,0,0,-1149,,,,
086684,0,0,0,-32,,,,
086685,0,0,0,-69,,,,
086686,0,0,0,-154,,,,
086687,0,0,0,-41,,,,
086688,0,0,0,-102,,,,
086689,0,0,0,-100,,,,
086690,0,0,0,-87,,,,
086691,0,0,0,-21,,,,
086693,0,0,0,-20,,,,
086694,0,0,0,-40,,,,
086695,0,0,0,-6,,,,
086696,0,0,0,-100,,,,
086697,0,0,0,75,,,,
086698,0,0,0,15,,,,
086699,0,0,0,-124,,,,
086700,0,0,0,-2,,,,
086702,0,0,0,0,,,,
086703,0,0,0,28,,,,
086704,0,0,0,201,,,,
086705,0,0,0,217,,,,
086706,0,0,0,-95,,,,
086707,0,0,0,310,,,,
086709,0,0,0,200,,,,
08670U,0,0,0,4,,,,
086710,0,0,0,11,,,,
086711,0,0,0,16,,,,
086712,2,0,0,-1,,,,
086713,0,0,0,-829,,,,
086714,0,0,0,-357,,,,
086715,0,0,0,1,,,,
086716,0,0,0,266,,,,
086717,0,0,0,-416,,,,
086718,0,0,0,-53,,,,
086719,0,0,0,-73,,,,
086720,0,0,0,-5,,,,
086721,0,0,0,-133,,,,
086722,0,0,0,367,,,,
086724,0,0,0,-10,,,,
086725,0,0,0,3,,,,
086726,0,0,0,-60,,,,
086727,0,0,0,5,,,,
086728,0,0,0,-383,,,,
086729,0,0,0,9,,,,
086731,0,0,0,166,,,,
086732,0,0,0,-274,,,,
086736,0,0,0,-4,,,,
086737,0,0,0,34,,,,
086738,0,0,0,31,,,,
086739,0,0,0,-602,,,,
086740,0,0,0,-30,,,,
086741,0,0,0,-10,,,,
086743,0,0,0,181,,,,
086744,0,0,0,92,,,,
086745,0,0,0,216,,,,
086746,0,0,0,-63,,,,
086748,0,0,0,413,,,,
086750,0,0,0,3,,,,
086751,0,0,0,159,,,,
086753,0,0,0,31,,,,
086754,0,0,0,53,,,,
086755,0,0,0,-246,,,,
086756,0,0,0,3069,,,,
086757,0,0,0,-72,,,,
086758,0,0,0,-60,,,,
086759,0,0,0,54,,,,
086760,0,0,0,44,,,,
086761,0,0,0,-157,,,,
086762,0,0,0,566,,,,
086765,0,0,0,-5,,,,
086766,0,0,0,-204,,,,
086767,0,0,0,-515,,,,
086768,0,0,0,3,,,,
086769,0,0,0,49,,,,
086770,0,0,0,167,,,,
086771,0,0,0,82,,,,
086773,0,0,0,-186,,,,
086774,0,0,0,-33,,,,
086775,0,0,0,-154,,,,
086776,0,0,0,-20,,,,
086777,0,0,0,-20,,,,
086778,0,0,0,-62,,,,
086779,0,0,0,23,,,,
086781,0,0,0,-13,,,,
086782,0,0,0,-126,,,,
086784,0,0,0,-7,,,,
086785,0,0,0,-10,,,,
086787,0,0,0,-5,,,,
086788,0,0,0,7,,,,
086790,0,0,0,228,,,,
086791,0,0,0,-32,,,,
086794,0,0,0,60,,,,
086795,0,0,0,3,,,,
086798,0,0,0,-196,,,,
086799,0,0,0,-25,,,,
086800,0,0,0,9,,,,
086801,0,0,0,-14,,,,
086803,0,0,0,10,,,,
086804,0,0,0,-33,,,,
086806,0,0,0,4,,,,
086808,0,0,0,2,,,,
086809,0,0,0,-39,,,,
086810,0,0,0,-2,,,,
086812,0,0,0,-50,,,,
086814,0,0,0,23,,,,
086816,0,0,0,98,,,,
086817,0,0,0,5,,,,
086818,0,0,0,-71,,,,
086819,0,0,0,-12,,,,
086822,0,0,0,70,,,,
086823,0,0,0,-118,,,,
086824,0,0,0,-36,,,,
086825,0,0,0,-948,,,,
086826,0,0,0,314,,,,
086827,0,0,0,-118,,,,
086829,0,0,0,-81,,,,
086830,0,0,0,-329,,,,
086831,0,0,0,-160,,,,
086832,0,0,0,-194,,,,
086833,0,0,0,2,,,,
086834,0,0,0,10,,,,
086835,0,0,0,251,,,,
086838,0,0,0,-34,,,,
086839,0,0,0,-184,,,,
086840,0,0,0,366,,,,
086841,0,0,0,-924,,,,
086842,0,0,0,0,,,,
086843,0,0,0,142,,,,
086844,0,0,0,38,,,,
086846,0,0,0,-90,,,,
086847,0,0,0,-164,,,,
086849,0,0,0,5,,,,
086850,0,0,0,-35,,,,
086851,0,0,0,-36,,,,
086853,0,0,0,-95,,,,
086854,0,0,0,61,,,,
086855,0,0,0,-82,,,,
086856,0,0,0,-7,,,,
086857,0,0,0,1,,,,
086858,0,0,0,104,,,,
086860,0,0,0,204,,,,
086861,0,0,0,19,,,,
086862,0,0,0,18,,,,
086864,0,0,0,-121,,,,
086867,0,0,0,1,,,,
086869,0,0,0,-51,,,,
086870,0,0,0,-150,,,,
086871,0,0,0,15,,,,
086872,0,0,0,-147,,,,
086873,0,0,0,69,,,,
086874,0,0,0,-10,,,,
086875,0,0,0,-2,,,,
086876,0,0,0,-25,,,,
086877,0,0,0,28,,,,
086878,0,0,0,-47,,,,
086882,0,0,0,-11,,,,
086884,0,0,0,-50,,,,
086885,0,0,0,8,,,,
086886,0,0,0,45,,,,
086887,0,0,0,57,,,,
086888,0,0,0,13,,,,
086889,0,0,0,404,,,,
086891,0,0,0,-21,,,,
086894,0,0,0,2,,,,
086896,0,0,0,-134,,,,
086897,0,0,0,-8,,,,
086898,0,0,0,-30,,,,
086900,0,0,0,-67,,,,
086903,0,0,0,-28,,,,
086904,0,0,0,72,,,,
086905,0,0,0,-70,,,,
086906,0,0,0,-50,,,,
086909,0,0,0,158,,,,
086910,0,0,0,1,,,,
086911,0,0,0,83,,,,
086912,0,0,0,216,,,,
086913,0,0,0,-5,,,,
086915,0,0,0,11,,,,
086916,0,0,0,-21,,,,
086917,0,0,0,-1614,,,,
086918,0,0,0,-352,,,,
086920,0,0,0,73,,,,
086921,0,0,0,12,,,,
086925,0,0,0,-7,,,,
086926,0,0,0,75,,,,
086927,0,0,0,-31,,,,
086928,0,0,0,-88,,,,
086929,0,0,0,-214,,,,
086930,0,0,0,1858,,,,
086931,0,0,0,69,,,,
086932,0,0,0,21,,,,
086933,0,0,0,-199,,,,
086934,0,0,0,4,,,,
086937,0,0,0,107,,,,
086939,0,0,0,-62,,,,
086940,0,0,0,-101,,,,
086941,0,0,0,-279,,,,
086942,0,0,0,492,,,,
086943,0,0,0,-227,,,,
086944,0,0,0,-65,,,,
086945,0,0,0,-275,,,,
086946,0,0,0,-15,,,,
086947,0,0,0,0,,,,
086949,0,0,0,-116,,,,
086951,0,0,0,-98,,,,
086953,0,0,0,62,,,,
086954,0,0,0,-52,,,,
086955,0,0,0,-1,,,,
086956,0,0,0,-7,,,,
086958,0,0,0,56,,,,
086959,0,0,0,-11,,,,
086960,0,0,0,-9,,,,
086961,0,0,0,25,,,,
086962,0,0,0,91,,,,
086963,0,0,0,-124,,,,
086964,0,0,0,-37,,,,
086965,0,0,0,-230,,,,
086966,0,0,0,139,,,,
086967,0,0,0,-259,,,,
086968,0,0,0,-54,,,,
086969,0,0,0,26,,,,
086970,0,0,0,-19,,,,
086971,0,0,0,40,,,,
086972,0,0,0,-15,,,,
086973,0,0,0,101,,,,
086975,0,0,0,10,,,,
086976,0,0,0,-37,,,,
086977,0,0,0,-208,,,,
086978,0,0,0,-28,,,,
086980,0,0,0,28,,,,
086981,0,0,0,-64,,,,
086982,0,0,0,232,,,,
086983,0,0,0,-21,,,,
086984,0,0,0,-153,,,,
086990,0,0,0,56,,,,
086992,0,0,0,25,,,,
086993,0,0,0,-10,,,,
086997,0,0,0,-78,,,,
086998,0,0,0,-497,,,,
086999,0,0,0,-191,,,,
087000,0,0,0,-6,,,,
087001,0,0,0,113,,,,
087002,0,0,0,40,,,,
087003,0,0,0,33,,,,
087004,0,0,0,6,,,,
087005,0,0,0,-49,,,,
087006,0,0,0,19,,,,
087008,0,0,0,185,,,,
087010,0,0,0,34,,,,
087011,0,0,0,72,,,,
087015,0,0,0,-16,,,,
087016,0,0,0,-62,,,,
087017,0,0,0,726,,,,
087018,0,0,0,-106,,,,
087020,0,0,0,0,,,,
087021,0,0,0,34,,,,
087022,0,0,0,19,,,,
087023,0,0,0,51,,,,
087024,0,0,0,-63,,,,
087029,0,0,0,-29,,,,
087030,0,0,0,-14,,,,
087031,0,0,0,19,,,,
087032,0,0,0,-115,,,,
087033,0,0,0,8,,,,
087034,0,0,0,-25,,,,
087035,0,0,0,56,,,,
087036,0,0,0,-11,,,,
087037,0,0,0,17,,,,
087038,0,0,0,5,,,,
087039,0,0,0,-75,,,,
087040,0,0,0,8,,,,
087041,0,0,0,23,,,,
087042,0,0,0,-13,,,,
087043,0,0,0,136,,,,
087044,0,0,0,-133,,,,
087045,0,0,0,-4,,,,
087046,0,0,0,-33,,,,
087047,0,0,0,31,,,,
087048,0,0,0,-118,,,,
087049,0,0,0,-41,,,,
087051,0,0,0,-56,,,,
087052,0,0,0,-5,,,,
087054,0,0,0,-9,,,,
087055,0,0,0,22,,,,
087056,0,0,0,-29,,,,
087057,0,0,0,3,,,,
087059,0,0,0,-121,,,,
087062,0,0,0,-4,,,,
087063,0,0,0,-11,,,,
087065,0,0,0,24,,,,
087066,0,0,0,52,,,,
087067,0,0,0,-13,,,,
087068,0,0,0,4,,,,
087069,0,0,0,-1,,,,
087070,0,0,0,33,,,,
087071,0,0,0,-663,,,,
087072,0,0,0,18,,,,
087075,0,0,0,1,,,,
087076,0,0,0,13,,,,
087077,0,0,0,20,,,,
087082,0,0,0,-20,,,,
087083,0,0,0,15,,,,
087086,0,0,0,31,,,,
087087,0,0,0,176,,,,
087089,0,0,0,-100,,,,
087090,0,0,0,-1,,,,
087092,0,0,0,-544,,,,
087093,0,0,0,191,,,,
087094,0,0,0,-23,,,,
087095,0,0,0,-16,,,,
087096,0,0,0,81,,,,
087097,0,0,0,-116,,,,
087098,0,0,0,-440,,,,
087099,0,0,0,57,,,,
087100,0,0,0,64,,,,
087101,0,0,0,889,,,,
087102,0,0,0,4,,,,
087103,0,0,0,100,,,,
087104,0,0,0,75,,,,
087105,0,0,0,-279,,,,
087109,0,0,0,-65,,,,
087110,0,0,0,-168,,,,
087112,0,0,0,220,,,,
087113,0,0,0,-93,,,,
087114,0,0,0,52,,,,
087115,0,0,0,-7,,,,
087116,0,0,0,3,,,,
087117,0,0,0,150,,,,
087118,0,0,0,242,,,,
087119,0,0,0,-1351,,,,
087121,0,0,0,35,,,,
087122,0,0,0,30,,,,
087123,0,0,0,-3,,,,
087125,0,0,0,47,,,,
087126,0,0,0,3,,,,
087127,0,0,0,-8,,,,
087128,0,0,0,-504,,,,
087131,0,0,0,-20,,,,
087132,0,0,0,-10,,,,
087133,0,0,0,10,,,,
087134,0,0,0,245,,,,
087135,0,0,0,0,,,,
087136,0,0,0,406,,,,
087137,0,0,0,250,,,,
087138,0,0,0,36,,,,
087139,0,0,0,19,,,,
087140,0,0,0,-13,,,,
087141,0,0,0,30,,,,
087142,0,0,0,197,,,,
087143,0,0,0,142,,,,
087144,0,0,0,70,,,,
087146,0,0,0,32,,,,
087147,0,0,0,51,,,,
087148,0,0,0,-49,,,,
087150,0,0,0,-921,,,,
087151,0,0,0,10,,,,
087153,0,0,0,0,,,,
087154,0,0,0,-342,,,,
087155,0,0,0,-169,,,,
087156,0,0,0,482,,,,
087157,0,0,0,-279,,,,
087158,0,0,0,79,,,,
087159,0,0,0,-2,,,,
087160,0,0,0,-749,,,,
087161,0,0,0,-257,,,,
087162,0,0,0,-88,,,,
087164,0,0,0,-3,,,,
087165,0,0,0,133,,,,
087167,0,0,0,4,,,,
087168,0,0,0,397,,,,
087169,0,0,0,508,,,,
087170,0,0,0,257,,,,
087171,0,0,0,227,,,,
087172,0,0,0,37,,,,
087173,0,0,0,152,,,,
087174,0,0,0,-131,,,,
087175,0,0,0,-42,,,,
087176,0,0,0,-24,,,,
087177,0,0,0,-1038,,,,
087178,0,0,0,1,,,,
087181,0,0,0,-18,,,,
087184,0,0,0,29,,,,
087185,0,0,0,-1,,,,
087187,0,0,0,50,,,,
087190,0,0,0,0,,,,
087191,0,0,0,-554,,,,
087192,0,0,0,12,,,,
087193,0,0,0,5,,,,
087195,0,0,0,254,,,,
087196,0,0,0,0,,,,
087198,0,0,0,-275,,,,
087199,0,0,0,203,,,,
087200,0,0,0,-10,,,,
087201,0,0,0,-13,,,,
087203,0,0,0,-100,,,,
087204,0,0,0,-28,,,,
087205,0,0,0,-15,,,,
087207,0,0,0,-2,,,,
087208,0,0,0,194,,,,
087209,0,0,0,114,,,,
087210,0,0,0,-50,,,,
087212,0,0,0,-302,,,,
087213,0,0,0,70,,,,
087214,0,0,0,-34,,,,
087216,0,0,0,-56,,,,
087217,0,0,0,-69,,,,
087220,0,0,0,-23,,,,
087221,0,0,0,-341,,,,
087222,0,0,0,-37,,,,
087224,0,0,0,-40,,,,
087226,0,0,0,-463,,,,
087229,0,0,0,0,,,,
087231,0,0,0,-75,,,,
087232,0,0,0,7,,,,
087233,0,0,0,-32,,,,
087234,0,0,0,72,,,,
087235,0,0,0,-377,,,,
087236,0,0,0,6,,,,
087237,0,0,0,0,,,,
087238,0,0,0,56,,,,
087239,0,0,0,162,,,,
087240,0,0,0,-10,,,,
087242,0,0,0,-133,,,,
087244,0,0,0,20,,,,
087245,0,0,0,-10,,,,
087246,0,0,0,29,,,,
087247,0,0,0,24,,,,
087248,0,0,0,-36,,,,
087249,0,0,0,-3,,,,
087250,0,0,0,0,,,,
087251,0,0,0,0,,,,
087252,0,0,0,-22,,,,
087253,0,0,0,-5,,,,
087254,0,0,0,0,,,,
087255,0,0,0,-3,,,,
087256,0,0,0,1,,,,
087257,0,0,0,-104,,,,
087258,0,0,0,427,,,,
087259,0,0,0,123,,,,
087260,0,0,0,-135,,,,
087261,0,0,0,-221,,,,
087263,0,0,0,-16,,,,
087265,0,0,0,22,,,,
087268,0,0,0,1,,,,
087269,0,0,0,55,,,,
08726U,0,0,0,20,,,,
087270,0,0,0,-81,,,,
087271,0,0,0,317,,,,
087272,0,0,0,-75,,,,
087273,0,0,0,188,,,,
087274,0,0,0,20,,,,
087276,0,0,0,-129,,,,
087277,0,0,0,22,,,,
087278,0,0,0,-35,,,,
087279,0,0,0,-56,,,,
087280,0,0,0,-19,,,,
087281,0,0,0,-34,,,,
087282,0,0,0,-41,,,,
087283,0,0,0,36,,,,
087284,0,0,0,-5,,,,
087285,0,0,0,96,,,,
087287,0,0,0,49,,,,
087288,0,0,0,40,,,,
087289,0,0,0,-943,,,,
087290,0,0,0,-169,,,,
087291,0,0,0,-434,,,,
087292,0,0,0,148,,,,
087293,0,0,0,12,,,,
087295,0,0,0,-58,,,,
087296,0,0,0,-95,,,,
087297,0,0,0,-19,,,,
087298,0,0,0,35,,,,
087299,0,0,0,4,,,,
087300,0,0,0,-105,,,,
087302,0,0,0,15,,,,
087305,0,0,0,-3,,,,
087306,0,0,0,-7,,,,
087307,0,0,0,70,,,,
087308,0,0,0,67,,,,
087310,0,0,0,2,,,,
087311,0,0,0,20,,,,
087314,0,0,0,5,,,,
087315,0,0,0,-68,,,,
087316,0,0,0,357,,,,
087317,0,0,0,-38,,,,
087318,0,0,0,36,,,,
087320,0,0,0,-10,,,,
087321,0,0,0,282,,,,
087322,0,0,0,-536,,,,
087323,0,0,0,37,,,,
087324,0,0,0,515,,,,
087325,0,0,0,-136,,,,
087329,0,0,0,-168,,,,
087330,0,0,0,421,,,,
087331,0,0,0,-13,,,,
087332,0,0,0,-89,,,,
087333,0,0,0,36,,,,
087334,0,0,0,10,,,,
087335,0,0,0,-205,,,,
087336,0,0,0,-193,,,,
087337,0,0,0,-194,,,,
087339,0,0,0,88,,,,
087340,0,0,0,17,,,,
087341,0,0,0,23,,,,
087342,0,0,0,37,,,,
087343,1,0,0,-1088,,,,
087344,0,0,0,100,,,,
087345,0,0,0,50,,,,
087348,0,0,0,19,,,,
087350,0,0,0,138,,,,
087351,0,0,0,-546,,,,
087352,0,0,0,150,,,,
087353,0,0,0,-2,,,,
087354,0,0,0,5,,,,
087355,0,0,0,-110,,,,
087356,0,0,0,221,,,,
087357,0,0,0,90,,,,
087358,0,0,0,80,,,,
087359,0,0,0,33,,,,
08735U,0,0,0,-3,,,,
087360,0,0,0,180,,,,
087361,0,0,0,-29,,,,
087362,0,0,0,-26,,,,
087364,0,0,0,-4,,,,
087365,0,0,0,-10,,,,
087366,0,0,0,-16,,,,
087367,0,0,0,82,,,,
087368,0,0,0,-335,,,,
087369,0,0,0,232,,,,
087370,0,0,0,-291,,,,
087372,0,0,0,210,,,,
087373,0,0,0,-192,,,,
087374,0,0,0,-12,,,,
087375,0,0,0,15,,,,
087376,0,0,0,51,,,,
087377,0,0,0,16,,,,
087378,0,0,0,-20,,,,
087379,0,0,0,-58,,,,
087380,0,0,0,-195,,,,
087381,0,0,0,-197,,,,
087382,0,0,0,94,,,,
087384,0,0,0,38,,,,
087385,0,0,0,-124,,,,
087387,0,0,0,132,,,,
087389,0,0,0,-122,,,,
087390,0,0,0,207,,,,
087391,0,0,0,78,,,,
087392,0,0,0,-413,,,,
087393,0,0,0,20,,,,
087394,0,0,0,152,,,,
087395,0,0,0,-20,,,,
087396,0,0,0,-47,,,,
087397,0,0,0,79,,,,
087398,0,0,0,31,,,,
087399,0,0,0,-5,,,,
087400,0,0,0,-24,,,,
087401,0,0,0,63,,,,
087404,0,0,0,200,,,,
087405,0,0,0,-158,,,,
087406,0,0,0,10,,,,
087407,0,0,0,6,,,,
087408,0,0,0,-35,,,,
087409,0,0,0,10,,,,
087410,0,0,0,-62,,,,
087411,0,0,0,73,,,,
087412,0,0,0,-2,,,,
087414,0,0,0,-29,,,,
087416,0,0,0,-5,,,,
087417,0,0,0,-41,,,,
087418,0,0,0,-202,,,,
08741U,0,0,0,90,,,,
087420,0,0,0,131,,,,
087421,0,0,0,30,,,,
087422,0,0,0,-22,,,,
087423,0,0,0,122,,,,
087424,0,0,0,1,,,,
087425,0,0,0,250,,,,
087427,0,0,0,-27,,,,
087428,0,0,0,-79,,,,
087429,0,0,0,20,,,,
087432,0,0,0,26,,,,
087434,0,0,0,-244,,,,
087435,0,0,0,137,,,,
087438,0,0,0,-1497,,,,
087439,0,0,0,6,,,,
087440,0,0,0,0,,,,
087441,0,0,0,-16,,,,
087443,0,0,0,7,,,,
087444,0,0,0,1,,,,
087445,0,0,0,143,,,,
087446,0,0,0,173,,,,
087447,0,0,0,-107,,,,
087448,0,0,0,1,,,,
087450,0,0,0,-134,,,,
087451,0,0,0,-88,,,,
087452,0,0,0,-18,,,,
087453,0,0,0,-8,,,,
087454,0,0,0,10,,,,
087455,0,0,0,-62,,,,
087456,0,0,0,-10,,,,
087457,0,0,0,-49,,,,
087458,0,0,0,20,,,,
087459,0,0,0,-10,,,,
087460,0,0,0,-40,,,,
087461,0,0,0,-50,,,,
087462,0,0,0,10,,,,
087464,0,0,0,4,,,,
087465,0,0,0,7,,,,
087466,0,0,0,-11,,,,
087467,0,0,0,12,,,,
087468,0,0,0,0,,,,
087469,0,0,0,80,,,,
087470,0,0,0,56,,,,
087471,0,0,0,0,,,,
087473,0,0,0,-106,,,,
087474,0,0,0,13,,,,
087475,0,0,0,-249,,,,
087476,0,0,0,-63,,,,
087477,0,0,0,30,,,,
087478,0,0,0,21,,,,
087479,0,0,0,-162,,,,
087480,0,0,0,-44,,,,
087481,0,0,0,21,,,,
087482,0,0,0,116,,,,
087484,0,0,0,-45,,,,
087486,0,0,0,35,,,,
087487,0,0,0,49,,,,
08748U,0,0,0,-190,,,,
087490,0,0,0,44,,,,
087492,0,0,0,453,,,,
087494,0,0,0,-101,,,,
087495,0,0,0,-87,,,,
087500,0,0,0,-2,,,,
087501,0,0,0,202,,,,
087502,0,0,0,1964,,,,
087503,0,0,0,-212,,,,
087504,0,0,0,95,,,,
087505,0,0,0,-526,,,,
087506,0,0,0,-429,,,,
087507,0,0,0,2,,,,
087508,0,0,0,-2205,,,,
087509,0,0,0,-3,,,,
08750U,0,0,0,-40,,,,
087510,-2,0,0,175,,,,
087511,0,0,0,453,,,,
087512,0,0,0,15,,,,
087513,0,0,0,1,,,,
087514,0,0,0,10,,,,
087515,0,0,0,-156,,,,
087517,0,0,0,-6,,,,
087518,0,0,0,39,,,,
087519,0,0,0,-28,,,,
087520,0,0,0,-63,,,,
087521,0,0,0,-194,,,,
087522,0,0,0,-4,,,,
087523,0,0,0,-62,,,,
087524,0,0,0,-15,,,,
087525,0,0,0,1,,,,
087530,0,0,0,112,,,,
087536,0,0,0,1,,,,
087538,0,0,0,15,,,,
087540,0,0,0,-156,,,,
087543,0,0,0,6,,,,
087544,0,0,0,-216,,,,
087545,0,0,0,-15,,,,
087546,0,0,0,1,,,,
087548,0,0,0,20,,,,
087549,0,0,0,-69,,,,
087550,0,0,0,-29,,,,
087551,0,0,0,175,,,,
087552,0,0,0,6,,,,
087553,0,0,0,218,,,,
087554,0,0,0,82,,,,
087556,0,0,0,89,,,,
087557,0,0,0,-34,,,,
087558,0,0,0,19,,,,
087559,0,0,0,10,,,,
087560,0,0,0,90,,,,
087561,0,0,0,10,,,,
087562,0,0,0,217,,,,
087563,0,0,0,-38,,,,
087564,0,0,0,33,,,,
087566,0,0,0,98,,,,
087567,0,0,0,-31,,,,
087568,0,0,0,-327,,,,
087569,0,0,0,8,,,,
087570,0,0,0,19,,,,
087571,0,0,0,-239,,,,
087572,0,0,0,104,,,,
087575,0,0,0,37,,,,
087576,0,0,0,685,,,,
087577,0,0,0,933,,,,
087582,0,0,0,-17,,,,
087583,0,0,0,-4,,,,
087584,0,0,0,17,,,,
087585,0,0,0,1,,,,
087588,0,0,0,-200,,,,
087589,0,0,0,-200,,,,
087590,0,0,0,24,,,,
087591,0,0,0,-92,,,,
087593,0,0,0,-32,,,,
087594,0,0,0,107,,,,
087595,0,0,0,41,,,,
087600,0,0,0,9,,,,
087603,0,0,0,-1220,,,,
087606,0,0,0,5,,,,
087607,0,0,0,5,,,,
087610,0,0,0,20,,,,
087611,0,0,0,-421,,,,
087612,0,0,0,-170,,,,
087614,0,0,0,-149,,,,
087616,0,0,0,242,,,,
087620,0,0,0,-60,,,,
087622,0,0,0,85,,,,
087623,0,0,0,-70,,,,
087624,0,0,0,-51,,,,
087625,0,0,0,-106,,,,
087626,0,0,0,71,,,,
087627,0,0,0,151,,,,
087628,0,0,0,265,,,,
087629,0,0,0,149,,,,
087630,0,0,0,88,,,,
087631,0,0,0,298,,,,
087632,0,0,0,-339,,,,
087633,0,0,0,-40,,,,
087634,0,0,0,195,,,,
087635,0,0,0,47,,,,
087636,0,0,0,-42,,,,
087637,0,0,0,-717,,,,
087638,0,0,0,53,,,,
087639,0,0,0,-5,,,,
087640,0,0,0,29,,,,
087641,0,0,0,589,,,,
087643,0,0,0,-175,,,,
087645,0,0,0,-35,,,,
087646,0,0,0,-5,,,,
087647,0,0,0,-944,,,,
087648,0,0,0,-197,,,,
087649,0,0,0,236,,,,
087651,0,0,0,21,,,,
087652,13,0,0,0,,,,
087653,0,0,0,10,,,,
087654,0,0,0,-138,,,,
087655,0,0,0,-612,,,,
087657,0,0,0,-10,,,,
087659,0,0,0,-30,,,,
087660,0,0,0,-45,,,,
087661,0,0,0,163,,,,
087662,0,0,0,13,,,,
087663,0,0,0,418,,,,
087665,0,0,0,153,,,,
087666,0,0,0,85,,,,
087667,0,0,0,790,,,,
087668,0,0,0,-436,,,,
087669,0,0,0,28,,,,
087671,0,0,0,6,,,,
087674,0,0,0,-30,,,,
087676,0,0,0,14,,,,
087677,0,0,0,122,,,,
087679,0,0,0,19,,,,
08767U,0,0,0,-15,,,,
087681,0,0,0,-52,,,,
087682,0,0,0,-191,,,,
087683,0,0,0,1,,,,
087685,0,0,0,-26,,,,
087686,0,0,0,7,,,,
087687,0,0,0,-143,,,,
087688,0,0,0,-16,,,,
087689,0,0,0,-1,,,,
087690,0,0,0,48,,,,
087692,0,0,0,4,,,,
087693,0,0,0,245,,,,
087695,0,0,0,352,,,,
087696,0,0,0,274,,,,
087697,0,0,0,155,,,,
087698,0,0,0,868,,,,
087699,0,0,0,-44,,,,
087700,0,0,0,37,,,,
087701,0,0,0,-1060,,,,
087702,0,0,0,-5,,,,
087704,0,0,0,63,,,,
087707,0,0,0,20,,,,
087708,0,0,0,20,,,,
087709,0,0,0,-168,,,,
087710,0,0,0,3,,,,
087712,0,0,0,-4,,,,
087713,0,0,0,-401,,,,
087714,0,0,0,40,,,,
087717,0,0,0,-1,,,,
087718,0,0,0,53,,,,
087720,0,0,0,73,,,,
087721,0,0,0,-70,,,,
087722,0,0,0,97,,,,
087723,0,0,0,171,,,,
087724,0,0,0,164,,,,
087725,0,0,0,642,,,,
087726,0,0,0,5,,,,
087727,0,0,0,43,,,,
087728,0,0,0,0,,,,
087730,0,0,0,21,,,,
087731,0,0,0,-48,,,,
087732,0,0,0,-21,,,,
087735,0,0,0,45,,,,
087736,0,0,0,10,,,,
087739,0,0,0,18,,,,
08773U,0,0,0,-37,,,,
087740,0,0,0,-141,,,,
087741,0,0,0,-54,,,,
087742,0,0,0,15,,,,
087743,0,0,0,48,,,,
087744,0,0,0,0,,,,
087745,0,0,0,0,,,,
087746,0,0,0,15,,,,
087747,0,0,0,-124,,,,
087748,0,0,0,-41,,,,
087749,0,0,0,-293,,,,
087750,0,0,0,-61,,,,
087751,0,0,0,-3,,,,
087752,0,0,0,4,,,,
087753,0,0,0,-53,,,,
087754,0,0,0,21,,,,
087756,0,0,0,0,,,,
087757,0,0,0,71,,,,
087758,0,0,0,46,,,,
087759,0,0,0,0,,,,
087760,0,0,0,0,,,,
087762,0,0,0,114,,,,
087763,0,0,0,-41,,,,
087764,0,0,0,-446,,,,
087765,0,0,0,-61,,,,
087766,0,0,0,-1,,,,
087767,0,0,0,-5,,,,
087770,0,0,0,-247,,,,
087771,0,0,0,77,,,,
087772,0,0,0,-49,,,,
087774,0,0,0,-19,,,,
087776,0,0,0,290,,,,
087778,0,0,0,10,,,,
087780,0,0,0,96,,,,
087783,0,0,0,5,,,,
087784,0,0,0,-13,,,,
087785,0,0,0,10,,,,
087786,1,0,0,-198,,,,
087787,0,0,0,123,,,,
087788,0,0,0,20,,,,
087789,0,0,0,-2,,,,
087790,0,0,0,0,,,,
087791,0,0,0,36,,,,
087793,0,0,0,27,,,,
087794,0,0,0,54,,,,
087795,0,0,0,22,,,,
087796,0,0,0,3,,,,
087797,0,0,0,5704,,,,
087799,0,0,0,20,,,,
087800,0,0,0,1,,,,
087802,0,0,0,5,,,,
087803,0,0,0,4,,,,
087804,0,0,0,3,,,,
087805,0,0,0,-9,,,,
087809,0,0,0,-13,,,,
087810,0,0,0,5,,,,
087812,0,0,0,-63,,,,
087813,0,0,0,-10,,,,
087814,0,0,0,5,,,,
087815,0,0,0,26,,,,
087816,0,0,0,-31,,,,
087817,0,0,0,155,,,,
087818,0,0,0,-54,,,,
087819,0,0,0,-101,,,,
087820,0,0,0,280,,,,
087821,0,0,0,604,,,,
087822,0,0,0,70,,,,
087823,0,0,0,30,,,,
087824,0,0,0,2,,,,
087825,0,0,0,5,,,,
087826,0,0,0,12,,,,
087827,0,0,0,-10,,,,
087830,0,0,0,5,,,,
087831,0,0,0,-162,,,,
087832,0,0,0,-420,,,,
087833,0,0,0,854,,,,
087834,0,0,0,193,,,,
087835,0,0,0,304,,,,
087836,0,0,0,30,,,,
087838,0,0,0,186,,,,
087839,0,0,0,-522,,,,
087847,0,0,0,-10,,,,
087848,0,0,0,-36,,,,
087849,0,0,0,367,,,,
087850,0,0,0,-381,,,,
087852,0,0,0,-242,,,,
087854,0,0,0,-120,,,,
087855,0,0,0,-6,,,,
087856,0,0,0,-114,,,,
087858,0,0,0,1463,,,,
087859,0,0,0,-793,,,,
087860,0,0,0,484,,,,
087861,0,0,0,-250,,,,
087863,0,0,0,22,,,,
087864,0,0,0,8,,,,
087867,0,0,0,-69,,,,
087874,0,0,0,20,,,,
087875,0,0,0,13,,,,
087876,0,0,0,-492,,,,
087877,0,0,0,-49,,,,
087879,0,0,0,324,,,,
087880,0,0,0,42,,,,
087881,0,0,0,-50,,,,
087882,0,0,0,-1006,,,,
087885,0,0,0,-255,,,,
087886,0,0,0,26,,,,
087887,0,0,0,-18,,,,
087888,0,0,0,66,,,,
087889,0,0,0,-24,,,,
087890,0,0,0,52,,,,
087891,0,0,0,-73,,,,
087892,0,0,0,-719,,,,
087893,0,0,0,10,,,,
087894,0,0,0,-83,,,,
087895,0,0,0,6,,,,
087896,0,0,0,30,,,,
087897,0,0,0,-160,,,,
087898,0,0,0,10,,,,
087900,0,0,0,-80,,,,
087901,0,0,0,72,,,,
087902,0,0,0,-328,,,,
087903,0,0,0,-69,,,,
087904,0,0,0,0,,,,
087905,0,0,0,49,,,,
087906,0,0,0,36,,,,
087907,0,0,0,2,,,,
087908,0,0,0,1,,,,
087909,0,0,0,25,,,,
087910,0,0,0,74,,,,
087911,0,0,0,1,,,,
087912,0,0,0,-9,,,,
087913,0,0,0,13,,,,
087914,0,0,0,-175,,,,
087915,0,0,0,571,,,,
087917,0,0,0,-5,,,,
087918,0,0,0,12,,,,
087919,0,0,0,171,,,,
087920,0,0,0,279,,,,
087921,0,0,0,170,,,,
087922,0,0,0,-474,,,,
087923,0,0,0,-53,,,,
087924,0,0,0,84,,,,
087925,0,0,0,20,,,,
087926,0,0,0,102,,,,
087927,0,0,0,0,,,,
087928,0,0,0,8,,,,
087930,0,0,0,-245,,,,
087931,0,0,0,-30,,,,
087932,0,0,0,-21,,,,
087933,0,0,0,100,,,,
087934,0,0,0,-301,,,,
087935,0,0,0,-14,,,,
087936,0,0,0,-1616,,,,
087937,0,0,0,5,,,,
087938,0,0,0,4,,,,
087939,0,0,0,-1284,,,,
087940,0,0,0,-8,,,,
087941,0,0,0,83,,,,
087942,0,0,0,2,,,,
087943,0,0,0,10,,,,
087944,0,0,0,2,,,,
087945,0,0,0,10,,,,
087946,0,0,0,1,,,,
087947,0,0,0,-640,,,,
087948,0,0,0,-175,,,,
087949,0,0,0,164,,,,
087951,0,0,0,377,,,,
087956,0,0,0,11,,,,
087957,0,0,0,76,,,,
087958,0,0,0,-123,,,,
087959,0,0,0,-109,,,,
08795U,0,0,0,-250,,,,
087961,0,0,0,18,,,,
087967,0,0,0,-108,,,,
087968,0,0,0,54,,,,
087969,0,0,0,-342,,,,
087970,0,0,0,112,,,,
087971,0,0,0,140,,,,
087972,0,0,0,-202,,,,
087974,0,0,0,14,,,,
087975,0,0,0,-6,,,,
087979,0,0,0,65,,,,
087980,0,0,0,288,,,,
087981,0,0,0,-40,,,,
087982,0,0,0,-8,,,,
087983,0,0,0,-9,,,,
087985,0,0,0,-151,,,,
087986,0,0,0,-71,,,,
087987,0,0,0,-85,,,,
087988,0,0,0,548,,,,
087989,0,0,0,198,,,,
087990,0,0,0,264,,,,
087991,0,0,0,-261,,,,
087992,0,0,0,61,,,,
087993,0,0,0,605,,,,
087994,0,0,0,-36,,,,
087996,0,0,0,-617,,,,
087997,0,0,0,-10,,,,
087999,0,0,0,-71,,,,
088000,0,0,0,-41,,,,
088003,0,0,0,-50,,,,
088005,0,0,0,10,,,,
088006,0,0,0,-1365,,,,
088008,4,0,0,6,,,,
088009,0,0,0,12,,,,
088012,0,0,0,-10,,,,
088013,0,0,0,-61,,,,
088015,0,0,0,26,,,,
088016,0,0,0,-8,,,,
088018,0,0,0,5,,,,
088019,0,0,0,1,,,,
088020,0,0,0,-71,,,,
088021,0,0,0,-40,,,,
088024,0,0,0,8,,,,
088026,0,0,0,7,,,,
088029,0,0,0,-4,,,,
088030,0,0,0,0,,,,
088033,0,0,0,20,,,,
088036,0,0,0,-24,,,,
088037,0,0,0,1395,,,,
088039,0,0,0,144,,,,
088041,0,0,0,38,,,,
088042,0,0,0,259,,,,
088044,0,0,0,10,,,,
088046,0,0,0,-263,,,,
088047,0,0,0,-202,,,,
088048,0,0,0,-18,,,,
088049,0,0,0,936,,,,
088050,0,0,0,599,,,,
088051,0,0,0,479,,,,
088052,0,0,0,749,,,,
088053,0,0,0,195,,,,
088054,0,0,0,35,,,,
088055,0,0,0,-26,,,,
088056,0,0,0,312,,,,
088057,0,0,0,35,,,,
088058,0,0,0,112,,,,
088059,0,0,0,14,,,,
088060,0,0,0,-712,,,,
088061,0,0,0,351,,,,
088062,0,0,0,249,,,,
088063,0,0,0,-155,,,,
088064,0,0,0,-16,,,,
088066,0,0,0,-193,,,,
088067,0,0,0,100,,,,
088068,0,0,0,-2,,,,
088070,0,0,0,-32,,,,
088071,0,0,0,50,,,,
088072,0,0,0,100,,,,
088073,0,0,0,-37,,,,
088074,0,0,0,-42,,,,
088075,0,0,0,0,,,,
088076,0,0,0,0,,,,
088077,0,0,0,-100,,,,
088078,0,0,0,-10,,,,
088079,0,0,0,172,,,,
088080,0,0,0,10,,,,
088082,0,0,0,-10,,,,
088083,0,0,0,-1,,,,
088084,0,0,0,62,,,,
088085,0,0,0,0,,,,
088086,0,0,0,1516,,,,
088088,0,0,0,5,,,,
088089,0,0,0,-45,,,,
088090,0,0,0,50,,,,
088091,0,0,0,-42,,,,
088092,0,0,0,-21,,,,
088093,0,0,0,-20,,,,
088094,0,0,0,2,,,,
088096,0,0,0,25,,,,
088097,0,0,0,-199,,,,
088098,0,0,0,-243,,,,
088099,0,0,0,-23,,,,
088100,0,0,0,-5,,,,
088101,0,0,0,-22,,,,
088102,0,0,0,837,,,,
088103,0,0,0,-1928,,,,
088104,0,0,0,999,,,,
088105,0,0,0,-62,,,,
088106,0,0,0,-4966,,,,
088107,0,0,0,253,,,,
088108,0,0,0,4,,,,
088109,0,0,0,-437,,,,
088110,0,0,0,0,,,,
088111,0,0,0,-125,,,,
088112,0,0,0,-45,,,,
088113,0,0,0,63,,,,
088114,0,0,0,61,,,,
088115,0,0,0,67,,,,
088116,0,0,0,56,,,,
088117,0,0,0,58,,,,
088118,0,0,0,-278,,,,
088119,0,0,0,8,,,,
088123,0,0,0,-103,,,,
088124,0,0,0,16,,,,
088125,0,0,0,65,,,,
088127,0,0,0,11,,,,
088129,0,0,0,167,,,,
088130,0,0,0,-105,,,,
088132,0,0,0,-225,,,,
088135,0,0,0,97,,,,
088136,0,0,0,-27,,,,
088137,0,0,0,344,,,,
088140,0,0,0,-84,,,,
088141,0,0,0,6,,,,
088142,0,0,0,-554,,,,
088143,0,0,0,0,,,,
088144,0,0,0,1,,,,
088145,0,0,0,5,,,,
088146,0,0,0,-2,,,,
088147,0,0,0,7,,,,
088148,0,0,0,0,,,,
088149,0,0,0,107,,,,
088151,0,0,0,30,,,,
088152,0,0,0,42,,,,
088153,0,0,0,26,,,,
088155,0,0,0,-60,,,,
088156,0,0,0,-97,,,,
088157,0,0,0,-940,,,,
088158,0,0,0,23,,,,
088159,0,0,0,-469,,,,
088163,0,0,0,-43,,,,
088164,0,0,0,-2610,,,,
088165,0,0,0,1113,,,,
088166,0,0,0,290,,,,
088169,0,0,0,37,,,,
088170,0,0,0,-60,,,,
088172,0,0,0,1,,,,
088173,0,0,0,-6,,,,
088175,0,0,0,142,,,,
088176,0,0,0,15,,,,
088177,0,0,0,-180,,,,
088178,0,0,0,650,,,,
088179,0,0,0,-11,,,,
088180,0,0,0,-90,,,,
088184,0,0,0,90,,,,
088185,0,0,0,146,,,,
088186,0,0,0,-15,,,,
088188,0,0,0,-10,,,,
088190,0,0,0,30,,,,
088191,0,0,0,102,,,,
088192,0,0,0,25,,,,
088193,0,0,0,-82,,,,
088195,0,0,0,179,,,,
088196,0,0,0,-21,,,,
088197,0,0,0,-16,,,,
088198,0,0,0,-257,,,,
088199,0,0,0,-11,,,,
088200,0,0,0,-101,,,,
088203,0,0,0,-3,,,,
088204,0,0,0,-1301,,,,
088205,0,0,0,-74,,,,
088206,0,0,0,187,,,,
088207,0,0,0,11,,,,
088208,0,0,0,-1,,,,
088209,0,0,0,-962,,,,
088210,0,0,0,-62,,,,
088211,0,0,0,47,,,,
088212,0,0,0,-131,,,,
088213,0,0,0,-28,,,,
088214,0,0,0,-64,,,,
088215,0,0,0,-74,,,,
088216,0,0,0,-35,,,,
088217,0,0,0,-8,,,,
088218,0,0,0,31,,,,
088219,0,0,0,4,,,,
088220,0,0,0,87,,,,
088221,0,0,0,72,,,,
088222,0,0,0,66,,,,
088223,0,0,0,-67,,,,
088224,0,0,0,152,,,,
088226,0,0,0,-40,,,,
088227,0,0,0,-3,,,,
088233,0,0,0,-6,,,,
088234,0,0,0,-35,,,,
088235,0,0,0,-6,,,,
088236,0,0,0,-369,,,,
088238,0,0,0,0,,,,
088239,0,0,0,-10,,,,
088241,0,0,0,8,,,,
088242,0,0,0,8,,,,
088245,0,0,0,-98,,,,
088246,0,0,0,-25,,,,
088247,0,0,0,-56,,,,
088248,0,0,0,-320,,,,
088249,0,0,0,-267,,,,
088250,0,0,0,16,,,,
088251,0,0,0,-114,,,,
088252,0,0,0,-27,,,,
088253,0,0,0,1,,,,
088257,0,0,0,-3,,,,
088260,0,0,0,-62,,,,
088261,4,0,0,65,,,,
088262,0,0,0,-88,,,,
088263,0,0,0,-100,,,,
088264,0,0,0,3,,,,
088265,0,0,0,-287,,,,
088266,0,0,0,-3,,,,
088267,0,0,0,-20,,,,
088268,0,0,0,20,,,,
088269,0,0,0,-28,,,,
088270,0,0,0,-1,,,,
088271,0,0,0,-345,,,,
088273,0,0,0,249,,,,
088274,0,0,0,6,,,,
088275,0,0,0,26,,,,
088276,0,0,0,19,,,,
088278,0,0,0,-12,,,,
088279,0,0,0,-28,,,,
08827U,0,0,0,50,,,,
088280,0,0,0,24,,,,
088281,0,0,0,101,,,,
088282,0,0,0,287,,,,
088283,0,0,0,165,,,,
088284,0,0,0,8,,,,
088285,0,0,0,128,,,,
088286,0,0,0,192,,,,
088287,0,0,0,116,,,,
088288,0,0,0,609,,,,
088289,0,0,0,159,,,,
088291,0,0,0,-81,,,,
088292,0,0,0,534,,,,
088293,0,0,0,1,,,,
088294,0,0,0,167,,,,
088295,0,0,0,-184,,,,
088296,0,0,0,-1017,,,,
088297,0,0,0,0,,,,
088298,0,0,0,-19,,,,
088299,0,0,0,-127,,,,
088301,0,0,0,79,,,,
088302,0,0,0,0,,,,
088304,0,0,0,660,,,,
088305,0,0,0,7,,,,
088306,0,0,0,105,,,,
088307,0,0,0,-985,,,,
088308,0,0,0,74,,,,
088309,0,0,0,-10,,,,
088310,0,0,0,38,,,,
088311,0,0,0,14,,,,
088312,0,0,0,-130,,,,
088313,0,0,0,613,,,,
088314,0,0,0,140,,,,
088315,0,0,0,-158,,,,
088316,0,0,0,67,,,,
088317,0,0,0,-12,,,,
088319,0,0,0,-13,,,,
088320,0,0,0,-22,,,,
088321,0,0,0,100,,,,
088322,0,0,0,-332,,,,
088323,0,0,0,-126,,,,
088325,0,0,0,-253,,,,
088326,0,0,0,-558,,,,
088327,0,0,0,-307,,,,
088328,0,0,0,6,,,,
088329,0,0,0,78,,,,
088330,0,0,0,217,,,,
088331,0,0,0,1,,,,
088332,0,0,0,291,,,,
088333,0,0,0,149,,,,
088334,0,0,0,251,,,,
088335,0,0,0,-5,,,,
088336,0,0,0,189,,,,
088337,0,0,0,-82,,,,
088338,0,0,0,30,,,,
088339,0,0,0,51,,,,
08833U,0,0,0,100,,,,
088340,0,0,0,50,,,,
088345,0,0,0,1740,,,,
088346,0,0,0,657,,,,
088347,0,0,0,-1697,,,,
088348,0,0,0,-673,,,,
088349,0,0,0,80,,,,
088350,0,0,0,38,,,,
088351,0,0,0,-1228,,,,
088352,0,0,0,40,,,,
088353,0,0,0,-299,,,,
088354,0,0,0,5,,,,
088355,0,0,0,16,,,,
088359,0,0,0,-5,,,,
088360,0,0,0,2078,,,,
088361,0,0,0,6,,,,
088362,0,0,0,-111,,,,
088364,0,0,0,-257,,,,
088365,0,0,0,-17,,,,
088366,0,0,0,-3,,,,
088368,0,0,0,43,,,,
08836U,0,0,0,-15,,,,
088371,0,0,0,14,,,,
088373,0,0,0,87,,,,
088374,0,0,0,0,,,,
088375,0,0,0,29,,,,
088377,0,0,0,-3,,,,
088378,0,0,0,-107,,,,
088379,0,0,0,967,,,,
088380,0,0,0,15,,,,
088381,0,0,0,49,,,,
088383,0,0,0,0,,,,
088384,0,0,0,-10,,,,
088385,0,0,0,-188,,,,
088386,0,0,0,4,,,,
088387,0,0,0,0,,,,
088388,0,0,0,-1,,,,
088389,0,0,0,90,,,,
088390,0,0,0,0,,,,
088392,0,0,0,-188,,,,
088393,0,0,0,1,,,,
088394,0,0,0,123,,,,
088395,0,0,0,2,,,,
088396,0,0,0,163,,,,
088397,0,0,0,150,,,,
088399,0,0,0,-227,,,,
088400,0,0,0,86,,,,
088401,0,0,0,-31,,,,
088402,0,0,0,177,,,,
088403,0,0,0,-34,,,,
088405,0,0,0,25,,,,
088409,0,0,0,35,,,,
088410,0,0,0,-914,,,,
088411,0,0,0,-207,,,,
088412,0,0,0,130,,,,
088414,0,0,0,267,,,,
088417,0,0,0,1,,,,
088418,0,0,0,1,,,,
088419,0,0,0,25,,,,
088423,0,0,0,-10,,,,
088424,0,0,0,4,,,,
088427,0,0,0,1,,,,
08842U,0,0,0,-2,,,,
088432,0,0,0,-47,,,,
088433,0,0,0,-27,,,,
088434,0,0,0,-10,,,,
088435,0,0,0,-168,,,,
088436,0,0,0,-74,,,,
088437,0,0,0,105,,,,
088438,0,0,0,-2,,,,
088439,0,0,0,43,,,,
088440,0,0,0,-35,,,,
088441,0,0,0,-132,,,,
088442,0,0,0,-62,,,,
088443,0,0,0,-15,,,,
088445,0,0,0,128,,,,
088446,0,0,0,-53,,,,
088447,0,0,0,8,,,,
088448,0,0,0,8,,,,
088449,0,0,0,91,,,,
088450,0,0,0,31,,,,
088451,0,0,0,-1,,,,
088452,0,0,0,-54,,,,
088453,0,0,0,-2,,,,
088454,0,0,0,-150,,,,
088456,0,0,0,-37,,,,
088457,0,0,0,15,,,,
088458,0,0,0,-30,,,,
088459,0,0,0,115,,,,
088461,0,0,0,-10,,,,
088463,0,0,0,-146,,,,
088464,0,0,0,601,,,,
088465,100,0,0,-150,,,,
088466,0,0,0,-43,,,,
088468,0,0,0,-58,,,,
088469,0,0,0,-29,,,,
088470,0,0,0,-10,,,,
088471,0,0,0,-11,,,,
088472,0,0,0,-160,,,,
088474,0,0,0,319,,,,
088475,0,0,0,-374,,,,
088478,0,0,0,143,,,,
088479,0,0,0,-253,,,,
088481,0,0,0,364,,,,
088482,0,0,0,-197,,,,
088483,0,0,0,-58,,,,
088484,0,0,0,-86,,,,
088485,0,0,0,553,,,,
088486,0,0,0,-66,,,,
088488,0,0,0,53,,,,
088490,0,0,0,113,,,,
088491,0,0,0,-651,,,,
088492,0,0,0,203,,,,
088493,0,0,0,-478,,,,
088496,0,0,0,0,,,,
088497,0,0,0,-47,,,,
088498,0,0,0,-438,,,,
088499,0,0,0,-178,,,,
088500,0,0,0,71,,,,
088501,0,0,0,10,,,,
088502,0,0,0,-1437,,,,
088503,0,0,0,-150,,,,
088504,0,0,0,40,,,,
088505,0,0,0,-33,,,,
088506,0,0,0,10,,,,
088507,0,0,0,409,,,,
088508,0,0,0,131,,,,
088510,0,0,0,94,,,,
088511,0,0,0,7,,,,
088512,0,0,0,-5,,,,
088513,0,0,0,131,,,,
088514,0,0,0,198,,,,
088515,0,0,0,-15,,,,
088517,0,0,0,78,,,,
088520,0,0,0,-110,,,,
088521,0,0,0,-735,,,,
088522,0,0,0,-115,,,,
088524,0,0,0,117,,,,
088525,0,0,0,0,,,,
088526,0,0,0,2,,,,
088528,0,0,0,-58,,,,
088529,0,0,0,-43,,,,
088530,0,0,0,-53,,,,
088531,0,0,0,-115,,,,
088532,0,0,0,80,,,,
088534,0,0,0,-10,,,,
088538,0,0,0,-12,,,,
088540,0,0,0,-445,,,,
088541,0,0,0,-180,,,,
088542,0,0,0,114,,,,
088543,0,0,0,24,,,,
088544,0,0,0,-85,,,,
088545,0,0,0,-69,,,,
088546,0,0,0,-20,,,,
088547,0,0,0,152,,,,
088548,0,0,0,-225,,,,
088549,0,0,0,-292,,,,
088550,0,0,0,-373,,,,
088551,0,0,0,-14,,,,
088552,0,0,0,-131,,,,
088555,0,0,0,-10,,,,
088558,0,0,0,14,,,,
08855U,0,0,0,346,,,,
088563,0,0,0,450,,,,
088565,0,0,0,-14,,,,
088569,0,0,0,36,,,,
088572,0,0,0,-167,,,,
088574,0,0,0,-213,,,,
088576,0,0,0,35,,,,
088579,0,0,0,10,,,,
088580,0,0,0,6,,,,
088589,0,0,0,1,,,,
088590,0,0,0,-166,,,,
088591,0,0,0,-67,,,,
088592,0,0,0,-1394,,,,
088593,0,0,0,48,,,,
088594,0,0,0,436,,,,
088595,0,0,0,17,,,,
088596,0,0,0,-95,,,,
088597,0,0,0,-3,,,,
088598,0,0,0,-130,,,,
088600,0,0,0,165,,,,
088601,0,0,0,209,,,,
088602,0,0,0,307,,,,
088603,0,0,0,3,,,,
088606,0,0,0,-63,,,,
088607,0,0,0,-57,,,,
088608,0,0,0,-71,,,,
088609,0,0,0,-100,,,,
088610,0,0,0,66,,,,
088611,0,0,0,90,,,,
088612,0,0,0,53,,,,
088613,0,0,0,48,,,,
088614,0,0,0,-535,,,,
088615,0,0,0,-281,,,,
088616,0,0,0,1,,,,
088617,0,0,0,100,,,,
088619,0,0,0,158,,,,
088620,0,0,0,56,,,,
088622,0,0,0,68,,,,
088623,0,0,0,-22,,,,
088624,0,0,0,-85,,,,
088625,0,0,0,24,,,,
088626,0,0,0,21,,,,
088627,0,0,0,286,,,,
088628,0,0,0,647,,,,
088629,0,0,0,548,,,,
088630,0,0,0,-534,,,,
088631,0,0,0,-560,,,,
088633,0,0,0,8,,,,
088634,0,0,0,-24,,,,
088636,0,0,0,47,,,,
088638,0,0,0,16,,,,
088641,0,0,0,69,,,,
088642,0,0,0,-11,,,,
088644,0,0,0,-232,,,,
088646,0,0,0,-256,,,,
088648,0,0,0,70,,,,
088649,0,0,0,72,,,,
088650,0,0,0,-403,,,,
088652,0,0,0,-38,,,,
088654,0,0,0,230,,,,
088656,0,0,0,411,,,,
088657,0,0,0,-353,,,,
088659,0,0,0,-15,,,,
088661,0,0,0,584,,,,
088662,0,0,0,-70,,,,
088663,0,0,0,-163,,,,
088664,0,0,0,22,,,,
088666,0,0,0,-10,,,,
088668,0,0,0,388,,,,
08866U,0,0,0,-69,,,,
088670,0,0,0,23,,,,
088671,0,0,0,-399,,,,
088674,0,0,0,-3,,,,
088676,0,0,0,-181,,,,
088677,0,0,0,-3,,,,
088679,0,0,0,-150,,,,
088680,0,0,0,20,,,,
088681,0,0,0,87,,,,
088682,0,0,0,47,,,,
088683,0,0,0,-6,,,,
088684,0,0,0,93,,,,
088685,0,0,0,-118,,,,
088686,0,0,0,-214,,,,
088687,0,0,0,75,,,,
088688,0,0,0,29,,,,
088690,0,0,0,20,,,,
088691,0,0,0,-7,,,,
088692,0,0,0,-62,,,,
088693,0,0,0,-391,,,,
088694,0,0,0,-460,,,,
088695,0,0,0,2,,,,
088696,0,0,0,-10,,,,
088699,0,0,0,-43,,,,
088700,0,0,0,29,,,,
088701,0,0,0,88,,,,
088702,0,0,0,-10,,,,
088703,0,0,0,32,,,,
088705,0,0,0,-4,,,,
088706,0,0,0,-10,,,,
088708,0,0,0,-106,,,,
088714,0,0,0,14,,,,
088715,0,0,0,62,,,,
088716,0,0,0,66,,,,
088717,0,0,0,47,,,,
088718,0,0,0,228,,,,
088719,0,0,0,58,,,,
08871U,0,0,0,-18,,,,
088720,0,0,0,-79,,,,
088722,0,0,0,-12,,,,
088723,0,0,0,-12,,,,
088724,0,0,0,2,,,,
088725,0,0,0,-153,,,,
088726,0,0,0,-100,,,,
088728,0,0,0,10,,,,
088729,0,0,0,84,,,,
088732,0,0,0,-46,,,,
088733,0,0,0,-43,,,,
088734,0,0,0,2,,,,
088735,0,0,0,-49,,,,
088737,0,0,0,-10,,,,
088739,0,0,0,-24,,,,
088742,0,0,0,0,,,,
088743,0,0,0,10,,,,
088744,0,0,0,-3,,,,
088745,0,0,0,-30,,,,
088746,0,0,0,54,,,,
088747,0,0,0,-69,,,,
088748,0,0,0,0,,,,
088751,0,0,0,26,,,,
088752,0,0,0,0,,,,
088756,0,0,0,59,,,,
088757,0,0,0,0,,,,
088761,0,0,0,1200,,,,
088762,0,0,0,59,,,,
088763,0,0,0,-9,,,,
088765,0,0,0,-162,,,,
088766,0,0,0,-197,,,,
088767,0,0,0,41,,,,
088768,0,0,0,163,,,,
088769,0,0,0,269,,,,
088770,0,0,0,-8,,,,
088771,0,0,0,0,,,,
088772,0,0,0,-73,,,,
088774,0,0,0,75,,,,
088775,0,0,0,-12,,,,
088776,0,0,0,75,,,,
088778,0,0,0,-146,,,,
088779,0,0,0,-3,,,,
08877U,0,0,0,-7,,,,
088780,0,0,0,-32,,,,
088781,0,0,0,20,,,,
088782,0,0,0,-20,,,,
088783,0,0,0,-803,,,,
088785,0,0,0,-75,,,,
088786,0,0,0,117,,,,
088787,0,0,0,43,,,,
088788,0,0,0,-2411,,,,
088789,0,0,0,11,,,,
088795,0,0,0,156,,,,
088796,0,0,0,-91,,,,
088797,0,0,0,11,,,,
088798,0,0,0,-48,,,,
088799,0,0,0,10,,,,
088800,0,0,0,-10,,,,
088801,0,0,0,-40,,,,
088802,0,0,0,-11,,,,
088804,0,0,0,-14,,,,
088805,0,0,0,-51,,,,
088806,0,0,0,1,,,,
088811,0,0,0,15,,,,
088812,0,0,0,-19,,,,
088813,0,0,0,-3,,,,
088814,0,0,0,-81,,,,
088815,0,0,0,-186,,,,
088816,0,0,0,-28,,,,
088818,0,0,0,-89,,,,
088819,0,0,0,-24,,,,
08881U,0,0,0,10,,,,
088820,0,0,0,-92,,,,
088821,0,0,0,230,,,,
088822,0,0,0,72,,,,
088825,0,0,0,-25,,,,
088826,0,0,0,15,,,,
088827,0,0,0,13,,,,
088830,0,0,0,55,,,,
088831,0,0,0,54,,,,
088832,0,0,0,-162,,,,
088833,0,0,0,-80,,,,
088834,0,0,0,-104,,,,
088835,0,0,0,22,,,,
088838,0,0,0,1,,,,
088840,0,0,0,11,,,,
088841,0,0,0,-5,,,,
088842,0,0,0,-21,,,,
088844,0,0,0,-184,,,,
088845,0,0,0,-223,,,,
088846,0,0,0,10,,,,
088848,0,0,0,-8,,,,
088849,0,0,0,-14,,,,
088850,0,0,0,-4,,,,
088851,0,0,0,-12,,,,
088852,0,0,0,-81,,,,
088853,0,0,0,-89,,,,
088854,0,0,0,-228,,,,
088858,0,0,0,-383,,,,
088859,0,0,0,144,,,,
088860,0,0,0,-93,,,,
088861,0,0,0,-6,,,,
088862,0,0,0,-132,,,,
088863,0,0,0,-164,,,,
088864,0,0,0,-280,,,,
088865,0,0,0,0,,,,
088866,0,0,0,-101,,,,
088867,0,0,0,-189,,,,
088868,0,0,0,35,,,,
088869,0,0,0,-136,,,,
088870,0,0,0,-17,,,,
088871,0,0,0,-32,,,,
088872,0,0,0,34,,,,
088873,0,0,0,-8,,,,
088875,0,0,0,20,,,,
088876,0,0,0,-112,,,,
088877,0,0,0,-78,,,,
088878,0,0,0,-62,,,,
088880,0,0,0,-80,,,,
088881,0,0,0,86,,,,
088882,0,0,0,40,,,,
088883,0,0,0,22,,,,
088884,0,0,0,-231,,,,
088885,0,0,0,-110,,,,
088886,0,0,0,-85,,,,
088892,0,0,0,-1776,,,,
088894,0,0,0,103,,,,
088895,0,0,0,-8,,,,
088897,0,0,0,-56,,,,
088898,0,0,0,10,,,,
088900,0,0,0,167,,,,
088901,0,0,0,-258,,,,
088902,0,0,0,-53,,,,
088903,0,0,0,-114,,,,
088908,0,0,0,-3,,,,
088909,0,0,0,-3,,,,
088910,0,0,0,-22,,,,
088911,0,0,0,-30,,,,
088912,0,0,0,-20,,,,
088913,0,0,0,-3,,,,
088915,0,0,0,-20,,,,
088916,0,0,0,116,,,,
088917,0,0,0,-20,,,,
088918,0,0,0,10,,,,
088919,0,0,0,1,,,,
088923,0,0,0,-167,,,,
088924,0,0,0,-25,,,,
088925,0,0,0,207,,,,
088926,0,0,0,-116,,,,
088927,0,0,0,5,,,,
088928,0,0,0,0,,,,
088929,0,0,0,-300,,,,
088930,0,0,0,44,,,,
088931,0,0,0,4,,,,
088932,0,0,0,-5,,,,
088933,0,0,0,-45,,,,
088934,0,0,0,0,,,,
088935,0,0,0,0,,,,
088936,0,0,0,-12,,,,
088939,0,0,0,-76,,,,
088941,0,0,0,2,,,,
088942,0,0,0,0,,,,
088943,0,0,0,4,,,,
088944,0,0,0,57,,,,
088945,0,0,0,-137,,,,
088946,0,0,0,-196,,,,
088948,0,0,0,36,,,,
088951,0,0,0,30,,,,
088952,0,0,0,43,,,,
088954,0,0,0,-100,,,,
088955,0,0,0,-6,,,,
088956,0,0,0,27,,,,
088957,0,0,0,-55,,,,
088958,0,0,0,-4,,,,
088960,0,0,0,-658,,,,
088963,0,0,3,12,,,,
088964,0,0,0,1,,,,
088965,0,0,0,62,,,,
088966,0,0,0,-2,,,,
088967,0,0,0,-5,,,,
088968,0,0,0,9,,,,
088969,0,0,0,-77,,,,
088970,0,0,0,-124,,,,
088971,0,0,0,-121,,,,
088972,0,0,0,-78,,,,
088973,0,0,0,-24,,,,
088974,0,0,0,-44,,,,
088975,0,0,0,-30,,,,
088976,0,0,0,-55,,,,
088979,0,0,0,23,,,,
088981,0,0,0,5,,,,
088982,0,0,0,6,,,,
088983,0,0,0,62,,,,
088985,0,0,0,-13,,,,
088986,0,0,0,-10,,,,
088987,0,0,0,-1028,,,,
088988,0,0,0,97,,,,
088989,0,0,0,50,,,,
088992,0,0,0,-15,,,,
088994,0,0,0,-10,,,,
088995,0,0,0,43,,,,
089005,0,0,0,-10,,,,
089006,0,0,0,-5,,,,
089007,0,0,0,33,,,,
089008,0,0,0,-11,,,,
089010,0,0,0,-46,,,,
089012,0,0,0,22,,,,
089013,0,0,0,-338,,,,
089014,0,0,0,9,,,,
089017,0,0,0,-74,,,,
089018,0,0,0,-1629,,,,
089019,0,0,0,-108,,,,
089020,0,0,0,-20,,,,
089021,0,0,0,-3,,,,
089022,0,0,0,22,,,,
089025,0,0,0,-448,,,,
089026,0,0,0,-665,,,,
089027,0,0,0,-75,,,,
089029,0,0,0,10,,,,
089030,0,0,0,-196,,,,
089031,0,0,0,38,,,,
089032,0,0,0,-10,,,,
089033,0,0,0,-460,,,,
089034,0,0,0,174,,,,
089035,0,0,0,-625,,,,
089036,0,0,0,-3324,,,,
089037,0,0,0,-47,,,,
089043,0,0,0,-295,,,,
089044,0,0,0,-148,,,,
089048,0,0,0,-13,,,,
089049,0,0,0,-28,,,,
089050,0,0,0,-8,,,,
089051,0,0,0,-8,,,,
089052,0,0,0,2,,,,
089053,0,0,0,-53,,,,
089057,0,0,0,-24,,,,
089058,0,0,0,0,,,,
089059,0,0,0,-5,,,,
089060,0,0,0,-10,,,,
089061,0,0,0,-73,,,,
089063,0,0,0,40,,,,
089064,0,0,0,50,,,,
089065,0,0,0,-44,,,,
089066,0,0,0,-76,,,,
089067,0,0,0,-8,,,,
089068,0,0,0,50,,,,
089069,0,0,0,-38,,,,
089070,0,0,0,-40,,,,
089071,0,0,0,-57,,,,
089072,0,0,0,-17,,,,
089073,0,0,0,-419,,,,
089074,0,0,0,-93,,,,
089075,0,0,0,-141,,,,
089076,0,0,0,-126,,,,
089077,0,0,0,-29,,,,
089078,0,0,0,-32,,,,
089079,0,0,0,-181,,,,
089080,0,0,0,-26,,,,
089081,0,0,0,-10,,,,
089083,0,0,0,20,,,,
089084,0,0,0,77,,,,
089085,0,0,0,19,,,,
089086,0,0,0,-54,,,,
089087,0,0,0,-5,,,,
089088,0,0,0,76,,,,
089089,0,0,0,-30,,,,
089090,0,0,0,13,,,,
089091,0,0,0,17,,,,
089092,0,0,0,10,,,,
089093,0,0,0,8,,,,
089094,0,0,0,3,,,,
089095,0,0,0,-58,,,,
089096,0,0,0,-390,,,,
089097,0,0,0,-806,,,,
089098,0,0,0,-1188,,,,
089099,0,0,0,-32,,,,
089100,0,0,0,-14,,,,
089102,0,0,0,-30,,,,
089106,0,0,0,-65,,,,
089107,0,0,0,1746,,,,
089108,0,0,0,-17,,,,
089109,0,0,0,-33,,,,
089110,0,0,0,-22,,,,
089111,0,0,0,-12,,,,
089112,0,0,0,128,,,,
089118,0,0,0,-40,,,,
089119,0,0,0,-260,,,,
089120,0,0,0,39,,,,
089121,0,0,0,92,,,,
089122,0,0,0,-89,,,,
089124,0,0,0,5,,,,
089126,0,0,0,70,,,,
089127,0,0,0,109,,,,
089129,0,0,0,-9,,,,
089130,0,0,0,37,,,,
089131,0,0,0,-1280,,,,
089133,0,0,0,27,,,,
089134,0,0,0,36,,,,
089135,0,0,0,-28,,,,
089136,0,0,0,-5,,,,
089139,0,0,0,19,,,,
089141,0,0,0,-30,,,,
089142,0,0,0,6,,,,
089143,0,0,0,2027,,,,
089144,0,0,0,-48,,,,
089145,0,0,0,-65,,,,
089146,0,0,0,92,,,,
089147,0,0,0,-574,,,,
089148,0,0,0,-110,,,,
089149,0,0,0,96,,,,
08914U,0,0,0,498,,,,
089150,0,0,0,-84,,,,
089151,0,0,0,-55,,,,
089153,0,0,0,10,,,,
089154,0,0,0,8,,,,
089155,0,0,0,-291,,,,
089156,0,0,0,-13,,,,
089157,0,0,0,-18,,,,
089158,0,0,0,-23,,,,
089160,0,0,0,-7,,,,
089161,0,0,0,27,,,,
089162,0,0,0,18,,,,
089163,0,0,0,38,,,,
089164,0,0,0,-23,,,,
089165,0,0,0,113,,,,
089169,0,0,0,441,,,,
089170,0,0,0,694,,,,
089171,0,0,0,-773,,,,
089172,0,0,0,351,,,,
089173,0,0,0,-32,,,,
089174,0,0,0,-34,,,,
089175,0,0,0,-70,,,,
089177,0,0,0,-893,,,,
089178,0,0,0,-187,,,,
089179,0,0,0,89,,,,
089180,0,0,0,65,,,,
089181,0,0,0,-75,,,,
089182,0,0,0,-291,,,,
089183,0,0,0,-671,,,,
089187,0,0,0,-6,,,,
089188,0,0,0,-51,,,,
089193,0,0,0,49,,,,
089194,0,0,0,88,,,,
089195,0,0,0,-4,,,,
089197,0,0,0,26,,,,
089198,0,0,0,-306,,,,
089199,0,0,0,-24,,,,
089200,0,0,0,-1089,,,,
089201,0,0,0,33,,,,
089205,0,0,0,-90,,,,
089206,0,0,0,-313,,,,
089207,0,0,0,-74,,,,
089208,0,0,0,-302,,,,
089211,0,0,0,-162,,,,
089212,0,0,0,-87,,,,
089213,0,0,0,8,,,,
089214,0,0,0,-366,,,,
089215,0,0,0,227,,,,
089216,0,0,0,-1106,,,,
089217,0,0,0,102,,,,
089218,0,0,0,10,,,,
089220,0,0,0,-761,,,,
089221,0,0,0,-70,,,,
089222,0,0,0,-50,,,,
089225,0,0,0,-2,,,,
089226,0,0,0,1633,,,,
089227,0,0,0,-11,,,,
089229,0,0,0,-10,,,,
089230,0,0,0,-142,,,,
089231,0,0,0,-73,,,,
089232,0,0,0,-799,,,,
089233,0,0,0,-887,,,,
089234,0,0,0,21,,,,
089235,0,0,0,-52,,,,
089236,0,0,0,-17,,,,
089237,0,0,0,-207,,,,
089238,0,0,0,-4,,,,
089239,0,0,0,-28,,,,
089240,0,0,0,-17,,,,
089242,0,0,0,-8,,,,
089243,0,0,0,-40,,,,
089245,0,0,0,16,,,,
089246,0,0,0,-6,,,,
089248,0,0,0,-10,,,,
089249,0,0,0,209,,,,
089255,0,0,0,0,,,,
089258,0,0,0,-10,,,,
089259,0,0,0,-20,,,,
08925U,0,0,0,28,,,,
089260,0,0,0,66,,,,
089261,0,0,0,-80,,,,
089263,0,0,0,-14,,,,
089264,0,0,0,-104,,,,
089265,0,0,0,-84,,,,
089266,0,0,0,40,,,,
089267,0,0,0,109,,,,
089268,0,0,0,-20,,,,
089270,0,0,0,-32,,,,
089271,0,0,0,-12,,,,
089272,0,0,0,-71,,,,
089273,0,0,0,-17,,,,
089274,6,0,0,-2003,,,,
089275,0,0,0,4,,,,
089276,0,0,0,0,,,,
08927U,0,0,0,-113,,,,
089280,0,0,0,-3,,,,
089281,0,0,0,-41,,,,
089283,0,0,0,12,,,,
089284,0,0,0,-41,,,,
089285,0,0,0,-20,,,,
089286,0,0,0,-5,,,,
089287,0,0,0,200,,,,
089288,0,0,0,-3,,,,
089290,0,0,0,0,,,,
089292,0,0,0,1,,,,
089293,0,0,0,0,,,,
089295,0,0,0,-20,,,,
089296,0,0,0,0,,,,
089299,0,0,0,-1140,,,,
089301,5,0,0,-239,,,,
089303,0,0,0,-2,,,,
089304,0,0,0,-57,,,,
089305,0,0,0,0,,,,
089306,0,0,0,-52,,,,
089307,0,0,0,32,,,,
089308,0,0,0,-132,,,,
089309,0,0,0,11,,,,
089310,0,0,0,20,,,,
089312,0,0,0,15,,,,
089313,0,0,0,-15,,,,
089314,0,0,0,-45,,,,
089315,0,0,0,-2,,,,
089317,0,0,0,-20,,,,
089318,0,0,0,7,,,,
089319,0,0,0,-27,,,,
089320,0,0,0,-14,,,,
089321,0,0,0,6,,,,
089322,0,0,0,-162,,,,
089323,0,0,0,-633,,,,
089324,0,0,0,-23,,,,
089326,0,0,0,-31,,,,
089329,0,0,0,5,,,,
089332,0,0,0,-164,,,,
089333,0,0,0,-26,,,,
089334,0,0,0,7,,,,
089335,0,0,0,-17,,,,
089336,0,0,0,-26,,,,
089337,0,0,0,-25,,,,
089338,0,0,0,-39,,,,
089339,0,0,0,-8,,,,
089340,0,0,0,90,,,,
089341,0,0,0,4,,,,
089342,0,0,0,0,,,,
089344,0,0,0,-20,,,,
089346,0,0,0,2,,,,
089347,0,0,0,0,,,,
089348,0,0,0,-50,,,,
089349,0,0,0,-7,,,,
089350,0,0,0,33,,,,
089351,0,0,0,-41,,,,
089352,0,0,0,-49,,,,
089353,0,0,0,-2,,,,
089354,0,0,0,-30,,,,
089355,0,0,0,-68,,,,
089356,0,0,0,-28,,,,
089357,0,0,0,-13,,,,
089358,0,0,0,-59,,,,
089359,0,0,0,-10,,,,
089360,0,0,0,-4,,,,
089361,0,0,0,-12,,,,
089363,0,0,0,30,,,,
089364,0,0,0,-252,,,,
089366,0,0,0,-71,,,,
089367,0,0,0,7,,,,
089368,0,0,0,-12,,,,
089369,0,0,0,10,,,,
089370,0,0,0,-113,,,,
089371,0,0,0,0,,,,
089373,0,0,0,-10,,,,
089377,0,0,0,11,,,,
089378,0,0,0,-1,,,,
089379,0,0,0,32,,,,
089382,0,0,0,-100,,,,
089384,0,0,0,385,,,,
089385,0,0,0,261,,,,
089387,0,0,0,-127,,,,
089388,0,0,0,98,,,,
089389,0,0,0,-1919,,,,
089390,0,0,0,40,,,,
089391,0,0,0,271,,,,
089392,0,0,0,-3,,,,
089393,0,0,0,-644,,,,
089394,0,0,0,27,,,,
089395,0,0,0,-393,,,,
089396,0,0,0,-500,,,,
089397,0,0,0,79,,,,
089398,0,0,0,190,,,,
089399,0,0,0,-18,,,,
089400,0,0,0,-50,,,,
089401,0,0,0,78,,,,
089402,0,0,0,-13,,,,
089403,0,0,0,20,,,,
089405,0,0,0,11,,,,
089406,0,0,0,11,,,,
089407,0,0,0,541,,,,
089408,0,0,0,-5,,,,
089409,0,0,0,15,,,,
08940U,0,0,0,-20,,,,
089410,0,0,0,39,,,,
089411,0,0,0,-322,,,,
089412,0,0,0,10,,,,
089414,0,0,0,-525,,,,
089415,0,0,0,69,,,,
089416,0,0,0,-25,,,,
089417,0,0,0,-221,,,,
089419,0,0,0,-6,,,,
08941U,0,0,0,-35,,,,
089421,0,0,0,-161,,,,
089425,0,0,0,-467,,,,
089427,0,0,0,-307,,,,
089428,0,0,0,-12,,,,
089429,0,0,0,-30,,,,
089433,0,0,0,82,,,,
089434,0,0,0,-7,,,,
089435,0,0,0,42,,,,
089436,0,0,0,-1,,,,
089437,0,0,0,20,,,,
089438,0,0,0,48,,,,
089443,0,0,0,-10,,,,
089446,0,0,0,-10,,,,
089447,0,0,0,-414,,,,
089448,0,0,0,-1008,,,,
089452,0,0,0,-107,,,,
089454,0,0,0,-248,,,,
089455,0,0,0,-481,,,,
089456,0,0,0,-109,,,,
089457,0,0,0,70,,,,
089458,0,0,0,66,,,,
089459,0,0,0,189,,,,
089460,0,0,0,-12,,,,
089461,0,0,0,113,,,,
089464,0,0,0,-100,,,,
089465,0,0,0,-30,,,,
089467,0,0,0,-102,,,,
089468,0,0,0,-112,,,,
089471,0,0,0,-41,,,,
089474,0,0,0,-386,,,,
089475,0,0,0,-40,,,,
089476,0,0,0,2,,,,
089477,0,0,0,-22,,,,
089482,0,0,0,-16,,,,
089484,0,0,0,-45,,,,
089485,0,0,0,12,,,,
089488,0,0,0,-156,,,,
089492,0,0,0,-20,,,,
089494,0,0,0,-2,,,,
089495,0,0,0,30,,,,
089496,0,0,0,100,,,,
089501,0,0,0,89,,,,
089504,0,0,0,-23,,,,
089506,0,0,0,-25,,,,
089514,0,0,0,-58,,,,
089515,0,0,0,70,,,,
089517,0,0,0,-70,,,,
089521,0,0,0,-168,,,,
089524,0,0,0,-50,,,,
089525,0,0,0,-59,,,,
089529,0,0,0,5,,,,
089530,0,0,0,33,,,,
089532,0,0,0,-54,,,,
089533,0,0,0,-50,,,,
089535,0,0,0,-5,,,,
08953U,0,0,0,504,,,,
089542,0,0,0,27,,,,
089545,0,0,0,-25,,,,
089546,0,0,0,24,,,,
089547,0,0,0,-18,,,,
089551,0,0,0,-5,,,,
089553,0,0,0,-59,,,,
089555,0,0,0,-52,,,,
089556,0,0,0,-5,,,,
089560,0,0,0,-41,,,,
089562,0,0,0,-22,,,,
089563,0,0,0,-170,,,,
089564,0,0,0,-300,,,,
089565,0,0,0,-82,,,,
089566,0,0,0,-79,,,,
089569,0,0,0,-56,,,,
089571,0,0,0,-125,,,,
089572,0,0,0,-25,,,,
089573,0,0,0,-75,,,,
089578,0,0,0,-14,,,,
089579,0,0,0,3,,,,
089580,0,0,0,-2,,,,
089582,0,0,0,-106,,,,
089583,0,0,0,-37,,,,
089584,0,0,0,-12,,,,
089585,0,0,0,-10,,,,
089586,0,0,0,-4,,,,
089587,0,0,0,-35,,,,
089588,0,0,0,-78,,,,
089589,0,0,0,-50,,,,
089590,0,0,0,-10,,,,
089591,0,0,0,107,,,,
089592,0,0,0,-235,,,,
089593,0,0,0,10,,,,
089594,0,0,0,85,,,,
089595,0,0,0,3,,,,
089596,0,0,0,6,,,,
089597,0,0,0,-7,,,,
089598,0,0,0,-34,,,,
089599,0,0,0,-2062,,,,
089601,0,0,0,-19,,,,
089602,0,0,0,-10,,,,
089603,0,0,0,-13,,,,
089604,0,0,0,-62,,,,
089609,0,0,0,-21,,,,
089611,0,0,0,8,,,,
089612,0,0,0,-40,,,,
089613,0,0,0,-43,,,,
089615,0,0,0,-111,,,,
089617,0,0,0,19,,,,
089618,0,0,0,-65,,,,
089620,0,0,0,-5,,,,
089621,0,0,0,-146,,,,
089623,0,0,0,-60,,,,
089624,0,0,0,-31,,,,
089626,0,0,0,-1,,,,
089627,0,0,0,0,,,,
089631,0,0,0,-7,,,,
089632,0,0,0,-208,,,,
089640,0,0,0,50,,,,
089641,0,0,0,-1,,,,
089642,0,0,0,-20,,,,
089643,0,0,0,-8,,,,
089645,0,0,0,-40,,,,
089646,0,0,0,-20,,,,
089647,0,0,0,-62,,,,
089648,0,0,0,0,,,,
089649,0,0,0,5,,,,
089651,0,0,0,25,,,,
089653,0,0,0,-251,,,,
089654,0,0,0,-35,,,,
089656,0,0,0,-506,,,,
089657,0,0,0,-1528,,,,
089659,0,0,0,-30,,,,
089660,0,0,0,-293,,,,
089661,0,0,0,-404,,,,
089664,0,0,0,-22,,,,
089668,0,0,0,-2,,,,
089670,0,0,0,5,,,,
089671,0,0,0,1,,,,
089674,0,0,0,-20,,,,
089678,0,0,0,-40,,,,
089690,0,0,0,-4,,,,
089698,0,0,0,-202,,,,
089699,0,0,0,-117,,,,
08969U,0,0,0,25,,,,
089703,0,0,0,-165,,,,
089704,0,0,0,-19,,,,
089705,0,0,0,-21,,,,
089706,0,0,0,-3,,,,
089707,0,0,0,-101,,,,
089709,0,0,0,10,,,,
089710,0,0,0,-10,,,,
089712,0,0,0,-5,,,,
089713,0,0,0,-306,,,,
089717,0,0,0,-2,,,,
089718,0,0,0,-2,,,,
089720,0,0,0,96,,,,
089721,0,0,0,-14,,,,
089722,0,0,0,-76,,,,
089724,0,0,0,-49,,,,
089733,0,0,0,-4,,,,
089735,0,0,0,-10,,,,
089736,0,0,0,-45,,,,
089743,0,0,0,-9,,,,
089745,0,0,0,-11,,,,
089746,0,0,0,-24,,,,
089750,0,0,0,-97,,,,
089751,0,0,0,-6,,,,
089752,0,0,0,-69,,,,
089754,0,0,0,10,,,,
089756,0,0,0,-25,,,,
089761,0,0,0,-10,,,,
089763,0,0,0,-10,,,,
089764,0,0,0,5,,,,
089766,0,0,0,-7,,,,
089768,0,0,0,-45,,,,
089771,0,0,0,0,,,,
089774,0,0,0,-192,,,,
089775,0,0,0,-208,,,,
089777,0,0,0,-20,,,,
089779,0,0,0,-1,,,,
089780,0,0,0,-34,,,,
089781,0,0,0,-20,,,,
089782,0,0,0,-148,,,,
089784,0,0,0,-136,,,,
089786,0,0,0,-11,,,,
089787,0,0,0,-10,,,,
089789,0,0,0,-91,,,,
08978U,0,0,0,3,,,,
089793,0,0,0,-19,,,,
089797,0,0,0,-705,,,,
089800,0,0,0,-20,,,,
089801,0,0,0,-2,,,,
089802,0,0,0,-330,,,,
089807,0,0,0,-21,,,,
089808,0,0,0,-150,,,,
089809,0,0,0,-460,,,,
089811,0,0,0,-5,,,,
089815,0,0,0,-150,,,,
089816,0,0,0,-249,,,,
089817,0,0,0,-446,,,,
089819,0,0,0,-117,,,,
089821,0,0,0,-4,,,,
089828,0,0,0,-70,,,,
089830,0,0,0,-3,,,,
089834,0,0,0,-205,,,,
089841,0,0,0,-25,,,,
089842,0,0,0,-5,,,,
089848,0,0,0,-70,,,,
089852,0,0,0,20,,,,
089857,0,0,0,-8,,,,
089858,0,0,0,-4,,,,
089863,0,0,0,-80,,,,
089867,0,0,0,-1350,,,,
089868,0,0,0,-50,,,,
089869,0,0,0,-34,,,,
089871,0,0,0,-8,,,,
089872,0,0,0,-80,,,,
089875,0,0,0,-15,,,,
089880,0,0,0,-206,,,,
089881,0,0,0,-5,,,,
089883,0,0,0,-10,,,,
089886,0,0,0,-6,,,,
089889,0,0,0,-119,,,,
089890,0,0,0,-10,,,,
089891,0,0,0,-20,,,,
089895,0,0,0,-40,,,,
089896,0,0,0,-54,,,,
089899,0,0,0,-40,,,,
089902,0,0,0,-1,,,,
089904,0,0,0,-70,,,,
089907,0,0,0,-400,,,,
089909,15,0,0,-15,,,,
089910,0,0,0,-70,,,,
089913,0,0,0,-1,,,,
089918,0,0,0,-40,,,,
089919,0,0,0,-7,,,,
089920,0,0,0,-28,,,,
089922,0,0,0,-1052,,,,
089925,0,0,0,-6,,,,
089927,0,0,0,1,,,,
08992U,0,0,0,-12,,,,
089932,0,0,0,-70,,,,
089933,0,0,0,-70,,,,
089936,0,0,0,-96,,,,
089938,0,0,0,-1,,,,
089940,0,0,0,-35,,,,
089949,0,0,0,-20,,,,
08994U,0,0,0,150,,,,
089951,0,0,0,-187,,,,
089953,0,0,0,-8,,,,
089960,0,0,0,-233,,,,
089965,0,0,0,-10,,,,
089972,0,0,0,-2,,,,
089975,0,0,0,-10,,,,
089980,0,0,0,-20,,,,
089991,0,0,0,-130,,,,
089992,0,0,0,-48,,,,
089995,0,0,0,-1,,,,
089996,0,0,0,-2,,,,
089999,0,0,0,-4,,,,
08999U,0,0,0,610,,,,
1101,-11976.48,-99,15,-12.311,,,,
1102,-842.122,-204,5.621,67.209,,,,
1103,-21.25,0,0,0,,,,
1104,-176,0,0,0,,,,
1108,45.93,0,0,0,,,,
1109,-2,0,1,0,,,,
1110,20,0,0,0,,,,
1201,-343,0,0,0,,,,
1203,6,0,0,0,,,,
1210,-540.94,0,0.94,0,,,,
1215,-330.8,0,0.185,0,,,,
1216,-1415.677,-670.812,-195,123.815,,,,
1217,-73,0,11,0,,,,
1218,5,0,0,0,,,,
1219,-55.092,0,0,0,,,,
1220,-11.192,0,0,0,,,,
1225,21,0,-1,0,,,,
1227,-813,0,0,0,,,,
1229,-793.198,-0.5,4.264,0.138,,,,
1231,-288.3,0,0.99,0,,,,
1232,-16.992,0,0,0,,,,
1233,2,0,0,0,,,,
1234,20,0,0,0.053,,,,
1235,-10,0,0,0,,,,
1236,-6,0,0,0,,,,
1240,0,0,0,0.905,,,,
1256,-15.11,0,-1,0,,,,
1264,7,0,0,-0.018,,,,
1268,0.91,0,0,0,,,,
1294,6,0,0,-0.741,,,,
1295,3,0,0,0,,,,
1301,2577.907,0,-31,-100.743,,,,
1303,7047.771,525.194,-9.592,77.809,,,,
1304,114.068,0,15,-48.818,,,,
1305,-365.185,0,0,0,,,,
1307,413,-5,-600,-1,,,,
1308,-249.02,0,0,-7.111,,,,
1309,-668.834,0,0,-6.997,,,,
1310,-1071.209,0,-5,0,,,,
1312,-784.953,0,90,-100.444,,,,
1313,-202.309,0,-3,-15,,,,
1314,-19051.289,0,-846.859,0,,,,
1315,-25,0,0,0,,,,
1316,-829,0,0,0,,,,
1319,498.05,-2,-2,-14.894,,,,
1321,15,0,0,0,,,,
1323,-26,0,0,0,,,,
1324,-6,0,0,0,,,,
1325,38.811,0,0,0,,,,
1326,-1787.309,0,-105,-201.367,,,,
1336,18.019,0,34,-0.073,,,,
1337,38,0,0,0,,,,
1338,-24,0,3,0,,,,
1339,21,0,0,0,,,,
1340,60,0,0,0,,,,
1341,1,0,0,0,,,,
1342,7.69,0,0,0,,,,
1402,-619.979,-72,153,-5.931,,,,
1409,2047.492,0,-111,462.015,,,,
1410,-3,0,0,0,,,,
1413,1,0,0,0,,,,
1414,-3,0,0,0,,,,
1416,-116.285,0,0,0,,,,
1417,22,0,0,0,,,,
1418,-3,0,0,0,,,,
1419,1,0,0,0,,,,
1423,0,0,0,0,,,,
1432,8,0,0,0,,,,
1434,-1192.52,0,0.2,0,,,,
1435,4,0,0,0,,,,
1436,-39.141,0,0,0,,,,
1437,-102.131,0,0,0,,,,
1438,2,0,-4,0,,,,
1439,2,0,0,0,,,,
1440,-364.762,0,0,0,,,,
1441,-7,0,-1,0,,,,
1442,-170,0,-10,0,,,,
1443,6,0,0,0,,,,
1444,-509,0,0,0,,,,
1445,2,0,0,0,,,,
1446,7.9,0,0,0,,,,
1447,-436.227,0,0,0,,,,
1449,5.192,0,0,0,,,,
1451,-73,0,0,0,,,,
1452,-7.716,0,0,0,,,,
1453,-5,0,0,0,,,,
1454,-3,0,0,0,,,,
1455,-88.759,0,0,0,,,,
1456,13,0,-1,0,,,,
1457,-34,0,0,0,,,,
1459,-12,0,212.788,0,,,,
1460,-37.819,0,0,0,,,,
1463,-8,0,1,0,,,,
1464,-78.666,0,0,0,,,,
1465,-1,0,0,0,,,,
1466,-83.4,0,0,0,,,,
1467,-7,0,0,0,,,,
1468,-2,0,0,0,,,,
1470,3,0,0,0,,,,
1471,11,0,-4,0,,,,
1472,-4,0,-12,0,,,,
1473,-46.99,0,0,0,,,,
1474,35,0,1,0,,,,
1475,1,0,0,0,,,,
1476,232.95,-1,0.097,-0.934,,,,
1477,1169.112,-41,-4,16.437,,,,
1503,-190.091,-3,-7,10.895,,,,
1504,409.4,-34,9.967,-12.589,,,,
1506,-24,0,0,0,,,,
1512,2,0,0,0,,,,
1513,339.316,16,-8,9.885,,,,
1514,198.318,0,0,0.101,,,,
1515,-217,0,-1,-0.476,,,,
1516,2,0,1,0,,,,
1517,24,0,0,0,,,,
1519,-129.731,-1,-78.409,-11.874,,,,
1521,-4,0,0,0,,,,
1522,37,0,0,0,,,,
1524,-110,0,0,0,,,,
1525,0,0,0,0,,,,
1526,-12,0,0,0,,,,
1527,-32,0,0,0,,,,
1528,437.831,0,0,0,,,,
1529,-254.026,0,0,0,,,,
1530,0.19,0,-0.928,0,,,,
1531,1.02,0,0,0,,,,
1532,-347.221,0,0,0,,,,
1533,13,0,0,0,,,,
1535,7,0,0,0,,,,
1536,-275.935,0,-51.875,-1.277,,,,
1537,-13,0,0,0,,,,
1539,-4,0,0,0,,,,
1540,-70.98,0,0,0,,,,
1541,7,0,0,0,,,,
1558,-18.963,0,0,0,,,,
1560,109.061,33,16.5,29.067,,,,
1563,234.198,0,0,0,,,,
1565,-58,0,-6,0.32,,,,
1568,-4.698,0,1,-0.559,,,,
1569,-1496.807,0,0,18.507,,,,
1570,2,0,0,0.108,,,,
1580,-46,0,0,-0.451,,,,
1582,151.535,0,0,-0.2,,,,
1583,9,0,0,0,,,,
1584,-208,0,0,-0.407,,,,
1586,-189.371,0,0,0,,,,
1587,-53,0,0.038,0,,,,
1590,-62.061,-2,0,-0.272,,,,
1591,155.997,0,0,0,,,,
1593,-1,0,0,0,,,,
1595,227.112,0,1,14.005,,,,
1597,-265.826,0,0,-16.397,,,,
1598,6.717,0,-0.868,0,,,,
1599,-1,0,0,0,,,,
1603,1,0,0,0,,,,
1604,-8,0,0,0,,,,
1605,2805.54,-58,-128,-143.935,,,,
1608,-580.22,-5,-14,-0.391,,,,
1609,-57.122,0,5,-4.159,,,,
1611,-112.605,0,0,0,,,,
1612,-39,-5,-0.486,0,,,,
1614,-1,0,1,0,,,,
1615,-9,0,0,0,,,,
1616,-71,0,0.462,0,,,,
1617,-2206.986,0,8,0,,,,
1618,-28.5,0,0,-0.3,,,,
1623,15,0,0,0,,,,
1626,5,0,0,0,,,,
1702,4.254,0,0,0,,,,
1707,-147.869,0,0,0.597,,,,
1708,1392.26,0,0,14.184,,,,
1709,1634,0,30,-125.212,,,,
1710,-158.963,0,1,-18.476,,,,
1711,248.197,0,13,76.654,,,,
1712,-152,0,-0.565,0,,,,
1713,375,0,1,0,,,,
1714,6575.43,0,125.982,175.839,,,,
1717,1846.949,0,-11,29.848,,,,
1718,8155.131,0,150,1510.167,,,,
1720,-193.174,0,0.1,0,,,,
1721,123.843,0,-2,0,,,,
1722,-1164.408,0,2,0,,,,
1723,17,-57,0,-0.035,,,,
1725,-14,0,1,0,,,,
1726,-10.741,0,0,0,,,,
1727,-2754.581,0,-63,-160.952,,,,
1730,-15,0,0,0,,,,
1731,1.841,0,0,0,,,,
1732,-13,0,0,0,,,,
1733,37,0,-4,0,,,,
1734,-6.004,0,0,0,,,,
1735,9,0,0,2.715,,,,
1736,82.321,0,-7,0.035,,,,
1737,-13,0,0,0,,,,
1752,-3,0,0,0,,,,
1760,-45,0,0,0,,,,
1762,2,0,0,0,,,,
1773,1049.724,0,8.544,36.408,,,,
1776,8,0,0,0,,,,
1777,-1,0,0,0,,,,
1780,0,0,0,0,,,,
1783,-4,0,0,0,,,,
1784,-18,0,0,-2.416,,,,
1785,-470.422,0,40,0.265,,,,
1786,-130,0,0,0,,,,
1788,1,0,0,0,,,,
1789,-162,0,0,0,,,,
1795,6.587,0,-1.408,9.74,,,,
1796,-2,0,0,0,,,,
1799,-16.091,0,0,0,,,,
1802,3253.226,0,-40,194.223,,,,
1805,0,0,0,0,,,,
1806,11,0,0,0,,,,
1808,-208.71,0,-20,0,,,,
1809,-127.004,0,0,-44.848,,,,
1810,75.428,0,0,0,,,,
1813,-1,0,0,0,,,,
1815,11227.232,0,209,280.527,,,,
1817,-4,0,0,-0.035,,,,
1903,30.005,0,0,0,,,,
1904,-319.042,0,0,0,,,,
1905,-451.291,0,6,-43.961,,,,
1906,-10,0,0,0,,,,
1907,-397.628,0,0,0,,,,
1909,-598,0,56,0,,,,
2002,-7383.957,-130,39,-5.095,,,,
2006,-31.723,-2,14,-8.67,,,,
2007,-10,0,0,0,,,,
2008,4,0,0,0,,,,
2009,-91,0,0,-7.055,,,,
2010,-416,0,0,0,,,,
2012,3,0,0,0,,,,
2013,0,0,0,-0.495,,,,
2014,-633.41,0,0,0,,,,
2015,-10.802,0,0,0,,,,
2017,-60,0,0,0,,,,
2020,-569.69,0,0,0,,,,
2022,26.808,0,0,0,,,,
2023,-115.72,0,0,0,,,,
2024,3,0,0,0,,,,
2025,-406.682,0,-1,0,,,,
2027,-133.691,-12,73,41.599,,,,
2028,-14,0,0,0,,,,
2029,-205.413,0,2.1,0,,,,
2030,437,0,-45,0,,,,
2031,-241.441,-4,12.692,-1.327,,,,
2032,-527.882,0,-0.373,0,,,,
2033,407.464,0,-2.016,0,,,,
2034,-516.033,0,-2,-16.962,,,,
2038,-21.317,0,3,0,,,,
2049,2176.413,-483,69.9,42.132,,,,
2059,10.536,17.98,-8.822,0.746,,,,
2061,-1200.77,0,0,-0.685,,,,
2062,-32,0,0,0,,,,
2063,13,0,0,0.734,,,,
2064,0,0,0,0,,,,
2065,6,0,0,0.223,,,,
2066,4,0,0,0.34,,,,
2067,-31,0,0,0,,,,
2069,-212.886,0,0,0,,,,
2070,-26.926,0,5,0,,,,
2072,64.366,0,0,-2.609,,,,
2101,-1704,0,0,0,,,,
2102,115.46,0,0,0,,,,
2103,1087.951,0,0,-28.431,,,,
2104,1512.113,0,7,17,,,,
2105,-560.413,-175,10.636,25.817,,,,
2106,-501,0,0,0.216,,,,
2107,6.286,0,0,0,,,,
2108,-138.13,0,10.188,-4.248,,,,
2109,-13.585,0,0,0,,,,
2114,2,0,0,0,,,,
2115,-1,0,0,0,,,,
2201,-1085.509,0,-46,-14.026,,,,
2204,-984.954,-3,0,-0.675,,,,
2206,48.19,0,20,0,,,,
2207,9.844,-2,-0.004,0,,,,
2208,-3204.8,0,1,0,,,,
2211,-285,-1,0.602,0,,,,
2221,48,0,7,63.845,,,,
2227,-2,0,0,0,,,,
2228,68,0,0,0,,,,
2230,-14,0,0,0.8,,,,
2231,-15.474,0,23,-45.177,,,,
2233,-39,0,0,3.336,,,,
2235,1,0,0,0,,,,
2236,-101.921,0,-12,0.151,,,,
2237,65,0,0,0,,,,
2239,-4,0,0,0,,,,
2241,154,0,30,0,,,,
2243,-3.95,0,2,0,,,,
2247,3,0,0,0,,,,
2248,3,0,2,0,,,,
2250,-24,0,0,0,,,,
2254,61,0,0,0,,,,
2258,-234,0,0,0.437,,,,
2301,11841.503,-56.717,199.382,475.881,,,,
2302,-279.845,0,23.024,17.567,,,,
2303,-81562.142,-33809.277,-1592.588,-1600.713,,,,
2305,899.427,0,-94,-34.276,,,,
2308,7962.966,29.292,188.566,170.958,,,,
2312,-67.961,100,-20,-34.335,,,,
2313,7879.903,412,263.934,842.603,,,,
2314,-1,0,0,0,,,,
2316,249.227,0,4,-11.211,,,,
2317,13072.342,-63.478,135.998,238.86,,,,
2324,-25066.307,0,-10.917,-58.233,,,,
2327,-12365.94,3094.423,34.101,-46.952,,,,
2328,727.231,0,14,21.236,,,,
2329,-706.501,0,-35,6.629,,,,
2330,9770.52,439.108,329.009,162.646,,,,
2331,-154.423,0,0,-3,,,,
2332,1440.651,0,26,0,,,,
2337,-1105.941,17,-40,47.946,,,,
2338,-1150.712,0,-35,-52.154,,,,
2340,3398.5,0,194,156.781,,,,
2342,-1637.331,0,0.761,-34.931,,,,
2344,22053.19,-1848.134,133.299,528.12,,,,
2345,213.91,-190.182,42.848,64.614,,,,
2347,1287.321,-309,-39,28.267,,,,
2348,-185,0,-0.005,-1.407,,,,
2349,-434.413,0,0,0,,,,
2351,184.505,0,19,146.828,,,,
2352,-1148.513,-38,3,1,,,,
2353,230.551,-150,-30.382,-71.097,,,,
2354,-3045.782,0,-32.721,-171.472,,,,
2355,-1214,0,14,51.37,,,,
2356,-4948.869,-119,-9.568,-0.625,,,,
2357,940.394,-107.247,15.1,38.827,,,,
2359,-615.04,0,0,-16.204,,,,
2360,578.621,167.865,-7.786,-59.433,,,,
2362,-261.987,0,0,0.272,,,,
2363,-2526.88,0,0,-600.444,,,,
2364,-61.5,0,0,0,,,,
2365,-55.979,0,0,0,,,,
2367,-3821.758,0,408,453.664,,,,
2368,917.601,17.872,-49,395.549,,,,
2369,-707.521,0,-3,3.83,,,,
2371,-6918.597,-43,-57.695,-113.104,,,,
2373,2,0,-1,0,,,,
2374,-448.919,0,0,0.902,,,,
2375,-198.167,0,1.609,-33.386,,,,
2376,3143.592,203,8.953,64.818,,,,
2377,2081.048,-21,6,166.111,,,,
2379,131.343,137,25,30.369,,,,
2380,-7,0,0,0,,,,
2382,-2930.158,130.031,-39.205,88.77,,,,
2383,-99.57,-17.107,-5,141.321,,,,
2385,1353.976,-76,-4,15.69,,,,
2387,55,0,4,0,,,,
2388,121.747,0,-20,-17.655,,,,
2390,-232,0,0.411,0,,,,
2392,253.414,0,-4.959,0.007,,,,
2393,1636.203,-262,-57,69.897,,,,
2395,866.941,118.831,9.04,55.153,,,,
2397,176.162,0,4,0,,,,
2399,-3358.024,0,5,8.483,,,,
2401,-937.094,0,-39,-238.301,,,,
2402,-142.24,0,0.204,-14.826,,,,
2404,465.044,-17,-6.35,17.997,,,,
2405,-454.428,0,3,0,,,,
2406,66.823,0,-5,269.035,,,,
2408,3060.981,-1817.473,572.565,165.962,,,,
2409,-212135.842,0,-13846.014,-8207.458,,,,
2412,4768.337,-1874.299,24,21,,,,
2413,801.716,0,-1,-0.488,,,,
2414,34,0,-1,0,,,,
2415,42.223,0,-0.985,0,,,,
2417,-117.219,0,0,0,,,,
2419,-697.403,0,0,-8.021,,,,
2420,102.144,0,0,-0.17,,,,
2421,735.749,1,1.581,29.823,,,,
2423,13,0,0,0,,,,
2424,-12,0,0,0,,,,
2425,-76,0,0,0,,,,
2426,9785.98,0,-7,270.352,,,,
2427,-163.053,0,0,0,,,,
2428,-56.245,0,0.015,-18.197,,,,
2429,-92.14,0,0,0,,,,
2430,-13.606,0,2,0,,,,
2431,4,0,-0.869,0,,,,
2432,-4,0,0,3,,,,
2433,3,0,0,0,,,,
2434,-7.982,0,0,0,,,,
2436,-323.159,0,0,-173.401,,,,
2438,5,0,-1,0,,,,
2439,-361.66,-1,-28.668,-0.319,,,,
2440,46,0,0,0,,,,
2441,-993.523,244,-5.098,-58.192,,,,
2442,-183.95,0,0,0,,,,
2444,-537.851,0,2,0,,,,
2449,-4134.255,202.581,-155.63,-53.473,,,,
2450,31,0,0,0,,,,
2451,340.967,134,-5.415,14.454,,,,
2453,-38,0,0,0,,,,
2454,1297.381,-61.54,76.965,45,,,,
2455,99.35,-45,223.362,92.522,,,,
2457,94.64,0,0,0,,,,
2458,-315.112,276,-128,-13.657,,,,
2459,-33,0,0,0,,,,
2460,12.008,0,0,0,,,,
2461,-190,0,4,0,,,,
2462,108,0,1,0,,,,
2464,-2533.869,0,2,38.602,,,,
2465,-338.059,0,1,0,,,,
2466,226.458,0,33.249,0,,,,
2467,276.503,0,-4,26.228,,,,
2468,-324.178,0,-10,0,,,,
2471,-69.002,0,0,0,,,,
2472,-398.293,0,0,-27.015,,,,
2474,-212.96,-35,-42,-27.685,,,,
2476,400.383,0,0,43.686,,,,
2477,2.8,0,0,0,,,,
2478,341.493,0,3,-2.257,,,,
2480,-307.974,-1,-0.076,8.909,,,,
2481,12256.955,-1440,327,178.629,,,,
2482,31.015,0,0.412,0,,,,
2483,879.96,0,4,0,,,,
2484,2671.328,0,0,-50.221,,,,
2485,-3644.348,0,36,148.729,,,,
2486,1616.509,-209,23,-0.559,,,,
2488,-2,0,0.287,0,,,,
2489,-364.729,0,-869,-17.321,,,,
2491,-466.02,0,1,0,,,,
2492,-8910.769,161,451.708,31.701,,,,
2493,-369.494,-1,0.678,129.398,,,,
2495,206.867,0,0,-11.01,,,,
2496,3,0,0,0,,,,
2497,25,0,0,-0.789,,,,
2498,-481.792,0,-82,-179.341,,,,
2501,-2210,0,0,0.596,,,,
2504,-230.005,0,221.03,0,,,,
2505,-209.272,0,-72,0,,,,
2506,-87,0,0,0,,,,
2509,-37,0,0,0,,,,
2511,-464,0,0,0,,,,
2514,-65,0,0,0,,,,
2515,-1558.999,0,0.998,-227.523,,,,
2516,22,0,0,0,,,,
2520,-278.312,0,-0.197,0.697,,,,
2524,-18,0,0,0,,,,
2527,697.114,0,1,10.098,,,,
2528,-79,0,-79,0,,,,
2530,-265.83,0,-249,0,,,,
2534,76,0,0,0,,,,
2535,-91.728,-1,-0.525,0,,,,
2536,-425,0,0,0,,,,
2537,-1259,0,0,0,,,,
2538,-409.08,0,0,0,,,,
2539,-234.83,0,0.857,0,,,,
2540,-34.246,0,-8,0,,,,
2542,-6134,148,-42.791,-15.652,,,,
2543,-28.964,0,56,0,,,,
2545,39,0,0.219,0,,,,
2546,16.32,0,0,0,,,,
2547,-869,0,0,0,,,,
2548,-795.952,0,-0.476,0,,,,
2596,-4,0,0,0,,,,
2597,-129.602,0,0,0,,,,
2601,-1406.102,0,-97,0,,,,
2603,-1813.717,-748.408,-47,-129.195,,,,
2605,-2829.354,0,-92.855,-50.88,,,,
2606,-569.03,21,6,-44.902,,,,
2607,43.322,0,0,0,,,,
2608,-71,0,10,0,,,,
2609,-2393.057,-59,-125.945,-150.684,,,,
2610,-7398,-208,-58,123.125,,,,
2611,508.123,0,0,0,,,,
2612,-102.854,0,0,-2,,,,
2613,-33,0,0,0,,,,
2614,5.42,0,247,0,,,,
2615,-248.277,-65,-93,-7.198,,,,
2616,-4,0,0,0,,,,
2617,754.154,0,1,-0.146,,,,
2618,-920.518,-27,4.127,64.926,,,,
2630,-97.44,0,0,-7.459,,,,
2633,-921,-651.5,0,0,,,,
2634,-2161.084,-2,-251.998,-187.84,,,,
2636,9,0,0,0,,,,
2637,7.59,11,2,-13.608,,,,
2640,-5,0,0,2.199,,,,
2641,-739,0,0,-2.561,,,,
2642,0,0,0,0,,,,
2643,2,0,0,0,,,,
2645,-168.058,0,-4.436,0.222,,,,
2646,-703.258,0,-35,0,,,,
2701,-12,0,0,0,,,,
2702,7,0,0,0,,,,
2704,-22,0,0,0,,,,
2705,-22,0,0,0,,,,
2706,-37,0,0,0,,,,
2707,-29,0,0,0,,,,
2712,6,0,0,0,,,,
2719,-2,0,0,0,,,,
2722,19,0,0,0,,,,
2723,-26,0,0,0,,,,
2727,32.367,-49,-2,0,,,,
2729,0,0,-3,0,,,,
2731,53.278,0,-0.105,0,,,,
2732,3,0,0,0,,,,
2734,-15,0,0,-0.871,,,,
2736,-1,0,0,0.666,,,,
2739,-6,0,0,0,,,,
2743,-12,0,-44,0,,,,
2745,-6,0,-6,0,,,,
2748,-5,0,0,0,,,,
2751,0,0,0,0,,,,
2752,2,0,0,0,,,,
2753,-4.193,-1,-0.1,0,,,,
2754,-1,0,0,0,,,,
2755,3,0,0,0.001,,,,
2762,-14,0,0,0,,,,
2801,-7368.063,1411,-12,-9.226,,,,
2812,-19205.109,0,-6,-11.275,,,,
2816,17.121,0,0,0,,,,
2820,-671.15,0,0,0,,,,
2832,-76.917,0,0,-0.011,,,,
2834,-17675.08,0,-15,0.819,,,,
2836,-1085.949,0,0,0,,,,
2836A,1,0,0,0,,,,
2838,-1571.149,0,-3,16.803,,,,
2845,-5514.455,-52.72,-155,-0.174,,,,
2849,39,0,-3,0,,,,
2850,71.192,0,-1,-1,,,,
2851,55,0,-37,-14.501,,,,
2852,-106,0,0,0,,,,
2855,1031.877,31,0,0,,,,
2880,-131.676,-110.405,-36.55,332.514,,,,
2881,2098.18,406.941,-3.236,-11.921,,,,
2881B,0,0,1,0,,,,
2882,461.973,1061.503,-14,-33.274,,,,
2883,1676.771,27.225,-37.849,301.113,,,,
2883B,-294,0,16,0,,,,
2884,1838.741,-500.861,6.039,167.074,,,,
2885,4059.265,-50.205,1464,193.144,,,,
2886,3598.995,-5455.334,-19.135,291.54,,,,
2887,13700.689,-12.594,-8.392,191.121,,,,
2887E,-8,0,0,0,,,,
2887G,-6,0,0,0,,,,
2887H,2,0,0,0,,,,
2887I,-1096.175,0,0,0,,,,
2887Z1,2,0,0,0,,,,
2889,-5714.95,0,-140,0,,,,
2890,-1735.964,652.197,-60.52,299.923,,,,
2891,-769.993,1017.512,-22.444,191.189,,,,
2891B,0,0,0,0,,,,
2891C,0,0,2,0,,,,
2892,-2481.899,-64.107,-17.946,-45.761,,,,
2897,-1283.318,0,0,-0.744,,,,
2901,-10,0,0,0,,,,
2903,-945.455,-0.5,1,0,,,,
2904,2,0,0,0,,,,
2905,-83.14,0,-13,0,,,,
2906,-9,0,0,-0.465,,,,
2908,-9.969,0,0,0,,,,
2910,0,0,0,0,,,,
2911,39,0,0,0,,,,
2912,66.33,3,1,10,,,,
2913,-858,0,0,0,,,,
2915,-353,0,1.064,0.258,,,,
2916,5,0,0,0,,,,
2923,13,0,15,0,,,,
2926,0.07,0,0,0,,,,
2929,38,0,0,0,,,,
2938,5,0,0,0,,,,
2939,4,0,0,0,,,,
2945,0,0,0,0,,,,
2947,5,0,0,0,,,,
3002,-102.991,0,0,0,,,,
3003,42.367,0,-0.044,0,,,,
3004,-128.5,0,-4,-0.137,,,,
3005,-163.259,38,19.238,5.473,,,,
3006,-1863.717,0,88.644,34.546,,,,
3008,-318.236,116.966,3.141,6.268,,,,
3010,533.031,-1,7,-17.668,,,,
3011,100.113,0,0,0,,,,
3013,-434.928,0,-0.4,-10.037,,,,
3014,-273.087,153,0,10.174,,,,
3015,65.998,-51,0,0,,,,
3016,521.743,0,27,-58.096,,,,
3017,724.397,246.883,-15.795,-16.507,,,,
3018,4,0,0,0,,,,
3019,1163.171,0,233.386,31.083,,,,
3021,-147,0,0,0,,,,
3022,104.051,0,-5,0.1,,,,
3023,702.887,-9,5.983,18.192,,,,
3024,-281,0,0,0,,,,
3025,93,0,0,0,,,,
3026,-140.003,-1036,39,5.976,,,,
3027,71,0,1,0,,,,
3028,-33.612,0,-17.06,-8,,,,
3029,38.341,-1,22.52,8,,,,
3030,-509.094,0,6.811,-15.641,,,,
3031,627.503,0,2,0,,,,
3032,153.7,0,0,0,,,,
3033,-26.776,-5,-2,-3.928,,,,
3034,878.954,163,0.191,31.681,,,,
3035,1834.927,0,45,-57.294,,,,
3036,-774.74,24,-42,64.845,,,,
3037,3690.708,-1274.484,-115.998,-72.476,,,,
3038,-8,0,0,0,,,,
3040,-41,0,0,0,,,,
3041,-143.689,0,0.397,0,,,,
3042,-1471.319,149,94.244,-1209.476,,,,
3043,44,0,-1,0,,,,
3044,603.508,62,6.07,97.019,,,,
3045,-1292.546,-36.518,-8.193,64.12,,,,
3046,-18.078,0,6.341,0,,,,
3047,-145,0,0,0,,,,
3048,249.32,0,6,156,,,,
3049,-777.929,0,-1,-32.497,,,,
3050,-57.7,0,0,0,,,,
3051,-187,0,1,0,,,,
3052,6,0,0,0,,,,
3054,43,0,0,0,,,,
3055,174.26,0,2,21,,,,
3056,-155,0,0,0,,,,
3057,-33,0,0,0,,,,
3058,75,0,0,0,,,,
3059,67,0,2,-24.564,,,,
3060,260.237,0,1,-0.592,,,,
3062,189.005,0,0,27.181,,,,
3066,-123.14,0,4,0,,,,
3071,-51,0,0,-0.764,,,,
3073,-8,0,0,0,,,,
3078,276.424,0,-3,-0.012,,,,
3081,-846.718,676.1,59.433,-55.876,,,,
3083,-1,0,0,0,,,,
3086,-1,0,0,-3.285,,,,
3088,224.559,0,0,11.806,,,,
3090,-586.958,0,13,-37.836,,,,
3092,-9.902,0,0,-0.509,,,,
3093,50.995,0,0,-0.974,,,,
3094,-2313.261,0,21,0,,,,
3095,1,0,0,0.043,,,,
3105,9741.607,255,1256.554,-443.936,,,,
3114,14,0,0,20.121,,,,
3118,0,0,0,-0.001,,,,
3122,0,0,0,0.002,,,,
3128,-6,0,0,0,,,,
3130,-18.015,0,0,0,,,,
3131,181.315,6,4,24.404,,,,
3135,-66.661,0,0,-0.109,,,,
3138,58.149,0,0,0.94,,,,
3141,-334.818,0,-44,42.2,,,,
3147,-257.217,0,0,19.426,,,,
3149,506.013,0,1,-0.079,,,,
3150,15,0,0,5.245,,,,
3152,22.424,0,0,1.789,,,,
3162,-364.235,0,1,-21.216,,,,
3163,-742.742,0,-16,32.153,,,,
3164,4,0,0,0,,,,
3167,125.029,0,7.263,3,,,,
3168,9,0,0,0,,,,
3169,37.439,0,0,0,,,,
3171,3,0,0,-1,,,,
3176,155.001,0,0,0,,,,
3178,-37.88,0,0,0.624,,,,
3188,-47,0,0,0,,,,
3189,838.354,1150,3.9,-106.645,,,,
3191,0,0,1,0,,,,
3205,2,0,0,-0.348,,,,
3206,16,0,0,4.212,,,,
3207,54,0,0,0.008,,,,
3209,-317,0,-11.001,-3.878,,,,
3211,-167.131,-34,16.5,39.928,,,,
3213,109,0,2.999,0.515,,,,
3217,-10.8,0,0,-4.967,,,,
3218,-122,-1,0,-0.33,,,,
3219,103,0,7,1.982,,,,
3221,886.402,0,2,-6.81,,,,
3224,-2,0,0,0,,,,
3226,2,0,0,0,,,,
3227,-54.598,-10,-6,-0.114,,,,
3228,11.622,0,1,-9.719,,,,
3229,-83.749,0,0,0,,,,
3230,-104,0,0,0,,,,
3231,24878.27,-181.107,-36,417.749,,,,
3232,0,0,0,0,,,,
3234,-1232.812,0,95,-0.408,,,,
3236,-2040.677,0,0,58.523,,,,
3252,0,0,0,0,,,,
3257,26.735,0,0,0,,,,
3259,-4,0,0,0,,,,
3260,-1043.941,-14,35,36.064,,,,
3264,-3715.27,-4703,-169.671,-13.883,,,,
3265,-145.073,0,16,-48.557,,,,
3266,2,0,0,0,,,,
3268,121,0,0,0,,,,
3272,3,0,0,0,,,,
3276,-3,0,0,0,,,,
3284,81,0,0,0.734,,,,
3285,-4,0,0,0.582,,,,
3287,-179.151,0,0,0,,,,
3288,0,0,0,0.005,,,,
3289,-17.663,0,0,6.727,,,,
3290,-108.821,0,2,-3.101,,,,
3293,489.669,-20,-3.062,3.285,,,,
3294,-150.265,0,0,-0.709,,,,
3296,-3,0,24,0,,,,
3297,-20,0,0,0.598,,,,
3303,25,0,0,0,,,,
3305,222.022,0,4,0.33,,,,
3306,5,0,0,0,,,,
3308,1,0,0,0,,,,
3311,1341.453,0,-14.377,0,,,,
3312,153,0,0,-0.001,,,,
3313,2,0,0,0,,,,
3317,-58.52,0,0,84.167,,,,
3321,12.999,0,0,0,,,,
3322,-45,0,0,0.108,,,,
3323,-236.124,0,0,-0.636,,,,
3324,-585.96,0,45.906,95.057,,,,
3325,-6,0,0,0.002,,,,
3332,-3,0,-1,0.013,,,,
3338,215.017,0,7,0,,,,
3339,-282.574,0,0,-0.771,,,,
3346,-42.995,0,-7.332,0,,,,
3349,-12,0,0,0,,,,
3354,247.6,0,-4,0.643,,,,
3356,38.609,0,0,0,,,,
3357,387.14,0,0,40.245,,,,
3360,-77.8,0,0,0.05,,,,
3362,-27.231,0,-6,20.958,,,,
3363,-398.517,0,-7,-0.723,,,,
3372,-232.003,0,1,0,,,,
3373,-9,0,0,0,,,,
3374,201.241,0,398.119,286.516,,,,
3376,-138.634,-117,-26,-2.259,,,,
3379,-7,0,0,0.054,,,,
3380,-20,0,-50,-10.113,,,,
3388,44,0,0,0.433,,,,
3390,-51,0,0,0,,,,
3402,328.274,0,15,0.047,,,,
3406,-222.862,91,-104.659,84.487,,,,
3413,179.767,0,0,5.852,,,,
3416,103.12,0,-3,-12.999,,,,
3419,-49,0,0,0,,,,
3430,22.268,0,0,-0.09,,,,
3432,5,0,0,0,,,,
3434,-21.933,0,0,-0.139,,,,
3437,-164.304,0,0,0,,,,
3438,-7.909,0,0,-0.057,,,,
3441,-386.334,0,5,-0.208,,,,
3443,31.122,-12.329,8.645,14.13,,,,
3444,-55.004,0,0,-10.089,,,,
3447,2,0,-2,0,,,,
3450,-438.285,463,-54,-58.233,,,,
3455,-430.174,109,-51,-10.022,,,,
3465,3,0,0,0,,,,
3466,35,0,0,-0.909,,,,
3467,-106.13,0,-1,0,,,,
3479,173.781,0,0,-3.408,,,,
3481,-4951.561,0,-359.009,-860.723,,,,
3483,-65.629,0,0,-1.378,,,,
3484,90.175,0,-2,0.4,,,,
3485,22.369,0,0,-1.182,,,,
3489,-20,0,0,-0.815,,,,
3490,-2451.615,0,0,0.574,,,,
3491,513.446,117,-23.837,15.169,,,,
3492,1,0,0,0,,,,
3494,1,0,0,0,,,,
3498,646.092,0,29,112.183,,,,
3499,17,0,0,0,,,,
3501,23,0,0,0,,,,
3504,775.577,0,0,-19.657,,,,
3508,-64.027,0,0,0,,,,
3511,86,0,0,0.428,,,,
3512,-1,0,0,0,,,,
3515,133.744,0,0,43.809,,,,
3516,1,0,-1,-0.799,,,,
3518,391.844,0,153.278,0,,,,
3520,-159.999,0,0,0,,,,
3521,10,0,0,0,,,,
3522,-9,0,0,0,,,,
3523,3,0,0,0,,,,
3526,-37.137,-1,-1,2.15,,,,
3527,-4,0,0,0,,,,
3528,-92.737,0,0,0,,,,
3529,103.506,-174,36.56,-0.287,,,,
3530,-87,0,0,0,,,,
3532,-361.25,-76,-50,-47.852,,,,
3533,-335.493,433,-19,-1.011,,,,
3535,-124.942,0,0,-2.937,,,,
3537,-23.95,0,0,-2.369,,,,
3540,-26.92,0,0,0,,,,
3541,-9,0,0,0,,,,
3543,1003.837,0,0,0,,,,
3545,-197.976,0,0,-0.169,,,,
3546,-19.374,0,0,0,,,,
3548,-78.909,0,0,-1.365,,,,
3550,-30.563,0,0.333,0,,,,
3551,-118.518,0,0,-0.233,,,,
3552,-18,0,-2,-3,,,,
3555,-0.687,0,0,0,,,,
3556,15.577,0,0,0,,,,
3557,-33,0,1,0,,,,
3558,45.037,0,6,-2.527,,,,
3563,221.2,0,28.04,2.442,,,,
3564,38,0,-50,5.015,,,,
3567,-8,0,0,0.472,,,,
3570,1.958,0,0,0,,,,
3576,-5795.517,0,-3,0,,,,
3577,-27.426,0,0,-1.423,,,,
3580,246.927,0,-3,-2.605,,,,
3581,37.303,0,0,-1.654,,,,
3583,401.803,0,0,19.154,,,,
3587,-45.488,0,0,33.251,,,,
3588,-71.05,0,1,-0.143,,,,
3591,400.741,0,-4,-35,,,,
3592,24.704,74,-2,4.1,,,,
3593,-1,0,0,0,,,,
3594,-169,0,0,-20.965,,,,
3596,-12.99,0,9.726,13.887,,,,
3597,48.6,0,0,0,,,,
3605,969.851,-258,-1,-7.412,,,,
3607,-4,0,0,0,,,,
3609,28,0,0,0,,,,
3611,7,0,0,-0.062,,,,
3615,-15.106,0,0,-0.473,,,,
3617,33.237,0,2,-4.52,,,,
3622,80.37,0,-53,0.109,,,,
3623,-9.993,0,0,0,,,,
3624,658.216,-400,-25,80.82,,,,
3625,-51.001,0,0,0,,,,
3628,1,0,0,-0.119,,,,
3630,137.438,0,0,-4.371,,,,
3631,-16,0,0,0,,,,
3645,384.279,0,-1,60.669,,,,
3652,89,0,0,0,,,,
3653,-99.383,18.468,-6.085,5.799,,,,
3661,314.372,270,-8.6,28.913,,,,
3663,208.222,0,0,-0.08,,,,
3665,2229.745,-1759.066,40.4,-14.085,,,,
3666,-1,0,0,0.504,,,,
3669,-39,0,0,0,,,,
3672,0,0,-1,0,,,,
3673,-5351.754,0,-456.1,-526.812,,,,
3675,-529.04,0,30,-26.756,,,,
3679,-11,0,0,0,,,,
3680,602.668,0,-2.156,59.045,,,,
3684,-1,0,0,-0.763,,,,
3685,198,0,0,0,,,,
3686,-44,0,1,0,,,,
3687,-4,0,0,0.228,,,,
3689,93.705,0,0,-1.102,,,,
3691,-304.137,0,-223.002,-0.82,,,,
3693,97.641,0,5,43.931,,,,
3694,-98,0,0,0,,,,
3701,320.474,0,164.745,40.989,,,,
3702,1137.108,-10,55,-64.876,,,,
3703,-486,0,0,0,,,,
3704,-359.61,0,0,-0.294,,,,
3705,-18.96,0,0,0,,,,
3706,-374.43,-143,50,19.869,,,,
3707,4981.322,0,-49,-126.213,,,,
3708,-242,-5,0,-1.631,,,,
3709,-80,0,0,-4.191,,,,
3710,21,0,0,0,,,,
3711,3081.011,-879.217,118.692,56.312,,,,
3712,-257,0,0,0,,,,
3713,-1,0,0,0,,,,
3714,-6501.026,0,-211,-0.249,,,,
3715,-1444.482,0,-9,-30.975,,,,
3716,-197,0,0,0,,,,
3717,2645.194,0,-73,0,,,,
3718,51.491,0,-4,0.001,,,,
4102,1,0,0,-0.557,,,,
4104,-18.929,0,1.368,0,,,,
4105,-172.488,0,28,0,,,,
4106,-14,0,-0.966,0,,,,
4107,-7,0,0,-0.362,,,,
4108,-12,0,0,0,,,,
4109,-9,0,0,-0.03,,,,
4111,1,0,0,0,,,,
4113,-146.665,0,0,0,,,,
4114,-582,0,0,0,,,,
4116,-6,0,0,0,,,,
4119,-33.97,0,0,-0.364,,,,
4120,-8,0,0,-0.884,,,,
4121,-6,0,0,0,,,,
4123,-92.099,0,-97.001,-6.887,,,,
4126,-13,0,0,0,,,,
4127,14,0,0,-2.752,,,,
4128,-292.316,0,26,0,,,,
4129,-29,0,0,0,,,,
4131,-1,0,0,0.001,,,,
4133,9,0,0,0,,,,
4137,3,0,-1.184,0,,,,
4138,-7,0,0,0,,,,
4139,9,0,0,0,,,,
4142,42.865,0,0.093,0.333,,,,
4147,-366.514,0,0.064,-1.573,,,,
4148,10,0,2,0,,,,
4153,0,0,0,-0.932,,,,
4155,-24,0,4,0,,,,
4157,-571,0,0,0,,,,
4160,-1,0,0,0,,,,
4161,0,0,0,0,,,,
4162,-58.848,0,-2,0.091,,,,
4163,-4,0,1,0.192,,,,
4164,-51.227,0,-10.099,0,,,,
4166,-14,0,0,0,,,,
4167,-167.337,0,0,-10.254,,,,
4168,-20,0,0,0,,,,
4169,7.003,0,0,0,,,,
4171,-22,0,0,0,,,,
4173,-2,0,0,-0.078,,,,
4174,-172,0,15,0,,,,
4175,5,0,0,0,,,,
4178,-23,0,-1,0,,,,
4188,-6,0,0,0,,,,
4190,-1,0,0,0,,,,
4195,-19,0,-1,0.744,,,,
4198,0,0,0,-0.964,,,,
4205,-19,0,0,0,,,,
4207,-4,0,0,0,,,,
4303,-351.9,0,0,-27.246,,,,
4304,1,0,0,0,,,,
4306,-537.113,0,-6,0,,,,
4401,-7,0,0,0,,,,
4402,1,0,0,-0.991,,,,
4406,-1,0,0,0,,,,
4413,-1,0,0,0,,,,
4414,68,0,0,0,,,,
4416,-78,0,0,0,,,,
4417,-8,0,0,0,,,,
4420,18,0,0,0,,,,
4426,7,0,0,0,,,,
4430,6,0,0,0,,,,
4432,-6,0,0,0,,,,
4433,0,0,0,0,,,,
4438,-18,0,0,0,,,,
4439,0,0,0,0,,,,
4440,16,0,-7,0,,,,
4441,1.08,0,0,0,,,,
4442,-3,0,0,-0.831,,,,
4502,1,0,0,0.727,,,,
4503,44,0,0,-0.283,,,,
4506,10.25,0,0,0,,,,
4510,-181.975,0,0,-3.207,,,,
4513,2,0,2,-0.67,,,,
4523,0,0,0,0,,,,
4526,299.892,0,0,-60.569,,,,
4528,-4,0,0,0,,,,
4529,-15,0,0,0,,,,
4530,-1,0,0,0,,,,
4532,-93.539,-1,0.5,0,,,,
4533,16.061,0,0,-16,,,,
4534,363.92,0,0,0,,,,
4535,0,0,0,0,,,,
4536,-29.263,0,-0.343,0,,,,
4538,-1,0,0,-0.703,,,,
4540,284.49,0,2,0,,,,
4541,10.65,0,-1,1.983,,,,
4542,6.975,0,-2,-3,,,,
4543,-24,0,0,0,,,,
4545,-41,0,16,0,,,,
4549,30.98,0,0,1.079,,,,
4551,-2105.433,223,-0.23,-38.035,,,,
4552,-3,0,0,0,,,,
4554,-4,0,0,0,,,,
4555,-87.761,0,0,0,,,,
4556,-90.618,0,0,1.79,,,,
4557,9,0,0,0,,,,
4558,0,0,0,0,,,,
4560,0,0,0,0,,,,
4561,-51,0,0,0,,,,
4562,19,0,0,0,,,,
4563,53,0,0,0,,,,
4564,-187,0,0,0,,,,
4566,-285.477,0,16,0.399,,,,
4568,2,0,0,0,,,,
4569,1,0,-0.05,0,,,,
4571,-32,0,0,0,,,,
4572,1,0,0,0,,,,
4576,282.084,0,-4,2.852,,,,
4577,32.07,0,5,0.71,,,,
4580,-7.985,0,0,0,,,,
4581,2,0,0,0,,,,
4582,3,0,1,-0.101,,,,
4583,22.201,0,0,0.18,,,,
4585,-8.703,0,0,-1.245,,,,
4588,3,0,0,0,,,,
4590,-10,0,0,1.966,,,,
4702,-5,0,0,0,,,,
4706,4,0,0,0,,,,
4707,-67.062,0,0,53.861,,,,
4711,15,0,0,0.01,,,,
4714,-1091.768,0,0,0,,,,
4716,-244.949,0,0,0,,,,
4720,337.06,0,0,-2.696,,,,
4721,159.285,0,0,8,,,,
4722,83.17,0,-22.693,62.521,,,,
4726,-25,0,0,0,,,,
4728,-5,0,0,0,,,,
4729,-7,0,0,-0.53,,,,
4735,-8,0,0,0.014,,,,
4736,-12,0,1,0,,,,
4737,7,0,0,0,,,,
4739,-254.355,0,0,-32.806,,,,
4741,-10,0,0,0,,,,
4743,-205.92,0,42,0,,,,
4744,-2,0,0,0,,,,
4745,-7,0,0,0,,,,
4746,-45.3,-169,0,0,,,,
4747,-3,0,0,0,,,,
4749,-251.625,0,1,14.739,,,,
4754,0,0,0,0,,,,
4755,-57.866,0,0,-2,,,,
4760,-5.1,0,-12,16.034,,,,
4763,-465.789,58,44,-38.984,,,,
4764,-938.848,0,-21.265,-22.792,,,,
4766,-34.768,0,-2,-5.063,,,,
4767,-1,0,0,-0.006,,,,
4768,-63.515,0,0,-24.67,,,,
4770,8.133,0,0,-19.023,,,,
4771,-50.249,0,0,-0.612,,,,
4772,-446.532,0,-4,-3.644,,,,
4806,-0.349,0,0,0,,,,
4807,-22.95,0,0,0,,,,
4903,-64.198,0,0,0,,,,
4904,597.962,-1152.651,49.99,91.286,,,,
4905,6,0,0,0.759,,,,
4906,-1593.295,0,20,-155.923,,,,
4907,-3,0,0,0,,,,
4908,-864.479,0,22,24.792,,,,
4909,17.141,0,0,-0.1,,,,
4911,0,0,0,0,,,,
4912,213.836,0,0,0,,,,
4915,-256.41,-1,-0.847,4.251,,,,
4916,795.126,0,0,-3.362,,,,
4919,-2285.279,-3,-874.554,-588.942,,,,
4923,-235,0,0,0,,,,
4924,-59.986,0,0,0,,,,
4927,1332.137,0,66.788,0,,,,
4930,1,0,0,0,,,,
4931,-233.511,0,-5,-35.278,,,,
4933,3,0,0,0,,,,
4934,232.017,0,0,0,,,,
4935,29,0,0,0,,,,
4938,-876.685,97,11.102,49.475,,,,
4939,-607.585,0,0,-22.971,,,,
4942,-184,0,0,0,,,,
4946,-2,0,0,0,,,,
4949,274.132,0,3.009,0,,,,
4951,-51.979,0,0,-0.92,,,,
4952,62.478,0,-3,0,,,,
4953,-72.975,0,0,-1.563,,,,
4956,-52.106,0,-1,-0.257,,,,
4958,6264.346,1322.71,96,-354.322,,,,
4960,-1776.253,0,0,-4.416,,,,
4961,210.012,109,0,-3.523,,,,
4966,-0.784,27,0,3.222,,,,
4967,-864.623,-1,0,-17.549,,,,
4968,-154.222,0,0,-2.525,,,,
4971,-143.63,0,-2,-40.132,,,,
4972,0,0,0,0,,,,
4973,-110.85,0,-3,-4.546,,,,
4974,-24,0,0,-0.006,,,,
4976,865.17,0,0,0,,,,
4977,171.809,0,-27,-17.306,,,,
4979,88.932,-213,13.5,6.913,,,,
4989,2767.706,0,79.137,34.991,,,,
4991,-1556.041,235,40,-133.58,,,,
4994,-4.6,0,0,0,,,,
4995,-13,0,0,1,,,,
4999,-19,0,0,0,,,,
5007,8,0,0,0,,,,
5009,-613,0,4,-14.201,,,,
5011,-35,0,0,4.187,,,,
5013,0,0,2.169,0,,,,
5014,21,0,0,0,,,,
5015,0,0,0,0,,,,
5016,0,0,0,0,,,,
5201,-1,0,0,0,,,,
5202,-84.466,0,0,0.042,,,,
5203,-26.818,0,1,0,,,,
5206,5.296,0,0,0,,,,
5209,-10.419,0,0,0.072,,,,
5210,-49.196,0,0,0,,,,
5211,-4,0,0,0,,,,
5213,-8.1,0,0,0,,,,
5215,-3,0,0,0,,,,
5220,3,0,4,0,,,,
5222,34.796,0,0,0,,,,
5223,-2,0,0,0,,,,
5225,14,0,0,0,,,,
5227,-407.466,0,0,-0.517,,,,
5228,-190,0,0,-0.063,,,,
5230,21.202,0,0,0,,,,
5234,-173.697,-2,2,3.397,,,,
5236,-39,0,0,-2.555,,,,
5243,319.174,0,0,112.237,,,,
5244,41,0,0,0,,,,
5245,5,0,-32,0.003,,,,
5251,-11.773,0,0,0,,,,
5258,32.06,0,-0.757,0,,,,
5263,6,0,0,0.977,,,,
5269,99.594,23,-7.7,-0.081,,,,
5272,-8,0,0,0.003,,,,
5274,11.878,0.9,0.12,4.812,,,,
5278,7,0,0,-0.314,,,,
5283,-25.64,0,0,0,,,,
5284,63.093,0,0,-1.646,,,,
5285,720.83,0,0,65.865,,,,
5287,-29.094,0,0,0,,,,
5288,-39.419,0,0,-0.698,,,,
5289,-10.37,-35.87,-0.119,-6.988,,,,
5291,195.173,0,0,-0.575,,,,
5292,107.252,0,0.07,-2.582,,,,
5299,78.273,0,0,-0.688,,,,
5302,-105,0,0,0,,,,
5306,-12,-0.5,0,0,,,,
5309,1254.97,-9,-54,303.649,,,,
5310,-1,0,-2,0,,,,
5312,1,0,0,0,,,,
5314,-2237.357,-19,-6,-181.984,,,,
5315,-4,0,0,-0.71,,,,
5321,-57.973,0,0,0,,,,
5324,-5,0,0,0,,,,
5328,-23.762,0,0,-107.863,,,,
5340,-237.292,0,0,14.72,,,,
5344,-4,0,0,0,,,,
5345,-4,0,-1,-0.464,,,,
5347,-2851.652,344,64,-108.678,,,,
5351,-4427.764,0,2,-99.223,,,,
5353,9.786,0,0,0,,,,
5355,-14,0,0,0,,,,
5356,2,0,0,-0.43,,,,
5364,-3,0,0,0,,,,
5381,-108,0,0,0,,,,
5386,-69.603,0,0,-0.508,,,,
5388,-22.184,0,-298,5.477,,,,
5392,-346.954,0,0,-13.813,,,,
5398,-4,0,0,0,,,,
5403,-16,0,0,0,,,,
5410,-62.13,0,0,-0.1,,,,
5425,989.479,0,-14.599,48.152,,,,
5426,35.36,0,0,-3.419,,,,
5432,-30,0,-4,1.738,,,,
5434,299.269,-22,-2.494,25.549,,,,
5438,-7,0,0,0,,,,
5439,415.465,0,0,35.095,,,,
5443,746.23,0,3,-4.98,,,,
5450,-1,0,0,0.004,,,,
5452,-543.042,0,0,109.424,,,,
5455,-2,0,0,0,,,,
5457,-137.68,0,18,-0.491,,,,
5460,36,0,0,0,,,,
5464,521.04,0,-4,6.4,,,,
5465,-47.51,0,0,0,,,,
5468,-43,0,0,0.071,,,,
5469,-299.831,0,4.809,4.475,,,,
5471,-82.472,0,0,2.031,,,,
5474,31,0,-2,-2.85,,,,
5475,2.173,0,-10,-0.935,,,,
5478,-13,0,0,-0.01,,,,
5481,-34,0,0,0,,,,
5483,-4911.247,202,-385.8,-572.914,,,,
5484,-43,0,0,0,,,,
5487,14,0,0,0.001,,,,
5488,-151,0,0,0,,,,
5489,2,0,0,0.01,,,,
5490,-277.39,0,0,0,,,,
5493,18,0,11,-0.12,,,,
5498,-1673.372,0,0,-9.97,,,,
5508,-131,0,0,-0.795,,,,
5511,-32.9,0,0,0,,,,
5512,-667.795,0,0,-1.771,,,,
5515,21.01,0,-2.01,0,,,,
5516,0,0,0,0.457,,,,
5519,-37,0,0,0,,,,
5521,-210.553,0,0,0,,,,
5522,-336,0,-3,0,,,,
5523,-12,0,0,0,,,,
5525,-10,0,0,0,,,,
5529,-12,0,0,0,,,,
5530,-110.95,0,0,0.249,,,,
5531,-562.885,0,0,0,,,,
5533,-56,0,0,0,,,,
5534,-1386,-267.5,14.823,-16.816,,,,
5536,281.028,3,21.5,19.462,,,,
5538,19,0,-3,0,,,,
5543,-1,0,0,0,,,,
5546,1,0,0,0,,,,
5547,-1,0,0,0,,,,
5548,-1,0,0,-0.178,,,,
5603,-7,0,0,0,,,,
5604,1,0,0,0,,,,
5607,-113.477,0,25,0,,,,
5608,-579,0,29,0,,,,
5609,-109.176,0,0,0.173,,,,
5701,3,0,0,0,,,,
5704,1,0,0,0,,,,
5706,29,0,0.85,0,,,,
5864,-152.403,0,0,0,,,,
5871,-486.935,-119,20,2,,,,
5876,1125.664,-428,-4.213,114.03,,,,
5880,-2087.82,-44.935,-6.05,-18.163,,,,
5902,2,0,0,0,,,,
5903,3,0,0,0,,,,
5904,612.677,88,0,-8.173,,,,
5905,-82,0,0,0.737,,,,
5906,4,0,0,0,,,,
5907,-11,0,0,0,,,,
6005,4837.159,-1,0,0,,,,
6015,458.828,0,0,0,,,,
6016,1745.513,0,0,0,,,,
6021,-14.86,0,0,0,,,,
6023,-382.315,0,0,0,,,,
6024,-96,0,0,0,,,,
6026,151,0,0,0,,,,
6028,2,0,0,0,,,,
6101,-28.985,0,0,-1,,,,
6103,1,0,0,0,,,,
6104,-179,0,0,-6.138,,,,
6108,-113.999,0,-3,0,,,,
6109,-11,0,0,0,,,,
6111,-36,0,0,-0.609,,,,
6112,-701.9,0,-3,-29.988,,,,
6113,-39,0,0,0,,,,
6114,0,0,0,0,,,,
6115,19,0,0,0,,,,
6116,-27574.299,0,-692,-1829.619,,,,
6117,0.093,0,-29.995,0,,,,
6118,-14,0,0,0,,,,
6120,-3508.033,0,0,-10.994,,,,
6121,64.209,-16,-2,0.686,,,,
6122,-134.993,0,0,-17.151,,,,
6123,7,0,0,0,,,,
6124,2,0,0,0,,,,
6125,2.32,0,0,-0.171,,,,
6126,-138.01,0,0,58.026,,,,
6127,-1055.347,0,5,-28.301,,,,
6128,-8,0,0,0,,,,
6129,-319.24,0,0,0,,,,
6130,-43,0,0,0,,,,
6133,-169.427,0,0,0,,,,
6134,220,0,0,-14.106,,,,
6136,-146.056,0,0,0,,,,
6138,8.043,-1,2.01,12.492,,,,
6139,-714.016,93,20.297,12.271,,,,
6140,-5.393,0,0,-0.808,,,,
6141,704.016,0,80,0,,,,
6142,0,0,2,0,,,,
6143,58,-120,0,0,,,,
6144,-1,0,0,0,,,,
6146,-71,0,2,-1.302,,,,
6147,-7671.593,372,-334,-265.097,,,,
6148,-49.387,0,0,0,,,,
6150,-46.227,0,0,-13.853,,,,
6151,-27,0,0,0,,,,
6152,10.819,0,15.605,0,,,,
6153,941.8,0,-56.835,0,,,,
6154,0,0,0,0,,,,
6155,89.106,0,0,-8.357,,,,
6156,-86.95,0,0,0.645,,,,
6158,19,0,0,0,,,,
6160,0,0,0,0.466,,,,
6161,2,0,0,-0.451,,,,
6163,-1299.91,0,0,-16.992,,,,
6164,575.704,0,11.79,0,,,,
6165,-83.44,0,0,0,,,,
6166,194.538,0,-2,4.036,,,,
6167,0,0,0,0,,,,
6168,-2741.972,0,11,0.23,,,,
6170,-53.662,0,0,-1.03,,,,
6171,-4,0,0,0,,,,
6173,-366.348,0,-3.982,-38.459,,,,
6174,110,0,14,7.368,,,,
6175,-723.207,0,0,-29.925,,,,
6176,182.461,-1,-4,1.378,,,,
6177,-735,0,-2,-1.048,,,,
6179,-136.015,0,0,-0.156,,,,
6180,54.44,0,0,0,,,,
6182,-15356.866,-59,-1953,-490.754,,,,
6183,2,0,0,0,,,,
6184,-3,0,0,0,,,,
6185,-54,0,0,0,,,,
6186,-173,0,0,0,,,,
6187,488.861,-16,3.212,57.513,,,,
6188,-442.574,0,1.305,0,,,,
6189,136.158,-1,0,0.14,,,,
6190,2417.526,0,-4,95.702,,,,
6191,276.534,0,0,23.877,,,,
6192,-16.995,0,0,0,,,,
6194,2,0,0,0,,,,
6195,-1,0,0,0,,,,
6196,178.542,-34,1,88.186,,,,
6197,63.45,0,-46.99,8.225,,,,
6199,-211.225,0,0,-64.68,,,,
6201,9,0,1,0,,,,
6202,-583.414,0,-1,-21.944,,,,
6203,-3,0,0,0,,,,
6204,-240.705,0,-1,0.269,,,,
6205,-26,0,-2,0.336,,,,
6206,58.804,-3,0,3.848,,,,
6207,1214.429,0,16,7.921,,,,
6208,42.646,0,6,1.379,,,,
6209,2936.204,0,-40.156,315.008,,,,
6210,3,0,0,0,,,,
6213,141.441,52,-52.335,-7.308,,,,
6214,115.804,10,0,-4,,,,
6215,20.927,0,0,1,,,,
6216,4,0,1,0,,,,
6217,238.954,0,0,-1.815,,,,
6218,-213.7,0,0,0,,,,
6219,4.65,0,0,0,,,,
6220,61.201,0,0,-7.89,,,,
6221,84,0,-19,-0.244,,,,
6222,-1,0,0,0,,,,
6223,189.061,-7.7,6.89,-10.918,,,,
6224,-62.08,0,-4,0,,,,
6225,63.5,0,0,0,,,,
6226,-3128.63,0,-79,0,,,,
6227,396.002,0,0,172.903,,,,
6228,-2,0,0,0,,,,
6229,-4,0,0,0,,,,
6230,8,0,0.023,0,,,,
6231,-80.8,0,0,-6.883,,,,
6233,19,0,0,0,,,,
6234,-129.208,0,0,-13.409,,,,
6235,-172.699,0,0,-2.43,,,,
6237,19,0,0,0.302,,,,
6239,-10753.842,150,-43.464,-391.073,,,,
6240,-3,0,0,0,,,,
6241,-23,0,0,0,,,,
6243,-45.978,0,0,0,,,,
6244,-1136.899,0,0,-9.374,,,,
6245,326.878,0,0,0.697,,,,
6246,0,0,0,0.001,,,,
6248,12,0,0,0.133,,,,
6257,-1556.139,432,120.131,-126.947,,,,
6259,85.843,0,1,0,,,,
6261,-180.102,0,1,-5.342,,,,
6263,-10,0,0,-0.437,,,,
6264,0,0,0,0.034,,,,
6265,-635.999,0,0,-12.51,,,,
6266,-359,0,0,1.844,,,,
6269,-9.507,0,-0.716,-26.333,,,,
6270,-31.207,0,0,-0.646,,,,
6271,831.061,0,34,-1.886,,,,
6272,-31.95,0,0,0,,,,
6274,-440.974,496,37.386,209.209,,,,
6275,20.05,0,0,0.003,,,,
6276,1,0,0,0,,,,
6277,27.096,0,0,0,,,,
6278,836.163,-262,69,42.581,,,,
6279,91.947,-1,0,1.154,,,,
6281,0,0,0,0,,,,
6282,-762.726,-19,-58,15.932,,,,
6283,-16,0,0,0,,,,
6284,-1058,0,0,-8.052,,,,
6285,12.95,4,69.05,465.554,,,,
6290,311.448,0,11,33.376,,,,
6291,-34.3,0,-18.95,0.249,,,,
6292,-179.994,0,0,0,,,,
6294,9,0,0,0,,,,
6405,-279.665,0,0,0.719,,,,
6409,61.38,-5,0,3.742,,,,
6411,-15.924,0,3,-2.142,,,,
6412,-16.596,0,-2,-0.415,,,,
6414,304.914,3,9,45.074,,,,
6415,234.368,-37,10.03,49.908,,,,
6416,274.001,0,-3,0,,,,
6417,-30.995,0,0,-0.234,,,,
6418,-25,0,0,-0.809,,,,
6419,166.88,0,1,1.621,,,,
6423,19,0,0,0,,,,
6425,44.23,0,0,-3.749,,,,
6426,-348.07,0,-16,17.294,,,,
6431,-6,0,1,0,,,,
6432,-8.881,0,0,0,,,,
6435,-563.174,0,0,-26.996,,,,
6438,-13.549,0,0,-7,,,,
6441,-28.092,0,0,0,,,,
6442,-175.293,0,-22.563,8.323,,,,
6443,-689.072,0,-0.958,0,,,,
6446,468.445,-1.116,41.517,0,,,,
6449,155.458,0,0,-0.964,,,,
6451,312.919,0,0.54,27.063,,,,
6456,-2506.254,0,-50,-163.474,,,,
6461,44,0,0,0,,,,
6462,-73.71,0,0,4.576,,,,
6464,2,0,0,0,,,,
6465,-23,0,0,-0.408,,,,
6469,-207,0,0.875,-2.208,,,,
6470,15,0,0,0,,,,
6472,74.958,0,-5.178,-18.773,,,,
6474,3,0,0,0,,,,
6477,-70.29,0,0,0,,,,
6485,-32.844,0,0,9.907,,,,
6486,5.731,0,0,-0.855,,,,
6488,444.353,248.2,-202.807,-326.95,,,,
6491,197,0,0.05,-7.185,,,,
6492,-94,0,0,0,,,,
6494,-18.91,0,0,0,,,,
6496,-2,0,0,0,,,,
6498,-0.689,0,0,0.13,,,,
6499,-41,0,0,0,,,,
6504,1,0,0,0,,,,
6505,-3365.787,651.579,-298.378,-233.803,,,,
6506,-10,0,0,0,,,,
6508,-9,0,0,0,,,,
6509,44.744,-14,-3,-6.965,,,,
6510,-19.513,-56,9,0.324,,,,
6515,11.589,-7,2.702,-1.816,,,,
6516,0,0,0,0,,,,
6517,174.064,0,0,0,,,,
6523,0,0,0,0,,,,
6525,-5.882,-2,0.1,18.425,,,,
6526,86.945,15,-80.95,12.469,,,,
6527,-3,0,0,0.35,,,,
6530,-6.252,0,1.15,0.237,,,,
6531,-234.137,158,-14,19.483,,,,
6532,-88.653,0,-2,-7.958,,,,
6533,-37.478,0,-14.796,-4.354,,,,
6534,-14,0,-2,-0.122,,,,
6535,-179.2,0,0,0.133,,,,
6538,-54.551,0,11.1,38.619,,,,
6541,212,0,0,0,,,,
6546,19.096,0,0,-4.013,,,,
6547,329.651,0,-23,11,,,,
6548,-3310.382,470,-8,15.141,,,,
6550,413.285,0,-3,0,,,,
6552,28,0,0,0,,,,
6556,1,0,-1,0,,,,
6558,6.092,0,0,0,,,,
6560,-1,0,0,0,,,,
6561,-27,0,7,-0.028,,,,
6568,-30.79,0,0,-0.766,,,,
6569,-4,0,0,3.049,,,,
6570,-3,0,0,0.015,,,,
6573,5,0,0,0,,,,
6574,24,0,0,0.094,,,,
6576,-80,0,0,0,,,,
6577,-1,0,0,0,,,,
6578,2,0,0,0.323,,,,
6579,57.828,0,0,10.379,,,,
6581,0,0,0,0,,,,
6582,-4,0,0,0,,,,
6584,-36.14,-301,2,5.205,,,,
6585,-51.87,0,0,-0.11,,,,
6588,-83.397,0,0,-0.844,,,,
6589,33.757,0,0,0,,,,
6590,-4,0,0,0,,,,
6591,13,0,0,0,,,,
6592,-355.7,-0.5,1.124,0.044,,,,
6593,3,0,0,0,,,,
6596,8,0,0,0.259,,,,
6597,-1,0,0,0,,,,
6598,-73,0,0,0,,,,
6603,192.763,0,0,-100.362,,,,
6605,-118,0,1.062,0,,,,
6606,26,0,0,0,,,,
6609,-24,0,0,-0.597,,,,
6612,-11,0,0,0,,,,
6613,73.208,0,0,8.287,,,,
6614,0,0,0,0,,,,
6615,15,0,0,0,,,,
6617,-30.835,0,0,0,,,,
6620,-246,0,1,-5.594,,,,
6625,-10.9,0,0.163,0,,,,
6637,4,0,0,0,,,,
6640,44.102,0,0,18.372,,,,
6641,4,0,0,0,,,,
6642,-14,0,0,0.106,,,,
6643,13.119,0,0,-2.86,,,,
6645,0,0,0,0,,,,
6649,-6,0,0,0.001,,,,
6651,109.342,0,0,7.034,,,,
6654,-3,0,0,-0.002,,,,
6655,2,0,0,0,,,,
6657,20,0,0,0,,,,
6658,339.908,0,-0.15,5.912,,,,
6664,239.443,2,3,14.637,,,,
6666,-5,0,0,0,,,,
6667,129.538,0,3,2.18,,,,
6668,-590.86,0,0,0,,,,
6669,428.889,-296.854,-16.3,62.864,,,,
6670,-28.96,9,-0.005,0,,,,
6671,-3,0,0,0,,,,
6672,-425.196,0,9,-4.706,,,,
6674,-15,0,0,0,,,,
6679,-7.9,0,1,-2.614,,,,
6680,-1,0,0,0,,,,
6683,-57.715,-98,-4.93,13.078,,,,
6684,3,0,0,0,,,,
6689,-74,0,0,0,,,,
6690,-33.545,0,0,0.092,,,,
6691,512.789,4,23,31.788,,,,
6693,293.395,0,-16,14.69,,,,
6695,24.477,0,0,0.602,,,,
6698,-73.033,0,0,0,,,,
6703,5,0,0,0,,,,
6706,-256.455,0,6,61.71,,,,
6708,51,0,-0.982,0,,,,
6712,106.015,0,-0.531,-0.542,,,,
6715,45.057,140,-1,4.917,,,,
6716,-19.985,0,3,10.003,,,,
6719,-193.778,0,0,30.993,,,,
6720,1,0,0,0.254,,,,
6721,-1,0,0,0,,,,
6722,16,0,0,0,,,,
6725,7.856,0,-6,0.001,,,,
6727,-26.96,0,1,-0.096,,,,
6728,2,0,0,0.107,,,,
6732,-6.68,0,0,-0.322,,,,
6733,-52,0,0,0.04,,,,
6735,3,0,0,-0.223,,,,
6739,-78.511,-50,0,5.907,,,,
6741,-106.89,0,0,-0.276,,,,
6742,168.218,0,1.003,0,,,,
6743,-148.802,0,0,0,,,,
6751,0,0,0,-0.783,,,,
6752,-3,0,0,0,,,,
6753,-116,0,0,-4.054,,,,
6754,-47,0,0,0,,,,
6756,-3,0,0.956,0,,,,
6757,-67.944,0,0,-19,,,,
6761,-9.978,0,0,1.775,,,,
6763,-30.489,0,0,-0.607,,,,
6768,-58,-1,0,-0.205,,,,
6770,-15614.027,33,132.445,-1738.646,,,,
6771,2,0,0,-4,,,,
6776,22,0,1,0,,,,
6781,15.14,0,-4,5.273,,,,
6782,-29.203,0,0.06,-21.378,,,,
6785,4,0,0.026,-0.026,,,,
6788,131.822,0,1,10.474,,,,
6789,207.462,1,0,-25.683,,,,
6790,-70,0,0,-0.058,,,,
6792,2,0,0,0,,,,
6794,-12,0,0,0,,,,
6796,-17,0,0,0,,,,
6799,77.176,0,0,0,,,,
6803,-14.997,0,0,-0.201,,,,
6804,7,0,0,0,,,,
6805,238.361,-577,3,8.314,,,,
6807,-1,0,0,0,,,,
6811,-18.909,0,0,5.941,,,,
6821,-310,0,0,-2.206,,,,
6823,-8,0,0,-0.64,,,,
6829,-60.798,0,0,-1.813,,,,
6830,-116.173,0,0,-1.609,,,,
6831,-97.371,0,-0.03,0.322,,,,
6834,-392.503,0,-38,-73.54,,,,
6835,-11,0,0,0,,,,
6838,-34.602,0,-1,0,,,,
6840,-30,0,0,0,,,,
6841,24.08,0,0,-1.74,,,,
6843,0,0,0,0,,,,
6854,-56.168,0,0,0.174,,,,
6859,11.362,0,0,0.299,,,,
6861,21.089,0,2,3.461,,,,
6862,2,0,0,-0.027,,,,
6863,-12,0,0.015,0,,,,
6865,1,0,0,0,,,,
6869,-181.888,0,1,-6.009,,,,
6870,10.069,0,0,2.194,,,,
6872,1,0,0,0,,,,
6873,-242,0,0,-2,,,,
6874,1,0,0,0,,,,
6875,-121,0,0,0.092,,,,
6877,105.938,0,0,1.248,,,,
6881,0,0,0,-1,,,,
6885,277,0,-3,0,,,,
6887,1,0,0,0,,,,
6890,1.845,0,0,0.329,,,,
6894,-13,0,-3,-4.894,,,,
6895,15,0,0,2.775,,,,
6899,2,0,0,0,,,,
6901,773.25,0,-12,0,,,,
6902,-38.955,0,0,0,,,,
6903,94.843,0,-0.13,43.954,,,,
6906,0.49,0,0,0,,,,
6907,281.148,0,-35,12.068,,,,
6908,3,0,0,6,,,,
6909,-152,0,0,0,,,,
6910,-4,0,0,0,,,,
6913,-63.91,0,-10,-1.002,,,,
6914,-11.13,0,0,0,,,,
6916,2,0,0,0,,,,
6918,0,0,0,0,,,,
6919,-544.566,0,0,-7,,,,
6921,3,0,0,-0.001,,,,
6922,-21,0,0,-9.6,,,,
6923,-10,0,0,0,,,,
6924,6,0,0,-0.46,,,,
6925,-44.94,0,0,0,,,,
6928,23,0,0,0,,,,
6929,-2,0,0,0,,,,
6931,-12,0,0,0,,,,
6933,194.203,0,-12,4.726,,,,
6934,-7,0,0,0,,,,
6936,6,0,0,0,,,,
6937,-35.564,0,0,-13.992,,,,
6944,171.981,0,3,12.638,,,,
6945,12.635,0,0,0,,,,
6947,46.102,0,0,0,,,,
6949,1054.35,0,-132,-12.283,,,,
6951,0,0,0,0,,,,
6952,2,0,0,0,,,,
6953,-82,0,0,-6.379,,,,
6955,2,0,0,2.784,,,,
6957,99.29,0,-5.965,0,,,,
6958,3,0,2,0,,,,
6961,-1,0,0,0,,,,
6962,873.867,0,0,2.974,,,,
6965,15,0,2,0,,,,
6967,38.542,0,0,0,,,,
6968,-1,0,0,0.001,,,,
6969,45,0,0,0.772,,,,
6971,0,0,0,0,,,,
6982,-1,0,0,-0.975,,,,
6983,-24,0,-2,1.089,,,,
6986,-28,0,-5,0,,,,
6988,5,0,-2,-2,,,,
6994,-938.872,0,-3.879,0.002,,,,
6996,-45,0,0,-0.062,,,,
7402,-22.445,0,0,-2.995,,,,
7547,-2,0,0,0,,,,
7556,30,0,-5,20.819,,,,
7584,0,0,-1,0,,,,
7610,125.313,0,1.945,10.649,,,,
7631,-31.068,0,2,7.228,,,,
7642,-3,0,0.324,0,,,,
7689,-27.92,0,0,0,,,,
7703,8.697,0,0,4.2,,,,
7704,-5,0,0,0,,,,
7705,5,0,0,0,,,,
7709,11,0,0,-0.273,,,,
7711,125.199,0,1.769,66.483,,,,
7712,84.987,0,-1,14.277,,,,
7713,-1,0,0,0,,,,
7714,-39.785,0,0,-0.416,,,,
7715,0,0,0,0,,,,
7717,104.284,0,-1.886,16.686,,,,
7718,4,0,0,0,,,,
7721,-3,0,0,0,,,,
7722,1.377,0,3,0,,,,
7723,24,0,0,0,,,,
7728,-1,0,0,1.931,,,,
7730,20,0,0,-0.26,,,,
7732,0,0,0,0,,,,
7734,0.867,0,1,-5.423,,,,
7736,31,0,0,0,,,,
7738,-4,0,0,0,,,,
7740,17.109,0,-0.05,-0.035,,,,
7743,9,0,0,0,,,,
7744,-0.021,0,0,-0.244,,,,
7749,26.838,0,0,-1.299,,,,
7750,-4.548,44,7.84,13.806,,,,
7751,8.008,0,0.782,4.199,,,,
7753,-3,0,0,0,,,,
7757,0,0,0,0,,,,
7760,3,0,0,0,,,,
7765,55,0,3,0,,,,
7767,-1,0,0,0,,,,
7768,-73.852,0,0,0,,,,
7769,-19.151,-2.021,0.91,7.828,,,,
7770,0,0,-5,0,,,,
7772,-50.246,0,-2,-0.001,,,,
7777,-515,0,0,-22.629,,,,
7780,-829.933,-0.5,0,-19.684,,,,
7786,93,0,-8,0,,,,
7788,656.057,0,12.046,54.018,,,,
7791,-4,0,0,0,,,,
7792,-15,0,0,4.623,,,,
7794,1,0,0,0,,,,
7795,245.926,0,-6.205,16.363,,,,
7799,46.118,0,5,0,,,,
7803,-2,0,0,2.707,,,,
7805,6.2,0,0,-0.461,,,,
7810,62.871,0,0,-15.03,,,,
7812,-14,0,-0.043,21,,,,
7814,2,0,-2,0,,,,
7818,25,0,0,0,,,,
7819,-1,0,0,0,,,,
7820,-1,0,0,0,,,,
7821,-0.46,0,0,0,,,,
7822,-1.813,0,0,-1.096,,,,
7823,10,0,0,0,,,,
7825,-103,0,-3.559,0,,,,
7827,25.1,0,0,0.198,,,,
7828,-28.737,0,0,0.065,,,,
7835,1,0,0,0,,,,
7839,-1,0,0,0,,,,
7855,70,0,0,0,,,,
7856,74.201,4,2,0,,,,
8011,177,0,0,0,,,,
8016,109.498,75,-0.903,-1.928,,,,
8021,983.796,35,3.805,-7,,,,
8024,-3,0,0,-0.383,,,,
8027,-909.124,0,0,-0.167,,,,
8028,-382.242,0,-7,-32.629,,,,
8032,-1,0,0,-0.554,,,,
8033,-91.571,0,0.758,0,,,,
8034,9.05,0,0,-0.883,,,,
8038,25,0,0,0,,,,
8039,-2067.648,-4,-777.002,210.775,,,,
8040,271,0,0,-5.474,,,,
8042,-483.352,0,0,-3.21,,,,
8043,80.224,0,-0.08,-9.202,,,,
8044,-234,0,0,0,,,,
8045,-17.95,0,0,0,,,,
8046,387.199,665.908,-54.1,-65.474,,,,
8047,-6,0,0,0,,,,
8048,-3.74,0,0,-0.5,,,,
8049,-45,0,0,0,,,,
8050,127.792,0,0,0.05,,,,
8054,-188.996,0,-1,0.449,,,,
8059,-6.2,0,0,0,,,,
8064,-54.625,0,2.001,-7.829,,,,
8066,0,0,0,0,,,,
8068,-20,0,0,-0.102,,,,
8069,-87.627,-6,64.778,68.155,,,,
8070,638.364,497,174,30.857,,,,
8071,-160,0,0,0,,,,
8072,1.09,0,0,0,,,,
8074,-801.92,0,-0.15,-29.922,,,,
8076,-351.333,0,0,-2.568,,,,
8080,0,0,0,0.351,,,,
8081,101.623,53,-0.05,4.8,,,,
8083,-5,0,0,0,,,,
8084,27,0,0,0,,,,
8085,63,0,0,-0.373,,,,
8086,-1479.898,0,58.561,209.616,,,,
8087,0,0,0,0,,,,
8088,-140,0,0,0.329,,,,
8089,-15,0,0,0,,,,
8091,-519.332,0,-8,-13.079,,,,
8092,-3,0,0,0,,,,
8093,-1,0,0,0,,,,
8096,414.41,0,0,-1.922,,,,
8097,9,0,0,0.043,,,,
8099,-13,0,0,0.001,,,,
8103,410.065,0,-90.359,32.901,,,,
8104,9,0,0,0,,,,
8105,-605.7,0,0,-3,,,,
8107,1,0,0,0.265,,,,
8109,-84.935,-5,14,-7.937,,,,
8110,-1296.414,0,-1,-192.606,,,,
8111,878.85,0,14,-37.253,,,,
8112,-1942.092,-10,-29,-10.772,,,,
8114,15.349,-1,0,-5,,,,
8121,-150.854,0,0,-40.014,,,,
8131,-68.127,0,0,-6.575,,,,
8147,-23.225,0,-18,-16.5,,,,
8150,-4588.932,396,179,-340.307,,,,
8155,187.026,0,-7,10.804,,,,
8162,-96.883,0,0,1.137,,,,
8163,-28.685,0,0.875,-15.749,,,,
8171,2,0,0,-0.398,,,,
8176,-10,0,0,0,,,,
8182,-101,0,0,-1.64,,,,
8201,-47.76,0,0,0,,,,
8210,-525.858,-324,12.224,46.935,,,,
8213,8.923,0,0,-0.15,,,,
8215,-383.185,-20,0,-12.439,,,,
8222,35,0,0,0,,,,
8227,-50,0,1.35,0.26,,,,
8234,7.199,0,0,-1,,,,
8240,-37.185,0,14,-95.527,,,,
8249,-123.217,0,0,0,,,,
8255,59.578,0,-0.116,-2.023,,,,
8261,12.935,0,-15,70.543,,,,
8271,-256.206,0,0,-7.779,,,,
8277,15,0,0,0,,,,
8279,-2,0,0,0,,,,
8284,-1,0,0,0,,,,
8289,-1139.96,0,3,-2.042,,,,
8299,330.925,22.4,1.2,18.667,,,,
8341,-62,0,-0.03,0,,,,
8349,-3,0,0,0,,,,
8354,1,0,0,0,,,,
8358,5007.395,96,724.741,271.864,,,,
8367,-1,0,0,0,,,,
8374,0.08,0,-6,-2.018,,,,
8383,115.525,0,1,42.42,,,,
8390,-305.578,0,0.847,2.267,,,,
8403,-8,0,0,0,,,,
8404,-17,0,-5,0,,,,
8410,3,0,0,0.113,,,,
8411,-19,0,-72,0,,,,
8415,-142,0,0,64.904,,,,
8421,-22,0,0,0,,,,
8422,-2094.67,0,-15,3,,,,
8424,-7,0,0,0,,,,
8426,11,0,0,0.024,,,,
8429,44,0,0,0,,,,
8431,66.802,0,0,3.019,,,,
8432,-1,0,0,-0.183,,,,
8433,3,0,0,0,,,,
8435,0,0,0,-0.135,,,,
8436,126,-1,-50,3.197,,,,
8437,-1,0,0,0,,,,
8438,-317,0,1,-0.499,,,,
8440,-1,0,0,0,,,,
8442,2,0,-1,0,,,,
8443,2,0,0,0,,,,
8446,0,0,0,-0.061,,,,
8450,2,0,0,0.342,,,,
8454,-195.747,0,-1,0.023,,,,
8462,-7.76,0,0.104,0,,,,
8463,7,0,1,0,,,,
8464,17.541,5,2,-0.022,,,,
8466,1,0,0,0,,,,
8467,1,0,0,0,,,,
8472,0,0,0,0,,,,
8473,180.219,0,0,0,,,,
8476,52,0,0,0,,,,
8478,2,0,0,0,,,,
8481,-1,0,0,0,,,,
8482,-2,0,0,0,,,,
8487,3,0,0,-0.402,,,,
8488,24,0,-5,0,,,,
8489,-9,0,0,0.371,,,,
8499,13,0,0,0.747,,,,
8908,3,0,0,0,,,,
8916,1,0,0,0.003,,,,
8917,1,0,0,0,,,,
8924,8,0,0,-0.503,,,,
8926,132.311,-16,0,-0.195,,,,
8927,-7,0,0,0,,,,
8928,3,0,0,0,,,,
8929,0,0,0,0,,,,
8930,-3,0,0,0,,,,
8931,-27.998,0,0,0,,,,
8932,127.08,0,314,-104.043,,,,
8933,-5,0,0,0,,,,
8935,-12,0,0,0,,,,
8936,341.194,-3,250,-27.076,,,,
8937,-64,0,0,0.239,,,,
8938,17,0,0.072,-0.38,,,,
8940,3,0,0,0,,,,
8941,1,0,0,0,,,,
8942,-109,0,0,-1.725,,,,
8996,601.842,-18,112.082,-18,,,,
9103,-377,0,0,-0.339,,,,
910322,-53,0,0,0,,,,
9105,-1847,0,0,-15.092,,,,
912000,-835,0,0,0,,,,
9136,7,0,0,-1.171,,,,
9802,-3.871,0,5,0,,,,
9902,-25,0,0,0,,,,
9904,-9676.359,-78,0.922,-54.88,,,,
9905,-1,0,0,0,,,,
9906,-6,0,0,0,,,,
9907,-149,-9,0,0,,,,
9908,5,0,0,0,,,,
9910,-1726.815,106,1.341,-7.408,,,,
9911,-31,0,0,0,,,,
9912,0,0,-1,0,,,,
9914,-1126.878,0,0,-6.176,,,,
9917,8.44,0,0,0,,,,
9918,-1,0,0,0,,,,
9919,122,0,0,0,,,,
9921,-90.065,0,2.856,-1.221,,,,
9924,15,0,0,0,,,,
9925,-443,0,0,1,,,,
9926,4,0,0,0,,,,
9927,-69,0,-6,0,,,,
9929,0,0,4,0,,,,
9930,-34,-1,0,-0.519,,,,
9931,4,0,0,0,,,,
9933,3958.657,-25.7,-813.913,0,,,,
9934,-583,0,0,0,,,,
9935,7,0,0,0,,,,
9937,4,0,0,0,,,,
9938,-270,-4,0,-0.88,,,,
9939,387.972,-2,-5.577,0,,,,
9940,-123,0,4,-0.01,,,,
9941,-428.652,-314.5,-83.721,0.231,,,,
9942,2.196,0,0,0,,,,
9943,-10,0,0,0,,,,
9944,-4,0,0,0,,,,
9945,-1984.599,40,6.834,66.873,,,,
9946,7,0,0,0,,,,
9949,1,0,0,0,,,,
9950,0,0,0,0,,,,
9951,-3,0,-14,0,,,,
9955,-53,0,0,0,,,,
9958,-520.238,0,0,-22.638,,,,
9960,-1,0,0,0,,,,
9962,-1,0,0,0,,,,
